scenario,zip_code,current_channel,state,model_channel,district,district_channels,rep,county,cbsa,place,district_name,m_rel,reason
ifa_mw_ksmoco_k2,63005,ifa,MO,IFA,IFA_02,IFA,,29189,41180,2979820,"IFA St. Louis, MO-IL",6.58219,
ifa_mw_ksmoco_k2,63010,ifa,MO,IFA,IFA_02,IFA,,29099,41180,2901972,"IFA St. Louis, MO-IL",0.312779,
ifa_mw_ksmoco_k2,63011,ifa,MO,IFA,IFA_02,IFA,,29189,41180,2903160,"IFA St. Louis, MO-IL",14.6795,
ifa_mw_ksmoco_k2,63012,ifa,MO,IFA,IFA_02,IFA,,29099,41180,2903394,"IFA St. Louis, MO-IL",0.0,no cell in the extract: territory at zero opportunity
ifa_mw_ksmoco_k2,63013,ifa,MO,IFA,IFA_02,IFA,,29071,41180,,"IFA St. Louis, MO-IL",0.0,no cell in the extract: territory at zero opportunity
ifa_mw_ksmoco_k2,63014,ifa,MO,IFA,IFA_02,IFA,,29071,41180,2904888,"IFA St. Louis, MO-IL",0.0,no cell in the extract: territory at zero opportunity
ifa_mw_ksmoco_k2,63015,ifa,MO,IFA,IFA_02,IFA,,29071,41180,2939503,"IFA St. Louis, MO-IL",0.0,no cell in the extract: territory at zero opportunity
ifa_mw_ksmoco_k2,63016,ifa,MO,IFA,IFA_02,IFA,,29099,41180,2939503,"IFA St. Louis, MO-IL",0.0,no cell in the extract: territory at zero opportunity
ifa_mw_ksmoco_k2,63017,ifa,MO,IFA,IFA_02,IFA,,29189,41180,2913600,"IFA St. Louis, MO-IL",112.342,
ifa_mw_ksmoco_k2,63019,ifa,MO,IFA,IFA_02,IFA,,29099,41180,2917632,"IFA St. Louis, MO-IL",0.0,no cell in the extract: territory at zero opportunity
ifa_mw_ksmoco_k2,63020,ifa,MO,IFA,IFA_02,IFA,,29099,41180,2919252,"IFA St. Louis, MO-IL",0.353617,
ifa_mw_ksmoco_k2,63021,ifa,MO,IFA,IFA_02,IFA,,29189,41180,2903160,"IFA St. Louis, MO-IL",10.1624,
ifa_mw_ksmoco_k2,63023,ifa,MO,IFA,IFA_02,IFA,,29099,41180,,"IFA St. Louis, MO-IL",0.0,no cell in the extract: territory at zero opportunity
ifa_mw_ksmoco_k2,63025,ifa,MO,IFA,IFA_02,IFA,,29189,41180,2922834,"IFA St. Louis, MO-IL",1.02822,
ifa_mw_ksmoco_k2,63026,ifa,MO,IFA,IFA_02,IFA,,29189,41180,2923950,"IFA St. Louis, MO-IL",0.0,no cell in the extract: territory at zero opportunity
ifa_mw_ksmoco_k2,63028,ifa,MO,IFA,IFA_02,IFA,,29099,41180,2924094,"IFA St. Louis, MO-IL",1.58409,
ifa_mw_ksmoco_k2,63030,ifa,MO,IFA,IFA_02,IFA,,29221,,,"IFA St. Louis, MO-IL",0.0,no cell in the extract: territory at zero opportunity
ifa_mw_ksmoco_k2,63031,ifa,MO,IFA,IFA_02,IFA,,29189,41180,2924778,"IFA St. Louis, MO-IL",0.598499,
ifa_mw_ksmoco_k2,63033,ifa,MO,IFA,IFA_02,IFA,,29189,41180,2924778,"IFA St. Louis, MO-IL",0.0,no cell in the extract: territory at zero opportunity
ifa_mw_ksmoco_k2,63034,ifa,MO,IFA,IFA_02,IFA,,29189,41180,2954352,"IFA St. Louis, MO-IL",0.0,no cell in the extract: territory at zero opportunity
ifa_mw_ksmoco_k2,63036,ifa,MO,IFA,IFA_02,IFA,,29187,22100,2927924,"IFA St. Louis, MO-IL",0.0,no cell in the extract: territory at zero opportunity
ifa_mw_ksmoco_k2,63037,ifa,MO,IFA,IFA_02,IFA,,29071,41180,2926866,"IFA St. Louis, MO-IL",0.0,no cell in the extract: territory at zero opportunity
ifa_mw_ksmoco_k2,63038,ifa,MO,IFA,IFA_02,IFA,,29189,41180,2979820,"IFA St. Louis, MO-IL",0.0,no cell in the extract: territory at zero opportunity
ifa_mw_ksmoco_k2,63039,ifa,MO,IFA,IFA_02,IFA,,29071,41180,2928918,"IFA St. Louis, MO-IL",0.0,no cell in the extract: territory at zero opportunity
ifa_mw_ksmoco_k2,63040,ifa,MO,IFA,IFA_02,IFA,,29189,41180,2979820,"IFA St. Louis, MO-IL",0.0641413,
ifa_mw_ksmoco_k2,63041,ifa,MO,IFA,IFA_02,IFA,,29071,41180,,"IFA St. Louis, MO-IL",0.0,no cell in the extract: territory at zero opportunity
ifa_mw_ksmoco_k2,63042,ifa,MO,IFA,IFA_02,IFA,,29189,41180,2931276,"IFA St. Louis, MO-IL",2.79977,
ifa_mw_ksmoco_k2,63043,ifa,MO,IFA,IFA_02,IFA,,29189,41180,2946586,"IFA St. Louis, MO-IL",0.717741,
ifa_mw_ksmoco_k2,63044,ifa,MO,IFA,IFA_02,IFA,,29189,41180,2908398,"IFA St. Louis, MO-IL",0.0,no cell in the extract: territory at zero opportunity
ifa_mw_ksmoco_k2,63045,ifa,MO,IFA,IFA_02,IFA,,29189,41180,2908398,"IFA St. Louis, MO-IL",0.0,no cell in the extract: territory at zero opportunity
ifa_mw_ksmoco_k2,63047,ifa,MO,IFA,IFA_02,IFA,,29099,41180,,"IFA St. Louis, MO-IL",0.0,no cell in the extract: territory at zero opportunity
ifa_mw_ksmoco_k2,63048,ifa,MO,IFA,IFA_02,IFA,,29099,41180,2931708,"IFA St. Louis, MO-IL",0.0,no cell in the extract: territory at zero opportunity
ifa_mw_ksmoco_k2,63049,ifa,MO,IFA,IFA_02,IFA,,29099,41180,2932140,"IFA St. Louis, MO-IL",0.0,no cell in the extract: territory at zero opportunity
ifa_mw_ksmoco_k2,63050,ifa,MO,IFA,IFA_02,IFA,,29099,41180,2932248,"IFA St. Louis, MO-IL",1.52385,
ifa_mw_ksmoco_k2,63051,ifa,MO,IFA,IFA_02,IFA,,29099,41180,2939503,"IFA St. Louis, MO-IL",0.0,no cell in the extract: territory at zero opportunity
ifa_mw_ksmoco_k2,63052,ifa,MO,IFA,IFA_02,IFA,,29099,41180,2934354,"IFA St. Louis, MO-IL",0.0,no cell in the extract: territory at zero opportunity
ifa_mw_ksmoco_k2,63053,ifa,MO,IFA,IFA_02,IFA,,29099,41180,2938684,"IFA St. Louis, MO-IL",0.0,no cell in the extract: territory at zero opportunity
ifa_mw_ksmoco_k2,63055,ifa,MO,IFA,IFA_02,IFA,,29071,41180,2928918,"IFA St. Louis, MO-IL",0.198863,
ifa_mw_ksmoco_k2,63056,ifa,MO,IFA,IFA_02,IFA,,29071,41180,2941690,"IFA St. Louis, MO-IL",0.0,no cell in the extract: territory at zero opportunity
ifa_mw_ksmoco_k2,63060,ifa,MO,IFA,IFA_02,IFA,,29071,41180,,"IFA St. Louis, MO-IL",0.0,no cell in the extract: territory at zero opportunity
ifa_mw_ksmoco_k2,63061,ifa,MO,IFA,IFA_02,IFA,,29071,41180,,"IFA St. Louis, MO-IL",0.0,no cell in the extract: territory at zero opportunity
ifa_mw_ksmoco_k2,63068,ifa,MO,IFA,IFA_02,IFA,,29071,41180,2951914,"IFA St. Louis, MO-IL",0.0,no cell in the extract: territory at zero opportunity
ifa_mw_ksmoco_k2,63069,ifa,MO,IFA,IFA_02,IFA,,29071,41180,2979820,"IFA St. Louis, MO-IL",0.0,no cell in the extract: territory at zero opportunity
ifa_mw_ksmoco_k2,63070,ifa,MO,IFA,IFA_02,IFA,,29099,41180,2957278,"IFA St. Louis, MO-IL",0.178976,
ifa_mw_ksmoco_k2,63071,ifa,MO,IFA,IFA_02,IFA,,29221,,,"IFA St. Louis, MO-IL",0.0,no cell in the extract: territory at zero opportunity
ifa_mw_ksmoco_k2,63072,ifa,MO,IFA,IFA_02,IFA,,29071,41180,,"IFA St. Louis, MO-IL",0.0,no cell in the extract: territory at zero opportunity
ifa_mw_ksmoco_k2,63073,ifa,MO,IFA,IFA_02,IFA,,29071,41180,2979820,"IFA St. Louis, MO-IL",14.3902,
ifa_mw_ksmoco_k2,63074,ifa,MO,IFA,IFA_02,IFA,,29189,41180,2963956,"IFA St. Louis, MO-IL",0.0,no cell in the extract: territory at zero opportunity
ifa_mw_ksmoco_k2,63077,ifa,MO,IFA,IFA_02,IFA,,29071,41180,2964136,"IFA St. Louis, MO-IL",0.0,no cell in the extract: territory at zero opportunity
ifa_mw_ksmoco_k2,63079,ifa,MO,IFA,IFA_02,IFA,,29071,41180,2970342,"IFA St. Louis, MO-IL",0.0,no cell in the extract: territory at zero opportunity
ifa_mw_ksmoco_k2,63080,ifa,MO,IFA,IFA_02,IFA,,29071,41180,2971440,"IFA St. Louis, MO-IL",0.0,no cell in the extract: territory at zero opportunity
ifa_mw_ksmoco_k2,63084,ifa,MO,IFA,IFA_02,IFA,,29071,41180,2974626,"IFA St. Louis, MO-IL",0.11504,
ifa_mw_ksmoco_k2,63087,ifa,MO,IFA,IFA_02,IFA,,29187,22100,,"IFA St. Louis, MO-IL",0.0,no cell in the extract: territory at zero opportunity
ifa_mw_ksmoco_k2,63088,ifa,MO,IFA,IFA_02,IFA,,29189,41180,2975472,"IFA St. Louis, MO-IL",0.0,no cell in the extract: territory at zero opportunity
ifa_mw_ksmoco_k2,63089,ifa,MO,IFA,IFA_02,IFA,,29071,41180,2976192,"IFA St. Louis, MO-IL",0.0,no cell in the extract: territory at zero opportunity
ifa_mw_ksmoco_k2,63090,ifa,MO,IFA,IFA_02,IFA,,29071,41180,2977416,"IFA St. Louis, MO-IL",4.30622,
ifa_mw_ksmoco_k2,63091,ifa,MO,IFA,IFA_02,IFA,,29073,,2963110,"IFA St. Louis, MO-IL",0.0,no cell in the extract: territory at zero opportunity
ifa_mw_ksmoco_k2,63101,ifa,MO,IFA,IFA_02,IFA,,29510,41180,2965000,"IFA St. Louis, MO-IL",0.00400739,
ifa_mw_ksmoco_k2,63102,ifa,MO,IFA,IFA_02,IFA,,29510,41180,2965000,"IFA St. Louis, MO-IL",0.0,no cell in the extract: territory at zero opportunity
ifa_mw_ksmoco_k2,63103,ifa,MO,IFA,IFA_02,IFA,,29510,41180,2965000,"IFA St. Louis, MO-IL",0.0,no cell in the extract: territory at zero opportunity
ifa_mw_ksmoco_k2,63104,ifa,MO,IFA,IFA_02,IFA,,29510,41180,2965000,"IFA St. Louis, MO-IL",0.0,no cell in the extract: territory at zero opportunity
ifa_mw_ksmoco_k2,63105,ifa,MO,IFA,IFA_02,IFA,,29189,41180,2914572,"IFA St. Louis, MO-IL",11.0804,
ifa_mw_ksmoco_k2,63106,ifa,MO,IFA,IFA_02,IFA,,29510,41180,2965000,"IFA St. Louis, MO-IL",0.0,no cell in the extract: territory at zero opportunity
ifa_mw_ksmoco_k2,63107,ifa,MO,IFA,IFA_02,IFA,,29510,41180,2965000,"IFA St. Louis, MO-IL",0.0,no cell in the extract: territory at zero opportunity
ifa_mw_ksmoco_k2,63108,ifa,MO,IFA,IFA_02,IFA,,29510,41180,2965000,"IFA St. Louis, MO-IL",0.0,no cell in the extract: territory at zero opportunity
ifa_mw_ksmoco_k2,63109,ifa,MO,IFA,IFA_02,IFA,,29510,41180,2965000,"IFA St. Louis, MO-IL",0.0,no cell in the extract: territory at zero opportunity
ifa_mw_ksmoco_k2,63110,ifa,MO,IFA,IFA_02,IFA,,29510,41180,2965000,"IFA St. Louis, MO-IL",47.7975,
ifa_mw_ksmoco_k2,63111,ifa,MO,IFA,IFA_02,IFA,,29510,41180,2965000,"IFA St. Louis, MO-IL",0.0,no cell in the extract: territory at zero opportunity
ifa_mw_ksmoco_k2,63112,ifa,MO,IFA,IFA_02,IFA,,29510,41180,2965000,"IFA St. Louis, MO-IL",0.0,no cell in the extract: territory at zero opportunity
ifa_mw_ksmoco_k2,63113,ifa,MO,IFA,IFA_02,IFA,,29510,41180,2965000,"IFA St. Louis, MO-IL",0.0,no cell in the extract: territory at zero opportunity
ifa_mw_ksmoco_k2,63114,ifa,MO,IFA,IFA_02,IFA,,29189,41180,2955550,"IFA St. Louis, MO-IL",0.0,no cell in the extract: territory at zero opportunity
ifa_mw_ksmoco_k2,63115,ifa,MO,IFA,IFA_02,IFA,,29510,41180,2965000,"IFA St. Louis, MO-IL",0.0,no cell in the extract: territory at zero opportunity
ifa_mw_ksmoco_k2,63116,ifa,MO,IFA,IFA_02,IFA,,29510,41180,2965000,"IFA St. Louis, MO-IL",0.0,no cell in the extract: territory at zero opportunity
ifa_mw_ksmoco_k2,63117,ifa,MO,IFA,IFA_02,IFA,,29189,41180,2961706,"IFA St. Louis, MO-IL",1.04625,
ifa_mw_ksmoco_k2,63118,ifa,MO,IFA,IFA_02,IFA,,29510,41180,2965000,"IFA St. Louis, MO-IL",1.71433,
ifa_mw_ksmoco_k2,63119,ifa,MO,IFA,IFA_02,IFA,,29189,41180,2978154,"IFA St. Louis, MO-IL",0.0,no cell in the extract: territory at zero opportunity
ifa_mw_ksmoco_k2,63120,ifa,MO,IFA,IFA_02,IFA,,29510,41180,2965000,"IFA St. Louis, MO-IL",0.0,no cell in the extract: territory at zero opportunity
ifa_mw_ksmoco_k2,63121,ifa,MO,IFA,IFA_02,IFA,,29189,41180,2952796,"IFA St. Louis, MO-IL",0.0,no cell in the extract: territory at zero opportunity
ifa_mw_ksmoco_k2,63122,ifa,MO,IFA,IFA_02,IFA,,29189,41180,2939044,"IFA St. Louis, MO-IL",11.3117,
ifa_mw_ksmoco_k2,63123,ifa,MO,IFA,IFA_02,IFA,,29189,41180,2900280,"IFA St. Louis, MO-IL",0.993693,
ifa_mw_ksmoco_k2,63124,ifa,MO,IFA,IFA_02,IFA,,29189,41180,2939656,"IFA St. Louis, MO-IL",11.369,
ifa_mw_ksmoco_k2,63125,ifa,MO,IFA,IFA_02,IFA,,29189,41180,2941438,"IFA St. Louis, MO-IL",0.0544828,
ifa_mw_ksmoco_k2,63126,ifa,MO,IFA,IFA_02,IFA,,29189,41180,2917218,"IFA St. Louis, MO-IL",0.0106912,
ifa_mw_ksmoco_k2,63127,ifa,MO,IFA,IFA_02,IFA,,29189,41180,2971746,"IFA St. Louis, MO-IL",22.4876,
ifa_mw_ksmoco_k2,63128,ifa,MO,IFA,IFA_02,IFA,,29189,41180,2916030,"IFA St. Louis, MO-IL",0.261777,
ifa_mw_ksmoco_k2,63129,ifa,MO,IFA,IFA_02,IFA,,29189,41180,2953876,"IFA St. Louis, MO-IL",2.99183,
ifa_mw_ksmoco_k2,63130,ifa,MO,IFA,IFA_02,IFA,,29189,41180,2975220,"IFA St. Louis, MO-IL",0.352552,
ifa_mw_ksmoco_k2,63131,ifa,MO,IFA,IFA_02,IFA,,29189,41180,2973618,"IFA St. Louis, MO-IL",34.2046,
ifa_mw_ksmoco_k2,63132,ifa,MO,IFA,IFA_02,IFA,,29189,41180,2954650,"IFA St. Louis, MO-IL",3.53716,
ifa_mw_ksmoco_k2,63133,ifa,MO,IFA,IFA_02,IFA,,29189,41180,2955964,"IFA St. Louis, MO-IL",0.0,no cell in the extract: territory at zero opportunity
ifa_mw_ksmoco_k2,63134,ifa,MO,IFA,IFA_02,IFA,,29189,41180,2904906,"IFA St. Louis, MO-IL",0.0,no cell in the extract: territory at zero opportunity
ifa_mw_ksmoco_k2,63135,ifa,MO,IFA,IFA_02,IFA,,29189,41180,2923986,"IFA St. Louis, MO-IL",0.0,no cell in the extract: territory at zero opportunity
ifa_mw_ksmoco_k2,63136,ifa,MO,IFA,IFA_02,IFA,,29189,41180,2937178,"IFA St. Louis, MO-IL",1.17473,
ifa_mw_ksmoco_k2,63137,ifa,MO,IFA,IFA_02,IFA,,29189,41180,2904222,"IFA St. Louis, MO-IL",0.0,no cell in the extract: territory at zero opportunity
ifa_mw_ksmoco_k2,63138,ifa,MO,IFA,IFA_02,IFA,,29189,41180,2969266,"IFA St. Louis, MO-IL",0.0,no cell in the extract: territory at zero opportunity
ifa_mw_ksmoco_k2,63139,ifa,MO,IFA,IFA_02,IFA,,29510,41180,2965000,"IFA St. Louis, MO-IL",0.00047727,
ifa_mw_ksmoco_k2,63140,ifa,MO,IFA,IFA_02,IFA,,29189,41180,2938972,"IFA St. Louis, MO-IL",0.0,no cell in the extract: territory at zero opportunity
ifa_mw_ksmoco_k2,63141,ifa,MO,IFA,IFA_02,IFA,,29189,41180,2917272,"IFA St. Louis, MO-IL",76.479,
ifa_mw_ksmoco_k2,63143,ifa,MO,IFA,IFA_02,IFA,,29189,41180,2945830,"IFA St. Louis, MO-IL",0.310825,
ifa_mw_ksmoco_k2,63144,ifa,MO,IFA,IFA_02,IFA,,29189,41180,2908236,"IFA St. Louis, MO-IL",6.17657,
ifa_mw_ksmoco_k2,63146,ifa,MO,IFA,IFA_02,IFA,,29189,41180,2946586,"IFA St. Louis, MO-IL",7.78412,
ifa_mw_ksmoco_k2,63147,ifa,MO,IFA,IFA_02,IFA,,29510,41180,2965000,"IFA St. Louis, MO-IL",0.0,no cell in the extract: territory at zero opportunity
ifa_mw_ksmoco_k2,63155,ifa,MO,IFA,IFA_02,IFA,,29510,41180,2965000,"IFA St. Louis, MO-IL",0.0,no cell in the extract: territory at zero opportunity
ifa_mw_ksmoco_k2,63301,ifa,MO,IFA,IFA_02,IFA,,29183,41180,2964082,"IFA St. Louis, MO-IL",10.7328,
ifa_mw_ksmoco_k2,63303,ifa,MO,IFA,IFA_02,IFA,,29183,41180,2964082,"IFA St. Louis, MO-IL",11.2197,
ifa_mw_ksmoco_k2,63304,ifa,MO,IFA,IFA_02,IFA,,29183,41180,2978314,"IFA St. Louis, MO-IL",8.12658,
ifa_mw_ksmoco_k2,63330,ifa,MO,IFA,IFA_02,IFA,,29163,,2901252,"IFA St. Louis, MO-IL",0.0,no cell in the extract: territory at zero opportunity
ifa_mw_ksmoco_k2,63332,ifa,MO,IFA,IFA_02,IFA,,29183,41180,2902512,"IFA St. Louis, MO-IL",0.0,no cell in the extract: territory at zero opportunity
ifa_mw_ksmoco_k2,63333,ifa,MO,IFA,IFA_02,IFA,,29139,,2904330,"IFA St. Louis, MO-IL",0.0,no cell in the extract: territory at zero opportunity
ifa_mw_ksmoco_k2,63334,ifa,MO,IFA,IFA_02,IFA,,29163,,2907660,"IFA St. Louis, MO-IL",0.0,no cell in the extract: territory at zero opportunity
ifa_mw_ksmoco_k2,63336,ifa,MO,IFA,IFA_02,IFA,,29163,,2914194,"IFA St. Louis, MO-IL",0.0,no cell in the extract: territory at zero opportunity
ifa_mw_ksmoco_k2,63339,ifa,MO,IFA,IFA_02,IFA,,29163,,2917902,"IFA St. Louis, MO-IL",0.0,no cell in the extract: territory at zero opportunity
ifa_mw_ksmoco_k2,63341,ifa,MO,IFA,IFA_02,IFA,,29183,41180,2918910,"IFA St. Louis, MO-IL",0.0,no cell in the extract: territory at zero opportunity
ifa_mw_ksmoco_k2,63343,ifa,MO,IFA,IFA_02,IFA,,29113,41180,2922114,"IFA St. Louis, MO-IL",0.634018,
ifa_mw_ksmoco_k2,63344,ifa,MO,IFA,IFA_02,IFA,,29163,,2922474,"IFA St. Louis, MO-IL",0.0,no cell in the extract: territory at zero opportunity
ifa_mw_ksmoco_k2,63345,ifa,MO,IFA,IFA_02,IFA,,29007,33020,2923662,"IFA St. Louis, MO-IL",0.0,no cell in the extract: territory at zero opportunity
ifa_mw_ksmoco_k2,63347,ifa,MO,IFA,IFA_02,IFA,,29113,41180,2924886,"IFA St. Louis, MO-IL",0.0,no cell in the extract: territory at zero opportunity
ifa_mw_ksmoco_k2,63348,ifa,MO,IFA,IFA_02,IFA,,29183,41180,2925120,"IFA St. Louis, MO-IL",0.0,no cell in the extract: territory at zero opportunity
ifa_mw_ksmoco_k2,63349,ifa,MO,IFA,IFA_02,IFA,,29113,41180,2931024,"IFA St. Louis, MO-IL",0.0,no cell in the extract: territory at zero opportunity
ifa_mw_ksmoco_k2,63350,ifa,MO,IFA,IFA_02,IFA,,29139,,2931996,"IFA St. Louis, MO-IL",0.0,no cell in the extract: territory at zero opportunity
ifa_mw_ksmoco_k2,63351,ifa,MO,IFA,IFA_02,IFA,,29219,41180,2937574,"IFA St. Louis, MO-IL",0.0,no cell in the extract: territory at zero opportunity
ifa_mw_ksmoco_k2,63352,ifa,MO,IFA,IFA_02,IFA,,29007,33020,2939602,"IFA St. Louis, MO-IL",0.0,no cell in the extract: territory at zero opportunity
ifa_mw_ksmoco_k2,63353,ifa,MO,IFA,IFA_02,IFA,,29163,,2944174,"IFA St. Louis, MO-IL",0.0,no cell in the extract: territory at zero opportunity
ifa_mw_ksmoco_k2,63357,ifa,MO,IFA,IFA_02,IFA,,29219,41180,2973127,"IFA St. Louis, MO-IL",0.0,no cell in the extract: territory at zero opportunity
ifa_mw_ksmoco_k2,63359,ifa,MO,IFA,IFA_02,IFA,,29163,,2947900,"IFA St. Louis, MO-IL",0.0,no cell in the extract: territory at zero opportunity
ifa_mw_ksmoco_k2,63361,ifa,MO,IFA,IFA_02,IFA,,29139,,2949574,"IFA St. Louis, MO-IL",0.0,no cell in the extract: territory at zero opportunity
ifa_mw_ksmoco_k2,63362,ifa,MO,IFA,IFA_02,IFA,,29113,41180,2950204,"IFA St. Louis, MO-IL",1.88375,
ifa_mw_ksmoco_k2,63363,ifa,MO,IFA,IFA_02,IFA,,29139,,2951770,"IFA St. Louis, MO-IL",0.0,no cell in the extract: territory at zero opportunity
ifa_mw_ksmoco_k2,63365,ifa,MO,IFA,IFA_02,IFA,,29183,41180,2952148,"IFA St. Louis, MO-IL",0.0,no cell in the extract: territory at zero opportunity
ifa_mw_ksmoco_k2,63366,ifa,MO,IFA,IFA_02,IFA,,29183,41180,2954074,"IFA St. Louis, MO-IL",0.217453,
ifa_mw_ksmoco_k2,63367,ifa,MO,IFA,IFA_02,IFA,,29183,41180,2940043,"IFA St. Louis, MO-IL",19.5684,
ifa_mw_ksmoco_k2,63368,ifa,MO,IFA,IFA_02,IFA,,29183,41180,2954074,"IFA St. Louis, MO-IL",0.0549704,
ifa_mw_ksmoco_k2,63369,ifa,MO,IFA,IFA_02,IFA,,29113,41180,2954416,"IFA St. Louis, MO-IL",0.47727,
ifa_mw_ksmoco_k2,63373,ifa,MO,IFA,IFA_02,IFA,,29183,41180,2959150,"IFA St. Louis, MO-IL",0.0,no cell in the extract: territory at zero opportunity
ifa_mw_ksmoco_k2,63376,ifa,MO,IFA,IFA_02,IFA,,29183,41180,2965126,"IFA St. Louis, MO-IL",7.32642,
ifa_mw_ksmoco_k2,63377,ifa,MO,IFA,IFA_02,IFA,,29113,41180,2967808,"IFA St. Louis, MO-IL",0.0,no cell in the extract: territory at zero opportunity
ifa_mw_ksmoco_k2,63379,ifa,MO,IFA,IFA_02,IFA,,29113,41180,2973942,"IFA St. Louis, MO-IL",0.928994,
ifa_mw_ksmoco_k2,63380,ifa,MO,IFA,IFA_02,IFA,,29219,41180,2973978,"IFA St. Louis, MO-IL",0.0,no cell in the extract: territory at zero opportunity
ifa_mw_ksmoco_k2,63381,ifa,MO,IFA,IFA_02,IFA,,29219,41180,2974014,"IFA St. Louis, MO-IL",0.0,no cell in the extract: territory at zero opportunity
ifa_mw_ksmoco_k2,63382,ifa,MO,IFA,IFA_02,IFA,,29007,33020,2975688,"IFA St. Louis, MO-IL",0.0,no cell in the extract: territory at zero opportunity
ifa_mw_ksmoco_k2,63383,ifa,MO,IFA,IFA_02,IFA,,29219,41180,2977128,"IFA St. Louis, MO-IL",0.0,no cell in the extract: territory at zero opportunity
ifa_mw_ksmoco_k2,63384,ifa,MO,IFA,IFA_02,IFA,,29139,,2978406,"IFA St. Louis, MO-IL",0.0,no cell in the extract: territory at zero opportunity
ifa_mw_ksmoco_k2,63385,ifa,MO,IFA,IFA_02,IFA,,29183,41180,2978442,"IFA St. Louis, MO-IL",0.75037,
ifa_mw_ksmoco_k2,63386,ifa,MO,IFA,IFA_02,IFA,,29183,41180,2978514,"IFA St. Louis, MO-IL",0.0,no cell in the extract: territory at zero opportunity
ifa_mw_ksmoco_k2,63387,ifa,MO,IFA,IFA_02,IFA,,29113,41180,2979558,"IFA St. Louis, MO-IL",0.0,no cell in the extract: territory at zero opportunity
ifa_mw_ksmoco_k2,63388,ifa,MO,IFA,IFA_02,IFA,,29027,27620,,"IFA St. Louis, MO-IL",0.0,no cell in the extract: territory at zero opportunity
ifa_mw_ksmoco_k2,63389,ifa,MO,IFA,IFA_02,IFA,,29113,41180,2980422,"IFA St. Louis, MO-IL",0.0,no cell in the extract: territory at zero opportunity
ifa_mw_ksmoco_k2,63390,ifa,MO,IFA,IFA_02,IFA,,29219,41180,2935240,"IFA St. Louis, MO-IL",0.0,no cell in the extract: territory at zero opportunity
ifa_mw_ksmoco_k2,63401,ifa,MO,IFA,IFA_02,IFA,,29127,25300,2930214,"IFA St. Louis, MO-IL",1.24556,
ifa_mw_ksmoco_k2,63430,ifa,MO,IFA,IFA_02,IFA,,29045,,2964244,"IFA St. Louis, MO-IL",0.0,no cell in the extract: territory at zero opportunity
ifa_mw_ksmoco_k2,63431,ifa,MO,IFA,IFA_02,IFA,,29121,,,"IFA St. Louis, MO-IL",0.0,no cell in the extract: territory at zero opportunity
ifa_mw_ksmoco_k2,63432,ifa,MO,IFA,IFA_02,IFA,,29199,,2928360,"IFA St. Louis, MO-IL",0.0,no cell in the extract: territory at zero opportunity
ifa_mw_ksmoco_k2,63433,ifa,MO,IFA,IFA_02,IFA,,29163,,2902152,"IFA St. Louis, MO-IL",0.0,no cell in the extract: territory at zero opportunity
ifa_mw_ksmoco_k2,63434,ifa,MO,IFA,IFA_02,IFA,,29205,,2905104,"IFA St. Louis, MO-IL",0.0,no cell in the extract: territory at zero opportunity
ifa_mw_ksmoco_k2,63435,ifa,MO,IFA,IFA_02,IFA,,29111,39500,2911134,"IFA St. Louis, MO-IL",0.0,no cell in the extract: territory at zero opportunity
ifa_mw_ksmoco_k2,63436,ifa,MO,IFA,IFA_02,IFA,,29173,25300,2912592,"IFA St. Louis, MO-IL",0.0,no cell in the extract: territory at zero opportunity
ifa_mw_ksmoco_k2,63437,ifa,MO,IFA,IFA_02,IFA,,29205,,2913978,"IFA St. Louis, MO-IL",0.0,no cell in the extract: territory at zero opportunity
ifa_mw_ksmoco_k2,63438,ifa,MO,IFA,IFA_02,IFA,,29111,39500,,"IFA St. Louis, MO-IL",0.0,no cell in the extract: territory at zero opportunity
ifa_mw_ksmoco_k2,63439,ifa,MO,IFA,IFA_02,IFA,,29205,,,"IFA St. Louis, MO-IL",0.0,no cell in the extract: territory at zero opportunity
ifa_mw_ksmoco_k2,63440,ifa,MO,IFA,IFA_02,IFA,,29111,39500,2923032,"IFA St. Louis, MO-IL",0.0,no cell in the extract: territory at zero opportunity
ifa_mw_ksmoco_k2,63441,ifa,MO,IFA,IFA_02,IFA,,29163,,2925552,"IFA St. Louis, MO-IL",0.0,no cell in the extract: territory at zero opportunity
ifa_mw_ksmoco_k2,63443,ifa,MO,IFA,IFA_02,IFA,,29137,,2933760,"IFA St. Louis, MO-IL",0.0,no cell in the extract: territory at zero opportunity
ifa_mw_ksmoco_k2,63445,ifa,MO,IFA,IFA_02,IFA,,29045,,2937790,"IFA St. Louis, MO-IL",0.0,no cell in the extract: territory at zero opportunity
ifa_mw_ksmoco_k2,63446,ifa,MO,IFA,IFA_02,IFA,,29103,,2939278,"IFA St. Louis, MO-IL",0.0,no cell in the extract: territory at zero opportunity
ifa_mw_ksmoco_k2,63447,ifa,MO,IFA,IFA_02,IFA,,29111,39500,2939512,"IFA St. Louis, MO-IL",0.0,no cell in the extract: territory at zero opportunity
ifa_mw_ksmoco_k2,63448,ifa,MO,IFA,IFA_02,IFA,,29111,39500,2939764,"IFA St. Louis, MO-IL",0.0,no cell in the extract: territory at zero opportunity
ifa_mw_ksmoco_k2,63450,ifa,MO,IFA,IFA_02,IFA,,29205,,,"IFA St. Louis, MO-IL",0.0,no cell in the extract: territory at zero opportunity
ifa_mw_ksmoco_k2,63451,ifa,MO,IFA,IFA_02,IFA,,29205,,2941546,"IFA St. Louis, MO-IL",0.0,no cell in the extract: territory at zero opportunity
ifa_mw_ksmoco_k2,63452,ifa,MO,IFA,IFA_02,IFA,,29111,39500,2941852,"IFA St. Louis, MO-IL",0.0,no cell in the extract: territory at zero opportunity
ifa_mw_ksmoco_k2,63453,ifa,MO,IFA,IFA_02,IFA,,29045,,2944516,"IFA St. Louis, MO-IL",0.0,no cell in the extract: territory at zero opportunity
ifa_mw_ksmoco_k2,63454,ifa,MO,IFA,IFA_02,IFA,,29127,25300,,"IFA St. Louis, MO-IL",0.0,no cell in the extract: territory at zero opportunity
ifa_mw_ksmoco_k2,63456,ifa,MO,IFA,IFA_02,IFA,,29127,25300,2949394,"IFA St. Louis, MO-IL",0.0,no cell in the extract: territory at zero opportunity
ifa_mw_ksmoco_k2,63457,ifa,MO,IFA,IFA_02,IFA,,29111,39500,2949592,"IFA St. Louis, MO-IL",0.0,no cell in the extract: territory at zero opportunity
ifa_mw_ksmoco_k2,63458,ifa,MO,IFA,IFA_02,IFA,,29103,,2951662,"IFA St. Louis, MO-IL",0.0,no cell in the extract: territory at zero opportunity
ifa_mw_ksmoco_k2,63459,ifa,MO,IFA,IFA_02,IFA,,29173,25300,2952058,"IFA St. Louis, MO-IL",0.0,no cell in the extract: territory at zero opportunity
ifa_mw_ksmoco_k2,63460,ifa,MO,IFA,IFA_02,IFA,,29103,,2958574,"IFA St. Louis, MO-IL",0.0,no cell in the extract: territory at zero opportunity
ifa_mw_ksmoco_k2,63461,ifa,MO,IFA,IFA_02,IFA,,29127,25300,2956036,"IFA St. Louis, MO-IL",0.0,no cell in the extract: territory at zero opportunity
ifa_mw_ksmoco_k2,63462,ifa,MO,IFA,IFA_02,IFA,,29173,25300,2957080,"IFA St. Louis, MO-IL",0.0,no cell in the extract: territory at zero opportunity
ifa_mw_ksmoco_k2,63463,ifa,MO,IFA,IFA_02,IFA,,29127,25300,2957350,"IFA St. Louis, MO-IL",0.0,no cell in the extract: territory at zero opportunity
ifa_mw_ksmoco_k2,63465,ifa,MO,IFA,IFA_02,IFA,,29045,,2964244,"IFA St. Louis, MO-IL",0.0,no cell in the extract: territory at zero opportunity
ifa_mw_ksmoco_k2,63466,ifa,MO,IFA,IFA_02,IFA,,29045,,,"IFA St. Louis, MO-IL",0.0,no cell in the extract: territory at zero opportunity
ifa_mw_ksmoco_k2,63467,ifa,MO,IFA,IFA_02,IFA,,29173,25300,2966062,"IFA St. Louis, MO-IL",0.0,no cell in the extract: territory at zero opportunity
ifa_mw_ksmoco_k2,63468,ifa,MO,IFA,IFA_02,IFA,,29205,,2967178,"IFA St. Louis, MO-IL",0.0,no cell in the extract: territory at zero opportunity
ifa_mw_ksmoco_k2,63469,ifa,MO,IFA,IFA_02,IFA,,29205,,2958574,"IFA St. Louis, MO-IL",0.0,no cell in the extract: territory at zero opportunity
ifa_mw_ksmoco_k2,63471,ifa,MO,IFA,IFA_02,IFA,,29127,25300,,"IFA St. Louis, MO-IL",0.0,no cell in the extract: territory at zero opportunity
ifa_mw_ksmoco_k2,63472,ifa,MO,IFA,IFA_02,IFA,,29045,,2977920,"IFA St. Louis, MO-IL",0.0,no cell in the extract: territory at zero opportunity
ifa_mw_ksmoco_k2,63473,ifa,MO,IFA,IFA_02,IFA,,29111,39500,2980008,"IFA St. Louis, MO-IL",0.0,no cell in the extract: territory at zero opportunity
ifa_mw_ksmoco_k2,63474,ifa,MO,IFA,IFA_02,IFA,,29045,,2981142,"IFA St. Louis, MO-IL",0.0,no cell in the extract: territory at zero opportunity
ifa_mw_ksmoco_k2,63501,ifa,MO,IFA,IFA_02,IFA,,29001,28860,2939026,"IFA St. Louis, MO-IL",5.53095,
ifa_mw_ksmoco_k2,63530,ifa,MO,IFA,IFA_02,IFA,,29121,,2902422,"IFA St. Louis, MO-IL",0.0,no cell in the extract: territory at zero opportunity
ifa_mw_ksmoco_k2,63531,ifa,MO,IFA,IFA_02,IFA,,29103,,2903322,"IFA St. Louis, MO-IL",0.0,no cell in the extract: territory at zero opportunity
ifa_mw_ksmoco_k2,63532,ifa,MO,IFA,IFA_02,IFA,,29121,,2905266,"IFA St. Louis, MO-IL",0.0,no cell in the extract: territory at zero opportunity
ifa_mw_ksmoco_k2,63533,ifa,MO,IFA,IFA_02,IFA,,29001,28860,2908002,"IFA St. Louis, MO-IL",0.0,no cell in the extract: territory at zero opportunity
ifa_mw_ksmoco_k2,63534,ifa,MO,IFA,IFA_02,IFA,,29121,,2910486,"IFA St. Louis, MO-IL",0.0,no cell in the extract: territory at zero opportunity
ifa_mw_ksmoco_k2,63535,ifa,MO,IFA,IFA_02,IFA,,29197,28860,,"IFA St. Louis, MO-IL",0.0,no cell in the extract: territory at zero opportunity
ifa_mw_ksmoco_k2,63536,ifa,MO,IFA,IFA_02,IFA,,29197,28860,2919990,"IFA St. Louis, MO-IL",0.0,no cell in the extract: territory at zero opportunity
ifa_mw_ksmoco_k2,63537,ifa,MO,IFA,IFA_02,IFA,,29103,,2921322,"IFA St. Louis, MO-IL",0.0,no cell in the extract: territory at zero opportunity
ifa_mw_ksmoco_k2,63538,ifa,MO,IFA,IFA_02,IFA,,29121,,2921988,"IFA St. Louis, MO-IL",0.0,no cell in the extract: territory at zero opportunity
ifa_mw_ksmoco_k2,63539,ifa,MO,IFA,IFA_02,IFA,,29121,,2922672,"IFA St. Louis, MO-IL",0.0,no cell in the extract: territory at zero opportunity
ifa_mw_ksmoco_k2,63540,ifa,MO,IFA,IFA_02,IFA,,29001,28860,2926920,"IFA St. Louis, MO-IL",0.0,no cell in the extract: territory at zero opportunity
ifa_mw_ksmoco_k2,63541,ifa,MO,IFA,IFA_02,IFA,,29197,28860,2927514,"IFA St. Louis, MO-IL",0.0,no cell in the extract: territory at zero opportunity
ifa_mw_ksmoco_k2,63543,ifa,MO,IFA,IFA_02,IFA,,29199,,2968870,"IFA St. Louis, MO-IL",0.0,no cell in the extract: territory at zero opportunity
ifa_mw_ksmoco_k2,63544,ifa,MO,IFA,IFA_02,IFA,,29001,28860,2929116,"IFA St. Louis, MO-IL",0.0,no cell in the extract: territory at zero opportunity
ifa_mw_ksmoco_k2,63545,ifa,MO,IFA,IFA_02,IFA,,29211,,2929134,"IFA St. Louis, MO-IL",0.0,no cell in the extract: territory at zero opportunity
ifa_mw_ksmoco_k2,63546,ifa,MO,IFA,IFA_02,IFA,,29001,28860,2929422,"IFA St. Louis, MO-IL",0.0,no cell in the extract: territory at zero opportunity
ifa_mw_ksmoco_k2,63547,ifa,MO,IFA,IFA_02,IFA,,29103,,2933904,"IFA St. Louis, MO-IL",0.0,no cell in the extract: territory at zero opportunity
ifa_mw_ksmoco_k2,63548,ifa,MO,IFA,IFA_02,IFA,,29197,28860,2940610,"IFA St. Louis, MO-IL",0.0,no cell in the extract: territory at zero opportunity
ifa_mw_ksmoco_k2,63549,ifa,MO,IFA,IFA_02,IFA,,29121,,2940682,"IFA St. Louis, MO-IL",0.0,no cell in the extract: territory at zero opportunity
ifa_mw_ksmoco_k2,63551,ifa,MO,IFA,IFA_02,IFA,,29171,,2943454,"IFA St. Louis, MO-IL",0.0,no cell in the extract: territory at zero opportunity
ifa_mw_ksmoco_k2,63552,ifa,MO,IFA,IFA_02,IFA,,29121,,2945326,"IFA St. Louis, MO-IL",0.0,no cell in the extract: territory at zero opportunity
ifa_mw_ksmoco_k2,63555,ifa,MO,IFA,IFA_02,IFA,,29199,,2947270,"IFA St. Louis, MO-IL",0.0,no cell in the extract: territory at zero opportunity
ifa_mw_ksmoco_k2,63556,ifa,MO,IFA,IFA_02,IFA,,29211,,2948062,"IFA St. Louis, MO-IL",0.0,no cell in the extract: territory at zero opportunity
ifa_mw_ksmoco_k2,63557,ifa,MO,IFA,IFA_02,IFA,,29115,,,"IFA St. Louis, MO-IL",0.0,no cell in the extract: territory at zero opportunity
ifa_mw_ksmoco_k2,63558,ifa,MO,IFA,IFA_02,IFA,,29121,,2951734,"IFA St. Louis, MO-IL",0.0,no cell in the extract: territory at zero opportunity
ifa_mw_ksmoco_k2,63559,ifa,MO,IFA,IFA_02,IFA,,29001,28860,2953534,"IFA St. Louis, MO-IL",0.0,no cell in the extract: territory at zero opportunity
ifa_mw_ksmoco_k2,63560,ifa,MO,IFA,IFA_02,IFA,,29211,,2958898,"IFA St. Louis, MO-IL",0.0,no cell in the extract: territory at zero opportunity
ifa_mw_ksmoco_k2,63561,ifa,MO,IFA,IFA_02,IFA,,29197,28860,2960356,"IFA St. Louis, MO-IL",0.0,no cell in the extract: territory at zero opportunity
ifa_mw_ksmoco_k2,63563,ifa,MO,IFA,IFA_02,IFA,,29103,,2963776,"IFA St. Louis, MO-IL",0.0,no cell in the extract: territory at zero opportunity
ifa_mw_ksmoco_k2,63565,ifa,MO,IFA,IFA_02,IFA,,29171,,2975166,"IFA St. Louis, MO-IL",0.0,no cell in the extract: territory at zero opportunity
ifa_mw_ksmoco_k2,63566,ifa,MO,IFA,IFA_02,IFA,,29115,,2980440,"IFA St. Louis, MO-IL",0.0,no cell in the extract: territory at zero opportunity
ifa_mw_ksmoco_k2,63567,ifa,MO,IFA,IFA_02,IFA,,29171,,2981106,"IFA St. Louis, MO-IL",0.0,no cell in the extract: territory at zero opportunity
ifa_mw_ksmoco_k2,63601,ifa,MO,IFA,IFA_02,IFA,,29187,22100,2956272,"IFA St. Louis, MO-IL",1.22236,
ifa_mw_ksmoco_k2,63620,ifa,MO,IFA,IFA_02,IFA,,29093,,2901270,"IFA St. Louis, MO-IL",0.0,no cell in the extract: territory at zero opportunity
ifa_mw_ksmoco_k2,63621,ifa,MO,IFA,IFA_02,IFA,,29093,,2901648,"IFA St. Louis, MO-IL",0.0,no cell in the extract: territory at zero opportunity
ifa_mw_ksmoco_k2,63622,ifa,MO,IFA,IFA_02,IFA,,29221,,,"IFA St. Louis, MO-IL",0.0,no cell in the extract: territory at zero opportunity
ifa_mw_ksmoco_k2,63623,ifa,MO,IFA,IFA_02,IFA,,29093,,,"IFA St. Louis, MO-IL",0.0,no cell in the extract: territory at zero opportunity
ifa_mw_ksmoco_k2,63624,ifa,MO,IFA,IFA_02,IFA,,29187,22100,2935450,"IFA St. Louis, MO-IL",0.0,no cell in the extract: territory at zero opportunity
ifa_mw_ksmoco_k2,63625,ifa,MO,IFA,IFA_02,IFA,,29179,,,"IFA St. Louis, MO-IL",0.0,no cell in the extract: territory at zero opportunity
ifa_mw_ksmoco_k2,63626,ifa,MO,IFA,IFA_02,IFA,,29221,,,"IFA St. Louis, MO-IL",0.0,no cell in the extract: territory at zero opportunity
ifa_mw_ksmoco_k2,63627,ifa,MO,IFA,IFA_02,IFA,,29186,,2906454,"IFA St. Louis, MO-IL",0.0,no cell in the extract: territory at zero opportunity
ifa_mw_ksmoco_k2,63628,ifa,MO,IFA,IFA_02,IFA,,29187,22100,2972772,"IFA St. Louis, MO-IL",1.22994,
ifa_mw_ksmoco_k2,63629,ifa,MO,IFA,IFA_02,IFA,,29203,,2909694,"IFA St. Louis, MO-IL",0.0,no cell in the extract: territory at zero opportunity
ifa_mw_ksmoco_k2,63630,ifa,MO,IFA,IFA_02,IFA,,29221,,,"IFA St. Louis, MO-IL",0.0,no cell in the extract: territory at zero opportunity
ifa_mw_ksmoco_k2,63631,ifa,MO,IFA,IFA_02,IFA,,29221,,2910432,"IFA St. Louis, MO-IL",0.0,no cell in the extract: territory at zero opportunity
ifa_mw_ksmoco_k2,63633,ifa,MO,IFA,IFA_02,IFA,,29179,,2912718,"IFA St. Louis, MO-IL",0.0,no cell in the extract: territory at zero opportunity
ifa_mw_ksmoco_k2,63636,ifa,MO,IFA,IFA_02,IFA,,29093,,2919198,"IFA St. Louis, MO-IL",0.0,no cell in the extract: territory at zero opportunity
ifa_mw_ksmoco_k2,63637,ifa,MO,IFA,IFA_02,IFA,,29187,22100,2919684,"IFA St. Louis, MO-IL",0.0,no cell in the extract: territory at zero opportunity
ifa_mw_ksmoco_k2,63638,ifa,MO,IFA,IFA_02,IFA,,29179,,2921844,"IFA St. Louis, MO-IL",0.0,no cell in the extract: territory at zero opportunity
ifa_mw_ksmoco_k2,63640,ifa,MO,IFA,IFA_02,IFA,,29187,22100,2923752,"IFA St. Louis, MO-IL",5.86585,
ifa_mw_ksmoco_k2,63645,ifa,MO,IFA,IFA_02,IFA,,29123,,2925768,"IFA St. Louis, MO-IL",0.0,no cell in the extract: territory at zero opportunity
ifa_mw_ksmoco_k2,63648,ifa,MO,IFA,IFA_02,IFA,,29221,,2935396,"IFA St. Louis, MO-IL",0.0,no cell in the extract: territory at zero opportunity
ifa_mw_ksmoco_k2,63650,ifa,MO,IFA,IFA_02,IFA,,29093,,2935468,"IFA St. Louis, MO-IL",0.0,no cell in the extract: territory at zero opportunity
ifa_mw_ksmoco_k2,63653,ifa,MO,IFA,IFA_02,IFA,,29187,22100,2941078,"IFA St. Louis, MO-IL",0.0,no cell in the extract: territory at zero opportunity
ifa_mw_ksmoco_k2,63654,ifa,MO,IFA,IFA_02,IFA,,29179,,,"IFA St. Louis, MO-IL",0.0784954,
ifa_mw_ksmoco_k2,63655,ifa,MO,IFA,IFA_02,IFA,,29123,,2946244,"IFA St. Louis, MO-IL",0.0,no cell in the extract: territory at zero opportunity
ifa_mw_ksmoco_k2,63656,ifa,MO,IFA,IFA_02,IFA,,29093,,,"IFA St. Louis, MO-IL",0.0,no cell in the extract: territory at zero opportunity
ifa_mw_ksmoco_k2,63660,ifa,MO,IFA,IFA_02,IFA,,29221,,2959330,"IFA St. Louis, MO-IL",0.0,no cell in the extract: territory at zero opportunity
ifa_mw_ksmoco_k2,63662,ifa,MO,IFA,IFA_02,IFA,,29017,16020,,"IFA St. Louis, MO-IL",0.0,no cell in the extract: territory at zero opportunity
ifa_mw_ksmoco_k2,63663,ifa,MO,IFA,IFA_02,IFA,,29093,,2957656,"IFA St. Louis, MO-IL",0.0,no cell in the extract: territory at zero opportunity
ifa_mw_ksmoco_k2,63664,ifa,MO,IFA,IFA_02,IFA,,29221,,2959330,"IFA St. Louis, MO-IL",0.0,no cell in the extract: territory at zero opportunity
ifa_mw_ksmoco_k2,63665,ifa,MO,IFA,IFA_02,IFA,,29179,,,"IFA St. Louis, MO-IL",0.0,no cell in the extract: territory at zero opportunity
ifa_mw_ksmoco_k2,63670,ifa,MO,IFA,IFA_02,IFA,,29186,,2928860,"IFA St. Louis, MO-IL",1.78699,
ifa_mw_ksmoco_k2,63673,ifa,MO,IFA,IFA_02,IFA,,29186,,2955892,"IFA St. Louis, MO-IL",0.0,no cell in the extract: territory at zero opportunity
ifa_mw_ksmoco_k2,63674,ifa,MO,IFA,IFA_02,IFA,,29221,,,"IFA St. Louis, MO-IL",0.0,no cell in the extract: territory at zero opportunity
ifa_mw_ksmoco_k2,63675,ifa,MO,IFA,IFA_02,IFA,,29093,,,"IFA St. Louis, MO-IL",0.0,no cell in the extract: territory at zero opportunity
ifa_mw_ksmoco_k2,63701,ifa,MO,IFA,IFA_02,IFA,,29031,16020,2911242,"IFA St. Louis, MO-IL",7.78177,
ifa_mw_ksmoco_k2,63703,ifa,MO,IFA,IFA_02,IFA,,29031,16020,2911242,"IFA St. Louis, MO-IL",0.936619,
ifa_mw_ksmoco_k2,63730,ifa,MO,IFA,IFA_02,IFA,,29207,,2900262,"IFA St. Louis, MO-IL",0.0,no cell in the extract: territory at zero opportunity
ifa_mw_ksmoco_k2,63732,ifa,MO,IFA,IFA_02,IFA,,29157,,2900928,"IFA St. Louis, MO-IL",0.0,no cell in the extract: territory at zero opportunity
ifa_mw_ksmoco_k2,63735,ifa,MO,IFA,IFA_02,IFA,,29207,,2904132,"IFA St. Louis, MO-IL",0.0,no cell in the extract: territory at zero opportunity
ifa_mw_ksmoco_k2,63736,ifa,MO,IFA,IFA_02,IFA,,29201,43460,2904798,"IFA St. Louis, MO-IL",0.0,no cell in the extract: territory at zero opportunity
ifa_mw_ksmoco_k2,63738,ifa,MO,IFA,IFA_02,IFA,,29207,,,"IFA St. Louis, MO-IL",0.0,no cell in the extract: territory at zero opportunity
ifa_mw_ksmoco_k2,63739,ifa,MO,IFA,IFA_02,IFA,,29031,16020,2909784,"IFA St. Louis, MO-IL",0.0,no cell in the extract: territory at zero opportunity
ifa_mw_ksmoco_k2,63740,ifa,MO,IFA,IFA_02,IFA,,29201,43460,2912988,"IFA St. Louis, MO-IL",0.0,no cell in the extract: territory at zero opportunity
ifa_mw_ksmoco_k2,63742,ifa,MO,IFA,IFA_02,IFA,,29201,43460,2915760,"IFA St. Louis, MO-IL",0.0,no cell in the extract: territory at zero opportunity
ifa_mw_ksmoco_k2,63743,ifa,MO,IFA,IFA_02,IFA,,29031,16020,,"IFA St. Louis, MO-IL",0.0,no cell in the extract: territory at zero opportunity
ifa_mw_ksmoco_k2,63744,ifa,MO,IFA,IFA_02,IFA,,29031,16020,2919072,"IFA St. Louis, MO-IL",0.0,no cell in the extract: territory at zero opportunity
ifa_mw_ksmoco_k2,63745,ifa,MO,IFA,IFA_02,IFA,,29031,16020,2920566,"IFA St. Louis, MO-IL",0.0,no cell in the extract: territory at zero opportunity
ifa_mw_ksmoco_k2,63746,ifa,MO,IFA,IFA_02,IFA,,29157,,,"IFA St. Louis, MO-IL",0.0,no cell in the extract: territory at zero opportunity
ifa_mw_ksmoco_k2,63747,ifa,MO,IFA,IFA_02,IFA,,29031,16020,,"IFA St. Louis, MO-IL",0.0,no cell in the extract: territory at zero opportunity
ifa_mw_ksmoco_k2,63748,ifa,MO,IFA,IFA_02,IFA,,29157,,2926092,"IFA St. Louis, MO-IL",0.0,no cell in the extract: territory at zero opportunity
ifa_mw_ksmoco_k2,63750,ifa,MO,IFA,IFA_02,IFA,,29017,16020,,"IFA St. Louis, MO-IL",0.0,no cell in the extract: territory at zero opportunity
ifa_mw_ksmoco_k2,63751,ifa,MO,IFA,IFA_02,IFA,,29017,16020,2927280,"IFA St. Louis, MO-IL",0.0,no cell in the extract: territory at zero opportunity
ifa_mw_ksmoco_k2,63755,ifa,MO,IFA,IFA_02,IFA,,29031,16020,2935648,"IFA St. Louis, MO-IL",0.0,no cell in the extract: territory at zero opportunity
ifa_mw_ksmoco_k2,63758,ifa,MO,IFA,IFA_02,IFA,,29201,43460,2938216,"IFA St. Louis, MO-IL",0.0,no cell in the extract: territory at zero opportunity
ifa_mw_ksmoco_k2,63760,ifa,MO,IFA,IFA_02,IFA,,29017,16020,,"IFA St. Louis, MO-IL",0.0,no cell in the extract: territory at zero opportunity
ifa_mw_ksmoco_k2,63763,ifa,MO,IFA,IFA_02,IFA,,29223,,,"IFA St. Louis, MO-IL",0.0,no cell in the extract: territory at zero opportunity
ifa_mw_ksmoco_k2,63764,ifa,MO,IFA,IFA_02,IFA,,29017,16020,2945848,"IFA St. Louis, MO-IL",0.0,no cell in the extract: territory at zero opportunity
ifa_mw_ksmoco_k2,63766,ifa,MO,IFA,IFA_02,IFA,,29031,16020,2948350,"IFA St. Louis, MO-IL",0.0,no cell in the extract: territory at zero opportunity
ifa_mw_ksmoco_k2,63767,ifa,MO,IFA,IFA_02,IFA,,29201,43460,2949988,"IFA St. Louis, MO-IL",0.0,no cell in the extract: territory at zero opportunity
ifa_mw_ksmoco_k2,63769,ifa,MO,IFA,IFA_02,IFA,,29031,16020,2953786,"IFA St. Louis, MO-IL",0.0,no cell in the extract: territory at zero opportunity
ifa_mw_ksmoco_k2,63770,ifa,MO,IFA,IFA_02,IFA,,29157,,2954200,"IFA St. Louis, MO-IL",0.0,no cell in the extract: territory at zero opportunity
ifa_mw_ksmoco_k2,63771,ifa,MO,IFA,IFA_02,IFA,,29201,43460,2954758,"IFA St. Louis, MO-IL",0.0,no cell in the extract: territory at zero opportunity
ifa_mw_ksmoco_k2,63774,ifa,MO,IFA,IFA_02,IFA,,29201,43460,2957044,"IFA St. Louis, MO-IL",0.0,no cell in the extract: territory at zero opportunity
ifa_mw_ksmoco_k2,63775,ifa,MO,IFA,IFA_02,IFA,,29157,,2957116,"IFA St. Louis, MO-IL",0.681115,
ifa_mw_ksmoco_k2,63780,ifa,MO,IFA,IFA_02,IFA,,29201,43460,2966368,"IFA St. Louis, MO-IL",0.0,no cell in the extract: territory at zero opportunity
ifa_mw_ksmoco_k2,63781,ifa,MO,IFA,IFA_02,IFA,,29017,16020,2966476,"IFA St. Louis, MO-IL",0.0,no cell in the extract: territory at zero opportunity
ifa_mw_ksmoco_k2,63782,ifa,MO,IFA,IFA_02,IFA,,29017,16020,,"IFA St. Louis, MO-IL",0.0,no cell in the extract: territory at zero opportunity
ifa_mw_ksmoco_k2,63783,ifa,MO,IFA,IFA_02,IFA,,29157,,,"IFA St. Louis, MO-IL",0.0,no cell in the extract: territory at zero opportunity
ifa_mw_ksmoco_k2,63784,ifa,MO,IFA,IFA_02,IFA,,29201,43460,2975724,"IFA St. Louis, MO-IL",0.0,no cell in the extract: territory at zero opportunity
ifa_mw_ksmoco_k2,63785,ifa,MO,IFA,IFA_02,IFA,,29031,16020,2979612,"IFA St. Louis, MO-IL",0.0,no cell in the extract: territory at zero opportunity
ifa_mw_ksmoco_k2,63787,ifa,MO,IFA,IFA_02,IFA,,29017,16020,2981430,"IFA St. Louis, MO-IL",0.0,no cell in the extract: territory at zero opportunity
ifa_mw_ksmoco_k2,63801,ifa,MO,IFA,IFA_02,IFA,,29201,43460,2967790,"IFA St. Louis, MO-IL",3.24752,
ifa_mw_ksmoco_k2,63820,ifa,MO,IFA,IFA_02,IFA,,29133,43460,2901288,"IFA St. Louis, MO-IL",0.0,no cell in the extract: territory at zero opportunity
ifa_mw_ksmoco_k2,63821,ifa,MO,IFA,IFA_02,IFA,,29069,28380,2901630,"IFA St. Louis, MO-IL",0.0,no cell in the extract: territory at zero opportunity
ifa_mw_ksmoco_k2,63822,ifa,MO,IFA,IFA_02,IFA,,29207,,2904960,"IFA St. Louis, MO-IL",0.0,no cell in the extract: territory at zero opportunity
ifa_mw_ksmoco_k2,63823,ifa,MO,IFA,IFA_02,IFA,,29133,43460,2904996,"IFA St. Louis, MO-IL",0.119494,
ifa_mw_ksmoco_k2,63824,ifa,MO,IFA,IFA_02,IFA,,29201,43460,2906346,"IFA St. Louis, MO-IL",0.0,no cell in the extract: territory at zero opportunity
ifa_mw_ksmoco_k2,63825,ifa,MO,IFA,IFA_02,IFA,,29207,,2906382,"IFA St. Louis, MO-IL",0.0,no cell in the extract: territory at zero opportunity
ifa_mw_ksmoco_k2,63826,ifa,MO,IFA,IFA_02,IFA,,29155,,,"IFA St. Louis, MO-IL",0.0,no cell in the extract: territory at zero opportunity
ifa_mw_ksmoco_k2,63827,ifa,MO,IFA,IFA_02,IFA,,29155,,2907876,"IFA St. Louis, MO-IL",0.0,no cell in the extract: territory at zero opportunity
ifa_mw_ksmoco_k2,63828,ifa,MO,IFA,IFA_02,IFA,,29143,,2911026,"IFA St. Louis, MO-IL",0.0,no cell in the extract: territory at zero opportunity
ifa_mw_ksmoco_k2,63829,ifa,MO,IFA,IFA_02,IFA,,29069,28380,2911350,"IFA St. Louis, MO-IL",0.0,no cell in the extract: territory at zero opportunity
ifa_mw_ksmoco_k2,63830,ifa,MO,IFA,IFA_02,IFA,,29155,,2911692,"IFA St. Louis, MO-IL",0.0,no cell in the extract: territory at zero opportunity
ifa_mw_ksmoco_k2,63833,ifa,MO,IFA,IFA_02,IFA,,29143,,2912052,"IFA St. Louis, MO-IL",0.0,no cell in the extract: territory at zero opportunity
ifa_mw_ksmoco_k2,63834,ifa,MO,IFA,IFA_02,IFA,,29133,43460,2913366,"IFA St. Louis, MO-IL",0.574845,
ifa_mw_ksmoco_k2,63837,ifa,MO,IFA,IFA_02,IFA,,29069,28380,2914212,"IFA St. Louis, MO-IL",0.0,no cell in the extract: territory at zero opportunity
ifa_mw_ksmoco_k2,63839,ifa,MO,IFA,IFA_02,IFA,,29155,,2916336,"IFA St. Louis, MO-IL",0.0,no cell in the extract: territory at zero opportunity
ifa_mw_ksmoco_k2,63840,ifa,MO,IFA,IFA_02,IFA,,29155,,2918838,"IFA St. Louis, MO-IL",0.0,no cell in the extract: territory at zero opportunity
ifa_mw_ksmoco_k2,63841,ifa,MO,IFA,IFA_02,IFA,,29207,,2919396,"IFA St. Louis, MO-IL",0.162401,
ifa_mw_ksmoco_k2,63845,ifa,MO,IFA,IFA_02,IFA,,29133,43460,2921052,"IFA St. Louis, MO-IL",0.0,no cell in the extract: territory at zero opportunity
ifa_mw_ksmoco_k2,63846,ifa,MO,IFA,IFA_02,IFA,,29207,,2928864,"IFA St. Louis, MO-IL",0.0,no cell in the extract: territory at zero opportunity
ifa_mw_ksmoco_k2,63847,ifa,MO,IFA,IFA_02,IFA,,29069,28380,,"IFA St. Louis, MO-IL",0.0,no cell in the extract: territory at zero opportunity
ifa_mw_ksmoco_k2,63848,ifa,MO,IFA,IFA_02,IFA,,29143,,2926974,"IFA St. Louis, MO-IL",0.0,no cell in the extract: territory at zero opportunity
ifa_mw_ksmoco_k2,63849,ifa,MO,IFA,IFA_02,IFA,,29069,28380,,"IFA St. Louis, MO-IL",0.0,no cell in the extract: territory at zero opportunity
ifa_mw_ksmoco_k2,63850,ifa,MO,IFA,IFA_02,IFA,,29207,,2928864,"IFA St. Louis, MO-IL",0.0,no cell in the extract: territory at zero opportunity
ifa_mw_ksmoco_k2,63851,ifa,MO,IFA,IFA_02,IFA,,29155,,2931132,"IFA St. Louis, MO-IL",0.0,no cell in the extract: territory at zero opportunity
ifa_mw_ksmoco_k2,63852,ifa,MO,IFA,IFA_02,IFA,,29069,28380,2926020,"IFA St. Louis, MO-IL",0.0,no cell in the extract: territory at zero opportunity
ifa_mw_ksmoco_k2,63853,ifa,MO,IFA,IFA_02,IFA,,29155,,2932590,"IFA St. Louis, MO-IL",0.0,no cell in the extract: territory at zero opportunity
ifa_mw_ksmoco_k2,63855,ifa,MO,IFA,IFA_02,IFA,,29069,28380,2933076,"IFA St. Louis, MO-IL",0.0,no cell in the extract: territory at zero opportunity
ifa_mw_ksmoco_k2,63857,ifa,MO,IFA,IFA_02,IFA,,29069,28380,2938306,"IFA St. Louis, MO-IL",0.0,no cell in the extract: territory at zero opportunity
ifa_mw_ksmoco_k2,63860,ifa,MO,IFA,IFA_02,IFA,,29143,,,"IFA St. Louis, MO-IL",0.0,no cell in the extract: territory at zero opportunity
ifa_mw_ksmoco_k2,63862,ifa,MO,IFA,IFA_02,IFA,,29143,,2942536,"IFA St. Louis, MO-IL",0.0,no cell in the extract: territory at zero opportunity
ifa_mw_ksmoco_k2,63863,ifa,MO,IFA,IFA_02,IFA,,29069,28380,2945614,"IFA St. Louis, MO-IL",0.0,no cell in the extract: territory at zero opportunity
ifa_mw_ksmoco_k2,63866,ifa,MO,IFA,IFA_02,IFA,,29143,,2946406,"IFA St. Louis, MO-IL",0.0,no cell in the extract: territory at zero opportunity
ifa_mw_ksmoco_k2,63867,ifa,MO,IFA,IFA_02,IFA,,29143,,2946730,"IFA St. Louis, MO-IL",0.0,no cell in the extract: territory at zero opportunity
ifa_mw_ksmoco_k2,63868,ifa,MO,IFA,IFA_02,IFA,,29143,,2949898,"IFA St. Louis, MO-IL",0.0,no cell in the extract: territory at zero opportunity
ifa_mw_ksmoco_k2,63869,ifa,MO,IFA,IFA_02,IFA,,29143,,2952076,"IFA St. Louis, MO-IL",0.780543,
ifa_mw_ksmoco_k2,63870,ifa,MO,IFA,IFA_02,IFA,,29143,,2956342,"IFA St. Louis, MO-IL",0.0,no cell in the extract: territory at zero opportunity
ifa_mw_ksmoco_k2,63873,ifa,MO,IFA,IFA_02,IFA,,29143,,2959186,"IFA St. Louis, MO-IL",0.0,no cell in the extract: territory at zero opportunity
ifa_mw_ksmoco_k2,63874,ifa,MO,IFA,IFA_02,IFA,,29143,,2961994,"IFA St. Louis, MO-IL",0.0,no cell in the extract: territory at zero opportunity
ifa_mw_ksmoco_k2,63876,ifa,MO,IFA,IFA_02,IFA,,29069,28380,2966638,"IFA St. Louis, MO-IL",0.0,no cell in the extract: territory at zero opportunity
ifa_mw_ksmoco_k2,63877,ifa,MO,IFA,IFA_02,IFA,,29155,,2970558,"IFA St. Louis, MO-IL",0.0,no cell in the extract: territory at zero opportunity
ifa_mw_ksmoco_k2,63878,ifa,MO,IFA,IFA_02,IFA,,29143,,2972196,"IFA St. Louis, MO-IL",0.0,no cell in the extract: territory at zero opportunity
ifa_mw_ksmoco_k2,63879,ifa,MO,IFA,IFA_02,IFA,,29155,,2976966,"IFA St. Louis, MO-IL",0.0,no cell in the extract: territory at zero opportunity
ifa_mw_ksmoco_k2,63880,ifa,MO,IFA,IFA_02,IFA,,29069,28380,2979468,"IFA St. Louis, MO-IL",0.0,no cell in the extract: territory at zero opportunity
ifa_mw_ksmoco_k2,63882,ifa,MO,IFA,IFA_02,IFA,,29133,43460,2981178,"IFA St. Louis, MO-IL",0.0,no cell in the extract: territory at zero opportunity
ifa_mw_ksmoco_k2,63901,ifa,MO,IFA,IFA_02,IFA,,29023,38740,2959096,"IFA St. Louis, MO-IL",1.36715,
ifa_mw_ksmoco_k2,63932,ifa,MO,IFA,IFA_02,IFA,,29023,38740,2908812,"IFA St. Louis, MO-IL",0.0,no cell in the extract: territory at zero opportunity
ifa_mw_ksmoco_k2,63933,ifa,MO,IFA,IFA_02,IFA,,29069,28380,2910864,"IFA St. Louis, MO-IL",0.350571,
ifa_mw_ksmoco_k2,63934,ifa,MO,IFA,IFA_02,IFA,,29223,,,"IFA St. Louis, MO-IL",0.0,no cell in the extract: territory at zero opportunity
ifa_mw_ksmoco_k2,63935,ifa,MO,IFA,IFA_02,IFA,,29181,,2919792,"IFA St. Louis, MO-IL",0.0,no cell in the extract: territory at zero opportunity
ifa_mw_ksmoco_k2,63936,ifa,MO,IFA,IFA_02,IFA,,29207,,2920296,"IFA St. Louis, MO-IL",0.0,no cell in the extract: territory at zero opportunity
ifa_mw_ksmoco_k2,63937,ifa,MO,IFA,IFA_02,IFA,,29035,,2921916,"IFA St. Louis, MO-IL",0.0,no cell in the extract: territory at zero opportunity
ifa_mw_ksmoco_k2,63939,ifa,MO,IFA,IFA_02,IFA,,29181,,2923248,"IFA St. Louis, MO-IL",0.0,no cell in the extract: territory at zero opportunity
ifa_mw_ksmoco_k2,63940,ifa,MO,IFA,IFA_02,IFA,,29023,38740,2924328,"IFA St. Louis, MO-IL",0.0,no cell in the extract: territory at zero opportunity
ifa_mw_ksmoco_k2,63941,ifa,MO,IFA,IFA_02,IFA,,29035,,2925948,"IFA St. Louis, MO-IL",0.0,no cell in the extract: territory at zero opportunity
ifa_mw_ksmoco_k2,63942,ifa,MO,IFA,IFA_02,IFA,,29181,,,"IFA St. Louis, MO-IL",0.0,no cell in the extract: territory at zero opportunity
ifa_mw_ksmoco_k2,63943,ifa,MO,IFA,IFA_02,IFA,,29035,,2933778,"IFA St. Louis, MO-IL",0.0,no cell in the extract: territory at zero opportunity
ifa_mw_ksmoco_k2,63944,ifa,MO,IFA,IFA_02,IFA,,29223,,2929476,"IFA St. Louis, MO-IL",0.0,no cell in the extract: territory at zero opportunity
ifa_mw_ksmoco_k2,63945,ifa,MO,IFA,IFA_02,IFA,,29023,38740,2923248,"IFA St. Louis, MO-IL",0.0,no cell in the extract: territory at zero opportunity
ifa_mw_ksmoco_k2,63950,ifa,MO,IFA,IFA_02,IFA,,29223,,,"IFA St. Louis, MO-IL",0.0,no cell in the extract: territory at zero opportunity
ifa_mw_ksmoco_k2,63951,ifa,MO,IFA,IFA_02,IFA,,29223,,,"IFA St. Louis, MO-IL",0.0,no cell in the extract: territory at zero opportunity
ifa_mw_ksmoco_k2,63952,ifa,MO,IFA,IFA_02,IFA,,29223,,2948386,"IFA St. Louis, MO-IL",0.0,no cell in the extract: territory at zero opportunity
ifa_mw_ksmoco_k2,63953,ifa,MO,IFA,IFA_02,IFA,,29181,,2923248,"IFA St. Louis, MO-IL",0.0,no cell in the extract: territory at zero opportunity
ifa_mw_ksmoco_k2,63954,ifa,MO,IFA,IFA_02,IFA,,29023,38740,2951446,"IFA St. Louis, MO-IL",0.0,no cell in the extract: territory at zero opportunity
ifa_mw_ksmoco_k2,63955,ifa,MO,IFA,IFA_02,IFA,,29181,,2955694,"IFA St. Louis, MO-IL",0.0,no cell in the extract: territory at zero opportunity
ifa_mw_ksmoco_k2,63956,ifa,MO,IFA,IFA_02,IFA,,29223,,,"IFA St. Louis, MO-IL",0.0,no cell in the extract: territory at zero opportunity
ifa_mw_ksmoco_k2,63957,ifa,MO,IFA,IFA_02,IFA,,29223,,2957422,"IFA St. Louis, MO-IL",0.0,no cell in the extract: territory at zero opportunity
ifa_mw_ksmoco_k2,63960,ifa,MO,IFA,IFA_02,IFA,,29207,,2960284,"IFA St. Louis, MO-IL",0.0,no cell in the extract: territory at zero opportunity
ifa_mw_ksmoco_k2,63961,ifa,MO,IFA,IFA_02,IFA,,29023,38740,2960428,"IFA St. Louis, MO-IL",0.0,no cell in the extract: territory at zero opportunity
ifa_mw_ksmoco_k2,63962,ifa,MO,IFA,IFA_02,IFA,,29023,38740,,"IFA St. Louis, MO-IL",0.0,no cell in the extract: territory at zero opportunity
ifa_mw_ksmoco_k2,63964,ifa,MO,IFA,IFA_02,IFA,,29223,,,"IFA St. Louis, MO-IL",0.0,no cell in the extract: territory at zero opportunity
ifa_mw_ksmoco_k2,63965,ifa,MO,IFA,IFA_02,IFA,,29035,,2975580,"IFA St. Louis, MO-IL",0.031818,
ifa_mw_ksmoco_k2,63966,ifa,MO,IFA,IFA_02,IFA,,29223,,,"IFA St. Louis, MO-IL",0.0,no cell in the extract: territory at zero opportunity
ifa_mw_ksmoco_k2,63967,ifa,MO,IFA,IFA_02,IFA,,29223,,2980026,"IFA St. Louis, MO-IL",0.0,no cell in the extract: territory at zero opportunity
ifa_mw_ksmoco_k2,64001,ifa,MO,IFA,IFA_02,IFA,,29107,28140,2900802,"IFA St. Louis, MO-IL",0.0,no cell in the extract: territory at zero opportunity
ifa_mw_ksmoco_k2,64011,ifa,MO,IFA,IFA_02,IFA,,29107,28140,2903556,"IFA St. Louis, MO-IL",0.0,no cell in the extract: territory at zero opportunity
ifa_mw_ksmoco_k2,64012,ifa,MO,IFA,IFA_02,IFA,,29037,28140,2904384,"IFA St. Louis, MO-IL",0.108243,
ifa_mw_ksmoco_k2,64014,ifa,MO,IFA,IFA_02,IFA,,29095,28140,2906652,"IFA St. Louis, MO-IL",1.1941,
ifa_mw_ksmoco_k2,64015,ifa,MO,IFA,IFA_02,IFA,,29095,28140,2906652,"IFA St. Louis, MO-IL",5.40128,
ifa_mw_ksmoco_k2,64016,ifa,MO,IFA,IFA_02,IFA,,29095,28140,2935000,"IFA St. Louis, MO-IL",0.0,no cell in the extract: territory at zero opportunity
ifa_mw_ksmoco_k2,64017,ifa,MO,IFA,IFA_02,IFA,,29177,28140,2910738,"IFA St. Louis, MO-IL",0.0,no cell in the extract: territory at zero opportunity
ifa_mw_ksmoco_k2,64018,ifa,MO,IFA,IFA_02,IFA,,29165,28140,2910792,"IFA St. Louis, MO-IL",0.0,no cell in the extract: territory at zero opportunity
ifa_mw_ksmoco_k2,64019,ifa,MO,IFA,IFA_02,IFA,,29101,47660,2912682,"IFA St. Louis, MO-IL",0.0,no cell in the extract: territory at zero opportunity
ifa_mw_ksmoco_k2,64020,ifa,MO,IFA,IFA_02,IFA,,29107,28140,2916102,"IFA St. Louis, MO-IL",0.0,no cell in the extract: territory at zero opportunity
ifa_mw_ksmoco_k2,64021,ifa,MO,IFA,IFA_02,IFA,,29107,28140,2916408,"IFA St. Louis, MO-IL",0.0,no cell in the extract: territory at zero opportunity
ifa_mw_ksmoco_k2,64022,ifa,MO,IFA,IFA_02,IFA,,29107,28140,2919918,"IFA St. Louis, MO-IL",0.0,no cell in the extract: territory at zero opportunity
ifa_mw_ksmoco_k2,64024,ifa,MO,IFA,IFA_02,IFA,,29047,28140,2923086,"IFA St. Louis, MO-IL",2.1524,
ifa_mw_ksmoco_k2,64028,ifa,MO,IFA,IFA_02,IFA,,29165,28140,2923698,"IFA St. Louis, MO-IL",0.0,no cell in the extract: territory at zero opportunity
ifa_mw_ksmoco_k2,64029,ifa,MO,IFA,IFA_02,IFA,,29095,28140,2928090,"IFA St. Louis, MO-IL",0.288071,
ifa_mw_ksmoco_k2,64030,ifa,MO,IFA,IFA_02,IFA,,29095,28140,2928324,"IFA St. Louis, MO-IL",0.0,no cell in the extract: territory at zero opportunity
ifa_mw_ksmoco_k2,64034,ifa,MO,IFA,IFA_02,IFA,,29095,28140,2929494,"IFA St. Louis, MO-IL",0.0,no cell in the extract: territory at zero opportunity
ifa_mw_ksmoco_k2,64035,ifa,MO,IFA,IFA_02,IFA,,29177,28140,2930322,"IFA St. Louis, MO-IL",0.0,no cell in the extract: territory at zero opportunity
ifa_mw_ksmoco_k2,64036,ifa,MO,IFA,IFA_02,IFA,,29177,28140,2931654,"IFA St. Louis, MO-IL",0.0,no cell in the extract: territory at zero opportunity
ifa_mw_ksmoco_k2,64037,ifa,MO,IFA,IFA_02,IFA,,29107,28140,2931960,"IFA St. Louis, MO-IL",0.0,no cell in the extract: territory at zero opportunity
ifa_mw_ksmoco_k2,64040,ifa,MO,IFA,IFA_02,IFA,,29101,47660,2932572,"IFA St. Louis, MO-IL",0.0,no cell in the extract: territory at zero opportunity
ifa_mw_ksmoco_k2,64048,ifa,MO,IFA,IFA_02,IFA,,29047,28140,2932752,"IFA St. Louis, MO-IL",0.0,no cell in the extract: territory at zero opportunity
ifa_mw_ksmoco_k2,64050,ifa,MO,IFA,IFA_02,IFA,,29095,28140,2935000,"IFA St. Louis, MO-IL",0.0,no cell in the extract: territory at zero opportunity
ifa_mw_ksmoco_k2,64052,ifa,MO,IFA,IFA_02,IFA,,29095,28140,2935000,"IFA St. Louis, MO-IL",0.0,no cell in the extract: territory at zero opportunity
ifa_mw_ksmoco_k2,64053,ifa,MO,IFA,IFA_02,IFA,,29095,28140,2935000,"IFA St. Louis, MO-IL",0.0,no cell in the extract: territory at zero opportunity
ifa_mw_ksmoco_k2,64054,ifa,MO,IFA,IFA_02,IFA,,29095,28140,2971368,"IFA St. Louis, MO-IL",0.0,no cell in the extract: territory at zero opportunity
ifa_mw_ksmoco_k2,64055,ifa,MO,IFA,IFA_02,IFA,,29095,28140,2935000,"IFA St. Louis, MO-IL",10.2174,
ifa_mw_ksmoco_k2,64056,ifa,MO,IFA,IFA_02,IFA,,29095,28140,2935000,"IFA St. Louis, MO-IL",0.0,no cell in the extract: territory at zero opportunity
ifa_mw_ksmoco_k2,64057,ifa,MO,IFA,IFA_02,IFA,,29095,28140,2935000,"IFA St. Louis, MO-IL",0.0,no cell in the extract: territory at zero opportunity
ifa_mw_ksmoco_k2,64058,ifa,MO,IFA,IFA_02,IFA,,29095,28140,2971368,"IFA St. Louis, MO-IL",0.0,no cell in the extract: territory at zero opportunity
ifa_mw_ksmoco_k2,64060,ifa,MO,IFA,IFA_02,IFA,,29047,28140,2938072,"IFA St. Louis, MO-IL",0.0862066,
ifa_mw_ksmoco_k2,64061,ifa,MO,IFA,IFA_02,IFA,,29101,47660,2938918,"IFA St. Louis, MO-IL",0.00954541,
ifa_mw_ksmoco_k2,64062,ifa,MO,IFA,IFA_02,IFA,,29177,28140,2940988,"IFA St. Louis, MO-IL",0.0,no cell in the extract: territory at zero opportunity
ifa_mw_ksmoco_k2,64063,ifa,MO,IFA,IFA_02,IFA,,29095,28140,2941348,"IFA St. Louis, MO-IL",12.9732,
ifa_mw_ksmoco_k2,64064,ifa,MO,IFA,IFA_02,IFA,,29095,28140,2941348,"IFA St. Louis, MO-IL",9.84514,
ifa_mw_ksmoco_k2,64065,ifa,MO,IFA,IFA_02,IFA,,29095,28140,2975202,"IFA St. Louis, MO-IL",0.0,no cell in the extract: territory at zero opportunity
ifa_mw_ksmoco_k2,64066,ifa,MO,IFA,IFA_02,IFA,,29095,28140,2941762,"IFA St. Louis, MO-IL",0.0,no cell in the extract: territory at zero opportunity
ifa_mw_ksmoco_k2,64067,ifa,MO,IFA,IFA_02,IFA,,29107,28140,2941870,"IFA St. Louis, MO-IL",0.0,no cell in the extract: territory at zero opportunity
ifa_mw_ksmoco_k2,64068,ifa,MO,IFA,IFA_02,IFA,,29047,28140,2942032,"IFA St. Louis, MO-IL",10.6476,
ifa_mw_ksmoco_k2,64070,ifa,MO,IFA,IFA_02,IFA,,29095,28140,2943760,"IFA St. Louis, MO-IL",0.00636361,
ifa_mw_ksmoco_k2,64071,ifa,MO,IFA,IFA_02,IFA,,29107,28140,2946964,"IFA St. Louis, MO-IL",0.0,no cell in the extract: territory at zero opportunity
ifa_mw_ksmoco_k2,64072,ifa,MO,IFA,IFA_02,IFA,,29047,28140,2948980,"IFA St. Louis, MO-IL",0.0,no cell in the extract: territory at zero opportunity
ifa_mw_ksmoco_k2,64074,ifa,MO,IFA,IFA_02,IFA,,29107,28140,2951140,"IFA St. Louis, MO-IL",0.0,no cell in the extract: territory at zero opportunity
ifa_mw_ksmoco_k2,64075,ifa,MO,IFA,IFA_02,IFA,,29095,28140,2953624,"IFA St. Louis, MO-IL",0.0,no cell in the extract: territory at zero opportunity
ifa_mw_ksmoco_k2,64076,ifa,MO,IFA,IFA_02,IFA,,29107,28140,2954038,"IFA St. Louis, MO-IL",0.112647,
ifa_mw_ksmoco_k2,64077,ifa,MO,IFA,IFA_02,IFA,,29177,28140,2954938,"IFA St. Louis, MO-IL",0.0,no cell in the extract: territory at zero opportunity
ifa_mw_ksmoco_k2,64078,ifa,MO,IFA,IFA_02,IFA,,29037,28140,2956756,"IFA St. Louis, MO-IL",0.0,no cell in the extract: territory at zero opportunity
ifa_mw_ksmoco_k2,64079,ifa,MO,IFA,IFA_02,IFA,,29165,28140,2958178,"IFA St. Louis, MO-IL",1.54454,
ifa_mw_ksmoco_k2,64080,ifa,MO,IFA,IFA_02,IFA,,29037,28140,2958394,"IFA St. Louis, MO-IL",0.0,no cell in the extract: territory at zero opportunity
ifa_mw_ksmoco_k2,64081,ifa,MO,IFA,IFA_02,IFA,,29095,28140,2941348,"IFA St. Louis, MO-IL",0.0,no cell in the extract: territory at zero opportunity
ifa_mw_ksmoco_k2,64082,ifa,MO,IFA,IFA_02,IFA,,29095,28140,2941348,"IFA St. Louis, MO-IL",1.34869,
ifa_mw_ksmoco_k2,64083,ifa,MO,IFA,IFA_02,IFA,,29037,28140,2960752,"IFA St. Louis, MO-IL",0.396045,
ifa_mw_ksmoco_k2,64084,ifa,MO,IFA,IFA_02,IFA,,29177,28140,2960824,"IFA St. Louis, MO-IL",0.0,no cell in the extract: territory at zero opportunity
ifa_mw_ksmoco_k2,64085,ifa,MO,IFA,IFA_02,IFA,,29177,28140,2961670,"IFA St. Louis, MO-IL",0.0,no cell in the extract: territory at zero opportunity
ifa_mw_ksmoco_k2,64086,ifa,MO,IFA,IFA_02,IFA,,29095,28140,2941348,"IFA St. Louis, MO-IL",12.2473,
ifa_mw_ksmoco_k2,64088,ifa,MO,IFA,IFA_02,IFA,,29095,28140,2967718,"IFA St. Louis, MO-IL",0.0,no cell in the extract: territory at zero opportunity
ifa_mw_ksmoco_k2,64089,ifa,MO,IFA,IFA_02,IFA,,29047,28140,2968420,"IFA St. Louis, MO-IL",0.0,no cell in the extract: territory at zero opportunity
ifa_mw_ksmoco_k2,64090,ifa,MO,IFA,IFA_02,IFA,,29037,28140,2971098,"IFA St. Louis, MO-IL",0.0,no cell in the extract: territory at zero opportunity
ifa_mw_ksmoco_k2,64092,ifa,MO,IFA,IFA_02,IFA,,29165,28140,,"IFA St. Louis, MO-IL",0.0,no cell in the extract: territory at zero opportunity
ifa_mw_ksmoco_k2,64093,ifa,MO,IFA,IFA_02,IFA,,29101,47660,2977092,"IFA St. Louis, MO-IL",0.868775,
ifa_mw_ksmoco_k2,64096,ifa,MO,IFA,IFA_02,IFA,,29107,28140,2977866,"IFA St. Louis, MO-IL",0.0,no cell in the extract: territory at zero opportunity
ifa_mw_ksmoco_k2,64097,ifa,MO,IFA,IFA_02,IFA,,29107,28140,2978352,"IFA St. Louis, MO-IL",0.0,no cell in the extract: territory at zero opportunity
ifa_mw_ksmoco_k2,64098,ifa,MO,IFA,IFA_02,IFA,,29165,28140,2978856,"IFA St. Louis, MO-IL",0.0,no cell in the extract: territory at zero opportunity
ifa_mw_ksmoco_k2,64101,ifa,MO,IFA,IFA_02,IFA,,29095,28140,2938000,"IFA St. Louis, MO-IL",0.0,no cell in the extract: territory at zero opportunity
ifa_mw_ksmoco_k2,64102,ifa,MO,IFA,IFA_02,IFA,,29095,28140,2938000,"IFA St. Louis, MO-IL",1.0947,
ifa_mw_ksmoco_k2,64105,ifa,MO,IFA,IFA_02,IFA,,29095,28140,2938000,"IFA St. Louis, MO-IL",0.0,no cell in the extract: territory at zero opportunity
ifa_mw_ksmoco_k2,64106,ifa,MO,IFA,IFA_02,IFA,,29095,28140,2938000,"IFA St. Louis, MO-IL",1.58113,
ifa_mw_ksmoco_k2,64108,ifa,MO,IFA,IFA_02,IFA,,29095,28140,2938000,"IFA St. Louis, MO-IL",0.143122,
ifa_mw_ksmoco_k2,64109,ifa,MO,IFA,IFA_02,IFA,,29095,28140,2938000,"IFA St. Louis, MO-IL",0.0,no cell in the extract: territory at zero opportunity
ifa_mw_ksmoco_k2,64110,ifa,MO,IFA,IFA_02,IFA,,29095,28140,2938000,"IFA St. Louis, MO-IL",0.0,no cell in the extract: territory at zero opportunity
ifa_mw_ksmoco_k2,64111,ifa,MO,IFA,IFA_02,IFA,,29095,28140,2938000,"IFA St. Louis, MO-IL",0.00047727,
ifa_mw_ksmoco_k2,64112,ifa,MO,IFA,IFA_02,IFA,,29095,28140,2938000,"IFA St. Louis, MO-IL",3.16107,
ifa_mw_ksmoco_k2,64113,ifa,MO,IFA,IFA_02,IFA,,29095,28140,2938000,"IFA St. Louis, MO-IL",0.0,no cell in the extract: territory at zero opportunity
ifa_mw_ksmoco_k2,64114,ifa,MO,IFA,IFA_02,IFA,,29095,28140,2938000,"IFA St. Louis, MO-IL",5.83738,
ifa_mw_ksmoco_k2,64116,ifa,MO,IFA,IFA_02,IFA,,29047,28140,2938000,"IFA St. Louis, MO-IL",1.88244,
ifa_mw_ksmoco_k2,64117,ifa,MO,IFA,IFA_02,IFA,,29047,28140,2938000,"IFA St. Louis, MO-IL",0.0,no cell in the extract: territory at zero opportunity
ifa_mw_ksmoco_k2,64118,ifa,MO,IFA,IFA_02,IFA,,29047,28140,2938000,"IFA St. Louis, MO-IL",0.0,no cell in the extract: territory at zero opportunity
ifa_mw_ksmoco_k2,64119,ifa,MO,IFA,IFA_02,IFA,,29047,28140,2938000,"IFA St. Louis, MO-IL",0.0,no cell in the extract: territory at zero opportunity
ifa_mw_ksmoco_k2,64120,ifa,MO,IFA,IFA_02,IFA,,29095,28140,2938000,"IFA St. Louis, MO-IL",0.0,no cell in the extract: territory at zero opportunity
ifa_mw_ksmoco_k2,64123,ifa,MO,IFA,IFA_02,IFA,,29095,28140,2938000,"IFA St. Louis, MO-IL",0.0,no cell in the extract: territory at zero opportunity
ifa_mw_ksmoco_k2,64124,ifa,MO,IFA,IFA_02,IFA,,29095,28140,2938000,"IFA St. Louis, MO-IL",0.0,no cell in the extract: territory at zero opportunity
ifa_mw_ksmoco_k2,64125,ifa,MO,IFA,IFA_02,IFA,,29095,28140,2938000,"IFA St. Louis, MO-IL",0.0,no cell in the extract: territory at zero opportunity
ifa_mw_ksmoco_k2,64126,ifa,MO,IFA,IFA_02,IFA,,29095,28140,2938000,"IFA St. Louis, MO-IL",0.0,no cell in the extract: territory at zero opportunity
ifa_mw_ksmoco_k2,64127,ifa,MO,IFA,IFA_02,IFA,,29095,28140,2938000,"IFA St. Louis, MO-IL",0.0,no cell in the extract: territory at zero opportunity
ifa_mw_ksmoco_k2,64128,ifa,MO,IFA,IFA_02,IFA,,29095,28140,2938000,"IFA St. Louis, MO-IL",0.0,no cell in the extract: territory at zero opportunity
ifa_mw_ksmoco_k2,64129,ifa,MO,IFA,IFA_02,IFA,,29095,28140,2938000,"IFA St. Louis, MO-IL",0.0,no cell in the extract: territory at zero opportunity
ifa_mw_ksmoco_k2,64130,ifa,MO,IFA,IFA_02,IFA,,29095,28140,2938000,"IFA St. Louis, MO-IL",0.0,no cell in the extract: territory at zero opportunity
ifa_mw_ksmoco_k2,64131,ifa,MO,IFA,IFA_02,IFA,,29095,28140,2938000,"IFA St. Louis, MO-IL",0.066713,
ifa_mw_ksmoco_k2,64132,ifa,MO,IFA,IFA_02,IFA,,29095,28140,2938000,"IFA St. Louis, MO-IL",0.0,no cell in the extract: territory at zero opportunity
ifa_mw_ksmoco_k2,64133,ifa,MO,IFA,IFA_02,IFA,,29095,28140,2938000,"IFA St. Louis, MO-IL",0.185371,
ifa_mw_ksmoco_k2,64134,ifa,MO,IFA,IFA_02,IFA,,29095,28140,2938000,"IFA St. Louis, MO-IL",0.234288,
ifa_mw_ksmoco_k2,64136,ifa,MO,IFA,IFA_02,IFA,,29095,28140,2938000,"IFA St. Louis, MO-IL",0.0,no cell in the extract: territory at zero opportunity
ifa_mw_ksmoco_k2,64137,ifa,MO,IFA,IFA_02,IFA,,29095,28140,2938000,"IFA St. Louis, MO-IL",0.0,no cell in the extract: territory at zero opportunity
ifa_mw_ksmoco_k2,64138,ifa,MO,IFA,IFA_02,IFA,,29095,28140,2938000,"IFA St. Louis, MO-IL",0.0,no cell in the extract: territory at zero opportunity
ifa_mw_ksmoco_k2,64139,ifa,MO,IFA,IFA_02,IFA,,29095,28140,2938000,"IFA St. Louis, MO-IL",0.0,no cell in the extract: territory at zero opportunity
ifa_mw_ksmoco_k2,64145,ifa,MO,IFA,IFA_02,IFA,,29095,28140,2938000,"IFA St. Louis, MO-IL",0.0,no cell in the extract: territory at zero opportunity
ifa_mw_ksmoco_k2,64146,ifa,MO,IFA,IFA_02,IFA,,29095,28140,2938000,"IFA St. Louis, MO-IL",0.0,no cell in the extract: territory at zero opportunity
ifa_mw_ksmoco_k2,64147,ifa,MO,IFA,IFA_02,IFA,,29095,28140,2938000,"IFA St. Louis, MO-IL",0.0,no cell in the extract: territory at zero opportunity
ifa_mw_ksmoco_k2,64149,ifa,MO,IFA,IFA_02,IFA,,29095,28140,2938000,"IFA St. Louis, MO-IL",0.0,no cell in the extract: territory at zero opportunity
ifa_mw_ksmoco_k2,64150,ifa,MO,IFA,IFA_02,IFA,,29165,28140,2962156,"IFA St. Louis, MO-IL",1.09617,
ifa_mw_ksmoco_k2,64151,ifa,MO,IFA,IFA_02,IFA,,29165,28140,2938000,"IFA St. Louis, MO-IL",0.0965599,
ifa_mw_ksmoco_k2,64152,ifa,MO,IFA,IFA_02,IFA,,29165,28140,2956288,"IFA St. Louis, MO-IL",0.482425,
ifa_mw_ksmoco_k2,64153,ifa,MO,IFA,IFA_02,IFA,,29165,28140,2938000,"IFA St. Louis, MO-IL",0.0051136,
ifa_mw_ksmoco_k2,64154,ifa,MO,IFA,IFA_02,IFA,,29165,28140,2938000,"IFA St. Louis, MO-IL",0.361629,
ifa_mw_ksmoco_k2,64155,ifa,MO,IFA,IFA_02,IFA,,29047,28140,2938000,"IFA St. Louis, MO-IL",0.0,no cell in the extract: territory at zero opportunity
ifa_mw_ksmoco_k2,64156,ifa,MO,IFA,IFA_02,IFA,,29047,28140,2938000,"IFA St. Louis, MO-IL",0.0,no cell in the extract: territory at zero opportunity
ifa_mw_ksmoco_k2,64157,ifa,MO,IFA,IFA_02,IFA,,29047,28140,2938000,"IFA St. Louis, MO-IL",0.94315,
ifa_mw_ksmoco_k2,64158,ifa,MO,IFA,IFA_02,IFA,,29047,28140,2938000,"IFA St. Louis, MO-IL",0.0,no cell in the extract: territory at zero opportunity
ifa_mw_ksmoco_k2,64161,ifa,MO,IFA,IFA_02,IFA,,29047,28140,2938000,"IFA St. Louis, MO-IL",0.0,no cell in the extract: territory at zero opportunity
ifa_mw_ksmoco_k2,64163,ifa,MO,IFA,IFA_02,IFA,,29165,28140,2938000,"IFA St. Louis, MO-IL",0.453409,
ifa_mw_ksmoco_k2,64164,ifa,MO,IFA,IFA_02,IFA,,29165,28140,2938000,"IFA St. Louis, MO-IL",0.0,no cell in the extract: territory at zero opportunity
ifa_mw_ksmoco_k2,64165,ifa,MO,IFA,IFA_02,IFA,,29047,28140,2938000,"IFA St. Louis, MO-IL",0.0,no cell in the extract: territory at zero opportunity
ifa_mw_ksmoco_k2,64166,ifa,MO,IFA,IFA_02,IFA,,29047,28140,2938000,"IFA St. Louis, MO-IL",0.0,no cell in the extract: territory at zero opportunity
ifa_mw_ksmoco_k2,64167,ifa,MO,IFA,IFA_02,IFA,,29047,28140,2938000,"IFA St. Louis, MO-IL",0.0,no cell in the extract: territory at zero opportunity
ifa_mw_ksmoco_k2,64401,ifa,MO,IFA,IFA_02,IFA,,29021,41140,2900298,"IFA St. Louis, MO-IL",0.0,no cell in the extract: territory at zero opportunity
ifa_mw_ksmoco_k2,64402,ifa,MO,IFA,IFA_02,IFA,,29075,,2900514,"IFA St. Louis, MO-IL",0.0964976,
ifa_mw_ksmoco_k2,64420,ifa,MO,IFA,IFA_02,IFA,,29227,,2900712,"IFA St. Louis, MO-IL",0.0,no cell in the extract: territory at zero opportunity
ifa_mw_ksmoco_k2,64421,ifa,MO,IFA,IFA_02,IFA,,29003,41140,2901018,"IFA St. Louis, MO-IL",0.0,no cell in the extract: territory at zero opportunity
ifa_mw_ksmoco_k2,64422,ifa,MO,IFA,IFA_02,IFA,,29063,41140,2901054,"IFA St. Louis, MO-IL",0.0,no cell in the extract: territory at zero opportunity
ifa_mw_ksmoco_k2,64423,ifa,MO,IFA,IFA_02,IFA,,29147,32340,2903340,"IFA St. Louis, MO-IL",0.0,no cell in the extract: territory at zero opportunity
ifa_mw_ksmoco_k2,64424,ifa,MO,IFA,IFA_02,IFA,,29081,,2905068,"IFA St. Louis, MO-IL",0.0,no cell in the extract: territory at zero opportunity
ifa_mw_ksmoco_k2,64426,ifa,MO,IFA,IFA_02,IFA,,29081,,2906742,"IFA St. Louis, MO-IL",0.0,no cell in the extract: territory at zero opportunity
ifa_mw_ksmoco_k2,64427,ifa,MO,IFA,IFA_02,IFA,,29003,41140,2906922,"IFA St. Louis, MO-IL",0.0,no cell in the extract: territory at zero opportunity
ifa_mw_ksmoco_k2,64428,ifa,MO,IFA,IFA_02,IFA,,29147,32340,2909838,"IFA St. Louis, MO-IL",0.0,no cell in the extract: territory at zero opportunity
ifa_mw_ksmoco_k2,64429,ifa,MO,IFA,IFA_02,IFA,,29063,41140,2910828,"IFA St. Louis, MO-IL",0.0,no cell in the extract: territory at zero opportunity
ifa_mw_ksmoco_k2,64430,ifa,MO,IFA,IFA_02,IFA,,29063,41140,2914158,"IFA St. Louis, MO-IL",0.0,no cell in the extract: territory at zero opportunity
ifa_mw_ksmoco_k2,64431,ifa,MO,IFA,IFA_02,IFA,,29147,32340,2914662,"IFA St. Louis, MO-IL",0.0,no cell in the extract: territory at zero opportunity
ifa_mw_ksmoco_k2,64432,ifa,MO,IFA,IFA_02,IFA,,29147,32340,2915130,"IFA St. Louis, MO-IL",0.0,no cell in the extract: territory at zero opportunity
ifa_mw_ksmoco_k2,64433,ifa,MO,IFA,IFA_02,IFA,,29147,32340,2915886,"IFA St. Louis, MO-IL",0.0,no cell in the extract: territory at zero opportunity
ifa_mw_ksmoco_k2,64434,ifa,MO,IFA,IFA_02,IFA,,29147,32340,2915922,"IFA St. Louis, MO-IL",0.0,no cell in the extract: territory at zero opportunity
ifa_mw_ksmoco_k2,64436,ifa,MO,IFA,IFA_02,IFA,,29003,41140,2916588,"IFA St. Louis, MO-IL",0.0,no cell in the extract: territory at zero opportunity
ifa_mw_ksmoco_k2,64437,ifa,MO,IFA,IFA_02,IFA,,29087,,2905495,"IFA St. Louis, MO-IL",0.0,no cell in the extract: territory at zero opportunity
ifa_mw_ksmoco_k2,64438,ifa,MO,IFA,IFA_02,IFA,,29075,,2918316,"IFA St. Louis, MO-IL",0.0,no cell in the extract: territory at zero opportunity
ifa_mw_ksmoco_k2,64439,ifa,MO,IFA,IFA_02,IFA,,29165,28140,2918658,"IFA St. Louis, MO-IL",0.0,no cell in the extract: territory at zero opportunity
ifa_mw_ksmoco_k2,64440,ifa,MO,IFA,IFA_02,IFA,,29021,41140,2918946,"IFA St. Louis, MO-IL",0.0,no cell in the extract: territory at zero opportunity
ifa_mw_ksmoco_k2,64441,ifa,MO,IFA,IFA_02,IFA,,29227,,2919162,"IFA St. Louis, MO-IL",0.0,no cell in the extract: territory at zero opportunity
ifa_mw_ksmoco_k2,64442,ifa,MO,IFA,IFA_02,IFA,,29081,,2920674,"IFA St. Louis, MO-IL",0.0,no cell in the extract: territory at zero opportunity
ifa_mw_ksmoco_k2,64443,ifa,MO,IFA,IFA_02,IFA,,29021,41140,2921034,"IFA St. Louis, MO-IL",0.0,no cell in the extract: territory at zero opportunity
ifa_mw_ksmoco_k2,64444,ifa,MO,IFA,IFA_02,IFA,,29165,28140,2961886,"IFA St. Louis, MO-IL",0.0,no cell in the extract: territory at zero opportunity
ifa_mw_ksmoco_k2,64445,ifa,MO,IFA,IFA_02,IFA,,29147,32340,2922024,"IFA St. Louis, MO-IL",0.0,no cell in the extract: territory at zero opportunity
ifa_mw_ksmoco_k2,64446,ifa,MO,IFA,IFA_02,IFA,,29005,,2923266,"IFA St. Louis, MO-IL",0.0,no cell in the extract: territory at zero opportunity
ifa_mw_ksmoco_k2,64448,ifa,MO,IFA,IFA_02,IFA,,29021,41140,2923824,"IFA St. Louis, MO-IL",0.0,no cell in the extract: territory at zero opportunity
ifa_mw_ksmoco_k2,64449,ifa,MO,IFA,IFA_02,IFA,,29003,41140,2924184,"IFA St. Louis, MO-IL",0.0,no cell in the extract: territory at zero opportunity
ifa_mw_ksmoco_k2,64451,ifa,MO,IFA,IFA_02,IFA,,29087,,2925066,"IFA St. Louis, MO-IL",0.0,no cell in the extract: territory at zero opportunity
ifa_mw_ksmoco_k2,64453,ifa,MO,IFA,IFA_02,IFA,,29075,,2926776,"IFA St. Louis, MO-IL",0.0,no cell in the extract: territory at zero opportunity
ifa_mw_ksmoco_k2,64454,ifa,MO,IFA,IFA_02,IFA,,29049,28140,2928036,"IFA St. Louis, MO-IL",0.0,no cell in the extract: territory at zero opportunity
ifa_mw_ksmoco_k2,64455,ifa,MO,IFA,IFA_02,IFA,,29147,32340,2928072,"IFA St. Louis, MO-IL",0.0,no cell in the extract: territory at zero opportunity
ifa_mw_ksmoco_k2,64456,ifa,MO,IFA,IFA_02,IFA,,29227,,2928594,"IFA St. Louis, MO-IL",0.0,no cell in the extract: territory at zero opportunity
ifa_mw_ksmoco_k2,64457,ifa,MO,IFA,IFA_02,IFA,,29147,32340,2929692,"IFA St. Louis, MO-IL",0.0,no cell in the extract: territory at zero opportunity
ifa_mw_ksmoco_k2,64458,ifa,MO,IFA,IFA_02,IFA,,29081,,,"IFA St. Louis, MO-IL",0.0,no cell in the extract: territory at zero opportunity
ifa_mw_ksmoco_k2,64459,ifa,MO,IFA,IFA_02,IFA,,29003,41140,,"IFA St. Louis, MO-IL",0.0,no cell in the extract: territory at zero opportunity
ifa_mw_ksmoco_k2,64461,ifa,MO,IFA,IFA_02,IFA,,29147,32340,2933004,"IFA St. Louis, MO-IL",0.0,no cell in the extract: territory at zero opportunity
ifa_mw_ksmoco_k2,64463,ifa,MO,IFA,IFA_02,IFA,,29075,,2938774,"IFA St. Louis, MO-IL",0.0,no cell in the extract: territory at zero opportunity
ifa_mw_ksmoco_k2,64465,ifa,MO,IFA,IFA_02,IFA,,29049,28140,2940826,"IFA St. Louis, MO-IL",0.0,no cell in the extract: territory at zero opportunity
ifa_mw_ksmoco_k2,64466,ifa,MO,IFA,IFA_02,IFA,,29087,,2945596,"IFA St. Louis, MO-IL",0.0,no cell in the extract: territory at zero opportunity
ifa_mw_ksmoco_k2,64467,ifa,MO,IFA,IFA_02,IFA,,29081,,,"IFA St. Louis, MO-IL",0.0,no cell in the extract: territory at zero opportunity
ifa_mw_ksmoco_k2,64468,ifa,MO,IFA,IFA_02,IFA,,29147,32340,2946640,"IFA St. Louis, MO-IL",0.0,no cell in the extract: territory at zero opportunity
ifa_mw_ksmoco_k2,64469,ifa,MO,IFA,IFA_02,IFA,,29063,41140,2946946,"IFA St. Louis, MO-IL",0.0,no cell in the extract: territory at zero opportunity
ifa_mw_ksmoco_k2,64470,ifa,MO,IFA,IFA_02,IFA,,29087,,2950312,"IFA St. Louis, MO-IL",0.0,no cell in the extract: territory at zero opportunity
ifa_mw_ksmoco_k2,64471,ifa,MO,IFA,IFA_02,IFA,,29081,,2951860,"IFA St. Louis, MO-IL",0.0,no cell in the extract: territory at zero opportunity
ifa_mw_ksmoco_k2,64473,ifa,MO,IFA,IFA_02,IFA,,29087,,2954848,"IFA St. Louis, MO-IL",0.0,no cell in the extract: territory at zero opportunity
ifa_mw_ksmoco_k2,64474,ifa,MO,IFA,IFA_02,IFA,,29063,41140,2955352,"IFA St. Louis, MO-IL",0.0,no cell in the extract: territory at zero opportunity
ifa_mw_ksmoco_k2,64475,ifa,MO,IFA,IFA_02,IFA,,29147,32340,2956360,"IFA St. Louis, MO-IL",0.0,no cell in the extract: territory at zero opportunity
ifa_mw_ksmoco_k2,64476,ifa,MO,IFA,IFA_02,IFA,,29147,32340,2957404,"IFA St. Louis, MO-IL",0.0,no cell in the extract: territory at zero opportunity
ifa_mw_ksmoco_k2,64477,ifa,MO,IFA,IFA_02,IFA,,29049,28140,2958250,"IFA St. Louis, MO-IL",0.0,no cell in the extract: territory at zero opportunity
ifa_mw_ksmoco_k2,64479,ifa,MO,IFA,IFA_02,IFA,,29147,32340,2960716,"IFA St. Louis, MO-IL",0.0,no cell in the extract: territory at zero opportunity
ifa_mw_ksmoco_k2,64480,ifa,MO,IFA,IFA_02,IFA,,29003,41140,2960842,"IFA St. Louis, MO-IL",0.0,no cell in the extract: territory at zero opportunity
ifa_mw_ksmoco_k2,64481,ifa,MO,IFA,IFA_02,IFA,,29081,,2961904,"IFA St. Louis, MO-IL",0.0,no cell in the extract: territory at zero opportunity
ifa_mw_ksmoco_k2,64482,ifa,MO,IFA,IFA_02,IFA,,29005,,2962696,"IFA St. Louis, MO-IL",0.0,no cell in the extract: territory at zero opportunity
ifa_mw_ksmoco_k2,64483,ifa,MO,IFA,IFA_02,IFA,,29003,41140,2963200,"IFA St. Louis, MO-IL",0.0,no cell in the extract: territory at zero opportunity
ifa_mw_ksmoco_k2,64484,ifa,MO,IFA,IFA_02,IFA,,29021,41140,2941834,"IFA St. Louis, MO-IL",0.0,no cell in the extract: territory at zero opportunity
ifa_mw_ksmoco_k2,64485,ifa,MO,IFA,IFA_02,IFA,,29003,41140,2966044,"IFA St. Louis, MO-IL",0.0,no cell in the extract: territory at zero opportunity
ifa_mw_ksmoco_k2,64486,ifa,MO,IFA,IFA_02,IFA,,29227,,2967358,"IFA St. Louis, MO-IL",0.0,no cell in the extract: territory at zero opportunity
ifa_mw_ksmoco_k2,64487,ifa,MO,IFA,IFA_02,IFA,,29147,32340,2968132,"IFA St. Louis, MO-IL",0.0,no cell in the extract: territory at zero opportunity
ifa_mw_ksmoco_k2,64489,ifa,MO,IFA,IFA_02,IFA,,29075,,2970270,"IFA St. Louis, MO-IL",0.0,no cell in the extract: territory at zero opportunity
ifa_mw_ksmoco_k2,64490,ifa,MO,IFA,IFA_02,IFA,,29049,28140,2970738,"IFA St. Louis, MO-IL",0.0,no cell in the extract: territory at zero opportunity
ifa_mw_ksmoco_k2,64491,ifa,MO,IFA,IFA_02,IFA,,29005,,2972340,"IFA St. Louis, MO-IL",0.0,no cell in the extract: territory at zero opportunity
ifa_mw_ksmoco_k2,64492,ifa,MO,IFA,IFA_02,IFA,,29049,28140,2973852,"IFA St. Louis, MO-IL",0.018155,
ifa_mw_ksmoco_k2,64493,ifa,MO,IFA,IFA_02,IFA,,29049,28140,2974176,"IFA St. Louis, MO-IL",0.0,no cell in the extract: territory at zero opportunity
ifa_mw_ksmoco_k2,64494,ifa,MO,IFA,IFA_02,IFA,,29003,41140,2975130,"IFA St. Louis, MO-IL",0.0,no cell in the extract: territory at zero opportunity
ifa_mw_ksmoco_k2,64496,ifa,MO,IFA,IFA_02,IFA,,29005,,2977848,"IFA St. Louis, MO-IL",0.0,no cell in the extract: territory at zero opportunity
ifa_mw_ksmoco_k2,64497,ifa,MO,IFA,IFA_02,IFA,,29063,41140,2978028,"IFA St. Louis, MO-IL",0.0,no cell in the extract: territory at zero opportunity
ifa_mw_ksmoco_k2,64498,ifa,MO,IFA,IFA_02,IFA,,29005,,2906247,"IFA St. Louis, MO-IL",0.0,no cell in the extract: territory at zero opportunity
ifa_mw_ksmoco_k2,64499,ifa,MO,IFA,IFA_02,IFA,,29227,,2981070,"IFA St. Louis, MO-IL",0.0,no cell in the extract: territory at zero opportunity
ifa_mw_ksmoco_k2,64501,ifa,MO,IFA,IFA_02,IFA,,29021,41140,2964550,"IFA St. Louis, MO-IL",0.0,no cell in the extract: territory at zero opportunity
ifa_mw_ksmoco_k2,64503,ifa,MO,IFA,IFA_02,IFA,,29021,41140,2964550,"IFA St. Louis, MO-IL",0.0,no cell in the extract: territory at zero opportunity
ifa_mw_ksmoco_k2,64504,ifa,MO,IFA,IFA_02,IFA,,29021,41140,2964550,"IFA St. Louis, MO-IL",0.0,no cell in the extract: territory at zero opportunity
ifa_mw_ksmoco_k2,64505,ifa,MO,IFA,IFA_02,IFA,,29003,41140,2964550,"IFA St. Louis, MO-IL",0.0,no cell in the extract: territory at zero opportunity
ifa_mw_ksmoco_k2,64506,ifa,MO,IFA,IFA_02,IFA,,29021,41140,2964550,"IFA St. Louis, MO-IL",3.37517,
ifa_mw_ksmoco_k2,64507,ifa,MO,IFA,IFA_02,IFA,,29021,41140,2964550,"IFA St. Louis, MO-IL",0.0,no cell in the extract: territory at zero opportunity
ifa_mw_ksmoco_k2,64601,ifa,MO,IFA,IFA_02,IFA,,29117,,2913690,"IFA St. Louis, MO-IL",0.0422668,
ifa_mw_ksmoco_k2,64620,ifa,MO,IFA,IFA_02,IFA,,29061,,2940304,"IFA St. Louis, MO-IL",0.0,no cell in the extract: territory at zero opportunity
ifa_mw_ksmoco_k2,64622,ifa,MO,IFA,IFA_02,IFA,,29033,,2906832,"IFA St. Louis, MO-IL",0.0,no cell in the extract: territory at zero opportunity
ifa_mw_ksmoco_k2,64623,ifa,MO,IFA,IFA_02,IFA,,29033,,2907426,"IFA St. Louis, MO-IL",0.0,no cell in the extract: territory at zero opportunity
ifa_mw_ksmoco_k2,64624,ifa,MO,IFA,IFA_02,IFA,,29025,28140,2908038,"IFA St. Louis, MO-IL",0.0,no cell in the extract: territory at zero opportunity
ifa_mw_ksmoco_k2,64625,ifa,MO,IFA,IFA_02,IFA,,29025,28140,2908128,"IFA St. Louis, MO-IL",0.0,no cell in the extract: territory at zero opportunity
ifa_mw_ksmoco_k2,64628,ifa,MO,IFA,IFA_02,IFA,,29115,,2908650,"IFA St. Louis, MO-IL",0.0,no cell in the extract: territory at zero opportunity
ifa_mw_ksmoco_k2,64630,ifa,MO,IFA,IFA_02,IFA,,29211,,2908884,"IFA St. Louis, MO-IL",0.0,no cell in the extract: territory at zero opportunity
ifa_mw_ksmoco_k2,64631,ifa,MO,IFA,IFA_02,IFA,,29115,,2909388,"IFA St. Louis, MO-IL",0.0,no cell in the extract: territory at zero opportunity
ifa_mw_ksmoco_k2,64632,ifa,MO,IFA,IFA_02,IFA,,29129,,2910342,"IFA St. Louis, MO-IL",0.0,no cell in the extract: territory at zero opportunity
ifa_mw_ksmoco_k2,64633,ifa,MO,IFA,IFA_02,IFA,,29033,,2911566,"IFA St. Louis, MO-IL",0.0,no cell in the extract: territory at zero opportunity
ifa_mw_ksmoco_k2,64635,ifa,MO,IFA,IFA_02,IFA,,29117,,2913852,"IFA St. Louis, MO-IL",0.0,no cell in the extract: territory at zero opportunity
ifa_mw_ksmoco_k2,64636,ifa,MO,IFA,IFA_02,IFA,,29061,,2915274,"IFA St. Louis, MO-IL",0.0,no cell in the extract: territory at zero opportunity
ifa_mw_ksmoco_k2,64637,ifa,MO,IFA,IFA_02,IFA,,29025,28140,2916984,"IFA St. Louis, MO-IL",0.0,no cell in the extract: territory at zero opportunity
ifa_mw_ksmoco_k2,64638,ifa,MO,IFA,IFA_02,IFA,,29117,,2918496,"IFA St. Louis, MO-IL",0.0,no cell in the extract: territory at zero opportunity
ifa_mw_ksmoco_k2,64639,ifa,MO,IFA,IFA_02,IFA,,29033,,2919378,"IFA St. Louis, MO-IL",0.0,no cell in the extract: territory at zero opportunity
ifa_mw_ksmoco_k2,64640,ifa,MO,IFA,IFA_02,IFA,,29061,,2940304,"IFA St. Louis, MO-IL",0.0,no cell in the extract: territory at zero opportunity
ifa_mw_ksmoco_k2,64641,ifa,MO,IFA,IFA_02,IFA,,29079,,2926362,"IFA St. Louis, MO-IL",0.0,no cell in the extract: territory at zero opportunity
ifa_mw_ksmoco_k2,64642,ifa,MO,IFA,IFA_02,IFA,,29081,,2927064,"IFA St. Louis, MO-IL",0.0,no cell in the extract: territory at zero opportunity
ifa_mw_ksmoco_k2,64643,ifa,MO,IFA,IFA_02,IFA,,29033,,2929908,"IFA St. Louis, MO-IL",0.0,no cell in the extract: territory at zero opportunity
ifa_mw_ksmoco_k2,64644,ifa,MO,IFA,IFA_02,IFA,,29025,28140,2930034,"IFA St. Louis, MO-IL",0.0,no cell in the extract: territory at zero opportunity
ifa_mw_ksmoco_k2,64645,ifa,MO,IFA,IFA_02,IFA,,29211,,2930466,"IFA St. Louis, MO-IL",0.0,no cell in the extract: territory at zero opportunity
ifa_mw_ksmoco_k2,64646,ifa,MO,IFA,IFA_02,IFA,,29211,,2933742,"IFA St. Louis, MO-IL",0.0,no cell in the extract: territory at zero opportunity
ifa_mw_ksmoco_k2,64647,ifa,MO,IFA,IFA_02,IFA,,29061,,2936314,"IFA St. Louis, MO-IL",0.0,no cell in the extract: territory at zero opportunity
ifa_mw_ksmoco_k2,64648,ifa,MO,IFA,IFA_02,IFA,,29061,,2936332,"IFA St. Louis, MO-IL",0.0,no cell in the extract: territory at zero opportunity
ifa_mw_ksmoco_k2,64649,ifa,MO,IFA,IFA_02,IFA,,29025,28140,2938522,"IFA St. Louis, MO-IL",0.0,no cell in the extract: territory at zero opportunity
ifa_mw_ksmoco_k2,64650,ifa,MO,IFA,IFA_02,IFA,,29025,28140,2938846,"IFA St. Louis, MO-IL",0.0,no cell in the extract: territory at zero opportunity
ifa_mw_ksmoco_k2,64651,ifa,MO,IFA,IFA_02,IFA,,29115,,2939566,"IFA St. Louis, MO-IL",0.0,no cell in the extract: territory at zero opportunity
ifa_mw_ksmoco_k2,64652,ifa,MO,IFA,IFA_02,IFA,,29079,,2940736,"IFA St. Louis, MO-IL",0.0,no cell in the extract: territory at zero opportunity
ifa_mw_ksmoco_k2,64653,ifa,MO,IFA,IFA_02,IFA,,29115,,2943292,"IFA St. Louis, MO-IL",0.0,no cell in the extract: territory at zero opportunity
ifa_mw_ksmoco_k2,64654,ifa,MO,IFA,IFA_02,IFA,,29061,,2943472,"IFA St. Louis, MO-IL",0.0,no cell in the extract: territory at zero opportunity
ifa_mw_ksmoco_k2,64655,ifa,MO,IFA,IFA_02,IFA,,29171,,2944372,"IFA St. Louis, MO-IL",0.0,no cell in the extract: territory at zero opportunity
ifa_mw_ksmoco_k2,64656,ifa,MO,IFA,IFA_02,IFA,,29117,,2944390,"IFA St. Louis, MO-IL",0.0,no cell in the extract: territory at zero opportunity
ifa_mw_ksmoco_k2,64657,ifa,MO,IFA,IFA_02,IFA,,29075,,2945020,"IFA St. Louis, MO-IL",0.0,no cell in the extract: territory at zero opportunity
ifa_mw_ksmoco_k2,64658,ifa,MO,IFA,IFA_02,IFA,,29041,,2945866,"IFA St. Louis, MO-IL",0.0,no cell in the extract: territory at zero opportunity
ifa_mw_ksmoco_k2,64659,ifa,MO,IFA,IFA_02,IFA,,29115,,2947036,"IFA St. Louis, MO-IL",0.0,no cell in the extract: territory at zero opportunity
ifa_mw_ksmoco_k2,64660,ifa,MO,IFA,IFA_02,IFA,,29041,,2947288,"IFA St. Louis, MO-IL",0.0,no cell in the extract: territory at zero opportunity
ifa_mw_ksmoco_k2,64661,ifa,MO,IFA,IFA_02,IFA,,29129,,2947486,"IFA St. Louis, MO-IL",0.0,no cell in the extract: territory at zero opportunity
ifa_mw_ksmoco_k2,64664,ifa,MO,IFA,IFA_02,IFA,,29117,,2949790,"IFA St. Louis, MO-IL",0.0,no cell in the extract: territory at zero opportunity
ifa_mw_ksmoco_k2,64667,ifa,MO,IFA,IFA_02,IFA,,29211,,2952328,"IFA St. Louis, MO-IL",0.0,no cell in the extract: territory at zero opportunity
ifa_mw_ksmoco_k2,64668,ifa,MO,IFA,IFA_02,IFA,,29033,,2952760,"IFA St. Louis, MO-IL",0.0,no cell in the extract: territory at zero opportunity
ifa_mw_ksmoco_k2,64670,ifa,MO,IFA,IFA_02,IFA,,29061,,2956558,"IFA St. Louis, MO-IL",0.0,no cell in the extract: territory at zero opportunity
ifa_mw_ksmoco_k2,64671,ifa,MO,IFA,IFA_02,IFA,,29025,28140,2958916,"IFA St. Louis, MO-IL",0.0,no cell in the extract: territory at zero opportunity
ifa_mw_ksmoco_k2,64672,ifa,MO,IFA,IFA_02,IFA,,29171,,2959420,"IFA St. Louis, MO-IL",0.0,no cell in the extract: territory at zero opportunity
ifa_mw_ksmoco_k2,64673,ifa,MO,IFA,IFA_02,IFA,,29129,,2960644,"IFA St. Louis, MO-IL",0.0,no cell in the extract: territory at zero opportunity
ifa_mw_ksmoco_k2,64674,ifa,MO,IFA,IFA_02,IFA,,29115,,2960158,"IFA St. Louis, MO-IL",0.0,no cell in the extract: territory at zero opportunity
ifa_mw_ksmoco_k2,64676,ifa,MO,IFA,IFA_02,IFA,,29041,,2963236,"IFA St. Louis, MO-IL",0.0,no cell in the extract: territory at zero opportunity
ifa_mw_ksmoco_k2,64679,ifa,MO,IFA,IFA_02,IFA,,29079,,2969464,"IFA St. Louis, MO-IL",0.0,no cell in the extract: territory at zero opportunity
ifa_mw_ksmoco_k2,64681,ifa,MO,IFA,IFA_02,IFA,,29041,,2971620,"IFA St. Louis, MO-IL",0.0,no cell in the extract: territory at zero opportunity
ifa_mw_ksmoco_k2,64682,ifa,MO,IFA,IFA_02,IFA,,29033,,2973330,"IFA St. Louis, MO-IL",0.0,no cell in the extract: territory at zero opportunity
ifa_mw_ksmoco_k2,64683,ifa,MO,IFA,IFA_02,IFA,,29079,,2973816,"IFA St. Louis, MO-IL",0.0,no cell in the extract: territory at zero opportunity
ifa_mw_ksmoco_k2,64686,ifa,MO,IFA,IFA_02,IFA,,29117,,2975364,"IFA St. Louis, MO-IL",0.0,no cell in the extract: territory at zero opportunity
ifa_mw_ksmoco_k2,64688,ifa,MO,IFA,IFA_02,IFA,,29117,,2979180,"IFA St. Louis, MO-IL",0.0,no cell in the extract: territory at zero opportunity
ifa_mw_ksmoco_k2,64689,ifa,MO,IFA,IFA_02,IFA,,29061,,2980548,"IFA St. Louis, MO-IL",0.0,no cell in the extract: territory at zero opportunity
ifa_mw_ksmoco_k2,64701,ifa,MO,IFA,IFA_02,IFA,,29037,28140,2930610,"IFA St. Louis, MO-IL",0.0,no cell in the extract: territory at zero opportunity
ifa_mw_ksmoco_k2,64720,ifa,MO,IFA,IFA_02,IFA,,29013,28140,2900244,"IFA St. Louis, MO-IL",0.0,no cell in the extract: territory at zero opportunity
ifa_mw_ksmoco_k2,64722,ifa,MO,IFA,IFA_02,IFA,,29013,28140,2901072,"IFA St. Louis, MO-IL",0.0,no cell in the extract: territory at zero opportunity
ifa_mw_ksmoco_k2,64723,ifa,MO,IFA,IFA_02,IFA,,29013,28140,2901090,"IFA St. Louis, MO-IL",0.0,no cell in the extract: territory at zero opportunity
ifa_mw_ksmoco_k2,64724,ifa,MO,IFA,IFA_02,IFA,,29185,,2901522,"IFA St. Louis, MO-IL",0.0,no cell in the extract: territory at zero opportunity
ifa_mw_ksmoco_k2,64725,ifa,MO,IFA,IFA_02,IFA,,29037,28140,2901702,"IFA St. Louis, MO-IL",0.0,no cell in the extract: territory at zero opportunity
ifa_mw_ksmoco_k2,64726,ifa,MO,IFA,IFA_02,IFA,,29083,,2906238,"IFA St. Louis, MO-IL",0.0,no cell in the extract: territory at zero opportunity
ifa_mw_ksmoco_k2,64728,ifa,MO,IFA,IFA_02,IFA,,29217,,2908614,"IFA St. Louis, MO-IL",0.0,no cell in the extract: territory at zero opportunity
ifa_mw_ksmoco_k2,64730,ifa,MO,IFA,IFA_02,IFA,,29013,28140,2910054,"IFA St. Louis, MO-IL",0.181396,
ifa_mw_ksmoco_k2,64733,ifa,MO,IFA,IFA_02,IFA,,29101,47660,2913654,"IFA St. Louis, MO-IL",0.0,no cell in the extract: territory at zero opportunity
ifa_mw_ksmoco_k2,64734,ifa,MO,IFA,IFA_02,IFA,,29037,28140,2914770,"IFA St. Louis, MO-IL",0.0,no cell in the extract: territory at zero opportunity
ifa_mw_ksmoco_k2,64735,ifa,MO,IFA,IFA_02,IFA,,29083,,2914986,"IFA St. Louis, MO-IL",2.28319,
ifa_mw_ksmoco_k2,64738,ifa,MO,IFA,IFA_02,IFA,,29185,,2915562,"IFA St. Louis, MO-IL",0.0,no cell in the extract: territory at zero opportunity
ifa_mw_ksmoco_k2,64739,ifa,MO,IFA,IFA_02,IFA,,29037,28140,2917164,"IFA St. Louis, MO-IL",0.0,no cell in the extract: territory at zero opportunity
ifa_mw_ksmoco_k2,64740,ifa,MO,IFA,IFA_02,IFA,,29083,,2918730,"IFA St. Louis, MO-IL",0.0,no cell in the extract: territory at zero opportunity
ifa_mw_ksmoco_k2,64741,ifa,MO,IFA,IFA_02,IFA,,29217,,2918802,"IFA St. Louis, MO-IL",0.0,no cell in the extract: territory at zero opportunity
ifa_mw_ksmoco_k2,64742,ifa,MO,IFA,IFA_02,IFA,,29037,28140,2920134,"IFA St. Louis, MO-IL",0.0,no cell in the extract: territory at zero opportunity
ifa_mw_ksmoco_k2,64743,ifa,MO,IFA,IFA_02,IFA,,29037,28140,2920980,"IFA St. Louis, MO-IL",0.0,no cell in the extract: territory at zero opportunity
ifa_mw_ksmoco_k2,64744,ifa,MO,IFA,IFA_02,IFA,,29039,,2921502,"IFA St. Louis, MO-IL",0.0,no cell in the extract: territory at zero opportunity
ifa_mw_ksmoco_k2,64745,ifa,MO,IFA,IFA_02,IFA,,29013,28140,2925372,"IFA St. Louis, MO-IL",0.0,no cell in the extract: territory at zero opportunity
ifa_mw_ksmoco_k2,64746,ifa,MO,IFA,IFA_02,IFA,,29037,28140,2925894,"IFA St. Louis, MO-IL",0.0,no cell in the extract: territory at zero opportunity
ifa_mw_ksmoco_k2,64747,ifa,MO,IFA,IFA_02,IFA,,29037,28140,2926434,"IFA St. Louis, MO-IL",0.0,no cell in the extract: territory at zero opportunity
ifa_mw_ksmoco_k2,64748,ifa,MO,IFA,IFA_02,IFA,,29011,,2927676,"IFA St. Louis, MO-IL",0.0,no cell in the extract: territory at zero opportunity
ifa_mw_ksmoco_k2,64750,ifa,MO,IFA,IFA_02,IFA,,29217,,2930862,"IFA St. Louis, MO-IL",0.0,no cell in the extract: territory at zero opportunity
ifa_mw_ksmoco_k2,64752,ifa,MO,IFA,IFA_02,IFA,,29217,,2933724,"IFA St. Louis, MO-IL",0.0,no cell in the extract: territory at zero opportunity
ifa_mw_ksmoco_k2,64755,ifa,MO,IFA,IFA_02,IFA,,29097,27900,2936512,"IFA St. Louis, MO-IL",0.0,no cell in the extract: territory at zero opportunity
ifa_mw_ksmoco_k2,64756,ifa,MO,IFA,IFA_02,IFA,,29039,,2937214,"IFA St. Louis, MO-IL",0.0,no cell in the extract: territory at zero opportunity
ifa_mw_ksmoco_k2,64759,ifa,MO,IFA,IFA_02,IFA,,29011,,2940376,"IFA St. Louis, MO-IL",0.0,no cell in the extract: territory at zero opportunity
ifa_mw_ksmoco_k2,64761,ifa,MO,IFA,IFA_02,IFA,,29101,47660,2941402,"IFA St. Louis, MO-IL",0.0,no cell in the extract: territory at zero opportunity
ifa_mw_ksmoco_k2,64762,ifa,MO,IFA,IFA_02,IFA,,29011,,2941906,"IFA St. Louis, MO-IL",0.0,no cell in the extract: territory at zero opportunity
ifa_mw_ksmoco_k2,64763,ifa,MO,IFA,IFA_02,IFA,,29185,,2944282,"IFA St. Louis, MO-IL",0.0,no cell in the extract: territory at zero opportunity
ifa_mw_ksmoco_k2,64765,ifa,MO,IFA,IFA_02,IFA,,29217,,2947612,"IFA St. Louis, MO-IL",0.0,no cell in the extract: territory at zero opportunity
ifa_mw_ksmoco_k2,64767,ifa,MO,IFA,IFA_02,IFA,,29217,,2948476,"IFA St. Louis, MO-IL",0.0,no cell in the extract: territory at zero opportunity
ifa_mw_ksmoco_k2,64769,ifa,MO,IFA,IFA_02,IFA,,29011,,2948566,"IFA St. Louis, MO-IL",0.0,no cell in the extract: territory at zero opportunity
ifa_mw_ksmoco_k2,64770,ifa,MO,IFA,IFA_02,IFA,,29083,,2949664,"IFA St. Louis, MO-IL",0.0,no cell in the extract: territory at zero opportunity
ifa_mw_ksmoco_k2,64771,ifa,MO,IFA,IFA_02,IFA,,29217,,2950330,"IFA St. Louis, MO-IL",0.0,no cell in the extract: territory at zero opportunity
ifa_mw_ksmoco_k2,64772,ifa,MO,IFA,IFA_02,IFA,,29217,,2951644,"IFA St. Louis, MO-IL",0.0,no cell in the extract: territory at zero opportunity
ifa_mw_ksmoco_k2,64776,ifa,MO,IFA,IFA_02,IFA,,29185,,2955388,"IFA St. Louis, MO-IL",0.0,no cell in the extract: territory at zero opportunity
ifa_mw_ksmoco_k2,64778,ifa,MO,IFA,IFA_02,IFA,,29217,,2961364,"IFA St. Louis, MO-IL",0.0,no cell in the extract: territory at zero opportunity
ifa_mw_ksmoco_k2,64779,ifa,MO,IFA,IFA_02,IFA,,29013,28140,2961418,"IFA St. Louis, MO-IL",0.0,no cell in the extract: territory at zero opportunity
ifa_mw_ksmoco_k2,64780,ifa,MO,IFA,IFA_02,IFA,,29185,,2962786,"IFA St. Louis, MO-IL",0.0,no cell in the extract: territory at zero opportunity
ifa_mw_ksmoco_k2,64781,ifa,MO,IFA,IFA_02,IFA,,29185,,2963074,"IFA St. Louis, MO-IL",0.0,no cell in the extract: territory at zero opportunity
ifa_mw_ksmoco_k2,64783,ifa,MO,IFA,IFA_02,IFA,,29217,,2966134,"IFA St. Louis, MO-IL",0.0,no cell in the extract: territory at zero opportunity
ifa_mw_ksmoco_k2,64784,ifa,MO,IFA,IFA_02,IFA,,29217,,2967214,"IFA St. Louis, MO-IL",0.0,no cell in the extract: territory at zero opportunity
ifa_mw_ksmoco_k2,64788,ifa,MO,IFA,IFA_02,IFA,,29083,,2930772,"IFA St. Louis, MO-IL",0.0,no cell in the extract: territory at zero opportunity
ifa_mw_ksmoco_k2,64790,ifa,MO,IFA,IFA_02,IFA,,29217,,2976660,"IFA St. Louis, MO-IL",0.0,no cell in the extract: territory at zero opportunity
ifa_mw_ksmoco_k2,64801,ifa,MO,IFA,IFA_02,IFA,,29097,27900,2937592,"IFA St. Louis, MO-IL",0.460048,
ifa_mw_ksmoco_k2,64804,ifa,MO,IFA,IFA_02,IFA,,29145,27900,2937592,"IFA St. Louis, MO-IL",0.51426,
ifa_mw_ksmoco_k2,64830,ifa,MO,IFA,IFA_02,IFA,,29097,27900,2900496,"IFA St. Louis, MO-IL",0.0,no cell in the extract: territory at zero opportunity
ifa_mw_ksmoco_k2,64831,ifa,MO,IFA,IFA_02,IFA,,29119,,2901198,"IFA St. Louis, MO-IL",0.0,no cell in the extract: territory at zero opportunity
ifa_mw_ksmoco_k2,64832,ifa,MO,IFA,IFA_02,IFA,,29097,27900,2902098,"IFA St. Louis, MO-IL",0.0,no cell in the extract: territory at zero opportunity
ifa_mw_ksmoco_k2,64833,ifa,MO,IFA,IFA_02,IFA,,29097,27900,2902746,"IFA St. Louis, MO-IL",0.0,no cell in the extract: territory at zero opportunity
ifa_mw_ksmoco_k2,64834,ifa,MO,IFA,IFA_02,IFA,,29097,27900,2911368,"IFA St. Louis, MO-IL",0.0,no cell in the extract: territory at zero opportunity
ifa_mw_ksmoco_k2,64835,ifa,MO,IFA,IFA_02,IFA,,29097,27900,2911638,"IFA St. Louis, MO-IL",0.0,no cell in the extract: territory at zero opportunity
ifa_mw_ksmoco_k2,64836,ifa,MO,IFA,IFA_02,IFA,,29097,27900,2911728,"IFA St. Louis, MO-IL",3.81979,
ifa_mw_ksmoco_k2,64840,ifa,MO,IFA,IFA_02,IFA,,29145,27900,2919432,"IFA St. Louis, MO-IL",0.0,no cell in the extract: territory at zero opportunity
ifa_mw_ksmoco_k2,64841,ifa,MO,IFA,IFA_02,IFA,,29097,27900,2920314,"IFA St. Louis, MO-IL",0.0,no cell in the extract: territory at zero opportunity
ifa_mw_ksmoco_k2,64842,ifa,MO,IFA,IFA_02,IFA,,29145,27900,2923518,"IFA St. Louis, MO-IL",0.0,no cell in the extract: territory at zero opportunity
ifa_mw_ksmoco_k2,64843,ifa,MO,IFA,IFA_02,IFA,,29119,,2927874,"IFA St. Louis, MO-IL",0.0,no cell in the extract: territory at zero opportunity
ifa_mw_ksmoco_k2,64844,ifa,MO,IFA,IFA_02,IFA,,29145,27900,2928108,"IFA St. Louis, MO-IL",0.0,no cell in the extract: territory at zero opportunity
ifa_mw_ksmoco_k2,64847,ifa,MO,IFA,IFA_02,IFA,,29119,,2940592,"IFA St. Louis, MO-IL",0.0,no cell in the extract: territory at zero opportunity
ifa_mw_ksmoco_k2,64848,ifa,MO,IFA,IFA_02,IFA,,29109,,2940790,"IFA St. Louis, MO-IL",0.0,no cell in the extract: territory at zero opportunity
ifa_mw_ksmoco_k2,64849,ifa,MO,IFA,IFA_02,IFA,,29097,27900,2951356,"IFA St. Louis, MO-IL",0.0,no cell in the extract: territory at zero opportunity
ifa_mw_ksmoco_k2,64850,ifa,MO,IFA,IFA_02,IFA,,29145,27900,2951572,"IFA St. Louis, MO-IL",0.0,no cell in the extract: territory at zero opportunity
ifa_mw_ksmoco_k2,64854,ifa,MO,IFA,IFA_02,IFA,,29119,,2952742,"IFA St. Louis, MO-IL",0.0,no cell in the extract: territory at zero opportunity
ifa_mw_ksmoco_k2,64855,ifa,MO,IFA,IFA_02,IFA,,29097,27900,2954920,"IFA St. Louis, MO-IL",0.0,no cell in the extract: territory at zero opportunity
ifa_mw_ksmoco_k2,64856,ifa,MO,IFA,IFA_02,IFA,,29119,,2936422,"IFA St. Louis, MO-IL",0.0,no cell in the extract: territory at zero opportunity
ifa_mw_ksmoco_k2,64857,ifa,MO,IFA,IFA_02,IFA,,29097,27900,2960140,"IFA St. Louis, MO-IL",0.0,no cell in the extract: territory at zero opportunity
ifa_mw_ksmoco_k2,64858,ifa,MO,IFA,IFA_02,IFA,,29145,27900,,"IFA St. Louis, MO-IL",0.0,no cell in the extract: territory at zero opportunity
ifa_mw_ksmoco_k2,64859,ifa,MO,IFA,IFA_02,IFA,,29097,27900,2961094,"IFA St. Louis, MO-IL",0.0,no cell in the extract: territory at zero opportunity
ifa_mw_ksmoco_k2,64861,ifa,MO,IFA,IFA_02,IFA,,29119,,2962822,"IFA St. Louis, MO-IL",0.0,no cell in the extract: territory at zero opportunity
ifa_mw_ksmoco_k2,64862,ifa,MO,IFA,IFA_02,IFA,,29097,27900,2965990,"IFA St. Louis, MO-IL",0.0,no cell in the extract: territory at zero opportunity
ifa_mw_ksmoco_k2,64863,ifa,MO,IFA,IFA_02,IFA,,29119,,2969230,"IFA St. Louis, MO-IL",0.0,no cell in the extract: territory at zero opportunity
ifa_mw_ksmoco_k2,64865,ifa,MO,IFA,IFA_02,IFA,,29145,27900,2966674,"IFA St. Louis, MO-IL",0.0,no cell in the extract: territory at zero opportunity
ifa_mw_ksmoco_k2,64866,ifa,MO,IFA,IFA_02,IFA,,29145,27900,2952292,"IFA St. Louis, MO-IL",0.0,no cell in the extract: territory at zero opportunity
ifa_mw_ksmoco_k2,64867,ifa,MO,IFA,IFA_02,IFA,,29119,,2970648,"IFA St. Louis, MO-IL",0.0,no cell in the extract: territory at zero opportunity
ifa_mw_ksmoco_k2,64868,ifa,MO,IFA,IFA_02,IFA,,29119,,,"IFA St. Louis, MO-IL",0.0,no cell in the extract: territory at zero opportunity
ifa_mw_ksmoco_k2,64870,ifa,MO,IFA,IFA_02,IFA,,29097,27900,2978118,"IFA St. Louis, MO-IL",0.238635,
ifa_mw_ksmoco_k2,64873,ifa,MO,IFA,IFA_02,IFA,,29109,,2978424,"IFA St. Louis, MO-IL",0.0,no cell in the extract: territory at zero opportunity
ifa_mw_ksmoco_k2,64874,ifa,MO,IFA,IFA_02,IFA,,29009,,2979126,"IFA St. Louis, MO-IL",0.0,no cell in the extract: territory at zero opportunity
ifa_mw_ksmoco_k2,65001,ifa,MO,IFA,IFA_02,IFA,,29125,,2901828,"IFA St. Louis, MO-IL",0.0,no cell in the extract: territory at zero opportunity
ifa_mw_ksmoco_k2,65010,ifa,MO,IFA,IFA_02,IFA,,29019,17860,2902242,"IFA St. Louis, MO-IL",0.0,no cell in the extract: territory at zero opportunity
ifa_mw_ksmoco_k2,65011,ifa,MO,IFA,IFA_02,IFA,,29141,,2903376,"IFA St. Louis, MO-IL",0.0,no cell in the extract: territory at zero opportunity
ifa_mw_ksmoco_k2,65013,ifa,MO,IFA,IFA_02,IFA,,29125,,2904150,"IFA St. Louis, MO-IL",0.0,no cell in the extract: territory at zero opportunity
ifa_mw_ksmoco_k2,65014,ifa,MO,IFA,IFA_02,IFA,,29073,,2906256,"IFA St. Louis, MO-IL",0.0,no cell in the extract: territory at zero opportunity
ifa_mw_ksmoco_k2,65016,ifa,MO,IFA,IFA_02,IFA,,29151,27620,,"IFA St. Louis, MO-IL",0.0,no cell in the extract: territory at zero opportunity
ifa_mw_ksmoco_k2,65017,ifa,MO,IFA,IFA_02,IFA,,29131,,2908974,"IFA St. Louis, MO-IL",0.0,no cell in the extract: territory at zero opportunity
ifa_mw_ksmoco_k2,65018,ifa,MO,IFA,IFA_02,IFA,,29135,27620,2910468,"IFA St. Louis, MO-IL",0.0,no cell in the extract: territory at zero opportunity
ifa_mw_ksmoco_k2,65020,ifa,MO,IFA,IFA_02,IFA,,29029,,2910810,"IFA St. Louis, MO-IL",0.0,no cell in the extract: territory at zero opportunity
ifa_mw_ksmoco_k2,65023,ifa,MO,IFA,IFA_02,IFA,,29051,27620,2912664,"IFA St. Louis, MO-IL",0.0954541,
ifa_mw_ksmoco_k2,65024,ifa,MO,IFA,IFA_02,IFA,,29151,27620,2913060,"IFA St. Louis, MO-IL",0.0,no cell in the extract: territory at zero opportunity
ifa_mw_ksmoco_k2,65025,ifa,MO,IFA,IFA_02,IFA,,29135,27620,2914140,"IFA St. Louis, MO-IL",0.0,no cell in the extract: territory at zero opportunity
ifa_mw_ksmoco_k2,65026,ifa,MO,IFA,IFA_02,IFA,,29131,,2921484,"IFA St. Louis, MO-IL",0.0,no cell in the extract: territory at zero opportunity
ifa_mw_ksmoco_k2,65032,ifa,MO,IFA,IFA_02,IFA,,29131,,2922798,"IFA St. Louis, MO-IL",0.0,no cell in the extract: territory at zero opportunity
ifa_mw_ksmoco_k2,65034,ifa,MO,IFA,IFA_02,IFA,,29141,,2925300,"IFA St. Louis, MO-IL",0.0,no cell in the extract: territory at zero opportunity
ifa_mw_ksmoco_k2,65035,ifa,MO,IFA,IFA_02,IFA,,29151,27620,2925822,"IFA St. Louis, MO-IL",0.0,no cell in the extract: territory at zero opportunity
ifa_mw_ksmoco_k2,65037,ifa,MO,IFA,IFA_02,IFA,,29141,,2940916,"IFA St. Louis, MO-IL",0.0222726,
ifa_mw_ksmoco_k2,65039,ifa,MO,IFA,IFA_02,IFA,,29019,17860,2930718,"IFA St. Louis, MO-IL",0.0,no cell in the extract: territory at zero opportunity
ifa_mw_ksmoco_k2,65040,ifa,MO,IFA,IFA_02,IFA,,29051,27620,,"IFA St. Louis, MO-IL",0.0,no cell in the extract: territory at zero opportunity
ifa_mw_ksmoco_k2,65041,ifa,MO,IFA,IFA_02,IFA,,29073,,2931762,"IFA St. Louis, MO-IL",0.241052,
ifa_mw_ksmoco_k2,65043,ifa,MO,IFA,IFA_02,IFA,,29027,27620,2932770,"IFA St. Louis, MO-IL",0.0,no cell in the extract: territory at zero opportunity
ifa_mw_ksmoco_k2,65046,ifa,MO,IFA,IFA_02,IFA,,29135,27620,2936368,"IFA St. Louis, MO-IL",0.0,no cell in the extract: territory at zero opportunity
ifa_mw_ksmoco_k2,65047,ifa,MO,IFA,IFA_02,IFA,,29131,,2955244,"IFA St. Louis, MO-IL",0.0,no cell in the extract: territory at zero opportunity
ifa_mw_ksmoco_k2,65048,ifa,MO,IFA,IFA_02,IFA,,29151,27620,,"IFA St. Louis, MO-IL",0.0,no cell in the extract: territory at zero opportunity
ifa_mw_ksmoco_k2,65049,ifa,MO,IFA,IFA_02,IFA,,29029,,2940034,"IFA St. Louis, MO-IL",0.0,no cell in the extract: territory at zero opportunity
ifa_mw_ksmoco_k2,65050,ifa,MO,IFA,IFA_02,IFA,,29135,27620,2940808,"IFA St. Louis, MO-IL",0.0,no cell in the extract: territory at zero opportunity
ifa_mw_ksmoco_k2,65051,ifa,MO,IFA,IFA_02,IFA,,29151,27620,2943238,"IFA St. Louis, MO-IL",0.0936914,
ifa_mw_ksmoco_k2,65052,ifa,MO,IFA,IFA_02,IFA,,29029,,2943274,"IFA St. Louis, MO-IL",0.0,no cell in the extract: territory at zero opportunity
ifa_mw_ksmoco_k2,65053,ifa,MO,IFA,IFA_02,IFA,,29051,27620,2943652,"IFA St. Louis, MO-IL",0.0,no cell in the extract: territory at zero opportunity
ifa_mw_ksmoco_k2,65054,ifa,MO,IFA,IFA_02,IFA,,29151,27620,,"IFA St. Louis, MO-IL",0.0,no cell in the extract: territory at zero opportunity
ifa_mw_ksmoco_k2,65058,ifa,MO,IFA,IFA_02,IFA,,29125,,2947594,"IFA St. Louis, MO-IL",0.0,no cell in the extract: territory at zero opportunity
ifa_mw_ksmoco_k2,65059,ifa,MO,IFA,IFA_02,IFA,,29027,27620,2949070,"IFA St. Louis, MO-IL",0.0,no cell in the extract: territory at zero opportunity
ifa_mw_ksmoco_k2,65061,ifa,MO,IFA,IFA_02,IFA,,29073,,2950060,"IFA St. Louis, MO-IL",0.0,no cell in the extract: territory at zero opportunity
ifa_mw_ksmoco_k2,65062,ifa,MO,IFA,IFA_02,IFA,,29151,27620,,"IFA St. Louis, MO-IL",0.0,no cell in the extract: territory at zero opportunity
ifa_mw_ksmoco_k2,65063,ifa,MO,IFA,IFA_02,IFA,,29027,27620,2951680,"IFA St. Louis, MO-IL",0.0,no cell in the extract: territory at zero opportunity
ifa_mw_ksmoco_k2,65064,ifa,MO,IFA,IFA_02,IFA,,29131,,2954560,"IFA St. Louis, MO-IL",0.0,no cell in the extract: territory at zero opportunity
ifa_mw_ksmoco_k2,65065,ifa,MO,IFA,IFA_02,IFA,,29029,,2955244,"IFA St. Louis, MO-IL",2.40844,
ifa_mw_ksmoco_k2,65066,ifa,MO,IFA,IFA_02,IFA,,29073,,2955640,"IFA St. Louis, MO-IL",0.0,no cell in the extract: territory at zero opportunity
ifa_mw_ksmoco_k2,65067,ifa,MO,IFA,IFA_02,IFA,,29027,27620,,"IFA St. Louis, MO-IL",0.0,no cell in the extract: territory at zero opportunity
ifa_mw_ksmoco_k2,65068,ifa,MO,IFA,IFA_02,IFA,,29053,17860,2959726,"IFA St. Louis, MO-IL",0.0,no cell in the extract: territory at zero opportunity
ifa_mw_ksmoco_k2,65069,ifa,MO,IFA,IFA_02,IFA,,29139,,2961328,"IFA St. Louis, MO-IL",0.0,no cell in the extract: territory at zero opportunity
ifa_mw_ksmoco_k2,65072,ifa,MO,IFA,IFA_02,IFA,,29141,,,"IFA St. Louis, MO-IL",0.0,no cell in the extract: territory at zero opportunity
ifa_mw_ksmoco_k2,65074,ifa,MO,IFA,IFA_02,IFA,,29135,27620,2963704,"IFA St. Louis, MO-IL",0.238635,
ifa_mw_ksmoco_k2,65075,ifa,MO,IFA,IFA_02,IFA,,29131,,2964190,"IFA St. Louis, MO-IL",0.0,no cell in the extract: territory at zero opportunity
ifa_mw_ksmoco_k2,65076,ifa,MO,IFA,IFA_02,IFA,,29051,27620,2965162,"IFA St. Louis, MO-IL",0.0,no cell in the extract: territory at zero opportunity
ifa_mw_ksmoco_k2,65077,ifa,MO,IFA,IFA_02,IFA,,29027,27620,,"IFA St. Louis, MO-IL",0.0,no cell in the extract: territory at zero opportunity
ifa_mw_ksmoco_k2,65078,ifa,MO,IFA,IFA_02,IFA,,29141,,2971044,"IFA St. Louis, MO-IL",0.0,no cell in the extract: territory at zero opportunity
ifa_mw_ksmoco_k2,65079,ifa,MO,IFA,IFA_02,IFA,,29029,,2971728,"IFA St. Louis, MO-IL",0.0,no cell in the extract: territory at zero opportunity
ifa_mw_ksmoco_k2,65080,ifa,MO,IFA,IFA_02,IFA,,29027,27620,2972574,"IFA St. Louis, MO-IL",0.0,no cell in the extract: territory at zero opportunity
ifa_mw_ksmoco_k2,65081,ifa,MO,IFA,IFA_02,IFA,,29135,27620,2973420,"IFA St. Louis, MO-IL",0.0,no cell in the extract: territory at zero opportunity
ifa_mw_ksmoco_k2,65082,ifa,MO,IFA,IFA_02,IFA,,29131,,2974194,"IFA St. Louis, MO-IL",0.0,no cell in the extract: territory at zero opportunity
ifa_mw_ksmoco_k2,65083,ifa,MO,IFA,IFA_02,IFA,,29131,,,"IFA St. Louis, MO-IL",0.0,no cell in the extract: territory at zero opportunity
ifa_mw_ksmoco_k2,65084,ifa,MO,IFA,IFA_02,IFA,,29141,,2975922,"IFA St. Louis, MO-IL",0.0,no cell in the extract: territory at zero opportunity
ifa_mw_ksmoco_k2,65085,ifa,MO,IFA,IFA_02,IFA,,29151,27620,2978910,"IFA St. Louis, MO-IL",0.0,no cell in the extract: territory at zero opportunity
ifa_mw_ksmoco_k2,65101,ifa,MO,IFA,IFA_02,IFA,,29051,27620,2937000,"IFA St. Louis, MO-IL",1.30247,
ifa_mw_ksmoco_k2,65109,ifa,MO,IFA,IFA_02,IFA,,29051,27620,2937000,"IFA St. Louis, MO-IL",20.7978,
ifa_mw_ksmoco_k2,65201,ifa,MO,IFA,IFA_02,IFA,,29019,17860,2915670,"IFA St. Louis, MO-IL",9.24011,
ifa_mw_ksmoco_k2,65202,ifa,MO,IFA,IFA_02,IFA,,29019,17860,2915670,"IFA St. Louis, MO-IL",0.0,no cell in the extract: territory at zero opportunity
ifa_mw_ksmoco_k2,65203,ifa,MO,IFA,IFA_02,IFA,,29019,17860,2915670,"IFA St. Louis, MO-IL",21.3798,
ifa_mw_ksmoco_k2,65215,ifa,MO,IFA,IFA_02,IFA,,29019,17860,2915670,"IFA St. Louis, MO-IL",0.0,no cell in the extract: territory at zero opportunity
ifa_mw_ksmoco_k2,65216,ifa,MO,IFA,IFA_02,IFA,,29019,17860,2915670,"IFA St. Louis, MO-IL",0.0,no cell in the extract: territory at zero opportunity
ifa_mw_ksmoco_k2,65230,ifa,MO,IFA,IFA_02,IFA,,29089,17860,2901954,"IFA St. Louis, MO-IL",0.0,no cell in the extract: territory at zero opportunity
ifa_mw_ksmoco_k2,65231,ifa,MO,IFA,IFA_02,IFA,,29027,27620,2902638,"IFA St. Louis, MO-IL",0.0,no cell in the extract: territory at zero opportunity
ifa_mw_ksmoco_k2,65232,ifa,MO,IFA,IFA_02,IFA,,29007,33020,2904834,"IFA St. Louis, MO-IL",0.0795451,
ifa_mw_ksmoco_k2,65233,ifa,MO,IFA,IFA_02,IFA,,29053,17860,2907318,"IFA St. Louis, MO-IL",1.03726,
ifa_mw_ksmoco_k2,65236,ifa,MO,IFA,IFA_02,IFA,,29041,,2909046,"IFA St. Louis, MO-IL",0.0,no cell in the extract: territory at zero opportunity
ifa_mw_ksmoco_k2,65237,ifa,MO,IFA,IFA_02,IFA,,29053,17860,2909658,"IFA St. Louis, MO-IL",0.0,no cell in the extract: territory at zero opportunity
ifa_mw_ksmoco_k2,65239,ifa,MO,IFA,IFA_02,IFA,,29175,33620,2910360,"IFA St. Louis, MO-IL",0.0,no cell in the extract: territory at zero opportunity
ifa_mw_ksmoco_k2,65240,ifa,MO,IFA,IFA_02,IFA,,29007,33020,2912898,"IFA St. Louis, MO-IL",0.0,no cell in the extract: territory at zero opportunity
ifa_mw_ksmoco_k2,65243,ifa,MO,IFA,IFA_02,IFA,,29175,33620,2914068,"IFA St. Louis, MO-IL",0.0,no cell in the extract: territory at zero opportunity
ifa_mw_ksmoco_k2,65244,ifa,MO,IFA,IFA_02,IFA,,29175,33620,2914896,"IFA St. Louis, MO-IL",0.0,no cell in the extract: territory at zero opportunity
ifa_mw_ksmoco_k2,65246,ifa,MO,IFA,IFA_02,IFA,,29041,,2918118,"IFA St. Louis, MO-IL",0.0,no cell in the extract: territory at zero opportunity
ifa_mw_ksmoco_k2,65247,ifa,MO,IFA,IFA_02,IFA,,29121,,2923050,"IFA St. Louis, MO-IL",0.0,no cell in the extract: territory at zero opportunity
ifa_mw_ksmoco_k2,65248,ifa,MO,IFA,IFA_02,IFA,,29089,17860,2923842,"IFA St. Louis, MO-IL",0.0,no cell in the extract: territory at zero opportunity
ifa_mw_ksmoco_k2,65250,ifa,MO,IFA,IFA_02,IFA,,29089,17860,2925624,"IFA St. Louis, MO-IL",0.0,no cell in the extract: territory at zero opportunity
ifa_mw_ksmoco_k2,65251,ifa,MO,IFA,IFA_02,IFA,,29027,27620,2926182,"IFA St. Louis, MO-IL",0.777061,
ifa_mw_ksmoco_k2,65254,ifa,MO,IFA,IFA_02,IFA,,29089,17860,2927208,"IFA St. Louis, MO-IL",0.0,no cell in the extract: territory at zero opportunity
ifa_mw_ksmoco_k2,65255,ifa,MO,IFA,IFA_02,IFA,,29019,17860,2929998,"IFA St. Louis, MO-IL",0.0,no cell in the extract: territory at zero opportunity
ifa_mw_ksmoco_k2,65256,ifa,MO,IFA,IFA_02,IFA,,29019,17860,2930484,"IFA St. Louis, MO-IL",0.0,no cell in the extract: territory at zero opportunity
ifa_mw_ksmoco_k2,65257,ifa,MO,IFA,IFA_02,IFA,,29175,33620,2931924,"IFA St. Louis, MO-IL",0.0,no cell in the extract: territory at zero opportunity
ifa_mw_ksmoco_k2,65258,ifa,MO,IFA,IFA_02,IFA,,29137,,2932626,"IFA St. Louis, MO-IL",0.0,no cell in the extract: territory at zero opportunity
ifa_mw_ksmoco_k2,65259,ifa,MO,IFA,IFA_02,IFA,,29175,33620,2933886,"IFA St. Louis, MO-IL",0.0,no cell in the extract: territory at zero opportunity
ifa_mw_ksmoco_k2,65260,ifa,MO,IFA,IFA_02,IFA,,29175,33620,2936224,"IFA St. Louis, MO-IL",0.0,no cell in the extract: territory at zero opportunity
ifa_mw_ksmoco_k2,65261,ifa,MO,IFA,IFA_02,IFA,,29041,,2938468,"IFA St. Louis, MO-IL",0.0,no cell in the extract: territory at zero opportunity
ifa_mw_ksmoco_k2,65262,ifa,MO,IFA,IFA_02,IFA,,29027,27620,2938792,"IFA St. Louis, MO-IL",0.0,no cell in the extract: territory at zero opportunity
ifa_mw_ksmoco_k2,65263,ifa,MO,IFA,IFA_02,IFA,,29137,,2947846,"IFA St. Louis, MO-IL",0.0,no cell in the extract: territory at zero opportunity
ifa_mw_ksmoco_k2,65264,ifa,MO,IFA,IFA_02,IFA,,29007,33020,2946460,"IFA St. Louis, MO-IL",0.0,no cell in the extract: territory at zero opportunity
ifa_mw_ksmoco_k2,65265,ifa,MO,IFA,IFA_02,IFA,,29007,33020,2947648,"IFA St. Louis, MO-IL",0.191484,
ifa_mw_ksmoco_k2,65270,ifa,MO,IFA,IFA_02,IFA,,29175,33620,2949034,"IFA St. Louis, MO-IL",6.67605,
ifa_mw_ksmoco_k2,65274,ifa,MO,IFA,IFA_02,IFA,,29089,17860,2951824,"IFA St. Louis, MO-IL",0.0,no cell in the extract: territory at zero opportunity
ifa_mw_ksmoco_k2,65275,ifa,MO,IFA,IFA_02,IFA,,29137,,2956144,"IFA St. Louis, MO-IL",0.0,no cell in the extract: territory at zero opportunity
ifa_mw_ksmoco_k2,65276,ifa,MO,IFA,IFA_02,IFA,,29053,17860,2957602,"IFA St. Louis, MO-IL",0.0,no cell in the extract: territory at zero opportunity
ifa_mw_ksmoco_k2,65278,ifa,MO,IFA,IFA_02,IFA,,29175,33620,2961166,"IFA St. Louis, MO-IL",0.0,no cell in the extract: territory at zero opportunity
ifa_mw_ksmoco_k2,65279,ifa,MO,IFA,IFA_02,IFA,,29019,17860,2962498,"IFA St. Louis, MO-IL",0.0,no cell in the extract: territory at zero opportunity
ifa_mw_ksmoco_k2,65280,ifa,MO,IFA,IFA_02,IFA,,29007,33020,2963560,"IFA St. Louis, MO-IL",0.0,no cell in the extract: territory at zero opportunity
ifa_mw_ksmoco_k2,65281,ifa,MO,IFA,IFA_02,IFA,,29041,,2965450,"IFA St. Louis, MO-IL",0.0,no cell in the extract: territory at zero opportunity
ifa_mw_ksmoco_k2,65282,ifa,MO,IFA,IFA_02,IFA,,29137,,,"IFA St. Louis, MO-IL",0.0,no cell in the extract: territory at zero opportunity
ifa_mw_ksmoco_k2,65283,ifa,MO,IFA,IFA_02,IFA,,29137,,2971026,"IFA St. Louis, MO-IL",0.0,no cell in the extract: territory at zero opportunity
ifa_mw_ksmoco_k2,65284,ifa,MO,IFA,IFA_02,IFA,,29019,17860,2971224,"IFA St. Louis, MO-IL",0.0,no cell in the extract: territory at zero opportunity
ifa_mw_ksmoco_k2,65285,ifa,MO,IFA,IFA_02,IFA,,29007,33020,,"IFA St. Louis, MO-IL",0.0,no cell in the extract: territory at zero opportunity
ifa_mw_ksmoco_k2,65286,ifa,MO,IFA,IFA_02,IFA,,29041,,2973870,"IFA St. Louis, MO-IL",0.0,no cell in the extract: territory at zero opportunity
ifa_mw_ksmoco_k2,65287,ifa,MO,IFA,IFA_02,IFA,,29135,27620,2981016,"IFA St. Louis, MO-IL",0.0,no cell in the extract: territory at zero opportunity
ifa_mw_ksmoco_k2,65301,ifa,MO,IFA,IFA_02,IFA,,29159,42740,2966440,"IFA St. Louis, MO-IL",0.0523873,
ifa_mw_ksmoco_k2,65305,ifa,MO,IFA,IFA_02,IFA,,29101,47660,2979432,"IFA St. Louis, MO-IL",0.0,no cell in the extract: territory at zero opportunity
ifa_mw_ksmoco_k2,65320,ifa,MO,IFA,IFA_02,IFA,,29195,32180,2902044,"IFA St. Louis, MO-IL",0.0,no cell in the extract: territory at zero opportunity
ifa_mw_ksmoco_k2,65321,ifa,MO,IFA,IFA_02,IFA,,29195,32180,2905950,"IFA St. Louis, MO-IL",0.0,no cell in the extract: territory at zero opportunity
ifa_mw_ksmoco_k2,65322,ifa,MO,IFA,IFA_02,IFA,,29053,17860,2906148,"IFA St. Louis, MO-IL",0.0,no cell in the extract: territory at zero opportunity
ifa_mw_ksmoco_k2,65323,ifa,MO,IFA,IFA_02,IFA,,29083,,2910450,"IFA St. Louis, MO-IL",0.0,no cell in the extract: territory at zero opportunity
ifa_mw_ksmoco_k2,65324,ifa,MO,IFA,IFA_02,IFA,,29029,,2914914,"IFA St. Louis, MO-IL",0.0,no cell in the extract: territory at zero opportunity
ifa_mw_ksmoco_k2,65325,ifa,MO,IFA,IFA_02,IFA,,29015,,2915436,"IFA St. Louis, MO-IL",0.0,no cell in the extract: territory at zero opportunity
ifa_mw_ksmoco_k2,65326,ifa,MO,IFA,IFA_02,IFA,,29015,,,"IFA St. Louis, MO-IL",0.0,no cell in the extract: territory at zero opportunity
ifa_mw_ksmoco_k2,65327,ifa,MO,IFA,IFA_02,IFA,,29195,32180,2922312,"IFA St. Louis, MO-IL",0.0,no cell in the extract: territory at zero opportunity
ifa_mw_ksmoco_k2,65329,ifa,MO,IFA,IFA_02,IFA,,29141,,,"IFA St. Louis, MO-IL",0.0,no cell in the extract: territory at zero opportunity
ifa_mw_ksmoco_k2,65330,ifa,MO,IFA,IFA_02,IFA,,29195,32180,2927028,"IFA St. Louis, MO-IL",0.0,no cell in the extract: territory at zero opportunity
ifa_mw_ksmoco_k2,65332,ifa,MO,IFA,IFA_02,IFA,,29159,42740,2929332,"IFA St. Louis, MO-IL",0.0,no cell in the extract: territory at zero opportunity
ifa_mw_ksmoco_k2,65333,ifa,MO,IFA,IFA_02,IFA,,29159,42740,2933256,"IFA St. Louis, MO-IL",0.0,no cell in the extract: territory at zero opportunity
ifa_mw_ksmoco_k2,65334,ifa,MO,IFA,IFA_02,IFA,,29159,42740,2933652,"IFA St. Louis, MO-IL",0.0,no cell in the extract: territory at zero opportunity
ifa_mw_ksmoco_k2,65335,ifa,MO,IFA,IFA_02,IFA,,29159,42740,2935306,"IFA St. Louis, MO-IL",0.0,no cell in the extract: territory at zero opportunity
ifa_mw_ksmoco_k2,65336,ifa,MO,IFA,IFA_02,IFA,,29101,47660,2939188,"IFA St. Louis, MO-IL",0.0,no cell in the extract: territory at zero opportunity
ifa_mw_ksmoco_k2,65337,ifa,MO,IFA,IFA_02,IFA,,29159,42740,2940520,"IFA St. Louis, MO-IL",0.0,no cell in the extract: territory at zero opportunity
ifa_mw_ksmoco_k2,65338,ifa,MO,IFA,IFA_02,IFA,,29015,,2942608,"IFA St. Louis, MO-IL",0.0,no cell in the extract: territory at zero opportunity
ifa_mw_ksmoco_k2,65339,ifa,MO,IFA,IFA_02,IFA,,29195,32180,2945632,"IFA St. Louis, MO-IL",0.0,no cell in the extract: territory at zero opportunity
ifa_mw_ksmoco_k2,65340,ifa,MO,IFA,IFA_02,IFA,,29195,32180,2946316,"IFA St. Louis, MO-IL",0.0,no cell in the extract: territory at zero opportunity
ifa_mw_ksmoco_k2,65344,ifa,MO,IFA,IFA_02,IFA,,29195,32180,2947684,"IFA St. Louis, MO-IL",0.0,no cell in the extract: territory at zero opportunity
ifa_mw_ksmoco_k2,65345,ifa,MO,IFA,IFA_02,IFA,,29015,,,"IFA St. Louis, MO-IL",0.0,no cell in the extract: territory at zero opportunity
ifa_mw_ksmoco_k2,65347,ifa,MO,IFA,IFA_02,IFA,,29195,32180,2951500,"IFA St. Louis, MO-IL",0.0,no cell in the extract: territory at zero opportunity
ifa_mw_ksmoco_k2,65348,ifa,MO,IFA,IFA_02,IFA,,29053,17860,2955478,"IFA St. Louis, MO-IL",0.0,no cell in the extract: territory at zero opportunity
ifa_mw_ksmoco_k2,65349,ifa,MO,IFA,IFA_02,IFA,,29195,32180,2968204,"IFA St. Louis, MO-IL",0.0,no cell in the extract: territory at zero opportunity
ifa_mw_ksmoco_k2,65350,ifa,MO,IFA,IFA_02,IFA,,29159,42740,2968384,"IFA St. Louis, MO-IL",0.0,no cell in the extract: territory at zero opportunity
ifa_mw_ksmoco_k2,65351,ifa,MO,IFA,IFA_02,IFA,,29195,32180,2971890,"IFA St. Louis, MO-IL",0.0,no cell in the extract: territory at zero opportunity
ifa_mw_ksmoco_k2,65354,ifa,MO,IFA,IFA_02,IFA,,29141,,2972106,"IFA St. Louis, MO-IL",0.0,no cell in the extract: territory at zero opportunity
ifa_mw_ksmoco_k2,65355,ifa,MO,IFA,IFA_02,IFA,,29015,,2977146,"IFA St. Louis, MO-IL",0.0,no cell in the extract: territory at zero opportunity
ifa_mw_ksmoco_k2,65360,ifa,MO,IFA,IFA_02,IFA,,29083,,2980350,"IFA St. Louis, MO-IL",0.0,no cell in the extract: territory at zero opportunity
ifa_mw_ksmoco_k2,65401,ifa,MO,IFA,IFA_02,IFA,,29161,40620,2962912,"IFA St. Louis, MO-IL",0.198863,
ifa_mw_ksmoco_k2,65409,ifa,MO,IFA,IFA_02,IFA,,29161,40620,2962912,"IFA St. Louis, MO-IL",0.0,no cell in the extract: territory at zero opportunity
ifa_mw_ksmoco_k2,65436,ifa,MO,IFA,IFA_02,IFA,,29161,40620,,"IFA St. Louis, MO-IL",0.0,no cell in the extract: territory at zero opportunity
ifa_mw_ksmoco_k2,65438,ifa,MO,IFA,IFA_02,IFA,,29203,,2905734,"IFA St. Louis, MO-IL",0.0,no cell in the extract: territory at zero opportunity
ifa_mw_ksmoco_k2,65439,ifa,MO,IFA,IFA_02,IFA,,29093,,2976012,"IFA St. Louis, MO-IL",0.0,no cell in the extract: territory at zero opportunity
ifa_mw_ksmoco_k2,65440,ifa,MO,IFA,IFA_02,IFA,,29065,,,"IFA St. Louis, MO-IL",0.0,no cell in the extract: territory at zero opportunity
ifa_mw_ksmoco_k2,65441,ifa,MO,IFA,IFA_02,IFA,,29055,,2907534,"IFA St. Louis, MO-IL",0.0,no cell in the extract: territory at zero opportunity
ifa_mw_ksmoco_k2,65443,ifa,MO,IFA,IFA_02,IFA,,29125,,,"IFA St. Louis, MO-IL",0.0,no cell in the extract: territory at zero opportunity
ifa_mw_ksmoco_k2,65444,ifa,MO,IFA,IFA_02,IFA,,29215,,,"IFA St. Louis, MO-IL",0.0,no cell in the extract: territory at zero opportunity
ifa_mw_ksmoco_k2,65446,ifa,MO,IFA,IFA_02,IFA,,29055,,,"IFA St. Louis, MO-IL",0.0,no cell in the extract: territory at zero opportunity
ifa_mw_ksmoco_k2,65449,ifa,MO,IFA,IFA_02,IFA,,29055,,,"IFA St. Louis, MO-IL",0.0,no cell in the extract: territory at zero opportunity
ifa_mw_ksmoco_k2,65452,ifa,MO,IFA,IFA_02,IFA,,29169,22780,2917344,"IFA St. Louis, MO-IL",0.0,no cell in the extract: territory at zero opportunity
ifa_mw_ksmoco_k2,65453,ifa,MO,IFA,IFA_02,IFA,,29055,,2917668,"IFA St. Louis, MO-IL",0.337768,
ifa_mw_ksmoco_k2,65456,ifa,MO,IFA,IFA_02,IFA,,29055,,,"IFA St. Louis, MO-IL",0.0,no cell in the extract: territory at zero opportunity
ifa_mw_ksmoco_k2,65457,ifa,MO,IFA,IFA_02,IFA,,29169,22780,,"IFA St. Louis, MO-IL",0.0,no cell in the extract: territory at zero opportunity
ifa_mw_ksmoco_k2,65459,ifa,MO,IFA,IFA_02,IFA,,29125,,2919630,"IFA St. Louis, MO-IL",0.0,no cell in the extract: territory at zero opportunity
ifa_mw_ksmoco_k2,65461,ifa,MO,IFA,IFA_02,IFA,,29169,22780,,"IFA St. Louis, MO-IL",0.0,no cell in the extract: territory at zero opportunity
ifa_mw_ksmoco_k2,65462,ifa,MO,IFA,IFA_02,IFA,,29161,40620,2921214,"IFA St. Louis, MO-IL",0.0,no cell in the extract: territory at zero opportunity
ifa_mw_ksmoco_k2,65463,ifa,MO,IFA,IFA_02,IFA,,29105,30060,,"IFA St. Louis, MO-IL",0.0,no cell in the extract: territory at zero opportunity
ifa_mw_ksmoco_k2,65464,ifa,MO,IFA,IFA_02,IFA,,29215,,,"IFA St. Louis, MO-IL",0.0,no cell in the extract: territory at zero opportunity
ifa_mw_ksmoco_k2,65466,ifa,MO,IFA,IFA_02,IFA,,29203,,2922276,"IFA St. Louis, MO-IL",0.0,no cell in the extract: territory at zero opportunity
ifa_mw_ksmoco_k2,65468,ifa,MO,IFA,IFA_02,IFA,,29215,,,"IFA St. Louis, MO-IL",0.0,no cell in the extract: territory at zero opportunity
ifa_mw_ksmoco_k2,65470,ifa,MO,IFA,IFA_02,IFA,,29105,30060,,"IFA St. Louis, MO-IL",0.0,no cell in the extract: territory at zero opportunity
ifa_mw_ksmoco_k2,65473,ifa,MO,IFA,IFA_02,IFA,,29169,22780,2925264,"IFA St. Louis, MO-IL",0.0,no cell in the extract: territory at zero opportunity
ifa_mw_ksmoco_k2,65479,ifa,MO,IFA,IFA_02,IFA,,29203,,,"IFA St. Louis, MO-IL",0.0,no cell in the extract: territory at zero opportunity
ifa_mw_ksmoco_k2,65483,ifa,MO,IFA,IFA_02,IFA,,29215,,2933238,"IFA St. Louis, MO-IL",0.0,no cell in the extract: territory at zero opportunity
ifa_mw_ksmoco_k2,65484,ifa,MO,IFA,IFA_02,IFA,,29215,,,"IFA St. Louis, MO-IL",0.0,no cell in the extract: territory at zero opportunity
ifa_mw_ksmoco_k2,65486,ifa,MO,IFA,IFA_02,IFA,,29131,,2934228,"IFA St. Louis, MO-IL",0.0,no cell in the extract: territory at zero opportunity
ifa_mw_ksmoco_k2,65501,ifa,MO,IFA,IFA_02,IFA,,29065,,,"IFA St. Louis, MO-IL",0.0,no cell in the extract: territory at zero opportunity
ifa_mw_ksmoco_k2,65529,ifa,MO,IFA,IFA_02,IFA,,29161,40620,,"IFA St. Louis, MO-IL",0.0,no cell in the extract: territory at zero opportunity
ifa_mw_ksmoco_k2,65534,ifa,MO,IFA,IFA_02,IFA,,29169,22780,,"IFA St. Louis, MO-IL",0.0,no cell in the extract: territory at zero opportunity
ifa_mw_ksmoco_k2,65535,ifa,MO,IFA,IFA_02,IFA,,29055,,2941114,"IFA St. Louis, MO-IL",0.0,no cell in the extract: territory at zero opportunity
ifa_mw_ksmoco_k2,65536,ifa,MO,IFA,IFA_02,IFA,,29105,30060,2941168,"IFA St. Louis, MO-IL",1.23236,
ifa_mw_ksmoco_k2,65541,ifa,MO,IFA,IFA_02,IFA,,29065,,,"IFA St. Louis, MO-IL",0.0,no cell in the extract: territory at zero opportunity
ifa_mw_ksmoco_k2,65542,ifa,MO,IFA,IFA_02,IFA,,29215,,2942464,"IFA St. Louis, MO-IL",0.0,no cell in the extract: territory at zero opportunity
ifa_mw_ksmoco_k2,65543,ifa,MO,IFA,IFA_02,IFA,,29229,,,"IFA St. Louis, MO-IL",0.0,no cell in the extract: territory at zero opportunity
ifa_mw_ksmoco_k2,65548,ifa,MO,IFA,IFA_02,IFA,,29091,48460,2950438,"IFA St. Louis, MO-IL",0.0,no cell in the extract: territory at zero opportunity
ifa_mw_ksmoco_k2,65550,ifa,MO,IFA,IFA_02,IFA,,29161,40620,2919828,"IFA St. Louis, MO-IL",0.0,no cell in the extract: territory at zero opportunity
ifa_mw_ksmoco_k2,65552,ifa,MO,IFA,IFA_02,IFA,,29215,,2958088,"IFA St. Louis, MO-IL",0.0,no cell in the extract: territory at zero opportunity
ifa_mw_ksmoco_k2,65555,ifa,MO,IFA,IFA_02,IFA,,29215,,2960734,"IFA St. Louis, MO-IL",0.0,no cell in the extract: territory at zero opportunity
ifa_mw_ksmoco_k2,65556,ifa,MO,IFA,IFA_02,IFA,,29169,22780,2961562,"IFA St. Louis, MO-IL",0.0,no cell in the extract: territory at zero opportunity
ifa_mw_ksmoco_k2,65557,ifa,MO,IFA,IFA_02,IFA,,29215,,,"IFA St. Louis, MO-IL",0.0,no cell in the extract: territory at zero opportunity
ifa_mw_ksmoco_k2,65559,ifa,MO,IFA,IFA_02,IFA,,29161,40620,2964424,"IFA St. Louis, MO-IL",0.0,no cell in the extract: territory at zero opportunity
ifa_mw_ksmoco_k2,65560,ifa,MO,IFA,IFA_02,IFA,,29065,,2965234,"IFA St. Louis, MO-IL",0.0,no cell in the extract: territory at zero opportunity
ifa_mw_ksmoco_k2,65564,ifa,MO,IFA,IFA_02,IFA,,29215,,,"IFA St. Louis, MO-IL",0.0,no cell in the extract: territory at zero opportunity
ifa_mw_ksmoco_k2,65565,ifa,MO,IFA,IFA_02,IFA,,29055,,2970576,"IFA St. Louis, MO-IL",0.0,no cell in the extract: territory at zero opportunity
ifa_mw_ksmoco_k2,65566,ifa,MO,IFA,IFA_02,IFA,,29055,,2976012,"IFA St. Louis, MO-IL",0.0,no cell in the extract: territory at zero opportunity
ifa_mw_ksmoco_k2,65567,ifa,MO,IFA,IFA_02,IFA,,29029,,2971008,"IFA St. Louis, MO-IL",0.0,no cell in the extract: territory at zero opportunity
ifa_mw_ksmoco_k2,65570,ifa,MO,IFA,IFA_02,IFA,,29215,,,"IFA St. Louis, MO-IL",0.0,no cell in the extract: territory at zero opportunity
ifa_mw_ksmoco_k2,65571,ifa,MO,IFA,IFA_02,IFA,,29215,,2971512,"IFA St. Louis, MO-IL",0.0,no cell in the extract: territory at zero opportunity
ifa_mw_ksmoco_k2,65580,ifa,MO,IFA,IFA_02,IFA,,29125,,,"IFA St. Louis, MO-IL",0.0,no cell in the extract: territory at zero opportunity
ifa_mw_ksmoco_k2,65582,ifa,MO,IFA,IFA_02,IFA,,29125,,2976102,"IFA St. Louis, MO-IL",0.0,no cell in the extract: territory at zero opportunity
ifa_mw_ksmoco_k2,65583,ifa,MO,IFA,IFA_02,IFA,,29169,22780,2977992,"IFA St. Louis, MO-IL",0.0,no cell in the extract: territory at zero opportunity
ifa_mw_ksmoco_k2,65584,ifa,MO,IFA,IFA_02,IFA,,29169,22780,2965144,"IFA St. Louis, MO-IL",0.0,no cell in the extract: territory at zero opportunity
ifa_mw_ksmoco_k2,65586,ifa,MO,IFA,IFA_02,IFA,,29055,,,"IFA St. Louis, MO-IL",0.0,no cell in the extract: territory at zero opportunity
ifa_mw_ksmoco_k2,65588,ifa,MO,IFA,IFA_02,IFA,,29203,,2980512,"IFA St. Louis, MO-IL",0.0,no cell in the extract: territory at zero opportunity
ifa_mw_ksmoco_k2,65589,ifa,MO,IFA,IFA_02,IFA,,29215,,,"IFA St. Louis, MO-IL",0.0,no cell in the extract: territory at zero opportunity
ifa_mw_ksmoco_k2,65590,ifa,MO,IFA,IFA_02,IFA,,29059,44180,,"IFA St. Louis, MO-IL",0.0,no cell in the extract: territory at zero opportunity
ifa_mw_ksmoco_k2,65591,ifa,MO,IFA,IFA_02,IFA,,29029,,2949646,"IFA St. Louis, MO-IL",0.0,no cell in the extract: territory at zero opportunity
ifa_mw_ksmoco_k2,65601,ifa,MO,IFA,IFA_02,IFA,,29167,44180,2900568,"IFA St. Louis, MO-IL",0.0,no cell in the extract: territory at zero opportunity
ifa_mw_ksmoco_k2,65603,ifa,MO,IFA,IFA_02,IFA,,29057,,2901720,"IFA St. Louis, MO-IL",0.0,no cell in the extract: territory at zero opportunity
ifa_mw_ksmoco_k2,65604,ifa,MO,IFA,IFA_02,IFA,,29077,44180,2902188,"IFA St. Louis, MO-IL",0.0,no cell in the extract: territory at zero opportunity
ifa_mw_ksmoco_k2,65605,ifa,MO,IFA,IFA_02,IFA,,29009,,2902548,"IFA St. Louis, MO-IL",0.0,no cell in the extract: territory at zero opportunity
ifa_mw_ksmoco_k2,65606,ifa,MO,IFA,IFA_02,IFA,,29149,,2900964,"IFA St. Louis, MO-IL",0.0,no cell in the extract: territory at zero opportunity
ifa_mw_ksmoco_k2,65608,ifa,MO,IFA,IFA_02,IFA,,29067,,2902674,"IFA St. Louis, MO-IL",0.0,no cell in the extract: territory at zero opportunity
ifa_mw_ksmoco_k2,65609,ifa,MO,IFA,IFA_02,IFA,,29153,,2903052,"IFA St. Louis, MO-IL",0.0,no cell in the extract: territory at zero opportunity
ifa_mw_ksmoco_k2,65610,ifa,MO,IFA,IFA_02,IFA,,29043,44180,2905626,"IFA St. Louis, MO-IL",0.0,no cell in the extract: territory at zero opportunity
ifa_mw_ksmoco_k2,65611,ifa,MO,IFA,IFA_02,IFA,,29209,,2906526,"IFA St. Louis, MO-IL",0.0,no cell in the extract: territory at zero opportunity
ifa_mw_ksmoco_k2,65612,ifa,MO,IFA,IFA_02,IFA,,29077,44180,,"IFA St. Louis, MO-IL",0.0,no cell in the extract: territory at zero opportunity
ifa_mw_ksmoco_k2,65613,ifa,MO,IFA,IFA_02,IFA,,29167,44180,2906976,"IFA St. Louis, MO-IL",0.0,no cell in the extract: territory at zero opportunity
ifa_mw_ksmoco_k2,65614,ifa,MO,IFA,IFA_02,IFA,,29213,14700,,"IFA St. Louis, MO-IL",0.0,no cell in the extract: territory at zero opportunity
ifa_mw_ksmoco_k2,65616,ifa,MO,IFA,IFA_02,IFA,,29213,14700,2907966,"IFA St. Louis, MO-IL",0.00795451,
ifa_mw_ksmoco_k2,65617,ifa,MO,IFA,IFA_02,IFA,,29167,44180,,"IFA St. Louis, MO-IL",0.0,no cell in the extract: territory at zero opportunity
ifa_mw_ksmoco_k2,65618,ifa,MO,IFA,IFA_02,IFA,,29153,,,"IFA St. Louis, MO-IL",0.0,no cell in the extract: territory at zero opportunity
ifa_mw_ksmoco_k2,65619,ifa,MO,IFA,IFA_02,IFA,,29077,44180,2903592,"IFA St. Louis, MO-IL",0.0,no cell in the extract: territory at zero opportunity
ifa_mw_ksmoco_k2,65620,ifa,MO,IFA,IFA_02,IFA,,29043,44180,,"IFA St. Louis, MO-IL",0.0,no cell in the extract: territory at zero opportunity
ifa_mw_ksmoco_k2,65622,ifa,MO,IFA,IFA_02,IFA,,29059,44180,2909514,"IFA St. Louis, MO-IL",0.0,no cell in the extract: territory at zero opportunity
ifa_mw_ksmoco_k2,65623,ifa,MO,IFA,IFA_02,IFA,,29009,,2910144,"IFA St. Louis, MO-IL",0.0,no cell in the extract: territory at zero opportunity
ifa_mw_ksmoco_k2,65624,ifa,MO,IFA,IFA_02,IFA,,29209,,,"IFA St. Louis, MO-IL",0.941253,
ifa_mw_ksmoco_k2,65625,ifa,MO,IFA,IFA_02,IFA,,29009,,2911890,"IFA St. Louis, MO-IL",0.0,no cell in the extract: territory at zero opportunity
ifa_mw_ksmoco_k2,65626,ifa,MO,IFA,IFA_02,IFA,,29153,,2903052,"IFA St. Louis, MO-IL",0.0,no cell in the extract: territory at zero opportunity
ifa_mw_ksmoco_k2,65627,ifa,MO,IFA,IFA_02,IFA,,29213,14700,,"IFA St. Louis, MO-IL",0.0,no cell in the extract: territory at zero opportunity
ifa_mw_ksmoco_k2,65629,ifa,MO,IFA,IFA_02,IFA,,29043,44180,,"IFA St. Louis, MO-IL",0.0,no cell in the extract: territory at zero opportunity
ifa_mw_ksmoco_k2,65630,ifa,MO,IFA,IFA_02,IFA,,29043,44180,2963857,"IFA St. Louis, MO-IL",0.0,no cell in the extract: territory at zero opportunity
ifa_mw_ksmoco_k2,65631,ifa,MO,IFA,IFA_02,IFA,,29043,44180,2914788,"IFA St. Louis, MO-IL",0.0,no cell in the extract: territory at zero opportunity
ifa_mw_ksmoco_k2,65632,ifa,MO,IFA,IFA_02,IFA,,29105,30060,2916192,"IFA St. Louis, MO-IL",0.0,no cell in the extract: territory at zero opportunity
ifa_mw_ksmoco_k2,65633,ifa,MO,IFA,IFA_02,IFA,,29209,,2917074,"IFA St. Louis, MO-IL",0.0,no cell in the extract: territory at zero opportunity
ifa_mw_ksmoco_k2,65634,ifa,MO,IFA,IFA_02,IFA,,29085,,2917524,"IFA St. Louis, MO-IL",0.0,no cell in the extract: territory at zero opportunity
ifa_mw_ksmoco_k2,65635,ifa,MO,IFA,IFA_02,IFA,,29057,,2917992,"IFA St. Louis, MO-IL",0.0,no cell in the extract: territory at zero opportunity
ifa_mw_ksmoco_k2,65637,ifa,MO,IFA,IFA_02,IFA,,29153,,,"IFA St. Louis, MO-IL",0.0,no cell in the extract: territory at zero opportunity
ifa_mw_ksmoco_k2,65638,ifa,MO,IFA,IFA_02,IFA,,29067,,,"IFA St. Louis, MO-IL",0.0,no cell in the extract: territory at zero opportunity
ifa_mw_ksmoco_k2,65640,ifa,MO,IFA,IFA_02,IFA,,29167,44180,,"IFA St. Louis, MO-IL",0.0,no cell in the extract: territory at zero opportunity
ifa_mw_ksmoco_k2,65641,ifa,MO,IFA,IFA_02,IFA,,29009,,2920656,"IFA St. Louis, MO-IL",0.0,no cell in the extract: territory at zero opportunity
ifa_mw_ksmoco_k2,65644,ifa,MO,IFA,IFA_02,IFA,,29059,44180,,"IFA St. Louis, MO-IL",0.0,no cell in the extract: territory at zero opportunity
ifa_mw_ksmoco_k2,65646,ifa,MO,IFA,IFA_02,IFA,,29057,,2922996,"IFA St. Louis, MO-IL",0.0,no cell in the extract: territory at zero opportunity
ifa_mw_ksmoco_k2,65647,ifa,MO,IFA,IFA_02,IFA,,29009,,2923122,"IFA St. Louis, MO-IL",0.0,no cell in the extract: territory at zero opportunity
ifa_mw_ksmoco_k2,65648,ifa,MO,IFA,IFA_02,IFA,,29077,44180,2923338,"IFA St. Louis, MO-IL",0.0,no cell in the extract: territory at zero opportunity
ifa_mw_ksmoco_k2,65649,ifa,MO,IFA,IFA_02,IFA,,29167,44180,2923428,"IFA St. Louis, MO-IL",0.0,no cell in the extract: territory at zero opportunity
ifa_mw_ksmoco_k2,65650,ifa,MO,IFA,IFA_02,IFA,,29085,,2924580,"IFA St. Louis, MO-IL",0.0,no cell in the extract: territory at zero opportunity
ifa_mw_ksmoco_k2,65652,ifa,MO,IFA,IFA_02,IFA,,29225,44180,2925012,"IFA St. Louis, MO-IL",0.0,no cell in the extract: territory at zero opportunity
ifa_mw_ksmoco_k2,65653,ifa,MO,IFA,IFA_02,IFA,,29213,14700,2925192,"IFA St. Louis, MO-IL",0.0,no cell in the extract: territory at zero opportunity
ifa_mw_ksmoco_k2,65654,ifa,MO,IFA,IFA_02,IFA,,29109,,2925912,"IFA St. Louis, MO-IL",0.0,no cell in the extract: territory at zero opportunity
ifa_mw_ksmoco_k2,65655,ifa,MO,IFA,IFA_02,IFA,,29153,,2926218,"IFA St. Louis, MO-IL",0.0,no cell in the extract: territory at zero opportunity
ifa_mw_ksmoco_k2,65656,ifa,MO,IFA,IFA_02,IFA,,29209,,2926254,"IFA St. Louis, MO-IL",0.0,no cell in the extract: territory at zero opportunity
ifa_mw_ksmoco_k2,65657,ifa,MO,IFA,IFA_02,IFA,,29043,44180,,"IFA St. Louis, MO-IL",0.0,no cell in the extract: territory at zero opportunity
ifa_mw_ksmoco_k2,65658,ifa,MO,IFA,IFA_02,IFA,,29009,,2927658,"IFA St. Louis, MO-IL",0.0,no cell in the extract: territory at zero opportunity
ifa_mw_ksmoco_k2,65660,ifa,MO,IFA,IFA_02,IFA,,29229,,,"IFA St. Louis, MO-IL",0.0,no cell in the extract: territory at zero opportunity
ifa_mw_ksmoco_k2,65661,ifa,MO,IFA,IFA_02,IFA,,29057,,2929206,"IFA St. Louis, MO-IL",0.0,no cell in the extract: territory at zero opportunity
ifa_mw_ksmoco_k2,65662,ifa,MO,IFA,IFA_02,IFA,,29229,,2929656,"IFA St. Louis, MO-IL",0.0,no cell in the extract: territory at zero opportunity
ifa_mw_ksmoco_k2,65663,ifa,MO,IFA,IFA_02,IFA,,29167,44180,2929962,"IFA St. Louis, MO-IL",0.0,no cell in the extract: territory at zero opportunity
ifa_mw_ksmoco_k2,65664,ifa,MO,IFA,IFA_02,IFA,,29109,,2930016,"IFA St. Louis, MO-IL",0.0,no cell in the extract: territory at zero opportunity
ifa_mw_ksmoco_k2,65666,ifa,MO,IFA,IFA_02,IFA,,29153,,,"IFA St. Louis, MO-IL",0.0,no cell in the extract: territory at zero opportunity
ifa_mw_ksmoco_k2,65667,ifa,MO,IFA,IFA_02,IFA,,29229,,2930754,"IFA St. Louis, MO-IL",0.0,no cell in the extract: territory at zero opportunity
ifa_mw_ksmoco_k2,65668,ifa,MO,IFA,IFA_02,IFA,,29085,,2931780,"IFA St. Louis, MO-IL",0.0,no cell in the extract: territory at zero opportunity
ifa_mw_ksmoco_k2,65669,ifa,MO,IFA,IFA_02,IFA,,29043,44180,2932068,"IFA St. Louis, MO-IL",0.0,no cell in the extract: territory at zero opportunity
ifa_mw_ksmoco_k2,65672,ifa,MO,IFA,IFA_02,IFA,,29213,14700,2932662,"IFA St. Louis, MO-IL",0.0031818,
ifa_mw_ksmoco_k2,65674,ifa,MO,IFA,IFA_02,IFA,,29167,44180,2933706,"IFA St. Louis, MO-IL",0.0,no cell in the extract: territory at zero opportunity
ifa_mw_ksmoco_k2,65675,ifa,MO,IFA,IFA_02,IFA,,29209,,2933922,"IFA St. Louis, MO-IL",0.0,no cell in the extract: territory at zero opportunity
ifa_mw_ksmoco_k2,65676,ifa,MO,IFA,IFA_02,IFA,,29153,,,"IFA St. Louis, MO-IL",0.0,no cell in the extract: territory at zero opportunity
ifa_mw_ksmoco_k2,65679,ifa,MO,IFA,IFA_02,IFA,,29213,14700,2939008,"IFA St. Louis, MO-IL",0.0,no cell in the extract: territory at zero opportunity
ifa_mw_ksmoco_k2,65680,ifa,MO,IFA,IFA_02,IFA,,29213,14700,2939080,"IFA St. Louis, MO-IL",0.0,no cell in the extract: territory at zero opportunity
ifa_mw_ksmoco_k2,65681,ifa,MO,IFA,IFA_02,IFA,,29209,,,"IFA St. Louis, MO-IL",0.0,no cell in the extract: territory at zero opportunity
ifa_mw_ksmoco_k2,65682,ifa,MO,IFA,IFA_02,IFA,,29057,,2943490,"IFA St. Louis, MO-IL",0.0,no cell in the extract: territory at zero opportunity
ifa_mw_ksmoco_k2,65685,ifa,MO,IFA,IFA_02,IFA,,29059,44180,2944156,"IFA St. Louis, MO-IL",0.0,no cell in the extract: territory at zero opportunity
ifa_mw_ksmoco_k2,65686,ifa,MO,IFA,IFA_02,IFA,,29209,,2938612,"IFA St. Louis, MO-IL",0.0,no cell in the extract: territory at zero opportunity
ifa_mw_ksmoco_k2,65688,ifa,MO,IFA,IFA_02,IFA,,29091,48460,2907948,"IFA St. Louis, MO-IL",0.0,no cell in the extract: territory at zero opportunity
ifa_mw_ksmoco_k2,65689,ifa,MO,IFA,IFA_02,IFA,,29215,,2910288,"IFA St. Louis, MO-IL",0.0,no cell in the extract: territory at zero opportunity
ifa_mw_ksmoco_k2,65690,ifa,MO,IFA,IFA_02,IFA,,29149,,,"IFA St. Louis, MO-IL",0.0,no cell in the extract: territory at zero opportunity
ifa_mw_ksmoco_k2,65692,ifa,MO,IFA,IFA_02,IFA,,29149,,2939440,"IFA St. Louis, MO-IL",0.0,no cell in the extract: territory at zero opportunity
ifa_mw_ksmoco_k2,65702,ifa,MO,IFA,IFA_02,IFA,,29067,,,"IFA St. Louis, MO-IL",0.0,no cell in the extract: territory at zero opportunity
ifa_mw_ksmoco_k2,65704,ifa,MO,IFA,IFA_02,IFA,,29229,,2945740,"IFA St. Louis, MO-IL",0.0,no cell in the extract: territory at zero opportunity
ifa_mw_ksmoco_k2,65705,ifa,MO,IFA,IFA_02,IFA,,29109,,2946172,"IFA St. Louis, MO-IL",0.0,no cell in the extract: territory at zero opportunity
ifa_mw_ksmoco_k2,65706,ifa,MO,IFA,IFA_02,IFA,,29225,44180,2946388,"IFA St. Louis, MO-IL",0.0,no cell in the extract: territory at zero opportunity
ifa_mw_ksmoco_k2,65707,ifa,MO,IFA,IFA_02,IFA,,29109,,2948242,"IFA St. Louis, MO-IL",0.0,no cell in the extract: territory at zero opportunity
ifa_mw_ksmoco_k2,65708,ifa,MO,IFA,IFA_02,IFA,,29009,,2949196,"IFA St. Louis, MO-IL",0.0,no cell in the extract: territory at zero opportunity
ifa_mw_ksmoco_k2,65710,ifa,MO,IFA,IFA_02,IFA,,29167,44180,2950078,"IFA St. Louis, MO-IL",0.0,no cell in the extract: territory at zero opportunity
ifa_mw_ksmoco_k2,65711,ifa,MO,IFA,IFA_02,IFA,,29229,,2950402,"IFA St. Louis, MO-IL",0.0,no cell in the extract: territory at zero opportunity
ifa_mw_ksmoco_k2,65712,ifa,MO,IFA,IFA_02,IFA,,29109,,2950672,"IFA St. Louis, MO-IL",2.91466,
ifa_mw_ksmoco_k2,65713,ifa,MO,IFA,IFA_02,IFA,,29225,44180,2952418,"IFA St. Louis, MO-IL",0.0,no cell in the extract: territory at zero opportunity
ifa_mw_ksmoco_k2,65714,ifa,MO,IFA,IFA_02,IFA,,29043,44180,2952616,"IFA St. Louis, MO-IL",1.06014,
ifa_mw_ksmoco_k2,65715,ifa,MO,IFA,IFA_02,IFA,,29153,,,"IFA St. Louis, MO-IL",0.0,no cell in the extract: territory at zero opportunity
ifa_mw_ksmoco_k2,65717,ifa,MO,IFA,IFA_02,IFA,,29229,,2953454,"IFA St. Louis, MO-IL",0.0,no cell in the extract: territory at zero opportunity
ifa_mw_ksmoco_k2,65720,ifa,MO,IFA,IFA_02,IFA,,29043,44180,,"IFA St. Louis, MO-IL",0.0,no cell in the extract: territory at zero opportunity
ifa_mw_ksmoco_k2,65721,ifa,MO,IFA,IFA_02,IFA,,29043,44180,2955766,"IFA St. Louis, MO-IL",1.12326,
ifa_mw_ksmoco_k2,65722,ifa,MO,IFA,IFA_02,IFA,,29105,30060,2957368,"IFA St. Louis, MO-IL",0.0,no cell in the extract: territory at zero opportunity
ifa_mw_ksmoco_k2,65723,ifa,MO,IFA,IFA_02,IFA,,29109,,2957494,"IFA St. Louis, MO-IL",0.0,no cell in the extract: territory at zero opportunity
ifa_mw_ksmoco_k2,65724,ifa,MO,IFA,IFA_02,IFA,,29085,,,"IFA St. Louis, MO-IL",0.0,no cell in the extract: territory at zero opportunity
ifa_mw_ksmoco_k2,65725,ifa,MO,IFA,IFA_02,IFA,,29167,44180,2958448,"IFA St. Louis, MO-IL",0.0,no cell in the extract: territory at zero opportunity
ifa_mw_ksmoco_k2,65726,ifa,MO,IFA,IFA_02,IFA,,29213,14700,,"IFA St. Louis, MO-IL",0.0,no cell in the extract: territory at zero opportunity
ifa_mw_ksmoco_k2,65727,ifa,MO,IFA,IFA_02,IFA,,29167,44180,,"IFA St. Louis, MO-IL",0.0,no cell in the extract: territory at zero opportunity
ifa_mw_ksmoco_k2,65728,ifa,MO,IFA,IFA_02,IFA,,29043,44180,,"IFA St. Louis, MO-IL",0.0,no cell in the extract: territory at zero opportunity
ifa_mw_ksmoco_k2,65729,ifa,MO,IFA,IFA_02,IFA,,29153,,2959060,"IFA St. Louis, MO-IL",0.0,no cell in the extract: territory at zero opportunity
ifa_mw_ksmoco_k2,65730,ifa,MO,IFA,IFA_02,IFA,,29119,,,"IFA St. Louis, MO-IL",0.0,no cell in the extract: territory at zero opportunity
ifa_mw_ksmoco_k2,65731,ifa,MO,IFA,IFA_02,IFA,,29213,14700,,"IFA St. Louis, MO-IL",0.0,no cell in the extract: territory at zero opportunity
ifa_mw_ksmoco_k2,65732,ifa,MO,IFA,IFA_02,IFA,,29085,,2959870,"IFA St. Louis, MO-IL",0.0,no cell in the extract: territory at zero opportunity
ifa_mw_ksmoco_k2,65733,ifa,MO,IFA,IFA_02,IFA,,29213,14700,,"IFA St. Louis, MO-IL",0.0,no cell in the extract: territory at zero opportunity
ifa_mw_ksmoco_k2,65734,ifa,MO,IFA,IFA_02,IFA,,29009,,2960176,"IFA St. Louis, MO-IL",0.0,no cell in the extract: territory at zero opportunity
ifa_mw_ksmoco_k2,65735,ifa,MO,IFA,IFA_02,IFA,,29085,,,"IFA St. Louis, MO-IL",0.0,no cell in the extract: territory at zero opportunity
ifa_mw_ksmoco_k2,65737,ifa,MO,IFA,IFA_02,IFA,,29209,,2907989,"IFA St. Louis, MO-IL",0.0,no cell in the extract: territory at zero opportunity
ifa_mw_ksmoco_k2,65738,ifa,MO,IFA,IFA_02,IFA,,29077,44180,2961238,"IFA St. Louis, MO-IL",0.0470925,
ifa_mw_ksmoco_k2,65739,ifa,MO,IFA,IFA_02,IFA,,29213,14700,,"IFA St. Louis, MO-IL",0.0,no cell in the extract: territory at zero opportunity
ifa_mw_ksmoco_k2,65740,ifa,MO,IFA,IFA_02,IFA,,29213,14700,2947520,"IFA St. Louis, MO-IL",0.0,no cell in the extract: territory at zero opportunity
ifa_mw_ksmoco_k2,65741,ifa,MO,IFA,IFA_02,IFA,,29153,,,"IFA St. Louis, MO-IL",0.0,no cell in the extract: territory at zero opportunity
ifa_mw_ksmoco_k2,65742,ifa,MO,IFA,IFA_02,IFA,,29077,44180,2962894,"IFA St. Louis, MO-IL",0.0503684,
ifa_mw_ksmoco_k2,65744,ifa,MO,IFA,IFA_02,IFA,,29213,14700,,"IFA St. Louis, MO-IL",0.0,no cell in the extract: territory at zero opportunity
ifa_mw_ksmoco_k2,65745,ifa,MO,IFA,IFA_02,IFA,,29009,,2966530,"IFA St. Louis, MO-IL",0.0,no cell in the extract: territory at zero opportunity
ifa_mw_ksmoco_k2,65746,ifa,MO,IFA,IFA_02,IFA,,29225,44180,2966800,"IFA St. Louis, MO-IL",0.0795451,
ifa_mw_ksmoco_k2,65747,ifa,MO,IFA,IFA_02,IFA,,29209,,2967232,"IFA St. Louis, MO-IL",0.0,no cell in the extract: territory at zero opportunity
ifa_mw_ksmoco_k2,65752,ifa,MO,IFA,IFA_02,IFA,,29057,,2968888,"IFA St. Louis, MO-IL",0.0,no cell in the extract: territory at zero opportunity
ifa_mw_ksmoco_k2,65753,ifa,MO,IFA,IFA_02,IFA,,29043,44180,2969302,"IFA St. Louis, MO-IL",0.0,no cell in the extract: territory at zero opportunity
ifa_mw_ksmoco_k2,65754,ifa,MO,IFA,IFA_02,IFA,,29043,44180,2969518,"IFA St. Louis, MO-IL",0.0,no cell in the extract: territory at zero opportunity
ifa_mw_ksmoco_k2,65755,ifa,MO,IFA,IFA_02,IFA,,29067,,,"IFA St. Louis, MO-IL",0.0,no cell in the extract: territory at zero opportunity
ifa_mw_ksmoco_k2,65756,ifa,MO,IFA,IFA_02,IFA,,29109,,2970990,"IFA St. Louis, MO-IL",0.0,no cell in the extract: territory at zero opportunity
ifa_mw_ksmoco_k2,65757,ifa,MO,IFA,IFA_02,IFA,,29077,44180,2971062,"IFA St. Louis, MO-IL",0.0,no cell in the extract: territory at zero opportunity
ifa_mw_ksmoco_k2,65759,ifa,MO,IFA,IFA_02,IFA,,29213,14700,2972232,"IFA St. Louis, MO-IL",0.0,no cell in the extract: territory at zero opportunity
ifa_mw_ksmoco_k2,65760,ifa,MO,IFA,IFA_02,IFA,,29153,,,"IFA St. Louis, MO-IL",0.0,no cell in the extract: territory at zero opportunity
ifa_mw_ksmoco_k2,65761,ifa,MO,IFA,IFA_02,IFA,,29153,,2971628,"IFA St. Louis, MO-IL",0.0,no cell in the extract: territory at zero opportunity
ifa_mw_ksmoco_k2,65762,ifa,MO,IFA,IFA_02,IFA,,29153,,,"IFA St. Louis, MO-IL",0.0,no cell in the extract: territory at zero opportunity
ifa_mw_ksmoco_k2,65764,ifa,MO,IFA,IFA_02,IFA,,29059,44180,,"IFA St. Louis, MO-IL",0.0,no cell in the extract: territory at zero opportunity
ifa_mw_ksmoco_k2,65766,ifa,MO,IFA,IFA_02,IFA,,29153,,,"IFA St. Louis, MO-IL",0.0,no cell in the extract: territory at zero opportunity
ifa_mw_ksmoco_k2,65767,ifa,MO,IFA,IFA_02,IFA,,29059,44180,2975310,"IFA St. Louis, MO-IL",0.0,no cell in the extract: territory at zero opportunity
ifa_mw_ksmoco_k2,65768,ifa,MO,IFA,IFA_02,IFA,,29067,,,"IFA St. Louis, MO-IL",0.0,no cell in the extract: territory at zero opportunity
ifa_mw_ksmoco_k2,65769,ifa,MO,IFA,IFA_02,IFA,,29009,,2975886,"IFA St. Louis, MO-IL",0.0,no cell in the extract: territory at zero opportunity
ifa_mw_ksmoco_k2,65770,ifa,MO,IFA,IFA_02,IFA,,29077,44180,2976840,"IFA St. Louis, MO-IL",0.0,no cell in the extract: territory at zero opportunity
ifa_mw_ksmoco_k2,65771,ifa,MO,IFA,IFA_02,IFA,,29213,14700,2947520,"IFA St. Louis, MO-IL",0.0,no cell in the extract: territory at zero opportunity
ifa_mw_ksmoco_k2,65772,ifa,MO,IFA,IFA_02,IFA,,29009,,2977200,"IFA St. Louis, MO-IL",0.0,no cell in the extract: territory at zero opportunity
ifa_mw_ksmoco_k2,65773,ifa,MO,IFA,IFA_02,IFA,,29153,,2977794,"IFA St. Louis, MO-IL",0.0,no cell in the extract: territory at zero opportunity
ifa_mw_ksmoco_k2,65774,ifa,MO,IFA,IFA_02,IFA,,29085,,2978064,"IFA St. Louis, MO-IL",0.0,no cell in the extract: territory at zero opportunity
ifa_mw_ksmoco_k2,65775,ifa,MO,IFA,IFA_02,IFA,,29091,48460,2978928,"IFA St. Louis, MO-IL",0.0,no cell in the extract: territory at zero opportunity
ifa_mw_ksmoco_k2,65777,ifa,MO,IFA,IFA_02,IFA,,29091,48460,,"IFA St. Louis, MO-IL",0.0,no cell in the extract: territory at zero opportunity
ifa_mw_ksmoco_k2,65778,ifa,MO,IFA,IFA_02,IFA,,29149,,,"IFA St. Louis, MO-IL",0.0,no cell in the extract: territory at zero opportunity
ifa_mw_ksmoco_k2,65779,ifa,MO,IFA,IFA_02,IFA,,29085,,2979090,"IFA St. Louis, MO-IL",0.0,no cell in the extract: territory at zero opportunity
ifa_mw_ksmoco_k2,65781,ifa,MO,IFA,IFA_02,IFA,,29077,44180,2979882,"IFA St. Louis, MO-IL",0.0,no cell in the extract: territory at zero opportunity
ifa_mw_ksmoco_k2,65783,ifa,MO,IFA,IFA_02,IFA,,29059,44180,,"IFA St. Louis, MO-IL",0.0,no cell in the extract: territory at zero opportunity
ifa_mw_ksmoco_k2,65784,ifa,MO,IFA,IFA_02,IFA,,29153,,,"IFA St. Louis, MO-IL",0.0,no cell in the extract: territory at zero opportunity
ifa_mw_ksmoco_k2,65785,ifa,MO,IFA,IFA_02,IFA,,29039,,2970828,"IFA St. Louis, MO-IL",0.0,no cell in the extract: territory at zero opportunity
ifa_mw_ksmoco_k2,65786,ifa,MO,IFA,IFA_02,IFA,,29029,,2945218,"IFA St. Louis, MO-IL",0.0,no cell in the extract: territory at zero opportunity
ifa_mw_ksmoco_k2,65787,ifa,MO,IFA,IFA_02,IFA,,29029,,,"IFA St. Louis, MO-IL",0.0,no cell in the extract: territory at zero opportunity
ifa_mw_ksmoco_k2,65788,ifa,MO,IFA,IFA_02,IFA,,29091,48460,,"IFA St. Louis, MO-IL",0.0,no cell in the extract: territory at zero opportunity
ifa_mw_ksmoco_k2,65789,ifa,MO,IFA,IFA_02,IFA,,29091,48460,2958934,"IFA St. Louis, MO-IL",0.0,no cell in the extract: territory at zero opportunity
ifa_mw_ksmoco_k2,65790,ifa,MO,IFA,IFA_02,IFA,,29091,48460,,"IFA St. Louis, MO-IL",0.0,no cell in the extract: territory at zero opportunity
ifa_mw_ksmoco_k2,65791,ifa,MO,IFA,IFA_02,IFA,,29149,,2972826,"IFA St. Louis, MO-IL",0.0,no cell in the extract: territory at zero opportunity
ifa_mw_ksmoco_k2,65793,ifa,MO,IFA,IFA_02,IFA,,29091,48460,2980098,"IFA St. Louis, MO-IL",0.852703,
ifa_mw_ksmoco_k2,65801,ifa,MO,IFA,IFA_02,IFA,,29077,44180,2970000,"IFA St. Louis, MO-IL",0.0,no cell in the extract: territory at zero opportunity
ifa_mw_ksmoco_k2,65802,ifa,MO,IFA,IFA_02,IFA,,29077,44180,2970000,"IFA St. Louis, MO-IL",2.2344,
ifa_mw_ksmoco_k2,65803,ifa,MO,IFA,IFA_02,IFA,,29077,44180,2970000,"IFA St. Louis, MO-IL",0.10979,
ifa_mw_ksmoco_k2,65804,ifa,MO,IFA,IFA_02,IFA,,29077,44180,2970000,"IFA St. Louis, MO-IL",17.9457,
ifa_mw_ksmoco_k2,65806,ifa,MO,IFA,IFA_02,IFA,,29077,44180,2970000,"IFA St. Louis, MO-IL",0.0,no cell in the extract: territory at zero opportunity
ifa_mw_ksmoco_k2,65807,ifa,MO,IFA,IFA_02,IFA,,29077,44180,2970000,"IFA St. Louis, MO-IL",1.3271,
ifa_mw_ksmoco_k2,65809,ifa,MO,IFA,IFA_02,IFA,,29077,44180,2970000,"IFA St. Louis, MO-IL",0.0,no cell in the extract: territory at zero opportunity
ifa_mw_ksmoco_k2,65810,ifa,MO,IFA,IFA_02,IFA,,29077,44180,2970000,"IFA St. Louis, MO-IL",1.02398,
ifa_mw_ksmoco_k2,65897,ifa,MO,IFA,IFA_02,IFA,,29077,44180,2970000,"IFA St. Louis, MO-IL",0.0,no cell in the extract: territory at zero opportunity
ifa_mw_ksmoco_k2,66002,ifa,KS,IFA,IFA_02,IFA,,20005,11860,2002900,"IFA St. Louis, MO-IL",1.24517,
ifa_mw_ksmoco_k2,66006,ifa,KS,IFA,IFA_02,IFA,,20045,29940,2003900,"IFA St. Louis, MO-IL",0.0,no cell in the extract: territory at zero opportunity
ifa_mw_ksmoco_k2,66007,ifa,KS,IFA,IFA_02,IFA,,20103,28140,2004400,"IFA St. Louis, MO-IL",0.87814,
ifa_mw_ksmoco_k2,66008,ifa,KS,IFA,IFA_02,IFA,,20043,41140,2005975,"IFA St. Louis, MO-IL",0.0,no cell in the extract: territory at zero opportunity
ifa_mw_ksmoco_k2,66010,ifa,KS,IFA,IFA_02,IFA,,20107,28140,2007600,"IFA St. Louis, MO-IL",0.0,no cell in the extract: territory at zero opportunity
ifa_mw_ksmoco_k2,66012,ifa,KS,IFA,IFA_02,IFA,,20103,28140,2007975,"IFA St. Louis, MO-IL",0.0437498,
ifa_mw_ksmoco_k2,66013,ifa,KS,IFA,IFA_02,IFA,,20121,28140,2053775,"IFA St. Louis, MO-IL",0.309539,
ifa_mw_ksmoco_k2,66014,ifa,KS,IFA,IFA_02,IFA,,20107,28140,2012325,"IFA St. Louis, MO-IL",0.0,no cell in the extract: territory at zero opportunity
ifa_mw_ksmoco_k2,66015,ifa,KS,IFA,IFA_02,IFA,,20003,,2014950,"IFA St. Louis, MO-IL",0.0,no cell in the extract: territory at zero opportunity
ifa_mw_ksmoco_k2,66016,ifa,KS,IFA,IFA_02,IFA,,20005,11860,,"IFA St. Louis, MO-IL",0.0,no cell in the extract: territory at zero opportunity
ifa_mw_ksmoco_k2,66017,ifa,KS,IFA,IFA_02,IFA,,20043,41140,2017750,"IFA St. Louis, MO-IL",0.0,no cell in the extract: territory at zero opportunity
ifa_mw_ksmoco_k2,66018,ifa,KS,IFA,IFA_02,IFA,,20091,28140,2017850,"IFA St. Louis, MO-IL",0.0,no cell in the extract: territory at zero opportunity
ifa_mw_ksmoco_k2,66020,ifa,KS,IFA,IFA_02,IFA,,20103,28140,2019600,"IFA St. Louis, MO-IL",0.0,no cell in the extract: territory at zero opportunity
ifa_mw_ksmoco_k2,66021,ifa,KS,IFA,IFA_02,IFA,,20091,28140,2019825,"IFA St. Louis, MO-IL",0.0,no cell in the extract: territory at zero opportunity
ifa_mw_ksmoco_k2,66023,ifa,KS,IFA,IFA_02,IFA,,20005,11860,2020025,"IFA St. Louis, MO-IL",0.0,no cell in the extract: territory at zero opportunity
ifa_mw_ksmoco_k2,66024,ifa,KS,IFA,IFA_02,IFA,,20043,41140,2020950,"IFA St. Louis, MO-IL",0.0,no cell in the extract: territory at zero opportunity
ifa_mw_ksmoco_k2,66025,ifa,KS,IFA,IFA_02,IFA,,20045,29940,2017850,"IFA St. Louis, MO-IL",0.0,no cell in the extract: territory at zero opportunity
ifa_mw_ksmoco_k2,66026,ifa,KS,IFA,IFA_02,IFA,,20121,28140,2023650,"IFA St. Louis, MO-IL",0.0,no cell in the extract: territory at zero opportunity
ifa_mw_ksmoco_k2,66027,ifa,KS,IFA,IFA_02,IFA,,20103,28140,2039000,"IFA St. Louis, MO-IL",0.0,no cell in the extract: territory at zero opportunity
ifa_mw_ksmoco_k2,66030,ifa,KS,IFA,IFA_02,IFA,,20091,28140,2025425,"IFA St. Louis, MO-IL",0.0,no cell in the extract: territory at zero opportunity
ifa_mw_ksmoco_k2,66031,ifa,KS,IFA,IFA_02,IFA,,20091,28140,2025425,"IFA St. Louis, MO-IL",0.0,no cell in the extract: territory at zero opportunity
ifa_mw_ksmoco_k2,66032,ifa,KS,IFA,IFA_02,IFA,,20003,,2025925,"IFA St. Louis, MO-IL",0.0,no cell in the extract: territory at zero opportunity
ifa_mw_ksmoco_k2,66033,ifa,KS,IFA,IFA_02,IFA,,20003,,2028350,"IFA St. Louis, MO-IL",0.0,no cell in the extract: territory at zero opportunity
ifa_mw_ksmoco_k2,66035,ifa,KS,IFA,IFA_02,IFA,,20043,41140,2031850,"IFA St. Louis, MO-IL",0.0,no cell in the extract: territory at zero opportunity
ifa_mw_ksmoco_k2,66039,ifa,KS,IFA,IFA_02,IFA,,20003,,2036875,"IFA St. Louis, MO-IL",0.0,no cell in the extract: territory at zero opportunity
ifa_mw_ksmoco_k2,66040,ifa,KS,IFA,IFA_02,IFA,,20107,28140,2041465,"IFA St. Louis, MO-IL",0.0,no cell in the extract: territory at zero opportunity
ifa_mw_ksmoco_k2,66041,ifa,KS,IFA,IFA_02,IFA,,20005,11860,2038325,"IFA St. Louis, MO-IL",0.0,no cell in the extract: territory at zero opportunity
ifa_mw_ksmoco_k2,66042,ifa,KS,IFA,IFA_02,IFA,,20059,36840,2038400,"IFA St. Louis, MO-IL",0.0,no cell in the extract: territory at zero opportunity
ifa_mw_ksmoco_k2,66043,ifa,KS,IFA,IFA_02,IFA,,20103,28140,2038650,"IFA St. Louis, MO-IL",0.0,no cell in the extract: territory at zero opportunity
ifa_mw_ksmoco_k2,66044,ifa,KS,IFA,IFA_02,IFA,,20045,29940,2038900,"IFA St. Louis, MO-IL",0.448765,
ifa_mw_ksmoco_k2,66045,ifa,KS,IFA,IFA_02,IFA,,20045,29940,2038900,"IFA St. Louis, MO-IL",0.0,no cell in the extract: territory at zero opportunity
ifa_mw_ksmoco_k2,66046,ifa,KS,IFA,IFA_02,IFA,,20045,29940,2038900,"IFA St. Louis, MO-IL",0.618796,
ifa_mw_ksmoco_k2,66047,ifa,KS,IFA,IFA_02,IFA,,20045,29940,2038900,"IFA St. Louis, MO-IL",2.70006,
ifa_mw_ksmoco_k2,66048,ifa,KS,IFA,IFA_02,IFA,,20103,28140,2039000,"IFA St. Louis, MO-IL",0.204775,
ifa_mw_ksmoco_k2,66049,ifa,KS,IFA,IFA_02,IFA,,20045,29940,2038900,"IFA St. Louis, MO-IL",8.04299,
ifa_mw_ksmoco_k2,66050,ifa,KS,IFA,IFA_02,IFA,,20045,29940,2039150,"IFA St. Louis, MO-IL",0.0,no cell in the extract: territory at zero opportunity
ifa_mw_ksmoco_k2,66052,ifa,KS,IFA,IFA_02,IFA,,20103,28140,2041475,"IFA St. Louis, MO-IL",0.0,no cell in the extract: territory at zero opportunity
ifa_mw_ksmoco_k2,66053,ifa,KS,IFA,IFA_02,IFA,,20121,28140,2042875,"IFA St. Louis, MO-IL",0.194373,
ifa_mw_ksmoco_k2,66054,ifa,KS,IFA,IFA_02,IFA,,20087,45820,2043900,"IFA St. Louis, MO-IL",0.0,no cell in the extract: territory at zero opportunity
ifa_mw_ksmoco_k2,66056,ifa,KS,IFA,IFA_02,IFA,,20107,28140,2048750,"IFA St. Louis, MO-IL",0.799752,
ifa_mw_ksmoco_k2,66058,ifa,KS,IFA,IFA_02,IFA,,20005,11860,2049325,"IFA St. Louis, MO-IL",0.0,no cell in the extract: territory at zero opportunity
ifa_mw_ksmoco_k2,66060,ifa,KS,IFA,IFA_02,IFA,,20087,45820,2051525,"IFA St. Louis, MO-IL",0.0,no cell in the extract: territory at zero opportunity
ifa_mw_ksmoco_k2,66061,ifa,KS,IFA,IFA_02,IFA,,20091,28140,2052575,"IFA St. Louis, MO-IL",6.33324,
ifa_mw_ksmoco_k2,66062,ifa,KS,IFA,IFA_02,IFA,,20091,28140,2052575,"IFA St. Louis, MO-IL",13.4663,
ifa_mw_ksmoco_k2,66064,ifa,KS,IFA,IFA_02,IFA,,20121,28140,2053225,"IFA St. Louis, MO-IL",0.0,no cell in the extract: territory at zero opportunity
ifa_mw_ksmoco_k2,66066,ifa,KS,IFA,IFA_02,IFA,,20087,45820,2053375,"IFA St. Louis, MO-IL",0.0,no cell in the extract: territory at zero opportunity
ifa_mw_ksmoco_k2,66067,ifa,KS,IFA,IFA_02,IFA,,20059,36840,2053550,"IFA St. Louis, MO-IL",1.29367,
ifa_mw_ksmoco_k2,66070,ifa,KS,IFA,IFA_02,IFA,,20087,45820,2053925,"IFA St. Louis, MO-IL",0.0,no cell in the extract: territory at zero opportunity
ifa_mw_ksmoco_k2,66071,ifa,KS,IFA,IFA_02,IFA,,20121,28140,2054250,"IFA St. Louis, MO-IL",0.0,no cell in the extract: territory at zero opportunity
ifa_mw_ksmoco_k2,66072,ifa,KS,IFA,IFA_02,IFA,,20107,28140,2054500,"IFA St. Louis, MO-IL",0.0,no cell in the extract: territory at zero opportunity
ifa_mw_ksmoco_k2,66073,ifa,KS,IFA,IFA_02,IFA,,20087,45820,2055450,"IFA St. Louis, MO-IL",0.0,no cell in the extract: territory at zero opportunity
ifa_mw_ksmoco_k2,66075,ifa,KS,IFA,IFA_02,IFA,,20107,28140,2056450,"IFA St. Louis, MO-IL",0.0,no cell in the extract: territory at zero opportunity
ifa_mw_ksmoco_k2,66076,ifa,KS,IFA,IFA_02,IFA,,20059,36840,2057000,"IFA St. Louis, MO-IL",0.0,no cell in the extract: territory at zero opportunity
ifa_mw_ksmoco_k2,66078,ifa,KS,IFA,IFA_02,IFA,,20059,36840,2057725,"IFA St. Louis, MO-IL",0.0,no cell in the extract: territory at zero opportunity
ifa_mw_ksmoco_k2,66079,ifa,KS,IFA,IFA_02,IFA,,20059,36840,2058525,"IFA St. Louis, MO-IL",0.0,no cell in the extract: territory at zero opportunity
ifa_mw_ksmoco_k2,66080,ifa,KS,IFA,IFA_02,IFA,,20059,36840,2059675,"IFA St. Louis, MO-IL",0.0,no cell in the extract: territory at zero opportunity
ifa_mw_ksmoco_k2,66083,ifa,KS,IFA,IFA_02,IFA,,20121,28140,2067625,"IFA St. Louis, MO-IL",0.397725,
ifa_mw_ksmoco_k2,66085,ifa,KS,IFA,IFA_02,IFA,,20091,28140,2053775,"IFA St. Louis, MO-IL",0.394984,
ifa_mw_ksmoco_k2,66086,ifa,KS,IFA,IFA_02,IFA,,20103,28140,2070800,"IFA St. Louis, MO-IL",0.0,no cell in the extract: territory at zero opportunity
ifa_mw_ksmoco_k2,66087,ifa,KS,IFA,IFA_02,IFA,,20043,41140,2071575,"IFA St. Louis, MO-IL",0.0,no cell in the extract: territory at zero opportunity
ifa_mw_ksmoco_k2,66088,ifa,KS,IFA,IFA_02,IFA,,20087,45820,2073300,"IFA St. Louis, MO-IL",0.0,no cell in the extract: territory at zero opportunity
ifa_mw_ksmoco_k2,66090,ifa,KS,IFA,IFA_02,IFA,,20043,41140,2076000,"IFA St. Louis, MO-IL",0.0,no cell in the extract: territory at zero opportunity
ifa_mw_ksmoco_k2,66091,ifa,KS,IFA,IFA_02,IFA,,20003,,2076425,"IFA St. Louis, MO-IL",0.0,no cell in the extract: territory at zero opportunity
ifa_mw_ksmoco_k2,66092,ifa,KS,IFA,IFA_02,IFA,,20059,36840,2076625,"IFA St. Louis, MO-IL",0.0,no cell in the extract: territory at zero opportunity
ifa_mw_ksmoco_k2,66093,ifa,KS,IFA,IFA_02,IFA,,20003,,2077250,"IFA St. Louis, MO-IL",0.0,no cell in the extract: territory at zero opportunity
ifa_mw_ksmoco_k2,66094,ifa,KS,IFA,IFA_02,IFA,,20013,,2077850,"IFA St. Louis, MO-IL",0.0,no cell in the extract: territory at zero opportunity
ifa_mw_ksmoco_k2,66095,ifa,KS,IFA,IFA_02,IFA,,20059,36840,2079300,"IFA St. Louis, MO-IL",0.0,no cell in the extract: territory at zero opportunity
ifa_mw_ksmoco_k2,66097,ifa,KS,IFA,IFA_02,IFA,,20087,45820,2079800,"IFA St. Louis, MO-IL",0.0,no cell in the extract: territory at zero opportunity
ifa_mw_ksmoco_k2,66101,ifa,KS,IFA,IFA_02,IFA,,20209,28140,2036000,"IFA St. Louis, MO-IL",0.0,no cell in the extract: territory at zero opportunity
ifa_mw_ksmoco_k2,66102,ifa,KS,IFA,IFA_02,IFA,,20209,28140,2036000,"IFA St. Louis, MO-IL",0.0,no cell in the extract: territory at zero opportunity
ifa_mw_ksmoco_k2,66103,ifa,KS,IFA,IFA_02,IFA,,20209,28140,2036000,"IFA St. Louis, MO-IL",0.0,no cell in the extract: territory at zero opportunity
ifa_mw_ksmoco_k2,66104,ifa,KS,IFA,IFA_02,IFA,,20209,28140,2036000,"IFA St. Louis, MO-IL",0.0,no cell in the extract: territory at zero opportunity
ifa_mw_ksmoco_k2,66105,ifa,KS,IFA,IFA_02,IFA,,20209,28140,2036000,"IFA St. Louis, MO-IL",0.0,no cell in the extract: territory at zero opportunity
ifa_mw_ksmoco_k2,66106,ifa,KS,IFA,IFA_02,IFA,,20209,28140,2036000,"IFA St. Louis, MO-IL",0.0,no cell in the extract: territory at zero opportunity
ifa_mw_ksmoco_k2,66109,ifa,KS,IFA,IFA_02,IFA,,20209,28140,2036000,"IFA St. Louis, MO-IL",0.0,no cell in the extract: territory at zero opportunity
ifa_mw_ksmoco_k2,66111,ifa,KS,IFA,IFA_02,IFA,,20209,28140,2036000,"IFA St. Louis, MO-IL",0.0,no cell in the extract: territory at zero opportunity
ifa_mw_ksmoco_k2,66112,ifa,KS,IFA,IFA_02,IFA,,20209,28140,2036000,"IFA St. Louis, MO-IL",0.00160503,
ifa_mw_ksmoco_k2,66115,ifa,KS,IFA,IFA_02,IFA,,20209,28140,2036000,"IFA St. Louis, MO-IL",0.0,no cell in the extract: territory at zero opportunity
ifa_mw_ksmoco_k2,66118,ifa,KS,IFA,IFA_02,IFA,,20209,28140,2036000,"IFA St. Louis, MO-IL",0.0,no cell in the extract: territory at zero opportunity
ifa_mw_ksmoco_k2,66160,ifa,KS,IFA,IFA_02,IFA,,20209,28140,2036000,"IFA St. Louis, MO-IL",0.0,no cell in the extract: territory at zero opportunity
ifa_mw_ksmoco_k2,66202,ifa,KS,IFA,IFA_02,IFA,,20091,28140,2047225,"IFA St. Louis, MO-IL",0.444503,
ifa_mw_ksmoco_k2,66203,ifa,KS,IFA,IFA_02,IFA,,20091,28140,2064500,"IFA St. Louis, MO-IL",0.174462,
ifa_mw_ksmoco_k2,66204,ifa,KS,IFA,IFA_02,IFA,,20091,28140,2053775,"IFA St. Louis, MO-IL",1.13828,
ifa_mw_ksmoco_k2,66205,ifa,KS,IFA,IFA_02,IFA,,20091,28140,2060825,"IFA St. Louis, MO-IL",2.6632,
ifa_mw_ksmoco_k2,66206,ifa,KS,IFA,IFA_02,IFA,,20091,28140,2039075,"IFA St. Louis, MO-IL",0.635886,
ifa_mw_ksmoco_k2,66207,ifa,KS,IFA,IFA_02,IFA,,20091,28140,2053775,"IFA St. Louis, MO-IL",5.89974,
ifa_mw_ksmoco_k2,66208,ifa,KS,IFA,IFA_02,IFA,,20091,28140,2057575,"IFA St. Louis, MO-IL",16.7385,
ifa_mw_ksmoco_k2,66209,ifa,KS,IFA,IFA_02,IFA,,20091,28140,2039075,"IFA St. Louis, MO-IL",0.0506615,
ifa_mw_ksmoco_k2,66210,ifa,KS,IFA,IFA_02,IFA,,20091,28140,2053775,"IFA St. Louis, MO-IL",116.216,
ifa_mw_ksmoco_k2,66211,ifa,KS,IFA,IFA_02,IFA,,20091,28140,2039075,"IFA St. Louis, MO-IL",57.9338,
ifa_mw_ksmoco_k2,66212,ifa,KS,IFA,IFA_02,IFA,,20091,28140,2053775,"IFA St. Louis, MO-IL",1.5499,
ifa_mw_ksmoco_k2,66213,ifa,KS,IFA,IFA_02,IFA,,20091,28140,2053775,"IFA St. Louis, MO-IL",23.6535,
ifa_mw_ksmoco_k2,66214,ifa,KS,IFA,IFA_02,IFA,,20091,28140,2053775,"IFA St. Louis, MO-IL",0.394014,
ifa_mw_ksmoco_k2,66215,ifa,KS,IFA,IFA_02,IFA,,20091,28140,2039350,"IFA St. Louis, MO-IL",0.000399714,
ifa_mw_ksmoco_k2,66216,ifa,KS,IFA,IFA_02,IFA,,20091,28140,2064500,"IFA St. Louis, MO-IL",2.40112,
ifa_mw_ksmoco_k2,66217,ifa,KS,IFA,IFA_02,IFA,,20091,28140,2064500,"IFA St. Louis, MO-IL",0.0,no cell in the extract: territory at zero opportunity
ifa_mw_ksmoco_k2,66218,ifa,KS,IFA,IFA_02,IFA,,20091,28140,2064500,"IFA St. Louis, MO-IL",2.42857,
ifa_mw_ksmoco_k2,66219,ifa,KS,IFA,IFA_02,IFA,,20091,28140,2039350,"IFA St. Louis, MO-IL",0.793668,
ifa_mw_ksmoco_k2,66220,ifa,KS,IFA,IFA_02,IFA,,20091,28140,2039350,"IFA St. Louis, MO-IL",2.238,
ifa_mw_ksmoco_k2,66221,ifa,KS,IFA,IFA_02,IFA,,20091,28140,2053775,"IFA St. Louis, MO-IL",1.13561,
ifa_mw_ksmoco_k2,66223,ifa,KS,IFA,IFA_02,IFA,,20091,28140,2053775,"IFA St. Louis, MO-IL",1.77807,
ifa_mw_ksmoco_k2,66224,ifa,KS,IFA,IFA_02,IFA,,20091,28140,2039075,"IFA St. Louis, MO-IL",1.1558,
ifa_mw_ksmoco_k2,66226,ifa,KS,IFA,IFA_02,IFA,,20091,28140,2064500,"IFA St. Louis, MO-IL",0.235141,
ifa_mw_ksmoco_k2,66227,ifa,KS,IFA,IFA_02,IFA,,20091,28140,2039350,"IFA St. Louis, MO-IL",0.0,no cell in the extract: territory at zero opportunity
ifa_mw_ksmoco_k2,66251,ifa,KS,IFA,IFA_02,IFA,,20091,28140,2053775,"IFA St. Louis, MO-IL",0.0,no cell in the extract: territory at zero opportunity
ifa_mw_ksmoco_k2,66401,ifa,KS,IFA,IFA_02,IFA,,20197,45820,2001350,"IFA St. Louis, MO-IL",0.0,no cell in the extract: territory at zero opportunity
ifa_mw_ksmoco_k2,66402,ifa,KS,IFA,IFA_02,IFA,,20177,45820,2003250,"IFA St. Louis, MO-IL",0.0,no cell in the extract: territory at zero opportunity
ifa_mw_ksmoco_k2,66403,ifa,KS,IFA,IFA_02,IFA,,20117,,2003600,"IFA St. Louis, MO-IL",0.0,no cell in the extract: territory at zero opportunity
ifa_mw_ksmoco_k2,66404,ifa,KS,IFA,IFA_02,IFA,,20131,,2003675,"IFA St. Louis, MO-IL",0.0,no cell in the extract: territory at zero opportunity
ifa_mw_ksmoco_k2,66406,ifa,KS,IFA,IFA_02,IFA,,20117,,2004900,"IFA St. Louis, MO-IL",0.0,no cell in the extract: territory at zero opportunity
ifa_mw_ksmoco_k2,66407,ifa,KS,IFA,IFA_02,IFA,,20149,31740,2005925,"IFA St. Louis, MO-IL",0.0,no cell in the extract: territory at zero opportunity
ifa_mw_ksmoco_k2,66408,ifa,KS,IFA,IFA_02,IFA,,20131,,2006275,"IFA St. Louis, MO-IL",0.0,no cell in the extract: territory at zero opportunity
ifa_mw_ksmoco_k2,66409,ifa,KS,IFA,IFA_02,IFA,,20177,45820,2071000,"IFA St. Louis, MO-IL",0.0,no cell in the extract: territory at zero opportunity
ifa_mw_ksmoco_k2,66411,ifa,KS,IFA,IFA_02,IFA,,20117,,2007650,"IFA St. Louis, MO-IL",0.0,no cell in the extract: territory at zero opportunity
ifa_mw_ksmoco_k2,66412,ifa,KS,IFA,IFA_02,IFA,,20117,,2008300,"IFA St. Louis, MO-IL",0.0,no cell in the extract: territory at zero opportunity
ifa_mw_ksmoco_k2,66413,ifa,KS,IFA,IFA_02,IFA,,20139,45820,2009350,"IFA St. Louis, MO-IL",0.0,no cell in the extract: territory at zero opportunity
ifa_mw_ksmoco_k2,66414,ifa,KS,IFA,IFA_02,IFA,,20139,45820,2010600,"IFA St. Louis, MO-IL",0.0,no cell in the extract: territory at zero opportunity
ifa_mw_ksmoco_k2,66415,ifa,KS,IFA,IFA_02,IFA,,20131,,2012425,"IFA St. Louis, MO-IL",0.0,no cell in the extract: territory at zero opportunity
ifa_mw_ksmoco_k2,66416,ifa,KS,IFA,IFA_02,IFA,,20085,45820,2013375,"IFA St. Louis, MO-IL",0.0,no cell in the extract: territory at zero opportunity
ifa_mw_ksmoco_k2,66417,ifa,KS,IFA,IFA_02,IFA,,20131,,2015725,"IFA St. Louis, MO-IL",0.0,no cell in the extract: territory at zero opportunity
ifa_mw_ksmoco_k2,66418,ifa,KS,IFA,IFA_02,IFA,,20085,45820,2017525,"IFA St. Louis, MO-IL",0.0,no cell in the extract: territory at zero opportunity
ifa_mw_ksmoco_k2,66419,ifa,KS,IFA,IFA_02,IFA,,20085,45820,2017625,"IFA St. Louis, MO-IL",0.0,no cell in the extract: territory at zero opportunity
ifa_mw_ksmoco_k2,66422,ifa,KS,IFA,IFA_02,IFA,,20149,31740,2021100,"IFA St. Louis, MO-IL",0.0,no cell in the extract: territory at zero opportunity
ifa_mw_ksmoco_k2,66423,ifa,KS,IFA,IFA_02,IFA,,20197,45820,2021650,"IFA St. Louis, MO-IL",0.0,no cell in the extract: territory at zero opportunity
ifa_mw_ksmoco_k2,66424,ifa,KS,IFA,IFA_02,IFA,,20013,,2022025,"IFA St. Louis, MO-IL",0.0,no cell in the extract: territory at zero opportunity
ifa_mw_ksmoco_k2,66425,ifa,KS,IFA,IFA_02,IFA,,20013,,2022425,"IFA St. Louis, MO-IL",0.0,no cell in the extract: territory at zero opportunity
ifa_mw_ksmoco_k2,66427,ifa,KS,IFA,IFA_02,IFA,,20117,,2024275,"IFA St. Louis, MO-IL",0.0,no cell in the extract: territory at zero opportunity
ifa_mw_ksmoco_k2,66428,ifa,KS,IFA,IFA_02,IFA,,20131,,2026775,"IFA St. Louis, MO-IL",0.0,no cell in the extract: territory at zero opportunity
ifa_mw_ksmoco_k2,66429,ifa,KS,IFA,IFA_02,IFA,,20087,45820,2028200,"IFA St. Louis, MO-IL",0.0,no cell in the extract: territory at zero opportunity
ifa_mw_ksmoco_k2,66431,ifa,KS,IFA,IFA_02,IFA,,20197,45820,2030575,"IFA St. Louis, MO-IL",0.0,no cell in the extract: territory at zero opportunity
ifa_mw_ksmoco_k2,66432,ifa,KS,IFA,IFA_02,IFA,,20149,31740,2030775,"IFA St. Louis, MO-IL",0.0,no cell in the extract: territory at zero opportunity
ifa_mw_ksmoco_k2,66434,ifa,KS,IFA,IFA_02,IFA,,20013,,2031675,"IFA St. Louis, MO-IL",0.110491,
ifa_mw_ksmoco_k2,66436,ifa,KS,IFA,IFA_02,IFA,,20085,45820,2032825,"IFA St. Louis, MO-IL",0.0,no cell in the extract: territory at zero opportunity
ifa_mw_ksmoco_k2,66438,ifa,KS,IFA,IFA_02,IFA,,20117,,2032875,"IFA St. Louis, MO-IL",0.0,no cell in the extract: territory at zero opportunity
ifa_mw_ksmoco_k2,66439,ifa,KS,IFA,IFA_02,IFA,,20013,,2036744,"IFA St. Louis, MO-IL",0.0,no cell in the extract: territory at zero opportunity
ifa_mw_ksmoco_k2,66440,ifa,KS,IFA,IFA_02,IFA,,20085,45820,2033375,"IFA St. Louis, MO-IL",0.0,no cell in the extract: territory at zero opportunity
ifa_mw_ksmoco_k2,66441,ifa,KS,IFA,IFA_01,IFA,,20061,31740,2035750,"IFA Denver-Aurora-Centennial, CO",0.0,no cell in the extract: territory at zero opportunity
ifa_mw_ksmoco_k2,66442,ifa,KS,IFA,IFA_01,IFA,,20161,31740,2023975,"IFA Denver-Aurora-Centennial, CO",0.0,no cell in the extract: territory at zero opportunity
ifa_mw_ksmoco_k2,66449,ifa,KS,IFA,IFA_02,IFA,,20161,31740,2039500,"IFA St. Louis, MO-IL",0.0,no cell in the extract: territory at zero opportunity
ifa_mw_ksmoco_k2,66451,ifa,KS,IFA,IFA_02,IFA,,20139,45820,2043350,"IFA St. Louis, MO-IL",0.0,no cell in the extract: territory at zero opportunity
ifa_mw_ksmoco_k2,66501,ifa,KS,IFA,IFA_02,IFA,,20197,45820,2043775,"IFA St. Louis, MO-IL",0.0,no cell in the extract: territory at zero opportunity
ifa_mw_ksmoco_k2,66502,ifa,KS,IFA,IFA_02,IFA,,20161,31740,2044250,"IFA St. Louis, MO-IL",1.07867,
ifa_mw_ksmoco_k2,66503,ifa,KS,IFA,IFA_02,IFA,,20161,31740,2044250,"IFA St. Louis, MO-IL",1.0675,
ifa_mw_ksmoco_k2,66506,ifa,KS,IFA,IFA_02,IFA,,20161,31740,2044250,"IFA St. Louis, MO-IL",0.0,no cell in the extract: territory at zero opportunity
ifa_mw_ksmoco_k2,66507,ifa,KS,IFA,IFA_02,IFA,,20197,45820,2044500,"IFA St. Louis, MO-IL",0.0,no cell in the extract: territory at zero opportunity
ifa_mw_ksmoco_k2,66508,ifa,KS,IFA,IFA_02,IFA,,20117,,2045050,"IFA St. Louis, MO-IL",0.0,no cell in the extract: territory at zero opportunity
ifa_mw_ksmoco_k2,66509,ifa,KS,IFA,IFA_02,IFA,,20085,45820,2045250,"IFA St. Louis, MO-IL",0.0,no cell in the extract: territory at zero opportunity
ifa_mw_ksmoco_k2,66510,ifa,KS,IFA,IFA_02,IFA,,20139,45820,2045700,"IFA St. Louis, MO-IL",0.0,no cell in the extract: territory at zero opportunity
ifa_mw_ksmoco_k2,66512,ifa,KS,IFA,IFA_02,IFA,,20087,45820,2045950,"IFA St. Louis, MO-IL",0.0,no cell in the extract: territory at zero opportunity
ifa_mw_ksmoco_k2,66514,ifa,KS,IFA,IFA_01,IFA,,20061,31740,2046525,"IFA Denver-Aurora-Centennial, CO",0.0,no cell in the extract: territory at zero opportunity
ifa_mw_ksmoco_k2,66515,ifa,KS,IFA,IFA_02,IFA,,20013,,2048300,"IFA St. Louis, MO-IL",0.0,no cell in the extract: territory at zero opportunity
ifa_mw_ksmoco_k2,66516,ifa,KS,IFA,IFA_02,IFA,,20085,45820,2049950,"IFA St. Louis, MO-IL",0.0,no cell in the extract: territory at zero opportunity
ifa_mw_ksmoco_k2,66517,ifa,KS,IFA,IFA_01,IFA,,20161,31740,2052275,"IFA Denver-Aurora-Centennial, CO",0.0,no cell in the extract: territory at zero opportunity
ifa_mw_ksmoco_k2,66518,ifa,KS,IFA,IFA_02,IFA,,20117,,2052525,"IFA St. Louis, MO-IL",0.0,no cell in the extract: territory at zero opportunity
ifa_mw_ksmoco_k2,66520,ifa,KS,IFA,IFA_02,IFA,,20149,31740,2052825,"IFA St. Louis, MO-IL",0.0,no cell in the extract: territory at zero opportunity
ifa_mw_ksmoco_k2,66521,ifa,KS,IFA,IFA_02,IFA,,20149,31740,2052875,"IFA St. Louis, MO-IL",0.0,no cell in the extract: territory at zero opportunity
ifa_mw_ksmoco_k2,66522,ifa,KS,IFA,IFA_02,IFA,,20131,,2052900,"IFA St. Louis, MO-IL",0.0,no cell in the extract: territory at zero opportunity
ifa_mw_ksmoco_k2,66523,ifa,KS,IFA,IFA_02,IFA,,20139,45820,2053200,"IFA St. Louis, MO-IL",0.0,no cell in the extract: territory at zero opportunity
ifa_mw_ksmoco_k2,66524,ifa,KS,IFA,IFA_02,IFA,,20139,45820,2053725,"IFA St. Louis, MO-IL",0.0,no cell in the extract: territory at zero opportunity
ifa_mw_ksmoco_k2,66526,ifa,KS,IFA,IFA_02,IFA,,20197,45820,2050250,"IFA St. Louis, MO-IL",0.0,no cell in the extract: territory at zero opportunity
ifa_mw_ksmoco_k2,66527,ifa,KS,IFA,IFA_02,IFA,,20013,,2036740,"IFA St. Louis, MO-IL",0.0,no cell in the extract: territory at zero opportunity
ifa_mw_ksmoco_k2,66528,ifa,KS,IFA,IFA_02,IFA,,20139,45820,2058100,"IFA St. Louis, MO-IL",0.0,no cell in the extract: territory at zero opportunity
ifa_mw_ksmoco_k2,66531,ifa,KS,IFA,IFA_02,IFA,,20161,31740,2059875,"IFA St. Louis, MO-IL",0.0,no cell in the extract: territory at zero opportunity
ifa_mw_ksmoco_k2,66532,ifa,KS,IFA,IFA_02,IFA,,20013,,2060325,"IFA St. Louis, MO-IL",0.0,no cell in the extract: territory at zero opportunity
ifa_mw_ksmoco_k2,66533,ifa,KS,IFA,IFA_02,IFA,,20177,45820,2061400,"IFA St. Louis, MO-IL",0.0,no cell in the extract: territory at zero opportunity
ifa_mw_ksmoco_k2,66534,ifa,KS,IFA,IFA_02,IFA,,20131,,2062025,"IFA St. Louis, MO-IL",0.0,no cell in the extract: territory at zero opportunity
ifa_mw_ksmoco_k2,66535,ifa,KS,IFA,IFA_02,IFA,,20149,31740,2062200,"IFA St. Louis, MO-IL",0.0,no cell in the extract: territory at zero opportunity
ifa_mw_ksmoco_k2,66536,ifa,KS,IFA,IFA_02,IFA,,20149,31740,2062400,"IFA St. Louis, MO-IL",0.0,no cell in the extract: territory at zero opportunity
ifa_mw_ksmoco_k2,66537,ifa,KS,IFA,IFA_02,IFA,,20139,45820,2063675,"IFA St. Louis, MO-IL",0.0,no cell in the extract: territory at zero opportunity
ifa_mw_ksmoco_k2,66538,ifa,KS,IFA,IFA_02,IFA,,20131,,2063950,"IFA St. Louis, MO-IL",0.0556145,
ifa_mw_ksmoco_k2,66539,ifa,KS,IFA,IFA_02,IFA,,20177,45820,2065600,"IFA St. Louis, MO-IL",0.0,no cell in the extract: territory at zero opportunity
ifa_mw_ksmoco_k2,66540,ifa,KS,IFA,IFA_02,IFA,,20085,45820,2066175,"IFA St. Louis, MO-IL",0.0,no cell in the extract: territory at zero opportunity
ifa_mw_ksmoco_k2,66541,ifa,KS,IFA,IFA_02,IFA,,20117,,2068950,"IFA St. Louis, MO-IL",0.0,no cell in the extract: territory at zero opportunity
ifa_mw_ksmoco_k2,66542,ifa,KS,IFA,IFA_02,IFA,,20177,45820,2070075,"IFA St. Louis, MO-IL",0.672662,
ifa_mw_ksmoco_k2,66543,ifa,KS,IFA,IFA_02,IFA,,20139,45820,2073450,"IFA St. Louis, MO-IL",0.0,no cell in the extract: territory at zero opportunity
ifa_mw_ksmoco_k2,66544,ifa,KS,IFA,IFA_02,IFA,,20117,,2073525,"IFA St. Louis, MO-IL",0.0,no cell in the extract: territory at zero opportunity
ifa_mw_ksmoco_k2,66546,ifa,KS,IFA,IFA_02,IFA,,20177,45820,2074425,"IFA St. Louis, MO-IL",0.0,no cell in the extract: territory at zero opportunity
ifa_mw_ksmoco_k2,66547,ifa,KS,IFA,IFA_02,IFA,,20149,31740,2075325,"IFA St. Louis, MO-IL",0.0,no cell in the extract: territory at zero opportunity
ifa_mw_ksmoco_k2,66548,ifa,KS,IFA,IFA_02,IFA,,20117,,2075950,"IFA St. Louis, MO-IL",0.0,no cell in the extract: territory at zero opportunity
ifa_mw_ksmoco_k2,66549,ifa,KS,IFA,IFA_02,IFA,,20149,31740,2077200,"IFA St. Louis, MO-IL",0.0,no cell in the extract: territory at zero opportunity
ifa_mw_ksmoco_k2,66550,ifa,KS,IFA,IFA_02,IFA,,20131,,2077550,"IFA St. Louis, MO-IL",0.0,no cell in the extract: territory at zero opportunity
ifa_mw_ksmoco_k2,66552,ifa,KS,IFA,IFA_02,IFA,,20085,45820,2078100,"IFA St. Louis, MO-IL",0.0,no cell in the extract: territory at zero opportunity
ifa_mw_ksmoco_k2,66554,ifa,KS,IFA,IFA_02,IFA,,20161,31740,2058475,"IFA St. Louis, MO-IL",0.0,no cell in the extract: territory at zero opportunity
ifa_mw_ksmoco_k2,66603,ifa,KS,IFA,IFA_02,IFA,,20177,45820,2071000,"IFA St. Louis, MO-IL",0.757488,
ifa_mw_ksmoco_k2,66604,ifa,KS,IFA,IFA_02,IFA,,20177,45820,2071000,"IFA St. Louis, MO-IL",4.15916,
ifa_mw_ksmoco_k2,66605,ifa,KS,IFA,IFA_02,IFA,,20177,45820,2071000,"IFA St. Louis, MO-IL",0.0,no cell in the extract: territory at zero opportunity
ifa_mw_ksmoco_k2,66606,ifa,KS,IFA,IFA_02,IFA,,20177,45820,2071000,"IFA St. Louis, MO-IL",0.0,no cell in the extract: territory at zero opportunity
ifa_mw_ksmoco_k2,66607,ifa,KS,IFA,IFA_02,IFA,,20177,45820,2071000,"IFA St. Louis, MO-IL",0.0,no cell in the extract: territory at zero opportunity
ifa_mw_ksmoco_k2,66608,ifa,KS,IFA,IFA_02,IFA,,20177,45820,2071000,"IFA St. Louis, MO-IL",0.0,no cell in the extract: territory at zero opportunity
ifa_mw_ksmoco_k2,66609,ifa,KS,IFA,IFA_02,IFA,,20177,45820,2071000,"IFA St. Louis, MO-IL",8.94408,
ifa_mw_ksmoco_k2,66610,ifa,KS,IFA,IFA_02,IFA,,20177,45820,2071000,"IFA St. Louis, MO-IL",0.0,no cell in the extract: territory at zero opportunity
ifa_mw_ksmoco_k2,66611,ifa,KS,IFA,IFA_02,IFA,,20177,45820,2071000,"IFA St. Louis, MO-IL",10.7114,
ifa_mw_ksmoco_k2,66612,ifa,KS,IFA,IFA_02,IFA,,20177,45820,2071000,"IFA St. Louis, MO-IL",0.0,no cell in the extract: territory at zero opportunity
ifa_mw_ksmoco_k2,66614,ifa,KS,IFA,IFA_02,IFA,,20177,45820,2071000,"IFA St. Louis, MO-IL",8.07825,
ifa_mw_ksmoco_k2,66615,ifa,KS,IFA,IFA_02,IFA,,20177,45820,2071000,"IFA St. Louis, MO-IL",0.698392,
ifa_mw_ksmoco_k2,66616,ifa,KS,IFA,IFA_02,IFA,,20177,45820,2071000,"IFA St. Louis, MO-IL",0.0,no cell in the extract: territory at zero opportunity
ifa_mw_ksmoco_k2,66617,ifa,KS,IFA,IFA_02,IFA,,20177,45820,2071000,"IFA St. Louis, MO-IL",0.503513,
ifa_mw_ksmoco_k2,66618,ifa,KS,IFA,IFA_02,IFA,,20177,45820,2071000,"IFA St. Louis, MO-IL",0.0,no cell in the extract: territory at zero opportunity
ifa_mw_ksmoco_k2,66619,ifa,KS,IFA,IFA_02,IFA,,20177,45820,2071000,"IFA St. Louis, MO-IL",0.0,no cell in the extract: territory at zero opportunity
ifa_mw_ksmoco_k2,66621,ifa,KS,IFA,IFA_02,IFA,,20177,45820,2071000,"IFA St. Louis, MO-IL",0.0,no cell in the extract: territory at zero opportunity
ifa_mw_ksmoco_k2,66622,ifa,KS,IFA,IFA_02,IFA,,20177,45820,2071000,"IFA St. Louis, MO-IL",0.0,no cell in the extract: territory at zero opportunity
ifa_mw_ksmoco_k2,66701,ifa,KS,IFA,IFA_02,IFA,,20011,,2024000,"IFA St. Louis, MO-IL",11.6164,
ifa_mw_ksmoco_k2,66710,ifa,KS,IFA,IFA_02,IFA,,20205,,2001625,"IFA St. Louis, MO-IL",0.0,no cell in the extract: territory at zero opportunity
ifa_mw_ksmoco_k2,66711,ifa,KS,IFA,IFA_02,IFA,,20037,38260,2002175,"IFA St. Louis, MO-IL",0.0,no cell in the extract: territory at zero opportunity
ifa_mw_ksmoco_k2,66712,ifa,KS,IFA,IFA_02,IFA,,20037,38260,2002375,"IFA St. Louis, MO-IL",0.0,no cell in the extract: territory at zero opportunity
ifa_mw_ksmoco_k2,66713,ifa,KS,IFA,IFA_02,IFA,,20021,27900,2004625,"IFA St. Louis, MO-IL",0.141772,
ifa_mw_ksmoco_k2,66714,ifa,KS,IFA,IFA_02,IFA,,20205,,2006000,"IFA St. Louis, MO-IL",0.0,no cell in the extract: territory at zero opportunity
ifa_mw_ksmoco_k2,66716,ifa,KS,IFA,IFA_02,IFA,,20011,,2008475,"IFA St. Louis, MO-IL",0.0,no cell in the extract: territory at zero opportunity
ifa_mw_ksmoco_k2,66717,ifa,KS,IFA,IFA_02,IFA,,20205,,2009150,"IFA St. Louis, MO-IL",0.0,no cell in the extract: territory at zero opportunity
ifa_mw_ksmoco_k2,66720,ifa,KS,IFA,IFA_02,IFA,,20133,,2012500,"IFA St. Louis, MO-IL",0.0,no cell in the extract: territory at zero opportunity
ifa_mw_ksmoco_k2,66724,ifa,KS,IFA,IFA_02,IFA,,20037,38260,2012825,"IFA St. Louis, MO-IL",0.0,no cell in the extract: territory at zero opportunity
ifa_mw_ksmoco_k2,66725,ifa,KS,IFA,IFA_02,IFA,,20021,27900,2015075,"IFA St. Louis, MO-IL",0.0,no cell in the extract: territory at zero opportunity
ifa_mw_ksmoco_k2,66732,ifa,KS,IFA,IFA_02,IFA,,20001,,2020875,"IFA St. Louis, MO-IL",0.0,no cell in the extract: territory at zero opportunity
ifa_mw_ksmoco_k2,66733,ifa,KS,IFA,IFA_02,IFA,,20133,,2021500,"IFA St. Louis, MO-IL",0.0,no cell in the extract: territory at zero opportunity
ifa_mw_ksmoco_k2,66734,ifa,KS,IFA,IFA_02,IFA,,20037,38260,2023050,"IFA St. Louis, MO-IL",0.0,no cell in the extract: territory at zero opportunity
ifa_mw_ksmoco_k2,66735,ifa,KS,IFA,IFA_02,IFA,,20037,38260,2024325,"IFA St. Louis, MO-IL",0.0,no cell in the extract: territory at zero opportunity
ifa_mw_ksmoco_k2,66736,ifa,KS,IFA,IFA_02,IFA,,20205,,2024575,"IFA St. Louis, MO-IL",0.0,no cell in the extract: territory at zero opportunity
ifa_mw_ksmoco_k2,66738,ifa,KS,IFA,IFA_02,IFA,,20011,,2024925,"IFA St. Louis, MO-IL",0.0,no cell in the extract: territory at zero opportunity
ifa_mw_ksmoco_k2,66739,ifa,KS,IFA,IFA_02,IFA,,20021,27900,2025100,"IFA St. Louis, MO-IL",0.0,no cell in the extract: territory at zero opportunity
ifa_mw_ksmoco_k2,66740,ifa,KS,IFA,IFA_02,IFA,,20133,,2025150,"IFA St. Louis, MO-IL",0.0,no cell in the extract: territory at zero opportunity
ifa_mw_ksmoco_k2,66741,ifa,KS,IFA,IFA_02,IFA,,20011,,2025900,"IFA St. Louis, MO-IL",0.0,no cell in the extract: territory at zero opportunity
ifa_mw_ksmoco_k2,66742,ifa,KS,IFA,IFA_02,IFA,,20001,,2025975,"IFA St. Louis, MO-IL",0.0,no cell in the extract: territory at zero opportunity
ifa_mw_ksmoco_k2,66743,ifa,KS,IFA,IFA_02,IFA,,20037,38260,2026300,"IFA St. Louis, MO-IL",0.0,no cell in the extract: territory at zero opportunity
ifa_mw_ksmoco_k2,66746,ifa,KS,IFA,IFA_02,IFA,,20037,38260,2031375,"IFA St. Louis, MO-IL",0.0,no cell in the extract: territory at zero opportunity
ifa_mw_ksmoco_k2,66748,ifa,KS,IFA,IFA_02,IFA,,20001,,2033450,"IFA St. Louis, MO-IL",0.0,no cell in the extract: territory at zero opportunity
ifa_mw_ksmoco_k2,66749,ifa,KS,IFA,IFA_02,IFA,,20001,,2034300,"IFA St. Louis, MO-IL",0.0,no cell in the extract: territory at zero opportunity
ifa_mw_ksmoco_k2,66751,ifa,KS,IFA,IFA_02,IFA,,20001,,2037725,"IFA St. Louis, MO-IL",0.0,no cell in the extract: territory at zero opportunity
ifa_mw_ksmoco_k2,66753,ifa,KS,IFA,IFA_02,IFA,,20037,38260,2043725,"IFA St. Louis, MO-IL",0.0,no cell in the extract: territory at zero opportunity
ifa_mw_ksmoco_k2,66754,ifa,KS,IFA,IFA_02,IFA,,20011,,2044550,"IFA St. Louis, MO-IL",0.0,no cell in the extract: territory at zero opportunity
ifa_mw_ksmoco_k2,66755,ifa,KS,IFA,IFA_02,IFA,,20001,,2046500,"IFA St. Louis, MO-IL",0.0,no cell in the extract: territory at zero opportunity
ifa_mw_ksmoco_k2,66756,ifa,KS,IFA,IFA_02,IFA,,20037,38260,2016475,"IFA St. Louis, MO-IL",0.0,no cell in the extract: territory at zero opportunity
ifa_mw_ksmoco_k2,66757,ifa,KS,IFA,IFA_02,IFA,,20205,,2049650,"IFA St. Louis, MO-IL",0.516907,
ifa_mw_ksmoco_k2,66758,ifa,KS,IFA,IFA_02,IFA,,20207,,2049825,"IFA St. Louis, MO-IL",0.0,no cell in the extract: territory at zero opportunity
ifa_mw_ksmoco_k2,66760,ifa,KS,IFA,IFA_02,IFA,,20037,38260,2052925,"IFA St. Louis, MO-IL",0.0,no cell in the extract: territory at zero opportunity
ifa_mw_ksmoco_k2,66761,ifa,KS,IFA,IFA_02,IFA,,20207,,2056000,"IFA St. Louis, MO-IL",0.0,no cell in the extract: territory at zero opportunity
ifa_mw_ksmoco_k2,66762,ifa,KS,IFA,IFA_02,IFA,,20037,38260,2056025,"IFA St. Louis, MO-IL",1.32075,
ifa_mw_ksmoco_k2,66763,ifa,KS,IFA,IFA_02,IFA,,20037,38260,2024850,"IFA St. Louis, MO-IL",0.280971,
ifa_mw_ksmoco_k2,66767,ifa,KS,IFA,IFA_02,IFA,,20107,28140,2057650,"IFA St. Louis, MO-IL",0.0,no cell in the extract: territory at zero opportunity
ifa_mw_ksmoco_k2,66769,ifa,KS,IFA,IFA_02,IFA,,20011,,2058725,"IFA St. Louis, MO-IL",0.0,no cell in the extract: territory at zero opportunity
ifa_mw_ksmoco_k2,66770,ifa,KS,IFA,IFA_02,IFA,,20021,27900,2060200,"IFA St. Louis, MO-IL",0.0,no cell in the extract: territory at zero opportunity
ifa_mw_ksmoco_k2,66771,ifa,KS,IFA,IFA_02,IFA,,20133,,2062500,"IFA St. Louis, MO-IL",0.0,no cell in the extract: territory at zero opportunity
ifa_mw_ksmoco_k2,66772,ifa,KS,IFA,IFA_02,IFA,,20001,,2063200,"IFA St. Louis, MO-IL",0.0,no cell in the extract: territory at zero opportunity
ifa_mw_ksmoco_k2,66773,ifa,KS,IFA,IFA_02,IFA,,20021,27900,2061275,"IFA St. Louis, MO-IL",0.0,no cell in the extract: territory at zero opportunity
ifa_mw_ksmoco_k2,66775,ifa,KS,IFA,IFA_02,IFA,,20133,,2068025,"IFA St. Louis, MO-IL",0.0,no cell in the extract: territory at zero opportunity
ifa_mw_ksmoco_k2,66776,ifa,KS,IFA,IFA_02,IFA,,20133,,2070300,"IFA St. Louis, MO-IL",0.0,no cell in the extract: territory at zero opportunity
ifa_mw_ksmoco_k2,66777,ifa,KS,IFA,IFA_02,IFA,,20073,,2071050,"IFA St. Louis, MO-IL",0.0,no cell in the extract: territory at zero opportunity
ifa_mw_ksmoco_k2,66778,ifa,KS,IFA,IFA_02,IFA,,20021,27900,,"IFA St. Louis, MO-IL",0.0,no cell in the extract: territory at zero opportunity
ifa_mw_ksmoco_k2,66779,ifa,KS,IFA,IFA_02,IFA,,20011,,2072525,"IFA St. Louis, MO-IL",0.0,no cell in the extract: territory at zero opportunity
ifa_mw_ksmoco_k2,66780,ifa,KS,IFA,IFA_02,IFA,,20037,38260,2074950,"IFA St. Louis, MO-IL",0.0,no cell in the extract: territory at zero opportunity
ifa_mw_ksmoco_k2,66781,ifa,KS,IFA,IFA_02,IFA,,20021,27900,2076350,"IFA St. Louis, MO-IL",0.0,no cell in the extract: territory at zero opportunity
ifa_mw_ksmoco_k2,66782,ifa,KS,IFA,IFA_02,IFA,,20021,27900,2077150,"IFA St. Louis, MO-IL",0.0,no cell in the extract: territory at zero opportunity
ifa_mw_ksmoco_k2,66783,ifa,KS,IFA,IFA_02,IFA,,20207,,2080700,"IFA St. Louis, MO-IL",0.0,no cell in the extract: territory at zero opportunity
ifa_mw_ksmoco_k2,66801,ifa,KS,IFA,IFA_02,IFA,,20111,21380,2021275,"IFA St. Louis, MO-IL",2.56996,
ifa_mw_ksmoco_k2,66830,ifa,KS,IFA,IFA_02,IFA,,20111,21380,2000325,"IFA St. Louis, MO-IL",0.0,no cell in the extract: territory at zero opportunity
ifa_mw_ksmoco_k2,66833,ifa,KS,IFA,IFA_02,IFA,,20111,21380,2001275,"IFA St. Louis, MO-IL",0.0,no cell in the extract: territory at zero opportunity
ifa_mw_ksmoco_k2,66834,ifa,KS,IFA,IFA_02,IFA,,20197,45820,2001575,"IFA St. Louis, MO-IL",0.0,no cell in the extract: territory at zero opportunity
ifa_mw_ksmoco_k2,66835,ifa,KS,IFA,IFA_02,IFA,,20111,21380,2001675,"IFA St. Louis, MO-IL",0.0,no cell in the extract: territory at zero opportunity
ifa_mw_ksmoco_k2,66838,ifa,KS,IFA,IFA_01,IFA,,20127,,2009300,"IFA Denver-Aurora-Centennial, CO",0.0,no cell in the extract: territory at zero opportunity
ifa_mw_ksmoco_k2,66839,ifa,KS,IFA,IFA_02,IFA,,20031,,2009400,"IFA St. Louis, MO-IL",0.0,no cell in the extract: territory at zero opportunity
ifa_mw_ksmoco_k2,66840,ifa,KS,IFA,IFA_01,IFA,,20015,48620,2009450,"IFA Denver-Aurora-Centennial, CO",0.0,no cell in the extract: territory at zero opportunity
ifa_mw_ksmoco_k2,66842,ifa,KS,IFA,IFA_01,IFA,,20015,48620,2010925,"IFA Denver-Aurora-Centennial, CO",0.0,no cell in the extract: territory at zero opportunity
ifa_mw_ksmoco_k2,66843,ifa,KS,IFA,IFA_01,IFA,,20017,21380,2011425,"IFA Denver-Aurora-Centennial, CO",0.0,no cell in the extract: territory at zero opportunity
ifa_mw_ksmoco_k2,66845,ifa,KS,IFA,IFA_02,IFA,,20017,21380,2015900,"IFA St. Louis, MO-IL",0.0,no cell in the extract: territory at zero opportunity
ifa_mw_ksmoco_k2,66846,ifa,KS,IFA,IFA_02,IFA,,20127,,2015925,"IFA St. Louis, MO-IL",0.000954541,
ifa_mw_ksmoco_k2,66849,ifa,KS,IFA,IFA_02,IFA,,20127,,2019125,"IFA St. Louis, MO-IL",0.0,no cell in the extract: territory at zero opportunity
ifa_mw_ksmoco_k2,66850,ifa,KS,IFA,IFA_01,IFA,,20017,21380,2020675,"IFA Denver-Aurora-Centennial, CO",0.0,no cell in the extract: territory at zero opportunity
ifa_mw_ksmoco_k2,66851,ifa,KS,IFA,IFA_01,IFA,,20115,,2023600,"IFA Denver-Aurora-Centennial, CO",0.0,no cell in the extract: territory at zero opportunity
ifa_mw_ksmoco_k2,66852,ifa,KS,IFA,IFA_02,IFA,,20031,,2028850,"IFA St. Louis, MO-IL",0.0,no cell in the extract: territory at zero opportunity
ifa_mw_ksmoco_k2,66853,ifa,KS,IFA,IFA_02,IFA,,20073,,2029675,"IFA St. Louis, MO-IL",0.0,no cell in the extract: territory at zero opportunity
ifa_mw_ksmoco_k2,66854,ifa,KS,IFA,IFA_02,IFA,,20111,21380,2030475,"IFA St. Louis, MO-IL",0.0,no cell in the extract: territory at zero opportunity
ifa_mw_ksmoco_k2,66856,ifa,KS,IFA,IFA_02,IFA,,20031,,2039125,"IFA St. Louis, MO-IL",0.0,no cell in the extract: territory at zero opportunity
ifa_mw_ksmoco_k2,66857,ifa,KS,IFA,IFA_02,IFA,,20031,,2039650,"IFA St. Louis, MO-IL",0.0,no cell in the extract: territory at zero opportunity
ifa_mw_ksmoco_k2,66858,ifa,KS,IFA,IFA_01,IFA,,20115,,2041325,"IFA Denver-Aurora-Centennial, CO",0.0,no cell in the extract: territory at zero opportunity
ifa_mw_ksmoco_k2,66859,ifa,KS,IFA,IFA_01,IFA,,20115,,2042825,"IFA Denver-Aurora-Centennial, CO",0.0,no cell in the extract: territory at zero opportunity
ifa_mw_ksmoco_k2,66860,ifa,KS,IFA,IFA_02,IFA,,20073,,2044050,"IFA St. Louis, MO-IL",0.0,no cell in the extract: territory at zero opportunity
ifa_mw_ksmoco_k2,66861,ifa,KS,IFA,IFA_01,IFA,,20115,,2044750,"IFA Denver-Aurora-Centennial, CO",0.0,no cell in the extract: territory at zero opportunity
ifa_mw_ksmoco_k2,66862,ifa,KS,IFA,IFA_02,IFA,,20017,21380,2045150,"IFA St. Louis, MO-IL",0.0,no cell in the extract: territory at zero opportunity
ifa_mw_ksmoco_k2,66863,ifa,KS,IFA,IFA_02,IFA,,20073,,2049550,"IFA St. Louis, MO-IL",0.0,no cell in the extract: territory at zero opportunity
ifa_mw_ksmoco_k2,66864,ifa,KS,IFA,IFA_02,IFA,,20111,21380,2049875,"IFA St. Louis, MO-IL",0.0,no cell in the extract: territory at zero opportunity
ifa_mw_ksmoco_k2,66865,ifa,KS,IFA,IFA_02,IFA,,20111,21380,2052800,"IFA St. Louis, MO-IL",0.0,no cell in the extract: territory at zero opportunity
ifa_mw_ksmoco_k2,66866,ifa,KS,IFA,IFA_01,IFA,,20115,,2055100,"IFA Denver-Aurora-Centennial, CO",0.0,no cell in the extract: territory at zero opportunity
ifa_mw_ksmoco_k2,66868,ifa,KS,IFA,IFA_02,IFA,,20111,21380,2058600,"IFA St. Louis, MO-IL",0.0,no cell in the extract: territory at zero opportunity
ifa_mw_ksmoco_k2,66869,ifa,KS,IFA,IFA_02,IFA,,20017,21380,2068650,"IFA St. Louis, MO-IL",0.0,no cell in the extract: territory at zero opportunity
ifa_mw_ksmoco_k2,66870,ifa,KS,IFA,IFA_02,IFA,,20073,,2074075,"IFA St. Louis, MO-IL",0.0,no cell in the extract: territory at zero opportunity
ifa_mw_ksmoco_k2,66871,ifa,KS,IFA,IFA_02,IFA,,20031,,2076050,"IFA St. Louis, MO-IL",0.0,no cell in the extract: territory at zero opportunity
ifa_mw_ksmoco_k2,66872,ifa,KS,IFA,IFA_01,IFA,,20127,,2077825,"IFA Denver-Aurora-Centennial, CO",0.0,no cell in the extract: territory at zero opportunity
ifa_mw_ksmoco_k2,66873,ifa,KS,IFA,IFA_01,IFA,,20127,,2079650,"IFA Denver-Aurora-Centennial, CO",0.0,no cell in the extract: territory at zero opportunity
ifa_mw_ksmoco_k2,66901,ifa,KS,IFA,IFA_01,IFA,,20029,,2015200,"IFA Denver-Aurora-Centennial, CO",0.170549,
ifa_mw_ksmoco_k2,66930,ifa,KS,IFA,IFA_01,IFA,,20157,,2000475,"IFA Denver-Aurora-Centennial, CO",0.0,no cell in the extract: territory at zero opportunity
ifa_mw_ksmoco_k2,66932,ifa,KS,IFA,IFA_01,IFA,,20183,,2003025,"IFA Denver-Aurora-Centennial, CO",0.0,no cell in the extract: territory at zero opportunity
ifa_mw_ksmoco_k2,66933,ifa,KS,IFA,IFA_01,IFA,,20201,,2004250,"IFA Denver-Aurora-Centennial, CO",0.0,no cell in the extract: territory at zero opportunity
ifa_mw_ksmoco_k2,66935,ifa,KS,IFA,IFA_01,IFA,,20157,,2005600,"IFA Denver-Aurora-Centennial, CO",0.903497,
ifa_mw_ksmoco_k2,66936,ifa,KS,IFA,IFA_01,IFA,,20089,,2009525,"IFA Denver-Aurora-Centennial, CO",0.0,no cell in the extract: territory at zero opportunity
ifa_mw_ksmoco_k2,66937,ifa,KS,IFA,IFA_01,IFA,,20201,,2014200,"IFA Denver-Aurora-Centennial, CO",0.0,no cell in the extract: territory at zero opportunity
ifa_mw_ksmoco_k2,66938,ifa,KS,IFA,IFA_01,IFA,,20029,,2014475,"IFA Denver-Aurora-Centennial, CO",0.0,no cell in the extract: territory at zero opportunity
ifa_mw_ksmoco_k2,66939,ifa,KS,IFA,IFA_01,IFA,,20157,,2016025,"IFA Denver-Aurora-Centennial, CO",0.0,no cell in the extract: territory at zero opportunity
ifa_mw_ksmoco_k2,66940,ifa,KS,IFA,IFA_01,IFA,,20157,,2016625,"IFA Denver-Aurora-Centennial, CO",0.0,no cell in the extract: territory at zero opportunity
ifa_mw_ksmoco_k2,66941,ifa,KS,IFA,IFA_01,IFA,,20089,,2021600,"IFA Denver-Aurora-Centennial, CO",0.0,no cell in the extract: territory at zero opportunity
ifa_mw_ksmoco_k2,66942,ifa,KS,IFA,IFA_01,IFA,,20089,,2023825,"IFA Denver-Aurora-Centennial, CO",0.0,no cell in the extract: territory at zero opportunity
ifa_mw_ksmoco_k2,66943,ifa,KS,IFA,IFA_01,IFA,,20201,,2028625,"IFA Denver-Aurora-Centennial, CO",0.0,no cell in the extract: territory at zero opportunity
ifa_mw_ksmoco_k2,66944,ifa,KS,IFA,IFA_01,IFA,,20201,,2029400,"IFA Denver-Aurora-Centennial, CO",0.0,no cell in the extract: territory at zero opportunity
ifa_mw_ksmoco_k2,66945,ifa,KS,IFA,IFA_01,IFA,,20201,,2029875,"IFA Denver-Aurora-Centennial, CO",0.0,no cell in the extract: territory at zero opportunity
ifa_mw_ksmoco_k2,66946,ifa,KS,IFA,IFA_01,IFA,,20201,,2032650,"IFA Denver-Aurora-Centennial, CO",0.0,no cell in the extract: territory at zero opportunity
ifa_mw_ksmoco_k2,66948,ifa,KS,IFA,IFA_01,IFA,,20029,,2034975,"IFA Denver-Aurora-Centennial, CO",0.0,no cell in the extract: territory at zero opportunity
ifa_mw_ksmoco_k2,66949,ifa,KS,IFA,IFA_01,IFA,,20089,,2034350,"IFA Denver-Aurora-Centennial, CO",0.0,no cell in the extract: territory at zero opportunity
ifa_mw_ksmoco_k2,66951,ifa,KS,IFA,IFA_01,IFA,,20183,,2036550,"IFA Denver-Aurora-Centennial, CO",0.0,no cell in the extract: territory at zero opportunity
ifa_mw_ksmoco_k2,66952,ifa,KS,IFA,IFA_01,IFA,,20183,,2039100,"IFA Denver-Aurora-Centennial, CO",0.0,no cell in the extract: territory at zero opportunity
ifa_mw_ksmoco_k2,66953,ifa,KS,IFA,IFA_01,IFA,,20201,,2041425,"IFA Denver-Aurora-Centennial, CO",0.0,no cell in the extract: territory at zero opportunity
ifa_mw_ksmoco_k2,66955,ifa,KS,IFA,IFA_01,IFA,,20201,,2044150,"IFA Denver-Aurora-Centennial, CO",0.0,no cell in the extract: territory at zero opportunity
ifa_mw_ksmoco_k2,66956,ifa,KS,IFA,IFA_01,IFA,,20089,,2044300,"IFA Denver-Aurora-Centennial, CO",0.0,no cell in the extract: territory at zero opportunity
ifa_mw_ksmoco_k2,66958,ifa,KS,IFA,IFA_01,IFA,,20201,,2048450,"IFA Denver-Aurora-Centennial, CO",0.0,no cell in the extract: territory at zero opportunity
ifa_mw_ksmoco_k2,66959,ifa,KS,IFA,IFA_01,IFA,,20157,,2049150,"IFA Denver-Aurora-Centennial, CO",0.0,no cell in the extract: territory at zero opportunity
ifa_mw_ksmoco_k2,66960,ifa,KS,IFA,IFA_01,IFA,,20157,,2049350,"IFA Denver-Aurora-Centennial, CO",0.0,no cell in the extract: territory at zero opportunity
ifa_mw_ksmoco_k2,66961,ifa,KS,IFA,IFA_01,IFA,,20157,,2051550,"IFA Denver-Aurora-Centennial, CO",0.0,no cell in the extract: territory at zero opportunity
ifa_mw_ksmoco_k2,66962,ifa,KS,IFA,IFA_01,IFA,,20201,,2054200,"IFA Denver-Aurora-Centennial, CO",0.0,no cell in the extract: territory at zero opportunity
ifa_mw_ksmoco_k2,66963,ifa,KS,IFA,IFA_01,IFA,,20089,,2058450,"IFA Denver-Aurora-Centennial, CO",0.0,no cell in the extract: territory at zero opportunity
ifa_mw_ksmoco_k2,66964,ifa,KS,IFA,IFA_01,IFA,,20157,,2059000,"IFA Denver-Aurora-Centennial, CO",0.0,no cell in the extract: territory at zero opportunity
ifa_mw_ksmoco_k2,66966,ifa,KS,IFA,IFA_01,IFA,,20157,,2051550,"IFA Denver-Aurora-Centennial, CO",0.0,no cell in the extract: territory at zero opportunity
ifa_mw_ksmoco_k2,66967,ifa,KS,IFA,IFA_01,IFA,,20183,,2065925,"IFA Denver-Aurora-Centennial, CO",0.0,no cell in the extract: territory at zero opportunity
ifa_mw_ksmoco_k2,66968,ifa,KS,IFA,IFA_01,IFA,,20201,,2075825,"IFA Denver-Aurora-Centennial, CO",0.0,no cell in the extract: territory at zero opportunity
ifa_mw_ksmoco_k2,66970,ifa,KS,IFA,IFA_01,IFA,,20089,,2076250,"IFA Denver-Aurora-Centennial, CO",0.0,no cell in the extract: territory at zero opportunity
ifa_mw_ksmoco_k2,67001,ifa,KS,IFA,IFA_01,IFA,,20173,48620,2001775,"IFA Denver-Aurora-Centennial, CO",0.0,no cell in the extract: territory at zero opportunity
ifa_mw_ksmoco_k2,67002,ifa,KS,IFA,IFA_01,IFA,,20015,48620,2001800,"IFA Denver-Aurora-Centennial, CO",0.0685374,
ifa_mw_ksmoco_k2,67003,ifa,KS,IFA,IFA_01,IFA,,20077,,2001975,"IFA Denver-Aurora-Centennial, CO",0.0,no cell in the extract: territory at zero opportunity
ifa_mw_ksmoco_k2,67004,ifa,KS,IFA,IFA_01,IFA,,20191,48620,2002250,"IFA Denver-Aurora-Centennial, CO",0.0,no cell in the extract: territory at zero opportunity
ifa_mw_ksmoco_k2,67005,ifa,KS,IFA,IFA_01,IFA,,20035,11680,2002300,"IFA Denver-Aurora-Centennial, CO",0.0226845,
ifa_mw_ksmoco_k2,67008,ifa,KS,IFA,IFA_01,IFA,,20035,11680,2003050,"IFA Denver-Aurora-Centennial, CO",0.0,no cell in the extract: territory at zero opportunity
ifa_mw_ksmoco_k2,67009,ifa,KS,IFA,IFA_01,IFA,,20077,,2003100,"IFA Denver-Aurora-Centennial, CO",0.0,no cell in the extract: territory at zero opportunity
ifa_mw_ksmoco_k2,67010,ifa,KS,IFA,IFA_01,IFA,,20015,48620,2003300,"IFA Denver-Aurora-Centennial, CO",0.0174197,
ifa_mw_ksmoco_k2,67012,ifa,KS,IFA,IFA_01,IFA,,20015,48620,2004925,"IFA Denver-Aurora-Centennial, CO",0.0,no cell in the extract: territory at zero opportunity
ifa_mw_ksmoco_k2,67013,ifa,KS,IFA,IFA_01,IFA,,20191,48620,2005500,"IFA Denver-Aurora-Centennial, CO",0.0,no cell in the extract: territory at zero opportunity
ifa_mw_ksmoco_k2,67016,ifa,KS,IFA,IFA_01,IFA,,20173,48620,2006125,"IFA Denver-Aurora-Centennial, CO",0.0,no cell in the extract: territory at zero opportunity
ifa_mw_ksmoco_k2,67017,ifa,KS,IFA,IFA_01,IFA,,20015,48620,2006175,"IFA Denver-Aurora-Centennial, CO",0.0,no cell in the extract: territory at zero opportunity
ifa_mw_ksmoco_k2,67018,ifa,KS,IFA,IFA_01,IFA,,20077,,2007775,"IFA Denver-Aurora-Centennial, CO",0.0,no cell in the extract: territory at zero opportunity
ifa_mw_ksmoco_k2,67019,ifa,KS,IFA,IFA_01,IFA,,20035,11680,2079950,"IFA Denver-Aurora-Centennial, CO",0.0,no cell in the extract: territory at zero opportunity
ifa_mw_ksmoco_k2,67020,ifa,KS,IFA,IFA_01,IFA,,20079,48620,2009575,"IFA Denver-Aurora-Centennial, CO",0.0,no cell in the extract: territory at zero opportunity
ifa_mw_ksmoco_k2,67021,ifa,KS,IFA,IFA_01,IFA,,20151,,2009800,"IFA Denver-Aurora-Centennial, CO",0.0,no cell in the extract: territory at zero opportunity
ifa_mw_ksmoco_k2,67022,ifa,KS,IFA,IFA_01,IFA,,20191,48620,2009900,"IFA Denver-Aurora-Centennial, CO",0.0,no cell in the extract: territory at zero opportunity
ifa_mw_ksmoco_k2,67023,ifa,KS,IFA,IFA_01,IFA,,20035,11680,2010125,"IFA Denver-Aurora-Centennial, CO",0.0,no cell in the extract: territory at zero opportunity
ifa_mw_ksmoco_k2,67024,ifa,KS,IFA,IFA_02,IFA,,20019,,2011450,"IFA St. Louis, MO-IL",0.0,no cell in the extract: territory at zero opportunity
ifa_mw_ksmoco_k2,67025,ifa,KS,IFA,IFA_01,IFA,,20173,48620,2012775,"IFA Denver-Aurora-Centennial, CO",0.0,no cell in the extract: territory at zero opportunity
ifa_mw_ksmoco_k2,67026,ifa,KS,IFA,IFA_01,IFA,,20173,48620,2013925,"IFA Denver-Aurora-Centennial, CO",0.0,no cell in the extract: territory at zero opportunity
ifa_mw_ksmoco_k2,67028,ifa,KS,IFA,IFA_01,IFA,,20097,,2014525,"IFA Denver-Aurora-Centennial, CO",0.0,no cell in the extract: territory at zero opportunity
ifa_mw_ksmoco_k2,67029,ifa,KS,IFA,IFA_01,IFA,,20033,,2014700,"IFA Denver-Aurora-Centennial, CO",0.0,no cell in the extract: territory at zero opportunity
ifa_mw_ksmoco_k2,67030,ifa,KS,IFA,IFA_01,IFA,,20173,48620,2015100,"IFA Denver-Aurora-Centennial, CO",0.0,no cell in the extract: territory at zero opportunity
ifa_mw_ksmoco_k2,67031,ifa,KS,IFA,IFA_01,IFA,,20191,48620,2015325,"IFA Denver-Aurora-Centennial, CO",0.0,no cell in the extract: territory at zero opportunity
ifa_mw_ksmoco_k2,67035,ifa,KS,IFA,IFA_01,IFA,,20095,,2016775,"IFA Denver-Aurora-Centennial, CO",0.0,no cell in the extract: territory at zero opportunity
ifa_mw_ksmoco_k2,67036,ifa,KS,IFA,IFA_01,IFA,,20077,,2017000,"IFA Denver-Aurora-Centennial, CO",0.0,no cell in the extract: territory at zero opportunity
ifa_mw_ksmoco_k2,67037,ifa,KS,IFA,IFA_01,IFA,,20173,48620,2017800,"IFA Denver-Aurora-Centennial, CO",1.3627,
ifa_mw_ksmoco_k2,67038,ifa,KS,IFA,IFA_01,IFA,,20035,11680,2017925,"IFA Denver-Aurora-Centennial, CO",0.0,no cell in the extract: territory at zero opportunity
ifa_mw_ksmoco_k2,67039,ifa,KS,IFA,IFA_01,IFA,,20015,48620,2018400,"IFA Denver-Aurora-Centennial, CO",0.0,no cell in the extract: territory at zero opportunity
ifa_mw_ksmoco_k2,67041,ifa,KS,IFA,IFA_01,IFA,,20015,48620,2020050,"IFA Denver-Aurora-Centennial, CO",0.0,no cell in the extract: territory at zero opportunity
ifa_mw_ksmoco_k2,67042,ifa,KS,IFA,IFA_01,IFA,,20015,48620,2020075,"IFA Denver-Aurora-Centennial, CO",2.32822,
ifa_mw_ksmoco_k2,67045,ifa,KS,IFA,IFA_02,IFA,,20073,,2021800,"IFA St. Louis, MO-IL",0.0,no cell in the extract: territory at zero opportunity
ifa_mw_ksmoco_k2,67047,ifa,KS,IFA,IFA_02,IFA,,20073,,2022775,"IFA St. Louis, MO-IL",0.0,no cell in the extract: territory at zero opportunity
ifa_mw_ksmoco_k2,67049,ifa,KS,IFA,IFA_01,IFA,,20077,,,"IFA Denver-Aurora-Centennial, CO",0.0,no cell in the extract: territory at zero opportunity
ifa_mw_ksmoco_k2,67050,ifa,KS,IFA,IFA_01,IFA,,20173,48620,2025375,"IFA Denver-Aurora-Centennial, CO",0.0,no cell in the extract: territory at zero opportunity
ifa_mw_ksmoco_k2,67051,ifa,KS,IFA,IFA_01,IFA,,20191,48620,2026200,"IFA Denver-Aurora-Centennial, CO",0.0,no cell in the extract: territory at zero opportunity
ifa_mw_ksmoco_k2,67052,ifa,KS,IFA,IFA_01,IFA,,20173,48620,2026725,"IFA Denver-Aurora-Centennial, CO",0.0,no cell in the extract: territory at zero opportunity
ifa_mw_ksmoco_k2,67053,ifa,KS,IFA,IFA_01,IFA,,20115,,2026750,"IFA Denver-Aurora-Centennial, CO",0.0,no cell in the extract: territory at zero opportunity
ifa_mw_ksmoco_k2,67054,ifa,KS,IFA,IFA_01,IFA,,20097,,2028675,"IFA Denver-Aurora-Centennial, CO",0.0,no cell in the extract: territory at zero opportunity
ifa_mw_ksmoco_k2,67055,ifa,KS,IFA,IFA_01,IFA,,20173,48620,2028700,"IFA Denver-Aurora-Centennial, CO",0.0,no cell in the extract: territory at zero opportunity
ifa_mw_ksmoco_k2,67056,ifa,KS,IFA,IFA_01,IFA,,20079,48620,2029600,"IFA Denver-Aurora-Centennial, CO",0.0,no cell in the extract: territory at zero opportunity
ifa_mw_ksmoco_k2,67057,ifa,KS,IFA,IFA_01,IFA,,20007,,2030000,"IFA Denver-Aurora-Centennial, CO",0.0,no cell in the extract: territory at zero opportunity
ifa_mw_ksmoco_k2,67058,ifa,KS,IFA,IFA_01,IFA,,20077,,2030175,"IFA Denver-Aurora-Centennial, CO",0.0,no cell in the extract: territory at zero opportunity
ifa_mw_ksmoco_k2,67059,ifa,KS,IFA,IFA_01,IFA,,20097,,2030825,"IFA Denver-Aurora-Centennial, CO",0.0,no cell in the extract: territory at zero opportunity
ifa_mw_ksmoco_k2,67060,ifa,KS,IFA,IFA_01,IFA,,20173,48620,2031125,"IFA Denver-Aurora-Centennial, CO",0.0,no cell in the extract: territory at zero opportunity
ifa_mw_ksmoco_k2,67061,ifa,KS,IFA,IFA_01,IFA,,20007,,2031150,"IFA Denver-Aurora-Centennial, CO",0.0,no cell in the extract: territory at zero opportunity
ifa_mw_ksmoco_k2,67062,ifa,KS,IFA,IFA_01,IFA,,20079,48620,2031600,"IFA Denver-Aurora-Centennial, CO",0.013676,
ifa_mw_ksmoco_k2,67063,ifa,KS,IFA,IFA_01,IFA,,20115,,2032275,"IFA Denver-Aurora-Centennial, CO",0.0047727,
ifa_mw_ksmoco_k2,67065,ifa,KS,IFA,IFA_01,IFA,,20151,,2034550,"IFA Denver-Aurora-Centennial, CO",0.0,no cell in the extract: territory at zero opportunity
ifa_mw_ksmoco_k2,67066,ifa,KS,IFA,IFA_01,IFA,,20151,,2034625,"IFA Denver-Aurora-Centennial, CO",0.0,no cell in the extract: territory at zero opportunity
ifa_mw_ksmoco_k2,67067,ifa,KS,IFA,IFA_01,IFA,,20173,48620,2036225,"IFA Denver-Aurora-Centennial, CO",0.0,no cell in the extract: territory at zero opportunity
ifa_mw_ksmoco_k2,67068,ifa,KS,IFA,IFA_01,IFA,,20095,,2036950,"IFA Denver-Aurora-Centennial, CO",0.0,no cell in the extract: territory at zero opportunity
ifa_mw_ksmoco_k2,67070,ifa,KS,IFA,IFA_01,IFA,,20007,,2037125,"IFA Denver-Aurora-Centennial, CO",0.0,no cell in the extract: territory at zero opportunity
ifa_mw_ksmoco_k2,67071,ifa,KS,IFA,IFA_01,IFA,,20007,,2037875,"IFA Denver-Aurora-Centennial, CO",0.0,no cell in the extract: territory at zero opportunity
ifa_mw_ksmoco_k2,67072,ifa,KS,IFA,IFA_01,IFA,,20015,48620,2038775,"IFA Denver-Aurora-Centennial, CO",0.0,no cell in the extract: territory at zero opportunity
ifa_mw_ksmoco_k2,67073,ifa,KS,IFA,IFA_01,IFA,,20115,,2039225,"IFA Denver-Aurora-Centennial, CO",0.0,no cell in the extract: territory at zero opportunity
ifa_mw_ksmoco_k2,67074,ifa,KS,IFA,IFA_01,IFA,,20015,48620,2039450,"IFA Denver-Aurora-Centennial, CO",1.91872,
ifa_mw_ksmoco_k2,67101,ifa,KS,IFA,IFA_01,IFA,,20173,48620,2044200,"IFA Denver-Aurora-Centennial, CO",0.0,no cell in the extract: territory at zero opportunity
ifa_mw_ksmoco_k2,67102,ifa,KS,IFA,IFA_01,IFA,,20035,11680,,"IFA Denver-Aurora-Centennial, CO",0.0,no cell in the extract: territory at zero opportunity
ifa_mw_ksmoco_k2,67103,ifa,KS,IFA,IFA_01,IFA,,20191,48620,2076475,"IFA Denver-Aurora-Centennial, CO",0.0,no cell in the extract: territory at zero opportunity
ifa_mw_ksmoco_k2,67104,ifa,KS,IFA,IFA_01,IFA,,20007,,2045500,"IFA Denver-Aurora-Centennial, CO",0.0,no cell in the extract: territory at zero opportunity
ifa_mw_ksmoco_k2,67105,ifa,KS,IFA,IFA_01,IFA,,20191,48620,2046450,"IFA Denver-Aurora-Centennial, CO",0.0,no cell in the extract: territory at zero opportunity
ifa_mw_ksmoco_k2,67106,ifa,KS,IFA,IFA_01,IFA,,20191,48620,2046925,"IFA Denver-Aurora-Centennial, CO",0.0,no cell in the extract: territory at zero opportunity
ifa_mw_ksmoco_k2,67107,ifa,KS,IFA,IFA_01,IFA,,20113,32700,2048800,"IFA Denver-Aurora-Centennial, CO",0.0,no cell in the extract: territory at zero opportunity
ifa_mw_ksmoco_k2,67108,ifa,KS,IFA,IFA_01,IFA,,20173,48620,2048900,"IFA Denver-Aurora-Centennial, CO",0.0,no cell in the extract: territory at zero opportunity
ifa_mw_ksmoco_k2,67109,ifa,KS,IFA,IFA_01,IFA,,20097,,2049075,"IFA Denver-Aurora-Centennial, CO",0.0,no cell in the extract: territory at zero opportunity
ifa_mw_ksmoco_k2,67110,ifa,KS,IFA,IFA_01,IFA,,20191,48620,2049100,"IFA Denver-Aurora-Centennial, CO",0.0,no cell in the extract: territory at zero opportunity
ifa_mw_ksmoco_k2,67111,ifa,KS,IFA,IFA_01,IFA,,20095,,2049250,"IFA Denver-Aurora-Centennial, CO",0.0,no cell in the extract: territory at zero opportunity
ifa_mw_ksmoco_k2,67112,ifa,KS,IFA,IFA_01,IFA,,20095,,2049400,"IFA Denver-Aurora-Centennial, CO",0.0,no cell in the extract: territory at zero opportunity
ifa_mw_ksmoco_k2,67114,ifa,KS,IFA,IFA_01,IFA,,20079,48620,2050475,"IFA Denver-Aurora-Centennial, CO",0.551218,
ifa_mw_ksmoco_k2,67117,ifa,KS,IFA,IFA_01,IFA,,20079,48620,2051225,"IFA Denver-Aurora-Centennial, CO",0.00119318,
ifa_mw_ksmoco_k2,67118,ifa,KS,IFA,IFA_01,IFA,,20095,,2051600,"IFA Denver-Aurora-Centennial, CO",0.0,no cell in the extract: territory at zero opportunity
ifa_mw_ksmoco_k2,67119,ifa,KS,IFA,IFA_01,IFA,,20191,48620,2053850,"IFA Denver-Aurora-Centennial, CO",0.0,no cell in the extract: territory at zero opportunity
ifa_mw_ksmoco_k2,67120,ifa,KS,IFA,IFA_01,IFA,,20191,48620,2049100,"IFA Denver-Aurora-Centennial, CO",0.0,no cell in the extract: territory at zero opportunity
ifa_mw_ksmoco_k2,67122,ifa,KS,IFA,IFA_02,IFA,,20073,,2055750,"IFA St. Louis, MO-IL",0.0,no cell in the extract: territory at zero opportunity
ifa_mw_ksmoco_k2,67123,ifa,KS,IFA,IFA_01,IFA,,20015,48620,2057300,"IFA Denver-Aurora-Centennial, CO",0.0,no cell in the extract: territory at zero opportunity
ifa_mw_ksmoco_k2,67124,ifa,KS,IFA,IFA_01,IFA,,20151,,2057625,"IFA Denver-Aurora-Centennial, CO",0.0,no cell in the extract: territory at zero opportunity
ifa_mw_ksmoco_k2,67127,ifa,KS,IFA,IFA_01,IFA,,20033,,2057850,"IFA Denver-Aurora-Centennial, CO",0.0,no cell in the extract: territory at zero opportunity
ifa_mw_ksmoco_k2,67131,ifa,KS,IFA,IFA_01,IFA,,20035,11680,2060400,"IFA Denver-Aurora-Centennial, CO",0.0,no cell in the extract: territory at zero opportunity
ifa_mw_ksmoco_k2,67132,ifa,KS,IFA,IFA_01,IFA,,20015,48620,2061100,"IFA Denver-Aurora-Centennial, CO",0.0,no cell in the extract: territory at zero opportunity
ifa_mw_ksmoco_k2,67133,ifa,KS,IFA,IFA_01,IFA,,20015,48620,2061250,"IFA Denver-Aurora-Centennial, CO",0.0,no cell in the extract: territory at zero opportunity
ifa_mw_ksmoco_k2,67134,ifa,KS,IFA,IFA_01,IFA,,20151,,2063275,"IFA Denver-Aurora-Centennial, CO",0.0,no cell in the extract: territory at zero opportunity
ifa_mw_ksmoco_k2,67135,ifa,KS,IFA,IFA_01,IFA,,20079,48620,2063800,"IFA Denver-Aurora-Centennial, CO",0.0,no cell in the extract: territory at zero opportunity
ifa_mw_ksmoco_k2,67137,ifa,KS,IFA,IFA_02,IFA,,20073,,2064050,"IFA St. Louis, MO-IL",0.0,no cell in the extract: territory at zero opportunity
ifa_mw_ksmoco_k2,67138,ifa,KS,IFA,IFA_01,IFA,,20007,,2064325,"IFA Denver-Aurora-Centennial, CO",0.0,no cell in the extract: territory at zero opportunity
ifa_mw_ksmoco_k2,67140,ifa,KS,IFA,IFA_01,IFA,,20191,48620,2066650,"IFA Denver-Aurora-Centennial, CO",0.0,no cell in the extract: territory at zero opportunity
ifa_mw_ksmoco_k2,67142,ifa,KS,IFA,IFA_01,IFA,,20095,,2067250,"IFA Denver-Aurora-Centennial, CO",0.0,no cell in the extract: territory at zero opportunity
ifa_mw_ksmoco_k2,67143,ifa,KS,IFA,IFA_01,IFA,,20007,,2069275,"IFA Denver-Aurora-Centennial, CO",0.0,no cell in the extract: territory at zero opportunity
ifa_mw_ksmoco_k2,67144,ifa,KS,IFA,IFA_01,IFA,,20015,48620,2071125,"IFA Denver-Aurora-Centennial, CO",0.0,no cell in the extract: territory at zero opportunity
ifa_mw_ksmoco_k2,67146,ifa,KS,IFA,IFA_01,IFA,,20035,11680,2071950,"IFA Denver-Aurora-Centennial, CO",0.0,no cell in the extract: territory at zero opportunity
ifa_mw_ksmoco_k2,67147,ifa,KS,IFA,IFA_01,IFA,,20173,48620,2073250,"IFA Denver-Aurora-Centennial, CO",0.0,no cell in the extract: territory at zero opportunity
ifa_mw_ksmoco_k2,67149,ifa,KS,IFA,IFA_01,IFA,,20173,48620,2074025,"IFA Denver-Aurora-Centennial, CO",0.0,no cell in the extract: territory at zero opportunity
ifa_mw_ksmoco_k2,67150,ifa,KS,IFA,IFA_01,IFA,,20077,,2074625,"IFA Denver-Aurora-Centennial, CO",0.0,no cell in the extract: territory at zero opportunity
ifa_mw_ksmoco_k2,67151,ifa,KS,IFA,IFA_01,IFA,,20079,48620,2075200,"IFA Denver-Aurora-Centennial, CO",0.0,no cell in the extract: territory at zero opportunity
ifa_mw_ksmoco_k2,67152,ifa,KS,IFA,IFA_01,IFA,,20191,48620,2076475,"IFA Denver-Aurora-Centennial, CO",0.0,no cell in the extract: territory at zero opportunity
ifa_mw_ksmoco_k2,67154,ifa,KS,IFA,IFA_01,IFA,,20015,48620,2078050,"IFA Denver-Aurora-Centennial, CO",0.0,no cell in the extract: territory at zero opportunity
ifa_mw_ksmoco_k2,67155,ifa,KS,IFA,IFA_01,IFA,,20033,,2079550,"IFA Denver-Aurora-Centennial, CO",0.0,no cell in the extract: territory at zero opportunity
ifa_mw_ksmoco_k2,67156,ifa,KS,IFA,IFA_01,IFA,,20035,11680,2079950,"IFA Denver-Aurora-Centennial, CO",0.0,no cell in the extract: territory at zero opportunity
ifa_mw_ksmoco_k2,67159,ifa,KS,IFA,IFA_01,IFA,,20095,,2080925,"IFA Denver-Aurora-Centennial, CO",0.0,no cell in the extract: territory at zero opportunity
ifa_mw_ksmoco_k2,67202,ifa,KS,IFA,IFA_01,IFA,,20173,48620,2079000,"IFA Denver-Aurora-Centennial, CO",17.0027,
ifa_mw_ksmoco_k2,67203,ifa,KS,IFA,IFA_01,IFA,,20173,48620,2079000,"IFA Denver-Aurora-Centennial, CO",23.1546,
ifa_mw_ksmoco_k2,67204,ifa,KS,IFA,IFA_01,IFA,,20173,48620,2079000,"IFA Denver-Aurora-Centennial, CO",0.0,no cell in the extract: territory at zero opportunity
ifa_mw_ksmoco_k2,67205,ifa,KS,IFA,IFA_01,IFA,,20173,48620,2079000,"IFA Denver-Aurora-Centennial, CO",5.06773,
ifa_mw_ksmoco_k2,67206,ifa,KS,IFA,IFA_01,IFA,,20173,48620,2079000,"IFA Denver-Aurora-Centennial, CO",26.6207,
ifa_mw_ksmoco_k2,67207,ifa,KS,IFA,IFA_01,IFA,,20173,48620,2079000,"IFA Denver-Aurora-Centennial, CO",0.355505,
ifa_mw_ksmoco_k2,67208,ifa,KS,IFA,IFA_01,IFA,,20173,48620,2079000,"IFA Denver-Aurora-Centennial, CO",20.203,
ifa_mw_ksmoco_k2,67209,ifa,KS,IFA,IFA_01,IFA,,20173,48620,2079000,"IFA Denver-Aurora-Centennial, CO",2.94689,
ifa_mw_ksmoco_k2,67210,ifa,KS,IFA,IFA_01,IFA,,20173,48620,2043675,"IFA Denver-Aurora-Centennial, CO",0.0,no cell in the extract: territory at zero opportunity
ifa_mw_ksmoco_k2,67211,ifa,KS,IFA,IFA_01,IFA,,20173,48620,2079000,"IFA Denver-Aurora-Centennial, CO",0.0,no cell in the extract: territory at zero opportunity
ifa_mw_ksmoco_k2,67212,ifa,KS,IFA,IFA_01,IFA,,20173,48620,2079000,"IFA Denver-Aurora-Centennial, CO",4.21639,
ifa_mw_ksmoco_k2,67213,ifa,KS,IFA,IFA_01,IFA,,20173,48620,2079000,"IFA Denver-Aurora-Centennial, CO",2.91059,
ifa_mw_ksmoco_k2,67214,ifa,KS,IFA,IFA_01,IFA,,20173,48620,2079000,"IFA Denver-Aurora-Centennial, CO",0.0,no cell in the extract: territory at zero opportunity
ifa_mw_ksmoco_k2,67215,ifa,KS,IFA,IFA_01,IFA,,20173,48620,2079000,"IFA Denver-Aurora-Centennial, CO",0.0,no cell in the extract: territory at zero opportunity
ifa_mw_ksmoco_k2,67216,ifa,KS,IFA,IFA_01,IFA,,20173,48620,2079000,"IFA Denver-Aurora-Centennial, CO",0.0,no cell in the extract: territory at zero opportunity
ifa_mw_ksmoco_k2,67217,ifa,KS,IFA,IFA_01,IFA,,20173,48620,2079000,"IFA Denver-Aurora-Centennial, CO",0.0,no cell in the extract: territory at zero opportunity
ifa_mw_ksmoco_k2,67218,ifa,KS,IFA,IFA_01,IFA,,20173,48620,2079000,"IFA Denver-Aurora-Centennial, CO",2.32904,
ifa_mw_ksmoco_k2,67219,ifa,KS,IFA,IFA_01,IFA,,20173,48620,2079000,"IFA Denver-Aurora-Centennial, CO",0.0,no cell in the extract: territory at zero opportunity
ifa_mw_ksmoco_k2,67220,ifa,KS,IFA,IFA_01,IFA,,20173,48620,2079000,"IFA Denver-Aurora-Centennial, CO",0.0,no cell in the extract: territory at zero opportunity
ifa_mw_ksmoco_k2,67221,ifa,KS,IFA,IFA_01,IFA,,20173,48620,2043675,"IFA Denver-Aurora-Centennial, CO",0.0,no cell in the extract: territory at zero opportunity
ifa_mw_ksmoco_k2,67223,ifa,KS,IFA,IFA_01,IFA,,20173,48620,2044200,"IFA Denver-Aurora-Centennial, CO",0.0,no cell in the extract: territory at zero opportunity
ifa_mw_ksmoco_k2,67226,ifa,KS,IFA,IFA_01,IFA,,20173,48620,2079000,"IFA Denver-Aurora-Centennial, CO",22.2097,
ifa_mw_ksmoco_k2,67227,ifa,KS,IFA,IFA_01,IFA,,20173,48620,,"IFA Denver-Aurora-Centennial, CO",0.0,no cell in the extract: territory at zero opportunity
ifa_mw_ksmoco_k2,67228,ifa,KS,IFA,IFA_01,IFA,,20173,48620,2079000,"IFA Denver-Aurora-Centennial, CO",0.0,no cell in the extract: territory at zero opportunity
ifa_mw_ksmoco_k2,67230,ifa,KS,IFA,IFA_01,IFA,,20173,48620,2079000,"IFA Denver-Aurora-Centennial, CO",4.02185,
ifa_mw_ksmoco_k2,67232,ifa,KS,IFA,IFA_01,IFA,,20173,48620,2079000,"IFA Denver-Aurora-Centennial, CO",0.0,no cell in the extract: territory at zero opportunity
ifa_mw_ksmoco_k2,67235,ifa,KS,IFA,IFA_01,IFA,,20173,48620,2079000,"IFA Denver-Aurora-Centennial, CO",0.192739,
ifa_mw_ksmoco_k2,67260,ifa,KS,IFA,IFA_01,IFA,,20173,48620,2079000,"IFA Denver-Aurora-Centennial, CO",0.0,no cell in the extract: territory at zero opportunity
ifa_mw_ksmoco_k2,67301,ifa,KS,IFA,IFA_02,IFA,,20125,,2033875,"IFA St. Louis, MO-IL",0.0,no cell in the extract: territory at zero opportunity
ifa_mw_ksmoco_k2,67330,ifa,KS,IFA,IFA_02,IFA,,20099,,2001550,"IFA St. Louis, MO-IL",0.0,no cell in the extract: territory at zero opportunity
ifa_mw_ksmoco_k2,67332,ifa,KS,IFA,IFA_02,IFA,,20099,,2004350,"IFA St. Louis, MO-IL",0.0,no cell in the extract: territory at zero opportunity
ifa_mw_ksmoco_k2,67333,ifa,KS,IFA,IFA_02,IFA,,20125,,2010375,"IFA St. Louis, MO-IL",0.0,no cell in the extract: territory at zero opportunity
ifa_mw_ksmoco_k2,67334,ifa,KS,IFA,IFA_02,IFA,,20019,,2012675,"IFA St. Louis, MO-IL",0.0,no cell in the extract: territory at zero opportunity
ifa_mw_ksmoco_k2,67335,ifa,KS,IFA,IFA_02,IFA,,20125,,2012925,"IFA St. Louis, MO-IL",0.0,no cell in the extract: territory at zero opportunity
ifa_mw_ksmoco_k2,67336,ifa,KS,IFA,IFA_02,IFA,,20021,27900,2012950,"IFA St. Louis, MO-IL",0.0,no cell in the extract: territory at zero opportunity
ifa_mw_ksmoco_k2,67337,ifa,KS,IFA,IFA_02,IFA,,20125,,2014600,"IFA St. Louis, MO-IL",0.0,no cell in the extract: territory at zero opportunity
ifa_mw_ksmoco_k2,67340,ifa,KS,IFA,IFA_02,IFA,,20125,,2017150,"IFA St. Louis, MO-IL",0.0,no cell in the extract: territory at zero opportunity
ifa_mw_ksmoco_k2,67341,ifa,KS,IFA,IFA_02,IFA,,20099,,2017675,"IFA St. Louis, MO-IL",0.0,no cell in the extract: territory at zero opportunity
ifa_mw_ksmoco_k2,67342,ifa,KS,IFA,IFA_02,IFA,,20099,,2019900,"IFA St. Louis, MO-IL",0.0,no cell in the extract: territory at zero opportunity
ifa_mw_ksmoco_k2,67344,ifa,KS,IFA,IFA_02,IFA,,20125,,2020250,"IFA St. Louis, MO-IL",0.0,no cell in the extract: territory at zero opportunity
ifa_mw_ksmoco_k2,67345,ifa,KS,IFA,IFA_02,IFA,,20049,,2020300,"IFA St. Louis, MO-IL",0.0,no cell in the extract: territory at zero opportunity
ifa_mw_ksmoco_k2,67346,ifa,KS,IFA,IFA_02,IFA,,20049,,2028800,"IFA St. Louis, MO-IL",0.0,no cell in the extract: territory at zero opportunity
ifa_mw_ksmoco_k2,67347,ifa,KS,IFA,IFA_02,IFA,,20125,,2030700,"IFA St. Louis, MO-IL",0.0,no cell in the extract: territory at zero opportunity
ifa_mw_ksmoco_k2,67349,ifa,KS,IFA,IFA_02,IFA,,20049,,2033250,"IFA St. Louis, MO-IL",0.0,no cell in the extract: territory at zero opportunity
ifa_mw_ksmoco_k2,67351,ifa,KS,IFA,IFA_02,IFA,,20125,,2040250,"IFA St. Louis, MO-IL",0.0,no cell in the extract: territory at zero opportunity
ifa_mw_ksmoco_k2,67352,ifa,KS,IFA,IFA_02,IFA,,20049,,2042650,"IFA St. Louis, MO-IL",0.0,no cell in the extract: territory at zero opportunity
ifa_mw_ksmoco_k2,67353,ifa,KS,IFA,IFA_02,IFA,,20049,,2047600,"IFA St. Louis, MO-IL",0.0,no cell in the extract: territory at zero opportunity
ifa_mw_ksmoco_k2,67354,ifa,KS,IFA,IFA_02,IFA,,20099,,2048825,"IFA St. Louis, MO-IL",0.0,no cell in the extract: territory at zero opportunity
ifa_mw_ksmoco_k2,67355,ifa,KS,IFA,IFA_02,IFA,,20019,,2050750,"IFA St. Louis, MO-IL",0.0,no cell in the extract: territory at zero opportunity
ifa_mw_ksmoco_k2,67356,ifa,KS,IFA,IFA_02,IFA,,20099,,2053450,"IFA St. Louis, MO-IL",0.0,no cell in the extract: territory at zero opportunity
ifa_mw_ksmoco_k2,67357,ifa,KS,IFA,IFA_02,IFA,,20099,,2054675,"IFA St. Louis, MO-IL",27.1739,
ifa_mw_ksmoco_k2,67360,ifa,KS,IFA,IFA_02,IFA,,20019,,2055525,"IFA St. Louis, MO-IL",0.0,no cell in the extract: territory at zero opportunity
ifa_mw_ksmoco_k2,67361,ifa,KS,IFA,IFA_02,IFA,,20019,,2063750,"IFA St. Louis, MO-IL",0.0,no cell in the extract: territory at zero opportunity
ifa_mw_ksmoco_k2,67363,ifa,KS,IFA,IFA_02,IFA,,20125,,2069725,"IFA St. Louis, MO-IL",0.0,no cell in the extract: territory at zero opportunity
ifa_mw_ksmoco_k2,67364,ifa,KS,IFA,IFA_02,IFA,,20125,,2071925,"IFA St. Louis, MO-IL",0.0,no cell in the extract: territory at zero opportunity
ifa_mw_ksmoco_k2,67401,ifa,KS,IFA,IFA_01,IFA,,20169,41460,2062700,"IFA Denver-Aurora-Centennial, CO",8.91352,
ifa_mw_ksmoco_k2,67410,ifa,KS,IFA,IFA_01,IFA,,20041,,2000125,"IFA Denver-Aurora-Centennial, CO",0.218749,
ifa_mw_ksmoco_k2,67416,ifa,KS,IFA,IFA_01,IFA,,20169,41460,2002850,"IFA Denver-Aurora-Centennial, CO",0.0,no cell in the extract: territory at zero opportunity
ifa_mw_ksmoco_k2,67417,ifa,KS,IFA,IFA_01,IFA,,20029,,2003425,"IFA Denver-Aurora-Centennial, CO",0.0,no cell in the extract: territory at zero opportunity
ifa_mw_ksmoco_k2,67418,ifa,KS,IFA,IFA_01,IFA,,20105,,2004225,"IFA Denver-Aurora-Centennial, CO",0.0,no cell in the extract: territory at zero opportunity
ifa_mw_ksmoco_k2,67420,ifa,KS,IFA,IFA_01,IFA,,20123,,2005775,"IFA Denver-Aurora-Centennial, CO",0.0,no cell in the extract: territory at zero opportunity
ifa_mw_ksmoco_k2,67422,ifa,KS,IFA,IFA_01,IFA,,20143,41460,2006075,"IFA Denver-Aurora-Centennial, CO",0.0,no cell in the extract: territory at zero opportunity
ifa_mw_ksmoco_k2,67423,ifa,KS,IFA,IFA_01,IFA,,20105,,2006500,"IFA Denver-Aurora-Centennial, CO",0.0,no cell in the extract: territory at zero opportunity
ifa_mw_ksmoco_k2,67425,ifa,KS,IFA,IFA_01,IFA,,20169,41460,2008575,"IFA Denver-Aurora-Centennial, CO",0.0,no cell in the extract: territory at zero opportunity
ifa_mw_ksmoco_k2,67427,ifa,KS,IFA,IFA_01,IFA,,20159,,2009700,"IFA Denver-Aurora-Centennial, CO",0.0,no cell in the extract: territory at zero opportunity
ifa_mw_ksmoco_k2,67428,ifa,KS,IFA,IFA_01,IFA,,20113,32700,2010475,"IFA Denver-Aurora-Centennial, CO",0.0,no cell in the extract: territory at zero opportunity
ifa_mw_ksmoco_k2,67430,ifa,KS,IFA,IFA_01,IFA,,20089,,2011175,"IFA Denver-Aurora-Centennial, CO",0.0,no cell in the extract: territory at zero opportunity
ifa_mw_ksmoco_k2,67431,ifa,KS,IFA,IFA_01,IFA,,20041,,2012550,"IFA Denver-Aurora-Centennial, CO",0.0,no cell in the extract: territory at zero opportunity
ifa_mw_ksmoco_k2,67432,ifa,KS,IFA,IFA_01,IFA,,20027,,2013625,"IFA Denver-Aurora-Centennial, CO",0.0,no cell in the extract: territory at zero opportunity
ifa_mw_ksmoco_k2,67436,ifa,KS,IFA,IFA_01,IFA,,20143,41460,2017600,"IFA Denver-Aurora-Centennial, CO",0.0,no cell in the extract: territory at zero opportunity
ifa_mw_ksmoco_k2,67437,ifa,KS,IFA,IFA_01,IFA,,20141,,2018500,"IFA Denver-Aurora-Centennial, CO",0.0,no cell in the extract: territory at zero opportunity
ifa_mw_ksmoco_k2,67438,ifa,KS,IFA,IFA_01,IFA,,20115,,2019050,"IFA Denver-Aurora-Centennial, CO",0.0,no cell in the extract: territory at zero opportunity
ifa_mw_ksmoco_k2,67439,ifa,KS,IFA,IFA_01,IFA,,20053,,2020500,"IFA Denver-Aurora-Centennial, CO",0.0,no cell in the extract: territory at zero opportunity
ifa_mw_ksmoco_k2,67441,ifa,KS,IFA,IFA_01,IFA,,20041,,2021425,"IFA Denver-Aurora-Centennial, CO",0.0,no cell in the extract: territory at zero opportunity
ifa_mw_ksmoco_k2,67442,ifa,KS,IFA,IFA_01,IFA,,20169,41460,2022900,"IFA Denver-Aurora-Centennial, CO",0.0,no cell in the extract: territory at zero opportunity
ifa_mw_ksmoco_k2,67443,ifa,KS,IFA,IFA_01,IFA,,20113,32700,2025200,"IFA Denver-Aurora-Centennial, CO",0.0,no cell in the extract: territory at zero opportunity
ifa_mw_ksmoco_k2,67444,ifa,KS,IFA,IFA_01,IFA,,20053,,2026075,"IFA Denver-Aurora-Centennial, CO",0.0,no cell in the extract: territory at zero opportunity
ifa_mw_ksmoco_k2,67445,ifa,KS,IFA,IFA_01,IFA,,20029,,2026375,"IFA Denver-Aurora-Centennial, CO",0.0,no cell in the extract: territory at zero opportunity
ifa_mw_ksmoco_k2,67446,ifa,KS,IFA,IFA_01,IFA,,20123,,2026500,"IFA Denver-Aurora-Centennial, CO",0.0,no cell in the extract: territory at zero opportunity
ifa_mw_ksmoco_k2,67447,ifa,KS,IFA,IFA_01,IFA,,20027,,2028425,"IFA Denver-Aurora-Centennial, CO",0.0,no cell in the extract: territory at zero opportunity
ifa_mw_ksmoco_k2,67448,ifa,KS,IFA,IFA_01,IFA,,20169,41460,2061550,"IFA Denver-Aurora-Centennial, CO",0.0,no cell in the extract: territory at zero opportunity
ifa_mw_ksmoco_k2,67449,ifa,KS,IFA,IFA_01,IFA,,20127,,2031400,"IFA Denver-Aurora-Centennial, CO",0.0,no cell in the extract: territory at zero opportunity
ifa_mw_ksmoco_k2,67450,ifa,KS,IFA,IFA_01,IFA,,20053,,2032850,"IFA Denver-Aurora-Centennial, CO",0.0,no cell in the extract: territory at zero opportunity
ifa_mw_ksmoco_k2,67451,ifa,KS,IFA,IFA_01,IFA,,20041,,2049525,"IFA Denver-Aurora-Centennial, CO",0.0,no cell in the extract: territory at zero opportunity
ifa_mw_ksmoco_k2,67452,ifa,KS,IFA,IFA_01,IFA,,20123,,2033525,"IFA Denver-Aurora-Centennial, CO",0.0,no cell in the extract: territory at zero opportunity
ifa_mw_ksmoco_k2,67454,ifa,KS,IFA,IFA_01,IFA,,20053,,2035950,"IFA Denver-Aurora-Centennial, CO",0.0,no cell in the extract: territory at zero opportunity
ifa_mw_ksmoco_k2,67455,ifa,KS,IFA,IFA_01,IFA,,20105,,2041300,"IFA Denver-Aurora-Centennial, CO",0.0,no cell in the extract: territory at zero opportunity
ifa_mw_ksmoco_k2,67456,ifa,KS,IFA,IFA_01,IFA,,20113,32700,2041375,"IFA Denver-Aurora-Centennial, CO",0.0,no cell in the extract: territory at zero opportunity
ifa_mw_ksmoco_k2,67457,ifa,KS,IFA,IFA_01,IFA,,20159,,2041575,"IFA Denver-Aurora-Centennial, CO",0.0,no cell in the extract: territory at zero opportunity
ifa_mw_ksmoco_k2,67458,ifa,KS,IFA,IFA_01,IFA,,20027,,2042575,"IFA Denver-Aurora-Centennial, CO",0.0,no cell in the extract: territory at zero opportunity
ifa_mw_ksmoco_k2,67459,ifa,KS,IFA,IFA_01,IFA,,20053,,2042800,"IFA Denver-Aurora-Centennial, CO",0.0,no cell in the extract: territory at zero opportunity
ifa_mw_ksmoco_k2,67460,ifa,KS,IFA,IFA_01,IFA,,20113,32700,2043950,"IFA Denver-Aurora-Centennial, CO",4.86392,
ifa_mw_ksmoco_k2,67464,ifa,KS,IFA,IFA_01,IFA,,20113,32700,2044925,"IFA Denver-Aurora-Centennial, CO",0.0,no cell in the extract: territory at zero opportunity
ifa_mw_ksmoco_k2,67466,ifa,KS,IFA,IFA_01,IFA,,20029,,2046950,"IFA Denver-Aurora-Centennial, CO",0.0,no cell in the extract: territory at zero opportunity
ifa_mw_ksmoco_k2,67467,ifa,KS,IFA,IFA_01,IFA,,20143,41460,2000225,"IFA Denver-Aurora-Centennial, CO",0.0,no cell in the extract: territory at zero opportunity
ifa_mw_ksmoco_k2,67468,ifa,KS,IFA,IFA_01,IFA,,20027,,2048225,"IFA Denver-Aurora-Centennial, CO",0.0,no cell in the extract: territory at zero opportunity
ifa_mw_ksmoco_k2,67470,ifa,KS,IFA,IFA_01,IFA,,20169,41460,2050300,"IFA Denver-Aurora-Centennial, CO",0.0,no cell in the extract: territory at zero opportunity
ifa_mw_ksmoco_k2,67473,ifa,KS,IFA,IFA_01,IFA,,20141,,2053325,"IFA Denver-Aurora-Centennial, CO",0.0,no cell in the extract: territory at zero opportunity
ifa_mw_ksmoco_k2,67474,ifa,KS,IFA,IFA_01,IFA,,20183,,2057100,"IFA Denver-Aurora-Centennial, CO",0.0,no cell in the extract: territory at zero opportunity
ifa_mw_ksmoco_k2,67475,ifa,KS,IFA,IFA_01,IFA,,20115,,2058375,"IFA Denver-Aurora-Centennial, CO",0.0,no cell in the extract: territory at zero opportunity
ifa_mw_ksmoco_k2,67476,ifa,KS,IFA,IFA_01,IFA,,20113,32700,2061550,"IFA Denver-Aurora-Centennial, CO",0.0,no cell in the extract: territory at zero opportunity
ifa_mw_ksmoco_k2,67478,ifa,KS,IFA,IFA_01,IFA,,20123,,2065650,"IFA Denver-Aurora-Centennial, CO",0.0,no cell in the extract: territory at zero opportunity
ifa_mw_ksmoco_k2,67480,ifa,KS,IFA,IFA_01,IFA,,20143,41460,2066275,"IFA Denver-Aurora-Centennial, CO",0.0,no cell in the extract: territory at zero opportunity
ifa_mw_ksmoco_k2,67481,ifa,KS,IFA,IFA_01,IFA,,20105,,2069775,"IFA Denver-Aurora-Centennial, CO",0.0,no cell in the extract: territory at zero opportunity
ifa_mw_ksmoco_k2,67482,ifa,KS,IFA,IFA_01,IFA,,20041,,2069925,"IFA Denver-Aurora-Centennial, CO",0.0,no cell in the extract: territory at zero opportunity
ifa_mw_ksmoco_k2,67483,ifa,KS,IFA,IFA_01,IFA,,20115,,2070000,"IFA Denver-Aurora-Centennial, CO",0.0,no cell in the extract: territory at zero opportunity
ifa_mw_ksmoco_k2,67484,ifa,KS,IFA,IFA_01,IFA,,20143,41460,2070250,"IFA Denver-Aurora-Centennial, CO",0.0,no cell in the extract: territory at zero opportunity
ifa_mw_ksmoco_k2,67485,ifa,KS,IFA,IFA_01,IFA,,20141,,2070675,"IFA Denver-Aurora-Centennial, CO",0.0,no cell in the extract: territory at zero opportunity
ifa_mw_ksmoco_k2,67487,ifa,KS,IFA,IFA_01,IFA,,20027,,2074525,"IFA Denver-Aurora-Centennial, CO",0.0,no cell in the extract: territory at zero opportunity
ifa_mw_ksmoco_k2,67490,ifa,KS,IFA,IFA_01,IFA,,20053,,2079675,"IFA Denver-Aurora-Centennial, CO",0.0,no cell in the extract: territory at zero opportunity
ifa_mw_ksmoco_k2,67491,ifa,KS,IFA,IFA_01,IFA,,20113,32700,2079850,"IFA Denver-Aurora-Centennial, CO",0.0,no cell in the extract: territory at zero opportunity
ifa_mw_ksmoco_k2,67492,ifa,KS,IFA,IFA_01,IFA,,20041,,2080350,"IFA Denver-Aurora-Centennial, CO",0.0,no cell in the extract: territory at zero opportunity
ifa_mw_ksmoco_k2,67501,ifa,KS,IFA,IFA_01,IFA,,20155,26740,2033625,"IFA Denver-Aurora-Centennial, CO",4.52034,
ifa_mw_ksmoco_k2,67502,ifa,KS,IFA,IFA_01,IFA,,20155,26740,2033625,"IFA Denver-Aurora-Centennial, CO",2.93863,
ifa_mw_ksmoco_k2,67505,ifa,KS,IFA,IFA_01,IFA,,20155,26740,2066750,"IFA Denver-Aurora-Centennial, CO",0.0,no cell in the extract: territory at zero opportunity
ifa_mw_ksmoco_k2,67510,ifa,KS,IFA,IFA_01,IFA,,20155,26740,2000100,"IFA Denver-Aurora-Centennial, CO",0.0,no cell in the extract: territory at zero opportunity
ifa_mw_ksmoco_k2,67511,ifa,KS,IFA,IFA_01,IFA,,20165,,2000825,"IFA Denver-Aurora-Centennial, CO",0.0,no cell in the extract: territory at zero opportunity
ifa_mw_ksmoco_k2,67512,ifa,KS,IFA,IFA_01,IFA,,20159,,2000950,"IFA Denver-Aurora-Centennial, CO",0.0,no cell in the extract: territory at zero opportunity
ifa_mw_ksmoco_k2,67513,ifa,KS,IFA,IFA_01,IFA,,20165,,2001050,"IFA Denver-Aurora-Centennial, CO",0.0,no cell in the extract: territory at zero opportunity
ifa_mw_ksmoco_k2,67514,ifa,KS,IFA,IFA_01,IFA,,20155,26740,2002325,"IFA Denver-Aurora-Centennial, CO",0.0,no cell in the extract: territory at zero opportunity
ifa_mw_ksmoco_k2,67515,ifa,KS,IFA,IFA_01,IFA,,20135,,,"IFA Denver-Aurora-Centennial, CO",0.0,no cell in the extract: territory at zero opportunity
ifa_mw_ksmoco_k2,67516,ifa,KS,IFA,IFA_01,IFA,,20135,,2004775,"IFA Denver-Aurora-Centennial, CO",0.0,no cell in the extract: territory at zero opportunity
ifa_mw_ksmoco_k2,67518,ifa,KS,IFA,IFA_01,IFA,,20135,,,"IFA Denver-Aurora-Centennial, CO",0.0,no cell in the extract: territory at zero opportunity
ifa_mw_ksmoco_k2,67519,ifa,KS,IFA,IFA_01,IFA,,20047,,2005825,"IFA Denver-Aurora-Centennial, CO",0.0,no cell in the extract: territory at zero opportunity
ifa_mw_ksmoco_k2,67520,ifa,KS,IFA,IFA_01,IFA,,20165,,2006950,"IFA Denver-Aurora-Centennial, CO",0.0,no cell in the extract: territory at zero opportunity
ifa_mw_ksmoco_k2,67521,ifa,KS,IFA,IFA_01,IFA,,20135,,2008675,"IFA Denver-Aurora-Centennial, CO",0.0,no cell in the extract: territory at zero opportunity
ifa_mw_ksmoco_k2,67522,ifa,KS,IFA,IFA_01,IFA,,20155,26740,2009200,"IFA Denver-Aurora-Centennial, CO",0.0,no cell in the extract: territory at zero opportunity
ifa_mw_ksmoco_k2,67523,ifa,KS,IFA,IFA_01,IFA,,20145,,2009275,"IFA Denver-Aurora-Centennial, CO",0.0,no cell in the extract: territory at zero opportunity
ifa_mw_ksmoco_k2,67524,ifa,KS,IFA,IFA_01,IFA,,20159,,2012650,"IFA Denver-Aurora-Centennial, CO",0.0,no cell in the extract: territory at zero opportunity
ifa_mw_ksmoco_k2,67525,ifa,KS,IFA,IFA_01,IFA,,20009,24460,2004950,"IFA Denver-Aurora-Centennial, CO",0.0,no cell in the extract: territory at zero opportunity
ifa_mw_ksmoco_k2,67526,ifa,KS,IFA,IFA_01,IFA,,20009,24460,2020425,"IFA Denver-Aurora-Centennial, CO",0.71153,
ifa_mw_ksmoco_k2,67529,ifa,KS,IFA,IFA_01,IFA,,20145,,2025750,"IFA Denver-Aurora-Centennial, CO",0.0,no cell in the extract: territory at zero opportunity
ifa_mw_ksmoco_k2,67530,ifa,KS,IFA,IFA_01,IFA,,20009,24460,2028300,"IFA Denver-Aurora-Centennial, CO",4.46536,
ifa_mw_ksmoco_k2,67543,ifa,KS,IFA,IFA_01,IFA,,20155,26740,2080750,"IFA Denver-Aurora-Centennial, CO",0.0,no cell in the extract: territory at zero opportunity
ifa_mw_ksmoco_k2,67544,ifa,KS,IFA,IFA_01,IFA,,20009,24460,2004950,"IFA Denver-Aurora-Centennial, CO",0.0,no cell in the extract: territory at zero opportunity
ifa_mw_ksmoco_k2,67545,ifa,KS,IFA,IFA_01,IFA,,20185,,2033400,"IFA Denver-Aurora-Centennial, CO",0.0,no cell in the extract: territory at zero opportunity
ifa_mw_ksmoco_k2,67546,ifa,KS,IFA,IFA_01,IFA,,20113,32700,2034275,"IFA Denver-Aurora-Centennial, CO",2.20484,
ifa_mw_ksmoco_k2,67547,ifa,KS,IFA,IFA_01,IFA,,20047,,2037075,"IFA Denver-Aurora-Centennial, CO",0.0,no cell in the extract: territory at zero opportunity
ifa_mw_ksmoco_k2,67548,ifa,KS,IFA,IFA_01,IFA,,20165,,2037500,"IFA Denver-Aurora-Centennial, CO",0.0,no cell in the extract: territory at zero opportunity
ifa_mw_ksmoco_k2,67550,ifa,KS,IFA,IFA_01,IFA,,20145,,2038700,"IFA Denver-Aurora-Centennial, CO",0.0,no cell in the extract: territory at zero opportunity
ifa_mw_ksmoco_k2,67552,ifa,KS,IFA,IFA_01,IFA,,20047,,2039725,"IFA Denver-Aurora-Centennial, CO",0.0,no cell in the extract: territory at zero opportunity
ifa_mw_ksmoco_k2,67553,ifa,KS,IFA,IFA_01,IFA,,20165,,2040400,"IFA Denver-Aurora-Centennial, CO",0.0,no cell in the extract: territory at zero opportunity
ifa_mw_ksmoco_k2,67554,ifa,KS,IFA,IFA_01,IFA,,20159,,2043525,"IFA Denver-Aurora-Centennial, CO",0.0,no cell in the extract: territory at zero opportunity
ifa_mw_ksmoco_k2,67556,ifa,KS,IFA,IFA_01,IFA,,20165,,2043700,"IFA Denver-Aurora-Centennial, CO",0.0,no cell in the extract: territory at zero opportunity
ifa_mw_ksmoco_k2,67557,ifa,KS,IFA,IFA_01,IFA,,20185,,2043850,"IFA Denver-Aurora-Centennial, CO",0.0,no cell in the extract: territory at zero opportunity
ifa_mw_ksmoco_k2,67559,ifa,KS,IFA,IFA_01,IFA,,20165,,,"IFA Denver-Aurora-Centennial, CO",0.0,no cell in the extract: territory at zero opportunity
ifa_mw_ksmoco_k2,67560,ifa,KS,IFA,IFA_01,IFA,,20135,,2049925,"IFA Denver-Aurora-Centennial, CO",0.0,no cell in the extract: territory at zero opportunity
ifa_mw_ksmoco_k2,67561,ifa,KS,IFA,IFA_01,IFA,,20155,26740,2050525,"IFA Denver-Aurora-Centennial, CO",0.0,no cell in the extract: territory at zero opportunity
ifa_mw_ksmoco_k2,67563,ifa,KS,IFA,IFA_01,IFA,,20047,,2052200,"IFA Denver-Aurora-Centennial, CO",0.0,no cell in the extract: territory at zero opportunity
ifa_mw_ksmoco_k2,67564,ifa,KS,IFA,IFA_01,IFA,,20009,24460,2052750,"IFA Denver-Aurora-Centennial, CO",0.0,no cell in the extract: territory at zero opportunity
ifa_mw_ksmoco_k2,67565,ifa,KS,IFA,IFA_01,IFA,,20165,,2053525,"IFA Denver-Aurora-Centennial, CO",0.0,no cell in the extract: territory at zero opportunity
ifa_mw_ksmoco_k2,67566,ifa,KS,IFA,IFA_01,IFA,,20155,26740,2054700,"IFA Denver-Aurora-Centennial, CO",0.0,no cell in the extract: territory at zero opportunity
ifa_mw_ksmoco_k2,67567,ifa,KS,IFA,IFA_01,IFA,,20145,,2054875,"IFA Denver-Aurora-Centennial, CO",0.0,no cell in the extract: territory at zero opportunity
ifa_mw_ksmoco_k2,67568,ifa,KS,IFA,IFA_01,IFA,,20155,26740,2056725,"IFA Denver-Aurora-Centennial, CO",0.0,no cell in the extract: territory at zero opportunity
ifa_mw_ksmoco_k2,67570,ifa,KS,IFA,IFA_01,IFA,,20155,26740,2057700,"IFA Denver-Aurora-Centennial, CO",0.0,no cell in the extract: territory at zero opportunity
ifa_mw_ksmoco_k2,67572,ifa,KS,IFA,IFA_01,IFA,,20135,,2058500,"IFA Denver-Aurora-Centennial, CO",0.0,no cell in the extract: territory at zero opportunity
ifa_mw_ksmoco_k2,67573,ifa,KS,IFA,IFA_01,IFA,,20159,,2058550,"IFA Denver-Aurora-Centennial, CO",0.0,no cell in the extract: territory at zero opportunity
ifa_mw_ksmoco_k2,67574,ifa,KS,IFA,IFA_01,IFA,,20145,,2061600,"IFA Denver-Aurora-Centennial, CO",0.0,no cell in the extract: territory at zero opportunity
ifa_mw_ksmoco_k2,67575,ifa,KS,IFA,IFA_01,IFA,,20165,,2061775,"IFA Denver-Aurora-Centennial, CO",0.0,no cell in the extract: territory at zero opportunity
ifa_mw_ksmoco_k2,67576,ifa,KS,IFA,IFA_01,IFA,,20185,,2062275,"IFA Denver-Aurora-Centennial, CO",0.0,no cell in the extract: territory at zero opportunity
ifa_mw_ksmoco_k2,67578,ifa,KS,IFA,IFA_01,IFA,,20185,,2067775,"IFA Denver-Aurora-Centennial, CO",0.0,no cell in the extract: territory at zero opportunity
ifa_mw_ksmoco_k2,67579,ifa,KS,IFA,IFA_01,IFA,,20159,,2068200,"IFA Denver-Aurora-Centennial, CO",0.0,no cell in the extract: territory at zero opportunity
ifa_mw_ksmoco_k2,67581,ifa,KS,IFA,IFA_01,IFA,,20155,26740,2069800,"IFA Denver-Aurora-Centennial, CO",0.0,no cell in the extract: territory at zero opportunity
ifa_mw_ksmoco_k2,67583,ifa,KS,IFA,IFA_01,IFA,,20155,26740,2071800,"IFA Denver-Aurora-Centennial, CO",0.0,no cell in the extract: territory at zero opportunity
ifa_mw_ksmoco_k2,67584,ifa,KS,IFA,IFA_01,IFA,,20135,,2072650,"IFA Denver-Aurora-Centennial, CO",0.0,no cell in the extract: territory at zero opportunity
ifa_mw_ksmoco_k2,67601,ifa,KS,IFA,IFA_01,IFA,,20051,25700,2031100,"IFA Denver-Aurora-Centennial, CO",4.26852,
ifa_mw_ksmoco_k2,67621,ifa,KS,IFA,IFA_01,IFA,,20147,,2000550,"IFA Denver-Aurora-Centennial, CO",0.0,no cell in the extract: territory at zero opportunity
ifa_mw_ksmoco_k2,67622,ifa,KS,IFA,IFA_01,IFA,,20137,,2001425,"IFA Denver-Aurora-Centennial, CO",0.0,no cell in the extract: territory at zero opportunity
ifa_mw_ksmoco_k2,67623,ifa,KS,IFA,IFA_01,IFA,,20141,,2001600,"IFA Denver-Aurora-Centennial, CO",0.0,no cell in the extract: territory at zero opportunity
ifa_mw_ksmoco_k2,67625,ifa,KS,IFA,IFA_01,IFA,,20065,,2050550,"IFA Denver-Aurora-Centennial, CO",0.0,no cell in the extract: territory at zero opportunity
ifa_mw_ksmoco_k2,67626,ifa,KS,IFA,IFA_01,IFA,,20167,,2009225,"IFA Denver-Aurora-Centennial, CO",0.0,no cell in the extract: territory at zero opportunity
ifa_mw_ksmoco_k2,67627,ifa,KS,IFA,IFA_01,IFA,,20051,25700,2011025,"IFA Denver-Aurora-Centennial, CO",0.0,no cell in the extract: territory at zero opportunity
ifa_mw_ksmoco_k2,67628,ifa,KS,IFA,IFA_01,IFA,,20183,,2011325,"IFA Denver-Aurora-Centennial, CO",0.0,no cell in the extract: territory at zero opportunity
ifa_mw_ksmoco_k2,67629,ifa,KS,IFA,IFA_01,IFA,,20137,,2013675,"IFA Denver-Aurora-Centennial, CO",0.0,no cell in the extract: territory at zero opportunity
ifa_mw_ksmoco_k2,67631,ifa,KS,IFA,IFA_01,IFA,,20195,,2014900,"IFA Denver-Aurora-Centennial, CO",0.0,no cell in the extract: territory at zero opportunity
ifa_mw_ksmoco_k2,67632,ifa,KS,IFA,IFA_01,IFA,,20163,,2016975,"IFA Denver-Aurora-Centennial, CO",0.0,no cell in the extract: territory at zero opportunity
ifa_mw_ksmoco_k2,67634,ifa,KS,IFA,IFA_01,IFA,,20167,,2018325,"IFA Denver-Aurora-Centennial, CO",0.0,no cell in the extract: territory at zero opportunity
ifa_mw_ksmoco_k2,67635,ifa,KS,IFA,IFA_01,IFA,,20039,,2018600,"IFA Denver-Aurora-Centennial, CO",0.0,no cell in the extract: territory at zero opportunity
ifa_mw_ksmoco_k2,67637,ifa,KS,IFA,IFA_01,IFA,,20051,25700,2020450,"IFA Denver-Aurora-Centennial, CO",0.0,no cell in the extract: territory at zero opportunity
ifa_mw_ksmoco_k2,67638,ifa,KS,IFA,IFA_01,IFA,,20183,,2026000,"IFA Denver-Aurora-Centennial, CO",0.0,no cell in the extract: territory at zero opportunity
ifa_mw_ksmoco_k2,67639,ifa,KS,IFA,IFA_01,IFA,,20147,,2026325,"IFA Denver-Aurora-Centennial, CO",0.0,no cell in the extract: territory at zero opportunity
ifa_mw_ksmoco_k2,67640,ifa,KS,IFA,IFA_01,IFA,,20051,25700,2027000,"IFA Denver-Aurora-Centennial, CO",0.0,no cell in the extract: territory at zero opportunity
ifa_mw_ksmoco_k2,67642,ifa,KS,IFA,IFA_01,IFA,,20065,,2032175,"IFA Denver-Aurora-Centennial, CO",0.0,no cell in the extract: territory at zero opportunity
ifa_mw_ksmoco_k2,67643,ifa,KS,IFA,IFA_01,IFA,,20039,,2035375,"IFA Denver-Aurora-Centennial, CO",0.0,no cell in the extract: territory at zero opportunity
ifa_mw_ksmoco_k2,67644,ifa,KS,IFA,IFA_01,IFA,,20147,,2037275,"IFA Denver-Aurora-Centennial, CO",0.0,no cell in the extract: territory at zero opportunity
ifa_mw_ksmoco_k2,67645,ifa,KS,IFA,IFA_01,IFA,,20137,,2039400,"IFA Denver-Aurora-Centennial, CO",0.0,no cell in the extract: territory at zero opportunity
ifa_mw_ksmoco_k2,67646,ifa,KS,IFA,IFA_01,IFA,,20147,,2042100,"IFA Denver-Aurora-Centennial, CO",0.0,no cell in the extract: territory at zero opportunity
ifa_mw_ksmoco_k2,67647,ifa,KS,IFA,IFA_01,IFA,,20147,,2042600,"IFA Denver-Aurora-Centennial, CO",0.0,no cell in the extract: territory at zero opportunity
ifa_mw_ksmoco_k2,67648,ifa,KS,IFA,IFA_01,IFA,,20167,,2043150,"IFA Denver-Aurora-Centennial, CO",0.0,no cell in the extract: territory at zero opportunity
ifa_mw_ksmoco_k2,67649,ifa,KS,IFA,IFA_01,IFA,,20167,,2043250,"IFA Denver-Aurora-Centennial, CO",0.0,no cell in the extract: territory at zero opportunity
ifa_mw_ksmoco_k2,67650,ifa,KS,IFA,IFA_01,IFA,,20065,,2048275,"IFA Denver-Aurora-Centennial, CO",0.0,no cell in the extract: territory at zero opportunity
ifa_mw_ksmoco_k2,67651,ifa,KS,IFA,IFA_01,IFA,,20141,,2014575,"IFA Denver-Aurora-Centennial, CO",0.0,no cell in the extract: territory at zero opportunity
ifa_mw_ksmoco_k2,67653,ifa,KS,IFA,IFA_01,IFA,,20039,,2050925,"IFA Denver-Aurora-Centennial, CO",0.0,no cell in the extract: territory at zero opportunity
ifa_mw_ksmoco_k2,67654,ifa,KS,IFA,IFA_01,IFA,,20137,,2051500,"IFA Denver-Aurora-Centennial, CO",0.0,no cell in the extract: territory at zero opportunity
ifa_mw_ksmoco_k2,67656,ifa,KS,IFA,IFA_01,IFA,,20195,,2052225,"IFA Denver-Aurora-Centennial, CO",0.0,no cell in the extract: territory at zero opportunity
ifa_mw_ksmoco_k2,67657,ifa,KS,IFA,IFA_01,IFA,,20163,,2054125,"IFA Denver-Aurora-Centennial, CO",0.0,no cell in the extract: territory at zero opportunity
ifa_mw_ksmoco_k2,67658,ifa,KS,IFA,IFA_01,IFA,,20167,,2054325,"IFA Denver-Aurora-Centennial, CO",0.0,no cell in the extract: territory at zero opportunity
ifa_mw_ksmoco_k2,67659,ifa,KS,IFA,IFA_01,IFA,,20065,,,"IFA Denver-Aurora-Centennial, CO",0.0,no cell in the extract: territory at zero opportunity
ifa_mw_ksmoco_k2,67660,ifa,KS,IFA,IFA_01,IFA,,20051,25700,,"IFA Denver-Aurora-Centennial, CO",0.0,no cell in the extract: territory at zero opportunity
ifa_mw_ksmoco_k2,67661,ifa,KS,IFA,IFA_01,IFA,,20147,,2080400,"IFA Denver-Aurora-Centennial, CO",0.0,no cell in the extract: territory at zero opportunity
ifa_mw_ksmoco_k2,67663,ifa,KS,IFA,IFA_01,IFA,,20163,,2056150,"IFA Denver-Aurora-Centennial, CO",0.0,no cell in the extract: territory at zero opportunity
ifa_mw_ksmoco_k2,67664,ifa,KS,IFA,IFA_01,IFA,,20147,,2057525,"IFA Denver-Aurora-Centennial, CO",0.0,no cell in the extract: territory at zero opportunity
ifa_mw_ksmoco_k2,67665,ifa,KS,IFA,IFA_01,IFA,,20167,,2061825,"IFA Denver-Aurora-Centennial, CO",0.0,no cell in the extract: territory at zero opportunity
ifa_mw_ksmoco_k2,67667,ifa,KS,IFA,IFA_01,IFA,,20051,25700,2063425,"IFA Denver-Aurora-Centennial, CO",0.0,no cell in the extract: territory at zero opportunity
ifa_mw_ksmoco_k2,67669,ifa,KS,IFA,IFA_01,IFA,,20163,,2068350,"IFA Denver-Aurora-Centennial, CO",0.0,no cell in the extract: territory at zero opportunity
ifa_mw_ksmoco_k2,67671,ifa,KS,IFA,IFA_01,IFA,,20051,25700,2073775,"IFA Denver-Aurora-Centennial, CO",0.0,no cell in the extract: territory at zero opportunity
ifa_mw_ksmoco_k2,67672,ifa,KS,IFA,IFA_01,IFA,,20195,,2074450,"IFA Denver-Aurora-Centennial, CO",0.0,no cell in the extract: territory at zero opportunity
ifa_mw_ksmoco_k2,67673,ifa,KS,IFA,IFA_01,IFA,,20141,,2074575,"IFA Denver-Aurora-Centennial, CO",0.0,no cell in the extract: territory at zero opportunity
ifa_mw_ksmoco_k2,67674,ifa,KS,IFA,IFA_01,IFA,,20051,25700,,"IFA Denver-Aurora-Centennial, CO",0.0,no cell in the extract: territory at zero opportunity
ifa_mw_ksmoco_k2,67675,ifa,KS,IFA,IFA_01,IFA,,20163,,2080450,"IFA Denver-Aurora-Centennial, CO",0.0,no cell in the extract: territory at zero opportunity
ifa_mw_ksmoco_k2,67701,ifa,KS,IFA,IFA_01,IFA,,20193,,2014650,"IFA Denver-Aurora-Centennial, CO",3.66344,
ifa_mw_ksmoco_k2,67730,ifa,KS,IFA,IFA_01,IFA,,20153,,2003150,"IFA Denver-Aurora-Centennial, CO",0.0,no cell in the extract: territory at zero opportunity
ifa_mw_ksmoco_k2,67731,ifa,KS,IFA,IFA_01,IFA,,20023,,2006825,"IFA Denver-Aurora-Centennial, CO",0.0,no cell in the extract: territory at zero opportunity
ifa_mw_ksmoco_k2,67732,ifa,KS,IFA,IFA_01,IFA,,20193,,2008425,"IFA Denver-Aurora-Centennial, CO",0.0,no cell in the extract: territory at zero opportunity
ifa_mw_ksmoco_k2,67733,ifa,KS,IFA,IFA_01,IFA,,20181,,2019925,"IFA Denver-Aurora-Centennial, CO",0.0,no cell in the extract: territory at zero opportunity
ifa_mw_ksmoco_k2,67734,ifa,KS,IFA,IFA_01,IFA,,20193,,2026050,"IFA Denver-Aurora-Centennial, CO",0.0,no cell in the extract: territory at zero opportunity
ifa_mw_ksmoco_k2,67735,ifa,KS,IFA,IFA_01,IFA,,20181,,2026875,"IFA Denver-Aurora-Centennial, CO",0.0,no cell in the extract: territory at zero opportunity
ifa_mw_ksmoco_k2,67736,ifa,KS,IFA,IFA_01,IFA,,20063,,2027125,"IFA Denver-Aurora-Centennial, CO",0.0,no cell in the extract: territory at zero opportunity
ifa_mw_ksmoco_k2,67737,ifa,KS,IFA,IFA_01,IFA,,20063,,2027200,"IFA Denver-Aurora-Centennial, CO",0.0,no cell in the extract: territory at zero opportunity
ifa_mw_ksmoco_k2,67738,ifa,KS,IFA,IFA_01,IFA,,20063,,2028900,"IFA Denver-Aurora-Centennial, CO",0.0,no cell in the extract: territory at zero opportunity
ifa_mw_ksmoco_k2,67739,ifa,KS,IFA,IFA_01,IFA,,20153,,2031475,"IFA Denver-Aurora-Centennial, CO",0.0,no cell in the extract: territory at zero opportunity
ifa_mw_ksmoco_k2,67740,ifa,KS,IFA,IFA_01,IFA,,20179,,2033350,"IFA Denver-Aurora-Centennial, CO",0.0,no cell in the extract: territory at zero opportunity
ifa_mw_ksmoco_k2,67741,ifa,KS,IFA,IFA_01,IFA,,20181,,2035975,"IFA Denver-Aurora-Centennial, CO",0.0,no cell in the extract: territory at zero opportunity
ifa_mw_ksmoco_k2,67743,ifa,KS,IFA,IFA_01,IFA,,20193,,2039700,"IFA Denver-Aurora-Centennial, CO",0.0,no cell in the extract: territory at zero opportunity
ifa_mw_ksmoco_k2,67744,ifa,KS,IFA,IFA_01,IFA,,20153,,2043175,"IFA Denver-Aurora-Centennial, CO",0.0,no cell in the extract: territory at zero opportunity
ifa_mw_ksmoco_k2,67745,ifa,KS,IFA,IFA_01,IFA,,20153,,2043750,"IFA Denver-Aurora-Centennial, CO",0.0,no cell in the extract: territory at zero opportunity
ifa_mw_ksmoco_k2,67747,ifa,KS,IFA,IFA_01,IFA,,20109,,2048025,"IFA Denver-Aurora-Centennial, CO",0.0,no cell in the extract: territory at zero opportunity
ifa_mw_ksmoco_k2,67748,ifa,KS,IFA,IFA_01,IFA,,20109,,2051825,"IFA Denver-Aurora-Centennial, CO",0.0,no cell in the extract: territory at zero opportunity
ifa_mw_ksmoco_k2,67749,ifa,KS,IFA,IFA_01,IFA,,20039,,2052000,"IFA Denver-Aurora-Centennial, CO",0.350791,
ifa_mw_ksmoco_k2,67751,ifa,KS,IFA,IFA_01,IFA,,20063,,2054400,"IFA Denver-Aurora-Centennial, CO",0.0,no cell in the extract: territory at zero opportunity
ifa_mw_ksmoco_k2,67752,ifa,KS,IFA,IFA_01,IFA,,20063,,2058250,"IFA Denver-Aurora-Centennial, CO",0.0,no cell in the extract: territory at zero opportunity
ifa_mw_ksmoco_k2,67753,ifa,KS,IFA,IFA_01,IFA,,20193,,2059125,"IFA Denver-Aurora-Centennial, CO",0.0,no cell in the extract: territory at zero opportunity
ifa_mw_ksmoco_k2,67756,ifa,KS,IFA,IFA_01,IFA,,20023,,2062175,"IFA Denver-Aurora-Centennial, CO",0.0,no cell in the extract: territory at zero opportunity
ifa_mw_ksmoco_k2,67757,ifa,KS,IFA,IFA_01,IFA,,20179,,2063875,"IFA Denver-Aurora-Centennial, CO",0.0,no cell in the extract: territory at zero opportunity
ifa_mw_ksmoco_k2,67758,ifa,KS,IFA,IFA_01,IFA,,20199,,2064375,"IFA Denver-Aurora-Centennial, CO",0.0,no cell in the extract: territory at zero opportunity
ifa_mw_ksmoco_k2,67761,ifa,KS,IFA,IFA_01,IFA,,20199,,2074750,"IFA Denver-Aurora-Centennial, CO",0.0,no cell in the extract: territory at zero opportunity
ifa_mw_ksmoco_k2,67762,ifa,KS,IFA,IFA_01,IFA,,20199,,2028412,"IFA Denver-Aurora-Centennial, CO",0.0,no cell in the extract: territory at zero opportunity
ifa_mw_ksmoco_k2,67764,ifa,KS,IFA,IFA_01,IFA,,20109,,2061875,"IFA Denver-Aurora-Centennial, CO",0.0,no cell in the extract: territory at zero opportunity
ifa_mw_ksmoco_k2,67801,ifa,KS,IFA,IFA_01,IFA,,20057,19980,2018250,"IFA Denver-Aurora-Centennial, CO",5.45309,
ifa_mw_ksmoco_k2,67831,ifa,KS,IFA,IFA_01,IFA,,20025,,2002675,"IFA Denver-Aurora-Centennial, CO",0.0,no cell in the extract: territory at zero opportunity
ifa_mw_ksmoco_k2,67834,ifa,KS,IFA,IFA_01,IFA,,20057,19980,2009000,"IFA Denver-Aurora-Centennial, CO",0.0,no cell in the extract: territory at zero opportunity
ifa_mw_ksmoco_k2,67835,ifa,KS,IFA,IFA_01,IFA,,20069,,2013275,"IFA Denver-Aurora-Centennial, CO",0.0,no cell in the extract: territory at zero opportunity
ifa_mw_ksmoco_k2,67836,ifa,KS,IFA,IFA_01,IFA,,20075,,2015400,"IFA Denver-Aurora-Centennial, CO",0.0,no cell in the extract: territory at zero opportunity
ifa_mw_ksmoco_k2,67837,ifa,KS,IFA,IFA_01,IFA,,20081,,2015475,"IFA Denver-Aurora-Centennial, CO",0.0,no cell in the extract: territory at zero opportunity
ifa_mw_ksmoco_k2,67838,ifa,KS,IFA,IFA_01,IFA,,20093,,2017225,"IFA Denver-Aurora-Centennial, CO",0.0,no cell in the extract: territory at zero opportunity
ifa_mw_ksmoco_k2,67839,ifa,KS,IFA,IFA_01,IFA,,20101,,2018050,"IFA Denver-Aurora-Centennial, CO",0.0,no cell in the extract: territory at zero opportunity
ifa_mw_ksmoco_k2,67840,ifa,KS,IFA,IFA_01,IFA,,20025,,2021350,"IFA Denver-Aurora-Centennial, CO",0.0,no cell in the extract: territory at zero opportunity
ifa_mw_ksmoco_k2,67841,ifa,KS,IFA,IFA_01,IFA,,20069,,2021400,"IFA Denver-Aurora-Centennial, CO",0.0,no cell in the extract: territory at zero opportunity
ifa_mw_ksmoco_k2,67842,ifa,KS,IFA,IFA_01,IFA,,20057,19980,2023725,"IFA Denver-Aurora-Centennial, CO",0.0,no cell in the extract: territory at zero opportunity
ifa_mw_ksmoco_k2,67843,ifa,KS,IFA,IFA_01,IFA,,20057,19980,2023890,"IFA Denver-Aurora-Centennial, CO",0.0,no cell in the extract: territory at zero opportunity
ifa_mw_ksmoco_k2,67844,ifa,KS,IFA,IFA_01,IFA,,20119,,2024175,"IFA Denver-Aurora-Centennial, CO",0.0,no cell in the extract: territory at zero opportunity
ifa_mw_ksmoco_k2,67846,ifa,KS,IFA,IFA_01,IFA,,20055,23780,2025325,"IFA Denver-Aurora-Centennial, CO",8.57021,
ifa_mw_ksmoco_k2,67849,ifa,KS,IFA,IFA_01,IFA,,20083,,2029925,"IFA Denver-Aurora-Centennial, CO",0.0,no cell in the extract: territory at zero opportunity
ifa_mw_ksmoco_k2,67850,ifa,KS,IFA,IFA_01,IFA,,20101,,2031200,"IFA Denver-Aurora-Centennial, CO",0.0,no cell in the extract: territory at zero opportunity
ifa_mw_ksmoco_k2,67851,ifa,KS,IFA,IFA_01,IFA,,20055,23780,2032575,"IFA Denver-Aurora-Centennial, CO",0.0,no cell in the extract: territory at zero opportunity
ifa_mw_ksmoco_k2,67853,ifa,KS,IFA,IFA_01,IFA,,20069,,2034225,"IFA Denver-Aurora-Centennial, CO",0.0,no cell in the extract: territory at zero opportunity
ifa_mw_ksmoco_k2,67854,ifa,KS,IFA,IFA_01,IFA,,20083,,2035450,"IFA Denver-Aurora-Centennial, CO",0.0,no cell in the extract: territory at zero opportunity
ifa_mw_ksmoco_k2,67855,ifa,KS,IFA,IFA_01,IFA,,20187,,2006575,"IFA Denver-Aurora-Centennial, CO",0.0,no cell in the extract: territory at zero opportunity
ifa_mw_ksmoco_k2,67857,ifa,KS,IFA,IFA_01,IFA,,20075,,,"IFA Denver-Aurora-Centennial, CO",0.0,no cell in the extract: territory at zero opportunity
ifa_mw_ksmoco_k2,67859,ifa,KS,IFA,IFA_01,IFA,,20175,30580,2037325,"IFA Denver-Aurora-Centennial, CO",0.0,no cell in the extract: territory at zero opportunity
ifa_mw_ksmoco_k2,67860,ifa,KS,IFA,IFA_01,IFA,,20093,,2038175,"IFA Denver-Aurora-Centennial, CO",0.0,no cell in the extract: territory at zero opportunity
ifa_mw_ksmoco_k2,67861,ifa,KS,IFA,IFA_01,IFA,,20203,,2039550,"IFA Denver-Aurora-Centennial, CO",0.0,no cell in the extract: territory at zero opportunity
ifa_mw_ksmoco_k2,67862,ifa,KS,IFA,IFA_01,IFA,,20187,,2044375,"IFA Denver-Aurora-Centennial, CO",0.0,no cell in the extract: territory at zero opportunity
ifa_mw_ksmoco_k2,67863,ifa,KS,IFA,IFA_01,IFA,,20203,,2044600,"IFA Denver-Aurora-Centennial, CO",0.0,no cell in the extract: territory at zero opportunity
ifa_mw_ksmoco_k2,67864,ifa,KS,IFA,IFA_01,IFA,,20119,,2045325,"IFA Denver-Aurora-Centennial, CO",0.0,no cell in the extract: territory at zero opportunity
ifa_mw_ksmoco_k2,67865,ifa,KS,IFA,IFA_01,IFA,,20025,,2047150,"IFA Denver-Aurora-Centennial, CO",0.0,no cell in the extract: territory at zero opportunity
ifa_mw_ksmoco_k2,67867,ifa,KS,IFA,IFA_01,IFA,,20069,,2047875,"IFA Denver-Aurora-Centennial, CO",0.0,no cell in the extract: territory at zero opportunity
ifa_mw_ksmoco_k2,67868,ifa,KS,IFA,IFA_01,IFA,,20055,23780,2055775,"IFA Denver-Aurora-Centennial, CO",0.0,no cell in the extract: territory at zero opportunity
ifa_mw_ksmoco_k2,67869,ifa,KS,IFA,IFA_01,IFA,,20119,,2056100,"IFA Denver-Aurora-Centennial, CO",0.0,no cell in the extract: territory at zero opportunity
ifa_mw_ksmoco_k2,67870,ifa,KS,IFA,IFA_01,IFA,,20081,,2063150,"IFA Denver-Aurora-Centennial, CO",0.0,no cell in the extract: territory at zero opportunity
ifa_mw_ksmoco_k2,67871,ifa,KS,IFA,IFA_01,IFA,,20171,,2063600,"IFA Denver-Aurora-Centennial, CO",0.0,no cell in the extract: territory at zero opportunity
ifa_mw_ksmoco_k2,67876,ifa,KS,IFA,IFA_01,IFA,,20057,19980,2067125,"IFA Denver-Aurora-Centennial, CO",0.0,no cell in the extract: territory at zero opportunity
ifa_mw_ksmoco_k2,67877,ifa,KS,IFA,IFA_01,IFA,,20081,,2068775,"IFA Denver-Aurora-Centennial, CO",0.0,no cell in the extract: territory at zero opportunity
ifa_mw_ksmoco_k2,67878,ifa,KS,IFA,IFA_01,IFA,,20075,,2069850,"IFA Denver-Aurora-Centennial, CO",0.0,no cell in the extract: territory at zero opportunity
ifa_mw_ksmoco_k2,67879,ifa,KS,IFA,IFA_01,IFA,,20071,,2028412,"IFA Denver-Aurora-Centennial, CO",0.0,no cell in the extract: territory at zero opportunity
ifa_mw_ksmoco_k2,67880,ifa,KS,IFA,IFA_01,IFA,,20067,,2071975,"IFA Denver-Aurora-Centennial, CO",0.334441,
ifa_mw_ksmoco_k2,67882,ifa,KS,IFA,IFA_01,IFA,,20057,19980,2080500,"IFA Denver-Aurora-Centennial, CO",0.0,no cell in the extract: territory at zero opportunity
ifa_mw_ksmoco_k2,67901,ifa,KS,IFA,IFA_01,IFA,,20175,30580,2039825,"IFA Denver-Aurora-Centennial, CO",0.0,no cell in the extract: territory at zero opportunity
ifa_mw_ksmoco_k2,67950,ifa,KS,IFA,IFA_01,IFA,,20129,,2020350,"IFA Denver-Aurora-Centennial, CO",0.0,no cell in the extract: territory at zero opportunity
ifa_mw_ksmoco_k2,67951,ifa,KS,IFA,IFA_01,IFA,,20189,,2033425,"IFA Denver-Aurora-Centennial, CO",0.0,no cell in the extract: territory at zero opportunity
ifa_mw_ksmoco_k2,67952,ifa,KS,IFA,IFA_01,IFA,,20189,,2048600,"IFA Denver-Aurora-Centennial, CO",0.0,no cell in the extract: territory at zero opportunity
ifa_mw_ksmoco_k2,67953,ifa,KS,IFA,IFA_01,IFA,,20129,,2059200,"IFA Denver-Aurora-Centennial, CO",0.0,no cell in the extract: territory at zero opportunity
ifa_mw_ksmoco_k2,67954,ifa,KS,IFA,IFA_01,IFA,,20129,,2060900,"IFA Denver-Aurora-Centennial, CO",0.0,no cell in the extract: territory at zero opportunity
ifa_mw_ksmoco_k2,80002,ifa,CO,IFA,IFA_01,IFA,,08059,19740,0803455,"IFA Denver-Aurora-Centennial, CO",2.27244,
ifa_mw_ksmoco_k2,80003,ifa,CO,IFA,IFA_01,IFA,,08059,19740,0803455,"IFA Denver-Aurora-Centennial, CO",1.58855,
ifa_mw_ksmoco_k2,80004,ifa,CO,IFA,IFA_01,IFA,,08059,19740,0803455,"IFA Denver-Aurora-Centennial, CO",0.264768,
ifa_mw_ksmoco_k2,80005,ifa,CO,IFA,IFA_01,IFA,,08059,19740,0803455,"IFA Denver-Aurora-Centennial, CO",0.0,no cell in the extract: territory at zero opportunity
ifa_mw_ksmoco_k2,80007,ifa,CO,IFA,IFA_01,IFA,,08059,19740,0803455,"IFA Denver-Aurora-Centennial, CO",0.151131,
ifa_mw_ksmoco_k2,80010,ifa,CO,IFA,IFA_01,IFA,,08005,19740,0804000,"IFA Denver-Aurora-Centennial, CO",0.0,no cell in the extract: territory at zero opportunity
ifa_mw_ksmoco_k2,80011,ifa,CO,IFA,IFA_01,IFA,,08001,19740,0804000,"IFA Denver-Aurora-Centennial, CO",0.240899,
ifa_mw_ksmoco_k2,80012,ifa,CO,IFA,IFA_01,IFA,,08005,19740,0804000,"IFA Denver-Aurora-Centennial, CO",0.444929,
ifa_mw_ksmoco_k2,80013,ifa,CO,IFA,IFA_01,IFA,,08005,19740,0804000,"IFA Denver-Aurora-Centennial, CO",1.39934,
ifa_mw_ksmoco_k2,80014,ifa,CO,IFA,IFA_01,IFA,,08005,19740,0804000,"IFA Denver-Aurora-Centennial, CO",8.3738,
ifa_mw_ksmoco_k2,80015,ifa,CO,IFA,IFA_01,IFA,,08005,19740,0812815,"IFA Denver-Aurora-Centennial, CO",0.296182,
ifa_mw_ksmoco_k2,80016,ifa,CO,IFA,IFA_01,IFA,,08005,19740,0804000,"IFA Denver-Aurora-Centennial, CO",2.35439,
ifa_mw_ksmoco_k2,80017,ifa,CO,IFA,IFA_01,IFA,,08005,19740,0804000,"IFA Denver-Aurora-Centennial, CO",0.0,no cell in the extract: territory at zero opportunity
ifa_mw_ksmoco_k2,80018,ifa,CO,IFA,IFA_01,IFA,,08005,19740,0804000,"IFA Denver-Aurora-Centennial, CO",0.0,no cell in the extract: territory at zero opportunity
ifa_mw_ksmoco_k2,80019,ifa,CO,IFA,IFA_01,IFA,,08001,19740,0804000,"IFA Denver-Aurora-Centennial, CO",0.0,no cell in the extract: territory at zero opportunity
ifa_mw_ksmoco_k2,80020,ifa,CO,IFA,IFA_01,IFA,,08014,19740,0809280,"IFA Denver-Aurora-Centennial, CO",3.51031,
ifa_mw_ksmoco_k2,80021,ifa,CO,IFA,IFA_01,IFA,,08059,19740,0883835,"IFA Denver-Aurora-Centennial, CO",0.222512,
ifa_mw_ksmoco_k2,80022,ifa,CO,IFA,IFA_01,IFA,,08001,19740,0816495,"IFA Denver-Aurora-Centennial, CO",0.0,no cell in the extract: territory at zero opportunity
ifa_mw_ksmoco_k2,80023,ifa,CO,IFA,IFA_01,IFA,,08014,19740,0809280,"IFA Denver-Aurora-Centennial, CO",0.210182,
ifa_mw_ksmoco_k2,80024,ifa,CO,IFA,IFA_01,IFA,,08001,19740,0820275,"IFA Denver-Aurora-Centennial, CO",0.0,no cell in the extract: territory at zero opportunity
ifa_mw_ksmoco_k2,80025,ifa,CO,IFA,IFA_01,IFA,,08013,14500,0823630,"IFA Denver-Aurora-Centennial, CO",0.0,no cell in the extract: territory at zero opportunity
ifa_mw_ksmoco_k2,80026,ifa,CO,IFA,IFA_01,IFA,,08013,14500,0841835,"IFA Denver-Aurora-Centennial, CO",0.636946,
ifa_mw_ksmoco_k2,80027,ifa,CO,IFA,IFA_01,IFA,,08013,14500,0846355,"IFA Denver-Aurora-Centennial, CO",3.32213,
ifa_mw_ksmoco_k2,80030,ifa,CO,IFA,IFA_01,IFA,,08001,19740,0883835,"IFA Denver-Aurora-Centennial, CO",0.0799122,
ifa_mw_ksmoco_k2,80031,ifa,CO,IFA,IFA_01,IFA,,08001,19740,0883835,"IFA Denver-Aurora-Centennial, CO",6.4439,
ifa_mw_ksmoco_k2,80033,ifa,CO,IFA,IFA_01,IFA,,08059,19740,0884440,"IFA Denver-Aurora-Centennial, CO",3.70811,
ifa_mw_ksmoco_k2,80045,ifa,CO,IFA,IFA_01,IFA,,08001,19740,0804000,"IFA Denver-Aurora-Centennial, CO",0.0,no cell in the extract: territory at zero opportunity
ifa_mw_ksmoco_k2,80101,ifa,CO,IFA,IFA_01,IFA,,08039,19740,,"IFA Denver-Aurora-Centennial, CO",0.0,no cell in the extract: territory at zero opportunity
ifa_mw_ksmoco_k2,80102,ifa,CO,IFA,IFA_01,IFA,,08001,19740,0806090,"IFA Denver-Aurora-Centennial, CO",0.264127,
ifa_mw_ksmoco_k2,80103,ifa,CO,IFA,IFA_01,IFA,,08001,19740,0858510,"IFA Denver-Aurora-Centennial, CO",0.0,no cell in the extract: territory at zero opportunity
ifa_mw_ksmoco_k2,80104,ifa,CO,IFA,IFA_01,IFA,,08035,19740,0812415,"IFA Denver-Aurora-Centennial, CO",0.5325,
ifa_mw_ksmoco_k2,80105,ifa,CO,IFA,IFA_01,IFA,,08005,19740,0819630,"IFA Denver-Aurora-Centennial, CO",0.0,no cell in the extract: territory at zero opportunity
ifa_mw_ksmoco_k2,80106,ifa,CO,IFA,IFA_01,IFA,,08039,19740,0806970,"IFA Denver-Aurora-Centennial, CO",1.04611,
ifa_mw_ksmoco_k2,80107,ifa,CO,IFA,IFA_01,IFA,,08039,19740,0860655,"IFA Denver-Aurora-Centennial, CO",0.0,no cell in the extract: territory at zero opportunity
ifa_mw_ksmoco_k2,80108,ifa,CO,IFA,IFA_01,IFA,,08035,19740,0812387,"IFA Denver-Aurora-Centennial, CO",14.3261,
ifa_mw_ksmoco_k2,80109,ifa,CO,IFA,IFA_01,IFA,,08035,19740,0812415,"IFA Denver-Aurora-Centennial, CO",1.8991,
ifa_mw_ksmoco_k2,80110,ifa,CO,IFA,IFA_01,IFA,,08005,19740,0824785,"IFA Denver-Aurora-Centennial, CO",4.21986,
ifa_mw_ksmoco_k2,80111,ifa,CO,IFA,IFA_01,IFA,,08005,19740,0833035,"IFA Denver-Aurora-Centennial, CO",83.996,
ifa_mw_ksmoco_k2,80112,ifa,CO,IFA,IFA_01,IFA,,08005,19740,0812815,"IFA Denver-Aurora-Centennial, CO",121.315,
ifa_mw_ksmoco_k2,80113,ifa,CO,IFA,IFA_01,IFA,,08005,19740,0813845,"IFA Denver-Aurora-Centennial, CO",0.147259,
ifa_mw_ksmoco_k2,80116,ifa,CO,IFA,IFA_01,IFA,,08035,19740,0828250,"IFA Denver-Aurora-Centennial, CO",0.0,no cell in the extract: territory at zero opportunity
ifa_mw_ksmoco_k2,80117,ifa,CO,IFA,IFA_01,IFA,,08039,19740,0840790,"IFA Denver-Aurora-Centennial, CO",0.0,no cell in the extract: territory at zero opportunity
ifa_mw_ksmoco_k2,80118,ifa,CO,IFA,IFA_01,IFA,,08035,19740,0858592,"IFA Denver-Aurora-Centennial, CO",0.0,no cell in the extract: territory at zero opportunity
ifa_mw_ksmoco_k2,80120,ifa,CO,IFA,IFA_01,IFA,,08005,19740,0845255,"IFA Denver-Aurora-Centennial, CO",24.1404,
ifa_mw_ksmoco_k2,80121,ifa,CO,IFA,IFA_01,IFA,,08005,19740,0812815,"IFA Denver-Aurora-Centennial, CO",0.811549,
ifa_mw_ksmoco_k2,80122,ifa,CO,IFA,IFA_01,IFA,,08005,19740,0812815,"IFA Denver-Aurora-Centennial, CO",9.84994,
ifa_mw_ksmoco_k2,80123,ifa,CO,IFA,IFA_01,IFA,,08059,19740,0816110,"IFA Denver-Aurora-Centennial, CO",0.577919,
ifa_mw_ksmoco_k2,80124,ifa,CO,IFA,IFA_01,IFA,,08035,19740,0845955,"IFA Denver-Aurora-Centennial, CO",7.74369,
ifa_mw_ksmoco_k2,80125,ifa,CO,IFA,IFA_01,IFA,,08035,19740,0866197,"IFA Denver-Aurora-Centennial, CO",0.0,no cell in the extract: territory at zero opportunity
ifa_mw_ksmoco_k2,80126,ifa,CO,IFA,IFA_01,IFA,,08035,19740,0836410,"IFA Denver-Aurora-Centennial, CO",0.893688,
ifa_mw_ksmoco_k2,80127,ifa,CO,IFA,IFA_01,IFA,,08059,19740,0819150,"IFA Denver-Aurora-Centennial, CO",10.7647,
ifa_mw_ksmoco_k2,80128,ifa,CO,IFA,IFA_01,IFA,,08059,19740,0816110,"IFA Denver-Aurora-Centennial, CO",1.07069,
ifa_mw_ksmoco_k2,80129,ifa,CO,IFA,IFA_01,IFA,,08035,19740,0836410,"IFA Denver-Aurora-Centennial, CO",26.0338,
ifa_mw_ksmoco_k2,80130,ifa,CO,IFA,IFA_01,IFA,,08035,19740,0836410,"IFA Denver-Aurora-Centennial, CO",1.32845,
ifa_mw_ksmoco_k2,80131,ifa,CO,IFA,IFA_01,IFA,,08035,19740,0846410,"IFA Denver-Aurora-Centennial, CO",0.0,no cell in the extract: territory at zero opportunity
ifa_mw_ksmoco_k2,80132,ifa,CO,IFA,IFA_01,IFA,,08041,17820,0851800,"IFA Denver-Aurora-Centennial, CO",4.67697,
ifa_mw_ksmoco_k2,80133,ifa,CO,IFA,IFA_01,IFA,,08041,17820,0857025,"IFA Denver-Aurora-Centennial, CO",0.0,no cell in the extract: territory at zero opportunity
ifa_mw_ksmoco_k2,80134,ifa,CO,IFA,IFA_01,IFA,,08035,19740,0857630,"IFA Denver-Aurora-Centennial, CO",14.0669,
ifa_mw_ksmoco_k2,80135,ifa,CO,IFA,IFA_01,IFA,,08035,19740,0866197,"IFA Denver-Aurora-Centennial, CO",0.0355807,
ifa_mw_ksmoco_k2,80136,ifa,CO,IFA,IFA_01,IFA,,08001,19740,0816465,"IFA Denver-Aurora-Centennial, CO",0.0,no cell in the extract: territory at zero opportunity
ifa_mw_ksmoco_k2,80137,ifa,CO,IFA,IFA_01,IFA,,08005,19740,0804000,"IFA Denver-Aurora-Centennial, CO",0.0,no cell in the extract: territory at zero opportunity
ifa_mw_ksmoco_k2,80138,ifa,CO,IFA,IFA_01,IFA,,08035,19740,0857630,"IFA Denver-Aurora-Centennial, CO",4.16894,
ifa_mw_ksmoco_k2,80202,ifa,CO,IFA,IFA_01,IFA,,08031,19740,0820000,"IFA Denver-Aurora-Centennial, CO",4.84547,
ifa_mw_ksmoco_k2,80203,ifa,CO,IFA,IFA_01,IFA,,08031,19740,0820000,"IFA Denver-Aurora-Centennial, CO",0.623209,
ifa_mw_ksmoco_k2,80204,ifa,CO,IFA,IFA_01,IFA,,08031,19740,0820000,"IFA Denver-Aurora-Centennial, CO",1.60499,
ifa_mw_ksmoco_k2,80205,ifa,CO,IFA,IFA_01,IFA,,08031,19740,0820000,"IFA Denver-Aurora-Centennial, CO",0.422779,
ifa_mw_ksmoco_k2,80206,ifa,CO,IFA,IFA_01,IFA,,08031,19740,0820000,"IFA Denver-Aurora-Centennial, CO",11.7438,
ifa_mw_ksmoco_k2,80207,ifa,CO,IFA,IFA_01,IFA,,08031,19740,0820000,"IFA Denver-Aurora-Centennial, CO",0.629666,
ifa_mw_ksmoco_k2,80209,ifa,CO,IFA,IFA_01,IFA,,08031,19740,0820000,"IFA Denver-Aurora-Centennial, CO",1.31751,
ifa_mw_ksmoco_k2,80210,ifa,CO,IFA,IFA_01,IFA,,08031,19740,0820000,"IFA Denver-Aurora-Centennial, CO",0.606598,
ifa_mw_ksmoco_k2,80211,ifa,CO,IFA,IFA_01,IFA,,08031,19740,0820000,"IFA Denver-Aurora-Centennial, CO",1.33916,
ifa_mw_ksmoco_k2,80212,ifa,CO,IFA,IFA_01,IFA,,08031,19740,0820000,"IFA Denver-Aurora-Centennial, CO",0.426522,
ifa_mw_ksmoco_k2,80214,ifa,CO,IFA,IFA_01,IFA,,08059,19740,0843000,"IFA Denver-Aurora-Centennial, CO",0.905482,
ifa_mw_ksmoco_k2,80215,ifa,CO,IFA,IFA_01,IFA,,08059,19740,0843000,"IFA Denver-Aurora-Centennial, CO",0.422655,
ifa_mw_ksmoco_k2,80216,ifa,CO,IFA,IFA_01,IFA,,08031,19740,0820000,"IFA Denver-Aurora-Centennial, CO",0.0,no cell in the extract: territory at zero opportunity
ifa_mw_ksmoco_k2,80218,ifa,CO,IFA,IFA_01,IFA,,08031,19740,0820000,"IFA Denver-Aurora-Centennial, CO",1.00419,
ifa_mw_ksmoco_k2,80219,ifa,CO,IFA,IFA_01,IFA,,08031,19740,0820000,"IFA Denver-Aurora-Centennial, CO",0.0,no cell in the extract: territory at zero opportunity
ifa_mw_ksmoco_k2,80220,ifa,CO,IFA,IFA_01,IFA,,08031,19740,0820000,"IFA Denver-Aurora-Centennial, CO",0.0,no cell in the extract: territory at zero opportunity
ifa_mw_ksmoco_k2,80221,ifa,CO,IFA,IFA_01,IFA,,08001,19740,0806172,"IFA Denver-Aurora-Centennial, CO",0.0,no cell in the extract: territory at zero opportunity
ifa_mw_ksmoco_k2,80222,ifa,CO,IFA,IFA_01,IFA,,08031,19740,0820000,"IFA Denver-Aurora-Centennial, CO",26.1938,
ifa_mw_ksmoco_k2,80223,ifa,CO,IFA,IFA_01,IFA,,08031,19740,0820000,"IFA Denver-Aurora-Centennial, CO",1.37332,
ifa_mw_ksmoco_k2,80224,ifa,CO,IFA,IFA_01,IFA,,08031,19740,0820000,"IFA Denver-Aurora-Centennial, CO",0.0,no cell in the extract: territory at zero opportunity
ifa_mw_ksmoco_k2,80226,ifa,CO,IFA,IFA_01,IFA,,08059,19740,0843000,"IFA Denver-Aurora-Centennial, CO",4.62396,
ifa_mw_ksmoco_k2,80227,ifa,CO,IFA,IFA_01,IFA,,08059,19740,0843000,"IFA Denver-Aurora-Centennial, CO",5.66144,
ifa_mw_ksmoco_k2,80228,ifa,CO,IFA,IFA_01,IFA,,08059,19740,0843000,"IFA Denver-Aurora-Centennial, CO",4.81283,
ifa_mw_ksmoco_k2,80229,ifa,CO,IFA,IFA_01,IFA,,08001,19740,0877290,"IFA Denver-Aurora-Centennial, CO",0.0,no cell in the extract: territory at zero opportunity
ifa_mw_ksmoco_k2,80230,ifa,CO,IFA,IFA_01,IFA,,08031,19740,0820000,"IFA Denver-Aurora-Centennial, CO",0.340981,
ifa_mw_ksmoco_k2,80231,ifa,CO,IFA,IFA_01,IFA,,08031,19740,0820000,"IFA Denver-Aurora-Centennial, CO",3.2237,
ifa_mw_ksmoco_k2,80232,ifa,CO,IFA,IFA_01,IFA,,08059,19740,0843000,"IFA Denver-Aurora-Centennial, CO",0.00171817,
ifa_mw_ksmoco_k2,80233,ifa,CO,IFA,IFA_01,IFA,,08001,19740,0877290,"IFA Denver-Aurora-Centennial, CO",0.629667,
ifa_mw_ksmoco_k2,80234,ifa,CO,IFA,IFA_01,IFA,,08001,19740,0883835,"IFA Denver-Aurora-Centennial, CO",4.12862,
ifa_mw_ksmoco_k2,80235,ifa,CO,IFA,IFA_01,IFA,,08059,19740,0820000,"IFA Denver-Aurora-Centennial, CO",0.328431,
ifa_mw_ksmoco_k2,80236,ifa,CO,IFA,IFA_01,IFA,,08031,19740,0820000,"IFA Denver-Aurora-Centennial, CO",0.0026128,
ifa_mw_ksmoco_k2,80237,ifa,CO,IFA,IFA_01,IFA,,08031,19740,0820000,"IFA Denver-Aurora-Centennial, CO",33.1639,
ifa_mw_ksmoco_k2,80238,ifa,CO,IFA,IFA_01,IFA,,08031,19740,0820000,"IFA Denver-Aurora-Centennial, CO",4.79539,
ifa_mw_ksmoco_k2,80239,ifa,CO,IFA,IFA_01,IFA,,08031,19740,0820000,"IFA Denver-Aurora-Centennial, CO",0.0,no cell in the extract: territory at zero opportunity
ifa_mw_ksmoco_k2,80241,ifa,CO,IFA,IFA_01,IFA,,08001,19740,0877290,"IFA Denver-Aurora-Centennial, CO",0.152699,
ifa_mw_ksmoco_k2,80246,ifa,CO,IFA,IFA_01,IFA,,08031,19740,0820000,"IFA Denver-Aurora-Centennial, CO",15.5581,
ifa_mw_ksmoco_k2,80247,ifa,CO,IFA,IFA_01,IFA,,08031,19740,0820000,"IFA Denver-Aurora-Centennial, CO",0.0,no cell in the extract: territory at zero opportunity
ifa_mw_ksmoco_k2,80249,ifa,CO,IFA,IFA_01,IFA,,08031,19740,0820000,"IFA Denver-Aurora-Centennial, CO",0.0,no cell in the extract: territory at zero opportunity
ifa_mw_ksmoco_k2,80260,ifa,CO,IFA,IFA_01,IFA,,08001,19740,0877290,"IFA Denver-Aurora-Centennial, CO",0.0,no cell in the extract: territory at zero opportunity
ifa_mw_ksmoco_k2,80264,ifa,CO,IFA,IFA_01,IFA,,08031,19740,0820000,"IFA Denver-Aurora-Centennial, CO",0.0,no cell in the extract: territory at zero opportunity
ifa_mw_ksmoco_k2,80266,ifa,CO,IFA,IFA_01,IFA,,08031,19740,0820000,"IFA Denver-Aurora-Centennial, CO",0.0,no cell in the extract: territory at zero opportunity
ifa_mw_ksmoco_k2,80290,ifa,CO,IFA,IFA_01,IFA,,08031,19740,0820000,"IFA Denver-Aurora-Centennial, CO",0.0,no cell in the extract: territory at zero opportunity
ifa_mw_ksmoco_k2,80293,ifa,CO,IFA,IFA_01,IFA,,08031,19740,0820000,"IFA Denver-Aurora-Centennial, CO",0.0,no cell in the extract: territory at zero opportunity
ifa_mw_ksmoco_k2,80294,ifa,CO,IFA,IFA_01,IFA,,08031,19740,0820000,"IFA Denver-Aurora-Centennial, CO",0.0,no cell in the extract: territory at zero opportunity
ifa_mw_ksmoco_k2,80301,ifa,CO,IFA,IFA_01,IFA,,08013,14500,0807850,"IFA Denver-Aurora-Centennial, CO",3.93764,
ifa_mw_ksmoco_k2,80302,ifa,CO,IFA,IFA_01,IFA,,08013,14500,0844270,"IFA Denver-Aurora-Centennial, CO",6.60308,
ifa_mw_ksmoco_k2,80303,ifa,CO,IFA,IFA_01,IFA,,08013,14500,0807850,"IFA Denver-Aurora-Centennial, CO",6.70469,
ifa_mw_ksmoco_k2,80304,ifa,CO,IFA,IFA_01,IFA,,08013,14500,0807850,"IFA Denver-Aurora-Centennial, CO",0.139931,
ifa_mw_ksmoco_k2,80305,ifa,CO,IFA,IFA_01,IFA,,08013,14500,0807850,"IFA Denver-Aurora-Centennial, CO",0.194832,
ifa_mw_ksmoco_k2,80310,ifa,CO,IFA,IFA_01,IFA,,08013,14500,0807850,"IFA Denver-Aurora-Centennial, CO",0.0,no cell in the extract: territory at zero opportunity
ifa_mw_ksmoco_k2,80401,ifa,CO,IFA,IFA_01,IFA,,08059,19740,0830835,"IFA Denver-Aurora-Centennial, CO",20.3939,
ifa_mw_ksmoco_k2,80403,ifa,CO,IFA,IFA_01,IFA,,08059,19740,0815302,"IFA Denver-Aurora-Centennial, CO",4.39188,
ifa_mw_ksmoco_k2,80419,ifa,CO,IFA,IFA_01,IFA,,08059,19740,0830835,"IFA Denver-Aurora-Centennial, CO",0.0,no cell in the extract: territory at zero opportunity
ifa_mw_ksmoco_k2,80420,ifa,CO,IFA,IFA_01,IFA,,08093,19740,0801530,"IFA Denver-Aurora-Centennial, CO",0.0,no cell in the extract: territory at zero opportunity
ifa_mw_ksmoco_k2,80421,ifa,CO,IFA,IFA_01,IFA,,08093,19740,,"IFA Denver-Aurora-Centennial, CO",0.0,no cell in the extract: territory at zero opportunity
ifa_mw_ksmoco_k2,80422,ifa,CO,IFA,IFA_01,IFA,,08047,19740,0807025,"IFA Denver-Aurora-Centennial, CO",0.0,no cell in the extract: territory at zero opportunity
ifa_mw_ksmoco_k2,80423,ifa,CO,IFA,IFA_01,IFA,,08037,20780,0847345,"IFA Denver-Aurora-Centennial, CO",0.0,no cell in the extract: territory at zero opportunity
ifa_mw_ksmoco_k2,80424,ifa,CO,IFA,IFA_01,IFA,,08117,14720,0808400,"IFA Denver-Aurora-Centennial, CO",1.43757,
ifa_mw_ksmoco_k2,80425,ifa,CO,IFA,IFA_01,IFA,,08059,19740,,"IFA Denver-Aurora-Centennial, CO",0.0,no cell in the extract: territory at zero opportunity
ifa_mw_ksmoco_k2,80426,ifa,CO,IFA,IFA_01,IFA,,08037,20780,,"IFA Denver-Aurora-Centennial, CO",0.0,no cell in the extract: territory at zero opportunity
ifa_mw_ksmoco_k2,80427,ifa,CO,IFA,IFA_01,IFA,,08047,19740,0812900,"IFA Denver-Aurora-Centennial, CO",0.0,no cell in the extract: territory at zero opportunity
ifa_mw_ksmoco_k2,80428,ifa,CO,IFA,IFA_01,IFA,,08107,44460,,"IFA Denver-Aurora-Centennial, CO",0.0,no cell in the extract: territory at zero opportunity
ifa_mw_ksmoco_k2,80430,ifa,CO,IFA,IFA_01,IFA,,08057,,,"IFA Denver-Aurora-Centennial, CO",0.0,no cell in the extract: territory at zero opportunity
ifa_mw_ksmoco_k2,80432,ifa,CO,IFA,IFA_01,IFA,,08093,19740,,"IFA Denver-Aurora-Centennial, CO",0.0,no cell in the extract: territory at zero opportunity
ifa_mw_ksmoco_k2,80433,ifa,CO,IFA,IFA_01,IFA,,08059,19740,0803730,"IFA Denver-Aurora-Centennial, CO",0.0,no cell in the extract: territory at zero opportunity
ifa_mw_ksmoco_k2,80434,ifa,CO,IFA,IFA_01,IFA,,08057,,,"IFA Denver-Aurora-Centennial, CO",0.0,no cell in the extract: territory at zero opportunity
ifa_mw_ksmoco_k2,80435,ifa,CO,IFA,IFA_01,IFA,,08117,14720,0840550,"IFA Denver-Aurora-Centennial, CO",0.0,no cell in the extract: territory at zero opportunity
ifa_mw_ksmoco_k2,80436,ifa,CO,IFA,IFA_01,IFA,,08019,19740,0821390,"IFA Denver-Aurora-Centennial, CO",0.0,no cell in the extract: territory at zero opportunity
ifa_mw_ksmoco_k2,80438,ifa,CO,IFA,IFA_01,IFA,,08019,19740,0824620,"IFA Denver-Aurora-Centennial, CO",0.0,no cell in the extract: territory at zero opportunity
ifa_mw_ksmoco_k2,80439,ifa,CO,IFA,IFA_01,IFA,,08019,19740,0825390,"IFA Denver-Aurora-Centennial, CO",7.01073,
ifa_mw_ksmoco_k2,80440,ifa,CO,IFA,IFA_01,IFA,,08093,19740,0825610,"IFA Denver-Aurora-Centennial, CO",0.0,no cell in the extract: territory at zero opportunity
ifa_mw_ksmoco_k2,80442,ifa,CO,IFA,IFA_01,IFA,,08049,,0828305,"IFA Denver-Aurora-Centennial, CO",0.0,no cell in the extract: territory at zero opportunity
ifa_mw_ksmoco_k2,80443,ifa,CO,IFA,IFA_01,IFA,,08117,14720,0817150,"IFA Denver-Aurora-Centennial, CO",1.23715,
ifa_mw_ksmoco_k2,80444,ifa,CO,IFA,IFA_01,IFA,,08019,19740,0829735,"IFA Denver-Aurora-Centennial, CO",0.0,no cell in the extract: territory at zero opportunity
ifa_mw_ksmoco_k2,80446,ifa,CO,IFA,IFA_01,IFA,,08049,,0831605,"IFA Denver-Aurora-Centennial, CO",0.0,no cell in the extract: territory at zero opportunity
ifa_mw_ksmoco_k2,80447,ifa,CO,IFA,IFA_01,IFA,,08049,,0831715,"IFA Denver-Aurora-Centennial, CO",0.0,no cell in the extract: territory at zero opportunity
ifa_mw_ksmoco_k2,80448,ifa,CO,IFA,IFA_01,IFA,,08093,19740,,"IFA Denver-Aurora-Centennial, CO",0.0,no cell in the extract: territory at zero opportunity
ifa_mw_ksmoco_k2,80449,ifa,CO,IFA,IFA_01,IFA,,08093,19740,0834630,"IFA Denver-Aurora-Centennial, CO",0.0,no cell in the extract: territory at zero opportunity
ifa_mw_ksmoco_k2,80451,ifa,CO,IFA,IFA_01,IFA,,08049,,0837600,"IFA Denver-Aurora-Centennial, CO",0.0,no cell in the extract: territory at zero opportunity
ifa_mw_ksmoco_k2,80452,ifa,CO,IFA,IFA_01,IFA,,08019,19740,0838370,"IFA Denver-Aurora-Centennial, CO",3.90439,
ifa_mw_ksmoco_k2,80453,ifa,CO,IFA,IFA_01,IFA,,08059,19740,0838480,"IFA Denver-Aurora-Centennial, CO",0.0,no cell in the extract: territory at zero opportunity
ifa_mw_ksmoco_k2,80454,ifa,CO,IFA,IFA_01,IFA,,08059,19740,0838810,"IFA Denver-Aurora-Centennial, CO",0.0,no cell in the extract: territory at zero opportunity
ifa_mw_ksmoco_k2,80455,ifa,CO,IFA,IFA_01,IFA,,08013,14500,0830350,"IFA Denver-Aurora-Centennial, CO",0.0,no cell in the extract: territory at zero opportunity
ifa_mw_ksmoco_k2,80456,ifa,CO,IFA,IFA_01,IFA,,08093,19740,,"IFA Denver-Aurora-Centennial, CO",0.0,no cell in the extract: territory at zero opportunity
ifa_mw_ksmoco_k2,80457,ifa,CO,IFA,IFA_01,IFA,,08059,19740,0841065,"IFA Denver-Aurora-Centennial, CO",0.0,no cell in the extract: territory at zero opportunity
ifa_mw_ksmoco_k2,80459,ifa,CO,IFA,IFA_01,IFA,,08049,,0841560,"IFA Denver-Aurora-Centennial, CO",0.0,no cell in the extract: territory at zero opportunity
ifa_mw_ksmoco_k2,80461,ifa,CO,IFA,IFA_01,IFA,,08065,14720,0844375,"IFA Denver-Aurora-Centennial, CO",4.73474,
ifa_mw_ksmoco_k2,80463,ifa,CO,IFA,IFA_01,IFA,,08107,44460,0847345,"IFA Denver-Aurora-Centennial, CO",0.0,no cell in the extract: territory at zero opportunity
ifa_mw_ksmoco_k2,80465,ifa,CO,IFA,IFA_01,IFA,,08059,19740,0819150,"IFA Denver-Aurora-Centennial, CO",0.0,no cell in the extract: territory at zero opportunity
ifa_mw_ksmoco_k2,80466,ifa,CO,IFA,IFA_01,IFA,,08013,14500,0823575,"IFA Denver-Aurora-Centennial, CO",0.0,no cell in the extract: territory at zero opportunity
ifa_mw_ksmoco_k2,80467,ifa,CO,IFA,IFA_01,IFA,,08107,44460,0855155,"IFA Denver-Aurora-Centennial, CO",0.0,no cell in the extract: territory at zero opportunity
ifa_mw_ksmoco_k2,80468,ifa,CO,IFA,IFA_01,IFA,,08049,,0857850,"IFA Denver-Aurora-Centennial, CO",0.0,no cell in the extract: territory at zero opportunity
ifa_mw_ksmoco_k2,80469,ifa,CO,IFA,IFA_01,IFA,,08107,44460,0858785,"IFA Denver-Aurora-Centennial, CO",0.0,no cell in the extract: territory at zero opportunity
ifa_mw_ksmoco_k2,80470,ifa,CO,IFA,IFA_01,IFA,,08059,19740,,"IFA Denver-Aurora-Centennial, CO",0.0,no cell in the extract: territory at zero opportunity
ifa_mw_ksmoco_k2,80471,ifa,CO,IFA,IFA_01,IFA,,08013,14500,,"IFA Denver-Aurora-Centennial, CO",0.0,no cell in the extract: territory at zero opportunity
ifa_mw_ksmoco_k2,80473,ifa,CO,IFA,IFA_01,IFA,,08057,,,"IFA Denver-Aurora-Centennial, CO",0.0,no cell in the extract: territory at zero opportunity
ifa_mw_ksmoco_k2,80474,ifa,CO,IFA,IFA_01,IFA,,08047,19740,0865685,"IFA Denver-Aurora-Centennial, CO",0.0,no cell in the extract: territory at zero opportunity
ifa_mw_ksmoco_k2,80475,ifa,CO,IFA,IFA_01,IFA,,08093,19740,,"IFA Denver-Aurora-Centennial, CO",0.0,no cell in the extract: territory at zero opportunity
ifa_mw_ksmoco_k2,80476,ifa,CO,IFA,IFA_01,IFA,,08019,19740,0870360,"IFA Denver-Aurora-Centennial, CO",0.0,no cell in the extract: territory at zero opportunity
ifa_mw_ksmoco_k2,80478,ifa,CO,IFA,IFA_01,IFA,,08049,,0876190,"IFA Denver-Aurora-Centennial, CO",0.0,no cell in the extract: territory at zero opportunity
ifa_mw_ksmoco_k2,80479,ifa,CO,IFA,IFA_01,IFA,,08107,44460,,"IFA Denver-Aurora-Centennial, CO",0.0,no cell in the extract: territory at zero opportunity
ifa_mw_ksmoco_k2,80480,ifa,CO,IFA,IFA_01,IFA,,08057,,0882130,"IFA Denver-Aurora-Centennial, CO",0.0,no cell in the extract: territory at zero opportunity
ifa_mw_ksmoco_k2,80481,ifa,CO,IFA,IFA_01,IFA,,08013,14500,0804620,"IFA Denver-Aurora-Centennial, CO",0.0,no cell in the extract: territory at zero opportunity
ifa_mw_ksmoco_k2,80482,ifa,CO,IFA,IFA_01,IFA,,08049,,0885705,"IFA Denver-Aurora-Centennial, CO",0.0,no cell in the extract: territory at zero opportunity
ifa_mw_ksmoco_k2,80483,ifa,CO,IFA,IFA_01,IFA,,08107,44460,0886475,"IFA Denver-Aurora-Centennial, CO",0.0,no cell in the extract: territory at zero opportunity
ifa_mw_ksmoco_k2,80487,ifa,CO,IFA,IFA_01,IFA,,08107,44460,0873825,"IFA Denver-Aurora-Centennial, CO",0.0,no cell in the extract: territory at zero opportunity
ifa_mw_ksmoco_k2,80498,ifa,CO,IFA,IFA_01,IFA,,08117,14720,0870525,"IFA Denver-Aurora-Centennial, CO",0.0,no cell in the extract: territory at zero opportunity
ifa_mw_ksmoco_k2,80501,ifa,CO,IFA,IFA_01,IFA,,08013,14500,0845970,"IFA Denver-Aurora-Centennial, CO",4.44382,
ifa_mw_ksmoco_k2,80503,ifa,CO,IFA,IFA_01,IFA,,08013,14500,0845970,"IFA Denver-Aurora-Centennial, CO",0.024659,
ifa_mw_ksmoco_k2,80504,ifa,CO,IFA,IFA_01,IFA,,08123,24540,0826600,"IFA Denver-Aurora-Centennial, CO",0.331769,
ifa_mw_ksmoco_k2,80510,ifa,CO,IFA,IFA_01,IFA,,08013,14500,0801420,"IFA Denver-Aurora-Centennial, CO",0.0,no cell in the extract: territory at zero opportunity
ifa_mw_ksmoco_k2,80512,ifa,CO,IFA,IFA_01,IFA,,08069,22660,0827425,"IFA Denver-Aurora-Centennial, CO",0.0,no cell in the extract: territory at zero opportunity
ifa_mw_ksmoco_k2,80513,ifa,CO,IFA,IFA_01,IFA,,08069,22660,0806255,"IFA Denver-Aurora-Centennial, CO",0.62521,
ifa_mw_ksmoco_k2,80514,ifa,CO,IFA,IFA_01,IFA,,08123,24540,0819080,"IFA Denver-Aurora-Centennial, CO",0.267338,
ifa_mw_ksmoco_k2,80515,ifa,CO,IFA,IFA_01,IFA,,08069,22660,,"IFA Denver-Aurora-Centennial, CO",0.0,no cell in the extract: territory at zero opportunity
ifa_mw_ksmoco_k2,80516,ifa,CO,IFA,IFA_01,IFA,,08123,24540,0824950,"IFA Denver-Aurora-Centennial, CO",4.52652,
ifa_mw_ksmoco_k2,80517,ifa,CO,IFA,IFA_01,IFA,,08069,22660,0825115,"IFA Denver-Aurora-Centennial, CO",0.972827,
ifa_mw_ksmoco_k2,80520,ifa,CO,IFA,IFA_01,IFA,,08123,24540,0826600,"IFA Denver-Aurora-Centennial, CO",0.0,no cell in the extract: territory at zero opportunity
ifa_mw_ksmoco_k2,80521,ifa,CO,IFA,IFA_01,IFA,,08069,22660,0827425,"IFA Denver-Aurora-Centennial, CO",8.50248,
ifa_mw_ksmoco_k2,80524,ifa,CO,IFA,IFA_01,IFA,,08069,22660,0827425,"IFA Denver-Aurora-Centennial, CO",1.34186,
ifa_mw_ksmoco_k2,80525,ifa,CO,IFA,IFA_01,IFA,,08069,22660,0827425,"IFA Denver-Aurora-Centennial, CO",23.2748,
ifa_mw_ksmoco_k2,80526,ifa,CO,IFA,IFA_01,IFA,,08069,22660,0827425,"IFA Denver-Aurora-Centennial, CO",1.83135,
ifa_mw_ksmoco_k2,80528,ifa,CO,IFA,IFA_01,IFA,,08069,22660,0827425,"IFA Denver-Aurora-Centennial, CO",11.2899,
ifa_mw_ksmoco_k2,80530,ifa,CO,IFA,IFA_01,IFA,,08123,24540,0828360,"IFA Denver-Aurora-Centennial, CO",0.0,no cell in the extract: territory at zero opportunity
ifa_mw_ksmoco_k2,80532,ifa,CO,IFA,IFA_01,IFA,,08069,22660,,"IFA Denver-Aurora-Centennial, CO",0.0,no cell in the extract: territory at zero opportunity
ifa_mw_ksmoco_k2,80534,ifa,CO,IFA,IFA_01,IFA,,08123,24540,0839855,"IFA Denver-Aurora-Centennial, CO",0.45124,
ifa_mw_ksmoco_k2,80535,ifa,CO,IFA,IFA_01,IFA,,08069,22660,0843220,"IFA Denver-Aurora-Centennial, CO",0.0,no cell in the extract: territory at zero opportunity
ifa_mw_ksmoco_k2,80536,ifa,CO,IFA,IFA_01,IFA,,08069,22660,,"IFA Denver-Aurora-Centennial, CO",0.0,no cell in the extract: territory at zero opportunity
ifa_mw_ksmoco_k2,80537,ifa,CO,IFA,IFA_01,IFA,,08069,22660,0846465,"IFA Denver-Aurora-Centennial, CO",0.709368,
ifa_mw_ksmoco_k2,80538,ifa,CO,IFA,IFA_01,IFA,,08069,22660,0846465,"IFA Denver-Aurora-Centennial, CO",18.7339,
ifa_mw_ksmoco_k2,80540,ifa,CO,IFA,IFA_01,IFA,,08013,14500,0801420,"IFA Denver-Aurora-Centennial, CO",0.0,no cell in the extract: territory at zero opportunity
ifa_mw_ksmoco_k2,80542,ifa,CO,IFA,IFA_01,IFA,,08123,24540,0849600,"IFA Denver-Aurora-Centennial, CO",0.0,no cell in the extract: territory at zero opportunity
ifa_mw_ksmoco_k2,80543,ifa,CO,IFA,IFA_01,IFA,,08123,24540,0850480,"IFA Denver-Aurora-Centennial, CO",0.0,no cell in the extract: territory at zero opportunity
ifa_mw_ksmoco_k2,80544,ifa,CO,IFA,IFA_01,IFA,,08013,14500,0853780,"IFA Denver-Aurora-Centennial, CO",0.0,no cell in the extract: territory at zero opportunity
ifa_mw_ksmoco_k2,80545,ifa,CO,IFA,IFA_01,IFA,,08069,22660,0863320,"IFA Denver-Aurora-Centennial, CO",0.0,no cell in the extract: territory at zero opportunity
ifa_mw_ksmoco_k2,80546,ifa,CO,IFA,IFA_01,IFA,,08123,24540,0869150,"IFA Denver-Aurora-Centennial, CO",0.0,no cell in the extract: territory at zero opportunity
ifa_mw_ksmoco_k2,80547,ifa,CO,IFA,IFA_01,IFA,,08069,22660,0877510,"IFA Denver-Aurora-Centennial, CO",0.0,no cell in the extract: territory at zero opportunity
ifa_mw_ksmoco_k2,80549,ifa,CO,IFA,IFA_01,IFA,,08069,22660,0883230,"IFA Denver-Aurora-Centennial, CO",0.0,no cell in the extract: territory at zero opportunity
ifa_mw_ksmoco_k2,80550,ifa,CO,IFA,IFA_01,IFA,,08123,24540,0885485,"IFA Denver-Aurora-Centennial, CO",4.58365,
ifa_mw_ksmoco_k2,80601,ifa,CO,IFA,IFA_01,IFA,,08001,19740,0808675,"IFA Denver-Aurora-Centennial, CO",0.464044,
ifa_mw_ksmoco_k2,80602,ifa,CO,IFA,IFA_01,IFA,,08001,19740,0877290,"IFA Denver-Aurora-Centennial, CO",0.0,no cell in the extract: territory at zero opportunity
ifa_mw_ksmoco_k2,80603,ifa,CO,IFA,IFA_01,IFA,,08001,19740,0808675,"IFA Denver-Aurora-Centennial, CO",0.221278,
ifa_mw_ksmoco_k2,80610,ifa,CO,IFA,IFA_01,IFA,,08123,24540,0803950,"IFA Denver-Aurora-Centennial, CO",0.0,no cell in the extract: territory at zero opportunity
ifa_mw_ksmoco_k2,80611,ifa,CO,IFA,IFA_01,IFA,,08123,24540,0808620,"IFA Denver-Aurora-Centennial, CO",0.0,no cell in the extract: territory at zero opportunity
ifa_mw_ksmoco_k2,80612,ifa,CO,IFA,IFA_01,IFA,,08123,24540,,"IFA Denver-Aurora-Centennial, CO",0.0,no cell in the extract: territory at zero opportunity
ifa_mw_ksmoco_k2,80615,ifa,CO,IFA,IFA_01,IFA,,08123,24540,0822860,"IFA Denver-Aurora-Centennial, CO",0.0,no cell in the extract: territory at zero opportunity
ifa_mw_ksmoco_k2,80620,ifa,CO,IFA,IFA_01,IFA,,08123,24540,0825280,"IFA Denver-Aurora-Centennial, CO",0.824445,
ifa_mw_ksmoco_k2,80621,ifa,CO,IFA,IFA_01,IFA,,08123,24540,0827700,"IFA Denver-Aurora-Centennial, CO",0.0,no cell in the extract: territory at zero opportunity
ifa_mw_ksmoco_k2,80622,ifa,CO,IFA,IFA_01,IFA,,08123,24540,,"IFA Denver-Aurora-Centennial, CO",0.0,no cell in the extract: territory at zero opportunity
ifa_mw_ksmoco_k2,80623,ifa,CO,IFA,IFA_01,IFA,,08123,24540,0829955,"IFA Denver-Aurora-Centennial, CO",0.0,no cell in the extract: territory at zero opportunity
ifa_mw_ksmoco_k2,80624,ifa,CO,IFA,IFA_01,IFA,,08123,24540,,"IFA Denver-Aurora-Centennial, CO",0.0,no cell in the extract: territory at zero opportunity
ifa_mw_ksmoco_k2,80631,ifa,CO,IFA,IFA_01,IFA,,08123,24540,0832155,"IFA Denver-Aurora-Centennial, CO",0.0,no cell in the extract: territory at zero opportunity
ifa_mw_ksmoco_k2,80634,ifa,CO,IFA,IFA_01,IFA,,08123,24540,0832155,"IFA Denver-Aurora-Centennial, CO",9.57632,
ifa_mw_ksmoco_k2,80640,ifa,CO,IFA,IFA_01,IFA,,08001,19740,0816495,"IFA Denver-Aurora-Centennial, CO",0.137972,
ifa_mw_ksmoco_k2,80642,ifa,CO,IFA,IFA_01,IFA,,08123,24540,0837820,"IFA Denver-Aurora-Centennial, CO",0.0,no cell in the extract: territory at zero opportunity
ifa_mw_ksmoco_k2,80643,ifa,CO,IFA,IFA_01,IFA,,08123,24540,0840185,"IFA Denver-Aurora-Centennial, CO",0.0,no cell in the extract: territory at zero opportunity
ifa_mw_ksmoco_k2,80644,ifa,CO,IFA,IFA_01,IFA,,08123,24540,0840515,"IFA Denver-Aurora-Centennial, CO",0.0,no cell in the extract: territory at zero opportunity
ifa_mw_ksmoco_k2,80645,ifa,CO,IFA,IFA_01,IFA,,08123,24540,0825280,"IFA Denver-Aurora-Centennial, CO",0.0,no cell in the extract: territory at zero opportunity
ifa_mw_ksmoco_k2,80646,ifa,CO,IFA,IFA_01,IFA,,08123,24540,,"IFA Denver-Aurora-Centennial, CO",0.0,no cell in the extract: territory at zero opportunity
ifa_mw_ksmoco_k2,80648,ifa,CO,IFA,IFA_01,IFA,,08123,24540,0855045,"IFA Denver-Aurora-Centennial, CO",0.0,no cell in the extract: territory at zero opportunity
ifa_mw_ksmoco_k2,80649,ifa,CO,IFA,IFA_01,IFA,,08123,24540,0855925,"IFA Denver-Aurora-Centennial, CO",0.0,no cell in the extract: territory at zero opportunity
ifa_mw_ksmoco_k2,80650,ifa,CO,IFA,IFA_01,IFA,,08123,24540,0869150,"IFA Denver-Aurora-Centennial, CO",0.0,no cell in the extract: territory at zero opportunity
ifa_mw_ksmoco_k2,80651,ifa,CO,IFA,IFA_01,IFA,,08123,24540,0860160,"IFA Denver-Aurora-Centennial, CO",0.0,no cell in the extract: territory at zero opportunity
ifa_mw_ksmoco_k2,80652,ifa,CO,IFA,IFA_01,IFA,,08123,24540,,"IFA Denver-Aurora-Centennial, CO",0.0,no cell in the extract: territory at zero opportunity
ifa_mw_ksmoco_k2,80653,ifa,CO,IFA,IFA_01,IFA,,08087,22820,0839160,"IFA Denver-Aurora-Centennial, CO",0.0,no cell in the extract: territory at zero opportunity
ifa_mw_ksmoco_k2,80654,ifa,CO,IFA,IFA_01,IFA,,08087,22820,0884770,"IFA Denver-Aurora-Centennial, CO",0.0,no cell in the extract: territory at zero opportunity
ifa_mw_ksmoco_k2,80701,ifa,CO,IFA,IFA_01,IFA,,08087,22820,0827810,"IFA Denver-Aurora-Centennial, CO",0.298901,
ifa_mw_ksmoco_k2,80705,ifa,CO,IFA,IFA_01,IFA,,08087,22820,0845695,"IFA Denver-Aurora-Centennial, CO",0.0,no cell in the extract: territory at zero opportunity
ifa_mw_ksmoco_k2,80720,ifa,CO,IFA,IFA_01,IFA,,08121,,0800925,"IFA Denver-Aurora-Centennial, CO",0.0,no cell in the extract: territory at zero opportunity
ifa_mw_ksmoco_k2,80721,ifa,CO,IFA,IFA_01,IFA,,08095,,0801915,"IFA Denver-Aurora-Centennial, CO",0.0,no cell in the extract: territory at zero opportunity
ifa_mw_ksmoco_k2,80722,ifa,CO,IFA,IFA_01,IFA,,08075,44540,0803840,"IFA Denver-Aurora-Centennial, CO",0.0,no cell in the extract: territory at zero opportunity
ifa_mw_ksmoco_k2,80723,ifa,CO,IFA,IFA_01,IFA,,08087,22820,0809555,"IFA Denver-Aurora-Centennial, CO",0.788543,
ifa_mw_ksmoco_k2,80726,ifa,CO,IFA,IFA_01,IFA,,08075,44540,0818640,"IFA Denver-Aurora-Centennial, CO",0.0,no cell in the extract: territory at zero opportunity
ifa_mw_ksmoco_k2,80727,ifa,CO,IFA,IFA_01,IFA,,08125,,0823025,"IFA Denver-Aurora-Centennial, CO",0.0,no cell in the extract: territory at zero opportunity
ifa_mw_ksmoco_k2,80728,ifa,CO,IFA,IFA_01,IFA,,08075,44540,0826875,"IFA Denver-Aurora-Centennial, CO",0.0,no cell in the extract: territory at zero opportunity
ifa_mw_ksmoco_k2,80729,ifa,CO,IFA,IFA_01,IFA,,08123,24540,0833310,"IFA Denver-Aurora-Centennial, CO",0.0,no cell in the extract: territory at zero opportunity
ifa_mw_ksmoco_k2,80731,ifa,CO,IFA,IFA_01,IFA,,08095,,0834960,"IFA Denver-Aurora-Centennial, CO",0.0,no cell in the extract: territory at zero opportunity
ifa_mw_ksmoco_k2,80732,ifa,CO,IFA,IFA_01,IFA,,08123,24540,,"IFA Denver-Aurora-Centennial, CO",0.0,no cell in the extract: territory at zero opportunity
ifa_mw_ksmoco_k2,80733,ifa,CO,IFA,IFA_01,IFA,,08087,22820,0836610,"IFA Denver-Aurora-Centennial, CO",0.0,no cell in the extract: territory at zero opportunity
ifa_mw_ksmoco_k2,80734,ifa,CO,IFA,IFA_01,IFA,,08095,,0837270,"IFA Denver-Aurora-Centennial, CO",0.0,no cell in the extract: territory at zero opportunity
ifa_mw_ksmoco_k2,80735,ifa,CO,IFA,IFA_01,IFA,,08125,,0838425,"IFA Denver-Aurora-Centennial, CO",0.0,no cell in the extract: territory at zero opportunity
ifa_mw_ksmoco_k2,80736,ifa,CO,IFA,IFA_01,IFA,,08075,44540,0838590,"IFA Denver-Aurora-Centennial, CO",0.0,no cell in the extract: territory at zero opportunity
ifa_mw_ksmoco_k2,80737,ifa,CO,IFA,IFA_01,IFA,,08115,,0839965,"IFA Denver-Aurora-Centennial, CO",0.0,no cell in the extract: territory at zero opportunity
ifa_mw_ksmoco_k2,80740,ifa,CO,IFA,IFA_01,IFA,,08121,,,"IFA Denver-Aurora-Centennial, CO",0.0,no cell in the extract: territory at zero opportunity
ifa_mw_ksmoco_k2,80741,ifa,CO,IFA,IFA_01,IFA,,08075,44540,0850040,"IFA Denver-Aurora-Centennial, CO",0.0,no cell in the extract: territory at zero opportunity
ifa_mw_ksmoco_k2,80742,ifa,CO,IFA,IFA_01,IFA,,08123,24540,0863045,"IFA Denver-Aurora-Centennial, CO",0.0,no cell in the extract: territory at zero opportunity
ifa_mw_ksmoco_k2,80743,ifa,CO,IFA,IFA_01,IFA,,08121,,0856365,"IFA Denver-Aurora-Centennial, CO",0.0,no cell in the extract: territory at zero opportunity
ifa_mw_ksmoco_k2,80744,ifa,CO,IFA,IFA_01,IFA,,08115,,0856475,"IFA Denver-Aurora-Centennial, CO",0.0,no cell in the extract: territory at zero opportunity
ifa_mw_ksmoco_k2,80745,ifa,CO,IFA,IFA_01,IFA,,08075,44540,0856695,"IFA Denver-Aurora-Centennial, CO",0.0,no cell in the extract: territory at zero opportunity
ifa_mw_ksmoco_k2,80746,ifa,CO,IFA,IFA_01,IFA,,08095,,0857245,"IFA Denver-Aurora-Centennial, CO",0.0,no cell in the extract: territory at zero opportunity
ifa_mw_ksmoco_k2,80747,ifa,CO,IFA,IFA_01,IFA,,08075,44540,0858235,"IFA Denver-Aurora-Centennial, CO",0.0,no cell in the extract: territory at zero opportunity
ifa_mw_ksmoco_k2,80749,ifa,CO,IFA,IFA_01,IFA,,08115,,0868930,"IFA Denver-Aurora-Centennial, CO",0.0,no cell in the extract: territory at zero opportunity
ifa_mw_ksmoco_k2,80750,ifa,CO,IFA,IFA_01,IFA,,08087,22820,0871790,"IFA Denver-Aurora-Centennial, CO",0.0,no cell in the extract: territory at zero opportunity
ifa_mw_ksmoco_k2,80751,ifa,CO,IFA,IFA_01,IFA,,08075,44540,0873935,"IFA Denver-Aurora-Centennial, CO",0.135002,
ifa_mw_ksmoco_k2,80754,ifa,CO,IFA,IFA_01,IFA,,08123,24540,,"IFA Denver-Aurora-Centennial, CO",0.0,no cell in the extract: territory at zero opportunity
ifa_mw_ksmoco_k2,80755,ifa,CO,IFA,IFA_01,IFA,,08125,,0880755,"IFA Denver-Aurora-Centennial, CO",0.0,no cell in the extract: territory at zero opportunity
ifa_mw_ksmoco_k2,80757,ifa,CO,IFA,IFA_01,IFA,,08121,,,"IFA Denver-Aurora-Centennial, CO",0.0,no cell in the extract: territory at zero opportunity
ifa_mw_ksmoco_k2,80758,ifa,CO,IFA,IFA_01,IFA,,08125,,0886310,"IFA Denver-Aurora-Centennial, CO",0.0,no cell in the extract: territory at zero opportunity
ifa_mw_ksmoco_k2,80759,ifa,CO,IFA,IFA_01,IFA,,08125,,0886750,"IFA Denver-Aurora-Centennial, CO",0.0,no cell in the extract: territory at zero opportunity
ifa_mw_ksmoco_k2,80801,ifa,CO,IFA,IFA_01,IFA,,08121,,,"IFA Denver-Aurora-Centennial, CO",0.0,no cell in the extract: territory at zero opportunity
ifa_mw_ksmoco_k2,80802,ifa,CO,IFA,IFA_01,IFA,,08017,,0802850,"IFA Denver-Aurora-Centennial, CO",0.0,no cell in the extract: territory at zero opportunity
ifa_mw_ksmoco_k2,80804,ifa,CO,IFA,IFA_01,IFA,,08073,,0803235,"IFA Denver-Aurora-Centennial, CO",0.0,no cell in the extract: territory at zero opportunity
ifa_mw_ksmoco_k2,80805,ifa,CO,IFA,IFA_01,IFA,,08063,,0806530,"IFA Denver-Aurora-Centennial, CO",0.0,no cell in the extract: territory at zero opportunity
ifa_mw_ksmoco_k2,80807,ifa,CO,IFA,IFA_01,IFA,,08063,,0810600,"IFA Denver-Aurora-Centennial, CO",0.0,no cell in the extract: territory at zero opportunity
ifa_mw_ksmoco_k2,80808,ifa,CO,IFA,IFA_01,IFA,,08041,17820,0824235,"IFA Denver-Aurora-Centennial, CO",0.0,no cell in the extract: territory at zero opportunity
ifa_mw_ksmoco_k2,80809,ifa,CO,IFA,IFA_01,IFA,,08041,17820,0812325,"IFA Denver-Aurora-Centennial, CO",0.0,no cell in the extract: territory at zero opportunity
ifa_mw_ksmoco_k2,80810,ifa,CO,IFA,IFA_01,IFA,,08017,,0814175,"IFA Denver-Aurora-Centennial, CO",0.0,no cell in the extract: territory at zero opportunity
ifa_mw_ksmoco_k2,80812,ifa,CO,IFA,IFA_01,IFA,,08121,,0817100,"IFA Denver-Aurora-Centennial, CO",0.0,no cell in the extract: territory at zero opportunity
ifa_mw_ksmoco_k2,80813,ifa,CO,IFA,IFA_01,IFA,,08119,17820,0818530,"IFA Denver-Aurora-Centennial, CO",0.0,no cell in the extract: territory at zero opportunity
ifa_mw_ksmoco_k2,80814,ifa,CO,IFA,IFA_01,IFA,,08119,17820,0850380,"IFA Denver-Aurora-Centennial, CO",0.0,no cell in the extract: territory at zero opportunity
ifa_mw_ksmoco_k2,80815,ifa,CO,IFA,IFA_01,IFA,,08063,,0826765,"IFA Denver-Aurora-Centennial, CO",0.0,no cell in the extract: territory at zero opportunity
ifa_mw_ksmoco_k2,80816,ifa,CO,IFA,IFA_01,IFA,,08119,17820,0827095,"IFA Denver-Aurora-Centennial, CO",0.0,no cell in the extract: territory at zero opportunity
ifa_mw_ksmoco_k2,80817,ifa,CO,IFA,IFA_01,IFA,,08041,17820,0827865,"IFA Denver-Aurora-Centennial, CO",0.0,no cell in the extract: territory at zero opportunity
ifa_mw_ksmoco_k2,80818,ifa,CO,IFA,IFA_01,IFA,,08073,,0829680,"IFA Denver-Aurora-Centennial, CO",0.0,no cell in the extract: territory at zero opportunity
ifa_mw_ksmoco_k2,80819,ifa,CO,IFA,IFA_01,IFA,,08041,17820,0812325,"IFA Denver-Aurora-Centennial, CO",0.0,no cell in the extract: territory at zero opportunity
ifa_mw_ksmoco_k2,80820,ifa,CO,IFA,IFA_01,IFA,,08093,19740,0833420,"IFA Denver-Aurora-Centennial, CO",0.0,no cell in the extract: territory at zero opportunity
ifa_mw_ksmoco_k2,80821,ifa,CO,IFA,IFA_01,IFA,,08073,,0837875,"IFA Denver-Aurora-Centennial, CO",0.0,no cell in the extract: territory at zero opportunity
ifa_mw_ksmoco_k2,80822,ifa,CO,IFA,IFA_01,IFA,,08125,,0839745,"IFA Denver-Aurora-Centennial, CO",0.0,no cell in the extract: territory at zero opportunity
ifa_mw_ksmoco_k2,80823,ifa,CO,IFA,IFA_01,IFA,,08073,,,"IFA Denver-Aurora-Centennial, CO",0.0,no cell in the extract: territory at zero opportunity
ifa_mw_ksmoco_k2,80824,ifa,CO,IFA,IFA_01,IFA,,08125,,0840900,"IFA Denver-Aurora-Centennial, CO",0.0,no cell in the extract: territory at zero opportunity
ifa_mw_ksmoco_k2,80825,ifa,CO,IFA,IFA_01,IFA,,08017,,0841010,"IFA Denver-Aurora-Centennial, CO",0.0,no cell in the extract: territory at zero opportunity
ifa_mw_ksmoco_k2,80826,ifa,CO,IFA,IFA_01,IFA,,08073,,,"IFA Denver-Aurora-Centennial, CO",0.0,no cell in the extract: territory at zero opportunity
ifa_mw_ksmoco_k2,80827,ifa,CO,IFA,IFA_01,IFA,,08093,19740,,"IFA Denver-Aurora-Centennial, CO",0.0,no cell in the extract: territory at zero opportunity
ifa_mw_ksmoco_k2,80828,ifa,CO,IFA,IFA_01,IFA,,08073,,0844980,"IFA Denver-Aurora-Centennial, CO",3.01616,
ifa_mw_ksmoco_k2,80829,ifa,CO,IFA,IFA_01,IFA,,08041,17820,0848445,"IFA Denver-Aurora-Centennial, CO",0.0,no cell in the extract: territory at zero opportunity
ifa_mw_ksmoco_k2,80830,ifa,CO,IFA,IFA_01,IFA,,08039,19740,0849215,"IFA Denver-Aurora-Centennial, CO",0.0,no cell in the extract: territory at zero opportunity
ifa_mw_ksmoco_k2,80831,ifa,CO,IFA,IFA_01,IFA,,08041,17820,0816000,"IFA Denver-Aurora-Centennial, CO",0.0,no cell in the extract: territory at zero opportunity
ifa_mw_ksmoco_k2,80832,ifa,CO,IFA,IFA_01,IFA,,08039,19740,0862660,"IFA Denver-Aurora-Centennial, CO",0.0,no cell in the extract: territory at zero opportunity
ifa_mw_ksmoco_k2,80833,ifa,CO,IFA,IFA_01,IFA,,08073,,,"IFA Denver-Aurora-Centennial, CO",0.0,no cell in the extract: territory at zero opportunity
ifa_mw_ksmoco_k2,80834,ifa,CO,IFA,IFA_01,IFA,,08063,,0869040,"IFA Denver-Aurora-Centennial, CO",0.0,no cell in the extract: territory at zero opportunity
ifa_mw_ksmoco_k2,80835,ifa,CO,IFA,IFA_01,IFA,,08039,19740,0870635,"IFA Denver-Aurora-Centennial, CO",0.0,no cell in the extract: territory at zero opportunity
ifa_mw_ksmoco_k2,80836,ifa,CO,IFA,IFA_01,IFA,,08063,,0874485,"IFA Denver-Aurora-Centennial, CO",0.0,no cell in the extract: territory at zero opportunity
ifa_mw_ksmoco_k2,80840,ifa,CO,IFA,IFA_01,IFA,,08041,17820,0800870,"IFA Denver-Aurora-Centennial, CO",0.0,no cell in the extract: territory at zero opportunity
ifa_mw_ksmoco_k2,80860,ifa,CO,IFA,IFA_01,IFA,,08119,17820,0880865,"IFA Denver-Aurora-Centennial, CO",0.0,no cell in the extract: territory at zero opportunity
ifa_mw_ksmoco_k2,80861,ifa,CO,IFA,IFA_01,IFA,,08063,,0881690,"IFA Denver-Aurora-Centennial, CO",0.0,no cell in the extract: territory at zero opportunity
ifa_mw_ksmoco_k2,80862,ifa,CO,IFA,IFA_01,IFA,,08017,,,"IFA Denver-Aurora-Centennial, CO",0.0,no cell in the extract: territory at zero opportunity
ifa_mw_ksmoco_k2,80863,ifa,CO,IFA,IFA_01,IFA,,08119,17820,0886090,"IFA Denver-Aurora-Centennial, CO",0.253049,
ifa_mw_ksmoco_k2,80864,ifa,CO,IFA,IFA_01,IFA,,08041,17820,,"IFA Denver-Aurora-Centennial, CO",0.0,no cell in the extract: territory at zero opportunity
ifa_mw_ksmoco_k2,80902,ifa,CO,IFA,IFA_01,IFA,,08041,17820,0827370,"IFA Denver-Aurora-Centennial, CO",0.0,no cell in the extract: territory at zero opportunity
ifa_mw_ksmoco_k2,80903,ifa,CO,IFA,IFA_01,IFA,,08041,17820,0816000,"IFA Denver-Aurora-Centennial, CO",18.1,
ifa_mw_ksmoco_k2,80904,ifa,CO,IFA,IFA_01,IFA,,08041,17820,0816000,"IFA Denver-Aurora-Centennial, CO",1.21306,
ifa_mw_ksmoco_k2,80905,ifa,CO,IFA,IFA_01,IFA,,08041,17820,0816000,"IFA Denver-Aurora-Centennial, CO",0.0299331,
ifa_mw_ksmoco_k2,80906,ifa,CO,IFA,IFA_01,IFA,,08041,17820,0816000,"IFA Denver-Aurora-Centennial, CO",3.4853,
ifa_mw_ksmoco_k2,80907,ifa,CO,IFA,IFA_01,IFA,,08041,17820,0816000,"IFA Denver-Aurora-Centennial, CO",0.478764,
ifa_mw_ksmoco_k2,80908,ifa,CO,IFA,IFA_01,IFA,,08041,17820,0806970,"IFA Denver-Aurora-Centennial, CO",0.00989938,
ifa_mw_ksmoco_k2,80909,ifa,CO,IFA,IFA_01,IFA,,08041,17820,0816000,"IFA Denver-Aurora-Centennial, CO",3.37831,
ifa_mw_ksmoco_k2,80910,ifa,CO,IFA,IFA_01,IFA,,08041,17820,0816000,"IFA Denver-Aurora-Centennial, CO",0.0,no cell in the extract: territory at zero opportunity
ifa_mw_ksmoco_k2,80911,ifa,CO,IFA,IFA_01,IFA,,08041,17820,0868847,"IFA Denver-Aurora-Centennial, CO",0.0,no cell in the extract: territory at zero opportunity
ifa_mw_ksmoco_k2,80913,ifa,CO,IFA,IFA_01,IFA,,08041,17820,0827370,"IFA Denver-Aurora-Centennial, CO",0.0,no cell in the extract: territory at zero opportunity
ifa_mw_ksmoco_k2,80914,ifa,CO,IFA,IFA_01,IFA,,08041,17820,0816000,"IFA Denver-Aurora-Centennial, CO",0.0,no cell in the extract: territory at zero opportunity
ifa_mw_ksmoco_k2,80915,ifa,CO,IFA,IFA_01,IFA,,08041,17820,0814587,"IFA Denver-Aurora-Centennial, CO",0.0542479,
ifa_mw_ksmoco_k2,80916,ifa,CO,IFA,IFA_01,IFA,,08041,17820,0816000,"IFA Denver-Aurora-Centennial, CO",0.0,no cell in the extract: territory at zero opportunity
ifa_mw_ksmoco_k2,80917,ifa,CO,IFA,IFA_01,IFA,,08041,17820,0816000,"IFA Denver-Aurora-Centennial, CO",10.5672,
ifa_mw_ksmoco_k2,80918,ifa,CO,IFA,IFA_01,IFA,,08041,17820,0816000,"IFA Denver-Aurora-Centennial, CO",12.8546,
ifa_mw_ksmoco_k2,80919,ifa,CO,IFA,IFA_01,IFA,,08041,17820,0816000,"IFA Denver-Aurora-Centennial, CO",29.2151,
ifa_mw_ksmoco_k2,80920,ifa,CO,IFA,IFA_01,IFA,,08041,17820,0816000,"IFA Denver-Aurora-Centennial, CO",4.01402,
ifa_mw_ksmoco_k2,80921,ifa,CO,IFA,IFA_01,IFA,,08041,17820,0816000,"IFA Denver-Aurora-Centennial, CO",14.9185,
ifa_mw_ksmoco_k2,80922,ifa,CO,IFA,IFA_01,IFA,,08041,17820,0816000,"IFA Denver-Aurora-Centennial, CO",0.0,no cell in the extract: territory at zero opportunity
ifa_mw_ksmoco_k2,80923,ifa,CO,IFA,IFA_01,IFA,,08041,17820,0816000,"IFA Denver-Aurora-Centennial, CO",0.0,no cell in the extract: territory at zero opportunity
ifa_mw_ksmoco_k2,80924,ifa,CO,IFA,IFA_01,IFA,,08041,17820,0816000,"IFA Denver-Aurora-Centennial, CO",0.443268,
ifa_mw_ksmoco_k2,80925,ifa,CO,IFA,IFA_01,IFA,,08041,17820,0816000,"IFA Denver-Aurora-Centennial, CO",0.0,no cell in the extract: territory at zero opportunity
ifa_mw_ksmoco_k2,80926,ifa,CO,IFA,IFA_01,IFA,,08041,17820,0816000,"IFA Denver-Aurora-Centennial, CO",0.0,no cell in the extract: territory at zero opportunity
ifa_mw_ksmoco_k2,80927,ifa,CO,IFA,IFA_01,IFA,,08041,17820,0816000,"IFA Denver-Aurora-Centennial, CO",0.0,no cell in the extract: territory at zero opportunity
ifa_mw_ksmoco_k2,80928,ifa,CO,IFA,IFA_01,IFA,,08041,17820,0827865,"IFA Denver-Aurora-Centennial, CO",0.0,no cell in the extract: territory at zero opportunity
ifa_mw_ksmoco_k2,80929,ifa,CO,IFA,IFA_01,IFA,,08041,17820,0816000,"IFA Denver-Aurora-Centennial, CO",0.0,no cell in the extract: territory at zero opportunity
ifa_mw_ksmoco_k2,80930,ifa,CO,IFA,IFA_01,IFA,,08041,17820,,"IFA Denver-Aurora-Centennial, CO",0.0,no cell in the extract: territory at zero opportunity
ifa_mw_ksmoco_k2,80938,ifa,CO,IFA,IFA_01,IFA,,08041,17820,0816000,"IFA Denver-Aurora-Centennial, CO",0.0,no cell in the extract: territory at zero opportunity
ifa_mw_ksmoco_k2,80939,ifa,CO,IFA,IFA_01,IFA,,08041,17820,0816000,"IFA Denver-Aurora-Centennial, CO",0.0,no cell in the extract: territory at zero opportunity
ifa_mw_ksmoco_k2,80951,ifa,CO,IFA,IFA_01,IFA,,08041,17820,0816000,"IFA Denver-Aurora-Centennial, CO",0.0,no cell in the extract: territory at zero opportunity
ifa_mw_ksmoco_k2,81001,ifa,CO,IFA,IFA_01,IFA,,08101,39380,0862000,"IFA Denver-Aurora-Centennial, CO",0.0,no cell in the extract: territory at zero opportunity
ifa_mw_ksmoco_k2,81003,ifa,CO,IFA,IFA_01,IFA,,08101,39380,0862000,"IFA Denver-Aurora-Centennial, CO",2.06087,
ifa_mw_ksmoco_k2,81004,ifa,CO,IFA,IFA_01,IFA,,08101,39380,0862000,"IFA Denver-Aurora-Centennial, CO",0.0,no cell in the extract: territory at zero opportunity
ifa_mw_ksmoco_k2,81005,ifa,CO,IFA,IFA_01,IFA,,08101,39380,0862000,"IFA Denver-Aurora-Centennial, CO",0.0,no cell in the extract: territory at zero opportunity
ifa_mw_ksmoco_k2,81006,ifa,CO,IFA,IFA_01,IFA,,08101,39380,0862000,"IFA Denver-Aurora-Centennial, CO",0.0,no cell in the extract: territory at zero opportunity
ifa_mw_ksmoco_k2,81007,ifa,CO,IFA,IFA_01,IFA,,08101,39380,0862220,"IFA Denver-Aurora-Centennial, CO",0.783804,
ifa_mw_ksmoco_k2,81008,ifa,CO,IFA,IFA_01,IFA,,08101,39380,0862000,"IFA Denver-Aurora-Centennial, CO",0.132825,
ifa_mw_ksmoco_k2,81019,ifa,CO,IFA,IFA_01,IFA,,08101,39380,0815935,"IFA Denver-Aurora-Centennial, CO",0.0,no cell in the extract: territory at zero opportunity
ifa_mw_ksmoco_k2,81020,ifa,CO,IFA,IFA_01,IFA,,08071,,0847015,"IFA Denver-Aurora-Centennial, CO",0.0,no cell in the extract: territory at zero opportunity
ifa_mw_ksmoco_k2,81021,ifa,CO,IFA,IFA_01,IFA,,08061,,,"IFA Denver-Aurora-Centennial, CO",0.0,no cell in the extract: territory at zero opportunity
ifa_mw_ksmoco_k2,81022,ifa,CO,IFA,IFA_01,IFA,,08101,39380,0804165,"IFA Denver-Aurora-Centennial, CO",0.0,no cell in the extract: territory at zero opportunity
ifa_mw_ksmoco_k2,81023,ifa,CO,IFA,IFA_01,IFA,,08101,39380,0806602,"IFA Denver-Aurora-Centennial, CO",0.0,no cell in the extract: territory at zero opportunity
ifa_mw_ksmoco_k2,81024,ifa,CO,IFA,IFA_01,IFA,,08071,,,"IFA Denver-Aurora-Centennial, CO",0.0,no cell in the extract: territory at zero opportunity
ifa_mw_ksmoco_k2,81025,ifa,CO,IFA,IFA_01,IFA,,08101,39380,0807795,"IFA Denver-Aurora-Centennial, CO",0.0,no cell in the extract: territory at zero opportunity
ifa_mw_ksmoco_k2,81027,ifa,CO,IFA,IFA_01,IFA,,08071,,0808345,"IFA Denver-Aurora-Centennial, CO",0.0,no cell in the extract: territory at zero opportunity
ifa_mw_ksmoco_k2,81029,ifa,CO,IFA,IFA_01,IFA,,08009,,0811645,"IFA Denver-Aurora-Centennial, CO",0.0,no cell in the extract: territory at zero opportunity
ifa_mw_ksmoco_k2,81030,ifa,CO,IFA,IFA_01,IFA,,08089,,0813460,"IFA Denver-Aurora-Centennial, CO",0.0,no cell in the extract: territory at zero opportunity
ifa_mw_ksmoco_k2,81033,ifa,CO,IFA,IFA_01,IFA,,08025,,0818750,"IFA Denver-Aurora-Centennial, CO",0.0,no cell in the extract: territory at zero opportunity
ifa_mw_ksmoco_k2,81036,ifa,CO,IFA,IFA_01,IFA,,08061,,0822145,"IFA Denver-Aurora-Centennial, CO",0.0,no cell in the extract: territory at zero opportunity
ifa_mw_ksmoco_k2,81039,ifa,CO,IFA,IFA_01,IFA,,08101,39380,0827975,"IFA Denver-Aurora-Centennial, CO",0.0,no cell in the extract: territory at zero opportunity
ifa_mw_ksmoco_k2,81040,ifa,CO,IFA,IFA_01,IFA,,08055,,0829240,"IFA Denver-Aurora-Centennial, CO",0.0,no cell in the extract: territory at zero opportunity
ifa_mw_ksmoco_k2,81041,ifa,CO,IFA,IFA_01,IFA,,08099,,0831550,"IFA Denver-Aurora-Centennial, CO",0.0,no cell in the extract: territory at zero opportunity
ifa_mw_ksmoco_k2,81043,ifa,CO,IFA,IFA_01,IFA,,08099,,0834520,"IFA Denver-Aurora-Centennial, CO",0.0,no cell in the extract: territory at zero opportunity
ifa_mw_ksmoco_k2,81044,ifa,CO,IFA,IFA_01,IFA,,08011,,0834685,"IFA Denver-Aurora-Centennial, CO",0.0,no cell in the extract: territory at zero opportunity
ifa_mw_ksmoco_k2,81045,ifa,CO,IFA,IFA_01,IFA,,08061,,0834740,"IFA Denver-Aurora-Centennial, CO",0.0,no cell in the extract: territory at zero opportunity
ifa_mw_ksmoco_k2,81046,ifa,CO,IFA,IFA_01,IFA,,08071,,0836940,"IFA Denver-Aurora-Centennial, CO",0.0,no cell in the extract: territory at zero opportunity
ifa_mw_ksmoco_k2,81047,ifa,CO,IFA,IFA_01,IFA,,08099,,0837215,"IFA Denver-Aurora-Centennial, CO",0.0,no cell in the extract: territory at zero opportunity
ifa_mw_ksmoco_k2,81049,ifa,CO,IFA,IFA_01,IFA,,08071,,0840570,"IFA Denver-Aurora-Centennial, CO",0.0,no cell in the extract: territory at zero opportunity
ifa_mw_ksmoco_k2,81050,ifa,CO,IFA,IFA_01,IFA,,08089,,0842110,"IFA Denver-Aurora-Centennial, CO",0.0,no cell in the extract: territory at zero opportunity
ifa_mw_ksmoco_k2,81052,ifa,CO,IFA,IFA_01,IFA,,08099,,0843110,"IFA Denver-Aurora-Centennial, CO",0.907548,
ifa_mw_ksmoco_k2,81054,ifa,CO,IFA,IFA_01,IFA,,08011,,0843660,"IFA Denver-Aurora-Centennial, CO",0.0,no cell in the extract: territory at zero opportunity
ifa_mw_ksmoco_k2,81055,ifa,CO,IFA,IFA_01,IFA,,08055,,0844100,"IFA Denver-Aurora-Centennial, CO",0.0,no cell in the extract: territory at zero opportunity
ifa_mw_ksmoco_k2,81057,ifa,CO,IFA,IFA_01,IFA,,08011,,0847235,"IFA Denver-Aurora-Centennial, CO",0.0,no cell in the extract: territory at zero opportunity
ifa_mw_ksmoco_k2,81058,ifa,CO,IFA,IFA_01,IFA,,08089,,0848500,"IFA Denver-Aurora-Centennial, CO",0.0,no cell in the extract: territory at zero opportunity
ifa_mw_ksmoco_k2,81059,ifa,CO,IFA,IFA_01,IFA,,08071,,,"IFA Denver-Aurora-Centennial, CO",0.0,no cell in the extract: territory at zero opportunity
ifa_mw_ksmoco_k2,81062,ifa,CO,IFA,IFA_01,IFA,,08025,,0855705,"IFA Denver-Aurora-Centennial, CO",0.0,no cell in the extract: territory at zero opportunity
ifa_mw_ksmoco_k2,81063,ifa,CO,IFA,IFA_01,IFA,,08025,,0856145,"IFA Denver-Aurora-Centennial, CO",0.0,no cell in the extract: territory at zero opportunity
ifa_mw_ksmoco_k2,81064,ifa,CO,IFA,IFA_01,IFA,,08009,,0861315,"IFA Denver-Aurora-Centennial, CO",0.0,no cell in the extract: territory at zero opportunity
ifa_mw_ksmoco_k2,81067,ifa,CO,IFA,IFA_01,IFA,,08089,,0865190,"IFA Denver-Aurora-Centennial, CO",0.0,no cell in the extract: territory at zero opportunity
ifa_mw_ksmoco_k2,81069,ifa,CO,IFA,IFA_01,IFA,,08055,,0815935,"IFA Denver-Aurora-Centennial, CO",0.0,no cell in the extract: territory at zero opportunity
ifa_mw_ksmoco_k2,81071,ifa,CO,IFA,IFA_01,IFA,,08061,,0869700,"IFA Denver-Aurora-Centennial, CO",0.0,no cell in the extract: territory at zero opportunity
ifa_mw_ksmoco_k2,81073,ifa,CO,IFA,IFA_01,IFA,,08009,,0873330,"IFA Denver-Aurora-Centennial, CO",0.0,no cell in the extract: territory at zero opportunity
ifa_mw_ksmoco_k2,81076,ifa,CO,IFA,IFA_01,IFA,,08025,,0874815,"IFA Denver-Aurora-Centennial, CO",0.0,no cell in the extract: territory at zero opportunity
ifa_mw_ksmoco_k2,81077,ifa,CO,IFA,IFA_01,IFA,,08089,,0875970,"IFA Denver-Aurora-Centennial, CO",0.0,no cell in the extract: territory at zero opportunity
ifa_mw_ksmoco_k2,81081,ifa,CO,IFA,IFA_01,IFA,,08071,,0808345,"IFA Denver-Aurora-Centennial, CO",0.0,no cell in the extract: territory at zero opportunity
ifa_mw_ksmoco_k2,81082,ifa,CO,IFA,IFA_01,IFA,,08071,,0824290,"IFA Denver-Aurora-Centennial, CO",0.0,no cell in the extract: territory at zero opportunity
ifa_mw_ksmoco_k2,81084,ifa,CO,IFA,IFA_01,IFA,,08009,,0879270,"IFA Denver-Aurora-Centennial, CO",0.0,no cell in the extract: territory at zero opportunity
ifa_mw_ksmoco_k2,81087,ifa,CO,IFA,IFA_01,IFA,,08009,,0881030,"IFA Denver-Aurora-Centennial, CO",0.0,no cell in the extract: territory at zero opportunity
ifa_mw_ksmoco_k2,81089,ifa,CO,IFA,IFA_01,IFA,,08055,,0882350,"IFA Denver-Aurora-Centennial, CO",0.15909,
ifa_mw_ksmoco_k2,81090,ifa,CO,IFA,IFA_01,IFA,,08009,,0882460,"IFA Denver-Aurora-Centennial, CO",0.0,no cell in the extract: territory at zero opportunity
ifa_mw_ksmoco_k2,81091,ifa,CO,IFA,IFA_01,IFA,,08071,,0884000,"IFA Denver-Aurora-Centennial, CO",0.0,no cell in the extract: territory at zero opportunity
ifa_mw_ksmoco_k2,81092,ifa,CO,IFA,IFA_01,IFA,,08011,,0885045,"IFA Denver-Aurora-Centennial, CO",0.0,no cell in the extract: territory at zero opportunity
ifa_mw_ksmoco_k2,81101,ifa,CO,IFA,IFA_01,IFA,,08003,10480,0801090,"IFA Denver-Aurora-Centennial, CO",0.451442,
ifa_mw_ksmoco_k2,81120,ifa,CO,IFA,IFA_01,IFA,,08021,10480,0802355,"IFA Denver-Aurora-Centennial, CO",0.0,no cell in the extract: territory at zero opportunity
ifa_mw_ksmoco_k2,81121,ifa,CO,IFA,IFA_01,IFA,,08007,,0802905,"IFA Denver-Aurora-Centennial, CO",0.0,no cell in the extract: territory at zero opportunity
ifa_mw_ksmoco_k2,81122,ifa,CO,IFA,IFA_01,IFA,,08067,20420,0805265,"IFA Denver-Aurora-Centennial, CO",0.0,no cell in the extract: territory at zero opportunity
ifa_mw_ksmoco_k2,81123,ifa,CO,IFA,IFA_01,IFA,,08023,10480,0807190,"IFA Denver-Aurora-Centennial, CO",0.0,no cell in the extract: territory at zero opportunity
ifa_mw_ksmoco_k2,81124,ifa,CO,IFA,IFA_01,IFA,,08021,10480,0811975,"IFA Denver-Aurora-Centennial, CO",0.0,no cell in the extract: territory at zero opportunity
ifa_mw_ksmoco_k2,81125,ifa,CO,IFA,IFA_01,IFA,,08109,,0812855,"IFA Denver-Aurora-Centennial, CO",0.0,no cell in the extract: territory at zero opportunity
ifa_mw_ksmoco_k2,81126,ifa,CO,IFA,IFA_01,IFA,,08023,10480,,"IFA Denver-Aurora-Centennial, CO",0.0,no cell in the extract: territory at zero opportunity
ifa_mw_ksmoco_k2,81128,ifa,CO,IFA,IFA_01,IFA,,08007,,,"IFA Denver-Aurora-Centennial, CO",0.0,no cell in the extract: territory at zero opportunity
ifa_mw_ksmoco_k2,81129,ifa,CO,IFA,IFA_01,IFA,,08021,10480,0816715,"IFA Denver-Aurora-Centennial, CO",0.0,no cell in the extract: territory at zero opportunity
ifa_mw_ksmoco_k2,81130,ifa,CO,IFA,IFA_01,IFA,,08079,,0814765,"IFA Denver-Aurora-Centennial, CO",0.0,no cell in the extract: territory at zero opportunity
ifa_mw_ksmoco_k2,81131,ifa,CO,IFA,IFA_01,IFA,,08109,,0818420,"IFA Denver-Aurora-Centennial, CO",0.0,no cell in the extract: territory at zero opportunity
ifa_mw_ksmoco_k2,81132,ifa,CO,IFA,IFA_01,IFA,,08105,,0819795,"IFA Denver-Aurora-Centennial, CO",0.0,no cell in the extract: territory at zero opportunity
ifa_mw_ksmoco_k2,81133,ifa,CO,IFA,IFA_01,IFA,,08023,10480,0827535,"IFA Denver-Aurora-Centennial, CO",0.0,no cell in the extract: territory at zero opportunity
ifa_mw_ksmoco_k2,81136,ifa,CO,IFA,IFA_01,IFA,,08003,10480,0837380,"IFA Denver-Aurora-Centennial, CO",0.0,no cell in the extract: territory at zero opportunity
ifa_mw_ksmoco_k2,81137,ifa,CO,IFA,IFA_01,IFA,,08067,20420,0872320,"IFA Denver-Aurora-Centennial, CO",0.0,no cell in the extract: territory at zero opportunity
ifa_mw_ksmoco_k2,81138,ifa,CO,IFA,IFA_01,IFA,,08023,10480,,"IFA Denver-Aurora-Centennial, CO",0.0,no cell in the extract: territory at zero opportunity
ifa_mw_ksmoco_k2,81140,ifa,CO,IFA,IFA_01,IFA,,08021,10480,0842055,"IFA Denver-Aurora-Centennial, CO",0.0,no cell in the extract: territory at zero opportunity
ifa_mw_ksmoco_k2,81141,ifa,CO,IFA,IFA_01,IFA,,08021,10480,0848060,"IFA Denver-Aurora-Centennial, CO",0.0,no cell in the extract: territory at zero opportunity
ifa_mw_ksmoco_k2,81143,ifa,CO,IFA,IFA_01,IFA,,08109,,0851250,"IFA Denver-Aurora-Centennial, CO",0.0,no cell in the extract: territory at zero opportunity
ifa_mw_ksmoco_k2,81144,ifa,CO,IFA,IFA_01,IFA,,08105,,0851635,"IFA Denver-Aurora-Centennial, CO",17.4182,
ifa_mw_ksmoco_k2,81146,ifa,CO,IFA,IFA_01,IFA,,08003,10480,,"IFA Denver-Aurora-Centennial, CO",0.0,no cell in the extract: territory at zero opportunity
ifa_mw_ksmoco_k2,81147,ifa,CO,IFA,IFA_01,IFA,,08007,,0858960,"IFA Denver-Aurora-Centennial, CO",0.0,no cell in the extract: territory at zero opportunity
ifa_mw_ksmoco_k2,81148,ifa,CO,IFA,IFA_01,IFA,,08021,10480,0865740,"IFA Denver-Aurora-Centennial, CO",0.0,no cell in the extract: territory at zero opportunity
ifa_mw_ksmoco_k2,81149,ifa,CO,IFA,IFA_01,IFA,,08109,,0867005,"IFA Denver-Aurora-Centennial, CO",0.0,no cell in the extract: territory at zero opportunity
ifa_mw_ksmoco_k2,81151,ifa,CO,IFA,IFA_01,IFA,,08023,10480,0867830,"IFA Denver-Aurora-Centennial, CO",0.0,no cell in the extract: territory at zero opportunity
ifa_mw_ksmoco_k2,81152,ifa,CO,IFA,IFA_01,IFA,,08023,10480,0868105,"IFA Denver-Aurora-Centennial, CO",0.0,no cell in the extract: territory at zero opportunity
ifa_mw_ksmoco_k2,81154,ifa,CO,IFA,IFA_01,IFA,,08105,,0872395,"IFA Denver-Aurora-Centennial, CO",0.0,no cell in the extract: territory at zero opportunity
ifa_mw_ksmoco_k2,81155,ifa,CO,IFA,IFA_01,IFA,,08109,,0807571,"IFA Denver-Aurora-Centennial, CO",0.0,no cell in the extract: territory at zero opportunity
ifa_mw_ksmoco_k2,81201,ifa,CO,IFA,IFA_01,IFA,,08015,,0849490,"IFA Denver-Aurora-Centennial, CO",0.0,no cell in the extract: territory at zero opportunity
ifa_mw_ksmoco_k2,81210,ifa,CO,IFA,IFA_01,IFA,,08051,,,"IFA Denver-Aurora-Centennial, CO",0.0,no cell in the extract: territory at zero opportunity
ifa_mw_ksmoco_k2,81211,ifa,CO,IFA,IFA_01,IFA,,08015,,0810105,"IFA Denver-Aurora-Centennial, CO",0.0878947,
ifa_mw_ksmoco_k2,81212,ifa,CO,IFA,IFA_01,IFA,,08043,15860,0811810,"IFA Denver-Aurora-Centennial, CO",0.687345,
ifa_mw_ksmoco_k2,81220,ifa,CO,IFA,IFA_01,IFA,,08051,,,"IFA Denver-Aurora-Centennial, CO",0.0,no cell in the extract: territory at zero opportunity
ifa_mw_ksmoco_k2,81221,ifa,CO,IFA,IFA_01,IFA,,08043,15860,0815330,"IFA Denver-Aurora-Centennial, CO",0.0,no cell in the extract: territory at zero opportunity
ifa_mw_ksmoco_k2,81222,ifa,CO,IFA,IFA_01,IFA,,08043,15860,0815440,"IFA Denver-Aurora-Centennial, CO",0.0,no cell in the extract: territory at zero opportunity
ifa_mw_ksmoco_k2,81223,ifa,CO,IFA,IFA_01,IFA,,08043,15860,0815440,"IFA Denver-Aurora-Centennial, CO",0.0,no cell in the extract: territory at zero opportunity
ifa_mw_ksmoco_k2,81224,ifa,CO,IFA,IFA_01,IFA,,08051,,0818310,"IFA Denver-Aurora-Centennial, CO",0.0,no cell in the extract: territory at zero opportunity
ifa_mw_ksmoco_k2,81225,ifa,CO,IFA,IFA_01,IFA,,08051,,0852570,"IFA Denver-Aurora-Centennial, CO",0.0,no cell in the extract: territory at zero opportunity
ifa_mw_ksmoco_k2,81226,ifa,CO,IFA,IFA_01,IFA,,08043,15860,0827040,"IFA Denver-Aurora-Centennial, CO",0.0,no cell in the extract: territory at zero opportunity
ifa_mw_ksmoco_k2,81227,ifa,CO,IFA,IFA_01,IFA,,08015,,0829295,"IFA Denver-Aurora-Centennial, CO",0.0,no cell in the extract: territory at zero opportunity
ifa_mw_ksmoco_k2,81228,ifa,CO,IFA,IFA_01,IFA,,08015,,,"IFA Denver-Aurora-Centennial, CO",0.0,no cell in the extract: territory at zero opportunity
ifa_mw_ksmoco_k2,81230,ifa,CO,IFA,IFA_01,IFA,,08051,,0833640,"IFA Denver-Aurora-Centennial, CO",0.175613,
ifa_mw_ksmoco_k2,81232,ifa,CO,IFA,IFA_01,IFA,,08043,15860,,"IFA Denver-Aurora-Centennial, CO",0.0,no cell in the extract: territory at zero opportunity
ifa_mw_ksmoco_k2,81233,ifa,CO,IFA,IFA_01,IFA,,08043,15860,0837655,"IFA Denver-Aurora-Centennial, CO",0.0,no cell in the extract: territory at zero opportunity
ifa_mw_ksmoco_k2,81235,ifa,CO,IFA,IFA_01,IFA,,08053,,0812450,"IFA Denver-Aurora-Centennial, CO",0.0,no cell in the extract: territory at zero opportunity
ifa_mw_ksmoco_k2,81236,ifa,CO,IFA,IFA_01,IFA,,08015,,0853010,"IFA Denver-Aurora-Centennial, CO",0.0,no cell in the extract: territory at zero opportunity
ifa_mw_ksmoco_k2,81237,ifa,CO,IFA,IFA_01,IFA,,08051,,,"IFA Denver-Aurora-Centennial, CO",0.0,no cell in the extract: territory at zero opportunity
ifa_mw_ksmoco_k2,81239,ifa,CO,IFA,IFA_01,IFA,,08051,,,"IFA Denver-Aurora-Centennial, CO",0.0,no cell in the extract: territory at zero opportunity
ifa_mw_ksmoco_k2,81240,ifa,CO,IFA,IFA_01,IFA,,08043,15860,0858400,"IFA Denver-Aurora-Centennial, CO",0.0,no cell in the extract: territory at zero opportunity
ifa_mw_ksmoco_k2,81241,ifa,CO,IFA,IFA_01,IFA,,08051,,0859830,"IFA Denver-Aurora-Centennial, CO",0.0,no cell in the extract: territory at zero opportunity
ifa_mw_ksmoco_k2,81242,ifa,CO,IFA,IFA_01,IFA,,08015,,0860600,"IFA Denver-Aurora-Centennial, CO",0.0,no cell in the extract: territory at zero opportunity
ifa_mw_ksmoco_k2,81243,ifa,CO,IFA,IFA_01,IFA,,08051,,,"IFA Denver-Aurora-Centennial, CO",0.0,no cell in the extract: territory at zero opportunity
ifa_mw_ksmoco_k2,81244,ifa,CO,IFA,IFA_01,IFA,,08043,15860,0864970,"IFA Denver-Aurora-Centennial, CO",0.0,no cell in the extract: territory at zero opportunity
ifa_mw_ksmoco_k2,81248,ifa,CO,IFA,IFA_01,IFA,,08109,,,"IFA Denver-Aurora-Centennial, CO",0.0,no cell in the extract: territory at zero opportunity
ifa_mw_ksmoco_k2,81251,ifa,CO,IFA,IFA_01,IFA,,08065,14720,0879105,"IFA Denver-Aurora-Centennial, CO",0.0,no cell in the extract: territory at zero opportunity
ifa_mw_ksmoco_k2,81252,ifa,CO,IFA,IFA_01,IFA,,08027,,0870250,"IFA Denver-Aurora-Centennial, CO",1.38246,
ifa_mw_ksmoco_k2,81253,ifa,CO,IFA,IFA_01,IFA,,08027,,,"IFA Denver-Aurora-Centennial, CO",0.0,no cell in the extract: territory at zero opportunity
ifa_mw_ksmoco_k2,81301,ifa,CO,IFA,IFA_01,IFA,,08067,20420,0822035,"IFA Denver-Aurora-Centennial, CO",6.4266,
ifa_mw_ksmoco_k2,81303,ifa,CO,IFA,IFA_01,IFA,,08067,20420,0822035,"IFA Denver-Aurora-Centennial, CO",26.1804,
ifa_mw_ksmoco_k2,81320,ifa,CO,IFA,IFA_01,IFA,,08033,,,"IFA Denver-Aurora-Centennial, CO",0.0,no cell in the extract: territory at zero opportunity
ifa_mw_ksmoco_k2,81321,ifa,CO,IFA,IFA_01,IFA,,08083,,0817375,"IFA Denver-Aurora-Centennial, CO",0.0,no cell in the extract: territory at zero opportunity
ifa_mw_ksmoco_k2,81323,ifa,CO,IFA,IFA_01,IFA,,08033,,0820770,"IFA Denver-Aurora-Centennial, CO",0.0,no cell in the extract: territory at zero opportunity
ifa_mw_ksmoco_k2,81324,ifa,CO,IFA,IFA_01,IFA,,08033,,0821265,"IFA Denver-Aurora-Centennial, CO",0.0,no cell in the extract: territory at zero opportunity
ifa_mw_ksmoco_k2,81325,ifa,CO,IFA,IFA_01,IFA,,08033,,,"IFA Denver-Aurora-Centennial, CO",0.0,no cell in the extract: territory at zero opportunity
ifa_mw_ksmoco_k2,81326,ifa,CO,IFA,IFA_01,IFA,,08067,20420,0822035,"IFA Denver-Aurora-Centennial, CO",0.0,no cell in the extract: territory at zero opportunity
ifa_mw_ksmoco_k2,81327,ifa,CO,IFA,IFA_01,IFA,,08083,,0844595,"IFA Denver-Aurora-Centennial, CO",0.0,no cell in the extract: territory at zero opportunity
ifa_mw_ksmoco_k2,81328,ifa,CO,IFA,IFA_01,IFA,,08083,,0848115,"IFA Denver-Aurora-Centennial, CO",0.0,no cell in the extract: territory at zero opportunity
ifa_mw_ksmoco_k2,81330,ifa,CO,IFA,IFA_01,IFA,,08083,,,"IFA Denver-Aurora-Centennial, CO",0.0,no cell in the extract: territory at zero opportunity
ifa_mw_ksmoco_k2,81331,ifa,CO,IFA,IFA_01,IFA,,08083,,,"IFA Denver-Aurora-Centennial, CO",0.0,no cell in the extract: territory at zero opportunity
ifa_mw_ksmoco_k2,81332,ifa,CO,IFA,IFA_01,IFA,,08033,,0864090,"IFA Denver-Aurora-Centennial, CO",0.0,no cell in the extract: territory at zero opportunity
ifa_mw_ksmoco_k2,81334,ifa,CO,IFA,IFA_01,IFA,,08083,,0878280,"IFA Denver-Aurora-Centennial, CO",0.0,no cell in the extract: territory at zero opportunity
ifa_mw_ksmoco_k2,81335,ifa,CO,IFA,IFA_01,IFA,,08083,,,"IFA Denver-Aurora-Centennial, CO",0.0,no cell in the extract: territory at zero opportunity
ifa_mw_ksmoco_k2,81401,ifa,CO,IFA,IFA_01,IFA,,08085,33940,0851745,"IFA Denver-Aurora-Centennial, CO",8.21083,
ifa_mw_ksmoco_k2,81403,ifa,CO,IFA,IFA_01,IFA,,08085,33940,0851745,"IFA Denver-Aurora-Centennial, CO",0.0,no cell in the extract: territory at zero opportunity
ifa_mw_ksmoco_k2,81410,ifa,CO,IFA,IFA_01,IFA,,08029,,0855980,"IFA Denver-Aurora-Centennial, CO",0.0,no cell in the extract: territory at zero opportunity
ifa_mw_ksmoco_k2,81411,ifa,CO,IFA,IFA_01,IFA,,08085,33940,,"IFA Denver-Aurora-Centennial, CO",0.0,no cell in the extract: territory at zero opportunity
ifa_mw_ksmoco_k2,81413,ifa,CO,IFA,IFA_01,IFA,,08029,,0812635,"IFA Denver-Aurora-Centennial, CO",0.0,no cell in the extract: territory at zero opportunity
ifa_mw_ksmoco_k2,81415,ifa,CO,IFA,IFA_01,IFA,,08085,33940,0817925,"IFA Denver-Aurora-Centennial, CO",0.0,no cell in the extract: territory at zero opportunity
ifa_mw_ksmoco_k2,81416,ifa,CO,IFA,IFA_01,IFA,,08029,,0819850,"IFA Denver-Aurora-Centennial, CO",0.83047,
ifa_mw_ksmoco_k2,81418,ifa,CO,IFA,IFA_01,IFA,,08029,,0855980,"IFA Denver-Aurora-Centennial, CO",0.0,no cell in the extract: territory at zero opportunity
ifa_mw_ksmoco_k2,81419,ifa,CO,IFA,IFA_01,IFA,,08029,,0844265,"IFA Denver-Aurora-Centennial, CO",0.0,no cell in the extract: territory at zero opportunity
ifa_mw_ksmoco_k2,81422,ifa,CO,IFA,IFA_01,IFA,,08085,33940,0853120,"IFA Denver-Aurora-Centennial, CO",0.0,no cell in the extract: territory at zero opportunity
ifa_mw_ksmoco_k2,81423,ifa,CO,IFA,IFA_01,IFA,,08113,,0854880,"IFA Denver-Aurora-Centennial, CO",0.0,no cell in the extract: territory at zero opportunity
ifa_mw_ksmoco_k2,81424,ifa,CO,IFA,IFA_01,IFA,,08085,33940,0854935,"IFA Denver-Aurora-Centennial, CO",0.0,no cell in the extract: territory at zero opportunity
ifa_mw_ksmoco_k2,81425,ifa,CO,IFA,IFA_01,IFA,,08085,33940,0855540,"IFA Denver-Aurora-Centennial, CO",0.0,no cell in the extract: territory at zero opportunity
ifa_mw_ksmoco_k2,81426,ifa,CO,IFA,IFA_01,IFA,,08113,,0855870,"IFA Denver-Aurora-Centennial, CO",0.0,no cell in the extract: territory at zero opportunity
ifa_mw_ksmoco_k2,81427,ifa,CO,IFA,IFA_01,IFA,,08091,,0856420,"IFA Denver-Aurora-Centennial, CO",0.0,no cell in the extract: territory at zero opportunity
ifa_mw_ksmoco_k2,81428,ifa,CO,IFA,IFA_01,IFA,,08029,,0857300,"IFA Denver-Aurora-Centennial, CO",0.0,no cell in the extract: territory at zero opportunity
ifa_mw_ksmoco_k2,81429,ifa,CO,IFA,IFA_01,IFA,,08085,33940,,"IFA Denver-Aurora-Centennial, CO",0.0,no cell in the extract: territory at zero opportunity
ifa_mw_ksmoco_k2,81430,ifa,CO,IFA,IFA_01,IFA,,08113,,0859885,"IFA Denver-Aurora-Centennial, CO",0.0,no cell in the extract: territory at zero opportunity
ifa_mw_ksmoco_k2,81431,ifa,CO,IFA,IFA_01,IFA,,08113,,0863705,"IFA Denver-Aurora-Centennial, CO",0.0,no cell in the extract: territory at zero opportunity
ifa_mw_ksmoco_k2,81432,ifa,CO,IFA,IFA_01,IFA,,08091,,0845680,"IFA Denver-Aurora-Centennial, CO",0.0,no cell in the extract: territory at zero opportunity
ifa_mw_ksmoco_k2,81433,ifa,CO,IFA,IFA_01,IFA,,08111,,0870580,"IFA Denver-Aurora-Centennial, CO",0.0,no cell in the extract: territory at zero opportunity
ifa_mw_ksmoco_k2,81434,ifa,CO,IFA,IFA_01,IFA,,08051,,0871845,"IFA Denver-Aurora-Centennial, CO",0.0,no cell in the extract: territory at zero opportunity
ifa_mw_ksmoco_k2,81435,ifa,CO,IFA,IFA_01,IFA,,08113,,0852550,"IFA Denver-Aurora-Centennial, CO",0.0,no cell in the extract: territory at zero opportunity
ifa_mw_ksmoco_k2,81501,ifa,CO,IFA,IFA_01,IFA,,08077,24300,0831660,"IFA Denver-Aurora-Centennial, CO",3.22766,
ifa_mw_ksmoco_k2,81503,ifa,CO,IFA,IFA_01,IFA,,08077,24300,0856035,"IFA Denver-Aurora-Centennial, CO",0.0,no cell in the extract: territory at zero opportunity
ifa_mw_ksmoco_k2,81504,ifa,CO,IFA,IFA_01,IFA,,08077,24300,0831660,"IFA Denver-Aurora-Centennial, CO",0.0,no cell in the extract: territory at zero opportunity
ifa_mw_ksmoco_k2,81505,ifa,CO,IFA,IFA_01,IFA,,08077,24300,0831660,"IFA Denver-Aurora-Centennial, CO",7.93022,
ifa_mw_ksmoco_k2,81506,ifa,CO,IFA,IFA_01,IFA,,08077,24300,0831660,"IFA Denver-Aurora-Centennial, CO",1.34053,
ifa_mw_ksmoco_k2,81507,ifa,CO,IFA,IFA_01,IFA,,08077,24300,0863375,"IFA Denver-Aurora-Centennial, CO",4.13873,
ifa_mw_ksmoco_k2,81520,ifa,CO,IFA,IFA_01,IFA,,08077,24300,0815165,"IFA Denver-Aurora-Centennial, CO",0.0,no cell in the extract: territory at zero opportunity
ifa_mw_ksmoco_k2,81521,ifa,CO,IFA,IFA_01,IFA,,08077,24300,0828745,"IFA Denver-Aurora-Centennial, CO",0.0,no cell in the extract: territory at zero opportunity
ifa_mw_ksmoco_k2,81522,ifa,CO,IFA,IFA_01,IFA,,08077,24300,,"IFA Denver-Aurora-Centennial, CO",0.0,no cell in the extract: territory at zero opportunity
ifa_mw_ksmoco_k2,81523,ifa,CO,IFA,IFA_01,IFA,,08077,24300,,"IFA Denver-Aurora-Centennial, CO",0.0,no cell in the extract: territory at zero opportunity
ifa_mw_ksmoco_k2,81524,ifa,CO,IFA,IFA_01,IFA,,08077,24300,0845750,"IFA Denver-Aurora-Centennial, CO",0.0,no cell in the extract: territory at zero opportunity
ifa_mw_ksmoco_k2,81525,ifa,CO,IFA,IFA_01,IFA,,08077,24300,,"IFA Denver-Aurora-Centennial, CO",0.0,no cell in the extract: territory at zero opportunity
ifa_mw_ksmoco_k2,81526,ifa,CO,IFA,IFA_01,IFA,,08077,24300,0856970,"IFA Denver-Aurora-Centennial, CO",0.0,no cell in the extract: territory at zero opportunity
ifa_mw_ksmoco_k2,81527,ifa,CO,IFA,IFA_01,IFA,,08077,24300,,"IFA Denver-Aurora-Centennial, CO",0.0,no cell in the extract: territory at zero opportunity
ifa_mw_ksmoco_k2,81601,ifa,CO,IFA,IFA_01,IFA,,08045,40090,0830780,"IFA Denver-Aurora-Centennial, CO",0.970379,
ifa_mw_ksmoco_k2,81610,ifa,CO,IFA,IFA_01,IFA,,08081,44460,0820495,"IFA Denver-Aurora-Centennial, CO",0.0,no cell in the extract: territory at zero opportunity
ifa_mw_ksmoco_k2,81611,ifa,CO,IFA,IFA_01,IFA,,08097,40090,0803620,"IFA Denver-Aurora-Centennial, CO",0.658149,
ifa_mw_ksmoco_k2,81612,ifa,CO,IFA,IFA_01,IFA,,08097,40090,,"IFA Denver-Aurora-Centennial, CO",0.0,no cell in the extract: territory at zero opportunity
ifa_mw_ksmoco_k2,81615,ifa,CO,IFA,IFA_01,IFA,,08097,40090,0871755,"IFA Denver-Aurora-Centennial, CO",0.0,no cell in the extract: territory at zero opportunity
ifa_mw_ksmoco_k2,81620,ifa,CO,IFA,IFA_01,IFA,,08037,20780,0804110,"IFA Denver-Aurora-Centennial, CO",0.0,no cell in the extract: territory at zero opportunity
ifa_mw_ksmoco_k2,81621,ifa,CO,IFA,IFA_01,IFA,,08037,20780,0804935,"IFA Denver-Aurora-Centennial, CO",0.0,no cell in the extract: territory at zero opportunity
ifa_mw_ksmoco_k2,81623,ifa,CO,IFA,IFA_01,IFA,,08097,40090,0823795,"IFA Denver-Aurora-Centennial, CO",0.0,no cell in the extract: territory at zero opportunity
ifa_mw_ksmoco_k2,81624,ifa,CO,IFA,IFA_01,IFA,,08077,24300,0815605,"IFA Denver-Aurora-Centennial, CO",0.0,no cell in the extract: territory at zero opportunity
ifa_mw_ksmoco_k2,81625,ifa,CO,IFA,IFA_01,IFA,,08081,44460,0817760,"IFA Denver-Aurora-Centennial, CO",0.557494,
ifa_mw_ksmoco_k2,81630,ifa,CO,IFA,IFA_01,IFA,,08045,40090,0819355,"IFA Denver-Aurora-Centennial, CO",0.0,no cell in the extract: territory at zero opportunity
ifa_mw_ksmoco_k2,81631,ifa,CO,IFA,IFA_01,IFA,,08037,20780,0822200,"IFA Denver-Aurora-Centennial, CO",0.182179,
ifa_mw_ksmoco_k2,81632,ifa,CO,IFA,IFA_01,IFA,,08037,20780,0823300,"IFA Denver-Aurora-Centennial, CO",0.410873,
ifa_mw_ksmoco_k2,81633,ifa,CO,IFA,IFA_01,IFA,,08081,44460,,"IFA Denver-Aurora-Centennial, CO",0.0,no cell in the extract: territory at zero opportunity
ifa_mw_ksmoco_k2,81635,ifa,CO,IFA,IFA_01,IFA,,08045,40090,0805120,"IFA Denver-Aurora-Centennial, CO",0.0,no cell in the extract: territory at zero opportunity
ifa_mw_ksmoco_k2,81637,ifa,CO,IFA,IFA_01,IFA,,08045,40090,0833695,"IFA Denver-Aurora-Centennial, CO",0.484139,
ifa_mw_ksmoco_k2,81638,ifa,CO,IFA,IFA_01,IFA,,08081,44460,,"IFA Denver-Aurora-Centennial, CO",0.0,no cell in the extract: territory at zero opportunity
ifa_mw_ksmoco_k2,81639,ifa,CO,IFA,IFA_01,IFA,,08107,44460,0835070,"IFA Denver-Aurora-Centennial, CO",0.0,no cell in the extract: territory at zero opportunity
ifa_mw_ksmoco_k2,81640,ifa,CO,IFA,IFA_01,IFA,,08081,44460,0849325,"IFA Denver-Aurora-Centennial, CO",0.0,no cell in the extract: territory at zero opportunity
ifa_mw_ksmoco_k2,81641,ifa,CO,IFA,IFA_01,IFA,,08103,,0849875,"IFA Denver-Aurora-Centennial, CO",0.0,no cell in the extract: territory at zero opportunity
ifa_mw_ksmoco_k2,81642,ifa,CO,IFA,IFA_01,IFA,,08097,40090,0853945,"IFA Denver-Aurora-Centennial, CO",0.0,no cell in the extract: territory at zero opportunity
ifa_mw_ksmoco_k2,81643,ifa,CO,IFA,IFA_01,IFA,,08077,24300,,"IFA Denver-Aurora-Centennial, CO",0.0,no cell in the extract: territory at zero opportunity
ifa_mw_ksmoco_k2,81645,ifa,CO,IFA,IFA_01,IFA,,08037,20780,0850920,"IFA Denver-Aurora-Centennial, CO",0.0,no cell in the extract: territory at zero opportunity
ifa_mw_ksmoco_k2,81646,ifa,CO,IFA,IFA_01,IFA,,08077,24300,,"IFA Denver-Aurora-Centennial, CO",0.0,no cell in the extract: territory at zero opportunity
ifa_mw_ksmoco_k2,81647,ifa,CO,IFA,IFA_01,IFA,,08045,40090,0853395,"IFA Denver-Aurora-Centennial, CO",0.0,no cell in the extract: territory at zero opportunity
ifa_mw_ksmoco_k2,81648,ifa,CO,IFA,IFA_01,IFA,,08103,,0862880,"IFA Denver-Aurora-Centennial, CO",0.0,no cell in the extract: territory at zero opportunity
ifa_mw_ksmoco_k2,81649,ifa,CO,IFA,IFA_01,IFA,,08037,20780,0850920,"IFA Denver-Aurora-Centennial, CO",0.0,no cell in the extract: territory at zero opportunity
ifa_mw_ksmoco_k2,81650,ifa,CO,IFA,IFA_01,IFA,,08103,,0864255,"IFA Denver-Aurora-Centennial, CO",0.215654,
ifa_mw_ksmoco_k2,81652,ifa,CO,IFA,IFA_01,IFA,,08045,40090,0870195,"IFA Denver-Aurora-Centennial, CO",0.0,no cell in the extract: territory at zero opportunity
ifa_mw_ksmoco_k2,81653,ifa,CO,IFA,IFA_01,IFA,,08107,44460,,"IFA Denver-Aurora-Centennial, CO",0.0,no cell in the extract: territory at zero opportunity
ifa_mw_ksmoco_k2,81654,ifa,CO,IFA,IFA_01,IFA,,08097,40090,0871755,"IFA Denver-Aurora-Centennial, CO",0.0,no cell in the extract: territory at zero opportunity
ifa_mw_ksmoco_k2,81655,ifa,CO,IFA,IFA_01,IFA,,08037,20780,0885760,"IFA Denver-Aurora-Centennial, CO",0.0,no cell in the extract: territory at zero opportunity
ifa_mw_ksmoco_k2,81656,ifa,CO,IFA,IFA_01,IFA,,08097,40090,0886200,"IFA Denver-Aurora-Centennial, CO",0.0,no cell in the extract: territory at zero opportunity
ifa_mw_ksmoco_k2,81657,ifa,CO,IFA,IFA_01,IFA,,08037,20780,0880040,"IFA Denver-Aurora-Centennial, CO",0.0,no cell in the extract: territory at zero opportunity
ifa_mw_ksmoco_k2,82063,ifa,CO,IFA,IFA_01,IFA,,08069,22660,5684852,"IFA Denver-Aurora-Centennial, CO",0.0,no cell in the extract: territory at zero opportunity
