scenario,zip_code,current_channel,state,model_channel,district,district_channels,rep,county,cbsa,place,district_name,m_rel,reason
ifa_mw_wiia_k2,50001,ifa,IA,IFA,IFA_01,IFA,,19181,19780,1900235,"IFA Des Moines-West Des Moines, IA",0.0874996,
ifa_mw_wiia_k2,50002,ifa,IA,IFA,IFA_01,IFA,,19077,19780,1900370,"IFA Des Moines-West Des Moines, IA",0.0,no cell in the extract: territory at zero opportunity
ifa_mw_wiia_k2,50003,ifa,IA,IFA,IFA_01,IFA,,19049,19780,1900505,"IFA Des Moines-West Des Moines, IA",1.20294,
ifa_mw_wiia_k2,50005,ifa,IA,IFA,IFA_01,IFA,,19127,32260,1900955,"IFA Des Moines-West Des Moines, IA",0.0,no cell in the extract: territory at zero opportunity
ifa_mw_wiia_k2,50006,ifa,IA,IFA,IFA_01,IFA,,19083,,1901045,"IFA Des Moines-West Des Moines, IA",0.0,no cell in the extract: territory at zero opportunity
ifa_mw_wiia_k2,50007,ifa,IA,IFA,IFA_01,IFA,,19153,19780,1901180,"IFA Des Moines-West Des Moines, IA",0.0,no cell in the extract: territory at zero opportunity
ifa_mw_wiia_k2,50008,ifa,IA,IFA,IFA_01,IFA,,19185,,1901270,"IFA Des Moines-West Des Moines, IA",0.0,no cell in the extract: territory at zero opportunity
ifa_mw_wiia_k2,50009,ifa,IA,IFA,IFA_01,IFA,,19153,19780,1901630,"IFA Des Moines-West Des Moines, IA",4.5215,
ifa_mw_wiia_k2,50010,ifa,IA,IFA,IFA_01,IFA,,19169,11180,1901855,"IFA Des Moines-West Des Moines, IA",5.55735,
ifa_mw_wiia_k2,50012,ifa,IA,IFA,IFA_01,IFA,,19169,11180,1901855,"IFA Des Moines-West Des Moines, IA",0.0,no cell in the extract: territory at zero opportunity
ifa_mw_wiia_k2,50013,ifa,IA,IFA,IFA_01,IFA,,19169,11180,1901855,"IFA Des Moines-West Des Moines, IA",0.0,no cell in the extract: territory at zero opportunity
ifa_mw_wiia_k2,50014,ifa,IA,IFA,IFA_01,IFA,,19169,11180,1901855,"IFA Des Moines-West Des Moines, IA",0.0,no cell in the extract: territory at zero opportunity
ifa_mw_wiia_k2,50020,ifa,IA,IFA,IFA_01,IFA,,19029,,1902260,"IFA Des Moines-West Des Moines, IA",0.0,no cell in the extract: territory at zero opportunity
ifa_mw_wiia_k2,50021,ifa,IA,IFA,IFA_01,IFA,,19153,19780,1902305,"IFA Des Moines-West Des Moines, IA",0.0,no cell in the extract: territory at zero opportunity
ifa_mw_wiia_k2,50022,ifa,IA,IFA,IFA_01,IFA,,19029,,1903520,"IFA Des Moines-West Des Moines, IA",3.49224,
ifa_mw_wiia_k2,50023,ifa,IA,IFA,IFA_01,IFA,,19153,19780,1902305,"IFA Des Moines-West Des Moines, IA",5.00864,
ifa_mw_wiia_k2,50025,ifa,IA,IFA,IFA_01,IFA,,19009,,1903655,"IFA Des Moines-West Des Moines, IA",0.0,no cell in the extract: territory at zero opportunity
ifa_mw_wiia_k2,50026,ifa,IA,IFA,IFA_01,IFA,,19077,19780,1904240,"IFA Des Moines-West Des Moines, IA",0.0,no cell in the extract: territory at zero opportunity
ifa_mw_wiia_k2,50027,ifa,IA,IFA,IFA_01,IFA,,19123,36820,1904555,"IFA Des Moines-West Des Moines, IA",0.0,no cell in the extract: territory at zero opportunity
ifa_mw_wiia_k2,50028,ifa,IA,IFA,IFA_01,IFA,,19099,19780,1904915,"IFA Des Moines-West Des Moines, IA",0.294352,
ifa_mw_wiia_k2,50029,ifa,IA,IFA,IFA_01,IFA,,19077,19780,1904960,"IFA Des Moines-West Des Moines, IA",0.0,no cell in the extract: territory at zero opportunity
ifa_mw_wiia_k2,50031,ifa,IA,IFA,IFA_01,IFA,,19015,11180,1905185,"IFA Des Moines-West Des Moines, IA",0.0,no cell in the extract: territory at zero opportunity
ifa_mw_wiia_k2,50032,ifa,IA,IFA,IFA_01,IFA,,19153,19780,,"IFA Des Moines-West Des Moines, IA",0.0,no cell in the extract: territory at zero opportunity
ifa_mw_wiia_k2,50033,ifa,IA,IFA,IFA_01,IFA,,19121,19780,1906490,"IFA Des Moines-West Des Moines, IA",0.0,no cell in the extract: territory at zero opportunity
ifa_mw_wiia_k2,50034,ifa,IA,IFA,IFA_01,IFA,,19079,,1906760,"IFA Des Moines-West Des Moines, IA",0.0,no cell in the extract: territory at zero opportunity
ifa_mw_wiia_k2,50035,ifa,IA,IFA,IFA_01,IFA,,19153,19780,1907390,"IFA Des Moines-West Des Moines, IA",0.0,no cell in the extract: territory at zero opportunity
ifa_mw_wiia_k2,50036,ifa,IA,IFA,IFA_01,IFA,,19015,11180,1907480,"IFA Des Moines-West Des Moines, IA",2.82763,
ifa_mw_wiia_k2,50038,ifa,IA,IFA,IFA_01,IFA,,19049,19780,1980445,"IFA Des Moines-West Des Moines, IA",0.0,no cell in the extract: territory at zero opportunity
ifa_mw_wiia_k2,50039,ifa,IA,IFA,IFA_01,IFA,,19049,19780,1907660,"IFA Des Moines-West Des Moines, IA",0.0,no cell in the extract: territory at zero opportunity
ifa_mw_wiia_k2,50040,ifa,IA,IFA,IFA_01,IFA,,19015,11180,1907750,"IFA Des Moines-West Des Moines, IA",0.0,no cell in the extract: territory at zero opportunity
ifa_mw_wiia_k2,50041,ifa,IA,IFA,IFA_01,IFA,,19069,,1908020,"IFA Des Moines-West Des Moines, IA",0.0,no cell in the extract: territory at zero opportunity
ifa_mw_wiia_k2,50042,ifa,IA,IFA,IFA_01,IFA,,19009,,1908200,"IFA Des Moines-West Des Moines, IA",0.0,no cell in the extract: territory at zero opportunity
ifa_mw_wiia_k2,50044,ifa,IA,IFA,IFA_01,IFA,,19125,37800,1909730,"IFA Des Moines-West Des Moines, IA",0.0,no cell in the extract: territory at zero opportunity
ifa_mw_wiia_k2,50046,ifa,IA,IFA,IFA_01,IFA,,19169,11180,1910225,"IFA Des Moines-West Des Moines, IA",0.0,no cell in the extract: territory at zero opportunity
ifa_mw_wiia_k2,50047,ifa,IA,IFA,IFA_01,IFA,,19181,19780,1910765,"IFA Des Moines-West Des Moines, IA",0.0,no cell in the extract: territory at zero opportunity
ifa_mw_wiia_k2,50048,ifa,IA,IFA,IFA_01,IFA,,19077,19780,1911395,"IFA Des Moines-West Des Moines, IA",0.0,no cell in the extract: territory at zero opportunity
ifa_mw_wiia_k2,50049,ifa,IA,IFA,IFA_01,IFA,,19117,,1912720,"IFA Des Moines-West Des Moines, IA",0.626308,
ifa_mw_wiia_k2,50050,ifa,IA,IFA,IFA_01,IFA,,19073,,1913350,"IFA Des Moines-West Des Moines, IA",0.0,no cell in the extract: territory at zero opportunity
ifa_mw_wiia_k2,50051,ifa,IA,IFA,IFA_01,IFA,,19127,32260,1914160,"IFA Des Moines-West Des Moines, IA",0.0,no cell in the extract: territory at zero opportunity
ifa_mw_wiia_k2,50052,ifa,IA,IFA,IFA_01,IFA,,19185,,1914475,"IFA Des Moines-West Des Moines, IA",0.0,no cell in the extract: territory at zero opportunity
ifa_mw_wiia_k2,50054,ifa,IA,IFA,IFA_01,IFA,,19099,19780,1915060,"IFA Des Moines-West Des Moines, IA",0.0,no cell in the extract: territory at zero opportunity
ifa_mw_wiia_k2,50055,ifa,IA,IFA,IFA_01,IFA,,19169,11180,1915195,"IFA Des Moines-West Des Moines, IA",0.0,no cell in the extract: territory at zero opportunity
ifa_mw_wiia_k2,50056,ifa,IA,IFA,IFA_01,IFA,,19169,11180,1915240,"IFA Des Moines-West Des Moines, IA",0.0,no cell in the extract: territory at zero opportunity
ifa_mw_wiia_k2,50057,ifa,IA,IFA,IFA_01,IFA,,19125,37800,,"IFA Des Moines-West Des Moines, IA",0.0,no cell in the extract: territory at zero opportunity
ifa_mw_wiia_k2,50058,ifa,IA,IFA,IFA_01,IFA,,19077,19780,1916050,"IFA Des Moines-West Des Moines, IA",0.0,no cell in the extract: territory at zero opportunity
ifa_mw_wiia_k2,50060,ifa,IA,IFA,IFA_01,IFA,,19185,,1916635,"IFA Des Moines-West Des Moines, IA",0.0,no cell in the extract: territory at zero opportunity
ifa_mw_wiia_k2,50061,ifa,IA,IFA,IFA_01,IFA,,19121,19780,1917850,"IFA Des Moines-West Des Moines, IA",0.0,no cell in the extract: territory at zero opportunity
ifa_mw_wiia_k2,50062,ifa,IA,IFA,IFA_01,IFA,,19125,37800,1950935,"IFA Des Moines-West Des Moines, IA",0.0,no cell in the extract: territory at zero opportunity
ifa_mw_wiia_k2,50063,ifa,IA,IFA,IFA_01,IFA,,19049,19780,1918255,"IFA Des Moines-West Des Moines, IA",0.923161,
ifa_mw_wiia_k2,50064,ifa,IA,IFA,IFA_01,IFA,,19073,,1918345,"IFA Des Moines-West Des Moines, IA",0.0,no cell in the extract: territory at zero opportunity
ifa_mw_wiia_k2,50065,ifa,IA,IFA,IFA_01,IFA,,19053,,1919090,"IFA Des Moines-West Des Moines, IA",0.0,no cell in the extract: territory at zero opportunity
ifa_mw_wiia_k2,50066,ifa,IA,IFA,IFA_01,IFA,,19049,19780,1919135,"IFA Des Moines-West Des Moines, IA",0.0,no cell in the extract: territory at zero opportunity
ifa_mw_wiia_k2,50067,ifa,IA,IFA,IFA_01,IFA,,19053,,1919315,"IFA Des Moines-West Des Moines, IA",0.0,no cell in the extract: territory at zero opportunity
ifa_mw_wiia_k2,50068,ifa,IA,IFA,IFA_01,IFA,,19117,,1920125,"IFA Des Moines-West Des Moines, IA",0.0,no cell in the extract: territory at zero opportunity
ifa_mw_wiia_k2,50069,ifa,IA,IFA,IFA_01,IFA,,19049,19780,1921045,"IFA Des Moines-West Des Moines, IA",0.0,no cell in the extract: territory at zero opportunity
ifa_mw_wiia_k2,50070,ifa,IA,IFA,IFA_01,IFA,,19121,19780,1921225,"IFA Des Moines-West Des Moines, IA",0.0,no cell in the extract: territory at zero opportunity
ifa_mw_wiia_k2,50071,ifa,IA,IFA,IFA_01,IFA,,19197,,1922305,"IFA Des Moines-West Des Moines, IA",0.0,no cell in the extract: territory at zero opportunity
ifa_mw_wiia_k2,50072,ifa,IA,IFA,IFA_01,IFA,,19121,19780,1923340,"IFA Des Moines-West Des Moines, IA",0.0,no cell in the extract: territory at zero opportunity
ifa_mw_wiia_k2,50073,ifa,IA,IFA,IFA_01,IFA,,19153,19780,1924735,"IFA Des Moines-West Des Moines, IA",0.0,no cell in the extract: territory at zero opportunity
ifa_mw_wiia_k2,50074,ifa,IA,IFA,IFA_01,IFA,,19159,,1976415,"IFA Des Moines-West Des Moines, IA",0.0,no cell in the extract: territory at zero opportunity
ifa_mw_wiia_k2,50075,ifa,IA,IFA,IFA_01,IFA,,19079,,1925050,"IFA Des Moines-West Des Moines, IA",0.0,no cell in the extract: territory at zero opportunity
ifa_mw_wiia_k2,50076,ifa,IA,IFA,IFA_01,IFA,,19009,,1926265,"IFA Des Moines-West Des Moines, IA",0.0,no cell in the extract: territory at zero opportunity
ifa_mw_wiia_k2,50078,ifa,IA,IFA,IFA_01,IFA,,19127,32260,1927255,"IFA Des Moines-West Des Moines, IA",0.0,no cell in the extract: territory at zero opportunity
ifa_mw_wiia_k2,50101,ifa,IA,IFA,IFA_01,IFA,,19197,,1929550,"IFA Des Moines-West Des Moines, IA",0.0,no cell in the extract: territory at zero opportunity
ifa_mw_wiia_k2,50102,ifa,IA,IFA,IFA_01,IFA,,19083,,1929730,"IFA Des Moines-West Des Moines, IA",0.0,no cell in the extract: territory at zero opportunity
ifa_mw_wiia_k2,50103,ifa,IA,IFA,IFA_01,IFA,,19053,,1929775,"IFA Des Moines-West Des Moines, IA",0.0,no cell in the extract: territory at zero opportunity
ifa_mw_wiia_k2,50104,ifa,IA,IFA,IFA_01,IFA,,19107,,1930540,"IFA Des Moines-West Des Moines, IA",0.0,no cell in the extract: territory at zero opportunity
ifa_mw_wiia_k2,50105,ifa,IA,IFA,IFA_01,IFA,,19169,11180,1930630,"IFA Des Moines-West Des Moines, IA",0.0,no cell in the extract: territory at zero opportunity
ifa_mw_wiia_k2,50106,ifa,IA,IFA,IFA_01,IFA,,19127,32260,1930900,"IFA Des Moines-West Des Moines, IA",0.0,no cell in the extract: territory at zero opportunity
ifa_mw_wiia_k2,50107,ifa,IA,IFA,IFA_01,IFA,,19073,,1931980,"IFA Des Moines-West Des Moines, IA",0.0,no cell in the extract: territory at zero opportunity
ifa_mw_wiia_k2,50108,ifa,IA,IFA,IFA_01,IFA,,19053,,1932070,"IFA Des Moines-West Des Moines, IA",0.0,no cell in the extract: territory at zero opportunity
ifa_mw_wiia_k2,50109,ifa,IA,IFA,IFA_01,IFA,,19153,19780,1932160,"IFA Des Moines-West Des Moines, IA",0.0,no cell in the extract: territory at zero opportunity
ifa_mw_wiia_k2,50110,ifa,IA,IFA,IFA_01,IFA,,19009,,1932565,"IFA Des Moines-West Des Moines, IA",0.0,no cell in the extract: territory at zero opportunity
ifa_mw_wiia_k2,50111,ifa,IA,IFA,IFA_01,IFA,,19153,19780,1933060,"IFA Des Moines-West Des Moines, IA",0.0,no cell in the extract: territory at zero opportunity
ifa_mw_wiia_k2,50112,ifa,IA,IFA,IFA_01,IFA,,19157,,1933105,"IFA Des Moines-West Des Moines, IA",1.82102,
ifa_mw_wiia_k2,50115,ifa,IA,IFA,IFA_01,IFA,,19077,19780,1933420,"IFA Des Moines-West Des Moines, IA",0.0,no cell in the extract: territory at zero opportunity
ifa_mw_wiia_k2,50116,ifa,IA,IFA,IFA_01,IFA,,19125,37800,1950070,"IFA Des Moines-West Des Moines, IA",0.0,no cell in the extract: territory at zero opportunity
ifa_mw_wiia_k2,50117,ifa,IA,IFA,IFA_01,IFA,,19009,,,"IFA Des Moines-West Des Moines, IA",0.0,no cell in the extract: territory at zero opportunity
ifa_mw_wiia_k2,50118,ifa,IA,IFA,IFA_01,IFA,,19181,19780,1934680,"IFA Des Moines-West Des Moines, IA",0.0,no cell in the extract: territory at zero opportunity
ifa_mw_wiia_k2,50119,ifa,IA,IFA,IFA_01,IFA,,19125,37800,1934860,"IFA Des Moines-West Des Moines, IA",0.0,no cell in the extract: territory at zero opportunity
ifa_mw_wiia_k2,50120,ifa,IA,IFA,IFA_01,IFA,,19127,32260,1935220,"IFA Des Moines-West Des Moines, IA",0.0,no cell in the extract: territory at zero opportunity
ifa_mw_wiia_k2,50122,ifa,IA,IFA,IFA_01,IFA,,19083,,1937425,"IFA Des Moines-West Des Moines, IA",0.0,no cell in the extract: territory at zero opportunity
ifa_mw_wiia_k2,50123,ifa,IA,IFA,IFA_01,IFA,,19185,,1937605,"IFA Des Moines-West Des Moines, IA",0.0,no cell in the extract: territory at zero opportunity
ifa_mw_wiia_k2,50124,ifa,IA,IFA,IFA_01,IFA,,19169,11180,1937920,"IFA Des Moines-West Des Moines, IA",0.0,no cell in the extract: territory at zero opportunity
ifa_mw_wiia_k2,50125,ifa,IA,IFA,IFA_01,IFA,,19181,19780,1938280,"IFA Des Moines-West Des Moines, IA",1.21604,
ifa_mw_wiia_k2,50126,ifa,IA,IFA,IFA_01,IFA,,19083,,1938640,"IFA Des Moines-West Des Moines, IA",0.0,no cell in the extract: territory at zero opportunity
ifa_mw_wiia_k2,50127,ifa,IA,IFA,IFA_01,IFA,,19099,19780,,"IFA Des Moines-West Des Moines, IA",0.0,no cell in the extract: territory at zero opportunity
ifa_mw_wiia_k2,50128,ifa,IA,IFA,IFA_01,IFA,,19077,19780,1939225,"IFA Des Moines-West Des Moines, IA",0.0,no cell in the extract: territory at zero opportunity
ifa_mw_wiia_k2,50129,ifa,IA,IFA,IFA_01,IFA,,19073,,1939450,"IFA Des Moines-West Des Moines, IA",0.0,no cell in the extract: territory at zero opportunity
ifa_mw_wiia_k2,50130,ifa,IA,IFA,IFA_01,IFA,,19079,,1939675,"IFA Des Moines-West Des Moines, IA",0.0,no cell in the extract: territory at zero opportunity
ifa_mw_wiia_k2,50131,ifa,IA,IFA,IFA_01,IFA,,19153,19780,1939765,"IFA Des Moines-West Des Moines, IA",17.5539,
ifa_mw_wiia_k2,50132,ifa,IA,IFA,IFA_01,IFA,,19079,,1940215,"IFA Des Moines-West Des Moines, IA",0.0,no cell in the extract: territory at zero opportunity
ifa_mw_wiia_k2,50133,ifa,IA,IFA,IFA_01,IFA,,19159,,1940350,"IFA Des Moines-West Des Moines, IA",0.0,no cell in the extract: territory at zero opportunity
ifa_mw_wiia_k2,50134,ifa,IA,IFA,IFA_01,IFA,,19169,11180,1940395,"IFA Des Moines-West Des Moines, IA",0.0,no cell in the extract: territory at zero opportunity
ifa_mw_wiia_k2,50135,ifa,IA,IFA,IFA_01,IFA,,19099,19780,1940440,"IFA Des Moines-West Des Moines, IA",0.0,no cell in the extract: territory at zero opportunity
ifa_mw_wiia_k2,50136,ifa,IA,IFA,IFA_01,IFA,,19107,,1941070,"IFA Des Moines-West Des Moines, IA",0.0,no cell in the extract: territory at zero opportunity
ifa_mw_wiia_k2,50137,ifa,IA,IFA,IFA_01,IFA,,19099,19780,,"IFA Des Moines-West Des Moines, IA",0.0,no cell in the extract: territory at zero opportunity
ifa_mw_wiia_k2,50138,ifa,IA,IFA,IFA_01,IFA,,19125,37800,1942015,"IFA Des Moines-West Des Moines, IA",6.60604,
ifa_mw_wiia_k2,50139,ifa,IA,IFA,IFA_01,IFA,,19181,19780,1942285,"IFA Des Moines-West Des Moines, IA",0.0,no cell in the extract: territory at zero opportunity
ifa_mw_wiia_k2,50140,ifa,IA,IFA,IFA_01,IFA,,19053,,1942960,"IFA Des Moines-West Des Moines, IA",0.0,no cell in the extract: territory at zero opportunity
ifa_mw_wiia_k2,50141,ifa,IA,IFA,IFA_01,IFA,,19127,32260,1943680,"IFA Des Moines-West Des Moines, IA",0.0,no cell in the extract: territory at zero opportunity
ifa_mw_wiia_k2,50142,ifa,IA,IFA,IFA_01,IFA,,19127,32260,1944220,"IFA Des Moines-West Des Moines, IA",0.0,no cell in the extract: territory at zero opportunity
ifa_mw_wiia_k2,50143,ifa,IA,IFA,IFA_01,IFA,,19123,36820,1944310,"IFA Des Moines-West Des Moines, IA",0.0,no cell in the extract: territory at zero opportunity
ifa_mw_wiia_k2,50144,ifa,IA,IFA,IFA_01,IFA,,19053,,1944535,"IFA Des Moines-West Des Moines, IA",0.0,no cell in the extract: territory at zero opportunity
ifa_mw_wiia_k2,50145,ifa,IA,IFA,IFA_01,IFA,,19181,19780,,"IFA Des Moines-West Des Moines, IA",0.0,no cell in the extract: territory at zero opportunity
ifa_mw_wiia_k2,50146,ifa,IA,IFA,IFA_01,IFA,,19049,19780,1945390,"IFA Des Moines-West Des Moines, IA",0.0,no cell in the extract: territory at zero opportunity
ifa_mw_wiia_k2,50147,ifa,IA,IFA,IFA_01,IFA,,19185,,1945435,"IFA Des Moines-West Des Moines, IA",0.0,no cell in the extract: territory at zero opportunity
ifa_mw_wiia_k2,50148,ifa,IA,IFA,IFA_01,IFA,,19127,32260,1945660,"IFA Des Moines-West Des Moines, IA",0.0,no cell in the extract: territory at zero opportunity
ifa_mw_wiia_k2,50149,ifa,IA,IFA,IFA_01,IFA,,19121,19780,1946515,"IFA Des Moines-West Des Moines, IA",0.0,no cell in the extract: territory at zero opportunity
ifa_mw_wiia_k2,50150,ifa,IA,IFA,IFA_01,IFA,,19135,,1946830,"IFA Des Moines-West Des Moines, IA",0.0,no cell in the extract: territory at zero opportunity
ifa_mw_wiia_k2,50151,ifa,IA,IFA,IFA_01,IFA,,19117,,1947100,"IFA Des Moines-West Des Moines, IA",0.0,no cell in the extract: territory at zero opportunity
ifa_mw_wiia_k2,50152,ifa,IA,IFA,IFA_01,IFA,,19015,11180,1947280,"IFA Des Moines-West Des Moines, IA",0.0,no cell in the extract: territory at zero opportunity
ifa_mw_wiia_k2,50153,ifa,IA,IFA,IFA_01,IFA,,19099,19780,1947595,"IFA Des Moines-West Des Moines, IA",0.0,no cell in the extract: territory at zero opportunity
ifa_mw_wiia_k2,50154,ifa,IA,IFA,IFA_01,IFA,,19169,11180,1947775,"IFA Des Moines-West Des Moines, IA",0.0,no cell in the extract: territory at zero opportunity
ifa_mw_wiia_k2,50155,ifa,IA,IFA,IFA_01,IFA,,19121,19780,1948180,"IFA Des Moines-West Des Moines, IA",0.0,no cell in the extract: territory at zero opportunity
ifa_mw_wiia_k2,50156,ifa,IA,IFA,IFA_01,IFA,,19015,11180,1948450,"IFA Des Moines-West Des Moines, IA",0.0695859,
ifa_mw_wiia_k2,50157,ifa,IA,IFA,IFA_01,IFA,,19157,,1948540,"IFA Des Moines-West Des Moines, IA",0.0,no cell in the extract: territory at zero opportunity
ifa_mw_wiia_k2,50158,ifa,IA,IFA,IFA_01,IFA,,19127,32260,1949755,"IFA Des Moines-West Des Moines, IA",9.03399,
ifa_mw_wiia_k2,50160,ifa,IA,IFA,IFA_01,IFA,,19181,19780,1949890,"IFA Des Moines-West Des Moines, IA",0.0,no cell in the extract: territory at zero opportunity
ifa_mw_wiia_k2,50161,ifa,IA,IFA,IFA_01,IFA,,19153,19780,1950520,"IFA Des Moines-West Des Moines, IA",0.0,no cell in the extract: territory at zero opportunity
ifa_mw_wiia_k2,50162,ifa,IA,IFA,IFA_01,IFA,,19127,32260,1950880,"IFA Des Moines-West Des Moines, IA",0.0,no cell in the extract: territory at zero opportunity
ifa_mw_wiia_k2,50163,ifa,IA,IFA,IFA_01,IFA,,19125,37800,1950935,"IFA Des Moines-West Des Moines, IA",0.0,no cell in the extract: territory at zero opportunity
ifa_mw_wiia_k2,50164,ifa,IA,IFA,IFA_01,IFA,,19077,19780,1951105,"IFA Des Moines-West Des Moines, IA",0.0,no cell in the extract: territory at zero opportunity
ifa_mw_wiia_k2,50165,ifa,IA,IFA,IFA_01,IFA,,19185,,1952275,"IFA Des Moines-West Des Moines, IA",0.0,no cell in the extract: territory at zero opportunity
ifa_mw_wiia_k2,50166,ifa,IA,IFA,IFA_01,IFA,,19181,19780,1952455,"IFA Des Moines-West Des Moines, IA",0.0,no cell in the extract: territory at zero opportunity
ifa_mw_wiia_k2,50167,ifa,IA,IFA,IFA_01,IFA,,19049,19780,1952545,"IFA Des Moines-West Des Moines, IA",0.0,no cell in the extract: territory at zero opportunity
ifa_mw_wiia_k2,50168,ifa,IA,IFA,IFA_01,IFA,,19099,19780,1952815,"IFA Des Moines-West Des Moines, IA",0.0,no cell in the extract: territory at zero opportunity
ifa_mw_wiia_k2,50169,ifa,IA,IFA,IFA_01,IFA,,19153,19780,1952950,"IFA Des Moines-West Des Moines, IA",0.0,no cell in the extract: territory at zero opportunity
ifa_mw_wiia_k2,50170,ifa,IA,IFA,IFA_01,IFA,,19099,19780,1953355,"IFA Des Moines-West Des Moines, IA",0.0,no cell in the extract: territory at zero opportunity
ifa_mw_wiia_k2,50171,ifa,IA,IFA,IFA_01,IFA,,19157,,1953490,"IFA Des Moines-West Des Moines, IA",0.0,no cell in the extract: territory at zero opportunity
ifa_mw_wiia_k2,50173,ifa,IA,IFA,IFA_01,IFA,,19171,,1953670,"IFA Des Moines-West Des Moines, IA",0.0,no cell in the extract: territory at zero opportunity
ifa_mw_wiia_k2,50174,ifa,IA,IFA,IFA_01,IFA,,19039,,1955065,"IFA Des Moines-West Des Moines, IA",0.0,no cell in the extract: territory at zero opportunity
ifa_mw_wiia_k2,50201,ifa,IA,IFA,IFA_01,IFA,,19169,11180,1955695,"IFA Des Moines-West Des Moines, IA",0.0,no cell in the extract: territory at zero opportunity
ifa_mw_wiia_k2,50206,ifa,IA,IFA,IFA_01,IFA,,19083,,1956415,"IFA Des Moines-West Des Moines, IA",0.0,no cell in the extract: territory at zero opportunity
ifa_mw_wiia_k2,50207,ifa,IA,IFA,IFA_01,IFA,,19123,36820,1956460,"IFA Des Moines-West Des Moines, IA",0.0,no cell in the extract: territory at zero opportunity
ifa_mw_wiia_k2,50208,ifa,IA,IFA,IFA_01,IFA,,19099,19780,1956505,"IFA Des Moines-West Des Moines, IA",0.0249924,
ifa_mw_wiia_k2,50210,ifa,IA,IFA,IFA_01,IFA,,19181,19780,1956595,"IFA Des Moines-West Des Moines, IA",0.0,no cell in the extract: territory at zero opportunity
ifa_mw_wiia_k2,50211,ifa,IA,IFA,IFA_01,IFA,,19181,19780,1957675,"IFA Des Moines-West Des Moines, IA",0.426783,
ifa_mw_wiia_k2,50212,ifa,IA,IFA,IFA_01,IFA,,19015,11180,1958665,"IFA Des Moines-West Des Moines, IA",0.112342,
ifa_mw_wiia_k2,50213,ifa,IA,IFA,IFA_01,IFA,,19039,,1959835,"IFA Des Moines-West Des Moines, IA",0.0916198,
ifa_mw_wiia_k2,50214,ifa,IA,IFA,IFA_01,IFA,,19125,37800,,"IFA Des Moines-West Des Moines, IA",0.0,no cell in the extract: territory at zero opportunity
ifa_mw_wiia_k2,50216,ifa,IA,IFA,IFA_01,IFA,,19077,19780,1942575,"IFA Des Moines-West Des Moines, IA",1.17365,
ifa_mw_wiia_k2,50217,ifa,IA,IFA,IFA_01,IFA,,19073,,1961815,"IFA Des Moines-West Des Moines, IA",0.0,no cell in the extract: territory at zero opportunity
ifa_mw_wiia_k2,50218,ifa,IA,IFA,IFA_01,IFA,,19121,19780,1961860,"IFA Des Moines-West Des Moines, IA",0.0,no cell in the extract: territory at zero opportunity
ifa_mw_wiia_k2,50219,ifa,IA,IFA,IFA_01,IFA,,19125,37800,1962040,"IFA Des Moines-West Des Moines, IA",10.4854,
ifa_mw_wiia_k2,50220,ifa,IA,IFA,IFA_01,IFA,,19049,19780,1962355,"IFA Des Moines-West Des Moines, IA",1.31248,
ifa_mw_wiia_k2,50222,ifa,IA,IFA,IFA_01,IFA,,19121,19780,1923790,"IFA Des Moines-West Des Moines, IA",0.0,no cell in the extract: territory at zero opportunity
ifa_mw_wiia_k2,50223,ifa,IA,IFA,IFA_01,IFA,,19015,11180,1962850,"IFA Des Moines-West Des Moines, IA",0.0,no cell in the extract: territory at zero opportunity
ifa_mw_wiia_k2,50225,ifa,IA,IFA,IFA_01,IFA,,19125,37800,1963750,"IFA Des Moines-West Des Moines, IA",0.0,no cell in the extract: territory at zero opportunity
ifa_mw_wiia_k2,50226,ifa,IA,IFA,IFA_01,IFA,,19153,19780,1964020,"IFA Des Moines-West Des Moines, IA",0.0,no cell in the extract: territory at zero opportunity
ifa_mw_wiia_k2,50227,ifa,IA,IFA,IFA_01,IFA,,19069,,1964110,"IFA Des Moines-West Des Moines, IA",0.0,no cell in the extract: territory at zero opportunity
ifa_mw_wiia_k2,50228,ifa,IA,IFA,IFA_01,IFA,,19099,19780,1964470,"IFA Des Moines-West Des Moines, IA",0.0,no cell in the extract: territory at zero opportunity
ifa_mw_wiia_k2,50229,ifa,IA,IFA,IFA_01,IFA,,19181,19780,1906490,"IFA Des Moines-West Des Moines, IA",0.0,no cell in the extract: territory at zero opportunity
ifa_mw_wiia_k2,50230,ifa,IA,IFA,IFA_01,IFA,,19083,,1965370,"IFA Des Moines-West Des Moines, IA",0.0,no cell in the extract: territory at zero opportunity
ifa_mw_wiia_k2,50231,ifa,IA,IFA,IFA_01,IFA,,19079,,1965595,"IFA Des Moines-West Des Moines, IA",0.0,no cell in the extract: territory at zero opportunity
ifa_mw_wiia_k2,50232,ifa,IA,IFA,IFA_01,IFA,,19099,19780,1965955,"IFA Des Moines-West Des Moines, IA",0.0,no cell in the extract: territory at zero opportunity
ifa_mw_wiia_k2,50233,ifa,IA,IFA,IFA_01,IFA,,19049,19780,1966045,"IFA Des Moines-West Des Moines, IA",0.0357476,
ifa_mw_wiia_k2,50234,ifa,IA,IFA,IFA_01,IFA,,19127,32260,1966540,"IFA Des Moines-West Des Moines, IA",0.0,no cell in the extract: territory at zero opportunity
ifa_mw_wiia_k2,50235,ifa,IA,IFA,IFA_01,IFA,,19073,,1967215,"IFA Des Moines-West Des Moines, IA",0.0,no cell in the extract: territory at zero opportunity
ifa_mw_wiia_k2,50236,ifa,IA,IFA,IFA_01,IFA,,19169,11180,1968475,"IFA Des Moines-West Des Moines, IA",0.0,no cell in the extract: territory at zero opportunity
ifa_mw_wiia_k2,50237,ifa,IA,IFA,IFA_01,IFA,,19153,19780,1969240,"IFA Des Moines-West Des Moines, IA",0.0,no cell in the extract: territory at zero opportunity
ifa_mw_wiia_k2,50238,ifa,IA,IFA,IFA_01,IFA,,19117,,1969285,"IFA Des Moines-West Des Moines, IA",0.0,no cell in the extract: territory at zero opportunity
ifa_mw_wiia_k2,50239,ifa,IA,IFA,IFA_01,IFA,,19127,32260,1969780,"IFA Des Moines-West Des Moines, IA",0.0,no cell in the extract: territory at zero opportunity
ifa_mw_wiia_k2,50240,ifa,IA,IFA,IFA_01,IFA,,19121,19780,1969915,"IFA Des Moines-West Des Moines, IA",0.0,no cell in the extract: territory at zero opportunity
ifa_mw_wiia_k2,50241,ifa,IA,IFA,IFA_01,IFA,,19181,19780,1970095,"IFA Des Moines-West Des Moines, IA",0.0,no cell in the extract: territory at zero opportunity
ifa_mw_wiia_k2,50242,ifa,IA,IFA,IFA_01,IFA,,19157,,1971355,"IFA Des Moines-West Des Moines, IA",0.0,no cell in the extract: territory at zero opportunity
ifa_mw_wiia_k2,50243,ifa,IA,IFA,IFA_01,IFA,,19153,19780,1972345,"IFA Des Moines-West Des Moines, IA",0.0,no cell in the extract: territory at zero opportunity
ifa_mw_wiia_k2,50244,ifa,IA,IFA,IFA_01,IFA,,19153,19780,1973515,"IFA Des Moines-West Des Moines, IA",0.0,no cell in the extract: territory at zero opportunity
ifa_mw_wiia_k2,50246,ifa,IA,IFA,IFA_01,IFA,,19079,,1974910,"IFA Des Moines-West Des Moines, IA",0.0,no cell in the extract: territory at zero opportunity
ifa_mw_wiia_k2,50247,ifa,IA,IFA,IFA_01,IFA,,19127,32260,1975135,"IFA Des Moines-West Des Moines, IA",0.0,no cell in the extract: territory at zero opportunity
ifa_mw_wiia_k2,50248,ifa,IA,IFA,IFA_01,IFA,,19169,11180,1975675,"IFA Des Moines-West Des Moines, IA",0.0,no cell in the extract: territory at zero opportunity
ifa_mw_wiia_k2,50249,ifa,IA,IFA,IFA_01,IFA,,19079,,1975810,"IFA Des Moines-West Des Moines, IA",0.0,no cell in the extract: territory at zero opportunity
ifa_mw_wiia_k2,50250,ifa,IA,IFA,IFA_01,IFA,,19001,,1975990,"IFA Des Moines-West Des Moines, IA",0.0,no cell in the extract: territory at zero opportunity
ifa_mw_wiia_k2,50251,ifa,IA,IFA,IFA_01,IFA,,19099,19780,1976035,"IFA Des Moines-West Des Moines, IA",0.0,no cell in the extract: territory at zero opportunity
ifa_mw_wiia_k2,50252,ifa,IA,IFA,IFA_01,IFA,,19125,37800,1976665,"IFA Des Moines-West Des Moines, IA",0.0,no cell in the extract: territory at zero opportunity
ifa_mw_wiia_k2,50254,ifa,IA,IFA,IFA_01,IFA,,19175,,1977565,"IFA Des Moines-West Des Moines, IA",0.0,no cell in the extract: territory at zero opportunity
ifa_mw_wiia_k2,50255,ifa,IA,IFA,IFA_01,IFA,,19107,,1977835,"IFA Des Moines-West Des Moines, IA",0.0,no cell in the extract: territory at zero opportunity
ifa_mw_wiia_k2,50256,ifa,IA,IFA,IFA_01,IFA,,19125,37800,,"IFA Des Moines-West Des Moines, IA",0.0,no cell in the extract: territory at zero opportunity
ifa_mw_wiia_k2,50257,ifa,IA,IFA,IFA_01,IFA,,19121,19780,1979140,"IFA Des Moines-West Des Moines, IA",0.0,no cell in the extract: territory at zero opportunity
ifa_mw_wiia_k2,50258,ifa,IA,IFA,IFA_01,IFA,,19083,,1979545,"IFA Des Moines-West Des Moines, IA",0.0,no cell in the extract: territory at zero opportunity
ifa_mw_wiia_k2,50261,ifa,IA,IFA,IFA_01,IFA,,19121,19780,1983910,"IFA Des Moines-West Des Moines, IA",0.0,no cell in the extract: territory at zero opportunity
ifa_mw_wiia_k2,50262,ifa,IA,IFA,IFA_01,IFA,,19053,,1980490,"IFA Des Moines-West Des Moines, IA",0.0,no cell in the extract: territory at zero opportunity
ifa_mw_wiia_k2,50263,ifa,IA,IFA,IFA_01,IFA,,19049,19780,1982695,"IFA Des Moines-West Des Moines, IA",0.0,no cell in the extract: territory at zero opportunity
ifa_mw_wiia_k2,50264,ifa,IA,IFA,IFA_01,IFA,,19039,,1983190,"IFA Des Moines-West Des Moines, IA",0.0,no cell in the extract: territory at zero opportunity
ifa_mw_wiia_k2,50265,ifa,IA,IFA,IFA_01,IFA,,19153,19780,1983910,"IFA Des Moines-West Des Moines, IA",15.1394,
ifa_mw_wiia_k2,50266,ifa,IA,IFA,IFA_01,IFA,,19049,19780,1983910,"IFA Des Moines-West Des Moines, IA",88.6212,
ifa_mw_wiia_k2,50268,ifa,IA,IFA,IFA_01,IFA,,19107,,1984900,"IFA Des Moines-West Des Moines, IA",0.0,no cell in the extract: territory at zero opportunity
ifa_mw_wiia_k2,50269,ifa,IA,IFA,IFA_01,IFA,,19083,,1985305,"IFA Des Moines-West Des Moines, IA",0.0,no cell in the extract: territory at zero opportunity
ifa_mw_wiia_k2,50271,ifa,IA,IFA,IFA_01,IFA,,19079,,1985800,"IFA Des Moines-West Des Moines, IA",0.0,no cell in the extract: territory at zero opportunity
ifa_mw_wiia_k2,50272,ifa,IA,IFA,IFA_01,IFA,,19117,,1985935,"IFA Des Moines-West Des Moines, IA",0.0,no cell in the extract: territory at zero opportunity
ifa_mw_wiia_k2,50273,ifa,IA,IFA,IFA_01,IFA,,19121,19780,1986520,"IFA Des Moines-West Des Moines, IA",3.29159,
ifa_mw_wiia_k2,50274,ifa,IA,IFA,IFA_01,IFA,,19029,,1986610,"IFA Des Moines-West Des Moines, IA",0.0,no cell in the extract: territory at zero opportunity
ifa_mw_wiia_k2,50275,ifa,IA,IFA,IFA_01,IFA,,19039,,1986880,"IFA Des Moines-West Des Moines, IA",0.0,no cell in the extract: territory at zero opportunity
ifa_mw_wiia_k2,50276,ifa,IA,IFA,IFA_01,IFA,,19015,11180,1986970,"IFA Des Moines-West Des Moines, IA",0.0,no cell in the extract: territory at zero opportunity
ifa_mw_wiia_k2,50277,ifa,IA,IFA,IFA_01,IFA,,19077,19780,1987285,"IFA Des Moines-West Des Moines, IA",0.0,no cell in the extract: territory at zero opportunity
ifa_mw_wiia_k2,50278,ifa,IA,IFA,IFA_01,IFA,,19169,11180,1987555,"IFA Des Moines-West Des Moines, IA",0.0,no cell in the extract: territory at zero opportunity
ifa_mw_wiia_k2,50309,ifa,IA,IFA,IFA_01,IFA,,19153,19780,1921000,"IFA Des Moines-West Des Moines, IA",3.69434,
ifa_mw_wiia_k2,50310,ifa,IA,IFA,IFA_01,IFA,,19153,19780,1921000,"IFA Des Moines-West Des Moines, IA",0.0,no cell in the extract: territory at zero opportunity
ifa_mw_wiia_k2,50311,ifa,IA,IFA,IFA_01,IFA,,19153,19780,1921000,"IFA Des Moines-West Des Moines, IA",0.0,no cell in the extract: territory at zero opportunity
ifa_mw_wiia_k2,50312,ifa,IA,IFA,IFA_01,IFA,,19153,19780,1921000,"IFA Des Moines-West Des Moines, IA",10.9835,
ifa_mw_wiia_k2,50313,ifa,IA,IFA,IFA_01,IFA,,19153,19780,1921000,"IFA Des Moines-West Des Moines, IA",0.0,no cell in the extract: territory at zero opportunity
ifa_mw_wiia_k2,50314,ifa,IA,IFA,IFA_01,IFA,,19153,19780,1921000,"IFA Des Moines-West Des Moines, IA",0.0,no cell in the extract: territory at zero opportunity
ifa_mw_wiia_k2,50315,ifa,IA,IFA,IFA_01,IFA,,19153,19780,1921000,"IFA Des Moines-West Des Moines, IA",0.0,no cell in the extract: territory at zero opportunity
ifa_mw_wiia_k2,50316,ifa,IA,IFA,IFA_01,IFA,,19153,19780,1921000,"IFA Des Moines-West Des Moines, IA",0.0,no cell in the extract: territory at zero opportunity
ifa_mw_wiia_k2,50317,ifa,IA,IFA,IFA_01,IFA,,19153,19780,1921000,"IFA Des Moines-West Des Moines, IA",0.348379,
ifa_mw_wiia_k2,50319,ifa,IA,IFA,IFA_01,IFA,,19153,19780,1921000,"IFA Des Moines-West Des Moines, IA",0.0,no cell in the extract: territory at zero opportunity
ifa_mw_wiia_k2,50320,ifa,IA,IFA,IFA_01,IFA,,19153,19780,1921000,"IFA Des Moines-West Des Moines, IA",0.0,no cell in the extract: territory at zero opportunity
ifa_mw_wiia_k2,50321,ifa,IA,IFA,IFA_01,IFA,,19153,19780,1921000,"IFA Des Moines-West Des Moines, IA",0.178976,
ifa_mw_wiia_k2,50322,ifa,IA,IFA,IFA_01,IFA,,19153,19780,1979950,"IFA Des Moines-West Des Moines, IA",15.2054,
ifa_mw_wiia_k2,50323,ifa,IA,IFA,IFA_01,IFA,,19049,19780,1979950,"IFA Des Moines-West Des Moines, IA",0.524591,
ifa_mw_wiia_k2,50324,ifa,IA,IFA,IFA_01,IFA,,19153,19780,1986250,"IFA Des Moines-West Des Moines, IA",0.89188,
ifa_mw_wiia_k2,50325,ifa,IA,IFA,IFA_01,IFA,,19153,19780,1914520,"IFA Des Moines-West Des Moines, IA",30.4444,
ifa_mw_wiia_k2,50327,ifa,IA,IFA,IFA_01,IFA,,19153,19780,1963525,"IFA Des Moines-West Des Moines, IA",0.801191,
ifa_mw_wiia_k2,50401,ifa,IA,IFA,IFA_01,IFA,,19033,32380,1950160,"IFA Des Moines-West Des Moines, IA",2.32282,
ifa_mw_wiia_k2,50420,ifa,IA,IFA,IFA_01,IFA,,19069,,1901090,"IFA Des Moines-West Des Moines, IA",0.0,no cell in the extract: territory at zero opportunity
ifa_mw_wiia_k2,50421,ifa,IA,IFA,IFA_01,IFA,,19197,,1905680,"IFA Des Moines-West Des Moines, IA",0.0,no cell in the extract: territory at zero opportunity
ifa_mw_wiia_k2,50423,ifa,IA,IFA,IFA_01,IFA,,19081,,1908605,"IFA Des Moines-West Des Moines, IA",0.0,no cell in the extract: territory at zero opportunity
ifa_mw_wiia_k2,50424,ifa,IA,IFA,IFA_01,IFA,,19189,,1909280,"IFA Des Moines-West Des Moines, IA",0.0,no cell in the extract: territory at zero opportunity
ifa_mw_wiia_k2,50426,ifa,IA,IFA,IFA_01,IFA,,19131,,1911035,"IFA Des Moines-West Des Moines, IA",0.0,no cell in the extract: territory at zero opportunity
ifa_mw_wiia_k2,50427,ifa,IA,IFA,IFA_01,IFA,,19069,,1912675,"IFA Des Moines-West Des Moines, IA",0.0,no cell in the extract: territory at zero opportunity
ifa_mw_wiia_k2,50428,ifa,IA,IFA,IFA_01,IFA,,19033,32380,1914025,"IFA Des Moines-West Des Moines, IA",0.168333,
ifa_mw_wiia_k2,50430,ifa,IA,IFA,IFA_01,IFA,,19081,,1916590,"IFA Des Moines-West Des Moines, IA",0.0,no cell in the extract: territory at zero opportunity
ifa_mw_wiia_k2,50431,ifa,IA,IFA,IFA_01,IFA,,19069,,1916815,"IFA Des Moines-West Des Moines, IA",0.0,no cell in the extract: territory at zero opportunity
ifa_mw_wiia_k2,50432,ifa,IA,IFA,IFA_01,IFA,,19081,,1917670,"IFA Des Moines-West Des Moines, IA",0.0,no cell in the extract: territory at zero opportunity
ifa_mw_wiia_k2,50433,ifa,IA,IFA,IFA_01,IFA,,19033,32380,1922080,"IFA Des Moines-West Des Moines, IA",0.0,no cell in the extract: territory at zero opportunity
ifa_mw_wiia_k2,50434,ifa,IA,IFA,IFA_01,IFA,,19195,32380,1927390,"IFA Des Moines-West Des Moines, IA",0.0,no cell in the extract: territory at zero opportunity
ifa_mw_wiia_k2,50435,ifa,IA,IFA,IFA_01,IFA,,19067,,1928020,"IFA Des Moines-West Des Moines, IA",0.0,no cell in the extract: territory at zero opportunity
ifa_mw_wiia_k2,50436,ifa,IA,IFA,IFA_01,IFA,,19189,,1928380,"IFA Des Moines-West Des Moines, IA",1.61787,
ifa_mw_wiia_k2,50438,ifa,IA,IFA,IFA_01,IFA,,19081,,1929955,"IFA Des Moines-West Des Moines, IA",0.0,no cell in the extract: territory at zero opportunity
ifa_mw_wiia_k2,50439,ifa,IA,IFA,IFA_01,IFA,,19081,,1931575,"IFA Des Moines-West Des Moines, IA",0.0,no cell in the extract: territory at zero opportunity
ifa_mw_wiia_k2,50440,ifa,IA,IFA,IFA_01,IFA,,19195,32380,1931890,"IFA Des Moines-West Des Moines, IA",0.0,no cell in the extract: territory at zero opportunity
ifa_mw_wiia_k2,50441,ifa,IA,IFA,IFA_01,IFA,,19069,,1933960,"IFA Des Moines-West Des Moines, IA",0.831741,
ifa_mw_wiia_k2,50444,ifa,IA,IFA,IFA_01,IFA,,19195,32380,1934185,"IFA Des Moines-West Des Moines, IA",0.0,no cell in the extract: territory at zero opportunity
ifa_mw_wiia_k2,50446,ifa,IA,IFA,IFA_01,IFA,,19195,32380,1939855,"IFA Des Moines-West Des Moines, IA",0.0,no cell in the extract: territory at zero opportunity
ifa_mw_wiia_k2,50447,ifa,IA,IFA,IFA_01,IFA,,19081,,1940260,"IFA Des Moines-West Des Moines, IA",0.0,no cell in the extract: territory at zero opportunity
ifa_mw_wiia_k2,50448,ifa,IA,IFA,IFA_01,IFA,,19195,32380,1940665,"IFA Des Moines-West Des Moines, IA",0.0,no cell in the extract: territory at zero opportunity
ifa_mw_wiia_k2,50449,ifa,IA,IFA,IFA_01,IFA,,19081,,1941655,"IFA Des Moines-West Des Moines, IA",0.0,no cell in the extract: territory at zero opportunity
ifa_mw_wiia_k2,50450,ifa,IA,IFA,IFA_01,IFA,,19189,,1942555,"IFA Des Moines-West Des Moines, IA",0.961356,
ifa_mw_wiia_k2,50451,ifa,IA,IFA,IFA_01,IFA,,19109,,1942825,"IFA Des Moines-West Des Moines, IA",0.0,no cell in the extract: territory at zero opportunity
ifa_mw_wiia_k2,50452,ifa,IA,IFA,IFA_01,IFA,,19069,,1943590,"IFA Des Moines-West Des Moines, IA",0.0,no cell in the extract: territory at zero opportunity
ifa_mw_wiia_k2,50453,ifa,IA,IFA,IFA_01,IFA,,19189,,1944355,"IFA Des Moines-West Des Moines, IA",0.0,no cell in the extract: territory at zero opportunity
ifa_mw_wiia_k2,50454,ifa,IA,IFA,IFA_01,IFA,,19131,,1945705,"IFA Des Moines-West Des Moines, IA",0.0,no cell in the extract: territory at zero opportunity
ifa_mw_wiia_k2,50455,ifa,IA,IFA,IFA_01,IFA,,19131,,1948045,"IFA Des Moines-West Des Moines, IA",0.0,no cell in the extract: territory at zero opportunity
ifa_mw_wiia_k2,50456,ifa,IA,IFA,IFA_01,IFA,,19195,32380,1948900,"IFA Des Moines-West Des Moines, IA",0.0,no cell in the extract: territory at zero opportunity
ifa_mw_wiia_k2,50457,ifa,IA,IFA,IFA_01,IFA,,19081,,1951420,"IFA Des Moines-West Des Moines, IA",0.0,no cell in the extract: territory at zero opportunity
ifa_mw_wiia_k2,50458,ifa,IA,IFA,IFA_01,IFA,,19067,,1956910,"IFA Des Moines-West Des Moines, IA",0.0,no cell in the extract: territory at zero opportunity
ifa_mw_wiia_k2,50459,ifa,IA,IFA,IFA_01,IFA,,19195,32380,1957630,"IFA Des Moines-West Des Moines, IA",0.0,no cell in the extract: territory at zero opportunity
ifa_mw_wiia_k2,50460,ifa,IA,IFA,IFA_01,IFA,,19131,,1959520,"IFA Des Moines-West Des Moines, IA",0.0,no cell in the extract: territory at zero opportunity
ifa_mw_wiia_k2,50461,ifa,IA,IFA,IFA_01,IFA,,19131,,1959745,"IFA Des Moines-West Des Moines, IA",1.63067,
ifa_mw_wiia_k2,50464,ifa,IA,IFA,IFA_01,IFA,,19033,32380,1963885,"IFA Des Moines-West Des Moines, IA",0.0,no cell in the extract: territory at zero opportunity
ifa_mw_wiia_k2,50465,ifa,IA,IFA,IFA_01,IFA,,19189,,1965415,"IFA Des Moines-West Des Moines, IA",0.0,no cell in the extract: territory at zero opportunity
ifa_mw_wiia_k2,50466,ifa,IA,IFA,IFA_01,IFA,,19089,,1966585,"IFA Des Moines-West Des Moines, IA",0.0,no cell in the extract: territory at zero opportunity
ifa_mw_wiia_k2,50467,ifa,IA,IFA,IFA_01,IFA,,19033,32380,1968025,"IFA Des Moines-West Des Moines, IA",0.0,no cell in the extract: territory at zero opportunity
ifa_mw_wiia_k2,50468,ifa,IA,IFA,IFA_01,IFA,,19067,,1968800,"IFA Des Moines-West Des Moines, IA",0.0,no cell in the extract: territory at zero opportunity
ifa_mw_wiia_k2,50469,ifa,IA,IFA,IFA_01,IFA,,19033,32380,1968250,"IFA Des Moines-West Des Moines, IA",0.0,no cell in the extract: territory at zero opportunity
ifa_mw_wiia_k2,50470,ifa,IA,IFA,IFA_01,IFA,,19197,,1969015,"IFA Des Moines-West Des Moines, IA",0.0,no cell in the extract: territory at zero opportunity
ifa_mw_wiia_k2,50471,ifa,IA,IFA,IFA_01,IFA,,19067,,1969195,"IFA Des Moines-West Des Moines, IA",0.0,no cell in the extract: territory at zero opportunity
ifa_mw_wiia_k2,50472,ifa,IA,IFA,IFA_01,IFA,,19131,,1953085,"IFA Des Moines-West Des Moines, IA",0.0,no cell in the extract: territory at zero opportunity
ifa_mw_wiia_k2,50473,ifa,IA,IFA,IFA_01,IFA,,19189,,1971040,"IFA Des Moines-West Des Moines, IA",0.0,no cell in the extract: territory at zero opportunity
ifa_mw_wiia_k2,50475,ifa,IA,IFA,IFA_01,IFA,,19069,,1972210,"IFA Des Moines-West Des Moines, IA",0.0,no cell in the extract: territory at zero opportunity
ifa_mw_wiia_k2,50476,ifa,IA,IFA,IFA_01,IFA,,19131,,1974820,"IFA Des Moines-West Des Moines, IA",0.0,no cell in the extract: territory at zero opportunity
ifa_mw_wiia_k2,50477,ifa,IA,IFA,IFA_01,IFA,,19033,32380,1976620,"IFA Des Moines-West Des Moines, IA",0.0,no cell in the extract: territory at zero opportunity
ifa_mw_wiia_k2,50478,ifa,IA,IFA,IFA_01,IFA,,19189,,1977745,"IFA Des Moines-West Des Moines, IA",0.0,no cell in the extract: territory at zero opportunity
ifa_mw_wiia_k2,50479,ifa,IA,IFA,IFA_01,IFA,,19033,32380,1977880,"IFA Des Moines-West Des Moines, IA",0.0,no cell in the extract: territory at zero opportunity
ifa_mw_wiia_k2,50480,ifa,IA,IFA,IFA_01,IFA,,19109,,1978330,"IFA Des Moines-West Des Moines, IA",0.0,no cell in the extract: territory at zero opportunity
ifa_mw_wiia_k2,50482,ifa,IA,IFA,IFA_01,IFA,,19033,32380,1980580,"IFA Des Moines-West Des Moines, IA",0.0,no cell in the extract: territory at zero opportunity
ifa_mw_wiia_k2,50483,ifa,IA,IFA,IFA_01,IFA,,19109,,1983415,"IFA Des Moines-West Des Moines, IA",0.0,no cell in the extract: territory at zero opportunity
ifa_mw_wiia_k2,50484,ifa,IA,IFA,IFA_01,IFA,,19081,,1986700,"IFA Des Moines-West Des Moines, IA",0.0,no cell in the extract: territory at zero opportunity
ifa_mw_wiia_k2,50501,ifa,IA,IFA,IFA_01,IFA,,19187,22700,1928515,"IFA Des Moines-West Des Moines, IA",32.496,
ifa_mw_wiia_k2,50510,ifa,IA,IFA,IFA_01,IFA,,19021,44740,1900865,"IFA Des Moines-West Des Moines, IA",0.0,no cell in the extract: territory at zero opportunity
ifa_mw_wiia_k2,50511,ifa,IA,IFA,IFA_01,IFA,,19109,,1901135,"IFA Des Moines-West Des Moines, IA",9.07957,
ifa_mw_wiia_k2,50514,ifa,IA,IFA,IFA_01,IFA,,19063,,1902935,"IFA Des Moines-West Des Moines, IA",0.0,no cell in the extract: territory at zero opportunity
ifa_mw_wiia_k2,50515,ifa,IA,IFA,IFA_01,IFA,,19147,,1904105,"IFA Des Moines-West Des Moines, IA",0.0,no cell in the extract: territory at zero opportunity
ifa_mw_wiia_k2,50516,ifa,IA,IFA,IFA_01,IFA,,19187,22700,1904195,"IFA Des Moines-West Des Moines, IA",0.0,no cell in the extract: territory at zero opportunity
ifa_mw_wiia_k2,50517,ifa,IA,IFA,IFA_01,IFA,,19109,,1904420,"IFA Des Moines-West Des Moines, IA",0.0,no cell in the extract: territory at zero opportunity
ifa_mw_wiia_k2,50518,ifa,IA,IFA,IFA_01,IFA,,19187,22700,1904645,"IFA Des Moines-West Des Moines, IA",0.0,no cell in the extract: territory at zero opportunity
ifa_mw_wiia_k2,50519,ifa,IA,IFA,IFA_01,IFA,,19091,,1970005,"IFA Des Moines-West Des Moines, IA",0.0,no cell in the extract: territory at zero opportunity
ifa_mw_wiia_k2,50520,ifa,IA,IFA,IFA_01,IFA,,19091,,1908065,"IFA Des Moines-West Des Moines, IA",0.0,no cell in the extract: territory at zero opportunity
ifa_mw_wiia_k2,50521,ifa,IA,IFA,IFA_01,IFA,,19187,22700,,"IFA Des Moines-West Des Moines, IA",0.0,no cell in the extract: territory at zero opportunity
ifa_mw_wiia_k2,50522,ifa,IA,IFA,IFA_01,IFA,,19109,,1909685,"IFA Des Moines-West Des Moines, IA",0.0,no cell in the extract: territory at zero opportunity
ifa_mw_wiia_k2,50523,ifa,IA,IFA,IFA_01,IFA,,19187,22700,1909955,"IFA Des Moines-West Des Moines, IA",0.0,no cell in the extract: territory at zero opportunity
ifa_mw_wiia_k2,50524,ifa,IA,IFA,IFA_01,IFA,,19187,22700,1913485,"IFA Des Moines-West Des Moines, IA",0.0,no cell in the extract: territory at zero opportunity
ifa_mw_wiia_k2,50525,ifa,IA,IFA,IFA_01,IFA,,19197,,1913620,"IFA Des Moines-West Des Moines, IA",0.0,no cell in the extract: territory at zero opportunity
ifa_mw_wiia_k2,50527,ifa,IA,IFA,IFA_01,IFA,,19147,,1917895,"IFA Des Moines-West Des Moines, IA",0.0,no cell in the extract: territory at zero opportunity
ifa_mw_wiia_k2,50528,ifa,IA,IFA,IFA_01,IFA,,19147,,1917985,"IFA Des Moines-West Des Moines, IA",0.0,no cell in the extract: territory at zero opportunity
ifa_mw_wiia_k2,50529,ifa,IA,IFA,IFA_01,IFA,,19091,,1918075,"IFA Des Moines-West Des Moines, IA",0.0,no cell in the extract: territory at zero opportunity
ifa_mw_wiia_k2,50530,ifa,IA,IFA,IFA_01,IFA,,19187,22700,1919180,"IFA Des Moines-West Des Moines, IA",0.0,no cell in the extract: territory at zero opportunity
ifa_mw_wiia_k2,50531,ifa,IA,IFA,IFA_01,IFA,,19063,,1921675,"IFA Des Moines-West Des Moines, IA",0.0,no cell in the extract: territory at zero opportunity
ifa_mw_wiia_k2,50532,ifa,IA,IFA,IFA_01,IFA,,19187,22700,1922755,"IFA Des Moines-West Des Moines, IA",0.0,no cell in the extract: territory at zero opportunity
ifa_mw_wiia_k2,50533,ifa,IA,IFA,IFA_01,IFA,,19197,,1923250,"IFA Des Moines-West Des Moines, IA",0.0,no cell in the extract: territory at zero opportunity
ifa_mw_wiia_k2,50535,ifa,IA,IFA,IFA_01,IFA,,19161,,1923475,"IFA Des Moines-West Des Moines, IA",0.0,no cell in the extract: territory at zero opportunity
ifa_mw_wiia_k2,50536,ifa,IA,IFA,IFA_01,IFA,,19147,,1925590,"IFA Des Moines-West Des Moines, IA",2.59749,
ifa_mw_wiia_k2,50538,ifa,IA,IFA,IFA_01,IFA,,19025,,1967125,"IFA Des Moines-West Des Moines, IA",0.0,no cell in the extract: territory at zero opportunity
ifa_mw_wiia_k2,50539,ifa,IA,IFA,IFA_01,IFA,,19109,,1927210,"IFA Des Moines-West Des Moines, IA",0.0,no cell in the extract: territory at zero opportunity
ifa_mw_wiia_k2,50540,ifa,IA,IFA,IFA_01,IFA,,19151,,1928245,"IFA Des Moines-West Des Moines, IA",0.0,no cell in the extract: territory at zero opportunity
ifa_mw_wiia_k2,50541,ifa,IA,IFA,IFA_01,IFA,,19151,,1930945,"IFA Des Moines-West Des Moines, IA",0.336917,
ifa_mw_wiia_k2,50542,ifa,IA,IFA,IFA_01,IFA,,19197,,1931530,"IFA Des Moines-West Des Moines, IA",1.18123,
ifa_mw_wiia_k2,50543,ifa,IA,IFA,IFA_01,IFA,,19187,22700,1931710,"IFA Des Moines-West Des Moines, IA",0.0,no cell in the extract: territory at zero opportunity
ifa_mw_wiia_k2,50544,ifa,IA,IFA,IFA_01,IFA,,19187,22700,1934410,"IFA Des Moines-West Des Moines, IA",0.0,no cell in the extract: territory at zero opportunity
ifa_mw_wiia_k2,50545,ifa,IA,IFA,IFA_01,IFA,,19091,,1934455,"IFA Des Moines-West Des Moines, IA",0.0,no cell in the extract: territory at zero opportunity
ifa_mw_wiia_k2,50546,ifa,IA,IFA,IFA_01,IFA,,19151,,1935130,"IFA Des Moines-West Des Moines, IA",0.0,no cell in the extract: territory at zero opportunity
ifa_mw_wiia_k2,50548,ifa,IA,IFA,IFA_01,IFA,,19091,,1937560,"IFA Des Moines-West Des Moines, IA",0.0,no cell in the extract: territory at zero opportunity
ifa_mw_wiia_k2,50551,ifa,IA,IFA,IFA_01,IFA,,19025,,1939900,"IFA Des Moines-West Des Moines, IA",0.0,no cell in the extract: territory at zero opportunity
ifa_mw_wiia_k2,50552,ifa,IA,IFA,IFA_01,IFA,,19025,,1941790,"IFA Des Moines-West Des Moines, IA",0.0,no cell in the extract: territory at zero opportunity
ifa_mw_wiia_k2,50554,ifa,IA,IFA,IFA_01,IFA,,19151,,1943725,"IFA Des Moines-West Des Moines, IA",0.0,no cell in the extract: territory at zero opportunity
ifa_mw_wiia_k2,50556,ifa,IA,IFA,IFA_01,IFA,,19109,,1944130,"IFA Des Moines-West Des Moines, IA",0.0,no cell in the extract: territory at zero opportunity
ifa_mw_wiia_k2,50557,ifa,IA,IFA,IFA_01,IFA,,19187,22700,1944265,"IFA Des Moines-West Des Moines, IA",0.0,no cell in the extract: territory at zero opportunity
ifa_mw_wiia_k2,50558,ifa,IA,IFA,IFA_01,IFA,,19091,,1945975,"IFA Des Moines-West Des Moines, IA",0.0,no cell in the extract: territory at zero opportunity
ifa_mw_wiia_k2,50559,ifa,IA,IFA,IFA_01,IFA,,19109,,1946290,"IFA Des Moines-West Des Moines, IA",0.0,no cell in the extract: territory at zero opportunity
ifa_mw_wiia_k2,50560,ifa,IA,IFA,IFA_01,IFA,,19109,,1947370,"IFA Des Moines-West Des Moines, IA",0.0,no cell in the extract: territory at zero opportunity
ifa_mw_wiia_k2,50561,ifa,IA,IFA,IFA_01,IFA,,19025,,1947730,"IFA Des Moines-West Des Moines, IA",0.0,no cell in the extract: territory at zero opportunity
ifa_mw_wiia_k2,50562,ifa,IA,IFA,IFA_01,IFA,,19147,,1948585,"IFA Des Moines-West Des Moines, IA",0.0,no cell in the extract: territory at zero opportunity
ifa_mw_wiia_k2,50563,ifa,IA,IFA,IFA_01,IFA,,19025,,1948990,"IFA Des Moines-West Des Moines, IA",0.0,no cell in the extract: territory at zero opportunity
ifa_mw_wiia_k2,50565,ifa,IA,IFA,IFA_01,IFA,,19021,44740,1949260,"IFA Des Moines-West Des Moines, IA",0.0,no cell in the extract: territory at zero opportunity
ifa_mw_wiia_k2,50566,ifa,IA,IFA,IFA_01,IFA,,19187,22700,1953895,"IFA Des Moines-West Des Moines, IA",0.0,no cell in the extract: territory at zero opportunity
ifa_mw_wiia_k2,50567,ifa,IA,IFA,IFA_01,IFA,,19161,,1955515,"IFA Des Moines-West Des Moines, IA",0.0,no cell in the extract: territory at zero opportunity
ifa_mw_wiia_k2,50568,ifa,IA,IFA,IFA_01,IFA,,19021,44740,1955965,"IFA Des Moines-West Des Moines, IA",0.0,no cell in the extract: territory at zero opportunity
ifa_mw_wiia_k2,50569,ifa,IA,IFA,IFA_01,IFA,,19187,22700,1960105,"IFA Des Moines-West Des Moines, IA",0.0,no cell in the extract: territory at zero opportunity
ifa_mw_wiia_k2,50570,ifa,IA,IFA,IFA_01,IFA,,19091,,1960420,"IFA Des Moines-West Des Moines, IA",0.0,no cell in the extract: territory at zero opportunity
ifa_mw_wiia_k2,50571,ifa,IA,IFA,IFA_01,IFA,,19151,,1961050,"IFA Des Moines-West Des Moines, IA",0.0,no cell in the extract: territory at zero opportunity
ifa_mw_wiia_k2,50573,ifa,IA,IFA,IFA_01,IFA,,19151,,1963840,"IFA Des Moines-West Des Moines, IA",0.0,no cell in the extract: territory at zero opportunity
ifa_mw_wiia_k2,50574,ifa,IA,IFA,IFA_01,IFA,,19151,,1963975,"IFA Des Moines-West Des Moines, IA",0.00828892,
ifa_mw_wiia_k2,50575,ifa,IA,IFA,IFA_01,IFA,,19025,,1964065,"IFA Des Moines-West Des Moines, IA",0.0,no cell in the extract: territory at zero opportunity
ifa_mw_wiia_k2,50576,ifa,IA,IFA,IFA_01,IFA,,19021,44740,1966360,"IFA Des Moines-West Des Moines, IA",0.0,no cell in the extract: territory at zero opportunity
ifa_mw_wiia_k2,50577,ifa,IA,IFA,IFA_01,IFA,,19091,,1966450,"IFA Des Moines-West Des Moines, IA",0.0,no cell in the extract: territory at zero opportunity
ifa_mw_wiia_k2,50578,ifa,IA,IFA,IFA_01,IFA,,19063,,1967170,"IFA Des Moines-West Des Moines, IA",0.0,no cell in the extract: territory at zero opportunity
ifa_mw_wiia_k2,50579,ifa,IA,IFA,IFA_01,IFA,,19025,,1968295,"IFA Des Moines-West Des Moines, IA",0.0,no cell in the extract: territory at zero opportunity
ifa_mw_wiia_k2,50581,ifa,IA,IFA,IFA_01,IFA,,19151,,1968520,"IFA Des Moines-West Des Moines, IA",0.0,no cell in the extract: territory at zero opportunity
ifa_mw_wiia_k2,50582,ifa,IA,IFA,IFA_01,IFA,,19091,,1969375,"IFA Des Moines-West Des Moines, IA",0.0,no cell in the extract: territory at zero opportunity
ifa_mw_wiia_k2,50583,ifa,IA,IFA,IFA_01,IFA,,19161,,1969645,"IFA Des Moines-West Des Moines, IA",0.0,no cell in the extract: territory at zero opportunity
ifa_mw_wiia_k2,50585,ifa,IA,IFA,IFA_01,IFA,,19021,44740,1973425,"IFA Des Moines-West Des Moines, IA",0.0,no cell in the extract: territory at zero opportunity
ifa_mw_wiia_k2,50586,ifa,IA,IFA,IFA_01,IFA,,19025,,1973920,"IFA Des Moines-West Des Moines, IA",0.0,no cell in the extract: territory at zero opportunity
ifa_mw_wiia_k2,50588,ifa,IA,IFA,IFA_01,IFA,,19021,44740,1975630,"IFA Des Moines-West Des Moines, IA",4.37675,
ifa_mw_wiia_k2,50590,ifa,IA,IFA,IFA_01,IFA,,19109,,1976755,"IFA Des Moines-West Des Moines, IA",0.0,no cell in the extract: territory at zero opportunity
ifa_mw_wiia_k2,50591,ifa,IA,IFA,IFA_01,IFA,,19091,,1977790,"IFA Des Moines-West Des Moines, IA",0.0,no cell in the extract: territory at zero opportunity
ifa_mw_wiia_k2,50592,ifa,IA,IFA,IFA_01,IFA,,19021,44740,1979095,"IFA Des Moines-West Des Moines, IA",0.0,no cell in the extract: territory at zero opportunity
ifa_mw_wiia_k2,50593,ifa,IA,IFA,IFA_01,IFA,,19151,,1980535,"IFA Des Moines-West Des Moines, IA",0.0,no cell in the extract: territory at zero opportunity
ifa_mw_wiia_k2,50594,ifa,IA,IFA,IFA_01,IFA,,19187,22700,1981075,"IFA Des Moines-West Des Moines, IA",0.0,no cell in the extract: territory at zero opportunity
ifa_mw_wiia_k2,50595,ifa,IA,IFA,IFA_01,IFA,,19079,,1983145,"IFA Des Moines-West Des Moines, IA",3.07827,
ifa_mw_wiia_k2,50597,ifa,IA,IFA,IFA_01,IFA,,19147,,1983550,"IFA Des Moines-West Des Moines, IA",0.0,no cell in the extract: territory at zero opportunity
ifa_mw_wiia_k2,50598,ifa,IA,IFA,IFA_01,IFA,,19109,,1985260,"IFA Des Moines-West Des Moines, IA",0.0,no cell in the extract: territory at zero opportunity
ifa_mw_wiia_k2,50599,ifa,IA,IFA,IFA_01,IFA,,19197,,1987015,"IFA Des Moines-West Des Moines, IA",0.0,no cell in the extract: territory at zero opportunity
ifa_mw_wiia_k2,50601,ifa,IA,IFA,IFA_01,IFA,,19069,,1900190,"IFA Des Moines-West Des Moines, IA",0.0,no cell in the extract: territory at zero opportunity
ifa_mw_wiia_k2,50602,ifa,IA,IFA,IFA_01,IFA,,19023,,1901315,"IFA Des Moines-West Des Moines, IA",0.0,no cell in the extract: territory at zero opportunity
ifa_mw_wiia_k2,50603,ifa,IA,IFA,IFA_01,IFA,,19037,,1901540,"IFA Des Moines-West Des Moines, IA",0.0,no cell in the extract: territory at zero opportunity
ifa_mw_wiia_k2,50604,ifa,IA,IFA,IFA_01,IFA,,19023,,1902395,"IFA Des Moines-West Des Moines, IA",0.0,no cell in the extract: territory at zero opportunity
ifa_mw_wiia_k2,50605,ifa,IA,IFA,IFA_01,IFA,,19069,,1902620,"IFA Des Moines-West Des Moines, IA",0.0,no cell in the extract: territory at zero opportunity
ifa_mw_wiia_k2,50606,ifa,IA,IFA,IFA_01,IFA,,19065,,1902845,"IFA Des Moines-West Des Moines, IA",0.0,no cell in the extract: territory at zero opportunity
ifa_mw_wiia_k2,50607,ifa,IA,IFA,IFA_01,IFA,,19019,,1903835,"IFA Des Moines-West Des Moines, IA",0.0,no cell in the extract: territory at zero opportunity
ifa_mw_wiia_k2,50608,ifa,IA,IFA,IFA_01,IFA,,19023,,,"IFA Des Moines-West Des Moines, IA",0.0,no cell in the extract: territory at zero opportunity
ifa_mw_wiia_k2,50609,ifa,IA,IFA,IFA_01,IFA,,19075,47940,1905140,"IFA Des Moines-West Des Moines, IA",0.0,no cell in the extract: territory at zero opportunity
ifa_mw_wiia_k2,50611,ifa,IA,IFA,IFA_01,IFA,,19023,,1908560,"IFA Des Moines-West Des Moines, IA",0.0,no cell in the extract: territory at zero opportunity
ifa_mw_wiia_k2,50612,ifa,IA,IFA,IFA_01,IFA,,19171,,,"IFA Des Moines-West Des Moines, IA",0.0,no cell in the extract: territory at zero opportunity
ifa_mw_wiia_k2,50613,ifa,IA,IFA,IFA_01,IFA,,19013,47940,1911755,"IFA Des Moines-West Des Moines, IA",21.676,
ifa_mw_wiia_k2,50616,ifa,IA,IFA,IFA_01,IFA,,19067,,1912765,"IFA Des Moines-West Des Moines, IA",0.0,no cell in the extract: territory at zero opportunity
ifa_mw_wiia_k2,50619,ifa,IA,IFA,IFA_01,IFA,,19023,,1913755,"IFA Des Moines-West Des Moines, IA",0.0,no cell in the extract: territory at zero opportunity
ifa_mw_wiia_k2,50620,ifa,IA,IFA,IFA_01,IFA,,19067,,1915465,"IFA Des Moines-West Des Moines, IA",0.0,no cell in the extract: territory at zero opportunity
ifa_mw_wiia_k2,50621,ifa,IA,IFA,IFA_01,IFA,,19075,47940,1915825,"IFA Des Moines-West Des Moines, IA",0.936751,
ifa_mw_wiia_k2,50622,ifa,IA,IFA,IFA_01,IFA,,19017,47940,1920035,"IFA Des Moines-West Des Moines, IA",0.119318,
ifa_mw_wiia_k2,50623,ifa,IA,IFA,IFA_01,IFA,,19013,47940,,"IFA Des Moines-West Des Moines, IA",0.0,no cell in the extract: territory at zero opportunity
ifa_mw_wiia_k2,50624,ifa,IA,IFA,IFA_01,IFA,,19075,47940,1921405,"IFA Des Moines-West Des Moines, IA",0.0,no cell in the extract: territory at zero opportunity
ifa_mw_wiia_k2,50625,ifa,IA,IFA,IFA_01,IFA,,19023,,1922620,"IFA Des Moines-West Des Moines, IA",0.0,no cell in the extract: territory at zero opportunity
ifa_mw_wiia_k2,50626,ifa,IA,IFA,IFA_01,IFA,,19013,47940,1922845,"IFA Des Moines-West Des Moines, IA",5.1636,
ifa_mw_wiia_k2,50627,ifa,IA,IFA,IFA_01,IFA,,19083,,1924465,"IFA Des Moines-West Des Moines, IA",0.0,no cell in the extract: territory at zero opportunity
ifa_mw_wiia_k2,50628,ifa,IA,IFA,IFA_01,IFA,,19089,,1925095,"IFA Des Moines-West Des Moines, IA",0.0,no cell in the extract: territory at zero opportunity
ifa_mw_wiia_k2,50629,ifa,IA,IFA,IFA_01,IFA,,19019,,1926355,"IFA Des Moines-West Des Moines, IA",0.0,no cell in the extract: territory at zero opportunity
ifa_mw_wiia_k2,50630,ifa,IA,IFA,IFA_01,IFA,,19037,,1928965,"IFA Des Moines-West Des Moines, IA",0.0,no cell in the extract: territory at zero opportunity
ifa_mw_wiia_k2,50631,ifa,IA,IFA,IFA_01,IFA,,19017,47940,1929010,"IFA Des Moines-West Des Moines, IA",0.0,no cell in the extract: territory at zero opportunity
ifa_mw_wiia_k2,50632,ifa,IA,IFA,IFA_01,IFA,,19171,,1930045,"IFA Des Moines-West Des Moines, IA",0.0,no cell in the extract: territory at zero opportunity
ifa_mw_wiia_k2,50633,ifa,IA,IFA,IFA_01,IFA,,19069,,1930135,"IFA Des Moines-West Des Moines, IA",0.0,no cell in the extract: territory at zero opportunity
ifa_mw_wiia_k2,50634,ifa,IA,IFA,IFA_01,IFA,,19013,47940,1930675,"IFA Des Moines-West Des Moines, IA",0.0,no cell in the extract: territory at zero opportunity
ifa_mw_wiia_k2,50635,ifa,IA,IFA,IFA_01,IFA,,19171,,1931035,"IFA Des Moines-West Des Moines, IA",0.0,no cell in the extract: territory at zero opportunity
ifa_mw_wiia_k2,50636,ifa,IA,IFA,IFA_01,IFA,,19023,,1932745,"IFA Des Moines-West Des Moines, IA",0.0,no cell in the extract: territory at zero opportunity
ifa_mw_wiia_k2,50638,ifa,IA,IFA,IFA_01,IFA,,19075,47940,1933195,"IFA Des Moines-West Des Moines, IA",0.0,no cell in the extract: territory at zero opportunity
ifa_mw_wiia_k2,50641,ifa,IA,IFA,IFA_01,IFA,,19019,,1935580,"IFA Des Moines-West Des Moines, IA",0.0,no cell in the extract: territory at zero opportunity
ifa_mw_wiia_k2,50642,ifa,IA,IFA,IFA_01,IFA,,19075,47940,1936705,"IFA Des Moines-West Des Moines, IA",0.0,no cell in the extract: territory at zero opportunity
ifa_mw_wiia_k2,50643,ifa,IA,IFA,IFA_01,IFA,,19013,47940,1937470,"IFA Des Moines-West Des Moines, IA",0.0,no cell in the extract: territory at zero opportunity
ifa_mw_wiia_k2,50644,ifa,IA,IFA,IFA_01,IFA,,19019,,1938100,"IFA Des Moines-West Des Moines, IA",2.18401,
ifa_mw_wiia_k2,50645,ifa,IA,IFA,IFA_01,IFA,,19037,,1938460,"IFA Des Moines-West Des Moines, IA",0.0,no cell in the extract: territory at zero opportunity
ifa_mw_wiia_k2,50647,ifa,IA,IFA,IFA_01,IFA,,19017,47940,1939405,"IFA Des Moines-West Des Moines, IA",0.0,no cell in the extract: territory at zero opportunity
ifa_mw_wiia_k2,50648,ifa,IA,IFA,IFA_01,IFA,,19013,47940,1939585,"IFA Des Moines-West Des Moines, IA",0.00407589,
ifa_mw_wiia_k2,50649,ifa,IA,IFA,IFA_01,IFA,,19023,,,"IFA Des Moines-West Des Moines, IA",0.0,no cell in the extract: territory at zero opportunity
ifa_mw_wiia_k2,50650,ifa,IA,IFA,IFA_01,IFA,,19019,,1943005,"IFA Des Moines-West Des Moines, IA",0.0,no cell in the extract: territory at zero opportunity
ifa_mw_wiia_k2,50651,ifa,IA,IFA,IFA_01,IFA,,19013,47940,1943365,"IFA Des Moines-West Des Moines, IA",0.0,no cell in the extract: territory at zero opportunity
ifa_mw_wiia_k2,50652,ifa,IA,IFA,IFA_01,IFA,,19171,,1945255,"IFA Des Moines-West Des Moines, IA",0.0,no cell in the extract: territory at zero opportunity
ifa_mw_wiia_k2,50653,ifa,IA,IFA,IFA_01,IFA,,19067,,1949305,"IFA Des Moines-West Des Moines, IA",0.0,no cell in the extract: territory at zero opportunity
ifa_mw_wiia_k2,50654,ifa,IA,IFA,IFA_01,IFA,,19019,,1950205,"IFA Des Moines-West Des Moines, IA",0.0,no cell in the extract: territory at zero opportunity
ifa_mw_wiia_k2,50655,ifa,IA,IFA,IFA_01,IFA,,19065,,1950610,"IFA Des Moines-West Des Moines, IA",0.0,no cell in the extract: territory at zero opportunity
ifa_mw_wiia_k2,50657,ifa,IA,IFA,IFA_01,IFA,,19075,47940,1954165,"IFA Des Moines-West Des Moines, IA",0.0,no cell in the extract: territory at zero opportunity
ifa_mw_wiia_k2,50658,ifa,IA,IFA,IFA_01,IFA,,19037,,1955335,"IFA Des Moines-West Des Moines, IA",0.0,no cell in the extract: territory at zero opportunity
ifa_mw_wiia_k2,50659,ifa,IA,IFA,IFA_01,IFA,,19037,,1956100,"IFA Des Moines-West Des Moines, IA",0.0,no cell in the extract: territory at zero opportunity
ifa_mw_wiia_k2,50660,ifa,IA,IFA,IFA_01,IFA,,19023,,1956145,"IFA Des Moines-West Des Moines, IA",0.0,no cell in the extract: territory at zero opportunity
ifa_mw_wiia_k2,50662,ifa,IA,IFA,IFA_01,IFA,,19065,,1958620,"IFA Des Moines-West Des Moines, IA",0.997934,
ifa_mw_wiia_k2,50664,ifa,IA,IFA,IFA_01,IFA,,19065,,,"IFA Des Moines-West Des Moines, IA",0.0,no cell in the extract: territory at zero opportunity
ifa_mw_wiia_k2,50665,ifa,IA,IFA,IFA_01,IFA,,19023,,1961590,"IFA Des Moines-West Des Moines, IA",0.0838007,
ifa_mw_wiia_k2,50666,ifa,IA,IFA,IFA_01,IFA,,19017,47940,1963210,"IFA Des Moines-West Des Moines, IA",0.0,no cell in the extract: territory at zero opportunity
ifa_mw_wiia_k2,50667,ifa,IA,IFA,IFA_01,IFA,,19013,47940,1965820,"IFA Des Moines-West Des Moines, IA",0.0,no cell in the extract: territory at zero opportunity
ifa_mw_wiia_k2,50668,ifa,IA,IFA,IFA_01,IFA,,19017,47940,1965910,"IFA Des Moines-West Des Moines, IA",0.0,no cell in the extract: territory at zero opportunity
ifa_mw_wiia_k2,50669,ifa,IA,IFA,IFA_01,IFA,,19075,47940,1966315,"IFA Des Moines-West Des Moines, IA",0.0,no cell in the extract: territory at zero opportunity
ifa_mw_wiia_k2,50670,ifa,IA,IFA,IFA_01,IFA,,19023,,1972435,"IFA Des Moines-West Des Moines, IA",0.0,no cell in the extract: territory at zero opportunity
ifa_mw_wiia_k2,50671,ifa,IA,IFA,IFA_01,IFA,,19065,,1974955,"IFA Des Moines-West Des Moines, IA",0.0,no cell in the extract: territory at zero opportunity
ifa_mw_wiia_k2,50672,ifa,IA,IFA,IFA_01,IFA,,19083,,1975180,"IFA Des Moines-West Des Moines, IA",0.0,no cell in the extract: territory at zero opportunity
ifa_mw_wiia_k2,50673,ifa,IA,IFA,IFA_01,IFA,,19075,47940,1975720,"IFA Des Moines-West Des Moines, IA",0.0,no cell in the extract: territory at zero opportunity
ifa_mw_wiia_k2,50674,ifa,IA,IFA,IFA_01,IFA,,19017,47940,1976260,"IFA Des Moines-West Des Moines, IA",2.8308,
ifa_mw_wiia_k2,50675,ifa,IA,IFA,IFA_01,IFA,,19171,,1978735,"IFA Des Moines-West Des Moines, IA",0.0,no cell in the extract: territory at zero opportunity
ifa_mw_wiia_k2,50676,ifa,IA,IFA,IFA_01,IFA,,19017,47940,1978915,"IFA Des Moines-West Des Moines, IA",0.0144332,
ifa_mw_wiia_k2,50677,ifa,IA,IFA,IFA_01,IFA,,19017,47940,1982875,"IFA Des Moines-West Des Moines, IA",1.60951,
ifa_mw_wiia_k2,50680,ifa,IA,IFA,IFA_01,IFA,,19075,47940,1983325,"IFA Des Moines-West Des Moines, IA",0.0,no cell in the extract: territory at zero opportunity
ifa_mw_wiia_k2,50681,ifa,IA,IFA,IFA_01,IFA,,19065,,1984180,"IFA Des Moines-West Des Moines, IA",0.0,no cell in the extract: territory at zero opportunity
ifa_mw_wiia_k2,50682,ifa,IA,IFA,IFA_01,IFA,,19019,,1986565,"IFA Des Moines-West Des Moines, IA",0.0,no cell in the extract: territory at zero opportunity
ifa_mw_wiia_k2,50701,ifa,IA,IFA,IFA_01,IFA,,19013,47940,1982425,"IFA Des Moines-West Des Moines, IA",12.9249,
ifa_mw_wiia_k2,50702,ifa,IA,IFA,IFA_01,IFA,,19013,47940,1982425,"IFA Des Moines-West Des Moines, IA",3.31691,
ifa_mw_wiia_k2,50703,ifa,IA,IFA,IFA_01,IFA,,19013,47940,1982425,"IFA Des Moines-West Des Moines, IA",0.0,no cell in the extract: territory at zero opportunity
ifa_mw_wiia_k2,50707,ifa,IA,IFA,IFA_01,IFA,,19013,47940,1925995,"IFA Des Moines-West Des Moines, IA",0.0,no cell in the extract: territory at zero opportunity
ifa_mw_wiia_k2,50801,ifa,IA,IFA,IFA_01,IFA,,19175,,1917265,"IFA Des Moines-West Des Moines, IA",0.371099,
ifa_mw_wiia_k2,50830,ifa,IA,IFA,IFA_01,IFA,,19175,,1900595,"IFA Des Moines-West Des Moines, IA",0.0,no cell in the extract: territory at zero opportunity
ifa_mw_wiia_k2,50831,ifa,IA,IFA,IFA_01,IFA,,19175,,1902800,"IFA Des Moines-West Des Moines, IA",0.0,no cell in the extract: territory at zero opportunity
ifa_mw_wiia_k2,50833,ifa,IA,IFA,IFA_01,IFA,,19173,,1905365,"IFA Des Moines-West Des Moines, IA",0.0,no cell in the extract: territory at zero opportunity
ifa_mw_wiia_k2,50835,ifa,IA,IFA,IFA_01,IFA,,19159,,1905905,"IFA Des Moines-West Des Moines, IA",0.0,no cell in the extract: territory at zero opportunity
ifa_mw_wiia_k2,50836,ifa,IA,IFA,IFA_01,IFA,,19173,,1906985,"IFA Des Moines-West Des Moines, IA",0.0,no cell in the extract: territory at zero opportunity
ifa_mw_wiia_k2,50837,ifa,IA,IFA,IFA_01,IFA,,19001,,1908425,"IFA Des Moines-West Des Moines, IA",0.0,no cell in the extract: territory at zero opportunity
ifa_mw_wiia_k2,50839,ifa,IA,IFA,IFA_01,IFA,,19003,,1910585,"IFA Des Moines-West Des Moines, IA",0.0,no cell in the extract: territory at zero opportunity
ifa_mw_wiia_k2,50840,ifa,IA,IFA,IFA_01,IFA,,19173,,1913980,"IFA Des Moines-West Des Moines, IA",0.0,no cell in the extract: territory at zero opportunity
ifa_mw_wiia_k2,50841,ifa,IA,IFA,IFA_01,IFA,,19003,,1916500,"IFA Des Moines-West Des Moines, IA",0.0,no cell in the extract: territory at zero opportunity
ifa_mw_wiia_k2,50842,ifa,IA,IFA,IFA_01,IFA,,19175,,1917490,"IFA Des Moines-West Des Moines, IA",0.0,no cell in the extract: territory at zero opportunity
ifa_mw_wiia_k2,50843,ifa,IA,IFA,IFA_01,IFA,,19029,,1917760,"IFA Des Moines-West Des Moines, IA",0.0,no cell in the extract: territory at zero opportunity
ifa_mw_wiia_k2,50845,ifa,IA,IFA,IFA_01,IFA,,19159,,1921270,"IFA Des Moines-West Des Moines, IA",0.0,no cell in the extract: territory at zero opportunity
ifa_mw_wiia_k2,50846,ifa,IA,IFA,IFA_01,IFA,,19001,,1928290,"IFA Des Moines-West Des Moines, IA",0.0,no cell in the extract: territory at zero opportunity
ifa_mw_wiia_k2,50847,ifa,IA,IFA,IFA_01,IFA,,19137,,1932295,"IFA Des Moines-West Des Moines, IA",0.0,no cell in the extract: territory at zero opportunity
ifa_mw_wiia_k2,50848,ifa,IA,IFA,IFA_01,IFA,,19173,,1932520,"IFA Des Moines-West Des Moines, IA",0.0,no cell in the extract: territory at zero opportunity
ifa_mw_wiia_k2,50849,ifa,IA,IFA,IFA_01,IFA,,19001,,1932790,"IFA Des Moines-West Des Moines, IA",0.0190908,
ifa_mw_wiia_k2,50851,ifa,IA,IFA,IFA_01,IFA,,19173,,1944490,"IFA Des Moines-West Des Moines, IA",0.0,no cell in the extract: territory at zero opportunity
ifa_mw_wiia_k2,50853,ifa,IA,IFA,IFA_01,IFA,,19029,,1950250,"IFA Des Moines-West Des Moines, IA",0.0,no cell in the extract: territory at zero opportunity
ifa_mw_wiia_k2,50854,ifa,IA,IFA,IFA_01,IFA,,19159,,1954480,"IFA Des Moines-West Des Moines, IA",0.0,no cell in the extract: territory at zero opportunity
ifa_mw_wiia_k2,50857,ifa,IA,IFA,IFA_01,IFA,,19003,,1956865,"IFA Des Moines-West Des Moines, IA",0.0,no cell in the extract: territory at zero opportunity
ifa_mw_wiia_k2,50858,ifa,IA,IFA,IFA_01,IFA,,19001,,1959565,"IFA Des Moines-West Des Moines, IA",0.0,no cell in the extract: territory at zero opportunity
ifa_mw_wiia_k2,50859,ifa,IA,IFA,IFA_01,IFA,,19003,,1964560,"IFA Des Moines-West Des Moines, IA",0.0,no cell in the extract: territory at zero opportunity
ifa_mw_wiia_k2,50860,ifa,IA,IFA,IFA_01,IFA,,19159,,1966000,"IFA Des Moines-West Des Moines, IA",0.0,no cell in the extract: territory at zero opportunity
ifa_mw_wiia_k2,50861,ifa,IA,IFA,IFA_01,IFA,,19175,,1971940,"IFA Des Moines-West Des Moines, IA",0.0,no cell in the extract: territory at zero opportunity
ifa_mw_wiia_k2,50862,ifa,IA,IFA,IFA_01,IFA,,19173,,1972075,"IFA Des Moines-West Des Moines, IA",0.0,no cell in the extract: territory at zero opportunity
ifa_mw_wiia_k2,50863,ifa,IA,IFA,IFA_01,IFA,,19159,,1978195,"IFA Des Moines-West Des Moines, IA",0.0,no cell in the extract: territory at zero opportunity
ifa_mw_wiia_k2,50864,ifa,IA,IFA,IFA_01,IFA,,19137,,1980985,"IFA Des Moines-West Des Moines, IA",0.0,no cell in the extract: territory at zero opportunity
ifa_mw_wiia_k2,51001,ifa,IA,IFA,IFA_01,IFA,,19149,30180,1900775,"IFA Des Moines-West Des Moines, IA",0.0,no cell in the extract: territory at zero opportunity
ifa_mw_wiia_k2,51002,ifa,IA,IFA,IFA_01,IFA,,19021,44740,1901495,"IFA Des Moines-West Des Moines, IA",0.0,no cell in the extract: territory at zero opportunity
ifa_mw_wiia_k2,51003,ifa,IA,IFA,IFA_01,IFA,,19167,,1901585,"IFA Des Moines-West Des Moines, IA",0.0,no cell in the extract: territory at zero opportunity
ifa_mw_wiia_k2,51004,ifa,IA,IFA,IFA_01,IFA,,19193,43580,1902350,"IFA Des Moines-West Des Moines, IA",0.0,no cell in the extract: territory at zero opportunity
ifa_mw_wiia_k2,51005,ifa,IA,IFA,IFA_01,IFA,,19035,,1903745,"IFA Des Moines-West Des Moines, IA",0.0,no cell in the extract: territory at zero opportunity
ifa_mw_wiia_k2,51006,ifa,IA,IFA,IFA_01,IFA,,19093,,1904870,"IFA Des Moines-West Des Moines, IA",0.0,no cell in the extract: territory at zero opportunity
ifa_mw_wiia_k2,51007,ifa,IA,IFA,IFA_01,IFA,,19193,43580,1908650,"IFA Des Moines-West Des Moines, IA",0.0,no cell in the extract: territory at zero opportunity
ifa_mw_wiia_k2,51008,ifa,IA,IFA,IFA_01,IFA,,19149,30180,1908875,"IFA Des Moines-West Des Moines, IA",0.0,no cell in the extract: territory at zero opportunity
ifa_mw_wiia_k2,51009,ifa,IA,IFA,IFA_01,IFA,,19141,,1910090,"IFA Des Moines-West Des Moines, IA",0.0,no cell in the extract: territory at zero opportunity
ifa_mw_wiia_k2,51010,ifa,IA,IFA,IFA_01,IFA,,19133,,1911530,"IFA Des Moines-West Des Moines, IA",0.0,no cell in the extract: territory at zero opportunity
ifa_mw_wiia_k2,51011,ifa,IA,IFA,IFA_01,IFA,,19167,,1912945,"IFA Des Moines-West Des Moines, IA",0.0,no cell in the extract: territory at zero opportunity
ifa_mw_wiia_k2,51012,ifa,IA,IFA,IFA_01,IFA,,19035,,1913080,"IFA Des Moines-West Des Moines, IA",0.0,no cell in the extract: territory at zero opportunity
ifa_mw_wiia_k2,51014,ifa,IA,IFA,IFA_01,IFA,,19035,,1914115,"IFA Des Moines-West Des Moines, IA",0.0,no cell in the extract: territory at zero opportunity
ifa_mw_wiia_k2,51015,ifa,IA,IFA,IFA_01,IFA,,19193,43580,1914385,"IFA Des Moines-West Des Moines, IA",0.0,no cell in the extract: territory at zero opportunity
ifa_mw_wiia_k2,51016,ifa,IA,IFA,IFA_01,IFA,,19193,43580,1916545,"IFA Des Moines-West Des Moines, IA",0.0,no cell in the extract: territory at zero opportunity
ifa_mw_wiia_k2,51018,ifa,IA,IFA,IFA_01,IFA,,19093,,1917940,"IFA Des Moines-West Des Moines, IA",0.0,no cell in the extract: territory at zero opportunity
ifa_mw_wiia_k2,51019,ifa,IA,IFA,IFA_01,IFA,,19193,43580,1918390,"IFA Des Moines-West Des Moines, IA",0.0,no cell in the extract: territory at zero opportunity
ifa_mw_wiia_k2,51020,ifa,IA,IFA,IFA_01,IFA,,19093,,1929595,"IFA Des Moines-West Des Moines, IA",0.0,no cell in the extract: territory at zero opportunity
ifa_mw_wiia_k2,51022,ifa,IA,IFA,IFA_01,IFA,,19141,,1932475,"IFA Des Moines-West Des Moines, IA",0.0,no cell in the extract: territory at zero opportunity
ifa_mw_wiia_k2,51023,ifa,IA,IFA,IFA_01,IFA,,19167,,1935265,"IFA Des Moines-West Des Moines, IA",0.0,no cell in the extract: territory at zero opportunity
ifa_mw_wiia_k2,51024,ifa,IA,IFA,IFA_01,IFA,,19149,30180,1936480,"IFA Des Moines-West Des Moines, IA",0.0,no cell in the extract: territory at zero opportunity
ifa_mw_wiia_k2,51025,ifa,IA,IFA,IFA_01,IFA,,19093,,1936840,"IFA Des Moines-West Des Moines, IA",0.0,no cell in the extract: territory at zero opportunity
ifa_mw_wiia_k2,51026,ifa,IA,IFA,IFA_01,IFA,,19193,43580,1937200,"IFA Des Moines-West Des Moines, IA",0.0,no cell in the extract: territory at zero opportunity
ifa_mw_wiia_k2,51027,ifa,IA,IFA,IFA_01,IFA,,19167,,1938820,"IFA Des Moines-West Des Moines, IA",0.0,no cell in the extract: territory at zero opportunity
ifa_mw_wiia_k2,51028,ifa,IA,IFA,IFA_01,IFA,,19149,30180,1941385,"IFA Des Moines-West Des Moines, IA",0.12351,
ifa_mw_wiia_k2,51029,ifa,IA,IFA,IFA_01,IFA,,19035,,1943500,"IFA Des Moines-West Des Moines, IA",0.0,no cell in the extract: territory at zero opportunity
ifa_mw_wiia_k2,51030,ifa,IA,IFA,IFA_01,IFA,,19193,43580,1943905,"IFA Des Moines-West Des Moines, IA",0.0,no cell in the extract: territory at zero opportunity
ifa_mw_wiia_k2,51031,ifa,IA,IFA,IFA_01,IFA,,19149,30180,1944400,"IFA Des Moines-West Des Moines, IA",0.0,no cell in the extract: territory at zero opportunity
ifa_mw_wiia_k2,51033,ifa,IA,IFA,IFA_01,IFA,,19041,43980,1945480,"IFA Des Moines-West Des Moines, IA",0.0,no cell in the extract: territory at zero opportunity
ifa_mw_wiia_k2,51034,ifa,IA,IFA,IFA_01,IFA,,19133,,1949170,"IFA Des Moines-West Des Moines, IA",0.0,no cell in the extract: territory at zero opportunity
ifa_mw_wiia_k2,51035,ifa,IA,IFA,IFA_01,IFA,,19035,,1949350,"IFA Des Moines-West Des Moines, IA",0.0,no cell in the extract: territory at zero opportunity
ifa_mw_wiia_k2,51036,ifa,IA,IFA,IFA_01,IFA,,19167,,1950430,"IFA Des Moines-West Des Moines, IA",0.0,no cell in the extract: territory at zero opportunity
ifa_mw_wiia_k2,51037,ifa,IA,IFA,IFA_01,IFA,,19035,,1951150,"IFA Des Moines-West Des Moines, IA",0.0,no cell in the extract: territory at zero opportunity
ifa_mw_wiia_k2,51038,ifa,IA,IFA,IFA_01,IFA,,19149,30180,1951375,"IFA Des Moines-West Des Moines, IA",0.0,no cell in the extract: territory at zero opportunity
ifa_mw_wiia_k2,51039,ifa,IA,IFA,IFA_01,IFA,,19193,43580,1954930,"IFA Des Moines-West Des Moines, IA",0.386524,
ifa_mw_wiia_k2,51040,ifa,IA,IFA,IFA_01,IFA,,19133,,1959115,"IFA Des Moines-West Des Moines, IA",0.0,no cell in the extract: territory at zero opportunity
ifa_mw_wiia_k2,51041,ifa,IA,IFA,IFA_01,IFA,,19167,,1959475,"IFA Des Moines-West Des Moines, IA",2.0227,
ifa_mw_wiia_k2,51044,ifa,IA,IFA,IFA_01,IFA,,19193,43580,1960240,"IFA Des Moines-West Des Moines, IA",0.0,no cell in the extract: territory at zero opportunity
ifa_mw_wiia_k2,51045,ifa,IA,IFA,IFA_01,IFA,,19149,30180,1960780,"IFA Des Moines-West Des Moines, IA",0.0,no cell in the extract: territory at zero opportunity
ifa_mw_wiia_k2,51046,ifa,IA,IFA,IFA_01,IFA,,19141,,1961905,"IFA Des Moines-West Des Moines, IA",0.0,no cell in the extract: territory at zero opportunity
ifa_mw_wiia_k2,51047,ifa,IA,IFA,IFA_01,IFA,,19041,43980,1962625,"IFA Des Moines-West Des Moines, IA",0.0,no cell in the extract: territory at zero opportunity
ifa_mw_wiia_k2,51048,ifa,IA,IFA,IFA_01,IFA,,19193,43580,1962760,"IFA Des Moines-West Des Moines, IA",0.0,no cell in the extract: territory at zero opportunity
ifa_mw_wiia_k2,51049,ifa,IA,IFA,IFA_01,IFA,,19035,,1965280,"IFA Des Moines-West Des Moines, IA",0.0,no cell in the extract: territory at zero opportunity
ifa_mw_wiia_k2,51050,ifa,IA,IFA,IFA_01,IFA,,19149,30180,1966405,"IFA Des Moines-West Des Moines, IA",0.0,no cell in the extract: territory at zero opportunity
ifa_mw_wiia_k2,51051,ifa,IA,IFA,IFA_01,IFA,,19133,,1968385,"IFA Des Moines-West Des Moines, IA",0.0,no cell in the extract: territory at zero opportunity
ifa_mw_wiia_k2,51052,ifa,IA,IFA,IFA_01,IFA,,19193,43580,1970320,"IFA Des Moines-West Des Moines, IA",0.0,no cell in the extract: territory at zero opportunity
ifa_mw_wiia_k2,51053,ifa,IA,IFA,IFA_01,IFA,,19161,,1971085,"IFA Des Moines-West Des Moines, IA",0.0,no cell in the extract: territory at zero opportunity
ifa_mw_wiia_k2,51054,ifa,IA,IFA,IFA_01,IFA,,19193,43580,1971625,"IFA Des Moines-West Des Moines, IA",0.0,no cell in the extract: territory at zero opportunity
ifa_mw_wiia_k2,51055,ifa,IA,IFA,IFA_01,IFA,,19193,43580,1973605,"IFA Des Moines-West Des Moines, IA",0.0,no cell in the extract: territory at zero opportunity
ifa_mw_wiia_k2,51056,ifa,IA,IFA,IFA_01,IFA,,19193,43580,1973650,"IFA Des Moines-West Des Moines, IA",0.0,no cell in the extract: territory at zero opportunity
ifa_mw_wiia_k2,51058,ifa,IA,IFA,IFA_01,IFA,,19141,,1976485,"IFA Des Moines-West Des Moines, IA",0.0,no cell in the extract: territory at zero opportunity
ifa_mw_wiia_k2,51060,ifa,IA,IFA,IFA_01,IFA,,19133,,1979995,"IFA Des Moines-West Des Moines, IA",0.0,no cell in the extract: territory at zero opportunity
ifa_mw_wiia_k2,51061,ifa,IA,IFA,IFA_01,IFA,,19035,,1982380,"IFA Des Moines-West Des Moines, IA",0.0,no cell in the extract: territory at zero opportunity
ifa_mw_wiia_k2,51062,ifa,IA,IFA,IFA_01,IFA,,19149,30180,1984090,"IFA Des Moines-West Des Moines, IA",0.0,no cell in the extract: territory at zero opportunity
ifa_mw_wiia_k2,51063,ifa,IA,IFA,IFA_01,IFA,,19133,,1985215,"IFA Des Moines-West Des Moines, IA",0.0,no cell in the extract: territory at zero opportunity
ifa_mw_wiia_k2,51101,ifa,IA,IFA,IFA_01,IFA,,19193,43580,1973335,"IFA Des Moines-West Des Moines, IA",2.9319,
ifa_mw_wiia_k2,51103,ifa,IA,IFA,IFA_01,IFA,,19193,43580,1973335,"IFA Des Moines-West Des Moines, IA",0.0,no cell in the extract: territory at zero opportunity
ifa_mw_wiia_k2,51104,ifa,IA,IFA,IFA_01,IFA,,19193,43580,1973335,"IFA Des Moines-West Des Moines, IA",0.0,no cell in the extract: territory at zero opportunity
ifa_mw_wiia_k2,51105,ifa,IA,IFA,IFA_01,IFA,,19193,43580,1973335,"IFA Des Moines-West Des Moines, IA",0.0,no cell in the extract: territory at zero opportunity
ifa_mw_wiia_k2,51106,ifa,IA,IFA,IFA_01,IFA,,19193,43580,1973335,"IFA Des Moines-West Des Moines, IA",10.5263,
ifa_mw_wiia_k2,51108,ifa,IA,IFA,IFA_01,IFA,,19149,30180,1973335,"IFA Des Moines-West Des Moines, IA",2.32916,
ifa_mw_wiia_k2,51109,ifa,IA,IFA,IFA_01,IFA,,19149,30180,1973335,"IFA Des Moines-West Des Moines, IA",0.0,no cell in the extract: territory at zero opportunity
ifa_mw_wiia_k2,51111,ifa,IA,IFA,IFA_01,IFA,,19193,43580,1973335,"IFA Des Moines-West Des Moines, IA",0.0,no cell in the extract: territory at zero opportunity
ifa_mw_wiia_k2,51201,ifa,IA,IFA,IFA_01,IFA,,19167,,1972390,"IFA Des Moines-West Des Moines, IA",0.836836,
ifa_mw_wiia_k2,51230,ifa,IA,IFA,IFA_01,IFA,,19119,,1901675,"IFA Des Moines-West Des Moines, IA",0.0,no cell in the extract: territory at zero opportunity
ifa_mw_wiia_k2,51231,ifa,IA,IFA,IFA_01,IFA,,19141,,1902530,"IFA Des Moines-West Des Moines, IA",0.0,no cell in the extract: territory at zero opportunity
ifa_mw_wiia_k2,51232,ifa,IA,IFA,IFA_01,IFA,,19143,,1903295,"IFA Des Moines-West Des Moines, IA",0.0,no cell in the extract: territory at zero opportunity
ifa_mw_wiia_k2,51234,ifa,IA,IFA,IFA_01,IFA,,19167,,1907840,"IFA Des Moines-West Des Moines, IA",0.0,no cell in the extract: territory at zero opportunity
ifa_mw_wiia_k2,51235,ifa,IA,IFA,IFA_01,IFA,,19119,,1921900,"IFA Des Moines-West Des Moines, IA",0.0,no cell in the extract: territory at zero opportunity
ifa_mw_wiia_k2,51237,ifa,IA,IFA,IFA_01,IFA,,19119,,1930225,"IFA Des Moines-West Des Moines, IA",0.0,no cell in the extract: territory at zero opportunity
ifa_mw_wiia_k2,51238,ifa,IA,IFA,IFA_01,IFA,,19167,,1937290,"IFA Des Moines-West Des Moines, IA",0.0,no cell in the extract: territory at zero opportunity
ifa_mw_wiia_k2,51239,ifa,IA,IFA,IFA_01,IFA,,19167,,1937515,"IFA Des Moines-West Des Moines, IA",0.0,no cell in the extract: territory at zero opportunity
ifa_mw_wiia_k2,51240,ifa,IA,IFA,IFA_01,IFA,,19119,,1938415,"IFA Des Moines-West Des Moines, IA",0.0,no cell in the extract: territory at zero opportunity
ifa_mw_wiia_k2,51241,ifa,IA,IFA,IFA_01,IFA,,19119,,1943410,"IFA Des Moines-West Des Moines, IA",0.0,no cell in the extract: territory at zero opportunity
ifa_mw_wiia_k2,51242,ifa,IA,IFA,IFA_01,IFA,,19119,,1944670,"IFA Des Moines-West Des Moines, IA",0.0,no cell in the extract: territory at zero opportunity
ifa_mw_wiia_k2,51243,ifa,IA,IFA,IFA_01,IFA,,19119,,1945795,"IFA Des Moines-West Des Moines, IA",0.0,no cell in the extract: territory at zero opportunity
ifa_mw_wiia_k2,51244,ifa,IA,IFA,IFA_01,IFA,,19167,,1950385,"IFA Des Moines-West Des Moines, IA",0.0,no cell in the extract: territory at zero opportunity
ifa_mw_wiia_k2,51245,ifa,IA,IFA,IFA_01,IFA,,19141,,1964650,"IFA Des Moines-West Des Moines, IA",0.0,no cell in the extract: territory at zero opportunity
ifa_mw_wiia_k2,51246,ifa,IA,IFA,IFA_01,IFA,,19119,,1968160,"IFA Des Moines-West Des Moines, IA",2.33555,
ifa_mw_wiia_k2,51247,ifa,IA,IFA,IFA_01,IFA,,19167,,1968205,"IFA Des Moines-West Des Moines, IA",0.823212,
ifa_mw_wiia_k2,51248,ifa,IA,IFA,IFA_01,IFA,,19141,,1970410,"IFA Des Moines-West Des Moines, IA",0.271472,
ifa_mw_wiia_k2,51249,ifa,IA,IFA,IFA_01,IFA,,19143,,1972975,"IFA Des Moines-West Des Moines, IA",0.0,no cell in the extract: territory at zero opportunity
ifa_mw_wiia_k2,51250,ifa,IA,IFA,IFA_01,IFA,,19167,,1973290,"IFA Des Moines-West Des Moines, IA",0.171022,
ifa_mw_wiia_k2,51301,ifa,IA,IFA,IFA_01,IFA,,19041,43980,1974280,"IFA Des Moines-West Des Moines, IA",0.265648,
ifa_mw_wiia_k2,51331,ifa,IA,IFA,IFA_01,IFA,,19059,44020,1903025,"IFA Des Moines-West Des Moines, IA",0.0,no cell in the extract: territory at zero opportunity
ifa_mw_wiia_k2,51333,ifa,IA,IFA,IFA_01,IFA,,19041,43980,1921360,"IFA Des Moines-West Des Moines, IA",0.0,no cell in the extract: territory at zero opportunity
ifa_mw_wiia_k2,51334,ifa,IA,IFA,IFA_01,IFA,,19063,,1925860,"IFA Des Moines-West Des Moines, IA",0.0,no cell in the extract: territory at zero opportunity
ifa_mw_wiia_k2,51338,ifa,IA,IFA,IFA_01,IFA,,19041,43980,1926175,"IFA Des Moines-West Des Moines, IA",0.0,no cell in the extract: territory at zero opportunity
ifa_mw_wiia_k2,51340,ifa,IA,IFA,IFA_01,IFA,,19041,43980,1928650,"IFA Des Moines-West Des Moines, IA",0.0,no cell in the extract: territory at zero opportunity
ifa_mw_wiia_k2,51341,ifa,IA,IFA,IFA_01,IFA,,19041,43980,1930810,"IFA Des Moines-West Des Moines, IA",0.0,no cell in the extract: territory at zero opportunity
ifa_mw_wiia_k2,51342,ifa,IA,IFA,IFA_01,IFA,,19147,,1931800,"IFA Des Moines-West Des Moines, IA",0.0,no cell in the extract: territory at zero opportunity
ifa_mw_wiia_k2,51343,ifa,IA,IFA,IFA_01,IFA,,19041,43980,1932970,"IFA Des Moines-West Des Moines, IA",0.0,no cell in the extract: territory at zero opportunity
ifa_mw_wiia_k2,51345,ifa,IA,IFA,IFA_01,IFA,,19143,,1934635,"IFA Des Moines-West Des Moines, IA",0.0,no cell in the extract: territory at zero opportunity
ifa_mw_wiia_k2,51346,ifa,IA,IFA,IFA_01,IFA,,19141,,1934725,"IFA Des Moines-West Des Moines, IA",0.0,no cell in the extract: territory at zero opportunity
ifa_mw_wiia_k2,51347,ifa,IA,IFA,IFA_01,IFA,,19059,44020,1942600,"IFA Des Moines-West Des Moines, IA",0.0,no cell in the extract: territory at zero opportunity
ifa_mw_wiia_k2,51350,ifa,IA,IFA,IFA_01,IFA,,19143,,1951060,"IFA Des Moines-West Des Moines, IA",0.0,no cell in the extract: territory at zero opportunity
ifa_mw_wiia_k2,51351,ifa,IA,IFA,IFA_01,IFA,,19059,44020,1952095,"IFA Des Moines-West Des Moines, IA",0.0,no cell in the extract: territory at zero opportunity
ifa_mw_wiia_k2,51354,ifa,IA,IFA,IFA_01,IFA,,19143,,1958530,"IFA Des Moines-West Des Moines, IA",0.0,no cell in the extract: territory at zero opportunity
ifa_mw_wiia_k2,51355,ifa,IA,IFA,IFA_01,IFA,,19059,44020,1958710,"IFA Des Moines-West Des Moines, IA",0.0,no cell in the extract: territory at zero opportunity
ifa_mw_wiia_k2,51357,ifa,IA,IFA,IFA_01,IFA,,19041,43980,1969105,"IFA Des Moines-West Des Moines, IA",0.0,no cell in the extract: territory at zero opportunity
ifa_mw_wiia_k2,51358,ifa,IA,IFA,IFA_01,IFA,,19147,,1969330,"IFA Des Moines-West Des Moines, IA",0.0,no cell in the extract: territory at zero opportunity
ifa_mw_wiia_k2,51360,ifa,IA,IFA,IFA_01,IFA,,19059,44020,1974415,"IFA Des Moines-West Des Moines, IA",0.72948,
ifa_mw_wiia_k2,51363,ifa,IA,IFA,IFA_01,IFA,,19059,44020,1976440,"IFA Des Moines-West Des Moines, IA",0.0,no cell in the extract: territory at zero opportunity
ifa_mw_wiia_k2,51364,ifa,IA,IFA,IFA_01,IFA,,19059,44020,1977520,"IFA Des Moines-West Des Moines, IA",0.0,no cell in the extract: territory at zero opportunity
ifa_mw_wiia_k2,51365,ifa,IA,IFA,IFA_01,IFA,,19063,,1981975,"IFA Des Moines-West Des Moines, IA",0.0,no cell in the extract: territory at zero opportunity
ifa_mw_wiia_k2,51366,ifa,IA,IFA,IFA_01,IFA,,19041,43980,1983010,"IFA Des Moines-West Des Moines, IA",0.0,no cell in the extract: territory at zero opportunity
ifa_mw_wiia_k2,51401,ifa,IA,IFA,IFA_01,IFA,,19027,16140,1911080,"IFA Des Moines-West Des Moines, IA",3.03713,
ifa_mw_wiia_k2,51430,ifa,IA,IFA,IFA_01,IFA,,19027,16140,1902485,"IFA Des Moines-West Des Moines, IA",0.0,no cell in the extract: territory at zero opportunity
ifa_mw_wiia_k2,51431,ifa,IA,IFA,IFA_01,IFA,,19093,,1903115,"IFA Des Moines-West Des Moines, IA",0.0,no cell in the extract: territory at zero opportunity
ifa_mw_wiia_k2,51432,ifa,IA,IFA,IFA_01,IFA,,19047,,1903340,"IFA Des Moines-West Des Moines, IA",0.0,no cell in the extract: territory at zero opportunity
ifa_mw_wiia_k2,51433,ifa,IA,IFA,IFA_01,IFA,,19161,,1903610,"IFA Des Moines-West Des Moines, IA",0.0,no cell in the extract: territory at zero opportunity
ifa_mw_wiia_k2,51436,ifa,IA,IFA,IFA_01,IFA,,19027,16140,1908290,"IFA Des Moines-West Des Moines, IA",0.0,no cell in the extract: territory at zero opportunity
ifa_mw_wiia_k2,51439,ifa,IA,IFA,IFA_01,IFA,,19047,,1912900,"IFA Des Moines-West Des Moines, IA",0.0,no cell in the extract: territory at zero opportunity
ifa_mw_wiia_k2,51440,ifa,IA,IFA,IFA_01,IFA,,19027,16140,1919450,"IFA Des Moines-West Des Moines, IA",0.0,no cell in the extract: territory at zero opportunity
ifa_mw_wiia_k2,51441,ifa,IA,IFA,IFA_01,IFA,,19047,,1919765,"IFA Des Moines-West Des Moines, IA",0.0,no cell in the extract: territory at zero opportunity
ifa_mw_wiia_k2,51442,ifa,IA,IFA,IFA_01,IFA,,19047,,1919945,"IFA Des Moines-West Des Moines, IA",0.0,no cell in the extract: territory at zero opportunity
ifa_mw_wiia_k2,51443,ifa,IA,IFA,IFA_01,IFA,,19027,16140,1931395,"IFA Des Moines-West Des Moines, IA",0.0,no cell in the extract: territory at zero opportunity
ifa_mw_wiia_k2,51444,ifa,IA,IFA,IFA_01,IFA,,19027,16140,1933645,"IFA Des Moines-West Des Moines, IA",0.0,no cell in the extract: territory at zero opportunity
ifa_mw_wiia_k2,51445,ifa,IA,IFA,IFA_01,IFA,,19093,,1938010,"IFA Des Moines-West Des Moines, IA",0.0,no cell in the extract: territory at zero opportunity
ifa_mw_wiia_k2,51446,ifa,IA,IFA,IFA_01,IFA,,19165,,1939000,"IFA Des Moines-West Des Moines, IA",0.0,no cell in the extract: territory at zero opportunity
ifa_mw_wiia_k2,51447,ifa,IA,IFA,IFA_01,IFA,,19165,,1941520,"IFA Des Moines-West Des Moines, IA",0.0,no cell in the extract: territory at zero opportunity
ifa_mw_wiia_k2,51448,ifa,IA,IFA,IFA_01,IFA,,19047,,1941610,"IFA Des Moines-West Des Moines, IA",0.0,no cell in the extract: territory at zero opportunity
ifa_mw_wiia_k2,51449,ifa,IA,IFA,IFA_01,IFA,,19025,,1942465,"IFA Des Moines-West Des Moines, IA",0.0,no cell in the extract: territory at zero opportunity
ifa_mw_wiia_k2,51450,ifa,IA,IFA,IFA_01,IFA,,19161,,1942690,"IFA Des Moines-West Des Moines, IA",0.0,no cell in the extract: territory at zero opportunity
ifa_mw_wiia_k2,51451,ifa,IA,IFA,IFA_01,IFA,,19027,16140,1943140,"IFA Des Moines-West Des Moines, IA",0.0,no cell in the extract: territory at zero opportunity
ifa_mw_wiia_k2,51452,ifa,IA,IFA,IFA_01,IFA,,19027,16140,1945030,"IFA Des Moines-West Des Moines, IA",0.0,no cell in the extract: territory at zero opportunity
ifa_mw_wiia_k2,51453,ifa,IA,IFA,IFA_01,IFA,,19025,,1946245,"IFA Des Moines-West Des Moines, IA",0.0,no cell in the extract: territory at zero opportunity
ifa_mw_wiia_k2,51454,ifa,IA,IFA,IFA_01,IFA,,19047,,1948855,"IFA Des Moines-West Des Moines, IA",0.0,no cell in the extract: territory at zero opportunity
ifa_mw_wiia_k2,51455,ifa,IA,IFA,IFA_01,IFA,,19027,16140,1948945,"IFA Des Moines-West Des Moines, IA",0.0,no cell in the extract: territory at zero opportunity
ifa_mw_wiia_k2,51458,ifa,IA,IFA,IFA_01,IFA,,19161,,1958575,"IFA Des Moines-West Des Moines, IA",0.0,no cell in the extract: territory at zero opportunity
ifa_mw_wiia_k2,51459,ifa,IA,IFA,IFA_01,IFA,,19027,16140,1965505,"IFA Des Moines-West Des Moines, IA",0.0,no cell in the extract: territory at zero opportunity
ifa_mw_wiia_k2,51460,ifa,IA,IFA,IFA_01,IFA,,19047,,1966855,"IFA Des Moines-West Des Moines, IA",0.0,no cell in the extract: territory at zero opportunity
ifa_mw_wiia_k2,51461,ifa,IA,IFA,IFA_01,IFA,,19047,,1971130,"IFA Des Moines-West Des Moines, IA",0.0,no cell in the extract: territory at zero opportunity
ifa_mw_wiia_k2,51462,ifa,IA,IFA,IFA_01,IFA,,19073,,1971310,"IFA Des Moines-West Des Moines, IA",0.0,no cell in the extract: territory at zero opportunity
ifa_mw_wiia_k2,51463,ifa,IA,IFA,IFA_01,IFA,,19027,16140,1977340,"IFA Des Moines-West Des Moines, IA",0.0,no cell in the extract: territory at zero opportunity
ifa_mw_wiia_k2,51465,ifa,IA,IFA,IFA_01,IFA,,19047,,1980130,"IFA Des Moines-West Des Moines, IA",0.0,no cell in the extract: territory at zero opportunity
ifa_mw_wiia_k2,51466,ifa,IA,IFA,IFA_01,IFA,,19161,,1982020,"IFA Des Moines-West Des Moines, IA",0.0,no cell in the extract: territory at zero opportunity
ifa_mw_wiia_k2,51467,ifa,IA,IFA,IFA_01,IFA,,19047,,1984630,"IFA Des Moines-West Des Moines, IA",0.0,no cell in the extract: territory at zero opportunity
ifa_mw_wiia_k2,51501,ifa,IA,IFA,IFA_01,IFA,,19155,36540,1916860,"IFA Des Moines-West Des Moines, IA",0.853245,
ifa_mw_wiia_k2,51503,ifa,IA,IFA,IFA_01,IFA,,19155,36540,1916860,"IFA Des Moines-West Des Moines, IA",3.9375,
ifa_mw_wiia_k2,51510,ifa,IA,IFA,IFA_01,IFA,,19155,36540,1911215,"IFA Des Moines-West Des Moines, IA",0.0,no cell in the extract: territory at zero opportunity
ifa_mw_wiia_k2,51520,ifa,IA,IFA,IFA_01,IFA,,19047,,1902755,"IFA Des Moines-West Des Moines, IA",0.0,no cell in the extract: territory at zero opportunity
ifa_mw_wiia_k2,51521,ifa,IA,IFA,IFA_01,IFA,,19155,36540,1903970,"IFA Des Moines-West Des Moines, IA",0.0,no cell in the extract: territory at zero opportunity
ifa_mw_wiia_k2,51523,ifa,IA,IFA,IFA_01,IFA,,19133,,1906940,"IFA Des Moines-West Des Moines, IA",0.0,no cell in the extract: territory at zero opportunity
ifa_mw_wiia_k2,51525,ifa,IA,IFA,IFA_01,IFA,,19155,36540,1911170,"IFA Des Moines-West Des Moines, IA",0.0,no cell in the extract: territory at zero opportunity
ifa_mw_wiia_k2,51526,ifa,IA,IFA,IFA_01,IFA,,19155,36540,1917175,"IFA Des Moines-West Des Moines, IA",0.0,no cell in the extract: territory at zero opportunity
ifa_mw_wiia_k2,51527,ifa,IA,IFA,IFA_01,IFA,,19165,,1919585,"IFA Des Moines-West Des Moines, IA",0.0,no cell in the extract: territory at zero opportunity
ifa_mw_wiia_k2,51528,ifa,IA,IFA,IFA_01,IFA,,19047,,1909145,"IFA Des Moines-West Des Moines, IA",0.0,no cell in the extract: territory at zero opportunity
ifa_mw_wiia_k2,51529,ifa,IA,IFA,IFA_01,IFA,,19085,36540,1922890,"IFA Des Moines-West Des Moines, IA",0.0,no cell in the extract: territory at zero opportunity
ifa_mw_wiia_k2,51530,ifa,IA,IFA,IFA_01,IFA,,19165,,1923385,"IFA Des Moines-West Des Moines, IA",0.0,no cell in the extract: territory at zero opportunity
ifa_mw_wiia_k2,51531,ifa,IA,IFA,IFA_01,IFA,,19165,,1924780,"IFA Des Moines-West Des Moines, IA",0.0,no cell in the extract: territory at zero opportunity
ifa_mw_wiia_k2,51532,ifa,IA,IFA,IFA_01,IFA,,19137,,1924915,"IFA Des Moines-West Des Moines, IA",0.0,no cell in the extract: territory at zero opportunity
ifa_mw_wiia_k2,51533,ifa,IA,IFA,IFA_01,IFA,,19137,,1925500,"IFA Des Moines-West Des Moines, IA",0.0,no cell in the extract: territory at zero opportunity
ifa_mw_wiia_k2,51534,ifa,IA,IFA,IFA_01,IFA,,19129,36540,1931350,"IFA Des Moines-West Des Moines, IA",0.0,no cell in the extract: territory at zero opportunity
ifa_mw_wiia_k2,51535,ifa,IA,IFA,IFA_01,IFA,,19029,,1933150,"IFA Des Moines-West Des Moines, IA",0.0,no cell in the extract: territory at zero opportunity
ifa_mw_wiia_k2,51536,ifa,IA,IFA,IFA_01,IFA,,19155,36540,1934005,"IFA Des Moines-West Des Moines, IA",0.0,no cell in the extract: territory at zero opportunity
ifa_mw_wiia_k2,51537,ifa,IA,IFA,IFA_01,IFA,,19165,,1934500,"IFA Des Moines-West Des Moines, IA",0.0,no cell in the extract: territory at zero opportunity
ifa_mw_wiia_k2,51540,ifa,IA,IFA,IFA_01,IFA,,19129,36540,1934995,"IFA Des Moines-West Des Moines, IA",0.0,no cell in the extract: territory at zero opportunity
ifa_mw_wiia_k2,51541,ifa,IA,IFA,IFA_01,IFA,,19129,36540,1935715,"IFA Des Moines-West Des Moines, IA",0.0,no cell in the extract: territory at zero opportunity
ifa_mw_wiia_k2,51542,ifa,IA,IFA,IFA_01,IFA,,19155,36540,,"IFA Des Moines-West Des Moines, IA",0.0,no cell in the extract: territory at zero opportunity
ifa_mw_wiia_k2,51543,ifa,IA,IFA,IFA_01,IFA,,19009,,1941295,"IFA Des Moines-West Des Moines, IA",0.0,no cell in the extract: territory at zero opportunity
ifa_mw_wiia_k2,51544,ifa,IA,IFA,IFA_01,IFA,,19029,,1944805,"IFA Des Moines-West Des Moines, IA",0.0,no cell in the extract: territory at zero opportunity
ifa_mw_wiia_k2,51545,ifa,IA,IFA,IFA_01,IFA,,19085,36540,1967530,"IFA Des Moines-West Des Moines, IA",0.0,no cell in the extract: territory at zero opportunity
ifa_mw_wiia_k2,51546,ifa,IA,IFA,IFA_01,IFA,,19085,36540,1946155,"IFA Des Moines-West Des Moines, IA",0.0,no cell in the extract: territory at zero opportunity
ifa_mw_wiia_k2,51548,ifa,IA,IFA,IFA_01,IFA,,19155,36540,1947865,"IFA Des Moines-West Des Moines, IA",0.0,no cell in the extract: territory at zero opportunity
ifa_mw_wiia_k2,51549,ifa,IA,IFA,IFA_01,IFA,,19155,36540,1947955,"IFA Des Moines-West Des Moines, IA",0.0,no cell in the extract: territory at zero opportunity
ifa_mw_wiia_k2,51550,ifa,IA,IFA,IFA_01,IFA,,19085,36540,1948495,"IFA Des Moines-West Des Moines, IA",0.0,no cell in the extract: territory at zero opportunity
ifa_mw_wiia_k2,51551,ifa,IA,IFA,IFA_01,IFA,,19129,36540,1948720,"IFA Des Moines-West Des Moines, IA",0.0,no cell in the extract: territory at zero opportunity
ifa_mw_wiia_k2,51552,ifa,IA,IFA,IFA_01,IFA,,19029,,1949575,"IFA Des Moines-West Des Moines, IA",0.0,no cell in the extract: territory at zero opportunity
ifa_mw_wiia_k2,51553,ifa,IA,IFA,IFA_01,IFA,,19155,36540,1952590,"IFA Des Moines-West Des Moines, IA",0.0,no cell in the extract: territory at zero opportunity
ifa_mw_wiia_k2,51554,ifa,IA,IFA,IFA_01,IFA,,19129,36540,1952635,"IFA Des Moines-West Des Moines, IA",0.0,no cell in the extract: territory at zero opportunity
ifa_mw_wiia_k2,51555,ifa,IA,IFA,IFA_01,IFA,,19085,36540,1952860,"IFA Des Moines-West Des Moines, IA",0.0,no cell in the extract: territory at zero opportunity
ifa_mw_wiia_k2,51556,ifa,IA,IFA,IFA_01,IFA,,19085,36540,1952995,"IFA Des Moines-West Des Moines, IA",0.0,no cell in the extract: territory at zero opportunity
ifa_mw_wiia_k2,51557,ifa,IA,IFA,IFA_01,IFA,,19085,36540,1953175,"IFA Des Moines-West Des Moines, IA",0.0,no cell in the extract: territory at zero opportunity
ifa_mw_wiia_k2,51558,ifa,IA,IFA,IFA_01,IFA,,19133,,1953850,"IFA Des Moines-West Des Moines, IA",0.0,no cell in the extract: territory at zero opportunity
ifa_mw_wiia_k2,51559,ifa,IA,IFA,IFA_01,IFA,,19155,36540,1955560,"IFA Des Moines-West Des Moines, IA",0.0,no cell in the extract: territory at zero opportunity
ifa_mw_wiia_k2,51560,ifa,IA,IFA,IFA_01,IFA,,19155,36540,1958080,"IFA Des Moines-West Des Moines, IA",0.0,no cell in the extract: territory at zero opportunity
ifa_mw_wiia_k2,51561,ifa,IA,IFA,IFA_01,IFA,,19129,36540,1960825,"IFA Des Moines-West Des Moines, IA",0.0,no cell in the extract: territory at zero opportunity
ifa_mw_wiia_k2,51562,ifa,IA,IFA,IFA_01,IFA,,19165,,1961275,"IFA Des Moines-West Des Moines, IA",0.0,no cell in the extract: territory at zero opportunity
ifa_mw_wiia_k2,51563,ifa,IA,IFA,IFA_01,IFA,,19085,36540,1962445,"IFA Des Moines-West Des Moines, IA",0.0,no cell in the extract: territory at zero opportunity
ifa_mw_wiia_k2,51564,ifa,IA,IFA,IFA_01,IFA,,19085,36540,1963075,"IFA Des Moines-West Des Moines, IA",0.0,no cell in the extract: territory at zero opportunity
ifa_mw_wiia_k2,51565,ifa,IA,IFA,IFA_01,IFA,,19165,,1964200,"IFA Des Moines-West Des Moines, IA",0.0,no cell in the extract: territory at zero opportunity
ifa_mw_wiia_k2,51566,ifa,IA,IFA,IFA_01,IFA,,19137,,1966135,"IFA Des Moines-West Des Moines, IA",1.07372,
ifa_mw_wiia_k2,51570,ifa,IA,IFA,IFA_01,IFA,,19165,,1972300,"IFA Des Moines-West Des Moines, IA",0.0,no cell in the extract: territory at zero opportunity
ifa_mw_wiia_k2,51571,ifa,IA,IFA,IFA_01,IFA,,19129,36540,1973155,"IFA Des Moines-West Des Moines, IA",0.0,no cell in the extract: territory at zero opportunity
ifa_mw_wiia_k2,51572,ifa,IA,IFA,IFA_01,IFA,,19133,,1973785,"IFA Des Moines-West Des Moines, IA",0.0,no cell in the extract: territory at zero opportunity
ifa_mw_wiia_k2,51573,ifa,IA,IFA,IFA_01,IFA,,19137,,1975000,"IFA Des Moines-West Des Moines, IA",0.0,no cell in the extract: territory at zero opportunity
ifa_mw_wiia_k2,51575,ifa,IA,IFA,IFA_01,IFA,,19155,36540,1978825,"IFA Des Moines-West Des Moines, IA",0.0,no cell in the extract: territory at zero opportunity
ifa_mw_wiia_k2,51576,ifa,IA,IFA,IFA_01,IFA,,19155,36540,1979500,"IFA Des Moines-West Des Moines, IA",0.0,no cell in the extract: territory at zero opportunity
ifa_mw_wiia_k2,51577,ifa,IA,IFA,IFA_01,IFA,,19155,36540,1982065,"IFA Des Moines-West Des Moines, IA",0.0,no cell in the extract: territory at zero opportunity
ifa_mw_wiia_k2,51578,ifa,IA,IFA,IFA_01,IFA,,19165,,1984540,"IFA Des Moines-West Des Moines, IA",0.0,no cell in the extract: territory at zero opportunity
ifa_mw_wiia_k2,51579,ifa,IA,IFA,IFA_01,IFA,,19085,36540,1986835,"IFA Des Moines-West Des Moines, IA",0.0,no cell in the extract: territory at zero opportunity
ifa_mw_wiia_k2,51601,ifa,IA,IFA,IFA_01,IFA,,19145,,1972525,"IFA Des Moines-West Des Moines, IA",0.0,no cell in the extract: territory at zero opportunity
ifa_mw_wiia_k2,51630,ifa,IA,IFA,IFA_01,IFA,,19145,,1906895,"IFA Des Moines-West Des Moines, IA",0.0,no cell in the extract: territory at zero opportunity
ifa_mw_wiia_k2,51631,ifa,IA,IFA,IFA_01,IFA,,19145,,1907930,"IFA Des Moines-West Des Moines, IA",0.0,no cell in the extract: territory at zero opportunity
ifa_mw_wiia_k2,51632,ifa,IA,IFA,IFA_01,IFA,,19145,,1913575,"IFA Des Moines-West Des Moines, IA",0.0,no cell in the extract: territory at zero opportunity
ifa_mw_wiia_k2,51636,ifa,IA,IFA,IFA_01,IFA,,19145,,1914970,"IFA Des Moines-West Des Moines, IA",0.0,no cell in the extract: territory at zero opportunity
ifa_mw_wiia_k2,51637,ifa,IA,IFA,IFA_01,IFA,,19145,,1915105,"IFA Des Moines-West Des Moines, IA",0.0,no cell in the extract: territory at zero opportunity
ifa_mw_wiia_k2,51638,ifa,IA,IFA,IFA_01,IFA,,19145,,1925815,"IFA Des Moines-West Des Moines, IA",0.0,no cell in the extract: territory at zero opportunity
ifa_mw_wiia_k2,51639,ifa,IA,IFA,IFA_01,IFA,,19071,,1926985,"IFA Des Moines-West Des Moines, IA",0.0,no cell in the extract: territory at zero opportunity
ifa_mw_wiia_k2,51640,ifa,IA,IFA,IFA_01,IFA,,19071,,1933780,"IFA Des Moines-West Des Moines, IA",0.0,no cell in the extract: territory at zero opportunity
ifa_mw_wiia_k2,51645,ifa,IA,IFA,IFA_01,IFA,,19071,,1938055,"IFA Des Moines-West Des Moines, IA",0.0,no cell in the extract: territory at zero opportunity
ifa_mw_wiia_k2,51646,ifa,IA,IFA,IFA_01,IFA,,19173,,1956370,"IFA Des Moines-West Des Moines, IA",0.0,no cell in the extract: territory at zero opportunity
ifa_mw_wiia_k2,51647,ifa,IA,IFA,IFA_01,IFA,,19145,,1957045,"IFA Des Moines-West Des Moines, IA",0.0,no cell in the extract: territory at zero opportunity
ifa_mw_wiia_k2,51648,ifa,IA,IFA,IFA_01,IFA,,19071,,1962175,"IFA Des Moines-West Des Moines, IA",0.0,no cell in the extract: territory at zero opportunity
ifa_mw_wiia_k2,51649,ifa,IA,IFA,IFA_01,IFA,,19071,,1965640,"IFA Des Moines-West Des Moines, IA",0.0,no cell in the extract: territory at zero opportunity
ifa_mw_wiia_k2,51650,ifa,IA,IFA,IFA_01,IFA,,19071,,1967575,"IFA Des Moines-West Des Moines, IA",0.0,no cell in the extract: territory at zero opportunity
ifa_mw_wiia_k2,51651,ifa,IA,IFA,IFA_01,IFA,,19145,,1971895,"IFA Des Moines-West Des Moines, IA",0.0,no cell in the extract: territory at zero opportunity
ifa_mw_wiia_k2,51652,ifa,IA,IFA,IFA_01,IFA,,19071,,1973065,"IFA Des Moines-West Des Moines, IA",1.2811,
ifa_mw_wiia_k2,51653,ifa,IA,IFA,IFA_01,IFA,,19071,,1976935,"IFA Des Moines-West Des Moines, IA",0.0,no cell in the extract: territory at zero opportunity
ifa_mw_wiia_k2,51654,ifa,IA,IFA,IFA_01,IFA,,19071,,1977970,"IFA Des Moines-West Des Moines, IA",0.0,no cell in the extract: territory at zero opportunity
ifa_mw_wiia_k2,51656,ifa,IA,IFA,IFA_01,IFA,,19145,,1987420,"IFA Des Moines-West Des Moines, IA",0.0,no cell in the extract: territory at zero opportunity
ifa_mw_wiia_k2,52001,ifa,IA,IFA,IFA_01,IFA,,19061,20220,1922395,"IFA Des Moines-West Des Moines, IA",6.973,
ifa_mw_wiia_k2,52002,ifa,IA,IFA,IFA_01,IFA,,19061,20220,1922395,"IFA Des Moines-West Des Moines, IA",3.70903,
ifa_mw_wiia_k2,52003,ifa,IA,IFA,IFA_01,IFA,,19061,20220,1922395,"IFA Des Moines-West Des Moines, IA",0.929525,
ifa_mw_wiia_k2,52030,ifa,IA,IFA,IFA_01,IFA,,19097,,1902125,"IFA Des Moines-West Des Moines, IA",0.0,no cell in the extract: territory at zero opportunity
ifa_mw_wiia_k2,52031,ifa,IA,IFA,IFA_01,IFA,,19097,,1905635,"IFA Des Moines-West Des Moines, IA",0.0,no cell in the extract: territory at zero opportunity
ifa_mw_wiia_k2,52032,ifa,IA,IFA,IFA_01,IFA,,19061,20220,1906085,"IFA Des Moines-West Des Moines, IA",0.0,no cell in the extract: territory at zero opportunity
ifa_mw_wiia_k2,52033,ifa,IA,IFA,IFA_01,IFA,,19105,16300,1911305,"IFA Des Moines-West Des Moines, IA",0.0,no cell in the extract: territory at zero opportunity
ifa_mw_wiia_k2,52035,ifa,IA,IFA,IFA_01,IFA,,19043,,1915015,"IFA Des Moines-West Des Moines, IA",0.475534,
ifa_mw_wiia_k2,52036,ifa,IA,IFA,IFA_01,IFA,,19055,,1919630,"IFA Des Moines-West Des Moines, IA",0.0,no cell in the extract: territory at zero opportunity
ifa_mw_wiia_k2,52037,ifa,IA,IFA,IFA_01,IFA,,19045,17540,1919720,"IFA Des Moines-West Des Moines, IA",0.0,no cell in the extract: territory at zero opportunity
ifa_mw_wiia_k2,52038,ifa,IA,IFA,IFA_01,IFA,,19055,,1922800,"IFA Des Moines-West Des Moines, IA",0.0,no cell in the extract: territory at zero opportunity
ifa_mw_wiia_k2,52039,ifa,IA,IFA,IFA_01,IFA,,19061,20220,1966810,"IFA Des Moines-West Des Moines, IA",0.0,no cell in the extract: territory at zero opportunity
ifa_mw_wiia_k2,52040,ifa,IA,IFA,IFA_01,IFA,,19055,,1923115,"IFA Des Moines-West Des Moines, IA",0.00556816,
ifa_mw_wiia_k2,52041,ifa,IA,IFA,IFA_01,IFA,,19055,,1923430,"IFA Des Moines-West Des Moines, IA",0.0,no cell in the extract: territory at zero opportunity
ifa_mw_wiia_k2,52042,ifa,IA,IFA,IFA_01,IFA,,19043,,1924060,"IFA Des Moines-West Des Moines, IA",0.0,no cell in the extract: territory at zero opportunity
ifa_mw_wiia_k2,52043,ifa,IA,IFA,IFA_01,IFA,,19043,,1924690,"IFA Des Moines-West Des Moines, IA",0.0,no cell in the extract: territory at zero opportunity
ifa_mw_wiia_k2,52044,ifa,IA,IFA,IFA_01,IFA,,19043,,1924825,"IFA Des Moines-West Des Moines, IA",0.0,no cell in the extract: territory at zero opportunity
ifa_mw_wiia_k2,52045,ifa,IA,IFA,IFA_01,IFA,,19061,20220,1925725,"IFA Des Moines-West Des Moines, IA",0.0,no cell in the extract: territory at zero opportunity
ifa_mw_wiia_k2,52046,ifa,IA,IFA,IFA_01,IFA,,19061,20220,1926760,"IFA Des Moines-West Des Moines, IA",0.0,no cell in the extract: territory at zero opportunity
ifa_mw_wiia_k2,52047,ifa,IA,IFA,IFA_01,IFA,,19043,,1926850,"IFA Des Moines-West Des Moines, IA",0.0,no cell in the extract: territory at zero opportunity
ifa_mw_wiia_k2,52048,ifa,IA,IFA,IFA_01,IFA,,19043,,1929685,"IFA Des Moines-West Des Moines, IA",0.0,no cell in the extract: territory at zero opportunity
ifa_mw_wiia_k2,52049,ifa,IA,IFA,IFA_01,IFA,,19043,,1929910,"IFA Des Moines-West Des Moines, IA",0.0,no cell in the extract: territory at zero opportunity
ifa_mw_wiia_k2,52050,ifa,IA,IFA,IFA_01,IFA,,19055,,1932610,"IFA Des Moines-West Des Moines, IA",0.0,no cell in the extract: territory at zero opportunity
ifa_mw_wiia_k2,52052,ifa,IA,IFA,IFA_01,IFA,,19043,,1933465,"IFA Des Moines-West Des Moines, IA",0.0,no cell in the extract: territory at zero opportunity
ifa_mw_wiia_k2,52053,ifa,IA,IFA,IFA_01,IFA,,19061,20220,1957135,"IFA Des Moines-West Des Moines, IA",0.0,no cell in the extract: territory at zero opportunity
ifa_mw_wiia_k2,52054,ifa,IA,IFA,IFA_01,IFA,,19097,,1943050,"IFA Des Moines-West Des Moines, IA",0.0,no cell in the extract: territory at zero opportunity
ifa_mw_wiia_k2,52056,ifa,IA,IFA,IFA_01,IFA,,19061,20220,1947460,"IFA Des Moines-West Des Moines, IA",0.0,no cell in the extract: territory at zero opportunity
ifa_mw_wiia_k2,52057,ifa,IA,IFA,IFA_01,IFA,,19055,,1948810,"IFA Des Moines-West Des Moines, IA",0.216086,
ifa_mw_wiia_k2,52060,ifa,IA,IFA,IFA_01,IFA,,19097,,1949215,"IFA Des Moines-West Des Moines, IA",3.42074,
ifa_mw_wiia_k2,52064,ifa,IA,IFA,IFA_01,IFA,,19097,,1952050,"IFA Des Moines-West Des Moines, IA",0.0,no cell in the extract: territory at zero opportunity
ifa_mw_wiia_k2,52065,ifa,IA,IFA,IFA_01,IFA,,19061,20220,1956550,"IFA Des Moines-West Des Moines, IA",0.0,no cell in the extract: territory at zero opportunity
ifa_mw_wiia_k2,52066,ifa,IA,IFA,IFA_01,IFA,,19043,,1957135,"IFA Des Moines-West Des Moines, IA",0.0,no cell in the extract: territory at zero opportunity
ifa_mw_wiia_k2,52068,ifa,IA,IFA,IFA_01,IFA,,19061,20220,1962130,"IFA Des Moines-West Des Moines, IA",0.0,no cell in the extract: territory at zero opportunity
ifa_mw_wiia_k2,52069,ifa,IA,IFA,IFA_01,IFA,,19097,,1964605,"IFA Des Moines-West Des Moines, IA",0.0,no cell in the extract: territory at zero opportunity
ifa_mw_wiia_k2,52070,ifa,IA,IFA,IFA_01,IFA,,19097,,1969510,"IFA Des Moines-West Des Moines, IA",0.0,no cell in the extract: territory at zero opportunity
ifa_mw_wiia_k2,52071,ifa,IA,IFA,IFA_01,IFA,,19097,,1969960,"IFA Des Moines-West Des Moines, IA",0.0,no cell in the extract: territory at zero opportunity
ifa_mw_wiia_k2,52072,ifa,IA,IFA,IFA_01,IFA,,19043,,1970140,"IFA Des Moines-West Des Moines, IA",0.0,no cell in the extract: territory at zero opportunity
ifa_mw_wiia_k2,52073,ifa,IA,IFA,IFA_01,IFA,,19061,20220,1972660,"IFA Des Moines-West Des Moines, IA",0.0,no cell in the extract: territory at zero opportunity
ifa_mw_wiia_k2,52074,ifa,IA,IFA,IFA_01,IFA,,19097,,1974460,"IFA Des Moines-West Des Moines, IA",0.0,no cell in the extract: territory at zero opportunity
ifa_mw_wiia_k2,52075,ifa,IA,IFA,IFA_01,IFA,,19097,,1974505,"IFA Des Moines-West Des Moines, IA",0.0,no cell in the extract: territory at zero opportunity
ifa_mw_wiia_k2,52076,ifa,IA,IFA,IFA_01,IFA,,19043,,1975855,"IFA Des Moines-West Des Moines, IA",0.0,no cell in the extract: territory at zero opportunity
ifa_mw_wiia_k2,52077,ifa,IA,IFA,IFA_01,IFA,,19043,,1981345,"IFA Des Moines-West Des Moines, IA",0.0,no cell in the extract: territory at zero opportunity
ifa_mw_wiia_k2,52078,ifa,IA,IFA,IFA_01,IFA,,19061,20220,1987060,"IFA Des Moines-West Des Moines, IA",0.0,no cell in the extract: territory at zero opportunity
ifa_mw_wiia_k2,52079,ifa,IA,IFA,IFA_01,IFA,,19097,,1987690,"IFA Des Moines-West Des Moines, IA",0.0,no cell in the extract: territory at zero opportunity
ifa_mw_wiia_k2,52101,ifa,IA,IFA,IFA_01,IFA,,19191,,1919405,"IFA Des Moines-West Des Moines, IA",9.38105,
ifa_mw_wiia_k2,52132,ifa,IA,IFA,IFA_01,IFA,,19191,,1910045,"IFA Des Moines-West Des Moines, IA",0.324434,
ifa_mw_wiia_k2,52133,ifa,IA,IFA,IFA_01,IFA,,19191,,1911485,"IFA Des Moines-West Des Moines, IA",0.0,no cell in the extract: territory at zero opportunity
ifa_mw_wiia_k2,52134,ifa,IA,IFA,IFA_01,IFA,,19089,,1913125,"IFA Des Moines-West Des Moines, IA",0.0,no cell in the extract: territory at zero opportunity
ifa_mw_wiia_k2,52135,ifa,IA,IFA,IFA_01,IFA,,19065,,1914250,"IFA Des Moines-West Des Moines, IA",0.0,no cell in the extract: territory at zero opportunity
ifa_mw_wiia_k2,52136,ifa,IA,IFA,IFA_01,IFA,,19089,,1917220,"IFA Des Moines-West Des Moines, IA",0.0015909,
ifa_mw_wiia_k2,52140,ifa,IA,IFA,IFA_01,IFA,,19005,,,"IFA Des Moines-West Des Moines, IA",0.0,no cell in the extract: territory at zero opportunity
ifa_mw_wiia_k2,52141,ifa,IA,IFA,IFA_01,IFA,,19065,,1924645,"IFA Des Moines-West Des Moines, IA",0.0,no cell in the extract: territory at zero opportunity
ifa_mw_wiia_k2,52142,ifa,IA,IFA,IFA_01,IFA,,19065,,1927165,"IFA Des Moines-West Des Moines, IA",0.0,no cell in the extract: territory at zero opportunity
ifa_mw_wiia_k2,52144,ifa,IA,IFA,IFA_01,IFA,,19191,,1928425,"IFA Des Moines-West Des Moines, IA",0.0,no cell in the extract: territory at zero opportunity
ifa_mw_wiia_k2,52146,ifa,IA,IFA,IFA_01,IFA,,19005,,1934590,"IFA Des Moines-West Des Moines, IA",0.0,no cell in the extract: territory at zero opportunity
ifa_mw_wiia_k2,52147,ifa,IA,IFA,IFA_01,IFA,,19065,,1935310,"IFA Des Moines-West Des Moines, IA",0.0,no cell in the extract: territory at zero opportunity
ifa_mw_wiia_k2,52151,ifa,IA,IFA,IFA_01,IFA,,19005,,1943275,"IFA Des Moines-West Des Moines, IA",0.0,no cell in the extract: territory at zero opportunity
ifa_mw_wiia_k2,52154,ifa,IA,IFA,IFA_01,IFA,,19037,,1943815,"IFA Des Moines-West Des Moines, IA",0.0,no cell in the extract: territory at zero opportunity
ifa_mw_wiia_k2,52155,ifa,IA,IFA,IFA_01,IFA,,19089,,1945165,"IFA Des Moines-West Des Moines, IA",0.0,no cell in the extract: territory at zero opportunity
ifa_mw_wiia_k2,52156,ifa,IA,IFA,IFA_01,IFA,,19043,,1947055,"IFA Des Moines-West Des Moines, IA",0.0,no cell in the extract: territory at zero opportunity
ifa_mw_wiia_k2,52157,ifa,IA,IFA,IFA_01,IFA,,19043,,1948000,"IFA Des Moines-West Des Moines, IA",0.0,no cell in the extract: territory at zero opportunity
ifa_mw_wiia_k2,52158,ifa,IA,IFA,IFA_01,IFA,,19043,,1949620,"IFA Des Moines-West Des Moines, IA",0.0,no cell in the extract: territory at zero opportunity
ifa_mw_wiia_k2,52159,ifa,IA,IFA,IFA_01,IFA,,19005,,1953310,"IFA Des Moines-West Des Moines, IA",0.0,no cell in the extract: territory at zero opportunity
ifa_mw_wiia_k2,52160,ifa,IA,IFA,IFA_01,IFA,,19005,,1955785,"IFA Des Moines-West Des Moines, IA",0.0,no cell in the extract: territory at zero opportunity
ifa_mw_wiia_k2,52161,ifa,IA,IFA,IFA_01,IFA,,19191,,1959970,"IFA Des Moines-West Des Moines, IA",0.0,no cell in the extract: territory at zero opportunity
ifa_mw_wiia_k2,52162,ifa,IA,IFA,IFA_01,IFA,,19005,,1964290,"IFA Des Moines-West Des Moines, IA",0.0,no cell in the extract: territory at zero opportunity
ifa_mw_wiia_k2,52163,ifa,IA,IFA,IFA_01,IFA,,19089,,1965010,"IFA Des Moines-West Des Moines, IA",0.0,no cell in the extract: territory at zero opportunity
ifa_mw_wiia_k2,52164,ifa,IA,IFA,IFA_01,IFA,,19065,,1965550,"IFA Des Moines-West Des Moines, IA",0.0,no cell in the extract: territory at zero opportunity
ifa_mw_wiia_k2,52165,ifa,IA,IFA,IFA_01,IFA,,19191,,1967035,"IFA Des Moines-West Des Moines, IA",0.0,no cell in the extract: territory at zero opportunity
ifa_mw_wiia_k2,52166,ifa,IA,IFA,IFA_01,IFA,,19065,,1970050,"IFA Des Moines-West Des Moines, IA",0.0,no cell in the extract: territory at zero opportunity
ifa_mw_wiia_k2,52168,ifa,IA,IFA,IFA_01,IFA,,19191,,1974370,"IFA Des Moines-West Des Moines, IA",0.0,no cell in the extract: territory at zero opportunity
ifa_mw_wiia_k2,52169,ifa,IA,IFA,IFA_01,IFA,,19065,,1981570,"IFA Des Moines-West Des Moines, IA",0.0,no cell in the extract: territory at zero opportunity
ifa_mw_wiia_k2,52170,ifa,IA,IFA,IFA_01,IFA,,19005,,1982470,"IFA Des Moines-West Des Moines, IA",0.0,no cell in the extract: territory at zero opportunity
ifa_mw_wiia_k2,52171,ifa,IA,IFA,IFA_01,IFA,,19065,,1939135,"IFA Des Moines-West Des Moines, IA",0.0,no cell in the extract: territory at zero opportunity
ifa_mw_wiia_k2,52172,ifa,IA,IFA,IFA_01,IFA,,19005,,1982740,"IFA Des Moines-West Des Moines, IA",0.0,no cell in the extract: territory at zero opportunity
ifa_mw_wiia_k2,52175,ifa,IA,IFA,IFA_01,IFA,,19065,,1984765,"IFA Des Moines-West Des Moines, IA",0.0455939,
ifa_mw_wiia_k2,52201,ifa,IA,IFA,IFA_01,IFA,,19183,26980,1900730,"IFA Des Moines-West Des Moines, IA",0.0,no cell in the extract: territory at zero opportunity
ifa_mw_wiia_k2,52202,ifa,IA,IFA,IFA_01,IFA,,19113,16300,1901000,"IFA Des Moines-West Des Moines, IA",0.0,no cell in the extract: territory at zero opportunity
ifa_mw_wiia_k2,52203,ifa,IA,IFA,IFA_01,IFA,,19095,,1901720,"IFA Des Moines-West Des Moines, IA",0.0,no cell in the extract: territory at zero opportunity
ifa_mw_wiia_k2,52205,ifa,IA,IFA,IFA_01,IFA,,19105,16300,1901990,"IFA Des Moines-West Des Moines, IA",0.0,no cell in the extract: territory at zero opportunity
ifa_mw_wiia_k2,52206,ifa,IA,IFA,IFA_01,IFA,,19011,16300,1903475,"IFA Des Moines-West Des Moines, IA",0.0,no cell in the extract: territory at zero opportunity
ifa_mw_wiia_k2,52207,ifa,IA,IFA,IFA_01,IFA,,19097,,1904330,"IFA Des Moines-West Des Moines, IA",0.0,no cell in the extract: territory at zero opportunity
ifa_mw_wiia_k2,52208,ifa,IA,IFA,IFA_01,IFA,,19011,16300,1905590,"IFA Des Moines-West Des Moines, IA",1.14289,
ifa_mw_wiia_k2,52209,ifa,IA,IFA,IFA_01,IFA,,19011,16300,1906805,"IFA Des Moines-West Des Moines, IA",0.0,no cell in the extract: territory at zero opportunity
ifa_mw_wiia_k2,52210,ifa,IA,IFA,IFA_01,IFA,,19019,,1908155,"IFA Des Moines-West Des Moines, IA",0.0,no cell in the extract: territory at zero opportunity
ifa_mw_wiia_k2,52211,ifa,IA,IFA,IFA_01,IFA,,19157,,1936660,"IFA Des Moines-West Des Moines, IA",0.0,no cell in the extract: territory at zero opportunity
ifa_mw_wiia_k2,52212,ifa,IA,IFA,IFA_01,IFA,,19105,16300,1912225,"IFA Des Moines-West Des Moines, IA",0.0,no cell in the extract: territory at zero opportunity
ifa_mw_wiia_k2,52213,ifa,IA,IFA,IFA_01,IFA,,19113,16300,1912270,"IFA Des Moines-West Des Moines, IA",0.0,no cell in the extract: territory at zero opportunity
ifa_mw_wiia_k2,52214,ifa,IA,IFA,IFA_01,IFA,,19113,16300,1912495,"IFA Des Moines-West Des Moines, IA",0.0,no cell in the extract: territory at zero opportunity
ifa_mw_wiia_k2,52215,ifa,IA,IFA,IFA_01,IFA,,19171,,1912990,"IFA Des Moines-West Des Moines, IA",0.0,no cell in the extract: territory at zero opportunity
ifa_mw_wiia_k2,52216,ifa,IA,IFA,IFA_01,IFA,,19031,,1913530,"IFA Des Moines-West Des Moines, IA",0.0,no cell in the extract: territory at zero opportunity
ifa_mw_wiia_k2,52217,ifa,IA,IFA,IFA_01,IFA,,19171,,1914655,"IFA Des Moines-West Des Moines, IA",0.0,no cell in the extract: territory at zero opportunity
ifa_mw_wiia_k2,52218,ifa,IA,IFA,IFA_01,IFA,,19113,16300,1914925,"IFA Des Moines-West Des Moines, IA",0.0,no cell in the extract: territory at zero opportunity
ifa_mw_wiia_k2,52219,ifa,IA,IFA,IFA_01,IFA,,19113,16300,1964425,"IFA Des Moines-West Des Moines, IA",0.0,no cell in the extract: territory at zero opportunity
ifa_mw_wiia_k2,52220,ifa,IA,IFA,IFA_01,IFA,,19095,,1915870,"IFA Des Moines-West Des Moines, IA",0.0,no cell in the extract: territory at zero opportunity
ifa_mw_wiia_k2,52221,ifa,IA,IFA,IFA_01,IFA,,19157,,1933285,"IFA Des Moines-West Des Moines, IA",0.0,no cell in the extract: territory at zero opportunity
ifa_mw_wiia_k2,52222,ifa,IA,IFA,IFA_01,IFA,,19157,,1919495,"IFA Des Moines-West Des Moines, IA",0.0,no cell in the extract: territory at zero opportunity
ifa_mw_wiia_k2,52223,ifa,IA,IFA,IFA_01,IFA,,19055,,1919675,"IFA Des Moines-West Des Moines, IA",0.0,no cell in the extract: territory at zero opportunity
ifa_mw_wiia_k2,52224,ifa,IA,IFA,IFA_01,IFA,,19011,16300,1923160,"IFA Des Moines-West Des Moines, IA",3.27684,
ifa_mw_wiia_k2,52225,ifa,IA,IFA,IFA_01,IFA,,19171,,1924375,"IFA Des Moines-West Des Moines, IA",0.0,no cell in the extract: territory at zero opportunity
ifa_mw_wiia_k2,52227,ifa,IA,IFA,IFA_01,IFA,,19113,16300,1925365,"IFA Des Moines-West Des Moines, IA",0.0,no cell in the extract: territory at zero opportunity
ifa_mw_wiia_k2,52228,ifa,IA,IFA,IFA_01,IFA,,19113,16300,1926400,"IFA Des Moines-West Des Moines, IA",0.0,no cell in the extract: territory at zero opportunity
ifa_mw_wiia_k2,52229,ifa,IA,IFA,IFA_01,IFA,,19011,16300,1930000,"IFA Des Moines-West Des Moines, IA",0.0,no cell in the extract: territory at zero opportunity
ifa_mw_wiia_k2,52231,ifa,IA,IFA,IFA_01,IFA,,19107,,1934545,"IFA Des Moines-West Des Moines, IA",0.0,no cell in the extract: territory at zero opportunity
ifa_mw_wiia_k2,52232,ifa,IA,IFA,IFA_01,IFA,,19157,,1934770,"IFA Des Moines-West Des Moines, IA",0.0,no cell in the extract: territory at zero opportunity
ifa_mw_wiia_k2,52233,ifa,IA,IFA,IFA_01,IFA,,19113,16300,1935940,"IFA Des Moines-West Des Moines, IA",0.470562,
ifa_mw_wiia_k2,52235,ifa,IA,IFA,IFA_01,IFA,,19103,26980,1936345,"IFA Des Moines-West Des Moines, IA",0.0,no cell in the extract: territory at zero opportunity
ifa_mw_wiia_k2,52236,ifa,IA,IFA,IFA_01,IFA,,19095,,1936975,"IFA Des Moines-West Des Moines, IA",0.0,no cell in the extract: territory at zero opportunity
ifa_mw_wiia_k2,52237,ifa,IA,IFA,IFA_01,IFA,,19055,,1937155,"IFA Des Moines-West Des Moines, IA",0.0,no cell in the extract: territory at zero opportunity
ifa_mw_wiia_k2,52240,ifa,IA,IFA,IFA_01,IFA,,19103,26980,1938595,"IFA Des Moines-West Des Moines, IA",4.31741,
ifa_mw_wiia_k2,52241,ifa,IA,IFA,IFA_01,IFA,,19103,26980,1916230,"IFA Des Moines-West Des Moines, IA",5.18045,
ifa_mw_wiia_k2,52242,ifa,IA,IFA,IFA_01,IFA,,19103,26980,1938595,"IFA Des Moines-West Des Moines, IA",0.0,no cell in the extract: territory at zero opportunity
ifa_mw_wiia_k2,52245,ifa,IA,IFA,IFA_01,IFA,,19103,26980,1938595,"IFA Des Moines-West Des Moines, IA",3.33146,
ifa_mw_wiia_k2,52246,ifa,IA,IFA,IFA_01,IFA,,19103,26980,1938595,"IFA Des Moines-West Des Moines, IA",0.308207,
ifa_mw_wiia_k2,52247,ifa,IA,IFA,IFA_01,IFA,,19103,26980,1940170,"IFA Des Moines-West Des Moines, IA",0.00548861,
ifa_mw_wiia_k2,52248,ifa,IA,IFA,IFA_01,IFA,,19183,26980,1940980,"IFA Des Moines-West Des Moines, IA",0.0,no cell in the extract: territory at zero opportunity
ifa_mw_wiia_k2,52249,ifa,IA,IFA,IFA_01,IFA,,19011,16300,1941115,"IFA Des Moines-West Des Moines, IA",0.0,no cell in the extract: territory at zero opportunity
ifa_mw_wiia_k2,52251,ifa,IA,IFA,IFA_01,IFA,,19095,,1942330,"IFA Des Moines-West Des Moines, IA",0.0,no cell in the extract: territory at zero opportunity
ifa_mw_wiia_k2,52252,ifa,IA,IFA,IFA_01,IFA,,19105,16300,,"IFA Des Moines-West Des Moines, IA",0.0,no cell in the extract: territory at zero opportunity
ifa_mw_wiia_k2,52253,ifa,IA,IFA,IFA_01,IFA,,19031,,1945615,"IFA Des Moines-West Des Moines, IA",0.0,no cell in the extract: territory at zero opportunity
ifa_mw_wiia_k2,52254,ifa,IA,IFA,IFA_01,IFA,,19045,17540,1946605,"IFA Des Moines-West Des Moines, IA",0.0,no cell in the extract: territory at zero opportunity
ifa_mw_wiia_k2,52255,ifa,IA,IFA,IFA_01,IFA,,19031,,1946920,"IFA Des Moines-West Des Moines, IA",0.0,no cell in the extract: territory at zero opportunity
ifa_mw_wiia_k2,52257,ifa,IA,IFA,IFA_01,IFA,,19011,16300,1947505,"IFA Des Moines-West Des Moines, IA",0.0,no cell in the extract: territory at zero opportunity
ifa_mw_wiia_k2,52301,ifa,IA,IFA,IFA_01,IFA,,19095,,1949395,"IFA Des Moines-West Des Moines, IA",0.0,no cell in the extract: territory at zero opportunity
ifa_mw_wiia_k2,52302,ifa,IA,IFA,IFA_01,IFA,,19113,16300,1949485,"IFA Des Moines-West Des Moines, IA",5.83322,
ifa_mw_wiia_k2,52305,ifa,IA,IFA,IFA_01,IFA,,19105,16300,1949845,"IFA Des Moines-West Des Moines, IA",0.0,no cell in the extract: territory at zero opportunity
ifa_mw_wiia_k2,52306,ifa,IA,IFA,IFA_01,IFA,,19031,,1950700,"IFA Des Moines-West Des Moines, IA",0.0,no cell in the extract: territory at zero opportunity
ifa_mw_wiia_k2,52307,ifa,IA,IFA,IFA_01,IFA,,19095,,1951600,"IFA Des Moines-West Des Moines, IA",0.0,no cell in the extract: territory at zero opportunity
ifa_mw_wiia_k2,52308,ifa,IA,IFA,IFA_01,IFA,,19095,,1952230,"IFA Des Moines-West Des Moines, IA",0.0,no cell in the extract: territory at zero opportunity
ifa_mw_wiia_k2,52309,ifa,IA,IFA,IFA_01,IFA,,19097,,1953265,"IFA Des Moines-West Des Moines, IA",0.0,no cell in the extract: territory at zero opportunity
ifa_mw_wiia_k2,52310,ifa,IA,IFA,IFA_01,IFA,,19105,16300,1953625,"IFA Des Moines-West Des Moines, IA",0.124304,
ifa_mw_wiia_k2,52312,ifa,IA,IFA,IFA_01,IFA,,19105,16300,1954030,"IFA Des Moines-West Des Moines, IA",0.0,no cell in the extract: territory at zero opportunity
ifa_mw_wiia_k2,52313,ifa,IA,IFA,IFA_01,IFA,,19011,16300,1954435,"IFA Des Moines-West Des Moines, IA",0.0,no cell in the extract: territory at zero opportunity
ifa_mw_wiia_k2,52314,ifa,IA,IFA,IFA_01,IFA,,19113,16300,1954840,"IFA Des Moines-West Des Moines, IA",1.31431,
ifa_mw_wiia_k2,52315,ifa,IA,IFA,IFA_01,IFA,,19011,16300,1956055,"IFA Des Moines-West Des Moines, IA",0.0,no cell in the extract: territory at zero opportunity
ifa_mw_wiia_k2,52316,ifa,IA,IFA,IFA_01,IFA,,19095,,1957225,"IFA Des Moines-West Des Moines, IA",0.0,no cell in the extract: territory at zero opportunity
ifa_mw_wiia_k2,52317,ifa,IA,IFA,IFA_01,IFA,,19103,26980,1957360,"IFA Des Moines-West Des Moines, IA",0.00157102,
ifa_mw_wiia_k2,52318,ifa,IA,IFA,IFA_01,IFA,,19011,16300,1957720,"IFA Des Moines-West Des Moines, IA",0.0,no cell in the extract: territory at zero opportunity
ifa_mw_wiia_k2,52320,ifa,IA,IFA,IFA_01,IFA,,19105,16300,1958980,"IFA Des Moines-West Des Moines, IA",0.0,no cell in the extract: territory at zero opportunity
ifa_mw_wiia_k2,52321,ifa,IA,IFA,IFA_01,IFA,,19105,16300,1959250,"IFA Des Moines-West Des Moines, IA",0.0,no cell in the extract: territory at zero opportunity
ifa_mw_wiia_k2,52322,ifa,IA,IFA,IFA_01,IFA,,19103,26980,1960645,"IFA Des Moines-West Des Moines, IA",0.0,no cell in the extract: territory at zero opportunity
ifa_mw_wiia_k2,52323,ifa,IA,IFA,IFA_01,IFA,,19105,16300,1960690,"IFA Des Moines-West Des Moines, IA",0.0,no cell in the extract: territory at zero opportunity
ifa_mw_wiia_k2,52324,ifa,IA,IFA,IFA_01,IFA,,19113,16300,1961230,"IFA Des Moines-West Des Moines, IA",0.0,no cell in the extract: territory at zero opportunity
ifa_mw_wiia_k2,52325,ifa,IA,IFA,IFA_01,IFA,,19095,,1961770,"IFA Des Moines-West Des Moines, IA",0.0,no cell in the extract: territory at zero opportunity
ifa_mw_wiia_k2,52326,ifa,IA,IFA,IFA_01,IFA,,19019,,1965235,"IFA Des Moines-West Des Moines, IA",0.0,no cell in the extract: territory at zero opportunity
ifa_mw_wiia_k2,52327,ifa,IA,IFA,IFA_01,IFA,,19183,26980,1967440,"IFA Des Moines-West Des Moines, IA",0.0,no cell in the extract: territory at zero opportunity
ifa_mw_wiia_k2,52328,ifa,IA,IFA,IFA_01,IFA,,19113,16300,1967800,"IFA Des Moines-West Des Moines, IA",0.0,no cell in the extract: territory at zero opportunity
ifa_mw_wiia_k2,52329,ifa,IA,IFA,IFA_01,IFA,,19019,,1969060,"IFA Des Moines-West Des Moines, IA",0.0,no cell in the extract: territory at zero opportunity
ifa_mw_wiia_k2,52330,ifa,IA,IFA,IFA_01,IFA,,19055,,1969465,"IFA Des Moines-West Des Moines, IA",0.0,no cell in the extract: territory at zero opportunity
ifa_mw_wiia_k2,52332,ifa,IA,IFA,IFA_01,IFA,,19011,16300,1972480,"IFA Des Moines-West Des Moines, IA",0.0,no cell in the extract: territory at zero opportunity
ifa_mw_wiia_k2,52333,ifa,IA,IFA,IFA_01,IFA,,19103,26980,1973875,"IFA Des Moines-West Des Moines, IA",3.20249,
ifa_mw_wiia_k2,52334,ifa,IA,IFA,IFA_01,IFA,,19095,,1973965,"IFA Des Moines-West Des Moines, IA",0.0,no cell in the extract: territory at zero opportunity
ifa_mw_wiia_k2,52335,ifa,IA,IFA,IFA_01,IFA,,19107,,1974055,"IFA Des Moines-West Des Moines, IA",0.0,no cell in the extract: territory at zero opportunity
ifa_mw_wiia_k2,52336,ifa,IA,IFA,IFA_01,IFA,,19113,16300,1974775,"IFA Des Moines-West Des Moines, IA",0.0,no cell in the extract: territory at zero opportunity
ifa_mw_wiia_k2,52337,ifa,IA,IFA,IFA_01,IFA,,19031,,1975045,"IFA Des Moines-West Des Moines, IA",0.0,no cell in the extract: territory at zero opportunity
ifa_mw_wiia_k2,52338,ifa,IA,IFA,IFA_01,IFA,,19103,26980,1972840,"IFA Des Moines-West Des Moines, IA",0.0,no cell in the extract: territory at zero opportunity
ifa_mw_wiia_k2,52339,ifa,IA,IFA,IFA_01,IFA,,19171,,1977115,"IFA Des Moines-West Des Moines, IA",0.0,no cell in the extract: territory at zero opportunity
ifa_mw_wiia_k2,52340,ifa,IA,IFA,IFA_01,IFA,,19103,26980,1978060,"IFA Des Moines-West Des Moines, IA",0.0,no cell in the extract: territory at zero opportunity
ifa_mw_wiia_k2,52341,ifa,IA,IFA,IFA_01,IFA,,19113,16300,1935940,"IFA Des Moines-West Des Moines, IA",0.0,no cell in the extract: territory at zero opportunity
ifa_mw_wiia_k2,52342,ifa,IA,IFA,IFA_01,IFA,,19171,,1978510,"IFA Des Moines-West Des Moines, IA",0.0,no cell in the extract: territory at zero opportunity
ifa_mw_wiia_k2,52344,ifa,IA,IFA,IFA_01,IFA,,19113,16300,,"IFA Des Moines-West Des Moines, IA",0.0,no cell in the extract: territory at zero opportunity
ifa_mw_wiia_k2,52345,ifa,IA,IFA,IFA_01,IFA,,19011,16300,1979905,"IFA Des Moines-West Des Moines, IA",0.0,no cell in the extract: territory at zero opportunity
ifa_mw_wiia_k2,52346,ifa,IA,IFA,IFA_01,IFA,,19011,16300,1980400,"IFA Des Moines-West Des Moines, IA",0.0984755,
ifa_mw_wiia_k2,52347,ifa,IA,IFA,IFA_01,IFA,,19095,,1980805,"IFA Des Moines-West Des Moines, IA",0.0,no cell in the extract: territory at zero opportunity
ifa_mw_wiia_k2,52348,ifa,IA,IFA,IFA_01,IFA,,19171,,1981120,"IFA Des Moines-West Des Moines, IA",0.0,no cell in the extract: territory at zero opportunity
ifa_mw_wiia_k2,52349,ifa,IA,IFA,IFA_01,IFA,,19011,16300,1981210,"IFA Des Moines-West Des Moines, IA",0.0441401,
ifa_mw_wiia_k2,52351,ifa,IA,IFA,IFA_01,IFA,,19011,16300,1981840,"IFA Des Moines-West Des Moines, IA",0.0,no cell in the extract: territory at zero opportunity
ifa_mw_wiia_k2,52352,ifa,IA,IFA,IFA_01,IFA,,19113,16300,1981885,"IFA Des Moines-West Des Moines, IA",0.0,no cell in the extract: territory at zero opportunity
ifa_mw_wiia_k2,52353,ifa,IA,IFA,IFA_01,IFA,,19183,26980,1982335,"IFA Des Moines-West Des Moines, IA",0.322972,
ifa_mw_wiia_k2,52354,ifa,IA,IFA,IFA_01,IFA,,19011,16300,1982515,"IFA Des Moines-West Des Moines, IA",0.0,no cell in the extract: territory at zero opportunity
ifa_mw_wiia_k2,52355,ifa,IA,IFA,IFA_01,IFA,,19107,,1983055,"IFA Des Moines-West Des Moines, IA",0.0,no cell in the extract: territory at zero opportunity
ifa_mw_wiia_k2,52356,ifa,IA,IFA,IFA_01,IFA,,19183,26980,1983280,"IFA Des Moines-West Des Moines, IA",0.106941,
ifa_mw_wiia_k2,52358,ifa,IA,IFA,IFA_01,IFA,,19031,,1983595,"IFA Des Moines-West Des Moines, IA",0.0,no cell in the extract: territory at zero opportunity
ifa_mw_wiia_k2,52359,ifa,IA,IFA,IFA_01,IFA,,19183,26980,1983775,"IFA Des Moines-West Des Moines, IA",0.0,no cell in the extract: territory at zero opportunity
ifa_mw_wiia_k2,52361,ifa,IA,IFA,IFA_01,IFA,,19095,,1985845,"IFA Des Moines-West Des Moines, IA",0.0,no cell in the extract: territory at zero opportunity
ifa_mw_wiia_k2,52362,ifa,IA,IFA,IFA_01,IFA,,19105,16300,1987240,"IFA Des Moines-West Des Moines, IA",0.0,no cell in the extract: territory at zero opportunity
ifa_mw_wiia_k2,52401,ifa,IA,IFA,IFA_01,IFA,,19113,16300,1912000,"IFA Des Moines-West Des Moines, IA",38.9574,
ifa_mw_wiia_k2,52402,ifa,IA,IFA,IFA_01,IFA,,19113,16300,1912000,"IFA Des Moines-West Des Moines, IA",44.836,
ifa_mw_wiia_k2,52403,ifa,IA,IFA,IFA_01,IFA,,19113,16300,1912000,"IFA Des Moines-West Des Moines, IA",0.00540907,
ifa_mw_wiia_k2,52404,ifa,IA,IFA,IFA_01,IFA,,19113,16300,1912000,"IFA Des Moines-West Des Moines, IA",5.50808,
ifa_mw_wiia_k2,52405,ifa,IA,IFA,IFA_01,IFA,,19113,16300,1912000,"IFA Des Moines-West Des Moines, IA",0.393999,
ifa_mw_wiia_k2,52411,ifa,IA,IFA,IFA_01,IFA,,19113,16300,1912000,"IFA Des Moines-West Des Moines, IA",18.8982,
ifa_mw_wiia_k2,52501,ifa,IA,IFA,IFA_01,IFA,,19179,36900,1960465,"IFA Des Moines-West Des Moines, IA",0.156643,
ifa_mw_wiia_k2,52530,ifa,IA,IFA,IFA_01,IFA,,19179,36900,1900640,"IFA Des Moines-West Des Moines, IA",0.0,no cell in the extract: territory at zero opportunity
ifa_mw_wiia_k2,52531,ifa,IA,IFA,IFA_01,IFA,,19135,,1900910,"IFA Des Moines-West Des Moines, IA",0.0,no cell in the extract: territory at zero opportunity
ifa_mw_wiia_k2,52533,ifa,IA,IFA,IFA_01,IFA,,19101,,1904825,"IFA Des Moines-West Des Moines, IA",0.0,no cell in the extract: territory at zero opportunity
ifa_mw_wiia_k2,52534,ifa,IA,IFA,IFA_01,IFA,,19123,36820,1905050,"IFA Des Moines-West Des Moines, IA",0.0,no cell in the extract: territory at zero opportunity
ifa_mw_wiia_k2,52535,ifa,IA,IFA,IFA_01,IFA,,19177,,1906625,"IFA Des Moines-West Des Moines, IA",0.0,no cell in the extract: territory at zero opportunity
ifa_mw_wiia_k2,52536,ifa,IA,IFA,IFA_01,IFA,,19179,36900,1906850,"IFA Des Moines-West Des Moines, IA",0.0,no cell in the extract: territory at zero opportunity
ifa_mw_wiia_k2,52537,ifa,IA,IFA,IFA_01,IFA,,19051,,1907030,"IFA Des Moines-West Des Moines, IA",0.0264898,
ifa_mw_wiia_k2,52540,ifa,IA,IFA,IFA_01,IFA,,19101,,1963615,"IFA Des Moines-West Des Moines, IA",0.0,no cell in the extract: territory at zero opportunity
ifa_mw_wiia_k2,52542,ifa,IA,IFA,IFA_01,IFA,,19177,,1910450,"IFA Des Moines-West Des Moines, IA",0.0,no cell in the extract: territory at zero opportunity
ifa_mw_wiia_k2,52543,ifa,IA,IFA,IFA_01,IFA,,19123,36820,,"IFA Des Moines-West Des Moines, IA",0.0,no cell in the extract: territory at zero opportunity
ifa_mw_wiia_k2,52544,ifa,IA,IFA,IFA_01,IFA,,19007,,1912315,"IFA Des Moines-West Des Moines, IA",0.0,no cell in the extract: territory at zero opportunity
ifa_mw_wiia_k2,52548,ifa,IA,IFA,IFA_01,IFA,,19179,36900,1913215,"IFA Des Moines-West Des Moines, IA",0.0,no cell in the extract: territory at zero opportunity
ifa_mw_wiia_k2,52549,ifa,IA,IFA,IFA_01,IFA,,19007,,1913395,"IFA Des Moines-West Des Moines, IA",0.0,no cell in the extract: territory at zero opportunity
ifa_mw_wiia_k2,52550,ifa,IA,IFA,IFA_01,IFA,,19107,,1919855,"IFA Des Moines-West Des Moines, IA",0.0,no cell in the extract: territory at zero opportunity
ifa_mw_wiia_k2,52551,ifa,IA,IFA,IFA_01,IFA,,19177,,1922035,"IFA Des Moines-West Des Moines, IA",0.0,no cell in the extract: territory at zero opportunity
ifa_mw_wiia_k2,52552,ifa,IA,IFA,IFA_01,IFA,,19051,,1922350,"IFA Des Moines-West Des Moines, IA",0.0,no cell in the extract: territory at zero opportunity
ifa_mw_wiia_k2,52553,ifa,IA,IFA,IFA_01,IFA,,19179,36900,1923970,"IFA Des Moines-West Des Moines, IA",0.0,no cell in the extract: territory at zero opportunity
ifa_mw_wiia_k2,52554,ifa,IA,IFA,IFA_01,IFA,,19179,36900,1924420,"IFA Des Moines-West Des Moines, IA",0.0,no cell in the extract: territory at zero opportunity
ifa_mw_wiia_k2,52555,ifa,IA,IFA,IFA_01,IFA,,19007,,1926310,"IFA Des Moines-West Des Moines, IA",0.0,no cell in the extract: territory at zero opportunity
ifa_mw_wiia_k2,52556,ifa,IA,IFA,IFA_01,IFA,,19101,,1926445,"IFA Des Moines-West Des Moines, IA",0.428545,
ifa_mw_wiia_k2,52557,ifa,IA,IFA,IFA_01,IFA,,19101,,1926445,"IFA Des Moines-West Des Moines, IA",0.0,no cell in the extract: territory at zero opportunity
ifa_mw_wiia_k2,52560,ifa,IA,IFA,IFA_01,IFA,,19051,,1927975,"IFA Des Moines-West Des Moines, IA",0.0,no cell in the extract: territory at zero opportunity
ifa_mw_wiia_k2,52561,ifa,IA,IFA,IFA_01,IFA,,19123,36820,1929190,"IFA Des Moines-West Des Moines, IA",0.0,no cell in the extract: territory at zero opportunity
ifa_mw_wiia_k2,52562,ifa,IA,IFA,IFA_01,IFA,,19107,,1935445,"IFA Des Moines-West Des Moines, IA",0.0,no cell in the extract: territory at zero opportunity
ifa_mw_wiia_k2,52563,ifa,IA,IFA,IFA_01,IFA,,19107,,1935670,"IFA Des Moines-West Des Moines, IA",0.0,no cell in the extract: territory at zero opportunity
ifa_mw_wiia_k2,52565,ifa,IA,IFA,IFA_01,IFA,,19177,,1940935,"IFA Des Moines-West Des Moines, IA",0.397725,
ifa_mw_wiia_k2,52566,ifa,IA,IFA,IFA_01,IFA,,19179,36900,1941565,"IFA Des Moines-West Des Moines, IA",0.0,no cell in the extract: territory at zero opportunity
ifa_mw_wiia_k2,52567,ifa,IA,IFA,IFA_01,IFA,,19101,,1944985,"IFA Des Moines-West Des Moines, IA",0.0,no cell in the extract: territory at zero opportunity
ifa_mw_wiia_k2,52568,ifa,IA,IFA,IFA_01,IFA,,19107,,1949935,"IFA Des Moines-West Des Moines, IA",0.0,no cell in the extract: territory at zero opportunity
ifa_mw_wiia_k2,52569,ifa,IA,IFA,IFA_01,IFA,,19135,,1950970,"IFA Des Moines-West Des Moines, IA",0.0,no cell in the extract: territory at zero opportunity
ifa_mw_wiia_k2,52570,ifa,IA,IFA,IFA_01,IFA,,19177,,1952500,"IFA Des Moines-West Des Moines, IA",0.0,no cell in the extract: territory at zero opportunity
ifa_mw_wiia_k2,52571,ifa,IA,IFA,IFA_01,IFA,,19007,,1953985,"IFA Des Moines-West Des Moines, IA",0.0,no cell in the extract: territory at zero opportunity
ifa_mw_wiia_k2,52572,ifa,IA,IFA,IFA_01,IFA,,19007,,1954390,"IFA Des Moines-West Des Moines, IA",0.0,no cell in the extract: territory at zero opportunity
ifa_mw_wiia_k2,52573,ifa,IA,IFA,IFA_01,IFA,,19177,,1954750,"IFA Des Moines-West Des Moines, IA",0.0,no cell in the extract: territory at zero opportunity
ifa_mw_wiia_k2,52574,ifa,IA,IFA,IFA_01,IFA,,19007,,1955200,"IFA Des Moines-West Des Moines, IA",0.0,no cell in the extract: territory at zero opportunity
ifa_mw_wiia_k2,52576,ifa,IA,IFA,IFA_01,IFA,,19107,,1959070,"IFA Des Moines-West Des Moines, IA",0.0,no cell in the extract: territory at zero opportunity
ifa_mw_wiia_k2,52577,ifa,IA,IFA,IFA_01,IFA,,19123,36820,1959925,"IFA Des Moines-West Des Moines, IA",0.667408,
ifa_mw_wiia_k2,52580,ifa,IA,IFA,IFA_01,IFA,,19101,,1960915,"IFA Des Moines-West Des Moines, IA",0.0,no cell in the extract: territory at zero opportunity
ifa_mw_wiia_k2,52581,ifa,IA,IFA,IFA_01,IFA,,19007,,1963345,"IFA Des Moines-West Des Moines, IA",0.0,no cell in the extract: territory at zero opportunity
ifa_mw_wiia_k2,52583,ifa,IA,IFA,IFA_01,IFA,,19185,,1964875,"IFA Des Moines-West Des Moines, IA",0.0,no cell in the extract: territory at zero opportunity
ifa_mw_wiia_k2,52584,ifa,IA,IFA,IFA_01,IFA,,19051,,1965055,"IFA Des Moines-West Des Moines, IA",0.0,no cell in the extract: territory at zero opportunity
ifa_mw_wiia_k2,52585,ifa,IA,IFA,IFA_01,IFA,,19107,,1966720,"IFA Des Moines-West Des Moines, IA",0.0,no cell in the extract: territory at zero opportunity
ifa_mw_wiia_k2,52586,ifa,IA,IFA,IFA_01,IFA,,19123,36820,1968700,"IFA Des Moines-West Des Moines, IA",0.0,no cell in the extract: territory at zero opportunity
ifa_mw_wiia_k2,52588,ifa,IA,IFA,IFA_01,IFA,,19177,,,"IFA Des Moines-West Des Moines, IA",0.0,no cell in the extract: territory at zero opportunity
ifa_mw_wiia_k2,52590,ifa,IA,IFA,IFA_01,IFA,,19185,,1971760,"IFA Des Moines-West Des Moines, IA",0.0,no cell in the extract: territory at zero opportunity
ifa_mw_wiia_k2,52591,ifa,IA,IFA,IFA_01,IFA,,19107,,1973110,"IFA Des Moines-West Des Moines, IA",0.0,no cell in the extract: territory at zero opportunity
ifa_mw_wiia_k2,52593,ifa,IA,IFA,IFA_01,IFA,,19007,,1979410,"IFA Des Moines-West Des Moines, IA",0.0,no cell in the extract: territory at zero opportunity
ifa_mw_wiia_k2,52594,ifa,IA,IFA,IFA_01,IFA,,19007,,1979680,"IFA Des Moines-West Des Moines, IA",0.0,no cell in the extract: territory at zero opportunity
ifa_mw_wiia_k2,52595,ifa,IA,IFA,IFA_01,IFA,,19123,36820,1979815,"IFA Des Moines-West Des Moines, IA",0.0,no cell in the extract: territory at zero opportunity
ifa_mw_wiia_k2,52601,ifa,IA,IFA,IFA_01,IFA,,19057,15460,1909550,"IFA Des Moines-West Des Moines, IA",3.34161,
ifa_mw_wiia_k2,52619,ifa,IA,IFA,IFA_01,IFA,,19111,22800,1902710,"IFA Des Moines-West Des Moines, IA",0.0,no cell in the extract: territory at zero opportunity
ifa_mw_wiia_k2,52620,ifa,IA,IFA,IFA_01,IFA,,19177,,1907345,"IFA Des Moines-West Des Moines, IA",0.0,no cell in the extract: territory at zero opportunity
ifa_mw_wiia_k2,52621,ifa,IA,IFA,IFA_01,IFA,,19183,26980,1917130,"IFA Des Moines-West Des Moines, IA",0.0,no cell in the extract: territory at zero opportunity
ifa_mw_wiia_k2,52623,ifa,IA,IFA,IFA_01,IFA,,19057,15460,1918435,"IFA Des Moines-West Des Moines, IA",0.0,no cell in the extract: territory at zero opportunity
ifa_mw_wiia_k2,52624,ifa,IA,IFA,IFA_01,IFA,,19111,22800,1919990,"IFA Des Moines-West Des Moines, IA",0.0,no cell in the extract: territory at zero opportunity
ifa_mw_wiia_k2,52625,ifa,IA,IFA,IFA_01,IFA,,19111,22800,1921810,"IFA Des Moines-West Des Moines, IA",0.0,no cell in the extract: territory at zero opportunity
ifa_mw_wiia_k2,52626,ifa,IA,IFA,IFA_01,IFA,,19111,22800,1926895,"IFA Des Moines-West Des Moines, IA",0.0,no cell in the extract: territory at zero opportunity
ifa_mw_wiia_k2,52627,ifa,IA,IFA,IFA_01,IFA,,19111,22800,1928605,"IFA Des Moines-West Des Moines, IA",0.0,no cell in the extract: territory at zero opportunity
ifa_mw_wiia_k2,52630,ifa,IA,IFA,IFA_01,IFA,,19111,22800,1936390,"IFA Des Moines-West Des Moines, IA",0.0732254,
ifa_mw_wiia_k2,52631,ifa,IA,IFA,IFA_01,IFA,,19111,22800,1937335,"IFA Des Moines-West Des Moines, IA",0.0,no cell in the extract: territory at zero opportunity
ifa_mw_wiia_k2,52632,ifa,IA,IFA,IFA_01,IFA,,19111,22800,1940845,"IFA Des Moines-West Des Moines, IA",0.210907,
ifa_mw_wiia_k2,52635,ifa,IA,IFA,IFA_01,IFA,,19101,,1946065,"IFA Des Moines-West Des Moines, IA",0.0,no cell in the extract: territory at zero opportunity
ifa_mw_wiia_k2,52637,ifa,IA,IFA,IFA_01,IFA,,19057,15460,1941430,"IFA Des Moines-West Des Moines, IA",0.0,no cell in the extract: territory at zero opportunity
ifa_mw_wiia_k2,52638,ifa,IA,IFA,IFA_01,IFA,,19057,15460,1951735,"IFA Des Moines-West Des Moines, IA",0.0,no cell in the extract: territory at zero opportunity
ifa_mw_wiia_k2,52639,ifa,IA,IFA,IFA_01,IFA,,19111,22800,1953760,"IFA Des Moines-West Des Moines, IA",0.0,no cell in the extract: territory at zero opportunity
ifa_mw_wiia_k2,52640,ifa,IA,IFA,IFA_01,IFA,,19115,,1954120,"IFA Des Moines-West Des Moines, IA",0.0,no cell in the extract: territory at zero opportunity
ifa_mw_wiia_k2,52641,ifa,IA,IFA,IFA_01,IFA,,19087,,1954705,"IFA Des Moines-West Des Moines, IA",0.0,no cell in the extract: territory at zero opportunity
ifa_mw_wiia_k2,52644,ifa,IA,IFA,IFA_01,IFA,,19087,,1954795,"IFA Des Moines-West Des Moines, IA",0.0,no cell in the extract: territory at zero opportunity
ifa_mw_wiia_k2,52645,ifa,IA,IFA,IFA_01,IFA,,19087,,1956325,"IFA Des Moines-West Des Moines, IA",0.0,no cell in the extract: territory at zero opportunity
ifa_mw_wiia_k2,52646,ifa,IA,IFA,IFA_01,IFA,,19057,15460,1958395,"IFA Des Moines-West Des Moines, IA",0.0,no cell in the extract: territory at zero opportunity
ifa_mw_wiia_k2,52647,ifa,IA,IFA,IFA_01,IFA,,19087,,1958890,"IFA Des Moines-West Des Moines, IA",0.0,no cell in the extract: territory at zero opportunity
ifa_mw_wiia_k2,52649,ifa,IA,IFA,IFA_01,IFA,,19087,,1970230,"IFA Des Moines-West Des Moines, IA",0.0,no cell in the extract: territory at zero opportunity
ifa_mw_wiia_k2,52650,ifa,IA,IFA,IFA_01,IFA,,19057,15460,1974325,"IFA Des Moines-West Des Moines, IA",0.0,no cell in the extract: territory at zero opportunity
ifa_mw_wiia_k2,52651,ifa,IA,IFA,IFA_01,IFA,,19177,,1975405,"IFA Des Moines-West Des Moines, IA",0.0,no cell in the extract: territory at zero opportunity
ifa_mw_wiia_k2,52652,ifa,IA,IFA,IFA_01,IFA,,19087,,1976800,"IFA Des Moines-West Des Moines, IA",0.0,no cell in the extract: territory at zero opportunity
ifa_mw_wiia_k2,52653,ifa,IA,IFA,IFA_01,IFA,,19115,,1982200,"IFA Des Moines-West Des Moines, IA",0.0,no cell in the extract: territory at zero opportunity
ifa_mw_wiia_k2,52654,ifa,IA,IFA,IFA_01,IFA,,19087,,1982965,"IFA Des Moines-West Des Moines, IA",0.0,no cell in the extract: territory at zero opportunity
ifa_mw_wiia_k2,52655,ifa,IA,IFA,IFA_01,IFA,,19057,15460,1983685,"IFA Des Moines-West Des Moines, IA",0.0,no cell in the extract: territory at zero opportunity
ifa_mw_wiia_k2,52656,ifa,IA,IFA,IFA_01,IFA,,19111,22800,1984585,"IFA Des Moines-West Des Moines, IA",0.0,no cell in the extract: territory at zero opportunity
ifa_mw_wiia_k2,52657,ifa,IA,IFA,IFA_01,IFA,,19111,22800,1970185,"IFA Des Moines-West Des Moines, IA",0.0,no cell in the extract: territory at zero opportunity
ifa_mw_wiia_k2,52658,ifa,IA,IFA,IFA_01,IFA,,19111,22800,1984855,"IFA Des Moines-West Des Moines, IA",0.0,no cell in the extract: territory at zero opportunity
ifa_mw_wiia_k2,52659,ifa,IA,IFA,IFA_01,IFA,,19087,,1986385,"IFA Des Moines-West Des Moines, IA",0.0,no cell in the extract: territory at zero opportunity
ifa_mw_wiia_k2,52660,ifa,IA,IFA,IFA_01,IFA,,19057,15460,1987330,"IFA Des Moines-West Des Moines, IA",0.0,no cell in the extract: territory at zero opportunity
ifa_mw_wiia_k2,52701,ifa,IA,IFA,IFA_01,IFA,,19045,17540,1902080,"IFA Des Moines-West Des Moines, IA",0.0,no cell in the extract: territory at zero opportunity
ifa_mw_wiia_k2,52720,ifa,IA,IFA,IFA_01,IFA,,19139,34700,1903385,"IFA Des Moines-West Des Moines, IA",0.0,no cell in the extract: territory at zero opportunity
ifa_mw_wiia_k2,52721,ifa,IA,IFA,IFA_01,IFA,,19031,,1905770,"IFA Des Moines-West Des Moines, IA",0.0,no cell in the extract: territory at zero opportunity
ifa_mw_wiia_k2,52722,ifa,IA,IFA,IFA_01,IFA,,19163,19340,1906355,"IFA Des Moines-West Des Moines, IA",26.7604,
ifa_mw_wiia_k2,52726,ifa,IA,IFA,IFA_01,IFA,,19163,19340,1907075,"IFA Des Moines-West Des Moines, IA",0.0,no cell in the extract: territory at zero opportunity
ifa_mw_wiia_k2,52727,ifa,IA,IFA,IFA_01,IFA,,19045,17540,,"IFA Des Moines-West Des Moines, IA",0.0,no cell in the extract: territory at zero opportunity
ifa_mw_wiia_k2,52728,ifa,IA,IFA,IFA_01,IFA,,19163,19340,1909235,"IFA Des Moines-West Des Moines, IA",0.0,no cell in the extract: territory at zero opportunity
ifa_mw_wiia_k2,52729,ifa,IA,IFA,IFA_01,IFA,,19045,17540,1909820,"IFA Des Moines-West Des Moines, IA",0.0,no cell in the extract: territory at zero opportunity
ifa_mw_wiia_k2,52730,ifa,IA,IFA,IFA_01,IFA,,19045,17540,1910135,"IFA Des Moines-West Des Moines, IA",0.408201,
ifa_mw_wiia_k2,52731,ifa,IA,IFA,IFA_01,IFA,,19045,17540,1912855,"IFA Des Moines-West Des Moines, IA",0.0,no cell in the extract: territory at zero opportunity
ifa_mw_wiia_k2,52732,ifa,IA,IFA,IFA_01,IFA,,19045,17540,1914430,"IFA Des Moines-West Des Moines, IA",13.8863,
ifa_mw_wiia_k2,52737,ifa,IA,IFA,IFA_01,IFA,,19115,,1915375,"IFA Des Moines-West Des Moines, IA",0.0,no cell in the extract: territory at zero opportunity
ifa_mw_wiia_k2,52738,ifa,IA,IFA,IFA_01,IFA,,19115,,1915420,"IFA Des Moines-West Des Moines, IA",0.0,no cell in the extract: territory at zero opportunity
ifa_mw_wiia_k2,52739,ifa,IA,IFA,IFA_01,IFA,,19115,,1915645,"IFA Des Moines-West Des Moines, IA",0.0,no cell in the extract: territory at zero opportunity
ifa_mw_wiia_k2,52742,ifa,IA,IFA,IFA_01,IFA,,19045,17540,1921180,"IFA Des Moines-West Des Moines, IA",0.0,no cell in the extract: territory at zero opportunity
ifa_mw_wiia_k2,52745,ifa,IA,IFA,IFA_01,IFA,,19163,19340,1906535,"IFA Des Moines-West Des Moines, IA",0.0,no cell in the extract: territory at zero opportunity
ifa_mw_wiia_k2,52746,ifa,IA,IFA,IFA_01,IFA,,19163,19340,1921720,"IFA Des Moines-West Des Moines, IA",0.0,no cell in the extract: territory at zero opportunity
ifa_mw_wiia_k2,52747,ifa,IA,IFA,IFA_01,IFA,,19139,34700,1922980,"IFA Des Moines-West Des Moines, IA",0.0,no cell in the extract: territory at zero opportunity
ifa_mw_wiia_k2,52748,ifa,IA,IFA,IFA_01,IFA,,19163,19340,1924600,"IFA Des Moines-West Des Moines, IA",1.15821,
ifa_mw_wiia_k2,52749,ifa,IA,IFA,IFA_01,IFA,,19139,34700,1929280,"IFA Des Moines-West Des Moines, IA",0.0,no cell in the extract: territory at zero opportunity
ifa_mw_wiia_k2,52750,ifa,IA,IFA,IFA_01,IFA,,19045,17540,1931665,"IFA Des Moines-West Des Moines, IA",0.0,no cell in the extract: territory at zero opportunity
ifa_mw_wiia_k2,52751,ifa,IA,IFA,IFA_01,IFA,,19045,17540,1932025,"IFA Des Moines-West Des Moines, IA",0.0,no cell in the extract: territory at zero opportunity
ifa_mw_wiia_k2,52752,ifa,IA,IFA,IFA_01,IFA,,19115,,1932115,"IFA Des Moines-West Des Moines, IA",0.0,no cell in the extract: territory at zero opportunity
ifa_mw_wiia_k2,52753,ifa,IA,IFA,IFA_01,IFA,,19163,19340,1944085,"IFA Des Moines-West Des Moines, IA",0.0,no cell in the extract: territory at zero opportunity
ifa_mw_wiia_k2,52754,ifa,IA,IFA,IFA_01,IFA,,19139,34700,1944715,"IFA Des Moines-West Des Moines, IA",0.0,no cell in the extract: territory at zero opportunity
ifa_mw_wiia_k2,52755,ifa,IA,IFA,IFA_01,IFA,,19103,26980,1946335,"IFA Des Moines-West Des Moines, IA",0.0,no cell in the extract: territory at zero opportunity
ifa_mw_wiia_k2,52756,ifa,IA,IFA,IFA_01,IFA,,19163,19340,1946425,"IFA Des Moines-West Des Moines, IA",0.0,no cell in the extract: territory at zero opportunity
ifa_mw_wiia_k2,52757,ifa,IA,IFA,IFA_01,IFA,,19045,17540,1947010,"IFA Des Moines-West Des Moines, IA",0.0,no cell in the extract: territory at zero opportunity
ifa_mw_wiia_k2,52758,ifa,IA,IFA,IFA_01,IFA,,19163,19340,1947820,"IFA Des Moines-West Des Moines, IA",0.0,no cell in the extract: territory at zero opportunity
ifa_mw_wiia_k2,52759,ifa,IA,IFA,IFA_01,IFA,,19139,34700,1953715,"IFA Des Moines-West Des Moines, IA",0.0,no cell in the extract: territory at zero opportunity
ifa_mw_wiia_k2,52760,ifa,IA,IFA,IFA_01,IFA,,19139,34700,1954345,"IFA Des Moines-West Des Moines, IA",0.0,no cell in the extract: territory at zero opportunity
ifa_mw_wiia_k2,52761,ifa,IA,IFA,IFA_01,IFA,,19139,34700,1955110,"IFA Des Moines-West Des Moines, IA",0.0045818,
ifa_mw_wiia_k2,52765,ifa,IA,IFA,IFA_01,IFA,,19163,19340,1956280,"IFA Des Moines-West Des Moines, IA",0.0,no cell in the extract: territory at zero opportunity
ifa_mw_wiia_k2,52766,ifa,IA,IFA,IFA_01,IFA,,19139,34700,1956685,"IFA Des Moines-West Des Moines, IA",0.0,no cell in the extract: territory at zero opportunity
ifa_mw_wiia_k2,52767,ifa,IA,IFA,IFA_01,IFA,,19163,19340,,"IFA Des Moines-West Des Moines, IA",0.0,no cell in the extract: territory at zero opportunity
ifa_mw_wiia_k2,52768,ifa,IA,IFA,IFA_01,IFA,,19163,19340,1964740,"IFA Des Moines-West Des Moines, IA",0.0,no cell in the extract: territory at zero opportunity
ifa_mw_wiia_k2,52769,ifa,IA,IFA,IFA_01,IFA,,19163,19340,1975450,"IFA Des Moines-West Des Moines, IA",0.0,no cell in the extract: territory at zero opportunity
ifa_mw_wiia_k2,52771,ifa,IA,IFA,IFA_01,IFA,,19045,17540,,"IFA Des Moines-West Des Moines, IA",0.0,no cell in the extract: territory at zero opportunity
ifa_mw_wiia_k2,52772,ifa,IA,IFA,IFA_01,IFA,,19031,,1978285,"IFA Des Moines-West Des Moines, IA",0.0,no cell in the extract: territory at zero opportunity
ifa_mw_wiia_k2,52773,ifa,IA,IFA,IFA_01,IFA,,19163,19340,1981705,"IFA Des Moines-West Des Moines, IA",0.0,no cell in the extract: territory at zero opportunity
ifa_mw_wiia_k2,52774,ifa,IA,IFA,IFA_01,IFA,,19045,17540,1983370,"IFA Des Moines-West Des Moines, IA",0.0,no cell in the extract: territory at zero opportunity
ifa_mw_wiia_k2,52776,ifa,IA,IFA,IFA_01,IFA,,19139,34700,1984315,"IFA Des Moines-West Des Moines, IA",0.0,no cell in the extract: territory at zero opportunity
ifa_mw_wiia_k2,52777,ifa,IA,IFA,IFA_01,IFA,,19045,17540,1984945,"IFA Des Moines-West Des Moines, IA",0.0,no cell in the extract: territory at zero opportunity
ifa_mw_wiia_k2,52778,ifa,IA,IFA,IFA_01,IFA,,19031,,1986070,"IFA Des Moines-West Des Moines, IA",0.0,no cell in the extract: territory at zero opportunity
ifa_mw_wiia_k2,52801,ifa,IA,IFA,IFA_01,IFA,,19163,19340,1919000,"IFA Des Moines-West Des Moines, IA",0.00469316,
ifa_mw_wiia_k2,52802,ifa,IA,IFA,IFA_01,IFA,,19163,19340,1919000,"IFA Des Moines-West Des Moines, IA",0.0,no cell in the extract: territory at zero opportunity
ifa_mw_wiia_k2,52803,ifa,IA,IFA,IFA_01,IFA,,19163,19340,1919000,"IFA Des Moines-West Des Moines, IA",0.420542,
ifa_mw_wiia_k2,52804,ifa,IA,IFA,IFA_01,IFA,,19163,19340,1919000,"IFA Des Moines-West Des Moines, IA",0.0,no cell in the extract: territory at zero opportunity
ifa_mw_wiia_k2,52806,ifa,IA,IFA,IFA_01,IFA,,19163,19340,1919000,"IFA Des Moines-West Des Moines, IA",0.266735,
ifa_mw_wiia_k2,52807,ifa,IA,IFA,IFA_01,IFA,,19163,19340,1919000,"IFA Des Moines-West Des Moines, IA",27.3458,
ifa_mw_wiia_k2,53001,ifa,WI,IFA,IFA_02,IFA,,55117,43100,5505275,"IFA Milwaukee-Waukesha, WI",0.00167045,
ifa_mw_wiia_k2,53002,ifa,WI,IFA,IFA_02,IFA,,55131,33340,5501100,"IFA Milwaukee-Waukesha, WI",2.58261,
ifa_mw_wiia_k2,53003,ifa,WI,IFA,IFA_02,IFA,,55027,13180,5503175,"IFA Milwaukee-Waukesha, WI",0.0,no cell in the extract: territory at zero opportunity
ifa_mw_wiia_k2,53004,ifa,WI,IFA,IFA_02,IFA,,55089,33340,5506150,"IFA Milwaukee-Waukesha, WI",0.0,no cell in the extract: territory at zero opportunity
ifa_mw_wiia_k2,53005,ifa,WI,IFA,IFA_02,IFA,,55133,33340,5510025,"IFA Milwaukee-Waukesha, WI",43.1262,
ifa_mw_wiia_k2,53006,ifa,WI,IFA,IFA_02,IFA,,55027,13180,5510450,"IFA Milwaukee-Waukesha, WI",0.0,no cell in the extract: territory at zero opportunity
ifa_mw_wiia_k2,53007,ifa,WI,IFA,IFA_02,IFA,,55133,33340,5511475,"IFA Milwaukee-Waukesha, WI",0.0,no cell in the extract: territory at zero opportunity
ifa_mw_wiia_k2,53010,ifa,WI,IFA,IFA_02,IFA,,55039,22540,5512325,"IFA Milwaukee-Waukesha, WI",0.0,no cell in the extract: territory at zero opportunity
ifa_mw_wiia_k2,53011,ifa,WI,IFA,IFA_02,IFA,,55117,43100,5512825,"IFA Milwaukee-Waukesha, WI",0.0,no cell in the extract: territory at zero opportunity
ifa_mw_wiia_k2,53012,ifa,WI,IFA,IFA_02,IFA,,55089,33340,5513375,"IFA Milwaukee-Waukesha, WI",4.41824,
ifa_mw_wiia_k2,53013,ifa,WI,IFA,IFA_02,IFA,,55117,43100,5513475,"IFA Milwaukee-Waukesha, WI",0.0,no cell in the extract: territory at zero opportunity
ifa_mw_wiia_k2,53014,ifa,WI,IFA,IFA_02,IFA,,55015,11540,5514475,"IFA Milwaukee-Waukesha, WI",0.0,no cell in the extract: territory at zero opportunity
ifa_mw_wiia_k2,53015,ifa,WI,IFA,IFA_02,IFA,,55071,31820,5515400,"IFA Milwaukee-Waukesha, WI",0.0,no cell in the extract: territory at zero opportunity
ifa_mw_wiia_k2,53016,ifa,WI,IFA,IFA_02,IFA,,55027,13180,5515900,"IFA Milwaukee-Waukesha, WI",0.0,no cell in the extract: territory at zero opportunity
ifa_mw_wiia_k2,53017,ifa,WI,IFA,IFA_02,IFA,,55131,33340,5567475,"IFA Milwaukee-Waukesha, WI",0.0,no cell in the extract: territory at zero opportunity
ifa_mw_wiia_k2,53018,ifa,WI,IFA,IFA_02,IFA,,55133,33340,5519400,"IFA Milwaukee-Waukesha, WI",3.91524,
ifa_mw_wiia_k2,53019,ifa,WI,IFA,IFA_02,IFA,,55039,22540,5522475,"IFA Milwaukee-Waukesha, WI",0.0,no cell in the extract: territory at zero opportunity
ifa_mw_wiia_k2,53020,ifa,WI,IFA,IFA_02,IFA,,55117,43100,5523275,"IFA Milwaukee-Waukesha, WI",0.0,no cell in the extract: territory at zero opportunity
ifa_mw_wiia_k2,53021,ifa,WI,IFA,IFA_02,IFA,,55089,33340,5527550,"IFA Milwaukee-Waukesha, WI",0.0,no cell in the extract: territory at zero opportunity
ifa_mw_wiia_k2,53022,ifa,WI,IFA,IFA_02,IFA,,55131,33340,5528875,"IFA Milwaukee-Waukesha, WI",2.51905,
ifa_mw_wiia_k2,53023,ifa,WI,IFA,IFA_02,IFA,,55117,43100,5531075,"IFA Milwaukee-Waukesha, WI",0.0,no cell in the extract: territory at zero opportunity
ifa_mw_wiia_k2,53024,ifa,WI,IFA,IFA_02,IFA,,55089,33340,5530000,"IFA Milwaukee-Waukesha, WI",0.0520859,
ifa_mw_wiia_k2,53027,ifa,WI,IFA,IFA_02,IFA,,55131,33340,5533000,"IFA Milwaukee-Waukesha, WI",0.0,no cell in the extract: territory at zero opportunity
ifa_mw_wiia_k2,53029,ifa,WI,IFA,IFA_02,IFA,,55133,33340,5533100,"IFA Milwaukee-Waukesha, WI",7.11061,
ifa_mw_wiia_k2,53031,ifa,WI,IFA,IFA_02,IFA,,55117,43100,5535000,"IFA Milwaukee-Waukesha, WI",0.0,no cell in the extract: territory at zero opportunity
ifa_mw_wiia_k2,53032,ifa,WI,IFA,IFA_02,IFA,,55027,13180,5538900,"IFA Milwaukee-Waukesha, WI",0.0,no cell in the extract: territory at zero opportunity
ifa_mw_wiia_k2,53033,ifa,WI,IFA,IFA_02,IFA,,55131,33340,5567475,"IFA Milwaukee-Waukesha, WI",0.472592,
ifa_mw_wiia_k2,53034,ifa,WI,IFA,IFA_02,IFA,,55027,13180,5536625,"IFA Milwaukee-Waukesha, WI",0.0,no cell in the extract: territory at zero opportunity
ifa_mw_wiia_k2,53035,ifa,WI,IFA,IFA_02,IFA,,55027,13180,5537150,"IFA Milwaukee-Waukesha, WI",0.0,no cell in the extract: territory at zero opportunity
ifa_mw_wiia_k2,53036,ifa,WI,IFA,IFA_02,IFA,,55055,48020,5537575,"IFA Milwaukee-Waukesha, WI",0.0,no cell in the extract: territory at zero opportunity
ifa_mw_wiia_k2,53037,ifa,WI,IFA,IFA_02,IFA,,55131,33340,5537675,"IFA Milwaukee-Waukesha, WI",1.29016,
ifa_mw_wiia_k2,53038,ifa,WI,IFA,IFA_02,IFA,,55055,48020,5538350,"IFA Milwaukee-Waukesha, WI",0.841697,
ifa_mw_wiia_k2,53039,ifa,WI,IFA,IFA_02,IFA,,55027,13180,5538675,"IFA Milwaukee-Waukesha, WI",0.0,no cell in the extract: territory at zero opportunity
ifa_mw_wiia_k2,53040,ifa,WI,IFA,IFA_02,IFA,,55131,33340,5539300,"IFA Milwaukee-Waukesha, WI",0.111009,
ifa_mw_wiia_k2,53042,ifa,WI,IFA,IFA_02,IFA,,55071,31820,5539525,"IFA Milwaukee-Waukesha, WI",2.15306,
ifa_mw_wiia_k2,53044,ifa,WI,IFA,IFA_02,IFA,,55117,43100,5540275,"IFA Milwaukee-Waukesha, WI",0.0,no cell in the extract: territory at zero opportunity
ifa_mw_wiia_k2,53045,ifa,WI,IFA,IFA_02,IFA,,55133,33340,5510025,"IFA Milwaukee-Waukesha, WI",64.5771,
ifa_mw_wiia_k2,53046,ifa,WI,IFA,IFA_02,IFA,,55133,33340,5542450,"IFA Milwaukee-Waukesha, WI",0.0,no cell in the extract: territory at zero opportunity
ifa_mw_wiia_k2,53047,ifa,WI,IFA,IFA_02,IFA,,55027,13180,5543025,"IFA Milwaukee-Waukesha, WI",0.0,no cell in the extract: territory at zero opportunity
ifa_mw_wiia_k2,53048,ifa,WI,IFA,IFA_02,IFA,,55027,13180,5545475,"IFA Milwaukee-Waukesha, WI",0.0,no cell in the extract: territory at zero opportunity
ifa_mw_wiia_k2,53049,ifa,WI,IFA,IFA_02,IFA,,55039,22540,5571050,"IFA Milwaukee-Waukesha, WI",0.178744,
ifa_mw_wiia_k2,53050,ifa,WI,IFA,IFA_02,IFA,,55027,13180,5538900,"IFA Milwaukee-Waukesha, WI",0.0,no cell in the extract: territory at zero opportunity
ifa_mw_wiia_k2,53051,ifa,WI,IFA,IFA_02,IFA,,55133,33340,5551000,"IFA Milwaukee-Waukesha, WI",15.2161,
ifa_mw_wiia_k2,53057,ifa,WI,IFA,IFA_02,IFA,,55039,22540,5554650,"IFA Milwaukee-Waukesha, WI",0.0,no cell in the extract: territory at zero opportunity
ifa_mw_wiia_k2,53058,ifa,WI,IFA,IFA_02,IFA,,55133,33340,5555550,"IFA Milwaukee-Waukesha, WI",0.0,no cell in the extract: territory at zero opportunity
ifa_mw_wiia_k2,53059,ifa,WI,IFA,IFA_02,IFA,,55027,13180,5556075,"IFA Milwaukee-Waukesha, WI",0.0,no cell in the extract: territory at zero opportunity
ifa_mw_wiia_k2,53061,ifa,WI,IFA,IFA_02,IFA,,55015,11540,5556800,"IFA Milwaukee-Waukesha, WI",3.17625,
ifa_mw_wiia_k2,53063,ifa,WI,IFA,IFA_02,IFA,,55071,31820,,"IFA Milwaukee-Waukesha, WI",0.0,no cell in the extract: territory at zero opportunity
ifa_mw_wiia_k2,53065,ifa,WI,IFA,IFA_02,IFA,,55039,22540,5558900,"IFA Milwaukee-Waukesha, WI",0.0,no cell in the extract: territory at zero opportunity
ifa_mw_wiia_k2,53066,ifa,WI,IFA,IFA_02,IFA,,55133,33340,5578375,"IFA Milwaukee-Waukesha, WI",17.8535,
ifa_mw_wiia_k2,53069,ifa,WI,IFA,IFA_02,IFA,,55133,33340,5559650,"IFA Milwaukee-Waukesha, WI",0.0,no cell in the extract: territory at zero opportunity
ifa_mw_wiia_k2,53070,ifa,WI,IFA,IFA_02,IFA,,55117,43100,5560100,"IFA Milwaukee-Waukesha, WI",0.425008,
ifa_mw_wiia_k2,53072,ifa,WI,IFA,IFA_02,IFA,,55133,33340,5562240,"IFA Milwaukee-Waukesha, WI",8.11859,
ifa_mw_wiia_k2,53073,ifa,WI,IFA,IFA_02,IFA,,55117,43100,5563700,"IFA Milwaukee-Waukesha, WI",0.0587639,
ifa_mw_wiia_k2,53074,ifa,WI,IFA,IFA_02,IFA,,55089,33340,5564450,"IFA Milwaukee-Waukesha, WI",0.868693,
ifa_mw_wiia_k2,53075,ifa,WI,IFA,IFA_02,IFA,,55117,43100,5566200,"IFA Milwaukee-Waukesha, WI",0.0,no cell in the extract: territory at zero opportunity
ifa_mw_wiia_k2,53076,ifa,WI,IFA,IFA_02,IFA,,55131,33340,5567475,"IFA Milwaukee-Waukesha, WI",1.22513,
ifa_mw_wiia_k2,53078,ifa,WI,IFA,IFA_02,IFA,,55027,13180,5533000,"IFA Milwaukee-Waukesha, WI",0.0,no cell in the extract: territory at zero opportunity
ifa_mw_wiia_k2,53079,ifa,WI,IFA,IFA_02,IFA,,55039,22540,5570500,"IFA Milwaukee-Waukesha, WI",0.0,no cell in the extract: territory at zero opportunity
ifa_mw_wiia_k2,53080,ifa,WI,IFA,IFA_02,IFA,,55089,33340,5571700,"IFA Milwaukee-Waukesha, WI",2.74145,
ifa_mw_wiia_k2,53081,ifa,WI,IFA,IFA_02,IFA,,55117,43100,5572975,"IFA Milwaukee-Waukesha, WI",12.7038,
ifa_mw_wiia_k2,53083,ifa,WI,IFA,IFA_02,IFA,,55117,43100,5572975,"IFA Milwaukee-Waukesha, WI",4.75962,
ifa_mw_wiia_k2,53085,ifa,WI,IFA,IFA_02,IFA,,55117,43100,5573025,"IFA Milwaukee-Waukesha, WI",0.53131,
ifa_mw_wiia_k2,53086,ifa,WI,IFA,IFA_02,IFA,,55131,33340,5574400,"IFA Milwaukee-Waukesha, WI",0.772475,
ifa_mw_wiia_k2,53088,ifa,WI,IFA,IFA_02,IFA,,55015,11540,5577400,"IFA Milwaukee-Waukesha, WI",0.0,no cell in the extract: territory at zero opportunity
ifa_mw_wiia_k2,53089,ifa,WI,IFA,IFA_02,IFA,,55133,33340,5544847,"IFA Milwaukee-Waukesha, WI",9.12687,
ifa_mw_wiia_k2,53090,ifa,WI,IFA,IFA_02,IFA,,55131,33340,5585350,"IFA Milwaukee-Waukesha, WI",0.456047,
ifa_mw_wiia_k2,53091,ifa,WI,IFA,IFA_02,IFA,,55027,13180,5579375,"IFA Milwaukee-Waukesha, WI",0.0,no cell in the extract: territory at zero opportunity
ifa_mw_wiia_k2,53092,ifa,WI,IFA,IFA_02,IFA,,55089,33340,5551150,"IFA Milwaukee-Waukesha, WI",3.55873,
ifa_mw_wiia_k2,53093,ifa,WI,IFA,IFA_02,IFA,,55117,43100,5535000,"IFA Milwaukee-Waukesha, WI",0.0,no cell in the extract: territory at zero opportunity
ifa_mw_wiia_k2,53094,ifa,WI,IFA,IFA_02,IFA,,55055,48020,5583975,"IFA Milwaukee-Waukesha, WI",0.0,no cell in the extract: territory at zero opportunity
ifa_mw_wiia_k2,53095,ifa,WI,IFA,IFA_02,IFA,,55131,33340,5585350,"IFA Milwaukee-Waukesha, WI",6.54151,
ifa_mw_wiia_k2,53097,ifa,WI,IFA,IFA_02,IFA,,55089,33340,5551150,"IFA Milwaukee-Waukesha, WI",4.41985,
ifa_mw_wiia_k2,53098,ifa,WI,IFA,IFA_02,IFA,,55027,13180,5583975,"IFA Milwaukee-Waukesha, WI",0.100684,
ifa_mw_wiia_k2,53099,ifa,WI,IFA,IFA_02,IFA,,55027,13180,,"IFA Milwaukee-Waukesha, WI",0.0,no cell in the extract: territory at zero opportunity
ifa_mw_wiia_k2,53103,ifa,WI,IFA,IFA_02,IFA,,55133,33340,5582575,"IFA Milwaukee-Waukesha, WI",0.0,no cell in the extract: territory at zero opportunity
ifa_mw_wiia_k2,53104,ifa,WI,IFA,IFA_02,IFA,,55059,28450,5509800,"IFA Milwaukee-Waukesha, WI",0.0,no cell in the extract: territory at zero opportunity
ifa_mw_wiia_k2,53105,ifa,WI,IFA,IFA_02,IFA,,55101,39540,5568550,"IFA Milwaukee-Waukesha, WI",4.57769,
ifa_mw_wiia_k2,53108,ifa,WI,IFA,IFA_02,IFA,,55101,39540,5511950,"IFA Milwaukee-Waukesha, WI",0.0,no cell in the extract: territory at zero opportunity
ifa_mw_wiia_k2,53110,ifa,WI,IFA,IFA_02,IFA,,55079,33340,5517975,"IFA Milwaukee-Waukesha, WI",0.0,no cell in the extract: territory at zero opportunity
ifa_mw_wiia_k2,53114,ifa,WI,IFA,IFA_02,IFA,,55127,48580,5518825,"IFA Milwaukee-Waukesha, WI",0.0,no cell in the extract: territory at zero opportunity
ifa_mw_wiia_k2,53115,ifa,WI,IFA,IFA_02,IFA,,55127,48580,5519450,"IFA Milwaukee-Waukesha, WI",0.816804,
ifa_mw_wiia_k2,53118,ifa,WI,IFA,IFA_02,IFA,,55133,33340,5520550,"IFA Milwaukee-Waukesha, WI",0.0140179,
ifa_mw_wiia_k2,53119,ifa,WI,IFA,IFA_02,IFA,,55133,33340,5521425,"IFA Milwaukee-Waukesha, WI",0.000715906,
ifa_mw_wiia_k2,53120,ifa,WI,IFA,IFA_02,IFA,,55127,48580,5522100,"IFA Milwaukee-Waukesha, WI",1.81281,
ifa_mw_wiia_k2,53121,ifa,WI,IFA,IFA_02,IFA,,55127,48580,5523300,"IFA Milwaukee-Waukesha, WI",6.94072,
ifa_mw_wiia_k2,53122,ifa,WI,IFA,IFA_02,IFA,,55133,33340,5523575,"IFA Milwaukee-Waukesha, WI",10.6149,
ifa_mw_wiia_k2,53125,ifa,WI,IFA,IFA_02,IFA,,55127,48580,5526350,"IFA Milwaukee-Waukesha, WI",0.0,no cell in the extract: territory at zero opportunity
ifa_mw_wiia_k2,53126,ifa,WI,IFA,IFA_02,IFA,,55101,39540,5566350,"IFA Milwaukee-Waukesha, WI",0.164269,
ifa_mw_wiia_k2,53127,ifa,WI,IFA,IFA_02,IFA,,55133,33340,,"IFA Milwaukee-Waukesha, WI",0.0397725,
ifa_mw_wiia_k2,53128,ifa,WI,IFA,IFA_02,IFA,,55127,48580,5508265,"IFA Milwaukee-Waukesha, WI",0.0,no cell in the extract: territory at zero opportunity
ifa_mw_wiia_k2,53129,ifa,WI,IFA,IFA_02,IFA,,55079,33340,5531125,"IFA Milwaukee-Waukesha, WI",1.03317,
ifa_mw_wiia_k2,53130,ifa,WI,IFA,IFA_02,IFA,,55079,33340,5532075,"IFA Milwaukee-Waukesha, WI",15.6969,
ifa_mw_wiia_k2,53132,ifa,WI,IFA,IFA_02,IFA,,55079,33340,5527300,"IFA Milwaukee-Waukesha, WI",2.89381,
ifa_mw_wiia_k2,53137,ifa,WI,IFA,IFA_02,IFA,,55055,48020,5569300,"IFA Milwaukee-Waukesha, WI",0.0,no cell in the extract: territory at zero opportunity
ifa_mw_wiia_k2,53139,ifa,WI,IFA,IFA_02,IFA,,55101,39540,5521525,"IFA Milwaukee-Waukesha, WI",0.0,no cell in the extract: territory at zero opportunity
ifa_mw_wiia_k2,53140,ifa,WI,IFA,IFA_02,IFA,,55059,28450,5539225,"IFA Milwaukee-Waukesha, WI",0.617556,
ifa_mw_wiia_k2,53142,ifa,WI,IFA,IFA_02,IFA,,55059,28450,5509800,"IFA Milwaukee-Waukesha, WI",5.20359,
ifa_mw_wiia_k2,53143,ifa,WI,IFA,IFA_02,IFA,,55059,28450,5539225,"IFA Milwaukee-Waukesha, WI",0.0,no cell in the extract: territory at zero opportunity
ifa_mw_wiia_k2,53144,ifa,WI,IFA,IFA_02,IFA,,55059,28450,5574625,"IFA Milwaukee-Waukesha, WI",3.89611,
ifa_mw_wiia_k2,53146,ifa,WI,IFA,IFA_02,IFA,,55133,33340,5556375,"IFA Milwaukee-Waukesha, WI",0.0,no cell in the extract: territory at zero opportunity
ifa_mw_wiia_k2,53147,ifa,WI,IFA,IFA_02,IFA,,55127,48580,5508265,"IFA Milwaukee-Waukesha, WI",0.15909,
ifa_mw_wiia_k2,53149,ifa,WI,IFA,IFA_02,IFA,,55133,33340,5582575,"IFA Milwaukee-Waukesha, WI",1.95151,
ifa_mw_wiia_k2,53150,ifa,WI,IFA,IFA_02,IFA,,55133,33340,5555275,"IFA Milwaukee-Waukesha, WI",0.0,no cell in the extract: territory at zero opportunity
ifa_mw_wiia_k2,53151,ifa,WI,IFA,IFA_02,IFA,,55133,33340,5556375,"IFA Milwaukee-Waukesha, WI",8.81455,
ifa_mw_wiia_k2,53153,ifa,WI,IFA,IFA_02,IFA,,55133,33340,5558400,"IFA Milwaukee-Waukesha, WI",0.0,no cell in the extract: territory at zero opportunity
ifa_mw_wiia_k2,53154,ifa,WI,IFA,IFA_02,IFA,,55079,33340,5558800,"IFA Milwaukee-Waukesha, WI",4.30338,
ifa_mw_wiia_k2,53156,ifa,WI,IFA,IFA_02,IFA,,55055,48020,5561025,"IFA Milwaukee-Waukesha, WI",0.0,no cell in the extract: territory at zero opportunity
ifa_mw_wiia_k2,53157,ifa,WI,IFA,IFA_02,IFA,,55127,48580,5508265,"IFA Milwaukee-Waukesha, WI",0.0,no cell in the extract: territory at zero opportunity
ifa_mw_wiia_k2,53158,ifa,WI,IFA,IFA_02,IFA,,55059,28450,5563300,"IFA Milwaukee-Waukesha, WI",1.16313,
ifa_mw_wiia_k2,53167,ifa,WI,IFA,IFA_02,IFA,,55101,39540,5568550,"IFA Milwaukee-Waukesha, WI",0.0,no cell in the extract: territory at zero opportunity
ifa_mw_wiia_k2,53168,ifa,WI,IFA,IFA_02,IFA,,55059,28450,5571163,"IFA Milwaukee-Waukesha, WI",0.0,no cell in the extract: territory at zero opportunity
ifa_mw_wiia_k2,53170,ifa,WI,IFA,IFA_02,IFA,,55059,28450,5571163,"IFA Milwaukee-Waukesha, WI",0.0,no cell in the extract: territory at zero opportunity
ifa_mw_wiia_k2,53172,ifa,WI,IFA,IFA_02,IFA,,55079,33340,5575125,"IFA Milwaukee-Waukesha, WI",5.71197,
ifa_mw_wiia_k2,53176,ifa,WI,IFA,IFA_02,IFA,,55127,48580,5575975,"IFA Milwaukee-Waukesha, WI",0.0,no cell in the extract: territory at zero opportunity
ifa_mw_wiia_k2,53177,ifa,WI,IFA,IFA_02,IFA,,55101,39540,5554875,"IFA Milwaukee-Waukesha, WI",0.0,no cell in the extract: territory at zero opportunity
ifa_mw_wiia_k2,53178,ifa,WI,IFA,IFA_02,IFA,,55055,48020,5578175,"IFA Milwaukee-Waukesha, WI",0.0,no cell in the extract: territory at zero opportunity
ifa_mw_wiia_k2,53179,ifa,WI,IFA,IFA_02,IFA,,55059,28450,5571163,"IFA Milwaukee-Waukesha, WI",0.0,no cell in the extract: territory at zero opportunity
ifa_mw_wiia_k2,53181,ifa,WI,IFA,IFA_02,IFA,,55059,28450,5581250,"IFA Milwaukee-Waukesha, WI",0.0795451,
ifa_mw_wiia_k2,53182,ifa,WI,IFA,IFA_02,IFA,,55101,39540,5589550,"IFA Milwaukee-Waukesha, WI",0.0,no cell in the extract: territory at zero opportunity
ifa_mw_wiia_k2,53183,ifa,WI,IFA,IFA_02,IFA,,55133,33340,5583175,"IFA Milwaukee-Waukesha, WI",0.911986,
ifa_mw_wiia_k2,53184,ifa,WI,IFA,IFA_02,IFA,,55127,48580,5583250,"IFA Milwaukee-Waukesha, WI",1.88015,
ifa_mw_wiia_k2,53185,ifa,WI,IFA,IFA_02,IFA,,55101,39540,5579740,"IFA Milwaukee-Waukesha, WI",3.26713,
ifa_mw_wiia_k2,53186,ifa,WI,IFA,IFA_02,IFA,,55133,33340,5584250,"IFA Milwaukee-Waukesha, WI",22.1056,
ifa_mw_wiia_k2,53188,ifa,WI,IFA,IFA_02,IFA,,55133,33340,5584250,"IFA Milwaukee-Waukesha, WI",71.3572,
ifa_mw_wiia_k2,53189,ifa,WI,IFA,IFA_02,IFA,,55133,33340,5584275,"IFA Milwaukee-Waukesha, WI",0.681881,
ifa_mw_wiia_k2,53190,ifa,WI,IFA,IFA_02,IFA,,55127,48580,5586925,"IFA Milwaukee-Waukesha, WI",0.0,no cell in the extract: territory at zero opportunity
ifa_mw_wiia_k2,53191,ifa,WI,IFA,IFA_02,IFA,,55127,48580,5587200,"IFA Milwaukee-Waukesha, WI",0.0,no cell in the extract: territory at zero opportunity
ifa_mw_wiia_k2,53192,ifa,WI,IFA,IFA_02,IFA,,55059,28450,5571163,"IFA Milwaukee-Waukesha, WI",0.0,no cell in the extract: territory at zero opportunity
ifa_mw_wiia_k2,53195,ifa,WI,IFA,IFA_02,IFA,,55127,48580,,"IFA Milwaukee-Waukesha, WI",0.0,no cell in the extract: territory at zero opportunity
ifa_mw_wiia_k2,53202,ifa,WI,IFA,IFA_02,IFA,,55079,33340,5553000,"IFA Milwaukee-Waukesha, WI",4.65149,
ifa_mw_wiia_k2,53203,ifa,WI,IFA,IFA_02,IFA,,55079,33340,5553000,"IFA Milwaukee-Waukesha, WI",0.0143132,
ifa_mw_wiia_k2,53204,ifa,WI,IFA,IFA_02,IFA,,55079,33340,5553000,"IFA Milwaukee-Waukesha, WI",0.0,no cell in the extract: territory at zero opportunity
ifa_mw_wiia_k2,53205,ifa,WI,IFA,IFA_02,IFA,,55079,33340,5553000,"IFA Milwaukee-Waukesha, WI",0.0,no cell in the extract: territory at zero opportunity
ifa_mw_wiia_k2,53206,ifa,WI,IFA,IFA_02,IFA,,55079,33340,5553000,"IFA Milwaukee-Waukesha, WI",0.0,no cell in the extract: territory at zero opportunity
ifa_mw_wiia_k2,53207,ifa,WI,IFA,IFA_02,IFA,,55079,33340,5553000,"IFA Milwaukee-Waukesha, WI",0.099057,
ifa_mw_wiia_k2,53208,ifa,WI,IFA,IFA_02,IFA,,55079,33340,5553000,"IFA Milwaukee-Waukesha, WI",0.0,no cell in the extract: territory at zero opportunity
ifa_mw_wiia_k2,53209,ifa,WI,IFA,IFA_02,IFA,,55079,33340,5553000,"IFA Milwaukee-Waukesha, WI",0.0,no cell in the extract: territory at zero opportunity
ifa_mw_wiia_k2,53210,ifa,WI,IFA,IFA_02,IFA,,55079,33340,5553000,"IFA Milwaukee-Waukesha, WI",0.0,no cell in the extract: territory at zero opportunity
ifa_mw_wiia_k2,53211,ifa,WI,IFA,IFA_02,IFA,,55079,33340,5553000,"IFA Milwaukee-Waukesha, WI",0.559679,
ifa_mw_wiia_k2,53212,ifa,WI,IFA,IFA_02,IFA,,55079,33340,5553000,"IFA Milwaukee-Waukesha, WI",1.50794,
ifa_mw_wiia_k2,53213,ifa,WI,IFA,IFA_02,IFA,,55079,33340,5584675,"IFA Milwaukee-Waukesha, WI",0.759682,
ifa_mw_wiia_k2,53214,ifa,WI,IFA,IFA_02,IFA,,55079,33340,5585300,"IFA Milwaukee-Waukesha, WI",2.83808,
ifa_mw_wiia_k2,53215,ifa,WI,IFA,IFA_02,IFA,,55079,33340,5553000,"IFA Milwaukee-Waukesha, WI",0.0,no cell in the extract: territory at zero opportunity
ifa_mw_wiia_k2,53216,ifa,WI,IFA,IFA_02,IFA,,55079,33340,5553000,"IFA Milwaukee-Waukesha, WI",0.0,no cell in the extract: territory at zero opportunity
ifa_mw_wiia_k2,53217,ifa,WI,IFA,IFA_02,IFA,,55079,33340,5568325,"IFA Milwaukee-Waukesha, WI",2.59849,
ifa_mw_wiia_k2,53218,ifa,WI,IFA,IFA_02,IFA,,55079,33340,5553000,"IFA Milwaukee-Waukesha, WI",0.0,no cell in the extract: territory at zero opportunity
ifa_mw_wiia_k2,53219,ifa,WI,IFA,IFA_02,IFA,,55079,33340,5553000,"IFA Milwaukee-Waukesha, WI",0.0,no cell in the extract: territory at zero opportunity
ifa_mw_wiia_k2,53220,ifa,WI,IFA,IFA_02,IFA,,55079,33340,5531175,"IFA Milwaukee-Waukesha, WI",3.64875,
ifa_mw_wiia_k2,53221,ifa,WI,IFA,IFA_02,IFA,,55079,33340,5553000,"IFA Milwaukee-Waukesha, WI",0.986855,
ifa_mw_wiia_k2,53222,ifa,WI,IFA,IFA_02,IFA,,55079,33340,5553000,"IFA Milwaukee-Waukesha, WI",0.77939,
ifa_mw_wiia_k2,53223,ifa,WI,IFA,IFA_02,IFA,,55079,33340,5553000,"IFA Milwaukee-Waukesha, WI",0.0,no cell in the extract: territory at zero opportunity
ifa_mw_wiia_k2,53224,ifa,WI,IFA,IFA_02,IFA,,55079,33340,5553000,"IFA Milwaukee-Waukesha, WI",0.0,no cell in the extract: territory at zero opportunity
ifa_mw_wiia_k2,53225,ifa,WI,IFA,IFA_02,IFA,,55079,33340,5553000,"IFA Milwaukee-Waukesha, WI",0.0,no cell in the extract: territory at zero opportunity
ifa_mw_wiia_k2,53226,ifa,WI,IFA,IFA_02,IFA,,55079,33340,5584675,"IFA Milwaukee-Waukesha, WI",125.573,
ifa_mw_wiia_k2,53227,ifa,WI,IFA,IFA_02,IFA,,55079,33340,5585300,"IFA Milwaukee-Waukesha, WI",6.52999,
ifa_mw_wiia_k2,53228,ifa,WI,IFA,IFA_02,IFA,,55079,33340,5531175,"IFA Milwaukee-Waukesha, WI",11.3143,
ifa_mw_wiia_k2,53233,ifa,WI,IFA,IFA_02,IFA,,55079,33340,5553000,"IFA Milwaukee-Waukesha, WI",0.0,no cell in the extract: territory at zero opportunity
ifa_mw_wiia_k2,53235,ifa,WI,IFA,IFA_02,IFA,,55079,33340,5570650,"IFA Milwaukee-Waukesha, WI",0.0,no cell in the extract: territory at zero opportunity
ifa_mw_wiia_k2,53295,ifa,WI,IFA,IFA_02,IFA,,55079,33340,5553000,"IFA Milwaukee-Waukesha, WI",0.0,no cell in the extract: territory at zero opportunity
ifa_mw_wiia_k2,53402,ifa,WI,IFA,IFA_02,IFA,,55101,39540,5511950,"IFA Milwaukee-Waukesha, WI",4.07309,
ifa_mw_wiia_k2,53403,ifa,WI,IFA,IFA_02,IFA,,55101,39540,5554875,"IFA Milwaukee-Waukesha, WI",1.76284,
ifa_mw_wiia_k2,53404,ifa,WI,IFA,IFA_02,IFA,,55101,39540,5566000,"IFA Milwaukee-Waukesha, WI",0.0,no cell in the extract: territory at zero opportunity
ifa_mw_wiia_k2,53405,ifa,WI,IFA,IFA_02,IFA,,55101,39540,5566000,"IFA Milwaukee-Waukesha, WI",0.0,no cell in the extract: territory at zero opportunity
ifa_mw_wiia_k2,53406,ifa,WI,IFA,IFA_02,IFA,,55101,39540,5554875,"IFA Milwaukee-Waukesha, WI",2.41973,
ifa_mw_wiia_k2,53501,ifa,WI,IFA,IFA_02,IFA,,55105,27500,,"IFA Milwaukee-Waukesha, WI",0.0,no cell in the extract: territory at zero opportunity
ifa_mw_wiia_k2,53502,ifa,WI,IFA,IFA_02,IFA,,55045,31540,5500750,"IFA Milwaukee-Waukesha, WI",0.0,no cell in the extract: territory at zero opportunity
ifa_mw_wiia_k2,53503,ifa,WI,IFA,IFA_01,IFA,,55049,31540,5502550,"IFA Des Moines-West Des Moines, IA",0.0,no cell in the extract: territory at zero opportunity
ifa_mw_wiia_k2,53504,ifa,WI,IFA,IFA_01,IFA,,55065,,5502650,"IFA Des Moines-West Des Moines, IA",0.0,no cell in the extract: territory at zero opportunity
ifa_mw_wiia_k2,53505,ifa,WI,IFA,IFA_02,IFA,,55105,27500,,"IFA Milwaukee-Waukesha, WI",0.0,no cell in the extract: territory at zero opportunity
ifa_mw_wiia_k2,53506,ifa,WI,IFA,IFA_01,IFA,,55049,31540,5504025,"IFA Des Moines-West Des Moines, IA",0.0,no cell in the extract: territory at zero opportunity
ifa_mw_wiia_k2,53507,ifa,WI,IFA,IFA_01,IFA,,55049,31540,5504775,"IFA Des Moines-West Des Moines, IA",0.0,no cell in the extract: territory at zero opportunity
ifa_mw_wiia_k2,53508,ifa,WI,IFA,IFA_01,IFA,,55025,31540,5506300,"IFA Des Moines-West Des Moines, IA",0.0,no cell in the extract: territory at zero opportunity
ifa_mw_wiia_k2,53510,ifa,WI,IFA,IFA_01,IFA,,55065,,5506425,"IFA Des Moines-West Des Moines, IA",0.0,no cell in the extract: territory at zero opportunity
ifa_mw_wiia_k2,53511,ifa,WI,IFA,IFA_02,IFA,,55105,27500,5506500,"IFA Milwaukee-Waukesha, WI",0.290685,
ifa_mw_wiia_k2,53515,ifa,WI,IFA,IFA_01,IFA,,55025,31540,5507800,"IFA Des Moines-West Des Moines, IA",0.0,no cell in the extract: territory at zero opportunity
ifa_mw_wiia_k2,53516,ifa,WI,IFA,IFA_01,IFA,,55065,,5508125,"IFA Des Moines-West Des Moines, IA",0.0,no cell in the extract: territory at zero opportunity
ifa_mw_wiia_k2,53517,ifa,WI,IFA,IFA_01,IFA,,55025,31540,5508475,"IFA Des Moines-West Des Moines, IA",0.0,no cell in the extract: territory at zero opportunity
ifa_mw_wiia_k2,53518,ifa,WI,IFA,IFA_01,IFA,,55103,,5508525,"IFA Des Moines-West Des Moines, IA",0.0,no cell in the extract: territory at zero opportunity
ifa_mw_wiia_k2,53520,ifa,WI,IFA,IFA_02,IFA,,55105,27500,5509925,"IFA Milwaukee-Waukesha, WI",0.0441865,
ifa_mw_wiia_k2,53521,ifa,WI,IFA,IFA_02,IFA,,55045,31540,5510075,"IFA Milwaukee-Waukesha, WI",0.0,no cell in the extract: territory at zero opportunity
ifa_mw_wiia_k2,53522,ifa,WI,IFA,IFA_01,IFA,,55045,31540,5510475,"IFA Des Moines-West Des Moines, IA",0.0,no cell in the extract: territory at zero opportunity
ifa_mw_wiia_k2,53523,ifa,WI,IFA,IFA_02,IFA,,55025,31540,5541765,"IFA Milwaukee-Waukesha, WI",0.0,no cell in the extract: territory at zero opportunity
ifa_mw_wiia_k2,53525,ifa,WI,IFA,IFA_02,IFA,,55105,27500,5515625,"IFA Milwaukee-Waukesha, WI",2.40905,
ifa_mw_wiia_k2,53526,ifa,WI,IFA,IFA_01,IFA,,55049,31540,5515975,"IFA Des Moines-West Des Moines, IA",0.0,no cell in the extract: territory at zero opportunity
ifa_mw_wiia_k2,53527,ifa,WI,IFA,IFA_02,IFA,,55025,31540,5517175,"IFA Milwaukee-Waukesha, WI",0.501004,
ifa_mw_wiia_k2,53528,ifa,WI,IFA,IFA_01,IFA,,55025,31540,5517775,"IFA Des Moines-West Des Moines, IA",0.0733781,
ifa_mw_wiia_k2,53529,ifa,WI,IFA,IFA_01,IFA,,55025,31540,5518700,"IFA Des Moines-West Des Moines, IA",0.0,no cell in the extract: territory at zero opportunity
ifa_mw_wiia_k2,53530,ifa,WI,IFA,IFA_01,IFA,,55065,,5518875,"IFA Des Moines-West Des Moines, IA",0.254308,
ifa_mw_wiia_k2,53531,ifa,WI,IFA,IFA_02,IFA,,55025,31540,5519250,"IFA Milwaukee-Waukesha, WI",0.0,no cell in the extract: territory at zero opportunity
ifa_mw_wiia_k2,53532,ifa,WI,IFA,IFA_01,IFA,,55025,31540,5587725,"IFA Des Moines-West Des Moines, IA",0.521872,
ifa_mw_wiia_k2,53533,ifa,WI,IFA,IFA_01,IFA,,55049,31540,5520350,"IFA Des Moines-West Des Moines, IA",0.998778,
ifa_mw_wiia_k2,53534,ifa,WI,IFA,IFA_02,IFA,,55105,27500,5522575,"IFA Milwaukee-Waukesha, WI",0.0,no cell in the extract: territory at zero opportunity
ifa_mw_wiia_k2,53536,ifa,WI,IFA,IFA_02,IFA,,55105,27500,5524550,"IFA Milwaukee-Waukesha, WI",0.0,no cell in the extract: territory at zero opportunity
ifa_mw_wiia_k2,53537,ifa,WI,IFA,IFA_02,IFA,,55105,27500,5526400,"IFA Milwaukee-Waukesha, WI",0.0,no cell in the extract: territory at zero opportunity
ifa_mw_wiia_k2,53538,ifa,WI,IFA,IFA_02,IFA,,55055,48020,5541583,"IFA Milwaukee-Waukesha, WI",0.239351,
ifa_mw_wiia_k2,53540,ifa,WI,IFA,IFA_01,IFA,,55103,,5529950,"IFA Des Moines-West Des Moines, IA",0.0,no cell in the extract: territory at zero opportunity
ifa_mw_wiia_k2,53541,ifa,WI,IFA,IFA_01,IFA,,55065,,5530575,"IFA Des Moines-West Des Moines, IA",0.0,no cell in the extract: territory at zero opportunity
ifa_mw_wiia_k2,53543,ifa,WI,IFA,IFA_01,IFA,,55049,31540,5534450,"IFA Des Moines-West Des Moines, IA",0.0,no cell in the extract: territory at zero opportunity
ifa_mw_wiia_k2,53544,ifa,WI,IFA,IFA_01,IFA,,55049,31540,5535400,"IFA Des Moines-West Des Moines, IA",0.0,no cell in the extract: territory at zero opportunity
ifa_mw_wiia_k2,53545,ifa,WI,IFA,IFA_02,IFA,,55105,27500,5537825,"IFA Milwaukee-Waukesha, WI",1.02651,
ifa_mw_wiia_k2,53546,ifa,WI,IFA,IFA_02,IFA,,55105,27500,5537825,"IFA Milwaukee-Waukesha, WI",0.0,no cell in the extract: territory at zero opportunity
ifa_mw_wiia_k2,53548,ifa,WI,IFA,IFA_02,IFA,,55105,27500,5537825,"IFA Milwaukee-Waukesha, WI",7.94435,
ifa_mw_wiia_k2,53549,ifa,WI,IFA,IFA_02,IFA,,55055,48020,5537900,"IFA Milwaukee-Waukesha, WI",0.0,no cell in the extract: territory at zero opportunity
ifa_mw_wiia_k2,53550,ifa,WI,IFA,IFA_02,IFA,,55045,31540,5538600,"IFA Milwaukee-Waukesha, WI",0.0,no cell in the extract: territory at zero opportunity
ifa_mw_wiia_k2,53551,ifa,WI,IFA,IFA_02,IFA,,55055,48020,5541675,"IFA Milwaukee-Waukesha, WI",0.874409,
ifa_mw_wiia_k2,53553,ifa,WI,IFA,IFA_01,IFA,,55049,31540,5544625,"IFA Des Moines-West Des Moines, IA",0.0,no cell in the extract: territory at zero opportunity
ifa_mw_wiia_k2,53554,ifa,WI,IFA,IFA_01,IFA,,55043,38420,5545325,"IFA Des Moines-West Des Moines, IA",0.0,no cell in the extract: territory at zero opportunity
ifa_mw_wiia_k2,53555,ifa,WI,IFA,IFA_01,IFA,,55021,31540,5542012,"IFA Des Moines-West Des Moines, IA",1.11363,
ifa_mw_wiia_k2,53556,ifa,WI,IFA,IFA_01,IFA,,55103,,5545575,"IFA Des Moines-West Des Moines, IA",0.0,no cell in the extract: territory at zero opportunity
ifa_mw_wiia_k2,53557,ifa,WI,IFA,IFA_02,IFA,,55027,13180,5545950,"IFA Milwaukee-Waukesha, WI",0.0,no cell in the extract: territory at zero opportunity
ifa_mw_wiia_k2,53558,ifa,WI,IFA,IFA_02,IFA,,55025,31540,5546850,"IFA Milwaukee-Waukesha, WI",2.78336,
ifa_mw_wiia_k2,53559,ifa,WI,IFA,IFA_02,IFA,,55025,31540,5549575,"IFA Milwaukee-Waukesha, WI",0.425726,
ifa_mw_wiia_k2,53560,ifa,WI,IFA,IFA_01,IFA,,55025,31540,5550225,"IFA Des Moines-West Des Moines, IA",0.0,no cell in the extract: territory at zero opportunity
ifa_mw_wiia_k2,53561,ifa,WI,IFA,IFA_01,IFA,,55111,12660,5551325,"IFA Des Moines-West Des Moines, IA",0.15909,
ifa_mw_wiia_k2,53562,ifa,WI,IFA,IFA_01,IFA,,55025,31540,5551575,"IFA Des Moines-West Des Moines, IA",13.7911,
ifa_mw_wiia_k2,53563,ifa,WI,IFA,IFA_02,IFA,,55105,27500,5552200,"IFA Milwaukee-Waukesha, WI",2.67504,
ifa_mw_wiia_k2,53565,ifa,WI,IFA,IFA_01,IFA,,55049,31540,5553100,"IFA Des Moines-West Des Moines, IA",0.706589,
ifa_mw_wiia_k2,53566,ifa,WI,IFA,IFA_01,IFA,,55045,31540,5553750,"IFA Des Moines-West Des Moines, IA",1.9123,
ifa_mw_wiia_k2,53569,ifa,WI,IFA,IFA_01,IFA,,55043,38420,5553950,"IFA Des Moines-West Des Moines, IA",0.0,no cell in the extract: territory at zero opportunity
ifa_mw_wiia_k2,53570,ifa,WI,IFA,IFA_01,IFA,,55045,31540,5554000,"IFA Des Moines-West Des Moines, IA",0.0,no cell in the extract: territory at zero opportunity
ifa_mw_wiia_k2,53571,ifa,WI,IFA,IFA_01,IFA,,55025,31540,5587725,"IFA Des Moines-West Des Moines, IA",0.0,no cell in the extract: territory at zero opportunity
ifa_mw_wiia_k2,53572,ifa,WI,IFA,IFA_01,IFA,,55025,31540,5554725,"IFA Des Moines-West Des Moines, IA",0.33403,
ifa_mw_wiia_k2,53573,ifa,WI,IFA,IFA_01,IFA,,55043,38420,5555200,"IFA Des Moines-West Des Moines, IA",0.0,no cell in the extract: territory at zero opportunity
ifa_mw_wiia_k2,53574,ifa,WI,IFA,IFA_01,IFA,,55045,31540,5556700,"IFA Des Moines-West Des Moines, IA",0.0,no cell in the extract: territory at zero opportunity
ifa_mw_wiia_k2,53575,ifa,WI,IFA,IFA_02,IFA,,55025,31540,5525950,"IFA Milwaukee-Waukesha, WI",2.33466,
ifa_mw_wiia_k2,53576,ifa,WI,IFA,IFA_02,IFA,,55105,27500,5560250,"IFA Milwaukee-Waukesha, WI",0.0,no cell in the extract: territory at zero opportunity
ifa_mw_wiia_k2,53577,ifa,WI,IFA,IFA_01,IFA,,55111,12660,5563125,"IFA Des Moines-West Des Moines, IA",0.0,no cell in the extract: territory at zero opportunity
ifa_mw_wiia_k2,53578,ifa,WI,IFA,IFA_01,IFA,,55111,12660,5542012,"IFA Des Moines-West Des Moines, IA",1.11774,
ifa_mw_wiia_k2,53579,ifa,WI,IFA,IFA_02,IFA,,55027,13180,5566900,"IFA Milwaukee-Waukesha, WI",0.0,no cell in the extract: territory at zero opportunity
ifa_mw_wiia_k2,53580,ifa,WI,IFA,IFA_01,IFA,,55049,31540,5567100,"IFA Des Moines-West Des Moines, IA",0.0,no cell in the extract: territory at zero opportunity
ifa_mw_wiia_k2,53581,ifa,WI,IFA,IFA_01,IFA,,55103,,5567625,"IFA Des Moines-West Des Moines, IA",1.60529,
ifa_mw_wiia_k2,53582,ifa,WI,IFA,IFA_01,IFA,,55049,31540,5567875,"IFA Des Moines-West Des Moines, IA",0.0,no cell in the extract: territory at zero opportunity
ifa_mw_wiia_k2,53583,ifa,WI,IFA,IFA_01,IFA,,55111,12660,5571650,"IFA Des Moines-West Des Moines, IA",1.56858,
ifa_mw_wiia_k2,53584,ifa,WI,IFA,IFA_01,IFA,,55103,,5572650,"IFA Des Moines-West Des Moines, IA",0.0,no cell in the extract: territory at zero opportunity
ifa_mw_wiia_k2,53585,ifa,WI,IFA,IFA_02,IFA,,55127,48580,5572875,"IFA Milwaukee-Waukesha, WI",0.0,no cell in the extract: territory at zero opportunity
ifa_mw_wiia_k2,53586,ifa,WI,IFA,IFA_01,IFA,,55065,,5573825,"IFA Des Moines-West Des Moines, IA",0.0,no cell in the extract: territory at zero opportunity
ifa_mw_wiia_k2,53587,ifa,WI,IFA,IFA_01,IFA,,55065,,5588025,"IFA Des Moines-West Des Moines, IA",0.0,no cell in the extract: territory at zero opportunity
ifa_mw_wiia_k2,53588,ifa,WI,IFA,IFA_01,IFA,,55111,12660,5576025,"IFA Des Moines-West Des Moines, IA",0.0,no cell in the extract: territory at zero opportunity
ifa_mw_wiia_k2,53589,ifa,WI,IFA,IFA_02,IFA,,55025,31540,5577675,"IFA Milwaukee-Waukesha, WI",0.516996,
ifa_mw_wiia_k2,53590,ifa,WI,IFA,IFA_02,IFA,,55025,31540,5578600,"IFA Milwaukee-Waukesha, WI",8.35893,
ifa_mw_wiia_k2,53593,ifa,WI,IFA,IFA_01,IFA,,55025,31540,5582600,"IFA Des Moines-West Des Moines, IA",3.9231,
ifa_mw_wiia_k2,53594,ifa,WI,IFA,IFA_02,IFA,,55055,48020,5583925,"IFA Milwaukee-Waukesha, WI",0.0,no cell in the extract: territory at zero opportunity
ifa_mw_wiia_k2,53597,ifa,WI,IFA,IFA_01,IFA,,55025,31540,5584350,"IFA Des Moines-West Des Moines, IA",0.922042,
ifa_mw_wiia_k2,53598,ifa,WI,IFA,IFA_01,IFA,,55025,31540,5587725,"IFA Des Moines-West Des Moines, IA",1.82642,
ifa_mw_wiia_k2,53599,ifa,WI,IFA,IFA_01,IFA,,55065,,5588675,"IFA Des Moines-West Des Moines, IA",0.0,no cell in the extract: territory at zero opportunity
ifa_mw_wiia_k2,53703,ifa,WI,IFA,IFA_02,IFA,,55025,31540,5548000,"IFA Milwaukee-Waukesha, WI",3.09928,
ifa_mw_wiia_k2,53704,ifa,WI,IFA,IFA_01,IFA,,55025,31540,5548000,"IFA Des Moines-West Des Moines, IA",0.876333,
ifa_mw_wiia_k2,53705,ifa,WI,IFA,IFA_02,IFA,,55025,31540,5548000,"IFA Milwaukee-Waukesha, WI",0.29078,
ifa_mw_wiia_k2,53706,ifa,WI,IFA,IFA_02,IFA,,55025,31540,5548000,"IFA Milwaukee-Waukesha, WI",0.0,no cell in the extract: territory at zero opportunity
ifa_mw_wiia_k2,53711,ifa,WI,IFA,IFA_02,IFA,,55025,31540,5525950,"IFA Milwaukee-Waukesha, WI",19.4949,
ifa_mw_wiia_k2,53713,ifa,WI,IFA,IFA_02,IFA,,55025,31540,5548000,"IFA Milwaukee-Waukesha, WI",6.34127,
ifa_mw_wiia_k2,53714,ifa,WI,IFA,IFA_01,IFA,,55025,31540,5548000,"IFA Des Moines-West Des Moines, IA",5.80094,
ifa_mw_wiia_k2,53715,ifa,WI,IFA,IFA_02,IFA,,55025,31540,5548000,"IFA Milwaukee-Waukesha, WI",5.0319,
ifa_mw_wiia_k2,53716,ifa,WI,IFA,IFA_02,IFA,,55025,31540,5548000,"IFA Milwaukee-Waukesha, WI",1.46705,
ifa_mw_wiia_k2,53717,ifa,WI,IFA,IFA_01,IFA,,55025,31540,5548000,"IFA Des Moines-West Des Moines, IA",32.0067,
ifa_mw_wiia_k2,53718,ifa,WI,IFA,IFA_02,IFA,,55025,31540,5548000,"IFA Milwaukee-Waukesha, WI",6.29747,
ifa_mw_wiia_k2,53719,ifa,WI,IFA,IFA_02,IFA,,55025,31540,5548000,"IFA Milwaukee-Waukesha, WI",22.7427,
ifa_mw_wiia_k2,53726,ifa,WI,IFA,IFA_02,IFA,,55025,31540,5548000,"IFA Milwaukee-Waukesha, WI",0.0,no cell in the extract: territory at zero opportunity
ifa_mw_wiia_k2,53792,ifa,WI,IFA,IFA_02,IFA,,55025,31540,5548000,"IFA Milwaukee-Waukesha, WI",0.0,no cell in the extract: territory at zero opportunity
ifa_mw_wiia_k2,53801,ifa,WI,IFA,IFA_01,IFA,,55043,38420,5504250,"IFA Des Moines-West Des Moines, IA",0.0,no cell in the extract: territory at zero opportunity
ifa_mw_wiia_k2,53802,ifa,WI,IFA,IFA_01,IFA,,55043,38420,,"IFA Des Moines-West Des Moines, IA",0.0,no cell in the extract: territory at zero opportunity
ifa_mw_wiia_k2,53803,ifa,WI,IFA,IFA_01,IFA,,55065,,5506825,"IFA Des Moines-West Des Moines, IA",0.0,no cell in the extract: territory at zero opportunity
ifa_mw_wiia_k2,53804,ifa,WI,IFA,IFA_01,IFA,,55043,38420,5508375,"IFA Des Moines-West Des Moines, IA",0.0,no cell in the extract: territory at zero opportunity
ifa_mw_wiia_k2,53805,ifa,WI,IFA,IFA_01,IFA,,55043,38420,5508850,"IFA Des Moines-West Des Moines, IA",0.0,no cell in the extract: territory at zero opportunity
ifa_mw_wiia_k2,53806,ifa,WI,IFA,IFA_01,IFA,,55043,38420,5513050,"IFA Des Moines-West Des Moines, IA",0.0,no cell in the extract: territory at zero opportunity
ifa_mw_wiia_k2,53807,ifa,WI,IFA,IFA_01,IFA,,55043,38420,5517950,"IFA Des Moines-West Des Moines, IA",0.0,no cell in the extract: territory at zero opportunity
ifa_mw_wiia_k2,53808,ifa,WI,IFA,IFA_01,IFA,,55043,38420,5520175,"IFA Des Moines-West Des Moines, IA",0.0,no cell in the extract: territory at zero opportunity
ifa_mw_wiia_k2,53809,ifa,WI,IFA,IFA_01,IFA,,55043,38420,5525600,"IFA Des Moines-West Des Moines, IA",0.0,no cell in the extract: territory at zero opportunity
ifa_mw_wiia_k2,53810,ifa,WI,IFA,IFA_01,IFA,,55043,38420,5529500,"IFA Des Moines-West Des Moines, IA",0.0,no cell in the extract: territory at zero opportunity
ifa_mw_wiia_k2,53811,ifa,WI,IFA,IFA_01,IFA,,55043,38420,5571585,"IFA Des Moines-West Des Moines, IA",0.0,no cell in the extract: territory at zero opportunity
ifa_mw_wiia_k2,53812,ifa,WI,IFA,IFA_01,IFA,,55043,38420,5539550,"IFA Des Moines-West Des Moines, IA",0.0,no cell in the extract: territory at zero opportunity
ifa_mw_wiia_k2,53813,ifa,WI,IFA,IFA_01,IFA,,55043,38420,5542250,"IFA Des Moines-West Des Moines, IA",0.0,no cell in the extract: territory at zero opportunity
ifa_mw_wiia_k2,53816,ifa,WI,IFA,IFA_01,IFA,,55043,38420,5554675,"IFA Des Moines-West Des Moines, IA",0.0,no cell in the extract: territory at zero opportunity
ifa_mw_wiia_k2,53817,ifa,WI,IFA,IFA_01,IFA,,55043,38420,5561425,"IFA Des Moines-West Des Moines, IA",0.0,no cell in the extract: territory at zero opportunity
ifa_mw_wiia_k2,53818,ifa,WI,IFA,IFA_01,IFA,,55043,38420,5563250,"IFA Des Moines-West Des Moines, IA",0.00167045,
ifa_mw_wiia_k2,53820,ifa,WI,IFA,IFA_01,IFA,,55043,38420,5564625,"IFA Des Moines-West Des Moines, IA",0.0,no cell in the extract: territory at zero opportunity
ifa_mw_wiia_k2,53821,ifa,WI,IFA,IFA_01,IFA,,55023,,5565050,"IFA Des Moines-West Des Moines, IA",0.0,no cell in the extract: territory at zero opportunity
ifa_mw_wiia_k2,53825,ifa,WI,IFA,IFA_01,IFA,,55043,38420,,"IFA Des Moines-West Des Moines, IA",0.0,no cell in the extract: territory at zero opportunity
ifa_mw_wiia_k2,53826,ifa,WI,IFA,IFA_01,IFA,,55023,,5584725,"IFA Des Moines-West Des Moines, IA",0.0,no cell in the extract: territory at zero opportunity
ifa_mw_wiia_k2,53827,ifa,WI,IFA,IFA_01,IFA,,55043,38420,5588825,"IFA Des Moines-West Des Moines, IA",0.0,no cell in the extract: territory at zero opportunity
ifa_mw_wiia_k2,53901,ifa,WI,IFA,IFA_01,IFA,,55021,31540,5564100,"IFA Des Moines-West Des Moines, IA",1.08531,
ifa_mw_wiia_k2,53910,ifa,WI,IFA,IFA_01,IFA,,55001,,5500275,"IFA Des Moines-West Des Moines, IA",0.0,no cell in the extract: territory at zero opportunity
ifa_mw_wiia_k2,53911,ifa,WI,IFA,IFA_01,IFA,,55021,31540,5502800,"IFA Des Moines-West Des Moines, IA",0.0,no cell in the extract: territory at zero opportunity
ifa_mw_wiia_k2,53913,ifa,WI,IFA,IFA_01,IFA,,55111,12660,5504625,"IFA Des Moines-West Des Moines, IA",0.269693,
ifa_mw_wiia_k2,53916,ifa,WI,IFA,IFA_02,IFA,,55027,13180,5505900,"IFA Milwaukee-Waukesha, WI",2.5869,
ifa_mw_wiia_k2,53919,ifa,WI,IFA,IFA_02,IFA,,55039,22540,5509300,"IFA Milwaukee-Waukesha, WI",0.0,no cell in the extract: territory at zero opportunity
ifa_mw_wiia_k2,53920,ifa,WI,IFA,IFA_01,IFA,,55077,,5509575,"IFA Des Moines-West Des Moines, IA",0.0,no cell in the extract: territory at zero opportunity
ifa_mw_wiia_k2,53922,ifa,WI,IFA,IFA_02,IFA,,55027,13180,5511250,"IFA Milwaukee-Waukesha, WI",0.0,no cell in the extract: territory at zero opportunity
ifa_mw_wiia_k2,53923,ifa,WI,IFA,IFA_01,IFA,,55021,31540,5512200,"IFA Des Moines-West Des Moines, IA",0.0,no cell in the extract: territory at zero opportunity
ifa_mw_wiia_k2,53924,ifa,WI,IFA,IFA_01,IFA,,55103,,5513300,"IFA Des Moines-West Des Moines, IA",0.0,no cell in the extract: territory at zero opportunity
ifa_mw_wiia_k2,53925,ifa,WI,IFA,IFA_02,IFA,,55021,31540,5516450,"IFA Milwaukee-Waukesha, WI",1.89497,
ifa_mw_wiia_k2,53926,ifa,WI,IFA,IFA_01,IFA,,55047,,5518625,"IFA Des Moines-West Des Moines, IA",0.0,no cell in the extract: territory at zero opportunity
ifa_mw_wiia_k2,53928,ifa,WI,IFA,IFA_01,IFA,,55021,31540,5520775,"IFA Des Moines-West Des Moines, IA",0.0,no cell in the extract: territory at zero opportunity
ifa_mw_wiia_k2,53929,ifa,WI,IFA,IFA_01,IFA,,55057,,5523800,"IFA Des Moines-West Des Moines, IA",0.0,no cell in the extract: territory at zero opportunity
ifa_mw_wiia_k2,53930,ifa,WI,IFA,IFA_01,IFA,,55077,,5524075,"IFA Des Moines-West Des Moines, IA",0.671415,
ifa_mw_wiia_k2,53931,ifa,WI,IFA,IFA_02,IFA,,55039,22540,5525075,"IFA Milwaukee-Waukesha, WI",0.0,no cell in the extract: territory at zero opportunity
ifa_mw_wiia_k2,53932,ifa,WI,IFA,IFA_02,IFA,,55021,31540,5525150,"IFA Milwaukee-Waukesha, WI",0.0,no cell in the extract: territory at zero opportunity
ifa_mw_wiia_k2,53933,ifa,WI,IFA,IFA_02,IFA,,55027,13180,5527000,"IFA Milwaukee-Waukesha, WI",0.0,no cell in the extract: territory at zero opportunity
ifa_mw_wiia_k2,53934,ifa,WI,IFA,IFA_01,IFA,,55001,,5519600,"IFA Des Moines-West Des Moines, IA",0.0,no cell in the extract: territory at zero opportunity
ifa_mw_wiia_k2,53935,ifa,WI,IFA,IFA_01,IFA,,55021,31540,5528000,"IFA Des Moines-West Des Moines, IA",0.0,no cell in the extract: territory at zero opportunity
ifa_mw_wiia_k2,53936,ifa,WI,IFA,IFA_01,IFA,,55001,,5530100,"IFA Des Moines-West Des Moines, IA",0.0,no cell in the extract: territory at zero opportunity
ifa_mw_wiia_k2,53937,ifa,WI,IFA,IFA_01,IFA,,55111,12660,,"IFA Des Moines-West Des Moines, IA",0.0,no cell in the extract: territory at zero opportunity
ifa_mw_wiia_k2,53939,ifa,WI,IFA,IFA_01,IFA,,55047,,5539750,"IFA Des Moines-West Des Moines, IA",0.0,no cell in the extract: territory at zero opportunity
ifa_mw_wiia_k2,53940,ifa,WI,IFA,IFA_01,IFA,,55111,12660,5541300,"IFA Des Moines-West Des Moines, IA",0.0,no cell in the extract: territory at zero opportunity
ifa_mw_wiia_k2,53941,ifa,WI,IFA,IFA_01,IFA,,55111,12660,5542825,"IFA Des Moines-West Des Moines, IA",0.0,no cell in the extract: territory at zero opportunity
ifa_mw_wiia_k2,53942,ifa,WI,IFA,IFA_01,IFA,,55111,12660,5544225,"IFA Des Moines-West Des Moines, IA",0.0,no cell in the extract: territory at zero opportunity
ifa_mw_wiia_k2,53943,ifa,WI,IFA,IFA_01,IFA,,55111,12660,5545400,"IFA Des Moines-West Des Moines, IA",0.0,no cell in the extract: territory at zero opportunity
ifa_mw_wiia_k2,53944,ifa,WI,IFA,IFA_01,IFA,,55057,,5546600,"IFA Des Moines-West Des Moines, IA",0.0,no cell in the extract: territory at zero opportunity
ifa_mw_wiia_k2,53946,ifa,WI,IFA,IFA_01,IFA,,55047,,5549450,"IFA Des Moines-West Des Moines, IA",4.48753,
ifa_mw_wiia_k2,53947,ifa,WI,IFA,IFA_01,IFA,,55047,,5549500,"IFA Des Moines-West Des Moines, IA",0.0,no cell in the extract: territory at zero opportunity
ifa_mw_wiia_k2,53948,ifa,WI,IFA,IFA_01,IFA,,55057,,5550025,"IFA Des Moines-West Des Moines, IA",0.0,no cell in the extract: territory at zero opportunity
ifa_mw_wiia_k2,53949,ifa,WI,IFA,IFA_01,IFA,,55077,,5553875,"IFA Des Moines-West Des Moines, IA",0.0,no cell in the extract: territory at zero opportunity
ifa_mw_wiia_k2,53950,ifa,WI,IFA,IFA_01,IFA,,55057,,5556900,"IFA Des Moines-West Des Moines, IA",0.0,no cell in the extract: territory at zero opportunity
ifa_mw_wiia_k2,53951,ifa,WI,IFA,IFA_01,IFA,,55111,12660,5558025,"IFA Des Moines-West Des Moines, IA",0.0,no cell in the extract: territory at zero opportunity
ifa_mw_wiia_k2,53952,ifa,WI,IFA,IFA_01,IFA,,55077,,5560875,"IFA Des Moines-West Des Moines, IA",0.0,no cell in the extract: territory at zero opportunity
ifa_mw_wiia_k2,53953,ifa,WI,IFA,IFA_01,IFA,,55077,,5560950,"IFA Des Moines-West Des Moines, IA",0.0,no cell in the extract: territory at zero opportunity
ifa_mw_wiia_k2,53954,ifa,WI,IFA,IFA_01,IFA,,55021,31540,5561100,"IFA Des Moines-West Des Moines, IA",0.0,no cell in the extract: territory at zero opportunity
ifa_mw_wiia_k2,53955,ifa,WI,IFA,IFA_01,IFA,,55021,31540,5542012,"IFA Des Moines-West Des Moines, IA",0.0,no cell in the extract: territory at zero opportunity
ifa_mw_wiia_k2,53956,ifa,WI,IFA,IFA_02,IFA,,55021,31540,5566150,"IFA Milwaukee-Waukesha, WI",0.0,no cell in the extract: territory at zero opportunity
ifa_mw_wiia_k2,53959,ifa,WI,IFA,IFA_01,IFA,,55111,12660,5566800,"IFA Des Moines-West Des Moines, IA",1.4077,
ifa_mw_wiia_k2,53960,ifa,WI,IFA,IFA_01,IFA,,55021,31540,5520775,"IFA Des Moines-West Des Moines, IA",0.0,no cell in the extract: territory at zero opportunity
ifa_mw_wiia_k2,53961,ifa,WI,IFA,IFA_01,IFA,,55111,12660,5568975,"IFA Des Moines-West Des Moines, IA",0.0,no cell in the extract: territory at zero opportunity
ifa_mw_wiia_k2,53962,ifa,WI,IFA,IFA_01,IFA,,55057,,5581725,"IFA Des Moines-West Des Moines, IA",0.0,no cell in the extract: territory at zero opportunity
ifa_mw_wiia_k2,53963,ifa,WI,IFA,IFA_02,IFA,,55039,22540,5584425,"IFA Milwaukee-Waukesha, WI",0.36283,
ifa_mw_wiia_k2,53964,ifa,WI,IFA,IFA_01,IFA,,55077,,5585575,"IFA Des Moines-West Des Moines, IA",0.0,no cell in the extract: territory at zero opportunity
ifa_mw_wiia_k2,53965,ifa,WI,IFA,IFA_01,IFA,,55001,,5588150,"IFA Des Moines-West Des Moines, IA",0.692754,
ifa_mw_wiia_k2,53968,ifa,WI,IFA,IFA_01,IFA,,55057,,5588500,"IFA Des Moines-West Des Moines, IA",0.0,no cell in the extract: territory at zero opportunity
ifa_mw_wiia_k2,53969,ifa,WI,IFA,IFA_01,IFA,,55021,31540,5589300,"IFA Des Moines-West Des Moines, IA",0.0,no cell in the extract: territory at zero opportunity
ifa_mw_wiia_k2,54001,ifa,WI,IFA,IFA_01,IFA,,55095,,5501725,"IFA Des Moines-West Des Moines, IA",0.0,no cell in the extract: territory at zero opportunity
ifa_mw_wiia_k2,54002,ifa,WI,IFA,IFA_01,IFA,,55109,33460,5504400,"IFA Des Moines-West Des Moines, IA",0.76737,
ifa_mw_wiia_k2,54003,ifa,WI,IFA,IFA_01,IFA,,55093,33460,,"IFA Des Moines-West Des Moines, IA",0.0,no cell in the extract: territory at zero opportunity
ifa_mw_wiia_k2,54004,ifa,WI,IFA,IFA_01,IFA,,55005,39960,5515100,"IFA Des Moines-West Des Moines, IA",0.0,no cell in the extract: territory at zero opportunity
ifa_mw_wiia_k2,54005,ifa,WI,IFA,IFA_01,IFA,,55095,,5515250,"IFA Des Moines-West Des Moines, IA",0.0,no cell in the extract: territory at zero opportunity
ifa_mw_wiia_k2,54006,ifa,WI,IFA,IFA_01,IFA,,55095,,,"IFA Des Moines-West Des Moines, IA",0.0,no cell in the extract: territory at zero opportunity
ifa_mw_wiia_k2,54007,ifa,WI,IFA,IFA_01,IFA,,55109,33460,5519325,"IFA Des Moines-West Des Moines, IA",0.0,no cell in the extract: territory at zero opportunity
ifa_mw_wiia_k2,54009,ifa,WI,IFA,IFA_01,IFA,,55095,,5520850,"IFA Des Moines-West Des Moines, IA",0.0,no cell in the extract: territory at zero opportunity
ifa_mw_wiia_k2,54011,ifa,WI,IFA,IFA_01,IFA,,55093,33460,5523525,"IFA Des Moines-West Des Moines, IA",0.0,no cell in the extract: territory at zero opportunity
ifa_mw_wiia_k2,54013,ifa,WI,IFA,IFA_01,IFA,,55109,33460,5529625,"IFA Des Moines-West Des Moines, IA",0.449764,
ifa_mw_wiia_k2,54014,ifa,WI,IFA,IFA_01,IFA,,55093,33460,5531975,"IFA Des Moines-West Des Moines, IA",0.0,no cell in the extract: territory at zero opportunity
ifa_mw_wiia_k2,54015,ifa,WI,IFA,IFA_01,IFA,,55109,33460,5532325,"IFA Des Moines-West Des Moines, IA",0.0,no cell in the extract: territory at zero opportunity
ifa_mw_wiia_k2,54016,ifa,WI,IFA,IFA_01,IFA,,55109,33460,5536250,"IFA Des Moines-West Des Moines, IA",23.4508,
ifa_mw_wiia_k2,54017,ifa,WI,IFA,IFA_01,IFA,,55109,33460,5557100,"IFA Des Moines-West Des Moines, IA",3.15959,
ifa_mw_wiia_k2,54020,ifa,WI,IFA,IFA_01,IFA,,55095,,5560450,"IFA Des Moines-West Des Moines, IA",0.09577,
ifa_mw_wiia_k2,54021,ifa,WI,IFA,IFA_01,IFA,,55093,33460,5565375,"IFA Des Moines-West Des Moines, IA",0.0,no cell in the extract: territory at zero opportunity
ifa_mw_wiia_k2,54022,ifa,WI,IFA,IFA_01,IFA,,55093,33460,5568275,"IFA Des Moines-West Des Moines, IA",0.188067,
ifa_mw_wiia_k2,54023,ifa,WI,IFA,IFA_01,IFA,,55109,33460,5568475,"IFA Des Moines-West Des Moines, IA",0.0,no cell in the extract: territory at zero opportunity
ifa_mw_wiia_k2,54024,ifa,WI,IFA,IFA_01,IFA,,55095,,5570550,"IFA Des Moines-West Des Moines, IA",0.0,no cell in the extract: territory at zero opportunity
ifa_mw_wiia_k2,54025,ifa,WI,IFA,IFA_01,IFA,,55109,33460,5574675,"IFA Des Moines-West Des Moines, IA",0.0,no cell in the extract: territory at zero opportunity
ifa_mw_wiia_k2,54026,ifa,WI,IFA,IFA_01,IFA,,55095,,5576825,"IFA Des Moines-West Des Moines, IA",0.0,no cell in the extract: territory at zero opportunity
ifa_mw_wiia_k2,54027,ifa,WI,IFA,IFA_01,IFA,,55109,33460,5587475,"IFA Des Moines-West Des Moines, IA",0.0,no cell in the extract: territory at zero opportunity
ifa_mw_wiia_k2,54028,ifa,WI,IFA,IFA_01,IFA,,55109,33460,5589025,"IFA Des Moines-West Des Moines, IA",0.0,no cell in the extract: territory at zero opportunity
ifa_mw_wiia_k2,54082,ifa,WI,IFA,IFA_01,IFA,,55109,33460,5535900,"IFA Des Moines-West Des Moines, IA",0.0,no cell in the extract: territory at zero opportunity
ifa_mw_wiia_k2,54101,ifa,WI,IFA,IFA_01,IFA,,55083,24580,5500150,"IFA Des Moines-West Des Moines, IA",0.0,no cell in the extract: territory at zero opportunity
ifa_mw_wiia_k2,54102,ifa,WI,IFA,IFA_01,IFA,,55075,31940,5501650,"IFA Des Moines-West Des Moines, IA",0.0,no cell in the extract: territory at zero opportunity
ifa_mw_wiia_k2,54103,ifa,WI,IFA,IFA_01,IFA,,55041,,,"IFA Des Moines-West Des Moines, IA",0.0,no cell in the extract: territory at zero opportunity
ifa_mw_wiia_k2,54104,ifa,WI,IFA,IFA_01,IFA,,55075,31940,,"IFA Des Moines-West Des Moines, IA",0.0,no cell in the extract: territory at zero opportunity
ifa_mw_wiia_k2,54106,ifa,WI,IFA,IFA_01,IFA,,55087,11540,5507725,"IFA Des Moines-West Des Moines, IA",0.0,no cell in the extract: territory at zero opportunity
ifa_mw_wiia_k2,54107,ifa,WI,IFA,IFA_01,IFA,,55115,43020,5508725,"IFA Des Moines-West Des Moines, IA",0.0,no cell in the extract: territory at zero opportunity
ifa_mw_wiia_k2,54110,ifa,WI,IFA,IFA_02,IFA,,55015,11540,5509725,"IFA Milwaukee-Waukesha, WI",0.690331,
ifa_mw_wiia_k2,54111,ifa,WI,IFA,IFA_01,IFA,,55115,43020,5513325,"IFA Des Moines-West Des Moines, IA",0.0,no cell in the extract: territory at zero opportunity
ifa_mw_wiia_k2,54112,ifa,WI,IFA,IFA_01,IFA,,55075,31940,5516250,"IFA Des Moines-West Des Moines, IA",0.0,no cell in the extract: territory at zero opportunity
ifa_mw_wiia_k2,54113,ifa,WI,IFA,IFA_02,IFA,,55087,11540,5516500,"IFA Milwaukee-Waukesha, WI",0.0,no cell in the extract: territory at zero opportunity
ifa_mw_wiia_k2,54114,ifa,WI,IFA,IFA_01,IFA,,55075,31940,5517725,"IFA Des Moines-West Des Moines, IA",1.32297,
ifa_mw_wiia_k2,54115,ifa,WI,IFA,IFA_02,IFA,,55009,24580,5535150,"IFA Milwaukee-Waukesha, WI",14.3963,
ifa_mw_wiia_k2,54119,ifa,WI,IFA,IFA_01,IFA,,55075,31940,5520975,"IFA Des Moines-West Des Moines, IA",0.0,no cell in the extract: territory at zero opportunity
ifa_mw_wiia_k2,54120,ifa,WI,IFA,IFA_01,IFA,,55037,27020,,"IFA Des Moines-West Des Moines, IA",0.0,no cell in the extract: territory at zero opportunity
ifa_mw_wiia_k2,54121,ifa,WI,IFA,IFA_01,IFA,,55037,27020,5526175,"IFA Des Moines-West Des Moines, IA",0.0,no cell in the extract: territory at zero opportunity
ifa_mw_wiia_k2,54123,ifa,WI,IFA,IFA_02,IFA,,55015,11540,5526575,"IFA Milwaukee-Waukesha, WI",0.0,no cell in the extract: territory at zero opportunity
ifa_mw_wiia_k2,54124,ifa,WI,IFA,IFA_01,IFA,,55083,24580,5543207,"IFA Des Moines-West Des Moines, IA",0.0,no cell in the extract: territory at zero opportunity
ifa_mw_wiia_k2,54125,ifa,WI,IFA,IFA_01,IFA,,55075,31940,5529750,"IFA Des Moines-West Des Moines, IA",0.0,no cell in the extract: territory at zero opportunity
ifa_mw_wiia_k2,54126,ifa,WI,IFA,IFA_02,IFA,,55009,24580,5531375,"IFA Milwaukee-Waukesha, WI",0.0,no cell in the extract: territory at zero opportunity
ifa_mw_wiia_k2,54127,ifa,WI,IFA,IFA_01,IFA,,55115,43020,5531475,"IFA Des Moines-West Des Moines, IA",0.0,no cell in the extract: territory at zero opportunity
ifa_mw_wiia_k2,54128,ifa,WI,IFA,IFA_01,IFA,,55115,43020,5531675,"IFA Des Moines-West Des Moines, IA",0.0,no cell in the extract: territory at zero opportunity
ifa_mw_wiia_k2,54129,ifa,WI,IFA,IFA_02,IFA,,55015,11540,5532790,"IFA Milwaukee-Waukesha, WI",0.0,no cell in the extract: territory at zero opportunity
ifa_mw_wiia_k2,54130,ifa,WI,IFA,IFA_02,IFA,,55087,11540,5538800,"IFA Milwaukee-Waukesha, WI",2.50376,
ifa_mw_wiia_k2,54135,ifa,WI,IFA,IFA_01,IFA,,55078,43020,5543207,"IFA Des Moines-West Des Moines, IA",0.0,no cell in the extract: territory at zero opportunity
ifa_mw_wiia_k2,54136,ifa,WI,IFA,IFA_02,IFA,,55087,11540,5539650,"IFA Milwaukee-Waukesha, WI",10.6366,
ifa_mw_wiia_k2,54137,ifa,WI,IFA,IFA_01,IFA,,55115,43020,5540450,"IFA Des Moines-West Des Moines, IA",0.0,no cell in the extract: territory at zero opportunity
ifa_mw_wiia_k2,54138,ifa,WI,IFA,IFA_01,IFA,,55083,24580,5542050,"IFA Des Moines-West Des Moines, IA",2.41556,
ifa_mw_wiia_k2,54139,ifa,WI,IFA,IFA_01,IFA,,55083,24580,5543325,"IFA Des Moines-West Des Moines, IA",0.0,no cell in the extract: territory at zero opportunity
ifa_mw_wiia_k2,54140,ifa,WI,IFA,IFA_02,IFA,,55087,11540,5544950,"IFA Milwaukee-Waukesha, WI",6.95408,
ifa_mw_wiia_k2,54141,ifa,WI,IFA,IFA_01,IFA,,55083,24580,,"IFA Des Moines-West Des Moines, IA",0.0,no cell in the extract: territory at zero opportunity
ifa_mw_wiia_k2,54143,ifa,WI,IFA,IFA_01,IFA,,55075,31940,5549300,"IFA Des Moines-West Des Moines, IA",2.21769,
ifa_mw_wiia_k2,54149,ifa,WI,IFA,IFA_01,IFA,,55083,24580,5554625,"IFA Des Moines-West Des Moines, IA",0.0,no cell in the extract: territory at zero opportunity
ifa_mw_wiia_k2,54150,ifa,WI,IFA,IFA_01,IFA,,55078,43020,5589760,"IFA Des Moines-West Des Moines, IA",0.0,no cell in the extract: territory at zero opportunity
ifa_mw_wiia_k2,54151,ifa,WI,IFA,IFA_01,IFA,,55075,31940,5557325,"IFA Des Moines-West Des Moines, IA",0.0,no cell in the extract: territory at zero opportunity
ifa_mw_wiia_k2,54152,ifa,WI,IFA,IFA_01,IFA,,55087,11540,5557375,"IFA Des Moines-West Des Moines, IA",0.0,no cell in the extract: territory at zero opportunity
ifa_mw_wiia_k2,54153,ifa,WI,IFA,IFA_01,IFA,,55083,24580,5559350,"IFA Des Moines-West Des Moines, IA",0.81267,
ifa_mw_wiia_k2,54154,ifa,WI,IFA,IFA_01,IFA,,55083,24580,5559400,"IFA Des Moines-West Des Moines, IA",1.2621,
ifa_mw_wiia_k2,54155,ifa,WI,IFA,IFA_01,IFA,,55009,24580,5535150,"IFA Des Moines-West Des Moines, IA",5.66014,
ifa_mw_wiia_k2,54156,ifa,WI,IFA,IFA_01,IFA,,55075,31940,5561750,"IFA Des Moines-West Des Moines, IA",0.0,no cell in the extract: territory at zero opportunity
ifa_mw_wiia_k2,54157,ifa,WI,IFA,IFA_01,IFA,,55075,31940,5562175,"IFA Des Moines-West Des Moines, IA",3.80795,
ifa_mw_wiia_k2,54159,ifa,WI,IFA,IFA_01,IFA,,55075,31940,,"IFA Des Moines-West Des Moines, IA",0.0,no cell in the extract: territory at zero opportunity
ifa_mw_wiia_k2,54160,ifa,WI,IFA,IFA_02,IFA,,55015,11540,5564675,"IFA Milwaukee-Waukesha, WI",0.0,no cell in the extract: territory at zero opportunity
ifa_mw_wiia_k2,54161,ifa,WI,IFA,IFA_01,IFA,,55083,24580,5564750,"IFA Des Moines-West Des Moines, IA",0.0,no cell in the extract: territory at zero opportunity
ifa_mw_wiia_k2,54162,ifa,WI,IFA,IFA_01,IFA,,55115,43020,5565675,"IFA Des Moines-West Des Moines, IA",0.0,no cell in the extract: territory at zero opportunity
ifa_mw_wiia_k2,54165,ifa,WI,IFA,IFA_01,IFA,,55087,11540,5572725,"IFA Des Moines-West Des Moines, IA",0.0,no cell in the extract: territory at zero opportunity
ifa_mw_wiia_k2,54166,ifa,WI,IFA,IFA_01,IFA,,55115,43020,5572925,"IFA Des Moines-West Des Moines, IA",1.53487,
ifa_mw_wiia_k2,54169,ifa,WI,IFA,IFA_02,IFA,,55015,11540,5573525,"IFA Milwaukee-Waukesha, WI",0.0,no cell in the extract: territory at zero opportunity
ifa_mw_wiia_k2,54170,ifa,WI,IFA,IFA_01,IFA,,55087,11540,5573625,"IFA Des Moines-West Des Moines, IA",0.0,no cell in the extract: territory at zero opportunity
ifa_mw_wiia_k2,54171,ifa,WI,IFA,IFA_01,IFA,,55083,24580,5574500,"IFA Des Moines-West Des Moines, IA",0.0,no cell in the extract: territory at zero opportunity
ifa_mw_wiia_k2,54173,ifa,WI,IFA,IFA_01,IFA,,55009,24580,5577975,"IFA Des Moines-West Des Moines, IA",0.0,no cell in the extract: territory at zero opportunity
ifa_mw_wiia_k2,54174,ifa,WI,IFA,IFA_01,IFA,,55083,24580,5578725,"IFA Des Moines-West Des Moines, IA",0.0,no cell in the extract: territory at zero opportunity
ifa_mw_wiia_k2,54175,ifa,WI,IFA,IFA_01,IFA,,55083,24580,5580300,"IFA Des Moines-West Des Moines, IA",0.0,no cell in the extract: territory at zero opportunity
ifa_mw_wiia_k2,54177,ifa,WI,IFA,IFA_01,IFA,,55075,31940,5584525,"IFA Des Moines-West Des Moines, IA",0.0,no cell in the extract: territory at zero opportunity
ifa_mw_wiia_k2,54180,ifa,WI,IFA,IFA_02,IFA,,55009,24580,5589150,"IFA Milwaukee-Waukesha, WI",0.750498,
ifa_mw_wiia_k2,54201,ifa,WI,IFA,IFA_02,IFA,,55061,24580,5501000,"IFA Milwaukee-Waukesha, WI",0.0,no cell in the extract: territory at zero opportunity
ifa_mw_wiia_k2,54202,ifa,WI,IFA,IFA_02,IFA,,55029,,5504300,"IFA Milwaukee-Waukesha, WI",0.0,no cell in the extract: territory at zero opportunity
ifa_mw_wiia_k2,54204,ifa,WI,IFA,IFA_02,IFA,,55029,,,"IFA Milwaukee-Waukesha, WI",0.0,no cell in the extract: territory at zero opportunity
ifa_mw_wiia_k2,54205,ifa,WI,IFA,IFA_02,IFA,,55061,24580,5512850,"IFA Milwaukee-Waukesha, WI",0.0,no cell in the extract: territory at zero opportunity
ifa_mw_wiia_k2,54207,ifa,WI,IFA,IFA_02,IFA,,55071,31820,5516350,"IFA Milwaukee-Waukesha, WI",0.0,no cell in the extract: territory at zero opportunity
ifa_mw_wiia_k2,54208,ifa,WI,IFA,IFA_02,IFA,,55009,24580,5519700,"IFA Milwaukee-Waukesha, WI",0.0,no cell in the extract: territory at zero opportunity
ifa_mw_wiia_k2,54209,ifa,WI,IFA,IFA_02,IFA,,55029,,5522850,"IFA Milwaukee-Waukesha, WI",0.0,no cell in the extract: territory at zero opportunity
ifa_mw_wiia_k2,54210,ifa,WI,IFA,IFA_02,IFA,,55029,,5523475,"IFA Milwaukee-Waukesha, WI",0.0,no cell in the extract: territory at zero opportunity
ifa_mw_wiia_k2,54211,ifa,WI,IFA,IFA_02,IFA,,55029,,5524150,"IFA Milwaukee-Waukesha, WI",0.0,no cell in the extract: territory at zero opportunity
ifa_mw_wiia_k2,54212,ifa,WI,IFA,IFA_02,IFA,,55029,,,"IFA Milwaukee-Waukesha, WI",0.0,no cell in the extract: territory at zero opportunity
ifa_mw_wiia_k2,54213,ifa,WI,IFA,IFA_02,IFA,,55029,,5526625,"IFA Milwaukee-Waukesha, WI",0.0,no cell in the extract: territory at zero opportunity
ifa_mw_wiia_k2,54214,ifa,WI,IFA,IFA_02,IFA,,55071,31820,5527125,"IFA Milwaukee-Waukesha, WI",0.0,no cell in the extract: territory at zero opportunity
ifa_mw_wiia_k2,54215,ifa,WI,IFA,IFA_02,IFA,,55071,31820,5539000,"IFA Milwaukee-Waukesha, WI",0.0,no cell in the extract: territory at zero opportunity
ifa_mw_wiia_k2,54216,ifa,WI,IFA,IFA_02,IFA,,55061,24580,5539350,"IFA Milwaukee-Waukesha, WI",0.871472,
ifa_mw_wiia_k2,54217,ifa,WI,IFA,IFA_02,IFA,,55061,24580,5546400,"IFA Milwaukee-Waukesha, WI",1.37195,
ifa_mw_wiia_k2,54220,ifa,WI,IFA,IFA_02,IFA,,55071,31820,5548500,"IFA Milwaukee-Waukesha, WI",6.57212,
ifa_mw_wiia_k2,54227,ifa,WI,IFA,IFA_02,IFA,,55071,31820,5549250,"IFA Milwaukee-Waukesha, WI",0.0,no cell in the extract: territory at zero opportunity
ifa_mw_wiia_k2,54228,ifa,WI,IFA,IFA_02,IFA,,55071,31820,5553325,"IFA Milwaukee-Waukesha, WI",0.0,no cell in the extract: territory at zero opportunity
ifa_mw_wiia_k2,54229,ifa,WI,IFA,IFA_02,IFA,,55009,24580,5531000,"IFA Milwaukee-Waukesha, WI",0.0,no cell in the extract: territory at zero opportunity
ifa_mw_wiia_k2,54230,ifa,WI,IFA,IFA_02,IFA,,55071,31820,5566875,"IFA Milwaukee-Waukesha, WI",0.0,no cell in the extract: territory at zero opportunity
ifa_mw_wiia_k2,54232,ifa,WI,IFA,IFA_02,IFA,,55071,31820,5571025,"IFA Milwaukee-Waukesha, WI",0.0,no cell in the extract: territory at zero opportunity
ifa_mw_wiia_k2,54234,ifa,WI,IFA,IFA_02,IFA,,55029,,5574225,"IFA Milwaukee-Waukesha, WI",0.0,no cell in the extract: territory at zero opportunity
ifa_mw_wiia_k2,54235,ifa,WI,IFA,IFA_02,IFA,,55029,,5577875,"IFA Milwaukee-Waukesha, WI",0.715016,
ifa_mw_wiia_k2,54241,ifa,WI,IFA,IFA_02,IFA,,55071,31820,5581325,"IFA Milwaukee-Waukesha, WI",0.0,no cell in the extract: territory at zero opportunity
ifa_mw_wiia_k2,54245,ifa,WI,IFA,IFA_02,IFA,,55071,31820,5582200,"IFA Milwaukee-Waukesha, WI",0.0,no cell in the extract: territory at zero opportunity
ifa_mw_wiia_k2,54246,ifa,WI,IFA,IFA_02,IFA,,55029,,,"IFA Milwaukee-Waukesha, WI",0.0,no cell in the extract: territory at zero opportunity
ifa_mw_wiia_k2,54247,ifa,WI,IFA,IFA_02,IFA,,55071,31820,5586775,"IFA Milwaukee-Waukesha, WI",0.0,no cell in the extract: territory at zero opportunity
ifa_mw_wiia_k2,54301,ifa,WI,IFA,IFA_02,IFA,,55009,24580,5501150,"IFA Milwaukee-Waukesha, WI",4.8038,
ifa_mw_wiia_k2,54302,ifa,WI,IFA,IFA_02,IFA,,55009,24580,5531000,"IFA Milwaukee-Waukesha, WI",0.960173,
ifa_mw_wiia_k2,54303,ifa,WI,IFA,IFA_01,IFA,,55009,24580,5531000,"IFA Des Moines-West Des Moines, IA",0.6836,
ifa_mw_wiia_k2,54304,ifa,WI,IFA,IFA_01,IFA,,55009,24580,5503425,"IFA Des Moines-West Des Moines, IA",4.70452,
ifa_mw_wiia_k2,54307,ifa,WI,IFA,IFA_02,IFA,,55009,24580,5501150,"IFA Milwaukee-Waukesha, WI",0.121172,
ifa_mw_wiia_k2,54311,ifa,WI,IFA,IFA_02,IFA,,55009,24580,5531000,"IFA Milwaukee-Waukesha, WI",16.6588,
ifa_mw_wiia_k2,54313,ifa,WI,IFA,IFA_01,IFA,,55009,24580,5577975,"IFA Des Moines-West Des Moines, IA",4.35954,
ifa_mw_wiia_k2,54401,ifa,WI,IFA,IFA_01,IFA,,55073,48140,5567320,"IFA Des Moines-West Des Moines, IA",24.6432,
ifa_mw_wiia_k2,54403,ifa,WI,IFA,IFA_01,IFA,,55073,48140,5584475,"IFA Des Moines-West Des Moines, IA",2.72744,
ifa_mw_wiia_k2,54405,ifa,WI,IFA,IFA_01,IFA,,55073,48140,5500100,"IFA Des Moines-West Des Moines, IA",0.100793,
ifa_mw_wiia_k2,54406,ifa,WI,IFA,IFA_01,IFA,,55097,44620,5501750,"IFA Des Moines-West Des Moines, IA",0.0,no cell in the extract: territory at zero opportunity
ifa_mw_wiia_k2,54407,ifa,WI,IFA,IFA_01,IFA,,55097,44620,5501800,"IFA Des Moines-West Des Moines, IA",0.0,no cell in the extract: territory at zero opportunity
ifa_mw_wiia_k2,54408,ifa,WI,IFA,IFA_01,IFA,,55073,48140,5502075,"IFA Des Moines-West Des Moines, IA",0.0,no cell in the extract: territory at zero opportunity
ifa_mw_wiia_k2,54409,ifa,WI,IFA,IFA_01,IFA,,55067,,5502250,"IFA Des Moines-West Des Moines, IA",4.23802,
ifa_mw_wiia_k2,54410,ifa,WI,IFA,IFA_01,IFA,,55141,49220,5503025,"IFA Des Moines-West Des Moines, IA",0.0,no cell in the extract: territory at zero opportunity
ifa_mw_wiia_k2,54411,ifa,WI,IFA,IFA_01,IFA,,55073,48140,5503550,"IFA Des Moines-West Des Moines, IA",0.0,no cell in the extract: territory at zero opportunity
ifa_mw_wiia_k2,54412,ifa,WI,IFA,IFA_01,IFA,,55141,49220,5503775,"IFA Des Moines-West Des Moines, IA",0.0,no cell in the extract: territory at zero opportunity
ifa_mw_wiia_k2,54413,ifa,WI,IFA,IFA_01,IFA,,55141,49220,5504150,"IFA Des Moines-West Des Moines, IA",0.0,no cell in the extract: territory at zero opportunity
ifa_mw_wiia_k2,54414,ifa,WI,IFA,IFA_01,IFA,,55115,43020,5507600,"IFA Des Moines-West Des Moines, IA",0.0,no cell in the extract: territory at zero opportunity
ifa_mw_wiia_k2,54416,ifa,WI,IFA,IFA_01,IFA,,55115,43020,5509025,"IFA Des Moines-West Des Moines, IA",0.0,no cell in the extract: territory at zero opportunity
ifa_mw_wiia_k2,54417,ifa,WI,IFA,IFA_01,IFA,,55073,48140,5548225,"IFA Des Moines-West Des Moines, IA",0.0,no cell in the extract: territory at zero opportunity
ifa_mw_wiia_k2,54418,ifa,WI,IFA,IFA_01,IFA,,55067,,,"IFA Des Moines-West Des Moines, IA",0.0,no cell in the extract: territory at zero opportunity
ifa_mw_wiia_k2,54420,ifa,WI,IFA,IFA_01,IFA,,55019,,5514450,"IFA Des Moines-West Des Moines, IA",0.0,no cell in the extract: territory at zero opportunity
ifa_mw_wiia_k2,54421,ifa,WI,IFA,IFA_01,IFA,,55073,48140,5516150,"IFA Des Moines-West Des Moines, IA",0.0,no cell in the extract: territory at zero opportunity
ifa_mw_wiia_k2,54422,ifa,WI,IFA,IFA_01,IFA,,55019,,5518125,"IFA Des Moines-West Des Moines, IA",0.0,no cell in the extract: territory at zero opportunity
ifa_mw_wiia_k2,54423,ifa,WI,IFA,IFA_01,IFA,,55097,44620,5563925,"IFA Des Moines-West Des Moines, IA",0.0,no cell in the extract: territory at zero opportunity
ifa_mw_wiia_k2,54424,ifa,WI,IFA,IFA_01,IFA,,55067,,,"IFA Des Moines-West Des Moines, IA",0.0,no cell in the extract: territory at zero opportunity
ifa_mw_wiia_k2,54425,ifa,WI,IFA,IFA_01,IFA,,55019,,5520450,"IFA Des Moines-West Des Moines, IA",0.0,no cell in the extract: territory at zero opportunity
ifa_mw_wiia_k2,54426,ifa,WI,IFA,IFA_01,IFA,,55073,48140,5522550,"IFA Des Moines-West Des Moines, IA",0.0,no cell in the extract: territory at zero opportunity
ifa_mw_wiia_k2,54427,ifa,WI,IFA,IFA_01,IFA,,55073,48140,5522975,"IFA Des Moines-West Des Moines, IA",0.0,no cell in the extract: territory at zero opportunity
ifa_mw_wiia_k2,54428,ifa,WI,IFA,IFA_01,IFA,,55067,,5564550,"IFA Des Moines-West Des Moines, IA",0.0,no cell in the extract: territory at zero opportunity
ifa_mw_wiia_k2,54430,ifa,WI,IFA,IFA_01,IFA,,55067,,,"IFA Des Moines-West Des Moines, IA",0.0,no cell in the extract: territory at zero opportunity
ifa_mw_wiia_k2,54433,ifa,WI,IFA,IFA_01,IFA,,55119,,5529175,"IFA Des Moines-West Des Moines, IA",0.0,no cell in the extract: territory at zero opportunity
ifa_mw_wiia_k2,54435,ifa,WI,IFA,IFA_01,IFA,,55069,,,"IFA Des Moines-West Des Moines, IA",0.0,no cell in the extract: territory at zero opportunity
ifa_mw_wiia_k2,54436,ifa,WI,IFA,IFA_01,IFA,,55019,,5530425,"IFA Des Moines-West Des Moines, IA",0.0,no cell in the extract: territory at zero opportunity
ifa_mw_wiia_k2,54437,ifa,WI,IFA,IFA_01,IFA,,55019,,5531575,"IFA Des Moines-West Des Moines, IA",0.0,no cell in the extract: territory at zero opportunity
ifa_mw_wiia_k2,54440,ifa,WI,IFA,IFA_01,IFA,,55073,48140,5533175,"IFA Des Moines-West Des Moines, IA",0.0,no cell in the extract: territory at zero opportunity
ifa_mw_wiia_k2,54441,ifa,WI,IFA,IFA_01,IFA,,55141,49220,5534250,"IFA Des Moines-West Des Moines, IA",0.0,no cell in the extract: territory at zero opportunity
ifa_mw_wiia_k2,54442,ifa,WI,IFA,IFA_01,IFA,,55069,,,"IFA Des Moines-West Des Moines, IA",0.0,no cell in the extract: territory at zero opportunity
ifa_mw_wiia_k2,54443,ifa,WI,IFA,IFA_01,IFA,,55097,44620,5538650,"IFA Des Moines-West Des Moines, IA",0.0,no cell in the extract: territory at zero opportunity
ifa_mw_wiia_k2,54446,ifa,WI,IFA,IFA_01,IFA,,55019,,5546075,"IFA Des Moines-West Des Moines, IA",0.0,no cell in the extract: territory at zero opportunity
ifa_mw_wiia_k2,54447,ifa,WI,IFA,IFA_01,IFA,,55119,,5546150,"IFA Des Moines-West Des Moines, IA",0.0,no cell in the extract: territory at zero opportunity
ifa_mw_wiia_k2,54448,ifa,WI,IFA,IFA_01,IFA,,55073,48140,5549100,"IFA Des Moines-West Des Moines, IA",0.0,no cell in the extract: territory at zero opportunity
ifa_mw_wiia_k2,54449,ifa,WI,IFA,IFA_01,IFA,,55141,49220,5549675,"IFA Des Moines-West Des Moines, IA",2.19852,
ifa_mw_wiia_k2,54450,ifa,WI,IFA,IFA_01,IFA,,55115,43020,5550000,"IFA Des Moines-West Des Moines, IA",0.0,no cell in the extract: territory at zero opportunity
ifa_mw_wiia_k2,54451,ifa,WI,IFA,IFA_01,IFA,,55119,,5550425,"IFA Des Moines-West Des Moines, IA",2.99214,
ifa_mw_wiia_k2,54452,ifa,WI,IFA,IFA_01,IFA,,55069,,5548225,"IFA Des Moines-West Des Moines, IA",0.0,no cell in the extract: territory at zero opportunity
ifa_mw_wiia_k2,54454,ifa,WI,IFA,IFA_01,IFA,,55141,49220,5551875,"IFA Des Moines-West Des Moines, IA",0.0,no cell in the extract: territory at zero opportunity
ifa_mw_wiia_k2,54455,ifa,WI,IFA,IFA_01,IFA,,55073,48140,5540550,"IFA Des Moines-West Des Moines, IA",4.81506,
ifa_mw_wiia_k2,54456,ifa,WI,IFA,IFA_01,IFA,,55019,,5555800,"IFA Des Moines-West Des Moines, IA",0.0,no cell in the extract: territory at zero opportunity
ifa_mw_wiia_k2,54457,ifa,WI,IFA,IFA_01,IFA,,55001,,5541160,"IFA Des Moines-West Des Moines, IA",0.0,no cell in the extract: territory at zero opportunity
ifa_mw_wiia_k2,54458,ifa,WI,IFA,IFA_01,IFA,,55097,44620,5556000,"IFA Des Moines-West Des Moines, IA",0.0,no cell in the extract: territory at zero opportunity
ifa_mw_wiia_k2,54459,ifa,WI,IFA,IFA_01,IFA,,55099,,5559500,"IFA Des Moines-West Des Moines, IA",0.0,no cell in the extract: territory at zero opportunity
ifa_mw_wiia_k2,54460,ifa,WI,IFA,IFA_01,IFA,,55019,,5560825,"IFA Des Moines-West Des Moines, IA",0.0,no cell in the extract: territory at zero opportunity
ifa_mw_wiia_k2,54462,ifa,WI,IFA,IFA_01,IFA,,55067,,,"IFA Des Moines-West Des Moines, IA",0.0,no cell in the extract: territory at zero opportunity
ifa_mw_wiia_k2,54463,ifa,WI,IFA,IFA_01,IFA,,55085,,,"IFA Des Moines-West Des Moines, IA",0.0,no cell in the extract: territory at zero opportunity
ifa_mw_wiia_k2,54464,ifa,WI,IFA,IFA_01,IFA,,55067,,,"IFA Des Moines-West Des Moines, IA",0.0,no cell in the extract: territory at zero opportunity
ifa_mw_wiia_k2,54465,ifa,WI,IFA,IFA_01,IFA,,55041,,,"IFA Des Moines-West Des Moines, IA",0.0,no cell in the extract: territory at zero opportunity
ifa_mw_wiia_k2,54466,ifa,WI,IFA,IFA_01,IFA,,55141,49220,5563100,"IFA Des Moines-West Des Moines, IA",0.0,no cell in the extract: territory at zero opportunity
ifa_mw_wiia_k2,54467,ifa,WI,IFA,IFA_01,IFA,,55097,44620,5563525,"IFA Des Moines-West Des Moines, IA",1.73445,
ifa_mw_wiia_k2,54469,ifa,WI,IFA,IFA_01,IFA,,55141,49220,5564175,"IFA Des Moines-West Des Moines, IA",0.0,no cell in the extract: territory at zero opportunity
ifa_mw_wiia_k2,54470,ifa,WI,IFA,IFA_01,IFA,,55119,,5567275,"IFA Des Moines-West Des Moines, IA",0.0,no cell in the extract: territory at zero opportunity
ifa_mw_wiia_k2,54471,ifa,WI,IFA,IFA_01,IFA,,55073,48140,5586025,"IFA Des Moines-West Des Moines, IA",0.0,no cell in the extract: territory at zero opportunity
ifa_mw_wiia_k2,54473,ifa,WI,IFA,IFA_01,IFA,,55097,44620,5569575,"IFA Des Moines-West Des Moines, IA",0.0,no cell in the extract: territory at zero opportunity
ifa_mw_wiia_k2,54474,ifa,WI,IFA,IFA_01,IFA,,55073,48140,5569725,"IFA Des Moines-West Des Moines, IA",0.0,no cell in the extract: territory at zero opportunity
ifa_mw_wiia_k2,54475,ifa,WI,IFA,IFA_01,IFA,,55141,49220,5570000,"IFA Des Moines-West Des Moines, IA",0.0,no cell in the extract: territory at zero opportunity
ifa_mw_wiia_k2,54476,ifa,WI,IFA,IFA_01,IFA,,55073,48140,5586025,"IFA Des Moines-West Des Moines, IA",0.530773,
ifa_mw_wiia_k2,54479,ifa,WI,IFA,IFA_01,IFA,,55019,,5575400,"IFA Des Moines-West Des Moines, IA",0.0,no cell in the extract: territory at zero opportunity
ifa_mw_wiia_k2,54480,ifa,WI,IFA,IFA_01,IFA,,55119,,5577100,"IFA Des Moines-West Des Moines, IA",0.0,no cell in the extract: territory at zero opportunity
ifa_mw_wiia_k2,54481,ifa,WI,IFA,IFA_01,IFA,,55097,44620,5577200,"IFA Des Moines-West Des Moines, IA",7.83253,
ifa_mw_wiia_k2,54482,ifa,WI,IFA,IFA_01,IFA,,55097,44620,5577200,"IFA Des Moines-West Des Moines, IA",1.52295,
ifa_mw_wiia_k2,54484,ifa,WI,IFA,IFA_01,IFA,,55073,48140,5577750,"IFA Des Moines-West Des Moines, IA",2.34487,
ifa_mw_wiia_k2,54485,ifa,WI,IFA,IFA_01,IFA,,55067,,5578425,"IFA Des Moines-West Des Moines, IA",0.0,no cell in the extract: territory at zero opportunity
ifa_mw_wiia_k2,54486,ifa,WI,IFA,IFA_01,IFA,,55115,43020,5579825,"IFA Des Moines-West Des Moines, IA",0.0,no cell in the extract: territory at zero opportunity
ifa_mw_wiia_k2,54487,ifa,WI,IFA,IFA_01,IFA,,55069,,5580125,"IFA Des Moines-West Des Moines, IA",0.0,no cell in the extract: territory at zero opportunity
ifa_mw_wiia_k2,54488,ifa,WI,IFA,IFA_01,IFA,,55019,,5581850,"IFA Des Moines-West Des Moines, IA",0.0,no cell in the extract: territory at zero opportunity
ifa_mw_wiia_k2,54489,ifa,WI,IFA,IFA_01,IFA,,55141,49220,5582650,"IFA Des Moines-West Des Moines, IA",0.0,no cell in the extract: territory at zero opportunity
ifa_mw_wiia_k2,54490,ifa,WI,IFA,IFA_01,IFA,,55119,,5585425,"IFA Des Moines-West Des Moines, IA",0.0,no cell in the extract: territory at zero opportunity
ifa_mw_wiia_k2,54491,ifa,WI,IFA,IFA_01,IFA,,55067,,5586750,"IFA Des Moines-West Des Moines, IA",0.0,no cell in the extract: territory at zero opportunity
ifa_mw_wiia_k2,54493,ifa,WI,IFA,IFA_01,IFA,,55019,,,"IFA Des Moines-West Des Moines, IA",0.0,no cell in the extract: territory at zero opportunity
ifa_mw_wiia_k2,54494,ifa,WI,IFA,IFA_01,IFA,,55141,49220,5588200,"IFA Des Moines-West Des Moines, IA",5.72145,
ifa_mw_wiia_k2,54495,ifa,WI,IFA,IFA_01,IFA,,55141,49220,5588200,"IFA Des Moines-West Des Moines, IA",0.0,no cell in the extract: territory at zero opportunity
ifa_mw_wiia_k2,54498,ifa,WI,IFA,IFA_01,IFA,,55019,,5588275,"IFA Des Moines-West Des Moines, IA",0.0,no cell in the extract: territory at zero opportunity
ifa_mw_wiia_k2,54499,ifa,WI,IFA,IFA_01,IFA,,55115,43020,5588325,"IFA Des Moines-West Des Moines, IA",0.0,no cell in the extract: territory at zero opportunity
ifa_mw_wiia_k2,54501,ifa,WI,IFA,IFA_01,IFA,,55085,,5567200,"IFA Des Moines-West Des Moines, IA",11.2256,
ifa_mw_wiia_k2,54511,ifa,WI,IFA,IFA_01,IFA,,55041,,5556250,"IFA Des Moines-West Des Moines, IA",0.0,no cell in the extract: territory at zero opportunity
ifa_mw_wiia_k2,54512,ifa,WI,IFA,IFA_01,IFA,,55125,,5508925,"IFA Des Moines-West Des Moines, IA",0.0,no cell in the extract: territory at zero opportunity
ifa_mw_wiia_k2,54513,ifa,WI,IFA,IFA_01,IFA,,55099,,,"IFA Des Moines-West Des Moines, IA",0.0,no cell in the extract: territory at zero opportunity
ifa_mw_wiia_k2,54514,ifa,WI,IFA,IFA_01,IFA,,55003,,5511525,"IFA Des Moines-West Des Moines, IA",0.0,no cell in the extract: territory at zero opportunity
ifa_mw_wiia_k2,54515,ifa,WI,IFA,IFA_01,IFA,,55099,,5513175,"IFA Des Moines-West Des Moines, IA",0.0,no cell in the extract: territory at zero opportunity
ifa_mw_wiia_k2,54517,ifa,WI,IFA,IFA_01,IFA,,55003,,5514850,"IFA Des Moines-West Des Moines, IA",0.0,no cell in the extract: territory at zero opportunity
ifa_mw_wiia_k2,54519,ifa,WI,IFA,IFA_01,IFA,,55125,,,"IFA Des Moines-West Des Moines, IA",0.0,no cell in the extract: territory at zero opportunity
ifa_mw_wiia_k2,54520,ifa,WI,IFA,IFA_01,IFA,,55041,,5517425,"IFA Des Moines-West Des Moines, IA",0.0,no cell in the extract: territory at zero opportunity
ifa_mw_wiia_k2,54521,ifa,WI,IFA,IFA_01,IFA,,55125,,5521625,"IFA Des Moines-West Des Moines, IA",1.35279,
ifa_mw_wiia_k2,54524,ifa,WI,IFA,IFA_01,IFA,,55099,,,"IFA Des Moines-West Des Moines, IA",0.0,no cell in the extract: territory at zero opportunity
ifa_mw_wiia_k2,54525,ifa,WI,IFA,IFA_01,IFA,,55051,,5554075,"IFA Des Moines-West Des Moines, IA",0.0,no cell in the extract: territory at zero opportunity
ifa_mw_wiia_k2,54526,ifa,WI,IFA,IFA_01,IFA,,55107,,5536925,"IFA Des Moines-West Des Moines, IA",0.0,no cell in the extract: territory at zero opportunity
ifa_mw_wiia_k2,54527,ifa,WI,IFA,IFA_01,IFA,,55003,,5529675,"IFA Des Moines-West Des Moines, IA",0.0,no cell in the extract: territory at zero opportunity
ifa_mw_wiia_k2,54529,ifa,WI,IFA,IFA_01,IFA,,55085,,,"IFA Des Moines-West Des Moines, IA",0.0,no cell in the extract: territory at zero opportunity
ifa_mw_wiia_k2,54530,ifa,WI,IFA,IFA_01,IFA,,55107,,5533275,"IFA Des Moines-West Des Moines, IA",0.0,no cell in the extract: territory at zero opportunity
ifa_mw_wiia_k2,54531,ifa,WI,IFA,IFA_01,IFA,,55085,,,"IFA Des Moines-West Des Moines, IA",0.065227,
ifa_mw_wiia_k2,54534,ifa,WI,IFA,IFA_01,IFA,,55051,,5536525,"IFA Des Moines-West Des Moines, IA",0.0,no cell in the extract: territory at zero opportunity
ifa_mw_wiia_k2,54536,ifa,WI,IFA,IFA_01,IFA,,55051,,5537125,"IFA Des Moines-West Des Moines, IA",0.0,no cell in the extract: territory at zero opportunity
ifa_mw_wiia_k2,54537,ifa,WI,IFA,IFA_01,IFA,,55099,,5539175,"IFA Des Moines-West Des Moines, IA",0.0,no cell in the extract: territory at zero opportunity
ifa_mw_wiia_k2,54538,ifa,WI,IFA,IFA_01,IFA,,55125,,5540675,"IFA Des Moines-West Des Moines, IA",0.0,no cell in the extract: territory at zero opportunity
ifa_mw_wiia_k2,54539,ifa,WI,IFA,IFA_01,IFA,,55085,,5541875,"IFA Des Moines-West Des Moines, IA",0.0,no cell in the extract: territory at zero opportunity
ifa_mw_wiia_k2,54540,ifa,WI,IFA,IFA_01,IFA,,55125,,,"IFA Des Moines-West Des Moines, IA",0.0,no cell in the extract: territory at zero opportunity
ifa_mw_wiia_k2,54541,ifa,WI,IFA,IFA_01,IFA,,55041,,5542475,"IFA Des Moines-West Des Moines, IA",0.0,no cell in the extract: territory at zero opportunity
ifa_mw_wiia_k2,54542,ifa,WI,IFA,IFA_01,IFA,,55041,,5545600,"IFA Des Moines-West Des Moines, IA",0.0,no cell in the extract: territory at zero opportunity
ifa_mw_wiia_k2,54545,ifa,WI,IFA,IFA_01,IFA,,55125,,,"IFA Des Moines-West Des Moines, IA",0.0,no cell in the extract: territory at zero opportunity
ifa_mw_wiia_k2,54546,ifa,WI,IFA,IFA_01,IFA,,55003,,5550700,"IFA Des Moines-West Des Moines, IA",0.0,no cell in the extract: territory at zero opportunity
ifa_mw_wiia_k2,54547,ifa,WI,IFA,IFA_01,IFA,,55051,,5551175,"IFA Des Moines-West Des Moines, IA",0.0,no cell in the extract: territory at zero opportunity
ifa_mw_wiia_k2,54548,ifa,WI,IFA,IFA_01,IFA,,55085,,5553200,"IFA Des Moines-West Des Moines, IA",0.0,no cell in the extract: territory at zero opportunity
ifa_mw_wiia_k2,54550,ifa,WI,IFA,IFA_01,IFA,,55051,,5554075,"IFA Des Moines-West Des Moines, IA",0.0,no cell in the extract: territory at zero opportunity
ifa_mw_wiia_k2,54552,ifa,WI,IFA,IFA_01,IFA,,55099,,5561200,"IFA Des Moines-West Des Moines, IA",0.112106,
ifa_mw_wiia_k2,54554,ifa,WI,IFA,IFA_01,IFA,,55125,,,"IFA Des Moines-West Des Moines, IA",0.0,no cell in the extract: territory at zero opportunity
ifa_mw_wiia_k2,54555,ifa,WI,IFA,IFA_01,IFA,,55099,,5562450,"IFA Des Moines-West Des Moines, IA",0.0,no cell in the extract: territory at zero opportunity
ifa_mw_wiia_k2,54556,ifa,WI,IFA,IFA_01,IFA,,55099,,5565325,"IFA Des Moines-West Des Moines, IA",0.0,no cell in the extract: territory at zero opportunity
ifa_mw_wiia_k2,54557,ifa,WI,IFA,IFA_01,IFA,,55125,,,"IFA Des Moines-West Des Moines, IA",0.0,no cell in the extract: territory at zero opportunity
ifa_mw_wiia_k2,54558,ifa,WI,IFA,IFA_01,IFA,,55125,,,"IFA Des Moines-West Des Moines, IA",0.0,no cell in the extract: territory at zero opportunity
ifa_mw_wiia_k2,54559,ifa,WI,IFA,IFA_01,IFA,,55051,,5571850,"IFA Des Moines-West Des Moines, IA",0.0,no cell in the extract: territory at zero opportunity
ifa_mw_wiia_k2,54560,ifa,WI,IFA,IFA_01,IFA,,55125,,5571950,"IFA Des Moines-West Des Moines, IA",0.0,no cell in the extract: territory at zero opportunity
ifa_mw_wiia_k2,54561,ifa,WI,IFA,IFA_01,IFA,,55125,,,"IFA Des Moines-West Des Moines, IA",0.0,no cell in the extract: territory at zero opportunity
ifa_mw_wiia_k2,54562,ifa,WI,IFA,IFA_01,IFA,,55085,,5579675,"IFA Des Moines-West Des Moines, IA",0.0,no cell in the extract: territory at zero opportunity
ifa_mw_wiia_k2,54563,ifa,WI,IFA,IFA_01,IFA,,55107,,5580225,"IFA Des Moines-West Des Moines, IA",0.0,no cell in the extract: territory at zero opportunity
ifa_mw_wiia_k2,54564,ifa,WI,IFA,IFA_01,IFA,,55085,,,"IFA Des Moines-West Des Moines, IA",0.0,no cell in the extract: territory at zero opportunity
ifa_mw_wiia_k2,54565,ifa,WI,IFA,IFA_01,IFA,,55051,,,"IFA Des Moines-West Des Moines, IA",0.0,no cell in the extract: territory at zero opportunity
ifa_mw_wiia_k2,54566,ifa,WI,IFA,IFA_01,IFA,,55041,,5583000,"IFA Des Moines-West Des Moines, IA",0.0,no cell in the extract: territory at zero opportunity
ifa_mw_wiia_k2,54568,ifa,WI,IFA,IFA_01,IFA,,55125,,5588925,"IFA Des Moines-West Des Moines, IA",0.592551,
ifa_mw_wiia_k2,54601,ifa,WI,IFA,IFA_01,IFA,,55063,29100,5540775,"IFA Des Moines-West Des Moines, IA",4.88838,
ifa_mw_wiia_k2,54603,ifa,WI,IFA,IFA_01,IFA,,55063,29100,5540775,"IFA Des Moines-West Des Moines, IA",0.0,no cell in the extract: territory at zero opportunity
ifa_mw_wiia_k2,54610,ifa,WI,IFA,IFA_01,IFA,,55011,,5501225,"IFA Des Moines-West Des Moines, IA",0.0,no cell in the extract: territory at zero opportunity
ifa_mw_wiia_k2,54611,ifa,WI,IFA,IFA_01,IFA,,55053,,5501300,"IFA Des Moines-West Des Moines, IA",0.0,no cell in the extract: territory at zero opportunity
ifa_mw_wiia_k2,54612,ifa,WI,IFA,IFA_01,IFA,,55121,,5502500,"IFA Des Moines-West Des Moines, IA",0.677976,
ifa_mw_wiia_k2,54613,ifa,WI,IFA,IFA_01,IFA,,55001,,5502725,"IFA Des Moines-West Des Moines, IA",0.0,no cell in the extract: territory at zero opportunity
ifa_mw_wiia_k2,54614,ifa,WI,IFA,IFA_01,IFA,,55063,29100,5504550,"IFA Des Moines-West Des Moines, IA",0.0,no cell in the extract: territory at zero opportunity
ifa_mw_wiia_k2,54615,ifa,WI,IFA,IFA_01,IFA,,55053,,5507900,"IFA Des Moines-West Des Moines, IA",0.710371,
ifa_mw_wiia_k2,54616,ifa,WI,IFA,IFA_01,IFA,,55121,,5508075,"IFA Des Moines-West Des Moines, IA",0.0,no cell in the extract: territory at zero opportunity
ifa_mw_wiia_k2,54618,ifa,WI,IFA,IFA_01,IFA,,55057,,5512350,"IFA Des Moines-West Des Moines, IA",0.0,no cell in the extract: territory at zero opportunity
ifa_mw_wiia_k2,54619,ifa,WI,IFA,IFA_01,IFA,,55081,43890,5512950,"IFA Des Moines-West Des Moines, IA",0.0,no cell in the extract: territory at zero opportunity
ifa_mw_wiia_k2,54621,ifa,WI,IFA,IFA_01,IFA,,55123,29100,5514150,"IFA Des Moines-West Des Moines, IA",0.0,no cell in the extract: territory at zero opportunity
ifa_mw_wiia_k2,54622,ifa,WI,IFA,IFA_01,IFA,,55011,,5511062,"IFA Des Moines-West Des Moines, IA",0.0,no cell in the extract: territory at zero opportunity
ifa_mw_wiia_k2,54623,ifa,WI,IFA,IFA_01,IFA,,55063,29100,5516900,"IFA Des Moines-West Des Moines, IA",0.0,no cell in the extract: territory at zero opportunity
ifa_mw_wiia_k2,54624,ifa,WI,IFA,IFA_01,IFA,,55123,29100,5519850,"IFA Des Moines-West Des Moines, IA",0.0,no cell in the extract: territory at zero opportunity
ifa_mw_wiia_k2,54625,ifa,WI,IFA,IFA_01,IFA,,55121,,5520275,"IFA Des Moines-West Des Moines, IA",0.0,no cell in the extract: territory at zero opportunity
ifa_mw_wiia_k2,54626,ifa,WI,IFA,IFA_01,IFA,,55023,,5521900,"IFA Des Moines-West Des Moines, IA",0.0,no cell in the extract: territory at zero opportunity
ifa_mw_wiia_k2,54627,ifa,WI,IFA,IFA_01,IFA,,55121,,5524400,"IFA Des Moines-West Des Moines, IA",0.0,no cell in the extract: territory at zero opportunity
ifa_mw_wiia_k2,54628,ifa,WI,IFA,IFA_01,IFA,,55023,,5525725,"IFA Des Moines-West Des Moines, IA",0.0,no cell in the extract: territory at zero opportunity
ifa_mw_wiia_k2,54629,ifa,WI,IFA,IFA_01,IFA,,55011,,5526850,"IFA Des Moines-West Des Moines, IA",0.0,no cell in the extract: territory at zero opportunity
ifa_mw_wiia_k2,54630,ifa,WI,IFA,IFA_01,IFA,,55121,,5528200,"IFA Des Moines-West Des Moines, IA",0.0,no cell in the extract: territory at zero opportunity
ifa_mw_wiia_k2,54631,ifa,WI,IFA,IFA_01,IFA,,55023,,5506225,"IFA Des Moines-West Des Moines, IA",0.0,no cell in the extract: territory at zero opportunity
ifa_mw_wiia_k2,54632,ifa,WI,IFA,IFA_01,IFA,,55123,29100,5528625,"IFA Des Moines-West Des Moines, IA",0.0,no cell in the extract: territory at zero opportunity
ifa_mw_wiia_k2,54634,ifa,WI,IFA,IFA_01,IFA,,55123,29100,5534825,"IFA Des Moines-West Des Moines, IA",0.0,no cell in the extract: territory at zero opportunity
ifa_mw_wiia_k2,54635,ifa,WI,IFA,IFA_01,IFA,,55053,,5535075,"IFA Des Moines-West Des Moines, IA",0.0,no cell in the extract: territory at zero opportunity
ifa_mw_wiia_k2,54636,ifa,WI,IFA,IFA_01,IFA,,55063,29100,5535450,"IFA Des Moines-West Des Moines, IA",1.42147,
ifa_mw_wiia_k2,54637,ifa,WI,IFA,IFA_01,IFA,,55057,,5536675,"IFA Des Moines-West Des Moines, IA",0.0,no cell in the extract: territory at zero opportunity
ifa_mw_wiia_k2,54638,ifa,WI,IFA,IFA_01,IFA,,55081,43890,5539150,"IFA Des Moines-West Des Moines, IA",0.0,no cell in the extract: territory at zero opportunity
ifa_mw_wiia_k2,54639,ifa,WI,IFA,IFA_01,IFA,,55123,29100,5540875,"IFA Des Moines-West Des Moines, IA",0.0,no cell in the extract: territory at zero opportunity
ifa_mw_wiia_k2,54642,ifa,WI,IFA,IFA_01,IFA,,55053,,5550750,"IFA Des Moines-West Des Moines, IA",0.0,no cell in the extract: territory at zero opportunity
ifa_mw_wiia_k2,54643,ifa,WI,IFA,IFA_01,IFA,,55053,,5552025,"IFA Des Moines-West Des Moines, IA",0.0,no cell in the extract: territory at zero opportunity
ifa_mw_wiia_k2,54644,ifa,WI,IFA,IFA_01,IFA,,55063,29100,5553050,"IFA Des Moines-West Des Moines, IA",0.0,no cell in the extract: territory at zero opportunity
ifa_mw_wiia_k2,54645,ifa,WI,IFA,IFA_01,IFA,,55023,,5554900,"IFA Des Moines-West Des Moines, IA",0.0,no cell in the extract: territory at zero opportunity
ifa_mw_wiia_k2,54646,ifa,WI,IFA,IFA_01,IFA,,55057,,5555700,"IFA Des Moines-West Des Moines, IA",0.0,no cell in the extract: territory at zero opportunity
ifa_mw_wiia_k2,54648,ifa,WI,IFA,IFA_01,IFA,,55081,43890,5558575,"IFA Des Moines-West Des Moines, IA",0.0,no cell in the extract: territory at zero opportunity
ifa_mw_wiia_k2,54650,ifa,WI,IFA,IFA_01,IFA,,55063,29100,5559925,"IFA Des Moines-West Des Moines, IA",11.7155,
ifa_mw_wiia_k2,54651,ifa,WI,IFA,IFA_01,IFA,,55123,29100,5560075,"IFA Des Moines-West Des Moines, IA",0.0,no cell in the extract: territory at zero opportunity
ifa_mw_wiia_k2,54652,ifa,WI,IFA,IFA_01,IFA,,55123,29100,5566450,"IFA Des Moines-West Des Moines, IA",0.0,no cell in the extract: territory at zero opportunity
ifa_mw_wiia_k2,54653,ifa,WI,IFA,IFA_01,IFA,,55063,29100,5568900,"IFA Des Moines-West Des Moines, IA",0.0,no cell in the extract: territory at zero opportunity
ifa_mw_wiia_k2,54654,ifa,WI,IFA,IFA_01,IFA,,55023,,5572475,"IFA Des Moines-West Des Moines, IA",0.0,no cell in the extract: territory at zero opportunity
ifa_mw_wiia_k2,54655,ifa,WI,IFA,IFA_01,IFA,,55023,,5574550,"IFA Des Moines-West Des Moines, IA",0.0,no cell in the extract: territory at zero opportunity
ifa_mw_wiia_k2,54656,ifa,WI,IFA,IFA_01,IFA,,55081,43890,5575325,"IFA Des Moines-West Des Moines, IA",0.0,no cell in the extract: territory at zero opportunity
ifa_mw_wiia_k2,54657,ifa,WI,IFA,IFA_01,IFA,,55023,,5577175,"IFA Des Moines-West Des Moines, IA",0.0,no cell in the extract: territory at zero opportunity
ifa_mw_wiia_k2,54658,ifa,WI,IFA,IFA_01,IFA,,55123,29100,5577550,"IFA Des Moines-West Des Moines, IA",0.0,no cell in the extract: territory at zero opportunity
ifa_mw_wiia_k2,54659,ifa,WI,IFA,IFA_01,IFA,,55053,,5579150,"IFA Des Moines-West Des Moines, IA",0.0,no cell in the extract: territory at zero opportunity
ifa_mw_wiia_k2,54660,ifa,WI,IFA,IFA_01,IFA,,55081,43890,5580075,"IFA Des Moines-West Des Moines, IA",0.0,no cell in the extract: territory at zero opportunity
ifa_mw_wiia_k2,54661,ifa,WI,IFA,IFA_01,IFA,,55121,,5580475,"IFA Des Moines-West Des Moines, IA",0.305892,
ifa_mw_wiia_k2,54664,ifa,WI,IFA,IFA_01,IFA,,55103,,5582900,"IFA Des Moines-West Des Moines, IA",0.0,no cell in the extract: territory at zero opportunity
ifa_mw_wiia_k2,54665,ifa,WI,IFA,IFA_01,IFA,,55123,29100,5582925,"IFA Des Moines-West Des Moines, IA",13.1565,
ifa_mw_wiia_k2,54666,ifa,WI,IFA,IFA_01,IFA,,55081,43890,5583450,"IFA Des Moines-West Des Moines, IA",0.0,no cell in the extract: territory at zero opportunity
ifa_mw_wiia_k2,54667,ifa,WI,IFA,IFA_01,IFA,,55123,29100,5585475,"IFA Des Moines-West Des Moines, IA",0.0,no cell in the extract: territory at zero opportunity
ifa_mw_wiia_k2,54669,ifa,WI,IFA,IFA_01,IFA,,55063,29100,5586275,"IFA Des Moines-West Des Moines, IA",0.812886,
ifa_mw_wiia_k2,54670,ifa,WI,IFA,IFA_01,IFA,,55081,43890,5587525,"IFA Des Moines-West Des Moines, IA",0.0,no cell in the extract: territory at zero opportunity
ifa_mw_wiia_k2,54701,ifa,WI,IFA,IFA_01,IFA,,55035,20740,5522300,"IFA Des Moines-West Des Moines, IA",10.73,
ifa_mw_wiia_k2,54703,ifa,WI,IFA,IFA_01,IFA,,55035,20740,5522300,"IFA Des Moines-West Des Moines, IA",1.81822,
ifa_mw_wiia_k2,54720,ifa,WI,IFA,IFA_01,IFA,,55035,20740,5501550,"IFA Des Moines-West Des Moines, IA",5.06115,
ifa_mw_wiia_k2,54721,ifa,WI,IFA,IFA_01,IFA,,55091,,5502700,"IFA Des Moines-West Des Moines, IA",0.0,no cell in the extract: territory at zero opportunity
ifa_mw_wiia_k2,54722,ifa,WI,IFA,IFA_01,IFA,,55035,20740,5503825,"IFA Des Moines-West Des Moines, IA",0.0,no cell in the extract: territory at zero opportunity
ifa_mw_wiia_k2,54723,ifa,WI,IFA,IFA_01,IFA,,55093,33460,5505325,"IFA Des Moines-West Des Moines, IA",0.0,no cell in the extract: territory at zero opportunity
ifa_mw_wiia_k2,54724,ifa,WI,IFA,IFA_01,IFA,,55017,20740,5508225,"IFA Des Moines-West Des Moines, IA",0.0,no cell in the extract: territory at zero opportunity
ifa_mw_wiia_k2,54725,ifa,WI,IFA,IFA_01,IFA,,55033,32860,5509050,"IFA Des Moines-West Des Moines, IA",0.0,no cell in the extract: territory at zero opportunity
ifa_mw_wiia_k2,54726,ifa,WI,IFA,IFA_01,IFA,,55017,20740,5509075,"IFA Des Moines-West Des Moines, IA",0.0,no cell in the extract: territory at zero opportunity
ifa_mw_wiia_k2,54727,ifa,WI,IFA,IFA_01,IFA,,55017,20740,5511750,"IFA Des Moines-West Des Moines, IA",0.0,no cell in the extract: territory at zero opportunity
ifa_mw_wiia_k2,54728,ifa,WI,IFA,IFA_01,IFA,,55005,39960,5514325,"IFA Des Moines-West Des Moines, IA",0.136917,
ifa_mw_wiia_k2,54729,ifa,WI,IFA,IFA_01,IFA,,55017,20740,5541525,"IFA Des Moines-West Des Moines, IA",4.17825,
ifa_mw_wiia_k2,54730,ifa,WI,IFA,IFA_01,IFA,,55033,32860,5578980,"IFA Des Moines-West Des Moines, IA",0.0,no cell in the extract: territory at zero opportunity
ifa_mw_wiia_k2,54731,ifa,WI,IFA,IFA_01,IFA,,55107,,5516775,"IFA Des Moines-West Des Moines, IA",0.0,no cell in the extract: territory at zero opportunity
ifa_mw_wiia_k2,54732,ifa,WI,IFA,IFA_01,IFA,,55017,20740,5517100,"IFA Des Moines-West Des Moines, IA",0.0,no cell in the extract: territory at zero opportunity
ifa_mw_wiia_k2,54733,ifa,WI,IFA,IFA_01,IFA,,55005,39960,5518575,"IFA Des Moines-West Des Moines, IA",0.0,no cell in the extract: territory at zero opportunity
ifa_mw_wiia_k2,54734,ifa,WI,IFA,IFA_01,IFA,,55033,32860,5520675,"IFA Des Moines-West Des Moines, IA",0.0,no cell in the extract: territory at zero opportunity
ifa_mw_wiia_k2,54736,ifa,WI,IFA,IFA_01,IFA,,55091,,5521225,"IFA Des Moines-West Des Moines, IA",0.0,no cell in the extract: territory at zero opportunity
ifa_mw_wiia_k2,54737,ifa,WI,IFA,IFA_01,IFA,,55033,32860,,"IFA Des Moines-West Des Moines, IA",0.0,no cell in the extract: territory at zero opportunity
ifa_mw_wiia_k2,54738,ifa,WI,IFA,IFA_01,IFA,,55035,20740,5523175,"IFA Des Moines-West Des Moines, IA",0.0,no cell in the extract: territory at zero opportunity
ifa_mw_wiia_k2,54739,ifa,WI,IFA,IFA_01,IFA,,55033,32860,5523325,"IFA Des Moines-West Des Moines, IA",0.0,no cell in the extract: territory at zero opportunity
ifa_mw_wiia_k2,54740,ifa,WI,IFA,IFA_01,IFA,,55093,33460,5523700,"IFA Des Moines-West Des Moines, IA",0.0,no cell in the extract: territory at zero opportunity
ifa_mw_wiia_k2,54741,ifa,WI,IFA,IFA_01,IFA,,55035,20740,5524825,"IFA Des Moines-West Des Moines, IA",0.0,no cell in the extract: territory at zero opportunity
ifa_mw_wiia_k2,54742,ifa,WI,IFA,IFA_01,IFA,,55035,20740,5525125,"IFA Des Moines-West Des Moines, IA",0.0,no cell in the extract: territory at zero opportunity
ifa_mw_wiia_k2,54745,ifa,WI,IFA,IFA_01,IFA,,55017,20740,5535225,"IFA Des Moines-West Des Moines, IA",0.0,no cell in the extract: territory at zero opportunity
ifa_mw_wiia_k2,54746,ifa,WI,IFA,IFA_01,IFA,,55019,,5536400,"IFA Des Moines-West Des Moines, IA",0.63364,
ifa_mw_wiia_k2,54747,ifa,WI,IFA,IFA_01,IFA,,55121,,5536800,"IFA Des Moines-West Des Moines, IA",0.0,no cell in the extract: territory at zero opportunity
ifa_mw_wiia_k2,54748,ifa,WI,IFA,IFA_01,IFA,,55017,20740,5538225,"IFA Des Moines-West Des Moines, IA",0.0,no cell in the extract: territory at zero opportunity
ifa_mw_wiia_k2,54749,ifa,WI,IFA,IFA_01,IFA,,55033,32860,5539975,"IFA Des Moines-West Des Moines, IA",0.0,no cell in the extract: territory at zero opportunity
ifa_mw_wiia_k2,54750,ifa,WI,IFA,IFA_01,IFA,,55093,33460,5548175,"IFA Des Moines-West Des Moines, IA",0.0,no cell in the extract: territory at zero opportunity
ifa_mw_wiia_k2,54751,ifa,WI,IFA,IFA_01,IFA,,55033,32860,5551025,"IFA Des Moines-West Des Moines, IA",3.30963,
ifa_mw_wiia_k2,54754,ifa,WI,IFA,IFA_01,IFA,,55053,,5533150,"IFA Des Moines-West Des Moines, IA",0.0,no cell in the extract: territory at zero opportunity
ifa_mw_wiia_k2,54755,ifa,WI,IFA,IFA_01,IFA,,55011,,5553600,"IFA Des Moines-West Des Moines, IA",5.81354,
ifa_mw_wiia_k2,54756,ifa,WI,IFA,IFA_01,IFA,,55011,,5555950,"IFA Des Moines-West Des Moines, IA",0.0,no cell in the extract: territory at zero opportunity
ifa_mw_wiia_k2,54757,ifa,WI,IFA,IFA_01,IFA,,55017,20740,5556350,"IFA Des Moines-West Des Moines, IA",0.0,no cell in the extract: territory at zero opportunity
ifa_mw_wiia_k2,54758,ifa,WI,IFA,IFA_01,IFA,,55121,,5560575,"IFA Des Moines-West Des Moines, IA",0.0,no cell in the extract: territory at zero opportunity
ifa_mw_wiia_k2,54759,ifa,WI,IFA,IFA_01,IFA,,55091,,5561925,"IFA Des Moines-West Des Moines, IA",0.0,no cell in the extract: territory at zero opportunity
ifa_mw_wiia_k2,54760,ifa,WI,IFA,IFA_01,IFA,,55121,,5562675,"IFA Des Moines-West Des Moines, IA",0.0,no cell in the extract: territory at zero opportunity
ifa_mw_wiia_k2,54761,ifa,WI,IFA,IFA_01,IFA,,55093,33460,5563600,"IFA Des Moines-West Des Moines, IA",0.0,no cell in the extract: territory at zero opportunity
ifa_mw_wiia_k2,54762,ifa,WI,IFA,IFA_01,IFA,,55005,39960,5565150,"IFA Des Moines-West Des Moines, IA",0.0,no cell in the extract: territory at zero opportunity
ifa_mw_wiia_k2,54763,ifa,WI,IFA,IFA_01,IFA,,55033,32860,5567800,"IFA Des Moines-West Des Moines, IA",0.0,no cell in the extract: territory at zero opportunity
ifa_mw_wiia_k2,54766,ifa,WI,IFA,IFA_01,IFA,,55119,,5573175,"IFA Des Moines-West Des Moines, IA",0.0,no cell in the extract: territory at zero opportunity
ifa_mw_wiia_k2,54767,ifa,WI,IFA,IFA_01,IFA,,55093,33460,5576300,"IFA Des Moines-West Des Moines, IA",0.0,no cell in the extract: territory at zero opportunity
ifa_mw_wiia_k2,54768,ifa,WI,IFA,IFA_01,IFA,,55017,20740,5576625,"IFA Des Moines-West Des Moines, IA",0.0,no cell in the extract: territory at zero opportunity
ifa_mw_wiia_k2,54769,ifa,WI,IFA,IFA_01,IFA,,55091,,5577475,"IFA Des Moines-West Des Moines, IA",0.0,no cell in the extract: territory at zero opportunity
ifa_mw_wiia_k2,54770,ifa,WI,IFA,IFA_01,IFA,,55121,,5577825,"IFA Des Moines-West Des Moines, IA",0.0,no cell in the extract: territory at zero opportunity
ifa_mw_wiia_k2,54771,ifa,WI,IFA,IFA_01,IFA,,55019,,5579625,"IFA Des Moines-West Des Moines, IA",0.0,no cell in the extract: territory at zero opportunity
ifa_mw_wiia_k2,54772,ifa,WI,IFA,IFA_01,IFA,,55033,32860,5586575,"IFA Des Moines-West Des Moines, IA",0.0,no cell in the extract: territory at zero opportunity
ifa_mw_wiia_k2,54773,ifa,WI,IFA,IFA_01,IFA,,55121,,5586725,"IFA Des Moines-West Des Moines, IA",0.0,no cell in the extract: territory at zero opportunity
ifa_mw_wiia_k2,54801,ifa,WI,IFA,IFA_01,IFA,,55129,,5575625,"IFA Des Moines-West Des Moines, IA",3.79514,
ifa_mw_wiia_k2,54805,ifa,WI,IFA,IFA_01,IFA,,55005,39960,5501325,"IFA Des Moines-West Des Moines, IA",0.0,no cell in the extract: territory at zero opportunity
ifa_mw_wiia_k2,54806,ifa,WI,IFA,IFA_01,IFA,,55003,,5503225,"IFA Des Moines-West Des Moines, IA",1.50968,
ifa_mw_wiia_k2,54810,ifa,WI,IFA,IFA_01,IFA,,55095,,5504475,"IFA Des Moines-West Des Moines, IA",0.0,no cell in the extract: territory at zero opportunity
ifa_mw_wiia_k2,54812,ifa,WI,IFA,IFA_01,IFA,,55005,39960,5504875,"IFA Des Moines-West Des Moines, IA",3.50909,
ifa_mw_wiia_k2,54813,ifa,WI,IFA,IFA_01,IFA,,55013,,5504925,"IFA Des Moines-West Des Moines, IA",0.0,no cell in the extract: territory at zero opportunity
ifa_mw_wiia_k2,54814,ifa,WI,IFA,IFA_01,IFA,,55007,,5505350,"IFA Des Moines-West Des Moines, IA",1.26168,
ifa_mw_wiia_k2,54817,ifa,WI,IFA,IFA_01,IFA,,55129,,5507550,"IFA Des Moines-West Des Moines, IA",0.0,no cell in the extract: territory at zero opportunity
ifa_mw_wiia_k2,54819,ifa,WI,IFA,IFA_01,IFA,,55107,,5510500,"IFA Des Moines-West Des Moines, IA",0.0,no cell in the extract: territory at zero opportunity
ifa_mw_wiia_k2,54820,ifa,WI,IFA,IFA_01,IFA,,55031,20260,5510550,"IFA Des Moines-West Des Moines, IA",0.0,no cell in the extract: territory at zero opportunity
ifa_mw_wiia_k2,54821,ifa,WI,IFA,IFA_01,IFA,,55007,,5511650,"IFA Des Moines-West Des Moines, IA",0.0,no cell in the extract: territory at zero opportunity
ifa_mw_wiia_k2,54822,ifa,WI,IFA,IFA_01,IFA,,55005,39960,5512250,"IFA Des Moines-West Des Moines, IA",1.1418,
ifa_mw_wiia_k2,54824,ifa,WI,IFA,IFA_01,IFA,,55095,,5513850,"IFA Des Moines-West Des Moines, IA",0.0,no cell in the extract: territory at zero opportunity
ifa_mw_wiia_k2,54826,ifa,WI,IFA,IFA_01,IFA,,55095,,,"IFA Des Moines-West Des Moines, IA",0.0,no cell in the extract: territory at zero opportunity
ifa_mw_wiia_k2,54827,ifa,WI,IFA,IFA_01,IFA,,55007,,5517150,"IFA Des Moines-West Des Moines, IA",0.0,no cell in the extract: territory at zero opportunity
ifa_mw_wiia_k2,54828,ifa,WI,IFA,IFA_01,IFA,,55113,,5567050,"IFA Des Moines-West Des Moines, IA",0.0,no cell in the extract: territory at zero opportunity
ifa_mw_wiia_k2,54829,ifa,WI,IFA,IFA_01,IFA,,55005,39960,5518025,"IFA Des Moines-West Des Moines, IA",0.0209999,
ifa_mw_wiia_k2,54830,ifa,WI,IFA,IFA_01,IFA,,55013,,5518650,"IFA Des Moines-West Des Moines, IA",0.0,no cell in the extract: territory at zero opportunity
ifa_mw_wiia_k2,54832,ifa,WI,IFA,IFA_01,IFA,,55007,,5520875,"IFA Des Moines-West Des Moines, IA",0.0,no cell in the extract: territory at zero opportunity
ifa_mw_wiia_k2,54835,ifa,WI,IFA,IFA_01,IFA,,55113,,5524700,"IFA Des Moines-West Des Moines, IA",0.0,no cell in the extract: territory at zero opportunity
ifa_mw_wiia_k2,54836,ifa,WI,IFA,IFA_01,IFA,,55031,20260,,"IFA Des Moines-West Des Moines, IA",0.0,no cell in the extract: territory at zero opportunity
ifa_mw_wiia_k2,54837,ifa,WI,IFA,IFA_01,IFA,,55095,,5527500,"IFA Des Moines-West Des Moines, IA",0.0,no cell in the extract: territory at zero opportunity
ifa_mw_wiia_k2,54838,ifa,WI,IFA,IFA_01,IFA,,55031,20260,5529900,"IFA Des Moines-West Des Moines, IA",0.0,no cell in the extract: territory at zero opportunity
ifa_mw_wiia_k2,54839,ifa,WI,IFA,IFA_01,IFA,,55007,,5530150,"IFA Des Moines-West Des Moines, IA",0.0,no cell in the extract: territory at zero opportunity
ifa_mw_wiia_k2,54840,ifa,WI,IFA,IFA_01,IFA,,55013,,5530450,"IFA Des Moines-West Des Moines, IA",0.0795491,
ifa_mw_wiia_k2,54841,ifa,WI,IFA,IFA_01,IFA,,55005,39960,5533225,"IFA Des Moines-West Des Moines, IA",0.0,no cell in the extract: territory at zero opportunity
ifa_mw_wiia_k2,54842,ifa,WI,IFA,IFA_01,IFA,,55031,20260,,"IFA Des Moines-West Des Moines, IA",0.0,no cell in the extract: territory at zero opportunity
ifa_mw_wiia_k2,54843,ifa,WI,IFA,IFA_01,IFA,,55113,,5514440,"IFA Des Moines-West Des Moines, IA",0.198873,
ifa_mw_wiia_k2,54844,ifa,WI,IFA,IFA_01,IFA,,55007,,5533975,"IFA Des Moines-West Des Moines, IA",0.0,no cell in the extract: territory at zero opportunity
ifa_mw_wiia_k2,54845,ifa,WI,IFA,IFA_01,IFA,,55013,,,"IFA Des Moines-West Des Moines, IA",0.0,no cell in the extract: territory at zero opportunity
ifa_mw_wiia_k2,54846,ifa,WI,IFA,IFA_01,IFA,,55003,,,"IFA Des Moines-West Des Moines, IA",0.0,no cell in the extract: territory at zero opportunity
ifa_mw_wiia_k2,54847,ifa,WI,IFA,IFA_01,IFA,,55007,,5537175,"IFA Des Moines-West Des Moines, IA",0.0,no cell in the extract: territory at zero opportunity
ifa_mw_wiia_k2,54848,ifa,WI,IFA,IFA_01,IFA,,55107,,5540850,"IFA Des Moines-West Des Moines, IA",0.0,no cell in the extract: territory at zero opportunity
ifa_mw_wiia_k2,54849,ifa,WI,IFA,IFA_01,IFA,,55031,20260,5541725,"IFA Des Moines-West Des Moines, IA",0.0,no cell in the extract: territory at zero opportunity
ifa_mw_wiia_k2,54850,ifa,WI,IFA,IFA_01,IFA,,55003,,,"IFA Des Moines-West Des Moines, IA",0.0,no cell in the extract: territory at zero opportunity
ifa_mw_wiia_k2,54853,ifa,WI,IFA,IFA_01,IFA,,55095,,5546200,"IFA Des Moines-West Des Moines, IA",0.0,no cell in the extract: territory at zero opportunity
ifa_mw_wiia_k2,54854,ifa,WI,IFA,IFA_01,IFA,,55031,20260,,"IFA Des Moines-West Des Moines, IA",0.0,no cell in the extract: territory at zero opportunity
ifa_mw_wiia_k2,54855,ifa,WI,IFA,IFA_01,IFA,,55003,,5538487,"IFA Des Moines-West Des Moines, IA",0.0,no cell in the extract: territory at zero opportunity
ifa_mw_wiia_k2,54856,ifa,WI,IFA,IFA_01,IFA,,55007,,5549900,"IFA Des Moines-West Des Moines, IA",0.0,no cell in the extract: territory at zero opportunity
ifa_mw_wiia_k2,54857,ifa,WI,IFA,IFA_01,IFA,,55005,39960,,"IFA Des Moines-West Des Moines, IA",0.0,no cell in the extract: territory at zero opportunity
ifa_mw_wiia_k2,54858,ifa,WI,IFA,IFA_01,IFA,,55095,,5552075,"IFA Des Moines-West Des Moines, IA",0.0,no cell in the extract: territory at zero opportunity
ifa_mw_wiia_k2,54859,ifa,WI,IFA,IFA_01,IFA,,55129,,5553250,"IFA Des Moines-West Des Moines, IA",0.0,no cell in the extract: territory at zero opportunity
ifa_mw_wiia_k2,54861,ifa,WI,IFA,IFA_01,IFA,,55003,,5557008,"IFA Des Moines-West Des Moines, IA",0.0,no cell in the extract: territory at zero opportunity
ifa_mw_wiia_k2,54862,ifa,WI,IFA,IFA_01,IFA,,55113,,,"IFA Des Moines-West Des Moines, IA",0.0,no cell in the extract: territory at zero opportunity
ifa_mw_wiia_k2,54864,ifa,WI,IFA,IFA_01,IFA,,55031,20260,5563975,"IFA Des Moines-West Des Moines, IA",0.0,no cell in the extract: territory at zero opportunity
ifa_mw_wiia_k2,54865,ifa,WI,IFA,IFA_01,IFA,,55007,,5564500,"IFA Des Moines-West Des Moines, IA",0.0,no cell in the extract: territory at zero opportunity
ifa_mw_wiia_k2,54867,ifa,WI,IFA,IFA_01,IFA,,55113,,5566050,"IFA Des Moines-West Des Moines, IA",0.0,no cell in the extract: territory at zero opportunity
ifa_mw_wiia_k2,54868,ifa,WI,IFA,IFA_01,IFA,,55005,39960,5567350,"IFA Des Moines-West Des Moines, IA",6.11633,
ifa_mw_wiia_k2,54870,ifa,WI,IFA,IFA_01,IFA,,55129,,,"IFA Des Moines-West Des Moines, IA",0.0,no cell in the extract: territory at zero opportunity
ifa_mw_wiia_k2,54871,ifa,WI,IFA,IFA_01,IFA,,55129,,5573200,"IFA Des Moines-West Des Moines, IA",0.0,no cell in the extract: territory at zero opportunity
ifa_mw_wiia_k2,54872,ifa,WI,IFA,IFA_01,IFA,,55013,,5574175,"IFA Des Moines-West Des Moines, IA",0.0,no cell in the extract: territory at zero opportunity
ifa_mw_wiia_k2,54873,ifa,WI,IFA,IFA_01,IFA,,55031,20260,5574575,"IFA Des Moines-West Des Moines, IA",0.0,no cell in the extract: territory at zero opportunity
ifa_mw_wiia_k2,54874,ifa,WI,IFA,IFA_01,IFA,,55031,20260,5578650,"IFA Des Moines-West Des Moines, IA",0.0,no cell in the extract: territory at zero opportunity
ifa_mw_wiia_k2,54875,ifa,WI,IFA,IFA_01,IFA,,55129,,5575775,"IFA Des Moines-West Des Moines, IA",0.0,no cell in the extract: territory at zero opportunity
ifa_mw_wiia_k2,54876,ifa,WI,IFA,IFA_01,IFA,,55113,,5567050,"IFA Des Moines-West Des Moines, IA",0.0,no cell in the extract: territory at zero opportunity
ifa_mw_wiia_k2,54880,ifa,WI,IFA,IFA_01,IFA,,55031,20260,5578650,"IFA Des Moines-West Des Moines, IA",2.87708,
ifa_mw_wiia_k2,54888,ifa,WI,IFA,IFA_01,IFA,,55129,,5580425,"IFA Des Moines-West Des Moines, IA",0.0,no cell in the extract: territory at zero opportunity
ifa_mw_wiia_k2,54889,ifa,WI,IFA,IFA_01,IFA,,55095,,5581075,"IFA Des Moines-West Des Moines, IA",0.0,no cell in the extract: territory at zero opportunity
ifa_mw_wiia_k2,54891,ifa,WI,IFA,IFA_01,IFA,,55007,,5583525,"IFA Des Moines-West Des Moines, IA",0.0,no cell in the extract: territory at zero opportunity
ifa_mw_wiia_k2,54893,ifa,WI,IFA,IFA_01,IFA,,55013,,5585025,"IFA Des Moines-West Des Moines, IA",0.0,no cell in the extract: territory at zero opportunity
ifa_mw_wiia_k2,54895,ifa,WI,IFA,IFA_01,IFA,,55107,,5586450,"IFA Des Moines-West Des Moines, IA",0.0,no cell in the extract: territory at zero opportunity
ifa_mw_wiia_k2,54896,ifa,WI,IFA,IFA_01,IFA,,55113,,5587975,"IFA Des Moines-West Des Moines, IA",0.0,no cell in the extract: territory at zero opportunity
ifa_mw_wiia_k2,54901,ifa,WI,IFA,IFA_02,IFA,,55139,36780,5560500,"IFA Milwaukee-Waukesha, WI",1.47138,
ifa_mw_wiia_k2,54902,ifa,WI,IFA,IFA_02,IFA,,55139,36780,5560500,"IFA Milwaukee-Waukesha, WI",10.6507,
ifa_mw_wiia_k2,54904,ifa,WI,IFA,IFA_01,IFA,,55139,36780,5560500,"IFA Des Moines-West Des Moines, IA",6.07419,
ifa_mw_wiia_k2,54909,ifa,WI,IFA,IFA_01,IFA,,55097,44620,5501400,"IFA Des Moines-West Des Moines, IA",0.0,no cell in the extract: territory at zero opportunity
ifa_mw_wiia_k2,54911,ifa,WI,IFA,IFA_02,IFA,,55087,11540,5502375,"IFA Milwaukee-Waukesha, WI",11.6222,
ifa_mw_wiia_k2,54913,ifa,WI,IFA,IFA_02,IFA,,55087,11540,5502375,"IFA Milwaukee-Waukesha, WI",17.3011,
ifa_mw_wiia_k2,54914,ifa,WI,IFA,IFA_02,IFA,,55087,11540,5531525,"IFA Milwaukee-Waukesha, WI",48.176,
ifa_mw_wiia_k2,54915,ifa,WI,IFA,IFA_02,IFA,,55015,11540,5502375,"IFA Milwaukee-Waukesha, WI",11.8895,
ifa_mw_wiia_k2,54921,ifa,WI,IFA,IFA_01,IFA,,55097,44620,5504525,"IFA Des Moines-West Des Moines, IA",0.0,no cell in the extract: territory at zero opportunity
ifa_mw_wiia_k2,54922,ifa,WI,IFA,IFA_01,IFA,,55087,11540,5505575,"IFA Des Moines-West Des Moines, IA",0.0,no cell in the extract: territory at zero opportunity
ifa_mw_wiia_k2,54923,ifa,WI,IFA,IFA_01,IFA,,55137,,5506925,"IFA Des Moines-West Des Moines, IA",0.0,no cell in the extract: territory at zero opportunity
ifa_mw_wiia_k2,54926,ifa,WI,IFA,IFA_01,IFA,,55135,,5507250,"IFA Des Moines-West Des Moines, IA",0.0,no cell in the extract: territory at zero opportunity
ifa_mw_wiia_k2,54927,ifa,WI,IFA,IFA_01,IFA,,55139,36780,5511500,"IFA Des Moines-West Des Moines, IA",0.0,no cell in the extract: territory at zero opportunity
ifa_mw_wiia_k2,54928,ifa,WI,IFA,IFA_01,IFA,,55115,43020,5512675,"IFA Des Moines-West Des Moines, IA",0.0,no cell in the extract: territory at zero opportunity
ifa_mw_wiia_k2,54929,ifa,WI,IFA,IFA_01,IFA,,55135,,5515725,"IFA Des Moines-West Des Moines, IA",0.0,no cell in the extract: territory at zero opportunity
ifa_mw_wiia_k2,54930,ifa,WI,IFA,IFA_01,IFA,,55137,,5516375,"IFA Des Moines-West Des Moines, IA",0.0,no cell in the extract: territory at zero opportunity
ifa_mw_wiia_k2,54931,ifa,WI,IFA,IFA_01,IFA,,55087,11540,5518500,"IFA Des Moines-West Des Moines, IA",0.0,no cell in the extract: territory at zero opportunity
ifa_mw_wiia_k2,54932,ifa,WI,IFA,IFA_02,IFA,,55039,22540,,"IFA Milwaukee-Waukesha, WI",0.0,no cell in the extract: territory at zero opportunity
ifa_mw_wiia_k2,54933,ifa,WI,IFA,IFA_01,IFA,,55135,,5523850,"IFA Des Moines-West Des Moines, IA",0.0,no cell in the extract: territory at zero opportunity
ifa_mw_wiia_k2,54935,ifa,WI,IFA,IFA_02,IFA,,55039,22540,5526275,"IFA Milwaukee-Waukesha, WI",1.14577,
ifa_mw_wiia_k2,54937,ifa,WI,IFA,IFA_02,IFA,,55039,22540,5526275,"IFA Milwaukee-Waukesha, WI",0.646188,
ifa_mw_wiia_k2,54940,ifa,WI,IFA,IFA_01,IFA,,55137,,5527800,"IFA Des Moines-West Des Moines, IA",0.0,no cell in the extract: territory at zero opportunity
ifa_mw_wiia_k2,54941,ifa,WI,IFA,IFA_01,IFA,,55047,,5531300,"IFA Des Moines-West Des Moines, IA",1.50462,
ifa_mw_wiia_k2,54942,ifa,WI,IFA,IFA_01,IFA,,55087,11540,5531525,"IFA Des Moines-West Des Moines, IA",2.25531,
ifa_mw_wiia_k2,54943,ifa,WI,IFA,IFA_01,IFA,,55137,,5532450,"IFA Des Moines-West Des Moines, IA",0.0,no cell in the extract: territory at zero opportunity
ifa_mw_wiia_k2,54944,ifa,WI,IFA,IFA_01,IFA,,55087,11540,5531525,"IFA Des Moines-West Des Moines, IA",0.188876,
ifa_mw_wiia_k2,54945,ifa,WI,IFA,IFA_01,IFA,,55135,,5537025,"IFA Des Moines-West Des Moines, IA",0.0,no cell in the extract: territory at zero opportunity
ifa_mw_wiia_k2,54946,ifa,WI,IFA,IFA_01,IFA,,55135,,5539700,"IFA Des Moines-West Des Moines, IA",0.0,no cell in the extract: territory at zero opportunity
ifa_mw_wiia_k2,54947,ifa,WI,IFA,IFA_01,IFA,,55139,36780,5587625,"IFA Des Moines-West Des Moines, IA",0.0,no cell in the extract: territory at zero opportunity
ifa_mw_wiia_k2,54948,ifa,WI,IFA,IFA_01,IFA,,55115,43020,5543575,"IFA Des Moines-West Des Moines, IA",0.0,no cell in the extract: territory at zero opportunity
ifa_mw_wiia_k2,54949,ifa,WI,IFA,IFA_01,IFA,,55135,,5548350,"IFA Des Moines-West Des Moines, IA",0.0,no cell in the extract: territory at zero opportunity
ifa_mw_wiia_k2,54950,ifa,WI,IFA,IFA_01,IFA,,55135,,5549400,"IFA Des Moines-West Des Moines, IA",0.0,no cell in the extract: territory at zero opportunity
ifa_mw_wiia_k2,54952,ifa,WI,IFA,IFA_02,IFA,,55015,11540,5532790,"IFA Milwaukee-Waukesha, WI",0.475215,
ifa_mw_wiia_k2,54956,ifa,WI,IFA,IFA_02,IFA,,55139,36780,5555750,"IFA Milwaukee-Waukesha, WI",18.9044,
ifa_mw_wiia_k2,54960,ifa,WI,IFA,IFA_01,IFA,,55077,,5556125,"IFA Des Moines-West Des Moines, IA",0.0,no cell in the extract: territory at zero opportunity
ifa_mw_wiia_k2,54961,ifa,WI,IFA,IFA_01,IFA,,55135,,5556925,"IFA Des Moines-West Des Moines, IA",0.0,no cell in the extract: territory at zero opportunity
ifa_mw_wiia_k2,54962,ifa,WI,IFA,IFA_01,IFA,,55135,,5559475,"IFA Des Moines-West Des Moines, IA",0.0,no cell in the extract: territory at zero opportunity
ifa_mw_wiia_k2,54963,ifa,WI,IFA,IFA_01,IFA,,55139,36780,5559875,"IFA Des Moines-West Des Moines, IA",0.0,no cell in the extract: territory at zero opportunity
ifa_mw_wiia_k2,54964,ifa,WI,IFA,IFA_01,IFA,,55139,36780,5584200,"IFA Des Moines-West Des Moines, IA",0.0,no cell in the extract: territory at zero opportunity
ifa_mw_wiia_k2,54965,ifa,WI,IFA,IFA_01,IFA,,55137,,5562975,"IFA Des Moines-West Des Moines, IA",0.0,no cell in the extract: territory at zero opportunity
ifa_mw_wiia_k2,54966,ifa,WI,IFA,IFA_01,IFA,,55137,,5563150,"IFA Des Moines-West Des Moines, IA",0.0,no cell in the extract: territory at zero opportunity
ifa_mw_wiia_k2,54967,ifa,WI,IFA,IFA_01,IFA,,55137,,5564950,"IFA Des Moines-West Des Moines, IA",0.0,no cell in the extract: territory at zero opportunity
ifa_mw_wiia_k2,54968,ifa,WI,IFA,IFA_01,IFA,,55047,,5565600,"IFA Des Moines-West Des Moines, IA",0.00586321,
ifa_mw_wiia_k2,54970,ifa,WI,IFA,IFA_01,IFA,,55137,,5566625,"IFA Des Moines-West Des Moines, IA",0.633032,
ifa_mw_wiia_k2,54971,ifa,WI,IFA,IFA_01,IFA,,55039,22540,5568175,"IFA Des Moines-West Des Moines, IA",2.678,
ifa_mw_wiia_k2,54974,ifa,WI,IFA,IFA_02,IFA,,55039,22540,5569525,"IFA Milwaukee-Waukesha, WI",0.0,no cell in the extract: territory at zero opportunity
ifa_mw_wiia_k2,54977,ifa,WI,IFA,IFA_01,IFA,,55135,,5571975,"IFA Des Moines-West Des Moines, IA",0.0,no cell in the extract: territory at zero opportunity
ifa_mw_wiia_k2,54978,ifa,WI,IFA,IFA_01,IFA,,55115,43020,,"IFA Des Moines-West Des Moines, IA",0.0,no cell in the extract: territory at zero opportunity
ifa_mw_wiia_k2,54979,ifa,WI,IFA,IFA_02,IFA,,55039,22540,5582450,"IFA Milwaukee-Waukesha, WI",0.0,no cell in the extract: territory at zero opportunity
ifa_mw_wiia_k2,54980,ifa,WI,IFA,IFA_01,IFA,,55139,36780,5584200,"IFA Des Moines-West Des Moines, IA",0.0,no cell in the extract: territory at zero opportunity
ifa_mw_wiia_k2,54981,ifa,WI,IFA,IFA_01,IFA,,55135,,5584375,"IFA Des Moines-West Des Moines, IA",1.08275,
ifa_mw_wiia_k2,54982,ifa,WI,IFA,IFA_01,IFA,,55137,,5584625,"IFA Des Moines-West Des Moines, IA",3.89992,
ifa_mw_wiia_k2,54983,ifa,WI,IFA,IFA_01,IFA,,55135,,5586400,"IFA Des Moines-West Des Moines, IA",0.0,no cell in the extract: territory at zero opportunity
ifa_mw_wiia_k2,54984,ifa,WI,IFA,IFA_01,IFA,,55137,,5587075,"IFA Des Moines-West Des Moines, IA",0.0,no cell in the extract: territory at zero opportunity
ifa_mw_wiia_k2,54985,ifa,WI,IFA,IFA_02,IFA,,55139,36780,5560500,"IFA Milwaukee-Waukesha, WI",0.0,no cell in the extract: territory at zero opportunity
ifa_mw_wiia_k2,54986,ifa,WI,IFA,IFA_01,IFA,,55139,36780,5587900,"IFA Des Moines-West Des Moines, IA",0.00874996,
