scenario,zip_code,current_channel,state,model_channel,district,district_channels,rep,county,cbsa,place,district_name,m_rel,reason
ifa_ny_k5,06390,ifa,NY,IFA,IFA_01,IFA,,36103,35620,3625923,"IFA New York-Newark-Jersey City, NY-NJ (1)",0.0,no cell in the extract: territory at zero opportunity
ifa_ny_k5,10001,ifa,NY,IFA,IFA_02,IFA,,36061,35620,3651000,"IFA New York-Newark-Jersey City, NY-NJ (2)",6.61878,
ifa_ny_k5,10002,ifa,NY,IFA,IFA_03,IFA,,36061,35620,3651000,"IFA New York-Newark-Jersey City, NY-NJ (3)",0.0407271,
ifa_ny_k5,10003,ifa,NY,IFA,IFA_03,IFA,,36061,35620,3651000,"IFA New York-Newark-Jersey City, NY-NJ (3)",0.0301378,
ifa_ny_k5,10004,ifa,NY,IFA,IFA_03,IFA,,36061,35620,3651000,"IFA New York-Newark-Jersey City, NY-NJ (3)",1.07496,
ifa_ny_k5,10005,ifa,NY,IFA,IFA_03,IFA,,36061,35620,3651000,"IFA New York-Newark-Jersey City, NY-NJ (3)",1.51001,
ifa_ny_k5,10006,ifa,NY,IFA,IFA_03,IFA,,36061,35620,3651000,"IFA New York-Newark-Jersey City, NY-NJ (3)",0.0,no cell in the extract: territory at zero opportunity
ifa_ny_k5,10007,ifa,NY,IFA,IFA_03,IFA,,36061,35620,3651000,"IFA New York-Newark-Jersey City, NY-NJ (3)",13.0997,
ifa_ny_k5,10009,ifa,NY,IFA,IFA_03,IFA,,36061,35620,3651000,"IFA New York-Newark-Jersey City, NY-NJ (3)",0.0878934,
ifa_ny_k5,10010,ifa,NY,IFA,IFA_02,IFA,,36061,35620,3651000,"IFA New York-Newark-Jersey City, NY-NJ (2)",11.6663,
ifa_ny_k5,10011,ifa,NY,IFA,IFA_02,IFA,,36061,35620,3651000,"IFA New York-Newark-Jersey City, NY-NJ (2)",1.36597,
ifa_ny_k5,10012,ifa,NY,IFA,IFA_03,IFA,,36061,35620,3651000,"IFA New York-Newark-Jersey City, NY-NJ (3)",0.0,no cell in the extract: territory at zero opportunity
ifa_ny_k5,10013,ifa,NY,IFA,IFA_03,IFA,,36061,35620,3651000,"IFA New York-Newark-Jersey City, NY-NJ (3)",1.43566,
ifa_ny_k5,10014,ifa,NY,IFA,IFA_03,IFA,,36061,35620,3651000,"IFA New York-Newark-Jersey City, NY-NJ (3)",0.0,no cell in the extract: territory at zero opportunity
ifa_ny_k5,10016,ifa,NY,IFA,IFA_02,IFA,,36061,35620,3651000,"IFA New York-Newark-Jersey City, NY-NJ (2)",133.744,
ifa_ny_k5,10017,ifa,NY,IFA,IFA_02,IFA,,36061,35620,3651000,"IFA New York-Newark-Jersey City, NY-NJ (2)",100.619,
ifa_ny_k5,10018,ifa,NY,IFA,IFA_02,IFA,,36061,35620,3651000,"IFA New York-Newark-Jersey City, NY-NJ (2)",17.624,
ifa_ny_k5,10019,ifa,NY,IFA,IFA_02,IFA,,36061,35620,3651000,"IFA New York-Newark-Jersey City, NY-NJ (2)",2.51018,
ifa_ny_k5,10020,ifa,NY,IFA,IFA_02,IFA,,36061,35620,3651000,"IFA New York-Newark-Jersey City, NY-NJ (2)",5.87385,
ifa_ny_k5,10021,ifa,NY,IFA,IFA_02,IFA,,36061,35620,3651000,"IFA New York-Newark-Jersey City, NY-NJ (2)",0.107603,
ifa_ny_k5,10022,ifa,NY,IFA,IFA_02,IFA,,36061,35620,3651000,"IFA New York-Newark-Jersey City, NY-NJ (2)",42.0207,
ifa_ny_k5,10023,ifa,NY,IFA,IFA_02,IFA,,36061,35620,3651000,"IFA New York-Newark-Jersey City, NY-NJ (2)",0.0,no cell in the extract: territory at zero opportunity
ifa_ny_k5,10024,ifa,NY,IFA,IFA_02,IFA,,36061,35620,3651000,"IFA New York-Newark-Jersey City, NY-NJ (2)",0.0572647,
ifa_ny_k5,10025,ifa,NY,IFA,IFA_02,IFA,,36061,35620,3651000,"IFA New York-Newark-Jersey City, NY-NJ (2)",0.239994,
ifa_ny_k5,10026,ifa,NY,IFA,IFA_02,IFA,,36061,35620,3651000,"IFA New York-Newark-Jersey City, NY-NJ (2)",0.135516,
ifa_ny_k5,10027,ifa,NY,IFA,IFA_02,IFA,,36061,35620,3651000,"IFA New York-Newark-Jersey City, NY-NJ (2)",0.0730224,
ifa_ny_k5,10028,ifa,NY,IFA,IFA_02,IFA,,36061,35620,3651000,"IFA New York-Newark-Jersey City, NY-NJ (2)",0.000238635,
ifa_ny_k5,10029,ifa,NY,IFA,IFA_02,IFA,,36061,35620,3651000,"IFA New York-Newark-Jersey City, NY-NJ (2)",0.0,no cell in the extract: territory at zero opportunity
ifa_ny_k5,10030,ifa,NY,IFA,IFA_02,IFA,,36061,35620,3651000,"IFA New York-Newark-Jersey City, NY-NJ (2)",0.0,no cell in the extract: territory at zero opportunity
ifa_ny_k5,10031,ifa,NY,IFA,IFA_02,IFA,,36061,35620,3651000,"IFA New York-Newark-Jersey City, NY-NJ (2)",0.0,no cell in the extract: territory at zero opportunity
ifa_ny_k5,10032,ifa,NY,IFA,IFA_02,IFA,,36061,35620,3651000,"IFA New York-Newark-Jersey City, NY-NJ (2)",0.0,no cell in the extract: territory at zero opportunity
ifa_ny_k5,10033,ifa,NY,IFA,IFA_02,IFA,,36061,35620,3651000,"IFA New York-Newark-Jersey City, NY-NJ (2)",0.0,no cell in the extract: territory at zero opportunity
ifa_ny_k5,10034,ifa,NY,IFA,IFA_02,IFA,,36061,35620,3651000,"IFA New York-Newark-Jersey City, NY-NJ (2)",0.0,no cell in the extract: territory at zero opportunity
ifa_ny_k5,10035,ifa,NY,IFA,IFA_02,IFA,,36061,35620,3651000,"IFA New York-Newark-Jersey City, NY-NJ (2)",0.0,no cell in the extract: territory at zero opportunity
ifa_ny_k5,10036,ifa,NY,IFA,IFA_02,IFA,,36061,35620,3651000,"IFA New York-Newark-Jersey City, NY-NJ (2)",8.30169,
ifa_ny_k5,10037,ifa,NY,IFA,IFA_02,IFA,,36061,35620,3651000,"IFA New York-Newark-Jersey City, NY-NJ (2)",0.0,no cell in the extract: territory at zero opportunity
ifa_ny_k5,10038,ifa,NY,IFA,IFA_03,IFA,,36061,35620,3651000,"IFA New York-Newark-Jersey City, NY-NJ (3)",0.00874996,
ifa_ny_k5,10039,ifa,NY,IFA,IFA_02,IFA,,36061,35620,3651000,"IFA New York-Newark-Jersey City, NY-NJ (2)",0.0,no cell in the extract: territory at zero opportunity
ifa_ny_k5,10040,ifa,NY,IFA,IFA_02,IFA,,36061,35620,3651000,"IFA New York-Newark-Jersey City, NY-NJ (2)",0.0,no cell in the extract: territory at zero opportunity
ifa_ny_k5,10044,ifa,NY,IFA,IFA_02,IFA,,36061,35620,3651000,"IFA New York-Newark-Jersey City, NY-NJ (2)",0.0,no cell in the extract: territory at zero opportunity
ifa_ny_k5,10065,ifa,NY,IFA,IFA_02,IFA,,36061,35620,3651000,"IFA New York-Newark-Jersey City, NY-NJ (2)",0.0,no cell in the extract: territory at zero opportunity
ifa_ny_k5,10069,ifa,NY,IFA,IFA_02,IFA,,36061,35620,3651000,"IFA New York-Newark-Jersey City, NY-NJ (2)",0.0,no cell in the extract: territory at zero opportunity
ifa_ny_k5,10075,ifa,NY,IFA,IFA_02,IFA,,36061,35620,3651000,"IFA New York-Newark-Jersey City, NY-NJ (2)",0.684593,
ifa_ny_k5,10103,ifa,NY,IFA,IFA_02,IFA,,36061,35620,3651000,"IFA New York-Newark-Jersey City, NY-NJ (2)",0.0,no cell in the extract: territory at zero opportunity
ifa_ny_k5,10110,ifa,NY,IFA,IFA_02,IFA,,36061,35620,3651000,"IFA New York-Newark-Jersey City, NY-NJ (2)",0.0,no cell in the extract: territory at zero opportunity
ifa_ny_k5,10111,ifa,NY,IFA,IFA_02,IFA,,36061,35620,3651000,"IFA New York-Newark-Jersey City, NY-NJ (2)",0.607705,
ifa_ny_k5,10112,ifa,NY,IFA,IFA_02,IFA,,36061,35620,3651000,"IFA New York-Newark-Jersey City, NY-NJ (2)",0.13645,
ifa_ny_k5,10115,ifa,NY,IFA,IFA_02,IFA,,36061,35620,3651000,"IFA New York-Newark-Jersey City, NY-NJ (2)",0.0,no cell in the extract: territory at zero opportunity
ifa_ny_k5,10119,ifa,NY,IFA,IFA_02,IFA,,36061,35620,3651000,"IFA New York-Newark-Jersey City, NY-NJ (2)",0.276358,
ifa_ny_k5,10128,ifa,NY,IFA,IFA_02,IFA,,36061,35620,3651000,"IFA New York-Newark-Jersey City, NY-NJ (2)",0.0482151,
ifa_ny_k5,10152,ifa,NY,IFA,IFA_02,IFA,,36061,35620,3651000,"IFA New York-Newark-Jersey City, NY-NJ (2)",0.0,no cell in the extract: territory at zero opportunity
ifa_ny_k5,10153,ifa,NY,IFA,IFA_02,IFA,,36061,35620,3651000,"IFA New York-Newark-Jersey City, NY-NJ (2)",0.0,no cell in the extract: territory at zero opportunity
ifa_ny_k5,10154,ifa,NY,IFA,IFA_02,IFA,,36061,35620,3651000,"IFA New York-Newark-Jersey City, NY-NJ (2)",0.0,no cell in the extract: territory at zero opportunity
ifa_ny_k5,10162,ifa,NY,IFA,IFA_02,IFA,,36061,35620,3651000,"IFA New York-Newark-Jersey City, NY-NJ (2)",0.0,no cell in the extract: territory at zero opportunity
ifa_ny_k5,10165,ifa,NY,IFA,IFA_02,IFA,,36061,35620,3651000,"IFA New York-Newark-Jersey City, NY-NJ (2)",0.119318,
ifa_ny_k5,10167,ifa,NY,IFA,IFA_02,IFA,,36061,35620,3651000,"IFA New York-Newark-Jersey City, NY-NJ (2)",0.0,no cell in the extract: territory at zero opportunity
ifa_ny_k5,10168,ifa,NY,IFA,IFA_02,IFA,,36061,35620,3651000,"IFA New York-Newark-Jersey City, NY-NJ (2)",1.43923,
ifa_ny_k5,10169,ifa,NY,IFA,IFA_02,IFA,,36061,35620,3651000,"IFA New York-Newark-Jersey City, NY-NJ (2)",0.00252986,
ifa_ny_k5,10170,ifa,NY,IFA,IFA_02,IFA,,36061,35620,3651000,"IFA New York-Newark-Jersey City, NY-NJ (2)",72.0688,
ifa_ny_k5,10171,ifa,NY,IFA,IFA_02,IFA,,36061,35620,3651000,"IFA New York-Newark-Jersey City, NY-NJ (2)",0.505827,
ifa_ny_k5,10172,ifa,NY,IFA,IFA_02,IFA,,36061,35620,3651000,"IFA New York-Newark-Jersey City, NY-NJ (2)",5.60038,
ifa_ny_k5,10173,ifa,NY,IFA,IFA_02,IFA,,36061,35620,3651000,"IFA New York-Newark-Jersey City, NY-NJ (2)",0.0,no cell in the extract: territory at zero opportunity
ifa_ny_k5,10174,ifa,NY,IFA,IFA_02,IFA,,36061,35620,3651000,"IFA New York-Newark-Jersey City, NY-NJ (2)",0.156166,
ifa_ny_k5,10177,ifa,NY,IFA,IFA_02,IFA,,36061,35620,3651000,"IFA New York-Newark-Jersey City, NY-NJ (2)",0.0,no cell in the extract: territory at zero opportunity
ifa_ny_k5,10199,ifa,NY,IFA,IFA_02,IFA,,36061,35620,3651000,"IFA New York-Newark-Jersey City, NY-NJ (2)",0.0,no cell in the extract: territory at zero opportunity
ifa_ny_k5,10271,ifa,NY,IFA,IFA_03,IFA,,36061,35620,3651000,"IFA New York-Newark-Jersey City, NY-NJ (3)",4.28954,
ifa_ny_k5,10278,ifa,NY,IFA,IFA_03,IFA,,36061,35620,3651000,"IFA New York-Newark-Jersey City, NY-NJ (3)",0.0,no cell in the extract: territory at zero opportunity
ifa_ny_k5,10279,ifa,NY,IFA,IFA_03,IFA,,36061,35620,3651000,"IFA New York-Newark-Jersey City, NY-NJ (3)",0.804733,
ifa_ny_k5,10280,ifa,NY,IFA,IFA_03,IFA,,36061,35620,3651000,"IFA New York-Newark-Jersey City, NY-NJ (3)",1.06339,
ifa_ny_k5,10282,ifa,NY,IFA,IFA_03,IFA,,36061,35620,3651000,"IFA New York-Newark-Jersey City, NY-NJ (3)",0.0,no cell in the extract: territory at zero opportunity
ifa_ny_k5,10301,ifa,NY,IFA,IFA_03,IFA,,36085,35620,3651000,"IFA New York-Newark-Jersey City, NY-NJ (3)",1.12467,
ifa_ny_k5,10302,ifa,NY,IFA,IFA_03,IFA,,36085,35620,3651000,"IFA New York-Newark-Jersey City, NY-NJ (3)",0.306264,
ifa_ny_k5,10303,ifa,NY,IFA,IFA_03,IFA,,36085,35620,3651000,"IFA New York-Newark-Jersey City, NY-NJ (3)",0.0,no cell in the extract: territory at zero opportunity
ifa_ny_k5,10304,ifa,NY,IFA,IFA_03,IFA,,36085,35620,3651000,"IFA New York-Newark-Jersey City, NY-NJ (3)",0.779037,
ifa_ny_k5,10305,ifa,NY,IFA,IFA_03,IFA,,36085,35620,3651000,"IFA New York-Newark-Jersey City, NY-NJ (3)",1.28973,
ifa_ny_k5,10306,ifa,NY,IFA,IFA_03,IFA,,36085,35620,3651000,"IFA New York-Newark-Jersey City, NY-NJ (3)",9.7867,
ifa_ny_k5,10307,ifa,NY,IFA,IFA_03,IFA,,36085,35620,3651000,"IFA New York-Newark-Jersey City, NY-NJ (3)",8.56676,
ifa_ny_k5,10308,ifa,NY,IFA,IFA_03,IFA,,36085,35620,3651000,"IFA New York-Newark-Jersey City, NY-NJ (3)",0.941272,
ifa_ny_k5,10309,ifa,NY,IFA,IFA_03,IFA,,36085,35620,3651000,"IFA New York-Newark-Jersey City, NY-NJ (3)",13.3631,
ifa_ny_k5,10310,ifa,NY,IFA,IFA_03,IFA,,36085,35620,3651000,"IFA New York-Newark-Jersey City, NY-NJ (3)",3.51151,
ifa_ny_k5,10311,ifa,NY,IFA,IFA_03,IFA,,36085,35620,3651000,"IFA New York-Newark-Jersey City, NY-NJ (3)",17.507,
ifa_ny_k5,10312,ifa,NY,IFA,IFA_03,IFA,,36085,35620,3651000,"IFA New York-Newark-Jersey City, NY-NJ (3)",19.3135,
ifa_ny_k5,10314,ifa,NY,IFA,IFA_03,IFA,,36085,35620,3651000,"IFA New York-Newark-Jersey City, NY-NJ (3)",30.6834,
ifa_ny_k5,10451,ifa,NY,IFA,IFA_02,IFA,,36005,35620,3651000,"IFA New York-Newark-Jersey City, NY-NJ (2)",0.0,no cell in the extract: territory at zero opportunity
ifa_ny_k5,10452,ifa,NY,IFA,IFA_02,IFA,,36005,35620,3651000,"IFA New York-Newark-Jersey City, NY-NJ (2)",0.0,no cell in the extract: territory at zero opportunity
ifa_ny_k5,10453,ifa,NY,IFA,IFA_02,IFA,,36005,35620,3651000,"IFA New York-Newark-Jersey City, NY-NJ (2)",0.0,no cell in the extract: territory at zero opportunity
ifa_ny_k5,10454,ifa,NY,IFA,IFA_02,IFA,,36005,35620,3651000,"IFA New York-Newark-Jersey City, NY-NJ (2)",0.0,no cell in the extract: territory at zero opportunity
ifa_ny_k5,10455,ifa,NY,IFA,IFA_02,IFA,,36005,35620,3651000,"IFA New York-Newark-Jersey City, NY-NJ (2)",0.0,no cell in the extract: territory at zero opportunity
ifa_ny_k5,10456,ifa,NY,IFA,IFA_02,IFA,,36005,35620,3651000,"IFA New York-Newark-Jersey City, NY-NJ (2)",0.0,no cell in the extract: territory at zero opportunity
ifa_ny_k5,10457,ifa,NY,IFA,IFA_02,IFA,,36005,35620,3651000,"IFA New York-Newark-Jersey City, NY-NJ (2)",0.0,no cell in the extract: territory at zero opportunity
ifa_ny_k5,10458,ifa,NY,IFA,IFA_02,IFA,,36005,35620,3651000,"IFA New York-Newark-Jersey City, NY-NJ (2)",0.0,no cell in the extract: territory at zero opportunity
ifa_ny_k5,10459,ifa,NY,IFA,IFA_02,IFA,,36005,35620,3651000,"IFA New York-Newark-Jersey City, NY-NJ (2)",0.0,no cell in the extract: territory at zero opportunity
ifa_ny_k5,10460,ifa,NY,IFA,IFA_02,IFA,,36005,35620,3651000,"IFA New York-Newark-Jersey City, NY-NJ (2)",0.0,no cell in the extract: territory at zero opportunity
ifa_ny_k5,10461,ifa,NY,IFA,IFA_02,IFA,,36005,35620,3651000,"IFA New York-Newark-Jersey City, NY-NJ (2)",1.44903,
ifa_ny_k5,10462,ifa,NY,IFA,IFA_02,IFA,,36005,35620,3651000,"IFA New York-Newark-Jersey City, NY-NJ (2)",0.123533,
ifa_ny_k5,10463,ifa,NY,IFA,IFA_02,IFA,,36005,35620,3651000,"IFA New York-Newark-Jersey City, NY-NJ (2)",0.11896,
ifa_ny_k5,10464,ifa,NY,IFA,IFA_02,IFA,,36005,35620,3651000,"IFA New York-Newark-Jersey City, NY-NJ (2)",0.0,no cell in the extract: territory at zero opportunity
ifa_ny_k5,10465,ifa,NY,IFA,IFA_02,IFA,,36005,35620,3651000,"IFA New York-Newark-Jersey City, NY-NJ (2)",3.07874,
ifa_ny_k5,10466,ifa,NY,IFA,IFA_02,IFA,,36005,35620,3651000,"IFA New York-Newark-Jersey City, NY-NJ (2)",0.269008,
ifa_ny_k5,10467,ifa,NY,IFA,IFA_02,IFA,,36005,35620,3651000,"IFA New York-Newark-Jersey City, NY-NJ (2)",0.0,no cell in the extract: territory at zero opportunity
ifa_ny_k5,10468,ifa,NY,IFA,IFA_02,IFA,,36005,35620,3651000,"IFA New York-Newark-Jersey City, NY-NJ (2)",0.0,no cell in the extract: territory at zero opportunity
ifa_ny_k5,10469,ifa,NY,IFA,IFA_02,IFA,,36005,35620,3651000,"IFA New York-Newark-Jersey City, NY-NJ (2)",0.0,no cell in the extract: territory at zero opportunity
ifa_ny_k5,10470,ifa,NY,IFA,IFA_02,IFA,,36005,35620,3651000,"IFA New York-Newark-Jersey City, NY-NJ (2)",0.0,no cell in the extract: territory at zero opportunity
ifa_ny_k5,10471,ifa,NY,IFA,IFA_02,IFA,,36005,35620,3651000,"IFA New York-Newark-Jersey City, NY-NJ (2)",0.0,no cell in the extract: territory at zero opportunity
ifa_ny_k5,10472,ifa,NY,IFA,IFA_02,IFA,,36005,35620,3651000,"IFA New York-Newark-Jersey City, NY-NJ (2)",0.0,no cell in the extract: territory at zero opportunity
ifa_ny_k5,10473,ifa,NY,IFA,IFA_02,IFA,,36005,35620,3651000,"IFA New York-Newark-Jersey City, NY-NJ (2)",0.0,no cell in the extract: territory at zero opportunity
ifa_ny_k5,10474,ifa,NY,IFA,IFA_02,IFA,,36005,35620,3651000,"IFA New York-Newark-Jersey City, NY-NJ (2)",0.0,no cell in the extract: territory at zero opportunity
ifa_ny_k5,10475,ifa,NY,IFA,IFA_02,IFA,,36005,35620,3651000,"IFA New York-Newark-Jersey City, NY-NJ (2)",0.0,no cell in the extract: territory at zero opportunity
ifa_ny_k5,10501,ifa,NY,IFA,IFA_05,IFA,,36119,35620,,"IFA Albany-Schenectady-Troy, NY",0.0,no cell in the extract: territory at zero opportunity
ifa_ny_k5,10502,ifa,NY,IFA,IFA_02,IFA,,36119,35620,3602506,"IFA New York-Newark-Jersey City, NY-NJ (2)",0.0,no cell in the extract: territory at zero opportunity
ifa_ny_k5,10503,ifa,NY,IFA,IFA_02,IFA,,36119,35620,3637803,"IFA New York-Newark-Jersey City, NY-NJ (2)",0.0,no cell in the extract: territory at zero opportunity
ifa_ny_k5,10504,ifa,NY,IFA,IFA_05,IFA,,36119,35620,3602649,"IFA Albany-Schenectady-Troy, NY",12.3513,
ifa_ny_k5,10505,ifa,NY,IFA,IFA_05,IFA,,36119,35620,,"IFA Albany-Schenectady-Troy, NY",0.0,no cell in the extract: territory at zero opportunity
ifa_ny_k5,10506,ifa,NY,IFA,IFA_05,IFA,,36119,35620,3605309,"IFA Albany-Schenectady-Troy, NY",0.161718,
ifa_ny_k5,10507,ifa,NY,IFA,IFA_05,IFA,,36119,35620,3605342,"IFA Albany-Schenectady-Troy, NY",0.0,no cell in the extract: territory at zero opportunity
ifa_ny_k5,10509,ifa,NY,IFA,IFA_05,IFA,,36079,35620,3656869,"IFA Albany-Schenectady-Troy, NY",0.124821,
ifa_ny_k5,10510,ifa,NY,IFA,IFA_05,IFA,,36119,35620,3608103,"IFA Albany-Schenectady-Troy, NY",1.06449,
ifa_ny_k5,10511,ifa,NY,IFA,IFA_05,IFA,,36119,35620,3610341,"IFA Albany-Schenectady-Troy, NY",0.0,no cell in the extract: territory at zero opportunity
ifa_ny_k5,10512,ifa,NY,IFA,IFA_05,IFA,,36079,35620,3612518,"IFA Albany-Schenectady-Troy, NY",1.1786,
ifa_ny_k5,10514,ifa,NY,IFA,IFA_05,IFA,,36119,35620,3613805,"IFA Albany-Schenectady-Troy, NY",0.192784,
ifa_ny_k5,10516,ifa,NY,IFA,IFA_05,IFA,,36079,35620,3649781,"IFA Albany-Schenectady-Troy, NY",0.0,no cell in the extract: territory at zero opportunity
ifa_ny_k5,10517,ifa,NY,IFA,IFA_05,IFA,,36119,35620,,"IFA Albany-Schenectady-Troy, NY",0.0,no cell in the extract: territory at zero opportunity
ifa_ny_k5,10518,ifa,NY,IFA,IFA_05,IFA,,36119,35620,,"IFA Albany-Schenectady-Troy, NY",0.0,no cell in the extract: territory at zero opportunity
ifa_ny_k5,10519,ifa,NY,IFA,IFA_05,IFA,,36119,35620,,"IFA Albany-Schenectady-Troy, NY",0.0,no cell in the extract: territory at zero opportunity
ifa_ny_k5,10520,ifa,NY,IFA,IFA_05,IFA,,36119,35620,3619213,"IFA Albany-Schenectady-Troy, NY",0.271045,
ifa_ny_k5,10522,ifa,NY,IFA,IFA_02,IFA,,36119,35620,3620698,"IFA New York-Newark-Jersey City, NY-NJ (2)",0.031818,
ifa_ny_k5,10523,ifa,NY,IFA,IFA_02,IFA,,36119,35620,3624295,"IFA New York-Newark-Jersey City, NY-NJ (2)",270.229,
ifa_ny_k5,10524,ifa,NY,IFA,IFA_05,IFA,,36079,35620,,"IFA Albany-Schenectady-Troy, NY",0.0,no cell in the extract: territory at zero opportunity
ifa_ny_k5,10526,ifa,NY,IFA,IFA_05,IFA,,36119,35620,3629476,"IFA Albany-Schenectady-Troy, NY",0.0,no cell in the extract: territory at zero opportunity
ifa_ny_k5,10527,ifa,NY,IFA,IFA_05,IFA,,36119,35620,,"IFA Albany-Schenectady-Troy, NY",1.99928,
ifa_ny_k5,10528,ifa,NY,IFA,IFA_02,IFA,,36119,35620,3632402,"IFA New York-Newark-Jersey City, NY-NJ (2)",1.51845,
ifa_ny_k5,10530,ifa,NY,IFA,IFA_02,IFA,,36119,35620,3632523,"IFA New York-Newark-Jersey City, NY-NJ (2)",0.0,no cell in the extract: territory at zero opportunity
ifa_ny_k5,10532,ifa,NY,IFA,IFA_05,IFA,,36119,35620,3632842,"IFA Albany-Schenectady-Troy, NY",0.787137,
ifa_ny_k5,10533,ifa,NY,IFA,IFA_02,IFA,,36119,35620,3637803,"IFA New York-Newark-Jersey City, NY-NJ (2)",3.383,
ifa_ny_k5,10535,ifa,NY,IFA,IFA_05,IFA,,36119,35620,3638500,"IFA Albany-Schenectady-Troy, NY",0.0,no cell in the extract: territory at zero opportunity
ifa_ny_k5,10536,ifa,NY,IFA,IFA_05,IFA,,36119,35620,3629476,"IFA Albany-Schenectady-Troy, NY",4.58471,
ifa_ny_k5,10537,ifa,NY,IFA,IFA_05,IFA,,36079,35620,,"IFA Albany-Schenectady-Troy, NY",0.0,no cell in the extract: territory at zero opportunity
ifa_ny_k5,10538,ifa,NY,IFA,IFA_02,IFA,,36119,35620,3641333,"IFA New York-Newark-Jersey City, NY-NJ (2)",0.0,no cell in the extract: territory at zero opportunity
ifa_ny_k5,10540,ifa,NY,IFA,IFA_05,IFA,,36119,35620,,"IFA Albany-Schenectady-Troy, NY",0.0,no cell in the extract: territory at zero opportunity
ifa_ny_k5,10541,ifa,NY,IFA,IFA_05,IFA,,36079,35620,3644534,"IFA Albany-Schenectady-Troy, NY",6.14937,
ifa_ny_k5,10542,ifa,NY,IFA,IFA_05,IFA,,36079,35620,3644534,"IFA Albany-Schenectady-Troy, NY",0.0,no cell in the extract: territory at zero opportunity
ifa_ny_k5,10543,ifa,NY,IFA,IFA_02,IFA,,36119,35620,3644831,"IFA New York-Newark-Jersey City, NY-NJ (2)",0.0097045,
ifa_ny_k5,10545,ifa,NY,IFA,IFA_05,IFA,,36119,35620,,"IFA Albany-Schenectady-Troy, NY",0.0,no cell in the extract: territory at zero opportunity
ifa_ny_k5,10546,ifa,NY,IFA,IFA_05,IFA,,36119,35620,3647482,"IFA Albany-Schenectady-Troy, NY",0.0,no cell in the extract: territory at zero opportunity
ifa_ny_k5,10547,ifa,NY,IFA,IFA_05,IFA,,36119,35620,3640689,"IFA Albany-Schenectady-Troy, NY",0.0,no cell in the extract: territory at zero opportunity
ifa_ny_k5,10548,ifa,NY,IFA,IFA_05,IFA,,36119,35620,3648208,"IFA Albany-Schenectady-Troy, NY",0.0,no cell in the extract: territory at zero opportunity
ifa_ny_k5,10549,ifa,NY,IFA,IFA_05,IFA,,36119,35620,3648890,"IFA Albany-Schenectady-Troy, NY",11.1648,
ifa_ny_k5,10550,ifa,NY,IFA,IFA_02,IFA,,36119,35620,3649121,"IFA New York-Newark-Jersey City, NY-NJ (2)",0.0,no cell in the extract: territory at zero opportunity
ifa_ny_k5,10552,ifa,NY,IFA,IFA_02,IFA,,36119,35620,3649121,"IFA New York-Newark-Jersey City, NY-NJ (2)",3.3425,
ifa_ny_k5,10553,ifa,NY,IFA,IFA_02,IFA,,36119,35620,3649121,"IFA New York-Newark-Jersey City, NY-NJ (2)",0.0,no cell in the extract: territory at zero opportunity
ifa_ny_k5,10560,ifa,NY,IFA,IFA_05,IFA,,36119,35620,3656869,"IFA Albany-Schenectady-Troy, NY",0.0,no cell in the extract: territory at zero opportunity
ifa_ny_k5,10562,ifa,NY,IFA,IFA_05,IFA,,36119,35620,3655530,"IFA Albany-Schenectady-Troy, NY",0.665958,
ifa_ny_k5,10566,ifa,NY,IFA,IFA_05,IFA,,36119,35620,3656979,"IFA Albany-Schenectady-Troy, NY",4.40749,
ifa_ny_k5,10567,ifa,NY,IFA,IFA_05,IFA,,36119,35620,3619092,"IFA Albany-Schenectady-Troy, NY",0.0,no cell in the extract: territory at zero opportunity
ifa_ny_k5,10570,ifa,NY,IFA,IFA_05,IFA,,36119,35620,3658728,"IFA Albany-Schenectady-Troy, NY",0.192696,
ifa_ny_k5,10573,ifa,NY,IFA,IFA_02,IFA,,36119,35620,3664325,"IFA New York-Newark-Jersey City, NY-NJ (2)",62.9223,
ifa_ny_k5,10576,ifa,NY,IFA,IFA_05,IFA,,36119,35620,3665948,"IFA Albany-Schenectady-Troy, NY",3.30782,
ifa_ny_k5,10577,ifa,NY,IFA,IFA_02,IFA,,36119,35620,3632402,"IFA New York-Newark-Jersey City, NY-NJ (2)",2.61458,
ifa_ny_k5,10578,ifa,NY,IFA,IFA_05,IFA,,36119,35620,,"IFA Albany-Schenectady-Troy, NY",0.0,no cell in the extract: territory at zero opportunity
ifa_ny_k5,10579,ifa,NY,IFA,IFA_05,IFA,,36079,35620,,"IFA Albany-Schenectady-Troy, NY",0.0,no cell in the extract: territory at zero opportunity
ifa_ny_k5,10580,ifa,NY,IFA,IFA_02,IFA,,36119,35620,3664309,"IFA New York-Newark-Jersey City, NY-NJ (2)",3.79388,
ifa_ny_k5,10583,ifa,NY,IFA,IFA_02,IFA,,36119,35620,3665431,"IFA New York-Newark-Jersey City, NY-NJ (2)",5.38926,
ifa_ny_k5,10588,ifa,NY,IFA,IFA_05,IFA,,36119,35620,3667279,"IFA Albany-Schenectady-Troy, NY",0.0,no cell in the extract: territory at zero opportunity
ifa_ny_k5,10589,ifa,NY,IFA,IFA_05,IFA,,36119,35620,3634118,"IFA Albany-Schenectady-Troy, NY",1.35023,
ifa_ny_k5,10590,ifa,NY,IFA,IFA_05,IFA,,36119,35620,,"IFA Albany-Schenectady-Troy, NY",0.0,no cell in the extract: territory at zero opportunity
ifa_ny_k5,10591,ifa,NY,IFA,IFA_05,IFA,,36119,35620,3673176,"IFA Albany-Schenectady-Troy, NY",92.5338,
ifa_ny_k5,10594,ifa,NY,IFA,IFA_05,IFA,,36119,35620,3673715,"IFA Albany-Schenectady-Troy, NY",0.0613342,
ifa_ny_k5,10595,ifa,NY,IFA,IFA_05,IFA,,36119,35620,3676639,"IFA Albany-Schenectady-Troy, NY",7.44305,
ifa_ny_k5,10596,ifa,NY,IFA,IFA_05,IFA,,36119,35620,3677211,"IFA Albany-Schenectady-Troy, NY",0.0,no cell in the extract: territory at zero opportunity
ifa_ny_k5,10597,ifa,NY,IFA,IFA_05,IFA,,36119,35620,,"IFA Albany-Schenectady-Troy, NY",0.0673766,
ifa_ny_k5,10598,ifa,NY,IFA,IFA_05,IFA,,36119,35620,3638500,"IFA Albany-Schenectady-Troy, NY",3.51935,
ifa_ny_k5,10601,ifa,NY,IFA,IFA_02,IFA,,36119,35620,3681677,"IFA New York-Newark-Jersey City, NY-NJ (2)",17.997,
ifa_ny_k5,10603,ifa,NY,IFA,IFA_02,IFA,,36119,35620,3681677,"IFA New York-Newark-Jersey City, NY-NJ (2)",10.6668,
ifa_ny_k5,10604,ifa,NY,IFA,IFA_02,IFA,,36119,35620,3632402,"IFA New York-Newark-Jersey City, NY-NJ (2)",31.8472,
ifa_ny_k5,10605,ifa,NY,IFA,IFA_02,IFA,,36119,35620,3681677,"IFA New York-Newark-Jersey City, NY-NJ (2)",0.537538,
ifa_ny_k5,10606,ifa,NY,IFA,IFA_02,IFA,,36119,35620,3681677,"IFA New York-Newark-Jersey City, NY-NJ (2)",0.397725,
ifa_ny_k5,10607,ifa,NY,IFA,IFA_02,IFA,,36119,35620,3625120,"IFA New York-Newark-Jersey City, NY-NJ (2)",4.9923,
ifa_ny_k5,10701,ifa,NY,IFA,IFA_02,IFA,,36119,35620,3684000,"IFA New York-Newark-Jersey City, NY-NJ (2)",2.89247,
ifa_ny_k5,10703,ifa,NY,IFA,IFA_02,IFA,,36119,35620,3684000,"IFA New York-Newark-Jersey City, NY-NJ (2)",0.5676,
ifa_ny_k5,10704,ifa,NY,IFA,IFA_02,IFA,,36119,35620,3684000,"IFA New York-Newark-Jersey City, NY-NJ (2)",6.12358,
ifa_ny_k5,10705,ifa,NY,IFA,IFA_02,IFA,,36119,35620,3684000,"IFA New York-Newark-Jersey City, NY-NJ (2)",0.0,no cell in the extract: territory at zero opportunity
ifa_ny_k5,10706,ifa,NY,IFA,IFA_02,IFA,,36119,35620,3632710,"IFA New York-Newark-Jersey City, NY-NJ (2)",0.0,no cell in the extract: territory at zero opportunity
ifa_ny_k5,10707,ifa,NY,IFA,IFA_02,IFA,,36119,35620,3684000,"IFA New York-Newark-Jersey City, NY-NJ (2)",0.0,no cell in the extract: territory at zero opportunity
ifa_ny_k5,10708,ifa,NY,IFA,IFA_02,IFA,,36119,35620,3684000,"IFA New York-Newark-Jersey City, NY-NJ (2)",0.0357953,
ifa_ny_k5,10709,ifa,NY,IFA,IFA_02,IFA,,36119,35620,3621809,"IFA New York-Newark-Jersey City, NY-NJ (2)",0.717823,
ifa_ny_k5,10710,ifa,NY,IFA,IFA_02,IFA,,36119,35620,3684000,"IFA New York-Newark-Jersey City, NY-NJ (2)",9.86831,
ifa_ny_k5,10801,ifa,NY,IFA,IFA_02,IFA,,36119,35620,3650617,"IFA New York-Newark-Jersey City, NY-NJ (2)",3.35895,
ifa_ny_k5,10803,ifa,NY,IFA,IFA_02,IFA,,36119,35620,3657023,"IFA New York-Newark-Jersey City, NY-NJ (2)",0.0,no cell in the extract: territory at zero opportunity
ifa_ny_k5,10804,ifa,NY,IFA,IFA_02,IFA,,36119,35620,3650617,"IFA New York-Newark-Jersey City, NY-NJ (2)",7.90058,
ifa_ny_k5,10805,ifa,NY,IFA,IFA_02,IFA,,36119,35620,3650617,"IFA New York-Newark-Jersey City, NY-NJ (2)",0.0,no cell in the extract: territory at zero opportunity
ifa_ny_k5,10901,ifa,NY,IFA,IFA_05,IFA,,36087,35620,3648090,"IFA Albany-Schenectady-Troy, NY",5.96031,
ifa_ny_k5,10910,ifa,NY,IFA,IFA_05,IFA,,36071,28880,3675779,"IFA Albany-Schenectady-Troy, NY",0.0,no cell in the extract: territory at zero opportunity
ifa_ny_k5,10911,ifa,NY,IFA,IFA_05,IFA,,36087,35620,,"IFA Albany-Schenectady-Troy, NY",0.0,no cell in the extract: territory at zero opportunity
ifa_ny_k5,10913,ifa,NY,IFA,IFA_05,IFA,,36087,35620,3606860,"IFA Albany-Schenectady-Troy, NY",0.0,no cell in the extract: territory at zero opportunity
ifa_ny_k5,10914,ifa,NY,IFA,IFA_05,IFA,,36071,28880,,"IFA Albany-Schenectady-Troy, NY",0.0,no cell in the extract: territory at zero opportunity
ifa_ny_k5,10915,ifa,NY,IFA,IFA_05,IFA,,36071,28880,,"IFA Albany-Schenectady-Troy, NY",0.0,no cell in the extract: territory at zero opportunity
ifa_ny_k5,10916,ifa,NY,IFA,IFA_05,IFA,,36071,28880,3646162,"IFA Albany-Schenectady-Troy, NY",3.39819,
ifa_ny_k5,10917,ifa,NY,IFA,IFA_05,IFA,,36071,28880,3682750,"IFA Albany-Schenectady-Troy, NY",0.0,no cell in the extract: territory at zero opportunity
ifa_ny_k5,10918,ifa,NY,IFA,IFA_05,IFA,,36071,28880,3615297,"IFA Albany-Schenectady-Troy, NY",0.0,no cell in the extract: territory at zero opportunity
ifa_ny_k5,10919,ifa,NY,IFA,IFA_05,IFA,,36071,28880,,"IFA Albany-Schenectady-Troy, NY",0.0,no cell in the extract: territory at zero opportunity
ifa_ny_k5,10920,ifa,NY,IFA,IFA_05,IFA,,36087,35620,3617739,"IFA Albany-Schenectady-Troy, NY",0.0,no cell in the extract: territory at zero opportunity
ifa_ny_k5,10921,ifa,NY,IFA,IFA_05,IFA,,36071,28880,3626319,"IFA Albany-Schenectady-Troy, NY",0.0,no cell in the extract: territory at zero opportunity
ifa_ny_k5,10922,ifa,NY,IFA,IFA_05,IFA,,36071,28880,3626902,"IFA Albany-Schenectady-Troy, NY",0.0,no cell in the extract: territory at zero opportunity
ifa_ny_k5,10923,ifa,NY,IFA,IFA_05,IFA,,36087,35620,3680203,"IFA Albany-Schenectady-Troy, NY",0.0143181,
ifa_ny_k5,10924,ifa,NY,IFA,IFA_05,IFA,,36071,28880,3629542,"IFA Albany-Schenectady-Troy, NY",7.66225,
ifa_ny_k5,10925,ifa,NY,IFA,IFA_05,IFA,,36071,28880,3630752,"IFA Albany-Schenectady-Troy, NY",0.0,no cell in the extract: territory at zero opportunity
ifa_ny_k5,10926,ifa,NY,IFA,IFA_05,IFA,,36071,28880,3675779,"IFA Albany-Schenectady-Troy, NY",0.0,no cell in the extract: territory at zero opportunity
ifa_ny_k5,10927,ifa,NY,IFA,IFA_05,IFA,,36087,35620,3632754,"IFA Albany-Schenectady-Troy, NY",0.0,no cell in the extract: territory at zero opportunity
ifa_ny_k5,10928,ifa,NY,IFA,IFA_05,IFA,,36071,28880,3680747,"IFA Albany-Schenectady-Troy, NY",0.0,no cell in the extract: territory at zero opportunity
ifa_ny_k5,10930,ifa,NY,IFA,IFA_05,IFA,,36071,28880,3682750,"IFA Albany-Schenectady-Troy, NY",0.0,no cell in the extract: territory at zero opportunity
ifa_ny_k5,10931,ifa,NY,IFA,IFA_05,IFA,,36087,35620,3634660,"IFA Albany-Schenectady-Troy, NY",0.0,no cell in the extract: territory at zero opportunity
ifa_ny_k5,10932,ifa,NY,IFA,IFA_05,IFA,,36071,28880,,"IFA Albany-Schenectady-Troy, NY",0.0,no cell in the extract: territory at zero opportunity
ifa_ny_k5,10933,ifa,NY,IFA,IFA_05,IFA,,36071,28880,,"IFA Albany-Schenectady-Troy, NY",0.0,no cell in the extract: territory at zero opportunity
ifa_ny_k5,10940,ifa,NY,IFA,IFA_05,IFA,,36071,28880,3647042,"IFA Albany-Schenectady-Troy, NY",1.41347,
ifa_ny_k5,10941,ifa,NY,IFA,IFA_05,IFA,,36071,28880,3665882,"IFA Albany-Schenectady-Troy, NY",5.19745,
ifa_ny_k5,10950,ifa,NY,IFA,IFA_05,IFA,,36071,28880,3668610,"IFA Albany-Schenectady-Troy, NY",0.199197,
ifa_ny_k5,10952,ifa,NY,IFA,IFA_05,IFA,,36087,35620,3600408,"IFA Albany-Schenectady-Troy, NY",0.0318382,
ifa_ny_k5,10953,ifa,NY,IFA,IFA_05,IFA,,36071,28880,,"IFA Albany-Schenectady-Troy, NY",0.0,no cell in the extract: territory at zero opportunity
ifa_ny_k5,10954,ifa,NY,IFA,IFA_05,IFA,,36087,35620,3649407,"IFA Albany-Schenectady-Troy, NY",5.06881,
ifa_ny_k5,10956,ifa,NY,IFA,IFA_05,IFA,,36087,35620,3650100,"IFA Albany-Schenectady-Troy, NY",6.36593,
ifa_ny_k5,10958,ifa,NY,IFA,IFA_05,IFA,,36071,28880,,"IFA Albany-Schenectady-Troy, NY",0.139204,
ifa_ny_k5,10960,ifa,NY,IFA,IFA_05,IFA,,36087,35620,3676386,"IFA Albany-Schenectady-Troy, NY",1.16954,
ifa_ny_k5,10962,ifa,NY,IFA,IFA_05,IFA,,36087,35620,3655167,"IFA Albany-Schenectady-Troy, NY",0.0854886,
ifa_ny_k5,10963,ifa,NY,IFA,IFA_05,IFA,,36071,28880,3655673,"IFA Albany-Schenectady-Troy, NY",0.0,no cell in the extract: territory at zero opportunity
ifa_ny_k5,10964,ifa,NY,IFA,IFA_05,IFA,,36087,35620,3673154,"IFA Albany-Schenectady-Troy, NY",0.0,no cell in the extract: territory at zero opportunity
ifa_ny_k5,10965,ifa,NY,IFA,IFA_05,IFA,,36087,35620,3656902,"IFA Albany-Schenectady-Troy, NY",10.3609,
ifa_ny_k5,10968,ifa,NY,IFA,IFA_05,IFA,,36087,35620,3657749,"IFA Albany-Schenectady-Troy, NY",0.0,no cell in the extract: territory at zero opportunity
ifa_ny_k5,10969,ifa,NY,IFA,IFA_05,IFA,,36071,28880,,"IFA Albany-Schenectady-Troy, NY",0.0,no cell in the extract: territory at zero opportunity
ifa_ny_k5,10970,ifa,NY,IFA,IFA_05,IFA,,36087,35620,3658992,"IFA Albany-Schenectady-Troy, NY",0.0,no cell in the extract: territory at zero opportunity
ifa_ny_k5,10973,ifa,NY,IFA,IFA_05,IFA,,36071,28880,,"IFA Albany-Schenectady-Troy, NY",0.0,no cell in the extract: territory at zero opportunity
ifa_ny_k5,10974,ifa,NY,IFA,IFA_05,IFA,,36087,35620,3667708,"IFA Albany-Schenectady-Troy, NY",0.0,no cell in the extract: territory at zero opportunity
ifa_ny_k5,10975,ifa,NY,IFA,IFA_05,IFA,,36071,28880,3675779,"IFA Albany-Schenectady-Troy, NY",0.0,no cell in the extract: territory at zero opportunity
ifa_ny_k5,10976,ifa,NY,IFA,IFA_05,IFA,,36087,35620,3655167,"IFA Albany-Schenectady-Troy, NY",0.0,no cell in the extract: territory at zero opportunity
ifa_ny_k5,10977,ifa,NY,IFA,IFA_05,IFA,,36087,35620,3615400,"IFA Albany-Schenectady-Troy, NY",0.902507,
ifa_ny_k5,10979,ifa,NY,IFA,IFA_05,IFA,,36071,28880,,"IFA Albany-Schenectady-Troy, NY",0.0,no cell in the extract: territory at zero opportunity
ifa_ny_k5,10980,ifa,NY,IFA,IFA_05,IFA,,36087,35620,3671663,"IFA Albany-Schenectady-Troy, NY",0.850659,
ifa_ny_k5,10983,ifa,NY,IFA,IFA_05,IFA,,36087,35620,3673154,"IFA Albany-Schenectady-Troy, NY",0.0,no cell in the extract: territory at zero opportunity
ifa_ny_k5,10984,ifa,NY,IFA,IFA_05,IFA,,36087,35620,3673583,"IFA Albany-Schenectady-Troy, NY",0.0,no cell in the extract: territory at zero opportunity
ifa_ny_k5,10985,ifa,NY,IFA,IFA_05,IFA,,36071,28880,,"IFA Albany-Schenectady-Troy, NY",0.0,no cell in the extract: territory at zero opportunity
ifa_ny_k5,10986,ifa,NY,IFA,IFA_05,IFA,,36087,35620,3682750,"IFA Albany-Schenectady-Troy, NY",0.0,no cell in the extract: territory at zero opportunity
ifa_ny_k5,10987,ifa,NY,IFA,IFA_05,IFA,,36071,28880,3675779,"IFA Albany-Schenectady-Troy, NY",0.0,no cell in the extract: territory at zero opportunity
ifa_ny_k5,10988,ifa,NY,IFA,IFA_05,IFA,,36071,28880,3676210,"IFA Albany-Schenectady-Troy, NY",0.0,no cell in the extract: territory at zero opportunity
ifa_ny_k5,10989,ifa,NY,IFA,IFA_05,IFA,,36087,35620,3676661,"IFA Albany-Schenectady-Troy, NY",0.0143181,
ifa_ny_k5,10990,ifa,NY,IFA,IFA_05,IFA,,36071,28880,3678355,"IFA Albany-Schenectady-Troy, NY",0.0345164,
ifa_ny_k5,10992,ifa,NY,IFA,IFA_05,IFA,,36071,28880,3678465,"IFA Albany-Schenectady-Troy, NY",4.73037,
ifa_ny_k5,10993,ifa,NY,IFA,IFA_05,IFA,,36087,35620,3680203,"IFA Albany-Schenectady-Troy, NY",0.516659,
ifa_ny_k5,10994,ifa,NY,IFA,IFA_05,IFA,,36087,35620,3680599,"IFA Albany-Schenectady-Troy, NY",0.00692042,
ifa_ny_k5,10996,ifa,NY,IFA,IFA_05,IFA,,36071,28880,3680747,"IFA Albany-Schenectady-Troy, NY",0.0,no cell in the extract: territory at zero opportunity
ifa_ny_k5,10998,ifa,NY,IFA,IFA_05,IFA,,36071,28880,,"IFA Albany-Schenectady-Troy, NY",0.0,no cell in the extract: territory at zero opportunity
ifa_ny_k5,11001,ifa,NY,IFA,IFA_01,IFA,,36059,35620,3626264,"IFA New York-Newark-Jersey City, NY-NJ (1)",0.211952,
ifa_ny_k5,11003,ifa,NY,IFA,IFA_01,IFA,,36059,35620,3624273,"IFA New York-Newark-Jersey City, NY-NJ (1)",0.0,no cell in the extract: territory at zero opportunity
ifa_ny_k5,11004,ifa,NY,IFA,IFA_03,IFA,,36081,35620,3651000,"IFA New York-Newark-Jersey City, NY-NJ (3)",0.0168636,
ifa_ny_k5,11005,ifa,NY,IFA,IFA_03,IFA,,36081,35620,3651000,"IFA New York-Newark-Jersey City, NY-NJ (3)",0.0,no cell in the extract: territory at zero opportunity
ifa_ny_k5,11010,ifa,NY,IFA,IFA_01,IFA,,36059,35620,3627309,"IFA New York-Newark-Jersey City, NY-NJ (1)",0.441133,
ifa_ny_k5,11020,ifa,NY,IFA,IFA_03,IFA,,36059,35620,3640937,"IFA New York-Newark-Jersey City, NY-NJ (3)",0.0896852,
ifa_ny_k5,11021,ifa,NY,IFA,IFA_03,IFA,,36059,35620,3630191,"IFA New York-Newark-Jersey City, NY-NJ (3)",13.3214,
ifa_ny_k5,11023,ifa,NY,IFA,IFA_03,IFA,,36059,35620,3630169,"IFA New York-Newark-Jersey City, NY-NJ (3)",0.005701,
ifa_ny_k5,11024,ifa,NY,IFA,IFA_03,IFA,,36059,35620,3639694,"IFA New York-Newark-Jersey City, NY-NJ (3)",0.0,no cell in the extract: territory at zero opportunity
ifa_ny_k5,11030,ifa,NY,IFA,IFA_03,IFA,,36059,35620,3644897,"IFA New York-Newark-Jersey City, NY-NJ (3)",24.7183,
ifa_ny_k5,11040,ifa,NY,IFA,IFA_03,IFA,,36059,35620,3653275,"IFA New York-Newark-Jersey City, NY-NJ (3)",7.54429,
ifa_ny_k5,11042,ifa,NY,IFA,IFA_03,IFA,,36059,35620,3640937,"IFA New York-Newark-Jersey City, NY-NJ (3)",4.13067,
ifa_ny_k5,11050,ifa,NY,IFA,IFA_03,IFA,,36059,35620,3665035,"IFA New York-Newark-Jersey City, NY-NJ (3)",0.438452,
ifa_ny_k5,11096,ifa,NY,IFA,IFA_01,IFA,,36059,35620,3637583,"IFA New York-Newark-Jersey City, NY-NJ (1)",0.0,no cell in the extract: territory at zero opportunity
ifa_ny_k5,11101,ifa,NY,IFA,IFA_03,IFA,,36081,35620,3651000,"IFA New York-Newark-Jersey City, NY-NJ (3)",6.51552,
ifa_ny_k5,11102,ifa,NY,IFA,IFA_03,IFA,,36081,35620,3651000,"IFA New York-Newark-Jersey City, NY-NJ (3)",0.0,no cell in the extract: territory at zero opportunity
ifa_ny_k5,11103,ifa,NY,IFA,IFA_03,IFA,,36081,35620,3651000,"IFA New York-Newark-Jersey City, NY-NJ (3)",0.902682,
ifa_ny_k5,11104,ifa,NY,IFA,IFA_03,IFA,,36081,35620,3651000,"IFA New York-Newark-Jersey City, NY-NJ (3)",0.637654,
ifa_ny_k5,11105,ifa,NY,IFA,IFA_03,IFA,,36081,35620,3651000,"IFA New York-Newark-Jersey City, NY-NJ (3)",1.10725,
ifa_ny_k5,11106,ifa,NY,IFA,IFA_03,IFA,,36081,35620,3651000,"IFA New York-Newark-Jersey City, NY-NJ (3)",5.60175,
ifa_ny_k5,11109,ifa,NY,IFA,IFA_03,IFA,,36081,35620,3651000,"IFA New York-Newark-Jersey City, NY-NJ (3)",0.0,no cell in the extract: territory at zero opportunity
ifa_ny_k5,11201,ifa,NY,IFA,IFA_03,IFA,,36047,35620,3651000,"IFA New York-Newark-Jersey City, NY-NJ (3)",1.39374,
ifa_ny_k5,11203,ifa,NY,IFA,IFA_03,IFA,,36047,35620,3651000,"IFA New York-Newark-Jersey City, NY-NJ (3)",0.0,no cell in the extract: territory at zero opportunity
ifa_ny_k5,11204,ifa,NY,IFA,IFA_03,IFA,,36047,35620,3651000,"IFA New York-Newark-Jersey City, NY-NJ (3)",11.88,
ifa_ny_k5,11205,ifa,NY,IFA,IFA_03,IFA,,36047,35620,3651000,"IFA New York-Newark-Jersey City, NY-NJ (3)",0.0494022,
ifa_ny_k5,11206,ifa,NY,IFA,IFA_03,IFA,,36047,35620,3651000,"IFA New York-Newark-Jersey City, NY-NJ (3)",0.0,no cell in the extract: territory at zero opportunity
ifa_ny_k5,11207,ifa,NY,IFA,IFA_03,IFA,,36047,35620,3651000,"IFA New York-Newark-Jersey City, NY-NJ (3)",0.0,no cell in the extract: territory at zero opportunity
ifa_ny_k5,11208,ifa,NY,IFA,IFA_03,IFA,,36047,35620,3651000,"IFA New York-Newark-Jersey City, NY-NJ (3)",0.0,no cell in the extract: territory at zero opportunity
ifa_ny_k5,11209,ifa,NY,IFA,IFA_03,IFA,,36047,35620,3651000,"IFA New York-Newark-Jersey City, NY-NJ (3)",32.6473,
ifa_ny_k5,11210,ifa,NY,IFA,IFA_03,IFA,,36047,35620,3651000,"IFA New York-Newark-Jersey City, NY-NJ (3)",0.0994313,
ifa_ny_k5,11211,ifa,NY,IFA,IFA_03,IFA,,36047,35620,3651000,"IFA New York-Newark-Jersey City, NY-NJ (3)",0.514041,
ifa_ny_k5,11212,ifa,NY,IFA,IFA_03,IFA,,36047,35620,3651000,"IFA New York-Newark-Jersey City, NY-NJ (3)",0.0,no cell in the extract: territory at zero opportunity
ifa_ny_k5,11213,ifa,NY,IFA,IFA_03,IFA,,36047,35620,3651000,"IFA New York-Newark-Jersey City, NY-NJ (3)",0.0,no cell in the extract: territory at zero opportunity
ifa_ny_k5,11214,ifa,NY,IFA,IFA_03,IFA,,36047,35620,3651000,"IFA New York-Newark-Jersey City, NY-NJ (3)",6.33215,
ifa_ny_k5,11215,ifa,NY,IFA,IFA_03,IFA,,36047,35620,3651000,"IFA New York-Newark-Jersey City, NY-NJ (3)",0.0,no cell in the extract: territory at zero opportunity
ifa_ny_k5,11216,ifa,NY,IFA,IFA_03,IFA,,36047,35620,3651000,"IFA New York-Newark-Jersey City, NY-NJ (3)",0.0,no cell in the extract: territory at zero opportunity
ifa_ny_k5,11217,ifa,NY,IFA,IFA_03,IFA,,36047,35620,3651000,"IFA New York-Newark-Jersey City, NY-NJ (3)",0.0,no cell in the extract: territory at zero opportunity
ifa_ny_k5,11218,ifa,NY,IFA,IFA_03,IFA,,36047,35620,3651000,"IFA New York-Newark-Jersey City, NY-NJ (3)",0.545092,
ifa_ny_k5,11219,ifa,NY,IFA,IFA_03,IFA,,36047,35620,3651000,"IFA New York-Newark-Jersey City, NY-NJ (3)",3.17392,
ifa_ny_k5,11220,ifa,NY,IFA,IFA_03,IFA,,36047,35620,3651000,"IFA New York-Newark-Jersey City, NY-NJ (3)",0.0397725,
ifa_ny_k5,11221,ifa,NY,IFA,IFA_03,IFA,,36047,35620,3651000,"IFA New York-Newark-Jersey City, NY-NJ (3)",0.0,no cell in the extract: territory at zero opportunity
ifa_ny_k5,11222,ifa,NY,IFA,IFA_03,IFA,,36047,35620,3651000,"IFA New York-Newark-Jersey City, NY-NJ (3)",0.0,no cell in the extract: territory at zero opportunity
ifa_ny_k5,11223,ifa,NY,IFA,IFA_03,IFA,,36047,35620,3651000,"IFA New York-Newark-Jersey City, NY-NJ (3)",3.39001,
ifa_ny_k5,11224,ifa,NY,IFA,IFA_03,IFA,,36047,35620,3651000,"IFA New York-Newark-Jersey City, NY-NJ (3)",0.0,no cell in the extract: territory at zero opportunity
ifa_ny_k5,11225,ifa,NY,IFA,IFA_03,IFA,,36047,35620,3651000,"IFA New York-Newark-Jersey City, NY-NJ (3)",0.0,no cell in the extract: territory at zero opportunity
ifa_ny_k5,11226,ifa,NY,IFA,IFA_03,IFA,,36047,35620,3651000,"IFA New York-Newark-Jersey City, NY-NJ (3)",0.00221893,
ifa_ny_k5,11228,ifa,NY,IFA,IFA_03,IFA,,36047,35620,3651000,"IFA New York-Newark-Jersey City, NY-NJ (3)",8.37761,
ifa_ny_k5,11229,ifa,NY,IFA,IFA_03,IFA,,36047,35620,3651000,"IFA New York-Newark-Jersey City, NY-NJ (3)",4.17907,
ifa_ny_k5,11230,ifa,NY,IFA,IFA_03,IFA,,36047,35620,3651000,"IFA New York-Newark-Jersey City, NY-NJ (3)",3.45132,
ifa_ny_k5,11231,ifa,NY,IFA,IFA_03,IFA,,36047,35620,3651000,"IFA New York-Newark-Jersey City, NY-NJ (3)",0.0,no cell in the extract: territory at zero opportunity
ifa_ny_k5,11232,ifa,NY,IFA,IFA_03,IFA,,36047,35620,3651000,"IFA New York-Newark-Jersey City, NY-NJ (3)",0.709689,
ifa_ny_k5,11233,ifa,NY,IFA,IFA_03,IFA,,36047,35620,3651000,"IFA New York-Newark-Jersey City, NY-NJ (3)",0.0,no cell in the extract: territory at zero opportunity
ifa_ny_k5,11234,ifa,NY,IFA,IFA_03,IFA,,36047,35620,3651000,"IFA New York-Newark-Jersey City, NY-NJ (3)",0.393333,
ifa_ny_k5,11235,ifa,NY,IFA,IFA_03,IFA,,36047,35620,3651000,"IFA New York-Newark-Jersey City, NY-NJ (3)",0.776429,
ifa_ny_k5,11236,ifa,NY,IFA,IFA_03,IFA,,36047,35620,3651000,"IFA New York-Newark-Jersey City, NY-NJ (3)",0.457384,
ifa_ny_k5,11237,ifa,NY,IFA,IFA_03,IFA,,36047,35620,3651000,"IFA New York-Newark-Jersey City, NY-NJ (3)",0.0,no cell in the extract: territory at zero opportunity
ifa_ny_k5,11238,ifa,NY,IFA,IFA_03,IFA,,36047,35620,3651000,"IFA New York-Newark-Jersey City, NY-NJ (3)",0.0,no cell in the extract: territory at zero opportunity
ifa_ny_k5,11239,ifa,NY,IFA,IFA_03,IFA,,36047,35620,3651000,"IFA New York-Newark-Jersey City, NY-NJ (3)",0.0,no cell in the extract: territory at zero opportunity
ifa_ny_k5,11249,ifa,NY,IFA,IFA_03,IFA,,36047,35620,3651000,"IFA New York-Newark-Jersey City, NY-NJ (3)",0.00636361,
ifa_ny_k5,11354,ifa,NY,IFA,IFA_03,IFA,,36081,35620,3651000,"IFA New York-Newark-Jersey City, NY-NJ (3)",12.331,
ifa_ny_k5,11355,ifa,NY,IFA,IFA_03,IFA,,36081,35620,3651000,"IFA New York-Newark-Jersey City, NY-NJ (3)",2.2803,
ifa_ny_k5,11356,ifa,NY,IFA,IFA_03,IFA,,36081,35620,3651000,"IFA New York-Newark-Jersey City, NY-NJ (3)",0.0,no cell in the extract: territory at zero opportunity
ifa_ny_k5,11357,ifa,NY,IFA,IFA_03,IFA,,36081,35620,3651000,"IFA New York-Newark-Jersey City, NY-NJ (3)",0.531669,
ifa_ny_k5,11358,ifa,NY,IFA,IFA_03,IFA,,36081,35620,3651000,"IFA New York-Newark-Jersey City, NY-NJ (3)",0.047727,
ifa_ny_k5,11359,ifa,NY,IFA,IFA_03,IFA,,36081,35620,3651000,"IFA New York-Newark-Jersey City, NY-NJ (3)",0.0,no cell in the extract: territory at zero opportunity
ifa_ny_k5,11360,ifa,NY,IFA,IFA_03,IFA,,36081,35620,3651000,"IFA New York-Newark-Jersey City, NY-NJ (3)",7.73858,
ifa_ny_k5,11361,ifa,NY,IFA,IFA_03,IFA,,36081,35620,3651000,"IFA New York-Newark-Jersey City, NY-NJ (3)",1.13175,
ifa_ny_k5,11362,ifa,NY,IFA,IFA_03,IFA,,36081,35620,3651000,"IFA New York-Newark-Jersey City, NY-NJ (3)",0.031818,
ifa_ny_k5,11363,ifa,NY,IFA,IFA_03,IFA,,36081,35620,3651000,"IFA New York-Newark-Jersey City, NY-NJ (3)",0.0,no cell in the extract: territory at zero opportunity
ifa_ny_k5,11364,ifa,NY,IFA,IFA_03,IFA,,36081,35620,3651000,"IFA New York-Newark-Jersey City, NY-NJ (3)",0.0,no cell in the extract: territory at zero opportunity
ifa_ny_k5,11365,ifa,NY,IFA,IFA_03,IFA,,36081,35620,3651000,"IFA New York-Newark-Jersey City, NY-NJ (3)",0.327593,
ifa_ny_k5,11366,ifa,NY,IFA,IFA_03,IFA,,36081,35620,3651000,"IFA New York-Newark-Jersey City, NY-NJ (3)",0.0374619,
ifa_ny_k5,11367,ifa,NY,IFA,IFA_03,IFA,,36081,35620,3651000,"IFA New York-Newark-Jersey City, NY-NJ (3)",0.00731815,
ifa_ny_k5,11368,ifa,NY,IFA,IFA_03,IFA,,36081,35620,3651000,"IFA New York-Newark-Jersey City, NY-NJ (3)",0.0,no cell in the extract: territory at zero opportunity
ifa_ny_k5,11369,ifa,NY,IFA,IFA_03,IFA,,36081,35620,3651000,"IFA New York-Newark-Jersey City, NY-NJ (3)",0.0,no cell in the extract: territory at zero opportunity
ifa_ny_k5,11370,ifa,NY,IFA,IFA_03,IFA,,36081,35620,3651000,"IFA New York-Newark-Jersey City, NY-NJ (3)",0.0,no cell in the extract: territory at zero opportunity
ifa_ny_k5,11371,ifa,NY,IFA,IFA_03,IFA,,36081,35620,3651000,"IFA New York-Newark-Jersey City, NY-NJ (3)",0.0,no cell in the extract: territory at zero opportunity
ifa_ny_k5,11372,ifa,NY,IFA,IFA_03,IFA,,36081,35620,3651000,"IFA New York-Newark-Jersey City, NY-NJ (3)",0.889988,
ifa_ny_k5,11373,ifa,NY,IFA,IFA_03,IFA,,36081,35620,3651000,"IFA New York-Newark-Jersey City, NY-NJ (3)",6.70674,
ifa_ny_k5,11374,ifa,NY,IFA,IFA_03,IFA,,36081,35620,3651000,"IFA New York-Newark-Jersey City, NY-NJ (3)",0.459306,
ifa_ny_k5,11375,ifa,NY,IFA,IFA_03,IFA,,36081,35620,3651000,"IFA New York-Newark-Jersey City, NY-NJ (3)",1.91975,
ifa_ny_k5,11377,ifa,NY,IFA,IFA_03,IFA,,36081,35620,3651000,"IFA New York-Newark-Jersey City, NY-NJ (3)",0.706903,
ifa_ny_k5,11378,ifa,NY,IFA,IFA_03,IFA,,36081,35620,3651000,"IFA New York-Newark-Jersey City, NY-NJ (3)",0.00298294,
ifa_ny_k5,11379,ifa,NY,IFA,IFA_03,IFA,,36081,35620,3651000,"IFA New York-Newark-Jersey City, NY-NJ (3)",0.0510262,
ifa_ny_k5,11385,ifa,NY,IFA,IFA_03,IFA,,36081,35620,3651000,"IFA New York-Newark-Jersey City, NY-NJ (3)",1.19432,
ifa_ny_k5,11411,ifa,NY,IFA,IFA_03,IFA,,36081,35620,3651000,"IFA New York-Newark-Jersey City, NY-NJ (3)",0.0,no cell in the extract: territory at zero opportunity
ifa_ny_k5,11412,ifa,NY,IFA,IFA_03,IFA,,36081,35620,3651000,"IFA New York-Newark-Jersey City, NY-NJ (3)",0.0,no cell in the extract: territory at zero opportunity
ifa_ny_k5,11413,ifa,NY,IFA,IFA_03,IFA,,36081,35620,3651000,"IFA New York-Newark-Jersey City, NY-NJ (3)",0.949533,
ifa_ny_k5,11414,ifa,NY,IFA,IFA_03,IFA,,36081,35620,3651000,"IFA New York-Newark-Jersey City, NY-NJ (3)",3.32329,
ifa_ny_k5,11415,ifa,NY,IFA,IFA_03,IFA,,36081,35620,3651000,"IFA New York-Newark-Jersey City, NY-NJ (3)",0.0,no cell in the extract: territory at zero opportunity
ifa_ny_k5,11416,ifa,NY,IFA,IFA_03,IFA,,36081,35620,3651000,"IFA New York-Newark-Jersey City, NY-NJ (3)",3.0083,
ifa_ny_k5,11417,ifa,NY,IFA,IFA_03,IFA,,36081,35620,3651000,"IFA New York-Newark-Jersey City, NY-NJ (3)",0.454894,
ifa_ny_k5,11418,ifa,NY,IFA,IFA_03,IFA,,36081,35620,3651000,"IFA New York-Newark-Jersey City, NY-NJ (3)",0.0,no cell in the extract: territory at zero opportunity
ifa_ny_k5,11419,ifa,NY,IFA,IFA_03,IFA,,36081,35620,3651000,"IFA New York-Newark-Jersey City, NY-NJ (3)",0.618146,
ifa_ny_k5,11420,ifa,NY,IFA,IFA_03,IFA,,36081,35620,3651000,"IFA New York-Newark-Jersey City, NY-NJ (3)",0.0,no cell in the extract: territory at zero opportunity
ifa_ny_k5,11421,ifa,NY,IFA,IFA_03,IFA,,36081,35620,3651000,"IFA New York-Newark-Jersey City, NY-NJ (3)",0.0,no cell in the extract: territory at zero opportunity
ifa_ny_k5,11422,ifa,NY,IFA,IFA_03,IFA,,36081,35620,3651000,"IFA New York-Newark-Jersey City, NY-NJ (3)",0.0,no cell in the extract: territory at zero opportunity
ifa_ny_k5,11423,ifa,NY,IFA,IFA_03,IFA,,36081,35620,3651000,"IFA New York-Newark-Jersey City, NY-NJ (3)",0.0,no cell in the extract: territory at zero opportunity
ifa_ny_k5,11424,ifa,NY,IFA,IFA_03,IFA,,36081,35620,3651000,"IFA New York-Newark-Jersey City, NY-NJ (3)",0.0,no cell in the extract: territory at zero opportunity
ifa_ny_k5,11426,ifa,NY,IFA,IFA_03,IFA,,36081,35620,3651000,"IFA New York-Newark-Jersey City, NY-NJ (3)",0.0,no cell in the extract: territory at zero opportunity
ifa_ny_k5,11427,ifa,NY,IFA,IFA_03,IFA,,36081,35620,3651000,"IFA New York-Newark-Jersey City, NY-NJ (3)",0.0,no cell in the extract: territory at zero opportunity
ifa_ny_k5,11428,ifa,NY,IFA,IFA_03,IFA,,36081,35620,3651000,"IFA New York-Newark-Jersey City, NY-NJ (3)",0.0,no cell in the extract: territory at zero opportunity
ifa_ny_k5,11429,ifa,NY,IFA,IFA_03,IFA,,36081,35620,3651000,"IFA New York-Newark-Jersey City, NY-NJ (3)",0.0,no cell in the extract: territory at zero opportunity
ifa_ny_k5,11430,ifa,NY,IFA,IFA_03,IFA,,36081,35620,3651000,"IFA New York-Newark-Jersey City, NY-NJ (3)",0.0,no cell in the extract: territory at zero opportunity
ifa_ny_k5,11432,ifa,NY,IFA,IFA_03,IFA,,36081,35620,3651000,"IFA New York-Newark-Jersey City, NY-NJ (3)",0.0,no cell in the extract: territory at zero opportunity
ifa_ny_k5,11433,ifa,NY,IFA,IFA_03,IFA,,36081,35620,3651000,"IFA New York-Newark-Jersey City, NY-NJ (3)",0.0,no cell in the extract: territory at zero opportunity
ifa_ny_k5,11434,ifa,NY,IFA,IFA_03,IFA,,36081,35620,3651000,"IFA New York-Newark-Jersey City, NY-NJ (3)",0.0,no cell in the extract: territory at zero opportunity
ifa_ny_k5,11435,ifa,NY,IFA,IFA_03,IFA,,36081,35620,3651000,"IFA New York-Newark-Jersey City, NY-NJ (3)",0.0,no cell in the extract: territory at zero opportunity
ifa_ny_k5,11436,ifa,NY,IFA,IFA_03,IFA,,36081,35620,3651000,"IFA New York-Newark-Jersey City, NY-NJ (3)",0.0,no cell in the extract: territory at zero opportunity
ifa_ny_k5,11439,ifa,NY,IFA,IFA_03,IFA,,36081,35620,3651000,"IFA New York-Newark-Jersey City, NY-NJ (3)",0.0,no cell in the extract: territory at zero opportunity
ifa_ny_k5,11451,ifa,NY,IFA,IFA_03,IFA,,36081,35620,3651000,"IFA New York-Newark-Jersey City, NY-NJ (3)",0.0,no cell in the extract: territory at zero opportunity
ifa_ny_k5,11501,ifa,NY,IFA,IFA_03,IFA,,36059,35620,3647636,"IFA New York-Newark-Jersey City, NY-NJ (3)",46.1856,
ifa_ny_k5,11507,ifa,NY,IFA,IFA_03,IFA,,36059,35620,3601011,"IFA New York-Newark-Jersey City, NY-NJ (3)",1.88577,
ifa_ny_k5,11509,ifa,NY,IFA,IFA_01,IFA,,36059,35620,3602968,"IFA New York-Newark-Jersey City, NY-NJ (1)",0.0,no cell in the extract: territory at zero opportunity
ifa_ny_k5,11510,ifa,NY,IFA,IFA_01,IFA,,36059,35620,3604143,"IFA New York-Newark-Jersey City, NY-NJ (1)",0.279308,
ifa_ny_k5,11514,ifa,NY,IFA,IFA_03,IFA,,36059,35620,3612419,"IFA New York-Newark-Jersey City, NY-NJ (3)",1.81877,
ifa_ny_k5,11516,ifa,NY,IFA,IFA_01,IFA,,36059,35620,3613233,"IFA New York-Newark-Jersey City, NY-NJ (1)",0.0,no cell in the extract: territory at zero opportunity
ifa_ny_k5,11518,ifa,NY,IFA,IFA_01,IFA,,36059,35620,3622876,"IFA New York-Newark-Jersey City, NY-NJ (1)",0.0,no cell in the extract: territory at zero opportunity
ifa_ny_k5,11520,ifa,NY,IFA,IFA_01,IFA,,36059,35620,3627485,"IFA New York-Newark-Jersey City, NY-NJ (1)",0.813745,
ifa_ny_k5,11530,ifa,NY,IFA,IFA_01,IFA,,36059,35620,3628178,"IFA New York-Newark-Jersey City, NY-NJ (1)",110.085,
ifa_ny_k5,11542,ifa,NY,IFA,IFA_03,IFA,,36059,35620,3629113,"IFA New York-Newark-Jersey City, NY-NJ (3)",0.00349004,
ifa_ny_k5,11545,ifa,NY,IFA,IFA_03,IFA,,36059,35620,3654562,"IFA New York-Newark-Jersey City, NY-NJ (3)",3.41954,
ifa_ny_k5,11547,ifa,NY,IFA,IFA_03,IFA,,36059,35620,3629421,"IFA New York-Newark-Jersey City, NY-NJ (3)",0.0,no cell in the extract: territory at zero opportunity
ifa_ny_k5,11548,ifa,NY,IFA,IFA_03,IFA,,36059,35620,3610132,"IFA New York-Newark-Jersey City, NY-NJ (3)",163.133,
ifa_ny_k5,11549,ifa,NY,IFA,IFA_01,IFA,,36059,35620,3676089,"IFA New York-Newark-Jersey City, NY-NJ (1)",0.0,no cell in the extract: territory at zero opportunity
ifa_ny_k5,11550,ifa,NY,IFA,IFA_01,IFA,,36059,35620,3633139,"IFA New York-Newark-Jersey City, NY-NJ (1)",0.0,no cell in the extract: territory at zero opportunity
ifa_ny_k5,11552,ifa,NY,IFA,IFA_01,IFA,,36059,35620,3680225,"IFA New York-Newark-Jersey City, NY-NJ (1)",3.74695,
ifa_ny_k5,11553,ifa,NY,IFA,IFA_01,IFA,,36059,35620,3676089,"IFA New York-Newark-Jersey City, NY-NJ (1)",60.507,
ifa_ny_k5,11554,ifa,NY,IFA,IFA_01,IFA,,36059,35620,3622502,"IFA New York-Newark-Jersey City, NY-NJ (1)",8.22361,
ifa_ny_k5,11556,ifa,NY,IFA,IFA_01,IFA,,36059,35620,3676089,"IFA New York-Newark-Jersey City, NY-NJ (1)",1.54699,
ifa_ny_k5,11557,ifa,NY,IFA,IFA_01,IFA,,36059,35620,3634286,"IFA New York-Newark-Jersey City, NY-NJ (1)",2.2252,
ifa_ny_k5,11558,ifa,NY,IFA,IFA_01,IFA,,36059,35620,3604550,"IFA New York-Newark-Jersey City, NY-NJ (1)",0.0,no cell in the extract: territory at zero opportunity
ifa_ny_k5,11559,ifa,NY,IFA,IFA_01,IFA,,36059,35620,3641553,"IFA New York-Newark-Jersey City, NY-NJ (1)",0.0,no cell in the extract: territory at zero opportunity
ifa_ny_k5,11560,ifa,NY,IFA,IFA_03,IFA,,36059,35620,3641432,"IFA New York-Newark-Jersey City, NY-NJ (3)",7.53628,
ifa_ny_k5,11561,ifa,NY,IFA,IFA_01,IFA,,36059,35620,3643335,"IFA New York-Newark-Jersey City, NY-NJ (1)",4.99609,
ifa_ny_k5,11563,ifa,NY,IFA,IFA_01,IFA,,36059,35620,3643874,"IFA New York-Newark-Jersey City, NY-NJ (1)",7.16022,
ifa_ny_k5,11565,ifa,NY,IFA,IFA_01,IFA,,36059,35620,3644787,"IFA New York-Newark-Jersey City, NY-NJ (1)",0.0,no cell in the extract: territory at zero opportunity
ifa_ny_k5,11566,ifa,NY,IFA,IFA_01,IFA,,36059,35620,3646668,"IFA New York-Newark-Jersey City, NY-NJ (1)",28.3908,
ifa_ny_k5,11568,ifa,NY,IFA,IFA_03,IFA,,36059,35620,3654705,"IFA New York-Newark-Jersey City, NY-NJ (3)",0.0,no cell in the extract: territory at zero opportunity
ifa_ny_k5,11569,ifa,NY,IFA,IFA_01,IFA,,36059,35620,3658849,"IFA New York-Newark-Jersey City, NY-NJ (1)",0.0,no cell in the extract: territory at zero opportunity
ifa_ny_k5,11570,ifa,NY,IFA,IFA_01,IFA,,36059,35620,3663264,"IFA New York-Newark-Jersey City, NY-NJ (1)",12.9424,
ifa_ny_k5,11572,ifa,NY,IFA,IFA_01,IFA,,36059,35620,3654441,"IFA New York-Newark-Jersey City, NY-NJ (1)",8.5408,
ifa_ny_k5,11575,ifa,NY,IFA,IFA_01,IFA,,36059,35620,3663506,"IFA New York-Newark-Jersey City, NY-NJ (1)",0.0,no cell in the extract: territory at zero opportunity
ifa_ny_k5,11576,ifa,NY,IFA,IFA_03,IFA,,36059,35620,3622260,"IFA New York-Newark-Jersey City, NY-NJ (3)",16.5262,
ifa_ny_k5,11577,ifa,NY,IFA,IFA_03,IFA,,36059,35620,3663814,"IFA New York-Newark-Jersey City, NY-NJ (3)",0.0244689,
ifa_ny_k5,11579,ifa,NY,IFA,IFA_03,IFA,,36059,35620,3666047,"IFA New York-Newark-Jersey City, NY-NJ (3)",0.0,no cell in the extract: territory at zero opportunity
ifa_ny_k5,11580,ifa,NY,IFA,IFA_01,IFA,,36059,35620,3676705,"IFA New York-Newark-Jersey City, NY-NJ (1)",0.254544,
ifa_ny_k5,11581,ifa,NY,IFA,IFA_01,IFA,,36059,35620,3676705,"IFA New York-Newark-Jersey City, NY-NJ (1)",0.0,no cell in the extract: territory at zero opportunity
ifa_ny_k5,11590,ifa,NY,IFA,IFA_03,IFA,,36059,35620,3679444,"IFA New York-Newark-Jersey City, NY-NJ (3)",10.6007,
ifa_ny_k5,11596,ifa,NY,IFA,IFA_03,IFA,,36059,35620,3682117,"IFA New York-Newark-Jersey City, NY-NJ (3)",0.157907,
ifa_ny_k5,11598,ifa,NY,IFA,IFA_01,IFA,,36059,35620,3682942,"IFA New York-Newark-Jersey City, NY-NJ (1)",3.35328,
ifa_ny_k5,11691,ifa,NY,IFA,IFA_01,IFA,,36081,35620,3651000,"IFA New York-Newark-Jersey City, NY-NJ (1)",0.0,no cell in the extract: territory at zero opportunity
ifa_ny_k5,11692,ifa,NY,IFA,IFA_01,IFA,,36081,35620,3651000,"IFA New York-Newark-Jersey City, NY-NJ (1)",0.0,no cell in the extract: territory at zero opportunity
ifa_ny_k5,11693,ifa,NY,IFA,IFA_01,IFA,,36081,35620,3651000,"IFA New York-Newark-Jersey City, NY-NJ (1)",0.0,no cell in the extract: territory at zero opportunity
ifa_ny_k5,11694,ifa,NY,IFA,IFA_01,IFA,,36081,35620,3651000,"IFA New York-Newark-Jersey City, NY-NJ (1)",0.679041,
ifa_ny_k5,11697,ifa,NY,IFA,IFA_01,IFA,,36081,35620,3651000,"IFA New York-Newark-Jersey City, NY-NJ (1)",0.0,no cell in the extract: territory at zero opportunity
ifa_ny_k5,11701,ifa,NY,IFA,IFA_01,IFA,,36103,35620,3602044,"IFA New York-Newark-Jersey City, NY-NJ (1)",1.45906,
ifa_ny_k5,11702,ifa,NY,IFA,IFA_01,IFA,,36103,35620,3628990,"IFA New York-Newark-Jersey City, NY-NJ (1)",4.11117,
ifa_ny_k5,11703,ifa,NY,IFA,IFA_01,IFA,,36103,35620,3651440,"IFA New York-Newark-Jersey City, NY-NJ (1)",2.84882,
ifa_ny_k5,11704,ifa,NY,IFA,IFA_01,IFA,,36103,35620,3679246,"IFA New York-Newark-Jersey City, NY-NJ (1)",0.10614,
ifa_ny_k5,11705,ifa,NY,IFA,IFA_01,IFA,,36103,35620,3604913,"IFA New York-Newark-Jersey City, NY-NJ (1)",0.278214,
ifa_ny_k5,11706,ifa,NY,IFA,IFA_01,IFA,,36103,35620,3604935,"IFA New York-Newark-Jersey City, NY-NJ (1)",8.07819,
ifa_ny_k5,11709,ifa,NY,IFA,IFA_03,IFA,,36059,35620,3605034,"IFA New York-Newark-Jersey City, NY-NJ (3)",0.0,no cell in the extract: territory at zero opportunity
ifa_ny_k5,11710,ifa,NY,IFA,IFA_01,IFA,,36059,35620,3651517,"IFA New York-Newark-Jersey City, NY-NJ (1)",0.491223,
ifa_ny_k5,11713,ifa,NY,IFA,IFA_01,IFA,,36103,35620,3651528,"IFA New York-Newark-Jersey City, NY-NJ (1)",8.06365,
ifa_ny_k5,11714,ifa,NY,IFA,IFA_03,IFA,,36059,35620,3606387,"IFA New York-Newark-Jersey City, NY-NJ (3)",0.0,no cell in the extract: territory at zero opportunity
ifa_ny_k5,11715,ifa,NY,IFA,IFA_01,IFA,,36103,35620,3607069,"IFA New York-Newark-Jersey City, NY-NJ (1)",0.0565385,
ifa_ny_k5,11716,ifa,NY,IFA,IFA_01,IFA,,36103,35620,3607157,"IFA New York-Newark-Jersey City, NY-NJ (1)",44.5464,
ifa_ny_k5,11717,ifa,NY,IFA,IFA_01,IFA,,36103,35620,3608026,"IFA New York-Newark-Jersey City, NY-NJ (1)",1.58853,
ifa_ny_k5,11718,ifa,NY,IFA,IFA_01,IFA,,36103,35620,3608323,"IFA New York-Newark-Jersey City, NY-NJ (1)",0.0,no cell in the extract: territory at zero opportunity
ifa_ny_k5,11719,ifa,NY,IFA,IFA_01,IFA,,36103,35620,3609000,"IFA New York-Newark-Jersey City, NY-NJ (1)",0.0,no cell in the extract: territory at zero opportunity
ifa_ny_k5,11720,ifa,NY,IFA,IFA_01,IFA,,36103,35620,3613376,"IFA New York-Newark-Jersey City, NY-NJ (1)",1.28603,
ifa_ny_k5,11721,ifa,NY,IFA,IFA_01,IFA,,36103,35620,3613442,"IFA New York-Newark-Jersey City, NY-NJ (1)",0.0,no cell in the extract: territory at zero opportunity
ifa_ny_k5,11722,ifa,NY,IFA,IFA_01,IFA,,36103,35620,3613552,"IFA New York-Newark-Jersey City, NY-NJ (1)",0.451877,
ifa_ny_k5,11724,ifa,NY,IFA,IFA_03,IFA,,36103,35620,3616958,"IFA New York-Newark-Jersey City, NY-NJ (3)",0.0,no cell in the extract: territory at zero opportunity
ifa_ny_k5,11725,ifa,NY,IFA,IFA_01,IFA,,36103,35620,3617530,"IFA New York-Newark-Jersey City, NY-NJ (1)",8.22791,
ifa_ny_k5,11726,ifa,NY,IFA,IFA_01,IFA,,36103,35620,3618146,"IFA New York-Newark-Jersey City, NY-NJ (1)",2.9353,
ifa_ny_k5,11727,ifa,NY,IFA,IFA_01,IFA,,36103,35620,3618157,"IFA New York-Newark-Jersey City, NY-NJ (1)",0.661252,
ifa_ny_k5,11729,ifa,NY,IFA,IFA_01,IFA,,36103,35620,3619972,"IFA New York-Newark-Jersey City, NY-NJ (1)",3.94634,
ifa_ny_k5,11730,ifa,NY,IFA,IFA_01,IFA,,36103,35620,3622315,"IFA New York-Newark-Jersey City, NY-NJ (1)",1.04485,
ifa_ny_k5,11731,ifa,NY,IFA,IFA_01,IFA,,36103,35620,3622612,"IFA New York-Newark-Jersey City, NY-NJ (1)",6.21062,
ifa_ny_k5,11732,ifa,NY,IFA,IFA_03,IFA,,36059,35620,3649330,"IFA New York-Newark-Jersey City, NY-NJ (3)",0.0,no cell in the extract: territory at zero opportunity
ifa_ny_k5,11733,ifa,NY,IFA,IFA_01,IFA,,36103,35620,3622964,"IFA New York-Newark-Jersey City, NY-NJ (1)",12.6466,
ifa_ny_k5,11735,ifa,NY,IFA,IFA_01,IFA,,36103,35620,3621985,"IFA New York-Newark-Jersey City, NY-NJ (1)",6.60544,
ifa_ny_k5,11738,ifa,NY,IFA,IFA_01,IFA,,36103,35620,3625417,"IFA New York-Newark-Jersey City, NY-NJ (1)",10.9477,
ifa_ny_k5,11739,ifa,NY,IFA,IFA_01,IFA,,36103,35620,3630235,"IFA New York-Newark-Jersey City, NY-NJ (1)",0.0,no cell in the extract: territory at zero opportunity
ifa_ny_k5,11740,ifa,NY,IFA,IFA_01,IFA,,36103,35620,3630543,"IFA New York-Newark-Jersey City, NY-NJ (1)",0.159098,
ifa_ny_k5,11741,ifa,NY,IFA,IFA_01,IFA,,36103,35620,3635056,"IFA New York-Newark-Jersey City, NY-NJ (1)",18.8525,
ifa_ny_k5,11742,ifa,NY,IFA,IFA_01,IFA,,36103,35620,3635254,"IFA New York-Newark-Jersey City, NY-NJ (1)",0.656959,
ifa_ny_k5,11743,ifa,NY,IFA,IFA_03,IFA,,36103,35620,3643005,"IFA New York-Newark-Jersey City, NY-NJ (3)",25.9848,
ifa_ny_k5,11746,ifa,NY,IFA,IFA_01,IFA,,36103,35620,3620687,"IFA New York-Newark-Jersey City, NY-NJ (1)",8.89042,
ifa_ny_k5,11747,ifa,NY,IFA,IFA_01,IFA,,36103,35620,3646514,"IFA New York-Newark-Jersey City, NY-NJ (1)",200.671,
ifa_ny_k5,11749,ifa,NY,IFA,IFA_01,IFA,,36103,35620,3637840,"IFA New York-Newark-Jersey City, NY-NJ (1)",13.4975,
ifa_ny_k5,11751,ifa,NY,IFA,IFA_01,IFA,,36103,35620,3637869,"IFA New York-Newark-Jersey City, NY-NJ (1)",0.182401,
ifa_ny_k5,11752,ifa,NY,IFA,IFA_01,IFA,,36103,35620,3652078,"IFA New York-Newark-Jersey City, NY-NJ (1)",0.0,no cell in the extract: territory at zero opportunity
ifa_ny_k5,11753,ifa,NY,IFA,IFA_03,IFA,,36059,35620,3638539,"IFA New York-Newark-Jersey City, NY-NJ (3)",108.853,
ifa_ny_k5,11754,ifa,NY,IFA,IFA_01,IFA,,36103,35620,3639672,"IFA New York-Newark-Jersey City, NY-NJ (1)",16.1433,
ifa_ny_k5,11755,ifa,NY,IFA,IFA_01,IFA,,36103,35620,3640530,"IFA New York-Newark-Jersey City, NY-NJ (1)",1.2556,
ifa_ny_k5,11756,ifa,NY,IFA,IFA_03,IFA,,36059,35620,3642081,"IFA New York-Newark-Jersey City, NY-NJ (3)",0.575666,
ifa_ny_k5,11757,ifa,NY,IFA,IFA_01,IFA,,36103,35620,3642554,"IFA New York-Newark-Jersey City, NY-NJ (1)",0.821654,
ifa_ny_k5,11758,ifa,NY,IFA,IFA_01,IFA,,36059,35620,3645986,"IFA New York-Newark-Jersey City, NY-NJ (1)",17.1166,
ifa_ny_k5,11762,ifa,NY,IFA,IFA_01,IFA,,36059,35620,3645997,"IFA New York-Newark-Jersey City, NY-NJ (1)",7.2803,
ifa_ny_k5,11763,ifa,NY,IFA,IFA_01,IFA,,36103,35620,3646404,"IFA New York-Newark-Jersey City, NY-NJ (1)",8.78201,
ifa_ny_k5,11764,ifa,NY,IFA,IFA_01,IFA,,36103,35620,3647306,"IFA New York-Newark-Jersey City, NY-NJ (1)",10.7244,
ifa_ny_k5,11765,ifa,NY,IFA,IFA_03,IFA,,36059,35620,3647405,"IFA New York-Newark-Jersey City, NY-NJ (3)",0.139204,
ifa_ny_k5,11766,ifa,NY,IFA,IFA_01,IFA,,36103,35620,3649066,"IFA New York-Newark-Jersey City, NY-NJ (1)",3.73521,
ifa_ny_k5,11767,ifa,NY,IFA,IFA_01,IFA,,36103,35620,3649825,"IFA New York-Newark-Jersey City, NY-NJ (1)",0.587678,
ifa_ny_k5,11768,ifa,NY,IFA,IFA_01,IFA,,36103,35620,3626946,"IFA New York-Newark-Jersey City, NY-NJ (1)",3.09826,
ifa_ny_k5,11769,ifa,NY,IFA,IFA_01,IFA,,36103,35620,3654144,"IFA New York-Newark-Jersey City, NY-NJ (1)",0.0,no cell in the extract: territory at zero opportunity
ifa_ny_k5,11770,ifa,NY,IFA,IFA_01,IFA,,36103,35620,3625839,"IFA New York-Newark-Jersey City, NY-NJ (1)",0.0,no cell in the extract: territory at zero opportunity
ifa_ny_k5,11771,ifa,NY,IFA,IFA_03,IFA,,36059,35620,3656011,"IFA New York-Newark-Jersey City, NY-NJ (3)",0.834988,
ifa_ny_k5,11772,ifa,NY,IFA,IFA_01,IFA,,36103,35620,3622733,"IFA New York-Newark-Jersey City, NY-NJ (1)",1.07744,
ifa_ny_k5,11776,ifa,NY,IFA,IFA_01,IFA,,36103,35620,3673352,"IFA New York-Newark-Jersey City, NY-NJ (1)",40.2643,
ifa_ny_k5,11777,ifa,NY,IFA,IFA_01,IFA,,36103,35620,3659355,"IFA New York-Newark-Jersey City, NY-NJ (1)",18.9236,
ifa_ny_k5,11778,ifa,NY,IFA,IFA_01,IFA,,36103,35620,3663319,"IFA New York-Newark-Jersey City, NY-NJ (1)",0.893087,
ifa_ny_k5,11779,ifa,NY,IFA,IFA_01,IFA,,36103,35620,3663473,"IFA New York-Newark-Jersey City, NY-NJ (1)",11.3706,
ifa_ny_k5,11780,ifa,NY,IFA,IFA_01,IFA,,36103,35620,3664584,"IFA New York-Newark-Jersey City, NY-NJ (1)",1.31891,
ifa_ny_k5,11782,ifa,NY,IFA,IFA_01,IFA,,36103,35620,3665409,"IFA New York-Newark-Jersey City, NY-NJ (1)",1.08631,
ifa_ny_k5,11783,ifa,NY,IFA,IFA_01,IFA,,36059,35620,3666058,"IFA New York-Newark-Jersey City, NY-NJ (1)",0.0121549,
ifa_ny_k5,11784,ifa,NY,IFA,IFA_01,IFA,,36103,35620,3666212,"IFA New York-Newark-Jersey City, NY-NJ (1)",0.0,no cell in the extract: territory at zero opportunity
ifa_ny_k5,11786,ifa,NY,IFA,IFA_01,IFA,,36103,35620,3622980,"IFA New York-Newark-Jersey City, NY-NJ (1)",0.0,no cell in the extract: territory at zero opportunity
ifa_ny_k5,11787,ifa,NY,IFA,IFA_01,IFA,,36103,35620,3667851,"IFA New York-Newark-Jersey City, NY-NJ (1)",20.1838,
ifa_ny_k5,11788,ifa,NY,IFA,IFA_01,IFA,,36103,35620,3632732,"IFA New York-Newark-Jersey City, NY-NJ (1)",181.617,
ifa_ny_k5,11789,ifa,NY,IFA,IFA_01,IFA,,36103,35620,3668374,"IFA New York-Newark-Jersey City, NY-NJ (1)",0.0,no cell in the extract: territory at zero opportunity
ifa_ny_k5,11790,ifa,NY,IFA,IFA_01,IFA,,36103,35620,3671608,"IFA New York-Newark-Jersey City, NY-NJ (1)",0.0,no cell in the extract: territory at zero opportunity
ifa_ny_k5,11791,ifa,NY,IFA,IFA_03,IFA,,36059,35620,3672554,"IFA New York-Newark-Jersey City, NY-NJ (3)",100.03,
ifa_ny_k5,11792,ifa,NY,IFA,IFA_01,IFA,,36103,35620,3677772,"IFA New York-Newark-Jersey City, NY-NJ (1)",1.53015,
ifa_ny_k5,11793,ifa,NY,IFA,IFA_01,IFA,,36059,35620,3678146,"IFA New York-Newark-Jersey City, NY-NJ (1)",1.15326,
ifa_ny_k5,11794,ifa,NY,IFA,IFA_01,IFA,,36103,35620,3671620,"IFA New York-Newark-Jersey City, NY-NJ (1)",0.0,no cell in the extract: territory at zero opportunity
ifa_ny_k5,11795,ifa,NY,IFA,IFA_01,IFA,,36103,35620,3680302,"IFA New York-Newark-Jersey City, NY-NJ (1)",1.32346,
ifa_ny_k5,11796,ifa,NY,IFA,IFA_01,IFA,,36103,35620,3680885,"IFA New York-Newark-Jersey City, NY-NJ (1)",2.18709,
ifa_ny_k5,11797,ifa,NY,IFA,IFA_03,IFA,,36059,35620,3682744,"IFA New York-Newark-Jersey City, NY-NJ (3)",33.2594,
ifa_ny_k5,11798,ifa,NY,IFA,IFA_01,IFA,,36103,35620,3683294,"IFA New York-Newark-Jersey City, NY-NJ (1)",0.0,no cell in the extract: territory at zero opportunity
ifa_ny_k5,11801,ifa,NY,IFA,IFA_03,IFA,,36059,35620,3634374,"IFA New York-Newark-Jersey City, NY-NJ (3)",1.485,
ifa_ny_k5,11803,ifa,NY,IFA,IFA_03,IFA,,36059,35620,3658442,"IFA New York-Newark-Jersey City, NY-NJ (3)",19.2023,
ifa_ny_k5,11804,ifa,NY,IFA,IFA_03,IFA,,36059,35620,3654551,"IFA New York-Newark-Jersey City, NY-NJ (3)",0.15909,
ifa_ny_k5,11901,ifa,NY,IFA,IFA_01,IFA,,36103,35620,3661973,"IFA New York-Newark-Jersey City, NY-NJ (1)",5.16624,
ifa_ny_k5,11930,ifa,NY,IFA,IFA_01,IFA,,36103,35620,3601594,"IFA New York-Newark-Jersey City, NY-NJ (1)",0.0,no cell in the extract: territory at zero opportunity
ifa_ny_k5,11931,ifa,NY,IFA,IFA_01,IFA,,36103,35620,3602374,"IFA New York-Newark-Jersey City, NY-NJ (1)",0.0,no cell in the extract: territory at zero opportunity
ifa_ny_k5,11932,ifa,NY,IFA,IFA_01,IFA,,36103,35620,3608136,"IFA New York-Newark-Jersey City, NY-NJ (1)",0.0,no cell in the extract: territory at zero opportunity
ifa_ny_k5,11933,ifa,NY,IFA,IFA_01,IFA,,36103,35620,3611781,"IFA New York-Newark-Jersey City, NY-NJ (1)",0.0,no cell in the extract: territory at zero opportunity
ifa_ny_k5,11934,ifa,NY,IFA,IFA_01,IFA,,36103,35620,3613420,"IFA New York-Newark-Jersey City, NY-NJ (1)",2.61611,
ifa_ny_k5,11935,ifa,NY,IFA,IFA_01,IFA,,36103,35620,3619466,"IFA New York-Newark-Jersey City, NY-NJ (1)",0.484217,
ifa_ny_k5,11937,ifa,NY,IFA,IFA_01,IFA,,36103,35620,3653852,"IFA New York-Newark-Jersey City, NY-NJ (1)",0.0,no cell in the extract: territory at zero opportunity
ifa_ny_k5,11939,ifa,NY,IFA,IFA_01,IFA,,36103,35620,3622447,"IFA New York-Newark-Jersey City, NY-NJ (1)",0.0,no cell in the extract: territory at zero opportunity
ifa_ny_k5,11940,ifa,NY,IFA,IFA_01,IFA,,36103,35620,3622546,"IFA New York-Newark-Jersey City, NY-NJ (1)",1.95549,
ifa_ny_k5,11941,ifa,NY,IFA,IFA_01,IFA,,36103,35620,3622810,"IFA New York-Newark-Jersey City, NY-NJ (1)",0.0,no cell in the extract: territory at zero opportunity
ifa_ny_k5,11942,ifa,NY,IFA,IFA_01,IFA,,36103,35620,3622832,"IFA New York-Newark-Jersey City, NY-NJ (1)",0.0,no cell in the extract: territory at zero opportunity
ifa_ny_k5,11944,ifa,NY,IFA,IFA_01,IFA,,36103,35620,3630581,"IFA New York-Newark-Jersey City, NY-NJ (1)",0.0,no cell in the extract: territory at zero opportunity
ifa_ny_k5,11946,ifa,NY,IFA,IFA_01,IFA,,36103,35620,3631896,"IFA New York-Newark-Jersey City, NY-NJ (1)",0.0,no cell in the extract: territory at zero opportunity
ifa_ny_k5,11947,ifa,NY,IFA,IFA_01,IFA,,36103,35620,3638253,"IFA New York-Newark-Jersey City, NY-NJ (1)",0.0,no cell in the extract: territory at zero opportunity
ifa_ny_k5,11948,ifa,NY,IFA,IFA_01,IFA,,36103,35620,3641465,"IFA New York-Newark-Jersey City, NY-NJ (1)",0.0,no cell in the extract: territory at zero opportunity
ifa_ny_k5,11949,ifa,NY,IFA,IFA_01,IFA,,36103,35620,3645139,"IFA New York-Newark-Jersey City, NY-NJ (1)",0.0,no cell in the extract: territory at zero opportunity
ifa_ny_k5,11950,ifa,NY,IFA,IFA_01,IFA,,36103,35620,3646074,"IFA New York-Newark-Jersey City, NY-NJ (1)",0.0,no cell in the extract: territory at zero opportunity
ifa_ny_k5,11951,ifa,NY,IFA,IFA_01,IFA,,36103,35620,3646085,"IFA New York-Newark-Jersey City, NY-NJ (1)",0.0,no cell in the extract: territory at zero opportunity
ifa_ny_k5,11952,ifa,NY,IFA,IFA_01,IFA,,36103,35620,3646140,"IFA New York-Newark-Jersey City, NY-NJ (1)",1.45814,
ifa_ny_k5,11953,ifa,NY,IFA,IFA_01,IFA,,36103,35620,3646976,"IFA New York-Newark-Jersey City, NY-NJ (1)",0.0,no cell in the extract: territory at zero opportunity
ifa_ny_k5,11954,ifa,NY,IFA,IFA_01,IFA,,36103,35620,3648054,"IFA New York-Newark-Jersey City, NY-NJ (1)",0.0,no cell in the extract: territory at zero opportunity
ifa_ny_k5,11955,ifa,NY,IFA,IFA_01,IFA,,36103,35620,3648450,"IFA New York-Newark-Jersey City, NY-NJ (1)",0.0,no cell in the extract: territory at zero opportunity
ifa_ny_k5,11956,ifa,NY,IFA,IFA_01,IFA,,36103,35620,3650727,"IFA New York-Newark-Jersey City, NY-NJ (1)",0.0,no cell in the extract: territory at zero opportunity
ifa_ny_k5,11957,ifa,NY,IFA,IFA_01,IFA,,36103,35620,3655321,"IFA New York-Newark-Jersey City, NY-NJ (1)",0.0,no cell in the extract: territory at zero opportunity
ifa_ny_k5,11958,ifa,NY,IFA,IFA_01,IFA,,36103,35620,3656968,"IFA New York-Newark-Jersey City, NY-NJ (1)",0.0,no cell in the extract: territory at zero opportunity
ifa_ny_k5,11959,ifa,NY,IFA,IFA_01,IFA,,36103,35620,3660422,"IFA New York-Newark-Jersey City, NY-NJ (1)",0.0,no cell in the extract: territory at zero opportunity
ifa_ny_k5,11960,ifa,NY,IFA,IFA_01,IFA,,36103,35620,3661142,"IFA New York-Newark-Jersey City, NY-NJ (1)",0.0,no cell in the extract: territory at zero opportunity
ifa_ny_k5,11961,ifa,NY,IFA,IFA_01,IFA,,36103,35620,3661665,"IFA New York-Newark-Jersey City, NY-NJ (1)",0.00326135,
ifa_ny_k5,11962,ifa,NY,IFA,IFA_01,IFA,,36103,35620,3664452,"IFA New York-Newark-Jersey City, NY-NJ (1)",0.0,no cell in the extract: territory at zero opportunity
ifa_ny_k5,11963,ifa,NY,IFA,IFA_01,IFA,,36103,35620,3654056,"IFA New York-Newark-Jersey City, NY-NJ (1)",0.0,no cell in the extract: territory at zero opportunity
ifa_ny_k5,11964,ifa,NY,IFA,IFA_01,IFA,,36103,35620,3666828,"IFA New York-Newark-Jersey City, NY-NJ (1)",0.0,no cell in the extract: territory at zero opportunity
ifa_ny_k5,11965,ifa,NY,IFA,IFA_01,IFA,,36103,35620,3666850,"IFA New York-Newark-Jersey City, NY-NJ (1)",0.0,no cell in the extract: territory at zero opportunity
ifa_ny_k5,11967,ifa,NY,IFA,IFA_01,IFA,,36103,35620,3667070,"IFA New York-Newark-Jersey City, NY-NJ (1)",0.0,no cell in the extract: territory at zero opportunity
ifa_ny_k5,11968,ifa,NY,IFA,IFA_01,IFA,,36103,35620,3653561,"IFA New York-Newark-Jersey City, NY-NJ (1)",0.0,no cell in the extract: territory at zero opportunity
ifa_ny_k5,11970,ifa,NY,IFA,IFA_01,IFA,,36103,35620,3638253,"IFA New York-Newark-Jersey City, NY-NJ (1)",0.0,no cell in the extract: territory at zero opportunity
ifa_ny_k5,11971,ifa,NY,IFA,IFA_01,IFA,,36103,35620,3669452,"IFA New York-Newark-Jersey City, NY-NJ (1)",0.0,no cell in the extract: territory at zero opportunity
ifa_ny_k5,11972,ifa,NY,IFA,IFA_01,IFA,,36103,35620,3661142,"IFA New York-Newark-Jersey City, NY-NJ (1)",0.0,no cell in the extract: territory at zero opportunity
ifa_ny_k5,11973,ifa,NY,IFA,IFA_01,IFA,,36103,35620,,"IFA New York-Newark-Jersey City, NY-NJ (1)",0.0,no cell in the extract: territory at zero opportunity
ifa_ny_k5,11975,ifa,NY,IFA,IFA_01,IFA,,36103,35620,3677805,"IFA New York-Newark-Jersey City, NY-NJ (1)",0.0,no cell in the extract: territory at zero opportunity
ifa_ny_k5,11976,ifa,NY,IFA,IFA_01,IFA,,36103,35620,3678575,"IFA New York-Newark-Jersey City, NY-NJ (1)",0.0,no cell in the extract: territory at zero opportunity
ifa_ny_k5,11977,ifa,NY,IFA,IFA_01,IFA,,36103,35620,3680170,"IFA New York-Newark-Jersey City, NY-NJ (1)",0.0,no cell in the extract: territory at zero opportunity
ifa_ny_k5,11978,ifa,NY,IFA,IFA_01,IFA,,36103,35620,3680170,"IFA New York-Newark-Jersey City, NY-NJ (1)",0.0,no cell in the extract: territory at zero opportunity
ifa_ny_k5,11980,ifa,NY,IFA,IFA_01,IFA,,36103,35620,3683426,"IFA New York-Newark-Jersey City, NY-NJ (1)",0.0,no cell in the extract: territory at zero opportunity
ifa_ny_k5,12007,ifa,NY,IFA,IFA_05,IFA,,36001,10580,,"IFA Albany-Schenectady-Troy, NY",0.0,no cell in the extract: territory at zero opportunity
ifa_ny_k5,12008,ifa,NY,IFA,IFA_05,IFA,,36093,10580,3622084,"IFA Albany-Schenectady-Troy, NY",0.0,no cell in the extract: territory at zero opportunity
ifa_ny_k5,12009,ifa,NY,IFA,IFA_05,IFA,,36001,10580,3601517,"IFA Albany-Schenectady-Troy, NY",0.0,no cell in the extract: territory at zero opportunity
ifa_ny_k5,12010,ifa,NY,IFA,IFA_05,IFA,,36057,11220,3602066,"IFA Albany-Schenectady-Troy, NY",0.173236,
ifa_ny_k5,12015,ifa,NY,IFA,IFA_05,IFA,,36039,,3602902,"IFA Albany-Schenectady-Troy, NY",0.0,no cell in the extract: territory at zero opportunity
ifa_ny_k5,12017,ifa,NY,IFA,IFA_05,IFA,,36021,26460,,"IFA Albany-Schenectady-Troy, NY",0.0,no cell in the extract: territory at zero opportunity
ifa_ny_k5,12018,ifa,NY,IFA,IFA_05,IFA,,36083,10580,3603320,"IFA Albany-Schenectady-Troy, NY",0.0,no cell in the extract: territory at zero opportunity
ifa_ny_k5,12019,ifa,NY,IFA,IFA_05,IFA,,36091,10580,3618542,"IFA Albany-Schenectady-Troy, NY",0.018024,
ifa_ny_k5,12020,ifa,NY,IFA,IFA_05,IFA,,36091,10580,3647548,"IFA Albany-Schenectady-Troy, NY",4.91659,
ifa_ny_k5,12022,ifa,NY,IFA,IFA_05,IFA,,36083,10580,,"IFA Albany-Schenectady-Troy, NY",0.0,no cell in the extract: territory at zero opportunity
ifa_ny_k5,12023,ifa,NY,IFA,IFA_05,IFA,,36001,10580,,"IFA Albany-Schenectady-Troy, NY",0.0,no cell in the extract: territory at zero opportunity
ifa_ny_k5,12024,ifa,NY,IFA,IFA_05,IFA,,36021,26460,3622557,"IFA Albany-Schenectady-Troy, NY",0.0,no cell in the extract: territory at zero opportunity
ifa_ny_k5,12025,ifa,NY,IFA,IFA_04,IFA,,36035,24100,3608422,"IFA Buffalo-Cheektowaga, NY",0.0,no cell in the extract: territory at zero opportunity
ifa_ny_k5,12027,ifa,NY,IFA,IFA_05,IFA,,36091,10580,3622084,"IFA Albany-Schenectady-Troy, NY",0.0,no cell in the extract: territory at zero opportunity
ifa_ny_k5,12028,ifa,NY,IFA,IFA_04,IFA,,36115,24020,,"IFA Buffalo-Cheektowaga, NY",0.0,no cell in the extract: territory at zero opportunity
ifa_ny_k5,12029,ifa,NY,IFA,IFA_05,IFA,,36021,26460,,"IFA Albany-Schenectady-Troy, NY",0.0,no cell in the extract: territory at zero opportunity
ifa_ny_k5,12031,ifa,NY,IFA,IFA_04,IFA,,36095,10580,,"IFA Buffalo-Cheektowaga, NY",0.0,no cell in the extract: territory at zero opportunity
ifa_ny_k5,12032,ifa,NY,IFA,IFA_04,IFA,,36041,,3612584,"IFA Buffalo-Cheektowaga, NY",0.0,no cell in the extract: territory at zero opportunity
ifa_ny_k5,12033,ifa,NY,IFA,IFA_05,IFA,,36083,10580,3612870,"IFA Albany-Schenectady-Troy, NY",0.287358,
ifa_ny_k5,12035,ifa,NY,IFA,IFA_04,IFA,,36095,10580,3613530,"IFA Buffalo-Cheektowaga, NY",0.0,no cell in the extract: territory at zero opportunity
ifa_ny_k5,12036,ifa,NY,IFA,IFA_04,IFA,,36095,10580,,"IFA Buffalo-Cheektowaga, NY",0.0,no cell in the extract: territory at zero opportunity
ifa_ny_k5,12037,ifa,NY,IFA,IFA_05,IFA,,36021,26460,3614003,"IFA Albany-Schenectady-Troy, NY",0.0,no cell in the extract: territory at zero opportunity
ifa_ny_k5,12040,ifa,NY,IFA,IFA_05,IFA,,36083,10580,,"IFA Albany-Schenectady-Troy, NY",0.0,no cell in the extract: territory at zero opportunity
ifa_ny_k5,12041,ifa,NY,IFA,IFA_05,IFA,,36001,10580,,"IFA Albany-Schenectady-Troy, NY",0.0,no cell in the extract: territory at zero opportunity
ifa_ny_k5,12042,ifa,NY,IFA,IFA_05,IFA,,36039,,,"IFA Albany-Schenectady-Troy, NY",0.0,no cell in the extract: territory at zero opportunity
ifa_ny_k5,12043,ifa,NY,IFA,IFA_04,IFA,,36095,10580,3616628,"IFA Buffalo-Cheektowaga, NY",0.0,no cell in the extract: territory at zero opportunity
ifa_ny_k5,12045,ifa,NY,IFA,IFA_05,IFA,,36001,10580,,"IFA Albany-Schenectady-Troy, NY",0.0,no cell in the extract: territory at zero opportunity
ifa_ny_k5,12046,ifa,NY,IFA,IFA_05,IFA,,36001,10580,,"IFA Albany-Schenectady-Troy, NY",0.0,no cell in the extract: territory at zero opportunity
ifa_ny_k5,12047,ifa,NY,IFA,IFA_05,IFA,,36001,10580,3616749,"IFA Albany-Schenectady-Troy, NY",1.98686,
ifa_ny_k5,12051,ifa,NY,IFA,IFA_05,IFA,,36039,,3618718,"IFA Albany-Schenectady-Troy, NY",0.0,no cell in the extract: territory at zero opportunity
ifa_ny_k5,12052,ifa,NY,IFA,IFA_05,IFA,,36083,10580,,"IFA Albany-Schenectady-Troy, NY",0.0,no cell in the extract: territory at zero opportunity
ifa_ny_k5,12053,ifa,NY,IFA,IFA_05,IFA,,36093,10580,3645573,"IFA Albany-Schenectady-Troy, NY",0.0,no cell in the extract: territory at zero opportunity
ifa_ny_k5,12054,ifa,NY,IFA,IFA_05,IFA,,36001,10580,,"IFA Albany-Schenectady-Troy, NY",2.32936,
ifa_ny_k5,12056,ifa,NY,IFA,IFA_05,IFA,,36093,10580,3620989,"IFA Albany-Schenectady-Troy, NY",0.0,no cell in the extract: territory at zero opportunity
ifa_ny_k5,12057,ifa,NY,IFA,IFA_04,IFA,,36115,24020,,"IFA Buffalo-Cheektowaga, NY",0.0,no cell in the extract: territory at zero opportunity
ifa_ny_k5,12058,ifa,NY,IFA,IFA_05,IFA,,36039,,,"IFA Albany-Schenectady-Troy, NY",0.0,no cell in the extract: territory at zero opportunity
ifa_ny_k5,12059,ifa,NY,IFA,IFA_05,IFA,,36001,10580,,"IFA Albany-Schenectady-Troy, NY",0.0,no cell in the extract: territory at zero opportunity
ifa_ny_k5,12060,ifa,NY,IFA,IFA_05,IFA,,36021,26460,,"IFA Albany-Schenectady-Troy, NY",0.0,no cell in the extract: territory at zero opportunity
ifa_ny_k5,12061,ifa,NY,IFA,IFA_05,IFA,,36083,10580,3622106,"IFA Albany-Schenectady-Troy, NY",0.257113,
ifa_ny_k5,12062,ifa,NY,IFA,IFA_05,IFA,,36083,10580,3622557,"IFA Albany-Schenectady-Troy, NY",0.834366,
ifa_ny_k5,12063,ifa,NY,IFA,IFA_05,IFA,,36083,10580,,"IFA Albany-Schenectady-Troy, NY",0.0,no cell in the extract: territory at zero opportunity
ifa_ny_k5,12064,ifa,NY,IFA,IFA_05,IFA,,36077,36580,3623283,"IFA Albany-Schenectady-Troy, NY",0.0,no cell in the extract: territory at zero opportunity
ifa_ny_k5,12065,ifa,NY,IFA,IFA_05,IFA,,36091,10580,3616322,"IFA Albany-Schenectady-Troy, NY",67.5233,
ifa_ny_k5,12066,ifa,NY,IFA,IFA_04,IFA,,36057,11220,3624713,"IFA Buffalo-Cheektowaga, NY",0.0,no cell in the extract: territory at zero opportunity
ifa_ny_k5,12067,ifa,NY,IFA,IFA_05,IFA,,36001,10580,,"IFA Albany-Schenectady-Troy, NY",0.0,no cell in the extract: territory at zero opportunity
ifa_ny_k5,12068,ifa,NY,IFA,IFA_04,IFA,,36057,11220,3675341,"IFA Buffalo-Cheektowaga, NY",0.0,no cell in the extract: territory at zero opportunity
ifa_ny_k5,12069,ifa,NY,IFA,IFA_05,IFA,,36057,11220,,"IFA Albany-Schenectady-Troy, NY",0.0,no cell in the extract: territory at zero opportunity
ifa_ny_k5,12070,ifa,NY,IFA,IFA_05,IFA,,36057,11220,3626880,"IFA Albany-Schenectady-Troy, NY",2.20258,
ifa_ny_k5,12071,ifa,NY,IFA,IFA_04,IFA,,36095,10580,3651561,"IFA Buffalo-Cheektowaga, NY",0.0,no cell in the extract: territory at zero opportunity
ifa_ny_k5,12072,ifa,NY,IFA,IFA_04,IFA,,36057,11220,3627859,"IFA Buffalo-Cheektowaga, NY",0.0,no cell in the extract: territory at zero opportunity
ifa_ny_k5,12074,ifa,NY,IFA,IFA_05,IFA,,36091,10580,3628101,"IFA Albany-Schenectady-Troy, NY",0.0,no cell in the extract: territory at zero opportunity
ifa_ny_k5,12075,ifa,NY,IFA,IFA_05,IFA,,36021,26460,3628860,"IFA Albany-Schenectady-Troy, NY",0.0,no cell in the extract: territory at zero opportunity
ifa_ny_k5,12076,ifa,NY,IFA,IFA_04,IFA,,36095,10580,,"IFA Buffalo-Cheektowaga, NY",0.0,no cell in the extract: territory at zero opportunity
ifa_ny_k5,12077,ifa,NY,IFA,IFA_05,IFA,,36001,10580,,"IFA Albany-Schenectady-Troy, NY",0.0,no cell in the extract: territory at zero opportunity
ifa_ny_k5,12078,ifa,NY,IFA,IFA_04,IFA,,36035,24100,3629443,"IFA Buffalo-Cheektowaga, NY",0.0,no cell in the extract: territory at zero opportunity
ifa_ny_k5,12082,ifa,NY,IFA,IFA_05,IFA,,36083,10580,,"IFA Albany-Schenectady-Troy, NY",0.0,no cell in the extract: territory at zero opportunity
ifa_ny_k5,12083,ifa,NY,IFA,IFA_05,IFA,,36039,,3630609,"IFA Albany-Schenectady-Troy, NY",0.0,no cell in the extract: territory at zero opportunity
ifa_ny_k5,12084,ifa,NY,IFA,IFA_05,IFA,,36001,10580,3680423,"IFA Albany-Schenectady-Troy, NY",0.0,no cell in the extract: territory at zero opportunity
ifa_ny_k5,12085,ifa,NY,IFA,IFA_05,IFA,,36001,10580,,"IFA Albany-Schenectady-Troy, NY",0.0,no cell in the extract: territory at zero opportunity
ifa_ny_k5,12086,ifa,NY,IFA,IFA_05,IFA,,36091,10580,3631291,"IFA Albany-Schenectady-Troy, NY",0.0,no cell in the extract: territory at zero opportunity
ifa_ny_k5,12087,ifa,NY,IFA,IFA_05,IFA,,36039,,3649924,"IFA Albany-Schenectady-Troy, NY",0.0,no cell in the extract: territory at zero opportunity
ifa_ny_k5,12090,ifa,NY,IFA,IFA_05,IFA,,36083,10580,3635474,"IFA Albany-Schenectady-Troy, NY",0.0,no cell in the extract: territory at zero opportunity
ifa_ny_k5,12092,ifa,NY,IFA,IFA_04,IFA,,36095,10580,3613530,"IFA Buffalo-Cheektowaga, NY",0.0,no cell in the extract: territory at zero opportunity
ifa_ny_k5,12093,ifa,NY,IFA,IFA_04,IFA,,36095,10580,3638429,"IFA Buffalo-Cheektowaga, NY",0.0,no cell in the extract: territory at zero opportunity
ifa_ny_k5,12094,ifa,NY,IFA,IFA_05,IFA,,36083,10580,,"IFA Albany-Schenectady-Troy, NY",0.0,no cell in the extract: territory at zero opportunity
ifa_ny_k5,12095,ifa,NY,IFA,IFA_04,IFA,,36035,24100,3638781,"IFA Buffalo-Cheektowaga, NY",3.31613,
ifa_ny_k5,12106,ifa,NY,IFA,IFA_05,IFA,,36021,26460,3639562,"IFA Albany-Schenectady-Troy, NY",0.0,no cell in the extract: territory at zero opportunity
ifa_ny_k5,12108,ifa,NY,IFA,IFA_04,IFA,,36041,,3670123,"IFA Buffalo-Cheektowaga, NY",0.0,no cell in the extract: territory at zero opportunity
ifa_ny_k5,12110,ifa,NY,IFA,IFA_05,IFA,,36001,10580,3641399,"IFA Albany-Schenectady-Troy, NY",37.7997,
ifa_ny_k5,12115,ifa,NY,IFA,IFA_05,IFA,,36021,26460,,"IFA Albany-Schenectady-Troy, NY",0.0,no cell in the extract: territory at zero opportunity
ifa_ny_k5,12116,ifa,NY,IFA,IFA_05,IFA,,36077,36580,3659443,"IFA Albany-Schenectady-Troy, NY",0.0,no cell in the extract: territory at zero opportunity
ifa_ny_k5,12117,ifa,NY,IFA,IFA_04,IFA,,36035,24100,3646206,"IFA Buffalo-Cheektowaga, NY",0.538201,
ifa_ny_k5,12118,ifa,NY,IFA,IFA_05,IFA,,36091,10580,3646360,"IFA Albany-Schenectady-Troy, NY",0.00596588,
ifa_ny_k5,12120,ifa,NY,IFA,IFA_05,IFA,,36001,10580,,"IFA Albany-Schenectady-Troy, NY",0.0,no cell in the extract: territory at zero opportunity
ifa_ny_k5,12121,ifa,NY,IFA,IFA_05,IFA,,36083,10580,,"IFA Albany-Schenectady-Troy, NY",13.5907,
ifa_ny_k5,12122,ifa,NY,IFA,IFA_04,IFA,,36095,10580,3646866,"IFA Buffalo-Cheektowaga, NY",0.0,no cell in the extract: territory at zero opportunity
ifa_ny_k5,12123,ifa,NY,IFA,IFA_05,IFA,,36083,10580,3649555,"IFA Albany-Schenectady-Troy, NY",0.0,no cell in the extract: territory at zero opportunity
ifa_ny_k5,12124,ifa,NY,IFA,IFA_05,IFA,,36039,,3649924,"IFA Albany-Schenectady-Troy, NY",0.0,no cell in the extract: territory at zero opportunity
ifa_ny_k5,12125,ifa,NY,IFA,IFA_05,IFA,,36021,26460,,"IFA Albany-Schenectady-Troy, NY",0.0,no cell in the extract: territory at zero opportunity
ifa_ny_k5,12130,ifa,NY,IFA,IFA_05,IFA,,36021,26460,3651297,"IFA Albany-Schenectady-Troy, NY",0.15909,
ifa_ny_k5,12131,ifa,NY,IFA,IFA_04,IFA,,36095,10580,3651561,"IFA Buffalo-Cheektowaga, NY",0.0,no cell in the extract: territory at zero opportunity
ifa_ny_k5,12132,ifa,NY,IFA,IFA_05,IFA,,36021,26460,,"IFA Albany-Schenectady-Troy, NY",0.0,no cell in the extract: territory at zero opportunity
ifa_ny_k5,12134,ifa,NY,IFA,IFA_04,IFA,,36041,,3653770,"IFA Buffalo-Cheektowaga, NY",0.0,no cell in the extract: territory at zero opportunity
ifa_ny_k5,12136,ifa,NY,IFA,IFA_05,IFA,,36021,26460,,"IFA Albany-Schenectady-Troy, NY",0.0,no cell in the extract: territory at zero opportunity
ifa_ny_k5,12137,ifa,NY,IFA,IFA_05,IFA,,36093,10580,3645573,"IFA Albany-Schenectady-Troy, NY",0.0,no cell in the extract: territory at zero opportunity
ifa_ny_k5,12138,ifa,NY,IFA,IFA_05,IFA,,36083,10580,,"IFA Albany-Schenectady-Troy, NY",0.0,no cell in the extract: territory at zero opportunity
ifa_ny_k5,12139,ifa,NY,IFA,IFA_04,IFA,,36041,,,"IFA Buffalo-Cheektowaga, NY",0.0,no cell in the extract: territory at zero opportunity
ifa_ny_k5,12140,ifa,NY,IFA,IFA_05,IFA,,36083,10580,3658794,"IFA Albany-Schenectady-Troy, NY",0.0,no cell in the extract: territory at zero opportunity
ifa_ny_k5,12143,ifa,NY,IFA,IFA_05,IFA,,36001,10580,3660675,"IFA Albany-Schenectady-Troy, NY",0.0,no cell in the extract: territory at zero opportunity
ifa_ny_k5,12144,ifa,NY,IFA,IFA_05,IFA,,36083,10580,3661148,"IFA Albany-Schenectady-Troy, NY",0.0933921,
ifa_ny_k5,12147,ifa,NY,IFA,IFA_05,IFA,,36001,10580,,"IFA Albany-Schenectady-Troy, NY",0.0,no cell in the extract: territory at zero opportunity
ifa_ny_k5,12148,ifa,NY,IFA,IFA_05,IFA,,36091,10580,,"IFA Albany-Schenectady-Troy, NY",0.0,no cell in the extract: territory at zero opportunity
ifa_ny_k5,12149,ifa,NY,IFA,IFA_04,IFA,,36095,10580,3661588,"IFA Buffalo-Cheektowaga, NY",0.0,no cell in the extract: territory at zero opportunity
ifa_ny_k5,12150,ifa,NY,IFA,IFA_05,IFA,,36093,10580,,"IFA Albany-Schenectady-Troy, NY",0.0,no cell in the extract: territory at zero opportunity
ifa_ny_k5,12151,ifa,NY,IFA,IFA_05,IFA,,36091,10580,3663957,"IFA Albany-Schenectady-Troy, NY",0.0,no cell in the extract: territory at zero opportunity
ifa_ny_k5,12153,ifa,NY,IFA,IFA_05,IFA,,36083,10580,3603320,"IFA Albany-Schenectady-Troy, NY",0.0,no cell in the extract: territory at zero opportunity
ifa_ny_k5,12154,ifa,NY,IFA,IFA_05,IFA,,36083,10580,3665475,"IFA Albany-Schenectady-Troy, NY",0.0,no cell in the extract: territory at zero opportunity
ifa_ny_k5,12155,ifa,NY,IFA,IFA_05,IFA,,36077,36580,3665519,"IFA Albany-Schenectady-Troy, NY",0.0,no cell in the extract: territory at zero opportunity
ifa_ny_k5,12156,ifa,NY,IFA,IFA_05,IFA,,36083,10580,,"IFA Albany-Schenectady-Troy, NY",0.0,no cell in the extract: territory at zero opportunity
ifa_ny_k5,12157,ifa,NY,IFA,IFA_04,IFA,,36095,10580,3665585,"IFA Buffalo-Cheektowaga, NY",0.0,no cell in the extract: territory at zero opportunity
ifa_ny_k5,12158,ifa,NY,IFA,IFA_05,IFA,,36001,10580,3660675,"IFA Albany-Schenectady-Troy, NY",1.3723,
ifa_ny_k5,12159,ifa,NY,IFA,IFA_05,IFA,,36001,10580,3680423,"IFA Albany-Schenectady-Troy, NY",20.0798,
ifa_ny_k5,12160,ifa,NY,IFA,IFA_04,IFA,,36095,10580,,"IFA Buffalo-Cheektowaga, NY",0.0,no cell in the extract: territory at zero opportunity
ifa_ny_k5,12161,ifa,NY,IFA,IFA_05,IFA,,36001,10580,,"IFA Albany-Schenectady-Troy, NY",0.0,no cell in the extract: territory at zero opportunity
ifa_ny_k5,12164,ifa,NY,IFA,IFA_04,IFA,,36041,,3670123,"IFA Buffalo-Cheektowaga, NY",0.0,no cell in the extract: territory at zero opportunity
ifa_ny_k5,12165,ifa,NY,IFA,IFA_05,IFA,,36021,26460,,"IFA Albany-Schenectady-Troy, NY",0.0,no cell in the extract: territory at zero opportunity
ifa_ny_k5,12166,ifa,NY,IFA,IFA_04,IFA,,36057,11220,,"IFA Buffalo-Cheektowaga, NY",0.0,no cell in the extract: territory at zero opportunity
ifa_ny_k5,12167,ifa,NY,IFA,IFA_04,IFA,,36095,10580,3670618,"IFA Buffalo-Cheektowaga, NY",0.0,no cell in the extract: territory at zero opportunity
ifa_ny_k5,12168,ifa,NY,IFA,IFA_05,IFA,,36083,10580,,"IFA Albany-Schenectady-Troy, NY",0.0,no cell in the extract: territory at zero opportunity
ifa_ny_k5,12169,ifa,NY,IFA,IFA_05,IFA,,36083,10580,,"IFA Albany-Schenectady-Troy, NY",0.0,no cell in the extract: territory at zero opportunity
ifa_ny_k5,12170,ifa,NY,IFA,IFA_05,IFA,,36091,10580,3671322,"IFA Albany-Schenectady-Troy, NY",0.0,no cell in the extract: territory at zero opportunity
ifa_ny_k5,12172,ifa,NY,IFA,IFA_05,IFA,,36021,26460,3671718,"IFA Albany-Schenectady-Troy, NY",0.0,no cell in the extract: territory at zero opportunity
ifa_ny_k5,12173,ifa,NY,IFA,IFA_05,IFA,,36021,26460,,"IFA Albany-Schenectady-Troy, NY",0.0,no cell in the extract: territory at zero opportunity
ifa_ny_k5,12174,ifa,NY,IFA,IFA_05,IFA,,36021,26460,,"IFA Albany-Schenectady-Troy, NY",0.0,no cell in the extract: territory at zero opportunity
ifa_ny_k5,12175,ifa,NY,IFA,IFA_04,IFA,,36095,10580,,"IFA Buffalo-Cheektowaga, NY",0.0,no cell in the extract: territory at zero opportunity
ifa_ny_k5,12176,ifa,NY,IFA,IFA_05,IFA,,36039,,,"IFA Albany-Schenectady-Troy, NY",0.0,no cell in the extract: territory at zero opportunity
ifa_ny_k5,12177,ifa,NY,IFA,IFA_05,IFA,,36057,11220,3675341,"IFA Albany-Schenectady-Troy, NY",0.0,no cell in the extract: territory at zero opportunity
ifa_ny_k5,12180,ifa,NY,IFA,IFA_05,IFA,,36083,10580,3675484,"IFA Albany-Schenectady-Troy, NY",0.933154,
ifa_ny_k5,12182,ifa,NY,IFA,IFA_05,IFA,,36083,10580,3675484,"IFA Albany-Schenectady-Troy, NY",0.0,no cell in the extract: territory at zero opportunity
ifa_ny_k5,12183,ifa,NY,IFA,IFA_05,IFA,,36001,10580,3630521,"IFA Albany-Schenectady-Troy, NY",0.0,no cell in the extract: territory at zero opportunity
ifa_ny_k5,12184,ifa,NY,IFA,IFA_05,IFA,,36021,26460,3651297,"IFA Albany-Schenectady-Troy, NY",0.0,no cell in the extract: territory at zero opportunity
ifa_ny_k5,12185,ifa,NY,IFA,IFA_05,IFA,,36083,10580,3676672,"IFA Albany-Schenectady-Troy, NY",0.0,no cell in the extract: territory at zero opportunity
ifa_ny_k5,12186,ifa,NY,IFA,IFA_05,IFA,,36001,10580,3677684,"IFA Albany-Schenectady-Troy, NY",0.0,no cell in the extract: territory at zero opportunity
ifa_ny_k5,12187,ifa,NY,IFA,IFA_04,IFA,,36095,10580,,"IFA Buffalo-Cheektowaga, NY",0.0,no cell in the extract: territory at zero opportunity
ifa_ny_k5,12188,ifa,NY,IFA,IFA_05,IFA,,36091,10580,3678520,"IFA Albany-Schenectady-Troy, NY",0.0755678,
ifa_ny_k5,12189,ifa,NY,IFA,IFA_05,IFA,,36001,10580,3678674,"IFA Albany-Schenectady-Troy, NY",0.0373862,
ifa_ny_k5,12190,ifa,NY,IFA,IFA_04,IFA,,36041,,3679048,"IFA Buffalo-Cheektowaga, NY",0.0,no cell in the extract: territory at zero opportunity
ifa_ny_k5,12192,ifa,NY,IFA,IFA_05,IFA,,36039,,3649924,"IFA Albany-Schenectady-Troy, NY",0.0047727,
ifa_ny_k5,12193,ifa,NY,IFA,IFA_05,IFA,,36001,10580,,"IFA Albany-Schenectady-Troy, NY",0.0,no cell in the extract: territory at zero opportunity
ifa_ny_k5,12194,ifa,NY,IFA,IFA_04,IFA,,36095,10580,,"IFA Buffalo-Cheektowaga, NY",0.341119,
ifa_ny_k5,12195,ifa,NY,IFA,IFA_05,IFA,,36021,26460,,"IFA Albany-Schenectady-Troy, NY",0.0,no cell in the extract: territory at zero opportunity
ifa_ny_k5,12196,ifa,NY,IFA,IFA_05,IFA,,36083,10580,3680863,"IFA Albany-Schenectady-Troy, NY",0.0,no cell in the extract: territory at zero opportunity
ifa_ny_k5,12197,ifa,NY,IFA,IFA_05,IFA,,36077,36580,3683118,"IFA Albany-Schenectady-Troy, NY",0.0,no cell in the extract: territory at zero opportunity
ifa_ny_k5,12198,ifa,NY,IFA,IFA_05,IFA,,36083,10580,3683349,"IFA Albany-Schenectady-Troy, NY",0.0,no cell in the extract: territory at zero opportunity
ifa_ny_k5,12202,ifa,NY,IFA,IFA_05,IFA,,36001,10580,3601000,"IFA Albany-Schenectady-Troy, NY",0.0,no cell in the extract: territory at zero opportunity
ifa_ny_k5,12203,ifa,NY,IFA,IFA_05,IFA,,36001,10580,3601000,"IFA Albany-Schenectady-Troy, NY",10.9034,
ifa_ny_k5,12204,ifa,NY,IFA,IFA_05,IFA,,36001,10580,3646536,"IFA Albany-Schenectady-Troy, NY",0.190249,
ifa_ny_k5,12205,ifa,NY,IFA,IFA_05,IFA,,36001,10580,3663363,"IFA Albany-Schenectady-Troy, NY",8.18058,
ifa_ny_k5,12206,ifa,NY,IFA,IFA_05,IFA,,36001,10580,3601000,"IFA Albany-Schenectady-Troy, NY",0.0,no cell in the extract: territory at zero opportunity
ifa_ny_k5,12207,ifa,NY,IFA,IFA_05,IFA,,36001,10580,3601000,"IFA Albany-Schenectady-Troy, NY",23.7041,
ifa_ny_k5,12208,ifa,NY,IFA,IFA_05,IFA,,36001,10580,3601000,"IFA Albany-Schenectady-Troy, NY",0.0,no cell in the extract: territory at zero opportunity
ifa_ny_k5,12209,ifa,NY,IFA,IFA_05,IFA,,36001,10580,3601000,"IFA Albany-Schenectady-Troy, NY",0.0,no cell in the extract: territory at zero opportunity
ifa_ny_k5,12210,ifa,NY,IFA,IFA_05,IFA,,36001,10580,3601000,"IFA Albany-Schenectady-Troy, NY",0.0,no cell in the extract: territory at zero opportunity
ifa_ny_k5,12211,ifa,NY,IFA,IFA_05,IFA,,36001,10580,3643566,"IFA Albany-Schenectady-Troy, NY",12.308,
ifa_ny_k5,12222,ifa,NY,IFA,IFA_05,IFA,,36001,10580,3601000,"IFA Albany-Schenectady-Troy, NY",0.0,no cell in the extract: territory at zero opportunity
ifa_ny_k5,12226,ifa,NY,IFA,IFA_05,IFA,,36001,10580,3601000,"IFA Albany-Schenectady-Troy, NY",0.0,no cell in the extract: territory at zero opportunity
ifa_ny_k5,12302,ifa,NY,IFA,IFA_05,IFA,,36093,10580,3622084,"IFA Albany-Schenectady-Troy, NY",0.0,no cell in the extract: territory at zero opportunity
ifa_ny_k5,12303,ifa,NY,IFA,IFA_05,IFA,,36001,10580,3663924,"IFA Albany-Schenectady-Troy, NY",0.0,no cell in the extract: territory at zero opportunity
ifa_ny_k5,12304,ifa,NY,IFA,IFA_05,IFA,,36093,10580,3665508,"IFA Albany-Schenectady-Troy, NY",0.0,no cell in the extract: territory at zero opportunity
ifa_ny_k5,12305,ifa,NY,IFA,IFA_05,IFA,,36093,10580,3665508,"IFA Albany-Schenectady-Troy, NY",0.0,no cell in the extract: territory at zero opportunity
ifa_ny_k5,12306,ifa,NY,IFA,IFA_05,IFA,,36093,10580,3663924,"IFA Albany-Schenectady-Troy, NY",0.0,no cell in the extract: territory at zero opportunity
ifa_ny_k5,12307,ifa,NY,IFA,IFA_05,IFA,,36093,10580,3665508,"IFA Albany-Schenectady-Troy, NY",0.0,no cell in the extract: territory at zero opportunity
ifa_ny_k5,12308,ifa,NY,IFA,IFA_05,IFA,,36093,10580,3665508,"IFA Albany-Schenectady-Troy, NY",0.0,no cell in the extract: territory at zero opportunity
ifa_ny_k5,12309,ifa,NY,IFA,IFA_05,IFA,,36093,10580,3651262,"IFA Albany-Schenectady-Troy, NY",0.706362,
ifa_ny_k5,12401,ifa,NY,IFA,IFA_05,IFA,,36111,28740,3639727,"IFA Albany-Schenectady-Troy, NY",4.80952,
ifa_ny_k5,12404,ifa,NY,IFA,IFA_05,IFA,,36111,28740,3600155,"IFA Albany-Schenectady-Troy, NY",0.0,no cell in the extract: territory at zero opportunity
ifa_ny_k5,12405,ifa,NY,IFA,IFA_05,IFA,,36039,,,"IFA Albany-Schenectady-Troy, NY",0.0,no cell in the extract: territory at zero opportunity
ifa_ny_k5,12406,ifa,NY,IFA,IFA_05,IFA,,36111,28740,,"IFA Albany-Schenectady-Troy, NY",0.0,no cell in the extract: territory at zero opportunity
ifa_ny_k5,12407,ifa,NY,IFA,IFA_05,IFA,,36039,,,"IFA Albany-Schenectady-Troy, NY",0.0,no cell in the extract: territory at zero opportunity
ifa_ny_k5,12409,ifa,NY,IFA,IFA_05,IFA,,36111,28740,3683041,"IFA Albany-Schenectady-Troy, NY",0.0,no cell in the extract: territory at zero opportunity
ifa_ny_k5,12410,ifa,NY,IFA,IFA_05,IFA,,36111,28740,3658057,"IFA Albany-Schenectady-Troy, NY",0.0,no cell in the extract: territory at zero opportunity
ifa_ny_k5,12411,ifa,NY,IFA,IFA_05,IFA,,36111,28740,,"IFA Albany-Schenectady-Troy, NY",0.0,no cell in the extract: territory at zero opportunity
ifa_ny_k5,12412,ifa,NY,IFA,IFA_05,IFA,,36111,28740,,"IFA Albany-Schenectady-Troy, NY",0.0,no cell in the extract: territory at zero opportunity
ifa_ny_k5,12413,ifa,NY,IFA,IFA_05,IFA,,36039,,3611638,"IFA Albany-Schenectady-Troy, NY",0.0,no cell in the extract: territory at zero opportunity
ifa_ny_k5,12414,ifa,NY,IFA,IFA_05,IFA,,36039,,3613002,"IFA Albany-Schenectady-Troy, NY",0.0,no cell in the extract: territory at zero opportunity
ifa_ny_k5,12416,ifa,NY,IFA,IFA_05,IFA,,36111,28740,,"IFA Albany-Schenectady-Troy, NY",0.0,no cell in the extract: territory at zero opportunity
ifa_ny_k5,12417,ifa,NY,IFA,IFA_05,IFA,,36111,28740,3659311,"IFA Albany-Schenectady-Troy, NY",0.0,no cell in the extract: territory at zero opportunity
ifa_ny_k5,12418,ifa,NY,IFA,IFA_05,IFA,,36039,,,"IFA Albany-Schenectady-Troy, NY",0.0,no cell in the extract: territory at zero opportunity
ifa_ny_k5,12419,ifa,NY,IFA,IFA_05,IFA,,36111,28740,,"IFA Albany-Schenectady-Troy, NY",0.0,no cell in the extract: territory at zero opportunity
ifa_ny_k5,12420,ifa,NY,IFA,IFA_05,IFA,,36111,28740,3618762,"IFA Albany-Schenectady-Troy, NY",0.0,no cell in the extract: territory at zero opportunity
ifa_ny_k5,12421,ifa,NY,IFA,IFA_05,IFA,,36025,,,"IFA Albany-Schenectady-Troy, NY",0.0,no cell in the extract: territory at zero opportunity
ifa_ny_k5,12422,ifa,NY,IFA,IFA_05,IFA,,36039,,,"IFA Albany-Schenectady-Troy, NY",0.0,no cell in the extract: territory at zero opportunity
ifa_ny_k5,12423,ifa,NY,IFA,IFA_05,IFA,,36039,,3621919,"IFA Albany-Schenectady-Troy, NY",0.0,no cell in the extract: territory at zero opportunity
ifa_ny_k5,12424,ifa,NY,IFA,IFA_05,IFA,,36039,,,"IFA Albany-Schenectady-Troy, NY",0.0,no cell in the extract: territory at zero opportunity
ifa_ny_k5,12427,ifa,NY,IFA,IFA_05,IFA,,36039,,,"IFA Albany-Schenectady-Troy, NY",0.0,no cell in the extract: territory at zero opportunity
ifa_ny_k5,12428,ifa,NY,IFA,IFA_05,IFA,,36111,28740,3623965,"IFA Albany-Schenectady-Troy, NY",0.123105,
ifa_ny_k5,12429,ifa,NY,IFA,IFA_05,IFA,,36111,28740,,"IFA Albany-Schenectady-Troy, NY",0.0,no cell in the extract: territory at zero opportunity
ifa_ny_k5,12430,ifa,NY,IFA,IFA_05,IFA,,36039,,3626209,"IFA Albany-Schenectady-Troy, NY",0.0,no cell in the extract: territory at zero opportunity
ifa_ny_k5,12431,ifa,NY,IFA,IFA_05,IFA,,36039,,,"IFA Albany-Schenectady-Troy, NY",0.0,no cell in the extract: territory at zero opportunity
ifa_ny_k5,12432,ifa,NY,IFA,IFA_05,IFA,,36111,28740,3629014,"IFA Albany-Schenectady-Troy, NY",0.0,no cell in the extract: territory at zero opportunity
ifa_ny_k5,12433,ifa,NY,IFA,IFA_05,IFA,,36111,28740,3680291,"IFA Albany-Schenectady-Troy, NY",0.0,no cell in the extract: territory at zero opportunity
ifa_ny_k5,12434,ifa,NY,IFA,IFA_05,IFA,,36025,,,"IFA Albany-Schenectady-Troy, NY",0.0,no cell in the extract: territory at zero opportunity
ifa_ny_k5,12435,ifa,NY,IFA,IFA_05,IFA,,36111,28740,,"IFA Albany-Schenectady-Troy, NY",0.0,no cell in the extract: territory at zero opportunity
ifa_ny_k5,12436,ifa,NY,IFA,IFA_05,IFA,,36039,,3631357,"IFA Albany-Schenectady-Troy, NY",0.0,no cell in the extract: territory at zero opportunity
ifa_ny_k5,12438,ifa,NY,IFA,IFA_05,IFA,,36025,,,"IFA Albany-Schenectady-Troy, NY",0.0,no cell in the extract: territory at zero opportunity
ifa_ny_k5,12439,ifa,NY,IFA,IFA_05,IFA,,36039,,,"IFA Albany-Schenectady-Troy, NY",0.0,no cell in the extract: territory at zero opportunity
ifa_ny_k5,12440,ifa,NY,IFA,IFA_05,IFA,,36111,28740,3634451,"IFA Albany-Schenectady-Troy, NY",0.0,no cell in the extract: territory at zero opportunity
ifa_ny_k5,12441,ifa,NY,IFA,IFA_05,IFA,,36025,,3658057,"IFA Albany-Schenectady-Troy, NY",0.0,no cell in the extract: territory at zero opportunity
ifa_ny_k5,12442,ifa,NY,IFA,IFA_05,IFA,,36039,,3636167,"IFA Albany-Schenectady-Troy, NY",0.0,no cell in the extract: territory at zero opportunity
ifa_ny_k5,12443,ifa,NY,IFA,IFA_05,IFA,,36111,28740,3637132,"IFA Albany-Schenectady-Troy, NY",0.0,no cell in the extract: territory at zero opportunity
ifa_ny_k5,12444,ifa,NY,IFA,IFA_05,IFA,,36039,,,"IFA Albany-Schenectady-Troy, NY",0.0,no cell in the extract: territory at zero opportunity
ifa_ny_k5,12446,ifa,NY,IFA,IFA_05,IFA,,36111,28740,3639397,"IFA Albany-Schenectady-Troy, NY",0.0,no cell in the extract: territory at zero opportunity
ifa_ny_k5,12448,ifa,NY,IFA,IFA_05,IFA,,36111,28740,,"IFA Albany-Schenectady-Troy, NY",0.0,no cell in the extract: territory at zero opportunity
ifa_ny_k5,12449,ifa,NY,IFA,IFA_05,IFA,,36111,28740,3640585,"IFA Albany-Schenectady-Troy, NY",0.00190908,
ifa_ny_k5,12450,ifa,NY,IFA,IFA_05,IFA,,36039,,,"IFA Albany-Schenectady-Troy, NY",0.0,no cell in the extract: territory at zero opportunity
ifa_ny_k5,12451,ifa,NY,IFA,IFA_05,IFA,,36039,,3641784,"IFA Albany-Schenectady-Troy, NY",0.0,no cell in the extract: territory at zero opportunity
ifa_ny_k5,12452,ifa,NY,IFA,IFA_05,IFA,,36039,,,"IFA Albany-Schenectady-Troy, NY",0.0,no cell in the extract: territory at zero opportunity
ifa_ny_k5,12453,ifa,NY,IFA,IFA_05,IFA,,36111,28740,3644677,"IFA Albany-Schenectady-Troy, NY",0.0,no cell in the extract: territory at zero opportunity
ifa_ny_k5,12454,ifa,NY,IFA,IFA_05,IFA,,36039,,,"IFA Albany-Schenectady-Troy, NY",0.0,no cell in the extract: territory at zero opportunity
ifa_ny_k5,12455,ifa,NY,IFA,IFA_05,IFA,,36025,,3645557,"IFA Albany-Schenectady-Troy, NY",0.0,no cell in the extract: territory at zero opportunity
ifa_ny_k5,12456,ifa,NY,IFA,IFA_05,IFA,,36111,28740,,"IFA Albany-Schenectady-Troy, NY",0.0,no cell in the extract: territory at zero opportunity
ifa_ny_k5,12457,ifa,NY,IFA,IFA_05,IFA,,36111,28740,,"IFA Albany-Schenectady-Troy, NY",0.0,no cell in the extract: territory at zero opportunity
ifa_ny_k5,12458,ifa,NY,IFA,IFA_05,IFA,,36111,28740,3649418,"IFA Albany-Schenectady-Troy, NY",0.0,no cell in the extract: territory at zero opportunity
ifa_ny_k5,12459,ifa,NY,IFA,IFA_05,IFA,,36025,,,"IFA Albany-Schenectady-Troy, NY",0.0,no cell in the extract: territory at zero opportunity
ifa_ny_k5,12460,ifa,NY,IFA,IFA_05,IFA,,36001,10580,3659831,"IFA Albany-Schenectady-Troy, NY",0.0,no cell in the extract: territory at zero opportunity
ifa_ny_k5,12461,ifa,NY,IFA,IFA_05,IFA,,36111,28740,,"IFA Albany-Schenectady-Troy, NY",0.0,no cell in the extract: territory at zero opportunity
ifa_ny_k5,12463,ifa,NY,IFA,IFA_05,IFA,,36039,,3656132,"IFA Albany-Schenectady-Troy, NY",0.0,no cell in the extract: territory at zero opportunity
ifa_ny_k5,12464,ifa,NY,IFA,IFA_05,IFA,,36111,28740,3657650,"IFA Albany-Schenectady-Troy, NY",0.0,no cell in the extract: territory at zero opportunity
ifa_ny_k5,12465,ifa,NY,IFA,IFA_05,IFA,,36111,28740,3658057,"IFA Albany-Schenectady-Troy, NY",0.0,no cell in the extract: territory at zero opportunity
ifa_ny_k5,12466,ifa,NY,IFA,IFA_05,IFA,,36111,28740,3659311,"IFA Albany-Schenectady-Troy, NY",0.0,no cell in the extract: territory at zero opportunity
ifa_ny_k5,12468,ifa,NY,IFA,IFA_05,IFA,,36039,,3659740,"IFA Albany-Schenectady-Troy, NY",0.0,no cell in the extract: territory at zero opportunity
ifa_ny_k5,12469,ifa,NY,IFA,IFA_05,IFA,,36001,10580,3659831,"IFA Albany-Schenectady-Troy, NY",0.0,no cell in the extract: territory at zero opportunity
ifa_ny_k5,12470,ifa,NY,IFA,IFA_05,IFA,,36039,,3611638,"IFA Albany-Schenectady-Troy, NY",0.0,no cell in the extract: territory at zero opportunity
ifa_ny_k5,12471,ifa,NY,IFA,IFA_05,IFA,,36111,28740,3661797,"IFA Albany-Schenectady-Troy, NY",0.0,no cell in the extract: territory at zero opportunity
ifa_ny_k5,12472,ifa,NY,IFA,IFA_05,IFA,,36111,28740,3663725,"IFA Albany-Schenectady-Troy, NY",0.0,no cell in the extract: territory at zero opportunity
ifa_ny_k5,12473,ifa,NY,IFA,IFA_05,IFA,,36039,,3663968,"IFA Albany-Schenectady-Troy, NY",0.0,no cell in the extract: territory at zero opportunity
ifa_ny_k5,12474,ifa,NY,IFA,IFA_05,IFA,,36025,,,"IFA Albany-Schenectady-Troy, NY",0.0,no cell in the extract: territory at zero opportunity
ifa_ny_k5,12475,ifa,NY,IFA,IFA_05,IFA,,36111,28740,3664056,"IFA Albany-Schenectady-Troy, NY",0.0,no cell in the extract: territory at zero opportunity
ifa_ny_k5,12477,ifa,NY,IFA,IFA_05,IFA,,36111,28740,3665288,"IFA Albany-Schenectady-Troy, NY",0.493045,
ifa_ny_k5,12480,ifa,NY,IFA,IFA_05,IFA,,36039,,,"IFA Albany-Schenectady-Troy, NY",0.0,no cell in the extract: territory at zero opportunity
ifa_ny_k5,12481,ifa,NY,IFA,IFA_05,IFA,,36111,28740,3667081,"IFA Albany-Schenectady-Troy, NY",0.0,no cell in the extract: territory at zero opportunity
ifa_ny_k5,12482,ifa,NY,IFA,IFA_05,IFA,,36039,,3668737,"IFA Albany-Schenectady-Troy, NY",0.0,no cell in the extract: territory at zero opportunity
ifa_ny_k5,12483,ifa,NY,IFA,IFA_05,IFA,,36105,33910,,"IFA Albany-Schenectady-Troy, NY",0.0,no cell in the extract: territory at zero opportunity
ifa_ny_k5,12484,ifa,NY,IFA,IFA_05,IFA,,36111,28740,3671597,"IFA Albany-Schenectady-Troy, NY",0.0,no cell in the extract: territory at zero opportunity
ifa_ny_k5,12485,ifa,NY,IFA,IFA_05,IFA,,36039,,3673143,"IFA Albany-Schenectady-Troy, NY",0.0,no cell in the extract: territory at zero opportunity
ifa_ny_k5,12486,ifa,NY,IFA,IFA_05,IFA,,36111,28740,3673902,"IFA Albany-Schenectady-Troy, NY",0.0,no cell in the extract: territory at zero opportunity
ifa_ny_k5,12487,ifa,NY,IFA,IFA_05,IFA,,36111,28740,3659311,"IFA Albany-Schenectady-Troy, NY",0.0,no cell in the extract: territory at zero opportunity
ifa_ny_k5,12489,ifa,NY,IFA,IFA_05,IFA,,36111,28740,3649418,"IFA Albany-Schenectady-Troy, NY",0.0,no cell in the extract: territory at zero opportunity
ifa_ny_k5,12490,ifa,NY,IFA,IFA_05,IFA,,36111,28740,,"IFA Albany-Schenectady-Troy, NY",0.0,no cell in the extract: territory at zero opportunity
ifa_ny_k5,12491,ifa,NY,IFA,IFA_05,IFA,,36111,28740,3680291,"IFA Albany-Schenectady-Troy, NY",0.00636361,
ifa_ny_k5,12492,ifa,NY,IFA,IFA_05,IFA,,36039,,3680324,"IFA Albany-Schenectady-Troy, NY",0.0,no cell in the extract: territory at zero opportunity
ifa_ny_k5,12493,ifa,NY,IFA,IFA_05,IFA,,36111,28740,,"IFA Albany-Schenectady-Troy, NY",0.0,no cell in the extract: territory at zero opportunity
ifa_ny_k5,12494,ifa,NY,IFA,IFA_05,IFA,,36111,28740,,"IFA Albany-Schenectady-Troy, NY",0.0,no cell in the extract: territory at zero opportunity
ifa_ny_k5,12495,ifa,NY,IFA,IFA_05,IFA,,36111,28740,,"IFA Albany-Schenectady-Troy, NY",0.0,no cell in the extract: territory at zero opportunity
ifa_ny_k5,12496,ifa,NY,IFA,IFA_05,IFA,,36039,,3682469,"IFA Albany-Schenectady-Troy, NY",0.339615,
ifa_ny_k5,12498,ifa,NY,IFA,IFA_05,IFA,,36111,28740,3683041,"IFA Albany-Schenectady-Troy, NY",0.286362,
ifa_ny_k5,12501,ifa,NY,IFA,IFA_05,IFA,,36027,28880,3601682,"IFA Albany-Schenectady-Troy, NY",0.0,no cell in the extract: territory at zero opportunity
ifa_ny_k5,12502,ifa,NY,IFA,IFA_05,IFA,,36021,26460,,"IFA Albany-Schenectady-Troy, NY",0.0,no cell in the extract: territory at zero opportunity
ifa_ny_k5,12503,ifa,NY,IFA,IFA_05,IFA,,36021,26460,,"IFA Albany-Schenectady-Troy, NY",0.0,no cell in the extract: territory at zero opportunity
ifa_ny_k5,12504,ifa,NY,IFA,IFA_05,IFA,,36027,28880,3604388,"IFA Albany-Schenectady-Troy, NY",0.0,no cell in the extract: territory at zero opportunity
ifa_ny_k5,12507,ifa,NY,IFA,IFA_05,IFA,,36027,28880,3604605,"IFA Albany-Schenectady-Troy, NY",0.0,no cell in the extract: territory at zero opportunity
ifa_ny_k5,12508,ifa,NY,IFA,IFA_05,IFA,,36027,28880,3605100,"IFA Albany-Schenectady-Troy, NY",17.2321,
ifa_ny_k5,12512,ifa,NY,IFA,IFA_05,IFA,,36027,28880,,"IFA Albany-Schenectady-Troy, NY",0.0,no cell in the extract: territory at zero opportunity
ifa_ny_k5,12513,ifa,NY,IFA,IFA_05,IFA,,36021,26460,3616050,"IFA Albany-Schenectady-Troy, NY",2.08893,
ifa_ny_k5,12514,ifa,NY,IFA,IFA_05,IFA,,36027,28880,,"IFA Albany-Schenectady-Troy, NY",0.0,no cell in the extract: territory at zero opportunity
ifa_ny_k5,12515,ifa,NY,IFA,IFA_05,IFA,,36111,28740,3616452,"IFA Albany-Schenectady-Troy, NY",0.0,no cell in the extract: territory at zero opportunity
ifa_ny_k5,12516,ifa,NY,IFA,IFA_05,IFA,,36021,26460,3618124,"IFA Albany-Schenectady-Troy, NY",0.0,no cell in the extract: territory at zero opportunity
ifa_ny_k5,12517,ifa,NY,IFA,IFA_05,IFA,,36021,26460,3618113,"IFA Albany-Schenectady-Troy, NY",0.0,no cell in the extract: territory at zero opportunity
ifa_ny_k5,12518,ifa,NY,IFA,IFA_05,IFA,,36071,28880,3625857,"IFA Albany-Schenectady-Troy, NY",2.4323,
ifa_ny_k5,12520,ifa,NY,IFA,IFA_05,IFA,,36071,28880,3618333,"IFA Albany-Schenectady-Troy, NY",0.0,no cell in the extract: territory at zero opportunity
ifa_ny_k5,12521,ifa,NY,IFA,IFA_05,IFA,,36021,26460,3618124,"IFA Albany-Schenectady-Troy, NY",0.0,no cell in the extract: territory at zero opportunity
ifa_ny_k5,12522,ifa,NY,IFA,IFA_05,IFA,,36027,28880,3620841,"IFA Albany-Schenectady-Troy, NY",0.0,no cell in the extract: territory at zero opportunity
ifa_ny_k5,12523,ifa,NY,IFA,IFA_05,IFA,,36021,26460,,"IFA Albany-Schenectady-Troy, NY",0.0,no cell in the extract: territory at zero opportunity
ifa_ny_k5,12524,ifa,NY,IFA,IFA_05,IFA,,36027,28880,3608334,"IFA Albany-Schenectady-Troy, NY",1.55596,
ifa_ny_k5,12525,ifa,NY,IFA,IFA_05,IFA,,36111,28740,3628244,"IFA Albany-Schenectady-Troy, NY",0.0,no cell in the extract: territory at zero opportunity
ifa_ny_k5,12526,ifa,NY,IFA,IFA_05,IFA,,36021,26460,3628761,"IFA Albany-Schenectady-Troy, NY",0.0,no cell in the extract: territory at zero opportunity
ifa_ny_k5,12527,ifa,NY,IFA,IFA_05,IFA,,36027,28880,,"IFA Albany-Schenectady-Troy, NY",0.0,no cell in the extract: territory at zero opportunity
ifa_ny_k5,12528,ifa,NY,IFA,IFA_05,IFA,,36111,28740,3634484,"IFA Albany-Schenectady-Troy, NY",0.0190033,
ifa_ny_k5,12529,ifa,NY,IFA,IFA_05,IFA,,36021,26460,3618124,"IFA Albany-Schenectady-Troy, NY",0.0,no cell in the extract: territory at zero opportunity
ifa_ny_k5,12530,ifa,NY,IFA,IFA_05,IFA,,36021,26460,,"IFA Albany-Schenectady-Troy, NY",0.0,no cell in the extract: territory at zero opportunity
ifa_ny_k5,12531,ifa,NY,IFA,IFA_05,IFA,,36027,28880,3667207,"IFA Albany-Schenectady-Troy, NY",0.0,no cell in the extract: territory at zero opportunity
ifa_ny_k5,12533,ifa,NY,IFA,IFA_05,IFA,,36027,28880,3635573,"IFA Albany-Schenectady-Troy, NY",4.18452,
ifa_ny_k5,12534,ifa,NY,IFA,IFA_05,IFA,,36021,26460,3671718,"IFA Albany-Schenectady-Troy, NY",0.175367,
ifa_ny_k5,12538,ifa,NY,IFA,IFA_05,IFA,,36027,28880,3632776,"IFA Albany-Schenectady-Troy, NY",0.0,no cell in the extract: territory at zero opportunity
ifa_ny_k5,12540,ifa,NY,IFA,IFA_05,IFA,,36027,28880,3627452,"IFA Albany-Schenectady-Troy, NY",0.0,no cell in the extract: territory at zero opportunity
ifa_ny_k5,12542,ifa,NY,IFA,IFA_05,IFA,,36111,28740,3645700,"IFA Albany-Schenectady-Troy, NY",0.0,no cell in the extract: territory at zero opportunity
ifa_ny_k5,12543,ifa,NY,IFA,IFA_05,IFA,,36071,28880,3646162,"IFA Albany-Schenectady-Troy, NY",0.0,no cell in the extract: territory at zero opportunity
ifa_ny_k5,12544,ifa,NY,IFA,IFA_05,IFA,,36021,26460,,"IFA Albany-Schenectady-Troy, NY",0.0,no cell in the extract: territory at zero opportunity
ifa_ny_k5,12545,ifa,NY,IFA,IFA_05,IFA,,36027,28880,3647273,"IFA Albany-Schenectady-Troy, NY",0.0015909,
ifa_ny_k5,12546,ifa,NY,IFA,IFA_05,IFA,,36027,28880,3647361,"IFA Albany-Schenectady-Troy, NY",0.0,no cell in the extract: territory at zero opportunity
ifa_ny_k5,12547,ifa,NY,IFA,IFA_05,IFA,,36111,28740,3647554,"IFA Albany-Schenectady-Troy, NY",0.0,no cell in the extract: territory at zero opportunity
ifa_ny_k5,12548,ifa,NY,IFA,IFA_05,IFA,,36111,28740,,"IFA Albany-Schenectady-Troy, NY",0.0,no cell in the extract: territory at zero opportunity
ifa_ny_k5,12549,ifa,NY,IFA,IFA_05,IFA,,36071,28880,3648142,"IFA Albany-Schenectady-Troy, NY",7.46768,
ifa_ny_k5,12550,ifa,NY,IFA,IFA_05,IFA,,36071,28880,3655189,"IFA Albany-Schenectady-Troy, NY",9.04813,
ifa_ny_k5,12553,ifa,NY,IFA,IFA_05,IFA,,36071,28880,3650837,"IFA Albany-Schenectady-Troy, NY",0.0726401,
ifa_ny_k5,12561,ifa,NY,IFA,IFA_05,IFA,,36111,28740,3650551,"IFA Albany-Schenectady-Troy, NY",18.2955,
ifa_ny_k5,12563,ifa,NY,IFA,IFA_05,IFA,,36079,35620,3660103,"IFA Albany-Schenectady-Troy, NY",0.0,no cell in the extract: territory at zero opportunity
ifa_ny_k5,12564,ifa,NY,IFA,IFA_05,IFA,,36027,28880,3656814,"IFA Albany-Schenectady-Troy, NY",0.342026,
ifa_ny_k5,12565,ifa,NY,IFA,IFA_05,IFA,,36021,26460,3657639,"IFA Albany-Schenectady-Troy, NY",0.0,no cell in the extract: territory at zero opportunity
ifa_ny_k5,12566,ifa,NY,IFA,IFA_05,IFA,,36111,28740,3677948,"IFA Albany-Schenectady-Troy, NY",0.0,no cell in the extract: territory at zero opportunity
ifa_ny_k5,12567,ifa,NY,IFA,IFA_05,IFA,,36027,28880,3658145,"IFA Albany-Schenectady-Troy, NY",0.0,no cell in the extract: territory at zero opportunity
ifa_ny_k5,12569,ifa,NY,IFA,IFA_05,IFA,,36027,28880,3658684,"IFA Albany-Schenectady-Troy, NY",1.74471,
ifa_ny_k5,12570,ifa,NY,IFA,IFA_05,IFA,,36027,28880,,"IFA Albany-Schenectady-Troy, NY",7.37223,
ifa_ny_k5,12571,ifa,NY,IFA,IFA_05,IFA,,36027,28880,3660895,"IFA Albany-Schenectady-Troy, NY",4.51459,
ifa_ny_k5,12572,ifa,NY,IFA,IFA_05,IFA,,36027,28880,3661346,"IFA Albany-Schenectady-Troy, NY",0.882972,
ifa_ny_k5,12574,ifa,NY,IFA,IFA_05,IFA,,36027,28880,3661368,"IFA Albany-Schenectady-Troy, NY",0.0,no cell in the extract: territory at zero opportunity
ifa_ny_k5,12575,ifa,NY,IFA,IFA_05,IFA,,36071,28880,3655189,"IFA Albany-Schenectady-Troy, NY",0.0,no cell in the extract: territory at zero opportunity
ifa_ny_k5,12577,ifa,NY,IFA,IFA_05,IFA,,36071,28880,3605188,"IFA Albany-Schenectady-Troy, NY",0.0,no cell in the extract: territory at zero opportunity
ifa_ny_k5,12578,ifa,NY,IFA,IFA_05,IFA,,36027,28880,3664892,"IFA Albany-Schenectady-Troy, NY",0.0,no cell in the extract: territory at zero opportunity
ifa_ny_k5,12580,ifa,NY,IFA,IFA_05,IFA,,36027,28880,3670552,"IFA Albany-Schenectady-Troy, NY",0.0,no cell in the extract: territory at zero opportunity
ifa_ny_k5,12581,ifa,NY,IFA,IFA_05,IFA,,36027,28880,,"IFA Albany-Schenectady-Troy, NY",0.0,no cell in the extract: territory at zero opportunity
ifa_ny_k5,12582,ifa,NY,IFA,IFA_05,IFA,,36027,28880,,"IFA Albany-Schenectady-Troy, NY",0.0,no cell in the extract: territory at zero opportunity
ifa_ny_k5,12583,ifa,NY,IFA,IFA_05,IFA,,36027,28880,3674023,"IFA Albany-Schenectady-Troy, NY",0.0,no cell in the extract: territory at zero opportunity
ifa_ny_k5,12585,ifa,NY,IFA,IFA_05,IFA,,36027,28880,,"IFA Albany-Schenectady-Troy, NY",0.0,no cell in the extract: territory at zero opportunity
ifa_ny_k5,12586,ifa,NY,IFA,IFA_05,IFA,,36071,28880,3677849,"IFA Albany-Schenectady-Troy, NY",0.0,no cell in the extract: territory at zero opportunity
ifa_ny_k5,12589,ifa,NY,IFA,IFA_05,IFA,,36111,28740,3678003,"IFA Albany-Schenectady-Troy, NY",1.42516,
ifa_ny_k5,12590,ifa,NY,IFA,IFA_05,IFA,,36027,28880,3649363,"IFA Albany-Schenectady-Troy, NY",27.0161,
ifa_ny_k5,12592,ifa,NY,IFA,IFA_05,IFA,,36027,28880,3678476,"IFA Albany-Schenectady-Troy, NY",0.0,no cell in the extract: territory at zero opportunity
ifa_ny_k5,12594,ifa,NY,IFA,IFA_05,IFA,,36027,28880,3682579,"IFA Albany-Schenectady-Troy, NY",0.0,no cell in the extract: territory at zero opportunity
ifa_ny_k5,12601,ifa,NY,IFA,IFA_05,IFA,,36027,28880,3659641,"IFA Albany-Schenectady-Troy, NY",19.968,
ifa_ny_k5,12603,ifa,NY,IFA,IFA_05,IFA,,36027,28880,3660983,"IFA Albany-Schenectady-Troy, NY",8.06169,
ifa_ny_k5,12604,ifa,NY,IFA,IFA_05,IFA,,36027,28880,3676985,"IFA Albany-Schenectady-Troy, NY",0.0,no cell in the extract: territory at zero opportunity
ifa_ny_k5,12701,ifa,NY,IFA,IFA_05,IFA,,36105,33910,3648175,"IFA Albany-Schenectady-Troy, NY",0.0,no cell in the extract: territory at zero opportunity
ifa_ny_k5,12719,ifa,NY,IFA,IFA_05,IFA,,36105,33910,3604616,"IFA Albany-Schenectady-Troy, NY",0.0,no cell in the extract: territory at zero opportunity
ifa_ny_k5,12720,ifa,NY,IFA,IFA_05,IFA,,36105,33910,,"IFA Albany-Schenectady-Troy, NY",0.0,no cell in the extract: territory at zero opportunity
ifa_ny_k5,12721,ifa,NY,IFA,IFA_05,IFA,,36105,33910,3606959,"IFA Albany-Schenectady-Troy, NY",0.0,no cell in the extract: territory at zero opportunity
ifa_ny_k5,12722,ifa,NY,IFA,IFA_05,IFA,,36105,33910,,"IFA Albany-Schenectady-Troy, NY",0.0,no cell in the extract: territory at zero opportunity
ifa_ny_k5,12723,ifa,NY,IFA,IFA_05,IFA,,36105,33910,3635738,"IFA Albany-Schenectady-Troy, NY",0.0,no cell in the extract: territory at zero opportunity
ifa_ny_k5,12724,ifa,NY,IFA,IFA_05,IFA,,36105,33910,,"IFA Albany-Schenectady-Troy, NY",0.0,no cell in the extract: territory at zero opportunity
ifa_ny_k5,12725,ifa,NY,IFA,IFA_05,IFA,,36111,28740,,"IFA Albany-Schenectady-Troy, NY",0.0,no cell in the extract: territory at zero opportunity
ifa_ny_k5,12726,ifa,NY,IFA,IFA_05,IFA,,36105,33910,3640552,"IFA Albany-Schenectady-Troy, NY",0.0,no cell in the extract: territory at zero opportunity
ifa_ny_k5,12729,ifa,NY,IFA,IFA_05,IFA,,36071,28880,,"IFA Albany-Schenectady-Troy, NY",0.0,no cell in the extract: territory at zero opportunity
ifa_ny_k5,12732,ifa,NY,IFA,IFA_05,IFA,,36105,33910,3623811,"IFA Albany-Schenectady-Troy, NY",0.0,no cell in the extract: territory at zero opportunity
ifa_ny_k5,12733,ifa,NY,IFA,IFA_05,IFA,,36105,33910,3625230,"IFA Albany-Schenectady-Troy, NY",0.0,no cell in the extract: territory at zero opportunity
ifa_ny_k5,12734,ifa,NY,IFA,IFA_05,IFA,,36105,33910,3642224,"IFA Albany-Schenectady-Troy, NY",0.0,no cell in the extract: territory at zero opportunity
ifa_ny_k5,12736,ifa,NY,IFA,IFA_05,IFA,,36105,33910,,"IFA Albany-Schenectady-Troy, NY",0.0,no cell in the extract: territory at zero opportunity
ifa_ny_k5,12737,ifa,NY,IFA,IFA_05,IFA,,36105,33910,,"IFA Albany-Schenectady-Troy, NY",0.0,no cell in the extract: territory at zero opportunity
ifa_ny_k5,12738,ifa,NY,IFA,IFA_05,IFA,,36105,33910,3663132,"IFA Albany-Schenectady-Troy, NY",0.0,no cell in the extract: territory at zero opportunity
ifa_ny_k5,12740,ifa,NY,IFA,IFA_05,IFA,,36111,28740,3629707,"IFA Albany-Schenectady-Troy, NY",0.0,no cell in the extract: territory at zero opportunity
ifa_ny_k5,12741,ifa,NY,IFA,IFA_05,IFA,,36105,33910,3631973,"IFA Albany-Schenectady-Troy, NY",0.0,no cell in the extract: territory at zero opportunity
ifa_ny_k5,12742,ifa,NY,IFA,IFA_05,IFA,,36105,33910,,"IFA Albany-Schenectady-Troy, NY",0.0,no cell in the extract: territory at zero opportunity
ifa_ny_k5,12743,ifa,NY,IFA,IFA_05,IFA,,36105,33910,,"IFA Albany-Schenectady-Troy, NY",0.0,no cell in the extract: territory at zero opportunity
ifa_ny_k5,12745,ifa,NY,IFA,IFA_05,IFA,,36105,33910,3635738,"IFA Albany-Schenectady-Troy, NY",0.0,no cell in the extract: territory at zero opportunity
ifa_ny_k5,12746,ifa,NY,IFA,IFA_05,IFA,,36071,28880,,"IFA Albany-Schenectady-Troy, NY",0.0,no cell in the extract: territory at zero opportunity
ifa_ny_k5,12747,ifa,NY,IFA,IFA_05,IFA,,36105,33910,3637154,"IFA Albany-Schenectady-Troy, NY",0.0,no cell in the extract: territory at zero opportunity
ifa_ny_k5,12748,ifa,NY,IFA,IFA_05,IFA,,36105,33910,3638506,"IFA Albany-Schenectady-Troy, NY",0.0,no cell in the extract: territory at zero opportunity
ifa_ny_k5,12749,ifa,NY,IFA,IFA_05,IFA,,36105,33910,3638985,"IFA Albany-Schenectady-Troy, NY",0.0,no cell in the extract: territory at zero opportunity
ifa_ny_k5,12750,ifa,NY,IFA,IFA_05,IFA,,36105,33910,,"IFA Albany-Schenectady-Troy, NY",0.0,no cell in the extract: territory at zero opportunity
ifa_ny_k5,12751,ifa,NY,IFA,IFA_05,IFA,,36105,33910,3639485,"IFA Albany-Schenectady-Troy, NY",0.0,no cell in the extract: territory at zero opportunity
ifa_ny_k5,12752,ifa,NY,IFA,IFA_05,IFA,,36105,33910,3640552,"IFA Albany-Schenectady-Troy, NY",0.0,no cell in the extract: territory at zero opportunity
ifa_ny_k5,12754,ifa,NY,IFA,IFA_05,IFA,,36105,33910,3642224,"IFA Albany-Schenectady-Troy, NY",0.0,no cell in the extract: territory at zero opportunity
ifa_ny_k5,12758,ifa,NY,IFA,IFA_05,IFA,,36105,33910,3642928,"IFA Albany-Schenectady-Troy, NY",0.0,no cell in the extract: territory at zero opportunity
ifa_ny_k5,12759,ifa,NY,IFA,IFA_05,IFA,,36105,33910,3643038,"IFA Albany-Schenectady-Troy, NY",0.0,no cell in the extract: territory at zero opportunity
ifa_ny_k5,12760,ifa,NY,IFA,IFA_05,IFA,,36025,,,"IFA Albany-Schenectady-Troy, NY",0.0,no cell in the extract: territory at zero opportunity
ifa_ny_k5,12762,ifa,NY,IFA,IFA_05,IFA,,36105,33910,3647977,"IFA Albany-Schenectady-Troy, NY",0.0,no cell in the extract: territory at zero opportunity
ifa_ny_k5,12763,ifa,NY,IFA,IFA_05,IFA,,36105,33910,3648736,"IFA Albany-Schenectady-Troy, NY",0.0,no cell in the extract: territory at zero opportunity
ifa_ny_k5,12764,ifa,NY,IFA,IFA_05,IFA,,36105,33910,3649473,"IFA Albany-Schenectady-Troy, NY",0.0,no cell in the extract: territory at zero opportunity
ifa_ny_k5,12765,ifa,NY,IFA,IFA_05,IFA,,36105,33910,,"IFA Albany-Schenectady-Troy, NY",0.0,no cell in the extract: territory at zero opportunity
ifa_ny_k5,12766,ifa,NY,IFA,IFA_05,IFA,,36105,33910,,"IFA Albany-Schenectady-Troy, NY",0.0,no cell in the extract: territory at zero opportunity
ifa_ny_k5,12767,ifa,NY,IFA,IFA_05,IFA,,36105,33910,,"IFA Albany-Schenectady-Troy, NY",0.0,no cell in the extract: territory at zero opportunity
ifa_ny_k5,12768,ifa,NY,IFA,IFA_05,IFA,,36105,33910,,"IFA Albany-Schenectady-Troy, NY",0.0,no cell in the extract: territory at zero opportunity
ifa_ny_k5,12769,ifa,NY,IFA,IFA_05,IFA,,36105,33910,,"IFA Albany-Schenectady-Troy, NY",0.0,no cell in the extract: territory at zero opportunity
ifa_ny_k5,12770,ifa,NY,IFA,IFA_05,IFA,,36105,33910,,"IFA Albany-Schenectady-Troy, NY",0.0,no cell in the extract: territory at zero opportunity
ifa_ny_k5,12771,ifa,NY,IFA,IFA_05,IFA,,36071,28880,3659388,"IFA Albany-Schenectady-Troy, NY",0.0019405,
ifa_ny_k5,12775,ifa,NY,IFA,IFA_05,IFA,,36105,33910,3663132,"IFA Albany-Schenectady-Troy, NY",0.0,no cell in the extract: territory at zero opportunity
ifa_ny_k5,12776,ifa,NY,IFA,IFA_05,IFA,,36025,,3663583,"IFA Albany-Schenectady-Troy, NY",0.0,no cell in the extract: territory at zero opportunity
ifa_ny_k5,12777,ifa,NY,IFA,IFA_05,IFA,,36105,33910,,"IFA Albany-Schenectady-Troy, NY",0.0,no cell in the extract: territory at zero opportunity
ifa_ny_k5,12778,ifa,NY,IFA,IFA_05,IFA,,36105,33910,3667730,"IFA Albany-Schenectady-Troy, NY",0.0,no cell in the extract: territory at zero opportunity
ifa_ny_k5,12779,ifa,NY,IFA,IFA_05,IFA,,36105,33910,3668968,"IFA Albany-Schenectady-Troy, NY",0.0,no cell in the extract: territory at zero opportunity
ifa_ny_k5,12780,ifa,NY,IFA,IFA_05,IFA,,36071,28880,3670090,"IFA Albany-Schenectady-Troy, NY",0.0,no cell in the extract: territory at zero opportunity
ifa_ny_k5,12781,ifa,NY,IFA,IFA_05,IFA,,36105,33910,,"IFA Albany-Schenectady-Troy, NY",0.0,no cell in the extract: territory at zero opportunity
ifa_ny_k5,12783,ifa,NY,IFA,IFA_05,IFA,,36105,33910,3672400,"IFA Albany-Schenectady-Troy, NY",0.0,no cell in the extract: territory at zero opportunity
ifa_ny_k5,12784,ifa,NY,IFA,IFA_05,IFA,,36105,33910,,"IFA Albany-Schenectady-Troy, NY",0.0,no cell in the extract: territory at zero opportunity
ifa_ny_k5,12785,ifa,NY,IFA,IFA_05,IFA,,36105,33910,,"IFA Albany-Schenectady-Troy, NY",0.0,no cell in the extract: territory at zero opportunity
ifa_ny_k5,12786,ifa,NY,IFA,IFA_05,IFA,,36105,33910,3681655,"IFA Albany-Schenectady-Troy, NY",0.0,no cell in the extract: territory at zero opportunity
ifa_ny_k5,12787,ifa,NY,IFA,IFA_05,IFA,,36105,33910,,"IFA Albany-Schenectady-Troy, NY",0.0,no cell in the extract: territory at zero opportunity
ifa_ny_k5,12788,ifa,NY,IFA,IFA_05,IFA,,36105,33910,3682733,"IFA Albany-Schenectady-Troy, NY",0.0,no cell in the extract: territory at zero opportunity
ifa_ny_k5,12789,ifa,NY,IFA,IFA_05,IFA,,36105,33910,3682953,"IFA Albany-Schenectady-Troy, NY",0.0,no cell in the extract: territory at zero opportunity
ifa_ny_k5,12790,ifa,NY,IFA,IFA_05,IFA,,36105,33910,3683272,"IFA Albany-Schenectady-Troy, NY",0.0,no cell in the extract: territory at zero opportunity
ifa_ny_k5,12791,ifa,NY,IFA,IFA_05,IFA,,36105,33910,,"IFA Albany-Schenectady-Troy, NY",0.0,no cell in the extract: territory at zero opportunity
ifa_ny_k5,12792,ifa,NY,IFA,IFA_05,IFA,,36105,33910,,"IFA Albany-Schenectady-Troy, NY",0.0,no cell in the extract: territory at zero opportunity
ifa_ny_k5,12801,ifa,NY,IFA,IFA_04,IFA,,36113,24020,3629333,"IFA Buffalo-Cheektowaga, NY",7.49199,
ifa_ny_k5,12803,ifa,NY,IFA,IFA_04,IFA,,36091,10580,3669078,"IFA Buffalo-Cheektowaga, NY",0.0795451,
ifa_ny_k5,12804,ifa,NY,IFA,IFA_04,IFA,,36113,24020,3629338,"IFA Buffalo-Cheektowaga, NY",12.1155,
ifa_ny_k5,12808,ifa,NY,IFA,IFA_04,IFA,,36113,24020,,"IFA Buffalo-Cheektowaga, NY",0.0,no cell in the extract: territory at zero opportunity
ifa_ny_k5,12809,ifa,NY,IFA,IFA_04,IFA,,36115,24020,3602550,"IFA Buffalo-Cheektowaga, NY",0.0,no cell in the extract: territory at zero opportunity
ifa_ny_k5,12810,ifa,NY,IFA,IFA_04,IFA,,36113,24020,,"IFA Buffalo-Cheektowaga, NY",0.0,no cell in the extract: territory at zero opportunity
ifa_ny_k5,12811,ifa,NY,IFA,IFA_04,IFA,,36113,24020,,"IFA Buffalo-Cheektowaga, NY",0.0,no cell in the extract: territory at zero opportunity
ifa_ny_k5,12812,ifa,NY,IFA,IFA_04,IFA,,36041,,,"IFA Buffalo-Cheektowaga, NY",0.0,no cell in the extract: territory at zero opportunity
ifa_ny_k5,12814,ifa,NY,IFA,IFA_04,IFA,,36113,24020,3607245,"IFA Buffalo-Cheektowaga, NY",0.0,no cell in the extract: territory at zero opportunity
ifa_ny_k5,12815,ifa,NY,IFA,IFA_04,IFA,,36113,24020,,"IFA Buffalo-Cheektowaga, NY",0.0,no cell in the extract: territory at zero opportunity
ifa_ny_k5,12816,ifa,NY,IFA,IFA_04,IFA,,36115,24020,3611825,"IFA Buffalo-Cheektowaga, NY",1.36668,
ifa_ny_k5,12817,ifa,NY,IFA,IFA_04,IFA,,36113,24020,3615363,"IFA Buffalo-Cheektowaga, NY",0.0,no cell in the extract: territory at zero opportunity
ifa_ny_k5,12819,ifa,NY,IFA,IFA_04,IFA,,36115,24020,,"IFA Buffalo-Cheektowaga, NY",0.0,no cell in the extract: territory at zero opportunity
ifa_ny_k5,12820,ifa,NY,IFA,IFA_04,IFA,,36113,24020,,"IFA Buffalo-Cheektowaga, NY",0.0,no cell in the extract: territory at zero opportunity
ifa_ny_k5,12821,ifa,NY,IFA,IFA_04,IFA,,36115,24020,,"IFA Buffalo-Cheektowaga, NY",0.0,no cell in the extract: territory at zero opportunity
ifa_ny_k5,12822,ifa,NY,IFA,IFA_04,IFA,,36091,10580,3618212,"IFA Buffalo-Cheektowaga, NY",0.0,no cell in the extract: territory at zero opportunity
ifa_ny_k5,12823,ifa,NY,IFA,IFA_04,IFA,,36115,24020,,"IFA Buffalo-Cheektowaga, NY",0.0,no cell in the extract: territory at zero opportunity
ifa_ny_k5,12824,ifa,NY,IFA,IFA_04,IFA,,36113,24020,,"IFA Buffalo-Cheektowaga, NY",0.0,no cell in the extract: territory at zero opportunity
ifa_ny_k5,12827,ifa,NY,IFA,IFA_04,IFA,,36115,24020,3626704,"IFA Buffalo-Cheektowaga, NY",0.0,no cell in the extract: territory at zero opportunity
ifa_ny_k5,12828,ifa,NY,IFA,IFA_04,IFA,,36115,24020,3626770,"IFA Buffalo-Cheektowaga, NY",0.0,no cell in the extract: territory at zero opportunity
ifa_ny_k5,12831,ifa,NY,IFA,IFA_04,IFA,,36091,10580,,"IFA Buffalo-Cheektowaga, NY",0.232894,
ifa_ny_k5,12832,ifa,NY,IFA,IFA_04,IFA,,36115,24020,3630026,"IFA Buffalo-Cheektowaga, NY",0.0,no cell in the extract: territory at zero opportunity
ifa_ny_k5,12833,ifa,NY,IFA,IFA_04,IFA,,36091,10580,3665255,"IFA Buffalo-Cheektowaga, NY",0.0,no cell in the extract: territory at zero opportunity
ifa_ny_k5,12834,ifa,NY,IFA,IFA_04,IFA,,36115,24020,3630675,"IFA Buffalo-Cheektowaga, NY",0.0,no cell in the extract: territory at zero opportunity
ifa_ny_k5,12835,ifa,NY,IFA,IFA_04,IFA,,36091,10580,3631258,"IFA Buffalo-Cheektowaga, NY",2.61824,
ifa_ny_k5,12836,ifa,NY,IFA,IFA_04,IFA,,36113,24020,,"IFA Buffalo-Cheektowaga, NY",0.0,no cell in the extract: territory at zero opportunity
ifa_ny_k5,12837,ifa,NY,IFA,IFA_04,IFA,,36115,24020,,"IFA Buffalo-Cheektowaga, NY",0.0,no cell in the extract: territory at zero opportunity
ifa_ny_k5,12838,ifa,NY,IFA,IFA_04,IFA,,36115,24020,,"IFA Buffalo-Cheektowaga, NY",0.0,no cell in the extract: territory at zero opportunity
ifa_ny_k5,12839,ifa,NY,IFA,IFA_04,IFA,,36115,24020,3635980,"IFA Buffalo-Cheektowaga, NY",0.0,no cell in the extract: territory at zero opportunity
ifa_ny_k5,12841,ifa,NY,IFA,IFA_04,IFA,,36115,24020,,"IFA Buffalo-Cheektowaga, NY",0.0,no cell in the extract: territory at zero opportunity
ifa_ny_k5,12842,ifa,NY,IFA,IFA_04,IFA,,36041,,,"IFA Buffalo-Cheektowaga, NY",0.0,no cell in the extract: territory at zero opportunity
ifa_ny_k5,12843,ifa,NY,IFA,IFA_04,IFA,,36113,24020,,"IFA Buffalo-Cheektowaga, NY",0.0,no cell in the extract: territory at zero opportunity
ifa_ny_k5,12844,ifa,NY,IFA,IFA_04,IFA,,36115,24020,,"IFA Buffalo-Cheektowaga, NY",0.0,no cell in the extract: territory at zero opportunity
ifa_ny_k5,12845,ifa,NY,IFA,IFA_04,IFA,,36113,24020,3640508,"IFA Buffalo-Cheektowaga, NY",0.672953,
ifa_ny_k5,12846,ifa,NY,IFA,IFA_04,IFA,,36113,24020,3640651,"IFA Buffalo-Cheektowaga, NY",0.0,no cell in the extract: territory at zero opportunity
ifa_ny_k5,12847,ifa,NY,IFA,IFA_04,IFA,,36041,,3643401,"IFA Buffalo-Cheektowaga, NY",0.0,no cell in the extract: territory at zero opportunity
ifa_ny_k5,12849,ifa,NY,IFA,IFA_04,IFA,,36115,24020,,"IFA Buffalo-Cheektowaga, NY",0.0,no cell in the extract: territory at zero opportunity
ifa_ny_k5,12850,ifa,NY,IFA,IFA_04,IFA,,36091,10580,,"IFA Buffalo-Cheektowaga, NY",0.0,no cell in the extract: territory at zero opportunity
ifa_ny_k5,12851,ifa,NY,IFA,IFA_04,IFA,,36031,,,"IFA Buffalo-Cheektowaga, NY",0.0,no cell in the extract: territory at zero opportunity
ifa_ny_k5,12852,ifa,NY,IFA,IFA_04,IFA,,36031,,,"IFA Buffalo-Cheektowaga, NY",0.0,no cell in the extract: territory at zero opportunity
ifa_ny_k5,12853,ifa,NY,IFA,IFA_04,IFA,,36113,24020,3651847,"IFA Buffalo-Cheektowaga, NY",0.0,no cell in the extract: territory at zero opportunity
ifa_ny_k5,12854,ifa,NY,IFA,IFA_04,IFA,,36115,24020,,"IFA Buffalo-Cheektowaga, NY",0.0,no cell in the extract: territory at zero opportunity
ifa_ny_k5,12855,ifa,NY,IFA,IFA_04,IFA,,36031,,,"IFA Buffalo-Cheektowaga, NY",0.0,no cell in the extract: territory at zero opportunity
ifa_ny_k5,12856,ifa,NY,IFA,IFA_04,IFA,,36113,24020,,"IFA Buffalo-Cheektowaga, NY",0.0,no cell in the extract: territory at zero opportunity
ifa_ny_k5,12857,ifa,NY,IFA,IFA_04,IFA,,36031,,,"IFA Buffalo-Cheektowaga, NY",0.0,no cell in the extract: territory at zero opportunity
ifa_ny_k5,12858,ifa,NY,IFA,IFA_04,IFA,,36031,,,"IFA Buffalo-Cheektowaga, NY",0.0,no cell in the extract: territory at zero opportunity
ifa_ny_k5,12859,ifa,NY,IFA,IFA_04,IFA,,36091,10580,,"IFA Buffalo-Cheektowaga, NY",0.0,no cell in the extract: territory at zero opportunity
ifa_ny_k5,12860,ifa,NY,IFA,IFA_04,IFA,,36113,24020,3659619,"IFA Buffalo-Cheektowaga, NY",0.0,no cell in the extract: territory at zero opportunity
ifa_ny_k5,12861,ifa,NY,IFA,IFA_04,IFA,,36115,24020,,"IFA Buffalo-Cheektowaga, NY",0.0,no cell in the extract: territory at zero opportunity
ifa_ny_k5,12862,ifa,NY,IFA,IFA_04,IFA,,36113,24020,,"IFA Buffalo-Cheektowaga, NY",0.0,no cell in the extract: territory at zero opportunity
ifa_ny_k5,12863,ifa,NY,IFA,IFA_05,IFA,,36091,10580,,"IFA Albany-Schenectady-Troy, NY",0.0,no cell in the extract: territory at zero opportunity
ifa_ny_k5,12864,ifa,NY,IFA,IFA_04,IFA,,36041,,,"IFA Buffalo-Cheektowaga, NY",0.0,no cell in the extract: territory at zero opportunity
ifa_ny_k5,12865,ifa,NY,IFA,IFA_04,IFA,,36115,24020,3664771,"IFA Buffalo-Cheektowaga, NY",0.0,no cell in the extract: territory at zero opportunity
ifa_ny_k5,12866,ifa,NY,IFA,IFA_05,IFA,,36091,10580,3665255,"IFA Albany-Schenectady-Troy, NY",23.7916,
ifa_ny_k5,12870,ifa,NY,IFA,IFA_04,IFA,,36031,,3665640,"IFA Buffalo-Cheektowaga, NY",0.123873,
ifa_ny_k5,12871,ifa,NY,IFA,IFA_04,IFA,,36091,10580,3665750,"IFA Buffalo-Cheektowaga, NY",0.0,no cell in the extract: territory at zero opportunity
ifa_ny_k5,12872,ifa,NY,IFA,IFA_04,IFA,,36031,,,"IFA Buffalo-Cheektowaga, NY",0.0,no cell in the extract: territory at zero opportunity
ifa_ny_k5,12873,ifa,NY,IFA,IFA_04,IFA,,36115,24020,,"IFA Buffalo-Cheektowaga, NY",0.0,no cell in the extract: territory at zero opportunity
ifa_ny_k5,12874,ifa,NY,IFA,IFA_04,IFA,,36113,24020,,"IFA Buffalo-Cheektowaga, NY",0.0,no cell in the extract: territory at zero opportunity
ifa_ny_k5,12878,ifa,NY,IFA,IFA_04,IFA,,36113,24020,,"IFA Buffalo-Cheektowaga, NY",0.0,no cell in the extract: territory at zero opportunity
ifa_ny_k5,12883,ifa,NY,IFA,IFA_04,IFA,,36031,,3673880,"IFA Buffalo-Cheektowaga, NY",0.530093,
ifa_ny_k5,12884,ifa,NY,IFA,IFA_04,IFA,,36091,10580,3677431,"IFA Buffalo-Cheektowaga, NY",0.0,no cell in the extract: territory at zero opportunity
ifa_ny_k5,12885,ifa,NY,IFA,IFA_04,IFA,,36113,24020,3678289,"IFA Buffalo-Cheektowaga, NY",0.0,no cell in the extract: territory at zero opportunity
ifa_ny_k5,12886,ifa,NY,IFA,IFA_04,IFA,,36113,24020,,"IFA Buffalo-Cheektowaga, NY",0.0,no cell in the extract: territory at zero opportunity
ifa_ny_k5,12887,ifa,NY,IFA,IFA_04,IFA,,36115,24020,3681622,"IFA Buffalo-Cheektowaga, NY",0.0,no cell in the extract: territory at zero opportunity
ifa_ny_k5,12901,ifa,NY,IFA,IFA_04,IFA,,36019,38460,3658574,"IFA Buffalo-Cheektowaga, NY",12.6987,
ifa_ny_k5,12903,ifa,NY,IFA,IFA_04,IFA,,36019,38460,3658574,"IFA Buffalo-Cheektowaga, NY",0.0,no cell in the extract: territory at zero opportunity
ifa_ny_k5,12910,ifa,NY,IFA,IFA_04,IFA,,36019,38460,3601572,"IFA Buffalo-Cheektowaga, NY",0.0,no cell in the extract: territory at zero opportunity
ifa_ny_k5,12911,ifa,NY,IFA,IFA_04,IFA,,36019,38460,,"IFA Buffalo-Cheektowaga, NY",0.0,no cell in the extract: territory at zero opportunity
ifa_ny_k5,12912,ifa,NY,IFA,IFA_04,IFA,,36019,38460,3603254,"IFA Buffalo-Cheektowaga, NY",0.0,no cell in the extract: territory at zero opportunity
ifa_ny_k5,12913,ifa,NY,IFA,IFA_04,IFA,,36033,,,"IFA Buffalo-Cheektowaga, NY",0.0,no cell in the extract: territory at zero opportunity
ifa_ny_k5,12914,ifa,NY,IFA,IFA_04,IFA,,36033,,3600457,"IFA Buffalo-Cheektowaga, NY",0.0,no cell in the extract: territory at zero opportunity
ifa_ny_k5,12915,ifa,NY,IFA,IFA_04,IFA,,36033,,,"IFA Buffalo-Cheektowaga, NY",0.0,no cell in the extract: territory at zero opportunity
ifa_ny_k5,12916,ifa,NY,IFA,IFA_04,IFA,,36033,,3610286,"IFA Buffalo-Cheektowaga, NY",0.0,no cell in the extract: territory at zero opportunity
ifa_ny_k5,12917,ifa,NY,IFA,IFA_04,IFA,,36033,,3611154,"IFA Buffalo-Cheektowaga, NY",0.0,no cell in the extract: territory at zero opportunity
ifa_ny_k5,12918,ifa,NY,IFA,IFA_04,IFA,,36019,38460,3611616,"IFA Buffalo-Cheektowaga, NY",0.0,no cell in the extract: territory at zero opportunity
ifa_ny_k5,12919,ifa,NY,IFA,IFA_04,IFA,,36019,38460,3613739,"IFA Buffalo-Cheektowaga, NY",0.0,no cell in the extract: territory at zero opportunity
ifa_ny_k5,12920,ifa,NY,IFA,IFA_04,IFA,,36033,,3613981,"IFA Buffalo-Cheektowaga, NY",0.0,no cell in the extract: territory at zero opportunity
ifa_ny_k5,12921,ifa,NY,IFA,IFA_04,IFA,,36019,38460,3614102,"IFA Buffalo-Cheektowaga, NY",0.0,no cell in the extract: territory at zero opportunity
ifa_ny_k5,12922,ifa,NY,IFA,IFA_04,IFA,,36089,32390,,"IFA Buffalo-Cheektowaga, NY",0.0,no cell in the extract: territory at zero opportunity
ifa_ny_k5,12923,ifa,NY,IFA,IFA_04,IFA,,36019,38460,,"IFA Buffalo-Cheektowaga, NY",0.0,no cell in the extract: territory at zero opportunity
ifa_ny_k5,12924,ifa,NY,IFA,IFA_04,IFA,,36019,38460,,"IFA Buffalo-Cheektowaga, NY",0.0,no cell in the extract: territory at zero opportunity
ifa_ny_k5,12926,ifa,NY,IFA,IFA_04,IFA,,36033,,,"IFA Buffalo-Cheektowaga, NY",0.0,no cell in the extract: territory at zero opportunity
ifa_ny_k5,12927,ifa,NY,IFA,IFA_04,IFA,,36089,32390,3618817,"IFA Buffalo-Cheektowaga, NY",0.0,no cell in the extract: territory at zero opportunity
ifa_ny_k5,12928,ifa,NY,IFA,IFA_04,IFA,,36031,,,"IFA Buffalo-Cheektowaga, NY",0.0,no cell in the extract: territory at zero opportunity
ifa_ny_k5,12929,ifa,NY,IFA,IFA_04,IFA,,36019,38460,3619642,"IFA Buffalo-Cheektowaga, NY",0.0,no cell in the extract: territory at zero opportunity
ifa_ny_k5,12930,ifa,NY,IFA,IFA_04,IFA,,36033,,,"IFA Buffalo-Cheektowaga, NY",0.0,no cell in the extract: territory at zero opportunity
ifa_ny_k5,12932,ifa,NY,IFA,IFA_04,IFA,,36031,,3623822,"IFA Buffalo-Cheektowaga, NY",0.0,no cell in the extract: territory at zero opportunity
ifa_ny_k5,12933,ifa,NY,IFA,IFA_04,IFA,,36019,38460,,"IFA Buffalo-Cheektowaga, NY",0.0,no cell in the extract: territory at zero opportunity
ifa_ny_k5,12934,ifa,NY,IFA,IFA_04,IFA,,36019,38460,,"IFA Buffalo-Cheektowaga, NY",0.0,no cell in the extract: territory at zero opportunity
ifa_ny_k5,12935,ifa,NY,IFA,IFA_04,IFA,,36019,38460,3643951,"IFA Buffalo-Cheektowaga, NY",0.0,no cell in the extract: territory at zero opportunity
ifa_ny_k5,12936,ifa,NY,IFA,IFA_04,IFA,,36031,,,"IFA Buffalo-Cheektowaga, NY",0.0,no cell in the extract: territory at zero opportunity
ifa_ny_k5,12937,ifa,NY,IFA,IFA_04,IFA,,36033,,3626726,"IFA Buffalo-Cheektowaga, NY",0.0,no cell in the extract: territory at zero opportunity
ifa_ny_k5,12939,ifa,NY,IFA,IFA_04,IFA,,36033,,,"IFA Buffalo-Cheektowaga, NY",0.0,no cell in the extract: territory at zero opportunity
ifa_ny_k5,12941,ifa,NY,IFA,IFA_04,IFA,,36031,,,"IFA Buffalo-Cheektowaga, NY",0.0,no cell in the extract: territory at zero opportunity
ifa_ny_k5,12942,ifa,NY,IFA,IFA_04,IFA,,36031,,,"IFA Buffalo-Cheektowaga, NY",0.0,no cell in the extract: territory at zero opportunity
ifa_ny_k5,12943,ifa,NY,IFA,IFA_04,IFA,,36031,,,"IFA Buffalo-Cheektowaga, NY",0.0,no cell in the extract: territory at zero opportunity
ifa_ny_k5,12944,ifa,NY,IFA,IFA_04,IFA,,36031,,3639089,"IFA Buffalo-Cheektowaga, NY",0.0,no cell in the extract: territory at zero opportunity
ifa_ny_k5,12945,ifa,NY,IFA,IFA_04,IFA,,36033,,,"IFA Buffalo-Cheektowaga, NY",0.0,no cell in the extract: territory at zero opportunity
ifa_ny_k5,12946,ifa,NY,IFA,IFA_04,IFA,,36031,,3640761,"IFA Buffalo-Cheektowaga, NY",0.0,no cell in the extract: territory at zero opportunity
ifa_ny_k5,12950,ifa,NY,IFA,IFA_04,IFA,,36031,,,"IFA Buffalo-Cheektowaga, NY",0.0,no cell in the extract: territory at zero opportunity
ifa_ny_k5,12952,ifa,NY,IFA,IFA_04,IFA,,36019,38460,3643951,"IFA Buffalo-Cheektowaga, NY",0.0,no cell in the extract: territory at zero opportunity
ifa_ny_k5,12953,ifa,NY,IFA,IFA_04,IFA,,36033,,3644710,"IFA Buffalo-Cheektowaga, NY",0.0,no cell in the extract: territory at zero opportunity
ifa_ny_k5,12955,ifa,NY,IFA,IFA_04,IFA,,36019,38460,3643951,"IFA Buffalo-Cheektowaga, NY",0.0,no cell in the extract: territory at zero opportunity
ifa_ny_k5,12956,ifa,NY,IFA,IFA_04,IFA,,36031,,3647702,"IFA Buffalo-Cheektowaga, NY",0.0,no cell in the extract: territory at zero opportunity
ifa_ny_k5,12957,ifa,NY,IFA,IFA_04,IFA,,36033,,,"IFA Buffalo-Cheektowaga, NY",0.0,no cell in the extract: territory at zero opportunity
ifa_ny_k5,12958,ifa,NY,IFA,IFA_04,IFA,,36019,38460,3648241,"IFA Buffalo-Cheektowaga, NY",0.0210635,
ifa_ny_k5,12959,ifa,NY,IFA,IFA_04,IFA,,36019,38460,,"IFA Buffalo-Cheektowaga, NY",0.0,no cell in the extract: territory at zero opportunity
ifa_ny_k5,12960,ifa,NY,IFA,IFA_04,IFA,,36031,,,"IFA Buffalo-Cheektowaga, NY",0.0,no cell in the extract: territory at zero opportunity
ifa_ny_k5,12961,ifa,NY,IFA,IFA_04,IFA,,36031,,,"IFA Buffalo-Cheektowaga, NY",0.0,no cell in the extract: territory at zero opportunity
ifa_ny_k5,12962,ifa,NY,IFA,IFA_04,IFA,,36019,38460,3648538,"IFA Buffalo-Cheektowaga, NY",0.0,no cell in the extract: territory at zero opportunity
ifa_ny_k5,12964,ifa,NY,IFA,IFA_04,IFA,,36031,,,"IFA Buffalo-Cheektowaga, NY",0.0,no cell in the extract: territory at zero opportunity
ifa_ny_k5,12965,ifa,NY,IFA,IFA_04,IFA,,36089,32390,,"IFA Buffalo-Cheektowaga, NY",0.0,no cell in the extract: territory at zero opportunity
ifa_ny_k5,12966,ifa,NY,IFA,IFA_04,IFA,,36033,,,"IFA Buffalo-Cheektowaga, NY",0.0,no cell in the extract: territory at zero opportunity
ifa_ny_k5,12967,ifa,NY,IFA,IFA_04,IFA,,36089,32390,,"IFA Buffalo-Cheektowaga, NY",0.0,no cell in the extract: territory at zero opportunity
ifa_ny_k5,12969,ifa,NY,IFA,IFA_04,IFA,,36033,,,"IFA Buffalo-Cheektowaga, NY",0.0,no cell in the extract: territory at zero opportunity
ifa_ny_k5,12970,ifa,NY,IFA,IFA_04,IFA,,36033,,3656770,"IFA Buffalo-Cheektowaga, NY",0.0,no cell in the extract: territory at zero opportunity
ifa_ny_k5,12972,ifa,NY,IFA,IFA_04,IFA,,36019,38460,3657364,"IFA Buffalo-Cheektowaga, NY",0.0397725,
ifa_ny_k5,12973,ifa,NY,IFA,IFA_04,IFA,,36089,32390,,"IFA Buffalo-Cheektowaga, NY",0.0,no cell in the extract: territory at zero opportunity
ifa_ny_k5,12974,ifa,NY,IFA,IFA_04,IFA,,36031,,3659333,"IFA Buffalo-Cheektowaga, NY",0.0,no cell in the extract: territory at zero opportunity
ifa_ny_k5,12975,ifa,NY,IFA,IFA_04,IFA,,36031,,,"IFA Buffalo-Cheektowaga, NY",0.0,no cell in the extract: territory at zero opportunity
ifa_ny_k5,12976,ifa,NY,IFA,IFA_04,IFA,,36033,,,"IFA Buffalo-Cheektowaga, NY",0.0,no cell in the extract: territory at zero opportunity
ifa_ny_k5,12977,ifa,NY,IFA,IFA_04,IFA,,36031,,,"IFA Buffalo-Cheektowaga, NY",0.0,no cell in the extract: territory at zero opportunity
ifa_ny_k5,12978,ifa,NY,IFA,IFA_04,IFA,,36019,38460,3660884,"IFA Buffalo-Cheektowaga, NY",0.0,no cell in the extract: territory at zero opportunity
ifa_ny_k5,12979,ifa,NY,IFA,IFA_04,IFA,,36019,38460,3663979,"IFA Buffalo-Cheektowaga, NY",0.0,no cell in the extract: territory at zero opportunity
ifa_ny_k5,12980,ifa,NY,IFA,IFA_04,IFA,,36033,,3664716,"IFA Buffalo-Cheektowaga, NY",0.0,no cell in the extract: territory at zero opportunity
ifa_ny_k5,12981,ifa,NY,IFA,IFA_04,IFA,,36019,38460,3660884,"IFA Buffalo-Cheektowaga, NY",0.0,no cell in the extract: territory at zero opportunity
ifa_ny_k5,12983,ifa,NY,IFA,IFA_04,IFA,,36033,,3665233,"IFA Buffalo-Cheektowaga, NY",0.0,no cell in the extract: territory at zero opportunity
ifa_ny_k5,12985,ifa,NY,IFA,IFA_04,IFA,,36019,38460,,"IFA Buffalo-Cheektowaga, NY",0.0,no cell in the extract: territory at zero opportunity
ifa_ny_k5,12986,ifa,NY,IFA,IFA_04,IFA,,36033,,3675671,"IFA Buffalo-Cheektowaga, NY",0.0198873,
ifa_ny_k5,12987,ifa,NY,IFA,IFA_04,IFA,,36031,,,"IFA Buffalo-Cheektowaga, NY",0.0,no cell in the extract: territory at zero opportunity
ifa_ny_k5,12989,ifa,NY,IFA,IFA_04,IFA,,36033,,,"IFA Buffalo-Cheektowaga, NY",0.0,no cell in the extract: territory at zero opportunity
ifa_ny_k5,12992,ifa,NY,IFA,IFA_04,IFA,,36019,38460,3679543,"IFA Buffalo-Cheektowaga, NY",0.0,no cell in the extract: territory at zero opportunity
ifa_ny_k5,12993,ifa,NY,IFA,IFA_04,IFA,,36031,,3680764,"IFA Buffalo-Cheektowaga, NY",0.0,no cell in the extract: territory at zero opportunity
ifa_ny_k5,12996,ifa,NY,IFA,IFA_04,IFA,,36031,,3682282,"IFA Buffalo-Cheektowaga, NY",0.0,no cell in the extract: territory at zero opportunity
ifa_ny_k5,12997,ifa,NY,IFA,IFA_04,IFA,,36031,,3682304,"IFA Buffalo-Cheektowaga, NY",0.0,no cell in the extract: territory at zero opportunity
ifa_ny_k5,12998,ifa,NY,IFA,IFA_04,IFA,,36031,,3682656,"IFA Buffalo-Cheektowaga, NY",0.0,no cell in the extract: territory at zero opportunity
ifa_ny_k5,13020,ifa,NY,IFA,IFA_05,IFA,,36067,45060,,"IFA Albany-Schenectady-Troy, NY",0.0,no cell in the extract: territory at zero opportunity
ifa_ny_k5,13021,ifa,NY,IFA,IFA_05,IFA,,36011,12180,3603078,"IFA Albany-Schenectady-Troy, NY",9.12578,
ifa_ny_k5,13024,ifa,NY,IFA,IFA_05,IFA,,36011,12180,3603078,"IFA Albany-Schenectady-Troy, NY",0.0,no cell in the extract: territory at zero opportunity
ifa_ny_k5,13026,ifa,NY,IFA,IFA_05,IFA,,36011,12180,3603188,"IFA Albany-Schenectady-Troy, NY",0.0,no cell in the extract: territory at zero opportunity
ifa_ny_k5,13027,ifa,NY,IFA,IFA_05,IFA,,36067,45060,3660455,"IFA Albany-Schenectady-Troy, NY",3.62881,
ifa_ny_k5,13028,ifa,NY,IFA,IFA_04,IFA,,36075,45060,3617893,"IFA Buffalo-Cheektowaga, NY",0.0,no cell in the extract: territory at zero opportunity
ifa_ny_k5,13029,ifa,NY,IFA,IFA_05,IFA,,36067,45060,3608059,"IFA Albany-Schenectady-Troy, NY",0.0,no cell in the extract: territory at zero opportunity
ifa_ny_k5,13030,ifa,NY,IFA,IFA_05,IFA,,36053,45060,3608147,"IFA Albany-Schenectady-Troy, NY",0.0,no cell in the extract: territory at zero opportunity
ifa_ny_k5,13031,ifa,NY,IFA,IFA_05,IFA,,36067,45060,3625043,"IFA Albany-Schenectady-Troy, NY",10.0376,
ifa_ny_k5,13032,ifa,NY,IFA,IFA_05,IFA,,36053,45060,3612188,"IFA Albany-Schenectady-Troy, NY",1.02816,
ifa_ny_k5,13033,ifa,NY,IFA,IFA_04,IFA,,36011,12180,3612958,"IFA Buffalo-Cheektowaga, NY",0.0,no cell in the extract: territory at zero opportunity
ifa_ny_k5,13034,ifa,NY,IFA,IFA_04,IFA,,36011,12180,3613068,"IFA Buffalo-Cheektowaga, NY",0.0,no cell in the extract: territory at zero opportunity
ifa_ny_k5,13035,ifa,NY,IFA,IFA_05,IFA,,36053,45060,3613145,"IFA Albany-Schenectady-Troy, NY",4.78107,
ifa_ny_k5,13036,ifa,NY,IFA,IFA_04,IFA,,36075,45060,3613585,"IFA Buffalo-Cheektowaga, NY",0.0,no cell in the extract: territory at zero opportunity
ifa_ny_k5,13037,ifa,NY,IFA,IFA_05,IFA,,36053,45060,3615561,"IFA Albany-Schenectady-Troy, NY",0.0,no cell in the extract: territory at zero opportunity
ifa_ny_k5,13039,ifa,NY,IFA,IFA_05,IFA,,36067,45060,,"IFA Albany-Schenectady-Troy, NY",4.86055,
ifa_ny_k5,13040,ifa,NY,IFA,IFA_05,IFA,,36023,18660,,"IFA Albany-Schenectady-Troy, NY",0.0,no cell in the extract: territory at zero opportunity
ifa_ny_k5,13041,ifa,NY,IFA,IFA_05,IFA,,36067,45060,,"IFA Albany-Schenectady-Troy, NY",5.07869,
ifa_ny_k5,13042,ifa,NY,IFA,IFA_04,IFA,,36065,46540,3616188,"IFA Buffalo-Cheektowaga, NY",0.0,no cell in the extract: territory at zero opportunity
ifa_ny_k5,13044,ifa,NY,IFA,IFA_04,IFA,,36075,45060,3617893,"IFA Buffalo-Cheektowaga, NY",0.0,no cell in the extract: territory at zero opportunity
ifa_ny_k5,13045,ifa,NY,IFA,IFA_05,IFA,,36023,18660,3618443,"IFA Albany-Schenectady-Troy, NY",0.673025,
ifa_ny_k5,13051,ifa,NY,IFA,IFA_05,IFA,,36067,45060,,"IFA Albany-Schenectady-Troy, NY",0.0,no cell in the extract: territory at zero opportunity
ifa_ny_k5,13052,ifa,NY,IFA,IFA_05,IFA,,36053,45060,3620390,"IFA Albany-Schenectady-Troy, NY",0.0,no cell in the extract: territory at zero opportunity
ifa_ny_k5,13053,ifa,NY,IFA,IFA_05,IFA,,36109,27060,3620951,"IFA Albany-Schenectady-Troy, NY",0.0,no cell in the extract: territory at zero opportunity
ifa_ny_k5,13054,ifa,NY,IFA,IFA_04,IFA,,36065,46540,3621226,"IFA Buffalo-Cheektowaga, NY",0.0,no cell in the extract: territory at zero opportunity
ifa_ny_k5,13057,ifa,NY,IFA,IFA_05,IFA,,36067,45060,3623052,"IFA Albany-Schenectady-Troy, NY",10.0435,
ifa_ny_k5,13060,ifa,NY,IFA,IFA_05,IFA,,36067,45060,3623789,"IFA Albany-Schenectady-Troy, NY",0.0,no cell in the extract: territory at zero opportunity
ifa_ny_k5,13061,ifa,NY,IFA,IFA_05,IFA,,36053,45060,,"IFA Albany-Schenectady-Troy, NY",0.0,no cell in the extract: territory at zero opportunity
ifa_ny_k5,13062,ifa,NY,IFA,IFA_05,IFA,,36109,27060,,"IFA Albany-Schenectady-Troy, NY",0.0,no cell in the extract: territory at zero opportunity
ifa_ny_k5,13063,ifa,NY,IFA,IFA_05,IFA,,36067,45060,3624867,"IFA Albany-Schenectady-Troy, NY",0.0,no cell in the extract: territory at zero opportunity
ifa_ny_k5,13065,ifa,NY,IFA,IFA_04,IFA,,36099,42900,,"IFA Buffalo-Cheektowaga, NY",0.0,no cell in the extract: territory at zero opportunity
ifa_ny_k5,13066,ifa,NY,IFA,IFA_05,IFA,,36067,45060,3625527,"IFA Albany-Schenectady-Troy, NY",31.7576,
ifa_ny_k5,13068,ifa,NY,IFA,IFA_05,IFA,,36109,27060,3627529,"IFA Albany-Schenectady-Troy, NY",0.0,no cell in the extract: territory at zero opportunity
ifa_ny_k5,13069,ifa,NY,IFA,IFA_04,IFA,,36075,45060,3627815,"IFA Buffalo-Cheektowaga, NY",3.4699,
ifa_ny_k5,13071,ifa,NY,IFA,IFA_05,IFA,,36011,12180,,"IFA Albany-Schenectady-Troy, NY",0.0,no cell in the extract: territory at zero opportunity
ifa_ny_k5,13072,ifa,NY,IFA,IFA_05,IFA,,36053,45060,,"IFA Albany-Schenectady-Troy, NY",0.0,no cell in the extract: territory at zero opportunity
ifa_ny_k5,13073,ifa,NY,IFA,IFA_05,IFA,,36109,27060,3630961,"IFA Albany-Schenectady-Troy, NY",0.0,no cell in the extract: territory at zero opportunity
ifa_ny_k5,13074,ifa,NY,IFA,IFA_04,IFA,,36075,45060,3632017,"IFA Buffalo-Cheektowaga, NY",0.0,no cell in the extract: territory at zero opportunity
ifa_ny_k5,13076,ifa,NY,IFA,IFA_04,IFA,,36075,45060,,"IFA Buffalo-Cheektowaga, NY",0.0,no cell in the extract: territory at zero opportunity
ifa_ny_k5,13077,ifa,NY,IFA,IFA_05,IFA,,36023,18660,3635276,"IFA Albany-Schenectady-Troy, NY",0.0,no cell in the extract: territory at zero opportunity
ifa_ny_k5,13078,ifa,NY,IFA,IFA_05,IFA,,36067,45060,3620467,"IFA Albany-Schenectady-Troy, NY",2.00769,
ifa_ny_k5,13080,ifa,NY,IFA,IFA_05,IFA,,36067,45060,3638825,"IFA Albany-Schenectady-Troy, NY",0.0,no cell in the extract: territory at zero opportunity
ifa_ny_k5,13081,ifa,NY,IFA,IFA_05,IFA,,36011,12180,,"IFA Albany-Schenectady-Troy, NY",0.0,no cell in the extract: territory at zero opportunity
ifa_ny_k5,13082,ifa,NY,IFA,IFA_05,IFA,,36053,45060,3608147,"IFA Albany-Schenectady-Troy, NY",0.0154901,
ifa_ny_k5,13083,ifa,NY,IFA,IFA_04,IFA,,36075,45060,3640200,"IFA Buffalo-Cheektowaga, NY",0.0,no cell in the extract: territory at zero opportunity
ifa_ny_k5,13084,ifa,NY,IFA,IFA_05,IFA,,36067,45060,,"IFA Albany-Schenectady-Troy, NY",0.0,no cell in the extract: territory at zero opportunity
ifa_ny_k5,13087,ifa,NY,IFA,IFA_05,IFA,,36023,18660,,"IFA Albany-Schenectady-Troy, NY",0.0,no cell in the extract: territory at zero opportunity
ifa_ny_k5,13088,ifa,NY,IFA,IFA_05,IFA,,36067,45060,3628035,"IFA Albany-Schenectady-Troy, NY",6.18317,
ifa_ny_k5,13090,ifa,NY,IFA,IFA_05,IFA,,36067,45060,3642884,"IFA Albany-Schenectady-Troy, NY",10.7594,
ifa_ny_k5,13092,ifa,NY,IFA,IFA_05,IFA,,36011,12180,,"IFA Albany-Schenectady-Troy, NY",0.0,no cell in the extract: territory at zero opportunity
ifa_ny_k5,13101,ifa,NY,IFA,IFA_05,IFA,,36023,18660,3644193,"IFA Albany-Schenectady-Troy, NY",0.0,no cell in the extract: territory at zero opportunity
ifa_ny_k5,13102,ifa,NY,IFA,IFA_05,IFA,,36109,27060,3644358,"IFA Albany-Schenectady-Troy, NY",0.0,no cell in the extract: territory at zero opportunity
ifa_ny_k5,13103,ifa,NY,IFA,IFA_04,IFA,,36075,45060,,"IFA Buffalo-Cheektowaga, NY",0.0,no cell in the extract: territory at zero opportunity
ifa_ny_k5,13104,ifa,NY,IFA,IFA_05,IFA,,36067,45060,3645018,"IFA Albany-Schenectady-Troy, NY",7.07223,
ifa_ny_k5,13108,ifa,NY,IFA,IFA_05,IFA,,36067,45060,3645480,"IFA Albany-Schenectady-Troy, NY",0.0,no cell in the extract: territory at zero opportunity
ifa_ny_k5,13110,ifa,NY,IFA,IFA_05,IFA,,36067,45060,,"IFA Albany-Schenectady-Troy, NY",0.0,no cell in the extract: territory at zero opportunity
ifa_ny_k5,13111,ifa,NY,IFA,IFA_04,IFA,,36011,12180,,"IFA Buffalo-Cheektowaga, NY",0.0,no cell in the extract: territory at zero opportunity
ifa_ny_k5,13112,ifa,NY,IFA,IFA_05,IFA,,36067,45060,,"IFA Albany-Schenectady-Troy, NY",0.0,no cell in the extract: territory at zero opportunity
ifa_ny_k5,13113,ifa,NY,IFA,IFA_04,IFA,,36011,12180,3646646,"IFA Buffalo-Cheektowaga, NY",0.0,no cell in the extract: territory at zero opportunity
ifa_ny_k5,13114,ifa,NY,IFA,IFA_04,IFA,,36075,45060,3646811,"IFA Buffalo-Cheektowaga, NY",0.0,no cell in the extract: territory at zero opportunity
ifa_ny_k5,13115,ifa,NY,IFA,IFA_04,IFA,,36075,45060,3647680,"IFA Buffalo-Cheektowaga, NY",0.0,no cell in the extract: territory at zero opportunity
ifa_ny_k5,13116,ifa,NY,IFA,IFA_05,IFA,,36067,45060,3647757,"IFA Albany-Schenectady-Troy, NY",0.0,no cell in the extract: territory at zero opportunity
ifa_ny_k5,13117,ifa,NY,IFA,IFA_04,IFA,,36011,12180,,"IFA Buffalo-Cheektowaga, NY",0.0,no cell in the extract: territory at zero opportunity
ifa_ny_k5,13118,ifa,NY,IFA,IFA_05,IFA,,36011,12180,3648296,"IFA Albany-Schenectady-Troy, NY",0.0,no cell in the extract: territory at zero opportunity
ifa_ny_k5,13119,ifa,NY,IFA,IFA_05,IFA,,36067,45060,,"IFA Albany-Schenectady-Troy, NY",0.0,no cell in the extract: territory at zero opportunity
ifa_ny_k5,13120,ifa,NY,IFA,IFA_05,IFA,,36067,45060,3649726,"IFA Albany-Schenectady-Troy, NY",0.0,no cell in the extract: territory at zero opportunity
ifa_ny_k5,13121,ifa,NY,IFA,IFA_04,IFA,,36075,45060,,"IFA Buffalo-Cheektowaga, NY",0.0,no cell in the extract: territory at zero opportunity
ifa_ny_k5,13122,ifa,NY,IFA,IFA_05,IFA,,36053,45060,,"IFA Albany-Schenectady-Troy, NY",0.0,no cell in the extract: territory at zero opportunity
ifa_ny_k5,13123,ifa,NY,IFA,IFA_04,IFA,,36065,46540,3651484,"IFA Buffalo-Cheektowaga, NY",0.0,no cell in the extract: territory at zero opportunity
ifa_ny_k5,13124,ifa,NY,IFA,IFA_05,IFA,,36017,,,"IFA Albany-Schenectady-Troy, NY",0.0,no cell in the extract: territory at zero opportunity
ifa_ny_k5,13126,ifa,NY,IFA,IFA_04,IFA,,36075,45060,3655574,"IFA Buffalo-Cheektowaga, NY",0.603866,
ifa_ny_k5,13131,ifa,NY,IFA,IFA_04,IFA,,36075,45060,3656341,"IFA Buffalo-Cheektowaga, NY",0.0,no cell in the extract: territory at zero opportunity
ifa_ny_k5,13132,ifa,NY,IFA,IFA_04,IFA,,36075,45060,3665024,"IFA Buffalo-Cheektowaga, NY",0.0,no cell in the extract: territory at zero opportunity
ifa_ny_k5,13134,ifa,NY,IFA,IFA_05,IFA,,36053,45060,,"IFA Albany-Schenectady-Troy, NY",0.0,no cell in the extract: territory at zero opportunity
ifa_ny_k5,13135,ifa,NY,IFA,IFA_04,IFA,,36075,45060,3657661,"IFA Buffalo-Cheektowaga, NY",0.0,no cell in the extract: territory at zero opportunity
ifa_ny_k5,13136,ifa,NY,IFA,IFA_05,IFA,,36017,,,"IFA Albany-Schenectady-Troy, NY",0.0,no cell in the extract: territory at zero opportunity
ifa_ny_k5,13138,ifa,NY,IFA,IFA_05,IFA,,36067,45060,,"IFA Albany-Schenectady-Troy, NY",0.0,no cell in the extract: territory at zero opportunity
ifa_ny_k5,13140,ifa,NY,IFA,IFA_04,IFA,,36011,12180,3659212,"IFA Buffalo-Cheektowaga, NY",0.0,no cell in the extract: territory at zero opportunity
ifa_ny_k5,13141,ifa,NY,IFA,IFA_05,IFA,,36023,18660,,"IFA Albany-Schenectady-Troy, NY",0.0,no cell in the extract: territory at zero opportunity
ifa_ny_k5,13142,ifa,NY,IFA,IFA_04,IFA,,36075,45060,3659960,"IFA Buffalo-Cheektowaga, NY",0.0,no cell in the extract: territory at zero opportunity
ifa_ny_k5,13143,ifa,NY,IFA,IFA_04,IFA,,36117,40380,3660829,"IFA Buffalo-Cheektowaga, NY",0.0,no cell in the extract: territory at zero opportunity
ifa_ny_k5,13144,ifa,NY,IFA,IFA_04,IFA,,36075,45060,,"IFA Buffalo-Cheektowaga, NY",0.0,no cell in the extract: territory at zero opportunity
ifa_ny_k5,13145,ifa,NY,IFA,IFA_04,IFA,,36075,45060,3665068,"IFA Buffalo-Cheektowaga, NY",0.0,no cell in the extract: territory at zero opportunity
ifa_ny_k5,13146,ifa,NY,IFA,IFA_04,IFA,,36117,40380,3665332,"IFA Buffalo-Cheektowaga, NY",0.0,no cell in the extract: territory at zero opportunity
ifa_ny_k5,13147,ifa,NY,IFA,IFA_05,IFA,,36011,12180,,"IFA Albany-Schenectady-Troy, NY",0.0,no cell in the extract: territory at zero opportunity
ifa_ny_k5,13148,ifa,NY,IFA,IFA_04,IFA,,36099,42900,3666322,"IFA Buffalo-Cheektowaga, NY",0.0,no cell in the extract: territory at zero opportunity
ifa_ny_k5,13152,ifa,NY,IFA,IFA_05,IFA,,36067,45060,3667510,"IFA Albany-Schenectady-Troy, NY",0.738995,
ifa_ny_k5,13153,ifa,NY,IFA,IFA_05,IFA,,36067,45060,,"IFA Albany-Schenectady-Troy, NY",0.0,no cell in the extract: territory at zero opportunity
ifa_ny_k5,13154,ifa,NY,IFA,IFA_04,IFA,,36117,40380,,"IFA Buffalo-Cheektowaga, NY",0.0,no cell in the extract: territory at zero opportunity
ifa_ny_k5,13155,ifa,NY,IFA,IFA_05,IFA,,36017,,,"IFA Albany-Schenectady-Troy, NY",0.0,no cell in the extract: territory at zero opportunity
ifa_ny_k5,13156,ifa,NY,IFA,IFA_04,IFA,,36011,12180,3624988,"IFA Buffalo-Cheektowaga, NY",0.0,no cell in the extract: territory at zero opportunity
ifa_ny_k5,13157,ifa,NY,IFA,IFA_04,IFA,,36065,46540,3672521,"IFA Buffalo-Cheektowaga, NY",0.0,no cell in the extract: territory at zero opportunity
ifa_ny_k5,13158,ifa,NY,IFA,IFA_05,IFA,,36023,18660,,"IFA Albany-Schenectady-Troy, NY",0.0,no cell in the extract: territory at zero opportunity
ifa_ny_k5,13159,ifa,NY,IFA,IFA_05,IFA,,36067,45060,3675627,"IFA Albany-Schenectady-Troy, NY",0.0,no cell in the extract: territory at zero opportunity
ifa_ny_k5,13160,ifa,NY,IFA,IFA_05,IFA,,36011,12180,3676155,"IFA Albany-Schenectady-Troy, NY",0.0,no cell in the extract: territory at zero opportunity
ifa_ny_k5,13162,ifa,NY,IFA,IFA_04,IFA,,36065,46540,,"IFA Buffalo-Cheektowaga, NY",1.4049,
ifa_ny_k5,13163,ifa,NY,IFA,IFA_05,IFA,,36053,45060,3678113,"IFA Albany-Schenectady-Troy, NY",0.0,no cell in the extract: territory at zero opportunity
ifa_ny_k5,13164,ifa,NY,IFA,IFA_05,IFA,,36067,45060,,"IFA Albany-Schenectady-Troy, NY",0.0,no cell in the extract: territory at zero opportunity
ifa_ny_k5,13165,ifa,NY,IFA,IFA_04,IFA,,36099,42900,3678553,"IFA Buffalo-Cheektowaga, NY",0.0867041,
ifa_ny_k5,13166,ifa,NY,IFA,IFA_04,IFA,,36011,12180,3679015,"IFA Buffalo-Cheektowaga, NY",0.0,no cell in the extract: territory at zero opportunity
ifa_ny_k5,13167,ifa,NY,IFA,IFA_04,IFA,,36075,45060,3617893,"IFA Buffalo-Cheektowaga, NY",0.0,no cell in the extract: territory at zero opportunity
ifa_ny_k5,13202,ifa,NY,IFA,IFA_05,IFA,,36067,45060,3673000,"IFA Albany-Schenectady-Troy, NY",31.0641,
ifa_ny_k5,13203,ifa,NY,IFA,IFA_05,IFA,,36067,45060,3673000,"IFA Albany-Schenectady-Troy, NY",0.219283,
ifa_ny_k5,13204,ifa,NY,IFA,IFA_05,IFA,,36067,45060,3673000,"IFA Albany-Schenectady-Troy, NY",24.3468,
ifa_ny_k5,13205,ifa,NY,IFA,IFA_05,IFA,,36067,45060,3673000,"IFA Albany-Schenectady-Troy, NY",0.712529,
ifa_ny_k5,13206,ifa,NY,IFA,IFA_05,IFA,,36067,45060,3673000,"IFA Albany-Schenectady-Troy, NY",5.67995,
ifa_ny_k5,13207,ifa,NY,IFA,IFA_05,IFA,,36067,45060,3673000,"IFA Albany-Schenectady-Troy, NY",0.0,no cell in the extract: territory at zero opportunity
ifa_ny_k5,13208,ifa,NY,IFA,IFA_05,IFA,,36067,45060,3673000,"IFA Albany-Schenectady-Troy, NY",0.0,no cell in the extract: territory at zero opportunity
ifa_ny_k5,13209,ifa,NY,IFA,IFA_05,IFA,,36067,45060,3668286,"IFA Albany-Schenectady-Troy, NY",0.0454232,
ifa_ny_k5,13210,ifa,NY,IFA,IFA_05,IFA,,36067,45060,3673000,"IFA Albany-Schenectady-Troy, NY",0.0,no cell in the extract: territory at zero opportunity
ifa_ny_k5,13211,ifa,NY,IFA,IFA_05,IFA,,36067,45060,3646151,"IFA Albany-Schenectady-Troy, NY",0.2989,
ifa_ny_k5,13212,ifa,NY,IFA,IFA_05,IFA,,36067,45060,3653660,"IFA Albany-Schenectady-Troy, NY",5.35221,
ifa_ny_k5,13214,ifa,NY,IFA,IFA_05,IFA,,36067,45060,3620467,"IFA Albany-Schenectady-Troy, NY",13.138,
ifa_ny_k5,13215,ifa,NY,IFA,IFA_05,IFA,,36067,45060,3673000,"IFA Albany-Schenectady-Troy, NY",1.44184,
ifa_ny_k5,13219,ifa,NY,IFA,IFA_05,IFA,,36067,45060,3625043,"IFA Albany-Schenectady-Troy, NY",10.9881,
ifa_ny_k5,13224,ifa,NY,IFA,IFA_05,IFA,,36067,45060,3673000,"IFA Albany-Schenectady-Troy, NY",0.0,no cell in the extract: territory at zero opportunity
ifa_ny_k5,13244,ifa,NY,IFA,IFA_05,IFA,,36067,45060,3673000,"IFA Albany-Schenectady-Troy, NY",0.0,no cell in the extract: territory at zero opportunity
ifa_ny_k5,13290,ifa,NY,IFA,IFA_05,IFA,,36067,45060,3673000,"IFA Albany-Schenectady-Troy, NY",0.0,no cell in the extract: territory at zero opportunity
ifa_ny_k5,13301,ifa,NY,IFA,IFA_04,IFA,,36065,46540,,"IFA Buffalo-Cheektowaga, NY",0.0,no cell in the extract: territory at zero opportunity
ifa_ny_k5,13302,ifa,NY,IFA,IFA_04,IFA,,36075,45060,3601550,"IFA Buffalo-Cheektowaga, NY",0.0,no cell in the extract: territory at zero opportunity
ifa_ny_k5,13303,ifa,NY,IFA,IFA_04,IFA,,36065,46540,3640475,"IFA Buffalo-Cheektowaga, NY",0.0,no cell in the extract: territory at zero opportunity
ifa_ny_k5,13304,ifa,NY,IFA,IFA_04,IFA,,36065,46540,3604528,"IFA Buffalo-Cheektowaga, NY",0.0,no cell in the extract: territory at zero opportunity
ifa_ny_k5,13305,ifa,NY,IFA,IFA_04,IFA,,36049,,,"IFA Buffalo-Cheektowaga, NY",0.0,no cell in the extract: territory at zero opportunity
ifa_ny_k5,13308,ifa,NY,IFA,IFA_04,IFA,,36065,46540,3663418,"IFA Buffalo-Cheektowaga, NY",0.101285,
ifa_ny_k5,13309,ifa,NY,IFA,IFA_04,IFA,,36065,46540,3607355,"IFA Buffalo-Cheektowaga, NY",0.0,no cell in the extract: territory at zero opportunity
ifa_ny_k5,13310,ifa,NY,IFA,IFA_05,IFA,,36053,45060,,"IFA Albany-Schenectady-Troy, NY",0.0,no cell in the extract: territory at zero opportunity
ifa_ny_k5,13312,ifa,NY,IFA,IFA_04,IFA,,36049,,,"IFA Buffalo-Cheektowaga, NY",0.0,no cell in the extract: territory at zero opportunity
ifa_ny_k5,13313,ifa,NY,IFA,IFA_05,IFA,,36065,46540,3608169,"IFA Albany-Schenectady-Troy, NY",0.0,no cell in the extract: territory at zero opportunity
ifa_ny_k5,13314,ifa,NY,IFA,IFA_05,IFA,,36053,45060,,"IFA Albany-Schenectady-Troy, NY",0.0,no cell in the extract: territory at zero opportunity
ifa_ny_k5,13315,ifa,NY,IFA,IFA_05,IFA,,36077,36580,3611220,"IFA Albany-Schenectady-Troy, NY",0.0,no cell in the extract: territory at zero opportunity
ifa_ny_k5,13316,ifa,NY,IFA,IFA_04,IFA,,36065,46540,3611847,"IFA Buffalo-Cheektowaga, NY",0.0,no cell in the extract: territory at zero opportunity
ifa_ny_k5,13317,ifa,NY,IFA,IFA_04,IFA,,36057,11220,3612111,"IFA Buffalo-Cheektowaga, NY",1.03271,
ifa_ny_k5,13318,ifa,NY,IFA,IFA_05,IFA,,36065,46540,3608169,"IFA Albany-Schenectady-Troy, NY",0.0,no cell in the extract: territory at zero opportunity
ifa_ny_k5,13319,ifa,NY,IFA,IFA_05,IFA,,36065,46540,3613662,"IFA Albany-Schenectady-Troy, NY",0.0,no cell in the extract: territory at zero opportunity
ifa_ny_k5,13320,ifa,NY,IFA,IFA_05,IFA,,36077,36580,3615242,"IFA Albany-Schenectady-Troy, NY",0.0,no cell in the extract: territory at zero opportunity
ifa_ny_k5,13321,ifa,NY,IFA,IFA_05,IFA,,36065,46540,3615902,"IFA Albany-Schenectady-Troy, NY",0.0,no cell in the extract: territory at zero opportunity
ifa_ny_k5,13322,ifa,NY,IFA,IFA_04,IFA,,36043,46540,3616111,"IFA Buffalo-Cheektowaga, NY",0.0,no cell in the extract: territory at zero opportunity
ifa_ny_k5,13323,ifa,NY,IFA,IFA_05,IFA,,36065,46540,3616419,"IFA Albany-Schenectady-Troy, NY",5.42823,
ifa_ny_k5,13324,ifa,NY,IFA,IFA_04,IFA,,36043,46540,3616815,"IFA Buffalo-Cheektowaga, NY",0.0,no cell in the extract: territory at zero opportunity
ifa_ny_k5,13325,ifa,NY,IFA,IFA_04,IFA,,36049,,3617882,"IFA Buffalo-Cheektowaga, NY",0.0,no cell in the extract: territory at zero opportunity
ifa_ny_k5,13326,ifa,NY,IFA,IFA_05,IFA,,36077,36580,3632597,"IFA Albany-Schenectady-Troy, NY",0.25377,
ifa_ny_k5,13327,ifa,NY,IFA,IFA_04,IFA,,36049,,3619070,"IFA Buffalo-Cheektowaga, NY",0.0,no cell in the extract: territory at zero opportunity
ifa_ny_k5,13328,ifa,NY,IFA,IFA_05,IFA,,36065,46540,,"IFA Albany-Schenectady-Troy, NY",0.0,no cell in the extract: territory at zero opportunity
ifa_ny_k5,13329,ifa,NY,IFA,IFA_04,IFA,,36035,24100,3620731,"IFA Buffalo-Cheektowaga, NY",0.0,no cell in the extract: territory at zero opportunity
ifa_ny_k5,13331,ifa,NY,IFA,IFA_04,IFA,,36043,46540,3621380,"IFA Buffalo-Cheektowaga, NY",0.0,no cell in the extract: territory at zero opportunity
ifa_ny_k5,13332,ifa,NY,IFA,IFA_05,IFA,,36053,45060,3621523,"IFA Albany-Schenectady-Troy, NY",0.0,no cell in the extract: territory at zero opportunity
ifa_ny_k5,13333,ifa,NY,IFA,IFA_05,IFA,,36077,36580,,"IFA Albany-Schenectady-Troy, NY",0.0,no cell in the extract: territory at zero opportunity
ifa_ny_k5,13334,ifa,NY,IFA,IFA_05,IFA,,36053,45060,,"IFA Albany-Schenectady-Troy, NY",0.0,no cell in the extract: territory at zero opportunity
ifa_ny_k5,13335,ifa,NY,IFA,IFA_05,IFA,,36077,36580,3623602,"IFA Albany-Schenectady-Troy, NY",0.0,no cell in the extract: territory at zero opportunity
ifa_ny_k5,13337,ifa,NY,IFA,IFA_05,IFA,,36077,36580,3626418,"IFA Albany-Schenectady-Troy, NY",0.0,no cell in the extract: territory at zero opportunity
ifa_ny_k5,13338,ifa,NY,IFA,IFA_04,IFA,,36043,46540,3681644,"IFA Buffalo-Cheektowaga, NY",0.0,no cell in the extract: territory at zero opportunity
ifa_ny_k5,13339,ifa,NY,IFA,IFA_04,IFA,,36057,11220,3626924,"IFA Buffalo-Cheektowaga, NY",0.0,no cell in the extract: territory at zero opportunity
ifa_ny_k5,13340,ifa,NY,IFA,IFA_04,IFA,,36043,46540,3627188,"IFA Buffalo-Cheektowaga, NY",1.00195,
ifa_ny_k5,13342,ifa,NY,IFA,IFA_05,IFA,,36077,36580,3628376,"IFA Albany-Schenectady-Troy, NY",0.0,no cell in the extract: territory at zero opportunity
ifa_ny_k5,13343,ifa,NY,IFA,IFA_04,IFA,,36049,,,"IFA Buffalo-Cheektowaga, NY",0.0,no cell in the extract: territory at zero opportunity
ifa_ny_k5,13345,ifa,NY,IFA,IFA_04,IFA,,36049,,,"IFA Buffalo-Cheektowaga, NY",0.0,no cell in the extract: territory at zero opportunity
ifa_ny_k5,13346,ifa,NY,IFA,IFA_05,IFA,,36053,45060,3631709,"IFA Albany-Schenectady-Troy, NY",0.00161219,
ifa_ny_k5,13348,ifa,NY,IFA,IFA_05,IFA,,36077,36580,3632578,"IFA Albany-Schenectady-Troy, NY",0.0,no cell in the extract: territory at zero opportunity
ifa_ny_k5,13350,ifa,NY,IFA,IFA_04,IFA,,36043,46540,3634121,"IFA Buffalo-Cheektowaga, NY",0.650572,
ifa_ny_k5,13352,ifa,NY,IFA,IFA_04,IFA,,36065,46540,,"IFA Buffalo-Cheektowaga, NY",0.0,no cell in the extract: territory at zero opportunity
ifa_ny_k5,13353,ifa,NY,IFA,IFA_04,IFA,,36041,,,"IFA Buffalo-Cheektowaga, NY",0.0,no cell in the extract: territory at zero opportunity
ifa_ny_k5,13354,ifa,NY,IFA,IFA_04,IFA,,36065,46540,3635144,"IFA Buffalo-Cheektowaga, NY",0.0,no cell in the extract: territory at zero opportunity
ifa_ny_k5,13355,ifa,NY,IFA,IFA_05,IFA,,36053,45060,,"IFA Albany-Schenectady-Troy, NY",0.0,no cell in the extract: territory at zero opportunity
ifa_ny_k5,13357,ifa,NY,IFA,IFA_04,IFA,,36043,46540,3637275,"IFA Buffalo-Cheektowaga, NY",0.17973,
ifa_ny_k5,13360,ifa,NY,IFA,IFA_04,IFA,,36041,,,"IFA Buffalo-Cheektowaga, NY",0.0,no cell in the extract: territory at zero opportunity
ifa_ny_k5,13361,ifa,NY,IFA,IFA_04,IFA,,36043,46540,,"IFA Buffalo-Cheektowaga, NY",0.0,no cell in the extract: territory at zero opportunity
ifa_ny_k5,13363,ifa,NY,IFA,IFA_04,IFA,,36065,46540,3640475,"IFA Buffalo-Cheektowaga, NY",0.0,no cell in the extract: territory at zero opportunity
ifa_ny_k5,13364,ifa,NY,IFA,IFA_05,IFA,,36053,45060,,"IFA Albany-Schenectady-Troy, NY",0.0,no cell in the extract: territory at zero opportunity
ifa_ny_k5,13365,ifa,NY,IFA,IFA_04,IFA,,36043,46540,3642741,"IFA Buffalo-Cheektowaga, NY",1.64672,
ifa_ny_k5,13367,ifa,NY,IFA,IFA_04,IFA,,36049,,3643720,"IFA Buffalo-Cheektowaga, NY",0.0,no cell in the extract: territory at zero opportunity
ifa_ny_k5,13368,ifa,NY,IFA,IFA_04,IFA,,36049,,3644006,"IFA Buffalo-Cheektowaga, NY",0.0,no cell in the extract: territory at zero opportunity
ifa_ny_k5,13402,ifa,NY,IFA,IFA_05,IFA,,36053,45060,3644424,"IFA Albany-Schenectady-Troy, NY",0.0,no cell in the extract: territory at zero opportunity
ifa_ny_k5,13403,ifa,NY,IFA,IFA_04,IFA,,36065,46540,3645524,"IFA Buffalo-Cheektowaga, NY",0.0,no cell in the extract: territory at zero opportunity
ifa_ny_k5,13404,ifa,NY,IFA,IFA_04,IFA,,36049,,,"IFA Buffalo-Cheektowaga, NY",0.0,no cell in the extract: territory at zero opportunity
ifa_ny_k5,13406,ifa,NY,IFA,IFA_04,IFA,,36043,46540,3647108,"IFA Buffalo-Cheektowaga, NY",0.0,no cell in the extract: territory at zero opportunity
ifa_ny_k5,13407,ifa,NY,IFA,IFA_04,IFA,,36043,46540,3647823,"IFA Buffalo-Cheektowaga, NY",0.0,no cell in the extract: territory at zero opportunity
ifa_ny_k5,13408,ifa,NY,IFA,IFA_05,IFA,,36053,45060,3648593,"IFA Albany-Schenectady-Troy, NY",0.0,no cell in the extract: territory at zero opportunity
ifa_ny_k5,13409,ifa,NY,IFA,IFA_05,IFA,,36053,45060,3649220,"IFA Albany-Schenectady-Troy, NY",0.0,no cell in the extract: territory at zero opportunity
ifa_ny_k5,13410,ifa,NY,IFA,IFA_04,IFA,,36057,11220,3649748,"IFA Buffalo-Cheektowaga, NY",0.0,no cell in the extract: territory at zero opportunity
ifa_ny_k5,13411,ifa,NY,IFA,IFA_05,IFA,,36077,36580,3649946,"IFA Albany-Schenectady-Troy, NY",0.0,no cell in the extract: territory at zero opportunity
ifa_ny_k5,13413,ifa,NY,IFA,IFA_05,IFA,,36065,46540,3678454,"IFA Albany-Schenectady-Troy, NY",9.16314,
ifa_ny_k5,13415,ifa,NY,IFA,IFA_05,IFA,,36077,36580,,"IFA Albany-Schenectady-Troy, NY",0.0,no cell in the extract: territory at zero opportunity
ifa_ny_k5,13416,ifa,NY,IFA,IFA_04,IFA,,36043,46540,3650573,"IFA Buffalo-Cheektowaga, NY",0.0,no cell in the extract: territory at zero opportunity
ifa_ny_k5,13417,ifa,NY,IFA,IFA_05,IFA,,36065,46540,3651011,"IFA Albany-Schenectady-Troy, NY",0.0,no cell in the extract: territory at zero opportunity
ifa_ny_k5,13418,ifa,NY,IFA,IFA_05,IFA,,36053,45060,,"IFA Albany-Schenectady-Troy, NY",0.0,no cell in the extract: territory at zero opportunity
ifa_ny_k5,13420,ifa,NY,IFA,IFA_04,IFA,,36043,46540,3654639,"IFA Buffalo-Cheektowaga, NY",0.0,no cell in the extract: territory at zero opportunity
ifa_ny_k5,13421,ifa,NY,IFA,IFA_05,IFA,,36053,45060,3654837,"IFA Albany-Schenectady-Troy, NY",0.0,no cell in the extract: territory at zero opportunity
ifa_ny_k5,13424,ifa,NY,IFA,IFA_05,IFA,,36065,46540,3655365,"IFA Albany-Schenectady-Troy, NY",0.0,no cell in the extract: territory at zero opportunity
ifa_ny_k5,13425,ifa,NY,IFA,IFA_05,IFA,,36065,46540,3655376,"IFA Albany-Schenectady-Troy, NY",0.0,no cell in the extract: territory at zero opportunity
ifa_ny_k5,13428,ifa,NY,IFA,IFA_04,IFA,,36057,11220,3656110,"IFA Buffalo-Cheektowaga, NY",0.0,no cell in the extract: territory at zero opportunity
ifa_ny_k5,13431,ifa,NY,IFA,IFA_04,IFA,,36043,46540,3658937,"IFA Buffalo-Cheektowaga, NY",0.0,no cell in the extract: territory at zero opportunity
ifa_ny_k5,13433,ifa,NY,IFA,IFA_04,IFA,,36049,,3659454,"IFA Buffalo-Cheektowaga, NY",0.589163,
ifa_ny_k5,13435,ifa,NY,IFA,IFA_04,IFA,,36065,46540,3659883,"IFA Buffalo-Cheektowaga, NY",0.0,no cell in the extract: territory at zero opportunity
ifa_ny_k5,13436,ifa,NY,IFA,IFA_04,IFA,,36041,,,"IFA Buffalo-Cheektowaga, NY",0.0,no cell in the extract: territory at zero opportunity
ifa_ny_k5,13437,ifa,NY,IFA,IFA_04,IFA,,36075,45060,,"IFA Buffalo-Cheektowaga, NY",0.0,no cell in the extract: territory at zero opportunity
ifa_ny_k5,13438,ifa,NY,IFA,IFA_04,IFA,,36065,46540,3661115,"IFA Buffalo-Cheektowaga, NY",0.0,no cell in the extract: territory at zero opportunity
ifa_ny_k5,13439,ifa,NY,IFA,IFA_05,IFA,,36077,36580,3665739,"IFA Albany-Schenectady-Troy, NY",0.183431,
ifa_ny_k5,13440,ifa,NY,IFA,IFA_04,IFA,,36065,46540,3663418,"IFA Buffalo-Cheektowaga, NY",1.21788,
ifa_ny_k5,13441,ifa,NY,IFA,IFA_04,IFA,,36065,46540,3663418,"IFA Buffalo-Cheektowaga, NY",0.0,no cell in the extract: territory at zero opportunity
ifa_ny_k5,13450,ifa,NY,IFA,IFA_05,IFA,,36077,36580,,"IFA Albany-Schenectady-Troy, NY",0.0,no cell in the extract: territory at zero opportunity
ifa_ny_k5,13452,ifa,NY,IFA,IFA_04,IFA,,36035,24100,3664639,"IFA Buffalo-Cheektowaga, NY",0.0,no cell in the extract: territory at zero opportunity
ifa_ny_k5,13454,ifa,NY,IFA,IFA_04,IFA,,36043,46540,3664848,"IFA Buffalo-Cheektowaga, NY",0.0,no cell in the extract: territory at zero opportunity
ifa_ny_k5,13455,ifa,NY,IFA,IFA_05,IFA,,36065,46540,,"IFA Albany-Schenectady-Troy, NY",0.0,no cell in the extract: territory at zero opportunity
ifa_ny_k5,13456,ifa,NY,IFA,IFA_05,IFA,,36065,46540,3616111,"IFA Albany-Schenectady-Troy, NY",0.0,no cell in the extract: territory at zero opportunity
ifa_ny_k5,13457,ifa,NY,IFA,IFA_05,IFA,,36077,36580,3665739,"IFA Albany-Schenectady-Troy, NY",0.0,no cell in the extract: territory at zero opportunity
ifa_ny_k5,13459,ifa,NY,IFA,IFA_04,IFA,,36095,10580,3666663,"IFA Buffalo-Cheektowaga, NY",0.0,no cell in the extract: territory at zero opportunity
ifa_ny_k5,13460,ifa,NY,IFA,IFA_05,IFA,,36017,,3666883,"IFA Albany-Schenectady-Troy, NY",0.0,no cell in the extract: territory at zero opportunity
ifa_ny_k5,13461,ifa,NY,IFA,IFA_05,IFA,,36065,46540,3666993,"IFA Albany-Schenectady-Troy, NY",1.71486,
ifa_ny_k5,13464,ifa,NY,IFA,IFA_05,IFA,,36017,,3668099,"IFA Albany-Schenectady-Troy, NY",0.0,no cell in the extract: territory at zero opportunity
ifa_ny_k5,13468,ifa,NY,IFA,IFA_05,IFA,,36077,36580,3670321,"IFA Albany-Schenectady-Troy, NY",0.0,no cell in the extract: territory at zero opportunity
ifa_ny_k5,13469,ifa,NY,IFA,IFA_04,IFA,,36065,46540,3671377,"IFA Buffalo-Cheektowaga, NY",0.0,no cell in the extract: territory at zero opportunity
ifa_ny_k5,13470,ifa,NY,IFA,IFA_04,IFA,,36035,24100,,"IFA Buffalo-Cheektowaga, NY",0.0,no cell in the extract: territory at zero opportunity
ifa_ny_k5,13471,ifa,NY,IFA,IFA_04,IFA,,36065,46540,,"IFA Buffalo-Cheektowaga, NY",0.0,no cell in the extract: territory at zero opportunity
ifa_ny_k5,13472,ifa,NY,IFA,IFA_04,IFA,,36043,46540,3673495,"IFA Buffalo-Cheektowaga, NY",0.0,no cell in the extract: territory at zero opportunity
ifa_ny_k5,13473,ifa,NY,IFA,IFA_04,IFA,,36049,,3675682,"IFA Buffalo-Cheektowaga, NY",0.0,no cell in the extract: territory at zero opportunity
ifa_ny_k5,13475,ifa,NY,IFA,IFA_04,IFA,,36043,46540,,"IFA Buffalo-Cheektowaga, NY",0.0,no cell in the extract: territory at zero opportunity
ifa_ny_k5,13476,ifa,NY,IFA,IFA_05,IFA,,36065,46540,3677112,"IFA Albany-Schenectady-Troy, NY",0.0,no cell in the extract: territory at zero opportunity
ifa_ny_k5,13477,ifa,NY,IFA,IFA_05,IFA,,36065,46540,,"IFA Albany-Schenectady-Troy, NY",0.0,no cell in the extract: territory at zero opportunity
ifa_ny_k5,13478,ifa,NY,IFA,IFA_04,IFA,,36065,46540,3663418,"IFA Buffalo-Cheektowaga, NY",0.0,no cell in the extract: territory at zero opportunity
ifa_ny_k5,13480,ifa,NY,IFA,IFA_05,IFA,,36065,46540,3678663,"IFA Albany-Schenectady-Troy, NY",0.0,no cell in the extract: territory at zero opportunity
ifa_ny_k5,13482,ifa,NY,IFA,IFA_05,IFA,,36077,36580,,"IFA Albany-Schenectady-Troy, NY",0.0,no cell in the extract: territory at zero opportunity
ifa_ny_k5,13483,ifa,NY,IFA,IFA_04,IFA,,36065,46540,,"IFA Buffalo-Cheektowaga, NY",0.0,no cell in the extract: territory at zero opportunity
ifa_ny_k5,13484,ifa,NY,IFA,IFA_05,IFA,,36053,45060,,"IFA Albany-Schenectady-Troy, NY",0.0,no cell in the extract: territory at zero opportunity
ifa_ny_k5,13485,ifa,NY,IFA,IFA_05,IFA,,36053,45060,,"IFA Albany-Schenectady-Troy, NY",0.0,no cell in the extract: territory at zero opportunity
ifa_ny_k5,13486,ifa,NY,IFA,IFA_04,IFA,,36065,46540,3679895,"IFA Buffalo-Cheektowaga, NY",0.0,no cell in the extract: territory at zero opportunity
ifa_ny_k5,13488,ifa,NY,IFA,IFA_05,IFA,,36077,36580,3679961,"IFA Albany-Schenectady-Troy, NY",0.0,no cell in the extract: territory at zero opportunity
ifa_ny_k5,13489,ifa,NY,IFA,IFA_04,IFA,,36049,,,"IFA Buffalo-Cheektowaga, NY",0.0,no cell in the extract: territory at zero opportunity
ifa_ny_k5,13490,ifa,NY,IFA,IFA_05,IFA,,36065,46540,3680522,"IFA Albany-Schenectady-Troy, NY",0.0,no cell in the extract: territory at zero opportunity
ifa_ny_k5,13491,ifa,NY,IFA,IFA_05,IFA,,36077,36580,3676023,"IFA Albany-Schenectady-Troy, NY",0.00795451,
ifa_ny_k5,13492,ifa,NY,IFA,IFA_05,IFA,,36065,46540,3681710,"IFA Albany-Schenectady-Troy, NY",0.32964,
ifa_ny_k5,13493,ifa,NY,IFA,IFA_04,IFA,,36075,45060,,"IFA Buffalo-Cheektowaga, NY",0.0,no cell in the extract: territory at zero opportunity
ifa_ny_k5,13494,ifa,NY,IFA,IFA_04,IFA,,36065,46540,3681644,"IFA Buffalo-Cheektowaga, NY",0.0,no cell in the extract: territory at zero opportunity
ifa_ny_k5,13495,ifa,NY,IFA,IFA_05,IFA,,36065,46540,3684099,"IFA Albany-Schenectady-Troy, NY",0.0609401,
ifa_ny_k5,13501,ifa,NY,IFA,IFA_05,IFA,,36065,46540,3676540,"IFA Albany-Schenectady-Troy, NY",0.00737377,
ifa_ny_k5,13502,ifa,NY,IFA,IFA_04,IFA,,36065,46540,3676540,"IFA Buffalo-Cheektowaga, NY",0.419148,
ifa_ny_k5,13601,ifa,NY,IFA,IFA_04,IFA,,36045,48060,3678608,"IFA Buffalo-Cheektowaga, NY",5.90508,
ifa_ny_k5,13602,ifa,NY,IFA,IFA_04,IFA,,36045,48060,3626759,"IFA Buffalo-Cheektowaga, NY",0.0,no cell in the extract: territory at zero opportunity
ifa_ny_k5,13603,ifa,NY,IFA,IFA_04,IFA,,36045,48060,3626759,"IFA Buffalo-Cheektowaga, NY",0.0,no cell in the extract: territory at zero opportunity
ifa_ny_k5,13605,ifa,NY,IFA,IFA_04,IFA,,36045,48060,3600199,"IFA Buffalo-Cheektowaga, NY",0.0,no cell in the extract: territory at zero opportunity
ifa_ny_k5,13606,ifa,NY,IFA,IFA_04,IFA,,36045,48060,3600232,"IFA Buffalo-Cheektowaga, NY",1.57039,
ifa_ny_k5,13607,ifa,NY,IFA,IFA_04,IFA,,36045,48060,3601187,"IFA Buffalo-Cheektowaga, NY",0.0,no cell in the extract: territory at zero opportunity
ifa_ny_k5,13608,ifa,NY,IFA,IFA_04,IFA,,36045,48060,3602286,"IFA Buffalo-Cheektowaga, NY",0.0,no cell in the extract: territory at zero opportunity
ifa_ny_k5,13611,ifa,NY,IFA,IFA_04,IFA,,36045,48060,3605683,"IFA Buffalo-Cheektowaga, NY",0.0,no cell in the extract: territory at zero opportunity
ifa_ny_k5,13612,ifa,NY,IFA,IFA_04,IFA,,36045,48060,3606794,"IFA Buffalo-Cheektowaga, NY",0.0,no cell in the extract: territory at zero opportunity
ifa_ny_k5,13613,ifa,NY,IFA,IFA_04,IFA,,36089,32390,3607960,"IFA Buffalo-Cheektowaga, NY",0.0,no cell in the extract: territory at zero opportunity
ifa_ny_k5,13614,ifa,NY,IFA,IFA_04,IFA,,36089,32390,,"IFA Buffalo-Cheektowaga, NY",0.0,no cell in the extract: territory at zero opportunity
ifa_ny_k5,13615,ifa,NY,IFA,IFA_04,IFA,,36045,48060,3610231,"IFA Buffalo-Cheektowaga, NY",0.0,no cell in the extract: territory at zero opportunity
ifa_ny_k5,13616,ifa,NY,IFA,IFA_04,IFA,,36045,48060,3611671,"IFA Buffalo-Cheektowaga, NY",0.0,no cell in the extract: territory at zero opportunity
ifa_ny_k5,13617,ifa,NY,IFA,IFA_04,IFA,,36089,32390,3612331,"IFA Buffalo-Cheektowaga, NY",0.0,no cell in the extract: territory at zero opportunity
ifa_ny_k5,13618,ifa,NY,IFA,IFA_04,IFA,,36045,48060,3612353,"IFA Buffalo-Cheektowaga, NY",0.0,no cell in the extract: territory at zero opportunity
ifa_ny_k5,13619,ifa,NY,IFA,IFA_04,IFA,,36045,48060,3630136,"IFA Buffalo-Cheektowaga, NY",0.0,no cell in the extract: territory at zero opportunity
ifa_ny_k5,13620,ifa,NY,IFA,IFA_04,IFA,,36049,,3612881,"IFA Buffalo-Cheektowaga, NY",0.0,no cell in the extract: territory at zero opportunity
ifa_ny_k5,13621,ifa,NY,IFA,IFA_04,IFA,,36089,32390,,"IFA Buffalo-Cheektowaga, NY",0.0,no cell in the extract: territory at zero opportunity
ifa_ny_k5,13622,ifa,NY,IFA,IFA_04,IFA,,36045,48060,3614036,"IFA Buffalo-Cheektowaga, NY",0.0,no cell in the extract: territory at zero opportunity
ifa_ny_k5,13623,ifa,NY,IFA,IFA_04,IFA,,36089,32390,,"IFA Buffalo-Cheektowaga, NY",0.0,no cell in the extract: territory at zero opportunity
ifa_ny_k5,13624,ifa,NY,IFA,IFA_04,IFA,,36045,48060,3616089,"IFA Buffalo-Cheektowaga, NY",2.62026,
ifa_ny_k5,13625,ifa,NY,IFA,IFA_04,IFA,,36089,32390,3617398,"IFA Buffalo-Cheektowaga, NY",0.0,no cell in the extract: territory at zero opportunity
ifa_ny_k5,13626,ifa,NY,IFA,IFA_04,IFA,,36049,,3618135,"IFA Buffalo-Cheektowaga, NY",0.0,no cell in the extract: territory at zero opportunity
ifa_ny_k5,13628,ifa,NY,IFA,IFA_04,IFA,,36045,48060,3619994,"IFA Buffalo-Cheektowaga, NY",0.0,no cell in the extract: territory at zero opportunity
ifa_ny_k5,13630,ifa,NY,IFA,IFA_04,IFA,,36089,32390,3620049,"IFA Buffalo-Cheektowaga, NY",0.0,no cell in the extract: territory at zero opportunity
ifa_ny_k5,13632,ifa,NY,IFA,IFA_04,IFA,,36045,48060,3620302,"IFA Buffalo-Cheektowaga, NY",0.0,no cell in the extract: territory at zero opportunity
ifa_ny_k5,13633,ifa,NY,IFA,IFA_04,IFA,,36089,32390,,"IFA Buffalo-Cheektowaga, NY",0.0,no cell in the extract: territory at zero opportunity
ifa_ny_k5,13634,ifa,NY,IFA,IFA_04,IFA,,36045,48060,3620500,"IFA Buffalo-Cheektowaga, NY",0.0,no cell in the extract: territory at zero opportunity
ifa_ny_k5,13635,ifa,NY,IFA,IFA_04,IFA,,36089,32390,3623635,"IFA Buffalo-Cheektowaga, NY",0.0,no cell in the extract: territory at zero opportunity
ifa_ny_k5,13636,ifa,NY,IFA,IFA_04,IFA,,36045,48060,3624075,"IFA Buffalo-Cheektowaga, NY",0.0,no cell in the extract: territory at zero opportunity
ifa_ny_k5,13637,ifa,NY,IFA,IFA_04,IFA,,36045,48060,3611671,"IFA Buffalo-Cheektowaga, NY",0.0,no cell in the extract: territory at zero opportunity
ifa_ny_k5,13638,ifa,NY,IFA,IFA_04,IFA,,36045,48060,3625571,"IFA Buffalo-Cheektowaga, NY",0.0,no cell in the extract: territory at zero opportunity
ifa_ny_k5,13639,ifa,NY,IFA,IFA_04,IFA,,36089,32390,,"IFA Buffalo-Cheektowaga, NY",0.0,no cell in the extract: territory at zero opportunity
ifa_ny_k5,13640,ifa,NY,IFA,IFA_04,IFA,,36045,48060,3625934,"IFA Buffalo-Cheektowaga, NY",0.0,no cell in the extract: territory at zero opportunity
ifa_ny_k5,13641,ifa,NY,IFA,IFA_04,IFA,,36045,48060,3625934,"IFA Buffalo-Cheektowaga, NY",0.0,no cell in the extract: territory at zero opportunity
ifa_ny_k5,13642,ifa,NY,IFA,IFA_04,IFA,,36089,32390,3631346,"IFA Buffalo-Cheektowaga, NY",0.0,no cell in the extract: territory at zero opportunity
ifa_ny_k5,13643,ifa,NY,IFA,IFA_04,IFA,,36045,48060,3630136,"IFA Buffalo-Cheektowaga, NY",0.0,no cell in the extract: territory at zero opportunity
ifa_ny_k5,13645,ifa,NY,IFA,IFA_04,IFA,,36089,32390,3631346,"IFA Buffalo-Cheektowaga, NY",0.0,no cell in the extract: territory at zero opportunity
ifa_ny_k5,13646,ifa,NY,IFA,IFA_04,IFA,,36089,32390,3631830,"IFA Buffalo-Cheektowaga, NY",0.0,no cell in the extract: territory at zero opportunity
ifa_ny_k5,13647,ifa,NY,IFA,IFA_04,IFA,,36089,32390,3632006,"IFA Buffalo-Cheektowaga, NY",0.0,no cell in the extract: territory at zero opportunity
ifa_ny_k5,13648,ifa,NY,IFA,IFA_04,IFA,,36049,,,"IFA Buffalo-Cheektowaga, NY",0.0,no cell in the extract: territory at zero opportunity
ifa_ny_k5,13649,ifa,NY,IFA,IFA_04,IFA,,36089,32390,3600457,"IFA Buffalo-Cheektowaga, NY",0.0,no cell in the extract: territory at zero opportunity
ifa_ny_k5,13650,ifa,NY,IFA,IFA_04,IFA,,36045,48060,3634044,"IFA Buffalo-Cheektowaga, NY",0.0,no cell in the extract: territory at zero opportunity
ifa_ny_k5,13651,ifa,NY,IFA,IFA_04,IFA,,36045,48060,,"IFA Buffalo-Cheektowaga, NY",0.0,no cell in the extract: territory at zero opportunity
ifa_ny_k5,13652,ifa,NY,IFA,IFA_04,IFA,,36089,32390,3634165,"IFA Buffalo-Cheektowaga, NY",0.0,no cell in the extract: territory at zero opportunity
ifa_ny_k5,13654,ifa,NY,IFA,IFA_04,IFA,,36089,32390,3634264,"IFA Buffalo-Cheektowaga, NY",0.0,no cell in the extract: territory at zero opportunity
ifa_ny_k5,13655,ifa,NY,IFA,IFA_04,IFA,,36033,,3600457,"IFA Buffalo-Cheektowaga, NY",0.0,no cell in the extract: territory at zero opportunity
ifa_ny_k5,13656,ifa,NY,IFA,IFA_04,IFA,,36045,48060,3620302,"IFA Buffalo-Cheektowaga, NY",0.0,no cell in the extract: territory at zero opportunity
ifa_ny_k5,13658,ifa,NY,IFA,IFA_04,IFA,,36089,32390,,"IFA Buffalo-Cheektowaga, NY",0.0,no cell in the extract: territory at zero opportunity
ifa_ny_k5,13659,ifa,NY,IFA,IFA_04,IFA,,36045,48060,3643533,"IFA Buffalo-Cheektowaga, NY",0.0,no cell in the extract: territory at zero opportunity
ifa_ny_k5,13660,ifa,NY,IFA,IFA_04,IFA,,36089,32390,3644479,"IFA Buffalo-Cheektowaga, NY",0.0,no cell in the extract: territory at zero opportunity
ifa_ny_k5,13661,ifa,NY,IFA,IFA_04,IFA,,36045,48060,3645073,"IFA Buffalo-Cheektowaga, NY",0.0,no cell in the extract: territory at zero opportunity
ifa_ny_k5,13662,ifa,NY,IFA,IFA_04,IFA,,36089,32390,3600457,"IFA Buffalo-Cheektowaga, NY",3.55585,
ifa_ny_k5,13664,ifa,NY,IFA,IFA_04,IFA,,36089,32390,3648571,"IFA Buffalo-Cheektowaga, NY",0.0,no cell in the extract: territory at zero opportunity
ifa_ny_k5,13665,ifa,NY,IFA,IFA_04,IFA,,36049,,3649605,"IFA Buffalo-Cheektowaga, NY",0.0,no cell in the extract: territory at zero opportunity
ifa_ny_k5,13666,ifa,NY,IFA,IFA_04,IFA,,36089,32390,3618817,"IFA Buffalo-Cheektowaga, NY",0.0,no cell in the extract: territory at zero opportunity
ifa_ny_k5,13667,ifa,NY,IFA,IFA_04,IFA,,36089,32390,3651319,"IFA Buffalo-Cheektowaga, NY",0.0,no cell in the extract: territory at zero opportunity
ifa_ny_k5,13668,ifa,NY,IFA,IFA_04,IFA,,36089,32390,3654012,"IFA Buffalo-Cheektowaga, NY",0.0,no cell in the extract: territory at zero opportunity
ifa_ny_k5,13669,ifa,NY,IFA,IFA_04,IFA,,36089,32390,3654485,"IFA Buffalo-Cheektowaga, NY",0.0,no cell in the extract: territory at zero opportunity
ifa_ny_k5,13670,ifa,NY,IFA,IFA_04,IFA,,36089,32390,,"IFA Buffalo-Cheektowaga, NY",0.0,no cell in the extract: territory at zero opportunity
ifa_ny_k5,13672,ifa,NY,IFA,IFA_04,IFA,,36089,32390,3656363,"IFA Buffalo-Cheektowaga, NY",0.0,no cell in the extract: territory at zero opportunity
ifa_ny_k5,13673,ifa,NY,IFA,IFA_04,IFA,,36045,48060,3657551,"IFA Buffalo-Cheektowaga, NY",0.0,no cell in the extract: territory at zero opportunity
ifa_ny_k5,13674,ifa,NY,IFA,IFA_04,IFA,,36045,48060,3657782,"IFA Buffalo-Cheektowaga, NY",0.0,no cell in the extract: territory at zero opportunity
ifa_ny_k5,13675,ifa,NY,IFA,IFA_04,IFA,,36045,48060,3658739,"IFA Buffalo-Cheektowaga, NY",0.0,no cell in the extract: territory at zero opportunity
ifa_ny_k5,13676,ifa,NY,IFA,IFA_04,IFA,,36089,32390,3659564,"IFA Buffalo-Cheektowaga, NY",0.0493179,
ifa_ny_k5,13678,ifa,NY,IFA,IFA_04,IFA,,36089,32390,,"IFA Buffalo-Cheektowaga, NY",0.0,no cell in the extract: territory at zero opportunity
ifa_ny_k5,13679,ifa,NY,IFA,IFA_04,IFA,,36045,48060,3661016,"IFA Buffalo-Cheektowaga, NY",0.0,no cell in the extract: territory at zero opportunity
ifa_ny_k5,13680,ifa,NY,IFA,IFA_04,IFA,,36089,32390,3661159,"IFA Buffalo-Cheektowaga, NY",0.0,no cell in the extract: territory at zero opportunity
ifa_ny_k5,13681,ifa,NY,IFA,IFA_04,IFA,,36089,32390,3661621,"IFA Buffalo-Cheektowaga, NY",0.0,no cell in the extract: territory at zero opportunity
ifa_ny_k5,13682,ifa,NY,IFA,IFA_04,IFA,,36045,48060,3663330,"IFA Buffalo-Cheektowaga, NY",0.0,no cell in the extract: territory at zero opportunity
ifa_ny_k5,13683,ifa,NY,IFA,IFA_04,IFA,,36089,32390,3600457,"IFA Buffalo-Cheektowaga, NY",0.0,no cell in the extract: territory at zero opportunity
ifa_ny_k5,13684,ifa,NY,IFA,IFA_04,IFA,,36089,32390,,"IFA Buffalo-Cheektowaga, NY",0.0,no cell in the extract: territory at zero opportunity
ifa_ny_k5,13685,ifa,NY,IFA,IFA_04,IFA,,36045,48060,3664408,"IFA Buffalo-Cheektowaga, NY",0.0,no cell in the extract: territory at zero opportunity
ifa_ny_k5,13687,ifa,NY,IFA,IFA_04,IFA,,36089,32390,,"IFA Buffalo-Cheektowaga, NY",0.0,no cell in the extract: territory at zero opportunity
ifa_ny_k5,13690,ifa,NY,IFA,IFA_04,IFA,,36089,32390,3670849,"IFA Buffalo-Cheektowaga, NY",0.0,no cell in the extract: territory at zero opportunity
ifa_ny_k5,13691,ifa,NY,IFA,IFA_04,IFA,,36045,48060,3673517,"IFA Buffalo-Cheektowaga, NY",0.0,no cell in the extract: territory at zero opportunity
ifa_ny_k5,13692,ifa,NY,IFA,IFA_04,IFA,,36045,48060,3673726,"IFA Buffalo-Cheektowaga, NY",0.0,no cell in the extract: territory at zero opportunity
ifa_ny_k5,13693,ifa,NY,IFA,IFA_04,IFA,,36045,48060,3673737,"IFA Buffalo-Cheektowaga, NY",0.0,no cell in the extract: territory at zero opportunity
ifa_ny_k5,13694,ifa,NY,IFA,IFA_04,IFA,,36089,32390,3677728,"IFA Buffalo-Cheektowaga, NY",0.0,no cell in the extract: territory at zero opportunity
ifa_ny_k5,13695,ifa,NY,IFA,IFA_04,IFA,,36089,32390,,"IFA Buffalo-Cheektowaga, NY",0.0,no cell in the extract: territory at zero opportunity
ifa_ny_k5,13696,ifa,NY,IFA,IFA_04,IFA,,36089,32390,,"IFA Buffalo-Cheektowaga, NY",0.0,no cell in the extract: territory at zero opportunity
ifa_ny_k5,13697,ifa,NY,IFA,IFA_04,IFA,,36089,32390,3682612,"IFA Buffalo-Cheektowaga, NY",0.0,no cell in the extract: territory at zero opportunity
ifa_ny_k5,13699,ifa,NY,IFA,IFA_04,IFA,,36089,32390,3659564,"IFA Buffalo-Cheektowaga, NY",0.0,no cell in the extract: territory at zero opportunity
ifa_ny_k5,13730,ifa,NY,IFA,IFA_05,IFA,,36017,,3600342,"IFA Albany-Schenectady-Troy, NY",0.0,no cell in the extract: territory at zero opportunity
ifa_ny_k5,13731,ifa,NY,IFA,IFA_05,IFA,,36025,,3602121,"IFA Albany-Schenectady-Troy, NY",0.0,no cell in the extract: territory at zero opportunity
ifa_ny_k5,13732,ifa,NY,IFA,IFA_04,IFA,,36107,13780,3602308,"IFA Buffalo-Cheektowaga, NY",0.00190908,
ifa_ny_k5,13733,ifa,NY,IFA,IFA_05,IFA,,36017,,3604033,"IFA Albany-Schenectady-Troy, NY",0.0,no cell in the extract: territory at zero opportunity
ifa_ny_k5,13734,ifa,NY,IFA,IFA_04,IFA,,36107,13780,,"IFA Buffalo-Cheektowaga, NY",0.0,no cell in the extract: territory at zero opportunity
ifa_ny_k5,13736,ifa,NY,IFA,IFA_04,IFA,,36107,13780,,"IFA Buffalo-Cheektowaga, NY",0.0,no cell in the extract: territory at zero opportunity
ifa_ny_k5,13738,ifa,NY,IFA,IFA_05,IFA,,36023,18660,3606937,"IFA Albany-Schenectady-Troy, NY",0.0,no cell in the extract: territory at zero opportunity
ifa_ny_k5,13739,ifa,NY,IFA,IFA_05,IFA,,36025,,3607025,"IFA Albany-Schenectady-Troy, NY",0.0,no cell in the extract: territory at zero opportunity
ifa_ny_k5,13740,ifa,NY,IFA,IFA_05,IFA,,36025,,,"IFA Albany-Schenectady-Troy, NY",0.0,no cell in the extract: territory at zero opportunity
ifa_ny_k5,13743,ifa,NY,IFA,IFA_04,IFA,,36107,13780,3612210,"IFA Buffalo-Cheektowaga, NY",0.0,no cell in the extract: territory at zero opportunity
ifa_ny_k5,13744,ifa,NY,IFA,IFA_05,IFA,,36007,13780,,"IFA Albany-Schenectady-Troy, NY",0.0,no cell in the extract: territory at zero opportunity
ifa_ny_k5,13746,ifa,NY,IFA,IFA_05,IFA,,36007,13780,,"IFA Albany-Schenectady-Troy, NY",0.0,no cell in the extract: territory at zero opportunity
ifa_ny_k5,13747,ifa,NY,IFA,IFA_05,IFA,,36077,36580,,"IFA Albany-Schenectady-Troy, NY",0.0,no cell in the extract: territory at zero opportunity
ifa_ny_k5,13748,ifa,NY,IFA,IFA_05,IFA,,36007,13780,,"IFA Albany-Schenectady-Troy, NY",0.0,no cell in the extract: territory at zero opportunity
ifa_ny_k5,13750,ifa,NY,IFA,IFA_05,IFA,,36025,,3619774,"IFA Albany-Schenectady-Troy, NY",0.0,no cell in the extract: territory at zero opportunity
ifa_ny_k5,13751,ifa,NY,IFA,IFA_05,IFA,,36025,,3619774,"IFA Albany-Schenectady-Troy, NY",0.0,no cell in the extract: territory at zero opportunity
ifa_ny_k5,13752,ifa,NY,IFA,IFA_05,IFA,,36025,,,"IFA Albany-Schenectady-Troy, NY",0.0,no cell in the extract: territory at zero opportunity
ifa_ny_k5,13753,ifa,NY,IFA,IFA_05,IFA,,36025,,3620126,"IFA Albany-Schenectady-Troy, NY",0.0,no cell in the extract: territory at zero opportunity
ifa_ny_k5,13754,ifa,NY,IFA,IFA_05,IFA,,36007,13780,3620346,"IFA Albany-Schenectady-Troy, NY",0.0,no cell in the extract: territory at zero opportunity
ifa_ny_k5,13755,ifa,NY,IFA,IFA_05,IFA,,36025,,3620852,"IFA Albany-Schenectady-Troy, NY",0.0,no cell in the extract: territory at zero opportunity
ifa_ny_k5,13756,ifa,NY,IFA,IFA_05,IFA,,36025,,,"IFA Albany-Schenectady-Troy, NY",0.0,no cell in the extract: territory at zero opportunity
ifa_ny_k5,13757,ifa,NY,IFA,IFA_05,IFA,,36025,,3619774,"IFA Albany-Schenectady-Troy, NY",0.0,no cell in the extract: territory at zero opportunity
ifa_ny_k5,13760,ifa,NY,IFA,IFA_05,IFA,,36007,13780,3624526,"IFA Albany-Schenectady-Troy, NY",1.54156,
ifa_ny_k5,13774,ifa,NY,IFA,IFA_05,IFA,,36025,,,"IFA Albany-Schenectady-Troy, NY",0.0,no cell in the extract: territory at zero opportunity
ifa_ny_k5,13775,ifa,NY,IFA,IFA_05,IFA,,36025,,3627221,"IFA Albany-Schenectady-Troy, NY",0.36323,
ifa_ny_k5,13776,ifa,NY,IFA,IFA_05,IFA,,36077,36580,3628959,"IFA Albany-Schenectady-Troy, NY",0.0,no cell in the extract: territory at zero opportunity
ifa_ny_k5,13777,ifa,NY,IFA,IFA_05,IFA,,36007,13780,3629058,"IFA Albany-Schenectady-Troy, NY",0.0,no cell in the extract: territory at zero opportunity
ifa_ny_k5,13778,ifa,NY,IFA,IFA_05,IFA,,36017,,3630411,"IFA Albany-Schenectady-Troy, NY",0.0,no cell in the extract: territory at zero opportunity
ifa_ny_k5,13780,ifa,NY,IFA,IFA_05,IFA,,36017,,3631137,"IFA Albany-Schenectady-Troy, NY",0.0,no cell in the extract: territory at zero opportunity
ifa_ny_k5,13782,ifa,NY,IFA,IFA_05,IFA,,36025,,3620852,"IFA Albany-Schenectady-Troy, NY",0.0,no cell in the extract: territory at zero opportunity
ifa_ny_k5,13783,ifa,NY,IFA,IFA_05,IFA,,36025,,3631940,"IFA Albany-Schenectady-Troy, NY",0.00572725,
ifa_ny_k5,13784,ifa,NY,IFA,IFA_05,IFA,,36023,18660,,"IFA Albany-Schenectady-Troy, NY",0.0,no cell in the extract: territory at zero opportunity
ifa_ny_k5,13786,ifa,NY,IFA,IFA_05,IFA,,36025,,,"IFA Albany-Schenectady-Troy, NY",0.0,no cell in the extract: territory at zero opportunity
ifa_ny_k5,13787,ifa,NY,IFA,IFA_05,IFA,,36007,13780,,"IFA Albany-Schenectady-Troy, NY",0.0,no cell in the extract: territory at zero opportunity
ifa_ny_k5,13788,ifa,NY,IFA,IFA_05,IFA,,36025,,3634979,"IFA Albany-Schenectady-Troy, NY",0.0,no cell in the extract: territory at zero opportunity
ifa_ny_k5,13790,ifa,NY,IFA,IFA_05,IFA,,36007,13780,3638748,"IFA Albany-Schenectady-Troy, NY",0.36111,
ifa_ny_k5,13795,ifa,NY,IFA,IFA_05,IFA,,36007,13780,,"IFA Albany-Schenectady-Troy, NY",0.0,no cell in the extract: territory at zero opportunity
ifa_ny_k5,13796,ifa,NY,IFA,IFA_05,IFA,,36077,36580,3641520,"IFA Albany-Schenectady-Troy, NY",0.0,no cell in the extract: territory at zero opportunity
ifa_ny_k5,13797,ifa,NY,IFA,IFA_05,IFA,,36007,13780,3642642,"IFA Albany-Schenectady-Troy, NY",0.0,no cell in the extract: territory at zero opportunity
ifa_ny_k5,13801,ifa,NY,IFA,IFA_05,IFA,,36017,,3668088,"IFA Albany-Schenectady-Troy, NY",0.0,no cell in the extract: territory at zero opportunity
ifa_ny_k5,13802,ifa,NY,IFA,IFA_05,IFA,,36007,13780,,"IFA Albany-Schenectady-Troy, NY",0.0,no cell in the extract: territory at zero opportunity
ifa_ny_k5,13803,ifa,NY,IFA,IFA_05,IFA,,36023,18660,3645392,"IFA Albany-Schenectady-Troy, NY",0.0,no cell in the extract: territory at zero opportunity
ifa_ny_k5,13804,ifa,NY,IFA,IFA_05,IFA,,36025,,,"IFA Albany-Schenectady-Troy, NY",0.0,no cell in the extract: territory at zero opportunity
ifa_ny_k5,13806,ifa,NY,IFA,IFA_05,IFA,,36025,,,"IFA Albany-Schenectady-Troy, NY",0.0,no cell in the extract: territory at zero opportunity
ifa_ny_k5,13807,ifa,NY,IFA,IFA_05,IFA,,36077,36580,3647229,"IFA Albany-Schenectady-Troy, NY",0.0,no cell in the extract: territory at zero opportunity
ifa_ny_k5,13808,ifa,NY,IFA,IFA_05,IFA,,36077,36580,3648483,"IFA Albany-Schenectady-Troy, NY",0.0,no cell in the extract: territory at zero opportunity
ifa_ny_k5,13809,ifa,NY,IFA,IFA_05,IFA,,36077,36580,,"IFA Albany-Schenectady-Troy, NY",0.0,no cell in the extract: territory at zero opportunity
ifa_ny_k5,13810,ifa,NY,IFA,IFA_05,IFA,,36077,36580,3649143,"IFA Albany-Schenectady-Troy, NY",0.0,no cell in the extract: territory at zero opportunity
ifa_ny_k5,13811,ifa,NY,IFA,IFA_04,IFA,,36107,13780,3649902,"IFA Buffalo-Cheektowaga, NY",0.0,no cell in the extract: territory at zero opportunity
ifa_ny_k5,13812,ifa,NY,IFA,IFA_04,IFA,,36107,13780,3651110,"IFA Buffalo-Cheektowaga, NY",0.0,no cell in the extract: territory at zero opportunity
ifa_ny_k5,13813,ifa,NY,IFA,IFA_05,IFA,,36007,13780,,"IFA Albany-Schenectady-Troy, NY",0.0,no cell in the extract: territory at zero opportunity
ifa_ny_k5,13814,ifa,NY,IFA,IFA_05,IFA,,36017,,,"IFA Albany-Schenectady-Troy, NY",0.0,no cell in the extract: territory at zero opportunity
ifa_ny_k5,13815,ifa,NY,IFA,IFA_05,IFA,,36017,,3653979,"IFA Albany-Schenectady-Troy, NY",0.0361464,
ifa_ny_k5,13820,ifa,NY,IFA,IFA_05,IFA,,36077,36580,3654881,"IFA Albany-Schenectady-Troy, NY",7.37762,
ifa_ny_k5,13825,ifa,NY,IFA,IFA_05,IFA,,36077,36580,3655618,"IFA Albany-Schenectady-Troy, NY",0.0,no cell in the extract: territory at zero opportunity
ifa_ny_k5,13826,ifa,NY,IFA,IFA_05,IFA,,36007,13780,,"IFA Albany-Schenectady-Troy, NY",0.0,no cell in the extract: territory at zero opportunity
ifa_ny_k5,13827,ifa,NY,IFA,IFA_04,IFA,,36107,13780,3655882,"IFA Buffalo-Cheektowaga, NY",0.252037,
ifa_ny_k5,13830,ifa,NY,IFA,IFA_05,IFA,,36017,,3655948,"IFA Albany-Schenectady-Troy, NY",0.0,no cell in the extract: territory at zero opportunity
ifa_ny_k5,13832,ifa,NY,IFA,IFA_05,IFA,,36017,,,"IFA Albany-Schenectady-Troy, NY",0.0,no cell in the extract: territory at zero opportunity
ifa_ny_k5,13833,ifa,NY,IFA,IFA_05,IFA,,36007,13780,,"IFA Albany-Schenectady-Troy, NY",0.0,no cell in the extract: territory at zero opportunity
ifa_ny_k5,13834,ifa,NY,IFA,IFA_05,IFA,,36077,36580,3659443,"IFA Albany-Schenectady-Troy, NY",0.0,no cell in the extract: territory at zero opportunity
ifa_ny_k5,13835,ifa,NY,IFA,IFA_04,IFA,,36107,13780,,"IFA Buffalo-Cheektowaga, NY",0.0,no cell in the extract: territory at zero opportunity
ifa_ny_k5,13838,ifa,NY,IFA,IFA_05,IFA,,36025,,3667334,"IFA Albany-Schenectady-Troy, NY",0.0,no cell in the extract: territory at zero opportunity
ifa_ny_k5,13839,ifa,NY,IFA,IFA_05,IFA,,36025,,,"IFA Albany-Schenectady-Troy, NY",0.0,no cell in the extract: territory at zero opportunity
ifa_ny_k5,13841,ifa,NY,IFA,IFA_05,IFA,,36017,,3668088,"IFA Albany-Schenectady-Troy, NY",0.0,no cell in the extract: territory at zero opportunity
ifa_ny_k5,13842,ifa,NY,IFA,IFA_05,IFA,,36025,,,"IFA Albany-Schenectady-Troy, NY",0.0,no cell in the extract: territory at zero opportunity
ifa_ny_k5,13843,ifa,NY,IFA,IFA_05,IFA,,36077,36580,,"IFA Albany-Schenectady-Troy, NY",0.0,no cell in the extract: territory at zero opportunity
ifa_ny_k5,13844,ifa,NY,IFA,IFA_05,IFA,,36017,,,"IFA Albany-Schenectady-Troy, NY",0.0,no cell in the extract: territory at zero opportunity
ifa_ny_k5,13846,ifa,NY,IFA,IFA_05,IFA,,36025,,,"IFA Albany-Schenectady-Troy, NY",0.0,no cell in the extract: territory at zero opportunity
ifa_ny_k5,13847,ifa,NY,IFA,IFA_05,IFA,,36025,,,"IFA Albany-Schenectady-Troy, NY",0.0,no cell in the extract: territory at zero opportunity
ifa_ny_k5,13849,ifa,NY,IFA,IFA_05,IFA,,36077,36580,3676001,"IFA Albany-Schenectady-Troy, NY",0.0,no cell in the extract: territory at zero opportunity
ifa_ny_k5,13850,ifa,NY,IFA,IFA_05,IFA,,36007,13780,3606644,"IFA Albany-Schenectady-Troy, NY",6.32097,
ifa_ny_k5,13856,ifa,NY,IFA,IFA_05,IFA,,36025,,3678036,"IFA Albany-Schenectady-Troy, NY",0.0,no cell in the extract: territory at zero opportunity
ifa_ny_k5,13859,ifa,NY,IFA,IFA_05,IFA,,36077,36580,3679070,"IFA Albany-Schenectady-Troy, NY",0.0,no cell in the extract: territory at zero opportunity
ifa_ny_k5,13860,ifa,NY,IFA,IFA_05,IFA,,36025,,,"IFA Albany-Schenectady-Troy, NY",0.0,no cell in the extract: territory at zero opportunity
ifa_ny_k5,13861,ifa,NY,IFA,IFA_05,IFA,,36077,36580,,"IFA Albany-Schenectady-Troy, NY",0.0,no cell in the extract: territory at zero opportunity
ifa_ny_k5,13862,ifa,NY,IFA,IFA_05,IFA,,36007,13780,3681831,"IFA Albany-Schenectady-Troy, NY",0.0,no cell in the extract: territory at zero opportunity
ifa_ny_k5,13863,ifa,NY,IFA,IFA_05,IFA,,36023,18660,,"IFA Albany-Schenectady-Troy, NY",0.0,no cell in the extract: territory at zero opportunity
ifa_ny_k5,13864,ifa,NY,IFA,IFA_04,IFA,,36107,13780,,"IFA Buffalo-Cheektowaga, NY",0.0,no cell in the extract: territory at zero opportunity
ifa_ny_k5,13865,ifa,NY,IFA,IFA_05,IFA,,36007,13780,3682524,"IFA Albany-Schenectady-Troy, NY",0.0,no cell in the extract: territory at zero opportunity
ifa_ny_k5,13901,ifa,NY,IFA,IFA_05,IFA,,36007,13780,3615121,"IFA Albany-Schenectady-Troy, NY",3.75482,
ifa_ny_k5,13902,ifa,NY,IFA,IFA_05,IFA,,36007,13780,3606644,"IFA Albany-Schenectady-Troy, NY",0.0,no cell in the extract: territory at zero opportunity
ifa_ny_k5,13903,ifa,NY,IFA,IFA_05,IFA,,36007,13780,3606607,"IFA Albany-Schenectady-Troy, NY",0.0,no cell in the extract: territory at zero opportunity
ifa_ny_k5,13904,ifa,NY,IFA,IFA_05,IFA,,36007,13780,3606607,"IFA Albany-Schenectady-Troy, NY",0.0,no cell in the extract: territory at zero opportunity
ifa_ny_k5,13905,ifa,NY,IFA,IFA_05,IFA,,36007,13780,3606607,"IFA Albany-Schenectady-Troy, NY",3.24594,
ifa_ny_k5,14001,ifa,NY,IFA,IFA_04,IFA,,36029,15380,3600441,"IFA Buffalo-Cheektowaga, NY",0.0,no cell in the extract: territory at zero opportunity
ifa_ny_k5,14004,ifa,NY,IFA,IFA_04,IFA,,36029,15380,3675121,"IFA Buffalo-Cheektowaga, NY",0.0,no cell in the extract: territory at zero opportunity
ifa_ny_k5,14005,ifa,NY,IFA,IFA_04,IFA,,36037,12860,3601154,"IFA Buffalo-Cheektowaga, NY",0.0,no cell in the extract: territory at zero opportunity
ifa_ny_k5,14006,ifa,NY,IFA,IFA_04,IFA,,36029,15380,3640486,"IFA Buffalo-Cheektowaga, NY",0.0,no cell in the extract: territory at zero opportunity
ifa_ny_k5,14008,ifa,NY,IFA,IFA_04,IFA,,36063,15380,,"IFA Buffalo-Cheektowaga, NY",0.0,no cell in the extract: territory at zero opportunity
ifa_ny_k5,14009,ifa,NY,IFA,IFA_04,IFA,,36121,,3602407,"IFA Buffalo-Cheektowaga, NY",0.0,no cell in the extract: territory at zero opportunity
ifa_ny_k5,14011,ifa,NY,IFA,IFA_04,IFA,,36121,,3603001,"IFA Buffalo-Cheektowaga, NY",0.0,no cell in the extract: territory at zero opportunity
ifa_ny_k5,14012,ifa,NY,IFA,IFA_04,IFA,,36063,15380,3604440,"IFA Buffalo-Cheektowaga, NY",0.0,no cell in the extract: territory at zero opportunity
ifa_ny_k5,14013,ifa,NY,IFA,IFA_04,IFA,,36037,12860,,"IFA Buffalo-Cheektowaga, NY",0.0,no cell in the extract: territory at zero opportunity
ifa_ny_k5,14020,ifa,NY,IFA,IFA_04,IFA,,36037,12860,3604715,"IFA Buffalo-Cheektowaga, NY",0.654947,
ifa_ny_k5,14024,ifa,NY,IFA,IFA_04,IFA,,36121,,3606904,"IFA Buffalo-Cheektowaga, NY",0.0,no cell in the extract: territory at zero opportunity
ifa_ny_k5,14025,ifa,NY,IFA,IFA_04,IFA,,36029,15380,,"IFA Buffalo-Cheektowaga, NY",0.0,no cell in the extract: territory at zero opportunity
ifa_ny_k5,14026,ifa,NY,IFA,IFA_04,IFA,,36029,15380,,"IFA Buffalo-Cheektowaga, NY",0.0,no cell in the extract: territory at zero opportunity
ifa_ny_k5,14027,ifa,NY,IFA,IFA_04,IFA,,36029,15380,,"IFA Buffalo-Cheektowaga, NY",0.0444196,
ifa_ny_k5,14028,ifa,NY,IFA,IFA_04,IFA,,36063,15380,3654540,"IFA Buffalo-Cheektowaga, NY",0.0,no cell in the extract: territory at zero opportunity
ifa_ny_k5,14029,ifa,NY,IFA,IFA_04,IFA,,36003,,,"IFA Buffalo-Cheektowaga, NY",0.0,no cell in the extract: territory at zero opportunity
ifa_ny_k5,14030,ifa,NY,IFA,IFA_04,IFA,,36029,15380,3684044,"IFA Buffalo-Cheektowaga, NY",0.0,no cell in the extract: territory at zero opportunity
ifa_ny_k5,14031,ifa,NY,IFA,IFA_04,IFA,,36029,15380,3615814,"IFA Buffalo-Cheektowaga, NY",5.89099,
ifa_ny_k5,14032,ifa,NY,IFA,IFA_04,IFA,,36029,15380,3615836,"IFA Buffalo-Cheektowaga, NY",0.563428,
ifa_ny_k5,14033,ifa,NY,IFA,IFA_04,IFA,,36029,15380,,"IFA Buffalo-Cheektowaga, NY",0.0,no cell in the extract: territory at zero opportunity
ifa_ny_k5,14034,ifa,NY,IFA,IFA_04,IFA,,36029,15380,,"IFA Buffalo-Cheektowaga, NY",0.0,no cell in the extract: territory at zero opportunity
ifa_ny_k5,14035,ifa,NY,IFA,IFA_04,IFA,,36029,15380,,"IFA Buffalo-Cheektowaga, NY",0.0,no cell in the extract: territory at zero opportunity
ifa_ny_k5,14036,ifa,NY,IFA,IFA_04,IFA,,36037,12860,3618201,"IFA Buffalo-Cheektowaga, NY",0.0,no cell in the extract: territory at zero opportunity
ifa_ny_k5,14037,ifa,NY,IFA,IFA_04,IFA,,36121,,,"IFA Buffalo-Cheektowaga, NY",0.0,no cell in the extract: territory at zero opportunity
ifa_ny_k5,14039,ifa,NY,IFA,IFA_04,IFA,,36121,,,"IFA Buffalo-Cheektowaga, NY",0.0,no cell in the extract: territory at zero opportunity
ifa_ny_k5,14040,ifa,NY,IFA,IFA_04,IFA,,36037,12860,,"IFA Buffalo-Cheektowaga, NY",0.0,no cell in the extract: territory at zero opportunity
ifa_ny_k5,14041,ifa,NY,IFA,IFA_04,IFA,,36009,36460,,"IFA Buffalo-Cheektowaga, NY",0.0,no cell in the extract: territory at zero opportunity
ifa_ny_k5,14042,ifa,NY,IFA,IFA_04,IFA,,36009,36460,3642345,"IFA Buffalo-Cheektowaga, NY",0.0,no cell in the extract: territory at zero opportunity
ifa_ny_k5,14043,ifa,NY,IFA,IFA_04,IFA,,36029,15380,3620313,"IFA Buffalo-Cheektowaga, NY",8.5162,
ifa_ny_k5,14047,ifa,NY,IFA,IFA_04,IFA,,36029,15380,3634528,"IFA Buffalo-Cheektowaga, NY",0.0,no cell in the extract: territory at zero opportunity
ifa_ny_k5,14048,ifa,NY,IFA,IFA_04,IFA,,36013,27460,3621105,"IFA Buffalo-Cheektowaga, NY",0.498619,
ifa_ny_k5,14051,ifa,NY,IFA,IFA_04,IFA,,36029,15380,,"IFA Buffalo-Cheektowaga, NY",0.357971,
ifa_ny_k5,14052,ifa,NY,IFA,IFA_04,IFA,,36029,15380,3606574,"IFA Buffalo-Cheektowaga, NY",10.8289,
ifa_ny_k5,14054,ifa,NY,IFA,IFA_04,IFA,,36037,12860,,"IFA Buffalo-Cheektowaga, NY",0.0,no cell in the extract: territory at zero opportunity
ifa_ny_k5,14055,ifa,NY,IFA,IFA_04,IFA,,36029,15380,,"IFA Buffalo-Cheektowaga, NY",0.0,no cell in the extract: territory at zero opportunity
ifa_ny_k5,14056,ifa,NY,IFA,IFA_04,IFA,,36037,12860,,"IFA Buffalo-Cheektowaga, NY",0.0,no cell in the extract: territory at zero opportunity
ifa_ny_k5,14057,ifa,NY,IFA,IFA_04,IFA,,36029,15380,3623404,"IFA Buffalo-Cheektowaga, NY",0.0,no cell in the extract: territory at zero opportunity
ifa_ny_k5,14058,ifa,NY,IFA,IFA_04,IFA,,36037,12860,3623745,"IFA Buffalo-Cheektowaga, NY",0.0,no cell in the extract: territory at zero opportunity
ifa_ny_k5,14059,ifa,NY,IFA,IFA_04,IFA,,36029,15380,3624141,"IFA Buffalo-Cheektowaga, NY",1.54014,
ifa_ny_k5,14060,ifa,NY,IFA,IFA_04,IFA,,36003,,,"IFA Buffalo-Cheektowaga, NY",0.0,no cell in the extract: territory at zero opportunity
ifa_ny_k5,14061,ifa,NY,IFA,IFA_04,IFA,,36029,15380,3625428,"IFA Buffalo-Cheektowaga, NY",0.0,no cell in the extract: territory at zero opportunity
ifa_ny_k5,14062,ifa,NY,IFA,IFA_04,IFA,,36013,27460,3626649,"IFA Buffalo-Cheektowaga, NY",0.0,no cell in the extract: territory at zero opportunity
ifa_ny_k5,14063,ifa,NY,IFA,IFA_04,IFA,,36013,27460,3627419,"IFA Buffalo-Cheektowaga, NY",0.244937,
ifa_ny_k5,14065,ifa,NY,IFA,IFA_04,IFA,,36009,36460,,"IFA Buffalo-Cheektowaga, NY",0.0,no cell in the extract: territory at zero opportunity
ifa_ny_k5,14066,ifa,NY,IFA,IFA_04,IFA,,36121,,3657815,"IFA Buffalo-Cheektowaga, NY",0.0,no cell in the extract: territory at zero opportunity
ifa_ny_k5,14067,ifa,NY,IFA,IFA_04,IFA,,36063,15380,3628431,"IFA Buffalo-Cheektowaga, NY",0.0,no cell in the extract: territory at zero opportunity
ifa_ny_k5,14068,ifa,NY,IFA,IFA_04,IFA,,36029,15380,,"IFA Buffalo-Cheektowaga, NY",5.00911,
ifa_ny_k5,14069,ifa,NY,IFA,IFA_04,IFA,,36029,15380,,"IFA Buffalo-Cheektowaga, NY",0.0,no cell in the extract: territory at zero opportunity
ifa_ny_k5,14070,ifa,NY,IFA,IFA_04,IFA,,36009,36460,3629630,"IFA Buffalo-Cheektowaga, NY",0.0,no cell in the extract: territory at zero opportunity
ifa_ny_k5,14072,ifa,NY,IFA,IFA_04,IFA,,36029,15380,3629894,"IFA Buffalo-Cheektowaga, NY",0.870262,
ifa_ny_k5,14075,ifa,NY,IFA,IFA_04,IFA,,36029,15380,3651583,"IFA Buffalo-Cheektowaga, NY",11.7464,
ifa_ny_k5,14080,ifa,NY,IFA,IFA_04,IFA,,36029,15380,3635111,"IFA Buffalo-Cheektowaga, NY",0.0,no cell in the extract: territory at zero opportunity
ifa_ny_k5,14081,ifa,NY,IFA,IFA_04,IFA,,36029,15380,3625428,"IFA Buffalo-Cheektowaga, NY",0.0,no cell in the extract: territory at zero opportunity
ifa_ny_k5,14082,ifa,NY,IFA,IFA_04,IFA,,36121,,,"IFA Buffalo-Cheektowaga, NY",0.0,no cell in the extract: territory at zero opportunity
ifa_ny_k5,14083,ifa,NY,IFA,IFA_04,IFA,,36121,,,"IFA Buffalo-Cheektowaga, NY",0.0,no cell in the extract: territory at zero opportunity
ifa_ny_k5,14085,ifa,NY,IFA,IFA_04,IFA,,36029,15380,3678124,"IFA Buffalo-Cheektowaga, NY",3.02282,
ifa_ny_k5,14086,ifa,NY,IFA,IFA_04,IFA,,36029,15380,3641135,"IFA Buffalo-Cheektowaga, NY",4.18963,
ifa_ny_k5,14091,ifa,NY,IFA,IFA_04,IFA,,36029,15380,,"IFA Buffalo-Cheektowaga, NY",0.0,no cell in the extract: territory at zero opportunity
ifa_ny_k5,14092,ifa,NY,IFA,IFA_04,IFA,,36063,15380,3642147,"IFA Buffalo-Cheektowaga, NY",3.81146,
ifa_ny_k5,14094,ifa,NY,IFA,IFA_04,IFA,,36063,15380,3643082,"IFA Buffalo-Cheektowaga, NY",1.21656,
ifa_ny_k5,14098,ifa,NY,IFA,IFA_04,IFA,,36073,40380,3643918,"IFA Buffalo-Cheektowaga, NY",0.0,no cell in the extract: territory at zero opportunity
ifa_ny_k5,14101,ifa,NY,IFA,IFA_04,IFA,,36009,36460,3644226,"IFA Buffalo-Cheektowaga, NY",0.0,no cell in the extract: territory at zero opportunity
ifa_ny_k5,14102,ifa,NY,IFA,IFA_04,IFA,,36029,15380,,"IFA Buffalo-Cheektowaga, NY",0.0,no cell in the extract: territory at zero opportunity
ifa_ny_k5,14103,ifa,NY,IFA,IFA_04,IFA,,36073,40380,3646415,"IFA Buffalo-Cheektowaga, NY",0.0,no cell in the extract: territory at zero opportunity
ifa_ny_k5,14105,ifa,NY,IFA,IFA_04,IFA,,36063,15380,3646998,"IFA Buffalo-Cheektowaga, NY",5.14784,
ifa_ny_k5,14108,ifa,NY,IFA,IFA_04,IFA,,36063,15380,3650221,"IFA Buffalo-Cheektowaga, NY",0.0,no cell in the extract: territory at zero opportunity
ifa_ny_k5,14109,ifa,NY,IFA,IFA_04,IFA,,36063,15380,3651088,"IFA Buffalo-Cheektowaga, NY",0.0,no cell in the extract: territory at zero opportunity
ifa_ny_k5,14111,ifa,NY,IFA,IFA_04,IFA,,36029,15380,3651792,"IFA Buffalo-Cheektowaga, NY",0.501672,
ifa_ny_k5,14112,ifa,NY,IFA,IFA_04,IFA,,36029,15380,,"IFA Buffalo-Cheektowaga, NY",0.0,no cell in the extract: territory at zero opportunity
ifa_ny_k5,14113,ifa,NY,IFA,IFA_04,IFA,,36121,,,"IFA Buffalo-Cheektowaga, NY",0.0,no cell in the extract: territory at zero opportunity
ifa_ny_k5,14120,ifa,NY,IFA,IFA_04,IFA,,36063,15380,3653682,"IFA Buffalo-Cheektowaga, NY",3.35959,
ifa_ny_k5,14125,ifa,NY,IFA,IFA_04,IFA,,36037,12860,3654155,"IFA Buffalo-Cheektowaga, NY",0.0,no cell in the extract: territory at zero opportunity
ifa_ny_k5,14126,ifa,NY,IFA,IFA_04,IFA,,36063,15380,3654540,"IFA Buffalo-Cheektowaga, NY",0.0,no cell in the extract: territory at zero opportunity
ifa_ny_k5,14127,ifa,NY,IFA,IFA_04,IFA,,36029,15380,3655266,"IFA Buffalo-Cheektowaga, NY",24.2885,
ifa_ny_k5,14129,ifa,NY,IFA,IFA_04,IFA,,36009,36460,3657287,"IFA Buffalo-Cheektowaga, NY",0.0,no cell in the extract: territory at zero opportunity
ifa_ny_k5,14130,ifa,NY,IFA,IFA_04,IFA,,36121,,3657815,"IFA Buffalo-Cheektowaga, NY",0.0,no cell in the extract: territory at zero opportunity
ifa_ny_k5,14131,ifa,NY,IFA,IFA_04,IFA,,36063,15380,3660598,"IFA Buffalo-Cheektowaga, NY",0.0,no cell in the extract: territory at zero opportunity
ifa_ny_k5,14132,ifa,NY,IFA,IFA_04,IFA,,36063,15380,3664958,"IFA Buffalo-Cheektowaga, NY",0.0,no cell in the extract: territory at zero opportunity
ifa_ny_k5,14134,ifa,NY,IFA,IFA_04,IFA,,36029,15380,,"IFA Buffalo-Cheektowaga, NY",0.0,no cell in the extract: territory at zero opportunity
ifa_ny_k5,14135,ifa,NY,IFA,IFA_04,IFA,,36013,27460,,"IFA Buffalo-Cheektowaga, NY",0.0,no cell in the extract: territory at zero opportunity
ifa_ny_k5,14136,ifa,NY,IFA,IFA_04,IFA,,36013,27460,3667411,"IFA Buffalo-Cheektowaga, NY",0.0,no cell in the extract: territory at zero opportunity
ifa_ny_k5,14138,ifa,NY,IFA,IFA_04,IFA,,36009,36460,3668891,"IFA Buffalo-Cheektowaga, NY",0.0,no cell in the extract: territory at zero opportunity
ifa_ny_k5,14139,ifa,NY,IFA,IFA_04,IFA,,36029,15380,,"IFA Buffalo-Cheektowaga, NY",1.16986,
ifa_ny_k5,14141,ifa,NY,IFA,IFA_04,IFA,,36029,15380,3670442,"IFA Buffalo-Cheektowaga, NY",0.0,no cell in the extract: territory at zero opportunity
ifa_ny_k5,14143,ifa,NY,IFA,IFA_04,IFA,,36037,12860,,"IFA Buffalo-Cheektowaga, NY",0.0,no cell in the extract: territory at zero opportunity
ifa_ny_k5,14145,ifa,NY,IFA,IFA_04,IFA,,36121,,3671817,"IFA Buffalo-Cheektowaga, NY",0.0,no cell in the extract: territory at zero opportunity
ifa_ny_k5,14150,ifa,NY,IFA,IFA_04,IFA,,36029,15380,3675021,"IFA Buffalo-Cheektowaga, NY",1.21367,
ifa_ny_k5,14166,ifa,NY,IFA,IFA_04,IFA,,36013,27460,,"IFA Buffalo-Cheektowaga, NY",0.0,no cell in the extract: territory at zero opportunity
ifa_ny_k5,14167,ifa,NY,IFA,IFA_04,IFA,,36121,,,"IFA Buffalo-Cheektowaga, NY",0.0,no cell in the extract: territory at zero opportunity
ifa_ny_k5,14168,ifa,NY,IFA,IFA_04,IFA,,36009,36460,,"IFA Buffalo-Cheektowaga, NY",0.0,no cell in the extract: territory at zero opportunity
ifa_ny_k5,14169,ifa,NY,IFA,IFA_04,IFA,,36029,15380,,"IFA Buffalo-Cheektowaga, NY",0.0,no cell in the extract: territory at zero opportunity
ifa_ny_k5,14170,ifa,NY,IFA,IFA_04,IFA,,36029,15380,,"IFA Buffalo-Cheektowaga, NY",0.0,no cell in the extract: territory at zero opportunity
ifa_ny_k5,14171,ifa,NY,IFA,IFA_04,IFA,,36009,36460,3681138,"IFA Buffalo-Cheektowaga, NY",0.0,no cell in the extract: territory at zero opportunity
ifa_ny_k5,14172,ifa,NY,IFA,IFA_04,IFA,,36063,15380,3682359,"IFA Buffalo-Cheektowaga, NY",0.0,no cell in the extract: territory at zero opportunity
ifa_ny_k5,14173,ifa,NY,IFA,IFA_04,IFA,,36009,36460,3684044,"IFA Buffalo-Cheektowaga, NY",0.0,no cell in the extract: territory at zero opportunity
ifa_ny_k5,14174,ifa,NY,IFA,IFA_04,IFA,,36063,15380,3684143,"IFA Buffalo-Cheektowaga, NY",3.31191,
ifa_ny_k5,14201,ifa,NY,IFA,IFA_04,IFA,,36029,15380,3611000,"IFA Buffalo-Cheektowaga, NY",0.0,no cell in the extract: territory at zero opportunity
ifa_ny_k5,14202,ifa,NY,IFA,IFA_04,IFA,,36029,15380,3611000,"IFA Buffalo-Cheektowaga, NY",20.7987,
ifa_ny_k5,14203,ifa,NY,IFA,IFA_04,IFA,,36029,15380,3611000,"IFA Buffalo-Cheektowaga, NY",4.16144,
ifa_ny_k5,14204,ifa,NY,IFA,IFA_04,IFA,,36029,15380,3611000,"IFA Buffalo-Cheektowaga, NY",0.0,no cell in the extract: territory at zero opportunity
ifa_ny_k5,14206,ifa,NY,IFA,IFA_04,IFA,,36029,15380,3611000,"IFA Buffalo-Cheektowaga, NY",0.198873,
ifa_ny_k5,14207,ifa,NY,IFA,IFA_04,IFA,,36029,15380,3611000,"IFA Buffalo-Cheektowaga, NY",0.0,no cell in the extract: territory at zero opportunity
ifa_ny_k5,14208,ifa,NY,IFA,IFA_04,IFA,,36029,15380,3611000,"IFA Buffalo-Cheektowaga, NY",0.0,no cell in the extract: territory at zero opportunity
ifa_ny_k5,14209,ifa,NY,IFA,IFA_04,IFA,,36029,15380,3611000,"IFA Buffalo-Cheektowaga, NY",6.4002,
ifa_ny_k5,14210,ifa,NY,IFA,IFA_04,IFA,,36029,15380,3611000,"IFA Buffalo-Cheektowaga, NY",0.0,no cell in the extract: territory at zero opportunity
ifa_ny_k5,14211,ifa,NY,IFA,IFA_04,IFA,,36029,15380,3611000,"IFA Buffalo-Cheektowaga, NY",0.0,no cell in the extract: territory at zero opportunity
ifa_ny_k5,14212,ifa,NY,IFA,IFA_04,IFA,,36029,15380,3611000,"IFA Buffalo-Cheektowaga, NY",0.0,no cell in the extract: territory at zero opportunity
ifa_ny_k5,14213,ifa,NY,IFA,IFA_04,IFA,,36029,15380,3611000,"IFA Buffalo-Cheektowaga, NY",0.0,no cell in the extract: territory at zero opportunity
ifa_ny_k5,14214,ifa,NY,IFA,IFA_04,IFA,,36029,15380,3611000,"IFA Buffalo-Cheektowaga, NY",0.0,no cell in the extract: territory at zero opportunity
ifa_ny_k5,14215,ifa,NY,IFA,IFA_04,IFA,,36029,15380,3611000,"IFA Buffalo-Cheektowaga, NY",1.46679,
ifa_ny_k5,14216,ifa,NY,IFA,IFA_04,IFA,,36029,15380,3611000,"IFA Buffalo-Cheektowaga, NY",0.0795491,
ifa_ny_k5,14217,ifa,NY,IFA,IFA_04,IFA,,36029,15380,3675021,"IFA Buffalo-Cheektowaga, NY",5.16414,
ifa_ny_k5,14218,ifa,NY,IFA,IFA_04,IFA,,36029,15380,3640189,"IFA Buffalo-Cheektowaga, NY",0.0,no cell in the extract: territory at zero opportunity
ifa_ny_k5,14219,ifa,NY,IFA,IFA_04,IFA,,36029,15380,3606849,"IFA Buffalo-Cheektowaga, NY",0.784942,
ifa_ny_k5,14220,ifa,NY,IFA,IFA_04,IFA,,36029,15380,3611000,"IFA Buffalo-Cheektowaga, NY",1.79257,
ifa_ny_k5,14221,ifa,NY,IFA,IFA_04,IFA,,36029,15380,3632391,"IFA Buffalo-Cheektowaga, NY",111.093,
ifa_ny_k5,14222,ifa,NY,IFA,IFA_04,IFA,,36029,15380,3611000,"IFA Buffalo-Cheektowaga, NY",0.0,no cell in the extract: territory at zero opportunity
ifa_ny_k5,14223,ifa,NY,IFA,IFA_04,IFA,,36029,15380,3675021,"IFA Buffalo-Cheektowaga, NY",0.350891,
ifa_ny_k5,14224,ifa,NY,IFA,IFA_04,IFA,,36029,15380,3680907,"IFA Buffalo-Cheektowaga, NY",2.97826,
ifa_ny_k5,14225,ifa,NY,IFA,IFA_04,IFA,,36029,15380,3615000,"IFA Buffalo-Cheektowaga, NY",4.37874,
ifa_ny_k5,14226,ifa,NY,IFA,IFA_04,IFA,,36029,15380,3623701,"IFA Buffalo-Cheektowaga, NY",113.297,
ifa_ny_k5,14227,ifa,NY,IFA,IFA_04,IFA,,36029,15380,3615000,"IFA Buffalo-Cheektowaga, NY",4.64065,
ifa_ny_k5,14228,ifa,NY,IFA,IFA_04,IFA,,36029,15380,3676280,"IFA Buffalo-Cheektowaga, NY",38.7748,
ifa_ny_k5,14260,ifa,NY,IFA,IFA_04,IFA,,36029,15380,3676280,"IFA Buffalo-Cheektowaga, NY",0.0,no cell in the extract: territory at zero opportunity
ifa_ny_k5,14261,ifa,NY,IFA,IFA_04,IFA,,36029,15380,3676280,"IFA Buffalo-Cheektowaga, NY",0.0,no cell in the extract: territory at zero opportunity
ifa_ny_k5,14301,ifa,NY,IFA,IFA_04,IFA,,36063,15380,3651055,"IFA Buffalo-Cheektowaga, NY",1.40711,
ifa_ny_k5,14302,ifa,NY,IFA,IFA_04,IFA,,36063,15380,3651055,"IFA Buffalo-Cheektowaga, NY",0.0,no cell in the extract: territory at zero opportunity
ifa_ny_k5,14303,ifa,NY,IFA,IFA_04,IFA,,36063,15380,3651055,"IFA Buffalo-Cheektowaga, NY",4.32539,
ifa_ny_k5,14304,ifa,NY,IFA,IFA_04,IFA,,36063,15380,3651055,"IFA Buffalo-Cheektowaga, NY",4.86907,
ifa_ny_k5,14305,ifa,NY,IFA,IFA_04,IFA,,36063,15380,3651055,"IFA Buffalo-Cheektowaga, NY",0.0,no cell in the extract: territory at zero opportunity
ifa_ny_k5,14411,ifa,NY,IFA,IFA_04,IFA,,36073,40380,3601033,"IFA Buffalo-Cheektowaga, NY",0.0,no cell in the extract: territory at zero opportunity
ifa_ny_k5,14413,ifa,NY,IFA,IFA_04,IFA,,36117,40380,,"IFA Buffalo-Cheektowaga, NY",0.0,no cell in the extract: territory at zero opportunity
ifa_ny_k5,14414,ifa,NY,IFA,IFA_04,IFA,,36051,40380,3603353,"IFA Buffalo-Cheektowaga, NY",0.0,no cell in the extract: territory at zero opportunity
ifa_ny_k5,14415,ifa,NY,IFA,IFA_04,IFA,,36123,,,"IFA Buffalo-Cheektowaga, NY",0.0,no cell in the extract: territory at zero opportunity
ifa_ny_k5,14416,ifa,NY,IFA,IFA_04,IFA,,36037,12860,3606046,"IFA Buffalo-Cheektowaga, NY",0.0,no cell in the extract: territory at zero opportunity
ifa_ny_k5,14418,ifa,NY,IFA,IFA_04,IFA,,36123,,,"IFA Buffalo-Cheektowaga, NY",0.0,no cell in the extract: territory at zero opportunity
ifa_ny_k5,14420,ifa,NY,IFA,IFA_04,IFA,,36055,40380,3615946,"IFA Buffalo-Cheektowaga, NY",1.28188,
ifa_ny_k5,14422,ifa,NY,IFA,IFA_04,IFA,,36037,12860,,"IFA Buffalo-Cheektowaga, NY",0.0,no cell in the extract: territory at zero opportunity
ifa_ny_k5,14423,ifa,NY,IFA,IFA_04,IFA,,36051,40380,3611704,"IFA Buffalo-Cheektowaga, NY",0.0,no cell in the extract: territory at zero opportunity
ifa_ny_k5,14424,ifa,NY,IFA,IFA_04,IFA,,36069,40380,3612144,"IFA Buffalo-Cheektowaga, NY",2.90662,
ifa_ny_k5,14425,ifa,NY,IFA,IFA_04,IFA,,36069,40380,,"IFA Buffalo-Cheektowaga, NY",4.06998,
ifa_ny_k5,14427,ifa,NY,IFA,IFA_04,IFA,,36121,,3612771,"IFA Buffalo-Cheektowaga, NY",0.0,no cell in the extract: territory at zero opportunity
ifa_ny_k5,14428,ifa,NY,IFA,IFA_04,IFA,,36055,40380,3615638,"IFA Buffalo-Cheektowaga, NY",0.986791,
ifa_ny_k5,14432,ifa,NY,IFA,IFA_04,IFA,,36069,40380,3616375,"IFA Buffalo-Cheektowaga, NY",0.10659,
ifa_ny_k5,14433,ifa,NY,IFA,IFA_04,IFA,,36117,40380,3616573,"IFA Buffalo-Cheektowaga, NY",0.0,no cell in the extract: territory at zero opportunity
ifa_ny_k5,14435,ifa,NY,IFA,IFA_04,IFA,,36051,40380,3617622,"IFA Buffalo-Cheektowaga, NY",0.0,no cell in the extract: territory at zero opportunity
ifa_ny_k5,14437,ifa,NY,IFA,IFA_04,IFA,,36051,40380,3619664,"IFA Buffalo-Cheektowaga, NY",1.62324,
ifa_ny_k5,14441,ifa,NY,IFA,IFA_04,IFA,,36123,,3620896,"IFA Buffalo-Cheektowaga, NY",0.0,no cell in the extract: territory at zero opportunity
ifa_ny_k5,14445,ifa,NY,IFA,IFA_04,IFA,,36055,40380,3622865,"IFA Buffalo-Cheektowaga, NY",0.636304,
ifa_ny_k5,14450,ifa,NY,IFA,IFA_04,IFA,,36055,40380,3625076,"IFA Buffalo-Cheektowaga, NY",25.7584,
ifa_ny_k5,14453,ifa,NY,IFA,IFA_04,IFA,,36069,40380,,"IFA Buffalo-Cheektowaga, NY",0.0,no cell in the extract: territory at zero opportunity
ifa_ny_k5,14454,ifa,NY,IFA,IFA_04,IFA,,36051,40380,3628618,"IFA Buffalo-Cheektowaga, NY",0.0554024,
ifa_ny_k5,14456,ifa,NY,IFA,IFA_04,IFA,,36069,40380,3628640,"IFA Buffalo-Cheektowaga, NY",1.1066,
ifa_ny_k5,14462,ifa,NY,IFA,IFA_04,IFA,,36051,40380,3631022,"IFA Buffalo-Cheektowaga, NY",0.0,no cell in the extract: territory at zero opportunity
ifa_ny_k5,14463,ifa,NY,IFA,IFA_04,IFA,,36069,40380,3631533,"IFA Buffalo-Cheektowaga, NY",0.0,no cell in the extract: territory at zero opportunity
ifa_ny_k5,14464,ifa,NY,IFA,IFA_04,IFA,,36055,40380,3631786,"IFA Buffalo-Cheektowaga, NY",0.0222282,
ifa_ny_k5,14466,ifa,NY,IFA,IFA_04,IFA,,36069,40380,3633128,"IFA Buffalo-Cheektowaga, NY",0.0,no cell in the extract: territory at zero opportunity
ifa_ny_k5,14467,ifa,NY,IFA,IFA_04,IFA,,36055,40380,,"IFA Buffalo-Cheektowaga, NY",0.00509088,
ifa_ny_k5,14468,ifa,NY,IFA,IFA_04,IFA,,36055,40380,3634847,"IFA Buffalo-Cheektowaga, NY",0.0,no cell in the extract: territory at zero opportunity
ifa_ny_k5,14469,ifa,NY,IFA,IFA_04,IFA,,36069,40380,3606945,"IFA Buffalo-Cheektowaga, NY",0.21476,
ifa_ny_k5,14470,ifa,NY,IFA,IFA_04,IFA,,36073,40380,3635155,"IFA Buffalo-Cheektowaga, NY",0.0,no cell in the extract: territory at zero opportunity
ifa_ny_k5,14471,ifa,NY,IFA,IFA_04,IFA,,36069,40380,3635353,"IFA Buffalo-Cheektowaga, NY",0.0,no cell in the extract: territory at zero opportunity
ifa_ny_k5,14472,ifa,NY,IFA,IFA_04,IFA,,36055,40380,3635364,"IFA Buffalo-Cheektowaga, NY",0.0,no cell in the extract: territory at zero opportunity
ifa_ny_k5,14475,ifa,NY,IFA,IFA_04,IFA,,36069,40380,,"IFA Buffalo-Cheektowaga, NY",0.0,no cell in the extract: territory at zero opportunity
ifa_ny_k5,14476,ifa,NY,IFA,IFA_04,IFA,,36073,40380,,"IFA Buffalo-Cheektowaga, NY",0.0,no cell in the extract: territory at zero opportunity
ifa_ny_k5,14477,ifa,NY,IFA,IFA_04,IFA,,36073,40380,,"IFA Buffalo-Cheektowaga, NY",0.0,no cell in the extract: territory at zero opportunity
ifa_ny_k5,14478,ifa,NY,IFA,IFA_04,IFA,,36123,,3639463,"IFA Buffalo-Cheektowaga, NY",0.00143181,
ifa_ny_k5,14479,ifa,NY,IFA,IFA_04,IFA,,36073,40380,,"IFA Buffalo-Cheektowaga, NY",0.0,no cell in the extract: territory at zero opportunity
ifa_ny_k5,14480,ifa,NY,IFA,IFA_04,IFA,,36051,40380,3641036,"IFA Buffalo-Cheektowaga, NY",0.0,no cell in the extract: territory at zero opportunity
ifa_ny_k5,14481,ifa,NY,IFA,IFA_04,IFA,,36051,40380,3619510,"IFA Buffalo-Cheektowaga, NY",0.0,no cell in the extract: territory at zero opportunity
ifa_ny_k5,14482,ifa,NY,IFA,IFA_04,IFA,,36037,12860,3642026,"IFA Buffalo-Cheektowaga, NY",0.0,no cell in the extract: territory at zero opportunity
ifa_ny_k5,14485,ifa,NY,IFA,IFA_04,IFA,,36051,40380,3642323,"IFA Buffalo-Cheektowaga, NY",0.0,no cell in the extract: territory at zero opportunity
ifa_ny_k5,14486,ifa,NY,IFA,IFA_04,IFA,,36051,40380,3642609,"IFA Buffalo-Cheektowaga, NY",0.0,no cell in the extract: territory at zero opportunity
ifa_ny_k5,14487,ifa,NY,IFA,IFA_04,IFA,,36051,40380,3617622,"IFA Buffalo-Cheektowaga, NY",0.0,no cell in the extract: territory at zero opportunity
ifa_ny_k5,14489,ifa,NY,IFA,IFA_04,IFA,,36117,40380,3643962,"IFA Buffalo-Cheektowaga, NY",0.0,no cell in the extract: territory at zero opportunity
ifa_ny_k5,14502,ifa,NY,IFA,IFA_04,IFA,,36117,40380,3628138,"IFA Buffalo-Cheektowaga, NY",1.07291,
ifa_ny_k5,14504,ifa,NY,IFA,IFA_04,IFA,,36069,40380,3644853,"IFA Buffalo-Cheektowaga, NY",0.0,no cell in the extract: territory at zero opportunity
ifa_ny_k5,14505,ifa,NY,IFA,IFA_04,IFA,,36117,40380,3645634,"IFA Buffalo-Cheektowaga, NY",0.0,no cell in the extract: territory at zero opportunity
ifa_ny_k5,14506,ifa,NY,IFA,IFA_04,IFA,,36055,40380,,"IFA Buffalo-Cheektowaga, NY",0.0,no cell in the extract: territory at zero opportunity
ifa_ny_k5,14507,ifa,NY,IFA,IFA_04,IFA,,36123,,,"IFA Buffalo-Cheektowaga, NY",0.0,no cell in the extract: territory at zero opportunity
ifa_ny_k5,14510,ifa,NY,IFA,IFA_04,IFA,,36051,40380,3648945,"IFA Buffalo-Cheektowaga, NY",0.0,no cell in the extract: territory at zero opportunity
ifa_ny_k5,14511,ifa,NY,IFA,IFA_04,IFA,,36055,40380,,"IFA Buffalo-Cheektowaga, NY",0.0,no cell in the extract: territory at zero opportunity
ifa_ny_k5,14512,ifa,NY,IFA,IFA_04,IFA,,36069,40380,3649429,"IFA Buffalo-Cheektowaga, NY",4.10431,
ifa_ny_k5,14513,ifa,NY,IFA,IFA_04,IFA,,36117,40380,3649891,"IFA Buffalo-Cheektowaga, NY",0.0,no cell in the extract: territory at zero opportunity
ifa_ny_k5,14514,ifa,NY,IFA,IFA_04,IFA,,36055,40380,,"IFA Buffalo-Cheektowaga, NY",0.0,no cell in the extract: territory at zero opportunity
ifa_ny_k5,14515,ifa,NY,IFA,IFA_04,IFA,,36055,40380,,"IFA Buffalo-Cheektowaga, NY",0.0,no cell in the extract: territory at zero opportunity
ifa_ny_k5,14516,ifa,NY,IFA,IFA_04,IFA,,36117,40380,3653462,"IFA Buffalo-Cheektowaga, NY",0.0,no cell in the extract: territory at zero opportunity
ifa_ny_k5,14517,ifa,NY,IFA,IFA_04,IFA,,36051,40380,3654078,"IFA Buffalo-Cheektowaga, NY",0.832929,
ifa_ny_k5,14519,ifa,NY,IFA,IFA_04,IFA,,36117,40380,3655002,"IFA Buffalo-Cheektowaga, NY",2.90822,
ifa_ny_k5,14521,ifa,NY,IFA,IFA_04,IFA,,36099,42900,3655816,"IFA Buffalo-Cheektowaga, NY",0.0,no cell in the extract: territory at zero opportunity
ifa_ny_k5,14522,ifa,NY,IFA,IFA_04,IFA,,36117,40380,3656187,"IFA Buffalo-Cheektowaga, NY",0.0,no cell in the extract: territory at zero opportunity
ifa_ny_k5,14525,ifa,NY,IFA,IFA_04,IFA,,36037,12860,3656781,"IFA Buffalo-Cheektowaga, NY",0.0,no cell in the extract: territory at zero opportunity
ifa_ny_k5,14526,ifa,NY,IFA,IFA_04,IFA,,36055,40380,3622865,"IFA Buffalo-Cheektowaga, NY",9.23413,
ifa_ny_k5,14527,ifa,NY,IFA,IFA_04,IFA,,36123,,3657177,"IFA Buffalo-Cheektowaga, NY",0.0249771,
ifa_ny_k5,14529,ifa,NY,IFA,IFA_04,IFA,,36101,18500,,"IFA Buffalo-Cheektowaga, NY",0.0,no cell in the extract: territory at zero opportunity
ifa_ny_k5,14530,ifa,NY,IFA,IFA_04,IFA,,36121,,3657243,"IFA Buffalo-Cheektowaga, NY",0.0,no cell in the extract: territory at zero opportunity
ifa_ny_k5,14532,ifa,NY,IFA,IFA_04,IFA,,36069,40380,3657518,"IFA Buffalo-Cheektowaga, NY",0.0,no cell in the extract: territory at zero opportunity
ifa_ny_k5,14533,ifa,NY,IFA,IFA_04,IFA,,36051,40380,3684011,"IFA Buffalo-Cheektowaga, NY",0.0,no cell in the extract: territory at zero opportunity
ifa_ny_k5,14534,ifa,NY,IFA,IFA_04,IFA,,36055,40380,3658354,"IFA Buffalo-Cheektowaga, NY",57.1055,
ifa_ny_k5,14536,ifa,NY,IFA,IFA_04,IFA,,36121,,,"IFA Buffalo-Cheektowaga, NY",0.0,no cell in the extract: territory at zero opportunity
ifa_ny_k5,14537,ifa,NY,IFA,IFA_04,IFA,,36069,40380,3659322,"IFA Buffalo-Cheektowaga, NY",0.0,no cell in the extract: territory at zero opportunity
ifa_ny_k5,14539,ifa,NY,IFA,IFA_04,IFA,,36051,40380,3661236,"IFA Buffalo-Cheektowaga, NY",0.0,no cell in the extract: territory at zero opportunity
ifa_ny_k5,14541,ifa,NY,IFA,IFA_04,IFA,,36099,42900,3663429,"IFA Buffalo-Cheektowaga, NY",0.0,no cell in the extract: territory at zero opportunity
ifa_ny_k5,14542,ifa,NY,IFA,IFA_04,IFA,,36117,40380,,"IFA Buffalo-Cheektowaga, NY",0.0,no cell in the extract: territory at zero opportunity
ifa_ny_k5,14543,ifa,NY,IFA,IFA_04,IFA,,36055,40380,,"IFA Buffalo-Cheektowaga, NY",0.0,no cell in the extract: territory at zero opportunity
ifa_ny_k5,14544,ifa,NY,IFA,IFA_04,IFA,,36123,,3664199,"IFA Buffalo-Cheektowaga, NY",0.0,no cell in the extract: territory at zero opportunity
ifa_ny_k5,14545,ifa,NY,IFA,IFA_04,IFA,,36051,40380,3665926,"IFA Buffalo-Cheektowaga, NY",0.0,no cell in the extract: territory at zero opportunity
ifa_ny_k5,14546,ifa,NY,IFA,IFA_04,IFA,,36055,40380,3665959,"IFA Buffalo-Cheektowaga, NY",0.0,no cell in the extract: territory at zero opportunity
ifa_ny_k5,14548,ifa,NY,IFA,IFA_04,IFA,,36069,40380,3667257,"IFA Buffalo-Cheektowaga, NY",0.0,no cell in the extract: territory at zero opportunity
ifa_ny_k5,14549,ifa,NY,IFA,IFA_04,IFA,,36121,,,"IFA Buffalo-Cheektowaga, NY",0.0,no cell in the extract: territory at zero opportunity
ifa_ny_k5,14550,ifa,NY,IFA,IFA_04,IFA,,36121,,3667466,"IFA Buffalo-Cheektowaga, NY",0.0,no cell in the extract: territory at zero opportunity
ifa_ny_k5,14551,ifa,NY,IFA,IFA_04,IFA,,36117,40380,3668209,"IFA Buffalo-Cheektowaga, NY",0.0,no cell in the extract: territory at zero opportunity
ifa_ny_k5,14555,ifa,NY,IFA,IFA_04,IFA,,36117,40380,3668242,"IFA Buffalo-Cheektowaga, NY",0.0,no cell in the extract: territory at zero opportunity
ifa_ny_k5,14556,ifa,NY,IFA,IFA_04,IFA,,36051,40380,,"IFA Buffalo-Cheektowaga, NY",0.0,no cell in the extract: territory at zero opportunity
ifa_ny_k5,14557,ifa,NY,IFA,IFA_04,IFA,,36037,12860,,"IFA Buffalo-Cheektowaga, NY",0.0,no cell in the extract: territory at zero opportunity
ifa_ny_k5,14559,ifa,NY,IFA,IFA_04,IFA,,36055,40380,3670189,"IFA Buffalo-Cheektowaga, NY",0.610527,
ifa_ny_k5,14560,ifa,NY,IFA,IFA_04,IFA,,36069,40380,3670464,"IFA Buffalo-Cheektowaga, NY",0.0,no cell in the extract: territory at zero opportunity
ifa_ny_k5,14561,ifa,NY,IFA,IFA_04,IFA,,36069,40380,3629520,"IFA Buffalo-Cheektowaga, NY",0.0,no cell in the extract: territory at zero opportunity
ifa_ny_k5,14564,ifa,NY,IFA,IFA_04,IFA,,36069,40380,3677376,"IFA Buffalo-Cheektowaga, NY",0.998078,
ifa_ny_k5,14568,ifa,NY,IFA,IFA_04,IFA,,36117,40380,3678091,"IFA Buffalo-Cheektowaga, NY",0.0,no cell in the extract: territory at zero opportunity
ifa_ny_k5,14569,ifa,NY,IFA,IFA_04,IFA,,36121,,3678333,"IFA Buffalo-Cheektowaga, NY",0.0,no cell in the extract: territory at zero opportunity
ifa_ny_k5,14571,ifa,NY,IFA,IFA_04,IFA,,36073,40380,,"IFA Buffalo-Cheektowaga, NY",0.0,no cell in the extract: territory at zero opportunity
ifa_ny_k5,14572,ifa,NY,IFA,IFA_04,IFA,,36101,18500,3678850,"IFA Buffalo-Cheektowaga, NY",0.0,no cell in the extract: territory at zero opportunity
ifa_ny_k5,14580,ifa,NY,IFA,IFA_04,IFA,,36055,40380,3678960,"IFA Buffalo-Cheektowaga, NY",3.04504,
ifa_ny_k5,14585,ifa,NY,IFA,IFA_04,IFA,,36069,40380,,"IFA Buffalo-Cheektowaga, NY",0.0,no cell in the extract: territory at zero opportunity
ifa_ny_k5,14586,ifa,NY,IFA,IFA_04,IFA,,36055,40380,,"IFA Buffalo-Cheektowaga, NY",0.0,no cell in the extract: territory at zero opportunity
ifa_ny_k5,14588,ifa,NY,IFA,IFA_04,IFA,,36099,42900,,"IFA Buffalo-Cheektowaga, NY",0.0,no cell in the extract: territory at zero opportunity
ifa_ny_k5,14589,ifa,NY,IFA,IFA_04,IFA,,36117,40380,3682029,"IFA Buffalo-Cheektowaga, NY",0.0,no cell in the extract: territory at zero opportunity
ifa_ny_k5,14590,ifa,NY,IFA,IFA_04,IFA,,36117,40380,3682678,"IFA Buffalo-Cheektowaga, NY",0.0,no cell in the extract: territory at zero opportunity
ifa_ny_k5,14591,ifa,NY,IFA,IFA_04,IFA,,36121,,3683371,"IFA Buffalo-Cheektowaga, NY",0.0,no cell in the extract: territory at zero opportunity
ifa_ny_k5,14592,ifa,NY,IFA,IFA_04,IFA,,36051,40380,3684011,"IFA Buffalo-Cheektowaga, NY",0.0,no cell in the extract: territory at zero opportunity
ifa_ny_k5,14604,ifa,NY,IFA,IFA_04,IFA,,36055,40380,3663000,"IFA Buffalo-Cheektowaga, NY",3.05259,
ifa_ny_k5,14605,ifa,NY,IFA,IFA_04,IFA,,36055,40380,3663000,"IFA Buffalo-Cheektowaga, NY",0.0,no cell in the extract: territory at zero opportunity
ifa_ny_k5,14606,ifa,NY,IFA,IFA_04,IFA,,36055,40380,3663000,"IFA Buffalo-Cheektowaga, NY",0.404171,
ifa_ny_k5,14607,ifa,NY,IFA,IFA_04,IFA,,36055,40380,3663000,"IFA Buffalo-Cheektowaga, NY",5.72124,
ifa_ny_k5,14608,ifa,NY,IFA,IFA_04,IFA,,36055,40380,3663000,"IFA Buffalo-Cheektowaga, NY",0.0047727,
ifa_ny_k5,14609,ifa,NY,IFA,IFA_04,IFA,,36055,40380,3663000,"IFA Buffalo-Cheektowaga, NY",0.00572725,
ifa_ny_k5,14610,ifa,NY,IFA,IFA_04,IFA,,36055,40380,3608257,"IFA Buffalo-Cheektowaga, NY",0.0,no cell in the extract: territory at zero opportunity
ifa_ny_k5,14611,ifa,NY,IFA,IFA_04,IFA,,36055,40380,3663000,"IFA Buffalo-Cheektowaga, NY",0.0,no cell in the extract: territory at zero opportunity
ifa_ny_k5,14612,ifa,NY,IFA,IFA_04,IFA,,36055,40380,3663000,"IFA Buffalo-Cheektowaga, NY",0.927427,
ifa_ny_k5,14613,ifa,NY,IFA,IFA_04,IFA,,36055,40380,3663000,"IFA Buffalo-Cheektowaga, NY",0.0,no cell in the extract: territory at zero opportunity
ifa_ny_k5,14614,ifa,NY,IFA,IFA_04,IFA,,36055,40380,3663000,"IFA Buffalo-Cheektowaga, NY",0.0,no cell in the extract: territory at zero opportunity
ifa_ny_k5,14615,ifa,NY,IFA,IFA_04,IFA,,36055,40380,3663000,"IFA Buffalo-Cheektowaga, NY",0.0,no cell in the extract: territory at zero opportunity
ifa_ny_k5,14616,ifa,NY,IFA,IFA_04,IFA,,36055,40380,3663000,"IFA Buffalo-Cheektowaga, NY",1.60986,
ifa_ny_k5,14617,ifa,NY,IFA,IFA_04,IFA,,36055,40380,3637737,"IFA Buffalo-Cheektowaga, NY",0.553996,
ifa_ny_k5,14618,ifa,NY,IFA,IFA_04,IFA,,36055,40380,3608257,"IFA Buffalo-Cheektowaga, NY",67.354,
ifa_ny_k5,14619,ifa,NY,IFA,IFA_04,IFA,,36055,40380,3663000,"IFA Buffalo-Cheektowaga, NY",0.140531,
ifa_ny_k5,14620,ifa,NY,IFA,IFA_04,IFA,,36055,40380,3663000,"IFA Buffalo-Cheektowaga, NY",0.536495,
ifa_ny_k5,14621,ifa,NY,IFA,IFA_04,IFA,,36055,40380,3663000,"IFA Buffalo-Cheektowaga, NY",0.0,no cell in the extract: territory at zero opportunity
ifa_ny_k5,14622,ifa,NY,IFA,IFA_04,IFA,,36055,40380,3637737,"IFA Buffalo-Cheektowaga, NY",5.81577,
ifa_ny_k5,14623,ifa,NY,IFA,IFA_04,IFA,,36055,40380,3608257,"IFA Buffalo-Cheektowaga, NY",72.5336,
ifa_ny_k5,14624,ifa,NY,IFA,IFA_04,IFA,,36055,40380,3663000,"IFA Buffalo-Cheektowaga, NY",4.11999,
ifa_ny_k5,14625,ifa,NY,IFA,IFA_04,IFA,,36055,40380,3608257,"IFA Buffalo-Cheektowaga, NY",16.2699,
ifa_ny_k5,14626,ifa,NY,IFA,IFA_04,IFA,,36055,40380,3630279,"IFA Buffalo-Cheektowaga, NY",9.93562,
ifa_ny_k5,14627,ifa,NY,IFA,IFA_04,IFA,,36055,40380,3663000,"IFA Buffalo-Cheektowaga, NY",0.0,no cell in the extract: territory at zero opportunity
ifa_ny_k5,14642,ifa,NY,IFA,IFA_04,IFA,,36055,40380,3663000,"IFA Buffalo-Cheektowaga, NY",0.0,no cell in the extract: territory at zero opportunity
ifa_ny_k5,14701,ifa,NY,IFA,IFA_04,IFA,,36013,27460,3638264,"IFA Buffalo-Cheektowaga, NY",4.70206,
ifa_ny_k5,14706,ifa,NY,IFA,IFA_04,IFA,,36009,36460,3601286,"IFA Buffalo-Cheektowaga, NY",0.0,no cell in the extract: territory at zero opportunity
ifa_ny_k5,14707,ifa,NY,IFA,IFA_04,IFA,,36003,,,"IFA Buffalo-Cheektowaga, NY",0.0,no cell in the extract: territory at zero opportunity
ifa_ny_k5,14708,ifa,NY,IFA,IFA_04,IFA,,36003,,,"IFA Buffalo-Cheektowaga, NY",0.0,no cell in the extract: territory at zero opportunity
ifa_ny_k5,14709,ifa,NY,IFA,IFA_04,IFA,,36003,,3602176,"IFA Buffalo-Cheektowaga, NY",0.0,no cell in the extract: territory at zero opportunity
ifa_ny_k5,14710,ifa,NY,IFA,IFA_04,IFA,,36013,27460,3656231,"IFA Buffalo-Cheektowaga, NY",0.0,no cell in the extract: territory at zero opportunity
ifa_ny_k5,14711,ifa,NY,IFA,IFA_04,IFA,,36003,,3605562,"IFA Buffalo-Cheektowaga, NY",0.0,no cell in the extract: territory at zero opportunity
ifa_ny_k5,14712,ifa,NY,IFA,IFA_04,IFA,,36013,27460,3605848,"IFA Buffalo-Cheektowaga, NY",3.05756,
ifa_ny_k5,14714,ifa,NY,IFA,IFA_04,IFA,,36003,,,"IFA Buffalo-Cheektowaga, NY",0.0,no cell in the extract: territory at zero opportunity
ifa_ny_k5,14715,ifa,NY,IFA,IFA_04,IFA,,36003,,3607190,"IFA Buffalo-Cheektowaga, NY",0.0,no cell in the extract: territory at zero opportunity
ifa_ny_k5,14716,ifa,NY,IFA,IFA_04,IFA,,36013,27460,3608488,"IFA Buffalo-Cheektowaga, NY",0.0,no cell in the extract: territory at zero opportunity
ifa_ny_k5,14717,ifa,NY,IFA,IFA_04,IFA,,36003,,,"IFA Buffalo-Cheektowaga, NY",0.0,no cell in the extract: territory at zero opportunity
ifa_ny_k5,14718,ifa,NY,IFA,IFA_04,IFA,,36013,27460,3612749,"IFA Buffalo-Cheektowaga, NY",0.000198863,
ifa_ny_k5,14719,ifa,NY,IFA,IFA_04,IFA,,36009,36460,3613024,"IFA Buffalo-Cheektowaga, NY",0.0,no cell in the extract: territory at zero opportunity
ifa_ny_k5,14720,ifa,NY,IFA,IFA_04,IFA,,36013,27460,3613288,"IFA Buffalo-Cheektowaga, NY",0.0,no cell in the extract: territory at zero opportunity
ifa_ny_k5,14721,ifa,NY,IFA,IFA_04,IFA,,36003,,,"IFA Buffalo-Cheektowaga, NY",0.0,no cell in the extract: territory at zero opportunity
ifa_ny_k5,14722,ifa,NY,IFA,IFA_04,IFA,,36013,27460,3614058,"IFA Buffalo-Cheektowaga, NY",0.0,no cell in the extract: territory at zero opportunity
ifa_ny_k5,14723,ifa,NY,IFA,IFA_04,IFA,,36013,27460,3615187,"IFA Buffalo-Cheektowaga, NY",0.0,no cell in the extract: territory at zero opportunity
ifa_ny_k5,14724,ifa,NY,IFA,IFA_04,IFA,,36013,27460,,"IFA Buffalo-Cheektowaga, NY",0.0,no cell in the extract: territory at zero opportunity
ifa_ny_k5,14726,ifa,NY,IFA,IFA_04,IFA,,36009,36460,,"IFA Buffalo-Cheektowaga, NY",0.0,no cell in the extract: territory at zero opportunity
ifa_ny_k5,14727,ifa,NY,IFA,IFA_04,IFA,,36003,,3619356,"IFA Buffalo-Cheektowaga, NY",0.527693,
ifa_ny_k5,14728,ifa,NY,IFA,IFA_04,IFA,,36013,27460,,"IFA Buffalo-Cheektowaga, NY",0.0,no cell in the extract: territory at zero opportunity
ifa_ny_k5,14729,ifa,NY,IFA,IFA_04,IFA,,36009,36460,,"IFA Buffalo-Cheektowaga, NY",0.0,no cell in the extract: territory at zero opportunity
ifa_ny_k5,14731,ifa,NY,IFA,IFA_04,IFA,,36009,36460,3624020,"IFA Buffalo-Cheektowaga, NY",0.0,no cell in the extract: territory at zero opportunity
ifa_ny_k5,14732,ifa,NY,IFA,IFA_04,IFA,,36013,27460,,"IFA Buffalo-Cheektowaga, NY",0.0,no cell in the extract: territory at zero opportunity
ifa_ny_k5,14733,ifa,NY,IFA,IFA_04,IFA,,36013,27460,3625164,"IFA Buffalo-Cheektowaga, NY",0.0,no cell in the extract: territory at zero opportunity
ifa_ny_k5,14735,ifa,NY,IFA,IFA_04,IFA,,36003,,3625747,"IFA Buffalo-Cheektowaga, NY",0.0,no cell in the extract: territory at zero opportunity
ifa_ny_k5,14736,ifa,NY,IFA,IFA_04,IFA,,36013,27460,,"IFA Buffalo-Cheektowaga, NY",0.0,no cell in the extract: territory at zero opportunity
ifa_ny_k5,14737,ifa,NY,IFA,IFA_04,IFA,,36009,36460,3627331,"IFA Buffalo-Cheektowaga, NY",0.0,no cell in the extract: territory at zero opportunity
ifa_ny_k5,14738,ifa,NY,IFA,IFA_04,IFA,,36013,27460,3627672,"IFA Buffalo-Cheektowaga, NY",0.0,no cell in the extract: territory at zero opportunity
ifa_ny_k5,14739,ifa,NY,IFA,IFA_04,IFA,,36003,,3627694,"IFA Buffalo-Cheektowaga, NY",0.0,no cell in the extract: territory at zero opportunity
ifa_ny_k5,14740,ifa,NY,IFA,IFA_04,IFA,,36013,27460,,"IFA Buffalo-Cheektowaga, NY",0.0,no cell in the extract: territory at zero opportunity
ifa_ny_k5,14741,ifa,NY,IFA,IFA_04,IFA,,36009,36460,,"IFA Buffalo-Cheektowaga, NY",0.0,no cell in the extract: territory at zero opportunity
ifa_ny_k5,14742,ifa,NY,IFA,IFA_04,IFA,,36013,27460,,"IFA Buffalo-Cheektowaga, NY",0.0,no cell in the extract: territory at zero opportunity
ifa_ny_k5,14743,ifa,NY,IFA,IFA_04,IFA,,36009,36460,,"IFA Buffalo-Cheektowaga, NY",0.0,no cell in the extract: territory at zero opportunity
ifa_ny_k5,14744,ifa,NY,IFA,IFA_04,IFA,,36003,,3635771,"IFA Buffalo-Cheektowaga, NY",0.0,no cell in the extract: territory at zero opportunity
ifa_ny_k5,14747,ifa,NY,IFA,IFA_04,IFA,,36013,27460,3639243,"IFA Buffalo-Cheektowaga, NY",0.0,no cell in the extract: territory at zero opportunity
ifa_ny_k5,14748,ifa,NY,IFA,IFA_04,IFA,,36009,36460,,"IFA Buffalo-Cheektowaga, NY",0.0,no cell in the extract: territory at zero opportunity
ifa_ny_k5,14750,ifa,NY,IFA,IFA_04,IFA,,36013,27460,3641069,"IFA Buffalo-Cheektowaga, NY",1.18687,
ifa_ny_k5,14752,ifa,NY,IFA,IFA_04,IFA,,36013,27460,,"IFA Buffalo-Cheektowaga, NY",0.0,no cell in the extract: territory at zero opportunity
ifa_ny_k5,14753,ifa,NY,IFA,IFA_04,IFA,,36009,36460,3642378,"IFA Buffalo-Cheektowaga, NY",0.0,no cell in the extract: territory at zero opportunity
ifa_ny_k5,14754,ifa,NY,IFA,IFA_04,IFA,,36003,,,"IFA Buffalo-Cheektowaga, NY",0.0,no cell in the extract: territory at zero opportunity
ifa_ny_k5,14755,ifa,NY,IFA,IFA_04,IFA,,36009,36460,3642829,"IFA Buffalo-Cheektowaga, NY",0.0,no cell in the extract: territory at zero opportunity
ifa_ny_k5,14756,ifa,NY,IFA,IFA_04,IFA,,36013,27460,,"IFA Buffalo-Cheektowaga, NY",0.0,no cell in the extract: territory at zero opportunity
ifa_ny_k5,14757,ifa,NY,IFA,IFA_04,IFA,,36013,27460,3646239,"IFA Buffalo-Cheektowaga, NY",0.0,no cell in the extract: territory at zero opportunity
ifa_ny_k5,14760,ifa,NY,IFA,IFA_04,IFA,,36009,36460,3680632,"IFA Buffalo-Cheektowaga, NY",12.7208,
ifa_ny_k5,14767,ifa,NY,IFA,IFA_04,IFA,,36013,27460,3656231,"IFA Buffalo-Cheektowaga, NY",0.0,no cell in the extract: territory at zero opportunity
ifa_ny_k5,14769,ifa,NY,IFA,IFA_04,IFA,,36013,27460,3608488,"IFA Buffalo-Cheektowaga, NY",0.0,no cell in the extract: territory at zero opportunity
ifa_ny_k5,14770,ifa,NY,IFA,IFA_04,IFA,,36003,,3659498,"IFA Buffalo-Cheektowaga, NY",0.0,no cell in the extract: territory at zero opportunity
ifa_ny_k5,14772,ifa,NY,IFA,IFA_04,IFA,,36009,36460,3660576,"IFA Buffalo-Cheektowaga, NY",0.0,no cell in the extract: territory at zero opportunity
ifa_ny_k5,14774,ifa,NY,IFA,IFA_04,IFA,,36003,,3661434,"IFA Buffalo-Cheektowaga, NY",0.0,no cell in the extract: territory at zero opportunity
ifa_ny_k5,14775,ifa,NY,IFA,IFA_04,IFA,,36013,27460,3661874,"IFA Buffalo-Cheektowaga, NY",0.0,no cell in the extract: territory at zero opportunity
ifa_ny_k5,14777,ifa,NY,IFA,IFA_04,IFA,,36003,,3664155,"IFA Buffalo-Cheektowaga, NY",0.0,no cell in the extract: territory at zero opportunity
ifa_ny_k5,14778,ifa,NY,IFA,IFA_04,IFA,,36009,36460,3664551,"IFA Buffalo-Cheektowaga, NY",0.0,no cell in the extract: territory at zero opportunity
ifa_ny_k5,14779,ifa,NY,IFA,IFA_04,IFA,,36009,36460,3664749,"IFA Buffalo-Cheektowaga, NY",0.0,no cell in the extract: territory at zero opportunity
ifa_ny_k5,14781,ifa,NY,IFA,IFA_04,IFA,,36013,27460,3666949,"IFA Buffalo-Cheektowaga, NY",0.0,no cell in the extract: territory at zero opportunity
ifa_ny_k5,14782,ifa,NY,IFA,IFA_04,IFA,,36013,27460,3667488,"IFA Buffalo-Cheektowaga, NY",0.0,no cell in the extract: territory at zero opportunity
ifa_ny_k5,14783,ifa,NY,IFA,IFA_04,IFA,,36009,36460,,"IFA Buffalo-Cheektowaga, NY",0.0,no cell in the extract: territory at zero opportunity
ifa_ny_k5,14784,ifa,NY,IFA,IFA_04,IFA,,36013,27460,,"IFA Buffalo-Cheektowaga, NY",0.0,no cell in the extract: territory at zero opportunity
ifa_ny_k5,14785,ifa,NY,IFA,IFA_04,IFA,,36013,27460,,"IFA Buffalo-Cheektowaga, NY",0.0,no cell in the extract: territory at zero opportunity
ifa_ny_k5,14787,ifa,NY,IFA,IFA_04,IFA,,36013,27460,3679939,"IFA Buffalo-Cheektowaga, NY",0.0,no cell in the extract: territory at zero opportunity
ifa_ny_k5,14788,ifa,NY,IFA,IFA_04,IFA,,36009,36460,3680632,"IFA Buffalo-Cheektowaga, NY",0.0,no cell in the extract: territory at zero opportunity
ifa_ny_k5,14801,ifa,NY,IFA,IFA_04,IFA,,36101,18500,3600276,"IFA Buffalo-Cheektowaga, NY",0.0,no cell in the extract: territory at zero opportunity
ifa_ny_k5,14802,ifa,NY,IFA,IFA_04,IFA,,36003,,3601198,"IFA Buffalo-Cheektowaga, NY",0.0,no cell in the extract: territory at zero opportunity
ifa_ny_k5,14803,ifa,NY,IFA,IFA_04,IFA,,36003,,3601198,"IFA Buffalo-Cheektowaga, NY",0.0,no cell in the extract: territory at zero opportunity
ifa_ny_k5,14804,ifa,NY,IFA,IFA_04,IFA,,36003,,3601440,"IFA Buffalo-Cheektowaga, NY",0.507822,
ifa_ny_k5,14805,ifa,NY,IFA,IFA_04,IFA,,36097,,,"IFA Buffalo-Cheektowaga, NY",0.0,no cell in the extract: territory at zero opportunity
ifa_ny_k5,14806,ifa,NY,IFA,IFA_04,IFA,,36003,,3602143,"IFA Buffalo-Cheektowaga, NY",0.0,no cell in the extract: territory at zero opportunity
ifa_ny_k5,14807,ifa,NY,IFA,IFA_04,IFA,,36101,18500,3602583,"IFA Buffalo-Cheektowaga, NY",0.0,no cell in the extract: territory at zero opportunity
ifa_ny_k5,14808,ifa,NY,IFA,IFA_04,IFA,,36101,18500,,"IFA Buffalo-Cheektowaga, NY",0.0,no cell in the extract: territory at zero opportunity
ifa_ny_k5,14809,ifa,NY,IFA,IFA_04,IFA,,36101,18500,3603331,"IFA Buffalo-Cheektowaga, NY",0.0,no cell in the extract: territory at zero opportunity
ifa_ny_k5,14810,ifa,NY,IFA,IFA_04,IFA,,36101,18500,3604759,"IFA Buffalo-Cheektowaga, NY",0.00111363,
ifa_ny_k5,14812,ifa,NY,IFA,IFA_04,IFA,,36097,,,"IFA Buffalo-Cheektowaga, NY",0.0,no cell in the extract: territory at zero opportunity
ifa_ny_k5,14813,ifa,NY,IFA,IFA_04,IFA,,36003,,3605815,"IFA Buffalo-Cheektowaga, NY",0.0,no cell in the extract: territory at zero opportunity
ifa_ny_k5,14814,ifa,NY,IFA,IFA_04,IFA,,36015,21300,3606464,"IFA Buffalo-Cheektowaga, NY",0.0,no cell in the extract: territory at zero opportunity
ifa_ny_k5,14815,ifa,NY,IFA,IFA_04,IFA,,36097,,,"IFA Buffalo-Cheektowaga, NY",0.0,no cell in the extract: territory at zero opportunity
ifa_ny_k5,14816,ifa,NY,IFA,IFA_04,IFA,,36015,21300,3608004,"IFA Buffalo-Cheektowaga, NY",0.0,no cell in the extract: territory at zero opportunity
ifa_ny_k5,14817,ifa,NY,IFA,IFA_05,IFA,,36109,27060,3610077,"IFA Albany-Schenectady-Troy, NY",0.0,no cell in the extract: territory at zero opportunity
ifa_ny_k5,14818,ifa,NY,IFA,IFA_04,IFA,,36097,,3611132,"IFA Buffalo-Cheektowaga, NY",0.0,no cell in the extract: territory at zero opportunity
ifa_ny_k5,14819,ifa,NY,IFA,IFA_04,IFA,,36101,18500,,"IFA Buffalo-Cheektowaga, NY",0.0,no cell in the extract: territory at zero opportunity
ifa_ny_k5,14820,ifa,NY,IFA,IFA_04,IFA,,36101,18500,,"IFA Buffalo-Cheektowaga, NY",0.0,no cell in the extract: territory at zero opportunity
ifa_ny_k5,14821,ifa,NY,IFA,IFA_04,IFA,,36101,18500,3611935,"IFA Buffalo-Cheektowaga, NY",0.0,no cell in the extract: territory at zero opportunity
ifa_ny_k5,14822,ifa,NY,IFA,IFA_04,IFA,,36003,,3612177,"IFA Buffalo-Cheektowaga, NY",0.0,no cell in the extract: territory at zero opportunity
ifa_ny_k5,14823,ifa,NY,IFA,IFA_04,IFA,,36101,18500,3612254,"IFA Buffalo-Cheektowaga, NY",0.0,no cell in the extract: territory at zero opportunity
ifa_ny_k5,14824,ifa,NY,IFA,IFA_04,IFA,,36097,,,"IFA Buffalo-Cheektowaga, NY",0.0,no cell in the extract: territory at zero opportunity
ifa_ny_k5,14825,ifa,NY,IFA,IFA_04,IFA,,36015,21300,,"IFA Buffalo-Cheektowaga, NY",0.0,no cell in the extract: territory at zero opportunity
ifa_ny_k5,14826,ifa,NY,IFA,IFA_04,IFA,,36101,18500,3616727,"IFA Buffalo-Cheektowaga, NY",0.0,no cell in the extract: territory at zero opportunity
ifa_ny_k5,14827,ifa,NY,IFA,IFA_04,IFA,,36101,18500,3618036,"IFA Buffalo-Cheektowaga, NY",0.0,no cell in the extract: territory at zero opportunity
ifa_ny_k5,14830,ifa,NY,IFA,IFA_04,IFA,,36101,18500,3618256,"IFA Buffalo-Cheektowaga, NY",0.365136,
ifa_ny_k5,14836,ifa,NY,IFA,IFA_04,IFA,,36051,40380,3619587,"IFA Buffalo-Cheektowaga, NY",0.0,no cell in the extract: territory at zero opportunity
ifa_ny_k5,14837,ifa,NY,IFA,IFA_04,IFA,,36123,,3621050,"IFA Buffalo-Cheektowaga, NY",0.0,no cell in the extract: territory at zero opportunity
ifa_ny_k5,14838,ifa,NY,IFA,IFA_04,IFA,,36015,21300,3624625,"IFA Buffalo-Cheektowaga, NY",0.0,no cell in the extract: territory at zero opportunity
ifa_ny_k5,14839,ifa,NY,IFA,IFA_04,IFA,,36101,18500,,"IFA Buffalo-Cheektowaga, NY",0.0,no cell in the extract: territory at zero opportunity
ifa_ny_k5,14840,ifa,NY,IFA,IFA_04,IFA,,36101,18500,3631852,"IFA Buffalo-Cheektowaga, NY",0.0,no cell in the extract: territory at zero opportunity
ifa_ny_k5,14841,ifa,NY,IFA,IFA_04,IFA,,36097,,,"IFA Buffalo-Cheektowaga, NY",0.0,no cell in the extract: territory at zero opportunity
ifa_ny_k5,14842,ifa,NY,IFA,IFA_04,IFA,,36123,,,"IFA Buffalo-Cheektowaga, NY",0.0,no cell in the extract: territory at zero opportunity
ifa_ny_k5,14843,ifa,NY,IFA,IFA_04,IFA,,36101,18500,3635672,"IFA Buffalo-Cheektowaga, NY",0.0,no cell in the extract: territory at zero opportunity
ifa_ny_k5,14845,ifa,NY,IFA,IFA_04,IFA,,36015,21300,3606464,"IFA Buffalo-Cheektowaga, NY",1.00484,
ifa_ny_k5,14846,ifa,NY,IFA,IFA_04,IFA,,36051,40380,3636156,"IFA Buffalo-Cheektowaga, NY",0.0,no cell in the extract: territory at zero opportunity
ifa_ny_k5,14847,ifa,NY,IFA,IFA_04,IFA,,36099,42900,3637528,"IFA Buffalo-Cheektowaga, NY",0.0,no cell in the extract: territory at zero opportunity
ifa_ny_k5,14850,ifa,NY,IFA,IFA_05,IFA,,36109,27060,3669199,"IFA Albany-Schenectady-Troy, NY",0.441373,
ifa_ny_k5,14853,ifa,NY,IFA,IFA_05,IFA,,36109,27060,3638077,"IFA Albany-Schenectady-Troy, NY",0.0,no cell in the extract: territory at zero opportunity
ifa_ny_k5,14854,ifa,NY,IFA,IFA_05,IFA,,36109,27060,3638209,"IFA Albany-Schenectady-Troy, NY",0.0,no cell in the extract: territory at zero opportunity
ifa_ny_k5,14855,ifa,NY,IFA,IFA_04,IFA,,36101,18500,,"IFA Buffalo-Cheektowaga, NY",0.0,no cell in the extract: territory at zero opportunity
ifa_ny_k5,14856,ifa,NY,IFA,IFA_04,IFA,,36101,18500,,"IFA Buffalo-Cheektowaga, NY",0.0,no cell in the extract: territory at zero opportunity
ifa_ny_k5,14858,ifa,NY,IFA,IFA_04,IFA,,36101,18500,,"IFA Buffalo-Cheektowaga, NY",0.0,no cell in the extract: territory at zero opportunity
ifa_ny_k5,14859,ifa,NY,IFA,IFA_04,IFA,,36107,13780,,"IFA Buffalo-Cheektowaga, NY",0.0,no cell in the extract: territory at zero opportunity
ifa_ny_k5,14860,ifa,NY,IFA,IFA_04,IFA,,36099,42900,3643214,"IFA Buffalo-Cheektowaga, NY",0.0,no cell in the extract: territory at zero opportunity
ifa_ny_k5,14861,ifa,NY,IFA,IFA_04,IFA,,36015,21300,,"IFA Buffalo-Cheektowaga, NY",0.0,no cell in the extract: territory at zero opportunity
ifa_ny_k5,14864,ifa,NY,IFA,IFA_04,IFA,,36015,21300,3647427,"IFA Buffalo-Cheektowaga, NY",0.0,no cell in the extract: territory at zero opportunity
ifa_ny_k5,14865,ifa,NY,IFA,IFA_04,IFA,,36097,,3648197,"IFA Buffalo-Cheektowaga, NY",0.0,no cell in the extract: territory at zero opportunity
ifa_ny_k5,14867,ifa,NY,IFA,IFA_05,IFA,,36109,27060,3650243,"IFA Albany-Schenectady-Troy, NY",0.0,no cell in the extract: territory at zero opportunity
ifa_ny_k5,14869,ifa,NY,IFA,IFA_04,IFA,,36097,,3654452,"IFA Buffalo-Cheektowaga, NY",0.0,no cell in the extract: territory at zero opportunity
ifa_ny_k5,14870,ifa,NY,IFA,IFA_04,IFA,,36101,18500,3628145,"IFA Buffalo-Cheektowaga, NY",0.0,no cell in the extract: territory at zero opportunity
ifa_ny_k5,14871,ifa,NY,IFA,IFA_04,IFA,,36015,21300,3669606,"IFA Buffalo-Cheektowaga, NY",0.0,no cell in the extract: territory at zero opportunity
ifa_ny_k5,14872,ifa,NY,IFA,IFA_04,IFA,,36015,21300,3658189,"IFA Buffalo-Cheektowaga, NY",0.0,no cell in the extract: territory at zero opportunity
ifa_ny_k5,14873,ifa,NY,IFA,IFA_04,IFA,,36101,18500,3659708,"IFA Buffalo-Cheektowaga, NY",0.0,no cell in the extract: territory at zero opportunity
ifa_ny_k5,14874,ifa,NY,IFA,IFA_04,IFA,,36101,18500,,"IFA Buffalo-Cheektowaga, NY",0.0,no cell in the extract: territory at zero opportunity
ifa_ny_k5,14877,ifa,NY,IFA,IFA_04,IFA,,36101,18500,,"IFA Buffalo-Cheektowaga, NY",0.0,no cell in the extract: territory at zero opportunity
ifa_ny_k5,14878,ifa,NY,IFA,IFA_04,IFA,,36097,,,"IFA Buffalo-Cheektowaga, NY",0.0,no cell in the extract: territory at zero opportunity
ifa_ny_k5,14879,ifa,NY,IFA,IFA_04,IFA,,36101,18500,3665354,"IFA Buffalo-Cheektowaga, NY",0.0,no cell in the extract: territory at zero opportunity
ifa_ny_k5,14880,ifa,NY,IFA,IFA_04,IFA,,36003,,3665761,"IFA Buffalo-Cheektowaga, NY",0.0,no cell in the extract: territory at zero opportunity
ifa_ny_k5,14881,ifa,NY,IFA,IFA_05,IFA,,36109,27060,3667631,"IFA Albany-Schenectady-Troy, NY",0.0,no cell in the extract: territory at zero opportunity
ifa_ny_k5,14882,ifa,NY,IFA,IFA_05,IFA,,36109,27060,3669342,"IFA Albany-Schenectady-Troy, NY",0.949785,
ifa_ny_k5,14883,ifa,NY,IFA,IFA_04,IFA,,36107,13780,3679697,"IFA Buffalo-Cheektowaga, NY",0.0,no cell in the extract: territory at zero opportunity
ifa_ny_k5,14884,ifa,NY,IFA,IFA_04,IFA,,36003,,,"IFA Buffalo-Cheektowaga, NY",0.0,no cell in the extract: territory at zero opportunity
ifa_ny_k5,14885,ifa,NY,IFA,IFA_04,IFA,,36101,18500,,"IFA Buffalo-Cheektowaga, NY",0.0,no cell in the extract: territory at zero opportunity
ifa_ny_k5,14886,ifa,NY,IFA,IFA_04,IFA,,36109,27060,3638209,"IFA Buffalo-Cheektowaga, NY",0.0,no cell in the extract: territory at zero opportunity
ifa_ny_k5,14889,ifa,NY,IFA,IFA_04,IFA,,36015,21300,3676881,"IFA Buffalo-Cheektowaga, NY",0.0,no cell in the extract: territory at zero opportunity
ifa_ny_k5,14891,ifa,NY,IFA,IFA_04,IFA,,36097,,3678696,"IFA Buffalo-Cheektowaga, NY",0.0,no cell in the extract: territory at zero opportunity
ifa_ny_k5,14892,ifa,NY,IFA,IFA_04,IFA,,36107,13780,3678806,"IFA Buffalo-Cheektowaga, NY",0.0,no cell in the extract: territory at zero opportunity
ifa_ny_k5,14893,ifa,NY,IFA,IFA_04,IFA,,36101,18500,,"IFA Buffalo-Cheektowaga, NY",0.0,no cell in the extract: territory at zero opportunity
ifa_ny_k5,14894,ifa,NY,IFA,IFA_04,IFA,,36015,21300,3679081,"IFA Buffalo-Cheektowaga, NY",0.0,no cell in the extract: territory at zero opportunity
ifa_ny_k5,14895,ifa,NY,IFA,IFA_04,IFA,,36003,,3670717,"IFA Buffalo-Cheektowaga, NY",0.0,no cell in the extract: territory at zero opportunity
ifa_ny_k5,14897,ifa,NY,IFA,IFA_04,IFA,,36003,,,"IFA Buffalo-Cheektowaga, NY",0.0,no cell in the extract: territory at zero opportunity
ifa_ny_k5,14898,ifa,NY,IFA,IFA_04,IFA,,36101,18500,,"IFA Buffalo-Cheektowaga, NY",0.0,no cell in the extract: territory at zero opportunity
ifa_ny_k5,14901,ifa,NY,IFA,IFA_04,IFA,,36015,21300,3624229,"IFA Buffalo-Cheektowaga, NY",1.42585,
ifa_ny_k5,14903,ifa,NY,IFA,IFA_04,IFA,,36015,21300,3606464,"IFA Buffalo-Cheektowaga, NY",0.0,no cell in the extract: territory at zero opportunity
ifa_ny_k5,14904,ifa,NY,IFA,IFA_04,IFA,,36015,21300,3669606,"IFA Buffalo-Cheektowaga, NY",0.0,no cell in the extract: territory at zero opportunity
ifa_ny_k5,14905,ifa,NY,IFA,IFA_04,IFA,,36015,21300,3679785,"IFA Buffalo-Cheektowaga, NY",0.000636361,
