scenario,zip_code,current_channel,state,model_channel,district,district_channels,rep,county,cbsa,place,district_name,m_rel,reason
ifa_west_merge,59001,ifa,MT,IFA,IFA_02,IFA,,30095,13740,3000175,"IFA Las Vegas-Henderson-North Las Vegas, NV",0.0,no cell in the extract: territory at zero opportunity
ifa_west_merge,59002,ifa,MT,IFA,IFA_02,IFA,,30111,13740,3000400,"IFA Las Vegas-Henderson-North Las Vegas, NV",0.00190908,
ifa_west_merge,59003,ifa,MT,IFA,IFA_02,IFA,,30075,,3002800,"IFA Las Vegas-Henderson-North Las Vegas, NV",0.0,no cell in the extract: territory at zero opportunity
ifa_west_merge,59006,ifa,MT,IFA,IFA_02,IFA,,30111,13740,3003625,"IFA Las Vegas-Henderson-North Las Vegas, NV",0.0,no cell in the extract: territory at zero opportunity
ifa_west_merge,59007,ifa,MT,IFA,IFA_02,IFA,,30009,13740,3004300,"IFA Las Vegas-Henderson-North Las Vegas, NV",0.0,no cell in the extract: territory at zero opportunity
ifa_west_merge,59008,ifa,MT,IFA,IFA_02,IFA,,30009,13740,3004900,"IFA Las Vegas-Henderson-North Las Vegas, NV",0.0,no cell in the extract: territory at zero opportunity
ifa_west_merge,59010,ifa,MT,IFA,IFA_02,IFA,,30103,,,"IFA Las Vegas-Henderson-North Las Vegas, NV",0.0,no cell in the extract: territory at zero opportunity
ifa_west_merge,59011,ifa,MT,IFA,IFA_02,IFA,,30097,,3006475,"IFA Las Vegas-Henderson-North Las Vegas, NV",0.0,no cell in the extract: territory at zero opportunity
ifa_west_merge,59012,ifa,MT,IFA,IFA_02,IFA,,30087,,,"IFA Las Vegas-Henderson-North Las Vegas, NV",0.0,no cell in the extract: territory at zero opportunity
ifa_west_merge,59013,ifa,MT,IFA,IFA_02,IFA,,30009,13740,3008800,"IFA Las Vegas-Henderson-North Las Vegas, NV",0.0,no cell in the extract: territory at zero opportunity
ifa_west_merge,59014,ifa,MT,IFA,IFA_02,IFA,,30009,13740,3009475,"IFA Las Vegas-Henderson-North Las Vegas, NV",0.0,no cell in the extract: territory at zero opportunity
ifa_west_merge,59015,ifa,MT,IFA,IFA_02,IFA,,30111,13740,3052185,"IFA Las Vegas-Henderson-North Las Vegas, NV",0.0,no cell in the extract: territory at zero opportunity
ifa_west_merge,59016,ifa,MT,IFA,IFA_02,IFA,,30003,,3011200,"IFA Las Vegas-Henderson-North Las Vegas, NV",0.0,no cell in the extract: territory at zero opportunity
ifa_west_merge,59018,ifa,MT,IFA,IFA_02,IFA,,30067,,3015550,"IFA Las Vegas-Henderson-North Las Vegas, NV",0.0,no cell in the extract: territory at zero opportunity
ifa_west_merge,59019,ifa,MT,IFA,IFA_02,IFA,,30095,13740,3016825,"IFA Las Vegas-Henderson-North Las Vegas, NV",0.0,no cell in the extract: territory at zero opportunity
ifa_west_merge,59020,ifa,MT,IFA,IFA_02,IFA,,30067,,3017350,"IFA Las Vegas-Henderson-North Las Vegas, NV",0.0,no cell in the extract: territory at zero opportunity
ifa_west_merge,59022,ifa,MT,IFA,IFA_02,IFA,,30003,,3018250,"IFA Las Vegas-Henderson-North Las Vegas, NV",0.0,no cell in the extract: territory at zero opportunity
ifa_west_merge,59024,ifa,MT,IFA,IFA_02,IFA,,30111,13740,3018700,"IFA Las Vegas-Henderson-North Las Vegas, NV",0.0,no cell in the extract: territory at zero opportunity
ifa_west_merge,59025,ifa,MT,IFA,IFA_02,IFA,,30003,,,"IFA Las Vegas-Henderson-North Las Vegas, NV",0.0,no cell in the extract: territory at zero opportunity
ifa_west_merge,59026,ifa,MT,IFA,IFA_02,IFA,,30009,13740,3023500,"IFA Las Vegas-Henderson-North Las Vegas, NV",0.0,no cell in the extract: territory at zero opportunity
ifa_west_merge,59027,ifa,MT,IFA,IFA_02,IFA,,30067,,3069713,"IFA Las Vegas-Henderson-North Las Vegas, NV",0.0,no cell in the extract: territory at zero opportunity
ifa_west_merge,59028,ifa,MT,IFA,IFA_02,IFA,,30095,13740,3026575,"IFA Las Vegas-Henderson-North Las Vegas, NV",0.0,no cell in the extract: territory at zero opportunity
ifa_west_merge,59029,ifa,MT,IFA,IFA_02,IFA,,30009,13740,3029575,"IFA Las Vegas-Henderson-North Las Vegas, NV",0.0,no cell in the extract: territory at zero opportunity
ifa_west_merge,59030,ifa,MT,IFA,IFA_02,IFA,,30067,,3039175,"IFA Las Vegas-Henderson-North Las Vegas, NV",0.0,no cell in the extract: territory at zero opportunity
ifa_west_merge,59031,ifa,MT,IFA,IFA_02,IFA,,30003,,,"IFA Las Vegas-Henderson-North Las Vegas, NV",0.0,no cell in the extract: territory at zero opportunity
ifa_west_merge,59032,ifa,MT,IFA,IFA_02,IFA,,30027,,3003196,"IFA Las Vegas-Henderson-North Las Vegas, NV",0.0,no cell in the extract: territory at zero opportunity
ifa_west_merge,59033,ifa,MT,IFA,IFA_02,IFA,,30097,,3033250,"IFA Las Vegas-Henderson-North Las Vegas, NV",0.0,no cell in the extract: territory at zero opportunity
ifa_west_merge,59034,ifa,MT,IFA,IFA_02,IFA,,30003,,3034225,"IFA Las Vegas-Henderson-North Las Vegas, NV",0.0,no cell in the extract: territory at zero opportunity
ifa_west_merge,59035,ifa,MT,IFA,IFA_02,IFA,,30003,,3028650,"IFA Las Vegas-Henderson-North Las Vegas, NV",0.0,no cell in the extract: territory at zero opportunity
ifa_west_merge,59036,ifa,MT,IFA,IFA_02,IFA,,30107,,3034450,"IFA Las Vegas-Henderson-North Las Vegas, NV",0.0,no cell in the extract: territory at zero opportunity
ifa_west_merge,59037,ifa,MT,IFA,IFA_02,IFA,,30111,13740,3038200,"IFA Las Vegas-Henderson-North Las Vegas, NV",0.0,no cell in the extract: territory at zero opportunity
ifa_west_merge,59038,ifa,MT,IFA,IFA_02,IFA,,30103,,3038350,"IFA Las Vegas-Henderson-North Las Vegas, NV",0.0,no cell in the extract: territory at zero opportunity
ifa_west_merge,59039,ifa,MT,IFA,IFA_02,IFA,,30087,,,"IFA Las Vegas-Henderson-North Las Vegas, NV",0.0,no cell in the extract: territory at zero opportunity
ifa_west_merge,59041,ifa,MT,IFA,IFA_02,IFA,,30009,13740,3068050,"IFA Las Vegas-Henderson-North Las Vegas, NV",0.0,no cell in the extract: territory at zero opportunity
ifa_west_merge,59043,ifa,MT,IFA,IFA_02,IFA,,30087,,3042250,"IFA Las Vegas-Henderson-North Las Vegas, NV",0.0,no cell in the extract: territory at zero opportunity
ifa_west_merge,59044,ifa,MT,IFA,IFA_02,IFA,,30111,13740,3042700,"IFA Las Vegas-Henderson-North Las Vegas, NV",0.0,no cell in the extract: territory at zero opportunity
ifa_west_merge,59046,ifa,MT,IFA,IFA_02,IFA,,30037,,3042850,"IFA Las Vegas-Henderson-North Las Vegas, NV",0.0,no cell in the extract: territory at zero opportunity
ifa_west_merge,59047,ifa,MT,IFA,IFA_02,IFA,,30067,,3059725,"IFA Las Vegas-Henderson-North Las Vegas, NV",2.10252,
ifa_west_merge,59050,ifa,MT,IFA,IFA_02,IFA,,30003,,3044275,"IFA Las Vegas-Henderson-North Las Vegas, NV",0.0,no cell in the extract: territory at zero opportunity
ifa_west_merge,59052,ifa,MT,IFA,IFA_02,IFA,,30097,,,"IFA Las Vegas-Henderson-North Las Vegas, NV",0.0,no cell in the extract: territory at zero opportunity
ifa_west_merge,59053,ifa,MT,IFA,IFA_02,IFA,,30059,,3048190,"IFA Las Vegas-Henderson-North Las Vegas, NV",0.0,no cell in the extract: territory at zero opportunity
ifa_west_merge,59054,ifa,MT,IFA,IFA_02,IFA,,30087,,3049000,"IFA Las Vegas-Henderson-North Las Vegas, NV",0.0,no cell in the extract: territory at zero opportunity
ifa_west_merge,59055,ifa,MT,IFA,IFA_02,IFA,,30097,,,"IFA Las Vegas-Henderson-North Las Vegas, NV",0.0,no cell in the extract: territory at zero opportunity
ifa_west_merge,59057,ifa,MT,IFA,IFA_02,IFA,,30095,13740,,"IFA Las Vegas-Henderson-North Las Vegas, NV",0.0,no cell in the extract: territory at zero opportunity
ifa_west_merge,59058,ifa,MT,IFA,IFA_02,IFA,,30033,,,"IFA Las Vegas-Henderson-North Las Vegas, NV",0.0,no cell in the extract: territory at zero opportunity
ifa_west_merge,59059,ifa,MT,IFA,IFA_02,IFA,,30065,,3052600,"IFA Las Vegas-Henderson-North Las Vegas, NV",0.0,no cell in the extract: territory at zero opportunity
ifa_west_merge,59061,ifa,MT,IFA,IFA_02,IFA,,30095,13740,,"IFA Las Vegas-Henderson-North Las Vegas, NV",0.0,no cell in the extract: territory at zero opportunity
ifa_west_merge,59062,ifa,MT,IFA,IFA_02,IFA,,30075,,,"IFA Las Vegas-Henderson-North Las Vegas, NV",0.0,no cell in the extract: territory at zero opportunity
ifa_west_merge,59063,ifa,MT,IFA,IFA_02,IFA,,30095,13740,3056575,"IFA Las Vegas-Henderson-North Las Vegas, NV",0.0,no cell in the extract: territory at zero opportunity
ifa_west_merge,59064,ifa,MT,IFA,IFA_02,IFA,,30003,,3058825,"IFA Las Vegas-Henderson-North Las Vegas, NV",0.0,no cell in the extract: territory at zero opportunity
ifa_west_merge,59065,ifa,MT,IFA,IFA_02,IFA,,30067,,3069713,"IFA Las Vegas-Henderson-North Las Vegas, NV",0.0,no cell in the extract: territory at zero opportunity
ifa_west_merge,59066,ifa,MT,IFA,IFA_02,IFA,,30003,,3059950,"IFA Las Vegas-Henderson-North Las Vegas, NV",0.0,no cell in the extract: territory at zero opportunity
ifa_west_merge,59067,ifa,MT,IFA,IFA_02,IFA,,30095,13740,3060850,"IFA Las Vegas-Henderson-North Las Vegas, NV",0.0,no cell in the extract: territory at zero opportunity
ifa_west_merge,59068,ifa,MT,IFA,IFA_02,IFA,,30009,13740,3061525,"IFA Las Vegas-Henderson-North Las Vegas, NV",0.0,no cell in the extract: territory at zero opportunity
ifa_west_merge,59069,ifa,MT,IFA,IFA_02,IFA,,30095,13740,3061900,"IFA Las Vegas-Henderson-North Las Vegas, NV",0.0,no cell in the extract: territory at zero opportunity
ifa_west_merge,59070,ifa,MT,IFA,IFA_02,IFA,,30009,13740,3063400,"IFA Las Vegas-Henderson-North Las Vegas, NV",0.0,no cell in the extract: territory at zero opportunity
ifa_west_merge,59071,ifa,MT,IFA,IFA_02,IFA,,30009,13740,3064300,"IFA Las Vegas-Henderson-North Las Vegas, NV",0.0,no cell in the extract: territory at zero opportunity
ifa_west_merge,59072,ifa,MT,IFA,IFA_02,IFA,,30065,,3041050,"IFA Las Vegas-Henderson-North Las Vegas, NV",0.0,no cell in the extract: territory at zero opportunity
ifa_west_merge,59074,ifa,MT,IFA,IFA_02,IFA,,30037,,3064975,"IFA Las Vegas-Henderson-North Las Vegas, NV",0.0,no cell in the extract: territory at zero opportunity
ifa_west_merge,59075,ifa,MT,IFA,IFA_02,IFA,,30003,,3065650,"IFA Las Vegas-Henderson-North Las Vegas, NV",0.0,no cell in the extract: territory at zero opportunity
ifa_west_merge,59076,ifa,MT,IFA,IFA_02,IFA,,30103,,,"IFA Las Vegas-Henderson-North Las Vegas, NV",0.0,no cell in the extract: territory at zero opportunity
ifa_west_merge,59077,ifa,MT,IFA,IFA_02,IFA,,30033,,,"IFA Las Vegas-Henderson-North Las Vegas, NV",0.0,no cell in the extract: territory at zero opportunity
ifa_west_merge,59078,ifa,MT,IFA,IFA_02,IFA,,30107,,3067225,"IFA Las Vegas-Henderson-North Las Vegas, NV",0.0,no cell in the extract: territory at zero opportunity
ifa_west_merge,59079,ifa,MT,IFA,IFA_02,IFA,,30111,13740,3067525,"IFA Las Vegas-Henderson-North Las Vegas, NV",0.0,no cell in the extract: territory at zero opportunity
ifa_west_merge,59081,ifa,MT,IFA,IFA_02,IFA,,30067,,3068425,"IFA Las Vegas-Henderson-North Las Vegas, NV",0.0,no cell in the extract: territory at zero opportunity
ifa_west_merge,59082,ifa,MT,IFA,IFA_02,IFA,,30067,,3070150,"IFA Las Vegas-Henderson-North Las Vegas, NV",0.0,no cell in the extract: territory at zero opportunity
ifa_west_merge,59083,ifa,MT,IFA,IFA_02,IFA,,30087,,,"IFA Las Vegas-Henderson-North Las Vegas, NV",0.0,no cell in the extract: territory at zero opportunity
ifa_west_merge,59085,ifa,MT,IFA,IFA_02,IFA,,30107,,3075700,"IFA Las Vegas-Henderson-North Las Vegas, NV",0.0,no cell in the extract: territory at zero opportunity
ifa_west_merge,59086,ifa,MT,IFA,IFA_02,IFA,,30067,,3067075,"IFA Las Vegas-Henderson-North Las Vegas, NV",0.0,no cell in the extract: territory at zero opportunity
ifa_west_merge,59087,ifa,MT,IFA,IFA_02,IFA,,30069,,3081100,"IFA Las Vegas-Henderson-North Las Vegas, NV",0.0,no cell in the extract: territory at zero opportunity
ifa_west_merge,59088,ifa,MT,IFA,IFA_02,IFA,,30111,13740,3081925,"IFA Las Vegas-Henderson-North Las Vegas, NV",0.0,no cell in the extract: territory at zero opportunity
ifa_west_merge,59089,ifa,MT,IFA,IFA_02,IFA,,30003,,3082075,"IFA Las Vegas-Henderson-North Las Vegas, NV",0.0,no cell in the extract: territory at zero opportunity
ifa_west_merge,59101,ifa,MT,IFA,IFA_02,IFA,,30111,13740,3044200,"IFA Las Vegas-Henderson-North Las Vegas, NV",4.3194,
ifa_west_merge,59102,ifa,MT,IFA,IFA_02,IFA,,30111,13740,3006550,"IFA Las Vegas-Henderson-North Las Vegas, NV",2.90151,
ifa_west_merge,59105,ifa,MT,IFA,IFA_02,IFA,,30111,13740,3006550,"IFA Las Vegas-Henderson-North Las Vegas, NV",0.0,no cell in the extract: territory at zero opportunity
ifa_west_merge,59106,ifa,MT,IFA,IFA_02,IFA,,30111,13740,3006550,"IFA Las Vegas-Henderson-North Las Vegas, NV",0.0,no cell in the extract: territory at zero opportunity
ifa_west_merge,59201,ifa,MT,IFA,IFA_02,IFA,,30085,,3081475,"IFA Las Vegas-Henderson-North Las Vegas, NV",0.0,no cell in the extract: territory at zero opportunity
ifa_west_merge,59211,ifa,MT,IFA,IFA_02,IFA,,30091,,3002050,"IFA Las Vegas-Henderson-North Las Vegas, NV",0.0,no cell in the extract: territory at zero opportunity
ifa_west_merge,59212,ifa,MT,IFA,IFA_02,IFA,,30085,,3003400,"IFA Las Vegas-Henderson-North Las Vegas, NV",0.0,no cell in the extract: territory at zero opportunity
ifa_west_merge,59213,ifa,MT,IFA,IFA_02,IFA,,30085,,3010000,"IFA Las Vegas-Henderson-North Las Vegas, NV",0.0,no cell in the extract: territory at zero opportunity
ifa_west_merge,59214,ifa,MT,IFA,IFA_02,IFA,,30055,,3010075,"IFA Las Vegas-Henderson-North Las Vegas, NV",0.0,no cell in the extract: territory at zero opportunity
ifa_west_merge,59215,ifa,MT,IFA,IFA_02,IFA,,30055,,3014950,"IFA Las Vegas-Henderson-North Las Vegas, NV",0.0,no cell in the extract: territory at zero opportunity
ifa_west_merge,59217,ifa,MT,IFA,IFA_02,IFA,,30083,,3018100,"IFA Las Vegas-Henderson-North Las Vegas, NV",0.0,no cell in the extract: territory at zero opportunity
ifa_west_merge,59218,ifa,MT,IFA,IFA_02,IFA,,30085,,3018475,"IFA Las Vegas-Henderson-North Las Vegas, NV",0.0,no cell in the extract: territory at zero opportunity
ifa_west_merge,59219,ifa,MT,IFA,IFA_02,IFA,,30091,,,"IFA Las Vegas-Henderson-North Las Vegas, NV",0.0,no cell in the extract: territory at zero opportunity
ifa_west_merge,59221,ifa,MT,IFA,IFA_02,IFA,,30083,,3025300,"IFA Las Vegas-Henderson-North Las Vegas, NV",0.0,no cell in the extract: territory at zero opportunity
ifa_west_merge,59222,ifa,MT,IFA,IFA_02,IFA,,30019,,3026800,"IFA Las Vegas-Henderson-North Las Vegas, NV",0.0,no cell in the extract: territory at zero opportunity
ifa_west_merge,59223,ifa,MT,IFA,IFA_02,IFA,,30055,,3028450,"IFA Las Vegas-Henderson-North Las Vegas, NV",0.0,no cell in the extract: territory at zero opportunity
ifa_west_merge,59225,ifa,MT,IFA,IFA_02,IFA,,30105,,3029275,"IFA Las Vegas-Henderson-North Las Vegas, NV",0.0,no cell in the extract: territory at zero opportunity
ifa_west_merge,59226,ifa,MT,IFA,IFA_02,IFA,,30085,,3029500,"IFA Las Vegas-Henderson-North Las Vegas, NV",0.0,no cell in the extract: territory at zero opportunity
ifa_west_merge,59230,ifa,MT,IFA,IFA_02,IFA,,30105,,3065400,"IFA Las Vegas-Henderson-North Las Vegas, NV",0.18245,
ifa_west_merge,59231,ifa,MT,IFA,IFA_02,IFA,,30105,,3065400,"IFA Las Vegas-Henderson-North Las Vegas, NV",0.0,no cell in the extract: territory at zero opportunity
ifa_west_merge,59240,ifa,MT,IFA,IFA_02,IFA,,30105,,,"IFA Las Vegas-Henderson-North Las Vegas, NV",0.0,no cell in the extract: territory at zero opportunity
ifa_west_merge,59241,ifa,MT,IFA,IFA_02,IFA,,30105,,3036475,"IFA Las Vegas-Henderson-North Las Vegas, NV",0.0,no cell in the extract: territory at zero opportunity
ifa_west_merge,59242,ifa,MT,IFA,IFA_02,IFA,,30091,,3037450,"IFA Las Vegas-Henderson-North Las Vegas, NV",0.0,no cell in the extract: territory at zero opportunity
ifa_west_merge,59243,ifa,MT,IFA,IFA_02,IFA,,30083,,3029087,"IFA Las Vegas-Henderson-North Las Vegas, NV",0.0,no cell in the extract: territory at zero opportunity
ifa_west_merge,59244,ifa,MT,IFA,IFA_02,IFA,,30105,,,"IFA Las Vegas-Henderson-North Las Vegas, NV",0.0,no cell in the extract: territory at zero opportunity
ifa_west_merge,59247,ifa,MT,IFA,IFA_02,IFA,,30091,,3048775,"IFA Las Vegas-Henderson-North Las Vegas, NV",0.0,no cell in the extract: territory at zero opportunity
ifa_west_merge,59248,ifa,MT,IFA,IFA_02,IFA,,30105,,3052900,"IFA Las Vegas-Henderson-North Las Vegas, NV",0.0,no cell in the extract: territory at zero opportunity
ifa_west_merge,59250,ifa,MT,IFA,IFA_02,IFA,,30105,,3055525,"IFA Las Vegas-Henderson-North Las Vegas, NV",0.0,no cell in the extract: territory at zero opportunity
ifa_west_merge,59252,ifa,MT,IFA,IFA_02,IFA,,30091,,3056050,"IFA Las Vegas-Henderson-North Las Vegas, NV",0.0,no cell in the extract: territory at zero opportunity
ifa_west_merge,59253,ifa,MT,IFA,IFA_02,IFA,,30019,,3056800,"IFA Las Vegas-Henderson-North Las Vegas, NV",0.0,no cell in the extract: territory at zero opportunity
ifa_west_merge,59254,ifa,MT,IFA,IFA_02,IFA,,30091,,3058375,"IFA Las Vegas-Henderson-North Las Vegas, NV",0.44333,
ifa_west_merge,59255,ifa,MT,IFA,IFA_02,IFA,,30085,,3058975,"IFA Las Vegas-Henderson-North Las Vegas, NV",0.0,no cell in the extract: territory at zero opportunity
ifa_west_merge,59256,ifa,MT,IFA,IFA_02,IFA,,30091,,,"IFA Las Vegas-Henderson-North Las Vegas, NV",0.0,no cell in the extract: territory at zero opportunity
ifa_west_merge,59257,ifa,MT,IFA,IFA_02,IFA,,30091,,3061675,"IFA Las Vegas-Henderson-North Las Vegas, NV",0.0,no cell in the extract: territory at zero opportunity
ifa_west_merge,59258,ifa,MT,IFA,IFA_02,IFA,,30091,,3062125,"IFA Las Vegas-Henderson-North Las Vegas, NV",0.0,no cell in the extract: territory at zero opportunity
ifa_west_merge,59259,ifa,MT,IFA,IFA_02,IFA,,30021,,3062275,"IFA Las Vegas-Henderson-North Las Vegas, NV",0.0,no cell in the extract: territory at zero opportunity
ifa_west_merge,59260,ifa,MT,IFA,IFA_02,IFA,,30105,,,"IFA Las Vegas-Henderson-North Las Vegas, NV",0.0,no cell in the extract: territory at zero opportunity
ifa_west_merge,59261,ifa,MT,IFA,IFA_02,IFA,,30071,,3065050,"IFA Las Vegas-Henderson-North Las Vegas, NV",0.0,no cell in the extract: territory at zero opportunity
ifa_west_merge,59262,ifa,MT,IFA,IFA_02,IFA,,30083,,3066550,"IFA Las Vegas-Henderson-North Las Vegas, NV",0.0,no cell in the extract: territory at zero opportunity
ifa_west_merge,59263,ifa,MT,IFA,IFA_02,IFA,,30019,,3066925,"IFA Las Vegas-Henderson-North Las Vegas, NV",0.0,no cell in the extract: territory at zero opportunity
ifa_west_merge,59270,ifa,MT,IFA,IFA_02,IFA,,30083,,3067900,"IFA Las Vegas-Henderson-North Las Vegas, NV",0.551725,
ifa_west_merge,59273,ifa,MT,IFA,IFA_02,IFA,,30105,,,"IFA Las Vegas-Henderson-North Las Vegas, NV",0.0,no cell in the extract: territory at zero opportunity
ifa_west_merge,59274,ifa,MT,IFA,IFA_02,IFA,,30055,,3076975,"IFA Las Vegas-Henderson-North Las Vegas, NV",0.0,no cell in the extract: territory at zero opportunity
ifa_west_merge,59275,ifa,MT,IFA,IFA_02,IFA,,30091,,3078925,"IFA Las Vegas-Henderson-North Las Vegas, NV",0.0,no cell in the extract: territory at zero opportunity
ifa_west_merge,59276,ifa,MT,IFA,IFA_02,IFA,,30019,,3080125,"IFA Las Vegas-Henderson-North Las Vegas, NV",0.0,no cell in the extract: territory at zero opportunity
ifa_west_merge,59301,ifa,MT,IFA,IFA_02,IFA,,30017,,3049525,"IFA Las Vegas-Henderson-North Las Vegas, NV",0.587058,
ifa_west_merge,59311,ifa,MT,IFA,IFA_02,IFA,,30011,,3001300,"IFA Las Vegas-Henderson-North Las Vegas, NV",0.0,no cell in the extract: territory at zero opportunity
ifa_west_merge,59312,ifa,MT,IFA,IFA_02,IFA,,30033,,,"IFA Las Vegas-Henderson-North Las Vegas, NV",0.0,no cell in the extract: territory at zero opportunity
ifa_west_merge,59313,ifa,MT,IFA,IFA_02,IFA,,30025,,3003475,"IFA Las Vegas-Henderson-North Las Vegas, NV",0.0,no cell in the extract: territory at zero opportunity
ifa_west_merge,59314,ifa,MT,IFA,IFA_02,IFA,,30075,,3005650,"IFA Las Vegas-Henderson-North Las Vegas, NV",0.0,no cell in the extract: territory at zero opportunity
ifa_west_merge,59315,ifa,MT,IFA,IFA_02,IFA,,30021,,3007675,"IFA Las Vegas-Henderson-North Las Vegas, NV",0.0,no cell in the extract: territory at zero opportunity
ifa_west_merge,59316,ifa,MT,IFA,IFA_02,IFA,,30075,,,"IFA Las Vegas-Henderson-North Las Vegas, NV",0.0,no cell in the extract: territory at zero opportunity
ifa_west_merge,59317,ifa,MT,IFA,IFA_02,IFA,,30075,,3009700,"IFA Las Vegas-Henderson-North Las Vegas, NV",0.0,no cell in the extract: territory at zero opportunity
ifa_west_merge,59318,ifa,MT,IFA,IFA_02,IFA,,30033,,,"IFA Las Vegas-Henderson-North Las Vegas, NV",0.0,no cell in the extract: territory at zero opportunity
ifa_west_merge,59319,ifa,MT,IFA,IFA_02,IFA,,30011,,,"IFA Las Vegas-Henderson-North Las Vegas, NV",0.0,no cell in the extract: territory at zero opportunity
ifa_west_merge,59322,ifa,MT,IFA,IFA_02,IFA,,30033,,,"IFA Las Vegas-Henderson-North Las Vegas, NV",0.0,no cell in the extract: territory at zero opportunity
ifa_west_merge,59323,ifa,MT,IFA,IFA_02,IFA,,30087,,3016525,"IFA Las Vegas-Henderson-North Las Vegas, NV",0.0,no cell in the extract: territory at zero opportunity
ifa_west_merge,59324,ifa,MT,IFA,IFA_02,IFA,,30011,,3023650,"IFA Las Vegas-Henderson-North Las Vegas, NV",0.0,no cell in the extract: territory at zero opportunity
ifa_west_merge,59326,ifa,MT,IFA,IFA_02,IFA,,30079,,3025375,"IFA Las Vegas-Henderson-North Las Vegas, NV",0.0,no cell in the extract: territory at zero opportunity
ifa_west_merge,59327,ifa,MT,IFA,IFA_02,IFA,,30087,,3027700,"IFA Las Vegas-Henderson-North Las Vegas, NV",0.00190908,
ifa_west_merge,59330,ifa,MT,IFA,IFA_02,IFA,,30021,,3079086,"IFA Las Vegas-Henderson-North Las Vegas, NV",0.0632383,
ifa_west_merge,59332,ifa,MT,IFA,IFA_02,IFA,,30011,,,"IFA Las Vegas-Henderson-North Las Vegas, NV",0.0,no cell in the extract: territory at zero opportunity
ifa_west_merge,59333,ifa,MT,IFA,IFA_02,IFA,,30087,,,"IFA Las Vegas-Henderson-North Las Vegas, NV",0.0,no cell in the extract: territory at zero opportunity
ifa_west_merge,59336,ifa,MT,IFA,IFA_02,IFA,,30017,,3038950,"IFA Las Vegas-Henderson-North Las Vegas, NV",0.0,no cell in the extract: territory at zero opportunity
ifa_west_merge,59337,ifa,MT,IFA,IFA_02,IFA,,30033,,3039925,"IFA Las Vegas-Henderson-North Las Vegas, NV",0.0,no cell in the extract: territory at zero opportunity
ifa_west_merge,59338,ifa,MT,IFA,IFA_02,IFA,,30017,,,"IFA Las Vegas-Henderson-North Las Vegas, NV",0.0,no cell in the extract: territory at zero opportunity
ifa_west_merge,59339,ifa,MT,IFA,IFA_02,IFA,,30021,,3043750,"IFA Las Vegas-Henderson-North Las Vegas, NV",0.0,no cell in the extract: territory at zero opportunity
ifa_west_merge,59343,ifa,MT,IFA,IFA_02,IFA,,30075,,,"IFA Las Vegas-Henderson-North Las Vegas, NV",0.0,no cell in the extract: territory at zero opportunity
ifa_west_merge,59344,ifa,MT,IFA,IFA_02,IFA,,30025,,3058450,"IFA Las Vegas-Henderson-North Las Vegas, NV",0.0,no cell in the extract: territory at zero opportunity
ifa_west_merge,59345,ifa,MT,IFA,IFA_02,IFA,,30017,,,"IFA Las Vegas-Henderson-North Las Vegas, NV",0.0,no cell in the extract: territory at zero opportunity
ifa_west_merge,59347,ifa,MT,IFA,IFA_02,IFA,,30087,,3064375,"IFA Las Vegas-Henderson-North Las Vegas, NV",0.0,no cell in the extract: territory at zero opportunity
ifa_west_merge,59349,ifa,MT,IFA,IFA_02,IFA,,30079,,3025375,"IFA Las Vegas-Henderson-North Las Vegas, NV",0.0,no cell in the extract: territory at zero opportunity
ifa_west_merge,59351,ifa,MT,IFA,IFA_02,IFA,,30075,,,"IFA Las Vegas-Henderson-North Las Vegas, NV",0.0,no cell in the extract: territory at zero opportunity
ifa_west_merge,59353,ifa,MT,IFA,IFA_02,IFA,,30109,,3080350,"IFA Las Vegas-Henderson-North Las Vegas, NV",0.0,no cell in the extract: territory at zero opportunity
ifa_west_merge,59354,ifa,MT,IFA,IFA_02,IFA,,30025,,,"IFA Las Vegas-Henderson-North Las Vegas, NV",0.0,no cell in the extract: territory at zero opportunity
ifa_west_merge,59401,ifa,MT,IFA,IFA_02,IFA,,30013,24500,3032800,"IFA Las Vegas-Henderson-North Las Vegas, NV",3.05519,
ifa_west_merge,59404,ifa,MT,IFA,IFA_02,IFA,,30013,24500,3032800,"IFA Las Vegas-Henderson-North Las Vegas, NV",0.000954541,
ifa_west_merge,59405,ifa,MT,IFA,IFA_02,IFA,,30013,24500,3032800,"IFA Las Vegas-Henderson-North Las Vegas, NV",0.474187,
ifa_west_merge,59410,ifa,MT,IFA,IFA_02,IFA,,30049,25740,3003025,"IFA Las Vegas-Henderson-North Las Vegas, NV",0.0,no cell in the extract: territory at zero opportunity
ifa_west_merge,59411,ifa,MT,IFA,IFA_02,IFA,,30035,,3003250,"IFA Las Vegas-Henderson-North Las Vegas, NV",0.0,no cell in the extract: territory at zero opportunity
ifa_west_merge,59412,ifa,MT,IFA,IFA_02,IFA,,30013,24500,3062245,"IFA Las Vegas-Henderson-North Las Vegas, NV",0.0,no cell in the extract: territory at zero opportunity
ifa_west_merge,59414,ifa,MT,IFA,IFA_02,IFA,,30013,24500,3007150,"IFA Las Vegas-Henderson-North Las Vegas, NV",0.0,no cell in the extract: territory at zero opportunity
ifa_west_merge,59416,ifa,MT,IFA,IFA_02,IFA,,30073,,3009250,"IFA Las Vegas-Henderson-North Las Vegas, NV",0.0,no cell in the extract: territory at zero opportunity
ifa_west_merge,59417,ifa,MT,IFA,IFA_02,IFA,,30035,,3070825,"IFA Las Vegas-Henderson-North Las Vegas, NV",0.0,no cell in the extract: territory at zero opportunity
ifa_west_merge,59418,ifa,MT,IFA,IFA_02,IFA,,30045,,,"IFA Las Vegas-Henderson-North Las Vegas, NV",0.0,no cell in the extract: territory at zero opportunity
ifa_west_merge,59419,ifa,MT,IFA,IFA_02,IFA,,30099,,3011500,"IFA Las Vegas-Henderson-North Las Vegas, NV",0.0,no cell in the extract: territory at zero opportunity
ifa_west_merge,59420,ifa,MT,IFA,IFA_02,IFA,,30015,,3012625,"IFA Las Vegas-Henderson-North Las Vegas, NV",0.0,no cell in the extract: territory at zero opportunity
ifa_west_merge,59421,ifa,MT,IFA,IFA_02,IFA,,30013,24500,3034300,"IFA Las Vegas-Henderson-North Las Vegas, NV",0.0,no cell in the extract: territory at zero opportunity
ifa_west_merge,59422,ifa,MT,IFA,IFA_02,IFA,,30099,,3053500,"IFA Las Vegas-Henderson-North Las Vegas, NV",0.0,no cell in the extract: territory at zero opportunity
ifa_west_merge,59424,ifa,MT,IFA,IFA_02,IFA,,30027,,3016000,"IFA Las Vegas-Henderson-North Las Vegas, NV",0.0,no cell in the extract: territory at zero opportunity
ifa_west_merge,59425,ifa,MT,IFA,IFA_02,IFA,,30073,,3017275,"IFA Las Vegas-Henderson-North Las Vegas, NV",0.0,no cell in the extract: territory at zero opportunity
ifa_west_merge,59427,ifa,MT,IFA,IFA_02,IFA,,30035,,3066250,"IFA Las Vegas-Henderson-North Las Vegas, NV",0.0,no cell in the extract: territory at zero opportunity
ifa_west_merge,59430,ifa,MT,IFA,IFA_02,IFA,,30027,,3020425,"IFA Las Vegas-Henderson-North Las Vegas, NV",0.0,no cell in the extract: territory at zero opportunity
ifa_west_merge,59432,ifa,MT,IFA,IFA_02,IFA,,30073,,3022450,"IFA Las Vegas-Henderson-North Las Vegas, NV",0.0,no cell in the extract: territory at zero opportunity
ifa_west_merge,59433,ifa,MT,IFA,IFA_02,IFA,,30099,,3022600,"IFA Las Vegas-Henderson-North Las Vegas, NV",0.0,no cell in the extract: territory at zero opportunity
ifa_west_merge,59434,ifa,MT,IFA,IFA_02,IFA,,30035,,3022985,"IFA Las Vegas-Henderson-North Las Vegas, NV",0.0,no cell in the extract: territory at zero opportunity
ifa_west_merge,59435,ifa,MT,IFA,IFA_02,IFA,,30101,,,"IFA Las Vegas-Henderson-North Las Vegas, NV",0.0,no cell in the extract: territory at zero opportunity
ifa_west_merge,59436,ifa,MT,IFA,IFA_02,IFA,,30099,,3025225,"IFA Las Vegas-Henderson-North Las Vegas, NV",0.0,no cell in the extract: territory at zero opportunity
ifa_west_merge,59440,ifa,MT,IFA,IFA_02,IFA,,30015,,3027025,"IFA Las Vegas-Henderson-North Las Vegas, NV",0.0,no cell in the extract: territory at zero opportunity
ifa_west_merge,59441,ifa,MT,IFA,IFA_02,IFA,,30027,,,"IFA Las Vegas-Henderson-North Las Vegas, NV",0.0,no cell in the extract: territory at zero opportunity
ifa_west_merge,59442,ifa,MT,IFA,IFA_02,IFA,,30015,,3028000,"IFA Las Vegas-Henderson-North Las Vegas, NV",0.0,no cell in the extract: territory at zero opportunity
ifa_west_merge,59443,ifa,MT,IFA,IFA_02,IFA,,30013,24500,3028600,"IFA Las Vegas-Henderson-North Las Vegas, NV",0.0,no cell in the extract: territory at zero opportunity
ifa_west_merge,59444,ifa,MT,IFA,IFA_02,IFA,,30101,,3022655,"IFA Las Vegas-Henderson-North Las Vegas, NV",0.0,no cell in the extract: territory at zero opportunity
ifa_west_merge,59446,ifa,MT,IFA,IFA_02,IFA,,30015,,3030400,"IFA Las Vegas-Henderson-North Las Vegas, NV",0.0,no cell in the extract: territory at zero opportunity
ifa_west_merge,59447,ifa,MT,IFA,IFA_02,IFA,,30045,,3030550,"IFA Las Vegas-Henderson-North Las Vegas, NV",0.0,no cell in the extract: territory at zero opportunity
ifa_west_merge,59448,ifa,MT,IFA,IFA_02,IFA,,30073,,3035350,"IFA Las Vegas-Henderson-North Las Vegas, NV",0.0,no cell in the extract: territory at zero opportunity
ifa_west_merge,59450,ifa,MT,IFA,IFA_02,IFA,,30015,,3036250,"IFA Las Vegas-Henderson-North Las Vegas, NV",0.0,no cell in the extract: territory at zero opportunity
ifa_west_merge,59451,ifa,MT,IFA,IFA_02,IFA,,30027,,3036325,"IFA Las Vegas-Henderson-North Las Vegas, NV",0.0,no cell in the extract: territory at zero opportunity
ifa_west_merge,59452,ifa,MT,IFA,IFA_02,IFA,,30045,,3066317,"IFA Las Vegas-Henderson-North Las Vegas, NV",0.0,no cell in the extract: territory at zero opportunity
ifa_west_merge,59453,ifa,MT,IFA,IFA_02,IFA,,30107,,3040000,"IFA Las Vegas-Henderson-North Las Vegas, NV",0.0,no cell in the extract: territory at zero opportunity
ifa_west_merge,59454,ifa,MT,IFA,IFA_02,IFA,,30101,,3040525,"IFA Las Vegas-Henderson-North Las Vegas, NV",0.0,no cell in the extract: territory at zero opportunity
ifa_west_merge,59456,ifa,MT,IFA,IFA_02,IFA,,30051,,3011999,"IFA Las Vegas-Henderson-North Las Vegas, NV",0.0,no cell in the extract: territory at zero opportunity
ifa_west_merge,59457,ifa,MT,IFA,IFA_02,IFA,,30027,,3043375,"IFA Las Vegas-Henderson-North Las Vegas, NV",0.0,no cell in the extract: territory at zero opportunity
ifa_west_merge,59460,ifa,MT,IFA,IFA_02,IFA,,30015,,3044800,"IFA Las Vegas-Henderson-North Las Vegas, NV",0.0,no cell in the extract: territory at zero opportunity
ifa_west_merge,59461,ifa,MT,IFA,IFA_02,IFA,,30051,,,"IFA Las Vegas-Henderson-North Las Vegas, NV",0.0,no cell in the extract: territory at zero opportunity
ifa_west_merge,59462,ifa,MT,IFA,IFA_02,IFA,,30045,,3050575,"IFA Las Vegas-Henderson-North Las Vegas, NV",0.0,no cell in the extract: territory at zero opportunity
ifa_west_merge,59463,ifa,MT,IFA,IFA_02,IFA,,30013,24500,3050950,"IFA Las Vegas-Henderson-North Las Vegas, NV",0.0,no cell in the extract: territory at zero opportunity
ifa_west_merge,59464,ifa,MT,IFA,IFA_02,IFA,,30027,,3051550,"IFA Las Vegas-Henderson-North Las Vegas, NV",0.0,no cell in the extract: territory at zero opportunity
ifa_west_merge,59465,ifa,MT,IFA,IFA_02,IFA,,30013,24500,3053200,"IFA Las Vegas-Henderson-North Las Vegas, NV",0.0,no cell in the extract: territory at zero opportunity
ifa_west_merge,59466,ifa,MT,IFA,IFA_02,IFA,,30101,,,"IFA Las Vegas-Henderson-North Las Vegas, NV",0.0,no cell in the extract: territory at zero opportunity
ifa_west_merge,59467,ifa,MT,IFA,IFA_02,IFA,,30099,,3063590,"IFA Las Vegas-Henderson-North Las Vegas, NV",0.0,no cell in the extract: territory at zero opportunity
ifa_west_merge,59468,ifa,MT,IFA,IFA_02,IFA,,30099,,3059500,"IFA Las Vegas-Henderson-North Las Vegas, NV",0.0,no cell in the extract: territory at zero opportunity
ifa_west_merge,59469,ifa,MT,IFA,IFA_02,IFA,,30045,,3061300,"IFA Las Vegas-Henderson-North Las Vegas, NV",0.0,no cell in the extract: territory at zero opportunity
ifa_west_merge,59471,ifa,MT,IFA,IFA_02,IFA,,30027,,3064675,"IFA Las Vegas-Henderson-North Las Vegas, NV",0.0,no cell in the extract: territory at zero opportunity
ifa_west_merge,59472,ifa,MT,IFA,IFA_02,IFA,,30013,24500,3065950,"IFA Las Vegas-Henderson-North Las Vegas, NV",0.0,no cell in the extract: territory at zero opportunity
ifa_west_merge,59474,ifa,MT,IFA,IFA_02,IFA,,30101,,3067450,"IFA Las Vegas-Henderson-North Las Vegas, NV",0.0,no cell in the extract: territory at zero opportunity
ifa_west_merge,59477,ifa,MT,IFA,IFA_02,IFA,,30013,24500,3068575,"IFA Las Vegas-Henderson-North Las Vegas, NV",0.0,no cell in the extract: territory at zero opportunity
ifa_west_merge,59479,ifa,MT,IFA,IFA_02,IFA,,30045,,3070675,"IFA Las Vegas-Henderson-North Las Vegas, NV",0.0,no cell in the extract: territory at zero opportunity
ifa_west_merge,59480,ifa,MT,IFA,IFA_02,IFA,,30013,24500,3071350,"IFA Las Vegas-Henderson-North Las Vegas, NV",0.0,no cell in the extract: territory at zero opportunity
ifa_west_merge,59482,ifa,MT,IFA,IFA_02,IFA,,30101,,3072175,"IFA Las Vegas-Henderson-North Las Vegas, NV",0.0,no cell in the extract: territory at zero opportunity
ifa_west_merge,59483,ifa,MT,IFA,IFA_02,IFA,,30013,24500,3072475,"IFA Las Vegas-Henderson-North Las Vegas, NV",0.0,no cell in the extract: territory at zero opportunity
ifa_west_merge,59484,ifa,MT,IFA,IFA_02,IFA,,30101,,3073075,"IFA Las Vegas-Henderson-North Las Vegas, NV",0.0,no cell in the extract: territory at zero opportunity
ifa_west_merge,59485,ifa,MT,IFA,IFA_02,IFA,,30013,24500,3075775,"IFA Las Vegas-Henderson-North Las Vegas, NV",0.0,no cell in the extract: territory at zero opportunity
ifa_west_merge,59486,ifa,MT,IFA,IFA_02,IFA,,30073,,3076225,"IFA Las Vegas-Henderson-North Las Vegas, NV",0.0,no cell in the extract: territory at zero opportunity
ifa_west_merge,59487,ifa,MT,IFA,IFA_02,IFA,,30013,24500,3076675,"IFA Las Vegas-Henderson-North Las Vegas, NV",0.0,no cell in the extract: territory at zero opportunity
ifa_west_merge,59489,ifa,MT,IFA,IFA_02,IFA,,30027,,3081025,"IFA Las Vegas-Henderson-North Las Vegas, NV",0.0,no cell in the extract: territory at zero opportunity
ifa_west_merge,59501,ifa,MT,IFA,IFA_02,IFA,,30041,,3035912,"IFA Las Vegas-Henderson-North Las Vegas, NV",0.395628,
ifa_west_merge,59520,ifa,MT,IFA,IFA_02,IFA,,30015,,3006250,"IFA Las Vegas-Henderson-North Las Vegas, NV",1.15668,
ifa_west_merge,59521,ifa,MT,IFA,IFA_02,IFA,,30041,,3063900,"IFA Las Vegas-Henderson-North Las Vegas, NV",0.0,no cell in the extract: territory at zero opportunity
ifa_west_merge,59522,ifa,MT,IFA,IFA_02,IFA,,30051,,3063266,"IFA Las Vegas-Henderson-North Las Vegas, NV",0.0,no cell in the extract: territory at zero opportunity
ifa_west_merge,59523,ifa,MT,IFA,IFA_02,IFA,,30005,,3014575,"IFA Las Vegas-Henderson-North Las Vegas, NV",0.0,no cell in the extract: territory at zero opportunity
ifa_west_merge,59524,ifa,MT,IFA,IFA_02,IFA,,30071,,3044350,"IFA Las Vegas-Henderson-North Las Vegas, NV",0.0,no cell in the extract: territory at zero opportunity
ifa_west_merge,59525,ifa,MT,IFA,IFA_02,IFA,,30041,,3030700,"IFA Las Vegas-Henderson-North Las Vegas, NV",0.0,no cell in the extract: territory at zero opportunity
ifa_west_merge,59526,ifa,MT,IFA,IFA_02,IFA,,30005,,3027850,"IFA Las Vegas-Henderson-North Las Vegas, NV",0.0,no cell in the extract: territory at zero opportunity
ifa_west_merge,59527,ifa,MT,IFA,IFA_02,IFA,,30005,,3035275,"IFA Las Vegas-Henderson-North Las Vegas, NV",0.0,no cell in the extract: territory at zero opportunity
ifa_west_merge,59528,ifa,MT,IFA,IFA_02,IFA,,30041,,3036400,"IFA Las Vegas-Henderson-North Las Vegas, NV",0.0,no cell in the extract: territory at zero opportunity
ifa_west_merge,59529,ifa,MT,IFA,IFA_02,IFA,,30005,,3036925,"IFA Las Vegas-Henderson-North Las Vegas, NV",0.0,no cell in the extract: territory at zero opportunity
ifa_west_merge,59530,ifa,MT,IFA,IFA_02,IFA,,30041,,3038725,"IFA Las Vegas-Henderson-North Las Vegas, NV",0.0,no cell in the extract: territory at zero opportunity
ifa_west_merge,59531,ifa,MT,IFA,IFA_02,IFA,,30051,,3039775,"IFA Las Vegas-Henderson-North Las Vegas, NV",0.0,no cell in the extract: territory at zero opportunity
ifa_west_merge,59532,ifa,MT,IFA,IFA_02,IFA,,30041,,3041725,"IFA Las Vegas-Henderson-North Las Vegas, NV",0.0,no cell in the extract: territory at zero opportunity
ifa_west_merge,59535,ifa,MT,IFA,IFA_02,IFA,,30005,,,"IFA Las Vegas-Henderson-North Las Vegas, NV",0.0,no cell in the extract: territory at zero opportunity
ifa_west_merge,59537,ifa,MT,IFA,IFA_02,IFA,,30071,,3045179,"IFA Las Vegas-Henderson-North Las Vegas, NV",0.0,no cell in the extract: territory at zero opportunity
ifa_west_merge,59538,ifa,MT,IFA,IFA_02,IFA,,30071,,3047425,"IFA Las Vegas-Henderson-North Las Vegas, NV",0.0,no cell in the extract: territory at zero opportunity
ifa_west_merge,59540,ifa,MT,IFA,IFA_02,IFA,,30041,,3064900,"IFA Las Vegas-Henderson-North Las Vegas, NV",0.0,no cell in the extract: territory at zero opportunity
ifa_west_merge,59542,ifa,MT,IFA,IFA_02,IFA,,30005,,3075258,"IFA Las Vegas-Henderson-North Las Vegas, NV",0.0,no cell in the extract: territory at zero opportunity
ifa_west_merge,59544,ifa,MT,IFA,IFA_02,IFA,,30071,,3080200,"IFA Las Vegas-Henderson-North Las Vegas, NV",0.0,no cell in the extract: territory at zero opportunity
ifa_west_merge,59545,ifa,MT,IFA,IFA_02,IFA,,30051,,3080275,"IFA Las Vegas-Henderson-North Las Vegas, NV",0.0,no cell in the extract: territory at zero opportunity
ifa_west_merge,59546,ifa,MT,IFA,IFA_02,IFA,,30071,,3082675,"IFA Las Vegas-Henderson-North Las Vegas, NV",0.0,no cell in the extract: territory at zero opportunity
ifa_west_merge,59547,ifa,MT,IFA,IFA_02,IFA,,30005,,3082750,"IFA Las Vegas-Henderson-North Las Vegas, NV",0.0,no cell in the extract: territory at zero opportunity
ifa_west_merge,59601,ifa,MT,IFA,IFA_02,IFA,,30049,25740,3035600,"IFA Las Vegas-Henderson-North Las Vegas, NV",5.9966,
ifa_west_merge,59602,ifa,MT,IFA,IFA_02,IFA,,30049,25740,3035628,"IFA Las Vegas-Henderson-North Las Vegas, NV",0.829844,
ifa_west_merge,59623,ifa,MT,IFA,IFA_02,IFA,,30049,25740,3035600,"IFA Las Vegas-Henderson-North Las Vegas, NV",0.0,no cell in the extract: territory at zero opportunity
ifa_west_merge,59625,ifa,MT,IFA,IFA_02,IFA,,30049,25740,3035600,"IFA Las Vegas-Henderson-North Las Vegas, NV",0.0,no cell in the extract: territory at zero opportunity
ifa_west_merge,59631,ifa,MT,IFA,IFA_02,IFA,,30043,25740,3004150,"IFA Las Vegas-Henderson-North Las Vegas, NV",0.0,no cell in the extract: territory at zero opportunity
ifa_west_merge,59632,ifa,MT,IFA,IFA_02,IFA,,30043,25740,3023865,"IFA Las Vegas-Henderson-North Las Vegas, NV",0.0,no cell in the extract: territory at zero opportunity
ifa_west_merge,59633,ifa,MT,IFA,IFA_02,IFA,,30049,25740,3012025,"IFA Las Vegas-Henderson-North Las Vegas, NV",0.0,no cell in the extract: territory at zero opportunity
ifa_west_merge,59634,ifa,MT,IFA,IFA_02,IFA,,30043,25740,3015100,"IFA Las Vegas-Henderson-North Las Vegas, NV",0.0,no cell in the extract: territory at zero opportunity
ifa_west_merge,59635,ifa,MT,IFA,IFA_02,IFA,,30049,25740,3069900,"IFA Las Vegas-Henderson-North Las Vegas, NV",0.0,no cell in the extract: territory at zero opportunity
ifa_west_merge,59636,ifa,MT,IFA,IFA_02,IFA,,30049,25740,3035640,"IFA Las Vegas-Henderson-North Las Vegas, NV",0.0,no cell in the extract: territory at zero opportunity
ifa_west_merge,59638,ifa,MT,IFA,IFA_02,IFA,,30043,25740,3039400,"IFA Las Vegas-Henderson-North Las Vegas, NV",0.0,no cell in the extract: territory at zero opportunity
ifa_west_merge,59639,ifa,MT,IFA,IFA_02,IFA,,30049,25740,3043675,"IFA Las Vegas-Henderson-North Las Vegas, NV",0.0,no cell in the extract: territory at zero opportunity
ifa_west_merge,59640,ifa,MT,IFA,IFA_02,IFA,,30049,25740,3048250,"IFA Las Vegas-Henderson-North Las Vegas, NV",0.0,no cell in the extract: territory at zero opportunity
ifa_west_merge,59642,ifa,MT,IFA,IFA_02,IFA,,30059,,,"IFA Las Vegas-Henderson-North Las Vegas, NV",0.0,no cell in the extract: territory at zero opportunity
ifa_west_merge,59643,ifa,MT,IFA,IFA_02,IFA,,30007,25740,3074500,"IFA Las Vegas-Henderson-North Las Vegas, NV",0.0,no cell in the extract: territory at zero opportunity
ifa_west_merge,59644,ifa,MT,IFA,IFA_02,IFA,,30007,25740,3073760,"IFA Las Vegas-Henderson-North Las Vegas, NV",0.0,no cell in the extract: territory at zero opportunity
ifa_west_merge,59645,ifa,MT,IFA,IFA_02,IFA,,30059,,3080050,"IFA Las Vegas-Henderson-North Las Vegas, NV",0.0,no cell in the extract: territory at zero opportunity
ifa_west_merge,59647,ifa,MT,IFA,IFA_02,IFA,,30007,25740,3081175,"IFA Las Vegas-Henderson-North Las Vegas, NV",0.0,no cell in the extract: territory at zero opportunity
ifa_west_merge,59648,ifa,MT,IFA,IFA_02,IFA,,30049,25740,3049600,"IFA Las Vegas-Henderson-North Las Vegas, NV",0.0,no cell in the extract: territory at zero opportunity
ifa_west_merge,59701,ifa,MT,IFA,IFA_02,IFA,,30093,15580,3011397,"IFA Las Vegas-Henderson-North Las Vegas, NV",10.1198,
ifa_west_merge,59710,ifa,MT,IFA,IFA_02,IFA,,30057,,3000850,"IFA Las Vegas-Henderson-North Las Vegas, NV",0.0,no cell in the extract: territory at zero opportunity
ifa_west_merge,59711,ifa,MT,IFA,IFA_02,IFA,,30023,,3001675,"IFA Las Vegas-Henderson-North Las Vegas, NV",1.71481,
ifa_west_merge,59713,ifa,MT,IFA,IFA_02,IFA,,30077,,3003175,"IFA Las Vegas-Henderson-North Las Vegas, NV",0.0,no cell in the extract: territory at zero opportunity
ifa_west_merge,59714,ifa,MT,IFA,IFA_02,IFA,,30031,14580,3004975,"IFA Las Vegas-Henderson-North Las Vegas, NV",5.68062,
ifa_west_merge,59715,ifa,MT,IFA,IFA_02,IFA,,30031,14580,3008950,"IFA Las Vegas-Henderson-North Las Vegas, NV",12.5512,
ifa_west_merge,59716,ifa,MT,IFA,IFA_02,IFA,,30057,,3006325,"IFA Las Vegas-Henderson-North Las Vegas, NV",0.0,no cell in the extract: territory at zero opportunity
ifa_west_merge,59718,ifa,MT,IFA,IFA_02,IFA,,30031,14580,3028862,"IFA Las Vegas-Henderson-North Las Vegas, NV",1.25494,
ifa_west_merge,59720,ifa,MT,IFA,IFA_02,IFA,,30057,,,"IFA Las Vegas-Henderson-North Las Vegas, NV",0.0,no cell in the extract: territory at zero opportunity
ifa_west_merge,59721,ifa,MT,IFA,IFA_02,IFA,,30043,25740,3012400,"IFA Las Vegas-Henderson-North Las Vegas, NV",0.0,no cell in the extract: territory at zero opportunity
ifa_west_merge,59722,ifa,MT,IFA,IFA_02,IFA,,30077,,3001675,"IFA Las Vegas-Henderson-North Las Vegas, NV",0.0,no cell in the extract: territory at zero opportunity
ifa_west_merge,59724,ifa,MT,IFA,IFA_02,IFA,,30001,,3020050,"IFA Las Vegas-Henderson-North Las Vegas, NV",0.0,no cell in the extract: territory at zero opportunity
ifa_west_merge,59725,ifa,MT,IFA,IFA_02,IFA,,30001,,3020800,"IFA Las Vegas-Henderson-North Las Vegas, NV",0.0,no cell in the extract: territory at zero opportunity
ifa_west_merge,59727,ifa,MT,IFA,IFA_02,IFA,,30093,15580,3011397,"IFA Las Vegas-Henderson-North Las Vegas, NV",0.0,no cell in the extract: territory at zero opportunity
ifa_west_merge,59728,ifa,MT,IFA,IFA_02,IFA,,30077,,3023950,"IFA Las Vegas-Henderson-North Las Vegas, NV",0.0,no cell in the extract: territory at zero opportunity
ifa_west_merge,59729,ifa,MT,IFA,IFA_02,IFA,,30057,,3024475,"IFA Las Vegas-Henderson-North Las Vegas, NV",0.0,no cell in the extract: territory at zero opportunity
ifa_west_merge,59730,ifa,MT,IFA,IFA_02,IFA,,30031,14580,3006325,"IFA Las Vegas-Henderson-North Las Vegas, NV",0.0,no cell in the extract: territory at zero opportunity
ifa_west_merge,59731,ifa,MT,IFA,IFA_02,IFA,,30077,,3030175,"IFA Las Vegas-Henderson-North Las Vegas, NV",0.0,no cell in the extract: territory at zero opportunity
ifa_west_merge,59732,ifa,MT,IFA,IFA_02,IFA,,30001,,3031375,"IFA Las Vegas-Henderson-North Las Vegas, NV",0.0,no cell in the extract: territory at zero opportunity
ifa_west_merge,59733,ifa,MT,IFA,IFA_02,IFA,,30077,,3031825,"IFA Las Vegas-Henderson-North Las Vegas, NV",0.0,no cell in the extract: territory at zero opportunity
ifa_west_merge,59735,ifa,MT,IFA,IFA_02,IFA,,30057,,3034525,"IFA Las Vegas-Henderson-North Las Vegas, NV",0.0,no cell in the extract: territory at zero opportunity
ifa_west_merge,59736,ifa,MT,IFA,IFA_02,IFA,,30001,,3039025,"IFA Las Vegas-Henderson-North Las Vegas, NV",0.0,no cell in the extract: territory at zero opportunity
ifa_west_merge,59739,ifa,MT,IFA,IFA_02,IFA,,30001,,3042100,"IFA Las Vegas-Henderson-North Las Vegas, NV",0.0,no cell in the extract: territory at zero opportunity
ifa_west_merge,59740,ifa,MT,IFA,IFA_02,IFA,,30057,,3046225,"IFA Las Vegas-Henderson-North Las Vegas, NV",0.0,no cell in the extract: territory at zero opportunity
ifa_west_merge,59741,ifa,MT,IFA,IFA_02,IFA,,30031,14580,3029885,"IFA Las Vegas-Henderson-North Las Vegas, NV",0.0,no cell in the extract: territory at zero opportunity
ifa_west_merge,59743,ifa,MT,IFA,IFA_02,IFA,,30001,,3011397,"IFA Las Vegas-Henderson-North Las Vegas, NV",0.0,no cell in the extract: territory at zero opportunity
ifa_west_merge,59745,ifa,MT,IFA,IFA_02,IFA,,30057,,3054475,"IFA Las Vegas-Henderson-North Las Vegas, NV",0.0,no cell in the extract: territory at zero opportunity
ifa_west_merge,59746,ifa,MT,IFA,IFA_02,IFA,,30001,,3048585,"IFA Las Vegas-Henderson-North Las Vegas, NV",0.0,no cell in the extract: territory at zero opportunity
ifa_west_merge,59747,ifa,MT,IFA,IFA_02,IFA,,30057,,3058900,"IFA Las Vegas-Henderson-North Las Vegas, NV",0.0,no cell in the extract: territory at zero opportunity
ifa_west_merge,59748,ifa,MT,IFA,IFA_02,IFA,,30093,15580,3011397,"IFA Las Vegas-Henderson-North Las Vegas, NV",0.0,no cell in the extract: territory at zero opportunity
ifa_west_merge,59749,ifa,MT,IFA,IFA_02,IFA,,30057,,3067600,"IFA Las Vegas-Henderson-North Las Vegas, NV",0.0,no cell in the extract: territory at zero opportunity
ifa_west_merge,59750,ifa,MT,IFA,IFA_02,IFA,,30093,15580,3011397,"IFA Las Vegas-Henderson-North Las Vegas, NV",0.0,no cell in the extract: territory at zero opportunity
ifa_west_merge,59751,ifa,MT,IFA,IFA_02,IFA,,30057,,3068500,"IFA Las Vegas-Henderson-North Las Vegas, NV",0.0,no cell in the extract: territory at zero opportunity
ifa_west_merge,59752,ifa,MT,IFA,IFA_02,IFA,,30031,14580,3079695,"IFA Las Vegas-Henderson-North Las Vegas, NV",0.0,no cell in the extract: territory at zero opportunity
ifa_west_merge,59754,ifa,MT,IFA,IFA_02,IFA,,30057,,3075475,"IFA Las Vegas-Henderson-North Las Vegas, NV",0.0,no cell in the extract: territory at zero opportunity
ifa_west_merge,59755,ifa,MT,IFA,IFA_02,IFA,,30057,,3077125,"IFA Las Vegas-Henderson-North Las Vegas, NV",0.0,no cell in the extract: territory at zero opportunity
ifa_west_merge,59756,ifa,MT,IFA,IFA_02,IFA,,30023,,3001675,"IFA Las Vegas-Henderson-North Las Vegas, NV",0.0,no cell in the extract: territory at zero opportunity
ifa_west_merge,59758,ifa,MT,IFA,IFA_02,IFA,,30031,14580,3079525,"IFA Las Vegas-Henderson-North Las Vegas, NV",0.0,no cell in the extract: territory at zero opportunity
ifa_west_merge,59759,ifa,MT,IFA,IFA_02,IFA,,30043,25740,3011397,"IFA Las Vegas-Henderson-North Las Vegas, NV",0.0,no cell in the extract: territory at zero opportunity
ifa_west_merge,59760,ifa,MT,IFA,IFA_02,IFA,,30031,14580,3080800,"IFA Las Vegas-Henderson-North Las Vegas, NV",0.0,no cell in the extract: territory at zero opportunity
ifa_west_merge,59761,ifa,MT,IFA,IFA_02,IFA,,30001,,3081250,"IFA Las Vegas-Henderson-North Las Vegas, NV",0.0,no cell in the extract: territory at zero opportunity
ifa_west_merge,59762,ifa,MT,IFA,IFA_02,IFA,,30023,,3001675,"IFA Las Vegas-Henderson-North Las Vegas, NV",0.0,no cell in the extract: territory at zero opportunity
ifa_west_merge,59801,ifa,MT,IFA,IFA_02,IFA,,30063,33540,3050200,"IFA Las Vegas-Henderson-North Las Vegas, NV",10.0115,
ifa_west_merge,59802,ifa,MT,IFA,IFA_02,IFA,,30063,33540,3050200,"IFA Las Vegas-Henderson-North Las Vegas, NV",3.42529,
ifa_west_merge,59803,ifa,MT,IFA,IFA_02,IFA,,30063,33540,3050200,"IFA Las Vegas-Henderson-North Las Vegas, NV",0.503005,
ifa_west_merge,59804,ifa,MT,IFA,IFA_02,IFA,,30063,33540,3055675,"IFA Las Vegas-Henderson-North Las Vegas, NV",0.0,no cell in the extract: territory at zero opportunity
ifa_west_merge,59808,ifa,MT,IFA,IFA_02,IFA,,30063,33540,3050200,"IFA Las Vegas-Henderson-North Las Vegas, NV",3.58941,
ifa_west_merge,59812,ifa,MT,IFA,IFA_02,IFA,,30063,33540,3050200,"IFA Las Vegas-Henderson-North Las Vegas, NV",0.0,no cell in the extract: territory at zero opportunity
ifa_west_merge,59820,ifa,MT,IFA,IFA_02,IFA,,30061,33540,3018850,"IFA Las Vegas-Henderson-North Las Vegas, NV",0.0,no cell in the extract: territory at zero opportunity
ifa_west_merge,59821,ifa,MT,IFA,IFA_02,IFA,,30063,33540,3025000,"IFA Las Vegas-Henderson-North Las Vegas, NV",0.0,no cell in the extract: territory at zero opportunity
ifa_west_merge,59823,ifa,MT,IFA,IFA_02,IFA,,30063,33540,3075550,"IFA Las Vegas-Henderson-North Las Vegas, NV",0.0,no cell in the extract: territory at zero opportunity
ifa_west_merge,59824,ifa,MT,IFA,IFA_02,IFA,,30047,,3040580,"IFA Las Vegas-Henderson-North Las Vegas, NV",0.0,no cell in the extract: territory at zero opportunity
ifa_west_merge,59825,ifa,MT,IFA,IFA_02,IFA,,30039,,3015475,"IFA Las Vegas-Henderson-North Las Vegas, NV",0.0,no cell in the extract: territory at zero opportunity
ifa_west_merge,59826,ifa,MT,IFA,IFA_02,IFA,,30063,33540,3017050,"IFA Las Vegas-Henderson-North Las Vegas, NV",0.0,no cell in the extract: territory at zero opportunity
ifa_west_merge,59827,ifa,MT,IFA,IFA_02,IFA,,30081,,3017200,"IFA Las Vegas-Henderson-North Las Vegas, NV",0.0,no cell in the extract: territory at zero opportunity
ifa_west_merge,59828,ifa,MT,IFA,IFA_02,IFA,,30081,,3017725,"IFA Las Vegas-Henderson-North Las Vegas, NV",0.0,no cell in the extract: territory at zero opportunity
ifa_west_merge,59829,ifa,MT,IFA,IFA_02,IFA,,30081,,3017200,"IFA Las Vegas-Henderson-North Las Vegas, NV",0.0,no cell in the extract: territory at zero opportunity
ifa_west_merge,59830,ifa,MT,IFA,IFA_02,IFA,,30061,33540,3019675,"IFA Las Vegas-Henderson-North Las Vegas, NV",0.0,no cell in the extract: territory at zero opportunity
ifa_west_merge,59831,ifa,MT,IFA,IFA_02,IFA,,30089,,3066910,"IFA Las Vegas-Henderson-North Las Vegas, NV",0.0,no cell in the extract: territory at zero opportunity
ifa_west_merge,59832,ifa,MT,IFA,IFA_02,IFA,,30039,,3021850,"IFA Las Vegas-Henderson-North Las Vegas, NV",0.0,no cell in the extract: territory at zero opportunity
ifa_west_merge,59833,ifa,MT,IFA,IFA_02,IFA,,30081,,3012435,"IFA Las Vegas-Henderson-North Las Vegas, NV",0.0,no cell in the extract: territory at zero opportunity
ifa_west_merge,59834,ifa,MT,IFA,IFA_02,IFA,,30063,33540,3029350,"IFA Las Vegas-Henderson-North Las Vegas, NV",0.0,no cell in the extract: territory at zero opportunity
ifa_west_merge,59837,ifa,MT,IFA,IFA_02,IFA,,30039,,3048625,"IFA Las Vegas-Henderson-North Las Vegas, NV",0.0,no cell in the extract: territory at zero opportunity
ifa_west_merge,59840,ifa,MT,IFA,IFA_02,IFA,,30081,,3033775,"IFA Las Vegas-Henderson-North Las Vegas, NV",0.0795451,
ifa_west_merge,59841,ifa,MT,IFA,IFA_02,IFA,,30081,,3057700,"IFA Las Vegas-Henderson-North Las Vegas, NV",0.0,no cell in the extract: territory at zero opportunity
ifa_west_merge,59842,ifa,MT,IFA,IFA_02,IFA,,30061,33540,3034825,"IFA Las Vegas-Henderson-North Las Vegas, NV",0.0,no cell in the extract: territory at zero opportunity
ifa_west_merge,59843,ifa,MT,IFA,IFA_02,IFA,,30077,,3035725,"IFA Las Vegas-Henderson-North Las Vegas, NV",0.0,no cell in the extract: territory at zero opportunity
ifa_west_merge,59844,ifa,MT,IFA,IFA_02,IFA,,30089,,3035875,"IFA Las Vegas-Henderson-North Las Vegas, NV",0.0,no cell in the extract: territory at zero opportunity
ifa_west_merge,59845,ifa,MT,IFA,IFA_02,IFA,,30089,,3053725,"IFA Las Vegas-Henderson-North Las Vegas, NV",0.0,no cell in the extract: territory at zero opportunity
ifa_west_merge,59846,ifa,MT,IFA,IFA_02,IFA,,30063,33540,3038275,"IFA Las Vegas-Henderson-North Las Vegas, NV",0.0,no cell in the extract: territory at zero opportunity
ifa_west_merge,59847,ifa,MT,IFA,IFA_02,IFA,,30063,33540,3044650,"IFA Las Vegas-Henderson-North Las Vegas, NV",0.0,no cell in the extract: territory at zero opportunity
ifa_west_merge,59848,ifa,MT,IFA,IFA_02,IFA,,30089,,3044950,"IFA Las Vegas-Henderson-North Las Vegas, NV",0.0,no cell in the extract: territory at zero opportunity
ifa_west_merge,59851,ifa,MT,IFA,IFA_02,IFA,,30063,33540,3008462,"IFA Las Vegas-Henderson-North Las Vegas, NV",0.0,no cell in the extract: territory at zero opportunity
ifa_west_merge,59853,ifa,MT,IFA,IFA_02,IFA,,30089,,3054925,"IFA Las Vegas-Henderson-North Las Vegas, NV",0.0,no cell in the extract: territory at zero opportunity
ifa_west_merge,59854,ifa,MT,IFA,IFA_02,IFA,,30077,,3056125,"IFA Las Vegas-Henderson-North Las Vegas, NV",0.0,no cell in the extract: territory at zero opportunity
ifa_west_merge,59855,ifa,MT,IFA,IFA_02,IFA,,30047,,3056350,"IFA Las Vegas-Henderson-North Las Vegas, NV",0.0,no cell in the extract: territory at zero opportunity
ifa_west_merge,59856,ifa,MT,IFA,IFA_02,IFA,,30089,,3056425,"IFA Las Vegas-Henderson-North Las Vegas, NV",0.0,no cell in the extract: territory at zero opportunity
ifa_west_merge,59858,ifa,MT,IFA,IFA_02,IFA,,30039,,3057175,"IFA Las Vegas-Henderson-North Las Vegas, NV",0.0,no cell in the extract: territory at zero opportunity
ifa_west_merge,59859,ifa,MT,IFA,IFA_02,IFA,,30089,,3078775,"IFA Las Vegas-Henderson-North Las Vegas, NV",0.0,no cell in the extract: territory at zero opportunity
ifa_west_merge,59860,ifa,MT,IFA,IFA_02,IFA,,30047,,3058750,"IFA Las Vegas-Henderson-North Las Vegas, NV",0.0,no cell in the extract: territory at zero opportunity
ifa_west_merge,59863,ifa,MT,IFA,IFA_02,IFA,,30047,,3061075,"IFA Las Vegas-Henderson-North Las Vegas, NV",0.0,no cell in the extract: territory at zero opportunity
ifa_west_merge,59864,ifa,MT,IFA,IFA_02,IFA,,30047,,3056350,"IFA Las Vegas-Henderson-North Las Vegas, NV",0.0,no cell in the extract: territory at zero opportunity
ifa_west_merge,59865,ifa,MT,IFA,IFA_02,IFA,,30047,,3065275,"IFA Las Vegas-Henderson-North Las Vegas, NV",0.0,no cell in the extract: territory at zero opportunity
ifa_west_merge,59866,ifa,MT,IFA,IFA_02,IFA,,30061,33540,3065575,"IFA Las Vegas-Henderson-North Las Vegas, NV",0.0,no cell in the extract: territory at zero opportunity
ifa_west_merge,59867,ifa,MT,IFA,IFA_02,IFA,,30061,33540,3065875,"IFA Las Vegas-Henderson-North Las Vegas, NV",0.0,no cell in the extract: territory at zero opportunity
ifa_west_merge,59868,ifa,MT,IFA,IFA_02,IFA,,30063,33540,3067150,"IFA Las Vegas-Henderson-North Las Vegas, NV",0.0,no cell in the extract: territory at zero opportunity
ifa_west_merge,59870,ifa,MT,IFA,IFA_02,IFA,,30081,,3071200,"IFA Las Vegas-Henderson-North Las Vegas, NV",0.0,no cell in the extract: territory at zero opportunity
ifa_west_merge,59871,ifa,MT,IFA,IFA_02,IFA,,30081,,3071800,"IFA Las Vegas-Henderson-North Las Vegas, NV",0.0,no cell in the extract: territory at zero opportunity
ifa_west_merge,59872,ifa,MT,IFA,IFA_02,IFA,,30061,33540,3063042,"IFA Las Vegas-Henderson-North Las Vegas, NV",0.0,no cell in the extract: territory at zero opportunity
ifa_west_merge,59873,ifa,MT,IFA,IFA_02,IFA,,30089,,3005050,"IFA Las Vegas-Henderson-North Las Vegas, NV",0.0,no cell in the extract: territory at zero opportunity
ifa_west_merge,59874,ifa,MT,IFA,IFA_02,IFA,,30089,,3074950,"IFA Las Vegas-Henderson-North Las Vegas, NV",0.0,no cell in the extract: territory at zero opportunity
ifa_west_merge,59875,ifa,MT,IFA,IFA_02,IFA,,30081,,3076900,"IFA Las Vegas-Henderson-North Las Vegas, NV",0.0,no cell in the extract: territory at zero opportunity
ifa_west_merge,59901,ifa,MT,IFA,IFA_02,IFA,,30029,28060,3040075,"IFA Las Vegas-Henderson-North Las Vegas, NV",4.33584,
ifa_west_merge,59910,ifa,MT,IFA,IFA_02,IFA,,30047,,3005800,"IFA Las Vegas-Henderson-North Las Vegas, NV",0.0,no cell in the extract: territory at zero opportunity
ifa_west_merge,59911,ifa,MT,IFA,IFA_02,IFA,,30047,,3005875,"IFA Las Vegas-Henderson-North Las Vegas, NV",0.0,no cell in the extract: territory at zero opportunity
ifa_west_merge,59912,ifa,MT,IFA,IFA_02,IFA,,30029,28060,3016600,"IFA Las Vegas-Henderson-North Las Vegas, NV",0.0,no cell in the extract: territory at zero opportunity
ifa_west_merge,59913,ifa,MT,IFA,IFA_02,IFA,,30029,28060,3017500,"IFA Las Vegas-Henderson-North Las Vegas, NV",0.0,no cell in the extract: territory at zero opportunity
ifa_west_merge,59914,ifa,MT,IFA,IFA_02,IFA,,30047,,3019525,"IFA Las Vegas-Henderson-North Las Vegas, NV",0.0,no cell in the extract: territory at zero opportunity
ifa_west_merge,59915,ifa,MT,IFA,IFA_02,IFA,,30047,,3024100,"IFA Las Vegas-Henderson-North Las Vegas, NV",0.0,no cell in the extract: territory at zero opportunity
ifa_west_merge,59916,ifa,MT,IFA,IFA_02,IFA,,30029,28060,3069345,"IFA Las Vegas-Henderson-North Las Vegas, NV",0.0,no cell in the extract: territory at zero opportunity
ifa_west_merge,59917,ifa,MT,IFA,IFA_02,IFA,,30053,,3038480,"IFA Las Vegas-Henderson-North Las Vegas, NV",0.0,no cell in the extract: territory at zero opportunity
ifa_west_merge,59918,ifa,MT,IFA,IFA_02,IFA,,30053,,3028150,"IFA Las Vegas-Henderson-North Las Vegas, NV",0.00190908,
ifa_west_merge,59919,ifa,MT,IFA,IFA_02,IFA,,30029,28060,3038125,"IFA Las Vegas-Henderson-North Las Vegas, NV",0.0,no cell in the extract: territory at zero opportunity
ifa_west_merge,59920,ifa,MT,IFA,IFA_02,IFA,,30029,28060,3040675,"IFA Las Vegas-Henderson-North Las Vegas, NV",0.0,no cell in the extract: territory at zero opportunity
ifa_west_merge,59922,ifa,MT,IFA,IFA_02,IFA,,30029,28060,3041950,"IFA Las Vegas-Henderson-North Las Vegas, NV",0.0,no cell in the extract: territory at zero opportunity
ifa_west_merge,59923,ifa,MT,IFA,IFA_02,IFA,,30053,,3034110,"IFA Las Vegas-Henderson-North Las Vegas, NV",0.459237,
ifa_west_merge,59925,ifa,MT,IFA,IFA_02,IFA,,30029,28060,3047875,"IFA Las Vegas-Henderson-North Las Vegas, NV",2.14871,
ifa_west_merge,59926,ifa,MT,IFA,IFA_02,IFA,,30029,28060,3048100,"IFA Las Vegas-Henderson-North Las Vegas, NV",0.0,no cell in the extract: territory at zero opportunity
ifa_west_merge,59927,ifa,MT,IFA,IFA_02,IFA,,30029,28060,3055450,"IFA Las Vegas-Henderson-North Las Vegas, NV",0.0,no cell in the extract: territory at zero opportunity
ifa_west_merge,59928,ifa,MT,IFA,IFA_02,IFA,,30029,28060,3058675,"IFA Las Vegas-Henderson-North Las Vegas, NV",0.0,no cell in the extract: territory at zero opportunity
ifa_west_merge,59929,ifa,MT,IFA,IFA_02,IFA,,30047,,3041910,"IFA Las Vegas-Henderson-North Las Vegas, NV",0.0,no cell in the extract: territory at zero opportunity
ifa_west_merge,59930,ifa,MT,IFA,IFA_02,IFA,,30053,,3079105,"IFA Las Vegas-Henderson-North Las Vegas, NV",0.0,no cell in the extract: territory at zero opportunity
ifa_west_merge,59931,ifa,MT,IFA,IFA_02,IFA,,30047,,3064075,"IFA Las Vegas-Henderson-North Las Vegas, NV",0.0,no cell in the extract: territory at zero opportunity
ifa_west_merge,59932,ifa,MT,IFA,IFA_02,IFA,,30029,28060,3069475,"IFA Las Vegas-Henderson-North Las Vegas, NV",0.0,no cell in the extract: territory at zero opportunity
ifa_west_merge,59933,ifa,MT,IFA,IFA_02,IFA,,30053,,3071575,"IFA Las Vegas-Henderson-North Las Vegas, NV",0.0,no cell in the extract: territory at zero opportunity
ifa_west_merge,59934,ifa,MT,IFA,IFA_02,IFA,,30053,,3074725,"IFA Las Vegas-Henderson-North Las Vegas, NV",0.0,no cell in the extract: territory at zero opportunity
ifa_west_merge,59935,ifa,MT,IFA,IFA_02,IFA,,30053,,3082130,"IFA Las Vegas-Henderson-North Las Vegas, NV",0.0,no cell in the extract: territory at zero opportunity
ifa_west_merge,59936,ifa,MT,IFA,IFA_02,IFA,,30029,28060,3079075,"IFA Las Vegas-Henderson-North Las Vegas, NV",0.0,no cell in the extract: territory at zero opportunity
ifa_west_merge,59937,ifa,MT,IFA,IFA_02,IFA,,30029,28060,3079825,"IFA Las Vegas-Henderson-North Las Vegas, NV",0.471964,
ifa_west_merge,79837,ifa,NM,IFA,IFA_01,IFA,,35035,10460,4819708,"IFA Phoenix-Mesa-Chandler, AZ",0.0,no cell in the extract: territory at zero opportunity
ifa_west_merge,82001,ifa,WY,IFA,IFA_02,IFA,,56021,16940,5613900,"IFA Las Vegas-Henderson-North Las Vegas, NV",0.946061,
ifa_west_merge,82005,ifa,WY,IFA,IFA_02,IFA,,56021,16940,5681640,"IFA Las Vegas-Henderson-North Las Vegas, NV",0.0,no cell in the extract: territory at zero opportunity
ifa_west_merge,82007,ifa,WY,IFA,IFA_02,IFA,,56021,16940,5613900,"IFA Las Vegas-Henderson-North Las Vegas, NV",0.0,no cell in the extract: territory at zero opportunity
ifa_west_merge,82009,ifa,WY,IFA,IFA_02,IFA,,56021,16940,5663800,"IFA Las Vegas-Henderson-North Las Vegas, NV",5.45913,
ifa_west_merge,82050,ifa,WY,IFA,IFA_02,IFA,,56021,16940,5600825,"IFA Las Vegas-Henderson-North Las Vegas, NV",0.0,no cell in the extract: territory at zero opportunity
ifa_west_merge,82051,ifa,WY,IFA,IFA_02,IFA,,56001,29660,,"IFA Las Vegas-Henderson-North Las Vegas, NV",0.0,no cell in the extract: territory at zero opportunity
ifa_west_merge,82052,ifa,WY,IFA,IFA_02,IFA,,56001,29660,,"IFA Las Vegas-Henderson-North Las Vegas, NV",0.0,no cell in the extract: territory at zero opportunity
ifa_west_merge,82053,ifa,WY,IFA,IFA_02,IFA,,56021,16940,5611265,"IFA Las Vegas-Henderson-North Las Vegas, NV",0.0,no cell in the extract: territory at zero opportunity
ifa_west_merge,82054,ifa,WY,IFA,IFA_02,IFA,,56021,16940,5612860,"IFA Las Vegas-Henderson-North Las Vegas, NV",0.0,no cell in the extract: territory at zero opportunity
ifa_west_merge,82055,ifa,WY,IFA,IFA_02,IFA,,56001,29660,5613440,"IFA Las Vegas-Henderson-North Las Vegas, NV",0.0,no cell in the extract: territory at zero opportunity
ifa_west_merge,82058,ifa,WY,IFA,IFA_02,IFA,,56001,29660,,"IFA Las Vegas-Henderson-North Las Vegas, NV",0.0,no cell in the extract: territory at zero opportunity
ifa_west_merge,82059,ifa,WY,IFA,IFA_02,IFA,,56021,16940,,"IFA Las Vegas-Henderson-North Las Vegas, NV",0.0,no cell in the extract: territory at zero opportunity
ifa_west_merge,82060,ifa,WY,IFA,IFA_02,IFA,,56021,16940,5637510,"IFA Las Vegas-Henderson-North Las Vegas, NV",0.0,no cell in the extract: territory at zero opportunity
ifa_west_merge,82061,ifa,WY,IFA,IFA_02,IFA,,56021,16940,,"IFA Las Vegas-Henderson-North Las Vegas, NV",0.0,no cell in the extract: territory at zero opportunity
ifa_west_merge,82070,ifa,WY,IFA,IFA_02,IFA,,56001,29660,5645050,"IFA Las Vegas-Henderson-North Las Vegas, NV",0.928704,
ifa_west_merge,82072,ifa,WY,IFA,IFA_02,IFA,,56001,29660,5645050,"IFA Las Vegas-Henderson-North Las Vegas, NV",0.804304,
ifa_west_merge,82073,ifa,WY,IFA,IFA_02,IFA,,56001,29660,,"IFA Las Vegas-Henderson-North Las Vegas, NV",0.341219,
ifa_west_merge,82081,ifa,WY,IFA,IFA_02,IFA,,56021,16940,,"IFA Las Vegas-Henderson-North Las Vegas, NV",0.0,no cell in the extract: territory at zero opportunity
ifa_west_merge,82082,ifa,WY,IFA,IFA_02,IFA,,56021,16940,5661435,"IFA Las Vegas-Henderson-North Las Vegas, NV",0.0,no cell in the extract: territory at zero opportunity
ifa_west_merge,82083,ifa,WY,IFA,IFA_02,IFA,,56001,29660,5603245,"IFA Las Vegas-Henderson-North Las Vegas, NV",0.0,no cell in the extract: territory at zero opportunity
ifa_west_merge,82084,ifa,WY,IFA,IFA_02,IFA,,56001,29660,,"IFA Las Vegas-Henderson-North Las Vegas, NV",0.0,no cell in the extract: territory at zero opportunity
ifa_west_merge,82190,ifa,WY,IFA,IFA_02,IFA,,56029,17650,5649775,"IFA Las Vegas-Henderson-North Las Vegas, NV",0.0,no cell in the extract: territory at zero opportunity
ifa_west_merge,82201,ifa,WY,IFA,IFA_02,IFA,,56031,,5671295,"IFA Las Vegas-Henderson-North Las Vegas, NV",1.51822,
ifa_west_merge,82210,ifa,WY,IFA,IFA_02,IFA,,56031,,5614165,"IFA Las Vegas-Henderson-North Las Vegas, NV",0.0,no cell in the extract: territory at zero opportunity
ifa_west_merge,82212,ifa,WY,IFA,IFA_02,IFA,,56015,,5628230,"IFA Las Vegas-Henderson-North Las Vegas, NV",0.0,no cell in the extract: territory at zero opportunity
ifa_west_merge,82213,ifa,WY,IFA,IFA_02,IFA,,56031,,5632290,"IFA Las Vegas-Henderson-North Las Vegas, NV",0.0,no cell in the extract: territory at zero opportunity
ifa_west_merge,82214,ifa,WY,IFA,IFA_02,IFA,,56031,,5634320,"IFA Las Vegas-Henderson-North Las Vegas, NV",0.0,no cell in the extract: territory at zero opportunity
ifa_west_merge,82215,ifa,WY,IFA,IFA_02,IFA,,56031,,5635625,"IFA Las Vegas-Henderson-North Las Vegas, NV",0.0,no cell in the extract: territory at zero opportunity
ifa_west_merge,82217,ifa,WY,IFA,IFA_02,IFA,,56015,,5636060,"IFA Las Vegas-Henderson-North Las Vegas, NV",0.0,no cell in the extract: territory at zero opportunity
ifa_west_merge,82218,ifa,WY,IFA,IFA_02,IFA,,56015,,5639250,"IFA Las Vegas-Henderson-North Las Vegas, NV",0.0,no cell in the extract: territory at zero opportunity
ifa_west_merge,82219,ifa,WY,IFA,IFA_02,IFA,,56015,,,"IFA Las Vegas-Henderson-North Las Vegas, NV",0.0,no cell in the extract: territory at zero opportunity
ifa_west_merge,82221,ifa,WY,IFA,IFA_02,IFA,,56015,,5643745,"IFA Las Vegas-Henderson-North Las Vegas, NV",0.0,no cell in the extract: territory at zero opportunity
ifa_west_merge,82222,ifa,WY,IFA,IFA_02,IFA,,56027,,5644615,"IFA Las Vegas-Henderson-North Las Vegas, NV",0.0,no cell in the extract: territory at zero opportunity
ifa_west_merge,82223,ifa,WY,IFA,IFA_02,IFA,,56015,,5646790,"IFA Las Vegas-Henderson-North Las Vegas, NV",0.0,no cell in the extract: territory at zero opportunity
ifa_west_merge,82224,ifa,WY,IFA,IFA_02,IFA,,56009,,5647805,"IFA Las Vegas-Henderson-North Las Vegas, NV",0.0,no cell in the extract: territory at zero opportunity
ifa_west_merge,82225,ifa,WY,IFA,IFA_02,IFA,,56027,,5644615,"IFA Las Vegas-Henderson-North Las Vegas, NV",0.0,no cell in the extract: territory at zero opportunity
ifa_west_merge,82227,ifa,WY,IFA,IFA_02,IFA,,56027,,5650270,"IFA Las Vegas-Henderson-North Las Vegas, NV",0.0,no cell in the extract: territory at zero opportunity
ifa_west_merge,82229,ifa,WY,IFA,IFA_02,IFA,,56009,,5647805,"IFA Las Vegas-Henderson-North Las Vegas, NV",0.0,no cell in the extract: territory at zero opportunity
ifa_west_merge,82240,ifa,WY,IFA,IFA_02,IFA,,56015,,5677530,"IFA Las Vegas-Henderson-North Las Vegas, NV",0.0,no cell in the extract: territory at zero opportunity
ifa_west_merge,82242,ifa,WY,IFA,IFA_02,IFA,,56027,,5679705,"IFA Las Vegas-Henderson-North Las Vegas, NV",0.0,no cell in the extract: territory at zero opportunity
ifa_west_merge,82243,ifa,WY,IFA,IFA_02,IFA,,56015,,5680285,"IFA Las Vegas-Henderson-North Las Vegas, NV",0.0,no cell in the extract: territory at zero opportunity
ifa_west_merge,82244,ifa,WY,IFA,IFA_02,IFA,,56015,,5636060,"IFA Las Vegas-Henderson-North Las Vegas, NV",0.0,no cell in the extract: territory at zero opportunity
ifa_west_merge,82301,ifa,WY,IFA,IFA_02,IFA,,56007,,5663900,"IFA Las Vegas-Henderson-North Las Vegas, NV",0.00238635,
ifa_west_merge,82310,ifa,WY,IFA,IFA_02,IFA,,56013,40180,5640555,"IFA Las Vegas-Henderson-North Las Vegas, NV",0.0,no cell in the extract: territory at zero opportunity
ifa_west_merge,82321,ifa,WY,IFA,IFA_02,IFA,,56007,,5604740,"IFA Las Vegas-Henderson-North Las Vegas, NV",0.0,no cell in the extract: territory at zero opportunity
ifa_west_merge,82322,ifa,WY,IFA,IFA_02,IFA,,56037,40540,5604885,"IFA Las Vegas-Henderson-North Las Vegas, NV",0.0,no cell in the extract: territory at zero opportunity
ifa_west_merge,82323,ifa,WY,IFA,IFA_02,IFA,,56007,,5620690,"IFA Las Vegas-Henderson-North Las Vegas, NV",0.0,no cell in the extract: territory at zero opportunity
ifa_west_merge,82324,ifa,WY,IFA,IFA_02,IFA,,56007,,5624025,"IFA Las Vegas-Henderson-North Las Vegas, NV",0.0,no cell in the extract: territory at zero opportunity
ifa_west_merge,82325,ifa,WY,IFA,IFA_02,IFA,,56007,,5624750,"IFA Las Vegas-Henderson-North Las Vegas, NV",0.0,no cell in the extract: territory at zero opportunity
ifa_west_merge,82327,ifa,WY,IFA,IFA_02,IFA,,56007,,5635335,"IFA Las Vegas-Henderson-North Las Vegas, NV",0.0,no cell in the extract: territory at zero opportunity
ifa_west_merge,82329,ifa,WY,IFA,IFA_02,IFA,,56007,,5651575,"IFA Las Vegas-Henderson-North Las Vegas, NV",0.0,no cell in the extract: territory at zero opportunity
ifa_west_merge,82331,ifa,WY,IFA,IFA_02,IFA,,56007,,5668685,"IFA Las Vegas-Henderson-North Las Vegas, NV",0.0,no cell in the extract: territory at zero opportunity
ifa_west_merge,82332,ifa,WY,IFA,IFA_02,IFA,,56007,,,"IFA Las Vegas-Henderson-North Las Vegas, NV",0.0,no cell in the extract: territory at zero opportunity
ifa_west_merge,82334,ifa,WY,IFA,IFA_02,IFA,,56007,,5671150,"IFA Las Vegas-Henderson-North Las Vegas, NV",0.0,no cell in the extract: territory at zero opportunity
ifa_west_merge,82335,ifa,WY,IFA,IFA_02,IFA,,56007,,,"IFA Las Vegas-Henderson-North Las Vegas, NV",0.0,no cell in the extract: territory at zero opportunity
ifa_west_merge,82336,ifa,WY,IFA,IFA_02,IFA,,56037,40540,5681300,"IFA Las Vegas-Henderson-North Las Vegas, NV",0.0,no cell in the extract: territory at zero opportunity
ifa_west_merge,82401,ifa,WY,IFA,IFA_02,IFA,,56043,,5684925,"IFA Las Vegas-Henderson-North Las Vegas, NV",0.0,no cell in the extract: territory at zero opportunity
ifa_west_merge,82410,ifa,WY,IFA,IFA_02,IFA,,56003,,5605320,"IFA Las Vegas-Henderson-North Las Vegas, NV",0.0,no cell in the extract: territory at zero opportunity
ifa_west_merge,82411,ifa,WY,IFA,IFA_02,IFA,,56003,,5611120,"IFA Las Vegas-Henderson-North Las Vegas, NV",0.0,no cell in the extract: territory at zero opportunity
ifa_west_merge,82412,ifa,WY,IFA,IFA_02,IFA,,56003,,5611700,"IFA Las Vegas-Henderson-North Las Vegas, NV",0.0,no cell in the extract: territory at zero opportunity
ifa_west_merge,82414,ifa,WY,IFA,IFA_02,IFA,,56029,17650,5615760,"IFA Las Vegas-Henderson-North Las Vegas, NV",0.599034,
ifa_west_merge,82420,ifa,WY,IFA,IFA_02,IFA,,56003,,5617645,"IFA Las Vegas-Henderson-North Las Vegas, NV",0.0,no cell in the extract: territory at zero opportunity
ifa_west_merge,82421,ifa,WY,IFA,IFA_02,IFA,,56003,,5619530,"IFA Las Vegas-Henderson-North Las Vegas, NV",0.0,no cell in the extract: territory at zero opportunity
ifa_west_merge,82422,ifa,WY,IFA,IFA_02,IFA,,56003,,,"IFA Las Vegas-Henderson-North Las Vegas, NV",0.0,no cell in the extract: territory at zero opportunity
ifa_west_merge,82423,ifa,WY,IFA,IFA_02,IFA,,56003,,5629825,"IFA Las Vegas-Henderson-North Las Vegas, NV",0.0,no cell in the extract: territory at zero opportunity
ifa_west_merge,82426,ifa,WY,IFA,IFA_02,IFA,,56003,,5633885,"IFA Las Vegas-Henderson-North Las Vegas, NV",0.0,no cell in the extract: territory at zero opportunity
ifa_west_merge,82428,ifa,WY,IFA,IFA_02,IFA,,56003,,5639395,"IFA Las Vegas-Henderson-North Las Vegas, NV",0.0,no cell in the extract: territory at zero opportunity
ifa_west_merge,82430,ifa,WY,IFA,IFA_02,IFA,,56017,,5642730,"IFA Las Vegas-Henderson-North Las Vegas, NV",0.0,no cell in the extract: territory at zero opportunity
ifa_west_merge,82431,ifa,WY,IFA,IFA_02,IFA,,56003,,5647950,"IFA Las Vegas-Henderson-North Las Vegas, NV",0.0,no cell in the extract: territory at zero opportunity
ifa_west_merge,82432,ifa,WY,IFA,IFA_02,IFA,,56003,,5649980,"IFA Las Vegas-Henderson-North Las Vegas, NV",0.0,no cell in the extract: territory at zero opportunity
ifa_west_merge,82433,ifa,WY,IFA,IFA_02,IFA,,56029,17650,5651720,"IFA Las Vegas-Henderson-North Las Vegas, NV",0.0,no cell in the extract: territory at zero opportunity
ifa_west_merge,82434,ifa,WY,IFA,IFA_02,IFA,,56003,,,"IFA Las Vegas-Henderson-North Las Vegas, NV",0.0,no cell in the extract: territory at zero opportunity
ifa_west_merge,82435,ifa,WY,IFA,IFA_02,IFA,,56029,17650,5663465,"IFA Las Vegas-Henderson-North Las Vegas, NV",0.294317,
ifa_west_merge,82440,ifa,WY,IFA,IFA_02,IFA,,56029,17650,5663465,"IFA Las Vegas-Henderson-North Las Vegas, NV",0.0,no cell in the extract: territory at zero opportunity
ifa_west_merge,82441,ifa,WY,IFA,IFA_02,IFA,,56003,,5669700,"IFA Las Vegas-Henderson-North Las Vegas, NV",0.0,no cell in the extract: territory at zero opportunity
ifa_west_merge,82442,ifa,WY,IFA,IFA_02,IFA,,56043,,5675790,"IFA Las Vegas-Henderson-North Las Vegas, NV",0.0,no cell in the extract: territory at zero opportunity
ifa_west_merge,82443,ifa,WY,IFA,IFA_02,IFA,,56017,,5648240,"IFA Las Vegas-Henderson-North Las Vegas, NV",0.0,no cell in the extract: territory at zero opportunity
ifa_west_merge,82450,ifa,WY,IFA,IFA_02,IFA,,56029,17650,,"IFA Las Vegas-Henderson-North Las Vegas, NV",0.0,no cell in the extract: territory at zero opportunity
ifa_west_merge,82501,ifa,WY,IFA,IFA_02,IFA,,56013,40180,5603000,"IFA Las Vegas-Henderson-North Las Vegas, NV",2.04699,
ifa_west_merge,82510,ifa,WY,IFA,IFA_02,IFA,,56013,40180,5625330,"IFA Las Vegas-Henderson-North Las Vegas, NV",0.0,no cell in the extract: territory at zero opportunity
ifa_west_merge,82512,ifa,WY,IFA,IFA_02,IFA,,56013,40180,5618225,"IFA Las Vegas-Henderson-North Las Vegas, NV",0.0,no cell in the extract: territory at zero opportunity
ifa_west_merge,82513,ifa,WY,IFA,IFA_02,IFA,,56013,40180,5621415,"IFA Las Vegas-Henderson-North Las Vegas, NV",0.0,no cell in the extract: territory at zero opportunity
ifa_west_merge,82514,ifa,WY,IFA,IFA_02,IFA,,56013,40180,5628665,"IFA Las Vegas-Henderson-North Las Vegas, NV",0.0,no cell in the extract: territory at zero opportunity
ifa_west_merge,82515,ifa,WY,IFA,IFA_02,IFA,,56013,40180,5638960,"IFA Las Vegas-Henderson-North Las Vegas, NV",0.0,no cell in the extract: territory at zero opportunity
ifa_west_merge,82516,ifa,WY,IFA,IFA_02,IFA,,56013,40180,5640945,"IFA Las Vegas-Henderson-North Las Vegas, NV",0.0,no cell in the extract: territory at zero opportunity
ifa_west_merge,82520,ifa,WY,IFA,IFA_02,IFA,,56013,40180,5609307,"IFA Las Vegas-Henderson-North Las Vegas, NV",0.483634,
ifa_west_merge,82523,ifa,WY,IFA,IFA_02,IFA,,56013,40180,5660130,"IFA Las Vegas-Henderson-North Las Vegas, NV",0.0,no cell in the extract: territory at zero opportunity
ifa_west_merge,82601,ifa,WY,IFA,IFA_02,IFA,,56025,16220,5613222,"IFA Las Vegas-Henderson-North Las Vegas, NV",3.74657,
ifa_west_merge,82604,ifa,WY,IFA,IFA_02,IFA,,56025,16220,5613150,"IFA Las Vegas-Henderson-North Las Vegas, NV",0.0,no cell in the extract: territory at zero opportunity
ifa_west_merge,82609,ifa,WY,IFA,IFA_02,IFA,,56025,16220,5613150,"IFA Las Vegas-Henderson-North Las Vegas, NV",0.263804,
ifa_west_merge,82620,ifa,WY,IFA,IFA_02,IFA,,56025,16220,5601115,"IFA Las Vegas-Henderson-North Las Vegas, NV",0.0,no cell in the extract: territory at zero opportunity
ifa_west_merge,82630,ifa,WY,IFA,IFA_02,IFA,,56025,16220,,"IFA Las Vegas-Henderson-North Las Vegas, NV",0.0,no cell in the extract: territory at zero opportunity
ifa_west_merge,82633,ifa,WY,IFA,IFA_02,IFA,,56009,,5621125,"IFA Las Vegas-Henderson-North Las Vegas, NV",0.0,no cell in the extract: territory at zero opportunity
ifa_west_merge,82635,ifa,WY,IFA,IFA_02,IFA,,56025,16220,5623155,"IFA Las Vegas-Henderson-North Las Vegas, NV",0.0,no cell in the extract: territory at zero opportunity
ifa_west_merge,82636,ifa,WY,IFA,IFA_02,IFA,,56025,16220,5625765,"IFA Las Vegas-Henderson-North Las Vegas, NV",0.0,no cell in the extract: territory at zero opportunity
ifa_west_merge,82637,ifa,WY,IFA,IFA_02,IFA,,56009,,5632435,"IFA Las Vegas-Henderson-North Las Vegas, NV",0.0,no cell in the extract: territory at zero opportunity
ifa_west_merge,82638,ifa,WY,IFA,IFA_02,IFA,,56025,16220,,"IFA Las Vegas-Henderson-North Las Vegas, NV",0.0,no cell in the extract: territory at zero opportunity
ifa_west_merge,82639,ifa,WY,IFA,IFA_02,IFA,,56019,,5641353,"IFA Las Vegas-Henderson-North Las Vegas, NV",0.0,no cell in the extract: territory at zero opportunity
ifa_west_merge,82640,ifa,WY,IFA,IFA_02,IFA,,56019,,,"IFA Las Vegas-Henderson-North Las Vegas, NV",0.0,no cell in the extract: territory at zero opportunity
ifa_west_merge,82642,ifa,WY,IFA,IFA_02,IFA,,56013,40180,,"IFA Las Vegas-Henderson-North Las Vegas, NV",0.0,no cell in the extract: territory at zero opportunity
ifa_west_merge,82643,ifa,WY,IFA,IFA_02,IFA,,56025,16220,5652445,"IFA Las Vegas-Henderson-North Las Vegas, NV",0.0,no cell in the extract: territory at zero opportunity
ifa_west_merge,82644,ifa,WY,IFA,IFA_02,IFA,,56025,16220,5653460,"IFA Las Vegas-Henderson-North Las Vegas, NV",0.0,no cell in the extract: territory at zero opportunity
ifa_west_merge,82646,ifa,WY,IFA,IFA_02,IFA,,56025,16220,,"IFA Las Vegas-Henderson-North Las Vegas, NV",0.0,no cell in the extract: territory at zero opportunity
ifa_west_merge,82648,ifa,WY,IFA,IFA_02,IFA,,56025,16220,5662305,"IFA Las Vegas-Henderson-North Las Vegas, NV",0.0,no cell in the extract: territory at zero opportunity
ifa_west_merge,82649,ifa,WY,IFA,IFA_02,IFA,,56013,40180,5670570,"IFA Las Vegas-Henderson-North Las Vegas, NV",0.0,no cell in the extract: territory at zero opportunity
ifa_west_merge,82701,ifa,WY,IFA,IFA_02,IFA,,56045,,5656215,"IFA Las Vegas-Henderson-North Las Vegas, NV",0.0,no cell in the extract: territory at zero opportunity
ifa_west_merge,82710,ifa,WY,IFA,IFA_02,IFA,,56011,,,"IFA Las Vegas-Henderson-North Las Vegas, NV",0.0,no cell in the extract: territory at zero opportunity
ifa_west_merge,82711,ifa,WY,IFA,IFA_02,IFA,,56011,,,"IFA Las Vegas-Henderson-North Las Vegas, NV",0.0,no cell in the extract: territory at zero opportunity
ifa_west_merge,82712,ifa,WY,IFA,IFA_02,IFA,,56011,,5606480,"IFA Las Vegas-Henderson-North Las Vegas, NV",0.0,no cell in the extract: territory at zero opportunity
ifa_west_merge,82714,ifa,WY,IFA,IFA_02,IFA,,56011,,,"IFA Las Vegas-Henderson-North Las Vegas, NV",0.0,no cell in the extract: territory at zero opportunity
ifa_west_merge,82716,ifa,WY,IFA,IFA_02,IFA,,56005,23940,5631855,"IFA Las Vegas-Henderson-North Las Vegas, NV",0.0,no cell in the extract: territory at zero opportunity
ifa_west_merge,82718,ifa,WY,IFA,IFA_02,IFA,,56005,23940,5631855,"IFA Las Vegas-Henderson-North Las Vegas, NV",0.0,no cell in the extract: territory at zero opportunity
ifa_west_merge,82720,ifa,WY,IFA,IFA_02,IFA,,56011,,5639105,"IFA Las Vegas-Henderson-North Las Vegas, NV",0.0,no cell in the extract: territory at zero opportunity
ifa_west_merge,82721,ifa,WY,IFA,IFA_02,IFA,,56011,,5661610,"IFA Las Vegas-Henderson-North Las Vegas, NV",0.0,no cell in the extract: territory at zero opportunity
ifa_west_merge,82723,ifa,WY,IFA,IFA_02,IFA,,56045,,5658680,"IFA Las Vegas-Henderson-North Las Vegas, NV",0.0,no cell in the extract: territory at zero opportunity
ifa_west_merge,82725,ifa,WY,IFA,IFA_02,IFA,,56005,23940,,"IFA Las Vegas-Henderson-North Las Vegas, NV",0.0,no cell in the extract: territory at zero opportunity
ifa_west_merge,82727,ifa,WY,IFA,IFA_02,IFA,,56005,23940,,"IFA Las Vegas-Henderson-North Las Vegas, NV",0.0,no cell in the extract: territory at zero opportunity
ifa_west_merge,82729,ifa,WY,IFA,IFA_02,IFA,,56011,,5674195,"IFA Las Vegas-Henderson-North Las Vegas, NV",0.0,no cell in the extract: territory at zero opportunity
ifa_west_merge,82730,ifa,WY,IFA,IFA_02,IFA,,56045,,5679125,"IFA Las Vegas-Henderson-North Las Vegas, NV",0.0,no cell in the extract: territory at zero opportunity
ifa_west_merge,82731,ifa,WY,IFA,IFA_02,IFA,,56005,23940,,"IFA Las Vegas-Henderson-North Las Vegas, NV",0.0,no cell in the extract: territory at zero opportunity
ifa_west_merge,82732,ifa,WY,IFA,IFA_02,IFA,,56005,23940,5685015,"IFA Las Vegas-Henderson-North Las Vegas, NV",0.0,no cell in the extract: territory at zero opportunity
ifa_west_merge,82801,ifa,WY,IFA,IFA_02,IFA,,56033,43260,5669845,"IFA Las Vegas-Henderson-North Las Vegas, NV",1.02727,
ifa_west_merge,82831,ifa,WY,IFA,IFA_02,IFA,,56005,23940,5603725,"IFA Las Vegas-Henderson-North Las Vegas, NV",0.0,no cell in the extract: territory at zero opportunity
ifa_west_merge,82832,ifa,WY,IFA,IFA_02,IFA,,56033,43260,5673615,"IFA Las Vegas-Henderson-North Las Vegas, NV",0.0,no cell in the extract: territory at zero opportunity
ifa_west_merge,82833,ifa,WY,IFA,IFA_02,IFA,,56033,43260,5606770,"IFA Las Vegas-Henderson-North Las Vegas, NV",0.0,no cell in the extract: territory at zero opportunity
ifa_west_merge,82834,ifa,WY,IFA,IFA_02,IFA,,56019,,5610685,"IFA Las Vegas-Henderson-North Las Vegas, NV",0.0,no cell in the extract: territory at zero opportunity
ifa_west_merge,82835,ifa,WY,IFA,IFA_02,IFA,,56033,43260,5615325,"IFA Las Vegas-Henderson-North Las Vegas, NV",0.0,no cell in the extract: territory at zero opportunity
ifa_west_merge,82836,ifa,WY,IFA,IFA_02,IFA,,56033,43260,5619385,"IFA Las Vegas-Henderson-North Las Vegas, NV",0.0,no cell in the extract: territory at zero opportunity
ifa_west_merge,82837,ifa,WY,IFA,IFA_02,IFA,,56033,43260,,"IFA Las Vegas-Henderson-North Las Vegas, NV",0.0,no cell in the extract: territory at zero opportunity
ifa_west_merge,82838,ifa,WY,IFA,IFA_02,IFA,,56033,43260,5659985,"IFA Las Vegas-Henderson-North Las Vegas, NV",0.0,no cell in the extract: territory at zero opportunity
ifa_west_merge,82839,ifa,WY,IFA,IFA_02,IFA,,56033,43260,5663755,"IFA Las Vegas-Henderson-North Las Vegas, NV",0.0,no cell in the extract: territory at zero opportunity
ifa_west_merge,82842,ifa,WY,IFA,IFA_02,IFA,,56033,43260,5673615,"IFA Las Vegas-Henderson-North Las Vegas, NV",1.23084,
ifa_west_merge,82844,ifa,WY,IFA,IFA_02,IFA,,56033,43260,,"IFA Las Vegas-Henderson-North Las Vegas, NV",0.0,no cell in the extract: territory at zero opportunity
ifa_west_merge,82845,ifa,WY,IFA,IFA_02,IFA,,56033,43260,,"IFA Las Vegas-Henderson-North Las Vegas, NV",0.0,no cell in the extract: territory at zero opportunity
ifa_west_merge,82901,ifa,WY,IFA,IFA_02,IFA,,56037,40540,5667235,"IFA Las Vegas-Henderson-North Las Vegas, NV",2.24567,
ifa_west_merge,82922,ifa,WY,IFA,IFA_02,IFA,,56035,,5608365,"IFA Las Vegas-Henderson-North Las Vegas, NV",0.0,no cell in the extract: territory at zero opportunity
ifa_west_merge,82923,ifa,WY,IFA,IFA_02,IFA,,56035,,5609235,"IFA Las Vegas-Henderson-North Las Vegas, NV",0.0,no cell in the extract: territory at zero opportunity
ifa_west_merge,82925,ifa,WY,IFA,IFA_02,IFA,,56035,,5617210,"IFA Las Vegas-Henderson-North Las Vegas, NV",0.0,no cell in the extract: territory at zero opportunity
ifa_west_merge,82929,ifa,WY,IFA,IFA_02,IFA,,56037,40540,5646935,"IFA Las Vegas-Henderson-North Las Vegas, NV",0.0,no cell in the extract: territory at zero opportunity
ifa_west_merge,82930,ifa,UT,IFA,IFA_02,IFA,,49043,25720,5625620,"IFA Las Vegas-Henderson-North Las Vegas, NV",0.29034,
ifa_west_merge,82932,ifa,WY,IFA,IFA_02,IFA,,56037,40540,5626055,"IFA Las Vegas-Henderson-North Las Vegas, NV",0.0,no cell in the extract: territory at zero opportunity
ifa_west_merge,82933,ifa,WY,IFA,IFA_02,IFA,,56041,21740,5627940,"IFA Las Vegas-Henderson-North Las Vegas, NV",0.0,no cell in the extract: territory at zero opportunity
ifa_west_merge,82934,ifa,WY,IFA,IFA_02,IFA,,56037,40540,5632870,"IFA Las Vegas-Henderson-North Las Vegas, NV",0.0,no cell in the extract: territory at zero opportunity
ifa_west_merge,82935,ifa,WY,IFA,IFA_02,IFA,,56037,40540,5633740,"IFA Las Vegas-Henderson-North Las Vegas, NV",0.0,no cell in the extract: territory at zero opportunity
ifa_west_merge,82936,ifa,WY,IFA,IFA_02,IFA,,56041,21740,5647370,"IFA Las Vegas-Henderson-North Las Vegas, NV",0.0,no cell in the extract: territory at zero opportunity
ifa_west_merge,82937,ifa,WY,IFA,IFA_02,IFA,,56041,21740,5679270,"IFA Las Vegas-Henderson-North Las Vegas, NV",0.0,no cell in the extract: territory at zero opportunity
ifa_west_merge,82938,ifa,WY,IFA,IFA_02,IFA,,56037,40540,5649400,"IFA Las Vegas-Henderson-North Las Vegas, NV",0.0,no cell in the extract: territory at zero opportunity
ifa_west_merge,82939,ifa,WY,IFA,IFA_02,IFA,,56041,21740,5613005,"IFA Las Vegas-Henderson-North Las Vegas, NV",0.0,no cell in the extract: territory at zero opportunity
ifa_west_merge,82941,ifa,WY,IFA,IFA_02,IFA,,56035,,5661580,"IFA Las Vegas-Henderson-North Las Vegas, NV",0.0,no cell in the extract: territory at zero opportunity
ifa_west_merge,82942,ifa,WY,IFA,IFA_02,IFA,,56037,40540,5662160,"IFA Las Vegas-Henderson-North Las Vegas, NV",0.0,no cell in the extract: territory at zero opportunity
ifa_west_merge,82943,ifa,WY,IFA,IFA_02,IFA,,56037,40540,5665060,"IFA Las Vegas-Henderson-North Las Vegas, NV",0.0,no cell in the extract: territory at zero opportunity
ifa_west_merge,82944,ifa,WY,IFA,IFA_02,IFA,,56041,21740,5666655,"IFA Las Vegas-Henderson-North Las Vegas, NV",0.0,no cell in the extract: territory at zero opportunity
ifa_west_merge,82945,ifa,WY,IFA,IFA_02,IFA,,56037,40540,5674775,"IFA Las Vegas-Henderson-North Las Vegas, NV",0.0,no cell in the extract: territory at zero opportunity
ifa_west_merge,83001,ifa,WY,IFA,IFA_02,IFA,,56039,27220,5637945,"IFA Las Vegas-Henderson-North Las Vegas, NV",0.510058,
ifa_west_merge,83011,ifa,WY,IFA,IFA_02,IFA,,56039,27220,5641860,"IFA Las Vegas-Henderson-North Las Vegas, NV",0.0,no cell in the extract: territory at zero opportunity
ifa_west_merge,83012,ifa,WY,IFA,IFA_02,IFA,,56039,27220,,"IFA Las Vegas-Henderson-North Las Vegas, NV",0.0,no cell in the extract: territory at zero opportunity
ifa_west_merge,83013,ifa,WY,IFA,IFA_02,IFA,,56039,27220,,"IFA Las Vegas-Henderson-North Las Vegas, NV",0.0,no cell in the extract: territory at zero opportunity
ifa_west_merge,83014,ifa,WY,IFA,IFA_02,IFA,,56039,27220,5683765,"IFA Las Vegas-Henderson-North Las Vegas, NV",0.0,no cell in the extract: territory at zero opportunity
ifa_west_merge,83025,ifa,WY,IFA,IFA_02,IFA,,56039,27220,5675935,"IFA Las Vegas-Henderson-North Las Vegas, NV",0.0,no cell in the extract: territory at zero opportunity
ifa_west_merge,83101,ifa,WY,IFA,IFA_02,IFA,,56023,,5642005,"IFA Las Vegas-Henderson-North Las Vegas, NV",0.0,no cell in the extract: territory at zero opportunity
ifa_west_merge,83110,ifa,WY,IFA,IFA_02,IFA,,56023,,5600245,"IFA Las Vegas-Henderson-North Las Vegas, NV",0.911161,
ifa_west_merge,83111,ifa,WY,IFA,IFA_02,IFA,,56023,,5604160,"IFA Las Vegas-Henderson-North Las Vegas, NV",0.0,no cell in the extract: territory at zero opportunity
ifa_west_merge,83112,ifa,WY,IFA,IFA_02,IFA,,56023,,5678400,"IFA Las Vegas-Henderson-North Las Vegas, NV",0.0,no cell in the extract: territory at zero opportunity
ifa_west_merge,83113,ifa,WY,IFA,IFA_02,IFA,,56035,,5650415,"IFA Las Vegas-Henderson-North Las Vegas, NV",0.0,no cell in the extract: territory at zero opportunity
ifa_west_merge,83114,ifa,WY,IFA,IFA_02,IFA,,56023,,5675572,"IFA Las Vegas-Henderson-North Las Vegas, NV",0.0,no cell in the extract: territory at zero opportunity
ifa_west_merge,83115,ifa,WY,IFA,IFA_02,IFA,,56035,,5618950,"IFA Las Vegas-Henderson-North Las Vegas, NV",0.0,no cell in the extract: territory at zero opportunity
ifa_west_merge,83116,ifa,WY,IFA,IFA_02,IFA,,56023,,5642005,"IFA Las Vegas-Henderson-North Las Vegas, NV",0.0,no cell in the extract: territory at zero opportunity
ifa_west_merge,83118,ifa,WY,IFA,IFA_02,IFA,,56023,,5656520,"IFA Las Vegas-Henderson-North Las Vegas, NV",0.0,no cell in the extract: territory at zero opportunity
ifa_west_merge,83119,ifa,WY,IFA,IFA_02,IFA,,56023,,5625910,"IFA Las Vegas-Henderson-North Las Vegas, NV",0.0,no cell in the extract: territory at zero opportunity
ifa_west_merge,83120,ifa,ID,IFA,IFA_02,IFA,,16019,26820,5630115,"IFA Las Vegas-Henderson-North Las Vegas, NV",0.0,no cell in the extract: territory at zero opportunity
ifa_west_merge,83121,ifa,WY,IFA,IFA_02,IFA,,56023,,5642005,"IFA Las Vegas-Henderson-North Las Vegas, NV",0.0,no cell in the extract: territory at zero opportunity
ifa_west_merge,83122,ifa,WY,IFA,IFA_02,IFA,,56023,,5634030,"IFA Las Vegas-Henderson-North Las Vegas, NV",0.0,no cell in the extract: territory at zero opportunity
ifa_west_merge,83123,ifa,WY,IFA,IFA_02,IFA,,56023,,5643455,"IFA Las Vegas-Henderson-North Las Vegas, NV",0.0,no cell in the extract: territory at zero opportunity
ifa_west_merge,83124,ifa,WY,IFA,IFA_02,IFA,,56023,,5657810,"IFA Las Vegas-Henderson-North Las Vegas, NV",0.0,no cell in the extract: territory at zero opportunity
ifa_west_merge,83126,ifa,WY,IFA,IFA_02,IFA,,56023,,5671440,"IFA Las Vegas-Henderson-North Las Vegas, NV",0.0,no cell in the extract: territory at zero opportunity
ifa_west_merge,83127,ifa,WY,IFA,IFA_02,IFA,,56023,,5673180,"IFA Las Vegas-Henderson-North Las Vegas, NV",0.0,no cell in the extract: territory at zero opportunity
ifa_west_merge,83128,ifa,WY,IFA,IFA_02,IFA,,56023,,5601888,"IFA Las Vegas-Henderson-North Las Vegas, NV",0.0,no cell in the extract: territory at zero opportunity
ifa_west_merge,83201,ifa,ID,IFA,IFA_02,IFA,,16005,38540,1664090,"IFA Las Vegas-Henderson-North Las Vegas, NV",5.20519,
ifa_west_merge,83202,ifa,ID,IFA,IFA_02,IFA,,16005,38540,1628360,"IFA Las Vegas-Henderson-North Las Vegas, NV",0.0427157,
ifa_west_merge,83203,ifa,ID,IFA,IFA_02,IFA,,16011,13940,1628360,"IFA Las Vegas-Henderson-North Las Vegas, NV",0.0,no cell in the extract: territory at zero opportunity
ifa_west_merge,83204,ifa,ID,IFA,IFA_02,IFA,,16077,,1602935,"IFA Las Vegas-Henderson-North Las Vegas, NV",1.68304,
ifa_west_merge,83209,ifa,ID,IFA,IFA_02,IFA,,16005,38540,1664090,"IFA Las Vegas-Henderson-North Las Vegas, NV",0.0,no cell in the extract: territory at zero opportunity
ifa_west_merge,83210,ifa,ID,IFA,IFA_02,IFA,,16011,13940,1600100,"IFA Las Vegas-Henderson-North Las Vegas, NV",0.0,no cell in the extract: territory at zero opportunity
ifa_west_merge,83211,ifa,ID,IFA,IFA_02,IFA,,16077,,1601900,"IFA Las Vegas-Henderson-North Las Vegas, NV",0.0,no cell in the extract: territory at zero opportunity
ifa_west_merge,83212,ifa,ID,IFA,IFA_02,IFA,,16077,,,"IFA Las Vegas-Henderson-North Las Vegas, NV",0.0,no cell in the extract: territory at zero opportunity
ifa_west_merge,83213,ifa,ID,IFA,IFA_02,IFA,,16023,26820,1603160,"IFA Las Vegas-Henderson-North Las Vegas, NV",0.0,no cell in the extract: territory at zero opportunity
ifa_west_merge,83214,ifa,ID,IFA,IFA_02,IFA,,16005,38540,1603340,"IFA Las Vegas-Henderson-North Las Vegas, NV",0.0,no cell in the extract: territory at zero opportunity
ifa_west_merge,83215,ifa,ID,IFA,IFA_02,IFA,,16011,13940,,"IFA Las Vegas-Henderson-North Las Vegas, NV",0.0,no cell in the extract: territory at zero opportunity
ifa_west_merge,83217,ifa,ID,IFA,IFA_02,IFA,,16029,,1604420,"IFA Las Vegas-Henderson-North Las Vegas, NV",0.0,no cell in the extract: territory at zero opportunity
ifa_west_merge,83218,ifa,ID,IFA,IFA_02,IFA,,16011,13940,1605230,"IFA Las Vegas-Henderson-North Las Vegas, NV",0.0,no cell in the extract: territory at zero opportunity
ifa_west_merge,83220,ifa,ID,IFA,IFA_02,IFA,,16007,,,"IFA Las Vegas-Henderson-North Las Vegas, NV",0.0,no cell in the extract: territory at zero opportunity
ifa_west_merge,83221,ifa,ID,IFA,IFA_02,IFA,,16011,13940,1628360,"IFA Las Vegas-Henderson-North Las Vegas, NV",2.87055,
ifa_west_merge,83223,ifa,ID,IFA,IFA_02,IFA,,16007,,1608560,"IFA Las Vegas-Henderson-North Las Vegas, NV",0.0,no cell in the extract: territory at zero opportunity
ifa_west_merge,83226,ifa,ID,IFA,IFA_02,IFA,,16037,,1613780,"IFA Las Vegas-Henderson-North Las Vegas, NV",0.0,no cell in the extract: territory at zero opportunity
ifa_west_merge,83227,ifa,ID,IFA,IFA_02,IFA,,16037,,1615490,"IFA Las Vegas-Henderson-North Las Vegas, NV",0.0,no cell in the extract: territory at zero opportunity
ifa_west_merge,83228,ifa,ID,IFA,IFA_02,IFA,,16041,30860,1616120,"IFA Las Vegas-Henderson-North Las Vegas, NV",0.0,no cell in the extract: territory at zero opportunity
ifa_west_merge,83232,ifa,ID,IFA,IFA_02,IFA,,16041,30860,1620710,"IFA Las Vegas-Henderson-North Las Vegas, NV",0.0,no cell in the extract: territory at zero opportunity
ifa_west_merge,83233,ifa,ID,IFA,IFA_02,IFA,,16007,,,"IFA Las Vegas-Henderson-North Las Vegas, NV",0.0,no cell in the extract: territory at zero opportunity
ifa_west_merge,83234,ifa,ID,IFA,IFA_02,IFA,,16005,38540,1622600,"IFA Las Vegas-Henderson-North Las Vegas, NV",0.0,no cell in the extract: territory at zero opportunity
ifa_west_merge,83235,ifa,ID,IFA,IFA_02,IFA,,16037,,,"IFA Las Vegas-Henderson-North Las Vegas, NV",0.0,no cell in the extract: territory at zero opportunity
ifa_west_merge,83236,ifa,ID,IFA,IFA_02,IFA,,16011,13940,1627910,"IFA Las Vegas-Henderson-North Las Vegas, NV",0.0,no cell in the extract: territory at zero opportunity
ifa_west_merge,83237,ifa,ID,IFA,IFA_02,IFA,,16041,30860,1628810,"IFA Las Vegas-Henderson-North Las Vegas, NV",0.0,no cell in the extract: territory at zero opportunity
ifa_west_merge,83238,ifa,ID,IFA,IFA_02,IFA,,16007,,,"IFA Las Vegas-Henderson-North Las Vegas, NV",0.0,no cell in the extract: territory at zero opportunity
ifa_west_merge,83239,ifa,ID,IFA,IFA_02,IFA,,16007,,1630340,"IFA Las Vegas-Henderson-North Las Vegas, NV",0.0,no cell in the extract: territory at zero opportunity
ifa_west_merge,83241,ifa,ID,IFA,IFA_02,IFA,,16029,,1632500,"IFA Las Vegas-Henderson-North Las Vegas, NV",0.0,no cell in the extract: territory at zero opportunity
ifa_west_merge,83243,ifa,ID,IFA,IFA_02,IFA,,16071,14940,,"IFA Las Vegas-Henderson-North Las Vegas, NV",0.0,no cell in the extract: territory at zero opportunity
ifa_west_merge,83244,ifa,ID,IFA,IFA_02,IFA,,16023,26820,,"IFA Las Vegas-Henderson-North Las Vegas, NV",0.0,no cell in the extract: territory at zero opportunity
ifa_west_merge,83245,ifa,ID,IFA,IFA_02,IFA,,16005,38540,1640330,"IFA Las Vegas-Henderson-North Las Vegas, NV",0.0,no cell in the extract: territory at zero opportunity
ifa_west_merge,83246,ifa,ID,IFA,IFA_02,IFA,,16005,38540,1645820,"IFA Las Vegas-Henderson-North Las Vegas, NV",0.0,no cell in the extract: territory at zero opportunity
ifa_west_merge,83250,ifa,ID,IFA,IFA_02,IFA,,16005,38540,1648880,"IFA Las Vegas-Henderson-North Las Vegas, NV",0.0,no cell in the extract: territory at zero opportunity
ifa_west_merge,83251,ifa,ID,IFA,IFA_02,IFA,,16037,,1647890,"IFA Las Vegas-Henderson-North Las Vegas, NV",0.0,no cell in the extract: territory at zero opportunity
ifa_west_merge,83252,ifa,ID,IFA,IFA_02,IFA,,16071,14940,1650140,"IFA Las Vegas-Henderson-North Las Vegas, NV",0.0,no cell in the extract: territory at zero opportunity
ifa_west_merge,83253,ifa,ID,IFA,IFA_02,IFA,,16059,,,"IFA Las Vegas-Henderson-North Las Vegas, NV",0.0,no cell in the extract: territory at zero opportunity
ifa_west_merge,83254,ifa,ID,IFA,IFA_02,IFA,,16007,,1606670,"IFA Las Vegas-Henderson-North Las Vegas, NV",0.0,no cell in the extract: territory at zero opportunity
ifa_west_merge,83255,ifa,ID,IFA,IFA_02,IFA,,16023,26820,1647890,"IFA Las Vegas-Henderson-North Las Vegas, NV",0.0,no cell in the extract: territory at zero opportunity
ifa_west_merge,83261,ifa,ID,IFA,IFA_02,IFA,,16007,,1660580,"IFA Las Vegas-Henderson-North Las Vegas, NV",0.0,no cell in the extract: territory at zero opportunity
ifa_west_merge,83262,ifa,ID,IFA,IFA_02,IFA,,16011,13940,,"IFA Las Vegas-Henderson-North Las Vegas, NV",0.0,no cell in the extract: territory at zero opportunity
ifa_west_merge,83263,ifa,ID,IFA,IFA_02,IFA,,16041,30860,1665260,"IFA Las Vegas-Henderson-North Las Vegas, NV",0.294983,
ifa_west_merge,83271,ifa,ID,IFA,IFA_02,IFA,,16077,,1669130,"IFA Las Vegas-Henderson-North Las Vegas, NV",0.0,no cell in the extract: territory at zero opportunity
ifa_west_merge,83272,ifa,ID,IFA,IFA_02,IFA,,16007,,1671110,"IFA Las Vegas-Henderson-North Las Vegas, NV",0.0,no cell in the extract: territory at zero opportunity
ifa_west_merge,83274,ifa,ID,IFA,IFA_02,IFA,,16011,13940,1673450,"IFA Las Vegas-Henderson-North Las Vegas, NV",0.0221315,
ifa_west_merge,83276,ifa,ID,IFA,IFA_02,IFA,,16029,,1675195,"IFA Las Vegas-Henderson-North Las Vegas, NV",0.0,no cell in the extract: territory at zero opportunity
ifa_west_merge,83277,ifa,ID,IFA,IFA_02,IFA,,16011,13940,,"IFA Las Vegas-Henderson-North Las Vegas, NV",0.0,no cell in the extract: territory at zero opportunity
ifa_west_merge,83278,ifa,ID,IFA,IFA_02,IFA,,16037,,1676780,"IFA Las Vegas-Henderson-North Las Vegas, NV",0.0,no cell in the extract: territory at zero opportunity
ifa_west_merge,83281,ifa,ID,IFA,IFA_02,IFA,,16005,38540,,"IFA Las Vegas-Henderson-North Las Vegas, NV",0.0,no cell in the extract: territory at zero opportunity
ifa_west_merge,83283,ifa,ID,IFA,IFA_02,IFA,,16041,30860,,"IFA Las Vegas-Henderson-North Las Vegas, NV",0.0,no cell in the extract: territory at zero opportunity
ifa_west_merge,83285,ifa,ID,IFA,IFA_02,IFA,,16019,26820,,"IFA Las Vegas-Henderson-North Las Vegas, NV",0.0,no cell in the extract: territory at zero opportunity
ifa_west_merge,83286,ifa,ID,IFA,IFA_02,IFA,,16041,30860,1620710,"IFA Las Vegas-Henderson-North Las Vegas, NV",0.0,no cell in the extract: territory at zero opportunity
ifa_west_merge,83287,ifa,ID,IFA,IFA_02,IFA,,16007,,,"IFA Las Vegas-Henderson-North Las Vegas, NV",0.0,no cell in the extract: territory at zero opportunity
ifa_west_merge,83301,ifa,ID,IFA,IFA_02,IFA,,16083,46300,1682810,"IFA Las Vegas-Henderson-North Las Vegas, NV",2.11424,
ifa_west_merge,83302,ifa,ID,IFA,IFA_02,IFA,,16083,46300,,"IFA Las Vegas-Henderson-North Las Vegas, NV",0.0,no cell in the extract: territory at zero opportunity
ifa_west_merge,83311,ifa,ID,IFA,IFA_02,IFA,,16031,15420,1601000,"IFA Las Vegas-Henderson-North Las Vegas, NV",0.0,no cell in the extract: territory at zero opportunity
ifa_west_merge,83312,ifa,ID,IFA,IFA_02,IFA,,16031,15420,,"IFA Las Vegas-Henderson-North Las Vegas, NV",0.0,no cell in the extract: territory at zero opportunity
ifa_west_merge,83313,ifa,ID,IFA,IFA_02,IFA,,16013,25200,1629440,"IFA Las Vegas-Henderson-North Las Vegas, NV",0.477272,
ifa_west_merge,83314,ifa,ID,IFA,IFA_02,IFA,,16047,,1608470,"IFA Las Vegas-Henderson-North Las Vegas, NV",0.0,no cell in the extract: territory at zero opportunity
ifa_west_merge,83316,ifa,ID,IFA,IFA_02,IFA,,16083,46300,1610810,"IFA Las Vegas-Henderson-North Las Vegas, NV",0.0,no cell in the extract: territory at zero opportunity
ifa_west_merge,83318,ifa,ID,IFA,IFA_02,IFA,,16031,15420,1611260,"IFA Las Vegas-Henderson-North Las Vegas, NV",0.170013,
ifa_west_merge,83320,ifa,ID,IFA,IFA_02,IFA,,16013,25200,1612790,"IFA Las Vegas-Henderson-North Las Vegas, NV",0.0,no cell in the extract: territory at zero opportunity
ifa_west_merge,83321,ifa,ID,IFA,IFA_02,IFA,,16083,46300,1613240,"IFA Las Vegas-Henderson-North Las Vegas, NV",0.0,no cell in the extract: territory at zero opportunity
ifa_west_merge,83322,ifa,ID,IFA,IFA_02,IFA,,16025,25200,,"IFA Las Vegas-Henderson-North Las Vegas, NV",0.0,no cell in the extract: territory at zero opportunity
ifa_west_merge,83323,ifa,ID,IFA,IFA_02,IFA,,16031,15420,1620980,"IFA Las Vegas-Henderson-North Las Vegas, NV",0.0,no cell in the extract: territory at zero opportunity
ifa_west_merge,83324,ifa,ID,IFA,IFA_02,IFA,,16063,25200,1621790,"IFA Las Vegas-Henderson-North Las Vegas, NV",0.0,no cell in the extract: territory at zero opportunity
ifa_west_merge,83325,ifa,ID,IFA,IFA_02,IFA,,16053,46300,1624310,"IFA Las Vegas-Henderson-North Las Vegas, NV",0.0,no cell in the extract: territory at zero opportunity
ifa_west_merge,83327,ifa,ID,IFA,IFA_02,IFA,,16025,25200,1626290,"IFA Las Vegas-Henderson-North Las Vegas, NV",0.0,no cell in the extract: territory at zero opportunity
ifa_west_merge,83328,ifa,ID,IFA,IFA_02,IFA,,16083,46300,1627730,"IFA Las Vegas-Henderson-North Las Vegas, NV",0.0,no cell in the extract: territory at zero opportunity
ifa_west_merge,83330,ifa,ID,IFA,IFA_02,IFA,,16047,,1632140,"IFA Las Vegas-Henderson-North Las Vegas, NV",0.0,no cell in the extract: territory at zero opportunity
ifa_west_merge,83332,ifa,ID,IFA,IFA_02,IFA,,16083,46300,1634300,"IFA Las Vegas-Henderson-North Las Vegas, NV",0.0,no cell in the extract: territory at zero opportunity
ifa_west_merge,83333,ifa,ID,IFA,IFA_02,IFA,,16013,25200,1634390,"IFA Las Vegas-Henderson-North Las Vegas, NV",0.0,no cell in the extract: territory at zero opportunity
ifa_west_merge,83334,ifa,ID,IFA,IFA_02,IFA,,16083,46300,1634930,"IFA Las Vegas-Henderson-North Las Vegas, NV",0.0,no cell in the extract: territory at zero opportunity
ifa_west_merge,83335,ifa,ID,IFA,IFA_02,IFA,,16053,46300,1636730,"IFA Las Vegas-Henderson-North Las Vegas, NV",0.0,no cell in the extract: territory at zero opportunity
ifa_west_merge,83336,ifa,ID,IFA,IFA_02,IFA,,16067,15420,1637360,"IFA Las Vegas-Henderson-North Las Vegas, NV",0.0,no cell in the extract: territory at zero opportunity
ifa_west_merge,83337,ifa,ID,IFA,IFA_02,IFA,,16039,34300,,"IFA Las Vegas-Henderson-North Las Vegas, NV",0.0,no cell in the extract: territory at zero opportunity
ifa_west_merge,83338,ifa,ID,IFA,IFA_02,IFA,,16053,46300,1641320,"IFA Las Vegas-Henderson-North Las Vegas, NV",0.0,no cell in the extract: territory at zero opportunity
ifa_west_merge,83340,ifa,ID,IFA,IFA_02,IFA,,16013,25200,1643030,"IFA Las Vegas-Henderson-North Las Vegas, NV",0.015909,
ifa_west_merge,83341,ifa,ID,IFA,IFA_02,IFA,,16083,46300,1643570,"IFA Las Vegas-Henderson-North Las Vegas, NV",0.0,no cell in the extract: territory at zero opportunity
ifa_west_merge,83342,ifa,ID,IFA,IFA_02,IFA,,16031,15420,1650230,"IFA Las Vegas-Henderson-North Las Vegas, NV",0.0,no cell in the extract: territory at zero opportunity
ifa_west_merge,83344,ifa,ID,IFA,IFA_02,IFA,,16031,15420,1655900,"IFA Las Vegas-Henderson-North Las Vegas, NV",0.0,no cell in the extract: territory at zero opportunity
ifa_west_merge,83346,ifa,ID,IFA,IFA_02,IFA,,16031,15420,1658330,"IFA Las Vegas-Henderson-North Las Vegas, NV",0.0,no cell in the extract: territory at zero opportunity
ifa_west_merge,83347,ifa,ID,IFA,IFA_02,IFA,,16067,15420,1661210,"IFA Las Vegas-Henderson-North Las Vegas, NV",0.0,no cell in the extract: territory at zero opportunity
ifa_west_merge,83348,ifa,ID,IFA,IFA_02,IFA,,16013,25200,,"IFA Las Vegas-Henderson-North Las Vegas, NV",0.0,no cell in the extract: territory at zero opportunity
ifa_west_merge,83349,ifa,ID,IFA,IFA_02,IFA,,16063,25200,1667600,"IFA Las Vegas-Henderson-North Las Vegas, NV",0.0,no cell in the extract: territory at zero opportunity
ifa_west_merge,83350,ifa,ID,IFA,IFA_02,IFA,,16067,15420,1670660,"IFA Las Vegas-Henderson-North Las Vegas, NV",0.288035,
ifa_west_merge,83352,ifa,ID,IFA,IFA_02,IFA,,16063,25200,1673900,"IFA Las Vegas-Henderson-North Las Vegas, NV",0.0,no cell in the extract: territory at zero opportunity
ifa_west_merge,83353,ifa,ID,IFA,IFA_02,IFA,,16013,25200,1678850,"IFA Las Vegas-Henderson-North Las Vegas, NV",0.0,no cell in the extract: territory at zero opportunity
ifa_west_merge,83354,ifa,ID,IFA,IFA_02,IFA,,16013,25200,1678850,"IFA Las Vegas-Henderson-North Las Vegas, NV",0.0,no cell in the extract: territory at zero opportunity
ifa_west_merge,83355,ifa,ID,IFA,IFA_02,IFA,,16047,,1686320,"IFA Las Vegas-Henderson-North Las Vegas, NV",0.0,no cell in the extract: territory at zero opportunity
ifa_west_merge,83401,ifa,ID,IFA,IFA_02,IFA,,16019,26820,1639700,"IFA Las Vegas-Henderson-North Las Vegas, NV",3.05635,
ifa_west_merge,83402,ifa,ID,IFA,IFA_02,IFA,,16019,26820,1639700,"IFA Las Vegas-Henderson-North Las Vegas, NV",3.1123,
ifa_west_merge,83404,ifa,ID,IFA,IFA_02,IFA,,16019,26820,1639700,"IFA Las Vegas-Henderson-North Las Vegas, NV",0.543714,
ifa_west_merge,83406,ifa,ID,IFA,IFA_02,IFA,,16019,26820,1601990,"IFA Las Vegas-Henderson-North Las Vegas, NV",0.0,no cell in the extract: territory at zero opportunity
ifa_west_merge,83414,ifa,WY,IFA,IFA_02,IFA,,56039,27220,5601985,"IFA Las Vegas-Henderson-North Las Vegas, NV",0.0,no cell in the extract: territory at zero opportunity
ifa_west_merge,83420,ifa,ID,IFA,IFA_02,IFA,,16043,39940,1685420,"IFA Las Vegas-Henderson-North Las Vegas, NV",0.0,no cell in the extract: territory at zero opportunity
ifa_west_merge,83421,ifa,ID,IFA,IFA_02,IFA,,16043,39940,,"IFA Las Vegas-Henderson-North Las Vegas, NV",0.0,no cell in the extract: territory at zero opportunity
ifa_west_merge,83422,ifa,ID,IFA,IFA_02,IFA,,16081,27220,1622690,"IFA Las Vegas-Henderson-North Las Vegas, NV",0.397725,
ifa_west_merge,83423,ifa,ID,IFA,IFA_02,IFA,,16033,,1622960,"IFA Las Vegas-Henderson-North Las Vegas, NV",0.0,no cell in the extract: territory at zero opportunity
ifa_west_merge,83424,ifa,ID,IFA,IFA_02,IFA,,16081,27220,,"IFA Las Vegas-Henderson-North Las Vegas, NV",0.0,no cell in the extract: territory at zero opportunity
ifa_west_merge,83425,ifa,ID,IFA,IFA_02,IFA,,16051,26820,1634570,"IFA Las Vegas-Henderson-North Las Vegas, NV",0.0,no cell in the extract: territory at zero opportunity
ifa_west_merge,83427,ifa,ID,IFA,IFA_02,IFA,,16019,26820,1640420,"IFA Las Vegas-Henderson-North Las Vegas, NV",0.0,no cell in the extract: territory at zero opportunity
ifa_west_merge,83428,ifa,ID,IFA,IFA_02,IFA,,16019,26820,1640510,"IFA Las Vegas-Henderson-North Las Vegas, NV",0.0,no cell in the extract: territory at zero opportunity
ifa_west_merge,83429,ifa,ID,IFA,IFA_02,IFA,,16043,39940,1640600,"IFA Las Vegas-Henderson-North Las Vegas, NV",0.0,no cell in the extract: territory at zero opportunity
ifa_west_merge,83431,ifa,ID,IFA,IFA_02,IFA,,16051,26820,1646720,"IFA Las Vegas-Henderson-North Las Vegas, NV",0.0,no cell in the extract: territory at zero opportunity
ifa_west_merge,83433,ifa,ID,IFA,IFA_02,IFA,,16043,39940,1640600,"IFA Las Vegas-Henderson-North Las Vegas, NV",0.0,no cell in the extract: territory at zero opportunity
ifa_west_merge,83434,ifa,ID,IFA,IFA_02,IFA,,16051,26820,1652030,"IFA Las Vegas-Henderson-North Las Vegas, NV",0.0,no cell in the extract: territory at zero opportunity
ifa_west_merge,83435,ifa,ID,IFA,IFA_02,IFA,,16051,26820,,"IFA Las Vegas-Henderson-North Las Vegas, NV",0.0,no cell in the extract: territory at zero opportunity
ifa_west_merge,83436,ifa,ID,IFA,IFA_02,IFA,,16065,39940,1656800,"IFA Las Vegas-Henderson-North Las Vegas, NV",0.0,no cell in the extract: territory at zero opportunity
ifa_west_merge,83438,ifa,ID,IFA,IFA_02,IFA,,16043,39940,1660760,"IFA Las Vegas-Henderson-North Las Vegas, NV",0.0,no cell in the extract: territory at zero opportunity
ifa_west_merge,83440,ifa,ID,IFA,IFA_02,IFA,,16065,39940,1667420,"IFA Las Vegas-Henderson-North Las Vegas, NV",11.461,
ifa_west_merge,83442,ifa,ID,IFA,IFA_02,IFA,,16051,26820,1667780,"IFA Las Vegas-Henderson-North Las Vegas, NV",0.0,no cell in the extract: territory at zero opportunity
ifa_west_merge,83443,ifa,ID,IFA,IFA_02,IFA,,16019,26820,1679120,"IFA Las Vegas-Henderson-North Las Vegas, NV",0.0,no cell in the extract: territory at zero opportunity
ifa_west_merge,83444,ifa,ID,IFA,IFA_02,IFA,,16051,26820,1668500,"IFA Las Vegas-Henderson-North Las Vegas, NV",0.0,no cell in the extract: territory at zero opportunity
ifa_west_merge,83445,ifa,ID,IFA,IFA_02,IFA,,16043,39940,1671020,"IFA Las Vegas-Henderson-North Las Vegas, NV",0.0,no cell in the extract: territory at zero opportunity
ifa_west_merge,83446,ifa,ID,IFA,IFA_02,IFA,,16033,,1675970,"IFA Las Vegas-Henderson-North Las Vegas, NV",0.0,no cell in the extract: territory at zero opportunity
ifa_west_merge,83448,ifa,ID,IFA,IFA_02,IFA,,16065,39940,1678040,"IFA Las Vegas-Henderson-North Las Vegas, NV",0.0,no cell in the extract: territory at zero opportunity
ifa_west_merge,83449,ifa,ID,IFA,IFA_02,IFA,,16019,26820,1679120,"IFA Las Vegas-Henderson-North Las Vegas, NV",0.0,no cell in the extract: territory at zero opportunity
ifa_west_merge,83450,ifa,ID,IFA,IFA_02,IFA,,16051,26820,1655450,"IFA Las Vegas-Henderson-North Las Vegas, NV",0.0,no cell in the extract: territory at zero opportunity
ifa_west_merge,83451,ifa,ID,IFA,IFA_02,IFA,,16065,39940,1680380,"IFA Las Vegas-Henderson-North Las Vegas, NV",0.0,no cell in the extract: territory at zero opportunity
ifa_west_merge,83452,ifa,ID,IFA,IFA_02,IFA,,16081,27220,1680470,"IFA Las Vegas-Henderson-North Las Vegas, NV",0.0,no cell in the extract: territory at zero opportunity
ifa_west_merge,83454,ifa,ID,IFA,IFA_02,IFA,,16019,26820,1683350,"IFA Las Vegas-Henderson-North Las Vegas, NV",0.0,no cell in the extract: territory at zero opportunity
ifa_west_merge,83455,ifa,ID,IFA,IFA_02,IFA,,16081,27220,1684250,"IFA Las Vegas-Henderson-North Las Vegas, NV",0.0,no cell in the extract: territory at zero opportunity
ifa_west_merge,83460,ifa,ID,IFA,IFA_02,IFA,,16065,39940,1667420,"IFA Las Vegas-Henderson-North Las Vegas, NV",0.0,no cell in the extract: territory at zero opportunity
ifa_west_merge,83462,ifa,ID,IFA,IFA_02,IFA,,16059,,,"IFA Las Vegas-Henderson-North Las Vegas, NV",0.0,no cell in the extract: territory at zero opportunity
ifa_west_merge,83463,ifa,ID,IFA,IFA_02,IFA,,16059,,,"IFA Las Vegas-Henderson-North Las Vegas, NV",0.0,no cell in the extract: territory at zero opportunity
ifa_west_merge,83464,ifa,ID,IFA,IFA_02,IFA,,16059,,1645910,"IFA Las Vegas-Henderson-North Las Vegas, NV",0.0,no cell in the extract: territory at zero opportunity
ifa_west_merge,83465,ifa,ID,IFA,IFA_02,IFA,,16059,,,"IFA Las Vegas-Henderson-North Las Vegas, NV",0.0,no cell in the extract: territory at zero opportunity
ifa_west_merge,83466,ifa,ID,IFA,IFA_02,IFA,,16059,,,"IFA Las Vegas-Henderson-North Las Vegas, NV",0.0,no cell in the extract: territory at zero opportunity
ifa_west_merge,83467,ifa,ID,IFA,IFA_02,IFA,,16059,,1671650,"IFA Las Vegas-Henderson-North Las Vegas, NV",0.0,no cell in the extract: territory at zero opportunity
ifa_west_merge,83468,ifa,ID,IFA,IFA_02,IFA,,16059,,,"IFA Las Vegas-Henderson-North Las Vegas, NV",0.0,no cell in the extract: territory at zero opportunity
ifa_west_merge,83469,ifa,ID,IFA,IFA_02,IFA,,16059,,,"IFA Las Vegas-Henderson-North Las Vegas, NV",0.0,no cell in the extract: territory at zero opportunity
ifa_west_merge,83501,ifa,ID,IFA,IFA_02,IFA,,16069,30300,1646540,"IFA Las Vegas-Henderson-North Las Vegas, NV",0.0,no cell in the extract: territory at zero opportunity
ifa_west_merge,83520,ifa,ID,IFA,IFA_02,IFA,,16035,,,"IFA Las Vegas-Henderson-North Las Vegas, NV",0.0,no cell in the extract: territory at zero opportunity
ifa_west_merge,83522,ifa,ID,IFA,IFA_02,IFA,,16049,,1618640,"IFA Las Vegas-Henderson-North Las Vegas, NV",0.0,no cell in the extract: territory at zero opportunity
ifa_west_merge,83523,ifa,ID,IFA,IFA_02,IFA,,16061,,1619270,"IFA Las Vegas-Henderson-North Las Vegas, NV",0.0,no cell in the extract: territory at zero opportunity
ifa_west_merge,83524,ifa,ID,IFA,IFA_02,IFA,,16069,30300,1619900,"IFA Las Vegas-Henderson-North Las Vegas, NV",0.0,no cell in the extract: territory at zero opportunity
ifa_west_merge,83525,ifa,ID,IFA,IFA_02,IFA,,16049,,1625030,"IFA Las Vegas-Henderson-North Las Vegas, NV",0.0,no cell in the extract: territory at zero opportunity
ifa_west_merge,83526,ifa,ID,IFA,IFA_02,IFA,,16049,,1627460,"IFA Las Vegas-Henderson-North Las Vegas, NV",0.0,no cell in the extract: territory at zero opportunity
ifa_west_merge,83530,ifa,ID,IFA,IFA_02,IFA,,16049,,1632950,"IFA Las Vegas-Henderson-North Las Vegas, NV",0.0,no cell in the extract: territory at zero opportunity
ifa_west_merge,83533,ifa,ID,IFA,IFA_02,IFA,,16049,,,"IFA Las Vegas-Henderson-North Las Vegas, NV",0.0,no cell in the extract: territory at zero opportunity
ifa_west_merge,83535,ifa,ID,IFA,IFA_02,IFA,,16069,30300,1642130,"IFA Las Vegas-Henderson-North Las Vegas, NV",0.0,no cell in the extract: territory at zero opportunity
ifa_west_merge,83536,ifa,ID,IFA,IFA_02,IFA,,16049,,1642400,"IFA Las Vegas-Henderson-North Las Vegas, NV",0.0,no cell in the extract: territory at zero opportunity
ifa_west_merge,83537,ifa,ID,IFA,IFA_02,IFA,,16057,34140,1642760,"IFA Las Vegas-Henderson-North Las Vegas, NV",0.0,no cell in the extract: territory at zero opportunity
ifa_west_merge,83539,ifa,ID,IFA,IFA_02,IFA,,16049,,1644110,"IFA Las Vegas-Henderson-North Las Vegas, NV",0.0,no cell in the extract: territory at zero opportunity
ifa_west_merge,83540,ifa,ID,IFA,IFA_02,IFA,,16069,30300,1679300,"IFA Las Vegas-Henderson-North Las Vegas, NV",0.0,no cell in the extract: territory at zero opportunity
ifa_west_merge,83541,ifa,ID,IFA,IFA_02,IFA,,16069,30300,,"IFA Las Vegas-Henderson-North Las Vegas, NV",0.0,no cell in the extract: territory at zero opportunity
ifa_west_merge,83542,ifa,ID,IFA,IFA_02,IFA,,16049,,,"IFA Las Vegas-Henderson-North Las Vegas, NV",0.0,no cell in the extract: territory at zero opportunity
ifa_west_merge,83543,ifa,ID,IFA,IFA_02,IFA,,16061,,1657250,"IFA Las Vegas-Henderson-North Las Vegas, NV",0.0,no cell in the extract: territory at zero opportunity
ifa_west_merge,83544,ifa,ID,IFA,IFA_02,IFA,,16035,,1659320,"IFA Las Vegas-Henderson-North Las Vegas, NV",0.0,no cell in the extract: territory at zero opportunity
ifa_west_merge,83545,ifa,ID,IFA,IFA_02,IFA,,16069,30300,1661840,"IFA Las Vegas-Henderson-North Las Vegas, NV",0.0,no cell in the extract: territory at zero opportunity
ifa_west_merge,83546,ifa,ID,IFA,IFA_02,IFA,,16035,,1662740,"IFA Las Vegas-Henderson-North Las Vegas, NV",0.0,no cell in the extract: territory at zero opportunity
ifa_west_merge,83547,ifa,ID,IFA,IFA_02,IFA,,16049,,,"IFA Las Vegas-Henderson-North Las Vegas, NV",0.0,no cell in the extract: territory at zero opportunity
ifa_west_merge,83548,ifa,ID,IFA,IFA_02,IFA,,16069,30300,1667150,"IFA Las Vegas-Henderson-North Las Vegas, NV",0.0,no cell in the extract: territory at zero opportunity
ifa_west_merge,83549,ifa,ID,IFA,IFA_02,IFA,,16049,,1667870,"IFA Las Vegas-Henderson-North Las Vegas, NV",0.0,no cell in the extract: territory at zero opportunity
ifa_west_merge,83552,ifa,ID,IFA,IFA_02,IFA,,16049,,1677500,"IFA Las Vegas-Henderson-North Las Vegas, NV",0.0,no cell in the extract: territory at zero opportunity
ifa_west_merge,83553,ifa,ID,IFA,IFA_02,IFA,,16035,,1686050,"IFA Las Vegas-Henderson-North Las Vegas, NV",0.0,no cell in the extract: territory at zero opportunity
ifa_west_merge,83554,ifa,ID,IFA,IFA_02,IFA,,16049,,1687310,"IFA Las Vegas-Henderson-North Las Vegas, NV",0.0,no cell in the extract: territory at zero opportunity
ifa_west_merge,83555,ifa,ID,IFA,IFA_02,IFA,,16069,30300,1687850,"IFA Las Vegas-Henderson-North Las Vegas, NV",0.0,no cell in the extract: territory at zero opportunity
ifa_west_merge,83602,ifa,ID,IFA,IFA_02,IFA,,16015,14260,1604600,"IFA Las Vegas-Henderson-North Las Vegas, NV",0.0,no cell in the extract: territory at zero opportunity
ifa_west_merge,83604,ifa,ID,IFA,IFA_02,IFA,,16073,14260,1610450,"IFA Las Vegas-Henderson-North Las Vegas, NV",0.0,no cell in the extract: territory at zero opportunity
ifa_west_merge,83605,ifa,ID,IFA,IFA_02,IFA,,16027,14260,1612250,"IFA Las Vegas-Henderson-North Las Vegas, NV",0.0,no cell in the extract: territory at zero opportunity
ifa_west_merge,83607,ifa,ID,IFA,IFA_02,IFA,,16027,14260,1612250,"IFA Las Vegas-Henderson-North Las Vegas, NV",0.15909,
ifa_west_merge,83610,ifa,ID,IFA,IFA_02,IFA,,16087,,1612520,"IFA Las Vegas-Henderson-North Las Vegas, NV",0.0,no cell in the extract: territory at zero opportunity
ifa_west_merge,83611,ifa,ID,IFA,IFA_02,IFA,,16085,,1613150,"IFA Las Vegas-Henderson-North Las Vegas, NV",0.0,no cell in the extract: territory at zero opportunity
ifa_west_merge,83612,ifa,ID,IFA,IFA_02,IFA,,16003,,1618820,"IFA Las Vegas-Henderson-North Las Vegas, NV",0.0,no cell in the extract: territory at zero opportunity
ifa_west_merge,83615,ifa,ID,IFA,IFA_02,IFA,,16085,,1622330,"IFA Las Vegas-Henderson-North Las Vegas, NV",0.170691,
ifa_west_merge,83616,ifa,ID,IFA,IFA_02,IFA,,16001,14260,1623410,"IFA Las Vegas-Henderson-North Las Vegas, NV",18.6475,
ifa_west_merge,83617,ifa,ID,IFA,IFA_02,IFA,,16045,14260,1625570,"IFA Las Vegas-Henderson-North Las Vegas, NV",0.0,no cell in the extract: territory at zero opportunity
ifa_west_merge,83619,ifa,ID,IFA,IFA_02,IFA,,16075,36620,1628990,"IFA Las Vegas-Henderson-North Las Vegas, NV",0.0,no cell in the extract: territory at zero opportunity
ifa_west_merge,83622,ifa,ID,IFA,IFA_02,IFA,,16015,14260,1629710,"IFA Las Vegas-Henderson-North Las Vegas, NV",0.0,no cell in the extract: territory at zero opportunity
ifa_west_merge,83623,ifa,ID,IFA,IFA_02,IFA,,16039,34300,1631690,"IFA Las Vegas-Henderson-North Las Vegas, NV",0.0,no cell in the extract: territory at zero opportunity
ifa_west_merge,83624,ifa,ID,IFA,IFA_02,IFA,,16073,14260,1632770,"IFA Las Vegas-Henderson-North Las Vegas, NV",0.0,no cell in the extract: territory at zero opportunity
ifa_west_merge,83626,ifa,ID,IFA,IFA_02,IFA,,16027,14260,1633490,"IFA Las Vegas-Henderson-North Las Vegas, NV",0.0,no cell in the extract: territory at zero opportunity
ifa_west_merge,83627,ifa,ID,IFA,IFA_02,IFA,,16073,14260,1634750,"IFA Las Vegas-Henderson-North Las Vegas, NV",0.0,no cell in the extract: territory at zero opportunity
ifa_west_merge,83628,ifa,ID,IFA,IFA_02,IFA,,16073,14260,1638170,"IFA Las Vegas-Henderson-North Las Vegas, NV",0.0,no cell in the extract: territory at zero opportunity
ifa_west_merge,83629,ifa,ID,IFA,IFA_02,IFA,,16015,14260,1638620,"IFA Las Vegas-Henderson-North Las Vegas, NV",0.0,no cell in the extract: territory at zero opportunity
ifa_west_merge,83631,ifa,ID,IFA,IFA_02,IFA,,16015,14260,1639610,"IFA Las Vegas-Henderson-North Las Vegas, NV",0.0,no cell in the extract: territory at zero opportunity
ifa_west_merge,83632,ifa,ID,IFA,IFA_02,IFA,,16003,,,"IFA Las Vegas-Henderson-North Las Vegas, NV",0.0,no cell in the extract: territory at zero opportunity
ifa_west_merge,83633,ifa,ID,IFA,IFA_02,IFA,,16039,34300,,"IFA Las Vegas-Henderson-North Las Vegas, NV",0.0,no cell in the extract: territory at zero opportunity
ifa_west_merge,83634,ifa,ID,IFA,IFA_02,IFA,,16001,14260,1644290,"IFA Las Vegas-Henderson-North Las Vegas, NV",0.0,no cell in the extract: territory at zero opportunity
ifa_west_merge,83636,ifa,ID,IFA,IFA_02,IFA,,16045,14260,1646450,"IFA Las Vegas-Henderson-North Las Vegas, NV",0.0,no cell in the extract: territory at zero opportunity
ifa_west_merge,83637,ifa,ID,IFA,IFA_02,IFA,,16015,14260,1648250,"IFA Las Vegas-Henderson-North Las Vegas, NV",0.0,no cell in the extract: territory at zero opportunity
ifa_west_merge,83638,ifa,ID,IFA,IFA_02,IFA,,16085,,1648790,"IFA Las Vegas-Henderson-North Las Vegas, NV",0.0,no cell in the extract: territory at zero opportunity
ifa_west_merge,83639,ifa,ID,IFA,IFA_02,IFA,,16073,14260,1650950,"IFA Las Vegas-Henderson-North Las Vegas, NV",0.0,no cell in the extract: territory at zero opportunity
ifa_west_merge,83641,ifa,ID,IFA,IFA_02,IFA,,16073,14260,1651850,"IFA Las Vegas-Henderson-North Las Vegas, NV",0.0,no cell in the extract: territory at zero opportunity
ifa_west_merge,83642,ifa,ID,IFA,IFA_02,IFA,,16001,14260,1652120,"IFA Las Vegas-Henderson-North Las Vegas, NV",12.9284,
ifa_west_merge,83643,ifa,ID,IFA,IFA_02,IFA,,16003,,,"IFA Las Vegas-Henderson-North Las Vegas, NV",0.0,no cell in the extract: territory at zero opportunity
ifa_west_merge,83644,ifa,ID,IFA,IFA_02,IFA,,16027,14260,1652660,"IFA Las Vegas-Henderson-North Las Vegas, NV",0.0,no cell in the extract: territory at zero opportunity
ifa_west_merge,83645,ifa,ID,IFA,IFA_02,IFA,,16087,,1652750,"IFA Las Vegas-Henderson-North Las Vegas, NV",0.0,no cell in the extract: territory at zero opportunity
ifa_west_merge,83646,ifa,ID,IFA,IFA_02,IFA,,16001,14260,1652120,"IFA Las Vegas-Henderson-North Las Vegas, NV",6.05951,
ifa_west_merge,83647,ifa,ID,IFA,IFA_02,IFA,,16039,34300,1654730,"IFA Las Vegas-Henderson-North Las Vegas, NV",0.310064,
ifa_west_merge,83648,ifa,ID,IFA,IFA_02,IFA,,16039,34300,1654820,"IFA Las Vegas-Henderson-North Las Vegas, NV",0.0,no cell in the extract: territory at zero opportunity
ifa_west_merge,83650,ifa,ID,IFA,IFA_02,IFA,,16073,14260,1655720,"IFA Las Vegas-Henderson-North Las Vegas, NV",0.0,no cell in the extract: territory at zero opportunity
ifa_west_merge,83651,ifa,ID,IFA,IFA_02,IFA,,16027,14260,1656260,"IFA Las Vegas-Henderson-North Las Vegas, NV",0.755085,
ifa_west_merge,83654,ifa,ID,IFA,IFA_02,IFA,,16003,,1656890,"IFA Las Vegas-Henderson-North Las Vegas, NV",0.0,no cell in the extract: territory at zero opportunity
ifa_west_merge,83655,ifa,ID,IFA,IFA_02,IFA,,16075,36620,1656980,"IFA Las Vegas-Henderson-North Las Vegas, NV",0.0,no cell in the extract: territory at zero opportunity
ifa_west_merge,83656,ifa,ID,IFA,IFA_02,IFA,,16027,14260,1658060,"IFA Las Vegas-Henderson-North Las Vegas, NV",0.0,no cell in the extract: territory at zero opportunity
ifa_west_merge,83657,ifa,ID,IFA,IFA_02,IFA,,16045,14260,,"IFA Las Vegas-Henderson-North Las Vegas, NV",0.0,no cell in the extract: territory at zero opportunity
ifa_west_merge,83660,ifa,ID,IFA,IFA_02,IFA,,16027,14260,1660940,"IFA Las Vegas-Henderson-North Las Vegas, NV",0.0,no cell in the extract: territory at zero opportunity
ifa_west_merge,83661,ifa,ID,IFA,IFA_02,IFA,,16075,36620,1661300,"IFA Las Vegas-Henderson-North Las Vegas, NV",0.0703866,
ifa_west_merge,83666,ifa,ID,IFA,IFA_02,IFA,,16015,14260,1663550,"IFA Las Vegas-Henderson-North Las Vegas, NV",0.0,no cell in the extract: territory at zero opportunity
ifa_west_merge,83669,ifa,ID,IFA,IFA_02,IFA,,16001,14260,1676870,"IFA Las Vegas-Henderson-North Las Vegas, NV",0.47727,
ifa_west_merge,83670,ifa,ID,IFA,IFA_02,IFA,,16045,14260,,"IFA Las Vegas-Henderson-North Las Vegas, NV",0.0,no cell in the extract: territory at zero opportunity
ifa_west_merge,83672,ifa,ID,IFA,IFA_02,IFA,,16087,,1686140,"IFA Las Vegas-Henderson-North Las Vegas, NV",0.0,no cell in the extract: territory at zero opportunity
ifa_west_merge,83676,ifa,ID,IFA,IFA_02,IFA,,16027,14260,1687670,"IFA Las Vegas-Henderson-North Las Vegas, NV",0.0,no cell in the extract: territory at zero opportunity
ifa_west_merge,83677,ifa,ID,IFA,IFA_02,IFA,,16085,,1688660,"IFA Las Vegas-Henderson-North Las Vegas, NV",0.0,no cell in the extract: territory at zero opportunity
ifa_west_merge,83686,ifa,ID,IFA,IFA_02,IFA,,16027,14260,1656260,"IFA Las Vegas-Henderson-North Las Vegas, NV",0.0,no cell in the extract: territory at zero opportunity
ifa_west_merge,83687,ifa,ID,IFA,IFA_02,IFA,,16027,14260,1656260,"IFA Las Vegas-Henderson-North Las Vegas, NV",7.71444,
ifa_west_merge,83702,ifa,ID,IFA,IFA_02,IFA,,16001,14260,1608830,"IFA Las Vegas-Henderson-North Las Vegas, NV",11.5253,
ifa_west_merge,83703,ifa,ID,IFA,IFA_02,IFA,,16001,14260,1608830,"IFA Las Vegas-Henderson-North Las Vegas, NV",0.562689,
ifa_west_merge,83704,ifa,ID,IFA,IFA_02,IFA,,16001,14260,1608830,"IFA Las Vegas-Henderson-North Las Vegas, NV",4.03271,
ifa_west_merge,83705,ifa,ID,IFA,IFA_02,IFA,,16001,14260,1608830,"IFA Las Vegas-Henderson-North Las Vegas, NV",0.646218,
ifa_west_merge,83706,ifa,ID,IFA,IFA_02,IFA,,16001,14260,1608830,"IFA Las Vegas-Henderson-North Las Vegas, NV",2.29289,
ifa_west_merge,83709,ifa,ID,IFA,IFA_02,IFA,,16001,14260,1608830,"IFA Las Vegas-Henderson-North Las Vegas, NV",4.18022,
ifa_west_merge,83712,ifa,ID,IFA,IFA_02,IFA,,16001,14260,1608830,"IFA Las Vegas-Henderson-North Las Vegas, NV",0.0,no cell in the extract: territory at zero opportunity
ifa_west_merge,83713,ifa,ID,IFA,IFA_02,IFA,,16001,14260,1608830,"IFA Las Vegas-Henderson-North Las Vegas, NV",6.89189,
ifa_west_merge,83714,ifa,ID,IFA,IFA_02,IFA,,16001,14260,1623410,"IFA Las Vegas-Henderson-North Las Vegas, NV",0.923057,
ifa_west_merge,83716,ifa,ID,IFA,IFA_02,IFA,,16039,34300,1668545,"IFA Las Vegas-Henderson-North Las Vegas, NV",0.240974,
ifa_west_merge,83720,ifa,ID,IFA,IFA_02,IFA,,16001,14260,1608830,"IFA Las Vegas-Henderson-North Las Vegas, NV",0.0,no cell in the extract: territory at zero opportunity
ifa_west_merge,83725,ifa,ID,IFA,IFA_02,IFA,,16001,14260,1608830,"IFA Las Vegas-Henderson-North Las Vegas, NV",0.0,no cell in the extract: territory at zero opportunity
ifa_west_merge,83801,ifa,ID,IFA,IFA_02,IFA,,16055,17660,1603700,"IFA Las Vegas-Henderson-North Las Vegas, NV",0.0,no cell in the extract: territory at zero opportunity
ifa_west_merge,83802,ifa,ID,IFA,IFA_02,IFA,,16079,,,"IFA Las Vegas-Henderson-North Las Vegas, NV",0.0,no cell in the extract: territory at zero opportunity
ifa_west_merge,83803,ifa,ID,IFA,IFA_02,IFA,,16017,41760,,"IFA Las Vegas-Henderson-North Las Vegas, NV",0.0,no cell in the extract: territory at zero opportunity
ifa_west_merge,83804,ifa,ID,IFA,IFA_02,IFA,,16017,41760,1608290,"IFA Las Vegas-Henderson-North Las Vegas, NV",0.0,no cell in the extract: territory at zero opportunity
ifa_west_merge,83805,ifa,ID,IFA,IFA_02,IFA,,16021,,1609370,"IFA Las Vegas-Henderson-North Las Vegas, NV",0.0,no cell in the extract: territory at zero opportunity
ifa_west_merge,83806,ifa,ID,IFA,IFA_02,IFA,,16057,34140,1609730,"IFA Las Vegas-Henderson-North Las Vegas, NV",0.0,no cell in the extract: territory at zero opportunity
ifa_west_merge,83808,ifa,ID,IFA,IFA_02,IFA,,16079,,,"IFA Las Vegas-Henderson-North Las Vegas, NV",0.0,no cell in the extract: territory at zero opportunity
ifa_west_merge,83809,ifa,ID,IFA,IFA_02,IFA,,16017,41760,,"IFA Las Vegas-Henderson-North Las Vegas, NV",0.0,no cell in the extract: territory at zero opportunity
ifa_west_merge,83810,ifa,ID,IFA,IFA_02,IFA,,16055,17660,,"IFA Las Vegas-Henderson-North Las Vegas, NV",0.0,no cell in the extract: territory at zero opportunity
ifa_west_merge,83811,ifa,ID,IFA,IFA_02,IFA,,16017,41760,1614950,"IFA Las Vegas-Henderson-North Las Vegas, NV",0.0,no cell in the extract: territory at zero opportunity
ifa_west_merge,83812,ifa,ID,IFA,IFA_02,IFA,,16079,,,"IFA Las Vegas-Henderson-North Las Vegas, NV",0.0,no cell in the extract: territory at zero opportunity
ifa_west_merge,83813,ifa,ID,IFA,IFA_02,IFA,,16017,41760,,"IFA Las Vegas-Henderson-North Las Vegas, NV",0.0,no cell in the extract: territory at zero opportunity
ifa_west_merge,83814,ifa,ID,IFA,IFA_02,IFA,,16055,17660,1616750,"IFA Las Vegas-Henderson-North Las Vegas, NV",5.71542,
ifa_west_merge,83815,ifa,ID,IFA,IFA_02,IFA,,16055,17660,1616750,"IFA Las Vegas-Henderson-North Las Vegas, NV",1.96355,
ifa_west_merge,83821,ifa,ID,IFA,IFA_02,IFA,,16017,41760,1618010,"IFA Las Vegas-Henderson-North Las Vegas, NV",0.0,no cell in the extract: territory at zero opportunity
ifa_west_merge,83822,ifa,ID,IFA,IFA_02,IFA,,16017,41760,1658600,"IFA Las Vegas-Henderson-North Las Vegas, NV",0.0,no cell in the extract: territory at zero opportunity
ifa_west_merge,83823,ifa,ID,IFA,IFA_02,IFA,,16057,34140,1620890,"IFA Las Vegas-Henderson-North Las Vegas, NV",0.0,no cell in the extract: territory at zero opportunity
ifa_west_merge,83824,ifa,ID,IFA,IFA_02,IFA,,16009,,1621520,"IFA Las Vegas-Henderson-North Las Vegas, NV",0.0,no cell in the extract: territory at zero opportunity
ifa_west_merge,83825,ifa,ID,IFA,IFA_02,IFA,,16017,41760,1622510,"IFA Las Vegas-Henderson-North Las Vegas, NV",0.0,no cell in the extract: territory at zero opportunity
ifa_west_merge,83826,ifa,ID,IFA,IFA_02,IFA,,16021,,,"IFA Las Vegas-Henderson-North Las Vegas, NV",0.0,no cell in the extract: territory at zero opportunity
ifa_west_merge,83827,ifa,ID,IFA,IFA_02,IFA,,16035,,1625120,"IFA Las Vegas-Henderson-North Las Vegas, NV",0.0,no cell in the extract: territory at zero opportunity
ifa_west_merge,83830,ifa,ID,IFA,IFA_02,IFA,,16009,,1627640,"IFA Las Vegas-Henderson-North Las Vegas, NV",0.0,no cell in the extract: territory at zero opportunity
ifa_west_merge,83832,ifa,ID,IFA,IFA_02,IFA,,16057,34140,1630160,"IFA Las Vegas-Henderson-North Las Vegas, NV",0.0,no cell in the extract: territory at zero opportunity
ifa_west_merge,83833,ifa,ID,IFA,IFA_02,IFA,,16055,17660,1635200,"IFA Las Vegas-Henderson-North Las Vegas, NV",0.0,no cell in the extract: territory at zero opportunity
ifa_west_merge,83834,ifa,ID,IFA,IFA_02,IFA,,16057,34140,,"IFA Las Vegas-Henderson-North Las Vegas, NV",0.0,no cell in the extract: territory at zero opportunity
ifa_west_merge,83835,ifa,ID,IFA,IFA_02,IFA,,16055,17660,1636370,"IFA Las Vegas-Henderson-North Las Vegas, NV",2.80348,
ifa_west_merge,83836,ifa,ID,IFA,IFA_02,IFA,,16017,41760,1638440,"IFA Las Vegas-Henderson-North Las Vegas, NV",0.0,no cell in the extract: territory at zero opportunity
ifa_west_merge,83837,ifa,ID,IFA,IFA_02,IFA,,16079,,1642580,"IFA Las Vegas-Henderson-North Las Vegas, NV",0.0,no cell in the extract: territory at zero opportunity
ifa_west_merge,83839,ifa,ID,IFA,IFA_02,IFA,,16079,,,"IFA Las Vegas-Henderson-North Las Vegas, NV",0.0,no cell in the extract: territory at zero opportunity
ifa_west_merge,83840,ifa,ID,IFA,IFA_02,IFA,,16017,41760,1644200,"IFA Las Vegas-Henderson-North Las Vegas, NV",0.0,no cell in the extract: territory at zero opportunity
ifa_west_merge,83841,ifa,ID,IFA,IFA_02,IFA,,16017,41760,1644560,"IFA Las Vegas-Henderson-North Las Vegas, NV",0.0,no cell in the extract: territory at zero opportunity
ifa_west_merge,83842,ifa,ID,IFA,IFA_02,IFA,,16055,17660,,"IFA Las Vegas-Henderson-North Las Vegas, NV",0.0,no cell in the extract: territory at zero opportunity
ifa_west_merge,83843,ifa,ID,IFA,IFA_02,IFA,,16057,34140,1654550,"IFA Las Vegas-Henderson-North Las Vegas, NV",0.00914825,
ifa_west_merge,83844,ifa,ID,IFA,IFA_02,IFA,,16057,34140,1654550,"IFA Las Vegas-Henderson-North Las Vegas, NV",0.0,no cell in the extract: territory at zero opportunity
ifa_west_merge,83845,ifa,ID,IFA,IFA_02,IFA,,16021,,1655270,"IFA Las Vegas-Henderson-North Las Vegas, NV",0.0,no cell in the extract: territory at zero opportunity
ifa_west_merge,83846,ifa,ID,IFA,IFA_02,IFA,,16079,,1655630,"IFA Las Vegas-Henderson-North Las Vegas, NV",0.0,no cell in the extract: territory at zero opportunity
ifa_west_merge,83847,ifa,ID,IFA,IFA_02,IFA,,16021,,,"IFA Las Vegas-Henderson-North Las Vegas, NV",0.0,no cell in the extract: territory at zero opportunity
ifa_west_merge,83848,ifa,ID,IFA,IFA_02,IFA,,16017,41760,,"IFA Las Vegas-Henderson-North Las Vegas, NV",0.0,no cell in the extract: territory at zero opportunity
ifa_west_merge,83849,ifa,ID,IFA,IFA_02,IFA,,16079,,1659590,"IFA Las Vegas-Henderson-North Las Vegas, NV",0.0,no cell in the extract: territory at zero opportunity
ifa_west_merge,83850,ifa,ID,IFA,IFA_02,IFA,,16079,,1663100,"IFA Las Vegas-Henderson-North Las Vegas, NV",0.0,no cell in the extract: territory at zero opportunity
ifa_west_merge,83851,ifa,ID,IFA,IFA_02,IFA,,16009,,1663910,"IFA Las Vegas-Henderson-North Las Vegas, NV",0.0,no cell in the extract: territory at zero opportunity
ifa_west_merge,83852,ifa,ID,IFA,IFA_02,IFA,,16017,41760,1664450,"IFA Las Vegas-Henderson-North Las Vegas, NV",0.0,no cell in the extract: territory at zero opportunity
ifa_west_merge,83854,ifa,ID,IFA,IFA_02,IFA,,16055,17660,1664810,"IFA Las Vegas-Henderson-North Las Vegas, NV",2.64588,
ifa_west_merge,83855,ifa,ID,IFA,IFA_02,IFA,,16057,34140,1664900,"IFA Las Vegas-Henderson-North Las Vegas, NV",0.0,no cell in the extract: territory at zero opportunity
ifa_west_merge,83856,ifa,ID,IFA,IFA_02,IFA,,16017,41760,1665530,"IFA Las Vegas-Henderson-North Las Vegas, NV",0.996024,
ifa_west_merge,83857,ifa,ID,IFA,IFA_02,IFA,,16057,34140,1665620,"IFA Las Vegas-Henderson-North Las Vegas, NV",0.0,no cell in the extract: territory at zero opportunity
ifa_west_merge,83858,ifa,ID,IFA,IFA_02,IFA,,16055,17660,1666340,"IFA Las Vegas-Henderson-North Las Vegas, NV",0.0,no cell in the extract: territory at zero opportunity
ifa_west_merge,83860,ifa,ID,IFA,IFA_02,IFA,,16017,41760,,"IFA Las Vegas-Henderson-North Las Vegas, NV",0.0,no cell in the extract: territory at zero opportunity
ifa_west_merge,83861,ifa,ID,IFA,IFA_02,IFA,,16009,,1671470,"IFA Las Vegas-Henderson-North Las Vegas, NV",0.0,no cell in the extract: territory at zero opportunity
ifa_west_merge,83864,ifa,ID,IFA,IFA_02,IFA,,16017,41760,1672100,"IFA Las Vegas-Henderson-North Las Vegas, NV",0.198863,
ifa_west_merge,83866,ifa,ID,IFA,IFA_02,IFA,,16009,,,"IFA Las Vegas-Henderson-North Las Vegas, NV",0.0,no cell in the extract: territory at zero opportunity
ifa_west_merge,83867,ifa,ID,IFA,IFA_02,IFA,,16079,,1674440,"IFA Las Vegas-Henderson-North Las Vegas, NV",0.0,no cell in the extract: territory at zero opportunity
ifa_west_merge,83868,ifa,ID,IFA,IFA_02,IFA,,16079,,1675070,"IFA Las Vegas-Henderson-North Las Vegas, NV",0.0,no cell in the extract: territory at zero opportunity
ifa_west_merge,83869,ifa,ID,IFA,IFA_02,IFA,,16055,17660,1676060,"IFA Las Vegas-Henderson-North Las Vegas, NV",0.0,no cell in the extract: territory at zero opportunity
ifa_west_merge,83870,ifa,ID,IFA,IFA_02,IFA,,16009,,1680200,"IFA Las Vegas-Henderson-North Las Vegas, NV",0.0,no cell in the extract: territory at zero opportunity
ifa_west_merge,83871,ifa,ID,IFA,IFA_02,IFA,,16057,34140,1682360,"IFA Las Vegas-Henderson-North Las Vegas, NV",0.0,no cell in the extract: territory at zero opportunity
ifa_west_merge,83872,ifa,ID,IFA,IFA_02,IFA,,16057,34140,1684430,"IFA Las Vegas-Henderson-North Las Vegas, NV",0.0,no cell in the extract: territory at zero opportunity
ifa_west_merge,83873,ifa,ID,IFA,IFA_02,IFA,,16079,,1684790,"IFA Las Vegas-Henderson-North Las Vegas, NV",0.0,no cell in the extract: territory at zero opportunity
ifa_west_merge,83874,ifa,ID,IFA,IFA_02,IFA,,16079,,,"IFA Las Vegas-Henderson-North Las Vegas, NV",0.0,no cell in the extract: territory at zero opportunity
ifa_west_merge,83876,ifa,ID,IFA,IFA_02,IFA,,16055,17660,1617830,"IFA Las Vegas-Henderson-North Las Vegas, NV",0.0,no cell in the extract: territory at zero opportunity
ifa_west_merge,84001,ifa,UT,IFA,IFA_02,IFA,,49013,,4906590,"IFA Las Vegas-Henderson-North Las Vegas, NV",0.0,no cell in the extract: territory at zero opportunity
ifa_west_merge,84002,ifa,UT,IFA,IFA_02,IFA,,49013,,,"IFA Las Vegas-Henderson-North Las Vegas, NV",0.0,no cell in the extract: territory at zero opportunity
ifa_west_merge,84003,ifa,UT,IFA,IFA_02,IFA,,49049,39340,4901310,"IFA Las Vegas-Henderson-North Las Vegas, NV",4.10835,
ifa_west_merge,84004,ifa,UT,IFA,IFA_02,IFA,,49049,39340,4900540,"IFA Las Vegas-Henderson-North Las Vegas, NV",0.00461361,
ifa_west_merge,84005,ifa,UT,IFA,IFA_02,IFA,,49049,39340,4920810,"IFA Las Vegas-Henderson-North Las Vegas, NV",0.0,no cell in the extract: territory at zero opportunity
ifa_west_merge,84006,ifa,UT,IFA,IFA_02,IFA,,49035,41620,4982950,"IFA Las Vegas-Henderson-North Las Vegas, NV",0.0,no cell in the extract: territory at zero opportunity
ifa_west_merge,84007,ifa,UT,IFA,IFA_02,IFA,,49013,,4906590,"IFA Las Vegas-Henderson-North Las Vegas, NV",0.0,no cell in the extract: territory at zero opportunity
ifa_west_merge,84008,ifa,UT,IFA,IFA_02,IFA,,49047,46860,4906920,"IFA Las Vegas-Henderson-North Las Vegas, NV",0.0,no cell in the extract: territory at zero opportunity
ifa_west_merge,84009,ifa,UT,IFA,IFA_02,IFA,,49035,41620,4970850,"IFA Las Vegas-Henderson-North Las Vegas, NV",0.401601,
ifa_west_merge,84010,ifa,UT,IFA,IFA_02,IFA,,49011,36260,4907690,"IFA Las Vegas-Henderson-North Las Vegas, NV",5.8225,
ifa_west_merge,84013,ifa,UT,IFA,IFA_02,IFA,,49049,39340,4911430,"IFA Las Vegas-Henderson-North Las Vegas, NV",0.0,no cell in the extract: territory at zero opportunity
ifa_west_merge,84014,ifa,UT,IFA,IFA_02,IFA,,49011,36260,4911980,"IFA Las Vegas-Henderson-North Las Vegas, NV",0.947748,
ifa_west_merge,84015,ifa,UT,IFA,IFA_02,IFA,,49011,36260,4913850,"IFA Las Vegas-Henderson-North Las Vegas, NV",3.38582,
ifa_west_merge,84017,ifa,UT,IFA,IFA_02,IFA,,49043,25720,4914840,"IFA Las Vegas-Henderson-North Las Vegas, NV",0.0752524,
ifa_west_merge,84018,ifa,UT,IFA,IFA_02,IFA,,49029,36260,,"IFA Las Vegas-Henderson-North Las Vegas, NV",0.0,no cell in the extract: territory at zero opportunity
ifa_west_merge,84020,ifa,UT,IFA,IFA_02,IFA,,49035,41620,4920120,"IFA Las Vegas-Henderson-North Las Vegas, NV",17.4488,
ifa_west_merge,84021,ifa,UT,IFA,IFA_02,IFA,,49013,,4920340,"IFA Las Vegas-Henderson-North Las Vegas, NV",0.0,no cell in the extract: territory at zero opportunity
ifa_west_merge,84022,ifa,UT,IFA,IFA_02,IFA,,49045,41620,4920450,"IFA Las Vegas-Henderson-North Las Vegas, NV",0.0,no cell in the extract: territory at zero opportunity
ifa_west_merge,84023,ifa,UT,IFA,IFA_02,IFA,,49009,,4920780,"IFA Las Vegas-Henderson-North Las Vegas, NV",0.0,no cell in the extract: territory at zero opportunity
ifa_west_merge,84024,ifa,UT,IFA,IFA_02,IFA,,49043,25720,4921880,"IFA Las Vegas-Henderson-North Las Vegas, NV",0.0,no cell in the extract: territory at zero opportunity
ifa_west_merge,84025,ifa,UT,IFA,IFA_02,IFA,,49011,36260,4924740,"IFA Las Vegas-Henderson-North Las Vegas, NV",4.05485,
ifa_west_merge,84026,ifa,UT,IFA,IFA_02,IFA,,49047,46860,4926610,"IFA Las Vegas-Henderson-North Las Vegas, NV",0.0,no cell in the extract: territory at zero opportunity
ifa_west_merge,84027,ifa,UT,IFA,IFA_02,IFA,,49013,,,"IFA Las Vegas-Henderson-North Las Vegas, NV",0.0,no cell in the extract: territory at zero opportunity
ifa_west_merge,84028,ifa,UT,IFA,IFA_02,IFA,,49033,21740,4927902,"IFA Las Vegas-Henderson-North Las Vegas, NV",0.0,no cell in the extract: territory at zero opportunity
ifa_west_merge,84029,ifa,UT,IFA,IFA_02,IFA,,49045,41620,4931120,"IFA Las Vegas-Henderson-North Las Vegas, NV",0.0613563,
ifa_west_merge,84031,ifa,UT,IFA,IFA_02,IFA,,49013,,,"IFA Las Vegas-Henderson-North Las Vegas, NV",0.0,no cell in the extract: territory at zero opportunity
ifa_west_merge,84032,ifa,UT,IFA,IFA_02,IFA,,49051,25720,4937690,"IFA Las Vegas-Henderson-North Las Vegas, NV",0.135227,
ifa_west_merge,84033,ifa,UT,IFA,IFA_02,IFA,,49043,25720,4934640,"IFA Las Vegas-Henderson-North Las Vegas, NV",0.0,no cell in the extract: territory at zero opportunity
ifa_west_merge,84034,ifa,UT,IFA,IFA_02,IFA,,49045,41620,,"IFA Las Vegas-Henderson-North Las Vegas, NV",0.0,no cell in the extract: territory at zero opportunity
ifa_west_merge,84035,ifa,UT,IFA,IFA_02,IFA,,49047,46860,4939040,"IFA Las Vegas-Henderson-North Las Vegas, NV",0.0,no cell in the extract: territory at zero opportunity
ifa_west_merge,84036,ifa,UT,IFA,IFA_02,IFA,,49043,25720,4948170,"IFA Las Vegas-Henderson-North Las Vegas, NV",0.00636392,
ifa_west_merge,84037,ifa,UT,IFA,IFA_02,IFA,,49011,36260,4940360,"IFA Las Vegas-Henderson-North Las Vegas, NV",3.32921,
ifa_west_merge,84038,ifa,UT,IFA,IFA_02,IFA,,49033,21740,4927902,"IFA Las Vegas-Henderson-North Las Vegas, NV",0.0,no cell in the extract: territory at zero opportunity
ifa_west_merge,84039,ifa,UT,IFA,IFA_02,IFA,,49047,46860,4942890,"IFA Las Vegas-Henderson-North Las Vegas, NV",0.0,no cell in the extract: territory at zero opportunity
ifa_west_merge,84040,ifa,UT,IFA,IFA_02,IFA,,49011,36260,4943660,"IFA Las Vegas-Henderson-North Las Vegas, NV",0.178032,
ifa_west_merge,84041,ifa,UT,IFA,IFA_02,IFA,,49011,36260,4943660,"IFA Las Vegas-Henderson-North Las Vegas, NV",7.96048,
ifa_west_merge,84042,ifa,UT,IFA,IFA_02,IFA,,49049,39340,4945090,"IFA Las Vegas-Henderson-North Las Vegas, NV",0.0,no cell in the extract: territory at zero opportunity
ifa_west_merge,84043,ifa,UT,IFA,IFA_02,IFA,,49049,39340,4944320,"IFA Las Vegas-Henderson-North Las Vegas, NV",12.0854,
ifa_west_merge,84044,ifa,UT,IFA,IFA_02,IFA,,49035,41620,4947290,"IFA Las Vegas-Henderson-North Las Vegas, NV",0.0,no cell in the extract: territory at zero opportunity
ifa_west_merge,84045,ifa,UT,IFA,IFA_02,IFA,,49049,39340,4967825,"IFA Las Vegas-Henderson-North Las Vegas, NV",0.0,no cell in the extract: territory at zero opportunity
ifa_west_merge,84046,ifa,UT,IFA,IFA_02,IFA,,49009,,4947620,"IFA Las Vegas-Henderson-North Las Vegas, NV",0.0,no cell in the extract: territory at zero opportunity
ifa_west_merge,84047,ifa,UT,IFA,IFA_02,IFA,,49035,41620,4949710,"IFA Las Vegas-Henderson-North Las Vegas, NV",12.1203,
ifa_west_merge,84049,ifa,UT,IFA,IFA_02,IFA,,49051,25720,4949820,"IFA Las Vegas-Henderson-North Las Vegas, NV",0.0,no cell in the extract: territory at zero opportunity
ifa_west_merge,84050,ifa,UT,IFA,IFA_02,IFA,,49029,36260,4952460,"IFA Las Vegas-Henderson-North Las Vegas, NV",0.0,no cell in the extract: territory at zero opportunity
ifa_west_merge,84051,ifa,UT,IFA,IFA_02,IFA,,49013,,,"IFA Las Vegas-Henderson-North Las Vegas, NV",0.0,no cell in the extract: territory at zero opportunity
ifa_west_merge,84052,ifa,UT,IFA,IFA_02,IFA,,49013,,4953340,"IFA Las Vegas-Henderson-North Las Vegas, NV",0.0,no cell in the extract: territory at zero opportunity
ifa_west_merge,84053,ifa,UT,IFA,IFA_02,IFA,,49013,,4954110,"IFA Las Vegas-Henderson-North Las Vegas, NV",0.0,no cell in the extract: territory at zero opportunity
ifa_west_merge,84054,ifa,UT,IFA,IFA_02,IFA,,49011,36260,4955210,"IFA Las Vegas-Henderson-North Las Vegas, NV",0.0,no cell in the extract: territory at zero opportunity
ifa_west_merge,84055,ifa,UT,IFA,IFA_02,IFA,,49043,25720,4955650,"IFA Las Vegas-Henderson-North Las Vegas, NV",0.0,no cell in the extract: territory at zero opportunity
ifa_west_merge,84056,ifa,UT,IFA,IFA_02,IFA,,49011,36260,4913850,"IFA Las Vegas-Henderson-North Las Vegas, NV",0.0,no cell in the extract: territory at zero opportunity
ifa_west_merge,84057,ifa,UT,IFA,IFA_02,IFA,,49049,39340,4957300,"IFA Las Vegas-Henderson-North Las Vegas, NV",0.00688065,
ifa_west_merge,84058,ifa,UT,IFA,IFA_02,IFA,,49049,39340,4957300,"IFA Las Vegas-Henderson-North Las Vegas, NV",0.469551,
ifa_west_merge,84059,ifa,UT,IFA,IFA_02,IFA,,49049,39340,4980420,"IFA Las Vegas-Henderson-North Las Vegas, NV",0.0,no cell in the extract: territory at zero opportunity
ifa_west_merge,84060,ifa,UT,IFA,IFA_02,IFA,,49043,25720,4958070,"IFA Las Vegas-Henderson-North Las Vegas, NV",0.0,no cell in the extract: territory at zero opportunity
ifa_west_merge,84061,ifa,UT,IFA,IFA_02,IFA,,49043,25720,4959280,"IFA Las Vegas-Henderson-North Las Vegas, NV",0.0,no cell in the extract: territory at zero opportunity
ifa_west_merge,84062,ifa,UT,IFA,IFA_02,IFA,,49049,39340,4960930,"IFA Las Vegas-Henderson-North Las Vegas, NV",3.22136,
ifa_west_merge,84063,ifa,UT,IFA,IFA_02,IFA,,49047,46860,4962910,"IFA Las Vegas-Henderson-North Las Vegas, NV",0.0,no cell in the extract: territory at zero opportunity
ifa_west_merge,84064,ifa,UT,IFA,IFA_02,IFA,,49033,21740,4963020,"IFA Las Vegas-Henderson-North Las Vegas, NV",0.0,no cell in the extract: territory at zero opportunity
ifa_west_merge,84065,ifa,UT,IFA,IFA_02,IFA,,49035,41620,4906810,"IFA Las Vegas-Henderson-North Las Vegas, NV",6.60753,
ifa_west_merge,84066,ifa,UT,IFA,IFA_02,IFA,,49013,,4903345,"IFA Las Vegas-Henderson-North Las Vegas, NV",0.0,no cell in the extract: territory at zero opportunity
ifa_west_merge,84067,ifa,UT,IFA,IFA_02,IFA,,49057,36260,4965110,"IFA Las Vegas-Henderson-North Las Vegas, NV",0.0,no cell in the extract: territory at zero opportunity
ifa_west_merge,84069,ifa,UT,IFA,IFA_02,IFA,,49045,41620,4965240,"IFA Las Vegas-Henderson-North Las Vegas, NV",0.0,no cell in the extract: territory at zero opportunity
ifa_west_merge,84070,ifa,UT,IFA,IFA_02,IFA,,49035,41620,4967440,"IFA Las Vegas-Henderson-North Las Vegas, NV",12.3647,
ifa_west_merge,84071,ifa,UT,IFA,IFA_02,IFA,,49045,41620,4973050,"IFA Las Vegas-Henderson-North Las Vegas, NV",0.0,no cell in the extract: territory at zero opportunity
ifa_west_merge,84072,ifa,UT,IFA,IFA_02,IFA,,49013,,4974920,"IFA Las Vegas-Henderson-North Las Vegas, NV",0.0,no cell in the extract: territory at zero opportunity
ifa_west_merge,84073,ifa,UT,IFA,IFA_02,IFA,,49013,,,"IFA Las Vegas-Henderson-North Las Vegas, NV",0.0,no cell in the extract: territory at zero opportunity
ifa_west_merge,84074,ifa,UT,IFA,IFA_02,IFA,,49045,41620,4923640,"IFA Las Vegas-Henderson-North Las Vegas, NV",1.45471,
ifa_west_merge,84075,ifa,UT,IFA,IFA_02,IFA,,49011,36260,4974810,"IFA Las Vegas-Henderson-North Las Vegas, NV",0.185543,
ifa_west_merge,84076,ifa,UT,IFA,IFA_02,IFA,,49047,46860,,"IFA Las Vegas-Henderson-North Las Vegas, NV",0.0,no cell in the extract: territory at zero opportunity
ifa_west_merge,84078,ifa,UT,IFA,IFA_02,IFA,,49047,46860,4953560,"IFA Las Vegas-Henderson-North Las Vegas, NV",0.24122,
ifa_west_merge,84080,ifa,UT,IFA,IFA_02,IFA,,49045,41620,4980200,"IFA Las Vegas-Henderson-North Las Vegas, NV",0.0,no cell in the extract: territory at zero opportunity
ifa_west_merge,84081,ifa,UT,IFA,IFA_02,IFA,,49035,41620,4982950,"IFA Las Vegas-Henderson-North Las Vegas, NV",4.26252,
ifa_west_merge,84082,ifa,UT,IFA,IFA_02,IFA,,49051,25720,4980970,"IFA Las Vegas-Henderson-North Las Vegas, NV",0.0,no cell in the extract: territory at zero opportunity
ifa_west_merge,84083,ifa,UT,IFA,IFA_02,IFA,,49045,41620,4982730,"IFA Las Vegas-Henderson-North Las Vegas, NV",0.278408,
ifa_west_merge,84084,ifa,UT,IFA,IFA_02,IFA,,49035,41620,4982950,"IFA Las Vegas-Henderson-North Las Vegas, NV",0.480895,
ifa_west_merge,84085,ifa,UT,IFA,IFA_02,IFA,,49047,46860,4984160,"IFA Las Vegas-Henderson-North Las Vegas, NV",0.0,no cell in the extract: territory at zero opportunity
ifa_west_merge,84086,ifa,UT,IFA,IFA_02,IFA,,49033,21740,4985260,"IFA Las Vegas-Henderson-North Las Vegas, NV",0.0,no cell in the extract: territory at zero opportunity
ifa_west_merge,84087,ifa,UT,IFA,IFA_02,IFA,,49011,36260,4985370,"IFA Las Vegas-Henderson-North Las Vegas, NV",0.428931,
ifa_west_merge,84088,ifa,UT,IFA,IFA_02,IFA,,49035,41620,4982950,"IFA Las Vegas-Henderson-North Las Vegas, NV",0.0094393,
ifa_west_merge,84092,ifa,UT,IFA,IFA_02,IFA,,49035,41620,4967440,"IFA Las Vegas-Henderson-North Las Vegas, NV",2.07769,
ifa_west_merge,84093,ifa,UT,IFA,IFA_02,IFA,,49035,41620,4967440,"IFA Las Vegas-Henderson-North Las Vegas, NV",1.14233,
ifa_west_merge,84094,ifa,UT,IFA,IFA_02,IFA,,49035,41620,4967440,"IFA Las Vegas-Henderson-North Las Vegas, NV",0.243816,
ifa_west_merge,84095,ifa,UT,IFA,IFA_02,IFA,,49035,41620,4970850,"IFA Las Vegas-Henderson-North Las Vegas, NV",52.0933,
ifa_west_merge,84096,ifa,UT,IFA,IFA_02,IFA,,49035,41620,4934970,"IFA Las Vegas-Henderson-North Las Vegas, NV",0.240183,
ifa_west_merge,84097,ifa,UT,IFA,IFA_02,IFA,,49049,39340,4957300,"IFA Las Vegas-Henderson-North Las Vegas, NV",0.412577,
ifa_west_merge,84098,ifa,UT,IFA,IFA_02,IFA,,49043,25720,4974095,"IFA Las Vegas-Henderson-North Las Vegas, NV",7.28241,
ifa_west_merge,84101,ifa,UT,IFA,IFA_02,IFA,,49035,41620,4967000,"IFA Las Vegas-Henderson-North Las Vegas, NV",0.31818,
ifa_west_merge,84102,ifa,UT,IFA,IFA_02,IFA,,49035,41620,4967000,"IFA Las Vegas-Henderson-North Las Vegas, NV",0.0,no cell in the extract: territory at zero opportunity
ifa_west_merge,84103,ifa,UT,IFA,IFA_02,IFA,,49035,41620,4967000,"IFA Las Vegas-Henderson-North Las Vegas, NV",1.65623,
ifa_west_merge,84104,ifa,UT,IFA,IFA_02,IFA,,49035,41620,4967000,"IFA Las Vegas-Henderson-North Las Vegas, NV",0.0,no cell in the extract: territory at zero opportunity
ifa_west_merge,84105,ifa,UT,IFA,IFA_02,IFA,,49035,41620,4967000,"IFA Las Vegas-Henderson-North Las Vegas, NV",1.61519,
ifa_west_merge,84106,ifa,UT,IFA,IFA_02,IFA,,49035,41620,4967000,"IFA Las Vegas-Henderson-North Las Vegas, NV",4.63845,
ifa_west_merge,84107,ifa,UT,IFA,IFA_02,IFA,,49035,41620,4953230,"IFA Las Vegas-Henderson-North Las Vegas, NV",10.2499,
ifa_west_merge,84108,ifa,UT,IFA,IFA_02,IFA,,49035,41620,4922875,"IFA Las Vegas-Henderson-North Las Vegas, NV",1.44506,
ifa_west_merge,84109,ifa,UT,IFA,IFA_02,IFA,,49035,41620,4950150,"IFA Las Vegas-Henderson-North Las Vegas, NV",1.5809,
ifa_west_merge,84111,ifa,UT,IFA,IFA_02,IFA,,49035,41620,4967000,"IFA Las Vegas-Henderson-North Las Vegas, NV",29.4359,
ifa_west_merge,84112,ifa,UT,IFA,IFA_02,IFA,,49035,41620,4967000,"IFA Las Vegas-Henderson-North Las Vegas, NV",0.0,no cell in the extract: territory at zero opportunity
ifa_west_merge,84113,ifa,UT,IFA,IFA_02,IFA,,49035,41620,4967000,"IFA Las Vegas-Henderson-North Las Vegas, NV",0.0,no cell in the extract: territory at zero opportunity
ifa_west_merge,84114,ifa,UT,IFA,IFA_02,IFA,,49035,41620,4967000,"IFA Las Vegas-Henderson-North Las Vegas, NV",0.0,no cell in the extract: territory at zero opportunity
ifa_west_merge,84115,ifa,UT,IFA,IFA_02,IFA,,49035,41620,4971070,"IFA Las Vegas-Henderson-North Las Vegas, NV",1.5046,
ifa_west_merge,84116,ifa,UT,IFA,IFA_02,IFA,,49035,41620,4967000,"IFA Las Vegas-Henderson-North Las Vegas, NV",0.0,no cell in the extract: territory at zero opportunity
ifa_west_merge,84117,ifa,UT,IFA,IFA_02,IFA,,49035,41620,4936070,"IFA Las Vegas-Henderson-North Las Vegas, NV",1.68712,
ifa_west_merge,84118,ifa,UT,IFA,IFA_02,IFA,,49035,41620,4983470,"IFA Las Vegas-Henderson-North Las Vegas, NV",0.0,no cell in the extract: territory at zero opportunity
ifa_west_merge,84119,ifa,UT,IFA,IFA_02,IFA,,49035,41620,4983470,"IFA Las Vegas-Henderson-North Las Vegas, NV",0.0,no cell in the extract: territory at zero opportunity
ifa_west_merge,84120,ifa,UT,IFA,IFA_02,IFA,,49035,41620,4983470,"IFA Las Vegas-Henderson-North Las Vegas, NV",0.0,no cell in the extract: territory at zero opportunity
ifa_west_merge,84121,ifa,UT,IFA,IFA_02,IFA,,49035,41620,4908570,"IFA Las Vegas-Henderson-North Las Vegas, NV",38.9285,
ifa_west_merge,84123,ifa,UT,IFA,IFA_02,IFA,,49035,41620,4975360,"IFA Las Vegas-Henderson-North Las Vegas, NV",2.34008,
ifa_west_merge,84124,ifa,UT,IFA,IFA_02,IFA,,49035,41620,4950150,"IFA Las Vegas-Henderson-North Las Vegas, NV",10.4968,
ifa_west_merge,84128,ifa,UT,IFA,IFA_02,IFA,,49035,41620,4983470,"IFA Las Vegas-Henderson-North Las Vegas, NV",0.0,no cell in the extract: territory at zero opportunity
ifa_west_merge,84129,ifa,UT,IFA,IFA_02,IFA,,49035,41620,4975360,"IFA Las Vegas-Henderson-North Las Vegas, NV",0.232109,
ifa_west_merge,84138,ifa,UT,IFA,IFA_02,IFA,,49035,41620,4967000,"IFA Las Vegas-Henderson-North Las Vegas, NV",0.0,no cell in the extract: territory at zero opportunity
ifa_west_merge,84150,ifa,UT,IFA,IFA_02,IFA,,49035,41620,4967000,"IFA Las Vegas-Henderson-North Las Vegas, NV",0.0,no cell in the extract: territory at zero opportunity
ifa_west_merge,84180,ifa,UT,IFA,IFA_02,IFA,,49035,41620,4967000,"IFA Las Vegas-Henderson-North Las Vegas, NV",0.0,no cell in the extract: territory at zero opportunity
ifa_west_merge,84301,ifa,UT,IFA,IFA_02,IFA,,49003,14940,4903950,"IFA Las Vegas-Henderson-North Las Vegas, NV",0.0,no cell in the extract: territory at zero opportunity
ifa_west_merge,84302,ifa,UT,IFA,IFA_02,IFA,,49003,14940,4908460,"IFA Las Vegas-Henderson-North Las Vegas, NV",0.980652,
ifa_west_merge,84304,ifa,UT,IFA,IFA_02,IFA,,49005,30860,4909725,"IFA Las Vegas-Henderson-North Las Vegas, NV",0.0,no cell in the extract: territory at zero opportunity
ifa_west_merge,84305,ifa,UT,IFA,IFA_02,IFA,,49005,30860,4913190,"IFA Las Vegas-Henderson-North Las Vegas, NV",0.0,no cell in the extract: territory at zero opportunity
ifa_west_merge,84306,ifa,UT,IFA,IFA_02,IFA,,49003,14940,,"IFA Las Vegas-Henderson-North Las Vegas, NV",0.0,no cell in the extract: territory at zero opportunity
ifa_west_merge,84307,ifa,UT,IFA,IFA_02,IFA,,49003,14940,4915830,"IFA Las Vegas-Henderson-North Las Vegas, NV",0.0,no cell in the extract: territory at zero opportunity
ifa_west_merge,84308,ifa,UT,IFA,IFA_02,IFA,,49005,30860,4915940,"IFA Las Vegas-Henderson-North Las Vegas, NV",0.0,no cell in the extract: territory at zero opportunity
ifa_west_merge,84309,ifa,UT,IFA,IFA_02,IFA,,49003,14940,4919680,"IFA Las Vegas-Henderson-North Las Vegas, NV",0.0,no cell in the extract: territory at zero opportunity
ifa_west_merge,84310,ifa,UT,IFA,IFA_02,IFA,,49057,36260,4944870,"IFA Las Vegas-Henderson-North Las Vegas, NV",0.0,no cell in the extract: territory at zero opportunity
ifa_west_merge,84311,ifa,UT,IFA,IFA_02,IFA,,49003,14940,4964230,"IFA Las Vegas-Henderson-North Las Vegas, NV",0.0,no cell in the extract: territory at zero opportunity
ifa_west_merge,84312,ifa,UT,IFA,IFA_02,IFA,,49003,14940,4964230,"IFA Las Vegas-Henderson-North Las Vegas, NV",0.0,no cell in the extract: territory at zero opportunity
ifa_west_merge,84313,ifa,UT,IFA,IFA_02,IFA,,49003,14940,,"IFA Las Vegas-Henderson-North Las Vegas, NV",0.0,no cell in the extract: territory at zero opportunity
ifa_west_merge,84314,ifa,UT,IFA,IFA_02,IFA,,49003,14940,4936290,"IFA Las Vegas-Henderson-North Las Vegas, NV",0.0,no cell in the extract: territory at zero opportunity
ifa_west_merge,84315,ifa,UT,IFA,IFA_02,IFA,,49057,36260,4936400,"IFA Las Vegas-Henderson-North Las Vegas, NV",0.0,no cell in the extract: territory at zero opportunity
ifa_west_merge,84316,ifa,UT,IFA,IFA_02,IFA,,49003,14940,4936620,"IFA Las Vegas-Henderson-North Las Vegas, NV",0.0,no cell in the extract: territory at zero opportunity
ifa_west_merge,84317,ifa,UT,IFA,IFA_02,IFA,,49057,36260,4937060,"IFA Las Vegas-Henderson-North Las Vegas, NV",0.0,no cell in the extract: territory at zero opportunity
ifa_west_merge,84318,ifa,UT,IFA,IFA_02,IFA,,49005,30860,4937390,"IFA Las Vegas-Henderson-North Las Vegas, NV",0.0,no cell in the extract: territory at zero opportunity
ifa_west_merge,84319,ifa,UT,IFA,IFA_02,IFA,,49005,30860,4937500,"IFA Las Vegas-Henderson-North Las Vegas, NV",0.0,no cell in the extract: territory at zero opportunity
ifa_west_merge,84320,ifa,UT,IFA,IFA_02,IFA,,49005,30860,4944760,"IFA Las Vegas-Henderson-North Las Vegas, NV",0.0,no cell in the extract: territory at zero opportunity
ifa_west_merge,84321,ifa,UT,IFA,IFA_02,IFA,,49005,30860,4945860,"IFA Las Vegas-Henderson-North Las Vegas, NV",1.71945,
ifa_west_merge,84322,ifa,UT,IFA,IFA_02,IFA,,49005,30860,4945860,"IFA Las Vegas-Henderson-North Las Vegas, NV",0.0,no cell in the extract: territory at zero opportunity
ifa_west_merge,84324,ifa,UT,IFA,IFA_02,IFA,,49003,14940,4947840,"IFA Las Vegas-Henderson-North Las Vegas, NV",0.0,no cell in the extract: territory at zero opportunity
ifa_west_merge,84325,ifa,UT,IFA,IFA_02,IFA,,49005,30860,4959555,"IFA Las Vegas-Henderson-North Las Vegas, NV",0.0,no cell in the extract: territory at zero opportunity
ifa_west_merge,84326,ifa,UT,IFA,IFA_02,IFA,,49005,30860,4950370,"IFA Las Vegas-Henderson-North Las Vegas, NV",0.0,no cell in the extract: territory at zero opportunity
ifa_west_merge,84327,ifa,UT,IFA,IFA_02,IFA,,49005,30860,4909725,"IFA Las Vegas-Henderson-North Las Vegas, NV",0.0,no cell in the extract: territory at zero opportunity
ifa_west_merge,84328,ifa,UT,IFA,IFA_02,IFA,,49005,30860,4902960,"IFA Las Vegas-Henderson-North Las Vegas, NV",0.0,no cell in the extract: territory at zero opportunity
ifa_west_merge,84329,ifa,UT,IFA,IFA_02,IFA,,49003,14940,,"IFA Las Vegas-Henderson-North Las Vegas, NV",0.0,no cell in the extract: territory at zero opportunity
ifa_west_merge,84330,ifa,UT,IFA,IFA_02,IFA,,49003,14940,4961260,"IFA Las Vegas-Henderson-North Las Vegas, NV",0.0,no cell in the extract: territory at zero opportunity
ifa_west_merge,84331,ifa,UT,IFA,IFA_02,IFA,,49003,14940,4961590,"IFA Las Vegas-Henderson-North Las Vegas, NV",0.0,no cell in the extract: territory at zero opportunity
ifa_west_merge,84332,ifa,UT,IFA,IFA_02,IFA,,49005,30860,4962360,"IFA Las Vegas-Henderson-North Las Vegas, NV",0.00620452,
ifa_west_merge,84333,ifa,UT,IFA,IFA_02,IFA,,49005,30860,4963680,"IFA Las Vegas-Henderson-North Las Vegas, NV",0.0,no cell in the extract: territory at zero opportunity
ifa_west_merge,84334,ifa,UT,IFA,IFA_02,IFA,,49003,14940,4964230,"IFA Las Vegas-Henderson-North Las Vegas, NV",0.0,no cell in the extract: territory at zero opportunity
ifa_west_merge,84335,ifa,UT,IFA,IFA_02,IFA,,49005,30860,4905050,"IFA Las Vegas-Henderson-North Las Vegas, NV",3.53543,
ifa_west_merge,84336,ifa,UT,IFA,IFA_02,IFA,,49003,14940,4969970,"IFA Las Vegas-Henderson-North Las Vegas, NV",0.0,no cell in the extract: territory at zero opportunity
ifa_west_merge,84337,ifa,UT,IFA,IFA_02,IFA,,49003,14940,4975800,"IFA Las Vegas-Henderson-North Las Vegas, NV",1.04681,
ifa_west_merge,84338,ifa,UT,IFA,IFA_02,IFA,,49005,30860,4977230,"IFA Las Vegas-Henderson-North Las Vegas, NV",0.0,no cell in the extract: territory at zero opportunity
ifa_west_merge,84339,ifa,UT,IFA,IFA_02,IFA,,49005,30860,4982620,"IFA Las Vegas-Henderson-North Las Vegas, NV",0.0,no cell in the extract: territory at zero opportunity
ifa_west_merge,84340,ifa,UT,IFA,IFA_02,IFA,,49003,14940,4984710,"IFA Las Vegas-Henderson-North Las Vegas, NV",0.0,no cell in the extract: territory at zero opportunity
ifa_west_merge,84341,ifa,UT,IFA,IFA_02,IFA,,49005,30860,4954990,"IFA Las Vegas-Henderson-North Las Vegas, NV",12.3912,
ifa_west_merge,84401,ifa,UT,IFA,IFA_02,IFA,,49057,36260,4982930,"IFA Las Vegas-Henderson-North Las Vegas, NV",4.12989,
ifa_west_merge,84403,ifa,UT,IFA,IFA_02,IFA,,49057,36260,4955980,"IFA Las Vegas-Henderson-North Las Vegas, NV",8.38637,
ifa_west_merge,84404,ifa,UT,IFA,IFA_02,IFA,,49057,36260,4960710,"IFA Las Vegas-Henderson-North Las Vegas, NV",1.14762,
ifa_west_merge,84405,ifa,UT,IFA,IFA_02,IFA,,49057,36260,4971180,"IFA Las Vegas-Henderson-North Las Vegas, NV",7.64935,
ifa_west_merge,84408,ifa,UT,IFA,IFA_02,IFA,,49057,36260,4955980,"IFA Las Vegas-Henderson-North Las Vegas, NV",0.0,no cell in the extract: territory at zero opportunity
ifa_west_merge,84414,ifa,UT,IFA,IFA_02,IFA,,49057,36260,4955100,"IFA Las Vegas-Henderson-North Las Vegas, NV",2.11806,
ifa_west_merge,84501,ifa,UT,IFA,IFA_02,IFA,,49007,39220,4962030,"IFA Las Vegas-Henderson-North Las Vegas, NV",0.368168,
ifa_west_merge,84511,ifa,UT,IFA,IFA_02,IFA,,49037,,4984095,"IFA Las Vegas-Henderson-North Las Vegas, NV",0.289694,
ifa_west_merge,84512,ifa,UT,IFA,IFA_02,IFA,,49037,,4906700,"IFA Las Vegas-Henderson-North Las Vegas, NV",0.0,no cell in the extract: territory at zero opportunity
ifa_west_merge,84513,ifa,UT,IFA,IFA_02,IFA,,49015,,4910660,"IFA Las Vegas-Henderson-North Las Vegas, NV",0.0,no cell in the extract: territory at zero opportunity
ifa_west_merge,84515,ifa,UT,IFA,IFA_02,IFA,,49019,,,"IFA Las Vegas-Henderson-North Las Vegas, NV",0.0,no cell in the extract: territory at zero opportunity
ifa_west_merge,84516,ifa,UT,IFA,IFA_02,IFA,,49015,,4913300,"IFA Las Vegas-Henderson-North Las Vegas, NV",0.0,no cell in the extract: territory at zero opportunity
ifa_west_merge,84518,ifa,UT,IFA,IFA_02,IFA,,49015,,4914070,"IFA Las Vegas-Henderson-North Las Vegas, NV",0.0,no cell in the extract: territory at zero opportunity
ifa_west_merge,84520,ifa,UT,IFA,IFA_02,IFA,,49007,39220,4920890,"IFA Las Vegas-Henderson-North Las Vegas, NV",0.0,no cell in the extract: territory at zero opportunity
ifa_west_merge,84521,ifa,UT,IFA,IFA_02,IFA,,49015,,4922540,"IFA Las Vegas-Henderson-North Las Vegas, NV",0.0,no cell in the extract: territory at zero opportunity
ifa_west_merge,84522,ifa,UT,IFA,IFA_02,IFA,,49015,,4922870,"IFA Las Vegas-Henderson-North Las Vegas, NV",0.0,no cell in the extract: territory at zero opportunity
ifa_west_merge,84523,ifa,UT,IFA,IFA_02,IFA,,49015,,4925180,"IFA Las Vegas-Henderson-North Las Vegas, NV",0.0,no cell in the extract: territory at zero opportunity
ifa_west_merge,84525,ifa,UT,IFA,IFA_02,IFA,,49015,,4931670,"IFA Las Vegas-Henderson-North Las Vegas, NV",0.0,no cell in the extract: territory at zero opportunity
ifa_west_merge,84526,ifa,UT,IFA,IFA_02,IFA,,49007,39220,4972060,"IFA Las Vegas-Henderson-North Las Vegas, NV",0.0,no cell in the extract: territory at zero opportunity
ifa_west_merge,84528,ifa,UT,IFA,IFA_02,IFA,,49015,,4936950,"IFA Las Vegas-Henderson-North Las Vegas, NV",0.0,no cell in the extract: territory at zero opportunity
ifa_west_merge,84529,ifa,UT,IFA,IFA_02,IFA,,49007,39220,4941020,"IFA Las Vegas-Henderson-North Las Vegas, NV",0.0,no cell in the extract: territory at zero opportunity
ifa_west_merge,84530,ifa,UT,IFA,IFA_02,IFA,,49037,,4943110,"IFA Las Vegas-Henderson-North Las Vegas, NV",0.0,no cell in the extract: territory at zero opportunity
ifa_west_merge,84531,ifa,UT,IFA,IFA_02,IFA,,49037,,4933002,"IFA Las Vegas-Henderson-North Las Vegas, NV",0.0,no cell in the extract: territory at zero opportunity
ifa_west_merge,84532,ifa,UT,IFA,IFA_02,IFA,,49019,,4971455,"IFA Las Vegas-Henderson-North Las Vegas, NV",0.0,no cell in the extract: territory at zero opportunity
ifa_west_merge,84533,ifa,UT,IFA,IFA_02,IFA,,49037,,4933027,"IFA Las Vegas-Henderson-North Las Vegas, NV",0.0,no cell in the extract: territory at zero opportunity
ifa_west_merge,84534,ifa,UT,IFA,IFA_02,IFA,,49037,,4951470,"IFA Las Vegas-Henderson-North Las Vegas, NV",0.0,no cell in the extract: territory at zero opportunity
ifa_west_merge,84535,ifa,UT,IFA,IFA_02,IFA,,49037,,4951580,"IFA Las Vegas-Henderson-North Las Vegas, NV",0.0,no cell in the extract: territory at zero opportunity
ifa_west_merge,84536,ifa,UT,IFA,IFA_02,IFA,,49037,,4956440,"IFA Las Vegas-Henderson-North Las Vegas, NV",0.0,no cell in the extract: territory at zero opportunity
ifa_west_merge,84537,ifa,UT,IFA,IFA_02,IFA,,49015,,4956860,"IFA Las Vegas-Henderson-North Las Vegas, NV",0.0,no cell in the extract: territory at zero opportunity
ifa_west_merge,84539,ifa,UT,IFA,IFA_02,IFA,,49007,39220,4920890,"IFA Las Vegas-Henderson-North Las Vegas, NV",0.0,no cell in the extract: territory at zero opportunity
ifa_west_merge,84540,ifa,UT,IFA,IFA_02,IFA,,49019,,4976180,"IFA Las Vegas-Henderson-North Las Vegas, NV",0.0,no cell in the extract: territory at zero opportunity
ifa_west_merge,84542,ifa,UT,IFA,IFA_02,IFA,,49007,39220,4982510,"IFA Las Vegas-Henderson-North Las Vegas, NV",0.0,no cell in the extract: territory at zero opportunity
ifa_west_merge,84601,ifa,UT,IFA,IFA_02,IFA,,49049,39340,4962470,"IFA Las Vegas-Henderson-North Las Vegas, NV",6.0399,
ifa_west_merge,84602,ifa,UT,IFA,IFA_02,IFA,,49049,39340,4962470,"IFA Las Vegas-Henderson-North Las Vegas, NV",0.0,no cell in the extract: territory at zero opportunity
ifa_west_merge,84604,ifa,UT,IFA,IFA_02,IFA,,49049,39340,4962470,"IFA Las Vegas-Henderson-North Las Vegas, NV",3.58092,
ifa_west_merge,84606,ifa,UT,IFA,IFA_02,IFA,,49049,39340,4962470,"IFA Las Vegas-Henderson-North Las Vegas, NV",0.0,no cell in the extract: territory at zero opportunity
ifa_west_merge,84620,ifa,UT,IFA,IFA_02,IFA,,49041,,4902740,"IFA Las Vegas-Henderson-North Las Vegas, NV",0.0,no cell in the extract: territory at zero opportunity
ifa_west_merge,84621,ifa,UT,IFA,IFA_02,IFA,,49039,,,"IFA Las Vegas-Henderson-North Las Vegas, NV",0.0,no cell in the extract: territory at zero opportunity
ifa_west_merge,84622,ifa,UT,IFA,IFA_02,IFA,,49039,,4911870,"IFA Las Vegas-Henderson-North Las Vegas, NV",0.0,no cell in the extract: territory at zero opportunity
ifa_west_merge,84623,ifa,UT,IFA,IFA_02,IFA,,49039,,,"IFA Las Vegas-Henderson-North Las Vegas, NV",0.0,no cell in the extract: territory at zero opportunity
ifa_west_merge,84624,ifa,UT,IFA,IFA_02,IFA,,49027,,4918910,"IFA Las Vegas-Henderson-North Las Vegas, NV",0.0,no cell in the extract: territory at zero opportunity
ifa_west_merge,84626,ifa,UT,IFA,IFA_02,IFA,,49049,39340,4922210,"IFA Las Vegas-Henderson-North Las Vegas, NV",0.0,no cell in the extract: territory at zero opportunity
ifa_west_merge,84627,ifa,UT,IFA,IFA_02,IFA,,49039,,4923530,"IFA Las Vegas-Henderson-North Las Vegas, NV",0.0,no cell in the extract: territory at zero opportunity
ifa_west_merge,84628,ifa,UT,IFA,IFA_02,IFA,,49023,39340,4924080,"IFA Las Vegas-Henderson-North Las Vegas, NV",0.0,no cell in the extract: territory at zero opportunity
ifa_west_merge,84629,ifa,UT,IFA,IFA_02,IFA,,49039,,4924630,"IFA Las Vegas-Henderson-North Las Vegas, NV",0.0,no cell in the extract: territory at zero opportunity
ifa_west_merge,84630,ifa,UT,IFA,IFA_02,IFA,,49039,,4925070,"IFA Las Vegas-Henderson-North Las Vegas, NV",0.0,no cell in the extract: territory at zero opportunity
ifa_west_merge,84631,ifa,UT,IFA,IFA_02,IFA,,49027,,4925510,"IFA Las Vegas-Henderson-North Las Vegas, NV",0.0,no cell in the extract: territory at zero opportunity
ifa_west_merge,84632,ifa,UT,IFA,IFA_02,IFA,,49039,,4926720,"IFA Las Vegas-Henderson-North Las Vegas, NV",0.994313,
ifa_west_merge,84633,ifa,UT,IFA,IFA_02,IFA,,49049,39340,4930130,"IFA Las Vegas-Henderson-North Las Vegas, NV",0.0,no cell in the extract: territory at zero opportunity
ifa_west_merge,84634,ifa,UT,IFA,IFA_02,IFA,,49039,,4932660,"IFA Las Vegas-Henderson-North Las Vegas, NV",0.0,no cell in the extract: territory at zero opportunity
ifa_west_merge,84635,ifa,UT,IFA,IFA_02,IFA,,49027,,4935740,"IFA Las Vegas-Henderson-North Las Vegas, NV",0.0,no cell in the extract: territory at zero opportunity
ifa_west_merge,84636,ifa,UT,IFA,IFA_02,IFA,,49027,,4935960,"IFA Las Vegas-Henderson-North Las Vegas, NV",0.0,no cell in the extract: territory at zero opportunity
ifa_west_merge,84637,ifa,UT,IFA,IFA_02,IFA,,49027,,4940250,"IFA Las Vegas-Henderson-North Las Vegas, NV",0.0,no cell in the extract: territory at zero opportunity
ifa_west_merge,84638,ifa,UT,IFA,IFA_02,IFA,,49027,,4943880,"IFA Las Vegas-Henderson-North Las Vegas, NV",0.0,no cell in the extract: territory at zero opportunity
ifa_west_merge,84639,ifa,UT,IFA,IFA_02,IFA,,49023,39340,4944650,"IFA Las Vegas-Henderson-North Las Vegas, NV",0.0,no cell in the extract: territory at zero opportunity
ifa_west_merge,84640,ifa,UT,IFA,IFA_02,IFA,,49027,,4946740,"IFA Las Vegas-Henderson-North Las Vegas, NV",0.0,no cell in the extract: territory at zero opportunity
ifa_west_merge,84642,ifa,UT,IFA,IFA_02,IFA,,49039,,4947730,"IFA Las Vegas-Henderson-North Las Vegas, NV",0.0,no cell in the extract: territory at zero opportunity
ifa_west_merge,84643,ifa,UT,IFA,IFA_02,IFA,,49039,,4948720,"IFA Las Vegas-Henderson-North Las Vegas, NV",0.0,no cell in the extract: territory at zero opportunity
ifa_west_merge,84644,ifa,UT,IFA,IFA_02,IFA,,49027,,4948830,"IFA Las Vegas-Henderson-North Las Vegas, NV",0.0,no cell in the extract: territory at zero opportunity
ifa_west_merge,84645,ifa,UT,IFA,IFA_02,IFA,,49023,39340,4951140,"IFA Las Vegas-Henderson-North Las Vegas, NV",0.0,no cell in the extract: territory at zero opportunity
ifa_west_merge,84646,ifa,UT,IFA,IFA_02,IFA,,49039,,4952130,"IFA Las Vegas-Henderson-North Las Vegas, NV",0.0,no cell in the extract: territory at zero opportunity
ifa_west_merge,84647,ifa,UT,IFA,IFA_02,IFA,,49039,,4953010,"IFA Las Vegas-Henderson-North Las Vegas, NV",0.0,no cell in the extract: territory at zero opportunity
ifa_west_merge,84648,ifa,UT,IFA,IFA_02,IFA,,49023,39340,4954220,"IFA Las Vegas-Henderson-North Las Vegas, NV",0.0,no cell in the extract: territory at zero opportunity
ifa_west_merge,84649,ifa,UT,IFA,IFA_02,IFA,,49027,,4955430,"IFA Las Vegas-Henderson-North Las Vegas, NV",0.0,no cell in the extract: territory at zero opportunity
ifa_west_merge,84651,ifa,UT,IFA,IFA_02,IFA,,49049,39340,4958730,"IFA Las Vegas-Henderson-North Las Vegas, NV",0.00821947,
ifa_west_merge,84652,ifa,UT,IFA,IFA_02,IFA,,49041,,4963240,"IFA Las Vegas-Henderson-North Las Vegas, NV",0.428622,
ifa_west_merge,84653,ifa,UT,IFA,IFA_02,IFA,,49049,39340,4965770,"IFA Las Vegas-Henderson-North Las Vegas, NV",0.0211879,
ifa_west_merge,84654,ifa,UT,IFA,IFA_02,IFA,,49041,,4965880,"IFA Las Vegas-Henderson-North Las Vegas, NV",0.0,no cell in the extract: territory at zero opportunity
ifa_west_merge,84655,ifa,UT,IFA,IFA_02,IFA,,49049,39340,4928810,"IFA Las Vegas-Henderson-North Las Vegas, NV",0.0,no cell in the extract: territory at zero opportunity
ifa_west_merge,84656,ifa,UT,IFA,IFA_02,IFA,,49027,,4967880,"IFA Las Vegas-Henderson-North Las Vegas, NV",0.0,no cell in the extract: territory at zero opportunity
ifa_west_merge,84657,ifa,UT,IFA,IFA_02,IFA,,49041,,4968650,"IFA Las Vegas-Henderson-North Las Vegas, NV",0.0,no cell in the extract: territory at zero opportunity
ifa_west_merge,84660,ifa,UT,IFA,IFA_02,IFA,,49049,39340,4971290,"IFA Las Vegas-Henderson-North Las Vegas, NV",0.453407,
ifa_west_merge,84662,ifa,UT,IFA,IFA_02,IFA,,49039,,4971730,"IFA Las Vegas-Henderson-North Las Vegas, NV",0.0,no cell in the extract: territory at zero opportunity
ifa_west_merge,84663,ifa,UT,IFA,IFA_02,IFA,,49049,39340,4972280,"IFA Las Vegas-Henderson-North Las Vegas, NV",1.56062,
ifa_west_merge,84664,ifa,UT,IFA,IFA_02,IFA,,49049,39340,4947950,"IFA Las Vegas-Henderson-North Las Vegas, NV",2.28628,
ifa_west_merge,84665,ifa,UT,IFA,IFA_02,IFA,,49039,,4972940,"IFA Las Vegas-Henderson-North Las Vegas, NV",0.0,no cell in the extract: territory at zero opportunity
ifa_west_merge,84667,ifa,UT,IFA,IFA_02,IFA,,49039,,4980860,"IFA Las Vegas-Henderson-North Las Vegas, NV",0.0,no cell in the extract: territory at zero opportunity
ifa_west_merge,84701,ifa,UT,IFA,IFA_02,IFA,,49041,,4963570,"IFA Las Vegas-Henderson-North Las Vegas, NV",7.64777,
ifa_west_merge,84710,ifa,UT,IFA,IFA_02,IFA,,49025,,4900870,"IFA Las Vegas-Henderson-North Las Vegas, NV",0.0,no cell in the extract: territory at zero opportunity
ifa_west_merge,84711,ifa,UT,IFA,IFA_02,IFA,,49041,,4901750,"IFA Las Vegas-Henderson-North Las Vegas, NV",0.0,no cell in the extract: territory at zero opportunity
ifa_west_merge,84712,ifa,UT,IFA,IFA_02,IFA,,49031,,4901860,"IFA Las Vegas-Henderson-North Las Vegas, NV",0.0,no cell in the extract: territory at zero opportunity
ifa_west_merge,84713,ifa,UT,IFA,IFA_02,IFA,,49001,,4904060,"IFA Las Vegas-Henderson-North Las Vegas, NV",0.0,no cell in the extract: territory at zero opportunity
ifa_west_merge,84714,ifa,UT,IFA,IFA_02,IFA,,49021,16260,4905380,"IFA Las Vegas-Henderson-North Las Vegas, NV",0.0,no cell in the extract: territory at zero opportunity
ifa_west_merge,84715,ifa,UT,IFA,IFA_02,IFA,,49055,,4905490,"IFA Las Vegas-Henderson-North Las Vegas, NV",0.0,no cell in the extract: territory at zero opportunity
ifa_west_merge,84716,ifa,UT,IFA,IFA_02,IFA,,49017,,4907470,"IFA Las Vegas-Henderson-North Las Vegas, NV",0.0,no cell in the extract: territory at zero opportunity
ifa_west_merge,84718,ifa,UT,IFA,IFA_02,IFA,,49017,,4910330,"IFA Las Vegas-Henderson-North Las Vegas, NV",0.0,no cell in the extract: territory at zero opportunity
ifa_west_merge,84719,ifa,UT,IFA,IFA_02,IFA,,49021,16260,4908020,"IFA Las Vegas-Henderson-North Las Vegas, NV",0.0,no cell in the extract: territory at zero opportunity
ifa_west_merge,84720,ifa,UT,IFA,IFA_02,IFA,,49021,16260,4911320,"IFA Las Vegas-Henderson-North Las Vegas, NV",0.0,no cell in the extract: territory at zero opportunity
ifa_west_merge,84721,ifa,UT,IFA,IFA_02,IFA,,49021,16260,4911320,"IFA Las Vegas-Henderson-North Las Vegas, NV",10.9682,
ifa_west_merge,84722,ifa,UT,IFA,IFA_02,IFA,,49053,41100,4912200,"IFA Las Vegas-Henderson-North Las Vegas, NV",0.0,no cell in the extract: territory at zero opportunity
ifa_west_merge,84723,ifa,UT,IFA,IFA_02,IFA,,49031,,4912970,"IFA Las Vegas-Henderson-North Las Vegas, NV",0.0,no cell in the extract: territory at zero opportunity
ifa_west_merge,84724,ifa,UT,IFA,IFA_02,IFA,,49041,,4922650,"IFA Las Vegas-Henderson-North Las Vegas, NV",0.0,no cell in the extract: territory at zero opportunity
ifa_west_merge,84725,ifa,UT,IFA,IFA_02,IFA,,49053,41100,4923420,"IFA Las Vegas-Henderson-North Las Vegas, NV",0.0,no cell in the extract: territory at zero opportunity
ifa_west_merge,84726,ifa,UT,IFA,IFA_02,IFA,,49017,,4923750,"IFA Las Vegas-Henderson-North Las Vegas, NV",0.0,no cell in the extract: territory at zero opportunity
ifa_west_merge,84728,ifa,UT,IFA,IFA_02,IFA,,49027,,,"IFA Las Vegas-Henderson-North Las Vegas, NV",0.0,no cell in the extract: territory at zero opportunity
ifa_west_merge,84729,ifa,UT,IFA,IFA_02,IFA,,49025,,4929360,"IFA Las Vegas-Henderson-North Las Vegas, NV",0.0,no cell in the extract: territory at zero opportunity
ifa_west_merge,84730,ifa,UT,IFA,IFA_02,IFA,,49041,,4929580,"IFA Las Vegas-Henderson-North Las Vegas, NV",0.0,no cell in the extract: territory at zero opportunity
ifa_west_merge,84731,ifa,UT,IFA,IFA_02,IFA,,49001,,,"IFA Las Vegas-Henderson-North Las Vegas, NV",0.0,no cell in the extract: territory at zero opportunity
ifa_west_merge,84732,ifa,UT,IFA,IFA_02,IFA,,49031,,,"IFA Las Vegas-Henderson-North Las Vegas, NV",0.0,no cell in the extract: territory at zero opportunity
ifa_west_merge,84733,ifa,UT,IFA,IFA_02,IFA,,49053,41100,,"IFA Las Vegas-Henderson-North Las Vegas, NV",0.0,no cell in the extract: territory at zero opportunity
ifa_west_merge,84734,ifa,UT,IFA,IFA_02,IFA,,49055,,4933100,"IFA Las Vegas-Henderson-North Las Vegas, NV",0.0,no cell in the extract: territory at zero opportunity
ifa_west_merge,84735,ifa,UT,IFA,IFA_02,IFA,,49017,,4933760,"IFA Las Vegas-Henderson-North Las Vegas, NV",0.0,no cell in the extract: territory at zero opportunity
ifa_west_merge,84736,ifa,UT,IFA,IFA_02,IFA,,49017,,4934750,"IFA Las Vegas-Henderson-North Las Vegas, NV",0.0,no cell in the extract: territory at zero opportunity
ifa_west_merge,84737,ifa,UT,IFA,IFA_02,IFA,,49053,41100,4937170,"IFA Las Vegas-Henderson-North Las Vegas, NV",1.7848,
ifa_west_merge,84738,ifa,UT,IFA,IFA_02,IFA,,49053,41100,4938710,"IFA Las Vegas-Henderson-North Las Vegas, NV",0.615574,
ifa_west_merge,84739,ifa,UT,IFA,IFA_02,IFA,,49041,,4939370,"IFA Las Vegas-Henderson-North Las Vegas, NV",0.0,no cell in the extract: territory at zero opportunity
ifa_west_merge,84740,ifa,UT,IFA,IFA_02,IFA,,49031,,4939590,"IFA Las Vegas-Henderson-North Las Vegas, NV",0.0,no cell in the extract: territory at zero opportunity
ifa_west_merge,84741,ifa,UT,IFA,IFA_02,IFA,,49025,,4939920,"IFA Las Vegas-Henderson-North Las Vegas, NV",0.0,no cell in the extract: territory at zero opportunity
ifa_west_merge,84742,ifa,UT,IFA,IFA_02,IFA,,49021,16260,4940030,"IFA Las Vegas-Henderson-North Las Vegas, NV",0.0,no cell in the extract: territory at zero opportunity
ifa_west_merge,84743,ifa,UT,IFA,IFA_02,IFA,,49031,,4941350,"IFA Las Vegas-Henderson-North Las Vegas, NV",0.0,no cell in the extract: territory at zero opportunity
ifa_west_merge,84744,ifa,UT,IFA,IFA_02,IFA,,49041,,4941680,"IFA Las Vegas-Henderson-North Las Vegas, NV",0.0,no cell in the extract: territory at zero opportunity
ifa_west_merge,84745,ifa,UT,IFA,IFA_02,IFA,,49053,41100,4943440,"IFA Las Vegas-Henderson-North Las Vegas, NV",0.0,no cell in the extract: territory at zero opportunity
ifa_west_merge,84746,ifa,UT,IFA,IFA_02,IFA,,49053,41100,4944100,"IFA Las Vegas-Henderson-North Las Vegas, NV",0.0,no cell in the extract: territory at zero opportunity
ifa_west_merge,84747,ifa,UT,IFA,IFA_02,IFA,,49055,,4927270,"IFA Las Vegas-Henderson-North Las Vegas, NV",0.0,no cell in the extract: territory at zero opportunity
ifa_west_merge,84749,ifa,UT,IFA,IFA_02,IFA,,49055,,4946410,"IFA Las Vegas-Henderson-North Las Vegas, NV",0.0,no cell in the extract: territory at zero opportunity
ifa_west_merge,84750,ifa,UT,IFA,IFA_02,IFA,,49031,,4948610,"IFA Las Vegas-Henderson-North Las Vegas, NV",0.0,no cell in the extract: territory at zero opportunity
ifa_west_merge,84751,ifa,UT,IFA,IFA_02,IFA,,49001,,4950040,"IFA Las Vegas-Henderson-North Las Vegas, NV",0.0,no cell in the extract: territory at zero opportunity
ifa_west_merge,84752,ifa,UT,IFA,IFA_02,IFA,,49001,,4950590,"IFA Las Vegas-Henderson-North Las Vegas, NV",0.0,no cell in the extract: territory at zero opportunity
ifa_west_merge,84753,ifa,UT,IFA,IFA_02,IFA,,49021,16260,4950810,"IFA Las Vegas-Henderson-North Las Vegas, NV",0.0,no cell in the extract: territory at zero opportunity
ifa_west_merge,84754,ifa,UT,IFA,IFA_02,IFA,,49041,,4951360,"IFA Las Vegas-Henderson-North Las Vegas, NV",0.0,no cell in the extract: territory at zero opportunity
ifa_west_merge,84755,ifa,UT,IFA,IFA_02,IFA,,49025,,4957080,"IFA Las Vegas-Henderson-North Las Vegas, NV",0.0,no cell in the extract: territory at zero opportunity
ifa_west_merge,84756,ifa,UT,IFA,IFA_02,IFA,,49021,16260,4954330,"IFA Las Vegas-Henderson-North Las Vegas, NV",0.0,no cell in the extract: territory at zero opportunity
ifa_west_merge,84757,ifa,UT,IFA,IFA_02,IFA,,49053,41100,4954440,"IFA Las Vegas-Henderson-North Las Vegas, NV",0.0,no cell in the extract: territory at zero opportunity
ifa_west_merge,84758,ifa,UT,IFA,IFA_02,IFA,,49025,,4957080,"IFA Las Vegas-Henderson-North Las Vegas, NV",0.0,no cell in the extract: territory at zero opportunity
ifa_west_merge,84759,ifa,UT,IFA,IFA_02,IFA,,49017,,4957740,"IFA Las Vegas-Henderson-North Las Vegas, NV",0.0,no cell in the extract: territory at zero opportunity
ifa_west_merge,84760,ifa,UT,IFA,IFA_02,IFA,,49021,16260,4957960,"IFA Las Vegas-Henderson-North Las Vegas, NV",0.0,no cell in the extract: territory at zero opportunity
ifa_west_merge,84761,ifa,UT,IFA,IFA_02,IFA,,49021,16260,4958510,"IFA Las Vegas-Henderson-North Las Vegas, NV",0.0,no cell in the extract: territory at zero opportunity
ifa_west_merge,84762,ifa,UT,IFA,IFA_02,IFA,,49025,,,"IFA Las Vegas-Henderson-North Las Vegas, NV",0.0,no cell in the extract: territory at zero opportunity
ifa_west_merge,84763,ifa,UT,IFA,IFA_02,IFA,,49053,41100,4964560,"IFA Las Vegas-Henderson-North Las Vegas, NV",0.0,no cell in the extract: territory at zero opportunity
ifa_west_merge,84764,ifa,UT,IFA,IFA_02,IFA,,49017,,4908787,"IFA Las Vegas-Henderson-North Las Vegas, NV",0.0,no cell in the extract: territory at zero opportunity
ifa_west_merge,84765,ifa,UT,IFA,IFA_02,IFA,,49053,41100,4967660,"IFA Las Vegas-Henderson-North Las Vegas, NV",0.0,no cell in the extract: territory at zero opportunity
ifa_west_merge,84766,ifa,UT,IFA,IFA_02,IFA,,49041,,,"IFA Las Vegas-Henderson-North Las Vegas, NV",0.0,no cell in the extract: territory at zero opportunity
ifa_west_merge,84767,ifa,UT,IFA,IFA_02,IFA,,49053,41100,4971840,"IFA Las Vegas-Henderson-North Las Vegas, NV",0.0,no cell in the extract: territory at zero opportunity
ifa_west_merge,84770,ifa,UT,IFA,IFA_02,IFA,,49053,41100,4965330,"IFA Las Vegas-Henderson-North Las Vegas, NV",1.20608,
ifa_west_merge,84772,ifa,UT,IFA,IFA_02,IFA,,49021,16260,4974040,"IFA Las Vegas-Henderson-North Las Vegas, NV",0.0,no cell in the extract: territory at zero opportunity
ifa_west_merge,84773,ifa,UT,IFA,IFA_02,IFA,,49055,,4975470,"IFA Las Vegas-Henderson-North Las Vegas, NV",0.0,no cell in the extract: territory at zero opportunity
ifa_west_merge,84774,ifa,UT,IFA,IFA_02,IFA,,49053,41100,4976900,"IFA Las Vegas-Henderson-North Las Vegas, NV",0.0,no cell in the extract: territory at zero opportunity
ifa_west_merge,84775,ifa,UT,IFA,IFA_02,IFA,,49055,,4977010,"IFA Las Vegas-Henderson-North Las Vegas, NV",0.0,no cell in the extract: territory at zero opportunity
ifa_west_merge,84776,ifa,UT,IFA,IFA_02,IFA,,49017,,4977560,"IFA Las Vegas-Henderson-North Las Vegas, NV",0.0,no cell in the extract: territory at zero opportunity
ifa_west_merge,84779,ifa,UT,IFA,IFA_02,IFA,,49053,41100,4980530,"IFA Las Vegas-Henderson-North Las Vegas, NV",0.0,no cell in the extract: territory at zero opportunity
ifa_west_merge,84780,ifa,UT,IFA,IFA_02,IFA,,49053,41100,4981960,"IFA Las Vegas-Henderson-North Las Vegas, NV",0.222328,
ifa_west_merge,84781,ifa,UT,IFA,IFA_02,IFA,,49053,41100,4960270,"IFA Las Vegas-Henderson-North Las Vegas, NV",0.0,no cell in the extract: territory at zero opportunity
ifa_west_merge,84782,ifa,UT,IFA,IFA_02,IFA,,49053,41100,4980310,"IFA Las Vegas-Henderson-North Las Vegas, NV",0.0,no cell in the extract: territory at zero opportunity
ifa_west_merge,84783,ifa,UT,IFA,IFA_02,IFA,,49053,41100,4918090,"IFA Las Vegas-Henderson-North Las Vegas, NV",0.0,no cell in the extract: territory at zero opportunity
ifa_west_merge,84784,ifa,UT,IFA,IFA_02,IFA,,49053,41100,4935300,"IFA Las Vegas-Henderson-North Las Vegas, NV",0.0,no cell in the extract: territory at zero opportunity
ifa_west_merge,84790,ifa,UT,IFA,IFA_02,IFA,,49053,41100,4965330,"IFA Las Vegas-Henderson-North Las Vegas, NV",11.2678,
ifa_west_merge,85003,ifa,AZ,IFA,IFA_01,IFA,,04013,38060,0455000,"IFA Phoenix-Mesa-Chandler, AZ",0.0,no cell in the extract: territory at zero opportunity
ifa_west_merge,85004,ifa,AZ,IFA,IFA_01,IFA,,04013,38060,0455000,"IFA Phoenix-Mesa-Chandler, AZ",0.067232,
ifa_west_merge,85006,ifa,AZ,IFA,IFA_01,IFA,,04013,38060,0455000,"IFA Phoenix-Mesa-Chandler, AZ",0.0,no cell in the extract: territory at zero opportunity
ifa_west_merge,85007,ifa,AZ,IFA,IFA_01,IFA,,04013,38060,0455000,"IFA Phoenix-Mesa-Chandler, AZ",0.0,no cell in the extract: territory at zero opportunity
ifa_west_merge,85008,ifa,AZ,IFA,IFA_01,IFA,,04013,38060,0455000,"IFA Phoenix-Mesa-Chandler, AZ",2.93139,
ifa_west_merge,85009,ifa,AZ,IFA,IFA_01,IFA,,04013,38060,0455000,"IFA Phoenix-Mesa-Chandler, AZ",0.0,no cell in the extract: territory at zero opportunity
ifa_west_merge,85012,ifa,AZ,IFA,IFA_01,IFA,,04013,38060,0455000,"IFA Phoenix-Mesa-Chandler, AZ",15.2268,
ifa_west_merge,85013,ifa,AZ,IFA,IFA_01,IFA,,04013,38060,0455000,"IFA Phoenix-Mesa-Chandler, AZ",1.93635,
ifa_west_merge,85014,ifa,AZ,IFA,IFA_01,IFA,,04013,38060,0455000,"IFA Phoenix-Mesa-Chandler, AZ",8.33166,
ifa_west_merge,85015,ifa,AZ,IFA,IFA_01,IFA,,04013,38060,0455000,"IFA Phoenix-Mesa-Chandler, AZ",0.0,no cell in the extract: territory at zero opportunity
ifa_west_merge,85016,ifa,AZ,IFA,IFA_01,IFA,,04013,38060,0455000,"IFA Phoenix-Mesa-Chandler, AZ",28.4694,
ifa_west_merge,85017,ifa,AZ,IFA,IFA_01,IFA,,04013,38060,0455000,"IFA Phoenix-Mesa-Chandler, AZ",0.0,no cell in the extract: territory at zero opportunity
ifa_west_merge,85018,ifa,AZ,IFA,IFA_01,IFA,,04013,38060,0455000,"IFA Phoenix-Mesa-Chandler, AZ",25.1923,
ifa_west_merge,85019,ifa,AZ,IFA,IFA_01,IFA,,04013,38060,0455000,"IFA Phoenix-Mesa-Chandler, AZ",0.0,no cell in the extract: territory at zero opportunity
ifa_west_merge,85020,ifa,AZ,IFA,IFA_01,IFA,,04013,38060,0455000,"IFA Phoenix-Mesa-Chandler, AZ",25.245,
ifa_west_merge,85021,ifa,AZ,IFA,IFA_01,IFA,,04013,38060,0455000,"IFA Phoenix-Mesa-Chandler, AZ",0.951484,
ifa_west_merge,85022,ifa,AZ,IFA,IFA_01,IFA,,04013,38060,0455000,"IFA Phoenix-Mesa-Chandler, AZ",0.283705,
ifa_west_merge,85023,ifa,AZ,IFA,IFA_01,IFA,,04013,38060,0455000,"IFA Phoenix-Mesa-Chandler, AZ",2.0827,
ifa_west_merge,85024,ifa,AZ,IFA,IFA_01,IFA,,04013,38060,0455000,"IFA Phoenix-Mesa-Chandler, AZ",2.65039,
ifa_west_merge,85026,ifa,AZ,IFA,IFA_01,IFA,,04013,38060,0455000,"IFA Phoenix-Mesa-Chandler, AZ",0.0,no cell in the extract: territory at zero opportunity
ifa_west_merge,85027,ifa,AZ,IFA,IFA_01,IFA,,04013,38060,0455000,"IFA Phoenix-Mesa-Chandler, AZ",1.24916,
ifa_west_merge,85028,ifa,AZ,IFA,IFA_01,IFA,,04013,38060,0455000,"IFA Phoenix-Mesa-Chandler, AZ",13.795,
ifa_west_merge,85029,ifa,AZ,IFA,IFA_01,IFA,,04013,38060,0455000,"IFA Phoenix-Mesa-Chandler, AZ",2.38015,
ifa_west_merge,85031,ifa,AZ,IFA,IFA_01,IFA,,04013,38060,0455000,"IFA Phoenix-Mesa-Chandler, AZ",0.0,no cell in the extract: territory at zero opportunity
ifa_west_merge,85032,ifa,AZ,IFA,IFA_01,IFA,,04013,38060,0455000,"IFA Phoenix-Mesa-Chandler, AZ",0.68746,
ifa_west_merge,85033,ifa,AZ,IFA,IFA_01,IFA,,04013,38060,0455000,"IFA Phoenix-Mesa-Chandler, AZ",0.0,no cell in the extract: territory at zero opportunity
ifa_west_merge,85034,ifa,AZ,IFA,IFA_01,IFA,,04013,38060,0455000,"IFA Phoenix-Mesa-Chandler, AZ",0.0,no cell in the extract: territory at zero opportunity
ifa_west_merge,85035,ifa,AZ,IFA,IFA_01,IFA,,04013,38060,0455000,"IFA Phoenix-Mesa-Chandler, AZ",0.00814472,
ifa_west_merge,85037,ifa,AZ,IFA,IFA_01,IFA,,04013,38060,0455000,"IFA Phoenix-Mesa-Chandler, AZ",0.0,no cell in the extract: territory at zero opportunity
ifa_west_merge,85040,ifa,AZ,IFA,IFA_01,IFA,,04013,38060,0455000,"IFA Phoenix-Mesa-Chandler, AZ",0.0,no cell in the extract: territory at zero opportunity
ifa_west_merge,85041,ifa,AZ,IFA,IFA_01,IFA,,04013,38060,0455000,"IFA Phoenix-Mesa-Chandler, AZ",0.0,no cell in the extract: territory at zero opportunity
ifa_west_merge,85042,ifa,AZ,IFA,IFA_01,IFA,,04013,38060,0455000,"IFA Phoenix-Mesa-Chandler, AZ",0.0,no cell in the extract: territory at zero opportunity
ifa_west_merge,85043,ifa,AZ,IFA,IFA_01,IFA,,04013,38060,0455000,"IFA Phoenix-Mesa-Chandler, AZ",0.0,no cell in the extract: territory at zero opportunity
ifa_west_merge,85044,ifa,AZ,IFA,IFA_01,IFA,,04013,38060,0455000,"IFA Phoenix-Mesa-Chandler, AZ",8.11621,
ifa_west_merge,85045,ifa,AZ,IFA,IFA_01,IFA,,04013,38060,0455000,"IFA Phoenix-Mesa-Chandler, AZ",0.557536,
ifa_west_merge,85048,ifa,AZ,IFA,IFA_01,IFA,,04013,38060,0455000,"IFA Phoenix-Mesa-Chandler, AZ",0.000715906,
ifa_west_merge,85050,ifa,AZ,IFA,IFA_01,IFA,,04013,38060,0455000,"IFA Phoenix-Mesa-Chandler, AZ",3.24895,
ifa_west_merge,85051,ifa,AZ,IFA,IFA_01,IFA,,04013,38060,0455000,"IFA Phoenix-Mesa-Chandler, AZ",0.0624562,
ifa_west_merge,85053,ifa,AZ,IFA,IFA_01,IFA,,04013,38060,0455000,"IFA Phoenix-Mesa-Chandler, AZ",1.06166,
ifa_west_merge,85054,ifa,AZ,IFA,IFA_01,IFA,,04013,38060,0455000,"IFA Phoenix-Mesa-Chandler, AZ",1.19663,
ifa_west_merge,85083,ifa,AZ,IFA,IFA_01,IFA,,04013,38060,0455000,"IFA Phoenix-Mesa-Chandler, AZ",0.0,no cell in the extract: territory at zero opportunity
ifa_west_merge,85085,ifa,AZ,IFA,IFA_01,IFA,,04013,38060,0455000,"IFA Phoenix-Mesa-Chandler, AZ",8.22193,
ifa_west_merge,85086,ifa,AZ,IFA,IFA_01,IFA,,04013,38060,0455000,"IFA Phoenix-Mesa-Chandler, AZ",3.14694,
ifa_west_merge,85087,ifa,AZ,IFA,IFA_01,IFA,,04013,38060,0449360,"IFA Phoenix-Mesa-Chandler, AZ",1.54463,
ifa_west_merge,85118,ifa,AZ,IFA,IFA_01,IFA,,04021,38060,0428140,"IFA Phoenix-Mesa-Chandler, AZ",0.0,no cell in the extract: territory at zero opportunity
ifa_west_merge,85119,ifa,AZ,IFA,IFA_01,IFA,,04021,38060,0402830,"IFA Phoenix-Mesa-Chandler, AZ",0.00190908,
ifa_west_merge,85120,ifa,AZ,IFA,IFA_01,IFA,,04021,38060,0402830,"IFA Phoenix-Mesa-Chandler, AZ",0.00556816,
ifa_west_merge,85121,ifa,AZ,IFA,IFA_01,IFA,,04021,38060,0410460,"IFA Phoenix-Mesa-Chandler, AZ",0.0,no cell in the extract: territory at zero opportunity
ifa_west_merge,85122,ifa,AZ,IFA,IFA_01,IFA,,04021,38060,0410530,"IFA Phoenix-Mesa-Chandler, AZ",0.0,no cell in the extract: territory at zero opportunity
ifa_west_merge,85123,ifa,AZ,IFA,IFA_01,IFA,,04021,38060,0422360,"IFA Phoenix-Mesa-Chandler, AZ",0.0,no cell in the extract: territory at zero opportunity
ifa_west_merge,85128,ifa,AZ,IFA,IFA_01,IFA,,04021,38060,0415500,"IFA Phoenix-Mesa-Chandler, AZ",0.0,no cell in the extract: territory at zero opportunity
ifa_west_merge,85131,ifa,AZ,IFA,IFA_01,IFA,,04021,38060,0422360,"IFA Phoenix-Mesa-Chandler, AZ",0.0,no cell in the extract: territory at zero opportunity
ifa_west_merge,85132,ifa,AZ,IFA,IFA_01,IFA,,04021,38060,0423760,"IFA Phoenix-Mesa-Chandler, AZ",0.0,no cell in the extract: territory at zero opportunity
ifa_west_merge,85135,ifa,AZ,IFA,IFA_01,IFA,,04007,37740,0432020,"IFA Phoenix-Mesa-Chandler, AZ",0.0,no cell in the extract: territory at zero opportunity
ifa_west_merge,85137,ifa,AZ,IFA,IFA_01,IFA,,04021,38060,0437200,"IFA Phoenix-Mesa-Chandler, AZ",0.0,no cell in the extract: territory at zero opportunity
ifa_west_merge,85138,ifa,AZ,IFA,IFA_01,IFA,,04021,38060,0444410,"IFA Phoenix-Mesa-Chandler, AZ",0.0,no cell in the extract: territory at zero opportunity
ifa_west_merge,85139,ifa,AZ,IFA,IFA_01,IFA,,04021,38060,0428380,"IFA Phoenix-Mesa-Chandler, AZ",0.0,no cell in the extract: territory at zero opportunity
ifa_west_merge,85140,ifa,AZ,IFA,IFA_01,IFA,,04021,38060,0464210,"IFA Phoenix-Mesa-Chandler, AZ",0.000954541,
ifa_west_merge,85141,ifa,AZ,IFA,IFA_01,IFA,,04021,38060,0455210,"IFA Phoenix-Mesa-Chandler, AZ",0.0,no cell in the extract: territory at zero opportunity
ifa_west_merge,85142,ifa,AZ,IFA,IFA_01,IFA,,04021,38060,0458150,"IFA Phoenix-Mesa-Chandler, AZ",4.82283,
ifa_west_merge,85143,ifa,AZ,IFA,IFA_01,IFA,,04021,38060,0464210,"IFA Phoenix-Mesa-Chandler, AZ",0.320476,
ifa_west_merge,85145,ifa,AZ,IFA,IFA_01,IFA,,04021,38060,0459760,"IFA Phoenix-Mesa-Chandler, AZ",0.0,no cell in the extract: territory at zero opportunity
ifa_west_merge,85147,ifa,AZ,IFA,IFA_01,IFA,,04021,38060,0461720,"IFA Phoenix-Mesa-Chandler, AZ",0.0,no cell in the extract: territory at zero opportunity
ifa_west_merge,85172,ifa,AZ,IFA,IFA_01,IFA,,04021,38060,0469130,"IFA Phoenix-Mesa-Chandler, AZ",0.0,no cell in the extract: territory at zero opportunity
ifa_west_merge,85173,ifa,AZ,IFA,IFA_01,IFA,,04021,38060,0471300,"IFA Phoenix-Mesa-Chandler, AZ",0.0,no cell in the extract: territory at zero opportunity
ifa_west_merge,85191,ifa,AZ,IFA,IFA_01,IFA,,04021,38060,0415500,"IFA Phoenix-Mesa-Chandler, AZ",0.0,no cell in the extract: territory at zero opportunity
ifa_west_merge,85192,ifa,AZ,IFA,IFA_01,IFA,,04021,38060,0420680,"IFA Phoenix-Mesa-Chandler, AZ",0.0,no cell in the extract: territory at zero opportunity
ifa_west_merge,85193,ifa,AZ,IFA,IFA_01,IFA,,04021,38060,0410530,"IFA Phoenix-Mesa-Chandler, AZ",0.0,no cell in the extract: territory at zero opportunity
ifa_west_merge,85194,ifa,AZ,IFA,IFA_01,IFA,,04021,38060,0410530,"IFA Phoenix-Mesa-Chandler, AZ",0.0,no cell in the extract: territory at zero opportunity
ifa_west_merge,85201,ifa,AZ,IFA,IFA_01,IFA,,04013,38060,0446000,"IFA Phoenix-Mesa-Chandler, AZ",0.508027,
ifa_west_merge,85202,ifa,AZ,IFA,IFA_01,IFA,,04013,38060,0446000,"IFA Phoenix-Mesa-Chandler, AZ",2.33912,
ifa_west_merge,85203,ifa,AZ,IFA,IFA_01,IFA,,04013,38060,0446000,"IFA Phoenix-Mesa-Chandler, AZ",0.0,no cell in the extract: territory at zero opportunity
ifa_west_merge,85204,ifa,AZ,IFA,IFA_01,IFA,,04013,38060,0446000,"IFA Phoenix-Mesa-Chandler, AZ",1.92345,
ifa_west_merge,85205,ifa,AZ,IFA,IFA_01,IFA,,04013,38060,0446000,"IFA Phoenix-Mesa-Chandler, AZ",0.756588,
ifa_west_merge,85206,ifa,AZ,IFA,IFA_01,IFA,,04013,38060,0446000,"IFA Phoenix-Mesa-Chandler, AZ",1.82039,
ifa_west_merge,85207,ifa,AZ,IFA,IFA_01,IFA,,04013,38060,0446000,"IFA Phoenix-Mesa-Chandler, AZ",0.0968267,
ifa_west_merge,85208,ifa,AZ,IFA,IFA_01,IFA,,04013,38060,0446000,"IFA Phoenix-Mesa-Chandler, AZ",0.0,no cell in the extract: territory at zero opportunity
ifa_west_merge,85209,ifa,AZ,IFA,IFA_01,IFA,,04013,38060,0446000,"IFA Phoenix-Mesa-Chandler, AZ",1.05483,
ifa_west_merge,85210,ifa,AZ,IFA,IFA_01,IFA,,04013,38060,0446000,"IFA Phoenix-Mesa-Chandler, AZ",7.65791,
ifa_west_merge,85212,ifa,AZ,IFA,IFA_01,IFA,,04013,38060,0446000,"IFA Phoenix-Mesa-Chandler, AZ",1.38283,
ifa_west_merge,85213,ifa,AZ,IFA,IFA_01,IFA,,04013,38060,0446000,"IFA Phoenix-Mesa-Chandler, AZ",3.40499,
ifa_west_merge,85215,ifa,AZ,IFA,IFA_01,IFA,,04013,38060,0446000,"IFA Phoenix-Mesa-Chandler, AZ",4.23516,
ifa_west_merge,85224,ifa,AZ,IFA,IFA_01,IFA,,04013,38060,0412000,"IFA Phoenix-Mesa-Chandler, AZ",3.76193,
ifa_west_merge,85225,ifa,AZ,IFA,IFA_01,IFA,,04013,38060,0412000,"IFA Phoenix-Mesa-Chandler, AZ",3.79253,
ifa_west_merge,85226,ifa,AZ,IFA,IFA_01,IFA,,04013,38060,0412000,"IFA Phoenix-Mesa-Chandler, AZ",8.61094,
ifa_west_merge,85233,ifa,AZ,IFA,IFA_01,IFA,,04013,38060,0427400,"IFA Phoenix-Mesa-Chandler, AZ",7.24519,
ifa_west_merge,85234,ifa,AZ,IFA,IFA_01,IFA,,04013,38060,0427400,"IFA Phoenix-Mesa-Chandler, AZ",13.4276,
ifa_west_merge,85236,ifa,AZ,IFA,IFA_01,IFA,,04013,38060,0427400,"IFA Phoenix-Mesa-Chandler, AZ",0.0,no cell in the extract: territory at zero opportunity
ifa_west_merge,85248,ifa,AZ,IFA,IFA_01,IFA,,04013,38060,0412000,"IFA Phoenix-Mesa-Chandler, AZ",0.787334,
ifa_west_merge,85249,ifa,AZ,IFA,IFA_01,IFA,,04013,38060,0412000,"IFA Phoenix-Mesa-Chandler, AZ",0.0,no cell in the extract: territory at zero opportunity
ifa_west_merge,85250,ifa,AZ,IFA,IFA_01,IFA,,04013,38060,0465000,"IFA Phoenix-Mesa-Chandler, AZ",11.4937,
ifa_west_merge,85251,ifa,AZ,IFA,IFA_01,IFA,,04013,38060,0465000,"IFA Phoenix-Mesa-Chandler, AZ",70.0198,
ifa_west_merge,85253,ifa,AZ,IFA,IFA_01,IFA,,04013,38060,0452930,"IFA Phoenix-Mesa-Chandler, AZ",43.3663,
ifa_west_merge,85254,ifa,AZ,IFA,IFA_01,IFA,,04013,38060,0455000,"IFA Phoenix-Mesa-Chandler, AZ",67.2942,
ifa_west_merge,85255,ifa,AZ,IFA,IFA_01,IFA,,04013,38060,0465000,"IFA Phoenix-Mesa-Chandler, AZ",63.4584,
ifa_west_merge,85256,ifa,AZ,IFA,IFA_01,IFA,,04013,38060,0446000,"IFA Phoenix-Mesa-Chandler, AZ",0.0,no cell in the extract: territory at zero opportunity
ifa_west_merge,85257,ifa,AZ,IFA,IFA_01,IFA,,04013,38060,0465000,"IFA Phoenix-Mesa-Chandler, AZ",0.526612,
ifa_west_merge,85258,ifa,AZ,IFA,IFA_01,IFA,,04013,38060,0465000,"IFA Phoenix-Mesa-Chandler, AZ",47.0822,
ifa_west_merge,85259,ifa,AZ,IFA,IFA_01,IFA,,04013,38060,0465000,"IFA Phoenix-Mesa-Chandler, AZ",6.62916,
ifa_west_merge,85260,ifa,AZ,IFA,IFA_01,IFA,,04013,38060,0465000,"IFA Phoenix-Mesa-Chandler, AZ",53.4467,
ifa_west_merge,85262,ifa,AZ,IFA,IFA_01,IFA,,04013,38060,0465000,"IFA Phoenix-Mesa-Chandler, AZ",16.8158,
ifa_west_merge,85263,ifa,AZ,IFA,IFA_01,IFA,,04013,38060,0460250,"IFA Phoenix-Mesa-Chandler, AZ",0.119318,
ifa_west_merge,85264,ifa,AZ,IFA,IFA_01,IFA,,04013,38060,,"IFA Phoenix-Mesa-Chandler, AZ",0.0,no cell in the extract: territory at zero opportunity
ifa_west_merge,85266,ifa,AZ,IFA,IFA_01,IFA,,04013,38060,0465000,"IFA Phoenix-Mesa-Chandler, AZ",0.0457314,
ifa_west_merge,85268,ifa,AZ,IFA,IFA_01,IFA,,04013,38060,0425300,"IFA Phoenix-Mesa-Chandler, AZ",0.569451,
ifa_west_merge,85281,ifa,AZ,IFA,IFA_01,IFA,,04013,38060,0473000,"IFA Phoenix-Mesa-Chandler, AZ",3.90325,
ifa_west_merge,85282,ifa,AZ,IFA,IFA_01,IFA,,04013,38060,0473000,"IFA Phoenix-Mesa-Chandler, AZ",8.91609,
ifa_west_merge,85283,ifa,AZ,IFA,IFA_01,IFA,,04013,38060,0473000,"IFA Phoenix-Mesa-Chandler, AZ",10.3022,
ifa_west_merge,85284,ifa,AZ,IFA,IFA_01,IFA,,04013,38060,0473000,"IFA Phoenix-Mesa-Chandler, AZ",3.20314,
ifa_west_merge,85286,ifa,AZ,IFA,IFA_01,IFA,,04013,38060,0412000,"IFA Phoenix-Mesa-Chandler, AZ",7.00684,
ifa_west_merge,85295,ifa,AZ,IFA,IFA_01,IFA,,04013,38060,0427400,"IFA Phoenix-Mesa-Chandler, AZ",3.20562,
ifa_west_merge,85296,ifa,AZ,IFA,IFA_01,IFA,,04013,38060,0427400,"IFA Phoenix-Mesa-Chandler, AZ",3.51486,
ifa_west_merge,85297,ifa,AZ,IFA,IFA_01,IFA,,04013,38060,0427400,"IFA Phoenix-Mesa-Chandler, AZ",5.23698,
ifa_west_merge,85298,ifa,AZ,IFA,IFA_01,IFA,,04013,38060,0427400,"IFA Phoenix-Mesa-Chandler, AZ",3.52448,
ifa_west_merge,85301,ifa,AZ,IFA,IFA_01,IFA,,04013,38060,0427820,"IFA Phoenix-Mesa-Chandler, AZ",1.27321,
ifa_west_merge,85302,ifa,AZ,IFA,IFA_01,IFA,,04013,38060,0427820,"IFA Phoenix-Mesa-Chandler, AZ",0.0,no cell in the extract: territory at zero opportunity
ifa_west_merge,85303,ifa,AZ,IFA,IFA_01,IFA,,04013,38060,0427820,"IFA Phoenix-Mesa-Chandler, AZ",0.0,no cell in the extract: territory at zero opportunity
ifa_west_merge,85304,ifa,AZ,IFA,IFA_01,IFA,,04013,38060,0427820,"IFA Phoenix-Mesa-Chandler, AZ",0.0,no cell in the extract: territory at zero opportunity
ifa_west_merge,85305,ifa,AZ,IFA,IFA_01,IFA,,04013,38060,0427820,"IFA Phoenix-Mesa-Chandler, AZ",2.38909,
ifa_west_merge,85306,ifa,AZ,IFA,IFA_01,IFA,,04013,38060,0427820,"IFA Phoenix-Mesa-Chandler, AZ",0.0159098,
ifa_west_merge,85307,ifa,AZ,IFA,IFA_01,IFA,,04013,38060,0427820,"IFA Phoenix-Mesa-Chandler, AZ",0.0,no cell in the extract: territory at zero opportunity
ifa_west_merge,85308,ifa,AZ,IFA,IFA_01,IFA,,04013,38060,0427820,"IFA Phoenix-Mesa-Chandler, AZ",18.0974,
ifa_west_merge,85309,ifa,AZ,IFA,IFA_01,IFA,,04013,38060,0427820,"IFA Phoenix-Mesa-Chandler, AZ",0.0,no cell in the extract: territory at zero opportunity
ifa_west_merge,85310,ifa,AZ,IFA,IFA_01,IFA,,04013,38060,0455000,"IFA Phoenix-Mesa-Chandler, AZ",1.51613,
ifa_west_merge,85320,ifa,AZ,IFA,IFA_01,IFA,,04013,38060,0400730,"IFA Phoenix-Mesa-Chandler, AZ",0.0,no cell in the extract: territory at zero opportunity
ifa_west_merge,85321,ifa,AZ,IFA,IFA_01,IFA,,04019,46060,0400870,"IFA Phoenix-Mesa-Chandler, AZ",0.0,no cell in the extract: territory at zero opportunity
ifa_west_merge,85322,ifa,AZ,IFA,IFA_01,IFA,,04013,38060,0404020,"IFA Phoenix-Mesa-Chandler, AZ",0.0,no cell in the extract: territory at zero opportunity
ifa_west_merge,85323,ifa,AZ,IFA,IFA_01,IFA,,04013,38060,0404720,"IFA Phoenix-Mesa-Chandler, AZ",0.0,no cell in the extract: territory at zero opportunity
ifa_west_merge,85324,ifa,AZ,IFA,IFA_01,IFA,,04025,39150,0406610,"IFA Phoenix-Mesa-Chandler, AZ",0.0,no cell in the extract: territory at zero opportunity
ifa_west_merge,85325,ifa,AZ,IFA,IFA_01,IFA,,04012,,0407310,"IFA Phoenix-Mesa-Chandler, AZ",0.0,no cell in the extract: territory at zero opportunity
ifa_west_merge,85326,ifa,AZ,IFA,IFA_01,IFA,,04013,38060,0407940,"IFA Phoenix-Mesa-Chandler, AZ",0.0,no cell in the extract: territory at zero opportunity
ifa_west_merge,85328,ifa,AZ,IFA,IFA_01,IFA,,04012,,0413470,"IFA Phoenix-Mesa-Chandler, AZ",0.0,no cell in the extract: territory at zero opportunity
ifa_west_merge,85329,ifa,AZ,IFA,IFA_01,IFA,,04013,38060,0404720,"IFA Phoenix-Mesa-Chandler, AZ",0.0,no cell in the extract: territory at zero opportunity
ifa_west_merge,85331,ifa,AZ,IFA,IFA_01,IFA,,04013,38060,0411300,"IFA Phoenix-Mesa-Chandler, AZ",4.26697,
ifa_west_merge,85332,ifa,AZ,IFA,IFA_01,IFA,,04025,39150,0415220,"IFA Phoenix-Mesa-Chandler, AZ",0.0,no cell in the extract: territory at zero opportunity
ifa_west_merge,85333,ifa,AZ,IFA,IFA_01,IFA,,04013,38060,0418160,"IFA Phoenix-Mesa-Chandler, AZ",0.0,no cell in the extract: territory at zero opportunity
ifa_west_merge,85334,ifa,AZ,IFA,IFA_01,IFA,,04012,,0421800,"IFA Phoenix-Mesa-Chandler, AZ",0.0,no cell in the extract: territory at zero opportunity
ifa_west_merge,85335,ifa,AZ,IFA,IFA_01,IFA,,04013,38060,0422220,"IFA Phoenix-Mesa-Chandler, AZ",0.0,no cell in the extract: territory at zero opportunity
ifa_west_merge,85336,ifa,AZ,IFA,IFA_01,IFA,,04027,49740,0463470,"IFA Phoenix-Mesa-Chandler, AZ",0.0,no cell in the extract: territory at zero opportunity
ifa_west_merge,85337,ifa,AZ,IFA,IFA_01,IFA,,04013,38060,0427050,"IFA Phoenix-Mesa-Chandler, AZ",0.0,no cell in the extract: territory at zero opportunity
ifa_west_merge,85338,ifa,AZ,IFA,IFA_01,IFA,,04013,38060,0428380,"IFA Phoenix-Mesa-Chandler, AZ",0.118081,
ifa_west_merge,85339,ifa,AZ,IFA,IFA_01,IFA,,04013,38060,0455000,"IFA Phoenix-Mesa-Chandler, AZ",0.0,no cell in the extract: territory at zero opportunity
ifa_west_merge,85340,ifa,AZ,IFA,IFA_01,IFA,,04013,38060,0407940,"IFA Phoenix-Mesa-Chandler, AZ",3.21717,
ifa_west_merge,85341,ifa,AZ,IFA,IFA_01,IFA,,04019,46060,,"IFA Phoenix-Mesa-Chandler, AZ",0.0,no cell in the extract: territory at zero opportunity
ifa_west_merge,85342,ifa,AZ,IFA,IFA_01,IFA,,04025,39150,0471510,"IFA Phoenix-Mesa-Chandler, AZ",0.0,no cell in the extract: territory at zero opportunity
ifa_west_merge,85343,ifa,AZ,IFA,IFA_01,IFA,,04013,38060,0407940,"IFA Phoenix-Mesa-Chandler, AZ",0.0,no cell in the extract: territory at zero opportunity
ifa_west_merge,85344,ifa,AZ,IFA,IFA_01,IFA,,04012,,0453070,"IFA Phoenix-Mesa-Chandler, AZ",0.0,no cell in the extract: territory at zero opportunity
ifa_west_merge,85345,ifa,AZ,IFA,IFA_01,IFA,,04013,38060,0454050,"IFA Phoenix-Mesa-Chandler, AZ",0.284756,
ifa_west_merge,85346,ifa,AZ,IFA,IFA_01,IFA,,04012,,0458010,"IFA Phoenix-Mesa-Chandler, AZ",0.0,no cell in the extract: territory at zero opportunity
ifa_west_merge,85347,ifa,AZ,IFA,IFA_01,IFA,,04027,49740,,"IFA Phoenix-Mesa-Chandler, AZ",0.0,no cell in the extract: territory at zero opportunity
ifa_west_merge,85348,ifa,AZ,IFA,IFA_01,IFA,,04012,,0479940,"IFA Phoenix-Mesa-Chandler, AZ",0.0,no cell in the extract: territory at zero opportunity
ifa_west_merge,85349,ifa,AZ,IFA,IFA_01,IFA,,04027,49740,0463470,"IFA Phoenix-Mesa-Chandler, AZ",0.0,no cell in the extract: territory at zero opportunity
ifa_west_merge,85350,ifa,AZ,IFA,IFA_01,IFA,,04027,49740,0463470,"IFA Phoenix-Mesa-Chandler, AZ",0.0,no cell in the extract: territory at zero opportunity
ifa_west_merge,85351,ifa,AZ,IFA,IFA_01,IFA,,04013,38060,0470320,"IFA Phoenix-Mesa-Chandler, AZ",6.02245,
ifa_west_merge,85352,ifa,AZ,IFA,IFA_01,IFA,,04027,49740,0471790,"IFA Phoenix-Mesa-Chandler, AZ",0.0,no cell in the extract: territory at zero opportunity
ifa_west_merge,85353,ifa,AZ,IFA,IFA_01,IFA,,04013,38060,0455000,"IFA Phoenix-Mesa-Chandler, AZ",0.0,no cell in the extract: territory at zero opportunity
ifa_west_merge,85354,ifa,AZ,IFA,IFA_01,IFA,,04013,38060,0407940,"IFA Phoenix-Mesa-Chandler, AZ",0.0,no cell in the extract: territory at zero opportunity
ifa_west_merge,85355,ifa,AZ,IFA,IFA_01,IFA,,04013,38060,0427820,"IFA Phoenix-Mesa-Chandler, AZ",0.0397725,
ifa_west_merge,85356,ifa,AZ,IFA,IFA_01,IFA,,04027,49740,0481480,"IFA Phoenix-Mesa-Chandler, AZ",0.0,no cell in the extract: territory at zero opportunity
ifa_west_merge,85357,ifa,AZ,IFA,IFA_01,IFA,,04012,,0401170,"IFA Phoenix-Mesa-Chandler, AZ",0.0,no cell in the extract: territory at zero opportunity
ifa_west_merge,85360,ifa,AZ,IFA,IFA_01,IFA,,04015,29420,0482880,"IFA Phoenix-Mesa-Chandler, AZ",0.0,no cell in the extract: territory at zero opportunity
ifa_west_merge,85361,ifa,AZ,IFA,IFA_01,IFA,,04013,38060,0471510,"IFA Phoenix-Mesa-Chandler, AZ",0.0,no cell in the extract: territory at zero opportunity
ifa_west_merge,85362,ifa,AZ,IFA,IFA_01,IFA,,04025,39150,0484980,"IFA Phoenix-Mesa-Chandler, AZ",0.0,no cell in the extract: territory at zero opportunity
ifa_west_merge,85363,ifa,AZ,IFA,IFA_01,IFA,,04013,38060,0485400,"IFA Phoenix-Mesa-Chandler, AZ",0.0,no cell in the extract: territory at zero opportunity
ifa_west_merge,85364,ifa,AZ,IFA,IFA_01,IFA,,04027,49740,0485540,"IFA Phoenix-Mesa-Chandler, AZ",0.374657,
ifa_west_merge,85365,ifa,AZ,IFA,IFA_01,IFA,,04027,49740,0485540,"IFA Phoenix-Mesa-Chandler, AZ",1.74821,
ifa_west_merge,85367,ifa,AZ,IFA,IFA_01,IFA,,04027,49740,0425030,"IFA Phoenix-Mesa-Chandler, AZ",0.0047727,
ifa_west_merge,85371,ifa,AZ,IFA,IFA_01,IFA,,04012,,0457170,"IFA Phoenix-Mesa-Chandler, AZ",0.0,no cell in the extract: territory at zero opportunity
ifa_west_merge,85373,ifa,AZ,IFA,IFA_01,IFA,,04013,38060,0470320,"IFA Phoenix-Mesa-Chandler, AZ",0.0,no cell in the extract: territory at zero opportunity
ifa_west_merge,85374,ifa,AZ,IFA,IFA_01,IFA,,04013,38060,0471510,"IFA Phoenix-Mesa-Chandler, AZ",4.90311,
ifa_west_merge,85375,ifa,AZ,IFA,IFA_01,IFA,,04013,38060,0470355,"IFA Phoenix-Mesa-Chandler, AZ",6.60409,
ifa_west_merge,85377,ifa,AZ,IFA,IFA_01,IFA,,04013,38060,0410180,"IFA Phoenix-Mesa-Chandler, AZ",4.66199,
ifa_west_merge,85378,ifa,AZ,IFA,IFA_01,IFA,,04013,38060,0471510,"IFA Phoenix-Mesa-Chandler, AZ",0.617104,
ifa_west_merge,85379,ifa,AZ,IFA,IFA_01,IFA,,04013,38060,0471510,"IFA Phoenix-Mesa-Chandler, AZ",1.59098,
ifa_west_merge,85381,ifa,AZ,IFA,IFA_01,IFA,,04013,38060,0454050,"IFA Phoenix-Mesa-Chandler, AZ",8.46835,
ifa_west_merge,85382,ifa,AZ,IFA,IFA_01,IFA,,04013,38060,0454050,"IFA Phoenix-Mesa-Chandler, AZ",21.9333,
ifa_west_merge,85383,ifa,AZ,IFA,IFA_01,IFA,,04013,38060,0454050,"IFA Phoenix-Mesa-Chandler, AZ",9.32165,
ifa_west_merge,85387,ifa,AZ,IFA,IFA_01,IFA,,04013,38060,0471510,"IFA Phoenix-Mesa-Chandler, AZ",0.0,no cell in the extract: territory at zero opportunity
ifa_west_merge,85388,ifa,AZ,IFA,IFA_01,IFA,,04013,38060,0471510,"IFA Phoenix-Mesa-Chandler, AZ",8.58869,
ifa_west_merge,85390,ifa,AZ,IFA,IFA_01,IFA,,04013,38060,0482740,"IFA Phoenix-Mesa-Chandler, AZ",0.702373,
ifa_west_merge,85392,ifa,AZ,IFA,IFA_01,IFA,,04013,38060,0404720,"IFA Phoenix-Mesa-Chandler, AZ",0.0,no cell in the extract: territory at zero opportunity
ifa_west_merge,85395,ifa,AZ,IFA,IFA_01,IFA,,04013,38060,0428380,"IFA Phoenix-Mesa-Chandler, AZ",7.20227,
ifa_west_merge,85396,ifa,AZ,IFA,IFA_01,IFA,,04013,38060,0407940,"IFA Phoenix-Mesa-Chandler, AZ",1.30552,
ifa_west_merge,85501,ifa,AZ,IFA,IFA_01,IFA,,04007,37740,0428030,"IFA Phoenix-Mesa-Chandler, AZ",0.0,no cell in the extract: territory at zero opportunity
ifa_west_merge,85530,ifa,AZ,IFA,IFA_01,IFA,,04009,40940,0408710,"IFA Phoenix-Mesa-Chandler, AZ",0.0,no cell in the extract: territory at zero opportunity
ifa_west_merge,85531,ifa,AZ,IFA,IFA_01,IFA,,04009,40940,0411580,"IFA Phoenix-Mesa-Chandler, AZ",0.0,no cell in the extract: territory at zero opportunity
ifa_west_merge,85532,ifa,AZ,IFA,IFA_01,IFA,,04007,37740,0413960,"IFA Phoenix-Mesa-Chandler, AZ",0.0,no cell in the extract: territory at zero opportunity
ifa_west_merge,85533,ifa,AZ,IFA,IFA_01,IFA,,04011,,0414380,"IFA Phoenix-Mesa-Chandler, AZ",0.0833765,
ifa_west_merge,85534,ifa,AZ,IFA,IFA_01,IFA,,04011,,0420750,"IFA Phoenix-Mesa-Chandler, AZ",0.0,no cell in the extract: territory at zero opportunity
ifa_west_merge,85535,ifa,AZ,IFA,IFA_01,IFA,,04009,40940,,"IFA Phoenix-Mesa-Chandler, AZ",0.0,no cell in the extract: territory at zero opportunity
ifa_west_merge,85536,ifa,AZ,IFA,IFA_01,IFA,,04009,40940,0424950,"IFA Phoenix-Mesa-Chandler, AZ",0.0,no cell in the extract: territory at zero opportunity
ifa_west_merge,85539,ifa,AZ,IFA,IFA_01,IFA,,04007,37740,0474820,"IFA Phoenix-Mesa-Chandler, AZ",0.0,no cell in the extract: territory at zero opportunity
ifa_west_merge,85540,ifa,AZ,IFA,IFA_01,IFA,,04011,,0414380,"IFA Phoenix-Mesa-Chandler, AZ",0.0,no cell in the extract: territory at zero opportunity
ifa_west_merge,85541,ifa,AZ,IFA,IFA_01,IFA,,04007,37740,0469480,"IFA Phoenix-Mesa-Chandler, AZ",6.43882,
ifa_west_merge,85542,ifa,AZ,IFA,IFA_01,IFA,,04009,40940,0454190,"IFA Phoenix-Mesa-Chandler, AZ",0.0,no cell in the extract: territory at zero opportunity
ifa_west_merge,85543,ifa,AZ,IFA,IFA_01,IFA,,04009,40940,0455560,"IFA Phoenix-Mesa-Chandler, AZ",0.0,no cell in the extract: territory at zero opportunity
ifa_west_merge,85544,ifa,AZ,IFA,IFA_01,IFA,,04007,37740,0455700,"IFA Phoenix-Mesa-Chandler, AZ",0.0,no cell in the extract: territory at zero opportunity
ifa_west_merge,85545,ifa,AZ,IFA,IFA_01,IFA,,04013,38060,0461302,"IFA Phoenix-Mesa-Chandler, AZ",0.0,no cell in the extract: territory at zero opportunity
ifa_west_merge,85546,ifa,AZ,IFA,IFA_01,IFA,,04009,40940,0462000,"IFA Phoenix-Mesa-Chandler, AZ",0.00336495,
ifa_west_merge,85550,ifa,AZ,IFA,IFA_01,IFA,,04007,37740,0462910,"IFA Phoenix-Mesa-Chandler, AZ",0.0,no cell in the extract: territory at zero opportunity
ifa_west_merge,85551,ifa,AZ,IFA,IFA_01,IFA,,04009,40940,0463260,"IFA Phoenix-Mesa-Chandler, AZ",0.0,no cell in the extract: territory at zero opportunity
ifa_west_merge,85552,ifa,AZ,IFA,IFA_01,IFA,,04009,40940,0473420,"IFA Phoenix-Mesa-Chandler, AZ",0.266653,
ifa_west_merge,85553,ifa,AZ,IFA,IFA_01,IFA,,04007,37740,0474610,"IFA Phoenix-Mesa-Chandler, AZ",0.0,no cell in the extract: territory at zero opportunity
ifa_west_merge,85554,ifa,AZ,IFA,IFA_01,IFA,,04007,37740,0485330,"IFA Phoenix-Mesa-Chandler, AZ",0.0,no cell in the extract: territory at zero opportunity
ifa_west_merge,85601,ifa,AZ,IFA,IFA_01,IFA,,04019,46060,0403320,"IFA Phoenix-Mesa-Chandler, AZ",0.0,no cell in the extract: territory at zero opportunity
ifa_west_merge,85602,ifa,AZ,IFA,IFA_01,IFA,,04003,43420,0405770,"IFA Phoenix-Mesa-Chandler, AZ",0.0,no cell in the extract: territory at zero opportunity
ifa_west_merge,85603,ifa,AZ,IFA,IFA_01,IFA,,04003,43420,0406260,"IFA Phoenix-Mesa-Chandler, AZ",0.0,no cell in the extract: territory at zero opportunity
ifa_west_merge,85605,ifa,AZ,IFA,IFA_01,IFA,,04003,43420,0407380,"IFA Phoenix-Mesa-Chandler, AZ",0.0,no cell in the extract: territory at zero opportunity
ifa_west_merge,85606,ifa,AZ,IFA,IFA_01,IFA,,04003,43420,,"IFA Phoenix-Mesa-Chandler, AZ",0.0,no cell in the extract: territory at zero opportunity
ifa_west_merge,85607,ifa,AZ,IFA,IFA_01,IFA,,04003,43420,0420050,"IFA Phoenix-Mesa-Chandler, AZ",0.0,no cell in the extract: territory at zero opportunity
ifa_west_merge,85608,ifa,AZ,IFA,IFA_01,IFA,,04003,43420,0420050,"IFA Phoenix-Mesa-Chandler, AZ",0.0,no cell in the extract: territory at zero opportunity
ifa_west_merge,85609,ifa,AZ,IFA,IFA_01,IFA,,04003,43420,0420330,"IFA Phoenix-Mesa-Chandler, AZ",0.0,no cell in the extract: territory at zero opportunity
ifa_west_merge,85610,ifa,AZ,IFA,IFA_01,IFA,,04003,43420,0422080,"IFA Phoenix-Mesa-Chandler, AZ",0.0,no cell in the extract: territory at zero opportunity
ifa_west_merge,85611,ifa,AZ,IFA,IFA_01,IFA,,04023,35700,0422150,"IFA Phoenix-Mesa-Chandler, AZ",0.0,no cell in the extract: territory at zero opportunity
ifa_west_merge,85613,ifa,AZ,IFA,IFA_01,IFA,,04003,43420,0466820,"IFA Phoenix-Mesa-Chandler, AZ",0.0,no cell in the extract: territory at zero opportunity
ifa_west_merge,85614,ifa,AZ,IFA,IFA_01,IFA,,04019,46060,0429710,"IFA Phoenix-Mesa-Chandler, AZ",0.0,no cell in the extract: territory at zero opportunity
ifa_west_merge,85615,ifa,AZ,IFA,IFA_01,IFA,,04003,43420,0466845,"IFA Phoenix-Mesa-Chandler, AZ",0.0,no cell in the extract: territory at zero opportunity
ifa_west_merge,85616,ifa,AZ,IFA,IFA_01,IFA,,04003,43420,0482156,"IFA Phoenix-Mesa-Chandler, AZ",0.0,no cell in the extract: territory at zero opportunity
ifa_west_merge,85617,ifa,AZ,IFA,IFA_01,IFA,,04003,43420,0443570,"IFA Phoenix-Mesa-Chandler, AZ",0.0,no cell in the extract: territory at zero opportunity
ifa_west_merge,85618,ifa,AZ,IFA,IFA_01,IFA,,04021,38060,0443990,"IFA Phoenix-Mesa-Chandler, AZ",0.0,no cell in the extract: territory at zero opportunity
ifa_west_merge,85619,ifa,AZ,IFA,IFA_01,IFA,,04019,46060,0470175,"IFA Phoenix-Mesa-Chandler, AZ",0.0,no cell in the extract: territory at zero opportunity
ifa_west_merge,85620,ifa,AZ,IFA,IFA_01,IFA,,04003,43420,0448310,"IFA Phoenix-Mesa-Chandler, AZ",0.0,no cell in the extract: territory at zero opportunity
ifa_west_merge,85621,ifa,AZ,IFA,IFA_01,IFA,,04023,35700,0449640,"IFA Phoenix-Mesa-Chandler, AZ",0.0,no cell in the extract: territory at zero opportunity
ifa_west_merge,85622,ifa,AZ,IFA,IFA_01,IFA,,04019,46060,0429710,"IFA Phoenix-Mesa-Chandler, AZ",0.0,no cell in the extract: territory at zero opportunity
ifa_west_merge,85623,ifa,AZ,IFA,IFA_01,IFA,,04021,38060,0443990,"IFA Phoenix-Mesa-Chandler, AZ",0.0,no cell in the extract: territory at zero opportunity
ifa_west_merge,85624,ifa,AZ,IFA,IFA_01,IFA,,04023,35700,0453490,"IFA Phoenix-Mesa-Chandler, AZ",0.0,no cell in the extract: territory at zero opportunity
ifa_west_merge,85625,ifa,AZ,IFA,IFA_01,IFA,,04003,43420,0470460,"IFA Phoenix-Mesa-Chandler, AZ",0.0,no cell in the extract: territory at zero opportunity
ifa_west_merge,85626,ifa,AZ,IFA,IFA_01,IFA,,04003,43420,0456400,"IFA Phoenix-Mesa-Chandler, AZ",0.0,no cell in the extract: territory at zero opportunity
ifa_west_merge,85627,ifa,AZ,IFA,IFA_01,IFA,,04003,43420,,"IFA Phoenix-Mesa-Chandler, AZ",0.0,no cell in the extract: territory at zero opportunity
ifa_west_merge,85629,ifa,AZ,IFA,IFA_01,IFA,,04019,46060,0462140,"IFA Phoenix-Mesa-Chandler, AZ",0.0,no cell in the extract: territory at zero opportunity
ifa_west_merge,85630,ifa,AZ,IFA,IFA_01,IFA,,04003,43420,0405770,"IFA Phoenix-Mesa-Chandler, AZ",0.0,no cell in the extract: territory at zero opportunity
ifa_west_merge,85631,ifa,AZ,IFA,IFA_01,IFA,,04021,38060,0463540,"IFA Phoenix-Mesa-Chandler, AZ",0.0,no cell in the extract: territory at zero opportunity
ifa_west_merge,85632,ifa,AZ,IFA,IFA_01,IFA,,04003,43420,0463820,"IFA Phoenix-Mesa-Chandler, AZ",0.0,no cell in the extract: territory at zero opportunity
ifa_west_merge,85633,ifa,AZ,IFA,IFA_01,IFA,,04019,46060,,"IFA Phoenix-Mesa-Chandler, AZ",0.0,no cell in the extract: territory at zero opportunity
ifa_west_merge,85634,ifa,AZ,IFA,IFA_01,IFA,,04019,46060,0465490,"IFA Phoenix-Mesa-Chandler, AZ",0.0,no cell in the extract: territory at zero opportunity
ifa_west_merge,85635,ifa,AZ,IFA,IFA_01,IFA,,04003,43420,0466820,"IFA Phoenix-Mesa-Chandler, AZ",13.1028,
ifa_west_merge,85637,ifa,AZ,IFA,IFA_01,IFA,,04023,35700,0468220,"IFA Phoenix-Mesa-Chandler, AZ",0.0,no cell in the extract: territory at zero opportunity
ifa_west_merge,85638,ifa,AZ,IFA,IFA_01,IFA,,04003,43420,0474400,"IFA Phoenix-Mesa-Chandler, AZ",0.0,no cell in the extract: territory at zero opportunity
ifa_west_merge,85639,ifa,AZ,IFA,IFA_01,IFA,,04019,46060,0474680,"IFA Phoenix-Mesa-Chandler, AZ",0.0,no cell in the extract: territory at zero opportunity
ifa_west_merge,85640,ifa,AZ,IFA,IFA_01,IFA,,04023,35700,0477367,"IFA Phoenix-Mesa-Chandler, AZ",0.0,no cell in the extract: territory at zero opportunity
ifa_west_merge,85641,ifa,AZ,IFA,IFA_01,IFA,,04019,46060,0478540,"IFA Phoenix-Mesa-Chandler, AZ",0.0,no cell in the extract: territory at zero opportunity
ifa_west_merge,85643,ifa,AZ,IFA,IFA_01,IFA,,04009,40940,0483090,"IFA Phoenix-Mesa-Chandler, AZ",0.0,no cell in the extract: territory at zero opportunity
ifa_west_merge,85645,ifa,AZ,IFA,IFA_01,IFA,,04019,46060,0421980,"IFA Phoenix-Mesa-Chandler, AZ",0.0,no cell in the extract: territory at zero opportunity
ifa_west_merge,85646,ifa,AZ,IFA,IFA_01,IFA,,04023,35700,0475940,"IFA Phoenix-Mesa-Chandler, AZ",0.00286362,
ifa_west_merge,85648,ifa,AZ,IFA,IFA_01,IFA,,04023,35700,0460180,"IFA Phoenix-Mesa-Chandler, AZ",0.0,no cell in the extract: territory at zero opportunity
ifa_west_merge,85650,ifa,AZ,IFA,IFA_01,IFA,,04003,43420,0466845,"IFA Phoenix-Mesa-Chandler, AZ",5.15707,
ifa_west_merge,85653,ifa,AZ,IFA,IFA_01,IFA,,04019,46060,0444270,"IFA Phoenix-Mesa-Chandler, AZ",0.0,no cell in the extract: territory at zero opportunity
ifa_west_merge,85654,ifa,AZ,IFA,IFA_01,IFA,,04019,46060,0459900,"IFA Phoenix-Mesa-Chandler, AZ",0.0,no cell in the extract: territory at zero opportunity
ifa_west_merge,85658,ifa,AZ,IFA,IFA_01,IFA,,04021,38060,0444270,"IFA Phoenix-Mesa-Chandler, AZ",4.93944,
ifa_west_merge,85701,ifa,AZ,IFA,IFA_01,IFA,,04019,46060,0477000,"IFA Phoenix-Mesa-Chandler, AZ",4.03591,
ifa_west_merge,85704,ifa,AZ,IFA,IFA_01,IFA,,04019,46060,0410670,"IFA Phoenix-Mesa-Chandler, AZ",3.66334,
ifa_west_merge,85705,ifa,AZ,IFA,IFA_01,IFA,,04019,46060,0477000,"IFA Phoenix-Mesa-Chandler, AZ",1.92806,
ifa_west_merge,85706,ifa,AZ,IFA,IFA_01,IFA,,04019,46060,0477000,"IFA Phoenix-Mesa-Chandler, AZ",0.0,no cell in the extract: territory at zero opportunity
ifa_west_merge,85707,ifa,AZ,IFA,IFA_01,IFA,,04019,46060,0477000,"IFA Phoenix-Mesa-Chandler, AZ",0.0,no cell in the extract: territory at zero opportunity
ifa_west_merge,85708,ifa,AZ,IFA,IFA_01,IFA,,04019,46060,0477000,"IFA Phoenix-Mesa-Chandler, AZ",0.0,no cell in the extract: territory at zero opportunity
ifa_west_merge,85709,ifa,AZ,IFA,IFA_01,IFA,,04019,46060,0477000,"IFA Phoenix-Mesa-Chandler, AZ",0.0,no cell in the extract: territory at zero opportunity
ifa_west_merge,85710,ifa,AZ,IFA,IFA_01,IFA,,04019,46060,0477000,"IFA Phoenix-Mesa-Chandler, AZ",4.07236,
ifa_west_merge,85711,ifa,AZ,IFA,IFA_01,IFA,,04019,46060,0477000,"IFA Phoenix-Mesa-Chandler, AZ",5.52323,
ifa_west_merge,85712,ifa,AZ,IFA,IFA_01,IFA,,04019,46060,0477000,"IFA Phoenix-Mesa-Chandler, AZ",16.319,
ifa_west_merge,85713,ifa,AZ,IFA,IFA_01,IFA,,04019,46060,0477000,"IFA Phoenix-Mesa-Chandler, AZ",0.0,no cell in the extract: territory at zero opportunity
ifa_west_merge,85714,ifa,AZ,IFA,IFA_01,IFA,,04019,46060,0477000,"IFA Phoenix-Mesa-Chandler, AZ",0.0,no cell in the extract: territory at zero opportunity
ifa_west_merge,85715,ifa,AZ,IFA,IFA_01,IFA,,04019,46060,0477000,"IFA Phoenix-Mesa-Chandler, AZ",2.60908,
ifa_west_merge,85716,ifa,AZ,IFA,IFA_01,IFA,,04019,46060,0477000,"IFA Phoenix-Mesa-Chandler, AZ",0.982808,
ifa_west_merge,85718,ifa,AZ,IFA,IFA_01,IFA,,04019,46060,0411230,"IFA Phoenix-Mesa-Chandler, AZ",6.5646,
ifa_west_merge,85719,ifa,AZ,IFA,IFA_01,IFA,,04019,46060,0477000,"IFA Phoenix-Mesa-Chandler, AZ",1.01474,
ifa_west_merge,85721,ifa,AZ,IFA,IFA_01,IFA,,04019,46060,0477000,"IFA Phoenix-Mesa-Chandler, AZ",0.0,no cell in the extract: territory at zero opportunity
ifa_west_merge,85723,ifa,AZ,IFA,IFA_01,IFA,,04019,46060,0477000,"IFA Phoenix-Mesa-Chandler, AZ",0.0,no cell in the extract: territory at zero opportunity
ifa_west_merge,85724,ifa,AZ,IFA,IFA_01,IFA,,04019,46060,0477000,"IFA Phoenix-Mesa-Chandler, AZ",0.0,no cell in the extract: territory at zero opportunity
ifa_west_merge,85726,ifa,AZ,IFA,IFA_01,IFA,,04019,46060,0477000,"IFA Phoenix-Mesa-Chandler, AZ",0.0,no cell in the extract: territory at zero opportunity
ifa_west_merge,85730,ifa,AZ,IFA,IFA_01,IFA,,04019,46060,0477000,"IFA Phoenix-Mesa-Chandler, AZ",0.0,no cell in the extract: territory at zero opportunity
ifa_west_merge,85734,ifa,AZ,IFA,IFA_01,IFA,,04019,46060,0477000,"IFA Phoenix-Mesa-Chandler, AZ",0.0,no cell in the extract: territory at zero opportunity
ifa_west_merge,85735,ifa,AZ,IFA,IFA_01,IFA,,04019,46060,0473700,"IFA Phoenix-Mesa-Chandler, AZ",0.0,no cell in the extract: territory at zero opportunity
ifa_west_merge,85736,ifa,AZ,IFA,IFA_01,IFA,,04019,46060,0473700,"IFA Phoenix-Mesa-Chandler, AZ",0.0,no cell in the extract: territory at zero opportunity
ifa_west_merge,85737,ifa,AZ,IFA,IFA_01,IFA,,04019,46060,0451600,"IFA Phoenix-Mesa-Chandler, AZ",0.492934,
ifa_west_merge,85739,ifa,AZ,IFA,IFA_01,IFA,,04021,38060,0461940,"IFA Phoenix-Mesa-Chandler, AZ",0.0,no cell in the extract: territory at zero opportunity
ifa_west_merge,85741,ifa,AZ,IFA,IFA_01,IFA,,04019,46060,0410670,"IFA Phoenix-Mesa-Chandler, AZ",10.3268,
ifa_west_merge,85742,ifa,AZ,IFA,IFA_01,IFA,,04019,46060,0410670,"IFA Phoenix-Mesa-Chandler, AZ",0.337915,
ifa_west_merge,85743,ifa,AZ,IFA,IFA_01,IFA,,04019,46060,0455300,"IFA Phoenix-Mesa-Chandler, AZ",0.0,no cell in the extract: territory at zero opportunity
ifa_west_merge,85745,ifa,AZ,IFA,IFA_01,IFA,,04019,46060,0477179,"IFA Phoenix-Mesa-Chandler, AZ",0.0,no cell in the extract: territory at zero opportunity
ifa_west_merge,85746,ifa,AZ,IFA,IFA_01,IFA,,04019,46060,0420540,"IFA Phoenix-Mesa-Chandler, AZ",0.0,no cell in the extract: territory at zero opportunity
ifa_west_merge,85747,ifa,AZ,IFA,IFA_01,IFA,,04019,46060,0477000,"IFA Phoenix-Mesa-Chandler, AZ",0.214384,
ifa_west_merge,85748,ifa,AZ,IFA,IFA_01,IFA,,04019,46060,0477000,"IFA Phoenix-Mesa-Chandler, AZ",0.565698,
ifa_west_merge,85749,ifa,AZ,IFA,IFA_01,IFA,,04019,46060,0472000,"IFA Phoenix-Mesa-Chandler, AZ",0.835072,
ifa_west_merge,85750,ifa,AZ,IFA,IFA_01,IFA,,04019,46060,0411230,"IFA Phoenix-Mesa-Chandler, AZ",0.18103,
ifa_west_merge,85755,ifa,AZ,IFA,IFA_01,IFA,,04019,46060,0451600,"IFA Phoenix-Mesa-Chandler, AZ",0.0,no cell in the extract: territory at zero opportunity
ifa_west_merge,85756,ifa,AZ,IFA,IFA_01,IFA,,04019,46060,0477000,"IFA Phoenix-Mesa-Chandler, AZ",0.0,no cell in the extract: territory at zero opportunity
ifa_west_merge,85757,ifa,AZ,IFA,IFA_01,IFA,,04019,46060,0478760,"IFA Phoenix-Mesa-Chandler, AZ",0.0,no cell in the extract: territory at zero opportunity
ifa_west_merge,85901,ifa,AZ,IFA,IFA_01,IFA,,04017,43320,0466470,"IFA Phoenix-Mesa-Chandler, AZ",0.0,no cell in the extract: territory at zero opportunity
ifa_west_merge,85902,ifa,AZ,IFA,IFA_01,IFA,,04017,43320,,"IFA Phoenix-Mesa-Chandler, AZ",0.0,no cell in the extract: territory at zero opportunity
ifa_west_merge,85911,ifa,AZ,IFA,IFA_01,IFA,,04017,43320,0413400,"IFA Phoenix-Mesa-Chandler, AZ",0.0,no cell in the extract: territory at zero opportunity
ifa_west_merge,85912,ifa,AZ,IFA,IFA_01,IFA,,04017,43320,0482450,"IFA Phoenix-Mesa-Chandler, AZ",0.0,no cell in the extract: territory at zero opportunity
ifa_west_merge,85920,ifa,AZ,IFA,IFA_01,IFA,,04001,,0401920,"IFA Phoenix-Mesa-Chandler, AZ",0.0,no cell in the extract: territory at zero opportunity
ifa_west_merge,85922,ifa,AZ,IFA,IFA_01,IFA,,04011,,,"IFA Phoenix-Mesa-Chandler, AZ",0.0,no cell in the extract: territory at zero opportunity
ifa_west_merge,85923,ifa,AZ,IFA,IFA_01,IFA,,04017,43320,0414030,"IFA Phoenix-Mesa-Chandler, AZ",0.0,no cell in the extract: territory at zero opportunity
ifa_west_merge,85924,ifa,AZ,IFA,IFA_01,IFA,,04001,,0415150,"IFA Phoenix-Mesa-Chandler, AZ",0.0,no cell in the extract: territory at zero opportunity
ifa_west_merge,85925,ifa,AZ,IFA,IFA_01,IFA,,04001,,0420960,"IFA Phoenix-Mesa-Chandler, AZ",0.0,no cell in the extract: territory at zero opportunity
ifa_west_merge,85926,ifa,AZ,IFA,IFA_01,IFA,,04017,43320,0424250,"IFA Phoenix-Mesa-Chandler, AZ",0.0,no cell in the extract: territory at zero opportunity
ifa_west_merge,85927,ifa,AZ,IFA,IFA_01,IFA,,04001,,0429850,"IFA Phoenix-Mesa-Chandler, AZ",0.0,no cell in the extract: territory at zero opportunity
ifa_west_merge,85928,ifa,AZ,IFA,IFA_01,IFA,,04017,43320,0432310,"IFA Phoenix-Mesa-Chandler, AZ",0.0,no cell in the extract: territory at zero opportunity
ifa_west_merge,85929,ifa,AZ,IFA,IFA_01,IFA,,04017,43320,0455980,"IFA Phoenix-Mesa-Chandler, AZ",0.0,no cell in the extract: territory at zero opportunity
ifa_west_merge,85930,ifa,AZ,IFA,IFA_01,IFA,,04001,,0443430,"IFA Phoenix-Mesa-Chandler, AZ",0.0,no cell in the extract: territory at zero opportunity
ifa_west_merge,85931,ifa,AZ,IFA,IFA_01,IFA,,04005,22380,0424100,"IFA Phoenix-Mesa-Chandler, AZ",0.0,no cell in the extract: territory at zero opportunity
ifa_west_merge,85932,ifa,AZ,IFA,IFA_01,IFA,,04001,,0450340,"IFA Phoenix-Mesa-Chandler, AZ",0.0,no cell in the extract: territory at zero opportunity
ifa_west_merge,85933,ifa,AZ,IFA,IFA_01,IFA,,04017,43320,0432310,"IFA Phoenix-Mesa-Chandler, AZ",0.0,no cell in the extract: territory at zero opportunity
ifa_west_merge,85934,ifa,AZ,IFA,IFA_01,IFA,,04017,43320,0455840,"IFA Phoenix-Mesa-Chandler, AZ",0.0,no cell in the extract: territory at zero opportunity
ifa_west_merge,85935,ifa,AZ,IFA,IFA_01,IFA,,04017,43320,0433440,"IFA Phoenix-Mesa-Chandler, AZ",0.0,no cell in the extract: territory at zero opportunity
ifa_west_merge,85936,ifa,AZ,IFA,IFA_01,IFA,,04001,,0462350,"IFA Phoenix-Mesa-Chandler, AZ",0.0,no cell in the extract: territory at zero opportunity
ifa_west_merge,85937,ifa,AZ,IFA,IFA_01,IFA,,04017,43320,0467800,"IFA Phoenix-Mesa-Chandler, AZ",0.0,no cell in the extract: territory at zero opportunity
ifa_west_merge,85938,ifa,AZ,IFA,IFA_01,IFA,,04001,,0468990,"IFA Phoenix-Mesa-Chandler, AZ",0.0,no cell in the extract: territory at zero opportunity
ifa_west_merge,85939,ifa,AZ,IFA,IFA_01,IFA,,04017,43320,0472420,"IFA Phoenix-Mesa-Chandler, AZ",0.0,no cell in the extract: territory at zero opportunity
ifa_west_merge,85940,ifa,AZ,IFA,IFA_01,IFA,,04001,,0479870,"IFA Phoenix-Mesa-Chandler, AZ",0.0,no cell in the extract: territory at zero opportunity
ifa_west_merge,85941,ifa,AZ,IFA,IFA_01,IFA,,04007,37740,0450000,"IFA Phoenix-Mesa-Chandler, AZ",0.0,no cell in the extract: territory at zero opportunity
ifa_west_merge,85942,ifa,AZ,IFA,IFA_01,IFA,,04017,43320,0484350,"IFA Phoenix-Mesa-Chandler, AZ",0.0,no cell in the extract: territory at zero opportunity
ifa_west_merge,86001,ifa,AZ,IFA,IFA_01,IFA,,04005,22380,0425045,"IFA Phoenix-Mesa-Chandler, AZ",0.695932,
ifa_west_merge,86003,ifa,AZ,IFA,IFA_01,IFA,,04005,22380,,"IFA Phoenix-Mesa-Chandler, AZ",0.0,no cell in the extract: territory at zero opportunity
ifa_west_merge,86004,ifa,AZ,IFA,IFA_01,IFA,,04005,22380,0423620,"IFA Phoenix-Mesa-Chandler, AZ",2.08949,
ifa_west_merge,86005,ifa,AZ,IFA,IFA_01,IFA,,04005,22380,0423620,"IFA Phoenix-Mesa-Chandler, AZ",0.0,no cell in the extract: territory at zero opportunity
ifa_west_merge,86011,ifa,AZ,IFA,IFA_01,IFA,,04005,22380,0423620,"IFA Phoenix-Mesa-Chandler, AZ",0.0,no cell in the extract: territory at zero opportunity
ifa_west_merge,86015,ifa,AZ,IFA,IFA_01,IFA,,04005,22380,0405700,"IFA Phoenix-Mesa-Chandler, AZ",0.0,no cell in the extract: territory at zero opportunity
ifa_west_merge,86016,ifa,AZ,IFA,IFA_01,IFA,,04005,22380,,"IFA Phoenix-Mesa-Chandler, AZ",0.0,no cell in the extract: territory at zero opportunity
ifa_west_merge,86017,ifa,AZ,IFA,IFA_01,IFA,,04005,22380,0448170,"IFA Phoenix-Mesa-Chandler, AZ",0.0,no cell in the extract: territory at zero opportunity
ifa_west_merge,86018,ifa,AZ,IFA,IFA_01,IFA,,04005,22380,0453350,"IFA Phoenix-Mesa-Chandler, AZ",0.0,no cell in the extract: territory at zero opportunity
ifa_west_merge,86020,ifa,AZ,IFA,IFA_01,IFA,,04005,22380,0409340,"IFA Phoenix-Mesa-Chandler, AZ",0.0,no cell in the extract: territory at zero opportunity
ifa_west_merge,86021,ifa,AZ,IFA,IFA_01,IFA,,04015,29420,0414870,"IFA Phoenix-Mesa-Chandler, AZ",0.0,no cell in the extract: territory at zero opportunity
ifa_west_merge,86022,ifa,AZ,IFA,IFA_01,IFA,,04005,22380,0425720,"IFA Phoenix-Mesa-Chandler, AZ",0.0,no cell in the extract: territory at zero opportunity
ifa_west_merge,86023,ifa,AZ,IFA,IFA_01,IFA,,04005,22380,0428981,"IFA Phoenix-Mesa-Chandler, AZ",0.0,no cell in the extract: territory at zero opportunity
ifa_west_merge,86024,ifa,AZ,IFA,IFA_01,IFA,,04005,22380,0406997,"IFA Phoenix-Mesa-Chandler, AZ",0.0,no cell in the extract: territory at zero opportunity
ifa_west_merge,86025,ifa,AZ,IFA,IFA_01,IFA,,04017,43320,0433280,"IFA Phoenix-Mesa-Chandler, AZ",0.0,no cell in the extract: territory at zero opportunity
ifa_west_merge,86028,ifa,AZ,IFA,IFA_01,IFA,,04001,,,"IFA Phoenix-Mesa-Chandler, AZ",0.0,no cell in the extract: territory at zero opportunity
ifa_west_merge,86029,ifa,AZ,IFA,IFA_01,IFA,,04017,43320,0471160,"IFA Phoenix-Mesa-Chandler, AZ",0.0,no cell in the extract: territory at zero opportunity
ifa_west_merge,86030,ifa,AZ,IFA,IFA_01,IFA,,04005,22380,0433945,"IFA Phoenix-Mesa-Chandler, AZ",0.0,no cell in the extract: territory at zero opportunity
ifa_west_merge,86031,ifa,AZ,IFA,IFA_01,IFA,,04017,43320,0482390,"IFA Phoenix-Mesa-Chandler, AZ",0.0,no cell in the extract: territory at zero opportunity
ifa_west_merge,86032,ifa,AZ,IFA,IFA_01,IFA,,04017,43320,0436430,"IFA Phoenix-Mesa-Chandler, AZ",0.0,no cell in the extract: territory at zero opportunity
ifa_west_merge,86033,ifa,AZ,IFA,IFA_01,IFA,,04017,43320,0412630,"IFA Phoenix-Mesa-Chandler, AZ",0.0,no cell in the extract: territory at zero opportunity
ifa_west_merge,86034,ifa,AZ,IFA,IFA_01,IFA,,04017,43320,0482390,"IFA Phoenix-Mesa-Chandler, AZ",0.0,no cell in the extract: territory at zero opportunity
ifa_west_merge,86035,ifa,AZ,IFA,IFA_01,IFA,,04005,22380,0440630,"IFA Phoenix-Mesa-Chandler, AZ",0.0,no cell in the extract: territory at zero opportunity
ifa_west_merge,86036,ifa,AZ,IFA,IFA_01,IFA,,04005,22380,0451810,"IFA Phoenix-Mesa-Chandler, AZ",0.0,no cell in the extract: territory at zero opportunity
ifa_west_merge,86038,ifa,AZ,IFA,IFA_01,IFA,,04005,22380,0447680,"IFA Phoenix-Mesa-Chandler, AZ",0.0,no cell in the extract: territory at zero opportunity
ifa_west_merge,86039,ifa,AZ,IFA,IFA_01,IFA,,04017,43320,0439100,"IFA Phoenix-Mesa-Chandler, AZ",0.0,no cell in the extract: territory at zero opportunity
ifa_west_merge,86040,ifa,AZ,IFA,IFA_01,IFA,,04005,22380,0451810,"IFA Phoenix-Mesa-Chandler, AZ",0.0,no cell in the extract: territory at zero opportunity
ifa_west_merge,86042,ifa,AZ,IFA,IFA_01,IFA,,04017,43320,0423512,"IFA Phoenix-Mesa-Chandler, AZ",0.0,no cell in the extract: territory at zero opportunity
ifa_west_merge,86043,ifa,AZ,IFA,IFA_01,IFA,,04017,43320,0465280,"IFA Phoenix-Mesa-Chandler, AZ",0.0,no cell in the extract: territory at zero opportunity
ifa_west_merge,86044,ifa,AZ,IFA,IFA_01,IFA,,04005,22380,4953890,"IFA Phoenix-Mesa-Chandler, AZ",0.0,no cell in the extract: territory at zero opportunity
ifa_west_merge,86045,ifa,AZ,IFA,IFA_01,IFA,,04005,22380,0476010,"IFA Phoenix-Mesa-Chandler, AZ",0.0,no cell in the extract: territory at zero opportunity
ifa_west_merge,86046,ifa,AZ,IFA,IFA_01,IFA,,04005,22380,0478855,"IFA Phoenix-Mesa-Chandler, AZ",0.398049,
ifa_west_merge,86047,ifa,AZ,IFA,IFA_01,IFA,,04017,43320,0483960,"IFA Phoenix-Mesa-Chandler, AZ",0.0,no cell in the extract: territory at zero opportunity
ifa_west_merge,86052,ifa,AZ,IFA,IFA_01,IFA,,04005,22380,0428981,"IFA Phoenix-Mesa-Chandler, AZ",0.0,no cell in the extract: territory at zero opportunity
ifa_west_merge,86053,ifa,AZ,IFA,IFA_01,IFA,,04005,22380,0436640,"IFA Phoenix-Mesa-Chandler, AZ",0.0,no cell in the extract: territory at zero opportunity
ifa_west_merge,86054,ifa,AZ,IFA,IFA_01,IFA,,04017,43320,0466260,"IFA Phoenix-Mesa-Chandler, AZ",0.0,no cell in the extract: territory at zero opportunity
ifa_west_merge,86301,ifa,AZ,IFA,IFA_01,IFA,,04025,39150,0457380,"IFA Phoenix-Mesa-Chandler, AZ",4.57066,
ifa_west_merge,86303,ifa,AZ,IFA,IFA_01,IFA,,04025,39150,0457380,"IFA Phoenix-Mesa-Chandler, AZ",2.10542,
ifa_west_merge,86305,ifa,AZ,IFA,IFA_01,IFA,,04025,39150,0483388,"IFA Phoenix-Mesa-Chandler, AZ",9.39317,
ifa_west_merge,86313,ifa,AZ,IFA,IFA_01,IFA,,04025,39150,0457380,"IFA Phoenix-Mesa-Chandler, AZ",0.0,no cell in the extract: territory at zero opportunity
ifa_west_merge,86314,ifa,AZ,IFA,IFA_01,IFA,,04025,39150,0457450,"IFA Phoenix-Mesa-Chandler, AZ",0.323987,
ifa_west_merge,86315,ifa,AZ,IFA,IFA_01,IFA,,04025,39150,0457450,"IFA Phoenix-Mesa-Chandler, AZ",0.806076,
ifa_west_merge,86320,ifa,AZ,IFA,IFA_01,IFA,,04005,22380,0436535,"IFA Phoenix-Mesa-Chandler, AZ",0.0,no cell in the extract: territory at zero opportunity
ifa_west_merge,86321,ifa,AZ,IFA,IFA_01,IFA,,04025,39150,0405140,"IFA Phoenix-Mesa-Chandler, AZ",0.0,no cell in the extract: territory at zero opportunity
ifa_west_merge,86322,ifa,AZ,IFA,IFA_01,IFA,,04025,39150,0409690,"IFA Phoenix-Mesa-Chandler, AZ",0.860229,
ifa_west_merge,86323,ifa,AZ,IFA,IFA_01,IFA,,04025,39150,0412840,"IFA Phoenix-Mesa-Chandler, AZ",0.0,no cell in the extract: territory at zero opportunity
ifa_west_merge,86324,ifa,AZ,IFA,IFA_01,IFA,,04025,39150,0413890,"IFA Phoenix-Mesa-Chandler, AZ",0.500531,
ifa_west_merge,86325,ifa,AZ,IFA,IFA_01,IFA,,04025,39150,0415920,"IFA Phoenix-Mesa-Chandler, AZ",0.0,no cell in the extract: territory at zero opportunity
ifa_west_merge,86326,ifa,AZ,IFA,IFA_01,IFA,,04025,39150,0416410,"IFA Phoenix-Mesa-Chandler, AZ",0.0,no cell in the extract: territory at zero opportunity
ifa_west_merge,86327,ifa,AZ,IFA,IFA_01,IFA,,04025,39150,0419145,"IFA Phoenix-Mesa-Chandler, AZ",0.0,no cell in the extract: territory at zero opportunity
ifa_west_merge,86329,ifa,AZ,IFA,IFA_01,IFA,,04025,39150,0419145,"IFA Phoenix-Mesa-Chandler, AZ",0.0,no cell in the extract: territory at zero opportunity
ifa_west_merge,86331,ifa,AZ,IFA,IFA_01,IFA,,04025,39150,0436290,"IFA Phoenix-Mesa-Chandler, AZ",0.0,no cell in the extract: territory at zero opportunity
ifa_west_merge,86332,ifa,AZ,IFA,IFA_01,IFA,,04025,39150,0482950,"IFA Phoenix-Mesa-Chandler, AZ",0.0,no cell in the extract: territory at zero opportunity
ifa_west_merge,86333,ifa,AZ,IFA,IFA_01,IFA,,04025,39150,0445180,"IFA Phoenix-Mesa-Chandler, AZ",0.0,no cell in the extract: territory at zero opportunity
ifa_west_merge,86334,ifa,AZ,IFA,IFA_01,IFA,,04025,39150,0453560,"IFA Phoenix-Mesa-Chandler, AZ",0.0,no cell in the extract: territory at zero opportunity
ifa_west_merge,86335,ifa,AZ,IFA,IFA_01,IFA,,04025,39150,0439720,"IFA Phoenix-Mesa-Chandler, AZ",0.0,no cell in the extract: territory at zero opportunity
ifa_west_merge,86336,ifa,AZ,IFA,IFA_01,IFA,,04025,39150,0450362,"IFA Phoenix-Mesa-Chandler, AZ",0.0,no cell in the extract: territory at zero opportunity
ifa_west_merge,86337,ifa,AZ,IFA,IFA_01,IFA,,04025,39150,0465420,"IFA Phoenix-Mesa-Chandler, AZ",0.0,no cell in the extract: territory at zero opportunity
ifa_west_merge,86338,ifa,AZ,IFA,IFA_01,IFA,,04025,39150,,"IFA Phoenix-Mesa-Chandler, AZ",0.0,no cell in the extract: territory at zero opportunity
ifa_west_merge,86343,ifa,AZ,IFA,IFA_01,IFA,,04025,39150,,"IFA Phoenix-Mesa-Chandler, AZ",0.0,no cell in the extract: territory at zero opportunity
ifa_west_merge,86351,ifa,AZ,IFA,IFA_01,IFA,,04025,39150,0480095,"IFA Phoenix-Mesa-Chandler, AZ",0.0,no cell in the extract: territory at zero opportunity
ifa_west_merge,86401,ifa,AZ,IFA,IFA_01,IFA,,04015,29420,0437620,"IFA Phoenix-Mesa-Chandler, AZ",0.0,no cell in the extract: territory at zero opportunity
ifa_west_merge,86403,ifa,AZ,IFA,IFA_01,IFA,,04015,29420,0439370,"IFA Phoenix-Mesa-Chandler, AZ",1.43852,
ifa_west_merge,86404,ifa,AZ,IFA,IFA_01,IFA,,04015,29420,0439370,"IFA Phoenix-Mesa-Chandler, AZ",1.269,
ifa_west_merge,86406,ifa,AZ,IFA,IFA_01,IFA,,04015,29420,0439370,"IFA Phoenix-Mesa-Chandler, AZ",0.0,no cell in the extract: territory at zero opportunity
ifa_west_merge,86409,ifa,AZ,IFA,IFA_01,IFA,,04015,29420,0437620,"IFA Phoenix-Mesa-Chandler, AZ",0.00182954,
ifa_west_merge,86411,ifa,AZ,IFA,IFA_01,IFA,,04015,29420,0430830,"IFA Phoenix-Mesa-Chandler, AZ",0.0,no cell in the extract: territory at zero opportunity
ifa_west_merge,86413,ifa,AZ,IFA,IFA_01,IFA,,04015,29420,0428195,"IFA Phoenix-Mesa-Chandler, AZ",0.0,no cell in the extract: territory at zero opportunity
ifa_west_merge,86426,ifa,AZ,IFA,IFA_01,IFA,,04015,29420,0424895,"IFA Phoenix-Mesa-Chandler, AZ",0.0,no cell in the extract: territory at zero opportunity
ifa_west_merge,86429,ifa,AZ,IFA,IFA_01,IFA,,04015,29420,0408220,"IFA Phoenix-Mesa-Chandler, AZ",0.0,no cell in the extract: territory at zero opportunity
ifa_west_merge,86431,ifa,AZ,IFA,IFA_01,IFA,,04015,29420,0412910,"IFA Phoenix-Mesa-Chandler, AZ",0.0,no cell in the extract: territory at zero opportunity
ifa_west_merge,86432,ifa,AZ,IFA,IFA_01,IFA,,04015,29420,0464650,"IFA Phoenix-Mesa-Chandler, AZ",0.0,no cell in the extract: territory at zero opportunity
ifa_west_merge,86433,ifa,AZ,IFA,IFA_01,IFA,,04015,29420,0450620,"IFA Phoenix-Mesa-Chandler, AZ",0.0,no cell in the extract: territory at zero opportunity
ifa_west_merge,86434,ifa,AZ,IFA,IFA_01,IFA,,04015,29420,0428985,"IFA Phoenix-Mesa-Chandler, AZ",0.0,no cell in the extract: territory at zero opportunity
ifa_west_merge,86435,ifa,AZ,IFA,IFA_01,IFA,,04005,22380,0471230,"IFA Phoenix-Mesa-Chandler, AZ",0.0,no cell in the extract: territory at zero opportunity
ifa_west_merge,86436,ifa,AZ,IFA,IFA_01,IFA,,04015,29420,0428190,"IFA Phoenix-Mesa-Chandler, AZ",0.0,no cell in the extract: territory at zero opportunity
ifa_west_merge,86437,ifa,AZ,IFA,IFA_01,IFA,,04015,29420,0478820,"IFA Phoenix-Mesa-Chandler, AZ",0.0,no cell in the extract: territory at zero opportunity
ifa_west_merge,86438,ifa,AZ,IFA,IFA_01,IFA,,04015,29420,0485470,"IFA Phoenix-Mesa-Chandler, AZ",0.0,no cell in the extract: territory at zero opportunity
ifa_west_merge,86440,ifa,AZ,IFA,IFA_01,IFA,,04015,29420,0447400,"IFA Phoenix-Mesa-Chandler, AZ",0.0,no cell in the extract: territory at zero opportunity
ifa_west_merge,86441,ifa,AZ,IFA,IFA_01,IFA,,04015,29420,0419630,"IFA Phoenix-Mesa-Chandler, AZ",0.0,no cell in the extract: territory at zero opportunity
ifa_west_merge,86442,ifa,AZ,IFA,IFA_01,IFA,,04015,29420,0408220,"IFA Phoenix-Mesa-Chandler, AZ",0.0,no cell in the extract: territory at zero opportunity
ifa_west_merge,86443,ifa,AZ,IFA,IFA_01,IFA,,04015,29420,,"IFA Phoenix-Mesa-Chandler, AZ",0.0,no cell in the extract: territory at zero opportunity
ifa_west_merge,86444,ifa,AZ,IFA,IFA_01,IFA,,04015,29420,0445285,"IFA Phoenix-Mesa-Chandler, AZ",0.0,no cell in the extract: territory at zero opportunity
ifa_west_merge,86445,ifa,AZ,IFA,IFA_01,IFA,,04015,29420,0482425,"IFA Phoenix-Mesa-Chandler, AZ",0.0,no cell in the extract: territory at zero opportunity
ifa_west_merge,86502,ifa,AZ,IFA,IFA_01,IFA,,04001,,0482810,"IFA Phoenix-Mesa-Chandler, AZ",0.0,no cell in the extract: territory at zero opportunity
ifa_west_merge,86503,ifa,AZ,IFA,IFA_01,IFA,,04001,,0412770,"IFA Phoenix-Mesa-Chandler, AZ",0.0,no cell in the extract: territory at zero opportunity
ifa_west_merge,86504,ifa,AZ,IFA,IFA_01,IFA,,04001,,0424460,"IFA Phoenix-Mesa-Chandler, AZ",0.0,no cell in the extract: territory at zero opportunity
ifa_west_merge,86505,ifa,AZ,IFA,IFA_01,IFA,,04001,,0408535,"IFA Phoenix-Mesa-Chandler, AZ",0.0,no cell in the extract: territory at zero opportunity
ifa_west_merge,86506,ifa,AZ,IFA,IFA_01,IFA,,04001,,0433980,"IFA Phoenix-Mesa-Chandler, AZ",0.0,no cell in the extract: territory at zero opportunity
ifa_west_merge,86507,ifa,AZ,IFA,IFA_01,IFA,,04001,,0442660,"IFA Phoenix-Mesa-Chandler, AZ",0.0,no cell in the extract: territory at zero opportunity
ifa_west_merge,86508,ifa,AZ,IFA,IFA_01,IFA,,04001,,0442940,"IFA Phoenix-Mesa-Chandler, AZ",0.0,no cell in the extract: territory at zero opportunity
ifa_west_merge,86510,ifa,AZ,IFA,IFA_01,IFA,,04017,43320,0456120,"IFA Phoenix-Mesa-Chandler, AZ",0.0,no cell in the extract: territory at zero opportunity
ifa_west_merge,86511,ifa,AZ,IFA,IFA_01,IFA,,04001,,0462420,"IFA Phoenix-Mesa-Chandler, AZ",0.0,no cell in the extract: territory at zero opportunity
ifa_west_merge,86512,ifa,AZ,IFA,IFA_01,IFA,,04001,,0463050,"IFA Phoenix-Mesa-Chandler, AZ",0.0,no cell in the extract: territory at zero opportunity
ifa_west_merge,86514,ifa,AZ,IFA,IFA_01,IFA,,04001,,0472560,"IFA Phoenix-Mesa-Chandler, AZ",0.0,no cell in the extract: territory at zero opportunity
ifa_west_merge,86515,ifa,NM,IFA,IFA_01,IFA,,35031,23700,3579885,"IFA Phoenix-Mesa-Chandler, AZ",0.0,no cell in the extract: territory at zero opportunity
ifa_west_merge,86520,ifa,AZ,IFA,IFA_01,IFA,,04001,,0442590,"IFA Phoenix-Mesa-Chandler, AZ",0.0,no cell in the extract: territory at zero opportunity
ifa_west_merge,86535,ifa,AZ,IFA,IFA_01,IFA,,04001,,0418580,"IFA Phoenix-Mesa-Chandler, AZ",0.0,no cell in the extract: territory at zero opportunity
ifa_west_merge,86538,ifa,AZ,IFA,IFA_01,IFA,,04001,,0444200,"IFA Phoenix-Mesa-Chandler, AZ",0.0,no cell in the extract: territory at zero opportunity
ifa_west_merge,86540,ifa,AZ,IFA,IFA_01,IFA,,04001,,0449010,"IFA Phoenix-Mesa-Chandler, AZ",0.0,no cell in the extract: territory at zero opportunity
ifa_west_merge,86544,ifa,AZ,IFA,IFA_01,IFA,,04001,,0459690,"IFA Phoenix-Mesa-Chandler, AZ",0.0,no cell in the extract: territory at zero opportunity
ifa_west_merge,86545,ifa,AZ,IFA,IFA_01,IFA,,04001,,0460880,"IFA Phoenix-Mesa-Chandler, AZ",0.0,no cell in the extract: territory at zero opportunity
ifa_west_merge,86547,ifa,AZ,IFA,IFA_01,IFA,,04001,,0461440,"IFA Phoenix-Mesa-Chandler, AZ",0.0,no cell in the extract: territory at zero opportunity
ifa_west_merge,86556,ifa,AZ,IFA,IFA_01,IFA,,04001,,0475660,"IFA Phoenix-Mesa-Chandler, AZ",0.0,no cell in the extract: territory at zero opportunity
ifa_west_merge,87001,ifa,NM,IFA,IFA_01,IFA,,35043,10740,3567450,"IFA Phoenix-Mesa-Chandler, AZ",0.0,no cell in the extract: territory at zero opportunity
ifa_west_merge,87002,ifa,NM,IFA,IFA_01,IFA,,35061,10740,3506480,"IFA Phoenix-Mesa-Chandler, AZ",0.0,no cell in the extract: territory at zero opportunity
ifa_west_merge,87004,ifa,NM,IFA,IFA_01,IFA,,35043,10740,3570250,"IFA Phoenix-Mesa-Chandler, AZ",0.0,no cell in the extract: territory at zero opportunity
ifa_west_merge,87005,ifa,NM,IFA,IFA_01,IFA,,35006,,3508190,"IFA Phoenix-Mesa-Chandler, AZ",0.0,no cell in the extract: territory at zero opportunity
ifa_west_merge,87006,ifa,NM,IFA,IFA_01,IFA,,35053,,3500240,"IFA Phoenix-Mesa-Chandler, AZ",0.0,no cell in the extract: territory at zero opportunity
ifa_west_merge,87007,ifa,NM,IFA,IFA_01,IFA,,35006,,3571440,"IFA Phoenix-Mesa-Chandler, AZ",0.0,no cell in the extract: territory at zero opportunity
ifa_west_merge,87008,ifa,NM,IFA,IFA_01,IFA,,35001,10740,3513200,"IFA Phoenix-Mesa-Chandler, AZ",0.0,no cell in the extract: territory at zero opportunity
ifa_west_merge,87010,ifa,NM,IFA,IFA_01,IFA,,35049,42140,3542600,"IFA Phoenix-Mesa-Chandler, AZ",0.0,no cell in the extract: territory at zero opportunity
ifa_west_merge,87011,ifa,NM,IFA,IFA_01,IFA,,35053,,,"IFA Phoenix-Mesa-Chandler, AZ",0.0,no cell in the extract: territory at zero opportunity
ifa_west_merge,87012,ifa,NM,IFA,IFA_01,IFA,,35039,21580,3518660,"IFA Phoenix-Mesa-Chandler, AZ",0.0,no cell in the extract: territory at zero opportunity
ifa_west_merge,87013,ifa,NM,IFA,IFA_01,IFA,,35043,10740,3560000,"IFA Phoenix-Mesa-Chandler, AZ",0.0,no cell in the extract: territory at zero opportunity
ifa_west_merge,87014,ifa,NM,IFA,IFA_01,IFA,,35006,,3519220,"IFA Phoenix-Mesa-Chandler, AZ",0.0,no cell in the extract: territory at zero opportunity
ifa_west_merge,87015,ifa,NM,IFA,IFA_01,IFA,,35049,42140,3522380,"IFA Phoenix-Mesa-Chandler, AZ",0.0,no cell in the extract: territory at zero opportunity
ifa_west_merge,87016,ifa,NM,IFA,IFA_01,IFA,,35057,10740,3525380,"IFA Phoenix-Mesa-Chandler, AZ",0.0,no cell in the extract: territory at zero opportunity
ifa_west_merge,87017,ifa,NM,IFA,IFA_01,IFA,,35039,21580,3528180,"IFA Phoenix-Mesa-Chandler, AZ",0.0,no cell in the extract: territory at zero opportunity
ifa_west_merge,87018,ifa,NM,IFA,IFA_01,IFA,,35043,10740,3545365,"IFA Phoenix-Mesa-Chandler, AZ",0.0,no cell in the extract: territory at zero opportunity
ifa_west_merge,87020,ifa,NM,IFA,IFA_01,IFA,,35006,,3530490,"IFA Phoenix-Mesa-Chandler, AZ",0.0,no cell in the extract: territory at zero opportunity
ifa_west_merge,87021,ifa,NM,IFA,IFA_01,IFA,,35006,,3548620,"IFA Phoenix-Mesa-Chandler, AZ",0.0,no cell in the extract: territory at zero opportunity
ifa_west_merge,87022,ifa,NM,IFA,IFA_01,IFA,,35001,10740,3534620,"IFA Phoenix-Mesa-Chandler, AZ",0.0,no cell in the extract: territory at zero opportunity
ifa_west_merge,87023,ifa,NM,IFA,IFA_01,IFA,,35061,10740,3535110,"IFA Phoenix-Mesa-Chandler, AZ",0.0,no cell in the extract: territory at zero opportunity
ifa_west_merge,87024,ifa,NM,IFA,IFA_01,IFA,,35043,10740,3510770,"IFA Phoenix-Mesa-Chandler, AZ",0.0,no cell in the extract: territory at zero opportunity
ifa_west_merge,87025,ifa,NM,IFA,IFA_01,IFA,,35043,10740,3535320,"IFA Phoenix-Mesa-Chandler, AZ",0.0,no cell in the extract: territory at zero opportunity
ifa_west_merge,87026,ifa,NM,IFA,IFA_01,IFA,,35006,,3548200,"IFA Phoenix-Mesa-Chandler, AZ",0.0,no cell in the extract: territory at zero opportunity
ifa_west_merge,87027,ifa,NM,IFA,IFA_01,IFA,,35043,10740,3537490,"IFA Phoenix-Mesa-Chandler, AZ",0.0,no cell in the extract: territory at zero opportunity
ifa_west_merge,87028,ifa,NM,IFA,IFA_01,IFA,,35053,,3537700,"IFA Phoenix-Mesa-Chandler, AZ",0.0,no cell in the extract: territory at zero opportunity
ifa_west_merge,87029,ifa,NM,IFA,IFA_01,IFA,,35039,21580,3541130,"IFA Phoenix-Mesa-Chandler, AZ",0.0,no cell in the extract: territory at zero opportunity
ifa_west_merge,87031,ifa,NM,IFA,IFA_01,IFA,,35061,10740,3543370,"IFA Phoenix-Mesa-Chandler, AZ",0.0,no cell in the extract: territory at zero opportunity
ifa_west_merge,87032,ifa,NM,IFA,IFA_01,IFA,,35057,10740,3546030,"IFA Phoenix-Mesa-Chandler, AZ",0.0,no cell in the extract: territory at zero opportunity
ifa_west_merge,87034,ifa,NM,IFA,IFA_01,IFA,,35006,,3573440,"IFA Phoenix-Mesa-Chandler, AZ",0.0,no cell in the extract: territory at zero opportunity
ifa_west_merge,87035,ifa,NM,IFA,IFA_01,IFA,,35057,10740,3546030,"IFA Phoenix-Mesa-Chandler, AZ",0.0,no cell in the extract: territory at zero opportunity
ifa_west_merge,87036,ifa,NM,IFA,IFA_01,IFA,,35057,10740,3520015,"IFA Phoenix-Mesa-Chandler, AZ",0.0,no cell in the extract: territory at zero opportunity
ifa_west_merge,87037,ifa,NM,IFA,IFA_01,IFA,,35045,22140,3550790,"IFA Phoenix-Mesa-Chandler, AZ",0.0,no cell in the extract: territory at zero opportunity
ifa_west_merge,87038,ifa,NM,IFA,IFA_01,IFA,,35006,,3537070,"IFA Phoenix-Mesa-Chandler, AZ",0.0,no cell in the extract: territory at zero opportunity
ifa_west_merge,87040,ifa,NM,IFA,IFA_01,IFA,,35006,,3554710,"IFA Phoenix-Mesa-Chandler, AZ",0.0,no cell in the extract: territory at zero opportunity
ifa_west_merge,87041,ifa,NM,IFA,IFA_01,IFA,,35043,10740,3555830,"IFA Phoenix-Mesa-Chandler, AZ",0.0,no cell in the extract: territory at zero opportunity
ifa_west_merge,87042,ifa,NM,IFA,IFA_01,IFA,,35061,10740,3556180,"IFA Phoenix-Mesa-Chandler, AZ",0.0,no cell in the extract: territory at zero opportunity
ifa_west_merge,87043,ifa,NM,IFA,IFA_01,IFA,,35043,10740,3558070,"IFA Phoenix-Mesa-Chandler, AZ",0.0,no cell in the extract: territory at zero opportunity
ifa_west_merge,87044,ifa,NM,IFA,IFA_01,IFA,,35043,10740,3558980,"IFA Phoenix-Mesa-Chandler, AZ",0.0,no cell in the extract: territory at zero opportunity
ifa_west_merge,87045,ifa,NM,IFA,IFA_01,IFA,,35031,23700,3559540,"IFA Phoenix-Mesa-Chandler, AZ",0.0,no cell in the extract: territory at zero opportunity
ifa_west_merge,87046,ifa,NM,IFA,IFA_01,IFA,,35039,21580,3562340,"IFA Phoenix-Mesa-Chandler, AZ",0.0,no cell in the extract: territory at zero opportunity
ifa_west_merge,87047,ifa,NM,IFA,IFA_01,IFA,,35043,10740,3522380,"IFA Phoenix-Mesa-Chandler, AZ",0.0,no cell in the extract: territory at zero opportunity
ifa_west_merge,87048,ifa,NM,IFA,IFA_01,IFA,,35043,10740,3517960,"IFA Phoenix-Mesa-Chandler, AZ",0.0,no cell in the extract: territory at zero opportunity
ifa_west_merge,87049,ifa,NM,IFA,IFA_01,IFA,,35006,,3567520,"IFA Phoenix-Mesa-Chandler, AZ",0.0,no cell in the extract: territory at zero opportunity
ifa_west_merge,87051,ifa,NM,IFA,IFA_01,IFA,,35006,,3569875,"IFA Phoenix-Mesa-Chandler, AZ",0.0,no cell in the extract: territory at zero opportunity
ifa_west_merge,87052,ifa,NM,IFA,IFA_01,IFA,,35043,10740,3570810,"IFA Phoenix-Mesa-Chandler, AZ",0.0,no cell in the extract: territory at zero opportunity
ifa_west_merge,87053,ifa,NM,IFA,IFA_01,IFA,,35043,10740,3586420,"IFA Phoenix-Mesa-Chandler, AZ",0.0,no cell in the extract: territory at zero opportunity
ifa_west_merge,87056,ifa,NM,IFA,IFA_01,IFA,,35049,42140,3575010,"IFA Phoenix-Mesa-Chandler, AZ",0.0,no cell in the extract: territory at zero opportunity
ifa_west_merge,87059,ifa,NM,IFA,IFA_01,IFA,,35001,10740,3559120,"IFA Phoenix-Mesa-Chandler, AZ",0.00190908,
ifa_west_merge,87060,ifa,NM,IFA,IFA_01,IFA,,35061,10740,3578650,"IFA Phoenix-Mesa-Chandler, AZ",0.0,no cell in the extract: territory at zero opportunity
ifa_west_merge,87061,ifa,NM,IFA,IFA_01,IFA,,35057,10740,3579140,"IFA Phoenix-Mesa-Chandler, AZ",0.0,no cell in the extract: territory at zero opportunity
ifa_west_merge,87062,ifa,NM,IFA,IFA_01,IFA,,35053,,3539450,"IFA Phoenix-Mesa-Chandler, AZ",0.0,no cell in the extract: territory at zero opportunity
ifa_west_merge,87063,ifa,NM,IFA,IFA_01,IFA,,35057,10740,3585160,"IFA Phoenix-Mesa-Chandler, AZ",0.0,no cell in the extract: territory at zero opportunity
ifa_west_merge,87064,ifa,NM,IFA,IFA_01,IFA,,35039,21580,3518660,"IFA Phoenix-Mesa-Chandler, AZ",0.0,no cell in the extract: territory at zero opportunity
ifa_west_merge,87068,ifa,NM,IFA,IFA_01,IFA,,35001,10740,3508580,"IFA Phoenix-Mesa-Chandler, AZ",0.0,no cell in the extract: territory at zero opportunity
ifa_west_merge,87070,ifa,NM,IFA,IFA_01,IFA,,35057,10740,,"IFA Phoenix-Mesa-Chandler, AZ",0.0,no cell in the extract: territory at zero opportunity
ifa_west_merge,87072,ifa,NM,IFA,IFA_01,IFA,,35043,10740,3516560,"IFA Phoenix-Mesa-Chandler, AZ",0.0,no cell in the extract: territory at zero opportunity
ifa_west_merge,87083,ifa,NM,IFA,IFA_01,IFA,,35043,10740,3516585,"IFA Phoenix-Mesa-Chandler, AZ",0.0,no cell in the extract: territory at zero opportunity
ifa_west_merge,87101,ifa,NM,IFA,IFA_01,IFA,,35001,10740,3502000,"IFA Phoenix-Mesa-Chandler, AZ",0.0,no cell in the extract: territory at zero opportunity
ifa_west_merge,87102,ifa,NM,IFA,IFA_01,IFA,,35001,10740,3502000,"IFA Phoenix-Mesa-Chandler, AZ",1.24617,
ifa_west_merge,87104,ifa,NM,IFA,IFA_01,IFA,,35001,10740,3502000,"IFA Phoenix-Mesa-Chandler, AZ",0.0,no cell in the extract: territory at zero opportunity
ifa_west_merge,87105,ifa,NM,IFA,IFA_01,IFA,,35001,10740,3574520,"IFA Phoenix-Mesa-Chandler, AZ",0.0,no cell in the extract: territory at zero opportunity
ifa_west_merge,87106,ifa,NM,IFA,IFA_01,IFA,,35001,10740,3502000,"IFA Phoenix-Mesa-Chandler, AZ",0.464279,
ifa_west_merge,87107,ifa,NM,IFA,IFA_01,IFA,,35001,10740,3502000,"IFA Phoenix-Mesa-Chandler, AZ",2.05799,
ifa_west_merge,87108,ifa,NM,IFA,IFA_01,IFA,,35001,10740,3502000,"IFA Phoenix-Mesa-Chandler, AZ",0.000672705,
ifa_west_merge,87109,ifa,NM,IFA,IFA_01,IFA,,35001,10740,3502000,"IFA Phoenix-Mesa-Chandler, AZ",33.3364,
ifa_west_merge,87110,ifa,NM,IFA,IFA_01,IFA,,35001,10740,3502000,"IFA Phoenix-Mesa-Chandler, AZ",6.94644,
ifa_west_merge,87111,ifa,NM,IFA,IFA_01,IFA,,35001,10740,3502000,"IFA Phoenix-Mesa-Chandler, AZ",16.745,
ifa_west_merge,87112,ifa,NM,IFA,IFA_01,IFA,,35001,10740,3502000,"IFA Phoenix-Mesa-Chandler, AZ",1.59337,
ifa_west_merge,87113,ifa,NM,IFA,IFA_01,IFA,,35001,10740,3502000,"IFA Phoenix-Mesa-Chandler, AZ",1.00271,
ifa_west_merge,87114,ifa,NM,IFA,IFA_01,IFA,,35001,10740,3502000,"IFA Phoenix-Mesa-Chandler, AZ",0.711645,
ifa_west_merge,87116,ifa,NM,IFA,IFA_01,IFA,,35001,10740,3536300,"IFA Phoenix-Mesa-Chandler, AZ",0.0,no cell in the extract: territory at zero opportunity
ifa_west_merge,87117,ifa,NM,IFA,IFA_01,IFA,,35001,10740,,"IFA Phoenix-Mesa-Chandler, AZ",0.0,no cell in the extract: territory at zero opportunity
ifa_west_merge,87120,ifa,NM,IFA,IFA_01,IFA,,35001,10740,3502000,"IFA Phoenix-Mesa-Chandler, AZ",3.76847,
ifa_west_merge,87121,ifa,NM,IFA,IFA_01,IFA,,35001,10740,3554940,"IFA Phoenix-Mesa-Chandler, AZ",0.0,no cell in the extract: territory at zero opportunity
ifa_west_merge,87122,ifa,NM,IFA,IFA_01,IFA,,35001,10740,3566765,"IFA Phoenix-Mesa-Chandler, AZ",0.26926,
ifa_west_merge,87123,ifa,NM,IFA,IFA_01,IFA,,35001,10740,3502000,"IFA Phoenix-Mesa-Chandler, AZ",2.59672,
ifa_west_merge,87124,ifa,NM,IFA,IFA_01,IFA,,35043,10740,3563530,"IFA Phoenix-Mesa-Chandler, AZ",1.71686,
ifa_west_merge,87144,ifa,NM,IFA,IFA_01,IFA,,35043,10740,3563460,"IFA Phoenix-Mesa-Chandler, AZ",0.0,no cell in the extract: territory at zero opportunity
ifa_west_merge,87151,ifa,NM,IFA,IFA_01,IFA,,35001,10740,,"IFA Phoenix-Mesa-Chandler, AZ",0.0,no cell in the extract: territory at zero opportunity
ifa_west_merge,87301,ifa,NM,IFA,IFA_01,IFA,,35031,23700,3528460,"IFA Phoenix-Mesa-Chandler, AZ",0.0,no cell in the extract: territory at zero opportunity
ifa_west_merge,87305,ifa,NM,IFA,IFA_01,IFA,,35031,23700,3557175,"IFA Phoenix-Mesa-Chandler, AZ",0.0,no cell in the extract: territory at zero opportunity
ifa_west_merge,87310,ifa,NM,IFA,IFA_01,IFA,,35031,23700,3509035,"IFA Phoenix-Mesa-Chandler, AZ",0.0,no cell in the extract: territory at zero opportunity
ifa_west_merge,87311,ifa,NM,IFA,IFA_01,IFA,,35031,23700,3515370,"IFA Phoenix-Mesa-Chandler, AZ",0.0,no cell in the extract: territory at zero opportunity
ifa_west_merge,87312,ifa,NM,IFA,IFA_01,IFA,,35031,23700,3517330,"IFA Phoenix-Mesa-Chandler, AZ",0.0,no cell in the extract: territory at zero opportunity
ifa_west_merge,87313,ifa,NM,IFA,IFA_01,IFA,,35031,23700,3518940,"IFA Phoenix-Mesa-Chandler, AZ",0.0,no cell in the extract: territory at zero opportunity
ifa_west_merge,87315,ifa,NM,IFA,IFA_01,IFA,,35006,,3526010,"IFA Phoenix-Mesa-Chandler, AZ",0.0,no cell in the extract: territory at zero opportunity
ifa_west_merge,87316,ifa,NM,IFA,IFA_01,IFA,,35031,23700,3534830,"IFA Phoenix-Mesa-Chandler, AZ",0.0,no cell in the extract: territory at zero opportunity
ifa_west_merge,87317,ifa,NM,IFA,IFA_01,IFA,,35031,23700,3528530,"IFA Phoenix-Mesa-Chandler, AZ",0.0,no cell in the extract: territory at zero opportunity
ifa_west_merge,87319,ifa,NM,IFA,IFA_01,IFA,,35031,23700,3546660,"IFA Phoenix-Mesa-Chandler, AZ",0.0,no cell in the extract: territory at zero opportunity
ifa_west_merge,87320,ifa,NM,IFA,IFA_01,IFA,,35031,23700,3550860,"IFA Phoenix-Mesa-Chandler, AZ",0.0,no cell in the extract: territory at zero opportunity
ifa_west_merge,87321,ifa,NM,IFA,IFA_01,IFA,,35006,,3577930,"IFA Phoenix-Mesa-Chandler, AZ",0.0,no cell in the extract: territory at zero opportunity
ifa_west_merge,87322,ifa,NM,IFA,IFA_01,IFA,,35031,23700,3575605,"IFA Phoenix-Mesa-Chandler, AZ",0.0,no cell in the extract: territory at zero opportunity
ifa_west_merge,87323,ifa,NM,IFA,IFA_01,IFA,,35031,23700,3577530,"IFA Phoenix-Mesa-Chandler, AZ",0.0,no cell in the extract: territory at zero opportunity
ifa_west_merge,87325,ifa,NM,IFA,IFA_01,IFA,,35031,23700,3578440,"IFA Phoenix-Mesa-Chandler, AZ",0.0,no cell in the extract: territory at zero opportunity
ifa_west_merge,87326,ifa,NM,IFA,IFA_01,IFA,,35031,23700,3582430,"IFA Phoenix-Mesa-Chandler, AZ",0.0,no cell in the extract: territory at zero opportunity
ifa_west_merge,87327,ifa,NM,IFA,IFA_01,IFA,,35031,23700,3586595,"IFA Phoenix-Mesa-Chandler, AZ",0.0,no cell in the extract: territory at zero opportunity
ifa_west_merge,87328,ifa,AZ,IFA,IFA_01,IFA,,04001,,3519080,"IFA Phoenix-Mesa-Chandler, AZ",0.0,no cell in the extract: territory at zero opportunity
ifa_west_merge,87347,ifa,NM,IFA,IFA_01,IFA,,35031,23700,3535070,"IFA Phoenix-Mesa-Chandler, AZ",0.0,no cell in the extract: territory at zero opportunity
ifa_west_merge,87357,ifa,NM,IFA,IFA_01,IFA,,35006,,3557190,"IFA Phoenix-Mesa-Chandler, AZ",0.0,no cell in the extract: territory at zero opportunity
ifa_west_merge,87364,ifa,NM,IFA,IFA_01,IFA,,35045,22140,3572600,"IFA Phoenix-Mesa-Chandler, AZ",0.0,no cell in the extract: territory at zero opportunity
ifa_west_merge,87365,ifa,NM,IFA,IFA_01,IFA,,35031,23700,,"IFA Phoenix-Mesa-Chandler, AZ",0.0,no cell in the extract: territory at zero opportunity
ifa_west_merge,87375,ifa,NM,IFA,IFA_01,IFA,,35031,23700,3564230,"IFA Phoenix-Mesa-Chandler, AZ",0.0,no cell in the extract: territory at zero opportunity
ifa_west_merge,87401,ifa,NM,IFA,IFA_01,IFA,,35045,22140,3525800,"IFA Phoenix-Mesa-Chandler, AZ",1.11414,
ifa_west_merge,87402,ifa,NM,IFA,IFA_01,IFA,,35045,22140,3525800,"IFA Phoenix-Mesa-Chandler, AZ",6.46354,
ifa_west_merge,87410,ifa,NM,IFA,IFA_01,IFA,,35045,22140,3505780,"IFA Phoenix-Mesa-Chandler, AZ",0.0,no cell in the extract: territory at zero opportunity
ifa_west_merge,87412,ifa,NM,IFA,IFA_01,IFA,,35039,21580,3507810,"IFA Phoenix-Mesa-Chandler, AZ",0.0,no cell in the extract: territory at zero opportunity
ifa_west_merge,87413,ifa,NM,IFA,IFA_01,IFA,,35045,22140,3507880,"IFA Phoenix-Mesa-Chandler, AZ",0.0,no cell in the extract: territory at zero opportunity
ifa_west_merge,87415,ifa,NM,IFA,IFA_01,IFA,,35045,22140,3526360,"IFA Phoenix-Mesa-Chandler, AZ",0.0,no cell in the extract: territory at zero opportunity
ifa_west_merge,87416,ifa,NM,IFA,IFA_01,IFA,,35045,22140,3581177,"IFA Phoenix-Mesa-Chandler, AZ",0.0,no cell in the extract: territory at zero opportunity
ifa_west_merge,87417,ifa,NM,IFA,IFA_01,IFA,,35045,22140,3536230,"IFA Phoenix-Mesa-Chandler, AZ",0.0,no cell in the extract: territory at zero opportunity
ifa_west_merge,87418,ifa,NM,IFA,IFA_01,IFA,,35045,22140,3539030,"IFA Phoenix-Mesa-Chandler, AZ",0.0,no cell in the extract: territory at zero opportunity
ifa_west_merge,87419,ifa,NM,IFA,IFA_01,IFA,,35045,22140,3551490,"IFA Phoenix-Mesa-Chandler, AZ",0.0,no cell in the extract: territory at zero opportunity
ifa_west_merge,87420,ifa,NM,IFA,IFA_01,IFA,,35045,22140,3572770,"IFA Phoenix-Mesa-Chandler, AZ",0.0,no cell in the extract: territory at zero opportunity
ifa_west_merge,87421,ifa,NM,IFA,IFA_01,IFA,,35045,22140,3583760,"IFA Phoenix-Mesa-Chandler, AZ",0.0,no cell in the extract: territory at zero opportunity
ifa_west_merge,87455,ifa,NM,IFA,IFA_01,IFA,,35045,22140,3551770,"IFA Phoenix-Mesa-Chandler, AZ",0.0,no cell in the extract: territory at zero opportunity
ifa_west_merge,87461,ifa,NM,IFA,IFA_01,IFA,,35045,22140,3569620,"IFA Phoenix-Mesa-Chandler, AZ",0.0,no cell in the extract: territory at zero opportunity
ifa_west_merge,87499,ifa,NM,IFA,IFA_01,IFA,,35045,22140,3537910,"IFA Phoenix-Mesa-Chandler, AZ",0.0,no cell in the extract: territory at zero opportunity
ifa_west_merge,87501,ifa,NM,IFA,IFA_01,IFA,,35049,42140,3570500,"IFA Phoenix-Mesa-Chandler, AZ",0.131249,
ifa_west_merge,87505,ifa,NM,IFA,IFA_01,IFA,,35049,42140,3570500,"IFA Phoenix-Mesa-Chandler, AZ",0.178579,
ifa_west_merge,87506,ifa,NM,IFA,IFA_01,IFA,,35049,42140,3576165,"IFA Phoenix-Mesa-Chandler, AZ",0.0,no cell in the extract: territory at zero opportunity
ifa_west_merge,87507,ifa,NM,IFA,IFA_01,IFA,,35049,42140,3570500,"IFA Phoenix-Mesa-Chandler, AZ",0.0,no cell in the extract: territory at zero opportunity
ifa_west_merge,87508,ifa,NM,IFA,IFA_01,IFA,,35049,42140,3522625,"IFA Phoenix-Mesa-Chandler, AZ",0.0,no cell in the extract: territory at zero opportunity
ifa_west_merge,87510,ifa,NM,IFA,IFA_01,IFA,,35039,21580,3500310,"IFA Phoenix-Mesa-Chandler, AZ",0.0,no cell in the extract: territory at zero opportunity
ifa_west_merge,87511,ifa,NM,IFA,IFA_01,IFA,,35039,21580,3543300,"IFA Phoenix-Mesa-Chandler, AZ",0.0,no cell in the extract: territory at zero opportunity
ifa_west_merge,87512,ifa,NM,IFA,IFA_01,IFA,,35055,45340,,"IFA Phoenix-Mesa-Chandler, AZ",0.0,no cell in the extract: territory at zero opportunity
ifa_west_merge,87513,ifa,NM,IFA,IFA_01,IFA,,35055,45340,3505010,"IFA Phoenix-Mesa-Chandler, AZ",0.0,no cell in the extract: territory at zero opportunity
ifa_west_merge,87514,ifa,NM,IFA,IFA_01,IFA,,35055,45340,3505150,"IFA Phoenix-Mesa-Chandler, AZ",0.0,no cell in the extract: territory at zero opportunity
ifa_west_merge,87515,ifa,NM,IFA,IFA_01,IFA,,35039,21580,3510610,"IFA Phoenix-Mesa-Chandler, AZ",0.0,no cell in the extract: territory at zero opportunity
ifa_west_merge,87516,ifa,NM,IFA,IFA_01,IFA,,35039,21580,3511310,"IFA Phoenix-Mesa-Chandler, AZ",0.0,no cell in the extract: territory at zero opportunity
ifa_west_merge,87517,ifa,NM,IFA,IFA_01,IFA,,35055,45340,,"IFA Phoenix-Mesa-Chandler, AZ",0.0,no cell in the extract: territory at zero opportunity
ifa_west_merge,87518,ifa,NM,IFA,IFA_01,IFA,,35039,21580,,"IFA Phoenix-Mesa-Chandler, AZ",0.0,no cell in the extract: territory at zero opportunity
ifa_west_merge,87519,ifa,NM,IFA,IFA_01,IFA,,35055,45340,3560870,"IFA Phoenix-Mesa-Chandler, AZ",0.0,no cell in the extract: territory at zero opportunity
ifa_west_merge,87520,ifa,NM,IFA,IFA_01,IFA,,35039,21580,3513970,"IFA Phoenix-Mesa-Chandler, AZ",0.0,no cell in the extract: territory at zero opportunity
ifa_west_merge,87521,ifa,NM,IFA,IFA_01,IFA,,35039,21580,3553730,"IFA Phoenix-Mesa-Chandler, AZ",0.0,no cell in the extract: territory at zero opportunity
ifa_west_merge,87522,ifa,NM,IFA,IFA_01,IFA,,35049,42140,3514950,"IFA Phoenix-Mesa-Chandler, AZ",0.0,no cell in the extract: territory at zero opportunity
ifa_west_merge,87523,ifa,NM,IFA,IFA_01,IFA,,35039,21580,3517610,"IFA Phoenix-Mesa-Chandler, AZ",0.0,no cell in the extract: territory at zero opportunity
ifa_west_merge,87524,ifa,NM,IFA,IFA_01,IFA,,35055,45340,3518240,"IFA Phoenix-Mesa-Chandler, AZ",0.0,no cell in the extract: territory at zero opportunity
ifa_west_merge,87525,ifa,NM,IFA,IFA_01,IFA,,35055,45340,3576480,"IFA Phoenix-Mesa-Chandler, AZ",0.0,no cell in the extract: territory at zero opportunity
ifa_west_merge,87527,ifa,NM,IFA,IFA_01,IFA,,35039,21580,3520830,"IFA Phoenix-Mesa-Chandler, AZ",0.0,no cell in the extract: territory at zero opportunity
ifa_west_merge,87528,ifa,NM,IFA,IFA_01,IFA,,35039,21580,3521390,"IFA Phoenix-Mesa-Chandler, AZ",0.0,no cell in the extract: territory at zero opportunity
ifa_west_merge,87529,ifa,NM,IFA,IFA_01,IFA,,35055,45340,3505150,"IFA Phoenix-Mesa-Chandler, AZ",0.0,no cell in the extract: territory at zero opportunity
ifa_west_merge,87530,ifa,NM,IFA,IFA_01,IFA,,35039,21580,3524120,"IFA Phoenix-Mesa-Chandler, AZ",0.0,no cell in the extract: territory at zero opportunity
ifa_west_merge,87531,ifa,NM,IFA,IFA_01,IFA,,35055,45340,3520830,"IFA Phoenix-Mesa-Chandler, AZ",0.0,no cell in the extract: territory at zero opportunity
ifa_west_merge,87532,ifa,NM,IFA,IFA_01,IFA,,35039,21580,3525170,"IFA Phoenix-Mesa-Chandler, AZ",0.0,no cell in the extract: territory at zero opportunity
ifa_west_merge,87535,ifa,NM,IFA,IFA_01,IFA,,35049,42140,3536930,"IFA Phoenix-Mesa-Chandler, AZ",0.0,no cell in the extract: territory at zero opportunity
ifa_west_merge,87537,ifa,NM,IFA,IFA_01,IFA,,35039,21580,3514810,"IFA Phoenix-Mesa-Chandler, AZ",0.0,no cell in the extract: territory at zero opportunity
ifa_west_merge,87538,ifa,NM,IFA,IFA_01,IFA,,35047,29780,3552680,"IFA Phoenix-Mesa-Chandler, AZ",0.0,no cell in the extract: territory at zero opportunity
ifa_west_merge,87539,ifa,NM,IFA,IFA_01,IFA,,35039,21580,3538470,"IFA Phoenix-Mesa-Chandler, AZ",0.0,no cell in the extract: territory at zero opportunity
ifa_west_merge,87540,ifa,NM,IFA,IFA_01,IFA,,35049,42140,3527970,"IFA Phoenix-Mesa-Chandler, AZ",0.0,no cell in the extract: territory at zero opportunity
ifa_west_merge,87543,ifa,NM,IFA,IFA_01,IFA,,35055,45340,,"IFA Phoenix-Mesa-Chandler, AZ",0.0,no cell in the extract: territory at zero opportunity
ifa_west_merge,87544,ifa,NM,IFA,IFA_01,IFA,,35043,10740,3542320,"IFA Phoenix-Mesa-Chandler, AZ",0.00397725,
ifa_west_merge,87547,ifa,NM,IFA,IFA_01,IFA,,35028,31060,3584740,"IFA Phoenix-Mesa-Chandler, AZ",0.0,no cell in the extract: territory at zero opportunity
ifa_west_merge,87548,ifa,NM,IFA,IFA_01,IFA,,35039,21580,3547360,"IFA Phoenix-Mesa-Chandler, AZ",0.0,no cell in the extract: territory at zero opportunity
ifa_west_merge,87549,ifa,NM,IFA,IFA_01,IFA,,35039,21580,3553590,"IFA Phoenix-Mesa-Chandler, AZ",0.0,no cell in the extract: territory at zero opportunity
ifa_west_merge,87551,ifa,NM,IFA,IFA_01,IFA,,35039,21580,3543510,"IFA Phoenix-Mesa-Chandler, AZ",0.0,no cell in the extract: territory at zero opportunity
ifa_west_merge,87552,ifa,NM,IFA,IFA_01,IFA,,35047,29780,3522230,"IFA Phoenix-Mesa-Chandler, AZ",0.0,no cell in the extract: territory at zero opportunity
ifa_west_merge,87553,ifa,NM,IFA,IFA_01,IFA,,35055,45340,3555900,"IFA Phoenix-Mesa-Chandler, AZ",0.0,no cell in the extract: territory at zero opportunity
ifa_west_merge,87554,ifa,NM,IFA,IFA_01,IFA,,35039,21580,,"IFA Phoenix-Mesa-Chandler, AZ",0.0,no cell in the extract: territory at zero opportunity
ifa_west_merge,87556,ifa,NM,IFA,IFA_01,IFA,,35055,45340,3560870,"IFA Phoenix-Mesa-Chandler, AZ",0.0,no cell in the extract: territory at zero opportunity
ifa_west_merge,87557,ifa,NM,IFA,IFA_01,IFA,,35055,45340,3561710,"IFA Phoenix-Mesa-Chandler, AZ",0.0,no cell in the extract: territory at zero opportunity
ifa_west_merge,87558,ifa,NM,IFA,IFA_01,IFA,,35055,45340,3562200,"IFA Phoenix-Mesa-Chandler, AZ",0.0,no cell in the extract: territory at zero opportunity
ifa_west_merge,87560,ifa,NM,IFA,IFA_01,IFA,,35047,29780,3562760,"IFA Phoenix-Mesa-Chandler, AZ",0.0,no cell in the extract: territory at zero opportunity
ifa_west_merge,87562,ifa,NM,IFA,IFA_01,IFA,,35047,29780,3565000,"IFA Phoenix-Mesa-Chandler, AZ",0.0,no cell in the extract: territory at zero opportunity
ifa_west_merge,87564,ifa,NM,IFA,IFA_01,IFA,,35055,45340,3566540,"IFA Phoenix-Mesa-Chandler, AZ",0.0,no cell in the extract: territory at zero opportunity
ifa_west_merge,87565,ifa,NM,IFA,IFA_01,IFA,,35047,29780,3573680,"IFA Phoenix-Mesa-Chandler, AZ",0.0,no cell in the extract: territory at zero opportunity
ifa_west_merge,87566,ifa,NM,IFA,IFA_01,IFA,,35039,21580,3514180,"IFA Phoenix-Mesa-Chandler, AZ",0.0,no cell in the extract: territory at zero opportunity
ifa_west_merge,87567,ifa,NM,IFA,IFA_01,IFA,,35049,42140,3519110,"IFA Phoenix-Mesa-Chandler, AZ",0.0,no cell in the extract: territory at zero opportunity
ifa_west_merge,87569,ifa,NM,IFA,IFA_01,IFA,,35047,29780,,"IFA Phoenix-Mesa-Chandler, AZ",0.0,no cell in the extract: territory at zero opportunity
ifa_west_merge,87571,ifa,NM,IFA,IFA_01,IFA,,35055,45340,3576410,"IFA Phoenix-Mesa-Chandler, AZ",0.0,no cell in the extract: territory at zero opportunity
ifa_west_merge,87573,ifa,NM,IFA,IFA_01,IFA,,35047,29780,,"IFA Phoenix-Mesa-Chandler, AZ",0.0,no cell in the extract: territory at zero opportunity
ifa_west_merge,87575,ifa,NM,IFA,IFA_01,IFA,,35039,21580,3577670,"IFA Phoenix-Mesa-Chandler, AZ",0.0,no cell in the extract: territory at zero opportunity
ifa_west_merge,87577,ifa,NM,IFA,IFA_01,IFA,,35039,21580,,"IFA Phoenix-Mesa-Chandler, AZ",0.0,no cell in the extract: territory at zero opportunity
ifa_west_merge,87578,ifa,NM,IFA,IFA_01,IFA,,35039,21580,3579700,"IFA Phoenix-Mesa-Chandler, AZ",0.0,no cell in the extract: territory at zero opportunity
ifa_west_merge,87579,ifa,NM,IFA,IFA_01,IFA,,35055,45340,3581520,"IFA Phoenix-Mesa-Chandler, AZ",0.0,no cell in the extract: territory at zero opportunity
ifa_west_merge,87580,ifa,NM,IFA,IFA_01,IFA,,35055,45340,,"IFA Phoenix-Mesa-Chandler, AZ",0.0,no cell in the extract: territory at zero opportunity
ifa_west_merge,87581,ifa,NM,IFA,IFA_01,IFA,,35039,21580,,"IFA Phoenix-Mesa-Chandler, AZ",0.0,no cell in the extract: territory at zero opportunity
ifa_west_merge,87582,ifa,NM,IFA,IFA_01,IFA,,35039,21580,3582710,"IFA Phoenix-Mesa-Chandler, AZ",0.0,no cell in the extract: territory at zero opportunity
ifa_west_merge,87583,ifa,NM,IFA,IFA_01,IFA,,35047,29780,3583130,"IFA Phoenix-Mesa-Chandler, AZ",0.0,no cell in the extract: territory at zero opportunity
ifa_west_merge,87701,ifa,NM,IFA,IFA_01,IFA,,35047,29780,3539940,"IFA Phoenix-Mesa-Chandler, AZ",0.0,no cell in the extract: territory at zero opportunity
ifa_west_merge,87710,ifa,NM,IFA,IFA_01,IFA,,35007,,3503400,"IFA Phoenix-Mesa-Chandler, AZ",0.0,no cell in the extract: territory at zero opportunity
ifa_west_merge,87711,ifa,NM,IFA,IFA_01,IFA,,35047,29780,3503890,"IFA Phoenix-Mesa-Chandler, AZ",0.0,no cell in the extract: territory at zero opportunity
ifa_west_merge,87712,ifa,NM,IFA,IFA_01,IFA,,35033,29780,,"IFA Phoenix-Mesa-Chandler, AZ",0.0,no cell in the extract: territory at zero opportunity
ifa_west_merge,87713,ifa,NM,IFA,IFA_01,IFA,,35033,29780,,"IFA Phoenix-Mesa-Chandler, AZ",0.0,no cell in the extract: territory at zero opportunity
ifa_west_merge,87714,ifa,NM,IFA,IFA_01,IFA,,35007,,3515440,"IFA Phoenix-Mesa-Chandler, AZ",0.0,no cell in the extract: territory at zero opportunity
ifa_west_merge,87715,ifa,NM,IFA,IFA_01,IFA,,35033,29780,3550090,"IFA Phoenix-Mesa-Chandler, AZ",0.0,no cell in the extract: territory at zero opportunity
ifa_west_merge,87718,ifa,NM,IFA,IFA_01,IFA,,35007,,3522020,"IFA Phoenix-Mesa-Chandler, AZ",0.0,no cell in the extract: territory at zero opportunity
ifa_west_merge,87722,ifa,NM,IFA,IFA_01,IFA,,35033,29780,,"IFA Phoenix-Mesa-Chandler, AZ",0.0,no cell in the extract: territory at zero opportunity
ifa_west_merge,87723,ifa,NM,IFA,IFA_01,IFA,,35033,29780,,"IFA Phoenix-Mesa-Chandler, AZ",0.0,no cell in the extract: territory at zero opportunity
ifa_west_merge,87724,ifa,NM,IFA,IFA_01,IFA,,35019,,3541620,"IFA Phoenix-Mesa-Chandler, AZ",0.0,no cell in the extract: territory at zero opportunity
ifa_west_merge,87728,ifa,NM,IFA,IFA_01,IFA,,35007,,3547080,"IFA Phoenix-Mesa-Chandler, AZ",0.0,no cell in the extract: territory at zero opportunity
ifa_west_merge,87729,ifa,NM,IFA,IFA_01,IFA,,35007,,,"IFA Phoenix-Mesa-Chandler, AZ",0.0,no cell in the extract: territory at zero opportunity
ifa_west_merge,87730,ifa,NM,IFA,IFA_01,IFA,,35021,,,"IFA Phoenix-Mesa-Chandler, AZ",0.0,no cell in the extract: territory at zero opportunity
ifa_west_merge,87731,ifa,NM,IFA,IFA_01,IFA,,35047,29780,,"IFA Phoenix-Mesa-Chandler, AZ",0.0,no cell in the extract: territory at zero opportunity
ifa_west_merge,87732,ifa,NM,IFA,IFA_01,IFA,,35033,29780,3550090,"IFA Phoenix-Mesa-Chandler, AZ",0.0,no cell in the extract: territory at zero opportunity
ifa_west_merge,87733,ifa,NM,IFA,IFA_01,IFA,,35021,,3550300,"IFA Phoenix-Mesa-Chandler, AZ",0.0,no cell in the extract: territory at zero opportunity
ifa_west_merge,87734,ifa,NM,IFA,IFA_01,IFA,,35033,29780,,"IFA Phoenix-Mesa-Chandler, AZ",0.0,no cell in the extract: territory at zero opportunity
ifa_west_merge,87735,ifa,NM,IFA,IFA_01,IFA,,35033,29780,,"IFA Phoenix-Mesa-Chandler, AZ",0.0,no cell in the extract: territory at zero opportunity
ifa_west_merge,87736,ifa,NM,IFA,IFA_01,IFA,,35033,29780,,"IFA Phoenix-Mesa-Chandler, AZ",0.0,no cell in the extract: territory at zero opportunity
ifa_west_merge,87740,ifa,NM,IFA,IFA_01,IFA,,35007,,3562060,"IFA Phoenix-Mesa-Chandler, AZ",0.0,no cell in the extract: territory at zero opportunity
ifa_west_merge,87742,ifa,NM,IFA,IFA_01,IFA,,35047,29780,,"IFA Phoenix-Mesa-Chandler, AZ",0.0,no cell in the extract: territory at zero opportunity
ifa_west_merge,87743,ifa,NM,IFA,IFA_01,IFA,,35021,,3565070,"IFA Phoenix-Mesa-Chandler, AZ",0.0,no cell in the extract: territory at zero opportunity
ifa_west_merge,87745,ifa,NM,IFA,IFA_01,IFA,,35047,29780,,"IFA Phoenix-Mesa-Chandler, AZ",0.0,no cell in the extract: territory at zero opportunity
ifa_west_merge,87746,ifa,NM,IFA,IFA_01,IFA,,35047,29780,3550300,"IFA Phoenix-Mesa-Chandler, AZ",0.0,no cell in the extract: territory at zero opportunity
ifa_west_merge,87747,ifa,NM,IFA,IFA_01,IFA,,35007,,3574800,"IFA Phoenix-Mesa-Chandler, AZ",0.0,no cell in the extract: territory at zero opportunity
ifa_west_merge,87749,ifa,NM,IFA,IFA_01,IFA,,35007,,3581450,"IFA Phoenix-Mesa-Chandler, AZ",0.0,no cell in the extract: territory at zero opportunity
ifa_west_merge,87750,ifa,NM,IFA,IFA_01,IFA,,35033,29780,,"IFA Phoenix-Mesa-Chandler, AZ",0.0,no cell in the extract: territory at zero opportunity
ifa_west_merge,87752,ifa,NM,IFA,IFA_01,IFA,,35033,29780,3583340,"IFA Phoenix-Mesa-Chandler, AZ",0.0,no cell in the extract: territory at zero opportunity
ifa_west_merge,87753,ifa,NM,IFA,IFA_01,IFA,,35033,29780,3583830,"IFA Phoenix-Mesa-Chandler, AZ",0.0,no cell in the extract: territory at zero opportunity
ifa_west_merge,87801,ifa,NM,IFA,IFA_01,IFA,,35053,,3573540,"IFA Phoenix-Mesa-Chandler, AZ",0.0,no cell in the extract: territory at zero opportunity
ifa_west_merge,87820,ifa,NM,IFA,IFA_01,IFA,,35003,,3504450,"IFA Phoenix-Mesa-Chandler, AZ",0.0,no cell in the extract: territory at zero opportunity
ifa_west_merge,87821,ifa,NM,IFA,IFA_01,IFA,,35003,,3519920,"IFA Phoenix-Mesa-Chandler, AZ",0.0,no cell in the extract: territory at zero opportunity
ifa_west_merge,87823,ifa,NM,IFA,IFA_01,IFA,,35053,,3540570,"IFA Phoenix-Mesa-Chandler, AZ",0.0,no cell in the extract: territory at zero opportunity
ifa_west_merge,87824,ifa,NM,IFA,IFA_01,IFA,,35003,,3545330,"IFA Phoenix-Mesa-Chandler, AZ",0.0,no cell in the extract: territory at zero opportunity
ifa_west_merge,87825,ifa,NM,IFA,IFA_01,IFA,,35053,,3501710,"IFA Phoenix-Mesa-Chandler, AZ",0.0,no cell in the extract: territory at zero opportunity
ifa_west_merge,87827,ifa,NM,IFA,IFA_01,IFA,,35003,,3556950,"IFA Phoenix-Mesa-Chandler, AZ",0.0,no cell in the extract: territory at zero opportunity
ifa_west_merge,87828,ifa,NM,IFA,IFA_01,IFA,,35053,,3558910,"IFA Phoenix-Mesa-Chandler, AZ",0.0,no cell in the extract: territory at zero opportunity
ifa_west_merge,87829,ifa,NM,IFA,IFA_01,IFA,,35003,,3525135,"IFA Phoenix-Mesa-Chandler, AZ",0.0,no cell in the extract: territory at zero opportunity
ifa_west_merge,87830,ifa,NM,IFA,IFA_01,IFA,,35003,,3504030,"IFA Phoenix-Mesa-Chandler, AZ",0.0,no cell in the extract: territory at zero opportunity
ifa_west_merge,87831,ifa,NM,IFA,IFA_01,IFA,,35053,,3501640,"IFA Phoenix-Mesa-Chandler, AZ",0.0,no cell in the extract: territory at zero opportunity
ifa_west_merge,87832,ifa,NM,IFA,IFA_01,IFA,,35053,,3566400,"IFA Phoenix-Mesa-Chandler, AZ",0.0,no cell in the extract: territory at zero opportunity
ifa_west_merge,87901,ifa,NM,IFA,IFA_01,IFA,,35051,,3579840,"IFA Phoenix-Mesa-Chandler, AZ",0.0,no cell in the extract: territory at zero opportunity
ifa_west_merge,87930,ifa,NM,IFA,IFA_01,IFA,,35051,,3504870,"IFA Phoenix-Mesa-Chandler, AZ",0.0,no cell in the extract: territory at zero opportunity
ifa_west_merge,87931,ifa,NM,IFA,IFA_01,IFA,,35051,,3553010,"IFA Phoenix-Mesa-Chandler, AZ",0.0,no cell in the extract: territory at zero opportunity
ifa_west_merge,87933,ifa,NM,IFA,IFA_01,IFA,,35051,,,"IFA Phoenix-Mesa-Chandler, AZ",0.0,no cell in the extract: territory at zero opportunity
ifa_west_merge,87935,ifa,NM,IFA,IFA_01,IFA,,35051,,3579840,"IFA Phoenix-Mesa-Chandler, AZ",0.0,no cell in the extract: territory at zero opportunity
ifa_west_merge,87936,ifa,NM,IFA,IFA_01,IFA,,35013,29740,3528670,"IFA Phoenix-Mesa-Chandler, AZ",0.0,no cell in the extract: territory at zero opportunity
ifa_west_merge,87937,ifa,NM,IFA,IFA_01,IFA,,35013,29740,3531820,"IFA Phoenix-Mesa-Chandler, AZ",0.0,no cell in the extract: territory at zero opportunity
ifa_west_merge,87939,ifa,NM,IFA,IFA_01,IFA,,35051,,,"IFA Phoenix-Mesa-Chandler, AZ",0.0,no cell in the extract: territory at zero opportunity
ifa_west_merge,87940,ifa,NM,IFA,IFA_01,IFA,,35013,29740,3562900,"IFA Phoenix-Mesa-Chandler, AZ",0.0,no cell in the extract: territory at zero opportunity
ifa_west_merge,87941,ifa,NM,IFA,IFA_01,IFA,,35013,29740,3565840,"IFA Phoenix-Mesa-Chandler, AZ",0.0,no cell in the extract: territory at zero opportunity
ifa_west_merge,87942,ifa,NM,IFA,IFA_01,IFA,,35051,,3539520,"IFA Phoenix-Mesa-Chandler, AZ",0.0,no cell in the extract: territory at zero opportunity
ifa_west_merge,87943,ifa,NM,IFA,IFA_01,IFA,,35051,,3585720,"IFA Phoenix-Mesa-Chandler, AZ",0.0,no cell in the extract: territory at zero opportunity
ifa_west_merge,88001,ifa,NM,IFA,IFA_01,IFA,,35013,29740,3539380,"IFA Phoenix-Mesa-Chandler, AZ",1.93374,
ifa_west_merge,88002,ifa,NM,IFA,IFA_01,IFA,,35013,29740,3584845,"IFA Phoenix-Mesa-Chandler, AZ",0.0,no cell in the extract: territory at zero opportunity
ifa_west_merge,88003,ifa,NM,IFA,IFA_01,IFA,,35013,29740,3581030,"IFA Phoenix-Mesa-Chandler, AZ",0.0,no cell in the extract: territory at zero opportunity
ifa_west_merge,88004,ifa,NM,IFA,IFA_01,IFA,,35013,29740,,"IFA Phoenix-Mesa-Chandler, AZ",0.0,no cell in the extract: territory at zero opportunity
ifa_west_merge,88005,ifa,NM,IFA,IFA_01,IFA,,35013,29740,3539380,"IFA Phoenix-Mesa-Chandler, AZ",0.167045,
ifa_west_merge,88007,ifa,NM,IFA,IFA_01,IFA,,35013,29740,3539380,"IFA Phoenix-Mesa-Chandler, AZ",0.0,no cell in the extract: territory at zero opportunity
ifa_west_merge,88008,ifa,NM,IFA,IFA_01,IFA,,35013,29740,3570700,"IFA Phoenix-Mesa-Chandler, AZ",0.0125577,
ifa_west_merge,88009,ifa,NM,IFA,IFA_01,IFA,,35023,,3558210,"IFA Phoenix-Mesa-Chandler, AZ",0.0,no cell in the extract: territory at zero opportunity
ifa_west_merge,88011,ifa,NM,IFA,IFA_01,IFA,,35013,29740,3539380,"IFA Phoenix-Mesa-Chandler, AZ",0.0527228,
ifa_west_merge,88012,ifa,NM,IFA,IFA_01,IFA,,35013,29740,3539380,"IFA Phoenix-Mesa-Chandler, AZ",0.0,no cell in the extract: territory at zero opportunity
ifa_west_merge,88020,ifa,NM,IFA,IFA_01,IFA,,35023,,3518310,"IFA Phoenix-Mesa-Chandler, AZ",0.0,no cell in the extract: territory at zero opportunity
ifa_west_merge,88021,ifa,NM,IFA,IFA_01,IFA,,35013,29740,3540220,"IFA Phoenix-Mesa-Chandler, AZ",0.0,no cell in the extract: territory at zero opportunity
ifa_west_merge,88022,ifa,NM,IFA,IFA_01,IFA,,35017,43500,3504660,"IFA Phoenix-Mesa-Chandler, AZ",0.0,no cell in the extract: territory at zero opportunity
ifa_west_merge,88023,ifa,NM,IFA,IFA_01,IFA,,35017,43500,3506270,"IFA Phoenix-Mesa-Chandler, AZ",0.0,no cell in the extract: territory at zero opportunity
ifa_west_merge,88024,ifa,NM,IFA,IFA_01,IFA,,35013,29740,3506830,"IFA Phoenix-Mesa-Chandler, AZ",0.0,no cell in the extract: territory at zero opportunity
ifa_west_merge,88025,ifa,NM,IFA,IFA_01,IFA,,35017,43500,3509630,"IFA Phoenix-Mesa-Chandler, AZ",0.0,no cell in the extract: territory at zero opportunity
ifa_west_merge,88026,ifa,NM,IFA,IFA_01,IFA,,35017,43500,3570270,"IFA Phoenix-Mesa-Chandler, AZ",0.0,no cell in the extract: territory at zero opportunity
ifa_west_merge,88027,ifa,NM,IFA,IFA_01,IFA,,35013,29740,3514040,"IFA Phoenix-Mesa-Chandler, AZ",0.0,no cell in the extract: territory at zero opportunity
ifa_west_merge,88028,ifa,NM,IFA,IFA_01,IFA,,35017,43500,3515860,"IFA Phoenix-Mesa-Chandler, AZ",0.0,no cell in the extract: territory at zero opportunity
ifa_west_merge,88029,ifa,NM,IFA,IFA_01,IFA,,35029,19700,3517050,"IFA Phoenix-Mesa-Chandler, AZ",0.0,no cell in the extract: territory at zero opportunity
ifa_west_merge,88030,ifa,NM,IFA,IFA_01,IFA,,35029,19700,3575710,"IFA Phoenix-Mesa-Chandler, AZ",0.0,no cell in the extract: territory at zero opportunity
ifa_west_merge,88034,ifa,NM,IFA,IFA_01,IFA,,35017,43500,3525870,"IFA Phoenix-Mesa-Chandler, AZ",0.0,no cell in the extract: territory at zero opportunity
ifa_west_merge,88038,ifa,NM,IFA,IFA_01,IFA,,35017,43500,3529160,"IFA Phoenix-Mesa-Chandler, AZ",0.0,no cell in the extract: territory at zero opportunity
ifa_west_merge,88039,ifa,NM,IFA,IFA_01,IFA,,35003,,3502560,"IFA Phoenix-Mesa-Chandler, AZ",0.0,no cell in the extract: territory at zero opportunity
ifa_west_merge,88040,ifa,NM,IFA,IFA_01,IFA,,35023,,3531190,"IFA Phoenix-Mesa-Chandler, AZ",0.0,no cell in the extract: territory at zero opportunity
ifa_west_merge,88041,ifa,NM,IFA,IFA_01,IFA,,35017,43500,3568920,"IFA Phoenix-Mesa-Chandler, AZ",0.0,no cell in the extract: territory at zero opportunity
ifa_west_merge,88042,ifa,NM,IFA,IFA_01,IFA,,35051,,3532380,"IFA Phoenix-Mesa-Chandler, AZ",0.0,no cell in the extract: territory at zero opportunity
ifa_west_merge,88043,ifa,NM,IFA,IFA_01,IFA,,35017,43500,3552540,"IFA Phoenix-Mesa-Chandler, AZ",0.0,no cell in the extract: territory at zero opportunity
ifa_west_merge,88044,ifa,NM,IFA,IFA_01,IFA,,35013,29740,3538680,"IFA Phoenix-Mesa-Chandler, AZ",0.0,no cell in the extract: territory at zero opportunity
ifa_west_merge,88045,ifa,NM,IFA,IFA_01,IFA,,35023,,3542180,"IFA Phoenix-Mesa-Chandler, AZ",0.0,no cell in the extract: territory at zero opportunity
ifa_west_merge,88046,ifa,NM,IFA,IFA_01,IFA,,35013,29740,3548060,"IFA Phoenix-Mesa-Chandler, AZ",0.0,no cell in the extract: territory at zero opportunity
ifa_west_merge,88047,ifa,NM,IFA,IFA_01,IFA,,35013,29740,,"IFA Phoenix-Mesa-Chandler, AZ",0.0,no cell in the extract: territory at zero opportunity
ifa_west_merge,88048,ifa,NM,IFA,IFA_01,IFA,,35013,29740,3548270,"IFA Phoenix-Mesa-Chandler, AZ",0.0,no cell in the extract: territory at zero opportunity
ifa_west_merge,88049,ifa,NM,IFA,IFA_01,IFA,,35017,43500,3548830,"IFA Phoenix-Mesa-Chandler, AZ",0.0,no cell in the extract: territory at zero opportunity
ifa_west_merge,88051,ifa,NM,IFA,IFA_01,IFA,,35017,43500,,"IFA Phoenix-Mesa-Chandler, AZ",0.0,no cell in the extract: territory at zero opportunity
ifa_west_merge,88052,ifa,NM,IFA,IFA_01,IFA,,35013,29740,3554430,"IFA Phoenix-Mesa-Chandler, AZ",0.0,no cell in the extract: territory at zero opportunity
ifa_west_merge,88053,ifa,NM,IFA,IFA_01,IFA,,35017,43500,3557510,"IFA Phoenix-Mesa-Chandler, AZ",0.0,no cell in the extract: territory at zero opportunity
ifa_west_merge,88055,ifa,NM,IFA,IFA_01,IFA,,35017,43500,3562270,"IFA Phoenix-Mesa-Chandler, AZ",0.0,no cell in the extract: territory at zero opportunity
ifa_west_merge,88056,ifa,NM,IFA,IFA_01,IFA,,35023,,3564370,"IFA Phoenix-Mesa-Chandler, AZ",0.0,no cell in the extract: territory at zero opportunity
ifa_west_merge,88061,ifa,NM,IFA,IFA_01,IFA,,35017,43500,3573260,"IFA Phoenix-Mesa-Chandler, AZ",0.0,no cell in the extract: territory at zero opportunity
ifa_west_merge,88063,ifa,NM,IFA,IFA_01,IFA,,35013,29740,3575640,"IFA Phoenix-Mesa-Chandler, AZ",0.0,no cell in the extract: territory at zero opportunity
ifa_west_merge,88065,ifa,NM,IFA,IFA_01,IFA,,35017,43500,3580820,"IFA Phoenix-Mesa-Chandler, AZ",0.0,no cell in the extract: territory at zero opportunity
ifa_west_merge,88072,ifa,NM,IFA,IFA_01,IFA,,35013,29740,3581590,"IFA Phoenix-Mesa-Chandler, AZ",0.0,no cell in the extract: territory at zero opportunity
ifa_west_merge,88081,ifa,NM,IFA,IFA_01,IFA,,35035,10460,3514250,"IFA Phoenix-Mesa-Chandler, AZ",0.0,no cell in the extract: territory at zero opportunity
ifa_west_merge,88101,ifa,NM,IFA,IFA_01,IFA,,35009,17580,3516420,"IFA Phoenix-Mesa-Chandler, AZ",0.0,no cell in the extract: territory at zero opportunity
ifa_west_merge,88103,ifa,NM,IFA,IFA_01,IFA,,35009,17580,3510750,"IFA Phoenix-Mesa-Chandler, AZ",0.0,no cell in the extract: territory at zero opportunity
ifa_west_merge,88112,ifa,NM,IFA,IFA_01,IFA,,35009,17580,,"IFA Phoenix-Mesa-Chandler, AZ",0.0,no cell in the extract: territory at zero opportunity
ifa_west_merge,88113,ifa,NM,IFA,IFA_01,IFA,,35041,17580,3512850,"IFA Phoenix-Mesa-Chandler, AZ",0.0,no cell in the extract: territory at zero opportunity
ifa_west_merge,88114,ifa,NM,IFA,IFA_01,IFA,,35025,26020,,"IFA Phoenix-Mesa-Chandler, AZ",0.0,no cell in the extract: territory at zero opportunity
ifa_west_merge,88115,ifa,NM,IFA,IFA_01,IFA,,35041,17580,3521180,"IFA Phoenix-Mesa-Chandler, AZ",0.0,no cell in the extract: territory at zero opportunity
ifa_west_merge,88116,ifa,NM,IFA,IFA_01,IFA,,35041,17580,3523000,"IFA Phoenix-Mesa-Chandler, AZ",0.0,no cell in the extract: territory at zero opportunity
ifa_west_merge,88118,ifa,NM,IFA,IFA_01,IFA,,35041,17580,3526570,"IFA Phoenix-Mesa-Chandler, AZ",0.0,no cell in the extract: territory at zero opportunity
ifa_west_merge,88119,ifa,NM,IFA,IFA_01,IFA,,35011,,3537875,"IFA Phoenix-Mesa-Chandler, AZ",0.0,no cell in the extract: territory at zero opportunity
ifa_west_merge,88120,ifa,NM,IFA,IFA_01,IFA,,35037,,3530210,"IFA Phoenix-Mesa-Chandler, AZ",0.0,no cell in the extract: territory at zero opportunity
ifa_west_merge,88121,ifa,NM,IFA,IFA_01,IFA,,35037,,3533710,"IFA Phoenix-Mesa-Chandler, AZ",0.0,no cell in the extract: territory at zero opportunity
ifa_west_merge,88124,ifa,NM,IFA,IFA_01,IFA,,35009,17580,3547570,"IFA Phoenix-Mesa-Chandler, AZ",0.0,no cell in the extract: territory at zero opportunity
ifa_west_merge,88125,ifa,NM,IFA,IFA_01,IFA,,35041,17580,,"IFA Phoenix-Mesa-Chandler, AZ",0.0,no cell in the extract: territory at zero opportunity
ifa_west_merge,88126,ifa,NM,IFA,IFA_01,IFA,,35041,17580,,"IFA Phoenix-Mesa-Chandler, AZ",0.0,no cell in the extract: territory at zero opportunity
ifa_west_merge,88130,ifa,NM,IFA,IFA_01,IFA,,35041,17580,3559260,"IFA Phoenix-Mesa-Chandler, AZ",0.0,no cell in the extract: territory at zero opportunity
ifa_west_merge,88132,ifa,NM,IFA,IFA_01,IFA,,35041,17580,3512850,"IFA Phoenix-Mesa-Chandler, AZ",0.0,no cell in the extract: territory at zero opportunity
ifa_west_merge,88134,ifa,NM,IFA,IFA_01,IFA,,35011,,,"IFA Phoenix-Mesa-Chandler, AZ",0.0,no cell in the extract: territory at zero opportunity
ifa_west_merge,88135,ifa,NM,IFA,IFA_01,IFA,,35009,17580,3577250,"IFA Phoenix-Mesa-Chandler, AZ",0.0,no cell in the extract: territory at zero opportunity
ifa_west_merge,88136,ifa,NM,IFA,IFA_01,IFA,,35011,,,"IFA Phoenix-Mesa-Chandler, AZ",0.0,no cell in the extract: territory at zero opportunity
ifa_west_merge,88201,ifa,NM,IFA,IFA_01,IFA,,35005,40740,3564930,"IFA Phoenix-Mesa-Chandler, AZ",1.58813,
ifa_west_merge,88203,ifa,NM,IFA,IFA_01,IFA,,35005,40740,3564930,"IFA Phoenix-Mesa-Chandler, AZ",0.0,no cell in the extract: territory at zero opportunity
ifa_west_merge,88210,ifa,NM,IFA,IFA_01,IFA,,35015,16100,3505220,"IFA Phoenix-Mesa-Chandler, AZ",0.00793462,
ifa_west_merge,88220,ifa,NM,IFA,IFA_01,IFA,,35015,16100,3512150,"IFA Phoenix-Mesa-Chandler, AZ",4.0467,
ifa_west_merge,88230,ifa,NM,IFA,IFA_01,IFA,,35005,40740,3548480,"IFA Phoenix-Mesa-Chandler, AZ",0.0,no cell in the extract: territory at zero opportunity
ifa_west_merge,88231,ifa,NM,IFA,IFA_01,IFA,,35025,26020,3525450,"IFA Phoenix-Mesa-Chandler, AZ",0.0,no cell in the extract: territory at zero opportunity
ifa_west_merge,88232,ifa,NM,IFA,IFA_01,IFA,,35005,40740,3531330,"IFA Phoenix-Mesa-Chandler, AZ",0.0,no cell in the extract: territory at zero opportunity
ifa_west_merge,88240,ifa,NM,IFA,IFA_01,IFA,,35025,26020,3532520,"IFA Phoenix-Mesa-Chandler, AZ",3.04825,
ifa_west_merge,88242,ifa,NM,IFA,IFA_01,IFA,,35025,26020,3552500,"IFA Phoenix-Mesa-Chandler, AZ",0.0,no cell in the extract: territory at zero opportunity
ifa_west_merge,88244,ifa,NM,IFA,IFA_01,IFA,,35025,26020,3532520,"IFA Phoenix-Mesa-Chandler, AZ",0.0,no cell in the extract: territory at zero opportunity
ifa_west_merge,88250,ifa,NM,IFA,IFA_01,IFA,,35005,40740,3533290,"IFA Phoenix-Mesa-Chandler, AZ",0.0,no cell in the extract: territory at zero opportunity
ifa_west_merge,88252,ifa,NM,IFA,IFA_01,IFA,,35025,26020,3535040,"IFA Phoenix-Mesa-Chandler, AZ",0.0,no cell in the extract: territory at zero opportunity
ifa_west_merge,88253,ifa,NM,IFA,IFA_01,IFA,,35005,40740,3537840,"IFA Phoenix-Mesa-Chandler, AZ",0.0,no cell in the extract: territory at zero opportunity
ifa_west_merge,88254,ifa,NM,IFA,IFA_01,IFA,,35015,16100,,"IFA Phoenix-Mesa-Chandler, AZ",0.0,no cell in the extract: territory at zero opportunity
ifa_west_merge,88255,ifa,NM,IFA,IFA_01,IFA,,35015,16100,3541970,"IFA Phoenix-Mesa-Chandler, AZ",0.0,no cell in the extract: territory at zero opportunity
ifa_west_merge,88256,ifa,NM,IFA,IFA_01,IFA,,35015,16100,3544420,"IFA Phoenix-Mesa-Chandler, AZ",0.0,no cell in the extract: territory at zero opportunity
ifa_west_merge,88260,ifa,NM,IFA,IFA_01,IFA,,35025,26020,3544490,"IFA Phoenix-Mesa-Chandler, AZ",0.0,no cell in the extract: territory at zero opportunity
ifa_west_merge,88262,ifa,NM,IFA,IFA_01,IFA,,35025,26020,,"IFA Phoenix-Mesa-Chandler, AZ",0.0,no cell in the extract: territory at zero opportunity
ifa_west_merge,88263,ifa,NM,IFA,IFA_01,IFA,,35015,16100,3546380,"IFA Phoenix-Mesa-Chandler, AZ",0.0,no cell in the extract: territory at zero opportunity
ifa_west_merge,88264,ifa,NM,IFA,IFA_01,IFA,,35025,26020,,"IFA Phoenix-Mesa-Chandler, AZ",0.0,no cell in the extract: territory at zero opportunity
ifa_west_merge,88265,ifa,NM,IFA,IFA_01,IFA,,35025,26020,3549950,"IFA Phoenix-Mesa-Chandler, AZ",0.0,no cell in the extract: territory at zero opportunity
ifa_west_merge,88267,ifa,NM,IFA,IFA_01,IFA,,35025,26020,3576620,"IFA Phoenix-Mesa-Chandler, AZ",0.0,no cell in the extract: territory at zero opportunity
ifa_west_merge,88268,ifa,NM,IFA,IFA_01,IFA,,35015,16100,3584950,"IFA Phoenix-Mesa-Chandler, AZ",0.0,no cell in the extract: territory at zero opportunity
ifa_west_merge,88301,ifa,NM,IFA,IFA_01,IFA,,35027,40760,3512500,"IFA Phoenix-Mesa-Chandler, AZ",0.0,no cell in the extract: territory at zero opportunity
ifa_west_merge,88310,ifa,NM,IFA,IFA_01,IFA,,35035,10460,3501780,"IFA Phoenix-Mesa-Chandler, AZ",0.0,no cell in the extract: territory at zero opportunity
ifa_west_merge,88311,ifa,NM,IFA,IFA_01,IFA,,35035,10460,3508440,"IFA Phoenix-Mesa-Chandler, AZ",0.0,no cell in the extract: territory at zero opportunity
ifa_west_merge,88312,ifa,NM,IFA,IFA_01,IFA,,35027,40760,3565210,"IFA Phoenix-Mesa-Chandler, AZ",0.0,no cell in the extract: territory at zero opportunity
ifa_west_merge,88314,ifa,NM,IFA,IFA_01,IFA,,35035,10460,3506760,"IFA Phoenix-Mesa-Chandler, AZ",0.0,no cell in the extract: territory at zero opportunity
ifa_west_merge,88316,ifa,NM,IFA,IFA_01,IFA,,35027,40760,3511800,"IFA Phoenix-Mesa-Chandler, AZ",0.0,no cell in the extract: territory at zero opportunity
ifa_west_merge,88317,ifa,NM,IFA,IFA_01,IFA,,35035,10460,3516280,"IFA Phoenix-Mesa-Chandler, AZ",0.0,no cell in the extract: territory at zero opportunity
ifa_west_merge,88318,ifa,NM,IFA,IFA_01,IFA,,35027,40760,3521810,"IFA Phoenix-Mesa-Chandler, AZ",0.0,no cell in the extract: territory at zero opportunity
ifa_west_merge,88321,ifa,NM,IFA,IFA_01,IFA,,35057,10740,3524610,"IFA Phoenix-Mesa-Chandler, AZ",0.0,no cell in the extract: territory at zero opportunity
ifa_west_merge,88323,ifa,NM,IFA,IFA_01,IFA,,35027,40760,,"IFA Phoenix-Mesa-Chandler, AZ",0.0,no cell in the extract: territory at zero opportunity
ifa_west_merge,88324,ifa,NM,IFA,IFA_01,IFA,,35027,40760,,"IFA Phoenix-Mesa-Chandler, AZ",0.0,no cell in the extract: territory at zero opportunity
ifa_west_merge,88325,ifa,NM,IFA,IFA_01,IFA,,35035,10460,3532160,"IFA Phoenix-Mesa-Chandler, AZ",0.0,no cell in the extract: territory at zero opportunity
ifa_west_merge,88330,ifa,NM,IFA,IFA_01,IFA,,35035,10460,3532940,"IFA Phoenix-Mesa-Chandler, AZ",0.0,no cell in the extract: territory at zero opportunity
ifa_west_merge,88336,ifa,NM,IFA,IFA_01,IFA,,35027,40760,,"IFA Phoenix-Mesa-Chandler, AZ",0.0,no cell in the extract: territory at zero opportunity
ifa_west_merge,88337,ifa,NM,IFA,IFA_01,IFA,,35035,10460,3538330,"IFA Phoenix-Mesa-Chandler, AZ",0.0,no cell in the extract: territory at zero opportunity
ifa_west_merge,88338,ifa,NM,IFA,IFA_01,IFA,,35027,40760,3565210,"IFA Phoenix-Mesa-Chandler, AZ",0.0,no cell in the extract: territory at zero opportunity
ifa_west_merge,88339,ifa,NM,IFA,IFA_01,IFA,,35005,40740,3547150,"IFA Phoenix-Mesa-Chandler, AZ",0.0,no cell in the extract: territory at zero opportunity
ifa_west_merge,88340,ifa,NM,IFA,IFA_01,IFA,,35035,10460,3547920,"IFA Phoenix-Mesa-Chandler, AZ",0.0,no cell in the extract: territory at zero opportunity
ifa_west_merge,88341,ifa,NM,IFA,IFA_01,IFA,,35027,40760,3552190,"IFA Phoenix-Mesa-Chandler, AZ",0.0,no cell in the extract: territory at zero opportunity
ifa_west_merge,88342,ifa,NM,IFA,IFA_01,IFA,,35035,10460,3554500,"IFA Phoenix-Mesa-Chandler, AZ",0.0,no cell in the extract: territory at zero opportunity
ifa_west_merge,88343,ifa,NM,IFA,IFA_01,IFA,,35027,40760,,"IFA Phoenix-Mesa-Chandler, AZ",0.0,no cell in the extract: territory at zero opportunity
ifa_west_merge,88344,ifa,NM,IFA,IFA_01,IFA,,35035,10460,3557440,"IFA Phoenix-Mesa-Chandler, AZ",0.0,no cell in the extract: territory at zero opportunity
ifa_west_merge,88345,ifa,NM,IFA,IFA_01,IFA,,35027,40760,3565210,"IFA Phoenix-Mesa-Chandler, AZ",0.0,no cell in the extract: territory at zero opportunity
ifa_west_merge,88346,ifa,NM,IFA,IFA_01,IFA,,35027,40760,3565280,"IFA Phoenix-Mesa-Chandler, AZ",0.0,no cell in the extract: territory at zero opportunity
ifa_west_merge,88347,ifa,NM,IFA,IFA_01,IFA,,35035,10460,3565560,"IFA Phoenix-Mesa-Chandler, AZ",0.0,no cell in the extract: territory at zero opportunity
ifa_west_merge,88348,ifa,NM,IFA,IFA_01,IFA,,35027,40760,,"IFA Phoenix-Mesa-Chandler, AZ",0.0,no cell in the extract: territory at zero opportunity
ifa_west_merge,88349,ifa,NM,IFA,IFA_01,IFA,,35035,10460,,"IFA Phoenix-Mesa-Chandler, AZ",0.0,no cell in the extract: territory at zero opportunity
ifa_west_merge,88350,ifa,NM,IFA,IFA_01,IFA,,35035,10460,3577950,"IFA Phoenix-Mesa-Chandler, AZ",0.0,no cell in the extract: territory at zero opportunity
ifa_west_merge,88351,ifa,NM,IFA,IFA_01,IFA,,35027,40760,,"IFA Phoenix-Mesa-Chandler, AZ",0.0,no cell in the extract: territory at zero opportunity
ifa_west_merge,88352,ifa,NM,IFA,IFA_01,IFA,,35035,10460,3579980,"IFA Phoenix-Mesa-Chandler, AZ",0.0,no cell in the extract: territory at zero opportunity
ifa_west_merge,88353,ifa,NM,IFA,IFA_01,IFA,,35019,,3582570,"IFA Phoenix-Mesa-Chandler, AZ",0.0,no cell in the extract: territory at zero opportunity
ifa_west_merge,88354,ifa,NM,IFA,IFA_01,IFA,,35035,10460,3583970,"IFA Phoenix-Mesa-Chandler, AZ",0.0,no cell in the extract: territory at zero opportunity
ifa_west_merge,88355,ifa,NM,IFA,IFA_01,IFA,,35027,40760,3565210,"IFA Phoenix-Mesa-Chandler, AZ",0.0,no cell in the extract: territory at zero opportunity
ifa_west_merge,88401,ifa,NM,IFA,IFA_01,IFA,,35037,,3579910,"IFA Phoenix-Mesa-Chandler, AZ",0.0,no cell in the extract: territory at zero opportunity
ifa_west_merge,88410,ifa,NM,IFA,IFA_01,IFA,,35059,,,"IFA Phoenix-Mesa-Chandler, AZ",0.0,no cell in the extract: territory at zero opportunity
ifa_west_merge,88411,ifa,NM,IFA,IFA_01,IFA,,35037,,,"IFA Phoenix-Mesa-Chandler, AZ",0.0,no cell in the extract: territory at zero opportunity
ifa_west_merge,88414,ifa,NM,IFA,IFA_01,IFA,,35007,,3512010,"IFA Phoenix-Mesa-Chandler, AZ",0.0,no cell in the extract: territory at zero opportunity
ifa_west_merge,88415,ifa,NM,IFA,IFA_01,IFA,,35059,,3515720,"IFA Phoenix-Mesa-Chandler, AZ",0.0,no cell in the extract: territory at zero opportunity
ifa_west_merge,88416,ifa,NM,IFA,IFA_01,IFA,,35047,29780,3517260,"IFA Phoenix-Mesa-Chandler, AZ",0.0,no cell in the extract: territory at zero opportunity
ifa_west_merge,88417,ifa,NM,IFA,IFA_01,IFA,,35019,,3551840,"IFA Phoenix-Mesa-Chandler, AZ",0.0,no cell in the extract: territory at zero opportunity
ifa_west_merge,88418,ifa,NM,IFA,IFA_01,IFA,,35059,,3512010,"IFA Phoenix-Mesa-Chandler, AZ",0.0,no cell in the extract: territory at zero opportunity
ifa_west_merge,88419,ifa,NM,IFA,IFA_01,IFA,,35059,,3526780,"IFA Phoenix-Mesa-Chandler, AZ",0.0,no cell in the extract: territory at zero opportunity
ifa_west_merge,88421,ifa,NM,IFA,IFA_01,IFA,,35047,29780,,"IFA Phoenix-Mesa-Chandler, AZ",0.0,no cell in the extract: territory at zero opportunity
ifa_west_merge,88422,ifa,NM,IFA,IFA_01,IFA,,35059,,,"IFA Phoenix-Mesa-Chandler, AZ",0.0,no cell in the extract: territory at zero opportunity
ifa_west_merge,88424,ifa,NM,IFA,IFA_01,IFA,,35059,,3530770,"IFA Phoenix-Mesa-Chandler, AZ",0.0,no cell in the extract: territory at zero opportunity
ifa_west_merge,88426,ifa,NM,IFA,IFA_01,IFA,,35021,,3542040,"IFA Phoenix-Mesa-Chandler, AZ",0.0,no cell in the extract: territory at zero opportunity
ifa_west_merge,88427,ifa,NM,IFA,IFA_01,IFA,,35037,,,"IFA Phoenix-Mesa-Chandler, AZ",0.0,no cell in the extract: territory at zero opportunity
ifa_west_merge,88430,ifa,NM,IFA,IFA_01,IFA,,35037,,3551140,"IFA Phoenix-Mesa-Chandler, AZ",0.0,no cell in the extract: territory at zero opportunity
ifa_west_merge,88431,ifa,NM,IFA,IFA_01,IFA,,35019,,,"IFA Phoenix-Mesa-Chandler, AZ",0.0,no cell in the extract: territory at zero opportunity
ifa_west_merge,88434,ifa,NM,IFA,IFA_01,IFA,,35037,,3568150,"IFA Phoenix-Mesa-Chandler, AZ",0.0,no cell in the extract: territory at zero opportunity
ifa_west_merge,88435,ifa,NM,IFA,IFA_01,IFA,,35019,,3560170,"IFA Phoenix-Mesa-Chandler, AZ",0.0,no cell in the extract: territory at zero opportunity
ifa_west_merge,88436,ifa,NM,IFA,IFA_01,IFA,,35059,,,"IFA Phoenix-Mesa-Chandler, AZ",0.0,no cell in the extract: territory at zero opportunity
ifa_west_merge,88439,ifa,NM,IFA,IFA_01,IFA,,35047,29780,,"IFA Phoenix-Mesa-Chandler, AZ",0.0,no cell in the extract: territory at zero opportunity
ifa_west_merge,89001,ifa,NV,IFA,IFA_02,IFA,,32017,,3200500,"IFA Las Vegas-Henderson-North Las Vegas, NV",0.0,no cell in the extract: territory at zero opportunity
ifa_west_merge,89002,ifa,NV,IFA,IFA_02,IFA,,32003,29820,3231900,"IFA Las Vegas-Henderson-North Las Vegas, NV",0.0413634,
ifa_west_merge,89003,ifa,NV,IFA,IFA_02,IFA,,32023,37220,3205100,"IFA Las Vegas-Henderson-North Las Vegas, NV",0.0,no cell in the extract: territory at zero opportunity
ifa_west_merge,89004,ifa,NV,IFA,IFA_02,IFA,,32003,29820,3205700,"IFA Las Vegas-Henderson-North Las Vegas, NV",0.0,no cell in the extract: territory at zero opportunity
ifa_west_merge,89005,ifa,NV,IFA,IFA_02,IFA,,32003,29820,3206500,"IFA Las Vegas-Henderson-North Las Vegas, NV",11.9887,
ifa_west_merge,89007,ifa,NV,IFA,IFA_02,IFA,,32003,29820,3208100,"IFA Las Vegas-Henderson-North Las Vegas, NV",0.0,no cell in the extract: territory at zero opportunity
ifa_west_merge,89008,ifa,NV,IFA,IFA_02,IFA,,32017,,3208500,"IFA Las Vegas-Henderson-North Las Vegas, NV",0.0,no cell in the extract: territory at zero opportunity
ifa_west_merge,89010,ifa,NV,IFA,IFA_02,IFA,,32009,,3220700,"IFA Las Vegas-Henderson-North Las Vegas, NV",0.0,no cell in the extract: territory at zero opportunity
ifa_west_merge,89011,ifa,NV,IFA,IFA_02,IFA,,32003,29820,3231900,"IFA Las Vegas-Henderson-North Las Vegas, NV",3.69661,
ifa_west_merge,89012,ifa,NV,IFA,IFA_02,IFA,,32003,29820,3231900,"IFA Las Vegas-Henderson-North Las Vegas, NV",17.483,
ifa_west_merge,89013,ifa,NV,IFA,IFA_02,IFA,,32009,,3228900,"IFA Las Vegas-Henderson-North Las Vegas, NV",0.0,no cell in the extract: territory at zero opportunity
ifa_west_merge,89014,ifa,NV,IFA,IFA_02,IFA,,32003,29820,3231900,"IFA Las Vegas-Henderson-North Las Vegas, NV",0.196218,
ifa_west_merge,89015,ifa,NV,IFA,IFA_02,IFA,,32003,29820,3231900,"IFA Las Vegas-Henderson-North Las Vegas, NV",0.10435,
ifa_west_merge,89017,ifa,NV,IFA,IFA_02,IFA,,32017,,3232900,"IFA Las Vegas-Henderson-North Las Vegas, NV",1.39203,
ifa_west_merge,89018,ifa,NV,IFA,IFA_02,IFA,,32003,29820,3235300,"IFA Las Vegas-Henderson-North Las Vegas, NV",0.0,no cell in the extract: territory at zero opportunity
ifa_west_merge,89019,ifa,NV,IFA,IFA_02,IFA,,32003,29820,3264600,"IFA Las Vegas-Henderson-North Las Vegas, NV",0.0,no cell in the extract: territory at zero opportunity
ifa_west_merge,89020,ifa,NV,IFA,IFA_02,IFA,,32023,37220,3201000,"IFA Las Vegas-Henderson-North Las Vegas, NV",0.0,no cell in the extract: territory at zero opportunity
ifa_west_merge,89021,ifa,NV,IFA,IFA_02,IFA,,32003,29820,3247880,"IFA Las Vegas-Henderson-North Las Vegas, NV",0.0,no cell in the extract: territory at zero opportunity
ifa_west_merge,89022,ifa,NV,IFA,IFA_02,IFA,,32023,37220,,"IFA Las Vegas-Henderson-North Las Vegas, NV",0.0,no cell in the extract: territory at zero opportunity
ifa_west_merge,89025,ifa,NV,IFA,IFA_02,IFA,,32003,29820,3247840,"IFA Las Vegas-Henderson-North Las Vegas, NV",0.0,no cell in the extract: territory at zero opportunity
ifa_west_merge,89026,ifa,NV,IFA,IFA_02,IFA,,32003,29820,,"IFA Las Vegas-Henderson-North Las Vegas, NV",0.0,no cell in the extract: territory at zero opportunity
ifa_west_merge,89027,ifa,NV,IFA,IFA_02,IFA,,32003,29820,3246000,"IFA Las Vegas-Henderson-North Las Vegas, NV",0.0,no cell in the extract: territory at zero opportunity
ifa_west_merge,89029,ifa,NV,IFA,IFA_02,IFA,,32003,29820,3241000,"IFA Las Vegas-Henderson-North Las Vegas, NV",0.0,no cell in the extract: territory at zero opportunity
ifa_west_merge,89030,ifa,NV,IFA,IFA_02,IFA,,32003,29820,3251800,"IFA Las Vegas-Henderson-North Las Vegas, NV",0.0,no cell in the extract: territory at zero opportunity
ifa_west_merge,89031,ifa,NV,IFA,IFA_02,IFA,,32003,29820,3251800,"IFA Las Vegas-Henderson-North Las Vegas, NV",0.0,no cell in the extract: territory at zero opportunity
ifa_west_merge,89032,ifa,NV,IFA,IFA_02,IFA,,32003,29820,3251800,"IFA Las Vegas-Henderson-North Las Vegas, NV",0.00397725,
ifa_west_merge,89034,ifa,NV,IFA,IFA_02,IFA,,32003,29820,3246000,"IFA Las Vegas-Henderson-North Las Vegas, NV",0.0,no cell in the extract: territory at zero opportunity
ifa_west_merge,89039,ifa,NV,IFA,IFA_02,IFA,,32003,29820,3208600,"IFA Las Vegas-Henderson-North Las Vegas, NV",0.0,no cell in the extract: territory at zero opportunity
ifa_west_merge,89040,ifa,NV,IFA,IFA_02,IFA,,32003,29820,3247880,"IFA Las Vegas-Henderson-North Las Vegas, NV",0.0,no cell in the extract: territory at zero opportunity
ifa_west_merge,89042,ifa,NV,IFA,IFA_02,IFA,,32017,,3254200,"IFA Las Vegas-Henderson-North Las Vegas, NV",0.0,no cell in the extract: territory at zero opportunity
ifa_west_merge,89043,ifa,NV,IFA,IFA_02,IFA,,32017,,3257400,"IFA Las Vegas-Henderson-North Las Vegas, NV",0.0,no cell in the extract: territory at zero opportunity
ifa_west_merge,89044,ifa,NV,IFA,IFA_02,IFA,,32003,29820,3231900,"IFA Las Vegas-Henderson-North Las Vegas, NV",3.35075,
ifa_west_merge,89045,ifa,NV,IFA,IFA_02,IFA,,32023,37220,,"IFA Las Vegas-Henderson-North Las Vegas, NV",0.0,no cell in the extract: territory at zero opportunity
ifa_west_merge,89046,ifa,NV,IFA,IFA_02,IFA,,32003,29820,3250600,"IFA Las Vegas-Henderson-North Las Vegas, NV",0.0,no cell in the extract: territory at zero opportunity
ifa_west_merge,89047,ifa,NV,IFA,IFA_02,IFA,,32009,,3267000,"IFA Las Vegas-Henderson-North Las Vegas, NV",0.0,no cell in the extract: territory at zero opportunity
ifa_west_merge,89048,ifa,NV,IFA,IFA_02,IFA,,32023,37220,3253800,"IFA Las Vegas-Henderson-North Las Vegas, NV",0.0,no cell in the extract: territory at zero opportunity
ifa_west_merge,89049,ifa,NV,IFA,IFA_02,IFA,,32023,37220,3273600,"IFA Las Vegas-Henderson-North Las Vegas, NV",0.0,no cell in the extract: territory at zero opportunity
ifa_west_merge,89052,ifa,NV,IFA,IFA_02,IFA,,32003,29820,3231900,"IFA Las Vegas-Henderson-North Las Vegas, NV",9.38738,
ifa_west_merge,89054,ifa,NV,IFA,IFA_02,IFA,,32003,29820,3231900,"IFA Las Vegas-Henderson-North Las Vegas, NV",0.0,no cell in the extract: territory at zero opportunity
ifa_west_merge,89060,ifa,NV,IFA,IFA_02,IFA,,32023,37220,3253800,"IFA Las Vegas-Henderson-North Las Vegas, NV",0.0,no cell in the extract: territory at zero opportunity
ifa_west_merge,89061,ifa,NV,IFA,IFA_02,IFA,,32023,37220,3253800,"IFA Las Vegas-Henderson-North Las Vegas, NV",0.0,no cell in the extract: territory at zero opportunity
ifa_west_merge,89070,ifa,NV,IFA,IFA_02,IFA,,32003,29820,,"IFA Las Vegas-Henderson-North Las Vegas, NV",0.0,no cell in the extract: territory at zero opportunity
ifa_west_merge,89074,ifa,NV,IFA,IFA_02,IFA,,32003,29820,3231900,"IFA Las Vegas-Henderson-North Las Vegas, NV",2.2518,
ifa_west_merge,89081,ifa,NV,IFA,IFA_02,IFA,,32003,29820,3251800,"IFA Las Vegas-Henderson-North Las Vegas, NV",0.0,no cell in the extract: territory at zero opportunity
ifa_west_merge,89084,ifa,NV,IFA,IFA_02,IFA,,32003,29820,3251800,"IFA Las Vegas-Henderson-North Las Vegas, NV",0.0,no cell in the extract: territory at zero opportunity
ifa_west_merge,89085,ifa,NV,IFA,IFA_02,IFA,,32003,29820,3251800,"IFA Las Vegas-Henderson-North Las Vegas, NV",0.0,no cell in the extract: territory at zero opportunity
ifa_west_merge,89086,ifa,NV,IFA,IFA_02,IFA,,32003,29820,3251800,"IFA Las Vegas-Henderson-North Las Vegas, NV",0.0,no cell in the extract: territory at zero opportunity
ifa_west_merge,89101,ifa,NV,IFA,IFA_02,IFA,,32003,29820,3240000,"IFA Las Vegas-Henderson-North Las Vegas, NV",1.73966,
ifa_west_merge,89102,ifa,NV,IFA,IFA_02,IFA,,32003,29820,3240000,"IFA Las Vegas-Henderson-North Las Vegas, NV",1.92205,
ifa_west_merge,89103,ifa,NV,IFA,IFA_02,IFA,,32003,29820,3268585,"IFA Las Vegas-Henderson-North Las Vegas, NV",0.83848,
ifa_west_merge,89104,ifa,NV,IFA,IFA_02,IFA,,32003,29820,3240000,"IFA Las Vegas-Henderson-North Las Vegas, NV",0.0,no cell in the extract: territory at zero opportunity
ifa_west_merge,89106,ifa,NV,IFA,IFA_02,IFA,,32003,29820,3240000,"IFA Las Vegas-Henderson-North Las Vegas, NV",0.0,no cell in the extract: territory at zero opportunity
ifa_west_merge,89107,ifa,NV,IFA,IFA_02,IFA,,32003,29820,3240000,"IFA Las Vegas-Henderson-North Las Vegas, NV",0.00787496,
ifa_west_merge,89108,ifa,NV,IFA,IFA_02,IFA,,32003,29820,3240000,"IFA Las Vegas-Henderson-North Las Vegas, NV",0.0,no cell in the extract: territory at zero opportunity
ifa_west_merge,89109,ifa,NV,IFA,IFA_02,IFA,,32003,29820,3254600,"IFA Las Vegas-Henderson-North Las Vegas, NV",0.771631,
ifa_west_merge,89110,ifa,NV,IFA,IFA_02,IFA,,32003,29820,3271400,"IFA Las Vegas-Henderson-North Las Vegas, NV",0.0,no cell in the extract: territory at zero opportunity
ifa_west_merge,89113,ifa,NV,IFA,IFA_02,IFA,,32003,29820,3268585,"IFA Las Vegas-Henderson-North Las Vegas, NV",10.1159,
ifa_west_merge,89115,ifa,NV,IFA,IFA_02,IFA,,32003,29820,3251800,"IFA Las Vegas-Henderson-North Las Vegas, NV",0.0,no cell in the extract: territory at zero opportunity
ifa_west_merge,89117,ifa,NV,IFA,IFA_02,IFA,,32003,29820,3240000,"IFA Las Vegas-Henderson-North Las Vegas, NV",5.74769,
ifa_west_merge,89118,ifa,NV,IFA,IFA_02,IFA,,32003,29820,3268585,"IFA Las Vegas-Henderson-North Las Vegas, NV",3.14504,
ifa_west_merge,89119,ifa,NV,IFA,IFA_02,IFA,,32003,29820,3254600,"IFA Las Vegas-Henderson-North Las Vegas, NV",2.18236,
ifa_west_merge,89120,ifa,NV,IFA,IFA_02,IFA,,32003,29820,3254600,"IFA Las Vegas-Henderson-North Las Vegas, NV",21.6222,
ifa_west_merge,89121,ifa,NV,IFA,IFA_02,IFA,,32003,29820,3254600,"IFA Las Vegas-Henderson-North Las Vegas, NV",0.0258522,
ifa_west_merge,89122,ifa,NV,IFA,IFA_02,IFA,,32003,29820,3283800,"IFA Las Vegas-Henderson-North Las Vegas, NV",0.0,no cell in the extract: territory at zero opportunity
ifa_west_merge,89123,ifa,NV,IFA,IFA_02,IFA,,32003,29820,3254600,"IFA Las Vegas-Henderson-North Las Vegas, NV",1.15373,
ifa_west_merge,89124,ifa,NV,IFA,IFA_02,IFA,,32003,29820,3249310,"IFA Las Vegas-Henderson-North Las Vegas, NV",0.0,no cell in the extract: territory at zero opportunity
ifa_west_merge,89128,ifa,NV,IFA,IFA_02,IFA,,32003,29820,3240000,"IFA Las Vegas-Henderson-North Las Vegas, NV",4.20125,
ifa_west_merge,89129,ifa,NV,IFA,IFA_02,IFA,,32003,29820,3240000,"IFA Las Vegas-Henderson-North Las Vegas, NV",6.05215,
ifa_west_merge,89130,ifa,NV,IFA,IFA_02,IFA,,32003,29820,3240000,"IFA Las Vegas-Henderson-North Las Vegas, NV",2.05321,
ifa_west_merge,89131,ifa,NV,IFA,IFA_02,IFA,,32003,29820,3240000,"IFA Las Vegas-Henderson-North Las Vegas, NV",0.662656,
ifa_west_merge,89134,ifa,NV,IFA,IFA_02,IFA,,32003,29820,3240000,"IFA Las Vegas-Henderson-North Las Vegas, NV",4.29017,
ifa_west_merge,89135,ifa,NV,IFA,IFA_02,IFA,,32003,29820,3270900,"IFA Las Vegas-Henderson-North Las Vegas, NV",70.2259,
ifa_west_merge,89138,ifa,NV,IFA,IFA_02,IFA,,32003,29820,3240000,"IFA Las Vegas-Henderson-North Las Vegas, NV",0.0,no cell in the extract: territory at zero opportunity
ifa_west_merge,89139,ifa,NV,IFA,IFA_02,IFA,,32003,29820,3223770,"IFA Las Vegas-Henderson-North Las Vegas, NV",1.16359,
ifa_west_merge,89141,ifa,NV,IFA,IFA_02,IFA,,32003,29820,3223770,"IFA Las Vegas-Henderson-North Las Vegas, NV",1.59646,
ifa_west_merge,89142,ifa,NV,IFA,IFA_02,IFA,,32003,29820,3271400,"IFA Las Vegas-Henderson-North Las Vegas, NV",0.0,no cell in the extract: territory at zero opportunity
ifa_west_merge,89143,ifa,NV,IFA,IFA_02,IFA,,32003,29820,3240000,"IFA Las Vegas-Henderson-North Las Vegas, NV",0.0,no cell in the extract: territory at zero opportunity
ifa_west_merge,89144,ifa,NV,IFA,IFA_02,IFA,,32003,29820,3240000,"IFA Las Vegas-Henderson-North Las Vegas, NV",3.37842,
ifa_west_merge,89145,ifa,NV,IFA,IFA_02,IFA,,32003,29820,3240000,"IFA Las Vegas-Henderson-North Las Vegas, NV",13.3765,
ifa_west_merge,89146,ifa,NV,IFA,IFA_02,IFA,,32003,29820,3268585,"IFA Las Vegas-Henderson-North Las Vegas, NV",0.468022,
ifa_west_merge,89147,ifa,NV,IFA,IFA_02,IFA,,32003,29820,3268585,"IFA Las Vegas-Henderson-North Las Vegas, NV",3.53955,
ifa_west_merge,89148,ifa,NV,IFA,IFA_02,IFA,,32003,29820,3268585,"IFA Las Vegas-Henderson-North Las Vegas, NV",19.7392,
ifa_west_merge,89149,ifa,NV,IFA,IFA_02,IFA,,32003,29820,3240000,"IFA Las Vegas-Henderson-North Las Vegas, NV",4.44861,
ifa_west_merge,89156,ifa,NV,IFA,IFA_02,IFA,,32003,29820,3271400,"IFA Las Vegas-Henderson-North Las Vegas, NV",0.0,no cell in the extract: territory at zero opportunity
ifa_west_merge,89158,ifa,NV,IFA,IFA_02,IFA,,32003,29820,3254600,"IFA Las Vegas-Henderson-North Las Vegas, NV",0.0,no cell in the extract: territory at zero opportunity
ifa_west_merge,89161,ifa,NV,IFA,IFA_02,IFA,,32003,29820,3205700,"IFA Las Vegas-Henderson-North Las Vegas, NV",0.0,no cell in the extract: territory at zero opportunity
ifa_west_merge,89166,ifa,NV,IFA,IFA_02,IFA,,32003,29820,3240000,"IFA Las Vegas-Henderson-North Las Vegas, NV",0.256837,
ifa_west_merge,89169,ifa,NV,IFA,IFA_02,IFA,,32003,29820,3254600,"IFA Las Vegas-Henderson-North Las Vegas, NV",0.00536928,
ifa_west_merge,89178,ifa,NV,IFA,IFA_02,IFA,,32003,29820,3223770,"IFA Las Vegas-Henderson-North Las Vegas, NV",0.0,no cell in the extract: territory at zero opportunity
ifa_west_merge,89179,ifa,NV,IFA,IFA_02,IFA,,32003,29820,3223770,"IFA Las Vegas-Henderson-North Las Vegas, NV",0.0,no cell in the extract: territory at zero opportunity
ifa_west_merge,89183,ifa,NV,IFA,IFA_02,IFA,,32003,29820,3223770,"IFA Las Vegas-Henderson-North Las Vegas, NV",0.0,no cell in the extract: territory at zero opportunity
ifa_west_merge,89191,ifa,NV,IFA,IFA_02,IFA,,32003,29820,3250400,"IFA Las Vegas-Henderson-North Las Vegas, NV",0.0,no cell in the extract: territory at zero opportunity
ifa_west_merge,89301,ifa,NV,IFA,IFA_02,IFA,,32033,,3223500,"IFA Las Vegas-Henderson-North Las Vegas, NV",0.0,no cell in the extract: territory at zero opportunity
ifa_west_merge,89310,ifa,NV,IFA,IFA_02,IFA,,32015,,3238100,"IFA Las Vegas-Henderson-North Las Vegas, NV",0.0,no cell in the extract: territory at zero opportunity
ifa_west_merge,89311,ifa,NV,IFA,IFA_02,IFA,,32033,,3204100,"IFA Las Vegas-Henderson-North Las Vegas, NV",0.0,no cell in the extract: territory at zero opportunity
ifa_west_merge,89314,ifa,NV,IFA,IFA_02,IFA,,32023,37220,,"IFA Las Vegas-Henderson-North Las Vegas, NV",0.0,no cell in the extract: territory at zero opportunity
ifa_west_merge,89315,ifa,NV,IFA,IFA_02,IFA,,32033,,,"IFA Las Vegas-Henderson-North Las Vegas, NV",0.0,no cell in the extract: territory at zero opportunity
ifa_west_merge,89316,ifa,NV,IFA,IFA_02,IFA,,32011,21220,3223900,"IFA Las Vegas-Henderson-North Las Vegas, NV",0.0,no cell in the extract: territory at zero opportunity
ifa_west_merge,89317,ifa,NV,IFA,IFA_02,IFA,,32033,,3243400,"IFA Las Vegas-Henderson-North Las Vegas, NV",0.0,no cell in the extract: territory at zero opportunity
ifa_west_merge,89318,ifa,NV,IFA,IFA_02,IFA,,32033,,3244200,"IFA Las Vegas-Henderson-North Las Vegas, NV",0.0,no cell in the extract: territory at zero opportunity
ifa_west_merge,89319,ifa,NV,IFA,IFA_02,IFA,,32033,,3263800,"IFA Las Vegas-Henderson-North Las Vegas, NV",0.0,no cell in the extract: territory at zero opportunity
ifa_west_merge,89402,ifa,NV,IFA,IFA_02,IFA,,32031,39900,3216700,"IFA Las Vegas-Henderson-North Las Vegas, NV",0.10326,
ifa_west_merge,89403,ifa,NV,IFA,IFA_02,IFA,,32019,39900,3217500,"IFA Las Vegas-Henderson-North Las Vegas, NV",0.657418,
ifa_west_merge,89404,ifa,NV,IFA,IFA_02,IFA,,32013,49080,3218500,"IFA Las Vegas-Henderson-North Las Vegas, NV",0.0,no cell in the extract: territory at zero opportunity
ifa_west_merge,89405,ifa,NV,IFA,IFA_02,IFA,,32031,39900,3223700,"IFA Las Vegas-Henderson-North Las Vegas, NV",0.0,no cell in the extract: territory at zero opportunity
ifa_west_merge,89406,ifa,NV,IFA,IFA_02,IFA,,32001,21980,3224900,"IFA Las Vegas-Henderson-North Las Vegas, NV",0.0,no cell in the extract: territory at zero opportunity
ifa_west_merge,89408,ifa,NV,IFA,IFA_02,IFA,,32001,21980,3224900,"IFA Las Vegas-Henderson-North Las Vegas, NV",0.0,no cell in the extract: territory at zero opportunity
ifa_west_merge,89409,ifa,NV,IFA,IFA_02,IFA,,32023,37220,3225900,"IFA Las Vegas-Henderson-North Las Vegas, NV",0.0,no cell in the extract: territory at zero opportunity
ifa_west_merge,89410,ifa,NV,IFA,IFA_02,IFA,,32005,23820,3225000,"IFA Las Vegas-Henderson-North Las Vegas, NV",0.0,no cell in the extract: territory at zero opportunity
ifa_west_merge,89411,ifa,NV,IFA,IFA_02,IFA,,32005,23820,3238000,"IFA Las Vegas-Henderson-North Las Vegas, NV",0.589274,
ifa_west_merge,89412,ifa,NV,IFA,IFA_02,IFA,,32031,39900,3227300,"IFA Las Vegas-Henderson-North Las Vegas, NV",0.0,no cell in the extract: territory at zero opportunity
ifa_west_merge,89413,ifa,NV,IFA,IFA_02,IFA,,32005,23820,3227900,"IFA Las Vegas-Henderson-North Las Vegas, NV",0.0,no cell in the extract: territory at zero opportunity
ifa_west_merge,89414,ifa,NV,IFA,IFA_02,IFA,,32013,49080,3228500,"IFA Las Vegas-Henderson-North Las Vegas, NV",0.0,no cell in the extract: territory at zero opportunity
ifa_west_merge,89415,ifa,NV,IFA,IFA_02,IFA,,32021,,3231300,"IFA Las Vegas-Henderson-North Las Vegas, NV",0.0,no cell in the extract: territory at zero opportunity
ifa_west_merge,89418,ifa,NV,IFA,IFA_02,IFA,,32027,,3234700,"IFA Las Vegas-Henderson-North Las Vegas, NV",0.0,no cell in the extract: territory at zero opportunity
ifa_west_merge,89419,ifa,NV,IFA,IFA_02,IFA,,32027,,3234100,"IFA Las Vegas-Henderson-North Las Vegas, NV",0.0,no cell in the extract: territory at zero opportunity
ifa_west_merge,89420,ifa,NV,IFA,IFA_02,IFA,,32021,,,"IFA Las Vegas-Henderson-North Las Vegas, NV",0.0,no cell in the extract: territory at zero opportunity
ifa_west_merge,89421,ifa,OR,IFA,IFA_07,IFA,,41045,36620,3225490,"IFA Seattle-Tacoma-Bellevue, WA",0.0,no cell in the extract: territory at zero opportunity
ifa_west_merge,89422,ifa,NV,IFA,IFA_02,IFA,,32021,,3246800,"IFA Las Vegas-Henderson-North Las Vegas, NV",0.0,no cell in the extract: territory at zero opportunity
ifa_west_merge,89423,ifa,NV,IFA,IFA_02,IFA,,32005,23820,3237190,"IFA Las Vegas-Henderson-North Las Vegas, NV",9.98297,
ifa_west_merge,89424,ifa,NV,IFA,IFA_02,IFA,,32031,39900,3251200,"IFA Las Vegas-Henderson-North Las Vegas, NV",0.0,no cell in the extract: territory at zero opportunity
ifa_west_merge,89425,ifa,NV,IFA,IFA_02,IFA,,32013,49080,3253000,"IFA Las Vegas-Henderson-North Las Vegas, NV",0.0,no cell in the extract: territory at zero opportunity
ifa_west_merge,89426,ifa,NV,IFA,IFA_02,IFA,,32013,49080,3255400,"IFA Las Vegas-Henderson-North Las Vegas, NV",0.0,no cell in the extract: territory at zero opportunity
ifa_west_merge,89427,ifa,NV,IFA,IFA_02,IFA,,32021,,3265400,"IFA Las Vegas-Henderson-North Las Vegas, NV",0.0,no cell in the extract: territory at zero opportunity
ifa_west_merge,89428,ifa,NV,IFA,IFA_02,IFA,,32019,39900,3266800,"IFA Las Vegas-Henderson-North Las Vegas, NV",0.0,no cell in the extract: territory at zero opportunity
ifa_west_merge,89429,ifa,NV,IFA,IFA_02,IFA,,32019,39900,3267200,"IFA Las Vegas-Henderson-North Las Vegas, NV",0.0,no cell in the extract: territory at zero opportunity
ifa_west_merge,89430,ifa,NV,IFA,IFA_02,IFA,,32019,39900,3268050,"IFA Las Vegas-Henderson-North Las Vegas, NV",0.0,no cell in the extract: territory at zero opportunity
ifa_west_merge,89431,ifa,NV,IFA,IFA_02,IFA,,32031,39900,3268400,"IFA Las Vegas-Henderson-North Las Vegas, NV",0.817152,
ifa_west_merge,89433,ifa,NV,IFA,IFA_02,IFA,,32031,39900,3271600,"IFA Las Vegas-Henderson-North Las Vegas, NV",0.0,no cell in the extract: territory at zero opportunity
ifa_west_merge,89434,ifa,NV,IFA,IFA_02,IFA,,32029,39900,3268400,"IFA Las Vegas-Henderson-North Las Vegas, NV",0.0,no cell in the extract: territory at zero opportunity
ifa_west_merge,89436,ifa,NV,IFA,IFA_02,IFA,,32031,39900,3268400,"IFA Las Vegas-Henderson-North Las Vegas, NV",0.223338,
ifa_west_merge,89437,ifa,NV,IFA,IFA_02,IFA,,32029,39900,,"IFA Las Vegas-Henderson-North Las Vegas, NV",0.0,no cell in the extract: territory at zero opportunity
ifa_west_merge,89438,ifa,NV,IFA,IFA_02,IFA,,32013,49080,3278200,"IFA Las Vegas-Henderson-North Las Vegas, NV",0.0,no cell in the extract: territory at zero opportunity
ifa_west_merge,89439,ifa,NV,IFA,IFA_02,IFA,,32031,39900,3260600,"IFA Las Vegas-Henderson-North Las Vegas, NV",0.17796,
ifa_west_merge,89440,ifa,NV,IFA,IFA_02,IFA,,32029,39900,3280000,"IFA Las Vegas-Henderson-North Las Vegas, NV",0.0,no cell in the extract: territory at zero opportunity
ifa_west_merge,89441,ifa,NV,IFA,IFA_02,IFA,,32031,39900,3268350,"IFA Las Vegas-Henderson-North Las Vegas, NV",0.0,no cell in the extract: territory at zero opportunity
ifa_west_merge,89442,ifa,NV,IFA,IFA_02,IFA,,32031,39900,3281000,"IFA Las Vegas-Henderson-North Las Vegas, NV",0.0,no cell in the extract: territory at zero opportunity
ifa_west_merge,89444,ifa,NV,IFA,IFA_02,IFA,,32019,39900,3268050,"IFA Las Vegas-Henderson-North Las Vegas, NV",0.0,no cell in the extract: territory at zero opportunity
ifa_west_merge,89445,ifa,NV,IFA,IFA_02,IFA,,32013,49080,3230220,"IFA Las Vegas-Henderson-North Las Vegas, NV",0.0,no cell in the extract: territory at zero opportunity
ifa_west_merge,89446,ifa,NV,IFA,IFA_02,IFA,,32013,49080,,"IFA Las Vegas-Henderson-North Las Vegas, NV",0.0,no cell in the extract: territory at zero opportunity
ifa_west_merge,89447,ifa,NV,IFA,IFA_02,IFA,,32019,39900,3285400,"IFA Las Vegas-Henderson-North Las Vegas, NV",0.0,no cell in the extract: territory at zero opportunity
ifa_west_merge,89448,ifa,NV,IFA,IFA_02,IFA,,32005,23820,3262170,"IFA Las Vegas-Henderson-North Las Vegas, NV",1.71507,
ifa_west_merge,89449,ifa,NV,IFA,IFA_02,IFA,,32005,23820,3238000,"IFA Las Vegas-Henderson-North Las Vegas, NV",1.40734,
ifa_west_merge,89450,ifa,NV,IFA,IFA_02,IFA,,32031,39900,3235100,"IFA Las Vegas-Henderson-North Las Vegas, NV",0.0,no cell in the extract: territory at zero opportunity
ifa_west_merge,89451,ifa,NV,IFA,IFA_02,IFA,,32031,39900,3235100,"IFA Las Vegas-Henderson-North Las Vegas, NV",0.990662,
ifa_west_merge,89460,ifa,NV,IFA,IFA_02,IFA,,32005,23820,3226500,"IFA Las Vegas-Henderson-North Las Vegas, NV",0.0,no cell in the extract: territory at zero opportunity
ifa_west_merge,89496,ifa,NV,IFA,IFA_02,IFA,,32001,21980,,"IFA Las Vegas-Henderson-North Las Vegas, NV",0.0,no cell in the extract: territory at zero opportunity
ifa_west_merge,89501,ifa,NV,IFA,IFA_02,IFA,,32031,39900,3260600,"IFA Las Vegas-Henderson-North Las Vegas, NV",0.0569475,
ifa_west_merge,89502,ifa,NV,IFA,IFA_02,IFA,,32031,39900,3260600,"IFA Las Vegas-Henderson-North Las Vegas, NV",0.510372,
ifa_west_merge,89503,ifa,NV,IFA,IFA_02,IFA,,32031,39900,3260600,"IFA Las Vegas-Henderson-North Las Vegas, NV",0.0,no cell in the extract: territory at zero opportunity
ifa_west_merge,89506,ifa,NV,IFA,IFA_02,IFA,,32031,39900,3260600,"IFA Las Vegas-Henderson-North Las Vegas, NV",0.20131,
ifa_west_merge,89508,ifa,NV,IFA,IFA_02,IFA,,32031,39900,3260600,"IFA Las Vegas-Henderson-North Las Vegas, NV",0.0,no cell in the extract: territory at zero opportunity
ifa_west_merge,89509,ifa,NV,IFA,IFA_02,IFA,,32031,39900,3260600,"IFA Las Vegas-Henderson-North Las Vegas, NV",1.57379,
ifa_west_merge,89510,ifa,NV,IFA,IFA_02,IFA,,32031,39900,3271800,"IFA Las Vegas-Henderson-North Las Vegas, NV",0.0,no cell in the extract: territory at zero opportunity
ifa_west_merge,89511,ifa,NV,IFA,IFA_02,IFA,,32031,39900,3260600,"IFA Las Vegas-Henderson-North Las Vegas, NV",20.1982,
ifa_west_merge,89512,ifa,NV,IFA,IFA_02,IFA,,32031,39900,3260600,"IFA Las Vegas-Henderson-North Las Vegas, NV",0.0,no cell in the extract: territory at zero opportunity
ifa_west_merge,89519,ifa,NV,IFA,IFA_02,IFA,,32031,39900,3260600,"IFA Las Vegas-Henderson-North Las Vegas, NV",0.161025,
ifa_west_merge,89521,ifa,NV,IFA,IFA_02,IFA,,32031,39900,3260600,"IFA Las Vegas-Henderson-North Las Vegas, NV",7.84714,
ifa_west_merge,89523,ifa,NV,IFA,IFA_02,IFA,,32031,39900,3260600,"IFA Las Vegas-Henderson-North Las Vegas, NV",2.36964,
ifa_west_merge,89557,ifa,NV,IFA,IFA_02,IFA,,32031,39900,3260600,"IFA Las Vegas-Henderson-North Las Vegas, NV",0.0,no cell in the extract: territory at zero opportunity
ifa_west_merge,89701,ifa,NV,IFA,IFA_02,IFA,,32510,16180,3209700,"IFA Las Vegas-Henderson-North Las Vegas, NV",4.06247,
ifa_west_merge,89703,ifa,NV,IFA,IFA_02,IFA,,32510,16180,3209700,"IFA Las Vegas-Henderson-North Las Vegas, NV",0.0,no cell in the extract: territory at zero opportunity
ifa_west_merge,89704,ifa,NV,IFA,IFA_02,IFA,,32031,39900,3282250,"IFA Las Vegas-Henderson-North Las Vegas, NV",0.0,no cell in the extract: territory at zero opportunity
ifa_west_merge,89705,ifa,NV,IFA,IFA_02,IFA,,32005,23820,3235275,"IFA Las Vegas-Henderson-North Las Vegas, NV",0.0,no cell in the extract: territory at zero opportunity
ifa_west_merge,89706,ifa,NV,IFA,IFA_02,IFA,,32510,16180,3209700,"IFA Las Vegas-Henderson-North Las Vegas, NV",0.0,no cell in the extract: territory at zero opportunity
ifa_west_merge,89801,ifa,NV,IFA,IFA_02,IFA,,32007,21220,3222500,"IFA Las Vegas-Henderson-North Las Vegas, NV",0.720754,
ifa_west_merge,89815,ifa,NV,IFA,IFA_02,IFA,,32007,21220,3268550,"IFA Las Vegas-Henderson-North Las Vegas, NV",0.0,no cell in the extract: territory at zero opportunity
ifa_west_merge,89820,ifa,NV,IFA,IFA_02,IFA,,32015,,3204900,"IFA Las Vegas-Henderson-North Las Vegas, NV",0.0,no cell in the extract: territory at zero opportunity
ifa_west_merge,89821,ifa,NV,IFA,IFA_02,IFA,,32011,21220,3216300,"IFA Las Vegas-Henderson-North Las Vegas, NV",0.0,no cell in the extract: territory at zero opportunity
ifa_west_merge,89822,ifa,NV,IFA,IFA_02,IFA,,32011,21220,3208900,"IFA Las Vegas-Henderson-North Las Vegas, NV",0.0,no cell in the extract: territory at zero opportunity
ifa_west_merge,89823,ifa,NV,IFA,IFA_02,IFA,,32007,21220,,"IFA Las Vegas-Henderson-North Las Vegas, NV",0.0,no cell in the extract: territory at zero opportunity
ifa_west_merge,89825,ifa,NV,IFA,IFA_02,IFA,,32007,21220,3236500,"IFA Las Vegas-Henderson-North Las Vegas, NV",0.0,no cell in the extract: territory at zero opportunity
ifa_west_merge,89826,ifa,NV,IFA,IFA_02,IFA,,32007,21220,3236700,"IFA Las Vegas-Henderson-North Las Vegas, NV",0.0,no cell in the extract: territory at zero opportunity
ifa_west_merge,89828,ifa,NV,IFA,IFA_02,IFA,,32007,21220,3239300,"IFA Las Vegas-Henderson-North Las Vegas, NV",0.0,no cell in the extract: territory at zero opportunity
ifa_west_merge,89830,ifa,NV,IFA,IFA_02,IFA,,32007,21220,3248400,"IFA Las Vegas-Henderson-North Las Vegas, NV",0.0,no cell in the extract: territory at zero opportunity
ifa_west_merge,89831,ifa,NV,IFA,IFA_02,IFA,,32007,21220,3249200,"IFA Las Vegas-Henderson-North Las Vegas, NV",0.0,no cell in the extract: territory at zero opportunity
ifa_west_merge,89832,ifa,NV,IFA,IFA_02,IFA,,32007,21220,3253600,"IFA Las Vegas-Henderson-North Las Vegas, NV",0.0,no cell in the extract: territory at zero opportunity
ifa_west_merge,89833,ifa,NV,IFA,IFA_02,IFA,,32007,21220,,"IFA Las Vegas-Henderson-North Las Vegas, NV",0.0,no cell in the extract: territory at zero opportunity
ifa_west_merge,89834,ifa,NV,IFA,IFA_02,IFA,,32007,21220,3276200,"IFA Las Vegas-Henderson-North Las Vegas, NV",0.0,no cell in the extract: territory at zero opportunity
ifa_west_merge,89835,ifa,NV,IFA,IFA_02,IFA,,32007,21220,3283000,"IFA Las Vegas-Henderson-North Las Vegas, NV",0.0,no cell in the extract: territory at zero opportunity
ifa_west_merge,89883,ifa,NV,IFA,IFA_02,IFA,,32007,21220,3283730,"IFA Las Vegas-Henderson-North Las Vegas, NV",0.0,no cell in the extract: territory at zero opportunity
ifa_west_merge,90001,ifa,CA,IFA,IFA_03,IFA,,06037,31080,0624477,"IFA Los Angeles-Long Beach-Anaheim, CA / San Jose-Sunnyvale-Santa Clara, CA",0.0,no cell in the extract: territory at zero opportunity
ifa_west_merge,90002,ifa,CA,IFA,IFA_05,IFA,,06037,31080,0644000,"IFA Los Angeles-Long Beach-Anaheim, CA / Riverside-San Bernardino-Ontario, CA",0.0,no cell in the extract: territory at zero opportunity
ifa_west_merge,90003,ifa,CA,IFA,IFA_03,IFA,,06037,31080,0644000,"IFA Los Angeles-Long Beach-Anaheim, CA / San Jose-Sunnyvale-Santa Clara, CA",0.0,no cell in the extract: territory at zero opportunity
ifa_west_merge,90004,ifa,CA,IFA,IFA_03,IFA,,06037,31080,0644000,"IFA Los Angeles-Long Beach-Anaheim, CA / San Jose-Sunnyvale-Santa Clara, CA",0.0015909,
ifa_west_merge,90005,ifa,CA,IFA,IFA_03,IFA,,06037,31080,0644000,"IFA Los Angeles-Long Beach-Anaheim, CA / San Jose-Sunnyvale-Santa Clara, CA",0.143188,
ifa_west_merge,90006,ifa,CA,IFA,IFA_03,IFA,,06037,31080,0644000,"IFA Los Angeles-Long Beach-Anaheim, CA / San Jose-Sunnyvale-Santa Clara, CA",0.0302271,
ifa_west_merge,90007,ifa,CA,IFA,IFA_03,IFA,,06037,31080,0644000,"IFA Los Angeles-Long Beach-Anaheim, CA / San Jose-Sunnyvale-Santa Clara, CA",1.7194,
ifa_west_merge,90008,ifa,CA,IFA,IFA_03,IFA,,06037,31080,0644000,"IFA Los Angeles-Long Beach-Anaheim, CA / San Jose-Sunnyvale-Santa Clara, CA",0.0,no cell in the extract: territory at zero opportunity
ifa_west_merge,90010,ifa,CA,IFA,IFA_03,IFA,,06037,31080,0644000,"IFA Los Angeles-Long Beach-Anaheim, CA / San Jose-Sunnyvale-Santa Clara, CA",64.7529,
ifa_west_merge,90011,ifa,CA,IFA,IFA_03,IFA,,06037,31080,0644000,"IFA Los Angeles-Long Beach-Anaheim, CA / San Jose-Sunnyvale-Santa Clara, CA",0.0,no cell in the extract: territory at zero opportunity
ifa_west_merge,90012,ifa,CA,IFA,IFA_03,IFA,,06037,31080,0644000,"IFA Los Angeles-Long Beach-Anaheim, CA / San Jose-Sunnyvale-Santa Clara, CA",0.636599,
ifa_west_merge,90013,ifa,CA,IFA,IFA_03,IFA,,06037,31080,0644000,"IFA Los Angeles-Long Beach-Anaheim, CA / San Jose-Sunnyvale-Santa Clara, CA",0.0,no cell in the extract: territory at zero opportunity
ifa_west_merge,90014,ifa,CA,IFA,IFA_03,IFA,,06037,31080,0644000,"IFA Los Angeles-Long Beach-Anaheim, CA / San Jose-Sunnyvale-Santa Clara, CA",0.0,no cell in the extract: territory at zero opportunity
ifa_west_merge,90015,ifa,CA,IFA,IFA_03,IFA,,06037,31080,0644000,"IFA Los Angeles-Long Beach-Anaheim, CA / San Jose-Sunnyvale-Santa Clara, CA",0.148114,
ifa_west_merge,90016,ifa,CA,IFA,IFA_03,IFA,,06037,31080,0644000,"IFA Los Angeles-Long Beach-Anaheim, CA / San Jose-Sunnyvale-Santa Clara, CA",0.000954541,
ifa_west_merge,90017,ifa,CA,IFA,IFA_05,IFA,,06037,31080,0644000,"IFA Los Angeles-Long Beach-Anaheim, CA / Riverside-San Bernardino-Ontario, CA",0.0374191,
ifa_west_merge,90018,ifa,CA,IFA,IFA_03,IFA,,06037,31080,0644000,"IFA Los Angeles-Long Beach-Anaheim, CA / San Jose-Sunnyvale-Santa Clara, CA",0.0,no cell in the extract: territory at zero opportunity
ifa_west_merge,90019,ifa,CA,IFA,IFA_03,IFA,,06037,31080,0644000,"IFA Los Angeles-Long Beach-Anaheim, CA / San Jose-Sunnyvale-Santa Clara, CA",0.0,no cell in the extract: territory at zero opportunity
ifa_west_merge,90020,ifa,CA,IFA,IFA_03,IFA,,06037,31080,0644000,"IFA Los Angeles-Long Beach-Anaheim, CA / San Jose-Sunnyvale-Santa Clara, CA",0.0,no cell in the extract: territory at zero opportunity
ifa_west_merge,90021,ifa,CA,IFA,IFA_03,IFA,,06037,31080,0644000,"IFA Los Angeles-Long Beach-Anaheim, CA / San Jose-Sunnyvale-Santa Clara, CA",0.0,no cell in the extract: territory at zero opportunity
ifa_west_merge,90022,ifa,CA,IFA,IFA_05,IFA,,06037,31080,0620802,"IFA Los Angeles-Long Beach-Anaheim, CA / Riverside-San Bernardino-Ontario, CA",0.0,no cell in the extract: territory at zero opportunity
ifa_west_merge,90023,ifa,CA,IFA,IFA_03,IFA,,06037,31080,0644000,"IFA Los Angeles-Long Beach-Anaheim, CA / San Jose-Sunnyvale-Santa Clara, CA",0.0,no cell in the extract: territory at zero opportunity
ifa_west_merge,90024,ifa,CA,IFA,IFA_03,IFA,,06037,31080,0644000,"IFA Los Angeles-Long Beach-Anaheim, CA / San Jose-Sunnyvale-Santa Clara, CA",4.85842,
ifa_west_merge,90025,ifa,CA,IFA,IFA_03,IFA,,06037,31080,0644000,"IFA Los Angeles-Long Beach-Anaheim, CA / San Jose-Sunnyvale-Santa Clara, CA",3.51284,
ifa_west_merge,90026,ifa,CA,IFA,IFA_05,IFA,,06037,31080,0644000,"IFA Los Angeles-Long Beach-Anaheim, CA / Riverside-San Bernardino-Ontario, CA",0.0,no cell in the extract: territory at zero opportunity
ifa_west_merge,90027,ifa,CA,IFA,IFA_03,IFA,,06037,31080,0644000,"IFA Los Angeles-Long Beach-Anaheim, CA / San Jose-Sunnyvale-Santa Clara, CA",0.291539,
ifa_west_merge,90028,ifa,CA,IFA,IFA_03,IFA,,06037,31080,0644000,"IFA Los Angeles-Long Beach-Anaheim, CA / San Jose-Sunnyvale-Santa Clara, CA",0.0,no cell in the extract: territory at zero opportunity
ifa_west_merge,90029,ifa,CA,IFA,IFA_03,IFA,,06037,31080,0644000,"IFA Los Angeles-Long Beach-Anaheim, CA / San Jose-Sunnyvale-Santa Clara, CA",0.0,no cell in the extract: territory at zero opportunity
ifa_west_merge,90031,ifa,CA,IFA,IFA_03,IFA,,06037,31080,0644000,"IFA Los Angeles-Long Beach-Anaheim, CA / San Jose-Sunnyvale-Santa Clara, CA",0.398882,
ifa_west_merge,90032,ifa,CA,IFA,IFA_03,IFA,,06037,31080,0644000,"IFA Los Angeles-Long Beach-Anaheim, CA / San Jose-Sunnyvale-Santa Clara, CA",0.0,no cell in the extract: territory at zero opportunity
ifa_west_merge,90033,ifa,CA,IFA,IFA_03,IFA,,06037,31080,0644000,"IFA Los Angeles-Long Beach-Anaheim, CA / San Jose-Sunnyvale-Santa Clara, CA",0.0,no cell in the extract: territory at zero opportunity
ifa_west_merge,90034,ifa,CA,IFA,IFA_03,IFA,,06037,31080,0644000,"IFA Los Angeles-Long Beach-Anaheim, CA / San Jose-Sunnyvale-Santa Clara, CA",0.988074,
ifa_west_merge,90035,ifa,CA,IFA,IFA_03,IFA,,06037,31080,0644000,"IFA Los Angeles-Long Beach-Anaheim, CA / San Jose-Sunnyvale-Santa Clara, CA",0.0,no cell in the extract: territory at zero opportunity
ifa_west_merge,90036,ifa,CA,IFA,IFA_03,IFA,,06037,31080,0644000,"IFA Los Angeles-Long Beach-Anaheim, CA / San Jose-Sunnyvale-Santa Clara, CA",6.58042,
ifa_west_merge,90037,ifa,CA,IFA,IFA_03,IFA,,06037,31080,0644000,"IFA Los Angeles-Long Beach-Anaheim, CA / San Jose-Sunnyvale-Santa Clara, CA",0.0,no cell in the extract: territory at zero opportunity
ifa_west_merge,90038,ifa,CA,IFA,IFA_03,IFA,,06037,31080,0644000,"IFA Los Angeles-Long Beach-Anaheim, CA / San Jose-Sunnyvale-Santa Clara, CA",0.0,no cell in the extract: territory at zero opportunity
ifa_west_merge,90039,ifa,CA,IFA,IFA_05,IFA,,06037,31080,0644000,"IFA Los Angeles-Long Beach-Anaheim, CA / Riverside-San Bernardino-Ontario, CA",0.0,no cell in the extract: territory at zero opportunity
ifa_west_merge,90040,ifa,CA,IFA,IFA_05,IFA,,06037,31080,0614974,"IFA Los Angeles-Long Beach-Anaheim, CA / Riverside-San Bernardino-Ontario, CA",0.0,no cell in the extract: territory at zero opportunity
ifa_west_merge,90041,ifa,CA,IFA,IFA_03,IFA,,06037,31080,0644000,"IFA Los Angeles-Long Beach-Anaheim, CA / San Jose-Sunnyvale-Santa Clara, CA",4.99705,
ifa_west_merge,90042,ifa,CA,IFA,IFA_05,IFA,,06037,31080,0644000,"IFA Los Angeles-Long Beach-Anaheim, CA / Riverside-San Bernardino-Ontario, CA",0.0,no cell in the extract: territory at zero opportunity
ifa_west_merge,90043,ifa,CA,IFA,IFA_03,IFA,,06037,31080,0644000,"IFA Los Angeles-Long Beach-Anaheim, CA / San Jose-Sunnyvale-Santa Clara, CA",0.0,no cell in the extract: territory at zero opportunity
ifa_west_merge,90044,ifa,CA,IFA,IFA_03,IFA,,06037,31080,0644000,"IFA Los Angeles-Long Beach-Anaheim, CA / San Jose-Sunnyvale-Santa Clara, CA",0.0,no cell in the extract: territory at zero opportunity
ifa_west_merge,90045,ifa,CA,IFA,IFA_03,IFA,,06037,31080,0644000,"IFA Los Angeles-Long Beach-Anaheim, CA / San Jose-Sunnyvale-Santa Clara, CA",0.967417,
ifa_west_merge,90046,ifa,CA,IFA,IFA_03,IFA,,06037,31080,0644000,"IFA Los Angeles-Long Beach-Anaheim, CA / San Jose-Sunnyvale-Santa Clara, CA",3.00174,
ifa_west_merge,90047,ifa,CA,IFA,IFA_05,IFA,,06037,31080,0644000,"IFA Los Angeles-Long Beach-Anaheim, CA / Riverside-San Bernardino-Ontario, CA",0.0,no cell in the extract: territory at zero opportunity
ifa_west_merge,90048,ifa,CA,IFA,IFA_03,IFA,,06037,31080,0644000,"IFA Los Angeles-Long Beach-Anaheim, CA / San Jose-Sunnyvale-Santa Clara, CA",0.782679,
ifa_west_merge,90049,ifa,CA,IFA,IFA_03,IFA,,06037,31080,0644000,"IFA Los Angeles-Long Beach-Anaheim, CA / San Jose-Sunnyvale-Santa Clara, CA",11.4455,
ifa_west_merge,90052,ifa,CA,IFA,IFA_03,IFA,,06037,31080,0644000,"IFA Los Angeles-Long Beach-Anaheim, CA / San Jose-Sunnyvale-Santa Clara, CA",0.0,no cell in the extract: territory at zero opportunity
ifa_west_merge,90056,ifa,CA,IFA,IFA_03,IFA,,06037,31080,0639108,"IFA Los Angeles-Long Beach-Anaheim, CA / San Jose-Sunnyvale-Santa Clara, CA",0.0324544,
ifa_west_merge,90057,ifa,CA,IFA,IFA_03,IFA,,06037,31080,0644000,"IFA Los Angeles-Long Beach-Anaheim, CA / San Jose-Sunnyvale-Santa Clara, CA",0.0,no cell in the extract: territory at zero opportunity
ifa_west_merge,90058,ifa,CA,IFA,IFA_03,IFA,,06037,31080,0682422,"IFA Los Angeles-Long Beach-Anaheim, CA / San Jose-Sunnyvale-Santa Clara, CA",0.0,no cell in the extract: territory at zero opportunity
ifa_west_merge,90059,ifa,CA,IFA,IFA_05,IFA,,06037,31080,0644000,"IFA Los Angeles-Long Beach-Anaheim, CA / Riverside-San Bernardino-Ontario, CA",0.0,no cell in the extract: territory at zero opportunity
ifa_west_merge,90061,ifa,CA,IFA,IFA_05,IFA,,06037,31080,0684780,"IFA Los Angeles-Long Beach-Anaheim, CA / Riverside-San Bernardino-Ontario, CA",0.0,no cell in the extract: territory at zero opportunity
ifa_west_merge,90062,ifa,CA,IFA,IFA_03,IFA,,06037,31080,0644000,"IFA Los Angeles-Long Beach-Anaheim, CA / San Jose-Sunnyvale-Santa Clara, CA",0.0,no cell in the extract: territory at zero opportunity
ifa_west_merge,90063,ifa,CA,IFA,IFA_05,IFA,,06037,31080,0620802,"IFA Los Angeles-Long Beach-Anaheim, CA / Riverside-San Bernardino-Ontario, CA",0.0,no cell in the extract: territory at zero opportunity
ifa_west_merge,90064,ifa,CA,IFA,IFA_03,IFA,,06037,31080,0644000,"IFA Los Angeles-Long Beach-Anaheim, CA / San Jose-Sunnyvale-Santa Clara, CA",7.63338,
ifa_west_merge,90065,ifa,CA,IFA,IFA_05,IFA,,06037,31080,0644000,"IFA Los Angeles-Long Beach-Anaheim, CA / Riverside-San Bernardino-Ontario, CA",0.0,no cell in the extract: territory at zero opportunity
ifa_west_merge,90066,ifa,CA,IFA,IFA_03,IFA,,06037,31080,0644000,"IFA Los Angeles-Long Beach-Anaheim, CA / San Jose-Sunnyvale-Santa Clara, CA",0.757069,
ifa_west_merge,90067,ifa,CA,IFA,IFA_03,IFA,,06037,31080,0644000,"IFA Los Angeles-Long Beach-Anaheim, CA / San Jose-Sunnyvale-Santa Clara, CA",4.75983,
ifa_west_merge,90068,ifa,CA,IFA,IFA_03,IFA,,06037,31080,0644000,"IFA Los Angeles-Long Beach-Anaheim, CA / San Jose-Sunnyvale-Santa Clara, CA",9.75586,
ifa_west_merge,90069,ifa,CA,IFA,IFA_03,IFA,,06037,31080,0644000,"IFA Los Angeles-Long Beach-Anaheim, CA / San Jose-Sunnyvale-Santa Clara, CA",0.129245,
ifa_west_merge,90071,ifa,CA,IFA,IFA_05,IFA,,06037,31080,0644000,"IFA Los Angeles-Long Beach-Anaheim, CA / Riverside-San Bernardino-Ontario, CA",32.4648,
ifa_west_merge,90073,ifa,CA,IFA,IFA_03,IFA,,06037,31080,,"IFA Los Angeles-Long Beach-Anaheim, CA / San Jose-Sunnyvale-Santa Clara, CA",0.0,no cell in the extract: territory at zero opportunity
ifa_west_merge,90077,ifa,CA,IFA,IFA_03,IFA,,06037,31080,0644000,"IFA Los Angeles-Long Beach-Anaheim, CA / San Jose-Sunnyvale-Santa Clara, CA",0.795451,
ifa_west_merge,90079,ifa,CA,IFA,IFA_03,IFA,,06037,31080,0644000,"IFA Los Angeles-Long Beach-Anaheim, CA / San Jose-Sunnyvale-Santa Clara, CA",0.0,no cell in the extract: territory at zero opportunity
ifa_west_merge,90089,ifa,CA,IFA,IFA_03,IFA,,06037,31080,0644000,"IFA Los Angeles-Long Beach-Anaheim, CA / San Jose-Sunnyvale-Santa Clara, CA",0.0,no cell in the extract: territory at zero opportunity
ifa_west_merge,90094,ifa,CA,IFA,IFA_03,IFA,,06037,31080,0644000,"IFA Los Angeles-Long Beach-Anaheim, CA / San Jose-Sunnyvale-Santa Clara, CA",0.0,no cell in the extract: territory at zero opportunity
ifa_west_merge,90095,ifa,CA,IFA,IFA_03,IFA,,06037,31080,0644000,"IFA Los Angeles-Long Beach-Anaheim, CA / San Jose-Sunnyvale-Santa Clara, CA",1.18381,
ifa_west_merge,90201,ifa,CA,IFA,IFA_05,IFA,,06037,31080,0604996,"IFA Los Angeles-Long Beach-Anaheim, CA / Riverside-San Bernardino-Ontario, CA",0.0,no cell in the extract: territory at zero opportunity
ifa_west_merge,90210,ifa,CA,IFA,IFA_03,IFA,,06037,31080,0644000,"IFA Los Angeles-Long Beach-Anaheim, CA / San Jose-Sunnyvale-Santa Clara, CA",0.735815,
ifa_west_merge,90211,ifa,CA,IFA,IFA_03,IFA,,06037,31080,0606308,"IFA Los Angeles-Long Beach-Anaheim, CA / San Jose-Sunnyvale-Santa Clara, CA",9.22913,
ifa_west_merge,90212,ifa,CA,IFA,IFA_03,IFA,,06037,31080,0606308,"IFA Los Angeles-Long Beach-Anaheim, CA / San Jose-Sunnyvale-Santa Clara, CA",4.58976,
ifa_west_merge,90220,ifa,CA,IFA,IFA_05,IFA,,06037,31080,0615044,"IFA Los Angeles-Long Beach-Anaheim, CA / Riverside-San Bernardino-Ontario, CA",0.0,no cell in the extract: territory at zero opportunity
ifa_west_merge,90221,ifa,CA,IFA,IFA_05,IFA,,06037,31080,0615044,"IFA Los Angeles-Long Beach-Anaheim, CA / Riverside-San Bernardino-Ontario, CA",0.0,no cell in the extract: territory at zero opportunity
ifa_west_merge,90222,ifa,CA,IFA,IFA_05,IFA,,06037,31080,0615044,"IFA Los Angeles-Long Beach-Anaheim, CA / Riverside-San Bernardino-Ontario, CA",0.0,no cell in the extract: territory at zero opportunity
ifa_west_merge,90230,ifa,CA,IFA,IFA_03,IFA,,06037,31080,0617568,"IFA Los Angeles-Long Beach-Anaheim, CA / San Jose-Sunnyvale-Santa Clara, CA",4.77145,
ifa_west_merge,90232,ifa,CA,IFA,IFA_03,IFA,,06037,31080,0617568,"IFA Los Angeles-Long Beach-Anaheim, CA / San Jose-Sunnyvale-Santa Clara, CA",0.217954,
ifa_west_merge,90240,ifa,CA,IFA,IFA_05,IFA,,06037,31080,0619766,"IFA Los Angeles-Long Beach-Anaheim, CA / Riverside-San Bernardino-Ontario, CA",0.0,no cell in the extract: territory at zero opportunity
ifa_west_merge,90241,ifa,CA,IFA,IFA_05,IFA,,06037,31080,0619766,"IFA Los Angeles-Long Beach-Anaheim, CA / Riverside-San Bernardino-Ontario, CA",0.222014,
ifa_west_merge,90242,ifa,CA,IFA,IFA_05,IFA,,06037,31080,0619766,"IFA Los Angeles-Long Beach-Anaheim, CA / Riverside-San Bernardino-Ontario, CA",6.37764,
ifa_west_merge,90245,ifa,CA,IFA,IFA_03,IFA,,06037,31080,0622412,"IFA Los Angeles-Long Beach-Anaheim, CA / San Jose-Sunnyvale-Santa Clara, CA",49.912,
ifa_west_merge,90247,ifa,CA,IFA,IFA_05,IFA,,06037,31080,0628168,"IFA Los Angeles-Long Beach-Anaheim, CA / Riverside-San Bernardino-Ontario, CA",0.0,no cell in the extract: territory at zero opportunity
ifa_west_merge,90248,ifa,CA,IFA,IFA_05,IFA,,06037,31080,0644000,"IFA Los Angeles-Long Beach-Anaheim, CA / Riverside-San Bernardino-Ontario, CA",1.72295,
ifa_west_merge,90249,ifa,CA,IFA,IFA_05,IFA,,06037,31080,0628168,"IFA Los Angeles-Long Beach-Anaheim, CA / Riverside-San Bernardino-Ontario, CA",0.0,no cell in the extract: territory at zero opportunity
ifa_west_merge,90250,ifa,CA,IFA,IFA_05,IFA,,06037,31080,0632548,"IFA Los Angeles-Long Beach-Anaheim, CA / Riverside-San Bernardino-Ontario, CA",3.29826,
ifa_west_merge,90254,ifa,CA,IFA,IFA_05,IFA,,06037,31080,0633364,"IFA Los Angeles-Long Beach-Anaheim, CA / Riverside-San Bernardino-Ontario, CA",22.5743,
ifa_west_merge,90255,ifa,CA,IFA,IFA_05,IFA,,06037,31080,0636056,"IFA Los Angeles-Long Beach-Anaheim, CA / Riverside-San Bernardino-Ontario, CA",0.0,no cell in the extract: territory at zero opportunity
ifa_west_merge,90260,ifa,CA,IFA,IFA_05,IFA,,06037,31080,0640886,"IFA Los Angeles-Long Beach-Anaheim, CA / Riverside-San Bernardino-Ontario, CA",0.0,no cell in the extract: territory at zero opportunity
ifa_west_merge,90262,ifa,CA,IFA,IFA_05,IFA,,06037,31080,0644574,"IFA Los Angeles-Long Beach-Anaheim, CA / Riverside-San Bernardino-Ontario, CA",0.0,no cell in the extract: territory at zero opportunity
ifa_west_merge,90263,ifa,CA,IFA,IFA_03,IFA,,06037,31080,0656598,"IFA Los Angeles-Long Beach-Anaheim, CA / San Jose-Sunnyvale-Santa Clara, CA",0.0,no cell in the extract: territory at zero opportunity
ifa_west_merge,90265,ifa,CA,IFA,IFA_03,IFA,,06037,31080,0645246,"IFA Los Angeles-Long Beach-Anaheim, CA / San Jose-Sunnyvale-Santa Clara, CA",0.0,no cell in the extract: territory at zero opportunity
ifa_west_merge,90266,ifa,CA,IFA,IFA_05,IFA,,06037,31080,0645400,"IFA Los Angeles-Long Beach-Anaheim, CA / Riverside-San Bernardino-Ontario, CA",15.3926,
ifa_west_merge,90270,ifa,CA,IFA,IFA_05,IFA,,06037,31080,0646492,"IFA Los Angeles-Long Beach-Anaheim, CA / Riverside-San Bernardino-Ontario, CA",0.0,no cell in the extract: territory at zero opportunity
ifa_west_merge,90272,ifa,CA,IFA,IFA_03,IFA,,06037,31080,0644000,"IFA Los Angeles-Long Beach-Anaheim, CA / San Jose-Sunnyvale-Santa Clara, CA",1.41119,
ifa_west_merge,90274,ifa,CA,IFA,IFA_05,IFA,,06037,31080,0655380,"IFA Los Angeles-Long Beach-Anaheim, CA / Riverside-San Bernardino-Ontario, CA",2.52899,
ifa_west_merge,90275,ifa,CA,IFA,IFA_05,IFA,,06037,31080,0659514,"IFA Los Angeles-Long Beach-Anaheim, CA / Riverside-San Bernardino-Ontario, CA",11.7753,
ifa_west_merge,90277,ifa,CA,IFA,IFA_05,IFA,,06037,31080,0660018,"IFA Los Angeles-Long Beach-Anaheim, CA / Riverside-San Bernardino-Ontario, CA",2.37297,
ifa_west_merge,90278,ifa,CA,IFA,IFA_05,IFA,,06037,31080,0660018,"IFA Los Angeles-Long Beach-Anaheim, CA / Riverside-San Bernardino-Ontario, CA",1.35669,
ifa_west_merge,90280,ifa,CA,IFA,IFA_05,IFA,,06037,31080,0673080,"IFA Los Angeles-Long Beach-Anaheim, CA / Riverside-San Bernardino-Ontario, CA",0.0,no cell in the extract: territory at zero opportunity
ifa_west_merge,90290,ifa,CA,IFA,IFA_03,IFA,,06037,31080,0678960,"IFA Los Angeles-Long Beach-Anaheim, CA / San Jose-Sunnyvale-Santa Clara, CA",0.0,no cell in the extract: territory at zero opportunity
ifa_west_merge,90291,ifa,CA,IFA,IFA_03,IFA,,06037,31080,0644000,"IFA Los Angeles-Long Beach-Anaheim, CA / San Jose-Sunnyvale-Santa Clara, CA",0.0,no cell in the extract: territory at zero opportunity
ifa_west_merge,90292,ifa,CA,IFA,IFA_03,IFA,,06037,31080,0644000,"IFA Los Angeles-Long Beach-Anaheim, CA / San Jose-Sunnyvale-Santa Clara, CA",0.341834,
ifa_west_merge,90293,ifa,CA,IFA,IFA_03,IFA,,06037,31080,0644000,"IFA Los Angeles-Long Beach-Anaheim, CA / San Jose-Sunnyvale-Santa Clara, CA",0.556816,
ifa_west_merge,90301,ifa,CA,IFA,IFA_03,IFA,,06037,31080,0636546,"IFA Los Angeles-Long Beach-Anaheim, CA / San Jose-Sunnyvale-Santa Clara, CA",0.0,no cell in the extract: territory at zero opportunity
ifa_west_merge,90302,ifa,CA,IFA,IFA_03,IFA,,06037,31080,0636546,"IFA Los Angeles-Long Beach-Anaheim, CA / San Jose-Sunnyvale-Santa Clara, CA",0.0,no cell in the extract: territory at zero opportunity
ifa_west_merge,90303,ifa,CA,IFA,IFA_05,IFA,,06037,31080,0636546,"IFA Los Angeles-Long Beach-Anaheim, CA / Riverside-San Bernardino-Ontario, CA",0.0,no cell in the extract: territory at zero opportunity
ifa_west_merge,90304,ifa,CA,IFA,IFA_03,IFA,,06037,31080,0641180,"IFA Los Angeles-Long Beach-Anaheim, CA / San Jose-Sunnyvale-Santa Clara, CA",0.0,no cell in the extract: territory at zero opportunity
ifa_west_merge,90305,ifa,CA,IFA,IFA_03,IFA,,06037,31080,0636546,"IFA Los Angeles-Long Beach-Anaheim, CA / San Jose-Sunnyvale-Santa Clara, CA",0.0,no cell in the extract: territory at zero opportunity
ifa_west_merge,90401,ifa,CA,IFA,IFA_03,IFA,,06037,31080,0670000,"IFA Los Angeles-Long Beach-Anaheim, CA / San Jose-Sunnyvale-Santa Clara, CA",1.34663,
ifa_west_merge,90402,ifa,CA,IFA,IFA_03,IFA,,06037,31080,0670000,"IFA Los Angeles-Long Beach-Anaheim, CA / San Jose-Sunnyvale-Santa Clara, CA",0.782907,
ifa_west_merge,90403,ifa,CA,IFA,IFA_03,IFA,,06037,31080,0670000,"IFA Los Angeles-Long Beach-Anaheim, CA / San Jose-Sunnyvale-Santa Clara, CA",0.0,no cell in the extract: territory at zero opportunity
ifa_west_merge,90404,ifa,CA,IFA,IFA_03,IFA,,06037,31080,0670000,"IFA Los Angeles-Long Beach-Anaheim, CA / San Jose-Sunnyvale-Santa Clara, CA",0.0,no cell in the extract: territory at zero opportunity
ifa_west_merge,90405,ifa,CA,IFA,IFA_03,IFA,,06037,31080,0670000,"IFA Los Angeles-Long Beach-Anaheim, CA / San Jose-Sunnyvale-Santa Clara, CA",1.31923,
ifa_west_merge,90501,ifa,CA,IFA,IFA_05,IFA,,06037,31080,0680000,"IFA Los Angeles-Long Beach-Anaheim, CA / Riverside-San Bernardino-Ontario, CA",9.95146,
ifa_west_merge,90502,ifa,CA,IFA,IFA_05,IFA,,06037,31080,0684144,"IFA Los Angeles-Long Beach-Anaheim, CA / Riverside-San Bernardino-Ontario, CA",0.827183,
ifa_west_merge,90503,ifa,CA,IFA,IFA_05,IFA,,06037,31080,0680000,"IFA Los Angeles-Long Beach-Anaheim, CA / Riverside-San Bernardino-Ontario, CA",35.9778,
ifa_west_merge,90504,ifa,CA,IFA,IFA_05,IFA,,06037,31080,0680000,"IFA Los Angeles-Long Beach-Anaheim, CA / Riverside-San Bernardino-Ontario, CA",1.38631,
ifa_west_merge,90505,ifa,CA,IFA,IFA_05,IFA,,06037,31080,0680000,"IFA Los Angeles-Long Beach-Anaheim, CA / Riverside-San Bernardino-Ontario, CA",12.8926,
ifa_west_merge,90506,ifa,CA,IFA,IFA_05,IFA,,06037,31080,0601150,"IFA Los Angeles-Long Beach-Anaheim, CA / Riverside-San Bernardino-Ontario, CA",0.0,no cell in the extract: territory at zero opportunity
ifa_west_merge,90601,ifa,CA,IFA,IFA_05,IFA,,06037,31080,0685292,"IFA Los Angeles-Long Beach-Anaheim, CA / Riverside-San Bernardino-Ontario, CA",0.397725,
ifa_west_merge,90602,ifa,CA,IFA,IFA_05,IFA,,06037,31080,0685292,"IFA Los Angeles-Long Beach-Anaheim, CA / Riverside-San Bernardino-Ontario, CA",2.86628,
ifa_west_merge,90603,ifa,CA,IFA,IFA_05,IFA,,06037,31080,0685292,"IFA Los Angeles-Long Beach-Anaheim, CA / Riverside-San Bernardino-Ontario, CA",4.60643,
ifa_west_merge,90604,ifa,CA,IFA,IFA_05,IFA,,06037,31080,0673430,"IFA Los Angeles-Long Beach-Anaheim, CA / Riverside-San Bernardino-Ontario, CA",0.0,no cell in the extract: territory at zero opportunity
ifa_west_merge,90605,ifa,CA,IFA,IFA_05,IFA,,06037,31080,0685292,"IFA Los Angeles-Long Beach-Anaheim, CA / Riverside-San Bernardino-Ontario, CA",0.424907,
ifa_west_merge,90606,ifa,CA,IFA,IFA_05,IFA,,06037,31080,0684921,"IFA Los Angeles-Long Beach-Anaheim, CA / Riverside-San Bernardino-Ontario, CA",0.0,no cell in the extract: territory at zero opportunity
ifa_west_merge,90620,ifa,CA,IFA,IFA_05,IFA,,06059,31080,0608786,"IFA Los Angeles-Long Beach-Anaheim, CA / Riverside-San Bernardino-Ontario, CA",3.0927,
ifa_west_merge,90621,ifa,CA,IFA,IFA_05,IFA,,06059,31080,0608786,"IFA Los Angeles-Long Beach-Anaheim, CA / Riverside-San Bernardino-Ontario, CA",1.96026,
ifa_west_merge,90623,ifa,CA,IFA,IFA_05,IFA,,06059,31080,0640256,"IFA Los Angeles-Long Beach-Anaheim, CA / Riverside-San Bernardino-Ontario, CA",0.556287,
ifa_west_merge,90630,ifa,CA,IFA,IFA_05,IFA,,06059,31080,0617750,"IFA Los Angeles-Long Beach-Anaheim, CA / Riverside-San Bernardino-Ontario, CA",7.97377,
ifa_west_merge,90631,ifa,CA,IFA,IFA_05,IFA,,06059,31080,0639290,"IFA Los Angeles-Long Beach-Anaheim, CA / Riverside-San Bernardino-Ontario, CA",0.368425,
ifa_west_merge,90638,ifa,CA,IFA,IFA_05,IFA,,06037,31080,0640032,"IFA Los Angeles-Long Beach-Anaheim, CA / Riverside-San Bernardino-Ontario, CA",4.64482,
ifa_west_merge,90639,ifa,CA,IFA,IFA_05,IFA,,06037,31080,0640032,"IFA Los Angeles-Long Beach-Anaheim, CA / Riverside-San Bernardino-Ontario, CA",0.0,no cell in the extract: territory at zero opportunity
ifa_west_merge,90640,ifa,CA,IFA,IFA_05,IFA,,06037,31080,0648816,"IFA Los Angeles-Long Beach-Anaheim, CA / Riverside-San Bernardino-Ontario, CA",0.0954541,
ifa_west_merge,90650,ifa,CA,IFA,IFA_05,IFA,,06037,31080,0652526,"IFA Los Angeles-Long Beach-Anaheim, CA / Riverside-San Bernardino-Ontario, CA",0.0930457,
ifa_west_merge,90660,ifa,CA,IFA,IFA_05,IFA,,06037,31080,0656924,"IFA Los Angeles-Long Beach-Anaheim, CA / Riverside-San Bernardino-Ontario, CA",0.0,no cell in the extract: territory at zero opportunity
ifa_west_merge,90670,ifa,CA,IFA,IFA_05,IFA,,06037,31080,0669154,"IFA Los Angeles-Long Beach-Anaheim, CA / Riverside-San Bernardino-Ontario, CA",0.0,no cell in the extract: territory at zero opportunity
ifa_west_merge,90680,ifa,CA,IFA,IFA_05,IFA,,06059,31080,0673962,"IFA Los Angeles-Long Beach-Anaheim, CA / Riverside-San Bernardino-Ontario, CA",0.0,no cell in the extract: territory at zero opportunity
ifa_west_merge,90701,ifa,CA,IFA,IFA_05,IFA,,06037,31080,0602896,"IFA Los Angeles-Long Beach-Anaheim, CA / Riverside-San Bernardino-Ontario, CA",0.000556816,
ifa_west_merge,90703,ifa,CA,IFA,IFA_05,IFA,,06037,31080,0612552,"IFA Los Angeles-Long Beach-Anaheim, CA / Riverside-San Bernardino-Ontario, CA",6.17559,
ifa_west_merge,90704,ifa,CA,IFA,IFA_05,IFA,,06037,31080,0603274,"IFA Los Angeles-Long Beach-Anaheim, CA / Riverside-San Bernardino-Ontario, CA",0.0,no cell in the extract: territory at zero opportunity
ifa_west_merge,90706,ifa,CA,IFA,IFA_05,IFA,,06037,31080,0604982,"IFA Los Angeles-Long Beach-Anaheim, CA / Riverside-San Bernardino-Ontario, CA",0.0,no cell in the extract: territory at zero opportunity
ifa_west_merge,90710,ifa,CA,IFA,IFA_05,IFA,,06037,31080,0644000,"IFA Los Angeles-Long Beach-Anaheim, CA / Riverside-San Bernardino-Ontario, CA",0.0,no cell in the extract: territory at zero opportunity
ifa_west_merge,90712,ifa,CA,IFA,IFA_05,IFA,,06037,31080,0639892,"IFA Los Angeles-Long Beach-Anaheim, CA / Riverside-San Bernardino-Ontario, CA",0.854881,
ifa_west_merge,90713,ifa,CA,IFA,IFA_05,IFA,,06037,31080,0639892,"IFA Los Angeles-Long Beach-Anaheim, CA / Riverside-San Bernardino-Ontario, CA",0.389594,
ifa_west_merge,90715,ifa,CA,IFA,IFA_05,IFA,,06037,31080,0639892,"IFA Los Angeles-Long Beach-Anaheim, CA / Riverside-San Bernardino-Ontario, CA",0.0,no cell in the extract: territory at zero opportunity
ifa_west_merge,90716,ifa,CA,IFA,IFA_05,IFA,,06037,31080,0632506,"IFA Los Angeles-Long Beach-Anaheim, CA / Riverside-San Bernardino-Ontario, CA",0.0,no cell in the extract: territory at zero opportunity
ifa_west_merge,90717,ifa,CA,IFA,IFA_05,IFA,,06037,31080,0642468,"IFA Los Angeles-Long Beach-Anaheim, CA / Riverside-San Bernardino-Ontario, CA",1.65411,
ifa_west_merge,90720,ifa,CA,IFA,IFA_05,IFA,,06059,31080,0643224,"IFA Los Angeles-Long Beach-Anaheim, CA / Riverside-San Bernardino-Ontario, CA",22.3077,
ifa_west_merge,90723,ifa,CA,IFA,IFA_05,IFA,,06037,31080,0655618,"IFA Los Angeles-Long Beach-Anaheim, CA / Riverside-San Bernardino-Ontario, CA",0.0,no cell in the extract: territory at zero opportunity
ifa_west_merge,90731,ifa,CA,IFA,IFA_05,IFA,,06037,31080,0644000,"IFA Los Angeles-Long Beach-Anaheim, CA / Riverside-San Bernardino-Ontario, CA",12.1162,
ifa_west_merge,90732,ifa,CA,IFA,IFA_05,IFA,,06037,31080,0644000,"IFA Los Angeles-Long Beach-Anaheim, CA / Riverside-San Bernardino-Ontario, CA",3.28875,
ifa_west_merge,90740,ifa,CA,IFA,IFA_05,IFA,,06059,31080,0670686,"IFA Los Angeles-Long Beach-Anaheim, CA / Riverside-San Bernardino-Ontario, CA",14.8777,
ifa_west_merge,90742,ifa,CA,IFA,IFA_05,IFA,,06059,31080,0636000,"IFA Los Angeles-Long Beach-Anaheim, CA / Riverside-San Bernardino-Ontario, CA",0.0,no cell in the extract: territory at zero opportunity
ifa_west_merge,90743,ifa,CA,IFA,IFA_05,IFA,,06059,31080,0670686,"IFA Los Angeles-Long Beach-Anaheim, CA / Riverside-San Bernardino-Ontario, CA",0.0,no cell in the extract: territory at zero opportunity
ifa_west_merge,90744,ifa,CA,IFA,IFA_05,IFA,,06037,31080,0644000,"IFA Los Angeles-Long Beach-Anaheim, CA / Riverside-San Bernardino-Ontario, CA",0.0,no cell in the extract: territory at zero opportunity
ifa_west_merge,90745,ifa,CA,IFA,IFA_05,IFA,,06037,31080,0611530,"IFA Los Angeles-Long Beach-Anaheim, CA / Riverside-San Bernardino-Ontario, CA",0.0,no cell in the extract: territory at zero opportunity
ifa_west_merge,90746,ifa,CA,IFA,IFA_05,IFA,,06037,31080,0611530,"IFA Los Angeles-Long Beach-Anaheim, CA / Riverside-San Bernardino-Ontario, CA",0.139204,
ifa_west_merge,90747,ifa,CA,IFA,IFA_05,IFA,,06037,31080,0611530,"IFA Los Angeles-Long Beach-Anaheim, CA / Riverside-San Bernardino-Ontario, CA",0.0,no cell in the extract: territory at zero opportunity
ifa_west_merge,90755,ifa,CA,IFA,IFA_05,IFA,,06037,31080,0671876,"IFA Los Angeles-Long Beach-Anaheim, CA / Riverside-San Bernardino-Ontario, CA",0.0,no cell in the extract: territory at zero opportunity
ifa_west_merge,90802,ifa,CA,IFA,IFA_05,IFA,,06037,31080,0643000,"IFA Los Angeles-Long Beach-Anaheim, CA / Riverside-San Bernardino-Ontario, CA",12.294,
ifa_west_merge,90803,ifa,CA,IFA,IFA_05,IFA,,06037,31080,0643000,"IFA Los Angeles-Long Beach-Anaheim, CA / Riverside-San Bernardino-Ontario, CA",8.54021,
ifa_west_merge,90804,ifa,CA,IFA,IFA_05,IFA,,06037,31080,0643000,"IFA Los Angeles-Long Beach-Anaheim, CA / Riverside-San Bernardino-Ontario, CA",2.81021,
ifa_west_merge,90805,ifa,CA,IFA,IFA_05,IFA,,06037,31080,0643000,"IFA Los Angeles-Long Beach-Anaheim, CA / Riverside-San Bernardino-Ontario, CA",0.0,no cell in the extract: territory at zero opportunity
ifa_west_merge,90806,ifa,CA,IFA,IFA_05,IFA,,06037,31080,0643000,"IFA Los Angeles-Long Beach-Anaheim, CA / Riverside-San Bernardino-Ontario, CA",14.6786,
ifa_west_merge,90807,ifa,CA,IFA,IFA_05,IFA,,06037,31080,0643000,"IFA Los Angeles-Long Beach-Anaheim, CA / Riverside-San Bernardino-Ontario, CA",3.13294,
ifa_west_merge,90808,ifa,CA,IFA,IFA_05,IFA,,06037,31080,0643000,"IFA Los Angeles-Long Beach-Anaheim, CA / Riverside-San Bernardino-Ontario, CA",3.8337,
ifa_west_merge,90810,ifa,CA,IFA,IFA_05,IFA,,06037,31080,0611530,"IFA Los Angeles-Long Beach-Anaheim, CA / Riverside-San Bernardino-Ontario, CA",0.0,no cell in the extract: territory at zero opportunity
ifa_west_merge,90813,ifa,CA,IFA,IFA_05,IFA,,06037,31080,0643000,"IFA Los Angeles-Long Beach-Anaheim, CA / Riverside-San Bernardino-Ontario, CA",0.0,no cell in the extract: territory at zero opportunity
ifa_west_merge,90814,ifa,CA,IFA,IFA_05,IFA,,06037,31080,0643000,"IFA Los Angeles-Long Beach-Anaheim, CA / Riverside-San Bernardino-Ontario, CA",0.924816,
ifa_west_merge,90815,ifa,CA,IFA,IFA_05,IFA,,06037,31080,0643000,"IFA Los Angeles-Long Beach-Anaheim, CA / Riverside-San Bernardino-Ontario, CA",19.2608,
ifa_west_merge,90822,ifa,CA,IFA,IFA_05,IFA,,06037,31080,0643000,"IFA Los Angeles-Long Beach-Anaheim, CA / Riverside-San Bernardino-Ontario, CA",0.0,no cell in the extract: territory at zero opportunity
ifa_west_merge,90831,ifa,CA,IFA,IFA_05,IFA,,06037,31080,0643000,"IFA Los Angeles-Long Beach-Anaheim, CA / Riverside-San Bernardino-Ontario, CA",0.0,no cell in the extract: territory at zero opportunity
ifa_west_merge,90840,ifa,CA,IFA,IFA_05,IFA,,06037,31080,0643000,"IFA Los Angeles-Long Beach-Anaheim, CA / Riverside-San Bernardino-Ontario, CA",0.0,no cell in the extract: territory at zero opportunity
ifa_west_merge,91001,ifa,CA,IFA,IFA_03,IFA,,06037,31080,0601290,"IFA Los Angeles-Long Beach-Anaheim, CA / San Jose-Sunnyvale-Santa Clara, CA",0.467099,
ifa_west_merge,91006,ifa,CA,IFA,IFA_05,IFA,,06037,31080,0602462,"IFA Los Angeles-Long Beach-Anaheim, CA / Riverside-San Bernardino-Ontario, CA",2.13066,
ifa_west_merge,91007,ifa,CA,IFA,IFA_05,IFA,,06037,31080,0602462,"IFA Los Angeles-Long Beach-Anaheim, CA / Riverside-San Bernardino-Ontario, CA",3.06697,
ifa_west_merge,91008,ifa,CA,IFA,IFA_05,IFA,,06037,31080,0607946,"IFA Los Angeles-Long Beach-Anaheim, CA / Riverside-San Bernardino-Ontario, CA",0.0,no cell in the extract: territory at zero opportunity
ifa_west_merge,91010,ifa,CA,IFA,IFA_05,IFA,,06037,31080,0619990,"IFA Los Angeles-Long Beach-Anaheim, CA / Riverside-San Bernardino-Ontario, CA",0.015909,
ifa_west_merge,91011,ifa,CA,IFA,IFA_03,IFA,,06037,31080,0639003,"IFA Los Angeles-Long Beach-Anaheim, CA / San Jose-Sunnyvale-Santa Clara, CA",0.229341,
ifa_west_merge,91016,ifa,CA,IFA,IFA_05,IFA,,06037,31080,0648648,"IFA Los Angeles-Long Beach-Anaheim, CA / Riverside-San Bernardino-Ontario, CA",25.9929,
ifa_west_merge,91020,ifa,CA,IFA,IFA_03,IFA,,06037,31080,0639045,"IFA Los Angeles-Long Beach-Anaheim, CA / San Jose-Sunnyvale-Santa Clara, CA",0.228094,
ifa_west_merge,91024,ifa,CA,IFA,IFA_05,IFA,,06037,31080,0671806,"IFA Los Angeles-Long Beach-Anaheim, CA / Riverside-San Bernardino-Ontario, CA",0.0,no cell in the extract: territory at zero opportunity
ifa_west_merge,91030,ifa,CA,IFA,IFA_05,IFA,,06037,31080,0673220,"IFA Los Angeles-Long Beach-Anaheim, CA / Riverside-San Bernardino-Ontario, CA",5.08546,
ifa_west_merge,91040,ifa,CA,IFA,IFA_03,IFA,,06037,31080,0644000,"IFA Los Angeles-Long Beach-Anaheim, CA / San Jose-Sunnyvale-Santa Clara, CA",0.0,no cell in the extract: territory at zero opportunity
ifa_west_merge,91042,ifa,CA,IFA,IFA_03,IFA,,06037,31080,0644000,"IFA Los Angeles-Long Beach-Anaheim, CA / San Jose-Sunnyvale-Santa Clara, CA",0.0,no cell in the extract: territory at zero opportunity
ifa_west_merge,91046,ifa,CA,IFA,IFA_03,IFA,,06037,31080,0630000,"IFA Los Angeles-Long Beach-Anaheim, CA / San Jose-Sunnyvale-Santa Clara, CA",0.0,no cell in the extract: territory at zero opportunity
ifa_west_merge,91101,ifa,CA,IFA,IFA_05,IFA,,06037,31080,0656000,"IFA Los Angeles-Long Beach-Anaheim, CA / Riverside-San Bernardino-Ontario, CA",83.6822,
ifa_west_merge,91103,ifa,CA,IFA,IFA_03,IFA,,06037,31080,0656000,"IFA Los Angeles-Long Beach-Anaheim, CA / San Jose-Sunnyvale-Santa Clara, CA",0.306803,
ifa_west_merge,91104,ifa,CA,IFA,IFA_03,IFA,,06037,31080,0656000,"IFA Los Angeles-Long Beach-Anaheim, CA / San Jose-Sunnyvale-Santa Clara, CA",2.45735,
ifa_west_merge,91105,ifa,CA,IFA,IFA_05,IFA,,06037,31080,0656000,"IFA Los Angeles-Long Beach-Anaheim, CA / Riverside-San Bernardino-Ontario, CA",34.7553,
ifa_west_merge,91106,ifa,CA,IFA,IFA_05,IFA,,06037,31080,0656000,"IFA Los Angeles-Long Beach-Anaheim, CA / Riverside-San Bernardino-Ontario, CA",0.437498,
ifa_west_merge,91107,ifa,CA,IFA,IFA_05,IFA,,06037,31080,0656000,"IFA Los Angeles-Long Beach-Anaheim, CA / Riverside-San Bernardino-Ontario, CA",6.87272,
ifa_west_merge,91108,ifa,CA,IFA,IFA_05,IFA,,06037,31080,0668224,"IFA Los Angeles-Long Beach-Anaheim, CA / Riverside-San Bernardino-Ontario, CA",3.93758,
ifa_west_merge,91125,ifa,CA,IFA,IFA_05,IFA,,06037,31080,0656000,"IFA Los Angeles-Long Beach-Anaheim, CA / Riverside-San Bernardino-Ontario, CA",0.0,no cell in the extract: territory at zero opportunity
ifa_west_merge,91201,ifa,CA,IFA,IFA_03,IFA,,06037,31080,0630000,"IFA Los Angeles-Long Beach-Anaheim, CA / San Jose-Sunnyvale-Santa Clara, CA",0.0,no cell in the extract: territory at zero opportunity
ifa_west_merge,91202,ifa,CA,IFA,IFA_03,IFA,,06037,31080,0630000,"IFA Los Angeles-Long Beach-Anaheim, CA / San Jose-Sunnyvale-Santa Clara, CA",0.00804002,
ifa_west_merge,91203,ifa,CA,IFA,IFA_03,IFA,,06037,31080,0630000,"IFA Los Angeles-Long Beach-Anaheim, CA / San Jose-Sunnyvale-Santa Clara, CA",8.62241,
ifa_west_merge,91204,ifa,CA,IFA,IFA_05,IFA,,06037,31080,0630000,"IFA Los Angeles-Long Beach-Anaheim, CA / Riverside-San Bernardino-Ontario, CA",0.0128863,
ifa_west_merge,91205,ifa,CA,IFA,IFA_03,IFA,,06037,31080,0630000,"IFA Los Angeles-Long Beach-Anaheim, CA / San Jose-Sunnyvale-Santa Clara, CA",2.85287,
ifa_west_merge,91206,ifa,CA,IFA,IFA_03,IFA,,06037,31080,0630000,"IFA Los Angeles-Long Beach-Anaheim, CA / San Jose-Sunnyvale-Santa Clara, CA",0.0231228,
ifa_west_merge,91207,ifa,CA,IFA,IFA_03,IFA,,06037,31080,0630000,"IFA Los Angeles-Long Beach-Anaheim, CA / San Jose-Sunnyvale-Santa Clara, CA",0.0,no cell in the extract: territory at zero opportunity
ifa_west_merge,91208,ifa,CA,IFA,IFA_03,IFA,,06037,31080,0630000,"IFA Los Angeles-Long Beach-Anaheim, CA / San Jose-Sunnyvale-Santa Clara, CA",1.34495,
ifa_west_merge,91210,ifa,CA,IFA,IFA_03,IFA,,06037,31080,0630000,"IFA Los Angeles-Long Beach-Anaheim, CA / San Jose-Sunnyvale-Santa Clara, CA",1.3867,
ifa_west_merge,91214,ifa,CA,IFA,IFA_03,IFA,,06037,31080,0630000,"IFA Los Angeles-Long Beach-Anaheim, CA / San Jose-Sunnyvale-Santa Clara, CA",0.868237,
ifa_west_merge,91301,ifa,CA,IFA,IFA_03,IFA,,06037,31080,0600394,"IFA Los Angeles-Long Beach-Anaheim, CA / San Jose-Sunnyvale-Santa Clara, CA",4.5564,
ifa_west_merge,91302,ifa,CA,IFA,IFA_03,IFA,,06037,31080,0609598,"IFA Los Angeles-Long Beach-Anaheim, CA / San Jose-Sunnyvale-Santa Clara, CA",15.9096,
ifa_west_merge,91303,ifa,CA,IFA,IFA_03,IFA,,06037,31080,0644000,"IFA Los Angeles-Long Beach-Anaheim, CA / San Jose-Sunnyvale-Santa Clara, CA",0.0,no cell in the extract: territory at zero opportunity
ifa_west_merge,91304,ifa,CA,IFA,IFA_03,IFA,,06037,31080,0644000,"IFA Los Angeles-Long Beach-Anaheim, CA / San Jose-Sunnyvale-Santa Clara, CA",20.0705,
ifa_west_merge,91306,ifa,CA,IFA,IFA_03,IFA,,06037,31080,0644000,"IFA Los Angeles-Long Beach-Anaheim, CA / San Jose-Sunnyvale-Santa Clara, CA",0.0,no cell in the extract: territory at zero opportunity
ifa_west_merge,91307,ifa,CA,IFA,IFA_03,IFA,,06037,31080,0644000,"IFA Los Angeles-Long Beach-Anaheim, CA / San Jose-Sunnyvale-Santa Clara, CA",0.445504,
ifa_west_merge,91311,ifa,CA,IFA,IFA_03,IFA,,06037,31080,0644000,"IFA Los Angeles-Long Beach-Anaheim, CA / San Jose-Sunnyvale-Santa Clara, CA",1.02222,
ifa_west_merge,91316,ifa,CA,IFA,IFA_03,IFA,,06037,31080,0644000,"IFA Los Angeles-Long Beach-Anaheim, CA / San Jose-Sunnyvale-Santa Clara, CA",20.7852,
ifa_west_merge,91320,ifa,CA,IFA,IFA_03,IFA,,06111,37100,0678582,"IFA Los Angeles-Long Beach-Anaheim, CA / San Jose-Sunnyvale-Santa Clara, CA",1.6439,
ifa_west_merge,91321,ifa,CA,IFA,IFA_03,IFA,,06037,31080,0669088,"IFA Los Angeles-Long Beach-Anaheim, CA / San Jose-Sunnyvale-Santa Clara, CA",5.96318,
ifa_west_merge,91324,ifa,CA,IFA,IFA_03,IFA,,06037,31080,0644000,"IFA Los Angeles-Long Beach-Anaheim, CA / San Jose-Sunnyvale-Santa Clara, CA",4.33586,
ifa_west_merge,91325,ifa,CA,IFA,IFA_03,IFA,,06037,31080,0644000,"IFA Los Angeles-Long Beach-Anaheim, CA / San Jose-Sunnyvale-Santa Clara, CA",0.0,no cell in the extract: territory at zero opportunity
ifa_west_merge,91326,ifa,CA,IFA,IFA_03,IFA,,06037,31080,0644000,"IFA Los Angeles-Long Beach-Anaheim, CA / San Jose-Sunnyvale-Santa Clara, CA",2.2385,
ifa_west_merge,91330,ifa,CA,IFA,IFA_03,IFA,,06037,31080,0644000,"IFA Los Angeles-Long Beach-Anaheim, CA / San Jose-Sunnyvale-Santa Clara, CA",0.0,no cell in the extract: territory at zero opportunity
ifa_west_merge,91331,ifa,CA,IFA,IFA_03,IFA,,06037,31080,0644000,"IFA Los Angeles-Long Beach-Anaheim, CA / San Jose-Sunnyvale-Santa Clara, CA",0.0,no cell in the extract: territory at zero opportunity
ifa_west_merge,91335,ifa,CA,IFA,IFA_03,IFA,,06037,31080,0644000,"IFA Los Angeles-Long Beach-Anaheim, CA / San Jose-Sunnyvale-Santa Clara, CA",0.0,no cell in the extract: territory at zero opportunity
ifa_west_merge,91340,ifa,CA,IFA,IFA_03,IFA,,06037,31080,0666140,"IFA Los Angeles-Long Beach-Anaheim, CA / San Jose-Sunnyvale-Santa Clara, CA",0.0,no cell in the extract: territory at zero opportunity
ifa_west_merge,91342,ifa,CA,IFA,IFA_03,IFA,,06037,31080,0644000,"IFA Los Angeles-Long Beach-Anaheim, CA / San Jose-Sunnyvale-Santa Clara, CA",0.0644776,
ifa_west_merge,91343,ifa,CA,IFA,IFA_03,IFA,,06037,31080,0644000,"IFA Los Angeles-Long Beach-Anaheim, CA / San Jose-Sunnyvale-Santa Clara, CA",0.137055,
ifa_west_merge,91344,ifa,CA,IFA,IFA_03,IFA,,06037,31080,0644000,"IFA Los Angeles-Long Beach-Anaheim, CA / San Jose-Sunnyvale-Santa Clara, CA",0.0,no cell in the extract: territory at zero opportunity
ifa_west_merge,91345,ifa,CA,IFA,IFA_03,IFA,,06037,31080,0644000,"IFA Los Angeles-Long Beach-Anaheim, CA / San Jose-Sunnyvale-Santa Clara, CA",0.15756,
ifa_west_merge,91350,ifa,CA,IFA,IFA_03,IFA,,06037,31080,0669088,"IFA Los Angeles-Long Beach-Anaheim, CA / San Jose-Sunnyvale-Santa Clara, CA",1.90448,
ifa_west_merge,91351,ifa,CA,IFA,IFA_03,IFA,,06037,31080,0669088,"IFA Los Angeles-Long Beach-Anaheim, CA / San Jose-Sunnyvale-Santa Clara, CA",1.65946,
ifa_west_merge,91352,ifa,CA,IFA,IFA_03,IFA,,06037,31080,0644000,"IFA Los Angeles-Long Beach-Anaheim, CA / San Jose-Sunnyvale-Santa Clara, CA",0.242346,
ifa_west_merge,91354,ifa,CA,IFA,IFA_03,IFA,,06037,31080,0669088,"IFA Los Angeles-Long Beach-Anaheim, CA / San Jose-Sunnyvale-Santa Clara, CA",0.602076,
ifa_west_merge,91355,ifa,CA,IFA,IFA_03,IFA,,06037,31080,0669088,"IFA Los Angeles-Long Beach-Anaheim, CA / San Jose-Sunnyvale-Santa Clara, CA",24.2493,
ifa_west_merge,91356,ifa,CA,IFA,IFA_03,IFA,,06037,31080,0644000,"IFA Los Angeles-Long Beach-Anaheim, CA / San Jose-Sunnyvale-Santa Clara, CA",9.25227,
ifa_west_merge,91360,ifa,CA,IFA,IFA_03,IFA,,06111,37100,0678582,"IFA Los Angeles-Long Beach-Anaheim, CA / San Jose-Sunnyvale-Santa Clara, CA",7.65829,
ifa_west_merge,91361,ifa,CA,IFA,IFA_03,IFA,,06111,37100,0678582,"IFA Los Angeles-Long Beach-Anaheim, CA / San Jose-Sunnyvale-Santa Clara, CA",35.5279,
ifa_west_merge,91362,ifa,CA,IFA,IFA_03,IFA,,06111,37100,0678582,"IFA Los Angeles-Long Beach-Anaheim, CA / San Jose-Sunnyvale-Santa Clara, CA",44.0644,
ifa_west_merge,91364,ifa,CA,IFA,IFA_03,IFA,,06037,31080,0644000,"IFA Los Angeles-Long Beach-Anaheim, CA / San Jose-Sunnyvale-Santa Clara, CA",4.53822,
ifa_west_merge,91367,ifa,CA,IFA,IFA_03,IFA,,06037,31080,0644000,"IFA Los Angeles-Long Beach-Anaheim, CA / San Jose-Sunnyvale-Santa Clara, CA",19.8311,
ifa_west_merge,91371,ifa,CA,IFA,IFA_03,IFA,,06037,31080,0644000,"IFA Los Angeles-Long Beach-Anaheim, CA / San Jose-Sunnyvale-Santa Clara, CA",0.0,no cell in the extract: territory at zero opportunity
ifa_west_merge,91377,ifa,CA,IFA,IFA_03,IFA,,06111,37100,0653116,"IFA Los Angeles-Long Beach-Anaheim, CA / San Jose-Sunnyvale-Santa Clara, CA",0.0,no cell in the extract: territory at zero opportunity
ifa_west_merge,91381,ifa,CA,IFA,IFA_03,IFA,,06037,31080,0674130,"IFA Los Angeles-Long Beach-Anaheim, CA / San Jose-Sunnyvale-Santa Clara, CA",12.1185,
ifa_west_merge,91384,ifa,CA,IFA,IFA_03,IFA,,06037,31080,0611796,"IFA Los Angeles-Long Beach-Anaheim, CA / San Jose-Sunnyvale-Santa Clara, CA",0.00429543,
ifa_west_merge,91387,ifa,CA,IFA,IFA_03,IFA,,06037,31080,0669088,"IFA Los Angeles-Long Beach-Anaheim, CA / San Jose-Sunnyvale-Santa Clara, CA",1.66388,
ifa_west_merge,91390,ifa,CA,IFA,IFA_03,IFA,,06037,31080,0600450,"IFA Los Angeles-Long Beach-Anaheim, CA / San Jose-Sunnyvale-Santa Clara, CA",0.27869,
ifa_west_merge,91401,ifa,CA,IFA,IFA_03,IFA,,06037,31080,0644000,"IFA Los Angeles-Long Beach-Anaheim, CA / San Jose-Sunnyvale-Santa Clara, CA",0.954541,
ifa_west_merge,91402,ifa,CA,IFA,IFA_03,IFA,,06037,31080,0644000,"IFA Los Angeles-Long Beach-Anaheim, CA / San Jose-Sunnyvale-Santa Clara, CA",0.0250567,
ifa_west_merge,91403,ifa,CA,IFA,IFA_03,IFA,,06037,31080,0644000,"IFA Los Angeles-Long Beach-Anaheim, CA / San Jose-Sunnyvale-Santa Clara, CA",8.8291,
ifa_west_merge,91405,ifa,CA,IFA,IFA_03,IFA,,06037,31080,0644000,"IFA Los Angeles-Long Beach-Anaheim, CA / San Jose-Sunnyvale-Santa Clara, CA",0.0,no cell in the extract: territory at zero opportunity
ifa_west_merge,91406,ifa,CA,IFA,IFA_03,IFA,,06037,31080,0644000,"IFA Los Angeles-Long Beach-Anaheim, CA / San Jose-Sunnyvale-Santa Clara, CA",0.00747724,
ifa_west_merge,91411,ifa,CA,IFA,IFA_03,IFA,,06037,31080,0644000,"IFA Los Angeles-Long Beach-Anaheim, CA / San Jose-Sunnyvale-Santa Clara, CA",0.31818,
ifa_west_merge,91423,ifa,CA,IFA,IFA_03,IFA,,06037,31080,0644000,"IFA Los Angeles-Long Beach-Anaheim, CA / San Jose-Sunnyvale-Santa Clara, CA",0.952902,
ifa_west_merge,91436,ifa,CA,IFA,IFA_03,IFA,,06037,31080,0644000,"IFA Los Angeles-Long Beach-Anaheim, CA / San Jose-Sunnyvale-Santa Clara, CA",15.351,
ifa_west_merge,91501,ifa,CA,IFA,IFA_03,IFA,,06037,31080,0608954,"IFA Los Angeles-Long Beach-Anaheim, CA / San Jose-Sunnyvale-Santa Clara, CA",0.0,no cell in the extract: territory at zero opportunity
ifa_west_merge,91502,ifa,CA,IFA,IFA_03,IFA,,06037,31080,0608954,"IFA Los Angeles-Long Beach-Anaheim, CA / San Jose-Sunnyvale-Santa Clara, CA",5.31597,
ifa_west_merge,91504,ifa,CA,IFA,IFA_03,IFA,,06037,31080,0608954,"IFA Los Angeles-Long Beach-Anaheim, CA / San Jose-Sunnyvale-Santa Clara, CA",0.133997,
ifa_west_merge,91505,ifa,CA,IFA,IFA_03,IFA,,06037,31080,0608954,"IFA Los Angeles-Long Beach-Anaheim, CA / San Jose-Sunnyvale-Santa Clara, CA",4.38347,
ifa_west_merge,91506,ifa,CA,IFA,IFA_03,IFA,,06037,31080,0608954,"IFA Los Angeles-Long Beach-Anaheim, CA / San Jose-Sunnyvale-Santa Clara, CA",0.0636392,
ifa_west_merge,91601,ifa,CA,IFA,IFA_03,IFA,,06037,31080,0644000,"IFA Los Angeles-Long Beach-Anaheim, CA / San Jose-Sunnyvale-Santa Clara, CA",0.0,no cell in the extract: territory at zero opportunity
ifa_west_merge,91602,ifa,CA,IFA,IFA_03,IFA,,06037,31080,0644000,"IFA Los Angeles-Long Beach-Anaheim, CA / San Jose-Sunnyvale-Santa Clara, CA",0.216691,
ifa_west_merge,91604,ifa,CA,IFA,IFA_03,IFA,,06037,31080,0644000,"IFA Los Angeles-Long Beach-Anaheim, CA / San Jose-Sunnyvale-Santa Clara, CA",2.844,
ifa_west_merge,91605,ifa,CA,IFA,IFA_03,IFA,,06037,31080,0644000,"IFA Los Angeles-Long Beach-Anaheim, CA / San Jose-Sunnyvale-Santa Clara, CA",0.0,no cell in the extract: territory at zero opportunity
ifa_west_merge,91606,ifa,CA,IFA,IFA_03,IFA,,06037,31080,0644000,"IFA Los Angeles-Long Beach-Anaheim, CA / San Jose-Sunnyvale-Santa Clara, CA",0.0,no cell in the extract: territory at zero opportunity
ifa_west_merge,91607,ifa,CA,IFA,IFA_03,IFA,,06037,31080,0644000,"IFA Los Angeles-Long Beach-Anaheim, CA / San Jose-Sunnyvale-Santa Clara, CA",0.0,no cell in the extract: territory at zero opportunity
ifa_west_merge,91608,ifa,CA,IFA,IFA_03,IFA,,06037,31080,0644000,"IFA Los Angeles-Long Beach-Anaheim, CA / San Jose-Sunnyvale-Santa Clara, CA",0.0,no cell in the extract: territory at zero opportunity
ifa_west_merge,91701,ifa,CA,IFA,IFA_05,IFA,,06071,40140,0659451,"IFA Los Angeles-Long Beach-Anaheim, CA / Riverside-San Bernardino-Ontario, CA",0.397186,
ifa_west_merge,91702,ifa,CA,IFA,IFA_03,IFA,,06037,31080,0603386,"IFA Los Angeles-Long Beach-Anaheim, CA / San Jose-Sunnyvale-Santa Clara, CA",0.278674,
ifa_west_merge,91706,ifa,CA,IFA,IFA_05,IFA,,06037,31080,0636826,"IFA Los Angeles-Long Beach-Anaheim, CA / Riverside-San Bernardino-Ontario, CA",0.0,no cell in the extract: territory at zero opportunity
ifa_west_merge,91708,ifa,CA,IFA,IFA_05,IFA,,06071,40140,0613210,"IFA Los Angeles-Long Beach-Anaheim, CA / Riverside-San Bernardino-Ontario, CA",1.27105,
ifa_west_merge,91709,ifa,CA,IFA,IFA_05,IFA,,06071,40140,0613214,"IFA Los Angeles-Long Beach-Anaheim, CA / Riverside-San Bernardino-Ontario, CA",2.35295,
ifa_west_merge,91710,ifa,CA,IFA,IFA_05,IFA,,06071,40140,0613210,"IFA Los Angeles-Long Beach-Anaheim, CA / Riverside-San Bernardino-Ontario, CA",1.03408,
ifa_west_merge,91711,ifa,CA,IFA,IFA_05,IFA,,06037,31080,0613756,"IFA Los Angeles-Long Beach-Anaheim, CA / Riverside-San Bernardino-Ontario, CA",6.13473,
ifa_west_merge,91722,ifa,CA,IFA,IFA_05,IFA,,06037,31080,0616742,"IFA Los Angeles-Long Beach-Anaheim, CA / Riverside-San Bernardino-Ontario, CA",3.20852,
ifa_west_merge,91723,ifa,CA,IFA,IFA_05,IFA,,06037,31080,0616742,"IFA Los Angeles-Long Beach-Anaheim, CA / Riverside-San Bernardino-Ontario, CA",1.45351,
ifa_west_merge,91724,ifa,CA,IFA,IFA_05,IFA,,06037,31080,0616742,"IFA Los Angeles-Long Beach-Anaheim, CA / Riverside-San Bernardino-Ontario, CA",0.0,no cell in the extract: territory at zero opportunity
ifa_west_merge,91730,ifa,CA,IFA,IFA_05,IFA,,06071,40140,0659451,"IFA Los Angeles-Long Beach-Anaheim, CA / Riverside-San Bernardino-Ontario, CA",14.2155,
ifa_west_merge,91731,ifa,CA,IFA,IFA_05,IFA,,06037,31080,0622230,"IFA Los Angeles-Long Beach-Anaheim, CA / Riverside-San Bernardino-Ontario, CA",0.0,no cell in the extract: territory at zero opportunity
ifa_west_merge,91732,ifa,CA,IFA,IFA_05,IFA,,06037,31080,0622230,"IFA Los Angeles-Long Beach-Anaheim, CA / Riverside-San Bernardino-Ontario, CA",0.0,no cell in the extract: territory at zero opportunity
ifa_west_merge,91733,ifa,CA,IFA,IFA_05,IFA,,06037,31080,0672996,"IFA Los Angeles-Long Beach-Anaheim, CA / Riverside-San Bernardino-Ontario, CA",0.021159,
ifa_west_merge,91737,ifa,CA,IFA,IFA_05,IFA,,06071,40140,0659451,"IFA Los Angeles-Long Beach-Anaheim, CA / Riverside-San Bernardino-Ontario, CA",0.0,no cell in the extract: territory at zero opportunity
ifa_west_merge,91739,ifa,CA,IFA,IFA_05,IFA,,06071,40140,0659451,"IFA Los Angeles-Long Beach-Anaheim, CA / Riverside-San Bernardino-Ontario, CA",1.32943,
ifa_west_merge,91740,ifa,CA,IFA,IFA_05,IFA,,06037,31080,0630014,"IFA Los Angeles-Long Beach-Anaheim, CA / Riverside-San Bernardino-Ontario, CA",0.161233,
ifa_west_merge,91741,ifa,CA,IFA,IFA_05,IFA,,06037,31080,0630014,"IFA Los Angeles-Long Beach-Anaheim, CA / Riverside-San Bernardino-Ontario, CA",2.17613,
ifa_west_merge,91744,ifa,CA,IFA,IFA_05,IFA,,06037,31080,0640340,"IFA Los Angeles-Long Beach-Anaheim, CA / Riverside-San Bernardino-Ontario, CA",0.0,no cell in the extract: territory at zero opportunity
ifa_west_merge,91745,ifa,CA,IFA,IFA_05,IFA,,06037,31080,0631596,"IFA Los Angeles-Long Beach-Anaheim, CA / Riverside-San Bernardino-Ontario, CA",1.45486,
ifa_west_merge,91746,ifa,CA,IFA,IFA_05,IFA,,06037,31080,0636490,"IFA Los Angeles-Long Beach-Anaheim, CA / Riverside-San Bernardino-Ontario, CA",0.0,no cell in the extract: territory at zero opportunity
ifa_west_merge,91748,ifa,CA,IFA,IFA_05,IFA,,06037,31080,0663218,"IFA Los Angeles-Long Beach-Anaheim, CA / Riverside-San Bernardino-Ontario, CA",13.6099,
ifa_west_merge,91750,ifa,CA,IFA,IFA_05,IFA,,06037,31080,0640830,"IFA Los Angeles-Long Beach-Anaheim, CA / Riverside-San Bernardino-Ontario, CA",0.855269,
ifa_west_merge,91752,ifa,CA,IFA,IFA_05,IFA,,06065,40140,0637692,"IFA Los Angeles-Long Beach-Anaheim, CA / Riverside-San Bernardino-Ontario, CA",0.0,no cell in the extract: territory at zero opportunity
ifa_west_merge,91754,ifa,CA,IFA,IFA_05,IFA,,06037,31080,0648914,"IFA Los Angeles-Long Beach-Anaheim, CA / Riverside-San Bernardino-Ontario, CA",0.762455,
ifa_west_merge,91755,ifa,CA,IFA,IFA_05,IFA,,06037,31080,0648914,"IFA Los Angeles-Long Beach-Anaheim, CA / Riverside-San Bernardino-Ontario, CA",0.0,no cell in the extract: territory at zero opportunity
ifa_west_merge,91759,ifa,CA,IFA,IFA_03,IFA,,06037,31080,0613756,"IFA Los Angeles-Long Beach-Anaheim, CA / San Jose-Sunnyvale-Santa Clara, CA",0.0,no cell in the extract: territory at zero opportunity
ifa_west_merge,91761,ifa,CA,IFA,IFA_05,IFA,,06071,40140,0653896,"IFA Los Angeles-Long Beach-Anaheim, CA / Riverside-San Bernardino-Ontario, CA",0.824205,
ifa_west_merge,91762,ifa,CA,IFA,IFA_05,IFA,,06071,40140,0653896,"IFA Los Angeles-Long Beach-Anaheim, CA / Riverside-San Bernardino-Ontario, CA",0.0256931,
ifa_west_merge,91763,ifa,CA,IFA,IFA_05,IFA,,06071,40140,0648788,"IFA Los Angeles-Long Beach-Anaheim, CA / Riverside-San Bernardino-Ontario, CA",0.0,no cell in the extract: territory at zero opportunity
ifa_west_merge,91764,ifa,CA,IFA,IFA_05,IFA,,06071,40140,0653896,"IFA Los Angeles-Long Beach-Anaheim, CA / Riverside-San Bernardino-Ontario, CA",7.59436,
ifa_west_merge,91765,ifa,CA,IFA,IFA_05,IFA,,06037,31080,0619192,"IFA Los Angeles-Long Beach-Anaheim, CA / Riverside-San Bernardino-Ontario, CA",6.87527,
ifa_west_merge,91766,ifa,CA,IFA,IFA_05,IFA,,06037,31080,0658072,"IFA Los Angeles-Long Beach-Anaheim, CA / Riverside-San Bernardino-Ontario, CA",0.0,no cell in the extract: territory at zero opportunity
ifa_west_merge,91767,ifa,CA,IFA,IFA_05,IFA,,06037,31080,0658072,"IFA Los Angeles-Long Beach-Anaheim, CA / Riverside-San Bernardino-Ontario, CA",0.0,no cell in the extract: territory at zero opportunity
ifa_west_merge,91768,ifa,CA,IFA,IFA_05,IFA,,06037,31080,0658072,"IFA Los Angeles-Long Beach-Anaheim, CA / Riverside-San Bernardino-Ontario, CA",0.0,no cell in the extract: territory at zero opportunity
ifa_west_merge,91770,ifa,CA,IFA,IFA_05,IFA,,06037,31080,0662896,"IFA Los Angeles-Long Beach-Anaheim, CA / Riverside-San Bernardino-Ontario, CA",0.566059,
ifa_west_merge,91773,ifa,CA,IFA,IFA_05,IFA,,06037,31080,0666070,"IFA Los Angeles-Long Beach-Anaheim, CA / Riverside-San Bernardino-Ontario, CA",10.4497,
ifa_west_merge,91775,ifa,CA,IFA,IFA_05,IFA,,06037,31080,0621096,"IFA Los Angeles-Long Beach-Anaheim, CA / Riverside-San Bernardino-Ontario, CA",11.9118,
ifa_west_merge,91776,ifa,CA,IFA,IFA_05,IFA,,06037,31080,0667042,"IFA Los Angeles-Long Beach-Anaheim, CA / Riverside-San Bernardino-Ontario, CA",3.74927,
ifa_west_merge,91780,ifa,CA,IFA,IFA_05,IFA,,06037,31080,0678148,"IFA Los Angeles-Long Beach-Anaheim, CA / Riverside-San Bernardino-Ontario, CA",0.0,no cell in the extract: territory at zero opportunity
ifa_west_merge,91784,ifa,CA,IFA,IFA_05,IFA,,06071,40140,0681344,"IFA Los Angeles-Long Beach-Anaheim, CA / Riverside-San Bernardino-Ontario, CA",8.47484,
ifa_west_merge,91786,ifa,CA,IFA,IFA_05,IFA,,06071,40140,0681344,"IFA Los Angeles-Long Beach-Anaheim, CA / Riverside-San Bernardino-Ontario, CA",7.76241,
ifa_west_merge,91789,ifa,CA,IFA,IFA_05,IFA,,06037,31080,0683332,"IFA Los Angeles-Long Beach-Anaheim, CA / Riverside-San Bernardino-Ontario, CA",5.50449,
ifa_west_merge,91790,ifa,CA,IFA,IFA_05,IFA,,06037,31080,0684200,"IFA Los Angeles-Long Beach-Anaheim, CA / Riverside-San Bernardino-Ontario, CA",9.66658,
ifa_west_merge,91791,ifa,CA,IFA,IFA_05,IFA,,06037,31080,0684200,"IFA Los Angeles-Long Beach-Anaheim, CA / Riverside-San Bernardino-Ontario, CA",8.36742,
ifa_west_merge,91792,ifa,CA,IFA,IFA_05,IFA,,06037,31080,0684200,"IFA Los Angeles-Long Beach-Anaheim, CA / Riverside-San Bernardino-Ontario, CA",2.3437,
ifa_west_merge,91801,ifa,CA,IFA,IFA_05,IFA,,06037,31080,0600884,"IFA Los Angeles-Long Beach-Anaheim, CA / Riverside-San Bernardino-Ontario, CA",1.60763,
ifa_west_merge,91803,ifa,CA,IFA,IFA_05,IFA,,06037,31080,0600884,"IFA Los Angeles-Long Beach-Anaheim, CA / Riverside-San Bernardino-Ontario, CA",0.475625,
ifa_west_merge,91901,ifa,CA,IFA,IFA_04,IFA,,06073,41740,0601192,"IFA San Diego-Chula Vista-Carlsbad, CA",0.00373862,
ifa_west_merge,91902,ifa,CA,IFA,IFA_04,IFA,,06073,41740,0607414,"IFA San Diego-Chula Vista-Carlsbad, CA",0.0,no cell in the extract: territory at zero opportunity
ifa_west_merge,91905,ifa,CA,IFA,IFA_04,IFA,,06073,41740,0607694,"IFA San Diego-Chula Vista-Carlsbad, CA",0.0,no cell in the extract: territory at zero opportunity
ifa_west_merge,91906,ifa,CA,IFA,IFA_04,IFA,,06073,41740,0610508,"IFA San Diego-Chula Vista-Carlsbad, CA",0.0,no cell in the extract: territory at zero opportunity
ifa_west_merge,91910,ifa,CA,IFA,IFA_04,IFA,,06073,41740,0613392,"IFA San Diego-Chula Vista-Carlsbad, CA",0.120829,
ifa_west_merge,91911,ifa,CA,IFA,IFA_04,IFA,,06073,41740,0613392,"IFA San Diego-Chula Vista-Carlsbad, CA",0.0,no cell in the extract: territory at zero opportunity
ifa_west_merge,91913,ifa,CA,IFA,IFA_04,IFA,,06073,41740,0613392,"IFA San Diego-Chula Vista-Carlsbad, CA",0.826988,
ifa_west_merge,91914,ifa,CA,IFA,IFA_04,IFA,,06073,41740,0613392,"IFA San Diego-Chula Vista-Carlsbad, CA",0.0,no cell in the extract: territory at zero opportunity
ifa_west_merge,91915,ifa,CA,IFA,IFA_04,IFA,,06073,41740,0613392,"IFA San Diego-Chula Vista-Carlsbad, CA",0.0,no cell in the extract: territory at zero opportunity
ifa_west_merge,91916,ifa,CA,IFA,IFA_04,IFA,,06073,41740,0618940,"IFA San Diego-Chula Vista-Carlsbad, CA",0.0,no cell in the extract: territory at zero opportunity
ifa_west_merge,91917,ifa,CA,IFA,IFA_04,IFA,,06073,41740,,"IFA San Diego-Chula Vista-Carlsbad, CA",0.0,no cell in the extract: territory at zero opportunity
ifa_west_merge,91931,ifa,CA,IFA,IFA_04,IFA,,06073,41740,,"IFA San Diego-Chula Vista-Carlsbad, CA",0.0,no cell in the extract: territory at zero opportunity
ifa_west_merge,91932,ifa,CA,IFA,IFA_04,IFA,,06073,41740,0636294,"IFA San Diego-Chula Vista-Carlsbad, CA",0.0,no cell in the extract: territory at zero opportunity
ifa_west_merge,91934,ifa,CA,IFA,IFA_04,IFA,,06073,41740,0637022,"IFA San Diego-Chula Vista-Carlsbad, CA",0.0,no cell in the extract: territory at zero opportunity
ifa_west_merge,91935,ifa,CA,IFA,IFA_04,IFA,,06073,41740,0637120,"IFA San Diego-Chula Vista-Carlsbad, CA",0.0,no cell in the extract: territory at zero opportunity
ifa_west_merge,91941,ifa,CA,IFA,IFA_04,IFA,,06073,41740,0611691,"IFA San Diego-Chula Vista-Carlsbad, CA",3.1607,
ifa_west_merge,91942,ifa,CA,IFA,IFA_04,IFA,,06073,41740,0640004,"IFA San Diego-Chula Vista-Carlsbad, CA",20.0562,
ifa_west_merge,91945,ifa,CA,IFA,IFA_04,IFA,,06073,41740,0641124,"IFA San Diego-Chula Vista-Carlsbad, CA",0.0,no cell in the extract: territory at zero opportunity
ifa_west_merge,91948,ifa,CA,IFA,IFA_04,IFA,,06073,41740,0649810,"IFA San Diego-Chula Vista-Carlsbad, CA",0.0,no cell in the extract: territory at zero opportunity
ifa_west_merge,91950,ifa,CA,IFA,IFA_04,IFA,,06073,41740,0650398,"IFA San Diego-Chula Vista-Carlsbad, CA",0.0,no cell in the extract: territory at zero opportunity
ifa_west_merge,91962,ifa,CA,IFA,IFA_04,IFA,,06073,41740,0657260,"IFA San Diego-Chula Vista-Carlsbad, CA",0.0,no cell in the extract: territory at zero opportunity
ifa_west_merge,91963,ifa,CA,IFA,IFA_04,IFA,,06073,41740,0658478,"IFA San Diego-Chula Vista-Carlsbad, CA",0.0,no cell in the extract: territory at zero opportunity
ifa_west_merge,91977,ifa,CA,IFA,IFA_04,IFA,,06073,41740,0640326,"IFA San Diego-Chula Vista-Carlsbad, CA",0.0519827,
ifa_west_merge,91978,ifa,CA,IFA,IFA_04,IFA,,06073,41740,0673696,"IFA San Diego-Chula Vista-Carlsbad, CA",0.0,no cell in the extract: territory at zero opportunity
ifa_west_merge,91980,ifa,CA,IFA,IFA_04,IFA,,06073,41740,,"IFA San Diego-Chula Vista-Carlsbad, CA",0.0,no cell in the extract: territory at zero opportunity
ifa_west_merge,92003,ifa,CA,IFA,IFA_04,IFA,,06073,41740,0607498,"IFA San Diego-Chula Vista-Carlsbad, CA",0.0,no cell in the extract: territory at zero opportunity
ifa_west_merge,92004,ifa,CA,IFA,IFA_04,IFA,,06073,41740,0607596,"IFA San Diego-Chula Vista-Carlsbad, CA",0.0,no cell in the extract: territory at zero opportunity
ifa_west_merge,92007,ifa,CA,IFA,IFA_04,IFA,,06073,41740,0622678,"IFA San Diego-Chula Vista-Carlsbad, CA",1.17183,
ifa_west_merge,92008,ifa,CA,IFA,IFA_04,IFA,,06073,41740,0611194,"IFA San Diego-Chula Vista-Carlsbad, CA",33.0259,
ifa_west_merge,92009,ifa,CA,IFA,IFA_04,IFA,,06073,41740,0611194,"IFA San Diego-Chula Vista-Carlsbad, CA",3.78727,
ifa_west_merge,92010,ifa,CA,IFA,IFA_04,IFA,,06073,41740,0611194,"IFA San Diego-Chula Vista-Carlsbad, CA",2.63321,
ifa_west_merge,92011,ifa,CA,IFA,IFA_04,IFA,,06073,41740,0611194,"IFA San Diego-Chula Vista-Carlsbad, CA",4.86183,
ifa_west_merge,92014,ifa,CA,IFA,IFA_04,IFA,,06073,41740,0666000,"IFA San Diego-Chula Vista-Carlsbad, CA",0.921115,
ifa_west_merge,92019,ifa,CA,IFA,IFA_04,IFA,,06073,41740,0659550,"IFA San Diego-Chula Vista-Carlsbad, CA",0.556816,
ifa_west_merge,92020,ifa,CA,IFA,IFA_04,IFA,,06073,41740,0621712,"IFA San Diego-Chula Vista-Carlsbad, CA",1.27339,
ifa_west_merge,92021,ifa,CA,IFA,IFA_04,IFA,,06073,41740,0632044,"IFA San Diego-Chula Vista-Carlsbad, CA",0.524633,
ifa_west_merge,92024,ifa,CA,IFA,IFA_04,IFA,,06073,41740,0622678,"IFA San Diego-Chula Vista-Carlsbad, CA",15.7373,
ifa_west_merge,92025,ifa,CA,IFA,IFA_04,IFA,,06073,41740,0622804,"IFA San Diego-Chula Vista-Carlsbad, CA",1.94513,
ifa_west_merge,92026,ifa,CA,IFA,IFA_04,IFA,,06073,41740,0622804,"IFA San Diego-Chula Vista-Carlsbad, CA",4.01629,
ifa_west_merge,92027,ifa,CA,IFA,IFA_04,IFA,,06073,41740,0622804,"IFA San Diego-Chula Vista-Carlsbad, CA",0.0,no cell in the extract: territory at zero opportunity
ifa_west_merge,92028,ifa,CA,IFA,IFA_04,IFA,,06073,41740,0623462,"IFA San Diego-Chula Vista-Carlsbad, CA",0.723766,
ifa_west_merge,92029,ifa,CA,IFA,IFA_04,IFA,,06073,41740,0622804,"IFA San Diego-Chula Vista-Carlsbad, CA",2.99095,
ifa_west_merge,92036,ifa,CA,IFA,IFA_04,IFA,,06073,41740,0637582,"IFA San Diego-Chula Vista-Carlsbad, CA",0.0,no cell in the extract: territory at zero opportunity
ifa_west_merge,92037,ifa,CA,IFA,IFA_04,IFA,,06073,41740,0666000,"IFA San Diego-Chula Vista-Carlsbad, CA",36.2071,
ifa_west_merge,92040,ifa,CA,IFA,IFA_04,IFA,,06073,41740,0639766,"IFA San Diego-Chula Vista-Carlsbad, CA",0.0,no cell in the extract: territory at zero opportunity
ifa_west_merge,92054,ifa,CA,IFA,IFA_04,IFA,,06073,41740,0653322,"IFA San Diego-Chula Vista-Carlsbad, CA",0.957682,
ifa_west_merge,92055,ifa,CA,IFA,IFA_04,IFA,,06073,41740,0610554,"IFA San Diego-Chula Vista-Carlsbad, CA",0.0,no cell in the extract: territory at zero opportunity
ifa_west_merge,92056,ifa,CA,IFA,IFA_04,IFA,,06073,41740,0653322,"IFA San Diego-Chula Vista-Carlsbad, CA",1.37523,
ifa_west_merge,92057,ifa,CA,IFA,IFA_04,IFA,,06073,41740,0653322,"IFA San Diego-Chula Vista-Carlsbad, CA",1.86963,
ifa_west_merge,92058,ifa,CA,IFA,IFA_04,IFA,,06073,41740,0610554,"IFA San Diego-Chula Vista-Carlsbad, CA",0.0,no cell in the extract: territory at zero opportunity
ifa_west_merge,92059,ifa,CA,IFA,IFA_04,IFA,,06073,41740,0655058,"IFA San Diego-Chula Vista-Carlsbad, CA",0.0,no cell in the extract: territory at zero opportunity
ifa_west_merge,92060,ifa,CA,IFA,IFA_04,IFA,,06073,41740,,"IFA San Diego-Chula Vista-Carlsbad, CA",0.0,no cell in the extract: territory at zero opportunity
ifa_west_merge,92061,ifa,CA,IFA,IFA_04,IFA,,06073,41740,,"IFA San Diego-Chula Vista-Carlsbad, CA",0.0,no cell in the extract: territory at zero opportunity
ifa_west_merge,92064,ifa,CA,IFA,IFA_04,IFA,,06073,41740,0658520,"IFA San Diego-Chula Vista-Carlsbad, CA",10.2072,
ifa_west_merge,92065,ifa,CA,IFA,IFA_04,IFA,,06073,41740,0659346,"IFA San Diego-Chula Vista-Carlsbad, CA",0.0,no cell in the extract: territory at zero opportunity
ifa_west_merge,92066,ifa,CA,IFA,IFA_04,IFA,,06073,41740,,"IFA San Diego-Chula Vista-Carlsbad, CA",0.0,no cell in the extract: territory at zero opportunity
ifa_west_merge,92067,ifa,CA,IFA,IFA_04,IFA,,06073,41740,0659584,"IFA San Diego-Chula Vista-Carlsbad, CA",0.164025,
ifa_west_merge,92069,ifa,CA,IFA,IFA_04,IFA,,06073,41740,0668196,"IFA San Diego-Chula Vista-Carlsbad, CA",1.77063,
ifa_west_merge,92070,ifa,CA,IFA,IFA_04,IFA,,06073,41740,,"IFA San Diego-Chula Vista-Carlsbad, CA",0.0,no cell in the extract: territory at zero opportunity
ifa_west_merge,92071,ifa,CA,IFA,IFA_04,IFA,,06073,41740,0670224,"IFA San Diego-Chula Vista-Carlsbad, CA",0.0,no cell in the extract: territory at zero opportunity
ifa_west_merge,92075,ifa,CA,IFA,IFA_04,IFA,,06073,41740,0672506,"IFA San Diego-Chula Vista-Carlsbad, CA",2.62027,
ifa_west_merge,92078,ifa,CA,IFA,IFA_04,IFA,,06073,41740,0668196,"IFA San Diego-Chula Vista-Carlsbad, CA",1.75301,
ifa_west_merge,92081,ifa,CA,IFA,IFA_04,IFA,,06073,41740,0682996,"IFA San Diego-Chula Vista-Carlsbad, CA",0.0,no cell in the extract: territory at zero opportunity
ifa_west_merge,92082,ifa,CA,IFA,IFA_04,IFA,,06073,41740,0681736,"IFA San Diego-Chula Vista-Carlsbad, CA",0.0,no cell in the extract: territory at zero opportunity
ifa_west_merge,92083,ifa,CA,IFA,IFA_04,IFA,,06073,41740,0682996,"IFA San Diego-Chula Vista-Carlsbad, CA",0.680925,
ifa_west_merge,92084,ifa,CA,IFA,IFA_04,IFA,,06073,41740,0682996,"IFA San Diego-Chula Vista-Carlsbad, CA",3.34981,
ifa_west_merge,92086,ifa,CA,IFA,IFA_04,IFA,,06073,41740,,"IFA San Diego-Chula Vista-Carlsbad, CA",0.0,no cell in the extract: territory at zero opportunity
ifa_west_merge,92091,ifa,CA,IFA,IFA_04,IFA,,06073,41740,0622678,"IFA San Diego-Chula Vista-Carlsbad, CA",17.8422,
ifa_west_merge,92092,ifa,CA,IFA,IFA_04,IFA,,06073,41740,0666000,"IFA San Diego-Chula Vista-Carlsbad, CA",0.0,no cell in the extract: territory at zero opportunity
ifa_west_merge,92093,ifa,CA,IFA,IFA_04,IFA,,06073,41740,0666000,"IFA San Diego-Chula Vista-Carlsbad, CA",0.0,no cell in the extract: territory at zero opportunity
ifa_west_merge,92096,ifa,CA,IFA,IFA_04,IFA,,06073,41740,0668196,"IFA San Diego-Chula Vista-Carlsbad, CA",0.0,no cell in the extract: territory at zero opportunity
ifa_west_merge,92101,ifa,CA,IFA,IFA_04,IFA,,06073,41740,0666000,"IFA San Diego-Chula Vista-Carlsbad, CA",9.19999,
ifa_west_merge,92102,ifa,CA,IFA,IFA_04,IFA,,06073,41740,0666000,"IFA San Diego-Chula Vista-Carlsbad, CA",14.0679,
ifa_west_merge,92103,ifa,CA,IFA,IFA_04,IFA,,06073,41740,0666000,"IFA San Diego-Chula Vista-Carlsbad, CA",1.26864,
ifa_west_merge,92104,ifa,CA,IFA,IFA_04,IFA,,06073,41740,0666000,"IFA San Diego-Chula Vista-Carlsbad, CA",7.75123,
ifa_west_merge,92105,ifa,CA,IFA,IFA_04,IFA,,06073,41740,0666000,"IFA San Diego-Chula Vista-Carlsbad, CA",0.0,no cell in the extract: territory at zero opportunity
ifa_west_merge,92106,ifa,CA,IFA,IFA_04,IFA,,06073,41740,0666000,"IFA San Diego-Chula Vista-Carlsbad, CA",4.16404,
ifa_west_merge,92107,ifa,CA,IFA,IFA_04,IFA,,06073,41740,0666000,"IFA San Diego-Chula Vista-Carlsbad, CA",0.599201,
ifa_west_merge,92108,ifa,CA,IFA,IFA_04,IFA,,06073,41740,0666000,"IFA San Diego-Chula Vista-Carlsbad, CA",27.8585,
ifa_west_merge,92109,ifa,CA,IFA,IFA_04,IFA,,06073,41740,0666000,"IFA San Diego-Chula Vista-Carlsbad, CA",3.25375,
ifa_west_merge,92110,ifa,CA,IFA,IFA_04,IFA,,06073,41740,0666000,"IFA San Diego-Chula Vista-Carlsbad, CA",6.45236,
ifa_west_merge,92111,ifa,CA,IFA,IFA_04,IFA,,06073,41740,0666000,"IFA San Diego-Chula Vista-Carlsbad, CA",2.47159,
ifa_west_merge,92113,ifa,CA,IFA,IFA_04,IFA,,06073,41740,0666000,"IFA San Diego-Chula Vista-Carlsbad, CA",0.0397725,
ifa_west_merge,92114,ifa,CA,IFA,IFA_04,IFA,,06073,41740,0666000,"IFA San Diego-Chula Vista-Carlsbad, CA",0.0,no cell in the extract: territory at zero opportunity
ifa_west_merge,92115,ifa,CA,IFA,IFA_04,IFA,,06073,41740,0666000,"IFA San Diego-Chula Vista-Carlsbad, CA",0.000119318,
ifa_west_merge,92116,ifa,CA,IFA,IFA_04,IFA,,06073,41740,0666000,"IFA San Diego-Chula Vista-Carlsbad, CA",0.0182954,
ifa_west_merge,92117,ifa,CA,IFA,IFA_04,IFA,,06073,41740,0666000,"IFA San Diego-Chula Vista-Carlsbad, CA",1.652,
ifa_west_merge,92118,ifa,CA,IFA,IFA_04,IFA,,06073,41740,0616378,"IFA San Diego-Chula Vista-Carlsbad, CA",4.68338,
ifa_west_merge,92119,ifa,CA,IFA,IFA_04,IFA,,06073,41740,0666000,"IFA San Diego-Chula Vista-Carlsbad, CA",0.362183,
ifa_west_merge,92120,ifa,CA,IFA,IFA_04,IFA,,06073,41740,0666000,"IFA San Diego-Chula Vista-Carlsbad, CA",0.865451,
ifa_west_merge,92121,ifa,CA,IFA,IFA_04,IFA,,06073,41740,0666000,"IFA San Diego-Chula Vista-Carlsbad, CA",67.5061,
ifa_west_merge,92122,ifa,CA,IFA,IFA_04,IFA,,06073,41740,0666000,"IFA San Diego-Chula Vista-Carlsbad, CA",31.4819,
ifa_west_merge,92123,ifa,CA,IFA,IFA_04,IFA,,06073,41740,0666000,"IFA San Diego-Chula Vista-Carlsbad, CA",4.01096,
ifa_west_merge,92124,ifa,CA,IFA,IFA_04,IFA,,06073,41740,0666000,"IFA San Diego-Chula Vista-Carlsbad, CA",3.47264,
ifa_west_merge,92126,ifa,CA,IFA,IFA_04,IFA,,06073,41740,0666000,"IFA San Diego-Chula Vista-Carlsbad, CA",2.66964,
ifa_west_merge,92127,ifa,CA,IFA,IFA_04,IFA,,06073,41740,0666000,"IFA San Diego-Chula Vista-Carlsbad, CA",14.5067,
ifa_west_merge,92128,ifa,CA,IFA,IFA_04,IFA,,06073,41740,0666000,"IFA San Diego-Chula Vista-Carlsbad, CA",12.2737,
ifa_west_merge,92129,ifa,CA,IFA,IFA_04,IFA,,06073,41740,0666000,"IFA San Diego-Chula Vista-Carlsbad, CA",1.93853,
ifa_west_merge,92130,ifa,CA,IFA,IFA_04,IFA,,06073,41740,0666000,"IFA San Diego-Chula Vista-Carlsbad, CA",39.2125,
ifa_west_merge,92131,ifa,CA,IFA,IFA_04,IFA,,06073,41740,0666000,"IFA San Diego-Chula Vista-Carlsbad, CA",14.7126,
ifa_west_merge,92132,ifa,CA,IFA,IFA_04,IFA,,06073,41740,0666000,"IFA San Diego-Chula Vista-Carlsbad, CA",0.0,no cell in the extract: territory at zero opportunity
ifa_west_merge,92134,ifa,CA,IFA,IFA_04,IFA,,06073,41740,0666000,"IFA San Diego-Chula Vista-Carlsbad, CA",0.0,no cell in the extract: territory at zero opportunity
ifa_west_merge,92135,ifa,CA,IFA,IFA_04,IFA,,06073,41740,0616378,"IFA San Diego-Chula Vista-Carlsbad, CA",0.0,no cell in the extract: territory at zero opportunity
ifa_west_merge,92136,ifa,CA,IFA,IFA_04,IFA,,06073,41740,0666000,"IFA San Diego-Chula Vista-Carlsbad, CA",0.0,no cell in the extract: territory at zero opportunity
ifa_west_merge,92139,ifa,CA,IFA,IFA_04,IFA,,06073,41740,0666000,"IFA San Diego-Chula Vista-Carlsbad, CA",0.0,no cell in the extract: territory at zero opportunity
ifa_west_merge,92140,ifa,CA,IFA,IFA_04,IFA,,06073,41740,0666000,"IFA San Diego-Chula Vista-Carlsbad, CA",0.0,no cell in the extract: territory at zero opportunity
ifa_west_merge,92145,ifa,CA,IFA,IFA_04,IFA,,06073,41740,0666000,"IFA San Diego-Chula Vista-Carlsbad, CA",0.0,no cell in the extract: territory at zero opportunity
ifa_west_merge,92147,ifa,CA,IFA,IFA_04,IFA,,06073,41740,0666000,"IFA San Diego-Chula Vista-Carlsbad, CA",0.0,no cell in the extract: territory at zero opportunity
ifa_west_merge,92154,ifa,CA,IFA,IFA_04,IFA,,06073,41740,0666000,"IFA San Diego-Chula Vista-Carlsbad, CA",0.0,no cell in the extract: territory at zero opportunity
ifa_west_merge,92155,ifa,CA,IFA,IFA_04,IFA,,06073,41740,0616378,"IFA San Diego-Chula Vista-Carlsbad, CA",0.0,no cell in the extract: territory at zero opportunity
ifa_west_merge,92161,ifa,CA,IFA,IFA_04,IFA,,06073,41740,0666000,"IFA San Diego-Chula Vista-Carlsbad, CA",0.0,no cell in the extract: territory at zero opportunity
ifa_west_merge,92173,ifa,CA,IFA,IFA_04,IFA,,06073,41740,0666000,"IFA San Diego-Chula Vista-Carlsbad, CA",0.0,no cell in the extract: territory at zero opportunity
ifa_west_merge,92179,ifa,CA,IFA,IFA_04,IFA,,06073,41740,,"IFA San Diego-Chula Vista-Carlsbad, CA",0.0,no cell in the extract: territory at zero opportunity
ifa_west_merge,92182,ifa,CA,IFA,IFA_04,IFA,,06073,41740,0666000,"IFA San Diego-Chula Vista-Carlsbad, CA",0.0,no cell in the extract: territory at zero opportunity
ifa_west_merge,92201,ifa,CA,IFA,IFA_04,IFA,,06065,40140,0636448,"IFA San Diego-Chula Vista-Carlsbad, CA",0.0,no cell in the extract: territory at zero opportunity
ifa_west_merge,92203,ifa,CA,IFA,IFA_04,IFA,,06065,40140,0636448,"IFA San Diego-Chula Vista-Carlsbad, CA",5.28244,
ifa_west_merge,92210,ifa,CA,IFA,IFA_04,IFA,,06065,40140,0636434,"IFA San Diego-Chula Vista-Carlsbad, CA",1.53377,
ifa_west_merge,92211,ifa,CA,IFA,IFA_04,IFA,,06065,40140,0655184,"IFA San Diego-Chula Vista-Carlsbad, CA",3.46773,
ifa_west_merge,92220,ifa,CA,IFA,IFA_04,IFA,,06065,40140,0603820,"IFA San Diego-Chula Vista-Carlsbad, CA",0.0,no cell in the extract: territory at zero opportunity
ifa_west_merge,92222,ifa,CA,IFA,IFA_04,IFA,,06025,20940,,"IFA San Diego-Chula Vista-Carlsbad, CA",0.0,no cell in the extract: territory at zero opportunity
ifa_west_merge,92223,ifa,CA,IFA,IFA_04,IFA,,06065,40140,0604758,"IFA San Diego-Chula Vista-Carlsbad, CA",0.556716,
ifa_west_merge,92225,ifa,CA,IFA,IFA_04,IFA,,06065,40140,0607218,"IFA San Diego-Chula Vista-Carlsbad, CA",0.0,no cell in the extract: territory at zero opportunity
ifa_west_merge,92227,ifa,CA,IFA,IFA_04,IFA,,06025,20940,0608058,"IFA San Diego-Chula Vista-Carlsbad, CA",0.0,no cell in the extract: territory at zero opportunity
ifa_west_merge,92230,ifa,CA,IFA,IFA_04,IFA,,06065,40140,0609360,"IFA San Diego-Chula Vista-Carlsbad, CA",0.0,no cell in the extract: territory at zero opportunity
ifa_west_merge,92231,ifa,CA,IFA,IFA_04,IFA,,06025,20940,0609710,"IFA San Diego-Chula Vista-Carlsbad, CA",0.0,no cell in the extract: territory at zero opportunity
ifa_west_merge,92233,ifa,CA,IFA,IFA_04,IFA,,06025,20940,0609878,"IFA San Diego-Chula Vista-Carlsbad, CA",0.0,no cell in the extract: territory at zero opportunity
ifa_west_merge,92234,ifa,CA,IFA,IFA_04,IFA,,06065,40140,0612048,"IFA San Diego-Chula Vista-Carlsbad, CA",0.0,no cell in the extract: territory at zero opportunity
ifa_west_merge,92236,ifa,CA,IFA,IFA_04,IFA,,06065,40140,0614260,"IFA San Diego-Chula Vista-Carlsbad, CA",0.0,no cell in the extract: territory at zero opportunity
ifa_west_merge,92239,ifa,CA,IFA,IFA_04,IFA,,06065,40140,0618982,"IFA San Diego-Chula Vista-Carlsbad, CA",0.0,no cell in the extract: territory at zero opportunity
ifa_west_merge,92240,ifa,CA,IFA,IFA_04,IFA,,06065,40140,0618996,"IFA San Diego-Chula Vista-Carlsbad, CA",0.0,no cell in the extract: territory at zero opportunity
ifa_west_merge,92241,ifa,CA,IFA,IFA_04,IFA,,06065,40140,0672156,"IFA San Diego-Chula Vista-Carlsbad, CA",0.0,no cell in the extract: territory at zero opportunity
ifa_west_merge,92242,ifa,CA,IFA,IFA_04,IFA,,06071,40140,0606635,"IFA San Diego-Chula Vista-Carlsbad, CA",0.0,no cell in the extract: territory at zero opportunity
ifa_west_merge,92243,ifa,CA,IFA,IFA_04,IFA,,06025,20940,0621782,"IFA San Diego-Chula Vista-Carlsbad, CA",0.0,no cell in the extract: territory at zero opportunity
ifa_west_merge,92249,ifa,CA,IFA,IFA_04,IFA,,06025,20940,0633084,"IFA San Diego-Chula Vista-Carlsbad, CA",0.0,no cell in the extract: territory at zero opportunity
ifa_west_merge,92250,ifa,CA,IFA,IFA_04,IFA,,06025,20940,0634246,"IFA San Diego-Chula Vista-Carlsbad, CA",0.0,no cell in the extract: territory at zero opportunity
ifa_west_merge,92251,ifa,CA,IFA,IFA_04,IFA,,06025,20940,0636280,"IFA San Diego-Chula Vista-Carlsbad, CA",0.0,no cell in the extract: territory at zero opportunity
ifa_west_merge,92252,ifa,CA,IFA,IFA_04,IFA,,06071,40140,0637554,"IFA San Diego-Chula Vista-Carlsbad, CA",0.0,no cell in the extract: territory at zero opportunity
ifa_west_merge,92253,ifa,CA,IFA,IFA_04,IFA,,06065,40140,0640354,"IFA San Diego-Chula Vista-Carlsbad, CA",0.0,no cell in the extract: territory at zero opportunity
ifa_west_merge,92254,ifa,CA,IFA,IFA_04,IFA,,06065,40140,0652302,"IFA San Diego-Chula Vista-Carlsbad, CA",0.0,no cell in the extract: territory at zero opportunity
ifa_west_merge,92256,ifa,CA,IFA,IFA_04,IFA,,06071,40140,0649348,"IFA San Diego-Chula Vista-Carlsbad, CA",0.0,no cell in the extract: territory at zero opportunity
ifa_west_merge,92257,ifa,CA,IFA,IFA_04,IFA,,06025,20940,0607372,"IFA San Diego-Chula Vista-Carlsbad, CA",0.0,no cell in the extract: territory at zero opportunity
ifa_west_merge,92258,ifa,CA,IFA,IFA_04,IFA,,06065,40140,0655254,"IFA San Diego-Chula Vista-Carlsbad, CA",0.0,no cell in the extract: territory at zero opportunity
ifa_west_merge,92259,ifa,CA,IFA,IFA_04,IFA,,06025,20940,0653378,"IFA San Diego-Chula Vista-Carlsbad, CA",0.0,no cell in the extract: territory at zero opportunity
ifa_west_merge,92260,ifa,CA,IFA,IFA_04,IFA,,06065,40140,0655184,"IFA San Diego-Chula Vista-Carlsbad, CA",8.14308,
ifa_west_merge,92262,ifa,CA,IFA,IFA_04,IFA,,06065,40140,0655254,"IFA San Diego-Chula Vista-Carlsbad, CA",6.69564,
ifa_west_merge,92264,ifa,CA,IFA,IFA_04,IFA,,06065,40140,0655254,"IFA San Diego-Chula Vista-Carlsbad, CA",0.0,no cell in the extract: territory at zero opportunity
ifa_west_merge,92266,ifa,CA,IFA,IFA_04,IFA,,06025,20940,0655422,"IFA San Diego-Chula Vista-Carlsbad, CA",0.0,no cell in the extract: territory at zero opportunity
ifa_west_merge,92267,ifa,CA,IFA,IFA_04,IFA,,06071,40140,,"IFA San Diego-Chula Vista-Carlsbad, CA",0.0,no cell in the extract: territory at zero opportunity
ifa_west_merge,92268,ifa,CA,IFA,IFA_04,IFA,,06071,40140,,"IFA San Diego-Chula Vista-Carlsbad, CA",0.0,no cell in the extract: territory at zero opportunity
ifa_west_merge,92270,ifa,CA,IFA,IFA_04,IFA,,06065,40140,0659500,"IFA San Diego-Chula Vista-Carlsbad, CA",11.0063,
ifa_west_merge,92273,ifa,CA,IFA,IFA_04,IFA,,06025,20940,0670798,"IFA San Diego-Chula Vista-Carlsbad, CA",0.0,no cell in the extract: territory at zero opportunity
ifa_west_merge,92274,ifa,CA,IFA,IFA_04,IFA,,06065,40140,0653224,"IFA San Diego-Chula Vista-Carlsbad, CA",0.0,no cell in the extract: territory at zero opportunity
ifa_west_merge,92275,ifa,CA,IFA,IFA_04,IFA,,06025,20940,0664294,"IFA San Diego-Chula Vista-Carlsbad, CA",0.0,no cell in the extract: territory at zero opportunity
ifa_west_merge,92276,ifa,CA,IFA,IFA_04,IFA,,06065,40140,0678596,"IFA San Diego-Chula Vista-Carlsbad, CA",0.0,no cell in the extract: territory at zero opportunity
ifa_west_merge,92277,ifa,CA,IFA,IFA_04,IFA,,06071,40140,0680994,"IFA San Diego-Chula Vista-Carlsbad, CA",0.0,no cell in the extract: territory at zero opportunity
ifa_west_merge,92278,ifa,CA,IFA,IFA_04,IFA,,06071,40140,0680994,"IFA San Diego-Chula Vista-Carlsbad, CA",0.0,no cell in the extract: territory at zero opportunity
ifa_west_merge,92280,ifa,CA,IFA,IFA_04,IFA,,06071,40140,,"IFA San Diego-Chula Vista-Carlsbad, CA",0.0,no cell in the extract: territory at zero opportunity
ifa_west_merge,92281,ifa,CA,IFA,IFA_04,IFA,,06025,20940,0684606,"IFA San Diego-Chula Vista-Carlsbad, CA",0.0,no cell in the extract: territory at zero opportunity
ifa_west_merge,92282,ifa,CA,IFA,IFA_04,IFA,,06065,40140,0685208,"IFA San Diego-Chula Vista-Carlsbad, CA",0.0,no cell in the extract: territory at zero opportunity
ifa_west_merge,92283,ifa,CA,IFA,IFA_04,IFA,,06025,20940,0686020,"IFA San Diego-Chula Vista-Carlsbad, CA",0.0,no cell in the extract: territory at zero opportunity
ifa_west_merge,92284,ifa,CA,IFA,IFA_04,IFA,,06071,40140,0687056,"IFA San Diego-Chula Vista-Carlsbad, CA",0.0,no cell in the extract: territory at zero opportunity
ifa_west_merge,92285,ifa,CA,IFA,IFA_05,IFA,,06071,40140,0634392,"IFA Los Angeles-Long Beach-Anaheim, CA / Riverside-San Bernardino-Ontario, CA",0.0,no cell in the extract: territory at zero opportunity
ifa_west_merge,92301,ifa,CA,IFA,IFA_05,IFA,,06071,40140,0600296,"IFA Los Angeles-Long Beach-Anaheim, CA / Riverside-San Bernardino-Ontario, CA",0.0,no cell in the extract: territory at zero opportunity
ifa_west_merge,92304,ifa,CA,IFA,IFA_05,IFA,,06071,40140,,"IFA Los Angeles-Long Beach-Anaheim, CA / Riverside-San Bernardino-Ontario, CA",0.0,no cell in the extract: territory at zero opportunity
ifa_west_merge,92305,ifa,CA,IFA,IFA_05,IFA,,06071,40140,,"IFA Los Angeles-Long Beach-Anaheim, CA / Riverside-San Bernardino-Ontario, CA",0.0,no cell in the extract: territory at zero opportunity
ifa_west_merge,92307,ifa,CA,IFA,IFA_05,IFA,,06071,40140,0602364,"IFA Los Angeles-Long Beach-Anaheim, CA / Riverside-San Bernardino-Ontario, CA",2.9095,
ifa_west_merge,92308,ifa,CA,IFA,IFA_05,IFA,,06071,40140,0602364,"IFA Los Angeles-Long Beach-Anaheim, CA / Riverside-San Bernardino-Ontario, CA",0.106181,
ifa_west_merge,92309,ifa,CA,IFA,IFA_05,IFA,,06071,40140,0603512,"IFA Los Angeles-Long Beach-Anaheim, CA / Riverside-San Bernardino-Ontario, CA",0.0,no cell in the extract: territory at zero opportunity
ifa_west_merge,92310,ifa,CA,IFA,IFA_05,IFA,,06071,40140,0625114,"IFA Los Angeles-Long Beach-Anaheim, CA / Riverside-San Bernardino-Ontario, CA",0.0,no cell in the extract: territory at zero opportunity
ifa_west_merge,92311,ifa,CA,IFA,IFA_05,IFA,,06071,40140,0604030,"IFA Los Angeles-Long Beach-Anaheim, CA / Riverside-San Bernardino-Ontario, CA",0.0,no cell in the extract: territory at zero opportunity
ifa_west_merge,92313,ifa,CA,IFA,IFA_05,IFA,,06071,40140,0630658,"IFA Los Angeles-Long Beach-Anaheim, CA / Riverside-San Bernardino-Ontario, CA",0.0,no cell in the extract: territory at zero opportunity
ifa_west_merge,92314,ifa,CA,IFA,IFA_05,IFA,,06071,40140,0606406,"IFA Los Angeles-Long Beach-Anaheim, CA / Riverside-San Bernardino-Ontario, CA",0.0,no cell in the extract: territory at zero opportunity
ifa_west_merge,92315,ifa,CA,IFA,IFA_05,IFA,,06071,40140,0606434,"IFA Los Angeles-Long Beach-Anaheim, CA / Riverside-San Bernardino-Ontario, CA",1.75544,
ifa_west_merge,92316,ifa,CA,IFA,IFA_05,IFA,,06071,40140,0607064,"IFA Los Angeles-Long Beach-Anaheim, CA / Riverside-San Bernardino-Ontario, CA",0.0,no cell in the extract: territory at zero opportunity
ifa_west_merge,92317,ifa,CA,IFA,IFA_05,IFA,,06071,40140,0639444,"IFA Los Angeles-Long Beach-Anaheim, CA / Riverside-San Bernardino-Ontario, CA",0.0,no cell in the extract: territory at zero opportunity
ifa_west_merge,92320,ifa,CA,IFA,IFA_04,IFA,,06065,40140,0609864,"IFA San Diego-Chula Vista-Carlsbad, CA",0.0603341,
ifa_west_merge,92321,ifa,CA,IFA,IFA_05,IFA,,06071,40140,0639444,"IFA Los Angeles-Long Beach-Anaheim, CA / Riverside-San Bernardino-Ontario, CA",0.0,no cell in the extract: territory at zero opportunity
ifa_west_merge,92322,ifa,CA,IFA,IFA_05,IFA,,06071,40140,0617162,"IFA Los Angeles-Long Beach-Anaheim, CA / Riverside-San Bernardino-Ontario, CA",0.0,no cell in the extract: territory at zero opportunity
ifa_west_merge,92324,ifa,CA,IFA,IFA_05,IFA,,06071,40140,0614890,"IFA Los Angeles-Long Beach-Anaheim, CA / Riverside-San Bernardino-Ontario, CA",0.0,no cell in the extract: territory at zero opportunity
ifa_west_merge,92325,ifa,CA,IFA,IFA_05,IFA,,06071,40140,0617162,"IFA Los Angeles-Long Beach-Anaheim, CA / Riverside-San Bernardino-Ontario, CA",0.0,no cell in the extract: territory at zero opportunity
ifa_west_merge,92327,ifa,CA,IFA,IFA_05,IFA,,06071,40140,,"IFA Los Angeles-Long Beach-Anaheim, CA / Riverside-San Bernardino-Ontario, CA",0.0,no cell in the extract: territory at zero opportunity
ifa_west_merge,92328,ifa,CA,IFA,IFA_03,IFA,,06027,13860,0628021,"IFA Los Angeles-Long Beach-Anaheim, CA / San Jose-Sunnyvale-Santa Clara, CA",0.0,no cell in the extract: territory at zero opportunity
ifa_west_merge,92332,ifa,CA,IFA,IFA_05,IFA,,06071,40140,,"IFA Los Angeles-Long Beach-Anaheim, CA / Riverside-San Bernardino-Ontario, CA",0.0,no cell in the extract: territory at zero opportunity
ifa_west_merge,92333,ifa,CA,IFA,IFA_05,IFA,,06071,40140,0606434,"IFA Los Angeles-Long Beach-Anaheim, CA / Riverside-San Bernardino-Ontario, CA",0.0,no cell in the extract: territory at zero opportunity
ifa_west_merge,92335,ifa,CA,IFA,IFA_05,IFA,,06071,40140,0624680,"IFA Los Angeles-Long Beach-Anaheim, CA / Riverside-San Bernardino-Ontario, CA",0.0,no cell in the extract: territory at zero opportunity
ifa_west_merge,92336,ifa,CA,IFA,IFA_05,IFA,,06071,40140,0624680,"IFA Los Angeles-Long Beach-Anaheim, CA / Riverside-San Bernardino-Ontario, CA",0.110895,
ifa_west_merge,92337,ifa,CA,IFA,IFA_05,IFA,,06071,40140,0624680,"IFA Los Angeles-Long Beach-Anaheim, CA / Riverside-San Bernardino-Ontario, CA",0.0,no cell in the extract: territory at zero opportunity
ifa_west_merge,92338,ifa,CA,IFA,IFA_05,IFA,,06071,40140,,"IFA Los Angeles-Long Beach-Anaheim, CA / Riverside-San Bernardino-Ontario, CA",0.0,no cell in the extract: territory at zero opportunity
ifa_west_merge,92339,ifa,CA,IFA,IFA_04,IFA,,06071,40140,,"IFA San Diego-Chula Vista-Carlsbad, CA",0.0,no cell in the extract: territory at zero opportunity
ifa_west_merge,92341,ifa,CA,IFA,IFA_05,IFA,,06071,40140,0663316,"IFA Los Angeles-Long Beach-Anaheim, CA / Riverside-San Bernardino-Ontario, CA",0.0,no cell in the extract: territory at zero opportunity
ifa_west_merge,92342,ifa,CA,IFA,IFA_05,IFA,,06071,40140,0671964,"IFA Los Angeles-Long Beach-Anaheim, CA / Riverside-San Bernardino-Ontario, CA",0.000954541,
ifa_west_merge,92344,ifa,CA,IFA,IFA_05,IFA,,06071,40140,0652760,"IFA Los Angeles-Long Beach-Anaheim, CA / Riverside-San Bernardino-Ontario, CA",0.0,no cell in the extract: territory at zero opportunity
ifa_west_merge,92345,ifa,CA,IFA,IFA_05,IFA,,06071,40140,0633434,"IFA Los Angeles-Long Beach-Anaheim, CA / Riverside-San Bernardino-Ontario, CA",2.82057,
ifa_west_merge,92346,ifa,CA,IFA,IFA_05,IFA,,06071,40140,0633588,"IFA Los Angeles-Long Beach-Anaheim, CA / Riverside-San Bernardino-Ontario, CA",0.0,no cell in the extract: territory at zero opportunity
ifa_west_merge,92347,ifa,CA,IFA,IFA_05,IFA,,06071,40140,0604030,"IFA Los Angeles-Long Beach-Anaheim, CA / Riverside-San Bernardino-Ontario, CA",0.0,no cell in the extract: territory at zero opportunity
ifa_west_merge,92350,ifa,CA,IFA,IFA_05,IFA,,06071,40140,0642370,"IFA Los Angeles-Long Beach-Anaheim, CA / Riverside-San Bernardino-Ontario, CA",0.0,no cell in the extract: territory at zero opportunity
ifa_west_merge,92352,ifa,CA,IFA,IFA_05,IFA,,06071,40140,0639444,"IFA Los Angeles-Long Beach-Anaheim, CA / Riverside-San Bernardino-Ontario, CA",0.0162272,
ifa_west_merge,92354,ifa,CA,IFA,IFA_05,IFA,,06071,40140,0642370,"IFA Los Angeles-Long Beach-Anaheim, CA / Riverside-San Bernardino-Ontario, CA",0.0314804,
ifa_west_merge,92356,ifa,CA,IFA,IFA_05,IFA,,06071,40140,0644420,"IFA Los Angeles-Long Beach-Anaheim, CA / Riverside-San Bernardino-Ontario, CA",0.0,no cell in the extract: territory at zero opportunity
ifa_west_merge,92358,ifa,CA,IFA,IFA_05,IFA,,06071,40140,0644644,"IFA Los Angeles-Long Beach-Anaheim, CA / Riverside-San Bernardino-Ontario, CA",0.0,no cell in the extract: territory at zero opportunity
ifa_west_merge,92359,ifa,CA,IFA,IFA_05,IFA,,06071,40140,0646884,"IFA Los Angeles-Long Beach-Anaheim, CA / Riverside-San Bernardino-Ontario, CA",0.0,no cell in the extract: territory at zero opportunity
ifa_west_merge,92363,ifa,CA,IFA,IFA_04,IFA,,06071,40140,0650734,"IFA San Diego-Chula Vista-Carlsbad, CA",0.0,no cell in the extract: territory at zero opportunity
ifa_west_merge,92364,ifa,CA,IFA,IFA_05,IFA,,06071,40140,,"IFA Los Angeles-Long Beach-Anaheim, CA / Riverside-San Bernardino-Ontario, CA",0.0,no cell in the extract: territory at zero opportunity
ifa_west_merge,92365,ifa,CA,IFA,IFA_05,IFA,,06071,40140,,"IFA Los Angeles-Long Beach-Anaheim, CA / Riverside-San Bernardino-Ontario, CA",0.0,no cell in the extract: territory at zero opportunity
ifa_west_merge,92368,ifa,CA,IFA,IFA_05,IFA,,06071,40140,0682590,"IFA Los Angeles-Long Beach-Anaheim, CA / Riverside-San Bernardino-Ontario, CA",0.0,no cell in the extract: territory at zero opportunity
ifa_west_merge,92369,ifa,CA,IFA,IFA_05,IFA,,06071,40140,0665000,"IFA Los Angeles-Long Beach-Anaheim, CA / Riverside-San Bernardino-Ontario, CA",0.0,no cell in the extract: territory at zero opportunity
ifa_west_merge,92371,ifa,CA,IFA,IFA_05,IFA,,06071,40140,0656826,"IFA Los Angeles-Long Beach-Anaheim, CA / Riverside-San Bernardino-Ontario, CA",0.0,no cell in the extract: territory at zero opportunity
ifa_west_merge,92372,ifa,CA,IFA,IFA_03,IFA,,06071,40140,0657302,"IFA Los Angeles-Long Beach-Anaheim, CA / San Jose-Sunnyvale-Santa Clara, CA",0.0,no cell in the extract: territory at zero opportunity
ifa_west_merge,92373,ifa,CA,IFA,IFA_04,IFA,,06071,40140,0659962,"IFA San Diego-Chula Vista-Carlsbad, CA",5.57811,
ifa_west_merge,92374,ifa,CA,IFA,IFA_05,IFA,,06071,40140,0659962,"IFA Los Angeles-Long Beach-Anaheim, CA / Riverside-San Bernardino-Ontario, CA",5.92069,
ifa_west_merge,92376,ifa,CA,IFA,IFA_05,IFA,,06071,40140,0660466,"IFA Los Angeles-Long Beach-Anaheim, CA / Riverside-San Bernardino-Ontario, CA",0.0,no cell in the extract: territory at zero opportunity
ifa_west_merge,92377,ifa,CA,IFA,IFA_05,IFA,,06071,40140,0660466,"IFA Los Angeles-Long Beach-Anaheim, CA / Riverside-San Bernardino-Ontario, CA",0.0,no cell in the extract: territory at zero opportunity
ifa_west_merge,92378,ifa,CA,IFA,IFA_05,IFA,,06071,40140,0639444,"IFA Los Angeles-Long Beach-Anaheim, CA / Riverside-San Bernardino-Ontario, CA",0.0,no cell in the extract: territory at zero opportunity
ifa_west_merge,92382,ifa,CA,IFA,IFA_05,IFA,,06071,40140,0663316,"IFA Los Angeles-Long Beach-Anaheim, CA / Riverside-San Bernardino-Ontario, CA",0.0,no cell in the extract: territory at zero opportunity
ifa_west_merge,92384,ifa,CA,IFA,IFA_05,IFA,,06027,13860,0671680,"IFA Los Angeles-Long Beach-Anaheim, CA / Riverside-San Bernardino-Ontario, CA",0.0,no cell in the extract: territory at zero opportunity
ifa_west_merge,92385,ifa,CA,IFA,IFA_05,IFA,,06071,40140,0639444,"IFA Los Angeles-Long Beach-Anaheim, CA / Riverside-San Bernardino-Ontario, CA",0.0,no cell in the extract: territory at zero opportunity
ifa_west_merge,92386,ifa,CA,IFA,IFA_05,IFA,,06071,40140,0606406,"IFA Los Angeles-Long Beach-Anaheim, CA / Riverside-San Bernardino-Ontario, CA",0.0,no cell in the extract: territory at zero opportunity
ifa_west_merge,92389,ifa,CA,IFA,IFA_05,IFA,,06027,13860,0678050,"IFA Los Angeles-Long Beach-Anaheim, CA / Riverside-San Bernardino-Ontario, CA",0.0,no cell in the extract: territory at zero opportunity
ifa_west_merge,92391,ifa,CA,IFA,IFA_05,IFA,,06071,40140,0639444,"IFA Los Angeles-Long Beach-Anaheim, CA / Riverside-San Bernardino-Ontario, CA",0.0,no cell in the extract: territory at zero opportunity
ifa_west_merge,92392,ifa,CA,IFA,IFA_05,IFA,,06071,40140,0682590,"IFA Los Angeles-Long Beach-Anaheim, CA / Riverside-San Bernardino-Ontario, CA",0.165454,
ifa_west_merge,92394,ifa,CA,IFA,IFA_05,IFA,,06071,40140,0682590,"IFA Los Angeles-Long Beach-Anaheim, CA / Riverside-San Bernardino-Ontario, CA",0.0,no cell in the extract: territory at zero opportunity
ifa_west_merge,92395,ifa,CA,IFA,IFA_05,IFA,,06071,40140,0682590,"IFA Los Angeles-Long Beach-Anaheim, CA / Riverside-San Bernardino-Ontario, CA",2.03932,
ifa_west_merge,92397,ifa,CA,IFA,IFA_03,IFA,,06037,31080,0686594,"IFA Los Angeles-Long Beach-Anaheim, CA / San Jose-Sunnyvale-Santa Clara, CA",0.0,no cell in the extract: territory at zero opportunity
ifa_west_merge,92398,ifa,CA,IFA,IFA_05,IFA,,06071,40140,0686720,"IFA Los Angeles-Long Beach-Anaheim, CA / Riverside-San Bernardino-Ontario, CA",0.0,no cell in the extract: territory at zero opportunity
ifa_west_merge,92399,ifa,CA,IFA,IFA_04,IFA,,06071,40140,0687042,"IFA San Diego-Chula Vista-Carlsbad, CA",0.318813,
ifa_west_merge,92401,ifa,CA,IFA,IFA_05,IFA,,06071,40140,0665000,"IFA Los Angeles-Long Beach-Anaheim, CA / Riverside-San Bernardino-Ontario, CA",0.0,no cell in the extract: territory at zero opportunity
ifa_west_merge,92404,ifa,CA,IFA,IFA_05,IFA,,06071,40140,0665000,"IFA Los Angeles-Long Beach-Anaheim, CA / Riverside-San Bernardino-Ontario, CA",0.0,no cell in the extract: territory at zero opportunity
ifa_west_merge,92405,ifa,CA,IFA,IFA_05,IFA,,06071,40140,0665000,"IFA Los Angeles-Long Beach-Anaheim, CA / Riverside-San Bernardino-Ontario, CA",0.0,no cell in the extract: territory at zero opportunity
ifa_west_merge,92407,ifa,CA,IFA,IFA_05,IFA,,06071,40140,0665000,"IFA Los Angeles-Long Beach-Anaheim, CA / Riverside-San Bernardino-Ontario, CA",0.0,no cell in the extract: territory at zero opportunity
ifa_west_merge,92408,ifa,CA,IFA,IFA_05,IFA,,06071,40140,0665000,"IFA Los Angeles-Long Beach-Anaheim, CA / Riverside-San Bernardino-Ontario, CA",2.43699,
ifa_west_merge,92410,ifa,CA,IFA,IFA_05,IFA,,06071,40140,0665000,"IFA Los Angeles-Long Beach-Anaheim, CA / Riverside-San Bernardino-Ontario, CA",0.0,no cell in the extract: territory at zero opportunity
ifa_west_merge,92411,ifa,CA,IFA,IFA_05,IFA,,06071,40140,0665000,"IFA Los Angeles-Long Beach-Anaheim, CA / Riverside-San Bernardino-Ontario, CA",0.0,no cell in the extract: territory at zero opportunity
ifa_west_merge,92415,ifa,CA,IFA,IFA_05,IFA,,06071,40140,0665000,"IFA Los Angeles-Long Beach-Anaheim, CA / Riverside-San Bernardino-Ontario, CA",0.0,no cell in the extract: territory at zero opportunity
ifa_west_merge,92501,ifa,CA,IFA,IFA_05,IFA,,06065,40140,0662000,"IFA Los Angeles-Long Beach-Anaheim, CA / Riverside-San Bernardino-Ontario, CA",2.66151,
ifa_west_merge,92503,ifa,CA,IFA,IFA_04,IFA,,06065,40140,0662000,"IFA San Diego-Chula Vista-Carlsbad, CA",0.0047766,
ifa_west_merge,92504,ifa,CA,IFA,IFA_04,IFA,,06065,40140,0662000,"IFA San Diego-Chula Vista-Carlsbad, CA",6.84798,
ifa_west_merge,92505,ifa,CA,IFA,IFA_05,IFA,,06065,40140,0662000,"IFA Los Angeles-Long Beach-Anaheim, CA / Riverside-San Bernardino-Ontario, CA",6.05503,
ifa_west_merge,92506,ifa,CA,IFA,IFA_05,IFA,,06065,40140,0662000,"IFA Los Angeles-Long Beach-Anaheim, CA / Riverside-San Bernardino-Ontario, CA",2.30515,
ifa_west_merge,92507,ifa,CA,IFA,IFA_05,IFA,,06065,40140,0662000,"IFA Los Angeles-Long Beach-Anaheim, CA / Riverside-San Bernardino-Ontario, CA",2.76644,
ifa_west_merge,92508,ifa,CA,IFA,IFA_04,IFA,,06065,40140,0662000,"IFA San Diego-Chula Vista-Carlsbad, CA",0.488457,
ifa_west_merge,92509,ifa,CA,IFA,IFA_05,IFA,,06065,40140,0637692,"IFA Los Angeles-Long Beach-Anaheim, CA / Riverside-San Bernardino-Ontario, CA",0.0,no cell in the extract: territory at zero opportunity
ifa_west_merge,92518,ifa,CA,IFA,IFA_05,IFA,,06065,40140,0645680,"IFA Los Angeles-Long Beach-Anaheim, CA / Riverside-San Bernardino-Ontario, CA",0.0,no cell in the extract: territory at zero opportunity
ifa_west_merge,92521,ifa,CA,IFA,IFA_05,IFA,,06065,40140,0662000,"IFA Los Angeles-Long Beach-Anaheim, CA / Riverside-San Bernardino-Ontario, CA",0.0,no cell in the extract: territory at zero opportunity
ifa_west_merge,92530,ifa,CA,IFA,IFA_04,IFA,,06065,40140,0639486,"IFA San Diego-Chula Vista-Carlsbad, CA",0.0,no cell in the extract: territory at zero opportunity
ifa_west_merge,92532,ifa,CA,IFA,IFA_04,IFA,,06065,40140,0639486,"IFA San Diego-Chula Vista-Carlsbad, CA",0.0,no cell in the extract: territory at zero opportunity
ifa_west_merge,92536,ifa,CA,IFA,IFA_04,IFA,,06065,40140,0600464,"IFA San Diego-Chula Vista-Carlsbad, CA",0.0,no cell in the extract: territory at zero opportunity
ifa_west_merge,92539,ifa,CA,IFA,IFA_04,IFA,,06065,40140,0602294,"IFA San Diego-Chula Vista-Carlsbad, CA",0.0,no cell in the extract: territory at zero opportunity
ifa_west_merge,92543,ifa,CA,IFA,IFA_04,IFA,,06065,40140,0633182,"IFA San Diego-Chula Vista-Carlsbad, CA",0.0,no cell in the extract: territory at zero opportunity
ifa_west_merge,92544,ifa,CA,IFA,IFA_04,IFA,,06065,40140,0664056,"IFA San Diego-Chula Vista-Carlsbad, CA",0.00190908,
ifa_west_merge,92545,ifa,CA,IFA,IFA_04,IFA,,06065,40140,0633182,"IFA San Diego-Chula Vista-Carlsbad, CA",0.0,no cell in the extract: territory at zero opportunity
ifa_west_merge,92548,ifa,CA,IFA,IFA_04,IFA,,06065,40140,0634316,"IFA San Diego-Chula Vista-Carlsbad, CA",0.0,no cell in the extract: territory at zero opportunity
ifa_west_merge,92549,ifa,CA,IFA,IFA_04,IFA,,06065,40140,0636203,"IFA San Diego-Chula Vista-Carlsbad, CA",0.254489,
ifa_west_merge,92551,ifa,CA,IFA,IFA_04,IFA,,06065,40140,0649270,"IFA San Diego-Chula Vista-Carlsbad, CA",0.0,no cell in the extract: territory at zero opportunity
ifa_west_merge,92553,ifa,CA,IFA,IFA_04,IFA,,06065,40140,0649270,"IFA San Diego-Chula Vista-Carlsbad, CA",1.5851,
ifa_west_merge,92555,ifa,CA,IFA,IFA_05,IFA,,06065,40140,0649270,"IFA Los Angeles-Long Beach-Anaheim, CA / Riverside-San Bernardino-Ontario, CA",0.0404033,
ifa_west_merge,92557,ifa,CA,IFA,IFA_05,IFA,,06065,40140,0649270,"IFA Los Angeles-Long Beach-Anaheim, CA / Riverside-San Bernardino-Ontario, CA",0.0,no cell in the extract: territory at zero opportunity
ifa_west_merge,92561,ifa,CA,IFA,IFA_04,IFA,,06065,40140,0649544,"IFA San Diego-Chula Vista-Carlsbad, CA",0.0,no cell in the extract: territory at zero opportunity
ifa_west_merge,92562,ifa,CA,IFA,IFA_04,IFA,,06065,40140,0650076,"IFA San Diego-Chula Vista-Carlsbad, CA",6.59532,
ifa_west_merge,92563,ifa,CA,IFA,IFA_04,IFA,,06065,40140,0650076,"IFA San Diego-Chula Vista-Carlsbad, CA",1.8203,
ifa_west_merge,92567,ifa,CA,IFA,IFA_05,IFA,,06065,40140,0652624,"IFA Los Angeles-Long Beach-Anaheim, CA / Riverside-San Bernardino-Ontario, CA",0.0,no cell in the extract: territory at zero opportunity
ifa_west_merge,92570,ifa,CA,IFA,IFA_04,IFA,,06065,40140,0646646,"IFA San Diego-Chula Vista-Carlsbad, CA",0.0,no cell in the extract: territory at zero opportunity
ifa_west_merge,92571,ifa,CA,IFA,IFA_04,IFA,,06065,40140,0656700,"IFA San Diego-Chula Vista-Carlsbad, CA",0.0,no cell in the extract: territory at zero opportunity
ifa_west_merge,92582,ifa,CA,IFA,IFA_05,IFA,,06065,40140,0667112,"IFA Los Angeles-Long Beach-Anaheim, CA / Riverside-San Bernardino-Ontario, CA",0.0,no cell in the extract: territory at zero opportunity
ifa_west_merge,92583,ifa,CA,IFA,IFA_04,IFA,,06065,40140,0667112,"IFA San Diego-Chula Vista-Carlsbad, CA",0.0,no cell in the extract: territory at zero opportunity
ifa_west_merge,92584,ifa,CA,IFA,IFA_04,IFA,,06065,40140,0646842,"IFA San Diego-Chula Vista-Carlsbad, CA",0.0,no cell in the extract: territory at zero opportunity
ifa_west_merge,92585,ifa,CA,IFA,IFA_04,IFA,,06065,40140,0646842,"IFA San Diego-Chula Vista-Carlsbad, CA",0.15909,
ifa_west_merge,92586,ifa,CA,IFA,IFA_04,IFA,,06065,40140,0646842,"IFA San Diego-Chula Vista-Carlsbad, CA",0.0,no cell in the extract: territory at zero opportunity
ifa_west_merge,92587,ifa,CA,IFA,IFA_04,IFA,,06065,40140,0646842,"IFA San Diego-Chula Vista-Carlsbad, CA",0.139662,
ifa_west_merge,92590,ifa,CA,IFA,IFA_04,IFA,,06065,40140,0678120,"IFA San Diego-Chula Vista-Carlsbad, CA",5.40442,
ifa_west_merge,92591,ifa,CA,IFA,IFA_04,IFA,,06065,40140,0678120,"IFA San Diego-Chula Vista-Carlsbad, CA",5.66259,
ifa_west_merge,92592,ifa,CA,IFA,IFA_04,IFA,,06065,40140,0678120,"IFA San Diego-Chula Vista-Carlsbad, CA",1.9495,
ifa_west_merge,92595,ifa,CA,IFA,IFA_04,IFA,,06065,40140,0685446,"IFA San Diego-Chula Vista-Carlsbad, CA",0.0242612,
ifa_west_merge,92596,ifa,CA,IFA,IFA_04,IFA,,06065,40140,0626067,"IFA San Diego-Chula Vista-Carlsbad, CA",0.0,no cell in the extract: territory at zero opportunity
ifa_west_merge,92602,ifa,CA,IFA,IFA_04,IFA,,06059,31080,0636770,"IFA San Diego-Chula Vista-Carlsbad, CA",0.35833,
ifa_west_merge,92603,ifa,CA,IFA,IFA_04,IFA,,06059,31080,0636770,"IFA San Diego-Chula Vista-Carlsbad, CA",0.677537,
ifa_west_merge,92604,ifa,CA,IFA,IFA_05,IFA,,06059,31080,0636770,"IFA Los Angeles-Long Beach-Anaheim, CA / Riverside-San Bernardino-Ontario, CA",1.0571,
ifa_west_merge,92606,ifa,CA,IFA,IFA_05,IFA,,06059,31080,0636770,"IFA Los Angeles-Long Beach-Anaheim, CA / Riverside-San Bernardino-Ontario, CA",29.8401,
ifa_west_merge,92610,ifa,CA,IFA,IFA_04,IFA,,06059,31080,0639496,"IFA San Diego-Chula Vista-Carlsbad, CA",2.75768,
ifa_west_merge,92612,ifa,CA,IFA,IFA_04,IFA,,06059,31080,0636770,"IFA San Diego-Chula Vista-Carlsbad, CA",45.1829,
ifa_west_merge,92614,ifa,CA,IFA,IFA_04,IFA,,06059,31080,0636770,"IFA San Diego-Chula Vista-Carlsbad, CA",38.5011,
ifa_west_merge,92617,ifa,CA,IFA,IFA_04,IFA,,06059,31080,0636770,"IFA San Diego-Chula Vista-Carlsbad, CA",0.0,no cell in the extract: territory at zero opportunity
ifa_west_merge,92618,ifa,CA,IFA,IFA_04,IFA,,06059,31080,0636770,"IFA San Diego-Chula Vista-Carlsbad, CA",92.9741,
ifa_west_merge,92620,ifa,CA,IFA,IFA_04,IFA,,06059,31080,0636770,"IFA San Diego-Chula Vista-Carlsbad, CA",3.35675,
ifa_west_merge,92624,ifa,CA,IFA,IFA_04,IFA,,06059,31080,0617946,"IFA San Diego-Chula Vista-Carlsbad, CA",0.0,no cell in the extract: territory at zero opportunity
ifa_west_merge,92625,ifa,CA,IFA,IFA_04,IFA,,06059,31080,0651182,"IFA San Diego-Chula Vista-Carlsbad, CA",0.0,no cell in the extract: territory at zero opportunity
ifa_west_merge,92626,ifa,CA,IFA,IFA_04,IFA,,06059,31080,0616532,"IFA San Diego-Chula Vista-Carlsbad, CA",42.3652,
ifa_west_merge,92627,ifa,CA,IFA,IFA_04,IFA,,06059,31080,0616532,"IFA San Diego-Chula Vista-Carlsbad, CA",0.309235,
ifa_west_merge,92629,ifa,CA,IFA,IFA_04,IFA,,06059,31080,0617946,"IFA San Diego-Chula Vista-Carlsbad, CA",7.67148,
ifa_west_merge,92630,ifa,CA,IFA,IFA_04,IFA,,06059,31080,0639496,"IFA San Diego-Chula Vista-Carlsbad, CA",21.6307,
ifa_west_merge,92637,ifa,CA,IFA,IFA_04,IFA,,06059,31080,0639259,"IFA San Diego-Chula Vista-Carlsbad, CA",0.0,no cell in the extract: territory at zero opportunity
ifa_west_merge,92646,ifa,CA,IFA,IFA_05,IFA,,06059,31080,0636000,"IFA Los Angeles-Long Beach-Anaheim, CA / Riverside-San Bernardino-Ontario, CA",0.749075,
ifa_west_merge,92647,ifa,CA,IFA,IFA_05,IFA,,06059,31080,0636000,"IFA Los Angeles-Long Beach-Anaheim, CA / Riverside-San Bernardino-Ontario, CA",33.7188,
ifa_west_merge,92648,ifa,CA,IFA,IFA_05,IFA,,06059,31080,0636000,"IFA Los Angeles-Long Beach-Anaheim, CA / Riverside-San Bernardino-Ontario, CA",2.27278,
ifa_west_merge,92649,ifa,CA,IFA,IFA_05,IFA,,06059,31080,0636000,"IFA Los Angeles-Long Beach-Anaheim, CA / Riverside-San Bernardino-Ontario, CA",2.69843,
ifa_west_merge,92651,ifa,CA,IFA,IFA_04,IFA,,06059,31080,0639178,"IFA San Diego-Chula Vista-Carlsbad, CA",2.43329,
ifa_west_merge,92653,ifa,CA,IFA,IFA_04,IFA,,06059,31080,0639220,"IFA San Diego-Chula Vista-Carlsbad, CA",13.5,
ifa_west_merge,92655,ifa,CA,IFA,IFA_05,IFA,,06059,31080,0647430,"IFA Los Angeles-Long Beach-Anaheim, CA / Riverside-San Bernardino-Ontario, CA",0.0,no cell in the extract: territory at zero opportunity
ifa_west_merge,92656,ifa,CA,IFA,IFA_04,IFA,,06059,31080,0600947,"IFA San Diego-Chula Vista-Carlsbad, CA",6.76208,
ifa_west_merge,92657,ifa,CA,IFA,IFA_04,IFA,,06059,31080,0651182,"IFA San Diego-Chula Vista-Carlsbad, CA",0.0,no cell in the extract: territory at zero opportunity
ifa_west_merge,92660,ifa,CA,IFA,IFA_04,IFA,,06059,31080,0651182,"IFA San Diego-Chula Vista-Carlsbad, CA",91.2902,
ifa_west_merge,92661,ifa,CA,IFA,IFA_04,IFA,,06059,31080,0651182,"IFA San Diego-Chula Vista-Carlsbad, CA",0.0,no cell in the extract: territory at zero opportunity
ifa_west_merge,92662,ifa,CA,IFA,IFA_04,IFA,,06059,31080,0651182,"IFA San Diego-Chula Vista-Carlsbad, CA",0.0,no cell in the extract: territory at zero opportunity
ifa_west_merge,92663,ifa,CA,IFA,IFA_04,IFA,,06059,31080,0651182,"IFA San Diego-Chula Vista-Carlsbad, CA",3.85345,
ifa_west_merge,92672,ifa,CA,IFA,IFA_04,IFA,,06073,41740,0665084,"IFA San Diego-Chula Vista-Carlsbad, CA",9.65117,
ifa_west_merge,92673,ifa,CA,IFA,IFA_04,IFA,,06059,31080,0665084,"IFA San Diego-Chula Vista-Carlsbad, CA",6.34359,
ifa_west_merge,92675,ifa,CA,IFA,IFA_04,IFA,,06059,31080,0668028,"IFA San Diego-Chula Vista-Carlsbad, CA",20.1957,
ifa_west_merge,92676,ifa,CA,IFA,IFA_04,IFA,,06059,31080,0671918,"IFA San Diego-Chula Vista-Carlsbad, CA",0.0,no cell in the extract: territory at zero opportunity
ifa_west_merge,92677,ifa,CA,IFA,IFA_04,IFA,,06059,31080,0639248,"IFA San Diego-Chula Vista-Carlsbad, CA",25.1436,
ifa_west_merge,92678,ifa,CA,IFA,IFA_04,IFA,,06059,31080,0680210,"IFA San Diego-Chula Vista-Carlsbad, CA",0.0,no cell in the extract: territory at zero opportunity
ifa_west_merge,92679,ifa,CA,IFA,IFA_04,IFA,,06059,31080,0616580,"IFA San Diego-Chula Vista-Carlsbad, CA",2.84684,
ifa_west_merge,92683,ifa,CA,IFA,IFA_05,IFA,,06059,31080,0684550,"IFA Los Angeles-Long Beach-Anaheim, CA / Riverside-San Bernardino-Ontario, CA",0.0,no cell in the extract: territory at zero opportunity
ifa_west_merge,92688,ifa,CA,IFA,IFA_04,IFA,,06059,31080,0659587,"IFA San Diego-Chula Vista-Carlsbad, CA",1.87123,
ifa_west_merge,92691,ifa,CA,IFA,IFA_04,IFA,,06059,31080,0648256,"IFA San Diego-Chula Vista-Carlsbad, CA",11.6425,
ifa_west_merge,92692,ifa,CA,IFA,IFA_04,IFA,,06059,31080,0648256,"IFA San Diego-Chula Vista-Carlsbad, CA",8.36245,
ifa_west_merge,92694,ifa,CA,IFA,IFA_04,IFA,,06059,31080,0659503,"IFA San Diego-Chula Vista-Carlsbad, CA",0.0244124,
ifa_west_merge,92697,ifa,CA,IFA,IFA_04,IFA,,06059,31080,0636770,"IFA San Diego-Chula Vista-Carlsbad, CA",0.0,no cell in the extract: territory at zero opportunity
ifa_west_merge,92701,ifa,CA,IFA,IFA_05,IFA,,06059,31080,0669000,"IFA Los Angeles-Long Beach-Anaheim, CA / Riverside-San Bernardino-Ontario, CA",7.39062,
ifa_west_merge,92703,ifa,CA,IFA,IFA_05,IFA,,06059,31080,0669000,"IFA Los Angeles-Long Beach-Anaheim, CA / Riverside-San Bernardino-Ontario, CA",0.0,no cell in the extract: territory at zero opportunity
ifa_west_merge,92704,ifa,CA,IFA,IFA_05,IFA,,06059,31080,0669000,"IFA Los Angeles-Long Beach-Anaheim, CA / Riverside-San Bernardino-Ontario, CA",0.988852,
ifa_west_merge,92705,ifa,CA,IFA,IFA_05,IFA,,06059,31080,0652379,"IFA Los Angeles-Long Beach-Anaheim, CA / Riverside-San Bernardino-Ontario, CA",16.9148,
ifa_west_merge,92706,ifa,CA,IFA,IFA_05,IFA,,06059,31080,0669000,"IFA Los Angeles-Long Beach-Anaheim, CA / Riverside-San Bernardino-Ontario, CA",0.0424394,
ifa_west_merge,92707,ifa,CA,IFA,IFA_05,IFA,,06059,31080,0669000,"IFA Los Angeles-Long Beach-Anaheim, CA / Riverside-San Bernardino-Ontario, CA",7.19934,
ifa_west_merge,92708,ifa,CA,IFA,IFA_05,IFA,,06059,31080,0625380,"IFA Los Angeles-Long Beach-Anaheim, CA / Riverside-San Bernardino-Ontario, CA",18.1982,
ifa_west_merge,92780,ifa,CA,IFA,IFA_05,IFA,,06059,31080,0680854,"IFA Los Angeles-Long Beach-Anaheim, CA / Riverside-San Bernardino-Ontario, CA",31.4435,
ifa_west_merge,92782,ifa,CA,IFA,IFA_04,IFA,,06059,31080,0680854,"IFA San Diego-Chula Vista-Carlsbad, CA",1.23083,
ifa_west_merge,92801,ifa,CA,IFA,IFA_05,IFA,,06059,31080,0602000,"IFA Los Angeles-Long Beach-Anaheim, CA / Riverside-San Bernardino-Ontario, CA",0.574802,
ifa_west_merge,92802,ifa,CA,IFA,IFA_05,IFA,,06059,31080,0602000,"IFA Los Angeles-Long Beach-Anaheim, CA / Riverside-San Bernardino-Ontario, CA",0.139568,
ifa_west_merge,92804,ifa,CA,IFA,IFA_05,IFA,,06059,31080,0602000,"IFA Los Angeles-Long Beach-Anaheim, CA / Riverside-San Bernardino-Ontario, CA",0.0,no cell in the extract: territory at zero opportunity
ifa_west_merge,92805,ifa,CA,IFA,IFA_05,IFA,,06059,31080,0602000,"IFA Los Angeles-Long Beach-Anaheim, CA / Riverside-San Bernardino-Ontario, CA",0.390078,
ifa_west_merge,92806,ifa,CA,IFA,IFA_05,IFA,,06059,31080,0602000,"IFA Los Angeles-Long Beach-Anaheim, CA / Riverside-San Bernardino-Ontario, CA",13.2567,
ifa_west_merge,92807,ifa,CA,IFA,IFA_05,IFA,,06059,31080,0602000,"IFA Los Angeles-Long Beach-Anaheim, CA / Riverside-San Bernardino-Ontario, CA",15.5175,
ifa_west_merge,92808,ifa,CA,IFA,IFA_05,IFA,,06059,31080,0602000,"IFA Los Angeles-Long Beach-Anaheim, CA / Riverside-San Bernardino-Ontario, CA",18.0715,
ifa_west_merge,92821,ifa,CA,IFA,IFA_05,IFA,,06059,31080,0608100,"IFA Los Angeles-Long Beach-Anaheim, CA / Riverside-San Bernardino-Ontario, CA",44.3625,
ifa_west_merge,92823,ifa,CA,IFA,IFA_05,IFA,,06059,31080,0608100,"IFA Los Angeles-Long Beach-Anaheim, CA / Riverside-San Bernardino-Ontario, CA",0.0,no cell in the extract: territory at zero opportunity
ifa_west_merge,92831,ifa,CA,IFA,IFA_05,IFA,,06059,31080,0628000,"IFA Los Angeles-Long Beach-Anaheim, CA / Riverside-San Bernardino-Ontario, CA",24.2896,
ifa_west_merge,92832,ifa,CA,IFA,IFA_05,IFA,,06059,31080,0628000,"IFA Los Angeles-Long Beach-Anaheim, CA / Riverside-San Bernardino-Ontario, CA",2.55847,
ifa_west_merge,92833,ifa,CA,IFA,IFA_05,IFA,,06059,31080,0628000,"IFA Los Angeles-Long Beach-Anaheim, CA / Riverside-San Bernardino-Ontario, CA",1.25315,
ifa_west_merge,92835,ifa,CA,IFA,IFA_05,IFA,,06059,31080,0628000,"IFA Los Angeles-Long Beach-Anaheim, CA / Riverside-San Bernardino-Ontario, CA",2.89024,
ifa_west_merge,92840,ifa,CA,IFA,IFA_05,IFA,,06059,31080,0629000,"IFA Los Angeles-Long Beach-Anaheim, CA / Riverside-San Bernardino-Ontario, CA",1.47329,
ifa_west_merge,92841,ifa,CA,IFA,IFA_05,IFA,,06059,31080,0629000,"IFA Los Angeles-Long Beach-Anaheim, CA / Riverside-San Bernardino-Ontario, CA",0.0,no cell in the extract: territory at zero opportunity
ifa_west_merge,92843,ifa,CA,IFA,IFA_05,IFA,,06059,31080,0629000,"IFA Los Angeles-Long Beach-Anaheim, CA / Riverside-San Bernardino-Ontario, CA",0.0,no cell in the extract: territory at zero opportunity
ifa_west_merge,92844,ifa,CA,IFA,IFA_05,IFA,,06059,31080,0629000,"IFA Los Angeles-Long Beach-Anaheim, CA / Riverside-San Bernardino-Ontario, CA",0.344995,
ifa_west_merge,92845,ifa,CA,IFA,IFA_05,IFA,,06059,31080,0629000,"IFA Los Angeles-Long Beach-Anaheim, CA / Riverside-San Bernardino-Ontario, CA",0.0,no cell in the extract: territory at zero opportunity
ifa_west_merge,92860,ifa,CA,IFA,IFA_04,IFA,,06065,40140,0651560,"IFA San Diego-Chula Vista-Carlsbad, CA",9.39869,
ifa_west_merge,92861,ifa,CA,IFA,IFA_05,IFA,,06059,31080,0682744,"IFA Los Angeles-Long Beach-Anaheim, CA / Riverside-San Bernardino-Ontario, CA",0.0,no cell in the extract: territory at zero opportunity
ifa_west_merge,92865,ifa,CA,IFA,IFA_05,IFA,,06059,31080,0653980,"IFA Los Angeles-Long Beach-Anaheim, CA / Riverside-San Bernardino-Ontario, CA",14.8182,
ifa_west_merge,92866,ifa,CA,IFA,IFA_05,IFA,,06059,31080,0653980,"IFA Los Angeles-Long Beach-Anaheim, CA / Riverside-San Bernardino-Ontario, CA",5.6865,
ifa_west_merge,92867,ifa,CA,IFA,IFA_05,IFA,,06059,31080,0653980,"IFA Los Angeles-Long Beach-Anaheim, CA / Riverside-San Bernardino-Ontario, CA",15.8122,
ifa_west_merge,92868,ifa,CA,IFA,IFA_05,IFA,,06059,31080,0653980,"IFA Los Angeles-Long Beach-Anaheim, CA / Riverside-San Bernardino-Ontario, CA",22.2502,
ifa_west_merge,92869,ifa,CA,IFA,IFA_05,IFA,,06059,31080,0653980,"IFA Los Angeles-Long Beach-Anaheim, CA / Riverside-San Bernardino-Ontario, CA",0.639932,
ifa_west_merge,92870,ifa,CA,IFA,IFA_05,IFA,,06059,31080,0657526,"IFA Los Angeles-Long Beach-Anaheim, CA / Riverside-San Bernardino-Ontario, CA",15.9215,
ifa_west_merge,92879,ifa,CA,IFA,IFA_05,IFA,,06065,40140,0616350,"IFA Los Angeles-Long Beach-Anaheim, CA / Riverside-San Bernardino-Ontario, CA",7.51001,
ifa_west_merge,92880,ifa,CA,IFA,IFA_05,IFA,,06065,40140,0621230,"IFA Los Angeles-Long Beach-Anaheim, CA / Riverside-San Bernardino-Ontario, CA",1.16098,
ifa_west_merge,92881,ifa,CA,IFA,IFA_05,IFA,,06065,40140,0616350,"IFA Los Angeles-Long Beach-Anaheim, CA / Riverside-San Bernardino-Ontario, CA",0.256411,
ifa_west_merge,92882,ifa,CA,IFA,IFA_05,IFA,,06065,40140,0616350,"IFA Los Angeles-Long Beach-Anaheim, CA / Riverside-San Bernardino-Ontario, CA",0.0,no cell in the extract: territory at zero opportunity
ifa_west_merge,92883,ifa,CA,IFA,IFA_04,IFA,,06065,40140,0678138,"IFA San Diego-Chula Vista-Carlsbad, CA",16.4844,
ifa_west_merge,92886,ifa,CA,IFA,IFA_05,IFA,,06059,31080,0686832,"IFA Los Angeles-Long Beach-Anaheim, CA / Riverside-San Bernardino-Ontario, CA",0.0357953,
ifa_west_merge,92887,ifa,CA,IFA,IFA_05,IFA,,06059,31080,0686832,"IFA Los Angeles-Long Beach-Anaheim, CA / Riverside-San Bernardino-Ontario, CA",2.04515,
ifa_west_merge,93001,ifa,CA,IFA,IFA_03,IFA,,06111,37100,0665042,"IFA Los Angeles-Long Beach-Anaheim, CA / San Jose-Sunnyvale-Santa Clara, CA",5.67667,
ifa_west_merge,93003,ifa,CA,IFA,IFA_03,IFA,,06111,37100,0665042,"IFA Los Angeles-Long Beach-Anaheim, CA / San Jose-Sunnyvale-Santa Clara, CA",1.01616,
ifa_west_merge,93004,ifa,CA,IFA,IFA_03,IFA,,06111,37100,0665042,"IFA Los Angeles-Long Beach-Anaheim, CA / San Jose-Sunnyvale-Santa Clara, CA",0.0,no cell in the extract: territory at zero opportunity
ifa_west_merge,93010,ifa,CA,IFA,IFA_03,IFA,,06111,37100,0610046,"IFA Los Angeles-Long Beach-Anaheim, CA / San Jose-Sunnyvale-Santa Clara, CA",13.0936,
ifa_west_merge,93012,ifa,CA,IFA,IFA_03,IFA,,06111,37100,0610046,"IFA Los Angeles-Long Beach-Anaheim, CA / San Jose-Sunnyvale-Santa Clara, CA",3.50456,
ifa_west_merge,93013,ifa,CA,IFA,IFA_03,IFA,,06083,42200,0679529,"IFA Los Angeles-Long Beach-Anaheim, CA / San Jose-Sunnyvale-Santa Clara, CA",0.0568437,
ifa_west_merge,93015,ifa,CA,IFA,IFA_03,IFA,,06111,37100,0624092,"IFA Los Angeles-Long Beach-Anaheim, CA / San Jose-Sunnyvale-Santa Clara, CA",0.0,no cell in the extract: territory at zero opportunity
ifa_west_merge,93021,ifa,CA,IFA,IFA_03,IFA,,06111,37100,0649138,"IFA Los Angeles-Long Beach-Anaheim, CA / San Jose-Sunnyvale-Santa Clara, CA",0.494912,
ifa_west_merge,93022,ifa,CA,IFA,IFA_03,IFA,,06111,37100,0653182,"IFA Los Angeles-Long Beach-Anaheim, CA / San Jose-Sunnyvale-Santa Clara, CA",0.0,no cell in the extract: territory at zero opportunity
ifa_west_merge,93023,ifa,CA,IFA,IFA_03,IFA,,06111,37100,0648046,"IFA Los Angeles-Long Beach-Anaheim, CA / San Jose-Sunnyvale-Santa Clara, CA",0.0,no cell in the extract: territory at zero opportunity
ifa_west_merge,93030,ifa,CA,IFA,IFA_03,IFA,,06111,37100,0654652,"IFA Los Angeles-Long Beach-Anaheim, CA / San Jose-Sunnyvale-Santa Clara, CA",0.227102,
ifa_west_merge,93033,ifa,CA,IFA,IFA_03,IFA,,06111,37100,0654652,"IFA Los Angeles-Long Beach-Anaheim, CA / San Jose-Sunnyvale-Santa Clara, CA",0.0,no cell in the extract: territory at zero opportunity
ifa_west_merge,93035,ifa,CA,IFA,IFA_03,IFA,,06111,37100,0654652,"IFA Los Angeles-Long Beach-Anaheim, CA / San Jose-Sunnyvale-Santa Clara, CA",5.37031,
ifa_west_merge,93036,ifa,CA,IFA,IFA_03,IFA,,06111,37100,0654652,"IFA Los Angeles-Long Beach-Anaheim, CA / San Jose-Sunnyvale-Santa Clara, CA",5.02134,
ifa_west_merge,93040,ifa,CA,IFA,IFA_03,IFA,,06111,37100,0657372,"IFA Los Angeles-Long Beach-Anaheim, CA / San Jose-Sunnyvale-Santa Clara, CA",0.0,no cell in the extract: territory at zero opportunity
ifa_west_merge,93041,ifa,CA,IFA,IFA_03,IFA,,06111,37100,0658296,"IFA Los Angeles-Long Beach-Anaheim, CA / San Jose-Sunnyvale-Santa Clara, CA",0.657385,
ifa_west_merge,93042,ifa,CA,IFA,IFA_03,IFA,,06111,37100,0654652,"IFA Los Angeles-Long Beach-Anaheim, CA / San Jose-Sunnyvale-Santa Clara, CA",0.0,no cell in the extract: territory at zero opportunity
ifa_west_merge,93043,ifa,CA,IFA,IFA_03,IFA,,06111,37100,0658296,"IFA Los Angeles-Long Beach-Anaheim, CA / San Jose-Sunnyvale-Santa Clara, CA",0.0,no cell in the extract: territory at zero opportunity
ifa_west_merge,93060,ifa,CA,IFA,IFA_03,IFA,,06111,37100,0670042,"IFA Los Angeles-Long Beach-Anaheim, CA / San Jose-Sunnyvale-Santa Clara, CA",0.0929925,
ifa_west_merge,93063,ifa,CA,IFA,IFA_03,IFA,,06111,37100,0672016,"IFA Los Angeles-Long Beach-Anaheim, CA / San Jose-Sunnyvale-Santa Clara, CA",1.32558,
ifa_west_merge,93064,ifa,CA,IFA,IFA_03,IFA,,06111,37100,,"IFA Los Angeles-Long Beach-Anaheim, CA / San Jose-Sunnyvale-Santa Clara, CA",0.0,no cell in the extract: territory at zero opportunity
ifa_west_merge,93065,ifa,CA,IFA,IFA_03,IFA,,06111,37100,0672016,"IFA Los Angeles-Long Beach-Anaheim, CA / San Jose-Sunnyvale-Santa Clara, CA",7.53997,
ifa_west_merge,93066,ifa,CA,IFA,IFA_03,IFA,,06111,37100,0672632,"IFA Los Angeles-Long Beach-Anaheim, CA / San Jose-Sunnyvale-Santa Clara, CA",8.48235,
ifa_west_merge,93067,ifa,CA,IFA,IFA_03,IFA,,06083,42200,0675714,"IFA Los Angeles-Long Beach-Anaheim, CA / San Jose-Sunnyvale-Santa Clara, CA",0.0,no cell in the extract: territory at zero opportunity
ifa_west_merge,93101,ifa,CA,IFA,IFA_03,IFA,,06083,42200,0669070,"IFA Los Angeles-Long Beach-Anaheim, CA / San Jose-Sunnyvale-Santa Clara, CA",6.68118,
ifa_west_merge,93103,ifa,CA,IFA,IFA_03,IFA,,06083,42200,0669070,"IFA Los Angeles-Long Beach-Anaheim, CA / San Jose-Sunnyvale-Santa Clara, CA",0.507585,
ifa_west_merge,93105,ifa,CA,IFA,IFA_03,IFA,,06083,42200,0669070,"IFA Los Angeles-Long Beach-Anaheim, CA / San Jose-Sunnyvale-Santa Clara, CA",1.82198,
ifa_west_merge,93106,ifa,CA,IFA,IFA_03,IFA,,06083,42200,0681316,"IFA Los Angeles-Long Beach-Anaheim, CA / San Jose-Sunnyvale-Santa Clara, CA",0.0,no cell in the extract: territory at zero opportunity
ifa_west_merge,93108,ifa,CA,IFA,IFA_03,IFA,,06083,42200,0648844,"IFA Los Angeles-Long Beach-Anaheim, CA / San Jose-Sunnyvale-Santa Clara, CA",0.336656,
ifa_west_merge,93109,ifa,CA,IFA,IFA_03,IFA,,06083,42200,0669070,"IFA Los Angeles-Long Beach-Anaheim, CA / San Jose-Sunnyvale-Santa Clara, CA",0.143633,
ifa_west_merge,93110,ifa,CA,IFA,IFA_03,IFA,,06083,42200,0620574,"IFA Los Angeles-Long Beach-Anaheim, CA / San Jose-Sunnyvale-Santa Clara, CA",0.0,no cell in the extract: territory at zero opportunity
ifa_west_merge,93111,ifa,CA,IFA,IFA_03,IFA,,06083,42200,0620574,"IFA Los Angeles-Long Beach-Anaheim, CA / San Jose-Sunnyvale-Santa Clara, CA",0.0,no cell in the extract: territory at zero opportunity
ifa_west_merge,93117,ifa,CA,IFA,IFA_03,IFA,,06083,42200,0630378,"IFA Los Angeles-Long Beach-Anaheim, CA / San Jose-Sunnyvale-Santa Clara, CA",1.3577,
ifa_west_merge,93201,ifa,CA,IFA,IFA_03,IFA,,06107,47300,0601164,"IFA Los Angeles-Long Beach-Anaheim, CA / San Jose-Sunnyvale-Santa Clara, CA",0.0,no cell in the extract: territory at zero opportunity
ifa_west_merge,93202,ifa,CA,IFA,IFA_03,IFA,,06031,25260,0602700,"IFA Los Angeles-Long Beach-Anaheim, CA / San Jose-Sunnyvale-Santa Clara, CA",0.0,no cell in the extract: territory at zero opportunity
ifa_west_merge,93203,ifa,CA,IFA,IFA_03,IFA,,06029,12540,0602924,"IFA Los Angeles-Long Beach-Anaheim, CA / San Jose-Sunnyvale-Santa Clara, CA",0.0,no cell in the extract: territory at zero opportunity
ifa_west_merge,93204,ifa,CA,IFA,IFA_03,IFA,,06031,25260,0603302,"IFA Los Angeles-Long Beach-Anaheim, CA / San Jose-Sunnyvale-Santa Clara, CA",0.0,no cell in the extract: territory at zero opportunity
ifa_west_merge,93205,ifa,CA,IFA,IFA_03,IFA,,06029,12540,0607274,"IFA Los Angeles-Long Beach-Anaheim, CA / San Jose-Sunnyvale-Santa Clara, CA",0.0,no cell in the extract: territory at zero opportunity
ifa_west_merge,93206,ifa,CA,IFA,IFA_03,IFA,,06029,12540,0609332,"IFA Los Angeles-Long Beach-Anaheim, CA / San Jose-Sunnyvale-Santa Clara, CA",0.0,no cell in the extract: territory at zero opportunity
ifa_west_merge,93207,ifa,CA,IFA,IFA_03,IFA,,06107,47300,0657134,"IFA Los Angeles-Long Beach-Anaheim, CA / San Jose-Sunnyvale-Santa Clara, CA",0.0,no cell in the extract: territory at zero opportunity
ifa_west_merge,93208,ifa,CA,IFA,IFA_03,IFA,,06107,47300,0610494,"IFA Los Angeles-Long Beach-Anaheim, CA / San Jose-Sunnyvale-Santa Clara, CA",0.0,no cell in the extract: territory at zero opportunity
ifa_west_merge,93210,ifa,CA,IFA,IFA_03,IFA,,06019,23420,0614274,"IFA Los Angeles-Long Beach-Anaheim, CA / San Jose-Sunnyvale-Santa Clara, CA",0.0,no cell in the extract: territory at zero opportunity
ifa_west_merge,93212,ifa,CA,IFA,IFA_03,IFA,,06031,25260,0616224,"IFA Los Angeles-Long Beach-Anaheim, CA / San Jose-Sunnyvale-Santa Clara, CA",0.0,no cell in the extract: territory at zero opportunity
ifa_west_merge,93215,ifa,CA,IFA,IFA_03,IFA,,06029,12540,0618394,"IFA Los Angeles-Long Beach-Anaheim, CA / San Jose-Sunnyvale-Santa Clara, CA",0.0,no cell in the extract: territory at zero opportunity
ifa_west_merge,93218,ifa,CA,IFA,IFA_03,IFA,,06107,47300,0620032,"IFA Los Angeles-Long Beach-Anaheim, CA / San Jose-Sunnyvale-Santa Clara, CA",0.0,no cell in the extract: territory at zero opportunity
ifa_west_merge,93219,ifa,CA,IFA,IFA_03,IFA,,06107,47300,0601010,"IFA Los Angeles-Long Beach-Anaheim, CA / San Jose-Sunnyvale-Santa Clara, CA",0.0,no cell in the extract: territory at zero opportunity
ifa_west_merge,93220,ifa,CA,IFA,IFA_03,IFA,,06029,12540,0677934,"IFA Los Angeles-Long Beach-Anaheim, CA / San Jose-Sunnyvale-Santa Clara, CA",0.0,no cell in the extract: territory at zero opportunity
ifa_west_merge,93221,ifa,CA,IFA,IFA_03,IFA,,06107,47300,0623126,"IFA Los Angeles-Long Beach-Anaheim, CA / San Jose-Sunnyvale-Santa Clara, CA",0.480454,
ifa_west_merge,93222,ifa,CA,IFA,IFA_03,IFA,,06029,12540,0657240,"IFA Los Angeles-Long Beach-Anaheim, CA / San Jose-Sunnyvale-Santa Clara, CA",0.0632582,
ifa_west_merge,93223,ifa,CA,IFA,IFA_03,IFA,,06107,47300,0623616,"IFA Los Angeles-Long Beach-Anaheim, CA / San Jose-Sunnyvale-Santa Clara, CA",0.0,no cell in the extract: territory at zero opportunity
ifa_west_merge,93224,ifa,CA,IFA,IFA_03,IFA,,06029,12540,0618926,"IFA Los Angeles-Long Beach-Anaheim, CA / San Jose-Sunnyvale-Santa Clara, CA",0.0,no cell in the extract: territory at zero opportunity
ifa_west_merge,93225,ifa,CA,IFA,IFA_03,IFA,,06111,37100,0625534,"IFA Los Angeles-Long Beach-Anaheim, CA / San Jose-Sunnyvale-Santa Clara, CA",0.867945,
ifa_west_merge,93226,ifa,CA,IFA,IFA_03,IFA,,06029,12540,0630126,"IFA Los Angeles-Long Beach-Anaheim, CA / San Jose-Sunnyvale-Santa Clara, CA",0.0,no cell in the extract: territory at zero opportunity
ifa_west_merge,93227,ifa,CA,IFA,IFA_03,IFA,,06107,47300,0630476,"IFA Los Angeles-Long Beach-Anaheim, CA / San Jose-Sunnyvale-Santa Clara, CA",0.0,no cell in the extract: territory at zero opportunity
ifa_west_merge,93230,ifa,CA,IFA,IFA_03,IFA,,06031,25260,0631960,"IFA Los Angeles-Long Beach-Anaheim, CA / San Jose-Sunnyvale-Santa Clara, CA",2.6519,
ifa_west_merge,93234,ifa,CA,IFA,IFA_03,IFA,,06019,23420,0636084,"IFA Los Angeles-Long Beach-Anaheim, CA / San Jose-Sunnyvale-Santa Clara, CA",0.0,no cell in the extract: territory at zero opportunity
ifa_west_merge,93235,ifa,CA,IFA,IFA_03,IFA,,06107,47300,0636910,"IFA Los Angeles-Long Beach-Anaheim, CA / San Jose-Sunnyvale-Santa Clara, CA",0.0,no cell in the extract: territory at zero opportunity
ifa_west_merge,93237,ifa,CA,IFA,IFA_03,IFA,,06107,47300,0678638,"IFA Los Angeles-Long Beach-Anaheim, CA / San Jose-Sunnyvale-Santa Clara, CA",0.0,no cell in the extract: territory at zero opportunity
ifa_west_merge,93238,ifa,CA,IFA,IFA_03,IFA,,06107,47300,0638310,"IFA Los Angeles-Long Beach-Anaheim, CA / San Jose-Sunnyvale-Santa Clara, CA",0.0,no cell in the extract: territory at zero opportunity
ifa_west_merge,93239,ifa,CA,IFA,IFA_03,IFA,,06031,25260,0603302,"IFA Los Angeles-Long Beach-Anaheim, CA / San Jose-Sunnyvale-Santa Clara, CA",0.0,no cell in the extract: territory at zero opportunity
ifa_west_merge,93240,ifa,CA,IFA,IFA_03,IFA,,06029,12540,0639570,"IFA Los Angeles-Long Beach-Anaheim, CA / San Jose-Sunnyvale-Santa Clara, CA",0.0,no cell in the extract: territory at zero opportunity
ifa_west_merge,93241,ifa,CA,IFA,IFA_03,IFA,,06029,12540,0683863,"IFA Los Angeles-Long Beach-Anaheim, CA / San Jose-Sunnyvale-Santa Clara, CA",0.0,no cell in the extract: territory at zero opportunity
ifa_west_merge,93242,ifa,CA,IFA,IFA_03,IFA,,06019,23420,0640746,"IFA Los Angeles-Long Beach-Anaheim, CA / San Jose-Sunnyvale-Santa Clara, CA",0.0,no cell in the extract: territory at zero opportunity
ifa_west_merge,93243,ifa,CA,IFA,IFA_03,IFA,,06029,12540,0640956,"IFA Los Angeles-Long Beach-Anaheim, CA / San Jose-Sunnyvale-Santa Clara, CA",0.0,no cell in the extract: territory at zero opportunity
ifa_west_merge,93244,ifa,CA,IFA,IFA_03,IFA,,06107,47300,0641110,"IFA Los Angeles-Long Beach-Anaheim, CA / San Jose-Sunnyvale-Santa Clara, CA",0.0,no cell in the extract: territory at zero opportunity
ifa_west_merge,93245,ifa,CA,IFA,IFA_03,IFA,,06031,25260,0641152,"IFA Los Angeles-Long Beach-Anaheim, CA / San Jose-Sunnyvale-Santa Clara, CA",0.0,no cell in the extract: territory at zero opportunity
ifa_west_merge,93246,ifa,CA,IFA,IFA_03,IFA,,06031,25260,0641166,"IFA Los Angeles-Long Beach-Anaheim, CA / San Jose-Sunnyvale-Santa Clara, CA",0.0,no cell in the extract: territory at zero opportunity
ifa_west_merge,93247,ifa,CA,IFA,IFA_03,IFA,,06107,47300,0641712,"IFA Los Angeles-Long Beach-Anaheim, CA / San Jose-Sunnyvale-Santa Clara, CA",0.0,no cell in the extract: territory at zero opportunity
ifa_west_merge,93249,ifa,CA,IFA,IFA_03,IFA,,06029,12540,0644280,"IFA Los Angeles-Long Beach-Anaheim, CA / San Jose-Sunnyvale-Santa Clara, CA",0.0,no cell in the extract: territory at zero opportunity
ifa_west_merge,93250,ifa,CA,IFA,IFA_03,IFA,,06029,12540,0644826,"IFA Los Angeles-Long Beach-Anaheim, CA / San Jose-Sunnyvale-Santa Clara, CA",0.0,no cell in the extract: territory at zero opportunity
ifa_west_merge,93251,ifa,CA,IFA,IFA_03,IFA,,06029,12540,0644924,"IFA Los Angeles-Long Beach-Anaheim, CA / San Jose-Sunnyvale-Santa Clara, CA",0.0,no cell in the extract: territory at zero opportunity
ifa_west_merge,93252,ifa,CA,IFA,IFA_03,IFA,,06111,37100,0645736,"IFA Los Angeles-Long Beach-Anaheim, CA / San Jose-Sunnyvale-Santa Clara, CA",0.0,no cell in the extract: territory at zero opportunity
ifa_west_merge,93254,ifa,CA,IFA,IFA_03,IFA,,06083,42200,0651028,"IFA Los Angeles-Long Beach-Anaheim, CA / San Jose-Sunnyvale-Santa Clara, CA",0.0,no cell in the extract: territory at zero opportunity
ifa_west_merge,93255,ifa,CA,IFA,IFA_03,IFA,,06029,12540,0653910,"IFA Los Angeles-Long Beach-Anaheim, CA / San Jose-Sunnyvale-Santa Clara, CA",0.0,no cell in the extract: territory at zero opportunity
ifa_west_merge,93256,ifa,CA,IFA,IFA_03,IFA,,06107,47300,0657512,"IFA Los Angeles-Long Beach-Anaheim, CA / San Jose-Sunnyvale-Santa Clara, CA",0.0,no cell in the extract: territory at zero opportunity
ifa_west_merge,93257,ifa,CA,IFA,IFA_03,IFA,,06107,47300,0658240,"IFA Los Angeles-Long Beach-Anaheim, CA / San Jose-Sunnyvale-Santa Clara, CA",0.0389409,
ifa_west_merge,93258,ifa,CA,IFA,IFA_03,IFA,,06107,47300,0658191,"IFA Los Angeles-Long Beach-Anaheim, CA / San Jose-Sunnyvale-Santa Clara, CA",0.0,no cell in the extract: territory at zero opportunity
ifa_west_merge,93260,ifa,CA,IFA,IFA_03,IFA,,06107,47300,0644770,"IFA Los Angeles-Long Beach-Anaheim, CA / San Jose-Sunnyvale-Santa Clara, CA",0.0,no cell in the extract: territory at zero opportunity
ifa_west_merge,93261,ifa,CA,IFA,IFA_03,IFA,,06107,47300,0660606,"IFA Los Angeles-Long Beach-Anaheim, CA / San Jose-Sunnyvale-Santa Clara, CA",0.0,no cell in the extract: territory at zero opportunity
ifa_west_merge,93262,ifa,CA,IFA,IFA_03,IFA,,06107,47300,0671932,"IFA Los Angeles-Long Beach-Anaheim, CA / San Jose-Sunnyvale-Santa Clara, CA",0.0,no cell in the extract: territory at zero opportunity
ifa_west_merge,93263,ifa,CA,IFA,IFA_03,IFA,,06029,12540,0671106,"IFA Los Angeles-Long Beach-Anaheim, CA / San Jose-Sunnyvale-Santa Clara, CA",0.0,no cell in the extract: territory at zero opportunity
ifa_west_merge,93265,ifa,CA,IFA,IFA_03,IFA,,06107,47300,0673710,"IFA Los Angeles-Long Beach-Anaheim, CA / San Jose-Sunnyvale-Santa Clara, CA",0.0,no cell in the extract: territory at zero opportunity
ifa_west_merge,93266,ifa,CA,IFA,IFA_03,IFA,,06031,25260,0675252,"IFA Los Angeles-Long Beach-Anaheim, CA / San Jose-Sunnyvale-Santa Clara, CA",0.0,no cell in the extract: territory at zero opportunity
ifa_west_merge,93267,ifa,CA,IFA,IFA_03,IFA,,06107,47300,0675280,"IFA Los Angeles-Long Beach-Anaheim, CA / San Jose-Sunnyvale-Santa Clara, CA",0.0,no cell in the extract: territory at zero opportunity
ifa_west_merge,93268,ifa,CA,IFA,IFA_03,IFA,,06029,12540,0677574,"IFA Los Angeles-Long Beach-Anaheim, CA / San Jose-Sunnyvale-Santa Clara, CA",0.0,no cell in the extract: territory at zero opportunity
ifa_west_merge,93270,ifa,CA,IFA,IFA_03,IFA,,06107,47300,0678288,"IFA Los Angeles-Long Beach-Anaheim, CA / San Jose-Sunnyvale-Santa Clara, CA",0.0,no cell in the extract: territory at zero opportunity
ifa_west_merge,93271,ifa,CA,IFA,IFA_03,IFA,,06107,47300,0678638,"IFA Los Angeles-Long Beach-Anaheim, CA / San Jose-Sunnyvale-Santa Clara, CA",0.215041,
ifa_west_merge,93272,ifa,CA,IFA,IFA_03,IFA,,06107,47300,0678750,"IFA Los Angeles-Long Beach-Anaheim, CA / San Jose-Sunnyvale-Santa Clara, CA",0.0,no cell in the extract: territory at zero opportunity
ifa_west_merge,93274,ifa,CA,IFA,IFA_03,IFA,,06107,47300,0680644,"IFA Los Angeles-Long Beach-Anaheim, CA / San Jose-Sunnyvale-Santa Clara, CA",2.81005,
ifa_west_merge,93276,ifa,CA,IFA,IFA_03,IFA,,06029,12540,0680784,"IFA Los Angeles-Long Beach-Anaheim, CA / San Jose-Sunnyvale-Santa Clara, CA",0.0,no cell in the extract: territory at zero opportunity
ifa_west_merge,93277,ifa,CA,IFA,IFA_03,IFA,,06107,47300,0682954,"IFA Los Angeles-Long Beach-Anaheim, CA / San Jose-Sunnyvale-Santa Clara, CA",2.42789,
ifa_west_merge,93280,ifa,CA,IFA,IFA_03,IFA,,06029,12540,0683542,"IFA Los Angeles-Long Beach-Anaheim, CA / San Jose-Sunnyvale-Santa Clara, CA",0.0,no cell in the extract: territory at zero opportunity
ifa_west_merge,93283,ifa,CA,IFA,IFA_03,IFA,,06029,12540,0683948,"IFA Los Angeles-Long Beach-Anaheim, CA / San Jose-Sunnyvale-Santa Clara, CA",0.0,no cell in the extract: territory at zero opportunity
ifa_west_merge,93285,ifa,CA,IFA,IFA_03,IFA,,06029,12540,0686174,"IFA Los Angeles-Long Beach-Anaheim, CA / San Jose-Sunnyvale-Santa Clara, CA",0.0,no cell in the extract: territory at zero opportunity
ifa_west_merge,93286,ifa,CA,IFA,IFA_03,IFA,,06107,47300,0686300,"IFA Los Angeles-Long Beach-Anaheim, CA / San Jose-Sunnyvale-Santa Clara, CA",0.0,no cell in the extract: territory at zero opportunity
ifa_west_merge,93287,ifa,CA,IFA,IFA_03,IFA,,06029,12540,0686496,"IFA Los Angeles-Long Beach-Anaheim, CA / San Jose-Sunnyvale-Santa Clara, CA",0.0,no cell in the extract: territory at zero opportunity
ifa_west_merge,93291,ifa,CA,IFA,IFA_03,IFA,,06107,47300,0682954,"IFA Los Angeles-Long Beach-Anaheim, CA / San Jose-Sunnyvale-Santa Clara, CA",17.4001,
ifa_west_merge,93292,ifa,CA,IFA,IFA_03,IFA,,06107,47300,0682954,"IFA Los Angeles-Long Beach-Anaheim, CA / San Jose-Sunnyvale-Santa Clara, CA",0.00944996,
ifa_west_merge,93301,ifa,CA,IFA,IFA_03,IFA,,06029,12540,0603526,"IFA Los Angeles-Long Beach-Anaheim, CA / San Jose-Sunnyvale-Santa Clara, CA",2.75621,
ifa_west_merge,93304,ifa,CA,IFA,IFA_03,IFA,,06029,12540,0603526,"IFA Los Angeles-Long Beach-Anaheim, CA / San Jose-Sunnyvale-Santa Clara, CA",0.0,no cell in the extract: territory at zero opportunity
ifa_west_merge,93305,ifa,CA,IFA,IFA_03,IFA,,06029,12540,0603526,"IFA Los Angeles-Long Beach-Anaheim, CA / San Jose-Sunnyvale-Santa Clara, CA",0.0,no cell in the extract: territory at zero opportunity
ifa_west_merge,93306,ifa,CA,IFA,IFA_03,IFA,,06029,12540,0603526,"IFA Los Angeles-Long Beach-Anaheim, CA / San Jose-Sunnyvale-Santa Clara, CA",1.47401,
ifa_west_merge,93307,ifa,CA,IFA,IFA_03,IFA,,06029,12540,0603526,"IFA Los Angeles-Long Beach-Anaheim, CA / San Jose-Sunnyvale-Santa Clara, CA",0.0,no cell in the extract: territory at zero opportunity
ifa_west_merge,93308,ifa,CA,IFA,IFA_03,IFA,,06029,12540,0653448,"IFA Los Angeles-Long Beach-Anaheim, CA / San Jose-Sunnyvale-Santa Clara, CA",0.0,no cell in the extract: territory at zero opportunity
ifa_west_merge,93309,ifa,CA,IFA,IFA_03,IFA,,06029,12540,0603526,"IFA Los Angeles-Long Beach-Anaheim, CA / San Jose-Sunnyvale-Santa Clara, CA",12.398,
ifa_west_merge,93311,ifa,CA,IFA,IFA_03,IFA,,06029,12540,0603526,"IFA Los Angeles-Long Beach-Anaheim, CA / San Jose-Sunnyvale-Santa Clara, CA",1.65775,
ifa_west_merge,93312,ifa,CA,IFA,IFA_03,IFA,,06029,12540,0603526,"IFA Los Angeles-Long Beach-Anaheim, CA / San Jose-Sunnyvale-Santa Clara, CA",0.00182954,
ifa_west_merge,93313,ifa,CA,IFA,IFA_03,IFA,,06029,12540,0603526,"IFA Los Angeles-Long Beach-Anaheim, CA / San Jose-Sunnyvale-Santa Clara, CA",0.0,no cell in the extract: territory at zero opportunity
ifa_west_merge,93314,ifa,CA,IFA,IFA_03,IFA,,06029,12540,0662854,"IFA Los Angeles-Long Beach-Anaheim, CA / San Jose-Sunnyvale-Santa Clara, CA",0.701324,
ifa_west_merge,93401,ifa,CA,IFA,IFA_03,IFA,,06079,42020,0668154,"IFA Los Angeles-Long Beach-Anaheim, CA / San Jose-Sunnyvale-Santa Clara, CA",6.00921,
ifa_west_merge,93402,ifa,CA,IFA,IFA_03,IFA,,06079,42020,0644182,"IFA Los Angeles-Long Beach-Anaheim, CA / San Jose-Sunnyvale-Santa Clara, CA",0.412283,
ifa_west_merge,93405,ifa,CA,IFA,IFA_03,IFA,,06079,42020,0668154,"IFA Los Angeles-Long Beach-Anaheim, CA / San Jose-Sunnyvale-Santa Clara, CA",0.0,no cell in the extract: territory at zero opportunity
ifa_west_merge,93407,ifa,CA,IFA,IFA_03,IFA,,06079,42020,0609835,"IFA Los Angeles-Long Beach-Anaheim, CA / San Jose-Sunnyvale-Santa Clara, CA",0.0,no cell in the extract: territory at zero opportunity
ifa_west_merge,93408,ifa,CA,IFA,IFA_03,IFA,,06079,42020,,"IFA Los Angeles-Long Beach-Anaheim, CA / San Jose-Sunnyvale-Santa Clara, CA",0.0,no cell in the extract: territory at zero opportunity
ifa_west_merge,93409,ifa,CA,IFA,IFA_03,IFA,,06079,42020,,"IFA Los Angeles-Long Beach-Anaheim, CA / San Jose-Sunnyvale-Santa Clara, CA",0.0,no cell in the extract: territory at zero opportunity
ifa_west_merge,93410,ifa,CA,IFA,IFA_03,IFA,,06079,42020,0609835,"IFA Los Angeles-Long Beach-Anaheim, CA / San Jose-Sunnyvale-Santa Clara, CA",0.0,no cell in the extract: territory at zero opportunity
ifa_west_merge,93420,ifa,CA,IFA,IFA_03,IFA,,06079,42020,0602868,"IFA Los Angeles-Long Beach-Anaheim, CA / San Jose-Sunnyvale-Santa Clara, CA",6.20147,
ifa_west_merge,93422,ifa,CA,IFA,IFA_03,IFA,,06079,42020,0603064,"IFA Los Angeles-Long Beach-Anaheim, CA / San Jose-Sunnyvale-Santa Clara, CA",0.397725,
ifa_west_merge,93424,ifa,CA,IFA,IFA_03,IFA,,06079,42020,0603330,"IFA Los Angeles-Long Beach-Anaheim, CA / San Jose-Sunnyvale-Santa Clara, CA",0.00543162,
ifa_west_merge,93426,ifa,CA,IFA,IFA_03,IFA,,06053,41500,0653160,"IFA Los Angeles-Long Beach-Anaheim, CA / San Jose-Sunnyvale-Santa Clara, CA",0.0,no cell in the extract: territory at zero opportunity
ifa_west_merge,93427,ifa,CA,IFA,IFA_03,IFA,,06083,42200,0608758,"IFA Los Angeles-Long Beach-Anaheim, CA / San Jose-Sunnyvale-Santa Clara, CA",0.0,no cell in the extract: territory at zero opportunity
ifa_west_merge,93428,ifa,CA,IFA,IFA_03,IFA,,06079,42020,0610074,"IFA Los Angeles-Long Beach-Anaheim, CA / San Jose-Sunnyvale-Santa Clara, CA",0.0,no cell in the extract: territory at zero opportunity
ifa_west_merge,93429,ifa,CA,IFA,IFA_03,IFA,,06083,42200,0611754,"IFA Los Angeles-Long Beach-Anaheim, CA / San Jose-Sunnyvale-Santa Clara, CA",0.0,no cell in the extract: territory at zero opportunity
ifa_west_merge,93430,ifa,CA,IFA,IFA_03,IFA,,06079,42020,0612132,"IFA Los Angeles-Long Beach-Anaheim, CA / San Jose-Sunnyvale-Santa Clara, CA",0.0,no cell in the extract: territory at zero opportunity
ifa_west_merge,93432,ifa,CA,IFA,IFA_03,IFA,,06079,42020,0617232,"IFA Los Angeles-Long Beach-Anaheim, CA / San Jose-Sunnyvale-Santa Clara, CA",0.0,no cell in the extract: territory at zero opportunity
ifa_west_merge,93433,ifa,CA,IFA,IFA_03,IFA,,06079,42020,0631393,"IFA Los Angeles-Long Beach-Anaheim, CA / San Jose-Sunnyvale-Santa Clara, CA",0.522103,
ifa_west_merge,93434,ifa,CA,IFA,IFA_03,IFA,,06083,42200,0631414,"IFA Los Angeles-Long Beach-Anaheim, CA / San Jose-Sunnyvale-Santa Clara, CA",0.0,no cell in the extract: territory at zero opportunity
ifa_west_merge,93436,ifa,CA,IFA,IFA_03,IFA,,06083,42200,0642524,"IFA Los Angeles-Long Beach-Anaheim, CA / San Jose-Sunnyvale-Santa Clara, CA",0.74412,
ifa_west_merge,93437,ifa,CA,IFA,IFA_03,IFA,,06083,42200,0682072,"IFA Los Angeles-Long Beach-Anaheim, CA / San Jose-Sunnyvale-Santa Clara, CA",0.0,no cell in the extract: territory at zero opportunity
ifa_west_merge,93440,ifa,CA,IFA,IFA_03,IFA,,06083,42200,0643252,"IFA Los Angeles-Long Beach-Anaheim, CA / San Jose-Sunnyvale-Santa Clara, CA",0.0,no cell in the extract: territory at zero opportunity
ifa_west_merge,93441,ifa,CA,IFA,IFA_03,IFA,,06083,42200,0644168,"IFA Los Angeles-Long Beach-Anaheim, CA / San Jose-Sunnyvale-Santa Clara, CA",0.15705,
ifa_west_merge,93442,ifa,CA,IFA,IFA_03,IFA,,06079,42020,0649362,"IFA Los Angeles-Long Beach-Anaheim, CA / San Jose-Sunnyvale-Santa Clara, CA",0.0,no cell in the extract: territory at zero opportunity
ifa_west_merge,93444,ifa,CA,IFA,IFA_03,IFA,,06079,42020,0651476,"IFA Los Angeles-Long Beach-Anaheim, CA / San Jose-Sunnyvale-Santa Clara, CA",0.0,no cell in the extract: territory at zero opportunity
ifa_west_merge,93445,ifa,CA,IFA,IFA_03,IFA,,06079,42020,0653294,"IFA Los Angeles-Long Beach-Anaheim, CA / San Jose-Sunnyvale-Santa Clara, CA",0.00159084,
ifa_west_merge,93446,ifa,CA,IFA,IFA_03,IFA,,06079,42020,0622300,"IFA Los Angeles-Long Beach-Anaheim, CA / San Jose-Sunnyvale-Santa Clara, CA",1.39219,
ifa_west_merge,93449,ifa,CA,IFA,IFA_03,IFA,,06079,42020,0657414,"IFA Los Angeles-Long Beach-Anaheim, CA / San Jose-Sunnyvale-Santa Clara, CA",1.28806,
ifa_west_merge,93450,ifa,CA,IFA,IFA_03,IFA,,06053,41500,0664476,"IFA Los Angeles-Long Beach-Anaheim, CA / San Jose-Sunnyvale-Santa Clara, CA",0.0,no cell in the extract: territory at zero opportunity
ifa_west_merge,93451,ifa,CA,IFA,IFA_03,IFA,,06053,41500,0668266,"IFA Los Angeles-Long Beach-Anaheim, CA / San Jose-Sunnyvale-Santa Clara, CA",0.0,no cell in the extract: territory at zero opportunity
ifa_west_merge,93452,ifa,CA,IFA,IFA_03,IFA,,06079,42020,0668434,"IFA Los Angeles-Long Beach-Anaheim, CA / San Jose-Sunnyvale-Santa Clara, CA",0.0,no cell in the extract: territory at zero opportunity
ifa_west_merge,93453,ifa,CA,IFA,IFA_03,IFA,,06079,42020,0669182,"IFA Los Angeles-Long Beach-Anaheim, CA / San Jose-Sunnyvale-Santa Clara, CA",0.0,no cell in the extract: territory at zero opportunity
ifa_west_merge,93454,ifa,CA,IFA,IFA_03,IFA,,06083,42200,0669196,"IFA Los Angeles-Long Beach-Anaheim, CA / San Jose-Sunnyvale-Santa Clara, CA",0.0,no cell in the extract: territory at zero opportunity
ifa_west_merge,93455,ifa,CA,IFA,IFA_03,IFA,,06083,42200,0654120,"IFA Los Angeles-Long Beach-Anaheim, CA / San Jose-Sunnyvale-Santa Clara, CA",0.311571,
ifa_west_merge,93458,ifa,CA,IFA,IFA_03,IFA,,06083,42200,0669196,"IFA Los Angeles-Long Beach-Anaheim, CA / San Jose-Sunnyvale-Santa Clara, CA",0.0,no cell in the extract: territory at zero opportunity
ifa_west_merge,93460,ifa,CA,IFA,IFA_03,IFA,,06083,42200,0670182,"IFA Los Angeles-Long Beach-Anaheim, CA / San Jose-Sunnyvale-Santa Clara, CA",1.16017,
ifa_west_merge,93461,ifa,CA,IFA,IFA_03,IFA,,06079,42020,0671134,"IFA Los Angeles-Long Beach-Anaheim, CA / San Jose-Sunnyvale-Santa Clara, CA",0.0,no cell in the extract: territory at zero opportunity
ifa_west_merge,93463,ifa,CA,IFA,IFA_03,IFA,,06083,42200,0672576,"IFA Los Angeles-Long Beach-Anaheim, CA / San Jose-Sunnyvale-Santa Clara, CA",0.157058,
ifa_west_merge,93465,ifa,CA,IFA,IFA_03,IFA,,06079,42020,0678162,"IFA Los Angeles-Long Beach-Anaheim, CA / San Jose-Sunnyvale-Santa Clara, CA",0.0,no cell in the extract: territory at zero opportunity
ifa_west_merge,93501,ifa,CA,IFA,IFA_03,IFA,,06029,12540,0648452,"IFA Los Angeles-Long Beach-Anaheim, CA / San Jose-Sunnyvale-Santa Clara, CA",0.0,no cell in the extract: territory at zero opportunity
ifa_west_merge,93505,ifa,CA,IFA,IFA_03,IFA,,06029,12540,0609780,"IFA Los Angeles-Long Beach-Anaheim, CA / San Jose-Sunnyvale-Santa Clara, CA",0.0,no cell in the extract: territory at zero opportunity
ifa_west_merge,93510,ifa,CA,IFA,IFA_03,IFA,,06037,31080,0600212,"IFA Los Angeles-Long Beach-Anaheim, CA / San Jose-Sunnyvale-Santa Clara, CA",0.0,no cell in the extract: territory at zero opportunity
ifa_west_merge,93512,ifa,CA,IFA,IFA_06,IFA,,06051,,0605346,"IFA San Francisco-Oakland-Fremont, CA",0.0,no cell in the extract: territory at zero opportunity
ifa_west_merge,93513,ifa,CA,IFA,IFA_06,IFA,,06027,13860,0606616,"IFA San Francisco-Oakland-Fremont, CA",0.0,no cell in the extract: territory at zero opportunity
ifa_west_merge,93514,ifa,CA,IFA,IFA_06,IFA,,06051,,0612594,"IFA San Francisco-Oakland-Fremont, CA",1.27625,
ifa_west_merge,93516,ifa,CA,IFA,IFA_03,IFA,,06029,12540,0607568,"IFA Los Angeles-Long Beach-Anaheim, CA / San Jose-Sunnyvale-Santa Clara, CA",0.0,no cell in the extract: territory at zero opportunity
ifa_west_merge,93517,ifa,CA,IFA,IFA_06,IFA,,06051,,0608240,"IFA San Francisco-Oakland-Fremont, CA",0.0,no cell in the extract: territory at zero opportunity
ifa_west_merge,93518,ifa,CA,IFA,IFA_03,IFA,,06029,12540,0637946,"IFA Los Angeles-Long Beach-Anaheim, CA / San Jose-Sunnyvale-Santa Clara, CA",0.0,no cell in the extract: territory at zero opportunity
ifa_west_merge,93519,ifa,CA,IFA,IFA_03,IFA,,06029,12540,,"IFA Los Angeles-Long Beach-Anaheim, CA / San Jose-Sunnyvale-Santa Clara, CA",0.0,no cell in the extract: territory at zero opportunity
ifa_west_merge,93522,ifa,CA,IFA,IFA_03,IFA,,06027,13860,0618030,"IFA Los Angeles-Long Beach-Anaheim, CA / San Jose-Sunnyvale-Santa Clara, CA",0.0,no cell in the extract: territory at zero opportunity
ifa_west_merge,93523,ifa,CA,IFA,IFA_03,IFA,,06029,12540,0651812,"IFA Los Angeles-Long Beach-Anaheim, CA / San Jose-Sunnyvale-Santa Clara, CA",0.0,no cell in the extract: territory at zero opportunity
ifa_west_merge,93524,ifa,CA,IFA,IFA_03,IFA,,06029,12540,0621600,"IFA Los Angeles-Long Beach-Anaheim, CA / San Jose-Sunnyvale-Santa Clara, CA",0.0,no cell in the extract: territory at zero opportunity
ifa_west_merge,93526,ifa,CA,IFA,IFA_06,IFA,,06027,13860,0636350,"IFA San Francisco-Oakland-Fremont, CA",0.0,no cell in the extract: territory at zero opportunity
ifa_west_merge,93527,ifa,CA,IFA,IFA_03,IFA,,06107,47300,0636658,"IFA Los Angeles-Long Beach-Anaheim, CA / San Jose-Sunnyvale-Santa Clara, CA",0.0,no cell in the extract: territory at zero opportunity
ifa_west_merge,93528,ifa,CA,IFA,IFA_03,IFA,,06029,12540,0637400,"IFA Los Angeles-Long Beach-Anaheim, CA / San Jose-Sunnyvale-Santa Clara, CA",0.0,no cell in the extract: territory at zero opportunity
ifa_west_merge,93529,ifa,CA,IFA,IFA_06,IFA,,06051,,0637624,"IFA San Francisco-Oakland-Fremont, CA",0.0,no cell in the extract: territory at zero opportunity
ifa_west_merge,93530,ifa,CA,IFA,IFA_03,IFA,,06027,13860,0637918,"IFA Los Angeles-Long Beach-Anaheim, CA / San Jose-Sunnyvale-Santa Clara, CA",0.0,no cell in the extract: territory at zero opportunity
ifa_west_merge,93531,ifa,CA,IFA,IFA_03,IFA,,06029,12540,0637946,"IFA Los Angeles-Long Beach-Anaheim, CA / San Jose-Sunnyvale-Santa Clara, CA",0.0,no cell in the extract: territory at zero opportunity
ifa_west_merge,93532,ifa,CA,IFA,IFA_03,IFA,,06037,31080,0639556,"IFA Los Angeles-Long Beach-Anaheim, CA / San Jose-Sunnyvale-Santa Clara, CA",0.0,no cell in the extract: territory at zero opportunity
ifa_west_merge,93534,ifa,CA,IFA,IFA_03,IFA,,06037,31080,0640130,"IFA Los Angeles-Long Beach-Anaheim, CA / San Jose-Sunnyvale-Santa Clara, CA",5.715,
ifa_west_merge,93535,ifa,CA,IFA,IFA_03,IFA,,06037,31080,0640130,"IFA Los Angeles-Long Beach-Anaheim, CA / San Jose-Sunnyvale-Santa Clara, CA",1.6676,
ifa_west_merge,93536,ifa,CA,IFA,IFA_03,IFA,,06037,31080,0640130,"IFA Los Angeles-Long Beach-Anaheim, CA / San Jose-Sunnyvale-Santa Clara, CA",0.582746,
ifa_west_merge,93541,ifa,CA,IFA,IFA_06,IFA,,06051,,0648602,"IFA San Francisco-Oakland-Fremont, CA",0.0,no cell in the extract: territory at zero opportunity
ifa_west_merge,93543,ifa,CA,IFA,IFA_03,IFA,,06037,31080,0677308,"IFA Los Angeles-Long Beach-Anaheim, CA / San Jose-Sunnyvale-Santa Clara, CA",0.0,no cell in the extract: territory at zero opportunity
ifa_west_merge,93544,ifa,CA,IFA,IFA_03,IFA,,06037,31080,,"IFA Los Angeles-Long Beach-Anaheim, CA / San Jose-Sunnyvale-Santa Clara, CA",0.0,no cell in the extract: territory at zero opportunity
ifa_west_merge,93545,ifa,CA,IFA,IFA_03,IFA,,06027,13860,0642580,"IFA Los Angeles-Long Beach-Anaheim, CA / San Jose-Sunnyvale-Santa Clara, CA",0.0,no cell in the extract: territory at zero opportunity
ifa_west_merge,93546,ifa,CA,IFA,IFA_06,IFA,,06051,,0645358,"IFA San Francisco-Oakland-Fremont, CA",0.0,no cell in the extract: territory at zero opportunity
ifa_west_merge,93549,ifa,CA,IFA,IFA_03,IFA,,06027,13860,0653490,"IFA Los Angeles-Long Beach-Anaheim, CA / San Jose-Sunnyvale-Santa Clara, CA",0.0,no cell in the extract: territory at zero opportunity
ifa_west_merge,93550,ifa,CA,IFA,IFA_03,IFA,,06037,31080,0655156,"IFA Los Angeles-Long Beach-Anaheim, CA / San Jose-Sunnyvale-Santa Clara, CA",0.0,no cell in the extract: territory at zero opportunity
ifa_west_merge,93551,ifa,CA,IFA,IFA_03,IFA,,06037,31080,0655156,"IFA Los Angeles-Long Beach-Anaheim, CA / San Jose-Sunnyvale-Santa Clara, CA",2.00516,
ifa_west_merge,93552,ifa,CA,IFA,IFA_03,IFA,,06037,31080,0655156,"IFA Los Angeles-Long Beach-Anaheim, CA / San Jose-Sunnyvale-Santa Clara, CA",0.0,no cell in the extract: territory at zero opportunity
ifa_west_merge,93553,ifa,CA,IFA,IFA_03,IFA,,06037,31080,,"IFA Los Angeles-Long Beach-Anaheim, CA / San Jose-Sunnyvale-Santa Clara, CA",0.0,no cell in the extract: territory at zero opportunity
ifa_west_merge,93554,ifa,CA,IFA,IFA_03,IFA,,06029,12540,0659668,"IFA Los Angeles-Long Beach-Anaheim, CA / San Jose-Sunnyvale-Santa Clara, CA",0.0,no cell in the extract: territory at zero opportunity
ifa_west_merge,93555,ifa,CA,IFA,IFA_03,IFA,,06029,12540,0660704,"IFA Los Angeles-Long Beach-Anaheim, CA / San Jose-Sunnyvale-Santa Clara, CA",0.0,no cell in the extract: territory at zero opportunity
ifa_west_merge,93558,ifa,CA,IFA,IFA_03,IFA,,06071,40140,,"IFA Los Angeles-Long Beach-Anaheim, CA / San Jose-Sunnyvale-Santa Clara, CA",0.0,no cell in the extract: territory at zero opportunity
ifa_west_merge,93560,ifa,CA,IFA,IFA_03,IFA,,06029,12540,0662826,"IFA Los Angeles-Long Beach-Anaheim, CA / San Jose-Sunnyvale-Santa Clara, CA",0.0,no cell in the extract: territory at zero opportunity
ifa_west_merge,93561,ifa,CA,IFA,IFA_03,IFA,,06029,12540,0604734,"IFA Los Angeles-Long Beach-Anaheim, CA / San Jose-Sunnyvale-Santa Clara, CA",0.0,no cell in the extract: territory at zero opportunity
ifa_west_merge,93562,ifa,CA,IFA,IFA_03,IFA,,06071,40140,0670728,"IFA Los Angeles-Long Beach-Anaheim, CA / San Jose-Sunnyvale-Santa Clara, CA",0.0,no cell in the extract: territory at zero opportunity
ifa_west_merge,93563,ifa,CA,IFA,IFA_03,IFA,,06037,31080,,"IFA Los Angeles-Long Beach-Anaheim, CA / San Jose-Sunnyvale-Santa Clara, CA",0.0,no cell in the extract: territory at zero opportunity
ifa_west_merge,93581,ifa,CA,IFA,IFA_03,IFA,,06029,12540,0678092,"IFA Los Angeles-Long Beach-Anaheim, CA / San Jose-Sunnyvale-Santa Clara, CA",0.0,no cell in the extract: territory at zero opportunity
ifa_west_merge,93591,ifa,CA,IFA,IFA_03,IFA,,06037,31080,0655156,"IFA Los Angeles-Long Beach-Anaheim, CA / San Jose-Sunnyvale-Santa Clara, CA",0.0,no cell in the extract: territory at zero opportunity
ifa_west_merge,93601,ifa,CA,IFA,IFA_06,IFA,,06039,23420,0600478,"IFA San Francisco-Oakland-Fremont, CA",0.0,no cell in the extract: territory at zero opportunity
ifa_west_merge,93602,ifa,CA,IFA,IFA_06,IFA,,06019,23420,0603190,"IFA San Francisco-Oakland-Fremont, CA",0.0,no cell in the extract: territory at zero opportunity
ifa_west_merge,93603,ifa,CA,IFA,IFA_03,IFA,,06107,47300,0632324,"IFA Los Angeles-Long Beach-Anaheim, CA / San Jose-Sunnyvale-Santa Clara, CA",0.0,no cell in the extract: territory at zero opportunity
ifa_west_merge,93604,ifa,CA,IFA,IFA_06,IFA,,06039,23420,0604198,"IFA San Francisco-Oakland-Fremont, CA",0.0,no cell in the extract: territory at zero opportunity
ifa_west_merge,93605,ifa,CA,IFA,IFA_06,IFA,,06019,23420,0606518,"IFA San Francisco-Oakland-Fremont, CA",0.0,no cell in the extract: territory at zero opportunity
ifa_west_merge,93606,ifa,CA,IFA,IFA_06,IFA,,06019,23420,0606728,"IFA San Francisco-Oakland-Fremont, CA",0.0,no cell in the extract: territory at zero opportunity
ifa_west_merge,93608,ifa,CA,IFA,IFA_03,IFA,,06019,23420,0610816,"IFA Los Angeles-Long Beach-Anaheim, CA / San Jose-Sunnyvale-Santa Clara, CA",0.0,no cell in the extract: territory at zero opportunity
ifa_west_merge,93609,ifa,CA,IFA,IFA_03,IFA,,06019,23420,0611614,"IFA Los Angeles-Long Beach-Anaheim, CA / San Jose-Sunnyvale-Santa Clara, CA",0.0,no cell in the extract: territory at zero opportunity
ifa_west_merge,93610,ifa,CA,IFA,IFA_06,IFA,,06039,23420,0613294,"IFA San Francisco-Oakland-Fremont, CA",0.0,no cell in the extract: territory at zero opportunity
ifa_west_merge,93611,ifa,CA,IFA,IFA_06,IFA,,06019,23420,0614218,"IFA San Francisco-Oakland-Fremont, CA",1.83109,
ifa_west_merge,93612,ifa,CA,IFA,IFA_06,IFA,,06019,23420,0614218,"IFA San Francisco-Oakland-Fremont, CA",6.3648,
ifa_west_merge,93614,ifa,CA,IFA,IFA_06,IFA,,06039,23420,0686878,"IFA San Francisco-Oakland-Fremont, CA",0.0,no cell in the extract: territory at zero opportunity
ifa_west_merge,93615,ifa,CA,IFA,IFA_03,IFA,,06107,47300,0617708,"IFA Los Angeles-Long Beach-Anaheim, CA / San Jose-Sunnyvale-Santa Clara, CA",0.0,no cell in the extract: territory at zero opportunity
ifa_west_merge,93616,ifa,CA,IFA,IFA_03,IFA,,06019,23420,0618674,"IFA Los Angeles-Long Beach-Anaheim, CA / San Jose-Sunnyvale-Santa Clara, CA",0.0,no cell in the extract: territory at zero opportunity
ifa_west_merge,93618,ifa,CA,IFA,IFA_03,IFA,,06107,47300,0619318,"IFA Los Angeles-Long Beach-Anaheim, CA / San Jose-Sunnyvale-Santa Clara, CA",0.0,no cell in the extract: territory at zero opportunity
ifa_west_merge,93619,ifa,CA,IFA,IFA_06,IFA,,06019,23420,0614218,"IFA San Francisco-Oakland-Fremont, CA",0.0,no cell in the extract: territory at zero opportunity
ifa_west_merge,93620,ifa,CA,IFA,IFA_06,IFA,,06047,32900,0619654,"IFA San Francisco-Oakland-Fremont, CA",0.0,no cell in the extract: territory at zero opportunity
ifa_west_merge,93621,ifa,CA,IFA,IFA_06,IFA,,06019,23420,,"IFA San Francisco-Oakland-Fremont, CA",0.0,no cell in the extract: territory at zero opportunity
ifa_west_merge,93622,ifa,CA,IFA,IFA_06,IFA,,06019,23420,0624134,"IFA San Francisco-Oakland-Fremont, CA",0.0,no cell in the extract: territory at zero opportunity
ifa_west_merge,93623,ifa,CA,IFA,IFA_06,IFA,,06043,,0624218,"IFA San Francisco-Oakland-Fremont, CA",0.0,no cell in the extract: territory at zero opportunity
ifa_west_merge,93624,ifa,CA,IFA,IFA_03,IFA,,06019,23420,0684863,"IFA Los Angeles-Long Beach-Anaheim, CA / San Jose-Sunnyvale-Santa Clara, CA",0.0,no cell in the extract: territory at zero opportunity
ifa_west_merge,93625,ifa,CA,IFA,IFA_03,IFA,,06019,23420,0625436,"IFA Los Angeles-Long Beach-Anaheim, CA / San Jose-Sunnyvale-Santa Clara, CA",0.0,no cell in the extract: territory at zero opportunity
ifa_west_merge,93626,ifa,CA,IFA,IFA_06,IFA,,06039,23420,0647592,"IFA San Francisco-Oakland-Fremont, CA",0.0,no cell in the extract: territory at zero opportunity
ifa_west_merge,93627,ifa,CA,IFA,IFA_03,IFA,,06019,23420,,"IFA Los Angeles-Long Beach-Anaheim, CA / San Jose-Sunnyvale-Santa Clara, CA",0.0,no cell in the extract: territory at zero opportunity
ifa_west_merge,93628,ifa,CA,IFA,IFA_03,IFA,,06019,23420,,"IFA Los Angeles-Long Beach-Anaheim, CA / San Jose-Sunnyvale-Santa Clara, CA",0.0,no cell in the extract: territory at zero opportunity
ifa_west_merge,93630,ifa,CA,IFA,IFA_06,IFA,,06019,23420,0638226,"IFA San Francisco-Oakland-Fremont, CA",0.0,no cell in the extract: territory at zero opportunity
ifa_west_merge,93631,ifa,CA,IFA,IFA_03,IFA,,06107,47300,0638562,"IFA Los Angeles-Long Beach-Anaheim, CA / San Jose-Sunnyvale-Santa Clara, CA",5.16122,
ifa_west_merge,93633,ifa,CA,IFA,IFA_03,IFA,,06107,47300,0685866,"IFA Los Angeles-Long Beach-Anaheim, CA / San Jose-Sunnyvale-Santa Clara, CA",0.0,no cell in the extract: territory at zero opportunity
ifa_west_merge,93634,ifa,CA,IFA,IFA_06,IFA,,06019,23420,0606518,"IFA San Francisco-Oakland-Fremont, CA",0.0,no cell in the extract: territory at zero opportunity
ifa_west_merge,93635,ifa,CA,IFA,IFA_06,IFA,,06047,32900,0644028,"IFA San Francisco-Oakland-Fremont, CA",0.0,no cell in the extract: territory at zero opportunity
ifa_west_merge,93636,ifa,CA,IFA,IFA_06,IFA,,06039,23420,0607378,"IFA San Francisco-Oakland-Fremont, CA",1.39451,
ifa_west_merge,93637,ifa,CA,IFA,IFA_06,IFA,,06039,23420,0645022,"IFA San Francisco-Oakland-Fremont, CA",0.0,no cell in the extract: territory at zero opportunity
ifa_west_merge,93638,ifa,CA,IFA,IFA_06,IFA,,06039,23420,0645050,"IFA San Francisco-Oakland-Fremont, CA",0.0,no cell in the extract: territory at zero opportunity
ifa_west_merge,93640,ifa,CA,IFA,IFA_03,IFA,,06019,23420,0646828,"IFA Los Angeles-Long Beach-Anaheim, CA / San Jose-Sunnyvale-Santa Clara, CA",0.0,no cell in the extract: territory at zero opportunity
ifa_west_merge,93641,ifa,CA,IFA,IFA_03,IFA,,06019,23420,0673794,"IFA Los Angeles-Long Beach-Anaheim, CA / San Jose-Sunnyvale-Santa Clara, CA",0.0,no cell in the extract: territory at zero opportunity
ifa_west_merge,93643,ifa,CA,IFA,IFA_06,IFA,,06039,23420,0651868,"IFA San Francisco-Oakland-Fremont, CA",0.0,no cell in the extract: territory at zero opportunity
ifa_west_merge,93644,ifa,CA,IFA,IFA_06,IFA,,06039,23420,0652764,"IFA San Francisco-Oakland-Fremont, CA",0.506979,
ifa_west_merge,93645,ifa,CA,IFA,IFA_06,IFA,,06039,23420,,"IFA San Francisco-Oakland-Fremont, CA",0.0,no cell in the extract: territory at zero opportunity
ifa_west_merge,93646,ifa,CA,IFA,IFA_03,IFA,,06107,47300,0654008,"IFA Los Angeles-Long Beach-Anaheim, CA / San Jose-Sunnyvale-Santa Clara, CA",0.0,no cell in the extract: territory at zero opportunity
ifa_west_merge,93647,ifa,CA,IFA,IFA_03,IFA,,06107,47300,0654372,"IFA Los Angeles-Long Beach-Anaheim, CA / San Jose-Sunnyvale-Santa Clara, CA",0.0,no cell in the extract: territory at zero opportunity
ifa_west_merge,93648,ifa,CA,IFA,IFA_03,IFA,,06019,23420,0655856,"IFA Los Angeles-Long Beach-Anaheim, CA / San Jose-Sunnyvale-Santa Clara, CA",0.0,no cell in the extract: territory at zero opportunity
ifa_west_merge,93650,ifa,CA,IFA,IFA_06,IFA,,06019,23420,0627000,"IFA San Francisco-Oakland-Fremont, CA",0.0,no cell in the extract: territory at zero opportunity
ifa_west_merge,93651,ifa,CA,IFA,IFA_06,IFA,,06019,23420,0603190,"IFA San Francisco-Oakland-Fremont, CA",0.0,no cell in the extract: territory at zero opportunity
ifa_west_merge,93652,ifa,CA,IFA,IFA_03,IFA,,06019,23420,0659290,"IFA Los Angeles-Long Beach-Anaheim, CA / San Jose-Sunnyvale-Santa Clara, CA",0.0,no cell in the extract: territory at zero opportunity
ifa_west_merge,93653,ifa,CA,IFA,IFA_06,IFA,,06039,23420,,"IFA San Francisco-Oakland-Fremont, CA",0.0,no cell in the extract: territory at zero opportunity
ifa_west_merge,93654,ifa,CA,IFA,IFA_03,IFA,,06019,23420,0660242,"IFA Los Angeles-Long Beach-Anaheim, CA / San Jose-Sunnyvale-Santa Clara, CA",0.119318,
ifa_west_merge,93656,ifa,CA,IFA,IFA_03,IFA,,06019,23420,0661096,"IFA Los Angeles-Long Beach-Anaheim, CA / San Jose-Sunnyvale-Santa Clara, CA",0.0,no cell in the extract: territory at zero opportunity
ifa_west_merge,93657,ifa,CA,IFA,IFA_03,IFA,,06019,23420,0612412,"IFA Los Angeles-Long Beach-Anaheim, CA / San Jose-Sunnyvale-Santa Clara, CA",0.0,no cell in the extract: territory at zero opportunity
ifa_west_merge,93660,ifa,CA,IFA,IFA_06,IFA,,06019,23420,0667126,"IFA San Francisco-Oakland-Fremont, CA",0.0,no cell in the extract: territory at zero opportunity
ifa_west_merge,93662,ifa,CA,IFA,IFA_03,IFA,,06019,23420,0670882,"IFA Los Angeles-Long Beach-Anaheim, CA / San Jose-Sunnyvale-Santa Clara, CA",0.0,no cell in the extract: territory at zero opportunity
ifa_west_merge,93664,ifa,CA,IFA,IFA_06,IFA,,06019,23420,0671246,"IFA San Francisco-Oakland-Fremont, CA",0.0,no cell in the extract: territory at zero opportunity
ifa_west_merge,93665,ifa,CA,IFA,IFA_06,IFA,,06047,32900,0672954,"IFA San Francisco-Oakland-Fremont, CA",0.0,no cell in the extract: territory at zero opportunity
ifa_west_merge,93666,ifa,CA,IFA,IFA_03,IFA,,06107,47300,0675672,"IFA Los Angeles-Long Beach-Anaheim, CA / San Jose-Sunnyvale-Santa Clara, CA",0.0,no cell in the extract: territory at zero opportunity
ifa_west_merge,93667,ifa,CA,IFA,IFA_06,IFA,,06019,23420,0603190,"IFA San Francisco-Oakland-Fremont, CA",0.0,no cell in the extract: territory at zero opportunity
ifa_west_merge,93668,ifa,CA,IFA,IFA_06,IFA,,06019,23420,0680266,"IFA San Francisco-Oakland-Fremont, CA",0.0,no cell in the extract: territory at zero opportunity
ifa_west_merge,93669,ifa,CA,IFA,IFA_06,IFA,,06039,23420,0651868,"IFA San Francisco-Oakland-Fremont, CA",0.0,no cell in the extract: territory at zero opportunity
ifa_west_merge,93670,ifa,CA,IFA,IFA_03,IFA,,06107,47300,0686734,"IFA Los Angeles-Long Beach-Anaheim, CA / San Jose-Sunnyvale-Santa Clara, CA",0.0,no cell in the extract: territory at zero opportunity
ifa_west_merge,93673,ifa,CA,IFA,IFA_03,IFA,,06107,47300,0680280,"IFA Los Angeles-Long Beach-Anaheim, CA / San Jose-Sunnyvale-Santa Clara, CA",0.0,no cell in the extract: territory at zero opportunity
ifa_west_merge,93675,ifa,CA,IFA,IFA_03,IFA,,06019,23420,0673794,"IFA Los Angeles-Long Beach-Anaheim, CA / San Jose-Sunnyvale-Santa Clara, CA",0.0,no cell in the extract: territory at zero opportunity
ifa_west_merge,93701,ifa,CA,IFA,IFA_06,IFA,,06019,23420,0627000,"IFA San Francisco-Oakland-Fremont, CA",0.0,no cell in the extract: territory at zero opportunity
ifa_west_merge,93702,ifa,CA,IFA,IFA_06,IFA,,06019,23420,0627000,"IFA San Francisco-Oakland-Fremont, CA",0.0,no cell in the extract: territory at zero opportunity
ifa_west_merge,93703,ifa,CA,IFA,IFA_06,IFA,,06019,23420,0627000,"IFA San Francisco-Oakland-Fremont, CA",0.0,no cell in the extract: territory at zero opportunity
ifa_west_merge,93704,ifa,CA,IFA,IFA_06,IFA,,06019,23420,0627000,"IFA San Francisco-Oakland-Fremont, CA",3.23311,
ifa_west_merge,93705,ifa,CA,IFA,IFA_06,IFA,,06019,23420,0627000,"IFA San Francisco-Oakland-Fremont, CA",0.0,no cell in the extract: territory at zero opportunity
ifa_west_merge,93706,ifa,CA,IFA,IFA_03,IFA,,06019,23420,0627000,"IFA Los Angeles-Long Beach-Anaheim, CA / San Jose-Sunnyvale-Santa Clara, CA",0.0,no cell in the extract: territory at zero opportunity
ifa_west_merge,93710,ifa,CA,IFA,IFA_06,IFA,,06019,23420,0627000,"IFA San Francisco-Oakland-Fremont, CA",3.74909,
ifa_west_merge,93711,ifa,CA,IFA,IFA_03,IFA,,06019,23420,0627000,"IFA Los Angeles-Long Beach-Anaheim, CA / San Jose-Sunnyvale-Santa Clara, CA",23.1504,
ifa_west_merge,93720,ifa,CA,IFA,IFA_06,IFA,,06019,23420,0627000,"IFA San Francisco-Oakland-Fremont, CA",29.0016,
ifa_west_merge,93721,ifa,CA,IFA,IFA_03,IFA,,06019,23420,0627000,"IFA Los Angeles-Long Beach-Anaheim, CA / San Jose-Sunnyvale-Santa Clara, CA",0.0,no cell in the extract: territory at zero opportunity
ifa_west_merge,93722,ifa,CA,IFA,IFA_03,IFA,,06019,23420,0627000,"IFA Los Angeles-Long Beach-Anaheim, CA / San Jose-Sunnyvale-Santa Clara, CA",0.0,no cell in the extract: territory at zero opportunity
ifa_west_merge,93723,ifa,CA,IFA,IFA_06,IFA,,06019,23420,0627000,"IFA San Francisco-Oakland-Fremont, CA",0.0,no cell in the extract: territory at zero opportunity
ifa_west_merge,93725,ifa,CA,IFA,IFA_03,IFA,,06019,23420,0627000,"IFA Los Angeles-Long Beach-Anaheim, CA / San Jose-Sunnyvale-Santa Clara, CA",0.0,no cell in the extract: territory at zero opportunity
ifa_west_merge,93726,ifa,CA,IFA,IFA_06,IFA,,06019,23420,0627000,"IFA San Francisco-Oakland-Fremont, CA",0.0,no cell in the extract: territory at zero opportunity
ifa_west_merge,93727,ifa,CA,IFA,IFA_06,IFA,,06019,23420,0627000,"IFA San Francisco-Oakland-Fremont, CA",0.0,no cell in the extract: territory at zero opportunity
ifa_west_merge,93728,ifa,CA,IFA,IFA_06,IFA,,06019,23420,0627000,"IFA San Francisco-Oakland-Fremont, CA",0.0,no cell in the extract: territory at zero opportunity
ifa_west_merge,93730,ifa,CA,IFA,IFA_06,IFA,,06019,23420,0627000,"IFA San Francisco-Oakland-Fremont, CA",0.0054727,
ifa_west_merge,93737,ifa,CA,IFA,IFA_06,IFA,,06019,23420,0627000,"IFA San Francisco-Oakland-Fremont, CA",0.0,no cell in the extract: territory at zero opportunity
ifa_west_merge,93740,ifa,CA,IFA,IFA_06,IFA,,06019,23420,0627000,"IFA San Francisco-Oakland-Fremont, CA",0.0,no cell in the extract: territory at zero opportunity
ifa_west_merge,93741,ifa,CA,IFA,IFA_06,IFA,,06019,23420,0627000,"IFA San Francisco-Oakland-Fremont, CA",0.0,no cell in the extract: territory at zero opportunity
ifa_west_merge,93901,ifa,CA,IFA,IFA_03,IFA,,06053,41500,0664224,"IFA Los Angeles-Long Beach-Anaheim, CA / San Jose-Sunnyvale-Santa Clara, CA",0.00397725,
ifa_west_merge,93905,ifa,CA,IFA,IFA_03,IFA,,06053,41500,0664224,"IFA Los Angeles-Long Beach-Anaheim, CA / San Jose-Sunnyvale-Santa Clara, CA",0.0,no cell in the extract: territory at zero opportunity
ifa_west_merge,93906,ifa,CA,IFA,IFA_03,IFA,,06053,41500,0664224,"IFA Los Angeles-Long Beach-Anaheim, CA / San Jose-Sunnyvale-Santa Clara, CA",0.0,no cell in the extract: territory at zero opportunity
ifa_west_merge,93907,ifa,CA,IFA,IFA_03,IFA,,06053,41500,0658870,"IFA Los Angeles-Long Beach-Anaheim, CA / San Jose-Sunnyvale-Santa Clara, CA",0.0,no cell in the extract: territory at zero opportunity
ifa_west_merge,93908,ifa,CA,IFA,IFA_03,IFA,,06053,41500,0645778,"IFA Los Angeles-Long Beach-Anaheim, CA / San Jose-Sunnyvale-Santa Clara, CA",0.0,no cell in the extract: territory at zero opportunity
ifa_west_merge,93920,ifa,CA,IFA,IFA_03,IFA,,06053,41500,,"IFA Los Angeles-Long Beach-Anaheim, CA / San Jose-Sunnyvale-Santa Clara, CA",0.0,no cell in the extract: territory at zero opportunity
ifa_west_merge,93921,ifa,CA,IFA,IFA_03,IFA,,06053,41500,0611250,"IFA Los Angeles-Long Beach-Anaheim, CA / San Jose-Sunnyvale-Santa Clara, CA",0.0,no cell in the extract: territory at zero opportunity
ifa_west_merge,93923,ifa,CA,IFA,IFA_03,IFA,,06053,41500,0611250,"IFA Los Angeles-Long Beach-Anaheim, CA / San Jose-Sunnyvale-Santa Clara, CA",0.545114,
ifa_west_merge,93924,ifa,CA,IFA,IFA_03,IFA,,06053,41500,0611324,"IFA Los Angeles-Long Beach-Anaheim, CA / San Jose-Sunnyvale-Santa Clara, CA",0.583793,
ifa_west_merge,93925,ifa,CA,IFA,IFA_03,IFA,,06053,41500,0613364,"IFA Los Angeles-Long Beach-Anaheim, CA / San Jose-Sunnyvale-Santa Clara, CA",0.0,no cell in the extract: territory at zero opportunity
ifa_west_merge,93926,ifa,CA,IFA,IFA_03,IFA,,06053,41500,0630392,"IFA Los Angeles-Long Beach-Anaheim, CA / San Jose-Sunnyvale-Santa Clara, CA",0.0,no cell in the extract: territory at zero opportunity
ifa_west_merge,93927,ifa,CA,IFA,IFA_03,IFA,,06053,41500,0630994,"IFA Los Angeles-Long Beach-Anaheim, CA / San Jose-Sunnyvale-Santa Clara, CA",0.0,no cell in the extract: territory at zero opportunity
ifa_west_merge,93928,ifa,CA,IFA,IFA_03,IFA,,06053,41500,0625093,"IFA Los Angeles-Long Beach-Anaheim, CA / San Jose-Sunnyvale-Santa Clara, CA",0.0,no cell in the extract: territory at zero opportunity
ifa_west_merge,93930,ifa,CA,IFA,IFA_03,IFA,,06053,41500,0638520,"IFA Los Angeles-Long Beach-Anaheim, CA / San Jose-Sunnyvale-Santa Clara, CA",0.0215426,
ifa_west_merge,93932,ifa,CA,IFA,IFA_03,IFA,,06053,41500,0642146,"IFA Los Angeles-Long Beach-Anaheim, CA / San Jose-Sunnyvale-Santa Clara, CA",0.0,no cell in the extract: territory at zero opportunity
ifa_west_merge,93933,ifa,CA,IFA,IFA_03,IFA,,06053,41500,0645778,"IFA Los Angeles-Long Beach-Anaheim, CA / San Jose-Sunnyvale-Santa Clara, CA",0.0,no cell in the extract: territory at zero opportunity
ifa_west_merge,93940,ifa,CA,IFA,IFA_03,IFA,,06053,41500,0648872,"IFA Los Angeles-Long Beach-Anaheim, CA / San Jose-Sunnyvale-Santa Clara, CA",4.40796,
ifa_west_merge,93943,ifa,CA,IFA,IFA_03,IFA,,06053,41500,0648872,"IFA Los Angeles-Long Beach-Anaheim, CA / San Jose-Sunnyvale-Santa Clara, CA",0.0,no cell in the extract: territory at zero opportunity
ifa_west_merge,93944,ifa,CA,IFA,IFA_03,IFA,,06053,41500,0648872,"IFA Los Angeles-Long Beach-Anaheim, CA / San Jose-Sunnyvale-Santa Clara, CA",0.0,no cell in the extract: territory at zero opportunity
ifa_west_merge,93950,ifa,CA,IFA,IFA_03,IFA,,06053,41500,0654848,"IFA Los Angeles-Long Beach-Anaheim, CA / San Jose-Sunnyvale-Santa Clara, CA",0.605169,
ifa_west_merge,93953,ifa,CA,IFA,IFA_03,IFA,,06053,41500,0618590,"IFA Los Angeles-Long Beach-Anaheim, CA / San Jose-Sunnyvale-Santa Clara, CA",0.0,no cell in the extract: territory at zero opportunity
ifa_west_merge,93954,ifa,CA,IFA,IFA_03,IFA,,06053,41500,0668140,"IFA Los Angeles-Long Beach-Anaheim, CA / San Jose-Sunnyvale-Santa Clara, CA",0.0,no cell in the extract: territory at zero opportunity
ifa_west_merge,93955,ifa,CA,IFA,IFA_03,IFA,,06053,41500,0670742,"IFA Los Angeles-Long Beach-Anaheim, CA / San Jose-Sunnyvale-Santa Clara, CA",0.015909,
ifa_west_merge,93960,ifa,CA,IFA,IFA_03,IFA,,06053,41500,0672520,"IFA Los Angeles-Long Beach-Anaheim, CA / San Jose-Sunnyvale-Santa Clara, CA",0.0,no cell in the extract: territory at zero opportunity
ifa_west_merge,93962,ifa,CA,IFA,IFA_03,IFA,,06053,41500,0673612,"IFA Los Angeles-Long Beach-Anaheim, CA / San Jose-Sunnyvale-Santa Clara, CA",0.0,no cell in the extract: territory at zero opportunity
ifa_west_merge,94002,ifa,CA,IFA,IFA_03,IFA,,06081,41860,0605108,"IFA Los Angeles-Long Beach-Anaheim, CA / San Jose-Sunnyvale-Santa Clara, CA",0.376511,
ifa_west_merge,94005,ifa,CA,IFA,IFA_06,IFA,,06081,41860,0608310,"IFA San Francisco-Oakland-Fremont, CA",0.109772,
ifa_west_merge,94010,ifa,CA,IFA,IFA_06,IFA,,06081,41860,0633798,"IFA San Francisco-Oakland-Fremont, CA",6.91845,
ifa_west_merge,94014,ifa,CA,IFA,IFA_06,IFA,,06081,41860,0617918,"IFA San Francisco-Oakland-Fremont, CA",0.0,no cell in the extract: territory at zero opportunity
ifa_west_merge,94015,ifa,CA,IFA,IFA_06,IFA,,06081,41860,0617918,"IFA San Francisco-Oakland-Fremont, CA",3.91441,
ifa_west_merge,94018,ifa,CA,IFA,IFA_03,IFA,,06081,41860,0621936,"IFA Los Angeles-Long Beach-Anaheim, CA / San Jose-Sunnyvale-Santa Clara, CA",0.0,no cell in the extract: territory at zero opportunity
ifa_west_merge,94019,ifa,CA,IFA,IFA_03,IFA,,06081,41860,0631708,"IFA Los Angeles-Long Beach-Anaheim, CA / San Jose-Sunnyvale-Santa Clara, CA",0.953828,
ifa_west_merge,94020,ifa,CA,IFA,IFA_03,IFA,,06081,41860,0639318,"IFA Los Angeles-Long Beach-Anaheim, CA / San Jose-Sunnyvale-Santa Clara, CA",0.0,no cell in the extract: territory at zero opportunity
ifa_west_merge,94021,ifa,CA,IFA,IFA_03,IFA,,06081,41860,0642384,"IFA Los Angeles-Long Beach-Anaheim, CA / San Jose-Sunnyvale-Santa Clara, CA",0.0,no cell in the extract: territory at zero opportunity
ifa_west_merge,94022,ifa,CA,IFA,IFA_03,IFA,,06085,41940,0643294,"IFA Los Angeles-Long Beach-Anaheim, CA / San Jose-Sunnyvale-Santa Clara, CA",4.06816,
ifa_west_merge,94024,ifa,CA,IFA,IFA_03,IFA,,06085,41940,0643280,"IFA Los Angeles-Long Beach-Anaheim, CA / San Jose-Sunnyvale-Santa Clara, CA",0.477268,
ifa_west_merge,94025,ifa,CA,IFA,IFA_03,IFA,,06081,41860,0646870,"IFA Los Angeles-Long Beach-Anaheim, CA / San Jose-Sunnyvale-Santa Clara, CA",6.07896,
ifa_west_merge,94027,ifa,CA,IFA,IFA_03,IFA,,06081,41860,0603092,"IFA Los Angeles-Long Beach-Anaheim, CA / San Jose-Sunnyvale-Santa Clara, CA",0.0,no cell in the extract: territory at zero opportunity
ifa_west_merge,94028,ifa,CA,IFA,IFA_03,IFA,,06081,41860,0658380,"IFA Los Angeles-Long Beach-Anaheim, CA / San Jose-Sunnyvale-Santa Clara, CA",0.0,no cell in the extract: territory at zero opportunity
ifa_west_merge,94030,ifa,CA,IFA,IFA_06,IFA,,06081,41860,0647486,"IFA San Francisco-Oakland-Fremont, CA",4.37553,
ifa_west_merge,94037,ifa,CA,IFA,IFA_06,IFA,,06081,41860,0648760,"IFA San Francisco-Oakland-Fremont, CA",0.0,no cell in the extract: territory at zero opportunity
ifa_west_merge,94038,ifa,CA,IFA,IFA_03,IFA,,06081,41860,0649446,"IFA Los Angeles-Long Beach-Anaheim, CA / San Jose-Sunnyvale-Santa Clara, CA",0.0,no cell in the extract: territory at zero opportunity
ifa_west_merge,94040,ifa,CA,IFA,IFA_03,IFA,,06085,41940,0649670,"IFA Los Angeles-Long Beach-Anaheim, CA / San Jose-Sunnyvale-Santa Clara, CA",3.08086,
ifa_west_merge,94041,ifa,CA,IFA,IFA_03,IFA,,06085,41940,0649670,"IFA Los Angeles-Long Beach-Anaheim, CA / San Jose-Sunnyvale-Santa Clara, CA",0.0,no cell in the extract: territory at zero opportunity
ifa_west_merge,94043,ifa,CA,IFA,IFA_03,IFA,,06085,41940,0649670,"IFA Los Angeles-Long Beach-Anaheim, CA / San Jose-Sunnyvale-Santa Clara, CA",2.03762,
ifa_west_merge,94044,ifa,CA,IFA,IFA_06,IFA,,06081,41860,0654806,"IFA San Francisco-Oakland-Fremont, CA",0.0,no cell in the extract: territory at zero opportunity
ifa_west_merge,94060,ifa,CA,IFA,IFA_03,IFA,,06081,41860,0656756,"IFA Los Angeles-Long Beach-Anaheim, CA / San Jose-Sunnyvale-Santa Clara, CA",0.0,no cell in the extract: territory at zero opportunity
ifa_west_merge,94061,ifa,CA,IFA,IFA_03,IFA,,06081,41860,0660102,"IFA Los Angeles-Long Beach-Anaheim, CA / San Jose-Sunnyvale-Santa Clara, CA",0.0,no cell in the extract: territory at zero opportunity
ifa_west_merge,94062,ifa,CA,IFA,IFA_03,IFA,,06081,41860,0686440,"IFA Los Angeles-Long Beach-Anaheim, CA / San Jose-Sunnyvale-Santa Clara, CA",3.27382,
ifa_west_merge,94063,ifa,CA,IFA,IFA_03,IFA,,06081,41860,0660102,"IFA Los Angeles-Long Beach-Anaheim, CA / San Jose-Sunnyvale-Santa Clara, CA",3.15764,
ifa_west_merge,94065,ifa,CA,IFA,IFA_06,IFA,,06081,41860,0660102,"IFA San Francisco-Oakland-Fremont, CA",14.6411,
ifa_west_merge,94066,ifa,CA,IFA,IFA_06,IFA,,06081,41860,0665028,"IFA San Francisco-Oakland-Fremont, CA",2.12933,
ifa_west_merge,94070,ifa,CA,IFA,IFA_03,IFA,,06081,41860,0665070,"IFA Los Angeles-Long Beach-Anaheim, CA / San Jose-Sunnyvale-Santa Clara, CA",26.1983,
ifa_west_merge,94074,ifa,CA,IFA,IFA_03,IFA,,06081,41860,,"IFA Los Angeles-Long Beach-Anaheim, CA / San Jose-Sunnyvale-Santa Clara, CA",0.0,no cell in the extract: territory at zero opportunity
ifa_west_merge,94080,ifa,CA,IFA,IFA_06,IFA,,06081,41860,0673262,"IFA San Francisco-Oakland-Fremont, CA",0.132239,
ifa_west_merge,94085,ifa,CA,IFA,IFA_03,IFA,,06085,41940,0677000,"IFA Los Angeles-Long Beach-Anaheim, CA / San Jose-Sunnyvale-Santa Clara, CA",1.25284,
ifa_west_merge,94086,ifa,CA,IFA,IFA_03,IFA,,06085,41940,0677000,"IFA Los Angeles-Long Beach-Anaheim, CA / San Jose-Sunnyvale-Santa Clara, CA",0.0584342,
ifa_west_merge,94087,ifa,CA,IFA,IFA_03,IFA,,06085,41940,0677000,"IFA Los Angeles-Long Beach-Anaheim, CA / San Jose-Sunnyvale-Santa Clara, CA",0.535271,
ifa_west_merge,94089,ifa,CA,IFA,IFA_03,IFA,,06085,41940,0677000,"IFA Los Angeles-Long Beach-Anaheim, CA / San Jose-Sunnyvale-Santa Clara, CA",0.0,no cell in the extract: territory at zero opportunity
ifa_west_merge,94102,ifa,CA,IFA,IFA_06,IFA,,06075,41860,0667000,"IFA San Francisco-Oakland-Fremont, CA",0.126821,
ifa_west_merge,94103,ifa,CA,IFA,IFA_06,IFA,,06075,41860,0667000,"IFA San Francisco-Oakland-Fremont, CA",0.0,no cell in the extract: territory at zero opportunity
ifa_west_merge,94104,ifa,CA,IFA,IFA_06,IFA,,06075,41860,0667000,"IFA San Francisco-Oakland-Fremont, CA",4.22551,
ifa_west_merge,94105,ifa,CA,IFA,IFA_06,IFA,,06075,41860,0667000,"IFA San Francisco-Oakland-Fremont, CA",1.7648,
ifa_west_merge,94107,ifa,CA,IFA,IFA_06,IFA,,06075,41860,0667000,"IFA San Francisco-Oakland-Fremont, CA",0.54094,
ifa_west_merge,94108,ifa,CA,IFA,IFA_06,IFA,,06075,41860,0667000,"IFA San Francisco-Oakland-Fremont, CA",0.0,no cell in the extract: territory at zero opportunity
ifa_west_merge,94109,ifa,CA,IFA,IFA_06,IFA,,06075,41860,0667000,"IFA San Francisco-Oakland-Fremont, CA",3.97733,
ifa_west_merge,94110,ifa,CA,IFA,IFA_06,IFA,,06075,41860,0667000,"IFA San Francisco-Oakland-Fremont, CA",0.655084,
ifa_west_merge,94111,ifa,CA,IFA,IFA_06,IFA,,06075,41860,0667000,"IFA San Francisco-Oakland-Fremont, CA",6.16529,
ifa_west_merge,94112,ifa,CA,IFA,IFA_06,IFA,,06075,41860,0667000,"IFA San Francisco-Oakland-Fremont, CA",0.0,no cell in the extract: territory at zero opportunity
ifa_west_merge,94114,ifa,CA,IFA,IFA_06,IFA,,06075,41860,0667000,"IFA San Francisco-Oakland-Fremont, CA",0.0,no cell in the extract: territory at zero opportunity
ifa_west_merge,94115,ifa,CA,IFA,IFA_06,IFA,,06075,41860,0667000,"IFA San Francisco-Oakland-Fremont, CA",0.0147485,
ifa_west_merge,94116,ifa,CA,IFA,IFA_06,IFA,,06075,41860,0667000,"IFA San Francisco-Oakland-Fremont, CA",0.0,no cell in the extract: territory at zero opportunity
ifa_west_merge,94117,ifa,CA,IFA,IFA_06,IFA,,06075,41860,0667000,"IFA San Francisco-Oakland-Fremont, CA",2.46192,
ifa_west_merge,94118,ifa,CA,IFA,IFA_06,IFA,,06075,41860,0667000,"IFA San Francisco-Oakland-Fremont, CA",0.245011,
ifa_west_merge,94121,ifa,CA,IFA,IFA_06,IFA,,06075,41860,0667000,"IFA San Francisco-Oakland-Fremont, CA",0.0,no cell in the extract: territory at zero opportunity
ifa_west_merge,94122,ifa,CA,IFA,IFA_06,IFA,,06075,41860,0667000,"IFA San Francisco-Oakland-Fremont, CA",1.02708,
ifa_west_merge,94123,ifa,CA,IFA,IFA_06,IFA,,06075,41860,0667000,"IFA San Francisco-Oakland-Fremont, CA",0.0139602,
ifa_west_merge,94124,ifa,CA,IFA,IFA_06,IFA,,06075,41860,0667000,"IFA San Francisco-Oakland-Fremont, CA",0.13874,
ifa_west_merge,94127,ifa,CA,IFA,IFA_06,IFA,,06075,41860,0667000,"IFA San Francisco-Oakland-Fremont, CA",0.0,no cell in the extract: territory at zero opportunity
ifa_west_merge,94128,ifa,CA,IFA,IFA_06,IFA,,06081,41860,0673262,"IFA San Francisco-Oakland-Fremont, CA",0.0,no cell in the extract: territory at zero opportunity
ifa_west_merge,94129,ifa,CA,IFA,IFA_06,IFA,,06075,41860,0667000,"IFA San Francisco-Oakland-Fremont, CA",0.458709,
ifa_west_merge,94130,ifa,CA,IFA,IFA_06,IFA,,06075,41860,0667000,"IFA San Francisco-Oakland-Fremont, CA",0.0,no cell in the extract: territory at zero opportunity
ifa_west_merge,94131,ifa,CA,IFA,IFA_06,IFA,,06075,41860,0667000,"IFA San Francisco-Oakland-Fremont, CA",1.20236,
ifa_west_merge,94132,ifa,CA,IFA,IFA_06,IFA,,06075,41860,0667000,"IFA San Francisco-Oakland-Fremont, CA",0.0,no cell in the extract: territory at zero opportunity
ifa_west_merge,94133,ifa,CA,IFA,IFA_06,IFA,,06075,41860,0667000,"IFA San Francisco-Oakland-Fremont, CA",0.37195,
ifa_west_merge,94134,ifa,CA,IFA,IFA_06,IFA,,06075,41860,0667000,"IFA San Francisco-Oakland-Fremont, CA",0.980559,
ifa_west_merge,94158,ifa,CA,IFA,IFA_06,IFA,,06075,41860,0667000,"IFA San Francisco-Oakland-Fremont, CA",0.0,no cell in the extract: territory at zero opportunity
ifa_west_merge,94188,ifa,CA,IFA,IFA_06,IFA,,06075,41860,0667000,"IFA San Francisco-Oakland-Fremont, CA",0.0,no cell in the extract: territory at zero opportunity
ifa_west_merge,94301,ifa,CA,IFA,IFA_03,IFA,,06085,41940,0655282,"IFA Los Angeles-Long Beach-Anaheim, CA / San Jose-Sunnyvale-Santa Clara, CA",2.2914,
ifa_west_merge,94303,ifa,CA,IFA,IFA_03,IFA,,06085,41940,0655282,"IFA Los Angeles-Long Beach-Anaheim, CA / San Jose-Sunnyvale-Santa Clara, CA",0.0882532,
ifa_west_merge,94304,ifa,CA,IFA,IFA_03,IFA,,06085,41940,0655282,"IFA Los Angeles-Long Beach-Anaheim, CA / San Jose-Sunnyvale-Santa Clara, CA",0.501426,
ifa_west_merge,94305,ifa,CA,IFA,IFA_03,IFA,,06085,41940,0673906,"IFA Los Angeles-Long Beach-Anaheim, CA / San Jose-Sunnyvale-Santa Clara, CA",0.0,no cell in the extract: territory at zero opportunity
ifa_west_merge,94306,ifa,CA,IFA,IFA_03,IFA,,06085,41940,0655282,"IFA Los Angeles-Long Beach-Anaheim, CA / San Jose-Sunnyvale-Santa Clara, CA",0.0,no cell in the extract: territory at zero opportunity
ifa_west_merge,94401,ifa,CA,IFA,IFA_06,IFA,,06081,41860,0668252,"IFA San Francisco-Oakland-Fremont, CA",2.0904,
ifa_west_merge,94402,ifa,CA,IFA,IFA_06,IFA,,06081,41860,0668252,"IFA San Francisco-Oakland-Fremont, CA",5.71871,
ifa_west_merge,94403,ifa,CA,IFA,IFA_06,IFA,,06081,41860,0668252,"IFA San Francisco-Oakland-Fremont, CA",5.24895,
ifa_west_merge,94404,ifa,CA,IFA,IFA_06,IFA,,06081,41860,0625338,"IFA San Francisco-Oakland-Fremont, CA",18.3602,
ifa_west_merge,94501,ifa,CA,IFA,IFA_06,IFA,,06001,41860,0600562,"IFA San Francisco-Oakland-Fremont, CA",7.87845,
ifa_west_merge,94502,ifa,CA,IFA,IFA_06,IFA,,06001,41860,0600562,"IFA San Francisco-Oakland-Fremont, CA",1.37284,
ifa_west_merge,94503,ifa,CA,IFA,IFA_06,IFA,,06055,34900,0601640,"IFA San Francisco-Oakland-Fremont, CA",0.0,no cell in the extract: territory at zero opportunity
ifa_west_merge,94505,ifa,CA,IFA,IFA_06,IFA,,06013,41860,0619339,"IFA San Francisco-Oakland-Fremont, CA",0.648292,
ifa_west_merge,94506,ifa,CA,IFA,IFA_06,IFA,,06013,41860,0606928,"IFA San Francisco-Oakland-Fremont, CA",3.91882,
ifa_west_merge,94507,ifa,CA,IFA,IFA_06,IFA,,06013,41860,0600618,"IFA San Francisco-Oakland-Fremont, CA",11.6186,
ifa_west_merge,94508,ifa,CA,IFA,IFA_06,IFA,,06055,34900,0602168,"IFA San Francisco-Oakland-Fremont, CA",0.0,no cell in the extract: territory at zero opportunity
ifa_west_merge,94509,ifa,CA,IFA,IFA_06,IFA,,06013,41860,0602252,"IFA San Francisco-Oakland-Fremont, CA",1.01445,
ifa_west_merge,94510,ifa,CA,IFA,IFA_06,IFA,,06095,46700,0605290,"IFA San Francisco-Oakland-Fremont, CA",5.70598,
ifa_west_merge,94511,ifa,CA,IFA,IFA_06,IFA,,06013,41860,0606210,"IFA San Francisco-Oakland-Fremont, CA",0.0,no cell in the extract: territory at zero opportunity
ifa_west_merge,94512,ifa,CA,IFA,IFA_06,IFA,,06095,46700,,"IFA San Francisco-Oakland-Fremont, CA",0.0,no cell in the extract: territory at zero opportunity
ifa_west_merge,94513,ifa,CA,IFA,IFA_06,IFA,,06013,41860,0608142,"IFA San Francisco-Oakland-Fremont, CA",4.76917,
ifa_west_merge,94514,ifa,CA,IFA,IFA_06,IFA,,06013,41860,0609346,"IFA San Francisco-Oakland-Fremont, CA",0.0,no cell in the extract: territory at zero opportunity
ifa_west_merge,94515,ifa,CA,IFA,IFA_06,IFA,,06097,42220,0609892,"IFA San Francisco-Oakland-Fremont, CA",0.378028,
ifa_west_merge,94516,ifa,CA,IFA,IFA_06,IFA,,06013,41860,,"IFA San Francisco-Oakland-Fremont, CA",0.0,no cell in the extract: territory at zero opportunity
ifa_west_merge,94517,ifa,CA,IFA,IFA_06,IFA,,06013,41860,0613882,"IFA San Francisco-Oakland-Fremont, CA",1.58026,
ifa_west_merge,94518,ifa,CA,IFA,IFA_06,IFA,,06013,41860,0616000,"IFA San Francisco-Oakland-Fremont, CA",0.0,no cell in the extract: territory at zero opportunity
ifa_west_merge,94519,ifa,CA,IFA,IFA_06,IFA,,06013,41860,0616000,"IFA San Francisco-Oakland-Fremont, CA",0.0856104,
ifa_west_merge,94520,ifa,CA,IFA,IFA_06,IFA,,06013,41860,0616000,"IFA San Francisco-Oakland-Fremont, CA",11.4941,
ifa_west_merge,94521,ifa,CA,IFA,IFA_06,IFA,,06013,41860,0616000,"IFA San Francisco-Oakland-Fremont, CA",0.53308,
ifa_west_merge,94523,ifa,CA,IFA,IFA_06,IFA,,06013,41860,0657764,"IFA San Francisco-Oakland-Fremont, CA",7.49921,
ifa_west_merge,94525,ifa,CA,IFA,IFA_06,IFA,,06013,41860,0617274,"IFA San Francisco-Oakland-Fremont, CA",0.0,no cell in the extract: territory at zero opportunity
ifa_west_merge,94526,ifa,CA,IFA,IFA_06,IFA,,06013,41860,0617988,"IFA San Francisco-Oakland-Fremont, CA",10.5507,
ifa_west_merge,94528,ifa,CA,IFA,IFA_06,IFA,,06013,41860,0619150,"IFA San Francisco-Oakland-Fremont, CA",0.0,no cell in the extract: territory at zero opportunity
ifa_west_merge,94530,ifa,CA,IFA,IFA_06,IFA,,06013,41860,0621796,"IFA San Francisco-Oakland-Fremont, CA",1.70371,
ifa_west_merge,94531,ifa,CA,IFA,IFA_06,IFA,,06013,41860,0602252,"IFA San Francisco-Oakland-Fremont, CA",0.29794,
ifa_west_merge,94533,ifa,CA,IFA,IFA_06,IFA,,06095,46700,0623182,"IFA San Francisco-Oakland-Fremont, CA",1.63943,
ifa_west_merge,94534,ifa,CA,IFA,IFA_06,IFA,,06095,46700,0623182,"IFA San Francisco-Oakland-Fremont, CA",4.81803,
ifa_west_merge,94535,ifa,CA,IFA,IFA_06,IFA,,06095,46700,0623182,"IFA San Francisco-Oakland-Fremont, CA",0.0,no cell in the extract: territory at zero opportunity
ifa_west_merge,94536,ifa,CA,IFA,IFA_06,IFA,,06001,41860,0626000,"IFA San Francisco-Oakland-Fremont, CA",0.0684088,
ifa_west_merge,94538,ifa,CA,IFA,IFA_06,IFA,,06001,41860,0626000,"IFA San Francisco-Oakland-Fremont, CA",6.68897,
ifa_west_merge,94539,ifa,CA,IFA,IFA_06,IFA,,06001,41860,0626000,"IFA San Francisco-Oakland-Fremont, CA",2.88772,
ifa_west_merge,94541,ifa,CA,IFA,IFA_06,IFA,,06001,41860,0633000,"IFA San Francisco-Oakland-Fremont, CA",0.0,no cell in the extract: territory at zero opportunity
ifa_west_merge,94542,ifa,CA,IFA,IFA_06,IFA,,06001,41860,0633000,"IFA San Francisco-Oakland-Fremont, CA",0.0,no cell in the extract: territory at zero opportunity
ifa_west_merge,94544,ifa,CA,IFA,IFA_06,IFA,,06001,41860,0633000,"IFA San Francisco-Oakland-Fremont, CA",0.0,no cell in the extract: territory at zero opportunity
ifa_west_merge,94545,ifa,CA,IFA,IFA_06,IFA,,06001,41860,0633000,"IFA San Francisco-Oakland-Fremont, CA",3.29934,
ifa_west_merge,94546,ifa,CA,IFA,IFA_06,IFA,,06001,41860,0611964,"IFA San Francisco-Oakland-Fremont, CA",1.24923,
ifa_west_merge,94547,ifa,CA,IFA,IFA_06,IFA,,06013,41860,0633308,"IFA San Francisco-Oakland-Fremont, CA",0.590754,
ifa_west_merge,94548,ifa,CA,IFA,IFA_06,IFA,,06013,41860,0638772,"IFA San Francisco-Oakland-Fremont, CA",0.0,no cell in the extract: territory at zero opportunity
ifa_west_merge,94549,ifa,CA,IFA,IFA_06,IFA,,06013,41860,0639122,"IFA San Francisco-Oakland-Fremont, CA",20.2716,
ifa_west_merge,94550,ifa,CA,IFA,IFA_06,IFA,,06001,41860,0641992,"IFA San Francisco-Oakland-Fremont, CA",0.0,no cell in the extract: territory at zero opportunity
ifa_west_merge,94551,ifa,CA,IFA,IFA_06,IFA,,06001,41860,0641992,"IFA San Francisco-Oakland-Fremont, CA",0.998291,
ifa_west_merge,94552,ifa,CA,IFA,IFA_06,IFA,,06001,41860,0611964,"IFA San Francisco-Oakland-Fremont, CA",0.92981,
ifa_west_merge,94553,ifa,CA,IFA,IFA_06,IFA,,06013,41860,0646114,"IFA San Francisco-Oakland-Fremont, CA",0.0545997,
ifa_west_merge,94555,ifa,CA,IFA,IFA_06,IFA,,06001,41860,0626000,"IFA San Francisco-Oakland-Fremont, CA",1.76202,
ifa_west_merge,94556,ifa,CA,IFA,IFA_06,IFA,,06013,41860,0649187,"IFA San Francisco-Oakland-Fremont, CA",0.00119318,
ifa_west_merge,94558,ifa,CA,IFA,IFA_06,IFA,,06055,34900,0650258,"IFA San Francisco-Oakland-Fremont, CA",4.91794,
ifa_west_merge,94559,ifa,CA,IFA,IFA_06,IFA,,06055,34900,0650258,"IFA San Francisco-Oakland-Fremont, CA",2.70525,
ifa_west_merge,94560,ifa,CA,IFA,IFA_06,IFA,,06001,41860,0650916,"IFA San Francisco-Oakland-Fremont, CA",1.59911,
ifa_west_merge,94561,ifa,CA,IFA,IFA_06,IFA,,06013,41860,0653070,"IFA San Francisco-Oakland-Fremont, CA",0.00930684,
ifa_west_merge,94562,ifa,CA,IFA,IFA_06,IFA,,06055,34900,0653196,"IFA San Francisco-Oakland-Fremont, CA",0.0,no cell in the extract: territory at zero opportunity
ifa_west_merge,94563,ifa,CA,IFA,IFA_06,IFA,,06013,41860,0654232,"IFA San Francisco-Oakland-Fremont, CA",1.23194,
ifa_west_merge,94564,ifa,CA,IFA,IFA_06,IFA,,06013,41860,0657288,"IFA San Francisco-Oakland-Fremont, CA",0.0,no cell in the extract: territory at zero opportunity
ifa_west_merge,94565,ifa,CA,IFA,IFA_06,IFA,,06013,41860,0657456,"IFA San Francisco-Oakland-Fremont, CA",0.0031818,
ifa_west_merge,94566,ifa,CA,IFA,IFA_06,IFA,,06001,41860,0657792,"IFA San Francisco-Oakland-Fremont, CA",41.5988,
ifa_west_merge,94567,ifa,CA,IFA,IFA_06,IFA,,06055,34900,,"IFA San Francisco-Oakland-Fremont, CA",0.0,no cell in the extract: territory at zero opportunity
ifa_west_merge,94568,ifa,CA,IFA,IFA_06,IFA,,06001,41860,0620018,"IFA San Francisco-Oakland-Fremont, CA",1.77096,
ifa_west_merge,94569,ifa,CA,IFA,IFA_06,IFA,,06013,41860,0658226,"IFA San Francisco-Oakland-Fremont, CA",0.0,no cell in the extract: territory at zero opportunity
ifa_west_merge,94571,ifa,CA,IFA,IFA_06,IFA,,06095,46700,0660984,"IFA San Francisco-Oakland-Fremont, CA",0.0,no cell in the extract: territory at zero opportunity
ifa_west_merge,94572,ifa,CA,IFA,IFA_06,IFA,,06013,41860,0662490,"IFA San Francisco-Oakland-Fremont, CA",0.0,no cell in the extract: territory at zero opportunity
ifa_west_merge,94573,ifa,CA,IFA,IFA_06,IFA,,06055,34900,0663400,"IFA San Francisco-Oakland-Fremont, CA",0.0,no cell in the extract: territory at zero opportunity
ifa_west_merge,94574,ifa,CA,IFA,IFA_06,IFA,,06055,34900,0664140,"IFA San Francisco-Oakland-Fremont, CA",0.177334,
ifa_west_merge,94575,ifa,CA,IFA,IFA_06,IFA,,06013,41860,0649187,"IFA San Francisco-Oakland-Fremont, CA",0.0,no cell in the extract: territory at zero opportunity
ifa_west_merge,94576,ifa,CA,IFA,IFA_06,IFA,,06055,34900,0618324,"IFA San Francisco-Oakland-Fremont, CA",0.0,no cell in the extract: territory at zero opportunity
ifa_west_merge,94577,ifa,CA,IFA,IFA_06,IFA,,06001,41860,0668084,"IFA San Francisco-Oakland-Fremont, CA",1.48251,
ifa_west_merge,94578,ifa,CA,IFA,IFA_06,IFA,,06001,41860,0668084,"IFA San Francisco-Oakland-Fremont, CA",0.0134837,
ifa_west_merge,94579,ifa,CA,IFA,IFA_06,IFA,,06001,41860,0668084,"IFA San Francisco-Oakland-Fremont, CA",0.00636361,
ifa_west_merge,94580,ifa,CA,IFA,IFA_06,IFA,,06001,41860,0668112,"IFA San Francisco-Oakland-Fremont, CA",0.0,no cell in the extract: territory at zero opportunity
ifa_west_merge,94582,ifa,CA,IFA,IFA_06,IFA,,06013,41860,0668378,"IFA San Francisco-Oakland-Fremont, CA",0.161259,
ifa_west_merge,94583,ifa,CA,IFA,IFA_06,IFA,,06013,41860,0668378,"IFA San Francisco-Oakland-Fremont, CA",100.26,
ifa_west_merge,94585,ifa,CA,IFA,IFA_06,IFA,,06095,46700,0675630,"IFA San Francisco-Oakland-Fremont, CA",0.0,no cell in the extract: territory at zero opportunity
ifa_west_merge,94586,ifa,CA,IFA,IFA_06,IFA,,06001,41860,0677042,"IFA San Francisco-Oakland-Fremont, CA",0.0,no cell in the extract: territory at zero opportunity
ifa_west_merge,94587,ifa,CA,IFA,IFA_06,IFA,,06001,41860,0681204,"IFA San Francisco-Oakland-Fremont, CA",0.0102671,
ifa_west_merge,94588,ifa,CA,IFA,IFA_06,IFA,,06001,41860,0657792,"IFA San Francisco-Oakland-Fremont, CA",15.1659,
ifa_west_merge,94589,ifa,CA,IFA,IFA_06,IFA,,06095,46700,0681666,"IFA San Francisco-Oakland-Fremont, CA",0.618065,
ifa_west_merge,94590,ifa,CA,IFA,IFA_06,IFA,,06095,46700,0681666,"IFA San Francisco-Oakland-Fremont, CA",0.0,no cell in the extract: territory at zero opportunity
ifa_west_merge,94591,ifa,CA,IFA,IFA_06,IFA,,06095,46700,0681666,"IFA San Francisco-Oakland-Fremont, CA",0.0,no cell in the extract: territory at zero opportunity
ifa_west_merge,94592,ifa,CA,IFA,IFA_06,IFA,,06095,46700,0681666,"IFA San Francisco-Oakland-Fremont, CA",0.0,no cell in the extract: territory at zero opportunity
ifa_west_merge,94595,ifa,CA,IFA,IFA_06,IFA,,06013,41860,0683346,"IFA San Francisco-Oakland-Fremont, CA",0.17207,
ifa_west_merge,94596,ifa,CA,IFA,IFA_06,IFA,,06013,41860,0683346,"IFA San Francisco-Oakland-Fremont, CA",51.3422,
ifa_west_merge,94597,ifa,CA,IFA,IFA_06,IFA,,06013,41860,0683346,"IFA San Francisco-Oakland-Fremont, CA",20.6979,
ifa_west_merge,94598,ifa,CA,IFA,IFA_06,IFA,,06013,41860,0683346,"IFA San Francisco-Oakland-Fremont, CA",11.3085,
ifa_west_merge,94599,ifa,CA,IFA,IFA_06,IFA,,06055,34900,0686930,"IFA San Francisco-Oakland-Fremont, CA",0.0,no cell in the extract: territory at zero opportunity
ifa_west_merge,94601,ifa,CA,IFA,IFA_06,IFA,,06001,41860,0653000,"IFA San Francisco-Oakland-Fremont, CA",0.0,no cell in the extract: territory at zero opportunity
ifa_west_merge,94602,ifa,CA,IFA,IFA_06,IFA,,06001,41860,0653000,"IFA San Francisco-Oakland-Fremont, CA",0.0,no cell in the extract: territory at zero opportunity
ifa_west_merge,94603,ifa,CA,IFA,IFA_06,IFA,,06001,41860,0653000,"IFA San Francisco-Oakland-Fremont, CA",0.0,no cell in the extract: territory at zero opportunity
ifa_west_merge,94605,ifa,CA,IFA,IFA_06,IFA,,06001,41860,0653000,"IFA San Francisco-Oakland-Fremont, CA",0.0,no cell in the extract: territory at zero opportunity
ifa_west_merge,94606,ifa,CA,IFA,IFA_06,IFA,,06001,41860,0653000,"IFA San Francisco-Oakland-Fremont, CA",0.00632383,
ifa_west_merge,94607,ifa,CA,IFA,IFA_06,IFA,,06001,41860,0653000,"IFA San Francisco-Oakland-Fremont, CA",2.05777,
ifa_west_merge,94608,ifa,CA,IFA,IFA_06,IFA,,06001,41860,0653000,"IFA San Francisco-Oakland-Fremont, CA",1.11186,
ifa_west_merge,94609,ifa,CA,IFA,IFA_06,IFA,,06001,41860,0653000,"IFA San Francisco-Oakland-Fremont, CA",0.0,no cell in the extract: territory at zero opportunity
ifa_west_merge,94610,ifa,CA,IFA,IFA_06,IFA,,06001,41860,0653000,"IFA San Francisco-Oakland-Fremont, CA",0.0,no cell in the extract: territory at zero opportunity
ifa_west_merge,94611,ifa,CA,IFA,IFA_06,IFA,,06001,41860,0653000,"IFA San Francisco-Oakland-Fremont, CA",1.5358,
ifa_west_merge,94612,ifa,CA,IFA,IFA_06,IFA,,06001,41860,0653000,"IFA San Francisco-Oakland-Fremont, CA",3.95588,
ifa_west_merge,94613,ifa,CA,IFA,IFA_06,IFA,,06001,41860,0653000,"IFA San Francisco-Oakland-Fremont, CA",0.0,no cell in the extract: territory at zero opportunity
ifa_west_merge,94618,ifa,CA,IFA,IFA_06,IFA,,06001,41860,0653000,"IFA San Francisco-Oakland-Fremont, CA",0.495935,
ifa_west_merge,94619,ifa,CA,IFA,IFA_06,IFA,,06001,41860,0653000,"IFA San Francisco-Oakland-Fremont, CA",0.0,no cell in the extract: territory at zero opportunity
ifa_west_merge,94621,ifa,CA,IFA,IFA_06,IFA,,06001,41860,0653000,"IFA San Francisco-Oakland-Fremont, CA",0.0,no cell in the extract: territory at zero opportunity
ifa_west_merge,94702,ifa,CA,IFA,IFA_06,IFA,,06001,41860,0606000,"IFA San Francisco-Oakland-Fremont, CA",0.0,no cell in the extract: territory at zero opportunity
ifa_west_merge,94703,ifa,CA,IFA,IFA_06,IFA,,06001,41860,0606000,"IFA San Francisco-Oakland-Fremont, CA",0.0,no cell in the extract: territory at zero opportunity
ifa_west_merge,94704,ifa,CA,IFA,IFA_06,IFA,,06001,41860,0606000,"IFA San Francisco-Oakland-Fremont, CA",0.0,no cell in the extract: territory at zero opportunity
ifa_west_merge,94705,ifa,CA,IFA,IFA_06,IFA,,06001,41860,0653000,"IFA San Francisco-Oakland-Fremont, CA",0.252176,
ifa_west_merge,94706,ifa,CA,IFA,IFA_06,IFA,,06001,41860,0600674,"IFA San Francisco-Oakland-Fremont, CA",0.0,no cell in the extract: territory at zero opportunity
ifa_west_merge,94707,ifa,CA,IFA,IFA_06,IFA,,06001,41860,0606000,"IFA San Francisco-Oakland-Fremont, CA",0.0,no cell in the extract: territory at zero opportunity
ifa_west_merge,94708,ifa,CA,IFA,IFA_06,IFA,,06013,41860,0606000,"IFA San Francisco-Oakland-Fremont, CA",0.0,no cell in the extract: territory at zero opportunity
ifa_west_merge,94709,ifa,CA,IFA,IFA_06,IFA,,06001,41860,0606000,"IFA San Francisco-Oakland-Fremont, CA",0.0,no cell in the extract: territory at zero opportunity
ifa_west_merge,94710,ifa,CA,IFA,IFA_06,IFA,,06001,41860,0606000,"IFA San Francisco-Oakland-Fremont, CA",0.0,no cell in the extract: territory at zero opportunity
ifa_west_merge,94720,ifa,CA,IFA,IFA_06,IFA,,06001,41860,0606000,"IFA San Francisco-Oakland-Fremont, CA",0.0,no cell in the extract: territory at zero opportunity
ifa_west_merge,94801,ifa,CA,IFA,IFA_06,IFA,,06013,41860,0660620,"IFA San Francisco-Oakland-Fremont, CA",0.0,no cell in the extract: territory at zero opportunity
ifa_west_merge,94803,ifa,CA,IFA,IFA_06,IFA,,06013,41860,0660620,"IFA San Francisco-Oakland-Fremont, CA",0.137616,
ifa_west_merge,94804,ifa,CA,IFA,IFA_06,IFA,,06013,41860,0660620,"IFA San Francisco-Oakland-Fremont, CA",0.0,no cell in the extract: territory at zero opportunity
ifa_west_merge,94805,ifa,CA,IFA,IFA_06,IFA,,06013,41860,0660620,"IFA San Francisco-Oakland-Fremont, CA",0.0,no cell in the extract: territory at zero opportunity
ifa_west_merge,94806,ifa,CA,IFA,IFA_06,IFA,,06013,41860,0660620,"IFA San Francisco-Oakland-Fremont, CA",0.328673,
ifa_west_merge,94901,ifa,CA,IFA,IFA_06,IFA,,06041,41860,0668364,"IFA San Francisco-Oakland-Fremont, CA",9.71684,
ifa_west_merge,94903,ifa,CA,IFA,IFA_06,IFA,,06041,41860,0668364,"IFA San Francisco-Oakland-Fremont, CA",2.59351,
ifa_west_merge,94904,ifa,CA,IFA,IFA_06,IFA,,06041,41860,0638114,"IFA San Francisco-Oakland-Fremont, CA",1.19662,
ifa_west_merge,94920,ifa,CA,IFA,IFA_06,IFA,,06041,41860,0678666,"IFA San Francisco-Oakland-Fremont, CA",1.72932,
ifa_west_merge,94922,ifa,CA,IFA,IFA_06,IFA,,06097,42220,0607246,"IFA San Francisco-Oakland-Fremont, CA",0.0,no cell in the extract: territory at zero opportunity
ifa_west_merge,94923,ifa,CA,IFA,IFA_06,IFA,,06097,42220,0607260,"IFA San Francisco-Oakland-Fremont, CA",0.0,no cell in the extract: territory at zero opportunity
ifa_west_merge,94924,ifa,CA,IFA,IFA_06,IFA,,06041,41860,0607316,"IFA San Francisco-Oakland-Fremont, CA",0.0,no cell in the extract: territory at zero opportunity
ifa_west_merge,94925,ifa,CA,IFA,IFA_06,IFA,,06041,41860,0616462,"IFA San Francisco-Oakland-Fremont, CA",0.756073,
ifa_west_merge,94928,ifa,CA,IFA,IFA_06,IFA,,06097,42220,0662546,"IFA San Francisco-Oakland-Fremont, CA",2.555,
ifa_west_merge,94929,ifa,CA,IFA,IFA_06,IFA,,06041,41860,0619262,"IFA San Francisco-Oakland-Fremont, CA",0.0,no cell in the extract: territory at zero opportunity
ifa_west_merge,94930,ifa,CA,IFA,IFA_06,IFA,,06041,41860,0623168,"IFA San Francisco-Oakland-Fremont, CA",0.0,no cell in the extract: territory at zero opportunity
ifa_west_merge,94931,ifa,CA,IFA,IFA_06,IFA,,06097,42220,0616560,"IFA San Francisco-Oakland-Fremont, CA",0.0,no cell in the extract: territory at zero opportunity
ifa_west_merge,94933,ifa,CA,IFA,IFA_06,IFA,,06041,41860,0639283,"IFA San Francisco-Oakland-Fremont, CA",0.0,no cell in the extract: territory at zero opportunity
ifa_west_merge,94937,ifa,CA,IFA,IFA_06,IFA,,06041,41860,0636616,"IFA San Francisco-Oakland-Fremont, CA",0.0,no cell in the extract: territory at zero opportunity
ifa_west_merge,94938,ifa,CA,IFA,IFA_06,IFA,,06041,41860,0639283,"IFA San Francisco-Oakland-Fremont, CA",0.0,no cell in the extract: territory at zero opportunity
ifa_west_merge,94939,ifa,CA,IFA,IFA_06,IFA,,06041,41860,0640438,"IFA San Francisco-Oakland-Fremont, CA",4.75563,
ifa_west_merge,94940,ifa,CA,IFA,IFA_06,IFA,,06041,41860,,"IFA San Francisco-Oakland-Fremont, CA",0.0,no cell in the extract: territory at zero opportunity
ifa_west_merge,94941,ifa,CA,IFA,IFA_06,IFA,,06041,41860,0647710,"IFA San Francisco-Oakland-Fremont, CA",6.26074,
ifa_west_merge,94945,ifa,CA,IFA,IFA_06,IFA,,06041,41860,0652582,"IFA San Francisco-Oakland-Fremont, CA",5.48997,
ifa_west_merge,94946,ifa,CA,IFA,IFA_06,IFA,,06041,41860,0651280,"IFA San Francisco-Oakland-Fremont, CA",0.0,no cell in the extract: territory at zero opportunity
ifa_west_merge,94947,ifa,CA,IFA,IFA_06,IFA,,06041,41860,0652582,"IFA San Francisco-Oakland-Fremont, CA",0.740773,
ifa_west_merge,94949,ifa,CA,IFA,IFA_06,IFA,,06041,41860,0652582,"IFA San Francisco-Oakland-Fremont, CA",8.00343,
ifa_west_merge,94950,ifa,CA,IFA,IFA_06,IFA,,06041,41860,,"IFA San Francisco-Oakland-Fremont, CA",0.0,no cell in the extract: territory at zero opportunity
ifa_west_merge,94951,ifa,CA,IFA,IFA_06,IFA,,06097,42220,0656476,"IFA San Francisco-Oakland-Fremont, CA",0.0,no cell in the extract: territory at zero opportunity
ifa_west_merge,94952,ifa,CA,IFA,IFA_06,IFA,,06041,41860,0607036,"IFA San Francisco-Oakland-Fremont, CA",0.0,no cell in the extract: territory at zero opportunity
ifa_west_merge,94954,ifa,CA,IFA,IFA_06,IFA,,06097,42220,0656784,"IFA San Francisco-Oakland-Fremont, CA",4.64831,
ifa_west_merge,94956,ifa,CA,IFA,IFA_06,IFA,,06041,41860,0636616,"IFA San Francisco-Oakland-Fremont, CA",0.0,no cell in the extract: territory at zero opportunity
ifa_west_merge,94957,ifa,CA,IFA,IFA_06,IFA,,06041,41860,0662980,"IFA San Francisco-Oakland-Fremont, CA",0.0,no cell in the extract: territory at zero opportunity
ifa_west_merge,94960,ifa,CA,IFA,IFA_06,IFA,,06041,41860,0672184,"IFA San Francisco-Oakland-Fremont, CA",1.69777,
ifa_west_merge,94963,ifa,CA,IFA,IFA_06,IFA,,06041,41860,0667070,"IFA San Francisco-Oakland-Fremont, CA",0.0,no cell in the extract: territory at zero opportunity
ifa_west_merge,94964,ifa,CA,IFA,IFA_06,IFA,,06041,41860,,"IFA San Francisco-Oakland-Fremont, CA",0.0,no cell in the extract: territory at zero opportunity
ifa_west_merge,94965,ifa,CA,IFA,IFA_06,IFA,,06041,41860,0670364,"IFA San Francisco-Oakland-Fremont, CA",1.10371,
ifa_west_merge,94970,ifa,CA,IFA,IFA_06,IFA,,06041,41860,0674172,"IFA San Francisco-Oakland-Fremont, CA",0.0,no cell in the extract: territory at zero opportunity
ifa_west_merge,94971,ifa,CA,IFA,IFA_06,IFA,,06041,41860,0619262,"IFA San Francisco-Oakland-Fremont, CA",0.0,no cell in the extract: territory at zero opportunity
ifa_west_merge,94972,ifa,CA,IFA,IFA_06,IFA,,06097,42220,0607246,"IFA San Francisco-Oakland-Fremont, CA",0.0,no cell in the extract: territory at zero opportunity
ifa_west_merge,94973,ifa,CA,IFA,IFA_06,IFA,,06041,41860,0686216,"IFA San Francisco-Oakland-Fremont, CA",0.0,no cell in the extract: territory at zero opportunity
ifa_west_merge,95002,ifa,CA,IFA,IFA_03,IFA,,06085,41940,0668000,"IFA Los Angeles-Long Beach-Anaheim, CA / San Jose-Sunnyvale-Santa Clara, CA",28.3419,
ifa_west_merge,95003,ifa,CA,IFA,IFA_03,IFA,,06087,42100,0618153,"IFA Los Angeles-Long Beach-Anaheim, CA / San Jose-Sunnyvale-Santa Clara, CA",3.65347,
ifa_west_merge,95004,ifa,CA,IFA,IFA_03,IFA,,06053,41500,0658870,"IFA Los Angeles-Long Beach-Anaheim, CA / San Jose-Sunnyvale-Santa Clara, CA",0.0,no cell in the extract: territory at zero opportunity
ifa_west_merge,95005,ifa,CA,IFA,IFA_03,IFA,,06087,42100,0605332,"IFA Los Angeles-Long Beach-Anaheim, CA / San Jose-Sunnyvale-Santa Clara, CA",0.0,no cell in the extract: territory at zero opportunity
ifa_west_merge,95006,ifa,CA,IFA,IFA_03,IFA,,06087,42100,0607652,"IFA Los Angeles-Long Beach-Anaheim, CA / San Jose-Sunnyvale-Santa Clara, CA",0.0,no cell in the extract: territory at zero opportunity
ifa_west_merge,95007,ifa,CA,IFA,IFA_03,IFA,,06087,42100,0608478,"IFA Los Angeles-Long Beach-Anaheim, CA / San Jose-Sunnyvale-Santa Clara, CA",0.0,no cell in the extract: territory at zero opportunity
ifa_west_merge,95008,ifa,CA,IFA,IFA_03,IFA,,06085,41940,0610345,"IFA Los Angeles-Long Beach-Anaheim, CA / San Jose-Sunnyvale-Santa Clara, CA",39.1965,
ifa_west_merge,95010,ifa,CA,IFA,IFA_03,IFA,,06087,42100,0611040,"IFA Los Angeles-Long Beach-Anaheim, CA / San Jose-Sunnyvale-Santa Clara, CA",4.34439,
ifa_west_merge,95012,ifa,CA,IFA,IFA_03,IFA,,06053,41500,0622034,"IFA Los Angeles-Long Beach-Anaheim, CA / San Jose-Sunnyvale-Santa Clara, CA",0.0,no cell in the extract: territory at zero opportunity
ifa_west_merge,95013,ifa,CA,IFA,IFA_03,IFA,,06085,41940,0668000,"IFA Los Angeles-Long Beach-Anaheim, CA / San Jose-Sunnyvale-Santa Clara, CA",0.0,no cell in the extract: territory at zero opportunity
ifa_west_merge,95014,ifa,CA,IFA,IFA_03,IFA,,06085,41940,0617610,"IFA Los Angeles-Long Beach-Anaheim, CA / San Jose-Sunnyvale-Santa Clara, CA",10.4375,
ifa_west_merge,95017,ifa,CA,IFA,IFA_03,IFA,,06087,42100,0618086,"IFA Los Angeles-Long Beach-Anaheim, CA / San Jose-Sunnyvale-Santa Clara, CA",0.0,no cell in the extract: territory at zero opportunity
ifa_west_merge,95018,ifa,CA,IFA,IFA_03,IFA,,06087,42100,0623826,"IFA Los Angeles-Long Beach-Anaheim, CA / San Jose-Sunnyvale-Santa Clara, CA",0.0,no cell in the extract: territory at zero opportunity
ifa_west_merge,95019,ifa,CA,IFA,IFA_03,IFA,,06087,42100,0683668,"IFA Los Angeles-Long Beach-Anaheim, CA / San Jose-Sunnyvale-Santa Clara, CA",0.0,no cell in the extract: territory at zero opportunity
ifa_west_merge,95020,ifa,CA,IFA,IFA_03,IFA,,06085,41940,0629504,"IFA Los Angeles-Long Beach-Anaheim, CA / San Jose-Sunnyvale-Santa Clara, CA",12.1718,
ifa_west_merge,95023,ifa,CA,IFA,IFA_03,IFA,,06069,41940,0634120,"IFA Los Angeles-Long Beach-Anaheim, CA / San Jose-Sunnyvale-Santa Clara, CA",0.0238635,
ifa_west_merge,95030,ifa,CA,IFA,IFA_03,IFA,,06085,41940,0644112,"IFA Los Angeles-Long Beach-Anaheim, CA / San Jose-Sunnyvale-Santa Clara, CA",7.10082,
ifa_west_merge,95032,ifa,CA,IFA,IFA_03,IFA,,06085,41940,0644112,"IFA Los Angeles-Long Beach-Anaheim, CA / San Jose-Sunnyvale-Santa Clara, CA",7.07688,
ifa_west_merge,95033,ifa,CA,IFA,IFA_03,IFA,,06087,42100,0641282,"IFA Los Angeles-Long Beach-Anaheim, CA / San Jose-Sunnyvale-Santa Clara, CA",0.0,no cell in the extract: territory at zero opportunity
ifa_west_merge,95035,ifa,CA,IFA,IFA_06,IFA,,06085,41940,0647766,"IFA San Francisco-Oakland-Fremont, CA",31.3742,
ifa_west_merge,95037,ifa,CA,IFA,IFA_03,IFA,,06085,41940,0668000,"IFA Los Angeles-Long Beach-Anaheim, CA / San Jose-Sunnyvale-Santa Clara, CA",0.267955,
ifa_west_merge,95039,ifa,CA,IFA,IFA_03,IFA,,06053,41500,0649488,"IFA Los Angeles-Long Beach-Anaheim, CA / San Jose-Sunnyvale-Santa Clara, CA",0.0,no cell in the extract: territory at zero opportunity
ifa_west_merge,95041,ifa,CA,IFA,IFA_03,IFA,,06087,42100,0649796,"IFA Los Angeles-Long Beach-Anaheim, CA / San Jose-Sunnyvale-Santa Clara, CA",0.0,no cell in the extract: territory at zero opportunity
ifa_west_merge,95043,ifa,CA,IFA,IFA_03,IFA,,06069,41940,,"IFA Los Angeles-Long Beach-Anaheim, CA / San Jose-Sunnyvale-Santa Clara, CA",0.0,no cell in the extract: territory at zero opportunity
ifa_west_merge,95045,ifa,CA,IFA,IFA_03,IFA,,06069,41940,0668014,"IFA Los Angeles-Long Beach-Anaheim, CA / San Jose-Sunnyvale-Santa Clara, CA",0.0,no cell in the extract: territory at zero opportunity
ifa_west_merge,95046,ifa,CA,IFA,IFA_03,IFA,,06085,41940,0668238,"IFA Los Angeles-Long Beach-Anaheim, CA / San Jose-Sunnyvale-Santa Clara, CA",0.0,no cell in the extract: territory at zero opportunity
ifa_west_merge,95050,ifa,CA,IFA,IFA_03,IFA,,06085,41940,0669084,"IFA Los Angeles-Long Beach-Anaheim, CA / San Jose-Sunnyvale-Santa Clara, CA",0.379338,
ifa_west_merge,95051,ifa,CA,IFA,IFA_03,IFA,,06085,41940,0669084,"IFA Los Angeles-Long Beach-Anaheim, CA / San Jose-Sunnyvale-Santa Clara, CA",4.95059,
ifa_west_merge,95053,ifa,CA,IFA,IFA_03,IFA,,06085,41940,0669084,"IFA Los Angeles-Long Beach-Anaheim, CA / San Jose-Sunnyvale-Santa Clara, CA",0.0,no cell in the extract: territory at zero opportunity
ifa_west_merge,95054,ifa,CA,IFA,IFA_03,IFA,,06085,41940,0669084,"IFA Los Angeles-Long Beach-Anaheim, CA / San Jose-Sunnyvale-Santa Clara, CA",10.979,
ifa_west_merge,95060,ifa,CA,IFA,IFA_03,IFA,,06087,42100,0607470,"IFA Los Angeles-Long Beach-Anaheim, CA / San Jose-Sunnyvale-Santa Clara, CA",0.596588,
ifa_west_merge,95062,ifa,CA,IFA,IFA_03,IFA,,06087,42100,0669112,"IFA Los Angeles-Long Beach-Anaheim, CA / San Jose-Sunnyvale-Santa Clara, CA",0.885051,
ifa_west_merge,95064,ifa,CA,IFA,IFA_03,IFA,,06087,42100,0669112,"IFA Los Angeles-Long Beach-Anaheim, CA / San Jose-Sunnyvale-Santa Clara, CA",0.0,no cell in the extract: territory at zero opportunity
ifa_west_merge,95065,ifa,CA,IFA,IFA_03,IFA,,06087,42100,0641922,"IFA Los Angeles-Long Beach-Anaheim, CA / San Jose-Sunnyvale-Santa Clara, CA",0.0,no cell in the extract: territory at zero opportunity
ifa_west_merge,95066,ifa,CA,IFA,IFA_03,IFA,,06087,42100,0670588,"IFA Los Angeles-Long Beach-Anaheim, CA / San Jose-Sunnyvale-Santa Clara, CA",0.839586,
ifa_west_merge,95070,ifa,CA,IFA,IFA_03,IFA,,06085,41940,0670280,"IFA Los Angeles-Long Beach-Anaheim, CA / San Jose-Sunnyvale-Santa Clara, CA",2.44073,
ifa_west_merge,95073,ifa,CA,IFA,IFA_03,IFA,,06087,42100,0672688,"IFA Los Angeles-Long Beach-Anaheim, CA / San Jose-Sunnyvale-Santa Clara, CA",3.52832,
ifa_west_merge,95075,ifa,CA,IFA,IFA_03,IFA,,06069,41940,0680364,"IFA Los Angeles-Long Beach-Anaheim, CA / San Jose-Sunnyvale-Santa Clara, CA",0.0,no cell in the extract: territory at zero opportunity
ifa_west_merge,95076,ifa,CA,IFA,IFA_03,IFA,,06087,42100,0636613,"IFA Los Angeles-Long Beach-Anaheim, CA / San Jose-Sunnyvale-Santa Clara, CA",0.0133083,
ifa_west_merge,95110,ifa,CA,IFA,IFA_03,IFA,,06085,41940,0668000,"IFA Los Angeles-Long Beach-Anaheim, CA / San Jose-Sunnyvale-Santa Clara, CA",22.6788,
ifa_west_merge,95111,ifa,CA,IFA,IFA_03,IFA,,06085,41940,0668000,"IFA Los Angeles-Long Beach-Anaheim, CA / San Jose-Sunnyvale-Santa Clara, CA",0.0,no cell in the extract: territory at zero opportunity
ifa_west_merge,95112,ifa,CA,IFA,IFA_03,IFA,,06085,41940,0668000,"IFA Los Angeles-Long Beach-Anaheim, CA / San Jose-Sunnyvale-Santa Clara, CA",2.95789,
ifa_west_merge,95113,ifa,CA,IFA,IFA_03,IFA,,06085,41940,0668000,"IFA Los Angeles-Long Beach-Anaheim, CA / San Jose-Sunnyvale-Santa Clara, CA",2.85727,
ifa_west_merge,95116,ifa,CA,IFA,IFA_03,IFA,,06085,41940,0668000,"IFA Los Angeles-Long Beach-Anaheim, CA / San Jose-Sunnyvale-Santa Clara, CA",0.0,no cell in the extract: territory at zero opportunity
ifa_west_merge,95117,ifa,CA,IFA,IFA_03,IFA,,06085,41940,0668000,"IFA Los Angeles-Long Beach-Anaheim, CA / San Jose-Sunnyvale-Santa Clara, CA",2.11643,
ifa_west_merge,95118,ifa,CA,IFA,IFA_03,IFA,,06085,41940,0668000,"IFA Los Angeles-Long Beach-Anaheim, CA / San Jose-Sunnyvale-Santa Clara, CA",0.0,no cell in the extract: territory at zero opportunity
ifa_west_merge,95119,ifa,CA,IFA,IFA_03,IFA,,06085,41940,0668000,"IFA Los Angeles-Long Beach-Anaheim, CA / San Jose-Sunnyvale-Santa Clara, CA",1.46155,
ifa_west_merge,95120,ifa,CA,IFA,IFA_03,IFA,,06085,41940,0668000,"IFA Los Angeles-Long Beach-Anaheim, CA / San Jose-Sunnyvale-Santa Clara, CA",0.0198863,
ifa_west_merge,95121,ifa,CA,IFA,IFA_03,IFA,,06085,41940,0668000,"IFA Los Angeles-Long Beach-Anaheim, CA / San Jose-Sunnyvale-Santa Clara, CA",1.02289,
ifa_west_merge,95122,ifa,CA,IFA,IFA_03,IFA,,06085,41940,0668000,"IFA Los Angeles-Long Beach-Anaheim, CA / San Jose-Sunnyvale-Santa Clara, CA",0.0,no cell in the extract: territory at zero opportunity
ifa_west_merge,95123,ifa,CA,IFA,IFA_03,IFA,,06085,41940,0668000,"IFA Los Angeles-Long Beach-Anaheim, CA / San Jose-Sunnyvale-Santa Clara, CA",10.3631,
ifa_west_merge,95124,ifa,CA,IFA,IFA_03,IFA,,06085,41940,0668000,"IFA Los Angeles-Long Beach-Anaheim, CA / San Jose-Sunnyvale-Santa Clara, CA",2.32992,
ifa_west_merge,95125,ifa,CA,IFA,IFA_03,IFA,,06085,41940,0668000,"IFA Los Angeles-Long Beach-Anaheim, CA / San Jose-Sunnyvale-Santa Clara, CA",18.7391,
ifa_west_merge,95126,ifa,CA,IFA,IFA_03,IFA,,06085,41940,0668000,"IFA Los Angeles-Long Beach-Anaheim, CA / San Jose-Sunnyvale-Santa Clara, CA",30.4137,
ifa_west_merge,95127,ifa,CA,IFA,IFA_06,IFA,,06085,41940,0668000,"IFA San Francisco-Oakland-Fremont, CA",0.350369,
ifa_west_merge,95128,ifa,CA,IFA,IFA_03,IFA,,06085,41940,0668000,"IFA Los Angeles-Long Beach-Anaheim, CA / San Jose-Sunnyvale-Santa Clara, CA",5.10734,
ifa_west_merge,95129,ifa,CA,IFA,IFA_03,IFA,,06085,41940,0668000,"IFA Los Angeles-Long Beach-Anaheim, CA / San Jose-Sunnyvale-Santa Clara, CA",6.92044,
ifa_west_merge,95130,ifa,CA,IFA,IFA_03,IFA,,06085,41940,0668000,"IFA Los Angeles-Long Beach-Anaheim, CA / San Jose-Sunnyvale-Santa Clara, CA",3.87125,
ifa_west_merge,95131,ifa,CA,IFA,IFA_03,IFA,,06085,41940,0668000,"IFA Los Angeles-Long Beach-Anaheim, CA / San Jose-Sunnyvale-Santa Clara, CA",24.6547,
ifa_west_merge,95132,ifa,CA,IFA,IFA_06,IFA,,06085,41940,0668000,"IFA San Francisco-Oakland-Fremont, CA",0.0,no cell in the extract: territory at zero opportunity
ifa_west_merge,95133,ifa,CA,IFA,IFA_03,IFA,,06085,41940,0668000,"IFA Los Angeles-Long Beach-Anaheim, CA / San Jose-Sunnyvale-Santa Clara, CA",0.0,no cell in the extract: territory at zero opportunity
ifa_west_merge,95134,ifa,CA,IFA,IFA_03,IFA,,06085,41940,0668000,"IFA Los Angeles-Long Beach-Anaheim, CA / San Jose-Sunnyvale-Santa Clara, CA",5.03029,
ifa_west_merge,95135,ifa,CA,IFA,IFA_03,IFA,,06085,41940,0668000,"IFA Los Angeles-Long Beach-Anaheim, CA / San Jose-Sunnyvale-Santa Clara, CA",0.0,no cell in the extract: territory at zero opportunity
ifa_west_merge,95136,ifa,CA,IFA,IFA_03,IFA,,06085,41940,0668000,"IFA Los Angeles-Long Beach-Anaheim, CA / San Jose-Sunnyvale-Santa Clara, CA",1.80775,
ifa_west_merge,95138,ifa,CA,IFA,IFA_03,IFA,,06085,41940,0668000,"IFA Los Angeles-Long Beach-Anaheim, CA / San Jose-Sunnyvale-Santa Clara, CA",0.358592,
ifa_west_merge,95139,ifa,CA,IFA,IFA_03,IFA,,06085,41940,0668000,"IFA Los Angeles-Long Beach-Anaheim, CA / San Jose-Sunnyvale-Santa Clara, CA",0.0,no cell in the extract: territory at zero opportunity
ifa_west_merge,95140,ifa,CA,IFA,IFA_06,IFA,,06085,41940,0668000,"IFA San Francisco-Oakland-Fremont, CA",0.0,no cell in the extract: territory at zero opportunity
ifa_west_merge,95148,ifa,CA,IFA,IFA_03,IFA,,06085,41940,0668000,"IFA Los Angeles-Long Beach-Anaheim, CA / San Jose-Sunnyvale-Santa Clara, CA",2.05985,
ifa_west_merge,95202,ifa,CA,IFA,IFA_06,IFA,,06077,44700,0675000,"IFA San Francisco-Oakland-Fremont, CA",8.4509,
ifa_west_merge,95203,ifa,CA,IFA,IFA_06,IFA,,06077,44700,0675000,"IFA San Francisco-Oakland-Fremont, CA",0.0,no cell in the extract: territory at zero opportunity
ifa_west_merge,95204,ifa,CA,IFA,IFA_06,IFA,,06077,44700,0675000,"IFA San Francisco-Oakland-Fremont, CA",0.163067,
ifa_west_merge,95205,ifa,CA,IFA,IFA_06,IFA,,06077,44700,0675000,"IFA San Francisco-Oakland-Fremont, CA",0.0,no cell in the extract: territory at zero opportunity
ifa_west_merge,95206,ifa,CA,IFA,IFA_06,IFA,,06077,44700,0675000,"IFA San Francisco-Oakland-Fremont, CA",0.0,no cell in the extract: territory at zero opportunity
ifa_west_merge,95207,ifa,CA,IFA,IFA_06,IFA,,06077,44700,0675000,"IFA San Francisco-Oakland-Fremont, CA",9.43299,
ifa_west_merge,95209,ifa,CA,IFA,IFA_06,IFA,,06077,44700,0675000,"IFA San Francisco-Oakland-Fremont, CA",0.972804,
ifa_west_merge,95210,ifa,CA,IFA,IFA_06,IFA,,06077,44700,0675000,"IFA San Francisco-Oakland-Fremont, CA",0.0,no cell in the extract: territory at zero opportunity
ifa_west_merge,95211,ifa,CA,IFA,IFA_06,IFA,,06077,44700,0675000,"IFA San Francisco-Oakland-Fremont, CA",0.0,no cell in the extract: territory at zero opportunity
ifa_west_merge,95212,ifa,CA,IFA,IFA_06,IFA,,06077,44700,0675000,"IFA San Francisco-Oakland-Fremont, CA",0.0,no cell in the extract: territory at zero opportunity
ifa_west_merge,95215,ifa,CA,IFA,IFA_06,IFA,,06077,44700,0683626,"IFA San Francisco-Oakland-Fremont, CA",0.0,no cell in the extract: territory at zero opportunity
ifa_west_merge,95219,ifa,CA,IFA,IFA_06,IFA,,06077,44700,0675000,"IFA San Francisco-Oakland-Fremont, CA",5.70784,
ifa_west_merge,95220,ifa,CA,IFA,IFA_06,IFA,,06077,44700,0619440,"IFA San Francisco-Oakland-Fremont, CA",0.0,no cell in the extract: territory at zero opportunity
ifa_west_merge,95221,ifa,CA,IFA,IFA_06,IFA,,06009,,0602112,"IFA San Francisco-Oakland-Fremont, CA",0.0,no cell in the extract: territory at zero opportunity
ifa_west_merge,95222,ifa,CA,IFA,IFA_06,IFA,,06009,,0602112,"IFA San Francisco-Oakland-Fremont, CA",0.0,no cell in the extract: territory at zero opportunity
ifa_west_merge,95223,ifa,CA,IFA,IFA_06,IFA,,06003,23820,0602770,"IFA San Francisco-Oakland-Fremont, CA",0.0,no cell in the extract: territory at zero opportunity
ifa_west_merge,95224,ifa,CA,IFA,IFA_06,IFA,,06009,,0603316,"IFA San Francisco-Oakland-Fremont, CA",0.0,no cell in the extract: territory at zero opportunity
ifa_west_merge,95225,ifa,CA,IFA,IFA_06,IFA,,06009,,0610536,"IFA San Francisco-Oakland-Fremont, CA",0.0,no cell in the extract: territory at zero opportunity
ifa_west_merge,95226,ifa,CA,IFA,IFA_06,IFA,,06009,,0610536,"IFA San Francisco-Oakland-Fremont, CA",0.0,no cell in the extract: territory at zero opportunity
ifa_west_merge,95227,ifa,CA,IFA,IFA_06,IFA,,06077,44700,,"IFA San Francisco-Oakland-Fremont, CA",0.0,no cell in the extract: territory at zero opportunity
ifa_west_merge,95228,ifa,CA,IFA,IFA_06,IFA,,06009,,0616210,"IFA San Francisco-Oakland-Fremont, CA",0.0,no cell in the extract: territory at zero opportunity
ifa_west_merge,95230,ifa,CA,IFA,IFA_06,IFA,,06099,33700,0623630,"IFA San Francisco-Oakland-Fremont, CA",0.0,no cell in the extract: territory at zero opportunity
ifa_west_merge,95231,ifa,CA,IFA,IFA_06,IFA,,06077,44700,0626028,"IFA San Francisco-Oakland-Fremont, CA",0.0,no cell in the extract: territory at zero opportunity
ifa_west_merge,95232,ifa,CA,IFA,IFA_06,IFA,,06009,,0629714,"IFA San Francisco-Oakland-Fremont, CA",0.0,no cell in the extract: territory at zero opportunity
ifa_west_merge,95233,ifa,CA,IFA,IFA_06,IFA,,06009,,0632436,"IFA San Francisco-Oakland-Fremont, CA",0.0,no cell in the extract: territory at zero opportunity
ifa_west_merge,95236,ifa,CA,IFA,IFA_06,IFA,,06077,44700,0641670,"IFA San Francisco-Oakland-Fremont, CA",0.0,no cell in the extract: territory at zero opportunity
ifa_west_merge,95237,ifa,CA,IFA,IFA_06,IFA,,06077,44700,0642104,"IFA San Francisco-Oakland-Fremont, CA",0.0,no cell in the extract: territory at zero opportunity
ifa_west_merge,95240,ifa,CA,IFA,IFA_06,IFA,,06077,44700,0642202,"IFA San Francisco-Oakland-Fremont, CA",10.1376,
ifa_west_merge,95242,ifa,CA,IFA,IFA_06,IFA,,06077,44700,0642202,"IFA San Francisco-Oakland-Fremont, CA",7.75127,
ifa_west_merge,95245,ifa,CA,IFA,IFA_06,IFA,,06009,,0659220,"IFA San Francisco-Oakland-Fremont, CA",0.0,no cell in the extract: territory at zero opportunity
ifa_west_merge,95246,ifa,CA,IFA,IFA_06,IFA,,06009,,0649628,"IFA San Francisco-Oakland-Fremont, CA",0.0,no cell in the extract: territory at zero opportunity
ifa_west_merge,95247,ifa,CA,IFA,IFA_06,IFA,,06009,,0650034,"IFA San Francisco-Oakland-Fremont, CA",0.387777,
ifa_west_merge,95248,ifa,CA,IFA,IFA_06,IFA,,06009,,0659220,"IFA San Francisco-Oakland-Fremont, CA",0.0,no cell in the extract: territory at zero opportunity
ifa_west_merge,95249,ifa,CA,IFA,IFA_06,IFA,,06009,,0664420,"IFA San Francisco-Oakland-Fremont, CA",0.0,no cell in the extract: territory at zero opportunity
ifa_west_merge,95251,ifa,CA,IFA,IFA_06,IFA,,06009,,0681652,"IFA San Francisco-Oakland-Fremont, CA",0.0,no cell in the extract: territory at zero opportunity
ifa_west_merge,95252,ifa,CA,IFA,IFA_06,IFA,,06009,,0659426,"IFA San Francisco-Oakland-Fremont, CA",0.0,no cell in the extract: territory at zero opportunity
ifa_west_merge,95253,ifa,CA,IFA,IFA_06,IFA,,06077,44700,0682562,"IFA San Francisco-Oakland-Fremont, CA",0.0,no cell in the extract: territory at zero opportunity
ifa_west_merge,95254,ifa,CA,IFA,IFA_06,IFA,,06009,,0683304,"IFA San Francisco-Oakland-Fremont, CA",0.0,no cell in the extract: territory at zero opportunity
ifa_west_merge,95255,ifa,CA,IFA,IFA_06,IFA,,06009,,0684732,"IFA San Francisco-Oakland-Fremont, CA",0.0,no cell in the extract: territory at zero opportunity
ifa_west_merge,95257,ifa,CA,IFA,IFA_06,IFA,,06009,,0685810,"IFA San Francisco-Oakland-Fremont, CA",0.0,no cell in the extract: territory at zero opportunity
ifa_west_merge,95258,ifa,CA,IFA,IFA_06,IFA,,06077,44700,0686230,"IFA San Francisco-Oakland-Fremont, CA",0.36391,
ifa_west_merge,95301,ifa,CA,IFA,IFA_06,IFA,,06047,32900,0603162,"IFA San Francisco-Oakland-Fremont, CA",0.0,no cell in the extract: territory at zero opportunity
ifa_west_merge,95303,ifa,CA,IFA,IFA_06,IFA,,06047,32900,0603708,"IFA San Francisco-Oakland-Fremont, CA",0.0,no cell in the extract: territory at zero opportunity
ifa_west_merge,95304,ifa,CA,IFA,IFA_06,IFA,,06077,44700,0680238,"IFA San Francisco-Oakland-Fremont, CA",0.0,no cell in the extract: territory at zero opportunity
ifa_west_merge,95305,ifa,CA,IFA,IFA_06,IFA,,06109,43760,0631372,"IFA San Francisco-Oakland-Fremont, CA",0.0,no cell in the extract: territory at zero opportunity
ifa_west_merge,95306,ifa,CA,IFA,IFA_06,IFA,,06043,,0612062,"IFA San Francisco-Oakland-Fremont, CA",0.0,no cell in the extract: territory at zero opportunity
ifa_west_merge,95307,ifa,CA,IFA,IFA_06,IFA,,06099,33700,0612524,"IFA San Francisco-Oakland-Fremont, CA",0.407822,
ifa_west_merge,95309,ifa,CA,IFA,IFA_06,IFA,,06109,43760,0613182,"IFA San Francisco-Oakland-Fremont, CA",0.0,no cell in the extract: territory at zero opportunity
ifa_west_merge,95310,ifa,CA,IFA,IFA_06,IFA,,06109,43760,0614904,"IFA San Francisco-Oakland-Fremont, CA",0.0,no cell in the extract: territory at zero opportunity
ifa_west_merge,95311,ifa,CA,IFA,IFA_06,IFA,,06043,,0630900,"IFA San Francisco-Oakland-Fremont, CA",0.0,no cell in the extract: territory at zero opportunity
ifa_west_merge,95312,ifa,CA,IFA,IFA_06,IFA,,06047,32900,0617078,"IFA San Francisco-Oakland-Fremont, CA",0.0,no cell in the extract: territory at zero opportunity
ifa_west_merge,95313,ifa,CA,IFA,IFA_06,IFA,,06099,33700,0648354,"IFA San Francisco-Oakland-Fremont, CA",0.0,no cell in the extract: territory at zero opportunity
ifa_west_merge,95315,ifa,CA,IFA,IFA_06,IFA,,06047,32900,0618464,"IFA San Francisco-Oakland-Fremont, CA",0.0,no cell in the extract: territory at zero opportunity
ifa_west_merge,95316,ifa,CA,IFA,IFA_06,IFA,,06099,33700,0618856,"IFA San Francisco-Oakland-Fremont, CA",0.0,no cell in the extract: territory at zero opportunity
ifa_west_merge,95317,ifa,CA,IFA,IFA_06,IFA,,06047,32900,0622286,"IFA San Francisco-Oakland-Fremont, CA",0.0,no cell in the extract: territory at zero opportunity
ifa_west_merge,95318,ifa,CA,IFA,IFA_06,IFA,,06043,,0622328,"IFA San Francisco-Oakland-Fremont, CA",0.0,no cell in the extract: territory at zero opportunity
ifa_west_merge,95319,ifa,CA,IFA,IFA_06,IFA,,06099,33700,0622622,"IFA San Francisco-Oakland-Fremont, CA",0.0,no cell in the extract: territory at zero opportunity
ifa_west_merge,95320,ifa,CA,IFA,IFA_06,IFA,,06077,44700,0622790,"IFA San Francisco-Oakland-Fremont, CA",0.0,no cell in the extract: territory at zero opportunity
ifa_west_merge,95321,ifa,CA,IFA,IFA_06,IFA,,06109,43760,0657244,"IFA San Francisco-Oakland-Fremont, CA",0.0,no cell in the extract: territory at zero opportunity
ifa_west_merge,95322,ifa,CA,IFA,IFA_03,IFA,,06047,32900,0670028,"IFA Los Angeles-Long Beach-Anaheim, CA / San Jose-Sunnyvale-Santa Clara, CA",0.0,no cell in the extract: territory at zero opportunity
ifa_west_merge,95323,ifa,CA,IFA,IFA_06,IFA,,06099,33700,0633504,"IFA San Francisco-Oakland-Fremont, CA",0.0,no cell in the extract: territory at zero opportunity
ifa_west_merge,95324,ifa,CA,IFA,IFA_06,IFA,,06047,32900,0633861,"IFA San Francisco-Oakland-Fremont, CA",0.0,no cell in the extract: territory at zero opportunity
ifa_west_merge,95325,ifa,CA,IFA,IFA_06,IFA,,06043,,0634708,"IFA San Francisco-Oakland-Fremont, CA",0.0,no cell in the extract: territory at zero opportunity
ifa_west_merge,95326,ifa,CA,IFA,IFA_06,IFA,,06099,33700,0634904,"IFA San Francisco-Oakland-Fremont, CA",0.0,no cell in the extract: territory at zero opportunity
ifa_west_merge,95327,ifa,CA,IFA,IFA_06,IFA,,06109,43760,0637106,"IFA San Francisco-Oakland-Fremont, CA",0.0,no cell in the extract: territory at zero opportunity
ifa_west_merge,95328,ifa,CA,IFA,IFA_06,IFA,,06099,33700,0638422,"IFA San Francisco-Oakland-Fremont, CA",0.0,no cell in the extract: territory at zero opportunity
ifa_west_merge,95329,ifa,CA,IFA,IFA_06,IFA,,06109,43760,0639484,"IFA San Francisco-Oakland-Fremont, CA",0.0,no cell in the extract: territory at zero opportunity
ifa_west_merge,95330,ifa,CA,IFA,IFA_06,IFA,,06077,44700,0640704,"IFA San Francisco-Oakland-Fremont, CA",0.0,no cell in the extract: territory at zero opportunity
ifa_west_merge,95333,ifa,CA,IFA,IFA_06,IFA,,06047,32900,0641040,"IFA San Francisco-Oakland-Fremont, CA",0.0,no cell in the extract: territory at zero opportunity
ifa_west_merge,95334,ifa,CA,IFA,IFA_06,IFA,,06047,32900,0642006,"IFA San Francisco-Oakland-Fremont, CA",0.0,no cell in the extract: territory at zero opportunity
ifa_west_merge,95335,ifa,CA,IFA,IFA_06,IFA,,06109,43760,0642622,"IFA San Francisco-Oakland-Fremont, CA",0.0,no cell in the extract: territory at zero opportunity
ifa_west_merge,95336,ifa,CA,IFA,IFA_06,IFA,,06077,44700,0645484,"IFA San Francisco-Oakland-Fremont, CA",0.0,no cell in the extract: territory at zero opportunity
ifa_west_merge,95337,ifa,CA,IFA,IFA_06,IFA,,06077,44700,0645484,"IFA San Francisco-Oakland-Fremont, CA",0.0,no cell in the extract: territory at zero opportunity
ifa_west_merge,95338,ifa,CA,IFA,IFA_06,IFA,,06043,,0645932,"IFA San Francisco-Oakland-Fremont, CA",0.0,no cell in the extract: territory at zero opportunity
ifa_west_merge,95340,ifa,CA,IFA,IFA_06,IFA,,06047,32900,0646898,"IFA San Francisco-Oakland-Fremont, CA",1.46451,
ifa_west_merge,95341,ifa,CA,IFA,IFA_06,IFA,,06047,32900,0646898,"IFA San Francisco-Oakland-Fremont, CA",0.0,no cell in the extract: territory at zero opportunity
ifa_west_merge,95345,ifa,CA,IFA,IFA_06,IFA,,06043,,0647374,"IFA San Francisco-Oakland-Fremont, CA",0.0,no cell in the extract: territory at zero opportunity
ifa_west_merge,95346,ifa,CA,IFA,IFA_06,IFA,,06109,43760,0648298,"IFA San Francisco-Oakland-Fremont, CA",0.0,no cell in the extract: territory at zero opportunity
ifa_west_merge,95348,ifa,CA,IFA,IFA_06,IFA,,06047,32900,0646898,"IFA San Francisco-Oakland-Fremont, CA",1.75744,
ifa_west_merge,95350,ifa,CA,IFA,IFA_06,IFA,,06099,33700,0648354,"IFA San Francisco-Oakland-Fremont, CA",12.1965,
ifa_west_merge,95351,ifa,CA,IFA,IFA_06,IFA,,06099,33700,0648354,"IFA San Francisco-Oakland-Fremont, CA",0.219885,
ifa_west_merge,95354,ifa,CA,IFA,IFA_06,IFA,,06099,33700,0648354,"IFA San Francisco-Oakland-Fremont, CA",2.30894,
ifa_west_merge,95355,ifa,CA,IFA,IFA_06,IFA,,06099,33700,0648354,"IFA San Francisco-Oakland-Fremont, CA",4.88235,
ifa_west_merge,95356,ifa,CA,IFA,IFA_06,IFA,,06099,33700,0648354,"IFA San Francisco-Oakland-Fremont, CA",9.69753,
ifa_west_merge,95357,ifa,CA,IFA,IFA_06,IFA,,06099,33700,0648354,"IFA San Francisco-Oakland-Fremont, CA",0.0,no cell in the extract: territory at zero opportunity
ifa_west_merge,95358,ifa,CA,IFA,IFA_06,IFA,,06099,33700,0648354,"IFA San Francisco-Oakland-Fremont, CA",0.0,no cell in the extract: territory at zero opportunity
ifa_west_merge,95360,ifa,CA,IFA,IFA_03,IFA,,06099,33700,0651140,"IFA Los Angeles-Long Beach-Anaheim, CA / San Jose-Sunnyvale-Santa Clara, CA",0.0,no cell in the extract: territory at zero opportunity
ifa_west_merge,95361,ifa,CA,IFA,IFA_06,IFA,,06099,33700,0652694,"IFA San Francisco-Oakland-Fremont, CA",0.106739,
ifa_west_merge,95363,ifa,CA,IFA,IFA_03,IFA,,06099,33700,0656112,"IFA Los Angeles-Long Beach-Anaheim, CA / San Jose-Sunnyvale-Santa Clara, CA",0.0,no cell in the extract: territory at zero opportunity
ifa_west_merge,95364,ifa,CA,IFA,IFA_06,IFA,,06109,43760,,"IFA San Francisco-Oakland-Fremont, CA",0.0,no cell in the extract: territory at zero opportunity
ifa_west_merge,95365,ifa,CA,IFA,IFA_06,IFA,,06047,32900,0657582,"IFA San Francisco-Oakland-Fremont, CA",0.0,no cell in the extract: territory at zero opportunity
ifa_west_merge,95366,ifa,CA,IFA,IFA_06,IFA,,06077,44700,0661026,"IFA San Francisco-Oakland-Fremont, CA",0.0,no cell in the extract: territory at zero opportunity
ifa_west_merge,95367,ifa,CA,IFA,IFA_06,IFA,,06099,33700,0661068,"IFA San Francisco-Oakland-Fremont, CA",0.0,no cell in the extract: territory at zero opportunity
ifa_west_merge,95368,ifa,CA,IFA,IFA_06,IFA,,06099,33700,0664210,"IFA San Francisco-Oakland-Fremont, CA",0.0,no cell in the extract: territory at zero opportunity
ifa_west_merge,95369,ifa,CA,IFA,IFA_06,IFA,,06047,32900,0639484,"IFA San Francisco-Oakland-Fremont, CA",0.0,no cell in the extract: territory at zero opportunity
ifa_west_merge,95370,ifa,CA,IFA,IFA_06,IFA,,06109,43760,0656870,"IFA San Francisco-Oakland-Fremont, CA",3.93183,
ifa_west_merge,95372,ifa,CA,IFA,IFA_06,IFA,,06109,43760,0672772,"IFA San Francisco-Oakland-Fremont, CA",0.0,no cell in the extract: territory at zero opportunity
ifa_west_merge,95374,ifa,CA,IFA,IFA_06,IFA,,06047,32900,0674144,"IFA San Francisco-Oakland-Fremont, CA",0.0,no cell in the extract: territory at zero opportunity
ifa_west_merge,95375,ifa,CA,IFA,IFA_06,IFA,,06109,43760,0675322,"IFA San Francisco-Oakland-Fremont, CA",0.0,no cell in the extract: territory at zero opportunity
ifa_west_merge,95376,ifa,CA,IFA,IFA_06,IFA,,06077,44700,0680238,"IFA San Francisco-Oakland-Fremont, CA",1.60695,
ifa_west_merge,95377,ifa,CA,IFA,IFA_06,IFA,,06077,44700,0680238,"IFA San Francisco-Oakland-Fremont, CA",0.772876,
ifa_west_merge,95379,ifa,CA,IFA,IFA_06,IFA,,06109,43760,0680763,"IFA San Francisco-Oakland-Fremont, CA",0.0,no cell in the extract: territory at zero opportunity
ifa_west_merge,95380,ifa,CA,IFA,IFA_06,IFA,,06099,33700,0680812,"IFA San Francisco-Oakland-Fremont, CA",2.5074,
ifa_west_merge,95382,ifa,CA,IFA,IFA_06,IFA,,06099,33700,0680812,"IFA San Francisco-Oakland-Fremont, CA",1.46917,
ifa_west_merge,95383,ifa,CA,IFA,IFA_06,IFA,,06109,43760,0680966,"IFA San Francisco-Oakland-Fremont, CA",0.0,no cell in the extract: territory at zero opportunity
ifa_west_merge,95385,ifa,CA,IFA,IFA_06,IFA,,06099,33700,,"IFA San Francisco-Oakland-Fremont, CA",0.0,no cell in the extract: territory at zero opportunity
ifa_west_merge,95386,ifa,CA,IFA,IFA_06,IFA,,06099,33700,0683612,"IFA San Francisco-Oakland-Fremont, CA",0.0,no cell in the extract: territory at zero opportunity
ifa_west_merge,95387,ifa,CA,IFA,IFA_06,IFA,,06099,33700,0684480,"IFA San Francisco-Oakland-Fremont, CA",0.0,no cell in the extract: territory at zero opportunity
ifa_west_merge,95388,ifa,CA,IFA,IFA_06,IFA,,06047,32900,0686076,"IFA San Francisco-Oakland-Fremont, CA",0.0,no cell in the extract: territory at zero opportunity
ifa_west_merge,95389,ifa,CA,IFA,IFA_06,IFA,,06043,,0686912,"IFA San Francisco-Oakland-Fremont, CA",0.0,no cell in the extract: territory at zero opportunity
ifa_west_merge,95391,ifa,CA,IFA,IFA_06,IFA,,06001,41860,0649582,"IFA San Francisco-Oakland-Fremont, CA",0.0,no cell in the extract: territory at zero opportunity
ifa_west_merge,95401,ifa,CA,IFA,IFA_06,IFA,,06097,42220,0670098,"IFA San Francisco-Oakland-Fremont, CA",4.6405,
ifa_west_merge,95403,ifa,CA,IFA,IFA_06,IFA,,06097,42220,0670098,"IFA San Francisco-Oakland-Fremont, CA",6.94103,
ifa_west_merge,95404,ifa,CA,IFA,IFA_06,IFA,,06097,42220,0670098,"IFA San Francisco-Oakland-Fremont, CA",8.45779,
ifa_west_merge,95405,ifa,CA,IFA,IFA_06,IFA,,06097,42220,0670098,"IFA San Francisco-Oakland-Fremont, CA",1.64749,
ifa_west_merge,95407,ifa,CA,IFA,IFA_06,IFA,,06097,42220,0670098,"IFA San Francisco-Oakland-Fremont, CA",0.0,no cell in the extract: territory at zero opportunity
ifa_west_merge,95409,ifa,CA,IFA,IFA_06,IFA,,06097,42220,0670098,"IFA San Francisco-Oakland-Fremont, CA",0.0550448,
ifa_west_merge,95410,ifa,CA,IFA,IFA_07,IFA,,06045,46380,0600716,"IFA Seattle-Tacoma-Bellevue, WA",0.0,no cell in the extract: territory at zero opportunity
ifa_west_merge,95412,ifa,CA,IFA,IFA_06,IFA,,06097,42220,,"IFA San Francisco-Oakland-Fremont, CA",0.0,no cell in the extract: territory at zero opportunity
ifa_west_merge,95415,ifa,CA,IFA,IFA_07,IFA,,06045,46380,0607512,"IFA Seattle-Tacoma-Bellevue, WA",0.0,no cell in the extract: territory at zero opportunity
ifa_west_merge,95417,ifa,CA,IFA,IFA_07,IFA,,06045,46380,,"IFA Seattle-Tacoma-Bellevue, WA",0.0,no cell in the extract: territory at zero opportunity
ifa_west_merge,95419,ifa,CA,IFA,IFA_06,IFA,,06097,42220,0653266,"IFA San Francisco-Oakland-Fremont, CA",0.0,no cell in the extract: territory at zero opportunity
ifa_west_merge,95420,ifa,CA,IFA,IFA_07,IFA,,06045,46380,0611768,"IFA Seattle-Tacoma-Bellevue, WA",0.0,no cell in the extract: territory at zero opportunity
ifa_west_merge,95421,ifa,CA,IFA,IFA_06,IFA,,06097,42220,0612146,"IFA San Francisco-Oakland-Fremont, CA",0.0,no cell in the extract: territory at zero opportunity
ifa_west_merge,95422,ifa,CA,IFA,IFA_07,IFA,,06033,17340,0613945,"IFA Seattle-Tacoma-Bellevue, WA",0.0,no cell in the extract: territory at zero opportunity
ifa_west_merge,95423,ifa,CA,IFA,IFA_07,IFA,,06033,17340,0673690,"IFA Seattle-Tacoma-Bellevue, WA",0.0,no cell in the extract: territory at zero opportunity
ifa_west_merge,95425,ifa,CA,IFA,IFA_06,IFA,,06097,42220,0614190,"IFA San Francisco-Oakland-Fremont, CA",0.0,no cell in the extract: territory at zero opportunity
ifa_west_merge,95426,ifa,CA,IFA,IFA_07,IFA,,06033,17340,0614302,"IFA Seattle-Tacoma-Bellevue, WA",0.0,no cell in the extract: territory at zero opportunity
ifa_west_merge,95427,ifa,CA,IFA,IFA_07,IFA,,06045,46380,0615030,"IFA Seattle-Tacoma-Bellevue, WA",0.0,no cell in the extract: territory at zero opportunity
ifa_west_merge,95428,ifa,CA,IFA,IFA_07,IFA,,06045,46380,0616728,"IFA Seattle-Tacoma-Bellevue, WA",0.0,no cell in the extract: territory at zero opportunity
ifa_west_merge,95429,ifa,CA,IFA,IFA_07,IFA,,06045,46380,,"IFA Seattle-Tacoma-Bellevue, WA",0.0,no cell in the extract: territory at zero opportunity
ifa_west_merge,95430,ifa,CA,IFA,IFA_06,IFA,,06097,42220,,"IFA San Francisco-Oakland-Fremont, CA",0.0,no cell in the extract: territory at zero opportunity
ifa_west_merge,95431,ifa,CA,IFA,IFA_06,IFA,,06097,42220,,"IFA San Francisco-Oakland-Fremont, CA",0.0,no cell in the extract: territory at zero opportunity
ifa_west_merge,95432,ifa,CA,IFA,IFA_07,IFA,,06045,46380,,"IFA Seattle-Tacoma-Bellevue, WA",0.0,no cell in the extract: territory at zero opportunity
ifa_west_merge,95435,ifa,CA,IFA,IFA_07,IFA,,06033,17340,,"IFA Seattle-Tacoma-Bellevue, WA",0.0,no cell in the extract: territory at zero opportunity
ifa_west_merge,95436,ifa,CA,IFA,IFA_06,IFA,,06097,42220,0624960,"IFA San Francisco-Oakland-Fremont, CA",0.0,no cell in the extract: territory at zero opportunity
ifa_west_merge,95437,ifa,CA,IFA,IFA_07,IFA,,06045,46380,0625058,"IFA Seattle-Tacoma-Bellevue, WA",0.296675,
ifa_west_merge,95439,ifa,CA,IFA,IFA_06,IFA,,06097,42220,0628014,"IFA San Francisco-Oakland-Fremont, CA",0.0,no cell in the extract: territory at zero opportunity
ifa_west_merge,95441,ifa,CA,IFA,IFA_06,IFA,,06097,42220,0629420,"IFA San Francisco-Oakland-Fremont, CA",0.0,no cell in the extract: territory at zero opportunity
ifa_west_merge,95442,ifa,CA,IFA,IFA_06,IFA,,06097,42220,0630028,"IFA San Francisco-Oakland-Fremont, CA",0.0,no cell in the extract: territory at zero opportunity
ifa_west_merge,95443,ifa,CA,IFA,IFA_07,IFA,,06033,17340,,"IFA Seattle-Tacoma-Bellevue, WA",0.0,no cell in the extract: territory at zero opportunity
ifa_west_merge,95444,ifa,CA,IFA,IFA_06,IFA,,06097,42220,0630812,"IFA San Francisco-Oakland-Fremont, CA",0.0,no cell in the extract: territory at zero opportunity
ifa_west_merge,95445,ifa,CA,IFA,IFA_07,IFA,,06045,46380,0602028,"IFA Seattle-Tacoma-Bellevue, WA",0.0,no cell in the extract: territory at zero opportunity
ifa_west_merge,95446,ifa,CA,IFA,IFA_06,IFA,,06097,42220,0631470,"IFA San Francisco-Oakland-Fremont, CA",0.0,no cell in the extract: territory at zero opportunity
ifa_west_merge,95448,ifa,CA,IFA,IFA_06,IFA,,06097,42220,0633056,"IFA San Francisco-Oakland-Fremont, CA",0.774081,
ifa_west_merge,95449,ifa,CA,IFA,IFA_07,IFA,,06045,46380,0634652,"IFA Seattle-Tacoma-Bellevue, WA",0.0,no cell in the extract: territory at zero opportunity
ifa_west_merge,95450,ifa,CA,IFA,IFA_06,IFA,,06097,42220,0678715,"IFA San Francisco-Oakland-Fremont, CA",0.0,no cell in the extract: territory at zero opportunity
ifa_west_merge,95451,ifa,CA,IFA,IFA_07,IFA,,06033,17340,0613985,"IFA Seattle-Tacoma-Bellevue, WA",0.0,no cell in the extract: territory at zero opportunity
ifa_west_merge,95452,ifa,CA,IFA,IFA_06,IFA,,06097,42220,0638156,"IFA San Francisco-Oakland-Fremont, CA",0.0,no cell in the extract: territory at zero opportunity
ifa_west_merge,95453,ifa,CA,IFA,IFA_07,IFA,,06033,17340,0651990,"IFA Seattle-Tacoma-Bellevue, WA",0.15301,
ifa_west_merge,95454,ifa,CA,IFA,IFA_07,IFA,,06045,46380,0640928,"IFA Seattle-Tacoma-Bellevue, WA",0.0,no cell in the extract: territory at zero opportunity
ifa_west_merge,95456,ifa,CA,IFA,IFA_07,IFA,,06045,46380,0641866,"IFA Seattle-Tacoma-Bellevue, WA",0.0,no cell in the extract: territory at zero opportunity
ifa_west_merge,95457,ifa,CA,IFA,IFA_07,IFA,,06033,17340,0644350,"IFA Seattle-Tacoma-Bellevue, WA",0.0,no cell in the extract: territory at zero opportunity
ifa_west_merge,95458,ifa,CA,IFA,IFA_07,IFA,,06033,17340,0644406,"IFA Seattle-Tacoma-Bellevue, WA",0.0,no cell in the extract: territory at zero opportunity
ifa_west_merge,95459,ifa,CA,IFA,IFA_07,IFA,,06045,46380,0645386,"IFA Seattle-Tacoma-Bellevue, WA",0.0,no cell in the extract: territory at zero opportunity
ifa_west_merge,95460,ifa,CA,IFA,IFA_07,IFA,,06045,46380,0646814,"IFA Seattle-Tacoma-Bellevue, WA",0.0,no cell in the extract: territory at zero opportunity
ifa_west_merge,95461,ifa,CA,IFA,IFA_07,IFA,,06033,17340,0633549,"IFA Seattle-Tacoma-Bellevue, WA",0.0,no cell in the extract: territory at zero opportunity
ifa_west_merge,95462,ifa,CA,IFA,IFA_06,IFA,,06097,42220,0648928,"IFA San Francisco-Oakland-Fremont, CA",0.0,no cell in the extract: territory at zero opportunity
ifa_west_merge,95463,ifa,CA,IFA,IFA_07,IFA,,06045,46380,,"IFA Seattle-Tacoma-Bellevue, WA",0.0,no cell in the extract: territory at zero opportunity
ifa_west_merge,95464,ifa,CA,IFA,IFA_07,IFA,,06033,17340,0651294,"IFA Seattle-Tacoma-Bellevue, WA",0.0,no cell in the extract: territory at zero opportunity
ifa_west_merge,95465,ifa,CA,IFA,IFA_06,IFA,,06097,42220,0607246,"IFA San Francisco-Oakland-Fremont, CA",0.0,no cell in the extract: territory at zero opportunity
ifa_west_merge,95466,ifa,CA,IFA,IFA_07,IFA,,06045,46380,0656868,"IFA Seattle-Tacoma-Bellevue, WA",0.0,no cell in the extract: territory at zero opportunity
ifa_west_merge,95467,ifa,CA,IFA,IFA_07,IFA,,06033,17340,0633549,"IFA Seattle-Tacoma-Bellevue, WA",0.0,no cell in the extract: territory at zero opportunity
ifa_west_merge,95468,ifa,CA,IFA,IFA_07,IFA,,06045,46380,0657876,"IFA Seattle-Tacoma-Bellevue, WA",0.0,no cell in the extract: territory at zero opportunity
ifa_west_merge,95469,ifa,CA,IFA,IFA_07,IFA,,06045,46380,0658506,"IFA Seattle-Tacoma-Bellevue, WA",0.0,no cell in the extract: territory at zero opportunity
ifa_west_merge,95470,ifa,CA,IFA,IFA_07,IFA,,06045,46380,0660214,"IFA Seattle-Tacoma-Bellevue, WA",0.0,no cell in the extract: territory at zero opportunity
ifa_west_merge,95471,ifa,CA,IFA,IFA_06,IFA,,06097,42220,0631470,"IFA San Francisco-Oakland-Fremont, CA",0.0,no cell in the extract: territory at zero opportunity
ifa_west_merge,95472,ifa,CA,IFA,IFA_06,IFA,,06097,42220,0653266,"IFA San Francisco-Oakland-Fremont, CA",0.123058,
ifa_west_merge,95476,ifa,CA,IFA,IFA_06,IFA,,06097,42220,0672646,"IFA San Francisco-Oakland-Fremont, CA",0.0,no cell in the extract: territory at zero opportunity
ifa_west_merge,95480,ifa,CA,IFA,IFA_06,IFA,,06097,42220,,"IFA San Francisco-Oakland-Fremont, CA",0.0,no cell in the extract: territory at zero opportunity
ifa_west_merge,95482,ifa,CA,IFA,IFA_07,IFA,,06045,46380,0681134,"IFA Seattle-Tacoma-Bellevue, WA",2.77788,
ifa_west_merge,95485,ifa,CA,IFA,IFA_07,IFA,,06033,17340,0681358,"IFA Seattle-Tacoma-Bellevue, WA",0.0,no cell in the extract: territory at zero opportunity
ifa_west_merge,95486,ifa,CA,IFA,IFA_06,IFA,,06097,42220,0648928,"IFA San Francisco-Oakland-Fremont, CA",0.0,no cell in the extract: territory at zero opportunity
ifa_west_merge,95488,ifa,CA,IFA,IFA_07,IFA,,06045,46380,,"IFA Seattle-Tacoma-Bellevue, WA",0.0,no cell in the extract: territory at zero opportunity
ifa_west_merge,95490,ifa,CA,IFA,IFA_07,IFA,,06045,46380,0608530,"IFA Seattle-Tacoma-Bellevue, WA",5.93009e-05,
ifa_west_merge,95492,ifa,CA,IFA,IFA_06,IFA,,06097,42220,0685922,"IFA San Francisco-Oakland-Fremont, CA",1.46489,
ifa_west_merge,95493,ifa,CA,IFA,IFA_07,IFA,,06033,17340,,"IFA Seattle-Tacoma-Bellevue, WA",0.0,no cell in the extract: territory at zero opportunity
ifa_west_merge,95494,ifa,CA,IFA,IFA_07,IFA,,06045,46380,,"IFA Seattle-Tacoma-Bellevue, WA",0.0,no cell in the extract: territory at zero opportunity
ifa_west_merge,95497,ifa,CA,IFA,IFA_06,IFA,,06097,42220,0670712,"IFA San Francisco-Oakland-Fremont, CA",0.0,no cell in the extract: territory at zero opportunity
ifa_west_merge,95501,ifa,CA,IFA,IFA_07,IFA,,06023,21700,0623042,"IFA Seattle-Tacoma-Bellevue, WA",0.0,no cell in the extract: territory at zero opportunity
ifa_west_merge,95503,ifa,CA,IFA,IFA_07,IFA,,06023,21700,0657204,"IFA Seattle-Tacoma-Bellevue, WA",0.0,no cell in the extract: territory at zero opportunity
ifa_west_merge,95511,ifa,CA,IFA,IFA_07,IFA,,06023,21700,0600786,"IFA Seattle-Tacoma-Bellevue, WA",0.0,no cell in the extract: territory at zero opportunity
ifa_west_merge,95514,ifa,CA,IFA,IFA_07,IFA,,06023,21700,,"IFA Seattle-Tacoma-Bellevue, WA",0.0,no cell in the extract: territory at zero opportunity
ifa_west_merge,95519,ifa,CA,IFA,IFA_07,IFA,,06023,21700,0644910,"IFA Seattle-Tacoma-Bellevue, WA",0.0,no cell in the extract: territory at zero opportunity
ifa_west_merge,95521,ifa,CA,IFA,IFA_07,IFA,,06023,21700,0602476,"IFA Seattle-Tacoma-Bellevue, WA",0.0,no cell in the extract: territory at zero opportunity
ifa_west_merge,95524,ifa,CA,IFA,IFA_07,IFA,,06023,21700,0636420,"IFA Seattle-Tacoma-Bellevue, WA",0.0,no cell in the extract: territory at zero opportunity
ifa_west_merge,95525,ifa,CA,IFA,IFA_07,IFA,,06023,21700,0607162,"IFA Seattle-Tacoma-Bellevue, WA",0.0,no cell in the extract: territory at zero opportunity
ifa_west_merge,95526,ifa,CA,IFA,IFA_07,IFA,,06023,21700,0645092,"IFA Seattle-Tacoma-Bellevue, WA",0.0,no cell in the extract: territory at zero opportunity
ifa_west_merge,95527,ifa,CA,IFA,IFA_07,IFA,,06105,,0609150,"IFA Seattle-Tacoma-Bellevue, WA",0.0,no cell in the extract: territory at zero opportunity
ifa_west_merge,95528,ifa,CA,IFA,IFA_07,IFA,,06023,21700,,"IFA Seattle-Tacoma-Bellevue, WA",0.0,no cell in the extract: territory at zero opportunity
ifa_west_merge,95531,ifa,CA,IFA,IFA_07,IFA,,06015,18860,0606150,"IFA Seattle-Tacoma-Bellevue, WA",0.0,no cell in the extract: territory at zero opportunity
ifa_west_merge,95536,ifa,CA,IFA,IFA_07,IFA,,06023,21700,0623910,"IFA Seattle-Tacoma-Bellevue, WA",0.0,no cell in the extract: territory at zero opportunity
ifa_west_merge,95537,ifa,CA,IFA,IFA_07,IFA,,06023,21700,0624022,"IFA Seattle-Tacoma-Bellevue, WA",0.0,no cell in the extract: territory at zero opportunity
ifa_west_merge,95538,ifa,CA,IFA,IFA_07,IFA,,06015,18860,0625086,"IFA Seattle-Tacoma-Bellevue, WA",0.0,no cell in the extract: territory at zero opportunity
ifa_west_merge,95540,ifa,CA,IFA,IFA_07,IFA,,06023,21700,0625296,"IFA Seattle-Tacoma-Bellevue, WA",0.0,no cell in the extract: territory at zero opportunity
ifa_west_merge,95542,ifa,CA,IFA,IFA_07,IFA,,06023,21700,0605262,"IFA Seattle-Tacoma-Bellevue, WA",0.0,no cell in the extract: territory at zero opportunity
ifa_west_merge,95543,ifa,CA,IFA,IFA_07,IFA,,06015,18860,0629154,"IFA Seattle-Tacoma-Bellevue, WA",0.0,no cell in the extract: territory at zero opportunity
ifa_west_merge,95545,ifa,CA,IFA,IFA_07,IFA,,06023,21700,,"IFA Seattle-Tacoma-Bellevue, WA",0.0,no cell in the extract: territory at zero opportunity
ifa_west_merge,95546,ifa,CA,IFA,IFA_07,IFA,,06023,21700,0634540,"IFA Seattle-Tacoma-Bellevue, WA",0.0,no cell in the extract: territory at zero opportunity
ifa_west_merge,95547,ifa,CA,IFA,IFA_07,IFA,,06023,21700,0636126,"IFA Seattle-Tacoma-Bellevue, WA",0.0,no cell in the extract: territory at zero opportunity
ifa_west_merge,95548,ifa,CA,IFA,IFA_07,IFA,,06015,18860,0638702,"IFA Seattle-Tacoma-Bellevue, WA",0.0,no cell in the extract: territory at zero opportunity
ifa_west_merge,95549,ifa,CA,IFA,IFA_07,IFA,,06023,21700,,"IFA Seattle-Tacoma-Bellevue, WA",0.0,no cell in the extract: territory at zero opportunity
ifa_west_merge,95550,ifa,CA,IFA,IFA_07,IFA,,06023,21700,,"IFA Seattle-Tacoma-Bellevue, WA",0.0,no cell in the extract: territory at zero opportunity
ifa_west_merge,95551,ifa,CA,IFA,IFA_07,IFA,,06023,21700,0642328,"IFA Seattle-Tacoma-Bellevue, WA",0.0,no cell in the extract: territory at zero opportunity
ifa_west_merge,95552,ifa,CA,IFA,IFA_07,IFA,,06105,,0663386,"IFA Seattle-Tacoma-Bellevue, WA",0.0,no cell in the extract: territory at zero opportunity
ifa_west_merge,95553,ifa,CA,IFA,IFA_07,IFA,,06023,21700,0648060,"IFA Seattle-Tacoma-Bellevue, WA",0.0,no cell in the extract: territory at zero opportunity
ifa_west_merge,95554,ifa,CA,IFA,IFA_07,IFA,,06023,21700,0650146,"IFA Seattle-Tacoma-Bellevue, WA",0.0,no cell in the extract: territory at zero opportunity
ifa_west_merge,95555,ifa,CA,IFA,IFA_07,IFA,,06023,21700,0654218,"IFA Seattle-Tacoma-Bellevue, WA",0.0,no cell in the extract: territory at zero opportunity
ifa_west_merge,95556,ifa,CA,IFA,IFA_07,IFA,,06023,21700,,"IFA Seattle-Tacoma-Bellevue, WA",0.0,no cell in the extract: territory at zero opportunity
ifa_west_merge,95558,ifa,CA,IFA,IFA_07,IFA,,06023,21700,,"IFA Seattle-Tacoma-Bellevue, WA",0.0,no cell in the extract: territory at zero opportunity
ifa_west_merge,95559,ifa,CA,IFA,IFA_07,IFA,,06023,21700,0656854,"IFA Seattle-Tacoma-Bellevue, WA",0.0,no cell in the extract: territory at zero opportunity
ifa_west_merge,95560,ifa,CA,IFA,IFA_07,IFA,,06023,21700,0660088,"IFA Seattle-Tacoma-Bellevue, WA",0.0,no cell in the extract: territory at zero opportunity
ifa_west_merge,95562,ifa,CA,IFA,IFA_07,IFA,,06023,21700,0660900,"IFA Seattle-Tacoma-Bellevue, WA",0.0,no cell in the extract: territory at zero opportunity
ifa_west_merge,95563,ifa,CA,IFA,IFA_07,IFA,,06105,,0664378,"IFA Seattle-Tacoma-Bellevue, WA",0.0,no cell in the extract: territory at zero opportunity
ifa_west_merge,95564,ifa,CA,IFA,IFA_07,IFA,,06023,21700,0664392,"IFA Seattle-Tacoma-Bellevue, WA",0.0,no cell in the extract: territory at zero opportunity
ifa_west_merge,95565,ifa,CA,IFA,IFA_07,IFA,,06023,21700,0670518,"IFA Seattle-Tacoma-Bellevue, WA",0.0,no cell in the extract: territory at zero opportunity
ifa_west_merge,95567,ifa,CA,IFA,IFA_07,IFA,,06015,18860,0672380,"IFA Seattle-Tacoma-Bellevue, WA",0.0,no cell in the extract: territory at zero opportunity
ifa_west_merge,95568,ifa,CA,IFA,IFA_07,IFA,,06093,,,"IFA Seattle-Tacoma-Bellevue, WA",0.0,no cell in the extract: territory at zero opportunity
ifa_west_merge,95569,ifa,CA,IFA,IFA_07,IFA,,06023,21700,0659906,"IFA Seattle-Tacoma-Bellevue, WA",0.0,no cell in the extract: territory at zero opportunity
ifa_west_merge,95570,ifa,CA,IFA,IFA_07,IFA,,06023,21700,0684385,"IFA Seattle-Tacoma-Bellevue, WA",0.0,no cell in the extract: territory at zero opportunity
ifa_west_merge,95571,ifa,CA,IFA,IFA_07,IFA,,06023,21700,0684004,"IFA Seattle-Tacoma-Bellevue, WA",0.0,no cell in the extract: territory at zero opportunity
ifa_west_merge,95573,ifa,CA,IFA,IFA_07,IFA,,06023,21700,0685642,"IFA Seattle-Tacoma-Bellevue, WA",0.0,no cell in the extract: territory at zero opportunity
ifa_west_merge,95585,ifa,CA,IFA,IFA_07,IFA,,06045,46380,0641026,"IFA Seattle-Tacoma-Bellevue, WA",0.0,no cell in the extract: territory at zero opportunity
ifa_west_merge,95587,ifa,CA,IFA,IFA_07,IFA,,06045,46380,,"IFA Seattle-Tacoma-Bellevue, WA",0.0,no cell in the extract: territory at zero opportunity
ifa_west_merge,95589,ifa,CA,IFA,IFA_07,IFA,,06023,21700,0671372,"IFA Seattle-Tacoma-Bellevue, WA",0.0,no cell in the extract: territory at zero opportunity
ifa_west_merge,95595,ifa,CA,IFA,IFA_07,IFA,,06105,,,"IFA Seattle-Tacoma-Bellevue, WA",0.0,no cell in the extract: territory at zero opportunity
ifa_west_merge,95601,ifa,CA,IFA,IFA_06,IFA,,06005,,0601514,"IFA San Francisco-Oakland-Fremont, CA",0.0,no cell in the extract: territory at zero opportunity
ifa_west_merge,95602,ifa,CA,IFA,IFA_06,IFA,,06061,40900,0639690,"IFA San Francisco-Oakland-Fremont, CA",0.0,no cell in the extract: territory at zero opportunity
ifa_west_merge,95603,ifa,CA,IFA,IFA_06,IFA,,06061,40900,0603204,"IFA San Francisco-Oakland-Fremont, CA",2.35506,
ifa_west_merge,95604,ifa,CA,IFA,IFA_06,IFA,,06061,40900,0611418,"IFA San Francisco-Oakland-Fremont, CA",0.0,no cell in the extract: territory at zero opportunity
ifa_west_merge,95605,ifa,CA,IFA,IFA_06,IFA,,06113,40900,0684816,"IFA San Francisco-Oakland-Fremont, CA",0.0,no cell in the extract: territory at zero opportunity
ifa_west_merge,95606,ifa,CA,IFA,IFA_06,IFA,,06113,40900,0608506,"IFA San Francisco-Oakland-Fremont, CA",0.0,no cell in the extract: territory at zero opportunity
ifa_west_merge,95607,ifa,CA,IFA,IFA_06,IFA,,06113,40900,0622846,"IFA San Francisco-Oakland-Fremont, CA",0.0,no cell in the extract: territory at zero opportunity
ifa_west_merge,95608,ifa,CA,IFA,IFA_06,IFA,,06067,40900,0611390,"IFA San Francisco-Oakland-Fremont, CA",0.0995895,
ifa_west_merge,95610,ifa,CA,IFA,IFA_06,IFA,,06067,40900,0613588,"IFA San Francisco-Oakland-Fremont, CA",2.03036,
ifa_west_merge,95612,ifa,CA,IFA,IFA_06,IFA,,06113,40900,0613784,"IFA San Francisco-Oakland-Fremont, CA",0.0,no cell in the extract: territory at zero opportunity
ifa_west_merge,95613,ifa,CA,IFA,IFA_06,IFA,,06017,40900,0614764,"IFA San Francisco-Oakland-Fremont, CA",0.0,no cell in the extract: territory at zero opportunity
ifa_west_merge,95614,ifa,CA,IFA,IFA_06,IFA,,06017,40900,0603205,"IFA San Francisco-Oakland-Fremont, CA",0.0047727,
ifa_west_merge,95615,ifa,CA,IFA,IFA_06,IFA,,06067,40900,0616714,"IFA San Francisco-Oakland-Fremont, CA",0.0,no cell in the extract: territory at zero opportunity
ifa_west_merge,95616,ifa,CA,IFA,IFA_06,IFA,,06113,40900,0618100,"IFA San Francisco-Oakland-Fremont, CA",0.701926,
ifa_west_merge,95618,ifa,CA,IFA,IFA_06,IFA,,06113,40900,0618100,"IFA San Francisco-Oakland-Fremont, CA",2.27639,
ifa_west_merge,95619,ifa,CA,IFA,IFA_06,IFA,,06017,40900,0619220,"IFA San Francisco-Oakland-Fremont, CA",0.0,no cell in the extract: territory at zero opportunity
ifa_west_merge,95620,ifa,CA,IFA,IFA_06,IFA,,06095,46700,0619402,"IFA San Francisco-Oakland-Fremont, CA",0.0,no cell in the extract: territory at zero opportunity
ifa_west_merge,95621,ifa,CA,IFA,IFA_06,IFA,,06067,40900,0613588,"IFA San Francisco-Oakland-Fremont, CA",0.0,no cell in the extract: territory at zero opportunity
ifa_west_merge,95623,ifa,CA,IFA,IFA_06,IFA,,06017,40900,0619220,"IFA San Francisco-Oakland-Fremont, CA",0.0,no cell in the extract: territory at zero opportunity
ifa_west_merge,95624,ifa,CA,IFA,IFA_06,IFA,,06067,40900,0622020,"IFA San Francisco-Oakland-Fremont, CA",3.69817,
ifa_west_merge,95625,ifa,CA,IFA,IFA_06,IFA,,06095,46700,0622146,"IFA San Francisco-Oakland-Fremont, CA",0.0,no cell in the extract: territory at zero opportunity
ifa_west_merge,95626,ifa,CA,IFA,IFA_06,IFA,,06067,40900,0622524,"IFA San Francisco-Oakland-Fremont, CA",0.0,no cell in the extract: territory at zero opportunity
ifa_west_merge,95627,ifa,CA,IFA,IFA_06,IFA,,06113,40900,0622846,"IFA San Francisco-Oakland-Fremont, CA",0.0,no cell in the extract: territory at zero opportunity
ifa_west_merge,95628,ifa,CA,IFA,IFA_06,IFA,,06067,40900,0623294,"IFA San Francisco-Oakland-Fremont, CA",10.9208,
ifa_west_merge,95629,ifa,CA,IFA,IFA_06,IFA,,06005,,0623980,"IFA San Francisco-Oakland-Fremont, CA",0.0,no cell in the extract: territory at zero opportunity
ifa_west_merge,95630,ifa,CA,IFA,IFA_06,IFA,,06067,40900,0624638,"IFA San Francisco-Oakland-Fremont, CA",14.498,
ifa_west_merge,95631,ifa,CA,IFA,IFA_06,IFA,,06061,40900,0624834,"IFA San Francisco-Oakland-Fremont, CA",0.0,no cell in the extract: territory at zero opportunity
ifa_west_merge,95632,ifa,CA,IFA,IFA_06,IFA,,06067,40900,0628112,"IFA San Francisco-Oakland-Fremont, CA",0.0,no cell in the extract: territory at zero opportunity
ifa_west_merge,95633,ifa,CA,IFA,IFA_06,IFA,,06017,40900,0629350,"IFA San Francisco-Oakland-Fremont, CA",0.0,no cell in the extract: territory at zero opportunity
ifa_west_merge,95634,ifa,CA,IFA,IFA_06,IFA,,06017,40900,0629350,"IFA San Francisco-Oakland-Fremont, CA",0.0,no cell in the extract: territory at zero opportunity
ifa_west_merge,95635,ifa,CA,IFA,IFA_06,IFA,,06017,40900,0629350,"IFA San Francisco-Oakland-Fremont, CA",0.0,no cell in the extract: territory at zero opportunity
ifa_west_merge,95636,ifa,CA,IFA,IFA_06,IFA,,06017,40900,0631302,"IFA San Francisco-Oakland-Fremont, CA",0.0,no cell in the extract: territory at zero opportunity
ifa_west_merge,95637,ifa,CA,IFA,IFA_06,IFA,,06113,40900,0631540,"IFA San Francisco-Oakland-Fremont, CA",0.0,no cell in the extract: territory at zero opportunity
ifa_west_merge,95638,ifa,CA,IFA,IFA_06,IFA,,06067,40900,0613854,"IFA San Francisco-Oakland-Fremont, CA",0.0,no cell in the extract: territory at zero opportunity
ifa_west_merge,95639,ifa,CA,IFA,IFA_06,IFA,,06067,40900,0634484,"IFA San Francisco-Oakland-Fremont, CA",0.0,no cell in the extract: territory at zero opportunity
ifa_west_merge,95640,ifa,CA,IFA,IFA_06,IFA,,06005,,0610044,"IFA San Francisco-Oakland-Fremont, CA",0.0,no cell in the extract: territory at zero opportunity
ifa_west_merge,95641,ifa,CA,IFA,IFA_06,IFA,,06067,40900,0683374,"IFA San Francisco-Oakland-Fremont, CA",0.0,no cell in the extract: territory at zero opportunity
ifa_west_merge,95642,ifa,CA,IFA,IFA_06,IFA,,06005,,0636980,"IFA San Francisco-Oakland-Fremont, CA",0.00513066,
ifa_west_merge,95645,ifa,CA,IFA,IFA_06,IFA,,06113,40900,0662168,"IFA San Francisco-Oakland-Fremont, CA",0.0,no cell in the extract: territory at zero opportunity
ifa_west_merge,95646,ifa,CA,IFA,IFA_06,IFA,,06003,23820,0638646,"IFA San Francisco-Oakland-Fremont, CA",0.0,no cell in the extract: territory at zero opportunity
ifa_west_merge,95648,ifa,CA,IFA,IFA_06,IFA,,06061,40900,0641474,"IFA San Francisco-Oakland-Fremont, CA",1.85891,
ifa_west_merge,95650,ifa,CA,IFA,IFA_06,IFA,,06061,40900,0643140,"IFA San Francisco-Oakland-Fremont, CA",1.18513,
ifa_west_merge,95651,ifa,CA,IFA,IFA_06,IFA,,06017,40900,0614764,"IFA San Francisco-Oakland-Fremont, CA",0.0,no cell in the extract: territory at zero opportunity
ifa_west_merge,95652,ifa,CA,IFA,IFA_06,IFA,,06067,40900,0644760,"IFA San Francisco-Oakland-Fremont, CA",0.0,no cell in the extract: territory at zero opportunity
ifa_west_merge,95653,ifa,CA,IFA,IFA_06,IFA,,06113,40900,0645064,"IFA San Francisco-Oakland-Fremont, CA",0.0,no cell in the extract: territory at zero opportunity
ifa_west_merge,95655,ifa,CA,IFA,IFA_06,IFA,,06067,40900,0646226,"IFA San Francisco-Oakland-Fremont, CA",0.0,no cell in the extract: territory at zero opportunity
ifa_west_merge,95658,ifa,CA,IFA,IFA_06,IFA,,06061,40900,0651000,"IFA San Francisco-Oakland-Fremont, CA",0.683326,
ifa_west_merge,95659,ifa,CA,IFA,IFA_07,IFA,,06101,49700,0620900,"IFA Seattle-Tacoma-Bellevue, WA",0.0,no cell in the extract: territory at zero opportunity
ifa_west_merge,95660,ifa,CA,IFA,IFA_06,IFA,,06067,40900,0651924,"IFA San Francisco-Oakland-Fremont, CA",0.0,no cell in the extract: territory at zero opportunity
ifa_west_merge,95661,ifa,CA,IFA,IFA_06,IFA,,06061,40900,0662938,"IFA San Francisco-Oakland-Fremont, CA",39.4624,
ifa_west_merge,95662,ifa,CA,IFA,IFA_06,IFA,,06067,40900,0654092,"IFA San Francisco-Oakland-Fremont, CA",0.280715,
ifa_west_merge,95663,ifa,CA,IFA,IFA_06,IFA,,06061,40900,0656546,"IFA San Francisco-Oakland-Fremont, CA",0.0,no cell in the extract: territory at zero opportunity
ifa_west_merge,95664,ifa,CA,IFA,IFA_06,IFA,,06017,40900,,"IFA San Francisco-Oakland-Fremont, CA",0.0,no cell in the extract: territory at zero opportunity
ifa_west_merge,95665,ifa,CA,IFA,IFA_06,IFA,,06005,,0657148,"IFA San Francisco-Oakland-Fremont, CA",0.0,no cell in the extract: territory at zero opportunity
ifa_west_merge,95666,ifa,CA,IFA,IFA_06,IFA,,06005,,0608680,"IFA San Francisco-Oakland-Fremont, CA",0.0,no cell in the extract: territory at zero opportunity
ifa_west_merge,95667,ifa,CA,IFA,IFA_06,IFA,,06017,40900,0619220,"IFA San Francisco-Oakland-Fremont, CA",1.12953,
ifa_west_merge,95668,ifa,CA,IFA,IFA_07,IFA,,06101,49700,0662938,"IFA Seattle-Tacoma-Bellevue, WA",0.0,no cell in the extract: territory at zero opportunity
ifa_west_merge,95669,ifa,CA,IFA,IFA_06,IFA,,06005,,0657834,"IFA San Francisco-Oakland-Fremont, CA",0.0,no cell in the extract: territory at zero opportunity
ifa_west_merge,95670,ifa,CA,IFA,IFA_06,IFA,,06067,40900,0659444,"IFA San Francisco-Oakland-Fremont, CA",11.3382,
ifa_west_merge,95671,ifa,CA,IFA,IFA_06,IFA,,06067,40900,0624638,"IFA San Francisco-Oakland-Fremont, CA",0.0,no cell in the extract: territory at zero opportunity
ifa_west_merge,95672,ifa,CA,IFA,IFA_06,IFA,,06017,40900,0610256,"IFA San Francisco-Oakland-Fremont, CA",0.0,no cell in the extract: territory at zero opportunity
ifa_west_merge,95673,ifa,CA,IFA,IFA_06,IFA,,06067,40900,0660942,"IFA San Francisco-Oakland-Fremont, CA",0.0,no cell in the extract: territory at zero opportunity
ifa_west_merge,95674,ifa,CA,IFA,IFA_07,IFA,,06101,49700,0660970,"IFA Seattle-Tacoma-Bellevue, WA",0.0,no cell in the extract: territory at zero opportunity
ifa_west_merge,95675,ifa,CA,IFA,IFA_06,IFA,,06005,,0661124,"IFA San Francisco-Oakland-Fremont, CA",0.0,no cell in the extract: territory at zero opportunity
ifa_west_merge,95676,ifa,CA,IFA,IFA_06,IFA,,06101,49700,0662168,"IFA San Francisco-Oakland-Fremont, CA",0.0,no cell in the extract: territory at zero opportunity
ifa_west_merge,95677,ifa,CA,IFA,IFA_06,IFA,,06061,40900,0662364,"IFA San Francisco-Oakland-Fremont, CA",1.25161,
ifa_west_merge,95678,ifa,CA,IFA,IFA_06,IFA,,06061,40900,0662938,"IFA San Francisco-Oakland-Fremont, CA",28.8972,
ifa_west_merge,95679,ifa,CA,IFA,IFA_06,IFA,,06113,40900,0663302,"IFA San Francisco-Oakland-Fremont, CA",0.0,no cell in the extract: territory at zero opportunity
ifa_west_merge,95680,ifa,CA,IFA,IFA_06,IFA,,06067,40900,0683374,"IFA San Francisco-Oakland-Fremont, CA",0.0,no cell in the extract: territory at zero opportunity
ifa_west_merge,95681,ifa,CA,IFA,IFA_06,IFA,,06061,40900,0671414,"IFA San Francisco-Oakland-Fremont, CA",0.0,no cell in the extract: territory at zero opportunity
ifa_west_merge,95682,ifa,CA,IFA,IFA_06,IFA,,06017,40900,0610256,"IFA San Francisco-Oakland-Fremont, CA",2.03528,
ifa_west_merge,95683,ifa,CA,IFA,IFA_06,IFA,,06067,40900,0659506,"IFA San Francisco-Oakland-Fremont, CA",0.0,no cell in the extract: territory at zero opportunity
ifa_west_merge,95684,ifa,CA,IFA,IFA_06,IFA,,06017,40900,0631302,"IFA San Francisco-Oakland-Fremont, CA",0.0,no cell in the extract: territory at zero opportunity
ifa_west_merge,95685,ifa,CA,IFA,IFA_06,IFA,,06005,,0677392,"IFA San Francisco-Oakland-Fremont, CA",0.0,no cell in the extract: territory at zero opportunity
ifa_west_merge,95686,ifa,CA,IFA,IFA_06,IFA,,06077,44700,0678568,"IFA San Francisco-Oakland-Fremont, CA",0.0,no cell in the extract: territory at zero opportunity
ifa_west_merge,95687,ifa,CA,IFA,IFA_06,IFA,,06095,46700,0681554,"IFA San Francisco-Oakland-Fremont, CA",0.0,no cell in the extract: territory at zero opportunity
ifa_west_merge,95688,ifa,CA,IFA,IFA_06,IFA,,06095,46700,0681554,"IFA San Francisco-Oakland-Fremont, CA",15.3056,
ifa_west_merge,95689,ifa,CA,IFA,IFA_06,IFA,,06005,,0642142,"IFA San Francisco-Oakland-Fremont, CA",0.0,no cell in the extract: territory at zero opportunity
ifa_west_merge,95690,ifa,CA,IFA,IFA_06,IFA,,06067,40900,0683374,"IFA San Francisco-Oakland-Fremont, CA",0.0,no cell in the extract: territory at zero opportunity
ifa_west_merge,95691,ifa,CA,IFA,IFA_06,IFA,,06113,40900,0684816,"IFA San Francisco-Oakland-Fremont, CA",0.0,no cell in the extract: territory at zero opportunity
ifa_west_merge,95692,ifa,CA,IFA,IFA_07,IFA,,06115,49700,0685012,"IFA Seattle-Tacoma-Bellevue, WA",0.0,no cell in the extract: territory at zero opportunity
ifa_west_merge,95693,ifa,CA,IFA,IFA_06,IFA,,06067,40900,0685880,"IFA San Francisco-Oakland-Fremont, CA",3.93919,
ifa_west_merge,95694,ifa,CA,IFA,IFA_06,IFA,,06113,40900,0686034,"IFA San Francisco-Oakland-Fremont, CA",0.0,no cell in the extract: territory at zero opportunity
ifa_west_merge,95695,ifa,CA,IFA,IFA_06,IFA,,06113,40900,0686328,"IFA San Francisco-Oakland-Fremont, CA",0.381816,
ifa_west_merge,95697,ifa,CA,IFA,IFA_06,IFA,,06113,40900,0686804,"IFA San Francisco-Oakland-Fremont, CA",0.0,no cell in the extract: territory at zero opportunity
ifa_west_merge,95698,ifa,CA,IFA,IFA_06,IFA,,06113,40900,,"IFA San Francisco-Oakland-Fremont, CA",0.0,no cell in the extract: territory at zero opportunity
ifa_west_merge,95699,ifa,CA,IFA,IFA_06,IFA,,06005,,0619976,"IFA San Francisco-Oakland-Fremont, CA",0.0,no cell in the extract: territory at zero opportunity
ifa_west_merge,95701,ifa,CA,IFA,IFA_06,IFA,,06061,40900,0601276,"IFA San Francisco-Oakland-Fremont, CA",0.0,no cell in the extract: territory at zero opportunity
ifa_west_merge,95703,ifa,CA,IFA,IFA_06,IFA,,06061,40900,,"IFA San Francisco-Oakland-Fremont, CA",0.0,no cell in the extract: territory at zero opportunity
ifa_west_merge,95709,ifa,CA,IFA,IFA_06,IFA,,06017,40900,0610270,"IFA San Francisco-Oakland-Fremont, CA",0.0,no cell in the extract: territory at zero opportunity
ifa_west_merge,95713,ifa,CA,IFA,IFA_06,IFA,,06061,40900,0614498,"IFA San Francisco-Oakland-Fremont, CA",0.225426,
ifa_west_merge,95714,ifa,CA,IFA,IFA_06,IFA,,06061,40900,0620298,"IFA San Francisco-Oakland-Fremont, CA",0.0,no cell in the extract: territory at zero opportunity
ifa_west_merge,95715,ifa,CA,IFA,IFA_06,IFA,,06061,40900,,"IFA San Francisco-Oakland-Fremont, CA",0.0,no cell in the extract: territory at zero opportunity
ifa_west_merge,95717,ifa,CA,IFA,IFA_06,IFA,,06061,40900,,"IFA San Francisco-Oakland-Fremont, CA",0.0,no cell in the extract: territory at zero opportunity
ifa_west_merge,95720,ifa,CA,IFA,IFA_06,IFA,,06017,40900,,"IFA San Francisco-Oakland-Fremont, CA",0.0,no cell in the extract: territory at zero opportunity
ifa_west_merge,95721,ifa,CA,IFA,IFA_06,IFA,,06017,40900,,"IFA San Francisco-Oakland-Fremont, CA",0.0,no cell in the extract: territory at zero opportunity
ifa_west_merge,95722,ifa,CA,IFA,IFA_06,IFA,,06061,40900,0646632,"IFA San Francisco-Oakland-Fremont, CA",0.533732,
ifa_west_merge,95726,ifa,CA,IFA,IFA_06,IFA,,06017,40900,0658030,"IFA San Francisco-Oakland-Fremont, CA",0.0,no cell in the extract: territory at zero opportunity
ifa_west_merge,95728,ifa,CA,IFA,IFA_06,IFA,,06061,40900,0672492,"IFA San Francisco-Oakland-Fremont, CA",0.0,no cell in the extract: territory at zero opportunity
ifa_west_merge,95735,ifa,CA,IFA,IFA_06,IFA,,06017,40900,,"IFA San Francisco-Oakland-Fremont, CA",0.0,no cell in the extract: territory at zero opportunity
ifa_west_merge,95736,ifa,CA,IFA,IFA_06,IFA,,06061,40900,,"IFA San Francisco-Oakland-Fremont, CA",0.0,no cell in the extract: territory at zero opportunity
ifa_west_merge,95742,ifa,CA,IFA,IFA_06,IFA,,06067,40900,0659444,"IFA San Francisco-Oakland-Fremont, CA",1.57316,
ifa_west_merge,95746,ifa,CA,IFA,IFA_06,IFA,,06061,40900,0630693,"IFA San Francisco-Oakland-Fremont, CA",9.98032,
ifa_west_merge,95747,ifa,CA,IFA,IFA_06,IFA,,06061,40900,0662938,"IFA San Francisco-Oakland-Fremont, CA",0.0957723,
ifa_west_merge,95757,ifa,CA,IFA,IFA_06,IFA,,06067,40900,0622020,"IFA San Francisco-Oakland-Fremont, CA",1.28729,
ifa_west_merge,95758,ifa,CA,IFA,IFA_06,IFA,,06067,40900,0622020,"IFA San Francisco-Oakland-Fremont, CA",5.7441,
ifa_west_merge,95762,ifa,CA,IFA,IFA_06,IFA,,06017,40900,0621880,"IFA San Francisco-Oakland-Fremont, CA",7.2871,
ifa_west_merge,95765,ifa,CA,IFA,IFA_06,IFA,,06061,40900,0662364,"IFA San Francisco-Oakland-Fremont, CA",8.4329,
ifa_west_merge,95776,ifa,CA,IFA,IFA_06,IFA,,06113,40900,0686328,"IFA San Francisco-Oakland-Fremont, CA",0.0,no cell in the extract: territory at zero opportunity
ifa_west_merge,95811,ifa,CA,IFA,IFA_06,IFA,,06067,40900,0664000,"IFA San Francisco-Oakland-Fremont, CA",0.744806,
ifa_west_merge,95814,ifa,CA,IFA,IFA_06,IFA,,06067,40900,0664000,"IFA San Francisco-Oakland-Fremont, CA",1.9486,
ifa_west_merge,95815,ifa,CA,IFA,IFA_06,IFA,,06067,40900,0664000,"IFA San Francisco-Oakland-Fremont, CA",13.0551,
ifa_west_merge,95816,ifa,CA,IFA,IFA_06,IFA,,06067,40900,0664000,"IFA San Francisco-Oakland-Fremont, CA",2.00569,
ifa_west_merge,95817,ifa,CA,IFA,IFA_06,IFA,,06067,40900,0664000,"IFA San Francisco-Oakland-Fremont, CA",0.0,no cell in the extract: territory at zero opportunity
ifa_west_merge,95818,ifa,CA,IFA,IFA_06,IFA,,06067,40900,0664000,"IFA San Francisco-Oakland-Fremont, CA",0.260588,
ifa_west_merge,95819,ifa,CA,IFA,IFA_06,IFA,,06067,40900,0664000,"IFA San Francisco-Oakland-Fremont, CA",4.45631,
ifa_west_merge,95820,ifa,CA,IFA,IFA_06,IFA,,06067,40900,0664000,"IFA San Francisco-Oakland-Fremont, CA",0.0,no cell in the extract: territory at zero opportunity
ifa_west_merge,95821,ifa,CA,IFA,IFA_06,IFA,,06067,40900,0602553,"IFA San Francisco-Oakland-Fremont, CA",0.0,no cell in the extract: territory at zero opportunity
ifa_west_merge,95822,ifa,CA,IFA,IFA_06,IFA,,06067,40900,0664000,"IFA San Francisco-Oakland-Fremont, CA",1.63178,
ifa_west_merge,95823,ifa,CA,IFA,IFA_06,IFA,,06067,40900,0664000,"IFA San Francisco-Oakland-Fremont, CA",0.0,no cell in the extract: territory at zero opportunity
ifa_west_merge,95824,ifa,CA,IFA,IFA_06,IFA,,06067,40900,0664000,"IFA San Francisco-Oakland-Fremont, CA",0.0,no cell in the extract: territory at zero opportunity
ifa_west_merge,95825,ifa,CA,IFA,IFA_06,IFA,,06067,40900,0602553,"IFA San Francisco-Oakland-Fremont, CA",13.7087,
ifa_west_merge,95826,ifa,CA,IFA,IFA_06,IFA,,06067,40900,0664000,"IFA San Francisco-Oakland-Fremont, CA",31.401,
ifa_west_merge,95827,ifa,CA,IFA,IFA_06,IFA,,06067,40900,0659444,"IFA San Francisco-Oakland-Fremont, CA",1.36191,
ifa_west_merge,95828,ifa,CA,IFA,IFA_06,IFA,,06067,40900,0624498,"IFA San Francisco-Oakland-Fremont, CA",0.0,no cell in the extract: territory at zero opportunity
ifa_west_merge,95829,ifa,CA,IFA,IFA_06,IFA,,06067,40900,0682852,"IFA San Francisco-Oakland-Fremont, CA",0.0,no cell in the extract: territory at zero opportunity
ifa_west_merge,95830,ifa,CA,IFA,IFA_06,IFA,,06067,40900,0682852,"IFA San Francisco-Oakland-Fremont, CA",0.0,no cell in the extract: territory at zero opportunity
ifa_west_merge,95831,ifa,CA,IFA,IFA_06,IFA,,06067,40900,0664000,"IFA San Francisco-Oakland-Fremont, CA",0.0532793,
ifa_west_merge,95832,ifa,CA,IFA,IFA_06,IFA,,06067,40900,0664000,"IFA San Francisco-Oakland-Fremont, CA",0.0,no cell in the extract: territory at zero opportunity
ifa_west_merge,95833,ifa,CA,IFA,IFA_06,IFA,,06067,40900,0664000,"IFA San Francisco-Oakland-Fremont, CA",0.664122,
ifa_west_merge,95834,ifa,CA,IFA,IFA_06,IFA,,06067,40900,0664000,"IFA San Francisco-Oakland-Fremont, CA",0.621745,
ifa_west_merge,95835,ifa,CA,IFA,IFA_06,IFA,,06067,40900,0664000,"IFA San Francisco-Oakland-Fremont, CA",0.0,no cell in the extract: territory at zero opportunity
ifa_west_merge,95837,ifa,CA,IFA,IFA_06,IFA,,06067,40900,,"IFA San Francisco-Oakland-Fremont, CA",0.0,no cell in the extract: territory at zero opportunity
ifa_west_merge,95838,ifa,CA,IFA,IFA_06,IFA,,06067,40900,0664000,"IFA San Francisco-Oakland-Fremont, CA",0.0,no cell in the extract: territory at zero opportunity
ifa_west_merge,95841,ifa,CA,IFA,IFA_06,IFA,,06067,40900,0651924,"IFA San Francisco-Oakland-Fremont, CA",0.825788,
ifa_west_merge,95842,ifa,CA,IFA,IFA_06,IFA,,06067,40900,0624722,"IFA San Francisco-Oakland-Fremont, CA",0.0,no cell in the extract: territory at zero opportunity
ifa_west_merge,95843,ifa,CA,IFA,IFA_06,IFA,,06067,40900,0602210,"IFA San Francisco-Oakland-Fremont, CA",2.49181,
ifa_west_merge,95864,ifa,CA,IFA,IFA_06,IFA,,06067,40900,0602553,"IFA San Francisco-Oakland-Fremont, CA",0.902733,
ifa_west_merge,95901,ifa,CA,IFA,IFA_07,IFA,,06115,49700,0642412,"IFA Seattle-Tacoma-Bellevue, WA",0.594154,
ifa_west_merge,95903,ifa,CA,IFA,IFA_07,IFA,,06115,49700,0604576,"IFA Seattle-Tacoma-Bellevue, WA",0.0,no cell in the extract: territory at zero opportunity
ifa_west_merge,95910,ifa,CA,IFA,IFA_07,IFA,,06091,,0600982,"IFA Seattle-Tacoma-Bellevue, WA",0.0,no cell in the extract: territory at zero opportunity
ifa_west_merge,95912,ifa,CA,IFA,IFA_07,IFA,,06011,,0614554,"IFA Seattle-Tacoma-Bellevue, WA",0.0,no cell in the extract: territory at zero opportunity
ifa_west_merge,95913,ifa,CA,IFA,IFA_07,IFA,,06021,,0602910,"IFA Seattle-Tacoma-Bellevue, WA",0.0,no cell in the extract: territory at zero opportunity
ifa_west_merge,95914,ifa,CA,IFA,IFA_07,IFA,,06007,17020,0603792,"IFA Seattle-Tacoma-Bellevue, WA",0.0,no cell in the extract: territory at zero opportunity
ifa_west_merge,95915,ifa,CA,IFA,IFA_07,IFA,,06063,,0678792,"IFA Seattle-Tacoma-Bellevue, WA",0.0,no cell in the extract: territory at zero opportunity
ifa_west_merge,95916,ifa,CA,IFA,IFA_07,IFA,,06007,17020,0606070,"IFA Seattle-Tacoma-Bellevue, WA",0.0,no cell in the extract: territory at zero opportunity
ifa_west_merge,95917,ifa,CA,IFA,IFA_07,IFA,,06007,17020,0606560,"IFA Seattle-Tacoma-Bellevue, WA",0.0,no cell in the extract: territory at zero opportunity
ifa_west_merge,95918,ifa,CA,IFA,IFA_07,IFA,,06115,49700,0642412,"IFA Seattle-Tacoma-Bellevue, WA",0.0,no cell in the extract: territory at zero opportunity
ifa_west_merge,95919,ifa,CA,IFA,IFA_07,IFA,,06115,49700,0612612,"IFA Seattle-Tacoma-Bellevue, WA",0.0,no cell in the extract: territory at zero opportunity
ifa_west_merge,95920,ifa,CA,IFA,IFA_07,IFA,,06021,,,"IFA Seattle-Tacoma-Bellevue, WA",0.0,no cell in the extract: territory at zero opportunity
ifa_west_merge,95922,ifa,CA,IFA,IFA_07,IFA,,06115,49700,0610676,"IFA Seattle-Tacoma-Bellevue, WA",0.0,no cell in the extract: territory at zero opportunity
ifa_west_merge,95923,ifa,CA,IFA,IFA_07,IFA,,06063,,0601094,"IFA Seattle-Tacoma-Bellevue, WA",0.0,no cell in the extract: territory at zero opportunity
ifa_west_merge,95925,ifa,CA,IFA,IFA_07,IFA,,06115,49700,0612612,"IFA Seattle-Tacoma-Bellevue, WA",0.0,no cell in the extract: territory at zero opportunity
ifa_west_merge,95926,ifa,CA,IFA,IFA_07,IFA,,06007,17020,0613014,"IFA Seattle-Tacoma-Bellevue, WA",7.66252,
ifa_west_merge,95928,ifa,CA,IFA,IFA_07,IFA,,06007,17020,0620270,"IFA Seattle-Tacoma-Bellevue, WA",5.01248,
ifa_west_merge,95929,ifa,CA,IFA,IFA_07,IFA,,06007,17020,0613014,"IFA Seattle-Tacoma-Bellevue, WA",0.0,no cell in the extract: territory at zero opportunity
ifa_west_merge,95930,ifa,CA,IFA,IFA_07,IFA,,06007,17020,0614148,"IFA Seattle-Tacoma-Bellevue, WA",0.0,no cell in the extract: territory at zero opportunity
ifa_west_merge,95932,ifa,CA,IFA,IFA_07,IFA,,06011,,0614946,"IFA Seattle-Tacoma-Bellevue, WA",0.0,no cell in the extract: territory at zero opportunity
ifa_west_merge,95934,ifa,CA,IFA,IFA_07,IFA,,06063,,0617050,"IFA Seattle-Tacoma-Bellevue, WA",0.0,no cell in the extract: territory at zero opportunity
ifa_west_merge,95935,ifa,CA,IFA,IFA_07,IFA,,06115,49700,0619416,"IFA Seattle-Tacoma-Bellevue, WA",0.0,no cell in the extract: territory at zero opportunity
ifa_west_merge,95936,ifa,CA,IFA,IFA_07,IFA,,06091,,0619794,"IFA Seattle-Tacoma-Bellevue, WA",0.0,no cell in the extract: territory at zero opportunity
ifa_west_merge,95937,ifa,CA,IFA,IFA_06,IFA,,06113,40900,0620228,"IFA San Francisco-Oakland-Fremont, CA",0.0,no cell in the extract: territory at zero opportunity
ifa_west_merge,95938,ifa,CA,IFA,IFA_07,IFA,,06007,17020,0620270,"IFA Seattle-Tacoma-Bellevue, WA",0.0,no cell in the extract: territory at zero opportunity
ifa_west_merge,95939,ifa,CA,IFA,IFA_07,IFA,,06021,,0622006,"IFA Seattle-Tacoma-Bellevue, WA",0.0,no cell in the extract: territory at zero opportunity
ifa_west_merge,95941,ifa,CA,IFA,IFA_07,IFA,,06007,17020,0624750,"IFA Seattle-Tacoma-Bellevue, WA",0.0,no cell in the extract: territory at zero opportunity
ifa_west_merge,95942,ifa,CA,IFA,IFA_07,IFA,,06007,17020,0624918,"IFA Seattle-Tacoma-Bellevue, WA",0.0,no cell in the extract: territory at zero opportunity
ifa_west_merge,95943,ifa,CA,IFA,IFA_07,IFA,,06021,,,"IFA Seattle-Tacoma-Bellevue, WA",0.0,no cell in the extract: territory at zero opportunity
ifa_west_merge,95944,ifa,CA,IFA,IFA_07,IFA,,06091,,0630420,"IFA Seattle-Tacoma-Bellevue, WA",0.0,no cell in the extract: territory at zero opportunity
ifa_west_merge,95945,ifa,CA,IFA,IFA_07,IFA,,06057,46020,0630798,"IFA Seattle-Tacoma-Bellevue, WA",0.459422,
ifa_west_merge,95946,ifa,CA,IFA,IFA_07,IFA,,06057,46020,0639885,"IFA Seattle-Tacoma-Bellevue, WA",0.0,no cell in the extract: territory at zero opportunity
ifa_west_merge,95947,ifa,CA,IFA,IFA_07,IFA,,06063,,0631162,"IFA Seattle-Tacoma-Bellevue, WA",0.0,no cell in the extract: territory at zero opportunity
ifa_west_merge,95948,ifa,CA,IFA,IFA_07,IFA,,06007,17020,0631260,"IFA Seattle-Tacoma-Bellevue, WA",0.304855,
ifa_west_merge,95949,ifa,CA,IFA,IFA_07,IFA,,06057,46020,0601360,"IFA Seattle-Tacoma-Bellevue, WA",0.0,no cell in the extract: territory at zero opportunity
ifa_west_merge,95950,ifa,CA,IFA,IFA_07,IFA,,06011,,0631288,"IFA Seattle-Tacoma-Bellevue, WA",0.0,no cell in the extract: territory at zero opportunity
ifa_west_merge,95951,ifa,CA,IFA,IFA_07,IFA,,06021,,0631890,"IFA Seattle-Tacoma-Bellevue, WA",0.0,no cell in the extract: territory at zero opportunity
ifa_west_merge,95953,ifa,CA,IFA,IFA_07,IFA,,06101,49700,0641936,"IFA Seattle-Tacoma-Bellevue, WA",0.0,no cell in the extract: territory at zero opportunity
ifa_west_merge,95954,ifa,CA,IFA,IFA_07,IFA,,06007,17020,0645120,"IFA Seattle-Tacoma-Bellevue, WA",0.0,no cell in the extract: territory at zero opportunity
ifa_west_merge,95955,ifa,CA,IFA,IFA_07,IFA,,06011,,0646338,"IFA Seattle-Tacoma-Bellevue, WA",0.0,no cell in the extract: territory at zero opportunity
ifa_west_merge,95956,ifa,CA,IFA,IFA_07,IFA,,06063,,0646618,"IFA Seattle-Tacoma-Bellevue, WA",0.0,no cell in the extract: territory at zero opportunity
ifa_west_merge,95957,ifa,CA,IFA,IFA_07,IFA,,06101,49700,0646926,"IFA Seattle-Tacoma-Bellevue, WA",0.0,no cell in the extract: territory at zero opportunity
ifa_west_merge,95958,ifa,CA,IFA,IFA_07,IFA,,06007,17020,0620270,"IFA Seattle-Tacoma-Bellevue, WA",0.0,no cell in the extract: territory at zero opportunity
ifa_west_merge,95959,ifa,CA,IFA,IFA_07,IFA,,06057,46020,0650874,"IFA Seattle-Tacoma-Bellevue, WA",0.792525,
ifa_west_merge,95960,ifa,CA,IFA,IFA_07,IFA,,06091,,0657036,"IFA Seattle-Tacoma-Bellevue, WA",0.0,no cell in the extract: territory at zero opportunity
ifa_west_merge,95961,ifa,CA,IFA,IFA_07,IFA,,06115,49700,0657829,"IFA Seattle-Tacoma-Bellevue, WA",0.0,no cell in the extract: territory at zero opportunity
ifa_west_merge,95962,ifa,CA,IFA,IFA_07,IFA,,06115,49700,0619416,"IFA Seattle-Tacoma-Bellevue, WA",0.0,no cell in the extract: territory at zero opportunity
ifa_west_merge,95963,ifa,CA,IFA,IFA_07,IFA,,06021,,0654274,"IFA Seattle-Tacoma-Bellevue, WA",0.0,no cell in the extract: territory at zero opportunity
ifa_west_merge,95965,ifa,CA,IFA,IFA_07,IFA,,06007,17020,0616035,"IFA Seattle-Tacoma-Bellevue, WA",1.00168,
ifa_west_merge,95966,ifa,CA,IFA,IFA_07,IFA,,06007,17020,0654388,"IFA Seattle-Tacoma-Bellevue, WA",0.0,no cell in the extract: territory at zero opportunity
ifa_west_merge,95968,ifa,CA,IFA,IFA_07,IFA,,06007,17020,0655086,"IFA Seattle-Tacoma-Bellevue, WA",0.0,no cell in the extract: territory at zero opportunity
ifa_west_merge,95969,ifa,CA,IFA,IFA_07,IFA,,06007,17020,0655520,"IFA Seattle-Tacoma-Bellevue, WA",0.0,no cell in the extract: territory at zero opportunity
ifa_west_merge,95970,ifa,CA,IFA,IFA_07,IFA,,06011,,0658758,"IFA Seattle-Tacoma-Bellevue, WA",0.0,no cell in the extract: territory at zero opportunity
ifa_west_merge,95971,ifa,CA,IFA,IFA_07,IFA,,06063,,0621026,"IFA Seattle-Tacoma-Bellevue, WA",0.0,no cell in the extract: territory at zero opportunity
ifa_west_merge,95972,ifa,CA,IFA,IFA_07,IFA,,06115,49700,,"IFA Seattle-Tacoma-Bellevue, WA",0.0,no cell in the extract: territory at zero opportunity
ifa_west_merge,95973,ifa,CA,IFA,IFA_07,IFA,,06007,17020,0614442,"IFA Seattle-Tacoma-Bellevue, WA",1.3904,
ifa_west_merge,95974,ifa,CA,IFA,IFA_07,IFA,,06007,17020,0660662,"IFA Seattle-Tacoma-Bellevue, WA",0.0,no cell in the extract: territory at zero opportunity
ifa_west_merge,95975,ifa,CA,IFA,IFA_07,IFA,,06057,46020,0663106,"IFA Seattle-Tacoma-Bellevue, WA",0.0,no cell in the extract: territory at zero opportunity
ifa_west_merge,95977,ifa,CA,IFA,IFA_07,IFA,,06115,49700,0672282,"IFA Seattle-Tacoma-Bellevue, WA",0.0,no cell in the extract: territory at zero opportunity
ifa_west_merge,95978,ifa,CA,IFA,IFA_07,IFA,,06007,17020,0674186,"IFA Seattle-Tacoma-Bellevue, WA",0.0,no cell in the extract: territory at zero opportunity
ifa_west_merge,95979,ifa,CA,IFA,IFA_07,IFA,,06011,,0642230,"IFA Seattle-Tacoma-Bellevue, WA",0.0,no cell in the extract: territory at zero opportunity
ifa_west_merge,95981,ifa,CA,IFA,IFA_07,IFA,,06063,,0641789,"IFA Seattle-Tacoma-Bellevue, WA",0.0,no cell in the extract: territory at zero opportunity
ifa_west_merge,95982,ifa,CA,IFA,IFA_07,IFA,,06101,49700,0677378,"IFA Seattle-Tacoma-Bellevue, WA",0.0,no cell in the extract: territory at zero opportunity
ifa_west_merge,95983,ifa,CA,IFA,IFA_07,IFA,,06063,,0678008,"IFA Seattle-Tacoma-Bellevue, WA",0.0,no cell in the extract: territory at zero opportunity
ifa_west_merge,95984,ifa,CA,IFA,IFA_07,IFA,,06063,,0680952,"IFA Seattle-Tacoma-Bellevue, WA",0.0,no cell in the extract: territory at zero opportunity
ifa_west_merge,95986,ifa,CA,IFA,IFA_07,IFA,,06057,46020,0683570,"IFA Seattle-Tacoma-Bellevue, WA",0.0,no cell in the extract: territory at zero opportunity
ifa_west_merge,95987,ifa,CA,IFA,IFA_07,IFA,,06011,,0685586,"IFA Seattle-Tacoma-Bellevue, WA",0.0,no cell in the extract: territory at zero opportunity
ifa_west_merge,95988,ifa,CA,IFA,IFA_07,IFA,,06021,,0685684,"IFA Seattle-Tacoma-Bellevue, WA",0.710547,
ifa_west_merge,95991,ifa,CA,IFA,IFA_07,IFA,,06101,49700,0686972,"IFA Seattle-Tacoma-Bellevue, WA",3.05447,
ifa_west_merge,95993,ifa,CA,IFA,IFA_07,IFA,,06101,49700,0686972,"IFA Seattle-Tacoma-Bellevue, WA",10.2914,
ifa_west_merge,96001,ifa,CA,IFA,IFA_07,IFA,,06089,39820,0659920,"IFA Seattle-Tacoma-Bellevue, WA",8.23768,
ifa_west_merge,96002,ifa,CA,IFA,IFA_07,IFA,,06089,39820,0659920,"IFA Seattle-Tacoma-Bellevue, WA",3.18601,
ifa_west_merge,96003,ifa,CA,IFA,IFA_07,IFA,,06089,39820,0659920,"IFA Seattle-Tacoma-Bellevue, WA",0.0,no cell in the extract: territory at zero opportunity
ifa_west_merge,96006,ifa,CA,IFA,IFA_07,IFA,,06035,45000,0600310,"IFA Seattle-Tacoma-Bellevue, WA",0.0,no cell in the extract: territory at zero opportunity
ifa_west_merge,96007,ifa,CA,IFA,IFA_07,IFA,,06089,39820,0632036,"IFA Seattle-Tacoma-Bellevue, WA",0.0,no cell in the extract: territory at zero opportunity
ifa_west_merge,96008,ifa,CA,IFA,IFA_07,IFA,,06089,39820,0604926,"IFA Seattle-Tacoma-Bellevue, WA",0.0,no cell in the extract: territory at zero opportunity
ifa_west_merge,96009,ifa,CA,IFA,IFA_07,IFA,,06035,45000,0606336,"IFA Seattle-Tacoma-Bellevue, WA",0.0,no cell in the extract: territory at zero opportunity
ifa_west_merge,96010,ifa,CA,IFA,IFA_07,IFA,,06105,,,"IFA Seattle-Tacoma-Bellevue, WA",0.0,no cell in the extract: territory at zero opportunity
ifa_west_merge,96011,ifa,CA,IFA,IFA_07,IFA,,06089,39820,0606475,"IFA Seattle-Tacoma-Bellevue, WA",0.0,no cell in the extract: territory at zero opportunity
ifa_west_merge,96013,ifa,CA,IFA,IFA_07,IFA,,06089,39820,0609122,"IFA Seattle-Tacoma-Bellevue, WA",0.0,no cell in the extract: territory at zero opportunity
ifa_west_merge,96014,ifa,CA,IFA,IFA_07,IFA,,06093,,,"IFA Seattle-Tacoma-Bellevue, WA",0.0,no cell in the extract: territory at zero opportunity
ifa_west_merge,96015,ifa,CA,IFA,IFA_07,IFA,,06049,,0610732,"IFA Seattle-Tacoma-Bellevue, WA",0.0,no cell in the extract: territory at zero opportunity
ifa_west_merge,96016,ifa,CA,IFA,IFA_07,IFA,,06089,39820,0611782,"IFA Seattle-Tacoma-Bellevue, WA",0.0,no cell in the extract: territory at zero opportunity
ifa_west_merge,96017,ifa,CA,IFA,IFA_07,IFA,,06089,39820,0611824,"IFA Seattle-Tacoma-Bellevue, WA",0.0,no cell in the extract: territory at zero opportunity
ifa_west_merge,96019,ifa,CA,IFA,IFA_07,IFA,,06089,39820,0671225,"IFA Seattle-Tacoma-Bellevue, WA",0.0,no cell in the extract: territory at zero opportunity
ifa_west_merge,96020,ifa,CA,IFA,IFA_07,IFA,,06063,,0683494,"IFA Seattle-Tacoma-Bellevue, WA",0.278408,
ifa_west_merge,96021,ifa,CA,IFA,IFA_07,IFA,,06103,39780,0659604,"IFA Seattle-Tacoma-Bellevue, WA",0.0,no cell in the extract: territory at zero opportunity
ifa_west_merge,96022,ifa,CA,IFA,IFA_07,IFA,,06103,39780,0616630,"IFA Seattle-Tacoma-Bellevue, WA",0.0,no cell in the extract: territory at zero opportunity
ifa_west_merge,96023,ifa,CA,IFA,IFA_07,IFA,,06093,,0619584,"IFA Seattle-Tacoma-Bellevue, WA",0.0,no cell in the extract: territory at zero opportunity
ifa_west_merge,96024,ifa,CA,IFA,IFA_07,IFA,,06105,,0619724,"IFA Seattle-Tacoma-Bellevue, WA",0.0,no cell in the extract: territory at zero opportunity
ifa_west_merge,96025,ifa,CA,IFA,IFA_07,IFA,,06093,,0620242,"IFA Seattle-Tacoma-Bellevue, WA",0.0,no cell in the extract: territory at zero opportunity
ifa_west_merge,96027,ifa,CA,IFA,IFA_07,IFA,,06093,,0622972,"IFA Seattle-Tacoma-Bellevue, WA",0.0,no cell in the extract: territory at zero opportunity
ifa_west_merge,96028,ifa,CA,IFA,IFA_07,IFA,,06089,39820,0623532,"IFA Seattle-Tacoma-Bellevue, WA",0.0,no cell in the extract: territory at zero opportunity
ifa_west_merge,96029,ifa,CA,IFA,IFA_07,IFA,,06103,39780,0624568,"IFA Seattle-Tacoma-Bellevue, WA",0.0,no cell in the extract: territory at zero opportunity
ifa_west_merge,96031,ifa,CA,IFA,IFA_07,IFA,,06093,,,"IFA Seattle-Tacoma-Bellevue, WA",0.0,no cell in the extract: territory at zero opportunity
ifa_west_merge,96032,ifa,CA,IFA,IFA_07,IFA,,06093,,0625128,"IFA Seattle-Tacoma-Bellevue, WA",0.0,no cell in the extract: territory at zero opportunity
ifa_west_merge,96033,ifa,CA,IFA,IFA_07,IFA,,06089,39820,0626056,"IFA Seattle-Tacoma-Bellevue, WA",0.0,no cell in the extract: territory at zero opportunity
ifa_west_merge,96034,ifa,CA,IFA,IFA_07,IFA,,06093,,0629252,"IFA Seattle-Tacoma-Bellevue, WA",0.0,no cell in the extract: territory at zero opportunity
ifa_west_merge,96035,ifa,CA,IFA,IFA_07,IFA,,06103,39780,0658814,"IFA Seattle-Tacoma-Bellevue, WA",0.0,no cell in the extract: territory at zero opportunity
ifa_west_merge,96037,ifa,CA,IFA,IFA_07,IFA,,06093,,0631134,"IFA Seattle-Tacoma-Bellevue, WA",0.0,no cell in the extract: territory at zero opportunity
ifa_west_merge,96038,ifa,CA,IFA,IFA_07,IFA,,06093,,0631246,"IFA Seattle-Tacoma-Bellevue, WA",0.0,no cell in the extract: territory at zero opportunity
ifa_west_merge,96039,ifa,CA,IFA,IFA_07,IFA,,06093,,0632030,"IFA Seattle-Tacoma-Bellevue, WA",0.0,no cell in the extract: territory at zero opportunity
ifa_west_merge,96040,ifa,CA,IFA,IFA_07,IFA,,06089,39820,0632408,"IFA Seattle-Tacoma-Bellevue, WA",0.0,no cell in the extract: territory at zero opportunity
ifa_west_merge,96041,ifa,CA,IFA,IFA_07,IFA,,06105,,0632562,"IFA Seattle-Tacoma-Bellevue, WA",0.0,no cell in the extract: territory at zero opportunity
ifa_west_merge,96044,ifa,CA,IFA,IFA_07,IFA,,06093,,0634694,"IFA Seattle-Tacoma-Bellevue, WA",0.0,no cell in the extract: territory at zero opportunity
ifa_west_merge,96046,ifa,CA,IFA,IFA_07,IFA,,06105,,0636098,"IFA Seattle-Tacoma-Bellevue, WA",0.0,no cell in the extract: territory at zero opportunity
ifa_west_merge,96047,ifa,CA,IFA,IFA_07,IFA,,06089,39820,0653882,"IFA Seattle-Tacoma-Bellevue, WA",0.0,no cell in the extract: territory at zero opportunity
ifa_west_merge,96048,ifa,CA,IFA,IFA_07,IFA,,06105,,0637596,"IFA Seattle-Tacoma-Bellevue, WA",0.0,no cell in the extract: territory at zero opportunity
ifa_west_merge,96050,ifa,CA,IFA,IFA_07,IFA,,06093,,,"IFA Seattle-Tacoma-Bellevue, WA",0.0,no cell in the extract: territory at zero opportunity
ifa_west_merge,96051,ifa,CA,IFA,IFA_07,IFA,,06089,39820,0639514,"IFA Seattle-Tacoma-Bellevue, WA",0.0,no cell in the extract: territory at zero opportunity
ifa_west_merge,96052,ifa,CA,IFA,IFA_07,IFA,,06105,,0641278,"IFA Seattle-Tacoma-Bellevue, WA",0.0,no cell in the extract: territory at zero opportunity
ifa_west_merge,96054,ifa,CA,IFA,IFA_07,IFA,,06049,,0643126,"IFA Seattle-Tacoma-Bellevue, WA",0.0,no cell in the extract: territory at zero opportunity
ifa_west_merge,96055,ifa,CA,IFA,IFA_07,IFA,,06103,39780,0644140,"IFA Seattle-Tacoma-Bellevue, WA",0.0,no cell in the extract: territory at zero opportunity
ifa_west_merge,96056,ifa,CA,IFA,IFA_07,IFA,,06035,45000,0641908,"IFA Seattle-Tacoma-Bellevue, WA",0.0,no cell in the extract: territory at zero opportunity
ifa_west_merge,96057,ifa,CA,IFA,IFA_07,IFA,,06093,,0644784,"IFA Seattle-Tacoma-Bellevue, WA",0.0,no cell in the extract: territory at zero opportunity
ifa_west_merge,96058,ifa,CA,IFA,IFA_07,IFA,,06093,,0649768,"IFA Seattle-Tacoma-Bellevue, WA",0.0,no cell in the extract: territory at zero opportunity
ifa_west_merge,96059,ifa,CA,IFA,IFA_07,IFA,,06103,39780,0645512,"IFA Seattle-Tacoma-Bellevue, WA",0.0,no cell in the extract: territory at zero opportunity
ifa_west_merge,96061,ifa,CA,IFA,IFA_07,IFA,,06103,39780,0647794,"IFA Seattle-Tacoma-Bellevue, WA",0.0,no cell in the extract: territory at zero opportunity
ifa_west_merge,96062,ifa,CA,IFA,IFA_07,IFA,,06089,39820,0647724,"IFA Seattle-Tacoma-Bellevue, WA",0.0,no cell in the extract: territory at zero opportunity
ifa_west_merge,96063,ifa,CA,IFA,IFA_07,IFA,,06103,39780,0647794,"IFA Seattle-Tacoma-Bellevue, WA",0.0,no cell in the extract: territory at zero opportunity
ifa_west_merge,96064,ifa,CA,IFA,IFA_07,IFA,,06093,,0648690,"IFA Seattle-Tacoma-Bellevue, WA",0.0,no cell in the extract: territory at zero opportunity
ifa_west_merge,96065,ifa,CA,IFA,IFA_07,IFA,,06089,39820,0648998,"IFA Seattle-Tacoma-Bellevue, WA",0.0,no cell in the extract: territory at zero opportunity
ifa_west_merge,96067,ifa,CA,IFA,IFA_07,IFA,,06093,,0649852,"IFA Seattle-Tacoma-Bellevue, WA",0.0,no cell in the extract: territory at zero opportunity
ifa_west_merge,96068,ifa,CA,IFA,IFA_07,IFA,,06035,45000,0652610,"IFA Seattle-Tacoma-Bellevue, WA",0.0,no cell in the extract: territory at zero opportunity
ifa_west_merge,96069,ifa,CA,IFA,IFA_07,IFA,,06089,39820,0653140,"IFA Seattle-Tacoma-Bellevue, WA",0.0,no cell in the extract: territory at zero opportunity
ifa_west_merge,96071,ifa,CA,IFA,IFA_07,IFA,,06089,39820,0653602,"IFA Seattle-Tacoma-Bellevue, WA",0.0,no cell in the extract: territory at zero opportunity
ifa_west_merge,96073,ifa,CA,IFA,IFA_07,IFA,,06089,39820,0655296,"IFA Seattle-Tacoma-Bellevue, WA",0.0,no cell in the extract: territory at zero opportunity
ifa_west_merge,96074,ifa,CA,IFA,IFA_07,IFA,,06103,39780,0656042,"IFA Seattle-Tacoma-Bellevue, WA",0.0,no cell in the extract: territory at zero opportunity
ifa_west_merge,96075,ifa,CA,IFA,IFA_07,IFA,,06103,39780,0656196,"IFA Seattle-Tacoma-Bellevue, WA",0.0,no cell in the extract: territory at zero opportunity
ifa_west_merge,96076,ifa,CA,IFA,IFA_07,IFA,,06105,,0657666,"IFA Seattle-Tacoma-Bellevue, WA",0.0,no cell in the extract: territory at zero opportunity
ifa_west_merge,96078,ifa,CA,IFA,IFA_07,IFA,,06103,39780,0658814,"IFA Seattle-Tacoma-Bellevue, WA",0.0,no cell in the extract: territory at zero opportunity
ifa_west_merge,96080,ifa,CA,IFA,IFA_07,IFA,,06103,39780,0659892,"IFA Seattle-Tacoma-Bellevue, WA",0.0,no cell in the extract: territory at zero opportunity
ifa_west_merge,96084,ifa,CA,IFA,IFA_07,IFA,,06089,39820,0663134,"IFA Seattle-Tacoma-Bellevue, WA",0.0,no cell in the extract: territory at zero opportunity
ifa_west_merge,96085,ifa,CA,IFA,IFA_07,IFA,,06093,,,"IFA Seattle-Tacoma-Bellevue, WA",0.0,no cell in the extract: territory at zero opportunity
ifa_west_merge,96086,ifa,CA,IFA,IFA_07,IFA,,06093,,,"IFA Seattle-Tacoma-Bellevue, WA",0.0,no cell in the extract: territory at zero opportunity
ifa_west_merge,96087,ifa,CA,IFA,IFA_07,IFA,,06089,39820,0671218,"IFA Seattle-Tacoma-Bellevue, WA",0.0,no cell in the extract: territory at zero opportunity
ifa_west_merge,96088,ifa,CA,IFA,IFA_07,IFA,,06089,39820,0671568,"IFA Seattle-Tacoma-Bellevue, WA",0.0,no cell in the extract: territory at zero opportunity
ifa_west_merge,96090,ifa,CA,IFA,IFA_07,IFA,,06103,39780,0678106,"IFA Seattle-Tacoma-Bellevue, WA",0.0,no cell in the extract: territory at zero opportunity
ifa_west_merge,96091,ifa,CA,IFA,IFA_07,IFA,,06105,,0614406,"IFA Seattle-Tacoma-Bellevue, WA",0.0,no cell in the extract: territory at zero opportunity
ifa_west_merge,96092,ifa,CA,IFA,IFA_07,IFA,,06103,39780,0682786,"IFA Seattle-Tacoma-Bellevue, WA",0.0,no cell in the extract: territory at zero opportunity
ifa_west_merge,96093,ifa,CA,IFA,IFA_07,IFA,,06105,,0683794,"IFA Seattle-Tacoma-Bellevue, WA",0.0,no cell in the extract: territory at zero opportunity
ifa_west_merge,96094,ifa,CA,IFA,IFA_07,IFA,,06093,,0683850,"IFA Seattle-Tacoma-Bellevue, WA",0.0,no cell in the extract: territory at zero opportunity
ifa_west_merge,96096,ifa,CA,IFA,IFA_07,IFA,,06089,39820,0685250,"IFA Seattle-Tacoma-Bellevue, WA",0.0,no cell in the extract: territory at zero opportunity
ifa_west_merge,96097,ifa,CA,IFA,IFA_07,IFA,,06093,,0686944,"IFA Seattle-Tacoma-Bellevue, WA",0.0,no cell in the extract: territory at zero opportunity
ifa_west_merge,96101,ifa,CA,IFA,IFA_07,IFA,,06049,,0609834,"IFA Seattle-Tacoma-Bellevue, WA",0.0,no cell in the extract: territory at zero opportunity
ifa_west_merge,96103,ifa,CA,IFA,IFA_07,IFA,,06063,,0637512,"IFA Seattle-Tacoma-Bellevue, WA",0.0,no cell in the extract: territory at zero opportunity
ifa_west_merge,96104,ifa,CA,IFA,IFA_07,IFA,,06049,,0612328,"IFA Seattle-Tacoma-Bellevue, WA",0.0,no cell in the extract: territory at zero opportunity
ifa_west_merge,96105,ifa,CA,IFA,IFA_07,IFA,,06063,,0613077,"IFA Seattle-Tacoma-Bellevue, WA",0.0,no cell in the extract: territory at zero opportunity
ifa_west_merge,96106,ifa,CA,IFA,IFA_07,IFA,,06063,,0630339,"IFA Seattle-Tacoma-Bellevue, WA",0.0,no cell in the extract: territory at zero opportunity
ifa_west_merge,96107,ifa,CA,IFA,IFA_06,IFA,,06051,,0614484,"IFA San Francisco-Oakland-Fremont, CA",0.0,no cell in the extract: territory at zero opportunity
ifa_west_merge,96108,ifa,CA,IFA,IFA_07,IFA,,06049,,,"IFA Seattle-Tacoma-Bellevue, WA",0.0,no cell in the extract: territory at zero opportunity
ifa_west_merge,96109,ifa,CA,IFA,IFA_07,IFA,,06035,45000,0619878,"IFA Seattle-Tacoma-Bellevue, WA",0.0,no cell in the extract: territory at zero opportunity
ifa_west_merge,96110,ifa,CA,IFA,IFA_07,IFA,,06049,,0620424,"IFA Seattle-Tacoma-Bellevue, WA",0.0,no cell in the extract: territory at zero opportunity
ifa_west_merge,96111,ifa,CA,IFA,IFA_06,IFA,,06057,46020,0624526,"IFA San Francisco-Oakland-Fremont, CA",0.0,no cell in the extract: territory at zero opportunity
ifa_west_merge,96112,ifa,CA,IFA,IFA_07,IFA,,06049,,0625030,"IFA Seattle-Tacoma-Bellevue, WA",0.0,no cell in the extract: territory at zero opportunity
ifa_west_merge,96113,ifa,CA,IFA,IFA_07,IFA,,06035,45000,0656140,"IFA Seattle-Tacoma-Bellevue, WA",0.0,no cell in the extract: territory at zero opportunity
ifa_west_merge,96114,ifa,CA,IFA,IFA_07,IFA,,06035,45000,0637134,"IFA Seattle-Tacoma-Bellevue, WA",0.0,no cell in the extract: territory at zero opportunity
ifa_west_merge,96115,ifa,CA,IFA,IFA_07,IFA,,06049,,0639472,"IFA Seattle-Tacoma-Bellevue, WA",0.0,no cell in the extract: territory at zero opportunity
ifa_west_merge,96116,ifa,CA,IFA,IFA_07,IFA,,06049,,0641390,"IFA Seattle-Tacoma-Bellevue, WA",0.0,no cell in the extract: territory at zero opportunity
ifa_west_merge,96117,ifa,CA,IFA,IFA_07,IFA,,06035,45000,0641782,"IFA Seattle-Tacoma-Bellevue, WA",0.0,no cell in the extract: territory at zero opportunity
ifa_west_merge,96118,ifa,CA,IFA,IFA_07,IFA,,06091,,0671774,"IFA Seattle-Tacoma-Bellevue, WA",0.0,no cell in the extract: territory at zero opportunity
ifa_west_merge,96119,ifa,CA,IFA,IFA_07,IFA,,06035,45000,0645008,"IFA Seattle-Tacoma-Bellevue, WA",0.0,no cell in the extract: territory at zero opportunity
ifa_west_merge,96120,ifa,CA,IFA,IFA_06,IFA,,06003,23820,0645988,"IFA San Francisco-Oakland-Fremont, CA",0.0,no cell in the extract: territory at zero opportunity
ifa_west_merge,96121,ifa,CA,IFA,IFA_07,IFA,,06035,45000,0647472,"IFA Seattle-Tacoma-Bellevue, WA",0.0,no cell in the extract: territory at zero opportunity
ifa_west_merge,96122,ifa,CA,IFA,IFA_07,IFA,,06063,,0604772,"IFA Seattle-Tacoma-Bellevue, WA",0.0,no cell in the extract: territory at zero opportunity
ifa_west_merge,96123,ifa,CA,IFA,IFA_07,IFA,,06035,45000,,"IFA Seattle-Tacoma-Bellevue, WA",0.0,no cell in the extract: territory at zero opportunity
ifa_west_merge,96124,ifa,CA,IFA,IFA_07,IFA,,06091,,0670336,"IFA Seattle-Tacoma-Bellevue, WA",0.0,no cell in the extract: territory at zero opportunity
ifa_west_merge,96125,ifa,CA,IFA,IFA_07,IFA,,06091,,0671778,"IFA Seattle-Tacoma-Bellevue, WA",0.0,no cell in the extract: territory at zero opportunity
ifa_west_merge,96126,ifa,CA,IFA,IFA_07,IFA,,06091,,0671848,"IFA Seattle-Tacoma-Bellevue, WA",0.0,no cell in the extract: territory at zero opportunity
ifa_west_merge,96128,ifa,CA,IFA,IFA_07,IFA,,06035,45000,,"IFA Seattle-Tacoma-Bellevue, WA",0.0,no cell in the extract: territory at zero opportunity
ifa_west_merge,96129,ifa,CA,IFA,IFA_07,IFA,,06063,,0604772,"IFA Seattle-Tacoma-Bellevue, WA",0.0,no cell in the extract: territory at zero opportunity
ifa_west_merge,96130,ifa,CA,IFA,IFA_07,IFA,,06035,45000,0637484,"IFA Seattle-Tacoma-Bellevue, WA",0.0,no cell in the extract: territory at zero opportunity
ifa_west_merge,96132,ifa,CA,IFA,IFA_07,IFA,,06035,45000,,"IFA Seattle-Tacoma-Bellevue, WA",0.0,no cell in the extract: territory at zero opportunity
ifa_west_merge,96133,ifa,CA,IFA,IFA_06,IFA,,06051,,0679030,"IFA San Francisco-Oakland-Fremont, CA",0.0,no cell in the extract: territory at zero opportunity
ifa_west_merge,96134,ifa,CA,IFA,IFA_07,IFA,,06049,,0651042,"IFA Seattle-Tacoma-Bellevue, WA",0.0,no cell in the extract: territory at zero opportunity
ifa_west_merge,96135,ifa,CA,IFA,IFA_07,IFA,,06063,,0613077,"IFA Seattle-Tacoma-Bellevue, WA",0.0,no cell in the extract: territory at zero opportunity
ifa_west_merge,96136,ifa,CA,IFA,IFA_07,IFA,,06035,45000,,"IFA Seattle-Tacoma-Bellevue, WA",0.0,no cell in the extract: territory at zero opportunity
ifa_west_merge,96137,ifa,CA,IFA,IFA_07,IFA,,06035,45000,0684928,"IFA Seattle-Tacoma-Bellevue, WA",0.0,no cell in the extract: territory at zero opportunity
ifa_west_merge,96140,ifa,CA,IFA,IFA_06,IFA,,06061,40900,0611418,"IFA San Francisco-Oakland-Fremont, CA",0.0,no cell in the extract: territory at zero opportunity
ifa_west_merge,96141,ifa,CA,IFA,IFA_06,IFA,,06061,40900,0677728,"IFA San Francisco-Oakland-Fremont, CA",0.0,no cell in the extract: territory at zero opportunity
ifa_west_merge,96142,ifa,CA,IFA,IFA_06,IFA,,06017,40900,0677728,"IFA San Francisco-Oakland-Fremont, CA",0.0,no cell in the extract: territory at zero opportunity
ifa_west_merge,96143,ifa,CA,IFA,IFA_06,IFA,,06061,40900,0638548,"IFA San Francisco-Oakland-Fremont, CA",0.0,no cell in the extract: territory at zero opportunity
ifa_west_merge,96145,ifa,CA,IFA,IFA_06,IFA,,06061,40900,0676015,"IFA San Francisco-Oakland-Fremont, CA",0.0,no cell in the extract: territory at zero opportunity
ifa_west_merge,96146,ifa,CA,IFA,IFA_06,IFA,,06061,40900,,"IFA San Francisco-Oakland-Fremont, CA",0.0,no cell in the extract: territory at zero opportunity
ifa_west_merge,96148,ifa,CA,IFA,IFA_06,IFA,,06061,40900,0677700,"IFA San Francisco-Oakland-Fremont, CA",0.0,no cell in the extract: territory at zero opportunity
ifa_west_merge,96150,ifa,CA,IFA,IFA_06,IFA,,06017,40900,0673108,"IFA San Francisco-Oakland-Fremont, CA",0.620504,
ifa_west_merge,96155,ifa,CA,IFA,IFA_06,IFA,,06017,40900,,"IFA San Francisco-Oakland-Fremont, CA",0.0,no cell in the extract: territory at zero opportunity
ifa_west_merge,96161,ifa,CA,IFA,IFA_06,IFA,,06057,46020,0680588,"IFA San Francisco-Oakland-Fremont, CA",1.0321,
ifa_west_merge,97001,ifa,OR,IFA,IFA_07,IFA,,41065,45520,4102250,"IFA Seattle-Tacoma-Bellevue, WA",0.0,no cell in the extract: territory at zero opportunity
ifa_west_merge,97002,ifa,OR,IFA,IFA_07,IFA,,41047,41420,4110100,"IFA Seattle-Tacoma-Bellevue, WA",0.0,no cell in the extract: territory at zero opportunity
ifa_west_merge,97003,ifa,OR,IFA,IFA_07,IFA,,41067,38900,4101650,"IFA Seattle-Tacoma-Bellevue, WA",0.0,no cell in the extract: territory at zero opportunity
ifa_west_merge,97004,ifa,OR,IFA,IFA_07,IFA,,41005,38900,4105250,"IFA Seattle-Tacoma-Bellevue, WA",0.0,no cell in the extract: territory at zero opportunity
ifa_west_merge,97005,ifa,OR,IFA,IFA_07,IFA,,41067,38900,4105350,"IFA Seattle-Tacoma-Bellevue, WA",6.87538,
ifa_west_merge,97006,ifa,OR,IFA,IFA_07,IFA,,41067,38900,4105350,"IFA Seattle-Tacoma-Bellevue, WA",1.80593,
ifa_west_merge,97007,ifa,OR,IFA,IFA_07,IFA,,41067,38900,4105350,"IFA Seattle-Tacoma-Bellevue, WA",0.124303,
ifa_west_merge,97008,ifa,OR,IFA,IFA_07,IFA,,41067,38900,4105350,"IFA Seattle-Tacoma-Bellevue, WA",0.215289,
ifa_west_merge,97009,ifa,OR,IFA,IFA_07,IFA,,41005,38900,4107550,"IFA Seattle-Tacoma-Bellevue, WA",0.0,no cell in the extract: territory at zero opportunity
ifa_west_merge,97011,ifa,OR,IFA,IFA_07,IFA,,41005,38900,4150236,"IFA Seattle-Tacoma-Bellevue, WA",0.0,no cell in the extract: territory at zero opportunity
ifa_west_merge,97013,ifa,OR,IFA,IFA_07,IFA,,41005,38900,4110750,"IFA Seattle-Tacoma-Bellevue, WA",1.58797,
ifa_west_merge,97014,ifa,OR,IFA,IFA_07,IFA,,41027,26220,4111600,"IFA Seattle-Tacoma-Bellevue, WA",0.0,no cell in the extract: territory at zero opportunity
ifa_west_merge,97015,ifa,OR,IFA,IFA_07,IFA,,41005,38900,4132050,"IFA Seattle-Tacoma-Bellevue, WA",10.0298,
ifa_west_merge,97016,ifa,OR,IFA,IFA_07,IFA,,41009,38900,4113750,"IFA Seattle-Tacoma-Bellevue, WA",0.0,no cell in the extract: territory at zero opportunity
ifa_west_merge,97017,ifa,OR,IFA,IFA_07,IFA,,41005,38900,,"IFA Seattle-Tacoma-Bellevue, WA",0.0,no cell in the extract: territory at zero opportunity
ifa_west_merge,97018,ifa,OR,IFA,IFA_07,IFA,,41009,38900,4114750,"IFA Seattle-Tacoma-Bellevue, WA",0.0,no cell in the extract: territory at zero opportunity
ifa_west_merge,97019,ifa,OR,IFA,IFA_07,IFA,,41051,38900,,"IFA Seattle-Tacoma-Bellevue, WA",0.0,no cell in the extract: territory at zero opportunity
ifa_west_merge,97020,ifa,OR,IFA,IFA_07,IFA,,41047,41420,4120100,"IFA Seattle-Tacoma-Bellevue, WA",0.0,no cell in the extract: territory at zero opportunity
ifa_west_merge,97021,ifa,OR,IFA,IFA_07,IFA,,41065,45520,4120900,"IFA Seattle-Tacoma-Bellevue, WA",0.0,no cell in the extract: territory at zero opportunity
ifa_west_merge,97022,ifa,OR,IFA,IFA_07,IFA,,41005,38900,,"IFA Seattle-Tacoma-Bellevue, WA",0.0,no cell in the extract: territory at zero opportunity
ifa_west_merge,97023,ifa,OR,IFA,IFA_07,IFA,,41005,38900,4123800,"IFA Seattle-Tacoma-Bellevue, WA",0.0,no cell in the extract: territory at zero opportunity
ifa_west_merge,97024,ifa,OR,IFA,IFA_07,IFA,,41051,38900,4124250,"IFA Seattle-Tacoma-Bellevue, WA",0.0,no cell in the extract: territory at zero opportunity
ifa_west_merge,97026,ifa,OR,IFA,IFA_07,IFA,,41047,41420,4128650,"IFA Seattle-Tacoma-Bellevue, WA",0.0,no cell in the extract: territory at zero opportunity
ifa_west_merge,97027,ifa,OR,IFA,IFA_07,IFA,,41005,38900,4129000,"IFA Seattle-Tacoma-Bellevue, WA",0.0,no cell in the extract: territory at zero opportunity
ifa_west_merge,97028,ifa,OR,IFA,IFA_07,IFA,,41005,38900,4130250,"IFA Seattle-Tacoma-Bellevue, WA",0.0,no cell in the extract: territory at zero opportunity
ifa_west_merge,97029,ifa,OR,IFA,IFA_07,IFA,,41055,,4130650,"IFA Seattle-Tacoma-Bellevue, WA",0.0,no cell in the extract: territory at zero opportunity
ifa_west_merge,97030,ifa,OR,IFA,IFA_07,IFA,,41051,38900,4131250,"IFA Seattle-Tacoma-Bellevue, WA",0.621347,
ifa_west_merge,97031,ifa,OR,IFA,IFA_07,IFA,,41027,26220,4134900,"IFA Seattle-Tacoma-Bellevue, WA",0.0,no cell in the extract: territory at zero opportunity
ifa_west_merge,97032,ifa,OR,IFA,IFA_07,IFA,,41047,41420,4135450,"IFA Seattle-Tacoma-Bellevue, WA",0.0,no cell in the extract: territory at zero opportunity
ifa_west_merge,97033,ifa,OR,IFA,IFA_07,IFA,,41055,,,"IFA Seattle-Tacoma-Bellevue, WA",0.0,no cell in the extract: territory at zero opportunity
ifa_west_merge,97034,ifa,OR,IFA,IFA_07,IFA,,41005,38900,4140550,"IFA Seattle-Tacoma-Bellevue, WA",6.98174,
ifa_west_merge,97035,ifa,OR,IFA,IFA_07,IFA,,41005,38900,4140550,"IFA Seattle-Tacoma-Bellevue, WA",42.1728,
ifa_west_merge,97037,ifa,OR,IFA,IFA_07,IFA,,41065,45520,4157850,"IFA Seattle-Tacoma-Bellevue, WA",0.0,no cell in the extract: territory at zero opportunity
ifa_west_merge,97038,ifa,OR,IFA,IFA_07,IFA,,41005,38900,4149450,"IFA Seattle-Tacoma-Bellevue, WA",0.0,no cell in the extract: territory at zero opportunity
ifa_west_merge,97039,ifa,OR,IFA,IFA_07,IFA,,41055,,4150000,"IFA Seattle-Tacoma-Bellevue, WA",0.0,no cell in the extract: territory at zero opportunity
ifa_west_merge,97040,ifa,OR,IFA,IFA_07,IFA,,41065,45520,4150050,"IFA Seattle-Tacoma-Bellevue, WA",0.0,no cell in the extract: territory at zero opportunity
ifa_west_merge,97041,ifa,OR,IFA,IFA_07,IFA,,41027,26220,4150200,"IFA Seattle-Tacoma-Bellevue, WA",0.0,no cell in the extract: territory at zero opportunity
ifa_west_merge,97042,ifa,OR,IFA,IFA_07,IFA,,41005,38900,4150450,"IFA Seattle-Tacoma-Bellevue, WA",0.0,no cell in the extract: territory at zero opportunity
ifa_west_merge,97045,ifa,OR,IFA,IFA_07,IFA,,41005,38900,4155200,"IFA Seattle-Tacoma-Bellevue, WA",0.247312,
ifa_west_merge,97048,ifa,OR,IFA,IFA_07,IFA,,41009,38900,4160850,"IFA Seattle-Tacoma-Bellevue, WA",0.0,no cell in the extract: territory at zero opportunity
ifa_west_merge,97049,ifa,OR,IFA,IFA_07,IFA,,41005,38900,4161550,"IFA Seattle-Tacoma-Bellevue, WA",0.0,no cell in the extract: territory at zero opportunity
ifa_west_merge,97050,ifa,OR,IFA,IFA_07,IFA,,41055,,4164200,"IFA Seattle-Tacoma-Bellevue, WA",0.0,no cell in the extract: territory at zero opportunity
ifa_west_merge,97051,ifa,OR,IFA,IFA_07,IFA,,41009,38900,4164600,"IFA Seattle-Tacoma-Bellevue, WA",0.0,no cell in the extract: territory at zero opportunity
ifa_west_merge,97053,ifa,OR,IFA,IFA_07,IFA,,41009,38900,4178800,"IFA Seattle-Tacoma-Bellevue, WA",0.0,no cell in the extract: territory at zero opportunity
ifa_west_merge,97054,ifa,OR,IFA,IFA_07,IFA,,41009,38900,4118450,"IFA Seattle-Tacoma-Bellevue, WA",0.0,no cell in the extract: territory at zero opportunity
ifa_west_merge,97055,ifa,OR,IFA,IFA_07,IFA,,41005,38900,4150236,"IFA Seattle-Tacoma-Bellevue, WA",0.119318,
ifa_west_merge,97056,ifa,OR,IFA,IFA_07,IFA,,41009,38900,4165500,"IFA Seattle-Tacoma-Bellevue, WA",1.58703,
ifa_west_merge,97057,ifa,OR,IFA,IFA_07,IFA,,41065,45520,4166700,"IFA Seattle-Tacoma-Bellevue, WA",0.0,no cell in the extract: territory at zero opportunity
ifa_west_merge,97058,ifa,OR,IFA,IFA_07,IFA,,41065,45520,4172950,"IFA Seattle-Tacoma-Bellevue, WA",0.0,no cell in the extract: territory at zero opportunity
ifa_west_merge,97060,ifa,OR,IFA,IFA_07,IFA,,41051,38900,4174850,"IFA Seattle-Tacoma-Bellevue, WA",0.0,no cell in the extract: territory at zero opportunity
ifa_west_merge,97062,ifa,OR,IFA,IFA_07,IFA,,41067,38900,4174950,"IFA Seattle-Tacoma-Bellevue, WA",0.139204,
ifa_west_merge,97063,ifa,OR,IFA,IFA_07,IFA,,41065,45520,4175500,"IFA Seattle-Tacoma-Bellevue, WA",0.0,no cell in the extract: territory at zero opportunity
ifa_west_merge,97064,ifa,OR,IFA,IFA_07,IFA,,41009,38900,4177250,"IFA Seattle-Tacoma-Bellevue, WA",0.0,no cell in the extract: territory at zero opportunity
ifa_west_merge,97065,ifa,OR,IFA,IFA_07,IFA,,41055,,4178950,"IFA Seattle-Tacoma-Bellevue, WA",0.0,no cell in the extract: territory at zero opportunity
ifa_west_merge,97067,ifa,OR,IFA,IFA_07,IFA,,41005,38900,4150236,"IFA Seattle-Tacoma-Bellevue, WA",0.0,no cell in the extract: territory at zero opportunity
ifa_west_merge,97068,ifa,OR,IFA,IFA_07,IFA,,41005,38900,4180150,"IFA Seattle-Tacoma-Bellevue, WA",9.60778,
ifa_west_merge,97070,ifa,OR,IFA,IFA_07,IFA,,41005,38900,4182800,"IFA Seattle-Tacoma-Bellevue, WA",0.452434,
ifa_west_merge,97071,ifa,OR,IFA,IFA_07,IFA,,41047,41420,4183750,"IFA Seattle-Tacoma-Bellevue, WA",1.17934,
ifa_west_merge,97078,ifa,OR,IFA,IFA_07,IFA,,41067,38900,4101650,"IFA Seattle-Tacoma-Bellevue, WA",0.0,no cell in the extract: territory at zero opportunity
ifa_west_merge,97080,ifa,OR,IFA,IFA_07,IFA,,41051,38900,4131250,"IFA Seattle-Tacoma-Bellevue, WA",0.0,no cell in the extract: territory at zero opportunity
ifa_west_merge,97086,ifa,OR,IFA,IFA_07,IFA,,41005,38900,4132050,"IFA Seattle-Tacoma-Bellevue, WA",0.0,no cell in the extract: territory at zero opportunity
ifa_west_merge,97089,ifa,OR,IFA,IFA_07,IFA,,41005,38900,4117800,"IFA Seattle-Tacoma-Bellevue, WA",0.0,no cell in the extract: territory at zero opportunity
ifa_west_merge,97101,ifa,OR,IFA,IFA_07,IFA,,41071,38900,4102000,"IFA Seattle-Tacoma-Bellevue, WA",0.0,no cell in the extract: territory at zero opportunity
ifa_west_merge,97102,ifa,OR,IFA,IFA_07,IFA,,41007,11820,,"IFA Seattle-Tacoma-Bellevue, WA",0.0,no cell in the extract: territory at zero opportunity
ifa_west_merge,97103,ifa,OR,IFA,IFA_07,IFA,,41007,11820,4103150,"IFA Seattle-Tacoma-Bellevue, WA",3.30766,
ifa_west_merge,97106,ifa,OR,IFA,IFA_07,IFA,,41067,38900,4103850,"IFA Seattle-Tacoma-Bellevue, WA",0.0,no cell in the extract: territory at zero opportunity
ifa_west_merge,97107,ifa,OR,IFA,IFA_07,IFA,,41057,,4104800,"IFA Seattle-Tacoma-Bellevue, WA",0.0,no cell in the extract: territory at zero opportunity
ifa_west_merge,97108,ifa,OR,IFA,IFA_07,IFA,,41057,,4105200,"IFA Seattle-Tacoma-Bellevue, WA",0.0,no cell in the extract: territory at zero opportunity
ifa_west_merge,97109,ifa,OR,IFA,IFA_07,IFA,,41067,38900,,"IFA Seattle-Tacoma-Bellevue, WA",0.0,no cell in the extract: territory at zero opportunity
ifa_west_merge,97110,ifa,OR,IFA,IFA_07,IFA,,41007,11820,4110850,"IFA Seattle-Tacoma-Bellevue, WA",0.0,no cell in the extract: territory at zero opportunity
ifa_west_merge,97111,ifa,OR,IFA,IFA_07,IFA,,41071,38900,4111150,"IFA Seattle-Tacoma-Bellevue, WA",0.311247,
ifa_west_merge,97112,ifa,OR,IFA,IFA_07,IFA,,41057,,4156150,"IFA Seattle-Tacoma-Bellevue, WA",0.0,no cell in the extract: territory at zero opportunity
ifa_west_merge,97113,ifa,OR,IFA,IFA_07,IFA,,41067,38900,4115550,"IFA Seattle-Tacoma-Bellevue, WA",0.0,no cell in the extract: territory at zero opportunity
ifa_west_merge,97114,ifa,OR,IFA,IFA_07,IFA,,41071,38900,4118250,"IFA Seattle-Tacoma-Bellevue, WA",0.0,no cell in the extract: territory at zero opportunity
ifa_west_merge,97115,ifa,OR,IFA,IFA_07,IFA,,41071,38900,4121050,"IFA Seattle-Tacoma-Bellevue, WA",0.0,no cell in the extract: territory at zero opportunity
ifa_west_merge,97116,ifa,OR,IFA,IFA_07,IFA,,41067,38900,4126200,"IFA Seattle-Tacoma-Bellevue, WA",0.0,no cell in the extract: territory at zero opportunity
ifa_west_merge,97117,ifa,OR,IFA,IFA_07,IFA,,41067,38900,,"IFA Seattle-Tacoma-Bellevue, WA",0.570094,
ifa_west_merge,97118,ifa,OR,IFA,IFA_07,IFA,,41057,,4128000,"IFA Seattle-Tacoma-Bellevue, WA",0.0,no cell in the extract: territory at zero opportunity
ifa_west_merge,97119,ifa,OR,IFA,IFA_07,IFA,,41067,38900,4112850,"IFA Seattle-Tacoma-Bellevue, WA",0.0,no cell in the extract: territory at zero opportunity
ifa_west_merge,97121,ifa,OR,IFA,IFA_07,IFA,,41007,11820,4178900,"IFA Seattle-Tacoma-Bellevue, WA",0.0,no cell in the extract: territory at zero opportunity
ifa_west_merge,97122,ifa,OR,IFA,IFA_07,IFA,,41057,,4133100,"IFA Seattle-Tacoma-Bellevue, WA",0.0,no cell in the extract: territory at zero opportunity
ifa_west_merge,97123,ifa,OR,IFA,IFA_07,IFA,,41067,38900,4134100,"IFA Seattle-Tacoma-Bellevue, WA",0.00493179,
ifa_west_merge,97124,ifa,OR,IFA,IFA_07,IFA,,41067,38900,4134100,"IFA Seattle-Tacoma-Bellevue, WA",0.0,no cell in the extract: territory at zero opportunity
ifa_west_merge,97125,ifa,OR,IFA,IFA_07,IFA,,41067,38900,,"IFA Seattle-Tacoma-Bellevue, WA",0.0,no cell in the extract: territory at zero opportunity
ifa_west_merge,97127,ifa,OR,IFA,IFA_07,IFA,,41071,38900,4140300,"IFA Seattle-Tacoma-Bellevue, WA",0.0,no cell in the extract: territory at zero opportunity
ifa_west_merge,97128,ifa,OR,IFA,IFA_07,IFA,,41071,38900,4145000,"IFA Seattle-Tacoma-Bellevue, WA",0.00047727,
ifa_west_merge,97130,ifa,OR,IFA,IFA_07,IFA,,41057,,4145700,"IFA Seattle-Tacoma-Bellevue, WA",0.0,no cell in the extract: territory at zero opportunity
ifa_west_merge,97131,ifa,OR,IFA,IFA_07,IFA,,41057,,4104925,"IFA Seattle-Tacoma-Bellevue, WA",0.0,no cell in the extract: territory at zero opportunity
ifa_west_merge,97132,ifa,OR,IFA,IFA_07,IFA,,41071,38900,4152100,"IFA Seattle-Tacoma-Bellevue, WA",2.57124,
ifa_west_merge,97133,ifa,OR,IFA,IFA_07,IFA,,41067,38900,4153150,"IFA Seattle-Tacoma-Bellevue, WA",0.0,no cell in the extract: territory at zero opportunity
ifa_west_merge,97134,ifa,OR,IFA,IFA_07,IFA,,41057,,4154450,"IFA Seattle-Tacoma-Bellevue, WA",0.0,no cell in the extract: territory at zero opportunity
ifa_west_merge,97135,ifa,OR,IFA,IFA_07,IFA,,41057,,4156150,"IFA Seattle-Tacoma-Bellevue, WA",0.0,no cell in the extract: territory at zero opportunity
ifa_west_merge,97136,ifa,OR,IFA,IFA_07,IFA,,41057,,4162900,"IFA Seattle-Tacoma-Bellevue, WA",0.0,no cell in the extract: territory at zero opportunity
ifa_west_merge,97137,ifa,OR,IFA,IFA_07,IFA,,41047,41420,4164850,"IFA Seattle-Tacoma-Bellevue, WA",0.0,no cell in the extract: territory at zero opportunity
ifa_west_merge,97138,ifa,OR,IFA,IFA_07,IFA,,41007,11820,4165950,"IFA Seattle-Tacoma-Bellevue, WA",0.0,no cell in the extract: territory at zero opportunity
ifa_west_merge,97140,ifa,OR,IFA,IFA_07,IFA,,41067,38900,4167100,"IFA Seattle-Tacoma-Bellevue, WA",0.0400637,
ifa_west_merge,97141,ifa,OR,IFA,IFA_07,IFA,,41057,,4111050,"IFA Seattle-Tacoma-Bellevue, WA",0.000397725,
ifa_west_merge,97144,ifa,OR,IFA,IFA_07,IFA,,41067,38900,,"IFA Seattle-Tacoma-Bellevue, WA",0.0,no cell in the extract: territory at zero opportunity
ifa_west_merge,97145,ifa,OR,IFA,IFA_07,IFA,,41007,11820,4110850,"IFA Seattle-Tacoma-Bellevue, WA",0.0,no cell in the extract: territory at zero opportunity
ifa_west_merge,97146,ifa,OR,IFA,IFA_07,IFA,,41007,11820,4178900,"IFA Seattle-Tacoma-Bellevue, WA",0.0,no cell in the extract: territory at zero opportunity
ifa_west_merge,97147,ifa,OR,IFA,IFA_07,IFA,,41057,,4181300,"IFA Seattle-Tacoma-Bellevue, WA",0.0,no cell in the extract: territory at zero opportunity
ifa_west_merge,97148,ifa,OR,IFA,IFA_07,IFA,,41071,38900,4184250,"IFA Seattle-Tacoma-Bellevue, WA",0.0,no cell in the extract: territory at zero opportunity
ifa_west_merge,97149,ifa,OR,IFA,IFA_07,IFA,,41057,,4152000,"IFA Seattle-Tacoma-Bellevue, WA",0.0,no cell in the extract: territory at zero opportunity
ifa_west_merge,97201,ifa,OR,IFA,IFA_07,IFA,,41051,38900,4159000,"IFA Seattle-Tacoma-Bellevue, WA",1.86427,
ifa_west_merge,97202,ifa,OR,IFA,IFA_07,IFA,,41051,38900,4159000,"IFA Seattle-Tacoma-Bellevue, WA",0.00190908,
ifa_west_merge,97203,ifa,OR,IFA,IFA_07,IFA,,41051,38900,4159000,"IFA Seattle-Tacoma-Bellevue, WA",0.0,no cell in the extract: territory at zero opportunity
ifa_west_merge,97204,ifa,OR,IFA,IFA_07,IFA,,41051,38900,4159000,"IFA Seattle-Tacoma-Bellevue, WA",0.0,no cell in the extract: territory at zero opportunity
ifa_west_merge,97205,ifa,OR,IFA,IFA_07,IFA,,41051,38900,4159000,"IFA Seattle-Tacoma-Bellevue, WA",0.784154,
ifa_west_merge,97206,ifa,OR,IFA,IFA_07,IFA,,41051,38900,4159000,"IFA Seattle-Tacoma-Bellevue, WA",0.0,no cell in the extract: territory at zero opportunity
ifa_west_merge,97208,ifa,OR,IFA,IFA_07,IFA,,41051,38900,4159000,"IFA Seattle-Tacoma-Bellevue, WA",0.224794,
ifa_west_merge,97209,ifa,OR,IFA,IFA_07,IFA,,41051,38900,4159000,"IFA Seattle-Tacoma-Bellevue, WA",0.00238635,
ifa_west_merge,97210,ifa,OR,IFA,IFA_07,IFA,,41051,38900,4159000,"IFA Seattle-Tacoma-Bellevue, WA",0.175881,
ifa_west_merge,97211,ifa,OR,IFA,IFA_07,IFA,,41051,38900,4159000,"IFA Seattle-Tacoma-Bellevue, WA",0.274082,
ifa_west_merge,97212,ifa,OR,IFA,IFA_07,IFA,,41051,38900,4159000,"IFA Seattle-Tacoma-Bellevue, WA",0.0,no cell in the extract: territory at zero opportunity
ifa_west_merge,97213,ifa,OR,IFA,IFA_07,IFA,,41051,38900,4159000,"IFA Seattle-Tacoma-Bellevue, WA",0.0,no cell in the extract: territory at zero opportunity
ifa_west_merge,97214,ifa,OR,IFA,IFA_07,IFA,,41051,38900,4159000,"IFA Seattle-Tacoma-Bellevue, WA",0.604543,
ifa_west_merge,97215,ifa,OR,IFA,IFA_07,IFA,,41051,38900,4159000,"IFA Seattle-Tacoma-Bellevue, WA",0.0,no cell in the extract: territory at zero opportunity
ifa_west_merge,97216,ifa,OR,IFA,IFA_07,IFA,,41051,38900,4159000,"IFA Seattle-Tacoma-Bellevue, WA",0.0864929,
ifa_west_merge,97217,ifa,OR,IFA,IFA_07,IFA,,41051,38900,4159000,"IFA Seattle-Tacoma-Bellevue, WA",0.0,no cell in the extract: territory at zero opportunity
ifa_west_merge,97218,ifa,OR,IFA,IFA_07,IFA,,41051,38900,4159000,"IFA Seattle-Tacoma-Bellevue, WA",0.0,no cell in the extract: territory at zero opportunity
ifa_west_merge,97219,ifa,OR,IFA,IFA_07,IFA,,41051,38900,4159000,"IFA Seattle-Tacoma-Bellevue, WA",0.0,no cell in the extract: territory at zero opportunity
ifa_west_merge,97220,ifa,OR,IFA,IFA_07,IFA,,41051,38900,4159000,"IFA Seattle-Tacoma-Bellevue, WA",0.488536,
ifa_west_merge,97221,ifa,OR,IFA,IFA_07,IFA,,41051,38900,4159000,"IFA Seattle-Tacoma-Bellevue, WA",0.0503691,
ifa_west_merge,97222,ifa,OR,IFA,IFA_07,IFA,,41005,38900,4148650,"IFA Seattle-Tacoma-Bellevue, WA",0.0,no cell in the extract: territory at zero opportunity
ifa_west_merge,97223,ifa,OR,IFA,IFA_07,IFA,,41067,38900,4173650,"IFA Seattle-Tacoma-Bellevue, WA",15.914,
ifa_west_merge,97224,ifa,OR,IFA,IFA_07,IFA,,41067,38900,4173650,"IFA Seattle-Tacoma-Bellevue, WA",2.92923,
ifa_west_merge,97225,ifa,OR,IFA,IFA_07,IFA,,41067,38900,4105350,"IFA Seattle-Tacoma-Bellevue, WA",0.531318,
ifa_west_merge,97227,ifa,OR,IFA,IFA_07,IFA,,41051,38900,4159000,"IFA Seattle-Tacoma-Bellevue, WA",0.0,no cell in the extract: territory at zero opportunity
ifa_west_merge,97229,ifa,OR,IFA,IFA_07,IFA,,41067,38900,4105950,"IFA Seattle-Tacoma-Bellevue, WA",0.159092,
ifa_west_merge,97230,ifa,OR,IFA,IFA_07,IFA,,41051,38900,4159000,"IFA Seattle-Tacoma-Bellevue, WA",0.0,no cell in the extract: territory at zero opportunity
ifa_west_merge,97231,ifa,OR,IFA,IFA_07,IFA,,41051,38900,4159000,"IFA Seattle-Tacoma-Bellevue, WA",1.10551,
ifa_west_merge,97232,ifa,OR,IFA,IFA_07,IFA,,41051,38900,4159000,"IFA Seattle-Tacoma-Bellevue, WA",11.6171,
ifa_west_merge,97233,ifa,OR,IFA,IFA_07,IFA,,41051,38900,4159000,"IFA Seattle-Tacoma-Bellevue, WA",0.0,no cell in the extract: territory at zero opportunity
ifa_west_merge,97236,ifa,OR,IFA,IFA_07,IFA,,41051,38900,4159000,"IFA Seattle-Tacoma-Bellevue, WA",0.230328,
ifa_west_merge,97239,ifa,OR,IFA,IFA_07,IFA,,41051,38900,4159000,"IFA Seattle-Tacoma-Bellevue, WA",5.51277,
ifa_west_merge,97258,ifa,OR,IFA,IFA_07,IFA,,41051,38900,4159000,"IFA Seattle-Tacoma-Bellevue, WA",0.930384,
ifa_west_merge,97266,ifa,OR,IFA,IFA_07,IFA,,41051,38900,4159000,"IFA Seattle-Tacoma-Bellevue, WA",0.0,no cell in the extract: territory at zero opportunity
ifa_west_merge,97267,ifa,OR,IFA,IFA_07,IFA,,41005,38900,4153900,"IFA Seattle-Tacoma-Bellevue, WA",0.426508,
ifa_west_merge,97301,ifa,OR,IFA,IFA_07,IFA,,41047,41420,4164900,"IFA Seattle-Tacoma-Bellevue, WA",0.047727,
ifa_west_merge,97302,ifa,OR,IFA,IFA_07,IFA,,41047,41420,4164900,"IFA Seattle-Tacoma-Bellevue, WA",2.35974,
ifa_west_merge,97303,ifa,OR,IFA,IFA_07,IFA,,41047,41420,4138500,"IFA Seattle-Tacoma-Bellevue, WA",0.0,no cell in the extract: territory at zero opportunity
ifa_west_merge,97304,ifa,OR,IFA,IFA_07,IFA,,41053,41420,4164900,"IFA Seattle-Tacoma-Bellevue, WA",0.0,no cell in the extract: territory at zero opportunity
ifa_west_merge,97305,ifa,OR,IFA,IFA_07,IFA,,41047,41420,4164900,"IFA Seattle-Tacoma-Bellevue, WA",0.0,no cell in the extract: territory at zero opportunity
ifa_west_merge,97306,ifa,OR,IFA,IFA_07,IFA,,41047,41420,4164900,"IFA Seattle-Tacoma-Bellevue, WA",0.276499,
ifa_west_merge,97310,ifa,OR,IFA,IFA_07,IFA,,41047,41420,4164900,"IFA Seattle-Tacoma-Bellevue, WA",0.0,no cell in the extract: territory at zero opportunity
ifa_west_merge,97317,ifa,OR,IFA,IFA_07,IFA,,41047,41420,4164900,"IFA Seattle-Tacoma-Bellevue, WA",0.0,no cell in the extract: territory at zero opportunity
ifa_west_merge,97321,ifa,OR,IFA,IFA_07,IFA,,41043,10540,4101000,"IFA Seattle-Tacoma-Bellevue, WA",0.00429543,
ifa_west_merge,97322,ifa,OR,IFA,IFA_07,IFA,,41043,10540,4101000,"IFA Seattle-Tacoma-Bellevue, WA",2.07207,
ifa_west_merge,97324,ifa,OR,IFA,IFA_07,IFA,,41003,18700,4101800,"IFA Seattle-Tacoma-Bellevue, WA",0.0,no cell in the extract: territory at zero opportunity
ifa_west_merge,97325,ifa,OR,IFA,IFA_07,IFA,,41047,41420,4103250,"IFA Seattle-Tacoma-Bellevue, WA",0.0,no cell in the extract: territory at zero opportunity
ifa_west_merge,97326,ifa,OR,IFA,IFA_07,IFA,,41041,35440,4106950,"IFA Seattle-Tacoma-Bellevue, WA",0.0,no cell in the extract: territory at zero opportunity
ifa_west_merge,97327,ifa,OR,IFA,IFA_07,IFA,,41043,10540,4109050,"IFA Seattle-Tacoma-Bellevue, WA",0.144345,
ifa_west_merge,97329,ifa,OR,IFA,IFA_07,IFA,,41043,10540,4111700,"IFA Seattle-Tacoma-Bellevue, WA",0.0,no cell in the extract: territory at zero opportunity
ifa_west_merge,97330,ifa,OR,IFA,IFA_07,IFA,,41003,18700,4115800,"IFA Seattle-Tacoma-Bellevue, WA",7.30613,
ifa_west_merge,97331,ifa,OR,IFA,IFA_07,IFA,,41003,18700,4115800,"IFA Seattle-Tacoma-Bellevue, WA",0.0,no cell in the extract: territory at zero opportunity
ifa_west_merge,97333,ifa,OR,IFA,IFA_07,IFA,,41003,18700,4115800,"IFA Seattle-Tacoma-Bellevue, WA",0.20288,
ifa_west_merge,97335,ifa,OR,IFA,IFA_07,IFA,,41043,10540,4116350,"IFA Seattle-Tacoma-Bellevue, WA",0.0,no cell in the extract: territory at zero opportunity
ifa_west_merge,97336,ifa,OR,IFA,IFA_07,IFA,,41043,10540,4116650,"IFA Seattle-Tacoma-Bellevue, WA",0.0,no cell in the extract: territory at zero opportunity
ifa_west_merge,97338,ifa,OR,IFA,IFA_07,IFA,,41053,41420,4117700,"IFA Seattle-Tacoma-Bellevue, WA",0.0795451,
ifa_west_merge,97341,ifa,OR,IFA,IFA_07,IFA,,41041,35440,4118850,"IFA Seattle-Tacoma-Bellevue, WA",0.0,no cell in the extract: territory at zero opportunity
ifa_west_merge,97342,ifa,OR,IFA,IFA_07,IFA,,41047,41420,4119100,"IFA Seattle-Tacoma-Bellevue, WA",0.0,no cell in the extract: territory at zero opportunity
ifa_west_merge,97343,ifa,OR,IFA,IFA_07,IFA,,41041,35440,,"IFA Seattle-Tacoma-Bellevue, WA",0.0,no cell in the extract: territory at zero opportunity
ifa_west_merge,97344,ifa,OR,IFA,IFA_07,IFA,,41053,41420,4124550,"IFA Seattle-Tacoma-Bellevue, WA",0.0,no cell in the extract: territory at zero opportunity
ifa_west_merge,97345,ifa,OR,IFA,IFA_07,IFA,,41043,10540,4111700,"IFA Seattle-Tacoma-Bellevue, WA",0.0,no cell in the extract: territory at zero opportunity
ifa_west_merge,97346,ifa,OR,IFA,IFA_07,IFA,,41047,41420,4128200,"IFA Seattle-Tacoma-Bellevue, WA",0.0,no cell in the extract: territory at zero opportunity
ifa_west_merge,97347,ifa,OR,IFA,IFA_07,IFA,,41071,38900,4130300,"IFA Seattle-Tacoma-Bellevue, WA",0.0,no cell in the extract: territory at zero opportunity
ifa_west_merge,97348,ifa,OR,IFA,IFA_07,IFA,,41043,10540,4131750,"IFA Seattle-Tacoma-Bellevue, WA",0.0,no cell in the extract: territory at zero opportunity
ifa_west_merge,97350,ifa,OR,IFA,IFA_07,IFA,,41043,10540,4135800,"IFA Seattle-Tacoma-Bellevue, WA",0.0,no cell in the extract: territory at zero opportunity
ifa_west_merge,97351,ifa,OR,IFA,IFA_07,IFA,,41053,41420,4136150,"IFA Seattle-Tacoma-Bellevue, WA",0.0,no cell in the extract: territory at zero opportunity
ifa_west_merge,97352,ifa,OR,IFA,IFA_07,IFA,,41047,41420,4137250,"IFA Seattle-Tacoma-Bellevue, WA",0.0,no cell in the extract: territory at zero opportunity
ifa_west_merge,97355,ifa,OR,IFA,IFA_07,IFA,,41043,10540,4141650,"IFA Seattle-Tacoma-Bellevue, WA",0.0,no cell in the extract: territory at zero opportunity
ifa_west_merge,97357,ifa,OR,IFA,IFA_07,IFA,,41041,35440,,"IFA Seattle-Tacoma-Bellevue, WA",0.0,no cell in the extract: territory at zero opportunity
ifa_west_merge,97358,ifa,OR,IFA,IFA_07,IFA,,41047,41420,4144300,"IFA Seattle-Tacoma-Bellevue, WA",0.0,no cell in the extract: territory at zero opportunity
ifa_west_merge,97360,ifa,OR,IFA,IFA_07,IFA,,41043,10540,4148150,"IFA Seattle-Tacoma-Bellevue, WA",0.0,no cell in the extract: territory at zero opportunity
ifa_west_merge,97361,ifa,OR,IFA,IFA_07,IFA,,41053,41420,4149550,"IFA Seattle-Tacoma-Bellevue, WA",0.704566,
ifa_west_merge,97362,ifa,OR,IFA,IFA_07,IFA,,41047,41420,4150150,"IFA Seattle-Tacoma-Bellevue, WA",0.0,no cell in the extract: territory at zero opportunity
ifa_west_merge,97364,ifa,OR,IFA,IFA_07,IFA,,41041,35440,4151900,"IFA Seattle-Tacoma-Bellevue, WA",0.0,no cell in the extract: territory at zero opportunity
ifa_west_merge,97365,ifa,OR,IFA,IFA_07,IFA,,41041,35440,4152450,"IFA Seattle-Tacoma-Bellevue, WA",2.14944,
ifa_west_merge,97366,ifa,OR,IFA,IFA_07,IFA,,41041,35440,4152450,"IFA Seattle-Tacoma-Bellevue, WA",0.0,no cell in the extract: territory at zero opportunity
ifa_west_merge,97367,ifa,OR,IFA,IFA_07,IFA,,41041,35440,4142600,"IFA Seattle-Tacoma-Bellevue, WA",0.265164,
ifa_west_merge,97368,ifa,OR,IFA,IFA_07,IFA,,41041,35440,4163800,"IFA Seattle-Tacoma-Bellevue, WA",0.0,no cell in the extract: territory at zero opportunity
ifa_west_merge,97369,ifa,OR,IFA,IFA_07,IFA,,41041,35440,,"IFA Seattle-Tacoma-Bellevue, WA",0.0,no cell in the extract: territory at zero opportunity
ifa_west_merge,97370,ifa,OR,IFA,IFA_07,IFA,,41003,18700,4157450,"IFA Seattle-Tacoma-Bellevue, WA",0.0,no cell in the extract: territory at zero opportunity
ifa_west_merge,97371,ifa,OR,IFA,IFA_07,IFA,,41053,41420,4161800,"IFA Seattle-Tacoma-Bellevue, WA",0.0,no cell in the extract: territory at zero opportunity
ifa_west_merge,97373,ifa,OR,IFA,IFA_07,IFA,,41047,41420,,"IFA Seattle-Tacoma-Bellevue, WA",0.0,no cell in the extract: territory at zero opportunity
ifa_west_merge,97374,ifa,OR,IFA,IFA_07,IFA,,41043,10540,4116350,"IFA Seattle-Tacoma-Bellevue, WA",0.0,no cell in the extract: territory at zero opportunity
ifa_west_merge,97375,ifa,OR,IFA,IFA_07,IFA,,41047,41420,4165800,"IFA Seattle-Tacoma-Bellevue, WA",0.0,no cell in the extract: territory at zero opportunity
ifa_west_merge,97376,ifa,OR,IFA,IFA_07,IFA,,41041,35440,,"IFA Seattle-Tacoma-Bellevue, WA",0.0,no cell in the extract: territory at zero opportunity
ifa_west_merge,97377,ifa,OR,IFA,IFA_07,IFA,,41043,10540,4166900,"IFA Seattle-Tacoma-Bellevue, WA",0.0,no cell in the extract: territory at zero opportunity
ifa_west_merge,97378,ifa,OR,IFA,IFA_07,IFA,,41071,38900,4167050,"IFA Seattle-Tacoma-Bellevue, WA",0.0,no cell in the extract: territory at zero opportunity
ifa_west_merge,97380,ifa,OR,IFA,IFA_07,IFA,,41041,35440,4167500,"IFA Seattle-Tacoma-Bellevue, WA",0.0,no cell in the extract: territory at zero opportunity
ifa_west_merge,97381,ifa,OR,IFA,IFA_07,IFA,,41047,41420,4167650,"IFA Seattle-Tacoma-Bellevue, WA",0.703591,
ifa_west_merge,97383,ifa,OR,IFA,IFA_07,IFA,,41047,41420,4170200,"IFA Seattle-Tacoma-Bellevue, WA",0.139676,
ifa_west_merge,97384,ifa,OR,IFA,IFA_07,IFA,,41047,41420,4147300,"IFA Seattle-Tacoma-Bellevue, WA",0.0,no cell in the extract: territory at zero opportunity
ifa_west_merge,97385,ifa,OR,IFA,IFA_07,IFA,,41047,41420,4170700,"IFA Seattle-Tacoma-Bellevue, WA",0.0,no cell in the extract: territory at zero opportunity
ifa_west_merge,97386,ifa,OR,IFA,IFA_07,IFA,,41043,10540,4171950,"IFA Seattle-Tacoma-Bellevue, WA",0.0,no cell in the extract: territory at zero opportunity
ifa_west_merge,97388,ifa,OR,IFA,IFA_07,IFA,,41041,35440,4142550,"IFA Seattle-Tacoma-Bellevue, WA",0.0,no cell in the extract: territory at zero opportunity
ifa_west_merge,97389,ifa,OR,IFA,IFA_07,IFA,,41043,10540,4172600,"IFA Seattle-Tacoma-Bellevue, WA",0.0,no cell in the extract: territory at zero opportunity
ifa_west_merge,97390,ifa,OR,IFA,IFA_07,IFA,,41041,35440,,"IFA Seattle-Tacoma-Bellevue, WA",0.0,no cell in the extract: territory at zero opportunity
ifa_west_merge,97391,ifa,OR,IFA,IFA_07,IFA,,41041,35440,4174000,"IFA Seattle-Tacoma-Bellevue, WA",0.0,no cell in the extract: territory at zero opportunity
ifa_west_merge,97392,ifa,OR,IFA,IFA_07,IFA,,41047,41420,4175150,"IFA Seattle-Tacoma-Bellevue, WA",0.0,no cell in the extract: territory at zero opportunity
ifa_west_merge,97394,ifa,OR,IFA,IFA_07,IFA,,41041,35440,4178000,"IFA Seattle-Tacoma-Bellevue, WA",0.0,no cell in the extract: territory at zero opportunity
ifa_west_merge,97396,ifa,OR,IFA,IFA_07,IFA,,41071,38900,4126400,"IFA Seattle-Tacoma-Bellevue, WA",0.0,no cell in the extract: territory at zero opportunity
ifa_west_merge,97401,ifa,OR,IFA,IFA_07,IFA,,41039,21660,4123850,"IFA Seattle-Tacoma-Bellevue, WA",14.0809,
ifa_west_merge,97402,ifa,OR,IFA,IFA_07,IFA,,41039,21660,4123850,"IFA Seattle-Tacoma-Bellevue, WA",0.851793,
ifa_west_merge,97403,ifa,OR,IFA,IFA_07,IFA,,41039,21660,4123850,"IFA Seattle-Tacoma-Bellevue, WA",0.0,no cell in the extract: territory at zero opportunity
ifa_west_merge,97404,ifa,OR,IFA,IFA_07,IFA,,41039,21660,4165400,"IFA Seattle-Tacoma-Bellevue, WA",0.804552,
ifa_west_merge,97405,ifa,OR,IFA,IFA_07,IFA,,41039,21660,4123850,"IFA Seattle-Tacoma-Bellevue, WA",0.00801417,
ifa_west_merge,97406,ifa,OR,IFA,IFA_07,IFA,,41015,15060,,"IFA Seattle-Tacoma-Bellevue, WA",0.0,no cell in the extract: territory at zero opportunity
ifa_west_merge,97408,ifa,OR,IFA,IFA_07,IFA,,41039,21660,4123850,"IFA Seattle-Tacoma-Bellevue, WA",0.497125,
ifa_west_merge,97410,ifa,OR,IFA,IFA_07,IFA,,41019,40700,,"IFA Seattle-Tacoma-Bellevue, WA",0.0,no cell in the extract: territory at zero opportunity
ifa_west_merge,97411,ifa,OR,IFA,IFA_07,IFA,,41011,18300,4103800,"IFA Seattle-Tacoma-Bellevue, WA",0.0,no cell in the extract: territory at zero opportunity
ifa_west_merge,97412,ifa,OR,IFA,IFA_07,IFA,,41039,21660,,"IFA Seattle-Tacoma-Bellevue, WA",0.0,no cell in the extract: territory at zero opportunity
ifa_west_merge,97413,ifa,OR,IFA,IFA_07,IFA,,41039,21660,,"IFA Seattle-Tacoma-Bellevue, WA",0.0,no cell in the extract: territory at zero opportunity
ifa_west_merge,97414,ifa,OR,IFA,IFA_07,IFA,,41011,18300,,"IFA Seattle-Tacoma-Bellevue, WA",0.0,no cell in the extract: territory at zero opportunity
ifa_west_merge,97415,ifa,OR,IFA,IFA_07,IFA,,41015,15060,4108650,"IFA Seattle-Tacoma-Bellevue, WA",0.0,no cell in the extract: territory at zero opportunity
ifa_west_merge,97416,ifa,OR,IFA,IFA_07,IFA,,41019,40700,,"IFA Seattle-Tacoma-Bellevue, WA",0.0,no cell in the extract: territory at zero opportunity
ifa_west_merge,97417,ifa,OR,IFA,IFA_07,IFA,,41019,40700,4118150,"IFA Seattle-Tacoma-Bellevue, WA",0.0,no cell in the extract: territory at zero opportunity
ifa_west_merge,97419,ifa,OR,IFA,IFA_07,IFA,,41039,21660,4113000,"IFA Seattle-Tacoma-Bellevue, WA",0.0,no cell in the extract: territory at zero opportunity
ifa_west_merge,97420,ifa,OR,IFA,IFA_07,IFA,,41011,18300,4115250,"IFA Seattle-Tacoma-Bellevue, WA",0.0,no cell in the extract: territory at zero opportunity
ifa_west_merge,97423,ifa,OR,IFA,IFA_07,IFA,,41011,18300,4115350,"IFA Seattle-Tacoma-Bellevue, WA",0.0,no cell in the extract: territory at zero opportunity
ifa_west_merge,97424,ifa,OR,IFA,IFA_07,IFA,,41039,21660,4115950,"IFA Seattle-Tacoma-Bellevue, WA",0.192219,
ifa_west_merge,97426,ifa,OR,IFA,IFA_07,IFA,,41039,21660,4116950,"IFA Seattle-Tacoma-Bellevue, WA",0.0,no cell in the extract: territory at zero opportunity
ifa_west_merge,97429,ifa,OR,IFA,IFA_07,IFA,,41019,40700,4118150,"IFA Seattle-Tacoma-Bellevue, WA",0.0,no cell in the extract: territory at zero opportunity
ifa_west_merge,97430,ifa,OR,IFA,IFA_07,IFA,,41039,21660,,"IFA Seattle-Tacoma-Bellevue, WA",0.0,no cell in the extract: territory at zero opportunity
ifa_west_merge,97431,ifa,OR,IFA,IFA_07,IFA,,41039,21660,4119250,"IFA Seattle-Tacoma-Bellevue, WA",0.0,no cell in the extract: territory at zero opportunity
ifa_west_merge,97432,ifa,OR,IFA,IFA_07,IFA,,41019,40700,4119600,"IFA Seattle-Tacoma-Bellevue, WA",0.0,no cell in the extract: territory at zero opportunity
ifa_west_merge,97434,ifa,OR,IFA,IFA_07,IFA,,41039,21660,,"IFA Seattle-Tacoma-Bellevue, WA",0.0,no cell in the extract: territory at zero opportunity
ifa_west_merge,97435,ifa,OR,IFA,IFA_07,IFA,,41019,40700,4120500,"IFA Seattle-Tacoma-Bellevue, WA",0.0,no cell in the extract: territory at zero opportunity
ifa_west_merge,97436,ifa,OR,IFA,IFA_07,IFA,,41019,40700,4122800,"IFA Seattle-Tacoma-Bellevue, WA",0.0,no cell in the extract: territory at zero opportunity
ifa_west_merge,97437,ifa,OR,IFA,IFA_07,IFA,,41039,21660,4123000,"IFA Seattle-Tacoma-Bellevue, WA",0.0,no cell in the extract: territory at zero opportunity
ifa_west_merge,97438,ifa,OR,IFA,IFA_07,IFA,,41039,21660,4137150,"IFA Seattle-Tacoma-Bellevue, WA",0.0,no cell in the extract: territory at zero opportunity
ifa_west_merge,97439,ifa,OR,IFA,IFA_07,IFA,,41039,21660,4126050,"IFA Seattle-Tacoma-Bellevue, WA",0.0,no cell in the extract: territory at zero opportunity
ifa_west_merge,97441,ifa,OR,IFA,IFA_07,IFA,,41019,40700,4127850,"IFA Seattle-Tacoma-Bellevue, WA",0.0,no cell in the extract: territory at zero opportunity
ifa_west_merge,97442,ifa,OR,IFA,IFA_07,IFA,,41019,40700,4129350,"IFA Seattle-Tacoma-Bellevue, WA",0.0,no cell in the extract: territory at zero opportunity
ifa_west_merge,97443,ifa,OR,IFA,IFA_07,IFA,,41019,40700,4129750,"IFA Seattle-Tacoma-Bellevue, WA",0.0,no cell in the extract: territory at zero opportunity
ifa_west_merge,97444,ifa,OR,IFA,IFA_07,IFA,,41015,15060,4129900,"IFA Seattle-Tacoma-Bellevue, WA",0.517043,
ifa_west_merge,97446,ifa,OR,IFA,IFA_07,IFA,,41043,10540,4132550,"IFA Seattle-Tacoma-Bellevue, WA",0.0,no cell in the extract: territory at zero opportunity
ifa_west_merge,97447,ifa,OR,IFA,IFA_07,IFA,,41019,40700,4129750,"IFA Seattle-Tacoma-Bellevue, WA",0.0,no cell in the extract: territory at zero opportunity
ifa_west_merge,97448,ifa,OR,IFA,IFA_07,IFA,,41039,21660,4138000,"IFA Seattle-Tacoma-Bellevue, WA",0.0,no cell in the extract: territory at zero opportunity
ifa_west_merge,97449,ifa,OR,IFA,IFA_07,IFA,,41011,18300,4140650,"IFA Seattle-Tacoma-Bellevue, WA",0.0,no cell in the extract: territory at zero opportunity
ifa_west_merge,97450,ifa,OR,IFA,IFA_07,IFA,,41015,15060,4140950,"IFA Seattle-Tacoma-Bellevue, WA",0.0,no cell in the extract: territory at zero opportunity
ifa_west_merge,97451,ifa,OR,IFA,IFA_07,IFA,,41039,21660,,"IFA Seattle-Tacoma-Bellevue, WA",0.0,no cell in the extract: territory at zero opportunity
ifa_west_merge,97452,ifa,OR,IFA,IFA_07,IFA,,41039,21660,4144050,"IFA Seattle-Tacoma-Bellevue, WA",0.0,no cell in the extract: territory at zero opportunity
ifa_west_merge,97453,ifa,OR,IFA,IFA_07,IFA,,41039,21660,4145750,"IFA Seattle-Tacoma-Bellevue, WA",0.0,no cell in the extract: territory at zero opportunity
ifa_west_merge,97454,ifa,OR,IFA,IFA_07,IFA,,41039,21660,4145850,"IFA Seattle-Tacoma-Bellevue, WA",0.0,no cell in the extract: territory at zero opportunity
ifa_west_merge,97455,ifa,OR,IFA,IFA_07,IFA,,41039,21660,4137150,"IFA Seattle-Tacoma-Bellevue, WA",0.0,no cell in the extract: territory at zero opportunity
ifa_west_merge,97456,ifa,OR,IFA,IFA_07,IFA,,41003,18700,4105700,"IFA Seattle-Tacoma-Bellevue, WA",0.0,no cell in the extract: territory at zero opportunity
ifa_west_merge,97457,ifa,OR,IFA,IFA_07,IFA,,41019,40700,4174650,"IFA Seattle-Tacoma-Bellevue, WA",0.0,no cell in the extract: territory at zero opportunity
ifa_west_merge,97458,ifa,OR,IFA,IFA_07,IFA,,41011,18300,4151050,"IFA Seattle-Tacoma-Bellevue, WA",0.0,no cell in the extract: territory at zero opportunity
ifa_west_merge,97459,ifa,OR,IFA,IFA_07,IFA,,41011,18300,4153000,"IFA Seattle-Tacoma-Bellevue, WA",0.0,no cell in the extract: territory at zero opportunity
ifa_west_merge,97461,ifa,OR,IFA,IFA_07,IFA,,41039,21660,,"IFA Seattle-Tacoma-Bellevue, WA",0.0,no cell in the extract: territory at zero opportunity
ifa_west_merge,97462,ifa,OR,IFA,IFA_07,IFA,,41019,40700,4124100,"IFA Seattle-Tacoma-Bellevue, WA",0.0,no cell in the extract: territory at zero opportunity
ifa_west_merge,97463,ifa,OR,IFA,IFA_07,IFA,,41039,21660,4154100,"IFA Seattle-Tacoma-Bellevue, WA",0.630765,
ifa_west_merge,97465,ifa,OR,IFA,IFA_07,IFA,,41015,15060,4159250,"IFA Seattle-Tacoma-Bellevue, WA",0.0,no cell in the extract: territory at zero opportunity
ifa_west_merge,97466,ifa,OR,IFA,IFA_07,IFA,,41011,18300,4159600,"IFA Seattle-Tacoma-Bellevue, WA",0.0,no cell in the extract: territory at zero opportunity
ifa_west_merge,97467,ifa,OR,IFA,IFA_07,IFA,,41019,40700,4183050,"IFA Seattle-Tacoma-Bellevue, WA",0.0,no cell in the extract: territory at zero opportunity
ifa_west_merge,97469,ifa,OR,IFA,IFA_07,IFA,,41019,40700,4161850,"IFA Seattle-Tacoma-Bellevue, WA",0.0,no cell in the extract: territory at zero opportunity
ifa_west_merge,97470,ifa,OR,IFA,IFA_07,IFA,,41019,40700,4163650,"IFA Seattle-Tacoma-Bellevue, WA",1.25936,
ifa_west_merge,97471,ifa,OR,IFA,IFA_07,IFA,,41019,40700,4143650,"IFA Seattle-Tacoma-Bellevue, WA",0.653587,
ifa_west_merge,97473,ifa,OR,IFA,IFA_07,IFA,,41019,40700,,"IFA Seattle-Tacoma-Bellevue, WA",0.0,no cell in the extract: territory at zero opportunity
ifa_west_merge,97476,ifa,OR,IFA,IFA_07,IFA,,41015,15060,,"IFA Seattle-Tacoma-Bellevue, WA",0.0,no cell in the extract: territory at zero opportunity
ifa_west_merge,97477,ifa,OR,IFA,IFA_07,IFA,,41039,21660,4169600,"IFA Seattle-Tacoma-Bellevue, WA",0.12382,
ifa_west_merge,97478,ifa,OR,IFA,IFA_07,IFA,,41039,21660,4169600,"IFA Seattle-Tacoma-Bellevue, WA",0.0,no cell in the extract: territory at zero opportunity
ifa_west_merge,97479,ifa,OR,IFA,IFA_07,IFA,,41019,40700,4171650,"IFA Seattle-Tacoma-Bellevue, WA",0.0,no cell in the extract: territory at zero opportunity
ifa_west_merge,97480,ifa,OR,IFA,IFA_07,IFA,,41039,21660,,"IFA Seattle-Tacoma-Bellevue, WA",0.0,no cell in the extract: territory at zero opportunity
ifa_west_merge,97481,ifa,OR,IFA,IFA_07,IFA,,41019,40700,,"IFA Seattle-Tacoma-Bellevue, WA",0.0,no cell in the extract: territory at zero opportunity
ifa_west_merge,97484,ifa,OR,IFA,IFA_07,IFA,,41019,40700,,"IFA Seattle-Tacoma-Bellevue, WA",0.0,no cell in the extract: territory at zero opportunity
ifa_west_merge,97486,ifa,OR,IFA,IFA_07,IFA,,41019,40700,,"IFA Seattle-Tacoma-Bellevue, WA",0.0,no cell in the extract: territory at zero opportunity
ifa_west_merge,97487,ifa,OR,IFA,IFA_07,IFA,,41039,21660,4177050,"IFA Seattle-Tacoma-Bellevue, WA",0.0,no cell in the extract: territory at zero opportunity
ifa_west_merge,97488,ifa,OR,IFA,IFA_07,IFA,,41039,21660,,"IFA Seattle-Tacoma-Bellevue, WA",0.0,no cell in the extract: territory at zero opportunity
ifa_west_merge,97489,ifa,OR,IFA,IFA_07,IFA,,41039,21660,,"IFA Seattle-Tacoma-Bellevue, WA",0.0,no cell in the extract: territory at zero opportunity
ifa_west_merge,97490,ifa,OR,IFA,IFA_07,IFA,,41039,21660,,"IFA Seattle-Tacoma-Bellevue, WA",0.0,no cell in the extract: territory at zero opportunity
ifa_west_merge,97492,ifa,OR,IFA,IFA_07,IFA,,41039,21660,4179950,"IFA Seattle-Tacoma-Bellevue, WA",0.0,no cell in the extract: territory at zero opportunity
ifa_west_merge,97493,ifa,OR,IFA,IFA_07,IFA,,41039,21660,4121150,"IFA Seattle-Tacoma-Bellevue, WA",0.0,no cell in the extract: territory at zero opportunity
ifa_west_merge,97494,ifa,OR,IFA,IFA_07,IFA,,41019,40700,,"IFA Seattle-Tacoma-Bellevue, WA",0.0,no cell in the extract: territory at zero opportunity
ifa_west_merge,97495,ifa,OR,IFA,IFA_07,IFA,,41019,40700,4163660,"IFA Seattle-Tacoma-Bellevue, WA",0.0,no cell in the extract: territory at zero opportunity
ifa_west_merge,97496,ifa,OR,IFA,IFA_07,IFA,,41019,40700,4183400,"IFA Seattle-Tacoma-Bellevue, WA",0.0,no cell in the extract: territory at zero opportunity
ifa_west_merge,97497,ifa,OR,IFA,IFA_07,IFA,,41033,24420,,"IFA Seattle-Tacoma-Bellevue, WA",0.0,no cell in the extract: territory at zero opportunity
ifa_west_merge,97498,ifa,OR,IFA,IFA_07,IFA,,41039,21660,4165300,"IFA Seattle-Tacoma-Bellevue, WA",0.0,no cell in the extract: territory at zero opportunity
ifa_west_merge,97499,ifa,OR,IFA,IFA_07,IFA,,41019,40700,4184600,"IFA Seattle-Tacoma-Bellevue, WA",0.0,no cell in the extract: territory at zero opportunity
ifa_west_merge,97501,ifa,OR,IFA,IFA_07,IFA,,41029,32780,4147000,"IFA Seattle-Tacoma-Bellevue, WA",0.849928,
ifa_west_merge,97502,ifa,OR,IFA,IFA_07,IFA,,41029,32780,4112400,"IFA Seattle-Tacoma-Bellevue, WA",1.99404,
ifa_west_merge,97503,ifa,OR,IFA,IFA_07,IFA,,41029,32780,4181450,"IFA Seattle-Tacoma-Bellevue, WA",0.0,no cell in the extract: territory at zero opportunity
ifa_west_merge,97504,ifa,OR,IFA,IFA_07,IFA,,41029,32780,4147000,"IFA Seattle-Tacoma-Bellevue, WA",9.4002,
ifa_west_merge,97520,ifa,OR,IFA,IFA_07,IFA,,41029,32780,4103050,"IFA Seattle-Tacoma-Bellevue, WA",1.35227,
ifa_west_merge,97522,ifa,OR,IFA,IFA_07,IFA,,41029,32780,4110050,"IFA Seattle-Tacoma-Bellevue, WA",0.0,no cell in the extract: territory at zero opportunity
ifa_west_merge,97523,ifa,OR,IFA,IFA_07,IFA,,41033,24420,4172400,"IFA Seattle-Tacoma-Bellevue, WA",0.0,no cell in the extract: territory at zero opportunity
ifa_west_merge,97524,ifa,OR,IFA,IFA_07,IFA,,41029,32780,4121550,"IFA Seattle-Tacoma-Bellevue, WA",0.0,no cell in the extract: territory at zero opportunity
ifa_west_merge,97525,ifa,OR,IFA,IFA_07,IFA,,41029,32780,4126165,"IFA Seattle-Tacoma-Bellevue, WA",0.0,no cell in the extract: territory at zero opportunity
ifa_west_merge,97526,ifa,OR,IFA,IFA_07,IFA,,41033,24420,4130550,"IFA Seattle-Tacoma-Bellevue, WA",2.34283,
ifa_west_merge,97527,ifa,OR,IFA,IFA_07,IFA,,41033,24420,4130550,"IFA Seattle-Tacoma-Bellevue, WA",0.0795451,
ifa_west_merge,97530,ifa,OR,IFA,IFA_07,IFA,,41029,32780,4164150,"IFA Seattle-Tacoma-Bellevue, WA",0.192314,
ifa_west_merge,97531,ifa,OR,IFA,IFA_07,IFA,,41033,24420,4138900,"IFA Seattle-Tacoma-Bellevue, WA",0.0,no cell in the extract: territory at zero opportunity
ifa_west_merge,97532,ifa,OR,IFA,IFA_07,IFA,,41033,24420,4147650,"IFA Seattle-Tacoma-Bellevue, WA",0.0,no cell in the extract: territory at zero opportunity
ifa_west_merge,97534,ifa,OR,IFA,IFA_07,IFA,,41033,24420,4154350,"IFA Seattle-Tacoma-Bellevue, WA",0.0,no cell in the extract: territory at zero opportunity
ifa_west_merge,97535,ifa,OR,IFA,IFA_07,IFA,,41029,32780,4157500,"IFA Seattle-Tacoma-Bellevue, WA",0.0,no cell in the extract: territory at zero opportunity
ifa_west_merge,97536,ifa,OR,IFA,IFA_07,IFA,,41029,32780,4160100,"IFA Seattle-Tacoma-Bellevue, WA",0.0,no cell in the extract: territory at zero opportunity
ifa_west_merge,97537,ifa,OR,IFA,IFA_07,IFA,,41029,32780,4182850,"IFA Seattle-Tacoma-Bellevue, WA",2.60028,
ifa_west_merge,97538,ifa,OR,IFA,IFA_07,IFA,,41033,24420,4166150,"IFA Seattle-Tacoma-Bellevue, WA",0.0,no cell in the extract: territory at zero opportunity
ifa_west_merge,97539,ifa,OR,IFA,IFA_07,IFA,,41029,32780,4166550,"IFA Seattle-Tacoma-Bellevue, WA",0.0,no cell in the extract: territory at zero opportunity
ifa_west_merge,97540,ifa,OR,IFA,IFA_07,IFA,,41029,32780,4172500,"IFA Seattle-Tacoma-Bellevue, WA",0.0,no cell in the extract: territory at zero opportunity
ifa_west_merge,97541,ifa,OR,IFA,IFA_07,IFA,,41029,32780,4174400,"IFA Seattle-Tacoma-Bellevue, WA",0.0,no cell in the extract: territory at zero opportunity
ifa_west_merge,97543,ifa,OR,IFA,IFA_07,IFA,,41033,24420,,"IFA Seattle-Tacoma-Bellevue, WA",0.0,no cell in the extract: territory at zero opportunity
ifa_west_merge,97544,ifa,OR,IFA,IFA_07,IFA,,41033,24420,4182450,"IFA Seattle-Tacoma-Bellevue, WA",0.0,no cell in the extract: territory at zero opportunity
ifa_west_merge,97601,ifa,OR,IFA,IFA_07,IFA,,41035,28900,4139700,"IFA Seattle-Tacoma-Bellevue, WA",0.0,no cell in the extract: territory at zero opportunity
ifa_west_merge,97603,ifa,OR,IFA,IFA_07,IFA,,41035,28900,4101850,"IFA Seattle-Tacoma-Bellevue, WA",0.0,no cell in the extract: territory at zero opportunity
ifa_west_merge,97604,ifa,OR,IFA,IFA_07,IFA,,41035,28900,,"IFA Seattle-Tacoma-Bellevue, WA",0.0,no cell in the extract: territory at zero opportunity
ifa_west_merge,97620,ifa,OR,IFA,IFA_07,IFA,,41037,,,"IFA Seattle-Tacoma-Bellevue, WA",0.0,no cell in the extract: territory at zero opportunity
ifa_west_merge,97621,ifa,OR,IFA,IFA_07,IFA,,41035,28900,4105150,"IFA Seattle-Tacoma-Bellevue, WA",0.0,no cell in the extract: territory at zero opportunity
ifa_west_merge,97622,ifa,OR,IFA,IFA_07,IFA,,41035,28900,4107150,"IFA Seattle-Tacoma-Bellevue, WA",0.0,no cell in the extract: territory at zero opportunity
ifa_west_merge,97623,ifa,OR,IFA,IFA_07,IFA,,41035,28900,4107300,"IFA Seattle-Tacoma-Bellevue, WA",0.0,no cell in the extract: territory at zero opportunity
ifa_west_merge,97624,ifa,OR,IFA,IFA_07,IFA,,41035,28900,4155268,"IFA Seattle-Tacoma-Bellevue, WA",0.0,no cell in the extract: territory at zero opportunity
ifa_west_merge,97625,ifa,OR,IFA,IFA_07,IFA,,41035,28900,,"IFA Seattle-Tacoma-Bellevue, WA",0.0,no cell in the extract: territory at zero opportunity
ifa_west_merge,97626,ifa,OR,IFA,IFA_07,IFA,,41035,28900,4126450,"IFA Seattle-Tacoma-Bellevue, WA",0.0,no cell in the extract: territory at zero opportunity
ifa_west_merge,97627,ifa,OR,IFA,IFA_07,IFA,,41035,28900,4138750,"IFA Seattle-Tacoma-Bellevue, WA",0.0,no cell in the extract: territory at zero opportunity
ifa_west_merge,97630,ifa,OR,IFA,IFA_07,IFA,,41037,,4140700,"IFA Seattle-Tacoma-Bellevue, WA",0.0,no cell in the extract: territory at zero opportunity
ifa_west_merge,97632,ifa,OR,IFA,IFA_07,IFA,,41035,28900,4145400,"IFA Seattle-Tacoma-Bellevue, WA",0.0,no cell in the extract: territory at zero opportunity
ifa_west_merge,97633,ifa,OR,IFA,IFA_07,IFA,,41035,28900,4147700,"IFA Seattle-Tacoma-Bellevue, WA",0.0,no cell in the extract: territory at zero opportunity
ifa_west_merge,97634,ifa,OR,IFA,IFA_07,IFA,,41035,28900,,"IFA Seattle-Tacoma-Bellevue, WA",0.0,no cell in the extract: territory at zero opportunity
ifa_west_merge,97635,ifa,CA,IFA,IFA_07,IFA,,06049,,4152400,"IFA Seattle-Tacoma-Bellevue, WA",0.0,no cell in the extract: territory at zero opportunity
ifa_west_merge,97636,ifa,OR,IFA,IFA_07,IFA,,41037,,4156250,"IFA Seattle-Tacoma-Bellevue, WA",0.0,no cell in the extract: territory at zero opportunity
ifa_west_merge,97637,ifa,OR,IFA,IFA_07,IFA,,41037,,4158550,"IFA Seattle-Tacoma-Bellevue, WA",0.0,no cell in the extract: territory at zero opportunity
ifa_west_merge,97638,ifa,OR,IFA,IFA_07,IFA,,41037,,4167600,"IFA Seattle-Tacoma-Bellevue, WA",0.0,no cell in the extract: territory at zero opportunity
ifa_west_merge,97639,ifa,OR,IFA,IFA_07,IFA,,41035,28900,4169400,"IFA Seattle-Tacoma-Bellevue, WA",0.0,no cell in the extract: territory at zero opportunity
ifa_west_merge,97640,ifa,OR,IFA,IFA_07,IFA,,41037,,,"IFA Seattle-Tacoma-Bellevue, WA",0.0,no cell in the extract: territory at zero opportunity
ifa_west_merge,97641,ifa,OR,IFA,IFA_07,IFA,,41037,,,"IFA Seattle-Tacoma-Bellevue, WA",0.0,no cell in the extract: territory at zero opportunity
ifa_west_merge,97701,ifa,OR,IFA,IFA_07,IFA,,41017,13460,4105800,"IFA Seattle-Tacoma-Bellevue, WA",0.108851,
ifa_west_merge,97702,ifa,OR,IFA,IFA_07,IFA,,41017,13460,4105800,"IFA Seattle-Tacoma-Bellevue, WA",2.82824,
ifa_west_merge,97703,ifa,OR,IFA,IFA_07,IFA,,41017,13460,4105800,"IFA Seattle-Tacoma-Bellevue, WA",7.76886,
ifa_west_merge,97707,ifa,OR,IFA,IFA_07,IFA,,41017,13460,4171250,"IFA Seattle-Tacoma-Bellevue, WA",0.376443,
ifa_west_merge,97709,ifa,OR,IFA,IFA_07,IFA,,41017,13460,,"IFA Seattle-Tacoma-Bellevue, WA",0.0,no cell in the extract: territory at zero opportunity
ifa_west_merge,97710,ifa,OR,IFA,IFA_07,IFA,,41025,,,"IFA Seattle-Tacoma-Bellevue, WA",0.0,no cell in the extract: territory at zero opportunity
ifa_west_merge,97711,ifa,OR,IFA,IFA_07,IFA,,41031,13460,,"IFA Seattle-Tacoma-Bellevue, WA",0.0,no cell in the extract: territory at zero opportunity
ifa_west_merge,97712,ifa,OR,IFA,IFA_07,IFA,,41017,13460,,"IFA Seattle-Tacoma-Bellevue, WA",0.0,no cell in the extract: territory at zero opportunity
ifa_west_merge,97720,ifa,OR,IFA,IFA_07,IFA,,41025,,4116450,"IFA Seattle-Tacoma-Bellevue, WA",0.0,no cell in the extract: territory at zero opportunity
ifa_west_merge,97721,ifa,OR,IFA,IFA_07,IFA,,41025,,,"IFA Seattle-Tacoma-Bellevue, WA",0.0,no cell in the extract: territory at zero opportunity
ifa_west_merge,97722,ifa,OR,IFA,IFA_07,IFA,,41025,,,"IFA Seattle-Tacoma-Bellevue, WA",0.0,no cell in the extract: territory at zero opportunity
ifa_west_merge,97730,ifa,OR,IFA,IFA_07,IFA,,41031,13460,4110550,"IFA Seattle-Tacoma-Bellevue, WA",0.0,no cell in the extract: territory at zero opportunity
ifa_west_merge,97731,ifa,OR,IFA,IFA_07,IFA,,41035,28900,4105300,"IFA Seattle-Tacoma-Bellevue, WA",0.0,no cell in the extract: territory at zero opportunity
ifa_west_merge,97732,ifa,OR,IFA,IFA_07,IFA,,41025,,4116450,"IFA Seattle-Tacoma-Bellevue, WA",0.0,no cell in the extract: territory at zero opportunity
ifa_west_merge,97733,ifa,OR,IFA,IFA_07,IFA,,41035,28900,4116800,"IFA Seattle-Tacoma-Bellevue, WA",0.0,no cell in the extract: territory at zero opportunity
ifa_west_merge,97734,ifa,OR,IFA,IFA_07,IFA,,41031,13460,4117300,"IFA Seattle-Tacoma-Bellevue, WA",0.0,no cell in the extract: territory at zero opportunity
ifa_west_merge,97735,ifa,OR,IFA,IFA_07,IFA,,41037,,,"IFA Seattle-Tacoma-Bellevue, WA",0.0,no cell in the extract: territory at zero opportunity
ifa_west_merge,97736,ifa,OR,IFA,IFA_07,IFA,,41025,,,"IFA Seattle-Tacoma-Bellevue, WA",0.0,no cell in the extract: territory at zero opportunity
ifa_west_merge,97737,ifa,OR,IFA,IFA_07,IFA,,41035,28900,4128800,"IFA Seattle-Tacoma-Bellevue, WA",0.0,no cell in the extract: territory at zero opportunity
ifa_west_merge,97738,ifa,OR,IFA,IFA_07,IFA,,41025,,4134250,"IFA Seattle-Tacoma-Bellevue, WA",0.0,no cell in the extract: territory at zero opportunity
ifa_west_merge,97739,ifa,OR,IFA,IFA_07,IFA,,41017,13460,4141050,"IFA Seattle-Tacoma-Bellevue, WA",0.0,no cell in the extract: territory at zero opportunity
ifa_west_merge,97741,ifa,OR,IFA,IFA_07,IFA,,41031,13460,4145250,"IFA Seattle-Tacoma-Bellevue, WA",0.0,no cell in the extract: territory at zero opportunity
ifa_west_merge,97750,ifa,OR,IFA,IFA_07,IFA,,41069,,4149150,"IFA Seattle-Tacoma-Bellevue, WA",0.0,no cell in the extract: territory at zero opportunity
ifa_west_merge,97751,ifa,OR,IFA,IFA_07,IFA,,41013,13460,,"IFA Seattle-Tacoma-Bellevue, WA",0.0,no cell in the extract: territory at zero opportunity
ifa_west_merge,97752,ifa,OR,IFA,IFA_07,IFA,,41013,13460,,"IFA Seattle-Tacoma-Bellevue, WA",0.0,no cell in the extract: territory at zero opportunity
ifa_west_merge,97753,ifa,OR,IFA,IFA_07,IFA,,41013,13460,4159850,"IFA Seattle-Tacoma-Bellevue, WA",0.0,no cell in the extract: territory at zero opportunity
ifa_west_merge,97754,ifa,OR,IFA,IFA_07,IFA,,41013,13460,4138075,"IFA Seattle-Tacoma-Bellevue, WA",0.437398,
ifa_west_merge,97756,ifa,OR,IFA,IFA_07,IFA,,41017,13460,4161200,"IFA Seattle-Tacoma-Bellevue, WA",0.0,no cell in the extract: territory at zero opportunity
ifa_west_merge,97758,ifa,OR,IFA,IFA_07,IFA,,41025,,,"IFA Seattle-Tacoma-Bellevue, WA",0.0,no cell in the extract: territory at zero opportunity
ifa_west_merge,97759,ifa,OR,IFA,IFA_07,IFA,,41043,10540,4106650,"IFA Seattle-Tacoma-Bellevue, WA",0.0,no cell in the extract: territory at zero opportunity
ifa_west_merge,97760,ifa,OR,IFA,IFA_07,IFA,,41017,13460,4116975,"IFA Seattle-Tacoma-Bellevue, WA",0.0,no cell in the extract: territory at zero opportunity
ifa_west_merge,97761,ifa,OR,IFA,IFA_07,IFA,,41065,45520,4178600,"IFA Seattle-Tacoma-Bellevue, WA",0.0,no cell in the extract: territory at zero opportunity
ifa_west_merge,97801,ifa,OR,IFA,IFA_07,IFA,,41059,25840,4175185,"IFA Seattle-Tacoma-Bellevue, WA",0.0400794,
ifa_west_merge,97810,ifa,OR,IFA,IFA_07,IFA,,41059,25840,4100350,"IFA Seattle-Tacoma-Bellevue, WA",0.0,no cell in the extract: territory at zero opportunity
ifa_west_merge,97812,ifa,OR,IFA,IFA_07,IFA,,41021,,4102800,"IFA Seattle-Tacoma-Bellevue, WA",0.0,no cell in the extract: territory at zero opportunity
ifa_west_merge,97813,ifa,OR,IFA,IFA_07,IFA,,41059,25840,4103200,"IFA Seattle-Tacoma-Bellevue, WA",0.0,no cell in the extract: territory at zero opportunity
ifa_west_merge,97814,ifa,OR,IFA,IFA_07,IFA,,41001,12520,4103650,"IFA Seattle-Tacoma-Bellevue, WA",1.61813,
ifa_west_merge,97817,ifa,OR,IFA,IFA_07,IFA,,41023,,4131050,"IFA Seattle-Tacoma-Bellevue, WA",0.0,no cell in the extract: territory at zero opportunity
ifa_west_merge,97818,ifa,OR,IFA,IFA_07,IFA,,41049,25840,4107200,"IFA Seattle-Tacoma-Bellevue, WA",0.0,no cell in the extract: territory at zero opportunity
ifa_west_merge,97819,ifa,OR,IFA,IFA_07,IFA,,41001,12520,,"IFA Seattle-Tacoma-Bellevue, WA",0.0,no cell in the extract: territory at zero opportunity
ifa_west_merge,97820,ifa,OR,IFA,IFA_07,IFA,,41023,,4110950,"IFA Seattle-Tacoma-Bellevue, WA",0.0,no cell in the extract: territory at zero opportunity
ifa_west_merge,97823,ifa,OR,IFA,IFA_07,IFA,,41021,,4143400,"IFA Seattle-Tacoma-Bellevue, WA",0.0,no cell in the extract: territory at zero opportunity
ifa_west_merge,97824,ifa,OR,IFA,IFA_07,IFA,,41061,29260,4116250,"IFA Seattle-Tacoma-Bellevue, WA",0.0,no cell in the extract: territory at zero opportunity
ifa_west_merge,97825,ifa,OR,IFA,IFA_07,IFA,,41023,,4118300,"IFA Seattle-Tacoma-Bellevue, WA",0.0,no cell in the extract: territory at zero opportunity
ifa_west_merge,97826,ifa,OR,IFA,IFA_07,IFA,,41059,25840,4122200,"IFA Seattle-Tacoma-Bellevue, WA",0.0,no cell in the extract: territory at zero opportunity
ifa_west_merge,97827,ifa,OR,IFA,IFA_07,IFA,,41061,29260,4122550,"IFA Seattle-Tacoma-Bellevue, WA",0.0,no cell in the extract: territory at zero opportunity
ifa_west_merge,97828,ifa,OR,IFA,IFA_07,IFA,,41063,,4123500,"IFA Seattle-Tacoma-Bellevue, WA",0.0,no cell in the extract: territory at zero opportunity
ifa_west_merge,97830,ifa,OR,IFA,IFA_07,IFA,,41069,,4126650,"IFA Seattle-Tacoma-Bellevue, WA",0.0,no cell in the extract: territory at zero opportunity
ifa_west_merge,97833,ifa,OR,IFA,IFA_07,IFA,,41001,12520,4131600,"IFA Seattle-Tacoma-Bellevue, WA",0.0,no cell in the extract: territory at zero opportunity
ifa_west_merge,97834,ifa,OR,IFA,IFA_07,IFA,,41001,12520,4131650,"IFA Seattle-Tacoma-Bellevue, WA",0.0,no cell in the extract: territory at zero opportunity
ifa_west_merge,97835,ifa,OR,IFA,IFA_07,IFA,,41059,25840,4133250,"IFA Seattle-Tacoma-Bellevue, WA",0.0,no cell in the extract: territory at zero opportunity
ifa_west_merge,97836,ifa,OR,IFA,IFA_07,IFA,,41049,25840,4133550,"IFA Seattle-Tacoma-Bellevue, WA",0.0,no cell in the extract: territory at zero opportunity
ifa_west_merge,97837,ifa,OR,IFA,IFA_07,IFA,,41001,12520,,"IFA Seattle-Tacoma-Bellevue, WA",0.0,no cell in the extract: territory at zero opportunity
ifa_west_merge,97838,ifa,OR,IFA,IFA_07,IFA,,41059,25840,4133700,"IFA Seattle-Tacoma-Bellevue, WA",0.0,no cell in the extract: territory at zero opportunity
ifa_west_merge,97839,ifa,OR,IFA,IFA_07,IFA,,41049,25840,4142200,"IFA Seattle-Tacoma-Bellevue, WA",0.0,no cell in the extract: territory at zero opportunity
ifa_west_merge,97840,ifa,OR,IFA,IFA_07,IFA,,41001,12520,,"IFA Seattle-Tacoma-Bellevue, WA",0.0,no cell in the extract: territory at zero opportunity
ifa_west_merge,97841,ifa,OR,IFA,IFA_07,IFA,,41061,29260,4136050,"IFA Seattle-Tacoma-Bellevue, WA",0.0,no cell in the extract: territory at zero opportunity
ifa_west_merge,97842,ifa,OR,IFA,IFA_07,IFA,,41063,,,"IFA Seattle-Tacoma-Bellevue, WA",0.0,no cell in the extract: territory at zero opportunity
ifa_west_merge,97843,ifa,OR,IFA,IFA_07,IFA,,41049,25840,4136400,"IFA Seattle-Tacoma-Bellevue, WA",0.0,no cell in the extract: territory at zero opportunity
ifa_west_merge,97844,ifa,OR,IFA,IFA_07,IFA,,41049,25840,4136500,"IFA Seattle-Tacoma-Bellevue, WA",0.0,no cell in the extract: territory at zero opportunity
ifa_west_merge,97845,ifa,OR,IFA,IFA_07,IFA,,41023,,4137550,"IFA Seattle-Tacoma-Bellevue, WA",0.0,no cell in the extract: territory at zero opportunity
ifa_west_merge,97846,ifa,OR,IFA,IFA_07,IFA,,41063,,4178160,"IFA Seattle-Tacoma-Bellevue, WA",0.0,no cell in the extract: territory at zero opportunity
ifa_west_merge,97848,ifa,OR,IFA,IFA_07,IFA,,41023,,,"IFA Seattle-Tacoma-Bellevue, WA",0.0,no cell in the extract: territory at zero opportunity
ifa_west_merge,97850,ifa,OR,IFA,IFA_07,IFA,,41061,29260,4140350,"IFA Seattle-Tacoma-Bellevue, WA",0.0,no cell in the extract: territory at zero opportunity
ifa_west_merge,97856,ifa,OR,IFA,IFA_07,IFA,,41023,,4143550,"IFA Seattle-Tacoma-Bellevue, WA",0.0,no cell in the extract: territory at zero opportunity
ifa_west_merge,97857,ifa,OR,IFA,IFA_07,IFA,,41063,,4143900,"IFA Seattle-Tacoma-Bellevue, WA",0.0,no cell in the extract: territory at zero opportunity
ifa_west_merge,97859,ifa,OR,IFA,IFA_07,IFA,,41059,25840,4146800,"IFA Seattle-Tacoma-Bellevue, WA",0.0,no cell in the extract: territory at zero opportunity
ifa_west_merge,97862,ifa,OR,IFA,IFA_07,IFA,,41059,25840,4175600,"IFA Seattle-Tacoma-Bellevue, WA",0.0,no cell in the extract: territory at zero opportunity
ifa_west_merge,97864,ifa,OR,IFA,IFA_07,IFA,,41023,,4149750,"IFA Seattle-Tacoma-Bellevue, WA",0.0,no cell in the extract: territory at zero opportunity
ifa_west_merge,97865,ifa,OR,IFA,IFA_07,IFA,,41023,,4150250,"IFA Seattle-Tacoma-Bellevue, WA",0.0,no cell in the extract: territory at zero opportunity
ifa_west_merge,97867,ifa,OR,IFA,IFA_07,IFA,,41061,29260,4153300,"IFA Seattle-Tacoma-Bellevue, WA",0.0,no cell in the extract: territory at zero opportunity
ifa_west_merge,97868,ifa,OR,IFA,IFA_07,IFA,,41059,25840,4144625,"IFA Seattle-Tacoma-Bellevue, WA",0.0,no cell in the extract: territory at zero opportunity
ifa_west_merge,97869,ifa,OR,IFA,IFA_07,IFA,,41023,,4159650,"IFA Seattle-Tacoma-Bellevue, WA",0.0,no cell in the extract: territory at zero opportunity
ifa_west_merge,97870,ifa,OR,IFA,IFA_07,IFA,,41001,12520,4161700,"IFA Seattle-Tacoma-Bellevue, WA",0.0,no cell in the extract: territory at zero opportunity
ifa_west_merge,97873,ifa,OR,IFA,IFA_07,IFA,,41023,,4166200,"IFA Seattle-Tacoma-Bellevue, WA",0.0,no cell in the extract: territory at zero opportunity
ifa_west_merge,97874,ifa,OR,IFA,IFA_07,IFA,,41069,,4169450,"IFA Seattle-Tacoma-Bellevue, WA",0.0,no cell in the extract: territory at zero opportunity
ifa_west_merge,97875,ifa,OR,IFA,IFA_07,IFA,,41059,25840,4169900,"IFA Seattle-Tacoma-Bellevue, WA",0.0,no cell in the extract: territory at zero opportunity
ifa_west_merge,97876,ifa,OR,IFA,IFA_07,IFA,,41061,29260,4170850,"IFA Seattle-Tacoma-Bellevue, WA",0.0,no cell in the extract: territory at zero opportunity
ifa_west_merge,97877,ifa,OR,IFA,IFA_07,IFA,,41023,,4171000,"IFA Seattle-Tacoma-Bellevue, WA",0.0,no cell in the extract: territory at zero opportunity
ifa_west_merge,97880,ifa,OR,IFA,IFA_07,IFA,,41059,25840,4175550,"IFA Seattle-Tacoma-Bellevue, WA",0.0,no cell in the extract: territory at zero opportunity
ifa_west_merge,97882,ifa,OR,IFA,IFA_07,IFA,,41059,25840,4175650,"IFA Seattle-Tacoma-Bellevue, WA",0.0,no cell in the extract: territory at zero opportunity
ifa_west_merge,97883,ifa,OR,IFA,IFA_07,IFA,,41061,29260,4175850,"IFA Seattle-Tacoma-Bellevue, WA",0.0,no cell in the extract: territory at zero opportunity
ifa_west_merge,97884,ifa,OR,IFA,IFA_07,IFA,,41001,12520,4176250,"IFA Seattle-Tacoma-Bellevue, WA",0.0,no cell in the extract: territory at zero opportunity
ifa_west_merge,97885,ifa,OR,IFA,IFA_07,IFA,,41063,,4178150,"IFA Seattle-Tacoma-Bellevue, WA",0.0,no cell in the extract: territory at zero opportunity
ifa_west_merge,97886,ifa,OR,IFA,IFA_07,IFA,,41059,25840,4180350,"IFA Seattle-Tacoma-Bellevue, WA",0.0,no cell in the extract: territory at zero opportunity
ifa_west_merge,97901,ifa,OR,IFA,IFA_07,IFA,,41045,36620,4100500,"IFA Seattle-Tacoma-Bellevue, WA",0.0,no cell in the extract: territory at zero opportunity
ifa_west_merge,97902,ifa,OR,IFA,IFA_07,IFA,,41045,36620,,"IFA Seattle-Tacoma-Bellevue, WA",0.0,no cell in the extract: territory at zero opportunity
ifa_west_merge,97903,ifa,OR,IFA,IFA_07,IFA,,41045,36620,4108600,"IFA Seattle-Tacoma-Bellevue, WA",0.0,no cell in the extract: territory at zero opportunity
ifa_west_merge,97904,ifa,OR,IFA,IFA_07,IFA,,41025,,,"IFA Seattle-Tacoma-Bellevue, WA",0.0,no cell in the extract: territory at zero opportunity
ifa_west_merge,97905,ifa,OR,IFA,IFA_07,IFA,,41001,12520,,"IFA Seattle-Tacoma-Bellevue, WA",0.0,no cell in the extract: territory at zero opportunity
ifa_west_merge,97906,ifa,OR,IFA,IFA_07,IFA,,41045,36620,4132400,"IFA Seattle-Tacoma-Bellevue, WA",0.0,no cell in the extract: territory at zero opportunity
ifa_west_merge,97907,ifa,OR,IFA,IFA_07,IFA,,41001,12520,4135700,"IFA Seattle-Tacoma-Bellevue, WA",0.0,no cell in the extract: territory at zero opportunity
ifa_west_merge,97908,ifa,OR,IFA,IFA_07,IFA,,41045,36620,,"IFA Seattle-Tacoma-Bellevue, WA",0.0,no cell in the extract: territory at zero opportunity
ifa_west_merge,97909,ifa,OR,IFA,IFA_07,IFA,,41045,36620,,"IFA Seattle-Tacoma-Bellevue, WA",0.0,no cell in the extract: territory at zero opportunity
ifa_west_merge,97910,ifa,OR,IFA,IFA_07,IFA,,41045,36620,4137850,"IFA Seattle-Tacoma-Bellevue, WA",0.0,no cell in the extract: territory at zero opportunity
ifa_west_merge,97911,ifa,OR,IFA,IFA_07,IFA,,41045,36620,4138150,"IFA Seattle-Tacoma-Bellevue, WA",0.0,no cell in the extract: territory at zero opportunity
ifa_west_merge,97913,ifa,OR,IFA,IFA_07,IFA,,41045,36620,4153750,"IFA Seattle-Tacoma-Bellevue, WA",0.0,no cell in the extract: territory at zero opportunity
ifa_west_merge,97914,ifa,OR,IFA,IFA_07,IFA,,41045,36620,4154900,"IFA Seattle-Tacoma-Bellevue, WA",0.0397725,
ifa_west_merge,97917,ifa,OR,IFA,IFA_07,IFA,,41045,36620,,"IFA Seattle-Tacoma-Bellevue, WA",0.0,no cell in the extract: territory at zero opportunity
ifa_west_merge,97918,ifa,OR,IFA,IFA_07,IFA,,41045,36620,4176600,"IFA Seattle-Tacoma-Bellevue, WA",0.0,no cell in the extract: territory at zero opportunity
ifa_west_merge,97920,ifa,OR,IFA,IFA_07,IFA,,41045,36620,,"IFA Seattle-Tacoma-Bellevue, WA",0.0,no cell in the extract: territory at zero opportunity
ifa_west_merge,98001,ifa,WA,IFA,IFA_07,IFA,,53033,42660,5303180,"IFA Seattle-Tacoma-Bellevue, WA",0.16294,
ifa_west_merge,98002,ifa,WA,IFA,IFA_07,IFA,,53033,42660,5303180,"IFA Seattle-Tacoma-Bellevue, WA",1.94731,
ifa_west_merge,98003,ifa,WA,IFA,IFA_07,IFA,,53033,42660,5323515,"IFA Seattle-Tacoma-Bellevue, WA",3.67108,
ifa_west_merge,98004,ifa,WA,IFA,IFA_07,IFA,,53033,42660,5305210,"IFA Seattle-Tacoma-Bellevue, WA",53.3513,
ifa_west_merge,98005,ifa,WA,IFA,IFA_07,IFA,,53033,42660,5305210,"IFA Seattle-Tacoma-Bellevue, WA",30.8249,
ifa_west_merge,98006,ifa,WA,IFA,IFA_07,IFA,,53033,42660,5305210,"IFA Seattle-Tacoma-Bellevue, WA",3.5676,
ifa_west_merge,98007,ifa,WA,IFA,IFA_07,IFA,,53033,42660,5305210,"IFA Seattle-Tacoma-Bellevue, WA",5.18028,
ifa_west_merge,98008,ifa,WA,IFA,IFA_07,IFA,,53033,42660,5305210,"IFA Seattle-Tacoma-Bellevue, WA",1.73585,
ifa_west_merge,98010,ifa,WA,IFA,IFA_07,IFA,,53033,42660,5306330,"IFA Seattle-Tacoma-Bellevue, WA",0.0,no cell in the extract: territory at zero opportunity
ifa_west_merge,98011,ifa,WA,IFA,IFA_07,IFA,,53033,42660,5307380,"IFA Seattle-Tacoma-Bellevue, WA",3.35037,
ifa_west_merge,98012,ifa,WA,IFA,IFA_07,IFA,,53061,42660,5345865,"IFA Seattle-Tacoma-Bellevue, WA",0.711847,
ifa_west_merge,98014,ifa,WA,IFA,IFA_07,IFA,,53033,42660,5337538,"IFA Seattle-Tacoma-Bellevue, WA",0.0,no cell in the extract: territory at zero opportunity
ifa_west_merge,98019,ifa,WA,IFA,IFA_07,IFA,,53033,42660,5319035,"IFA Seattle-Tacoma-Bellevue, WA",0.0,no cell in the extract: territory at zero opportunity
ifa_west_merge,98020,ifa,WA,IFA,IFA_07,IFA,,53061,42660,5320750,"IFA Seattle-Tacoma-Bellevue, WA",1.35094,
ifa_west_merge,98021,ifa,WA,IFA,IFA_07,IFA,,53061,42660,5307380,"IFA Seattle-Tacoma-Bellevue, WA",3.53838,
ifa_west_merge,98022,ifa,WA,IFA,IFA_07,IFA,,53033,42660,5322045,"IFA Seattle-Tacoma-Bellevue, WA",1.91378,
ifa_west_merge,98023,ifa,WA,IFA,IFA_07,IFA,,53033,42660,5323515,"IFA Seattle-Tacoma-Bellevue, WA",0.00397725,
ifa_west_merge,98024,ifa,WA,IFA,IFA_07,IFA,,53033,42660,5323200,"IFA Seattle-Tacoma-Bellevue, WA",0.0,no cell in the extract: territory at zero opportunity
ifa_west_merge,98025,ifa,WA,IFA,IFA_07,IFA,,53033,42660,,"IFA Seattle-Tacoma-Bellevue, WA",0.0,no cell in the extract: territory at zero opportunity
ifa_west_merge,98026,ifa,WA,IFA,IFA_07,IFA,,53061,42660,5320750,"IFA Seattle-Tacoma-Bellevue, WA",0.0,no cell in the extract: territory at zero opportunity
ifa_west_merge,98027,ifa,WA,IFA,IFA_07,IFA,,53033,42660,5346215,"IFA Seattle-Tacoma-Bellevue, WA",5.00174,
ifa_west_merge,98028,ifa,WA,IFA,IFA_07,IFA,,53033,42660,5335170,"IFA Seattle-Tacoma-Bellevue, WA",0.0,no cell in the extract: territory at zero opportunity
ifa_west_merge,98029,ifa,WA,IFA,IFA_07,IFA,,53033,42660,5333805,"IFA Seattle-Tacoma-Bellevue, WA",2.4327,
ifa_west_merge,98030,ifa,WA,IFA,IFA_07,IFA,,53033,42660,5335415,"IFA Seattle-Tacoma-Bellevue, WA",0.0,no cell in the extract: territory at zero opportunity
ifa_west_merge,98031,ifa,WA,IFA,IFA_07,IFA,,53033,42660,5335415,"IFA Seattle-Tacoma-Bellevue, WA",0.0,no cell in the extract: territory at zero opportunity
ifa_west_merge,98032,ifa,WA,IFA,IFA_07,IFA,,53033,42660,5335415,"IFA Seattle-Tacoma-Bellevue, WA",0.0,no cell in the extract: territory at zero opportunity
ifa_west_merge,98033,ifa,WA,IFA,IFA_07,IFA,,53033,42660,5335940,"IFA Seattle-Tacoma-Bellevue, WA",10.6692,
ifa_west_merge,98034,ifa,WA,IFA,IFA_07,IFA,,53033,42660,5335940,"IFA Seattle-Tacoma-Bellevue, WA",0.0,no cell in the extract: territory at zero opportunity
ifa_west_merge,98036,ifa,WA,IFA,IFA_07,IFA,,53061,42660,5340840,"IFA Seattle-Tacoma-Bellevue, WA",27.3103,
ifa_west_merge,98037,ifa,WA,IFA,IFA_07,IFA,,53061,42660,5340840,"IFA Seattle-Tacoma-Bellevue, WA",9.96497,
ifa_west_merge,98038,ifa,WA,IFA,IFA_07,IFA,,53033,42660,5331495,"IFA Seattle-Tacoma-Bellevue, WA",0.031818,
ifa_west_merge,98039,ifa,WA,IFA,IFA_07,IFA,,53033,42660,5344725,"IFA Seattle-Tacoma-Bellevue, WA",0.527311,
ifa_west_merge,98040,ifa,WA,IFA,IFA_07,IFA,,53033,42660,5345005,"IFA Seattle-Tacoma-Bellevue, WA",11.999,
ifa_west_merge,98042,ifa,WA,IFA,IFA_07,IFA,,53033,42660,5337567,"IFA Seattle-Tacoma-Bellevue, WA",0.0,no cell in the extract: territory at zero opportunity
ifa_west_merge,98043,ifa,WA,IFA,IFA_07,IFA,,53061,42660,5347490,"IFA Seattle-Tacoma-Bellevue, WA",0.721108,
ifa_west_merge,98045,ifa,WA,IFA,IFA_07,IFA,,53033,42660,5349485,"IFA Seattle-Tacoma-Bellevue, WA",1.55107,
ifa_west_merge,98047,ifa,WA,IFA,IFA_07,IFA,,53033,42660,5352495,"IFA Seattle-Tacoma-Bellevue, WA",0.0,no cell in the extract: territory at zero opportunity
ifa_west_merge,98050,ifa,WA,IFA,IFA_07,IFA,,53033,42660,,"IFA Seattle-Tacoma-Bellevue, WA",0.0,no cell in the extract: territory at zero opportunity
ifa_west_merge,98051,ifa,WA,IFA,IFA_07,IFA,,53033,42660,5357395,"IFA Seattle-Tacoma-Bellevue, WA",0.0,no cell in the extract: territory at zero opportunity
ifa_west_merge,98052,ifa,WA,IFA,IFA_07,IFA,,53033,42660,5357535,"IFA Seattle-Tacoma-Bellevue, WA",0.0397725,
ifa_west_merge,98053,ifa,WA,IFA,IFA_07,IFA,,53033,42660,5373307,"IFA Seattle-Tacoma-Bellevue, WA",0.0,no cell in the extract: territory at zero opportunity
ifa_west_merge,98055,ifa,WA,IFA,IFA_07,IFA,,53033,42660,5357745,"IFA Seattle-Tacoma-Bellevue, WA",0.0,no cell in the extract: territory at zero opportunity
ifa_west_merge,98056,ifa,WA,IFA,IFA_07,IFA,,53033,42660,5357745,"IFA Seattle-Tacoma-Bellevue, WA",3.38335,
ifa_west_merge,98057,ifa,WA,IFA,IFA_07,IFA,,53033,42660,5357745,"IFA Seattle-Tacoma-Bellevue, WA",5.46704,
ifa_west_merge,98058,ifa,WA,IFA,IFA_07,IFA,,53033,42660,5323160,"IFA Seattle-Tacoma-Bellevue, WA",0.0,no cell in the extract: territory at zero opportunity
ifa_west_merge,98059,ifa,WA,IFA,IFA_07,IFA,,53033,42660,5319857,"IFA Seattle-Tacoma-Bellevue, WA",0.658275,
ifa_west_merge,98065,ifa,WA,IFA,IFA_07,IFA,,53033,42660,5365205,"IFA Seattle-Tacoma-Bellevue, WA",0.0,no cell in the extract: territory at zero opportunity
ifa_west_merge,98068,ifa,WA,IFA,IFA_07,IFA,,53037,21260,5365275,"IFA Seattle-Tacoma-Bellevue, WA",0.0,no cell in the extract: territory at zero opportunity
ifa_west_merge,98070,ifa,WA,IFA,IFA_07,IFA,,53033,42660,5374305,"IFA Seattle-Tacoma-Bellevue, WA",0.110879,
ifa_west_merge,98072,ifa,WA,IFA,IFA_07,IFA,,53033,42660,5314940,"IFA Seattle-Tacoma-Bellevue, WA",0.181647,
ifa_west_merge,98074,ifa,WA,IFA,IFA_07,IFA,,53033,42660,5361115,"IFA Seattle-Tacoma-Bellevue, WA",1.99247,
ifa_west_merge,98075,ifa,WA,IFA,IFA_07,IFA,,53033,42660,5361115,"IFA Seattle-Tacoma-Bellevue, WA",0.0,no cell in the extract: territory at zero opportunity
ifa_west_merge,98077,ifa,WA,IFA,IFA_07,IFA,,53033,42660,5314940,"IFA Seattle-Tacoma-Bellevue, WA",0.0,no cell in the extract: territory at zero opportunity
ifa_west_merge,98087,ifa,WA,IFA,IFA_07,IFA,,53061,42660,5349940,"IFA Seattle-Tacoma-Bellevue, WA",0.0,no cell in the extract: territory at zero opportunity
ifa_west_merge,98092,ifa,WA,IFA,IFA_07,IFA,,53033,42660,5303180,"IFA Seattle-Tacoma-Bellevue, WA",0.0,no cell in the extract: territory at zero opportunity
ifa_west_merge,98101,ifa,WA,IFA,IFA_07,IFA,,53033,42660,5363000,"IFA Seattle-Tacoma-Bellevue, WA",31.0677,
ifa_west_merge,98102,ifa,WA,IFA,IFA_07,IFA,,53033,42660,5363000,"IFA Seattle-Tacoma-Bellevue, WA",0.298127,
ifa_west_merge,98103,ifa,WA,IFA,IFA_07,IFA,,53033,42660,5363000,"IFA Seattle-Tacoma-Bellevue, WA",0.0,no cell in the extract: territory at zero opportunity
ifa_west_merge,98104,ifa,WA,IFA,IFA_07,IFA,,53033,42660,5363000,"IFA Seattle-Tacoma-Bellevue, WA",42.3509,
ifa_west_merge,98105,ifa,WA,IFA,IFA_07,IFA,,53033,42660,5363000,"IFA Seattle-Tacoma-Bellevue, WA",0.437808,
ifa_west_merge,98106,ifa,WA,IFA,IFA_07,IFA,,53033,42660,5363000,"IFA Seattle-Tacoma-Bellevue, WA",0.0162272,
ifa_west_merge,98107,ifa,WA,IFA,IFA_07,IFA,,53033,42660,5363000,"IFA Seattle-Tacoma-Bellevue, WA",1.66011,
ifa_west_merge,98108,ifa,WA,IFA,IFA_07,IFA,,53033,42660,5363000,"IFA Seattle-Tacoma-Bellevue, WA",0.0,no cell in the extract: territory at zero opportunity
ifa_west_merge,98109,ifa,WA,IFA,IFA_07,IFA,,53033,42660,5363000,"IFA Seattle-Tacoma-Bellevue, WA",4.36528,
ifa_west_merge,98110,ifa,WA,IFA,IFA_07,IFA,,53035,14740,5303736,"IFA Seattle-Tacoma-Bellevue, WA",2.76543,
ifa_west_merge,98112,ifa,WA,IFA,IFA_07,IFA,,53033,42660,5363000,"IFA Seattle-Tacoma-Bellevue, WA",0.0,no cell in the extract: territory at zero opportunity
ifa_west_merge,98115,ifa,WA,IFA,IFA_07,IFA,,53033,42660,5363000,"IFA Seattle-Tacoma-Bellevue, WA",0.0795491,
ifa_west_merge,98116,ifa,WA,IFA,IFA_07,IFA,,53033,42660,5363000,"IFA Seattle-Tacoma-Bellevue, WA",1.23905,
ifa_west_merge,98117,ifa,WA,IFA,IFA_07,IFA,,53033,42660,5363000,"IFA Seattle-Tacoma-Bellevue, WA",0.0,no cell in the extract: territory at zero opportunity
ifa_west_merge,98118,ifa,WA,IFA,IFA_07,IFA,,53033,42660,5363000,"IFA Seattle-Tacoma-Bellevue, WA",0.0,no cell in the extract: territory at zero opportunity
ifa_west_merge,98119,ifa,WA,IFA,IFA_07,IFA,,53033,42660,5363000,"IFA Seattle-Tacoma-Bellevue, WA",1.15199,
ifa_west_merge,98121,ifa,WA,IFA,IFA_07,IFA,,53033,42660,5363000,"IFA Seattle-Tacoma-Bellevue, WA",4.00833,
ifa_west_merge,98122,ifa,WA,IFA,IFA_07,IFA,,53033,42660,5363000,"IFA Seattle-Tacoma-Bellevue, WA",0.0520275,
ifa_west_merge,98125,ifa,WA,IFA,IFA_07,IFA,,53033,42660,5363000,"IFA Seattle-Tacoma-Bellevue, WA",8.47311,
ifa_west_merge,98126,ifa,WA,IFA,IFA_07,IFA,,53033,42660,5363000,"IFA Seattle-Tacoma-Bellevue, WA",0.0,no cell in the extract: territory at zero opportunity
ifa_west_merge,98133,ifa,WA,IFA,IFA_07,IFA,,53033,42660,5363960,"IFA Seattle-Tacoma-Bellevue, WA",0.0318229,
ifa_west_merge,98134,ifa,WA,IFA,IFA_07,IFA,,53033,42660,5363000,"IFA Seattle-Tacoma-Bellevue, WA",0.0,no cell in the extract: territory at zero opportunity
ifa_west_merge,98136,ifa,WA,IFA,IFA_07,IFA,,53033,42660,5363000,"IFA Seattle-Tacoma-Bellevue, WA",0.0,no cell in the extract: territory at zero opportunity
ifa_west_merge,98144,ifa,WA,IFA,IFA_07,IFA,,53033,42660,5363000,"IFA Seattle-Tacoma-Bellevue, WA",0.198968,
ifa_west_merge,98146,ifa,WA,IFA,IFA_07,IFA,,53033,42660,5308850,"IFA Seattle-Tacoma-Bellevue, WA",0.0,no cell in the extract: territory at zero opportunity
ifa_west_merge,98148,ifa,WA,IFA,IFA_07,IFA,,53033,42660,5308850,"IFA Seattle-Tacoma-Bellevue, WA",0.339437,
ifa_west_merge,98154,ifa,WA,IFA,IFA_07,IFA,,53033,42660,5363000,"IFA Seattle-Tacoma-Bellevue, WA",0.0,no cell in the extract: territory at zero opportunity
ifa_west_merge,98155,ifa,WA,IFA,IFA_07,IFA,,53033,42660,5363960,"IFA Seattle-Tacoma-Bellevue, WA",0.375283,
ifa_west_merge,98158,ifa,WA,IFA,IFA_07,IFA,,53033,42660,5362288,"IFA Seattle-Tacoma-Bellevue, WA",0.0,no cell in the extract: territory at zero opportunity
ifa_west_merge,98164,ifa,WA,IFA,IFA_07,IFA,,53033,42660,5363000,"IFA Seattle-Tacoma-Bellevue, WA",0.0,no cell in the extract: territory at zero opportunity
ifa_west_merge,98166,ifa,WA,IFA,IFA_07,IFA,,53033,42660,5308850,"IFA Seattle-Tacoma-Bellevue, WA",2.62377,
ifa_west_merge,98168,ifa,WA,IFA,IFA_07,IFA,,53033,42660,5372625,"IFA Seattle-Tacoma-Bellevue, WA",0.0,no cell in the extract: territory at zero opportunity
ifa_west_merge,98174,ifa,WA,IFA,IFA_07,IFA,,53033,42660,5363000,"IFA Seattle-Tacoma-Bellevue, WA",0.0,no cell in the extract: territory at zero opportunity
ifa_west_merge,98177,ifa,WA,IFA,IFA_07,IFA,,53033,42660,5363960,"IFA Seattle-Tacoma-Bellevue, WA",0.0,no cell in the extract: territory at zero opportunity
ifa_west_merge,98178,ifa,WA,IFA,IFA_07,IFA,,53033,42660,5308552,"IFA Seattle-Tacoma-Bellevue, WA",0.0,no cell in the extract: territory at zero opportunity
ifa_west_merge,98188,ifa,WA,IFA,IFA_07,IFA,,53033,42660,5372625,"IFA Seattle-Tacoma-Bellevue, WA",1.25988,
ifa_west_merge,98195,ifa,WA,IFA,IFA_07,IFA,,53033,42660,5363000,"IFA Seattle-Tacoma-Bellevue, WA",0.0,no cell in the extract: territory at zero opportunity
ifa_west_merge,98198,ifa,WA,IFA,IFA_07,IFA,,53033,42660,5317635,"IFA Seattle-Tacoma-Bellevue, WA",2.17129,
ifa_west_merge,98199,ifa,WA,IFA,IFA_07,IFA,,53033,42660,5363000,"IFA Seattle-Tacoma-Bellevue, WA",4.07231,
ifa_west_merge,98201,ifa,WA,IFA,IFA_07,IFA,,53061,42660,5322640,"IFA Seattle-Tacoma-Bellevue, WA",3.05612,
ifa_west_merge,98203,ifa,WA,IFA,IFA_07,IFA,,53061,42660,5322640,"IFA Seattle-Tacoma-Bellevue, WA",0.0,no cell in the extract: territory at zero opportunity
ifa_west_merge,98204,ifa,WA,IFA,IFA_07,IFA,,53061,42660,5322640,"IFA Seattle-Tacoma-Bellevue, WA",0.740963,
ifa_west_merge,98207,ifa,WA,IFA,IFA_07,IFA,,53061,42660,5322640,"IFA Seattle-Tacoma-Bellevue, WA",0.0,no cell in the extract: territory at zero opportunity
ifa_west_merge,98208,ifa,WA,IFA,IFA_07,IFA,,53061,42660,5319630,"IFA Seattle-Tacoma-Bellevue, WA",0.0539343,
ifa_west_merge,98220,ifa,WA,IFA,IFA_07,IFA,,53073,13380,5300275,"IFA Seattle-Tacoma-Bellevue, WA",0.0,no cell in the extract: territory at zero opportunity
ifa_west_merge,98221,ifa,WA,IFA,IFA_07,IFA,,53057,34580,5301990,"IFA Seattle-Tacoma-Bellevue, WA",0.0,no cell in the extract: territory at zero opportunity
ifa_west_merge,98222,ifa,WA,IFA,IFA_07,IFA,,53055,,,"IFA Seattle-Tacoma-Bellevue, WA",0.0,no cell in the extract: territory at zero opportunity
ifa_west_merge,98223,ifa,WA,IFA,IFA_07,IFA,,53061,42660,5364610,"IFA Seattle-Tacoma-Bellevue, WA",1.69939,
ifa_west_merge,98224,ifa,WA,IFA,IFA_07,IFA,,53033,42660,5304300,"IFA Seattle-Tacoma-Bellevue, WA",0.0,no cell in the extract: territory at zero opportunity
ifa_west_merge,98225,ifa,WA,IFA,IFA_07,IFA,,53073,13380,5305280,"IFA Seattle-Tacoma-Bellevue, WA",14.1183,
ifa_west_merge,98226,ifa,WA,IFA,IFA_07,IFA,,53073,13380,5305280,"IFA Seattle-Tacoma-Bellevue, WA",2.2867,
ifa_west_merge,98229,ifa,WA,IFA,IFA_07,IFA,,53073,13380,5305280,"IFA Seattle-Tacoma-Bellevue, WA",0.768487,
ifa_west_merge,98230,ifa,WA,IFA,IFA_07,IFA,,53073,13380,5306190,"IFA Seattle-Tacoma-Bellevue, WA",0.0,no cell in the extract: territory at zero opportunity
ifa_west_merge,98232,ifa,WA,IFA,IFA_07,IFA,,53057,34580,5320680,"IFA Seattle-Tacoma-Bellevue, WA",0.0,no cell in the extract: territory at zero opportunity
ifa_west_merge,98233,ifa,WA,IFA,IFA_07,IFA,,53057,34580,5308920,"IFA Seattle-Tacoma-Bellevue, WA",0.240965,
ifa_west_merge,98235,ifa,WA,IFA,IFA_07,IFA,,53057,34580,5312840,"IFA Seattle-Tacoma-Bellevue, WA",0.0,no cell in the extract: territory at zero opportunity
ifa_west_merge,98236,ifa,WA,IFA,IFA_07,IFA,,53029,36020,5313155,"IFA Seattle-Tacoma-Bellevue, WA",0.0,no cell in the extract: territory at zero opportunity
ifa_west_merge,98237,ifa,WA,IFA,IFA_07,IFA,,53057,34580,5314380,"IFA Seattle-Tacoma-Bellevue, WA",0.0,no cell in the extract: territory at zero opportunity
ifa_west_merge,98238,ifa,WA,IFA,IFA_07,IFA,,53057,34580,5314520,"IFA Seattle-Tacoma-Bellevue, WA",0.0,no cell in the extract: territory at zero opportunity
ifa_west_merge,98239,ifa,WA,IFA,IFA_07,IFA,,53029,36020,5315185,"IFA Seattle-Tacoma-Bellevue, WA",0.0,no cell in the extract: territory at zero opportunity
ifa_west_merge,98240,ifa,WA,IFA,IFA_07,IFA,,53073,13380,5316375,"IFA Seattle-Tacoma-Bellevue, WA",0.0,no cell in the extract: territory at zero opportunity
ifa_west_merge,98241,ifa,WA,IFA,IFA_07,IFA,,53061,42660,5316690,"IFA Seattle-Tacoma-Bellevue, WA",0.0,no cell in the extract: territory at zero opportunity
ifa_west_merge,98243,ifa,WA,IFA,IFA_07,IFA,,53055,,,"IFA Seattle-Tacoma-Bellevue, WA",0.0,no cell in the extract: territory at zero opportunity
ifa_west_merge,98244,ifa,WA,IFA,IFA_07,IFA,,53073,13380,5335135,"IFA Seattle-Tacoma-Bellevue, WA",0.0,no cell in the extract: territory at zero opportunity
ifa_west_merge,98245,ifa,WA,IFA,IFA_07,IFA,,53055,,,"IFA Seattle-Tacoma-Bellevue, WA",0.0,no cell in the extract: territory at zero opportunity
ifa_west_merge,98247,ifa,WA,IFA,IFA_07,IFA,,53073,13380,5317495,"IFA Seattle-Tacoma-Bellevue, WA",0.0,no cell in the extract: territory at zero opportunity
ifa_west_merge,98248,ifa,WA,IFA,IFA_07,IFA,,53073,13380,5323620,"IFA Seattle-Tacoma-Bellevue, WA",0.0636361,
ifa_west_merge,98249,ifa,WA,IFA,IFA_07,IFA,,53029,36020,5325510,"IFA Seattle-Tacoma-Bellevue, WA",0.0108181,
ifa_west_merge,98250,ifa,WA,IFA,IFA_07,IFA,,53055,,5359075,"IFA Seattle-Tacoma-Bellevue, WA",0.0,no cell in the extract: territory at zero opportunity
ifa_west_merge,98251,ifa,WA,IFA,IFA_07,IFA,,53061,42660,5327365,"IFA Seattle-Tacoma-Bellevue, WA",0.0,no cell in the extract: territory at zero opportunity
ifa_west_merge,98252,ifa,WA,IFA,IFA_07,IFA,,53061,42660,5374760,"IFA Seattle-Tacoma-Bellevue, WA",0.0,no cell in the extract: territory at zero opportunity
ifa_west_merge,98253,ifa,WA,IFA,IFA_07,IFA,,53029,36020,,"IFA Seattle-Tacoma-Bellevue, WA",0.0,no cell in the extract: territory at zero opportunity
ifa_west_merge,98255,ifa,WA,IFA,IFA_07,IFA,,53057,34580,5329255,"IFA Seattle-Tacoma-Bellevue, WA",0.0,no cell in the extract: territory at zero opportunity
ifa_west_merge,98256,ifa,WA,IFA,IFA_07,IFA,,53061,42660,5333175,"IFA Seattle-Tacoma-Bellevue, WA",0.0,no cell in the extract: territory at zero opportunity
ifa_west_merge,98257,ifa,WA,IFA,IFA_07,IFA,,53057,34580,5336780,"IFA Seattle-Tacoma-Bellevue, WA",0.00556816,
ifa_west_merge,98258,ifa,WA,IFA,IFA_07,IFA,,53061,42660,5337900,"IFA Seattle-Tacoma-Bellevue, WA",0.0,no cell in the extract: territory at zero opportunity
ifa_west_merge,98260,ifa,WA,IFA,IFA_07,IFA,,53029,36020,5338355,"IFA Seattle-Tacoma-Bellevue, WA",1.78133,
ifa_west_merge,98261,ifa,WA,IFA,IFA_07,IFA,,53055,,,"IFA Seattle-Tacoma-Bellevue, WA",0.0,no cell in the extract: territory at zero opportunity
ifa_west_merge,98262,ifa,WA,IFA,IFA_07,IFA,,53073,13380,,"IFA Seattle-Tacoma-Bellevue, WA",0.0,no cell in the extract: territory at zero opportunity
ifa_west_merge,98263,ifa,WA,IFA,IFA_07,IFA,,53057,34580,5340770,"IFA Seattle-Tacoma-Bellevue, WA",0.0,no cell in the extract: territory at zero opportunity
ifa_west_merge,98264,ifa,WA,IFA,IFA_07,IFA,,53073,13380,5340805,"IFA Seattle-Tacoma-Bellevue, WA",0.267482,
ifa_west_merge,98266,ifa,WA,IFA,IFA_07,IFA,,53073,13380,5353800,"IFA Seattle-Tacoma-Bellevue, WA",0.0,no cell in the extract: territory at zero opportunity
ifa_west_merge,98267,ifa,WA,IFA,IFA_07,IFA,,53057,34580,5343325,"IFA Seattle-Tacoma-Bellevue, WA",0.0,no cell in the extract: territory at zero opportunity
ifa_west_merge,98270,ifa,WA,IFA,IFA_07,IFA,,53061,42660,5343955,"IFA Seattle-Tacoma-Bellevue, WA",0.0,no cell in the extract: territory at zero opportunity
ifa_west_merge,98271,ifa,WA,IFA,IFA_07,IFA,,53061,42660,5343955,"IFA Seattle-Tacoma-Bellevue, WA",0.0,no cell in the extract: territory at zero opportunity
ifa_west_merge,98272,ifa,WA,IFA,IFA_07,IFA,,53061,42660,5379825,"IFA Seattle-Tacoma-Bellevue, WA",0.0,no cell in the extract: territory at zero opportunity
ifa_west_merge,98273,ifa,WA,IFA,IFA_07,IFA,,53057,34580,5347560,"IFA Seattle-Tacoma-Bellevue, WA",0.831715,
ifa_west_merge,98274,ifa,WA,IFA,IFA_07,IFA,,53057,34580,5306050,"IFA Seattle-Tacoma-Bellevue, WA",0.0,no cell in the extract: territory at zero opportunity
ifa_west_merge,98275,ifa,WA,IFA,IFA_07,IFA,,53061,42660,5347735,"IFA Seattle-Tacoma-Bellevue, WA",0.0,no cell in the extract: territory at zero opportunity
ifa_west_merge,98276,ifa,WA,IFA,IFA_07,IFA,,53073,13380,5349275,"IFA Seattle-Tacoma-Bellevue, WA",0.0,no cell in the extract: territory at zero opportunity
ifa_west_merge,98277,ifa,WA,IFA,IFA_07,IFA,,53029,36020,5350360,"IFA Seattle-Tacoma-Bellevue, WA",0.0,no cell in the extract: territory at zero opportunity
ifa_west_merge,98278,ifa,WA,IFA,IFA_07,IFA,,53029,36020,5378155,"IFA Seattle-Tacoma-Bellevue, WA",0.0,no cell in the extract: territory at zero opportunity
ifa_west_merge,98279,ifa,WA,IFA,IFA_07,IFA,,53055,,,"IFA Seattle-Tacoma-Bellevue, WA",0.0,no cell in the extract: territory at zero opportunity
ifa_west_merge,98280,ifa,WA,IFA,IFA_07,IFA,,53055,,,"IFA Seattle-Tacoma-Bellevue, WA",0.0,no cell in the extract: territory at zero opportunity
ifa_west_merge,98281,ifa,WA,IFA,IFA_07,IFA,,53073,13380,5355015,"IFA Seattle-Tacoma-Bellevue, WA",0.0,no cell in the extract: territory at zero opportunity
ifa_west_merge,98282,ifa,WA,IFA,IFA_07,IFA,,53029,36020,5309365,"IFA Seattle-Tacoma-Bellevue, WA",1.98471,
ifa_west_merge,98283,ifa,WA,IFA,IFA_07,IFA,,53073,13380,5359250,"IFA Seattle-Tacoma-Bellevue, WA",0.0,no cell in the extract: territory at zero opportunity
ifa_west_merge,98284,ifa,WA,IFA,IFA_07,IFA,,53057,34580,5363210,"IFA Seattle-Tacoma-Bellevue, WA",0.0,no cell in the extract: territory at zero opportunity
ifa_west_merge,98286,ifa,WA,IFA,IFA_07,IFA,,53055,,,"IFA Seattle-Tacoma-Bellevue, WA",0.0,no cell in the extract: territory at zero opportunity
ifa_west_merge,98288,ifa,WA,IFA,IFA_07,IFA,,53033,42660,5364855,"IFA Seattle-Tacoma-Bellevue, WA",0.0,no cell in the extract: territory at zero opportunity
ifa_west_merge,98290,ifa,WA,IFA,IFA_07,IFA,,53061,42660,5371330,"IFA Seattle-Tacoma-Bellevue, WA",0.661413,
ifa_west_merge,98292,ifa,WA,IFA,IFA_07,IFA,,53061,42660,5334915,"IFA Seattle-Tacoma-Bellevue, WA",0.557967,
ifa_west_merge,98294,ifa,WA,IFA,IFA_07,IFA,,53061,42660,5367595,"IFA Seattle-Tacoma-Bellevue, WA",0.0,no cell in the extract: territory at zero opportunity
ifa_west_merge,98295,ifa,WA,IFA,IFA_07,IFA,,53073,13380,5368330,"IFA Seattle-Tacoma-Bellevue, WA",0.0,no cell in the extract: territory at zero opportunity
ifa_west_merge,98296,ifa,WA,IFA,IFA_07,IFA,,53061,42660,5342415,"IFA Seattle-Tacoma-Bellevue, WA",0.99059,
ifa_west_merge,98297,ifa,WA,IFA,IFA_07,IFA,,53055,,,"IFA Seattle-Tacoma-Bellevue, WA",0.0,no cell in the extract: territory at zero opportunity
ifa_west_merge,98303,ifa,WA,IFA,IFA_07,IFA,,53053,42660,5302060,"IFA Seattle-Tacoma-Bellevue, WA",0.0,no cell in the extract: territory at zero opportunity
ifa_west_merge,98304,ifa,WA,IFA,IFA_07,IFA,,53053,42660,5303005,"IFA Seattle-Tacoma-Bellevue, WA",0.0,no cell in the extract: territory at zero opportunity
ifa_west_merge,98305,ifa,WA,IFA,IFA_07,IFA,,53009,38820,,"IFA Seattle-Tacoma-Bellevue, WA",0.0,no cell in the extract: territory at zero opportunity
ifa_west_merge,98310,ifa,WA,IFA,IFA_07,IFA,,53035,14740,5307695,"IFA Seattle-Tacoma-Bellevue, WA",0.0,no cell in the extract: territory at zero opportunity
ifa_west_merge,98311,ifa,WA,IFA,IFA_07,IFA,,53035,14740,5372205,"IFA Seattle-Tacoma-Bellevue, WA",0.0,no cell in the extract: territory at zero opportunity
ifa_west_merge,98312,ifa,WA,IFA,IFA_07,IFA,,53035,14740,5307695,"IFA Seattle-Tacoma-Bellevue, WA",0.657242,
ifa_west_merge,98314,ifa,WA,IFA,IFA_07,IFA,,53035,14740,5307695,"IFA Seattle-Tacoma-Bellevue, WA",0.0,no cell in the extract: territory at zero opportunity
ifa_west_merge,98315,ifa,WA,IFA,IFA_07,IFA,,53035,14740,5304100,"IFA Seattle-Tacoma-Bellevue, WA",0.0,no cell in the extract: territory at zero opportunity
ifa_west_merge,98320,ifa,WA,IFA,IFA_07,IFA,,53031,39040,5308080,"IFA Seattle-Tacoma-Bellevue, WA",0.0,no cell in the extract: territory at zero opportunity
ifa_west_merge,98321,ifa,WA,IFA,IFA_07,IFA,,53053,42660,5308570,"IFA Seattle-Tacoma-Bellevue, WA",0.0,no cell in the extract: territory at zero opportunity
ifa_west_merge,98323,ifa,WA,IFA,IFA_07,IFA,,53053,42660,5309970,"IFA Seattle-Tacoma-Bellevue, WA",0.0,no cell in the extract: territory at zero opportunity
ifa_west_merge,98325,ifa,WA,IFA,IFA_07,IFA,,53031,39040,5355620,"IFA Seattle-Tacoma-Bellevue, WA",0.0,no cell in the extract: territory at zero opportunity
ifa_west_merge,98326,ifa,WA,IFA,IFA_07,IFA,,53009,38820,5312525,"IFA Seattle-Tacoma-Bellevue, WA",0.0,no cell in the extract: territory at zero opportunity
ifa_west_merge,98327,ifa,WA,IFA,IFA_07,IFA,,53053,42660,5318965,"IFA Seattle-Tacoma-Bellevue, WA",1.26855,
ifa_west_merge,98328,ifa,WA,IFA,IFA_07,IFA,,53053,42660,5312820,"IFA Seattle-Tacoma-Bellevue, WA",0.0,no cell in the extract: territory at zero opportunity
ifa_west_merge,98329,ifa,WA,IFA,IFA_07,IFA,,53053,42660,5335555,"IFA Seattle-Tacoma-Bellevue, WA",0.903777,
ifa_west_merge,98330,ifa,WA,IFA,IFA_07,IFA,,53053,42660,,"IFA Seattle-Tacoma-Bellevue, WA",0.0,no cell in the extract: territory at zero opportunity
ifa_west_merge,98331,ifa,WA,IFA,IFA_07,IFA,,53031,39040,5324810,"IFA Seattle-Tacoma-Bellevue, WA",0.0,no cell in the extract: territory at zero opportunity
ifa_west_merge,98332,ifa,WA,IFA,IFA_07,IFA,,53053,42660,5343255,"IFA Seattle-Tacoma-Bellevue, WA",1.18985,
ifa_west_merge,98333,ifa,WA,IFA,IFA_07,IFA,,53053,42660,5325370,"IFA Seattle-Tacoma-Bellevue, WA",0.00279203,
ifa_west_merge,98335,ifa,WA,IFA,IFA_07,IFA,,53053,42660,5302910,"IFA Seattle-Tacoma-Bellevue, WA",5.83151,
ifa_west_merge,98336,ifa,WA,IFA,IFA_07,IFA,,53041,16500,,"IFA Seattle-Tacoma-Bellevue, WA",0.0,no cell in the extract: territory at zero opportunity
ifa_west_merge,98337,ifa,WA,IFA,IFA_07,IFA,,53035,14740,5307695,"IFA Seattle-Tacoma-Bellevue, WA",2.77243,
ifa_west_merge,98338,ifa,WA,IFA,IFA_07,IFA,,53053,42660,5327785,"IFA Seattle-Tacoma-Bellevue, WA",0.0,no cell in the extract: territory at zero opportunity
ifa_west_merge,98339,ifa,WA,IFA,IFA_07,IFA,,53031,39040,5355620,"IFA Seattle-Tacoma-Bellevue, WA",0.0,no cell in the extract: territory at zero opportunity
ifa_west_merge,98340,ifa,WA,IFA,IFA_07,IFA,,53035,14740,5329430,"IFA Seattle-Tacoma-Bellevue, WA",0.0,no cell in the extract: territory at zero opportunity
ifa_west_merge,98342,ifa,WA,IFA,IFA_07,IFA,,53035,14740,5333280,"IFA Seattle-Tacoma-Bellevue, WA",0.0,no cell in the extract: territory at zero opportunity
ifa_west_merge,98345,ifa,WA,IFA,IFA_07,IFA,,53035,14740,5335625,"IFA Seattle-Tacoma-Bellevue, WA",0.0,no cell in the extract: territory at zero opportunity
ifa_west_merge,98346,ifa,WA,IFA,IFA_07,IFA,,53035,14740,5355612,"IFA Seattle-Tacoma-Bellevue, WA",0.0,no cell in the extract: territory at zero opportunity
ifa_west_merge,98349,ifa,WA,IFA,IFA_07,IFA,,53053,42660,5340105,"IFA Seattle-Tacoma-Bellevue, WA",0.0,no cell in the extract: territory at zero opportunity
ifa_west_merge,98350,ifa,WA,IFA,IFA_07,IFA,,53009,38820,,"IFA Seattle-Tacoma-Bellevue, WA",0.0,no cell in the extract: territory at zero opportunity
ifa_west_merge,98351,ifa,WA,IFA,IFA_07,IFA,,53053,42660,5340105,"IFA Seattle-Tacoma-Bellevue, WA",0.0,no cell in the extract: territory at zero opportunity
ifa_west_merge,98353,ifa,WA,IFA,IFA_07,IFA,,53035,14740,,"IFA Seattle-Tacoma-Bellevue, WA",0.0,no cell in the extract: territory at zero opportunity
ifa_west_merge,98354,ifa,WA,IFA,IFA_07,IFA,,53053,42660,5346020,"IFA Seattle-Tacoma-Bellevue, WA",0.0,no cell in the extract: territory at zero opportunity
ifa_west_merge,98355,ifa,WA,IFA,IFA_07,IFA,,53041,16500,5346090,"IFA Seattle-Tacoma-Bellevue, WA",0.0,no cell in the extract: territory at zero opportunity
ifa_west_merge,98356,ifa,WA,IFA,IFA_07,IFA,,53041,16500,5347175,"IFA Seattle-Tacoma-Bellevue, WA",0.0,no cell in the extract: territory at zero opportunity
ifa_west_merge,98357,ifa,WA,IFA,IFA_07,IFA,,53009,38820,5348295,"IFA Seattle-Tacoma-Bellevue, WA",0.0,no cell in the extract: territory at zero opportunity
ifa_west_merge,98358,ifa,WA,IFA,IFA_07,IFA,,53031,39040,5343762,"IFA Seattle-Tacoma-Bellevue, WA",0.0,no cell in the extract: territory at zero opportunity
ifa_west_merge,98359,ifa,WA,IFA,IFA_07,IFA,,53035,14740,5308885,"IFA Seattle-Tacoma-Bellevue, WA",0.0,no cell in the extract: territory at zero opportunity
ifa_west_merge,98360,ifa,WA,IFA,IFA_07,IFA,,53053,42660,5315780,"IFA Seattle-Tacoma-Bellevue, WA",0.0,no cell in the extract: territory at zero opportunity
ifa_west_merge,98361,ifa,WA,IFA,IFA_07,IFA,,53041,16500,5352600,"IFA Seattle-Tacoma-Bellevue, WA",0.0,no cell in the extract: territory at zero opportunity
ifa_west_merge,98362,ifa,WA,IFA,IFA_07,IFA,,53009,38820,5355365,"IFA Seattle-Tacoma-Bellevue, WA",0.572958,
ifa_west_merge,98363,ifa,WA,IFA,IFA_07,IFA,,53009,38820,5355365,"IFA Seattle-Tacoma-Bellevue, WA",0.0,no cell in the extract: territory at zero opportunity
ifa_west_merge,98364,ifa,WA,IFA,IFA_07,IFA,,53035,14740,,"IFA Seattle-Tacoma-Bellevue, WA",0.0,no cell in the extract: territory at zero opportunity
ifa_west_merge,98365,ifa,WA,IFA,IFA_07,IFA,,53031,39040,5355645,"IFA Seattle-Tacoma-Bellevue, WA",0.0,no cell in the extract: territory at zero opportunity
ifa_west_merge,98366,ifa,WA,IFA,IFA_07,IFA,,53035,14740,5355785,"IFA Seattle-Tacoma-Bellevue, WA",1.78293,
ifa_west_merge,98367,ifa,WA,IFA,IFA_07,IFA,,53035,14740,5355785,"IFA Seattle-Tacoma-Bellevue, WA",0.0,no cell in the extract: territory at zero opportunity
ifa_west_merge,98368,ifa,WA,IFA,IFA_07,IFA,,53031,39040,5355855,"IFA Seattle-Tacoma-Bellevue, WA",0.706223,
ifa_west_merge,98370,ifa,WA,IFA,IFA_07,IFA,,53035,14740,5369170,"IFA Seattle-Tacoma-Bellevue, WA",0.672456,
ifa_west_merge,98371,ifa,WA,IFA,IFA_07,IFA,,53053,42660,5356695,"IFA Seattle-Tacoma-Bellevue, WA",0.0,no cell in the extract: territory at zero opportunity
ifa_west_merge,98372,ifa,WA,IFA,IFA_07,IFA,,53053,42660,5320645,"IFA Seattle-Tacoma-Bellevue, WA",1.41162,
ifa_west_merge,98373,ifa,WA,IFA,IFA_07,IFA,,53053,42660,5365922,"IFA Seattle-Tacoma-Bellevue, WA",0.366286,
ifa_west_merge,98374,ifa,WA,IFA,IFA_07,IFA,,53053,42660,5365922,"IFA Seattle-Tacoma-Bellevue, WA",0.000676133,
ifa_west_merge,98375,ifa,WA,IFA,IFA_07,IFA,,53053,42660,5365922,"IFA Seattle-Tacoma-Bellevue, WA",0.0,no cell in the extract: territory at zero opportunity
ifa_west_merge,98376,ifa,WA,IFA,IFA_07,IFA,,53031,39040,5356975,"IFA Seattle-Tacoma-Bellevue, WA",0.0,no cell in the extract: territory at zero opportunity
ifa_west_merge,98377,ifa,WA,IFA,IFA_07,IFA,,53041,16500,5352600,"IFA Seattle-Tacoma-Bellevue, WA",0.0,no cell in the extract: territory at zero opportunity
ifa_west_merge,98380,ifa,WA,IFA,IFA_07,IFA,,53035,14740,5362120,"IFA Seattle-Tacoma-Bellevue, WA",0.0,no cell in the extract: territory at zero opportunity
ifa_west_merge,98381,ifa,WA,IFA,IFA_07,IFA,,53009,38820,5363245,"IFA Seattle-Tacoma-Bellevue, WA",0.0,no cell in the extract: territory at zero opportunity
ifa_west_merge,98382,ifa,WA,IFA,IFA_07,IFA,,53009,38820,5363385,"IFA Seattle-Tacoma-Bellevue, WA",3.11807,
ifa_west_merge,98383,ifa,WA,IFA,IFA_07,IFA,,53035,14740,5364365,"IFA Seattle-Tacoma-Bellevue, WA",1.35488,
ifa_west_merge,98385,ifa,WA,IFA,IFA_07,IFA,,53053,42660,5366045,"IFA Seattle-Tacoma-Bellevue, WA",0.0,no cell in the extract: territory at zero opportunity
ifa_west_merge,98387,ifa,WA,IFA,IFA_07,IFA,,53053,42660,5366255,"IFA Seattle-Tacoma-Bellevue, WA",0.0,no cell in the extract: territory at zero opportunity
ifa_west_merge,98388,ifa,WA,IFA,IFA_07,IFA,,53053,42660,5367770,"IFA Seattle-Tacoma-Bellevue, WA",0.0,no cell in the extract: territory at zero opportunity
ifa_west_merge,98390,ifa,WA,IFA,IFA_07,IFA,,53053,42660,5368435,"IFA Seattle-Tacoma-Bellevue, WA",0.0,no cell in the extract: territory at zero opportunity
ifa_west_merge,98391,ifa,WA,IFA,IFA_07,IFA,,53053,42660,5337920,"IFA Seattle-Tacoma-Bellevue, WA",0.0,no cell in the extract: territory at zero opportunity
ifa_west_merge,98392,ifa,WA,IFA,IFA_07,IFA,,53035,14740,5369170,"IFA Seattle-Tacoma-Bellevue, WA",0.0,no cell in the extract: territory at zero opportunity
ifa_west_merge,98394,ifa,WA,IFA,IFA_07,IFA,,53053,42660,5335555,"IFA Seattle-Tacoma-Bellevue, WA",0.0,no cell in the extract: territory at zero opportunity
ifa_west_merge,98396,ifa,WA,IFA,IFA_07,IFA,,53053,42660,5378925,"IFA Seattle-Tacoma-Bellevue, WA",0.0,no cell in the extract: territory at zero opportunity
ifa_west_merge,98402,ifa,WA,IFA,IFA_07,IFA,,53053,42660,5370000,"IFA Seattle-Tacoma-Bellevue, WA",12.8363,
ifa_west_merge,98403,ifa,WA,IFA,IFA_07,IFA,,53053,42660,5370000,"IFA Seattle-Tacoma-Bellevue, WA",0.0,no cell in the extract: territory at zero opportunity
ifa_west_merge,98404,ifa,WA,IFA,IFA_07,IFA,,53053,42660,5370000,"IFA Seattle-Tacoma-Bellevue, WA",0.0,no cell in the extract: territory at zero opportunity
ifa_west_merge,98405,ifa,WA,IFA,IFA_07,IFA,,53053,42660,5370000,"IFA Seattle-Tacoma-Bellevue, WA",0.0,no cell in the extract: territory at zero opportunity
ifa_west_merge,98406,ifa,WA,IFA,IFA_07,IFA,,53053,42660,5370000,"IFA Seattle-Tacoma-Bellevue, WA",8.51671,
ifa_west_merge,98407,ifa,WA,IFA,IFA_07,IFA,,53053,42660,5370000,"IFA Seattle-Tacoma-Bellevue, WA",1.25258,
ifa_west_merge,98408,ifa,WA,IFA,IFA_07,IFA,,53053,42660,5370000,"IFA Seattle-Tacoma-Bellevue, WA",0.0,no cell in the extract: territory at zero opportunity
ifa_west_merge,98409,ifa,WA,IFA,IFA_07,IFA,,53053,42660,5370000,"IFA Seattle-Tacoma-Bellevue, WA",2.44276,
ifa_west_merge,98416,ifa,WA,IFA,IFA_07,IFA,,53053,42660,5370000,"IFA Seattle-Tacoma-Bellevue, WA",0.0,no cell in the extract: territory at zero opportunity
ifa_west_merge,98418,ifa,WA,IFA,IFA_07,IFA,,53053,42660,5370000,"IFA Seattle-Tacoma-Bellevue, WA",0.0,no cell in the extract: territory at zero opportunity
ifa_west_merge,98421,ifa,WA,IFA,IFA_07,IFA,,53053,42660,5370000,"IFA Seattle-Tacoma-Bellevue, WA",0.0,no cell in the extract: territory at zero opportunity
ifa_west_merge,98422,ifa,WA,IFA,IFA_07,IFA,,53053,42660,5370000,"IFA Seattle-Tacoma-Bellevue, WA",0.043494,
ifa_west_merge,98424,ifa,WA,IFA,IFA_07,IFA,,53053,42660,5323795,"IFA Seattle-Tacoma-Bellevue, WA",0.0,no cell in the extract: territory at zero opportunity
ifa_west_merge,98430,ifa,WA,IFA,IFA_07,IFA,,53053,42660,,"IFA Seattle-Tacoma-Bellevue, WA",0.0,no cell in the extract: territory at zero opportunity
ifa_west_merge,98433,ifa,WA,IFA,IFA_07,IFA,,53053,42660,5324915,"IFA Seattle-Tacoma-Bellevue, WA",0.0,no cell in the extract: territory at zero opportunity
ifa_west_merge,98438,ifa,WA,IFA,IFA_07,IFA,,53053,42660,5341155,"IFA Seattle-Tacoma-Bellevue, WA",0.0,no cell in the extract: territory at zero opportunity
ifa_west_merge,98439,ifa,WA,IFA,IFA_07,IFA,,53053,42660,5341155,"IFA Seattle-Tacoma-Bellevue, WA",0.0,no cell in the extract: territory at zero opportunity
ifa_west_merge,98443,ifa,WA,IFA,IFA_07,IFA,,53053,42660,5375905,"IFA Seattle-Tacoma-Bellevue, WA",0.0,no cell in the extract: territory at zero opportunity
ifa_west_merge,98444,ifa,WA,IFA,IFA_07,IFA,,53053,42660,5353335,"IFA Seattle-Tacoma-Bellevue, WA",0.206817,
ifa_west_merge,98445,ifa,WA,IFA,IFA_07,IFA,,53053,42660,5353335,"IFA Seattle-Tacoma-Bellevue, WA",0.103423,
ifa_west_merge,98446,ifa,WA,IFA,IFA_07,IFA,,53053,42660,5313215,"IFA Seattle-Tacoma-Bellevue, WA",0.0,no cell in the extract: territory at zero opportunity
ifa_west_merge,98447,ifa,WA,IFA,IFA_07,IFA,,53053,42660,5353335,"IFA Seattle-Tacoma-Bellevue, WA",0.0,no cell in the extract: territory at zero opportunity
ifa_west_merge,98465,ifa,WA,IFA,IFA_07,IFA,,53053,42660,5370000,"IFA Seattle-Tacoma-Bellevue, WA",0.0,no cell in the extract: territory at zero opportunity
ifa_west_merge,98466,ifa,WA,IFA,IFA_07,IFA,,53053,42660,5373465,"IFA Seattle-Tacoma-Bellevue, WA",1.388,
ifa_west_merge,98467,ifa,WA,IFA,IFA_07,IFA,,53053,42660,5373465,"IFA Seattle-Tacoma-Bellevue, WA",0.805703,
ifa_west_merge,98498,ifa,WA,IFA,IFA_07,IFA,,53053,42660,5338038,"IFA Seattle-Tacoma-Bellevue, WA",0.162094,
ifa_west_merge,98499,ifa,WA,IFA,IFA_07,IFA,,53053,42660,5338038,"IFA Seattle-Tacoma-Bellevue, WA",12.9414,
ifa_west_merge,98501,ifa,WA,IFA,IFA_07,IFA,,53067,36500,5372905,"IFA Seattle-Tacoma-Bellevue, WA",1.65884,
ifa_west_merge,98502,ifa,WA,IFA,IFA_07,IFA,,53067,36500,5351300,"IFA Seattle-Tacoma-Bellevue, WA",0.945816,
ifa_west_merge,98503,ifa,WA,IFA,IFA_07,IFA,,53067,36500,5336745,"IFA Seattle-Tacoma-Bellevue, WA",9.68585,
ifa_west_merge,98505,ifa,WA,IFA,IFA_07,IFA,,53067,36500,,"IFA Seattle-Tacoma-Bellevue, WA",0.0,no cell in the extract: territory at zero opportunity
ifa_west_merge,98506,ifa,WA,IFA,IFA_07,IFA,,53067,36500,5351300,"IFA Seattle-Tacoma-Bellevue, WA",5.95902,
ifa_west_merge,98512,ifa,WA,IFA,IFA_07,IFA,,53067,36500,5372905,"IFA Seattle-Tacoma-Bellevue, WA",1.28662,
ifa_west_merge,98513,ifa,WA,IFA,IFA_07,IFA,,53067,36500,5349193,"IFA Seattle-Tacoma-Bellevue, WA",1.45487,
ifa_west_merge,98516,ifa,WA,IFA,IFA_07,IFA,,53067,36500,5336745,"IFA Seattle-Tacoma-Bellevue, WA",0.307218,
ifa_west_merge,98520,ifa,WA,IFA,IFA_07,IFA,,53027,10140,5300100,"IFA Seattle-Tacoma-Bellevue, WA",0.40117,
ifa_west_merge,98524,ifa,WA,IFA,IFA_07,IFA,,53045,43220,5328135,"IFA Seattle-Tacoma-Bellevue, WA",0.0,no cell in the extract: territory at zero opportunity
ifa_west_merge,98526,ifa,WA,IFA,IFA_07,IFA,,53027,10140,5301780,"IFA Seattle-Tacoma-Bellevue, WA",0.0,no cell in the extract: territory at zero opportunity
ifa_west_merge,98527,ifa,WA,IFA,IFA_07,IFA,,53049,,5304615,"IFA Seattle-Tacoma-Bellevue, WA",0.0,no cell in the extract: territory at zero opportunity
ifa_west_merge,98528,ifa,WA,IFA,IFA_07,IFA,,53045,43220,5305140,"IFA Seattle-Tacoma-Bellevue, WA",0.0,no cell in the extract: territory at zero opportunity
ifa_west_merge,98530,ifa,WA,IFA,IFA_07,IFA,,53067,36500,5308605,"IFA Seattle-Tacoma-Bellevue, WA",0.0,no cell in the extract: territory at zero opportunity
ifa_west_merge,98531,ifa,WA,IFA,IFA_07,IFA,,53041,16500,5311160,"IFA Seattle-Tacoma-Bellevue, WA",2.16906,
ifa_west_merge,98532,ifa,WA,IFA,IFA_07,IFA,,53041,16500,5311475,"IFA Seattle-Tacoma-Bellevue, WA",0.0,no cell in the extract: territory at zero opportunity
ifa_west_merge,98533,ifa,WA,IFA,IFA_07,IFA,,53041,16500,,"IFA Seattle-Tacoma-Bellevue, WA",0.0,no cell in the extract: territory at zero opportunity
ifa_west_merge,98535,ifa,WA,IFA,IFA_07,IFA,,53027,10140,5314660,"IFA Seattle-Tacoma-Bellevue, WA",0.0,no cell in the extract: territory at zero opportunity
ifa_west_merge,98536,ifa,WA,IFA,IFA_07,IFA,,53027,10140,5314660,"IFA Seattle-Tacoma-Bellevue, WA",0.0,no cell in the extract: territory at zero opportunity
ifa_west_merge,98537,ifa,WA,IFA,IFA_07,IFA,,53027,10140,5314870,"IFA Seattle-Tacoma-Bellevue, WA",0.0,no cell in the extract: territory at zero opportunity
ifa_west_merge,98538,ifa,WA,IFA,IFA_07,IFA,,53041,16500,,"IFA Seattle-Tacoma-Bellevue, WA",0.0,no cell in the extract: territory at zero opportunity
ifa_west_merge,98539,ifa,WA,IFA,IFA_07,IFA,,53041,16500,,"IFA Seattle-Tacoma-Bellevue, WA",0.0,no cell in the extract: territory at zero opportunity
ifa_west_merge,98541,ifa,WA,IFA,IFA_07,IFA,,53027,10140,5342345,"IFA Seattle-Tacoma-Bellevue, WA",0.627945,
ifa_west_merge,98542,ifa,WA,IFA,IFA_07,IFA,,53041,16500,,"IFA Seattle-Tacoma-Bellevue, WA",0.0,no cell in the extract: territory at zero opportunity
ifa_west_merge,98544,ifa,WA,IFA,IFA_07,IFA,,53041,16500,,"IFA Seattle-Tacoma-Bellevue, WA",0.0,no cell in the extract: territory at zero opportunity
ifa_west_merge,98546,ifa,WA,IFA,IFA_07,IFA,,53045,43220,5328135,"IFA Seattle-Tacoma-Bellevue, WA",0.0,no cell in the extract: territory at zero opportunity
ifa_west_merge,98547,ifa,WA,IFA,IFA_07,IFA,,53049,,5328345,"IFA Seattle-Tacoma-Bellevue, WA",0.0,no cell in the extract: territory at zero opportunity
ifa_west_merge,98548,ifa,WA,IFA,IFA_07,IFA,,53045,43220,5332125,"IFA Seattle-Tacoma-Bellevue, WA",0.0,no cell in the extract: territory at zero opportunity
ifa_west_merge,98550,ifa,WA,IFA,IFA_07,IFA,,53027,10140,5332300,"IFA Seattle-Tacoma-Bellevue, WA",0.0,no cell in the extract: territory at zero opportunity
ifa_west_merge,98552,ifa,WA,IFA,IFA_07,IFA,,53027,10140,5332650,"IFA Seattle-Tacoma-Bellevue, WA",0.0,no cell in the extract: territory at zero opportunity
ifa_west_merge,98555,ifa,WA,IFA,IFA_07,IFA,,53045,43220,,"IFA Seattle-Tacoma-Bellevue, WA",0.0,no cell in the extract: territory at zero opportunity
ifa_west_merge,98556,ifa,WA,IFA,IFA_07,IFA,,53067,36500,,"IFA Seattle-Tacoma-Bellevue, WA",0.0,no cell in the extract: territory at zero opportunity
ifa_west_merge,98557,ifa,WA,IFA,IFA_07,IFA,,53027,10140,5341225,"IFA Seattle-Tacoma-Bellevue, WA",0.0,no cell in the extract: territory at zero opportunity
ifa_west_merge,98558,ifa,WA,IFA,IFA_07,IFA,,53053,42660,5341645,"IFA Seattle-Tacoma-Bellevue, WA",0.0,no cell in the extract: territory at zero opportunity
ifa_west_merge,98559,ifa,WA,IFA,IFA_07,IFA,,53027,10140,5342345,"IFA Seattle-Tacoma-Bellevue, WA",0.0,no cell in the extract: territory at zero opportunity
ifa_west_merge,98560,ifa,WA,IFA,IFA_07,IFA,,53045,43220,,"IFA Seattle-Tacoma-Bellevue, WA",0.0,no cell in the extract: territory at zero opportunity
ifa_west_merge,98562,ifa,WA,IFA,IFA_07,IFA,,53027,10140,5346405,"IFA Seattle-Tacoma-Bellevue, WA",0.0,no cell in the extract: territory at zero opportunity
ifa_west_merge,98563,ifa,WA,IFA,IFA_07,IFA,,53027,10140,5346895,"IFA Seattle-Tacoma-Bellevue, WA",0.0,no cell in the extract: territory at zero opportunity
ifa_west_merge,98564,ifa,WA,IFA,IFA_07,IFA,,53041,16500,5347315,"IFA Seattle-Tacoma-Bellevue, WA",0.0,no cell in the extract: territory at zero opportunity
ifa_west_merge,98565,ifa,WA,IFA,IFA_07,IFA,,53041,16500,5347980,"IFA Seattle-Tacoma-Bellevue, WA",0.0,no cell in the extract: territory at zero opportunity
ifa_west_merge,98566,ifa,WA,IFA,IFA_07,IFA,,53027,10140,5348330,"IFA Seattle-Tacoma-Bellevue, WA",0.0,no cell in the extract: territory at zero opportunity
ifa_west_merge,98568,ifa,WA,IFA,IFA_07,IFA,,53027,10140,5350430,"IFA Seattle-Tacoma-Bellevue, WA",0.0,no cell in the extract: territory at zero opportunity
ifa_west_merge,98569,ifa,WA,IFA,IFA_07,IFA,,53027,10140,5350570,"IFA Seattle-Tacoma-Bellevue, WA",0.289039,
ifa_west_merge,98570,ifa,WA,IFA,IFA_07,IFA,,53041,16500,5351410,"IFA Seattle-Tacoma-Bellevue, WA",0.0,no cell in the extract: territory at zero opportunity
ifa_west_merge,98571,ifa,WA,IFA,IFA_07,IFA,,53027,10140,5352530,"IFA Seattle-Tacoma-Bellevue, WA",0.0,no cell in the extract: territory at zero opportunity
ifa_west_merge,98572,ifa,WA,IFA,IFA_07,IFA,,53041,16500,5353930,"IFA Seattle-Tacoma-Bellevue, WA",0.0,no cell in the extract: territory at zero opportunity
ifa_west_merge,98575,ifa,WA,IFA,IFA_07,IFA,,53027,10140,,"IFA Seattle-Tacoma-Bellevue, WA",0.0,no cell in the extract: territory at zero opportunity
ifa_west_merge,98576,ifa,WA,IFA,IFA_07,IFA,,53067,36500,5357220,"IFA Seattle-Tacoma-Bellevue, WA",0.0,no cell in the extract: territory at zero opportunity
ifa_west_merge,98577,ifa,WA,IFA,IFA_07,IFA,,53049,,5357430,"IFA Seattle-Tacoma-Bellevue, WA",0.0046401,
ifa_west_merge,98579,ifa,WA,IFA,IFA_07,IFA,,53067,36500,5359110,"IFA Seattle-Tacoma-Bellevue, WA",0.0,no cell in the extract: territory at zero opportunity
ifa_west_merge,98580,ifa,WA,IFA,IFA_07,IFA,,53053,42660,5365810,"IFA Seattle-Tacoma-Bellevue, WA",0.0,no cell in the extract: territory at zero opportunity
ifa_west_merge,98581,ifa,WA,IFA,IFA_07,IFA,,53015,31020,5360580,"IFA Seattle-Tacoma-Bellevue, WA",0.0,no cell in the extract: territory at zero opportunity
ifa_west_merge,98582,ifa,WA,IFA,IFA_07,IFA,,53041,16500,,"IFA Seattle-Tacoma-Bellevue, WA",0.0,no cell in the extract: territory at zero opportunity
ifa_west_merge,98583,ifa,WA,IFA,IFA_07,IFA,,53027,10140,5361350,"IFA Seattle-Tacoma-Bellevue, WA",0.0,no cell in the extract: territory at zero opportunity
ifa_west_merge,98584,ifa,WA,IFA,IFA_07,IFA,,53045,43220,5364775,"IFA Seattle-Tacoma-Bellevue, WA",0.29388,
ifa_west_merge,98585,ifa,WA,IFA,IFA_07,IFA,,53041,16500,,"IFA Seattle-Tacoma-Bellevue, WA",0.0,no cell in the extract: territory at zero opportunity
ifa_west_merge,98586,ifa,WA,IFA,IFA_07,IFA,,53049,,5365625,"IFA Seattle-Tacoma-Bellevue, WA",0.0,no cell in the extract: territory at zero opportunity
ifa_west_merge,98587,ifa,WA,IFA,IFA_07,IFA,,53027,10140,5370175,"IFA Seattle-Tacoma-Bellevue, WA",0.0,no cell in the extract: territory at zero opportunity
ifa_west_merge,98588,ifa,WA,IFA,IFA_07,IFA,,53045,43220,,"IFA Seattle-Tacoma-Bellevue, WA",0.0,no cell in the extract: territory at zero opportunity
ifa_west_merge,98589,ifa,WA,IFA,IFA_07,IFA,,53067,36500,5370630,"IFA Seattle-Tacoma-Bellevue, WA",0.0,no cell in the extract: territory at zero opportunity
ifa_west_merge,98590,ifa,WA,IFA,IFA_07,IFA,,53049,,5371680,"IFA Seattle-Tacoma-Bellevue, WA",0.0,no cell in the extract: territory at zero opportunity
ifa_west_merge,98591,ifa,WA,IFA,IFA_07,IFA,,53041,16500,5371785,"IFA Seattle-Tacoma-Bellevue, WA",0.0,no cell in the extract: territory at zero opportunity
ifa_west_merge,98592,ifa,WA,IFA,IFA_07,IFA,,53045,43220,5373255,"IFA Seattle-Tacoma-Bellevue, WA",0.0,no cell in the extract: territory at zero opportunity
ifa_west_merge,98593,ifa,WA,IFA,IFA_07,IFA,,53041,16500,5373780,"IFA Seattle-Tacoma-Bellevue, WA",0.0,no cell in the extract: territory at zero opportunity
ifa_west_merge,98595,ifa,WA,IFA,IFA_07,IFA,,53027,10140,5377630,"IFA Seattle-Tacoma-Bellevue, WA",0.0,no cell in the extract: territory at zero opportunity
ifa_west_merge,98596,ifa,WA,IFA,IFA_07,IFA,,53041,16500,5379275,"IFA Seattle-Tacoma-Bellevue, WA",0.0,no cell in the extract: territory at zero opportunity
ifa_west_merge,98597,ifa,WA,IFA,IFA_07,IFA,,53067,36500,5380220,"IFA Seattle-Tacoma-Bellevue, WA",0.0,no cell in the extract: territory at zero opportunity
ifa_west_merge,98601,ifa,WA,IFA,IFA_07,IFA,,53011,38900,5301850,"IFA Seattle-Tacoma-Bellevue, WA",0.0,no cell in the extract: territory at zero opportunity
ifa_west_merge,98602,ifa,WA,IFA,IFA_07,IFA,,53039,,,"IFA Seattle-Tacoma-Bellevue, WA",0.0,no cell in the extract: territory at zero opportunity
ifa_west_merge,98603,ifa,WA,IFA,IFA_07,IFA,,53015,31020,,"IFA Seattle-Tacoma-Bellevue, WA",0.0,no cell in the extract: territory at zero opportunity
ifa_west_merge,98604,ifa,WA,IFA,IFA_07,IFA,,53011,38900,5374585,"IFA Seattle-Tacoma-Bellevue, WA",8.70278,
ifa_west_merge,98605,ifa,WA,IFA,IFA_07,IFA,,53059,38900,5306085,"IFA Seattle-Tacoma-Bellevue, WA",0.0,no cell in the extract: territory at zero opportunity
ifa_west_merge,98606,ifa,WA,IFA,IFA_07,IFA,,53011,38900,5331530,"IFA Seattle-Tacoma-Bellevue, WA",0.0,no cell in the extract: territory at zero opportunity
ifa_west_merge,98607,ifa,WA,IFA,IFA_07,IFA,,53011,38900,5309480,"IFA Seattle-Tacoma-Bellevue, WA",20.5405,
ifa_west_merge,98609,ifa,WA,IFA,IFA_07,IFA,,53015,31020,,"IFA Seattle-Tacoma-Bellevue, WA",0.0,no cell in the extract: territory at zero opportunity
ifa_west_merge,98610,ifa,WA,IFA,IFA_07,IFA,,53059,38900,5310320,"IFA Seattle-Tacoma-Bellevue, WA",0.0,no cell in the extract: territory at zero opportunity
ifa_west_merge,98611,ifa,WA,IFA,IFA_07,IFA,,53015,31020,5310565,"IFA Seattle-Tacoma-Bellevue, WA",0.0,no cell in the extract: territory at zero opportunity
ifa_west_merge,98612,ifa,WA,IFA,IFA_07,IFA,,53069,,5356555,"IFA Seattle-Tacoma-Bellevue, WA",0.0,no cell in the extract: territory at zero opportunity
ifa_west_merge,98613,ifa,WA,IFA,IFA_07,IFA,,53039,,5311090,"IFA Seattle-Tacoma-Bellevue, WA",0.0,no cell in the extract: territory at zero opportunity
ifa_west_merge,98614,ifa,WA,IFA,IFA_07,IFA,,53049,,5312315,"IFA Seattle-Tacoma-Bellevue, WA",0.0,no cell in the extract: territory at zero opportunity
ifa_west_merge,98616,ifa,WA,IFA,IFA_07,IFA,,53059,38900,5315010,"IFA Seattle-Tacoma-Bellevue, WA",0.0,no cell in the extract: territory at zero opportunity
ifa_west_merge,98617,ifa,WA,IFA,IFA_07,IFA,,53039,,5316550,"IFA Seattle-Tacoma-Bellevue, WA",0.0,no cell in the extract: territory at zero opportunity
ifa_west_merge,98619,ifa,WA,IFA,IFA_07,IFA,,53039,,5327225,"IFA Seattle-Tacoma-Bellevue, WA",0.0,no cell in the extract: territory at zero opportunity
ifa_west_merge,98620,ifa,WA,IFA,IFA_07,IFA,,53039,,5327435,"IFA Seattle-Tacoma-Bellevue, WA",0.0,no cell in the extract: territory at zero opportunity
ifa_west_merge,98621,ifa,WA,IFA,IFA_07,IFA,,53049,,5328450,"IFA Seattle-Tacoma-Bellevue, WA",0.0,no cell in the extract: territory at zero opportunity
ifa_west_merge,98623,ifa,WA,IFA,IFA_07,IFA,,53039,,,"IFA Seattle-Tacoma-Bellevue, WA",0.0,no cell in the extract: territory at zero opportunity
ifa_west_merge,98624,ifa,WA,IFA,IFA_07,IFA,,53049,,5333000,"IFA Seattle-Tacoma-Bellevue, WA",0.0782182,
ifa_west_merge,98625,ifa,WA,IFA,IFA_07,IFA,,53015,31020,5334645,"IFA Seattle-Tacoma-Bellevue, WA",0.0,no cell in the extract: territory at zero opportunity
ifa_west_merge,98626,ifa,WA,IFA,IFA_07,IFA,,53015,31020,5335065,"IFA Seattle-Tacoma-Bellevue, WA",0.0296259,
ifa_west_merge,98628,ifa,WA,IFA,IFA_07,IFA,,53039,,5336115,"IFA Seattle-Tacoma-Bellevue, WA",0.0,no cell in the extract: territory at zero opportunity
ifa_west_merge,98629,ifa,WA,IFA,IFA_07,IFA,,53011,38900,5336710,"IFA Seattle-Tacoma-Bellevue, WA",0.0,no cell in the extract: territory at zero opportunity
ifa_west_merge,98631,ifa,WA,IFA,IFA_07,IFA,,53049,,5340070,"IFA Seattle-Tacoma-Bellevue, WA",0.0,no cell in the extract: territory at zero opportunity
ifa_west_merge,98632,ifa,WA,IFA,IFA_07,IFA,,53015,31020,5340245,"IFA Seattle-Tacoma-Bellevue, WA",5.02003,
ifa_west_merge,98635,ifa,WA,IFA,IFA_07,IFA,,53039,,5316550,"IFA Seattle-Tacoma-Bellevue, WA",0.0,no cell in the extract: territory at zero opportunity
ifa_west_merge,98638,ifa,WA,IFA,IFA_07,IFA,,53049,,5317215,"IFA Seattle-Tacoma-Bellevue, WA",0.0,no cell in the extract: territory at zero opportunity
ifa_west_merge,98639,ifa,WA,IFA,IFA_07,IFA,,53059,38900,5349555,"IFA Seattle-Tacoma-Bellevue, WA",0.0,no cell in the extract: territory at zero opportunity
ifa_west_merge,98640,ifa,WA,IFA,IFA_07,IFA,,53049,,5350535,"IFA Seattle-Tacoma-Bellevue, WA",0.223054,
ifa_west_merge,98641,ifa,WA,IFA,IFA_07,IFA,,53049,,,"IFA Seattle-Tacoma-Bellevue, WA",0.0,no cell in the extract: territory at zero opportunity
ifa_west_merge,98642,ifa,WA,IFA,IFA_07,IFA,,53011,38900,5358410,"IFA Seattle-Tacoma-Bellevue, WA",1.26728,
ifa_west_merge,98643,ifa,WA,IFA,IFA_07,IFA,,53069,,5359845,"IFA Seattle-Tacoma-Bellevue, WA",0.0,no cell in the extract: territory at zero opportunity
ifa_west_merge,98644,ifa,WA,IFA,IFA_07,IFA,,53049,,,"IFA Seattle-Tacoma-Bellevue, WA",0.0,no cell in the extract: territory at zero opportunity
ifa_west_merge,98645,ifa,WA,IFA,IFA_07,IFA,,53015,31020,,"IFA Seattle-Tacoma-Bellevue, WA",0.0,no cell in the extract: territory at zero opportunity
ifa_west_merge,98647,ifa,WA,IFA,IFA_07,IFA,,53069,,5364755,"IFA Seattle-Tacoma-Bellevue, WA",0.0,no cell in the extract: territory at zero opportunity
ifa_west_merge,98648,ifa,WA,IFA,IFA_07,IFA,,53059,38900,5367875,"IFA Seattle-Tacoma-Bellevue, WA",0.0,no cell in the extract: territory at zero opportunity
ifa_west_merge,98649,ifa,WA,IFA,IFA_07,IFA,,53015,31020,,"IFA Seattle-Tacoma-Bellevue, WA",0.0,no cell in the extract: territory at zero opportunity
ifa_west_merge,98650,ifa,WA,IFA,IFA_07,IFA,,53039,,5372450,"IFA Seattle-Tacoma-Bellevue, WA",0.0,no cell in the extract: territory at zero opportunity
ifa_west_merge,98651,ifa,WA,IFA,IFA_07,IFA,,53059,38900,,"IFA Seattle-Tacoma-Bellevue, WA",0.0,no cell in the extract: territory at zero opportunity
ifa_west_merge,98660,ifa,WA,IFA,IFA_07,IFA,,53011,38900,5374060,"IFA Seattle-Tacoma-Bellevue, WA",3.47358,
ifa_west_merge,98661,ifa,WA,IFA,IFA_07,IFA,,53011,38900,5374060,"IFA Seattle-Tacoma-Bellevue, WA",2.98697,
ifa_west_merge,98662,ifa,WA,IFA,IFA_07,IFA,,53011,38900,5324188,"IFA Seattle-Tacoma-Bellevue, WA",1.71247,
ifa_west_merge,98663,ifa,WA,IFA,IFA_07,IFA,,53011,38900,5374060,"IFA Seattle-Tacoma-Bellevue, WA",0.123494,
ifa_west_merge,98664,ifa,WA,IFA,IFA_07,IFA,,53011,38900,5374060,"IFA Seattle-Tacoma-Bellevue, WA",1.52326,
ifa_west_merge,98665,ifa,WA,IFA,IFA_07,IFA,,53011,38900,5330305,"IFA Seattle-Tacoma-Bellevue, WA",1.5565,
ifa_west_merge,98670,ifa,WA,IFA,IFA_07,IFA,,53039,,,"IFA Seattle-Tacoma-Bellevue, WA",0.0,no cell in the extract: territory at zero opportunity
ifa_west_merge,98671,ifa,WA,IFA,IFA_07,IFA,,53059,38900,5376405,"IFA Seattle-Tacoma-Bellevue, WA",0.0,no cell in the extract: territory at zero opportunity
ifa_west_merge,98672,ifa,WA,IFA,IFA_07,IFA,,53039,,5378330,"IFA Seattle-Tacoma-Bellevue, WA",3.21613,
ifa_west_merge,98673,ifa,WA,IFA,IFA_07,IFA,,53039,,5379485,"IFA Seattle-Tacoma-Bellevue, WA",0.0,no cell in the extract: territory at zero opportunity
ifa_west_merge,98674,ifa,WA,IFA,IFA_07,IFA,,53015,31020,5379625,"IFA Seattle-Tacoma-Bellevue, WA",0.0,no cell in the extract: territory at zero opportunity
ifa_west_merge,98675,ifa,WA,IFA,IFA_07,IFA,,53011,38900,5301850,"IFA Seattle-Tacoma-Bellevue, WA",0.176945,
ifa_west_merge,98682,ifa,WA,IFA,IFA_07,IFA,,53011,38900,5374060,"IFA Seattle-Tacoma-Bellevue, WA",0.445413,
ifa_west_merge,98683,ifa,WA,IFA,IFA_07,IFA,,53011,38900,5374060,"IFA Seattle-Tacoma-Bellevue, WA",2.38846,
ifa_west_merge,98684,ifa,WA,IFA,IFA_07,IFA,,53011,38900,5374060,"IFA Seattle-Tacoma-Bellevue, WA",9.33306,
ifa_west_merge,98685,ifa,WA,IFA,IFA_07,IFA,,53011,38900,5361000,"IFA Seattle-Tacoma-Bellevue, WA",3.42315,
ifa_west_merge,98686,ifa,WA,IFA,IFA_07,IFA,,53011,38900,5347630,"IFA Seattle-Tacoma-Bellevue, WA",0.107386,
ifa_west_merge,98801,ifa,WA,IFA,IFA_07,IFA,,53007,48300,5377105,"IFA Seattle-Tacoma-Bellevue, WA",7.06511,
ifa_west_merge,98802,ifa,WA,IFA,IFA_07,IFA,,53017,48300,5320155,"IFA Seattle-Tacoma-Bellevue, WA",2.21635,
ifa_west_merge,98811,ifa,WA,IFA,IFA_07,IFA,,53007,48300,,"IFA Seattle-Tacoma-Bellevue, WA",0.0,no cell in the extract: territory at zero opportunity
ifa_west_merge,98812,ifa,WA,IFA,IFA_07,IFA,,53047,,5307835,"IFA Seattle-Tacoma-Bellevue, WA",0.0,no cell in the extract: territory at zero opportunity
ifa_west_merge,98813,ifa,WA,IFA,IFA_07,IFA,,53017,48300,5307870,"IFA Seattle-Tacoma-Bellevue, WA",0.0,no cell in the extract: territory at zero opportunity
ifa_west_merge,98814,ifa,WA,IFA,IFA_07,IFA,,53047,,,"IFA Seattle-Tacoma-Bellevue, WA",0.0,no cell in the extract: territory at zero opportunity
ifa_west_merge,98815,ifa,WA,IFA,IFA_07,IFA,,53007,48300,5310495,"IFA Seattle-Tacoma-Bellevue, WA",0.0676133,
ifa_west_merge,98816,ifa,WA,IFA,IFA_07,IFA,,53007,48300,5311615,"IFA Seattle-Tacoma-Bellevue, WA",0.0,no cell in the extract: territory at zero opportunity
ifa_west_merge,98817,ifa,WA,IFA,IFA_07,IFA,,53007,48300,5311685,"IFA Seattle-Tacoma-Bellevue, WA",0.0,no cell in the extract: territory at zero opportunity
ifa_west_merge,98819,ifa,WA,IFA,IFA_07,IFA,,53047,,5314310,"IFA Seattle-Tacoma-Bellevue, WA",0.0,no cell in the extract: territory at zero opportunity
ifa_west_merge,98821,ifa,WA,IFA,IFA_07,IFA,,53007,48300,,"IFA Seattle-Tacoma-Bellevue, WA",0.0,no cell in the extract: territory at zero opportunity
ifa_west_merge,98822,ifa,WA,IFA,IFA_07,IFA,,53007,48300,5322010,"IFA Seattle-Tacoma-Bellevue, WA",0.0,no cell in the extract: territory at zero opportunity
ifa_west_merge,98823,ifa,WA,IFA,IFA_07,IFA,,53025,34180,5322080,"IFA Seattle-Tacoma-Bellevue, WA",4.1468,
ifa_west_merge,98824,ifa,WA,IFA,IFA_07,IFA,,53025,34180,5326455,"IFA Seattle-Tacoma-Bellevue, WA",0.0,no cell in the extract: territory at zero opportunity
ifa_west_merge,98826,ifa,WA,IFA,IFA_07,IFA,,53007,48300,5338845,"IFA Seattle-Tacoma-Bellevue, WA",0.0,no cell in the extract: territory at zero opportunity
ifa_west_merge,98827,ifa,WA,IFA,IFA_07,IFA,,53047,,5340350,"IFA Seattle-Tacoma-Bellevue, WA",0.0,no cell in the extract: territory at zero opportunity
ifa_west_merge,98828,ifa,WA,IFA,IFA_07,IFA,,53007,48300,,"IFA Seattle-Tacoma-Bellevue, WA",0.0,no cell in the extract: territory at zero opportunity
ifa_west_merge,98829,ifa,WA,IFA,IFA_07,IFA,,53047,,5342380,"IFA Seattle-Tacoma-Bellevue, WA",0.0,no cell in the extract: territory at zero opportunity
ifa_west_merge,98830,ifa,WA,IFA,IFA_07,IFA,,53017,48300,5342800,"IFA Seattle-Tacoma-Bellevue, WA",0.0,no cell in the extract: territory at zero opportunity
ifa_west_merge,98831,ifa,WA,IFA,IFA_07,IFA,,53007,48300,5342835,"IFA Seattle-Tacoma-Bellevue, WA",0.0,no cell in the extract: territory at zero opportunity
ifa_west_merge,98832,ifa,WA,IFA,IFA_07,IFA,,53025,34180,5336395,"IFA Seattle-Tacoma-Bellevue, WA",0.0,no cell in the extract: territory at zero opportunity
ifa_west_merge,98833,ifa,WA,IFA,IFA_07,IFA,,53047,,,"IFA Seattle-Tacoma-Bellevue, WA",0.0,no cell in the extract: territory at zero opportunity
ifa_west_merge,98834,ifa,WA,IFA,IFA_07,IFA,,53047,,5345355,"IFA Seattle-Tacoma-Bellevue, WA",0.0,no cell in the extract: territory at zero opportunity
ifa_west_merge,98836,ifa,WA,IFA,IFA_07,IFA,,53007,48300,,"IFA Seattle-Tacoma-Bellevue, WA",0.0,no cell in the extract: territory at zero opportunity
ifa_west_merge,98837,ifa,WA,IFA,IFA_07,IFA,,53025,34180,5347245,"IFA Seattle-Tacoma-Bellevue, WA",0.0,no cell in the extract: territory at zero opportunity
ifa_west_merge,98840,ifa,WA,IFA,IFA_07,IFA,,53047,,5350920,"IFA Seattle-Tacoma-Bellevue, WA",0.0,no cell in the extract: territory at zero opportunity
ifa_west_merge,98841,ifa,WA,IFA,IFA_07,IFA,,53047,,5350007,"IFA Seattle-Tacoma-Bellevue, WA",0.0,no cell in the extract: territory at zero opportunity
ifa_west_merge,98843,ifa,WA,IFA,IFA_07,IFA,,53017,48300,,"IFA Seattle-Tacoma-Bellevue, WA",0.0,no cell in the extract: territory at zero opportunity
ifa_west_merge,98844,ifa,WA,IFA,IFA_07,IFA,,53047,,5351970,"IFA Seattle-Tacoma-Bellevue, WA",0.178111,
ifa_west_merge,98845,ifa,WA,IFA,IFA_07,IFA,,53017,48300,,"IFA Seattle-Tacoma-Bellevue, WA",0.0,no cell in the extract: territory at zero opportunity
ifa_west_merge,98846,ifa,WA,IFA,IFA_07,IFA,,53047,,5353720,"IFA Seattle-Tacoma-Bellevue, WA",0.0,no cell in the extract: territory at zero opportunity
ifa_west_merge,98847,ifa,WA,IFA,IFA_07,IFA,,53007,48300,,"IFA Seattle-Tacoma-Bellevue, WA",0.0,no cell in the extract: territory at zero opportunity
ifa_west_merge,98848,ifa,WA,IFA,IFA_07,IFA,,53025,34180,5357115,"IFA Seattle-Tacoma-Bellevue, WA",0.0,no cell in the extract: territory at zero opportunity
ifa_west_merge,98849,ifa,WA,IFA,IFA_07,IFA,,53047,,5358795,"IFA Seattle-Tacoma-Bellevue, WA",0.0,no cell in the extract: territory at zero opportunity
ifa_west_merge,98850,ifa,WA,IFA,IFA_07,IFA,,53017,48300,5359180,"IFA Seattle-Tacoma-Bellevue, WA",0.0,no cell in the extract: territory at zero opportunity
ifa_west_merge,98851,ifa,WA,IFA,IFA_07,IFA,,53025,34180,5365345,"IFA Seattle-Tacoma-Bellevue, WA",0.0,no cell in the extract: territory at zero opportunity
ifa_west_merge,98852,ifa,WA,IFA,IFA_07,IFA,,53007,48300,,"IFA Seattle-Tacoma-Bellevue, WA",0.0,no cell in the extract: territory at zero opportunity
ifa_west_merge,98853,ifa,WA,IFA,IFA_07,IFA,,53025,34180,,"IFA Seattle-Tacoma-Bellevue, WA",0.0,no cell in the extract: territory at zero opportunity
ifa_west_merge,98855,ifa,WA,IFA,IFA_07,IFA,,53047,,5371890,"IFA Seattle-Tacoma-Bellevue, WA",0.0,no cell in the extract: territory at zero opportunity
ifa_west_merge,98856,ifa,WA,IFA,IFA_07,IFA,,53047,,5373080,"IFA Seattle-Tacoma-Bellevue, WA",0.273903,
ifa_west_merge,98857,ifa,WA,IFA,IFA_07,IFA,,53025,34180,5376160,"IFA Seattle-Tacoma-Bellevue, WA",0.0,no cell in the extract: territory at zero opportunity
ifa_west_merge,98858,ifa,WA,IFA,IFA_07,IFA,,53017,48300,5376510,"IFA Seattle-Tacoma-Bellevue, WA",0.0,no cell in the extract: territory at zero opportunity
ifa_west_merge,98859,ifa,WA,IFA,IFA_07,IFA,,53047,,,"IFA Seattle-Tacoma-Bellevue, WA",0.0,no cell in the extract: territory at zero opportunity
ifa_west_merge,98860,ifa,WA,IFA,IFA_07,IFA,,53025,34180,5379135,"IFA Seattle-Tacoma-Bellevue, WA",0.0,no cell in the extract: territory at zero opportunity
ifa_west_merge,98862,ifa,WA,IFA,IFA_07,IFA,,53047,,5379380,"IFA Seattle-Tacoma-Bellevue, WA",0.0,no cell in the extract: territory at zero opportunity
ifa_west_merge,98901,ifa,WA,IFA,IFA_07,IFA,,53077,49420,5370805,"IFA Seattle-Tacoma-Bellevue, WA",0.0,no cell in the extract: territory at zero opportunity
ifa_west_merge,98902,ifa,WA,IFA,IFA_07,IFA,,53077,49420,5380010,"IFA Seattle-Tacoma-Bellevue, WA",0.631341,
ifa_west_merge,98903,ifa,WA,IFA,IFA_07,IFA,,53077,49420,5300800,"IFA Seattle-Tacoma-Bellevue, WA",0.0,no cell in the extract: territory at zero opportunity
ifa_west_merge,98908,ifa,WA,IFA,IFA_07,IFA,,53077,49420,5380010,"IFA Seattle-Tacoma-Bellevue, WA",0.0,no cell in the extract: territory at zero opportunity
ifa_west_merge,98921,ifa,WA,IFA,IFA_07,IFA,,53077,49420,5308640,"IFA Seattle-Tacoma-Bellevue, WA",0.0,no cell in the extract: territory at zero opportunity
ifa_west_merge,98922,ifa,WA,IFA,IFA_07,IFA,,53037,21260,5312945,"IFA Seattle-Tacoma-Bellevue, WA",0.0,no cell in the extract: territory at zero opportunity
ifa_west_merge,98923,ifa,WA,IFA,IFA_07,IFA,,53077,49420,5315325,"IFA Seattle-Tacoma-Bellevue, WA",0.0,no cell in the extract: territory at zero opportunity
ifa_west_merge,98925,ifa,WA,IFA,IFA_07,IFA,,53037,21260,5319700,"IFA Seattle-Tacoma-Bellevue, WA",0.0,no cell in the extract: territory at zero opportunity
ifa_west_merge,98926,ifa,WA,IFA,IFA_07,IFA,,53037,21260,5321240,"IFA Seattle-Tacoma-Bellevue, WA",3.56801,
ifa_west_merge,98930,ifa,WA,IFA,IFA_07,IFA,,53077,49420,5327925,"IFA Seattle-Tacoma-Bellevue, WA",0.0,no cell in the extract: territory at zero opportunity
ifa_west_merge,98932,ifa,WA,IFA,IFA_07,IFA,,53077,49420,5327960,"IFA Seattle-Tacoma-Bellevue, WA",0.0,no cell in the extract: territory at zero opportunity
ifa_west_merge,98933,ifa,WA,IFA,IFA_07,IFA,,53077,49420,5329710,"IFA Seattle-Tacoma-Bellevue, WA",0.0,no cell in the extract: territory at zero opportunity
ifa_west_merge,98934,ifa,WA,IFA,IFA_07,IFA,,53037,21260,5336045,"IFA Seattle-Tacoma-Bellevue, WA",0.0,no cell in the extract: territory at zero opportunity
ifa_west_merge,98935,ifa,WA,IFA,IFA_07,IFA,,53077,49420,5327925,"IFA Seattle-Tacoma-Bellevue, WA",0.0,no cell in the extract: territory at zero opportunity
ifa_west_merge,98936,ifa,WA,IFA,IFA_07,IFA,,53077,49420,5347665,"IFA Seattle-Tacoma-Bellevue, WA",0.0,no cell in the extract: territory at zero opportunity
ifa_west_merge,98937,ifa,WA,IFA,IFA_07,IFA,,53077,49420,5313015,"IFA Seattle-Tacoma-Bellevue, WA",0.0,no cell in the extract: territory at zero opportunity
ifa_west_merge,98938,ifa,WA,IFA,IFA_07,IFA,,53077,49420,5368750,"IFA Seattle-Tacoma-Bellevue, WA",0.0,no cell in the extract: territory at zero opportunity
ifa_west_merge,98939,ifa,WA,IFA,IFA_07,IFA,,53077,49420,5353265,"IFA Seattle-Tacoma-Bellevue, WA",0.0,no cell in the extract: territory at zero opportunity
ifa_west_merge,98940,ifa,WA,IFA,IFA_07,IFA,,53037,21260,5359635,"IFA Seattle-Tacoma-Bellevue, WA",0.0,no cell in the extract: territory at zero opportunity
ifa_west_merge,98941,ifa,WA,IFA,IFA_07,IFA,,53037,21260,5360055,"IFA Seattle-Tacoma-Bellevue, WA",0.0,no cell in the extract: territory at zero opportunity
ifa_west_merge,98942,ifa,WA,IFA,IFA_07,IFA,,53077,49420,5363280,"IFA Seattle-Tacoma-Bellevue, WA",0.0,no cell in the extract: territory at zero opportunity
ifa_west_merge,98943,ifa,WA,IFA,IFA_07,IFA,,53037,21260,5365765,"IFA Seattle-Tacoma-Bellevue, WA",0.0,no cell in the extract: territory at zero opportunity
ifa_west_merge,98944,ifa,WA,IFA,IFA_07,IFA,,53005,28420,5368750,"IFA Seattle-Tacoma-Bellevue, WA",0.0,no cell in the extract: territory at zero opportunity
ifa_west_merge,98946,ifa,WA,IFA,IFA_07,IFA,,53037,21260,5371225,"IFA Seattle-Tacoma-Bellevue, WA",0.0,no cell in the extract: territory at zero opportunity
ifa_west_merge,98947,ifa,WA,IFA,IFA_07,IFA,,53077,49420,5371400,"IFA Seattle-Tacoma-Bellevue, WA",0.0,no cell in the extract: territory at zero opportunity
ifa_west_merge,98948,ifa,WA,IFA,IFA_07,IFA,,53077,49420,5371960,"IFA Seattle-Tacoma-Bellevue, WA",0.0,no cell in the extract: territory at zero opportunity
ifa_west_merge,98950,ifa,WA,IFA,IFA_07,IFA,,53037,21260,5374200,"IFA Seattle-Tacoma-Bellevue, WA",0.0,no cell in the extract: territory at zero opportunity
ifa_west_merge,98951,ifa,WA,IFA,IFA_07,IFA,,53077,49420,5376125,"IFA Seattle-Tacoma-Bellevue, WA",0.0,no cell in the extract: territory at zero opportunity
ifa_west_merge,98952,ifa,WA,IFA,IFA_07,IFA,,53077,49420,5378365,"IFA Seattle-Tacoma-Bellevue, WA",0.0,no cell in the extract: territory at zero opportunity
ifa_west_merge,98953,ifa,WA,IFA,IFA_07,IFA,,53077,49420,5380500,"IFA Seattle-Tacoma-Bellevue, WA",0.0,no cell in the extract: territory at zero opportunity
ifa_west_merge,99001,ifa,WA,IFA,IFA_07,IFA,,53063,44060,5300905,"IFA Seattle-Tacoma-Bellevue, WA",0.130211,
ifa_west_merge,99003,ifa,WA,IFA,IFA_07,IFA,,53063,44060,,"IFA Seattle-Tacoma-Bellevue, WA",0.0,no cell in the extract: territory at zero opportunity
ifa_west_merge,99004,ifa,WA,IFA,IFA_07,IFA,,53063,44060,5311825,"IFA Seattle-Tacoma-Bellevue, WA",0.0,no cell in the extract: territory at zero opportunity
ifa_west_merge,99005,ifa,WA,IFA,IFA_07,IFA,,53063,44060,5328590,"IFA Seattle-Tacoma-Bellevue, WA",0.0,no cell in the extract: territory at zero opportunity
ifa_west_merge,99006,ifa,WA,IFA,IFA_07,IFA,,53063,44060,5317320,"IFA Seattle-Tacoma-Bellevue, WA",0.15909,
ifa_west_merge,99008,ifa,WA,IFA,IFA_07,IFA,,53043,,,"IFA Seattle-Tacoma-Bellevue, WA",0.0,no cell in the extract: territory at zero opportunity
ifa_west_merge,99009,ifa,WA,IFA,IFA_07,IFA,,53063,44060,,"IFA Seattle-Tacoma-Bellevue, WA",0.0,no cell in the extract: territory at zero opportunity
ifa_west_merge,99011,ifa,WA,IFA,IFA_07,IFA,,53063,44060,5322955,"IFA Seattle-Tacoma-Bellevue, WA",0.0,no cell in the extract: territory at zero opportunity
ifa_west_merge,99012,ifa,WA,IFA,IFA_07,IFA,,53063,44060,5322990,"IFA Seattle-Tacoma-Bellevue, WA",0.0,no cell in the extract: territory at zero opportunity
ifa_west_merge,99013,ifa,WA,IFA,IFA_07,IFA,,53065,44060,,"IFA Seattle-Tacoma-Bellevue, WA",0.0,no cell in the extract: territory at zero opportunity
ifa_west_merge,99014,ifa,WA,IFA,IFA_07,IFA,,53063,44060,5325300,"IFA Seattle-Tacoma-Bellevue, WA",0.0,no cell in the extract: territory at zero opportunity
ifa_west_merge,99016,ifa,WA,IFA,IFA_07,IFA,,53063,44060,5367167,"IFA Seattle-Tacoma-Bellevue, WA",0.102156,
ifa_west_merge,99017,ifa,WA,IFA,IFA_07,IFA,,53075,39420,5338215,"IFA Seattle-Tacoma-Bellevue, WA",0.0,no cell in the extract: territory at zero opportunity
ifa_west_merge,99018,ifa,WA,IFA,IFA_07,IFA,,53063,44060,5338495,"IFA Seattle-Tacoma-Bellevue, WA",0.0,no cell in the extract: territory at zero opportunity
ifa_west_merge,99019,ifa,WA,IFA,IFA_07,IFA,,53063,44060,5339335,"IFA Seattle-Tacoma-Bellevue, WA",0.0,no cell in the extract: territory at zero opportunity
ifa_west_merge,99020,ifa,WA,IFA,IFA_07,IFA,,53063,44060,,"IFA Seattle-Tacoma-Bellevue, WA",0.0,no cell in the extract: territory at zero opportunity
ifa_west_merge,99021,ifa,WA,IFA,IFA_07,IFA,,53063,44060,5344480,"IFA Seattle-Tacoma-Bellevue, WA",0.160291,
ifa_west_merge,99022,ifa,WA,IFA,IFA_07,IFA,,53063,44060,5344690,"IFA Seattle-Tacoma-Bellevue, WA",0.0,no cell in the extract: territory at zero opportunity
ifa_west_merge,99023,ifa,WA,IFA,IFA_07,IFA,,53063,44060,,"IFA Seattle-Tacoma-Bellevue, WA",0.0,no cell in the extract: territory at zero opportunity
ifa_west_merge,99025,ifa,WA,IFA,IFA_07,IFA,,53063,44060,5352267,"IFA Seattle-Tacoma-Bellevue, WA",0.0,no cell in the extract: territory at zero opportunity
ifa_west_merge,99026,ifa,WA,IFA,IFA_07,IFA,,53063,44060,5368460,"IFA Seattle-Tacoma-Bellevue, WA",0.0,no cell in the extract: territory at zero opportunity
ifa_west_merge,99027,ifa,WA,IFA,IFA_07,IFA,,53063,44060,5352267,"IFA Seattle-Tacoma-Bellevue, WA",0.0143181,
ifa_west_merge,99029,ifa,WA,IFA,IFA_07,IFA,,53043,,5357465,"IFA Seattle-Tacoma-Bellevue, WA",0.0,no cell in the extract: territory at zero opportunity
ifa_west_merge,99030,ifa,WA,IFA,IFA_07,IFA,,53063,44060,5359145,"IFA Seattle-Tacoma-Bellevue, WA",0.0,no cell in the extract: territory at zero opportunity
ifa_west_merge,99031,ifa,WA,IFA,IFA_07,IFA,,53063,44060,5366290,"IFA Seattle-Tacoma-Bellevue, WA",0.0,no cell in the extract: territory at zero opportunity
ifa_west_merge,99032,ifa,WA,IFA,IFA_07,IFA,,53043,,5367175,"IFA Seattle-Tacoma-Bellevue, WA",0.0,no cell in the extract: territory at zero opportunity
ifa_west_merge,99033,ifa,WA,IFA,IFA_07,IFA,,53075,39420,5370560,"IFA Seattle-Tacoma-Bellevue, WA",0.0,no cell in the extract: territory at zero opportunity
ifa_west_merge,99034,ifa,WA,IFA,IFA_07,IFA,,53065,44060,,"IFA Seattle-Tacoma-Bellevue, WA",0.0,no cell in the extract: territory at zero opportunity
ifa_west_merge,99036,ifa,WA,IFA,IFA_07,IFA,,53063,44060,,"IFA Seattle-Tacoma-Bellevue, WA",0.0,no cell in the extract: territory at zero opportunity
ifa_west_merge,99037,ifa,WA,IFA,IFA_07,IFA,,53063,44060,5367167,"IFA Seattle-Tacoma-Bellevue, WA",0.0,no cell in the extract: territory at zero opportunity
ifa_west_merge,99039,ifa,WA,IFA,IFA_07,IFA,,53063,44060,5376720,"IFA Seattle-Tacoma-Bellevue, WA",0.0,no cell in the extract: territory at zero opportunity
ifa_west_merge,99040,ifa,WA,IFA,IFA_07,IFA,,53065,44060,,"IFA Seattle-Tacoma-Bellevue, WA",0.0,no cell in the extract: territory at zero opportunity
ifa_west_merge,99101,ifa,WA,IFA,IFA_07,IFA,,53065,44060,5300380,"IFA Seattle-Tacoma-Bellevue, WA",0.0,no cell in the extract: territory at zero opportunity
ifa_west_merge,99102,ifa,WA,IFA,IFA_07,IFA,,53075,39420,5301010,"IFA Seattle-Tacoma-Bellevue, WA",0.0,no cell in the extract: territory at zero opportunity
ifa_west_merge,99103,ifa,WA,IFA,IFA_07,IFA,,53043,,5301500,"IFA Seattle-Tacoma-Bellevue, WA",0.0,no cell in the extract: territory at zero opportunity
ifa_west_merge,99105,ifa,WA,IFA,IFA_07,IFA,,53001,36830,,"IFA Seattle-Tacoma-Bellevue, WA",0.0,no cell in the extract: territory at zero opportunity
ifa_west_merge,99109,ifa,WA,IFA,IFA_07,IFA,,53065,44060,5312140,"IFA Seattle-Tacoma-Bellevue, WA",0.0,no cell in the extract: territory at zero opportunity
ifa_west_merge,99110,ifa,WA,IFA,IFA_07,IFA,,53065,44060,5312735,"IFA Seattle-Tacoma-Bellevue, WA",0.0,no cell in the extract: territory at zero opportunity
ifa_west_merge,99111,ifa,WA,IFA,IFA_07,IFA,,53075,39420,5313785,"IFA Seattle-Tacoma-Bellevue, WA",0.0,no cell in the extract: territory at zero opportunity
ifa_west_merge,99113,ifa,WA,IFA,IFA_07,IFA,,53075,39420,5313890,"IFA Seattle-Tacoma-Bellevue, WA",0.0,no cell in the extract: territory at zero opportunity
ifa_west_merge,99114,ifa,WA,IFA,IFA_07,IFA,,53065,44060,5314170,"IFA Seattle-Tacoma-Bellevue, WA",0.0,no cell in the extract: territory at zero opportunity
ifa_west_merge,99115,ifa,WA,IFA,IFA_07,IFA,,53017,48300,5304125,"IFA Seattle-Tacoma-Bellevue, WA",0.0,no cell in the extract: territory at zero opportunity
ifa_west_merge,99116,ifa,WA,IFA,IFA_07,IFA,,53047,,5315115,"IFA Seattle-Tacoma-Bellevue, WA",0.0,no cell in the extract: territory at zero opportunity
ifa_west_merge,99117,ifa,WA,IFA,IFA_07,IFA,,53043,,5315710,"IFA Seattle-Tacoma-Bellevue, WA",0.0,no cell in the extract: territory at zero opportunity
ifa_west_merge,99118,ifa,WA,IFA,IFA_07,IFA,,53019,,5316165,"IFA Seattle-Tacoma-Bellevue, WA",0.0,no cell in the extract: territory at zero opportunity
ifa_west_merge,99119,ifa,WA,IFA,IFA_07,IFA,,53051,,5316340,"IFA Seattle-Tacoma-Bellevue, WA",0.0,no cell in the extract: territory at zero opportunity
ifa_west_merge,99121,ifa,WA,IFA,IFA_07,IFA,,53019,,5316585,"IFA Seattle-Tacoma-Bellevue, WA",0.0,no cell in the extract: territory at zero opportunity
ifa_west_merge,99122,ifa,WA,IFA,IFA_07,IFA,,53043,,5316795,"IFA Seattle-Tacoma-Bellevue, WA",0.0,no cell in the extract: territory at zero opportunity
ifa_west_merge,99123,ifa,WA,IFA,IFA_07,IFA,,53025,34180,5321030,"IFA Seattle-Tacoma-Bellevue, WA",0.0,no cell in the extract: territory at zero opportunity
ifa_west_merge,99124,ifa,WA,IFA,IFA_07,IFA,,53047,,5321485,"IFA Seattle-Tacoma-Bellevue, WA",0.0,no cell in the extract: territory at zero opportunity
ifa_west_merge,99125,ifa,WA,IFA,IFA_07,IFA,,53075,39420,5321730,"IFA Seattle-Tacoma-Bellevue, WA",0.0,no cell in the extract: territory at zero opportunity
ifa_west_merge,99126,ifa,WA,IFA,IFA_07,IFA,,53065,44060,,"IFA Seattle-Tacoma-Bellevue, WA",0.0,no cell in the extract: territory at zero opportunity
ifa_west_merge,99128,ifa,WA,IFA,IFA_07,IFA,,53075,39420,5323340,"IFA Seattle-Tacoma-Bellevue, WA",0.0,no cell in the extract: territory at zero opportunity
ifa_west_merge,99129,ifa,WA,IFA,IFA_07,IFA,,53065,44060,,"IFA Seattle-Tacoma-Bellevue, WA",0.0,no cell in the extract: territory at zero opportunity
ifa_west_merge,99130,ifa,WA,IFA,IFA_07,IFA,,53075,39420,5326140,"IFA Seattle-Tacoma-Bellevue, WA",0.0,no cell in the extract: territory at zero opportunity
ifa_west_merge,99131,ifa,WA,IFA,IFA_07,IFA,,53065,44060,,"IFA Seattle-Tacoma-Bellevue, WA",0.0,no cell in the extract: territory at zero opportunity
ifa_west_merge,99133,ifa,WA,IFA,IFA_07,IFA,,53017,48300,5327855,"IFA Seattle-Tacoma-Bellevue, WA",0.0,no cell in the extract: territory at zero opportunity
ifa_west_merge,99134,ifa,WA,IFA,IFA_07,IFA,,53043,,5329745,"IFA Seattle-Tacoma-Bellevue, WA",0.0,no cell in the extract: territory at zero opportunity
ifa_west_merge,99135,ifa,WA,IFA,IFA_07,IFA,,53025,34180,5329920,"IFA Seattle-Tacoma-Bellevue, WA",0.0,no cell in the extract: territory at zero opportunity
ifa_west_merge,99136,ifa,WA,IFA,IFA_07,IFA,,53075,39420,,"IFA Seattle-Tacoma-Bellevue, WA",0.0,no cell in the extract: territory at zero opportunity
ifa_west_merge,99137,ifa,WA,IFA,IFA_07,IFA,,53065,44060,,"IFA Seattle-Tacoma-Bellevue, WA",0.0,no cell in the extract: territory at zero opportunity
ifa_west_merge,99138,ifa,WA,IFA,IFA_07,IFA,,53019,,5333105,"IFA Seattle-Tacoma-Bellevue, WA",0.0,no cell in the extract: territory at zero opportunity
ifa_west_merge,99139,ifa,WA,IFA,IFA_07,IFA,,53051,,5333560,"IFA Seattle-Tacoma-Bellevue, WA",0.0,no cell in the extract: territory at zero opportunity
ifa_west_merge,99140,ifa,WA,IFA,IFA_07,IFA,,53019,,5334960,"IFA Seattle-Tacoma-Bellevue, WA",0.0,no cell in the extract: territory at zero opportunity
ifa_west_merge,99141,ifa,WA,IFA,IFA_07,IFA,,53019,,5335485,"IFA Seattle-Tacoma-Bellevue, WA",0.0,no cell in the extract: territory at zero opportunity
ifa_west_merge,99143,ifa,WA,IFA,IFA_07,IFA,,53075,39420,5336850,"IFA Seattle-Tacoma-Bellevue, WA",0.0,no cell in the extract: territory at zero opportunity
ifa_west_merge,99144,ifa,WA,IFA,IFA_07,IFA,,53043,,,"IFA Seattle-Tacoma-Bellevue, WA",0.0,no cell in the extract: territory at zero opportunity
ifa_west_merge,99146,ifa,WA,IFA,IFA_07,IFA,,53019,,5338705,"IFA Seattle-Tacoma-Bellevue, WA",0.0,no cell in the extract: territory at zero opportunity
ifa_west_merge,99147,ifa,WA,IFA,IFA_07,IFA,,53043,,,"IFA Seattle-Tacoma-Bellevue, WA",0.0,no cell in the extract: territory at zero opportunity
ifa_west_merge,99148,ifa,WA,IFA,IFA_07,IFA,,53065,44060,5340385,"IFA Seattle-Tacoma-Bellevue, WA",0.0,no cell in the extract: territory at zero opportunity
ifa_west_merge,99149,ifa,WA,IFA,IFA_07,IFA,,53075,39420,5342275,"IFA Seattle-Tacoma-Bellevue, WA",0.0,no cell in the extract: territory at zero opportunity
ifa_west_merge,99150,ifa,WA,IFA,IFA_07,IFA,,53019,,5342310,"IFA Seattle-Tacoma-Bellevue, WA",0.0,no cell in the extract: territory at zero opportunity
ifa_west_merge,99151,ifa,WA,IFA,IFA_07,IFA,,53065,44060,5343395,"IFA Seattle-Tacoma-Bellevue, WA",0.0,no cell in the extract: territory at zero opportunity
ifa_west_merge,99152,ifa,WA,IFA,IFA_07,IFA,,53051,,5345285,"IFA Seattle-Tacoma-Bellevue, WA",0.0,no cell in the extract: territory at zero opportunity
ifa_west_merge,99153,ifa,WA,IFA,IFA_07,IFA,,53051,,5345320,"IFA Seattle-Tacoma-Bellevue, WA",0.0,no cell in the extract: territory at zero opportunity
ifa_west_merge,99154,ifa,WA,IFA,IFA_07,IFA,,53043,,,"IFA Seattle-Tacoma-Bellevue, WA",0.0,no cell in the extract: territory at zero opportunity
ifa_west_merge,99155,ifa,WA,IFA,IFA_07,IFA,,53047,,5348550,"IFA Seattle-Tacoma-Bellevue, WA",0.0,no cell in the extract: territory at zero opportunity
ifa_west_merge,99156,ifa,WA,IFA,IFA_07,IFA,,53051,,5348820,"IFA Seattle-Tacoma-Bellevue, WA",0.0,no cell in the extract: territory at zero opportunity
ifa_west_merge,99157,ifa,WA,IFA,IFA_07,IFA,,53065,44060,5350045,"IFA Seattle-Tacoma-Bellevue, WA",0.0,no cell in the extract: territory at zero opportunity
ifa_west_merge,99158,ifa,WA,IFA,IFA_07,IFA,,53075,39420,5350325,"IFA Seattle-Tacoma-Bellevue, WA",0.0,no cell in the extract: territory at zero opportunity
ifa_west_merge,99159,ifa,WA,IFA,IFA_07,IFA,,53043,,5350745,"IFA Seattle-Tacoma-Bellevue, WA",0.0,no cell in the extract: territory at zero opportunity
ifa_west_merge,99160,ifa,WA,IFA,IFA_07,IFA,,53019,,5351830,"IFA Seattle-Tacoma-Bellevue, WA",0.0,no cell in the extract: territory at zero opportunity
ifa_west_merge,99161,ifa,WA,IFA,IFA_07,IFA,,53075,39420,5352950,"IFA Seattle-Tacoma-Bellevue, WA",0.0,no cell in the extract: territory at zero opportunity
ifa_west_merge,99163,ifa,WA,IFA,IFA_07,IFA,,53075,39420,5356625,"IFA Seattle-Tacoma-Bellevue, WA",7.3295,
ifa_west_merge,99166,ifa,WA,IFA,IFA_07,IFA,,53019,,5316170,"IFA Seattle-Tacoma-Bellevue, WA",0.0,no cell in the extract: territory at zero opportunity
ifa_west_merge,99167,ifa,WA,IFA,IFA_07,IFA,,53065,44060,,"IFA Seattle-Tacoma-Bellevue, WA",0.0,no cell in the extract: territory at zero opportunity
ifa_west_merge,99169,ifa,WA,IFA,IFA_07,IFA,,53001,36830,5358725,"IFA Seattle-Tacoma-Bellevue, WA",0.0,no cell in the extract: territory at zero opportunity
ifa_west_merge,99170,ifa,WA,IFA,IFA_07,IFA,,53075,39420,5359775,"IFA Seattle-Tacoma-Bellevue, WA",0.0,no cell in the extract: territory at zero opportunity
ifa_west_merge,99171,ifa,WA,IFA,IFA_07,IFA,,53075,39420,5360860,"IFA Seattle-Tacoma-Bellevue, WA",0.0,no cell in the extract: territory at zero opportunity
ifa_west_merge,99173,ifa,WA,IFA,IFA_07,IFA,,53065,44060,5367210,"IFA Seattle-Tacoma-Bellevue, WA",0.0,no cell in the extract: territory at zero opportunity
ifa_west_merge,99174,ifa,WA,IFA,IFA_07,IFA,,53075,39420,5367805,"IFA Seattle-Tacoma-Bellevue, WA",0.0,no cell in the extract: territory at zero opportunity
ifa_west_merge,99176,ifa,WA,IFA,IFA_07,IFA,,53075,39420,,"IFA Seattle-Tacoma-Bellevue, WA",0.0,no cell in the extract: territory at zero opportunity
ifa_west_merge,99179,ifa,WA,IFA,IFA_07,IFA,,53075,39420,5373360,"IFA Seattle-Tacoma-Bellevue, WA",0.0,no cell in the extract: territory at zero opportunity
ifa_west_merge,99180,ifa,WA,IFA,IFA_07,IFA,,53051,,5316340,"IFA Seattle-Tacoma-Bellevue, WA",0.0,no cell in the extract: territory at zero opportunity
ifa_west_merge,99181,ifa,WA,IFA,IFA_07,IFA,,53065,44060,5373885,"IFA Seattle-Tacoma-Bellevue, WA",0.0,no cell in the extract: territory at zero opportunity
ifa_west_merge,99185,ifa,WA,IFA,IFA_07,IFA,,53043,,5378680,"IFA Seattle-Tacoma-Bellevue, WA",0.0,no cell in the extract: territory at zero opportunity
ifa_west_merge,99201,ifa,WA,IFA,IFA_07,IFA,,53063,44060,5367000,"IFA Seattle-Tacoma-Bellevue, WA",11.544,
ifa_west_merge,99202,ifa,WA,IFA,IFA_07,IFA,,53063,44060,5367000,"IFA Seattle-Tacoma-Bellevue, WA",10.7086,
ifa_west_merge,99203,ifa,WA,IFA,IFA_07,IFA,,53063,44060,5367000,"IFA Seattle-Tacoma-Bellevue, WA",2.06582,
ifa_west_merge,99204,ifa,WA,IFA,IFA_07,IFA,,53063,44060,5367000,"IFA Seattle-Tacoma-Bellevue, WA",0.906625,
ifa_west_merge,99205,ifa,WA,IFA,IFA_07,IFA,,53063,44060,5367000,"IFA Seattle-Tacoma-Bellevue, WA",0.370607,
ifa_west_merge,99206,ifa,WA,IFA,IFA_07,IFA,,53063,44060,5367167,"IFA Seattle-Tacoma-Bellevue, WA",0.933417,
ifa_west_merge,99207,ifa,WA,IFA,IFA_07,IFA,,53063,44060,5367000,"IFA Seattle-Tacoma-Bellevue, WA",0.304638,
ifa_west_merge,99208,ifa,WA,IFA,IFA_07,IFA,,53063,44060,5367000,"IFA Seattle-Tacoma-Bellevue, WA",0.061031,
ifa_west_merge,99212,ifa,WA,IFA,IFA_07,IFA,,53063,44060,5367167,"IFA Seattle-Tacoma-Bellevue, WA",3.89717,
ifa_west_merge,99216,ifa,WA,IFA,IFA_07,IFA,,53063,44060,5367167,"IFA Seattle-Tacoma-Bellevue, WA",5.95801,
ifa_west_merge,99217,ifa,WA,IFA,IFA_07,IFA,,53063,44060,5367000,"IFA Seattle-Tacoma-Bellevue, WA",0.0,no cell in the extract: territory at zero opportunity
ifa_west_merge,99218,ifa,WA,IFA,IFA_07,IFA,,53063,44060,5323165,"IFA Seattle-Tacoma-Bellevue, WA",0.559592,
ifa_west_merge,99223,ifa,WA,IFA,IFA_07,IFA,,53063,44060,5367000,"IFA Seattle-Tacoma-Bellevue, WA",2.89212,
ifa_west_merge,99224,ifa,WA,IFA,IFA_07,IFA,,53063,44060,5367000,"IFA Seattle-Tacoma-Bellevue, WA",0.548882,
ifa_west_merge,99251,ifa,WA,IFA,IFA_07,IFA,,53063,44060,5315150,"IFA Seattle-Tacoma-Bellevue, WA",0.0,no cell in the extract: territory at zero opportunity
ifa_west_merge,99258,ifa,WA,IFA,IFA_07,IFA,,53063,44060,5367000,"IFA Seattle-Tacoma-Bellevue, WA",0.0,no cell in the extract: territory at zero opportunity
ifa_west_merge,99301,ifa,WA,IFA,IFA_07,IFA,,53021,28420,5353545,"IFA Seattle-Tacoma-Bellevue, WA",0.0,no cell in the extract: territory at zero opportunity
ifa_west_merge,99320,ifa,WA,IFA,IFA_07,IFA,,53005,28420,5377665,"IFA Seattle-Tacoma-Bellevue, WA",0.0,no cell in the extract: territory at zero opportunity
ifa_west_merge,99321,ifa,WA,IFA,IFA_07,IFA,,53025,34180,5361925,"IFA Seattle-Tacoma-Bellevue, WA",0.0,no cell in the extract: territory at zero opportunity
ifa_west_merge,99322,ifa,WA,IFA,IFA_07,IFA,,53039,,5305980,"IFA Seattle-Tacoma-Bellevue, WA",0.0,no cell in the extract: territory at zero opportunity
ifa_west_merge,99323,ifa,WA,IFA,IFA_07,IFA,,53071,47460,5308780,"IFA Seattle-Tacoma-Bellevue, WA",0.0,no cell in the extract: territory at zero opportunity
ifa_west_merge,99324,ifa,WA,IFA,IFA_07,IFA,,53071,47460,5313855,"IFA Seattle-Tacoma-Bellevue, WA",0.0,no cell in the extract: territory at zero opportunity
ifa_west_merge,99326,ifa,WA,IFA,IFA_07,IFA,,53021,28420,5314485,"IFA Seattle-Tacoma-Bellevue, WA",0.0,no cell in the extract: territory at zero opportunity
ifa_west_merge,99328,ifa,WA,IFA,IFA_07,IFA,,53013,,5316970,"IFA Seattle-Tacoma-Bellevue, WA",0.0,no cell in the extract: territory at zero opportunity
ifa_west_merge,99329,ifa,WA,IFA,IFA_07,IFA,,53071,47460,5318055,"IFA Seattle-Tacoma-Bellevue, WA",0.0,no cell in the extract: territory at zero opportunity
ifa_west_merge,99330,ifa,WA,IFA,IFA_07,IFA,,53021,28420,5345180,"IFA Seattle-Tacoma-Bellevue, WA",0.0,no cell in the extract: territory at zero opportunity
ifa_west_merge,99333,ifa,WA,IFA,IFA_07,IFA,,53075,39420,,"IFA Seattle-Tacoma-Bellevue, WA",0.0,no cell in the extract: territory at zero opportunity
ifa_west_merge,99335,ifa,WA,IFA,IFA_07,IFA,,53021,28420,5334575,"IFA Seattle-Tacoma-Bellevue, WA",0.0,no cell in the extract: territory at zero opportunity
ifa_west_merge,99336,ifa,WA,IFA,IFA_07,IFA,,53005,28420,5335275,"IFA Seattle-Tacoma-Bellevue, WA",15.7564,
ifa_west_merge,99337,ifa,WA,IFA,IFA_07,IFA,,53005,28420,5323865,"IFA Seattle-Tacoma-Bellevue, WA",0.0796342,
ifa_west_merge,99338,ifa,WA,IFA,IFA_07,IFA,,53005,28420,5335275,"IFA Seattle-Tacoma-Bellevue, WA",0.0425892,
ifa_west_merge,99341,ifa,WA,IFA,IFA_07,IFA,,53001,36830,5339510,"IFA Seattle-Tacoma-Bellevue, WA",0.0,no cell in the extract: territory at zero opportunity
ifa_west_merge,99343,ifa,WA,IFA,IFA_07,IFA,,53021,28420,5304405,"IFA Seattle-Tacoma-Bellevue, WA",0.0,no cell in the extract: territory at zero opportunity
ifa_west_merge,99344,ifa,WA,IFA,IFA_07,IFA,,53001,36830,5352215,"IFA Seattle-Tacoma-Bellevue, WA",0.207863,
ifa_west_merge,99345,ifa,WA,IFA,IFA_07,IFA,,53005,28420,,"IFA Seattle-Tacoma-Bellevue, WA",0.0,no cell in the extract: territory at zero opportunity
ifa_west_merge,99346,ifa,WA,IFA,IFA_07,IFA,,53005,28420,,"IFA Seattle-Tacoma-Bellevue, WA",0.0,no cell in the extract: territory at zero opportunity
ifa_west_merge,99347,ifa,WA,IFA,IFA_07,IFA,,53023,,5355120,"IFA Seattle-Tacoma-Bellevue, WA",0.0,no cell in the extract: territory at zero opportunity
ifa_west_merge,99348,ifa,WA,IFA,IFA_07,IFA,,53071,47460,5356240,"IFA Seattle-Tacoma-Bellevue, WA",0.0,no cell in the extract: territory at zero opportunity
ifa_west_merge,99349,ifa,WA,IFA,IFA_07,IFA,,53025,34180,5317617,"IFA Seattle-Tacoma-Bellevue, WA",0.0,no cell in the extract: territory at zero opportunity
ifa_west_merge,99350,ifa,WA,IFA,IFA_07,IFA,,53005,28420,5356450,"IFA Seattle-Tacoma-Bellevue, WA",0.0,no cell in the extract: territory at zero opportunity
ifa_west_merge,99352,ifa,WA,IFA,IFA_07,IFA,,53005,28420,5358235,"IFA Seattle-Tacoma-Bellevue, WA",2.21872,
ifa_west_merge,99353,ifa,WA,IFA,IFA_07,IFA,,53005,28420,5377665,"IFA Seattle-Tacoma-Bellevue, WA",0.0,no cell in the extract: territory at zero opportunity
ifa_west_merge,99354,ifa,WA,IFA,IFA_07,IFA,,53005,28420,5358235,"IFA Seattle-Tacoma-Bellevue, WA",0.0,no cell in the extract: territory at zero opportunity
ifa_west_merge,99356,ifa,WA,IFA,IFA_07,IFA,,53039,,5359705,"IFA Seattle-Tacoma-Bellevue, WA",0.0,no cell in the extract: territory at zero opportunity
ifa_west_merge,99357,ifa,WA,IFA,IFA_07,IFA,,53025,34180,5360230,"IFA Seattle-Tacoma-Bellevue, WA",0.0,no cell in the extract: territory at zero opportunity
ifa_west_merge,99359,ifa,WA,IFA,IFA_07,IFA,,53013,,5367490,"IFA Seattle-Tacoma-Bellevue, WA",0.0,no cell in the extract: territory at zero opportunity
ifa_west_merge,99360,ifa,WA,IFA,IFA_07,IFA,,53071,47460,5372030,"IFA Seattle-Tacoma-Bellevue, WA",0.0,no cell in the extract: territory at zero opportunity
ifa_west_merge,99361,ifa,WA,IFA,IFA_07,IFA,,53071,47460,5375565,"IFA Seattle-Tacoma-Bellevue, WA",0.0,no cell in the extract: territory at zero opportunity
ifa_west_merge,99362,ifa,WA,IFA,IFA_07,IFA,,53071,47460,5375775,"IFA Seattle-Tacoma-Bellevue, WA",0.160879,
ifa_west_merge,99363,ifa,WA,IFA,IFA_07,IFA,,53071,47460,5375985,"IFA Seattle-Tacoma-Bellevue, WA",0.0,no cell in the extract: territory at zero opportunity
ifa_west_merge,99371,ifa,WA,IFA,IFA_07,IFA,,53001,36830,5376440,"IFA Seattle-Tacoma-Bellevue, WA",0.0,no cell in the extract: territory at zero opportunity
ifa_west_merge,99401,ifa,WA,IFA,IFA_07,IFA,,53003,30300,5302025,"IFA Seattle-Tacoma-Bellevue, WA",0.0,no cell in the extract: territory at zero opportunity
ifa_west_merge,99402,ifa,WA,IFA,IFA_07,IFA,,53003,30300,5303075,"IFA Seattle-Tacoma-Bellevue, WA",0.0,no cell in the extract: territory at zero opportunity
ifa_west_merge,99403,ifa,WA,IFA,IFA_07,IFA,,53003,30300,5312680,"IFA Seattle-Tacoma-Bellevue, WA",0.238681,
