scenario,zip_code,current_channel,state,model_channel,district,district_channels,rep,county,cbsa,place,district_name,m_rel,reason
ifa_mw_mndn_k2,55001,ifa,MN,IFA,IFA_01,IFA,,27163,33460,2700316,"IFA Minneapolis-St. Paul-Bloomington, MN-WI",0.0,no cell in the extract: territory at zero opportunity
ifa_mw_mndn_k2,55003,ifa,MN,IFA,IFA_01,IFA,,27163,33460,2704114,"IFA Minneapolis-St. Paul-Bloomington, MN-WI",0.0,no cell in the extract: territory at zero opportunity
ifa_mw_mndn_k2,55005,ifa,MN,IFA,IFA_02,IFA,,27003,33460,2717486,"IFA Omaha, NE-IA",0.621873,
ifa_mw_mndn_k2,55006,ifa,MN,IFA,IFA_02,IFA,,27065,,2707282,"IFA Omaha, NE-IA",0.254037,
ifa_mw_mndn_k2,55007,ifa,MN,IFA,IFA_02,IFA,,27065,,2707984,"IFA Omaha, NE-IA",0.0,no cell in the extract: territory at zero opportunity
ifa_mw_mndn_k2,55008,ifa,MN,IFA,IFA_02,IFA,,27059,33460,2709370,"IFA Omaha, NE-IA",1.51874,
ifa_mw_mndn_k2,55009,ifa,MN,IFA,IFA_02,IFA,,27049,39860,2709730,"IFA Omaha, NE-IA",2.06464,
ifa_mw_mndn_k2,55011,ifa,MN,IFA,IFA_02,IFA,,27003,33460,2717486,"IFA Omaha, NE-IA",0.0,no cell in the extract: territory at zero opportunity
ifa_mw_mndn_k2,55012,ifa,MN,IFA,IFA_02,IFA,,27025,33460,2710576,"IFA Omaha, NE-IA",0.0,no cell in the extract: territory at zero opportunity
ifa_mw_mndn_k2,55013,ifa,MN,IFA,IFA_02,IFA,,27025,33460,2711350,"IFA Omaha, NE-IA",0.0,no cell in the extract: territory at zero opportunity
ifa_mw_mndn_k2,55014,ifa,MN,IFA,IFA_01,IFA,,27003,33460,2737322,"IFA Minneapolis-St. Paul-Bloomington, MN-WI",2.30412,
ifa_mw_mndn_k2,55016,ifa,MN,IFA,IFA_01,IFA,,27163,33460,2713456,"IFA Minneapolis-St. Paul-Bloomington, MN-WI",0.795509,
ifa_mw_mndn_k2,55017,ifa,MN,IFA,IFA_02,IFA,,27059,33460,,"IFA Omaha, NE-IA",0.0,no cell in the extract: territory at zero opportunity
ifa_mw_mndn_k2,55018,ifa,MN,IFA,IFA_02,IFA,,27049,39860,2715706,"IFA Omaha, NE-IA",0.0,no cell in the extract: territory at zero opportunity
ifa_mw_mndn_k2,55019,ifa,MN,IFA,IFA_02,IFA,,27131,22060,2717126,"IFA Omaha, NE-IA",0.282385,
ifa_mw_mndn_k2,55020,ifa,MN,IFA,IFA_02,IFA,,27139,33460,2718662,"IFA Omaha, NE-IA",0.331202,
ifa_mw_mndn_k2,55021,ifa,MN,IFA,IFA_02,IFA,,27131,22060,2720546,"IFA Omaha, NE-IA",0.737926,
ifa_mw_mndn_k2,55024,ifa,MN,IFA,IFA_02,IFA,,27037,33460,2719358,"IFA Omaha, NE-IA",0.119383,
ifa_mw_mndn_k2,55025,ifa,MN,IFA,IFA_01,IFA,,27003,33460,2712718,"IFA Minneapolis-St. Paul-Bloomington, MN-WI",8.09802,
ifa_mw_mndn_k2,55026,ifa,MN,IFA,IFA_02,IFA,,27049,39860,2722904,"IFA Omaha, NE-IA",0.0,no cell in the extract: territory at zero opportunity
ifa_mw_mndn_k2,55027,ifa,MN,IFA,IFA_02,IFA,,27049,39860,2724398,"IFA Omaha, NE-IA",0.0,no cell in the extract: territory at zero opportunity
ifa_mw_mndn_k2,55029,ifa,MN,IFA,IFA_02,IFA,,27059,33460,,"IFA Omaha, NE-IA",0.0,no cell in the extract: territory at zero opportunity
ifa_mw_mndn_k2,55030,ifa,MN,IFA,IFA_02,IFA,,27115,,2725424,"IFA Omaha, NE-IA",0.0,no cell in the extract: territory at zero opportunity
ifa_mw_mndn_k2,55031,ifa,MN,IFA,IFA_02,IFA,,27037,33460,2726864,"IFA Omaha, NE-IA",0.0,no cell in the extract: territory at zero opportunity
ifa_mw_mndn_k2,55032,ifa,MN,IFA,IFA_02,IFA,,27025,33460,2727278,"IFA Omaha, NE-IA",0.0,no cell in the extract: territory at zero opportunity
ifa_mw_mndn_k2,55033,ifa,MN,IFA,IFA_02,IFA,,27037,33460,2727530,"IFA Omaha, NE-IA",1.97815,
ifa_mw_mndn_k2,55036,ifa,MN,IFA,IFA_02,IFA,,27115,,2728574,"IFA Omaha, NE-IA",0.0,no cell in the extract: territory at zero opportunity
ifa_mw_mndn_k2,55037,ifa,MN,IFA,IFA_02,IFA,,27115,,2729294,"IFA Omaha, NE-IA",0.439741,
ifa_mw_mndn_k2,55038,ifa,MN,IFA,IFA_01,IFA,,27163,33460,2730392,"IFA Minneapolis-St. Paul-Bloomington, MN-WI",0.903106,
ifa_mw_mndn_k2,55040,ifa,MN,IFA,IFA_02,IFA,,27059,33460,2731328,"IFA Omaha, NE-IA",0.0,no cell in the extract: territory at zero opportunity
ifa_mw_mndn_k2,55041,ifa,MN,IFA,IFA_02,IFA,,27157,40340,2734172,"IFA Omaha, NE-IA",0.516315,
ifa_mw_mndn_k2,55042,ifa,MN,IFA,IFA_01,IFA,,27163,33460,2734244,"IFA Minneapolis-St. Paul-Bloomington, MN-WI",23.7984,
ifa_mw_mndn_k2,55043,ifa,MN,IFA,IFA_01,IFA,,27163,33460,2734622,"IFA Minneapolis-St. Paul-Bloomington, MN-WI",0.0,no cell in the extract: territory at zero opportunity
ifa_mw_mndn_k2,55044,ifa,MN,IFA,IFA_02,IFA,,27037,33460,2735180,"IFA Omaha, NE-IA",2.00221,
ifa_mw_mndn_k2,55045,ifa,MN,IFA,IFA_02,IFA,,27025,33460,2737304,"IFA Omaha, NE-IA",0.0,no cell in the extract: territory at zero opportunity
ifa_mw_mndn_k2,55046,ifa,MN,IFA,IFA_02,IFA,,27131,22060,2738150,"IFA Omaha, NE-IA",0.0,no cell in the extract: territory at zero opportunity
ifa_mw_mndn_k2,55047,ifa,MN,IFA,IFA_01,IFA,,27163,33460,2758900,"IFA Minneapolis-St. Paul-Bloomington, MN-WI",0.0,no cell in the extract: territory at zero opportunity
ifa_mw_mndn_k2,55049,ifa,MN,IFA,IFA_02,IFA,,27147,36940,2741426,"IFA Omaha, NE-IA",0.0,no cell in the extract: territory at zero opportunity
ifa_mw_mndn_k2,55051,ifa,MN,IFA,IFA_02,IFA,,27065,,2744044,"IFA Omaha, NE-IA",2.2528,
ifa_mw_mndn_k2,55052,ifa,MN,IFA,IFA_02,IFA,,27131,22060,2744296,"IFA Omaha, NE-IA",0.0,no cell in the extract: territory at zero opportunity
ifa_mw_mndn_k2,55053,ifa,MN,IFA,IFA_02,IFA,,27131,22060,2745196,"IFA Omaha, NE-IA",0.0,no cell in the extract: territory at zero opportunity
ifa_mw_mndn_k2,55054,ifa,MN,IFA,IFA_02,IFA,,27139,33460,2718662,"IFA Omaha, NE-IA",0.0,no cell in the extract: territory at zero opportunity
ifa_mw_mndn_k2,55055,ifa,MN,IFA,IFA_01,IFA,,27163,33460,2745790,"IFA Minneapolis-St. Paul-Bloomington, MN-WI",0.0,no cell in the extract: territory at zero opportunity
ifa_mw_mndn_k2,55056,ifa,MN,IFA,IFA_02,IFA,,27025,33460,2746798,"IFA Omaha, NE-IA",0.0,no cell in the extract: territory at zero opportunity
ifa_mw_mndn_k2,55057,ifa,MN,IFA,IFA_02,IFA,,27131,22060,2746924,"IFA Omaha, NE-IA",6.08712,
ifa_mw_mndn_k2,55060,ifa,MN,IFA,IFA_02,IFA,,27147,36940,2749300,"IFA Omaha, NE-IA",10.4692,
ifa_mw_mndn_k2,55063,ifa,MN,IFA,IFA_02,IFA,,27115,,2754934,"IFA Omaha, NE-IA",0.0,no cell in the extract: territory at zero opportunity
ifa_mw_mndn_k2,55065,ifa,MN,IFA,IFA_02,IFA,,27037,33460,2753098,"IFA Omaha, NE-IA",0.0,no cell in the extract: territory at zero opportunity
ifa_mw_mndn_k2,55066,ifa,MN,IFA,IFA_02,IFA,,27049,39860,2753620,"IFA Omaha, NE-IA",10.3175,
ifa_mw_mndn_k2,55068,ifa,MN,IFA,IFA_02,IFA,,27037,33460,2755726,"IFA Omaha, NE-IA",1.62113,
ifa_mw_mndn_k2,55069,ifa,MN,IFA,IFA_02,IFA,,27025,33460,2754934,"IFA Omaha, NE-IA",0.0,no cell in the extract: territory at zero opportunity
ifa_mw_mndn_k2,55070,ifa,MN,IFA,IFA_02,IFA,,27003,33460,2756950,"IFA Omaha, NE-IA",0.0,no cell in the extract: territory at zero opportunity
ifa_mw_mndn_k2,55071,ifa,MN,IFA,IFA_01,IFA,,27163,33460,2758018,"IFA Minneapolis-St. Paul-Bloomington, MN-WI",0.0,no cell in the extract: territory at zero opportunity
ifa_mw_mndn_k2,55072,ifa,MN,IFA,IFA_02,IFA,,27115,,2758396,"IFA Omaha, NE-IA",0.0,no cell in the extract: territory at zero opportunity
ifa_mw_mndn_k2,55073,ifa,MN,IFA,IFA_01,IFA,,27163,33460,2758900,"IFA Minneapolis-St. Paul-Bloomington, MN-WI",0.0,no cell in the extract: territory at zero opportunity
ifa_mw_mndn_k2,55074,ifa,MN,IFA,IFA_02,IFA,,27025,33460,2759314,"IFA Omaha, NE-IA",0.0,no cell in the extract: territory at zero opportunity
ifa_mw_mndn_k2,55075,ifa,MN,IFA,IFA_01,IFA,,27037,33460,2761492,"IFA Minneapolis-St. Paul-Bloomington, MN-WI",2.93057,
ifa_mw_mndn_k2,55076,ifa,MN,IFA,IFA_01,IFA,,27037,33460,2731076,"IFA Minneapolis-St. Paul-Bloomington, MN-WI",11.8799,
ifa_mw_mndn_k2,55077,ifa,MN,IFA,IFA_01,IFA,,27037,33460,2731076,"IFA Minneapolis-St. Paul-Bloomington, MN-WI",0.0,no cell in the extract: territory at zero opportunity
ifa_mw_mndn_k2,55079,ifa,MN,IFA,IFA_02,IFA,,27025,33460,2762320,"IFA Omaha, NE-IA",0.0,no cell in the extract: territory at zero opportunity
ifa_mw_mndn_k2,55080,ifa,MN,IFA,IFA_02,IFA,,27059,33460,2762356,"IFA Omaha, NE-IA",0.0,no cell in the extract: territory at zero opportunity
ifa_mw_mndn_k2,55082,ifa,MN,IFA,IFA_01,IFA,,27163,33460,2725334,"IFA Minneapolis-St. Paul-Bloomington, MN-WI",0.49867,
ifa_mw_mndn_k2,55084,ifa,MN,IFA,IFA_02,IFA,,27025,33460,2764318,"IFA Omaha, NE-IA",0.0,no cell in the extract: territory at zero opportunity
ifa_mw_mndn_k2,55085,ifa,MN,IFA,IFA_02,IFA,,27037,33460,2766802,"IFA Omaha, NE-IA",0.0,no cell in the extract: territory at zero opportunity
ifa_mw_mndn_k2,55087,ifa,MN,IFA,IFA_02,IFA,,27131,22060,2768260,"IFA Omaha, NE-IA",0.0,no cell in the extract: territory at zero opportunity
ifa_mw_mndn_k2,55088,ifa,MN,IFA,IFA_02,IFA,,27131,22060,2718662,"IFA Omaha, NE-IA",0.0,no cell in the extract: territory at zero opportunity
ifa_mw_mndn_k2,55089,ifa,MN,IFA,IFA_02,IFA,,27049,39860,2753620,"IFA Omaha, NE-IA",0.0,no cell in the extract: territory at zero opportunity
ifa_mw_mndn_k2,55090,ifa,MN,IFA,IFA_01,IFA,,27163,33460,2770366,"IFA Minneapolis-St. Paul-Bloomington, MN-WI",0.0,no cell in the extract: territory at zero opportunity
ifa_mw_mndn_k2,55092,ifa,MN,IFA,IFA_02,IFA,,27003,33460,2772022,"IFA Omaha, NE-IA",0.0,no cell in the extract: territory at zero opportunity
ifa_mw_mndn_k2,55101,ifa,MN,IFA,IFA_01,IFA,,27123,33460,2758000,"IFA Minneapolis-St. Paul-Bloomington, MN-WI",12.5254,
ifa_mw_mndn_k2,55102,ifa,MN,IFA,IFA_01,IFA,,27123,33460,2758000,"IFA Minneapolis-St. Paul-Bloomington, MN-WI",48.2716,
ifa_mw_mndn_k2,55103,ifa,MN,IFA,IFA_01,IFA,,27123,33460,2758000,"IFA Minneapolis-St. Paul-Bloomington, MN-WI",0.0,no cell in the extract: territory at zero opportunity
ifa_mw_mndn_k2,55104,ifa,MN,IFA,IFA_01,IFA,,27123,33460,2758000,"IFA Minneapolis-St. Paul-Bloomington, MN-WI",0.0,no cell in the extract: territory at zero opportunity
ifa_mw_mndn_k2,55105,ifa,MN,IFA,IFA_01,IFA,,27123,33460,2758000,"IFA Minneapolis-St. Paul-Bloomington, MN-WI",0.0,no cell in the extract: territory at zero opportunity
ifa_mw_mndn_k2,55106,ifa,MN,IFA,IFA_01,IFA,,27123,33460,2758000,"IFA Minneapolis-St. Paul-Bloomington, MN-WI",0.0,no cell in the extract: territory at zero opportunity
ifa_mw_mndn_k2,55107,ifa,MN,IFA,IFA_01,IFA,,27123,33460,2758000,"IFA Minneapolis-St. Paul-Bloomington, MN-WI",1.03726,
ifa_mw_mndn_k2,55108,ifa,MN,IFA,IFA_01,IFA,,27123,33460,2758000,"IFA Minneapolis-St. Paul-Bloomington, MN-WI",0.0,no cell in the extract: territory at zero opportunity
ifa_mw_mndn_k2,55109,ifa,MN,IFA,IFA_01,IFA,,27123,33460,2740382,"IFA Minneapolis-St. Paul-Bloomington, MN-WI",0.159567,
ifa_mw_mndn_k2,55110,ifa,MN,IFA,IFA_01,IFA,,27123,33460,2769970,"IFA Minneapolis-St. Paul-Bloomington, MN-WI",10.5965,
ifa_mw_mndn_k2,55111,ifa,MN,IFA,IFA_01,IFA,,27053,33460,,"IFA Minneapolis-St. Paul-Bloomington, MN-WI",0.0,no cell in the extract: territory at zero opportunity
ifa_mw_mndn_k2,55112,ifa,MN,IFA,IFA_01,IFA,,27123,33460,2702026,"IFA Minneapolis-St. Paul-Bloomington, MN-WI",16.981,
ifa_mw_mndn_k2,55113,ifa,MN,IFA,IFA_01,IFA,,27123,33460,2755852,"IFA Minneapolis-St. Paul-Bloomington, MN-WI",8.40874,
ifa_mw_mndn_k2,55114,ifa,MN,IFA,IFA_01,IFA,,27123,33460,2758000,"IFA Minneapolis-St. Paul-Bloomington, MN-WI",0.0127272,
ifa_mw_mndn_k2,55115,ifa,MN,IFA,IFA_01,IFA,,27163,33460,2739428,"IFA Minneapolis-St. Paul-Bloomington, MN-WI",0.200355,
ifa_mw_mndn_k2,55116,ifa,MN,IFA,IFA_01,IFA,,27123,33460,2758000,"IFA Minneapolis-St. Paul-Bloomington, MN-WI",0.998773,
ifa_mw_mndn_k2,55117,ifa,MN,IFA,IFA_01,IFA,,27123,33460,2758000,"IFA Minneapolis-St. Paul-Bloomington, MN-WI",0.0896376,
ifa_mw_mndn_k2,55118,ifa,MN,IFA,IFA_01,IFA,,27037,33460,2769700,"IFA Minneapolis-St. Paul-Bloomington, MN-WI",0.238635,
ifa_mw_mndn_k2,55119,ifa,MN,IFA,IFA_01,IFA,,27123,33460,2740382,"IFA Minneapolis-St. Paul-Bloomington, MN-WI",0.0,no cell in the extract: territory at zero opportunity
ifa_mw_mndn_k2,55120,ifa,MN,IFA,IFA_01,IFA,,27037,33460,2741696,"IFA Minneapolis-St. Paul-Bloomington, MN-WI",3.81919,
ifa_mw_mndn_k2,55121,ifa,MN,IFA,IFA_01,IFA,,27037,33460,2717288,"IFA Minneapolis-St. Paul-Bloomington, MN-WI",18.2698,
ifa_mw_mndn_k2,55122,ifa,MN,IFA,IFA_01,IFA,,27037,33460,2717288,"IFA Minneapolis-St. Paul-Bloomington, MN-WI",5.61127,
ifa_mw_mndn_k2,55123,ifa,MN,IFA,IFA_01,IFA,,27037,33460,2717288,"IFA Minneapolis-St. Paul-Bloomington, MN-WI",0.359668,
ifa_mw_mndn_k2,55124,ifa,MN,IFA,IFA_01,IFA,,27037,33460,2701900,"IFA Minneapolis-St. Paul-Bloomington, MN-WI",3.30272,
ifa_mw_mndn_k2,55125,ifa,MN,IFA,IFA_01,IFA,,27163,33460,2771428,"IFA Minneapolis-St. Paul-Bloomington, MN-WI",25.9666,
ifa_mw_mndn_k2,55126,ifa,MN,IFA,IFA_01,IFA,,27123,33460,2759998,"IFA Minneapolis-St. Paul-Bloomington, MN-WI",2.91123,
ifa_mw_mndn_k2,55127,ifa,MN,IFA,IFA_01,IFA,,27123,33460,2747104,"IFA Minneapolis-St. Paul-Bloomington, MN-WI",17.3669,
ifa_mw_mndn_k2,55128,ifa,MN,IFA,IFA_01,IFA,,27163,33460,2747680,"IFA Minneapolis-St. Paul-Bloomington, MN-WI",6.14436,
ifa_mw_mndn_k2,55129,ifa,MN,IFA,IFA_01,IFA,,27163,33460,2771428,"IFA Minneapolis-St. Paul-Bloomington, MN-WI",2.72792,
ifa_mw_mndn_k2,55130,ifa,MN,IFA,IFA_01,IFA,,27123,33460,2758000,"IFA Minneapolis-St. Paul-Bloomington, MN-WI",0.0,no cell in the extract: territory at zero opportunity
ifa_mw_mndn_k2,55150,ifa,MN,IFA,IFA_01,IFA,,27037,33460,2741678,"IFA Minneapolis-St. Paul-Bloomington, MN-WI",0.376413,
ifa_mw_mndn_k2,55155,ifa,MN,IFA,IFA_01,IFA,,27123,33460,2758000,"IFA Minneapolis-St. Paul-Bloomington, MN-WI",0.0,no cell in the extract: territory at zero opportunity
ifa_mw_mndn_k2,55301,ifa,MN,IFA,IFA_02,IFA,,27171,33460,2700730,"IFA Omaha, NE-IA",0.573039,
ifa_mw_mndn_k2,55302,ifa,MN,IFA,IFA_02,IFA,,27171,33460,2701684,"IFA Omaha, NE-IA",0.0,no cell in the extract: territory at zero opportunity
ifa_mw_mndn_k2,55303,ifa,MN,IFA,IFA_01,IFA,,27003,33460,2753026,"IFA Minneapolis-St. Paul-Bloomington, MN-WI",8.47208,
ifa_mw_mndn_k2,55304,ifa,MN,IFA,IFA_01,IFA,,27003,33460,2726738,"IFA Minneapolis-St. Paul-Bloomington, MN-WI",0.861518,
ifa_mw_mndn_k2,55305,ifa,MN,IFA,IFA_01,IFA,,27053,33460,2743252,"IFA Minneapolis-St. Paul-Bloomington, MN-WI",44.3531,
ifa_mw_mndn_k2,55306,ifa,MN,IFA,IFA_01,IFA,,27037,33460,2708794,"IFA Minneapolis-St. Paul-Bloomington, MN-WI",2.90159,
ifa_mw_mndn_k2,55307,ifa,MN,IFA,IFA_02,IFA,,27143,,2702152,"IFA Omaha, NE-IA",0.0,no cell in the extract: territory at zero opportunity
ifa_mw_mndn_k2,55308,ifa,MN,IFA,IFA_02,IFA,,27141,33460,2704618,"IFA Omaha, NE-IA",0.0,no cell in the extract: territory at zero opportunity
ifa_mw_mndn_k2,55309,ifa,MN,IFA,IFA_02,IFA,,27141,33460,2705752,"IFA Omaha, NE-IA",0.393878,
ifa_mw_mndn_k2,55310,ifa,MN,IFA,IFA_02,IFA,,27129,,2706076,"IFA Omaha, NE-IA",1.07704,
ifa_mw_mndn_k2,55311,ifa,MN,IFA,IFA_01,IFA,,27053,33460,2740166,"IFA Minneapolis-St. Paul-Bloomington, MN-WI",4.6566,
ifa_mw_mndn_k2,55312,ifa,MN,IFA,IFA_02,IFA,,27085,26780,2708254,"IFA Omaha, NE-IA",0.0,no cell in the extract: territory at zero opportunity
ifa_mw_mndn_k2,55313,ifa,MN,IFA,IFA_02,IFA,,27171,33460,2708452,"IFA Omaha, NE-IA",5.68541,
ifa_mw_mndn_k2,55314,ifa,MN,IFA,IFA_02,IFA,,27129,,2708488,"IFA Omaha, NE-IA",0.0,no cell in the extract: territory at zero opportunity
ifa_mw_mndn_k2,55315,ifa,MN,IFA,IFA_02,IFA,,27019,33460,2710144,"IFA Omaha, NE-IA",0.0,no cell in the extract: territory at zero opportunity
ifa_mw_mndn_k2,55316,ifa,MN,IFA,IFA_01,IFA,,27053,33460,2710846,"IFA Minneapolis-St. Paul-Bloomington, MN-WI",0.489545,
ifa_mw_mndn_k2,55317,ifa,MN,IFA,IFA_02,IFA,,27019,33460,2710918,"IFA Omaha, NE-IA",7.62288,
ifa_mw_mndn_k2,55318,ifa,MN,IFA,IFA_02,IFA,,27019,33460,2710972,"IFA Omaha, NE-IA",3.00171,
ifa_mw_mndn_k2,55319,ifa,MN,IFA,IFA_02,IFA,,27141,33460,2711764,"IFA Omaha, NE-IA",0.0,no cell in the extract: territory at zero opportunity
ifa_mw_mndn_k2,55320,ifa,MN,IFA,IFA_02,IFA,,27145,41060,2756724,"IFA Omaha, NE-IA",0.0,no cell in the extract: territory at zero opportunity
ifa_mw_mndn_k2,55321,ifa,MN,IFA,IFA_02,IFA,,27171,33460,2712430,"IFA Omaha, NE-IA",0.0,no cell in the extract: territory at zero opportunity
ifa_mw_mndn_k2,55322,ifa,MN,IFA,IFA_02,IFA,,27019,33460,2712664,"IFA Omaha, NE-IA",0.402234,
ifa_mw_mndn_k2,55324,ifa,MN,IFA,IFA_02,IFA,,27093,,2714842,"IFA Omaha, NE-IA",0.0,no cell in the extract: territory at zero opportunity
ifa_mw_mndn_k2,55325,ifa,MN,IFA,IFA_02,IFA,,27093,,2714878,"IFA Omaha, NE-IA",0.0218969,
ifa_mw_mndn_k2,55327,ifa,MN,IFA,IFA_01,IFA,,27053,33460,2715022,"IFA Minneapolis-St. Paul-Bloomington, MN-WI",0.0,no cell in the extract: territory at zero opportunity
ifa_mw_mndn_k2,55328,ifa,MN,IFA,IFA_02,IFA,,27171,33460,2715454,"IFA Omaha, NE-IA",0.997683,
ifa_mw_mndn_k2,55329,ifa,MN,IFA,IFA_02,IFA,,27093,,2718134,"IFA Omaha, NE-IA",0.0,no cell in the extract: territory at zero opportunity
ifa_mw_mndn_k2,55330,ifa,MN,IFA,IFA_02,IFA,,27141,33460,2718674,"IFA Omaha, NE-IA",10.1184,
ifa_mw_mndn_k2,55331,ifa,MN,IFA,IFA_02,IFA,,27053,33460,2760016,"IFA Omaha, NE-IA",0.6693,
ifa_mw_mndn_k2,55332,ifa,MN,IFA,IFA_02,IFA,,27129,,2720222,"IFA Omaha, NE-IA",0.0,no cell in the extract: territory at zero opportunity
ifa_mw_mndn_k2,55333,ifa,MN,IFA,IFA_02,IFA,,27129,,2722364,"IFA Omaha, NE-IA",0.0,no cell in the extract: territory at zero opportunity
ifa_mw_mndn_k2,55334,ifa,MN,IFA,IFA_02,IFA,,27143,,2723300,"IFA Omaha, NE-IA",0.0,no cell in the extract: territory at zero opportunity
ifa_mw_mndn_k2,55335,ifa,MN,IFA,IFA_02,IFA,,27143,,2723678,"IFA Omaha, NE-IA",0.0,no cell in the extract: territory at zero opportunity
ifa_mw_mndn_k2,55336,ifa,MN,IFA,IFA_02,IFA,,27085,26780,2723948,"IFA Omaha, NE-IA",0.0,no cell in the extract: territory at zero opportunity
ifa_mw_mndn_k2,55337,ifa,MN,IFA,IFA_01,IFA,,27037,33460,2708794,"IFA Minneapolis-St. Paul-Bloomington, MN-WI",18.4641,
ifa_mw_mndn_k2,55338,ifa,MN,IFA,IFA_02,IFA,,27143,,2725658,"IFA Omaha, NE-IA",0.0,no cell in the extract: territory at zero opportunity
ifa_mw_mndn_k2,55339,ifa,MN,IFA,IFA_02,IFA,,27019,33460,2726666,"IFA Omaha, NE-IA",0.0,no cell in the extract: territory at zero opportunity
ifa_mw_mndn_k2,55340,ifa,MN,IFA,IFA_02,IFA,,27053,33460,2713168,"IFA Omaha, NE-IA",2.3339,
ifa_mw_mndn_k2,55341,ifa,MN,IFA,IFA_02,IFA,,27171,33460,2726990,"IFA Omaha, NE-IA",0.0,no cell in the extract: territory at zero opportunity
ifa_mw_mndn_k2,55342,ifa,MN,IFA,IFA_02,IFA,,27129,,2728124,"IFA Omaha, NE-IA",0.0,no cell in the extract: territory at zero opportunity
ifa_mw_mndn_k2,55343,ifa,MN,IFA,IFA_01,IFA,,27053,33460,2743252,"IFA Minneapolis-St. Paul-Bloomington, MN-WI",18.8457,
ifa_mw_mndn_k2,55344,ifa,MN,IFA,IFA_01,IFA,,27053,33460,2718116,"IFA Minneapolis-St. Paul-Bloomington, MN-WI",28.5366,
ifa_mw_mndn_k2,55345,ifa,MN,IFA,IFA_01,IFA,,27053,33460,2743252,"IFA Minneapolis-St. Paul-Bloomington, MN-WI",4.64822,
ifa_mw_mndn_k2,55346,ifa,MN,IFA,IFA_01,IFA,,27053,33460,2718116,"IFA Minneapolis-St. Paul-Bloomington, MN-WI",0.0,no cell in the extract: territory at zero opportunity
ifa_mw_mndn_k2,55347,ifa,MN,IFA,IFA_02,IFA,,27053,33460,2718116,"IFA Omaha, NE-IA",1.89549,
ifa_mw_mndn_k2,55349,ifa,MN,IFA,IFA_02,IFA,,27171,33460,2730284,"IFA Omaha, NE-IA",0.0,no cell in the extract: territory at zero opportunity
ifa_mw_mndn_k2,55350,ifa,MN,IFA,IFA_02,IFA,,27085,26780,2730644,"IFA Omaha, NE-IA",3.24302,
ifa_mw_mndn_k2,55352,ifa,MN,IFA,IFA_02,IFA,,27139,33460,2732174,"IFA Omaha, NE-IA",0.0,no cell in the extract: territory at zero opportunity
ifa_mw_mndn_k2,55353,ifa,MN,IFA,IFA_02,IFA,,27145,41060,2756724,"IFA Omaha, NE-IA",0.0,no cell in the extract: territory at zero opportunity
ifa_mw_mndn_k2,55354,ifa,MN,IFA,IFA_02,IFA,,27085,26780,2736728,"IFA Omaha, NE-IA",0.0,no cell in the extract: territory at zero opportunity
ifa_mw_mndn_k2,55355,ifa,MN,IFA,IFA_02,IFA,,27093,,2737448,"IFA Omaha, NE-IA",0.0878998,
ifa_mw_mndn_k2,55356,ifa,MN,IFA,IFA_02,IFA,,27053,33460,2748580,"IFA Omaha, NE-IA",0.00047727,
ifa_mw_mndn_k2,55357,ifa,MN,IFA,IFA_02,IFA,,27053,33460,2725622,"IFA Omaha, NE-IA",0.0,no cell in the extract: territory at zero opportunity
ifa_mw_mndn_k2,55358,ifa,MN,IFA,IFA_02,IFA,,27171,33460,2740220,"IFA Omaha, NE-IA",0.0,no cell in the extract: territory at zero opportunity
ifa_mw_mndn_k2,55359,ifa,MN,IFA,IFA_02,IFA,,27053,33460,2730842,"IFA Omaha, NE-IA",0.0,no cell in the extract: territory at zero opportunity
ifa_mw_mndn_k2,55360,ifa,MN,IFA,IFA_02,IFA,,27019,33460,2741138,"IFA Omaha, NE-IA",0.0,no cell in the extract: territory at zero opportunity
ifa_mw_mndn_k2,55362,ifa,MN,IFA,IFA_02,IFA,,27171,33460,2743774,"IFA Omaha, NE-IA",0.0,no cell in the extract: territory at zero opportunity
ifa_mw_mndn_k2,55363,ifa,MN,IFA,IFA_02,IFA,,27171,33460,2743810,"IFA Omaha, NE-IA",0.0,no cell in the extract: territory at zero opportunity
ifa_mw_mndn_k2,55364,ifa,MN,IFA,IFA_02,IFA,,27053,33460,2743306,"IFA Omaha, NE-IA",2.40338,
ifa_mw_mndn_k2,55366,ifa,MN,IFA,IFA_02,IFA,,27143,,2745376,"IFA Omaha, NE-IA",0.0,no cell in the extract: territory at zero opportunity
ifa_mw_mndn_k2,55367,ifa,MN,IFA,IFA_02,IFA,,27019,33460,2745556,"IFA Omaha, NE-IA",0.0,no cell in the extract: territory at zero opportunity
ifa_mw_mndn_k2,55368,ifa,MN,IFA,IFA_02,IFA,,27019,33460,2747520,"IFA Omaha, NE-IA",0.863234,
ifa_mw_mndn_k2,55369,ifa,MN,IFA,IFA_01,IFA,,27053,33460,2740166,"IFA Minneapolis-St. Paul-Bloomington, MN-WI",34.5597,
ifa_mw_mndn_k2,55370,ifa,MN,IFA,IFA_02,IFA,,27085,26780,2751460,"IFA Omaha, NE-IA",0.0,no cell in the extract: territory at zero opportunity
ifa_mw_mndn_k2,55371,ifa,MN,IFA,IFA_02,IFA,,27095,33460,2703282,"IFA Omaha, NE-IA",0.0,no cell in the extract: territory at zero opportunity
ifa_mw_mndn_k2,55372,ifa,MN,IFA,IFA_02,IFA,,27139,33460,2713708,"IFA Omaha, NE-IA",4.55678,
ifa_mw_mndn_k2,55373,ifa,MN,IFA,IFA_02,IFA,,27053,33460,2725622,"IFA Omaha, NE-IA",0.0,no cell in the extract: territory at zero opportunity
ifa_mw_mndn_k2,55374,ifa,MN,IFA,IFA_02,IFA,,27053,33460,2755186,"IFA Omaha, NE-IA",0.000869475,
ifa_mw_mndn_k2,55375,ifa,MN,IFA,IFA_02,IFA,,27053,33460,2743306,"IFA Omaha, NE-IA",0.0,no cell in the extract: territory at zero opportunity
ifa_mw_mndn_k2,55376,ifa,MN,IFA,IFA_02,IFA,,27171,33460,2757346,"IFA Omaha, NE-IA",0.781461,
ifa_mw_mndn_k2,55378,ifa,MN,IFA,IFA_02,IFA,,27139,33460,2758738,"IFA Omaha, NE-IA",0.536912,
ifa_mw_mndn_k2,55379,ifa,MN,IFA,IFA_02,IFA,,27139,33460,2759350,"IFA Omaha, NE-IA",3.88619,
ifa_mw_mndn_k2,55381,ifa,MN,IFA,IFA_02,IFA,,27085,26780,2760376,"IFA Omaha, NE-IA",0.0,no cell in the extract: territory at zero opportunity
ifa_mw_mndn_k2,55382,ifa,MN,IFA,IFA_02,IFA,,27145,41060,2720276,"IFA Omaha, NE-IA",0.0,no cell in the extract: territory at zero opportunity
ifa_mw_mndn_k2,55384,ifa,MN,IFA,IFA_02,IFA,,27053,33460,2762014,"IFA Omaha, NE-IA",0.0,no cell in the extract: territory at zero opportunity
ifa_mw_mndn_k2,55385,ifa,MN,IFA,IFA_02,IFA,,27085,26780,2762788,"IFA Omaha, NE-IA",0.0,no cell in the extract: territory at zero opportunity
ifa_mw_mndn_k2,55386,ifa,MN,IFA,IFA_02,IFA,,27019,33460,2767036,"IFA Omaha, NE-IA",0.178976,
ifa_mw_mndn_k2,55387,ifa,MN,IFA,IFA_02,IFA,,27019,33460,2767432,"IFA Omaha, NE-IA",0.710803,
ifa_mw_mndn_k2,55388,ifa,MN,IFA,IFA_02,IFA,,27019,33460,2768548,"IFA Omaha, NE-IA",0.0,no cell in the extract: territory at zero opportunity
ifa_mw_mndn_k2,55389,ifa,MN,IFA,IFA_02,IFA,,27093,,2768620,"IFA Omaha, NE-IA",0.0,no cell in the extract: territory at zero opportunity
ifa_mw_mndn_k2,55390,ifa,MN,IFA,IFA_02,IFA,,27171,33460,2768764,"IFA Omaha, NE-IA",0.0,no cell in the extract: territory at zero opportunity
ifa_mw_mndn_k2,55391,ifa,MN,IFA,IFA_02,IFA,,27053,33460,2748580,"IFA Omaha, NE-IA",17.4788,
ifa_mw_mndn_k2,55395,ifa,MN,IFA,IFA_02,IFA,,27085,26780,2771086,"IFA Omaha, NE-IA",0.0,no cell in the extract: territory at zero opportunity
ifa_mw_mndn_k2,55396,ifa,MN,IFA,IFA_02,IFA,,27143,,2771122,"IFA Omaha, NE-IA",0.0,no cell in the extract: territory at zero opportunity
ifa_mw_mndn_k2,55397,ifa,MN,IFA,IFA_02,IFA,,27019,33460,2747520,"IFA Omaha, NE-IA",0.0,no cell in the extract: territory at zero opportunity
ifa_mw_mndn_k2,55398,ifa,MN,IFA,IFA_02,IFA,,27141,33460,2703282,"IFA Omaha, NE-IA",0.278408,
ifa_mw_mndn_k2,55401,ifa,MN,IFA,IFA_01,IFA,,27053,33460,2743000,"IFA Minneapolis-St. Paul-Bloomington, MN-WI",1.48992,
ifa_mw_mndn_k2,55402,ifa,MN,IFA,IFA_01,IFA,,27053,33460,2743000,"IFA Minneapolis-St. Paul-Bloomington, MN-WI",46.4678,
ifa_mw_mndn_k2,55403,ifa,MN,IFA,IFA_01,IFA,,27053,33460,2743000,"IFA Minneapolis-St. Paul-Bloomington, MN-WI",0.0,no cell in the extract: territory at zero opportunity
ifa_mw_mndn_k2,55404,ifa,MN,IFA,IFA_01,IFA,,27053,33460,2743000,"IFA Minneapolis-St. Paul-Bloomington, MN-WI",0.0,no cell in the extract: territory at zero opportunity
ifa_mw_mndn_k2,55405,ifa,MN,IFA,IFA_01,IFA,,27053,33460,2743000,"IFA Minneapolis-St. Paul-Bloomington, MN-WI",0.856416,
ifa_mw_mndn_k2,55406,ifa,MN,IFA,IFA_01,IFA,,27053,33460,2743000,"IFA Minneapolis-St. Paul-Bloomington, MN-WI",0.0588634,
ifa_mw_mndn_k2,55407,ifa,MN,IFA,IFA_01,IFA,,27053,33460,2743000,"IFA Minneapolis-St. Paul-Bloomington, MN-WI",0.148337,
ifa_mw_mndn_k2,55408,ifa,MN,IFA,IFA_01,IFA,,27053,33460,2743000,"IFA Minneapolis-St. Paul-Bloomington, MN-WI",0.0440086,
ifa_mw_mndn_k2,55409,ifa,MN,IFA,IFA_01,IFA,,27053,33460,2743000,"IFA Minneapolis-St. Paul-Bloomington, MN-WI",0.0,no cell in the extract: territory at zero opportunity
ifa_mw_mndn_k2,55410,ifa,MN,IFA,IFA_01,IFA,,27053,33460,2743000,"IFA Minneapolis-St. Paul-Bloomington, MN-WI",0.159191,
ifa_mw_mndn_k2,55411,ifa,MN,IFA,IFA_01,IFA,,27053,33460,2743000,"IFA Minneapolis-St. Paul-Bloomington, MN-WI",0.0,no cell in the extract: territory at zero opportunity
ifa_mw_mndn_k2,55412,ifa,MN,IFA,IFA_01,IFA,,27053,33460,2743000,"IFA Minneapolis-St. Paul-Bloomington, MN-WI",0.0,no cell in the extract: territory at zero opportunity
ifa_mw_mndn_k2,55413,ifa,MN,IFA,IFA_01,IFA,,27053,33460,2743000,"IFA Minneapolis-St. Paul-Bloomington, MN-WI",2.79717,
ifa_mw_mndn_k2,55414,ifa,MN,IFA,IFA_01,IFA,,27053,33460,2743000,"IFA Minneapolis-St. Paul-Bloomington, MN-WI",17.0228,
ifa_mw_mndn_k2,55415,ifa,MN,IFA,IFA_01,IFA,,27053,33460,2743000,"IFA Minneapolis-St. Paul-Bloomington, MN-WI",0.0258849,
ifa_mw_mndn_k2,55416,ifa,MN,IFA,IFA_01,IFA,,27053,33460,2757220,"IFA Minneapolis-St. Paul-Bloomington, MN-WI",59.2612,
ifa_mw_mndn_k2,55417,ifa,MN,IFA,IFA_01,IFA,,27053,33460,2743000,"IFA Minneapolis-St. Paul-Bloomington, MN-WI",0.0,no cell in the extract: territory at zero opportunity
ifa_mw_mndn_k2,55418,ifa,MN,IFA,IFA_01,IFA,,27053,33460,2743000,"IFA Minneapolis-St. Paul-Bloomington, MN-WI",0.00107386,
ifa_mw_mndn_k2,55419,ifa,MN,IFA,IFA_01,IFA,,27053,33460,2743000,"IFA Minneapolis-St. Paul-Bloomington, MN-WI",0.0,no cell in the extract: territory at zero opportunity
ifa_mw_mndn_k2,55420,ifa,MN,IFA,IFA_01,IFA,,27053,33460,2706616,"IFA Minneapolis-St. Paul-Bloomington, MN-WI",0.711554,
ifa_mw_mndn_k2,55421,ifa,MN,IFA,IFA_01,IFA,,27003,33460,2712700,"IFA Minneapolis-St. Paul-Bloomington, MN-WI",0.0,no cell in the extract: territory at zero opportunity
ifa_mw_mndn_k2,55422,ifa,MN,IFA,IFA_01,IFA,,27053,33460,2724308,"IFA Minneapolis-St. Paul-Bloomington, MN-WI",0.412473,
ifa_mw_mndn_k2,55423,ifa,MN,IFA,IFA_01,IFA,,27053,33460,2754214,"IFA Minneapolis-St. Paul-Bloomington, MN-WI",1.20597,
ifa_mw_mndn_k2,55424,ifa,MN,IFA,IFA_01,IFA,,27053,33460,2718188,"IFA Minneapolis-St. Paul-Bloomington, MN-WI",2.26876,
ifa_mw_mndn_k2,55425,ifa,MN,IFA,IFA_01,IFA,,27053,33460,2706616,"IFA Minneapolis-St. Paul-Bloomington, MN-WI",20.5717,
ifa_mw_mndn_k2,55426,ifa,MN,IFA,IFA_01,IFA,,27053,33460,2757220,"IFA Minneapolis-St. Paul-Bloomington, MN-WI",23.7138,
ifa_mw_mndn_k2,55427,ifa,MN,IFA,IFA_01,IFA,,27053,33460,2724308,"IFA Minneapolis-St. Paul-Bloomington, MN-WI",1.67071,
ifa_mw_mndn_k2,55428,ifa,MN,IFA,IFA_01,IFA,,27053,33460,2707966,"IFA Minneapolis-St. Paul-Bloomington, MN-WI",0.00836822,
ifa_mw_mndn_k2,55429,ifa,MN,IFA,IFA_01,IFA,,27053,33460,2707948,"IFA Minneapolis-St. Paul-Bloomington, MN-WI",0.0,no cell in the extract: territory at zero opportunity
ifa_mw_mndn_k2,55430,ifa,MN,IFA,IFA_01,IFA,,27053,33460,2707948,"IFA Minneapolis-St. Paul-Bloomington, MN-WI",0.361181,
ifa_mw_mndn_k2,55431,ifa,MN,IFA,IFA_01,IFA,,27053,33460,2706616,"IFA Minneapolis-St. Paul-Bloomington, MN-WI",23.4515,
ifa_mw_mndn_k2,55432,ifa,MN,IFA,IFA_01,IFA,,27003,33460,2722814,"IFA Minneapolis-St. Paul-Bloomington, MN-WI",0.987781,
ifa_mw_mndn_k2,55433,ifa,MN,IFA,IFA_01,IFA,,27003,33460,2713114,"IFA Minneapolis-St. Paul-Bloomington, MN-WI",11.0711,
ifa_mw_mndn_k2,55434,ifa,MN,IFA,IFA_01,IFA,,27003,33460,2706382,"IFA Minneapolis-St. Paul-Bloomington, MN-WI",0.712068,
ifa_mw_mndn_k2,55435,ifa,MN,IFA,IFA_01,IFA,,27053,33460,2718188,"IFA Minneapolis-St. Paul-Bloomington, MN-WI",19.6792,
ifa_mw_mndn_k2,55436,ifa,MN,IFA,IFA_01,IFA,,27053,33460,2718188,"IFA Minneapolis-St. Paul-Bloomington, MN-WI",15.8722,
ifa_mw_mndn_k2,55437,ifa,MN,IFA,IFA_01,IFA,,27053,33460,2706616,"IFA Minneapolis-St. Paul-Bloomington, MN-WI",11.9492,
ifa_mw_mndn_k2,55438,ifa,MN,IFA,IFA_01,IFA,,27053,33460,2706616,"IFA Minneapolis-St. Paul-Bloomington, MN-WI",0.296396,
ifa_mw_mndn_k2,55439,ifa,MN,IFA,IFA_01,IFA,,27053,33460,2718188,"IFA Minneapolis-St. Paul-Bloomington, MN-WI",27.4855,
ifa_mw_mndn_k2,55441,ifa,MN,IFA,IFA_01,IFA,,27053,33460,2751730,"IFA Minneapolis-St. Paul-Bloomington, MN-WI",15.4091,
ifa_mw_mndn_k2,55442,ifa,MN,IFA,IFA_01,IFA,,27053,33460,2751730,"IFA Minneapolis-St. Paul-Bloomington, MN-WI",3.60363,
ifa_mw_mndn_k2,55443,ifa,MN,IFA,IFA_01,IFA,,27053,33460,2707966,"IFA Minneapolis-St. Paul-Bloomington, MN-WI",2.63688,
ifa_mw_mndn_k2,55444,ifa,MN,IFA,IFA_01,IFA,,27053,33460,2707966,"IFA Minneapolis-St. Paul-Bloomington, MN-WI",0.0,no cell in the extract: territory at zero opportunity
ifa_mw_mndn_k2,55445,ifa,MN,IFA,IFA_01,IFA,,27053,33460,2707966,"IFA Minneapolis-St. Paul-Bloomington, MN-WI",0.261248,
ifa_mw_mndn_k2,55446,ifa,MN,IFA,IFA_01,IFA,,27053,33460,2751730,"IFA Minneapolis-St. Paul-Bloomington, MN-WI",11.344,
ifa_mw_mndn_k2,55447,ifa,MN,IFA,IFA_01,IFA,,27053,33460,2751730,"IFA Minneapolis-St. Paul-Bloomington, MN-WI",93.5623,
ifa_mw_mndn_k2,55448,ifa,MN,IFA,IFA_01,IFA,,27003,33460,2713114,"IFA Minneapolis-St. Paul-Bloomington, MN-WI",2.63598,
ifa_mw_mndn_k2,55449,ifa,MN,IFA,IFA_01,IFA,,27003,33460,2706382,"IFA Minneapolis-St. Paul-Bloomington, MN-WI",0.0,no cell in the extract: territory at zero opportunity
ifa_mw_mndn_k2,55450,ifa,MN,IFA,IFA_01,IFA,,27053,33460,2743000,"IFA Minneapolis-St. Paul-Bloomington, MN-WI",0.0,no cell in the extract: territory at zero opportunity
ifa_mw_mndn_k2,55454,ifa,MN,IFA,IFA_01,IFA,,27053,33460,2743000,"IFA Minneapolis-St. Paul-Bloomington, MN-WI",0.0,no cell in the extract: territory at zero opportunity
ifa_mw_mndn_k2,55455,ifa,MN,IFA,IFA_01,IFA,,27053,33460,2743000,"IFA Minneapolis-St. Paul-Bloomington, MN-WI",0.0,no cell in the extract: territory at zero opportunity
ifa_mw_mndn_k2,55601,ifa,MN,IFA,IFA_02,IFA,,27075,,2704456,"IFA Omaha, NE-IA",0.0,no cell in the extract: territory at zero opportunity
ifa_mw_mndn_k2,55602,ifa,MN,IFA,IFA_02,IFA,,27137,20260,,"IFA Omaha, NE-IA",0.0,no cell in the extract: territory at zero opportunity
ifa_mw_mndn_k2,55603,ifa,MN,IFA,IFA_02,IFA,,27075,,2721104,"IFA Omaha, NE-IA",0.0,no cell in the extract: territory at zero opportunity
ifa_mw_mndn_k2,55604,ifa,MN,IFA,IFA_02,IFA,,27031,,2724992,"IFA Omaha, NE-IA",0.0,no cell in the extract: territory at zero opportunity
ifa_mw_mndn_k2,55605,ifa,MN,IFA,IFA_02,IFA,,27031,,,"IFA Omaha, NE-IA",0.0,no cell in the extract: territory at zero opportunity
ifa_mw_mndn_k2,55606,ifa,MN,IFA,IFA_02,IFA,,27031,,,"IFA Omaha, NE-IA",0.0,no cell in the extract: territory at zero opportunity
ifa_mw_mndn_k2,55607,ifa,MN,IFA,IFA_02,IFA,,27075,,,"IFA Omaha, NE-IA",0.0,no cell in the extract: territory at zero opportunity
ifa_mw_mndn_k2,55609,ifa,MN,IFA,IFA_02,IFA,,27075,,2733578,"IFA Omaha, NE-IA",0.0,no cell in the extract: territory at zero opportunity
ifa_mw_mndn_k2,55612,ifa,MN,IFA,IFA_02,IFA,,27031,,2738546,"IFA Omaha, NE-IA",0.0,no cell in the extract: territory at zero opportunity
ifa_mw_mndn_k2,55613,ifa,MN,IFA,IFA_02,IFA,,27031,,,"IFA Omaha, NE-IA",0.0,no cell in the extract: territory at zero opportunity
ifa_mw_mndn_k2,55614,ifa,MN,IFA,IFA_02,IFA,,27075,,2760250,"IFA Omaha, NE-IA",0.0,no cell in the extract: territory at zero opportunity
ifa_mw_mndn_k2,55615,ifa,MN,IFA,IFA_02,IFA,,27031,,,"IFA Omaha, NE-IA",0.0,no cell in the extract: territory at zero opportunity
ifa_mw_mndn_k2,55616,ifa,MN,IFA,IFA_02,IFA,,27075,,2765956,"IFA Omaha, NE-IA",1.07813,
ifa_mw_mndn_k2,55702,ifa,MN,IFA,IFA_02,IFA,,27137,20260,,"IFA Omaha, NE-IA",0.0,no cell in the extract: territory at zero opportunity
ifa_mw_mndn_k2,55703,ifa,MN,IFA,IFA_02,IFA,,27137,20260,,"IFA Omaha, NE-IA",0.0,no cell in the extract: territory at zero opportunity
ifa_mw_mndn_k2,55704,ifa,MN,IFA,IFA_02,IFA,,27115,,2702548,"IFA Omaha, NE-IA",0.0,no cell in the extract: territory at zero opportunity
ifa_mw_mndn_k2,55705,ifa,MN,IFA,IFA_02,IFA,,27137,20260,2706148,"IFA Omaha, NE-IA",0.0,no cell in the extract: territory at zero opportunity
ifa_mw_mndn_k2,55706,ifa,MN,IFA,IFA_02,IFA,,27137,20260,2703106,"IFA Omaha, NE-IA",0.0,no cell in the extract: territory at zero opportunity
ifa_mw_mndn_k2,55707,ifa,MN,IFA,IFA_02,IFA,,27017,20260,2739446,"IFA Omaha, NE-IA",0.0,no cell in the extract: territory at zero opportunity
ifa_mw_mndn_k2,55708,ifa,MN,IFA,IFA_02,IFA,,27137,20260,2706148,"IFA Omaha, NE-IA",0.0,no cell in the extract: territory at zero opportunity
ifa_mw_mndn_k2,55709,ifa,MN,IFA,IFA_02,IFA,,27061,24330,2764048,"IFA Omaha, NE-IA",0.0,no cell in the extract: territory at zero opportunity
ifa_mw_mndn_k2,55710,ifa,MN,IFA,IFA_02,IFA,,27137,20260,2744548,"IFA Omaha, NE-IA",0.0,no cell in the extract: territory at zero opportunity
ifa_mw_mndn_k2,55711,ifa,MN,IFA,IFA_02,IFA,,27137,20260,2708056,"IFA Omaha, NE-IA",0.0,no cell in the extract: territory at zero opportunity
ifa_mw_mndn_k2,55712,ifa,MN,IFA,IFA_02,IFA,,27115,,2708290,"IFA Omaha, NE-IA",0.0,no cell in the extract: territory at zero opportunity
ifa_mw_mndn_k2,55713,ifa,MN,IFA,IFA_02,IFA,,27137,20260,2708524,"IFA Omaha, NE-IA",0.0,no cell in the extract: territory at zero opportunity
ifa_mw_mndn_k2,55716,ifa,MN,IFA,IFA_02,IFA,,27061,24330,2709316,"IFA Omaha, NE-IA",0.0,no cell in the extract: territory at zero opportunity
ifa_mw_mndn_k2,55717,ifa,MN,IFA,IFA_02,IFA,,27137,20260,,"IFA Omaha, NE-IA",0.0,no cell in the extract: territory at zero opportunity
ifa_mw_mndn_k2,55718,ifa,MN,IFA,IFA_02,IFA,,27017,20260,2739446,"IFA Omaha, NE-IA",0.357971,
ifa_mw_mndn_k2,55719,ifa,MN,IFA,IFA_02,IFA,,27137,20260,2711386,"IFA Omaha, NE-IA",0.0,no cell in the extract: territory at zero opportunity
ifa_mw_mndn_k2,55720,ifa,MN,IFA,IFA_02,IFA,,27017,20260,2712160,"IFA Omaha, NE-IA",0.0242787,
ifa_mw_mndn_k2,55721,ifa,MN,IFA,IFA_02,IFA,,27061,24330,2712412,"IFA Omaha, NE-IA",0.0,no cell in the extract: territory at zero opportunity
ifa_mw_mndn_k2,55722,ifa,MN,IFA,IFA_02,IFA,,27061,24330,2712502,"IFA Omaha, NE-IA",0.0,no cell in the extract: territory at zero opportunity
ifa_mw_mndn_k2,55723,ifa,MN,IFA,IFA_02,IFA,,27137,20260,2713006,"IFA Omaha, NE-IA",1.21585,
ifa_mw_mndn_k2,55724,ifa,MN,IFA,IFA_02,IFA,,27137,20260,,"IFA Omaha, NE-IA",0.0,no cell in the extract: territory at zero opportunity
ifa_mw_mndn_k2,55725,ifa,MN,IFA,IFA_02,IFA,,27137,20260,,"IFA Omaha, NE-IA",0.0,no cell in the extract: territory at zero opportunity
ifa_mw_mndn_k2,55726,ifa,MN,IFA,IFA_02,IFA,,27017,20260,2713780,"IFA Omaha, NE-IA",0.0,no cell in the extract: territory at zero opportunity
ifa_mw_mndn_k2,55731,ifa,MN,IFA,IFA_02,IFA,,27075,,2719142,"IFA Omaha, NE-IA",0.0,no cell in the extract: territory at zero opportunity
ifa_mw_mndn_k2,55732,ifa,MN,IFA,IFA_02,IFA,,27137,20260,2703106,"IFA Omaha, NE-IA",0.0,no cell in the extract: territory at zero opportunity
ifa_mw_mndn_k2,55733,ifa,MN,IFA,IFA_02,IFA,,27017,20260,2719718,"IFA Omaha, NE-IA",0.0,no cell in the extract: territory at zero opportunity
ifa_mw_mndn_k2,55734,ifa,MN,IFA,IFA_02,IFA,,27137,20260,2719934,"IFA Omaha, NE-IA",0.0,no cell in the extract: territory at zero opportunity
ifa_mw_mndn_k2,55735,ifa,MN,IFA,IFA_02,IFA,,27115,,2721122,"IFA Omaha, NE-IA",0.0,no cell in the extract: territory at zero opportunity
ifa_mw_mndn_k2,55736,ifa,MN,IFA,IFA_02,IFA,,27137,20260,2721338,"IFA Omaha, NE-IA",0.0,no cell in the extract: territory at zero opportunity
ifa_mw_mndn_k2,55738,ifa,MN,IFA,IFA_02,IFA,,27137,20260,,"IFA Omaha, NE-IA",0.0,no cell in the extract: territory at zero opportunity
ifa_mw_mndn_k2,55741,ifa,MN,IFA,IFA_02,IFA,,27137,20260,2723714,"IFA Omaha, NE-IA",0.0,no cell in the extract: territory at zero opportunity
ifa_mw_mndn_k2,55742,ifa,MN,IFA,IFA_02,IFA,,27061,24330,2724434,"IFA Omaha, NE-IA",0.0,no cell in the extract: territory at zero opportunity
ifa_mw_mndn_k2,55744,ifa,MN,IFA,IFA_02,IFA,,27061,24330,2725118,"IFA Omaha, NE-IA",0.807233,
ifa_mw_mndn_k2,55746,ifa,MN,IFA,IFA_02,IFA,,27137,20260,2728790,"IFA Omaha, NE-IA",0.518992,
ifa_mw_mndn_k2,55748,ifa,MN,IFA,IFA_02,IFA,,27001,,2729096,"IFA Omaha, NE-IA",0.0,no cell in the extract: territory at zero opportunity
ifa_mw_mndn_k2,55749,ifa,MN,IFA,IFA_02,IFA,,27017,20260,,"IFA Omaha, NE-IA",0.0,no cell in the extract: territory at zero opportunity
ifa_mw_mndn_k2,55750,ifa,MN,IFA,IFA_02,IFA,,27137,20260,2730302,"IFA Omaha, NE-IA",0.0,no cell in the extract: territory at zero opportunity
ifa_mw_mndn_k2,55751,ifa,MN,IFA,IFA_02,IFA,,27137,20260,2744548,"IFA Omaha, NE-IA",0.0,no cell in the extract: territory at zero opportunity
ifa_mw_mndn_k2,55752,ifa,MN,IFA,IFA_02,IFA,,27001,,,"IFA Omaha, NE-IA",0.0,no cell in the extract: territory at zero opportunity
ifa_mw_mndn_k2,55753,ifa,MN,IFA,IFA_02,IFA,,27061,24330,2732570,"IFA Omaha, NE-IA",0.0,no cell in the extract: territory at zero opportunity
ifa_mw_mndn_k2,55756,ifa,MN,IFA,IFA_02,IFA,,27115,,2732912,"IFA Omaha, NE-IA",0.0,no cell in the extract: territory at zero opportunity
ifa_mw_mndn_k2,55757,ifa,MN,IFA,IFA_02,IFA,,27017,20260,2732966,"IFA Omaha, NE-IA",0.0,no cell in the extract: territory at zero opportunity
ifa_mw_mndn_k2,55758,ifa,MN,IFA,IFA_02,IFA,,27137,20260,2733416,"IFA Omaha, NE-IA",0.0,no cell in the extract: territory at zero opportunity
ifa_mw_mndn_k2,55760,ifa,MN,IFA,IFA_02,IFA,,27001,,2739014,"IFA Omaha, NE-IA",0.0,no cell in the extract: territory at zero opportunity
ifa_mw_mndn_k2,55763,ifa,MN,IFA,IFA_02,IFA,,27137,20260,,"IFA Omaha, NE-IA",0.0,no cell in the extract: territory at zero opportunity
ifa_mw_mndn_k2,55764,ifa,MN,IFA,IFA_02,IFA,,27061,24330,2740418,"IFA Omaha, NE-IA",0.0,no cell in the extract: territory at zero opportunity
ifa_mw_mndn_k2,55765,ifa,MN,IFA,IFA_02,IFA,,27137,20260,2741372,"IFA Omaha, NE-IA",0.0,no cell in the extract: territory at zero opportunity
ifa_mw_mndn_k2,55767,ifa,MN,IFA,IFA_02,IFA,,27017,20260,2743954,"IFA Omaha, NE-IA",0.0,no cell in the extract: territory at zero opportunity
ifa_mw_mndn_k2,55768,ifa,MN,IFA,IFA_02,IFA,,27137,20260,2744548,"IFA Omaha, NE-IA",0.0,no cell in the extract: territory at zero opportunity
ifa_mw_mndn_k2,55769,ifa,MN,IFA,IFA_02,IFA,,27061,24330,2744980,"IFA Omaha, NE-IA",0.0,no cell in the extract: territory at zero opportunity
ifa_mw_mndn_k2,55771,ifa,MN,IFA,IFA_02,IFA,,27137,20260,2745279,"IFA Omaha, NE-IA",0.0,no cell in the extract: territory at zero opportunity
ifa_mw_mndn_k2,55772,ifa,MN,IFA,IFA_02,IFA,,27071,,2745279,"IFA Omaha, NE-IA",0.0,no cell in the extract: territory at zero opportunity
ifa_mw_mndn_k2,55775,ifa,MN,IFA,IFA_02,IFA,,27061,24330,2744980,"IFA Omaha, NE-IA",0.0,no cell in the extract: territory at zero opportunity
ifa_mw_mndn_k2,55779,ifa,MN,IFA,IFA_02,IFA,,27137,20260,,"IFA Omaha, NE-IA",0.0,no cell in the extract: territory at zero opportunity
ifa_mw_mndn_k2,55780,ifa,MN,IFA,IFA_02,IFA,,27017,20260,,"IFA Omaha, NE-IA",0.0,no cell in the extract: territory at zero opportunity
ifa_mw_mndn_k2,55781,ifa,MN,IFA,IFA_02,IFA,,27061,24330,,"IFA Omaha, NE-IA",0.0,no cell in the extract: territory at zero opportunity
ifa_mw_mndn_k2,55782,ifa,MN,IFA,IFA_02,IFA,,27137,20260,2761204,"IFA Omaha, NE-IA",0.0,no cell in the extract: territory at zero opportunity
ifa_mw_mndn_k2,55783,ifa,MN,IFA,IFA_02,IFA,,27115,,2763220,"IFA Omaha, NE-IA",0.0,no cell in the extract: territory at zero opportunity
ifa_mw_mndn_k2,55784,ifa,MN,IFA,IFA_02,IFA,,27061,24330,,"IFA Omaha, NE-IA",0.0,no cell in the extract: territory at zero opportunity
ifa_mw_mndn_k2,55785,ifa,MN,IFA,IFA_02,IFA,,27001,,,"IFA Omaha, NE-IA",0.0,no cell in the extract: territory at zero opportunity
ifa_mw_mndn_k2,55786,ifa,MN,IFA,IFA_02,IFA,,27061,24330,2764048,"IFA Omaha, NE-IA",0.0,no cell in the extract: territory at zero opportunity
ifa_mw_mndn_k2,55787,ifa,MN,IFA,IFA_02,IFA,,27001,,2764156,"IFA Omaha, NE-IA",0.0,no cell in the extract: territory at zero opportunity
ifa_mw_mndn_k2,55790,ifa,MN,IFA,IFA_02,IFA,,27137,20260,2765272,"IFA Omaha, NE-IA",0.0,no cell in the extract: territory at zero opportunity
ifa_mw_mndn_k2,55792,ifa,MN,IFA,IFA_02,IFA,,27137,20260,2767288,"IFA Omaha, NE-IA",1.51364,
ifa_mw_mndn_k2,55793,ifa,MN,IFA,IFA_02,IFA,,27061,24330,2768080,"IFA Omaha, NE-IA",0.0,no cell in the extract: territory at zero opportunity
ifa_mw_mndn_k2,55795,ifa,MN,IFA,IFA_02,IFA,,27115,,2756518,"IFA Omaha, NE-IA",0.0,no cell in the extract: territory at zero opportunity
ifa_mw_mndn_k2,55796,ifa,MN,IFA,IFA_02,IFA,,27075,,2771140,"IFA Omaha, NE-IA",0.0,no cell in the extract: territory at zero opportunity
ifa_mw_mndn_k2,55797,ifa,MN,IFA,IFA_02,IFA,,27017,20260,2771788,"IFA Omaha, NE-IA",0.0,no cell in the extract: territory at zero opportunity
ifa_mw_mndn_k2,55798,ifa,MN,IFA,IFA_02,IFA,,27017,20260,2771824,"IFA Omaha, NE-IA",0.0,no cell in the extract: territory at zero opportunity
ifa_mw_mndn_k2,55802,ifa,MN,IFA,IFA_02,IFA,,27137,20260,2717000,"IFA Omaha, NE-IA",12.5581,
ifa_mw_mndn_k2,55803,ifa,MN,IFA,IFA_02,IFA,,27137,20260,2754060,"IFA Omaha, NE-IA",0.0,no cell in the extract: territory at zero opportunity
ifa_mw_mndn_k2,55804,ifa,MN,IFA,IFA_02,IFA,,27137,20260,2717000,"IFA Omaha, NE-IA",0.0,no cell in the extract: territory at zero opportunity
ifa_mw_mndn_k2,55805,ifa,MN,IFA,IFA_02,IFA,,27137,20260,2717000,"IFA Omaha, NE-IA",0.0,no cell in the extract: territory at zero opportunity
ifa_mw_mndn_k2,55806,ifa,MN,IFA,IFA_02,IFA,,27137,20260,2717000,"IFA Omaha, NE-IA",0.0,no cell in the extract: territory at zero opportunity
ifa_mw_mndn_k2,55807,ifa,MN,IFA,IFA_02,IFA,,27137,20260,2717000,"IFA Omaha, NE-IA",0.0,no cell in the extract: territory at zero opportunity
ifa_mw_mndn_k2,55808,ifa,MN,IFA,IFA_02,IFA,,27137,20260,2717000,"IFA Omaha, NE-IA",0.0,no cell in the extract: territory at zero opportunity
ifa_mw_mndn_k2,55810,ifa,MN,IFA,IFA_02,IFA,,27137,20260,2728682,"IFA Omaha, NE-IA",6.63466,
ifa_mw_mndn_k2,55811,ifa,MN,IFA,IFA_02,IFA,,27137,20260,2728682,"IFA Omaha, NE-IA",0.220021,
ifa_mw_mndn_k2,55812,ifa,MN,IFA,IFA_02,IFA,,27137,20260,2717000,"IFA Omaha, NE-IA",0.275333,
ifa_mw_mndn_k2,55814,ifa,MN,IFA,IFA_02,IFA,,27137,20260,2728682,"IFA Omaha, NE-IA",0.0,no cell in the extract: territory at zero opportunity
ifa_mw_mndn_k2,55901,ifa,MN,IFA,IFA_02,IFA,,27109,40340,2754880,"IFA Omaha, NE-IA",15.7379,
ifa_mw_mndn_k2,55902,ifa,MN,IFA,IFA_02,IFA,,27109,40340,2754880,"IFA Omaha, NE-IA",17.0842,
ifa_mw_mndn_k2,55903,ifa,MN,IFA,IFA_02,IFA,,27109,40340,2754880,"IFA Omaha, NE-IA",0.0,no cell in the extract: territory at zero opportunity
ifa_mw_mndn_k2,55904,ifa,MN,IFA,IFA_02,IFA,,27109,40340,2754880,"IFA Omaha, NE-IA",2.25745,
ifa_mw_mndn_k2,55905,ifa,MN,IFA,IFA_02,IFA,,27109,40340,2754880,"IFA Omaha, NE-IA",0.0,no cell in the extract: territory at zero opportunity
ifa_mw_mndn_k2,55906,ifa,MN,IFA,IFA_02,IFA,,27109,40340,2754880,"IFA Omaha, NE-IA",0.345478,
ifa_mw_mndn_k2,55909,ifa,MN,IFA,IFA_02,IFA,,27099,12380,2700190,"IFA Omaha, NE-IA",0.0,no cell in the extract: territory at zero opportunity
ifa_mw_mndn_k2,55910,ifa,MN,IFA,IFA_02,IFA,,27169,49100,2701234,"IFA Omaha, NE-IA",0.0,no cell in the extract: territory at zero opportunity
ifa_mw_mndn_k2,55912,ifa,MN,IFA,IFA_02,IFA,,27099,12380,2702908,"IFA Omaha, NE-IA",0.0,no cell in the extract: territory at zero opportunity
ifa_mw_mndn_k2,55917,ifa,MN,IFA,IFA_02,IFA,,27147,36940,2706580,"IFA Omaha, NE-IA",0.0,no cell in the extract: territory at zero opportunity
ifa_mw_mndn_k2,55918,ifa,MN,IFA,IFA_02,IFA,,27099,12380,2708164,"IFA Omaha, NE-IA",0.0,no cell in the extract: territory at zero opportunity
ifa_mw_mndn_k2,55919,ifa,MN,IFA,IFA_02,IFA,,27055,29100,2708218,"IFA Omaha, NE-IA",0.0,no cell in the extract: territory at zero opportunity
ifa_mw_mndn_k2,55920,ifa,MN,IFA,IFA_02,IFA,,27109,40340,2709154,"IFA Omaha, NE-IA",0.0,no cell in the extract: territory at zero opportunity
ifa_mw_mndn_k2,55921,ifa,MN,IFA,IFA_02,IFA,,27055,29100,2709226,"IFA Omaha, NE-IA",0.169068,
ifa_mw_mndn_k2,55922,ifa,MN,IFA,IFA_02,IFA,,27045,40340,2709802,"IFA Omaha, NE-IA",0.0,no cell in the extract: territory at zero opportunity
ifa_mw_mndn_k2,55923,ifa,MN,IFA,IFA_02,IFA,,27045,40340,2711008,"IFA Omaha, NE-IA",0.0,no cell in the extract: territory at zero opportunity
ifa_mw_mndn_k2,55924,ifa,MN,IFA,IFA_02,IFA,,27039,40340,2711566,"IFA Omaha, NE-IA",0.0,no cell in the extract: territory at zero opportunity
ifa_mw_mndn_k2,55925,ifa,MN,IFA,IFA_02,IFA,,27169,49100,2714518,"IFA Omaha, NE-IA",0.0,no cell in the extract: territory at zero opportunity
ifa_mw_mndn_k2,55926,ifa,MN,IFA,IFA_02,IFA,,27099,12380,2715886,"IFA Omaha, NE-IA",0.0,no cell in the extract: territory at zero opportunity
ifa_mw_mndn_k2,55927,ifa,MN,IFA,IFA_02,IFA,,27039,40340,2715994,"IFA Omaha, NE-IA",0.0,no cell in the extract: territory at zero opportunity
ifa_mw_mndn_k2,55929,ifa,MN,IFA,IFA_02,IFA,,27109,40340,2716264,"IFA Omaha, NE-IA",0.0,no cell in the extract: territory at zero opportunity
ifa_mw_mndn_k2,55931,ifa,MN,IFA,IFA_02,IFA,,27055,29100,2718368,"IFA Omaha, NE-IA",0.0,no cell in the extract: territory at zero opportunity
ifa_mw_mndn_k2,55932,ifa,MN,IFA,IFA_02,IFA,,27109,40340,2718530,"IFA Omaha, NE-IA",0.0,no cell in the extract: territory at zero opportunity
ifa_mw_mndn_k2,55933,ifa,MN,IFA,IFA_02,IFA,,27099,12380,2718728,"IFA Omaha, NE-IA",0.0,no cell in the extract: territory at zero opportunity
ifa_mw_mndn_k2,55934,ifa,MN,IFA,IFA_02,IFA,,27109,40340,2720114,"IFA Omaha, NE-IA",0.0,no cell in the extract: territory at zero opportunity
ifa_mw_mndn_k2,55935,ifa,MN,IFA,IFA_02,IFA,,27045,40340,2722094,"IFA Omaha, NE-IA",0.0,no cell in the extract: territory at zero opportunity
ifa_mw_mndn_k2,55936,ifa,MN,IFA,IFA_02,IFA,,27099,12380,2725010,"IFA Omaha, NE-IA",0.0,no cell in the extract: territory at zero opportunity
ifa_mw_mndn_k2,55939,ifa,MN,IFA,IFA_02,IFA,,27045,40340,2727188,"IFA Omaha, NE-IA",0.0,no cell in the extract: territory at zero opportunity
ifa_mw_mndn_k2,55940,ifa,MN,IFA,IFA_02,IFA,,27039,40340,2727872,"IFA Omaha, NE-IA",0.0,no cell in the extract: territory at zero opportunity
ifa_mw_mndn_k2,55941,ifa,MN,IFA,IFA_02,IFA,,27055,29100,2729510,"IFA Omaha, NE-IA",0.0,no cell in the extract: territory at zero opportunity
ifa_mw_mndn_k2,55943,ifa,MN,IFA,IFA_02,IFA,,27055,29100,2730230,"IFA Omaha, NE-IA",0.0,no cell in the extract: territory at zero opportunity
ifa_mw_mndn_k2,55944,ifa,MN,IFA,IFA_02,IFA,,27039,40340,2732498,"IFA Omaha, NE-IA",0.0,no cell in the extract: territory at zero opportunity
ifa_mw_mndn_k2,55945,ifa,MN,IFA,IFA_02,IFA,,27157,40340,2732642,"IFA Omaha, NE-IA",0.0,no cell in the extract: territory at zero opportunity
ifa_mw_mndn_k2,55946,ifa,MN,IFA,IFA_02,IFA,,27049,39860,2732840,"IFA Omaha, NE-IA",0.00596588,
ifa_mw_mndn_k2,55947,ifa,MN,IFA,IFA_02,IFA,,27055,29100,2733866,"IFA Omaha, NE-IA",0.508381,
ifa_mw_mndn_k2,55949,ifa,MN,IFA,IFA_02,IFA,,27045,40340,2735450,"IFA Omaha, NE-IA",0.0,no cell in the extract: territory at zero opportunity
ifa_mw_mndn_k2,55950,ifa,MN,IFA,IFA_02,IFA,,27099,12380,2735558,"IFA Omaha, NE-IA",0.0,no cell in the extract: territory at zero opportunity
ifa_mw_mndn_k2,55951,ifa,MN,IFA,IFA_02,IFA,,27099,12380,2736620,"IFA Omaha, NE-IA",0.0,no cell in the extract: territory at zero opportunity
ifa_mw_mndn_k2,55952,ifa,MN,IFA,IFA_02,IFA,,27169,49100,2736800,"IFA Omaha, NE-IA",0.0,no cell in the extract: territory at zero opportunity
ifa_mw_mndn_k2,55953,ifa,MN,IFA,IFA_02,IFA,,27099,12380,2738654,"IFA Omaha, NE-IA",0.0,no cell in the extract: territory at zero opportunity
ifa_mw_mndn_k2,55954,ifa,MN,IFA,IFA_02,IFA,,27045,40340,2738888,"IFA Omaha, NE-IA",0.0,no cell in the extract: territory at zero opportunity
ifa_mw_mndn_k2,55955,ifa,MN,IFA,IFA_02,IFA,,27039,40340,2739986,"IFA Omaha, NE-IA",0.0,no cell in the extract: territory at zero opportunity
ifa_mw_mndn_k2,55956,ifa,MN,IFA,IFA_02,IFA,,27157,40340,2741282,"IFA Omaha, NE-IA",0.0,no cell in the extract: territory at zero opportunity
ifa_mw_mndn_k2,55957,ifa,MN,IFA,IFA_02,IFA,,27157,40340,2742290,"IFA Omaha, NE-IA",0.0,no cell in the extract: territory at zero opportunity
ifa_mw_mndn_k2,55959,ifa,MN,IFA,IFA_02,IFA,,27169,49100,2724524,"IFA Omaha, NE-IA",0.0,no cell in the extract: territory at zero opportunity
ifa_mw_mndn_k2,55960,ifa,MN,IFA,IFA_02,IFA,,27109,40340,2748598,"IFA Omaha, NE-IA",0.0,no cell in the extract: territory at zero opportunity
ifa_mw_mndn_k2,55961,ifa,MN,IFA,IFA_02,IFA,,27099,12380,2749030,"IFA Omaha, NE-IA",0.0,no cell in the extract: territory at zero opportunity
ifa_mw_mndn_k2,55962,ifa,MN,IFA,IFA_02,IFA,,27045,40340,2756302,"IFA Omaha, NE-IA",0.0,no cell in the extract: territory at zero opportunity
ifa_mw_mndn_k2,55963,ifa,MN,IFA,IFA_02,IFA,,27049,39860,2751136,"IFA Omaha, NE-IA",3.27375,
ifa_mw_mndn_k2,55964,ifa,MN,IFA,IFA_02,IFA,,27157,40340,2751424,"IFA Omaha, NE-IA",0.0,no cell in the extract: territory at zero opportunity
ifa_mw_mndn_k2,55965,ifa,MN,IFA,IFA_02,IFA,,27045,40340,2752450,"IFA Omaha, NE-IA",0.0,no cell in the extract: territory at zero opportunity
ifa_mw_mndn_k2,55967,ifa,MN,IFA,IFA_02,IFA,,27099,12380,2752882,"IFA Omaha, NE-IA",0.0,no cell in the extract: territory at zero opportunity
ifa_mw_mndn_k2,55968,ifa,MN,IFA,IFA_02,IFA,,27157,40340,,"IFA Omaha, NE-IA",0.0,no cell in the extract: territory at zero opportunity
ifa_mw_mndn_k2,55969,ifa,MN,IFA,IFA_02,IFA,,27169,49100,2701234,"IFA Omaha, NE-IA",0.0,no cell in the extract: territory at zero opportunity
ifa_mw_mndn_k2,55970,ifa,MN,IFA,IFA_02,IFA,,27099,12380,2755600,"IFA Omaha, NE-IA",0.0,no cell in the extract: territory at zero opportunity
ifa_mw_mndn_k2,55971,ifa,MN,IFA,IFA_02,IFA,,27045,40340,2756302,"IFA Omaha, NE-IA",0.0,no cell in the extract: territory at zero opportunity
ifa_mw_mndn_k2,55972,ifa,MN,IFA,IFA_02,IFA,,27169,49100,2756788,"IFA Omaha, NE-IA",14.0592,
ifa_mw_mndn_k2,55973,ifa,MN,IFA,IFA_02,IFA,,27099,12380,2758576,"IFA Omaha, NE-IA",0.0,no cell in the extract: territory at zero opportunity
ifa_mw_mndn_k2,55974,ifa,MN,IFA,IFA_02,IFA,,27055,29100,2761852,"IFA Omaha, NE-IA",0.0,no cell in the extract: territory at zero opportunity
ifa_mw_mndn_k2,55975,ifa,MN,IFA,IFA_02,IFA,,27045,40340,2762104,"IFA Omaha, NE-IA",0.0,no cell in the extract: territory at zero opportunity
ifa_mw_mndn_k2,55976,ifa,MN,IFA,IFA_02,IFA,,27109,40340,2762806,"IFA Omaha, NE-IA",0.0,no cell in the extract: territory at zero opportunity
ifa_mw_mndn_k2,55977,ifa,MN,IFA,IFA_02,IFA,,27099,12380,2764210,"IFA Omaha, NE-IA",0.0,no cell in the extract: territory at zero opportunity
ifa_mw_mndn_k2,55979,ifa,MN,IFA,IFA_02,IFA,,27169,49100,2766424,"IFA Omaha, NE-IA",0.0,no cell in the extract: territory at zero opportunity
ifa_mw_mndn_k2,55981,ifa,MN,IFA,IFA_02,IFA,,27157,40340,2767378,"IFA Omaha, NE-IA",0.0,no cell in the extract: territory at zero opportunity
ifa_mw_mndn_k2,55982,ifa,MN,IFA,IFA_02,IFA,,27099,12380,2767918,"IFA Omaha, NE-IA",0.0,no cell in the extract: territory at zero opportunity
ifa_mw_mndn_k2,55983,ifa,MN,IFA,IFA_02,IFA,,27049,39860,2767972,"IFA Omaha, NE-IA",0.0,no cell in the extract: territory at zero opportunity
ifa_mw_mndn_k2,55985,ifa,MN,IFA,IFA_02,IFA,,27039,40340,2769304,"IFA Omaha, NE-IA",0.0,no cell in the extract: territory at zero opportunity
ifa_mw_mndn_k2,55987,ifa,MN,IFA,IFA_02,IFA,,27169,49100,2771032,"IFA Omaha, NE-IA",3.12374,
ifa_mw_mndn_k2,55990,ifa,MN,IFA,IFA_02,IFA,,27045,40340,2771950,"IFA Omaha, NE-IA",0.0,no cell in the extract: territory at zero opportunity
ifa_mw_mndn_k2,55991,ifa,MN,IFA,IFA_02,IFA,,27157,40340,2772310,"IFA Omaha, NE-IA",0.0,no cell in the extract: territory at zero opportunity
ifa_mw_mndn_k2,55992,ifa,MN,IFA,IFA_02,IFA,,27049,39860,2772328,"IFA Omaha, NE-IA",0.0542525,
ifa_mw_mndn_k2,56001,ifa,MN,IFA,IFA_02,IFA,,27013,31860,2739878,"IFA Omaha, NE-IA",20.7576,
ifa_mw_mndn_k2,56003,ifa,MN,IFA,IFA_02,IFA,,27103,31860,2747068,"IFA Omaha, NE-IA",3.56175,
ifa_mw_mndn_k2,56007,ifa,MN,IFA,IFA_02,IFA,,27047,10660,2700694,"IFA Omaha, NE-IA",0.688333,
ifa_mw_mndn_k2,56009,ifa,MN,IFA,IFA_02,IFA,,27047,10660,2700838,"IFA Omaha, NE-IA",0.0,no cell in the extract: territory at zero opportunity
ifa_mw_mndn_k2,56010,ifa,MN,IFA,IFA_02,IFA,,27013,31860,2701324,"IFA Omaha, NE-IA",0.0,no cell in the extract: territory at zero opportunity
ifa_mw_mndn_k2,56011,ifa,MN,IFA,IFA_02,IFA,,27139,33460,2704834,"IFA Omaha, NE-IA",0.0,no cell in the extract: territory at zero opportunity
ifa_mw_mndn_k2,56013,ifa,MN,IFA,IFA_02,IFA,,27043,,2706688,"IFA Omaha, NE-IA",0.0,no cell in the extract: territory at zero opportunity
ifa_mw_mndn_k2,56014,ifa,MN,IFA,IFA_02,IFA,,27043,,2707678,"IFA Omaha, NE-IA",0.0,no cell in the extract: territory at zero opportunity
ifa_mw_mndn_k2,56016,ifa,MN,IFA,IFA_02,IFA,,27047,10660,2711674,"IFA Omaha, NE-IA",0.0,no cell in the extract: territory at zero opportunity
ifa_mw_mndn_k2,56017,ifa,MN,IFA,IFA_02,IFA,,27079,33460,2711872,"IFA Omaha, NE-IA",0.0,no cell in the extract: territory at zero opportunity
ifa_mw_mndn_k2,56019,ifa,MN,IFA,IFA_02,IFA,,27015,35580,2712772,"IFA Omaha, NE-IA",0.0,no cell in the extract: territory at zero opportunity
ifa_mw_mndn_k2,56020,ifa,MN,IFA,IFA_02,IFA,,27047,10660,2712952,"IFA Omaha, NE-IA",0.0,no cell in the extract: territory at zero opportunity
ifa_mw_mndn_k2,56021,ifa,MN,IFA,IFA_02,IFA,,27103,31860,2713582,"IFA Omaha, NE-IA",0.0,no cell in the extract: territory at zero opportunity
ifa_mw_mndn_k2,56022,ifa,MN,IFA,IFA_02,IFA,,27165,,2714770,"IFA Omaha, NE-IA",0.0,no cell in the extract: territory at zero opportunity
ifa_mw_mndn_k2,56023,ifa,MN,IFA,IFA_02,IFA,,27043,,2715472,"IFA Omaha, NE-IA",0.0,no cell in the extract: territory at zero opportunity
ifa_mw_mndn_k2,56024,ifa,MN,IFA,IFA_02,IFA,,27013,31860,2717378,"IFA Omaha, NE-IA",0.0,no cell in the extract: territory at zero opportunity
ifa_mw_mndn_k2,56025,ifa,MN,IFA,IFA_02,IFA,,27043,,2717738,"IFA Omaha, NE-IA",0.0,no cell in the extract: territory at zero opportunity
ifa_mw_mndn_k2,56026,ifa,MN,IFA,IFA_02,IFA,,27147,36940,2718746,"IFA Omaha, NE-IA",0.0,no cell in the extract: territory at zero opportunity
ifa_mw_mndn_k2,56027,ifa,MN,IFA,IFA_02,IFA,,27043,,2718998,"IFA Omaha, NE-IA",0.0,no cell in the extract: territory at zero opportunity
ifa_mw_mndn_k2,56028,ifa,MN,IFA,IFA_02,IFA,,27079,33460,2719160,"IFA Omaha, NE-IA",0.0,no cell in the extract: territory at zero opportunity
ifa_mw_mndn_k2,56029,ifa,MN,IFA,IFA_02,IFA,,27047,10660,2719340,"IFA Omaha, NE-IA",0.0,no cell in the extract: territory at zero opportunity
ifa_mw_mndn_k2,56030,ifa,MN,IFA,IFA_02,IFA,,27015,35580,2719754,"IFA Omaha, NE-IA",0.0,no cell in the extract: territory at zero opportunity
ifa_mw_mndn_k2,56031,ifa,MN,IFA,IFA_02,IFA,,27091,21860,2720330,"IFA Omaha, NE-IA",1.31266,
ifa_mw_mndn_k2,56032,ifa,MN,IFA,IFA_02,IFA,,27047,10660,2722526,"IFA Omaha, NE-IA",0.0,no cell in the extract: territory at zero opportunity
ifa_mw_mndn_k2,56033,ifa,MN,IFA,IFA_02,IFA,,27043,,2722940,"IFA Omaha, NE-IA",0.0,no cell in the extract: territory at zero opportunity
ifa_mw_mndn_k2,56034,ifa,MN,IFA,IFA_02,IFA,,27013,31860,2723084,"IFA Omaha, NE-IA",0.0,no cell in the extract: territory at zero opportunity
ifa_mw_mndn_k2,56035,ifa,MN,IFA,IFA_02,IFA,,27047,10660,2723354,"IFA Omaha, NE-IA",0.0,no cell in the extract: territory at zero opportunity
ifa_mw_mndn_k2,56036,ifa,MN,IFA,IFA_02,IFA,,27047,10660,2724056,"IFA Omaha, NE-IA",0.0,no cell in the extract: territory at zero opportunity
ifa_mw_mndn_k2,56037,ifa,MN,IFA,IFA_02,IFA,,27013,31860,2724506,"IFA Omaha, NE-IA",0.0,no cell in the extract: territory at zero opportunity
ifa_mw_mndn_k2,56039,ifa,MN,IFA,IFA_02,IFA,,27091,21860,2724884,"IFA Omaha, NE-IA",0.0,no cell in the extract: territory at zero opportunity
ifa_mw_mndn_k2,56041,ifa,MN,IFA,IFA_02,IFA,,27015,35580,2727008,"IFA Omaha, NE-IA",0.0,no cell in the extract: territory at zero opportunity
ifa_mw_mndn_k2,56042,ifa,MN,IFA,IFA_02,IFA,,27047,10660,2727404,"IFA Omaha, NE-IA",0.0,no cell in the extract: territory at zero opportunity
ifa_mw_mndn_k2,56043,ifa,MN,IFA,IFA_02,IFA,,27047,10660,2727944,"IFA Omaha, NE-IA",0.0,no cell in the extract: territory at zero opportunity
ifa_mw_mndn_k2,56044,ifa,MN,IFA,IFA_02,IFA,,27143,,2728394,"IFA Omaha, NE-IA",0.0,no cell in the extract: territory at zero opportunity
ifa_mw_mndn_k2,56045,ifa,MN,IFA,IFA_02,IFA,,27047,10660,2729636,"IFA Omaha, NE-IA",0.0,no cell in the extract: territory at zero opportunity
ifa_mw_mndn_k2,56046,ifa,MN,IFA,IFA_02,IFA,,27147,36940,,"IFA Omaha, NE-IA",0.0,no cell in the extract: territory at zero opportunity
ifa_mw_mndn_k2,56048,ifa,MN,IFA,IFA_02,IFA,,27161,,2731706,"IFA Omaha, NE-IA",0.0,no cell in the extract: territory at zero opportunity
ifa_mw_mndn_k2,56050,ifa,MN,IFA,IFA_02,IFA,,27079,33460,2732462,"IFA Omaha, NE-IA",0.0,no cell in the extract: territory at zero opportunity
ifa_mw_mndn_k2,56051,ifa,MN,IFA,IFA_02,IFA,,27043,,2733056,"IFA Omaha, NE-IA",0.0,no cell in the extract: territory at zero opportunity
ifa_mw_mndn_k2,56052,ifa,MN,IFA,IFA_02,IFA,,27079,33460,2733110,"IFA Omaha, NE-IA",0.0,no cell in the extract: territory at zero opportunity
ifa_mw_mndn_k2,56054,ifa,MN,IFA,IFA_02,IFA,,27103,31860,2733920,"IFA Omaha, NE-IA",0.0,no cell in the extract: territory at zero opportunity
ifa_mw_mndn_k2,56055,ifa,MN,IFA,IFA_02,IFA,,27013,31860,2734190,"IFA Omaha, NE-IA",0.0,no cell in the extract: territory at zero opportunity
ifa_mw_mndn_k2,56056,ifa,MN,IFA,IFA_02,IFA,,27165,,2735702,"IFA Omaha, NE-IA",0.0,no cell in the extract: territory at zero opportunity
ifa_mw_mndn_k2,56057,ifa,MN,IFA,IFA_02,IFA,,27079,33460,2736134,"IFA Omaha, NE-IA",0.0,no cell in the extract: territory at zero opportunity
ifa_mw_mndn_k2,56058,ifa,MN,IFA,IFA_02,IFA,,27079,33460,2736746,"IFA Omaha, NE-IA",4.43098,
ifa_mw_mndn_k2,56060,ifa,MN,IFA,IFA_02,IFA,,27165,,2736818,"IFA Omaha, NE-IA",0.0,no cell in the extract: territory at zero opportunity
ifa_mw_mndn_k2,56062,ifa,MN,IFA,IFA_02,IFA,,27165,,2739230,"IFA Omaha, NE-IA",0.0,no cell in the extract: territory at zero opportunity
ifa_mw_mndn_k2,56063,ifa,MN,IFA,IFA_02,IFA,,27013,31860,2739320,"IFA Omaha, NE-IA",0.0545938,
ifa_mw_mndn_k2,56065,ifa,MN,IFA,IFA_02,IFA,,27013,31860,2740310,"IFA Omaha, NE-IA",0.0,no cell in the extract: territory at zero opportunity
ifa_mw_mndn_k2,56068,ifa,MN,IFA,IFA_02,IFA,,27013,31860,2743198,"IFA Omaha, NE-IA",0.0,no cell in the extract: territory at zero opportunity
ifa_mw_mndn_k2,56069,ifa,MN,IFA,IFA_02,IFA,,27079,33460,2743738,"IFA Omaha, NE-IA",0.0,no cell in the extract: territory at zero opportunity
ifa_mw_mndn_k2,56071,ifa,MN,IFA,IFA_02,IFA,,27079,33460,2745808,"IFA Omaha, NE-IA",0.719651,
ifa_mw_mndn_k2,56072,ifa,MN,IFA,IFA_02,IFA,,27161,,2745862,"IFA Omaha, NE-IA",0.0,no cell in the extract: territory at zero opportunity
ifa_mw_mndn_k2,56073,ifa,MN,IFA,IFA_02,IFA,,27015,35580,2746042,"IFA Omaha, NE-IA",1.77441,
ifa_mw_mndn_k2,56074,ifa,MN,IFA,IFA_02,IFA,,27103,31860,2746150,"IFA Omaha, NE-IA",0.0,no cell in the extract: territory at zero opportunity
ifa_mw_mndn_k2,56075,ifa,MN,IFA,IFA_02,IFA,,27091,21860,2747212,"IFA Omaha, NE-IA",0.0,no cell in the extract: territory at zero opportunity
ifa_mw_mndn_k2,56078,ifa,MN,IFA,IFA_02,IFA,,27013,31860,2750200,"IFA Omaha, NE-IA",0.0,no cell in the extract: territory at zero opportunity
ifa_mw_mndn_k2,56080,ifa,MN,IFA,IFA_02,IFA,,27013,31860,2756824,"IFA Omaha, NE-IA",0.0,no cell in the extract: territory at zero opportunity
ifa_mw_mndn_k2,56081,ifa,MN,IFA,IFA_02,IFA,,27165,,2757040,"IFA Omaha, NE-IA",0.0,no cell in the extract: territory at zero opportunity
ifa_mw_mndn_k2,56082,ifa,MN,IFA,IFA_02,IFA,,27103,31860,2758036,"IFA Omaha, NE-IA",1.18778,
ifa_mw_mndn_k2,56083,ifa,MN,IFA,IFA_02,IFA,,27127,,2758306,"IFA Omaha, NE-IA",0.0,no cell in the extract: territory at zero opportunity
ifa_mw_mndn_k2,56085,ifa,MN,IFA,IFA_02,IFA,,27015,35580,2760844,"IFA Omaha, NE-IA",3.55036,
ifa_mw_mndn_k2,56087,ifa,MN,IFA,IFA_02,IFA,,27015,35580,2761816,"IFA Omaha, NE-IA",1.99498,
ifa_mw_mndn_k2,56088,ifa,MN,IFA,IFA_02,IFA,,27091,21860,2765668,"IFA Omaha, NE-IA",0.0,no cell in the extract: territory at zero opportunity
ifa_mw_mndn_k2,56089,ifa,MN,IFA,IFA_02,IFA,,27047,10660,2765920,"IFA Omaha, NE-IA",0.0,no cell in the extract: territory at zero opportunity
ifa_mw_mndn_k2,56090,ifa,MN,IFA,IFA_02,IFA,,27013,31860,2766910,"IFA Omaha, NE-IA",0.0,no cell in the extract: territory at zero opportunity
ifa_mw_mndn_k2,56091,ifa,MN,IFA,IFA_02,IFA,,27161,,2767756,"IFA Omaha, NE-IA",0.0,no cell in the extract: territory at zero opportunity
ifa_mw_mndn_k2,56093,ifa,MN,IFA,IFA_02,IFA,,27161,,2768296,"IFA Omaha, NE-IA",0.0,no cell in the extract: territory at zero opportunity
ifa_mw_mndn_k2,56096,ifa,MN,IFA,IFA_02,IFA,,27079,33460,2768584,"IFA Omaha, NE-IA",0.0,no cell in the extract: territory at zero opportunity
ifa_mw_mndn_k2,56097,ifa,MN,IFA,IFA_02,IFA,,27043,,2769106,"IFA Omaha, NE-IA",0.0,no cell in the extract: territory at zero opportunity
ifa_mw_mndn_k2,56098,ifa,MN,IFA,IFA_02,IFA,,27043,,2770924,"IFA Omaha, NE-IA",0.0,no cell in the extract: territory at zero opportunity
ifa_mw_mndn_k2,56101,ifa,MN,IFA,IFA_02,IFA,,27033,,2770798,"IFA Omaha, NE-IA",0.0,no cell in the extract: territory at zero opportunity
ifa_mw_mndn_k2,56110,ifa,MN,IFA,IFA_02,IFA,,27105,49380,2700262,"IFA Omaha, NE-IA",0.0,no cell in the extract: territory at zero opportunity
ifa_mw_mndn_k2,56111,ifa,MN,IFA,IFA_02,IFA,,27063,,2701162,"IFA Omaha, NE-IA",0.0,no cell in the extract: territory at zero opportunity
ifa_mw_mndn_k2,56113,ifa,MN,IFA,IFA_02,IFA,,27081,,2701972,"IFA Omaha, NE-IA",0.0,no cell in the extract: territory at zero opportunity
ifa_mw_mndn_k2,56114,ifa,MN,IFA,IFA_02,IFA,,27101,,2703052,"IFA Omaha, NE-IA",0.0,no cell in the extract: territory at zero opportunity
ifa_mw_mndn_k2,56115,ifa,MN,IFA,IFA_02,IFA,,27083,32140,2703250,"IFA Omaha, NE-IA",0.0,no cell in the extract: territory at zero opportunity
ifa_mw_mndn_k2,56116,ifa,MN,IFA,IFA_02,IFA,,27133,43620,2704492,"IFA Omaha, NE-IA",0.0,no cell in the extract: territory at zero opportunity
ifa_mw_mndn_k2,56117,ifa,MN,IFA,IFA_02,IFA,,27105,49380,2705644,"IFA Omaha, NE-IA",0.0,no cell in the extract: territory at zero opportunity
ifa_mw_mndn_k2,56118,ifa,MN,IFA,IFA_02,IFA,,27033,,2705896,"IFA Omaha, NE-IA",0.0,no cell in the extract: territory at zero opportunity
ifa_mw_mndn_k2,56119,ifa,MN,IFA,IFA_02,IFA,,27105,49380,2707660,"IFA Omaha, NE-IA",0.0,no cell in the extract: territory at zero opportunity
ifa_mw_mndn_k2,56120,ifa,MN,IFA,IFA_02,IFA,,27165,,2708992,"IFA Omaha, NE-IA",0.0,no cell in the extract: territory at zero opportunity
ifa_mw_mndn_k2,56121,ifa,MN,IFA,IFA_02,IFA,,27091,21860,2710792,"IFA Omaha, NE-IA",0.0,no cell in the extract: territory at zero opportunity
ifa_mw_mndn_k2,56122,ifa,MN,IFA,IFA_02,IFA,,27101,,2710900,"IFA Omaha, NE-IA",0.0,no cell in the extract: territory at zero opportunity
ifa_mw_mndn_k2,56123,ifa,MN,IFA,IFA_02,IFA,,27101,,2764543,"IFA Omaha, NE-IA",0.0,no cell in the extract: territory at zero opportunity
ifa_mw_mndn_k2,56125,ifa,MN,IFA,IFA_02,IFA,,27101,,2716300,"IFA Omaha, NE-IA",0.0,no cell in the extract: territory at zero opportunity
ifa_mw_mndn_k2,56127,ifa,MN,IFA,IFA_02,IFA,,27091,21860,2717180,"IFA Omaha, NE-IA",0.0,no cell in the extract: territory at zero opportunity
ifa_mw_mndn_k2,56128,ifa,MN,IFA,IFA_02,IFA,,27117,,2727566,"IFA Omaha, NE-IA",0.129336,
ifa_mw_mndn_k2,56129,ifa,MN,IFA,IFA_02,IFA,,27105,49380,2718836,"IFA Omaha, NE-IA",0.0,no cell in the extract: territory at zero opportunity
ifa_mw_mndn_k2,56131,ifa,MN,IFA,IFA_02,IFA,,27101,,2722958,"IFA Omaha, NE-IA",0.0,no cell in the extract: territory at zero opportunity
ifa_mw_mndn_k2,56132,ifa,MN,IFA,IFA_02,IFA,,27083,32140,2764543,"IFA Omaha, NE-IA",0.0,no cell in the extract: territory at zero opportunity
ifa_mw_mndn_k2,56134,ifa,MN,IFA,IFA_02,IFA,,27133,43620,2727116,"IFA Omaha, NE-IA",0.0,no cell in the extract: territory at zero opportunity
ifa_mw_mndn_k2,56136,ifa,MN,IFA,IFA_02,IFA,,27081,,2728430,"IFA Omaha, NE-IA",0.0,no cell in the extract: territory at zero opportunity
ifa_mw_mndn_k2,56137,ifa,MN,IFA,IFA_02,IFA,,27063,,2728700,"IFA Omaha, NE-IA",0.0,no cell in the extract: territory at zero opportunity
ifa_mw_mndn_k2,56138,ifa,MN,IFA,IFA_02,IFA,,27133,43620,2729204,"IFA Omaha, NE-IA",0.0,no cell in the extract: territory at zero opportunity
ifa_mw_mndn_k2,56139,ifa,MN,IFA,IFA_02,IFA,,27117,,2729618,"IFA Omaha, NE-IA",0.0,no cell in the extract: territory at zero opportunity
ifa_mw_mndn_k2,56140,ifa,MN,IFA,IFA_02,IFA,,27117,,2730806,"IFA Omaha, NE-IA",0.0,no cell in the extract: territory at zero opportunity
ifa_mw_mndn_k2,56141,ifa,MN,IFA,IFA_02,IFA,,27101,,2731094,"IFA Omaha, NE-IA",0.0,no cell in the extract: territory at zero opportunity
ifa_mw_mndn_k2,56142,ifa,MN,IFA,IFA_02,IFA,,27081,,2731526,"IFA Omaha, NE-IA",0.0,no cell in the extract: territory at zero opportunity
ifa_mw_mndn_k2,56143,ifa,MN,IFA,IFA_02,IFA,,27063,,2731562,"IFA Omaha, NE-IA",0.0926328,
ifa_mw_mndn_k2,56144,ifa,MN,IFA,IFA_02,IFA,,27133,43620,2731760,"IFA Omaha, NE-IA",0.0,no cell in the extract: territory at zero opportunity
ifa_mw_mndn_k2,56145,ifa,MN,IFA,IFA_02,IFA,,27033,,2731796,"IFA Omaha, NE-IA",0.0,no cell in the extract: territory at zero opportunity
ifa_mw_mndn_k2,56146,ifa,MN,IFA,IFA_02,IFA,,27133,43620,,"IFA Omaha, NE-IA",0.0,no cell in the extract: territory at zero opportunity
ifa_mw_mndn_k2,56147,ifa,MN,IFA,IFA_02,IFA,,27133,43620,2732750,"IFA Omaha, NE-IA",0.0,no cell in the extract: territory at zero opportunity
ifa_mw_mndn_k2,56149,ifa,MN,IFA,IFA_02,IFA,,27081,,2734100,"IFA Omaha, NE-IA",0.0,no cell in the extract: territory at zero opportunity
ifa_mw_mndn_k2,56150,ifa,MN,IFA,IFA_02,IFA,,27063,,2734316,"IFA Omaha, NE-IA",0.0,no cell in the extract: territory at zero opportunity
ifa_mw_mndn_k2,56151,ifa,MN,IFA,IFA_02,IFA,,27101,,2735198,"IFA Omaha, NE-IA",0.0,no cell in the extract: territory at zero opportunity
ifa_mw_mndn_k2,56152,ifa,MN,IFA,IFA_02,IFA,,27127,,2735288,"IFA Omaha, NE-IA",0.0,no cell in the extract: territory at zero opportunity
ifa_mw_mndn_k2,56153,ifa,MN,IFA,IFA_02,IFA,,27105,49380,2736548,"IFA Omaha, NE-IA",0.0,no cell in the extract: territory at zero opportunity
ifa_mw_mndn_k2,56155,ifa,MN,IFA,IFA_02,IFA,,27105,49380,2737412,"IFA Omaha, NE-IA",0.0,no cell in the extract: territory at zero opportunity
ifa_mw_mndn_k2,56156,ifa,MN,IFA,IFA_02,IFA,,27133,43620,2738564,"IFA Omaha, NE-IA",1.23815,
ifa_mw_mndn_k2,56157,ifa,MN,IFA,IFA_02,IFA,,27083,32140,2738708,"IFA Omaha, NE-IA",0.0,no cell in the extract: territory at zero opportunity
ifa_mw_mndn_k2,56158,ifa,MN,IFA,IFA_02,IFA,,27133,43620,2739338,"IFA Omaha, NE-IA",0.0,no cell in the extract: territory at zero opportunity
ifa_mw_mndn_k2,56159,ifa,MN,IFA,IFA_02,IFA,,27033,,2744566,"IFA Omaha, NE-IA",0.258522,
ifa_mw_mndn_k2,56160,ifa,MN,IFA,IFA_02,IFA,,27091,21860,2748094,"IFA Omaha, NE-IA",0.0,no cell in the extract: territory at zero opportunity
ifa_mw_mndn_k2,56161,ifa,MN,IFA,IFA_02,IFA,,27063,,2748184,"IFA Omaha, NE-IA",0.0,no cell in the extract: territory at zero opportunity
ifa_mw_mndn_k2,56162,ifa,MN,IFA,IFA_02,IFA,,27091,21860,2748562,"IFA Omaha, NE-IA",0.0,no cell in the extract: territory at zero opportunity
ifa_mw_mndn_k2,56164,ifa,MN,IFA,IFA_02,IFA,,27117,,2751388,"IFA Omaha, NE-IA",0.0,no cell in the extract: territory at zero opportunity
ifa_mw_mndn_k2,56165,ifa,MN,IFA,IFA_02,IFA,,27105,49380,,"IFA Omaha, NE-IA",0.0,no cell in the extract: territory at zero opportunity
ifa_mw_mndn_k2,56166,ifa,MN,IFA,IFA_02,IFA,,27127,,2753908,"IFA Omaha, NE-IA",0.0,no cell in the extract: territory at zero opportunity
ifa_mw_mndn_k2,56167,ifa,MN,IFA,IFA_02,IFA,,27063,,2756086,"IFA Omaha, NE-IA",0.0,no cell in the extract: territory at zero opportunity
ifa_mw_mndn_k2,56168,ifa,MN,IFA,IFA_02,IFA,,27105,49380,2756338,"IFA Omaha, NE-IA",0.0,no cell in the extract: territory at zero opportunity
ifa_mw_mndn_k2,56169,ifa,MN,IFA,IFA_02,IFA,,27083,32140,2756428,"IFA Omaha, NE-IA",0.0,no cell in the extract: territory at zero opportunity
ifa_mw_mndn_k2,56170,ifa,MN,IFA,IFA_02,IFA,,27117,,2756482,"IFA Omaha, NE-IA",0.0,no cell in the extract: territory at zero opportunity
ifa_mw_mndn_k2,56171,ifa,MN,IFA,IFA_02,IFA,,27091,21860,2759620,"IFA Omaha, NE-IA",0.0,no cell in the extract: territory at zero opportunity
ifa_mw_mndn_k2,56172,ifa,MN,IFA,IFA_02,IFA,,27101,,2764543,"IFA Omaha, NE-IA",0.273744,
ifa_mw_mndn_k2,56173,ifa,MN,IFA,IFA_02,IFA,,27133,43620,2762662,"IFA Omaha, NE-IA",0.0,no cell in the extract: territory at zero opportunity
ifa_mw_mndn_k2,56174,ifa,MN,IFA,IFA_02,IFA,,27033,,2763022,"IFA Omaha, NE-IA",0.0,no cell in the extract: territory at zero opportunity
ifa_mw_mndn_k2,56175,ifa,MN,IFA,IFA_02,IFA,,27083,32140,2764543,"IFA Omaha, NE-IA",0.0,no cell in the extract: territory at zero opportunity
ifa_mw_mndn_k2,56176,ifa,MN,IFA,IFA_02,IFA,,27091,21860,2765470,"IFA Omaha, NE-IA",0.0,no cell in the extract: territory at zero opportunity
ifa_mw_mndn_k2,56178,ifa,MN,IFA,IFA_02,IFA,,27081,,2766046,"IFA Omaha, NE-IA",0.737638,
ifa_mw_mndn_k2,56180,ifa,MN,IFA,IFA_02,IFA,,27127,,2767846,"IFA Omaha, NE-IA",0.0,no cell in the extract: territory at zero opportunity
ifa_mw_mndn_k2,56181,ifa,MN,IFA,IFA_02,IFA,,27091,21860,2769070,"IFA Omaha, NE-IA",0.0,no cell in the extract: territory at zero opportunity
ifa_mw_mndn_k2,56183,ifa,MN,IFA,IFA_02,IFA,,27033,,2769250,"IFA Omaha, NE-IA",0.0,no cell in the extract: territory at zero opportunity
ifa_mw_mndn_k2,56185,ifa,MN,IFA,IFA_02,IFA,,27105,49380,2770582,"IFA Omaha, NE-IA",0.0,no cell in the extract: territory at zero opportunity
ifa_mw_mndn_k2,56186,ifa,MN,IFA,IFA_02,IFA,,27117,,2771680,"IFA Omaha, NE-IA",0.0,no cell in the extract: territory at zero opportunity
ifa_mw_mndn_k2,56187,ifa,MN,IFA,IFA_02,IFA,,27105,49380,2771734,"IFA Omaha, NE-IA",4.9485,
ifa_mw_mndn_k2,56201,ifa,MN,IFA,IFA_02,IFA,,27067,48820,2770420,"IFA Omaha, NE-IA",3.0682,
ifa_mw_mndn_k2,56207,ifa,MN,IFA,IFA_02,IFA,,27149,,2700676,"IFA Omaha, NE-IA",0.0,no cell in the extract: territory at zero opportunity
ifa_mw_mndn_k2,56208,ifa,MN,IFA,IFA_02,IFA,,27151,,2701864,"IFA Omaha, NE-IA",0.0,no cell in the extract: territory at zero opportunity
ifa_mw_mndn_k2,56209,ifa,MN,IFA,IFA_02,IFA,,27067,48820,2702692,"IFA Omaha, NE-IA",0.0,no cell in the extract: territory at zero opportunity
ifa_mw_mndn_k2,56210,ifa,MN,IFA,IFA_02,IFA,,27011,,2703718,"IFA Omaha, NE-IA",0.0,no cell in the extract: territory at zero opportunity
ifa_mw_mndn_k2,56211,ifa,MN,IFA,IFA_02,IFA,,27011,,2704204,"IFA Omaha, NE-IA",0.0,no cell in the extract: territory at zero opportunity
ifa_mw_mndn_k2,56212,ifa,MN,IFA,IFA_02,IFA,,27073,,2704960,"IFA Omaha, NE-IA",0.0,no cell in the extract: territory at zero opportunity
ifa_mw_mndn_k2,56214,ifa,MN,IFA,IFA_02,IFA,,27127,,2705050,"IFA Omaha, NE-IA",0.0,no cell in the extract: territory at zero opportunity
ifa_mw_mndn_k2,56215,ifa,MN,IFA,IFA_02,IFA,,27151,,2705212,"IFA Omaha, NE-IA",0.0,no cell in the extract: territory at zero opportunity
ifa_mw_mndn_k2,56216,ifa,MN,IFA,IFA_02,IFA,,27067,48820,2706490,"IFA Omaha, NE-IA",0.0,no cell in the extract: territory at zero opportunity
ifa_mw_mndn_k2,56218,ifa,MN,IFA,IFA_02,IFA,,27073,,2707138,"IFA Omaha, NE-IA",0.0,no cell in the extract: territory at zero opportunity
ifa_mw_mndn_k2,56219,ifa,SD,IFA,IFA_02,IFA,,46109,,2708200,"IFA Omaha, NE-IA",0.0,no cell in the extract: territory at zero opportunity
ifa_mw_mndn_k2,56220,ifa,MN,IFA,IFA_02,IFA,,27173,,2709604,"IFA Omaha, NE-IA",0.0,no cell in the extract: territory at zero opportunity
ifa_mw_mndn_k2,56221,ifa,MN,IFA,IFA_02,IFA,,27149,,2711440,"IFA Omaha, NE-IA",0.0,no cell in the extract: territory at zero opportunity
ifa_mw_mndn_k2,56222,ifa,MN,IFA,IFA_02,IFA,,27023,,2711548,"IFA Omaha, NE-IA",0.0,no cell in the extract: territory at zero opportunity
ifa_mw_mndn_k2,56223,ifa,MN,IFA,IFA_02,IFA,,27173,,2711656,"IFA Omaha, NE-IA",0.0,no cell in the extract: territory at zero opportunity
ifa_mw_mndn_k2,56224,ifa,MN,IFA,IFA_02,IFA,,27127,,2711836,"IFA Omaha, NE-IA",0.0,no cell in the extract: territory at zero opportunity
ifa_mw_mndn_k2,56225,ifa,MN,IFA,IFA_02,IFA,,27011,,2711980,"IFA Omaha, NE-IA",0.557985,
ifa_mw_mndn_k2,56226,ifa,MN,IFA,IFA_02,IFA,,27121,,2712124,"IFA Omaha, NE-IA",0.0,no cell in the extract: territory at zero opportunity
ifa_mw_mndn_k2,56227,ifa,MN,IFA,IFA_02,IFA,,27011,,2713384,"IFA Omaha, NE-IA",0.0,no cell in the extract: territory at zero opportunity
ifa_mw_mndn_k2,56228,ifa,MN,IFA,IFA_02,IFA,,27093,,2713420,"IFA Omaha, NE-IA",0.0,no cell in the extract: territory at zero opportunity
ifa_mw_mndn_k2,56229,ifa,MN,IFA,IFA_02,IFA,,27083,32140,2713564,"IFA Omaha, NE-IA",0.0,no cell in the extract: territory at zero opportunity
ifa_mw_mndn_k2,56230,ifa,MN,IFA,IFA_02,IFA,,27129,,2714716,"IFA Omaha, NE-IA",0.0,no cell in the extract: territory at zero opportunity
ifa_mw_mndn_k2,56231,ifa,MN,IFA,IFA_02,IFA,,27151,,2714734,"IFA Omaha, NE-IA",0.0,no cell in the extract: territory at zero opportunity
ifa_mw_mndn_k2,56232,ifa,MN,IFA,IFA_02,IFA,,27073,,2714968,"IFA Omaha, NE-IA",0.0,no cell in the extract: territory at zero opportunity
ifa_mw_mndn_k2,56235,ifa,MN,IFA,IFA_02,IFA,,27149,,2716084,"IFA Omaha, NE-IA",0.0,no cell in the extract: territory at zero opportunity
ifa_mw_mndn_k2,56236,ifa,MN,IFA,IFA_02,IFA,,27155,,2717090,"IFA Omaha, NE-IA",0.0,no cell in the extract: territory at zero opportunity
ifa_mw_mndn_k2,56237,ifa,MN,IFA,IFA_02,IFA,,27173,,2717900,"IFA Omaha, NE-IA",0.0,no cell in the extract: territory at zero opportunity
ifa_mw_mndn_k2,56239,ifa,MN,IFA,IFA_02,IFA,,27083,32140,2723660,"IFA Omaha, NE-IA",0.0,no cell in the extract: territory at zero opportunity
ifa_mw_mndn_k2,56240,ifa,MN,IFA,IFA_02,IFA,,27011,,2724758,"IFA Omaha, NE-IA",0.0,no cell in the extract: territory at zero opportunity
ifa_mw_mndn_k2,56241,ifa,MN,IFA,IFA_02,IFA,,27173,,2725280,"IFA Omaha, NE-IA",0.0,no cell in the extract: territory at zero opportunity
ifa_mw_mndn_k2,56243,ifa,MN,IFA,IFA_02,IFA,,27093,,2726126,"IFA Omaha, NE-IA",0.0,no cell in the extract: territory at zero opportunity
ifa_mw_mndn_k2,56244,ifa,MN,IFA,IFA_02,IFA,,27149,,2726936,"IFA Omaha, NE-IA",0.0,no cell in the extract: territory at zero opportunity
ifa_mw_mndn_k2,56245,ifa,MN,IFA,IFA_02,IFA,,27173,,2726972,"IFA Omaha, NE-IA",0.0,no cell in the extract: territory at zero opportunity
ifa_mw_mndn_k2,56248,ifa,MN,IFA,IFA_02,IFA,,27051,,2728646,"IFA Omaha, NE-IA",0.0,no cell in the extract: territory at zero opportunity
ifa_mw_mndn_k2,56249,ifa,MN,IFA,IFA_02,IFA,,27151,,2729672,"IFA Omaha, NE-IA",0.0,no cell in the extract: territory at zero opportunity
ifa_mw_mndn_k2,56251,ifa,MN,IFA,IFA_02,IFA,,27067,48820,2732372,"IFA Omaha, NE-IA",0.0,no cell in the extract: territory at zero opportunity
ifa_mw_mndn_k2,56252,ifa,MN,IFA,IFA_02,IFA,,27151,,2732876,"IFA Omaha, NE-IA",0.0,no cell in the extract: territory at zero opportunity
ifa_mw_mndn_k2,56253,ifa,MN,IFA,IFA_02,IFA,,27067,48820,2734676,"IFA Omaha, NE-IA",0.0,no cell in the extract: territory at zero opportunity
ifa_mw_mndn_k2,56255,ifa,MN,IFA,IFA_02,IFA,,27127,,2738420,"IFA Omaha, NE-IA",0.0,no cell in the extract: territory at zero opportunity
ifa_mw_mndn_k2,56256,ifa,MN,IFA,IFA_02,IFA,,27073,,2739266,"IFA Omaha, NE-IA",0.0,no cell in the extract: territory at zero opportunity
ifa_mw_mndn_k2,56257,ifa,MN,IFA,IFA_02,IFA,,27073,,2740526,"IFA Omaha, NE-IA",0.0,no cell in the extract: territory at zero opportunity
ifa_mw_mndn_k2,56258,ifa,MN,IFA,IFA_02,IFA,,27083,32140,2740688,"IFA Omaha, NE-IA",3.57085,
ifa_mw_mndn_k2,56260,ifa,MN,IFA,IFA_02,IFA,,27023,,2741210,"IFA Omaha, NE-IA",0.0,no cell in the extract: territory at zero opportunity
ifa_mw_mndn_k2,56262,ifa,MN,IFA,IFA_02,IFA,,27023,,2742146,"IFA Omaha, NE-IA",0.0,no cell in the extract: territory at zero opportunity
ifa_mw_mndn_k2,56263,ifa,MN,IFA,IFA_02,IFA,,27127,,2742362,"IFA Omaha, NE-IA",0.0,no cell in the extract: territory at zero opportunity
ifa_mw_mndn_k2,56264,ifa,MN,IFA,IFA_02,IFA,,27083,32140,2743126,"IFA Omaha, NE-IA",0.0,no cell in the extract: territory at zero opportunity
ifa_mw_mndn_k2,56265,ifa,MN,IFA,IFA_02,IFA,,27023,,2743720,"IFA Omaha, NE-IA",1.11112,
ifa_mw_mndn_k2,56266,ifa,MN,IFA,IFA_02,IFA,,27127,,2744116,"IFA Omaha, NE-IA",0.0,no cell in the extract: territory at zero opportunity
ifa_mw_mndn_k2,56267,ifa,MN,IFA,IFA_02,IFA,,27149,,2744242,"IFA Omaha, NE-IA",0.0,no cell in the extract: territory at zero opportunity
ifa_mw_mndn_k2,56270,ifa,MN,IFA,IFA_02,IFA,,27129,,2744368,"IFA Omaha, NE-IA",0.0,no cell in the extract: territory at zero opportunity
ifa_mw_mndn_k2,56271,ifa,MN,IFA,IFA_02,IFA,,27151,,2715418,"IFA Omaha, NE-IA",0.0,no cell in the extract: territory at zero opportunity
ifa_mw_mndn_k2,56273,ifa,MN,IFA,IFA_02,IFA,,27067,48820,2745682,"IFA Omaha, NE-IA",0.0,no cell in the extract: territory at zero opportunity
ifa_mw_mndn_k2,56274,ifa,MN,IFA,IFA_02,IFA,,27051,,2746492,"IFA Omaha, NE-IA",0.0,no cell in the extract: territory at zero opportunity
ifa_mw_mndn_k2,56276,ifa,MN,IFA,IFA_02,IFA,,27011,,2748058,"IFA Omaha, NE-IA",0.0,no cell in the extract: territory at zero opportunity
ifa_mw_mndn_k2,56277,ifa,MN,IFA,IFA_02,IFA,,27129,,2748256,"IFA Omaha, NE-IA",0.537109,
ifa_mw_mndn_k2,56278,ifa,MN,IFA,IFA_02,IFA,,27011,,2748706,"IFA Omaha, NE-IA",0.0143181,
ifa_mw_mndn_k2,56279,ifa,MN,IFA,IFA_02,IFA,,27067,48820,2750344,"IFA Omaha, NE-IA",0.0,no cell in the extract: territory at zero opportunity
ifa_mw_mndn_k2,56280,ifa,MN,IFA,IFA_02,IFA,,27081,,2752144,"IFA Omaha, NE-IA",0.0,no cell in the extract: territory at zero opportunity
ifa_mw_mndn_k2,56281,ifa,MN,IFA,IFA_02,IFA,,27067,48820,2752558,"IFA Omaha, NE-IA",0.0,no cell in the extract: territory at zero opportunity
ifa_mw_mndn_k2,56282,ifa,MN,IFA,IFA_02,IFA,,27067,48820,2753296,"IFA Omaha, NE-IA",0.0,no cell in the extract: territory at zero opportunity
ifa_mw_mndn_k2,56283,ifa,MN,IFA,IFA_02,IFA,,27127,,2753656,"IFA Omaha, NE-IA",0.31818,
ifa_mw_mndn_k2,56284,ifa,MN,IFA,IFA_02,IFA,,27129,,2753890,"IFA Omaha, NE-IA",0.0,no cell in the extract: territory at zero opportunity
ifa_mw_mndn_k2,56285,ifa,MN,IFA,IFA_02,IFA,,27129,,2756572,"IFA Omaha, NE-IA",0.0,no cell in the extract: territory at zero opportunity
ifa_mw_mndn_k2,56287,ifa,MN,IFA,IFA_02,IFA,,27127,,2759098,"IFA Omaha, NE-IA",0.0,no cell in the extract: territory at zero opportunity
ifa_mw_mndn_k2,56288,ifa,MN,IFA,IFA_02,IFA,,27067,48820,2761690,"IFA Omaha, NE-IA",0.0,no cell in the extract: territory at zero opportunity
ifa_mw_mndn_k2,56289,ifa,MN,IFA,IFA_02,IFA,,27067,48820,2763454,"IFA Omaha, NE-IA",0.0,no cell in the extract: territory at zero opportunity
ifa_mw_mndn_k2,56291,ifa,MN,IFA,IFA_02,IFA,,27173,,2764264,"IFA Omaha, NE-IA",0.0,no cell in the extract: territory at zero opportunity
ifa_mw_mndn_k2,56292,ifa,MN,IFA,IFA_02,IFA,,27127,,2759098,"IFA Omaha, NE-IA",0.0,no cell in the extract: territory at zero opportunity
ifa_mw_mndn_k2,56293,ifa,MN,IFA,IFA_02,IFA,,27127,,2767396,"IFA Omaha, NE-IA",0.0,no cell in the extract: territory at zero opportunity
ifa_mw_mndn_k2,56294,ifa,MN,IFA,IFA_02,IFA,,27127,,2768008,"IFA Omaha, NE-IA",0.0,no cell in the extract: territory at zero opportunity
ifa_mw_mndn_k2,56295,ifa,MN,IFA,IFA_02,IFA,,27023,,2768656,"IFA Omaha, NE-IA",0.0,no cell in the extract: territory at zero opportunity
ifa_mw_mndn_k2,56296,ifa,MN,IFA,IFA_02,IFA,,27155,,2769844,"IFA Omaha, NE-IA",1.131,
ifa_mw_mndn_k2,56297,ifa,MN,IFA,IFA_02,IFA,,27173,,2771446,"IFA Omaha, NE-IA",0.0,no cell in the extract: territory at zero opportunity
ifa_mw_mndn_k2,56301,ifa,MN,IFA,IFA_02,IFA,,27145,41060,2756896,"IFA Omaha, NE-IA",36.9471,
ifa_mw_mndn_k2,56303,ifa,MN,IFA,IFA_02,IFA,,27145,41060,2756896,"IFA Omaha, NE-IA",16.1796,
ifa_mw_mndn_k2,56304,ifa,MN,IFA,IFA_02,IFA,,27141,33460,2756896,"IFA Omaha, NE-IA",0.0,no cell in the extract: territory at zero opportunity
ifa_mw_mndn_k2,56307,ifa,MN,IFA,IFA_02,IFA,,27145,41060,2700622,"IFA Omaha, NE-IA",1.17672,
ifa_mw_mndn_k2,56308,ifa,MN,IFA,IFA_02,IFA,,27041,10820,2700928,"IFA Omaha, NE-IA",1.50548,
ifa_mw_mndn_k2,56309,ifa,MN,IFA,IFA_02,IFA,,27051,,2702422,"IFA Omaha, NE-IA",0.0,no cell in the extract: territory at zero opportunity
ifa_mw_mndn_k2,56310,ifa,MN,IFA,IFA_02,IFA,,27145,41060,2703070,"IFA Omaha, NE-IA",2.84587,
ifa_mw_mndn_k2,56311,ifa,MN,IFA,IFA_02,IFA,,27051,,2703682,"IFA Omaha, NE-IA",0.0,no cell in the extract: territory at zero opportunity
ifa_mw_mndn_k2,56312,ifa,MN,IFA,IFA_02,IFA,,27145,41060,2704762,"IFA Omaha, NE-IA",0.0,no cell in the extract: territory at zero opportunity
ifa_mw_mndn_k2,56313,ifa,MN,IFA,IFA_02,IFA,,27095,33460,2706814,"IFA Omaha, NE-IA",0.0,no cell in the extract: territory at zero opportunity
ifa_mw_mndn_k2,56314,ifa,MN,IFA,IFA_02,IFA,,27097,,2718872,"IFA Omaha, NE-IA",0.0,no cell in the extract: territory at zero opportunity
ifa_mw_mndn_k2,56315,ifa,MN,IFA,IFA_02,IFA,,27041,10820,2742254,"IFA Omaha, NE-IA",0.0,no cell in the extract: territory at zero opportunity
ifa_mw_mndn_k2,56316,ifa,MN,IFA,IFA_02,IFA,,27121,,2708092,"IFA Omaha, NE-IA",0.0,no cell in the extract: territory at zero opportunity
ifa_mw_mndn_k2,56318,ifa,MN,IFA,IFA_02,IFA,,27153,,2708902,"IFA Omaha, NE-IA",0.0,no cell in the extract: territory at zero opportunity
ifa_mw_mndn_k2,56319,ifa,MN,IFA,IFA_02,IFA,,27041,10820,2709964,"IFA Omaha, NE-IA",0.0,no cell in the extract: territory at zero opportunity
ifa_mw_mndn_k2,56320,ifa,MN,IFA,IFA_02,IFA,,27145,41060,2755078,"IFA Omaha, NE-IA",0.108819,
ifa_mw_mndn_k2,56321,ifa,MN,IFA,IFA_02,IFA,,27145,41060,2757094,"IFA Omaha, NE-IA",0.0,no cell in the extract: territory at zero opportunity
ifa_mw_mndn_k2,56323,ifa,MN,IFA,IFA_02,IFA,,27121,,2714446,"IFA Omaha, NE-IA",0.0,no cell in the extract: territory at zero opportunity
ifa_mw_mndn_k2,56324,ifa,MN,IFA,IFA_02,IFA,,27111,22260,2714626,"IFA Omaha, NE-IA",0.0,no cell in the extract: territory at zero opportunity
ifa_mw_mndn_k2,56325,ifa,MN,IFA,IFA_02,IFA,,27145,41060,2719088,"IFA Omaha, NE-IA",0.0,no cell in the extract: territory at zero opportunity
ifa_mw_mndn_k2,56326,ifa,MN,IFA,IFA_02,IFA,,27041,10820,2719898,"IFA Omaha, NE-IA",0.0,no cell in the extract: territory at zero opportunity
ifa_mw_mndn_k2,56327,ifa,MN,IFA,IFA_02,IFA,,27121,,2720690,"IFA Omaha, NE-IA",0.0,no cell in the extract: territory at zero opportunity
ifa_mw_mndn_k2,56328,ifa,MN,IFA,IFA_02,IFA,,27097,,2721266,"IFA Omaha, NE-IA",0.0,no cell in the extract: territory at zero opportunity
ifa_mw_mndn_k2,56329,ifa,MN,IFA,IFA_02,IFA,,27009,41060,2721536,"IFA Omaha, NE-IA",1.10974,
ifa_mw_mndn_k2,56330,ifa,MN,IFA,IFA_02,IFA,,27095,33460,2721824,"IFA Omaha, NE-IA",0.0,no cell in the extract: territory at zero opportunity
ifa_mw_mndn_k2,56331,ifa,MN,IFA,IFA_02,IFA,,27145,41060,2722652,"IFA Omaha, NE-IA",0.0,no cell in the extract: territory at zero opportunity
ifa_mw_mndn_k2,56332,ifa,MN,IFA,IFA_02,IFA,,27041,10820,2723120,"IFA Omaha, NE-IA",0.0,no cell in the extract: territory at zero opportunity
ifa_mw_mndn_k2,56334,ifa,MN,IFA,IFA_02,IFA,,27121,,2724074,"IFA Omaha, NE-IA",1.09007,
ifa_mw_mndn_k2,56335,ifa,MN,IFA,IFA_02,IFA,,27145,41060,2725874,"IFA Omaha, NE-IA",0.0,no cell in the extract: territory at zero opportunity
ifa_mw_mndn_k2,56336,ifa,MN,IFA,IFA_02,IFA,,27153,,2726000,"IFA Omaha, NE-IA",0.0,no cell in the extract: territory at zero opportunity
ifa_mw_mndn_k2,56338,ifa,MN,IFA,IFA_02,IFA,,27097,,2729150,"IFA Omaha, NE-IA",0.0,no cell in the extract: territory at zero opportunity
ifa_mw_mndn_k2,56339,ifa,MN,IFA,IFA_02,IFA,,27051,,2729474,"IFA Omaha, NE-IA",0.0,no cell in the extract: territory at zero opportunity
ifa_mw_mndn_k2,56340,ifa,MN,IFA,IFA_02,IFA,,27145,41060,2766334,"IFA Omaha, NE-IA",0.0,no cell in the extract: territory at zero opportunity
ifa_mw_mndn_k2,56342,ifa,MN,IFA,IFA_02,IFA,,27001,,2731472,"IFA Omaha, NE-IA",0.0,no cell in the extract: territory at zero opportunity
ifa_mw_mndn_k2,56343,ifa,MN,IFA,IFA_02,IFA,,27041,10820,2732768,"IFA Omaha, NE-IA",0.0,no cell in the extract: territory at zero opportunity
ifa_mw_mndn_k2,56345,ifa,MN,IFA,IFA_02,IFA,,27097,,2737556,"IFA Omaha, NE-IA",5.59157,
ifa_mw_mndn_k2,56347,ifa,MN,IFA,IFA_02,IFA,,27153,,2738060,"IFA Omaha, NE-IA",0.000954541,
ifa_mw_mndn_k2,56349,ifa,MN,IFA,IFA_02,IFA,,27121,,2738366,"IFA Omaha, NE-IA",0.0,no cell in the extract: territory at zero opportunity
ifa_mw_mndn_k2,56350,ifa,MN,IFA,IFA_02,IFA,,27001,,2738996,"IFA Omaha, NE-IA",0.0,no cell in the extract: territory at zero opportunity
ifa_mw_mndn_k2,56352,ifa,MN,IFA,IFA_02,IFA,,27145,41060,2741570,"IFA Omaha, NE-IA",0.0,no cell in the extract: territory at zero opportunity
ifa_mw_mndn_k2,56353,ifa,MN,IFA,IFA_02,IFA,,27095,33460,2742110,"IFA Omaha, NE-IA",0.0,no cell in the extract: territory at zero opportunity
ifa_mw_mndn_k2,56354,ifa,MN,IFA,IFA_02,IFA,,27041,10820,2742398,"IFA Omaha, NE-IA",0.0,no cell in the extract: territory at zero opportunity
ifa_mw_mndn_k2,56355,ifa,MN,IFA,IFA_02,IFA,,27041,10820,2745106,"IFA Omaha, NE-IA",0.0,no cell in the extract: territory at zero opportunity
ifa_mw_mndn_k2,56356,ifa,MN,IFA,IFA_02,IFA,,27145,41060,2745772,"IFA Omaha, NE-IA",0.0,no cell in the extract: territory at zero opportunity
ifa_mw_mndn_k2,56357,ifa,MN,IFA,IFA_02,IFA,,27009,41060,,"IFA Omaha, NE-IA",0.0,no cell in the extract: territory at zero opportunity
ifa_mw_mndn_k2,56358,ifa,MN,IFA,IFA_02,IFA,,27065,,2748166,"IFA Omaha, NE-IA",0.0,no cell in the extract: territory at zero opportunity
ifa_mw_mndn_k2,56359,ifa,MN,IFA,IFA_02,IFA,,27095,33460,2767180,"IFA Omaha, NE-IA",0.0,no cell in the extract: territory at zero opportunity
ifa_mw_mndn_k2,56360,ifa,MN,IFA,IFA_02,IFA,,27153,,2748796,"IFA Omaha, NE-IA",0.0,no cell in the extract: territory at zero opportunity
ifa_mw_mndn_k2,56361,ifa,MN,IFA,IFA_02,IFA,,27111,22260,2749732,"IFA Omaha, NE-IA",0.0,no cell in the extract: territory at zero opportunity
ifa_mw_mndn_k2,56362,ifa,MN,IFA,IFA_02,IFA,,27145,41060,2749966,"IFA Omaha, NE-IA",0.00995071,
ifa_mw_mndn_k2,56363,ifa,MN,IFA,IFA_02,IFA,,27095,33460,2750056,"IFA Omaha, NE-IA",0.0,no cell in the extract: territory at zero opportunity
ifa_mw_mndn_k2,56364,ifa,MN,IFA,IFA_02,IFA,,27097,,2727098,"IFA Omaha, NE-IA",0.0,no cell in the extract: territory at zero opportunity
ifa_mw_mndn_k2,56367,ifa,MN,IFA,IFA_02,IFA,,27009,41060,2753998,"IFA Omaha, NE-IA",0.16302,
ifa_mw_mndn_k2,56368,ifa,MN,IFA,IFA_02,IFA,,27145,41060,2754268,"IFA Omaha, NE-IA",0.499372,
ifa_mw_mndn_k2,56369,ifa,MN,IFA,IFA_02,IFA,,27145,41060,2755078,"IFA Omaha, NE-IA",0.0,no cell in the extract: territory at zero opportunity
ifa_mw_mndn_k2,56371,ifa,MN,IFA,IFA_02,IFA,,27145,41060,2755510,"IFA Omaha, NE-IA",0.0,no cell in the extract: territory at zero opportunity
ifa_mw_mndn_k2,56373,ifa,MN,IFA,IFA_02,IFA,,27097,,2756176,"IFA Omaha, NE-IA",0.0,no cell in the extract: territory at zero opportunity
ifa_mw_mndn_k2,56374,ifa,MN,IFA,IFA_02,IFA,,27145,41060,2757130,"IFA Omaha, NE-IA",0.0,no cell in the extract: territory at zero opportunity
ifa_mw_mndn_k2,56375,ifa,MN,IFA,IFA_02,IFA,,27145,41060,2758090,"IFA Omaha, NE-IA",0.0,no cell in the extract: territory at zero opportunity
ifa_mw_mndn_k2,56376,ifa,MN,IFA,IFA_02,IFA,,27145,41060,2757238,"IFA Omaha, NE-IA",0.0,no cell in the extract: territory at zero opportunity
ifa_mw_mndn_k2,56377,ifa,MN,IFA,IFA_02,IFA,,27145,41060,2758612,"IFA Omaha, NE-IA",11.2435,
ifa_mw_mndn_k2,56378,ifa,MN,IFA,IFA_02,IFA,,27145,41060,2758648,"IFA Omaha, NE-IA",0.0,no cell in the extract: territory at zero opportunity
ifa_mw_mndn_k2,56379,ifa,MN,IFA,IFA_02,IFA,,27009,41060,2758684,"IFA Omaha, NE-IA",4.46211,
ifa_mw_mndn_k2,56381,ifa,MN,IFA,IFA_02,IFA,,27121,,2762500,"IFA Omaha, NE-IA",0.0,no cell in the extract: territory at zero opportunity
ifa_mw_mndn_k2,56382,ifa,MN,IFA,IFA_02,IFA,,27097,,2721266,"IFA Omaha, NE-IA",0.0,no cell in the extract: territory at zero opportunity
ifa_mw_mndn_k2,56384,ifa,MN,IFA,IFA_02,IFA,,27097,,2766334,"IFA Omaha, NE-IA",0.0,no cell in the extract: territory at zero opportunity
ifa_mw_mndn_k2,56385,ifa,MN,IFA,IFA_02,IFA,,27121,,2767144,"IFA Omaha, NE-IA",0.0,no cell in the extract: territory at zero opportunity
ifa_mw_mndn_k2,56386,ifa,MN,IFA,IFA_02,IFA,,27095,33460,2767558,"IFA Omaha, NE-IA",0.0,no cell in the extract: territory at zero opportunity
ifa_mw_mndn_k2,56387,ifa,MN,IFA,IFA_02,IFA,,27145,41060,2767612,"IFA Omaha, NE-IA",4.19481,
ifa_mw_mndn_k2,56389,ifa,MN,IFA,IFA_02,IFA,,27153,,2769736,"IFA Omaha, NE-IA",0.0,no cell in the extract: territory at zero opportunity
ifa_mw_mndn_k2,56401,ifa,MN,IFA,IFA_02,IFA,,27035,14660,2707300,"IFA Omaha, NE-IA",6.55026,
ifa_mw_mndn_k2,56425,ifa,MN,IFA,IFA_02,IFA,,27035,14660,2704042,"IFA Omaha, NE-IA",3.45281,
ifa_mw_mndn_k2,56431,ifa,MN,IFA,IFA_02,IFA,,27001,,2700460,"IFA Omaha, NE-IA",0.0,no cell in the extract: territory at zero opportunity
ifa_mw_mndn_k2,56433,ifa,MN,IFA,IFA_02,IFA,,27057,,2700496,"IFA Omaha, NE-IA",0.0,no cell in the extract: territory at zero opportunity
ifa_mw_mndn_k2,56434,ifa,MN,IFA,IFA_02,IFA,,27153,,2700892,"IFA Omaha, NE-IA",0.0,no cell in the extract: territory at zero opportunity
ifa_mw_mndn_k2,56435,ifa,MN,IFA,IFA_02,IFA,,27021,14660,2703124,"IFA Omaha, NE-IA",0.0,no cell in the extract: territory at zero opportunity
ifa_mw_mndn_k2,56437,ifa,MN,IFA,IFA_02,IFA,,27153,,2705482,"IFA Omaha, NE-IA",0.0,no cell in the extract: territory at zero opportunity
ifa_mw_mndn_k2,56438,ifa,MN,IFA,IFA_02,IFA,,27153,,2708110,"IFA Omaha, NE-IA",0.428911,
ifa_mw_mndn_k2,56440,ifa,MN,IFA,IFA_02,IFA,,27153,,2711602,"IFA Omaha, NE-IA",0.0,no cell in the extract: territory at zero opportunity
ifa_mw_mndn_k2,56441,ifa,MN,IFA,IFA_02,IFA,,27035,14660,2765506,"IFA Omaha, NE-IA",0.0,no cell in the extract: territory at zero opportunity
ifa_mw_mndn_k2,56442,ifa,MN,IFA,IFA_02,IFA,,27035,14660,2713978,"IFA Omaha, NE-IA",0.0,no cell in the extract: territory at zero opportunity
ifa_mw_mndn_k2,56443,ifa,MN,IFA,IFA_02,IFA,,27097,,,"IFA Omaha, NE-IA",0.0,no cell in the extract: territory at zero opportunity
ifa_mw_mndn_k2,56444,ifa,MN,IFA,IFA_02,IFA,,27035,14660,2714428,"IFA Omaha, NE-IA",0.0,no cell in the extract: territory at zero opportunity
ifa_mw_mndn_k2,56446,ifa,MN,IFA,IFA_02,IFA,,27153,,2717342,"IFA Omaha, NE-IA",0.0,no cell in the extract: territory at zero opportunity
ifa_mw_mndn_k2,56447,ifa,MN,IFA,IFA_02,IFA,,27035,14660,2719286,"IFA Omaha, NE-IA",0.0,no cell in the extract: territory at zero opportunity
ifa_mw_mndn_k2,56448,ifa,MN,IFA,IFA_02,IFA,,27035,14660,2721032,"IFA Omaha, NE-IA",0.0,no cell in the extract: territory at zero opportunity
ifa_mw_mndn_k2,56449,ifa,MN,IFA,IFA_02,IFA,,27035,14660,2721932,"IFA Omaha, NE-IA",0.0,no cell in the extract: territory at zero opportunity
ifa_mw_mndn_k2,56450,ifa,MN,IFA,IFA_02,IFA,,27035,14660,2723192,"IFA Omaha, NE-IA",0.0,no cell in the extract: territory at zero opportunity
ifa_mw_mndn_k2,56452,ifa,MN,IFA,IFA_02,IFA,,27021,14660,2726378,"IFA Omaha, NE-IA",0.0,no cell in the extract: territory at zero opportunity
ifa_mw_mndn_k2,56453,ifa,MN,IFA,IFA_02,IFA,,27111,22260,2728754,"IFA Omaha, NE-IA",0.0,no cell in the extract: territory at zero opportunity
ifa_mw_mndn_k2,56455,ifa,MN,IFA,IFA_02,IFA,,27035,14660,2754736,"IFA Omaha, NE-IA",0.0,no cell in the extract: territory at zero opportunity
ifa_mw_mndn_k2,56458,ifa,MN,IFA,IFA_02,IFA,,27057,,2734370,"IFA Omaha, NE-IA",0.0,no cell in the extract: territory at zero opportunity
ifa_mw_mndn_k2,56461,ifa,MN,IFA,IFA_02,IFA,,27057,,2735612,"IFA Omaha, NE-IA",0.0,no cell in the extract: territory at zero opportunity
ifa_mw_mndn_k2,56464,ifa,MN,IFA,IFA_02,IFA,,27159,,2741660,"IFA Omaha, NE-IA",0.0,no cell in the extract: territory at zero opportunity
ifa_mw_mndn_k2,56465,ifa,MN,IFA,IFA_02,IFA,,27035,14660,2741804,"IFA Omaha, NE-IA",0.0,no cell in the extract: territory at zero opportunity
ifa_mw_mndn_k2,56466,ifa,MN,IFA,IFA_02,IFA,,27021,14660,2744422,"IFA Omaha, NE-IA",0.0,no cell in the extract: territory at zero opportunity
ifa_mw_mndn_k2,56467,ifa,MN,IFA,IFA_02,IFA,,27057,,2745340,"IFA Omaha, NE-IA",0.0127272,
ifa_mw_mndn_k2,56468,ifa,MN,IFA,IFA_02,IFA,,27035,14660,2734928,"IFA Omaha, NE-IA",0.0,no cell in the extract: territory at zero opportunity
ifa_mw_mndn_k2,56469,ifa,MN,IFA,IFA_02,IFA,,27001,,2749498,"IFA Omaha, NE-IA",0.0,no cell in the extract: territory at zero opportunity
ifa_mw_mndn_k2,56470,ifa,MN,IFA,IFA_02,IFA,,27057,,2749768,"IFA Omaha, NE-IA",0.0,no cell in the extract: territory at zero opportunity
ifa_mw_mndn_k2,56472,ifa,MN,IFA,IFA_02,IFA,,27021,14660,2750416,"IFA Omaha, NE-IA",0.00047727,
ifa_mw_mndn_k2,56473,ifa,MN,IFA,IFA_02,IFA,,27021,14660,2750902,"IFA Omaha, NE-IA",0.0,no cell in the extract: territory at zero opportunity
ifa_mw_mndn_k2,56474,ifa,MN,IFA,IFA_02,IFA,,27021,14660,2731832,"IFA Omaha, NE-IA",0.0,no cell in the extract: territory at zero opportunity
ifa_mw_mndn_k2,56475,ifa,MN,IFA,IFA_02,IFA,,27097,,2753080,"IFA Omaha, NE-IA",0.0,no cell in the extract: territory at zero opportunity
ifa_mw_mndn_k2,56477,ifa,MN,IFA,IFA_02,IFA,,27159,,2759152,"IFA Omaha, NE-IA",0.0,no cell in the extract: territory at zero opportunity
ifa_mw_mndn_k2,56479,ifa,MN,IFA,IFA_02,IFA,,27153,,2762446,"IFA Omaha, NE-IA",0.0,no cell in the extract: territory at zero opportunity
ifa_mw_mndn_k2,56481,ifa,MN,IFA,IFA_02,IFA,,27159,,2766874,"IFA Omaha, NE-IA",0.0,no cell in the extract: territory at zero opportunity
ifa_mw_mndn_k2,56482,ifa,MN,IFA,IFA_02,IFA,,27159,,2767504,"IFA Omaha, NE-IA",0.892944,
ifa_mw_mndn_k2,56484,ifa,MN,IFA,IFA_02,IFA,,27021,14660,2769880,"IFA Omaha, NE-IA",0.0,no cell in the extract: territory at zero opportunity
ifa_mw_mndn_k2,56501,ifa,MN,IFA,IFA_02,IFA,,27005,19810,2715832,"IFA Omaha, NE-IA",3.34902,
ifa_mw_mndn_k2,56510,ifa,MN,IFA,IFA_02,IFA,,27107,,2700172,"IFA Omaha, NE-IA",0.0,no cell in the extract: territory at zero opportunity
ifa_mw_mndn_k2,56511,ifa,MN,IFA,IFA_02,IFA,,27005,19810,2702728,"IFA Omaha, NE-IA",0.0,no cell in the extract: territory at zero opportunity
ifa_mw_mndn_k2,56514,ifa,MN,IFA,IFA_02,IFA,,27027,22020,2703574,"IFA Omaha, NE-IA",0.135387,
ifa_mw_mndn_k2,56515,ifa,MN,IFA,IFA_02,IFA,,27111,22260,2703970,"IFA Omaha, NE-IA",0.0,no cell in the extract: territory at zero opportunity
ifa_mw_mndn_k2,56516,ifa,MN,IFA,IFA_02,IFA,,27087,,2704672,"IFA Omaha, NE-IA",0.0,no cell in the extract: territory at zero opportunity
ifa_mw_mndn_k2,56517,ifa,MN,IFA,IFA_02,IFA,,27119,24220,2705014,"IFA Omaha, NE-IA",0.0,no cell in the extract: territory at zero opportunity
ifa_mw_mndn_k2,56518,ifa,MN,IFA,IFA_02,IFA,,27111,22260,2706778,"IFA Omaha, NE-IA",0.0,no cell in the extract: territory at zero opportunity
ifa_mw_mndn_k2,56519,ifa,MN,IFA,IFA_02,IFA,,27107,,2707030,"IFA Omaha, NE-IA",0.0,no cell in the extract: territory at zero opportunity
ifa_mw_mndn_k2,56520,ifa,MN,IFA,IFA_02,IFA,,27167,47420,2707462,"IFA Omaha, NE-IA",0.0,no cell in the extract: territory at zero opportunity
ifa_mw_mndn_k2,56521,ifa,MN,IFA,IFA_02,IFA,,27005,19810,2709280,"IFA Omaha, NE-IA",0.0,no cell in the extract: territory at zero opportunity
ifa_mw_mndn_k2,56522,ifa,MN,IFA,IFA_02,IFA,,27167,47420,2709496,"IFA Omaha, NE-IA",0.0,no cell in the extract: territory at zero opportunity
ifa_mw_mndn_k2,56523,ifa,MN,IFA,IFA_02,IFA,,27119,24220,2711962,"IFA Omaha, NE-IA",0.0,no cell in the extract: territory at zero opportunity
ifa_mw_mndn_k2,56524,ifa,MN,IFA,IFA_02,IFA,,27111,22260,2712088,"IFA Omaha, NE-IA",0.0,no cell in the extract: territory at zero opportunity
ifa_mw_mndn_k2,56525,ifa,MN,IFA,IFA_02,IFA,,27027,22020,2712862,"IFA Omaha, NE-IA",0.0,no cell in the extract: territory at zero opportunity
ifa_mw_mndn_k2,56527,ifa,MN,IFA,IFA_02,IFA,,27111,22260,2715184,"IFA Omaha, NE-IA",0.0,no cell in the extract: territory at zero opportunity
ifa_mw_mndn_k2,56528,ifa,MN,IFA,IFA_02,IFA,,27111,22260,2715724,"IFA Omaha, NE-IA",0.0,no cell in the extract: territory at zero opportunity
ifa_mw_mndn_k2,56529,ifa,MN,IFA,IFA_02,IFA,,27027,22020,2715976,"IFA Omaha, NE-IA",0.0,no cell in the extract: territory at zero opportunity
ifa_mw_mndn_k2,56531,ifa,MN,IFA,IFA_02,IFA,,27051,,2718458,"IFA Omaha, NE-IA",0.0,no cell in the extract: territory at zero opportunity
ifa_mw_mndn_k2,56533,ifa,MN,IFA,IFA_02,IFA,,27111,22260,2718566,"IFA Omaha, NE-IA",0.0,no cell in the extract: territory at zero opportunity
ifa_mw_mndn_k2,56534,ifa,MN,IFA,IFA_02,IFA,,27111,22260,2719556,"IFA Omaha, NE-IA",0.0,no cell in the extract: territory at zero opportunity
ifa_mw_mndn_k2,56535,ifa,MN,IFA,IFA_02,IFA,,27119,24220,2719700,"IFA Omaha, NE-IA",0.0,no cell in the extract: territory at zero opportunity
ifa_mw_mndn_k2,56536,ifa,MN,IFA,IFA_02,IFA,,27027,22020,2720834,"IFA Omaha, NE-IA",0.0,no cell in the extract: territory at zero opportunity
ifa_mw_mndn_k2,56537,ifa,MN,IFA,IFA_02,IFA,,27111,22260,2720906,"IFA Omaha, NE-IA",1.78268,
ifa_mw_mndn_k2,56540,ifa,MN,IFA,IFA_02,IFA,,27119,24220,2720978,"IFA Omaha, NE-IA",0.0,no cell in the extract: territory at zero opportunity
ifa_mw_mndn_k2,56541,ifa,MN,IFA,IFA_02,IFA,,27107,,,"IFA Omaha, NE-IA",0.0,no cell in the extract: territory at zero opportunity
ifa_mw_mndn_k2,56542,ifa,MN,IFA,IFA_02,IFA,,27119,24220,2721986,"IFA Omaha, NE-IA",0.0,no cell in the extract: territory at zero opportunity
ifa_mw_mndn_k2,56543,ifa,MN,IFA,IFA_02,IFA,,27167,47420,2722202,"IFA Omaha, NE-IA",0.0,no cell in the extract: territory at zero opportunity
ifa_mw_mndn_k2,56544,ifa,MN,IFA,IFA_02,IFA,,27005,19810,2722472,"IFA Omaha, NE-IA",0.0,no cell in the extract: territory at zero opportunity
ifa_mw_mndn_k2,56545,ifa,MN,IFA,IFA_02,IFA,,27107,,2723246,"IFA Omaha, NE-IA",0.0,no cell in the extract: territory at zero opportunity
ifa_mw_mndn_k2,56546,ifa,MN,IFA,IFA_02,IFA,,27027,22020,2723498,"IFA Omaha, NE-IA",0.0,no cell in the extract: territory at zero opportunity
ifa_mw_mndn_k2,56547,ifa,MN,IFA,IFA_02,IFA,,27027,22020,2724182,"IFA Omaha, NE-IA",0.0,no cell in the extract: territory at zero opportunity
ifa_mw_mndn_k2,56548,ifa,MN,IFA,IFA_02,IFA,,27107,,2726630,"IFA Omaha, NE-IA",0.0,no cell in the extract: territory at zero opportunity
ifa_mw_mndn_k2,56549,ifa,MN,IFA,IFA_02,IFA,,27027,22020,2727746,"IFA Omaha, NE-IA",0.987629,
ifa_mw_mndn_k2,56550,ifa,MN,IFA,IFA_02,IFA,,27107,,2728484,"IFA Omaha, NE-IA",0.0,no cell in the extract: territory at zero opportunity
ifa_mw_mndn_k2,56551,ifa,MN,IFA,IFA_02,IFA,,27111,22260,2728520,"IFA Omaha, NE-IA",0.0,no cell in the extract: territory at zero opportunity
ifa_mw_mndn_k2,56552,ifa,MN,IFA,IFA_02,IFA,,27027,22020,2729402,"IFA Omaha, NE-IA",0.0,no cell in the extract: territory at zero opportunity
ifa_mw_mndn_k2,56553,ifa,MN,IFA,IFA_02,IFA,,27167,47420,2732786,"IFA Omaha, NE-IA",0.0,no cell in the extract: territory at zero opportunity
ifa_mw_mndn_k2,56554,ifa,MN,IFA,IFA_02,IFA,,27005,19810,2734784,"IFA Omaha, NE-IA",0.0,no cell in the extract: territory at zero opportunity
ifa_mw_mndn_k2,56556,ifa,MN,IFA,IFA_02,IFA,,27119,24220,2739050,"IFA Omaha, NE-IA",0.0,no cell in the extract: territory at zero opportunity
ifa_mw_mndn_k2,56557,ifa,MN,IFA,IFA_02,IFA,,27087,,2704348,"IFA Omaha, NE-IA",0.0,no cell in the extract: territory at zero opportunity
ifa_mw_mndn_k2,56560,ifa,MN,IFA,IFA_02,IFA,,27027,22020,2743864,"IFA Omaha, NE-IA",2.04628,
ifa_mw_mndn_k2,56562,ifa,MN,IFA,IFA_02,IFA,,27027,22020,2743864,"IFA Omaha, NE-IA",0.0,no cell in the extract: territory at zero opportunity
ifa_mw_mndn_k2,56563,ifa,MN,IFA,IFA_02,IFA,,27027,22020,2743864,"IFA Omaha, NE-IA",0.0,no cell in the extract: territory at zero opportunity
ifa_mw_mndn_k2,56565,ifa,MN,IFA,IFA_02,IFA,,27167,47420,2744944,"IFA Omaha, NE-IA",0.0,no cell in the extract: territory at zero opportunity
ifa_mw_mndn_k2,56566,ifa,MN,IFA,IFA_02,IFA,,27087,,2745052,"IFA Omaha, NE-IA",0.0,no cell in the extract: territory at zero opportunity
ifa_mw_mndn_k2,56567,ifa,MN,IFA,IFA_02,IFA,,27111,22260,2746060,"IFA Omaha, NE-IA",0.0,no cell in the extract: territory at zero opportunity
ifa_mw_mndn_k2,56568,ifa,MN,IFA,IFA_02,IFA,,27119,24220,2746258,"IFA Omaha, NE-IA",0.0,no cell in the extract: territory at zero opportunity
ifa_mw_mndn_k2,56569,ifa,MN,IFA,IFA_02,IFA,,27005,19810,2748130,"IFA Omaha, NE-IA",0.0,no cell in the extract: territory at zero opportunity
ifa_mw_mndn_k2,56570,ifa,MN,IFA,IFA_02,IFA,,27005,19810,2748760,"IFA Omaha, NE-IA",0.0,no cell in the extract: territory at zero opportunity
ifa_mw_mndn_k2,56571,ifa,MN,IFA,IFA_02,IFA,,27111,22260,2749210,"IFA Omaha, NE-IA",0.0,no cell in the extract: territory at zero opportunity
ifa_mw_mndn_k2,56572,ifa,MN,IFA,IFA_02,IFA,,27111,22260,2750164,"IFA Omaha, NE-IA",0.0,no cell in the extract: territory at zero opportunity
ifa_mw_mndn_k2,56573,ifa,MN,IFA,IFA_02,IFA,,27111,22260,2750470,"IFA Omaha, NE-IA",0.0,no cell in the extract: territory at zero opportunity
ifa_mw_mndn_k2,56574,ifa,MN,IFA,IFA_02,IFA,,27107,,2750506,"IFA Omaha, NE-IA",0.0,no cell in the extract: territory at zero opportunity
ifa_mw_mndn_k2,56575,ifa,MN,IFA,IFA_02,IFA,,27005,19810,2751234,"IFA Omaha, NE-IA",0.0,no cell in the extract: territory at zero opportunity
ifa_mw_mndn_k2,56576,ifa,MN,IFA,IFA_02,IFA,,27111,22260,2754340,"IFA Omaha, NE-IA",0.0,no cell in the extract: territory at zero opportunity
ifa_mw_mndn_k2,56578,ifa,MN,IFA,IFA_02,IFA,,27005,19810,,"IFA Omaha, NE-IA",0.0,no cell in the extract: territory at zero opportunity
ifa_mw_mndn_k2,56579,ifa,MN,IFA,IFA_02,IFA,,27167,47420,2756014,"IFA Omaha, NE-IA",0.0,no cell in the extract: territory at zero opportunity
ifa_mw_mndn_k2,56580,ifa,MN,IFA,IFA_02,IFA,,27027,22020,2703214,"IFA Omaha, NE-IA",0.0,no cell in the extract: territory at zero opportunity
ifa_mw_mndn_k2,56581,ifa,MN,IFA,IFA_02,IFA,,27107,,2759566,"IFA Omaha, NE-IA",0.0,no cell in the extract: territory at zero opportunity
ifa_mw_mndn_k2,56583,ifa,MN,IFA,IFA_02,IFA,,27155,,2764948,"IFA Omaha, NE-IA",0.0,no cell in the extract: territory at zero opportunity
ifa_mw_mndn_k2,56584,ifa,MN,IFA,IFA_02,IFA,,27107,,2765938,"IFA Omaha, NE-IA",0.0,no cell in the extract: territory at zero opportunity
ifa_mw_mndn_k2,56585,ifa,MN,IFA,IFA_02,IFA,,27027,22020,2766136,"IFA Omaha, NE-IA",0.0,no cell in the extract: territory at zero opportunity
ifa_mw_mndn_k2,56586,ifa,MN,IFA,IFA_02,IFA,,27111,22260,2766172,"IFA Omaha, NE-IA",0.0,no cell in the extract: territory at zero opportunity
ifa_mw_mndn_k2,56587,ifa,MN,IFA,IFA_02,IFA,,27111,22260,2766766,"IFA Omaha, NE-IA",0.0,no cell in the extract: territory at zero opportunity
ifa_mw_mndn_k2,56588,ifa,MN,IFA,IFA_02,IFA,,27111,22260,2767216,"IFA Omaha, NE-IA",0.0,no cell in the extract: territory at zero opportunity
ifa_mw_mndn_k2,56589,ifa,MN,IFA,IFA_02,IFA,,27087,,2765927,"IFA Omaha, NE-IA",0.0,no cell in the extract: territory at zero opportunity
ifa_mw_mndn_k2,56590,ifa,MN,IFA,IFA_02,IFA,,27051,,2769142,"IFA Omaha, NE-IA",0.0,no cell in the extract: territory at zero opportunity
ifa_mw_mndn_k2,56591,ifa,MN,IFA,IFA_02,IFA,,27005,19810,2770006,"IFA Omaha, NE-IA",0.0,no cell in the extract: territory at zero opportunity
ifa_mw_mndn_k2,56592,ifa,MN,IFA,IFA_02,IFA,,27119,24220,2770870,"IFA Omaha, NE-IA",0.0,no cell in the extract: territory at zero opportunity
ifa_mw_mndn_k2,56594,ifa,MN,IFA,IFA_02,IFA,,27167,47420,2771392,"IFA Omaha, NE-IA",0.0,no cell in the extract: territory at zero opportunity
ifa_mw_mndn_k2,56601,ifa,MN,IFA,IFA_02,IFA,,27007,13420,2705068,"IFA Omaha, NE-IA",0.170089,
ifa_mw_mndn_k2,56621,ifa,MN,IFA,IFA_02,IFA,,27029,,2754056,"IFA Omaha, NE-IA",0.000557022,
ifa_mw_mndn_k2,56623,ifa,MN,IFA,IFA_02,IFA,,27077,,2704024,"IFA Omaha, NE-IA",0.0,no cell in the extract: territory at zero opportunity
ifa_mw_mndn_k2,56626,ifa,MN,IFA,IFA_02,IFA,,27021,14660,2705104,"IFA Omaha, NE-IA",0.0,no cell in the extract: territory at zero opportunity
ifa_mw_mndn_k2,56627,ifa,MN,IFA,IFA_02,IFA,,27071,,2705680,"IFA Omaha, NE-IA",0.0,no cell in the extract: territory at zero opportunity
ifa_mw_mndn_k2,56628,ifa,MN,IFA,IFA_02,IFA,,27061,24330,2705698,"IFA Omaha, NE-IA",0.0,no cell in the extract: territory at zero opportunity
ifa_mw_mndn_k2,56629,ifa,MN,IFA,IFA_02,IFA,,27071,,,"IFA Omaha, NE-IA",0.0,no cell in the extract: territory at zero opportunity
ifa_mw_mndn_k2,56630,ifa,MN,IFA,IFA_02,IFA,,27007,13420,2706256,"IFA Omaha, NE-IA",0.0,no cell in the extract: territory at zero opportunity
ifa_mw_mndn_k2,56633,ifa,MN,IFA,IFA_02,IFA,,27021,14660,2710252,"IFA Omaha, NE-IA",0.0,no cell in the extract: territory at zero opportunity
ifa_mw_mndn_k2,56634,ifa,MN,IFA,IFA_02,IFA,,27029,,2711746,"IFA Omaha, NE-IA",0.0,no cell in the extract: territory at zero opportunity
ifa_mw_mndn_k2,56636,ifa,MN,IFA,IFA_02,IFA,,27061,24330,2703376,"IFA Omaha, NE-IA",0.0,no cell in the extract: territory at zero opportunity
ifa_mw_mndn_k2,56637,ifa,MN,IFA,IFA_02,IFA,,27061,24330,,"IFA Omaha, NE-IA",0.0,no cell in the extract: territory at zero opportunity
ifa_mw_mndn_k2,56639,ifa,MN,IFA,IFA_02,IFA,,27061,24330,2718260,"IFA Omaha, NE-IA",0.0,no cell in the extract: territory at zero opportunity
ifa_mw_mndn_k2,56641,ifa,MN,IFA,IFA_02,IFA,,27021,14660,2720798,"IFA Omaha, NE-IA",0.0,no cell in the extract: territory at zero opportunity
ifa_mw_mndn_k2,56644,ifa,MN,IFA,IFA_02,IFA,,27029,,2724344,"IFA Omaha, NE-IA",0.0,no cell in the extract: territory at zero opportunity
ifa_mw_mndn_k2,56646,ifa,MN,IFA,IFA_02,IFA,,27119,24220,2726270,"IFA Omaha, NE-IA",0.0,no cell in the extract: territory at zero opportunity
ifa_mw_mndn_k2,56647,ifa,MN,IFA,IFA_02,IFA,,27007,13420,2764444,"IFA Omaha, NE-IA",0.0,no cell in the extract: territory at zero opportunity
ifa_mw_mndn_k2,56649,ifa,MN,IFA,IFA_02,IFA,,27071,,2731040,"IFA Omaha, NE-IA",0.0,no cell in the extract: territory at zero opportunity
ifa_mw_mndn_k2,56650,ifa,MN,IFA,IFA_02,IFA,,27007,13420,2732606,"IFA Omaha, NE-IA",0.0,no cell in the extract: territory at zero opportunity
ifa_mw_mndn_k2,56651,ifa,MN,IFA,IFA_02,IFA,,27087,,2751028,"IFA Omaha, NE-IA",0.0,no cell in the extract: territory at zero opportunity
ifa_mw_mndn_k2,56652,ifa,MN,IFA,IFA_02,IFA,,27029,,2736494,"IFA Omaha, NE-IA",0.0,no cell in the extract: territory at zero opportunity
ifa_mw_mndn_k2,56653,ifa,MN,IFA,IFA_02,IFA,,27071,,2737592,"IFA Omaha, NE-IA",0.0,no cell in the extract: territory at zero opportunity
ifa_mw_mndn_k2,56654,ifa,MN,IFA,IFA_02,IFA,,27071,,,"IFA Omaha, NE-IA",0.0,no cell in the extract: territory at zero opportunity
ifa_mw_mndn_k2,56655,ifa,MN,IFA,IFA_02,IFA,,27021,14660,2738114,"IFA Omaha, NE-IA",0.0,no cell in the extract: territory at zero opportunity
ifa_mw_mndn_k2,56657,ifa,MN,IFA,IFA_02,IFA,,27061,24330,,"IFA Omaha, NE-IA",0.0,no cell in the extract: territory at zero opportunity
ifa_mw_mndn_k2,56658,ifa,MN,IFA,IFA_02,IFA,,27071,,,"IFA Omaha, NE-IA",0.0,no cell in the extract: territory at zero opportunity
ifa_mw_mndn_k2,56659,ifa,MN,IFA,IFA_02,IFA,,27061,24330,,"IFA Omaha, NE-IA",0.0,no cell in the extract: territory at zero opportunity
ifa_mw_mndn_k2,56660,ifa,MN,IFA,IFA_02,IFA,,27071,,2743540,"IFA Omaha, NE-IA",0.0,no cell in the extract: territory at zero opportunity
ifa_mw_mndn_k2,56661,ifa,MN,IFA,IFA_02,IFA,,27071,,2743540,"IFA Omaha, NE-IA",0.0,no cell in the extract: territory at zero opportunity
ifa_mw_mndn_k2,56662,ifa,MN,IFA,IFA_02,IFA,,27021,14660,,"IFA Omaha, NE-IA",0.0,no cell in the extract: territory at zero opportunity
ifa_mw_mndn_k2,56663,ifa,MN,IFA,IFA_02,IFA,,27007,13420,,"IFA Omaha, NE-IA",0.0,no cell in the extract: territory at zero opportunity
ifa_mw_mndn_k2,56666,ifa,MN,IFA,IFA_02,IFA,,27007,13420,2751892,"IFA Omaha, NE-IA",0.0,no cell in the extract: territory at zero opportunity
ifa_mw_mndn_k2,56667,ifa,MN,IFA,IFA_02,IFA,,27007,13420,,"IFA Omaha, NE-IA",0.0,no cell in the extract: territory at zero opportunity
ifa_mw_mndn_k2,56668,ifa,MN,IFA,IFA_02,IFA,,27071,,2753134,"IFA Omaha, NE-IA",0.0,no cell in the extract: territory at zero opportunity
ifa_mw_mndn_k2,56669,ifa,MN,IFA,IFA_02,IFA,,27071,,,"IFA Omaha, NE-IA",0.0,no cell in the extract: territory at zero opportunity
ifa_mw_mndn_k2,56670,ifa,MN,IFA,IFA_02,IFA,,27007,13420,2753386,"IFA Omaha, NE-IA",0.0,no cell in the extract: territory at zero opportunity
ifa_mw_mndn_k2,56671,ifa,MN,IFA,IFA_02,IFA,,27029,,2737656,"IFA Omaha, NE-IA",0.0,no cell in the extract: territory at zero opportunity
ifa_mw_mndn_k2,56672,ifa,MN,IFA,IFA_02,IFA,,27021,14660,2753782,"IFA Omaha, NE-IA",0.0,no cell in the extract: territory at zero opportunity
ifa_mw_mndn_k2,56673,ifa,MN,IFA,IFA_02,IFA,,27077,,2755438,"IFA Omaha, NE-IA",0.0,no cell in the extract: territory at zero opportunity
ifa_mw_mndn_k2,56676,ifa,MN,IFA,IFA_02,IFA,,27029,,2759782,"IFA Omaha, NE-IA",0.0,no cell in the extract: territory at zero opportunity
ifa_mw_mndn_k2,56678,ifa,MN,IFA,IFA_02,IFA,,27007,13420,2761114,"IFA Omaha, NE-IA",0.0,no cell in the extract: territory at zero opportunity
ifa_mw_mndn_k2,56680,ifa,MN,IFA,IFA_02,IFA,,27061,24330,,"IFA Omaha, NE-IA",0.0,no cell in the extract: territory at zero opportunity
ifa_mw_mndn_k2,56681,ifa,MN,IFA,IFA_02,IFA,,27061,24330,2762284,"IFA Omaha, NE-IA",0.0,no cell in the extract: territory at zero opportunity
ifa_mw_mndn_k2,56683,ifa,MN,IFA,IFA_02,IFA,,27007,13420,2764444,"IFA Omaha, NE-IA",0.0,no cell in the extract: territory at zero opportunity
ifa_mw_mndn_k2,56684,ifa,MN,IFA,IFA_02,IFA,,27119,24220,2765344,"IFA Omaha, NE-IA",0.0,no cell in the extract: territory at zero opportunity
ifa_mw_mndn_k2,56685,ifa,MN,IFA,IFA_02,IFA,,27007,13420,,"IFA Omaha, NE-IA",0.0,no cell in the extract: territory at zero opportunity
ifa_mw_mndn_k2,56686,ifa,MN,IFA,IFA_02,IFA,,27077,,2770402,"IFA Omaha, NE-IA",0.0,no cell in the extract: territory at zero opportunity
ifa_mw_mndn_k2,56688,ifa,MN,IFA,IFA_02,IFA,,27061,24330,,"IFA Omaha, NE-IA",0.0,no cell in the extract: territory at zero opportunity
ifa_mw_mndn_k2,56701,ifa,MN,IFA,IFA_02,IFA,,27113,,2764570,"IFA Omaha, NE-IA",0.0,no cell in the extract: territory at zero opportunity
ifa_mw_mndn_k2,56710,ifa,MN,IFA,IFA_02,IFA,,27089,,2701252,"IFA Omaha, NE-IA",0.0,no cell in the extract: territory at zero opportunity
ifa_mw_mndn_k2,56711,ifa,MN,IFA,IFA_02,IFA,,27077,,2701558,"IFA Omaha, NE-IA",0.0,no cell in the extract: territory at zero opportunity
ifa_mw_mndn_k2,56713,ifa,MN,IFA,IFA_02,IFA,,27089,,2702134,"IFA Omaha, NE-IA",0.0,no cell in the extract: territory at zero opportunity
ifa_mw_mndn_k2,56714,ifa,MN,IFA,IFA_02,IFA,,27135,,2703160,"IFA Omaha, NE-IA",0.0,no cell in the extract: territory at zero opportunity
ifa_mw_mndn_k2,56715,ifa,MN,IFA,IFA_02,IFA,,27125,,2708038,"IFA Omaha, NE-IA",0.0,no cell in the extract: territory at zero opportunity
ifa_mw_mndn_k2,56716,ifa,MN,IFA,IFA_02,IFA,,27119,24220,2713870,"IFA Omaha, NE-IA",0.682922,
ifa_mw_mndn_k2,56720,ifa,MN,IFA,IFA_02,IFA,,27069,,2716030,"IFA Omaha, NE-IA",0.0,no cell in the extract: territory at zero opportunity
ifa_mw_mndn_k2,56721,ifa,MN,IFA,IFA_02,IFA,,27119,24220,2717612,"IFA Omaha, NE-IA",6.93407,
ifa_mw_mndn_k2,56722,ifa,MN,IFA,IFA_02,IFA,,27119,24220,,"IFA Omaha, NE-IA",0.0,no cell in the extract: territory at zero opportunity
ifa_mw_mndn_k2,56723,ifa,MN,IFA,IFA_02,IFA,,27119,24220,2721158,"IFA Omaha, NE-IA",0.0,no cell in the extract: territory at zero opportunity
ifa_mw_mndn_k2,56724,ifa,MN,IFA,IFA_02,IFA,,27089,,,"IFA Omaha, NE-IA",0.0,no cell in the extract: territory at zero opportunity
ifa_mw_mndn_k2,56725,ifa,MN,IFA,IFA_02,IFA,,27113,,2724470,"IFA Omaha, NE-IA",0.0,no cell in the extract: territory at zero opportunity
ifa_mw_mndn_k2,56726,ifa,MN,IFA,IFA_02,IFA,,27135,,2725604,"IFA Omaha, NE-IA",0.0,no cell in the extract: territory at zero opportunity
ifa_mw_mndn_k2,56727,ifa,MN,IFA,IFA_02,IFA,,27007,13420,2726216,"IFA Omaha, NE-IA",0.0,no cell in the extract: territory at zero opportunity
ifa_mw_mndn_k2,56728,ifa,MN,IFA,IFA_02,IFA,,27069,,2726576,"IFA Omaha, NE-IA",0.0,no cell in the extract: territory at zero opportunity
ifa_mw_mndn_k2,56729,ifa,MN,IFA,IFA_02,IFA,,27069,,2726612,"IFA Omaha, NE-IA",0.0,no cell in the extract: territory at zero opportunity
ifa_mw_mndn_k2,56731,ifa,MN,IFA,IFA_02,IFA,,27069,,2730446,"IFA Omaha, NE-IA",0.0,no cell in the extract: territory at zero opportunity
ifa_mw_mndn_k2,56732,ifa,MN,IFA,IFA_02,IFA,,27069,,2732444,"IFA Omaha, NE-IA",0.0,no cell in the extract: territory at zero opportunity
ifa_mw_mndn_k2,56733,ifa,MN,IFA,IFA_02,IFA,,27069,,2732732,"IFA Omaha, NE-IA",0.0,no cell in the extract: territory at zero opportunity
ifa_mw_mndn_k2,56734,ifa,MN,IFA,IFA_02,IFA,,27069,,2734136,"IFA Omaha, NE-IA",0.0,no cell in the extract: territory at zero opportunity
ifa_mw_mndn_k2,56735,ifa,MN,IFA,IFA_02,IFA,,27069,,2735378,"IFA Omaha, NE-IA",0.0,no cell in the extract: territory at zero opportunity
ifa_mw_mndn_k2,56736,ifa,MN,IFA,IFA_02,IFA,,27119,24220,2741714,"IFA Omaha, NE-IA",0.0,no cell in the extract: territory at zero opportunity
ifa_mw_mndn_k2,56737,ifa,MN,IFA,IFA_02,IFA,,27089,,2741912,"IFA Omaha, NE-IA",0.0,no cell in the extract: territory at zero opportunity
ifa_mw_mndn_k2,56738,ifa,MN,IFA,IFA_02,IFA,,27089,,2745520,"IFA Omaha, NE-IA",0.0,no cell in the extract: territory at zero opportunity
ifa_mw_mndn_k2,56742,ifa,MN,IFA,IFA_02,IFA,,27125,,2748202,"IFA Omaha, NE-IA",0.0,no cell in the extract: territory at zero opportunity
ifa_mw_mndn_k2,56744,ifa,MN,IFA,IFA_02,IFA,,27089,,2748976,"IFA Omaha, NE-IA",0.0,no cell in the extract: territory at zero opportunity
ifa_mw_mndn_k2,56748,ifa,MN,IFA,IFA_02,IFA,,27125,,2751712,"IFA Omaha, NE-IA",0.0,no cell in the extract: territory at zero opportunity
ifa_mw_mndn_k2,56750,ifa,MN,IFA,IFA_02,IFA,,27125,,2753476,"IFA Omaha, NE-IA",0.0,no cell in the extract: territory at zero opportunity
ifa_mw_mndn_k2,56751,ifa,MN,IFA,IFA_02,IFA,,27135,,2755546,"IFA Omaha, NE-IA",0.0,no cell in the extract: territory at zero opportunity
ifa_mw_mndn_k2,56754,ifa,MN,IFA,IFA_02,IFA,,27113,,2757022,"IFA Omaha, NE-IA",0.0,no cell in the extract: territory at zero opportunity
ifa_mw_mndn_k2,56755,ifa,MN,IFA,IFA_02,IFA,,27069,,2758144,"IFA Omaha, NE-IA",0.0,no cell in the extract: territory at zero opportunity
ifa_mw_mndn_k2,56756,ifa,MN,IFA,IFA_02,IFA,,27135,,,"IFA Omaha, NE-IA",0.0,no cell in the extract: territory at zero opportunity
ifa_mw_mndn_k2,56757,ifa,MN,IFA,IFA_02,IFA,,27089,,2762698,"IFA Omaha, NE-IA",0.0,no cell in the extract: territory at zero opportunity
ifa_mw_mndn_k2,56758,ifa,MN,IFA,IFA_02,IFA,,27089,,2763112,"IFA Omaha, NE-IA",0.0,no cell in the extract: territory at zero opportunity
ifa_mw_mndn_k2,56759,ifa,MN,IFA,IFA_02,IFA,,27135,,2763130,"IFA Omaha, NE-IA",0.0,no cell in the extract: territory at zero opportunity
ifa_mw_mndn_k2,56760,ifa,MN,IFA,IFA_02,IFA,,27089,,2767090,"IFA Omaha, NE-IA",0.0,no cell in the extract: territory at zero opportunity
ifa_mw_mndn_k2,56761,ifa,MN,IFA,IFA_02,IFA,,27135,,,"IFA Omaha, NE-IA",0.0,no cell in the extract: territory at zero opportunity
ifa_mw_mndn_k2,56762,ifa,MN,IFA,IFA_02,IFA,,27119,24220,2768170,"IFA Omaha, NE-IA",0.0,no cell in the extract: territory at zero opportunity
ifa_mw_mndn_k2,56763,ifa,MN,IFA,IFA_02,IFA,,27135,,2768224,"IFA Omaha, NE-IA",0.0,no cell in the extract: territory at zero opportunity
ifa_mw_mndn_k2,57001,ifa,SD,IFA,IFA_02,IFA,,46127,43580,4600700,"IFA Omaha, NE-IA",0.0,no cell in the extract: territory at zero opportunity
ifa_mw_mndn_k2,57002,ifa,SD,IFA,IFA_02,IFA,,46011,15100,4602780,"IFA Omaha, NE-IA",0.0,no cell in the extract: territory at zero opportunity
ifa_mw_mndn_k2,57003,ifa,SD,IFA,IFA_02,IFA,,46099,43620,4603380,"IFA Omaha, NE-IA",0.0,no cell in the extract: territory at zero opportunity
ifa_mw_mndn_k2,57004,ifa,SD,IFA,IFA_02,IFA,,46083,43620,4604980,"IFA Omaha, NE-IA",0.0,no cell in the extract: territory at zero opportunity
ifa_mw_mndn_k2,57005,ifa,SD,IFA,IFA_02,IFA,,46099,43620,4606840,"IFA Omaha, NE-IA",3.29073,
ifa_mw_mndn_k2,57006,ifa,SD,IFA,IFA_02,IFA,,46011,15100,4607580,"IFA Omaha, NE-IA",4.83926,
ifa_mw_mndn_k2,57007,ifa,SD,IFA,IFA_02,IFA,,46011,15100,4607580,"IFA Omaha, NE-IA",0.0,no cell in the extract: territory at zero opportunity
ifa_mw_mndn_k2,57010,ifa,SD,IFA,IFA_02,IFA,,46027,46820,4608500,"IFA Omaha, NE-IA",0.0,no cell in the extract: territory at zero opportunity
ifa_mw_mndn_k2,57012,ifa,SD,IFA,IFA_02,IFA,,46087,43620,4609300,"IFA Omaha, NE-IA",0.0,no cell in the extract: territory at zero opportunity
ifa_mw_mndn_k2,57013,ifa,SD,IFA,IFA_02,IFA,,46083,43620,4609500,"IFA Omaha, NE-IA",0.0,no cell in the extract: territory at zero opportunity
ifa_mw_mndn_k2,57014,ifa,SD,IFA,IFA_02,IFA,,46125,43620,4611060,"IFA Omaha, NE-IA",0.0,no cell in the extract: territory at zero opportunity
ifa_mw_mndn_k2,57015,ifa,SD,IFA,IFA_02,IFA,,46125,43620,4611380,"IFA Omaha, NE-IA",0.0,no cell in the extract: territory at zero opportunity
ifa_mw_mndn_k2,57016,ifa,SD,IFA,IFA_02,IFA,,46079,,4611660,"IFA Omaha, NE-IA",0.0,no cell in the extract: territory at zero opportunity
ifa_mw_mndn_k2,57017,ifa,SD,IFA,IFA_02,IFA,,46101,,4613220,"IFA Omaha, NE-IA",0.0,no cell in the extract: territory at zero opportunity
ifa_mw_mndn_k2,57018,ifa,SD,IFA,IFA_02,IFA,,46099,43620,4613380,"IFA Omaha, NE-IA",0.0,no cell in the extract: territory at zero opportunity
ifa_mw_mndn_k2,57020,ifa,SD,IFA,IFA_02,IFA,,46099,43620,4614740,"IFA Omaha, NE-IA",0.0,no cell in the extract: territory at zero opportunity
ifa_mw_mndn_k2,57021,ifa,SD,IFA,IFA_02,IFA,,46125,43620,4615540,"IFA Omaha, NE-IA",0.0,no cell in the extract: territory at zero opportunity
ifa_mw_mndn_k2,57022,ifa,SD,IFA,IFA_02,IFA,,46099,43620,4615980,"IFA Omaha, NE-IA",0.0,no cell in the extract: territory at zero opportunity
ifa_mw_mndn_k2,57024,ifa,SD,IFA,IFA_02,IFA,,46101,,4618460,"IFA Omaha, NE-IA",0.0,no cell in the extract: territory at zero opportunity
ifa_mw_mndn_k2,57025,ifa,SD,IFA,IFA_02,IFA,,46127,43580,4654750,"IFA Omaha, NE-IA",0.0,no cell in the extract: territory at zero opportunity
ifa_mw_mndn_k2,57026,ifa,SD,IFA,IFA_02,IFA,,46011,15100,4618700,"IFA Omaha, NE-IA",0.0,no cell in the extract: territory at zero opportunity
ifa_mw_mndn_k2,57027,ifa,SD,IFA,IFA_02,IFA,,46083,43620,4620780,"IFA Omaha, NE-IA",0.0,no cell in the extract: territory at zero opportunity
ifa_mw_mndn_k2,57028,ifa,SD,IFA,IFA_02,IFA,,46101,,4621540,"IFA Omaha, NE-IA",0.0,no cell in the extract: territory at zero opportunity
ifa_mw_mndn_k2,57029,ifa,SD,IFA,IFA_02,IFA,,46067,,4623020,"IFA Omaha, NE-IA",0.000954541,
ifa_mw_mndn_k2,57030,ifa,SD,IFA,IFA_02,IFA,,46099,43620,4623820,"IFA Omaha, NE-IA",0.0,no cell in the extract: territory at zero opportunity
ifa_mw_mndn_k2,57031,ifa,SD,IFA,IFA_02,IFA,,46135,49460,4623900,"IFA Omaha, NE-IA",0.0,no cell in the extract: territory at zero opportunity
ifa_mw_mndn_k2,57032,ifa,SD,IFA,IFA_02,IFA,,46083,43620,4627260,"IFA Omaha, NE-IA",0.0,no cell in the extract: territory at zero opportunity
ifa_mw_mndn_k2,57033,ifa,SD,IFA,IFA_02,IFA,,46099,43620,4627540,"IFA Omaha, NE-IA",0.0,no cell in the extract: territory at zero opportunity
ifa_mw_mndn_k2,57034,ifa,SD,IFA,IFA_02,IFA,,46083,43620,4630740,"IFA Omaha, NE-IA",0.0,no cell in the extract: territory at zero opportunity
ifa_mw_mndn_k2,57035,ifa,SD,IFA,IFA_02,IFA,,46099,43620,4630900,"IFA Omaha, NE-IA",0.0,no cell in the extract: territory at zero opportunity
ifa_mw_mndn_k2,57036,ifa,SD,IFA,IFA_02,IFA,,46125,43620,4630980,"IFA Omaha, NE-IA",0.0,no cell in the extract: territory at zero opportunity
ifa_mw_mndn_k2,57037,ifa,SD,IFA,IFA_02,IFA,,46135,49460,4631940,"IFA Omaha, NE-IA",0.0,no cell in the extract: territory at zero opportunity
ifa_mw_mndn_k2,57038,ifa,SD,IFA,IFA_02,IFA,,46127,43580,4632700,"IFA Omaha, NE-IA",0.0,no cell in the extract: territory at zero opportunity
ifa_mw_mndn_k2,57039,ifa,SD,IFA,IFA_02,IFA,,46083,43620,4636380,"IFA Omaha, NE-IA",0.0,no cell in the extract: territory at zero opportunity
ifa_mw_mndn_k2,57040,ifa,SD,IFA,IFA_02,IFA,,46135,49460,4636540,"IFA Omaha, NE-IA",0.0,no cell in the extract: territory at zero opportunity
ifa_mw_mndn_k2,57041,ifa,SD,IFA,IFA_02,IFA,,46099,43620,4639740,"IFA Omaha, NE-IA",0.0,no cell in the extract: territory at zero opportunity
ifa_mw_mndn_k2,57042,ifa,SD,IFA,IFA_02,IFA,,46079,,4640220,"IFA Omaha, NE-IA",0.881462,
ifa_mw_mndn_k2,57043,ifa,SD,IFA,IFA_02,IFA,,46125,43620,4640860,"IFA Omaha, NE-IA",0.0,no cell in the extract: territory at zero opportunity
ifa_mw_mndn_k2,57045,ifa,SD,IFA,IFA_02,IFA,,46067,,4641980,"IFA Omaha, NE-IA",0.00636361,
ifa_mw_mndn_k2,57046,ifa,SD,IFA,IFA_02,IFA,,46135,49460,4642980,"IFA Omaha, NE-IA",0.0,no cell in the extract: territory at zero opportunity
ifa_mw_mndn_k2,57047,ifa,SD,IFA,IFA_02,IFA,,46087,43620,4643380,"IFA Omaha, NE-IA",0.0,no cell in the extract: territory at zero opportunity
ifa_mw_mndn_k2,57048,ifa,SD,IFA,IFA_02,IFA,,46087,43620,4647588,"IFA Omaha, NE-IA",0.0,no cell in the extract: territory at zero opportunity
ifa_mw_mndn_k2,57049,ifa,SD,IFA,IFA_02,IFA,,46127,43580,4645700,"IFA Omaha, NE-IA",10.9721,
ifa_mw_mndn_k2,57050,ifa,SD,IFA,IFA_02,IFA,,46079,,4646060,"IFA Omaha, NE-IA",0.0,no cell in the extract: territory at zero opportunity
ifa_mw_mndn_k2,57051,ifa,SD,IFA,IFA_02,IFA,,46077,,4646780,"IFA Omaha, NE-IA",0.0,no cell in the extract: territory at zero opportunity
ifa_mw_mndn_k2,57052,ifa,SD,IFA,IFA_02,IFA,,46067,,4664260,"IFA Omaha, NE-IA",0.0,no cell in the extract: territory at zero opportunity
ifa_mw_mndn_k2,57053,ifa,SD,IFA,IFA_02,IFA,,46125,43620,4648380,"IFA Omaha, NE-IA",0.0,no cell in the extract: territory at zero opportunity
ifa_mw_mndn_k2,57054,ifa,SD,IFA,IFA_02,IFA,,46079,,4652860,"IFA Omaha, NE-IA",0.0,no cell in the extract: territory at zero opportunity
ifa_mw_mndn_k2,57055,ifa,SD,IFA,IFA_02,IFA,,46099,43620,4654145,"IFA Omaha, NE-IA",0.0,no cell in the extract: territory at zero opportunity
ifa_mw_mndn_k2,57057,ifa,SD,IFA,IFA_02,IFA,,46079,,,"IFA Omaha, NE-IA",0.0,no cell in the extract: territory at zero opportunity
ifa_mw_mndn_k2,57058,ifa,SD,IFA,IFA_02,IFA,,46087,43620,4657340,"IFA Omaha, NE-IA",0.0,no cell in the extract: territory at zero opportunity
ifa_mw_mndn_k2,57059,ifa,SD,IFA,IFA_02,IFA,,46009,,4657940,"IFA Omaha, NE-IA",0.0,no cell in the extract: territory at zero opportunity
ifa_mw_mndn_k2,57061,ifa,SD,IFA,IFA_02,IFA,,46011,15100,4658900,"IFA Omaha, NE-IA",0.0,no cell in the extract: territory at zero opportunity
ifa_mw_mndn_k2,57062,ifa,SD,IFA,IFA_02,IFA,,46009,,4656820,"IFA Omaha, NE-IA",0.0,no cell in the extract: territory at zero opportunity
ifa_mw_mndn_k2,57063,ifa,SD,IFA,IFA_02,IFA,,46009,,4606300,"IFA Omaha, NE-IA",0.0,no cell in the extract: territory at zero opportunity
ifa_mw_mndn_k2,57064,ifa,SD,IFA,IFA_02,IFA,,46083,43620,4663100,"IFA Omaha, NE-IA",0.0,no cell in the extract: territory at zero opportunity
ifa_mw_mndn_k2,57065,ifa,SD,IFA,IFA_02,IFA,,46101,,4663940,"IFA Omaha, NE-IA",0.0,no cell in the extract: territory at zero opportunity
ifa_mw_mndn_k2,57066,ifa,SD,IFA,IFA_02,IFA,,46009,,4664860,"IFA Omaha, NE-IA",0.0,no cell in the extract: territory at zero opportunity
ifa_mw_mndn_k2,57067,ifa,SD,IFA,IFA_02,IFA,,46135,49460,4665780,"IFA Omaha, NE-IA",0.0,no cell in the extract: territory at zero opportunity
ifa_mw_mndn_k2,57068,ifa,SD,IFA,IFA_02,IFA,,46099,43620,4666260,"IFA Omaha, NE-IA",0.0,no cell in the extract: territory at zero opportunity
ifa_mw_mndn_k2,57069,ifa,SD,IFA,IFA_02,IFA,,46027,46820,4666700,"IFA Omaha, NE-IA",0.0,no cell in the extract: territory at zero opportunity
ifa_mw_mndn_k2,57070,ifa,SD,IFA,IFA_02,IFA,,46125,43620,4667020,"IFA Omaha, NE-IA",0.0,no cell in the extract: territory at zero opportunity
ifa_mw_mndn_k2,57071,ifa,SD,IFA,IFA_02,IFA,,46011,15100,4667700,"IFA Omaha, NE-IA",0.0,no cell in the extract: territory at zero opportunity
ifa_mw_mndn_k2,57072,ifa,SD,IFA,IFA_02,IFA,,46135,49460,4667780,"IFA Omaha, NE-IA",0.0,no cell in the extract: territory at zero opportunity
ifa_mw_mndn_k2,57073,ifa,SD,IFA,IFA_02,IFA,,46027,46820,4668100,"IFA Omaha, NE-IA",0.0,no cell in the extract: territory at zero opportunity
ifa_mw_mndn_k2,57075,ifa,SD,IFA,IFA_02,IFA,,46079,,4635430,"IFA Omaha, NE-IA",0.0,no cell in the extract: territory at zero opportunity
ifa_mw_mndn_k2,57076,ifa,SD,IFA,IFA_02,IFA,,46079,,4672100,"IFA Omaha, NE-IA",0.0,no cell in the extract: territory at zero opportunity
ifa_mw_mndn_k2,57077,ifa,SD,IFA,IFA_02,IFA,,46083,43620,4672820,"IFA Omaha, NE-IA",0.0,no cell in the extract: territory at zero opportunity
ifa_mw_mndn_k2,57078,ifa,SD,IFA,IFA_02,IFA,,46135,49460,4673060,"IFA Omaha, NE-IA",0.502049,
ifa_mw_mndn_k2,57103,ifa,SD,IFA,IFA_02,IFA,,46099,43620,4659020,"IFA Omaha, NE-IA",0.0,no cell in the extract: territory at zero opportunity
ifa_mw_mndn_k2,57104,ifa,SD,IFA,IFA_02,IFA,,46099,43620,4659020,"IFA Omaha, NE-IA",0.0,no cell in the extract: territory at zero opportunity
ifa_mw_mndn_k2,57105,ifa,SD,IFA,IFA_02,IFA,,46099,43620,4659020,"IFA Omaha, NE-IA",9.38464,
ifa_mw_mndn_k2,57106,ifa,SD,IFA,IFA_02,IFA,,46099,43620,4659020,"IFA Omaha, NE-IA",6.97351,
ifa_mw_mndn_k2,57107,ifa,SD,IFA,IFA_02,IFA,,46099,43620,4659020,"IFA Omaha, NE-IA",0.0,no cell in the extract: territory at zero opportunity
ifa_mw_mndn_k2,57108,ifa,SD,IFA,IFA_02,IFA,,46083,43620,4659020,"IFA Omaha, NE-IA",21.25,
ifa_mw_mndn_k2,57110,ifa,SD,IFA,IFA_02,IFA,,46099,43620,4659020,"IFA Omaha, NE-IA",0.0254557,
ifa_mw_mndn_k2,57117,ifa,SD,IFA,IFA_02,IFA,,46099,43620,4659020,"IFA Omaha, NE-IA",0.0,no cell in the extract: territory at zero opportunity
ifa_mw_mndn_k2,57197,ifa,SD,IFA,IFA_02,IFA,,46099,43620,4659020,"IFA Omaha, NE-IA",0.0,no cell in the extract: territory at zero opportunity
ifa_mw_mndn_k2,57201,ifa,SD,IFA,IFA_02,IFA,,46029,47980,4669300,"IFA Omaha, NE-IA",1.16767,
ifa_mw_mndn_k2,57212,ifa,SD,IFA,IFA_02,IFA,,46077,,4602180,"IFA Omaha, NE-IA",0.0,no cell in the extract: territory at zero opportunity
ifa_mw_mndn_k2,57213,ifa,SD,IFA,IFA_02,IFA,,46039,,4602580,"IFA Omaha, NE-IA",0.0,no cell in the extract: territory at zero opportunity
ifa_mw_mndn_k2,57214,ifa,SD,IFA,IFA_02,IFA,,46077,,4603060,"IFA Omaha, NE-IA",0.0,no cell in the extract: territory at zero opportunity
ifa_mw_mndn_k2,57216,ifa,SD,IFA,IFA_02,IFA,,46051,,4605540,"IFA Omaha, NE-IA",0.0,no cell in the extract: territory at zero opportunity
ifa_mw_mndn_k2,57217,ifa,SD,IFA,IFA_02,IFA,,46025,,4614660,"IFA Omaha, NE-IA",0.0,no cell in the extract: territory at zero opportunity
ifa_mw_mndn_k2,57218,ifa,SD,IFA,IFA_02,IFA,,46039,,4606940,"IFA Omaha, NE-IA",0.0,no cell in the extract: territory at zero opportunity
ifa_mw_mndn_k2,57219,ifa,SD,IFA,IFA_02,IFA,,46037,,4607300,"IFA Omaha, NE-IA",0.0,no cell in the extract: territory at zero opportunity
ifa_mw_mndn_k2,57220,ifa,SD,IFA,IFA_02,IFA,,46011,15100,4607740,"IFA Omaha, NE-IA",0.0,no cell in the extract: territory at zero opportunity
ifa_mw_mndn_k2,57221,ifa,SD,IFA,IFA_02,IFA,,46057,,4608060,"IFA Omaha, NE-IA",0.0,no cell in the extract: territory at zero opportunity
ifa_mw_mndn_k2,57223,ifa,SD,IFA,IFA_02,IFA,,46057,,4610500,"IFA Omaha, NE-IA",0.0,no cell in the extract: territory at zero opportunity
ifa_mw_mndn_k2,57224,ifa,SD,IFA,IFA_02,IFA,,46109,,4612020,"IFA Omaha, NE-IA",0.0,no cell in the extract: territory at zero opportunity
ifa_mw_mndn_k2,57225,ifa,SD,IFA,IFA_02,IFA,,46025,,4612180,"IFA Omaha, NE-IA",0.0,no cell in the extract: territory at zero opportunity
ifa_mw_mndn_k2,57226,ifa,SD,IFA,IFA_02,IFA,,46039,,4612540,"IFA Omaha, NE-IA",0.0,no cell in the extract: territory at zero opportunity
ifa_mw_mndn_k2,57227,ifa,SD,IFA,IFA_02,IFA,,46109,,4613940,"IFA Omaha, NE-IA",0.0,no cell in the extract: territory at zero opportunity
ifa_mw_mndn_k2,57231,ifa,SD,IFA,IFA_02,IFA,,46077,,4616260,"IFA Omaha, NE-IA",0.0,no cell in the extract: territory at zero opportunity
ifa_mw_mndn_k2,57232,ifa,SD,IFA,IFA_02,IFA,,46091,,4618180,"IFA Omaha, NE-IA",0.0,no cell in the extract: territory at zero opportunity
ifa_mw_mndn_k2,57233,ifa,SD,IFA,IFA_02,IFA,,46077,,4619860,"IFA Omaha, NE-IA",0.0,no cell in the extract: territory at zero opportunity
ifa_mw_mndn_k2,57234,ifa,SD,IFA,IFA_02,IFA,,46039,,4635480,"IFA Omaha, NE-IA",0.0,no cell in the extract: territory at zero opportunity
ifa_mw_mndn_k2,57235,ifa,SD,IFA,IFA_02,IFA,,46029,47980,4621820,"IFA Omaha, NE-IA",0.0,no cell in the extract: territory at zero opportunity
ifa_mw_mndn_k2,57236,ifa,SD,IFA,IFA_02,IFA,,46025,,4629116,"IFA Omaha, NE-IA",0.0,no cell in the extract: territory at zero opportunity
ifa_mw_mndn_k2,57237,ifa,SD,IFA,IFA_02,IFA,,46039,,4623860,"IFA Omaha, NE-IA",0.0,no cell in the extract: territory at zero opportunity
ifa_mw_mndn_k2,57238,ifa,SD,IFA,IFA_02,IFA,,46039,,4634340,"IFA Omaha, NE-IA",0.0,no cell in the extract: territory at zero opportunity
ifa_mw_mndn_k2,57239,ifa,SD,IFA,IFA_02,IFA,,46037,,4626220,"IFA Omaha, NE-IA",0.0,no cell in the extract: territory at zero opportunity
ifa_mw_mndn_k2,57241,ifa,SD,IFA,IFA_02,IFA,,46057,,4627820,"IFA Omaha, NE-IA",0.0,no cell in the extract: territory at zero opportunity
ifa_mw_mndn_k2,57242,ifa,SD,IFA,IFA_02,IFA,,46057,,4627940,"IFA Omaha, NE-IA",0.0,no cell in the extract: territory at zero opportunity
ifa_mw_mndn_k2,57243,ifa,SD,IFA,IFA_02,IFA,,46029,47980,4628140,"IFA Omaha, NE-IA",0.0,no cell in the extract: territory at zero opportunity
ifa_mw_mndn_k2,57245,ifa,SD,IFA,IFA_02,IFA,,46029,47980,4634340,"IFA Omaha, NE-IA",0.0,no cell in the extract: territory at zero opportunity
ifa_mw_mndn_k2,57246,ifa,SD,IFA,IFA_02,IFA,,46051,,4634540,"IFA Omaha, NE-IA",0.0,no cell in the extract: territory at zero opportunity
ifa_mw_mndn_k2,57247,ifa,SD,IFA,IFA_02,IFA,,46091,,4612640,"IFA Omaha, NE-IA",0.0,no cell in the extract: territory at zero opportunity
ifa_mw_mndn_k2,57248,ifa,SD,IFA,IFA_02,IFA,,46057,,4635480,"IFA Omaha, NE-IA",0.0,no cell in the extract: territory at zero opportunity
ifa_mw_mndn_k2,57249,ifa,SD,IFA,IFA_02,IFA,,46077,,4635500,"IFA Omaha, NE-IA",0.0047727,
ifa_mw_mndn_k2,57251,ifa,SD,IFA,IFA_02,IFA,,46051,,4641220,"IFA Omaha, NE-IA",0.0,no cell in the extract: territory at zero opportunity
ifa_mw_mndn_k2,57252,ifa,SD,IFA,IFA_02,IFA,,46051,,4642260,"IFA Omaha, NE-IA",0.0,no cell in the extract: territory at zero opportunity
ifa_mw_mndn_k2,57255,ifa,SD,IFA,IFA_02,IFA,,46109,,4644820,"IFA Omaha, NE-IA",0.0,no cell in the extract: territory at zero opportunity
ifa_mw_mndn_k2,57256,ifa,SD,IFA,IFA_02,IFA,,46051,,4647660,"IFA Omaha, NE-IA",0.0,no cell in the extract: territory at zero opportunity
ifa_mw_mndn_k2,57257,ifa,SD,IFA,IFA_02,IFA,,46109,,4648940,"IFA Omaha, NE-IA",0.0,no cell in the extract: territory at zero opportunity
ifa_mw_mndn_k2,57258,ifa,SD,IFA,IFA_02,IFA,,46025,,4622070,"IFA Omaha, NE-IA",0.0,no cell in the extract: territory at zero opportunity
ifa_mw_mndn_k2,57259,ifa,SD,IFA,IFA_02,IFA,,46051,,4654220,"IFA Omaha, NE-IA",0.0,no cell in the extract: territory at zero opportunity
ifa_mw_mndn_k2,57260,ifa,SD,IFA,IFA_02,IFA,,46109,,4671380,"IFA Omaha, NE-IA",0.0,no cell in the extract: territory at zero opportunity
ifa_mw_mndn_k2,57261,ifa,SD,IFA,IFA_02,IFA,,46037,,4656380,"IFA Omaha, NE-IA",0.0,no cell in the extract: territory at zero opportunity
ifa_mw_mndn_k2,57262,ifa,SD,IFA,IFA_02,IFA,,46109,,4638760,"IFA Omaha, NE-IA",0.0,no cell in the extract: territory at zero opportunity
ifa_mw_mndn_k2,57263,ifa,SD,IFA,IFA_02,IFA,,46029,47980,4659940,"IFA Omaha, NE-IA",0.0,no cell in the extract: territory at zero opportunity
ifa_mw_mndn_k2,57264,ifa,SD,IFA,IFA_02,IFA,,46051,,4661740,"IFA Omaha, NE-IA",0.0,no cell in the extract: territory at zero opportunity
ifa_mw_mndn_k2,57265,ifa,SD,IFA,IFA_02,IFA,,46051,,4661980,"IFA Omaha, NE-IA",0.0,no cell in the extract: territory at zero opportunity
ifa_mw_mndn_k2,57266,ifa,SD,IFA,IFA_02,IFA,,46051,,4662220,"IFA Omaha, NE-IA",0.0,no cell in the extract: territory at zero opportunity
ifa_mw_mndn_k2,57268,ifa,SD,IFA,IFA_02,IFA,,46039,,4663740,"IFA Omaha, NE-IA",0.0,no cell in the extract: territory at zero opportunity
ifa_mw_mndn_k2,57269,ifa,SD,IFA,IFA_02,IFA,,46051,,4664700,"IFA Omaha, NE-IA",0.0,no cell in the extract: territory at zero opportunity
ifa_mw_mndn_k2,57270,ifa,SD,IFA,IFA_02,IFA,,46091,,4666540,"IFA Omaha, NE-IA",0.0,no cell in the extract: territory at zero opportunity
ifa_mw_mndn_k2,57271,ifa,SD,IFA,IFA_02,IFA,,46025,,4667220,"IFA Omaha, NE-IA",0.0,no cell in the extract: territory at zero opportunity
ifa_mw_mndn_k2,57272,ifa,SD,IFA,IFA_02,IFA,,46029,47980,4668420,"IFA Omaha, NE-IA",0.0,no cell in the extract: territory at zero opportunity
ifa_mw_mndn_k2,57273,ifa,SD,IFA,IFA_02,IFA,,46037,,4669340,"IFA Omaha, NE-IA",0.0,no cell in the extract: territory at zero opportunity
ifa_mw_mndn_k2,57274,ifa,SD,IFA,IFA_02,IFA,,46037,,4669780,"IFA Omaha, NE-IA",0.0,no cell in the extract: territory at zero opportunity
ifa_mw_mndn_k2,57276,ifa,SD,IFA,IFA_02,IFA,,46011,15100,4670940,"IFA Omaha, NE-IA",0.0,no cell in the extract: territory at zero opportunity
ifa_mw_mndn_k2,57278,ifa,SD,IFA,IFA_02,IFA,,46025,,4671940,"IFA Omaha, NE-IA",0.0,no cell in the extract: territory at zero opportunity
ifa_mw_mndn_k2,57279,ifa,SD,IFA,IFA_02,IFA,,46109,,4671980,"IFA Omaha, NE-IA",0.0,no cell in the extract: territory at zero opportunity
ifa_mw_mndn_k2,57301,ifa,SD,IFA,IFA_02,IFA,,46035,33580,4643100,"IFA Omaha, NE-IA",1.0494,
ifa_mw_mndn_k2,57311,ifa,SD,IFA,IFA_02,IFA,,46061,33580,4600820,"IFA Omaha, NE-IA",0.0,no cell in the extract: territory at zero opportunity
ifa_mw_mndn_k2,57312,ifa,SD,IFA,IFA_02,IFA,,46005,26700,4601020,"IFA Omaha, NE-IA",0.0,no cell in the extract: territory at zero opportunity
ifa_mw_mndn_k2,57313,ifa,SD,IFA,IFA_02,IFA,,46043,,4602260,"IFA Omaha, NE-IA",0.0,no cell in the extract: territory at zero opportunity
ifa_mw_mndn_k2,57314,ifa,SD,IFA,IFA_02,IFA,,46111,33580,4602380,"IFA Omaha, NE-IA",0.0,no cell in the extract: territory at zero opportunity
ifa_mw_mndn_k2,57315,ifa,SD,IFA,IFA_02,IFA,,46009,,4602900,"IFA Omaha, NE-IA",0.0,no cell in the extract: territory at zero opportunity
ifa_mw_mndn_k2,57317,ifa,SD,IFA,IFA_02,IFA,,46053,,4606220,"IFA Omaha, NE-IA",0.0,no cell in the extract: territory at zero opportunity
ifa_mw_mndn_k2,57319,ifa,SD,IFA,IFA_02,IFA,,46087,43620,4607180,"IFA Omaha, NE-IA",0.0,no cell in the extract: territory at zero opportunity
ifa_mw_mndn_k2,57321,ifa,SD,IFA,IFA_02,IFA,,46097,,4609420,"IFA Omaha, NE-IA",0.0,no cell in the extract: territory at zero opportunity
ifa_mw_mndn_k2,57322,ifa,SD,IFA,IFA_02,IFA,,46005,26700,4658310,"IFA Omaha, NE-IA",0.0,no cell in the extract: territory at zero opportunity
ifa_mw_mndn_k2,57323,ifa,SD,IFA,IFA_02,IFA,,46097,,4610220,"IFA Omaha, NE-IA",0.0,no cell in the extract: territory at zero opportunity
ifa_mw_mndn_k2,57324,ifa,SD,IFA,IFA_02,IFA,,46005,26700,4610620,"IFA Omaha, NE-IA",0.0,no cell in the extract: territory at zero opportunity
ifa_mw_mndn_k2,57325,ifa,SD,IFA,IFA_02,IFA,,46015,,4611220,"IFA Omaha, NE-IA",0.0,no cell in the extract: territory at zero opportunity
ifa_mw_mndn_k2,57328,ifa,SD,IFA,IFA_02,IFA,,46043,,4613980,"IFA Omaha, NE-IA",0.0,no cell in the extract: territory at zero opportunity
ifa_mw_mndn_k2,57329,ifa,SD,IFA,IFA_02,IFA,,46023,,4615420,"IFA Omaha, NE-IA",0.0,no cell in the extract: territory at zero opportunity
ifa_mw_mndn_k2,57330,ifa,SD,IFA,IFA_02,IFA,,46043,,4616060,"IFA Omaha, NE-IA",0.0,no cell in the extract: territory at zero opportunity
ifa_mw_mndn_k2,57331,ifa,SD,IFA,IFA_02,IFA,,46067,,4616620,"IFA Omaha, NE-IA",0.0,no cell in the extract: territory at zero opportunity
ifa_mw_mndn_k2,57332,ifa,SD,IFA,IFA_02,IFA,,46061,33580,4619420,"IFA Omaha, NE-IA",0.0,no cell in the extract: territory at zero opportunity
ifa_mw_mndn_k2,57334,ifa,SD,IFA,IFA_02,IFA,,46035,33580,4644900,"IFA Omaha, NE-IA",0.0,no cell in the extract: territory at zero opportunity
ifa_mw_mndn_k2,57335,ifa,SD,IFA,IFA_02,IFA,,46053,,4620380,"IFA Omaha, NE-IA",0.0,no cell in the extract: territory at zero opportunity
ifa_mw_mndn_k2,57337,ifa,SD,IFA,IFA_02,IFA,,46097,,4621340,"IFA Omaha, NE-IA",0.0,no cell in the extract: territory at zero opportunity
ifa_mw_mndn_k2,57339,ifa,SD,IFA,IFA_02,IFA,,46017,,4622340,"IFA Omaha, NE-IA",0.0,no cell in the extract: territory at zero opportunity
ifa_mw_mndn_k2,57340,ifa,SD,IFA,IFA_02,IFA,,46061,33580,4623220,"IFA Omaha, NE-IA",0.0,no cell in the extract: territory at zero opportunity
ifa_mw_mndn_k2,57341,ifa,SD,IFA,IFA_02,IFA,,46017,,4623421,"IFA Omaha, NE-IA",0.0,no cell in the extract: territory at zero opportunity
ifa_mw_mndn_k2,57342,ifa,SD,IFA,IFA_02,IFA,,46023,,4623980,"IFA Omaha, NE-IA",0.0,no cell in the extract: territory at zero opportunity
ifa_mw_mndn_k2,57344,ifa,SD,IFA,IFA_02,IFA,,46043,,4627300,"IFA Omaha, NE-IA",0.0,no cell in the extract: territory at zero opportunity
ifa_mw_mndn_k2,57345,ifa,SD,IFA,IFA_02,IFA,,46069,,4628980,"IFA Omaha, NE-IA",0.0,no cell in the extract: territory at zero opportunity
ifa_mw_mndn_k2,57346,ifa,SD,IFA,IFA_02,IFA,,46069,,4661580,"IFA Omaha, NE-IA",0.0,no cell in the extract: territory at zero opportunity
ifa_mw_mndn_k2,57348,ifa,SD,IFA,IFA_02,IFA,,46005,26700,4629500,"IFA Omaha, NE-IA",0.0,no cell in the extract: territory at zero opportunity
ifa_mw_mndn_k2,57349,ifa,SD,IFA,IFA_02,IFA,,46097,,4667340,"IFA Omaha, NE-IA",0.00031818,
ifa_mw_mndn_k2,57350,ifa,SD,IFA,IFA_02,IFA,,46005,26700,4631060,"IFA Omaha, NE-IA",0.0,no cell in the extract: territory at zero opportunity
ifa_mw_mndn_k2,57353,ifa,SD,IFA,IFA_02,IFA,,46077,,4632020,"IFA Omaha, NE-IA",0.0,no cell in the extract: territory at zero opportunity
ifa_mw_mndn_k2,57354,ifa,SD,IFA,IFA_02,IFA,,46067,,4633380,"IFA Omaha, NE-IA",0.0,no cell in the extract: territory at zero opportunity
ifa_mw_mndn_k2,57355,ifa,SD,IFA,IFA_02,IFA,,46015,,4633980,"IFA Omaha, NE-IA",0.0,no cell in the extract: territory at zero opportunity
ifa_mw_mndn_k2,57356,ifa,SD,IFA,IFA_02,IFA,,46023,,4635671,"IFA Omaha, NE-IA",0.0,no cell in the extract: territory at zero opportunity
ifa_mw_mndn_k2,57358,ifa,SD,IFA,IFA_02,IFA,,46073,,4635780,"IFA Omaha, NE-IA",0.0,no cell in the extract: territory at zero opportunity
ifa_mw_mndn_k2,57359,ifa,SD,IFA,IFA_02,IFA,,46111,33580,4636620,"IFA Omaha, NE-IA",0.0,no cell in the extract: territory at zero opportunity
ifa_mw_mndn_k2,57361,ifa,SD,IFA,IFA_02,IFA,,46023,,4641180,"IFA Omaha, NE-IA",0.0,no cell in the extract: territory at zero opportunity
ifa_mw_mndn_k2,57362,ifa,SD,IFA,IFA_02,IFA,,46059,,4642460,"IFA Omaha, NE-IA",0.302272,
ifa_mw_mndn_k2,57363,ifa,SD,IFA,IFA_02,IFA,,46035,33580,4644100,"IFA Omaha, NE-IA",0.0,no cell in the extract: territory at zero opportunity
ifa_mw_mndn_k2,57364,ifa,SD,IFA,IFA_02,IFA,,46043,,4644940,"IFA Omaha, NE-IA",0.0,no cell in the extract: territory at zero opportunity
ifa_mw_mndn_k2,57365,ifa,SD,IFA,IFA_02,IFA,,46085,,4646180,"IFA Omaha, NE-IA",0.0,no cell in the extract: territory at zero opportunity
ifa_mw_mndn_k2,57366,ifa,SD,IFA,IFA_02,IFA,,46067,,4648460,"IFA Omaha, NE-IA",0.0,no cell in the extract: territory at zero opportunity
ifa_mw_mndn_k2,57367,ifa,SD,IFA,IFA_02,IFA,,46023,,4649460,"IFA Omaha, NE-IA",0.0,no cell in the extract: territory at zero opportunity
ifa_mw_mndn_k2,57368,ifa,SD,IFA,IFA_02,IFA,,46003,,4650020,"IFA Omaha, NE-IA",0.0,no cell in the extract: territory at zero opportunity
ifa_mw_mndn_k2,57369,ifa,SD,IFA,IFA_02,IFA,,46023,,4605580,"IFA Omaha, NE-IA",0.0,no cell in the extract: territory at zero opportunity
ifa_mw_mndn_k2,57370,ifa,SD,IFA,IFA_02,IFA,,46015,,4652220,"IFA Omaha, NE-IA",0.0,no cell in the extract: territory at zero opportunity
ifa_mw_mndn_k2,57371,ifa,SD,IFA,IFA_02,IFA,,46059,,4653940,"IFA Omaha, NE-IA",0.0,no cell in the extract: territory at zero opportunity
ifa_mw_mndn_k2,57373,ifa,SD,IFA,IFA_02,IFA,,46059,,4657180,"IFA Omaha, NE-IA",0.0,no cell in the extract: territory at zero opportunity
ifa_mw_mndn_k2,57374,ifa,SD,IFA,IFA_02,IFA,,46087,43620,4660060,"IFA Omaha, NE-IA",0.0,no cell in the extract: territory at zero opportunity
ifa_mw_mndn_k2,57375,ifa,SD,IFA,IFA_02,IFA,,46003,,4661700,"IFA Omaha, NE-IA",0.0,no cell in the extract: territory at zero opportunity
ifa_mw_mndn_k2,57376,ifa,SD,IFA,IFA_02,IFA,,46067,,4664020,"IFA Omaha, NE-IA",0.0,no cell in the extract: territory at zero opportunity
ifa_mw_mndn_k2,57379,ifa,SD,IFA,IFA_02,IFA,,46005,26700,4667500,"IFA Omaha, NE-IA",0.0,no cell in the extract: territory at zero opportunity
ifa_mw_mndn_k2,57380,ifa,SD,IFA,IFA_02,IFA,,46023,,4668020,"IFA Omaha, NE-IA",0.0,no cell in the extract: territory at zero opportunity
ifa_mw_mndn_k2,57381,ifa,SD,IFA,IFA_02,IFA,,46059,,4670140,"IFA Omaha, NE-IA",0.0,no cell in the extract: territory at zero opportunity
ifa_mw_mndn_k2,57382,ifa,SD,IFA,IFA_02,IFA,,46073,,4670220,"IFA Omaha, NE-IA",0.0,no cell in the extract: territory at zero opportunity
ifa_mw_mndn_k2,57383,ifa,SD,IFA,IFA_02,IFA,,46003,,4671180,"IFA Omaha, NE-IA",0.0,no cell in the extract: territory at zero opportunity
ifa_mw_mndn_k2,57384,ifa,SD,IFA,IFA_02,IFA,,46005,26700,4672540,"IFA Omaha, NE-IA",0.0,no cell in the extract: territory at zero opportunity
ifa_mw_mndn_k2,57385,ifa,SD,IFA,IFA_02,IFA,,46111,33580,4672700,"IFA Omaha, NE-IA",0.0,no cell in the extract: territory at zero opportunity
ifa_mw_mndn_k2,57386,ifa,SD,IFA,IFA_02,IFA,,46005,26700,4673020,"IFA Omaha, NE-IA",0.0,no cell in the extract: territory at zero opportunity
ifa_mw_mndn_k2,57401,ifa,SD,IFA,IFA_02,IFA,,46013,10100,4600100,"IFA Omaha, NE-IA",0.33171,
ifa_mw_mndn_k2,57420,ifa,SD,IFA,IFA_02,IFA,,46129,,4600540,"IFA Omaha, NE-IA",0.0,no cell in the extract: territory at zero opportunity
ifa_mw_mndn_k2,57421,ifa,SD,IFA,IFA_02,IFA,,46091,,,"IFA Omaha, NE-IA",0.0,no cell in the extract: territory at zero opportunity
ifa_mw_mndn_k2,57422,ifa,SD,IFA,IFA_02,IFA,,46037,,4601500,"IFA Omaha, NE-IA",0.0,no cell in the extract: territory at zero opportunity
ifa_mw_mndn_k2,57424,ifa,SD,IFA,IFA_02,IFA,,46115,,4602540,"IFA Omaha, NE-IA",0.0,no cell in the extract: territory at zero opportunity
ifa_mw_mndn_k2,57426,ifa,SD,IFA,IFA_02,IFA,,46013,10100,,"IFA Omaha, NE-IA",0.0,no cell in the extract: territory at zero opportunity
ifa_mw_mndn_k2,57427,ifa,SD,IFA,IFA_02,IFA,,46013,10100,4603900,"IFA Omaha, NE-IA",0.0,no cell in the extract: territory at zero opportunity
ifa_mw_mndn_k2,57428,ifa,SD,IFA,IFA_02,IFA,,46045,10100,4606540,"IFA Omaha, NE-IA",0.0,no cell in the extract: territory at zero opportunity
ifa_mw_mndn_k2,57429,ifa,SD,IFA,IFA_02,IFA,,46115,,4607060,"IFA Omaha, NE-IA",0.0,no cell in the extract: territory at zero opportunity
ifa_mw_mndn_k2,57430,ifa,SD,IFA,IFA_02,IFA,,46091,,4670646,"IFA Omaha, NE-IA",0.0,no cell in the extract: territory at zero opportunity
ifa_mw_mndn_k2,57432,ifa,SD,IFA,IFA_02,IFA,,46013,10100,4645024,"IFA Omaha, NE-IA",0.0,no cell in the extract: territory at zero opportunity
ifa_mw_mndn_k2,57433,ifa,SD,IFA,IFA_02,IFA,,46013,10100,4613420,"IFA Omaha, NE-IA",0.0,no cell in the extract: territory at zero opportunity
ifa_mw_mndn_k2,57434,ifa,SD,IFA,IFA_02,IFA,,46115,,4621380,"IFA Omaha, NE-IA",0.0,no cell in the extract: territory at zero opportunity
ifa_mw_mndn_k2,57435,ifa,SD,IFA,IFA_02,IFA,,46049,,4614580,"IFA Omaha, NE-IA",0.0,no cell in the extract: territory at zero opportunity
ifa_mw_mndn_k2,57436,ifa,SD,IFA,IFA_02,IFA,,46115,,4616820,"IFA Omaha, NE-IA",0.0,no cell in the extract: territory at zero opportunity
ifa_mw_mndn_k2,57437,ifa,SD,IFA,IFA_02,IFA,,46089,,4620180,"IFA Omaha, NE-IA",0.0,no cell in the extract: territory at zero opportunity
ifa_mw_mndn_k2,57438,ifa,SD,IFA,IFA_02,IFA,,46049,,4621260,"IFA Omaha, NE-IA",0.0,no cell in the extract: territory at zero opportunity
ifa_mw_mndn_k2,57439,ifa,SD,IFA,IFA_02,IFA,,46013,10100,4621380,"IFA Omaha, NE-IA",0.0,no cell in the extract: territory at zero opportunity
ifa_mw_mndn_k2,57440,ifa,SD,IFA,IFA_02,IFA,,46115,,4622580,"IFA Omaha, NE-IA",0.0,no cell in the extract: territory at zero opportunity
ifa_mw_mndn_k2,57441,ifa,SD,IFA,IFA_02,IFA,,46013,10100,4622860,"IFA Omaha, NE-IA",0.0,no cell in the extract: territory at zero opportunity
ifa_mw_mndn_k2,57442,ifa,SD,IFA,IFA_02,IFA,,46107,,4624260,"IFA Omaha, NE-IA",0.0,no cell in the extract: territory at zero opportunity
ifa_mw_mndn_k2,57445,ifa,SD,IFA,IFA_02,IFA,,46013,10100,4626340,"IFA Omaha, NE-IA",0.0,no cell in the extract: territory at zero opportunity
ifa_mw_mndn_k2,57446,ifa,SD,IFA,IFA_02,IFA,,46013,10100,4627980,"IFA Omaha, NE-IA",0.0,no cell in the extract: territory at zero opportunity
ifa_mw_mndn_k2,57448,ifa,SD,IFA,IFA_02,IFA,,46089,,4630140,"IFA Omaha, NE-IA",0.0,no cell in the extract: territory at zero opportunity
ifa_mw_mndn_k2,57449,ifa,SD,IFA,IFA_02,IFA,,46013,10100,,"IFA Omaha, NE-IA",0.0,no cell in the extract: territory at zero opportunity
ifa_mw_mndn_k2,57450,ifa,SD,IFA,IFA_02,IFA,,46107,,4630300,"IFA Omaha, NE-IA",0.0,no cell in the extract: territory at zero opportunity
ifa_mw_mndn_k2,57451,ifa,SD,IFA,IFA_02,IFA,,46045,10100,4642700,"IFA Omaha, NE-IA",0.0,no cell in the extract: territory at zero opportunity
ifa_mw_mndn_k2,57452,ifa,SD,IFA,IFA_02,IFA,,46129,,4632460,"IFA Omaha, NE-IA",0.0,no cell in the extract: territory at zero opportunity
ifa_mw_mndn_k2,57454,ifa,SD,IFA,IFA_02,IFA,,46091,,4635820,"IFA Omaha, NE-IA",0.0,no cell in the extract: territory at zero opportunity
ifa_mw_mndn_k2,57455,ifa,SD,IFA,IFA_02,IFA,,46107,,4636260,"IFA Omaha, NE-IA",0.0,no cell in the extract: territory at zero opportunity
ifa_mw_mndn_k2,57456,ifa,SD,IFA,IFA_02,IFA,,46089,,4636460,"IFA Omaha, NE-IA",0.0,no cell in the extract: territory at zero opportunity
ifa_mw_mndn_k2,57457,ifa,SD,IFA,IFA_02,IFA,,46089,,4638860,"IFA Omaha, NE-IA",0.0,no cell in the extract: territory at zero opportunity
ifa_mw_mndn_k2,57460,ifa,SD,IFA,IFA_02,IFA,,46013,10100,4640580,"IFA Omaha, NE-IA",0.0,no cell in the extract: territory at zero opportunity
ifa_mw_mndn_k2,57461,ifa,SD,IFA,IFA_02,IFA,,46115,,4641860,"IFA Omaha, NE-IA",0.0,no cell in the extract: territory at zero opportunity
ifa_mw_mndn_k2,57465,ifa,SD,IFA,IFA_02,IFA,,46115,,4645740,"IFA Omaha, NE-IA",0.0,no cell in the extract: territory at zero opportunity
ifa_mw_mndn_k2,57466,ifa,SD,IFA,IFA_02,IFA,,46049,,4646980,"IFA Omaha, NE-IA",0.0,no cell in the extract: territory at zero opportunity
ifa_mw_mndn_k2,57467,ifa,SD,IFA,IFA_02,IFA,,46059,,4647460,"IFA Omaha, NE-IA",0.0,no cell in the extract: territory at zero opportunity
ifa_mw_mndn_k2,57468,ifa,SD,IFA,IFA_02,IFA,,46037,,4649540,"IFA Omaha, NE-IA",0.0,no cell in the extract: territory at zero opportunity
ifa_mw_mndn_k2,57469,ifa,SD,IFA,IFA_02,IFA,,46115,,4653460,"IFA Omaha, NE-IA",0.0,no cell in the extract: territory at zero opportunity
ifa_mw_mndn_k2,57470,ifa,SD,IFA,IFA_02,IFA,,46059,,4655540,"IFA Omaha, NE-IA",0.0,no cell in the extract: territory at zero opportunity
ifa_mw_mndn_k2,57471,ifa,SD,IFA,IFA_02,IFA,,46045,10100,4655820,"IFA Omaha, NE-IA",0.0,no cell in the extract: territory at zero opportunity
ifa_mw_mndn_k2,57472,ifa,SD,IFA,IFA_02,IFA,,46129,,4658140,"IFA Omaha, NE-IA",0.0,no cell in the extract: territory at zero opportunity
ifa_mw_mndn_k2,57473,ifa,SD,IFA,IFA_02,IFA,,46049,,4658180,"IFA Omaha, NE-IA",0.0,no cell in the extract: territory at zero opportunity
ifa_mw_mndn_k2,57474,ifa,SD,IFA,IFA_02,IFA,,46013,10100,4662020,"IFA Omaha, NE-IA",0.0,no cell in the extract: territory at zero opportunity
ifa_mw_mndn_k2,57475,ifa,SD,IFA,IFA_02,IFA,,46107,,4663700,"IFA Omaha, NE-IA",0.0,no cell in the extract: territory at zero opportunity
ifa_mw_mndn_k2,57476,ifa,SD,IFA,IFA_02,IFA,,46115,,4664300,"IFA Omaha, NE-IA",0.0,no cell in the extract: territory at zero opportunity
ifa_mw_mndn_k2,57477,ifa,SD,IFA,IFA_02,IFA,,46115,,4664540,"IFA Omaha, NE-IA",0.0,no cell in the extract: territory at zero opportunity
ifa_mw_mndn_k2,57479,ifa,SD,IFA,IFA_02,IFA,,46013,10100,4668740,"IFA Omaha, NE-IA",0.0,no cell in the extract: territory at zero opportunity
ifa_mw_mndn_k2,57481,ifa,SD,IFA,IFA_02,IFA,,46013,10100,4638900,"IFA Omaha, NE-IA",0.0,no cell in the extract: territory at zero opportunity
ifa_mw_mndn_k2,57501,ifa,SD,IFA,IFA_02,IFA,,46065,38180,4649600,"IFA Omaha, NE-IA",0.0965693,
ifa_mw_mndn_k2,57520,ifa,SD,IFA,IFA_02,IFA,,46119,,4600460,"IFA Omaha, NE-IA",0.0,no cell in the extract: territory at zero opportunity
ifa_mw_mndn_k2,57521,ifa,SD,IFA,IFA_02,IFA,,46095,,4613840,"IFA Omaha, NE-IA",0.0,no cell in the extract: territory at zero opportunity
ifa_mw_mndn_k2,57522,ifa,SD,IFA,IFA_02,IFA,,46065,38180,4606180,"IFA Omaha, NE-IA",0.0,no cell in the extract: territory at zero opportunity
ifa_mw_mndn_k2,57523,ifa,SD,IFA,IFA_02,IFA,,46053,,4608700,"IFA Omaha, NE-IA",0.0,no cell in the extract: territory at zero opportunity
ifa_mw_mndn_k2,57528,ifa,SD,IFA,IFA_02,IFA,,46123,,4613300,"IFA Omaha, NE-IA",0.0,no cell in the extract: territory at zero opportunity
ifa_mw_mndn_k2,57529,ifa,SD,IFA,IFA_02,IFA,,46123,,4615300,"IFA Omaha, NE-IA",0.0,no cell in the extract: territory at zero opportunity
ifa_mw_mndn_k2,57531,ifa,SD,IFA,IFA_02,IFA,,46075,,4617020,"IFA Omaha, NE-IA",0.0,no cell in the extract: territory at zero opportunity
ifa_mw_mndn_k2,57532,ifa,SD,IFA,IFA_02,IFA,,46117,38180,4622260,"IFA Omaha, NE-IA",0.0,no cell in the extract: territory at zero opportunity
ifa_mw_mndn_k2,57533,ifa,SD,IFA,IFA_02,IFA,,46053,,4626180,"IFA Omaha, NE-IA",0.0,no cell in the extract: territory at zero opportunity
ifa_mw_mndn_k2,57534,ifa,SD,IFA,IFA_02,IFA,,46123,,4626660,"IFA Omaha, NE-IA",0.0,no cell in the extract: territory at zero opportunity
ifa_mw_mndn_k2,57536,ifa,SD,IFA,IFA_02,IFA,,46065,38180,4627420,"IFA Omaha, NE-IA",0.0,no cell in the extract: territory at zero opportunity
ifa_mw_mndn_k2,57537,ifa,SD,IFA,IFA_02,IFA,,46117,38180,,"IFA Omaha, NE-IA",0.0,no cell in the extract: territory at zero opportunity
ifa_mw_mndn_k2,57538,ifa,SD,IFA,IFA_02,IFA,,46053,,4628420,"IFA Omaha, NE-IA",0.0,no cell in the extract: territory at zero opportunity
ifa_mw_mndn_k2,57540,ifa,SD,IFA,IFA_02,IFA,,46069,,,"IFA Omaha, NE-IA",0.0,no cell in the extract: territory at zero opportunity
ifa_mw_mndn_k2,57541,ifa,SD,IFA,IFA_02,IFA,,46123,,4631220,"IFA Omaha, NE-IA",0.0,no cell in the extract: territory at zero opportunity
ifa_mw_mndn_k2,57543,ifa,SD,IFA,IFA_02,IFA,,46071,,4633180,"IFA Omaha, NE-IA",0.0,no cell in the extract: territory at zero opportunity
ifa_mw_mndn_k2,57544,ifa,SD,IFA,IFA_02,IFA,,46085,,4633580,"IFA Omaha, NE-IA",0.0,no cell in the extract: territory at zero opportunity
ifa_mw_mndn_k2,57547,ifa,SD,IFA,IFA_02,IFA,,46071,,,"IFA Omaha, NE-IA",0.0,no cell in the extract: territory at zero opportunity
ifa_mw_mndn_k2,57548,ifa,SD,IFA,IFA_02,IFA,,46085,,4670284,"IFA Omaha, NE-IA",0.0,no cell in the extract: territory at zero opportunity
ifa_mw_mndn_k2,57551,ifa,SD,IFA,IFA_02,IFA,,46007,,4641100,"IFA Omaha, NE-IA",0.0,no cell in the extract: territory at zero opportunity
ifa_mw_mndn_k2,57552,ifa,SD,IFA,IFA_02,IFA,,46055,,4642140,"IFA Omaha, NE-IA",0.0,no cell in the extract: territory at zero opportunity
ifa_mw_mndn_k2,57553,ifa,SD,IFA,IFA_02,IFA,,46055,,,"IFA Omaha, NE-IA",0.0,no cell in the extract: territory at zero opportunity
ifa_mw_mndn_k2,57555,ifa,SD,IFA,IFA_02,IFA,,46121,,4659700,"IFA Omaha, NE-IA",0.0,no cell in the extract: territory at zero opportunity
ifa_mw_mndn_k2,57559,ifa,SD,IFA,IFA_02,IFA,,46075,,4644260,"IFA Omaha, NE-IA",0.0,no cell in the extract: territory at zero opportunity
ifa_mw_mndn_k2,57560,ifa,SD,IFA,IFA_02,IFA,,46095,,4645420,"IFA Omaha, NE-IA",0.0,no cell in the extract: territory at zero opportunity
ifa_mw_mndn_k2,57562,ifa,SD,IFA,IFA_02,IFA,,46075,,4646620,"IFA Omaha, NE-IA",0.0,no cell in the extract: territory at zero opportunity
ifa_mw_mndn_k2,57563,ifa,SD,IFA,IFA_02,IFA,,46121,,4646660,"IFA Omaha, NE-IA",0.0,no cell in the extract: territory at zero opportunity
ifa_mw_mndn_k2,57564,ifa,SD,IFA,IFA_02,IFA,,46119,,4647180,"IFA Omaha, NE-IA",0.0,no cell in the extract: territory at zero opportunity
ifa_mw_mndn_k2,57566,ifa,SD,IFA,IFA_02,IFA,,46121,,4648500,"IFA Omaha, NE-IA",0.0,no cell in the extract: territory at zero opportunity
ifa_mw_mndn_k2,57567,ifa,SD,IFA,IFA_02,IFA,,46055,,4649300,"IFA Omaha, NE-IA",0.0,no cell in the extract: territory at zero opportunity
ifa_mw_mndn_k2,57568,ifa,SD,IFA,IFA_02,IFA,,46085,,4651820,"IFA Omaha, NE-IA",0.0,no cell in the extract: territory at zero opportunity
ifa_mw_mndn_k2,57569,ifa,SD,IFA,IFA_02,IFA,,46085,,4654020,"IFA Omaha, NE-IA",0.0,no cell in the extract: territory at zero opportunity
ifa_mw_mndn_k2,57570,ifa,SD,IFA,IFA_02,IFA,,46121,,4664840,"IFA Omaha, NE-IA",0.0,no cell in the extract: territory at zero opportunity
ifa_mw_mndn_k2,57571,ifa,SD,IFA,IFA_02,IFA,,46053,,4657060,"IFA Omaha, NE-IA",0.0,no cell in the extract: territory at zero opportunity
ifa_mw_mndn_k2,57572,ifa,SD,IFA,IFA_02,IFA,,46121,,4660500,"IFA Omaha, NE-IA",0.0,no cell in the extract: territory at zero opportunity
ifa_mw_mndn_k2,57574,ifa,SD,IFA,IFA_02,IFA,,46007,,,"IFA Omaha, NE-IA",0.0,no cell in the extract: territory at zero opportunity
ifa_mw_mndn_k2,57576,ifa,SD,IFA,IFA_02,IFA,,46085,,4667620,"IFA Omaha, NE-IA",0.0,no cell in the extract: territory at zero opportunity
ifa_mw_mndn_k2,57577,ifa,SD,IFA,IFA_02,IFA,,46071,,4668580,"IFA Omaha, NE-IA",0.0,no cell in the extract: territory at zero opportunity
ifa_mw_mndn_k2,57579,ifa,SD,IFA,IFA_02,IFA,,46095,,4630056,"IFA Omaha, NE-IA",0.0,no cell in the extract: territory at zero opportunity
ifa_mw_mndn_k2,57580,ifa,SD,IFA,IFA_02,IFA,,46123,,4646660,"IFA Omaha, NE-IA",0.0,no cell in the extract: territory at zero opportunity
ifa_mw_mndn_k2,57584,ifa,SD,IFA,IFA_02,IFA,,46123,,4645100,"IFA Omaha, NE-IA",0.0,no cell in the extract: territory at zero opportunity
ifa_mw_mndn_k2,57585,ifa,SD,IFA,IFA_02,IFA,,46095,,4672620,"IFA Omaha, NE-IA",0.0,no cell in the extract: territory at zero opportunity
ifa_mw_mndn_k2,57601,ifa,SD,IFA,IFA_02,IFA,,46041,,4643180,"IFA Omaha, NE-IA",0.0,no cell in the extract: territory at zero opportunity
ifa_mw_mndn_k2,57620,ifa,SD,IFA,IFA_02,IFA,,46105,,4605620,"IFA Omaha, NE-IA",0.0,no cell in the extract: territory at zero opportunity
ifa_mw_mndn_k2,57621,ifa,SD,IFA,IFA_02,IFA,,46031,,4608460,"IFA Omaha, NE-IA",0.0,no cell in the extract: territory at zero opportunity
ifa_mw_mndn_k2,57622,ifa,SD,IFA,IFA_02,IFA,,46137,,4611540,"IFA Omaha, NE-IA",0.0,no cell in the extract: territory at zero opportunity
ifa_mw_mndn_k2,57623,ifa,SD,IFA,IFA_02,IFA,,46137,,4617420,"IFA Omaha, NE-IA",0.0,no cell in the extract: territory at zero opportunity
ifa_mw_mndn_k2,57625,ifa,SD,IFA,IFA_02,IFA,,46041,,4645548,"IFA Omaha, NE-IA",0.0,no cell in the extract: territory at zero opportunity
ifa_mw_mndn_k2,57626,ifa,SD,IFA,IFA_02,IFA,,46105,,4620980,"IFA Omaha, NE-IA",0.0,no cell in the extract: territory at zero opportunity
ifa_mw_mndn_k2,57630,ifa,SD,IFA,IFA_02,IFA,,46041,,4671140,"IFA Omaha, NE-IA",0.0,no cell in the extract: territory at zero opportunity
ifa_mw_mndn_k2,57631,ifa,SD,IFA,IFA_02,IFA,,46129,,4624620,"IFA Omaha, NE-IA",0.0,no cell in the extract: territory at zero opportunity
ifa_mw_mndn_k2,57632,ifa,SD,IFA,IFA_02,IFA,,46021,,4628340,"IFA Omaha, NE-IA",0.0,no cell in the extract: territory at zero opportunity
ifa_mw_mndn_k2,57633,ifa,SD,IFA,IFA_02,IFA,,46031,,4632140,"IFA Omaha, NE-IA",0.0,no cell in the extract: territory at zero opportunity
ifa_mw_mndn_k2,57634,ifa,SD,IFA,IFA_02,IFA,,46031,,,"IFA Omaha, NE-IA",0.0,no cell in the extract: territory at zero opportunity
ifa_mw_mndn_k2,57636,ifa,SD,IFA,IFA_02,IFA,,46041,,4635900,"IFA Omaha, NE-IA",0.0,no cell in the extract: territory at zero opportunity
ifa_mw_mndn_k2,57638,ifa,SD,IFA,IFA_02,IFA,,46105,,4636340,"IFA Omaha, NE-IA",0.0,no cell in the extract: territory at zero opportunity
ifa_mw_mndn_k2,57639,ifa,SD,IFA,IFA_02,IFA,,46031,,4637900,"IFA Omaha, NE-IA",0.0,no cell in the extract: territory at zero opportunity
ifa_mw_mndn_k2,57640,ifa,SD,IFA,IFA_02,IFA,,46105,,,"IFA Omaha, NE-IA",0.0,no cell in the extract: territory at zero opportunity
ifa_mw_mndn_k2,57641,ifa,SD,IFA,IFA_02,IFA,,46031,,4639940,"IFA Omaha, NE-IA",0.0,no cell in the extract: territory at zero opportunity
ifa_mw_mndn_k2,57642,ifa,SD,IFA,IFA_02,IFA,,46031,,4633540,"IFA Omaha, NE-IA",0.0,no cell in the extract: territory at zero opportunity
ifa_mw_mndn_k2,57644,ifa,SD,IFA,IFA_02,IFA,,46105,,,"IFA Omaha, NE-IA",0.0,no cell in the extract: territory at zero opportunity
ifa_mw_mndn_k2,57645,ifa,SD,IFA,IFA_02,IFA,,46031,,4643860,"IFA Omaha, NE-IA",0.0,no cell in the extract: territory at zero opportunity
ifa_mw_mndn_k2,57646,ifa,SD,IFA,IFA_02,IFA,,46021,,4644020,"IFA Omaha, NE-IA",0.0,no cell in the extract: territory at zero opportunity
ifa_mw_mndn_k2,57648,ifa,ND,IFA,IFA_02,IFA,,38029,,4651260,"IFA Omaha, NE-IA",0.0,no cell in the extract: territory at zero opportunity
ifa_mw_mndn_k2,57649,ifa,SD,IFA,IFA_02,IFA,,46105,,4651660,"IFA Omaha, NE-IA",0.0,no cell in the extract: territory at zero opportunity
ifa_mw_mndn_k2,57650,ifa,SD,IFA,IFA_02,IFA,,46063,,,"IFA Omaha, NE-IA",0.0,no cell in the extract: territory at zero opportunity
ifa_mw_mndn_k2,57651,ifa,SD,IFA,IFA_02,IFA,,46063,,,"IFA Omaha, NE-IA",0.0,no cell in the extract: territory at zero opportunity
ifa_mw_mndn_k2,57652,ifa,SD,IFA,IFA_02,IFA,,46041,,4635940,"IFA Omaha, NE-IA",0.0,no cell in the extract: territory at zero opportunity
ifa_mw_mndn_k2,57656,ifa,SD,IFA,IFA_02,IFA,,46041,,4663620,"IFA Omaha, NE-IA",0.0,no cell in the extract: territory at zero opportunity
ifa_mw_mndn_k2,57657,ifa,SD,IFA,IFA_02,IFA,,46031,,,"IFA Omaha, NE-IA",0.0,no cell in the extract: territory at zero opportunity
ifa_mw_mndn_k2,57658,ifa,SD,IFA,IFA_02,IFA,,46031,,4668140,"IFA Omaha, NE-IA",0.0,no cell in the extract: territory at zero opportunity
ifa_mw_mndn_k2,57659,ifa,SD,IFA,IFA_02,IFA,,46031,,,"IFA Omaha, NE-IA",0.0,no cell in the extract: territory at zero opportunity
ifa_mw_mndn_k2,57660,ifa,SD,IFA,IFA_02,IFA,,46031,,,"IFA Omaha, NE-IA",0.0,no cell in the extract: territory at zero opportunity
ifa_mw_mndn_k2,57661,ifa,SD,IFA,IFA_02,IFA,,46041,,4671140,"IFA Omaha, NE-IA",0.0,no cell in the extract: territory at zero opportunity
ifa_mw_mndn_k2,57701,ifa,SD,IFA,IFA_02,IFA,,46103,39660,4652980,"IFA Omaha, NE-IA",7.57177,
ifa_mw_mndn_k2,57702,ifa,SD,IFA,IFA_02,IFA,,46103,39660,4652980,"IFA Omaha, NE-IA",9.82912,
ifa_mw_mndn_k2,57703,ifa,SD,IFA,IFA_02,IFA,,46103,39660,4652980,"IFA Omaha, NE-IA",0.0,no cell in the extract: territory at zero opportunity
ifa_mw_mndn_k2,57706,ifa,SD,IFA,IFA_02,IFA,,46093,39660,4606620,"IFA Omaha, NE-IA",0.0,no cell in the extract: territory at zero opportunity
ifa_mw_mndn_k2,57714,ifa,SD,IFA,IFA_02,IFA,,46007,,4600900,"IFA Omaha, NE-IA",0.0,no cell in the extract: territory at zero opportunity
ifa_mw_mndn_k2,57716,ifa,SD,IFA,IFA_02,IFA,,46102,,4603860,"IFA Omaha, NE-IA",0.0,no cell in the extract: territory at zero opportunity
ifa_mw_mndn_k2,57717,ifa,SD,IFA,IFA_02,IFA,,46019,,4604380,"IFA Omaha, NE-IA",0.0,no cell in the extract: territory at zero opportunity
ifa_mw_mndn_k2,57718,ifa,SD,IFA,IFA_02,IFA,,46093,39660,4605780,"IFA Omaha, NE-IA",0.0,no cell in the extract: territory at zero opportunity
ifa_mw_mndn_k2,57719,ifa,SD,IFA,IFA_02,IFA,,46093,39660,4606620,"IFA Omaha, NE-IA",0.0,no cell in the extract: territory at zero opportunity
ifa_mw_mndn_k2,57720,ifa,SD,IFA,IFA_02,IFA,,46063,,4608140,"IFA Omaha, NE-IA",0.0,no cell in the extract: territory at zero opportunity
ifa_mw_mndn_k2,57722,ifa,SD,IFA,IFA_02,IFA,,46102,,4608340,"IFA Omaha, NE-IA",0.0,no cell in the extract: territory at zero opportunity
ifa_mw_mndn_k2,57724,ifa,SD,IFA,IFA_02,IFA,,46063,,4609260,"IFA Omaha, NE-IA",0.0,no cell in the extract: territory at zero opportunity
ifa_mw_mndn_k2,57725,ifa,SD,IFA,IFA_02,IFA,,46103,39660,4609780,"IFA Omaha, NE-IA",0.0,no cell in the extract: territory at zero opportunity
ifa_mw_mndn_k2,57730,ifa,SD,IFA,IFA_02,IFA,,46033,39660,4615140,"IFA Omaha, NE-IA",2.34259,
ifa_mw_mndn_k2,57732,ifa,SD,IFA,IFA_02,IFA,,46081,43940,4615700,"IFA Omaha, NE-IA",0.0,no cell in the extract: territory at zero opportunity
ifa_mw_mndn_k2,57735,ifa,SD,IFA,IFA_02,IFA,,46047,,4618300,"IFA Omaha, NE-IA",0.0,no cell in the extract: territory at zero opportunity
ifa_mw_mndn_k2,57737,ifa,SD,IFA,IFA_02,IFA,,46093,39660,,"IFA Omaha, NE-IA",0.0,no cell in the extract: territory at zero opportunity
ifa_mw_mndn_k2,57738,ifa,SD,IFA,IFA_02,IFA,,46033,39660,4620340,"IFA Omaha, NE-IA",0.0,no cell in the extract: territory at zero opportunity
ifa_mw_mndn_k2,57741,ifa,SD,IFA,IFA_02,IFA,,46093,39660,,"IFA Omaha, NE-IA",0.0,no cell in the extract: territory at zero opportunity
ifa_mw_mndn_k2,57744,ifa,SD,IFA,IFA_02,IFA,,46033,39660,4628300,"IFA Omaha, NE-IA",0.0,no cell in the extract: territory at zero opportunity
ifa_mw_mndn_k2,57745,ifa,SD,IFA,IFA_02,IFA,,46103,39660,4629100,"IFA Omaha, NE-IA",0.0,no cell in the extract: territory at zero opportunity
ifa_mw_mndn_k2,57747,ifa,SD,IFA,IFA_02,IFA,,46047,,4601560,"IFA Omaha, NE-IA",0.0,no cell in the extract: territory at zero opportunity
ifa_mw_mndn_k2,57748,ifa,SD,IFA,IFA_02,IFA,,46093,39660,4607140,"IFA Omaha, NE-IA",0.0,no cell in the extract: territory at zero opportunity
ifa_mw_mndn_k2,57750,ifa,SD,IFA,IFA_02,IFA,,46071,,4631620,"IFA Omaha, NE-IA",0.0,no cell in the extract: territory at zero opportunity
ifa_mw_mndn_k2,57751,ifa,SD,IFA,IFA_02,IFA,,46103,39660,4633820,"IFA Omaha, NE-IA",0.0,no cell in the extract: territory at zero opportunity
ifa_mw_mndn_k2,57752,ifa,SD,IFA,IFA_02,IFA,,46102,,4634460,"IFA Omaha, NE-IA",0.0,no cell in the extract: territory at zero opportunity
ifa_mw_mndn_k2,57754,ifa,SD,IFA,IFA_02,IFA,,46081,43940,4636220,"IFA Omaha, NE-IA",0.0,no cell in the extract: territory at zero opportunity
ifa_mw_mndn_k2,57755,ifa,SD,IFA,IFA_02,IFA,,46063,,,"IFA Omaha, NE-IA",0.0,no cell in the extract: territory at zero opportunity
ifa_mw_mndn_k2,57756,ifa,SD,IFA,IFA_02,IFA,,46102,,4640550,"IFA Omaha, NE-IA",0.0,no cell in the extract: territory at zero opportunity
ifa_mw_mndn_k2,57758,ifa,SD,IFA,IFA_02,IFA,,46093,39660,,"IFA Omaha, NE-IA",0.0,no cell in the extract: territory at zero opportunity
ifa_mw_mndn_k2,57759,ifa,SD,IFA,IFA_02,IFA,,46081,43940,,"IFA Omaha, NE-IA",0.0,no cell in the extract: territory at zero opportunity
ifa_mw_mndn_k2,57760,ifa,SD,IFA,IFA_02,IFA,,46019,,4644860,"IFA Omaha, NE-IA",0.0,no cell in the extract: territory at zero opportunity
ifa_mw_mndn_k2,57761,ifa,SD,IFA,IFA_02,IFA,,46093,39660,4645060,"IFA Omaha, NE-IA",0.0,no cell in the extract: territory at zero opportunity
ifa_mw_mndn_k2,57762,ifa,SD,IFA,IFA_02,IFA,,46019,,4645180,"IFA Omaha, NE-IA",0.0,no cell in the extract: territory at zero opportunity
ifa_mw_mndn_k2,57763,ifa,SD,IFA,IFA_02,IFA,,46047,,4646500,"IFA Omaha, NE-IA",0.0,no cell in the extract: territory at zero opportunity
ifa_mw_mndn_k2,57764,ifa,SD,IFA,IFA_02,IFA,,46102,,4646540,"IFA Omaha, NE-IA",0.0,no cell in the extract: territory at zero opportunity
ifa_mw_mndn_k2,57766,ifa,SD,IFA,IFA_02,IFA,,46047,,4647340,"IFA Omaha, NE-IA",0.0,no cell in the extract: territory at zero opportunity
ifa_mw_mndn_k2,57767,ifa,SD,IFA,IFA_02,IFA,,46093,39660,,"IFA Omaha, NE-IA",0.0,no cell in the extract: territory at zero opportunity
ifa_mw_mndn_k2,57769,ifa,SD,IFA,IFA_02,IFA,,46093,39660,4649500,"IFA Omaha, NE-IA",0.0,no cell in the extract: territory at zero opportunity
ifa_mw_mndn_k2,57770,ifa,SD,IFA,IFA_02,IFA,,46102,,4649660,"IFA Omaha, NE-IA",0.0,no cell in the extract: territory at zero opportunity
ifa_mw_mndn_k2,57772,ifa,SD,IFA,IFA_02,IFA,,46102,,4651340,"IFA Omaha, NE-IA",0.0,no cell in the extract: territory at zero opportunity
ifa_mw_mndn_k2,57773,ifa,SD,IFA,IFA_02,IFA,,46033,39660,4651940,"IFA Omaha, NE-IA",0.0,no cell in the extract: territory at zero opportunity
ifa_mw_mndn_k2,57775,ifa,SD,IFA,IFA_02,IFA,,46103,39660,4652500,"IFA Omaha, NE-IA",0.0,no cell in the extract: territory at zero opportunity
ifa_mw_mndn_k2,57776,ifa,SD,IFA,IFA_02,IFA,,46063,,,"IFA Omaha, NE-IA",0.0,no cell in the extract: territory at zero opportunity
ifa_mw_mndn_k2,57779,ifa,SD,IFA,IFA_02,IFA,,46081,43940,4657260,"IFA Omaha, NE-IA",0.0,no cell in the extract: territory at zero opportunity
ifa_mw_mndn_k2,57780,ifa,SD,IFA,IFA_02,IFA,,46103,39660,,"IFA Omaha, NE-IA",0.0,no cell in the extract: territory at zero opportunity
ifa_mw_mndn_k2,57782,ifa,SD,IFA,IFA_02,IFA,,46047,,4659620,"IFA Omaha, NE-IA",0.0,no cell in the extract: territory at zero opportunity
ifa_mw_mndn_k2,57783,ifa,SD,IFA,IFA_02,IFA,,46081,43940,4660020,"IFA Omaha, NE-IA",0.706031,
ifa_mw_mndn_k2,57785,ifa,SD,IFA,IFA_02,IFA,,46093,39660,4662100,"IFA Omaha, NE-IA",0.0,no cell in the extract: territory at zero opportunity
ifa_mw_mndn_k2,57787,ifa,SD,IFA,IFA_02,IFA,,46093,39660,,"IFA Omaha, NE-IA",0.0,no cell in the extract: territory at zero opportunity
ifa_mw_mndn_k2,57788,ifa,SD,IFA,IFA_02,IFA,,46019,,4665900,"IFA Omaha, NE-IA",0.0,no cell in the extract: territory at zero opportunity
ifa_mw_mndn_k2,57790,ifa,SD,IFA,IFA_02,IFA,,46103,39660,4668380,"IFA Omaha, NE-IA",0.0,no cell in the extract: territory at zero opportunity
ifa_mw_mndn_k2,57791,ifa,SD,IFA,IFA_02,IFA,,46093,39660,4669140,"IFA Omaha, NE-IA",0.0,no cell in the extract: territory at zero opportunity
ifa_mw_mndn_k2,57792,ifa,SD,IFA,IFA_02,IFA,,46093,39660,,"IFA Omaha, NE-IA",0.0,no cell in the extract: territory at zero opportunity
ifa_mw_mndn_k2,57793,ifa,SD,IFA,IFA_02,IFA,,46081,43940,4660020,"IFA Omaha, NE-IA",2.01026,
ifa_mw_mndn_k2,57794,ifa,SD,IFA,IFA_02,IFA,,46102,,4672900,"IFA Omaha, NE-IA",0.0,no cell in the extract: territory at zero opportunity
ifa_mw_mndn_k2,57799,ifa,SD,IFA,IFA_02,IFA,,46081,43940,4660020,"IFA Omaha, NE-IA",0.0,no cell in the extract: territory at zero opportunity
ifa_mw_mndn_k2,58001,ifa,ND,IFA,IFA_02,IFA,,38077,47420,3800100,"IFA Omaha, NE-IA",0.0,no cell in the extract: territory at zero opportunity
ifa_mw_mndn_k2,58002,ifa,ND,IFA,IFA_02,IFA,,38017,22020,,"IFA Omaha, NE-IA",0.0,no cell in the extract: territory at zero opportunity
ifa_mw_mndn_k2,58004,ifa,ND,IFA,IFA_02,IFA,,38017,22020,3801940,"IFA Omaha, NE-IA",0.0,no cell in the extract: territory at zero opportunity
ifa_mw_mndn_k2,58005,ifa,ND,IFA,IFA_02,IFA,,38017,22020,3803020,"IFA Omaha, NE-IA",0.0,no cell in the extract: territory at zero opportunity
ifa_mw_mndn_k2,58006,ifa,ND,IFA,IFA_02,IFA,,38017,22020,3803300,"IFA Omaha, NE-IA",0.0,no cell in the extract: territory at zero opportunity
ifa_mw_mndn_k2,58007,ifa,ND,IFA,IFA_02,IFA,,38017,22020,3804020,"IFA Omaha, NE-IA",0.0,no cell in the extract: territory at zero opportunity
ifa_mw_mndn_k2,58008,ifa,ND,IFA,IFA_02,IFA,,38077,47420,3804940,"IFA Omaha, NE-IA",0.0,no cell in the extract: territory at zero opportunity
ifa_mw_mndn_k2,58009,ifa,ND,IFA,IFA_02,IFA,,38097,,3807620,"IFA Omaha, NE-IA",0.0,no cell in the extract: territory at zero opportunity
ifa_mw_mndn_k2,58011,ifa,ND,IFA,IFA_02,IFA,,38017,22020,3810420,"IFA Omaha, NE-IA",0.0,no cell in the extract: territory at zero opportunity
ifa_mw_mndn_k2,58012,ifa,ND,IFA,IFA_02,IFA,,38017,22020,3812700,"IFA Omaha, NE-IA",0.0,no cell in the extract: territory at zero opportunity
ifa_mw_mndn_k2,58013,ifa,ND,IFA,IFA_02,IFA,,38081,,3813020,"IFA Omaha, NE-IA",0.0,no cell in the extract: territory at zero opportunity
ifa_mw_mndn_k2,58015,ifa,ND,IFA,IFA_02,IFA,,38077,47420,3814100,"IFA Omaha, NE-IA",0.0,no cell in the extract: territory at zero opportunity
ifa_mw_mndn_k2,58016,ifa,ND,IFA,IFA_02,IFA,,38097,,3814740,"IFA Omaha, NE-IA",0.0,no cell in the extract: territory at zero opportunity
ifa_mw_mndn_k2,58017,ifa,ND,IFA,IFA_02,IFA,,38081,,3815100,"IFA Omaha, NE-IA",0.0,no cell in the extract: territory at zero opportunity
ifa_mw_mndn_k2,58018,ifa,ND,IFA,IFA_02,IFA,,38077,47420,3815180,"IFA Omaha, NE-IA",0.0,no cell in the extract: territory at zero opportunity
ifa_mw_mndn_k2,58021,ifa,ND,IFA,IFA_02,IFA,,38017,22020,3838900,"IFA Omaha, NE-IA",0.0,no cell in the extract: territory at zero opportunity
ifa_mw_mndn_k2,58027,ifa,ND,IFA,IFA_02,IFA,,38073,,3824260,"IFA Omaha, NE-IA",0.0,no cell in the extract: territory at zero opportunity
ifa_mw_mndn_k2,58029,ifa,ND,IFA,IFA_02,IFA,,38017,22020,3824620,"IFA Omaha, NE-IA",0.0,no cell in the extract: territory at zero opportunity
ifa_mw_mndn_k2,58030,ifa,ND,IFA,IFA_02,IFA,,38077,47420,3825300,"IFA Omaha, NE-IA",0.0,no cell in the extract: territory at zero opportunity
ifa_mw_mndn_k2,58031,ifa,ND,IFA,IFA_02,IFA,,38017,22020,3801420,"IFA Omaha, NE-IA",0.0,no cell in the extract: territory at zero opportunity
ifa_mw_mndn_k2,58032,ifa,ND,IFA,IFA_02,IFA,,38081,,3827260,"IFA Omaha, NE-IA",0.0,no cell in the extract: territory at zero opportunity
ifa_mw_mndn_k2,58033,ifa,ND,IFA,IFA_02,IFA,,38073,,3824380,"IFA Omaha, NE-IA",0.0,no cell in the extract: territory at zero opportunity
ifa_mw_mndn_k2,58035,ifa,ND,IFA,IFA_02,IFA,,38097,,3828980,"IFA Omaha, NE-IA",0.0,no cell in the extract: territory at zero opportunity
ifa_mw_mndn_k2,58036,ifa,ND,IFA,IFA_02,IFA,,38017,22020,3829220,"IFA Omaha, NE-IA",0.0,no cell in the extract: territory at zero opportunity
ifa_mw_mndn_k2,58038,ifa,ND,IFA,IFA_02,IFA,,38097,,3832300,"IFA Omaha, NE-IA",0.0,no cell in the extract: territory at zero opportunity
ifa_mw_mndn_k2,58040,ifa,ND,IFA,IFA_02,IFA,,38081,,3834020,"IFA Omaha, NE-IA",0.0,no cell in the extract: territory at zero opportunity
ifa_mw_mndn_k2,58041,ifa,ND,IFA,IFA_02,IFA,,38077,47420,3834900,"IFA Omaha, NE-IA",0.0,no cell in the extract: territory at zero opportunity
ifa_mw_mndn_k2,58042,ifa,ND,IFA,IFA_02,IFA,,38017,22020,3835940,"IFA Omaha, NE-IA",0.0,no cell in the extract: territory at zero opportunity
ifa_mw_mndn_k2,58043,ifa,ND,IFA,IFA_02,IFA,,38081,,3836140,"IFA Omaha, NE-IA",0.0,no cell in the extract: territory at zero opportunity
ifa_mw_mndn_k2,58045,ifa,ND,IFA,IFA_02,IFA,,38097,,3838100,"IFA Omaha, NE-IA",0.0,no cell in the extract: territory at zero opportunity
ifa_mw_mndn_k2,58046,ifa,ND,IFA,IFA_02,IFA,,38091,,3838860,"IFA Omaha, NE-IA",0.0,no cell in the extract: territory at zero opportunity
ifa_mw_mndn_k2,58047,ifa,ND,IFA,IFA_02,IFA,,38017,22020,3838900,"IFA Omaha, NE-IA",0.0,no cell in the extract: territory at zero opportunity
ifa_mw_mndn_k2,58048,ifa,ND,IFA,IFA_02,IFA,,38017,22020,3839460,"IFA Omaha, NE-IA",0.0,no cell in the extract: territory at zero opportunity
ifa_mw_mndn_k2,58049,ifa,ND,IFA,IFA_02,IFA,,38003,,3841500,"IFA Omaha, NE-IA",0.0,no cell in the extract: territory at zero opportunity
ifa_mw_mndn_k2,58051,ifa,ND,IFA,IFA_02,IFA,,38017,22020,3842780,"IFA Omaha, NE-IA",0.0,no cell in the extract: territory at zero opportunity
ifa_mw_mndn_k2,58052,ifa,ND,IFA,IFA_02,IFA,,38017,22020,3845980,"IFA Omaha, NE-IA",0.0,no cell in the extract: territory at zero opportunity
ifa_mw_mndn_k2,58053,ifa,ND,IFA,IFA_02,IFA,,38077,47420,3846460,"IFA Omaha, NE-IA",0.0,no cell in the extract: territory at zero opportunity
ifa_mw_mndn_k2,58054,ifa,ND,IFA,IFA_02,IFA,,38073,,3847100,"IFA Omaha, NE-IA",0.0,no cell in the extract: territory at zero opportunity
ifa_mw_mndn_k2,58056,ifa,ND,IFA,IFA_02,IFA,,38091,,3848580,"IFA Omaha, NE-IA",0.0,no cell in the extract: territory at zero opportunity
ifa_mw_mndn_k2,58057,ifa,ND,IFA,IFA_02,IFA,,38077,47420,3849540,"IFA Omaha, NE-IA",0.0,no cell in the extract: territory at zero opportunity
ifa_mw_mndn_k2,58058,ifa,ND,IFA,IFA_02,IFA,,38077,47420,3850380,"IFA Omaha, NE-IA",0.0,no cell in the extract: territory at zero opportunity
ifa_mw_mndn_k2,58059,ifa,ND,IFA,IFA_02,IFA,,38017,22020,3850580,"IFA Omaha, NE-IA",0.0,no cell in the extract: territory at zero opportunity
ifa_mw_mndn_k2,58060,ifa,ND,IFA,IFA_02,IFA,,38081,,3852940,"IFA Omaha, NE-IA",0.0,no cell in the extract: territory at zero opportunity
ifa_mw_mndn_k2,58061,ifa,ND,IFA,IFA_02,IFA,,38077,47420,3854220,"IFA Omaha, NE-IA",0.0,no cell in the extract: territory at zero opportunity
ifa_mw_mndn_k2,58062,ifa,ND,IFA,IFA_02,IFA,,38003,,3857180,"IFA Omaha, NE-IA",0.0,no cell in the extract: territory at zero opportunity
ifa_mw_mndn_k2,58063,ifa,ND,IFA,IFA_02,IFA,,38003,,3859660,"IFA Omaha, NE-IA",0.0,no cell in the extract: territory at zero opportunity
ifa_mw_mndn_k2,58064,ifa,ND,IFA,IFA_02,IFA,,38017,22020,3860500,"IFA Omaha, NE-IA",0.0,no cell in the extract: territory at zero opportunity
ifa_mw_mndn_k2,58065,ifa,ND,IFA,IFA_02,IFA,,38003,,3862540,"IFA Omaha, NE-IA",0.0,no cell in the extract: territory at zero opportunity
ifa_mw_mndn_k2,58067,ifa,ND,IFA,IFA_02,IFA,,38081,,3869340,"IFA Omaha, NE-IA",0.0,no cell in the extract: territory at zero opportunity
ifa_mw_mndn_k2,58068,ifa,ND,IFA,IFA_02,IFA,,38073,,3872180,"IFA Omaha, NE-IA",0.0,no cell in the extract: territory at zero opportunity
ifa_mw_mndn_k2,58069,ifa,ND,IFA,IFA_02,IFA,,38081,,3834020,"IFA Omaha, NE-IA",0.0,no cell in the extract: territory at zero opportunity
ifa_mw_mndn_k2,58071,ifa,ND,IFA,IFA_02,IFA,,38017,22020,3879340,"IFA Omaha, NE-IA",0.0,no cell in the extract: territory at zero opportunity
ifa_mw_mndn_k2,58072,ifa,ND,IFA,IFA_02,IFA,,38003,,3881180,"IFA Omaha, NE-IA",8.36757,
ifa_mw_mndn_k2,58074,ifa,ND,IFA,IFA_02,IFA,,38077,47420,,"IFA Omaha, NE-IA",0.0,no cell in the extract: territory at zero opportunity
ifa_mw_mndn_k2,58075,ifa,ND,IFA,IFA_02,IFA,,38077,47420,3882660,"IFA Omaha, NE-IA",0.0,no cell in the extract: territory at zero opportunity
ifa_mw_mndn_k2,58076,ifa,ND,IFA,IFA_02,IFA,,38077,47420,3882660,"IFA Omaha, NE-IA",0.0,no cell in the extract: territory at zero opportunity
ifa_mw_mndn_k2,58077,ifa,ND,IFA,IFA_02,IFA,,38077,47420,3882780,"IFA Omaha, NE-IA",0.0,no cell in the extract: territory at zero opportunity
ifa_mw_mndn_k2,58078,ifa,ND,IFA,IFA_02,IFA,,38017,22020,3884780,"IFA Omaha, NE-IA",3.44365,
ifa_mw_mndn_k2,58079,ifa,ND,IFA,IFA_02,IFA,,38017,22020,3885180,"IFA Omaha, NE-IA",0.0,no cell in the extract: territory at zero opportunity
ifa_mw_mndn_k2,58081,ifa,ND,IFA,IFA_02,IFA,,38077,47420,3887740,"IFA Omaha, NE-IA",0.0,no cell in the extract: territory at zero opportunity
ifa_mw_mndn_k2,58102,ifa,ND,IFA,IFA_02,IFA,,38017,22020,3825700,"IFA Omaha, NE-IA",2.21847,
ifa_mw_mndn_k2,58103,ifa,ND,IFA,IFA_02,IFA,,38017,22020,3825700,"IFA Omaha, NE-IA",11.4401,
ifa_mw_mndn_k2,58104,ifa,ND,IFA,IFA_02,IFA,,38017,22020,3825700,"IFA Omaha, NE-IA",24.4462,
ifa_mw_mndn_k2,58105,ifa,ND,IFA,IFA_02,IFA,,38017,22020,3825700,"IFA Omaha, NE-IA",0.0,no cell in the extract: territory at zero opportunity
ifa_mw_mndn_k2,58201,ifa,ND,IFA,IFA_02,IFA,,38035,24220,3832060,"IFA Omaha, NE-IA",1.08649,
ifa_mw_mndn_k2,58202,ifa,ND,IFA,IFA_02,IFA,,38035,24220,3832060,"IFA Omaha, NE-IA",0.0,no cell in the extract: territory at zero opportunity
ifa_mw_mndn_k2,58203,ifa,ND,IFA,IFA_02,IFA,,38035,24220,3832060,"IFA Omaha, NE-IA",0.0,no cell in the extract: territory at zero opportunity
ifa_mw_mndn_k2,58204,ifa,ND,IFA,IFA_02,IFA,,38035,24220,3832140,"IFA Omaha, NE-IA",0.0,no cell in the extract: territory at zero opportunity
ifa_mw_mndn_k2,58205,ifa,ND,IFA,IFA_02,IFA,,38035,24220,3832140,"IFA Omaha, NE-IA",0.0,no cell in the extract: territory at zero opportunity
ifa_mw_mndn_k2,58210,ifa,ND,IFA,IFA_02,IFA,,38099,,3800340,"IFA Omaha, NE-IA",0.0,no cell in the extract: territory at zero opportunity
ifa_mw_mndn_k2,58212,ifa,ND,IFA,IFA_02,IFA,,38063,,3802380,"IFA Omaha, NE-IA",0.0,no cell in the extract: territory at zero opportunity
ifa_mw_mndn_k2,58214,ifa,ND,IFA,IFA_02,IFA,,38035,24220,,"IFA Omaha, NE-IA",0.0,no cell in the extract: territory at zero opportunity
ifa_mw_mndn_k2,58216,ifa,ND,IFA,IFA_02,IFA,,38067,,3805260,"IFA Omaha, NE-IA",0.0,no cell in the extract: territory at zero opportunity
ifa_mw_mndn_k2,58218,ifa,ND,IFA,IFA_02,IFA,,38097,,3811340,"IFA Omaha, NE-IA",0.0,no cell in the extract: territory at zero opportunity
ifa_mw_mndn_k2,58219,ifa,ND,IFA,IFA_02,IFA,,38097,,3811500,"IFA Omaha, NE-IA",0.0,no cell in the extract: territory at zero opportunity
ifa_mw_mndn_k2,58220,ifa,ND,IFA,IFA_02,IFA,,38067,,3812940,"IFA Omaha, NE-IA",0.0,no cell in the extract: territory at zero opportunity
ifa_mw_mndn_k2,58222,ifa,ND,IFA,IFA_02,IFA,,38067,,3817060,"IFA Omaha, NE-IA",0.0,no cell in the extract: territory at zero opportunity
ifa_mw_mndn_k2,58223,ifa,ND,IFA,IFA_02,IFA,,38097,,,"IFA Omaha, NE-IA",0.0,no cell in the extract: territory at zero opportunity
ifa_mw_mndn_k2,58224,ifa,ND,IFA,IFA_02,IFA,,38063,,3817620,"IFA Omaha, NE-IA",0.0,no cell in the extract: territory at zero opportunity
ifa_mw_mndn_k2,58225,ifa,ND,IFA,IFA_02,IFA,,38067,,3820340,"IFA Omaha, NE-IA",0.0,no cell in the extract: territory at zero opportunity
ifa_mw_mndn_k2,58227,ifa,ND,IFA,IFA_02,IFA,,38099,,3822260,"IFA Omaha, NE-IA",0.0,no cell in the extract: territory at zero opportunity
ifa_mw_mndn_k2,58228,ifa,ND,IFA,IFA_02,IFA,,38035,24220,3824060,"IFA Omaha, NE-IA",0.0,no cell in the extract: territory at zero opportunity
ifa_mw_mndn_k2,58229,ifa,ND,IFA,IFA_02,IFA,,38099,,3825180,"IFA Omaha, NE-IA",0.0,no cell in the extract: territory at zero opportunity
ifa_mw_mndn_k2,58230,ifa,ND,IFA,IFA_02,IFA,,38091,,3826420,"IFA Omaha, NE-IA",0.0,no cell in the extract: territory at zero opportunity
ifa_mw_mndn_k2,58231,ifa,ND,IFA,IFA_02,IFA,,38099,,3827060,"IFA Omaha, NE-IA",0.0,no cell in the extract: territory at zero opportunity
ifa_mw_mndn_k2,58233,ifa,ND,IFA,IFA_02,IFA,,38099,,3827100,"IFA Omaha, NE-IA",0.0,no cell in the extract: territory at zero opportunity
ifa_mw_mndn_k2,58235,ifa,ND,IFA,IFA_02,IFA,,38035,24220,3830180,"IFA Omaha, NE-IA",0.0,no cell in the extract: territory at zero opportunity
ifa_mw_mndn_k2,58236,ifa,ND,IFA,IFA_02,IFA,,38067,,,"IFA Omaha, NE-IA",0.0,no cell in the extract: territory at zero opportunity
ifa_mw_mndn_k2,58237,ifa,ND,IFA,IFA_02,IFA,,38099,,3831820,"IFA Omaha, NE-IA",0.0,no cell in the extract: territory at zero opportunity
ifa_mw_mndn_k2,58238,ifa,ND,IFA,IFA_02,IFA,,38067,,3834620,"IFA Omaha, NE-IA",0.0,no cell in the extract: territory at zero opportunity
ifa_mw_mndn_k2,58239,ifa,ND,IFA,IFA_02,IFA,,38019,,3835060,"IFA Omaha, NE-IA",0.0,no cell in the extract: territory at zero opportunity
ifa_mw_mndn_k2,58240,ifa,ND,IFA,IFA_02,IFA,,38091,,3836100,"IFA Omaha, NE-IA",0.0,no cell in the extract: territory at zero opportunity
ifa_mw_mndn_k2,58241,ifa,ND,IFA,IFA_02,IFA,,38067,,3812060,"IFA Omaha, NE-IA",0.0,no cell in the extract: territory at zero opportunity
ifa_mw_mndn_k2,58243,ifa,ND,IFA,IFA_02,IFA,,38099,,3838780,"IFA Omaha, NE-IA",0.0,no cell in the extract: territory at zero opportunity
ifa_mw_mndn_k2,58244,ifa,ND,IFA,IFA_02,IFA,,38035,24220,3839980,"IFA Omaha, NE-IA",0.0,no cell in the extract: territory at zero opportunity
ifa_mw_mndn_k2,58249,ifa,ND,IFA,IFA_02,IFA,,38019,,3844780,"IFA Omaha, NE-IA",0.0,no cell in the extract: territory at zero opportunity
ifa_mw_mndn_k2,58250,ifa,ND,IFA,IFA_02,IFA,,38099,,3844860,"IFA Omaha, NE-IA",0.0,no cell in the extract: territory at zero opportunity
ifa_mw_mndn_k2,58251,ifa,ND,IFA,IFA_02,IFA,,38035,24220,3845020,"IFA Omaha, NE-IA",0.0,no cell in the extract: territory at zero opportunity
ifa_mw_mndn_k2,58254,ifa,ND,IFA,IFA_02,IFA,,38063,,3849580,"IFA Omaha, NE-IA",0.0,no cell in the extract: territory at zero opportunity
ifa_mw_mndn_k2,58255,ifa,ND,IFA,IFA_02,IFA,,38019,,,"IFA Omaha, NE-IA",0.0,no cell in the extract: territory at zero opportunity
ifa_mw_mndn_k2,58256,ifa,ND,IFA,IFA_02,IFA,,38035,24220,3850420,"IFA Omaha, NE-IA",0.0,no cell in the extract: territory at zero opportunity
ifa_mw_mndn_k2,58257,ifa,ND,IFA,IFA_02,IFA,,38097,,3851500,"IFA Omaha, NE-IA",0.771587,
ifa_mw_mndn_k2,58258,ifa,ND,IFA,IFA_02,IFA,,38035,24220,,"IFA Omaha, NE-IA",0.0,no cell in the extract: territory at zero opportunity
ifa_mw_mndn_k2,58259,ifa,ND,IFA,IFA_02,IFA,,38063,,3852740,"IFA Omaha, NE-IA",0.0,no cell in the extract: territory at zero opportunity
ifa_mw_mndn_k2,58260,ifa,ND,IFA,IFA_02,IFA,,38019,,3853020,"IFA Omaha, NE-IA",0.0,no cell in the extract: territory at zero opportunity
ifa_mw_mndn_k2,58261,ifa,ND,IFA,IFA_02,IFA,,38099,,3853540,"IFA Omaha, NE-IA",0.0,no cell in the extract: territory at zero opportunity
ifa_mw_mndn_k2,58262,ifa,ND,IFA,IFA_02,IFA,,38067,,3854740,"IFA Omaha, NE-IA",0.0,no cell in the extract: territory at zero opportunity
ifa_mw_mndn_k2,58265,ifa,ND,IFA,IFA_02,IFA,,38067,,3855620,"IFA Omaha, NE-IA",0.0,no cell in the extract: territory at zero opportunity
ifa_mw_mndn_k2,58266,ifa,ND,IFA,IFA_02,IFA,,38035,24220,3856780,"IFA Omaha, NE-IA",0.0,no cell in the extract: territory at zero opportunity
ifa_mw_mndn_k2,58267,ifa,ND,IFA,IFA_02,IFA,,38035,24220,3858300,"IFA Omaha, NE-IA",0.0,no cell in the extract: territory at zero opportunity
ifa_mw_mndn_k2,58269,ifa,ND,IFA,IFA_02,IFA,,38019,,3860100,"IFA Omaha, NE-IA",0.0,no cell in the extract: territory at zero opportunity
ifa_mw_mndn_k2,58270,ifa,ND,IFA,IFA_02,IFA,,38099,,3860900,"IFA Omaha, NE-IA",0.0,no cell in the extract: territory at zero opportunity
ifa_mw_mndn_k2,58271,ifa,ND,IFA,IFA_02,IFA,,38067,,3861580,"IFA Omaha, NE-IA",0.0,no cell in the extract: territory at zero opportunity
ifa_mw_mndn_k2,58272,ifa,ND,IFA,IFA_02,IFA,,38063,,3861860,"IFA Omaha, NE-IA",0.0,no cell in the extract: territory at zero opportunity
ifa_mw_mndn_k2,58273,ifa,ND,IFA,IFA_02,IFA,,38099,,3862780,"IFA Omaha, NE-IA",0.0,no cell in the extract: territory at zero opportunity
ifa_mw_mndn_k2,58274,ifa,ND,IFA,IFA_02,IFA,,38091,,3863900,"IFA Omaha, NE-IA",0.0,no cell in the extract: territory at zero opportunity
ifa_mw_mndn_k2,58275,ifa,ND,IFA,IFA_02,IFA,,38035,24220,3866260,"IFA Omaha, NE-IA",0.0,no cell in the extract: territory at zero opportunity
ifa_mw_mndn_k2,58276,ifa,ND,IFA,IFA_02,IFA,,38067,,3870260,"IFA Omaha, NE-IA",0.0,no cell in the extract: territory at zero opportunity
ifa_mw_mndn_k2,58277,ifa,ND,IFA,IFA_02,IFA,,38091,,3871940,"IFA Omaha, NE-IA",0.0,no cell in the extract: territory at zero opportunity
ifa_mw_mndn_k2,58278,ifa,ND,IFA,IFA_02,IFA,,38035,24220,3878660,"IFA Omaha, NE-IA",0.0,no cell in the extract: territory at zero opportunity
ifa_mw_mndn_k2,58281,ifa,ND,IFA,IFA_02,IFA,,38019,,3882940,"IFA Omaha, NE-IA",0.0,no cell in the extract: territory at zero opportunity
ifa_mw_mndn_k2,58282,ifa,ND,IFA,IFA_02,IFA,,38067,,3882980,"IFA Omaha, NE-IA",0.0,no cell in the extract: territory at zero opportunity
ifa_mw_mndn_k2,58301,ifa,ND,IFA,IFA_02,IFA,,38071,,3819420,"IFA Omaha, NE-IA",0.0,no cell in the extract: territory at zero opportunity
ifa_mw_mndn_k2,58310,ifa,ND,IFA,IFA_02,IFA,,38079,,,"IFA Omaha, NE-IA",0.0,no cell in the extract: territory at zero opportunity
ifa_mw_mndn_k2,58311,ifa,ND,IFA,IFA_02,IFA,,38019,,3847660,"IFA Omaha, NE-IA",0.0,no cell in the extract: territory at zero opportunity
ifa_mw_mndn_k2,58313,ifa,ND,IFA,IFA_02,IFA,,38069,,3804580,"IFA Omaha, NE-IA",0.0,no cell in the extract: territory at zero opportunity
ifa_mw_mndn_k2,58316,ifa,ND,IFA,IFA_02,IFA,,38079,,3872250,"IFA Omaha, NE-IA",0.0,no cell in the extract: territory at zero opportunity
ifa_mw_mndn_k2,58317,ifa,ND,IFA,IFA_02,IFA,,38095,,3807180,"IFA Omaha, NE-IA",0.0,no cell in the extract: territory at zero opportunity
ifa_mw_mndn_k2,58318,ifa,ND,IFA,IFA_02,IFA,,38009,,3808460,"IFA Omaha, NE-IA",0.0,no cell in the extract: territory at zero opportunity
ifa_mw_mndn_k2,58321,ifa,ND,IFA,IFA_02,IFA,,38071,,3809700,"IFA Omaha, NE-IA",0.0,no cell in the extract: territory at zero opportunity
ifa_mw_mndn_k2,58323,ifa,ND,IFA,IFA_02,IFA,,38019,,3811700,"IFA Omaha, NE-IA",0.0,no cell in the extract: territory at zero opportunity
ifa_mw_mndn_k2,58324,ifa,ND,IFA,IFA_02,IFA,,38095,,3811860,"IFA Omaha, NE-IA",0.0,no cell in the extract: territory at zero opportunity
ifa_mw_mndn_k2,58325,ifa,ND,IFA,IFA_02,IFA,,38071,,3814140,"IFA Omaha, NE-IA",0.0,no cell in the extract: territory at zero opportunity
ifa_mw_mndn_k2,58327,ifa,ND,IFA,IFA_02,IFA,,38071,,3816580,"IFA Omaha, NE-IA",0.0,no cell in the extract: territory at zero opportunity
ifa_mw_mndn_k2,58329,ifa,ND,IFA,IFA_02,IFA,,38079,,3821520,"IFA Omaha, NE-IA",0.0,no cell in the extract: territory at zero opportunity
ifa_mw_mndn_k2,58330,ifa,ND,IFA,IFA_02,IFA,,38071,,3822340,"IFA Omaha, NE-IA",0.0,no cell in the extract: territory at zero opportunity
ifa_mw_mndn_k2,58331,ifa,ND,IFA,IFA_02,IFA,,38095,,3822540,"IFA Omaha, NE-IA",0.0,no cell in the extract: territory at zero opportunity
ifa_mw_mndn_k2,58332,ifa,ND,IFA,IFA_02,IFA,,38005,,3824780,"IFA Omaha, NE-IA",0.0,no cell in the extract: territory at zero opportunity
ifa_mw_mndn_k2,58335,ifa,ND,IFA,IFA_02,IFA,,38005,,3827700,"IFA Omaha, NE-IA",0.0,no cell in the extract: territory at zero opportunity
ifa_mw_mndn_k2,58338,ifa,ND,IFA,IFA_02,IFA,,38071,,3801740,"IFA Omaha, NE-IA",0.0,no cell in the extract: territory at zero opportunity
ifa_mw_mndn_k2,58339,ifa,ND,IFA,IFA_02,IFA,,38095,,3835140,"IFA Omaha, NE-IA",0.0,no cell in the extract: territory at zero opportunity
ifa_mw_mndn_k2,58341,ifa,ND,IFA,IFA_02,IFA,,38103,,3835900,"IFA Omaha, NE-IA",0.0,no cell in the extract: territory at zero opportunity
ifa_mw_mndn_k2,58343,ifa,ND,IFA,IFA_02,IFA,,38005,,3843260,"IFA Omaha, NE-IA",0.0,no cell in the extract: territory at zero opportunity
ifa_mw_mndn_k2,58344,ifa,ND,IFA,IFA_02,IFA,,38063,,3844300,"IFA Omaha, NE-IA",0.0,no cell in the extract: territory at zero opportunity
ifa_mw_mndn_k2,58345,ifa,ND,IFA,IFA_02,IFA,,38071,,3845300,"IFA Omaha, NE-IA",0.0,no cell in the extract: territory at zero opportunity
ifa_mw_mndn_k2,58346,ifa,ND,IFA,IFA_02,IFA,,38005,,3845580,"IFA Omaha, NE-IA",0.0,no cell in the extract: territory at zero opportunity
ifa_mw_mndn_k2,58348,ifa,ND,IFA,IFA_02,IFA,,38005,,3849620,"IFA Omaha, NE-IA",0.0,no cell in the extract: territory at zero opportunity
ifa_mw_mndn_k2,58351,ifa,ND,IFA,IFA_02,IFA,,38005,,3853220,"IFA Omaha, NE-IA",0.0,no cell in the extract: territory at zero opportunity
ifa_mw_mndn_k2,58352,ifa,ND,IFA,IFA_02,IFA,,38019,,3811580,"IFA Omaha, NE-IA",0.0,no cell in the extract: territory at zero opportunity
ifa_mw_mndn_k2,58353,ifa,ND,IFA,IFA_02,IFA,,38079,,3855220,"IFA Omaha, NE-IA",0.0,no cell in the extract: territory at zero opportunity
ifa_mw_mndn_k2,58355,ifa,ND,IFA,IFA_02,IFA,,38019,,3855740,"IFA Omaha, NE-IA",0.0,no cell in the extract: territory at zero opportunity
ifa_mw_mndn_k2,58356,ifa,ND,IFA,IFA_02,IFA,,38027,,3856620,"IFA Omaha, NE-IA",0.0,no cell in the extract: territory at zero opportunity
ifa_mw_mndn_k2,58357,ifa,ND,IFA,IFA_02,IFA,,38005,,3859020,"IFA Omaha, NE-IA",0.0,no cell in the extract: territory at zero opportunity
ifa_mw_mndn_k2,58361,ifa,ND,IFA,IFA_02,IFA,,38063,,3861460,"IFA Omaha, NE-IA",0.0,no cell in the extract: territory at zero opportunity
ifa_mw_mndn_k2,58362,ifa,ND,IFA,IFA_02,IFA,,38071,,,"IFA Omaha, NE-IA",0.0,no cell in the extract: territory at zero opportunity
ifa_mw_mndn_k2,58363,ifa,ND,IFA,IFA_02,IFA,,38095,,3861780,"IFA Omaha, NE-IA",0.0,no cell in the extract: territory at zero opportunity
ifa_mw_mndn_k2,58365,ifa,ND,IFA,IFA_02,IFA,,38095,,3867500,"IFA Omaha, NE-IA",0.0,no cell in the extract: territory at zero opportunity
ifa_mw_mndn_k2,58366,ifa,ND,IFA,IFA_02,IFA,,38079,,3867780,"IFA Omaha, NE-IA",0.0,no cell in the extract: territory at zero opportunity
ifa_mw_mndn_k2,58367,ifa,ND,IFA,IFA_02,IFA,,38079,,3867820,"IFA Omaha, NE-IA",0.0,no cell in the extract: territory at zero opportunity
ifa_mw_mndn_k2,58368,ifa,ND,IFA,IFA_02,IFA,,38069,,3868860,"IFA Omaha, NE-IA",0.000119318,
ifa_mw_mndn_k2,58369,ifa,ND,IFA,IFA_02,IFA,,38079,,3869980,"IFA Omaha, NE-IA",0.0,no cell in the extract: territory at zero opportunity
ifa_mw_mndn_k2,58370,ifa,ND,IFA,IFA_02,IFA,,38005,,3827700,"IFA Omaha, NE-IA",0.0,no cell in the extract: territory at zero opportunity
ifa_mw_mndn_k2,58372,ifa,ND,IFA,IFA_02,IFA,,38095,,3870780,"IFA Omaha, NE-IA",0.0,no cell in the extract: territory at zero opportunity
ifa_mw_mndn_k2,58374,ifa,ND,IFA,IFA_02,IFA,,38027,,3872580,"IFA Omaha, NE-IA",0.0,no cell in the extract: territory at zero opportunity
ifa_mw_mndn_k2,58377,ifa,ND,IFA,IFA_02,IFA,,38071,,3875580,"IFA Omaha, NE-IA",0.0,no cell in the extract: territory at zero opportunity
ifa_mw_mndn_k2,58379,ifa,ND,IFA,IFA_02,IFA,,38005,,,"IFA Omaha, NE-IA",0.0,no cell in the extract: territory at zero opportunity
ifa_mw_mndn_k2,58380,ifa,ND,IFA,IFA_02,IFA,,38063,,3879180,"IFA Omaha, NE-IA",0.0,no cell in the extract: territory at zero opportunity
ifa_mw_mndn_k2,58381,ifa,ND,IFA,IFA_02,IFA,,38027,,3883580,"IFA Omaha, NE-IA",0.0,no cell in the extract: territory at zero opportunity
ifa_mw_mndn_k2,58382,ifa,ND,IFA,IFA_02,IFA,,38071,,,"IFA Omaha, NE-IA",0.0,no cell in the extract: territory at zero opportunity
ifa_mw_mndn_k2,58384,ifa,ND,IFA,IFA_02,IFA,,38009,,3886380,"IFA Omaha, NE-IA",0.0,no cell in the extract: territory at zero opportunity
ifa_mw_mndn_k2,58385,ifa,ND,IFA,IFA_02,IFA,,38069,,3887180,"IFA Omaha, NE-IA",0.0,no cell in the extract: territory at zero opportunity
ifa_mw_mndn_k2,58386,ifa,ND,IFA,IFA_02,IFA,,38005,,3887860,"IFA Omaha, NE-IA",0.0,no cell in the extract: territory at zero opportunity
ifa_mw_mndn_k2,58401,ifa,ND,IFA,IFA_02,IFA,,38093,27420,3840580,"IFA Omaha, NE-IA",1.81861,
ifa_mw_mndn_k2,58402,ifa,ND,IFA,IFA_02,IFA,,38093,27420,3840580,"IFA Omaha, NE-IA",0.187294,
ifa_mw_mndn_k2,58405,ifa,ND,IFA,IFA_02,IFA,,38093,27420,3840580,"IFA Omaha, NE-IA",0.0,no cell in the extract: territory at zero opportunity
ifa_mw_mndn_k2,58413,ifa,ND,IFA,IFA_02,IFA,,38051,,3803540,"IFA Omaha, NE-IA",0.0,no cell in the extract: territory at zero opportunity
ifa_mw_mndn_k2,58415,ifa,ND,IFA,IFA_02,IFA,,38045,,3806300,"IFA Omaha, NE-IA",0.0,no cell in the extract: territory at zero opportunity
ifa_mw_mndn_k2,58416,ifa,ND,IFA,IFA_02,IFA,,38039,,3807020,"IFA Omaha, NE-IA",0.0,no cell in the extract: territory at zero opportunity
ifa_mw_mndn_k2,58418,ifa,ND,IFA,IFA_02,IFA,,38103,,3808580,"IFA Omaha, NE-IA",0.0,no cell in the extract: territory at zero opportunity
ifa_mw_mndn_k2,58420,ifa,ND,IFA,IFA_02,IFA,,38093,27420,3810060,"IFA Omaha, NE-IA",0.0,no cell in the extract: territory at zero opportunity
ifa_mw_mndn_k2,58421,ifa,ND,IFA,IFA_02,IFA,,38031,,3812340,"IFA Omaha, NE-IA",0.0,no cell in the extract: territory at zero opportunity
ifa_mw_mndn_k2,58422,ifa,ND,IFA,IFA_02,IFA,,38103,,3812820,"IFA Omaha, NE-IA",0.0,no cell in the extract: territory at zero opportunity
ifa_mw_mndn_k2,58423,ifa,ND,IFA,IFA_02,IFA,,38103,,,"IFA Omaha, NE-IA",0.0,no cell in the extract: territory at zero opportunity
ifa_mw_mndn_k2,58424,ifa,ND,IFA,IFA_02,IFA,,38093,27420,3814660,"IFA Omaha, NE-IA",0.0,no cell in the extract: territory at zero opportunity
ifa_mw_mndn_k2,58425,ifa,ND,IFA,IFA_02,IFA,,38039,,3815900,"IFA Omaha, NE-IA",0.0,no cell in the extract: territory at zero opportunity
ifa_mw_mndn_k2,58426,ifa,ND,IFA,IFA_02,IFA,,38093,27420,3816380,"IFA Omaha, NE-IA",0.0,no cell in the extract: territory at zero opportunity
ifa_mw_mndn_k2,58428,ifa,ND,IFA,IFA_02,IFA,,38043,,3818260,"IFA Omaha, NE-IA",0.0,no cell in the extract: territory at zero opportunity
ifa_mw_mndn_k2,58429,ifa,ND,IFA,IFA_02,IFA,,38003,,3818340,"IFA Omaha, NE-IA",0.0,no cell in the extract: territory at zero opportunity
ifa_mw_mndn_k2,58430,ifa,ND,IFA,IFA_02,IFA,,38083,,3819060,"IFA Omaha, NE-IA",0.0,no cell in the extract: territory at zero opportunity
ifa_mw_mndn_k2,58431,ifa,ND,IFA,IFA_02,IFA,,38045,,3819580,"IFA Omaha, NE-IA",0.0,no cell in the extract: territory at zero opportunity
ifa_mw_mndn_k2,58433,ifa,ND,IFA,IFA_02,IFA,,38045,,3822140,"IFA Omaha, NE-IA",0.0,no cell in the extract: territory at zero opportunity
ifa_mw_mndn_k2,58436,ifa,ND,IFA,IFA_02,IFA,,38021,,3823220,"IFA Omaha, NE-IA",0.0,no cell in the extract: territory at zero opportunity
ifa_mw_mndn_k2,58438,ifa,ND,IFA,IFA_02,IFA,,38103,,3826180,"IFA Omaha, NE-IA",0.0,no cell in the extract: territory at zero opportunity
ifa_mw_mndn_k2,58439,ifa,ND,IFA,IFA_02,IFA,,38021,,4660540,"IFA Omaha, NE-IA",0.0,no cell in the extract: territory at zero opportunity
ifa_mw_mndn_k2,58440,ifa,ND,IFA,IFA_02,IFA,,38047,,3828380,"IFA Omaha, NE-IA",0.0,no cell in the extract: territory at zero opportunity
ifa_mw_mndn_k2,58441,ifa,ND,IFA,IFA_02,IFA,,38021,,3828780,"IFA Omaha, NE-IA",0.0,no cell in the extract: territory at zero opportunity
ifa_mw_mndn_k2,58442,ifa,ND,IFA,IFA_02,IFA,,38047,,3828860,"IFA Omaha, NE-IA",0.0,no cell in the extract: territory at zero opportunity
ifa_mw_mndn_k2,58443,ifa,ND,IFA,IFA_02,IFA,,38031,,3830660,"IFA Omaha, NE-IA",0.0,no cell in the extract: territory at zero opportunity
ifa_mw_mndn_k2,58444,ifa,ND,IFA,IFA_02,IFA,,38083,,3831500,"IFA Omaha, NE-IA",0.0,no cell in the extract: territory at zero opportunity
ifa_mw_mndn_k2,58445,ifa,ND,IFA,IFA_02,IFA,,38031,,3831740,"IFA Omaha, NE-IA",0.0,no cell in the extract: territory at zero opportunity
ifa_mw_mndn_k2,58448,ifa,ND,IFA,IFA_02,IFA,,38039,,3835020,"IFA Omaha, NE-IA",0.0,no cell in the extract: territory at zero opportunity
ifa_mw_mndn_k2,58451,ifa,ND,IFA,IFA_02,IFA,,38103,,3839580,"IFA Omaha, NE-IA",0.0,no cell in the extract: territory at zero opportunity
ifa_mw_mndn_k2,58452,ifa,ND,IFA,IFA_02,IFA,,38039,,3840740,"IFA Omaha, NE-IA",0.0,no cell in the extract: territory at zero opportunity
ifa_mw_mndn_k2,58454,ifa,ND,IFA,IFA_02,IFA,,38045,,3841180,"IFA Omaha, NE-IA",0.0,no cell in the extract: territory at zero opportunity
ifa_mw_mndn_k2,58455,ifa,ND,IFA,IFA_02,IFA,,38093,27420,3842180,"IFA Omaha, NE-IA",0.0,no cell in the extract: territory at zero opportunity
ifa_mw_mndn_k2,58456,ifa,ND,IFA,IFA_02,IFA,,38021,,3843580,"IFA Omaha, NE-IA",0.0,no cell in the extract: territory at zero opportunity
ifa_mw_mndn_k2,58458,ifa,ND,IFA,IFA_02,IFA,,38045,,3844540,"IFA Omaha, NE-IA",0.0,no cell in the extract: territory at zero opportunity
ifa_mw_mndn_k2,58460,ifa,ND,IFA,IFA_02,IFA,,38047,,3845740,"IFA Omaha, NE-IA",0.0,no cell in the extract: territory at zero opportunity
ifa_mw_mndn_k2,58461,ifa,ND,IFA,IFA_02,IFA,,38003,,3847140,"IFA Omaha, NE-IA",0.0,no cell in the extract: territory at zero opportunity
ifa_mw_mndn_k2,58463,ifa,ND,IFA,IFA_02,IFA,,38083,,3849020,"IFA Omaha, NE-IA",0.0,no cell in the extract: territory at zero opportunity
ifa_mw_mndn_k2,58464,ifa,ND,IFA,IFA_02,IFA,,38027,,3849260,"IFA Omaha, NE-IA",0.0,no cell in the extract: territory at zero opportunity
ifa_mw_mndn_k2,58466,ifa,ND,IFA,IFA_02,IFA,,38045,,3850780,"IFA Omaha, NE-IA",0.0,no cell in the extract: territory at zero opportunity
ifa_mw_mndn_k2,58467,ifa,ND,IFA,IFA_02,IFA,,38093,27420,3851860,"IFA Omaha, NE-IA",0.0,no cell in the extract: territory at zero opportunity
ifa_mw_mndn_k2,58472,ifa,ND,IFA,IFA_02,IFA,,38093,27420,3853980,"IFA Omaha, NE-IA",0.0,no cell in the extract: territory at zero opportunity
ifa_mw_mndn_k2,58474,ifa,ND,IFA,IFA_02,IFA,,38021,,3858740,"IFA Omaha, NE-IA",0.27843,
ifa_mw_mndn_k2,58475,ifa,ND,IFA,IFA_02,IFA,,38043,,3862060,"IFA Omaha, NE-IA",0.0,no cell in the extract: territory at zero opportunity
ifa_mw_mndn_k2,58476,ifa,ND,IFA,IFA_02,IFA,,38093,27420,3862620,"IFA Omaha, NE-IA",0.0,no cell in the extract: territory at zero opportunity
ifa_mw_mndn_k2,58477,ifa,ND,IFA,IFA_02,IFA,,38015,13900,3865980,"IFA Omaha, NE-IA",0.0,no cell in the extract: territory at zero opportunity
ifa_mw_mndn_k2,58478,ifa,ND,IFA,IFA_02,IFA,,38043,,3867180,"IFA Omaha, NE-IA",0.0,no cell in the extract: territory at zero opportunity
ifa_mw_mndn_k2,58479,ifa,ND,IFA,IFA_02,IFA,,38003,,3867620,"IFA Omaha, NE-IA",0.0,no cell in the extract: territory at zero opportunity
ifa_mw_mndn_k2,58480,ifa,ND,IFA,IFA_02,IFA,,38003,,3870380,"IFA Omaha, NE-IA",0.0,no cell in the extract: territory at zero opportunity
ifa_mw_mndn_k2,58481,ifa,ND,IFA,IFA_02,IFA,,38003,,3874660,"IFA Omaha, NE-IA",0.0,no cell in the extract: territory at zero opportunity
ifa_mw_mndn_k2,58482,ifa,ND,IFA,IFA_02,IFA,,38043,,3875780,"IFA Omaha, NE-IA",0.0,no cell in the extract: territory at zero opportunity
ifa_mw_mndn_k2,58483,ifa,ND,IFA,IFA_02,IFA,,38093,27420,3876620,"IFA Omaha, NE-IA",0.0,no cell in the extract: territory at zero opportunity
ifa_mw_mndn_k2,58484,ifa,ND,IFA,IFA_02,IFA,,38039,,3877260,"IFA Omaha, NE-IA",0.0,no cell in the extract: territory at zero opportunity
ifa_mw_mndn_k2,58486,ifa,ND,IFA,IFA_02,IFA,,38103,,3877660,"IFA Omaha, NE-IA",0.0,no cell in the extract: territory at zero opportunity
ifa_mw_mndn_k2,58487,ifa,ND,IFA,IFA_02,IFA,,38043,,3877980,"IFA Omaha, NE-IA",0.0,no cell in the extract: territory at zero opportunity
ifa_mw_mndn_k2,58488,ifa,ND,IFA,IFA_02,IFA,,38043,,3880140,"IFA Omaha, NE-IA",0.0,no cell in the extract: territory at zero opportunity
ifa_mw_mndn_k2,58490,ifa,ND,IFA,IFA_02,IFA,,38045,,3881900,"IFA Omaha, NE-IA",0.0,no cell in the extract: territory at zero opportunity
ifa_mw_mndn_k2,58492,ifa,ND,IFA,IFA_02,IFA,,38003,,3886620,"IFA Omaha, NE-IA",0.0,no cell in the extract: territory at zero opportunity
ifa_mw_mndn_k2,58494,ifa,ND,IFA,IFA_02,IFA,,38015,13900,3886780,"IFA Omaha, NE-IA",0.0,no cell in the extract: territory at zero opportunity
ifa_mw_mndn_k2,58495,ifa,ND,IFA,IFA_02,IFA,,38051,,3887020,"IFA Omaha, NE-IA",0.0,no cell in the extract: territory at zero opportunity
ifa_mw_mndn_k2,58496,ifa,ND,IFA,IFA_02,IFA,,38093,27420,3887580,"IFA Omaha, NE-IA",0.0,no cell in the extract: territory at zero opportunity
ifa_mw_mndn_k2,58497,ifa,ND,IFA,IFA_02,IFA,,38093,27420,3888020,"IFA Omaha, NE-IA",0.0,no cell in the extract: territory at zero opportunity
ifa_mw_mndn_k2,58501,ifa,ND,IFA,IFA_02,IFA,,38015,13900,3807200,"IFA Omaha, NE-IA",29.601,
ifa_mw_mndn_k2,58503,ifa,ND,IFA,IFA_02,IFA,,38015,13900,3807200,"IFA Omaha, NE-IA",27.9611,
ifa_mw_mndn_k2,58504,ifa,ND,IFA,IFA_02,IFA,,38015,13900,3807200,"IFA Omaha, NE-IA",40.5825,
ifa_mw_mndn_k2,58505,ifa,ND,IFA,IFA_02,IFA,,38015,13900,3807200,"IFA Omaha, NE-IA",0.0,no cell in the extract: territory at zero opportunity
ifa_mw_mndn_k2,58520,ifa,ND,IFA,IFA_02,IFA,,38059,13900,3801700,"IFA Omaha, NE-IA",0.0,no cell in the extract: territory at zero opportunity
ifa_mw_mndn_k2,58521,ifa,ND,IFA,IFA_02,IFA,,38015,13900,,"IFA Omaha, NE-IA",0.0,no cell in the extract: territory at zero opportunity
ifa_mw_mndn_k2,58523,ifa,ND,IFA,IFA_02,IFA,,38057,,3806660,"IFA Omaha, NE-IA",0.00556816,
ifa_mw_mndn_k2,58524,ifa,ND,IFA,IFA_02,IFA,,38029,,3808900,"IFA Omaha, NE-IA",0.0,no cell in the extract: territory at zero opportunity
ifa_mw_mndn_k2,58528,ifa,ND,IFA,IFA_02,IFA,,38085,,3812020,"IFA Omaha, NE-IA",0.0,no cell in the extract: territory at zero opportunity
ifa_mw_mndn_k2,58529,ifa,ND,IFA,IFA_02,IFA,,38037,,3812460,"IFA Omaha, NE-IA",0.0,no cell in the extract: territory at zero opportunity
ifa_mw_mndn_k2,58530,ifa,ND,IFA,IFA_02,IFA,,38065,13900,3813180,"IFA Omaha, NE-IA",0.0,no cell in the extract: territory at zero opportunity
ifa_mw_mndn_k2,58531,ifa,ND,IFA,IFA_02,IFA,,38055,,3866980,"IFA Omaha, NE-IA",0.0,no cell in the extract: territory at zero opportunity
ifa_mw_mndn_k2,58532,ifa,ND,IFA,IFA_02,IFA,,38015,13900,3820500,"IFA Omaha, NE-IA",0.0,no cell in the extract: territory at zero opportunity
ifa_mw_mndn_k2,58533,ifa,ND,IFA,IFA_02,IFA,,38037,,3823020,"IFA Omaha, NE-IA",0.0,no cell in the extract: territory at zero opportunity
ifa_mw_mndn_k2,58535,ifa,ND,IFA,IFA_02,IFA,,38059,13900,3826660,"IFA Omaha, NE-IA",0.0,no cell in the extract: territory at zero opportunity
ifa_mw_mndn_k2,58538,ifa,ND,IFA,IFA_02,IFA,,38085,,3812020,"IFA Omaha, NE-IA",0.0,no cell in the extract: territory at zero opportunity
ifa_mw_mndn_k2,58540,ifa,ND,IFA,IFA_02,IFA,,38055,,3829460,"IFA Omaha, NE-IA",0.0,no cell in the extract: territory at zero opportunity
ifa_mw_mndn_k2,58541,ifa,ND,IFA,IFA_02,IFA,,38057,,3831180,"IFA Omaha, NE-IA",0.0,no cell in the extract: territory at zero opportunity
ifa_mw_mndn_k2,58542,ifa,ND,IFA,IFA_02,IFA,,38029,,3834180,"IFA Omaha, NE-IA",0.0,no cell in the extract: territory at zero opportunity
ifa_mw_mndn_k2,58544,ifa,ND,IFA,IFA_02,IFA,,38029,,3836700,"IFA Omaha, NE-IA",0.0,no cell in the extract: territory at zero opportunity
ifa_mw_mndn_k2,58545,ifa,ND,IFA,IFA_02,IFA,,38057,,3836780,"IFA Omaha, NE-IA",0.0439487,
ifa_mw_mndn_k2,58549,ifa,ND,IFA,IFA_02,IFA,,38029,,,"IFA Omaha, NE-IA",0.0,no cell in the extract: territory at zero opportunity
ifa_mw_mndn_k2,58552,ifa,ND,IFA,IFA_02,IFA,,38029,,3846980,"IFA Omaha, NE-IA",0.0,no cell in the extract: territory at zero opportunity
ifa_mw_mndn_k2,58554,ifa,ND,IFA,IFA_02,IFA,,38059,13900,3849900,"IFA Omaha, NE-IA",19.7366,
ifa_mw_mndn_k2,58558,ifa,ND,IFA,IFA_02,IFA,,38015,13900,3852180,"IFA Omaha, NE-IA",0.0,no cell in the extract: territory at zero opportunity
ifa_mw_mndn_k2,58559,ifa,ND,IFA,IFA_02,IFA,,38055,,3852340,"IFA Omaha, NE-IA",0.0,no cell in the extract: territory at zero opportunity
ifa_mw_mndn_k2,58560,ifa,ND,IFA,IFA_02,IFA,,38015,13900,,"IFA Omaha, NE-IA",0.0,no cell in the extract: territory at zero opportunity
ifa_mw_mndn_k2,58561,ifa,ND,IFA,IFA_02,IFA,,38047,,3855420,"IFA Omaha, NE-IA",0.0,no cell in the extract: territory at zero opportunity
ifa_mw_mndn_k2,58562,ifa,ND,IFA,IFA_02,IFA,,38037,,3856420,"IFA Omaha, NE-IA",0.0,no cell in the extract: territory at zero opportunity
ifa_mw_mndn_k2,58563,ifa,ND,IFA,IFA_02,IFA,,38059,13900,3856700,"IFA Omaha, NE-IA",0.0,no cell in the extract: territory at zero opportunity
ifa_mw_mndn_k2,58564,ifa,ND,IFA,IFA_02,IFA,,38037,,3865100,"IFA Omaha, NE-IA",0.0,no cell in the extract: territory at zero opportunity
ifa_mw_mndn_k2,58565,ifa,ND,IFA,IFA_02,IFA,,38055,,3866980,"IFA Omaha, NE-IA",0.0,no cell in the extract: territory at zero opportunity
ifa_mw_mndn_k2,58566,ifa,ND,IFA,IFA_02,IFA,,38059,13900,,"IFA Omaha, NE-IA",0.0,no cell in the extract: territory at zero opportunity
ifa_mw_mndn_k2,58568,ifa,ND,IFA,IFA_02,IFA,,38085,,3871660,"IFA Omaha, NE-IA",0.0,no cell in the extract: territory at zero opportunity
ifa_mw_mndn_k2,58569,ifa,ND,IFA,IFA_02,IFA,,38037,,,"IFA Omaha, NE-IA",0.0,no cell in the extract: territory at zero opportunity
ifa_mw_mndn_k2,58570,ifa,ND,IFA,IFA_02,IFA,,38059,13900,3812020,"IFA Omaha, NE-IA",0.0,no cell in the extract: territory at zero opportunity
ifa_mw_mndn_k2,58571,ifa,ND,IFA,IFA_02,IFA,,38057,,3875420,"IFA Omaha, NE-IA",0.0,no cell in the extract: territory at zero opportunity
ifa_mw_mndn_k2,58572,ifa,ND,IFA,IFA_02,IFA,,38015,13900,,"IFA Omaha, NE-IA",0.0,no cell in the extract: territory at zero opportunity
ifa_mw_mndn_k2,58573,ifa,ND,IFA,IFA_02,IFA,,38029,,3876500,"IFA Omaha, NE-IA",0.0,no cell in the extract: territory at zero opportunity
ifa_mw_mndn_k2,58575,ifa,ND,IFA,IFA_02,IFA,,38055,,3879940,"IFA Omaha, NE-IA",0.0,no cell in the extract: territory at zero opportunity
ifa_mw_mndn_k2,58576,ifa,ND,IFA,IFA_02,IFA,,38055,,3880660,"IFA Omaha, NE-IA",0.0,no cell in the extract: territory at zero opportunity
ifa_mw_mndn_k2,58577,ifa,ND,IFA,IFA_02,IFA,,38055,,3883700,"IFA Omaha, NE-IA",0.0,no cell in the extract: territory at zero opportunity
ifa_mw_mndn_k2,58579,ifa,ND,IFA,IFA_02,IFA,,38015,13900,3886580,"IFA Omaha, NE-IA",0.0,no cell in the extract: territory at zero opportunity
ifa_mw_mndn_k2,58580,ifa,ND,IFA,IFA_02,IFA,,38057,,3888140,"IFA Omaha, NE-IA",0.0,no cell in the extract: territory at zero opportunity
ifa_mw_mndn_k2,58581,ifa,ND,IFA,IFA_02,IFA,,38051,,3888180,"IFA Omaha, NE-IA",0.0,no cell in the extract: territory at zero opportunity
ifa_mw_mndn_k2,58601,ifa,ND,IFA,IFA_02,IFA,,38089,19860,3819620,"IFA Omaha, NE-IA",24.8808,
ifa_mw_mndn_k2,58620,ifa,ND,IFA,IFA_02,IFA,,38087,,3802060,"IFA Omaha, NE-IA",0.0,no cell in the extract: territory at zero opportunity
ifa_mw_mndn_k2,58621,ifa,ND,IFA,IFA_02,IFA,,38033,,3805420,"IFA Omaha, NE-IA",0.0,no cell in the extract: territory at zero opportunity
ifa_mw_mndn_k2,58622,ifa,ND,IFA,IFA_02,IFA,,38007,19860,3805820,"IFA Omaha, NE-IA",0.0,no cell in the extract: territory at zero opportunity
ifa_mw_mndn_k2,58623,ifa,ND,IFA,IFA_02,IFA,,38011,,3808700,"IFA Omaha, NE-IA",0.378611,
ifa_mw_mndn_k2,58625,ifa,ND,IFA,IFA_02,IFA,,38025,19860,3819820,"IFA Omaha, NE-IA",0.0,no cell in the extract: territory at zero opportunity
ifa_mw_mndn_k2,58626,ifa,ND,IFA,IFA_02,IFA,,38025,19860,3820940,"IFA Omaha, NE-IA",0.0,no cell in the extract: territory at zero opportunity
ifa_mw_mndn_k2,58627,ifa,ND,IFA,IFA_02,IFA,,38007,19860,,"IFA Omaha, NE-IA",0.0,no cell in the extract: territory at zero opportunity
ifa_mw_mndn_k2,58630,ifa,ND,IFA,IFA_02,IFA,,38089,19860,3830460,"IFA Omaha, NE-IA",0.0,no cell in the extract: territory at zero opportunity
ifa_mw_mndn_k2,58631,ifa,ND,IFA,IFA_02,IFA,,38059,13900,3830860,"IFA Omaha, NE-IA",0.0,no cell in the extract: territory at zero opportunity
ifa_mw_mndn_k2,58632,ifa,ND,IFA,IFA_02,IFA,,38033,,3831420,"IFA Omaha, NE-IA",0.0,no cell in the extract: territory at zero opportunity
ifa_mw_mndn_k2,58634,ifa,ND,IFA,IFA_02,IFA,,38053,,,"IFA Omaha, NE-IA",0.0,no cell in the extract: territory at zero opportunity
ifa_mw_mndn_k2,58636,ifa,ND,IFA,IFA_02,IFA,,38025,19860,3834340,"IFA Omaha, NE-IA",0.0,no cell in the extract: territory at zero opportunity
ifa_mw_mndn_k2,58638,ifa,ND,IFA,IFA_02,IFA,,38059,13900,3836860,"IFA Omaha, NE-IA",0.0,no cell in the extract: territory at zero opportunity
ifa_mw_mndn_k2,58639,ifa,ND,IFA,IFA_02,IFA,,38001,,3837700,"IFA Omaha, NE-IA",0.0,no cell in the extract: territory at zero opportunity
ifa_mw_mndn_k2,58640,ifa,ND,IFA,IFA_02,IFA,,38025,19860,3842700,"IFA Omaha, NE-IA",0.0,no cell in the extract: territory at zero opportunity
ifa_mw_mndn_k2,58641,ifa,ND,IFA,IFA_02,IFA,,38089,19860,,"IFA Omaha, NE-IA",0.0,no cell in the extract: territory at zero opportunity
ifa_mw_mndn_k2,58642,ifa,ND,IFA,IFA_02,IFA,,38025,19860,3850220,"IFA Omaha, NE-IA",0.0,no cell in the extract: territory at zero opportunity
ifa_mw_mndn_k2,58643,ifa,ND,IFA,IFA_02,IFA,,38011,,3850860,"IFA Omaha, NE-IA",0.0,no cell in the extract: territory at zero opportunity
ifa_mw_mndn_k2,58644,ifa,ND,IFA,IFA_02,IFA,,38025,19860,,"IFA Omaha, NE-IA",0.0,no cell in the extract: territory at zero opportunity
ifa_mw_mndn_k2,58645,ifa,ND,IFA,IFA_02,IFA,,38007,19860,3851900,"IFA Omaha, NE-IA",0.0,no cell in the extract: territory at zero opportunity
ifa_mw_mndn_k2,58646,ifa,ND,IFA,IFA_02,IFA,,38041,,3854620,"IFA Omaha, NE-IA",0.869345,
ifa_mw_mndn_k2,58647,ifa,ND,IFA,IFA_02,IFA,,38087,,3856180,"IFA Omaha, NE-IA",0.0,no cell in the extract: territory at zero opportunity
ifa_mw_mndn_k2,58649,ifa,ND,IFA,IFA_02,IFA,,38001,,3865900,"IFA Omaha, NE-IA",0.0,no cell in the extract: territory at zero opportunity
ifa_mw_mndn_k2,58650,ifa,ND,IFA,IFA_02,IFA,,38041,,3866020,"IFA Omaha, NE-IA",0.0,no cell in the extract: territory at zero opportunity
ifa_mw_mndn_k2,58651,ifa,ND,IFA,IFA_02,IFA,,38011,,3866300,"IFA Omaha, NE-IA",0.0,no cell in the extract: territory at zero opportunity
ifa_mw_mndn_k2,58652,ifa,ND,IFA,IFA_02,IFA,,38089,19860,3866500,"IFA Omaha, NE-IA",0.0,no cell in the extract: territory at zero opportunity
ifa_mw_mndn_k2,58653,ifa,ND,IFA,IFA_02,IFA,,38011,,3829540,"IFA Omaha, NE-IA",0.0,no cell in the extract: territory at zero opportunity
ifa_mw_mndn_k2,58654,ifa,ND,IFA,IFA_02,IFA,,38033,,3871780,"IFA Omaha, NE-IA",0.0,no cell in the extract: territory at zero opportunity
ifa_mw_mndn_k2,58655,ifa,ND,IFA,IFA_02,IFA,,38089,19860,3874185,"IFA Omaha, NE-IA",0.0,no cell in the extract: territory at zero opportunity
ifa_mw_mndn_k2,58656,ifa,ND,IFA,IFA_02,IFA,,38089,19860,3878180,"IFA Omaha, NE-IA",0.0,no cell in the extract: territory at zero opportunity
ifa_mw_mndn_k2,58701,ifa,ND,IFA,IFA_02,IFA,,38101,33500,3853380,"IFA Omaha, NE-IA",21.7869,
ifa_mw_mndn_k2,58703,ifa,ND,IFA,IFA_02,IFA,,38101,33500,3853380,"IFA Omaha, NE-IA",2.44442,
ifa_mw_mndn_k2,58704,ifa,ND,IFA,IFA_02,IFA,,38101,33500,3853420,"IFA Omaha, NE-IA",0.0,no cell in the extract: territory at zero opportunity
ifa_mw_mndn_k2,58705,ifa,ND,IFA,IFA_02,IFA,,38101,33500,3853420,"IFA Omaha, NE-IA",0.0,no cell in the extract: territory at zero opportunity
ifa_mw_mndn_k2,58707,ifa,ND,IFA,IFA_02,IFA,,38101,33500,3853380,"IFA Omaha, NE-IA",0.0,no cell in the extract: territory at zero opportunity
ifa_mw_mndn_k2,58710,ifa,ND,IFA,IFA_02,IFA,,38049,33500,3802220,"IFA Omaha, NE-IA",0.0,no cell in the extract: territory at zero opportunity
ifa_mw_mndn_k2,58711,ifa,ND,IFA,IFA_02,IFA,,38009,,3802660,"IFA Omaha, NE-IA",0.0,no cell in the extract: territory at zero opportunity
ifa_mw_mndn_k2,58712,ifa,ND,IFA,IFA_02,IFA,,38049,33500,3804460,"IFA Omaha, NE-IA",0.0,no cell in the extract: territory at zero opportunity
ifa_mw_mndn_k2,58713,ifa,ND,IFA,IFA_02,IFA,,38049,33500,3804740,"IFA Omaha, NE-IA",0.0,no cell in the extract: territory at zero opportunity
ifa_mw_mndn_k2,58716,ifa,ND,IFA,IFA_02,IFA,,38055,,3805980,"IFA Omaha, NE-IA",0.0,no cell in the extract: territory at zero opportunity
ifa_mw_mndn_k2,58718,ifa,ND,IFA,IFA_02,IFA,,38101,33500,3806460,"IFA Omaha, NE-IA",0.0,no cell in the extract: territory at zero opportunity
ifa_mw_mndn_k2,58721,ifa,ND,IFA,IFA_02,IFA,,38013,,3808500,"IFA Omaha, NE-IA",0.0,no cell in the extract: territory at zero opportunity
ifa_mw_mndn_k2,58722,ifa,ND,IFA,IFA_02,IFA,,38101,33500,3810940,"IFA Omaha, NE-IA",0.0,no cell in the extract: territory at zero opportunity
ifa_mw_mndn_k2,58723,ifa,ND,IFA,IFA_02,IFA,,38055,,3842660,"IFA Omaha, NE-IA",0.0,no cell in the extract: territory at zero opportunity
ifa_mw_mndn_k2,58725,ifa,ND,IFA,IFA_02,IFA,,38075,33500,3812260,"IFA Omaha, NE-IA",0.0,no cell in the extract: territory at zero opportunity
ifa_mw_mndn_k2,58727,ifa,ND,IFA,IFA_02,IFA,,38013,,3845220,"IFA Omaha, NE-IA",0.0,no cell in the extract: territory at zero opportunity
ifa_mw_mndn_k2,58730,ifa,ND,IFA,IFA_02,IFA,,38023,,3816940,"IFA Omaha, NE-IA",0.0,no cell in the extract: territory at zero opportunity
ifa_mw_mndn_k2,58731,ifa,ND,IFA,IFA_02,IFA,,38049,33500,3818620,"IFA Omaha, NE-IA",0.0,no cell in the extract: territory at zero opportunity
ifa_mw_mndn_k2,58733,ifa,ND,IFA,IFA_02,IFA,,38101,33500,3819300,"IFA Omaha, NE-IA",0.0,no cell in the extract: territory at zero opportunity
ifa_mw_mndn_k2,58734,ifa,ND,IFA,IFA_02,IFA,,38101,33500,3819900,"IFA Omaha, NE-IA",0.0,no cell in the extract: territory at zero opportunity
ifa_mw_mndn_k2,58735,ifa,ND,IFA,IFA_02,IFA,,38101,33500,3820020,"IFA Omaha, NE-IA",0.0,no cell in the extract: territory at zero opportunity
ifa_mw_mndn_k2,58736,ifa,ND,IFA,IFA_02,IFA,,38049,33500,3820300,"IFA Omaha, NE-IA",0.0,no cell in the extract: territory at zero opportunity
ifa_mw_mndn_k2,58737,ifa,ND,IFA,IFA_02,IFA,,38013,,3826700,"IFA Omaha, NE-IA",0.0,no cell in the extract: territory at zero opportunity
ifa_mw_mndn_k2,58740,ifa,ND,IFA,IFA_02,IFA,,38075,33500,3830580,"IFA Omaha, NE-IA",0.0,no cell in the extract: territory at zero opportunity
ifa_mw_mndn_k2,58741,ifa,ND,IFA,IFA_02,IFA,,38049,33500,3832660,"IFA Omaha, NE-IA",0.0,no cell in the extract: territory at zero opportunity
ifa_mw_mndn_k2,58744,ifa,ND,IFA,IFA_02,IFA,,38049,33500,3841380,"IFA Omaha, NE-IA",0.0,no cell in the extract: territory at zero opportunity
ifa_mw_mndn_k2,58746,ifa,ND,IFA,IFA_02,IFA,,38101,33500,3842020,"IFA Omaha, NE-IA",0.0,no cell in the extract: territory at zero opportunity
ifa_mw_mndn_k2,58748,ifa,ND,IFA,IFA_02,IFA,,38009,,3829180,"IFA Omaha, NE-IA",0.0,no cell in the extract: territory at zero opportunity
ifa_mw_mndn_k2,58750,ifa,ND,IFA,IFA_02,IFA,,38009,,3844900,"IFA Omaha, NE-IA",0.0,no cell in the extract: territory at zero opportunity
ifa_mw_mndn_k2,58752,ifa,ND,IFA,IFA_02,IFA,,38013,,3846540,"IFA Omaha, NE-IA",0.0,no cell in the extract: territory at zero opportunity
ifa_mw_mndn_k2,58755,ifa,ND,IFA,IFA_02,IFA,,38105,48780,3849220,"IFA Omaha, NE-IA",0.0,no cell in the extract: territory at zero opportunity
ifa_mw_mndn_k2,58756,ifa,ND,IFA,IFA_02,IFA,,38101,33500,3849820,"IFA Omaha, NE-IA",0.0,no cell in the extract: territory at zero opportunity
ifa_mw_mndn_k2,58757,ifa,ND,IFA,IFA_02,IFA,,38025,19860,3849980,"IFA Omaha, NE-IA",0.0,no cell in the extract: territory at zero opportunity
ifa_mw_mndn_k2,58758,ifa,ND,IFA,IFA_02,IFA,,38083,,3851060,"IFA Omaha, NE-IA",0.0,no cell in the extract: territory at zero opportunity
ifa_mw_mndn_k2,58759,ifa,ND,IFA,IFA_02,IFA,,38055,,3851380,"IFA Omaha, NE-IA",0.0,no cell in the extract: territory at zero opportunity
ifa_mw_mndn_k2,58760,ifa,ND,IFA,IFA_02,IFA,,38009,,3851420,"IFA Omaha, NE-IA",0.0,no cell in the extract: territory at zero opportunity
ifa_mw_mndn_k2,58761,ifa,ND,IFA,IFA_02,IFA,,38075,33500,3853780,"IFA Omaha, NE-IA",0.0,no cell in the extract: territory at zero opportunity
ifa_mw_mndn_k2,58762,ifa,ND,IFA,IFA_02,IFA,,38009,,3856020,"IFA Omaha, NE-IA",0.0,no cell in the extract: territory at zero opportunity
ifa_mw_mndn_k2,58763,ifa,ND,IFA,IFA_02,IFA,,38061,,3856740,"IFA Omaha, NE-IA",0.0,no cell in the extract: territory at zero opportunity
ifa_mw_mndn_k2,58765,ifa,ND,IFA,IFA_02,IFA,,38023,,3857220,"IFA Omaha, NE-IA",0.0,no cell in the extract: territory at zero opportunity
ifa_mw_mndn_k2,58768,ifa,ND,IFA,IFA_02,IFA,,38049,33500,,"IFA Omaha, NE-IA",0.0,no cell in the extract: territory at zero opportunity
ifa_mw_mndn_k2,58769,ifa,ND,IFA,IFA_02,IFA,,38061,,3860620,"IFA Omaha, NE-IA",0.0,no cell in the extract: territory at zero opportunity
ifa_mw_mndn_k2,58770,ifa,ND,IFA,IFA_02,IFA,,38061,,3860940,"IFA Omaha, NE-IA",0.0,no cell in the extract: territory at zero opportunity
ifa_mw_mndn_k2,58771,ifa,ND,IFA,IFA_02,IFA,,38061,,3862980,"IFA Omaha, NE-IA",0.0,no cell in the extract: territory at zero opportunity
ifa_mw_mndn_k2,58772,ifa,ND,IFA,IFA_02,IFA,,38013,,3863740,"IFA Omaha, NE-IA",0.0,no cell in the extract: territory at zero opportunity
ifa_mw_mndn_k2,58773,ifa,ND,IFA,IFA_02,IFA,,38013,,3864140,"IFA Omaha, NE-IA",0.0,no cell in the extract: territory at zero opportunity
ifa_mw_mndn_k2,58775,ifa,ND,IFA,IFA_02,IFA,,38055,,3885660,"IFA Omaha, NE-IA",0.0,no cell in the extract: territory at zero opportunity
ifa_mw_mndn_k2,58776,ifa,ND,IFA,IFA_02,IFA,,38061,,3868540,"IFA Omaha, NE-IA",0.0,no cell in the extract: territory at zero opportunity
ifa_mw_mndn_k2,58778,ifa,ND,IFA,IFA_02,IFA,,38055,,3869140,"IFA Omaha, NE-IA",0.0,no cell in the extract: territory at zero opportunity
ifa_mw_mndn_k2,58779,ifa,ND,IFA,IFA_02,IFA,,38055,,3869460,"IFA Omaha, NE-IA",0.0,no cell in the extract: territory at zero opportunity
ifa_mw_mndn_k2,58781,ifa,ND,IFA,IFA_02,IFA,,38101,33500,3870980,"IFA Omaha, NE-IA",0.0,no cell in the extract: territory at zero opportunity
ifa_mw_mndn_k2,58782,ifa,ND,IFA,IFA_02,IFA,,38075,33500,3872540,"IFA Omaha, NE-IA",0.0,no cell in the extract: territory at zero opportunity
ifa_mw_mndn_k2,58783,ifa,ND,IFA,IFA_02,IFA,,38009,,3874020,"IFA Omaha, NE-IA",0.0,no cell in the extract: territory at zero opportunity
ifa_mw_mndn_k2,58784,ifa,ND,IFA,IFA_02,IFA,,38061,,3875380,"IFA Omaha, NE-IA",0.0,no cell in the extract: territory at zero opportunity
ifa_mw_mndn_k2,58785,ifa,ND,IFA,IFA_02,IFA,,38101,33500,3877180,"IFA Omaha, NE-IA",0.0,no cell in the extract: territory at zero opportunity
ifa_mw_mndn_k2,58787,ifa,ND,IFA,IFA_02,IFA,,38075,33500,3879140,"IFA Omaha, NE-IA",0.0,no cell in the extract: territory at zero opportunity
ifa_mw_mndn_k2,58788,ifa,ND,IFA,IFA_02,IFA,,38049,33500,3879420,"IFA Omaha, NE-IA",0.0,no cell in the extract: territory at zero opportunity
ifa_mw_mndn_k2,58789,ifa,ND,IFA,IFA_02,IFA,,38049,33500,3880860,"IFA Omaha, NE-IA",0.0,no cell in the extract: territory at zero opportunity
ifa_mw_mndn_k2,58790,ifa,ND,IFA,IFA_02,IFA,,38049,33500,3881620,"IFA Omaha, NE-IA",0.0,no cell in the extract: territory at zero opportunity
ifa_mw_mndn_k2,58792,ifa,ND,IFA,IFA_02,IFA,,38049,33500,3806180,"IFA Omaha, NE-IA",0.0,no cell in the extract: territory at zero opportunity
ifa_mw_mndn_k2,58793,ifa,ND,IFA,IFA_02,IFA,,38009,,3885020,"IFA Omaha, NE-IA",0.0,no cell in the extract: territory at zero opportunity
ifa_mw_mndn_k2,58794,ifa,ND,IFA,IFA_02,IFA,,38061,,3885540,"IFA Omaha, NE-IA",0.0,no cell in the extract: territory at zero opportunity
ifa_mw_mndn_k2,58795,ifa,ND,IFA,IFA_02,IFA,,38023,,3886020,"IFA Omaha, NE-IA",0.0336961,
ifa_mw_mndn_k2,58801,ifa,ND,IFA,IFA_02,IFA,,38105,48780,3886220,"IFA Omaha, NE-IA",1.69936,
ifa_mw_mndn_k2,58830,ifa,ND,IFA,IFA_02,IFA,,38105,48780,3800940,"IFA Omaha, NE-IA",0.0,no cell in the extract: territory at zero opportunity
ifa_mw_mndn_k2,58831,ifa,ND,IFA,IFA_02,IFA,,38053,,3801180,"IFA Omaha, NE-IA",0.0,no cell in the extract: territory at zero opportunity
ifa_mw_mndn_k2,58833,ifa,ND,IFA,IFA_02,IFA,,38023,,3801860,"IFA Omaha, NE-IA",0.0,no cell in the extract: territory at zero opportunity
ifa_mw_mndn_k2,58835,ifa,ND,IFA,IFA_02,IFA,,38053,,3803220,"IFA Omaha, NE-IA",0.0,no cell in the extract: territory at zero opportunity
ifa_mw_mndn_k2,58838,ifa,ND,IFA,IFA_02,IFA,,38053,,,"IFA Omaha, NE-IA",0.0,no cell in the extract: territory at zero opportunity
ifa_mw_mndn_k2,58843,ifa,ND,IFA,IFA_02,IFA,,38105,48780,3824540,"IFA Omaha, NE-IA",0.0,no cell in the extract: territory at zero opportunity
ifa_mw_mndn_k2,58844,ifa,ND,IFA,IFA_02,IFA,,38023,,3827820,"IFA Omaha, NE-IA",0.0,no cell in the extract: territory at zero opportunity
ifa_mw_mndn_k2,58845,ifa,ND,IFA,IFA_02,IFA,,38105,48780,3833500,"IFA Omaha, NE-IA",0.0,no cell in the extract: territory at zero opportunity
ifa_mw_mndn_k2,58847,ifa,ND,IFA,IFA_02,IFA,,38053,,,"IFA Omaha, NE-IA",0.0,no cell in the extract: territory at zero opportunity
ifa_mw_mndn_k2,58849,ifa,ND,IFA,IFA_02,IFA,,38105,48780,3865580,"IFA Omaha, NE-IA",0.0,no cell in the extract: territory at zero opportunity
ifa_mw_mndn_k2,58852,ifa,ND,IFA,IFA_02,IFA,,38105,48780,3878940,"IFA Omaha, NE-IA",0.0,no cell in the extract: territory at zero opportunity
ifa_mw_mndn_k2,58853,ifa,ND,IFA,IFA_02,IFA,,38105,48780,3879460,"IFA Omaha, NE-IA",0.0,no cell in the extract: territory at zero opportunity
ifa_mw_mndn_k2,58854,ifa,ND,IFA,IFA_02,IFA,,38053,,3883860,"IFA Omaha, NE-IA",1.23784,
ifa_mw_mndn_k2,58856,ifa,ND,IFA,IFA_02,IFA,,38105,48780,,"IFA Omaha, NE-IA",0.0,no cell in the extract: territory at zero opportunity
ifa_mw_mndn_k2,68001,ifa,NE,IFA,IFA_02,IFA,,31023,,3100205,"IFA Omaha, NE-IA",0.0,no cell in the extract: territory at zero opportunity
ifa_mw_mndn_k2,68002,ifa,NE,IFA,IFA_02,IFA,,31177,36540,3101990,"IFA Omaha, NE-IA",0.0,no cell in the extract: territory at zero opportunity
ifa_mw_mndn_k2,68003,ifa,NE,IFA,IFA_02,IFA,,31155,36540,3151350,"IFA Omaha, NE-IA",0.238647,
ifa_mw_mndn_k2,68004,ifa,NE,IFA,IFA_02,IFA,,31039,,3103005,"IFA Omaha, NE-IA",0.0,no cell in the extract: territory at zero opportunity
ifa_mw_mndn_k2,68005,ifa,NE,IFA,IFA_02,IFA,,31153,36540,3103950,"IFA Omaha, NE-IA",0.201045,
ifa_mw_mndn_k2,68007,ifa,NE,IFA,IFA_02,IFA,,31055,36540,3104405,"IFA Omaha, NE-IA",0.298726,
ifa_mw_mndn_k2,68008,ifa,NE,IFA,IFA_02,IFA,,31177,36540,3105350,"IFA Omaha, NE-IA",0.100297,
ifa_mw_mndn_k2,68010,ifa,NE,IFA,IFA_02,IFA,,31055,36540,3106015,"IFA Omaha, NE-IA",0.322523,
ifa_mw_mndn_k2,68014,ifa,NE,IFA,IFA_02,IFA,,31023,,3106855,"IFA Omaha, NE-IA",0.0,no cell in the extract: territory at zero opportunity
ifa_mw_mndn_k2,68015,ifa,NE,IFA,IFA_02,IFA,,31155,36540,3108150,"IFA Omaha, NE-IA",0.0,no cell in the extract: territory at zero opportunity
ifa_mw_mndn_k2,68016,ifa,NE,IFA,IFA_02,IFA,,31025,36540,3108185,"IFA Omaha, NE-IA",0.0,no cell in the extract: territory at zero opportunity
ifa_mw_mndn_k2,68017,ifa,NE,IFA,IFA_02,IFA,,31155,36540,3108570,"IFA Omaha, NE-IA",0.0,no cell in the extract: territory at zero opportunity
ifa_mw_mndn_k2,68018,ifa,NE,IFA,IFA_02,IFA,,31155,36540,3110005,"IFA Omaha, NE-IA",0.0,no cell in the extract: territory at zero opportunity
ifa_mw_mndn_k2,68019,ifa,NE,IFA,IFA_02,IFA,,31021,,3111090,"IFA Omaha, NE-IA",0.0,no cell in the extract: territory at zero opportunity
ifa_mw_mndn_k2,68020,ifa,NE,IFA,IFA_02,IFA,,31021,,3112525,"IFA Omaha, NE-IA",0.0,no cell in the extract: territory at zero opportunity
ifa_mw_mndn_k2,68022,ifa,NE,IFA,IFA_02,IFA,,31055,36540,3137000,"IFA Omaha, NE-IA",13.8804,
ifa_mw_mndn_k2,68023,ifa,NE,IFA,IFA_02,IFA,,31177,36540,3117145,"IFA Omaha, NE-IA",0.0,no cell in the extract: territory at zero opportunity
ifa_mw_mndn_k2,68025,ifa,NE,IFA,IFA_02,IFA,,31053,23340,3117670,"IFA Omaha, NE-IA",0.19181,
ifa_mw_mndn_k2,68028,ifa,NE,IFA,IFA_02,IFA,,31153,36540,3120260,"IFA Omaha, NE-IA",0.00636361,
ifa_mw_mndn_k2,68029,ifa,NE,IFA,IFA_02,IFA,,31177,36540,3122185,"IFA Omaha, NE-IA",0.0,no cell in the extract: territory at zero opportunity
ifa_mw_mndn_k2,68030,ifa,NE,IFA,IFA_02,IFA,,31043,43580,3122920,"IFA Omaha, NE-IA",0.0,no cell in the extract: territory at zero opportunity
ifa_mw_mndn_k2,68031,ifa,NE,IFA,IFA_02,IFA,,31053,23340,3123025,"IFA Omaha, NE-IA",0.0,no cell in the extract: territory at zero opportunity
ifa_mw_mndn_k2,68033,ifa,NE,IFA,IFA_02,IFA,,31155,36540,3124285,"IFA Omaha, NE-IA",0.0,no cell in the extract: territory at zero opportunity
ifa_mw_mndn_k2,68034,ifa,NE,IFA,IFA_02,IFA,,31177,36540,3125230,"IFA Omaha, NE-IA",0.0,no cell in the extract: territory at zero opportunity
ifa_mw_mndn_k2,68036,ifa,NE,IFA,IFA_02,IFA,,31023,,3128245,"IFA Omaha, NE-IA",0.0,no cell in the extract: territory at zero opportunity
ifa_mw_mndn_k2,68037,ifa,NE,IFA,IFA_02,IFA,,31025,36540,3129260,"IFA Omaha, NE-IA",0.0,no cell in the extract: territory at zero opportunity
ifa_mw_mndn_k2,68038,ifa,NE,IFA,IFA_02,IFA,,31021,,3129855,"IFA Omaha, NE-IA",0.0,no cell in the extract: territory at zero opportunity
ifa_mw_mndn_k2,68039,ifa,NE,IFA,IFA_02,IFA,,31173,,3130170,"IFA Omaha, NE-IA",0.0,no cell in the extract: territory at zero opportunity
ifa_mw_mndn_k2,68040,ifa,NE,IFA,IFA_02,IFA,,31155,36540,3130380,"IFA Omaha, NE-IA",0.0,no cell in the extract: territory at zero opportunity
ifa_mw_mndn_k2,68041,ifa,NE,IFA,IFA_02,IFA,,31155,36540,3131395,"IFA Omaha, NE-IA",0.0,no cell in the extract: territory at zero opportunity
ifa_mw_mndn_k2,68042,ifa,NE,IFA,IFA_02,IFA,,31155,36540,3131640,"IFA Omaha, NE-IA",0.0,no cell in the extract: territory at zero opportunity
ifa_mw_mndn_k2,68044,ifa,NE,IFA,IFA_02,IFA,,31053,23340,3134300,"IFA Omaha, NE-IA",0.0,no cell in the extract: territory at zero opportunity
ifa_mw_mndn_k2,68045,ifa,NE,IFA,IFA_02,IFA,,31021,,3135490,"IFA Omaha, NE-IA",10.8929,
ifa_mw_mndn_k2,68046,ifa,NE,IFA,IFA_02,IFA,,31153,36540,3138295,"IFA Omaha, NE-IA",4.66762,
ifa_mw_mndn_k2,68047,ifa,NE,IFA,IFA_02,IFA,,31173,,3138750,"IFA Omaha, NE-IA",2.7739,
ifa_mw_mndn_k2,68048,ifa,NE,IFA,IFA_02,IFA,,31025,36540,3139345,"IFA Omaha, NE-IA",0.0,no cell in the extract: territory at zero opportunity
ifa_mw_mndn_k2,68050,ifa,NE,IFA,IFA_02,IFA,,31155,36540,3139975,"IFA Omaha, NE-IA",0.0,no cell in the extract: territory at zero opportunity
ifa_mw_mndn_k2,68055,ifa,NE,IFA,IFA_02,IFA,,31173,,3142250,"IFA Omaha, NE-IA",0.0,no cell in the extract: territory at zero opportunity
ifa_mw_mndn_k2,68056,ifa,NE,IFA,IFA_02,IFA,,31153,36540,,"IFA Omaha, NE-IA",0.0,no cell in the extract: territory at zero opportunity
ifa_mw_mndn_k2,68057,ifa,NE,IFA,IFA_02,IFA,,31053,23340,3144280,"IFA Omaha, NE-IA",0.0,no cell in the extract: territory at zero opportunity
ifa_mw_mndn_k2,68058,ifa,NE,IFA,IFA_02,IFA,,31025,36540,3145680,"IFA Omaha, NE-IA",0.0,no cell in the extract: territory at zero opportunity
ifa_mw_mndn_k2,68059,ifa,NE,IFA,IFA_02,IFA,,31153,36540,3146520,"IFA Omaha, NE-IA",0.0,no cell in the extract: territory at zero opportunity
ifa_mw_mndn_k2,68061,ifa,NE,IFA,IFA_02,IFA,,31021,,3148515,"IFA Omaha, NE-IA",0.047727,
ifa_mw_mndn_k2,68062,ifa,NE,IFA,IFA_02,IFA,,31173,,3148900,"IFA Omaha, NE-IA",0.0,no cell in the extract: territory at zero opportunity
ifa_mw_mndn_k2,68063,ifa,NE,IFA,IFA_02,IFA,,31053,23340,3149425,"IFA Omaha, NE-IA",0.0,no cell in the extract: territory at zero opportunity
ifa_mw_mndn_k2,68064,ifa,NE,IFA,IFA_02,IFA,,31055,36540,3150020,"IFA Omaha, NE-IA",0.0,no cell in the extract: territory at zero opportunity
ifa_mw_mndn_k2,68065,ifa,NE,IFA,IFA_02,IFA,,31155,36540,3150125,"IFA Omaha, NE-IA",0.0,no cell in the extract: territory at zero opportunity
ifa_mw_mndn_k2,68066,ifa,NE,IFA,IFA_02,IFA,,31155,36540,3150965,"IFA Omaha, NE-IA",0.0,no cell in the extract: territory at zero opportunity
ifa_mw_mndn_k2,68067,ifa,NE,IFA,IFA_02,IFA,,31173,,3151245,"IFA Omaha, NE-IA",0.0,no cell in the extract: territory at zero opportunity
ifa_mw_mndn_k2,68068,ifa,NE,IFA,IFA_02,IFA,,31177,36540,3151595,"IFA Omaha, NE-IA",0.0,no cell in the extract: territory at zero opportunity
ifa_mw_mndn_k2,68069,ifa,NE,IFA,IFA_02,IFA,,31055,36540,3151665,"IFA Omaha, NE-IA",0.0,no cell in the extract: territory at zero opportunity
ifa_mw_mndn_k2,68070,ifa,NE,IFA,IFA_02,IFA,,31155,36540,3152540,"IFA Omaha, NE-IA",0.0,no cell in the extract: territory at zero opportunity
ifa_mw_mndn_k2,68071,ifa,NE,IFA,IFA_02,IFA,,31173,,3153275,"IFA Omaha, NE-IA",0.0,no cell in the extract: territory at zero opportunity
ifa_mw_mndn_k2,68072,ifa,NE,IFA,IFA_02,IFA,,31053,23340,3153415,"IFA Omaha, NE-IA",0.0,no cell in the extract: territory at zero opportunity
ifa_mw_mndn_k2,68073,ifa,NE,IFA,IFA_02,IFA,,31155,36540,3154115,"IFA Omaha, NE-IA",0.0,no cell in the extract: territory at zero opportunity
ifa_mw_mndn_k2,68102,ifa,NE,IFA,IFA_02,IFA,,31055,36540,3137000,"IFA Omaha, NE-IA",0.0,no cell in the extract: territory at zero opportunity
ifa_mw_mndn_k2,68104,ifa,NE,IFA,IFA_02,IFA,,31055,36540,3137000,"IFA Omaha, NE-IA",0.0,no cell in the extract: territory at zero opportunity
ifa_mw_mndn_k2,68105,ifa,NE,IFA,IFA_02,IFA,,31055,36540,3137000,"IFA Omaha, NE-IA",0.0,no cell in the extract: territory at zero opportunity
ifa_mw_mndn_k2,68106,ifa,NE,IFA,IFA_02,IFA,,31055,36540,3137000,"IFA Omaha, NE-IA",1.09766,
ifa_mw_mndn_k2,68107,ifa,NE,IFA,IFA_02,IFA,,31055,36540,3137000,"IFA Omaha, NE-IA",0.0,no cell in the extract: territory at zero opportunity
ifa_mw_mndn_k2,68108,ifa,NE,IFA,IFA_02,IFA,,31055,36540,3137000,"IFA Omaha, NE-IA",0.0,no cell in the extract: territory at zero opportunity
ifa_mw_mndn_k2,68110,ifa,NE,IFA,IFA_02,IFA,,31055,36540,3137000,"IFA Omaha, NE-IA",0.0,no cell in the extract: territory at zero opportunity
ifa_mw_mndn_k2,68111,ifa,NE,IFA,IFA_02,IFA,,31055,36540,3137000,"IFA Omaha, NE-IA",0.0,no cell in the extract: territory at zero opportunity
ifa_mw_mndn_k2,68112,ifa,NE,IFA,IFA_02,IFA,,31055,36540,3137000,"IFA Omaha, NE-IA",0.0,no cell in the extract: territory at zero opportunity
ifa_mw_mndn_k2,68113,ifa,NE,IFA,IFA_02,IFA,,31153,36540,3135875,"IFA Omaha, NE-IA",0.0,no cell in the extract: territory at zero opportunity
ifa_mw_mndn_k2,68114,ifa,NE,IFA,IFA_02,IFA,,31055,36540,3137000,"IFA Omaha, NE-IA",43.7282,
ifa_mw_mndn_k2,68116,ifa,NE,IFA,IFA_02,IFA,,31055,36540,3137000,"IFA Omaha, NE-IA",3.38534,
ifa_mw_mndn_k2,68117,ifa,NE,IFA,IFA_02,IFA,,31055,36540,3137000,"IFA Omaha, NE-IA",0.0,no cell in the extract: territory at zero opportunity
ifa_mw_mndn_k2,68118,ifa,NE,IFA,IFA_02,IFA,,31055,36540,3137000,"IFA Omaha, NE-IA",37.1101,
ifa_mw_mndn_k2,68122,ifa,NE,IFA,IFA_02,IFA,,31055,36540,3137000,"IFA Omaha, NE-IA",0.0,no cell in the extract: territory at zero opportunity
ifa_mw_mndn_k2,68123,ifa,NE,IFA,IFA_02,IFA,,31153,36540,3103950,"IFA Omaha, NE-IA",0.000954541,
ifa_mw_mndn_k2,68124,ifa,NE,IFA,IFA_02,IFA,,31055,36540,3137000,"IFA Omaha, NE-IA",0.101143,
ifa_mw_mndn_k2,68127,ifa,NE,IFA,IFA_02,IFA,,31055,36540,3137000,"IFA Omaha, NE-IA",0.805536,
ifa_mw_mndn_k2,68128,ifa,NE,IFA,IFA_02,IFA,,31153,36540,3126385,"IFA Omaha, NE-IA",1.71937,
ifa_mw_mndn_k2,68130,ifa,NE,IFA,IFA_02,IFA,,31055,36540,3137000,"IFA Omaha, NE-IA",9.03623,
ifa_mw_mndn_k2,68131,ifa,NE,IFA,IFA_02,IFA,,31055,36540,3137000,"IFA Omaha, NE-IA",2.1712,
ifa_mw_mndn_k2,68132,ifa,NE,IFA,IFA_02,IFA,,31055,36540,3137000,"IFA Omaha, NE-IA",0.0,no cell in the extract: territory at zero opportunity
ifa_mw_mndn_k2,68133,ifa,NE,IFA,IFA_02,IFA,,31153,36540,3138295,"IFA Omaha, NE-IA",2.18444,
ifa_mw_mndn_k2,68134,ifa,NE,IFA,IFA_02,IFA,,31055,36540,3137000,"IFA Omaha, NE-IA",0.0,no cell in the extract: territory at zero opportunity
ifa_mw_mndn_k2,68135,ifa,NE,IFA,IFA_02,IFA,,31055,36540,3137000,"IFA Omaha, NE-IA",2.8237,
ifa_mw_mndn_k2,68136,ifa,NE,IFA,IFA_02,IFA,,31153,36540,3120260,"IFA Omaha, NE-IA",1.85843,
ifa_mw_mndn_k2,68137,ifa,NE,IFA,IFA_02,IFA,,31055,36540,3137000,"IFA Omaha, NE-IA",11.1729,
ifa_mw_mndn_k2,68138,ifa,NE,IFA,IFA_02,IFA,,31153,36540,3108640,"IFA Omaha, NE-IA",0.139945,
ifa_mw_mndn_k2,68142,ifa,NE,IFA,IFA_02,IFA,,31055,36540,3137000,"IFA Omaha, NE-IA",0.0,no cell in the extract: territory at zero opportunity
ifa_mw_mndn_k2,68144,ifa,NE,IFA,IFA_02,IFA,,31055,36540,3137000,"IFA Omaha, NE-IA",80.4809,
ifa_mw_mndn_k2,68147,ifa,NE,IFA,IFA_02,IFA,,31153,36540,3103950,"IFA Omaha, NE-IA",0.0,no cell in the extract: territory at zero opportunity
ifa_mw_mndn_k2,68152,ifa,NE,IFA,IFA_02,IFA,,31055,36540,3137000,"IFA Omaha, NE-IA",0.0,no cell in the extract: territory at zero opportunity
ifa_mw_mndn_k2,68154,ifa,NE,IFA,IFA_02,IFA,,31055,36540,3137000,"IFA Omaha, NE-IA",41.4862,
ifa_mw_mndn_k2,68157,ifa,NE,IFA,IFA_02,IFA,,31153,36540,3103950,"IFA Omaha, NE-IA",0.0,no cell in the extract: territory at zero opportunity
ifa_mw_mndn_k2,68164,ifa,NE,IFA,IFA_02,IFA,,31055,36540,3137000,"IFA Omaha, NE-IA",1.65815,
ifa_mw_mndn_k2,68178,ifa,NE,IFA,IFA_02,IFA,,31055,36540,3137000,"IFA Omaha, NE-IA",0.0,no cell in the extract: territory at zero opportunity
ifa_mw_mndn_k2,68182,ifa,NE,IFA,IFA_02,IFA,,31055,36540,3137000,"IFA Omaha, NE-IA",0.0,no cell in the extract: territory at zero opportunity
ifa_mw_mndn_k2,68183,ifa,NE,IFA,IFA_02,IFA,,31055,36540,3137000,"IFA Omaha, NE-IA",0.0,no cell in the extract: territory at zero opportunity
ifa_mw_mndn_k2,68301,ifa,NE,IFA,IFA_02,IFA,,31067,13100,3100240,"IFA Omaha, NE-IA",0.0,no cell in the extract: territory at zero opportunity
ifa_mw_mndn_k2,68303,ifa,NE,IFA,IFA_02,IFA,,31169,,3100730,"IFA Omaha, NE-IA",0.0,no cell in the extract: territory at zero opportunity
ifa_mw_mndn_k2,68304,ifa,NE,IFA,IFA_02,IFA,,31025,36540,3101150,"IFA Omaha, NE-IA",0.0,no cell in the extract: territory at zero opportunity
ifa_mw_mndn_k2,68305,ifa,NE,IFA,IFA_02,IFA,,31127,,3102655,"IFA Omaha, NE-IA",0.0,no cell in the extract: territory at zero opportunity
ifa_mw_mndn_k2,68307,ifa,NE,IFA,IFA_02,IFA,,31025,36540,3102795,"IFA Omaha, NE-IA",0.0,no cell in the extract: territory at zero opportunity
ifa_mw_mndn_k2,68309,ifa,NE,IFA,IFA_02,IFA,,31067,13100,3103075,"IFA Omaha, NE-IA",0.0,no cell in the extract: territory at zero opportunity
ifa_mw_mndn_k2,68310,ifa,NE,IFA,IFA_02,IFA,,31067,13100,3103390,"IFA Omaha, NE-IA",2.75402,
ifa_mw_mndn_k2,68313,ifa,NE,IFA,IFA_02,IFA,,31159,30700,3103530,"IFA Omaha, NE-IA",0.0,no cell in the extract: territory at zero opportunity
ifa_mw_mndn_k2,68314,ifa,NE,IFA,IFA_02,IFA,,31159,30700,3103600,"IFA Omaha, NE-IA",0.0,no cell in the extract: territory at zero opportunity
ifa_mw_mndn_k2,68315,ifa,NE,IFA,IFA_02,IFA,,31169,,3104160,"IFA Omaha, NE-IA",0.0,no cell in the extract: territory at zero opportunity
ifa_mw_mndn_k2,68316,ifa,NE,IFA,IFA_02,IFA,,31185,,3104195,"IFA Omaha, NE-IA",0.0,no cell in the extract: territory at zero opportunity
ifa_mw_mndn_k2,68317,ifa,NE,IFA,IFA_02,IFA,,31109,30700,3104300,"IFA Omaha, NE-IA",0.0,no cell in the extract: territory at zero opportunity
ifa_mw_mndn_k2,68318,ifa,NE,IFA,IFA_02,IFA,,31067,13100,3105630,"IFA Omaha, NE-IA",0.0,no cell in the extract: territory at zero opportunity
ifa_mw_mndn_k2,68319,ifa,NE,IFA,IFA_02,IFA,,31185,,3106050,"IFA Omaha, NE-IA",0.0,no cell in the extract: territory at zero opportunity
ifa_mw_mndn_k2,68320,ifa,NE,IFA,IFA_02,IFA,,31127,,3106505,"IFA Omaha, NE-IA",0.0,no cell in the extract: territory at zero opportunity
ifa_mw_mndn_k2,68321,ifa,NE,IFA,IFA_02,IFA,,31127,,3106750,"IFA Omaha, NE-IA",0.0,no cell in the extract: territory at zero opportunity
ifa_mw_mndn_k2,68322,ifa,NE,IFA,IFA_02,IFA,,31169,,3106820,"IFA Omaha, NE-IA",0.0,no cell in the extract: territory at zero opportunity
ifa_mw_mndn_k2,68323,ifa,NE,IFA,IFA_02,IFA,,31133,,3107065,"IFA Omaha, NE-IA",0.0,no cell in the extract: territory at zero opportunity
ifa_mw_mndn_k2,68324,ifa,NE,IFA,IFA_02,IFA,,31131,,3107205,"IFA Omaha, NE-IA",0.0,no cell in the extract: territory at zero opportunity
ifa_mw_mndn_k2,68325,ifa,NE,IFA,IFA_02,IFA,,31169,,3107555,"IFA Omaha, NE-IA",0.0,no cell in the extract: territory at zero opportunity
ifa_mw_mndn_k2,68326,ifa,NE,IFA,IFA_02,IFA,,31169,,3107975,"IFA Omaha, NE-IA",0.0,no cell in the extract: territory at zero opportunity
ifa_mw_mndn_k2,68327,ifa,NE,IFA,IFA_02,IFA,,31169,,3109095,"IFA Omaha, NE-IA",0.0,no cell in the extract: territory at zero opportunity
ifa_mw_mndn_k2,68328,ifa,NE,IFA,IFA_02,IFA,,31067,13100,3109270,"IFA Omaha, NE-IA",0.0,no cell in the extract: territory at zero opportunity
ifa_mw_mndn_k2,68329,ifa,NE,IFA,IFA_02,IFA,,31097,,3110390,"IFA Omaha, NE-IA",0.0,no cell in the extract: territory at zero opportunity
ifa_mw_mndn_k2,68330,ifa,NE,IFA,IFA_02,IFA,,31159,30700,3110495,"IFA Omaha, NE-IA",0.0,no cell in the extract: territory at zero opportunity
ifa_mw_mndn_k2,68331,ifa,NE,IFA,IFA_02,IFA,,31067,13100,3110635,"IFA Omaha, NE-IA",0.0,no cell in the extract: territory at zero opportunity
ifa_mw_mndn_k2,68332,ifa,NE,IFA,IFA_02,IFA,,31097,,3111055,"IFA Omaha, NE-IA",0.0,no cell in the extract: territory at zero opportunity
ifa_mw_mndn_k2,68333,ifa,NE,IFA,IFA_02,IFA,,31151,,3111370,"IFA Omaha, NE-IA",0.0,no cell in the extract: territory at zero opportunity
ifa_mw_mndn_k2,68335,ifa,NE,IFA,IFA_02,IFA,,31169,,3112245,"IFA Omaha, NE-IA",0.0,no cell in the extract: territory at zero opportunity
ifa_mw_mndn_k2,68336,ifa,NE,IFA,IFA_02,IFA,,31109,30700,3128000,"IFA Omaha, NE-IA",0.0,no cell in the extract: territory at zero opportunity
ifa_mw_mndn_k2,68337,ifa,NE,IFA,IFA_02,IFA,,31147,,3112420,"IFA Omaha, NE-IA",0.0,no cell in the extract: territory at zero opportunity
ifa_mw_mndn_k2,68338,ifa,NE,IFA,IFA_02,IFA,,31095,,3112455,"IFA Omaha, NE-IA",0.0,no cell in the extract: territory at zero opportunity
ifa_mw_mndn_k2,68339,ifa,NE,IFA,IFA_02,IFA,,31109,30700,3112770,"IFA Omaha, NE-IA",0.0,no cell in the extract: territory at zero opportunity
ifa_mw_mndn_k2,68340,ifa,NE,IFA,IFA_02,IFA,,31169,,3112840,"IFA Omaha, NE-IA",0.0,no cell in the extract: territory at zero opportunity
ifa_mw_mndn_k2,68341,ifa,NE,IFA,IFA_02,IFA,,31067,13100,3113015,"IFA Omaha, NE-IA",0.0,no cell in the extract: territory at zero opportunity
ifa_mw_mndn_k2,68342,ifa,NE,IFA,IFA_02,IFA,,31095,,3113085,"IFA Omaha, NE-IA",0.0,no cell in the extract: territory at zero opportunity
ifa_mw_mndn_k2,68343,ifa,NE,IFA,IFA_02,IFA,,31151,,3113435,"IFA Omaha, NE-IA",0.0,no cell in the extract: territory at zero opportunity
ifa_mw_mndn_k2,68344,ifa,NE,IFA,IFA_02,IFA,,31131,,3113505,"IFA Omaha, NE-IA",0.0,no cell in the extract: territory at zero opportunity
ifa_mw_mndn_k2,68345,ifa,NE,IFA,IFA_02,IFA,,31133,,3113750,"IFA Omaha, NE-IA",0.0,no cell in the extract: territory at zero opportunity
ifa_mw_mndn_k2,68346,ifa,NE,IFA,IFA_02,IFA,,31131,,3113855,"IFA Omaha, NE-IA",0.0,no cell in the extract: territory at zero opportunity
ifa_mw_mndn_k2,68347,ifa,NE,IFA,IFA_02,IFA,,31025,36540,3114100,"IFA Omaha, NE-IA",0.0,no cell in the extract: territory at zero opportunity
ifa_mw_mndn_k2,68348,ifa,NE,IFA,IFA_02,IFA,,31097,,3114975,"IFA Omaha, NE-IA",0.0,no cell in the extract: territory at zero opportunity
ifa_mw_mndn_k2,68349,ifa,NE,IFA,IFA_02,IFA,,31025,36540,3115430,"IFA Omaha, NE-IA",0.0327726,
ifa_mw_mndn_k2,68350,ifa,NE,IFA,IFA_02,IFA,,31095,,3115920,"IFA Omaha, NE-IA",0.0,no cell in the extract: territory at zero opportunity
ifa_mw_mndn_k2,68351,ifa,NE,IFA,IFA_02,IFA,,31059,,3116340,"IFA Omaha, NE-IA",0.0,no cell in the extract: territory at zero opportunity
ifa_mw_mndn_k2,68352,ifa,NE,IFA,IFA_02,IFA,,31095,,3116410,"IFA Omaha, NE-IA",0.00178976,
ifa_mw_mndn_k2,68354,ifa,NE,IFA,IFA_02,IFA,,31059,,3116550,"IFA Omaha, NE-IA",0.0,no cell in the extract: territory at zero opportunity
ifa_mw_mndn_k2,68355,ifa,NE,IFA,IFA_02,IFA,,31147,,3116655,"IFA Omaha, NE-IA",0.0,no cell in the extract: territory at zero opportunity
ifa_mw_mndn_k2,68357,ifa,NE,IFA,IFA_02,IFA,,31067,13100,3116830,"IFA Omaha, NE-IA",0.0,no cell in the extract: territory at zero opportunity
ifa_mw_mndn_k2,68358,ifa,NE,IFA,IFA_02,IFA,,31109,30700,3116935,"IFA Omaha, NE-IA",0.0,no cell in the extract: territory at zero opportunity
ifa_mw_mndn_k2,68359,ifa,NE,IFA,IFA_02,IFA,,31151,,3117775,"IFA Omaha, NE-IA",0.0,no cell in the extract: territory at zero opportunity
ifa_mw_mndn_k2,68360,ifa,NE,IFA,IFA_02,IFA,,31159,30700,3118230,"IFA Omaha, NE-IA",0.0,no cell in the extract: territory at zero opportunity
ifa_mw_mndn_k2,68361,ifa,NE,IFA,IFA_02,IFA,,31059,,3118405,"IFA Omaha, NE-IA",0.585011,
ifa_mw_mndn_k2,68362,ifa,NE,IFA,IFA_02,IFA,,31169,,3118720,"IFA Omaha, NE-IA",0.0,no cell in the extract: territory at zero opportunity
ifa_mw_mndn_k2,68364,ifa,NE,IFA,IFA_02,IFA,,31159,30700,3119245,"IFA Omaha, NE-IA",0.0,no cell in the extract: territory at zero opportunity
ifa_mw_mndn_k2,68365,ifa,NE,IFA,IFA_02,IFA,,31059,,3119455,"IFA Omaha, NE-IA",0.0,no cell in the extract: territory at zero opportunity
ifa_mw_mndn_k2,68366,ifa,NE,IFA,IFA_02,IFA,,31025,36540,3120190,"IFA Omaha, NE-IA",0.0,no cell in the extract: territory at zero opportunity
ifa_mw_mndn_k2,68367,ifa,NE,IFA,IFA_02,IFA,,31143,,3120225,"IFA Omaha, NE-IA",0.0,no cell in the extract: territory at zero opportunity
ifa_mw_mndn_k2,68368,ifa,NE,IFA,IFA_02,IFA,,31109,30700,3120610,"IFA Omaha, NE-IA",0.0,no cell in the extract: territory at zero opportunity
ifa_mw_mndn_k2,68370,ifa,NE,IFA,IFA_02,IFA,,31169,,3121905,"IFA Omaha, NE-IA",0.0,no cell in the extract: territory at zero opportunity
ifa_mw_mndn_k2,68371,ifa,NE,IFA,IFA_02,IFA,,31185,,3122080,"IFA Omaha, NE-IA",0.0,no cell in the extract: territory at zero opportunity
ifa_mw_mndn_k2,68372,ifa,NE,IFA,IFA_02,IFA,,31109,30700,3122325,"IFA Omaha, NE-IA",0.0,no cell in the extract: territory at zero opportunity
ifa_mw_mndn_k2,68375,ifa,NE,IFA,IFA_02,IFA,,31169,,3123410,"IFA Omaha, NE-IA",0.0,no cell in the extract: territory at zero opportunity
ifa_mw_mndn_k2,68376,ifa,NE,IFA,IFA_02,IFA,,31147,,3123445,"IFA Omaha, NE-IA",0.0,no cell in the extract: territory at zero opportunity
ifa_mw_mndn_k2,68377,ifa,NE,IFA,IFA_02,IFA,,31095,,3124530,"IFA Omaha, NE-IA",0.0,no cell in the extract: territory at zero opportunity
ifa_mw_mndn_k2,68378,ifa,NE,IFA,IFA_02,IFA,,31127,,3124670,"IFA Omaha, NE-IA",0.0,no cell in the extract: territory at zero opportunity
ifa_mw_mndn_k2,68379,ifa,NE,IFA,IFA_02,IFA,,31131,,3124915,"IFA Omaha, NE-IA",0.0,no cell in the extract: territory at zero opportunity
ifa_mw_mndn_k2,68380,ifa,NE,IFA,IFA_02,IFA,,31133,,3126875,"IFA Omaha, NE-IA",0.0,no cell in the extract: territory at zero opportunity
ifa_mw_mndn_k2,68381,ifa,NE,IFA,IFA_02,IFA,,31067,13100,3126980,"IFA Omaha, NE-IA",0.0,no cell in the extract: territory at zero opportunity
ifa_mw_mndn_k2,68382,ifa,NE,IFA,IFA_02,IFA,,31131,,3129175,"IFA Omaha, NE-IA",0.0,no cell in the extract: territory at zero opportunity
ifa_mw_mndn_k2,68401,ifa,NE,IFA,IFA_02,IFA,,31185,,3129960,"IFA Omaha, NE-IA",0.0,no cell in the extract: territory at zero opportunity
ifa_mw_mndn_k2,68402,ifa,NE,IFA,IFA_02,IFA,,31109,30700,3130345,"IFA Omaha, NE-IA",0.0,no cell in the extract: territory at zero opportunity
ifa_mw_mndn_k2,68403,ifa,NE,IFA,IFA_02,IFA,,31025,36540,3130415,"IFA Omaha, NE-IA",0.0,no cell in the extract: territory at zero opportunity
ifa_mw_mndn_k2,68404,ifa,NE,IFA,IFA_02,IFA,,31109,30700,3140395,"IFA Omaha, NE-IA",0.0,no cell in the extract: territory at zero opportunity
ifa_mw_mndn_k2,68405,ifa,NE,IFA,IFA_02,IFA,,31159,30700,3132060,"IFA Omaha, NE-IA",0.0,no cell in the extract: territory at zero opportunity
ifa_mw_mndn_k2,68406,ifa,NE,IFA,IFA_02,IFA,,31059,,3132200,"IFA Omaha, NE-IA",0.0,no cell in the extract: territory at zero opportunity
ifa_mw_mndn_k2,68407,ifa,NE,IFA,IFA_02,IFA,,31025,36540,3133320,"IFA Omaha, NE-IA",0.0,no cell in the extract: territory at zero opportunity
ifa_mw_mndn_k2,68409,ifa,NE,IFA,IFA_02,IFA,,31025,36540,3133425,"IFA Omaha, NE-IA",0.0,no cell in the extract: territory at zero opportunity
ifa_mw_mndn_k2,68410,ifa,NE,IFA,IFA_02,IFA,,31131,,3133705,"IFA Omaha, NE-IA",7.54197,
ifa_mw_mndn_k2,68413,ifa,NE,IFA,IFA_02,IFA,,31025,36540,3133740,"IFA Omaha, NE-IA",0.0,no cell in the extract: territory at zero opportunity
ifa_mw_mndn_k2,68414,ifa,NE,IFA,IFA_02,IFA,,31127,,3133950,"IFA Omaha, NE-IA",0.0,no cell in the extract: territory at zero opportunity
ifa_mw_mndn_k2,68415,ifa,NE,IFA,IFA_02,IFA,,31067,13100,3135735,"IFA Omaha, NE-IA",0.0,no cell in the extract: territory at zero opportunity
ifa_mw_mndn_k2,68416,ifa,NE,IFA,IFA_02,IFA,,31059,,3136015,"IFA Omaha, NE-IA",0.0,no cell in the extract: territory at zero opportunity
ifa_mw_mndn_k2,68417,ifa,NE,IFA,IFA_02,IFA,,31131,,3137630,"IFA Omaha, NE-IA",0.0,no cell in the extract: territory at zero opportunity
ifa_mw_mndn_k2,68418,ifa,NE,IFA,IFA_02,IFA,,31131,,3138190,"IFA Omaha, NE-IA",0.0,no cell in the extract: territory at zero opportunity
ifa_mw_mndn_k2,68419,ifa,NE,IFA,IFA_02,IFA,,31109,30700,3138225,"IFA Omaha, NE-IA",0.0,no cell in the extract: territory at zero opportunity
ifa_mw_mndn_k2,68420,ifa,NE,IFA,IFA_02,IFA,,31133,,3138575,"IFA Omaha, NE-IA",0.0,no cell in the extract: territory at zero opportunity
ifa_mw_mndn_k2,68421,ifa,NE,IFA,IFA_02,IFA,,31127,,3138960,"IFA Omaha, NE-IA",0.0,no cell in the extract: territory at zero opportunity
ifa_mw_mndn_k2,68422,ifa,NE,IFA,IFA_02,IFA,,31067,13100,3139065,"IFA Omaha, NE-IA",0.0,no cell in the extract: territory at zero opportunity
ifa_mw_mndn_k2,68423,ifa,NE,IFA,IFA_02,IFA,,31159,30700,3139380,"IFA Omaha, NE-IA",0.0,no cell in the extract: territory at zero opportunity
ifa_mw_mndn_k2,68424,ifa,NE,IFA,IFA_02,IFA,,31095,,3139590,"IFA Omaha, NE-IA",0.0,no cell in the extract: territory at zero opportunity
ifa_mw_mndn_k2,68428,ifa,NE,IFA,IFA_02,IFA,,31109,30700,3100380,"IFA Omaha, NE-IA",0.0,no cell in the extract: territory at zero opportunity
ifa_mw_mndn_k2,68429,ifa,NE,IFA,IFA_02,IFA,,31095,,3141235,"IFA Omaha, NE-IA",0.0,no cell in the extract: territory at zero opportunity
ifa_mw_mndn_k2,68430,ifa,NE,IFA,IFA_02,IFA,,31109,30700,3128000,"IFA Omaha, NE-IA",0.582802,
ifa_mw_mndn_k2,68431,ifa,NE,IFA,IFA_02,IFA,,31147,,3142670,"IFA Omaha, NE-IA",0.0,no cell in the extract: territory at zero opportunity
ifa_mw_mndn_k2,68433,ifa,NE,IFA,IFA_02,IFA,,31147,,3143370,"IFA Omaha, NE-IA",0.0,no cell in the extract: territory at zero opportunity
ifa_mw_mndn_k2,68434,ifa,NE,IFA,IFA_02,IFA,,31159,30700,3144420,"IFA Omaha, NE-IA",0.34725,
ifa_mw_mndn_k2,68436,ifa,NE,IFA,IFA_02,IFA,,31059,,3145085,"IFA Omaha, NE-IA",0.0,no cell in the extract: territory at zero opportunity
ifa_mw_mndn_k2,68437,ifa,NE,IFA,IFA_02,IFA,,31147,,3145225,"IFA Omaha, NE-IA",0.0,no cell in the extract: territory at zero opportunity
ifa_mw_mndn_k2,68438,ifa,NE,IFA,IFA_02,IFA,,31109,30700,3146380,"IFA Omaha, NE-IA",0.0,no cell in the extract: territory at zero opportunity
ifa_mw_mndn_k2,68439,ifa,NE,IFA,IFA_02,IFA,,31159,30700,3146835,"IFA Omaha, NE-IA",0.0,no cell in the extract: territory at zero opportunity
ifa_mw_mndn_k2,68440,ifa,NE,IFA,IFA_02,IFA,,31095,,3147010,"IFA Omaha, NE-IA",0.0,no cell in the extract: territory at zero opportunity
ifa_mw_mndn_k2,68441,ifa,NE,IFA,IFA_02,IFA,,31133,,3147080,"IFA Omaha, NE-IA",0.0,no cell in the extract: territory at zero opportunity
ifa_mw_mndn_k2,68442,ifa,NE,IFA,IFA_02,IFA,,31147,,3147115,"IFA Omaha, NE-IA",0.0,no cell in the extract: territory at zero opportunity
ifa_mw_mndn_k2,68443,ifa,NE,IFA,IFA_02,IFA,,31097,,3147150,"IFA Omaha, NE-IA",0.0,no cell in the extract: territory at zero opportunity
ifa_mw_mndn_k2,68444,ifa,NE,IFA,IFA_02,IFA,,31059,,3147360,"IFA Omaha, NE-IA",0.0,no cell in the extract: territory at zero opportunity
ifa_mw_mndn_k2,68445,ifa,NE,IFA,IFA_02,IFA,,31151,,3148060,"IFA Omaha, NE-IA",0.0,no cell in the extract: territory at zero opportunity
ifa_mw_mndn_k2,68446,ifa,NE,IFA,IFA_02,IFA,,31131,,3148235,"IFA Omaha, NE-IA",0.0,no cell in the extract: territory at zero opportunity
ifa_mw_mndn_k2,68447,ifa,NE,IFA,IFA_02,IFA,,31133,,3148270,"IFA Omaha, NE-IA",0.0,no cell in the extract: territory at zero opportunity
ifa_mw_mndn_k2,68448,ifa,NE,IFA,IFA_02,IFA,,31131,,3148305,"IFA Omaha, NE-IA",0.0,no cell in the extract: territory at zero opportunity
ifa_mw_mndn_k2,68450,ifa,NE,IFA,IFA_02,IFA,,31097,,3148480,"IFA Omaha, NE-IA",0.0,no cell in the extract: territory at zero opportunity
ifa_mw_mndn_k2,68452,ifa,NE,IFA,IFA_02,IFA,,31035,25580,3137140,"IFA Omaha, NE-IA",0.0,no cell in the extract: territory at zero opportunity
ifa_mw_mndn_k2,68453,ifa,NE,IFA,IFA_02,IFA,,31151,,3149005,"IFA Omaha, NE-IA",0.0,no cell in the extract: territory at zero opportunity
ifa_mw_mndn_k2,68454,ifa,NE,IFA,IFA_02,IFA,,31131,,3149530,"IFA Omaha, NE-IA",0.0,no cell in the extract: territory at zero opportunity
ifa_mw_mndn_k2,68455,ifa,NE,IFA,IFA_02,IFA,,31025,36540,3149635,"IFA Omaha, NE-IA",0.0,no cell in the extract: territory at zero opportunity
ifa_mw_mndn_k2,68456,ifa,NE,IFA,IFA_02,IFA,,31159,30700,3149915,"IFA Omaha, NE-IA",0.0,no cell in the extract: territory at zero opportunity
ifa_mw_mndn_k2,68457,ifa,NE,IFA,IFA_02,IFA,,31147,,3150510,"IFA Omaha, NE-IA",0.0,no cell in the extract: territory at zero opportunity
ifa_mw_mndn_k2,68458,ifa,NE,IFA,IFA_02,IFA,,31067,13100,3150790,"IFA Omaha, NE-IA",0.0,no cell in the extract: territory at zero opportunity
ifa_mw_mndn_k2,68460,ifa,NE,IFA,IFA_02,IFA,,31185,,3148690,"IFA Omaha, NE-IA",0.0,no cell in the extract: territory at zero opportunity
ifa_mw_mndn_k2,68461,ifa,NE,IFA,IFA_02,IFA,,31109,30700,3151280,"IFA Omaha, NE-IA",0.0,no cell in the extract: territory at zero opportunity
ifa_mw_mndn_k2,68462,ifa,NE,IFA,IFA_02,IFA,,31109,30700,3151770,"IFA Omaha, NE-IA",0.0393748,
ifa_mw_mndn_k2,68463,ifa,NE,IFA,IFA_02,IFA,,31025,36540,3152015,"IFA Omaha, NE-IA",0.0,no cell in the extract: territory at zero opportunity
ifa_mw_mndn_k2,68464,ifa,NE,IFA,IFA_02,IFA,,31151,,3152295,"IFA Omaha, NE-IA",0.0,no cell in the extract: territory at zero opportunity
ifa_mw_mndn_k2,68465,ifa,NE,IFA,IFA_02,IFA,,31151,,3152960,"IFA Omaha, NE-IA",0.0,no cell in the extract: territory at zero opportunity
ifa_mw_mndn_k2,68466,ifa,NE,IFA,IFA_02,IFA,,31067,13100,3153835,"IFA Omaha, NE-IA",0.0,no cell in the extract: territory at zero opportunity
ifa_mw_mndn_k2,68467,ifa,NE,IFA,IFA_02,IFA,,31185,,3154045,"IFA Omaha, NE-IA",2.85991,
ifa_mw_mndn_k2,68502,ifa,NE,IFA,IFA_02,IFA,,31109,30700,3128000,"IFA Omaha, NE-IA",2.93886,
ifa_mw_mndn_k2,68503,ifa,NE,IFA,IFA_02,IFA,,31109,30700,3128000,"IFA Omaha, NE-IA",0.87762,
ifa_mw_mndn_k2,68504,ifa,NE,IFA,IFA_02,IFA,,31109,30700,3128000,"IFA Omaha, NE-IA",0.934349,
ifa_mw_mndn_k2,68505,ifa,NE,IFA,IFA_02,IFA,,31109,30700,3128000,"IFA Omaha, NE-IA",10.856,
ifa_mw_mndn_k2,68506,ifa,NE,IFA,IFA_02,IFA,,31109,30700,3128000,"IFA Omaha, NE-IA",8.22413,
ifa_mw_mndn_k2,68507,ifa,NE,IFA,IFA_02,IFA,,31109,30700,3128000,"IFA Omaha, NE-IA",0.0,no cell in the extract: territory at zero opportunity
ifa_mw_mndn_k2,68508,ifa,NE,IFA,IFA_02,IFA,,31109,30700,3128000,"IFA Omaha, NE-IA",5.18285,
ifa_mw_mndn_k2,68510,ifa,NE,IFA,IFA_02,IFA,,31109,30700,3128000,"IFA Omaha, NE-IA",33.1414,
ifa_mw_mndn_k2,68512,ifa,NE,IFA,IFA_02,IFA,,31109,30700,3128000,"IFA Omaha, NE-IA",12.7503,
ifa_mw_mndn_k2,68514,ifa,NE,IFA,IFA_02,IFA,,31109,30700,3128000,"IFA Omaha, NE-IA",0.0,no cell in the extract: territory at zero opportunity
ifa_mw_mndn_k2,68516,ifa,NE,IFA,IFA_02,IFA,,31109,30700,3128000,"IFA Omaha, NE-IA",31.8409,
ifa_mw_mndn_k2,68517,ifa,NE,IFA,IFA_02,IFA,,31109,30700,3128000,"IFA Omaha, NE-IA",0.0,no cell in the extract: territory at zero opportunity
ifa_mw_mndn_k2,68520,ifa,NE,IFA,IFA_02,IFA,,31109,30700,3151280,"IFA Omaha, NE-IA",0.79487,
ifa_mw_mndn_k2,68521,ifa,NE,IFA,IFA_02,IFA,,31109,30700,3128000,"IFA Omaha, NE-IA",1.30666,
ifa_mw_mndn_k2,68522,ifa,NE,IFA,IFA_02,IFA,,31109,30700,3128000,"IFA Omaha, NE-IA",0.0,no cell in the extract: territory at zero opportunity
ifa_mw_mndn_k2,68523,ifa,NE,IFA,IFA_02,IFA,,31109,30700,3154020,"IFA Omaha, NE-IA",2.86148,
ifa_mw_mndn_k2,68524,ifa,NE,IFA,IFA_02,IFA,,31109,30700,3128000,"IFA Omaha, NE-IA",0.0,no cell in the extract: territory at zero opportunity
ifa_mw_mndn_k2,68526,ifa,NE,IFA,IFA_02,IFA,,31109,30700,3128000,"IFA Omaha, NE-IA",5.8096,
ifa_mw_mndn_k2,68527,ifa,NE,IFA,IFA_02,IFA,,31109,30700,3128000,"IFA Omaha, NE-IA",0.0,no cell in the extract: territory at zero opportunity
ifa_mw_mndn_k2,68528,ifa,NE,IFA,IFA_02,IFA,,31109,30700,3128000,"IFA Omaha, NE-IA",0.0,no cell in the extract: territory at zero opportunity
ifa_mw_mndn_k2,68531,ifa,NE,IFA,IFA_02,IFA,,31109,30700,3128000,"IFA Omaha, NE-IA",0.0,no cell in the extract: territory at zero opportunity
ifa_mw_mndn_k2,68532,ifa,NE,IFA,IFA_02,IFA,,31109,30700,,"IFA Omaha, NE-IA",0.0,no cell in the extract: territory at zero opportunity
ifa_mw_mndn_k2,68588,ifa,NE,IFA,IFA_02,IFA,,31109,30700,3128000,"IFA Omaha, NE-IA",0.0,no cell in the extract: territory at zero opportunity
ifa_mw_mndn_k2,68601,ifa,NE,IFA,IFA_02,IFA,,31141,18100,3110110,"IFA Omaha, NE-IA",6.00244,
ifa_mw_mndn_k2,68620,ifa,NE,IFA,IFA_02,IFA,,31011,,3100555,"IFA Omaha, NE-IA",0.0,no cell in the extract: territory at zero opportunity
ifa_mw_mndn_k2,68621,ifa,NE,IFA,IFA_02,IFA,,31053,23340,3101220,"IFA Omaha, NE-IA",0.0,no cell in the extract: territory at zero opportunity
ifa_mw_mndn_k2,68622,ifa,NE,IFA,IFA_02,IFA,,31183,,3103145,"IFA Omaha, NE-IA",0.0,no cell in the extract: territory at zero opportunity
ifa_mw_mndn_k2,68623,ifa,NE,IFA,IFA_02,IFA,,31125,,3103810,"IFA Omaha, NE-IA",0.0,no cell in the extract: territory at zero opportunity
ifa_mw_mndn_k2,68624,ifa,NE,IFA,IFA_02,IFA,,31023,,3104020,"IFA Omaha, NE-IA",0.0,no cell in the extract: territory at zero opportunity
ifa_mw_mndn_k2,68626,ifa,NE,IFA,IFA_02,IFA,,31023,,3106120,"IFA Omaha, NE-IA",0.0,no cell in the extract: territory at zero opportunity
ifa_mw_mndn_k2,68627,ifa,NE,IFA,IFA_02,IFA,,31011,,3108220,"IFA Omaha, NE-IA",0.00596588,
ifa_mw_mndn_k2,68628,ifa,NE,IFA,IFA_02,IFA,,31121,24260,3109165,"IFA Omaha, NE-IA",0.0,no cell in the extract: territory at zero opportunity
ifa_mw_mndn_k2,68629,ifa,NE,IFA,IFA_02,IFA,,31037,18100,3109200,"IFA Omaha, NE-IA",0.0,no cell in the extract: territory at zero opportunity
ifa_mw_mndn_k2,68631,ifa,NE,IFA,IFA_02,IFA,,31141,18100,3111300,"IFA Omaha, NE-IA",0.0,no cell in the extract: territory at zero opportunity
ifa_mw_mndn_k2,68632,ifa,NE,IFA,IFA_02,IFA,,31023,,3112315,"IFA Omaha, NE-IA",0.0,no cell in the extract: territory at zero opportunity
ifa_mw_mndn_k2,68633,ifa,NE,IFA,IFA_02,IFA,,31053,23340,3113295,"IFA Omaha, NE-IA",0.0,no cell in the extract: territory at zero opportunity
ifa_mw_mndn_k2,68634,ifa,NE,IFA,IFA_02,IFA,,31141,18100,3113890,"IFA Omaha, NE-IA",0.0,no cell in the extract: territory at zero opportunity
ifa_mw_mndn_k2,68635,ifa,NE,IFA,IFA_02,IFA,,31023,,3114065,"IFA Omaha, NE-IA",0.0,no cell in the extract: territory at zero opportunity
ifa_mw_mndn_k2,68636,ifa,NE,IFA,IFA_02,IFA,,31003,,3114730,"IFA Omaha, NE-IA",0.0,no cell in the extract: territory at zero opportunity
ifa_mw_mndn_k2,68637,ifa,NE,IFA,IFA_02,IFA,,31183,,3116025,"IFA Omaha, NE-IA",0.0,no cell in the extract: territory at zero opportunity
ifa_mw_mndn_k2,68638,ifa,NE,IFA,IFA_02,IFA,,31125,,3117810,"IFA Omaha, NE-IA",0.0,no cell in the extract: territory at zero opportunity
ifa_mw_mndn_k2,68640,ifa,NE,IFA,IFA_02,IFA,,31125,,3118475,"IFA Omaha, NE-IA",0.0,no cell in the extract: territory at zero opportunity
ifa_mw_mndn_k2,68641,ifa,NE,IFA,IFA_02,IFA,,31037,18100,3123340,"IFA Omaha, NE-IA",0.0,no cell in the extract: territory at zero opportunity
ifa_mw_mndn_k2,68642,ifa,NE,IFA,IFA_02,IFA,,31141,18100,3123480,"IFA Omaha, NE-IA",0.0,no cell in the extract: territory at zero opportunity
ifa_mw_mndn_k2,68643,ifa,NE,IFA,IFA_02,IFA,,31141,18100,3126560,"IFA Omaha, NE-IA",0.0,no cell in the extract: territory at zero opportunity
ifa_mw_mndn_k2,68644,ifa,NE,IFA,IFA_02,IFA,,31141,18100,3128105,"IFA Omaha, NE-IA",0.318976,
ifa_mw_mndn_k2,68647,ifa,NE,IFA,IFA_02,IFA,,31141,18100,3132585,"IFA Omaha, NE-IA",0.0,no cell in the extract: territory at zero opportunity
ifa_mw_mndn_k2,68648,ifa,NE,IFA,IFA_02,IFA,,31155,36540,3132865,"IFA Omaha, NE-IA",0.0,no cell in the extract: territory at zero opportunity
ifa_mw_mndn_k2,68649,ifa,NE,IFA,IFA_02,IFA,,31053,23340,3134720,"IFA Omaha, NE-IA",0.0,no cell in the extract: territory at zero opportunity
ifa_mw_mndn_k2,68651,ifa,NE,IFA,IFA_02,IFA,,31143,,3137525,"IFA Omaha, NE-IA",0.0,no cell in the extract: territory at zero opportunity
ifa_mw_mndn_k2,68652,ifa,NE,IFA,IFA_02,IFA,,31011,,3138995,"IFA Omaha, NE-IA",0.0,no cell in the extract: territory at zero opportunity
ifa_mw_mndn_k2,68653,ifa,NE,IFA,IFA_02,IFA,,31141,18100,3139310,"IFA Omaha, NE-IA",0.0,no cell in the extract: territory at zero opportunity
ifa_mw_mndn_k2,68654,ifa,NE,IFA,IFA_02,IFA,,31143,,3139660,"IFA Omaha, NE-IA",0.0,no cell in the extract: territory at zero opportunity
ifa_mw_mndn_k2,68655,ifa,NE,IFA,IFA_02,IFA,,31011,,3140360,"IFA Omaha, NE-IA",0.0,no cell in the extract: territory at zero opportunity
ifa_mw_mndn_k2,68658,ifa,NE,IFA,IFA_02,IFA,,31023,,3141480,"IFA Omaha, NE-IA",0.0,no cell in the extract: territory at zero opportunity
ifa_mw_mndn_k2,68659,ifa,NE,IFA,IFA_02,IFA,,31037,18100,3142145,"IFA Omaha, NE-IA",0.0,no cell in the extract: territory at zero opportunity
ifa_mw_mndn_k2,68660,ifa,NE,IFA,IFA_02,IFA,,31011,,3143055,"IFA Omaha, NE-IA",0.0,no cell in the extract: territory at zero opportunity
ifa_mw_mndn_k2,68661,ifa,NE,IFA,IFA_02,IFA,,31037,18100,3144035,"IFA Omaha, NE-IA",0.565787,
ifa_mw_mndn_k2,68662,ifa,NE,IFA,IFA_02,IFA,,31143,,3144595,"IFA Omaha, NE-IA",0.0,no cell in the extract: territory at zero opportunity
ifa_mw_mndn_k2,68663,ifa,NE,IFA,IFA_02,IFA,,31121,24260,3145400,"IFA Omaha, NE-IA",0.0,no cell in the extract: territory at zero opportunity
ifa_mw_mndn_k2,68664,ifa,NE,IFA,IFA_02,IFA,,31053,23340,3145610,"IFA Omaha, NE-IA",0.0,no cell in the extract: territory at zero opportunity
ifa_mw_mndn_k2,68665,ifa,NE,IFA,IFA_02,IFA,,31077,,3146135,"IFA Omaha, NE-IA",0.0,no cell in the extract: territory at zero opportunity
ifa_mw_mndn_k2,68666,ifa,NE,IFA,IFA_02,IFA,,31143,,3147465,"IFA Omaha, NE-IA",0.0,no cell in the extract: territory at zero opportunity
ifa_mw_mndn_k2,68667,ifa,NE,IFA,IFA_02,IFA,,31023,,3147850,"IFA Omaha, NE-IA",0.0,no cell in the extract: territory at zero opportunity
ifa_mw_mndn_k2,68669,ifa,NE,IFA,IFA_02,IFA,,31023,,3149460,"IFA Omaha, NE-IA",0.0,no cell in the extract: territory at zero opportunity
ifa_mw_mndn_k2,68701,ifa,NE,IFA,IFA_02,IFA,,31119,35740,3134615,"IFA Omaha, NE-IA",16.7268,
ifa_mw_mndn_k2,68710,ifa,NE,IFA,IFA_02,IFA,,31051,,3100870,"IFA Omaha, NE-IA",0.0,no cell in the extract: territory at zero opportunity
ifa_mw_mndn_k2,68711,ifa,NE,IFA,IFA_02,IFA,,31089,,,"IFA Omaha, NE-IA",0.0,no cell in the extract: territory at zero opportunity
ifa_mw_mndn_k2,68713,ifa,NE,IFA,IFA_02,IFA,,31089,,3102550,"IFA Omaha, NE-IA",0.0,no cell in the extract: territory at zero opportunity
ifa_mw_mndn_k2,68714,ifa,NE,IFA,IFA_02,IFA,,31149,,3103215,"IFA Omaha, NE-IA",0.0,no cell in the extract: territory at zero opportunity
ifa_mw_mndn_k2,68715,ifa,NE,IFA,IFA_02,IFA,,31119,35740,3103250,"IFA Omaha, NE-IA",0.0,no cell in the extract: territory at zero opportunity
ifa_mw_mndn_k2,68716,ifa,NE,IFA,IFA_02,IFA,,31039,,3103635,"IFA Omaha, NE-IA",0.0,no cell in the extract: territory at zero opportunity
ifa_mw_mndn_k2,68717,ifa,NE,IFA,IFA_02,IFA,,31027,,3103775,"IFA Omaha, NE-IA",0.0,no cell in the extract: territory at zero opportunity
ifa_mw_mndn_k2,68718,ifa,NE,IFA,IFA_02,IFA,,31107,,3128140,"IFA Omaha, NE-IA",0.0,no cell in the extract: territory at zero opportunity
ifa_mw_mndn_k2,68719,ifa,NE,IFA,IFA_02,IFA,,31015,,3106400,"IFA Omaha, NE-IA",0.0,no cell in the extract: territory at zero opportunity
ifa_mw_mndn_k2,68720,ifa,NE,IFA,IFA_02,IFA,,31003,,3106890,"IFA Omaha, NE-IA",0.0,no cell in the extract: territory at zero opportunity
ifa_mw_mndn_k2,68722,ifa,NE,IFA,IFA_02,IFA,,31015,,3101465,"IFA Omaha, NE-IA",0.0,no cell in the extract: territory at zero opportunity
ifa_mw_mndn_k2,68723,ifa,NE,IFA,IFA_02,IFA,,31179,,3108010,"IFA Omaha, NE-IA",0.0,no cell in the extract: territory at zero opportunity
ifa_mw_mndn_k2,68724,ifa,NE,IFA,IFA_02,IFA,,31107,,3108360,"IFA Omaha, NE-IA",0.0,no cell in the extract: territory at zero opportunity
ifa_mw_mndn_k2,68725,ifa,NE,IFA,IFA_02,IFA,,31089,,3108675,"IFA Omaha, NE-IA",0.0,no cell in the extract: territory at zero opportunity
ifa_mw_mndn_k2,68726,ifa,NE,IFA,IFA_02,IFA,,31003,,3109445,"IFA Omaha, NE-IA",0.0,no cell in the extract: territory at zero opportunity
ifa_mw_mndn_k2,68727,ifa,NE,IFA,IFA_02,IFA,,31027,,3109865,"IFA Omaha, NE-IA",0.0,no cell in the extract: territory at zero opportunity
ifa_mw_mndn_k2,68728,ifa,NE,IFA,IFA_02,IFA,,31051,,3110250,"IFA Omaha, NE-IA",0.0,no cell in the extract: territory at zero opportunity
ifa_mw_mndn_k2,68729,ifa,NE,IFA,IFA_02,IFA,,31107,,3111230,"IFA Omaha, NE-IA",0.0,no cell in the extract: territory at zero opportunity
ifa_mw_mndn_k2,68730,ifa,NE,IFA,IFA_02,IFA,,31107,,3102480,"IFA Omaha, NE-IA",0.0,no cell in the extract: territory at zero opportunity
ifa_mw_mndn_k2,68731,ifa,NE,IFA,IFA_02,IFA,,31043,43580,3112000,"IFA Omaha, NE-IA",0.0,no cell in the extract: territory at zero opportunity
ifa_mw_mndn_k2,68732,ifa,NE,IFA,IFA_02,IFA,,31051,,3113225,"IFA Omaha, NE-IA",0.0,no cell in the extract: territory at zero opportunity
ifa_mw_mndn_k2,68733,ifa,NE,IFA,IFA_02,IFA,,31173,,3115710,"IFA Omaha, NE-IA",0.0,no cell in the extract: territory at zero opportunity
ifa_mw_mndn_k2,68734,ifa,NE,IFA,IFA_02,IFA,,31089,,3115815,"IFA Omaha, NE-IA",0.0,no cell in the extract: territory at zero opportunity
ifa_mw_mndn_k2,68735,ifa,NE,IFA,IFA_02,IFA,,31089,,3116270,"IFA Omaha, NE-IA",0.0,no cell in the extract: territory at zero opportunity
ifa_mw_mndn_k2,68736,ifa,NE,IFA,IFA_02,IFA,,31027,,3117110,"IFA Omaha, NE-IA",0.0,no cell in the extract: territory at zero opportunity
ifa_mw_mndn_k2,68739,ifa,NE,IFA,IFA_02,IFA,,31027,,3121275,"IFA Omaha, NE-IA",0.0,no cell in the extract: territory at zero opportunity
ifa_mw_mndn_k2,68740,ifa,NE,IFA,IFA_02,IFA,,31179,,3123235,"IFA Omaha, NE-IA",0.0,no cell in the extract: territory at zero opportunity
ifa_mw_mndn_k2,68741,ifa,NE,IFA,IFA_02,IFA,,31043,43580,3123375,"IFA Omaha, NE-IA",0.0,no cell in the extract: territory at zero opportunity
ifa_mw_mndn_k2,68742,ifa,NE,IFA,IFA_02,IFA,,31089,,3124075,"IFA Omaha, NE-IA",0.0,no cell in the extract: territory at zero opportunity
ifa_mw_mndn_k2,68743,ifa,NE,IFA,IFA_02,IFA,,31043,43580,3124355,"IFA Omaha, NE-IA",0.0,no cell in the extract: territory at zero opportunity
ifa_mw_mndn_k2,68745,ifa,NE,IFA,IFA_02,IFA,,31027,,3126350,"IFA Omaha, NE-IA",0.0,no cell in the extract: territory at zero opportunity
ifa_mw_mndn_k2,68746,ifa,NE,IFA,IFA_02,IFA,,31015,,3129750,"IFA Omaha, NE-IA",0.0,no cell in the extract: territory at zero opportunity
ifa_mw_mndn_k2,68747,ifa,NE,IFA,IFA_02,IFA,,31139,35740,3130065,"IFA Omaha, NE-IA",0.0,no cell in the extract: territory at zero opportunity
ifa_mw_mndn_k2,68748,ifa,NE,IFA,IFA_02,IFA,,31119,35740,3130240,"IFA Omaha, NE-IA",0.0,no cell in the extract: territory at zero opportunity
ifa_mw_mndn_k2,68749,ifa,NE,IFA,IFA_02,IFA,,31027,,3130310,"IFA Omaha, NE-IA",0.0,no cell in the extract: territory at zero opportunity
ifa_mw_mndn_k2,68751,ifa,NE,IFA,IFA_02,IFA,,31051,,3131045,"IFA Omaha, NE-IA",0.0,no cell in the extract: territory at zero opportunity
ifa_mw_mndn_k2,68752,ifa,NE,IFA,IFA_02,IFA,,31119,35740,3131465,"IFA Omaha, NE-IA",0.0,no cell in the extract: territory at zero opportunity
ifa_mw_mndn_k2,68753,ifa,NE,IFA,IFA_02,IFA,,31103,,,"IFA Omaha, NE-IA",0.0,no cell in the extract: territory at zero opportunity
ifa_mw_mndn_k2,68755,ifa,NE,IFA,IFA_02,IFA,,31015,,3133530,"IFA Omaha, NE-IA",0.0,no cell in the extract: territory at zero opportunity
ifa_mw_mndn_k2,68756,ifa,NE,IFA,IFA_02,IFA,,31003,,3133775,"IFA Omaha, NE-IA",0.0,no cell in the extract: territory at zero opportunity
ifa_mw_mndn_k2,68757,ifa,NE,IFA,IFA_02,IFA,,31051,,3134090,"IFA Omaha, NE-IA",0.0,no cell in the extract: territory at zero opportunity
ifa_mw_mndn_k2,68758,ifa,NE,IFA,IFA_02,IFA,,31119,35740,3134230,"IFA Omaha, NE-IA",0.0,no cell in the extract: territory at zero opportunity
ifa_mw_mndn_k2,68759,ifa,NE,IFA,IFA_02,IFA,,31149,,3134265,"IFA Omaha, NE-IA",0.0,no cell in the extract: territory at zero opportunity
ifa_mw_mndn_k2,68760,ifa,NE,IFA,IFA_02,IFA,,31107,,3134370,"IFA Omaha, NE-IA",0.0,no cell in the extract: territory at zero opportunity
ifa_mw_mndn_k2,68761,ifa,NE,IFA,IFA_02,IFA,,31003,,3135385,"IFA Omaha, NE-IA",0.0,no cell in the extract: territory at zero opportunity
ifa_mw_mndn_k2,68763,ifa,NE,IFA,IFA_02,IFA,,31089,,3137105,"IFA Omaha, NE-IA",0.151276,
ifa_mw_mndn_k2,68764,ifa,NE,IFA,IFA_02,IFA,,31003,,3137210,"IFA Omaha, NE-IA",0.0,no cell in the extract: territory at zero opportunity
ifa_mw_mndn_k2,68765,ifa,NE,IFA,IFA_02,IFA,,31139,35740,3137595,"IFA Omaha, NE-IA",0.0,no cell in the extract: territory at zero opportunity
ifa_mw_mndn_k2,68766,ifa,NE,IFA,IFA_02,IFA,,31089,,3138085,"IFA Omaha, NE-IA",0.0,no cell in the extract: territory at zero opportunity
ifa_mw_mndn_k2,68767,ifa,NE,IFA,IFA_02,IFA,,31139,35740,3139100,"IFA Omaha, NE-IA",0.0822496,
ifa_mw_mndn_k2,68768,ifa,NE,IFA,IFA_02,IFA,,31167,35740,3139135,"IFA Omaha, NE-IA",0.0,no cell in the extract: territory at zero opportunity
ifa_mw_mndn_k2,68769,ifa,NE,IFA,IFA_02,IFA,,31139,35740,3139170,"IFA Omaha, NE-IA",0.0,no cell in the extract: territory at zero opportunity
ifa_mw_mndn_k2,68770,ifa,NE,IFA,IFA_02,IFA,,31051,,3139695,"IFA Omaha, NE-IA",0.0,no cell in the extract: territory at zero opportunity
ifa_mw_mndn_k2,68771,ifa,NE,IFA,IFA_02,IFA,,31027,,3140675,"IFA Omaha, NE-IA",2.00096,
ifa_mw_mndn_k2,68773,ifa,NE,IFA,IFA_02,IFA,,31003,,3142495,"IFA Omaha, NE-IA",0.0,no cell in the extract: territory at zero opportunity
ifa_mw_mndn_k2,68774,ifa,NE,IFA,IFA_02,IFA,,31027,,3143090,"IFA Omaha, NE-IA",0.0,no cell in the extract: territory at zero opportunity
ifa_mw_mndn_k2,68776,ifa,NE,IFA,IFA_02,IFA,,31043,43580,3146030,"IFA Omaha, NE-IA",0.0,no cell in the extract: territory at zero opportunity
ifa_mw_mndn_k2,68777,ifa,NE,IFA,IFA_02,IFA,,31015,,3146275,"IFA Omaha, NE-IA",0.0,no cell in the extract: territory at zero opportunity
ifa_mw_mndn_k2,68778,ifa,NE,IFA,IFA_02,IFA,,31103,,3146625,"IFA Omaha, NE-IA",0.0,no cell in the extract: territory at zero opportunity
ifa_mw_mndn_k2,68779,ifa,NE,IFA,IFA_02,IFA,,31167,35740,3146800,"IFA Omaha, NE-IA",0.0,no cell in the extract: territory at zero opportunity
ifa_mw_mndn_k2,68780,ifa,NE,IFA,IFA_02,IFA,,31089,,3147500,"IFA Omaha, NE-IA",1.41968,
ifa_mw_mndn_k2,68781,ifa,NE,IFA,IFA_02,IFA,,31003,,3148935,"IFA Omaha, NE-IA",0.0,no cell in the extract: territory at zero opportunity
ifa_mw_mndn_k2,68783,ifa,NE,IFA,IFA_02,IFA,,31107,,3150370,"IFA Omaha, NE-IA",0.0,no cell in the extract: territory at zero opportunity
ifa_mw_mndn_k2,68784,ifa,NE,IFA,IFA_02,IFA,,31051,,3151070,"IFA Omaha, NE-IA",0.0,no cell in the extract: territory at zero opportunity
ifa_mw_mndn_k2,68785,ifa,NE,IFA,IFA_02,IFA,,31051,,3151630,"IFA Omaha, NE-IA",0.0,no cell in the extract: territory at zero opportunity
ifa_mw_mndn_k2,68786,ifa,NE,IFA,IFA_02,IFA,,31107,,3151735,"IFA Omaha, NE-IA",0.0,no cell in the extract: territory at zero opportunity
ifa_mw_mndn_k2,68787,ifa,NE,IFA,IFA_02,IFA,,31179,,3151840,"IFA Omaha, NE-IA",0.0114169,
ifa_mw_mndn_k2,68788,ifa,NE,IFA,IFA_02,IFA,,31039,,3152575,"IFA Omaha, NE-IA",0.0,no cell in the extract: territory at zero opportunity
ifa_mw_mndn_k2,68789,ifa,NE,IFA,IFA_02,IFA,,31107,,3153345,"IFA Omaha, NE-IA",0.0,no cell in the extract: territory at zero opportunity
ifa_mw_mndn_k2,68790,ifa,NE,IFA,IFA_02,IFA,,31179,,3153380,"IFA Omaha, NE-IA",0.0,no cell in the extract: territory at zero opportunity
ifa_mw_mndn_k2,68791,ifa,NE,IFA,IFA_02,IFA,,31039,,3153450,"IFA Omaha, NE-IA",0.0,no cell in the extract: territory at zero opportunity
ifa_mw_mndn_k2,68792,ifa,NE,IFA,IFA_02,IFA,,31027,,3153905,"IFA Omaha, NE-IA",0.0,no cell in the extract: territory at zero opportunity
ifa_mw_mndn_k2,68801,ifa,NE,IFA,IFA_02,IFA,,31079,24260,3119595,"IFA Omaha, NE-IA",1.09831,
ifa_mw_mndn_k2,68803,ifa,NE,IFA,IFA_02,IFA,,31079,24260,3119595,"IFA Omaha, NE-IA",0.755206,
ifa_mw_mndn_k2,68810,ifa,NE,IFA,IFA_02,IFA,,31079,24260,3100625,"IFA Omaha, NE-IA",0.0,no cell in the extract: territory at zero opportunity
ifa_mw_mndn_k2,68812,ifa,NE,IFA,IFA_02,IFA,,31019,28260,3101290,"IFA Omaha, NE-IA",0.0,no cell in the extract: territory at zero opportunity
ifa_mw_mndn_k2,68813,ifa,NE,IFA,IFA_02,IFA,,31041,,3101500,"IFA Omaha, NE-IA",0.0,no cell in the extract: territory at zero opportunity
ifa_mw_mndn_k2,68814,ifa,NE,IFA,IFA_02,IFA,,31041,,3101535,"IFA Omaha, NE-IA",0.0,no cell in the extract: territory at zero opportunity
ifa_mw_mndn_k2,68815,ifa,NE,IFA,IFA_02,IFA,,31175,,3101850,"IFA Omaha, NE-IA",0.0,no cell in the extract: territory at zero opportunity
ifa_mw_mndn_k2,68816,ifa,NE,IFA,IFA_02,IFA,,31121,24260,3101920,"IFA Omaha, NE-IA",0.0,no cell in the extract: territory at zero opportunity
ifa_mw_mndn_k2,68817,ifa,NE,IFA,IFA_02,IFA,,31163,,3102375,"IFA Omaha, NE-IA",0.0,no cell in the extract: territory at zero opportunity
ifa_mw_mndn_k2,68818,ifa,NE,IFA,IFA_02,IFA,,31081,,3102690,"IFA Omaha, NE-IA",0.0163307,
ifa_mw_mndn_k2,68820,ifa,NE,IFA,IFA_02,IFA,,31093,24260,3123270,"IFA Omaha, NE-IA",0.0,no cell in the extract: territory at zero opportunity
ifa_mw_mndn_k2,68821,ifa,NE,IFA,IFA_02,IFA,,31009,,3106260,"IFA Omaha, NE-IA",0.0,no cell in the extract: territory at zero opportunity
ifa_mw_mndn_k2,68822,ifa,NE,IFA,IFA_02,IFA,,31041,,3106610,"IFA Omaha, NE-IA",0.0,no cell in the extract: territory at zero opportunity
ifa_mw_mndn_k2,68823,ifa,NE,IFA,IFA_02,IFA,,31071,,3107345,"IFA Omaha, NE-IA",0.0,no cell in the extract: territory at zero opportunity
ifa_mw_mndn_k2,68824,ifa,NE,IFA,IFA_02,IFA,,31079,24260,3107625,"IFA Omaha, NE-IA",0.0,no cell in the extract: territory at zero opportunity
ifa_mw_mndn_k2,68825,ifa,NE,IFA,IFA_02,IFA,,31041,,3107660,"IFA Omaha, NE-IA",0.0,no cell in the extract: territory at zero opportunity
ifa_mw_mndn_k2,68826,ifa,NE,IFA,IFA_02,IFA,,31121,24260,3108535,"IFA Omaha, NE-IA",0.0795451,
ifa_mw_mndn_k2,68827,ifa,NE,IFA,IFA_02,IFA,,31121,24260,3108780,"IFA Omaha, NE-IA",0.0,no cell in the extract: territory at zero opportunity
ifa_mw_mndn_k2,68828,ifa,NE,IFA,IFA_02,IFA,,31041,,3110180,"IFA Omaha, NE-IA",0.0,no cell in the extract: territory at zero opportunity
ifa_mw_mndn_k2,68831,ifa,NE,IFA,IFA_02,IFA,,31093,24260,3112140,"IFA Omaha, NE-IA",0.0,no cell in the extract: territory at zero opportunity
ifa_mw_mndn_k2,68832,ifa,NE,IFA,IFA_02,IFA,,31079,24260,3113365,"IFA Omaha, NE-IA",0.0,no cell in the extract: territory at zero opportunity
ifa_mw_mndn_k2,68833,ifa,NE,IFA,IFA_02,IFA,,31009,,3113960,"IFA Omaha, NE-IA",0.0,no cell in the extract: territory at zero opportunity
ifa_mw_mndn_k2,68834,ifa,NE,IFA,IFA_02,IFA,,31047,30420,3114380,"IFA Omaha, NE-IA",0.0,no cell in the extract: territory at zero opportunity
ifa_mw_mndn_k2,68835,ifa,NE,IFA,IFA_02,IFA,,31093,24260,3110740,"IFA Omaha, NE-IA",0.0,no cell in the extract: territory at zero opportunity
ifa_mw_mndn_k2,68836,ifa,NE,IFA,IFA_02,IFA,,31019,28260,3115360,"IFA Omaha, NE-IA",0.0,no cell in the extract: territory at zero opportunity
ifa_mw_mndn_k2,68837,ifa,NE,IFA,IFA_02,IFA,,31175,,3115605,"IFA Omaha, NE-IA",0.0,no cell in the extract: territory at zero opportunity
ifa_mw_mndn_k2,68838,ifa,NE,IFA,IFA_02,IFA,,31093,24260,3116760,"IFA Omaha, NE-IA",0.0,no cell in the extract: territory at zero opportunity
ifa_mw_mndn_k2,68840,ifa,NE,IFA,IFA_02,IFA,,31019,28260,3118615,"IFA Omaha, NE-IA",0.0,no cell in the extract: territory at zero opportunity
ifa_mw_mndn_k2,68841,ifa,NE,IFA,IFA_02,IFA,,31081,,3118825,"IFA Omaha, NE-IA",0.0,no cell in the extract: territory at zero opportunity
ifa_mw_mndn_k2,68842,ifa,NE,IFA,IFA_02,IFA,,31077,,3120050,"IFA Omaha, NE-IA",0.0,no cell in the extract: territory at zero opportunity
ifa_mw_mndn_k2,68843,ifa,NE,IFA,IFA_02,IFA,,31081,,3120785,"IFA Omaha, NE-IA",0.0,no cell in the extract: territory at zero opportunity
ifa_mw_mndn_k2,68844,ifa,NE,IFA,IFA_02,IFA,,31163,,3121765,"IFA Omaha, NE-IA",0.0,no cell in the extract: territory at zero opportunity
ifa_mw_mndn_k2,68845,ifa,NE,IFA,IFA_02,IFA,,31019,28260,3125055,"IFA Omaha, NE-IA",2.14057,
ifa_mw_mndn_k2,68846,ifa,NE,IFA,IFA_02,IFA,,31081,,3123200,"IFA Omaha, NE-IA",0.0,no cell in the extract: territory at zero opportunity
ifa_mw_mndn_k2,68847,ifa,NE,IFA,IFA_02,IFA,,31019,28260,3125055,"IFA Omaha, NE-IA",2.85934,
ifa_mw_mndn_k2,68849,ifa,NE,IFA,IFA_02,IFA,,31019,28260,3125055,"IFA Omaha, NE-IA",0.0,no cell in the extract: territory at zero opportunity
ifa_mw_mndn_k2,68850,ifa,NE,IFA,IFA_02,IFA,,31047,30420,3126910,"IFA Omaha, NE-IA",0.0,no cell in the extract: territory at zero opportunity
ifa_mw_mndn_k2,68852,ifa,NE,IFA,IFA_02,IFA,,31163,,3128350,"IFA Omaha, NE-IA",0.0,no cell in the extract: territory at zero opportunity
ifa_mw_mndn_k2,68853,ifa,NE,IFA,IFA_02,IFA,,31163,,3129470,"IFA Omaha, NE-IA",0.0,no cell in the extract: territory at zero opportunity
ifa_mw_mndn_k2,68854,ifa,NE,IFA,IFA_02,IFA,,31081,,3137735,"IFA Omaha, NE-IA",0.0,no cell in the extract: territory at zero opportunity
ifa_mw_mndn_k2,68855,ifa,NE,IFA,IFA_02,IFA,,31041,,3131115,"IFA Omaha, NE-IA",0.0,no cell in the extract: territory at zero opportunity
ifa_mw_mndn_k2,68856,ifa,NE,IFA,IFA_02,IFA,,31041,,3131780,"IFA Omaha, NE-IA",0.0,no cell in the extract: territory at zero opportunity
ifa_mw_mndn_k2,68858,ifa,NE,IFA,IFA_02,IFA,,31019,28260,3132130,"IFA Omaha, NE-IA",0.0,no cell in the extract: territory at zero opportunity
ifa_mw_mndn_k2,68859,ifa,NE,IFA,IFA_02,IFA,,31175,,3134825,"IFA Omaha, NE-IA",0.0,no cell in the extract: territory at zero opportunity
ifa_mw_mndn_k2,68860,ifa,NE,IFA,IFA_02,IFA,,31041,,3135665,"IFA Omaha, NE-IA",0.0,no cell in the extract: territory at zero opportunity
ifa_mw_mndn_k2,68861,ifa,NE,IFA,IFA_02,IFA,,31019,28260,3135770,"IFA Omaha, NE-IA",0.0,no cell in the extract: territory at zero opportunity
ifa_mw_mndn_k2,68862,ifa,NE,IFA,IFA_02,IFA,,31175,,3137280,"IFA Omaha, NE-IA",0.0,no cell in the extract: territory at zero opportunity
ifa_mw_mndn_k2,68863,ifa,NE,IFA,IFA_02,IFA,,31047,30420,3137770,"IFA Omaha, NE-IA",0.0,no cell in the extract: territory at zero opportunity
ifa_mw_mndn_k2,68864,ifa,NE,IFA,IFA_02,IFA,,31121,24260,3138160,"IFA Omaha, NE-IA",0.0,no cell in the extract: territory at zero opportunity
ifa_mw_mndn_k2,68865,ifa,NE,IFA,IFA_02,IFA,,31081,,3139030,"IFA Omaha, NE-IA",0.0,no cell in the extract: territory at zero opportunity
ifa_mw_mndn_k2,68866,ifa,NE,IFA,IFA_02,IFA,,31019,28260,3139450,"IFA Omaha, NE-IA",0.0,no cell in the extract: territory at zero opportunity
ifa_mw_mndn_k2,68869,ifa,NE,IFA,IFA_02,IFA,,31019,28260,3139835,"IFA Omaha, NE-IA",0.0,no cell in the extract: territory at zero opportunity
ifa_mw_mndn_k2,68870,ifa,NE,IFA,IFA_02,IFA,,31019,28260,3141515,"IFA Omaha, NE-IA",0.0,no cell in the extract: territory at zero opportunity
ifa_mw_mndn_k2,68871,ifa,NE,IFA,IFA_02,IFA,,31163,,3142075,"IFA Omaha, NE-IA",0.0,no cell in the extract: territory at zero opportunity
ifa_mw_mndn_k2,68872,ifa,NE,IFA,IFA_02,IFA,,31093,24260,3143160,"IFA Omaha, NE-IA",0.0,no cell in the extract: territory at zero opportunity
ifa_mw_mndn_k2,68873,ifa,NE,IFA,IFA_02,IFA,,31093,24260,3143265,"IFA Omaha, NE-IA",0.0,no cell in the extract: territory at zero opportunity
ifa_mw_mndn_k2,68874,ifa,NE,IFA,IFA_02,IFA,,31041,,3143685,"IFA Omaha, NE-IA",0.0,no cell in the extract: territory at zero opportunity
ifa_mw_mndn_k2,68875,ifa,NE,IFA,IFA_02,IFA,,31077,,3144070,"IFA Omaha, NE-IA",0.0,no cell in the extract: territory at zero opportunity
ifa_mw_mndn_k2,68876,ifa,NE,IFA,IFA_02,IFA,,31019,28260,3144700,"IFA Omaha, NE-IA",0.0,no cell in the extract: territory at zero opportunity
ifa_mw_mndn_k2,68878,ifa,NE,IFA,IFA_02,IFA,,31047,30420,3147675,"IFA Omaha, NE-IA",0.0,no cell in the extract: territory at zero opportunity
ifa_mw_mndn_k2,68879,ifa,NE,IFA,IFA_02,IFA,,31115,,3148445,"IFA Omaha, NE-IA",0.0,no cell in the extract: territory at zero opportunity
ifa_mw_mndn_k2,68881,ifa,NE,IFA,IFA_02,IFA,,31041,,3152330,"IFA Omaha, NE-IA",0.0,no cell in the extract: territory at zero opportunity
ifa_mw_mndn_k2,68882,ifa,NE,IFA,IFA_02,IFA,,31077,,3153520,"IFA Omaha, NE-IA",0.0,no cell in the extract: territory at zero opportunity
ifa_mw_mndn_k2,68883,ifa,NE,IFA,IFA_02,IFA,,31079,24260,3153660,"IFA Omaha, NE-IA",0.0,no cell in the extract: territory at zero opportunity
ifa_mw_mndn_k2,68901,ifa,NE,IFA,IFA_02,IFA,,31001,25580,3121415,"IFA Omaha, NE-IA",0.000954541,
ifa_mw_mndn_k2,68920,ifa,NE,IFA,IFA_02,IFA,,31083,,3100975,"IFA Omaha, NE-IA",0.0,no cell in the extract: territory at zero opportunity
ifa_mw_mndn_k2,68922,ifa,NE,IFA,IFA_02,IFA,,31065,,3101780,"IFA Omaha, NE-IA",0.0,no cell in the extract: territory at zero opportunity
ifa_mw_mndn_k2,68923,ifa,NE,IFA,IFA_02,IFA,,31137,,3102620,"IFA Omaha, NE-IA",0.0,no cell in the extract: territory at zero opportunity
ifa_mw_mndn_k2,68924,ifa,NE,IFA,IFA_02,IFA,,31099,28260,3102830,"IFA Omaha, NE-IA",0.0,no cell in the extract: territory at zero opportunity
ifa_mw_mndn_k2,68925,ifa,NE,IFA,IFA_02,IFA,,31001,25580,3102865,"IFA Omaha, NE-IA",0.0,no cell in the extract: territory at zero opportunity
ifa_mw_mndn_k2,68926,ifa,NE,IFA,IFA_02,IFA,,31065,,3103495,"IFA Omaha, NE-IA",0.0,no cell in the extract: territory at zero opportunity
ifa_mw_mndn_k2,68927,ifa,NE,IFA,IFA_02,IFA,,31137,,3104615,"IFA Omaha, NE-IA",0.0,no cell in the extract: territory at zero opportunity
ifa_mw_mndn_k2,68928,ifa,NE,IFA,IFA_02,IFA,,31181,25580,3105140,"IFA Omaha, NE-IA",0.0,no cell in the extract: territory at zero opportunity
ifa_mw_mndn_k2,68929,ifa,NE,IFA,IFA_02,IFA,,31061,,3105490,"IFA Omaha, NE-IA",0.0,no cell in the extract: territory at zero opportunity
ifa_mw_mndn_k2,68930,ifa,NE,IFA,IFA_02,IFA,,31181,25580,3105560,"IFA Omaha, NE-IA",0.0,no cell in the extract: territory at zero opportunity
ifa_mw_mndn_k2,68932,ifa,NE,IFA,IFA_02,IFA,,31061,,3107870,"IFA Omaha, NE-IA",0.0,no cell in the extract: territory at zero opportunity
ifa_mw_mndn_k2,68933,ifa,NE,IFA,IFA_02,IFA,,31035,25580,3109375,"IFA Omaha, NE-IA",0.0,no cell in the extract: territory at zero opportunity
ifa_mw_mndn_k2,68934,ifa,NE,IFA,IFA_02,IFA,,31129,,3112945,"IFA Omaha, NE-IA",0.0,no cell in the extract: territory at zero opportunity
ifa_mw_mndn_k2,68935,ifa,NE,IFA,IFA_02,IFA,,31035,25580,3114450,"IFA Omaha, NE-IA",0.0,no cell in the extract: territory at zero opportunity
ifa_mw_mndn_k2,68936,ifa,NE,IFA,IFA_02,IFA,,31065,,3114520,"IFA Omaha, NE-IA",0.0,no cell in the extract: territory at zero opportunity
ifa_mw_mndn_k2,68937,ifa,NE,IFA,IFA_02,IFA,,31073,30420,3115570,"IFA Omaha, NE-IA",0.0,no cell in the extract: territory at zero opportunity
ifa_mw_mndn_k2,68938,ifa,NE,IFA,IFA_02,IFA,,31035,25580,3116445,"IFA Omaha, NE-IA",1.41102,
ifa_mw_mndn_k2,68939,ifa,NE,IFA,IFA_02,IFA,,31061,,3117530,"IFA Omaha, NE-IA",0.0,no cell in the extract: territory at zero opportunity
ifa_mw_mndn_k2,68940,ifa,NE,IFA,IFA_02,IFA,,31137,,3117880,"IFA Omaha, NE-IA",0.0,no cell in the extract: territory at zero opportunity
ifa_mw_mndn_k2,68941,ifa,NE,IFA,IFA_02,IFA,,31035,25580,3119070,"IFA Omaha, NE-IA",0.0,no cell in the extract: territory at zero opportunity
ifa_mw_mndn_k2,68942,ifa,NE,IFA,IFA_02,IFA,,31181,25580,3120365,"IFA Omaha, NE-IA",0.0,no cell in the extract: territory at zero opportunity
ifa_mw_mndn_k2,68943,ifa,NE,IFA,IFA_02,IFA,,31129,,3120995,"IFA Omaha, NE-IA",0.0,no cell in the extract: territory at zero opportunity
ifa_mw_mndn_k2,68944,ifa,NE,IFA,IFA_02,IFA,,31035,25580,3121345,"IFA Omaha, NE-IA",0.0,no cell in the extract: territory at zero opportunity
ifa_mw_mndn_k2,68945,ifa,NE,IFA,IFA_02,IFA,,31099,28260,3121835,"IFA Omaha, NE-IA",0.0,no cell in the extract: territory at zero opportunity
ifa_mw_mndn_k2,68946,ifa,NE,IFA,IFA_02,IFA,,31065,,3122115,"IFA Omaha, NE-IA",0.0,no cell in the extract: territory at zero opportunity
ifa_mw_mndn_k2,68947,ifa,NE,IFA,IFA_02,IFA,,31061,,3122430,"IFA Omaha, NE-IA",0.0,no cell in the extract: territory at zero opportunity
ifa_mw_mndn_k2,68948,ifa,NE,IFA,IFA_02,IFA,,31065,,3122605,"IFA Omaha, NE-IA",0.0,no cell in the extract: territory at zero opportunity
ifa_mw_mndn_k2,68949,ifa,NE,IFA,IFA_02,IFA,,31137,,3122640,"IFA Omaha, NE-IA",0.0,no cell in the extract: territory at zero opportunity
ifa_mw_mndn_k2,68950,ifa,NE,IFA,IFA_02,IFA,,31001,25580,3122815,"IFA Omaha, NE-IA",0.0,no cell in the extract: territory at zero opportunity
ifa_mw_mndn_k2,68952,ifa,NE,IFA,IFA_02,IFA,,31181,25580,3123725,"IFA Omaha, NE-IA",0.0,no cell in the extract: territory at zero opportunity
ifa_mw_mndn_k2,68954,ifa,NE,IFA,IFA_02,IFA,,31035,25580,3124005,"IFA Omaha, NE-IA",0.0,no cell in the extract: territory at zero opportunity
ifa_mw_mndn_k2,68955,ifa,NE,IFA,IFA_02,IFA,,31001,25580,3124950,"IFA Omaha, NE-IA",0.0,no cell in the extract: territory at zero opportunity
ifa_mw_mndn_k2,68956,ifa,NE,IFA,IFA_02,IFA,,31001,25580,3125160,"IFA Omaha, NE-IA",2.29033,
ifa_mw_mndn_k2,68957,ifa,NE,IFA,IFA_02,IFA,,31129,,3126420,"IFA Omaha, NE-IA",0.0,no cell in the extract: territory at zero opportunity
ifa_mw_mndn_k2,68958,ifa,NE,IFA,IFA_02,IFA,,31137,,3129085,"IFA Omaha, NE-IA",0.0,no cell in the extract: territory at zero opportunity
ifa_mw_mndn_k2,68959,ifa,NE,IFA,IFA_02,IFA,,31099,28260,3132340,"IFA Omaha, NE-IA",0.00542404,
ifa_mw_mndn_k2,68960,ifa,NE,IFA,IFA_02,IFA,,31061,,3133565,"IFA Omaha, NE-IA",0.0,no cell in the extract: territory at zero opportunity
ifa_mw_mndn_k2,68961,ifa,NE,IFA,IFA_02,IFA,,31129,,3133880,"IFA Omaha, NE-IA",0.0,no cell in the extract: territory at zero opportunity
ifa_mw_mndn_k2,68964,ifa,NE,IFA,IFA_02,IFA,,31129,,3135245,"IFA Omaha, NE-IA",0.0,no cell in the extract: territory at zero opportunity
ifa_mw_mndn_k2,68966,ifa,NE,IFA,IFA_02,IFA,,31083,,3137420,"IFA Omaha, NE-IA",0.0,no cell in the extract: territory at zero opportunity
ifa_mw_mndn_k2,68967,ifa,NE,IFA,IFA_02,IFA,,31065,,3137910,"IFA Omaha, NE-IA",0.0,no cell in the extract: territory at zero opportunity
ifa_mw_mndn_k2,68970,ifa,NE,IFA,IFA_02,IFA,,31181,25580,3140920,"IFA Omaha, NE-IA",0.0,no cell in the extract: territory at zero opportunity
ifa_mw_mndn_k2,68971,ifa,NE,IFA,IFA_02,IFA,,31083,,3123550,"IFA Omaha, NE-IA",0.0,no cell in the extract: territory at zero opportunity
ifa_mw_mndn_k2,68972,ifa,NE,IFA,IFA_02,IFA,,31061,,3141760,"IFA Omaha, NE-IA",0.0,no cell in the extract: territory at zero opportunity
ifa_mw_mndn_k2,68973,ifa,NE,IFA,IFA_02,IFA,,31001,25580,3142355,"IFA Omaha, NE-IA",0.0,no cell in the extract: territory at zero opportunity
ifa_mw_mndn_k2,68974,ifa,NE,IFA,IFA_02,IFA,,31129,,3142810,"IFA Omaha, NE-IA",0.0,no cell in the extract: territory at zero opportunity
ifa_mw_mndn_k2,68975,ifa,NE,IFA,IFA_02,IFA,,31035,25580,3143755,"IFA Omaha, NE-IA",0.0,no cell in the extract: territory at zero opportunity
ifa_mw_mndn_k2,68976,ifa,NE,IFA,IFA_02,IFA,,31073,30420,3145575,"IFA Omaha, NE-IA",0.0,no cell in the extract: territory at zero opportunity
ifa_mw_mndn_k2,68977,ifa,NE,IFA,IFA_02,IFA,,31083,,3146695,"IFA Omaha, NE-IA",0.0,no cell in the extract: territory at zero opportunity
ifa_mw_mndn_k2,68978,ifa,NE,IFA,IFA_02,IFA,,31129,,3147815,"IFA Omaha, NE-IA",0.0,no cell in the extract: territory at zero opportunity
ifa_mw_mndn_k2,68979,ifa,NE,IFA,IFA_02,IFA,,31035,25580,3147955,"IFA Omaha, NE-IA",0.0,no cell in the extract: territory at zero opportunity
ifa_mw_mndn_k2,68980,ifa,NE,IFA,IFA_02,IFA,,31035,25580,3149285,"IFA Omaha, NE-IA",0.0,no cell in the extract: territory at zero opportunity
ifa_mw_mndn_k2,68981,ifa,NE,IFA,IFA_02,IFA,,31061,,3149880,"IFA Omaha, NE-IA",0.0,no cell in the extract: territory at zero opportunity
ifa_mw_mndn_k2,68982,ifa,NE,IFA,IFA_02,IFA,,31061,,3152995,"IFA Omaha, NE-IA",0.0,no cell in the extract: territory at zero opportunity
ifa_mw_mndn_k2,69001,ifa,NE,IFA,IFA_02,IFA,,31145,,3129925,"IFA Omaha, NE-IA",0.0,no cell in the extract: territory at zero opportunity
ifa_mw_mndn_k2,69020,ifa,NE,IFA,IFA_02,IFA,,31145,,3103180,"IFA Omaha, NE-IA",0.0,no cell in the extract: territory at zero opportunity
ifa_mw_mndn_k2,69021,ifa,NE,IFA,IFA_02,IFA,,31057,,3104230,"IFA Omaha, NE-IA",0.0,no cell in the extract: territory at zero opportunity
ifa_mw_mndn_k2,69022,ifa,NE,IFA,IFA_02,IFA,,31063,,3107730,"IFA Omaha, NE-IA",0.0,no cell in the extract: territory at zero opportunity
ifa_mw_mndn_k2,69023,ifa,NE,IFA,IFA_02,IFA,,31029,,3108745,"IFA Omaha, NE-IA",0.0,no cell in the extract: territory at zero opportunity
ifa_mw_mndn_k2,69024,ifa,NE,IFA,IFA_02,IFA,,31087,,3111615,"IFA Omaha, NE-IA",0.0,no cell in the extract: territory at zero opportunity
ifa_mw_mndn_k2,69025,ifa,NE,IFA,IFA_02,IFA,,31063,,3111825,"IFA Omaha, NE-IA",0.0,no cell in the extract: territory at zero opportunity
ifa_mw_mndn_k2,69026,ifa,NE,IFA,IFA_02,IFA,,31145,,3112105,"IFA Omaha, NE-IA",0.0,no cell in the extract: territory at zero opportunity
ifa_mw_mndn_k2,69027,ifa,NE,IFA,IFA_02,IFA,,31029,,3115885,"IFA Omaha, NE-IA",0.0,no cell in the extract: territory at zero opportunity
ifa_mw_mndn_k2,69028,ifa,NE,IFA,IFA_02,IFA,,31063,,3116165,"IFA Omaha, NE-IA",0.0,no cell in the extract: territory at zero opportunity
ifa_mw_mndn_k2,69029,ifa,NE,IFA,IFA_02,IFA,,31063,,3116725,"IFA Omaha, NE-IA",0.0,no cell in the extract: territory at zero opportunity
ifa_mw_mndn_k2,69030,ifa,NE,IFA,IFA_02,IFA,,31057,,3120540,"IFA Omaha, NE-IA",0.0,no cell in the extract: territory at zero opportunity
ifa_mw_mndn_k2,69032,ifa,NE,IFA,IFA_02,IFA,,31085,,3121660,"IFA Omaha, NE-IA",0.0,no cell in the extract: territory at zero opportunity
ifa_mw_mndn_k2,69033,ifa,NE,IFA,IFA_02,IFA,,31029,,3123690,"IFA Omaha, NE-IA",0.0,no cell in the extract: territory at zero opportunity
ifa_mw_mndn_k2,69034,ifa,NE,IFA,IFA_02,IFA,,31145,,3123830,"IFA Omaha, NE-IA",0.0,no cell in the extract: territory at zero opportunity
ifa_mw_mndn_k2,69036,ifa,NE,IFA,IFA_02,IFA,,31145,,3126455,"IFA Omaha, NE-IA",0.0,no cell in the extract: territory at zero opportunity
ifa_mw_mndn_k2,69037,ifa,NE,IFA,IFA_02,IFA,,31057,,3131150,"IFA Omaha, NE-IA",0.0,no cell in the extract: territory at zero opportunity
ifa_mw_mndn_k2,69038,ifa,NE,IFA,IFA_02,IFA,,31063,,3131325,"IFA Omaha, NE-IA",0.0,no cell in the extract: territory at zero opportunity
ifa_mw_mndn_k2,69039,ifa,NE,IFA,IFA_02,IFA,,31111,35820,3147290,"IFA Omaha, NE-IA",0.0,no cell in the extract: territory at zero opportunity
ifa_mw_mndn_k2,69040,ifa,NE,IFA,IFA_02,IFA,,31085,,3138130,"IFA Omaha, NE-IA",0.0,no cell in the extract: territory at zero opportunity
ifa_mw_mndn_k2,69041,ifa,NE,IFA,IFA_02,IFA,,31057,,3138365,"IFA Omaha, NE-IA",0.0,no cell in the extract: territory at zero opportunity
ifa_mw_mndn_k2,69042,ifa,NE,IFA,IFA_02,IFA,,31063,,,"IFA Omaha, NE-IA",0.0,no cell in the extract: territory at zero opportunity
ifa_mw_mndn_k2,69043,ifa,NE,IFA,IFA_02,IFA,,31087,,3147395,"IFA Omaha, NE-IA",0.0,no cell in the extract: territory at zero opportunity
ifa_mw_mndn_k2,69044,ifa,NE,IFA,IFA_02,IFA,,31087,,3149145,"IFA Omaha, NE-IA",0.0,no cell in the extract: territory at zero opportunity
ifa_mw_mndn_k2,69045,ifa,NE,IFA,IFA_02,IFA,,31029,,3151700,"IFA Omaha, NE-IA",0.0,no cell in the extract: territory at zero opportunity
ifa_mw_mndn_k2,69046,ifa,NE,IFA,IFA_02,IFA,,31065,,3153240,"IFA Omaha, NE-IA",0.0,no cell in the extract: territory at zero opportunity
ifa_mw_mndn_k2,69101,ifa,NE,IFA,IFA_02,IFA,,31111,35820,3135000,"IFA Omaha, NE-IA",8.29042,
ifa_mw_mndn_k2,69120,ifa,NE,IFA,IFA_02,IFA,,31041,,3102095,"IFA Omaha, NE-IA",0.0,no cell in the extract: territory at zero opportunity
ifa_mw_mndn_k2,69121,ifa,NE,IFA,IFA_02,IFA,,31005,,3102200,"IFA Omaha, NE-IA",0.0,no cell in the extract: territory at zero opportunity
ifa_mw_mndn_k2,69122,ifa,NE,IFA,IFA_02,IFA,,31049,,3104895,"IFA Omaha, NE-IA",0.0,no cell in the extract: territory at zero opportunity
ifa_mw_mndn_k2,69123,ifa,NE,IFA,IFA_02,IFA,,31111,35820,3106085,"IFA Omaha, NE-IA",0.0,no cell in the extract: territory at zero opportunity
ifa_mw_mndn_k2,69125,ifa,NE,IFA,IFA_02,IFA,,31123,,3106470,"IFA Omaha, NE-IA",0.0,no cell in the extract: territory at zero opportunity
ifa_mw_mndn_k2,69127,ifa,NE,IFA,IFA_02,IFA,,31101,,3106785,"IFA Omaha, NE-IA",0.0,no cell in the extract: territory at zero opportunity
ifa_mw_mndn_k2,69128,ifa,NE,IFA,IFA_02,IFA,,31105,,3107415,"IFA Omaha, NE-IA",0.0,no cell in the extract: territory at zero opportunity
ifa_mw_mndn_k2,69129,ifa,NE,IFA,IFA_02,IFA,,31049,,3108885,"IFA Omaha, NE-IA",0.0,no cell in the extract: territory at zero opportunity
ifa_mw_mndn_k2,69130,ifa,NE,IFA,IFA_02,IFA,,31047,30420,3111020,"IFA Omaha, NE-IA",0.0,no cell in the extract: territory at zero opportunity
ifa_mw_mndn_k2,69131,ifa,NE,IFA,IFA_02,IFA,,31033,,3112070,"IFA Omaha, NE-IA",0.0,no cell in the extract: territory at zero opportunity
ifa_mw_mndn_k2,69132,ifa,NE,IFA,IFA_02,IFA,,31111,35820,,"IFA Omaha, NE-IA",0.0,no cell in the extract: territory at zero opportunity
ifa_mw_mndn_k2,69133,ifa,NE,IFA,IFA_02,IFA,,31105,,3113190,"IFA Omaha, NE-IA",0.0,no cell in the extract: territory at zero opportunity
ifa_mw_mndn_k2,69134,ifa,NE,IFA,IFA_02,IFA,,31135,,3115500,"IFA Omaha, NE-IA",0.0,no cell in the extract: territory at zero opportunity
ifa_mw_mndn_k2,69135,ifa,NE,IFA,IFA_02,IFA,,31031,,,"IFA Omaha, NE-IA",0.0,no cell in the extract: territory at zero opportunity
ifa_mw_mndn_k2,69138,ifa,NE,IFA,IFA_02,IFA,,31047,30420,3119385,"IFA Omaha, NE-IA",0.0,no cell in the extract: territory at zero opportunity
ifa_mw_mndn_k2,69140,ifa,NE,IFA,IFA_02,IFA,,31135,,3119910,"IFA Omaha, NE-IA",0.0201861,
ifa_mw_mndn_k2,69141,ifa,NE,IFA,IFA_02,IFA,,31033,,3120435,"IFA Omaha, NE-IA",0.0,no cell in the extract: territory at zero opportunity
ifa_mw_mndn_k2,69142,ifa,NE,IFA,IFA_02,IFA,,31171,,3120680,"IFA Omaha, NE-IA",0.0,no cell in the extract: territory at zero opportunity
ifa_mw_mndn_k2,69143,ifa,NE,IFA,IFA_02,IFA,,31111,35820,3122290,"IFA Omaha, NE-IA",1.59207,
ifa_mw_mndn_k2,69144,ifa,NE,IFA,IFA_02,IFA,,31101,,3125335,"IFA Omaha, NE-IA",0.0,no cell in the extract: territory at zero opportunity
ifa_mw_mndn_k2,69145,ifa,NE,IFA,IFA_02,IFA,,31105,,3125475,"IFA Omaha, NE-IA",0.0,no cell in the extract: territory at zero opportunity
ifa_mw_mndn_k2,69146,ifa,NE,IFA,IFA_02,IFA,,31101,,3126595,"IFA Omaha, NE-IA",0.0,no cell in the extract: territory at zero opportunity
ifa_mw_mndn_k2,69147,ifa,NE,IFA,IFA_02,IFA,,31069,,3104055,"IFA Omaha, NE-IA",0.0,no cell in the extract: territory at zero opportunity
ifa_mw_mndn_k2,69148,ifa,NE,IFA,IFA_02,IFA,,31069,,3128315,"IFA Omaha, NE-IA",0.0,no cell in the extract: territory at zero opportunity
ifa_mw_mndn_k2,69149,ifa,NE,IFA,IFA_02,IFA,,31033,,3147745,"IFA Omaha, NE-IA",0.0,no cell in the extract: territory at zero opportunity
ifa_mw_mndn_k2,69150,ifa,NE,IFA,IFA_02,IFA,,31135,,3130275,"IFA Omaha, NE-IA",0.0,no cell in the extract: territory at zero opportunity
ifa_mw_mndn_k2,69151,ifa,NE,IFA,IFA_02,IFA,,31111,35820,3131220,"IFA Omaha, NE-IA",0.0,no cell in the extract: territory at zero opportunity
ifa_mw_mndn_k2,69152,ifa,NE,IFA,IFA_02,IFA,,31091,,3133250,"IFA Omaha, NE-IA",0.0,no cell in the extract: territory at zero opportunity
ifa_mw_mndn_k2,69153,ifa,NE,IFA,IFA_02,IFA,,31101,,3135980,"IFA Omaha, NE-IA",0.343828,
ifa_mw_mndn_k2,69154,ifa,NE,IFA,IFA_02,IFA,,31069,,3137560,"IFA Omaha, NE-IA",0.0,no cell in the extract: territory at zero opportunity
ifa_mw_mndn_k2,69155,ifa,NE,IFA,IFA_02,IFA,,31101,,3138610,"IFA Omaha, NE-IA",0.0,no cell in the extract: territory at zero opportunity
ifa_mw_mndn_k2,69156,ifa,NE,IFA,IFA_02,IFA,,31033,,3139870,"IFA Omaha, NE-IA",0.0,no cell in the extract: territory at zero opportunity
ifa_mw_mndn_k2,69157,ifa,NE,IFA,IFA_02,IFA,,31009,,,"IFA Omaha, NE-IA",0.0,no cell in the extract: territory at zero opportunity
ifa_mw_mndn_k2,69161,ifa,NE,IFA,IFA_02,IFA,,31031,,3144385,"IFA Omaha, NE-IA",0.0,no cell in the extract: territory at zero opportunity
ifa_mw_mndn_k2,69162,ifa,NE,IFA,IFA_02,IFA,,31033,,3145295,"IFA Omaha, NE-IA",8.04909,
ifa_mw_mndn_k2,69163,ifa,NE,IFA,IFA_02,IFA,,31113,35820,3146870,"IFA Omaha, NE-IA",0.0,no cell in the extract: territory at zero opportunity
ifa_mw_mndn_k2,69165,ifa,NE,IFA,IFA_02,IFA,,31111,35820,3147920,"IFA Omaha, NE-IA",0.0,no cell in the extract: territory at zero opportunity
ifa_mw_mndn_k2,69166,ifa,NE,IFA,IFA_02,IFA,,31171,,3148760,"IFA Omaha, NE-IA",0.0,no cell in the extract: territory at zero opportunity
ifa_mw_mndn_k2,69167,ifa,NE,IFA,IFA_02,IFA,,31117,,3149320,"IFA Omaha, NE-IA",0.0,no cell in the extract: territory at zero opportunity
ifa_mw_mndn_k2,69168,ifa,NE,IFA,IFA_02,IFA,,31135,,3150230,"IFA Omaha, NE-IA",0.0,no cell in the extract: territory at zero opportunity
ifa_mw_mndn_k2,69169,ifa,NE,IFA,IFA_02,IFA,,31111,35820,3151175,"IFA Omaha, NE-IA",0.0,no cell in the extract: territory at zero opportunity
ifa_mw_mndn_k2,69170,ifa,NE,IFA,IFA_02,IFA,,31111,35820,3152085,"IFA Omaha, NE-IA",0.0,no cell in the extract: territory at zero opportunity
ifa_mw_mndn_k2,69171,ifa,NE,IFA,IFA_02,IFA,,31047,30420,3153205,"IFA Omaha, NE-IA",0.0,no cell in the extract: territory at zero opportunity
ifa_mw_mndn_k2,69201,ifa,NE,IFA,IFA_02,IFA,,31031,,3149950,"IFA Omaha, NE-IA",0.0535839,
ifa_mw_mndn_k2,69210,ifa,NE,IFA,IFA_02,IFA,,31017,,3100415,"IFA Omaha, NE-IA",0.00767993,
ifa_mw_mndn_k2,69211,ifa,NE,IFA,IFA_02,IFA,,31031,,3109760,"IFA Omaha, NE-IA",0.0,no cell in the extract: territory at zero opportunity
ifa_mw_mndn_k2,69212,ifa,NE,IFA,IFA_02,IFA,,31031,,3111475,"IFA Omaha, NE-IA",0.0,no cell in the extract: territory at zero opportunity
ifa_mw_mndn_k2,69214,ifa,NE,IFA,IFA_02,IFA,,31017,,3124740,"IFA Omaha, NE-IA",0.0,no cell in the extract: territory at zero opportunity
ifa_mw_mndn_k2,69216,ifa,NE,IFA,IFA_02,IFA,,31031,,3125405,"IFA Omaha, NE-IA",0.0,no cell in the extract: territory at zero opportunity
ifa_mw_mndn_k2,69217,ifa,NE,IFA,IFA_02,IFA,,31017,,3129050,"IFA Omaha, NE-IA",0.0,no cell in the extract: territory at zero opportunity
ifa_mw_mndn_k2,69218,ifa,NE,IFA,IFA_02,IFA,,31031,,3131815,"IFA Omaha, NE-IA",0.0,no cell in the extract: territory at zero opportunity
ifa_mw_mndn_k2,69219,ifa,NE,IFA,IFA_02,IFA,,31031,,3133985,"IFA Omaha, NE-IA",0.0,no cell in the extract: territory at zero opportunity
ifa_mw_mndn_k2,69220,ifa,NE,IFA,IFA_02,IFA,,31103,,,"IFA Omaha, NE-IA",0.0,no cell in the extract: territory at zero opportunity
ifa_mw_mndn_k2,69221,ifa,NE,IFA,IFA_02,IFA,,31031,,3153555,"IFA Omaha, NE-IA",0.0,no cell in the extract: territory at zero opportunity
ifa_mw_mndn_k2,69301,ifa,NE,IFA,IFA_02,IFA,,31013,,3100905,"IFA Omaha, NE-IA",3.49634,
ifa_mw_mndn_k2,69331,ifa,NE,IFA,IFA_02,IFA,,31123,,,"IFA Omaha, NE-IA",0.0,no cell in the extract: territory at zero opportunity
ifa_mw_mndn_k2,69333,ifa,NE,IFA,IFA_02,IFA,,31075,,,"IFA Omaha, NE-IA",0.0,no cell in the extract: territory at zero opportunity
ifa_mw_mndn_k2,69334,ifa,NE,IFA,IFA_02,IFA,,31123,,3103285,"IFA Omaha, NE-IA",0.0,no cell in the extract: territory at zero opportunity
ifa_mw_mndn_k2,69335,ifa,NE,IFA,IFA_02,IFA,,31161,,,"IFA Omaha, NE-IA",0.0,no cell in the extract: territory at zero opportunity
ifa_mw_mndn_k2,69336,ifa,NE,IFA,IFA_02,IFA,,31123,,3106295,"IFA Omaha, NE-IA",0.0,no cell in the extract: territory at zero opportunity
ifa_mw_mndn_k2,69337,ifa,NE,IFA,IFA_02,IFA,,31045,,3108605,"IFA Omaha, NE-IA",0.0,no cell in the extract: territory at zero opportunity
ifa_mw_mndn_k2,69339,ifa,NE,IFA,IFA_02,IFA,,31045,,3111195,"IFA Omaha, NE-IA",0.0,no cell in the extract: territory at zero opportunity
ifa_mw_mndn_k2,69340,ifa,NE,IFA,IFA_02,IFA,,31161,,,"IFA Omaha, NE-IA",0.0,no cell in the extract: territory at zero opportunity
ifa_mw_mndn_k2,69341,ifa,NE,IFA,IFA_02,IFA,,31157,42420,3118580,"IFA Omaha, NE-IA",0.269652,
ifa_mw_mndn_k2,69343,ifa,NE,IFA,IFA_02,IFA,,31031,,3119350,"IFA Omaha, NE-IA",0.0,no cell in the extract: territory at zero opportunity
ifa_mw_mndn_k2,69345,ifa,NE,IFA,IFA_02,IFA,,31007,42420,3121030,"IFA Omaha, NE-IA",0.0,no cell in the extract: territory at zero opportunity
ifa_mw_mndn_k2,69346,ifa,NE,IFA,IFA_02,IFA,,31165,,3121240,"IFA Omaha, NE-IA",0.0,no cell in the extract: territory at zero opportunity
ifa_mw_mndn_k2,69347,ifa,NE,IFA,IFA_02,IFA,,31161,,3121730,"IFA Omaha, NE-IA",0.0,no cell in the extract: territory at zero opportunity
ifa_mw_mndn_k2,69348,ifa,NE,IFA,IFA_02,IFA,,31013,,3122045,"IFA Omaha, NE-IA",0.0,no cell in the extract: territory at zero opportunity
ifa_mw_mndn_k2,69350,ifa,NE,IFA,IFA_02,IFA,,31075,,3123655,"IFA Omaha, NE-IA",0.0,no cell in the extract: territory at zero opportunity
ifa_mw_mndn_k2,69351,ifa,NE,IFA,IFA_02,IFA,,31161,,,"IFA Omaha, NE-IA",0.0,no cell in the extract: territory at zero opportunity
ifa_mw_mndn_k2,69352,ifa,NE,IFA,IFA_02,IFA,,31157,42420,3129715,"IFA Omaha, NE-IA",0.0,no cell in the extract: territory at zero opportunity
ifa_mw_mndn_k2,69353,ifa,NE,IFA,IFA_02,IFA,,31157,42420,3130030,"IFA Omaha, NE-IA",0.0,no cell in the extract: territory at zero opportunity
ifa_mw_mndn_k2,69354,ifa,NE,IFA,IFA_02,IFA,,31165,,,"IFA Omaha, NE-IA",0.0,no cell in the extract: territory at zero opportunity
ifa_mw_mndn_k2,69355,ifa,NE,IFA,IFA_02,IFA,,31157,42420,3131570,"IFA Omaha, NE-IA",0.0,no cell in the extract: territory at zero opportunity
ifa_mw_mndn_k2,69356,ifa,NE,IFA,IFA_02,IFA,,31157,42420,3132305,"IFA Omaha, NE-IA",0.0,no cell in the extract: territory at zero opportunity
ifa_mw_mndn_k2,69357,ifa,NE,IFA,IFA_02,IFA,,31165,,3132410,"IFA Omaha, NE-IA",0.0,no cell in the extract: territory at zero opportunity
ifa_mw_mndn_k2,69358,ifa,NE,IFA,IFA_02,IFA,,31165,,3132830,"IFA Omaha, NE-IA",0.0,no cell in the extract: territory at zero opportunity
ifa_mw_mndn_k2,69360,ifa,NE,IFA,IFA_02,IFA,,31161,,3142775,"IFA Omaha, NE-IA",0.0,no cell in the extract: territory at zero opportunity
ifa_mw_mndn_k2,69361,ifa,NE,IFA,IFA_02,IFA,,31165,,3144245,"IFA Omaha, NE-IA",6.13646,
ifa_mw_mndn_k2,69365,ifa,NE,IFA,IFA_02,IFA,,31161,,3152855,"IFA Omaha, NE-IA",0.0,no cell in the extract: territory at zero opportunity
ifa_mw_mndn_k2,69366,ifa,NE,IFA,IFA_02,IFA,,31031,,,"IFA Omaha, NE-IA",0.0,no cell in the extract: territory at zero opportunity
ifa_mw_mndn_k2,69367,ifa,NE,IFA,IFA_02,IFA,,31045,,3152925,"IFA Omaha, NE-IA",0.0,no cell in the extract: territory at zero opportunity
