scenario,zip_code,current_channel,state,model_channel,district,district_channels,rep,county,cbsa,place,district_name,m_rel,reason
ifa_pac_k5,89421,ifa,OR,IFA,IFA_05,IFA,,41045,36620,3225490,"IFA Seattle-Tacoma-Bellevue, WA",0.0,no cell in the extract: territory at zero opportunity
ifa_pac_k5,90001,ifa,CA,IFA,IFA_04,IFA,,06037,31080,0624477,"IFA Los Angeles-Long Beach-Anaheim, CA / San Francisco-Oakland-Fremont, CA",0.0,no cell in the extract: territory at zero opportunity
ifa_pac_k5,90002,ifa,CA,IFA,IFA_04,IFA,,06037,31080,0644000,"IFA Los Angeles-Long Beach-Anaheim, CA / San Francisco-Oakland-Fremont, CA",0.0,no cell in the extract: territory at zero opportunity
ifa_pac_k5,90003,ifa,CA,IFA,IFA_04,IFA,,06037,31080,0644000,"IFA Los Angeles-Long Beach-Anaheim, CA / San Francisco-Oakland-Fremont, CA",0.0,no cell in the extract: territory at zero opportunity
ifa_pac_k5,90004,ifa,CA,IFA,IFA_04,IFA,,06037,31080,0644000,"IFA Los Angeles-Long Beach-Anaheim, CA / San Francisco-Oakland-Fremont, CA",0.0015909,
ifa_pac_k5,90005,ifa,CA,IFA,IFA_04,IFA,,06037,31080,0644000,"IFA Los Angeles-Long Beach-Anaheim, CA / San Francisco-Oakland-Fremont, CA",0.143188,
ifa_pac_k5,90006,ifa,CA,IFA,IFA_04,IFA,,06037,31080,0644000,"IFA Los Angeles-Long Beach-Anaheim, CA / San Francisco-Oakland-Fremont, CA",0.0302271,
ifa_pac_k5,90007,ifa,CA,IFA,IFA_04,IFA,,06037,31080,0644000,"IFA Los Angeles-Long Beach-Anaheim, CA / San Francisco-Oakland-Fremont, CA",1.7194,
ifa_pac_k5,90008,ifa,CA,IFA,IFA_04,IFA,,06037,31080,0644000,"IFA Los Angeles-Long Beach-Anaheim, CA / San Francisco-Oakland-Fremont, CA",0.0,no cell in the extract: territory at zero opportunity
ifa_pac_k5,90010,ifa,CA,IFA,IFA_04,IFA,,06037,31080,0644000,"IFA Los Angeles-Long Beach-Anaheim, CA / San Francisco-Oakland-Fremont, CA",64.7529,
ifa_pac_k5,90011,ifa,CA,IFA,IFA_04,IFA,,06037,31080,0644000,"IFA Los Angeles-Long Beach-Anaheim, CA / San Francisco-Oakland-Fremont, CA",0.0,no cell in the extract: territory at zero opportunity
ifa_pac_k5,90012,ifa,CA,IFA,IFA_04,IFA,,06037,31080,0644000,"IFA Los Angeles-Long Beach-Anaheim, CA / San Francisco-Oakland-Fremont, CA",0.636599,
ifa_pac_k5,90013,ifa,CA,IFA,IFA_02,IFA,,06037,31080,0644000,"IFA Los Angeles-Long Beach-Anaheim, CA / Riverside-San Bernardino-Ontario, CA",0.0,no cell in the extract: territory at zero opportunity
ifa_pac_k5,90014,ifa,CA,IFA,IFA_04,IFA,,06037,31080,0644000,"IFA Los Angeles-Long Beach-Anaheim, CA / San Francisco-Oakland-Fremont, CA",0.0,no cell in the extract: territory at zero opportunity
ifa_pac_k5,90015,ifa,CA,IFA,IFA_04,IFA,,06037,31080,0644000,"IFA Los Angeles-Long Beach-Anaheim, CA / San Francisco-Oakland-Fremont, CA",0.148114,
ifa_pac_k5,90016,ifa,CA,IFA,IFA_04,IFA,,06037,31080,0644000,"IFA Los Angeles-Long Beach-Anaheim, CA / San Francisco-Oakland-Fremont, CA",0.000954541,
ifa_pac_k5,90017,ifa,CA,IFA,IFA_04,IFA,,06037,31080,0644000,"IFA Los Angeles-Long Beach-Anaheim, CA / San Francisco-Oakland-Fremont, CA",0.0374191,
ifa_pac_k5,90018,ifa,CA,IFA,IFA_04,IFA,,06037,31080,0644000,"IFA Los Angeles-Long Beach-Anaheim, CA / San Francisco-Oakland-Fremont, CA",0.0,no cell in the extract: territory at zero opportunity
ifa_pac_k5,90019,ifa,CA,IFA,IFA_04,IFA,,06037,31080,0644000,"IFA Los Angeles-Long Beach-Anaheim, CA / San Francisco-Oakland-Fremont, CA",0.0,no cell in the extract: territory at zero opportunity
ifa_pac_k5,90020,ifa,CA,IFA,IFA_04,IFA,,06037,31080,0644000,"IFA Los Angeles-Long Beach-Anaheim, CA / San Francisco-Oakland-Fremont, CA",0.0,no cell in the extract: territory at zero opportunity
ifa_pac_k5,90021,ifa,CA,IFA,IFA_04,IFA,,06037,31080,0644000,"IFA Los Angeles-Long Beach-Anaheim, CA / San Francisco-Oakland-Fremont, CA",0.0,no cell in the extract: territory at zero opportunity
ifa_pac_k5,90022,ifa,CA,IFA,IFA_04,IFA,,06037,31080,0620802,"IFA Los Angeles-Long Beach-Anaheim, CA / San Francisco-Oakland-Fremont, CA",0.0,no cell in the extract: territory at zero opportunity
ifa_pac_k5,90023,ifa,CA,IFA,IFA_02,IFA,,06037,31080,0644000,"IFA Los Angeles-Long Beach-Anaheim, CA / Riverside-San Bernardino-Ontario, CA",0.0,no cell in the extract: territory at zero opportunity
ifa_pac_k5,90024,ifa,CA,IFA,IFA_01,IFA,,06037,31080,0644000,"IFA San Francisco-Oakland-Fremont, CA",4.85842,
ifa_pac_k5,90025,ifa,CA,IFA,IFA_01,IFA,,06037,31080,0644000,"IFA San Francisco-Oakland-Fremont, CA",3.51284,
ifa_pac_k5,90026,ifa,CA,IFA,IFA_04,IFA,,06037,31080,0644000,"IFA Los Angeles-Long Beach-Anaheim, CA / San Francisco-Oakland-Fremont, CA",0.0,no cell in the extract: territory at zero opportunity
ifa_pac_k5,90027,ifa,CA,IFA,IFA_04,IFA,,06037,31080,0644000,"IFA Los Angeles-Long Beach-Anaheim, CA / San Francisco-Oakland-Fremont, CA",0.291539,
ifa_pac_k5,90028,ifa,CA,IFA,IFA_04,IFA,,06037,31080,0644000,"IFA Los Angeles-Long Beach-Anaheim, CA / San Francisco-Oakland-Fremont, CA",0.0,no cell in the extract: territory at zero opportunity
ifa_pac_k5,90029,ifa,CA,IFA,IFA_04,IFA,,06037,31080,0644000,"IFA Los Angeles-Long Beach-Anaheim, CA / San Francisco-Oakland-Fremont, CA",0.0,no cell in the extract: territory at zero opportunity
ifa_pac_k5,90031,ifa,CA,IFA,IFA_04,IFA,,06037,31080,0644000,"IFA Los Angeles-Long Beach-Anaheim, CA / San Francisco-Oakland-Fremont, CA",0.398882,
ifa_pac_k5,90032,ifa,CA,IFA,IFA_04,IFA,,06037,31080,0644000,"IFA Los Angeles-Long Beach-Anaheim, CA / San Francisco-Oakland-Fremont, CA",0.0,no cell in the extract: territory at zero opportunity
ifa_pac_k5,90033,ifa,CA,IFA,IFA_04,IFA,,06037,31080,0644000,"IFA Los Angeles-Long Beach-Anaheim, CA / San Francisco-Oakland-Fremont, CA",0.0,no cell in the extract: territory at zero opportunity
ifa_pac_k5,90034,ifa,CA,IFA,IFA_04,IFA,,06037,31080,0644000,"IFA Los Angeles-Long Beach-Anaheim, CA / San Francisco-Oakland-Fremont, CA",0.988074,
ifa_pac_k5,90035,ifa,CA,IFA,IFA_01,IFA,,06037,31080,0644000,"IFA San Francisco-Oakland-Fremont, CA",0.0,no cell in the extract: territory at zero opportunity
ifa_pac_k5,90036,ifa,CA,IFA,IFA_01,IFA,,06037,31080,0644000,"IFA San Francisco-Oakland-Fremont, CA",6.58042,
ifa_pac_k5,90037,ifa,CA,IFA,IFA_04,IFA,,06037,31080,0644000,"IFA Los Angeles-Long Beach-Anaheim, CA / San Francisco-Oakland-Fremont, CA",0.0,no cell in the extract: territory at zero opportunity
ifa_pac_k5,90038,ifa,CA,IFA,IFA_04,IFA,,06037,31080,0644000,"IFA Los Angeles-Long Beach-Anaheim, CA / San Francisco-Oakland-Fremont, CA",0.0,no cell in the extract: territory at zero opportunity
ifa_pac_k5,90039,ifa,CA,IFA,IFA_04,IFA,,06037,31080,0644000,"IFA Los Angeles-Long Beach-Anaheim, CA / San Francisco-Oakland-Fremont, CA",0.0,no cell in the extract: territory at zero opportunity
ifa_pac_k5,90040,ifa,CA,IFA,IFA_02,IFA,,06037,31080,0614974,"IFA Los Angeles-Long Beach-Anaheim, CA / Riverside-San Bernardino-Ontario, CA",0.0,no cell in the extract: territory at zero opportunity
ifa_pac_k5,90041,ifa,CA,IFA,IFA_04,IFA,,06037,31080,0644000,"IFA Los Angeles-Long Beach-Anaheim, CA / San Francisco-Oakland-Fremont, CA",4.99705,
ifa_pac_k5,90042,ifa,CA,IFA,IFA_04,IFA,,06037,31080,0644000,"IFA Los Angeles-Long Beach-Anaheim, CA / San Francisco-Oakland-Fremont, CA",0.0,no cell in the extract: territory at zero opportunity
ifa_pac_k5,90043,ifa,CA,IFA,IFA_04,IFA,,06037,31080,0644000,"IFA Los Angeles-Long Beach-Anaheim, CA / San Francisco-Oakland-Fremont, CA",0.0,no cell in the extract: territory at zero opportunity
ifa_pac_k5,90044,ifa,CA,IFA,IFA_04,IFA,,06037,31080,0644000,"IFA Los Angeles-Long Beach-Anaheim, CA / San Francisco-Oakland-Fremont, CA",0.0,no cell in the extract: territory at zero opportunity
ifa_pac_k5,90045,ifa,CA,IFA,IFA_04,IFA,,06037,31080,0644000,"IFA Los Angeles-Long Beach-Anaheim, CA / San Francisco-Oakland-Fremont, CA",0.967417,
ifa_pac_k5,90046,ifa,CA,IFA,IFA_04,IFA,,06037,31080,0644000,"IFA Los Angeles-Long Beach-Anaheim, CA / San Francisco-Oakland-Fremont, CA",3.00174,
ifa_pac_k5,90047,ifa,CA,IFA,IFA_04,IFA,,06037,31080,0644000,"IFA Los Angeles-Long Beach-Anaheim, CA / San Francisco-Oakland-Fremont, CA",0.0,no cell in the extract: territory at zero opportunity
ifa_pac_k5,90048,ifa,CA,IFA,IFA_01,IFA,,06037,31080,0644000,"IFA San Francisco-Oakland-Fremont, CA",0.782679,
ifa_pac_k5,90049,ifa,CA,IFA,IFA_01,IFA,,06037,31080,0644000,"IFA San Francisco-Oakland-Fremont, CA",11.4455,
ifa_pac_k5,90052,ifa,CA,IFA,IFA_04,IFA,,06037,31080,0644000,"IFA Los Angeles-Long Beach-Anaheim, CA / San Francisco-Oakland-Fremont, CA",0.0,no cell in the extract: territory at zero opportunity
ifa_pac_k5,90056,ifa,CA,IFA,IFA_04,IFA,,06037,31080,0639108,"IFA Los Angeles-Long Beach-Anaheim, CA / San Francisco-Oakland-Fremont, CA",0.0324544,
ifa_pac_k5,90057,ifa,CA,IFA,IFA_04,IFA,,06037,31080,0644000,"IFA Los Angeles-Long Beach-Anaheim, CA / San Francisco-Oakland-Fremont, CA",0.0,no cell in the extract: territory at zero opportunity
ifa_pac_k5,90058,ifa,CA,IFA,IFA_04,IFA,,06037,31080,0682422,"IFA Los Angeles-Long Beach-Anaheim, CA / San Francisco-Oakland-Fremont, CA",0.0,no cell in the extract: territory at zero opportunity
ifa_pac_k5,90059,ifa,CA,IFA,IFA_04,IFA,,06037,31080,0644000,"IFA Los Angeles-Long Beach-Anaheim, CA / San Francisco-Oakland-Fremont, CA",0.0,no cell in the extract: territory at zero opportunity
ifa_pac_k5,90061,ifa,CA,IFA,IFA_04,IFA,,06037,31080,0684780,"IFA Los Angeles-Long Beach-Anaheim, CA / San Francisco-Oakland-Fremont, CA",0.0,no cell in the extract: territory at zero opportunity
ifa_pac_k5,90062,ifa,CA,IFA,IFA_04,IFA,,06037,31080,0644000,"IFA Los Angeles-Long Beach-Anaheim, CA / San Francisco-Oakland-Fremont, CA",0.0,no cell in the extract: territory at zero opportunity
ifa_pac_k5,90063,ifa,CA,IFA,IFA_04,IFA,,06037,31080,0620802,"IFA Los Angeles-Long Beach-Anaheim, CA / San Francisco-Oakland-Fremont, CA",0.0,no cell in the extract: territory at zero opportunity
ifa_pac_k5,90064,ifa,CA,IFA,IFA_01,IFA,,06037,31080,0644000,"IFA San Francisco-Oakland-Fremont, CA",7.63338,
ifa_pac_k5,90065,ifa,CA,IFA,IFA_04,IFA,,06037,31080,0644000,"IFA Los Angeles-Long Beach-Anaheim, CA / San Francisco-Oakland-Fremont, CA",0.0,no cell in the extract: territory at zero opportunity
ifa_pac_k5,90066,ifa,CA,IFA,IFA_01,IFA,,06037,31080,0644000,"IFA San Francisco-Oakland-Fremont, CA",0.757069,
ifa_pac_k5,90067,ifa,CA,IFA,IFA_01,IFA,,06037,31080,0644000,"IFA San Francisco-Oakland-Fremont, CA",4.75983,
ifa_pac_k5,90068,ifa,CA,IFA,IFA_04,IFA,,06037,31080,0644000,"IFA Los Angeles-Long Beach-Anaheim, CA / San Francisco-Oakland-Fremont, CA",9.75586,
ifa_pac_k5,90069,ifa,CA,IFA,IFA_01,IFA,,06037,31080,0644000,"IFA San Francisco-Oakland-Fremont, CA",0.129245,
ifa_pac_k5,90071,ifa,CA,IFA,IFA_02,IFA,,06037,31080,0644000,"IFA Los Angeles-Long Beach-Anaheim, CA / Riverside-San Bernardino-Ontario, CA",32.4648,
ifa_pac_k5,90073,ifa,CA,IFA,IFA_01,IFA,,06037,31080,,"IFA San Francisco-Oakland-Fremont, CA",0.0,no cell in the extract: territory at zero opportunity
ifa_pac_k5,90077,ifa,CA,IFA,IFA_01,IFA,,06037,31080,0644000,"IFA San Francisco-Oakland-Fremont, CA",0.795451,
ifa_pac_k5,90079,ifa,CA,IFA,IFA_04,IFA,,06037,31080,0644000,"IFA Los Angeles-Long Beach-Anaheim, CA / San Francisco-Oakland-Fremont, CA",0.0,no cell in the extract: territory at zero opportunity
ifa_pac_k5,90089,ifa,CA,IFA,IFA_04,IFA,,06037,31080,0644000,"IFA Los Angeles-Long Beach-Anaheim, CA / San Francisco-Oakland-Fremont, CA",0.0,no cell in the extract: territory at zero opportunity
ifa_pac_k5,90094,ifa,CA,IFA,IFA_04,IFA,,06037,31080,0644000,"IFA Los Angeles-Long Beach-Anaheim, CA / San Francisco-Oakland-Fremont, CA",0.0,no cell in the extract: territory at zero opportunity
ifa_pac_k5,90095,ifa,CA,IFA,IFA_01,IFA,,06037,31080,0644000,"IFA San Francisco-Oakland-Fremont, CA",1.18381,
ifa_pac_k5,90201,ifa,CA,IFA,IFA_04,IFA,,06037,31080,0604996,"IFA Los Angeles-Long Beach-Anaheim, CA / San Francisco-Oakland-Fremont, CA",0.0,no cell in the extract: territory at zero opportunity
ifa_pac_k5,90210,ifa,CA,IFA,IFA_01,IFA,,06037,31080,0644000,"IFA San Francisco-Oakland-Fremont, CA",0.735815,
ifa_pac_k5,90211,ifa,CA,IFA,IFA_01,IFA,,06037,31080,0606308,"IFA San Francisco-Oakland-Fremont, CA",9.22913,
ifa_pac_k5,90212,ifa,CA,IFA,IFA_01,IFA,,06037,31080,0606308,"IFA San Francisco-Oakland-Fremont, CA",4.58976,
ifa_pac_k5,90220,ifa,CA,IFA,IFA_04,IFA,,06037,31080,0615044,"IFA Los Angeles-Long Beach-Anaheim, CA / San Francisco-Oakland-Fremont, CA",0.0,no cell in the extract: territory at zero opportunity
ifa_pac_k5,90221,ifa,CA,IFA,IFA_04,IFA,,06037,31080,0615044,"IFA Los Angeles-Long Beach-Anaheim, CA / San Francisco-Oakland-Fremont, CA",0.0,no cell in the extract: territory at zero opportunity
ifa_pac_k5,90222,ifa,CA,IFA,IFA_04,IFA,,06037,31080,0615044,"IFA Los Angeles-Long Beach-Anaheim, CA / San Francisco-Oakland-Fremont, CA",0.0,no cell in the extract: territory at zero opportunity
ifa_pac_k5,90230,ifa,CA,IFA,IFA_04,IFA,,06037,31080,0617568,"IFA Los Angeles-Long Beach-Anaheim, CA / San Francisco-Oakland-Fremont, CA",4.77145,
ifa_pac_k5,90232,ifa,CA,IFA,IFA_04,IFA,,06037,31080,0617568,"IFA Los Angeles-Long Beach-Anaheim, CA / San Francisco-Oakland-Fremont, CA",0.217954,
ifa_pac_k5,90240,ifa,CA,IFA,IFA_02,IFA,,06037,31080,0619766,"IFA Los Angeles-Long Beach-Anaheim, CA / Riverside-San Bernardino-Ontario, CA",0.0,no cell in the extract: territory at zero opportunity
ifa_pac_k5,90241,ifa,CA,IFA,IFA_04,IFA,,06037,31080,0619766,"IFA Los Angeles-Long Beach-Anaheim, CA / San Francisco-Oakland-Fremont, CA",0.222014,
ifa_pac_k5,90242,ifa,CA,IFA,IFA_04,IFA,,06037,31080,0619766,"IFA Los Angeles-Long Beach-Anaheim, CA / San Francisco-Oakland-Fremont, CA",6.37764,
ifa_pac_k5,90245,ifa,CA,IFA,IFA_04,IFA,,06037,31080,0622412,"IFA Los Angeles-Long Beach-Anaheim, CA / San Francisco-Oakland-Fremont, CA",49.912,
ifa_pac_k5,90247,ifa,CA,IFA,IFA_04,IFA,,06037,31080,0628168,"IFA Los Angeles-Long Beach-Anaheim, CA / San Francisco-Oakland-Fremont, CA",0.0,no cell in the extract: territory at zero opportunity
ifa_pac_k5,90248,ifa,CA,IFA,IFA_02,IFA,,06037,31080,0644000,"IFA Los Angeles-Long Beach-Anaheim, CA / Riverside-San Bernardino-Ontario, CA",1.72295,
ifa_pac_k5,90249,ifa,CA,IFA,IFA_04,IFA,,06037,31080,0628168,"IFA Los Angeles-Long Beach-Anaheim, CA / San Francisco-Oakland-Fremont, CA",0.0,no cell in the extract: territory at zero opportunity
ifa_pac_k5,90250,ifa,CA,IFA,IFA_04,IFA,,06037,31080,0632548,"IFA Los Angeles-Long Beach-Anaheim, CA / San Francisco-Oakland-Fremont, CA",3.29826,
ifa_pac_k5,90254,ifa,CA,IFA,IFA_02,IFA,,06037,31080,0633364,"IFA Los Angeles-Long Beach-Anaheim, CA / Riverside-San Bernardino-Ontario, CA",22.5743,
ifa_pac_k5,90255,ifa,CA,IFA,IFA_04,IFA,,06037,31080,0636056,"IFA Los Angeles-Long Beach-Anaheim, CA / San Francisco-Oakland-Fremont, CA",0.0,no cell in the extract: territory at zero opportunity
ifa_pac_k5,90260,ifa,CA,IFA,IFA_04,IFA,,06037,31080,0640886,"IFA Los Angeles-Long Beach-Anaheim, CA / San Francisco-Oakland-Fremont, CA",0.0,no cell in the extract: territory at zero opportunity
ifa_pac_k5,90262,ifa,CA,IFA,IFA_04,IFA,,06037,31080,0644574,"IFA Los Angeles-Long Beach-Anaheim, CA / San Francisco-Oakland-Fremont, CA",0.0,no cell in the extract: territory at zero opportunity
ifa_pac_k5,90263,ifa,CA,IFA,IFA_01,IFA,,06037,31080,0656598,"IFA San Francisco-Oakland-Fremont, CA",0.0,no cell in the extract: territory at zero opportunity
ifa_pac_k5,90265,ifa,CA,IFA,IFA_01,IFA,,06037,31080,0645246,"IFA San Francisco-Oakland-Fremont, CA",0.0,no cell in the extract: territory at zero opportunity
ifa_pac_k5,90266,ifa,CA,IFA,IFA_02,IFA,,06037,31080,0645400,"IFA Los Angeles-Long Beach-Anaheim, CA / Riverside-San Bernardino-Ontario, CA",15.3926,
ifa_pac_k5,90270,ifa,CA,IFA,IFA_04,IFA,,06037,31080,0646492,"IFA Los Angeles-Long Beach-Anaheim, CA / San Francisco-Oakland-Fremont, CA",0.0,no cell in the extract: territory at zero opportunity
ifa_pac_k5,90272,ifa,CA,IFA,IFA_01,IFA,,06037,31080,0644000,"IFA San Francisco-Oakland-Fremont, CA",1.41119,
ifa_pac_k5,90274,ifa,CA,IFA,IFA_02,IFA,,06037,31080,0655380,"IFA Los Angeles-Long Beach-Anaheim, CA / Riverside-San Bernardino-Ontario, CA",2.52899,
ifa_pac_k5,90275,ifa,CA,IFA,IFA_02,IFA,,06037,31080,0659514,"IFA Los Angeles-Long Beach-Anaheim, CA / Riverside-San Bernardino-Ontario, CA",11.7753,
ifa_pac_k5,90277,ifa,CA,IFA,IFA_02,IFA,,06037,31080,0660018,"IFA Los Angeles-Long Beach-Anaheim, CA / Riverside-San Bernardino-Ontario, CA",2.37297,
ifa_pac_k5,90278,ifa,CA,IFA,IFA_04,IFA,,06037,31080,0660018,"IFA Los Angeles-Long Beach-Anaheim, CA / San Francisco-Oakland-Fremont, CA",1.35669,
ifa_pac_k5,90280,ifa,CA,IFA,IFA_04,IFA,,06037,31080,0673080,"IFA Los Angeles-Long Beach-Anaheim, CA / San Francisco-Oakland-Fremont, CA",0.0,no cell in the extract: territory at zero opportunity
ifa_pac_k5,90290,ifa,CA,IFA,IFA_01,IFA,,06037,31080,0678960,"IFA San Francisco-Oakland-Fremont, CA",0.0,no cell in the extract: territory at zero opportunity
ifa_pac_k5,90291,ifa,CA,IFA,IFA_01,IFA,,06037,31080,0644000,"IFA San Francisco-Oakland-Fremont, CA",0.0,no cell in the extract: territory at zero opportunity
ifa_pac_k5,90292,ifa,CA,IFA,IFA_01,IFA,,06037,31080,0644000,"IFA San Francisco-Oakland-Fremont, CA",0.341834,
ifa_pac_k5,90293,ifa,CA,IFA,IFA_04,IFA,,06037,31080,0644000,"IFA Los Angeles-Long Beach-Anaheim, CA / San Francisco-Oakland-Fremont, CA",0.556816,
ifa_pac_k5,90301,ifa,CA,IFA,IFA_04,IFA,,06037,31080,0636546,"IFA Los Angeles-Long Beach-Anaheim, CA / San Francisco-Oakland-Fremont, CA",0.0,no cell in the extract: territory at zero opportunity
ifa_pac_k5,90302,ifa,CA,IFA,IFA_04,IFA,,06037,31080,0636546,"IFA Los Angeles-Long Beach-Anaheim, CA / San Francisco-Oakland-Fremont, CA",0.0,no cell in the extract: territory at zero opportunity
ifa_pac_k5,90303,ifa,CA,IFA,IFA_04,IFA,,06037,31080,0636546,"IFA Los Angeles-Long Beach-Anaheim, CA / San Francisco-Oakland-Fremont, CA",0.0,no cell in the extract: territory at zero opportunity
ifa_pac_k5,90304,ifa,CA,IFA,IFA_04,IFA,,06037,31080,0641180,"IFA Los Angeles-Long Beach-Anaheim, CA / San Francisco-Oakland-Fremont, CA",0.0,no cell in the extract: territory at zero opportunity
ifa_pac_k5,90305,ifa,CA,IFA,IFA_04,IFA,,06037,31080,0636546,"IFA Los Angeles-Long Beach-Anaheim, CA / San Francisco-Oakland-Fremont, CA",0.0,no cell in the extract: territory at zero opportunity
ifa_pac_k5,90401,ifa,CA,IFA,IFA_01,IFA,,06037,31080,0670000,"IFA San Francisco-Oakland-Fremont, CA",1.34663,
ifa_pac_k5,90402,ifa,CA,IFA,IFA_01,IFA,,06037,31080,0670000,"IFA San Francisco-Oakland-Fremont, CA",0.782907,
ifa_pac_k5,90403,ifa,CA,IFA,IFA_01,IFA,,06037,31080,0670000,"IFA San Francisco-Oakland-Fremont, CA",0.0,no cell in the extract: territory at zero opportunity
ifa_pac_k5,90404,ifa,CA,IFA,IFA_01,IFA,,06037,31080,0670000,"IFA San Francisco-Oakland-Fremont, CA",0.0,no cell in the extract: territory at zero opportunity
ifa_pac_k5,90405,ifa,CA,IFA,IFA_01,IFA,,06037,31080,0670000,"IFA San Francisco-Oakland-Fremont, CA",1.31923,
ifa_pac_k5,90501,ifa,CA,IFA,IFA_02,IFA,,06037,31080,0680000,"IFA Los Angeles-Long Beach-Anaheim, CA / Riverside-San Bernardino-Ontario, CA",9.95146,
ifa_pac_k5,90502,ifa,CA,IFA,IFA_02,IFA,,06037,31080,0684144,"IFA Los Angeles-Long Beach-Anaheim, CA / Riverside-San Bernardino-Ontario, CA",0.827183,
ifa_pac_k5,90503,ifa,CA,IFA,IFA_02,IFA,,06037,31080,0680000,"IFA Los Angeles-Long Beach-Anaheim, CA / Riverside-San Bernardino-Ontario, CA",35.9778,
ifa_pac_k5,90504,ifa,CA,IFA,IFA_04,IFA,,06037,31080,0680000,"IFA Los Angeles-Long Beach-Anaheim, CA / San Francisco-Oakland-Fremont, CA",1.38631,
ifa_pac_k5,90505,ifa,CA,IFA,IFA_02,IFA,,06037,31080,0680000,"IFA Los Angeles-Long Beach-Anaheim, CA / Riverside-San Bernardino-Ontario, CA",12.8926,
ifa_pac_k5,90506,ifa,CA,IFA,IFA_04,IFA,,06037,31080,0601150,"IFA Los Angeles-Long Beach-Anaheim, CA / San Francisco-Oakland-Fremont, CA",0.0,no cell in the extract: territory at zero opportunity
ifa_pac_k5,90601,ifa,CA,IFA,IFA_04,IFA,,06037,31080,0685292,"IFA Los Angeles-Long Beach-Anaheim, CA / San Francisco-Oakland-Fremont, CA",0.397725,
ifa_pac_k5,90602,ifa,CA,IFA,IFA_04,IFA,,06037,31080,0685292,"IFA Los Angeles-Long Beach-Anaheim, CA / San Francisco-Oakland-Fremont, CA",2.86628,
ifa_pac_k5,90603,ifa,CA,IFA,IFA_02,IFA,,06037,31080,0685292,"IFA Los Angeles-Long Beach-Anaheim, CA / Riverside-San Bernardino-Ontario, CA",4.60643,
ifa_pac_k5,90604,ifa,CA,IFA,IFA_02,IFA,,06037,31080,0673430,"IFA Los Angeles-Long Beach-Anaheim, CA / Riverside-San Bernardino-Ontario, CA",0.0,no cell in the extract: territory at zero opportunity
ifa_pac_k5,90605,ifa,CA,IFA,IFA_02,IFA,,06037,31080,0685292,"IFA Los Angeles-Long Beach-Anaheim, CA / Riverside-San Bernardino-Ontario, CA",0.424907,
ifa_pac_k5,90606,ifa,CA,IFA,IFA_04,IFA,,06037,31080,0684921,"IFA Los Angeles-Long Beach-Anaheim, CA / San Francisco-Oakland-Fremont, CA",0.0,no cell in the extract: territory at zero opportunity
ifa_pac_k5,90620,ifa,CA,IFA,IFA_02,IFA,,06059,31080,0608786,"IFA Los Angeles-Long Beach-Anaheim, CA / Riverside-San Bernardino-Ontario, CA",3.0927,
ifa_pac_k5,90621,ifa,CA,IFA,IFA_02,IFA,,06059,31080,0608786,"IFA Los Angeles-Long Beach-Anaheim, CA / Riverside-San Bernardino-Ontario, CA",1.96026,
ifa_pac_k5,90623,ifa,CA,IFA,IFA_02,IFA,,06059,31080,0640256,"IFA Los Angeles-Long Beach-Anaheim, CA / Riverside-San Bernardino-Ontario, CA",0.556287,
ifa_pac_k5,90630,ifa,CA,IFA,IFA_02,IFA,,06059,31080,0617750,"IFA Los Angeles-Long Beach-Anaheim, CA / Riverside-San Bernardino-Ontario, CA",7.97377,
ifa_pac_k5,90631,ifa,CA,IFA,IFA_02,IFA,,06059,31080,0639290,"IFA Los Angeles-Long Beach-Anaheim, CA / Riverside-San Bernardino-Ontario, CA",0.368425,
ifa_pac_k5,90638,ifa,CA,IFA,IFA_02,IFA,,06037,31080,0640032,"IFA Los Angeles-Long Beach-Anaheim, CA / Riverside-San Bernardino-Ontario, CA",4.64482,
ifa_pac_k5,90639,ifa,CA,IFA,IFA_02,IFA,,06037,31080,0640032,"IFA Los Angeles-Long Beach-Anaheim, CA / Riverside-San Bernardino-Ontario, CA",0.0,no cell in the extract: territory at zero opportunity
ifa_pac_k5,90640,ifa,CA,IFA,IFA_04,IFA,,06037,31080,0648816,"IFA Los Angeles-Long Beach-Anaheim, CA / San Francisco-Oakland-Fremont, CA",0.0954541,
ifa_pac_k5,90650,ifa,CA,IFA,IFA_04,IFA,,06037,31080,0652526,"IFA Los Angeles-Long Beach-Anaheim, CA / San Francisco-Oakland-Fremont, CA",0.0930457,
ifa_pac_k5,90660,ifa,CA,IFA,IFA_04,IFA,,06037,31080,0656924,"IFA Los Angeles-Long Beach-Anaheim, CA / San Francisco-Oakland-Fremont, CA",0.0,no cell in the extract: territory at zero opportunity
ifa_pac_k5,90670,ifa,CA,IFA,IFA_02,IFA,,06037,31080,0669154,"IFA Los Angeles-Long Beach-Anaheim, CA / Riverside-San Bernardino-Ontario, CA",0.0,no cell in the extract: territory at zero opportunity
ifa_pac_k5,90680,ifa,CA,IFA,IFA_02,IFA,,06059,31080,0673962,"IFA Los Angeles-Long Beach-Anaheim, CA / Riverside-San Bernardino-Ontario, CA",0.0,no cell in the extract: territory at zero opportunity
ifa_pac_k5,90701,ifa,CA,IFA,IFA_02,IFA,,06037,31080,0602896,"IFA Los Angeles-Long Beach-Anaheim, CA / Riverside-San Bernardino-Ontario, CA",0.000556816,
ifa_pac_k5,90703,ifa,CA,IFA,IFA_02,IFA,,06037,31080,0612552,"IFA Los Angeles-Long Beach-Anaheim, CA / Riverside-San Bernardino-Ontario, CA",6.17559,
ifa_pac_k5,90704,ifa,CA,IFA,IFA_02,IFA,,06037,31080,0603274,"IFA Los Angeles-Long Beach-Anaheim, CA / Riverside-San Bernardino-Ontario, CA",0.0,no cell in the extract: territory at zero opportunity
ifa_pac_k5,90706,ifa,CA,IFA,IFA_04,IFA,,06037,31080,0604982,"IFA Los Angeles-Long Beach-Anaheim, CA / San Francisco-Oakland-Fremont, CA",0.0,no cell in the extract: territory at zero opportunity
ifa_pac_k5,90710,ifa,CA,IFA,IFA_02,IFA,,06037,31080,0644000,"IFA Los Angeles-Long Beach-Anaheim, CA / Riverside-San Bernardino-Ontario, CA",0.0,no cell in the extract: territory at zero opportunity
ifa_pac_k5,90712,ifa,CA,IFA,IFA_04,IFA,,06037,31080,0639892,"IFA Los Angeles-Long Beach-Anaheim, CA / San Francisco-Oakland-Fremont, CA",0.854881,
ifa_pac_k5,90713,ifa,CA,IFA,IFA_04,IFA,,06037,31080,0639892,"IFA Los Angeles-Long Beach-Anaheim, CA / San Francisco-Oakland-Fremont, CA",0.389594,
ifa_pac_k5,90715,ifa,CA,IFA,IFA_02,IFA,,06037,31080,0639892,"IFA Los Angeles-Long Beach-Anaheim, CA / Riverside-San Bernardino-Ontario, CA",0.0,no cell in the extract: territory at zero opportunity
ifa_pac_k5,90716,ifa,CA,IFA,IFA_02,IFA,,06037,31080,0632506,"IFA Los Angeles-Long Beach-Anaheim, CA / Riverside-San Bernardino-Ontario, CA",0.0,no cell in the extract: territory at zero opportunity
ifa_pac_k5,90717,ifa,CA,IFA,IFA_02,IFA,,06037,31080,0642468,"IFA Los Angeles-Long Beach-Anaheim, CA / Riverside-San Bernardino-Ontario, CA",1.65411,
ifa_pac_k5,90720,ifa,CA,IFA,IFA_04,IFA,,06059,31080,0643224,"IFA Los Angeles-Long Beach-Anaheim, CA / San Francisco-Oakland-Fremont, CA",22.3077,
ifa_pac_k5,90723,ifa,CA,IFA,IFA_04,IFA,,06037,31080,0655618,"IFA Los Angeles-Long Beach-Anaheim, CA / San Francisco-Oakland-Fremont, CA",0.0,no cell in the extract: territory at zero opportunity
ifa_pac_k5,90731,ifa,CA,IFA,IFA_02,IFA,,06037,31080,0644000,"IFA Los Angeles-Long Beach-Anaheim, CA / Riverside-San Bernardino-Ontario, CA",12.1162,
ifa_pac_k5,90732,ifa,CA,IFA,IFA_02,IFA,,06037,31080,0644000,"IFA Los Angeles-Long Beach-Anaheim, CA / Riverside-San Bernardino-Ontario, CA",3.28875,
ifa_pac_k5,90740,ifa,CA,IFA,IFA_02,IFA,,06059,31080,0670686,"IFA Los Angeles-Long Beach-Anaheim, CA / Riverside-San Bernardino-Ontario, CA",14.8777,
ifa_pac_k5,90742,ifa,CA,IFA,IFA_02,IFA,,06059,31080,0636000,"IFA Los Angeles-Long Beach-Anaheim, CA / Riverside-San Bernardino-Ontario, CA",0.0,no cell in the extract: territory at zero opportunity
ifa_pac_k5,90743,ifa,CA,IFA,IFA_02,IFA,,06059,31080,0670686,"IFA Los Angeles-Long Beach-Anaheim, CA / Riverside-San Bernardino-Ontario, CA",0.0,no cell in the extract: territory at zero opportunity
ifa_pac_k5,90744,ifa,CA,IFA,IFA_02,IFA,,06037,31080,0644000,"IFA Los Angeles-Long Beach-Anaheim, CA / Riverside-San Bernardino-Ontario, CA",0.0,no cell in the extract: territory at zero opportunity
ifa_pac_k5,90745,ifa,CA,IFA,IFA_04,IFA,,06037,31080,0611530,"IFA Los Angeles-Long Beach-Anaheim, CA / San Francisco-Oakland-Fremont, CA",0.0,no cell in the extract: territory at zero opportunity
ifa_pac_k5,90746,ifa,CA,IFA,IFA_04,IFA,,06037,31080,0611530,"IFA Los Angeles-Long Beach-Anaheim, CA / San Francisco-Oakland-Fremont, CA",0.139204,
ifa_pac_k5,90747,ifa,CA,IFA,IFA_04,IFA,,06037,31080,0611530,"IFA Los Angeles-Long Beach-Anaheim, CA / San Francisco-Oakland-Fremont, CA",0.0,no cell in the extract: territory at zero opportunity
ifa_pac_k5,90755,ifa,CA,IFA,IFA_02,IFA,,06037,31080,0671876,"IFA Los Angeles-Long Beach-Anaheim, CA / Riverside-San Bernardino-Ontario, CA",0.0,no cell in the extract: territory at zero opportunity
ifa_pac_k5,90802,ifa,CA,IFA,IFA_02,IFA,,06037,31080,0643000,"IFA Los Angeles-Long Beach-Anaheim, CA / Riverside-San Bernardino-Ontario, CA",12.294,
ifa_pac_k5,90803,ifa,CA,IFA,IFA_02,IFA,,06037,31080,0643000,"IFA Los Angeles-Long Beach-Anaheim, CA / Riverside-San Bernardino-Ontario, CA",8.54021,
ifa_pac_k5,90804,ifa,CA,IFA,IFA_02,IFA,,06037,31080,0643000,"IFA Los Angeles-Long Beach-Anaheim, CA / Riverside-San Bernardino-Ontario, CA",2.81021,
ifa_pac_k5,90805,ifa,CA,IFA,IFA_04,IFA,,06037,31080,0643000,"IFA Los Angeles-Long Beach-Anaheim, CA / San Francisco-Oakland-Fremont, CA",0.0,no cell in the extract: territory at zero opportunity
ifa_pac_k5,90806,ifa,CA,IFA,IFA_04,IFA,,06037,31080,0643000,"IFA Los Angeles-Long Beach-Anaheim, CA / San Francisco-Oakland-Fremont, CA",14.6786,
ifa_pac_k5,90807,ifa,CA,IFA,IFA_04,IFA,,06037,31080,0643000,"IFA Los Angeles-Long Beach-Anaheim, CA / San Francisco-Oakland-Fremont, CA",3.13294,
ifa_pac_k5,90808,ifa,CA,IFA,IFA_04,IFA,,06037,31080,0643000,"IFA Los Angeles-Long Beach-Anaheim, CA / San Francisco-Oakland-Fremont, CA",3.8337,
ifa_pac_k5,90810,ifa,CA,IFA,IFA_02,IFA,,06037,31080,0611530,"IFA Los Angeles-Long Beach-Anaheim, CA / Riverside-San Bernardino-Ontario, CA",0.0,no cell in the extract: territory at zero opportunity
ifa_pac_k5,90813,ifa,CA,IFA,IFA_02,IFA,,06037,31080,0643000,"IFA Los Angeles-Long Beach-Anaheim, CA / Riverside-San Bernardino-Ontario, CA",0.0,no cell in the extract: territory at zero opportunity
ifa_pac_k5,90814,ifa,CA,IFA,IFA_02,IFA,,06037,31080,0643000,"IFA Los Angeles-Long Beach-Anaheim, CA / Riverside-San Bernardino-Ontario, CA",0.924816,
ifa_pac_k5,90815,ifa,CA,IFA,IFA_04,IFA,,06037,31080,0643000,"IFA Los Angeles-Long Beach-Anaheim, CA / San Francisco-Oakland-Fremont, CA",19.2608,
ifa_pac_k5,90822,ifa,CA,IFA,IFA_04,IFA,,06037,31080,0643000,"IFA Los Angeles-Long Beach-Anaheim, CA / San Francisco-Oakland-Fremont, CA",0.0,no cell in the extract: territory at zero opportunity
ifa_pac_k5,90831,ifa,CA,IFA,IFA_02,IFA,,06037,31080,0643000,"IFA Los Angeles-Long Beach-Anaheim, CA / Riverside-San Bernardino-Ontario, CA",0.0,no cell in the extract: territory at zero opportunity
ifa_pac_k5,90840,ifa,CA,IFA,IFA_04,IFA,,06037,31080,0643000,"IFA Los Angeles-Long Beach-Anaheim, CA / San Francisco-Oakland-Fremont, CA",0.0,no cell in the extract: territory at zero opportunity
ifa_pac_k5,91001,ifa,CA,IFA,IFA_02,IFA,,06037,31080,0601290,"IFA Los Angeles-Long Beach-Anaheim, CA / Riverside-San Bernardino-Ontario, CA",0.467099,
ifa_pac_k5,91006,ifa,CA,IFA,IFA_02,IFA,,06037,31080,0602462,"IFA Los Angeles-Long Beach-Anaheim, CA / Riverside-San Bernardino-Ontario, CA",2.13066,
ifa_pac_k5,91007,ifa,CA,IFA,IFA_02,IFA,,06037,31080,0602462,"IFA Los Angeles-Long Beach-Anaheim, CA / Riverside-San Bernardino-Ontario, CA",3.06697,
ifa_pac_k5,91008,ifa,CA,IFA,IFA_02,IFA,,06037,31080,0607946,"IFA Los Angeles-Long Beach-Anaheim, CA / Riverside-San Bernardino-Ontario, CA",0.0,no cell in the extract: territory at zero opportunity
ifa_pac_k5,91010,ifa,CA,IFA,IFA_02,IFA,,06037,31080,0619990,"IFA Los Angeles-Long Beach-Anaheim, CA / Riverside-San Bernardino-Ontario, CA",0.015909,
ifa_pac_k5,91011,ifa,CA,IFA,IFA_02,IFA,,06037,31080,0639003,"IFA Los Angeles-Long Beach-Anaheim, CA / Riverside-San Bernardino-Ontario, CA",0.229341,
ifa_pac_k5,91016,ifa,CA,IFA,IFA_02,IFA,,06037,31080,0648648,"IFA Los Angeles-Long Beach-Anaheim, CA / Riverside-San Bernardino-Ontario, CA",25.9929,
ifa_pac_k5,91020,ifa,CA,IFA,IFA_02,IFA,,06037,31080,0639045,"IFA Los Angeles-Long Beach-Anaheim, CA / Riverside-San Bernardino-Ontario, CA",0.228094,
ifa_pac_k5,91024,ifa,CA,IFA,IFA_02,IFA,,06037,31080,0671806,"IFA Los Angeles-Long Beach-Anaheim, CA / Riverside-San Bernardino-Ontario, CA",0.0,no cell in the extract: territory at zero opportunity
ifa_pac_k5,91030,ifa,CA,IFA,IFA_04,IFA,,06037,31080,0673220,"IFA Los Angeles-Long Beach-Anaheim, CA / San Francisco-Oakland-Fremont, CA",5.08546,
ifa_pac_k5,91040,ifa,CA,IFA,IFA_04,IFA,,06037,31080,0644000,"IFA Los Angeles-Long Beach-Anaheim, CA / San Francisco-Oakland-Fremont, CA",0.0,no cell in the extract: territory at zero opportunity
ifa_pac_k5,91042,ifa,CA,IFA,IFA_02,IFA,,06037,31080,0644000,"IFA Los Angeles-Long Beach-Anaheim, CA / Riverside-San Bernardino-Ontario, CA",0.0,no cell in the extract: territory at zero opportunity
ifa_pac_k5,91046,ifa,CA,IFA,IFA_02,IFA,,06037,31080,0630000,"IFA Los Angeles-Long Beach-Anaheim, CA / Riverside-San Bernardino-Ontario, CA",0.0,no cell in the extract: territory at zero opportunity
ifa_pac_k5,91101,ifa,CA,IFA,IFA_02,IFA,,06037,31080,0656000,"IFA Los Angeles-Long Beach-Anaheim, CA / Riverside-San Bernardino-Ontario, CA",83.6822,
ifa_pac_k5,91103,ifa,CA,IFA,IFA_02,IFA,,06037,31080,0656000,"IFA Los Angeles-Long Beach-Anaheim, CA / Riverside-San Bernardino-Ontario, CA",0.306803,
ifa_pac_k5,91104,ifa,CA,IFA,IFA_02,IFA,,06037,31080,0656000,"IFA Los Angeles-Long Beach-Anaheim, CA / Riverside-San Bernardino-Ontario, CA",2.45735,
ifa_pac_k5,91105,ifa,CA,IFA,IFA_02,IFA,,06037,31080,0656000,"IFA Los Angeles-Long Beach-Anaheim, CA / Riverside-San Bernardino-Ontario, CA",34.7553,
ifa_pac_k5,91106,ifa,CA,IFA,IFA_02,IFA,,06037,31080,0656000,"IFA Los Angeles-Long Beach-Anaheim, CA / Riverside-San Bernardino-Ontario, CA",0.437498,
ifa_pac_k5,91107,ifa,CA,IFA,IFA_02,IFA,,06037,31080,0656000,"IFA Los Angeles-Long Beach-Anaheim, CA / Riverside-San Bernardino-Ontario, CA",6.87272,
ifa_pac_k5,91108,ifa,CA,IFA,IFA_02,IFA,,06037,31080,0668224,"IFA Los Angeles-Long Beach-Anaheim, CA / Riverside-San Bernardino-Ontario, CA",3.93758,
ifa_pac_k5,91125,ifa,CA,IFA,IFA_02,IFA,,06037,31080,0656000,"IFA Los Angeles-Long Beach-Anaheim, CA / Riverside-San Bernardino-Ontario, CA",0.0,no cell in the extract: territory at zero opportunity
ifa_pac_k5,91201,ifa,CA,IFA,IFA_04,IFA,,06037,31080,0630000,"IFA Los Angeles-Long Beach-Anaheim, CA / San Francisco-Oakland-Fremont, CA",0.0,no cell in the extract: territory at zero opportunity
ifa_pac_k5,91202,ifa,CA,IFA,IFA_04,IFA,,06037,31080,0630000,"IFA Los Angeles-Long Beach-Anaheim, CA / San Francisco-Oakland-Fremont, CA",0.00804002,
ifa_pac_k5,91203,ifa,CA,IFA,IFA_04,IFA,,06037,31080,0630000,"IFA Los Angeles-Long Beach-Anaheim, CA / San Francisco-Oakland-Fremont, CA",8.62241,
ifa_pac_k5,91204,ifa,CA,IFA,IFA_04,IFA,,06037,31080,0630000,"IFA Los Angeles-Long Beach-Anaheim, CA / San Francisco-Oakland-Fremont, CA",0.0128863,
ifa_pac_k5,91205,ifa,CA,IFA,IFA_04,IFA,,06037,31080,0630000,"IFA Los Angeles-Long Beach-Anaheim, CA / San Francisco-Oakland-Fremont, CA",2.85287,
ifa_pac_k5,91206,ifa,CA,IFA,IFA_04,IFA,,06037,31080,0630000,"IFA Los Angeles-Long Beach-Anaheim, CA / San Francisco-Oakland-Fremont, CA",0.0231228,
ifa_pac_k5,91207,ifa,CA,IFA,IFA_04,IFA,,06037,31080,0630000,"IFA Los Angeles-Long Beach-Anaheim, CA / San Francisco-Oakland-Fremont, CA",0.0,no cell in the extract: territory at zero opportunity
ifa_pac_k5,91208,ifa,CA,IFA,IFA_04,IFA,,06037,31080,0630000,"IFA Los Angeles-Long Beach-Anaheim, CA / San Francisco-Oakland-Fremont, CA",1.34495,
ifa_pac_k5,91210,ifa,CA,IFA,IFA_04,IFA,,06037,31080,0630000,"IFA Los Angeles-Long Beach-Anaheim, CA / San Francisco-Oakland-Fremont, CA",1.3867,
ifa_pac_k5,91214,ifa,CA,IFA,IFA_02,IFA,,06037,31080,0630000,"IFA Los Angeles-Long Beach-Anaheim, CA / Riverside-San Bernardino-Ontario, CA",0.868237,
ifa_pac_k5,91301,ifa,CA,IFA,IFA_01,IFA,,06037,31080,0600394,"IFA San Francisco-Oakland-Fremont, CA",4.5564,
ifa_pac_k5,91302,ifa,CA,IFA,IFA_01,IFA,,06037,31080,0609598,"IFA San Francisco-Oakland-Fremont, CA",15.9096,
ifa_pac_k5,91303,ifa,CA,IFA,IFA_01,IFA,,06037,31080,0644000,"IFA San Francisco-Oakland-Fremont, CA",0.0,no cell in the extract: territory at zero opportunity
ifa_pac_k5,91304,ifa,CA,IFA,IFA_01,IFA,,06037,31080,0644000,"IFA San Francisco-Oakland-Fremont, CA",20.0705,
ifa_pac_k5,91306,ifa,CA,IFA,IFA_01,IFA,,06037,31080,0644000,"IFA San Francisco-Oakland-Fremont, CA",0.0,no cell in the extract: territory at zero opportunity
ifa_pac_k5,91307,ifa,CA,IFA,IFA_01,IFA,,06037,31080,0644000,"IFA San Francisco-Oakland-Fremont, CA",0.445504,
ifa_pac_k5,91311,ifa,CA,IFA,IFA_01,IFA,,06037,31080,0644000,"IFA San Francisco-Oakland-Fremont, CA",1.02222,
ifa_pac_k5,91316,ifa,CA,IFA,IFA_01,IFA,,06037,31080,0644000,"IFA San Francisco-Oakland-Fremont, CA",20.7852,
ifa_pac_k5,91320,ifa,CA,IFA,IFA_01,IFA,,06111,37100,0678582,"IFA San Francisco-Oakland-Fremont, CA",1.6439,
ifa_pac_k5,91321,ifa,CA,IFA,IFA_02,IFA,,06037,31080,0669088,"IFA Los Angeles-Long Beach-Anaheim, CA / Riverside-San Bernardino-Ontario, CA",5.96318,
ifa_pac_k5,91324,ifa,CA,IFA,IFA_01,IFA,,06037,31080,0644000,"IFA San Francisco-Oakland-Fremont, CA",4.33586,
ifa_pac_k5,91325,ifa,CA,IFA,IFA_01,IFA,,06037,31080,0644000,"IFA San Francisco-Oakland-Fremont, CA",0.0,no cell in the extract: territory at zero opportunity
ifa_pac_k5,91326,ifa,CA,IFA,IFA_01,IFA,,06037,31080,0644000,"IFA San Francisco-Oakland-Fremont, CA",2.2385,
ifa_pac_k5,91330,ifa,CA,IFA,IFA_01,IFA,,06037,31080,0644000,"IFA San Francisco-Oakland-Fremont, CA",0.0,no cell in the extract: territory at zero opportunity
ifa_pac_k5,91331,ifa,CA,IFA,IFA_04,IFA,,06037,31080,0644000,"IFA Los Angeles-Long Beach-Anaheim, CA / San Francisco-Oakland-Fremont, CA",0.0,no cell in the extract: territory at zero opportunity
ifa_pac_k5,91335,ifa,CA,IFA,IFA_01,IFA,,06037,31080,0644000,"IFA San Francisco-Oakland-Fremont, CA",0.0,no cell in the extract: territory at zero opportunity
ifa_pac_k5,91340,ifa,CA,IFA,IFA_04,IFA,,06037,31080,0666140,"IFA Los Angeles-Long Beach-Anaheim, CA / San Francisco-Oakland-Fremont, CA",0.0,no cell in the extract: territory at zero opportunity
ifa_pac_k5,91342,ifa,CA,IFA,IFA_04,IFA,,06037,31080,0644000,"IFA Los Angeles-Long Beach-Anaheim, CA / San Francisco-Oakland-Fremont, CA",0.0644776,
ifa_pac_k5,91343,ifa,CA,IFA,IFA_01,IFA,,06037,31080,0644000,"IFA San Francisco-Oakland-Fremont, CA",0.137055,
ifa_pac_k5,91344,ifa,CA,IFA,IFA_01,IFA,,06037,31080,0644000,"IFA San Francisco-Oakland-Fremont, CA",0.0,no cell in the extract: territory at zero opportunity
ifa_pac_k5,91345,ifa,CA,IFA,IFA_04,IFA,,06037,31080,0644000,"IFA Los Angeles-Long Beach-Anaheim, CA / San Francisco-Oakland-Fremont, CA",0.15756,
ifa_pac_k5,91350,ifa,CA,IFA,IFA_02,IFA,,06037,31080,0669088,"IFA Los Angeles-Long Beach-Anaheim, CA / Riverside-San Bernardino-Ontario, CA",1.90448,
ifa_pac_k5,91351,ifa,CA,IFA,IFA_02,IFA,,06037,31080,0669088,"IFA Los Angeles-Long Beach-Anaheim, CA / Riverside-San Bernardino-Ontario, CA",1.65946,
ifa_pac_k5,91352,ifa,CA,IFA,IFA_04,IFA,,06037,31080,0644000,"IFA Los Angeles-Long Beach-Anaheim, CA / San Francisco-Oakland-Fremont, CA",0.242346,
ifa_pac_k5,91354,ifa,CA,IFA,IFA_02,IFA,,06037,31080,0669088,"IFA Los Angeles-Long Beach-Anaheim, CA / Riverside-San Bernardino-Ontario, CA",0.602076,
ifa_pac_k5,91355,ifa,CA,IFA,IFA_02,IFA,,06037,31080,0669088,"IFA Los Angeles-Long Beach-Anaheim, CA / Riverside-San Bernardino-Ontario, CA",24.2493,
ifa_pac_k5,91356,ifa,CA,IFA,IFA_01,IFA,,06037,31080,0644000,"IFA San Francisco-Oakland-Fremont, CA",9.25227,
ifa_pac_k5,91360,ifa,CA,IFA,IFA_01,IFA,,06111,37100,0678582,"IFA San Francisco-Oakland-Fremont, CA",7.65829,
ifa_pac_k5,91361,ifa,CA,IFA,IFA_01,IFA,,06111,37100,0678582,"IFA San Francisco-Oakland-Fremont, CA",35.5279,
ifa_pac_k5,91362,ifa,CA,IFA,IFA_01,IFA,,06111,37100,0678582,"IFA San Francisco-Oakland-Fremont, CA",44.0644,
ifa_pac_k5,91364,ifa,CA,IFA,IFA_01,IFA,,06037,31080,0644000,"IFA San Francisco-Oakland-Fremont, CA",4.53822,
ifa_pac_k5,91367,ifa,CA,IFA,IFA_01,IFA,,06037,31080,0644000,"IFA San Francisco-Oakland-Fremont, CA",19.8311,
ifa_pac_k5,91371,ifa,CA,IFA,IFA_01,IFA,,06037,31080,0644000,"IFA San Francisco-Oakland-Fremont, CA",0.0,no cell in the extract: territory at zero opportunity
ifa_pac_k5,91377,ifa,CA,IFA,IFA_01,IFA,,06111,37100,0653116,"IFA San Francisco-Oakland-Fremont, CA",0.0,no cell in the extract: territory at zero opportunity
ifa_pac_k5,91381,ifa,CA,IFA,IFA_04,IFA,,06037,31080,0674130,"IFA Los Angeles-Long Beach-Anaheim, CA / San Francisco-Oakland-Fremont, CA",12.1185,
ifa_pac_k5,91384,ifa,CA,IFA,IFA_04,IFA,,06037,31080,0611796,"IFA Los Angeles-Long Beach-Anaheim, CA / San Francisco-Oakland-Fremont, CA",0.00429543,
ifa_pac_k5,91387,ifa,CA,IFA,IFA_02,IFA,,06037,31080,0669088,"IFA Los Angeles-Long Beach-Anaheim, CA / Riverside-San Bernardino-Ontario, CA",1.66388,
ifa_pac_k5,91390,ifa,CA,IFA,IFA_02,IFA,,06037,31080,0600450,"IFA Los Angeles-Long Beach-Anaheim, CA / Riverside-San Bernardino-Ontario, CA",0.27869,
ifa_pac_k5,91401,ifa,CA,IFA,IFA_01,IFA,,06037,31080,0644000,"IFA San Francisco-Oakland-Fremont, CA",0.954541,
ifa_pac_k5,91402,ifa,CA,IFA,IFA_01,IFA,,06037,31080,0644000,"IFA San Francisco-Oakland-Fremont, CA",0.0250567,
ifa_pac_k5,91403,ifa,CA,IFA,IFA_01,IFA,,06037,31080,0644000,"IFA San Francisco-Oakland-Fremont, CA",8.8291,
ifa_pac_k5,91405,ifa,CA,IFA,IFA_01,IFA,,06037,31080,0644000,"IFA San Francisco-Oakland-Fremont, CA",0.0,no cell in the extract: territory at zero opportunity
ifa_pac_k5,91406,ifa,CA,IFA,IFA_01,IFA,,06037,31080,0644000,"IFA San Francisco-Oakland-Fremont, CA",0.00747724,
ifa_pac_k5,91411,ifa,CA,IFA,IFA_01,IFA,,06037,31080,0644000,"IFA San Francisco-Oakland-Fremont, CA",0.31818,
ifa_pac_k5,91423,ifa,CA,IFA,IFA_01,IFA,,06037,31080,0644000,"IFA San Francisco-Oakland-Fremont, CA",0.952902,
ifa_pac_k5,91436,ifa,CA,IFA,IFA_01,IFA,,06037,31080,0644000,"IFA San Francisco-Oakland-Fremont, CA",15.351,
ifa_pac_k5,91501,ifa,CA,IFA,IFA_04,IFA,,06037,31080,0608954,"IFA Los Angeles-Long Beach-Anaheim, CA / San Francisco-Oakland-Fremont, CA",0.0,no cell in the extract: territory at zero opportunity
ifa_pac_k5,91502,ifa,CA,IFA,IFA_04,IFA,,06037,31080,0608954,"IFA Los Angeles-Long Beach-Anaheim, CA / San Francisco-Oakland-Fremont, CA",5.31597,
ifa_pac_k5,91504,ifa,CA,IFA,IFA_04,IFA,,06037,31080,0608954,"IFA Los Angeles-Long Beach-Anaheim, CA / San Francisco-Oakland-Fremont, CA",0.133997,
ifa_pac_k5,91505,ifa,CA,IFA,IFA_04,IFA,,06037,31080,0608954,"IFA Los Angeles-Long Beach-Anaheim, CA / San Francisco-Oakland-Fremont, CA",4.38347,
ifa_pac_k5,91506,ifa,CA,IFA,IFA_04,IFA,,06037,31080,0608954,"IFA Los Angeles-Long Beach-Anaheim, CA / San Francisco-Oakland-Fremont, CA",0.0636392,
ifa_pac_k5,91601,ifa,CA,IFA,IFA_01,IFA,,06037,31080,0644000,"IFA San Francisco-Oakland-Fremont, CA",0.0,no cell in the extract: territory at zero opportunity
ifa_pac_k5,91602,ifa,CA,IFA,IFA_04,IFA,,06037,31080,0644000,"IFA Los Angeles-Long Beach-Anaheim, CA / San Francisco-Oakland-Fremont, CA",0.216691,
ifa_pac_k5,91604,ifa,CA,IFA,IFA_01,IFA,,06037,31080,0644000,"IFA San Francisco-Oakland-Fremont, CA",2.844,
ifa_pac_k5,91605,ifa,CA,IFA,IFA_01,IFA,,06037,31080,0644000,"IFA San Francisco-Oakland-Fremont, CA",0.0,no cell in the extract: territory at zero opportunity
ifa_pac_k5,91606,ifa,CA,IFA,IFA_01,IFA,,06037,31080,0644000,"IFA San Francisco-Oakland-Fremont, CA",0.0,no cell in the extract: territory at zero opportunity
ifa_pac_k5,91607,ifa,CA,IFA,IFA_01,IFA,,06037,31080,0644000,"IFA San Francisco-Oakland-Fremont, CA",0.0,no cell in the extract: territory at zero opportunity
ifa_pac_k5,91608,ifa,CA,IFA,IFA_01,IFA,,06037,31080,0644000,"IFA San Francisco-Oakland-Fremont, CA",0.0,no cell in the extract: territory at zero opportunity
ifa_pac_k5,91701,ifa,CA,IFA,IFA_03,IFA,,06071,40140,0659451,"IFA San Diego-Chula Vista-Carlsbad, CA",0.397186,
ifa_pac_k5,91702,ifa,CA,IFA,IFA_03,IFA,,06037,31080,0603386,"IFA San Diego-Chula Vista-Carlsbad, CA",0.278674,
ifa_pac_k5,91706,ifa,CA,IFA,IFA_02,IFA,,06037,31080,0636826,"IFA Los Angeles-Long Beach-Anaheim, CA / Riverside-San Bernardino-Ontario, CA",0.0,no cell in the extract: territory at zero opportunity
ifa_pac_k5,91708,ifa,CA,IFA,IFA_03,IFA,,06071,40140,0613210,"IFA San Diego-Chula Vista-Carlsbad, CA",1.27105,
ifa_pac_k5,91709,ifa,CA,IFA,IFA_03,IFA,,06071,40140,0613214,"IFA San Diego-Chula Vista-Carlsbad, CA",2.35295,
ifa_pac_k5,91710,ifa,CA,IFA,IFA_03,IFA,,06071,40140,0613210,"IFA San Diego-Chula Vista-Carlsbad, CA",1.03408,
ifa_pac_k5,91711,ifa,CA,IFA,IFA_03,IFA,,06037,31080,0613756,"IFA San Diego-Chula Vista-Carlsbad, CA",6.13473,
ifa_pac_k5,91722,ifa,CA,IFA,IFA_03,IFA,,06037,31080,0616742,"IFA San Diego-Chula Vista-Carlsbad, CA",3.20852,
ifa_pac_k5,91723,ifa,CA,IFA,IFA_03,IFA,,06037,31080,0616742,"IFA San Diego-Chula Vista-Carlsbad, CA",1.45351,
ifa_pac_k5,91724,ifa,CA,IFA,IFA_02,IFA,,06037,31080,0616742,"IFA Los Angeles-Long Beach-Anaheim, CA / Riverside-San Bernardino-Ontario, CA",0.0,no cell in the extract: territory at zero opportunity
ifa_pac_k5,91730,ifa,CA,IFA,IFA_03,IFA,,06071,40140,0659451,"IFA San Diego-Chula Vista-Carlsbad, CA",14.2155,
ifa_pac_k5,91731,ifa,CA,IFA,IFA_02,IFA,,06037,31080,0622230,"IFA Los Angeles-Long Beach-Anaheim, CA / Riverside-San Bernardino-Ontario, CA",0.0,no cell in the extract: territory at zero opportunity
ifa_pac_k5,91732,ifa,CA,IFA,IFA_02,IFA,,06037,31080,0622230,"IFA Los Angeles-Long Beach-Anaheim, CA / Riverside-San Bernardino-Ontario, CA",0.0,no cell in the extract: territory at zero opportunity
ifa_pac_k5,91733,ifa,CA,IFA,IFA_02,IFA,,06037,31080,0672996,"IFA Los Angeles-Long Beach-Anaheim, CA / Riverside-San Bernardino-Ontario, CA",0.021159,
ifa_pac_k5,91737,ifa,CA,IFA,IFA_03,IFA,,06071,40140,0659451,"IFA San Diego-Chula Vista-Carlsbad, CA",0.0,no cell in the extract: territory at zero opportunity
ifa_pac_k5,91739,ifa,CA,IFA,IFA_03,IFA,,06071,40140,0659451,"IFA San Diego-Chula Vista-Carlsbad, CA",1.32943,
ifa_pac_k5,91740,ifa,CA,IFA,IFA_03,IFA,,06037,31080,0630014,"IFA San Diego-Chula Vista-Carlsbad, CA",0.161233,
ifa_pac_k5,91741,ifa,CA,IFA,IFA_02,IFA,,06037,31080,0630014,"IFA Los Angeles-Long Beach-Anaheim, CA / Riverside-San Bernardino-Ontario, CA",2.17613,
ifa_pac_k5,91744,ifa,CA,IFA,IFA_02,IFA,,06037,31080,0640340,"IFA Los Angeles-Long Beach-Anaheim, CA / Riverside-San Bernardino-Ontario, CA",0.0,no cell in the extract: territory at zero opportunity
ifa_pac_k5,91745,ifa,CA,IFA,IFA_04,IFA,,06037,31080,0631596,"IFA Los Angeles-Long Beach-Anaheim, CA / San Francisco-Oakland-Fremont, CA",1.45486,
ifa_pac_k5,91746,ifa,CA,IFA,IFA_02,IFA,,06037,31080,0636490,"IFA Los Angeles-Long Beach-Anaheim, CA / Riverside-San Bernardino-Ontario, CA",0.0,no cell in the extract: territory at zero opportunity
ifa_pac_k5,91748,ifa,CA,IFA,IFA_02,IFA,,06037,31080,0663218,"IFA Los Angeles-Long Beach-Anaheim, CA / Riverside-San Bernardino-Ontario, CA",13.6099,
ifa_pac_k5,91750,ifa,CA,IFA,IFA_03,IFA,,06037,31080,0640830,"IFA San Diego-Chula Vista-Carlsbad, CA",0.855269,
ifa_pac_k5,91752,ifa,CA,IFA,IFA_03,IFA,,06065,40140,0637692,"IFA San Diego-Chula Vista-Carlsbad, CA",0.0,no cell in the extract: territory at zero opportunity
ifa_pac_k5,91754,ifa,CA,IFA,IFA_04,IFA,,06037,31080,0648914,"IFA Los Angeles-Long Beach-Anaheim, CA / San Francisco-Oakland-Fremont, CA",0.762455,
ifa_pac_k5,91755,ifa,CA,IFA,IFA_04,IFA,,06037,31080,0648914,"IFA Los Angeles-Long Beach-Anaheim, CA / San Francisco-Oakland-Fremont, CA",0.0,no cell in the extract: territory at zero opportunity
ifa_pac_k5,91759,ifa,CA,IFA,IFA_03,IFA,,06037,31080,0613756,"IFA San Diego-Chula Vista-Carlsbad, CA",0.0,no cell in the extract: territory at zero opportunity
ifa_pac_k5,91761,ifa,CA,IFA,IFA_03,IFA,,06071,40140,0653896,"IFA San Diego-Chula Vista-Carlsbad, CA",0.824205,
ifa_pac_k5,91762,ifa,CA,IFA,IFA_03,IFA,,06071,40140,0653896,"IFA San Diego-Chula Vista-Carlsbad, CA",0.0256931,
ifa_pac_k5,91763,ifa,CA,IFA,IFA_03,IFA,,06071,40140,0648788,"IFA San Diego-Chula Vista-Carlsbad, CA",0.0,no cell in the extract: territory at zero opportunity
ifa_pac_k5,91764,ifa,CA,IFA,IFA_03,IFA,,06071,40140,0653896,"IFA San Diego-Chula Vista-Carlsbad, CA",7.59436,
ifa_pac_k5,91765,ifa,CA,IFA,IFA_03,IFA,,06037,31080,0619192,"IFA San Diego-Chula Vista-Carlsbad, CA",6.87527,
ifa_pac_k5,91766,ifa,CA,IFA,IFA_03,IFA,,06037,31080,0658072,"IFA San Diego-Chula Vista-Carlsbad, CA",0.0,no cell in the extract: territory at zero opportunity
ifa_pac_k5,91767,ifa,CA,IFA,IFA_03,IFA,,06037,31080,0658072,"IFA San Diego-Chula Vista-Carlsbad, CA",0.0,no cell in the extract: territory at zero opportunity
ifa_pac_k5,91768,ifa,CA,IFA,IFA_03,IFA,,06037,31080,0658072,"IFA San Diego-Chula Vista-Carlsbad, CA",0.0,no cell in the extract: territory at zero opportunity
ifa_pac_k5,91770,ifa,CA,IFA,IFA_04,IFA,,06037,31080,0662896,"IFA Los Angeles-Long Beach-Anaheim, CA / San Francisco-Oakland-Fremont, CA",0.566059,
ifa_pac_k5,91773,ifa,CA,IFA,IFA_02,IFA,,06037,31080,0666070,"IFA Los Angeles-Long Beach-Anaheim, CA / Riverside-San Bernardino-Ontario, CA",10.4497,
ifa_pac_k5,91775,ifa,CA,IFA,IFA_02,IFA,,06037,31080,0621096,"IFA Los Angeles-Long Beach-Anaheim, CA / Riverside-San Bernardino-Ontario, CA",11.9118,
ifa_pac_k5,91776,ifa,CA,IFA,IFA_04,IFA,,06037,31080,0667042,"IFA Los Angeles-Long Beach-Anaheim, CA / San Francisco-Oakland-Fremont, CA",3.74927,
ifa_pac_k5,91780,ifa,CA,IFA,IFA_02,IFA,,06037,31080,0678148,"IFA Los Angeles-Long Beach-Anaheim, CA / Riverside-San Bernardino-Ontario, CA",0.0,no cell in the extract: territory at zero opportunity
ifa_pac_k5,91784,ifa,CA,IFA,IFA_03,IFA,,06071,40140,0681344,"IFA San Diego-Chula Vista-Carlsbad, CA",8.47484,
ifa_pac_k5,91786,ifa,CA,IFA,IFA_03,IFA,,06071,40140,0681344,"IFA San Diego-Chula Vista-Carlsbad, CA",7.76241,
ifa_pac_k5,91789,ifa,CA,IFA,IFA_02,IFA,,06037,31080,0683332,"IFA Los Angeles-Long Beach-Anaheim, CA / Riverside-San Bernardino-Ontario, CA",5.50449,
ifa_pac_k5,91790,ifa,CA,IFA,IFA_02,IFA,,06037,31080,0684200,"IFA Los Angeles-Long Beach-Anaheim, CA / Riverside-San Bernardino-Ontario, CA",9.66658,
ifa_pac_k5,91791,ifa,CA,IFA,IFA_02,IFA,,06037,31080,0684200,"IFA Los Angeles-Long Beach-Anaheim, CA / Riverside-San Bernardino-Ontario, CA",8.36742,
ifa_pac_k5,91792,ifa,CA,IFA,IFA_02,IFA,,06037,31080,0684200,"IFA Los Angeles-Long Beach-Anaheim, CA / Riverside-San Bernardino-Ontario, CA",2.3437,
ifa_pac_k5,91801,ifa,CA,IFA,IFA_04,IFA,,06037,31080,0600884,"IFA Los Angeles-Long Beach-Anaheim, CA / San Francisco-Oakland-Fremont, CA",1.60763,
ifa_pac_k5,91803,ifa,CA,IFA,IFA_04,IFA,,06037,31080,0600884,"IFA Los Angeles-Long Beach-Anaheim, CA / San Francisco-Oakland-Fremont, CA",0.475625,
ifa_pac_k5,91901,ifa,CA,IFA,IFA_02,IFA,,06073,41740,0601192,"IFA Los Angeles-Long Beach-Anaheim, CA / Riverside-San Bernardino-Ontario, CA",0.00373862,
ifa_pac_k5,91902,ifa,CA,IFA,IFA_02,IFA,,06073,41740,0607414,"IFA Los Angeles-Long Beach-Anaheim, CA / Riverside-San Bernardino-Ontario, CA",0.0,no cell in the extract: territory at zero opportunity
ifa_pac_k5,91905,ifa,CA,IFA,IFA_02,IFA,,06073,41740,0607694,"IFA Los Angeles-Long Beach-Anaheim, CA / Riverside-San Bernardino-Ontario, CA",0.0,no cell in the extract: territory at zero opportunity
ifa_pac_k5,91906,ifa,CA,IFA,IFA_02,IFA,,06073,41740,0610508,"IFA Los Angeles-Long Beach-Anaheim, CA / Riverside-San Bernardino-Ontario, CA",0.0,no cell in the extract: territory at zero opportunity
ifa_pac_k5,91910,ifa,CA,IFA,IFA_02,IFA,,06073,41740,0613392,"IFA Los Angeles-Long Beach-Anaheim, CA / Riverside-San Bernardino-Ontario, CA",0.120829,
ifa_pac_k5,91911,ifa,CA,IFA,IFA_02,IFA,,06073,41740,0613392,"IFA Los Angeles-Long Beach-Anaheim, CA / Riverside-San Bernardino-Ontario, CA",0.0,no cell in the extract: territory at zero opportunity
ifa_pac_k5,91913,ifa,CA,IFA,IFA_02,IFA,,06073,41740,0613392,"IFA Los Angeles-Long Beach-Anaheim, CA / Riverside-San Bernardino-Ontario, CA",0.826988,
ifa_pac_k5,91914,ifa,CA,IFA,IFA_02,IFA,,06073,41740,0613392,"IFA Los Angeles-Long Beach-Anaheim, CA / Riverside-San Bernardino-Ontario, CA",0.0,no cell in the extract: territory at zero opportunity
ifa_pac_k5,91915,ifa,CA,IFA,IFA_02,IFA,,06073,41740,0613392,"IFA Los Angeles-Long Beach-Anaheim, CA / Riverside-San Bernardino-Ontario, CA",0.0,no cell in the extract: territory at zero opportunity
ifa_pac_k5,91916,ifa,CA,IFA,IFA_02,IFA,,06073,41740,0618940,"IFA Los Angeles-Long Beach-Anaheim, CA / Riverside-San Bernardino-Ontario, CA",0.0,no cell in the extract: territory at zero opportunity
ifa_pac_k5,91917,ifa,CA,IFA,IFA_02,IFA,,06073,41740,,"IFA Los Angeles-Long Beach-Anaheim, CA / Riverside-San Bernardino-Ontario, CA",0.0,no cell in the extract: territory at zero opportunity
ifa_pac_k5,91931,ifa,CA,IFA,IFA_02,IFA,,06073,41740,,"IFA Los Angeles-Long Beach-Anaheim, CA / Riverside-San Bernardino-Ontario, CA",0.0,no cell in the extract: territory at zero opportunity
ifa_pac_k5,91932,ifa,CA,IFA,IFA_03,IFA,,06073,41740,0636294,"IFA San Diego-Chula Vista-Carlsbad, CA",0.0,no cell in the extract: territory at zero opportunity
ifa_pac_k5,91934,ifa,CA,IFA,IFA_02,IFA,,06073,41740,0637022,"IFA Los Angeles-Long Beach-Anaheim, CA / Riverside-San Bernardino-Ontario, CA",0.0,no cell in the extract: territory at zero opportunity
ifa_pac_k5,91935,ifa,CA,IFA,IFA_02,IFA,,06073,41740,0637120,"IFA Los Angeles-Long Beach-Anaheim, CA / Riverside-San Bernardino-Ontario, CA",0.0,no cell in the extract: territory at zero opportunity
ifa_pac_k5,91941,ifa,CA,IFA,IFA_02,IFA,,06073,41740,0611691,"IFA Los Angeles-Long Beach-Anaheim, CA / Riverside-San Bernardino-Ontario, CA",3.1607,
ifa_pac_k5,91942,ifa,CA,IFA,IFA_02,IFA,,06073,41740,0640004,"IFA Los Angeles-Long Beach-Anaheim, CA / Riverside-San Bernardino-Ontario, CA",20.0562,
ifa_pac_k5,91945,ifa,CA,IFA,IFA_02,IFA,,06073,41740,0641124,"IFA Los Angeles-Long Beach-Anaheim, CA / Riverside-San Bernardino-Ontario, CA",0.0,no cell in the extract: territory at zero opportunity
ifa_pac_k5,91948,ifa,CA,IFA,IFA_02,IFA,,06073,41740,0649810,"IFA Los Angeles-Long Beach-Anaheim, CA / Riverside-San Bernardino-Ontario, CA",0.0,no cell in the extract: territory at zero opportunity
ifa_pac_k5,91950,ifa,CA,IFA,IFA_03,IFA,,06073,41740,0650398,"IFA San Diego-Chula Vista-Carlsbad, CA",0.0,no cell in the extract: territory at zero opportunity
ifa_pac_k5,91962,ifa,CA,IFA,IFA_02,IFA,,06073,41740,0657260,"IFA Los Angeles-Long Beach-Anaheim, CA / Riverside-San Bernardino-Ontario, CA",0.0,no cell in the extract: territory at zero opportunity
ifa_pac_k5,91963,ifa,CA,IFA,IFA_02,IFA,,06073,41740,0658478,"IFA Los Angeles-Long Beach-Anaheim, CA / Riverside-San Bernardino-Ontario, CA",0.0,no cell in the extract: territory at zero opportunity
ifa_pac_k5,91977,ifa,CA,IFA,IFA_02,IFA,,06073,41740,0640326,"IFA Los Angeles-Long Beach-Anaheim, CA / Riverside-San Bernardino-Ontario, CA",0.0519827,
ifa_pac_k5,91978,ifa,CA,IFA,IFA_02,IFA,,06073,41740,0673696,"IFA Los Angeles-Long Beach-Anaheim, CA / Riverside-San Bernardino-Ontario, CA",0.0,no cell in the extract: territory at zero opportunity
ifa_pac_k5,91980,ifa,CA,IFA,IFA_02,IFA,,06073,41740,,"IFA Los Angeles-Long Beach-Anaheim, CA / Riverside-San Bernardino-Ontario, CA",0.0,no cell in the extract: territory at zero opportunity
ifa_pac_k5,92003,ifa,CA,IFA,IFA_03,IFA,,06073,41740,0607498,"IFA San Diego-Chula Vista-Carlsbad, CA",0.0,no cell in the extract: territory at zero opportunity
ifa_pac_k5,92004,ifa,CA,IFA,IFA_02,IFA,,06073,41740,0607596,"IFA Los Angeles-Long Beach-Anaheim, CA / Riverside-San Bernardino-Ontario, CA",0.0,no cell in the extract: territory at zero opportunity
ifa_pac_k5,92007,ifa,CA,IFA,IFA_03,IFA,,06073,41740,0622678,"IFA San Diego-Chula Vista-Carlsbad, CA",1.17183,
ifa_pac_k5,92008,ifa,CA,IFA,IFA_03,IFA,,06073,41740,0611194,"IFA San Diego-Chula Vista-Carlsbad, CA",33.0259,
ifa_pac_k5,92009,ifa,CA,IFA,IFA_03,IFA,,06073,41740,0611194,"IFA San Diego-Chula Vista-Carlsbad, CA",3.78727,
ifa_pac_k5,92010,ifa,CA,IFA,IFA_03,IFA,,06073,41740,0611194,"IFA San Diego-Chula Vista-Carlsbad, CA",2.63321,
ifa_pac_k5,92011,ifa,CA,IFA,IFA_03,IFA,,06073,41740,0611194,"IFA San Diego-Chula Vista-Carlsbad, CA",4.86183,
ifa_pac_k5,92014,ifa,CA,IFA,IFA_03,IFA,,06073,41740,0666000,"IFA San Diego-Chula Vista-Carlsbad, CA",0.921115,
ifa_pac_k5,92019,ifa,CA,IFA,IFA_02,IFA,,06073,41740,0659550,"IFA Los Angeles-Long Beach-Anaheim, CA / Riverside-San Bernardino-Ontario, CA",0.556816,
ifa_pac_k5,92020,ifa,CA,IFA,IFA_02,IFA,,06073,41740,0621712,"IFA Los Angeles-Long Beach-Anaheim, CA / Riverside-San Bernardino-Ontario, CA",1.27339,
ifa_pac_k5,92021,ifa,CA,IFA,IFA_02,IFA,,06073,41740,0632044,"IFA Los Angeles-Long Beach-Anaheim, CA / Riverside-San Bernardino-Ontario, CA",0.524633,
ifa_pac_k5,92024,ifa,CA,IFA,IFA_03,IFA,,06073,41740,0622678,"IFA San Diego-Chula Vista-Carlsbad, CA",15.7373,
ifa_pac_k5,92025,ifa,CA,IFA,IFA_02,IFA,,06073,41740,0622804,"IFA Los Angeles-Long Beach-Anaheim, CA / Riverside-San Bernardino-Ontario, CA",1.94513,
ifa_pac_k5,92026,ifa,CA,IFA,IFA_03,IFA,,06073,41740,0622804,"IFA San Diego-Chula Vista-Carlsbad, CA",4.01629,
ifa_pac_k5,92027,ifa,CA,IFA,IFA_02,IFA,,06073,41740,0622804,"IFA Los Angeles-Long Beach-Anaheim, CA / Riverside-San Bernardino-Ontario, CA",0.0,no cell in the extract: territory at zero opportunity
ifa_pac_k5,92028,ifa,CA,IFA,IFA_03,IFA,,06073,41740,0623462,"IFA San Diego-Chula Vista-Carlsbad, CA",0.723766,
ifa_pac_k5,92029,ifa,CA,IFA,IFA_03,IFA,,06073,41740,0622804,"IFA San Diego-Chula Vista-Carlsbad, CA",2.99095,
ifa_pac_k5,92036,ifa,CA,IFA,IFA_02,IFA,,06073,41740,0637582,"IFA Los Angeles-Long Beach-Anaheim, CA / Riverside-San Bernardino-Ontario, CA",0.0,no cell in the extract: territory at zero opportunity
ifa_pac_k5,92037,ifa,CA,IFA,IFA_03,IFA,,06073,41740,0666000,"IFA San Diego-Chula Vista-Carlsbad, CA",36.2071,
ifa_pac_k5,92040,ifa,CA,IFA,IFA_02,IFA,,06073,41740,0639766,"IFA Los Angeles-Long Beach-Anaheim, CA / Riverside-San Bernardino-Ontario, CA",0.0,no cell in the extract: territory at zero opportunity
ifa_pac_k5,92054,ifa,CA,IFA,IFA_03,IFA,,06073,41740,0653322,"IFA San Diego-Chula Vista-Carlsbad, CA",0.957682,
ifa_pac_k5,92055,ifa,CA,IFA,IFA_03,IFA,,06073,41740,0610554,"IFA San Diego-Chula Vista-Carlsbad, CA",0.0,no cell in the extract: territory at zero opportunity
ifa_pac_k5,92056,ifa,CA,IFA,IFA_03,IFA,,06073,41740,0653322,"IFA San Diego-Chula Vista-Carlsbad, CA",1.37523,
ifa_pac_k5,92057,ifa,CA,IFA,IFA_03,IFA,,06073,41740,0653322,"IFA San Diego-Chula Vista-Carlsbad, CA",1.86963,
ifa_pac_k5,92058,ifa,CA,IFA,IFA_03,IFA,,06073,41740,0610554,"IFA San Diego-Chula Vista-Carlsbad, CA",0.0,no cell in the extract: territory at zero opportunity
ifa_pac_k5,92059,ifa,CA,IFA,IFA_02,IFA,,06073,41740,0655058,"IFA Los Angeles-Long Beach-Anaheim, CA / Riverside-San Bernardino-Ontario, CA",0.0,no cell in the extract: territory at zero opportunity
ifa_pac_k5,92060,ifa,CA,IFA,IFA_02,IFA,,06073,41740,,"IFA Los Angeles-Long Beach-Anaheim, CA / Riverside-San Bernardino-Ontario, CA",0.0,no cell in the extract: territory at zero opportunity
ifa_pac_k5,92061,ifa,CA,IFA,IFA_02,IFA,,06073,41740,,"IFA Los Angeles-Long Beach-Anaheim, CA / Riverside-San Bernardino-Ontario, CA",0.0,no cell in the extract: territory at zero opportunity
ifa_pac_k5,92064,ifa,CA,IFA,IFA_03,IFA,,06073,41740,0658520,"IFA San Diego-Chula Vista-Carlsbad, CA",10.2072,
ifa_pac_k5,92065,ifa,CA,IFA,IFA_02,IFA,,06073,41740,0659346,"IFA Los Angeles-Long Beach-Anaheim, CA / Riverside-San Bernardino-Ontario, CA",0.0,no cell in the extract: territory at zero opportunity
ifa_pac_k5,92066,ifa,CA,IFA,IFA_02,IFA,,06073,41740,,"IFA Los Angeles-Long Beach-Anaheim, CA / Riverside-San Bernardino-Ontario, CA",0.0,no cell in the extract: territory at zero opportunity
ifa_pac_k5,92067,ifa,CA,IFA,IFA_03,IFA,,06073,41740,0659584,"IFA San Diego-Chula Vista-Carlsbad, CA",0.164025,
ifa_pac_k5,92069,ifa,CA,IFA,IFA_03,IFA,,06073,41740,0668196,"IFA San Diego-Chula Vista-Carlsbad, CA",1.77063,
ifa_pac_k5,92070,ifa,CA,IFA,IFA_02,IFA,,06073,41740,,"IFA Los Angeles-Long Beach-Anaheim, CA / Riverside-San Bernardino-Ontario, CA",0.0,no cell in the extract: territory at zero opportunity
ifa_pac_k5,92071,ifa,CA,IFA,IFA_02,IFA,,06073,41740,0670224,"IFA Los Angeles-Long Beach-Anaheim, CA / Riverside-San Bernardino-Ontario, CA",0.0,no cell in the extract: territory at zero opportunity
ifa_pac_k5,92075,ifa,CA,IFA,IFA_03,IFA,,06073,41740,0672506,"IFA San Diego-Chula Vista-Carlsbad, CA",2.62027,
ifa_pac_k5,92078,ifa,CA,IFA,IFA_03,IFA,,06073,41740,0668196,"IFA San Diego-Chula Vista-Carlsbad, CA",1.75301,
ifa_pac_k5,92081,ifa,CA,IFA,IFA_03,IFA,,06073,41740,0682996,"IFA San Diego-Chula Vista-Carlsbad, CA",0.0,no cell in the extract: territory at zero opportunity
ifa_pac_k5,92082,ifa,CA,IFA,IFA_02,IFA,,06073,41740,0681736,"IFA Los Angeles-Long Beach-Anaheim, CA / Riverside-San Bernardino-Ontario, CA",0.0,no cell in the extract: territory at zero opportunity
ifa_pac_k5,92083,ifa,CA,IFA,IFA_03,IFA,,06073,41740,0682996,"IFA San Diego-Chula Vista-Carlsbad, CA",0.680925,
ifa_pac_k5,92084,ifa,CA,IFA,IFA_03,IFA,,06073,41740,0682996,"IFA San Diego-Chula Vista-Carlsbad, CA",3.34981,
ifa_pac_k5,92086,ifa,CA,IFA,IFA_02,IFA,,06073,41740,,"IFA Los Angeles-Long Beach-Anaheim, CA / Riverside-San Bernardino-Ontario, CA",0.0,no cell in the extract: territory at zero opportunity
ifa_pac_k5,92091,ifa,CA,IFA,IFA_03,IFA,,06073,41740,0622678,"IFA San Diego-Chula Vista-Carlsbad, CA",17.8422,
ifa_pac_k5,92092,ifa,CA,IFA,IFA_03,IFA,,06073,41740,0666000,"IFA San Diego-Chula Vista-Carlsbad, CA",0.0,no cell in the extract: territory at zero opportunity
ifa_pac_k5,92093,ifa,CA,IFA,IFA_03,IFA,,06073,41740,0666000,"IFA San Diego-Chula Vista-Carlsbad, CA",0.0,no cell in the extract: territory at zero opportunity
ifa_pac_k5,92096,ifa,CA,IFA,IFA_03,IFA,,06073,41740,0668196,"IFA San Diego-Chula Vista-Carlsbad, CA",0.0,no cell in the extract: territory at zero opportunity
ifa_pac_k5,92101,ifa,CA,IFA,IFA_03,IFA,,06073,41740,0666000,"IFA San Diego-Chula Vista-Carlsbad, CA",9.19999,
ifa_pac_k5,92102,ifa,CA,IFA,IFA_03,IFA,,06073,41740,0666000,"IFA San Diego-Chula Vista-Carlsbad, CA",14.0679,
ifa_pac_k5,92103,ifa,CA,IFA,IFA_03,IFA,,06073,41740,0666000,"IFA San Diego-Chula Vista-Carlsbad, CA",1.26864,
ifa_pac_k5,92104,ifa,CA,IFA,IFA_03,IFA,,06073,41740,0666000,"IFA San Diego-Chula Vista-Carlsbad, CA",7.75123,
ifa_pac_k5,92105,ifa,CA,IFA,IFA_03,IFA,,06073,41740,0666000,"IFA San Diego-Chula Vista-Carlsbad, CA",0.0,no cell in the extract: territory at zero opportunity
ifa_pac_k5,92106,ifa,CA,IFA,IFA_03,IFA,,06073,41740,0666000,"IFA San Diego-Chula Vista-Carlsbad, CA",4.16404,
ifa_pac_k5,92107,ifa,CA,IFA,IFA_03,IFA,,06073,41740,0666000,"IFA San Diego-Chula Vista-Carlsbad, CA",0.599201,
ifa_pac_k5,92108,ifa,CA,IFA,IFA_03,IFA,,06073,41740,0666000,"IFA San Diego-Chula Vista-Carlsbad, CA",27.8585,
ifa_pac_k5,92109,ifa,CA,IFA,IFA_03,IFA,,06073,41740,0666000,"IFA San Diego-Chula Vista-Carlsbad, CA",3.25375,
ifa_pac_k5,92110,ifa,CA,IFA,IFA_03,IFA,,06073,41740,0666000,"IFA San Diego-Chula Vista-Carlsbad, CA",6.45236,
ifa_pac_k5,92111,ifa,CA,IFA,IFA_03,IFA,,06073,41740,0666000,"IFA San Diego-Chula Vista-Carlsbad, CA",2.47159,
ifa_pac_k5,92113,ifa,CA,IFA,IFA_03,IFA,,06073,41740,0666000,"IFA San Diego-Chula Vista-Carlsbad, CA",0.0397725,
ifa_pac_k5,92114,ifa,CA,IFA,IFA_03,IFA,,06073,41740,0666000,"IFA San Diego-Chula Vista-Carlsbad, CA",0.0,no cell in the extract: territory at zero opportunity
ifa_pac_k5,92115,ifa,CA,IFA,IFA_02,IFA,,06073,41740,0666000,"IFA Los Angeles-Long Beach-Anaheim, CA / Riverside-San Bernardino-Ontario, CA",0.000119318,
ifa_pac_k5,92116,ifa,CA,IFA,IFA_03,IFA,,06073,41740,0666000,"IFA San Diego-Chula Vista-Carlsbad, CA",0.0182954,
ifa_pac_k5,92117,ifa,CA,IFA,IFA_03,IFA,,06073,41740,0666000,"IFA San Diego-Chula Vista-Carlsbad, CA",1.652,
ifa_pac_k5,92118,ifa,CA,IFA,IFA_03,IFA,,06073,41740,0616378,"IFA San Diego-Chula Vista-Carlsbad, CA",4.68338,
ifa_pac_k5,92119,ifa,CA,IFA,IFA_02,IFA,,06073,41740,0666000,"IFA Los Angeles-Long Beach-Anaheim, CA / Riverside-San Bernardino-Ontario, CA",0.362183,
ifa_pac_k5,92120,ifa,CA,IFA,IFA_02,IFA,,06073,41740,0666000,"IFA Los Angeles-Long Beach-Anaheim, CA / Riverside-San Bernardino-Ontario, CA",0.865451,
ifa_pac_k5,92121,ifa,CA,IFA,IFA_03,IFA,,06073,41740,0666000,"IFA San Diego-Chula Vista-Carlsbad, CA",67.5061,
ifa_pac_k5,92122,ifa,CA,IFA,IFA_03,IFA,,06073,41740,0666000,"IFA San Diego-Chula Vista-Carlsbad, CA",31.4819,
ifa_pac_k5,92123,ifa,CA,IFA,IFA_03,IFA,,06073,41740,0666000,"IFA San Diego-Chula Vista-Carlsbad, CA",4.01096,
ifa_pac_k5,92124,ifa,CA,IFA,IFA_02,IFA,,06073,41740,0666000,"IFA Los Angeles-Long Beach-Anaheim, CA / Riverside-San Bernardino-Ontario, CA",3.47264,
ifa_pac_k5,92126,ifa,CA,IFA,IFA_03,IFA,,06073,41740,0666000,"IFA San Diego-Chula Vista-Carlsbad, CA",2.66964,
ifa_pac_k5,92127,ifa,CA,IFA,IFA_03,IFA,,06073,41740,0666000,"IFA San Diego-Chula Vista-Carlsbad, CA",14.5067,
ifa_pac_k5,92128,ifa,CA,IFA,IFA_03,IFA,,06073,41740,0666000,"IFA San Diego-Chula Vista-Carlsbad, CA",12.2737,
ifa_pac_k5,92129,ifa,CA,IFA,IFA_03,IFA,,06073,41740,0666000,"IFA San Diego-Chula Vista-Carlsbad, CA",1.93853,
ifa_pac_k5,92130,ifa,CA,IFA,IFA_03,IFA,,06073,41740,0666000,"IFA San Diego-Chula Vista-Carlsbad, CA",39.2125,
ifa_pac_k5,92131,ifa,CA,IFA,IFA_03,IFA,,06073,41740,0666000,"IFA San Diego-Chula Vista-Carlsbad, CA",14.7126,
ifa_pac_k5,92132,ifa,CA,IFA,IFA_03,IFA,,06073,41740,0666000,"IFA San Diego-Chula Vista-Carlsbad, CA",0.0,no cell in the extract: territory at zero opportunity
ifa_pac_k5,92134,ifa,CA,IFA,IFA_03,IFA,,06073,41740,0666000,"IFA San Diego-Chula Vista-Carlsbad, CA",0.0,no cell in the extract: territory at zero opportunity
ifa_pac_k5,92135,ifa,CA,IFA,IFA_03,IFA,,06073,41740,0616378,"IFA San Diego-Chula Vista-Carlsbad, CA",0.0,no cell in the extract: territory at zero opportunity
ifa_pac_k5,92136,ifa,CA,IFA,IFA_03,IFA,,06073,41740,0666000,"IFA San Diego-Chula Vista-Carlsbad, CA",0.0,no cell in the extract: territory at zero opportunity
ifa_pac_k5,92139,ifa,CA,IFA,IFA_03,IFA,,06073,41740,0666000,"IFA San Diego-Chula Vista-Carlsbad, CA",0.0,no cell in the extract: territory at zero opportunity
ifa_pac_k5,92140,ifa,CA,IFA,IFA_03,IFA,,06073,41740,0666000,"IFA San Diego-Chula Vista-Carlsbad, CA",0.0,no cell in the extract: territory at zero opportunity
ifa_pac_k5,92145,ifa,CA,IFA,IFA_03,IFA,,06073,41740,0666000,"IFA San Diego-Chula Vista-Carlsbad, CA",0.0,no cell in the extract: territory at zero opportunity
ifa_pac_k5,92147,ifa,CA,IFA,IFA_03,IFA,,06073,41740,0666000,"IFA San Diego-Chula Vista-Carlsbad, CA",0.0,no cell in the extract: territory at zero opportunity
ifa_pac_k5,92154,ifa,CA,IFA,IFA_02,IFA,,06073,41740,0666000,"IFA Los Angeles-Long Beach-Anaheim, CA / Riverside-San Bernardino-Ontario, CA",0.0,no cell in the extract: territory at zero opportunity
ifa_pac_k5,92155,ifa,CA,IFA,IFA_03,IFA,,06073,41740,0616378,"IFA San Diego-Chula Vista-Carlsbad, CA",0.0,no cell in the extract: territory at zero opportunity
ifa_pac_k5,92161,ifa,CA,IFA,IFA_03,IFA,,06073,41740,0666000,"IFA San Diego-Chula Vista-Carlsbad, CA",0.0,no cell in the extract: territory at zero opportunity
ifa_pac_k5,92173,ifa,CA,IFA,IFA_02,IFA,,06073,41740,0666000,"IFA Los Angeles-Long Beach-Anaheim, CA / Riverside-San Bernardino-Ontario, CA",0.0,no cell in the extract: territory at zero opportunity
ifa_pac_k5,92179,ifa,CA,IFA,IFA_02,IFA,,06073,41740,,"IFA Los Angeles-Long Beach-Anaheim, CA / Riverside-San Bernardino-Ontario, CA",0.0,no cell in the extract: territory at zero opportunity
ifa_pac_k5,92182,ifa,CA,IFA,IFA_02,IFA,,06073,41740,0666000,"IFA Los Angeles-Long Beach-Anaheim, CA / Riverside-San Bernardino-Ontario, CA",0.0,no cell in the extract: territory at zero opportunity
ifa_pac_k5,92201,ifa,CA,IFA,IFA_02,IFA,,06065,40140,0636448,"IFA Los Angeles-Long Beach-Anaheim, CA / Riverside-San Bernardino-Ontario, CA",0.0,no cell in the extract: territory at zero opportunity
ifa_pac_k5,92203,ifa,CA,IFA,IFA_02,IFA,,06065,40140,0636448,"IFA Los Angeles-Long Beach-Anaheim, CA / Riverside-San Bernardino-Ontario, CA",5.28244,
ifa_pac_k5,92210,ifa,CA,IFA,IFA_02,IFA,,06065,40140,0636434,"IFA Los Angeles-Long Beach-Anaheim, CA / Riverside-San Bernardino-Ontario, CA",1.53377,
ifa_pac_k5,92211,ifa,CA,IFA,IFA_02,IFA,,06065,40140,0655184,"IFA Los Angeles-Long Beach-Anaheim, CA / Riverside-San Bernardino-Ontario, CA",3.46773,
ifa_pac_k5,92220,ifa,CA,IFA,IFA_02,IFA,,06065,40140,0603820,"IFA Los Angeles-Long Beach-Anaheim, CA / Riverside-San Bernardino-Ontario, CA",0.0,no cell in the extract: territory at zero opportunity
ifa_pac_k5,92222,ifa,CA,IFA,IFA_02,IFA,,06025,20940,,"IFA Los Angeles-Long Beach-Anaheim, CA / Riverside-San Bernardino-Ontario, CA",0.0,no cell in the extract: territory at zero opportunity
ifa_pac_k5,92223,ifa,CA,IFA,IFA_02,IFA,,06065,40140,0604758,"IFA Los Angeles-Long Beach-Anaheim, CA / Riverside-San Bernardino-Ontario, CA",0.556716,
ifa_pac_k5,92225,ifa,CA,IFA,IFA_02,IFA,,06065,40140,0607218,"IFA Los Angeles-Long Beach-Anaheim, CA / Riverside-San Bernardino-Ontario, CA",0.0,no cell in the extract: territory at zero opportunity
ifa_pac_k5,92227,ifa,CA,IFA,IFA_02,IFA,,06025,20940,0608058,"IFA Los Angeles-Long Beach-Anaheim, CA / Riverside-San Bernardino-Ontario, CA",0.0,no cell in the extract: territory at zero opportunity
ifa_pac_k5,92230,ifa,CA,IFA,IFA_02,IFA,,06065,40140,0609360,"IFA Los Angeles-Long Beach-Anaheim, CA / Riverside-San Bernardino-Ontario, CA",0.0,no cell in the extract: territory at zero opportunity
ifa_pac_k5,92231,ifa,CA,IFA,IFA_02,IFA,,06025,20940,0609710,"IFA Los Angeles-Long Beach-Anaheim, CA / Riverside-San Bernardino-Ontario, CA",0.0,no cell in the extract: territory at zero opportunity
ifa_pac_k5,92233,ifa,CA,IFA,IFA_02,IFA,,06025,20940,0609878,"IFA Los Angeles-Long Beach-Anaheim, CA / Riverside-San Bernardino-Ontario, CA",0.0,no cell in the extract: territory at zero opportunity
ifa_pac_k5,92234,ifa,CA,IFA,IFA_02,IFA,,06065,40140,0612048,"IFA Los Angeles-Long Beach-Anaheim, CA / Riverside-San Bernardino-Ontario, CA",0.0,no cell in the extract: territory at zero opportunity
ifa_pac_k5,92236,ifa,CA,IFA,IFA_02,IFA,,06065,40140,0614260,"IFA Los Angeles-Long Beach-Anaheim, CA / Riverside-San Bernardino-Ontario, CA",0.0,no cell in the extract: territory at zero opportunity
ifa_pac_k5,92239,ifa,CA,IFA,IFA_02,IFA,,06065,40140,0618982,"IFA Los Angeles-Long Beach-Anaheim, CA / Riverside-San Bernardino-Ontario, CA",0.0,no cell in the extract: territory at zero opportunity
ifa_pac_k5,92240,ifa,CA,IFA,IFA_02,IFA,,06065,40140,0618996,"IFA Los Angeles-Long Beach-Anaheim, CA / Riverside-San Bernardino-Ontario, CA",0.0,no cell in the extract: territory at zero opportunity
ifa_pac_k5,92241,ifa,CA,IFA,IFA_02,IFA,,06065,40140,0672156,"IFA Los Angeles-Long Beach-Anaheim, CA / Riverside-San Bernardino-Ontario, CA",0.0,no cell in the extract: territory at zero opportunity
ifa_pac_k5,92242,ifa,CA,IFA,IFA_02,IFA,,06071,40140,0606635,"IFA Los Angeles-Long Beach-Anaheim, CA / Riverside-San Bernardino-Ontario, CA",0.0,no cell in the extract: territory at zero opportunity
ifa_pac_k5,92243,ifa,CA,IFA,IFA_02,IFA,,06025,20940,0621782,"IFA Los Angeles-Long Beach-Anaheim, CA / Riverside-San Bernardino-Ontario, CA",0.0,no cell in the extract: territory at zero opportunity
ifa_pac_k5,92249,ifa,CA,IFA,IFA_02,IFA,,06025,20940,0633084,"IFA Los Angeles-Long Beach-Anaheim, CA / Riverside-San Bernardino-Ontario, CA",0.0,no cell in the extract: territory at zero opportunity
ifa_pac_k5,92250,ifa,CA,IFA,IFA_02,IFA,,06025,20940,0634246,"IFA Los Angeles-Long Beach-Anaheim, CA / Riverside-San Bernardino-Ontario, CA",0.0,no cell in the extract: territory at zero opportunity
ifa_pac_k5,92251,ifa,CA,IFA,IFA_02,IFA,,06025,20940,0636280,"IFA Los Angeles-Long Beach-Anaheim, CA / Riverside-San Bernardino-Ontario, CA",0.0,no cell in the extract: territory at zero opportunity
ifa_pac_k5,92252,ifa,CA,IFA,IFA_02,IFA,,06071,40140,0637554,"IFA Los Angeles-Long Beach-Anaheim, CA / Riverside-San Bernardino-Ontario, CA",0.0,no cell in the extract: territory at zero opportunity
ifa_pac_k5,92253,ifa,CA,IFA,IFA_02,IFA,,06065,40140,0640354,"IFA Los Angeles-Long Beach-Anaheim, CA / Riverside-San Bernardino-Ontario, CA",0.0,no cell in the extract: territory at zero opportunity
ifa_pac_k5,92254,ifa,CA,IFA,IFA_02,IFA,,06065,40140,0652302,"IFA Los Angeles-Long Beach-Anaheim, CA / Riverside-San Bernardino-Ontario, CA",0.0,no cell in the extract: territory at zero opportunity
ifa_pac_k5,92256,ifa,CA,IFA,IFA_02,IFA,,06071,40140,0649348,"IFA Los Angeles-Long Beach-Anaheim, CA / Riverside-San Bernardino-Ontario, CA",0.0,no cell in the extract: territory at zero opportunity
ifa_pac_k5,92257,ifa,CA,IFA,IFA_02,IFA,,06025,20940,0607372,"IFA Los Angeles-Long Beach-Anaheim, CA / Riverside-San Bernardino-Ontario, CA",0.0,no cell in the extract: territory at zero opportunity
ifa_pac_k5,92258,ifa,CA,IFA,IFA_02,IFA,,06065,40140,0655254,"IFA Los Angeles-Long Beach-Anaheim, CA / Riverside-San Bernardino-Ontario, CA",0.0,no cell in the extract: territory at zero opportunity
ifa_pac_k5,92259,ifa,CA,IFA,IFA_02,IFA,,06025,20940,0653378,"IFA Los Angeles-Long Beach-Anaheim, CA / Riverside-San Bernardino-Ontario, CA",0.0,no cell in the extract: territory at zero opportunity
ifa_pac_k5,92260,ifa,CA,IFA,IFA_02,IFA,,06065,40140,0655184,"IFA Los Angeles-Long Beach-Anaheim, CA / Riverside-San Bernardino-Ontario, CA",8.14308,
ifa_pac_k5,92262,ifa,CA,IFA,IFA_02,IFA,,06065,40140,0655254,"IFA Los Angeles-Long Beach-Anaheim, CA / Riverside-San Bernardino-Ontario, CA",6.69564,
ifa_pac_k5,92264,ifa,CA,IFA,IFA_02,IFA,,06065,40140,0655254,"IFA Los Angeles-Long Beach-Anaheim, CA / Riverside-San Bernardino-Ontario, CA",0.0,no cell in the extract: territory at zero opportunity
ifa_pac_k5,92266,ifa,CA,IFA,IFA_02,IFA,,06025,20940,0655422,"IFA Los Angeles-Long Beach-Anaheim, CA / Riverside-San Bernardino-Ontario, CA",0.0,no cell in the extract: territory at zero opportunity
ifa_pac_k5,92267,ifa,CA,IFA,IFA_02,IFA,,06071,40140,,"IFA Los Angeles-Long Beach-Anaheim, CA / Riverside-San Bernardino-Ontario, CA",0.0,no cell in the extract: territory at zero opportunity
ifa_pac_k5,92268,ifa,CA,IFA,IFA_02,IFA,,06071,40140,,"IFA Los Angeles-Long Beach-Anaheim, CA / Riverside-San Bernardino-Ontario, CA",0.0,no cell in the extract: territory at zero opportunity
ifa_pac_k5,92270,ifa,CA,IFA,IFA_02,IFA,,06065,40140,0659500,"IFA Los Angeles-Long Beach-Anaheim, CA / Riverside-San Bernardino-Ontario, CA",11.0063,
ifa_pac_k5,92273,ifa,CA,IFA,IFA_02,IFA,,06025,20940,0670798,"IFA Los Angeles-Long Beach-Anaheim, CA / Riverside-San Bernardino-Ontario, CA",0.0,no cell in the extract: territory at zero opportunity
ifa_pac_k5,92274,ifa,CA,IFA,IFA_02,IFA,,06065,40140,0653224,"IFA Los Angeles-Long Beach-Anaheim, CA / Riverside-San Bernardino-Ontario, CA",0.0,no cell in the extract: territory at zero opportunity
ifa_pac_k5,92275,ifa,CA,IFA,IFA_02,IFA,,06025,20940,0664294,"IFA Los Angeles-Long Beach-Anaheim, CA / Riverside-San Bernardino-Ontario, CA",0.0,no cell in the extract: territory at zero opportunity
ifa_pac_k5,92276,ifa,CA,IFA,IFA_02,IFA,,06065,40140,0678596,"IFA Los Angeles-Long Beach-Anaheim, CA / Riverside-San Bernardino-Ontario, CA",0.0,no cell in the extract: territory at zero opportunity
ifa_pac_k5,92277,ifa,CA,IFA,IFA_02,IFA,,06071,40140,0680994,"IFA Los Angeles-Long Beach-Anaheim, CA / Riverside-San Bernardino-Ontario, CA",0.0,no cell in the extract: territory at zero opportunity
ifa_pac_k5,92278,ifa,CA,IFA,IFA_02,IFA,,06071,40140,0680994,"IFA Los Angeles-Long Beach-Anaheim, CA / Riverside-San Bernardino-Ontario, CA",0.0,no cell in the extract: territory at zero opportunity
ifa_pac_k5,92280,ifa,CA,IFA,IFA_02,IFA,,06071,40140,,"IFA Los Angeles-Long Beach-Anaheim, CA / Riverside-San Bernardino-Ontario, CA",0.0,no cell in the extract: territory at zero opportunity
ifa_pac_k5,92281,ifa,CA,IFA,IFA_02,IFA,,06025,20940,0684606,"IFA Los Angeles-Long Beach-Anaheim, CA / Riverside-San Bernardino-Ontario, CA",0.0,no cell in the extract: territory at zero opportunity
ifa_pac_k5,92282,ifa,CA,IFA,IFA_02,IFA,,06065,40140,0685208,"IFA Los Angeles-Long Beach-Anaheim, CA / Riverside-San Bernardino-Ontario, CA",0.0,no cell in the extract: territory at zero opportunity
ifa_pac_k5,92283,ifa,CA,IFA,IFA_02,IFA,,06025,20940,0686020,"IFA Los Angeles-Long Beach-Anaheim, CA / Riverside-San Bernardino-Ontario, CA",0.0,no cell in the extract: territory at zero opportunity
ifa_pac_k5,92284,ifa,CA,IFA,IFA_02,IFA,,06071,40140,0687056,"IFA Los Angeles-Long Beach-Anaheim, CA / Riverside-San Bernardino-Ontario, CA",0.0,no cell in the extract: territory at zero opportunity
ifa_pac_k5,92285,ifa,CA,IFA,IFA_02,IFA,,06071,40140,0634392,"IFA Los Angeles-Long Beach-Anaheim, CA / Riverside-San Bernardino-Ontario, CA",0.0,no cell in the extract: territory at zero opportunity
ifa_pac_k5,92301,ifa,CA,IFA,IFA_02,IFA,,06071,40140,0600296,"IFA Los Angeles-Long Beach-Anaheim, CA / Riverside-San Bernardino-Ontario, CA",0.0,no cell in the extract: territory at zero opportunity
ifa_pac_k5,92304,ifa,CA,IFA,IFA_02,IFA,,06071,40140,,"IFA Los Angeles-Long Beach-Anaheim, CA / Riverside-San Bernardino-Ontario, CA",0.0,no cell in the extract: territory at zero opportunity
ifa_pac_k5,92305,ifa,CA,IFA,IFA_02,IFA,,06071,40140,,"IFA Los Angeles-Long Beach-Anaheim, CA / Riverside-San Bernardino-Ontario, CA",0.0,no cell in the extract: territory at zero opportunity
ifa_pac_k5,92307,ifa,CA,IFA,IFA_02,IFA,,06071,40140,0602364,"IFA Los Angeles-Long Beach-Anaheim, CA / Riverside-San Bernardino-Ontario, CA",2.9095,
ifa_pac_k5,92308,ifa,CA,IFA,IFA_02,IFA,,06071,40140,0602364,"IFA Los Angeles-Long Beach-Anaheim, CA / Riverside-San Bernardino-Ontario, CA",0.106181,
ifa_pac_k5,92309,ifa,CA,IFA,IFA_02,IFA,,06071,40140,0603512,"IFA Los Angeles-Long Beach-Anaheim, CA / Riverside-San Bernardino-Ontario, CA",0.0,no cell in the extract: territory at zero opportunity
ifa_pac_k5,92310,ifa,CA,IFA,IFA_02,IFA,,06071,40140,0625114,"IFA Los Angeles-Long Beach-Anaheim, CA / Riverside-San Bernardino-Ontario, CA",0.0,no cell in the extract: territory at zero opportunity
ifa_pac_k5,92311,ifa,CA,IFA,IFA_02,IFA,,06071,40140,0604030,"IFA Los Angeles-Long Beach-Anaheim, CA / Riverside-San Bernardino-Ontario, CA",0.0,no cell in the extract: territory at zero opportunity
ifa_pac_k5,92313,ifa,CA,IFA,IFA_02,IFA,,06071,40140,0630658,"IFA Los Angeles-Long Beach-Anaheim, CA / Riverside-San Bernardino-Ontario, CA",0.0,no cell in the extract: territory at zero opportunity
ifa_pac_k5,92314,ifa,CA,IFA,IFA_02,IFA,,06071,40140,0606406,"IFA Los Angeles-Long Beach-Anaheim, CA / Riverside-San Bernardino-Ontario, CA",0.0,no cell in the extract: territory at zero opportunity
ifa_pac_k5,92315,ifa,CA,IFA,IFA_02,IFA,,06071,40140,0606434,"IFA Los Angeles-Long Beach-Anaheim, CA / Riverside-San Bernardino-Ontario, CA",1.75544,
ifa_pac_k5,92316,ifa,CA,IFA,IFA_02,IFA,,06071,40140,0607064,"IFA Los Angeles-Long Beach-Anaheim, CA / Riverside-San Bernardino-Ontario, CA",0.0,no cell in the extract: territory at zero opportunity
ifa_pac_k5,92317,ifa,CA,IFA,IFA_02,IFA,,06071,40140,0639444,"IFA Los Angeles-Long Beach-Anaheim, CA / Riverside-San Bernardino-Ontario, CA",0.0,no cell in the extract: territory at zero opportunity
ifa_pac_k5,92320,ifa,CA,IFA,IFA_02,IFA,,06065,40140,0609864,"IFA Los Angeles-Long Beach-Anaheim, CA / Riverside-San Bernardino-Ontario, CA",0.0603341,
ifa_pac_k5,92321,ifa,CA,IFA,IFA_02,IFA,,06071,40140,0639444,"IFA Los Angeles-Long Beach-Anaheim, CA / Riverside-San Bernardino-Ontario, CA",0.0,no cell in the extract: territory at zero opportunity
ifa_pac_k5,92322,ifa,CA,IFA,IFA_02,IFA,,06071,40140,0617162,"IFA Los Angeles-Long Beach-Anaheim, CA / Riverside-San Bernardino-Ontario, CA",0.0,no cell in the extract: territory at zero opportunity
ifa_pac_k5,92324,ifa,CA,IFA,IFA_02,IFA,,06071,40140,0614890,"IFA Los Angeles-Long Beach-Anaheim, CA / Riverside-San Bernardino-Ontario, CA",0.0,no cell in the extract: territory at zero opportunity
ifa_pac_k5,92325,ifa,CA,IFA,IFA_02,IFA,,06071,40140,0617162,"IFA Los Angeles-Long Beach-Anaheim, CA / Riverside-San Bernardino-Ontario, CA",0.0,no cell in the extract: territory at zero opportunity
ifa_pac_k5,92327,ifa,CA,IFA,IFA_02,IFA,,06071,40140,,"IFA Los Angeles-Long Beach-Anaheim, CA / Riverside-San Bernardino-Ontario, CA",0.0,no cell in the extract: territory at zero opportunity
ifa_pac_k5,92328,ifa,CA,IFA,IFA_02,IFA,,06027,13860,0628021,"IFA Los Angeles-Long Beach-Anaheim, CA / Riverside-San Bernardino-Ontario, CA",0.0,no cell in the extract: territory at zero opportunity
ifa_pac_k5,92332,ifa,CA,IFA,IFA_02,IFA,,06071,40140,,"IFA Los Angeles-Long Beach-Anaheim, CA / Riverside-San Bernardino-Ontario, CA",0.0,no cell in the extract: territory at zero opportunity
ifa_pac_k5,92333,ifa,CA,IFA,IFA_02,IFA,,06071,40140,0606434,"IFA Los Angeles-Long Beach-Anaheim, CA / Riverside-San Bernardino-Ontario, CA",0.0,no cell in the extract: territory at zero opportunity
ifa_pac_k5,92335,ifa,CA,IFA,IFA_02,IFA,,06071,40140,0624680,"IFA Los Angeles-Long Beach-Anaheim, CA / Riverside-San Bernardino-Ontario, CA",0.0,no cell in the extract: territory at zero opportunity
ifa_pac_k5,92336,ifa,CA,IFA,IFA_02,IFA,,06071,40140,0624680,"IFA Los Angeles-Long Beach-Anaheim, CA / Riverside-San Bernardino-Ontario, CA",0.110895,
ifa_pac_k5,92337,ifa,CA,IFA,IFA_02,IFA,,06071,40140,0624680,"IFA Los Angeles-Long Beach-Anaheim, CA / Riverside-San Bernardino-Ontario, CA",0.0,no cell in the extract: territory at zero opportunity
ifa_pac_k5,92338,ifa,CA,IFA,IFA_02,IFA,,06071,40140,,"IFA Los Angeles-Long Beach-Anaheim, CA / Riverside-San Bernardino-Ontario, CA",0.0,no cell in the extract: territory at zero opportunity
ifa_pac_k5,92339,ifa,CA,IFA,IFA_02,IFA,,06071,40140,,"IFA Los Angeles-Long Beach-Anaheim, CA / Riverside-San Bernardino-Ontario, CA",0.0,no cell in the extract: territory at zero opportunity
ifa_pac_k5,92341,ifa,CA,IFA,IFA_02,IFA,,06071,40140,0663316,"IFA Los Angeles-Long Beach-Anaheim, CA / Riverside-San Bernardino-Ontario, CA",0.0,no cell in the extract: territory at zero opportunity
ifa_pac_k5,92342,ifa,CA,IFA,IFA_02,IFA,,06071,40140,0671964,"IFA Los Angeles-Long Beach-Anaheim, CA / Riverside-San Bernardino-Ontario, CA",0.000954541,
ifa_pac_k5,92344,ifa,CA,IFA,IFA_02,IFA,,06071,40140,0652760,"IFA Los Angeles-Long Beach-Anaheim, CA / Riverside-San Bernardino-Ontario, CA",0.0,no cell in the extract: territory at zero opportunity
ifa_pac_k5,92345,ifa,CA,IFA,IFA_02,IFA,,06071,40140,0633434,"IFA Los Angeles-Long Beach-Anaheim, CA / Riverside-San Bernardino-Ontario, CA",2.82057,
ifa_pac_k5,92346,ifa,CA,IFA,IFA_02,IFA,,06071,40140,0633588,"IFA Los Angeles-Long Beach-Anaheim, CA / Riverside-San Bernardino-Ontario, CA",0.0,no cell in the extract: territory at zero opportunity
ifa_pac_k5,92347,ifa,CA,IFA,IFA_02,IFA,,06071,40140,0604030,"IFA Los Angeles-Long Beach-Anaheim, CA / Riverside-San Bernardino-Ontario, CA",0.0,no cell in the extract: territory at zero opportunity
ifa_pac_k5,92350,ifa,CA,IFA,IFA_02,IFA,,06071,40140,0642370,"IFA Los Angeles-Long Beach-Anaheim, CA / Riverside-San Bernardino-Ontario, CA",0.0,no cell in the extract: territory at zero opportunity
ifa_pac_k5,92352,ifa,CA,IFA,IFA_02,IFA,,06071,40140,0639444,"IFA Los Angeles-Long Beach-Anaheim, CA / Riverside-San Bernardino-Ontario, CA",0.0162272,
ifa_pac_k5,92354,ifa,CA,IFA,IFA_02,IFA,,06071,40140,0642370,"IFA Los Angeles-Long Beach-Anaheim, CA / Riverside-San Bernardino-Ontario, CA",0.0314804,
ifa_pac_k5,92356,ifa,CA,IFA,IFA_02,IFA,,06071,40140,0644420,"IFA Los Angeles-Long Beach-Anaheim, CA / Riverside-San Bernardino-Ontario, CA",0.0,no cell in the extract: territory at zero opportunity
ifa_pac_k5,92358,ifa,CA,IFA,IFA_02,IFA,,06071,40140,0644644,"IFA Los Angeles-Long Beach-Anaheim, CA / Riverside-San Bernardino-Ontario, CA",0.0,no cell in the extract: territory at zero opportunity
ifa_pac_k5,92359,ifa,CA,IFA,IFA_02,IFA,,06071,40140,0646884,"IFA Los Angeles-Long Beach-Anaheim, CA / Riverside-San Bernardino-Ontario, CA",0.0,no cell in the extract: territory at zero opportunity
ifa_pac_k5,92363,ifa,CA,IFA,IFA_02,IFA,,06071,40140,0650734,"IFA Los Angeles-Long Beach-Anaheim, CA / Riverside-San Bernardino-Ontario, CA",0.0,no cell in the extract: territory at zero opportunity
ifa_pac_k5,92364,ifa,CA,IFA,IFA_02,IFA,,06071,40140,,"IFA Los Angeles-Long Beach-Anaheim, CA / Riverside-San Bernardino-Ontario, CA",0.0,no cell in the extract: territory at zero opportunity
ifa_pac_k5,92365,ifa,CA,IFA,IFA_02,IFA,,06071,40140,,"IFA Los Angeles-Long Beach-Anaheim, CA / Riverside-San Bernardino-Ontario, CA",0.0,no cell in the extract: territory at zero opportunity
ifa_pac_k5,92368,ifa,CA,IFA,IFA_02,IFA,,06071,40140,0682590,"IFA Los Angeles-Long Beach-Anaheim, CA / Riverside-San Bernardino-Ontario, CA",0.0,no cell in the extract: territory at zero opportunity
ifa_pac_k5,92369,ifa,CA,IFA,IFA_02,IFA,,06071,40140,0665000,"IFA Los Angeles-Long Beach-Anaheim, CA / Riverside-San Bernardino-Ontario, CA",0.0,no cell in the extract: territory at zero opportunity
ifa_pac_k5,92371,ifa,CA,IFA,IFA_02,IFA,,06071,40140,0656826,"IFA Los Angeles-Long Beach-Anaheim, CA / Riverside-San Bernardino-Ontario, CA",0.0,no cell in the extract: territory at zero opportunity
ifa_pac_k5,92372,ifa,CA,IFA,IFA_03,IFA,,06071,40140,0657302,"IFA San Diego-Chula Vista-Carlsbad, CA",0.0,no cell in the extract: territory at zero opportunity
ifa_pac_k5,92373,ifa,CA,IFA,IFA_02,IFA,,06071,40140,0659962,"IFA Los Angeles-Long Beach-Anaheim, CA / Riverside-San Bernardino-Ontario, CA",5.57811,
ifa_pac_k5,92374,ifa,CA,IFA,IFA_02,IFA,,06071,40140,0659962,"IFA Los Angeles-Long Beach-Anaheim, CA / Riverside-San Bernardino-Ontario, CA",5.92069,
ifa_pac_k5,92376,ifa,CA,IFA,IFA_02,IFA,,06071,40140,0660466,"IFA Los Angeles-Long Beach-Anaheim, CA / Riverside-San Bernardino-Ontario, CA",0.0,no cell in the extract: territory at zero opportunity
ifa_pac_k5,92377,ifa,CA,IFA,IFA_02,IFA,,06071,40140,0660466,"IFA Los Angeles-Long Beach-Anaheim, CA / Riverside-San Bernardino-Ontario, CA",0.0,no cell in the extract: territory at zero opportunity
ifa_pac_k5,92378,ifa,CA,IFA,IFA_02,IFA,,06071,40140,0639444,"IFA Los Angeles-Long Beach-Anaheim, CA / Riverside-San Bernardino-Ontario, CA",0.0,no cell in the extract: territory at zero opportunity
ifa_pac_k5,92382,ifa,CA,IFA,IFA_02,IFA,,06071,40140,0663316,"IFA Los Angeles-Long Beach-Anaheim, CA / Riverside-San Bernardino-Ontario, CA",0.0,no cell in the extract: territory at zero opportunity
ifa_pac_k5,92384,ifa,CA,IFA,IFA_02,IFA,,06027,13860,0671680,"IFA Los Angeles-Long Beach-Anaheim, CA / Riverside-San Bernardino-Ontario, CA",0.0,no cell in the extract: territory at zero opportunity
ifa_pac_k5,92385,ifa,CA,IFA,IFA_02,IFA,,06071,40140,0639444,"IFA Los Angeles-Long Beach-Anaheim, CA / Riverside-San Bernardino-Ontario, CA",0.0,no cell in the extract: territory at zero opportunity
ifa_pac_k5,92386,ifa,CA,IFA,IFA_02,IFA,,06071,40140,0606406,"IFA Los Angeles-Long Beach-Anaheim, CA / Riverside-San Bernardino-Ontario, CA",0.0,no cell in the extract: territory at zero opportunity
ifa_pac_k5,92389,ifa,CA,IFA,IFA_02,IFA,,06027,13860,0678050,"IFA Los Angeles-Long Beach-Anaheim, CA / Riverside-San Bernardino-Ontario, CA",0.0,no cell in the extract: territory at zero opportunity
ifa_pac_k5,92391,ifa,CA,IFA,IFA_02,IFA,,06071,40140,0639444,"IFA Los Angeles-Long Beach-Anaheim, CA / Riverside-San Bernardino-Ontario, CA",0.0,no cell in the extract: territory at zero opportunity
ifa_pac_k5,92392,ifa,CA,IFA,IFA_02,IFA,,06071,40140,0682590,"IFA Los Angeles-Long Beach-Anaheim, CA / Riverside-San Bernardino-Ontario, CA",0.165454,
ifa_pac_k5,92394,ifa,CA,IFA,IFA_02,IFA,,06071,40140,0682590,"IFA Los Angeles-Long Beach-Anaheim, CA / Riverside-San Bernardino-Ontario, CA",0.0,no cell in the extract: territory at zero opportunity
ifa_pac_k5,92395,ifa,CA,IFA,IFA_02,IFA,,06071,40140,0682590,"IFA Los Angeles-Long Beach-Anaheim, CA / Riverside-San Bernardino-Ontario, CA",2.03932,
ifa_pac_k5,92397,ifa,CA,IFA,IFA_03,IFA,,06037,31080,0686594,"IFA San Diego-Chula Vista-Carlsbad, CA",0.0,no cell in the extract: territory at zero opportunity
ifa_pac_k5,92398,ifa,CA,IFA,IFA_02,IFA,,06071,40140,0686720,"IFA Los Angeles-Long Beach-Anaheim, CA / Riverside-San Bernardino-Ontario, CA",0.0,no cell in the extract: territory at zero opportunity
ifa_pac_k5,92399,ifa,CA,IFA,IFA_02,IFA,,06071,40140,0687042,"IFA Los Angeles-Long Beach-Anaheim, CA / Riverside-San Bernardino-Ontario, CA",0.318813,
ifa_pac_k5,92401,ifa,CA,IFA,IFA_02,IFA,,06071,40140,0665000,"IFA Los Angeles-Long Beach-Anaheim, CA / Riverside-San Bernardino-Ontario, CA",0.0,no cell in the extract: territory at zero opportunity
ifa_pac_k5,92404,ifa,CA,IFA,IFA_02,IFA,,06071,40140,0665000,"IFA Los Angeles-Long Beach-Anaheim, CA / Riverside-San Bernardino-Ontario, CA",0.0,no cell in the extract: territory at zero opportunity
ifa_pac_k5,92405,ifa,CA,IFA,IFA_02,IFA,,06071,40140,0665000,"IFA Los Angeles-Long Beach-Anaheim, CA / Riverside-San Bernardino-Ontario, CA",0.0,no cell in the extract: territory at zero opportunity
ifa_pac_k5,92407,ifa,CA,IFA,IFA_02,IFA,,06071,40140,0665000,"IFA Los Angeles-Long Beach-Anaheim, CA / Riverside-San Bernardino-Ontario, CA",0.0,no cell in the extract: territory at zero opportunity
ifa_pac_k5,92408,ifa,CA,IFA,IFA_02,IFA,,06071,40140,0665000,"IFA Los Angeles-Long Beach-Anaheim, CA / Riverside-San Bernardino-Ontario, CA",2.43699,
ifa_pac_k5,92410,ifa,CA,IFA,IFA_02,IFA,,06071,40140,0665000,"IFA Los Angeles-Long Beach-Anaheim, CA / Riverside-San Bernardino-Ontario, CA",0.0,no cell in the extract: territory at zero opportunity
ifa_pac_k5,92411,ifa,CA,IFA,IFA_02,IFA,,06071,40140,0665000,"IFA Los Angeles-Long Beach-Anaheim, CA / Riverside-San Bernardino-Ontario, CA",0.0,no cell in the extract: territory at zero opportunity
ifa_pac_k5,92415,ifa,CA,IFA,IFA_02,IFA,,06071,40140,0665000,"IFA Los Angeles-Long Beach-Anaheim, CA / Riverside-San Bernardino-Ontario, CA",0.0,no cell in the extract: territory at zero opportunity
ifa_pac_k5,92501,ifa,CA,IFA,IFA_02,IFA,,06065,40140,0662000,"IFA Los Angeles-Long Beach-Anaheim, CA / Riverside-San Bernardino-Ontario, CA",2.66151,
ifa_pac_k5,92503,ifa,CA,IFA,IFA_02,IFA,,06065,40140,0662000,"IFA Los Angeles-Long Beach-Anaheim, CA / Riverside-San Bernardino-Ontario, CA",0.0047766,
ifa_pac_k5,92504,ifa,CA,IFA,IFA_02,IFA,,06065,40140,0662000,"IFA Los Angeles-Long Beach-Anaheim, CA / Riverside-San Bernardino-Ontario, CA",6.84798,
ifa_pac_k5,92505,ifa,CA,IFA,IFA_03,IFA,,06065,40140,0662000,"IFA San Diego-Chula Vista-Carlsbad, CA",6.05503,
ifa_pac_k5,92506,ifa,CA,IFA,IFA_02,IFA,,06065,40140,0662000,"IFA Los Angeles-Long Beach-Anaheim, CA / Riverside-San Bernardino-Ontario, CA",2.30515,
ifa_pac_k5,92507,ifa,CA,IFA,IFA_02,IFA,,06065,40140,0662000,"IFA Los Angeles-Long Beach-Anaheim, CA / Riverside-San Bernardino-Ontario, CA",2.76644,
ifa_pac_k5,92508,ifa,CA,IFA,IFA_02,IFA,,06065,40140,0662000,"IFA Los Angeles-Long Beach-Anaheim, CA / Riverside-San Bernardino-Ontario, CA",0.488457,
ifa_pac_k5,92509,ifa,CA,IFA,IFA_02,IFA,,06065,40140,0637692,"IFA Los Angeles-Long Beach-Anaheim, CA / Riverside-San Bernardino-Ontario, CA",0.0,no cell in the extract: territory at zero opportunity
ifa_pac_k5,92518,ifa,CA,IFA,IFA_02,IFA,,06065,40140,0645680,"IFA Los Angeles-Long Beach-Anaheim, CA / Riverside-San Bernardino-Ontario, CA",0.0,no cell in the extract: territory at zero opportunity
ifa_pac_k5,92521,ifa,CA,IFA,IFA_02,IFA,,06065,40140,0662000,"IFA Los Angeles-Long Beach-Anaheim, CA / Riverside-San Bernardino-Ontario, CA",0.0,no cell in the extract: territory at zero opportunity
ifa_pac_k5,92530,ifa,CA,IFA,IFA_02,IFA,,06065,40140,0639486,"IFA Los Angeles-Long Beach-Anaheim, CA / Riverside-San Bernardino-Ontario, CA",0.0,no cell in the extract: territory at zero opportunity
ifa_pac_k5,92532,ifa,CA,IFA,IFA_02,IFA,,06065,40140,0639486,"IFA Los Angeles-Long Beach-Anaheim, CA / Riverside-San Bernardino-Ontario, CA",0.0,no cell in the extract: territory at zero opportunity
ifa_pac_k5,92536,ifa,CA,IFA,IFA_02,IFA,,06065,40140,0600464,"IFA Los Angeles-Long Beach-Anaheim, CA / Riverside-San Bernardino-Ontario, CA",0.0,no cell in the extract: territory at zero opportunity
ifa_pac_k5,92539,ifa,CA,IFA,IFA_02,IFA,,06065,40140,0602294,"IFA Los Angeles-Long Beach-Anaheim, CA / Riverside-San Bernardino-Ontario, CA",0.0,no cell in the extract: territory at zero opportunity
ifa_pac_k5,92543,ifa,CA,IFA,IFA_02,IFA,,06065,40140,0633182,"IFA Los Angeles-Long Beach-Anaheim, CA / Riverside-San Bernardino-Ontario, CA",0.0,no cell in the extract: territory at zero opportunity
ifa_pac_k5,92544,ifa,CA,IFA,IFA_02,IFA,,06065,40140,0664056,"IFA Los Angeles-Long Beach-Anaheim, CA / Riverside-San Bernardino-Ontario, CA",0.00190908,
ifa_pac_k5,92545,ifa,CA,IFA,IFA_02,IFA,,06065,40140,0633182,"IFA Los Angeles-Long Beach-Anaheim, CA / Riverside-San Bernardino-Ontario, CA",0.0,no cell in the extract: territory at zero opportunity
ifa_pac_k5,92548,ifa,CA,IFA,IFA_02,IFA,,06065,40140,0634316,"IFA Los Angeles-Long Beach-Anaheim, CA / Riverside-San Bernardino-Ontario, CA",0.0,no cell in the extract: territory at zero opportunity
ifa_pac_k5,92549,ifa,CA,IFA,IFA_02,IFA,,06065,40140,0636203,"IFA Los Angeles-Long Beach-Anaheim, CA / Riverside-San Bernardino-Ontario, CA",0.254489,
ifa_pac_k5,92551,ifa,CA,IFA,IFA_02,IFA,,06065,40140,0649270,"IFA Los Angeles-Long Beach-Anaheim, CA / Riverside-San Bernardino-Ontario, CA",0.0,no cell in the extract: territory at zero opportunity
ifa_pac_k5,92553,ifa,CA,IFA,IFA_02,IFA,,06065,40140,0649270,"IFA Los Angeles-Long Beach-Anaheim, CA / Riverside-San Bernardino-Ontario, CA",1.5851,
ifa_pac_k5,92555,ifa,CA,IFA,IFA_02,IFA,,06065,40140,0649270,"IFA Los Angeles-Long Beach-Anaheim, CA / Riverside-San Bernardino-Ontario, CA",0.0404033,
ifa_pac_k5,92557,ifa,CA,IFA,IFA_02,IFA,,06065,40140,0649270,"IFA Los Angeles-Long Beach-Anaheim, CA / Riverside-San Bernardino-Ontario, CA",0.0,no cell in the extract: territory at zero opportunity
ifa_pac_k5,92561,ifa,CA,IFA,IFA_02,IFA,,06065,40140,0649544,"IFA Los Angeles-Long Beach-Anaheim, CA / Riverside-San Bernardino-Ontario, CA",0.0,no cell in the extract: territory at zero opportunity
ifa_pac_k5,92562,ifa,CA,IFA,IFA_03,IFA,,06065,40140,0650076,"IFA San Diego-Chula Vista-Carlsbad, CA",6.59532,
ifa_pac_k5,92563,ifa,CA,IFA,IFA_03,IFA,,06065,40140,0650076,"IFA San Diego-Chula Vista-Carlsbad, CA",1.8203,
ifa_pac_k5,92567,ifa,CA,IFA,IFA_02,IFA,,06065,40140,0652624,"IFA Los Angeles-Long Beach-Anaheim, CA / Riverside-San Bernardino-Ontario, CA",0.0,no cell in the extract: territory at zero opportunity
ifa_pac_k5,92570,ifa,CA,IFA,IFA_02,IFA,,06065,40140,0646646,"IFA Los Angeles-Long Beach-Anaheim, CA / Riverside-San Bernardino-Ontario, CA",0.0,no cell in the extract: territory at zero opportunity
ifa_pac_k5,92571,ifa,CA,IFA,IFA_02,IFA,,06065,40140,0656700,"IFA Los Angeles-Long Beach-Anaheim, CA / Riverside-San Bernardino-Ontario, CA",0.0,no cell in the extract: territory at zero opportunity
ifa_pac_k5,92582,ifa,CA,IFA,IFA_02,IFA,,06065,40140,0667112,"IFA Los Angeles-Long Beach-Anaheim, CA / Riverside-San Bernardino-Ontario, CA",0.0,no cell in the extract: territory at zero opportunity
ifa_pac_k5,92583,ifa,CA,IFA,IFA_02,IFA,,06065,40140,0667112,"IFA Los Angeles-Long Beach-Anaheim, CA / Riverside-San Bernardino-Ontario, CA",0.0,no cell in the extract: territory at zero opportunity
ifa_pac_k5,92584,ifa,CA,IFA,IFA_02,IFA,,06065,40140,0646842,"IFA Los Angeles-Long Beach-Anaheim, CA / Riverside-San Bernardino-Ontario, CA",0.0,no cell in the extract: territory at zero opportunity
ifa_pac_k5,92585,ifa,CA,IFA,IFA_02,IFA,,06065,40140,0646842,"IFA Los Angeles-Long Beach-Anaheim, CA / Riverside-San Bernardino-Ontario, CA",0.15909,
ifa_pac_k5,92586,ifa,CA,IFA,IFA_02,IFA,,06065,40140,0646842,"IFA Los Angeles-Long Beach-Anaheim, CA / Riverside-San Bernardino-Ontario, CA",0.0,no cell in the extract: territory at zero opportunity
ifa_pac_k5,92587,ifa,CA,IFA,IFA_02,IFA,,06065,40140,0646842,"IFA Los Angeles-Long Beach-Anaheim, CA / Riverside-San Bernardino-Ontario, CA",0.139662,
ifa_pac_k5,92590,ifa,CA,IFA,IFA_03,IFA,,06065,40140,0678120,"IFA San Diego-Chula Vista-Carlsbad, CA",5.40442,
ifa_pac_k5,92591,ifa,CA,IFA,IFA_03,IFA,,06065,40140,0678120,"IFA San Diego-Chula Vista-Carlsbad, CA",5.66259,
ifa_pac_k5,92592,ifa,CA,IFA,IFA_02,IFA,,06065,40140,0678120,"IFA Los Angeles-Long Beach-Anaheim, CA / Riverside-San Bernardino-Ontario, CA",1.9495,
ifa_pac_k5,92595,ifa,CA,IFA,IFA_02,IFA,,06065,40140,0685446,"IFA Los Angeles-Long Beach-Anaheim, CA / Riverside-San Bernardino-Ontario, CA",0.0242612,
ifa_pac_k5,92596,ifa,CA,IFA,IFA_03,IFA,,06065,40140,0626067,"IFA San Diego-Chula Vista-Carlsbad, CA",0.0,no cell in the extract: territory at zero opportunity
ifa_pac_k5,92602,ifa,CA,IFA,IFA_03,IFA,,06059,31080,0636770,"IFA San Diego-Chula Vista-Carlsbad, CA",0.35833,
ifa_pac_k5,92603,ifa,CA,IFA,IFA_03,IFA,,06059,31080,0636770,"IFA San Diego-Chula Vista-Carlsbad, CA",0.677537,
ifa_pac_k5,92604,ifa,CA,IFA,IFA_02,IFA,,06059,31080,0636770,"IFA Los Angeles-Long Beach-Anaheim, CA / Riverside-San Bernardino-Ontario, CA",1.0571,
ifa_pac_k5,92606,ifa,CA,IFA,IFA_02,IFA,,06059,31080,0636770,"IFA Los Angeles-Long Beach-Anaheim, CA / Riverside-San Bernardino-Ontario, CA",29.8401,
ifa_pac_k5,92610,ifa,CA,IFA,IFA_02,IFA,,06059,31080,0639496,"IFA Los Angeles-Long Beach-Anaheim, CA / Riverside-San Bernardino-Ontario, CA",2.75768,
ifa_pac_k5,92612,ifa,CA,IFA,IFA_03,IFA,,06059,31080,0636770,"IFA San Diego-Chula Vista-Carlsbad, CA",45.1829,
ifa_pac_k5,92614,ifa,CA,IFA,IFA_03,IFA,,06059,31080,0636770,"IFA San Diego-Chula Vista-Carlsbad, CA",38.5011,
ifa_pac_k5,92617,ifa,CA,IFA,IFA_02,IFA,,06059,31080,0636770,"IFA Los Angeles-Long Beach-Anaheim, CA / Riverside-San Bernardino-Ontario, CA",0.0,no cell in the extract: territory at zero opportunity
ifa_pac_k5,92618,ifa,CA,IFA,IFA_02,IFA,,06059,31080,0636770,"IFA Los Angeles-Long Beach-Anaheim, CA / Riverside-San Bernardino-Ontario, CA",92.9741,
ifa_pac_k5,92620,ifa,CA,IFA,IFA_03,IFA,,06059,31080,0636770,"IFA San Diego-Chula Vista-Carlsbad, CA",3.35675,
ifa_pac_k5,92624,ifa,CA,IFA,IFA_03,IFA,,06059,31080,0617946,"IFA San Diego-Chula Vista-Carlsbad, CA",0.0,no cell in the extract: territory at zero opportunity
ifa_pac_k5,92625,ifa,CA,IFA,IFA_02,IFA,,06059,31080,0651182,"IFA Los Angeles-Long Beach-Anaheim, CA / Riverside-San Bernardino-Ontario, CA",0.0,no cell in the extract: territory at zero opportunity
ifa_pac_k5,92626,ifa,CA,IFA,IFA_02,IFA,,06059,31080,0616532,"IFA Los Angeles-Long Beach-Anaheim, CA / Riverside-San Bernardino-Ontario, CA",42.3652,
ifa_pac_k5,92627,ifa,CA,IFA,IFA_02,IFA,,06059,31080,0616532,"IFA Los Angeles-Long Beach-Anaheim, CA / Riverside-San Bernardino-Ontario, CA",0.309235,
ifa_pac_k5,92629,ifa,CA,IFA,IFA_03,IFA,,06059,31080,0617946,"IFA San Diego-Chula Vista-Carlsbad, CA",7.67148,
ifa_pac_k5,92630,ifa,CA,IFA,IFA_02,IFA,,06059,31080,0639496,"IFA Los Angeles-Long Beach-Anaheim, CA / Riverside-San Bernardino-Ontario, CA",21.6307,
ifa_pac_k5,92637,ifa,CA,IFA,IFA_02,IFA,,06059,31080,0639259,"IFA Los Angeles-Long Beach-Anaheim, CA / Riverside-San Bernardino-Ontario, CA",0.0,no cell in the extract: territory at zero opportunity
ifa_pac_k5,92646,ifa,CA,IFA,IFA_02,IFA,,06059,31080,0636000,"IFA Los Angeles-Long Beach-Anaheim, CA / Riverside-San Bernardino-Ontario, CA",0.749075,
ifa_pac_k5,92647,ifa,CA,IFA,IFA_02,IFA,,06059,31080,0636000,"IFA Los Angeles-Long Beach-Anaheim, CA / Riverside-San Bernardino-Ontario, CA",33.7188,
ifa_pac_k5,92648,ifa,CA,IFA,IFA_02,IFA,,06059,31080,0636000,"IFA Los Angeles-Long Beach-Anaheim, CA / Riverside-San Bernardino-Ontario, CA",2.27278,
ifa_pac_k5,92649,ifa,CA,IFA,IFA_02,IFA,,06059,31080,0636000,"IFA Los Angeles-Long Beach-Anaheim, CA / Riverside-San Bernardino-Ontario, CA",2.69843,
ifa_pac_k5,92651,ifa,CA,IFA,IFA_03,IFA,,06059,31080,0639178,"IFA San Diego-Chula Vista-Carlsbad, CA",2.43329,
ifa_pac_k5,92653,ifa,CA,IFA,IFA_02,IFA,,06059,31080,0639220,"IFA Los Angeles-Long Beach-Anaheim, CA / Riverside-San Bernardino-Ontario, CA",13.5,
ifa_pac_k5,92655,ifa,CA,IFA,IFA_04,IFA,,06059,31080,0647430,"IFA Los Angeles-Long Beach-Anaheim, CA / San Francisco-Oakland-Fremont, CA",0.0,no cell in the extract: territory at zero opportunity
ifa_pac_k5,92656,ifa,CA,IFA,IFA_02,IFA,,06059,31080,0600947,"IFA Los Angeles-Long Beach-Anaheim, CA / Riverside-San Bernardino-Ontario, CA",6.76208,
ifa_pac_k5,92657,ifa,CA,IFA,IFA_03,IFA,,06059,31080,0651182,"IFA San Diego-Chula Vista-Carlsbad, CA",0.0,no cell in the extract: territory at zero opportunity
ifa_pac_k5,92660,ifa,CA,IFA,IFA_02,IFA,,06059,31080,0651182,"IFA Los Angeles-Long Beach-Anaheim, CA / Riverside-San Bernardino-Ontario, CA",91.2902,
ifa_pac_k5,92661,ifa,CA,IFA,IFA_02,IFA,,06059,31080,0651182,"IFA Los Angeles-Long Beach-Anaheim, CA / Riverside-San Bernardino-Ontario, CA",0.0,no cell in the extract: territory at zero opportunity
ifa_pac_k5,92662,ifa,CA,IFA,IFA_02,IFA,,06059,31080,0651182,"IFA Los Angeles-Long Beach-Anaheim, CA / Riverside-San Bernardino-Ontario, CA",0.0,no cell in the extract: territory at zero opportunity
ifa_pac_k5,92663,ifa,CA,IFA,IFA_02,IFA,,06059,31080,0651182,"IFA Los Angeles-Long Beach-Anaheim, CA / Riverside-San Bernardino-Ontario, CA",3.85345,
ifa_pac_k5,92672,ifa,CA,IFA,IFA_03,IFA,,06073,41740,0665084,"IFA San Diego-Chula Vista-Carlsbad, CA",9.65117,
ifa_pac_k5,92673,ifa,CA,IFA,IFA_03,IFA,,06059,31080,0665084,"IFA San Diego-Chula Vista-Carlsbad, CA",6.34359,
ifa_pac_k5,92675,ifa,CA,IFA,IFA_03,IFA,,06059,31080,0668028,"IFA San Diego-Chula Vista-Carlsbad, CA",20.1957,
ifa_pac_k5,92676,ifa,CA,IFA,IFA_02,IFA,,06059,31080,0671918,"IFA Los Angeles-Long Beach-Anaheim, CA / Riverside-San Bernardino-Ontario, CA",0.0,no cell in the extract: territory at zero opportunity
ifa_pac_k5,92677,ifa,CA,IFA,IFA_03,IFA,,06059,31080,0639248,"IFA San Diego-Chula Vista-Carlsbad, CA",25.1436,
ifa_pac_k5,92678,ifa,CA,IFA,IFA_02,IFA,,06059,31080,0680210,"IFA Los Angeles-Long Beach-Anaheim, CA / Riverside-San Bernardino-Ontario, CA",0.0,no cell in the extract: territory at zero opportunity
ifa_pac_k5,92679,ifa,CA,IFA,IFA_02,IFA,,06059,31080,0616580,"IFA Los Angeles-Long Beach-Anaheim, CA / Riverside-San Bernardino-Ontario, CA",2.84684,
ifa_pac_k5,92683,ifa,CA,IFA,IFA_04,IFA,,06059,31080,0684550,"IFA Los Angeles-Long Beach-Anaheim, CA / San Francisco-Oakland-Fremont, CA",0.0,no cell in the extract: territory at zero opportunity
ifa_pac_k5,92688,ifa,CA,IFA,IFA_02,IFA,,06059,31080,0659587,"IFA Los Angeles-Long Beach-Anaheim, CA / Riverside-San Bernardino-Ontario, CA",1.87123,
ifa_pac_k5,92691,ifa,CA,IFA,IFA_02,IFA,,06059,31080,0648256,"IFA Los Angeles-Long Beach-Anaheim, CA / Riverside-San Bernardino-Ontario, CA",11.6425,
ifa_pac_k5,92692,ifa,CA,IFA,IFA_02,IFA,,06059,31080,0648256,"IFA Los Angeles-Long Beach-Anaheim, CA / Riverside-San Bernardino-Ontario, CA",8.36245,
ifa_pac_k5,92694,ifa,CA,IFA,IFA_03,IFA,,06059,31080,0659503,"IFA San Diego-Chula Vista-Carlsbad, CA",0.0244124,
ifa_pac_k5,92697,ifa,CA,IFA,IFA_02,IFA,,06059,31080,0636770,"IFA Los Angeles-Long Beach-Anaheim, CA / Riverside-San Bernardino-Ontario, CA",0.0,no cell in the extract: territory at zero opportunity
ifa_pac_k5,92701,ifa,CA,IFA,IFA_02,IFA,,06059,31080,0669000,"IFA Los Angeles-Long Beach-Anaheim, CA / Riverside-San Bernardino-Ontario, CA",7.39062,
ifa_pac_k5,92703,ifa,CA,IFA,IFA_02,IFA,,06059,31080,0669000,"IFA Los Angeles-Long Beach-Anaheim, CA / Riverside-San Bernardino-Ontario, CA",0.0,no cell in the extract: territory at zero opportunity
ifa_pac_k5,92704,ifa,CA,IFA,IFA_02,IFA,,06059,31080,0669000,"IFA Los Angeles-Long Beach-Anaheim, CA / Riverside-San Bernardino-Ontario, CA",0.988852,
ifa_pac_k5,92705,ifa,CA,IFA,IFA_03,IFA,,06059,31080,0652379,"IFA San Diego-Chula Vista-Carlsbad, CA",16.9148,
ifa_pac_k5,92706,ifa,CA,IFA,IFA_02,IFA,,06059,31080,0669000,"IFA Los Angeles-Long Beach-Anaheim, CA / Riverside-San Bernardino-Ontario, CA",0.0424394,
ifa_pac_k5,92707,ifa,CA,IFA,IFA_02,IFA,,06059,31080,0669000,"IFA Los Angeles-Long Beach-Anaheim, CA / Riverside-San Bernardino-Ontario, CA",7.19934,
ifa_pac_k5,92708,ifa,CA,IFA,IFA_02,IFA,,06059,31080,0625380,"IFA Los Angeles-Long Beach-Anaheim, CA / Riverside-San Bernardino-Ontario, CA",18.1982,
ifa_pac_k5,92780,ifa,CA,IFA,IFA_02,IFA,,06059,31080,0680854,"IFA Los Angeles-Long Beach-Anaheim, CA / Riverside-San Bernardino-Ontario, CA",31.4435,
ifa_pac_k5,92782,ifa,CA,IFA,IFA_03,IFA,,06059,31080,0680854,"IFA San Diego-Chula Vista-Carlsbad, CA",1.23083,
ifa_pac_k5,92801,ifa,CA,IFA,IFA_02,IFA,,06059,31080,0602000,"IFA Los Angeles-Long Beach-Anaheim, CA / Riverside-San Bernardino-Ontario, CA",0.574802,
ifa_pac_k5,92802,ifa,CA,IFA,IFA_02,IFA,,06059,31080,0602000,"IFA Los Angeles-Long Beach-Anaheim, CA / Riverside-San Bernardino-Ontario, CA",0.139568,
ifa_pac_k5,92804,ifa,CA,IFA,IFA_02,IFA,,06059,31080,0602000,"IFA Los Angeles-Long Beach-Anaheim, CA / Riverside-San Bernardino-Ontario, CA",0.0,no cell in the extract: territory at zero opportunity
ifa_pac_k5,92805,ifa,CA,IFA,IFA_02,IFA,,06059,31080,0602000,"IFA Los Angeles-Long Beach-Anaheim, CA / Riverside-San Bernardino-Ontario, CA",0.390078,
ifa_pac_k5,92806,ifa,CA,IFA,IFA_03,IFA,,06059,31080,0602000,"IFA San Diego-Chula Vista-Carlsbad, CA",13.2567,
ifa_pac_k5,92807,ifa,CA,IFA,IFA_03,IFA,,06059,31080,0602000,"IFA San Diego-Chula Vista-Carlsbad, CA",15.5175,
ifa_pac_k5,92808,ifa,CA,IFA,IFA_03,IFA,,06059,31080,0602000,"IFA San Diego-Chula Vista-Carlsbad, CA",18.0715,
ifa_pac_k5,92821,ifa,CA,IFA,IFA_03,IFA,,06059,31080,0608100,"IFA San Diego-Chula Vista-Carlsbad, CA",44.3625,
ifa_pac_k5,92823,ifa,CA,IFA,IFA_03,IFA,,06059,31080,0608100,"IFA San Diego-Chula Vista-Carlsbad, CA",0.0,no cell in the extract: territory at zero opportunity
ifa_pac_k5,92831,ifa,CA,IFA,IFA_02,IFA,,06059,31080,0628000,"IFA Los Angeles-Long Beach-Anaheim, CA / Riverside-San Bernardino-Ontario, CA",24.2896,
ifa_pac_k5,92832,ifa,CA,IFA,IFA_02,IFA,,06059,31080,0628000,"IFA Los Angeles-Long Beach-Anaheim, CA / Riverside-San Bernardino-Ontario, CA",2.55847,
ifa_pac_k5,92833,ifa,CA,IFA,IFA_02,IFA,,06059,31080,0628000,"IFA Los Angeles-Long Beach-Anaheim, CA / Riverside-San Bernardino-Ontario, CA",1.25315,
ifa_pac_k5,92835,ifa,CA,IFA,IFA_02,IFA,,06059,31080,0628000,"IFA Los Angeles-Long Beach-Anaheim, CA / Riverside-San Bernardino-Ontario, CA",2.89024,
ifa_pac_k5,92840,ifa,CA,IFA,IFA_02,IFA,,06059,31080,0629000,"IFA Los Angeles-Long Beach-Anaheim, CA / Riverside-San Bernardino-Ontario, CA",1.47329,
ifa_pac_k5,92841,ifa,CA,IFA,IFA_02,IFA,,06059,31080,0629000,"IFA Los Angeles-Long Beach-Anaheim, CA / Riverside-San Bernardino-Ontario, CA",0.0,no cell in the extract: territory at zero opportunity
ifa_pac_k5,92843,ifa,CA,IFA,IFA_02,IFA,,06059,31080,0629000,"IFA Los Angeles-Long Beach-Anaheim, CA / Riverside-San Bernardino-Ontario, CA",0.0,no cell in the extract: territory at zero opportunity
ifa_pac_k5,92844,ifa,CA,IFA,IFA_02,IFA,,06059,31080,0629000,"IFA Los Angeles-Long Beach-Anaheim, CA / Riverside-San Bernardino-Ontario, CA",0.344995,
ifa_pac_k5,92845,ifa,CA,IFA,IFA_04,IFA,,06059,31080,0629000,"IFA Los Angeles-Long Beach-Anaheim, CA / San Francisco-Oakland-Fremont, CA",0.0,no cell in the extract: territory at zero opportunity
ifa_pac_k5,92860,ifa,CA,IFA,IFA_03,IFA,,06065,40140,0651560,"IFA San Diego-Chula Vista-Carlsbad, CA",9.39869,
ifa_pac_k5,92861,ifa,CA,IFA,IFA_03,IFA,,06059,31080,0682744,"IFA San Diego-Chula Vista-Carlsbad, CA",0.0,no cell in the extract: territory at zero opportunity
ifa_pac_k5,92865,ifa,CA,IFA,IFA_03,IFA,,06059,31080,0653980,"IFA San Diego-Chula Vista-Carlsbad, CA",14.8182,
ifa_pac_k5,92866,ifa,CA,IFA,IFA_03,IFA,,06059,31080,0653980,"IFA San Diego-Chula Vista-Carlsbad, CA",5.6865,
ifa_pac_k5,92867,ifa,CA,IFA,IFA_03,IFA,,06059,31080,0653980,"IFA San Diego-Chula Vista-Carlsbad, CA",15.8122,
ifa_pac_k5,92868,ifa,CA,IFA,IFA_02,IFA,,06059,31080,0653980,"IFA Los Angeles-Long Beach-Anaheim, CA / Riverside-San Bernardino-Ontario, CA",22.2502,
ifa_pac_k5,92869,ifa,CA,IFA,IFA_03,IFA,,06059,31080,0653980,"IFA San Diego-Chula Vista-Carlsbad, CA",0.639932,
ifa_pac_k5,92870,ifa,CA,IFA,IFA_03,IFA,,06059,31080,0657526,"IFA San Diego-Chula Vista-Carlsbad, CA",15.9215,
ifa_pac_k5,92879,ifa,CA,IFA,IFA_03,IFA,,06065,40140,0616350,"IFA San Diego-Chula Vista-Carlsbad, CA",7.51001,
ifa_pac_k5,92880,ifa,CA,IFA,IFA_03,IFA,,06065,40140,0621230,"IFA San Diego-Chula Vista-Carlsbad, CA",1.16098,
ifa_pac_k5,92881,ifa,CA,IFA,IFA_02,IFA,,06065,40140,0616350,"IFA Los Angeles-Long Beach-Anaheim, CA / Riverside-San Bernardino-Ontario, CA",0.256411,
ifa_pac_k5,92882,ifa,CA,IFA,IFA_03,IFA,,06065,40140,0616350,"IFA San Diego-Chula Vista-Carlsbad, CA",0.0,no cell in the extract: territory at zero opportunity
ifa_pac_k5,92883,ifa,CA,IFA,IFA_02,IFA,,06065,40140,0678138,"IFA Los Angeles-Long Beach-Anaheim, CA / Riverside-San Bernardino-Ontario, CA",16.4844,
ifa_pac_k5,92886,ifa,CA,IFA,IFA_03,IFA,,06059,31080,0686832,"IFA San Diego-Chula Vista-Carlsbad, CA",0.0357953,
ifa_pac_k5,92887,ifa,CA,IFA,IFA_03,IFA,,06059,31080,0686832,"IFA San Diego-Chula Vista-Carlsbad, CA",2.04515,
ifa_pac_k5,93001,ifa,CA,IFA,IFA_01,IFA,,06111,37100,0665042,"IFA San Francisco-Oakland-Fremont, CA",5.67667,
ifa_pac_k5,93003,ifa,CA,IFA,IFA_01,IFA,,06111,37100,0665042,"IFA San Francisco-Oakland-Fremont, CA",1.01616,
ifa_pac_k5,93004,ifa,CA,IFA,IFA_01,IFA,,06111,37100,0665042,"IFA San Francisco-Oakland-Fremont, CA",0.0,no cell in the extract: territory at zero opportunity
ifa_pac_k5,93010,ifa,CA,IFA,IFA_01,IFA,,06111,37100,0610046,"IFA San Francisco-Oakland-Fremont, CA",13.0936,
ifa_pac_k5,93012,ifa,CA,IFA,IFA_01,IFA,,06111,37100,0610046,"IFA San Francisco-Oakland-Fremont, CA",3.50456,
ifa_pac_k5,93013,ifa,CA,IFA,IFA_01,IFA,,06083,42200,0679529,"IFA San Francisco-Oakland-Fremont, CA",0.0568437,
ifa_pac_k5,93015,ifa,CA,IFA,IFA_01,IFA,,06111,37100,0624092,"IFA San Francisco-Oakland-Fremont, CA",0.0,no cell in the extract: territory at zero opportunity
ifa_pac_k5,93021,ifa,CA,IFA,IFA_01,IFA,,06111,37100,0649138,"IFA San Francisco-Oakland-Fremont, CA",0.494912,
ifa_pac_k5,93022,ifa,CA,IFA,IFA_04,IFA,,06111,37100,0653182,"IFA Los Angeles-Long Beach-Anaheim, CA / San Francisco-Oakland-Fremont, CA",0.0,no cell in the extract: territory at zero opportunity
ifa_pac_k5,93023,ifa,CA,IFA,IFA_04,IFA,,06111,37100,0648046,"IFA Los Angeles-Long Beach-Anaheim, CA / San Francisco-Oakland-Fremont, CA",0.0,no cell in the extract: territory at zero opportunity
ifa_pac_k5,93030,ifa,CA,IFA,IFA_01,IFA,,06111,37100,0654652,"IFA San Francisco-Oakland-Fremont, CA",0.227102,
ifa_pac_k5,93033,ifa,CA,IFA,IFA_01,IFA,,06111,37100,0654652,"IFA San Francisco-Oakland-Fremont, CA",0.0,no cell in the extract: territory at zero opportunity
ifa_pac_k5,93035,ifa,CA,IFA,IFA_01,IFA,,06111,37100,0654652,"IFA San Francisco-Oakland-Fremont, CA",5.37031,
ifa_pac_k5,93036,ifa,CA,IFA,IFA_01,IFA,,06111,37100,0654652,"IFA San Francisco-Oakland-Fremont, CA",5.02134,
ifa_pac_k5,93040,ifa,CA,IFA,IFA_04,IFA,,06111,37100,0657372,"IFA Los Angeles-Long Beach-Anaheim, CA / San Francisco-Oakland-Fremont, CA",0.0,no cell in the extract: territory at zero opportunity
ifa_pac_k5,93041,ifa,CA,IFA,IFA_01,IFA,,06111,37100,0658296,"IFA San Francisco-Oakland-Fremont, CA",0.657385,
ifa_pac_k5,93042,ifa,CA,IFA,IFA_01,IFA,,06111,37100,0654652,"IFA San Francisco-Oakland-Fremont, CA",0.0,no cell in the extract: territory at zero opportunity
ifa_pac_k5,93043,ifa,CA,IFA,IFA_01,IFA,,06111,37100,0658296,"IFA San Francisco-Oakland-Fremont, CA",0.0,no cell in the extract: territory at zero opportunity
ifa_pac_k5,93060,ifa,CA,IFA,IFA_01,IFA,,06111,37100,0670042,"IFA San Francisco-Oakland-Fremont, CA",0.0929925,
ifa_pac_k5,93063,ifa,CA,IFA,IFA_01,IFA,,06111,37100,0672016,"IFA San Francisco-Oakland-Fremont, CA",1.32558,
ifa_pac_k5,93064,ifa,CA,IFA,IFA_01,IFA,,06111,37100,,"IFA San Francisco-Oakland-Fremont, CA",0.0,no cell in the extract: territory at zero opportunity
ifa_pac_k5,93065,ifa,CA,IFA,IFA_01,IFA,,06111,37100,0672016,"IFA San Francisco-Oakland-Fremont, CA",7.53997,
ifa_pac_k5,93066,ifa,CA,IFA,IFA_01,IFA,,06111,37100,0672632,"IFA San Francisco-Oakland-Fremont, CA",8.48235,
ifa_pac_k5,93067,ifa,CA,IFA,IFA_01,IFA,,06083,42200,0675714,"IFA San Francisco-Oakland-Fremont, CA",0.0,no cell in the extract: territory at zero opportunity
ifa_pac_k5,93101,ifa,CA,IFA,IFA_01,IFA,,06083,42200,0669070,"IFA San Francisco-Oakland-Fremont, CA",6.68118,
ifa_pac_k5,93103,ifa,CA,IFA,IFA_01,IFA,,06083,42200,0669070,"IFA San Francisco-Oakland-Fremont, CA",0.507585,
ifa_pac_k5,93105,ifa,CA,IFA,IFA_01,IFA,,06083,42200,0669070,"IFA San Francisco-Oakland-Fremont, CA",1.82198,
ifa_pac_k5,93106,ifa,CA,IFA,IFA_01,IFA,,06083,42200,0681316,"IFA San Francisco-Oakland-Fremont, CA",0.0,no cell in the extract: territory at zero opportunity
ifa_pac_k5,93108,ifa,CA,IFA,IFA_01,IFA,,06083,42200,0648844,"IFA San Francisco-Oakland-Fremont, CA",0.336656,
ifa_pac_k5,93109,ifa,CA,IFA,IFA_01,IFA,,06083,42200,0669070,"IFA San Francisco-Oakland-Fremont, CA",0.143633,
ifa_pac_k5,93110,ifa,CA,IFA,IFA_01,IFA,,06083,42200,0620574,"IFA San Francisco-Oakland-Fremont, CA",0.0,no cell in the extract: territory at zero opportunity
ifa_pac_k5,93111,ifa,CA,IFA,IFA_01,IFA,,06083,42200,0620574,"IFA San Francisco-Oakland-Fremont, CA",0.0,no cell in the extract: territory at zero opportunity
ifa_pac_k5,93117,ifa,CA,IFA,IFA_01,IFA,,06083,42200,0630378,"IFA San Francisco-Oakland-Fremont, CA",1.3577,
ifa_pac_k5,93201,ifa,CA,IFA,IFA_03,IFA,,06107,47300,0601164,"IFA San Diego-Chula Vista-Carlsbad, CA",0.0,no cell in the extract: territory at zero opportunity
ifa_pac_k5,93202,ifa,CA,IFA,IFA_03,IFA,,06031,25260,0602700,"IFA San Diego-Chula Vista-Carlsbad, CA",0.0,no cell in the extract: territory at zero opportunity
ifa_pac_k5,93203,ifa,CA,IFA,IFA_02,IFA,,06029,12540,0602924,"IFA Los Angeles-Long Beach-Anaheim, CA / Riverside-San Bernardino-Ontario, CA",0.0,no cell in the extract: territory at zero opportunity
ifa_pac_k5,93204,ifa,CA,IFA,IFA_04,IFA,,06031,25260,0603302,"IFA Los Angeles-Long Beach-Anaheim, CA / San Francisco-Oakland-Fremont, CA",0.0,no cell in the extract: territory at zero opportunity
ifa_pac_k5,93205,ifa,CA,IFA,IFA_03,IFA,,06029,12540,0607274,"IFA San Diego-Chula Vista-Carlsbad, CA",0.0,no cell in the extract: territory at zero opportunity
ifa_pac_k5,93206,ifa,CA,IFA,IFA_03,IFA,,06029,12540,0609332,"IFA San Diego-Chula Vista-Carlsbad, CA",0.0,no cell in the extract: territory at zero opportunity
ifa_pac_k5,93207,ifa,CA,IFA,IFA_03,IFA,,06107,47300,0657134,"IFA San Diego-Chula Vista-Carlsbad, CA",0.0,no cell in the extract: territory at zero opportunity
ifa_pac_k5,93208,ifa,CA,IFA,IFA_03,IFA,,06107,47300,0610494,"IFA San Diego-Chula Vista-Carlsbad, CA",0.0,no cell in the extract: territory at zero opportunity
ifa_pac_k5,93210,ifa,CA,IFA,IFA_04,IFA,,06019,23420,0614274,"IFA Los Angeles-Long Beach-Anaheim, CA / San Francisco-Oakland-Fremont, CA",0.0,no cell in the extract: territory at zero opportunity
ifa_pac_k5,93212,ifa,CA,IFA,IFA_03,IFA,,06031,25260,0616224,"IFA San Diego-Chula Vista-Carlsbad, CA",0.0,no cell in the extract: territory at zero opportunity
ifa_pac_k5,93215,ifa,CA,IFA,IFA_03,IFA,,06029,12540,0618394,"IFA San Diego-Chula Vista-Carlsbad, CA",0.0,no cell in the extract: territory at zero opportunity
ifa_pac_k5,93218,ifa,CA,IFA,IFA_03,IFA,,06107,47300,0620032,"IFA San Diego-Chula Vista-Carlsbad, CA",0.0,no cell in the extract: territory at zero opportunity
ifa_pac_k5,93219,ifa,CA,IFA,IFA_03,IFA,,06107,47300,0601010,"IFA San Diego-Chula Vista-Carlsbad, CA",0.0,no cell in the extract: territory at zero opportunity
ifa_pac_k5,93220,ifa,CA,IFA,IFA_02,IFA,,06029,12540,0677934,"IFA Los Angeles-Long Beach-Anaheim, CA / Riverside-San Bernardino-Ontario, CA",0.0,no cell in the extract: territory at zero opportunity
ifa_pac_k5,93221,ifa,CA,IFA,IFA_03,IFA,,06107,47300,0623126,"IFA San Diego-Chula Vista-Carlsbad, CA",0.480454,
ifa_pac_k5,93222,ifa,CA,IFA,IFA_04,IFA,,06029,12540,0657240,"IFA Los Angeles-Long Beach-Anaheim, CA / San Francisco-Oakland-Fremont, CA",0.0632582,
ifa_pac_k5,93223,ifa,CA,IFA,IFA_03,IFA,,06107,47300,0623616,"IFA San Diego-Chula Vista-Carlsbad, CA",0.0,no cell in the extract: territory at zero opportunity
ifa_pac_k5,93224,ifa,CA,IFA,IFA_03,IFA,,06029,12540,0618926,"IFA San Diego-Chula Vista-Carlsbad, CA",0.0,no cell in the extract: territory at zero opportunity
ifa_pac_k5,93225,ifa,CA,IFA,IFA_02,IFA,,06111,37100,0625534,"IFA Los Angeles-Long Beach-Anaheim, CA / Riverside-San Bernardino-Ontario, CA",0.867945,
ifa_pac_k5,93226,ifa,CA,IFA,IFA_02,IFA,,06029,12540,0630126,"IFA Los Angeles-Long Beach-Anaheim, CA / Riverside-San Bernardino-Ontario, CA",0.0,no cell in the extract: territory at zero opportunity
ifa_pac_k5,93227,ifa,CA,IFA,IFA_05,IFA,,06107,47300,0630476,"IFA Seattle-Tacoma-Bellevue, WA",0.0,no cell in the extract: territory at zero opportunity
ifa_pac_k5,93230,ifa,CA,IFA,IFA_03,IFA,,06031,25260,0631960,"IFA San Diego-Chula Vista-Carlsbad, CA",2.6519,
ifa_pac_k5,93234,ifa,CA,IFA,IFA_04,IFA,,06019,23420,0636084,"IFA Los Angeles-Long Beach-Anaheim, CA / San Francisco-Oakland-Fremont, CA",0.0,no cell in the extract: territory at zero opportunity
ifa_pac_k5,93235,ifa,CA,IFA,IFA_03,IFA,,06107,47300,0636910,"IFA San Diego-Chula Vista-Carlsbad, CA",0.0,no cell in the extract: territory at zero opportunity
ifa_pac_k5,93237,ifa,CA,IFA,IFA_03,IFA,,06107,47300,0678638,"IFA San Diego-Chula Vista-Carlsbad, CA",0.0,no cell in the extract: territory at zero opportunity
ifa_pac_k5,93238,ifa,CA,IFA,IFA_03,IFA,,06107,47300,0638310,"IFA San Diego-Chula Vista-Carlsbad, CA",0.0,no cell in the extract: territory at zero opportunity
ifa_pac_k5,93239,ifa,CA,IFA,IFA_04,IFA,,06031,25260,0603302,"IFA Los Angeles-Long Beach-Anaheim, CA / San Francisco-Oakland-Fremont, CA",0.0,no cell in the extract: territory at zero opportunity
ifa_pac_k5,93240,ifa,CA,IFA,IFA_03,IFA,,06029,12540,0639570,"IFA San Diego-Chula Vista-Carlsbad, CA",0.0,no cell in the extract: territory at zero opportunity
ifa_pac_k5,93241,ifa,CA,IFA,IFA_02,IFA,,06029,12540,0683863,"IFA Los Angeles-Long Beach-Anaheim, CA / Riverside-San Bernardino-Ontario, CA",0.0,no cell in the extract: territory at zero opportunity
ifa_pac_k5,93242,ifa,CA,IFA,IFA_05,IFA,,06019,23420,0640746,"IFA Seattle-Tacoma-Bellevue, WA",0.0,no cell in the extract: territory at zero opportunity
ifa_pac_k5,93243,ifa,CA,IFA,IFA_02,IFA,,06029,12540,0640956,"IFA Los Angeles-Long Beach-Anaheim, CA / Riverside-San Bernardino-Ontario, CA",0.0,no cell in the extract: territory at zero opportunity
ifa_pac_k5,93244,ifa,CA,IFA,IFA_03,IFA,,06107,47300,0641110,"IFA San Diego-Chula Vista-Carlsbad, CA",0.0,no cell in the extract: territory at zero opportunity
ifa_pac_k5,93245,ifa,CA,IFA,IFA_03,IFA,,06031,25260,0641152,"IFA San Diego-Chula Vista-Carlsbad, CA",0.0,no cell in the extract: territory at zero opportunity
ifa_pac_k5,93246,ifa,CA,IFA,IFA_03,IFA,,06031,25260,0641166,"IFA San Diego-Chula Vista-Carlsbad, CA",0.0,no cell in the extract: territory at zero opportunity
ifa_pac_k5,93247,ifa,CA,IFA,IFA_03,IFA,,06107,47300,0641712,"IFA San Diego-Chula Vista-Carlsbad, CA",0.0,no cell in the extract: territory at zero opportunity
ifa_pac_k5,93249,ifa,CA,IFA,IFA_03,IFA,,06029,12540,0644280,"IFA San Diego-Chula Vista-Carlsbad, CA",0.0,no cell in the extract: territory at zero opportunity
ifa_pac_k5,93250,ifa,CA,IFA,IFA_03,IFA,,06029,12540,0644826,"IFA San Diego-Chula Vista-Carlsbad, CA",0.0,no cell in the extract: territory at zero opportunity
ifa_pac_k5,93251,ifa,CA,IFA,IFA_03,IFA,,06029,12540,0644924,"IFA San Diego-Chula Vista-Carlsbad, CA",0.0,no cell in the extract: territory at zero opportunity
ifa_pac_k5,93252,ifa,CA,IFA,IFA_04,IFA,,06111,37100,0645736,"IFA Los Angeles-Long Beach-Anaheim, CA / San Francisco-Oakland-Fremont, CA",0.0,no cell in the extract: territory at zero opportunity
ifa_pac_k5,93254,ifa,CA,IFA,IFA_04,IFA,,06083,42200,0651028,"IFA Los Angeles-Long Beach-Anaheim, CA / San Francisco-Oakland-Fremont, CA",0.0,no cell in the extract: territory at zero opportunity
ifa_pac_k5,93255,ifa,CA,IFA,IFA_03,IFA,,06029,12540,0653910,"IFA San Diego-Chula Vista-Carlsbad, CA",0.0,no cell in the extract: territory at zero opportunity
ifa_pac_k5,93256,ifa,CA,IFA,IFA_03,IFA,,06107,47300,0657512,"IFA San Diego-Chula Vista-Carlsbad, CA",0.0,no cell in the extract: territory at zero opportunity
ifa_pac_k5,93257,ifa,CA,IFA,IFA_03,IFA,,06107,47300,0658240,"IFA San Diego-Chula Vista-Carlsbad, CA",0.0389409,
ifa_pac_k5,93258,ifa,CA,IFA,IFA_03,IFA,,06107,47300,0658191,"IFA San Diego-Chula Vista-Carlsbad, CA",0.0,no cell in the extract: territory at zero opportunity
ifa_pac_k5,93260,ifa,CA,IFA,IFA_03,IFA,,06107,47300,0644770,"IFA San Diego-Chula Vista-Carlsbad, CA",0.0,no cell in the extract: territory at zero opportunity
ifa_pac_k5,93261,ifa,CA,IFA,IFA_03,IFA,,06107,47300,0660606,"IFA San Diego-Chula Vista-Carlsbad, CA",0.0,no cell in the extract: territory at zero opportunity
ifa_pac_k5,93262,ifa,CA,IFA,IFA_03,IFA,,06107,47300,0671932,"IFA San Diego-Chula Vista-Carlsbad, CA",0.0,no cell in the extract: territory at zero opportunity
ifa_pac_k5,93263,ifa,CA,IFA,IFA_03,IFA,,06029,12540,0671106,"IFA San Diego-Chula Vista-Carlsbad, CA",0.0,no cell in the extract: territory at zero opportunity
ifa_pac_k5,93265,ifa,CA,IFA,IFA_03,IFA,,06107,47300,0673710,"IFA San Diego-Chula Vista-Carlsbad, CA",0.0,no cell in the extract: territory at zero opportunity
ifa_pac_k5,93266,ifa,CA,IFA,IFA_03,IFA,,06031,25260,0675252,"IFA San Diego-Chula Vista-Carlsbad, CA",0.0,no cell in the extract: territory at zero opportunity
ifa_pac_k5,93267,ifa,CA,IFA,IFA_03,IFA,,06107,47300,0675280,"IFA San Diego-Chula Vista-Carlsbad, CA",0.0,no cell in the extract: territory at zero opportunity
ifa_pac_k5,93268,ifa,CA,IFA,IFA_03,IFA,,06029,12540,0677574,"IFA San Diego-Chula Vista-Carlsbad, CA",0.0,no cell in the extract: territory at zero opportunity
ifa_pac_k5,93270,ifa,CA,IFA,IFA_03,IFA,,06107,47300,0678288,"IFA San Diego-Chula Vista-Carlsbad, CA",0.0,no cell in the extract: territory at zero opportunity
ifa_pac_k5,93271,ifa,CA,IFA,IFA_03,IFA,,06107,47300,0678638,"IFA San Diego-Chula Vista-Carlsbad, CA",0.215041,
ifa_pac_k5,93272,ifa,CA,IFA,IFA_03,IFA,,06107,47300,0678750,"IFA San Diego-Chula Vista-Carlsbad, CA",0.0,no cell in the extract: territory at zero opportunity
ifa_pac_k5,93274,ifa,CA,IFA,IFA_03,IFA,,06107,47300,0680644,"IFA San Diego-Chula Vista-Carlsbad, CA",2.81005,
ifa_pac_k5,93276,ifa,CA,IFA,IFA_03,IFA,,06029,12540,0680784,"IFA San Diego-Chula Vista-Carlsbad, CA",0.0,no cell in the extract: territory at zero opportunity
ifa_pac_k5,93277,ifa,CA,IFA,IFA_03,IFA,,06107,47300,0682954,"IFA San Diego-Chula Vista-Carlsbad, CA",2.42789,
ifa_pac_k5,93280,ifa,CA,IFA,IFA_03,IFA,,06029,12540,0683542,"IFA San Diego-Chula Vista-Carlsbad, CA",0.0,no cell in the extract: territory at zero opportunity
ifa_pac_k5,93283,ifa,CA,IFA,IFA_03,IFA,,06029,12540,0683948,"IFA San Diego-Chula Vista-Carlsbad, CA",0.0,no cell in the extract: territory at zero opportunity
ifa_pac_k5,93285,ifa,CA,IFA,IFA_03,IFA,,06029,12540,0686174,"IFA San Diego-Chula Vista-Carlsbad, CA",0.0,no cell in the extract: territory at zero opportunity
ifa_pac_k5,93286,ifa,CA,IFA,IFA_03,IFA,,06107,47300,0686300,"IFA San Diego-Chula Vista-Carlsbad, CA",0.0,no cell in the extract: territory at zero opportunity
ifa_pac_k5,93287,ifa,CA,IFA,IFA_03,IFA,,06029,12540,0686496,"IFA San Diego-Chula Vista-Carlsbad, CA",0.0,no cell in the extract: territory at zero opportunity
ifa_pac_k5,93291,ifa,CA,IFA,IFA_05,IFA,,06107,47300,0682954,"IFA Seattle-Tacoma-Bellevue, WA",17.4001,
ifa_pac_k5,93292,ifa,CA,IFA,IFA_03,IFA,,06107,47300,0682954,"IFA San Diego-Chula Vista-Carlsbad, CA",0.00944996,
ifa_pac_k5,93301,ifa,CA,IFA,IFA_02,IFA,,06029,12540,0603526,"IFA Los Angeles-Long Beach-Anaheim, CA / Riverside-San Bernardino-Ontario, CA",2.75621,
ifa_pac_k5,93304,ifa,CA,IFA,IFA_02,IFA,,06029,12540,0603526,"IFA Los Angeles-Long Beach-Anaheim, CA / Riverside-San Bernardino-Ontario, CA",0.0,no cell in the extract: territory at zero opportunity
ifa_pac_k5,93305,ifa,CA,IFA,IFA_02,IFA,,06029,12540,0603526,"IFA Los Angeles-Long Beach-Anaheim, CA / Riverside-San Bernardino-Ontario, CA",0.0,no cell in the extract: territory at zero opportunity
ifa_pac_k5,93306,ifa,CA,IFA,IFA_02,IFA,,06029,12540,0603526,"IFA Los Angeles-Long Beach-Anaheim, CA / Riverside-San Bernardino-Ontario, CA",1.47401,
ifa_pac_k5,93307,ifa,CA,IFA,IFA_02,IFA,,06029,12540,0603526,"IFA Los Angeles-Long Beach-Anaheim, CA / Riverside-San Bernardino-Ontario, CA",0.0,no cell in the extract: territory at zero opportunity
ifa_pac_k5,93308,ifa,CA,IFA,IFA_02,IFA,,06029,12540,0653448,"IFA Los Angeles-Long Beach-Anaheim, CA / Riverside-San Bernardino-Ontario, CA",0.0,no cell in the extract: territory at zero opportunity
ifa_pac_k5,93309,ifa,CA,IFA,IFA_03,IFA,,06029,12540,0603526,"IFA San Diego-Chula Vista-Carlsbad, CA",12.398,
ifa_pac_k5,93311,ifa,CA,IFA,IFA_03,IFA,,06029,12540,0603526,"IFA San Diego-Chula Vista-Carlsbad, CA",1.65775,
ifa_pac_k5,93312,ifa,CA,IFA,IFA_03,IFA,,06029,12540,0603526,"IFA San Diego-Chula Vista-Carlsbad, CA",0.00182954,
ifa_pac_k5,93313,ifa,CA,IFA,IFA_03,IFA,,06029,12540,0603526,"IFA San Diego-Chula Vista-Carlsbad, CA",0.0,no cell in the extract: territory at zero opportunity
ifa_pac_k5,93314,ifa,CA,IFA,IFA_03,IFA,,06029,12540,0662854,"IFA San Diego-Chula Vista-Carlsbad, CA",0.701324,
ifa_pac_k5,93401,ifa,CA,IFA,IFA_01,IFA,,06079,42020,0668154,"IFA San Francisco-Oakland-Fremont, CA",6.00921,
ifa_pac_k5,93402,ifa,CA,IFA,IFA_01,IFA,,06079,42020,0644182,"IFA San Francisco-Oakland-Fremont, CA",0.412283,
ifa_pac_k5,93405,ifa,CA,IFA,IFA_01,IFA,,06079,42020,0668154,"IFA San Francisco-Oakland-Fremont, CA",0.0,no cell in the extract: territory at zero opportunity
ifa_pac_k5,93407,ifa,CA,IFA,IFA_01,IFA,,06079,42020,0609835,"IFA San Francisco-Oakland-Fremont, CA",0.0,no cell in the extract: territory at zero opportunity
ifa_pac_k5,93408,ifa,CA,IFA,IFA_01,IFA,,06079,42020,,"IFA San Francisco-Oakland-Fremont, CA",0.0,no cell in the extract: territory at zero opportunity
ifa_pac_k5,93409,ifa,CA,IFA,IFA_01,IFA,,06079,42020,,"IFA San Francisco-Oakland-Fremont, CA",0.0,no cell in the extract: territory at zero opportunity
ifa_pac_k5,93410,ifa,CA,IFA,IFA_01,IFA,,06079,42020,0609835,"IFA San Francisco-Oakland-Fremont, CA",0.0,no cell in the extract: territory at zero opportunity
ifa_pac_k5,93420,ifa,CA,IFA,IFA_01,IFA,,06079,42020,0602868,"IFA San Francisco-Oakland-Fremont, CA",6.20147,
ifa_pac_k5,93422,ifa,CA,IFA,IFA_04,IFA,,06079,42020,0603064,"IFA Los Angeles-Long Beach-Anaheim, CA / San Francisco-Oakland-Fremont, CA",0.397725,
ifa_pac_k5,93424,ifa,CA,IFA,IFA_01,IFA,,06079,42020,0603330,"IFA San Francisco-Oakland-Fremont, CA",0.00543162,
ifa_pac_k5,93426,ifa,CA,IFA,IFA_04,IFA,,06053,41500,0653160,"IFA Los Angeles-Long Beach-Anaheim, CA / San Francisco-Oakland-Fremont, CA",0.0,no cell in the extract: territory at zero opportunity
ifa_pac_k5,93427,ifa,CA,IFA,IFA_01,IFA,,06083,42200,0608758,"IFA San Francisco-Oakland-Fremont, CA",0.0,no cell in the extract: territory at zero opportunity
ifa_pac_k5,93428,ifa,CA,IFA,IFA_01,IFA,,06079,42020,0610074,"IFA San Francisco-Oakland-Fremont, CA",0.0,no cell in the extract: territory at zero opportunity
ifa_pac_k5,93429,ifa,CA,IFA,IFA_01,IFA,,06083,42200,0611754,"IFA San Francisco-Oakland-Fremont, CA",0.0,no cell in the extract: territory at zero opportunity
ifa_pac_k5,93430,ifa,CA,IFA,IFA_01,IFA,,06079,42020,0612132,"IFA San Francisco-Oakland-Fremont, CA",0.0,no cell in the extract: territory at zero opportunity
ifa_pac_k5,93432,ifa,CA,IFA,IFA_04,IFA,,06079,42020,0617232,"IFA Los Angeles-Long Beach-Anaheim, CA / San Francisco-Oakland-Fremont, CA",0.0,no cell in the extract: territory at zero opportunity
ifa_pac_k5,93433,ifa,CA,IFA,IFA_01,IFA,,06079,42020,0631393,"IFA San Francisco-Oakland-Fremont, CA",0.522103,
ifa_pac_k5,93434,ifa,CA,IFA,IFA_01,IFA,,06083,42200,0631414,"IFA San Francisco-Oakland-Fremont, CA",0.0,no cell in the extract: territory at zero opportunity
ifa_pac_k5,93436,ifa,CA,IFA,IFA_01,IFA,,06083,42200,0642524,"IFA San Francisco-Oakland-Fremont, CA",0.74412,
ifa_pac_k5,93437,ifa,CA,IFA,IFA_01,IFA,,06083,42200,0682072,"IFA San Francisco-Oakland-Fremont, CA",0.0,no cell in the extract: territory at zero opportunity
ifa_pac_k5,93440,ifa,CA,IFA,IFA_01,IFA,,06083,42200,0643252,"IFA San Francisco-Oakland-Fremont, CA",0.0,no cell in the extract: territory at zero opportunity
ifa_pac_k5,93441,ifa,CA,IFA,IFA_01,IFA,,06083,42200,0644168,"IFA San Francisco-Oakland-Fremont, CA",0.15705,
ifa_pac_k5,93442,ifa,CA,IFA,IFA_01,IFA,,06079,42020,0649362,"IFA San Francisco-Oakland-Fremont, CA",0.0,no cell in the extract: territory at zero opportunity
ifa_pac_k5,93444,ifa,CA,IFA,IFA_01,IFA,,06079,42020,0651476,"IFA San Francisco-Oakland-Fremont, CA",0.0,no cell in the extract: territory at zero opportunity
ifa_pac_k5,93445,ifa,CA,IFA,IFA_01,IFA,,06079,42020,0653294,"IFA San Francisco-Oakland-Fremont, CA",0.00159084,
ifa_pac_k5,93446,ifa,CA,IFA,IFA_04,IFA,,06079,42020,0622300,"IFA Los Angeles-Long Beach-Anaheim, CA / San Francisco-Oakland-Fremont, CA",1.39219,
ifa_pac_k5,93449,ifa,CA,IFA,IFA_01,IFA,,06079,42020,0657414,"IFA San Francisco-Oakland-Fremont, CA",1.28806,
ifa_pac_k5,93450,ifa,CA,IFA,IFA_04,IFA,,06053,41500,0664476,"IFA Los Angeles-Long Beach-Anaheim, CA / San Francisco-Oakland-Fremont, CA",0.0,no cell in the extract: territory at zero opportunity
ifa_pac_k5,93451,ifa,CA,IFA,IFA_04,IFA,,06053,41500,0668266,"IFA Los Angeles-Long Beach-Anaheim, CA / San Francisco-Oakland-Fremont, CA",0.0,no cell in the extract: territory at zero opportunity
ifa_pac_k5,93452,ifa,CA,IFA,IFA_01,IFA,,06079,42020,0668434,"IFA San Francisco-Oakland-Fremont, CA",0.0,no cell in the extract: territory at zero opportunity
ifa_pac_k5,93453,ifa,CA,IFA,IFA_04,IFA,,06079,42020,0669182,"IFA Los Angeles-Long Beach-Anaheim, CA / San Francisco-Oakland-Fremont, CA",0.0,no cell in the extract: territory at zero opportunity
ifa_pac_k5,93454,ifa,CA,IFA,IFA_01,IFA,,06083,42200,0669196,"IFA San Francisco-Oakland-Fremont, CA",0.0,no cell in the extract: territory at zero opportunity
ifa_pac_k5,93455,ifa,CA,IFA,IFA_01,IFA,,06083,42200,0654120,"IFA San Francisco-Oakland-Fremont, CA",0.311571,
ifa_pac_k5,93458,ifa,CA,IFA,IFA_01,IFA,,06083,42200,0669196,"IFA San Francisco-Oakland-Fremont, CA",0.0,no cell in the extract: territory at zero opportunity
ifa_pac_k5,93460,ifa,CA,IFA,IFA_01,IFA,,06083,42200,0670182,"IFA San Francisco-Oakland-Fremont, CA",1.16017,
ifa_pac_k5,93461,ifa,CA,IFA,IFA_04,IFA,,06079,42020,0671134,"IFA Los Angeles-Long Beach-Anaheim, CA / San Francisco-Oakland-Fremont, CA",0.0,no cell in the extract: territory at zero opportunity
ifa_pac_k5,93463,ifa,CA,IFA,IFA_01,IFA,,06083,42200,0672576,"IFA San Francisco-Oakland-Fremont, CA",0.157058,
ifa_pac_k5,93465,ifa,CA,IFA,IFA_04,IFA,,06079,42020,0678162,"IFA Los Angeles-Long Beach-Anaheim, CA / San Francisco-Oakland-Fremont, CA",0.0,no cell in the extract: territory at zero opportunity
ifa_pac_k5,93501,ifa,CA,IFA,IFA_03,IFA,,06029,12540,0648452,"IFA San Diego-Chula Vista-Carlsbad, CA",0.0,no cell in the extract: territory at zero opportunity
ifa_pac_k5,93505,ifa,CA,IFA,IFA_03,IFA,,06029,12540,0609780,"IFA San Diego-Chula Vista-Carlsbad, CA",0.0,no cell in the extract: territory at zero opportunity
ifa_pac_k5,93510,ifa,CA,IFA,IFA_02,IFA,,06037,31080,0600212,"IFA Los Angeles-Long Beach-Anaheim, CA / Riverside-San Bernardino-Ontario, CA",0.0,no cell in the extract: territory at zero opportunity
ifa_pac_k5,93512,ifa,CA,IFA,IFA_05,IFA,,06051,,0605346,"IFA Seattle-Tacoma-Bellevue, WA",0.0,no cell in the extract: territory at zero opportunity
ifa_pac_k5,93513,ifa,CA,IFA,IFA_05,IFA,,06027,13860,0606616,"IFA Seattle-Tacoma-Bellevue, WA",0.0,no cell in the extract: territory at zero opportunity
ifa_pac_k5,93514,ifa,CA,IFA,IFA_05,IFA,,06051,,0612594,"IFA Seattle-Tacoma-Bellevue, WA",1.27625,
ifa_pac_k5,93516,ifa,CA,IFA,IFA_03,IFA,,06029,12540,0607568,"IFA San Diego-Chula Vista-Carlsbad, CA",0.0,no cell in the extract: territory at zero opportunity
ifa_pac_k5,93517,ifa,CA,IFA,IFA_05,IFA,,06051,,0608240,"IFA Seattle-Tacoma-Bellevue, WA",0.0,no cell in the extract: territory at zero opportunity
ifa_pac_k5,93518,ifa,CA,IFA,IFA_03,IFA,,06029,12540,0637946,"IFA San Diego-Chula Vista-Carlsbad, CA",0.0,no cell in the extract: territory at zero opportunity
ifa_pac_k5,93519,ifa,CA,IFA,IFA_03,IFA,,06029,12540,,"IFA San Diego-Chula Vista-Carlsbad, CA",0.0,no cell in the extract: territory at zero opportunity
ifa_pac_k5,93522,ifa,CA,IFA,IFA_03,IFA,,06027,13860,0618030,"IFA San Diego-Chula Vista-Carlsbad, CA",0.0,no cell in the extract: territory at zero opportunity
ifa_pac_k5,93523,ifa,CA,IFA,IFA_03,IFA,,06029,12540,0651812,"IFA San Diego-Chula Vista-Carlsbad, CA",0.0,no cell in the extract: territory at zero opportunity
ifa_pac_k5,93524,ifa,CA,IFA,IFA_03,IFA,,06029,12540,0621600,"IFA San Diego-Chula Vista-Carlsbad, CA",0.0,no cell in the extract: territory at zero opportunity
ifa_pac_k5,93526,ifa,CA,IFA,IFA_05,IFA,,06027,13860,0636350,"IFA Seattle-Tacoma-Bellevue, WA",0.0,no cell in the extract: territory at zero opportunity
ifa_pac_k5,93527,ifa,CA,IFA,IFA_03,IFA,,06107,47300,0636658,"IFA San Diego-Chula Vista-Carlsbad, CA",0.0,no cell in the extract: territory at zero opportunity
ifa_pac_k5,93528,ifa,CA,IFA,IFA_03,IFA,,06029,12540,0637400,"IFA San Diego-Chula Vista-Carlsbad, CA",0.0,no cell in the extract: territory at zero opportunity
ifa_pac_k5,93529,ifa,CA,IFA,IFA_05,IFA,,06051,,0637624,"IFA Seattle-Tacoma-Bellevue, WA",0.0,no cell in the extract: territory at zero opportunity
ifa_pac_k5,93530,ifa,CA,IFA,IFA_03,IFA,,06027,13860,0637918,"IFA San Diego-Chula Vista-Carlsbad, CA",0.0,no cell in the extract: territory at zero opportunity
ifa_pac_k5,93531,ifa,CA,IFA,IFA_03,IFA,,06029,12540,0637946,"IFA San Diego-Chula Vista-Carlsbad, CA",0.0,no cell in the extract: territory at zero opportunity
ifa_pac_k5,93532,ifa,CA,IFA,IFA_02,IFA,,06037,31080,0639556,"IFA Los Angeles-Long Beach-Anaheim, CA / Riverside-San Bernardino-Ontario, CA",0.0,no cell in the extract: territory at zero opportunity
ifa_pac_k5,93534,ifa,CA,IFA,IFA_03,IFA,,06037,31080,0640130,"IFA San Diego-Chula Vista-Carlsbad, CA",5.715,
ifa_pac_k5,93535,ifa,CA,IFA,IFA_02,IFA,,06037,31080,0640130,"IFA Los Angeles-Long Beach-Anaheim, CA / Riverside-San Bernardino-Ontario, CA",1.6676,
ifa_pac_k5,93536,ifa,CA,IFA,IFA_02,IFA,,06037,31080,0640130,"IFA Los Angeles-Long Beach-Anaheim, CA / Riverside-San Bernardino-Ontario, CA",0.582746,
ifa_pac_k5,93541,ifa,CA,IFA,IFA_05,IFA,,06051,,0648602,"IFA Seattle-Tacoma-Bellevue, WA",0.0,no cell in the extract: territory at zero opportunity
ifa_pac_k5,93543,ifa,CA,IFA,IFA_03,IFA,,06037,31080,0677308,"IFA San Diego-Chula Vista-Carlsbad, CA",0.0,no cell in the extract: territory at zero opportunity
ifa_pac_k5,93544,ifa,CA,IFA,IFA_03,IFA,,06037,31080,,"IFA San Diego-Chula Vista-Carlsbad, CA",0.0,no cell in the extract: territory at zero opportunity
ifa_pac_k5,93545,ifa,CA,IFA,IFA_03,IFA,,06027,13860,0642580,"IFA San Diego-Chula Vista-Carlsbad, CA",0.0,no cell in the extract: territory at zero opportunity
ifa_pac_k5,93546,ifa,CA,IFA,IFA_05,IFA,,06051,,0645358,"IFA Seattle-Tacoma-Bellevue, WA",0.0,no cell in the extract: territory at zero opportunity
ifa_pac_k5,93549,ifa,CA,IFA,IFA_03,IFA,,06027,13860,0653490,"IFA San Diego-Chula Vista-Carlsbad, CA",0.0,no cell in the extract: territory at zero opportunity
ifa_pac_k5,93550,ifa,CA,IFA,IFA_03,IFA,,06037,31080,0655156,"IFA San Diego-Chula Vista-Carlsbad, CA",0.0,no cell in the extract: territory at zero opportunity
ifa_pac_k5,93551,ifa,CA,IFA,IFA_02,IFA,,06037,31080,0655156,"IFA Los Angeles-Long Beach-Anaheim, CA / Riverside-San Bernardino-Ontario, CA",2.00516,
ifa_pac_k5,93552,ifa,CA,IFA,IFA_03,IFA,,06037,31080,0655156,"IFA San Diego-Chula Vista-Carlsbad, CA",0.0,no cell in the extract: territory at zero opportunity
ifa_pac_k5,93553,ifa,CA,IFA,IFA_03,IFA,,06037,31080,,"IFA San Diego-Chula Vista-Carlsbad, CA",0.0,no cell in the extract: territory at zero opportunity
ifa_pac_k5,93554,ifa,CA,IFA,IFA_03,IFA,,06029,12540,0659668,"IFA San Diego-Chula Vista-Carlsbad, CA",0.0,no cell in the extract: territory at zero opportunity
ifa_pac_k5,93555,ifa,CA,IFA,IFA_03,IFA,,06029,12540,0660704,"IFA San Diego-Chula Vista-Carlsbad, CA",0.0,no cell in the extract: territory at zero opportunity
ifa_pac_k5,93558,ifa,CA,IFA,IFA_03,IFA,,06071,40140,,"IFA San Diego-Chula Vista-Carlsbad, CA",0.0,no cell in the extract: territory at zero opportunity
ifa_pac_k5,93560,ifa,CA,IFA,IFA_03,IFA,,06029,12540,0662826,"IFA San Diego-Chula Vista-Carlsbad, CA",0.0,no cell in the extract: territory at zero opportunity
ifa_pac_k5,93561,ifa,CA,IFA,IFA_03,IFA,,06029,12540,0604734,"IFA San Diego-Chula Vista-Carlsbad, CA",0.0,no cell in the extract: territory at zero opportunity
ifa_pac_k5,93562,ifa,CA,IFA,IFA_03,IFA,,06071,40140,0670728,"IFA San Diego-Chula Vista-Carlsbad, CA",0.0,no cell in the extract: territory at zero opportunity
ifa_pac_k5,93563,ifa,CA,IFA,IFA_03,IFA,,06037,31080,,"IFA San Diego-Chula Vista-Carlsbad, CA",0.0,no cell in the extract: territory at zero opportunity
ifa_pac_k5,93581,ifa,CA,IFA,IFA_03,IFA,,06029,12540,0678092,"IFA San Diego-Chula Vista-Carlsbad, CA",0.0,no cell in the extract: territory at zero opportunity
ifa_pac_k5,93591,ifa,CA,IFA,IFA_03,IFA,,06037,31080,0655156,"IFA San Diego-Chula Vista-Carlsbad, CA",0.0,no cell in the extract: territory at zero opportunity
ifa_pac_k5,93601,ifa,CA,IFA,IFA_05,IFA,,06039,23420,0600478,"IFA Seattle-Tacoma-Bellevue, WA",0.0,no cell in the extract: territory at zero opportunity
ifa_pac_k5,93602,ifa,CA,IFA,IFA_05,IFA,,06019,23420,0603190,"IFA Seattle-Tacoma-Bellevue, WA",0.0,no cell in the extract: territory at zero opportunity
ifa_pac_k5,93603,ifa,CA,IFA,IFA_03,IFA,,06107,47300,0632324,"IFA San Diego-Chula Vista-Carlsbad, CA",0.0,no cell in the extract: territory at zero opportunity
ifa_pac_k5,93604,ifa,CA,IFA,IFA_05,IFA,,06039,23420,0604198,"IFA Seattle-Tacoma-Bellevue, WA",0.0,no cell in the extract: territory at zero opportunity
ifa_pac_k5,93605,ifa,CA,IFA,IFA_05,IFA,,06019,23420,0606518,"IFA Seattle-Tacoma-Bellevue, WA",0.0,no cell in the extract: territory at zero opportunity
ifa_pac_k5,93606,ifa,CA,IFA,IFA_05,IFA,,06019,23420,0606728,"IFA Seattle-Tacoma-Bellevue, WA",0.0,no cell in the extract: territory at zero opportunity
ifa_pac_k5,93608,ifa,CA,IFA,IFA_03,IFA,,06019,23420,0610816,"IFA San Diego-Chula Vista-Carlsbad, CA",0.0,no cell in the extract: territory at zero opportunity
ifa_pac_k5,93609,ifa,CA,IFA,IFA_05,IFA,,06019,23420,0611614,"IFA Seattle-Tacoma-Bellevue, WA",0.0,no cell in the extract: territory at zero opportunity
ifa_pac_k5,93610,ifa,CA,IFA,IFA_05,IFA,,06039,23420,0613294,"IFA Seattle-Tacoma-Bellevue, WA",0.0,no cell in the extract: territory at zero opportunity
ifa_pac_k5,93611,ifa,CA,IFA,IFA_05,IFA,,06019,23420,0614218,"IFA Seattle-Tacoma-Bellevue, WA",1.83109,
ifa_pac_k5,93612,ifa,CA,IFA,IFA_05,IFA,,06019,23420,0614218,"IFA Seattle-Tacoma-Bellevue, WA",6.3648,
ifa_pac_k5,93614,ifa,CA,IFA,IFA_05,IFA,,06039,23420,0686878,"IFA Seattle-Tacoma-Bellevue, WA",0.0,no cell in the extract: territory at zero opportunity
ifa_pac_k5,93615,ifa,CA,IFA,IFA_05,IFA,,06107,47300,0617708,"IFA Seattle-Tacoma-Bellevue, WA",0.0,no cell in the extract: territory at zero opportunity
ifa_pac_k5,93616,ifa,CA,IFA,IFA_05,IFA,,06019,23420,0618674,"IFA Seattle-Tacoma-Bellevue, WA",0.0,no cell in the extract: territory at zero opportunity
ifa_pac_k5,93618,ifa,CA,IFA,IFA_05,IFA,,06107,47300,0619318,"IFA Seattle-Tacoma-Bellevue, WA",0.0,no cell in the extract: territory at zero opportunity
ifa_pac_k5,93619,ifa,CA,IFA,IFA_05,IFA,,06019,23420,0614218,"IFA Seattle-Tacoma-Bellevue, WA",0.0,no cell in the extract: territory at zero opportunity
ifa_pac_k5,93620,ifa,CA,IFA,IFA_03,IFA,,06047,32900,0619654,"IFA San Diego-Chula Vista-Carlsbad, CA",0.0,no cell in the extract: territory at zero opportunity
ifa_pac_k5,93621,ifa,CA,IFA,IFA_05,IFA,,06019,23420,,"IFA Seattle-Tacoma-Bellevue, WA",0.0,no cell in the extract: territory at zero opportunity
ifa_pac_k5,93622,ifa,CA,IFA,IFA_03,IFA,,06019,23420,0624134,"IFA San Diego-Chula Vista-Carlsbad, CA",0.0,no cell in the extract: territory at zero opportunity
ifa_pac_k5,93623,ifa,CA,IFA,IFA_05,IFA,,06043,,0624218,"IFA Seattle-Tacoma-Bellevue, WA",0.0,no cell in the extract: territory at zero opportunity
ifa_pac_k5,93624,ifa,CA,IFA,IFA_03,IFA,,06019,23420,0684863,"IFA San Diego-Chula Vista-Carlsbad, CA",0.0,no cell in the extract: territory at zero opportunity
ifa_pac_k5,93625,ifa,CA,IFA,IFA_05,IFA,,06019,23420,0625436,"IFA Seattle-Tacoma-Bellevue, WA",0.0,no cell in the extract: territory at zero opportunity
ifa_pac_k5,93626,ifa,CA,IFA,IFA_05,IFA,,06039,23420,0647592,"IFA Seattle-Tacoma-Bellevue, WA",0.0,no cell in the extract: territory at zero opportunity
ifa_pac_k5,93627,ifa,CA,IFA,IFA_03,IFA,,06019,23420,,"IFA San Diego-Chula Vista-Carlsbad, CA",0.0,no cell in the extract: territory at zero opportunity
ifa_pac_k5,93628,ifa,CA,IFA,IFA_03,IFA,,06019,23420,,"IFA San Diego-Chula Vista-Carlsbad, CA",0.0,no cell in the extract: territory at zero opportunity
ifa_pac_k5,93630,ifa,CA,IFA,IFA_05,IFA,,06019,23420,0638226,"IFA Seattle-Tacoma-Bellevue, WA",0.0,no cell in the extract: territory at zero opportunity
ifa_pac_k5,93631,ifa,CA,IFA,IFA_05,IFA,,06107,47300,0638562,"IFA Seattle-Tacoma-Bellevue, WA",5.16122,
ifa_pac_k5,93633,ifa,CA,IFA,IFA_03,IFA,,06107,47300,0685866,"IFA San Diego-Chula Vista-Carlsbad, CA",0.0,no cell in the extract: territory at zero opportunity
ifa_pac_k5,93634,ifa,CA,IFA,IFA_05,IFA,,06019,23420,0606518,"IFA Seattle-Tacoma-Bellevue, WA",0.0,no cell in the extract: territory at zero opportunity
ifa_pac_k5,93635,ifa,CA,IFA,IFA_03,IFA,,06047,32900,0644028,"IFA San Diego-Chula Vista-Carlsbad, CA",0.0,no cell in the extract: territory at zero opportunity
ifa_pac_k5,93636,ifa,CA,IFA,IFA_05,IFA,,06039,23420,0607378,"IFA Seattle-Tacoma-Bellevue, WA",1.39451,
ifa_pac_k5,93637,ifa,CA,IFA,IFA_05,IFA,,06039,23420,0645022,"IFA Seattle-Tacoma-Bellevue, WA",0.0,no cell in the extract: territory at zero opportunity
ifa_pac_k5,93638,ifa,CA,IFA,IFA_05,IFA,,06039,23420,0645050,"IFA Seattle-Tacoma-Bellevue, WA",0.0,no cell in the extract: territory at zero opportunity
ifa_pac_k5,93640,ifa,CA,IFA,IFA_03,IFA,,06019,23420,0646828,"IFA San Diego-Chula Vista-Carlsbad, CA",0.0,no cell in the extract: territory at zero opportunity
ifa_pac_k5,93641,ifa,CA,IFA,IFA_03,IFA,,06019,23420,0673794,"IFA San Diego-Chula Vista-Carlsbad, CA",0.0,no cell in the extract: territory at zero opportunity
ifa_pac_k5,93643,ifa,CA,IFA,IFA_05,IFA,,06039,23420,0651868,"IFA Seattle-Tacoma-Bellevue, WA",0.0,no cell in the extract: territory at zero opportunity
ifa_pac_k5,93644,ifa,CA,IFA,IFA_05,IFA,,06039,23420,0652764,"IFA Seattle-Tacoma-Bellevue, WA",0.506979,
ifa_pac_k5,93645,ifa,CA,IFA,IFA_05,IFA,,06039,23420,,"IFA Seattle-Tacoma-Bellevue, WA",0.0,no cell in the extract: territory at zero opportunity
ifa_pac_k5,93646,ifa,CA,IFA,IFA_05,IFA,,06107,47300,0654008,"IFA Seattle-Tacoma-Bellevue, WA",0.0,no cell in the extract: territory at zero opportunity
ifa_pac_k5,93647,ifa,CA,IFA,IFA_05,IFA,,06107,47300,0654372,"IFA Seattle-Tacoma-Bellevue, WA",0.0,no cell in the extract: territory at zero opportunity
ifa_pac_k5,93648,ifa,CA,IFA,IFA_05,IFA,,06019,23420,0655856,"IFA Seattle-Tacoma-Bellevue, WA",0.0,no cell in the extract: territory at zero opportunity
ifa_pac_k5,93650,ifa,CA,IFA,IFA_05,IFA,,06019,23420,0627000,"IFA Seattle-Tacoma-Bellevue, WA",0.0,no cell in the extract: territory at zero opportunity
ifa_pac_k5,93651,ifa,CA,IFA,IFA_05,IFA,,06019,23420,0603190,"IFA Seattle-Tacoma-Bellevue, WA",0.0,no cell in the extract: territory at zero opportunity
ifa_pac_k5,93652,ifa,CA,IFA,IFA_05,IFA,,06019,23420,0659290,"IFA Seattle-Tacoma-Bellevue, WA",0.0,no cell in the extract: territory at zero opportunity
ifa_pac_k5,93653,ifa,CA,IFA,IFA_05,IFA,,06039,23420,,"IFA Seattle-Tacoma-Bellevue, WA",0.0,no cell in the extract: territory at zero opportunity
ifa_pac_k5,93654,ifa,CA,IFA,IFA_05,IFA,,06019,23420,0660242,"IFA Seattle-Tacoma-Bellevue, WA",0.119318,
ifa_pac_k5,93656,ifa,CA,IFA,IFA_05,IFA,,06019,23420,0661096,"IFA Seattle-Tacoma-Bellevue, WA",0.0,no cell in the extract: territory at zero opportunity
ifa_pac_k5,93657,ifa,CA,IFA,IFA_05,IFA,,06019,23420,0612412,"IFA Seattle-Tacoma-Bellevue, WA",0.0,no cell in the extract: territory at zero opportunity
ifa_pac_k5,93660,ifa,CA,IFA,IFA_03,IFA,,06019,23420,0667126,"IFA San Diego-Chula Vista-Carlsbad, CA",0.0,no cell in the extract: territory at zero opportunity
ifa_pac_k5,93662,ifa,CA,IFA,IFA_05,IFA,,06019,23420,0670882,"IFA Seattle-Tacoma-Bellevue, WA",0.0,no cell in the extract: territory at zero opportunity
ifa_pac_k5,93664,ifa,CA,IFA,IFA_05,IFA,,06019,23420,0671246,"IFA Seattle-Tacoma-Bellevue, WA",0.0,no cell in the extract: territory at zero opportunity
ifa_pac_k5,93665,ifa,CA,IFA,IFA_03,IFA,,06047,32900,0672954,"IFA San Diego-Chula Vista-Carlsbad, CA",0.0,no cell in the extract: territory at zero opportunity
ifa_pac_k5,93666,ifa,CA,IFA,IFA_05,IFA,,06107,47300,0675672,"IFA Seattle-Tacoma-Bellevue, WA",0.0,no cell in the extract: territory at zero opportunity
ifa_pac_k5,93667,ifa,CA,IFA,IFA_05,IFA,,06019,23420,0603190,"IFA Seattle-Tacoma-Bellevue, WA",0.0,no cell in the extract: territory at zero opportunity
ifa_pac_k5,93668,ifa,CA,IFA,IFA_03,IFA,,06019,23420,0680266,"IFA San Diego-Chula Vista-Carlsbad, CA",0.0,no cell in the extract: territory at zero opportunity
ifa_pac_k5,93669,ifa,CA,IFA,IFA_05,IFA,,06039,23420,0651868,"IFA Seattle-Tacoma-Bellevue, WA",0.0,no cell in the extract: territory at zero opportunity
ifa_pac_k5,93670,ifa,CA,IFA,IFA_03,IFA,,06107,47300,0686734,"IFA San Diego-Chula Vista-Carlsbad, CA",0.0,no cell in the extract: territory at zero opportunity
ifa_pac_k5,93673,ifa,CA,IFA,IFA_05,IFA,,06107,47300,0680280,"IFA Seattle-Tacoma-Bellevue, WA",0.0,no cell in the extract: territory at zero opportunity
ifa_pac_k5,93675,ifa,CA,IFA,IFA_05,IFA,,06019,23420,0673794,"IFA Seattle-Tacoma-Bellevue, WA",0.0,no cell in the extract: territory at zero opportunity
ifa_pac_k5,93701,ifa,CA,IFA,IFA_05,IFA,,06019,23420,0627000,"IFA Seattle-Tacoma-Bellevue, WA",0.0,no cell in the extract: territory at zero opportunity
ifa_pac_k5,93702,ifa,CA,IFA,IFA_05,IFA,,06019,23420,0627000,"IFA Seattle-Tacoma-Bellevue, WA",0.0,no cell in the extract: territory at zero opportunity
ifa_pac_k5,93703,ifa,CA,IFA,IFA_05,IFA,,06019,23420,0627000,"IFA Seattle-Tacoma-Bellevue, WA",0.0,no cell in the extract: territory at zero opportunity
ifa_pac_k5,93704,ifa,CA,IFA,IFA_05,IFA,,06019,23420,0627000,"IFA Seattle-Tacoma-Bellevue, WA",3.23311,
ifa_pac_k5,93705,ifa,CA,IFA,IFA_05,IFA,,06019,23420,0627000,"IFA Seattle-Tacoma-Bellevue, WA",0.0,no cell in the extract: territory at zero opportunity
ifa_pac_k5,93706,ifa,CA,IFA,IFA_05,IFA,,06019,23420,0627000,"IFA Seattle-Tacoma-Bellevue, WA",0.0,no cell in the extract: territory at zero opportunity
ifa_pac_k5,93710,ifa,CA,IFA,IFA_05,IFA,,06019,23420,0627000,"IFA Seattle-Tacoma-Bellevue, WA",3.74909,
ifa_pac_k5,93711,ifa,CA,IFA,IFA_05,IFA,,06019,23420,0627000,"IFA Seattle-Tacoma-Bellevue, WA",23.1504,
ifa_pac_k5,93720,ifa,CA,IFA,IFA_05,IFA,,06019,23420,0627000,"IFA Seattle-Tacoma-Bellevue, WA",29.0016,
ifa_pac_k5,93721,ifa,CA,IFA,IFA_05,IFA,,06019,23420,0627000,"IFA Seattle-Tacoma-Bellevue, WA",0.0,no cell in the extract: territory at zero opportunity
ifa_pac_k5,93722,ifa,CA,IFA,IFA_05,IFA,,06019,23420,0627000,"IFA Seattle-Tacoma-Bellevue, WA",0.0,no cell in the extract: territory at zero opportunity
ifa_pac_k5,93723,ifa,CA,IFA,IFA_05,IFA,,06019,23420,0627000,"IFA Seattle-Tacoma-Bellevue, WA",0.0,no cell in the extract: territory at zero opportunity
ifa_pac_k5,93725,ifa,CA,IFA,IFA_05,IFA,,06019,23420,0627000,"IFA Seattle-Tacoma-Bellevue, WA",0.0,no cell in the extract: territory at zero opportunity
ifa_pac_k5,93726,ifa,CA,IFA,IFA_05,IFA,,06019,23420,0627000,"IFA Seattle-Tacoma-Bellevue, WA",0.0,no cell in the extract: territory at zero opportunity
ifa_pac_k5,93727,ifa,CA,IFA,IFA_05,IFA,,06019,23420,0627000,"IFA Seattle-Tacoma-Bellevue, WA",0.0,no cell in the extract: territory at zero opportunity
ifa_pac_k5,93728,ifa,CA,IFA,IFA_05,IFA,,06019,23420,0627000,"IFA Seattle-Tacoma-Bellevue, WA",0.0,no cell in the extract: territory at zero opportunity
ifa_pac_k5,93730,ifa,CA,IFA,IFA_05,IFA,,06019,23420,0627000,"IFA Seattle-Tacoma-Bellevue, WA",0.0054727,
ifa_pac_k5,93737,ifa,CA,IFA,IFA_05,IFA,,06019,23420,0627000,"IFA Seattle-Tacoma-Bellevue, WA",0.0,no cell in the extract: territory at zero opportunity
ifa_pac_k5,93740,ifa,CA,IFA,IFA_05,IFA,,06019,23420,0627000,"IFA Seattle-Tacoma-Bellevue, WA",0.0,no cell in the extract: territory at zero opportunity
ifa_pac_k5,93741,ifa,CA,IFA,IFA_05,IFA,,06019,23420,0627000,"IFA Seattle-Tacoma-Bellevue, WA",0.0,no cell in the extract: territory at zero opportunity
ifa_pac_k5,93901,ifa,CA,IFA,IFA_01,IFA,,06053,41500,0664224,"IFA San Francisco-Oakland-Fremont, CA",0.00397725,
ifa_pac_k5,93905,ifa,CA,IFA,IFA_01,IFA,,06053,41500,0664224,"IFA San Francisco-Oakland-Fremont, CA",0.0,no cell in the extract: territory at zero opportunity
ifa_pac_k5,93906,ifa,CA,IFA,IFA_01,IFA,,06053,41500,0664224,"IFA San Francisco-Oakland-Fremont, CA",0.0,no cell in the extract: territory at zero opportunity
ifa_pac_k5,93907,ifa,CA,IFA,IFA_01,IFA,,06053,41500,0658870,"IFA San Francisco-Oakland-Fremont, CA",0.0,no cell in the extract: territory at zero opportunity
ifa_pac_k5,93908,ifa,CA,IFA,IFA_01,IFA,,06053,41500,0645778,"IFA San Francisco-Oakland-Fremont, CA",0.0,no cell in the extract: territory at zero opportunity
ifa_pac_k5,93920,ifa,CA,IFA,IFA_01,IFA,,06053,41500,,"IFA San Francisco-Oakland-Fremont, CA",0.0,no cell in the extract: territory at zero opportunity
ifa_pac_k5,93921,ifa,CA,IFA,IFA_01,IFA,,06053,41500,0611250,"IFA San Francisco-Oakland-Fremont, CA",0.0,no cell in the extract: territory at zero opportunity
ifa_pac_k5,93923,ifa,CA,IFA,IFA_01,IFA,,06053,41500,0611250,"IFA San Francisco-Oakland-Fremont, CA",0.545114,
ifa_pac_k5,93924,ifa,CA,IFA,IFA_01,IFA,,06053,41500,0611324,"IFA San Francisco-Oakland-Fremont, CA",0.583793,
ifa_pac_k5,93925,ifa,CA,IFA,IFA_04,IFA,,06053,41500,0613364,"IFA Los Angeles-Long Beach-Anaheim, CA / San Francisco-Oakland-Fremont, CA",0.0,no cell in the extract: territory at zero opportunity
ifa_pac_k5,93926,ifa,CA,IFA,IFA_04,IFA,,06053,41500,0630392,"IFA Los Angeles-Long Beach-Anaheim, CA / San Francisco-Oakland-Fremont, CA",0.0,no cell in the extract: territory at zero opportunity
ifa_pac_k5,93927,ifa,CA,IFA,IFA_01,IFA,,06053,41500,0630994,"IFA San Francisco-Oakland-Fremont, CA",0.0,no cell in the extract: territory at zero opportunity
ifa_pac_k5,93928,ifa,CA,IFA,IFA_01,IFA,,06053,41500,0625093,"IFA San Francisco-Oakland-Fremont, CA",0.0,no cell in the extract: territory at zero opportunity
ifa_pac_k5,93930,ifa,CA,IFA,IFA_04,IFA,,06053,41500,0638520,"IFA Los Angeles-Long Beach-Anaheim, CA / San Francisco-Oakland-Fremont, CA",0.0215426,
ifa_pac_k5,93932,ifa,CA,IFA,IFA_04,IFA,,06053,41500,0642146,"IFA Los Angeles-Long Beach-Anaheim, CA / San Francisco-Oakland-Fremont, CA",0.0,no cell in the extract: territory at zero opportunity
ifa_pac_k5,93933,ifa,CA,IFA,IFA_01,IFA,,06053,41500,0645778,"IFA San Francisco-Oakland-Fremont, CA",0.0,no cell in the extract: territory at zero opportunity
ifa_pac_k5,93940,ifa,CA,IFA,IFA_01,IFA,,06053,41500,0648872,"IFA San Francisco-Oakland-Fremont, CA",4.40796,
ifa_pac_k5,93943,ifa,CA,IFA,IFA_01,IFA,,06053,41500,0648872,"IFA San Francisco-Oakland-Fremont, CA",0.0,no cell in the extract: territory at zero opportunity
ifa_pac_k5,93944,ifa,CA,IFA,IFA_01,IFA,,06053,41500,0648872,"IFA San Francisco-Oakland-Fremont, CA",0.0,no cell in the extract: territory at zero opportunity
ifa_pac_k5,93950,ifa,CA,IFA,IFA_01,IFA,,06053,41500,0654848,"IFA San Francisco-Oakland-Fremont, CA",0.605169,
ifa_pac_k5,93953,ifa,CA,IFA,IFA_01,IFA,,06053,41500,0618590,"IFA San Francisco-Oakland-Fremont, CA",0.0,no cell in the extract: territory at zero opportunity
ifa_pac_k5,93954,ifa,CA,IFA,IFA_04,IFA,,06053,41500,0668140,"IFA Los Angeles-Long Beach-Anaheim, CA / San Francisco-Oakland-Fremont, CA",0.0,no cell in the extract: territory at zero opportunity
ifa_pac_k5,93955,ifa,CA,IFA,IFA_01,IFA,,06053,41500,0670742,"IFA San Francisco-Oakland-Fremont, CA",0.015909,
ifa_pac_k5,93960,ifa,CA,IFA,IFA_04,IFA,,06053,41500,0672520,"IFA Los Angeles-Long Beach-Anaheim, CA / San Francisco-Oakland-Fremont, CA",0.0,no cell in the extract: territory at zero opportunity
ifa_pac_k5,93962,ifa,CA,IFA,IFA_01,IFA,,06053,41500,0673612,"IFA San Francisco-Oakland-Fremont, CA",0.0,no cell in the extract: territory at zero opportunity
ifa_pac_k5,94002,ifa,CA,IFA,IFA_01,IFA,,06081,41860,0605108,"IFA San Francisco-Oakland-Fremont, CA",0.376511,
ifa_pac_k5,94005,ifa,CA,IFA,IFA_01,IFA,,06081,41860,0608310,"IFA San Francisco-Oakland-Fremont, CA",0.109772,
ifa_pac_k5,94010,ifa,CA,IFA,IFA_01,IFA,,06081,41860,0633798,"IFA San Francisco-Oakland-Fremont, CA",6.91845,
ifa_pac_k5,94014,ifa,CA,IFA,IFA_01,IFA,,06081,41860,0617918,"IFA San Francisco-Oakland-Fremont, CA",0.0,no cell in the extract: territory at zero opportunity
ifa_pac_k5,94015,ifa,CA,IFA,IFA_01,IFA,,06081,41860,0617918,"IFA San Francisco-Oakland-Fremont, CA",3.91441,
ifa_pac_k5,94018,ifa,CA,IFA,IFA_01,IFA,,06081,41860,0621936,"IFA San Francisco-Oakland-Fremont, CA",0.0,no cell in the extract: territory at zero opportunity
ifa_pac_k5,94019,ifa,CA,IFA,IFA_01,IFA,,06081,41860,0631708,"IFA San Francisco-Oakland-Fremont, CA",0.953828,
ifa_pac_k5,94020,ifa,CA,IFA,IFA_01,IFA,,06081,41860,0639318,"IFA San Francisco-Oakland-Fremont, CA",0.0,no cell in the extract: territory at zero opportunity
ifa_pac_k5,94021,ifa,CA,IFA,IFA_01,IFA,,06081,41860,0642384,"IFA San Francisco-Oakland-Fremont, CA",0.0,no cell in the extract: territory at zero opportunity
ifa_pac_k5,94022,ifa,CA,IFA,IFA_01,IFA,,06085,41940,0643294,"IFA San Francisco-Oakland-Fremont, CA",4.06816,
ifa_pac_k5,94024,ifa,CA,IFA,IFA_01,IFA,,06085,41940,0643280,"IFA San Francisco-Oakland-Fremont, CA",0.477268,
ifa_pac_k5,94025,ifa,CA,IFA,IFA_01,IFA,,06081,41860,0646870,"IFA San Francisco-Oakland-Fremont, CA",6.07896,
ifa_pac_k5,94027,ifa,CA,IFA,IFA_01,IFA,,06081,41860,0603092,"IFA San Francisco-Oakland-Fremont, CA",0.0,no cell in the extract: territory at zero opportunity
ifa_pac_k5,94028,ifa,CA,IFA,IFA_01,IFA,,06081,41860,0658380,"IFA San Francisco-Oakland-Fremont, CA",0.0,no cell in the extract: territory at zero opportunity
ifa_pac_k5,94030,ifa,CA,IFA,IFA_01,IFA,,06081,41860,0647486,"IFA San Francisco-Oakland-Fremont, CA",4.37553,
ifa_pac_k5,94037,ifa,CA,IFA,IFA_01,IFA,,06081,41860,0648760,"IFA San Francisco-Oakland-Fremont, CA",0.0,no cell in the extract: territory at zero opportunity
ifa_pac_k5,94038,ifa,CA,IFA,IFA_01,IFA,,06081,41860,0649446,"IFA San Francisco-Oakland-Fremont, CA",0.0,no cell in the extract: territory at zero opportunity
ifa_pac_k5,94040,ifa,CA,IFA,IFA_01,IFA,,06085,41940,0649670,"IFA San Francisco-Oakland-Fremont, CA",3.08086,
ifa_pac_k5,94041,ifa,CA,IFA,IFA_01,IFA,,06085,41940,0649670,"IFA San Francisco-Oakland-Fremont, CA",0.0,no cell in the extract: territory at zero opportunity
ifa_pac_k5,94043,ifa,CA,IFA,IFA_01,IFA,,06085,41940,0649670,"IFA San Francisco-Oakland-Fremont, CA",2.03762,
ifa_pac_k5,94044,ifa,CA,IFA,IFA_01,IFA,,06081,41860,0654806,"IFA San Francisco-Oakland-Fremont, CA",0.0,no cell in the extract: territory at zero opportunity
ifa_pac_k5,94060,ifa,CA,IFA,IFA_01,IFA,,06081,41860,0656756,"IFA San Francisco-Oakland-Fremont, CA",0.0,no cell in the extract: territory at zero opportunity
ifa_pac_k5,94061,ifa,CA,IFA,IFA_01,IFA,,06081,41860,0660102,"IFA San Francisco-Oakland-Fremont, CA",0.0,no cell in the extract: territory at zero opportunity
ifa_pac_k5,94062,ifa,CA,IFA,IFA_01,IFA,,06081,41860,0686440,"IFA San Francisco-Oakland-Fremont, CA",3.27382,
ifa_pac_k5,94063,ifa,CA,IFA,IFA_01,IFA,,06081,41860,0660102,"IFA San Francisco-Oakland-Fremont, CA",3.15764,
ifa_pac_k5,94065,ifa,CA,IFA,IFA_01,IFA,,06081,41860,0660102,"IFA San Francisco-Oakland-Fremont, CA",14.6411,
ifa_pac_k5,94066,ifa,CA,IFA,IFA_01,IFA,,06081,41860,0665028,"IFA San Francisco-Oakland-Fremont, CA",2.12933,
ifa_pac_k5,94070,ifa,CA,IFA,IFA_01,IFA,,06081,41860,0665070,"IFA San Francisco-Oakland-Fremont, CA",26.1983,
ifa_pac_k5,94074,ifa,CA,IFA,IFA_01,IFA,,06081,41860,,"IFA San Francisco-Oakland-Fremont, CA",0.0,no cell in the extract: territory at zero opportunity
ifa_pac_k5,94080,ifa,CA,IFA,IFA_01,IFA,,06081,41860,0673262,"IFA San Francisco-Oakland-Fremont, CA",0.132239,
ifa_pac_k5,94085,ifa,CA,IFA,IFA_01,IFA,,06085,41940,0677000,"IFA San Francisco-Oakland-Fremont, CA",1.25284,
ifa_pac_k5,94086,ifa,CA,IFA,IFA_01,IFA,,06085,41940,0677000,"IFA San Francisco-Oakland-Fremont, CA",0.0584342,
ifa_pac_k5,94087,ifa,CA,IFA,IFA_01,IFA,,06085,41940,0677000,"IFA San Francisco-Oakland-Fremont, CA",0.535271,
ifa_pac_k5,94089,ifa,CA,IFA,IFA_01,IFA,,06085,41940,0677000,"IFA San Francisco-Oakland-Fremont, CA",0.0,no cell in the extract: territory at zero opportunity
ifa_pac_k5,94102,ifa,CA,IFA,IFA_01,IFA,,06075,41860,0667000,"IFA San Francisco-Oakland-Fremont, CA",0.126821,
ifa_pac_k5,94103,ifa,CA,IFA,IFA_01,IFA,,06075,41860,0667000,"IFA San Francisco-Oakland-Fremont, CA",0.0,no cell in the extract: territory at zero opportunity
ifa_pac_k5,94104,ifa,CA,IFA,IFA_01,IFA,,06075,41860,0667000,"IFA San Francisco-Oakland-Fremont, CA",4.22551,
ifa_pac_k5,94105,ifa,CA,IFA,IFA_01,IFA,,06075,41860,0667000,"IFA San Francisco-Oakland-Fremont, CA",1.7648,
ifa_pac_k5,94107,ifa,CA,IFA,IFA_01,IFA,,06075,41860,0667000,"IFA San Francisco-Oakland-Fremont, CA",0.54094,
ifa_pac_k5,94108,ifa,CA,IFA,IFA_01,IFA,,06075,41860,0667000,"IFA San Francisco-Oakland-Fremont, CA",0.0,no cell in the extract: territory at zero opportunity
ifa_pac_k5,94109,ifa,CA,IFA,IFA_01,IFA,,06075,41860,0667000,"IFA San Francisco-Oakland-Fremont, CA",3.97733,
ifa_pac_k5,94110,ifa,CA,IFA,IFA_01,IFA,,06075,41860,0667000,"IFA San Francisco-Oakland-Fremont, CA",0.655084,
ifa_pac_k5,94111,ifa,CA,IFA,IFA_01,IFA,,06075,41860,0667000,"IFA San Francisco-Oakland-Fremont, CA",6.16529,
ifa_pac_k5,94112,ifa,CA,IFA,IFA_01,IFA,,06075,41860,0667000,"IFA San Francisco-Oakland-Fremont, CA",0.0,no cell in the extract: territory at zero opportunity
ifa_pac_k5,94114,ifa,CA,IFA,IFA_01,IFA,,06075,41860,0667000,"IFA San Francisco-Oakland-Fremont, CA",0.0,no cell in the extract: territory at zero opportunity
ifa_pac_k5,94115,ifa,CA,IFA,IFA_01,IFA,,06075,41860,0667000,"IFA San Francisco-Oakland-Fremont, CA",0.0147485,
ifa_pac_k5,94116,ifa,CA,IFA,IFA_01,IFA,,06075,41860,0667000,"IFA San Francisco-Oakland-Fremont, CA",0.0,no cell in the extract: territory at zero opportunity
ifa_pac_k5,94117,ifa,CA,IFA,IFA_01,IFA,,06075,41860,0667000,"IFA San Francisco-Oakland-Fremont, CA",2.46192,
ifa_pac_k5,94118,ifa,CA,IFA,IFA_01,IFA,,06075,41860,0667000,"IFA San Francisco-Oakland-Fremont, CA",0.245011,
ifa_pac_k5,94121,ifa,CA,IFA,IFA_01,IFA,,06075,41860,0667000,"IFA San Francisco-Oakland-Fremont, CA",0.0,no cell in the extract: territory at zero opportunity
ifa_pac_k5,94122,ifa,CA,IFA,IFA_01,IFA,,06075,41860,0667000,"IFA San Francisco-Oakland-Fremont, CA",1.02708,
ifa_pac_k5,94123,ifa,CA,IFA,IFA_01,IFA,,06075,41860,0667000,"IFA San Francisco-Oakland-Fremont, CA",0.0139602,
ifa_pac_k5,94124,ifa,CA,IFA,IFA_01,IFA,,06075,41860,0667000,"IFA San Francisco-Oakland-Fremont, CA",0.13874,
ifa_pac_k5,94127,ifa,CA,IFA,IFA_01,IFA,,06075,41860,0667000,"IFA San Francisco-Oakland-Fremont, CA",0.0,no cell in the extract: territory at zero opportunity
ifa_pac_k5,94128,ifa,CA,IFA,IFA_01,IFA,,06081,41860,0673262,"IFA San Francisco-Oakland-Fremont, CA",0.0,no cell in the extract: territory at zero opportunity
ifa_pac_k5,94129,ifa,CA,IFA,IFA_01,IFA,,06075,41860,0667000,"IFA San Francisco-Oakland-Fremont, CA",0.458709,
ifa_pac_k5,94130,ifa,CA,IFA,IFA_01,IFA,,06075,41860,0667000,"IFA San Francisco-Oakland-Fremont, CA",0.0,no cell in the extract: territory at zero opportunity
ifa_pac_k5,94131,ifa,CA,IFA,IFA_01,IFA,,06075,41860,0667000,"IFA San Francisco-Oakland-Fremont, CA",1.20236,
ifa_pac_k5,94132,ifa,CA,IFA,IFA_01,IFA,,06075,41860,0667000,"IFA San Francisco-Oakland-Fremont, CA",0.0,no cell in the extract: territory at zero opportunity
ifa_pac_k5,94133,ifa,CA,IFA,IFA_01,IFA,,06075,41860,0667000,"IFA San Francisco-Oakland-Fremont, CA",0.37195,
ifa_pac_k5,94134,ifa,CA,IFA,IFA_01,IFA,,06075,41860,0667000,"IFA San Francisco-Oakland-Fremont, CA",0.980559,
ifa_pac_k5,94158,ifa,CA,IFA,IFA_01,IFA,,06075,41860,0667000,"IFA San Francisco-Oakland-Fremont, CA",0.0,no cell in the extract: territory at zero opportunity
ifa_pac_k5,94188,ifa,CA,IFA,IFA_01,IFA,,06075,41860,0667000,"IFA San Francisco-Oakland-Fremont, CA",0.0,no cell in the extract: territory at zero opportunity
ifa_pac_k5,94301,ifa,CA,IFA,IFA_01,IFA,,06085,41940,0655282,"IFA San Francisco-Oakland-Fremont, CA",2.2914,
ifa_pac_k5,94303,ifa,CA,IFA,IFA_01,IFA,,06085,41940,0655282,"IFA San Francisco-Oakland-Fremont, CA",0.0882532,
ifa_pac_k5,94304,ifa,CA,IFA,IFA_01,IFA,,06085,41940,0655282,"IFA San Francisco-Oakland-Fremont, CA",0.501426,
ifa_pac_k5,94305,ifa,CA,IFA,IFA_01,IFA,,06085,41940,0673906,"IFA San Francisco-Oakland-Fremont, CA",0.0,no cell in the extract: territory at zero opportunity
ifa_pac_k5,94306,ifa,CA,IFA,IFA_01,IFA,,06085,41940,0655282,"IFA San Francisco-Oakland-Fremont, CA",0.0,no cell in the extract: territory at zero opportunity
ifa_pac_k5,94401,ifa,CA,IFA,IFA_01,IFA,,06081,41860,0668252,"IFA San Francisco-Oakland-Fremont, CA",2.0904,
ifa_pac_k5,94402,ifa,CA,IFA,IFA_01,IFA,,06081,41860,0668252,"IFA San Francisco-Oakland-Fremont, CA",5.71871,
ifa_pac_k5,94403,ifa,CA,IFA,IFA_01,IFA,,06081,41860,0668252,"IFA San Francisco-Oakland-Fremont, CA",5.24895,
ifa_pac_k5,94404,ifa,CA,IFA,IFA_01,IFA,,06081,41860,0625338,"IFA San Francisco-Oakland-Fremont, CA",18.3602,
ifa_pac_k5,94501,ifa,CA,IFA,IFA_01,IFA,,06001,41860,0600562,"IFA San Francisco-Oakland-Fremont, CA",7.87845,
ifa_pac_k5,94502,ifa,CA,IFA,IFA_01,IFA,,06001,41860,0600562,"IFA San Francisco-Oakland-Fremont, CA",1.37284,
ifa_pac_k5,94503,ifa,CA,IFA,IFA_01,IFA,,06055,34900,0601640,"IFA San Francisco-Oakland-Fremont, CA",0.0,no cell in the extract: territory at zero opportunity
ifa_pac_k5,94505,ifa,CA,IFA,IFA_04,IFA,,06013,41860,0619339,"IFA Los Angeles-Long Beach-Anaheim, CA / San Francisco-Oakland-Fremont, CA",0.648292,
ifa_pac_k5,94506,ifa,CA,IFA,IFA_04,IFA,,06013,41860,0606928,"IFA Los Angeles-Long Beach-Anaheim, CA / San Francisco-Oakland-Fremont, CA",3.91882,
ifa_pac_k5,94507,ifa,CA,IFA,IFA_04,IFA,,06013,41860,0600618,"IFA Los Angeles-Long Beach-Anaheim, CA / San Francisco-Oakland-Fremont, CA",11.6186,
ifa_pac_k5,94508,ifa,CA,IFA,IFA_04,IFA,,06055,34900,0602168,"IFA Los Angeles-Long Beach-Anaheim, CA / San Francisco-Oakland-Fremont, CA",0.0,no cell in the extract: territory at zero opportunity
ifa_pac_k5,94509,ifa,CA,IFA,IFA_01,IFA,,06013,41860,0602252,"IFA San Francisco-Oakland-Fremont, CA",1.01445,
ifa_pac_k5,94510,ifa,CA,IFA,IFA_01,IFA,,06095,46700,0605290,"IFA San Francisco-Oakland-Fremont, CA",5.70598,
ifa_pac_k5,94511,ifa,CA,IFA,IFA_04,IFA,,06013,41860,0606210,"IFA Los Angeles-Long Beach-Anaheim, CA / San Francisco-Oakland-Fremont, CA",0.0,no cell in the extract: territory at zero opportunity
ifa_pac_k5,94512,ifa,CA,IFA,IFA_04,IFA,,06095,46700,,"IFA Los Angeles-Long Beach-Anaheim, CA / San Francisco-Oakland-Fremont, CA",0.0,no cell in the extract: territory at zero opportunity
ifa_pac_k5,94513,ifa,CA,IFA,IFA_04,IFA,,06013,41860,0608142,"IFA Los Angeles-Long Beach-Anaheim, CA / San Francisco-Oakland-Fremont, CA",4.76917,
ifa_pac_k5,94514,ifa,CA,IFA,IFA_04,IFA,,06013,41860,0609346,"IFA Los Angeles-Long Beach-Anaheim, CA / San Francisco-Oakland-Fremont, CA",0.0,no cell in the extract: territory at zero opportunity
ifa_pac_k5,94515,ifa,CA,IFA,IFA_01,IFA,,06097,42220,0609892,"IFA San Francisco-Oakland-Fremont, CA",0.378028,
ifa_pac_k5,94516,ifa,CA,IFA,IFA_01,IFA,,06013,41860,,"IFA San Francisco-Oakland-Fremont, CA",0.0,no cell in the extract: territory at zero opportunity
ifa_pac_k5,94517,ifa,CA,IFA,IFA_04,IFA,,06013,41860,0613882,"IFA Los Angeles-Long Beach-Anaheim, CA / San Francisco-Oakland-Fremont, CA",1.58026,
ifa_pac_k5,94518,ifa,CA,IFA,IFA_01,IFA,,06013,41860,0616000,"IFA San Francisco-Oakland-Fremont, CA",0.0,no cell in the extract: territory at zero opportunity
ifa_pac_k5,94519,ifa,CA,IFA,IFA_01,IFA,,06013,41860,0616000,"IFA San Francisco-Oakland-Fremont, CA",0.0856104,
ifa_pac_k5,94520,ifa,CA,IFA,IFA_01,IFA,,06013,41860,0616000,"IFA San Francisco-Oakland-Fremont, CA",11.4941,
ifa_pac_k5,94521,ifa,CA,IFA,IFA_01,IFA,,06013,41860,0616000,"IFA San Francisco-Oakland-Fremont, CA",0.53308,
ifa_pac_k5,94523,ifa,CA,IFA,IFA_01,IFA,,06013,41860,0657764,"IFA San Francisco-Oakland-Fremont, CA",7.49921,
ifa_pac_k5,94525,ifa,CA,IFA,IFA_01,IFA,,06013,41860,0617274,"IFA San Francisco-Oakland-Fremont, CA",0.0,no cell in the extract: territory at zero opportunity
ifa_pac_k5,94526,ifa,CA,IFA,IFA_04,IFA,,06013,41860,0617988,"IFA Los Angeles-Long Beach-Anaheim, CA / San Francisco-Oakland-Fremont, CA",10.5507,
ifa_pac_k5,94528,ifa,CA,IFA,IFA_04,IFA,,06013,41860,0619150,"IFA Los Angeles-Long Beach-Anaheim, CA / San Francisco-Oakland-Fremont, CA",0.0,no cell in the extract: territory at zero opportunity
ifa_pac_k5,94530,ifa,CA,IFA,IFA_01,IFA,,06013,41860,0621796,"IFA San Francisco-Oakland-Fremont, CA",1.70371,
ifa_pac_k5,94531,ifa,CA,IFA,IFA_04,IFA,,06013,41860,0602252,"IFA Los Angeles-Long Beach-Anaheim, CA / San Francisco-Oakland-Fremont, CA",0.29794,
ifa_pac_k5,94533,ifa,CA,IFA,IFA_04,IFA,,06095,46700,0623182,"IFA Los Angeles-Long Beach-Anaheim, CA / San Francisco-Oakland-Fremont, CA",1.63943,
ifa_pac_k5,94534,ifa,CA,IFA,IFA_01,IFA,,06095,46700,0623182,"IFA San Francisco-Oakland-Fremont, CA",4.81803,
ifa_pac_k5,94535,ifa,CA,IFA,IFA_04,IFA,,06095,46700,0623182,"IFA Los Angeles-Long Beach-Anaheim, CA / San Francisco-Oakland-Fremont, CA",0.0,no cell in the extract: territory at zero opportunity
ifa_pac_k5,94536,ifa,CA,IFA,IFA_04,IFA,,06001,41860,0626000,"IFA Los Angeles-Long Beach-Anaheim, CA / San Francisco-Oakland-Fremont, CA",0.0684088,
ifa_pac_k5,94538,ifa,CA,IFA,IFA_01,IFA,,06001,41860,0626000,"IFA San Francisco-Oakland-Fremont, CA",6.68897,
ifa_pac_k5,94539,ifa,CA,IFA,IFA_04,IFA,,06001,41860,0626000,"IFA Los Angeles-Long Beach-Anaheim, CA / San Francisco-Oakland-Fremont, CA",2.88772,
ifa_pac_k5,94541,ifa,CA,IFA,IFA_01,IFA,,06001,41860,0633000,"IFA San Francisco-Oakland-Fremont, CA",0.0,no cell in the extract: territory at zero opportunity
ifa_pac_k5,94542,ifa,CA,IFA,IFA_01,IFA,,06001,41860,0633000,"IFA San Francisco-Oakland-Fremont, CA",0.0,no cell in the extract: territory at zero opportunity
ifa_pac_k5,94544,ifa,CA,IFA,IFA_01,IFA,,06001,41860,0633000,"IFA San Francisco-Oakland-Fremont, CA",0.0,no cell in the extract: territory at zero opportunity
ifa_pac_k5,94545,ifa,CA,IFA,IFA_01,IFA,,06001,41860,0633000,"IFA San Francisco-Oakland-Fremont, CA",3.29934,
ifa_pac_k5,94546,ifa,CA,IFA,IFA_01,IFA,,06001,41860,0611964,"IFA San Francisco-Oakland-Fremont, CA",1.24923,
ifa_pac_k5,94547,ifa,CA,IFA,IFA_01,IFA,,06013,41860,0633308,"IFA San Francisco-Oakland-Fremont, CA",0.590754,
ifa_pac_k5,94548,ifa,CA,IFA,IFA_04,IFA,,06013,41860,0638772,"IFA Los Angeles-Long Beach-Anaheim, CA / San Francisco-Oakland-Fremont, CA",0.0,no cell in the extract: territory at zero opportunity
ifa_pac_k5,94549,ifa,CA,IFA,IFA_01,IFA,,06013,41860,0639122,"IFA San Francisco-Oakland-Fremont, CA",20.2716,
ifa_pac_k5,94550,ifa,CA,IFA,IFA_05,IFA,,06001,41860,0641992,"IFA Seattle-Tacoma-Bellevue, WA",0.0,no cell in the extract: territory at zero opportunity
ifa_pac_k5,94551,ifa,CA,IFA,IFA_04,IFA,,06001,41860,0641992,"IFA Los Angeles-Long Beach-Anaheim, CA / San Francisco-Oakland-Fremont, CA",0.998291,
ifa_pac_k5,94552,ifa,CA,IFA,IFA_04,IFA,,06001,41860,0611964,"IFA Los Angeles-Long Beach-Anaheim, CA / San Francisco-Oakland-Fremont, CA",0.92981,
ifa_pac_k5,94553,ifa,CA,IFA,IFA_01,IFA,,06013,41860,0646114,"IFA San Francisco-Oakland-Fremont, CA",0.0545997,
ifa_pac_k5,94555,ifa,CA,IFA,IFA_01,IFA,,06001,41860,0626000,"IFA San Francisco-Oakland-Fremont, CA",1.76202,
ifa_pac_k5,94556,ifa,CA,IFA,IFA_01,IFA,,06013,41860,0649187,"IFA San Francisco-Oakland-Fremont, CA",0.00119318,
ifa_pac_k5,94558,ifa,CA,IFA,IFA_04,IFA,,06055,34900,0650258,"IFA Los Angeles-Long Beach-Anaheim, CA / San Francisco-Oakland-Fremont, CA",4.91794,
ifa_pac_k5,94559,ifa,CA,IFA,IFA_01,IFA,,06055,34900,0650258,"IFA San Francisco-Oakland-Fremont, CA",2.70525,
ifa_pac_k5,94560,ifa,CA,IFA,IFA_01,IFA,,06001,41860,0650916,"IFA San Francisco-Oakland-Fremont, CA",1.59911,
ifa_pac_k5,94561,ifa,CA,IFA,IFA_01,IFA,,06013,41860,0653070,"IFA San Francisco-Oakland-Fremont, CA",0.00930684,
ifa_pac_k5,94562,ifa,CA,IFA,IFA_04,IFA,,06055,34900,0653196,"IFA Los Angeles-Long Beach-Anaheim, CA / San Francisco-Oakland-Fremont, CA",0.0,no cell in the extract: territory at zero opportunity
ifa_pac_k5,94563,ifa,CA,IFA,IFA_01,IFA,,06013,41860,0654232,"IFA San Francisco-Oakland-Fremont, CA",1.23194,
ifa_pac_k5,94564,ifa,CA,IFA,IFA_01,IFA,,06013,41860,0657288,"IFA San Francisco-Oakland-Fremont, CA",0.0,no cell in the extract: territory at zero opportunity
ifa_pac_k5,94565,ifa,CA,IFA,IFA_01,IFA,,06013,41860,0657456,"IFA San Francisco-Oakland-Fremont, CA",0.0031818,
ifa_pac_k5,94566,ifa,CA,IFA,IFA_04,IFA,,06001,41860,0657792,"IFA Los Angeles-Long Beach-Anaheim, CA / San Francisco-Oakland-Fremont, CA",41.5988,
ifa_pac_k5,94567,ifa,CA,IFA,IFA_04,IFA,,06055,34900,,"IFA Los Angeles-Long Beach-Anaheim, CA / San Francisco-Oakland-Fremont, CA",0.0,no cell in the extract: territory at zero opportunity
ifa_pac_k5,94568,ifa,CA,IFA,IFA_04,IFA,,06001,41860,0620018,"IFA Los Angeles-Long Beach-Anaheim, CA / San Francisco-Oakland-Fremont, CA",1.77096,
ifa_pac_k5,94569,ifa,CA,IFA,IFA_01,IFA,,06013,41860,0658226,"IFA San Francisco-Oakland-Fremont, CA",0.0,no cell in the extract: territory at zero opportunity
ifa_pac_k5,94571,ifa,CA,IFA,IFA_04,IFA,,06095,46700,0660984,"IFA Los Angeles-Long Beach-Anaheim, CA / San Francisco-Oakland-Fremont, CA",0.0,no cell in the extract: territory at zero opportunity
ifa_pac_k5,94572,ifa,CA,IFA,IFA_01,IFA,,06013,41860,0662490,"IFA San Francisco-Oakland-Fremont, CA",0.0,no cell in the extract: territory at zero opportunity
ifa_pac_k5,94573,ifa,CA,IFA,IFA_04,IFA,,06055,34900,0663400,"IFA Los Angeles-Long Beach-Anaheim, CA / San Francisco-Oakland-Fremont, CA",0.0,no cell in the extract: territory at zero opportunity
ifa_pac_k5,94574,ifa,CA,IFA,IFA_04,IFA,,06055,34900,0664140,"IFA Los Angeles-Long Beach-Anaheim, CA / San Francisco-Oakland-Fremont, CA",0.177334,
ifa_pac_k5,94575,ifa,CA,IFA,IFA_01,IFA,,06013,41860,0649187,"IFA San Francisco-Oakland-Fremont, CA",0.0,no cell in the extract: territory at zero opportunity
ifa_pac_k5,94576,ifa,CA,IFA,IFA_04,IFA,,06055,34900,0618324,"IFA Los Angeles-Long Beach-Anaheim, CA / San Francisco-Oakland-Fremont, CA",0.0,no cell in the extract: territory at zero opportunity
ifa_pac_k5,94577,ifa,CA,IFA,IFA_01,IFA,,06001,41860,0668084,"IFA San Francisco-Oakland-Fremont, CA",1.48251,
ifa_pac_k5,94578,ifa,CA,IFA,IFA_01,IFA,,06001,41860,0668084,"IFA San Francisco-Oakland-Fremont, CA",0.0134837,
ifa_pac_k5,94579,ifa,CA,IFA,IFA_01,IFA,,06001,41860,0668084,"IFA San Francisco-Oakland-Fremont, CA",0.00636361,
ifa_pac_k5,94580,ifa,CA,IFA,IFA_01,IFA,,06001,41860,0668112,"IFA San Francisco-Oakland-Fremont, CA",0.0,no cell in the extract: territory at zero opportunity
ifa_pac_k5,94582,ifa,CA,IFA,IFA_04,IFA,,06013,41860,0668378,"IFA Los Angeles-Long Beach-Anaheim, CA / San Francisco-Oakland-Fremont, CA",0.161259,
ifa_pac_k5,94583,ifa,CA,IFA,IFA_04,IFA,,06013,41860,0668378,"IFA Los Angeles-Long Beach-Anaheim, CA / San Francisco-Oakland-Fremont, CA",100.26,
ifa_pac_k5,94585,ifa,CA,IFA,IFA_04,IFA,,06095,46700,0675630,"IFA Los Angeles-Long Beach-Anaheim, CA / San Francisco-Oakland-Fremont, CA",0.0,no cell in the extract: territory at zero opportunity
ifa_pac_k5,94586,ifa,CA,IFA,IFA_04,IFA,,06001,41860,0677042,"IFA Los Angeles-Long Beach-Anaheim, CA / San Francisco-Oakland-Fremont, CA",0.0,no cell in the extract: territory at zero opportunity
ifa_pac_k5,94587,ifa,CA,IFA,IFA_01,IFA,,06001,41860,0681204,"IFA San Francisco-Oakland-Fremont, CA",0.0102671,
ifa_pac_k5,94588,ifa,CA,IFA,IFA_04,IFA,,06001,41860,0657792,"IFA Los Angeles-Long Beach-Anaheim, CA / San Francisco-Oakland-Fremont, CA",15.1659,
ifa_pac_k5,94589,ifa,CA,IFA,IFA_01,IFA,,06095,46700,0681666,"IFA San Francisco-Oakland-Fremont, CA",0.618065,
ifa_pac_k5,94590,ifa,CA,IFA,IFA_01,IFA,,06095,46700,0681666,"IFA San Francisco-Oakland-Fremont, CA",0.0,no cell in the extract: territory at zero opportunity
ifa_pac_k5,94591,ifa,CA,IFA,IFA_01,IFA,,06095,46700,0681666,"IFA San Francisco-Oakland-Fremont, CA",0.0,no cell in the extract: territory at zero opportunity
ifa_pac_k5,94592,ifa,CA,IFA,IFA_01,IFA,,06095,46700,0681666,"IFA San Francisco-Oakland-Fremont, CA",0.0,no cell in the extract: territory at zero opportunity
ifa_pac_k5,94595,ifa,CA,IFA,IFA_01,IFA,,06013,41860,0683346,"IFA San Francisco-Oakland-Fremont, CA",0.17207,
ifa_pac_k5,94596,ifa,CA,IFA,IFA_01,IFA,,06013,41860,0683346,"IFA San Francisco-Oakland-Fremont, CA",51.3422,
ifa_pac_k5,94597,ifa,CA,IFA,IFA_01,IFA,,06013,41860,0683346,"IFA San Francisco-Oakland-Fremont, CA",20.6979,
ifa_pac_k5,94598,ifa,CA,IFA,IFA_01,IFA,,06013,41860,0683346,"IFA San Francisco-Oakland-Fremont, CA",11.3085,
ifa_pac_k5,94599,ifa,CA,IFA,IFA_04,IFA,,06055,34900,0686930,"IFA Los Angeles-Long Beach-Anaheim, CA / San Francisco-Oakland-Fremont, CA",0.0,no cell in the extract: territory at zero opportunity
ifa_pac_k5,94601,ifa,CA,IFA,IFA_01,IFA,,06001,41860,0653000,"IFA San Francisco-Oakland-Fremont, CA",0.0,no cell in the extract: territory at zero opportunity
ifa_pac_k5,94602,ifa,CA,IFA,IFA_01,IFA,,06001,41860,0653000,"IFA San Francisco-Oakland-Fremont, CA",0.0,no cell in the extract: territory at zero opportunity
ifa_pac_k5,94603,ifa,CA,IFA,IFA_01,IFA,,06001,41860,0653000,"IFA San Francisco-Oakland-Fremont, CA",0.0,no cell in the extract: territory at zero opportunity
ifa_pac_k5,94605,ifa,CA,IFA,IFA_01,IFA,,06001,41860,0653000,"IFA San Francisco-Oakland-Fremont, CA",0.0,no cell in the extract: territory at zero opportunity
ifa_pac_k5,94606,ifa,CA,IFA,IFA_01,IFA,,06001,41860,0653000,"IFA San Francisco-Oakland-Fremont, CA",0.00632383,
ifa_pac_k5,94607,ifa,CA,IFA,IFA_01,IFA,,06001,41860,0653000,"IFA San Francisco-Oakland-Fremont, CA",2.05777,
ifa_pac_k5,94608,ifa,CA,IFA,IFA_01,IFA,,06001,41860,0653000,"IFA San Francisco-Oakland-Fremont, CA",1.11186,
ifa_pac_k5,94609,ifa,CA,IFA,IFA_01,IFA,,06001,41860,0653000,"IFA San Francisco-Oakland-Fremont, CA",0.0,no cell in the extract: territory at zero opportunity
ifa_pac_k5,94610,ifa,CA,IFA,IFA_01,IFA,,06001,41860,0653000,"IFA San Francisco-Oakland-Fremont, CA",0.0,no cell in the extract: territory at zero opportunity
ifa_pac_k5,94611,ifa,CA,IFA,IFA_01,IFA,,06001,41860,0653000,"IFA San Francisco-Oakland-Fremont, CA",1.5358,
ifa_pac_k5,94612,ifa,CA,IFA,IFA_01,IFA,,06001,41860,0653000,"IFA San Francisco-Oakland-Fremont, CA",3.95588,
ifa_pac_k5,94613,ifa,CA,IFA,IFA_01,IFA,,06001,41860,0653000,"IFA San Francisco-Oakland-Fremont, CA",0.0,no cell in the extract: territory at zero opportunity
ifa_pac_k5,94618,ifa,CA,IFA,IFA_01,IFA,,06001,41860,0653000,"IFA San Francisco-Oakland-Fremont, CA",0.495935,
ifa_pac_k5,94619,ifa,CA,IFA,IFA_01,IFA,,06001,41860,0653000,"IFA San Francisco-Oakland-Fremont, CA",0.0,no cell in the extract: territory at zero opportunity
ifa_pac_k5,94621,ifa,CA,IFA,IFA_01,IFA,,06001,41860,0653000,"IFA San Francisco-Oakland-Fremont, CA",0.0,no cell in the extract: territory at zero opportunity
ifa_pac_k5,94702,ifa,CA,IFA,IFA_01,IFA,,06001,41860,0606000,"IFA San Francisco-Oakland-Fremont, CA",0.0,no cell in the extract: territory at zero opportunity
ifa_pac_k5,94703,ifa,CA,IFA,IFA_01,IFA,,06001,41860,0606000,"IFA San Francisco-Oakland-Fremont, CA",0.0,no cell in the extract: territory at zero opportunity
ifa_pac_k5,94704,ifa,CA,IFA,IFA_01,IFA,,06001,41860,0606000,"IFA San Francisco-Oakland-Fremont, CA",0.0,no cell in the extract: territory at zero opportunity
ifa_pac_k5,94705,ifa,CA,IFA,IFA_01,IFA,,06001,41860,0653000,"IFA San Francisco-Oakland-Fremont, CA",0.252176,
ifa_pac_k5,94706,ifa,CA,IFA,IFA_01,IFA,,06001,41860,0600674,"IFA San Francisco-Oakland-Fremont, CA",0.0,no cell in the extract: territory at zero opportunity
ifa_pac_k5,94707,ifa,CA,IFA,IFA_01,IFA,,06001,41860,0606000,"IFA San Francisco-Oakland-Fremont, CA",0.0,no cell in the extract: territory at zero opportunity
ifa_pac_k5,94708,ifa,CA,IFA,IFA_01,IFA,,06013,41860,0606000,"IFA San Francisco-Oakland-Fremont, CA",0.0,no cell in the extract: territory at zero opportunity
ifa_pac_k5,94709,ifa,CA,IFA,IFA_01,IFA,,06001,41860,0606000,"IFA San Francisco-Oakland-Fremont, CA",0.0,no cell in the extract: territory at zero opportunity
ifa_pac_k5,94710,ifa,CA,IFA,IFA_01,IFA,,06001,41860,0606000,"IFA San Francisco-Oakland-Fremont, CA",0.0,no cell in the extract: territory at zero opportunity
ifa_pac_k5,94720,ifa,CA,IFA,IFA_01,IFA,,06001,41860,0606000,"IFA San Francisco-Oakland-Fremont, CA",0.0,no cell in the extract: territory at zero opportunity
ifa_pac_k5,94801,ifa,CA,IFA,IFA_01,IFA,,06013,41860,0660620,"IFA San Francisco-Oakland-Fremont, CA",0.0,no cell in the extract: territory at zero opportunity
ifa_pac_k5,94803,ifa,CA,IFA,IFA_01,IFA,,06013,41860,0660620,"IFA San Francisco-Oakland-Fremont, CA",0.137616,
ifa_pac_k5,94804,ifa,CA,IFA,IFA_01,IFA,,06013,41860,0660620,"IFA San Francisco-Oakland-Fremont, CA",0.0,no cell in the extract: territory at zero opportunity
ifa_pac_k5,94805,ifa,CA,IFA,IFA_01,IFA,,06013,41860,0660620,"IFA San Francisco-Oakland-Fremont, CA",0.0,no cell in the extract: territory at zero opportunity
ifa_pac_k5,94806,ifa,CA,IFA,IFA_01,IFA,,06013,41860,0660620,"IFA San Francisco-Oakland-Fremont, CA",0.328673,
ifa_pac_k5,94901,ifa,CA,IFA,IFA_01,IFA,,06041,41860,0668364,"IFA San Francisco-Oakland-Fremont, CA",9.71684,
ifa_pac_k5,94903,ifa,CA,IFA,IFA_01,IFA,,06041,41860,0668364,"IFA San Francisco-Oakland-Fremont, CA",2.59351,
ifa_pac_k5,94904,ifa,CA,IFA,IFA_01,IFA,,06041,41860,0638114,"IFA San Francisco-Oakland-Fremont, CA",1.19662,
ifa_pac_k5,94920,ifa,CA,IFA,IFA_01,IFA,,06041,41860,0678666,"IFA San Francisco-Oakland-Fremont, CA",1.72932,
ifa_pac_k5,94922,ifa,CA,IFA,IFA_01,IFA,,06097,42220,0607246,"IFA San Francisco-Oakland-Fremont, CA",0.0,no cell in the extract: territory at zero opportunity
ifa_pac_k5,94923,ifa,CA,IFA,IFA_01,IFA,,06097,42220,0607260,"IFA San Francisco-Oakland-Fremont, CA",0.0,no cell in the extract: territory at zero opportunity
ifa_pac_k5,94924,ifa,CA,IFA,IFA_01,IFA,,06041,41860,0607316,"IFA San Francisco-Oakland-Fremont, CA",0.0,no cell in the extract: territory at zero opportunity
ifa_pac_k5,94925,ifa,CA,IFA,IFA_01,IFA,,06041,41860,0616462,"IFA San Francisco-Oakland-Fremont, CA",0.756073,
ifa_pac_k5,94928,ifa,CA,IFA,IFA_01,IFA,,06097,42220,0662546,"IFA San Francisco-Oakland-Fremont, CA",2.555,
ifa_pac_k5,94929,ifa,CA,IFA,IFA_01,IFA,,06041,41860,0619262,"IFA San Francisco-Oakland-Fremont, CA",0.0,no cell in the extract: territory at zero opportunity
ifa_pac_k5,94930,ifa,CA,IFA,IFA_01,IFA,,06041,41860,0623168,"IFA San Francisco-Oakland-Fremont, CA",0.0,no cell in the extract: territory at zero opportunity
ifa_pac_k5,94931,ifa,CA,IFA,IFA_01,IFA,,06097,42220,0616560,"IFA San Francisco-Oakland-Fremont, CA",0.0,no cell in the extract: territory at zero opportunity
ifa_pac_k5,94933,ifa,CA,IFA,IFA_01,IFA,,06041,41860,0639283,"IFA San Francisco-Oakland-Fremont, CA",0.0,no cell in the extract: territory at zero opportunity
ifa_pac_k5,94937,ifa,CA,IFA,IFA_01,IFA,,06041,41860,0636616,"IFA San Francisco-Oakland-Fremont, CA",0.0,no cell in the extract: territory at zero opportunity
ifa_pac_k5,94938,ifa,CA,IFA,IFA_01,IFA,,06041,41860,0639283,"IFA San Francisco-Oakland-Fremont, CA",0.0,no cell in the extract: territory at zero opportunity
ifa_pac_k5,94939,ifa,CA,IFA,IFA_01,IFA,,06041,41860,0640438,"IFA San Francisco-Oakland-Fremont, CA",4.75563,
ifa_pac_k5,94940,ifa,CA,IFA,IFA_01,IFA,,06041,41860,,"IFA San Francisco-Oakland-Fremont, CA",0.0,no cell in the extract: territory at zero opportunity
ifa_pac_k5,94941,ifa,CA,IFA,IFA_01,IFA,,06041,41860,0647710,"IFA San Francisco-Oakland-Fremont, CA",6.26074,
ifa_pac_k5,94945,ifa,CA,IFA,IFA_01,IFA,,06041,41860,0652582,"IFA San Francisco-Oakland-Fremont, CA",5.48997,
ifa_pac_k5,94946,ifa,CA,IFA,IFA_01,IFA,,06041,41860,0651280,"IFA San Francisco-Oakland-Fremont, CA",0.0,no cell in the extract: territory at zero opportunity
ifa_pac_k5,94947,ifa,CA,IFA,IFA_01,IFA,,06041,41860,0652582,"IFA San Francisco-Oakland-Fremont, CA",0.740773,
ifa_pac_k5,94949,ifa,CA,IFA,IFA_01,IFA,,06041,41860,0652582,"IFA San Francisco-Oakland-Fremont, CA",8.00343,
ifa_pac_k5,94950,ifa,CA,IFA,IFA_01,IFA,,06041,41860,,"IFA San Francisco-Oakland-Fremont, CA",0.0,no cell in the extract: territory at zero opportunity
ifa_pac_k5,94951,ifa,CA,IFA,IFA_04,IFA,,06097,42220,0656476,"IFA Los Angeles-Long Beach-Anaheim, CA / San Francisco-Oakland-Fremont, CA",0.0,no cell in the extract: territory at zero opportunity
ifa_pac_k5,94952,ifa,CA,IFA,IFA_01,IFA,,06041,41860,0607036,"IFA San Francisco-Oakland-Fremont, CA",0.0,no cell in the extract: territory at zero opportunity
ifa_pac_k5,94954,ifa,CA,IFA,IFA_01,IFA,,06097,42220,0656784,"IFA San Francisco-Oakland-Fremont, CA",4.64831,
ifa_pac_k5,94956,ifa,CA,IFA,IFA_01,IFA,,06041,41860,0636616,"IFA San Francisco-Oakland-Fremont, CA",0.0,no cell in the extract: territory at zero opportunity
ifa_pac_k5,94957,ifa,CA,IFA,IFA_01,IFA,,06041,41860,0662980,"IFA San Francisco-Oakland-Fremont, CA",0.0,no cell in the extract: territory at zero opportunity
ifa_pac_k5,94960,ifa,CA,IFA,IFA_01,IFA,,06041,41860,0672184,"IFA San Francisco-Oakland-Fremont, CA",1.69777,
ifa_pac_k5,94963,ifa,CA,IFA,IFA_01,IFA,,06041,41860,0667070,"IFA San Francisco-Oakland-Fremont, CA",0.0,no cell in the extract: territory at zero opportunity
ifa_pac_k5,94964,ifa,CA,IFA,IFA_01,IFA,,06041,41860,,"IFA San Francisco-Oakland-Fremont, CA",0.0,no cell in the extract: territory at zero opportunity
ifa_pac_k5,94965,ifa,CA,IFA,IFA_01,IFA,,06041,41860,0670364,"IFA San Francisco-Oakland-Fremont, CA",1.10371,
ifa_pac_k5,94970,ifa,CA,IFA,IFA_01,IFA,,06041,41860,0674172,"IFA San Francisco-Oakland-Fremont, CA",0.0,no cell in the extract: territory at zero opportunity
ifa_pac_k5,94971,ifa,CA,IFA,IFA_01,IFA,,06041,41860,0619262,"IFA San Francisco-Oakland-Fremont, CA",0.0,no cell in the extract: territory at zero opportunity
ifa_pac_k5,94972,ifa,CA,IFA,IFA_01,IFA,,06097,42220,0607246,"IFA San Francisco-Oakland-Fremont, CA",0.0,no cell in the extract: territory at zero opportunity
ifa_pac_k5,94973,ifa,CA,IFA,IFA_01,IFA,,06041,41860,0686216,"IFA San Francisco-Oakland-Fremont, CA",0.0,no cell in the extract: territory at zero opportunity
ifa_pac_k5,95002,ifa,CA,IFA,IFA_01,IFA,,06085,41940,0668000,"IFA San Francisco-Oakland-Fremont, CA",28.3419,
ifa_pac_k5,95003,ifa,CA,IFA,IFA_01,IFA,,06087,42100,0618153,"IFA San Francisco-Oakland-Fremont, CA",3.65347,
ifa_pac_k5,95004,ifa,CA,IFA,IFA_04,IFA,,06053,41500,0658870,"IFA Los Angeles-Long Beach-Anaheim, CA / San Francisco-Oakland-Fremont, CA",0.0,no cell in the extract: territory at zero opportunity
ifa_pac_k5,95005,ifa,CA,IFA,IFA_01,IFA,,06087,42100,0605332,"IFA San Francisco-Oakland-Fremont, CA",0.0,no cell in the extract: territory at zero opportunity
ifa_pac_k5,95006,ifa,CA,IFA,IFA_01,IFA,,06087,42100,0607652,"IFA San Francisco-Oakland-Fremont, CA",0.0,no cell in the extract: territory at zero opportunity
ifa_pac_k5,95007,ifa,CA,IFA,IFA_01,IFA,,06087,42100,0608478,"IFA San Francisco-Oakland-Fremont, CA",0.0,no cell in the extract: territory at zero opportunity
ifa_pac_k5,95008,ifa,CA,IFA,IFA_04,IFA,,06085,41940,0610345,"IFA Los Angeles-Long Beach-Anaheim, CA / San Francisco-Oakland-Fremont, CA",39.1965,
ifa_pac_k5,95010,ifa,CA,IFA,IFA_01,IFA,,06087,42100,0611040,"IFA San Francisco-Oakland-Fremont, CA",4.34439,
ifa_pac_k5,95012,ifa,CA,IFA,IFA_01,IFA,,06053,41500,0622034,"IFA San Francisco-Oakland-Fremont, CA",0.0,no cell in the extract: territory at zero opportunity
ifa_pac_k5,95013,ifa,CA,IFA,IFA_05,IFA,,06085,41940,0668000,"IFA Seattle-Tacoma-Bellevue, WA",0.0,no cell in the extract: territory at zero opportunity
ifa_pac_k5,95014,ifa,CA,IFA,IFA_01,IFA,,06085,41940,0617610,"IFA San Francisco-Oakland-Fremont, CA",10.4375,
ifa_pac_k5,95017,ifa,CA,IFA,IFA_01,IFA,,06087,42100,0618086,"IFA San Francisco-Oakland-Fremont, CA",0.0,no cell in the extract: territory at zero opportunity
ifa_pac_k5,95018,ifa,CA,IFA,IFA_01,IFA,,06087,42100,0623826,"IFA San Francisco-Oakland-Fremont, CA",0.0,no cell in the extract: territory at zero opportunity
ifa_pac_k5,95019,ifa,CA,IFA,IFA_01,IFA,,06087,42100,0683668,"IFA San Francisco-Oakland-Fremont, CA",0.0,no cell in the extract: territory at zero opportunity
ifa_pac_k5,95020,ifa,CA,IFA,IFA_04,IFA,,06085,41940,0629504,"IFA Los Angeles-Long Beach-Anaheim, CA / San Francisco-Oakland-Fremont, CA",12.1718,
ifa_pac_k5,95023,ifa,CA,IFA,IFA_04,IFA,,06069,41940,0634120,"IFA Los Angeles-Long Beach-Anaheim, CA / San Francisco-Oakland-Fremont, CA",0.0238635,
ifa_pac_k5,95030,ifa,CA,IFA,IFA_01,IFA,,06085,41940,0644112,"IFA San Francisco-Oakland-Fremont, CA",7.10082,
ifa_pac_k5,95032,ifa,CA,IFA,IFA_01,IFA,,06085,41940,0644112,"IFA San Francisco-Oakland-Fremont, CA",7.07688,
ifa_pac_k5,95033,ifa,CA,IFA,IFA_01,IFA,,06087,42100,0641282,"IFA San Francisco-Oakland-Fremont, CA",0.0,no cell in the extract: territory at zero opportunity
ifa_pac_k5,95035,ifa,CA,IFA,IFA_04,IFA,,06085,41940,0647766,"IFA Los Angeles-Long Beach-Anaheim, CA / San Francisco-Oakland-Fremont, CA",31.3742,
ifa_pac_k5,95037,ifa,CA,IFA,IFA_04,IFA,,06085,41940,0668000,"IFA Los Angeles-Long Beach-Anaheim, CA / San Francisco-Oakland-Fremont, CA",0.267955,
ifa_pac_k5,95039,ifa,CA,IFA,IFA_01,IFA,,06053,41500,0649488,"IFA San Francisco-Oakland-Fremont, CA",0.0,no cell in the extract: territory at zero opportunity
ifa_pac_k5,95041,ifa,CA,IFA,IFA_01,IFA,,06087,42100,0649796,"IFA San Francisco-Oakland-Fremont, CA",0.0,no cell in the extract: territory at zero opportunity
ifa_pac_k5,95043,ifa,CA,IFA,IFA_04,IFA,,06069,41940,,"IFA Los Angeles-Long Beach-Anaheim, CA / San Francisco-Oakland-Fremont, CA",0.0,no cell in the extract: territory at zero opportunity
ifa_pac_k5,95045,ifa,CA,IFA,IFA_04,IFA,,06069,41940,0668014,"IFA Los Angeles-Long Beach-Anaheim, CA / San Francisco-Oakland-Fremont, CA",0.0,no cell in the extract: territory at zero opportunity
ifa_pac_k5,95046,ifa,CA,IFA,IFA_04,IFA,,06085,41940,0668238,"IFA Los Angeles-Long Beach-Anaheim, CA / San Francisco-Oakland-Fremont, CA",0.0,no cell in the extract: territory at zero opportunity
ifa_pac_k5,95050,ifa,CA,IFA,IFA_04,IFA,,06085,41940,0669084,"IFA Los Angeles-Long Beach-Anaheim, CA / San Francisco-Oakland-Fremont, CA",0.379338,
ifa_pac_k5,95051,ifa,CA,IFA,IFA_01,IFA,,06085,41940,0669084,"IFA San Francisco-Oakland-Fremont, CA",4.95059,
ifa_pac_k5,95053,ifa,CA,IFA,IFA_04,IFA,,06085,41940,0669084,"IFA Los Angeles-Long Beach-Anaheim, CA / San Francisco-Oakland-Fremont, CA",0.0,no cell in the extract: territory at zero opportunity
ifa_pac_k5,95054,ifa,CA,IFA,IFA_01,IFA,,06085,41940,0669084,"IFA San Francisco-Oakland-Fremont, CA",10.979,
ifa_pac_k5,95060,ifa,CA,IFA,IFA_01,IFA,,06087,42100,0607470,"IFA San Francisco-Oakland-Fremont, CA",0.596588,
ifa_pac_k5,95062,ifa,CA,IFA,IFA_01,IFA,,06087,42100,0669112,"IFA San Francisco-Oakland-Fremont, CA",0.885051,
ifa_pac_k5,95064,ifa,CA,IFA,IFA_01,IFA,,06087,42100,0669112,"IFA San Francisco-Oakland-Fremont, CA",0.0,no cell in the extract: territory at zero opportunity
ifa_pac_k5,95065,ifa,CA,IFA,IFA_01,IFA,,06087,42100,0641922,"IFA San Francisco-Oakland-Fremont, CA",0.0,no cell in the extract: territory at zero opportunity
ifa_pac_k5,95066,ifa,CA,IFA,IFA_01,IFA,,06087,42100,0670588,"IFA San Francisco-Oakland-Fremont, CA",0.839586,
ifa_pac_k5,95070,ifa,CA,IFA,IFA_01,IFA,,06085,41940,0670280,"IFA San Francisco-Oakland-Fremont, CA",2.44073,
ifa_pac_k5,95073,ifa,CA,IFA,IFA_01,IFA,,06087,42100,0672688,"IFA San Francisco-Oakland-Fremont, CA",3.52832,
ifa_pac_k5,95075,ifa,CA,IFA,IFA_04,IFA,,06069,41940,0680364,"IFA Los Angeles-Long Beach-Anaheim, CA / San Francisco-Oakland-Fremont, CA",0.0,no cell in the extract: territory at zero opportunity
ifa_pac_k5,95076,ifa,CA,IFA,IFA_01,IFA,,06087,42100,0636613,"IFA San Francisco-Oakland-Fremont, CA",0.0133083,
ifa_pac_k5,95110,ifa,CA,IFA,IFA_04,IFA,,06085,41940,0668000,"IFA Los Angeles-Long Beach-Anaheim, CA / San Francisco-Oakland-Fremont, CA",22.6788,
ifa_pac_k5,95111,ifa,CA,IFA,IFA_05,IFA,,06085,41940,0668000,"IFA Seattle-Tacoma-Bellevue, WA",0.0,no cell in the extract: territory at zero opportunity
ifa_pac_k5,95112,ifa,CA,IFA,IFA_05,IFA,,06085,41940,0668000,"IFA Seattle-Tacoma-Bellevue, WA",2.95789,
ifa_pac_k5,95113,ifa,CA,IFA,IFA_04,IFA,,06085,41940,0668000,"IFA Los Angeles-Long Beach-Anaheim, CA / San Francisco-Oakland-Fremont, CA",2.85727,
ifa_pac_k5,95116,ifa,CA,IFA,IFA_05,IFA,,06085,41940,0668000,"IFA Seattle-Tacoma-Bellevue, WA",0.0,no cell in the extract: territory at zero opportunity
ifa_pac_k5,95117,ifa,CA,IFA,IFA_01,IFA,,06085,41940,0668000,"IFA San Francisco-Oakland-Fremont, CA",2.11643,
ifa_pac_k5,95118,ifa,CA,IFA,IFA_05,IFA,,06085,41940,0668000,"IFA Seattle-Tacoma-Bellevue, WA",0.0,no cell in the extract: territory at zero opportunity
ifa_pac_k5,95119,ifa,CA,IFA,IFA_05,IFA,,06085,41940,0668000,"IFA Seattle-Tacoma-Bellevue, WA",1.46155,
ifa_pac_k5,95120,ifa,CA,IFA,IFA_04,IFA,,06085,41940,0668000,"IFA Los Angeles-Long Beach-Anaheim, CA / San Francisco-Oakland-Fremont, CA",0.0198863,
ifa_pac_k5,95121,ifa,CA,IFA,IFA_05,IFA,,06085,41940,0668000,"IFA Seattle-Tacoma-Bellevue, WA",1.02289,
ifa_pac_k5,95122,ifa,CA,IFA,IFA_05,IFA,,06085,41940,0668000,"IFA Seattle-Tacoma-Bellevue, WA",0.0,no cell in the extract: territory at zero opportunity
ifa_pac_k5,95123,ifa,CA,IFA,IFA_05,IFA,,06085,41940,0668000,"IFA Seattle-Tacoma-Bellevue, WA",10.3631,
ifa_pac_k5,95124,ifa,CA,IFA,IFA_04,IFA,,06085,41940,0668000,"IFA Los Angeles-Long Beach-Anaheim, CA / San Francisco-Oakland-Fremont, CA",2.32992,
ifa_pac_k5,95125,ifa,CA,IFA,IFA_05,IFA,,06085,41940,0668000,"IFA Seattle-Tacoma-Bellevue, WA",18.7391,
ifa_pac_k5,95126,ifa,CA,IFA,IFA_04,IFA,,06085,41940,0668000,"IFA Los Angeles-Long Beach-Anaheim, CA / San Francisco-Oakland-Fremont, CA",30.4137,
ifa_pac_k5,95127,ifa,CA,IFA,IFA_05,IFA,,06085,41940,0668000,"IFA Seattle-Tacoma-Bellevue, WA",0.350369,
ifa_pac_k5,95128,ifa,CA,IFA,IFA_04,IFA,,06085,41940,0668000,"IFA Los Angeles-Long Beach-Anaheim, CA / San Francisco-Oakland-Fremont, CA",5.10734,
ifa_pac_k5,95129,ifa,CA,IFA,IFA_01,IFA,,06085,41940,0668000,"IFA San Francisco-Oakland-Fremont, CA",6.92044,
ifa_pac_k5,95130,ifa,CA,IFA,IFA_01,IFA,,06085,41940,0668000,"IFA San Francisco-Oakland-Fremont, CA",3.87125,
ifa_pac_k5,95131,ifa,CA,IFA,IFA_04,IFA,,06085,41940,0668000,"IFA Los Angeles-Long Beach-Anaheim, CA / San Francisco-Oakland-Fremont, CA",24.6547,
ifa_pac_k5,95132,ifa,CA,IFA,IFA_05,IFA,,06085,41940,0668000,"IFA Seattle-Tacoma-Bellevue, WA",0.0,no cell in the extract: territory at zero opportunity
ifa_pac_k5,95133,ifa,CA,IFA,IFA_05,IFA,,06085,41940,0668000,"IFA Seattle-Tacoma-Bellevue, WA",0.0,no cell in the extract: territory at zero opportunity
ifa_pac_k5,95134,ifa,CA,IFA,IFA_01,IFA,,06085,41940,0668000,"IFA San Francisco-Oakland-Fremont, CA",5.03029,
ifa_pac_k5,95135,ifa,CA,IFA,IFA_05,IFA,,06085,41940,0668000,"IFA Seattle-Tacoma-Bellevue, WA",0.0,no cell in the extract: territory at zero opportunity
ifa_pac_k5,95136,ifa,CA,IFA,IFA_05,IFA,,06085,41940,0668000,"IFA Seattle-Tacoma-Bellevue, WA",1.80775,
ifa_pac_k5,95138,ifa,CA,IFA,IFA_05,IFA,,06085,41940,0668000,"IFA Seattle-Tacoma-Bellevue, WA",0.358592,
ifa_pac_k5,95139,ifa,CA,IFA,IFA_05,IFA,,06085,41940,0668000,"IFA Seattle-Tacoma-Bellevue, WA",0.0,no cell in the extract: territory at zero opportunity
ifa_pac_k5,95140,ifa,CA,IFA,IFA_05,IFA,,06085,41940,0668000,"IFA Seattle-Tacoma-Bellevue, WA",0.0,no cell in the extract: territory at zero opportunity
ifa_pac_k5,95148,ifa,CA,IFA,IFA_05,IFA,,06085,41940,0668000,"IFA Seattle-Tacoma-Bellevue, WA",2.05985,
ifa_pac_k5,95202,ifa,CA,IFA,IFA_04,IFA,,06077,44700,0675000,"IFA Los Angeles-Long Beach-Anaheim, CA / San Francisco-Oakland-Fremont, CA",8.4509,
ifa_pac_k5,95203,ifa,CA,IFA,IFA_04,IFA,,06077,44700,0675000,"IFA Los Angeles-Long Beach-Anaheim, CA / San Francisco-Oakland-Fremont, CA",0.0,no cell in the extract: territory at zero opportunity
ifa_pac_k5,95204,ifa,CA,IFA,IFA_04,IFA,,06077,44700,0675000,"IFA Los Angeles-Long Beach-Anaheim, CA / San Francisco-Oakland-Fremont, CA",0.163067,
ifa_pac_k5,95205,ifa,CA,IFA,IFA_05,IFA,,06077,44700,0675000,"IFA Seattle-Tacoma-Bellevue, WA",0.0,no cell in the extract: territory at zero opportunity
ifa_pac_k5,95206,ifa,CA,IFA,IFA_04,IFA,,06077,44700,0675000,"IFA Los Angeles-Long Beach-Anaheim, CA / San Francisco-Oakland-Fremont, CA",0.0,no cell in the extract: territory at zero opportunity
ifa_pac_k5,95207,ifa,CA,IFA,IFA_04,IFA,,06077,44700,0675000,"IFA Los Angeles-Long Beach-Anaheim, CA / San Francisco-Oakland-Fremont, CA",9.43299,
ifa_pac_k5,95209,ifa,CA,IFA,IFA_04,IFA,,06077,44700,0675000,"IFA Los Angeles-Long Beach-Anaheim, CA / San Francisco-Oakland-Fremont, CA",0.972804,
ifa_pac_k5,95210,ifa,CA,IFA,IFA_04,IFA,,06077,44700,0675000,"IFA Los Angeles-Long Beach-Anaheim, CA / San Francisco-Oakland-Fremont, CA",0.0,no cell in the extract: territory at zero opportunity
ifa_pac_k5,95211,ifa,CA,IFA,IFA_04,IFA,,06077,44700,0675000,"IFA Los Angeles-Long Beach-Anaheim, CA / San Francisco-Oakland-Fremont, CA",0.0,no cell in the extract: territory at zero opportunity
ifa_pac_k5,95212,ifa,CA,IFA,IFA_05,IFA,,06077,44700,0675000,"IFA Seattle-Tacoma-Bellevue, WA",0.0,no cell in the extract: territory at zero opportunity
ifa_pac_k5,95215,ifa,CA,IFA,IFA_05,IFA,,06077,44700,0683626,"IFA Seattle-Tacoma-Bellevue, WA",0.0,no cell in the extract: territory at zero opportunity
ifa_pac_k5,95219,ifa,CA,IFA,IFA_04,IFA,,06077,44700,0675000,"IFA Los Angeles-Long Beach-Anaheim, CA / San Francisco-Oakland-Fremont, CA",5.70784,
ifa_pac_k5,95220,ifa,CA,IFA,IFA_05,IFA,,06077,44700,0619440,"IFA Seattle-Tacoma-Bellevue, WA",0.0,no cell in the extract: territory at zero opportunity
ifa_pac_k5,95221,ifa,CA,IFA,IFA_03,IFA,,06009,,0602112,"IFA San Diego-Chula Vista-Carlsbad, CA",0.0,no cell in the extract: territory at zero opportunity
ifa_pac_k5,95222,ifa,CA,IFA,IFA_03,IFA,,06009,,0602112,"IFA San Diego-Chula Vista-Carlsbad, CA",0.0,no cell in the extract: territory at zero opportunity
ifa_pac_k5,95223,ifa,CA,IFA,IFA_05,IFA,,06003,23820,0602770,"IFA Seattle-Tacoma-Bellevue, WA",0.0,no cell in the extract: territory at zero opportunity
ifa_pac_k5,95224,ifa,CA,IFA,IFA_05,IFA,,06009,,0603316,"IFA Seattle-Tacoma-Bellevue, WA",0.0,no cell in the extract: territory at zero opportunity
ifa_pac_k5,95225,ifa,CA,IFA,IFA_05,IFA,,06009,,0610536,"IFA Seattle-Tacoma-Bellevue, WA",0.0,no cell in the extract: territory at zero opportunity
ifa_pac_k5,95226,ifa,CA,IFA,IFA_05,IFA,,06009,,0610536,"IFA Seattle-Tacoma-Bellevue, WA",0.0,no cell in the extract: territory at zero opportunity
ifa_pac_k5,95227,ifa,CA,IFA,IFA_03,IFA,,06077,44700,,"IFA San Diego-Chula Vista-Carlsbad, CA",0.0,no cell in the extract: territory at zero opportunity
ifa_pac_k5,95228,ifa,CA,IFA,IFA_03,IFA,,06009,,0616210,"IFA San Diego-Chula Vista-Carlsbad, CA",0.0,no cell in the extract: territory at zero opportunity
ifa_pac_k5,95230,ifa,CA,IFA,IFA_03,IFA,,06099,33700,0623630,"IFA San Diego-Chula Vista-Carlsbad, CA",0.0,no cell in the extract: territory at zero opportunity
ifa_pac_k5,95231,ifa,CA,IFA,IFA_04,IFA,,06077,44700,0626028,"IFA Los Angeles-Long Beach-Anaheim, CA / San Francisco-Oakland-Fremont, CA",0.0,no cell in the extract: territory at zero opportunity
ifa_pac_k5,95232,ifa,CA,IFA,IFA_05,IFA,,06009,,0629714,"IFA Seattle-Tacoma-Bellevue, WA",0.0,no cell in the extract: territory at zero opportunity
ifa_pac_k5,95233,ifa,CA,IFA,IFA_05,IFA,,06009,,0632436,"IFA Seattle-Tacoma-Bellevue, WA",0.0,no cell in the extract: territory at zero opportunity
ifa_pac_k5,95236,ifa,CA,IFA,IFA_03,IFA,,06077,44700,0641670,"IFA San Diego-Chula Vista-Carlsbad, CA",0.0,no cell in the extract: territory at zero opportunity
ifa_pac_k5,95237,ifa,CA,IFA,IFA_05,IFA,,06077,44700,0642104,"IFA Seattle-Tacoma-Bellevue, WA",0.0,no cell in the extract: territory at zero opportunity
ifa_pac_k5,95240,ifa,CA,IFA,IFA_05,IFA,,06077,44700,0642202,"IFA Seattle-Tacoma-Bellevue, WA",10.1376,
ifa_pac_k5,95242,ifa,CA,IFA,IFA_04,IFA,,06077,44700,0642202,"IFA Los Angeles-Long Beach-Anaheim, CA / San Francisco-Oakland-Fremont, CA",7.75127,
ifa_pac_k5,95245,ifa,CA,IFA,IFA_05,IFA,,06009,,0659220,"IFA Seattle-Tacoma-Bellevue, WA",0.0,no cell in the extract: territory at zero opportunity
ifa_pac_k5,95246,ifa,CA,IFA,IFA_05,IFA,,06009,,0649628,"IFA Seattle-Tacoma-Bellevue, WA",0.0,no cell in the extract: territory at zero opportunity
ifa_pac_k5,95247,ifa,CA,IFA,IFA_05,IFA,,06009,,0650034,"IFA Seattle-Tacoma-Bellevue, WA",0.387777,
ifa_pac_k5,95248,ifa,CA,IFA,IFA_05,IFA,,06009,,0659220,"IFA Seattle-Tacoma-Bellevue, WA",0.0,no cell in the extract: territory at zero opportunity
ifa_pac_k5,95249,ifa,CA,IFA,IFA_05,IFA,,06009,,0664420,"IFA Seattle-Tacoma-Bellevue, WA",0.0,no cell in the extract: territory at zero opportunity
ifa_pac_k5,95251,ifa,CA,IFA,IFA_05,IFA,,06009,,0681652,"IFA Seattle-Tacoma-Bellevue, WA",0.0,no cell in the extract: territory at zero opportunity
ifa_pac_k5,95252,ifa,CA,IFA,IFA_03,IFA,,06009,,0659426,"IFA San Diego-Chula Vista-Carlsbad, CA",0.0,no cell in the extract: territory at zero opportunity
ifa_pac_k5,95253,ifa,CA,IFA,IFA_05,IFA,,06077,44700,0682562,"IFA Seattle-Tacoma-Bellevue, WA",0.0,no cell in the extract: territory at zero opportunity
ifa_pac_k5,95254,ifa,CA,IFA,IFA_05,IFA,,06009,,0683304,"IFA Seattle-Tacoma-Bellevue, WA",0.0,no cell in the extract: territory at zero opportunity
ifa_pac_k5,95255,ifa,CA,IFA,IFA_05,IFA,,06009,,0684732,"IFA Seattle-Tacoma-Bellevue, WA",0.0,no cell in the extract: territory at zero opportunity
ifa_pac_k5,95257,ifa,CA,IFA,IFA_05,IFA,,06009,,0685810,"IFA Seattle-Tacoma-Bellevue, WA",0.0,no cell in the extract: territory at zero opportunity
ifa_pac_k5,95258,ifa,CA,IFA,IFA_05,IFA,,06077,44700,0686230,"IFA Seattle-Tacoma-Bellevue, WA",0.36391,
ifa_pac_k5,95301,ifa,CA,IFA,IFA_03,IFA,,06047,32900,0603162,"IFA San Diego-Chula Vista-Carlsbad, CA",0.0,no cell in the extract: territory at zero opportunity
ifa_pac_k5,95303,ifa,CA,IFA,IFA_03,IFA,,06047,32900,0603708,"IFA San Diego-Chula Vista-Carlsbad, CA",0.0,no cell in the extract: territory at zero opportunity
ifa_pac_k5,95304,ifa,CA,IFA,IFA_05,IFA,,06077,44700,0680238,"IFA Seattle-Tacoma-Bellevue, WA",0.0,no cell in the extract: territory at zero opportunity
ifa_pac_k5,95305,ifa,CA,IFA,IFA_05,IFA,,06109,43760,0631372,"IFA Seattle-Tacoma-Bellevue, WA",0.0,no cell in the extract: territory at zero opportunity
ifa_pac_k5,95306,ifa,CA,IFA,IFA_05,IFA,,06043,,0612062,"IFA Seattle-Tacoma-Bellevue, WA",0.0,no cell in the extract: territory at zero opportunity
ifa_pac_k5,95307,ifa,CA,IFA,IFA_05,IFA,,06099,33700,0612524,"IFA Seattle-Tacoma-Bellevue, WA",0.407822,
ifa_pac_k5,95309,ifa,CA,IFA,IFA_05,IFA,,06109,43760,0613182,"IFA Seattle-Tacoma-Bellevue, WA",0.0,no cell in the extract: territory at zero opportunity
ifa_pac_k5,95310,ifa,CA,IFA,IFA_05,IFA,,06109,43760,0614904,"IFA Seattle-Tacoma-Bellevue, WA",0.0,no cell in the extract: territory at zero opportunity
ifa_pac_k5,95311,ifa,CA,IFA,IFA_05,IFA,,06043,,0630900,"IFA Seattle-Tacoma-Bellevue, WA",0.0,no cell in the extract: territory at zero opportunity
ifa_pac_k5,95312,ifa,CA,IFA,IFA_05,IFA,,06047,32900,0617078,"IFA Seattle-Tacoma-Bellevue, WA",0.0,no cell in the extract: territory at zero opportunity
ifa_pac_k5,95313,ifa,CA,IFA,IFA_05,IFA,,06099,33700,0648354,"IFA Seattle-Tacoma-Bellevue, WA",0.0,no cell in the extract: territory at zero opportunity
ifa_pac_k5,95315,ifa,CA,IFA,IFA_05,IFA,,06047,32900,0618464,"IFA Seattle-Tacoma-Bellevue, WA",0.0,no cell in the extract: territory at zero opportunity
ifa_pac_k5,95316,ifa,CA,IFA,IFA_03,IFA,,06099,33700,0618856,"IFA San Diego-Chula Vista-Carlsbad, CA",0.0,no cell in the extract: territory at zero opportunity
ifa_pac_k5,95317,ifa,CA,IFA,IFA_03,IFA,,06047,32900,0622286,"IFA San Diego-Chula Vista-Carlsbad, CA",0.0,no cell in the extract: territory at zero opportunity
ifa_pac_k5,95318,ifa,CA,IFA,IFA_05,IFA,,06043,,0622328,"IFA Seattle-Tacoma-Bellevue, WA",0.0,no cell in the extract: territory at zero opportunity
ifa_pac_k5,95319,ifa,CA,IFA,IFA_03,IFA,,06099,33700,0622622,"IFA San Diego-Chula Vista-Carlsbad, CA",0.0,no cell in the extract: territory at zero opportunity
ifa_pac_k5,95320,ifa,CA,IFA,IFA_03,IFA,,06077,44700,0622790,"IFA San Diego-Chula Vista-Carlsbad, CA",0.0,no cell in the extract: territory at zero opportunity
ifa_pac_k5,95321,ifa,CA,IFA,IFA_05,IFA,,06109,43760,0657244,"IFA Seattle-Tacoma-Bellevue, WA",0.0,no cell in the extract: territory at zero opportunity
ifa_pac_k5,95322,ifa,CA,IFA,IFA_03,IFA,,06047,32900,0670028,"IFA San Diego-Chula Vista-Carlsbad, CA",0.0,no cell in the extract: territory at zero opportunity
ifa_pac_k5,95323,ifa,CA,IFA,IFA_03,IFA,,06099,33700,0633504,"IFA San Diego-Chula Vista-Carlsbad, CA",0.0,no cell in the extract: territory at zero opportunity
ifa_pac_k5,95324,ifa,CA,IFA,IFA_05,IFA,,06047,32900,0633861,"IFA Seattle-Tacoma-Bellevue, WA",0.0,no cell in the extract: territory at zero opportunity
ifa_pac_k5,95325,ifa,CA,IFA,IFA_05,IFA,,06043,,0634708,"IFA Seattle-Tacoma-Bellevue, WA",0.0,no cell in the extract: territory at zero opportunity
ifa_pac_k5,95326,ifa,CA,IFA,IFA_03,IFA,,06099,33700,0634904,"IFA San Diego-Chula Vista-Carlsbad, CA",0.0,no cell in the extract: territory at zero opportunity
ifa_pac_k5,95327,ifa,CA,IFA,IFA_05,IFA,,06109,43760,0637106,"IFA Seattle-Tacoma-Bellevue, WA",0.0,no cell in the extract: territory at zero opportunity
ifa_pac_k5,95328,ifa,CA,IFA,IFA_05,IFA,,06099,33700,0638422,"IFA Seattle-Tacoma-Bellevue, WA",0.0,no cell in the extract: territory at zero opportunity
ifa_pac_k5,95329,ifa,CA,IFA,IFA_05,IFA,,06109,43760,0639484,"IFA Seattle-Tacoma-Bellevue, WA",0.0,no cell in the extract: territory at zero opportunity
ifa_pac_k5,95330,ifa,CA,IFA,IFA_04,IFA,,06077,44700,0640704,"IFA Los Angeles-Long Beach-Anaheim, CA / San Francisco-Oakland-Fremont, CA",0.0,no cell in the extract: territory at zero opportunity
ifa_pac_k5,95333,ifa,CA,IFA,IFA_05,IFA,,06047,32900,0641040,"IFA Seattle-Tacoma-Bellevue, WA",0.0,no cell in the extract: territory at zero opportunity
ifa_pac_k5,95334,ifa,CA,IFA,IFA_05,IFA,,06047,32900,0642006,"IFA Seattle-Tacoma-Bellevue, WA",0.0,no cell in the extract: territory at zero opportunity
ifa_pac_k5,95335,ifa,CA,IFA,IFA_05,IFA,,06109,43760,0642622,"IFA Seattle-Tacoma-Bellevue, WA",0.0,no cell in the extract: territory at zero opportunity
ifa_pac_k5,95336,ifa,CA,IFA,IFA_05,IFA,,06077,44700,0645484,"IFA Seattle-Tacoma-Bellevue, WA",0.0,no cell in the extract: territory at zero opportunity
ifa_pac_k5,95337,ifa,CA,IFA,IFA_05,IFA,,06077,44700,0645484,"IFA Seattle-Tacoma-Bellevue, WA",0.0,no cell in the extract: territory at zero opportunity
ifa_pac_k5,95338,ifa,CA,IFA,IFA_05,IFA,,06043,,0645932,"IFA Seattle-Tacoma-Bellevue, WA",0.0,no cell in the extract: territory at zero opportunity
ifa_pac_k5,95340,ifa,CA,IFA,IFA_05,IFA,,06047,32900,0646898,"IFA Seattle-Tacoma-Bellevue, WA",1.46451,
ifa_pac_k5,95341,ifa,CA,IFA,IFA_03,IFA,,06047,32900,0646898,"IFA San Diego-Chula Vista-Carlsbad, CA",0.0,no cell in the extract: territory at zero opportunity
ifa_pac_k5,95345,ifa,CA,IFA,IFA_05,IFA,,06043,,0647374,"IFA Seattle-Tacoma-Bellevue, WA",0.0,no cell in the extract: territory at zero opportunity
ifa_pac_k5,95346,ifa,CA,IFA,IFA_05,IFA,,06109,43760,0648298,"IFA Seattle-Tacoma-Bellevue, WA",0.0,no cell in the extract: territory at zero opportunity
ifa_pac_k5,95348,ifa,CA,IFA,IFA_05,IFA,,06047,32900,0646898,"IFA Seattle-Tacoma-Bellevue, WA",1.75744,
ifa_pac_k5,95350,ifa,CA,IFA,IFA_03,IFA,,06099,33700,0648354,"IFA San Diego-Chula Vista-Carlsbad, CA",12.1965,
ifa_pac_k5,95351,ifa,CA,IFA,IFA_03,IFA,,06099,33700,0648354,"IFA San Diego-Chula Vista-Carlsbad, CA",0.219885,
ifa_pac_k5,95354,ifa,CA,IFA,IFA_03,IFA,,06099,33700,0648354,"IFA San Diego-Chula Vista-Carlsbad, CA",2.30894,
ifa_pac_k5,95355,ifa,CA,IFA,IFA_03,IFA,,06099,33700,0648354,"IFA San Diego-Chula Vista-Carlsbad, CA",4.88235,
ifa_pac_k5,95356,ifa,CA,IFA,IFA_05,IFA,,06099,33700,0648354,"IFA Seattle-Tacoma-Bellevue, WA",9.69753,
ifa_pac_k5,95357,ifa,CA,IFA,IFA_03,IFA,,06099,33700,0648354,"IFA San Diego-Chula Vista-Carlsbad, CA",0.0,no cell in the extract: territory at zero opportunity
ifa_pac_k5,95358,ifa,CA,IFA,IFA_05,IFA,,06099,33700,0648354,"IFA Seattle-Tacoma-Bellevue, WA",0.0,no cell in the extract: territory at zero opportunity
ifa_pac_k5,95360,ifa,CA,IFA,IFA_05,IFA,,06099,33700,0651140,"IFA Seattle-Tacoma-Bellevue, WA",0.0,no cell in the extract: territory at zero opportunity
ifa_pac_k5,95361,ifa,CA,IFA,IFA_03,IFA,,06099,33700,0652694,"IFA San Diego-Chula Vista-Carlsbad, CA",0.106739,
ifa_pac_k5,95363,ifa,CA,IFA,IFA_05,IFA,,06099,33700,0656112,"IFA Seattle-Tacoma-Bellevue, WA",0.0,no cell in the extract: territory at zero opportunity
ifa_pac_k5,95364,ifa,CA,IFA,IFA_05,IFA,,06109,43760,,"IFA Seattle-Tacoma-Bellevue, WA",0.0,no cell in the extract: territory at zero opportunity
ifa_pac_k5,95365,ifa,CA,IFA,IFA_05,IFA,,06047,32900,0657582,"IFA Seattle-Tacoma-Bellevue, WA",0.0,no cell in the extract: territory at zero opportunity
ifa_pac_k5,95366,ifa,CA,IFA,IFA_05,IFA,,06077,44700,0661026,"IFA Seattle-Tacoma-Bellevue, WA",0.0,no cell in the extract: territory at zero opportunity
ifa_pac_k5,95367,ifa,CA,IFA,IFA_03,IFA,,06099,33700,0661068,"IFA San Diego-Chula Vista-Carlsbad, CA",0.0,no cell in the extract: territory at zero opportunity
ifa_pac_k5,95368,ifa,CA,IFA,IFA_05,IFA,,06099,33700,0664210,"IFA Seattle-Tacoma-Bellevue, WA",0.0,no cell in the extract: territory at zero opportunity
ifa_pac_k5,95369,ifa,CA,IFA,IFA_05,IFA,,06047,32900,0639484,"IFA Seattle-Tacoma-Bellevue, WA",0.0,no cell in the extract: territory at zero opportunity
ifa_pac_k5,95370,ifa,CA,IFA,IFA_05,IFA,,06109,43760,0656870,"IFA Seattle-Tacoma-Bellevue, WA",3.93183,
ifa_pac_k5,95372,ifa,CA,IFA,IFA_05,IFA,,06109,43760,0672772,"IFA Seattle-Tacoma-Bellevue, WA",0.0,no cell in the extract: territory at zero opportunity
ifa_pac_k5,95374,ifa,CA,IFA,IFA_03,IFA,,06047,32900,0674144,"IFA San Diego-Chula Vista-Carlsbad, CA",0.0,no cell in the extract: territory at zero opportunity
ifa_pac_k5,95375,ifa,CA,IFA,IFA_05,IFA,,06109,43760,0675322,"IFA Seattle-Tacoma-Bellevue, WA",0.0,no cell in the extract: territory at zero opportunity
ifa_pac_k5,95376,ifa,CA,IFA,IFA_04,IFA,,06077,44700,0680238,"IFA Los Angeles-Long Beach-Anaheim, CA / San Francisco-Oakland-Fremont, CA",1.60695,
ifa_pac_k5,95377,ifa,CA,IFA,IFA_04,IFA,,06077,44700,0680238,"IFA Los Angeles-Long Beach-Anaheim, CA / San Francisco-Oakland-Fremont, CA",0.772876,
ifa_pac_k5,95379,ifa,CA,IFA,IFA_05,IFA,,06109,43760,0680763,"IFA Seattle-Tacoma-Bellevue, WA",0.0,no cell in the extract: territory at zero opportunity
ifa_pac_k5,95380,ifa,CA,IFA,IFA_05,IFA,,06099,33700,0680812,"IFA Seattle-Tacoma-Bellevue, WA",2.5074,
ifa_pac_k5,95382,ifa,CA,IFA,IFA_05,IFA,,06099,33700,0680812,"IFA Seattle-Tacoma-Bellevue, WA",1.46917,
ifa_pac_k5,95383,ifa,CA,IFA,IFA_05,IFA,,06109,43760,0680966,"IFA Seattle-Tacoma-Bellevue, WA",0.0,no cell in the extract: territory at zero opportunity
ifa_pac_k5,95385,ifa,CA,IFA,IFA_05,IFA,,06099,33700,,"IFA Seattle-Tacoma-Bellevue, WA",0.0,no cell in the extract: territory at zero opportunity
ifa_pac_k5,95386,ifa,CA,IFA,IFA_03,IFA,,06099,33700,0683612,"IFA San Diego-Chula Vista-Carlsbad, CA",0.0,no cell in the extract: territory at zero opportunity
ifa_pac_k5,95387,ifa,CA,IFA,IFA_05,IFA,,06099,33700,0684480,"IFA Seattle-Tacoma-Bellevue, WA",0.0,no cell in the extract: territory at zero opportunity
ifa_pac_k5,95388,ifa,CA,IFA,IFA_03,IFA,,06047,32900,0686076,"IFA San Diego-Chula Vista-Carlsbad, CA",0.0,no cell in the extract: territory at zero opportunity
ifa_pac_k5,95389,ifa,CA,IFA,IFA_05,IFA,,06043,,0686912,"IFA Seattle-Tacoma-Bellevue, WA",0.0,no cell in the extract: territory at zero opportunity
ifa_pac_k5,95391,ifa,CA,IFA,IFA_04,IFA,,06001,41860,0649582,"IFA Los Angeles-Long Beach-Anaheim, CA / San Francisco-Oakland-Fremont, CA",0.0,no cell in the extract: territory at zero opportunity
ifa_pac_k5,95401,ifa,CA,IFA,IFA_01,IFA,,06097,42220,0670098,"IFA San Francisco-Oakland-Fremont, CA",4.6405,
ifa_pac_k5,95403,ifa,CA,IFA,IFA_04,IFA,,06097,42220,0670098,"IFA Los Angeles-Long Beach-Anaheim, CA / San Francisco-Oakland-Fremont, CA",6.94103,
ifa_pac_k5,95404,ifa,CA,IFA,IFA_04,IFA,,06097,42220,0670098,"IFA Los Angeles-Long Beach-Anaheim, CA / San Francisco-Oakland-Fremont, CA",8.45779,
ifa_pac_k5,95405,ifa,CA,IFA,IFA_04,IFA,,06097,42220,0670098,"IFA Los Angeles-Long Beach-Anaheim, CA / San Francisco-Oakland-Fremont, CA",1.64749,
ifa_pac_k5,95407,ifa,CA,IFA,IFA_01,IFA,,06097,42220,0670098,"IFA San Francisco-Oakland-Fremont, CA",0.0,no cell in the extract: territory at zero opportunity
ifa_pac_k5,95409,ifa,CA,IFA,IFA_04,IFA,,06097,42220,0670098,"IFA Los Angeles-Long Beach-Anaheim, CA / San Francisco-Oakland-Fremont, CA",0.0550448,
ifa_pac_k5,95410,ifa,CA,IFA,IFA_05,IFA,,06045,46380,0600716,"IFA Seattle-Tacoma-Bellevue, WA",0.0,no cell in the extract: territory at zero opportunity
ifa_pac_k5,95412,ifa,CA,IFA,IFA_05,IFA,,06097,42220,,"IFA Seattle-Tacoma-Bellevue, WA",0.0,no cell in the extract: territory at zero opportunity
ifa_pac_k5,95415,ifa,CA,IFA,IFA_01,IFA,,06045,46380,0607512,"IFA San Francisco-Oakland-Fremont, CA",0.0,no cell in the extract: territory at zero opportunity
ifa_pac_k5,95417,ifa,CA,IFA,IFA_05,IFA,,06045,46380,,"IFA Seattle-Tacoma-Bellevue, WA",0.0,no cell in the extract: territory at zero opportunity
ifa_pac_k5,95419,ifa,CA,IFA,IFA_01,IFA,,06097,42220,0653266,"IFA San Francisco-Oakland-Fremont, CA",0.0,no cell in the extract: territory at zero opportunity
ifa_pac_k5,95420,ifa,CA,IFA,IFA_05,IFA,,06045,46380,0611768,"IFA Seattle-Tacoma-Bellevue, WA",0.0,no cell in the extract: territory at zero opportunity
ifa_pac_k5,95421,ifa,CA,IFA,IFA_01,IFA,,06097,42220,0612146,"IFA San Francisco-Oakland-Fremont, CA",0.0,no cell in the extract: territory at zero opportunity
ifa_pac_k5,95422,ifa,CA,IFA,IFA_01,IFA,,06033,17340,0613945,"IFA San Francisco-Oakland-Fremont, CA",0.0,no cell in the extract: territory at zero opportunity
ifa_pac_k5,95423,ifa,CA,IFA,IFA_01,IFA,,06033,17340,0673690,"IFA San Francisco-Oakland-Fremont, CA",0.0,no cell in the extract: territory at zero opportunity
ifa_pac_k5,95425,ifa,CA,IFA,IFA_01,IFA,,06097,42220,0614190,"IFA San Francisco-Oakland-Fremont, CA",0.0,no cell in the extract: territory at zero opportunity
ifa_pac_k5,95426,ifa,CA,IFA,IFA_01,IFA,,06033,17340,0614302,"IFA San Francisco-Oakland-Fremont, CA",0.0,no cell in the extract: territory at zero opportunity
ifa_pac_k5,95427,ifa,CA,IFA,IFA_05,IFA,,06045,46380,0615030,"IFA Seattle-Tacoma-Bellevue, WA",0.0,no cell in the extract: territory at zero opportunity
ifa_pac_k5,95428,ifa,CA,IFA,IFA_01,IFA,,06045,46380,0616728,"IFA San Francisco-Oakland-Fremont, CA",0.0,no cell in the extract: territory at zero opportunity
ifa_pac_k5,95429,ifa,CA,IFA,IFA_01,IFA,,06045,46380,,"IFA San Francisco-Oakland-Fremont, CA",0.0,no cell in the extract: territory at zero opportunity
ifa_pac_k5,95430,ifa,CA,IFA,IFA_01,IFA,,06097,42220,,"IFA San Francisco-Oakland-Fremont, CA",0.0,no cell in the extract: territory at zero opportunity
ifa_pac_k5,95431,ifa,CA,IFA,IFA_01,IFA,,06097,42220,,"IFA San Francisco-Oakland-Fremont, CA",0.0,no cell in the extract: territory at zero opportunity
ifa_pac_k5,95432,ifa,CA,IFA,IFA_05,IFA,,06045,46380,,"IFA Seattle-Tacoma-Bellevue, WA",0.0,no cell in the extract: territory at zero opportunity
ifa_pac_k5,95435,ifa,CA,IFA,IFA_01,IFA,,06033,17340,,"IFA San Francisco-Oakland-Fremont, CA",0.0,no cell in the extract: territory at zero opportunity
ifa_pac_k5,95436,ifa,CA,IFA,IFA_01,IFA,,06097,42220,0624960,"IFA San Francisco-Oakland-Fremont, CA",0.0,no cell in the extract: territory at zero opportunity
ifa_pac_k5,95437,ifa,CA,IFA,IFA_05,IFA,,06045,46380,0625058,"IFA Seattle-Tacoma-Bellevue, WA",0.296675,
ifa_pac_k5,95439,ifa,CA,IFA,IFA_04,IFA,,06097,42220,0628014,"IFA Los Angeles-Long Beach-Anaheim, CA / San Francisco-Oakland-Fremont, CA",0.0,no cell in the extract: territory at zero opportunity
ifa_pac_k5,95441,ifa,CA,IFA,IFA_01,IFA,,06097,42220,0629420,"IFA San Francisco-Oakland-Fremont, CA",0.0,no cell in the extract: territory at zero opportunity
ifa_pac_k5,95442,ifa,CA,IFA,IFA_04,IFA,,06097,42220,0630028,"IFA Los Angeles-Long Beach-Anaheim, CA / San Francisco-Oakland-Fremont, CA",0.0,no cell in the extract: territory at zero opportunity
ifa_pac_k5,95443,ifa,CA,IFA,IFA_01,IFA,,06033,17340,,"IFA San Francisco-Oakland-Fremont, CA",0.0,no cell in the extract: territory at zero opportunity
ifa_pac_k5,95444,ifa,CA,IFA,IFA_01,IFA,,06097,42220,0630812,"IFA San Francisco-Oakland-Fremont, CA",0.0,no cell in the extract: territory at zero opportunity
ifa_pac_k5,95445,ifa,CA,IFA,IFA_05,IFA,,06045,46380,0602028,"IFA Seattle-Tacoma-Bellevue, WA",0.0,no cell in the extract: territory at zero opportunity
ifa_pac_k5,95446,ifa,CA,IFA,IFA_01,IFA,,06097,42220,0631470,"IFA San Francisco-Oakland-Fremont, CA",0.0,no cell in the extract: territory at zero opportunity
ifa_pac_k5,95448,ifa,CA,IFA,IFA_01,IFA,,06097,42220,0633056,"IFA San Francisco-Oakland-Fremont, CA",0.774081,
ifa_pac_k5,95449,ifa,CA,IFA,IFA_01,IFA,,06045,46380,0634652,"IFA San Francisco-Oakland-Fremont, CA",0.0,no cell in the extract: territory at zero opportunity
ifa_pac_k5,95450,ifa,CA,IFA,IFA_01,IFA,,06097,42220,0678715,"IFA San Francisco-Oakland-Fremont, CA",0.0,no cell in the extract: territory at zero opportunity
ifa_pac_k5,95451,ifa,CA,IFA,IFA_01,IFA,,06033,17340,0613985,"IFA San Francisco-Oakland-Fremont, CA",0.0,no cell in the extract: territory at zero opportunity
ifa_pac_k5,95452,ifa,CA,IFA,IFA_04,IFA,,06097,42220,0638156,"IFA Los Angeles-Long Beach-Anaheim, CA / San Francisco-Oakland-Fremont, CA",0.0,no cell in the extract: territory at zero opportunity
ifa_pac_k5,95453,ifa,CA,IFA,IFA_01,IFA,,06033,17340,0651990,"IFA San Francisco-Oakland-Fremont, CA",0.15301,
ifa_pac_k5,95454,ifa,CA,IFA,IFA_05,IFA,,06045,46380,0640928,"IFA Seattle-Tacoma-Bellevue, WA",0.0,no cell in the extract: territory at zero opportunity
ifa_pac_k5,95456,ifa,CA,IFA,IFA_05,IFA,,06045,46380,0641866,"IFA Seattle-Tacoma-Bellevue, WA",0.0,no cell in the extract: territory at zero opportunity
ifa_pac_k5,95457,ifa,CA,IFA,IFA_05,IFA,,06033,17340,0644350,"IFA Seattle-Tacoma-Bellevue, WA",0.0,no cell in the extract: territory at zero opportunity
ifa_pac_k5,95458,ifa,CA,IFA,IFA_01,IFA,,06033,17340,0644406,"IFA San Francisco-Oakland-Fremont, CA",0.0,no cell in the extract: territory at zero opportunity
ifa_pac_k5,95459,ifa,CA,IFA,IFA_05,IFA,,06045,46380,0645386,"IFA Seattle-Tacoma-Bellevue, WA",0.0,no cell in the extract: territory at zero opportunity
ifa_pac_k5,95460,ifa,CA,IFA,IFA_05,IFA,,06045,46380,0646814,"IFA Seattle-Tacoma-Bellevue, WA",0.0,no cell in the extract: territory at zero opportunity
ifa_pac_k5,95461,ifa,CA,IFA,IFA_01,IFA,,06033,17340,0633549,"IFA San Francisco-Oakland-Fremont, CA",0.0,no cell in the extract: territory at zero opportunity
ifa_pac_k5,95462,ifa,CA,IFA,IFA_01,IFA,,06097,42220,0648928,"IFA San Francisco-Oakland-Fremont, CA",0.0,no cell in the extract: territory at zero opportunity
ifa_pac_k5,95463,ifa,CA,IFA,IFA_05,IFA,,06045,46380,,"IFA Seattle-Tacoma-Bellevue, WA",0.0,no cell in the extract: territory at zero opportunity
ifa_pac_k5,95464,ifa,CA,IFA,IFA_01,IFA,,06033,17340,0651294,"IFA San Francisco-Oakland-Fremont, CA",0.0,no cell in the extract: territory at zero opportunity
ifa_pac_k5,95465,ifa,CA,IFA,IFA_01,IFA,,06097,42220,0607246,"IFA San Francisco-Oakland-Fremont, CA",0.0,no cell in the extract: territory at zero opportunity
ifa_pac_k5,95466,ifa,CA,IFA,IFA_05,IFA,,06045,46380,0656868,"IFA Seattle-Tacoma-Bellevue, WA",0.0,no cell in the extract: territory at zero opportunity
ifa_pac_k5,95467,ifa,CA,IFA,IFA_05,IFA,,06033,17340,0633549,"IFA Seattle-Tacoma-Bellevue, WA",0.0,no cell in the extract: territory at zero opportunity
ifa_pac_k5,95468,ifa,CA,IFA,IFA_05,IFA,,06045,46380,0657876,"IFA Seattle-Tacoma-Bellevue, WA",0.0,no cell in the extract: territory at zero opportunity
ifa_pac_k5,95469,ifa,CA,IFA,IFA_01,IFA,,06045,46380,0658506,"IFA San Francisco-Oakland-Fremont, CA",0.0,no cell in the extract: territory at zero opportunity
ifa_pac_k5,95470,ifa,CA,IFA,IFA_01,IFA,,06045,46380,0660214,"IFA San Francisco-Oakland-Fremont, CA",0.0,no cell in the extract: territory at zero opportunity
ifa_pac_k5,95471,ifa,CA,IFA,IFA_01,IFA,,06097,42220,0631470,"IFA San Francisco-Oakland-Fremont, CA",0.0,no cell in the extract: territory at zero opportunity
ifa_pac_k5,95472,ifa,CA,IFA,IFA_01,IFA,,06097,42220,0653266,"IFA San Francisco-Oakland-Fremont, CA",0.123058,
ifa_pac_k5,95476,ifa,CA,IFA,IFA_01,IFA,,06097,42220,0672646,"IFA San Francisco-Oakland-Fremont, CA",0.0,no cell in the extract: territory at zero opportunity
ifa_pac_k5,95480,ifa,CA,IFA,IFA_01,IFA,,06097,42220,,"IFA San Francisco-Oakland-Fremont, CA",0.0,no cell in the extract: territory at zero opportunity
ifa_pac_k5,95482,ifa,CA,IFA,IFA_01,IFA,,06045,46380,0681134,"IFA San Francisco-Oakland-Fremont, CA",2.77788,
ifa_pac_k5,95485,ifa,CA,IFA,IFA_01,IFA,,06033,17340,0681358,"IFA San Francisco-Oakland-Fremont, CA",0.0,no cell in the extract: territory at zero opportunity
ifa_pac_k5,95486,ifa,CA,IFA,IFA_01,IFA,,06097,42220,0648928,"IFA San Francisco-Oakland-Fremont, CA",0.0,no cell in the extract: territory at zero opportunity
ifa_pac_k5,95488,ifa,CA,IFA,IFA_05,IFA,,06045,46380,,"IFA Seattle-Tacoma-Bellevue, WA",0.0,no cell in the extract: territory at zero opportunity
ifa_pac_k5,95490,ifa,CA,IFA,IFA_01,IFA,,06045,46380,0608530,"IFA San Francisco-Oakland-Fremont, CA",5.93009e-05,
ifa_pac_k5,95492,ifa,CA,IFA,IFA_01,IFA,,06097,42220,0685922,"IFA San Francisco-Oakland-Fremont, CA",1.46489,
ifa_pac_k5,95493,ifa,CA,IFA,IFA_01,IFA,,06033,17340,,"IFA San Francisco-Oakland-Fremont, CA",0.0,no cell in the extract: territory at zero opportunity
ifa_pac_k5,95494,ifa,CA,IFA,IFA_05,IFA,,06045,46380,,"IFA Seattle-Tacoma-Bellevue, WA",0.0,no cell in the extract: territory at zero opportunity
ifa_pac_k5,95497,ifa,CA,IFA,IFA_05,IFA,,06097,42220,0670712,"IFA Seattle-Tacoma-Bellevue, WA",0.0,no cell in the extract: territory at zero opportunity
ifa_pac_k5,95501,ifa,CA,IFA,IFA_05,IFA,,06023,21700,0623042,"IFA Seattle-Tacoma-Bellevue, WA",0.0,no cell in the extract: territory at zero opportunity
ifa_pac_k5,95503,ifa,CA,IFA,IFA_05,IFA,,06023,21700,0657204,"IFA Seattle-Tacoma-Bellevue, WA",0.0,no cell in the extract: territory at zero opportunity
ifa_pac_k5,95511,ifa,CA,IFA,IFA_05,IFA,,06023,21700,0600786,"IFA Seattle-Tacoma-Bellevue, WA",0.0,no cell in the extract: territory at zero opportunity
ifa_pac_k5,95514,ifa,CA,IFA,IFA_05,IFA,,06023,21700,,"IFA Seattle-Tacoma-Bellevue, WA",0.0,no cell in the extract: territory at zero opportunity
ifa_pac_k5,95519,ifa,CA,IFA,IFA_05,IFA,,06023,21700,0644910,"IFA Seattle-Tacoma-Bellevue, WA",0.0,no cell in the extract: territory at zero opportunity
ifa_pac_k5,95521,ifa,CA,IFA,IFA_05,IFA,,06023,21700,0602476,"IFA Seattle-Tacoma-Bellevue, WA",0.0,no cell in the extract: territory at zero opportunity
ifa_pac_k5,95524,ifa,CA,IFA,IFA_05,IFA,,06023,21700,0636420,"IFA Seattle-Tacoma-Bellevue, WA",0.0,no cell in the extract: territory at zero opportunity
ifa_pac_k5,95525,ifa,CA,IFA,IFA_05,IFA,,06023,21700,0607162,"IFA Seattle-Tacoma-Bellevue, WA",0.0,no cell in the extract: territory at zero opportunity
ifa_pac_k5,95526,ifa,CA,IFA,IFA_05,IFA,,06023,21700,0645092,"IFA Seattle-Tacoma-Bellevue, WA",0.0,no cell in the extract: territory at zero opportunity
ifa_pac_k5,95527,ifa,CA,IFA,IFA_01,IFA,,06105,,0609150,"IFA San Francisco-Oakland-Fremont, CA",0.0,no cell in the extract: territory at zero opportunity
ifa_pac_k5,95528,ifa,CA,IFA,IFA_05,IFA,,06023,21700,,"IFA Seattle-Tacoma-Bellevue, WA",0.0,no cell in the extract: territory at zero opportunity
ifa_pac_k5,95531,ifa,CA,IFA,IFA_05,IFA,,06015,18860,0606150,"IFA Seattle-Tacoma-Bellevue, WA",0.0,no cell in the extract: territory at zero opportunity
ifa_pac_k5,95536,ifa,CA,IFA,IFA_05,IFA,,06023,21700,0623910,"IFA Seattle-Tacoma-Bellevue, WA",0.0,no cell in the extract: territory at zero opportunity
ifa_pac_k5,95537,ifa,CA,IFA,IFA_05,IFA,,06023,21700,0624022,"IFA Seattle-Tacoma-Bellevue, WA",0.0,no cell in the extract: territory at zero opportunity
ifa_pac_k5,95538,ifa,CA,IFA,IFA_05,IFA,,06015,18860,0625086,"IFA Seattle-Tacoma-Bellevue, WA",0.0,no cell in the extract: territory at zero opportunity
ifa_pac_k5,95540,ifa,CA,IFA,IFA_05,IFA,,06023,21700,0625296,"IFA Seattle-Tacoma-Bellevue, WA",0.0,no cell in the extract: territory at zero opportunity
ifa_pac_k5,95542,ifa,CA,IFA,IFA_05,IFA,,06023,21700,0605262,"IFA Seattle-Tacoma-Bellevue, WA",0.0,no cell in the extract: territory at zero opportunity
ifa_pac_k5,95543,ifa,CA,IFA,IFA_05,IFA,,06015,18860,0629154,"IFA Seattle-Tacoma-Bellevue, WA",0.0,no cell in the extract: territory at zero opportunity
ifa_pac_k5,95545,ifa,CA,IFA,IFA_05,IFA,,06023,21700,,"IFA Seattle-Tacoma-Bellevue, WA",0.0,no cell in the extract: territory at zero opportunity
ifa_pac_k5,95546,ifa,CA,IFA,IFA_05,IFA,,06023,21700,0634540,"IFA Seattle-Tacoma-Bellevue, WA",0.0,no cell in the extract: territory at zero opportunity
ifa_pac_k5,95547,ifa,CA,IFA,IFA_05,IFA,,06023,21700,0636126,"IFA Seattle-Tacoma-Bellevue, WA",0.0,no cell in the extract: territory at zero opportunity
ifa_pac_k5,95548,ifa,CA,IFA,IFA_05,IFA,,06015,18860,0638702,"IFA Seattle-Tacoma-Bellevue, WA",0.0,no cell in the extract: territory at zero opportunity
ifa_pac_k5,95549,ifa,CA,IFA,IFA_05,IFA,,06023,21700,,"IFA Seattle-Tacoma-Bellevue, WA",0.0,no cell in the extract: territory at zero opportunity
ifa_pac_k5,95550,ifa,CA,IFA,IFA_05,IFA,,06023,21700,,"IFA Seattle-Tacoma-Bellevue, WA",0.0,no cell in the extract: territory at zero opportunity
ifa_pac_k5,95551,ifa,CA,IFA,IFA_05,IFA,,06023,21700,0642328,"IFA Seattle-Tacoma-Bellevue, WA",0.0,no cell in the extract: territory at zero opportunity
ifa_pac_k5,95552,ifa,CA,IFA,IFA_05,IFA,,06105,,0663386,"IFA Seattle-Tacoma-Bellevue, WA",0.0,no cell in the extract: territory at zero opportunity
ifa_pac_k5,95553,ifa,CA,IFA,IFA_05,IFA,,06023,21700,0648060,"IFA Seattle-Tacoma-Bellevue, WA",0.0,no cell in the extract: territory at zero opportunity
ifa_pac_k5,95554,ifa,CA,IFA,IFA_05,IFA,,06023,21700,0650146,"IFA Seattle-Tacoma-Bellevue, WA",0.0,no cell in the extract: territory at zero opportunity
ifa_pac_k5,95555,ifa,CA,IFA,IFA_05,IFA,,06023,21700,0654218,"IFA Seattle-Tacoma-Bellevue, WA",0.0,no cell in the extract: territory at zero opportunity
ifa_pac_k5,95556,ifa,CA,IFA,IFA_05,IFA,,06023,21700,,"IFA Seattle-Tacoma-Bellevue, WA",0.0,no cell in the extract: territory at zero opportunity
ifa_pac_k5,95558,ifa,CA,IFA,IFA_05,IFA,,06023,21700,,"IFA Seattle-Tacoma-Bellevue, WA",0.0,no cell in the extract: territory at zero opportunity
ifa_pac_k5,95559,ifa,CA,IFA,IFA_05,IFA,,06023,21700,0656854,"IFA Seattle-Tacoma-Bellevue, WA",0.0,no cell in the extract: territory at zero opportunity
ifa_pac_k5,95560,ifa,CA,IFA,IFA_05,IFA,,06023,21700,0660088,"IFA Seattle-Tacoma-Bellevue, WA",0.0,no cell in the extract: territory at zero opportunity
ifa_pac_k5,95562,ifa,CA,IFA,IFA_05,IFA,,06023,21700,0660900,"IFA Seattle-Tacoma-Bellevue, WA",0.0,no cell in the extract: territory at zero opportunity
ifa_pac_k5,95563,ifa,CA,IFA,IFA_01,IFA,,06105,,0664378,"IFA San Francisco-Oakland-Fremont, CA",0.0,no cell in the extract: territory at zero opportunity
ifa_pac_k5,95564,ifa,CA,IFA,IFA_05,IFA,,06023,21700,0664392,"IFA Seattle-Tacoma-Bellevue, WA",0.0,no cell in the extract: territory at zero opportunity
ifa_pac_k5,95565,ifa,CA,IFA,IFA_05,IFA,,06023,21700,0670518,"IFA Seattle-Tacoma-Bellevue, WA",0.0,no cell in the extract: territory at zero opportunity
ifa_pac_k5,95567,ifa,CA,IFA,IFA_05,IFA,,06015,18860,0672380,"IFA Seattle-Tacoma-Bellevue, WA",0.0,no cell in the extract: territory at zero opportunity
ifa_pac_k5,95568,ifa,CA,IFA,IFA_05,IFA,,06093,,,"IFA Seattle-Tacoma-Bellevue, WA",0.0,no cell in the extract: territory at zero opportunity
ifa_pac_k5,95569,ifa,CA,IFA,IFA_05,IFA,,06023,21700,0659906,"IFA Seattle-Tacoma-Bellevue, WA",0.0,no cell in the extract: territory at zero opportunity
ifa_pac_k5,95570,ifa,CA,IFA,IFA_05,IFA,,06023,21700,0684385,"IFA Seattle-Tacoma-Bellevue, WA",0.0,no cell in the extract: territory at zero opportunity
ifa_pac_k5,95571,ifa,CA,IFA,IFA_05,IFA,,06023,21700,0684004,"IFA Seattle-Tacoma-Bellevue, WA",0.0,no cell in the extract: territory at zero opportunity
ifa_pac_k5,95573,ifa,CA,IFA,IFA_05,IFA,,06023,21700,0685642,"IFA Seattle-Tacoma-Bellevue, WA",0.0,no cell in the extract: territory at zero opportunity
ifa_pac_k5,95585,ifa,CA,IFA,IFA_05,IFA,,06045,46380,0641026,"IFA Seattle-Tacoma-Bellevue, WA",0.0,no cell in the extract: territory at zero opportunity
ifa_pac_k5,95587,ifa,CA,IFA,IFA_05,IFA,,06045,46380,,"IFA Seattle-Tacoma-Bellevue, WA",0.0,no cell in the extract: territory at zero opportunity
ifa_pac_k5,95589,ifa,CA,IFA,IFA_05,IFA,,06023,21700,0671372,"IFA Seattle-Tacoma-Bellevue, WA",0.0,no cell in the extract: territory at zero opportunity
ifa_pac_k5,95595,ifa,CA,IFA,IFA_01,IFA,,06105,,,"IFA San Francisco-Oakland-Fremont, CA",0.0,no cell in the extract: territory at zero opportunity
ifa_pac_k5,95601,ifa,CA,IFA,IFA_05,IFA,,06005,,0601514,"IFA Seattle-Tacoma-Bellevue, WA",0.0,no cell in the extract: territory at zero opportunity
ifa_pac_k5,95602,ifa,CA,IFA,IFA_05,IFA,,06061,40900,0639690,"IFA Seattle-Tacoma-Bellevue, WA",0.0,no cell in the extract: territory at zero opportunity
ifa_pac_k5,95603,ifa,CA,IFA,IFA_05,IFA,,06061,40900,0603204,"IFA Seattle-Tacoma-Bellevue, WA",2.35506,
ifa_pac_k5,95604,ifa,CA,IFA,IFA_05,IFA,,06061,40900,0611418,"IFA Seattle-Tacoma-Bellevue, WA",0.0,no cell in the extract: territory at zero opportunity
ifa_pac_k5,95605,ifa,CA,IFA,IFA_04,IFA,,06113,40900,0684816,"IFA Los Angeles-Long Beach-Anaheim, CA / San Francisco-Oakland-Fremont, CA",0.0,no cell in the extract: territory at zero opportunity
ifa_pac_k5,95606,ifa,CA,IFA,IFA_04,IFA,,06113,40900,0608506,"IFA Los Angeles-Long Beach-Anaheim, CA / San Francisco-Oakland-Fremont, CA",0.0,no cell in the extract: territory at zero opportunity
ifa_pac_k5,95607,ifa,CA,IFA,IFA_04,IFA,,06113,40900,0622846,"IFA Los Angeles-Long Beach-Anaheim, CA / San Francisco-Oakland-Fremont, CA",0.0,no cell in the extract: territory at zero opportunity
ifa_pac_k5,95608,ifa,CA,IFA,IFA_04,IFA,,06067,40900,0611390,"IFA Los Angeles-Long Beach-Anaheim, CA / San Francisco-Oakland-Fremont, CA",0.0995895,
ifa_pac_k5,95610,ifa,CA,IFA,IFA_04,IFA,,06067,40900,0613588,"IFA Los Angeles-Long Beach-Anaheim, CA / San Francisco-Oakland-Fremont, CA",2.03036,
ifa_pac_k5,95612,ifa,CA,IFA,IFA_04,IFA,,06113,40900,0613784,"IFA Los Angeles-Long Beach-Anaheim, CA / San Francisco-Oakland-Fremont, CA",0.0,no cell in the extract: territory at zero opportunity
ifa_pac_k5,95613,ifa,CA,IFA,IFA_05,IFA,,06017,40900,0614764,"IFA Seattle-Tacoma-Bellevue, WA",0.0,no cell in the extract: territory at zero opportunity
ifa_pac_k5,95614,ifa,CA,IFA,IFA_05,IFA,,06017,40900,0603205,"IFA Seattle-Tacoma-Bellevue, WA",0.0047727,
ifa_pac_k5,95615,ifa,CA,IFA,IFA_04,IFA,,06067,40900,0616714,"IFA Los Angeles-Long Beach-Anaheim, CA / San Francisco-Oakland-Fremont, CA",0.0,no cell in the extract: territory at zero opportunity
ifa_pac_k5,95616,ifa,CA,IFA,IFA_04,IFA,,06113,40900,0618100,"IFA Los Angeles-Long Beach-Anaheim, CA / San Francisco-Oakland-Fremont, CA",0.701926,
ifa_pac_k5,95618,ifa,CA,IFA,IFA_05,IFA,,06113,40900,0618100,"IFA Seattle-Tacoma-Bellevue, WA",2.27639,
ifa_pac_k5,95619,ifa,CA,IFA,IFA_05,IFA,,06017,40900,0619220,"IFA Seattle-Tacoma-Bellevue, WA",0.0,no cell in the extract: territory at zero opportunity
ifa_pac_k5,95620,ifa,CA,IFA,IFA_04,IFA,,06095,46700,0619402,"IFA Los Angeles-Long Beach-Anaheim, CA / San Francisco-Oakland-Fremont, CA",0.0,no cell in the extract: territory at zero opportunity
ifa_pac_k5,95621,ifa,CA,IFA,IFA_04,IFA,,06067,40900,0613588,"IFA Los Angeles-Long Beach-Anaheim, CA / San Francisco-Oakland-Fremont, CA",0.0,no cell in the extract: territory at zero opportunity
ifa_pac_k5,95623,ifa,CA,IFA,IFA_05,IFA,,06017,40900,0619220,"IFA Seattle-Tacoma-Bellevue, WA",0.0,no cell in the extract: territory at zero opportunity
ifa_pac_k5,95624,ifa,CA,IFA,IFA_05,IFA,,06067,40900,0622020,"IFA Seattle-Tacoma-Bellevue, WA",3.69817,
ifa_pac_k5,95625,ifa,CA,IFA,IFA_04,IFA,,06095,46700,0622146,"IFA Los Angeles-Long Beach-Anaheim, CA / San Francisco-Oakland-Fremont, CA",0.0,no cell in the extract: territory at zero opportunity
ifa_pac_k5,95626,ifa,CA,IFA,IFA_04,IFA,,06067,40900,0622524,"IFA Los Angeles-Long Beach-Anaheim, CA / San Francisco-Oakland-Fremont, CA",0.0,no cell in the extract: territory at zero opportunity
ifa_pac_k5,95627,ifa,CA,IFA,IFA_05,IFA,,06113,40900,0622846,"IFA Seattle-Tacoma-Bellevue, WA",0.0,no cell in the extract: territory at zero opportunity
ifa_pac_k5,95628,ifa,CA,IFA,IFA_04,IFA,,06067,40900,0623294,"IFA Los Angeles-Long Beach-Anaheim, CA / San Francisco-Oakland-Fremont, CA",10.9208,
ifa_pac_k5,95629,ifa,CA,IFA,IFA_05,IFA,,06005,,0623980,"IFA Seattle-Tacoma-Bellevue, WA",0.0,no cell in the extract: territory at zero opportunity
ifa_pac_k5,95630,ifa,CA,IFA,IFA_05,IFA,,06067,40900,0624638,"IFA Seattle-Tacoma-Bellevue, WA",14.498,
ifa_pac_k5,95631,ifa,CA,IFA,IFA_05,IFA,,06061,40900,0624834,"IFA Seattle-Tacoma-Bellevue, WA",0.0,no cell in the extract: territory at zero opportunity
ifa_pac_k5,95632,ifa,CA,IFA,IFA_05,IFA,,06067,40900,0628112,"IFA Seattle-Tacoma-Bellevue, WA",0.0,no cell in the extract: territory at zero opportunity
ifa_pac_k5,95633,ifa,CA,IFA,IFA_05,IFA,,06017,40900,0629350,"IFA Seattle-Tacoma-Bellevue, WA",0.0,no cell in the extract: territory at zero opportunity
ifa_pac_k5,95634,ifa,CA,IFA,IFA_05,IFA,,06017,40900,0629350,"IFA Seattle-Tacoma-Bellevue, WA",0.0,no cell in the extract: territory at zero opportunity
ifa_pac_k5,95635,ifa,CA,IFA,IFA_05,IFA,,06017,40900,0629350,"IFA Seattle-Tacoma-Bellevue, WA",0.0,no cell in the extract: territory at zero opportunity
ifa_pac_k5,95636,ifa,CA,IFA,IFA_05,IFA,,06017,40900,0631302,"IFA Seattle-Tacoma-Bellevue, WA",0.0,no cell in the extract: territory at zero opportunity
ifa_pac_k5,95637,ifa,CA,IFA,IFA_05,IFA,,06113,40900,0631540,"IFA Seattle-Tacoma-Bellevue, WA",0.0,no cell in the extract: territory at zero opportunity
ifa_pac_k5,95638,ifa,CA,IFA,IFA_05,IFA,,06067,40900,0613854,"IFA Seattle-Tacoma-Bellevue, WA",0.0,no cell in the extract: territory at zero opportunity
ifa_pac_k5,95639,ifa,CA,IFA,IFA_04,IFA,,06067,40900,0634484,"IFA Los Angeles-Long Beach-Anaheim, CA / San Francisco-Oakland-Fremont, CA",0.0,no cell in the extract: territory at zero opportunity
ifa_pac_k5,95640,ifa,CA,IFA,IFA_05,IFA,,06005,,0610044,"IFA Seattle-Tacoma-Bellevue, WA",0.0,no cell in the extract: territory at zero opportunity
ifa_pac_k5,95641,ifa,CA,IFA,IFA_04,IFA,,06067,40900,0683374,"IFA Los Angeles-Long Beach-Anaheim, CA / San Francisco-Oakland-Fremont, CA",0.0,no cell in the extract: territory at zero opportunity
ifa_pac_k5,95642,ifa,CA,IFA,IFA_05,IFA,,06005,,0636980,"IFA Seattle-Tacoma-Bellevue, WA",0.00513066,
ifa_pac_k5,95645,ifa,CA,IFA,IFA_05,IFA,,06113,40900,0662168,"IFA Seattle-Tacoma-Bellevue, WA",0.0,no cell in the extract: territory at zero opportunity
ifa_pac_k5,95646,ifa,CA,IFA,IFA_05,IFA,,06003,23820,0638646,"IFA Seattle-Tacoma-Bellevue, WA",0.0,no cell in the extract: territory at zero opportunity
ifa_pac_k5,95648,ifa,CA,IFA,IFA_05,IFA,,06061,40900,0641474,"IFA Seattle-Tacoma-Bellevue, WA",1.85891,
ifa_pac_k5,95650,ifa,CA,IFA,IFA_05,IFA,,06061,40900,0643140,"IFA Seattle-Tacoma-Bellevue, WA",1.18513,
ifa_pac_k5,95651,ifa,CA,IFA,IFA_05,IFA,,06017,40900,0614764,"IFA Seattle-Tacoma-Bellevue, WA",0.0,no cell in the extract: territory at zero opportunity
ifa_pac_k5,95652,ifa,CA,IFA,IFA_04,IFA,,06067,40900,0644760,"IFA Los Angeles-Long Beach-Anaheim, CA / San Francisco-Oakland-Fremont, CA",0.0,no cell in the extract: territory at zero opportunity
ifa_pac_k5,95653,ifa,CA,IFA,IFA_05,IFA,,06113,40900,0645064,"IFA Seattle-Tacoma-Bellevue, WA",0.0,no cell in the extract: territory at zero opportunity
ifa_pac_k5,95655,ifa,CA,IFA,IFA_04,IFA,,06067,40900,0646226,"IFA Los Angeles-Long Beach-Anaheim, CA / San Francisco-Oakland-Fremont, CA",0.0,no cell in the extract: territory at zero opportunity
ifa_pac_k5,95658,ifa,CA,IFA,IFA_05,IFA,,06061,40900,0651000,"IFA Seattle-Tacoma-Bellevue, WA",0.683326,
ifa_pac_k5,95659,ifa,CA,IFA,IFA_05,IFA,,06101,49700,0620900,"IFA Seattle-Tacoma-Bellevue, WA",0.0,no cell in the extract: territory at zero opportunity
ifa_pac_k5,95660,ifa,CA,IFA,IFA_04,IFA,,06067,40900,0651924,"IFA Los Angeles-Long Beach-Anaheim, CA / San Francisco-Oakland-Fremont, CA",0.0,no cell in the extract: territory at zero opportunity
ifa_pac_k5,95661,ifa,CA,IFA,IFA_04,IFA,,06061,40900,0662938,"IFA Los Angeles-Long Beach-Anaheim, CA / San Francisco-Oakland-Fremont, CA",39.4624,
ifa_pac_k5,95662,ifa,CA,IFA,IFA_05,IFA,,06067,40900,0654092,"IFA Seattle-Tacoma-Bellevue, WA",0.280715,
ifa_pac_k5,95663,ifa,CA,IFA,IFA_05,IFA,,06061,40900,0656546,"IFA Seattle-Tacoma-Bellevue, WA",0.0,no cell in the extract: territory at zero opportunity
ifa_pac_k5,95664,ifa,CA,IFA,IFA_05,IFA,,06017,40900,,"IFA Seattle-Tacoma-Bellevue, WA",0.0,no cell in the extract: territory at zero opportunity
ifa_pac_k5,95665,ifa,CA,IFA,IFA_05,IFA,,06005,,0657148,"IFA Seattle-Tacoma-Bellevue, WA",0.0,no cell in the extract: territory at zero opportunity
ifa_pac_k5,95666,ifa,CA,IFA,IFA_05,IFA,,06005,,0608680,"IFA Seattle-Tacoma-Bellevue, WA",0.0,no cell in the extract: territory at zero opportunity
ifa_pac_k5,95667,ifa,CA,IFA,IFA_05,IFA,,06017,40900,0619220,"IFA Seattle-Tacoma-Bellevue, WA",1.12953,
ifa_pac_k5,95668,ifa,CA,IFA,IFA_04,IFA,,06101,49700,0662938,"IFA Los Angeles-Long Beach-Anaheim, CA / San Francisco-Oakland-Fremont, CA",0.0,no cell in the extract: territory at zero opportunity
ifa_pac_k5,95669,ifa,CA,IFA,IFA_05,IFA,,06005,,0657834,"IFA Seattle-Tacoma-Bellevue, WA",0.0,no cell in the extract: territory at zero opportunity
ifa_pac_k5,95670,ifa,CA,IFA,IFA_04,IFA,,06067,40900,0659444,"IFA Los Angeles-Long Beach-Anaheim, CA / San Francisco-Oakland-Fremont, CA",11.3382,
ifa_pac_k5,95671,ifa,CA,IFA,IFA_05,IFA,,06067,40900,0624638,"IFA Seattle-Tacoma-Bellevue, WA",0.0,no cell in the extract: territory at zero opportunity
ifa_pac_k5,95672,ifa,CA,IFA,IFA_05,IFA,,06017,40900,0610256,"IFA Seattle-Tacoma-Bellevue, WA",0.0,no cell in the extract: territory at zero opportunity
ifa_pac_k5,95673,ifa,CA,IFA,IFA_04,IFA,,06067,40900,0660942,"IFA Los Angeles-Long Beach-Anaheim, CA / San Francisco-Oakland-Fremont, CA",0.0,no cell in the extract: territory at zero opportunity
ifa_pac_k5,95674,ifa,CA,IFA,IFA_04,IFA,,06101,49700,0660970,"IFA Los Angeles-Long Beach-Anaheim, CA / San Francisco-Oakland-Fremont, CA",0.0,no cell in the extract: territory at zero opportunity
ifa_pac_k5,95675,ifa,CA,IFA,IFA_05,IFA,,06005,,0661124,"IFA Seattle-Tacoma-Bellevue, WA",0.0,no cell in the extract: territory at zero opportunity
ifa_pac_k5,95676,ifa,CA,IFA,IFA_05,IFA,,06101,49700,0662168,"IFA Seattle-Tacoma-Bellevue, WA",0.0,no cell in the extract: territory at zero opportunity
ifa_pac_k5,95677,ifa,CA,IFA,IFA_04,IFA,,06061,40900,0662364,"IFA Los Angeles-Long Beach-Anaheim, CA / San Francisco-Oakland-Fremont, CA",1.25161,
ifa_pac_k5,95678,ifa,CA,IFA,IFA_04,IFA,,06061,40900,0662938,"IFA Los Angeles-Long Beach-Anaheim, CA / San Francisco-Oakland-Fremont, CA",28.8972,
ifa_pac_k5,95679,ifa,CA,IFA,IFA_05,IFA,,06113,40900,0663302,"IFA Seattle-Tacoma-Bellevue, WA",0.0,no cell in the extract: territory at zero opportunity
ifa_pac_k5,95680,ifa,CA,IFA,IFA_04,IFA,,06067,40900,0683374,"IFA Los Angeles-Long Beach-Anaheim, CA / San Francisco-Oakland-Fremont, CA",0.0,no cell in the extract: territory at zero opportunity
ifa_pac_k5,95681,ifa,CA,IFA,IFA_04,IFA,,06061,40900,0671414,"IFA Los Angeles-Long Beach-Anaheim, CA / San Francisco-Oakland-Fremont, CA",0.0,no cell in the extract: territory at zero opportunity
ifa_pac_k5,95682,ifa,CA,IFA,IFA_05,IFA,,06017,40900,0610256,"IFA Seattle-Tacoma-Bellevue, WA",2.03528,
ifa_pac_k5,95683,ifa,CA,IFA,IFA_05,IFA,,06067,40900,0659506,"IFA Seattle-Tacoma-Bellevue, WA",0.0,no cell in the extract: territory at zero opportunity
ifa_pac_k5,95684,ifa,CA,IFA,IFA_05,IFA,,06017,40900,0631302,"IFA Seattle-Tacoma-Bellevue, WA",0.0,no cell in the extract: territory at zero opportunity
ifa_pac_k5,95685,ifa,CA,IFA,IFA_05,IFA,,06005,,0677392,"IFA Seattle-Tacoma-Bellevue, WA",0.0,no cell in the extract: territory at zero opportunity
ifa_pac_k5,95686,ifa,CA,IFA,IFA_04,IFA,,06077,44700,0678568,"IFA Los Angeles-Long Beach-Anaheim, CA / San Francisco-Oakland-Fremont, CA",0.0,no cell in the extract: territory at zero opportunity
ifa_pac_k5,95687,ifa,CA,IFA,IFA_04,IFA,,06095,46700,0681554,"IFA Los Angeles-Long Beach-Anaheim, CA / San Francisco-Oakland-Fremont, CA",0.0,no cell in the extract: territory at zero opportunity
ifa_pac_k5,95688,ifa,CA,IFA,IFA_01,IFA,,06095,46700,0681554,"IFA San Francisco-Oakland-Fremont, CA",15.3056,
ifa_pac_k5,95689,ifa,CA,IFA,IFA_05,IFA,,06005,,0642142,"IFA Seattle-Tacoma-Bellevue, WA",0.0,no cell in the extract: territory at zero opportunity
ifa_pac_k5,95690,ifa,CA,IFA,IFA_04,IFA,,06067,40900,0683374,"IFA Los Angeles-Long Beach-Anaheim, CA / San Francisco-Oakland-Fremont, CA",0.0,no cell in the extract: territory at zero opportunity
ifa_pac_k5,95691,ifa,CA,IFA,IFA_04,IFA,,06113,40900,0684816,"IFA Los Angeles-Long Beach-Anaheim, CA / San Francisco-Oakland-Fremont, CA",0.0,no cell in the extract: territory at zero opportunity
ifa_pac_k5,95692,ifa,CA,IFA,IFA_04,IFA,,06115,49700,0685012,"IFA Los Angeles-Long Beach-Anaheim, CA / San Francisco-Oakland-Fremont, CA",0.0,no cell in the extract: territory at zero opportunity
ifa_pac_k5,95693,ifa,CA,IFA,IFA_05,IFA,,06067,40900,0685880,"IFA Seattle-Tacoma-Bellevue, WA",3.93919,
ifa_pac_k5,95694,ifa,CA,IFA,IFA_04,IFA,,06113,40900,0686034,"IFA Los Angeles-Long Beach-Anaheim, CA / San Francisco-Oakland-Fremont, CA",0.0,no cell in the extract: territory at zero opportunity
ifa_pac_k5,95695,ifa,CA,IFA,IFA_05,IFA,,06113,40900,0686328,"IFA Seattle-Tacoma-Bellevue, WA",0.381816,
ifa_pac_k5,95697,ifa,CA,IFA,IFA_05,IFA,,06113,40900,0686804,"IFA Seattle-Tacoma-Bellevue, WA",0.0,no cell in the extract: territory at zero opportunity
ifa_pac_k5,95698,ifa,CA,IFA,IFA_05,IFA,,06113,40900,,"IFA Seattle-Tacoma-Bellevue, WA",0.0,no cell in the extract: territory at zero opportunity
ifa_pac_k5,95699,ifa,CA,IFA,IFA_05,IFA,,06005,,0619976,"IFA Seattle-Tacoma-Bellevue, WA",0.0,no cell in the extract: territory at zero opportunity
ifa_pac_k5,95701,ifa,CA,IFA,IFA_05,IFA,,06061,40900,0601276,"IFA Seattle-Tacoma-Bellevue, WA",0.0,no cell in the extract: territory at zero opportunity
ifa_pac_k5,95703,ifa,CA,IFA,IFA_05,IFA,,06061,40900,,"IFA Seattle-Tacoma-Bellevue, WA",0.0,no cell in the extract: territory at zero opportunity
ifa_pac_k5,95709,ifa,CA,IFA,IFA_05,IFA,,06017,40900,0610270,"IFA Seattle-Tacoma-Bellevue, WA",0.0,no cell in the extract: territory at zero opportunity
ifa_pac_k5,95713,ifa,CA,IFA,IFA_05,IFA,,06061,40900,0614498,"IFA Seattle-Tacoma-Bellevue, WA",0.225426,
ifa_pac_k5,95714,ifa,CA,IFA,IFA_05,IFA,,06061,40900,0620298,"IFA Seattle-Tacoma-Bellevue, WA",0.0,no cell in the extract: territory at zero opportunity
ifa_pac_k5,95715,ifa,CA,IFA,IFA_05,IFA,,06061,40900,,"IFA Seattle-Tacoma-Bellevue, WA",0.0,no cell in the extract: territory at zero opportunity
ifa_pac_k5,95717,ifa,CA,IFA,IFA_05,IFA,,06061,40900,,"IFA Seattle-Tacoma-Bellevue, WA",0.0,no cell in the extract: territory at zero opportunity
ifa_pac_k5,95720,ifa,CA,IFA,IFA_05,IFA,,06017,40900,,"IFA Seattle-Tacoma-Bellevue, WA",0.0,no cell in the extract: territory at zero opportunity
ifa_pac_k5,95721,ifa,CA,IFA,IFA_05,IFA,,06017,40900,,"IFA Seattle-Tacoma-Bellevue, WA",0.0,no cell in the extract: territory at zero opportunity
ifa_pac_k5,95722,ifa,CA,IFA,IFA_05,IFA,,06061,40900,0646632,"IFA Seattle-Tacoma-Bellevue, WA",0.533732,
ifa_pac_k5,95726,ifa,CA,IFA,IFA_05,IFA,,06017,40900,0658030,"IFA Seattle-Tacoma-Bellevue, WA",0.0,no cell in the extract: territory at zero opportunity
ifa_pac_k5,95728,ifa,CA,IFA,IFA_05,IFA,,06061,40900,0672492,"IFA Seattle-Tacoma-Bellevue, WA",0.0,no cell in the extract: territory at zero opportunity
ifa_pac_k5,95735,ifa,CA,IFA,IFA_05,IFA,,06017,40900,,"IFA Seattle-Tacoma-Bellevue, WA",0.0,no cell in the extract: territory at zero opportunity
ifa_pac_k5,95736,ifa,CA,IFA,IFA_05,IFA,,06061,40900,,"IFA Seattle-Tacoma-Bellevue, WA",0.0,no cell in the extract: territory at zero opportunity
ifa_pac_k5,95742,ifa,CA,IFA,IFA_05,IFA,,06067,40900,0659444,"IFA Seattle-Tacoma-Bellevue, WA",1.57316,
ifa_pac_k5,95746,ifa,CA,IFA,IFA_05,IFA,,06061,40900,0630693,"IFA Seattle-Tacoma-Bellevue, WA",9.98032,
ifa_pac_k5,95747,ifa,CA,IFA,IFA_04,IFA,,06061,40900,0662938,"IFA Los Angeles-Long Beach-Anaheim, CA / San Francisco-Oakland-Fremont, CA",0.0957723,
ifa_pac_k5,95757,ifa,CA,IFA,IFA_05,IFA,,06067,40900,0622020,"IFA Seattle-Tacoma-Bellevue, WA",1.28729,
ifa_pac_k5,95758,ifa,CA,IFA,IFA_04,IFA,,06067,40900,0622020,"IFA Los Angeles-Long Beach-Anaheim, CA / San Francisco-Oakland-Fremont, CA",5.7441,
ifa_pac_k5,95762,ifa,CA,IFA,IFA_05,IFA,,06017,40900,0621880,"IFA Seattle-Tacoma-Bellevue, WA",7.2871,
ifa_pac_k5,95765,ifa,CA,IFA,IFA_05,IFA,,06061,40900,0662364,"IFA Seattle-Tacoma-Bellevue, WA",8.4329,
ifa_pac_k5,95776,ifa,CA,IFA,IFA_05,IFA,,06113,40900,0686328,"IFA Seattle-Tacoma-Bellevue, WA",0.0,no cell in the extract: territory at zero opportunity
ifa_pac_k5,95811,ifa,CA,IFA,IFA_04,IFA,,06067,40900,0664000,"IFA Los Angeles-Long Beach-Anaheim, CA / San Francisco-Oakland-Fremont, CA",0.744806,
ifa_pac_k5,95814,ifa,CA,IFA,IFA_04,IFA,,06067,40900,0664000,"IFA Los Angeles-Long Beach-Anaheim, CA / San Francisco-Oakland-Fremont, CA",1.9486,
ifa_pac_k5,95815,ifa,CA,IFA,IFA_04,IFA,,06067,40900,0664000,"IFA Los Angeles-Long Beach-Anaheim, CA / San Francisco-Oakland-Fremont, CA",13.0551,
ifa_pac_k5,95816,ifa,CA,IFA,IFA_04,IFA,,06067,40900,0664000,"IFA Los Angeles-Long Beach-Anaheim, CA / San Francisco-Oakland-Fremont, CA",2.00569,
ifa_pac_k5,95817,ifa,CA,IFA,IFA_04,IFA,,06067,40900,0664000,"IFA Los Angeles-Long Beach-Anaheim, CA / San Francisco-Oakland-Fremont, CA",0.0,no cell in the extract: territory at zero opportunity
ifa_pac_k5,95818,ifa,CA,IFA,IFA_04,IFA,,06067,40900,0664000,"IFA Los Angeles-Long Beach-Anaheim, CA / San Francisco-Oakland-Fremont, CA",0.260588,
ifa_pac_k5,95819,ifa,CA,IFA,IFA_04,IFA,,06067,40900,0664000,"IFA Los Angeles-Long Beach-Anaheim, CA / San Francisco-Oakland-Fremont, CA",4.45631,
ifa_pac_k5,95820,ifa,CA,IFA,IFA_04,IFA,,06067,40900,0664000,"IFA Los Angeles-Long Beach-Anaheim, CA / San Francisco-Oakland-Fremont, CA",0.0,no cell in the extract: territory at zero opportunity
ifa_pac_k5,95821,ifa,CA,IFA,IFA_04,IFA,,06067,40900,0602553,"IFA Los Angeles-Long Beach-Anaheim, CA / San Francisco-Oakland-Fremont, CA",0.0,no cell in the extract: territory at zero opportunity
ifa_pac_k5,95822,ifa,CA,IFA,IFA_04,IFA,,06067,40900,0664000,"IFA Los Angeles-Long Beach-Anaheim, CA / San Francisco-Oakland-Fremont, CA",1.63178,
ifa_pac_k5,95823,ifa,CA,IFA,IFA_04,IFA,,06067,40900,0664000,"IFA Los Angeles-Long Beach-Anaheim, CA / San Francisco-Oakland-Fremont, CA",0.0,no cell in the extract: territory at zero opportunity
ifa_pac_k5,95824,ifa,CA,IFA,IFA_04,IFA,,06067,40900,0664000,"IFA Los Angeles-Long Beach-Anaheim, CA / San Francisco-Oakland-Fremont, CA",0.0,no cell in the extract: territory at zero opportunity
ifa_pac_k5,95825,ifa,CA,IFA,IFA_04,IFA,,06067,40900,0602553,"IFA Los Angeles-Long Beach-Anaheim, CA / San Francisco-Oakland-Fremont, CA",13.7087,
ifa_pac_k5,95826,ifa,CA,IFA,IFA_04,IFA,,06067,40900,0664000,"IFA Los Angeles-Long Beach-Anaheim, CA / San Francisco-Oakland-Fremont, CA",31.401,
ifa_pac_k5,95827,ifa,CA,IFA,IFA_04,IFA,,06067,40900,0659444,"IFA Los Angeles-Long Beach-Anaheim, CA / San Francisco-Oakland-Fremont, CA",1.36191,
ifa_pac_k5,95828,ifa,CA,IFA,IFA_04,IFA,,06067,40900,0624498,"IFA Los Angeles-Long Beach-Anaheim, CA / San Francisco-Oakland-Fremont, CA",0.0,no cell in the extract: territory at zero opportunity
ifa_pac_k5,95829,ifa,CA,IFA,IFA_04,IFA,,06067,40900,0682852,"IFA Los Angeles-Long Beach-Anaheim, CA / San Francisco-Oakland-Fremont, CA",0.0,no cell in the extract: territory at zero opportunity
ifa_pac_k5,95830,ifa,CA,IFA,IFA_04,IFA,,06067,40900,0682852,"IFA Los Angeles-Long Beach-Anaheim, CA / San Francisco-Oakland-Fremont, CA",0.0,no cell in the extract: territory at zero opportunity
ifa_pac_k5,95831,ifa,CA,IFA,IFA_04,IFA,,06067,40900,0664000,"IFA Los Angeles-Long Beach-Anaheim, CA / San Francisco-Oakland-Fremont, CA",0.0532793,
ifa_pac_k5,95832,ifa,CA,IFA,IFA_04,IFA,,06067,40900,0664000,"IFA Los Angeles-Long Beach-Anaheim, CA / San Francisco-Oakland-Fremont, CA",0.0,no cell in the extract: territory at zero opportunity
ifa_pac_k5,95833,ifa,CA,IFA,IFA_04,IFA,,06067,40900,0664000,"IFA Los Angeles-Long Beach-Anaheim, CA / San Francisco-Oakland-Fremont, CA",0.664122,
ifa_pac_k5,95834,ifa,CA,IFA,IFA_05,IFA,,06067,40900,0664000,"IFA Seattle-Tacoma-Bellevue, WA",0.621745,
ifa_pac_k5,95835,ifa,CA,IFA,IFA_04,IFA,,06067,40900,0664000,"IFA Los Angeles-Long Beach-Anaheim, CA / San Francisco-Oakland-Fremont, CA",0.0,no cell in the extract: territory at zero opportunity
ifa_pac_k5,95837,ifa,CA,IFA,IFA_05,IFA,,06067,40900,,"IFA Seattle-Tacoma-Bellevue, WA",0.0,no cell in the extract: territory at zero opportunity
ifa_pac_k5,95838,ifa,CA,IFA,IFA_04,IFA,,06067,40900,0664000,"IFA Los Angeles-Long Beach-Anaheim, CA / San Francisco-Oakland-Fremont, CA",0.0,no cell in the extract: territory at zero opportunity
ifa_pac_k5,95841,ifa,CA,IFA,IFA_04,IFA,,06067,40900,0651924,"IFA Los Angeles-Long Beach-Anaheim, CA / San Francisco-Oakland-Fremont, CA",0.825788,
ifa_pac_k5,95842,ifa,CA,IFA,IFA_04,IFA,,06067,40900,0624722,"IFA Los Angeles-Long Beach-Anaheim, CA / San Francisco-Oakland-Fremont, CA",0.0,no cell in the extract: territory at zero opportunity
ifa_pac_k5,95843,ifa,CA,IFA,IFA_04,IFA,,06067,40900,0602210,"IFA Los Angeles-Long Beach-Anaheim, CA / San Francisco-Oakland-Fremont, CA",2.49181,
ifa_pac_k5,95864,ifa,CA,IFA,IFA_04,IFA,,06067,40900,0602553,"IFA Los Angeles-Long Beach-Anaheim, CA / San Francisco-Oakland-Fremont, CA",0.902733,
ifa_pac_k5,95901,ifa,CA,IFA,IFA_04,IFA,,06115,49700,0642412,"IFA Los Angeles-Long Beach-Anaheim, CA / San Francisco-Oakland-Fremont, CA",0.594154,
ifa_pac_k5,95903,ifa,CA,IFA,IFA_04,IFA,,06115,49700,0604576,"IFA Los Angeles-Long Beach-Anaheim, CA / San Francisco-Oakland-Fremont, CA",0.0,no cell in the extract: territory at zero opportunity
ifa_pac_k5,95910,ifa,CA,IFA,IFA_05,IFA,,06091,,0600982,"IFA Seattle-Tacoma-Bellevue, WA",0.0,no cell in the extract: territory at zero opportunity
ifa_pac_k5,95912,ifa,CA,IFA,IFA_05,IFA,,06011,,0614554,"IFA Seattle-Tacoma-Bellevue, WA",0.0,no cell in the extract: territory at zero opportunity
ifa_pac_k5,95913,ifa,CA,IFA,IFA_05,IFA,,06021,,0602910,"IFA Seattle-Tacoma-Bellevue, WA",0.0,no cell in the extract: territory at zero opportunity
ifa_pac_k5,95914,ifa,CA,IFA,IFA_05,IFA,,06007,17020,0603792,"IFA Seattle-Tacoma-Bellevue, WA",0.0,no cell in the extract: territory at zero opportunity
ifa_pac_k5,95915,ifa,CA,IFA,IFA_05,IFA,,06063,,0678792,"IFA Seattle-Tacoma-Bellevue, WA",0.0,no cell in the extract: territory at zero opportunity
ifa_pac_k5,95916,ifa,CA,IFA,IFA_05,IFA,,06007,17020,0606070,"IFA Seattle-Tacoma-Bellevue, WA",0.0,no cell in the extract: territory at zero opportunity
ifa_pac_k5,95917,ifa,CA,IFA,IFA_05,IFA,,06007,17020,0606560,"IFA Seattle-Tacoma-Bellevue, WA",0.0,no cell in the extract: territory at zero opportunity
ifa_pac_k5,95918,ifa,CA,IFA,IFA_05,IFA,,06115,49700,0642412,"IFA Seattle-Tacoma-Bellevue, WA",0.0,no cell in the extract: territory at zero opportunity
ifa_pac_k5,95919,ifa,CA,IFA,IFA_05,IFA,,06115,49700,0612612,"IFA Seattle-Tacoma-Bellevue, WA",0.0,no cell in the extract: territory at zero opportunity
ifa_pac_k5,95920,ifa,CA,IFA,IFA_05,IFA,,06021,,,"IFA Seattle-Tacoma-Bellevue, WA",0.0,no cell in the extract: territory at zero opportunity
ifa_pac_k5,95922,ifa,CA,IFA,IFA_05,IFA,,06115,49700,0610676,"IFA Seattle-Tacoma-Bellevue, WA",0.0,no cell in the extract: territory at zero opportunity
ifa_pac_k5,95923,ifa,CA,IFA,IFA_05,IFA,,06063,,0601094,"IFA Seattle-Tacoma-Bellevue, WA",0.0,no cell in the extract: territory at zero opportunity
ifa_pac_k5,95925,ifa,CA,IFA,IFA_05,IFA,,06115,49700,0612612,"IFA Seattle-Tacoma-Bellevue, WA",0.0,no cell in the extract: territory at zero opportunity
ifa_pac_k5,95926,ifa,CA,IFA,IFA_05,IFA,,06007,17020,0613014,"IFA Seattle-Tacoma-Bellevue, WA",7.66252,
ifa_pac_k5,95928,ifa,CA,IFA,IFA_05,IFA,,06007,17020,0620270,"IFA Seattle-Tacoma-Bellevue, WA",5.01248,
ifa_pac_k5,95929,ifa,CA,IFA,IFA_05,IFA,,06007,17020,0613014,"IFA Seattle-Tacoma-Bellevue, WA",0.0,no cell in the extract: territory at zero opportunity
ifa_pac_k5,95930,ifa,CA,IFA,IFA_05,IFA,,06007,17020,0614148,"IFA Seattle-Tacoma-Bellevue, WA",0.0,no cell in the extract: territory at zero opportunity
ifa_pac_k5,95932,ifa,CA,IFA,IFA_05,IFA,,06011,,0614946,"IFA Seattle-Tacoma-Bellevue, WA",0.0,no cell in the extract: territory at zero opportunity
ifa_pac_k5,95934,ifa,CA,IFA,IFA_05,IFA,,06063,,0617050,"IFA Seattle-Tacoma-Bellevue, WA",0.0,no cell in the extract: territory at zero opportunity
ifa_pac_k5,95935,ifa,CA,IFA,IFA_05,IFA,,06115,49700,0619416,"IFA Seattle-Tacoma-Bellevue, WA",0.0,no cell in the extract: territory at zero opportunity
ifa_pac_k5,95936,ifa,CA,IFA,IFA_05,IFA,,06091,,0619794,"IFA Seattle-Tacoma-Bellevue, WA",0.0,no cell in the extract: territory at zero opportunity
ifa_pac_k5,95937,ifa,CA,IFA,IFA_05,IFA,,06113,40900,0620228,"IFA Seattle-Tacoma-Bellevue, WA",0.0,no cell in the extract: territory at zero opportunity
ifa_pac_k5,95938,ifa,CA,IFA,IFA_05,IFA,,06007,17020,0620270,"IFA Seattle-Tacoma-Bellevue, WA",0.0,no cell in the extract: territory at zero opportunity
ifa_pac_k5,95939,ifa,CA,IFA,IFA_05,IFA,,06021,,0622006,"IFA Seattle-Tacoma-Bellevue, WA",0.0,no cell in the extract: territory at zero opportunity
ifa_pac_k5,95941,ifa,CA,IFA,IFA_05,IFA,,06007,17020,0624750,"IFA Seattle-Tacoma-Bellevue, WA",0.0,no cell in the extract: territory at zero opportunity
ifa_pac_k5,95942,ifa,CA,IFA,IFA_05,IFA,,06007,17020,0624918,"IFA Seattle-Tacoma-Bellevue, WA",0.0,no cell in the extract: territory at zero opportunity
ifa_pac_k5,95943,ifa,CA,IFA,IFA_05,IFA,,06021,,,"IFA Seattle-Tacoma-Bellevue, WA",0.0,no cell in the extract: territory at zero opportunity
ifa_pac_k5,95944,ifa,CA,IFA,IFA_05,IFA,,06091,,0630420,"IFA Seattle-Tacoma-Bellevue, WA",0.0,no cell in the extract: territory at zero opportunity
ifa_pac_k5,95945,ifa,CA,IFA,IFA_05,IFA,,06057,46020,0630798,"IFA Seattle-Tacoma-Bellevue, WA",0.459422,
ifa_pac_k5,95946,ifa,CA,IFA,IFA_05,IFA,,06057,46020,0639885,"IFA Seattle-Tacoma-Bellevue, WA",0.0,no cell in the extract: territory at zero opportunity
ifa_pac_k5,95947,ifa,CA,IFA,IFA_05,IFA,,06063,,0631162,"IFA Seattle-Tacoma-Bellevue, WA",0.0,no cell in the extract: territory at zero opportunity
ifa_pac_k5,95948,ifa,CA,IFA,IFA_05,IFA,,06007,17020,0631260,"IFA Seattle-Tacoma-Bellevue, WA",0.304855,
ifa_pac_k5,95949,ifa,CA,IFA,IFA_05,IFA,,06057,46020,0601360,"IFA Seattle-Tacoma-Bellevue, WA",0.0,no cell in the extract: territory at zero opportunity
ifa_pac_k5,95950,ifa,CA,IFA,IFA_05,IFA,,06011,,0631288,"IFA Seattle-Tacoma-Bellevue, WA",0.0,no cell in the extract: territory at zero opportunity
ifa_pac_k5,95951,ifa,CA,IFA,IFA_05,IFA,,06021,,0631890,"IFA Seattle-Tacoma-Bellevue, WA",0.0,no cell in the extract: territory at zero opportunity
ifa_pac_k5,95953,ifa,CA,IFA,IFA_05,IFA,,06101,49700,0641936,"IFA Seattle-Tacoma-Bellevue, WA",0.0,no cell in the extract: territory at zero opportunity
ifa_pac_k5,95954,ifa,CA,IFA,IFA_05,IFA,,06007,17020,0645120,"IFA Seattle-Tacoma-Bellevue, WA",0.0,no cell in the extract: territory at zero opportunity
ifa_pac_k5,95955,ifa,CA,IFA,IFA_05,IFA,,06011,,0646338,"IFA Seattle-Tacoma-Bellevue, WA",0.0,no cell in the extract: territory at zero opportunity
ifa_pac_k5,95956,ifa,CA,IFA,IFA_05,IFA,,06063,,0646618,"IFA Seattle-Tacoma-Bellevue, WA",0.0,no cell in the extract: territory at zero opportunity
ifa_pac_k5,95957,ifa,CA,IFA,IFA_05,IFA,,06101,49700,0646926,"IFA Seattle-Tacoma-Bellevue, WA",0.0,no cell in the extract: territory at zero opportunity
ifa_pac_k5,95958,ifa,CA,IFA,IFA_05,IFA,,06007,17020,0620270,"IFA Seattle-Tacoma-Bellevue, WA",0.0,no cell in the extract: territory at zero opportunity
ifa_pac_k5,95959,ifa,CA,IFA,IFA_05,IFA,,06057,46020,0650874,"IFA Seattle-Tacoma-Bellevue, WA",0.792525,
ifa_pac_k5,95960,ifa,CA,IFA,IFA_05,IFA,,06091,,0657036,"IFA Seattle-Tacoma-Bellevue, WA",0.0,no cell in the extract: territory at zero opportunity
ifa_pac_k5,95961,ifa,CA,IFA,IFA_04,IFA,,06115,49700,0657829,"IFA Los Angeles-Long Beach-Anaheim, CA / San Francisco-Oakland-Fremont, CA",0.0,no cell in the extract: territory at zero opportunity
ifa_pac_k5,95962,ifa,CA,IFA,IFA_05,IFA,,06115,49700,0619416,"IFA Seattle-Tacoma-Bellevue, WA",0.0,no cell in the extract: territory at zero opportunity
ifa_pac_k5,95963,ifa,CA,IFA,IFA_05,IFA,,06021,,0654274,"IFA Seattle-Tacoma-Bellevue, WA",0.0,no cell in the extract: territory at zero opportunity
ifa_pac_k5,95965,ifa,CA,IFA,IFA_05,IFA,,06007,17020,0616035,"IFA Seattle-Tacoma-Bellevue, WA",1.00168,
ifa_pac_k5,95966,ifa,CA,IFA,IFA_05,IFA,,06007,17020,0654388,"IFA Seattle-Tacoma-Bellevue, WA",0.0,no cell in the extract: territory at zero opportunity
ifa_pac_k5,95968,ifa,CA,IFA,IFA_05,IFA,,06007,17020,0655086,"IFA Seattle-Tacoma-Bellevue, WA",0.0,no cell in the extract: territory at zero opportunity
ifa_pac_k5,95969,ifa,CA,IFA,IFA_05,IFA,,06007,17020,0655520,"IFA Seattle-Tacoma-Bellevue, WA",0.0,no cell in the extract: territory at zero opportunity
ifa_pac_k5,95970,ifa,CA,IFA,IFA_05,IFA,,06011,,0658758,"IFA Seattle-Tacoma-Bellevue, WA",0.0,no cell in the extract: territory at zero opportunity
ifa_pac_k5,95971,ifa,CA,IFA,IFA_05,IFA,,06063,,0621026,"IFA Seattle-Tacoma-Bellevue, WA",0.0,no cell in the extract: territory at zero opportunity
ifa_pac_k5,95972,ifa,CA,IFA,IFA_05,IFA,,06115,49700,,"IFA Seattle-Tacoma-Bellevue, WA",0.0,no cell in the extract: territory at zero opportunity
ifa_pac_k5,95973,ifa,CA,IFA,IFA_05,IFA,,06007,17020,0614442,"IFA Seattle-Tacoma-Bellevue, WA",1.3904,
ifa_pac_k5,95974,ifa,CA,IFA,IFA_05,IFA,,06007,17020,0660662,"IFA Seattle-Tacoma-Bellevue, WA",0.0,no cell in the extract: territory at zero opportunity
ifa_pac_k5,95975,ifa,CA,IFA,IFA_05,IFA,,06057,46020,0663106,"IFA Seattle-Tacoma-Bellevue, WA",0.0,no cell in the extract: territory at zero opportunity
ifa_pac_k5,95977,ifa,CA,IFA,IFA_04,IFA,,06115,49700,0672282,"IFA Los Angeles-Long Beach-Anaheim, CA / San Francisco-Oakland-Fremont, CA",0.0,no cell in the extract: territory at zero opportunity
ifa_pac_k5,95978,ifa,CA,IFA,IFA_05,IFA,,06007,17020,0674186,"IFA Seattle-Tacoma-Bellevue, WA",0.0,no cell in the extract: territory at zero opportunity
ifa_pac_k5,95979,ifa,CA,IFA,IFA_05,IFA,,06011,,0642230,"IFA Seattle-Tacoma-Bellevue, WA",0.0,no cell in the extract: territory at zero opportunity
ifa_pac_k5,95981,ifa,CA,IFA,IFA_05,IFA,,06063,,0641789,"IFA Seattle-Tacoma-Bellevue, WA",0.0,no cell in the extract: territory at zero opportunity
ifa_pac_k5,95982,ifa,CA,IFA,IFA_05,IFA,,06101,49700,0677378,"IFA Seattle-Tacoma-Bellevue, WA",0.0,no cell in the extract: territory at zero opportunity
ifa_pac_k5,95983,ifa,CA,IFA,IFA_05,IFA,,06063,,0678008,"IFA Seattle-Tacoma-Bellevue, WA",0.0,no cell in the extract: territory at zero opportunity
ifa_pac_k5,95984,ifa,CA,IFA,IFA_05,IFA,,06063,,0680952,"IFA Seattle-Tacoma-Bellevue, WA",0.0,no cell in the extract: territory at zero opportunity
ifa_pac_k5,95986,ifa,CA,IFA,IFA_05,IFA,,06057,46020,0683570,"IFA Seattle-Tacoma-Bellevue, WA",0.0,no cell in the extract: territory at zero opportunity
ifa_pac_k5,95987,ifa,CA,IFA,IFA_05,IFA,,06011,,0685586,"IFA Seattle-Tacoma-Bellevue, WA",0.0,no cell in the extract: territory at zero opportunity
ifa_pac_k5,95988,ifa,CA,IFA,IFA_05,IFA,,06021,,0685684,"IFA Seattle-Tacoma-Bellevue, WA",0.710547,
ifa_pac_k5,95991,ifa,CA,IFA,IFA_05,IFA,,06101,49700,0686972,"IFA Seattle-Tacoma-Bellevue, WA",3.05447,
ifa_pac_k5,95993,ifa,CA,IFA,IFA_05,IFA,,06101,49700,0686972,"IFA Seattle-Tacoma-Bellevue, WA",10.2914,
ifa_pac_k5,96001,ifa,CA,IFA,IFA_05,IFA,,06089,39820,0659920,"IFA Seattle-Tacoma-Bellevue, WA",8.23768,
ifa_pac_k5,96002,ifa,CA,IFA,IFA_05,IFA,,06089,39820,0659920,"IFA Seattle-Tacoma-Bellevue, WA",3.18601,
ifa_pac_k5,96003,ifa,CA,IFA,IFA_05,IFA,,06089,39820,0659920,"IFA Seattle-Tacoma-Bellevue, WA",0.0,no cell in the extract: territory at zero opportunity
ifa_pac_k5,96006,ifa,CA,IFA,IFA_05,IFA,,06035,45000,0600310,"IFA Seattle-Tacoma-Bellevue, WA",0.0,no cell in the extract: territory at zero opportunity
ifa_pac_k5,96007,ifa,CA,IFA,IFA_05,IFA,,06089,39820,0632036,"IFA Seattle-Tacoma-Bellevue, WA",0.0,no cell in the extract: territory at zero opportunity
ifa_pac_k5,96008,ifa,CA,IFA,IFA_05,IFA,,06089,39820,0604926,"IFA Seattle-Tacoma-Bellevue, WA",0.0,no cell in the extract: territory at zero opportunity
ifa_pac_k5,96009,ifa,CA,IFA,IFA_05,IFA,,06035,45000,0606336,"IFA Seattle-Tacoma-Bellevue, WA",0.0,no cell in the extract: territory at zero opportunity
ifa_pac_k5,96010,ifa,CA,IFA,IFA_01,IFA,,06105,,,"IFA San Francisco-Oakland-Fremont, CA",0.0,no cell in the extract: territory at zero opportunity
ifa_pac_k5,96011,ifa,CA,IFA,IFA_05,IFA,,06089,39820,0606475,"IFA Seattle-Tacoma-Bellevue, WA",0.0,no cell in the extract: territory at zero opportunity
ifa_pac_k5,96013,ifa,CA,IFA,IFA_05,IFA,,06089,39820,0609122,"IFA Seattle-Tacoma-Bellevue, WA",0.0,no cell in the extract: territory at zero opportunity
ifa_pac_k5,96014,ifa,CA,IFA,IFA_05,IFA,,06093,,,"IFA Seattle-Tacoma-Bellevue, WA",0.0,no cell in the extract: territory at zero opportunity
ifa_pac_k5,96015,ifa,CA,IFA,IFA_05,IFA,,06049,,0610732,"IFA Seattle-Tacoma-Bellevue, WA",0.0,no cell in the extract: territory at zero opportunity
ifa_pac_k5,96016,ifa,CA,IFA,IFA_05,IFA,,06089,39820,0611782,"IFA Seattle-Tacoma-Bellevue, WA",0.0,no cell in the extract: territory at zero opportunity
ifa_pac_k5,96017,ifa,CA,IFA,IFA_05,IFA,,06089,39820,0611824,"IFA Seattle-Tacoma-Bellevue, WA",0.0,no cell in the extract: territory at zero opportunity
ifa_pac_k5,96019,ifa,CA,IFA,IFA_05,IFA,,06089,39820,0671225,"IFA Seattle-Tacoma-Bellevue, WA",0.0,no cell in the extract: territory at zero opportunity
ifa_pac_k5,96020,ifa,CA,IFA,IFA_05,IFA,,06063,,0683494,"IFA Seattle-Tacoma-Bellevue, WA",0.278408,
ifa_pac_k5,96021,ifa,CA,IFA,IFA_05,IFA,,06103,39780,0659604,"IFA Seattle-Tacoma-Bellevue, WA",0.0,no cell in the extract: territory at zero opportunity
ifa_pac_k5,96022,ifa,CA,IFA,IFA_05,IFA,,06103,39780,0616630,"IFA Seattle-Tacoma-Bellevue, WA",0.0,no cell in the extract: territory at zero opportunity
ifa_pac_k5,96023,ifa,CA,IFA,IFA_05,IFA,,06093,,0619584,"IFA Seattle-Tacoma-Bellevue, WA",0.0,no cell in the extract: territory at zero opportunity
ifa_pac_k5,96024,ifa,CA,IFA,IFA_01,IFA,,06105,,0619724,"IFA San Francisco-Oakland-Fremont, CA",0.0,no cell in the extract: territory at zero opportunity
ifa_pac_k5,96025,ifa,CA,IFA,IFA_05,IFA,,06093,,0620242,"IFA Seattle-Tacoma-Bellevue, WA",0.0,no cell in the extract: territory at zero opportunity
ifa_pac_k5,96027,ifa,CA,IFA,IFA_01,IFA,,06093,,0622972,"IFA San Francisco-Oakland-Fremont, CA",0.0,no cell in the extract: territory at zero opportunity
ifa_pac_k5,96028,ifa,CA,IFA,IFA_05,IFA,,06089,39820,0623532,"IFA Seattle-Tacoma-Bellevue, WA",0.0,no cell in the extract: territory at zero opportunity
ifa_pac_k5,96029,ifa,CA,IFA,IFA_05,IFA,,06103,39780,0624568,"IFA Seattle-Tacoma-Bellevue, WA",0.0,no cell in the extract: territory at zero opportunity
ifa_pac_k5,96031,ifa,CA,IFA,IFA_01,IFA,,06093,,,"IFA San Francisco-Oakland-Fremont, CA",0.0,no cell in the extract: territory at zero opportunity
ifa_pac_k5,96032,ifa,CA,IFA,IFA_05,IFA,,06093,,0625128,"IFA Seattle-Tacoma-Bellevue, WA",0.0,no cell in the extract: territory at zero opportunity
ifa_pac_k5,96033,ifa,CA,IFA,IFA_01,IFA,,06089,39820,0626056,"IFA San Francisco-Oakland-Fremont, CA",0.0,no cell in the extract: territory at zero opportunity
ifa_pac_k5,96034,ifa,CA,IFA,IFA_05,IFA,,06093,,0629252,"IFA Seattle-Tacoma-Bellevue, WA",0.0,no cell in the extract: territory at zero opportunity
ifa_pac_k5,96035,ifa,CA,IFA,IFA_05,IFA,,06103,39780,0658814,"IFA Seattle-Tacoma-Bellevue, WA",0.0,no cell in the extract: territory at zero opportunity
ifa_pac_k5,96037,ifa,CA,IFA,IFA_05,IFA,,06093,,0631134,"IFA Seattle-Tacoma-Bellevue, WA",0.0,no cell in the extract: territory at zero opportunity
ifa_pac_k5,96038,ifa,CA,IFA,IFA_05,IFA,,06093,,0631246,"IFA Seattle-Tacoma-Bellevue, WA",0.0,no cell in the extract: territory at zero opportunity
ifa_pac_k5,96039,ifa,CA,IFA,IFA_05,IFA,,06093,,0632030,"IFA Seattle-Tacoma-Bellevue, WA",0.0,no cell in the extract: territory at zero opportunity
ifa_pac_k5,96040,ifa,CA,IFA,IFA_05,IFA,,06089,39820,0632408,"IFA Seattle-Tacoma-Bellevue, WA",0.0,no cell in the extract: territory at zero opportunity
ifa_pac_k5,96041,ifa,CA,IFA,IFA_01,IFA,,06105,,0632562,"IFA San Francisco-Oakland-Fremont, CA",0.0,no cell in the extract: territory at zero opportunity
ifa_pac_k5,96044,ifa,CA,IFA,IFA_05,IFA,,06093,,0634694,"IFA Seattle-Tacoma-Bellevue, WA",0.0,no cell in the extract: territory at zero opportunity
ifa_pac_k5,96046,ifa,CA,IFA,IFA_01,IFA,,06105,,0636098,"IFA San Francisco-Oakland-Fremont, CA",0.0,no cell in the extract: territory at zero opportunity
ifa_pac_k5,96047,ifa,CA,IFA,IFA_05,IFA,,06089,39820,0653882,"IFA Seattle-Tacoma-Bellevue, WA",0.0,no cell in the extract: territory at zero opportunity
ifa_pac_k5,96048,ifa,CA,IFA,IFA_01,IFA,,06105,,0637596,"IFA San Francisco-Oakland-Fremont, CA",0.0,no cell in the extract: territory at zero opportunity
ifa_pac_k5,96050,ifa,CA,IFA,IFA_05,IFA,,06093,,,"IFA Seattle-Tacoma-Bellevue, WA",0.0,no cell in the extract: territory at zero opportunity
ifa_pac_k5,96051,ifa,CA,IFA,IFA_05,IFA,,06089,39820,0639514,"IFA Seattle-Tacoma-Bellevue, WA",0.0,no cell in the extract: territory at zero opportunity
ifa_pac_k5,96052,ifa,CA,IFA,IFA_01,IFA,,06105,,0641278,"IFA San Francisco-Oakland-Fremont, CA",0.0,no cell in the extract: territory at zero opportunity
ifa_pac_k5,96054,ifa,CA,IFA,IFA_05,IFA,,06049,,0643126,"IFA Seattle-Tacoma-Bellevue, WA",0.0,no cell in the extract: territory at zero opportunity
ifa_pac_k5,96055,ifa,CA,IFA,IFA_05,IFA,,06103,39780,0644140,"IFA Seattle-Tacoma-Bellevue, WA",0.0,no cell in the extract: territory at zero opportunity
ifa_pac_k5,96056,ifa,CA,IFA,IFA_05,IFA,,06035,45000,0641908,"IFA Seattle-Tacoma-Bellevue, WA",0.0,no cell in the extract: territory at zero opportunity
ifa_pac_k5,96057,ifa,CA,IFA,IFA_05,IFA,,06093,,0644784,"IFA Seattle-Tacoma-Bellevue, WA",0.0,no cell in the extract: territory at zero opportunity
ifa_pac_k5,96058,ifa,CA,IFA,IFA_05,IFA,,06093,,0649768,"IFA Seattle-Tacoma-Bellevue, WA",0.0,no cell in the extract: territory at zero opportunity
ifa_pac_k5,96059,ifa,CA,IFA,IFA_05,IFA,,06103,39780,0645512,"IFA Seattle-Tacoma-Bellevue, WA",0.0,no cell in the extract: territory at zero opportunity
ifa_pac_k5,96061,ifa,CA,IFA,IFA_05,IFA,,06103,39780,0647794,"IFA Seattle-Tacoma-Bellevue, WA",0.0,no cell in the extract: territory at zero opportunity
ifa_pac_k5,96062,ifa,CA,IFA,IFA_05,IFA,,06089,39820,0647724,"IFA Seattle-Tacoma-Bellevue, WA",0.0,no cell in the extract: territory at zero opportunity
ifa_pac_k5,96063,ifa,CA,IFA,IFA_05,IFA,,06103,39780,0647794,"IFA Seattle-Tacoma-Bellevue, WA",0.0,no cell in the extract: territory at zero opportunity
ifa_pac_k5,96064,ifa,CA,IFA,IFA_05,IFA,,06093,,0648690,"IFA Seattle-Tacoma-Bellevue, WA",0.0,no cell in the extract: territory at zero opportunity
ifa_pac_k5,96065,ifa,CA,IFA,IFA_05,IFA,,06089,39820,0648998,"IFA Seattle-Tacoma-Bellevue, WA",0.0,no cell in the extract: territory at zero opportunity
ifa_pac_k5,96067,ifa,CA,IFA,IFA_05,IFA,,06093,,0649852,"IFA Seattle-Tacoma-Bellevue, WA",0.0,no cell in the extract: territory at zero opportunity
ifa_pac_k5,96068,ifa,CA,IFA,IFA_05,IFA,,06035,45000,0652610,"IFA Seattle-Tacoma-Bellevue, WA",0.0,no cell in the extract: territory at zero opportunity
ifa_pac_k5,96069,ifa,CA,IFA,IFA_05,IFA,,06089,39820,0653140,"IFA Seattle-Tacoma-Bellevue, WA",0.0,no cell in the extract: territory at zero opportunity
ifa_pac_k5,96071,ifa,CA,IFA,IFA_05,IFA,,06089,39820,0653602,"IFA Seattle-Tacoma-Bellevue, WA",0.0,no cell in the extract: territory at zero opportunity
ifa_pac_k5,96073,ifa,CA,IFA,IFA_05,IFA,,06089,39820,0655296,"IFA Seattle-Tacoma-Bellevue, WA",0.0,no cell in the extract: territory at zero opportunity
ifa_pac_k5,96074,ifa,CA,IFA,IFA_05,IFA,,06103,39780,0656042,"IFA Seattle-Tacoma-Bellevue, WA",0.0,no cell in the extract: territory at zero opportunity
ifa_pac_k5,96075,ifa,CA,IFA,IFA_05,IFA,,06103,39780,0656196,"IFA Seattle-Tacoma-Bellevue, WA",0.0,no cell in the extract: territory at zero opportunity
ifa_pac_k5,96076,ifa,CA,IFA,IFA_01,IFA,,06105,,0657666,"IFA San Francisco-Oakland-Fremont, CA",0.0,no cell in the extract: territory at zero opportunity
ifa_pac_k5,96078,ifa,CA,IFA,IFA_05,IFA,,06103,39780,0658814,"IFA Seattle-Tacoma-Bellevue, WA",0.0,no cell in the extract: territory at zero opportunity
ifa_pac_k5,96080,ifa,CA,IFA,IFA_05,IFA,,06103,39780,0659892,"IFA Seattle-Tacoma-Bellevue, WA",0.0,no cell in the extract: territory at zero opportunity
ifa_pac_k5,96084,ifa,CA,IFA,IFA_05,IFA,,06089,39820,0663134,"IFA Seattle-Tacoma-Bellevue, WA",0.0,no cell in the extract: territory at zero opportunity
ifa_pac_k5,96085,ifa,CA,IFA,IFA_05,IFA,,06093,,,"IFA Seattle-Tacoma-Bellevue, WA",0.0,no cell in the extract: territory at zero opportunity
ifa_pac_k5,96086,ifa,CA,IFA,IFA_05,IFA,,06093,,,"IFA Seattle-Tacoma-Bellevue, WA",0.0,no cell in the extract: territory at zero opportunity
ifa_pac_k5,96087,ifa,CA,IFA,IFA_05,IFA,,06089,39820,0671218,"IFA Seattle-Tacoma-Bellevue, WA",0.0,no cell in the extract: territory at zero opportunity
ifa_pac_k5,96088,ifa,CA,IFA,IFA_05,IFA,,06089,39820,0671568,"IFA Seattle-Tacoma-Bellevue, WA",0.0,no cell in the extract: territory at zero opportunity
ifa_pac_k5,96090,ifa,CA,IFA,IFA_05,IFA,,06103,39780,0678106,"IFA Seattle-Tacoma-Bellevue, WA",0.0,no cell in the extract: territory at zero opportunity
ifa_pac_k5,96091,ifa,CA,IFA,IFA_05,IFA,,06105,,0614406,"IFA Seattle-Tacoma-Bellevue, WA",0.0,no cell in the extract: territory at zero opportunity
ifa_pac_k5,96092,ifa,CA,IFA,IFA_05,IFA,,06103,39780,0682786,"IFA Seattle-Tacoma-Bellevue, WA",0.0,no cell in the extract: territory at zero opportunity
ifa_pac_k5,96093,ifa,CA,IFA,IFA_05,IFA,,06105,,0683794,"IFA Seattle-Tacoma-Bellevue, WA",0.0,no cell in the extract: territory at zero opportunity
ifa_pac_k5,96094,ifa,CA,IFA,IFA_05,IFA,,06093,,0683850,"IFA Seattle-Tacoma-Bellevue, WA",0.0,no cell in the extract: territory at zero opportunity
ifa_pac_k5,96096,ifa,CA,IFA,IFA_05,IFA,,06089,39820,0685250,"IFA Seattle-Tacoma-Bellevue, WA",0.0,no cell in the extract: territory at zero opportunity
ifa_pac_k5,96097,ifa,CA,IFA,IFA_05,IFA,,06093,,0686944,"IFA Seattle-Tacoma-Bellevue, WA",0.0,no cell in the extract: territory at zero opportunity
ifa_pac_k5,96101,ifa,CA,IFA,IFA_05,IFA,,06049,,0609834,"IFA Seattle-Tacoma-Bellevue, WA",0.0,no cell in the extract: territory at zero opportunity
ifa_pac_k5,96103,ifa,CA,IFA,IFA_05,IFA,,06063,,0637512,"IFA Seattle-Tacoma-Bellevue, WA",0.0,no cell in the extract: territory at zero opportunity
ifa_pac_k5,96104,ifa,CA,IFA,IFA_05,IFA,,06049,,0612328,"IFA Seattle-Tacoma-Bellevue, WA",0.0,no cell in the extract: territory at zero opportunity
ifa_pac_k5,96105,ifa,CA,IFA,IFA_05,IFA,,06063,,0613077,"IFA Seattle-Tacoma-Bellevue, WA",0.0,no cell in the extract: territory at zero opportunity
ifa_pac_k5,96106,ifa,CA,IFA,IFA_05,IFA,,06063,,0630339,"IFA Seattle-Tacoma-Bellevue, WA",0.0,no cell in the extract: territory at zero opportunity
ifa_pac_k5,96107,ifa,CA,IFA,IFA_05,IFA,,06051,,0614484,"IFA Seattle-Tacoma-Bellevue, WA",0.0,no cell in the extract: territory at zero opportunity
ifa_pac_k5,96108,ifa,CA,IFA,IFA_05,IFA,,06049,,,"IFA Seattle-Tacoma-Bellevue, WA",0.0,no cell in the extract: territory at zero opportunity
ifa_pac_k5,96109,ifa,CA,IFA,IFA_05,IFA,,06035,45000,0619878,"IFA Seattle-Tacoma-Bellevue, WA",0.0,no cell in the extract: territory at zero opportunity
ifa_pac_k5,96110,ifa,CA,IFA,IFA_05,IFA,,06049,,0620424,"IFA Seattle-Tacoma-Bellevue, WA",0.0,no cell in the extract: territory at zero opportunity
ifa_pac_k5,96111,ifa,CA,IFA,IFA_05,IFA,,06057,46020,0624526,"IFA Seattle-Tacoma-Bellevue, WA",0.0,no cell in the extract: territory at zero opportunity
ifa_pac_k5,96112,ifa,CA,IFA,IFA_05,IFA,,06049,,0625030,"IFA Seattle-Tacoma-Bellevue, WA",0.0,no cell in the extract: territory at zero opportunity
ifa_pac_k5,96113,ifa,CA,IFA,IFA_05,IFA,,06035,45000,0656140,"IFA Seattle-Tacoma-Bellevue, WA",0.0,no cell in the extract: territory at zero opportunity
ifa_pac_k5,96114,ifa,CA,IFA,IFA_05,IFA,,06035,45000,0637134,"IFA Seattle-Tacoma-Bellevue, WA",0.0,no cell in the extract: territory at zero opportunity
ifa_pac_k5,96115,ifa,CA,IFA,IFA_05,IFA,,06049,,0639472,"IFA Seattle-Tacoma-Bellevue, WA",0.0,no cell in the extract: territory at zero opportunity
ifa_pac_k5,96116,ifa,CA,IFA,IFA_05,IFA,,06049,,0641390,"IFA Seattle-Tacoma-Bellevue, WA",0.0,no cell in the extract: territory at zero opportunity
ifa_pac_k5,96117,ifa,CA,IFA,IFA_05,IFA,,06035,45000,0641782,"IFA Seattle-Tacoma-Bellevue, WA",0.0,no cell in the extract: territory at zero opportunity
ifa_pac_k5,96118,ifa,CA,IFA,IFA_05,IFA,,06091,,0671774,"IFA Seattle-Tacoma-Bellevue, WA",0.0,no cell in the extract: territory at zero opportunity
ifa_pac_k5,96119,ifa,CA,IFA,IFA_05,IFA,,06035,45000,0645008,"IFA Seattle-Tacoma-Bellevue, WA",0.0,no cell in the extract: territory at zero opportunity
ifa_pac_k5,96120,ifa,CA,IFA,IFA_05,IFA,,06003,23820,0645988,"IFA Seattle-Tacoma-Bellevue, WA",0.0,no cell in the extract: territory at zero opportunity
ifa_pac_k5,96121,ifa,CA,IFA,IFA_05,IFA,,06035,45000,0647472,"IFA Seattle-Tacoma-Bellevue, WA",0.0,no cell in the extract: territory at zero opportunity
ifa_pac_k5,96122,ifa,CA,IFA,IFA_05,IFA,,06063,,0604772,"IFA Seattle-Tacoma-Bellevue, WA",0.0,no cell in the extract: territory at zero opportunity
ifa_pac_k5,96123,ifa,CA,IFA,IFA_05,IFA,,06035,45000,,"IFA Seattle-Tacoma-Bellevue, WA",0.0,no cell in the extract: territory at zero opportunity
ifa_pac_k5,96124,ifa,CA,IFA,IFA_05,IFA,,06091,,0670336,"IFA Seattle-Tacoma-Bellevue, WA",0.0,no cell in the extract: territory at zero opportunity
ifa_pac_k5,96125,ifa,CA,IFA,IFA_05,IFA,,06091,,0671778,"IFA Seattle-Tacoma-Bellevue, WA",0.0,no cell in the extract: territory at zero opportunity
ifa_pac_k5,96126,ifa,CA,IFA,IFA_05,IFA,,06091,,0671848,"IFA Seattle-Tacoma-Bellevue, WA",0.0,no cell in the extract: territory at zero opportunity
ifa_pac_k5,96128,ifa,CA,IFA,IFA_05,IFA,,06035,45000,,"IFA Seattle-Tacoma-Bellevue, WA",0.0,no cell in the extract: territory at zero opportunity
ifa_pac_k5,96129,ifa,CA,IFA,IFA_05,IFA,,06063,,0604772,"IFA Seattle-Tacoma-Bellevue, WA",0.0,no cell in the extract: territory at zero opportunity
ifa_pac_k5,96130,ifa,CA,IFA,IFA_05,IFA,,06035,45000,0637484,"IFA Seattle-Tacoma-Bellevue, WA",0.0,no cell in the extract: territory at zero opportunity
ifa_pac_k5,96132,ifa,CA,IFA,IFA_05,IFA,,06035,45000,,"IFA Seattle-Tacoma-Bellevue, WA",0.0,no cell in the extract: territory at zero opportunity
ifa_pac_k5,96133,ifa,CA,IFA,IFA_05,IFA,,06051,,0679030,"IFA Seattle-Tacoma-Bellevue, WA",0.0,no cell in the extract: territory at zero opportunity
ifa_pac_k5,96134,ifa,CA,IFA,IFA_05,IFA,,06049,,0651042,"IFA Seattle-Tacoma-Bellevue, WA",0.0,no cell in the extract: territory at zero opportunity
ifa_pac_k5,96135,ifa,CA,IFA,IFA_05,IFA,,06063,,0613077,"IFA Seattle-Tacoma-Bellevue, WA",0.0,no cell in the extract: territory at zero opportunity
ifa_pac_k5,96136,ifa,CA,IFA,IFA_05,IFA,,06035,45000,,"IFA Seattle-Tacoma-Bellevue, WA",0.0,no cell in the extract: territory at zero opportunity
ifa_pac_k5,96137,ifa,CA,IFA,IFA_05,IFA,,06035,45000,0684928,"IFA Seattle-Tacoma-Bellevue, WA",0.0,no cell in the extract: territory at zero opportunity
ifa_pac_k5,96140,ifa,CA,IFA,IFA_05,IFA,,06061,40900,0611418,"IFA Seattle-Tacoma-Bellevue, WA",0.0,no cell in the extract: territory at zero opportunity
ifa_pac_k5,96141,ifa,CA,IFA,IFA_05,IFA,,06061,40900,0677728,"IFA Seattle-Tacoma-Bellevue, WA",0.0,no cell in the extract: territory at zero opportunity
ifa_pac_k5,96142,ifa,CA,IFA,IFA_05,IFA,,06017,40900,0677728,"IFA Seattle-Tacoma-Bellevue, WA",0.0,no cell in the extract: territory at zero opportunity
ifa_pac_k5,96143,ifa,CA,IFA,IFA_05,IFA,,06061,40900,0638548,"IFA Seattle-Tacoma-Bellevue, WA",0.0,no cell in the extract: territory at zero opportunity
ifa_pac_k5,96145,ifa,CA,IFA,IFA_05,IFA,,06061,40900,0676015,"IFA Seattle-Tacoma-Bellevue, WA",0.0,no cell in the extract: territory at zero opportunity
ifa_pac_k5,96146,ifa,CA,IFA,IFA_05,IFA,,06061,40900,,"IFA Seattle-Tacoma-Bellevue, WA",0.0,no cell in the extract: territory at zero opportunity
ifa_pac_k5,96148,ifa,CA,IFA,IFA_05,IFA,,06061,40900,0677700,"IFA Seattle-Tacoma-Bellevue, WA",0.0,no cell in the extract: territory at zero opportunity
ifa_pac_k5,96150,ifa,CA,IFA,IFA_05,IFA,,06017,40900,0673108,"IFA Seattle-Tacoma-Bellevue, WA",0.620504,
ifa_pac_k5,96155,ifa,CA,IFA,IFA_05,IFA,,06017,40900,,"IFA Seattle-Tacoma-Bellevue, WA",0.0,no cell in the extract: territory at zero opportunity
ifa_pac_k5,96161,ifa,CA,IFA,IFA_05,IFA,,06057,46020,0680588,"IFA Seattle-Tacoma-Bellevue, WA",1.0321,
ifa_pac_k5,97001,ifa,OR,IFA,IFA_05,IFA,,41065,45520,4102250,"IFA Seattle-Tacoma-Bellevue, WA",0.0,no cell in the extract: territory at zero opportunity
ifa_pac_k5,97002,ifa,OR,IFA,IFA_05,IFA,,41047,41420,4110100,"IFA Seattle-Tacoma-Bellevue, WA",0.0,no cell in the extract: territory at zero opportunity
ifa_pac_k5,97003,ifa,OR,IFA,IFA_05,IFA,,41067,38900,4101650,"IFA Seattle-Tacoma-Bellevue, WA",0.0,no cell in the extract: territory at zero opportunity
ifa_pac_k5,97004,ifa,OR,IFA,IFA_05,IFA,,41005,38900,4105250,"IFA Seattle-Tacoma-Bellevue, WA",0.0,no cell in the extract: territory at zero opportunity
ifa_pac_k5,97005,ifa,OR,IFA,IFA_05,IFA,,41067,38900,4105350,"IFA Seattle-Tacoma-Bellevue, WA",6.87538,
ifa_pac_k5,97006,ifa,OR,IFA,IFA_05,IFA,,41067,38900,4105350,"IFA Seattle-Tacoma-Bellevue, WA",1.80593,
ifa_pac_k5,97007,ifa,OR,IFA,IFA_05,IFA,,41067,38900,4105350,"IFA Seattle-Tacoma-Bellevue, WA",0.124303,
ifa_pac_k5,97008,ifa,OR,IFA,IFA_05,IFA,,41067,38900,4105350,"IFA Seattle-Tacoma-Bellevue, WA",0.215289,
ifa_pac_k5,97009,ifa,OR,IFA,IFA_05,IFA,,41005,38900,4107550,"IFA Seattle-Tacoma-Bellevue, WA",0.0,no cell in the extract: territory at zero opportunity
ifa_pac_k5,97011,ifa,OR,IFA,IFA_05,IFA,,41005,38900,4150236,"IFA Seattle-Tacoma-Bellevue, WA",0.0,no cell in the extract: territory at zero opportunity
ifa_pac_k5,97013,ifa,OR,IFA,IFA_05,IFA,,41005,38900,4110750,"IFA Seattle-Tacoma-Bellevue, WA",1.58797,
ifa_pac_k5,97014,ifa,OR,IFA,IFA_05,IFA,,41027,26220,4111600,"IFA Seattle-Tacoma-Bellevue, WA",0.0,no cell in the extract: territory at zero opportunity
ifa_pac_k5,97015,ifa,OR,IFA,IFA_05,IFA,,41005,38900,4132050,"IFA Seattle-Tacoma-Bellevue, WA",10.0298,
ifa_pac_k5,97016,ifa,OR,IFA,IFA_05,IFA,,41009,38900,4113750,"IFA Seattle-Tacoma-Bellevue, WA",0.0,no cell in the extract: territory at zero opportunity
ifa_pac_k5,97017,ifa,OR,IFA,IFA_05,IFA,,41005,38900,,"IFA Seattle-Tacoma-Bellevue, WA",0.0,no cell in the extract: territory at zero opportunity
ifa_pac_k5,97018,ifa,OR,IFA,IFA_05,IFA,,41009,38900,4114750,"IFA Seattle-Tacoma-Bellevue, WA",0.0,no cell in the extract: territory at zero opportunity
ifa_pac_k5,97019,ifa,OR,IFA,IFA_05,IFA,,41051,38900,,"IFA Seattle-Tacoma-Bellevue, WA",0.0,no cell in the extract: territory at zero opportunity
ifa_pac_k5,97020,ifa,OR,IFA,IFA_05,IFA,,41047,41420,4120100,"IFA Seattle-Tacoma-Bellevue, WA",0.0,no cell in the extract: territory at zero opportunity
ifa_pac_k5,97021,ifa,OR,IFA,IFA_05,IFA,,41065,45520,4120900,"IFA Seattle-Tacoma-Bellevue, WA",0.0,no cell in the extract: territory at zero opportunity
ifa_pac_k5,97022,ifa,OR,IFA,IFA_05,IFA,,41005,38900,,"IFA Seattle-Tacoma-Bellevue, WA",0.0,no cell in the extract: territory at zero opportunity
ifa_pac_k5,97023,ifa,OR,IFA,IFA_05,IFA,,41005,38900,4123800,"IFA Seattle-Tacoma-Bellevue, WA",0.0,no cell in the extract: territory at zero opportunity
ifa_pac_k5,97024,ifa,OR,IFA,IFA_05,IFA,,41051,38900,4124250,"IFA Seattle-Tacoma-Bellevue, WA",0.0,no cell in the extract: territory at zero opportunity
ifa_pac_k5,97026,ifa,OR,IFA,IFA_05,IFA,,41047,41420,4128650,"IFA Seattle-Tacoma-Bellevue, WA",0.0,no cell in the extract: territory at zero opportunity
ifa_pac_k5,97027,ifa,OR,IFA,IFA_05,IFA,,41005,38900,4129000,"IFA Seattle-Tacoma-Bellevue, WA",0.0,no cell in the extract: territory at zero opportunity
ifa_pac_k5,97028,ifa,OR,IFA,IFA_05,IFA,,41005,38900,4130250,"IFA Seattle-Tacoma-Bellevue, WA",0.0,no cell in the extract: territory at zero opportunity
ifa_pac_k5,97029,ifa,OR,IFA,IFA_05,IFA,,41055,,4130650,"IFA Seattle-Tacoma-Bellevue, WA",0.0,no cell in the extract: territory at zero opportunity
ifa_pac_k5,97030,ifa,OR,IFA,IFA_05,IFA,,41051,38900,4131250,"IFA Seattle-Tacoma-Bellevue, WA",0.621347,
ifa_pac_k5,97031,ifa,OR,IFA,IFA_05,IFA,,41027,26220,4134900,"IFA Seattle-Tacoma-Bellevue, WA",0.0,no cell in the extract: territory at zero opportunity
ifa_pac_k5,97032,ifa,OR,IFA,IFA_05,IFA,,41047,41420,4135450,"IFA Seattle-Tacoma-Bellevue, WA",0.0,no cell in the extract: territory at zero opportunity
ifa_pac_k5,97033,ifa,OR,IFA,IFA_05,IFA,,41055,,,"IFA Seattle-Tacoma-Bellevue, WA",0.0,no cell in the extract: territory at zero opportunity
ifa_pac_k5,97034,ifa,OR,IFA,IFA_05,IFA,,41005,38900,4140550,"IFA Seattle-Tacoma-Bellevue, WA",6.98174,
ifa_pac_k5,97035,ifa,OR,IFA,IFA_05,IFA,,41005,38900,4140550,"IFA Seattle-Tacoma-Bellevue, WA",42.1728,
ifa_pac_k5,97037,ifa,OR,IFA,IFA_05,IFA,,41065,45520,4157850,"IFA Seattle-Tacoma-Bellevue, WA",0.0,no cell in the extract: territory at zero opportunity
ifa_pac_k5,97038,ifa,OR,IFA,IFA_05,IFA,,41005,38900,4149450,"IFA Seattle-Tacoma-Bellevue, WA",0.0,no cell in the extract: territory at zero opportunity
ifa_pac_k5,97039,ifa,OR,IFA,IFA_05,IFA,,41055,,4150000,"IFA Seattle-Tacoma-Bellevue, WA",0.0,no cell in the extract: territory at zero opportunity
ifa_pac_k5,97040,ifa,OR,IFA,IFA_05,IFA,,41065,45520,4150050,"IFA Seattle-Tacoma-Bellevue, WA",0.0,no cell in the extract: territory at zero opportunity
ifa_pac_k5,97041,ifa,OR,IFA,IFA_05,IFA,,41027,26220,4150200,"IFA Seattle-Tacoma-Bellevue, WA",0.0,no cell in the extract: territory at zero opportunity
ifa_pac_k5,97042,ifa,OR,IFA,IFA_05,IFA,,41005,38900,4150450,"IFA Seattle-Tacoma-Bellevue, WA",0.0,no cell in the extract: territory at zero opportunity
ifa_pac_k5,97045,ifa,OR,IFA,IFA_05,IFA,,41005,38900,4155200,"IFA Seattle-Tacoma-Bellevue, WA",0.247312,
ifa_pac_k5,97048,ifa,OR,IFA,IFA_05,IFA,,41009,38900,4160850,"IFA Seattle-Tacoma-Bellevue, WA",0.0,no cell in the extract: territory at zero opportunity
ifa_pac_k5,97049,ifa,OR,IFA,IFA_05,IFA,,41005,38900,4161550,"IFA Seattle-Tacoma-Bellevue, WA",0.0,no cell in the extract: territory at zero opportunity
ifa_pac_k5,97050,ifa,OR,IFA,IFA_05,IFA,,41055,,4164200,"IFA Seattle-Tacoma-Bellevue, WA",0.0,no cell in the extract: territory at zero opportunity
ifa_pac_k5,97051,ifa,OR,IFA,IFA_05,IFA,,41009,38900,4164600,"IFA Seattle-Tacoma-Bellevue, WA",0.0,no cell in the extract: territory at zero opportunity
ifa_pac_k5,97053,ifa,OR,IFA,IFA_05,IFA,,41009,38900,4178800,"IFA Seattle-Tacoma-Bellevue, WA",0.0,no cell in the extract: territory at zero opportunity
ifa_pac_k5,97054,ifa,OR,IFA,IFA_05,IFA,,41009,38900,4118450,"IFA Seattle-Tacoma-Bellevue, WA",0.0,no cell in the extract: territory at zero opportunity
ifa_pac_k5,97055,ifa,OR,IFA,IFA_05,IFA,,41005,38900,4150236,"IFA Seattle-Tacoma-Bellevue, WA",0.119318,
ifa_pac_k5,97056,ifa,OR,IFA,IFA_05,IFA,,41009,38900,4165500,"IFA Seattle-Tacoma-Bellevue, WA",1.58703,
ifa_pac_k5,97057,ifa,OR,IFA,IFA_05,IFA,,41065,45520,4166700,"IFA Seattle-Tacoma-Bellevue, WA",0.0,no cell in the extract: territory at zero opportunity
ifa_pac_k5,97058,ifa,OR,IFA,IFA_05,IFA,,41065,45520,4172950,"IFA Seattle-Tacoma-Bellevue, WA",0.0,no cell in the extract: territory at zero opportunity
ifa_pac_k5,97060,ifa,OR,IFA,IFA_05,IFA,,41051,38900,4174850,"IFA Seattle-Tacoma-Bellevue, WA",0.0,no cell in the extract: territory at zero opportunity
ifa_pac_k5,97062,ifa,OR,IFA,IFA_05,IFA,,41067,38900,4174950,"IFA Seattle-Tacoma-Bellevue, WA",0.139204,
ifa_pac_k5,97063,ifa,OR,IFA,IFA_05,IFA,,41065,45520,4175500,"IFA Seattle-Tacoma-Bellevue, WA",0.0,no cell in the extract: territory at zero opportunity
ifa_pac_k5,97064,ifa,OR,IFA,IFA_05,IFA,,41009,38900,4177250,"IFA Seattle-Tacoma-Bellevue, WA",0.0,no cell in the extract: territory at zero opportunity
ifa_pac_k5,97065,ifa,OR,IFA,IFA_05,IFA,,41055,,4178950,"IFA Seattle-Tacoma-Bellevue, WA",0.0,no cell in the extract: territory at zero opportunity
ifa_pac_k5,97067,ifa,OR,IFA,IFA_05,IFA,,41005,38900,4150236,"IFA Seattle-Tacoma-Bellevue, WA",0.0,no cell in the extract: territory at zero opportunity
ifa_pac_k5,97068,ifa,OR,IFA,IFA_05,IFA,,41005,38900,4180150,"IFA Seattle-Tacoma-Bellevue, WA",9.60778,
ifa_pac_k5,97070,ifa,OR,IFA,IFA_05,IFA,,41005,38900,4182800,"IFA Seattle-Tacoma-Bellevue, WA",0.452434,
ifa_pac_k5,97071,ifa,OR,IFA,IFA_05,IFA,,41047,41420,4183750,"IFA Seattle-Tacoma-Bellevue, WA",1.17934,
ifa_pac_k5,97078,ifa,OR,IFA,IFA_05,IFA,,41067,38900,4101650,"IFA Seattle-Tacoma-Bellevue, WA",0.0,no cell in the extract: territory at zero opportunity
ifa_pac_k5,97080,ifa,OR,IFA,IFA_05,IFA,,41051,38900,4131250,"IFA Seattle-Tacoma-Bellevue, WA",0.0,no cell in the extract: territory at zero opportunity
ifa_pac_k5,97086,ifa,OR,IFA,IFA_05,IFA,,41005,38900,4132050,"IFA Seattle-Tacoma-Bellevue, WA",0.0,no cell in the extract: territory at zero opportunity
ifa_pac_k5,97089,ifa,OR,IFA,IFA_05,IFA,,41005,38900,4117800,"IFA Seattle-Tacoma-Bellevue, WA",0.0,no cell in the extract: territory at zero opportunity
ifa_pac_k5,97101,ifa,OR,IFA,IFA_05,IFA,,41071,38900,4102000,"IFA Seattle-Tacoma-Bellevue, WA",0.0,no cell in the extract: territory at zero opportunity
ifa_pac_k5,97102,ifa,OR,IFA,IFA_05,IFA,,41007,11820,,"IFA Seattle-Tacoma-Bellevue, WA",0.0,no cell in the extract: territory at zero opportunity
ifa_pac_k5,97103,ifa,OR,IFA,IFA_05,IFA,,41007,11820,4103150,"IFA Seattle-Tacoma-Bellevue, WA",3.30766,
ifa_pac_k5,97106,ifa,OR,IFA,IFA_05,IFA,,41067,38900,4103850,"IFA Seattle-Tacoma-Bellevue, WA",0.0,no cell in the extract: territory at zero opportunity
ifa_pac_k5,97107,ifa,OR,IFA,IFA_05,IFA,,41057,,4104800,"IFA Seattle-Tacoma-Bellevue, WA",0.0,no cell in the extract: territory at zero opportunity
ifa_pac_k5,97108,ifa,OR,IFA,IFA_05,IFA,,41057,,4105200,"IFA Seattle-Tacoma-Bellevue, WA",0.0,no cell in the extract: territory at zero opportunity
ifa_pac_k5,97109,ifa,OR,IFA,IFA_05,IFA,,41067,38900,,"IFA Seattle-Tacoma-Bellevue, WA",0.0,no cell in the extract: territory at zero opportunity
ifa_pac_k5,97110,ifa,OR,IFA,IFA_05,IFA,,41007,11820,4110850,"IFA Seattle-Tacoma-Bellevue, WA",0.0,no cell in the extract: territory at zero opportunity
ifa_pac_k5,97111,ifa,OR,IFA,IFA_05,IFA,,41071,38900,4111150,"IFA Seattle-Tacoma-Bellevue, WA",0.311247,
ifa_pac_k5,97112,ifa,OR,IFA,IFA_05,IFA,,41057,,4156150,"IFA Seattle-Tacoma-Bellevue, WA",0.0,no cell in the extract: territory at zero opportunity
ifa_pac_k5,97113,ifa,OR,IFA,IFA_05,IFA,,41067,38900,4115550,"IFA Seattle-Tacoma-Bellevue, WA",0.0,no cell in the extract: territory at zero opportunity
ifa_pac_k5,97114,ifa,OR,IFA,IFA_05,IFA,,41071,38900,4118250,"IFA Seattle-Tacoma-Bellevue, WA",0.0,no cell in the extract: territory at zero opportunity
ifa_pac_k5,97115,ifa,OR,IFA,IFA_05,IFA,,41071,38900,4121050,"IFA Seattle-Tacoma-Bellevue, WA",0.0,no cell in the extract: territory at zero opportunity
ifa_pac_k5,97116,ifa,OR,IFA,IFA_05,IFA,,41067,38900,4126200,"IFA Seattle-Tacoma-Bellevue, WA",0.0,no cell in the extract: territory at zero opportunity
ifa_pac_k5,97117,ifa,OR,IFA,IFA_05,IFA,,41067,38900,,"IFA Seattle-Tacoma-Bellevue, WA",0.570094,
ifa_pac_k5,97118,ifa,OR,IFA,IFA_05,IFA,,41057,,4128000,"IFA Seattle-Tacoma-Bellevue, WA",0.0,no cell in the extract: territory at zero opportunity
ifa_pac_k5,97119,ifa,OR,IFA,IFA_05,IFA,,41067,38900,4112850,"IFA Seattle-Tacoma-Bellevue, WA",0.0,no cell in the extract: territory at zero opportunity
ifa_pac_k5,97121,ifa,OR,IFA,IFA_05,IFA,,41007,11820,4178900,"IFA Seattle-Tacoma-Bellevue, WA",0.0,no cell in the extract: territory at zero opportunity
ifa_pac_k5,97122,ifa,OR,IFA,IFA_05,IFA,,41057,,4133100,"IFA Seattle-Tacoma-Bellevue, WA",0.0,no cell in the extract: territory at zero opportunity
ifa_pac_k5,97123,ifa,OR,IFA,IFA_05,IFA,,41067,38900,4134100,"IFA Seattle-Tacoma-Bellevue, WA",0.00493179,
ifa_pac_k5,97124,ifa,OR,IFA,IFA_05,IFA,,41067,38900,4134100,"IFA Seattle-Tacoma-Bellevue, WA",0.0,no cell in the extract: territory at zero opportunity
ifa_pac_k5,97125,ifa,OR,IFA,IFA_05,IFA,,41067,38900,,"IFA Seattle-Tacoma-Bellevue, WA",0.0,no cell in the extract: territory at zero opportunity
ifa_pac_k5,97127,ifa,OR,IFA,IFA_05,IFA,,41071,38900,4140300,"IFA Seattle-Tacoma-Bellevue, WA",0.0,no cell in the extract: territory at zero opportunity
ifa_pac_k5,97128,ifa,OR,IFA,IFA_05,IFA,,41071,38900,4145000,"IFA Seattle-Tacoma-Bellevue, WA",0.00047727,
ifa_pac_k5,97130,ifa,OR,IFA,IFA_05,IFA,,41057,,4145700,"IFA Seattle-Tacoma-Bellevue, WA",0.0,no cell in the extract: territory at zero opportunity
ifa_pac_k5,97131,ifa,OR,IFA,IFA_05,IFA,,41057,,4104925,"IFA Seattle-Tacoma-Bellevue, WA",0.0,no cell in the extract: territory at zero opportunity
ifa_pac_k5,97132,ifa,OR,IFA,IFA_05,IFA,,41071,38900,4152100,"IFA Seattle-Tacoma-Bellevue, WA",2.57124,
ifa_pac_k5,97133,ifa,OR,IFA,IFA_05,IFA,,41067,38900,4153150,"IFA Seattle-Tacoma-Bellevue, WA",0.0,no cell in the extract: territory at zero opportunity
ifa_pac_k5,97134,ifa,OR,IFA,IFA_05,IFA,,41057,,4154450,"IFA Seattle-Tacoma-Bellevue, WA",0.0,no cell in the extract: territory at zero opportunity
ifa_pac_k5,97135,ifa,OR,IFA,IFA_05,IFA,,41057,,4156150,"IFA Seattle-Tacoma-Bellevue, WA",0.0,no cell in the extract: territory at zero opportunity
ifa_pac_k5,97136,ifa,OR,IFA,IFA_05,IFA,,41057,,4162900,"IFA Seattle-Tacoma-Bellevue, WA",0.0,no cell in the extract: territory at zero opportunity
ifa_pac_k5,97137,ifa,OR,IFA,IFA_05,IFA,,41047,41420,4164850,"IFA Seattle-Tacoma-Bellevue, WA",0.0,no cell in the extract: territory at zero opportunity
ifa_pac_k5,97138,ifa,OR,IFA,IFA_05,IFA,,41007,11820,4165950,"IFA Seattle-Tacoma-Bellevue, WA",0.0,no cell in the extract: territory at zero opportunity
ifa_pac_k5,97140,ifa,OR,IFA,IFA_05,IFA,,41067,38900,4167100,"IFA Seattle-Tacoma-Bellevue, WA",0.0400637,
ifa_pac_k5,97141,ifa,OR,IFA,IFA_05,IFA,,41057,,4111050,"IFA Seattle-Tacoma-Bellevue, WA",0.000397725,
ifa_pac_k5,97144,ifa,OR,IFA,IFA_05,IFA,,41067,38900,,"IFA Seattle-Tacoma-Bellevue, WA",0.0,no cell in the extract: territory at zero opportunity
ifa_pac_k5,97145,ifa,OR,IFA,IFA_05,IFA,,41007,11820,4110850,"IFA Seattle-Tacoma-Bellevue, WA",0.0,no cell in the extract: territory at zero opportunity
ifa_pac_k5,97146,ifa,OR,IFA,IFA_05,IFA,,41007,11820,4178900,"IFA Seattle-Tacoma-Bellevue, WA",0.0,no cell in the extract: territory at zero opportunity
ifa_pac_k5,97147,ifa,OR,IFA,IFA_05,IFA,,41057,,4181300,"IFA Seattle-Tacoma-Bellevue, WA",0.0,no cell in the extract: territory at zero opportunity
ifa_pac_k5,97148,ifa,OR,IFA,IFA_05,IFA,,41071,38900,4184250,"IFA Seattle-Tacoma-Bellevue, WA",0.0,no cell in the extract: territory at zero opportunity
ifa_pac_k5,97149,ifa,OR,IFA,IFA_05,IFA,,41057,,4152000,"IFA Seattle-Tacoma-Bellevue, WA",0.0,no cell in the extract: territory at zero opportunity
ifa_pac_k5,97201,ifa,OR,IFA,IFA_05,IFA,,41051,38900,4159000,"IFA Seattle-Tacoma-Bellevue, WA",1.86427,
ifa_pac_k5,97202,ifa,OR,IFA,IFA_05,IFA,,41051,38900,4159000,"IFA Seattle-Tacoma-Bellevue, WA",0.00190908,
ifa_pac_k5,97203,ifa,OR,IFA,IFA_05,IFA,,41051,38900,4159000,"IFA Seattle-Tacoma-Bellevue, WA",0.0,no cell in the extract: territory at zero opportunity
ifa_pac_k5,97204,ifa,OR,IFA,IFA_05,IFA,,41051,38900,4159000,"IFA Seattle-Tacoma-Bellevue, WA",0.0,no cell in the extract: territory at zero opportunity
ifa_pac_k5,97205,ifa,OR,IFA,IFA_05,IFA,,41051,38900,4159000,"IFA Seattle-Tacoma-Bellevue, WA",0.784154,
ifa_pac_k5,97206,ifa,OR,IFA,IFA_05,IFA,,41051,38900,4159000,"IFA Seattle-Tacoma-Bellevue, WA",0.0,no cell in the extract: territory at zero opportunity
ifa_pac_k5,97208,ifa,OR,IFA,IFA_05,IFA,,41051,38900,4159000,"IFA Seattle-Tacoma-Bellevue, WA",0.224794,
ifa_pac_k5,97209,ifa,OR,IFA,IFA_05,IFA,,41051,38900,4159000,"IFA Seattle-Tacoma-Bellevue, WA",0.00238635,
ifa_pac_k5,97210,ifa,OR,IFA,IFA_05,IFA,,41051,38900,4159000,"IFA Seattle-Tacoma-Bellevue, WA",0.175881,
ifa_pac_k5,97211,ifa,OR,IFA,IFA_05,IFA,,41051,38900,4159000,"IFA Seattle-Tacoma-Bellevue, WA",0.274082,
ifa_pac_k5,97212,ifa,OR,IFA,IFA_05,IFA,,41051,38900,4159000,"IFA Seattle-Tacoma-Bellevue, WA",0.0,no cell in the extract: territory at zero opportunity
ifa_pac_k5,97213,ifa,OR,IFA,IFA_05,IFA,,41051,38900,4159000,"IFA Seattle-Tacoma-Bellevue, WA",0.0,no cell in the extract: territory at zero opportunity
ifa_pac_k5,97214,ifa,OR,IFA,IFA_05,IFA,,41051,38900,4159000,"IFA Seattle-Tacoma-Bellevue, WA",0.604543,
ifa_pac_k5,97215,ifa,OR,IFA,IFA_05,IFA,,41051,38900,4159000,"IFA Seattle-Tacoma-Bellevue, WA",0.0,no cell in the extract: territory at zero opportunity
ifa_pac_k5,97216,ifa,OR,IFA,IFA_05,IFA,,41051,38900,4159000,"IFA Seattle-Tacoma-Bellevue, WA",0.0864929,
ifa_pac_k5,97217,ifa,OR,IFA,IFA_05,IFA,,41051,38900,4159000,"IFA Seattle-Tacoma-Bellevue, WA",0.0,no cell in the extract: territory at zero opportunity
ifa_pac_k5,97218,ifa,OR,IFA,IFA_05,IFA,,41051,38900,4159000,"IFA Seattle-Tacoma-Bellevue, WA",0.0,no cell in the extract: territory at zero opportunity
ifa_pac_k5,97219,ifa,OR,IFA,IFA_05,IFA,,41051,38900,4159000,"IFA Seattle-Tacoma-Bellevue, WA",0.0,no cell in the extract: territory at zero opportunity
ifa_pac_k5,97220,ifa,OR,IFA,IFA_05,IFA,,41051,38900,4159000,"IFA Seattle-Tacoma-Bellevue, WA",0.488536,
ifa_pac_k5,97221,ifa,OR,IFA,IFA_05,IFA,,41051,38900,4159000,"IFA Seattle-Tacoma-Bellevue, WA",0.0503691,
ifa_pac_k5,97222,ifa,OR,IFA,IFA_05,IFA,,41005,38900,4148650,"IFA Seattle-Tacoma-Bellevue, WA",0.0,no cell in the extract: territory at zero opportunity
ifa_pac_k5,97223,ifa,OR,IFA,IFA_05,IFA,,41067,38900,4173650,"IFA Seattle-Tacoma-Bellevue, WA",15.914,
ifa_pac_k5,97224,ifa,OR,IFA,IFA_05,IFA,,41067,38900,4173650,"IFA Seattle-Tacoma-Bellevue, WA",2.92923,
ifa_pac_k5,97225,ifa,OR,IFA,IFA_05,IFA,,41067,38900,4105350,"IFA Seattle-Tacoma-Bellevue, WA",0.531318,
ifa_pac_k5,97227,ifa,OR,IFA,IFA_05,IFA,,41051,38900,4159000,"IFA Seattle-Tacoma-Bellevue, WA",0.0,no cell in the extract: territory at zero opportunity
ifa_pac_k5,97229,ifa,OR,IFA,IFA_05,IFA,,41067,38900,4105950,"IFA Seattle-Tacoma-Bellevue, WA",0.159092,
ifa_pac_k5,97230,ifa,OR,IFA,IFA_05,IFA,,41051,38900,4159000,"IFA Seattle-Tacoma-Bellevue, WA",0.0,no cell in the extract: territory at zero opportunity
ifa_pac_k5,97231,ifa,OR,IFA,IFA_05,IFA,,41051,38900,4159000,"IFA Seattle-Tacoma-Bellevue, WA",1.10551,
ifa_pac_k5,97232,ifa,OR,IFA,IFA_05,IFA,,41051,38900,4159000,"IFA Seattle-Tacoma-Bellevue, WA",11.6171,
ifa_pac_k5,97233,ifa,OR,IFA,IFA_05,IFA,,41051,38900,4159000,"IFA Seattle-Tacoma-Bellevue, WA",0.0,no cell in the extract: territory at zero opportunity
ifa_pac_k5,97236,ifa,OR,IFA,IFA_05,IFA,,41051,38900,4159000,"IFA Seattle-Tacoma-Bellevue, WA",0.230328,
ifa_pac_k5,97239,ifa,OR,IFA,IFA_05,IFA,,41051,38900,4159000,"IFA Seattle-Tacoma-Bellevue, WA",5.51277,
ifa_pac_k5,97258,ifa,OR,IFA,IFA_05,IFA,,41051,38900,4159000,"IFA Seattle-Tacoma-Bellevue, WA",0.930384,
ifa_pac_k5,97266,ifa,OR,IFA,IFA_05,IFA,,41051,38900,4159000,"IFA Seattle-Tacoma-Bellevue, WA",0.0,no cell in the extract: territory at zero opportunity
ifa_pac_k5,97267,ifa,OR,IFA,IFA_05,IFA,,41005,38900,4153900,"IFA Seattle-Tacoma-Bellevue, WA",0.426508,
ifa_pac_k5,97301,ifa,OR,IFA,IFA_05,IFA,,41047,41420,4164900,"IFA Seattle-Tacoma-Bellevue, WA",0.047727,
ifa_pac_k5,97302,ifa,OR,IFA,IFA_05,IFA,,41047,41420,4164900,"IFA Seattle-Tacoma-Bellevue, WA",2.35974,
ifa_pac_k5,97303,ifa,OR,IFA,IFA_05,IFA,,41047,41420,4138500,"IFA Seattle-Tacoma-Bellevue, WA",0.0,no cell in the extract: territory at zero opportunity
ifa_pac_k5,97304,ifa,OR,IFA,IFA_05,IFA,,41053,41420,4164900,"IFA Seattle-Tacoma-Bellevue, WA",0.0,no cell in the extract: territory at zero opportunity
ifa_pac_k5,97305,ifa,OR,IFA,IFA_05,IFA,,41047,41420,4164900,"IFA Seattle-Tacoma-Bellevue, WA",0.0,no cell in the extract: territory at zero opportunity
ifa_pac_k5,97306,ifa,OR,IFA,IFA_05,IFA,,41047,41420,4164900,"IFA Seattle-Tacoma-Bellevue, WA",0.276499,
ifa_pac_k5,97310,ifa,OR,IFA,IFA_05,IFA,,41047,41420,4164900,"IFA Seattle-Tacoma-Bellevue, WA",0.0,no cell in the extract: territory at zero opportunity
ifa_pac_k5,97317,ifa,OR,IFA,IFA_05,IFA,,41047,41420,4164900,"IFA Seattle-Tacoma-Bellevue, WA",0.0,no cell in the extract: territory at zero opportunity
ifa_pac_k5,97321,ifa,OR,IFA,IFA_05,IFA,,41043,10540,4101000,"IFA Seattle-Tacoma-Bellevue, WA",0.00429543,
ifa_pac_k5,97322,ifa,OR,IFA,IFA_05,IFA,,41043,10540,4101000,"IFA Seattle-Tacoma-Bellevue, WA",2.07207,
ifa_pac_k5,97324,ifa,OR,IFA,IFA_05,IFA,,41003,18700,4101800,"IFA Seattle-Tacoma-Bellevue, WA",0.0,no cell in the extract: territory at zero opportunity
ifa_pac_k5,97325,ifa,OR,IFA,IFA_05,IFA,,41047,41420,4103250,"IFA Seattle-Tacoma-Bellevue, WA",0.0,no cell in the extract: territory at zero opportunity
ifa_pac_k5,97326,ifa,OR,IFA,IFA_05,IFA,,41041,35440,4106950,"IFA Seattle-Tacoma-Bellevue, WA",0.0,no cell in the extract: territory at zero opportunity
ifa_pac_k5,97327,ifa,OR,IFA,IFA_05,IFA,,41043,10540,4109050,"IFA Seattle-Tacoma-Bellevue, WA",0.144345,
ifa_pac_k5,97329,ifa,OR,IFA,IFA_05,IFA,,41043,10540,4111700,"IFA Seattle-Tacoma-Bellevue, WA",0.0,no cell in the extract: territory at zero opportunity
ifa_pac_k5,97330,ifa,OR,IFA,IFA_05,IFA,,41003,18700,4115800,"IFA Seattle-Tacoma-Bellevue, WA",7.30613,
ifa_pac_k5,97331,ifa,OR,IFA,IFA_05,IFA,,41003,18700,4115800,"IFA Seattle-Tacoma-Bellevue, WA",0.0,no cell in the extract: territory at zero opportunity
ifa_pac_k5,97333,ifa,OR,IFA,IFA_05,IFA,,41003,18700,4115800,"IFA Seattle-Tacoma-Bellevue, WA",0.20288,
ifa_pac_k5,97335,ifa,OR,IFA,IFA_05,IFA,,41043,10540,4116350,"IFA Seattle-Tacoma-Bellevue, WA",0.0,no cell in the extract: territory at zero opportunity
ifa_pac_k5,97336,ifa,OR,IFA,IFA_05,IFA,,41043,10540,4116650,"IFA Seattle-Tacoma-Bellevue, WA",0.0,no cell in the extract: territory at zero opportunity
ifa_pac_k5,97338,ifa,OR,IFA,IFA_05,IFA,,41053,41420,4117700,"IFA Seattle-Tacoma-Bellevue, WA",0.0795451,
ifa_pac_k5,97341,ifa,OR,IFA,IFA_05,IFA,,41041,35440,4118850,"IFA Seattle-Tacoma-Bellevue, WA",0.0,no cell in the extract: territory at zero opportunity
ifa_pac_k5,97342,ifa,OR,IFA,IFA_05,IFA,,41047,41420,4119100,"IFA Seattle-Tacoma-Bellevue, WA",0.0,no cell in the extract: territory at zero opportunity
ifa_pac_k5,97343,ifa,OR,IFA,IFA_05,IFA,,41041,35440,,"IFA Seattle-Tacoma-Bellevue, WA",0.0,no cell in the extract: territory at zero opportunity
ifa_pac_k5,97344,ifa,OR,IFA,IFA_05,IFA,,41053,41420,4124550,"IFA Seattle-Tacoma-Bellevue, WA",0.0,no cell in the extract: territory at zero opportunity
ifa_pac_k5,97345,ifa,OR,IFA,IFA_05,IFA,,41043,10540,4111700,"IFA Seattle-Tacoma-Bellevue, WA",0.0,no cell in the extract: territory at zero opportunity
ifa_pac_k5,97346,ifa,OR,IFA,IFA_05,IFA,,41047,41420,4128200,"IFA Seattle-Tacoma-Bellevue, WA",0.0,no cell in the extract: territory at zero opportunity
ifa_pac_k5,97347,ifa,OR,IFA,IFA_05,IFA,,41071,38900,4130300,"IFA Seattle-Tacoma-Bellevue, WA",0.0,no cell in the extract: territory at zero opportunity
ifa_pac_k5,97348,ifa,OR,IFA,IFA_05,IFA,,41043,10540,4131750,"IFA Seattle-Tacoma-Bellevue, WA",0.0,no cell in the extract: territory at zero opportunity
ifa_pac_k5,97350,ifa,OR,IFA,IFA_05,IFA,,41043,10540,4135800,"IFA Seattle-Tacoma-Bellevue, WA",0.0,no cell in the extract: territory at zero opportunity
ifa_pac_k5,97351,ifa,OR,IFA,IFA_05,IFA,,41053,41420,4136150,"IFA Seattle-Tacoma-Bellevue, WA",0.0,no cell in the extract: territory at zero opportunity
ifa_pac_k5,97352,ifa,OR,IFA,IFA_05,IFA,,41047,41420,4137250,"IFA Seattle-Tacoma-Bellevue, WA",0.0,no cell in the extract: territory at zero opportunity
ifa_pac_k5,97355,ifa,OR,IFA,IFA_05,IFA,,41043,10540,4141650,"IFA Seattle-Tacoma-Bellevue, WA",0.0,no cell in the extract: territory at zero opportunity
ifa_pac_k5,97357,ifa,OR,IFA,IFA_05,IFA,,41041,35440,,"IFA Seattle-Tacoma-Bellevue, WA",0.0,no cell in the extract: territory at zero opportunity
ifa_pac_k5,97358,ifa,OR,IFA,IFA_05,IFA,,41047,41420,4144300,"IFA Seattle-Tacoma-Bellevue, WA",0.0,no cell in the extract: territory at zero opportunity
ifa_pac_k5,97360,ifa,OR,IFA,IFA_05,IFA,,41043,10540,4148150,"IFA Seattle-Tacoma-Bellevue, WA",0.0,no cell in the extract: territory at zero opportunity
ifa_pac_k5,97361,ifa,OR,IFA,IFA_05,IFA,,41053,41420,4149550,"IFA Seattle-Tacoma-Bellevue, WA",0.704566,
ifa_pac_k5,97362,ifa,OR,IFA,IFA_05,IFA,,41047,41420,4150150,"IFA Seattle-Tacoma-Bellevue, WA",0.0,no cell in the extract: territory at zero opportunity
ifa_pac_k5,97364,ifa,OR,IFA,IFA_05,IFA,,41041,35440,4151900,"IFA Seattle-Tacoma-Bellevue, WA",0.0,no cell in the extract: territory at zero opportunity
ifa_pac_k5,97365,ifa,OR,IFA,IFA_05,IFA,,41041,35440,4152450,"IFA Seattle-Tacoma-Bellevue, WA",2.14944,
ifa_pac_k5,97366,ifa,OR,IFA,IFA_05,IFA,,41041,35440,4152450,"IFA Seattle-Tacoma-Bellevue, WA",0.0,no cell in the extract: territory at zero opportunity
ifa_pac_k5,97367,ifa,OR,IFA,IFA_05,IFA,,41041,35440,4142600,"IFA Seattle-Tacoma-Bellevue, WA",0.265164,
ifa_pac_k5,97368,ifa,OR,IFA,IFA_05,IFA,,41041,35440,4163800,"IFA Seattle-Tacoma-Bellevue, WA",0.0,no cell in the extract: territory at zero opportunity
ifa_pac_k5,97369,ifa,OR,IFA,IFA_05,IFA,,41041,35440,,"IFA Seattle-Tacoma-Bellevue, WA",0.0,no cell in the extract: territory at zero opportunity
ifa_pac_k5,97370,ifa,OR,IFA,IFA_05,IFA,,41003,18700,4157450,"IFA Seattle-Tacoma-Bellevue, WA",0.0,no cell in the extract: territory at zero opportunity
ifa_pac_k5,97371,ifa,OR,IFA,IFA_05,IFA,,41053,41420,4161800,"IFA Seattle-Tacoma-Bellevue, WA",0.0,no cell in the extract: territory at zero opportunity
ifa_pac_k5,97373,ifa,OR,IFA,IFA_05,IFA,,41047,41420,,"IFA Seattle-Tacoma-Bellevue, WA",0.0,no cell in the extract: territory at zero opportunity
ifa_pac_k5,97374,ifa,OR,IFA,IFA_05,IFA,,41043,10540,4116350,"IFA Seattle-Tacoma-Bellevue, WA",0.0,no cell in the extract: territory at zero opportunity
ifa_pac_k5,97375,ifa,OR,IFA,IFA_05,IFA,,41047,41420,4165800,"IFA Seattle-Tacoma-Bellevue, WA",0.0,no cell in the extract: territory at zero opportunity
ifa_pac_k5,97376,ifa,OR,IFA,IFA_05,IFA,,41041,35440,,"IFA Seattle-Tacoma-Bellevue, WA",0.0,no cell in the extract: territory at zero opportunity
ifa_pac_k5,97377,ifa,OR,IFA,IFA_05,IFA,,41043,10540,4166900,"IFA Seattle-Tacoma-Bellevue, WA",0.0,no cell in the extract: territory at zero opportunity
ifa_pac_k5,97378,ifa,OR,IFA,IFA_05,IFA,,41071,38900,4167050,"IFA Seattle-Tacoma-Bellevue, WA",0.0,no cell in the extract: territory at zero opportunity
ifa_pac_k5,97380,ifa,OR,IFA,IFA_05,IFA,,41041,35440,4167500,"IFA Seattle-Tacoma-Bellevue, WA",0.0,no cell in the extract: territory at zero opportunity
ifa_pac_k5,97381,ifa,OR,IFA,IFA_05,IFA,,41047,41420,4167650,"IFA Seattle-Tacoma-Bellevue, WA",0.703591,
ifa_pac_k5,97383,ifa,OR,IFA,IFA_05,IFA,,41047,41420,4170200,"IFA Seattle-Tacoma-Bellevue, WA",0.139676,
ifa_pac_k5,97384,ifa,OR,IFA,IFA_05,IFA,,41047,41420,4147300,"IFA Seattle-Tacoma-Bellevue, WA",0.0,no cell in the extract: territory at zero opportunity
ifa_pac_k5,97385,ifa,OR,IFA,IFA_05,IFA,,41047,41420,4170700,"IFA Seattle-Tacoma-Bellevue, WA",0.0,no cell in the extract: territory at zero opportunity
ifa_pac_k5,97386,ifa,OR,IFA,IFA_05,IFA,,41043,10540,4171950,"IFA Seattle-Tacoma-Bellevue, WA",0.0,no cell in the extract: territory at zero opportunity
ifa_pac_k5,97388,ifa,OR,IFA,IFA_05,IFA,,41041,35440,4142550,"IFA Seattle-Tacoma-Bellevue, WA",0.0,no cell in the extract: territory at zero opportunity
ifa_pac_k5,97389,ifa,OR,IFA,IFA_05,IFA,,41043,10540,4172600,"IFA Seattle-Tacoma-Bellevue, WA",0.0,no cell in the extract: territory at zero opportunity
ifa_pac_k5,97390,ifa,OR,IFA,IFA_05,IFA,,41041,35440,,"IFA Seattle-Tacoma-Bellevue, WA",0.0,no cell in the extract: territory at zero opportunity
ifa_pac_k5,97391,ifa,OR,IFA,IFA_05,IFA,,41041,35440,4174000,"IFA Seattle-Tacoma-Bellevue, WA",0.0,no cell in the extract: territory at zero opportunity
ifa_pac_k5,97392,ifa,OR,IFA,IFA_05,IFA,,41047,41420,4175150,"IFA Seattle-Tacoma-Bellevue, WA",0.0,no cell in the extract: territory at zero opportunity
ifa_pac_k5,97394,ifa,OR,IFA,IFA_05,IFA,,41041,35440,4178000,"IFA Seattle-Tacoma-Bellevue, WA",0.0,no cell in the extract: territory at zero opportunity
ifa_pac_k5,97396,ifa,OR,IFA,IFA_05,IFA,,41071,38900,4126400,"IFA Seattle-Tacoma-Bellevue, WA",0.0,no cell in the extract: territory at zero opportunity
ifa_pac_k5,97401,ifa,OR,IFA,IFA_05,IFA,,41039,21660,4123850,"IFA Seattle-Tacoma-Bellevue, WA",14.0809,
ifa_pac_k5,97402,ifa,OR,IFA,IFA_05,IFA,,41039,21660,4123850,"IFA Seattle-Tacoma-Bellevue, WA",0.851793,
ifa_pac_k5,97403,ifa,OR,IFA,IFA_05,IFA,,41039,21660,4123850,"IFA Seattle-Tacoma-Bellevue, WA",0.0,no cell in the extract: territory at zero opportunity
ifa_pac_k5,97404,ifa,OR,IFA,IFA_05,IFA,,41039,21660,4165400,"IFA Seattle-Tacoma-Bellevue, WA",0.804552,
ifa_pac_k5,97405,ifa,OR,IFA,IFA_05,IFA,,41039,21660,4123850,"IFA Seattle-Tacoma-Bellevue, WA",0.00801417,
ifa_pac_k5,97406,ifa,OR,IFA,IFA_05,IFA,,41015,15060,,"IFA Seattle-Tacoma-Bellevue, WA",0.0,no cell in the extract: territory at zero opportunity
ifa_pac_k5,97408,ifa,OR,IFA,IFA_05,IFA,,41039,21660,4123850,"IFA Seattle-Tacoma-Bellevue, WA",0.497125,
ifa_pac_k5,97410,ifa,OR,IFA,IFA_05,IFA,,41019,40700,,"IFA Seattle-Tacoma-Bellevue, WA",0.0,no cell in the extract: territory at zero opportunity
ifa_pac_k5,97411,ifa,OR,IFA,IFA_05,IFA,,41011,18300,4103800,"IFA Seattle-Tacoma-Bellevue, WA",0.0,no cell in the extract: territory at zero opportunity
ifa_pac_k5,97412,ifa,OR,IFA,IFA_05,IFA,,41039,21660,,"IFA Seattle-Tacoma-Bellevue, WA",0.0,no cell in the extract: territory at zero opportunity
ifa_pac_k5,97413,ifa,OR,IFA,IFA_05,IFA,,41039,21660,,"IFA Seattle-Tacoma-Bellevue, WA",0.0,no cell in the extract: territory at zero opportunity
ifa_pac_k5,97414,ifa,OR,IFA,IFA_05,IFA,,41011,18300,,"IFA Seattle-Tacoma-Bellevue, WA",0.0,no cell in the extract: territory at zero opportunity
ifa_pac_k5,97415,ifa,OR,IFA,IFA_05,IFA,,41015,15060,4108650,"IFA Seattle-Tacoma-Bellevue, WA",0.0,no cell in the extract: territory at zero opportunity
ifa_pac_k5,97416,ifa,OR,IFA,IFA_05,IFA,,41019,40700,,"IFA Seattle-Tacoma-Bellevue, WA",0.0,no cell in the extract: territory at zero opportunity
ifa_pac_k5,97417,ifa,OR,IFA,IFA_05,IFA,,41019,40700,4118150,"IFA Seattle-Tacoma-Bellevue, WA",0.0,no cell in the extract: territory at zero opportunity
ifa_pac_k5,97419,ifa,OR,IFA,IFA_05,IFA,,41039,21660,4113000,"IFA Seattle-Tacoma-Bellevue, WA",0.0,no cell in the extract: territory at zero opportunity
ifa_pac_k5,97420,ifa,OR,IFA,IFA_05,IFA,,41011,18300,4115250,"IFA Seattle-Tacoma-Bellevue, WA",0.0,no cell in the extract: territory at zero opportunity
ifa_pac_k5,97423,ifa,OR,IFA,IFA_05,IFA,,41011,18300,4115350,"IFA Seattle-Tacoma-Bellevue, WA",0.0,no cell in the extract: territory at zero opportunity
ifa_pac_k5,97424,ifa,OR,IFA,IFA_05,IFA,,41039,21660,4115950,"IFA Seattle-Tacoma-Bellevue, WA",0.192219,
ifa_pac_k5,97426,ifa,OR,IFA,IFA_05,IFA,,41039,21660,4116950,"IFA Seattle-Tacoma-Bellevue, WA",0.0,no cell in the extract: territory at zero opportunity
ifa_pac_k5,97429,ifa,OR,IFA,IFA_05,IFA,,41019,40700,4118150,"IFA Seattle-Tacoma-Bellevue, WA",0.0,no cell in the extract: territory at zero opportunity
ifa_pac_k5,97430,ifa,OR,IFA,IFA_05,IFA,,41039,21660,,"IFA Seattle-Tacoma-Bellevue, WA",0.0,no cell in the extract: territory at zero opportunity
ifa_pac_k5,97431,ifa,OR,IFA,IFA_05,IFA,,41039,21660,4119250,"IFA Seattle-Tacoma-Bellevue, WA",0.0,no cell in the extract: territory at zero opportunity
ifa_pac_k5,97432,ifa,OR,IFA,IFA_05,IFA,,41019,40700,4119600,"IFA Seattle-Tacoma-Bellevue, WA",0.0,no cell in the extract: territory at zero opportunity
ifa_pac_k5,97434,ifa,OR,IFA,IFA_05,IFA,,41039,21660,,"IFA Seattle-Tacoma-Bellevue, WA",0.0,no cell in the extract: territory at zero opportunity
ifa_pac_k5,97435,ifa,OR,IFA,IFA_05,IFA,,41019,40700,4120500,"IFA Seattle-Tacoma-Bellevue, WA",0.0,no cell in the extract: territory at zero opportunity
ifa_pac_k5,97436,ifa,OR,IFA,IFA_05,IFA,,41019,40700,4122800,"IFA Seattle-Tacoma-Bellevue, WA",0.0,no cell in the extract: territory at zero opportunity
ifa_pac_k5,97437,ifa,OR,IFA,IFA_05,IFA,,41039,21660,4123000,"IFA Seattle-Tacoma-Bellevue, WA",0.0,no cell in the extract: territory at zero opportunity
ifa_pac_k5,97438,ifa,OR,IFA,IFA_05,IFA,,41039,21660,4137150,"IFA Seattle-Tacoma-Bellevue, WA",0.0,no cell in the extract: territory at zero opportunity
ifa_pac_k5,97439,ifa,OR,IFA,IFA_05,IFA,,41039,21660,4126050,"IFA Seattle-Tacoma-Bellevue, WA",0.0,no cell in the extract: territory at zero opportunity
ifa_pac_k5,97441,ifa,OR,IFA,IFA_05,IFA,,41019,40700,4127850,"IFA Seattle-Tacoma-Bellevue, WA",0.0,no cell in the extract: territory at zero opportunity
ifa_pac_k5,97442,ifa,OR,IFA,IFA_05,IFA,,41019,40700,4129350,"IFA Seattle-Tacoma-Bellevue, WA",0.0,no cell in the extract: territory at zero opportunity
ifa_pac_k5,97443,ifa,OR,IFA,IFA_05,IFA,,41019,40700,4129750,"IFA Seattle-Tacoma-Bellevue, WA",0.0,no cell in the extract: territory at zero opportunity
ifa_pac_k5,97444,ifa,OR,IFA,IFA_05,IFA,,41015,15060,4129900,"IFA Seattle-Tacoma-Bellevue, WA",0.517043,
ifa_pac_k5,97446,ifa,OR,IFA,IFA_05,IFA,,41043,10540,4132550,"IFA Seattle-Tacoma-Bellevue, WA",0.0,no cell in the extract: territory at zero opportunity
ifa_pac_k5,97447,ifa,OR,IFA,IFA_05,IFA,,41019,40700,4129750,"IFA Seattle-Tacoma-Bellevue, WA",0.0,no cell in the extract: territory at zero opportunity
ifa_pac_k5,97448,ifa,OR,IFA,IFA_05,IFA,,41039,21660,4138000,"IFA Seattle-Tacoma-Bellevue, WA",0.0,no cell in the extract: territory at zero opportunity
ifa_pac_k5,97449,ifa,OR,IFA,IFA_05,IFA,,41011,18300,4140650,"IFA Seattle-Tacoma-Bellevue, WA",0.0,no cell in the extract: territory at zero opportunity
ifa_pac_k5,97450,ifa,OR,IFA,IFA_05,IFA,,41015,15060,4140950,"IFA Seattle-Tacoma-Bellevue, WA",0.0,no cell in the extract: territory at zero opportunity
ifa_pac_k5,97451,ifa,OR,IFA,IFA_05,IFA,,41039,21660,,"IFA Seattle-Tacoma-Bellevue, WA",0.0,no cell in the extract: territory at zero opportunity
ifa_pac_k5,97452,ifa,OR,IFA,IFA_05,IFA,,41039,21660,4144050,"IFA Seattle-Tacoma-Bellevue, WA",0.0,no cell in the extract: territory at zero opportunity
ifa_pac_k5,97453,ifa,OR,IFA,IFA_05,IFA,,41039,21660,4145750,"IFA Seattle-Tacoma-Bellevue, WA",0.0,no cell in the extract: territory at zero opportunity
ifa_pac_k5,97454,ifa,OR,IFA,IFA_05,IFA,,41039,21660,4145850,"IFA Seattle-Tacoma-Bellevue, WA",0.0,no cell in the extract: territory at zero opportunity
ifa_pac_k5,97455,ifa,OR,IFA,IFA_05,IFA,,41039,21660,4137150,"IFA Seattle-Tacoma-Bellevue, WA",0.0,no cell in the extract: territory at zero opportunity
ifa_pac_k5,97456,ifa,OR,IFA,IFA_05,IFA,,41003,18700,4105700,"IFA Seattle-Tacoma-Bellevue, WA",0.0,no cell in the extract: territory at zero opportunity
ifa_pac_k5,97457,ifa,OR,IFA,IFA_05,IFA,,41019,40700,4174650,"IFA Seattle-Tacoma-Bellevue, WA",0.0,no cell in the extract: territory at zero opportunity
ifa_pac_k5,97458,ifa,OR,IFA,IFA_05,IFA,,41011,18300,4151050,"IFA Seattle-Tacoma-Bellevue, WA",0.0,no cell in the extract: territory at zero opportunity
ifa_pac_k5,97459,ifa,OR,IFA,IFA_05,IFA,,41011,18300,4153000,"IFA Seattle-Tacoma-Bellevue, WA",0.0,no cell in the extract: territory at zero opportunity
ifa_pac_k5,97461,ifa,OR,IFA,IFA_05,IFA,,41039,21660,,"IFA Seattle-Tacoma-Bellevue, WA",0.0,no cell in the extract: territory at zero opportunity
ifa_pac_k5,97462,ifa,OR,IFA,IFA_05,IFA,,41019,40700,4124100,"IFA Seattle-Tacoma-Bellevue, WA",0.0,no cell in the extract: territory at zero opportunity
ifa_pac_k5,97463,ifa,OR,IFA,IFA_05,IFA,,41039,21660,4154100,"IFA Seattle-Tacoma-Bellevue, WA",0.630765,
ifa_pac_k5,97465,ifa,OR,IFA,IFA_05,IFA,,41015,15060,4159250,"IFA Seattle-Tacoma-Bellevue, WA",0.0,no cell in the extract: territory at zero opportunity
ifa_pac_k5,97466,ifa,OR,IFA,IFA_05,IFA,,41011,18300,4159600,"IFA Seattle-Tacoma-Bellevue, WA",0.0,no cell in the extract: territory at zero opportunity
ifa_pac_k5,97467,ifa,OR,IFA,IFA_05,IFA,,41019,40700,4183050,"IFA Seattle-Tacoma-Bellevue, WA",0.0,no cell in the extract: territory at zero opportunity
ifa_pac_k5,97469,ifa,OR,IFA,IFA_05,IFA,,41019,40700,4161850,"IFA Seattle-Tacoma-Bellevue, WA",0.0,no cell in the extract: territory at zero opportunity
ifa_pac_k5,97470,ifa,OR,IFA,IFA_05,IFA,,41019,40700,4163650,"IFA Seattle-Tacoma-Bellevue, WA",1.25936,
ifa_pac_k5,97471,ifa,OR,IFA,IFA_05,IFA,,41019,40700,4143650,"IFA Seattle-Tacoma-Bellevue, WA",0.653587,
ifa_pac_k5,97473,ifa,OR,IFA,IFA_05,IFA,,41019,40700,,"IFA Seattle-Tacoma-Bellevue, WA",0.0,no cell in the extract: territory at zero opportunity
ifa_pac_k5,97476,ifa,OR,IFA,IFA_05,IFA,,41015,15060,,"IFA Seattle-Tacoma-Bellevue, WA",0.0,no cell in the extract: territory at zero opportunity
ifa_pac_k5,97477,ifa,OR,IFA,IFA_05,IFA,,41039,21660,4169600,"IFA Seattle-Tacoma-Bellevue, WA",0.12382,
ifa_pac_k5,97478,ifa,OR,IFA,IFA_05,IFA,,41039,21660,4169600,"IFA Seattle-Tacoma-Bellevue, WA",0.0,no cell in the extract: territory at zero opportunity
ifa_pac_k5,97479,ifa,OR,IFA,IFA_05,IFA,,41019,40700,4171650,"IFA Seattle-Tacoma-Bellevue, WA",0.0,no cell in the extract: territory at zero opportunity
ifa_pac_k5,97480,ifa,OR,IFA,IFA_05,IFA,,41039,21660,,"IFA Seattle-Tacoma-Bellevue, WA",0.0,no cell in the extract: territory at zero opportunity
ifa_pac_k5,97481,ifa,OR,IFA,IFA_05,IFA,,41019,40700,,"IFA Seattle-Tacoma-Bellevue, WA",0.0,no cell in the extract: territory at zero opportunity
ifa_pac_k5,97484,ifa,OR,IFA,IFA_05,IFA,,41019,40700,,"IFA Seattle-Tacoma-Bellevue, WA",0.0,no cell in the extract: territory at zero opportunity
ifa_pac_k5,97486,ifa,OR,IFA,IFA_05,IFA,,41019,40700,,"IFA Seattle-Tacoma-Bellevue, WA",0.0,no cell in the extract: territory at zero opportunity
ifa_pac_k5,97487,ifa,OR,IFA,IFA_05,IFA,,41039,21660,4177050,"IFA Seattle-Tacoma-Bellevue, WA",0.0,no cell in the extract: territory at zero opportunity
ifa_pac_k5,97488,ifa,OR,IFA,IFA_05,IFA,,41039,21660,,"IFA Seattle-Tacoma-Bellevue, WA",0.0,no cell in the extract: territory at zero opportunity
ifa_pac_k5,97489,ifa,OR,IFA,IFA_05,IFA,,41039,21660,,"IFA Seattle-Tacoma-Bellevue, WA",0.0,no cell in the extract: territory at zero opportunity
ifa_pac_k5,97490,ifa,OR,IFA,IFA_05,IFA,,41039,21660,,"IFA Seattle-Tacoma-Bellevue, WA",0.0,no cell in the extract: territory at zero opportunity
ifa_pac_k5,97492,ifa,OR,IFA,IFA_05,IFA,,41039,21660,4179950,"IFA Seattle-Tacoma-Bellevue, WA",0.0,no cell in the extract: territory at zero opportunity
ifa_pac_k5,97493,ifa,OR,IFA,IFA_05,IFA,,41039,21660,4121150,"IFA Seattle-Tacoma-Bellevue, WA",0.0,no cell in the extract: territory at zero opportunity
ifa_pac_k5,97494,ifa,OR,IFA,IFA_05,IFA,,41019,40700,,"IFA Seattle-Tacoma-Bellevue, WA",0.0,no cell in the extract: territory at zero opportunity
ifa_pac_k5,97495,ifa,OR,IFA,IFA_05,IFA,,41019,40700,4163660,"IFA Seattle-Tacoma-Bellevue, WA",0.0,no cell in the extract: territory at zero opportunity
ifa_pac_k5,97496,ifa,OR,IFA,IFA_05,IFA,,41019,40700,4183400,"IFA Seattle-Tacoma-Bellevue, WA",0.0,no cell in the extract: territory at zero opportunity
ifa_pac_k5,97497,ifa,OR,IFA,IFA_05,IFA,,41033,24420,,"IFA Seattle-Tacoma-Bellevue, WA",0.0,no cell in the extract: territory at zero opportunity
ifa_pac_k5,97498,ifa,OR,IFA,IFA_05,IFA,,41039,21660,4165300,"IFA Seattle-Tacoma-Bellevue, WA",0.0,no cell in the extract: territory at zero opportunity
ifa_pac_k5,97499,ifa,OR,IFA,IFA_05,IFA,,41019,40700,4184600,"IFA Seattle-Tacoma-Bellevue, WA",0.0,no cell in the extract: territory at zero opportunity
ifa_pac_k5,97501,ifa,OR,IFA,IFA_05,IFA,,41029,32780,4147000,"IFA Seattle-Tacoma-Bellevue, WA",0.849928,
ifa_pac_k5,97502,ifa,OR,IFA,IFA_05,IFA,,41029,32780,4112400,"IFA Seattle-Tacoma-Bellevue, WA",1.99404,
ifa_pac_k5,97503,ifa,OR,IFA,IFA_05,IFA,,41029,32780,4181450,"IFA Seattle-Tacoma-Bellevue, WA",0.0,no cell in the extract: territory at zero opportunity
ifa_pac_k5,97504,ifa,OR,IFA,IFA_05,IFA,,41029,32780,4147000,"IFA Seattle-Tacoma-Bellevue, WA",9.4002,
ifa_pac_k5,97520,ifa,OR,IFA,IFA_05,IFA,,41029,32780,4103050,"IFA Seattle-Tacoma-Bellevue, WA",1.35227,
ifa_pac_k5,97522,ifa,OR,IFA,IFA_05,IFA,,41029,32780,4110050,"IFA Seattle-Tacoma-Bellevue, WA",0.0,no cell in the extract: territory at zero opportunity
ifa_pac_k5,97523,ifa,OR,IFA,IFA_05,IFA,,41033,24420,4172400,"IFA Seattle-Tacoma-Bellevue, WA",0.0,no cell in the extract: territory at zero opportunity
ifa_pac_k5,97524,ifa,OR,IFA,IFA_05,IFA,,41029,32780,4121550,"IFA Seattle-Tacoma-Bellevue, WA",0.0,no cell in the extract: territory at zero opportunity
ifa_pac_k5,97525,ifa,OR,IFA,IFA_05,IFA,,41029,32780,4126165,"IFA Seattle-Tacoma-Bellevue, WA",0.0,no cell in the extract: territory at zero opportunity
ifa_pac_k5,97526,ifa,OR,IFA,IFA_05,IFA,,41033,24420,4130550,"IFA Seattle-Tacoma-Bellevue, WA",2.34283,
ifa_pac_k5,97527,ifa,OR,IFA,IFA_05,IFA,,41033,24420,4130550,"IFA Seattle-Tacoma-Bellevue, WA",0.0795451,
ifa_pac_k5,97530,ifa,OR,IFA,IFA_05,IFA,,41029,32780,4164150,"IFA Seattle-Tacoma-Bellevue, WA",0.192314,
ifa_pac_k5,97531,ifa,OR,IFA,IFA_05,IFA,,41033,24420,4138900,"IFA Seattle-Tacoma-Bellevue, WA",0.0,no cell in the extract: territory at zero opportunity
ifa_pac_k5,97532,ifa,OR,IFA,IFA_05,IFA,,41033,24420,4147650,"IFA Seattle-Tacoma-Bellevue, WA",0.0,no cell in the extract: territory at zero opportunity
ifa_pac_k5,97534,ifa,OR,IFA,IFA_05,IFA,,41033,24420,4154350,"IFA Seattle-Tacoma-Bellevue, WA",0.0,no cell in the extract: territory at zero opportunity
ifa_pac_k5,97535,ifa,OR,IFA,IFA_05,IFA,,41029,32780,4157500,"IFA Seattle-Tacoma-Bellevue, WA",0.0,no cell in the extract: territory at zero opportunity
ifa_pac_k5,97536,ifa,OR,IFA,IFA_05,IFA,,41029,32780,4160100,"IFA Seattle-Tacoma-Bellevue, WA",0.0,no cell in the extract: territory at zero opportunity
ifa_pac_k5,97537,ifa,OR,IFA,IFA_05,IFA,,41029,32780,4182850,"IFA Seattle-Tacoma-Bellevue, WA",2.60028,
ifa_pac_k5,97538,ifa,OR,IFA,IFA_05,IFA,,41033,24420,4166150,"IFA Seattle-Tacoma-Bellevue, WA",0.0,no cell in the extract: territory at zero opportunity
ifa_pac_k5,97539,ifa,OR,IFA,IFA_05,IFA,,41029,32780,4166550,"IFA Seattle-Tacoma-Bellevue, WA",0.0,no cell in the extract: territory at zero opportunity
ifa_pac_k5,97540,ifa,OR,IFA,IFA_05,IFA,,41029,32780,4172500,"IFA Seattle-Tacoma-Bellevue, WA",0.0,no cell in the extract: territory at zero opportunity
ifa_pac_k5,97541,ifa,OR,IFA,IFA_05,IFA,,41029,32780,4174400,"IFA Seattle-Tacoma-Bellevue, WA",0.0,no cell in the extract: territory at zero opportunity
ifa_pac_k5,97543,ifa,OR,IFA,IFA_05,IFA,,41033,24420,,"IFA Seattle-Tacoma-Bellevue, WA",0.0,no cell in the extract: territory at zero opportunity
ifa_pac_k5,97544,ifa,OR,IFA,IFA_05,IFA,,41033,24420,4182450,"IFA Seattle-Tacoma-Bellevue, WA",0.0,no cell in the extract: territory at zero opportunity
ifa_pac_k5,97601,ifa,OR,IFA,IFA_05,IFA,,41035,28900,4139700,"IFA Seattle-Tacoma-Bellevue, WA",0.0,no cell in the extract: territory at zero opportunity
ifa_pac_k5,97603,ifa,OR,IFA,IFA_05,IFA,,41035,28900,4101850,"IFA Seattle-Tacoma-Bellevue, WA",0.0,no cell in the extract: territory at zero opportunity
ifa_pac_k5,97604,ifa,OR,IFA,IFA_05,IFA,,41035,28900,,"IFA Seattle-Tacoma-Bellevue, WA",0.0,no cell in the extract: territory at zero opportunity
ifa_pac_k5,97620,ifa,OR,IFA,IFA_05,IFA,,41037,,,"IFA Seattle-Tacoma-Bellevue, WA",0.0,no cell in the extract: territory at zero opportunity
ifa_pac_k5,97621,ifa,OR,IFA,IFA_05,IFA,,41035,28900,4105150,"IFA Seattle-Tacoma-Bellevue, WA",0.0,no cell in the extract: territory at zero opportunity
ifa_pac_k5,97622,ifa,OR,IFA,IFA_05,IFA,,41035,28900,4107150,"IFA Seattle-Tacoma-Bellevue, WA",0.0,no cell in the extract: territory at zero opportunity
ifa_pac_k5,97623,ifa,OR,IFA,IFA_05,IFA,,41035,28900,4107300,"IFA Seattle-Tacoma-Bellevue, WA",0.0,no cell in the extract: territory at zero opportunity
ifa_pac_k5,97624,ifa,OR,IFA,IFA_05,IFA,,41035,28900,4155268,"IFA Seattle-Tacoma-Bellevue, WA",0.0,no cell in the extract: territory at zero opportunity
ifa_pac_k5,97625,ifa,OR,IFA,IFA_05,IFA,,41035,28900,,"IFA Seattle-Tacoma-Bellevue, WA",0.0,no cell in the extract: territory at zero opportunity
ifa_pac_k5,97626,ifa,OR,IFA,IFA_05,IFA,,41035,28900,4126450,"IFA Seattle-Tacoma-Bellevue, WA",0.0,no cell in the extract: territory at zero opportunity
ifa_pac_k5,97627,ifa,OR,IFA,IFA_05,IFA,,41035,28900,4138750,"IFA Seattle-Tacoma-Bellevue, WA",0.0,no cell in the extract: territory at zero opportunity
ifa_pac_k5,97630,ifa,OR,IFA,IFA_05,IFA,,41037,,4140700,"IFA Seattle-Tacoma-Bellevue, WA",0.0,no cell in the extract: territory at zero opportunity
ifa_pac_k5,97632,ifa,OR,IFA,IFA_05,IFA,,41035,28900,4145400,"IFA Seattle-Tacoma-Bellevue, WA",0.0,no cell in the extract: territory at zero opportunity
ifa_pac_k5,97633,ifa,OR,IFA,IFA_05,IFA,,41035,28900,4147700,"IFA Seattle-Tacoma-Bellevue, WA",0.0,no cell in the extract: territory at zero opportunity
ifa_pac_k5,97634,ifa,OR,IFA,IFA_05,IFA,,41035,28900,,"IFA Seattle-Tacoma-Bellevue, WA",0.0,no cell in the extract: territory at zero opportunity
ifa_pac_k5,97635,ifa,CA,IFA,IFA_05,IFA,,06049,,4152400,"IFA Seattle-Tacoma-Bellevue, WA",0.0,no cell in the extract: territory at zero opportunity
ifa_pac_k5,97636,ifa,OR,IFA,IFA_05,IFA,,41037,,4156250,"IFA Seattle-Tacoma-Bellevue, WA",0.0,no cell in the extract: territory at zero opportunity
ifa_pac_k5,97637,ifa,OR,IFA,IFA_05,IFA,,41037,,4158550,"IFA Seattle-Tacoma-Bellevue, WA",0.0,no cell in the extract: territory at zero opportunity
ifa_pac_k5,97638,ifa,OR,IFA,IFA_05,IFA,,41037,,4167600,"IFA Seattle-Tacoma-Bellevue, WA",0.0,no cell in the extract: territory at zero opportunity
ifa_pac_k5,97639,ifa,OR,IFA,IFA_05,IFA,,41035,28900,4169400,"IFA Seattle-Tacoma-Bellevue, WA",0.0,no cell in the extract: territory at zero opportunity
ifa_pac_k5,97640,ifa,OR,IFA,IFA_05,IFA,,41037,,,"IFA Seattle-Tacoma-Bellevue, WA",0.0,no cell in the extract: territory at zero opportunity
ifa_pac_k5,97641,ifa,OR,IFA,IFA_05,IFA,,41037,,,"IFA Seattle-Tacoma-Bellevue, WA",0.0,no cell in the extract: territory at zero opportunity
ifa_pac_k5,97701,ifa,OR,IFA,IFA_05,IFA,,41017,13460,4105800,"IFA Seattle-Tacoma-Bellevue, WA",0.108851,
ifa_pac_k5,97702,ifa,OR,IFA,IFA_05,IFA,,41017,13460,4105800,"IFA Seattle-Tacoma-Bellevue, WA",2.82824,
ifa_pac_k5,97703,ifa,OR,IFA,IFA_05,IFA,,41017,13460,4105800,"IFA Seattle-Tacoma-Bellevue, WA",7.76886,
ifa_pac_k5,97707,ifa,OR,IFA,IFA_05,IFA,,41017,13460,4171250,"IFA Seattle-Tacoma-Bellevue, WA",0.376443,
ifa_pac_k5,97709,ifa,OR,IFA,IFA_05,IFA,,41017,13460,,"IFA Seattle-Tacoma-Bellevue, WA",0.0,no cell in the extract: territory at zero opportunity
ifa_pac_k5,97710,ifa,OR,IFA,IFA_05,IFA,,41025,,,"IFA Seattle-Tacoma-Bellevue, WA",0.0,no cell in the extract: territory at zero opportunity
ifa_pac_k5,97711,ifa,OR,IFA,IFA_05,IFA,,41031,13460,,"IFA Seattle-Tacoma-Bellevue, WA",0.0,no cell in the extract: territory at zero opportunity
ifa_pac_k5,97712,ifa,OR,IFA,IFA_05,IFA,,41017,13460,,"IFA Seattle-Tacoma-Bellevue, WA",0.0,no cell in the extract: territory at zero opportunity
ifa_pac_k5,97720,ifa,OR,IFA,IFA_05,IFA,,41025,,4116450,"IFA Seattle-Tacoma-Bellevue, WA",0.0,no cell in the extract: territory at zero opportunity
ifa_pac_k5,97721,ifa,OR,IFA,IFA_05,IFA,,41025,,,"IFA Seattle-Tacoma-Bellevue, WA",0.0,no cell in the extract: territory at zero opportunity
ifa_pac_k5,97722,ifa,OR,IFA,IFA_05,IFA,,41025,,,"IFA Seattle-Tacoma-Bellevue, WA",0.0,no cell in the extract: territory at zero opportunity
ifa_pac_k5,97730,ifa,OR,IFA,IFA_05,IFA,,41031,13460,4110550,"IFA Seattle-Tacoma-Bellevue, WA",0.0,no cell in the extract: territory at zero opportunity
ifa_pac_k5,97731,ifa,OR,IFA,IFA_05,IFA,,41035,28900,4105300,"IFA Seattle-Tacoma-Bellevue, WA",0.0,no cell in the extract: territory at zero opportunity
ifa_pac_k5,97732,ifa,OR,IFA,IFA_05,IFA,,41025,,4116450,"IFA Seattle-Tacoma-Bellevue, WA",0.0,no cell in the extract: territory at zero opportunity
ifa_pac_k5,97733,ifa,OR,IFA,IFA_05,IFA,,41035,28900,4116800,"IFA Seattle-Tacoma-Bellevue, WA",0.0,no cell in the extract: territory at zero opportunity
ifa_pac_k5,97734,ifa,OR,IFA,IFA_05,IFA,,41031,13460,4117300,"IFA Seattle-Tacoma-Bellevue, WA",0.0,no cell in the extract: territory at zero opportunity
ifa_pac_k5,97735,ifa,OR,IFA,IFA_05,IFA,,41037,,,"IFA Seattle-Tacoma-Bellevue, WA",0.0,no cell in the extract: territory at zero opportunity
ifa_pac_k5,97736,ifa,OR,IFA,IFA_05,IFA,,41025,,,"IFA Seattle-Tacoma-Bellevue, WA",0.0,no cell in the extract: territory at zero opportunity
ifa_pac_k5,97737,ifa,OR,IFA,IFA_05,IFA,,41035,28900,4128800,"IFA Seattle-Tacoma-Bellevue, WA",0.0,no cell in the extract: territory at zero opportunity
ifa_pac_k5,97738,ifa,OR,IFA,IFA_05,IFA,,41025,,4134250,"IFA Seattle-Tacoma-Bellevue, WA",0.0,no cell in the extract: territory at zero opportunity
ifa_pac_k5,97739,ifa,OR,IFA,IFA_05,IFA,,41017,13460,4141050,"IFA Seattle-Tacoma-Bellevue, WA",0.0,no cell in the extract: territory at zero opportunity
ifa_pac_k5,97741,ifa,OR,IFA,IFA_05,IFA,,41031,13460,4145250,"IFA Seattle-Tacoma-Bellevue, WA",0.0,no cell in the extract: territory at zero opportunity
ifa_pac_k5,97750,ifa,OR,IFA,IFA_05,IFA,,41069,,4149150,"IFA Seattle-Tacoma-Bellevue, WA",0.0,no cell in the extract: territory at zero opportunity
ifa_pac_k5,97751,ifa,OR,IFA,IFA_05,IFA,,41013,13460,,"IFA Seattle-Tacoma-Bellevue, WA",0.0,no cell in the extract: territory at zero opportunity
ifa_pac_k5,97752,ifa,OR,IFA,IFA_05,IFA,,41013,13460,,"IFA Seattle-Tacoma-Bellevue, WA",0.0,no cell in the extract: territory at zero opportunity
ifa_pac_k5,97753,ifa,OR,IFA,IFA_05,IFA,,41013,13460,4159850,"IFA Seattle-Tacoma-Bellevue, WA",0.0,no cell in the extract: territory at zero opportunity
ifa_pac_k5,97754,ifa,OR,IFA,IFA_05,IFA,,41013,13460,4138075,"IFA Seattle-Tacoma-Bellevue, WA",0.437398,
ifa_pac_k5,97756,ifa,OR,IFA,IFA_05,IFA,,41017,13460,4161200,"IFA Seattle-Tacoma-Bellevue, WA",0.0,no cell in the extract: territory at zero opportunity
ifa_pac_k5,97758,ifa,OR,IFA,IFA_05,IFA,,41025,,,"IFA Seattle-Tacoma-Bellevue, WA",0.0,no cell in the extract: territory at zero opportunity
ifa_pac_k5,97759,ifa,OR,IFA,IFA_05,IFA,,41043,10540,4106650,"IFA Seattle-Tacoma-Bellevue, WA",0.0,no cell in the extract: territory at zero opportunity
ifa_pac_k5,97760,ifa,OR,IFA,IFA_05,IFA,,41017,13460,4116975,"IFA Seattle-Tacoma-Bellevue, WA",0.0,no cell in the extract: territory at zero opportunity
ifa_pac_k5,97761,ifa,OR,IFA,IFA_05,IFA,,41065,45520,4178600,"IFA Seattle-Tacoma-Bellevue, WA",0.0,no cell in the extract: territory at zero opportunity
ifa_pac_k5,97801,ifa,OR,IFA,IFA_05,IFA,,41059,25840,4175185,"IFA Seattle-Tacoma-Bellevue, WA",0.0400794,
ifa_pac_k5,97810,ifa,OR,IFA,IFA_05,IFA,,41059,25840,4100350,"IFA Seattle-Tacoma-Bellevue, WA",0.0,no cell in the extract: territory at zero opportunity
ifa_pac_k5,97812,ifa,OR,IFA,IFA_05,IFA,,41021,,4102800,"IFA Seattle-Tacoma-Bellevue, WA",0.0,no cell in the extract: territory at zero opportunity
ifa_pac_k5,97813,ifa,OR,IFA,IFA_05,IFA,,41059,25840,4103200,"IFA Seattle-Tacoma-Bellevue, WA",0.0,no cell in the extract: territory at zero opportunity
ifa_pac_k5,97814,ifa,OR,IFA,IFA_05,IFA,,41001,12520,4103650,"IFA Seattle-Tacoma-Bellevue, WA",1.61813,
ifa_pac_k5,97817,ifa,OR,IFA,IFA_05,IFA,,41023,,4131050,"IFA Seattle-Tacoma-Bellevue, WA",0.0,no cell in the extract: territory at zero opportunity
ifa_pac_k5,97818,ifa,OR,IFA,IFA_05,IFA,,41049,25840,4107200,"IFA Seattle-Tacoma-Bellevue, WA",0.0,no cell in the extract: territory at zero opportunity
ifa_pac_k5,97819,ifa,OR,IFA,IFA_05,IFA,,41001,12520,,"IFA Seattle-Tacoma-Bellevue, WA",0.0,no cell in the extract: territory at zero opportunity
ifa_pac_k5,97820,ifa,OR,IFA,IFA_05,IFA,,41023,,4110950,"IFA Seattle-Tacoma-Bellevue, WA",0.0,no cell in the extract: territory at zero opportunity
ifa_pac_k5,97823,ifa,OR,IFA,IFA_05,IFA,,41021,,4143400,"IFA Seattle-Tacoma-Bellevue, WA",0.0,no cell in the extract: territory at zero opportunity
ifa_pac_k5,97824,ifa,OR,IFA,IFA_05,IFA,,41061,29260,4116250,"IFA Seattle-Tacoma-Bellevue, WA",0.0,no cell in the extract: territory at zero opportunity
ifa_pac_k5,97825,ifa,OR,IFA,IFA_05,IFA,,41023,,4118300,"IFA Seattle-Tacoma-Bellevue, WA",0.0,no cell in the extract: territory at zero opportunity
ifa_pac_k5,97826,ifa,OR,IFA,IFA_05,IFA,,41059,25840,4122200,"IFA Seattle-Tacoma-Bellevue, WA",0.0,no cell in the extract: territory at zero opportunity
ifa_pac_k5,97827,ifa,OR,IFA,IFA_05,IFA,,41061,29260,4122550,"IFA Seattle-Tacoma-Bellevue, WA",0.0,no cell in the extract: territory at zero opportunity
ifa_pac_k5,97828,ifa,OR,IFA,IFA_05,IFA,,41063,,4123500,"IFA Seattle-Tacoma-Bellevue, WA",0.0,no cell in the extract: territory at zero opportunity
ifa_pac_k5,97830,ifa,OR,IFA,IFA_05,IFA,,41069,,4126650,"IFA Seattle-Tacoma-Bellevue, WA",0.0,no cell in the extract: territory at zero opportunity
ifa_pac_k5,97833,ifa,OR,IFA,IFA_05,IFA,,41001,12520,4131600,"IFA Seattle-Tacoma-Bellevue, WA",0.0,no cell in the extract: territory at zero opportunity
ifa_pac_k5,97834,ifa,OR,IFA,IFA_05,IFA,,41001,12520,4131650,"IFA Seattle-Tacoma-Bellevue, WA",0.0,no cell in the extract: territory at zero opportunity
ifa_pac_k5,97835,ifa,OR,IFA,IFA_05,IFA,,41059,25840,4133250,"IFA Seattle-Tacoma-Bellevue, WA",0.0,no cell in the extract: territory at zero opportunity
ifa_pac_k5,97836,ifa,OR,IFA,IFA_05,IFA,,41049,25840,4133550,"IFA Seattle-Tacoma-Bellevue, WA",0.0,no cell in the extract: territory at zero opportunity
ifa_pac_k5,97837,ifa,OR,IFA,IFA_05,IFA,,41001,12520,,"IFA Seattle-Tacoma-Bellevue, WA",0.0,no cell in the extract: territory at zero opportunity
ifa_pac_k5,97838,ifa,OR,IFA,IFA_05,IFA,,41059,25840,4133700,"IFA Seattle-Tacoma-Bellevue, WA",0.0,no cell in the extract: territory at zero opportunity
ifa_pac_k5,97839,ifa,OR,IFA,IFA_05,IFA,,41049,25840,4142200,"IFA Seattle-Tacoma-Bellevue, WA",0.0,no cell in the extract: territory at zero opportunity
ifa_pac_k5,97840,ifa,OR,IFA,IFA_05,IFA,,41001,12520,,"IFA Seattle-Tacoma-Bellevue, WA",0.0,no cell in the extract: territory at zero opportunity
ifa_pac_k5,97841,ifa,OR,IFA,IFA_05,IFA,,41061,29260,4136050,"IFA Seattle-Tacoma-Bellevue, WA",0.0,no cell in the extract: territory at zero opportunity
ifa_pac_k5,97842,ifa,OR,IFA,IFA_05,IFA,,41063,,,"IFA Seattle-Tacoma-Bellevue, WA",0.0,no cell in the extract: territory at zero opportunity
ifa_pac_k5,97843,ifa,OR,IFA,IFA_05,IFA,,41049,25840,4136400,"IFA Seattle-Tacoma-Bellevue, WA",0.0,no cell in the extract: territory at zero opportunity
ifa_pac_k5,97844,ifa,OR,IFA,IFA_05,IFA,,41049,25840,4136500,"IFA Seattle-Tacoma-Bellevue, WA",0.0,no cell in the extract: territory at zero opportunity
ifa_pac_k5,97845,ifa,OR,IFA,IFA_05,IFA,,41023,,4137550,"IFA Seattle-Tacoma-Bellevue, WA",0.0,no cell in the extract: territory at zero opportunity
ifa_pac_k5,97846,ifa,OR,IFA,IFA_05,IFA,,41063,,4178160,"IFA Seattle-Tacoma-Bellevue, WA",0.0,no cell in the extract: territory at zero opportunity
ifa_pac_k5,97848,ifa,OR,IFA,IFA_05,IFA,,41023,,,"IFA Seattle-Tacoma-Bellevue, WA",0.0,no cell in the extract: territory at zero opportunity
ifa_pac_k5,97850,ifa,OR,IFA,IFA_05,IFA,,41061,29260,4140350,"IFA Seattle-Tacoma-Bellevue, WA",0.0,no cell in the extract: territory at zero opportunity
ifa_pac_k5,97856,ifa,OR,IFA,IFA_05,IFA,,41023,,4143550,"IFA Seattle-Tacoma-Bellevue, WA",0.0,no cell in the extract: territory at zero opportunity
ifa_pac_k5,97857,ifa,OR,IFA,IFA_05,IFA,,41063,,4143900,"IFA Seattle-Tacoma-Bellevue, WA",0.0,no cell in the extract: territory at zero opportunity
ifa_pac_k5,97859,ifa,OR,IFA,IFA_05,IFA,,41059,25840,4146800,"IFA Seattle-Tacoma-Bellevue, WA",0.0,no cell in the extract: territory at zero opportunity
ifa_pac_k5,97862,ifa,OR,IFA,IFA_05,IFA,,41059,25840,4175600,"IFA Seattle-Tacoma-Bellevue, WA",0.0,no cell in the extract: territory at zero opportunity
ifa_pac_k5,97864,ifa,OR,IFA,IFA_05,IFA,,41023,,4149750,"IFA Seattle-Tacoma-Bellevue, WA",0.0,no cell in the extract: territory at zero opportunity
ifa_pac_k5,97865,ifa,OR,IFA,IFA_05,IFA,,41023,,4150250,"IFA Seattle-Tacoma-Bellevue, WA",0.0,no cell in the extract: territory at zero opportunity
ifa_pac_k5,97867,ifa,OR,IFA,IFA_05,IFA,,41061,29260,4153300,"IFA Seattle-Tacoma-Bellevue, WA",0.0,no cell in the extract: territory at zero opportunity
ifa_pac_k5,97868,ifa,OR,IFA,IFA_05,IFA,,41059,25840,4144625,"IFA Seattle-Tacoma-Bellevue, WA",0.0,no cell in the extract: territory at zero opportunity
ifa_pac_k5,97869,ifa,OR,IFA,IFA_05,IFA,,41023,,4159650,"IFA Seattle-Tacoma-Bellevue, WA",0.0,no cell in the extract: territory at zero opportunity
ifa_pac_k5,97870,ifa,OR,IFA,IFA_05,IFA,,41001,12520,4161700,"IFA Seattle-Tacoma-Bellevue, WA",0.0,no cell in the extract: territory at zero opportunity
ifa_pac_k5,97873,ifa,OR,IFA,IFA_05,IFA,,41023,,4166200,"IFA Seattle-Tacoma-Bellevue, WA",0.0,no cell in the extract: territory at zero opportunity
ifa_pac_k5,97874,ifa,OR,IFA,IFA_05,IFA,,41069,,4169450,"IFA Seattle-Tacoma-Bellevue, WA",0.0,no cell in the extract: territory at zero opportunity
ifa_pac_k5,97875,ifa,OR,IFA,IFA_05,IFA,,41059,25840,4169900,"IFA Seattle-Tacoma-Bellevue, WA",0.0,no cell in the extract: territory at zero opportunity
ifa_pac_k5,97876,ifa,OR,IFA,IFA_05,IFA,,41061,29260,4170850,"IFA Seattle-Tacoma-Bellevue, WA",0.0,no cell in the extract: territory at zero opportunity
ifa_pac_k5,97877,ifa,OR,IFA,IFA_05,IFA,,41023,,4171000,"IFA Seattle-Tacoma-Bellevue, WA",0.0,no cell in the extract: territory at zero opportunity
ifa_pac_k5,97880,ifa,OR,IFA,IFA_05,IFA,,41059,25840,4175550,"IFA Seattle-Tacoma-Bellevue, WA",0.0,no cell in the extract: territory at zero opportunity
ifa_pac_k5,97882,ifa,OR,IFA,IFA_05,IFA,,41059,25840,4175650,"IFA Seattle-Tacoma-Bellevue, WA",0.0,no cell in the extract: territory at zero opportunity
ifa_pac_k5,97883,ifa,OR,IFA,IFA_05,IFA,,41061,29260,4175850,"IFA Seattle-Tacoma-Bellevue, WA",0.0,no cell in the extract: territory at zero opportunity
ifa_pac_k5,97884,ifa,OR,IFA,IFA_05,IFA,,41001,12520,4176250,"IFA Seattle-Tacoma-Bellevue, WA",0.0,no cell in the extract: territory at zero opportunity
ifa_pac_k5,97885,ifa,OR,IFA,IFA_05,IFA,,41063,,4178150,"IFA Seattle-Tacoma-Bellevue, WA",0.0,no cell in the extract: territory at zero opportunity
ifa_pac_k5,97886,ifa,OR,IFA,IFA_05,IFA,,41059,25840,4180350,"IFA Seattle-Tacoma-Bellevue, WA",0.0,no cell in the extract: territory at zero opportunity
ifa_pac_k5,97901,ifa,OR,IFA,IFA_05,IFA,,41045,36620,4100500,"IFA Seattle-Tacoma-Bellevue, WA",0.0,no cell in the extract: territory at zero opportunity
ifa_pac_k5,97902,ifa,OR,IFA,IFA_05,IFA,,41045,36620,,"IFA Seattle-Tacoma-Bellevue, WA",0.0,no cell in the extract: territory at zero opportunity
ifa_pac_k5,97903,ifa,OR,IFA,IFA_05,IFA,,41045,36620,4108600,"IFA Seattle-Tacoma-Bellevue, WA",0.0,no cell in the extract: territory at zero opportunity
ifa_pac_k5,97904,ifa,OR,IFA,IFA_05,IFA,,41025,,,"IFA Seattle-Tacoma-Bellevue, WA",0.0,no cell in the extract: territory at zero opportunity
ifa_pac_k5,97905,ifa,OR,IFA,IFA_05,IFA,,41001,12520,,"IFA Seattle-Tacoma-Bellevue, WA",0.0,no cell in the extract: territory at zero opportunity
ifa_pac_k5,97906,ifa,OR,IFA,IFA_05,IFA,,41045,36620,4132400,"IFA Seattle-Tacoma-Bellevue, WA",0.0,no cell in the extract: territory at zero opportunity
ifa_pac_k5,97907,ifa,OR,IFA,IFA_05,IFA,,41001,12520,4135700,"IFA Seattle-Tacoma-Bellevue, WA",0.0,no cell in the extract: territory at zero opportunity
ifa_pac_k5,97908,ifa,OR,IFA,IFA_05,IFA,,41045,36620,,"IFA Seattle-Tacoma-Bellevue, WA",0.0,no cell in the extract: territory at zero opportunity
ifa_pac_k5,97909,ifa,OR,IFA,IFA_05,IFA,,41045,36620,,"IFA Seattle-Tacoma-Bellevue, WA",0.0,no cell in the extract: territory at zero opportunity
ifa_pac_k5,97910,ifa,OR,IFA,IFA_05,IFA,,41045,36620,4137850,"IFA Seattle-Tacoma-Bellevue, WA",0.0,no cell in the extract: territory at zero opportunity
ifa_pac_k5,97911,ifa,OR,IFA,IFA_05,IFA,,41045,36620,4138150,"IFA Seattle-Tacoma-Bellevue, WA",0.0,no cell in the extract: territory at zero opportunity
ifa_pac_k5,97913,ifa,OR,IFA,IFA_05,IFA,,41045,36620,4153750,"IFA Seattle-Tacoma-Bellevue, WA",0.0,no cell in the extract: territory at zero opportunity
ifa_pac_k5,97914,ifa,OR,IFA,IFA_05,IFA,,41045,36620,4154900,"IFA Seattle-Tacoma-Bellevue, WA",0.0397725,
ifa_pac_k5,97917,ifa,OR,IFA,IFA_05,IFA,,41045,36620,,"IFA Seattle-Tacoma-Bellevue, WA",0.0,no cell in the extract: territory at zero opportunity
ifa_pac_k5,97918,ifa,OR,IFA,IFA_05,IFA,,41045,36620,4176600,"IFA Seattle-Tacoma-Bellevue, WA",0.0,no cell in the extract: territory at zero opportunity
ifa_pac_k5,97920,ifa,OR,IFA,IFA_05,IFA,,41045,36620,,"IFA Seattle-Tacoma-Bellevue, WA",0.0,no cell in the extract: territory at zero opportunity
ifa_pac_k5,98001,ifa,WA,IFA,IFA_05,IFA,,53033,42660,5303180,"IFA Seattle-Tacoma-Bellevue, WA",0.16294,
ifa_pac_k5,98002,ifa,WA,IFA,IFA_05,IFA,,53033,42660,5303180,"IFA Seattle-Tacoma-Bellevue, WA",1.94731,
ifa_pac_k5,98003,ifa,WA,IFA,IFA_05,IFA,,53033,42660,5323515,"IFA Seattle-Tacoma-Bellevue, WA",3.67108,
ifa_pac_k5,98004,ifa,WA,IFA,IFA_05,IFA,,53033,42660,5305210,"IFA Seattle-Tacoma-Bellevue, WA",53.3513,
ifa_pac_k5,98005,ifa,WA,IFA,IFA_05,IFA,,53033,42660,5305210,"IFA Seattle-Tacoma-Bellevue, WA",30.8249,
ifa_pac_k5,98006,ifa,WA,IFA,IFA_05,IFA,,53033,42660,5305210,"IFA Seattle-Tacoma-Bellevue, WA",3.5676,
ifa_pac_k5,98007,ifa,WA,IFA,IFA_05,IFA,,53033,42660,5305210,"IFA Seattle-Tacoma-Bellevue, WA",5.18028,
ifa_pac_k5,98008,ifa,WA,IFA,IFA_05,IFA,,53033,42660,5305210,"IFA Seattle-Tacoma-Bellevue, WA",1.73585,
ifa_pac_k5,98010,ifa,WA,IFA,IFA_05,IFA,,53033,42660,5306330,"IFA Seattle-Tacoma-Bellevue, WA",0.0,no cell in the extract: territory at zero opportunity
ifa_pac_k5,98011,ifa,WA,IFA,IFA_05,IFA,,53033,42660,5307380,"IFA Seattle-Tacoma-Bellevue, WA",3.35037,
ifa_pac_k5,98012,ifa,WA,IFA,IFA_05,IFA,,53061,42660,5345865,"IFA Seattle-Tacoma-Bellevue, WA",0.711847,
ifa_pac_k5,98014,ifa,WA,IFA,IFA_05,IFA,,53033,42660,5337538,"IFA Seattle-Tacoma-Bellevue, WA",0.0,no cell in the extract: territory at zero opportunity
ifa_pac_k5,98019,ifa,WA,IFA,IFA_05,IFA,,53033,42660,5319035,"IFA Seattle-Tacoma-Bellevue, WA",0.0,no cell in the extract: territory at zero opportunity
ifa_pac_k5,98020,ifa,WA,IFA,IFA_05,IFA,,53061,42660,5320750,"IFA Seattle-Tacoma-Bellevue, WA",1.35094,
ifa_pac_k5,98021,ifa,WA,IFA,IFA_05,IFA,,53061,42660,5307380,"IFA Seattle-Tacoma-Bellevue, WA",3.53838,
ifa_pac_k5,98022,ifa,WA,IFA,IFA_05,IFA,,53033,42660,5322045,"IFA Seattle-Tacoma-Bellevue, WA",1.91378,
ifa_pac_k5,98023,ifa,WA,IFA,IFA_05,IFA,,53033,42660,5323515,"IFA Seattle-Tacoma-Bellevue, WA",0.00397725,
ifa_pac_k5,98024,ifa,WA,IFA,IFA_05,IFA,,53033,42660,5323200,"IFA Seattle-Tacoma-Bellevue, WA",0.0,no cell in the extract: territory at zero opportunity
ifa_pac_k5,98025,ifa,WA,IFA,IFA_05,IFA,,53033,42660,,"IFA Seattle-Tacoma-Bellevue, WA",0.0,no cell in the extract: territory at zero opportunity
ifa_pac_k5,98026,ifa,WA,IFA,IFA_05,IFA,,53061,42660,5320750,"IFA Seattle-Tacoma-Bellevue, WA",0.0,no cell in the extract: territory at zero opportunity
ifa_pac_k5,98027,ifa,WA,IFA,IFA_05,IFA,,53033,42660,5346215,"IFA Seattle-Tacoma-Bellevue, WA",5.00174,
ifa_pac_k5,98028,ifa,WA,IFA,IFA_05,IFA,,53033,42660,5335170,"IFA Seattle-Tacoma-Bellevue, WA",0.0,no cell in the extract: territory at zero opportunity
ifa_pac_k5,98029,ifa,WA,IFA,IFA_05,IFA,,53033,42660,5333805,"IFA Seattle-Tacoma-Bellevue, WA",2.4327,
ifa_pac_k5,98030,ifa,WA,IFA,IFA_05,IFA,,53033,42660,5335415,"IFA Seattle-Tacoma-Bellevue, WA",0.0,no cell in the extract: territory at zero opportunity
ifa_pac_k5,98031,ifa,WA,IFA,IFA_05,IFA,,53033,42660,5335415,"IFA Seattle-Tacoma-Bellevue, WA",0.0,no cell in the extract: territory at zero opportunity
ifa_pac_k5,98032,ifa,WA,IFA,IFA_05,IFA,,53033,42660,5335415,"IFA Seattle-Tacoma-Bellevue, WA",0.0,no cell in the extract: territory at zero opportunity
ifa_pac_k5,98033,ifa,WA,IFA,IFA_05,IFA,,53033,42660,5335940,"IFA Seattle-Tacoma-Bellevue, WA",10.6692,
ifa_pac_k5,98034,ifa,WA,IFA,IFA_05,IFA,,53033,42660,5335940,"IFA Seattle-Tacoma-Bellevue, WA",0.0,no cell in the extract: territory at zero opportunity
ifa_pac_k5,98036,ifa,WA,IFA,IFA_05,IFA,,53061,42660,5340840,"IFA Seattle-Tacoma-Bellevue, WA",27.3103,
ifa_pac_k5,98037,ifa,WA,IFA,IFA_05,IFA,,53061,42660,5340840,"IFA Seattle-Tacoma-Bellevue, WA",9.96497,
ifa_pac_k5,98038,ifa,WA,IFA,IFA_05,IFA,,53033,42660,5331495,"IFA Seattle-Tacoma-Bellevue, WA",0.031818,
ifa_pac_k5,98039,ifa,WA,IFA,IFA_05,IFA,,53033,42660,5344725,"IFA Seattle-Tacoma-Bellevue, WA",0.527311,
ifa_pac_k5,98040,ifa,WA,IFA,IFA_05,IFA,,53033,42660,5345005,"IFA Seattle-Tacoma-Bellevue, WA",11.999,
ifa_pac_k5,98042,ifa,WA,IFA,IFA_05,IFA,,53033,42660,5337567,"IFA Seattle-Tacoma-Bellevue, WA",0.0,no cell in the extract: territory at zero opportunity
ifa_pac_k5,98043,ifa,WA,IFA,IFA_05,IFA,,53061,42660,5347490,"IFA Seattle-Tacoma-Bellevue, WA",0.721108,
ifa_pac_k5,98045,ifa,WA,IFA,IFA_05,IFA,,53033,42660,5349485,"IFA Seattle-Tacoma-Bellevue, WA",1.55107,
ifa_pac_k5,98047,ifa,WA,IFA,IFA_05,IFA,,53033,42660,5352495,"IFA Seattle-Tacoma-Bellevue, WA",0.0,no cell in the extract: territory at zero opportunity
ifa_pac_k5,98050,ifa,WA,IFA,IFA_05,IFA,,53033,42660,,"IFA Seattle-Tacoma-Bellevue, WA",0.0,no cell in the extract: territory at zero opportunity
ifa_pac_k5,98051,ifa,WA,IFA,IFA_05,IFA,,53033,42660,5357395,"IFA Seattle-Tacoma-Bellevue, WA",0.0,no cell in the extract: territory at zero opportunity
ifa_pac_k5,98052,ifa,WA,IFA,IFA_05,IFA,,53033,42660,5357535,"IFA Seattle-Tacoma-Bellevue, WA",0.0397725,
ifa_pac_k5,98053,ifa,WA,IFA,IFA_05,IFA,,53033,42660,5373307,"IFA Seattle-Tacoma-Bellevue, WA",0.0,no cell in the extract: territory at zero opportunity
ifa_pac_k5,98055,ifa,WA,IFA,IFA_05,IFA,,53033,42660,5357745,"IFA Seattle-Tacoma-Bellevue, WA",0.0,no cell in the extract: territory at zero opportunity
ifa_pac_k5,98056,ifa,WA,IFA,IFA_05,IFA,,53033,42660,5357745,"IFA Seattle-Tacoma-Bellevue, WA",3.38335,
ifa_pac_k5,98057,ifa,WA,IFA,IFA_05,IFA,,53033,42660,5357745,"IFA Seattle-Tacoma-Bellevue, WA",5.46704,
ifa_pac_k5,98058,ifa,WA,IFA,IFA_05,IFA,,53033,42660,5323160,"IFA Seattle-Tacoma-Bellevue, WA",0.0,no cell in the extract: territory at zero opportunity
ifa_pac_k5,98059,ifa,WA,IFA,IFA_05,IFA,,53033,42660,5319857,"IFA Seattle-Tacoma-Bellevue, WA",0.658275,
ifa_pac_k5,98065,ifa,WA,IFA,IFA_05,IFA,,53033,42660,5365205,"IFA Seattle-Tacoma-Bellevue, WA",0.0,no cell in the extract: territory at zero opportunity
ifa_pac_k5,98068,ifa,WA,IFA,IFA_05,IFA,,53037,21260,5365275,"IFA Seattle-Tacoma-Bellevue, WA",0.0,no cell in the extract: territory at zero opportunity
ifa_pac_k5,98070,ifa,WA,IFA,IFA_05,IFA,,53033,42660,5374305,"IFA Seattle-Tacoma-Bellevue, WA",0.110879,
ifa_pac_k5,98072,ifa,WA,IFA,IFA_05,IFA,,53033,42660,5314940,"IFA Seattle-Tacoma-Bellevue, WA",0.181647,
ifa_pac_k5,98074,ifa,WA,IFA,IFA_05,IFA,,53033,42660,5361115,"IFA Seattle-Tacoma-Bellevue, WA",1.99247,
ifa_pac_k5,98075,ifa,WA,IFA,IFA_05,IFA,,53033,42660,5361115,"IFA Seattle-Tacoma-Bellevue, WA",0.0,no cell in the extract: territory at zero opportunity
ifa_pac_k5,98077,ifa,WA,IFA,IFA_05,IFA,,53033,42660,5314940,"IFA Seattle-Tacoma-Bellevue, WA",0.0,no cell in the extract: territory at zero opportunity
ifa_pac_k5,98087,ifa,WA,IFA,IFA_05,IFA,,53061,42660,5349940,"IFA Seattle-Tacoma-Bellevue, WA",0.0,no cell in the extract: territory at zero opportunity
ifa_pac_k5,98092,ifa,WA,IFA,IFA_05,IFA,,53033,42660,5303180,"IFA Seattle-Tacoma-Bellevue, WA",0.0,no cell in the extract: territory at zero opportunity
ifa_pac_k5,98101,ifa,WA,IFA,IFA_05,IFA,,53033,42660,5363000,"IFA Seattle-Tacoma-Bellevue, WA",31.0677,
ifa_pac_k5,98102,ifa,WA,IFA,IFA_05,IFA,,53033,42660,5363000,"IFA Seattle-Tacoma-Bellevue, WA",0.298127,
ifa_pac_k5,98103,ifa,WA,IFA,IFA_05,IFA,,53033,42660,5363000,"IFA Seattle-Tacoma-Bellevue, WA",0.0,no cell in the extract: territory at zero opportunity
ifa_pac_k5,98104,ifa,WA,IFA,IFA_05,IFA,,53033,42660,5363000,"IFA Seattle-Tacoma-Bellevue, WA",42.3509,
ifa_pac_k5,98105,ifa,WA,IFA,IFA_05,IFA,,53033,42660,5363000,"IFA Seattle-Tacoma-Bellevue, WA",0.437808,
ifa_pac_k5,98106,ifa,WA,IFA,IFA_05,IFA,,53033,42660,5363000,"IFA Seattle-Tacoma-Bellevue, WA",0.0162272,
ifa_pac_k5,98107,ifa,WA,IFA,IFA_05,IFA,,53033,42660,5363000,"IFA Seattle-Tacoma-Bellevue, WA",1.66011,
ifa_pac_k5,98108,ifa,WA,IFA,IFA_05,IFA,,53033,42660,5363000,"IFA Seattle-Tacoma-Bellevue, WA",0.0,no cell in the extract: territory at zero opportunity
ifa_pac_k5,98109,ifa,WA,IFA,IFA_05,IFA,,53033,42660,5363000,"IFA Seattle-Tacoma-Bellevue, WA",4.36528,
ifa_pac_k5,98110,ifa,WA,IFA,IFA_05,IFA,,53035,14740,5303736,"IFA Seattle-Tacoma-Bellevue, WA",2.76543,
ifa_pac_k5,98112,ifa,WA,IFA,IFA_05,IFA,,53033,42660,5363000,"IFA Seattle-Tacoma-Bellevue, WA",0.0,no cell in the extract: territory at zero opportunity
ifa_pac_k5,98115,ifa,WA,IFA,IFA_05,IFA,,53033,42660,5363000,"IFA Seattle-Tacoma-Bellevue, WA",0.0795491,
ifa_pac_k5,98116,ifa,WA,IFA,IFA_05,IFA,,53033,42660,5363000,"IFA Seattle-Tacoma-Bellevue, WA",1.23905,
ifa_pac_k5,98117,ifa,WA,IFA,IFA_05,IFA,,53033,42660,5363000,"IFA Seattle-Tacoma-Bellevue, WA",0.0,no cell in the extract: territory at zero opportunity
ifa_pac_k5,98118,ifa,WA,IFA,IFA_05,IFA,,53033,42660,5363000,"IFA Seattle-Tacoma-Bellevue, WA",0.0,no cell in the extract: territory at zero opportunity
ifa_pac_k5,98119,ifa,WA,IFA,IFA_05,IFA,,53033,42660,5363000,"IFA Seattle-Tacoma-Bellevue, WA",1.15199,
ifa_pac_k5,98121,ifa,WA,IFA,IFA_05,IFA,,53033,42660,5363000,"IFA Seattle-Tacoma-Bellevue, WA",4.00833,
ifa_pac_k5,98122,ifa,WA,IFA,IFA_05,IFA,,53033,42660,5363000,"IFA Seattle-Tacoma-Bellevue, WA",0.0520275,
ifa_pac_k5,98125,ifa,WA,IFA,IFA_05,IFA,,53033,42660,5363000,"IFA Seattle-Tacoma-Bellevue, WA",8.47311,
ifa_pac_k5,98126,ifa,WA,IFA,IFA_05,IFA,,53033,42660,5363000,"IFA Seattle-Tacoma-Bellevue, WA",0.0,no cell in the extract: territory at zero opportunity
ifa_pac_k5,98133,ifa,WA,IFA,IFA_05,IFA,,53033,42660,5363960,"IFA Seattle-Tacoma-Bellevue, WA",0.0318229,
ifa_pac_k5,98134,ifa,WA,IFA,IFA_05,IFA,,53033,42660,5363000,"IFA Seattle-Tacoma-Bellevue, WA",0.0,no cell in the extract: territory at zero opportunity
ifa_pac_k5,98136,ifa,WA,IFA,IFA_05,IFA,,53033,42660,5363000,"IFA Seattle-Tacoma-Bellevue, WA",0.0,no cell in the extract: territory at zero opportunity
ifa_pac_k5,98144,ifa,WA,IFA,IFA_05,IFA,,53033,42660,5363000,"IFA Seattle-Tacoma-Bellevue, WA",0.198968,
ifa_pac_k5,98146,ifa,WA,IFA,IFA_05,IFA,,53033,42660,5308850,"IFA Seattle-Tacoma-Bellevue, WA",0.0,no cell in the extract: territory at zero opportunity
ifa_pac_k5,98148,ifa,WA,IFA,IFA_05,IFA,,53033,42660,5308850,"IFA Seattle-Tacoma-Bellevue, WA",0.339437,
ifa_pac_k5,98154,ifa,WA,IFA,IFA_05,IFA,,53033,42660,5363000,"IFA Seattle-Tacoma-Bellevue, WA",0.0,no cell in the extract: territory at zero opportunity
ifa_pac_k5,98155,ifa,WA,IFA,IFA_05,IFA,,53033,42660,5363960,"IFA Seattle-Tacoma-Bellevue, WA",0.375283,
ifa_pac_k5,98158,ifa,WA,IFA,IFA_05,IFA,,53033,42660,5362288,"IFA Seattle-Tacoma-Bellevue, WA",0.0,no cell in the extract: territory at zero opportunity
ifa_pac_k5,98164,ifa,WA,IFA,IFA_05,IFA,,53033,42660,5363000,"IFA Seattle-Tacoma-Bellevue, WA",0.0,no cell in the extract: territory at zero opportunity
ifa_pac_k5,98166,ifa,WA,IFA,IFA_05,IFA,,53033,42660,5308850,"IFA Seattle-Tacoma-Bellevue, WA",2.62377,
ifa_pac_k5,98168,ifa,WA,IFA,IFA_05,IFA,,53033,42660,5372625,"IFA Seattle-Tacoma-Bellevue, WA",0.0,no cell in the extract: territory at zero opportunity
ifa_pac_k5,98174,ifa,WA,IFA,IFA_05,IFA,,53033,42660,5363000,"IFA Seattle-Tacoma-Bellevue, WA",0.0,no cell in the extract: territory at zero opportunity
ifa_pac_k5,98177,ifa,WA,IFA,IFA_05,IFA,,53033,42660,5363960,"IFA Seattle-Tacoma-Bellevue, WA",0.0,no cell in the extract: territory at zero opportunity
ifa_pac_k5,98178,ifa,WA,IFA,IFA_05,IFA,,53033,42660,5308552,"IFA Seattle-Tacoma-Bellevue, WA",0.0,no cell in the extract: territory at zero opportunity
ifa_pac_k5,98188,ifa,WA,IFA,IFA_05,IFA,,53033,42660,5372625,"IFA Seattle-Tacoma-Bellevue, WA",1.25988,
ifa_pac_k5,98195,ifa,WA,IFA,IFA_05,IFA,,53033,42660,5363000,"IFA Seattle-Tacoma-Bellevue, WA",0.0,no cell in the extract: territory at zero opportunity
ifa_pac_k5,98198,ifa,WA,IFA,IFA_05,IFA,,53033,42660,5317635,"IFA Seattle-Tacoma-Bellevue, WA",2.17129,
ifa_pac_k5,98199,ifa,WA,IFA,IFA_05,IFA,,53033,42660,5363000,"IFA Seattle-Tacoma-Bellevue, WA",4.07231,
ifa_pac_k5,98201,ifa,WA,IFA,IFA_05,IFA,,53061,42660,5322640,"IFA Seattle-Tacoma-Bellevue, WA",3.05612,
ifa_pac_k5,98203,ifa,WA,IFA,IFA_05,IFA,,53061,42660,5322640,"IFA Seattle-Tacoma-Bellevue, WA",0.0,no cell in the extract: territory at zero opportunity
ifa_pac_k5,98204,ifa,WA,IFA,IFA_05,IFA,,53061,42660,5322640,"IFA Seattle-Tacoma-Bellevue, WA",0.740963,
ifa_pac_k5,98207,ifa,WA,IFA,IFA_05,IFA,,53061,42660,5322640,"IFA Seattle-Tacoma-Bellevue, WA",0.0,no cell in the extract: territory at zero opportunity
ifa_pac_k5,98208,ifa,WA,IFA,IFA_05,IFA,,53061,42660,5319630,"IFA Seattle-Tacoma-Bellevue, WA",0.0539343,
ifa_pac_k5,98220,ifa,WA,IFA,IFA_05,IFA,,53073,13380,5300275,"IFA Seattle-Tacoma-Bellevue, WA",0.0,no cell in the extract: territory at zero opportunity
ifa_pac_k5,98221,ifa,WA,IFA,IFA_05,IFA,,53057,34580,5301990,"IFA Seattle-Tacoma-Bellevue, WA",0.0,no cell in the extract: territory at zero opportunity
ifa_pac_k5,98222,ifa,WA,IFA,IFA_05,IFA,,53055,,,"IFA Seattle-Tacoma-Bellevue, WA",0.0,no cell in the extract: territory at zero opportunity
ifa_pac_k5,98223,ifa,WA,IFA,IFA_05,IFA,,53061,42660,5364610,"IFA Seattle-Tacoma-Bellevue, WA",1.69939,
ifa_pac_k5,98224,ifa,WA,IFA,IFA_05,IFA,,53033,42660,5304300,"IFA Seattle-Tacoma-Bellevue, WA",0.0,no cell in the extract: territory at zero opportunity
ifa_pac_k5,98225,ifa,WA,IFA,IFA_05,IFA,,53073,13380,5305280,"IFA Seattle-Tacoma-Bellevue, WA",14.1183,
ifa_pac_k5,98226,ifa,WA,IFA,IFA_05,IFA,,53073,13380,5305280,"IFA Seattle-Tacoma-Bellevue, WA",2.2867,
ifa_pac_k5,98229,ifa,WA,IFA,IFA_05,IFA,,53073,13380,5305280,"IFA Seattle-Tacoma-Bellevue, WA",0.768487,
ifa_pac_k5,98230,ifa,WA,IFA,IFA_05,IFA,,53073,13380,5306190,"IFA Seattle-Tacoma-Bellevue, WA",0.0,no cell in the extract: territory at zero opportunity
ifa_pac_k5,98232,ifa,WA,IFA,IFA_05,IFA,,53057,34580,5320680,"IFA Seattle-Tacoma-Bellevue, WA",0.0,no cell in the extract: territory at zero opportunity
ifa_pac_k5,98233,ifa,WA,IFA,IFA_05,IFA,,53057,34580,5308920,"IFA Seattle-Tacoma-Bellevue, WA",0.240965,
ifa_pac_k5,98235,ifa,WA,IFA,IFA_05,IFA,,53057,34580,5312840,"IFA Seattle-Tacoma-Bellevue, WA",0.0,no cell in the extract: territory at zero opportunity
ifa_pac_k5,98236,ifa,WA,IFA,IFA_05,IFA,,53029,36020,5313155,"IFA Seattle-Tacoma-Bellevue, WA",0.0,no cell in the extract: territory at zero opportunity
ifa_pac_k5,98237,ifa,WA,IFA,IFA_05,IFA,,53057,34580,5314380,"IFA Seattle-Tacoma-Bellevue, WA",0.0,no cell in the extract: territory at zero opportunity
ifa_pac_k5,98238,ifa,WA,IFA,IFA_05,IFA,,53057,34580,5314520,"IFA Seattle-Tacoma-Bellevue, WA",0.0,no cell in the extract: territory at zero opportunity
ifa_pac_k5,98239,ifa,WA,IFA,IFA_05,IFA,,53029,36020,5315185,"IFA Seattle-Tacoma-Bellevue, WA",0.0,no cell in the extract: territory at zero opportunity
ifa_pac_k5,98240,ifa,WA,IFA,IFA_05,IFA,,53073,13380,5316375,"IFA Seattle-Tacoma-Bellevue, WA",0.0,no cell in the extract: territory at zero opportunity
ifa_pac_k5,98241,ifa,WA,IFA,IFA_05,IFA,,53061,42660,5316690,"IFA Seattle-Tacoma-Bellevue, WA",0.0,no cell in the extract: territory at zero opportunity
ifa_pac_k5,98243,ifa,WA,IFA,IFA_05,IFA,,53055,,,"IFA Seattle-Tacoma-Bellevue, WA",0.0,no cell in the extract: territory at zero opportunity
ifa_pac_k5,98244,ifa,WA,IFA,IFA_05,IFA,,53073,13380,5335135,"IFA Seattle-Tacoma-Bellevue, WA",0.0,no cell in the extract: territory at zero opportunity
ifa_pac_k5,98245,ifa,WA,IFA,IFA_05,IFA,,53055,,,"IFA Seattle-Tacoma-Bellevue, WA",0.0,no cell in the extract: territory at zero opportunity
ifa_pac_k5,98247,ifa,WA,IFA,IFA_05,IFA,,53073,13380,5317495,"IFA Seattle-Tacoma-Bellevue, WA",0.0,no cell in the extract: territory at zero opportunity
ifa_pac_k5,98248,ifa,WA,IFA,IFA_05,IFA,,53073,13380,5323620,"IFA Seattle-Tacoma-Bellevue, WA",0.0636361,
ifa_pac_k5,98249,ifa,WA,IFA,IFA_05,IFA,,53029,36020,5325510,"IFA Seattle-Tacoma-Bellevue, WA",0.0108181,
ifa_pac_k5,98250,ifa,WA,IFA,IFA_05,IFA,,53055,,5359075,"IFA Seattle-Tacoma-Bellevue, WA",0.0,no cell in the extract: territory at zero opportunity
ifa_pac_k5,98251,ifa,WA,IFA,IFA_05,IFA,,53061,42660,5327365,"IFA Seattle-Tacoma-Bellevue, WA",0.0,no cell in the extract: territory at zero opportunity
ifa_pac_k5,98252,ifa,WA,IFA,IFA_05,IFA,,53061,42660,5374760,"IFA Seattle-Tacoma-Bellevue, WA",0.0,no cell in the extract: territory at zero opportunity
ifa_pac_k5,98253,ifa,WA,IFA,IFA_05,IFA,,53029,36020,,"IFA Seattle-Tacoma-Bellevue, WA",0.0,no cell in the extract: territory at zero opportunity
ifa_pac_k5,98255,ifa,WA,IFA,IFA_05,IFA,,53057,34580,5329255,"IFA Seattle-Tacoma-Bellevue, WA",0.0,no cell in the extract: territory at zero opportunity
ifa_pac_k5,98256,ifa,WA,IFA,IFA_05,IFA,,53061,42660,5333175,"IFA Seattle-Tacoma-Bellevue, WA",0.0,no cell in the extract: territory at zero opportunity
ifa_pac_k5,98257,ifa,WA,IFA,IFA_05,IFA,,53057,34580,5336780,"IFA Seattle-Tacoma-Bellevue, WA",0.00556816,
ifa_pac_k5,98258,ifa,WA,IFA,IFA_05,IFA,,53061,42660,5337900,"IFA Seattle-Tacoma-Bellevue, WA",0.0,no cell in the extract: territory at zero opportunity
ifa_pac_k5,98260,ifa,WA,IFA,IFA_05,IFA,,53029,36020,5338355,"IFA Seattle-Tacoma-Bellevue, WA",1.78133,
ifa_pac_k5,98261,ifa,WA,IFA,IFA_05,IFA,,53055,,,"IFA Seattle-Tacoma-Bellevue, WA",0.0,no cell in the extract: territory at zero opportunity
ifa_pac_k5,98262,ifa,WA,IFA,IFA_05,IFA,,53073,13380,,"IFA Seattle-Tacoma-Bellevue, WA",0.0,no cell in the extract: territory at zero opportunity
ifa_pac_k5,98263,ifa,WA,IFA,IFA_05,IFA,,53057,34580,5340770,"IFA Seattle-Tacoma-Bellevue, WA",0.0,no cell in the extract: territory at zero opportunity
ifa_pac_k5,98264,ifa,WA,IFA,IFA_05,IFA,,53073,13380,5340805,"IFA Seattle-Tacoma-Bellevue, WA",0.267482,
ifa_pac_k5,98266,ifa,WA,IFA,IFA_05,IFA,,53073,13380,5353800,"IFA Seattle-Tacoma-Bellevue, WA",0.0,no cell in the extract: territory at zero opportunity
ifa_pac_k5,98267,ifa,WA,IFA,IFA_05,IFA,,53057,34580,5343325,"IFA Seattle-Tacoma-Bellevue, WA",0.0,no cell in the extract: territory at zero opportunity
ifa_pac_k5,98270,ifa,WA,IFA,IFA_05,IFA,,53061,42660,5343955,"IFA Seattle-Tacoma-Bellevue, WA",0.0,no cell in the extract: territory at zero opportunity
ifa_pac_k5,98271,ifa,WA,IFA,IFA_05,IFA,,53061,42660,5343955,"IFA Seattle-Tacoma-Bellevue, WA",0.0,no cell in the extract: territory at zero opportunity
ifa_pac_k5,98272,ifa,WA,IFA,IFA_05,IFA,,53061,42660,5379825,"IFA Seattle-Tacoma-Bellevue, WA",0.0,no cell in the extract: territory at zero opportunity
ifa_pac_k5,98273,ifa,WA,IFA,IFA_05,IFA,,53057,34580,5347560,"IFA Seattle-Tacoma-Bellevue, WA",0.831715,
ifa_pac_k5,98274,ifa,WA,IFA,IFA_05,IFA,,53057,34580,5306050,"IFA Seattle-Tacoma-Bellevue, WA",0.0,no cell in the extract: territory at zero opportunity
ifa_pac_k5,98275,ifa,WA,IFA,IFA_05,IFA,,53061,42660,5347735,"IFA Seattle-Tacoma-Bellevue, WA",0.0,no cell in the extract: territory at zero opportunity
ifa_pac_k5,98276,ifa,WA,IFA,IFA_05,IFA,,53073,13380,5349275,"IFA Seattle-Tacoma-Bellevue, WA",0.0,no cell in the extract: territory at zero opportunity
ifa_pac_k5,98277,ifa,WA,IFA,IFA_05,IFA,,53029,36020,5350360,"IFA Seattle-Tacoma-Bellevue, WA",0.0,no cell in the extract: territory at zero opportunity
ifa_pac_k5,98278,ifa,WA,IFA,IFA_05,IFA,,53029,36020,5378155,"IFA Seattle-Tacoma-Bellevue, WA",0.0,no cell in the extract: territory at zero opportunity
ifa_pac_k5,98279,ifa,WA,IFA,IFA_05,IFA,,53055,,,"IFA Seattle-Tacoma-Bellevue, WA",0.0,no cell in the extract: territory at zero opportunity
ifa_pac_k5,98280,ifa,WA,IFA,IFA_05,IFA,,53055,,,"IFA Seattle-Tacoma-Bellevue, WA",0.0,no cell in the extract: territory at zero opportunity
ifa_pac_k5,98281,ifa,WA,IFA,IFA_05,IFA,,53073,13380,5355015,"IFA Seattle-Tacoma-Bellevue, WA",0.0,no cell in the extract: territory at zero opportunity
ifa_pac_k5,98282,ifa,WA,IFA,IFA_05,IFA,,53029,36020,5309365,"IFA Seattle-Tacoma-Bellevue, WA",1.98471,
ifa_pac_k5,98283,ifa,WA,IFA,IFA_05,IFA,,53073,13380,5359250,"IFA Seattle-Tacoma-Bellevue, WA",0.0,no cell in the extract: territory at zero opportunity
ifa_pac_k5,98284,ifa,WA,IFA,IFA_05,IFA,,53057,34580,5363210,"IFA Seattle-Tacoma-Bellevue, WA",0.0,no cell in the extract: territory at zero opportunity
ifa_pac_k5,98286,ifa,WA,IFA,IFA_05,IFA,,53055,,,"IFA Seattle-Tacoma-Bellevue, WA",0.0,no cell in the extract: territory at zero opportunity
ifa_pac_k5,98288,ifa,WA,IFA,IFA_05,IFA,,53033,42660,5364855,"IFA Seattle-Tacoma-Bellevue, WA",0.0,no cell in the extract: territory at zero opportunity
ifa_pac_k5,98290,ifa,WA,IFA,IFA_05,IFA,,53061,42660,5371330,"IFA Seattle-Tacoma-Bellevue, WA",0.661413,
ifa_pac_k5,98292,ifa,WA,IFA,IFA_05,IFA,,53061,42660,5334915,"IFA Seattle-Tacoma-Bellevue, WA",0.557967,
ifa_pac_k5,98294,ifa,WA,IFA,IFA_05,IFA,,53061,42660,5367595,"IFA Seattle-Tacoma-Bellevue, WA",0.0,no cell in the extract: territory at zero opportunity
ifa_pac_k5,98295,ifa,WA,IFA,IFA_05,IFA,,53073,13380,5368330,"IFA Seattle-Tacoma-Bellevue, WA",0.0,no cell in the extract: territory at zero opportunity
ifa_pac_k5,98296,ifa,WA,IFA,IFA_05,IFA,,53061,42660,5342415,"IFA Seattle-Tacoma-Bellevue, WA",0.99059,
ifa_pac_k5,98297,ifa,WA,IFA,IFA_05,IFA,,53055,,,"IFA Seattle-Tacoma-Bellevue, WA",0.0,no cell in the extract: territory at zero opportunity
ifa_pac_k5,98303,ifa,WA,IFA,IFA_05,IFA,,53053,42660,5302060,"IFA Seattle-Tacoma-Bellevue, WA",0.0,no cell in the extract: territory at zero opportunity
ifa_pac_k5,98304,ifa,WA,IFA,IFA_05,IFA,,53053,42660,5303005,"IFA Seattle-Tacoma-Bellevue, WA",0.0,no cell in the extract: territory at zero opportunity
ifa_pac_k5,98305,ifa,WA,IFA,IFA_05,IFA,,53009,38820,,"IFA Seattle-Tacoma-Bellevue, WA",0.0,no cell in the extract: territory at zero opportunity
ifa_pac_k5,98310,ifa,WA,IFA,IFA_05,IFA,,53035,14740,5307695,"IFA Seattle-Tacoma-Bellevue, WA",0.0,no cell in the extract: territory at zero opportunity
ifa_pac_k5,98311,ifa,WA,IFA,IFA_05,IFA,,53035,14740,5372205,"IFA Seattle-Tacoma-Bellevue, WA",0.0,no cell in the extract: territory at zero opportunity
ifa_pac_k5,98312,ifa,WA,IFA,IFA_05,IFA,,53035,14740,5307695,"IFA Seattle-Tacoma-Bellevue, WA",0.657242,
ifa_pac_k5,98314,ifa,WA,IFA,IFA_05,IFA,,53035,14740,5307695,"IFA Seattle-Tacoma-Bellevue, WA",0.0,no cell in the extract: territory at zero opportunity
ifa_pac_k5,98315,ifa,WA,IFA,IFA_05,IFA,,53035,14740,5304100,"IFA Seattle-Tacoma-Bellevue, WA",0.0,no cell in the extract: territory at zero opportunity
ifa_pac_k5,98320,ifa,WA,IFA,IFA_05,IFA,,53031,39040,5308080,"IFA Seattle-Tacoma-Bellevue, WA",0.0,no cell in the extract: territory at zero opportunity
ifa_pac_k5,98321,ifa,WA,IFA,IFA_05,IFA,,53053,42660,5308570,"IFA Seattle-Tacoma-Bellevue, WA",0.0,no cell in the extract: territory at zero opportunity
ifa_pac_k5,98323,ifa,WA,IFA,IFA_05,IFA,,53053,42660,5309970,"IFA Seattle-Tacoma-Bellevue, WA",0.0,no cell in the extract: territory at zero opportunity
ifa_pac_k5,98325,ifa,WA,IFA,IFA_05,IFA,,53031,39040,5355620,"IFA Seattle-Tacoma-Bellevue, WA",0.0,no cell in the extract: territory at zero opportunity
ifa_pac_k5,98326,ifa,WA,IFA,IFA_05,IFA,,53009,38820,5312525,"IFA Seattle-Tacoma-Bellevue, WA",0.0,no cell in the extract: territory at zero opportunity
ifa_pac_k5,98327,ifa,WA,IFA,IFA_05,IFA,,53053,42660,5318965,"IFA Seattle-Tacoma-Bellevue, WA",1.26855,
ifa_pac_k5,98328,ifa,WA,IFA,IFA_05,IFA,,53053,42660,5312820,"IFA Seattle-Tacoma-Bellevue, WA",0.0,no cell in the extract: territory at zero opportunity
ifa_pac_k5,98329,ifa,WA,IFA,IFA_05,IFA,,53053,42660,5335555,"IFA Seattle-Tacoma-Bellevue, WA",0.903777,
ifa_pac_k5,98330,ifa,WA,IFA,IFA_05,IFA,,53053,42660,,"IFA Seattle-Tacoma-Bellevue, WA",0.0,no cell in the extract: territory at zero opportunity
ifa_pac_k5,98331,ifa,WA,IFA,IFA_05,IFA,,53031,39040,5324810,"IFA Seattle-Tacoma-Bellevue, WA",0.0,no cell in the extract: territory at zero opportunity
ifa_pac_k5,98332,ifa,WA,IFA,IFA_05,IFA,,53053,42660,5343255,"IFA Seattle-Tacoma-Bellevue, WA",1.18985,
ifa_pac_k5,98333,ifa,WA,IFA,IFA_05,IFA,,53053,42660,5325370,"IFA Seattle-Tacoma-Bellevue, WA",0.00279203,
ifa_pac_k5,98335,ifa,WA,IFA,IFA_05,IFA,,53053,42660,5302910,"IFA Seattle-Tacoma-Bellevue, WA",5.83151,
ifa_pac_k5,98336,ifa,WA,IFA,IFA_05,IFA,,53041,16500,,"IFA Seattle-Tacoma-Bellevue, WA",0.0,no cell in the extract: territory at zero opportunity
ifa_pac_k5,98337,ifa,WA,IFA,IFA_05,IFA,,53035,14740,5307695,"IFA Seattle-Tacoma-Bellevue, WA",2.77243,
ifa_pac_k5,98338,ifa,WA,IFA,IFA_05,IFA,,53053,42660,5327785,"IFA Seattle-Tacoma-Bellevue, WA",0.0,no cell in the extract: territory at zero opportunity
ifa_pac_k5,98339,ifa,WA,IFA,IFA_05,IFA,,53031,39040,5355620,"IFA Seattle-Tacoma-Bellevue, WA",0.0,no cell in the extract: territory at zero opportunity
ifa_pac_k5,98340,ifa,WA,IFA,IFA_05,IFA,,53035,14740,5329430,"IFA Seattle-Tacoma-Bellevue, WA",0.0,no cell in the extract: territory at zero opportunity
ifa_pac_k5,98342,ifa,WA,IFA,IFA_05,IFA,,53035,14740,5333280,"IFA Seattle-Tacoma-Bellevue, WA",0.0,no cell in the extract: territory at zero opportunity
ifa_pac_k5,98345,ifa,WA,IFA,IFA_05,IFA,,53035,14740,5335625,"IFA Seattle-Tacoma-Bellevue, WA",0.0,no cell in the extract: territory at zero opportunity
ifa_pac_k5,98346,ifa,WA,IFA,IFA_05,IFA,,53035,14740,5355612,"IFA Seattle-Tacoma-Bellevue, WA",0.0,no cell in the extract: territory at zero opportunity
ifa_pac_k5,98349,ifa,WA,IFA,IFA_05,IFA,,53053,42660,5340105,"IFA Seattle-Tacoma-Bellevue, WA",0.0,no cell in the extract: territory at zero opportunity
ifa_pac_k5,98350,ifa,WA,IFA,IFA_05,IFA,,53009,38820,,"IFA Seattle-Tacoma-Bellevue, WA",0.0,no cell in the extract: territory at zero opportunity
ifa_pac_k5,98351,ifa,WA,IFA,IFA_05,IFA,,53053,42660,5340105,"IFA Seattle-Tacoma-Bellevue, WA",0.0,no cell in the extract: territory at zero opportunity
ifa_pac_k5,98353,ifa,WA,IFA,IFA_05,IFA,,53035,14740,,"IFA Seattle-Tacoma-Bellevue, WA",0.0,no cell in the extract: territory at zero opportunity
ifa_pac_k5,98354,ifa,WA,IFA,IFA_05,IFA,,53053,42660,5346020,"IFA Seattle-Tacoma-Bellevue, WA",0.0,no cell in the extract: territory at zero opportunity
ifa_pac_k5,98355,ifa,WA,IFA,IFA_05,IFA,,53041,16500,5346090,"IFA Seattle-Tacoma-Bellevue, WA",0.0,no cell in the extract: territory at zero opportunity
ifa_pac_k5,98356,ifa,WA,IFA,IFA_05,IFA,,53041,16500,5347175,"IFA Seattle-Tacoma-Bellevue, WA",0.0,no cell in the extract: territory at zero opportunity
ifa_pac_k5,98357,ifa,WA,IFA,IFA_05,IFA,,53009,38820,5348295,"IFA Seattle-Tacoma-Bellevue, WA",0.0,no cell in the extract: territory at zero opportunity
ifa_pac_k5,98358,ifa,WA,IFA,IFA_05,IFA,,53031,39040,5343762,"IFA Seattle-Tacoma-Bellevue, WA",0.0,no cell in the extract: territory at zero opportunity
ifa_pac_k5,98359,ifa,WA,IFA,IFA_05,IFA,,53035,14740,5308885,"IFA Seattle-Tacoma-Bellevue, WA",0.0,no cell in the extract: territory at zero opportunity
ifa_pac_k5,98360,ifa,WA,IFA,IFA_05,IFA,,53053,42660,5315780,"IFA Seattle-Tacoma-Bellevue, WA",0.0,no cell in the extract: territory at zero opportunity
ifa_pac_k5,98361,ifa,WA,IFA,IFA_05,IFA,,53041,16500,5352600,"IFA Seattle-Tacoma-Bellevue, WA",0.0,no cell in the extract: territory at zero opportunity
ifa_pac_k5,98362,ifa,WA,IFA,IFA_05,IFA,,53009,38820,5355365,"IFA Seattle-Tacoma-Bellevue, WA",0.572958,
ifa_pac_k5,98363,ifa,WA,IFA,IFA_05,IFA,,53009,38820,5355365,"IFA Seattle-Tacoma-Bellevue, WA",0.0,no cell in the extract: territory at zero opportunity
ifa_pac_k5,98364,ifa,WA,IFA,IFA_05,IFA,,53035,14740,,"IFA Seattle-Tacoma-Bellevue, WA",0.0,no cell in the extract: territory at zero opportunity
ifa_pac_k5,98365,ifa,WA,IFA,IFA_05,IFA,,53031,39040,5355645,"IFA Seattle-Tacoma-Bellevue, WA",0.0,no cell in the extract: territory at zero opportunity
ifa_pac_k5,98366,ifa,WA,IFA,IFA_05,IFA,,53035,14740,5355785,"IFA Seattle-Tacoma-Bellevue, WA",1.78293,
ifa_pac_k5,98367,ifa,WA,IFA,IFA_05,IFA,,53035,14740,5355785,"IFA Seattle-Tacoma-Bellevue, WA",0.0,no cell in the extract: territory at zero opportunity
ifa_pac_k5,98368,ifa,WA,IFA,IFA_05,IFA,,53031,39040,5355855,"IFA Seattle-Tacoma-Bellevue, WA",0.706223,
ifa_pac_k5,98370,ifa,WA,IFA,IFA_05,IFA,,53035,14740,5369170,"IFA Seattle-Tacoma-Bellevue, WA",0.672456,
ifa_pac_k5,98371,ifa,WA,IFA,IFA_05,IFA,,53053,42660,5356695,"IFA Seattle-Tacoma-Bellevue, WA",0.0,no cell in the extract: territory at zero opportunity
ifa_pac_k5,98372,ifa,WA,IFA,IFA_05,IFA,,53053,42660,5320645,"IFA Seattle-Tacoma-Bellevue, WA",1.41162,
ifa_pac_k5,98373,ifa,WA,IFA,IFA_05,IFA,,53053,42660,5365922,"IFA Seattle-Tacoma-Bellevue, WA",0.366286,
ifa_pac_k5,98374,ifa,WA,IFA,IFA_05,IFA,,53053,42660,5365922,"IFA Seattle-Tacoma-Bellevue, WA",0.000676133,
ifa_pac_k5,98375,ifa,WA,IFA,IFA_05,IFA,,53053,42660,5365922,"IFA Seattle-Tacoma-Bellevue, WA",0.0,no cell in the extract: territory at zero opportunity
ifa_pac_k5,98376,ifa,WA,IFA,IFA_05,IFA,,53031,39040,5356975,"IFA Seattle-Tacoma-Bellevue, WA",0.0,no cell in the extract: territory at zero opportunity
ifa_pac_k5,98377,ifa,WA,IFA,IFA_05,IFA,,53041,16500,5352600,"IFA Seattle-Tacoma-Bellevue, WA",0.0,no cell in the extract: territory at zero opportunity
ifa_pac_k5,98380,ifa,WA,IFA,IFA_05,IFA,,53035,14740,5362120,"IFA Seattle-Tacoma-Bellevue, WA",0.0,no cell in the extract: territory at zero opportunity
ifa_pac_k5,98381,ifa,WA,IFA,IFA_05,IFA,,53009,38820,5363245,"IFA Seattle-Tacoma-Bellevue, WA",0.0,no cell in the extract: territory at zero opportunity
ifa_pac_k5,98382,ifa,WA,IFA,IFA_05,IFA,,53009,38820,5363385,"IFA Seattle-Tacoma-Bellevue, WA",3.11807,
ifa_pac_k5,98383,ifa,WA,IFA,IFA_05,IFA,,53035,14740,5364365,"IFA Seattle-Tacoma-Bellevue, WA",1.35488,
ifa_pac_k5,98385,ifa,WA,IFA,IFA_05,IFA,,53053,42660,5366045,"IFA Seattle-Tacoma-Bellevue, WA",0.0,no cell in the extract: territory at zero opportunity
ifa_pac_k5,98387,ifa,WA,IFA,IFA_05,IFA,,53053,42660,5366255,"IFA Seattle-Tacoma-Bellevue, WA",0.0,no cell in the extract: territory at zero opportunity
ifa_pac_k5,98388,ifa,WA,IFA,IFA_05,IFA,,53053,42660,5367770,"IFA Seattle-Tacoma-Bellevue, WA",0.0,no cell in the extract: territory at zero opportunity
ifa_pac_k5,98390,ifa,WA,IFA,IFA_05,IFA,,53053,42660,5368435,"IFA Seattle-Tacoma-Bellevue, WA",0.0,no cell in the extract: territory at zero opportunity
ifa_pac_k5,98391,ifa,WA,IFA,IFA_05,IFA,,53053,42660,5337920,"IFA Seattle-Tacoma-Bellevue, WA",0.0,no cell in the extract: territory at zero opportunity
ifa_pac_k5,98392,ifa,WA,IFA,IFA_05,IFA,,53035,14740,5369170,"IFA Seattle-Tacoma-Bellevue, WA",0.0,no cell in the extract: territory at zero opportunity
ifa_pac_k5,98394,ifa,WA,IFA,IFA_05,IFA,,53053,42660,5335555,"IFA Seattle-Tacoma-Bellevue, WA",0.0,no cell in the extract: territory at zero opportunity
ifa_pac_k5,98396,ifa,WA,IFA,IFA_05,IFA,,53053,42660,5378925,"IFA Seattle-Tacoma-Bellevue, WA",0.0,no cell in the extract: territory at zero opportunity
ifa_pac_k5,98402,ifa,WA,IFA,IFA_05,IFA,,53053,42660,5370000,"IFA Seattle-Tacoma-Bellevue, WA",12.8363,
ifa_pac_k5,98403,ifa,WA,IFA,IFA_05,IFA,,53053,42660,5370000,"IFA Seattle-Tacoma-Bellevue, WA",0.0,no cell in the extract: territory at zero opportunity
ifa_pac_k5,98404,ifa,WA,IFA,IFA_05,IFA,,53053,42660,5370000,"IFA Seattle-Tacoma-Bellevue, WA",0.0,no cell in the extract: territory at zero opportunity
ifa_pac_k5,98405,ifa,WA,IFA,IFA_05,IFA,,53053,42660,5370000,"IFA Seattle-Tacoma-Bellevue, WA",0.0,no cell in the extract: territory at zero opportunity
ifa_pac_k5,98406,ifa,WA,IFA,IFA_05,IFA,,53053,42660,5370000,"IFA Seattle-Tacoma-Bellevue, WA",8.51671,
ifa_pac_k5,98407,ifa,WA,IFA,IFA_05,IFA,,53053,42660,5370000,"IFA Seattle-Tacoma-Bellevue, WA",1.25258,
ifa_pac_k5,98408,ifa,WA,IFA,IFA_05,IFA,,53053,42660,5370000,"IFA Seattle-Tacoma-Bellevue, WA",0.0,no cell in the extract: territory at zero opportunity
ifa_pac_k5,98409,ifa,WA,IFA,IFA_05,IFA,,53053,42660,5370000,"IFA Seattle-Tacoma-Bellevue, WA",2.44276,
ifa_pac_k5,98416,ifa,WA,IFA,IFA_05,IFA,,53053,42660,5370000,"IFA Seattle-Tacoma-Bellevue, WA",0.0,no cell in the extract: territory at zero opportunity
ifa_pac_k5,98418,ifa,WA,IFA,IFA_05,IFA,,53053,42660,5370000,"IFA Seattle-Tacoma-Bellevue, WA",0.0,no cell in the extract: territory at zero opportunity
ifa_pac_k5,98421,ifa,WA,IFA,IFA_05,IFA,,53053,42660,5370000,"IFA Seattle-Tacoma-Bellevue, WA",0.0,no cell in the extract: territory at zero opportunity
ifa_pac_k5,98422,ifa,WA,IFA,IFA_05,IFA,,53053,42660,5370000,"IFA Seattle-Tacoma-Bellevue, WA",0.043494,
ifa_pac_k5,98424,ifa,WA,IFA,IFA_05,IFA,,53053,42660,5323795,"IFA Seattle-Tacoma-Bellevue, WA",0.0,no cell in the extract: territory at zero opportunity
ifa_pac_k5,98430,ifa,WA,IFA,IFA_05,IFA,,53053,42660,,"IFA Seattle-Tacoma-Bellevue, WA",0.0,no cell in the extract: territory at zero opportunity
ifa_pac_k5,98433,ifa,WA,IFA,IFA_05,IFA,,53053,42660,5324915,"IFA Seattle-Tacoma-Bellevue, WA",0.0,no cell in the extract: territory at zero opportunity
ifa_pac_k5,98438,ifa,WA,IFA,IFA_05,IFA,,53053,42660,5341155,"IFA Seattle-Tacoma-Bellevue, WA",0.0,no cell in the extract: territory at zero opportunity
ifa_pac_k5,98439,ifa,WA,IFA,IFA_05,IFA,,53053,42660,5341155,"IFA Seattle-Tacoma-Bellevue, WA",0.0,no cell in the extract: territory at zero opportunity
ifa_pac_k5,98443,ifa,WA,IFA,IFA_05,IFA,,53053,42660,5375905,"IFA Seattle-Tacoma-Bellevue, WA",0.0,no cell in the extract: territory at zero opportunity
ifa_pac_k5,98444,ifa,WA,IFA,IFA_05,IFA,,53053,42660,5353335,"IFA Seattle-Tacoma-Bellevue, WA",0.206817,
ifa_pac_k5,98445,ifa,WA,IFA,IFA_05,IFA,,53053,42660,5353335,"IFA Seattle-Tacoma-Bellevue, WA",0.103423,
ifa_pac_k5,98446,ifa,WA,IFA,IFA_05,IFA,,53053,42660,5313215,"IFA Seattle-Tacoma-Bellevue, WA",0.0,no cell in the extract: territory at zero opportunity
ifa_pac_k5,98447,ifa,WA,IFA,IFA_05,IFA,,53053,42660,5353335,"IFA Seattle-Tacoma-Bellevue, WA",0.0,no cell in the extract: territory at zero opportunity
ifa_pac_k5,98465,ifa,WA,IFA,IFA_05,IFA,,53053,42660,5370000,"IFA Seattle-Tacoma-Bellevue, WA",0.0,no cell in the extract: territory at zero opportunity
ifa_pac_k5,98466,ifa,WA,IFA,IFA_05,IFA,,53053,42660,5373465,"IFA Seattle-Tacoma-Bellevue, WA",1.388,
ifa_pac_k5,98467,ifa,WA,IFA,IFA_05,IFA,,53053,42660,5373465,"IFA Seattle-Tacoma-Bellevue, WA",0.805703,
ifa_pac_k5,98498,ifa,WA,IFA,IFA_05,IFA,,53053,42660,5338038,"IFA Seattle-Tacoma-Bellevue, WA",0.162094,
ifa_pac_k5,98499,ifa,WA,IFA,IFA_05,IFA,,53053,42660,5338038,"IFA Seattle-Tacoma-Bellevue, WA",12.9414,
ifa_pac_k5,98501,ifa,WA,IFA,IFA_05,IFA,,53067,36500,5372905,"IFA Seattle-Tacoma-Bellevue, WA",1.65884,
ifa_pac_k5,98502,ifa,WA,IFA,IFA_05,IFA,,53067,36500,5351300,"IFA Seattle-Tacoma-Bellevue, WA",0.945816,
ifa_pac_k5,98503,ifa,WA,IFA,IFA_05,IFA,,53067,36500,5336745,"IFA Seattle-Tacoma-Bellevue, WA",9.68585,
ifa_pac_k5,98505,ifa,WA,IFA,IFA_05,IFA,,53067,36500,,"IFA Seattle-Tacoma-Bellevue, WA",0.0,no cell in the extract: territory at zero opportunity
ifa_pac_k5,98506,ifa,WA,IFA,IFA_05,IFA,,53067,36500,5351300,"IFA Seattle-Tacoma-Bellevue, WA",5.95902,
ifa_pac_k5,98512,ifa,WA,IFA,IFA_05,IFA,,53067,36500,5372905,"IFA Seattle-Tacoma-Bellevue, WA",1.28662,
ifa_pac_k5,98513,ifa,WA,IFA,IFA_05,IFA,,53067,36500,5349193,"IFA Seattle-Tacoma-Bellevue, WA",1.45487,
ifa_pac_k5,98516,ifa,WA,IFA,IFA_05,IFA,,53067,36500,5336745,"IFA Seattle-Tacoma-Bellevue, WA",0.307218,
ifa_pac_k5,98520,ifa,WA,IFA,IFA_05,IFA,,53027,10140,5300100,"IFA Seattle-Tacoma-Bellevue, WA",0.40117,
ifa_pac_k5,98524,ifa,WA,IFA,IFA_05,IFA,,53045,43220,5328135,"IFA Seattle-Tacoma-Bellevue, WA",0.0,no cell in the extract: territory at zero opportunity
ifa_pac_k5,98526,ifa,WA,IFA,IFA_05,IFA,,53027,10140,5301780,"IFA Seattle-Tacoma-Bellevue, WA",0.0,no cell in the extract: territory at zero opportunity
ifa_pac_k5,98527,ifa,WA,IFA,IFA_05,IFA,,53049,,5304615,"IFA Seattle-Tacoma-Bellevue, WA",0.0,no cell in the extract: territory at zero opportunity
ifa_pac_k5,98528,ifa,WA,IFA,IFA_05,IFA,,53045,43220,5305140,"IFA Seattle-Tacoma-Bellevue, WA",0.0,no cell in the extract: territory at zero opportunity
ifa_pac_k5,98530,ifa,WA,IFA,IFA_05,IFA,,53067,36500,5308605,"IFA Seattle-Tacoma-Bellevue, WA",0.0,no cell in the extract: territory at zero opportunity
ifa_pac_k5,98531,ifa,WA,IFA,IFA_05,IFA,,53041,16500,5311160,"IFA Seattle-Tacoma-Bellevue, WA",2.16906,
ifa_pac_k5,98532,ifa,WA,IFA,IFA_05,IFA,,53041,16500,5311475,"IFA Seattle-Tacoma-Bellevue, WA",0.0,no cell in the extract: territory at zero opportunity
ifa_pac_k5,98533,ifa,WA,IFA,IFA_05,IFA,,53041,16500,,"IFA Seattle-Tacoma-Bellevue, WA",0.0,no cell in the extract: territory at zero opportunity
ifa_pac_k5,98535,ifa,WA,IFA,IFA_05,IFA,,53027,10140,5314660,"IFA Seattle-Tacoma-Bellevue, WA",0.0,no cell in the extract: territory at zero opportunity
ifa_pac_k5,98536,ifa,WA,IFA,IFA_05,IFA,,53027,10140,5314660,"IFA Seattle-Tacoma-Bellevue, WA",0.0,no cell in the extract: territory at zero opportunity
ifa_pac_k5,98537,ifa,WA,IFA,IFA_05,IFA,,53027,10140,5314870,"IFA Seattle-Tacoma-Bellevue, WA",0.0,no cell in the extract: territory at zero opportunity
ifa_pac_k5,98538,ifa,WA,IFA,IFA_05,IFA,,53041,16500,,"IFA Seattle-Tacoma-Bellevue, WA",0.0,no cell in the extract: territory at zero opportunity
ifa_pac_k5,98539,ifa,WA,IFA,IFA_05,IFA,,53041,16500,,"IFA Seattle-Tacoma-Bellevue, WA",0.0,no cell in the extract: territory at zero opportunity
ifa_pac_k5,98541,ifa,WA,IFA,IFA_05,IFA,,53027,10140,5342345,"IFA Seattle-Tacoma-Bellevue, WA",0.627945,
ifa_pac_k5,98542,ifa,WA,IFA,IFA_05,IFA,,53041,16500,,"IFA Seattle-Tacoma-Bellevue, WA",0.0,no cell in the extract: territory at zero opportunity
ifa_pac_k5,98544,ifa,WA,IFA,IFA_05,IFA,,53041,16500,,"IFA Seattle-Tacoma-Bellevue, WA",0.0,no cell in the extract: territory at zero opportunity
ifa_pac_k5,98546,ifa,WA,IFA,IFA_05,IFA,,53045,43220,5328135,"IFA Seattle-Tacoma-Bellevue, WA",0.0,no cell in the extract: territory at zero opportunity
ifa_pac_k5,98547,ifa,WA,IFA,IFA_05,IFA,,53049,,5328345,"IFA Seattle-Tacoma-Bellevue, WA",0.0,no cell in the extract: territory at zero opportunity
ifa_pac_k5,98548,ifa,WA,IFA,IFA_05,IFA,,53045,43220,5332125,"IFA Seattle-Tacoma-Bellevue, WA",0.0,no cell in the extract: territory at zero opportunity
ifa_pac_k5,98550,ifa,WA,IFA,IFA_05,IFA,,53027,10140,5332300,"IFA Seattle-Tacoma-Bellevue, WA",0.0,no cell in the extract: territory at zero opportunity
ifa_pac_k5,98552,ifa,WA,IFA,IFA_05,IFA,,53027,10140,5332650,"IFA Seattle-Tacoma-Bellevue, WA",0.0,no cell in the extract: territory at zero opportunity
ifa_pac_k5,98555,ifa,WA,IFA,IFA_05,IFA,,53045,43220,,"IFA Seattle-Tacoma-Bellevue, WA",0.0,no cell in the extract: territory at zero opportunity
ifa_pac_k5,98556,ifa,WA,IFA,IFA_05,IFA,,53067,36500,,"IFA Seattle-Tacoma-Bellevue, WA",0.0,no cell in the extract: territory at zero opportunity
ifa_pac_k5,98557,ifa,WA,IFA,IFA_05,IFA,,53027,10140,5341225,"IFA Seattle-Tacoma-Bellevue, WA",0.0,no cell in the extract: territory at zero opportunity
ifa_pac_k5,98558,ifa,WA,IFA,IFA_05,IFA,,53053,42660,5341645,"IFA Seattle-Tacoma-Bellevue, WA",0.0,no cell in the extract: territory at zero opportunity
ifa_pac_k5,98559,ifa,WA,IFA,IFA_05,IFA,,53027,10140,5342345,"IFA Seattle-Tacoma-Bellevue, WA",0.0,no cell in the extract: territory at zero opportunity
ifa_pac_k5,98560,ifa,WA,IFA,IFA_05,IFA,,53045,43220,,"IFA Seattle-Tacoma-Bellevue, WA",0.0,no cell in the extract: territory at zero opportunity
ifa_pac_k5,98562,ifa,WA,IFA,IFA_05,IFA,,53027,10140,5346405,"IFA Seattle-Tacoma-Bellevue, WA",0.0,no cell in the extract: territory at zero opportunity
ifa_pac_k5,98563,ifa,WA,IFA,IFA_05,IFA,,53027,10140,5346895,"IFA Seattle-Tacoma-Bellevue, WA",0.0,no cell in the extract: territory at zero opportunity
ifa_pac_k5,98564,ifa,WA,IFA,IFA_05,IFA,,53041,16500,5347315,"IFA Seattle-Tacoma-Bellevue, WA",0.0,no cell in the extract: territory at zero opportunity
ifa_pac_k5,98565,ifa,WA,IFA,IFA_05,IFA,,53041,16500,5347980,"IFA Seattle-Tacoma-Bellevue, WA",0.0,no cell in the extract: territory at zero opportunity
ifa_pac_k5,98566,ifa,WA,IFA,IFA_05,IFA,,53027,10140,5348330,"IFA Seattle-Tacoma-Bellevue, WA",0.0,no cell in the extract: territory at zero opportunity
ifa_pac_k5,98568,ifa,WA,IFA,IFA_05,IFA,,53027,10140,5350430,"IFA Seattle-Tacoma-Bellevue, WA",0.0,no cell in the extract: territory at zero opportunity
ifa_pac_k5,98569,ifa,WA,IFA,IFA_05,IFA,,53027,10140,5350570,"IFA Seattle-Tacoma-Bellevue, WA",0.289039,
ifa_pac_k5,98570,ifa,WA,IFA,IFA_05,IFA,,53041,16500,5351410,"IFA Seattle-Tacoma-Bellevue, WA",0.0,no cell in the extract: territory at zero opportunity
ifa_pac_k5,98571,ifa,WA,IFA,IFA_05,IFA,,53027,10140,5352530,"IFA Seattle-Tacoma-Bellevue, WA",0.0,no cell in the extract: territory at zero opportunity
ifa_pac_k5,98572,ifa,WA,IFA,IFA_05,IFA,,53041,16500,5353930,"IFA Seattle-Tacoma-Bellevue, WA",0.0,no cell in the extract: territory at zero opportunity
ifa_pac_k5,98575,ifa,WA,IFA,IFA_05,IFA,,53027,10140,,"IFA Seattle-Tacoma-Bellevue, WA",0.0,no cell in the extract: territory at zero opportunity
ifa_pac_k5,98576,ifa,WA,IFA,IFA_05,IFA,,53067,36500,5357220,"IFA Seattle-Tacoma-Bellevue, WA",0.0,no cell in the extract: territory at zero opportunity
ifa_pac_k5,98577,ifa,WA,IFA,IFA_05,IFA,,53049,,5357430,"IFA Seattle-Tacoma-Bellevue, WA",0.0046401,
ifa_pac_k5,98579,ifa,WA,IFA,IFA_05,IFA,,53067,36500,5359110,"IFA Seattle-Tacoma-Bellevue, WA",0.0,no cell in the extract: territory at zero opportunity
ifa_pac_k5,98580,ifa,WA,IFA,IFA_05,IFA,,53053,42660,5365810,"IFA Seattle-Tacoma-Bellevue, WA",0.0,no cell in the extract: territory at zero opportunity
ifa_pac_k5,98581,ifa,WA,IFA,IFA_05,IFA,,53015,31020,5360580,"IFA Seattle-Tacoma-Bellevue, WA",0.0,no cell in the extract: territory at zero opportunity
ifa_pac_k5,98582,ifa,WA,IFA,IFA_05,IFA,,53041,16500,,"IFA Seattle-Tacoma-Bellevue, WA",0.0,no cell in the extract: territory at zero opportunity
ifa_pac_k5,98583,ifa,WA,IFA,IFA_05,IFA,,53027,10140,5361350,"IFA Seattle-Tacoma-Bellevue, WA",0.0,no cell in the extract: territory at zero opportunity
ifa_pac_k5,98584,ifa,WA,IFA,IFA_05,IFA,,53045,43220,5364775,"IFA Seattle-Tacoma-Bellevue, WA",0.29388,
ifa_pac_k5,98585,ifa,WA,IFA,IFA_05,IFA,,53041,16500,,"IFA Seattle-Tacoma-Bellevue, WA",0.0,no cell in the extract: territory at zero opportunity
ifa_pac_k5,98586,ifa,WA,IFA,IFA_05,IFA,,53049,,5365625,"IFA Seattle-Tacoma-Bellevue, WA",0.0,no cell in the extract: territory at zero opportunity
ifa_pac_k5,98587,ifa,WA,IFA,IFA_05,IFA,,53027,10140,5370175,"IFA Seattle-Tacoma-Bellevue, WA",0.0,no cell in the extract: territory at zero opportunity
ifa_pac_k5,98588,ifa,WA,IFA,IFA_05,IFA,,53045,43220,,"IFA Seattle-Tacoma-Bellevue, WA",0.0,no cell in the extract: territory at zero opportunity
ifa_pac_k5,98589,ifa,WA,IFA,IFA_05,IFA,,53067,36500,5370630,"IFA Seattle-Tacoma-Bellevue, WA",0.0,no cell in the extract: territory at zero opportunity
ifa_pac_k5,98590,ifa,WA,IFA,IFA_05,IFA,,53049,,5371680,"IFA Seattle-Tacoma-Bellevue, WA",0.0,no cell in the extract: territory at zero opportunity
ifa_pac_k5,98591,ifa,WA,IFA,IFA_05,IFA,,53041,16500,5371785,"IFA Seattle-Tacoma-Bellevue, WA",0.0,no cell in the extract: territory at zero opportunity
ifa_pac_k5,98592,ifa,WA,IFA,IFA_05,IFA,,53045,43220,5373255,"IFA Seattle-Tacoma-Bellevue, WA",0.0,no cell in the extract: territory at zero opportunity
ifa_pac_k5,98593,ifa,WA,IFA,IFA_05,IFA,,53041,16500,5373780,"IFA Seattle-Tacoma-Bellevue, WA",0.0,no cell in the extract: territory at zero opportunity
ifa_pac_k5,98595,ifa,WA,IFA,IFA_05,IFA,,53027,10140,5377630,"IFA Seattle-Tacoma-Bellevue, WA",0.0,no cell in the extract: territory at zero opportunity
ifa_pac_k5,98596,ifa,WA,IFA,IFA_05,IFA,,53041,16500,5379275,"IFA Seattle-Tacoma-Bellevue, WA",0.0,no cell in the extract: territory at zero opportunity
ifa_pac_k5,98597,ifa,WA,IFA,IFA_05,IFA,,53067,36500,5380220,"IFA Seattle-Tacoma-Bellevue, WA",0.0,no cell in the extract: territory at zero opportunity
ifa_pac_k5,98601,ifa,WA,IFA,IFA_05,IFA,,53011,38900,5301850,"IFA Seattle-Tacoma-Bellevue, WA",0.0,no cell in the extract: territory at zero opportunity
ifa_pac_k5,98602,ifa,WA,IFA,IFA_05,IFA,,53039,,,"IFA Seattle-Tacoma-Bellevue, WA",0.0,no cell in the extract: territory at zero opportunity
ifa_pac_k5,98603,ifa,WA,IFA,IFA_05,IFA,,53015,31020,,"IFA Seattle-Tacoma-Bellevue, WA",0.0,no cell in the extract: territory at zero opportunity
ifa_pac_k5,98604,ifa,WA,IFA,IFA_05,IFA,,53011,38900,5374585,"IFA Seattle-Tacoma-Bellevue, WA",8.70278,
ifa_pac_k5,98605,ifa,WA,IFA,IFA_05,IFA,,53059,38900,5306085,"IFA Seattle-Tacoma-Bellevue, WA",0.0,no cell in the extract: territory at zero opportunity
ifa_pac_k5,98606,ifa,WA,IFA,IFA_05,IFA,,53011,38900,5331530,"IFA Seattle-Tacoma-Bellevue, WA",0.0,no cell in the extract: territory at zero opportunity
ifa_pac_k5,98607,ifa,WA,IFA,IFA_05,IFA,,53011,38900,5309480,"IFA Seattle-Tacoma-Bellevue, WA",20.5405,
ifa_pac_k5,98609,ifa,WA,IFA,IFA_05,IFA,,53015,31020,,"IFA Seattle-Tacoma-Bellevue, WA",0.0,no cell in the extract: territory at zero opportunity
ifa_pac_k5,98610,ifa,WA,IFA,IFA_05,IFA,,53059,38900,5310320,"IFA Seattle-Tacoma-Bellevue, WA",0.0,no cell in the extract: territory at zero opportunity
ifa_pac_k5,98611,ifa,WA,IFA,IFA_05,IFA,,53015,31020,5310565,"IFA Seattle-Tacoma-Bellevue, WA",0.0,no cell in the extract: territory at zero opportunity
ifa_pac_k5,98612,ifa,WA,IFA,IFA_05,IFA,,53069,,5356555,"IFA Seattle-Tacoma-Bellevue, WA",0.0,no cell in the extract: territory at zero opportunity
ifa_pac_k5,98613,ifa,WA,IFA,IFA_05,IFA,,53039,,5311090,"IFA Seattle-Tacoma-Bellevue, WA",0.0,no cell in the extract: territory at zero opportunity
ifa_pac_k5,98614,ifa,WA,IFA,IFA_05,IFA,,53049,,5312315,"IFA Seattle-Tacoma-Bellevue, WA",0.0,no cell in the extract: territory at zero opportunity
ifa_pac_k5,98616,ifa,WA,IFA,IFA_05,IFA,,53059,38900,5315010,"IFA Seattle-Tacoma-Bellevue, WA",0.0,no cell in the extract: territory at zero opportunity
ifa_pac_k5,98617,ifa,WA,IFA,IFA_05,IFA,,53039,,5316550,"IFA Seattle-Tacoma-Bellevue, WA",0.0,no cell in the extract: territory at zero opportunity
ifa_pac_k5,98619,ifa,WA,IFA,IFA_05,IFA,,53039,,5327225,"IFA Seattle-Tacoma-Bellevue, WA",0.0,no cell in the extract: territory at zero opportunity
ifa_pac_k5,98620,ifa,WA,IFA,IFA_05,IFA,,53039,,5327435,"IFA Seattle-Tacoma-Bellevue, WA",0.0,no cell in the extract: territory at zero opportunity
ifa_pac_k5,98621,ifa,WA,IFA,IFA_05,IFA,,53049,,5328450,"IFA Seattle-Tacoma-Bellevue, WA",0.0,no cell in the extract: territory at zero opportunity
ifa_pac_k5,98623,ifa,WA,IFA,IFA_05,IFA,,53039,,,"IFA Seattle-Tacoma-Bellevue, WA",0.0,no cell in the extract: territory at zero opportunity
ifa_pac_k5,98624,ifa,WA,IFA,IFA_05,IFA,,53049,,5333000,"IFA Seattle-Tacoma-Bellevue, WA",0.0782182,
ifa_pac_k5,98625,ifa,WA,IFA,IFA_05,IFA,,53015,31020,5334645,"IFA Seattle-Tacoma-Bellevue, WA",0.0,no cell in the extract: territory at zero opportunity
ifa_pac_k5,98626,ifa,WA,IFA,IFA_05,IFA,,53015,31020,5335065,"IFA Seattle-Tacoma-Bellevue, WA",0.0296259,
ifa_pac_k5,98628,ifa,WA,IFA,IFA_05,IFA,,53039,,5336115,"IFA Seattle-Tacoma-Bellevue, WA",0.0,no cell in the extract: territory at zero opportunity
ifa_pac_k5,98629,ifa,WA,IFA,IFA_05,IFA,,53011,38900,5336710,"IFA Seattle-Tacoma-Bellevue, WA",0.0,no cell in the extract: territory at zero opportunity
ifa_pac_k5,98631,ifa,WA,IFA,IFA_05,IFA,,53049,,5340070,"IFA Seattle-Tacoma-Bellevue, WA",0.0,no cell in the extract: territory at zero opportunity
ifa_pac_k5,98632,ifa,WA,IFA,IFA_05,IFA,,53015,31020,5340245,"IFA Seattle-Tacoma-Bellevue, WA",5.02003,
ifa_pac_k5,98635,ifa,WA,IFA,IFA_05,IFA,,53039,,5316550,"IFA Seattle-Tacoma-Bellevue, WA",0.0,no cell in the extract: territory at zero opportunity
ifa_pac_k5,98638,ifa,WA,IFA,IFA_05,IFA,,53049,,5317215,"IFA Seattle-Tacoma-Bellevue, WA",0.0,no cell in the extract: territory at zero opportunity
ifa_pac_k5,98639,ifa,WA,IFA,IFA_05,IFA,,53059,38900,5349555,"IFA Seattle-Tacoma-Bellevue, WA",0.0,no cell in the extract: territory at zero opportunity
ifa_pac_k5,98640,ifa,WA,IFA,IFA_05,IFA,,53049,,5350535,"IFA Seattle-Tacoma-Bellevue, WA",0.223054,
ifa_pac_k5,98641,ifa,WA,IFA,IFA_05,IFA,,53049,,,"IFA Seattle-Tacoma-Bellevue, WA",0.0,no cell in the extract: territory at zero opportunity
ifa_pac_k5,98642,ifa,WA,IFA,IFA_05,IFA,,53011,38900,5358410,"IFA Seattle-Tacoma-Bellevue, WA",1.26728,
ifa_pac_k5,98643,ifa,WA,IFA,IFA_05,IFA,,53069,,5359845,"IFA Seattle-Tacoma-Bellevue, WA",0.0,no cell in the extract: territory at zero opportunity
ifa_pac_k5,98644,ifa,WA,IFA,IFA_05,IFA,,53049,,,"IFA Seattle-Tacoma-Bellevue, WA",0.0,no cell in the extract: territory at zero opportunity
ifa_pac_k5,98645,ifa,WA,IFA,IFA_05,IFA,,53015,31020,,"IFA Seattle-Tacoma-Bellevue, WA",0.0,no cell in the extract: territory at zero opportunity
ifa_pac_k5,98647,ifa,WA,IFA,IFA_05,IFA,,53069,,5364755,"IFA Seattle-Tacoma-Bellevue, WA",0.0,no cell in the extract: territory at zero opportunity
ifa_pac_k5,98648,ifa,WA,IFA,IFA_05,IFA,,53059,38900,5367875,"IFA Seattle-Tacoma-Bellevue, WA",0.0,no cell in the extract: territory at zero opportunity
ifa_pac_k5,98649,ifa,WA,IFA,IFA_05,IFA,,53015,31020,,"IFA Seattle-Tacoma-Bellevue, WA",0.0,no cell in the extract: territory at zero opportunity
ifa_pac_k5,98650,ifa,WA,IFA,IFA_05,IFA,,53039,,5372450,"IFA Seattle-Tacoma-Bellevue, WA",0.0,no cell in the extract: territory at zero opportunity
ifa_pac_k5,98651,ifa,WA,IFA,IFA_05,IFA,,53059,38900,,"IFA Seattle-Tacoma-Bellevue, WA",0.0,no cell in the extract: territory at zero opportunity
ifa_pac_k5,98660,ifa,WA,IFA,IFA_05,IFA,,53011,38900,5374060,"IFA Seattle-Tacoma-Bellevue, WA",3.47358,
ifa_pac_k5,98661,ifa,WA,IFA,IFA_05,IFA,,53011,38900,5374060,"IFA Seattle-Tacoma-Bellevue, WA",2.98697,
ifa_pac_k5,98662,ifa,WA,IFA,IFA_05,IFA,,53011,38900,5324188,"IFA Seattle-Tacoma-Bellevue, WA",1.71247,
ifa_pac_k5,98663,ifa,WA,IFA,IFA_05,IFA,,53011,38900,5374060,"IFA Seattle-Tacoma-Bellevue, WA",0.123494,
ifa_pac_k5,98664,ifa,WA,IFA,IFA_05,IFA,,53011,38900,5374060,"IFA Seattle-Tacoma-Bellevue, WA",1.52326,
ifa_pac_k5,98665,ifa,WA,IFA,IFA_05,IFA,,53011,38900,5330305,"IFA Seattle-Tacoma-Bellevue, WA",1.5565,
ifa_pac_k5,98670,ifa,WA,IFA,IFA_05,IFA,,53039,,,"IFA Seattle-Tacoma-Bellevue, WA",0.0,no cell in the extract: territory at zero opportunity
ifa_pac_k5,98671,ifa,WA,IFA,IFA_05,IFA,,53059,38900,5376405,"IFA Seattle-Tacoma-Bellevue, WA",0.0,no cell in the extract: territory at zero opportunity
ifa_pac_k5,98672,ifa,WA,IFA,IFA_05,IFA,,53039,,5378330,"IFA Seattle-Tacoma-Bellevue, WA",3.21613,
ifa_pac_k5,98673,ifa,WA,IFA,IFA_05,IFA,,53039,,5379485,"IFA Seattle-Tacoma-Bellevue, WA",0.0,no cell in the extract: territory at zero opportunity
ifa_pac_k5,98674,ifa,WA,IFA,IFA_05,IFA,,53015,31020,5379625,"IFA Seattle-Tacoma-Bellevue, WA",0.0,no cell in the extract: territory at zero opportunity
ifa_pac_k5,98675,ifa,WA,IFA,IFA_05,IFA,,53011,38900,5301850,"IFA Seattle-Tacoma-Bellevue, WA",0.176945,
ifa_pac_k5,98682,ifa,WA,IFA,IFA_05,IFA,,53011,38900,5374060,"IFA Seattle-Tacoma-Bellevue, WA",0.445413,
ifa_pac_k5,98683,ifa,WA,IFA,IFA_05,IFA,,53011,38900,5374060,"IFA Seattle-Tacoma-Bellevue, WA",2.38846,
ifa_pac_k5,98684,ifa,WA,IFA,IFA_05,IFA,,53011,38900,5374060,"IFA Seattle-Tacoma-Bellevue, WA",9.33306,
ifa_pac_k5,98685,ifa,WA,IFA,IFA_05,IFA,,53011,38900,5361000,"IFA Seattle-Tacoma-Bellevue, WA",3.42315,
ifa_pac_k5,98686,ifa,WA,IFA,IFA_05,IFA,,53011,38900,5347630,"IFA Seattle-Tacoma-Bellevue, WA",0.107386,
ifa_pac_k5,98801,ifa,WA,IFA,IFA_05,IFA,,53007,48300,5377105,"IFA Seattle-Tacoma-Bellevue, WA",7.06511,
ifa_pac_k5,98802,ifa,WA,IFA,IFA_05,IFA,,53017,48300,5320155,"IFA Seattle-Tacoma-Bellevue, WA",2.21635,
ifa_pac_k5,98811,ifa,WA,IFA,IFA_05,IFA,,53007,48300,,"IFA Seattle-Tacoma-Bellevue, WA",0.0,no cell in the extract: territory at zero opportunity
ifa_pac_k5,98812,ifa,WA,IFA,IFA_05,IFA,,53047,,5307835,"IFA Seattle-Tacoma-Bellevue, WA",0.0,no cell in the extract: territory at zero opportunity
ifa_pac_k5,98813,ifa,WA,IFA,IFA_05,IFA,,53017,48300,5307870,"IFA Seattle-Tacoma-Bellevue, WA",0.0,no cell in the extract: territory at zero opportunity
ifa_pac_k5,98814,ifa,WA,IFA,IFA_05,IFA,,53047,,,"IFA Seattle-Tacoma-Bellevue, WA",0.0,no cell in the extract: territory at zero opportunity
ifa_pac_k5,98815,ifa,WA,IFA,IFA_05,IFA,,53007,48300,5310495,"IFA Seattle-Tacoma-Bellevue, WA",0.0676133,
ifa_pac_k5,98816,ifa,WA,IFA,IFA_05,IFA,,53007,48300,5311615,"IFA Seattle-Tacoma-Bellevue, WA",0.0,no cell in the extract: territory at zero opportunity
ifa_pac_k5,98817,ifa,WA,IFA,IFA_05,IFA,,53007,48300,5311685,"IFA Seattle-Tacoma-Bellevue, WA",0.0,no cell in the extract: territory at zero opportunity
ifa_pac_k5,98819,ifa,WA,IFA,IFA_05,IFA,,53047,,5314310,"IFA Seattle-Tacoma-Bellevue, WA",0.0,no cell in the extract: territory at zero opportunity
ifa_pac_k5,98821,ifa,WA,IFA,IFA_05,IFA,,53007,48300,,"IFA Seattle-Tacoma-Bellevue, WA",0.0,no cell in the extract: territory at zero opportunity
ifa_pac_k5,98822,ifa,WA,IFA,IFA_05,IFA,,53007,48300,5322010,"IFA Seattle-Tacoma-Bellevue, WA",0.0,no cell in the extract: territory at zero opportunity
ifa_pac_k5,98823,ifa,WA,IFA,IFA_05,IFA,,53025,34180,5322080,"IFA Seattle-Tacoma-Bellevue, WA",4.1468,
ifa_pac_k5,98824,ifa,WA,IFA,IFA_05,IFA,,53025,34180,5326455,"IFA Seattle-Tacoma-Bellevue, WA",0.0,no cell in the extract: territory at zero opportunity
ifa_pac_k5,98826,ifa,WA,IFA,IFA_05,IFA,,53007,48300,5338845,"IFA Seattle-Tacoma-Bellevue, WA",0.0,no cell in the extract: territory at zero opportunity
ifa_pac_k5,98827,ifa,WA,IFA,IFA_05,IFA,,53047,,5340350,"IFA Seattle-Tacoma-Bellevue, WA",0.0,no cell in the extract: territory at zero opportunity
ifa_pac_k5,98828,ifa,WA,IFA,IFA_05,IFA,,53007,48300,,"IFA Seattle-Tacoma-Bellevue, WA",0.0,no cell in the extract: territory at zero opportunity
ifa_pac_k5,98829,ifa,WA,IFA,IFA_05,IFA,,53047,,5342380,"IFA Seattle-Tacoma-Bellevue, WA",0.0,no cell in the extract: territory at zero opportunity
ifa_pac_k5,98830,ifa,WA,IFA,IFA_05,IFA,,53017,48300,5342800,"IFA Seattle-Tacoma-Bellevue, WA",0.0,no cell in the extract: territory at zero opportunity
ifa_pac_k5,98831,ifa,WA,IFA,IFA_05,IFA,,53007,48300,5342835,"IFA Seattle-Tacoma-Bellevue, WA",0.0,no cell in the extract: territory at zero opportunity
ifa_pac_k5,98832,ifa,WA,IFA,IFA_05,IFA,,53025,34180,5336395,"IFA Seattle-Tacoma-Bellevue, WA",0.0,no cell in the extract: territory at zero opportunity
ifa_pac_k5,98833,ifa,WA,IFA,IFA_05,IFA,,53047,,,"IFA Seattle-Tacoma-Bellevue, WA",0.0,no cell in the extract: territory at zero opportunity
ifa_pac_k5,98834,ifa,WA,IFA,IFA_05,IFA,,53047,,5345355,"IFA Seattle-Tacoma-Bellevue, WA",0.0,no cell in the extract: territory at zero opportunity
ifa_pac_k5,98836,ifa,WA,IFA,IFA_05,IFA,,53007,48300,,"IFA Seattle-Tacoma-Bellevue, WA",0.0,no cell in the extract: territory at zero opportunity
ifa_pac_k5,98837,ifa,WA,IFA,IFA_05,IFA,,53025,34180,5347245,"IFA Seattle-Tacoma-Bellevue, WA",0.0,no cell in the extract: territory at zero opportunity
ifa_pac_k5,98840,ifa,WA,IFA,IFA_05,IFA,,53047,,5350920,"IFA Seattle-Tacoma-Bellevue, WA",0.0,no cell in the extract: territory at zero opportunity
ifa_pac_k5,98841,ifa,WA,IFA,IFA_05,IFA,,53047,,5350007,"IFA Seattle-Tacoma-Bellevue, WA",0.0,no cell in the extract: territory at zero opportunity
ifa_pac_k5,98843,ifa,WA,IFA,IFA_05,IFA,,53017,48300,,"IFA Seattle-Tacoma-Bellevue, WA",0.0,no cell in the extract: territory at zero opportunity
ifa_pac_k5,98844,ifa,WA,IFA,IFA_05,IFA,,53047,,5351970,"IFA Seattle-Tacoma-Bellevue, WA",0.178111,
ifa_pac_k5,98845,ifa,WA,IFA,IFA_05,IFA,,53017,48300,,"IFA Seattle-Tacoma-Bellevue, WA",0.0,no cell in the extract: territory at zero opportunity
ifa_pac_k5,98846,ifa,WA,IFA,IFA_05,IFA,,53047,,5353720,"IFA Seattle-Tacoma-Bellevue, WA",0.0,no cell in the extract: territory at zero opportunity
ifa_pac_k5,98847,ifa,WA,IFA,IFA_05,IFA,,53007,48300,,"IFA Seattle-Tacoma-Bellevue, WA",0.0,no cell in the extract: territory at zero opportunity
ifa_pac_k5,98848,ifa,WA,IFA,IFA_05,IFA,,53025,34180,5357115,"IFA Seattle-Tacoma-Bellevue, WA",0.0,no cell in the extract: territory at zero opportunity
ifa_pac_k5,98849,ifa,WA,IFA,IFA_05,IFA,,53047,,5358795,"IFA Seattle-Tacoma-Bellevue, WA",0.0,no cell in the extract: territory at zero opportunity
ifa_pac_k5,98850,ifa,WA,IFA,IFA_05,IFA,,53017,48300,5359180,"IFA Seattle-Tacoma-Bellevue, WA",0.0,no cell in the extract: territory at zero opportunity
ifa_pac_k5,98851,ifa,WA,IFA,IFA_05,IFA,,53025,34180,5365345,"IFA Seattle-Tacoma-Bellevue, WA",0.0,no cell in the extract: territory at zero opportunity
ifa_pac_k5,98852,ifa,WA,IFA,IFA_05,IFA,,53007,48300,,"IFA Seattle-Tacoma-Bellevue, WA",0.0,no cell in the extract: territory at zero opportunity
ifa_pac_k5,98853,ifa,WA,IFA,IFA_05,IFA,,53025,34180,,"IFA Seattle-Tacoma-Bellevue, WA",0.0,no cell in the extract: territory at zero opportunity
ifa_pac_k5,98855,ifa,WA,IFA,IFA_05,IFA,,53047,,5371890,"IFA Seattle-Tacoma-Bellevue, WA",0.0,no cell in the extract: territory at zero opportunity
ifa_pac_k5,98856,ifa,WA,IFA,IFA_05,IFA,,53047,,5373080,"IFA Seattle-Tacoma-Bellevue, WA",0.273903,
ifa_pac_k5,98857,ifa,WA,IFA,IFA_05,IFA,,53025,34180,5376160,"IFA Seattle-Tacoma-Bellevue, WA",0.0,no cell in the extract: territory at zero opportunity
ifa_pac_k5,98858,ifa,WA,IFA,IFA_05,IFA,,53017,48300,5376510,"IFA Seattle-Tacoma-Bellevue, WA",0.0,no cell in the extract: territory at zero opportunity
ifa_pac_k5,98859,ifa,WA,IFA,IFA_05,IFA,,53047,,,"IFA Seattle-Tacoma-Bellevue, WA",0.0,no cell in the extract: territory at zero opportunity
ifa_pac_k5,98860,ifa,WA,IFA,IFA_05,IFA,,53025,34180,5379135,"IFA Seattle-Tacoma-Bellevue, WA",0.0,no cell in the extract: territory at zero opportunity
ifa_pac_k5,98862,ifa,WA,IFA,IFA_05,IFA,,53047,,5379380,"IFA Seattle-Tacoma-Bellevue, WA",0.0,no cell in the extract: territory at zero opportunity
ifa_pac_k5,98901,ifa,WA,IFA,IFA_05,IFA,,53077,49420,5370805,"IFA Seattle-Tacoma-Bellevue, WA",0.0,no cell in the extract: territory at zero opportunity
ifa_pac_k5,98902,ifa,WA,IFA,IFA_05,IFA,,53077,49420,5380010,"IFA Seattle-Tacoma-Bellevue, WA",0.631341,
ifa_pac_k5,98903,ifa,WA,IFA,IFA_05,IFA,,53077,49420,5300800,"IFA Seattle-Tacoma-Bellevue, WA",0.0,no cell in the extract: territory at zero opportunity
ifa_pac_k5,98908,ifa,WA,IFA,IFA_05,IFA,,53077,49420,5380010,"IFA Seattle-Tacoma-Bellevue, WA",0.0,no cell in the extract: territory at zero opportunity
ifa_pac_k5,98921,ifa,WA,IFA,IFA_05,IFA,,53077,49420,5308640,"IFA Seattle-Tacoma-Bellevue, WA",0.0,no cell in the extract: territory at zero opportunity
ifa_pac_k5,98922,ifa,WA,IFA,IFA_05,IFA,,53037,21260,5312945,"IFA Seattle-Tacoma-Bellevue, WA",0.0,no cell in the extract: territory at zero opportunity
ifa_pac_k5,98923,ifa,WA,IFA,IFA_05,IFA,,53077,49420,5315325,"IFA Seattle-Tacoma-Bellevue, WA",0.0,no cell in the extract: territory at zero opportunity
ifa_pac_k5,98925,ifa,WA,IFA,IFA_05,IFA,,53037,21260,5319700,"IFA Seattle-Tacoma-Bellevue, WA",0.0,no cell in the extract: territory at zero opportunity
ifa_pac_k5,98926,ifa,WA,IFA,IFA_05,IFA,,53037,21260,5321240,"IFA Seattle-Tacoma-Bellevue, WA",3.56801,
ifa_pac_k5,98930,ifa,WA,IFA,IFA_05,IFA,,53077,49420,5327925,"IFA Seattle-Tacoma-Bellevue, WA",0.0,no cell in the extract: territory at zero opportunity
ifa_pac_k5,98932,ifa,WA,IFA,IFA_05,IFA,,53077,49420,5327960,"IFA Seattle-Tacoma-Bellevue, WA",0.0,no cell in the extract: territory at zero opportunity
ifa_pac_k5,98933,ifa,WA,IFA,IFA_05,IFA,,53077,49420,5329710,"IFA Seattle-Tacoma-Bellevue, WA",0.0,no cell in the extract: territory at zero opportunity
ifa_pac_k5,98934,ifa,WA,IFA,IFA_05,IFA,,53037,21260,5336045,"IFA Seattle-Tacoma-Bellevue, WA",0.0,no cell in the extract: territory at zero opportunity
ifa_pac_k5,98935,ifa,WA,IFA,IFA_05,IFA,,53077,49420,5327925,"IFA Seattle-Tacoma-Bellevue, WA",0.0,no cell in the extract: territory at zero opportunity
ifa_pac_k5,98936,ifa,WA,IFA,IFA_05,IFA,,53077,49420,5347665,"IFA Seattle-Tacoma-Bellevue, WA",0.0,no cell in the extract: territory at zero opportunity
ifa_pac_k5,98937,ifa,WA,IFA,IFA_05,IFA,,53077,49420,5313015,"IFA Seattle-Tacoma-Bellevue, WA",0.0,no cell in the extract: territory at zero opportunity
ifa_pac_k5,98938,ifa,WA,IFA,IFA_05,IFA,,53077,49420,5368750,"IFA Seattle-Tacoma-Bellevue, WA",0.0,no cell in the extract: territory at zero opportunity
ifa_pac_k5,98939,ifa,WA,IFA,IFA_05,IFA,,53077,49420,5353265,"IFA Seattle-Tacoma-Bellevue, WA",0.0,no cell in the extract: territory at zero opportunity
ifa_pac_k5,98940,ifa,WA,IFA,IFA_05,IFA,,53037,21260,5359635,"IFA Seattle-Tacoma-Bellevue, WA",0.0,no cell in the extract: territory at zero opportunity
ifa_pac_k5,98941,ifa,WA,IFA,IFA_05,IFA,,53037,21260,5360055,"IFA Seattle-Tacoma-Bellevue, WA",0.0,no cell in the extract: territory at zero opportunity
ifa_pac_k5,98942,ifa,WA,IFA,IFA_05,IFA,,53077,49420,5363280,"IFA Seattle-Tacoma-Bellevue, WA",0.0,no cell in the extract: territory at zero opportunity
ifa_pac_k5,98943,ifa,WA,IFA,IFA_05,IFA,,53037,21260,5365765,"IFA Seattle-Tacoma-Bellevue, WA",0.0,no cell in the extract: territory at zero opportunity
ifa_pac_k5,98944,ifa,WA,IFA,IFA_05,IFA,,53005,28420,5368750,"IFA Seattle-Tacoma-Bellevue, WA",0.0,no cell in the extract: territory at zero opportunity
ifa_pac_k5,98946,ifa,WA,IFA,IFA_05,IFA,,53037,21260,5371225,"IFA Seattle-Tacoma-Bellevue, WA",0.0,no cell in the extract: territory at zero opportunity
ifa_pac_k5,98947,ifa,WA,IFA,IFA_05,IFA,,53077,49420,5371400,"IFA Seattle-Tacoma-Bellevue, WA",0.0,no cell in the extract: territory at zero opportunity
ifa_pac_k5,98948,ifa,WA,IFA,IFA_05,IFA,,53077,49420,5371960,"IFA Seattle-Tacoma-Bellevue, WA",0.0,no cell in the extract: territory at zero opportunity
ifa_pac_k5,98950,ifa,WA,IFA,IFA_05,IFA,,53037,21260,5374200,"IFA Seattle-Tacoma-Bellevue, WA",0.0,no cell in the extract: territory at zero opportunity
ifa_pac_k5,98951,ifa,WA,IFA,IFA_05,IFA,,53077,49420,5376125,"IFA Seattle-Tacoma-Bellevue, WA",0.0,no cell in the extract: territory at zero opportunity
ifa_pac_k5,98952,ifa,WA,IFA,IFA_05,IFA,,53077,49420,5378365,"IFA Seattle-Tacoma-Bellevue, WA",0.0,no cell in the extract: territory at zero opportunity
ifa_pac_k5,98953,ifa,WA,IFA,IFA_05,IFA,,53077,49420,5380500,"IFA Seattle-Tacoma-Bellevue, WA",0.0,no cell in the extract: territory at zero opportunity
ifa_pac_k5,99001,ifa,WA,IFA,IFA_05,IFA,,53063,44060,5300905,"IFA Seattle-Tacoma-Bellevue, WA",0.130211,
ifa_pac_k5,99003,ifa,WA,IFA,IFA_05,IFA,,53063,44060,,"IFA Seattle-Tacoma-Bellevue, WA",0.0,no cell in the extract: territory at zero opportunity
ifa_pac_k5,99004,ifa,WA,IFA,IFA_05,IFA,,53063,44060,5311825,"IFA Seattle-Tacoma-Bellevue, WA",0.0,no cell in the extract: territory at zero opportunity
ifa_pac_k5,99005,ifa,WA,IFA,IFA_05,IFA,,53063,44060,5328590,"IFA Seattle-Tacoma-Bellevue, WA",0.0,no cell in the extract: territory at zero opportunity
ifa_pac_k5,99006,ifa,WA,IFA,IFA_05,IFA,,53063,44060,5317320,"IFA Seattle-Tacoma-Bellevue, WA",0.15909,
ifa_pac_k5,99008,ifa,WA,IFA,IFA_05,IFA,,53043,,,"IFA Seattle-Tacoma-Bellevue, WA",0.0,no cell in the extract: territory at zero opportunity
ifa_pac_k5,99009,ifa,WA,IFA,IFA_05,IFA,,53063,44060,,"IFA Seattle-Tacoma-Bellevue, WA",0.0,no cell in the extract: territory at zero opportunity
ifa_pac_k5,99011,ifa,WA,IFA,IFA_05,IFA,,53063,44060,5322955,"IFA Seattle-Tacoma-Bellevue, WA",0.0,no cell in the extract: territory at zero opportunity
ifa_pac_k5,99012,ifa,WA,IFA,IFA_05,IFA,,53063,44060,5322990,"IFA Seattle-Tacoma-Bellevue, WA",0.0,no cell in the extract: territory at zero opportunity
ifa_pac_k5,99013,ifa,WA,IFA,IFA_05,IFA,,53065,44060,,"IFA Seattle-Tacoma-Bellevue, WA",0.0,no cell in the extract: territory at zero opportunity
ifa_pac_k5,99014,ifa,WA,IFA,IFA_05,IFA,,53063,44060,5325300,"IFA Seattle-Tacoma-Bellevue, WA",0.0,no cell in the extract: territory at zero opportunity
ifa_pac_k5,99016,ifa,WA,IFA,IFA_05,IFA,,53063,44060,5367167,"IFA Seattle-Tacoma-Bellevue, WA",0.102156,
ifa_pac_k5,99017,ifa,WA,IFA,IFA_05,IFA,,53075,39420,5338215,"IFA Seattle-Tacoma-Bellevue, WA",0.0,no cell in the extract: territory at zero opportunity
ifa_pac_k5,99018,ifa,WA,IFA,IFA_05,IFA,,53063,44060,5338495,"IFA Seattle-Tacoma-Bellevue, WA",0.0,no cell in the extract: territory at zero opportunity
ifa_pac_k5,99019,ifa,WA,IFA,IFA_05,IFA,,53063,44060,5339335,"IFA Seattle-Tacoma-Bellevue, WA",0.0,no cell in the extract: territory at zero opportunity
ifa_pac_k5,99020,ifa,WA,IFA,IFA_05,IFA,,53063,44060,,"IFA Seattle-Tacoma-Bellevue, WA",0.0,no cell in the extract: territory at zero opportunity
ifa_pac_k5,99021,ifa,WA,IFA,IFA_05,IFA,,53063,44060,5344480,"IFA Seattle-Tacoma-Bellevue, WA",0.160291,
ifa_pac_k5,99022,ifa,WA,IFA,IFA_05,IFA,,53063,44060,5344690,"IFA Seattle-Tacoma-Bellevue, WA",0.0,no cell in the extract: territory at zero opportunity
ifa_pac_k5,99023,ifa,WA,IFA,IFA_05,IFA,,53063,44060,,"IFA Seattle-Tacoma-Bellevue, WA",0.0,no cell in the extract: territory at zero opportunity
ifa_pac_k5,99025,ifa,WA,IFA,IFA_05,IFA,,53063,44060,5352267,"IFA Seattle-Tacoma-Bellevue, WA",0.0,no cell in the extract: territory at zero opportunity
ifa_pac_k5,99026,ifa,WA,IFA,IFA_05,IFA,,53063,44060,5368460,"IFA Seattle-Tacoma-Bellevue, WA",0.0,no cell in the extract: territory at zero opportunity
ifa_pac_k5,99027,ifa,WA,IFA,IFA_05,IFA,,53063,44060,5352267,"IFA Seattle-Tacoma-Bellevue, WA",0.0143181,
ifa_pac_k5,99029,ifa,WA,IFA,IFA_05,IFA,,53043,,5357465,"IFA Seattle-Tacoma-Bellevue, WA",0.0,no cell in the extract: territory at zero opportunity
ifa_pac_k5,99030,ifa,WA,IFA,IFA_05,IFA,,53063,44060,5359145,"IFA Seattle-Tacoma-Bellevue, WA",0.0,no cell in the extract: territory at zero opportunity
ifa_pac_k5,99031,ifa,WA,IFA,IFA_05,IFA,,53063,44060,5366290,"IFA Seattle-Tacoma-Bellevue, WA",0.0,no cell in the extract: territory at zero opportunity
ifa_pac_k5,99032,ifa,WA,IFA,IFA_05,IFA,,53043,,5367175,"IFA Seattle-Tacoma-Bellevue, WA",0.0,no cell in the extract: territory at zero opportunity
ifa_pac_k5,99033,ifa,WA,IFA,IFA_05,IFA,,53075,39420,5370560,"IFA Seattle-Tacoma-Bellevue, WA",0.0,no cell in the extract: territory at zero opportunity
ifa_pac_k5,99034,ifa,WA,IFA,IFA_05,IFA,,53065,44060,,"IFA Seattle-Tacoma-Bellevue, WA",0.0,no cell in the extract: territory at zero opportunity
ifa_pac_k5,99036,ifa,WA,IFA,IFA_05,IFA,,53063,44060,,"IFA Seattle-Tacoma-Bellevue, WA",0.0,no cell in the extract: territory at zero opportunity
ifa_pac_k5,99037,ifa,WA,IFA,IFA_05,IFA,,53063,44060,5367167,"IFA Seattle-Tacoma-Bellevue, WA",0.0,no cell in the extract: territory at zero opportunity
ifa_pac_k5,99039,ifa,WA,IFA,IFA_05,IFA,,53063,44060,5376720,"IFA Seattle-Tacoma-Bellevue, WA",0.0,no cell in the extract: territory at zero opportunity
ifa_pac_k5,99040,ifa,WA,IFA,IFA_05,IFA,,53065,44060,,"IFA Seattle-Tacoma-Bellevue, WA",0.0,no cell in the extract: territory at zero opportunity
ifa_pac_k5,99101,ifa,WA,IFA,IFA_05,IFA,,53065,44060,5300380,"IFA Seattle-Tacoma-Bellevue, WA",0.0,no cell in the extract: territory at zero opportunity
ifa_pac_k5,99102,ifa,WA,IFA,IFA_05,IFA,,53075,39420,5301010,"IFA Seattle-Tacoma-Bellevue, WA",0.0,no cell in the extract: territory at zero opportunity
ifa_pac_k5,99103,ifa,WA,IFA,IFA_05,IFA,,53043,,5301500,"IFA Seattle-Tacoma-Bellevue, WA",0.0,no cell in the extract: territory at zero opportunity
ifa_pac_k5,99105,ifa,WA,IFA,IFA_05,IFA,,53001,36830,,"IFA Seattle-Tacoma-Bellevue, WA",0.0,no cell in the extract: territory at zero opportunity
ifa_pac_k5,99109,ifa,WA,IFA,IFA_05,IFA,,53065,44060,5312140,"IFA Seattle-Tacoma-Bellevue, WA",0.0,no cell in the extract: territory at zero opportunity
ifa_pac_k5,99110,ifa,WA,IFA,IFA_05,IFA,,53065,44060,5312735,"IFA Seattle-Tacoma-Bellevue, WA",0.0,no cell in the extract: territory at zero opportunity
ifa_pac_k5,99111,ifa,WA,IFA,IFA_05,IFA,,53075,39420,5313785,"IFA Seattle-Tacoma-Bellevue, WA",0.0,no cell in the extract: territory at zero opportunity
ifa_pac_k5,99113,ifa,WA,IFA,IFA_05,IFA,,53075,39420,5313890,"IFA Seattle-Tacoma-Bellevue, WA",0.0,no cell in the extract: territory at zero opportunity
ifa_pac_k5,99114,ifa,WA,IFA,IFA_05,IFA,,53065,44060,5314170,"IFA Seattle-Tacoma-Bellevue, WA",0.0,no cell in the extract: territory at zero opportunity
ifa_pac_k5,99115,ifa,WA,IFA,IFA_05,IFA,,53017,48300,5304125,"IFA Seattle-Tacoma-Bellevue, WA",0.0,no cell in the extract: territory at zero opportunity
ifa_pac_k5,99116,ifa,WA,IFA,IFA_05,IFA,,53047,,5315115,"IFA Seattle-Tacoma-Bellevue, WA",0.0,no cell in the extract: territory at zero opportunity
ifa_pac_k5,99117,ifa,WA,IFA,IFA_05,IFA,,53043,,5315710,"IFA Seattle-Tacoma-Bellevue, WA",0.0,no cell in the extract: territory at zero opportunity
ifa_pac_k5,99118,ifa,WA,IFA,IFA_05,IFA,,53019,,5316165,"IFA Seattle-Tacoma-Bellevue, WA",0.0,no cell in the extract: territory at zero opportunity
ifa_pac_k5,99119,ifa,WA,IFA,IFA_05,IFA,,53051,,5316340,"IFA Seattle-Tacoma-Bellevue, WA",0.0,no cell in the extract: territory at zero opportunity
ifa_pac_k5,99121,ifa,WA,IFA,IFA_05,IFA,,53019,,5316585,"IFA Seattle-Tacoma-Bellevue, WA",0.0,no cell in the extract: territory at zero opportunity
ifa_pac_k5,99122,ifa,WA,IFA,IFA_05,IFA,,53043,,5316795,"IFA Seattle-Tacoma-Bellevue, WA",0.0,no cell in the extract: territory at zero opportunity
ifa_pac_k5,99123,ifa,WA,IFA,IFA_05,IFA,,53025,34180,5321030,"IFA Seattle-Tacoma-Bellevue, WA",0.0,no cell in the extract: territory at zero opportunity
ifa_pac_k5,99124,ifa,WA,IFA,IFA_05,IFA,,53047,,5321485,"IFA Seattle-Tacoma-Bellevue, WA",0.0,no cell in the extract: territory at zero opportunity
ifa_pac_k5,99125,ifa,WA,IFA,IFA_05,IFA,,53075,39420,5321730,"IFA Seattle-Tacoma-Bellevue, WA",0.0,no cell in the extract: territory at zero opportunity
ifa_pac_k5,99126,ifa,WA,IFA,IFA_05,IFA,,53065,44060,,"IFA Seattle-Tacoma-Bellevue, WA",0.0,no cell in the extract: territory at zero opportunity
ifa_pac_k5,99128,ifa,WA,IFA,IFA_05,IFA,,53075,39420,5323340,"IFA Seattle-Tacoma-Bellevue, WA",0.0,no cell in the extract: territory at zero opportunity
ifa_pac_k5,99129,ifa,WA,IFA,IFA_05,IFA,,53065,44060,,"IFA Seattle-Tacoma-Bellevue, WA",0.0,no cell in the extract: territory at zero opportunity
ifa_pac_k5,99130,ifa,WA,IFA,IFA_05,IFA,,53075,39420,5326140,"IFA Seattle-Tacoma-Bellevue, WA",0.0,no cell in the extract: territory at zero opportunity
ifa_pac_k5,99131,ifa,WA,IFA,IFA_05,IFA,,53065,44060,,"IFA Seattle-Tacoma-Bellevue, WA",0.0,no cell in the extract: territory at zero opportunity
ifa_pac_k5,99133,ifa,WA,IFA,IFA_05,IFA,,53017,48300,5327855,"IFA Seattle-Tacoma-Bellevue, WA",0.0,no cell in the extract: territory at zero opportunity
ifa_pac_k5,99134,ifa,WA,IFA,IFA_05,IFA,,53043,,5329745,"IFA Seattle-Tacoma-Bellevue, WA",0.0,no cell in the extract: territory at zero opportunity
ifa_pac_k5,99135,ifa,WA,IFA,IFA_05,IFA,,53025,34180,5329920,"IFA Seattle-Tacoma-Bellevue, WA",0.0,no cell in the extract: territory at zero opportunity
ifa_pac_k5,99136,ifa,WA,IFA,IFA_05,IFA,,53075,39420,,"IFA Seattle-Tacoma-Bellevue, WA",0.0,no cell in the extract: territory at zero opportunity
ifa_pac_k5,99137,ifa,WA,IFA,IFA_05,IFA,,53065,44060,,"IFA Seattle-Tacoma-Bellevue, WA",0.0,no cell in the extract: territory at zero opportunity
ifa_pac_k5,99138,ifa,WA,IFA,IFA_05,IFA,,53019,,5333105,"IFA Seattle-Tacoma-Bellevue, WA",0.0,no cell in the extract: territory at zero opportunity
ifa_pac_k5,99139,ifa,WA,IFA,IFA_05,IFA,,53051,,5333560,"IFA Seattle-Tacoma-Bellevue, WA",0.0,no cell in the extract: territory at zero opportunity
ifa_pac_k5,99140,ifa,WA,IFA,IFA_05,IFA,,53019,,5334960,"IFA Seattle-Tacoma-Bellevue, WA",0.0,no cell in the extract: territory at zero opportunity
ifa_pac_k5,99141,ifa,WA,IFA,IFA_05,IFA,,53019,,5335485,"IFA Seattle-Tacoma-Bellevue, WA",0.0,no cell in the extract: territory at zero opportunity
ifa_pac_k5,99143,ifa,WA,IFA,IFA_05,IFA,,53075,39420,5336850,"IFA Seattle-Tacoma-Bellevue, WA",0.0,no cell in the extract: territory at zero opportunity
ifa_pac_k5,99144,ifa,WA,IFA,IFA_05,IFA,,53043,,,"IFA Seattle-Tacoma-Bellevue, WA",0.0,no cell in the extract: territory at zero opportunity
ifa_pac_k5,99146,ifa,WA,IFA,IFA_05,IFA,,53019,,5338705,"IFA Seattle-Tacoma-Bellevue, WA",0.0,no cell in the extract: territory at zero opportunity
ifa_pac_k5,99147,ifa,WA,IFA,IFA_05,IFA,,53043,,,"IFA Seattle-Tacoma-Bellevue, WA",0.0,no cell in the extract: territory at zero opportunity
ifa_pac_k5,99148,ifa,WA,IFA,IFA_05,IFA,,53065,44060,5340385,"IFA Seattle-Tacoma-Bellevue, WA",0.0,no cell in the extract: territory at zero opportunity
ifa_pac_k5,99149,ifa,WA,IFA,IFA_05,IFA,,53075,39420,5342275,"IFA Seattle-Tacoma-Bellevue, WA",0.0,no cell in the extract: territory at zero opportunity
ifa_pac_k5,99150,ifa,WA,IFA,IFA_05,IFA,,53019,,5342310,"IFA Seattle-Tacoma-Bellevue, WA",0.0,no cell in the extract: territory at zero opportunity
ifa_pac_k5,99151,ifa,WA,IFA,IFA_05,IFA,,53065,44060,5343395,"IFA Seattle-Tacoma-Bellevue, WA",0.0,no cell in the extract: territory at zero opportunity
ifa_pac_k5,99152,ifa,WA,IFA,IFA_05,IFA,,53051,,5345285,"IFA Seattle-Tacoma-Bellevue, WA",0.0,no cell in the extract: territory at zero opportunity
ifa_pac_k5,99153,ifa,WA,IFA,IFA_05,IFA,,53051,,5345320,"IFA Seattle-Tacoma-Bellevue, WA",0.0,no cell in the extract: territory at zero opportunity
ifa_pac_k5,99154,ifa,WA,IFA,IFA_05,IFA,,53043,,,"IFA Seattle-Tacoma-Bellevue, WA",0.0,no cell in the extract: territory at zero opportunity
ifa_pac_k5,99155,ifa,WA,IFA,IFA_05,IFA,,53047,,5348550,"IFA Seattle-Tacoma-Bellevue, WA",0.0,no cell in the extract: territory at zero opportunity
ifa_pac_k5,99156,ifa,WA,IFA,IFA_05,IFA,,53051,,5348820,"IFA Seattle-Tacoma-Bellevue, WA",0.0,no cell in the extract: territory at zero opportunity
ifa_pac_k5,99157,ifa,WA,IFA,IFA_05,IFA,,53065,44060,5350045,"IFA Seattle-Tacoma-Bellevue, WA",0.0,no cell in the extract: territory at zero opportunity
ifa_pac_k5,99158,ifa,WA,IFA,IFA_05,IFA,,53075,39420,5350325,"IFA Seattle-Tacoma-Bellevue, WA",0.0,no cell in the extract: territory at zero opportunity
ifa_pac_k5,99159,ifa,WA,IFA,IFA_05,IFA,,53043,,5350745,"IFA Seattle-Tacoma-Bellevue, WA",0.0,no cell in the extract: territory at zero opportunity
ifa_pac_k5,99160,ifa,WA,IFA,IFA_05,IFA,,53019,,5351830,"IFA Seattle-Tacoma-Bellevue, WA",0.0,no cell in the extract: territory at zero opportunity
ifa_pac_k5,99161,ifa,WA,IFA,IFA_05,IFA,,53075,39420,5352950,"IFA Seattle-Tacoma-Bellevue, WA",0.0,no cell in the extract: territory at zero opportunity
ifa_pac_k5,99163,ifa,WA,IFA,IFA_05,IFA,,53075,39420,5356625,"IFA Seattle-Tacoma-Bellevue, WA",7.3295,
ifa_pac_k5,99166,ifa,WA,IFA,IFA_05,IFA,,53019,,5316170,"IFA Seattle-Tacoma-Bellevue, WA",0.0,no cell in the extract: territory at zero opportunity
ifa_pac_k5,99167,ifa,WA,IFA,IFA_05,IFA,,53065,44060,,"IFA Seattle-Tacoma-Bellevue, WA",0.0,no cell in the extract: territory at zero opportunity
ifa_pac_k5,99169,ifa,WA,IFA,IFA_05,IFA,,53001,36830,5358725,"IFA Seattle-Tacoma-Bellevue, WA",0.0,no cell in the extract: territory at zero opportunity
ifa_pac_k5,99170,ifa,WA,IFA,IFA_05,IFA,,53075,39420,5359775,"IFA Seattle-Tacoma-Bellevue, WA",0.0,no cell in the extract: territory at zero opportunity
ifa_pac_k5,99171,ifa,WA,IFA,IFA_05,IFA,,53075,39420,5360860,"IFA Seattle-Tacoma-Bellevue, WA",0.0,no cell in the extract: territory at zero opportunity
ifa_pac_k5,99173,ifa,WA,IFA,IFA_05,IFA,,53065,44060,5367210,"IFA Seattle-Tacoma-Bellevue, WA",0.0,no cell in the extract: territory at zero opportunity
ifa_pac_k5,99174,ifa,WA,IFA,IFA_05,IFA,,53075,39420,5367805,"IFA Seattle-Tacoma-Bellevue, WA",0.0,no cell in the extract: territory at zero opportunity
ifa_pac_k5,99176,ifa,WA,IFA,IFA_05,IFA,,53075,39420,,"IFA Seattle-Tacoma-Bellevue, WA",0.0,no cell in the extract: territory at zero opportunity
ifa_pac_k5,99179,ifa,WA,IFA,IFA_05,IFA,,53075,39420,5373360,"IFA Seattle-Tacoma-Bellevue, WA",0.0,no cell in the extract: territory at zero opportunity
ifa_pac_k5,99180,ifa,WA,IFA,IFA_05,IFA,,53051,,5316340,"IFA Seattle-Tacoma-Bellevue, WA",0.0,no cell in the extract: territory at zero opportunity
ifa_pac_k5,99181,ifa,WA,IFA,IFA_05,IFA,,53065,44060,5373885,"IFA Seattle-Tacoma-Bellevue, WA",0.0,no cell in the extract: territory at zero opportunity
ifa_pac_k5,99185,ifa,WA,IFA,IFA_05,IFA,,53043,,5378680,"IFA Seattle-Tacoma-Bellevue, WA",0.0,no cell in the extract: territory at zero opportunity
ifa_pac_k5,99201,ifa,WA,IFA,IFA_05,IFA,,53063,44060,5367000,"IFA Seattle-Tacoma-Bellevue, WA",11.544,
ifa_pac_k5,99202,ifa,WA,IFA,IFA_05,IFA,,53063,44060,5367000,"IFA Seattle-Tacoma-Bellevue, WA",10.7086,
ifa_pac_k5,99203,ifa,WA,IFA,IFA_05,IFA,,53063,44060,5367000,"IFA Seattle-Tacoma-Bellevue, WA",2.06582,
ifa_pac_k5,99204,ifa,WA,IFA,IFA_05,IFA,,53063,44060,5367000,"IFA Seattle-Tacoma-Bellevue, WA",0.906625,
ifa_pac_k5,99205,ifa,WA,IFA,IFA_05,IFA,,53063,44060,5367000,"IFA Seattle-Tacoma-Bellevue, WA",0.370607,
ifa_pac_k5,99206,ifa,WA,IFA,IFA_05,IFA,,53063,44060,5367167,"IFA Seattle-Tacoma-Bellevue, WA",0.933417,
ifa_pac_k5,99207,ifa,WA,IFA,IFA_05,IFA,,53063,44060,5367000,"IFA Seattle-Tacoma-Bellevue, WA",0.304638,
ifa_pac_k5,99208,ifa,WA,IFA,IFA_05,IFA,,53063,44060,5367000,"IFA Seattle-Tacoma-Bellevue, WA",0.061031,
ifa_pac_k5,99212,ifa,WA,IFA,IFA_05,IFA,,53063,44060,5367167,"IFA Seattle-Tacoma-Bellevue, WA",3.89717,
ifa_pac_k5,99216,ifa,WA,IFA,IFA_05,IFA,,53063,44060,5367167,"IFA Seattle-Tacoma-Bellevue, WA",5.95801,
ifa_pac_k5,99217,ifa,WA,IFA,IFA_05,IFA,,53063,44060,5367000,"IFA Seattle-Tacoma-Bellevue, WA",0.0,no cell in the extract: territory at zero opportunity
ifa_pac_k5,99218,ifa,WA,IFA,IFA_05,IFA,,53063,44060,5323165,"IFA Seattle-Tacoma-Bellevue, WA",0.559592,
ifa_pac_k5,99223,ifa,WA,IFA,IFA_05,IFA,,53063,44060,5367000,"IFA Seattle-Tacoma-Bellevue, WA",2.89212,
ifa_pac_k5,99224,ifa,WA,IFA,IFA_05,IFA,,53063,44060,5367000,"IFA Seattle-Tacoma-Bellevue, WA",0.548882,
ifa_pac_k5,99251,ifa,WA,IFA,IFA_05,IFA,,53063,44060,5315150,"IFA Seattle-Tacoma-Bellevue, WA",0.0,no cell in the extract: territory at zero opportunity
ifa_pac_k5,99258,ifa,WA,IFA,IFA_05,IFA,,53063,44060,5367000,"IFA Seattle-Tacoma-Bellevue, WA",0.0,no cell in the extract: territory at zero opportunity
ifa_pac_k5,99301,ifa,WA,IFA,IFA_05,IFA,,53021,28420,5353545,"IFA Seattle-Tacoma-Bellevue, WA",0.0,no cell in the extract: territory at zero opportunity
ifa_pac_k5,99320,ifa,WA,IFA,IFA_05,IFA,,53005,28420,5377665,"IFA Seattle-Tacoma-Bellevue, WA",0.0,no cell in the extract: territory at zero opportunity
ifa_pac_k5,99321,ifa,WA,IFA,IFA_05,IFA,,53025,34180,5361925,"IFA Seattle-Tacoma-Bellevue, WA",0.0,no cell in the extract: territory at zero opportunity
ifa_pac_k5,99322,ifa,WA,IFA,IFA_05,IFA,,53039,,5305980,"IFA Seattle-Tacoma-Bellevue, WA",0.0,no cell in the extract: territory at zero opportunity
ifa_pac_k5,99323,ifa,WA,IFA,IFA_05,IFA,,53071,47460,5308780,"IFA Seattle-Tacoma-Bellevue, WA",0.0,no cell in the extract: territory at zero opportunity
ifa_pac_k5,99324,ifa,WA,IFA,IFA_05,IFA,,53071,47460,5313855,"IFA Seattle-Tacoma-Bellevue, WA",0.0,no cell in the extract: territory at zero opportunity
ifa_pac_k5,99326,ifa,WA,IFA,IFA_05,IFA,,53021,28420,5314485,"IFA Seattle-Tacoma-Bellevue, WA",0.0,no cell in the extract: territory at zero opportunity
ifa_pac_k5,99328,ifa,WA,IFA,IFA_05,IFA,,53013,,5316970,"IFA Seattle-Tacoma-Bellevue, WA",0.0,no cell in the extract: territory at zero opportunity
ifa_pac_k5,99329,ifa,WA,IFA,IFA_05,IFA,,53071,47460,5318055,"IFA Seattle-Tacoma-Bellevue, WA",0.0,no cell in the extract: territory at zero opportunity
ifa_pac_k5,99330,ifa,WA,IFA,IFA_05,IFA,,53021,28420,5345180,"IFA Seattle-Tacoma-Bellevue, WA",0.0,no cell in the extract: territory at zero opportunity
ifa_pac_k5,99333,ifa,WA,IFA,IFA_05,IFA,,53075,39420,,"IFA Seattle-Tacoma-Bellevue, WA",0.0,no cell in the extract: territory at zero opportunity
ifa_pac_k5,99335,ifa,WA,IFA,IFA_05,IFA,,53021,28420,5334575,"IFA Seattle-Tacoma-Bellevue, WA",0.0,no cell in the extract: territory at zero opportunity
ifa_pac_k5,99336,ifa,WA,IFA,IFA_05,IFA,,53005,28420,5335275,"IFA Seattle-Tacoma-Bellevue, WA",15.7564,
ifa_pac_k5,99337,ifa,WA,IFA,IFA_05,IFA,,53005,28420,5323865,"IFA Seattle-Tacoma-Bellevue, WA",0.0796342,
ifa_pac_k5,99338,ifa,WA,IFA,IFA_05,IFA,,53005,28420,5335275,"IFA Seattle-Tacoma-Bellevue, WA",0.0425892,
ifa_pac_k5,99341,ifa,WA,IFA,IFA_05,IFA,,53001,36830,5339510,"IFA Seattle-Tacoma-Bellevue, WA",0.0,no cell in the extract: territory at zero opportunity
ifa_pac_k5,99343,ifa,WA,IFA,IFA_05,IFA,,53021,28420,5304405,"IFA Seattle-Tacoma-Bellevue, WA",0.0,no cell in the extract: territory at zero opportunity
ifa_pac_k5,99344,ifa,WA,IFA,IFA_05,IFA,,53001,36830,5352215,"IFA Seattle-Tacoma-Bellevue, WA",0.207863,
ifa_pac_k5,99345,ifa,WA,IFA,IFA_05,IFA,,53005,28420,,"IFA Seattle-Tacoma-Bellevue, WA",0.0,no cell in the extract: territory at zero opportunity
ifa_pac_k5,99346,ifa,WA,IFA,IFA_05,IFA,,53005,28420,,"IFA Seattle-Tacoma-Bellevue, WA",0.0,no cell in the extract: territory at zero opportunity
ifa_pac_k5,99347,ifa,WA,IFA,IFA_05,IFA,,53023,,5355120,"IFA Seattle-Tacoma-Bellevue, WA",0.0,no cell in the extract: territory at zero opportunity
ifa_pac_k5,99348,ifa,WA,IFA,IFA_05,IFA,,53071,47460,5356240,"IFA Seattle-Tacoma-Bellevue, WA",0.0,no cell in the extract: territory at zero opportunity
ifa_pac_k5,99349,ifa,WA,IFA,IFA_05,IFA,,53025,34180,5317617,"IFA Seattle-Tacoma-Bellevue, WA",0.0,no cell in the extract: territory at zero opportunity
ifa_pac_k5,99350,ifa,WA,IFA,IFA_05,IFA,,53005,28420,5356450,"IFA Seattle-Tacoma-Bellevue, WA",0.0,no cell in the extract: territory at zero opportunity
ifa_pac_k5,99352,ifa,WA,IFA,IFA_05,IFA,,53005,28420,5358235,"IFA Seattle-Tacoma-Bellevue, WA",2.21872,
ifa_pac_k5,99353,ifa,WA,IFA,IFA_05,IFA,,53005,28420,5377665,"IFA Seattle-Tacoma-Bellevue, WA",0.0,no cell in the extract: territory at zero opportunity
ifa_pac_k5,99354,ifa,WA,IFA,IFA_05,IFA,,53005,28420,5358235,"IFA Seattle-Tacoma-Bellevue, WA",0.0,no cell in the extract: territory at zero opportunity
ifa_pac_k5,99356,ifa,WA,IFA,IFA_05,IFA,,53039,,5359705,"IFA Seattle-Tacoma-Bellevue, WA",0.0,no cell in the extract: territory at zero opportunity
ifa_pac_k5,99357,ifa,WA,IFA,IFA_05,IFA,,53025,34180,5360230,"IFA Seattle-Tacoma-Bellevue, WA",0.0,no cell in the extract: territory at zero opportunity
ifa_pac_k5,99359,ifa,WA,IFA,IFA_05,IFA,,53013,,5367490,"IFA Seattle-Tacoma-Bellevue, WA",0.0,no cell in the extract: territory at zero opportunity
ifa_pac_k5,99360,ifa,WA,IFA,IFA_05,IFA,,53071,47460,5372030,"IFA Seattle-Tacoma-Bellevue, WA",0.0,no cell in the extract: territory at zero opportunity
ifa_pac_k5,99361,ifa,WA,IFA,IFA_05,IFA,,53071,47460,5375565,"IFA Seattle-Tacoma-Bellevue, WA",0.0,no cell in the extract: territory at zero opportunity
ifa_pac_k5,99362,ifa,WA,IFA,IFA_05,IFA,,53071,47460,5375775,"IFA Seattle-Tacoma-Bellevue, WA",0.160879,
ifa_pac_k5,99363,ifa,WA,IFA,IFA_05,IFA,,53071,47460,5375985,"IFA Seattle-Tacoma-Bellevue, WA",0.0,no cell in the extract: territory at zero opportunity
ifa_pac_k5,99371,ifa,WA,IFA,IFA_05,IFA,,53001,36830,5376440,"IFA Seattle-Tacoma-Bellevue, WA",0.0,no cell in the extract: territory at zero opportunity
ifa_pac_k5,99401,ifa,WA,IFA,IFA_05,IFA,,53003,30300,5302025,"IFA Seattle-Tacoma-Bellevue, WA",0.0,no cell in the extract: territory at zero opportunity
ifa_pac_k5,99402,ifa,WA,IFA,IFA_05,IFA,,53003,30300,5303075,"IFA Seattle-Tacoma-Bellevue, WA",0.0,no cell in the extract: territory at zero opportunity
ifa_pac_k5,99403,ifa,WA,IFA,IFA_05,IFA,,53003,30300,5312680,"IFA Seattle-Tacoma-Bellevue, WA",0.238681,
