{"type": "FeatureCollection", "features": [{"type": "Feature", "geometry": {"type": "MultiPolygon", "coordinates": [[[[-81.93414358937328, 36.594212638627454], [-83.67541279735892, 36.60081366805367], [-83.5271125357105, 36.665985032440055], [-83.13639524370154, 36.7430880065909], [-83.0755894950651, 36.85058918983238], [-82.89544464534728, 36.882144582892266], [-82.86918283003905, 36.97418187291632], [-82.72225411113062, 37.05794787676099], [-82.72629453055025, 37.11185208005722], [-82.3553429245016, 37.265220065045774], [-81.96829747701086, 37.53779797296821], [-81.93227925444988, 37.511961227472334], [-81.98489119500941, 37.45431530194779], [-81.89600112469884, 37.331967063456304], [-81.6786032376006, 37.202467133760095], [-81.5606254300939, 37.206662836088846], [-81.36215645234631, 37.33768701774025], [-81.22510361004294, 37.234873856038206], [-80.83547908575197, 37.33482431563129], [-80.88324811922624, 37.383933434350745], [-80.86514780246117, 37.41992654967073], [-80.77008174001729, 37.37236307380246], [-80.54483559881652, 37.47469509783954], [-80.46481962058684, 37.426143493995376], [-80.2916442026184, 37.5365046225819], [-80.28244029306383, 37.58548135601985], [-80.22338561049739, 37.623184936380646], [-80.29225782510731, 37.6837323483842], [-80.19963302191094, 37.82750685823579], [-79.97123060921932, 38.0443256263811], [-79.91617372856795, 38.184385959622645], [-79.78754179021637, 38.27329837619158], [-79.80409257543565, 38.313921949958086], [-79.68967489382702, 38.43143874877644], [-79.64907511785295, 38.59151508430868], [-79.54257001229226, 38.553216816998976], [-79.47663749784502, 38.45722821701416], [-79.2977583124716, 38.41643830355035], [-79.0929551124682, 38.65951686231952], [-78.9990139340238, 38.84007374504114], [-78.86927555587836, 38.7629912047348], [-78.77279252874541, 38.893741726409395], [-78.56171089698182, 39.009007064763274], [-78.41394295290971, 39.158415347199295], [-78.40181321593367, 39.27675420148954], [-78.3404804817383, 39.3534921184693], [-78.34708685005232, 39.4660122917395], [-77.82815678891029, 39.13232934723613], [-77.71951901446813, 39.321314053071596], [-77.82981406913586, 39.58728756266952], [-78.0067343757108, 39.60133747471549], [-78.08226006752601, 39.671166400478576], [-78.38295954154523, 39.62224584672735], [-78.46095145580081, 39.52598730621008], [-78.7070977891237, 39.55585685567669], [-78.77113963274374, 39.638386643093895], [-78.95675131008447, 39.44026391526239], [-79.09132899943762, 39.4724069952237], [-79.28372257473222, 39.30963983295165], [-79.48687339054297, 39.205960853186546], [-79.47666239989555, 39.72107853105007], [-80.27872001744686, 39.72139301431903], [-80.25033315687476, 39.75327274483123], [-79.72127786618913, 40.02931824011788], [-79.3924586595433, 39.72143912318425], [-79.38795718958733, 39.72146610897937], [-79.04557553837995, 39.72292765091208], [-79.31999122099018, 39.72184508232454], [-79.34097386621127, 40.061294497971986], [-79.30520631160886, 40.12714221446035], [-79.07464081525404, 40.1743789881299], [-78.81648572248234, 40.07346524063087], [-78.5719833530085, 40.180277639537294], [-78.31356689878513, 40.21362222667539], [-78.04414703498611, 40.19580867244607], [-78.09322802326474, 39.98349799896169], [-77.8495641534012, 39.8329445555393], [-77.74942879920857, 39.860335346377894], [-77.66606660293805, 39.834677328576305], [-77.43270556922596, 39.91142291906722], [-77.3829933984151, 40.005632642602336], [-77.2665421751574, 40.005049586155266], [-77.10657569930487, 39.79707164275414], [-77.12379850744624, 39.720208868668664], [-76.99106170735834, 39.72006153221556], [-76.7870968103309, 39.721048335919164], [-76.71577117563737, 39.721393241444225], [-76.75730576657183, 39.7211984332191], [-76.78102264915319, 39.81663265400855], [-76.52548727842009, 39.99876025018995], [-76.42203053989275, 39.856306061480566], [-76.28946239181833, 39.85349150365444], [-76.13714064679559, 39.72274242443161], [-76.00183986839825, 39.901084202619906], [-75.88522722524627, 39.91713003128413], [-75.68971972092316, 39.807007665216446], [-75.66078175050122, 39.891048279658555], [-75.56208009841899, 39.89853012125989], [-75.51629550025338, 39.833130440121], [-75.41506217400892, 39.80191933271169], [-75.34176467526464, 39.846081678021214], [-75.24504861464764, 39.85702529177647], [-75.218592726372, 39.93454207617901], [-75.13472582529221, 39.92509606126871], [-75.06013031944717, 39.992011332522466], [-75.12747227087753, 40.02503055781446], [-75.08636467255607, 40.06381997675066], [-74.97936524963822, 40.04299693141643], [-74.86380949969063, 40.082210153063215], [-74.90874643421172, 40.1369663089431], [-74.8718108473197, 40.15459552443894], [-74.87462489662965, 40.19837806106602], [-74.91395310456413, 40.2222311541658], [-74.8691761445676, 40.28775249240563], [-74.9695974785706, 40.39977000530614], [-75.05610220907924, 40.41606594478387], [-75.07152841496051, 40.51962926377627], [-75.13041911061595, 40.505902698724285], [-75.28768196563644, 40.63608908002076], [-75.19218346742352, 40.694243870563156], [-75.17747737091939, 40.76422495974928], [-75.10850443875108, 40.7910941710919], [-75.06543783478428, 40.88568226589571], [-75.25497974361019, 41.02361990736121], [-75.25519773090066, 41.08157661791641], [-75.1137292090086, 41.23787786882362], [-74.93814990827968, 41.13573968214795], [-74.97987330536407, 41.11042268032482], [-74.9052560859958, 41.15566812883809], [-74.8157028348815, 41.29615083347029], [-74.69491443766863, 41.357423413192876], [-74.09508742859045, 41.08254015106732], [-74.08696336574992, 41.00357331098572], [-74.17651633344396, 41.030341833541605], [-74.19611404680074, 40.980962090395714], [-74.34407593758698, 40.9413551954509], [-74.33971152904668, 40.85418933731188], [-74.39380342138936, 40.829639449059655], [-74.35630093668264, 40.76389901897325], [-74.38461774820027, 40.6653013087295], [-74.34823850119126, 40.60609644769754], [-74.23908897323976, 40.54930403303928], [-74.26188864688802, 40.46470606913196], [-74.0478841285427, 40.4189077869926], [-73.99794305515941, 40.47666829203776], [-73.97138072779707, 40.34800975483468], [-74.10144300930104, 39.756173466536275], [-74.36698982538036, 39.40201706170194], [-74.64659543183062, 39.212001883202994], [-74.807917175655, 38.9859480257452], [-74.93357149363005, 38.9285190856601], [-74.96727406197596, 38.93341266546762], [-74.88591365785493, 39.1436272157999], [-74.90518074165158, 39.17494477772981], [-75.04848724739, 39.2152217322966], [-75.13666731066407, 39.18188351326557], [-75.24435712233158, 39.285700327981125], [-75.53643060589812, 39.460558745749665], [-75.52808765644545, 39.49811416402806], [-75.59306809066025, 39.4791855759145], [-75.40837586754806, 39.26469751473069], [-75.39627695396132, 39.05788359443711], [-75.34089056981436, 39.01995979531853], [-75.30407737162986, 38.913160243587875], [-75.15902152135267, 38.790192833172924], [-75.08947335163417, 38.797198238542606], [-75.04893871003047, 38.4512628352078], [-75.19379624815491, 38.09601291807907], [-75.38063742895615, 37.85170224966274], [-75.43900138632964, 37.86933543879887], [-75.48927004986561, 37.832456582160695], [-75.672877454338, 37.48369588693122], [-75.65837865989842, 37.451814953626005], [-75.81738686760546, 37.19343720216628], [-75.94239925698349, 37.08960702715843], [-75.9796076188689, 37.10044812017051], [-76.02347539281796, 37.28906682142251], [-75.9411819970873, 37.56383893426352], [-75.81215515600717, 37.74950228125579], [-75.81812508256961, 37.79169783675698], [-75.70291366311419, 37.84965889924521], [-75.75769336846994, 37.90391228465121], [-75.6697114067337, 37.95079621462334], [-75.78381523166439, 37.9725944255645], [-75.89268591451182, 37.916847546322764], [-75.86380979741861, 38.10096822472856], [-75.93708942257557, 38.12420907933211], [-75.94237510669713, 38.187066190044284], [-75.86410427407685, 38.20085822989242], [-75.8885130205316, 38.241422620069734], [-76.03893475186896, 38.25493165975872], [-76.00590463865716, 38.0771697886209], [-76.0955483460383, 38.12512324508685], [-76.08863928194673, 38.19264911042513], [-76.25766688167641, 38.324854666043144], [-76.25000028535281, 38.362303881900694], [-76.33636038618762, 38.49223544291919], [-76.2774614296354, 38.54185094227041], [-76.27958912572025, 38.60952021730908], [-76.16543506281103, 38.61020039744421], [-76.17515943465695, 38.67323622134572], [-76.23872435359316, 38.7128452210276], [-76.34799838616996, 38.686233826368905], [-76.3405431159563, 38.73033803020401], [-76.3903494781629, 38.75700391138224], [-76.27157504135565, 38.851770864356965], [-76.21932786479233, 38.81237121471742], [-76.19108996647701, 38.829660296821], [-76.20363823970017, 38.92838244099844], [-76.31794656051723, 38.911312278975934], [-76.33401879617959, 38.86023826235695], [-76.37620204111049, 38.85046056706123], [-76.361727306789, 38.939175069947815], [-76.30184744174733, 39.03965145137312], [-76.23176519435324, 39.01851788077694], [-76.23345709800597, 39.0913848039094], [-76.27852655504195, 39.14576434339261], [-76.1596736910111, 39.33590870126149], [-76.00687941689668, 39.41452700409982], [-76.01231159991957, 39.4531153535977], [-76.14637309551593, 39.40530982822887], [-76.42528059322088, 39.20570794073062], [-76.49838433396971, 39.20480803211612], [-76.52578470854063, 39.17790758796487], [-76.42868087089536, 39.13170875126327], [-76.39408033405422, 39.01131153550309], [-76.47128120929179, 38.95651215291523], [-76.45027987664413, 38.941113242686264], [-76.5169442758978, 38.851157267885846], [-76.48987799474082, 38.83871498589612], [-76.55874328129738, 38.75635190662618], [-76.52665465261991, 38.724430299438254], [-76.49269859868856, 38.48284934140304], [-76.3933783186243, 38.38947665834683], [-76.39266813886674, 38.239662605980364], [-76.32013540718533, 38.13833904812646], [-76.32209352153643, 38.03650288022015], [-76.43042500469201, 38.119383428030446], [-76.54038013872366, 38.15299147086453], [-76.59063727104711, 38.21421199810447], [-76.8642916023529, 38.26894483814521], [-76.97549227226155, 38.34732720352459], [-77.01637143183899, 38.44557226781543], [-77.21118772739976, 38.38066200708609], [-77.25996226942975, 38.435820629830545], [-77.24658433043453, 38.53834098697425], [-77.1301997647523, 38.63501688537431], [-77.24670441061193, 38.635216987847926], [-77.2952735623688, 38.56212524041088], [-77.31728752343052, 38.38357570762103], [-77.26529480075205, 38.3331649316706], [-77.04813652151627, 38.36014525912717], [-76.96231147206154, 38.21407464840381], [-76.83879494681572, 38.16347591597905], [-76.61393941893768, 38.14858674128373], [-76.49199860642771, 38.01722194362938], [-76.23672467372002, 37.88917393912398], [-76.25135800969757, 37.83307161153553], [-76.31030673253139, 37.794849378128355], [-76.32911961474899, 37.670975673067005], [-76.27944689523102, 37.61822494156526], [-76.29795935992722, 37.55763616347695], [-76.24846041624154, 37.37513490912792], [-76.27555246108507, 37.30996395925999], [-76.39395819708409, 37.39593995072285], [-76.43752517964644, 37.37975011184408], [-76.36229018733358, 37.27022617248123], [-76.3941323392717, 37.22514991248712], [-76.27126197930951, 37.08454424089883], [-76.30427150658397, 37.00137790136535], [-76.26796183894979, 36.96454740706242], [-76.08795450893172, 36.90864705001176], [-75.99625237803748, 36.92204675516895], [-75.86704371518807, 36.550753753029056], [-79.51364819238412, 36.540748323810575], [-80.9017261887184, 36.561751430158665], [-81.92264362505318, 36.616212674647535], [-81.93414358937328, 36.594212638627454]]], [[[-76.04627262387967, 38.012499405161435], [-76.00733664258783, 38.03670549013149], [-75.98008864180476, 38.00489079754649], [-75.98464818680262, 37.93812082477547], [-76.04653033887051, 37.95358596514434], [-76.04627262387967, 38.012499405161435]]]]}, "properties": {"scenario_id": "51_13_11_24_3", "bundle": "N", "bundle_title": "National only", "district_raw": "N_01", "district": "N_01", "wholesaler": "R0001", "mass": 723.0697181, "color": "#1daf34"}}, {"type": "Feature", "geometry": {"type": "MultiPolygon", "coordinates": [[[[-122.06529409217086, 37.895170047966786], [-122.1493737839728, 37.861675434817684], [-122.21443457212956, 37.93489841377196], [-122.28444670734595, 37.877199648551816], [-122.37870958970657, 37.90519124897414], [-122.42525814364346, 37.95567241580049], [-122.26286164033368, 38.051473285868745], [-122.30180368814645, 38.10514210214877], [-122.39358798494729, 38.143449389830934], [-122.49128255863107, 38.10808693790608], [-122.49946512294945, 38.03216458469026], [-122.45299466249577, 37.99616748537357], [-122.48637515073922, 37.92188131808849], [-122.41846974727544, 37.852721015175185], [-122.4834826648279, 37.826727776713625], [-122.67847441737605, 37.906603640990255], [-122.70264009389678, 37.89382041032428], [-122.85657246249176, 38.01671665783835], [-122.93971126095765, 38.031907823229616], [-122.974390120226, 37.99242881647228], [-123.01153246836994, 38.00343809625389], [-122.95362921765995, 38.17567000021], [-123.00412191945512, 38.29701158479563], [-123.05350353680078, 38.29938484156172], [-123.08557246436642, 38.39052511315477], [-123.16642802408379, 38.47494708765629], [-123.33189866291738, 38.56554212795939], [-123.44177380448033, 38.699743881395705], [-123.71054034892083, 38.91323016375917], [-123.73289241272855, 38.954993862184295], [-123.69074040180178, 39.0212927066032], [-123.82533123001603, 39.36081379897235], [-123.76647480437354, 39.55280349280945], [-123.85171454212025, 39.832041288842895], [-124.06890827626856, 40.021306705757766], [-124.08708549134936, 40.07844194859319], [-124.36341336614582, 40.260973837698174], [-124.35312351085103, 40.3314249653421], [-124.40959128819236, 40.43807590975865], [-124.11814737884589, 40.98926255405305], [-124.16398819232468, 41.13867520954456], [-124.06307574102976, 41.43957944242349], [-124.14347896834259, 41.70928437367912], [-124.24502704265791, 41.7923003973218], [-124.21160553065758, 41.998460140431874], [-124.31428849597589, 42.067863802138206], [-124.41098140223804, 42.25054673121575], [-124.41311852105568, 42.657934025691475], [-124.51001713977291, 42.734746114751], [-124.55244118563834, 42.84056756318153], [-124.43619769255893, 43.071312133976996], [-124.40040349373635, 43.30212079012812], [-124.23353367506131, 43.55712996949917], [-124.15026653188718, 43.910850017797706], [-124.07406580753386, 44.798107108514465], [-123.97542465319101, 45.14547576336517], [-123.93900438160215, 45.661922954519966], [-123.99370354834178, 45.94643074409924], [-123.93747102480026, 45.97730586809809], [-123.92933002407234, 46.0419781766722], [-123.95919062608122, 46.14167511286664], [-124.04112772725304, 46.19767196936638], [-123.99805249147059, 46.235326778095924], [-123.91240559524078, 46.1794502482625], [-123.7575885520549, 46.21300102710405], [-123.71814864637048, 46.18898926643465], [-123.54765931193917, 46.25910862530809], [-123.66950066072698, 46.266831754607445], [-123.70076324791386, 46.305277843633796], [-123.8755250801586, 46.23978684456195], [-123.96942674395392, 46.291398380793325], [-124.08067157920384, 46.267238998257575], [-124.06958318202835, 46.63065135199117], [-123.96064207663686, 46.636363805007285], [-123.92326891812846, 46.672707849097364], [-123.97515666666304, 46.713970886534646], [-124.08098310027428, 46.73500326240189], [-124.1382255189277, 46.905533701258996], [-124.18011142537091, 46.926357228946586], [-124.18854395004216, 47.15785902327098], [-124.23634910254688, 47.28728716533908], [-124.31937818532018, 47.355558715885344], [-124.41210542462385, 47.691198915355145], [-124.67242670845411, 47.96441367421593], [-124.7217255687211, 48.15318502599367], [-124.66926436509263, 48.296353152384114], [-124.72583946999846, 48.386011792786455], [-124.65324251992884, 48.39069090706387], [-124.38087403452023, 48.28469885218707], [-124.10177293879171, 48.216883083902104], [-124.05073466336994, 48.177747088463335], [-123.31457821670229, 48.11372540133836], [-123.23912946829063, 48.1182169756636], [-123.14478283021948, 48.175943383451255], [-123.00412735268854, 48.09051574371996], [-122.76044760809853, 48.143239905963846], [-122.69846509052175, 48.103101936092365], [-122.70129367474206, 47.97297868993544], [-122.65106320525784, 47.92098519209758], [-122.54682437849503, 47.96721527644648], [-122.54292440148622, 47.99640411599896], [-122.60734167473608, 48.030992262699726], [-122.63316714979274, 48.163280663103755], [-122.7115080091971, 48.19357345820961], [-122.75256222206394, 48.26006074653939], [-122.66533868927705, 48.41645323989848], [-122.68912085549096, 48.476849238302606], [-122.64259712293648, 48.588339181178874], [-122.73250606289928, 48.83809663274864], [-122.82163139469944, 48.94136938477658], [-122.75802039498338, 49.00235693760869], [-120.00119849308072, 48.99941771221669], [-117.03235131865576, 48.99918782585752], [-117.03554521327634, 46.41001213026576], [-117.06274850177321, 46.353623793286566], [-116.92395817694604, 46.17091967485571], [-116.98196142878739, 46.08491468982116], [-116.85979551138763, 45.907263933857735], [-116.7875199193993, 45.84020389708717], [-116.59300365577406, 45.778540639569094], [-116.46350420827173, 45.61578504155038], [-116.67464775205228, 45.314341591052], [-116.75464338658368, 45.1139719243718], [-116.84131364712617, 45.030906930273325], [-116.86533832589943, 44.87059927192332], [-116.93180048607422, 44.78718066403284], [-117.06227334128654, 44.72714264528993], [-117.14293040403385, 44.55723605045734], [-117.22593253413353, 44.47938901737471], [-117.24302716995562, 44.39097418314454], [-117.19220262011753, 44.32863013206679], [-117.21697389375622, 44.288357173282506], [-117.17034208282283, 44.258889576649096], [-117.12103693838569, 44.277585000411634], [-117.05935182163842, 44.237244036370505], [-116.97195843195928, 44.23567719427853], [-116.9654985831681, 44.194126277813545], [-116.89593068151605, 44.154295408803144], [-116.97735056684009, 44.08536402814177], [-116.93734177767351, 44.02937632671513], [-117.02357704868689, 43.82381053725661], [-117.02619682969944, 41.99988994954561], [-113.8179637317815, 41.98858038127639], [-111.04668911633331, 42.00156664390112], [-111.04672336958477, 40.997958551506365], [-109.05007592023483, 41.00065927548975], [-109.04522288399224, 36.99908358775837], [-111.27828610776847, 37.00046499039503], [-114.05059960224133, 37.00039570545789], [-114.04683770318397, 36.19406908689745], [-114.15172509134307, 36.024563378853365], [-114.27064549422387, 36.03571987788912], [-114.37210570605504, 36.14311400186685], [-114.44865354019853, 36.126410089208946], [-114.57203059093551, 36.151610284383906], [-114.73616537425596, 36.10436678891369], [-114.73115945220299, 35.94391621545902], [-114.66968731291432, 35.865083709692655], [-114.70370968302244, 35.814585408087495], [-114.68940680431051, 35.65141245603508], [-114.65340564714278, 35.61078892669286], [-114.66449989165537, 35.44949707404628], [-114.62713711314113, 35.409503869238556], [-114.57274738445906, 35.1387248160834], [-114.61990544409545, 35.12163184954324], [-114.63348740214605, 35.00185712645514], [-115.6476830295074, 35.809358325204116], [-115.56937695520419, 35.74779675479164], [-117.56150568954271, 35.02567067517732], [-117.71154125180192, 34.64628624271052], [-117.89903372327359, 34.5423963990805], [-118.01078106160854, 34.371104222695365], [-118.10354690363205, 34.325171836453336], [-118.18155060553065, 34.1860401817291], [-118.288924502045, 34.14869468013582], [-118.22665430870512, 34.113364983599105], [-118.226748730256, 34.14563998531815], [-118.18779776106528, 34.15350667581767], [-118.17682534975295, 34.015768266002354], [-118.13467111452114, 33.986875538957186], [-118.1607640291064, 33.94553279926954], [-118.1972452824216, 33.965596345460334], [-118.18235693259648, 34.01375482768221], [-118.22431098398845, 34.01512687669729], [-118.20383375319295, 34.08288965134433], [-118.34921971295492, 34.09071517430297], [-118.35572313852346, 34.16215233407771], [-118.4548906277087, 34.11304569176365], [-118.48098663321665, 34.121100701385295], [-118.47381123934696, 34.17366946857259], [-118.53727883493171, 34.19422325241253], [-118.5278036422664, 34.12593756261122], [-118.57203808296629, 34.118687457126754], [-118.55177371802205, 34.19648312319447], [-118.60669822740465, 34.24529882333004], [-118.65987167336324, 34.161347294445946], [-118.74171300217596, 34.18670927743022], [-118.702494510292, 34.25002844017795], [-118.65755032185598, 34.25718994676233], [-118.63556839695514, 34.330837412090474], [-118.5498571234984, 34.352179579731555], [-118.65359132932771, 34.445770956654414], [-118.84836503061435, 34.52577983375091], [-118.91004213115569, 34.36380390045097], [-118.99467384766493, 34.30935570881758], [-119.14896337732428, 34.317083463502556], [-119.22459306744102, 34.391046769595526], [-119.32365153515968, 34.28338358909569], [-119.56093076626763, 34.403155313216885], [-119.51008924148239, 34.72358770135772], [-119.4531415506869, 34.83167059708104], [-119.20259322444404, 34.757232781225966], [-118.89933336977911, 34.764330752083], [-118.451379375561, 35.217541578623276], [-118.31124580157716, 35.30897946877347], [-118.32566333877884, 36.1749047670774], [-118.30421040761289, 36.269622099688156], [-118.03592166868759, 36.63020274839492], [-119.96429440100444, 36.485634524882535], [-119.74880717666905, 36.77502395134123], [-119.92659120140384, 37.08947998530018], [-119.8846910977649, 37.26786710897681], [-120.75233770251117, 36.97274350886097], [-120.81087074621514, 37.05476472769837], [-120.68577073875491, 37.45367326256364], [-120.98647961339898, 37.533480127969064], [-121.21181987933595, 37.45462706799857], [-121.19860113812659, 37.61198927968319], [-121.25239739780187, 37.719613171300566], [-121.34413316222998, 37.745553986388344], [-121.52963003292898, 37.638030007560175], [-121.5993153101544, 37.66502546285663], [-121.67721214298503, 37.62822072473643], [-121.81735002574726, 37.71058836887279], [-121.94612907632029, 37.64697052183343], [-121.94888116192189, 37.790968402966776], [-122.05206455650914, 37.79698537949254], [-122.06529409217086, 37.895170047966786]]], [[[-122.8179122114675, 48.48388779289205], [-122.80352087264934, 48.42874837644496], [-122.87413502319212, 48.418196024518636], [-123.14147809041957, 48.50529082765374], [-123.23714836802266, 48.68346623300676], [-123.0704264303535, 48.69997102749397], [-122.93792469428499, 48.790315504046674], [-122.81843675748019, 48.744629279989155], [-122.74304862069643, 48.661990878651295], [-122.79901059602109, 48.60468303483375], [-122.77912444823804, 48.508911174556744], [-122.8179122114675, 48.48388779289205]]], [[[-122.42276814980664, 37.8038949796786], [-122.45952733651292, 37.76122023507357], [-122.51198268251218, 37.77112991057276], [-122.42276814980664, 37.8038949796786]]]]}, "properties": {"scenario_id": "51_13_11_24_3", "bundle": "N", "bundle_title": "National only", "district_raw": "N_02", "district": "N_02", "wholesaler": "R0002", "mass": 703.70074207, "color": "#4c1daf"}}, {"type": "Feature", "geometry": {"type": "Polygon", "coordinates": [[[-99.87783978362054, 27.82437625955592], [-99.93216052690792, 27.96770991026809], [-99.98492335434668, 27.990728627359868], [-100.07547439732564, 28.124881798211987], [-100.26760433860893, 28.25026875947953], [-100.39727003542501, 28.57563672552017], [-100.50035357227438, 28.661960090471545], [-100.53583029471687, 28.805888054964345], [-100.62720597576129, 28.903734240230804], [-100.67465553136104, 29.099777313006197], [-100.77264923181403, 29.16849182249457], [-100.79568092141498, 29.227730427881237], [-100.88684185669236, 29.30784785780871], [-100.99560675216742, 29.363403299001682], [-101.0601514408178, 29.458660805255747], [-101.13750340192173, 29.47354226312074], [-101.19271972498495, 29.520284951232856], [-101.25489540402913, 29.520342432453354], [-101.30553328997473, 29.57792464865786], [-101.3073316458309, 29.640716427643408], [-101.36719787394168, 29.66404060641539], [-101.40063551794113, 29.738078658600497], [-101.45349899294848, 29.759671185646887], [-101.5615692867149, 29.794658115016276], [-101.65457814051823, 29.76516325915593], [-101.96616660051916, 29.807342822475672], [-102.11568179069766, 29.792390096710637], [-102.3013805287816, 29.877673631914064], [-102.34986117684824, 29.862316644014644], [-102.39290605747736, 29.765569191569398], [-102.51268680735262, 29.780302761835696], [-102.67719172475526, 29.738260874638566], [-102.80869159979595, 29.522319314399127], [-102.82456421803731, 29.3995584127125], [-102.89102227294177, 29.287112563907495], [-102.871347272496, 29.241625214565175], [-103.07635531177316, 29.085721743855085], [-103.12674833355939, 28.982123848662013], [-103.2811903668111, 28.982138051823306], [-103.52461252639112, 29.120997733198823], [-103.72474305884671, 29.191470415721653], [-103.78903369805936, 29.257501675410342], [-104.05559648667185, 29.330910140781153], [-104.22908143882297, 29.48105030869683], [-104.37117495018624, 29.543062667249924], [-104.5397605149002, 29.676073843341758], [-104.56568824989486, 29.77046240973948], [-104.67232680715293, 29.91111163945684], [-104.70278817740783, 30.211735895738133], [-104.8595209297387, 30.390413079177826], [-104.92479560130113, 30.604831993590096], [-104.97207128044968, 30.610259996150734], [-105.00123973604946, 30.672582680908526], [-105.06233424664507, 30.686303154040832], [-105.2186597767494, 30.801566575730373], [-105.3942415019949, 30.8529787454387], [-105.39960851456865, 30.88894063912705], [-105.55743043568769, 30.99022857337305], [-105.62734944742272, 31.098544647147236], [-105.7732566037582, 31.16689704967904], [-105.95394288331612, 31.364749070843246], [-106.1756752470532, 31.456278872461905], [-106.41794008667212, 31.752009174892482], [-106.48464201518902, 31.747808810054238], [-106.53173096620192, 31.78391010710094], [-108.20839423956242, 31.78359939431628], [-108.20857274695328, 31.33339491215958], [-109.05004407717621, 31.332502307114957], [-109.04522288399224, 36.99908358775837], [-105.71846974136444, 36.99584569913486], [-102.0422400726963, 36.99308263685467], [-102.0517436036864, 40.00307821493882], [-98.72637256143332, 40.00233593732564], [-95.30828997730872, 39.99999821628843], [-95.08153374835005, 39.86171754719197], [-94.95154008003048, 39.90053295340045], [-94.87867691548892, 39.82652219012565], [-94.86037135022205, 39.74952990671761], [-94.9710780888923, 39.7231458398166], [-95.047165140481, 39.59511710597814], [-95.11355738505446, 39.55394106310075], [-94.946661598412, 39.39971664528423], [-94.88897235748519, 39.39243242415914], [-94.90806532048566, 39.32366319748918], [-94.79966303530495, 39.20601805988534], [-94.7419376256671, 39.17020311831867], [-94.68033588537266, 39.18430256861195], [-94.59193346164122, 39.15500344079293], [-94.61791882389258, 36.499414316320454], [-94.4315148352162, 35.369590902626584], [-94.48587473991257, 33.63786705357462], [-94.35416507978009, 33.55645180126751], [-94.18339458518018, 33.59221192374846], [-94.04342744896259, 33.55142523881242], [-94.0420521517742, 32.02970014778093], [-94.45992341139588, 32.058716216136645], [-94.69046148754788, 32.02109322534698], [-94.8944219979403, 31.728667478700604], [-95.63509632795324, 31.241711233393282], [-95.72535894831178, 31.263925172693472], [-95.95356281051782, 30.733290112916862], [-96.03278605942582, 30.376282351518498], [-95.86638149156794, 30.189170788850248], [-95.8681987770922, 30.078649862035896], [-95.91658995637258, 29.9982558030904], [-96.05057718373878, 29.899188248294625], [-96.14762266097365, 29.705174444281205], [-95.96187661090188, 29.67006547106223], [-95.76615755446866, 29.697496187768735], [-95.71881824804811, 29.599289573669978], [-95.74822979290279, 29.553556667198755], [-95.72306098513411, 29.30369853889619], [-95.81536599978818, 29.22387252428577], [-95.65618911743155, 29.142787573922913], [-95.38371501775953, 28.866178410322004], [-96.19441195559787, 28.502224445492807], [-96.3903755895573, 28.38181472097772], [-96.44284868644472, 28.317666020342916], [-96.71962700173805, 28.1645936683037], [-97.00332494780287, 27.90830663079568], [-97.21267865951398, 27.596420409140986], [-97.33612156241024, 27.317818287998804], [-97.37869687799721, 27.06004429213691], [-97.3227500841718, 26.701746308929778], [-97.1969346969892, 26.305865189545244], [-97.15660802826915, 25.949021842054254], [-97.20694466620488, 25.96089887612601], [-97.33834566636575, 25.92312476735212], [-97.37286403029137, 25.84011662067495], [-97.4226360289543, 25.840377836811722], [-97.64401122885263, 26.006614437496935], [-97.79529120801821, 26.055217918538478], [-98.19704558302399, 26.05615302688213], [-98.44253577091133, 26.199150599755754], [-98.6134653577619, 26.25202772565963], [-98.65422054745478, 26.235960035916218], [-98.80734762143764, 26.36942132344958], [-98.89096452442656, 26.357569417952487], [-99.03231559319659, 26.412082165816564], [-99.08200214091887, 26.39651022888013], [-99.11085536387564, 26.42627814322389], [-99.10503134010213, 26.500335001630763], [-99.17140414286428, 26.549847871635944], [-99.26861266978483, 26.84321270449465], [-99.44697047018751, 27.026026375799162], [-99.44523837430165, 27.223341218110683], [-99.48793652895645, 27.294940858674497], [-99.52965385990386, 27.30605141427025], [-99.48752086639587, 27.41239597112711], [-99.53013776714053, 27.5802066625346], [-99.55681212889863, 27.614336278349196], [-99.7046012700976, 27.654953939696387], [-99.87783978362054, 27.82437625955592]]]}, "properties": {"scenario_id": "51_13_11_24_3", "bundle": "N", "bundle_title": "National only", "district_raw": "N_03", "district": "N_03", "wholesaler": "R0003", "mass": 587.32145919, "color": "#af631d"}}, {"type": "Feature", "geometry": {"type": "MultiPolygon", "coordinates": [[[[-87.57508833100991, 37.91434154551912], [-87.62585061580602, 37.851918904170724], [-87.72363495363312, 37.8920580219174], [-87.8080131033492, 37.875190948738144], [-87.87253964553099, 37.92099877319152], [-87.92174384313086, 37.90788509585242], [-87.93812797708976, 37.87065144669777], [-87.90380447301112, 37.817762199008065], [-87.97026207171088, 37.78185639852757], [-88.02802962772984, 37.79922408242116], [-88.0673645119444, 37.85605108533011], [-88.01631096372088, 37.96157384665257], [-88.03088408840439, 38.03071332204531], [-87.92746756289368, 38.151946071354274], [-87.97581862784232, 38.19783429115387], [-87.96896759501877, 38.237388957855075], [-87.83197168303388, 38.30724089396429], [-87.7140474582315, 38.479880224522425], [-87.65416552094898, 38.51191066347716], [-87.6201195424932, 38.63948880874329], [-87.54553833077243, 38.67761270716457], [-87.49894799969032, 38.757773717233796], [-87.54737018688209, 38.875614009674834], [-87.52949622328421, 38.971924725952654], [-87.57911710523376, 39.00160720521748], [-87.5725875547954, 39.0572860873333], [-87.6404345480573, 39.166726798511995], [-87.57702897494686, 39.21112257821281], [-87.6003964511799, 39.3129041381057], [-87.53164597446155, 39.347887610636064], [-87.52404422892529, 41.70833465117631], [-87.47074142903574, 41.672834842119876], [-87.41581655382984, 41.688182961697656], [-87.36543858085794, 41.629535752481786], [-87.26153569070492, 41.62033603838612], [-87.02788811649322, 41.674660722241214], [-86.82482776647603, 41.76024002640987], [-84.80588261895535, 41.760216211808654], [-84.80608229159645, 41.69608888500905], [-84.73870772564443, 41.69779638954057], [-84.7459151439602, 41.76516632273038], [-84.18927200139403, 42.0865938015548], [-84.11531707751531, 42.179412253788755], [-84.1273532948781, 42.38748305909518], [-84.06979013662308, 42.394891689421954], [-83.60254826881034, 42.27690540141491], [-83.56564848733647, 42.31001536603152], [-83.43613539714822, 42.30323320623858], [-83.43876207602858, 42.359167831134556], [-83.35432795658899, 42.34986025709944], [-83.36822732344298, 42.31545384145658], [-83.3072016684005, 42.26924410084619], [-83.19796548249224, 42.294754431351265], [-83.10509112575357, 42.26371332074921], [-83.1335105946829, 42.08814308404467], [-83.44166822468182, 41.80864573519202], [-83.42407645155616, 41.740738326958805], [-83.45383263638479, 41.732646726376345], [-83.40953101569207, 41.691246946339426], [-83.32682440130489, 41.701562319685856], [-83.06659304000675, 41.59534019223659], [-82.9343691145122, 41.51435333520062], [-82.83410045721648, 41.58758710980774], [-82.71787833547134, 41.54193024759705], [-82.61695208318541, 41.42842525087306], [-82.53320788146036, 41.391157246990566], [-82.46059963364408, 41.386315920455296], [-81.99456535784957, 41.51443990552318], [-81.73875482946018, 41.488549992227725], [-81.28692486154121, 41.76024294112653], [-80.32997638855697, 42.036168257384226], [-80.0885120198002, 42.173183923821654], [-80.02032354121607, 42.16311610925789], [-79.7619509101818, 42.26986025337381], [-79.76131345883029, 41.99880767899212], [-77.83202954648144, 41.99852393302739], [-75.34112512577602, 41.99277164764067], [-75.2630053790805, 41.885108873289184], [-75.11336928332663, 41.840697650656566], [-75.07441221503683, 41.80219077974704], [-75.04387942625941, 41.57509390543952], [-74.98246314765792, 41.49646737728779], [-74.73489271058504, 41.425818050145516], [-74.69491443766863, 41.357423413192876], [-74.8157028348815, 41.29615083347029], [-74.93814990827968, 41.13573968214795], [-75.1137292090086, 41.23787786882362], [-75.25519773090066, 41.08157661791641], [-75.25497974361019, 41.02361990736121], [-75.06925547035523, 40.88022795076699], [-75.10850443875108, 40.7910941710919], [-75.17747737091939, 40.76422495974928], [-75.19218346742352, 40.694243870563156], [-75.28768196563644, 40.63608908002076], [-75.13041911061595, 40.505902698724285], [-75.07152841496051, 40.51962926377627], [-75.05610220907924, 40.41606594478387], [-74.9695974785706, 40.39977000530614], [-74.8691761445676, 40.28775249240563], [-74.91395310456413, 40.2222311541658], [-74.8718108473197, 40.15459552443894], [-74.90874643421172, 40.1369663089431], [-74.88564167814127, 40.077811574207736], [-74.97936524963822, 40.04299693141643], [-75.08636467255607, 40.06381997675066], [-75.12747227087753, 40.02503055781446], [-75.06427092763697, 39.99014928113204], [-75.13472582529221, 39.92509606126871], [-75.218592726372, 39.93454207617901], [-75.24504861464764, 39.85702529177647], [-75.34176467526464, 39.846081678021214], [-75.41506217400892, 39.80191933271169], [-75.51629550025338, 39.833130440121], [-75.56208009841899, 39.89853012125989], [-75.66078175050122, 39.891048279658555], [-75.68971972092316, 39.807007665216446], [-75.88522722524627, 39.91713003128413], [-76.00183986839825, 39.901084202619906], [-76.13714064679559, 39.72274242443161], [-76.28946239181833, 39.85349150365444], [-76.42203053989275, 39.856306061480566], [-76.52548727842009, 39.99876025018995], [-76.78102264915319, 39.81663265400855], [-76.75730576657183, 39.7211984332191], [-77.12379850744624, 39.720208868668664], [-77.10657569930487, 39.79707164275414], [-77.2665421751574, 40.005049586155266], [-77.3829933984151, 40.005632642602336], [-77.43270556922596, 39.91142291906722], [-77.66606660293805, 39.834677328576305], [-77.74942879920857, 39.860335346377894], [-77.8495641534012, 39.8329445555393], [-78.09322802326474, 39.98349799896169], [-78.04414703498611, 40.19580867244607], [-78.31356689878513, 40.21362222667539], [-78.5719833530085, 40.180277639537294], [-78.81648572248234, 40.07346524063087], [-79.07464081525404, 40.1743789881299], [-79.30520631160886, 40.12714221446035], [-79.34097386621127, 40.061294497971986], [-79.31999122099018, 39.72184508232454], [-79.3730219241238, 39.72155294525581], [-79.72127786618913, 40.02931824011788], [-80.25033315687476, 39.75327274483123], [-80.28398204523273, 39.721389308805286], [-79.47666239989555, 39.72107853105007], [-79.48687339054297, 39.205960853186546], [-79.28372257473222, 39.30963983295165], [-79.09132899943762, 39.4724069952237], [-78.95675131008447, 39.44026391526239], [-78.77113963274374, 39.638386643093895], [-78.7070977891237, 39.55585685567669], [-78.46095145580081, 39.52598730621008], [-78.38295954154523, 39.62224584672735], [-78.08226006752601, 39.671166400478576], [-78.0067343757108, 39.60133747471549], [-77.82981406913586, 39.58728756266952], [-77.71951901446813, 39.321314053071596], [-77.82815678891029, 39.13232934723613], [-78.34708685005232, 39.4660122917395], [-78.3404804817383, 39.3534921184693], [-78.40181321593367, 39.27675420148954], [-78.41394295290971, 39.158415347199295], [-78.56171089698182, 39.009007064763274], [-78.77279252874541, 38.893741726409395], [-78.86927555587836, 38.7629912047348], [-78.9990139340238, 38.84007374504114], [-79.0929551124682, 38.65951686231952], [-79.2977583124716, 38.41643830355035], [-79.47663749784502, 38.45722821701416], [-79.54257001229226, 38.553216816998976], [-79.64907511785295, 38.59151508430868], [-79.68967489382702, 38.43143874877644], [-79.80409257543565, 38.313921949958086], [-79.78754179021637, 38.27329837619158], [-79.91617372856795, 38.184385959622645], [-79.97123060921932, 38.0443256263811], [-80.19963302191094, 37.82750685823579], [-80.29225782510731, 37.6837323483842], [-80.22338561049739, 37.623184936380646], [-80.28244029306383, 37.58548135601985], [-80.2916442026184, 37.5365046225819], [-80.46481962058684, 37.426143493995376], [-80.54483559881652, 37.47469509783954], [-80.77008174001729, 37.37236307380246], [-80.86514780246117, 37.41992654967073], [-80.88324811922624, 37.383933434350745], [-80.83547908575197, 37.33482431563129], [-81.22510361004294, 37.234873856038206], [-81.36215645234631, 37.33768701774025], [-81.5606254300939, 37.206662836088846], [-81.6786032376006, 37.202467133760095], [-81.89600112469884, 37.331967063456304], [-81.98489119500941, 37.45431530194779], [-81.93227925444988, 37.511961227472334], [-82.064417807583, 37.5445159129735], [-82.29611778534026, 37.686173780868415], [-82.32735643056431, 37.76223285207468], [-82.48755640276079, 37.916975014169864], [-82.46498690559235, 37.97685932630404], [-82.62618169109498, 38.134834667821984], [-82.57187702988197, 38.31578119774447], [-82.6184735578031, 38.47708883030289], [-82.7248454141132, 38.55760026509619], [-82.80011186113158, 38.56318294273056], [-82.85131436071185, 38.6043340078237], [-82.88919334170811, 38.75607585155351], [-83.01181576225049, 38.730057040097776], [-83.17264659023769, 38.62025179750805], [-83.23951484717448, 38.628588206205684], [-83.28651443928185, 38.599241325888926], [-83.37630243460869, 38.66147281301444], [-83.53333909491738, 38.702104966849944], [-83.62692147396615, 38.67938723940532], [-83.67948378213718, 38.63003603020398], [-83.77216005076154, 38.658150243911166], [-83.85208484258163, 38.75143332309032], [-84.21290415424204, 38.805707101897326], [-84.29725511345875, 38.98969366549652], [-84.40093961059387, 39.04636224759083], [-84.44524151776358, 39.11446133737233], [-84.60792826392726, 39.073238183192565], [-84.75074874299254, 39.14735796628251], [-84.89717052746913, 39.05240665174785], [-84.83261683805237, 38.9614603560286], [-84.87776247231965, 38.9203567607603], [-84.78640622972249, 38.882220153691094], [-84.81287672835813, 38.786087345026324], [-84.96253536495237, 38.778034961463476], [-85.18727832829757, 38.68760894755419], [-85.27545409818055, 38.741172291619236], [-85.44886175788618, 38.713368074217016], [-85.43313581375543, 38.523913983048736], [-85.49886603617611, 38.46824184708199], [-85.58775817195078, 38.45049523223442], [-85.68356090950292, 38.29546922364779], [-85.75096233322019, 38.267870043518485], [-85.81616442406558, 38.282969102370686], [-85.89476427963142, 38.18846922358052], [-85.92239536343988, 38.02867939327345], [-86.03338604269054, 37.97038220584979], [-86.0957654767118, 38.00892988627282], [-86.2064387144479, 38.021876297388964], [-86.32127392011914, 38.14741786814375], [-86.52182554019343, 38.03832683093907], [-86.50936754668477, 37.90288689987605], [-86.59984758341503, 37.906753856475895], [-86.61521455785876, 37.852856631417986], [-86.72224715521232, 37.89264771709891], [-86.81091339934319, 37.99715015456679], [-87.01031456028109, 37.91966776536818], [-87.10561396822169, 37.76763111101638], [-87.18006336978242, 37.84137547767777], [-87.41858453891346, 37.94476257200697], [-87.57508833100991, 37.91434154551912]]], [[[-82.78887664355872, 41.64304689251669], [-82.84209852036305, 41.62832325470956], [-82.86334161150992, 41.693692640706416], [-82.8257199861631, 41.722809674018954], [-82.78271920761034, 41.69400291101654], [-82.78887664355872, 41.64304689251669]]]]}, "properties": {"scenario_id": "51_13_11_24_3", "bundle": "N", "bundle_title": "National only", "district_raw": "N_04", "district": "N_04", "wholesaler": "R0004", "mass": 571.99426842, "color": "#281daf"}}, {"type": "Feature", "geometry": {"type": "Polygon", "coordinates": [[[-74.33584901619263, 40.59734132939622], [-74.39265802232639, 40.71443659478303], [-74.36375232778187, 40.79219565490831], [-74.39730281570719, 40.80559762518681], [-74.33971152904668, 40.85418933731188], [-74.34407593758698, 40.9413551954509], [-74.19611404680074, 40.980962090395714], [-74.17651633344396, 41.030341833541605], [-74.08696336574992, 41.00357331098572], [-74.09508742859045, 41.08254015106732], [-73.89397904127303, 40.99719669665809], [-73.99222490329304, 40.78684561867458], [-73.89149267212832, 40.72876465797381], [-73.8486103029013, 40.736262041531546], [-73.85331799949037, 40.61676678908518], [-73.7846676871649, 40.59379287183425], [-73.74853714905568, 40.645982250079435], [-73.56113662674102, 40.58916687179771], [-73.77492767522564, 40.59075879266046], [-73.94059041000976, 40.54289600507606], [-74.05731536407825, 40.59754611592308], [-74.11258448406929, 40.547603186248054], [-74.26061157513436, 40.502435992993156], [-74.21683853523767, 40.558617627983665], [-74.33584901619263, 40.59734132939622]]]}, "properties": {"scenario_id": "51_13_11_24_3", "bundle": "N", "bundle_title": "National only", "district_raw": "N_05", "district": "N_05", "wholesaler": "R0005", "mass": 541.96243947, "color": "#1d34af"}}, {"type": "Feature", "geometry": {"type": "Polygon", "coordinates": [[[-88.39502287788672, 30.369425380735084], [-88.46865955838408, 31.933172728800425], [-88.09788744339015, 34.89220205946125], [-88.20006383646789, 34.99563357550231], [-90.30929700986734, 34.99569384338051], [-90.3006969949641, 35.028793323317345], [-90.19714563641898, 35.050731005715356], [-90.16005758148432, 35.1288297112714], [-90.09060948233306, 35.11828677598148], [-90.097946911511, 35.24998341196143], [-90.16659429352659, 35.27458837845726], [-90.08790354844979, 35.36326999834372], [-90.11250352367772, 35.41015283038876], [-90.04530575259398, 35.41543473936029], [-90.02206364360475, 35.45737479493341], [-90.03761469546895, 35.5503286283097], [-89.95849811544763, 35.54170293977132], [-89.9325000758837, 35.607864626172095], [-89.87654764759381, 35.626652811849766], [-89.95658909004227, 35.695486139334406], [-89.91549045872449, 35.75491712041382], [-89.86387408717223, 35.74759199450128], [-89.72342555119485, 35.809382265514905], [-89.72263361789793, 35.8737178421331], [-89.64726993839155, 35.89491974898849], [-89.7330951871491, 36.00060817057157], [-89.69243687594069, 36.02050742220106], [-89.68002857785368, 36.08249356191859], [-89.59210230177894, 36.13563723475368], [-89.69262993734046, 36.22495907808757], [-89.6780461489098, 36.24828424206183], [-89.60237397291968, 36.23810601572362], [-89.55428867229665, 36.27775091234956], [-89.6118193191109, 36.30908772150919], [-89.60054416473399, 36.342984814968105], [-89.52269479335521, 36.34478940973205], [-89.51038007351076, 36.37835568417968], [-89.57148056659055, 36.53808702172728], [-89.5444338949787, 36.574510005617256], [-89.40790657843246, 36.562344794092944], [-89.37869370638718, 36.62229221368357], [-89.32465812307478, 36.624032330196925], [-89.22731913950464, 36.569374693514725], [-89.16548835374421, 36.66242584252419], [-89.2025112919953, 36.716618140056255], [-89.1569902984352, 36.75596759080017], [-89.09884273023341, 36.95785009665361], [-89.16808652414164, 37.07421805424257], [-89.05803598965846, 37.18876667688483], [-88.93174479839146, 37.22759308716901], [-88.5315756271794, 37.06719238681427], [-88.47612747947815, 37.068222893643146], [-88.42477577403024, 37.149900978638605], [-88.51466084138532, 37.290948335780236], [-88.46586099818853, 37.40054732219276], [-88.41859381594679, 37.421986704092106], [-88.35843628302996, 37.40486043743752], [-88.28166648470872, 37.45259594674194], [-88.06229395924458, 37.48783655601954], [-88.16006206847351, 37.65433171200732], [-88.02802962772984, 37.79922408242116], [-87.97026207171088, 37.78185639852757], [-87.90380447301112, 37.817762199008065], [-87.93812797708976, 37.87065144669777], [-87.92174384313086, 37.90788509585242], [-87.87253964553099, 37.92099877319152], [-87.8080131033492, 37.875190948738144], [-87.72363495363312, 37.8920580219174], [-87.62585061580602, 37.851918904170724], [-87.60847911796162, 37.898794069642925], [-87.55127698692435, 37.92541760571536], [-87.41858453891346, 37.94476257200697], [-87.18006336978242, 37.84137547767777], [-87.10561396822169, 37.76763111101638], [-87.01031456028109, 37.91966776536818], [-86.81091339934319, 37.99715015456679], [-86.72224715521232, 37.89264771709891], [-86.61521455785876, 37.852856631417986], [-86.59984758341503, 37.906753856475895], [-86.50936754668477, 37.90288689987605], [-86.52182554019343, 38.03832683093907], [-86.32127392011914, 38.14741786814375], [-86.2064387144479, 38.021876297388964], [-86.0957654767118, 38.00892988627282], [-86.03338604269054, 37.97038220584979], [-85.92239536343988, 38.02867939327345], [-85.89476427963142, 38.18846922358052], [-85.81616442406558, 38.282969102370686], [-85.75096233322019, 38.267870043518485], [-85.68356090950292, 38.29546922364779], [-85.58775817195078, 38.45049523223442], [-85.49886603617611, 38.46824184708199], [-85.43313581375543, 38.523913983048736], [-85.44886175788618, 38.713368074217016], [-85.27545409818055, 38.741172291619236], [-85.18727832829757, 38.68760894755419], [-84.96253536495237, 38.778034961463476], [-84.81287672835813, 38.786087345026324], [-84.78640622972249, 38.882220153691094], [-84.87776247231965, 38.9203567607603], [-84.83261683805237, 38.9614603560286], [-84.89717052746913, 39.05240665174785], [-84.75074874299254, 39.14735796628251], [-84.60792826392726, 39.073238183192565], [-84.44524151776358, 39.11446133737233], [-84.40093961059387, 39.04636224759083], [-84.29725511345875, 38.98969366549652], [-84.21290415424204, 38.805707101897326], [-83.85208484258163, 38.75143332309032], [-83.77216005076154, 38.658150243911166], [-83.67948378213718, 38.63003603020398], [-83.62692147396615, 38.67938723940532], [-83.53333909491738, 38.702104966849944], [-83.37630243460869, 38.66147281301444], [-83.28651443928185, 38.599241325888926], [-83.23951484717448, 38.628588206205684], [-83.17264659023769, 38.62025179750805], [-83.01181576225049, 38.730057040097776], [-82.88919334170811, 38.75607585155351], [-82.85131436071185, 38.6043340078237], [-82.80011186113158, 38.56318294273056], [-82.7248454141132, 38.55760026509619], [-82.6184735578031, 38.47708883030289], [-82.57187702988197, 38.31578119774447], [-82.62618169109498, 38.134834667821984], [-82.46498690559235, 37.97685932630404], [-82.48755640276079, 37.916975014169864], [-82.32735643056431, 37.76223285207468], [-82.29611778534026, 37.686173780868415], [-82.064417807583, 37.5445159129735], [-81.96829747701086, 37.53779797296821], [-82.3553429245016, 37.265220065045774], [-82.72629453055025, 37.11185208005722], [-82.72225411113062, 37.05794787676099], [-82.86918283003905, 36.97418187291632], [-82.89544464534728, 36.882144582892266], [-83.0755894950651, 36.85058918983238], [-83.13639524370154, 36.7430880065909], [-83.5271125357105, 36.665985032440055], [-83.67541279735892, 36.60081366805367], [-81.93414358937328, 36.594212638627454], [-81.92264362505318, 36.616212674647535], [-81.64690010956188, 36.61191782005666], [-81.67753445183806, 36.5881169587497], [-80.02726897534116, 36.542494682516555], [-78.45727781141706, 36.54144895720563], [-75.86704371518807, 36.550753753029056], [-75.79640970878431, 36.29035124212221], [-75.49608655404187, 35.728514838039324], [-75.45865855863939, 35.59659676444123], [-75.53362745520967, 35.225824866198906], [-75.75791558483934, 35.18307892125929], [-76.137269104129, 34.98785797579993], [-76.38680416132335, 34.784579327740396], [-76.53594647222941, 34.58857705486304], [-76.6187193122673, 34.67255043205255], [-76.72696895743775, 34.69669032899202], [-76.90625674837062, 34.68281987659323], [-77.13684270254106, 34.632925846070975], [-77.46292200129263, 34.47135385612936], [-77.76402237834569, 34.24564097117946], [-77.96017203214878, 33.853315204307066], [-78.13695165268288, 33.91217836132052], [-78.38396439245793, 33.901946538357016], [-78.77273728456794, 33.76851109522402], [-79.08458764499173, 33.48366919658828], [-79.16233173841032, 33.32724571463139], [-79.1723936112247, 33.20657720046621], [-79.32990856860297, 33.089985699066546], [-79.35996121260233, 33.00667172172341], [-79.48349897695427, 33.001264989277495], [-79.5224494385187, 33.035350256463104], [-79.58072532434326, 33.006446707038116], [-79.60661539464114, 32.97224824941999], [-79.56976221105685, 32.926691933904436], [-79.86835236643437, 32.734848932913934], [-79.8849607736317, 32.684402400405], [-80.00080087343225, 32.60589225010256], [-80.14840613198946, 32.57847908854575], [-80.33835405485829, 32.47873000813325], [-80.46571037344509, 32.49530003298082], [-80.48461709736995, 32.46097614959061], [-80.43430342995673, 32.375193018877994], [-80.4551923067955, 32.32645829050326], [-80.59639405369528, 32.27354867298308], [-80.71460119925821, 32.325656310893606], [-80.76603839697852, 32.292608369336286], [-80.66916628896726, 32.21678318768035], [-80.72146266543817, 32.1604267383561], [-80.85873500438177, 32.09958123271882], [-80.88551650228277, 32.034600030200814], [-80.84312992288054, 32.02422598519721], [-80.8484413139591, 31.988279455678555], [-81.1306339293934, 31.72269183086033], [-81.13349332177222, 31.62334819798169], [-81.27933811486017, 31.351126568428423], [-81.28284176163638, 31.244330024494356], [-81.40209607847247, 31.125383116100263], [-81.40515285099107, 30.908202658144987], [-81.46006107028106, 30.7699119003741], [-81.44412350324217, 30.70971398958776], [-81.73223814382808, 30.74963538953099], [-81.94318708823614, 30.82743710368053], [-82.03266682512846, 30.750673776605023], [-82.04076601192396, 30.370144458451236], [-82.1800429204619, 30.368609654201602], [-82.21860717044433, 30.564395461278206], [-84.86469287938368, 30.71154184467723], [-84.91814964794193, 30.772081619795014], [-85.00249911205198, 31.000681578769157], [-87.59893739351126, 30.997422446760986], [-87.63494319603387, 30.86585707640404], [-87.52362121922468, 30.738285408550247], [-87.4001886331612, 30.657201197346417], [-87.44472201209432, 30.507484223668722], [-87.36660136112575, 30.436642606386012], [-87.43178417747244, 30.40319270567551], [-87.51832352329454, 30.280435123860986], [-87.65688760900642, 30.24970897020096], [-87.89320146097567, 30.239236767860202], [-87.80646642514365, 30.279798502894074], [-87.796717498425, 30.3241977789583], [-87.93335466216412, 30.487356807141293], [-87.90171064140408, 30.55087865792353], [-87.93106990412691, 30.65269432077934], [-88.0083959646316, 30.684956449428196], [-88.06199788108508, 30.644890659353184], [-88.13617282901889, 30.320729183538678], [-88.25776396572007, 30.318933121035442], [-88.31160786002056, 30.36890805009858], [-88.36402199581993, 30.388006112597807], [-88.39502287788672, 30.369425380735084]]]}, "properties": {"scenario_id": "51_13_11_24_3", "bundle": "N", "bundle_title": "National only", "district_raw": "N_06", "district": "N_06", "wholesaler": "R0006", "mass": 693.91283297, "color": "#af1d1d"}}, {"type": "Feature", "geometry": {"type": "Polygon", "coordinates": [[[-95.74822979290279, 29.553556667198755], [-95.71881824804811, 29.599289573669978], [-95.77287786136728, 29.70052951927349], [-95.96187661090188, 29.67006547106223], [-96.14762266097365, 29.705174444281205], [-96.05057718373878, 29.899188248294625], [-95.91658995637258, 29.9982558030904], [-95.8681987770922, 30.078649862035896], [-95.86638149156794, 30.189170788850248], [-96.03278605942582, 30.376282351518498], [-95.95356281051782, 30.733290112916862], [-95.72535894831178, 31.263925172693472], [-95.63509632795324, 31.241711233393282], [-94.8944219979403, 31.728667478700604], [-94.69046148754788, 32.02109322534698], [-94.45992341139588, 32.058716216136645], [-94.0420521517742, 32.02970014778093], [-94.04342744896259, 33.55142523881242], [-94.18339458518018, 33.59221192374846], [-94.35416507978009, 33.55645180126751], [-94.48587473991257, 33.63786705357462], [-94.4315148352162, 35.369590902626584], [-94.61791882389258, 36.499414316320454], [-94.59193346164122, 39.15500344079293], [-94.68033588537266, 39.18430256861195], [-94.7419376256671, 39.17020311831867], [-94.79966303530495, 39.20601805988534], [-94.90806532048566, 39.32366319748918], [-94.88897235748519, 39.39243242415914], [-94.946661598412, 39.39971664528423], [-95.11355738505446, 39.55394106310075], [-95.047165140481, 39.59511710597814], [-94.9710780888923, 39.7231458398166], [-94.86037135022205, 39.74952990671761], [-94.87867691548892, 39.82652219012565], [-94.95154008003048, 39.90053295340045], [-95.08153374835005, 39.86171754719197], [-95.38295657771145, 40.027112040891], [-95.41473383003273, 40.06982028624232], [-95.39421624462936, 40.10826282960768], [-95.48101969670167, 40.18852391433088], [-95.4725480255246, 40.23607823256503], [-95.65372864041075, 40.32258216410822], [-95.64941828811469, 40.39614890310167], [-95.71429125529163, 40.527207787347955], [-95.75710994864976, 40.52599030042615], [-95.76564470345129, 40.5852084025767], [-94.09108444270483, 40.57289713240715], [-91.72911558040953, 40.61363964975111], [-91.49809254314154, 40.40192622356849], [-91.4194218659599, 40.37826434210245], [-91.46965549975893, 40.32240888697949], [-91.51195629537055, 40.17044091493241], [-91.43605099782867, 39.84551034500609], [-91.36157051915804, 39.78754773604115], [-91.36775342025378, 39.729028812857045], [-91.14827462989312, 39.545797689608676], [-91.10030724027999, 39.5386951644967], [-91.03827004207095, 39.448436253257185], [-90.72996002572741, 39.25589381773415], [-90.68108633578925, 39.1005902988242], [-90.71362862679392, 39.053976845028245], [-90.65725362236482, 38.92027039509179], [-90.55569359879247, 38.87078484267336], [-90.46778414395507, 38.96180895093215], [-90.3958155504504, 38.960037164022175], [-90.11332694751178, 38.84930602517819], [-90.11770739868963, 38.80574810516741], [-90.2099100529319, 38.726049946611404], [-90.18450959244448, 38.61155071365433], [-90.34974326400643, 38.377608937890436], [-90.36392603720786, 38.236354764986565], [-90.21870802238791, 38.09436539248809], [-90.00835311280507, 37.97017901810449], [-89.95490959928382, 37.96664701027012], [-89.97422088841587, 37.91921726921453], [-89.92318503742462, 37.870671662622854], [-89.85104838427556, 37.90398027504511], [-89.6965595219513, 37.814336685779544], [-89.66799257789854, 37.75948408026967], [-89.52194828056402, 37.696475169521186], [-89.51240029326048, 37.529810340053345], [-89.42594021363183, 37.40747100918337], [-89.42818525665513, 37.35615790286679], [-89.51703205493355, 37.281920311668166], [-89.47052524296278, 37.253356974332235], [-89.35945606074418, 37.04260606616208], [-89.09884273023341, 36.95785009665361], [-89.1569902984352, 36.75596759080017], [-89.2025112919953, 36.716618140056255], [-89.16548835374421, 36.66242584252419], [-89.22731913950464, 36.569374693514725], [-89.32465812307478, 36.624032330196925], [-89.37869370638718, 36.62229221368357], [-89.40790657843246, 36.562344794092944], [-89.5444338949787, 36.574510005617256], [-89.57148056659055, 36.53808702172728], [-89.51038007351076, 36.37835568417968], [-89.52269479335521, 36.34478940973205], [-89.60054416473399, 36.342984814968105], [-89.6118193191109, 36.30908772150919], [-89.55428867229665, 36.27775091234956], [-89.60237397291968, 36.23810601572362], [-89.6780461489098, 36.24828424206183], [-89.69262993734046, 36.22495907808757], [-89.59210230177894, 36.13563723475368], [-89.68002857785368, 36.08249356191859], [-89.69243687594069, 36.02050742220106], [-89.7330951871491, 36.00060817057157], [-89.64726993839155, 35.89491974898849], [-89.72263361789793, 35.8737178421331], [-89.72342555119485, 35.809382265514905], [-89.86387408717223, 35.74759199450128], [-89.91549045872449, 35.75491712041382], [-89.95658909004227, 35.695486139334406], [-89.87654764759381, 35.626652811849766], [-89.9325000758837, 35.607864626172095], [-89.95849811544763, 35.54170293977132], [-90.03761469546895, 35.5503286283097], [-90.02206364360475, 35.45737479493341], [-90.04530575259398, 35.41543473936029], [-90.11250352367772, 35.41015283038876], [-90.08790354844979, 35.36326999834372], [-90.16659429352659, 35.27458837845726], [-90.097946911511, 35.24998341196143], [-90.09060948233306, 35.11828677598148], [-90.16005758148432, 35.1288297112714], [-90.19714563641898, 35.050731005715356], [-90.3006969949641, 35.028793323317345], [-90.30929700986734, 34.99569384338051], [-88.20006383646789, 34.99563357550231], [-88.09788744339015, 34.89220205946125], [-88.46865955838408, 31.933172728800425], [-88.39502287788672, 30.369425380735084], [-88.47187529333327, 30.320019636558264], [-88.6638202530626, 30.362099451128095], [-88.7469445874071, 30.347622384471823], [-88.89392955684893, 30.393398319289098], [-89.08323746455808, 30.368097177810004], [-89.34474586294616, 30.293195570307162], [-89.44746551391765, 30.205097947157753], [-89.84506465442024, 30.018409748403457], [-89.85258340639234, 29.95272077391134], [-89.6470640031808, 29.863602064886457], [-89.59812892558385, 29.88140904730763], [-89.57442533770993, 29.98373810724707], [-89.49406360735156, 30.040971607026442], [-89.3421629830108, 30.05917197099715], [-89.1832562123078, 30.149344328783553], [-89.23629776376744, 29.877080892998446], [-89.29325108746518, 29.80305265086766], [-89.27103377886478, 29.75635524753067], [-89.39916219957094, 29.770591820826123], [-89.40395609522656, 29.681808129783665], [-89.60210885872183, 29.61029463593424], [-89.53215021523057, 29.434567408846725], [-89.31208551669131, 29.388037803629647], [-89.25785197414166, 29.336871723895644], [-89.20038876410203, 29.34441798359567], [-89.11665270051358, 29.219531879203437], [-89.0259736709439, 29.215152664005004], [-89.01428032969693, 29.166912933416995], [-89.06661671374044, 29.090713975095724], [-89.11653013859444, 29.074096617547394], [-89.14286624122384, 28.991623472616833], [-89.25935446892858, 29.058357615645463], [-89.40096601396986, 28.933811688690078], [-89.40353014597538, 29.01696414643999], [-89.36109767674517, 29.07184818573055], [-89.48284379759693, 29.215052746281824], [-89.60665076922005, 29.25202295372837], [-89.63966348149029, 29.29053100559636], [-89.84264118436495, 29.318823077305943], [-90.22358663624782, 29.085075306173135], [-90.74837727906558, 29.040059649278056], [-90.86785286968141, 29.056063794934882], [-90.87758335448262, 29.10489080304555], [-90.9418774112622, 29.162372743965392], [-91.2787921932932, 29.247776463948462], [-91.33488464308078, 29.298775073702938], [-91.26545204553959, 29.360976264503698], [-91.36396664569911, 29.42066379609574], [-91.34751384793285, 29.444437836951714], [-91.3943071911444, 29.497114757604052], [-91.46096322261128, 29.46996091079531], [-91.53102074316618, 29.531543402330723], [-91.54197414708997, 29.594353257607217], [-91.64383167215504, 29.630624735762964], [-91.62382895155503, 29.699239799447035], [-91.66712829649244, 29.745821780786198], [-91.73725265843808, 29.749370384131755], [-91.85306964600906, 29.702935819773028], [-91.87326588300067, 29.627277140845603], [-91.71108066840006, 29.56932827083219], [-91.76826290106612, 29.49036176216175], [-91.82157906161149, 29.47392467518839], [-92.06451257539165, 29.585665210991937], [-92.32346513886405, 29.531496604326566], [-92.68448577678075, 29.60500127373262], [-93.08818246513927, 29.74912468843363], [-93.295573292357, 29.775071263344216], [-93.74194832649313, 29.736343392627415], [-93.86129078159792, 29.67900690605943], [-94.05650624287259, 29.671162997215653], [-94.59485344443685, 29.46790347549395], [-94.73104680916374, 29.369140574704186], [-94.7225302901447, 29.331446411226885], [-95.02621857004307, 29.14806356115264], [-95.38371501775953, 28.866178410322004], [-95.65618911743155, 29.142787573922913], [-95.81536599978818, 29.22387252428577], [-95.72306098513411, 29.30369853889619], [-95.74822979290279, 29.553556667198755]]]}, "properties": {"scenario_id": "51_13_11_24_3", "bundle": "N", "bundle_title": "National only", "district_raw": "N_07", "district": "N_07", "wholesaler": "R0007", "mass": 624.55068069, "color": "#1daf7b"}}, {"type": "Feature", "geometry": {"type": "MultiPolygon", "coordinates": [[[[-118.25868686442867, 33.7037409655709], [-118.42840695769023, 33.77471514167643], [-118.39430700634024, 33.80431465194056], [-118.41270782388234, 33.88391297777391], [-118.48850100948145, 33.996780928494154], [-118.42908541178207, 34.0494652857497], [-118.37640372486553, 34.0339915517204], [-118.36190522858587, 34.05327959380012], [-118.4723699960927, 34.066390711308685], [-118.45251088341342, 34.09380936412396], [-118.3638095328386, 34.05637156451024], [-118.35770455951427, 34.08854140498772], [-118.2260685362392, 34.097246558507], [-118.20383375319295, 34.08288965134433], [-118.22431098398845, 34.01512687669729], [-118.18235693259648, 34.01375482768221], [-118.1972452824216, 33.965596345460334], [-118.1607640291064, 33.94553279926954], [-118.13467111452114, 33.986875538957186], [-118.17682534975295, 34.015768266002354], [-118.18779776106528, 34.15350667581767], [-118.226748730256, 34.14563998531815], [-118.22665430870512, 34.113364983599105], [-118.288924502045, 34.14869468013582], [-118.18155060553065, 34.1860401817291], [-118.06520447408715, 34.35257736433484], [-118.0337825019731, 34.360527719991296], [-118.08629132814669, 34.202500025121054], [-118.16260697876378, 34.170384077391944], [-118.13292155953046, 34.10994858094583], [-118.02752408155605, 34.15826547874734], [-117.94680993859092, 34.267085778691836], [-117.8423771330348, 34.203608881239376], [-117.7009316654114, 34.230347931855604], [-117.7586910267225, 34.10731532394131], [-117.71085828405782, 34.03489794523186], [-117.74311428214696, 33.99211612662284], [-117.66155708233472, 33.954295852834335], [-117.66791168079821, 33.80356172673543], [-117.5727109286, 33.72990460426006], [-117.63557957927392, 33.64954523602189], [-117.61048681874883, 33.56351048655136], [-117.7187777608126, 33.46759972616525], [-118.13269848186845, 33.7532171138622], [-118.25868686442867, 33.7037409655709]]], [[[-118.46536844585546, 33.32605625760987], [-118.59396921891587, 33.4671976561883], [-118.48478538894568, 33.48748322132737], [-118.28626075133438, 33.35146273015807], [-118.32524435721106, 33.299074781976714], [-118.46536844585546, 33.32605625760987]]], [[[-118.42563352703651, 32.80059486630279], [-118.64157748337172, 33.017128791137885], [-118.59403320650866, 33.03595083054221], [-118.3535044511439, 32.82196187255982], [-118.42563352703651, 32.80059486630279]]]]}, "properties": {"scenario_id": "51_13_11_24_3", "bundle": "N", "bundle_title": "National only", "district_raw": "N_08", "district": "N_08", "wholesaler": "R0008", "mass": 710.74874245, "color": "#afaa1d"}}, {"type": "Feature", "geometry": {"type": "MultiPolygon", "coordinates": [[[[-82.74622332928332, 27.731306189862337], [-82.84652606612184, 27.85430108045799], [-82.82816315766007, 28.020130362133653], [-82.85962433504562, 28.17413471070535], [-82.76410292545808, 28.244344564153714], [-82.6650555276709, 28.48443383746057], [-82.66872194189524, 28.695657721693248], [-82.7123729937029, 28.72092123447568], [-82.73024494178958, 28.850155334610264], [-82.68886349281686, 28.90560927641999], [-82.75937802987708, 29.006619337180034], [-82.75970361293018, 29.054191531270554], [-82.82365865318346, 29.09890181847956], [-82.79887573195984, 29.114503601366508], [-82.82707248941021, 29.158425322558706], [-82.99614357567795, 29.178073579725336], [-83.01624794298868, 29.125371422310863], [-83.05320667912784, 29.13083914404548], [-83.07473356290484, 29.247974900718994], [-83.16957606706966, 29.29035535133119], [-83.24050931150911, 29.433177878890213], [-83.2947469069697, 29.4379227209405], [-83.40155238963045, 29.523291447165303], [-83.41470110266474, 29.670536383445395], [-83.53764541048629, 29.723060218096954], [-83.6792187107989, 29.918512597603677], [-84.00071646828404, 30.09620910767121], [-84.2080099071582, 30.084776000287953], [-84.36611456906077, 30.008661611858955], [-84.34906558816483, 29.89681226254589], [-84.47032307815338, 29.92452399914271], [-84.53587281751709, 29.910092099205162], [-84.5774404028146, 29.887828353493074], [-84.5649764429802, 29.810180344854118], [-85.04507431126768, 29.58699092052714], [-85.25971947289848, 29.681295692615453], [-85.3526150393854, 29.659787238663814], [-85.41654809276663, 29.842627927707735], [-85.38473027617555, 29.920949398427883], [-85.48776372107817, 29.961226914040132], [-85.8112193929263, 30.178320479212328], [-86.22256129235964, 30.34358521859685], [-86.63295295887937, 30.396298665418364], [-87.51832352329454, 30.280435123860986], [-87.43178417747244, 30.40319270567551], [-87.36660136112575, 30.436642606386012], [-87.44472201209432, 30.507484223668722], [-87.4001886331612, 30.657201197346417], [-87.52362121922468, 30.738285408550247], [-87.63494319603387, 30.86585707640404], [-87.59893739351126, 30.997422446760986], [-85.00249911205198, 31.000681578769157], [-84.91814964794193, 30.772081619795014], [-84.86469287938368, 30.71154184467723], [-82.21860717044433, 30.564395461278206], [-82.21031783051075, 30.424576568911444], [-82.1800429204619, 30.368609654201602], [-82.14330609459039, 30.363378416595236], [-82.04076601192396, 30.370144458451236], [-82.03266682512846, 30.750673776605023], [-81.94318708823614, 30.82743710368053], [-81.73223814382808, 30.74963538953099], [-81.42742008549851, 30.698020465475654], [-81.43406394596474, 30.52256877967513], [-81.25671082885978, 29.784693223376976], [-80.96617636646258, 29.147959774091593], [-80.58388411959726, 28.597704814004572], [-80.52509434231082, 28.459454272235288], [-80.58781333827764, 28.410856220504698], [-80.6068742884843, 28.336483939679482], [-80.58997533315086, 28.17799005249225], [-80.15337521482884, 27.16930848461727], [-80.03212039953316, 26.77153037852268], [-80.1095663388483, 26.087165468544097], [-80.10995288068031, 25.81825980589721], [-80.15497203839327, 25.665489668643154], [-80.22910732810882, 25.732508710386764], [-80.30146368454257, 25.613299176641], [-80.33704861735873, 25.465620843654946], [-80.31036013441252, 25.389706613856376], [-80.23484900318131, 25.42195955313424], [-80.17602446014925, 25.521154206960713], [-80.16315581655944, 25.452183622992685], [-80.35818283104999, 25.153227768397976], [-80.6511890288534, 24.86613138381099], [-80.96624470092084, 24.707851714409948], [-81.10337333367578, 24.66946308316761], [-81.14871833057813, 24.710476824216617], [-80.84747141323831, 24.851753063171355], [-80.6108689218338, 25.006995206873786], [-80.51657057432162, 25.095456744857064], [-80.49539394641567, 25.199808130504156], [-80.65053216743424, 25.189096960618855], [-80.74774651202466, 25.147440719375187], [-80.81213319099788, 25.186039069544847], [-81.07985867946759, 25.11879665739069], [-81.14227775666264, 25.183000390284537], [-81.17090650861279, 25.24585714047035], [-81.14676534001661, 25.40757692151693], [-81.28990123968165, 25.673554084170608], [-81.35598579773846, 25.703526285167545], [-81.38381030754654, 25.776751071623234], [-81.61473456802273, 25.89397703715763], [-81.6726334189541, 25.856653834595928], [-81.72708583069495, 25.907206575627967], [-81.84455508898846, 26.327711921717], [-81.92361088064388, 26.436658311435423], [-82.01391252043022, 26.452058192525453], [-82.07501541856216, 26.422059076262475], [-82.1807165638977, 26.476256711870573], [-82.24539532233175, 26.601093785187526], [-82.26468241933217, 26.756835815354183], [-82.31427664659557, 26.858383856399712], [-82.53971888461922, 27.254326121835895], [-82.7430173075328, 27.531085913067436], [-82.65071978264601, 27.523115115562284], [-82.43197985255811, 27.76809240355018], [-82.44878557735977, 27.81003608951597], [-82.55394564492329, 27.848461617438797], [-82.7330760061877, 27.612971956838464], [-82.74622332928332, 27.731306189862337]]], [[[-81.44351004203594, 24.813364247862673], [-81.30505356324721, 24.755185141752765], [-81.24323169135263, 24.673997976748932], [-81.81253571571925, 24.54546859924074], [-81.7512660096996, 24.653516704115845], [-81.44351004203594, 24.813364247862673]]], [[[-81.86871111738517, 24.5841204749743], [-81.91885473868817, 24.49813089139242], [-82.0280910084069, 24.49871571044851], [-81.98390799975492, 24.580681629200747], [-81.86871111738517, 24.5841204749743]]], [[[-82.08664339447517, 24.590070914347834], [-82.1007571270136, 24.53328813177865], [-82.17945377637592, 24.52946989723918], [-82.18803147186904, 24.574698875004593], [-82.14409894346838, 24.622480837931267], [-82.08664339447517, 24.590070914347834]]]]}, "properties": {"scenario_id": "51_13_11_24_3", "bundle": "N", "bundle_title": "National only", "district_raw": "N_09", "district": "N_09", "wholesaler": "R0009", "mass": 676.4303846, "color": "#1d9eaf"}}, {"type": "Feature", "geometry": {"type": "Polygon", "coordinates": [[[-117.24606924613505, 32.66935241231992], [-117.282170328015, 32.839547109528674], [-117.25446947495317, 32.90014567379912], [-117.31527773751756, 33.09350409454202], [-117.54769325016149, 33.365491247231894], [-117.7187777608126, 33.46759972616525], [-117.61048681874883, 33.56351048655136], [-117.63557957927392, 33.64954523602189], [-117.5727109286, 33.72990460426006], [-117.66791168079821, 33.80356172673543], [-117.66155708233472, 33.954295852834335], [-117.74311428214696, 33.99211612662284], [-117.71085828405782, 34.03489794523186], [-117.7586910267225, 34.10731532394131], [-117.7009316654114, 34.230347931855604], [-117.8423771330348, 34.203608881239376], [-117.94680993859092, 34.267085778691836], [-118.02752408155605, 34.15826547874734], [-118.13292155953046, 34.10994858094583], [-118.16260697876378, 34.170384077391944], [-118.08629132814669, 34.202500025121054], [-118.0337825019731, 34.360527719991296], [-117.89903372327359, 34.5423963990805], [-117.71154125180192, 34.64628624271052], [-117.56150568954271, 35.02567067517732], [-115.56937695520419, 35.74779675479164], [-114.63348740214605, 35.00185712645514], [-114.61990544409545, 35.12163184954324], [-114.57274738445906, 35.1387248160834], [-114.62713711314113, 35.409503869238556], [-114.66449989165537, 35.44949707404628], [-114.65340564714278, 35.61078892669286], [-114.68940680431051, 35.65141245603508], [-114.70370968302244, 35.814585408087495], [-114.66968731291432, 35.865083709692655], [-114.73115945220299, 35.94391621545902], [-114.73616537425596, 36.10436678891369], [-114.57203059093551, 36.151610284383906], [-114.44865354019853, 36.126410089208946], [-114.37210570605504, 36.14311400186685], [-114.27064549422387, 36.03571987788912], [-114.15172509134307, 36.024563378853365], [-114.04683770318397, 36.19406908689745], [-114.05059960224133, 37.00039570545789], [-111.27828610776847, 37.00046499039503], [-109.04522288399224, 36.99908358775837], [-109.05004407717621, 31.332502307114957], [-111.07482461338998, 31.33223909014771], [-114.81361290326561, 32.494276720606344], [-114.80939351119109, 32.61711934317877], [-114.71963339793865, 32.71876323529525], [-117.12486187554302, 32.53415618622659], [-117.16886546141485, 32.67195166018527], [-117.24606924613505, 32.66935241231992]]]}, "properties": {"scenario_id": "51_13_11_24_3", "bundle": "N", "bundle_title": "National only", "district_raw": "N_10", "district": "N_10", "wholesaler": "R0010", "mass": 563.00526216, "color": "#58e4c2"}}, {"type": "Feature", "geometry": {"type": "MultiPolygon", "coordinates": [[[[-121.86060420355987, 36.61113611821729], [-121.79154392952125, 36.815186201335884], [-121.86226563645157, 36.931552395160246], [-121.90646801372117, 36.96895000467026], [-122.10597537615254, 36.95595074526403], [-122.32297126046353, 37.115459840553406], [-122.3970645689039, 37.18724898773457], [-122.44598683532055, 37.46154104392465], [-122.51668876981624, 37.52134039328515], [-122.51017718763774, 37.76107602948471], [-122.45952733651292, 37.76122023507357], [-122.39813867981314, 37.80562972363066], [-122.35678347013092, 37.72950496162394], [-122.39319034154352, 37.707530964218286], [-122.36021874988866, 37.592500927337824], [-122.16844935441499, 37.504143251719285], [-122.11199851027247, 37.528851282270004], [-122.16304850670691, 37.66793272091235], [-122.33371095751781, 37.80979673778008], [-122.30393057305534, 37.83008690595658], [-122.32857083945301, 37.893462539492916], [-122.24675849904133, 37.89073474986119], [-122.21443457212956, 37.93489841377196], [-122.1493737839728, 37.861675434817684], [-122.06529409217086, 37.895170047966786], [-122.05206455650914, 37.79698537949254], [-121.94888116192189, 37.790968402966776], [-121.94612907632029, 37.64697052183343], [-121.81735002574726, 37.71058836887279], [-121.67721214298503, 37.62822072473643], [-121.5993153101544, 37.66502546285663], [-121.52963003292898, 37.638030007560175], [-121.34413316222998, 37.745553986388344], [-121.25239739780187, 37.719613171300566], [-121.19860113812659, 37.61198927968319], [-121.21181987933595, 37.45462706799857], [-120.98647961339898, 37.533480127969064], [-120.68577073875491, 37.45367326256364], [-120.81087074621514, 37.05476472769837], [-120.75233770251117, 36.97274350886097], [-119.8846910977649, 37.26786710897681], [-119.92659120140384, 37.08947998530018], [-119.74880717666905, 36.77502395134123], [-119.96429440100444, 36.485634524882535], [-118.03592166868759, 36.63020274839492], [-118.30421040761289, 36.269622099688156], [-118.32566333877884, 36.1749047670774], [-118.31124580157716, 35.30897946877347], [-118.451379375561, 35.217541578623276], [-118.89933336977911, 34.764330752083], [-119.20259322444404, 34.757232781225966], [-119.4531415506869, 34.83167059708104], [-119.51008924148239, 34.72358770135772], [-119.56093076626763, 34.403155313216885], [-119.87397091190704, 34.40879518097014], [-120.14116528695659, 34.473405271906444], [-120.45142498751696, 34.4470939890186], [-120.51142107755516, 34.52295278612555], [-120.64573875391702, 34.58103462800666], [-120.60196967623718, 34.69209463009387], [-120.62631977507523, 34.7380717426006], [-120.6102663016958, 34.858180079141256], [-120.6708349888425, 34.90411516295577], [-120.63578705123439, 35.12380511628883], [-120.8967899113314, 35.24787671868649], [-120.86213260107735, 35.36076330866491], [-120.88475660675502, 35.43019562441188], [-121.00335888795581, 35.46070958814157], [-121.16671206509686, 35.63539896678946], [-121.27232241410866, 35.66671050377847], [-121.3324492398317, 35.78310631646025], [-121.46226391613058, 35.885617862532754], [-121.4861998829285, 35.970347827534546], [-121.57460226776932, 36.025156189199556], [-121.680145303611, 36.16581813214179], [-121.88849073103374, 36.30281039199737], [-121.97042730752624, 36.582754343353905], [-121.92386584654678, 36.63455935463501], [-121.86060420355987, 36.61113611821729]]], [[[-119.10978421802952, 34.09456581437304], [-119.22774317722298, 34.161728003678924], [-119.27014434926592, 34.252902933972614], [-119.32365153515968, 34.28338358909569], [-119.22459306744102, 34.391046769595526], [-119.08993080937863, 34.29977861213664], [-118.94442707396037, 34.33134874710148], [-118.84836503061435, 34.52577983375091], [-118.65359132932771, 34.445770956654414], [-118.5498571234984, 34.352179579731555], [-118.63556839695514, 34.330837412090474], [-118.65755032185598, 34.25718994676233], [-118.74250394579914, 34.20360958140883], [-118.71252149811235, 34.16256208872143], [-118.65987167336324, 34.161347294445946], [-118.60669822740465, 34.24529882333004], [-118.55177371802205, 34.19648312319447], [-118.57203808296629, 34.118687457126754], [-118.5278036422664, 34.12593756261122], [-118.53727883493171, 34.19422325241253], [-118.47381123934696, 34.17366946857259], [-118.48098663321665, 34.121100701385295], [-118.4548906277087, 34.11304569176365], [-118.38499794287497, 34.156865835438154], [-118.33271702277312, 34.13830704431559], [-118.3638095328386, 34.05637156451024], [-118.45251088341342, 34.09380936412396], [-118.4723699960927, 34.066390711308685], [-118.3636689101239, 34.055679311819944], [-118.37640372486553, 34.0339915517204], [-118.42908541178207, 34.0494652857497], [-118.48850100948145, 33.996780928494154], [-118.60357188956155, 34.039048438534834], [-118.7449521957231, 34.03210263629536], [-118.80511450314175, 34.00123915842705], [-119.10978421802952, 34.09456581437304]]], [[[-119.36306480297303, 34.000548334118804], [-119.79593750206337, 33.962928767297704], [-119.87335778274198, 33.98037540365129], [-119.91621555067634, 34.058351059497504], [-119.36421365485037, 34.05079366056028], [-119.36306480297303, 34.000548334118804]]], [[[-119.99792448880245, 33.93358528045227], [-120.12181725502157, 33.89571199860489], [-120.20008517701558, 33.956903807605975], [-120.45413398252886, 34.02808117362689], [-120.36827799640376, 34.076464584691706], [-120.13585330280165, 34.02608696516692], [-120.05510679674563, 34.03772910647951], [-119.98431574716543, 33.983947717113324], [-119.99792448880245, 33.93358528045227]]], [[[-119.42955885126173, 33.22816705925621], [-119.54587232272458, 33.23340550473645], [-119.57894177537251, 33.2786279535539], [-119.51048924221534, 33.307268816959436], [-119.42717064414717, 33.26602345237528], [-119.42955885126173, 33.22816705925621]]]]}, "properties": {"scenario_id": "51_13_11_24_3", "bundle": "N", "bundle_title": "National only", "district_raw": "N_11", "district": "N_11", "wholesaler": "R0011", "mass": 606.20170008, "color": "#58e4a1"}}, {"type": "Feature", "geometry": {"type": "MultiPolygon", "coordinates": [[[[-95.82832960956026, 40.972377694391454], [-95.8658779239055, 41.017402926289535], [-95.85678802626717, 41.18709819012476], [-95.90969006156831, 41.18439782157384], [-95.89015180520492, 41.27830806434721], [-95.92569021110829, 41.322197398362135], [-95.9225285511312, 41.45576591979076], [-95.98296209900812, 41.46977801559862], [-96.00507928136116, 41.54400380790064], [-96.08049284898678, 41.528198979479065], [-96.11810558147421, 41.61349507075315], [-96.06453701406046, 41.793001832962325], [-96.15909806624185, 41.91005735779599], [-96.13253753024573, 41.97462500798049], [-96.27287684145229, 42.04723813673821], [-96.2688997295733, 42.113589615398205], [-96.34775181450408, 42.16680634327015], [-96.33600329318071, 42.2648056394604], [-96.40799748004994, 42.33740838171988], [-96.38130723692043, 42.4616940420792], [-96.4929702175531, 42.5172816298434], [-96.47695176106137, 42.55607925419285], [-96.52676579843877, 42.641184167849964], [-96.6247040795354, 42.72549734374318], [-96.50030834597044, 42.95939076763246], [-96.51160485289745, 43.03992700255587], [-96.4393348785495, 43.11391596037827], [-96.47557081618066, 43.22105365913009], [-96.52208345296289, 43.2209599060035], [-96.57882290937086, 43.29109496655693], [-96.5303921277593, 43.30003363059116], [-96.52157156732639, 43.38563994371248], [-96.59425355344716, 43.43415266612853], [-96.59892862891331, 43.5004566338849], [-96.4532596417287, 43.500390053968786], [-96.45778061978751, 45.30761000597637], [-96.5217872386457, 45.37564475241191], [-96.71078637155999, 45.436930017501915], [-96.8516205697342, 45.61941210558699], [-96.58709313360454, 45.81644480364816], [-96.5545074926221, 46.08397800706388], [-96.60103997703625, 46.319553718343826], [-96.7090951482342, 46.435293848361155], [-96.79052246803327, 46.63687998209999], [-96.76397274135738, 46.91250663725688], [-96.83350431184135, 47.010109740655636], [-96.85407345937647, 47.572009883931855], [-97.14674555095448, 48.16855561690588], [-97.14912239423708, 48.53230540779846], [-97.10000913771589, 48.667925798791885], [-97.22903905880064, 49.00068655995617], [-95.15371100523652, 48.99890276473268], [-95.15331463720997, 49.38435764239449], [-95.05840336430593, 49.353169721361965], [-94.9521110699333, 49.36867871444515], [-94.81622224037473, 49.32098699261172], [-94.68306857321005, 48.88392899364886], [-94.69431208034966, 48.78935183459352], [-94.50886257674637, 48.70036209942996], [-94.28179686059455, 48.70525531621331], [-94.25019140674435, 48.656323449376224], [-93.84400763518592, 48.62939486500754], [-93.81517804752536, 48.52650802902774], [-93.67456805953583, 48.51629743197166], [-93.46750431912346, 48.545664338315596], [-93.46430737936687, 48.59179187442316], [-93.34752796420362, 48.62662040221297], [-92.95487661106495, 48.631493473973244], [-92.72804595000116, 48.5392897057704], [-92.63493122614983, 48.54287269004386], [-92.65710039073093, 48.46691520546016], [-92.45632561938959, 48.41420432267986], [-92.46994746172913, 48.35183587924847], [-92.36917409355658, 48.22026835332688], [-92.31466490745254, 48.24052706724985], [-92.26228066548977, 48.35493298255547], [-92.0552285207621, 48.35921286779022], [-92.00013302838822, 48.321355279731335], [-91.98077178259098, 48.24780067464951], [-91.71493053782585, 48.19913009667978], [-91.69236555594952, 48.11933024773777], [-91.55927193642094, 48.108267647257264], [-91.54251252246361, 48.05326786879398], [-91.25011179367122, 48.084087190382206], [-91.03554950334953, 48.189458871761886], [-90.84362386594832, 48.24357568213567], [-90.77596148501779, 48.122229199087705], [-90.70370192144205, 48.096008859485366], [-90.56611290878853, 48.12262041486197], [-90.13619166991406, 48.112135899082894], [-90.02962655861215, 48.08758773059663], [-89.97343338103688, 48.02035009727881], [-89.86815318767833, 47.989898021396606], [-89.74931342693246, 48.02332450081231], [-89.4892265784018, 48.01452790888554], [-89.9742955263622, 47.830514311784334], [-90.53710536820785, 47.70305459247166], [-90.86826981160388, 47.556900418747865], [-91.45696503843502, 47.139155760615026], [-92.06208830946218, 46.80403811195084], [-92.01529033264127, 46.70646887374124], [-91.96188935974281, 46.68253899492044], [-91.51107702140362, 46.75745331455206], [-91.21164714621437, 46.866823577685004], [-91.1676013765478, 46.84475989601379], [-90.98461679064715, 46.92560222429133], [-90.98937508313266, 46.98227417867886], [-90.92412780349989, 47.00188804395289], [-90.74530487683542, 46.89425393938993], [-90.95565056506045, 46.59250263638793], [-90.89830755444414, 46.58305041470768], [-90.79477476917378, 46.62494098744532], [-90.73725940915661, 46.692267371575504], [-90.5655603150848, 46.58489204847215], [-90.43759630115758, 46.561492167161994], [-90.04541944756474, 46.66827222048586], [-89.83195604083893, 46.80405304107887], [-89.4151545318706, 46.843983087458476], [-89.22791373923417, 46.91295416286419], [-89.1425949472427, 46.98485905469711], [-88.95940944385922, 47.008496324864865], [-88.8891398704454, 47.10057498551998], [-88.58491197195912, 47.24236071542018], [-88.41867271176694, 47.37118792262875], [-88.21782190316226, 47.448737864748026], [-87.80118416891263, 47.47330072790907], [-87.59149838979017, 47.42411287013374], [-87.6047037475047, 47.38862518613719], [-87.94161358303637, 47.39007282273837], [-87.9433595968016, 47.335899252302866], [-88.194217519241, 47.20924211775264], [-88.2398953823274, 47.13943638401071], [-88.34005233809651, 47.08049431407403], [-88.47793453826391, 46.850559608704934], [-88.1436886338348, 46.96666476012998], [-88.06519171317093, 46.91856276457471], [-87.90033914948805, 46.90968615713781], [-87.5953072491862, 46.782949959668365], [-87.50302512700183, 46.64749698343797], [-87.38164949836741, 46.58005925883515], [-87.36676766412484, 46.50730270692738], [-87.17506495763729, 46.49754828725606], [-86.97695861855841, 46.52658109244618], [-86.90374162094713, 46.466138318933176], [-86.81096651688564, 46.44966261248893], [-86.69564532170052, 46.555026427462245], [-86.55773139947192, 46.487434008842946], [-86.13829555571148, 46.67293465014456], [-85.4820958344354, 46.680432409666736], [-85.25686040757569, 46.75338035153375], [-84.96465186214876, 46.77284487275463], [-85.02829043773089, 46.67512470455184], [-85.02737398656478, 46.55375639217163], [-84.9694646134141, 46.47628977257739], [-84.84976674054252, 46.460244848481985], [-84.67842311634786, 46.487694133518346], [-84.49340112764055, 46.440312754110636], [-84.42027457562774, 46.50107691928588], [-84.29301649245285, 46.4928026303757], [-84.19372929012466, 46.53992007586674], [-84.11792483221338, 46.51761886747407], [-84.11494130632082, 46.17411428640721], [-83.88230314596586, 46.04206525603631], [-83.81582665115036, 46.10852867529433], [-83.59861223533098, 46.09008513595508], [-83.48063961733465, 45.996163882405114], [-83.52634683056489, 45.91863634660001], [-83.58305241145084, 45.915918911564674], [-83.65765968080333, 45.945463406904125], [-84.0800707296356, 45.97082174894627], [-84.37642891321342, 45.931961944588856], [-84.48043578450326, 45.977763802654266], [-84.73400148926915, 45.90702628726825], [-84.70638271135591, 45.848658137180884], [-84.79276296909433, 45.85869084646058], [-85.0035977012321, 46.0061297910409], [-85.1520273464963, 46.05072463843976], [-85.54085835517402, 46.079581331452594], [-85.69720235282495, 45.96015820836653], [-85.81044258305128, 45.98008667598026], [-85.91376942891506, 45.91943939009627], [-86.07206688527845, 45.965312644977985], [-86.2780071535236, 45.942057152564374], [-86.34913366377572, 45.83415961598295], [-86.54142958452522, 45.70810988691797], [-86.63689450496777, 45.542052816943965], [-86.71232785204577, 45.610939154001315], [-86.70518338595959, 45.69090115709758], [-86.64731889801176, 45.73261789370925], [-86.77327922825307, 45.81138483016117], [-86.83874667514512, 45.72230682797865], [-86.964274502225, 45.672761052471145], [-87.07044210871423, 45.718778571413], [-87.17224116186883, 45.66178761047001], [-87.54896415088609, 45.191591004899564], [-87.63029842479396, 44.97686508021271], [-87.81298952694914, 44.95401279420376], [-87.83835938812554, 44.87398713293843], [-87.98349439506758, 44.720196084865854], [-87.99871603447025, 44.609287645047644], [-88.04120149033209, 44.572580584685625], [-87.94380143081587, 44.52969265225516], [-87.8668840551834, 44.608434221607205], [-87.77516041593874, 44.63928060923935], [-87.58130626126731, 44.851791426321846], [-87.44647693182138, 44.886109441599345], [-87.26487731724109, 45.08136138848659], [-87.23822456612311, 45.167258614240076], [-87.12160867842259, 45.20978303459426], [-87.05762676780158, 45.292837557730785], [-86.97778060022749, 45.29068415204817], [-87.0631572625777, 45.07931607825731], [-87.44696348754873, 44.58627370334752], [-87.54538159079002, 44.32138467283803], [-87.50741938747299, 44.21080282977724], [-87.65518255454161, 44.081894230397694], [-87.73601636802778, 43.873721031056554], [-87.7062036536909, 43.67954150970014], [-87.88920681399696, 43.307651784396086], [-87.89578375103468, 43.015813625471175], [-87.84268099837135, 42.94411594695527], [-87.83487834498874, 42.85671718734666], [-87.76667517715352, 42.784896008039496], [-87.81467421391741, 42.64402022083367], [-87.8004772562784, 42.49191996143442], [-87.80336994187822, 42.42062125596752], [-87.8347692385322, 42.30152212877089], [-87.80006602545023, 42.20802399884855], [-87.6823593720752, 42.07572872463416], [-87.60945001778308, 41.84523262942605], [-87.52414096549066, 41.72398983306882], [-87.53164597446155, 39.347887610636064], [-87.6003964511799, 39.3129041381057], [-87.57702897494686, 39.21112257821281], [-87.6404345480573, 39.166726798511995], [-87.5725875547954, 39.0572860873333], [-87.57911710523376, 39.00160720521748], [-87.52949622328421, 38.971924725952654], [-87.54737018688209, 38.875614009674834], [-87.49894799969032, 38.757773717233796], [-87.54553833077243, 38.67761270716457], [-87.6201195424932, 38.63948880874329], [-87.65416552094898, 38.51191066347716], [-87.7140474582315, 38.479880224522425], [-87.83197168303388, 38.30724089396429], [-87.96896759501877, 38.237388957855075], [-87.97581862784232, 38.19783429115387], [-87.92746756289368, 38.151946071354274], [-88.03088408840439, 38.03071332204531], [-88.01631096372088, 37.96157384665257], [-88.0673645119444, 37.85605108533011], [-88.02802962772984, 37.79922408242116], [-88.16006206847351, 37.65433171200732], [-88.06229395924458, 37.48783655601954], [-88.28166648470872, 37.45259594674194], [-88.35843628302996, 37.40486043743752], [-88.41859381594679, 37.421986704092106], [-88.46586099818853, 37.40054732219276], [-88.51466084138532, 37.290948335780236], [-88.42477577403024, 37.149900978638605], [-88.47612747947815, 37.068222893643146], [-88.5315756271794, 37.06719238681427], [-88.93174479839146, 37.22759308716901], [-89.05803598965846, 37.18876667688483], [-89.16808652414164, 37.07421805424257], [-89.13291493102562, 36.98205663443093], [-89.35945606074418, 37.04260606616208], [-89.47052524296278, 37.253356974332235], [-89.51703205493355, 37.281920311668166], [-89.42818525665513, 37.35615790286679], [-89.42594021363183, 37.40747100918337], [-89.51240029326048, 37.529810340053345], [-89.52194828056402, 37.696475169521186], [-89.66799257789854, 37.75948408026967], [-89.6965595219513, 37.814336685779544], [-89.85104838427556, 37.90398027504511], [-89.92318503742462, 37.870671662622854], [-89.97422088841587, 37.91921726921453], [-89.95490959928382, 37.96664701027012], [-90.00835311280507, 37.97017901810449], [-90.21870802238791, 38.09436539248809], [-90.36392603720786, 38.236354764986565], [-90.34974326400643, 38.377608937890436], [-90.18450959244448, 38.61155071365433], [-90.2099100529319, 38.726049946611404], [-90.11770739868963, 38.80574810516741], [-90.11332694751178, 38.84930602517819], [-90.3958155504504, 38.960037164022175], [-90.46778414395507, 38.96180895093215], [-90.55569359879247, 38.87078484267336], [-90.65725362236482, 38.92027039509179], [-90.71362862679392, 39.053976845028245], [-90.68108633578925, 39.1005902988242], [-90.72996002572741, 39.25589381773415], [-91.03827004207095, 39.448436253257185], [-91.10030724027999, 39.5386951644967], [-91.14827462989312, 39.545797689608676], [-91.36775342025378, 39.729028812857045], [-91.36157051915804, 39.78754773604115], [-91.43605099782867, 39.84551034500609], [-91.51195629537055, 40.17044091493241], [-91.46965549975893, 40.32240888697949], [-91.4194218659599, 40.37826434210245], [-91.49809254314154, 40.40192622356849], [-91.72911558040953, 40.61363964975111], [-94.09108444270483, 40.57289713240715], [-95.76564470345129, 40.5852084025767], [-95.78190928556079, 40.653272187576675], [-95.8886965652919, 40.73629220346507], [-95.83415550808327, 40.78301572545902], [-95.82832960956026, 40.972377694391454]]], [[[-86.59789909954708, 41.918290956398806], [-86.28444819127353, 42.3945627338856], [-86.20830867979933, 42.76278935308014], [-86.25464641355863, 43.08340896751975], [-86.52950686946009, 43.59346215092964], [-86.54078712864253, 43.644592845482876], [-86.43119776017183, 43.84072041126073], [-86.51470232709697, 44.0581194584778], [-86.42987037928475, 44.11978197722411], [-86.26871029295243, 44.345324425632924], [-86.22069668445212, 44.566741873193614], [-86.24847435836799, 44.699045635261456], [-86.08918564955962, 44.74149607462906], [-86.05886204066493, 44.91101210645416], [-85.98021943632779, 44.90613560287081], [-85.93159990154794, 44.96878808677465], [-85.85430447564579, 44.93814691441158], [-85.78043939703608, 44.97793231063051], [-85.63312412159856, 45.17089885341776], [-85.55107133446472, 45.210742172823814], [-85.56612970801591, 45.043632830849646], [-85.52003387232769, 44.973995530695674], [-85.47520438169215, 44.991053319535425], [-85.38065857532946, 45.0463193309163], [-85.37159314780384, 45.27083402101129], [-85.19670387631601, 45.36064140499278], [-84.95911954544462, 45.37597334053165], [-84.91295666203143, 45.409775807017915], [-85.04093622962833, 45.436700743213834], [-85.10925137692271, 45.52162626389477], [-85.1197367978164, 45.569025746978376], [-85.06148744325041, 45.63950521239066], [-84.97095064763151, 45.6863338868749], [-85.01450888568301, 45.76032899185904], [-84.71890371612896, 45.77759929103636], [-84.46168020673308, 45.65240447860382], [-84.32953653330883, 45.66438032532382], [-84.1960423771648, 45.6214561490556], [-84.09590485912797, 45.49729783099133], [-83.90947184260587, 45.48578388040971], [-83.84154320560265, 45.435287056820776], [-83.59927260730845, 45.352560981330015], [-83.48882567909781, 45.3558719230802], [-83.38510380669024, 45.274195020862415], [-83.40591360944066, 45.22715649441501], [-83.31592392226833, 45.13999209107235], [-83.26589534668133, 45.02684425521631], [-83.39925543467362, 45.07036370293086], [-83.44205156248472, 45.05105622512747], [-83.43885606025846, 44.94084318279593], [-83.32050315294227, 44.88057087483887], [-83.27683622322938, 44.689354148001115], [-83.33698833613518, 44.33291931704107], [-83.44273097910883, 44.26536120646545], [-83.52481734974407, 44.2615583345674], [-83.5840899570601, 44.05674770527592], [-83.67965464394939, 44.036364808211715], [-83.69321368593236, 43.988769836822584], [-83.86940579209238, 43.960719345337885], [-83.94773999205661, 43.73516507955761], [-83.90947871692536, 43.67262228519692], [-83.81789385578891, 43.67378859404933], [-83.68335142371664, 43.59058378439096], [-83.51234027875881, 43.73372597673943], [-83.4071458178555, 43.91980719829033], [-83.28231049761402, 43.93803093983682], [-83.26153055800204, 43.97352485599433], [-83.04657708448306, 44.01571021325435], [-82.92888343823533, 44.069388850094136], [-82.79320470641284, 44.02324658212849], [-82.63364140157293, 43.83122406537299], [-82.52308628637527, 43.22536096460317], [-82.415936608166, 43.005554599876724], [-82.50993520707576, 42.637294279362514], [-82.5839959282184, 42.554041008556744], [-82.67905887097828, 42.52221030940113], [-82.7063714181508, 42.62110736342435], [-82.63970140052496, 42.66123344046994], [-82.70788466580576, 42.67549656671729], [-82.80102239255949, 42.62954465500759], [-82.7559263756109, 42.564415124148894], [-82.85931589045123, 42.54193484399574], [-82.92397017002754, 42.352068105257025], [-83.09652148445448, 42.29013841303464], [-83.10509112575357, 42.26371332074921], [-83.19796548249224, 42.294754431351265], [-83.3072016684005, 42.26924410084619], [-83.36822732344298, 42.31545384145658], [-83.35432795658899, 42.34986025709944], [-83.43876207602858, 42.359167831134556], [-83.43613539714822, 42.30323320623858], [-83.56564848733647, 42.31001536603152], [-83.60254826881034, 42.27690540141491], [-84.06979013662308, 42.394891689421954], [-84.1273532948781, 42.38748305909518], [-84.11531707751531, 42.179412253788755], [-84.18927200139403, 42.0865938015548], [-84.7459151439602, 41.76516632273038], [-84.73870772564443, 41.69779638954057], [-84.80608229159645, 41.69608888500905], [-84.80588261895535, 41.760216211808654], [-86.82482776647603, 41.76024002640987], [-86.59789909954708, 41.918290956398806]]], [[[-89.15773761924606, 47.82401474874618], [-89.25520172110014, 47.87610154956995], [-89.17915385833753, 47.93502976364081], [-88.42516194454414, 48.21065030737269], [-88.42737274320412, 48.16676359801457], [-88.55044065665943, 48.102110786312814], [-88.57917221643126, 48.040757841143005], [-88.85292315406448, 47.965322357857886], [-88.89898582168158, 47.90068499578925], [-89.0444634824638, 47.8557503579011], [-89.15773761924606, 47.82401474874618]]], [[[-85.62274095148561, 45.58602796896238], [-85.7018096294208, 45.73612879089269], [-85.52444834726835, 45.829794352660926], [-85.36095156395665, 45.81755411069417], [-85.50927554482627, 45.59647477826804], [-85.56163357569403, 45.572212734807565], [-85.62274095148561, 45.58602796896238]]], [[[-90.51162235918478, 46.96140704034906], [-90.5491037586089, 46.915460658176464], [-90.63712429364011, 46.906723842742004], [-90.77692162205531, 47.02432365770473], [-90.65042256675655, 47.05467800698219], [-90.56093619855255, 47.03701271291494], [-90.51162235918478, 46.96140704034906]]], [[[-84.61622030493557, 45.89447023891858], [-84.35601999535227, 45.771895344148135], [-84.39403857031193, 45.727623114231676], [-84.48412798109975, 45.73071005214413], [-84.650783503317, 45.85920999675958], [-84.61622030493557, 45.89447023891858]]], [[[-85.97688303358534, 45.06265964012809], [-86.08148734159971, 44.990095644035364], [-86.15482449331728, 45.002393766460244], [-86.04443058528886, 45.15958163658383], [-85.95402148851777, 45.11928147912906], [-85.97688303358534, 45.06265964012809]]], [[[-86.93427586625758, 45.42114901370035], [-86.8357495875165, 45.45018771811725], [-86.80586744365918, 45.41290268843237], [-86.89989059711941, 45.29518460547793], [-86.95619797888354, 45.35200602690145], [-86.93427586625758, 45.42114901370035]]]]}, "properties": {"scenario_id": "51_13_11_24_3", "bundle": "N", "bundle_title": "National only", "district_raw": "N_12", "district": "N_12", "wholesaler": "R0012", "mass": 706.46376342, "color": "#b7e458"}}, {"type": "Feature", "geometry": {"type": "MultiPolygon", "coordinates": [[[[-79.7619509101818, 42.26986025337381], [-79.13856898708643, 42.56446213634513], [-79.04886065712068, 42.6891578646806], [-78.85135554374796, 42.79175787779895], [-78.90915929280924, 42.93325717176504], [-79.01996364988811, 42.99475587485216], [-79.00544983085263, 43.057231289914526], [-79.0744667561129, 43.07785487376065], [-79.04456642891695, 43.15325535176174], [-79.0704688706976, 43.26245416872906], [-78.54739556936694, 43.369541078045124], [-78.14519494676955, 43.37550962498731], [-77.76023090837083, 43.34116065205622], [-77.5510222116153, 43.23576298697161], [-77.34109162303007, 43.28066100190692], [-76.95217363542916, 43.27069209620073], [-76.68485622326968, 43.35269080000367], [-76.63077370101946, 43.41335568021759], [-76.41758158823275, 43.52128486957028], [-76.2358332796742, 43.529256221796686], [-76.19659597370101, 43.649761310754464], [-76.22926818986748, 43.80413543814376], [-76.29675860431286, 43.857079096075445], [-76.44184845288031, 43.88286402271075], [-76.41213803673772, 43.92567623121464], [-76.27931418301807, 43.97246230173528], [-76.30767410603089, 44.025276631654705], [-76.37556015246305, 44.03153589444056], [-76.33458433523231, 44.16494462603718], [-76.16426518087911, 44.23960293174118], [-76.16183272833263, 44.28077705944043], [-75.94954054957044, 44.34912883250312], [-75.42394319019704, 44.756329048334074], [-74.9927560459247, 44.9774489175443], [-74.83466950470076, 45.01468304079443], [-74.74464064456957, 44.99057686689329], [-74.23413641750341, 44.99214848975177], [-71.5010874515763, 45.01337690155666], [-71.40563664911559, 45.198139033725546], [-71.43854633724808, 45.23900429589755], [-71.2836843303051, 45.30197679882576], [-71.1394302096342, 45.24295841391934], [-71.0127565915411, 45.344759913486634], [-70.9493648899032, 45.33153606732997], [-70.89282208353035, 45.23917207777144], [-70.84443037930406, 45.234513162576306], [-70.80861342820677, 45.31160633985653], [-70.82561181914134, 45.40030518821772], [-70.78147104252525, 45.431158975384854], [-70.63466070362976, 45.38360809456311], [-70.63549726701456, 45.4278170884067], [-70.72339626980786, 45.51039392980149], [-70.68821396070385, 45.56398060215447], [-70.55279256328602, 45.66783613158845], [-70.38355218529372, 45.734868738865515], [-70.41568346144565, 45.786157771050945], [-70.25911673184291, 45.890754973633875], [-70.3176284177531, 46.019080068465584], [-70.2395660835471, 46.1427620596767], [-70.29089579487686, 46.18583747249325], [-70.20741501181543, 46.33131623911858], [-70.05374789668261, 46.42923591914373], [-69.9970854979249, 46.69522987348059], [-69.21999632921495, 47.45715888258203], [-69.0393003512708, 47.42217005436858], [-69.04020028297829, 47.245100131575875], [-68.9009852244517, 47.17851926264405], [-68.60481897229906, 47.24941787092238], [-68.58872537549507, 47.281721373808594], [-68.37561532766787, 47.2922680784662], [-68.36155920712297, 47.355605503428556], [-68.26970928030913, 47.3537332637747], [-67.9522694596747, 47.19614230116883], [-67.78976102220409, 47.06574432580254], [-67.77998393841143, 45.9381625805667], [-67.75042205487752, 45.91789828579217], [-67.80367780731324, 45.869378739232864], [-67.76395506683669, 45.82998291309542], [-67.8036262475217, 45.78162443876776], [-67.80331315873097, 45.67788607140527], [-67.71046475199175, 45.67937194058879], [-67.67541703452355, 45.630958817767024], [-67.5349187959001, 45.59542811232177], [-67.45540662879732, 45.604664738418464], [-67.41741709562993, 45.50198518400298], [-67.4768544316796, 45.497240019802696], [-67.42724292360575, 45.37368990523248], [-67.48025639957888, 45.268185012363055], [-67.33986860423651, 45.12559430425399], [-67.27107570953069, 45.19108051291013], [-67.16124653948538, 45.16287915030718], [-66.94989481154697, 44.8174192998303], [-67.29340301380296, 44.599264770686894], [-67.36826860861504, 44.62467157136959], [-67.4485131483565, 44.60032157166973], [-67.52116766459207, 44.509909863215256], [-67.50320788731342, 44.47691810425983], [-67.57972586969132, 44.42913074895144], [-67.65312254297754, 44.525823082979144], [-67.79358930576828, 44.494779299065975], [-67.89957093813058, 44.394078119684174], [-67.93653042771643, 44.411187075931416], [-68.01399024982483, 44.39025500193872], [-68.04933451657512, 44.33073015545169], [-68.12562447047155, 44.3871267616067], [-68.18915443529916, 44.37383307324217], [-68.17360784553878, 44.32839697120391], [-68.22948963579137, 44.26691774099524], [-68.17433015591517, 44.2259078169829], [-68.30651852194019, 44.234828886031785], [-68.33103225782638, 44.10757981494016], [-68.50294170872041, 44.09972234099797], [-68.58410080653682, 44.07158891190199], [-68.61708465150775, 44.01009698301731], [-68.65703107855425, 44.00382316468342], [-68.66938311019098, 44.076359059887565], [-68.87413918442694, 44.02535949026802], [-68.93532646050147, 44.13038003502944], [-68.88859660694325, 44.15954962685542], [-68.95188997369377, 44.21871933347321], [-69.04019294422486, 44.23367294112166], [-69.07566709832648, 44.12999146201547], [-69.03187802325428, 44.07903601399317], [-69.07702856152595, 43.973653748219256], [-69.17497960148843, 43.97694890060798], [-69.32103104122965, 43.85670813874186], [-69.39328768691074, 43.95641968363122], [-69.50328987901173, 43.83767286827295], [-69.71707421449455, 43.79240278889793], [-69.83347046847398, 43.701280794626385], [-69.86215462768318, 43.758961980279835], [-69.91559266296873, 43.77511203600137], [-70.00127303448966, 43.71038804263138], [-70.07130384671466, 43.713772301817926], [-70.09603939152092, 43.67227613846781], [-70.16822668796819, 43.675135460004505], [-70.20612279479246, 43.5576264974338], [-70.36121412840362, 43.529190227661], [-70.38561521253887, 43.48703146863453], [-70.32730334229262, 43.45852155761813], [-70.41631135698455, 43.36105944753131], [-70.55385379010576, 43.32188637197265], [-70.59618562468873, 43.16346570870751], [-70.81729621952681, 42.872289743066624], [-70.77226693100039, 42.71106389337578], [-70.72982027166042, 42.669601824995084], [-70.60250632053729, 42.677702017881586], [-70.59401404126608, 42.63503032479791], [-70.65472681352945, 42.582233524078134], [-70.84849225309594, 42.550195335119874], [-70.83599080047678, 42.49049573767277], [-70.9131918535728, 42.42769726300991], [-70.98299378873776, 42.423995634662475], [-70.99783767409731, 42.32120496140504], [-70.96735073951348, 42.26816783264599], [-70.8812423848281, 42.30066293100491], [-70.73055942531235, 42.21093988542917], [-70.63848000729004, 42.081579002445494], [-70.6787983423486, 42.00551027196056], [-70.66247561368863, 41.96059153983459], [-70.54638604992756, 41.91675124725284], [-70.54102996975055, 41.81575392781714], [-70.44171840980744, 41.75289786941226], [-70.27228938612706, 41.72134593878699], [-70.02473374539682, 41.78736409303893], [-70.00611071608888, 41.85239562926468], [-70.06901023032911, 41.88492393813446], [-70.08377554288458, 42.01204108525299], [-70.19083387480738, 42.020028205851], [-70.24538473153808, 42.063732776101446], [-70.13894204369821, 42.09290675069511], [-70.04938217013566, 42.064688895116134], [-69.99413597761965, 41.9992579583828], [-69.93595184776241, 41.809421757876216], [-69.93112931778114, 41.622659278254204], [-69.96498215684936, 41.55111015242113], [-70.01122890035283, 41.54393122372405], [-70.00701093270565, 41.671578770260645], [-70.26968698071278, 41.61777511409488], [-70.32158808717446, 41.6305078903345], [-70.94843080299272, 41.409193099146634], [-70.93498607261762, 41.45469904181405], [-70.69819713115506, 41.55900224255039], [-70.69539164041807, 41.602545888109915], [-70.76546345752165, 41.64157527087421], [-70.82190996268791, 41.58284057947316], [-70.91016512751467, 41.577072942469286], [-70.9817077952723, 41.51007029190474], [-71.08566303222564, 41.5092915830401], [-71.19302043652677, 41.45793108518853], [-71.28563915177268, 41.48780485551357], [-71.31269398482105, 41.45140157653108], [-71.42865185009532, 41.454157637748295], [-71.48329511448458, 41.37172230098312], [-71.86277248789445, 41.309791053125295], [-71.8863023046364, 41.33641038369996], [-72.13422101919433, 41.299397679992914], [-72.20142238739483, 41.315697320748725], [-72.3866295148187, 41.261797725003305], [-72.65383846770615, 41.265896926318014], [-72.76034127247338, 41.241234887637575], [-72.78614178094756, 41.26479613521826], [-72.8814451295654, 41.24259718426632], [-72.93564606928446, 41.25849707141934], [-73.10835254819084, 41.15371804738708], [-73.20265656455328, 41.158096013898366], [-73.26235734778817, 41.117496135790745], [-73.37229645729869, 41.104020343722745], [-73.3872274690442, 41.05824674440064], [-73.59569826134121, 41.015995268341335], [-73.7662757339558, 40.88109913583443], [-73.65437151639203, 40.87819889705649], [-73.49994031356788, 40.918166236966705], [-73.48536511531562, 40.94639726675389], [-73.39286151504407, 40.955296781314765], [-73.22928521661859, 40.905121025044934], [-73.11036829210717, 40.97193790163628], [-72.85983108396776, 40.96608837375163], [-72.58532662631829, 40.99758665713555], [-72.35412257854067, 41.1399523269544], [-72.18916338579879, 41.19354946430061], [-72.28309335742273, 41.067873796843145], [-72.21747613333717, 41.04061136432596], [-72.16289844212402, 41.05318700998249], [-72.1267043660308, 41.115138855533786], [-72.08420691927316, 41.10152414343373], [-72.09571121262955, 41.05402018428929], [-72.05192787373915, 41.020506228728735], [-71.95959505434388, 41.071236639386], [-71.8562135764123, 41.070597929342185], [-71.93697734919071, 41.00613708099074], [-73.01254555920407, 40.67965086467631], [-73.56113662674102, 40.58916687179771], [-73.74853714905568, 40.645982250079435], [-73.7846676871649, 40.59379287183425], [-73.8747756096478, 40.651841903180774], [-73.8486103029013, 40.736262041531546], [-73.89149267212832, 40.72876465797381], [-73.99222490329304, 40.78684561867458], [-73.89397904127303, 40.99719669665809], [-74.69491443766863, 41.357423413192876], [-74.73489271058504, 41.425818050145516], [-74.98246314765792, 41.49646737728779], [-75.04387942625941, 41.57509390543952], [-75.07441221503683, 41.80219077974704], [-75.11336928332663, 41.840697650656566], [-75.2630053790805, 41.885108873289184], [-75.34112512577602, 41.99277164764067], [-77.83202954648144, 41.99852393302739], [-79.76131345883029, 41.99880767899212], [-79.7619509101818, 42.26986025337381]]], [[[-70.60355526496384, 41.482384090829804], [-70.46383293353391, 41.41914488828595], [-70.44826149745917, 41.353651276039606], [-70.69363476684414, 41.34283250008207], [-70.82128451374645, 41.25101413909067], [-70.83380245567737, 41.35338599854373], [-70.75779718918335, 41.36570175818933], [-70.6868807159132, 41.441333973996066], [-70.60355526496384, 41.482384090829804]]], [[[-69.9601804052688, 41.26454621582462], [-70.0152249112023, 41.23796402133315], [-70.21147836332275, 41.24876507405626], [-70.27552655547503, 41.310463952971695], [-70.07913285327466, 41.31950367225089], [-70.04905349528664, 41.39170184383227], [-69.98486907165334, 41.35881814549075], [-69.9601804052688, 41.26454621582462]]], [[[-71.61934178915074, 41.18921065515648], [-71.59334169886635, 41.23742758038694], [-71.54541024313073, 41.242730408455905], [-71.51921019469184, 41.149624257192414], [-71.59369959250358, 41.14633881942201], [-71.61934178915074, 41.18921065515648]]], [[[-68.94443335856664, 43.83532571411541], [-68.924010571271, 43.88540709055237], [-68.87478354517229, 43.90471461429554], [-68.84900962736333, 43.84984110053727], [-68.88848249516022, 43.80378086961195], [-68.94443335856664, 43.83532571411541]]], [[[-72.03475373849359, 41.23481812125082], [-72.01892618181365, 41.274113866004136], [-71.92680212037234, 41.2901223596181], [-71.91728164199426, 41.25133285408292], [-72.03475373849359, 41.23481812125082]]]]}, "properties": {"scenario_id": "51_13_11_24_3", "bundle": "N", "bundle_title": "National only", "district_raw": "N_13", "district": "N_13", "wholesaler": "R0013", "mass": 646.37765062, "color": "#af1d40"}}, {"type": "Feature", "geometry": {"type": "Polygon", "coordinates": [[[-99.17913303994571, 40.002109196571446], [-102.0517436036864, 40.00307821493882], [-102.05161450266962, 41.00237722499806], [-104.05324914180137, 41.00140597862445], [-104.0487361979845, 48.99987667448263], [-100.43167581873139, 48.99939818289098], [-97.22903905880064, 49.00068655995617], [-97.10000913771589, 48.667925798791885], [-97.14912239423708, 48.53230540779846], [-97.14674555095448, 48.16855561690588], [-96.85407345937647, 47.572009883931855], [-96.83350431184135, 47.010109740655636], [-96.76397274135738, 46.91250663725688], [-96.79052246803327, 46.63687998209999], [-96.7090951482342, 46.435293848361155], [-96.60103997703625, 46.319553718343826], [-96.5545074926221, 46.08397800706388], [-96.58709313360454, 45.81644480364816], [-96.8516205697342, 45.61941210558699], [-96.71078637155999, 45.436930017501915], [-96.5217872386457, 45.37564475241191], [-96.45778061978751, 45.30761000597637], [-96.4532596417287, 43.500390053968786], [-96.59892862891331, 43.5004566338849], [-96.59425355344716, 43.43415266612853], [-96.52157156732639, 43.38563994371248], [-96.5303921277593, 43.30003363059116], [-96.57882290937086, 43.29109496655693], [-96.52208345296289, 43.2209599060035], [-96.47557081618066, 43.22105365913009], [-96.4393348785495, 43.11391596037827], [-96.51160485289745, 43.03992700255587], [-96.50030834597044, 42.95939076763246], [-96.6247040795354, 42.72549734374318], [-96.52676579843877, 42.641184167849964], [-96.47695176106137, 42.55607925419285], [-96.4929702175531, 42.5172816298434], [-96.38130723692043, 42.4616940420792], [-96.40799748004994, 42.33740838171988], [-96.33600329318071, 42.2648056394604], [-96.34775181450408, 42.16680634327015], [-96.2688997295733, 42.113589615398205], [-96.27287684145229, 42.04723813673821], [-96.13253753024573, 41.97462500798049], [-96.15909806624185, 41.91005735779599], [-96.06453701406046, 41.793001832962325], [-96.11810558147421, 41.61349507075315], [-96.08049284898678, 41.528198979479065], [-96.00507928136116, 41.54400380790064], [-95.98296209900812, 41.46977801559862], [-95.9225285511312, 41.45576591979076], [-95.92569021110829, 41.322197398362135], [-95.89015180520492, 41.27830806434721], [-95.90969006156831, 41.18439782157384], [-95.85678802626717, 41.18709819012476], [-95.8658779239055, 41.017402926289535], [-95.81070914473725, 40.88668081138611], [-95.83415550808327, 40.78301572545902], [-95.8886965652919, 40.73629220346507], [-95.7486260710364, 40.60335461084469], [-95.75710994864976, 40.52599030042615], [-95.71429125529163, 40.527207787347955], [-95.69472615468223, 40.49360182467902], [-95.65372864041075, 40.32258216410822], [-95.4725480255246, 40.23607823256503], [-95.48101969670167, 40.18852391433088], [-95.39421624462936, 40.10826282960768], [-95.41473383003273, 40.06982028624232], [-95.30828997730872, 39.99999821628843], [-99.17913303994571, 40.002109196571446]]]}, "properties": {"scenario_id": "51_13_11_24_3", "bundle": "WHFI", "bundle_title": "WIFI merged, one wholesaler", "district_raw": "WHFI_01", "district": "WIFI_01", "wholesaler": "R0049", "mass": 174.51353783, "color": "#af1d1d"}}, {"type": "Feature", "geometry": {"type": "Polygon", "coordinates": [[[-114.59826700271432, 41.99451059155559], [-117.02619682969944, 41.99988994954561], [-117.02357704868689, 43.82381053725661], [-116.93734177767351, 44.02937632671513], [-116.97735056684009, 44.08536402814177], [-116.89593068151605, 44.154295408803144], [-116.9654985831681, 44.194126277813545], [-116.97195843195928, 44.23567719427853], [-117.05935182163842, 44.237244036370505], [-117.12103693838569, 44.277585000411634], [-117.17034208282283, 44.258889576649096], [-117.21697389375622, 44.288357173282506], [-117.19220262011753, 44.32863013206679], [-117.24302716995562, 44.39097418314454], [-117.22593253413353, 44.47938901737471], [-117.14293040403385, 44.55723605045734], [-117.06227334128654, 44.72714264528993], [-116.93180048607422, 44.78718066403284], [-116.86533832589943, 44.87059927192332], [-116.84131364712617, 45.030906930273325], [-116.75464338658368, 45.1139719243718], [-116.67464775205228, 45.314341591052], [-116.46350420827173, 45.61578504155038], [-116.59300365577406, 45.778540639569094], [-116.7875199193993, 45.84020389708717], [-116.85979551138763, 45.907263933857735], [-116.98196142878739, 46.08491468982116], [-116.92395817694604, 46.17091967485571], [-117.06274850177321, 46.353623793286566], [-117.03554521327634, 46.41001213026576], [-117.03235131865576, 48.99918782585752], [-113.6929827075162, 48.997632193024], [-110.74306412217021, 48.99800807376793], [-107.44101768170366, 48.99936326072681], [-104.0487361979845, 48.99987667448263], [-104.05324914180137, 41.00140597862445], [-106.19055455499077, 40.99774664342578], [-107.91841879090218, 41.00122728383879], [-111.04672336958477, 40.997958551506365], [-111.04668911633331, 42.00156664390112], [-114.59826700271432, 41.99451059155559]]]}, "properties": {"scenario_id": "51_13_11_24_3", "bundle": "WHFI", "bundle_title": "WIFI merged, one wholesaler", "district_raw": "WHFI_02", "district": "WIFI_02", "wholesaler": "R0050", "mass": 94.56249144, "color": "#1daf34"}}, {"type": "Feature", "geometry": {"type": "Polygon", "coordinates": [[[-106.5282421793464, 31.78314843515895], [-108.20839423956242, 31.78359939431628], [-108.20857274695328, 31.33339491215958], [-109.05004407717621, 31.332502307114957], [-109.06006148381773, 38.27548864970436], [-109.05007592023483, 41.00065927548975], [-105.27713767094177, 40.9981729367803], [-102.05161450266962, 41.00237722499806], [-102.0422400726963, 36.99308263685467], [-103.00219896807396, 37.000104008239], [-103.00243359171037, 36.500397180949044], [-103.04192413413236, 36.50043864993422], [-103.06442322835277, 32.00051844195038], [-106.61848633418309, 32.0004952075233], [-106.63587990787998, 31.871513682695298], [-106.5282421793464, 31.78314843515895]]]}, "properties": {"scenario_id": "51_13_11_24_3", "bundle": "WHFI", "bundle_title": "WIFI merged, one wholesaler", "district_raw": "WHFI_03", "district": "WIFI_03", "wholesaler": "R0051", "mass": 448.86125198, "color": "#4c1daf"}}, {"type": "Feature", "geometry": {"type": "MultiPolygon", "coordinates": [[[[-86.68054066532828, 41.34355321392428], [-86.88649560831779, 41.557939601689505], [-86.67762223832608, 41.75981153697619], [-86.64132235127478, 41.75967489230964], [-86.82482776647603, 41.76024002640987], [-86.59789909954708, 41.918290956398806], [-86.35621824463665, 42.25416583847996], [-86.24064245881844, 42.54000034237233], [-86.20830867979933, 42.76278935308014], [-86.25464641355863, 43.08340896751975], [-86.54078712864253, 43.644592845482876], [-86.43119776017183, 43.84072041126073], [-86.51470232709697, 44.0581194584778], [-86.42987037928475, 44.11978197722411], [-86.26871029295243, 44.345324425632924], [-86.22069668445212, 44.566741873193614], [-86.24847435836799, 44.699045635261456], [-86.08918564955962, 44.74149607462906], [-86.05886204066493, 44.91101210645416], [-85.98021943632779, 44.90613560287081], [-85.93159990154794, 44.96878808677465], [-85.85430447564579, 44.93814691441158], [-85.78043939703608, 44.97793231063051], [-85.63312412159856, 45.17089885341776], [-85.55107133446472, 45.210742172823814], [-85.56612970801591, 45.043632830849646], [-85.52003387232769, 44.973995530695674], [-85.38065857532946, 45.0463193309163], [-85.37159314780384, 45.27083402101129], [-85.19670387631601, 45.36064140499278], [-84.95911954544462, 45.37597334053165], [-84.91295666203143, 45.409775807017915], [-85.04093622962833, 45.436700743213834], [-85.10925137692271, 45.52162626389477], [-85.1197367978164, 45.569025746978376], [-85.06148744325041, 45.63950521239066], [-84.97095064763151, 45.6863338868749], [-85.01450888568301, 45.76032899185904], [-84.71890371612896, 45.77759929103636], [-84.46168020673308, 45.65240447860382], [-84.32953653330883, 45.66438032532382], [-84.1960423771648, 45.6214561490556], [-84.09590485912797, 45.49729783099133], [-83.90947184260587, 45.48578388040971], [-83.84154320560265, 45.435287056820776], [-83.59927260730845, 45.352560981330015], [-83.48882567909781, 45.3558719230802], [-83.38510380669024, 45.274195020862415], [-83.40591360944066, 45.22715649441501], [-83.31592392226833, 45.13999209107235], [-83.26589534668133, 45.02684425521631], [-83.39925543467362, 45.07036370293086], [-83.44205156248472, 45.05105622512747], [-83.43885606025846, 44.94084318279593], [-83.32050315294227, 44.88057087483887], [-83.27683622322938, 44.689354148001115], [-83.33698833613518, 44.33291931704107], [-83.44273097910883, 44.26536120646545], [-83.52481734974407, 44.2615583345674], [-83.5840899570601, 44.05674770527592], [-83.67965464394939, 44.036364808211715], [-83.69321368593236, 43.988769836822584], [-83.86940579209238, 43.960719345337885], [-83.94773999205661, 43.73516507955761], [-83.90947871692536, 43.67262228519692], [-83.81789385578891, 43.67378859404933], [-83.68335142371664, 43.59058378439096], [-83.51234027875881, 43.73372597673943], [-83.4071458178555, 43.91980719829033], [-83.28231049761402, 43.93803093983682], [-83.26153055800204, 43.97352485599433], [-83.04657708448306, 44.01571021325435], [-82.92888343823533, 44.069388850094136], [-82.79320470641284, 44.02324658212849], [-82.63364140157293, 43.83122406537299], [-82.52308628637527, 43.22536096460317], [-82.415936608166, 43.005554599876724], [-82.50993520707576, 42.637294279362514], [-82.5839959282184, 42.554041008556744], [-82.67905887097828, 42.52221030940113], [-82.7063714181508, 42.62110736342435], [-82.63970140052496, 42.66123344046994], [-82.70788466580576, 42.67549656671729], [-82.80102239255949, 42.62954465500759], [-82.7559263756109, 42.564415124148894], [-82.85931589045123, 42.54193484399574], [-82.92397017002754, 42.352068105257025], [-83.09652148445448, 42.29013841303464], [-83.1335105946829, 42.08814308404467], [-83.44166822468182, 41.80864573519202], [-83.42407645155616, 41.740738326958805], [-83.45383263638479, 41.732646726376345], [-83.40953101569207, 41.691246946339426], [-83.32682440130489, 41.701562319685856], [-82.9343691145122, 41.51435333520062], [-82.83410045721648, 41.58758710980774], [-82.71787833547134, 41.54193024759705], [-82.61695208318541, 41.42842525087306], [-82.46059963364408, 41.386315920455296], [-81.99456535784957, 41.51443990552318], [-81.73875482946018, 41.488549992227725], [-81.28692486154121, 41.76024294112653], [-80.51942452061814, 41.97752312910773], [-80.5189910523099, 40.638800885381094], [-80.62717126696685, 40.61993607741613], [-80.667957365718, 40.58249636072164], [-80.604895474423, 40.44666666500855], [-80.63159631290966, 40.38546782185946], [-80.6065954801892, 40.303868812561355], [-80.736804133131, 40.080071972599704], [-80.74012639005035, 39.970792855975404], [-80.8033942756489, 39.918762356934], [-80.82496959425349, 39.801092021914656], [-80.86993330665405, 39.76355532887622], [-80.82976417543944, 39.71183869633109], [-81.12853237411998, 39.44937509538893], [-81.34756690482874, 39.345770404734886], [-81.45614330594576, 39.409274185399134], [-81.55964698360681, 39.33077394318093], [-81.56524686820303, 39.27617522543799], [-81.67833069179768, 39.273754646960334], [-81.75275436090685, 39.18467623823722], [-81.74295287650867, 39.10657839182438], [-81.80785482550372, 39.08397768709125], [-81.77573447431035, 38.98073676698608], [-81.82735395160948, 38.945897971143445], [-81.89846996643914, 38.92960322416286], [-81.94182878263089, 38.99329494587988], [-82.00706222382337, 39.029577985155996], [-82.04156346657817, 39.01787825201999], [-82.16157055912153, 38.82463205977471], [-82.20929023307254, 38.80267167787553], [-82.17516709573103, 38.60848443013456], [-82.27426963745557, 38.59368276054623], [-82.32399931139662, 38.44926824660096], [-82.3817726013164, 38.43478284728823], [-82.56066465013477, 38.4043376862228], [-82.593673245671, 38.42180863065246], [-82.7248454141132, 38.55760026509619], [-82.80011186113158, 38.56318294273056], [-82.85131436071185, 38.6043340078237], [-82.88919334170811, 38.75607585155351], [-83.01181576225049, 38.730057040097776], [-83.17264659023769, 38.62025179750805], [-83.23951484717448, 38.628588206205684], [-83.28651443928185, 38.599241325888926], [-83.37630243460869, 38.66147281301444], [-83.53333909491738, 38.702104966849944], [-83.62692147396615, 38.67938723940532], [-83.67948378213718, 38.63003603020398], [-83.77216005076154, 38.658150243911166], [-83.85208484258163, 38.75143332309032], [-84.21290415424204, 38.805707101897326], [-84.32653854583553, 39.027462648975664], [-84.40093961059387, 39.04636224759083], [-84.4620424197043, 39.121760190183366], [-84.60792826392726, 39.073238183192565], [-84.75074874299254, 39.14735796628251], [-84.89717052746913, 39.05240665174785], [-84.83261683805237, 38.9614603560286], [-84.86560133515846, 38.93143657292649], [-85.09642535767145, 39.137496000408206], [-84.86468884364086, 39.49367554822951], [-85.2188757925964, 39.61871455195174], [-85.0650949462645, 40.071755213005346], [-84.90417070808815, 40.199613784888484], [-85.40398131144657, 40.234359512751645], [-85.53958140838286, 40.41977475570474], [-85.32980468920277, 40.51081708927004], [-84.80391492270532, 40.37252474726994], [-84.80411888435908, 40.35284371927854], [-84.80293081571689, 40.4653865822365], [-85.13113965386981, 40.86638263899006], [-85.03200174713999, 40.95874194899051], [-85.09096189352509, 41.13170800500999], [-85.02712429314205, 41.17160677599088], [-85.03331529371707, 41.26437192071606], [-85.21095310284457, 41.32321992513359], [-85.07045651456473, 41.50031503631587], [-85.18772509687624, 41.58339323718392], [-85.55800602600294, 41.471584373352506], [-85.58926637081203, 41.412292597845486], [-85.70406978643233, 41.426300171661204], [-85.87362801092769, 41.63136363439484], [-85.91023809198609, 41.61951394677958], [-86.0578758086402, 41.69887042280563], [-86.18368846307219, 41.72809600980598], [-86.20622719827608, 41.69821363554845], [-86.50913848102373, 41.7254648578995], [-86.5004053601636, 41.50154974220285], [-86.68054066532828, 41.34355321392428]]], [[[-90.44631975300197, 42.35704108311889], [-90.64672741149134, 42.47190363070219], [-90.70085617160827, 42.626444633353906], [-90.9415665370762, 42.68384380266671], [-91.07071586625872, 42.7755017402014], [-91.1380001628291, 42.90377210687058], [-91.17525326047274, 43.13466501849869], [-91.05791008438833, 43.253967751258884], [-91.20736704388358, 43.37365894898858], [-91.27325259778198, 43.66662267046668], [-91.24395460751225, 43.77304628673011], [-91.29100152944744, 43.85273307679647], [-91.44053544350591, 44.00150135967629], [-91.57328327470353, 44.02690077553536], [-91.8173021281752, 44.16423502454865], [-91.96360021778473, 44.36211210168913], [-92.23247267123604, 44.4454336110028], [-92.3615175624645, 44.558935322654804], [-92.54928050191948, 44.577703861461536], [-92.80528676106545, 44.76836091228402], [-92.75080188647061, 44.94156676457915], [-92.80291102904889, 45.06540294646721], [-92.74050907629334, 45.113396142143955], [-92.76186740764624, 45.28493817865006], [-92.6467680722051, 45.43792896427244], [-92.75690589048544, 45.55749938006448], [-92.88113602381024, 45.57340869925413], [-92.86968883814258, 45.715142043657465], [-92.72112805808953, 45.88380458817047], [-92.54568229282911, 45.9701177508329], [-92.35175956215308, 46.01568484620851], [-92.29403351904266, 46.074377325108856], [-92.29219231367863, 46.663241995918824], [-92.20549236339379, 46.664741038882035], [-92.14333792940384, 46.73159566549596], [-91.96188935974281, 46.68253899492044], [-91.51107702140362, 46.75745331455206], [-91.21164714621437, 46.866823577685004], [-91.1676013765478, 46.84475989601379], [-90.98461679064715, 46.92560222429133], [-90.98937508313266, 46.98227417867886], [-90.92412780349989, 47.00188804395289], [-90.74530487683542, 46.89425393938993], [-90.95565056506045, 46.59250263638793], [-90.89830755444414, 46.58305041470768], [-90.79477476917378, 46.62494098744532], [-90.73725940915661, 46.692267371575504], [-90.5655603150848, 46.58489204847215], [-90.43759630115758, 46.561492167161994], [-90.04541944756474, 46.66827222048586], [-89.83195604083893, 46.80405304107887], [-89.4151545318706, 46.843983087458476], [-89.22791373923417, 46.91295416286419], [-89.1425949472427, 46.98485905469711], [-88.95940944385922, 47.008496324864865], [-88.8891398704454, 47.10057498551998], [-88.58491197195912, 47.24236071542018], [-88.41867271176694, 47.37118792262875], [-88.21782190316226, 47.448737864748026], [-87.80118416891263, 47.47330072790907], [-87.59149838979017, 47.42411287013374], [-87.6047037475047, 47.38862518613719], [-87.94161358303637, 47.39007282273837], [-87.9433595968016, 47.335899252302866], [-88.194217519241, 47.20924211775264], [-88.2398953823274, 47.13943638401071], [-88.34005233809651, 47.08049431407403], [-88.47793453826391, 46.850559608704934], [-88.1436886338348, 46.96666476012998], [-88.06519171317093, 46.91856276457471], [-87.90033914948805, 46.90968615713781], [-87.5953072491862, 46.782949959668365], [-87.50302512700183, 46.64749698343797], [-87.38164949836741, 46.58005925883515], [-87.36676766412484, 46.50730270692738], [-87.17506495763729, 46.49754828725606], [-86.97695861855841, 46.52658109244618], [-86.90374162094713, 46.466138318933176], [-86.81096651688564, 46.44966261248893], [-86.69564532170052, 46.555026427462245], [-86.55773139947192, 46.487434008842946], [-86.13829555571148, 46.67293465014456], [-85.4820958344354, 46.680432409666736], [-85.25686040757569, 46.75338035153375], [-84.96465186214876, 46.77284487275463], [-85.02829043773089, 46.67512470455184], [-85.02737398656478, 46.55375639217163], [-84.9694646134141, 46.47628977257739], [-84.84976674054252, 46.460244848481985], [-84.67842311634786, 46.487694133518346], [-84.49340112764055, 46.440312754110636], [-84.42027457562774, 46.50107691928588], [-84.29301649245285, 46.4928026303757], [-84.19372929012466, 46.53992007586674], [-84.11792483221338, 46.51761886747407], [-84.11494130632082, 46.17411428640721], [-83.88230314596586, 46.04206525603631], [-83.81582665115036, 46.10852867529433], [-83.59861223533098, 46.09008513595508], [-83.48063961733465, 45.996163882405114], [-83.52634683056489, 45.91863634660001], [-83.58305241145084, 45.915918911564674], [-83.65765968080333, 45.945463406904125], [-84.0800707296356, 45.97082174894627], [-84.37642891321342, 45.931961944588856], [-84.48043578450326, 45.977763802654266], [-84.73400148926915, 45.90702628726825], [-84.70638271135591, 45.848658137180884], [-84.79276296909433, 45.85869084646058], [-85.0035977012321, 46.0061297910409], [-85.1520273464963, 46.05072463843976], [-85.54085835517402, 46.079581331452594], [-85.69720235282495, 45.96015820836653], [-85.81044258305128, 45.98008667598026], [-85.91376942891506, 45.91943939009627], [-86.07206688527845, 45.965312644977985], [-86.2780071535236, 45.942057152564374], [-86.34913366377572, 45.83415961598295], [-86.54142958452522, 45.70810988691797], [-86.63689450496777, 45.542052816943965], [-86.71232785204577, 45.610939154001315], [-86.70518338595959, 45.69090115709758], [-86.64731889801176, 45.73261789370925], [-86.77327922825307, 45.81138483016117], [-86.83874667514512, 45.72230682797865], [-86.964274502225, 45.672761052471145], [-87.07044210871423, 45.718778571413], [-87.17224116186883, 45.66178761047001], [-87.54896415088609, 45.191591004899564], [-87.63029842479396, 44.97686508021271], [-87.81298952694914, 44.95401279420376], [-87.84343233493934, 44.924355359143206], [-87.83835938812554, 44.87398713293843], [-87.98349439506758, 44.720196084865854], [-87.99871603447025, 44.609287645047644], [-88.04120149033209, 44.572580584685625], [-87.94380143081587, 44.52969265225516], [-87.8668840551834, 44.608434221607205], [-87.77516041593874, 44.63928060923935], [-87.58130626126731, 44.851791426321846], [-87.44647693182138, 44.886109441599345], [-87.39340538474154, 44.93439331811793], [-87.26487731724109, 45.08136138848659], [-87.23822456612311, 45.167258614240076], [-87.12160867842259, 45.20978303459426], [-87.05762676780158, 45.292837557730785], [-86.97778060022749, 45.29068415204817], [-87.0631572625777, 45.07931607825731], [-87.44696348754873, 44.58627370334752], [-87.54538159079002, 44.32138467283803], [-87.50741938747299, 44.21080282977724], [-87.65518255454161, 44.081894230397694], [-87.73601636802778, 43.873721031056554], [-87.7062036536909, 43.67954150970014], [-87.88920681399696, 43.307651784396086], [-87.89578375103468, 43.015813625471175], [-87.84268099837135, 42.94411594695527], [-87.83487834498874, 42.85671718734666], [-87.76667517715352, 42.784896008039496], [-87.81467421391741, 42.64402022083367], [-87.8004772562784, 42.49191996143442], [-88.03859403557948, 42.494311443715446], [-88.04792406003493, 42.43813728439968], [-87.98020731995862, 42.33444125059434], [-88.0029656652704, 42.305230025063864], [-88.09002041361606, 42.300118296799184], [-88.08837483060965, 42.23850359534151], [-88.01386401410561, 42.23415374312137], [-87.9921604714018, 42.20144086875244], [-87.84981392387091, 42.20393989326963], [-87.83580021267392, 42.159820946207695], [-87.87881953641087, 42.143483927278254], [-87.87816133695738, 42.10514734500986], [-87.79785510612007, 42.10541642802689], [-87.85095751349391, 42.061954222652695], [-88.01652872873747, 42.169516409521655], [-88.0924794564099, 42.15886951310932], [-88.17856524875998, 42.23596486717998], [-88.15379490226225, 42.318731808484955], [-88.11833934814726, 42.3213730715065], [-88.0549797615418, 42.429923554790186], [-88.22616242390619, 42.35480472926936], [-88.27321482315757, 42.27404672700815], [-88.37224004025434, 42.29218878146567], [-88.3691811930777, 42.495416787346656], [-88.77659260392586, 42.49413778538913], [-88.72205923300587, 42.49370770124765], [-88.7246905064996, 42.471567799192506], [-89.10603976093864, 42.30948632673077], [-89.20546352967955, 42.29386635243108], [-89.33295689639733, 42.357743073224135], [-89.49794588120226, 42.179964284848346], [-89.78165843726772, 42.276117258892995], [-90.1309160444107, 42.17862017360061], [-90.17330870033132, 42.117603060889486], [-90.40065324407622, 42.23929295612666], [-90.44631975300197, 42.35704108311889]]], [[[-89.15773761924606, 47.82401474874618], [-89.25520172110014, 47.87610154956995], [-89.17915385833753, 47.93502976364081], [-88.42516194454414, 48.21065030737269], [-88.42737274320412, 48.16676359801457], [-88.55044065665943, 48.102110786312814], [-88.57917221643126, 48.040757841143005], [-88.85292315406448, 47.965322357857886], [-88.89898582168158, 47.90068499578925], [-89.15773761924606, 47.82401474874618]]], [[[-85.7018096294208, 45.73612879089269], [-85.52444834726835, 45.829794352660926], [-85.36095156395665, 45.81755411069417], [-85.50927554482627, 45.59647477826804], [-85.56163357569403, 45.572212734807565], [-85.62274095148561, 45.58602796896238], [-85.7018096294208, 45.73612879089269]]], [[[-90.51162235918478, 46.96140704034906], [-90.5491037586089, 46.915460658176464], [-90.63712429364011, 46.906723842742004], [-90.77692162205531, 47.02432365770473], [-90.65042256675655, 47.05467800698219], [-90.56093619855255, 47.03701271291494], [-90.51162235918478, 46.96140704034906]]], [[[-84.61622030493557, 45.89447023891858], [-84.35601999535227, 45.771895344148135], [-84.39403857031193, 45.727623114231676], [-84.48412798109975, 45.73071005214413], [-84.650783503317, 45.85920999675958], [-84.61622030493557, 45.89447023891858]]], [[[-85.97688303358534, 45.06265964012809], [-86.08148734159971, 44.990095644035364], [-86.15482449331728, 45.002393766460244], [-86.04443058528886, 45.15958163658383], [-85.95402148851777, 45.11928147912906], [-85.97688303358534, 45.06265964012809]]], [[[-86.93427586625758, 45.42114901370035], [-86.8357495875165, 45.45018771811725], [-86.80586744365918, 45.41290268843237], [-86.89989059711941, 45.29518460547793], [-86.95619797888354, 45.35200602690145], [-86.93427586625758, 45.42114901370035]]], [[[-82.78271920761034, 41.69400291101654], [-82.78887664355872, 41.64304689251669], [-82.84209852036305, 41.62832325470956], [-82.86334161150992, 41.693692640706416], [-82.8257199861631, 41.722809674018954], [-82.78271920761034, 41.69400291101654]]], [[[-84.82565054641483, 38.895612069760986], [-84.78640622972249, 38.882220153691094], [-84.79429701005981, 38.867464247275095], [-84.82565054641483, 38.895612069760986]]]]}, "properties": {"scenario_id": "51_13_11_24_3", "bundle": "WH", "bundle_title": "WH only", "district_raw": "WH_01", "district": "WH_01", "wholesaler": "R0014", "mass": 477.34699722, "color": "#1daf34"}}, {"type": "Feature", "geometry": {"type": "Polygon", "coordinates": [[[-94.61442143322036, 37.99372075817316], [-94.59193346164122, 39.15500344079293], [-94.68033588537266, 39.18430256861195], [-94.7419376256671, 39.17020311831867], [-94.79966303530495, 39.20601805988534], [-94.90806532048566, 39.32366319748918], [-94.88897235748519, 39.39243242415914], [-94.946661598412, 39.39971664528423], [-95.11355738505446, 39.55394106310075], [-95.047165140481, 39.59511710597814], [-94.9710780888923, 39.7231458398166], [-94.86037135022205, 39.74952990671761], [-94.87867691548892, 39.82652219012565], [-94.95154008003048, 39.90053295340045], [-95.08153374835005, 39.86171754719197], [-95.38295657771145, 40.027112040891], [-95.41473383003273, 40.06982028624232], [-95.39421624462936, 40.10826282960768], [-95.48101969670167, 40.18852391433088], [-95.4725480255246, 40.23607823256503], [-95.65372864041075, 40.32258216410822], [-95.69472615468223, 40.49360182467902], [-95.71429125529163, 40.527207787347955], [-95.75710994864976, 40.52599030042615], [-95.7486260710364, 40.60335461084469], [-95.8886965652919, 40.73629220346507], [-95.83415550808327, 40.78301572545902], [-95.81070914473725, 40.88668081138611], [-95.8658779239055, 41.017402926289535], [-95.85678802626717, 41.18709819012476], [-95.90969006156831, 41.18439782157384], [-95.89015180520492, 41.27830806434721], [-95.92569021110829, 41.322197398362135], [-95.9225285511312, 41.45576591979076], [-95.98296209900812, 41.46977801559862], [-96.00507928136116, 41.54400380790064], [-96.08049284898678, 41.528198979479065], [-96.11810558147421, 41.61349507075315], [-96.06453701406046, 41.793001832962325], [-96.15909806624185, 41.91005735779599], [-96.13253753024573, 41.97462500798049], [-96.27287684145229, 42.04723813673821], [-96.2688997295733, 42.113589615398205], [-96.34775181450408, 42.16680634327015], [-96.33600329318071, 42.2648056394604], [-96.40799748004994, 42.33740838171988], [-96.38130723692043, 42.4616940420792], [-96.4929702175531, 42.5172816298434], [-96.47695176106137, 42.55607925419285], [-96.52676579843877, 42.641184167849964], [-96.6247040795354, 42.72549734374318], [-96.50030834597044, 42.95939076763246], [-96.51160485289745, 43.03992700255587], [-96.4393348785495, 43.11391596037827], [-96.47557081618066, 43.22105365913009], [-96.52208345296289, 43.2209599060035], [-96.57882290937086, 43.29109496655693], [-96.5303921277593, 43.30003363059116], [-96.52157156732639, 43.38563994371248], [-96.59425355344716, 43.43415266612853], [-96.59892862891331, 43.5004566338849], [-96.4532596417287, 43.500390053968786], [-96.45778061978751, 45.30761000597637], [-96.5217872386457, 45.37564475241191], [-96.71078637155999, 45.436930017501915], [-96.8516205697342, 45.61941210558699], [-96.58709313360454, 45.81644480364816], [-96.5545074926221, 46.08397800706388], [-96.60103997703625, 46.319553718343826], [-96.7090951482342, 46.435293848361155], [-96.79052246803327, 46.63687998209999], [-96.76397274135738, 46.91250663725688], [-96.83350431184135, 47.010109740655636], [-96.85407345937647, 47.572009883931855], [-97.14674555095448, 48.16855561690588], [-97.14912239423708, 48.53230540779846], [-97.10000913771589, 48.667925798791885], [-97.22785384276807, 48.94586423538947], [-97.22903905880064, 49.00068655995617], [-95.15371100523652, 48.99890276473268], [-95.15331463720997, 49.38435764239449], [-95.05840336430593, 49.353169721361965], [-94.9521110699333, 49.36867871444515], [-94.81622224037473, 49.32098699261172], [-94.68306857321005, 48.88392899364886], [-94.69431208034966, 48.78935183459352], [-94.61900952002027, 48.73737394506194], [-94.44660403216733, 48.69289958932821], [-94.28179686059455, 48.70525531621331], [-94.25019140674435, 48.656323449376224], [-93.84400763518592, 48.62939486500754], [-93.81517804752536, 48.52650802902774], [-93.67456805953583, 48.51629743197166], [-93.46750431912346, 48.545664338315596], [-93.46430737936687, 48.59179187442316], [-93.34752796420362, 48.62662040221297], [-92.95487661106495, 48.631493473973244], [-92.72804595000116, 48.5392897057704], [-92.63493122614983, 48.54287269004386], [-92.65710039073093, 48.46691520546016], [-92.45632561938959, 48.41420432267986], [-92.46994746172913, 48.35183587924847], [-92.36917409355658, 48.22026835332688], [-92.31466490745254, 48.24052706724985], [-92.26228066548977, 48.35493298255547], [-92.0552285207621, 48.35921286779022], [-92.00013302838822, 48.321355279731335], [-91.98077178259098, 48.24780067464951], [-91.71493053782585, 48.19913009667978], [-91.69236555594952, 48.11933024773777], [-91.55927193642094, 48.108267647257264], [-91.54251252246361, 48.05326786879398], [-91.25011179367122, 48.084087190382206], [-91.03554950334953, 48.189458871761886], [-90.84362386594832, 48.24357568213567], [-90.77596148501779, 48.122229199087705], [-90.70370192144205, 48.096008859485366], [-90.56611290878853, 48.12262041486197], [-90.13619166991406, 48.112135899082894], [-90.02962655861215, 48.08758773059663], [-89.97343338103688, 48.02035009727881], [-89.86815318767833, 47.989898021396606], [-89.74931342693246, 48.02332450081231], [-89.4892265784018, 48.01452790888554], [-89.9742955263622, 47.830514311784334], [-90.42139020230647, 47.73514988982459], [-90.73592724159661, 47.624343221837236], [-91.02312377542788, 47.464964122355], [-91.45696503843502, 47.139155760615026], [-92.06208830946218, 46.80403811195084], [-92.01529033264127, 46.70646887374124], [-92.14333792940384, 46.73159566549596], [-92.20549236339379, 46.664741038882035], [-92.29219231367863, 46.663241995918824], [-92.29403351904266, 46.074377325108856], [-92.35175956215308, 46.01568484620851], [-92.54568229282911, 45.9701177508329], [-92.72112805808953, 45.88380458817047], [-92.86968883814258, 45.715142043657465], [-92.88113602381024, 45.57340869925413], [-92.75690589048544, 45.55749938006448], [-92.6467680722051, 45.43792896427244], [-92.76186740764624, 45.28493817865006], [-92.74050907629334, 45.113396142143955], [-92.80291102904889, 45.06540294646721], [-92.75080188647061, 44.94156676457915], [-92.80528676106545, 44.76836091228402], [-92.54928050191948, 44.577703861461536], [-92.3615175624645, 44.558935322654804], [-92.23247267123604, 44.4454336110028], [-91.96360021778473, 44.36211210168913], [-91.8173021281752, 44.16423502454865], [-91.57328327470353, 44.02690077553536], [-91.44053544350591, 44.00150135967629], [-91.29100152944744, 43.85273307679647], [-91.24395460751225, 43.77304628673011], [-91.27325259778198, 43.66662267046668], [-91.20736704388358, 43.37365894898858], [-91.05791008438833, 43.253967751258884], [-91.17525326047274, 43.13466501849869], [-91.1380001628291, 42.90377210687058], [-91.07071586625872, 42.7755017402014], [-90.9415665370762, 42.68384380266671], [-90.70085617160827, 42.626444633353906], [-90.64672741149134, 42.47190363070219], [-90.44631975300197, 42.35704108311889], [-90.40065324407622, 42.23929295612666], [-90.16115882580051, 42.10637212583011], [-90.1309160444107, 42.17862017360061], [-89.78165843726772, 42.276117258892995], [-89.49794588120226, 42.179964284848346], [-89.33295689639733, 42.357743073224135], [-89.20546352967955, 42.29386635243108], [-89.10603976093864, 42.30948632673077], [-88.72205923300587, 42.49370770124765], [-88.3848259065598, 42.49536554623676], [-88.37224004025434, 42.29218878146567], [-88.27691255554241, 42.2729715428107], [-88.22616242390619, 42.35480472926936], [-88.0549797615418, 42.429923554790186], [-88.11833934814726, 42.3213730715065], [-88.15379490226225, 42.318731808484955], [-88.17856524875998, 42.23596486717998], [-88.0924794564099, 42.15886951310932], [-88.01652872873747, 42.169516409521655], [-87.85095751349391, 42.061954222652695], [-87.79785510612007, 42.10541642802689], [-87.87816133695738, 42.10514734500986], [-87.87881953641087, 42.143483927278254], [-87.83580021267392, 42.159820946207695], [-87.84981392387091, 42.20393989326963], [-87.9921604714018, 42.20144086875244], [-88.01386401410561, 42.23415374312137], [-88.08837483060965, 42.23850359534151], [-88.09002041361606, 42.300118296799184], [-88.0029656652704, 42.305230025063864], [-87.98020731995862, 42.33444125059434], [-88.04792406003493, 42.43813728439968], [-88.03859403557948, 42.494311443715446], [-87.8004772562784, 42.49191996143442], [-87.8347692385322, 42.30152212877089], [-87.80006602545023, 42.20802399884855], [-87.6823593720752, 42.07572872463416], [-87.60945001778308, 41.84523262942605], [-87.52414096549066, 41.72398983306882], [-87.53164597446155, 39.347887610636064], [-87.6003964511799, 39.3129041381057], [-87.57702897494686, 39.21112257821281], [-87.6404345480573, 39.166726798511995], [-87.5725875547954, 39.0572860873333], [-87.57911710523376, 39.00160720521748], [-87.52949622328421, 38.971924725952654], [-87.54737018688209, 38.875614009674834], [-87.49894799969032, 38.757773717233796], [-87.54553833077243, 38.67761270716457], [-87.6201195424932, 38.63948880874329], [-87.65416552094898, 38.51191066347716], [-87.7140474582315, 38.479880224522425], [-87.83197168303388, 38.30724089396429], [-87.96896759501877, 38.237388957855075], [-87.97581862784232, 38.19783429115387], [-87.92746756289368, 38.151946071354274], [-88.03088408840439, 38.03071332204531], [-88.01631096372088, 37.96157384665257], [-88.0673645119444, 37.85605108533011], [-88.02802962772984, 37.79922408242116], [-88.16006206847351, 37.65433171200732], [-88.06229395924458, 37.48783655601954], [-88.28166648470872, 37.45259594674194], [-88.35843628302996, 37.40486043743752], [-88.41859381594679, 37.421986704092106], [-88.46586099818853, 37.40054732219276], [-88.51466084138532, 37.290948335780236], [-88.42477577403024, 37.149900978638605], [-88.47612747947815, 37.068222893643146], [-88.5315756271794, 37.06719238681427], [-88.93174479839146, 37.22759308716901], [-89.05803598965846, 37.18876667688483], [-89.16808652414164, 37.07421805424257], [-89.09884273023341, 36.95785009665361], [-89.1569902984352, 36.75596759080017], [-89.2025112919953, 36.716618140056255], [-89.16548835374421, 36.66242584252419], [-89.22731913950464, 36.569374693514725], [-89.32465812307478, 36.624032330196925], [-89.37869370638718, 36.62229221368357], [-89.40790657843246, 36.562344794092944], [-89.5444338949787, 36.574510005617256], [-89.57148056659055, 36.53808702172728], [-89.51038007351076, 36.37835568417968], [-89.52269479335521, 36.34478940973205], [-89.60054416473399, 36.342984814968105], [-89.6118193191109, 36.30908772150919], [-89.55428867229665, 36.27775091234956], [-89.60237397291968, 36.23810601572362], [-89.6780461489098, 36.24828424206183], [-89.69262993734046, 36.22495907808757], [-89.59210230177894, 36.13563723475368], [-89.68002857785368, 36.08249356191859], [-89.69243687594069, 36.02050742220106], [-89.7330951871491, 36.00060817057157], [-90.36871824935717, 35.99581159359661], [-90.29449218152392, 36.11294922287727], [-90.06398042266818, 36.30303817937004], [-90.06613599517296, 36.38627202211952], [-90.13103834784002, 36.41506869367398], [-90.15387120423422, 36.495343712848396], [-93.84920811960313, 36.49890667632812], [-93.85677736572818, 36.84588998795473], [-92.82249301824339, 36.908648555941305], [-93.21052440150457, 37.41569331602531], [-93.93059601417762, 37.356963553599456], [-94.4205771708748, 37.994798564898666], [-94.61442143322036, 37.99372075817316]]]}, "properties": {"scenario_id": "51_13_11_24_3", "bundle": "WH", "bundle_title": "WH only", "district_raw": "WH_02", "district": "WH_02", "wholesaler": "R0015", "mass": 411.96749269, "color": "#281daf"}}, {"type": "Feature", "geometry": {"type": "MultiPolygon", "coordinates": [[[[-82.74622332928332, 27.731306189862337], [-82.84652606612184, 27.85430108045799], [-82.82816315766007, 28.020130362133653], [-82.85962433504562, 28.17413471070535], [-82.76410292545808, 28.244344564153714], [-82.6650555276709, 28.48443383746057], [-82.66872194189524, 28.695657721693248], [-82.7123729937029, 28.72092123447568], [-82.73024494178958, 28.850155334610264], [-82.68886349281686, 28.90560927641999], [-82.75937802987708, 29.006619337180034], [-82.75970361293018, 29.054191531270554], [-82.82365865318346, 29.09890181847956], [-82.79887573195984, 29.114503601366508], [-82.82707248941021, 29.158425322558706], [-82.99614357567795, 29.178073579725336], [-83.01624794298868, 29.125371422310863], [-83.05320667912784, 29.13083914404548], [-83.07473356290484, 29.247974900718994], [-83.16957606706966, 29.29035535133119], [-83.24050931150911, 29.433177878890213], [-83.2947469069697, 29.4379227209405], [-83.40155238963045, 29.523291447165303], [-83.41470110266474, 29.670536383445395], [-83.53764541048629, 29.723060218096954], [-83.6792187107989, 29.918512597603677], [-84.00071646828404, 30.09620910767121], [-84.2080099071582, 30.084776000287953], [-84.36611456906077, 30.008661611858955], [-84.34906558816483, 29.89681226254589], [-84.47032307815338, 29.92452399914271], [-84.53587281751709, 29.910092099205162], [-84.5774404028146, 29.887828353493074], [-84.5649764429802, 29.810180344854118], [-85.04507431126768, 29.58699092052714], [-85.25971947289848, 29.681295692615453], [-85.3526150393854, 29.659787238663814], [-85.41654809276663, 29.842627927707735], [-85.38473027617555, 29.920949398427883], [-85.48776372107817, 29.961226914040132], [-85.8112193929263, 30.178320479212328], [-86.22256129235964, 30.34358521859685], [-86.63295295887937, 30.396298665418364], [-87.51832352329454, 30.280435123860986], [-87.43178417747244, 30.40319270567551], [-87.36660136112575, 30.436642606386012], [-87.44472201209432, 30.507484223668722], [-87.4001886331612, 30.657201197346417], [-87.52362121922468, 30.738285408550247], [-87.63494319603387, 30.86585707640404], [-87.59893739351126, 30.997422446760986], [-85.00249911205198, 31.000681578769157], [-84.91814964794193, 30.772081619795014], [-84.86469287938368, 30.71154184467723], [-82.21860717044433, 30.564395461278206], [-82.21031783051075, 30.424576568911444], [-82.1800429204619, 30.368609654201602], [-82.14330609459039, 30.363378416595236], [-82.04076601192396, 30.370144458451236], [-82.03266682512846, 30.750673776605023], [-81.94318708823614, 30.82743710368053], [-81.73223814382808, 30.74963538953099], [-81.42742008549851, 30.698020465475654], [-81.43406394596474, 30.52256877967513], [-81.25671082885978, 29.784693223376976], [-80.96617636646258, 29.147959774091593], [-80.58388411959726, 28.597704814004572], [-80.52509434231082, 28.459454272235288], [-80.58781333827764, 28.410856220504698], [-80.6068742884843, 28.336483939679482], [-80.58997533315086, 28.17799005249225], [-80.15337521482884, 27.16930848461727], [-80.03212039953316, 26.77153037852268], [-80.1095663388483, 26.087165468544097], [-80.10995288068031, 25.81825980589721], [-80.15497203839327, 25.665489668643154], [-80.22910732810882, 25.732508710386764], [-80.30146368454257, 25.613299176641], [-80.33704861735873, 25.465620843654946], [-80.31036013441252, 25.389706613856376], [-80.23484900318131, 25.42195955313424], [-80.17602446014925, 25.521154206960713], [-80.16315581655944, 25.452183622992685], [-80.35818283104999, 25.153227768397976], [-80.6511890288534, 24.86613138381099], [-80.96624470092084, 24.707851714409948], [-81.10337333367578, 24.66946308316761], [-81.14871833057813, 24.710476824216617], [-80.84747141323831, 24.851753063171355], [-80.6108689218338, 25.006995206873786], [-80.51657057432162, 25.095456744857064], [-80.49539394641567, 25.199808130504156], [-80.65053216743424, 25.189096960618855], [-80.74774651202466, 25.147440719375187], [-80.81213319099788, 25.186039069544847], [-81.07985867946759, 25.11879665739069], [-81.14227775666264, 25.183000390284537], [-81.17090650861279, 25.24585714047035], [-81.14676534001661, 25.40757692151693], [-81.28990123968165, 25.673554084170608], [-81.35598579773846, 25.703526285167545], [-81.38381030754654, 25.776751071623234], [-81.61473456802273, 25.89397703715763], [-81.6726334189541, 25.856653834595928], [-81.72708583069495, 25.907206575627967], [-81.84455508898846, 26.327711921717], [-81.92361088064388, 26.436658311435423], [-82.01391252043022, 26.452058192525453], [-82.07501541856216, 26.422059076262475], [-82.1807165638977, 26.476256711870573], [-82.24539532233175, 26.601093785187526], [-82.26468241933217, 26.756835815354183], [-82.31427664659557, 26.858383856399712], [-82.53971888461922, 27.254326121835895], [-82.7430173075328, 27.531085913067436], [-82.65071978264601, 27.523115115562284], [-82.43197985255811, 27.76809240355018], [-82.44878557735977, 27.81003608951597], [-82.55394564492329, 27.848461617438797], [-82.7330760061877, 27.612971956838464], [-82.74622332928332, 27.731306189862337]]], [[[-81.44351004203594, 24.813364247862673], [-81.30505356324721, 24.755185141752765], [-81.24323169135263, 24.673997976748932], [-81.81253571571925, 24.54546859924074], [-81.7512660096996, 24.653516704115845], [-81.44351004203594, 24.813364247862673]]], [[[-81.86871111738517, 24.5841204749743], [-81.91885473868817, 24.49813089139242], [-82.0280910084069, 24.49871571044851], [-81.98390799975492, 24.580681629200747], [-81.86871111738517, 24.5841204749743]]], [[[-82.08664339447517, 24.590070914347834], [-82.1007571270136, 24.53328813177865], [-82.17945377637592, 24.52946989723918], [-82.18803147186904, 24.574698875004593], [-82.14409894346838, 24.622480837931267], [-82.08664339447517, 24.590070914347834]]]]}, "properties": {"scenario_id": "51_13_11_24_3", "bundle": "WH", "bundle_title": "WH only", "district_raw": "WH_03", "district": "WH_03", "wholesaler": "R0016", "mass": 463.30474817, "color": "#1d9eaf"}}, {"type": "Feature", "geometry": {"type": "MultiPolygon", "coordinates": [[[[-121.86060420355987, 36.61113611821729], [-121.79154392952125, 36.815186201335884], [-121.86226563645157, 36.931552395160246], [-121.90646801372117, 36.96895000467026], [-122.10597537615254, 36.95595074526403], [-122.3970645689039, 37.18724898773457], [-122.40925753307603, 37.37480497157971], [-122.44598683532055, 37.46154104392465], [-122.51668876981624, 37.52134039328515], [-122.51198268251218, 37.77112991057276], [-122.39813867981314, 37.80562972363066], [-122.35678347013092, 37.72950496162394], [-122.39319034154352, 37.707530964218286], [-122.36021874988866, 37.592500927337824], [-122.16844935441499, 37.504143251719285], [-122.11199851027247, 37.528851282270004], [-122.16304850670691, 37.66793272091235], [-122.33371095751781, 37.80979673778008], [-122.30393057305534, 37.83008690595658], [-122.33452990469172, 37.90879097759098], [-122.37870958970657, 37.90519124897414], [-122.42525814364346, 37.95567241580049], [-122.26286164033368, 38.051473285868745], [-122.30180368814645, 38.10514210214877], [-122.39358798494729, 38.143449389830934], [-122.49128255863107, 38.10808693790608], [-122.49946512294945, 38.03216458469026], [-122.45299466249577, 37.99616748537357], [-122.48637515073922, 37.92188131808849], [-122.41846974727544, 37.852721015175185], [-122.4834826648279, 37.826727776713625], [-122.67847441737605, 37.906603640990255], [-122.70264009389678, 37.89382041032428], [-122.85657246249176, 38.01671665783835], [-122.93971126095765, 38.031907823229616], [-122.974390120226, 37.99242881647228], [-123.01153246836994, 38.00343809625389], [-122.95362921765995, 38.17567000021], [-123.00412191945512, 38.29701158479563], [-123.05350353680078, 38.29938484156172], [-123.08557246436642, 38.39052511315477], [-123.16642802408379, 38.47494708765629], [-123.33189866291738, 38.56554212795939], [-123.44177380448033, 38.699743881395705], [-123.71054034892083, 38.91323016375917], [-123.73289241272855, 38.954993862184295], [-123.69074040180178, 39.0212927066032], [-123.82533123001603, 39.36081379897235], [-123.76647480437354, 39.55280349280945], [-123.85171454212025, 39.832041288842895], [-124.06890827626856, 40.021306705757766], [-124.08708549134936, 40.07844194859319], [-124.36341336614582, 40.260973837698174], [-124.35312351085103, 40.3314249653421], [-124.40959128819236, 40.43807590975865], [-124.11814737884589, 40.98926255405305], [-124.16398819232468, 41.13867520954456], [-124.06307574102976, 41.43957944242349], [-124.14347896834259, 41.70928437367912], [-124.24502704265791, 41.7923003973218], [-124.21160553065758, 41.998460140431874], [-124.31428849597589, 42.067863802138206], [-124.41098140223804, 42.25054673121575], [-124.41311852105568, 42.657934025691475], [-124.51001713977291, 42.734746114751], [-124.55244118563834, 42.84056756318153], [-124.43619769255893, 43.071312133976996], [-124.40040349373635, 43.30212079012812], [-124.23353367506131, 43.55712996949917], [-124.15026653188718, 43.910850017797706], [-124.07406580753386, 44.798107108514465], [-123.97542465319101, 45.14547576336517], [-123.93900438160215, 45.661922954519966], [-123.99370354834178, 45.94643074409924], [-123.93747102480026, 45.97730586809809], [-123.92933002407234, 46.0419781766722], [-123.95919062608122, 46.14167511286664], [-124.04112772725304, 46.19767196936638], [-123.99805249147059, 46.235326778095924], [-123.91240559524078, 46.1794502482625], [-123.7575885520549, 46.21300102710405], [-123.71814864637048, 46.18898926643465], [-123.54765931193917, 46.25910862530809], [-123.66950066072698, 46.266831754607445], [-123.70076324791386, 46.305277843633796], [-123.8755250801586, 46.23978684456195], [-123.96942674395392, 46.291398380793325], [-124.08067157920384, 46.267238998257575], [-124.06958318202835, 46.63065135199117], [-123.96064207663686, 46.636363805007285], [-123.92326891812846, 46.672707849097364], [-123.97515666666304, 46.713970886534646], [-124.08098310027428, 46.73500326240189], [-124.1382255189277, 46.905533701258996], [-124.18011142537091, 46.926357228946586], [-124.18854395004216, 47.15785902327098], [-124.23634910254688, 47.28728716533908], [-124.31937818532018, 47.355558715885344], [-124.41210542462385, 47.691198915355145], [-124.67242670845411, 47.96441367421593], [-124.7217255687211, 48.15318502599367], [-124.66926436509263, 48.296353152384114], [-124.72583946999846, 48.386011792786455], [-124.65324251992884, 48.39069090706387], [-124.38087403452023, 48.28469885218707], [-124.10177293879171, 48.216883083902104], [-124.05073466336994, 48.177747088463335], [-123.31457821670229, 48.11372540133836], [-123.23912946829063, 48.1182169756636], [-123.14478283021948, 48.175943383451255], [-123.00412735268854, 48.09051574371996], [-122.76044760809853, 48.143239905963846], [-122.69846509052175, 48.103101936092365], [-122.70129367474206, 47.97297868993544], [-122.65106320525784, 47.92098519209758], [-122.54682437849503, 47.96721527644648], [-122.54292440148622, 47.99640411599896], [-122.60734167473608, 48.030992262699726], [-122.63316714979274, 48.163280663103755], [-122.7115080091971, 48.19357345820961], [-122.75256222206394, 48.26006074653939], [-122.66533868927705, 48.41645323989848], [-122.68912085549096, 48.476849238302606], [-122.64259712293648, 48.588339181178874], [-122.73250606289928, 48.83809663274864], [-122.82163139469944, 48.94136938477658], [-122.75802039498338, 49.00235693760869], [-120.00119849308072, 48.99941771221669], [-117.03235131865576, 48.99918782585752], [-117.03554521327634, 46.41001213026576], [-117.06274850177321, 46.353623793286566], [-116.92395817694604, 46.17091967485571], [-116.98196142878739, 46.08491468982116], [-116.85979551138763, 45.907263933857735], [-116.7875199193993, 45.84020389708717], [-116.59300365577406, 45.778540639569094], [-116.46350420827173, 45.61578504155038], [-116.67464775205228, 45.314341591052], [-116.75464338658368, 45.1139719243718], [-116.84131364712617, 45.030906930273325], [-116.86533832589943, 44.87059927192332], [-116.93180048607422, 44.78718066403284], [-117.06227334128654, 44.72714264528993], [-117.14293040403385, 44.55723605045734], [-117.22593253413353, 44.47938901737471], [-117.24302716995562, 44.39097418314454], [-117.19220262011753, 44.32863013206679], [-117.21697389375622, 44.288357173282506], [-117.17034208282283, 44.258889576649096], [-117.12103693838569, 44.277585000411634], [-117.05935182163842, 44.237244036370505], [-116.97195843195928, 44.23567719427853], [-116.9654985831681, 44.194126277813545], [-116.89593068151605, 44.154295408803144], [-116.97735056684009, 44.08536402814177], [-116.93734177767351, 44.02937632671513], [-117.02357704868689, 43.82381053725661], [-117.02619682969944, 41.99988994954561], [-113.8179637317815, 41.98858038127639], [-111.04668911633331, 42.00156664390112], [-111.04672336958477, 40.997958551506365], [-109.05007592023483, 41.00065927548975], [-109.04522288399224, 36.99908358775837], [-111.27828610776847, 37.00046499039503], [-114.05059960224133, 37.00039570545789], [-114.04683770318397, 36.19406908689745], [-114.15172509134307, 36.024563378853365], [-114.27064549422387, 36.03571987788912], [-114.37210570605504, 36.14311400186685], [-114.44865354019853, 36.126410089208946], [-114.57203059093551, 36.151610284383906], [-114.73616537425596, 36.10436678891369], [-114.73115945220299, 35.94391621545902], [-114.66968731291432, 35.865083709692655], [-114.70370968302244, 35.814585408087495], [-114.68940680431051, 35.65141245603508], [-114.65340564714278, 35.61078892669286], [-114.66449989165537, 35.44949707404628], [-114.62713711314113, 35.409503869238556], [-114.57274738445906, 35.1387248160834], [-114.61990544409545, 35.12163184954324], [-114.63348740214605, 35.00185712645514], [-115.6476830295074, 35.809358325204116], [-115.56937695520419, 35.74779675479164], [-117.56150568954271, 35.02567067517732], [-117.71154125180192, 34.64628624271052], [-117.89903372327359, 34.5423963990805], [-118.01078106160854, 34.371104222695365], [-118.10354690363205, 34.325171836453336], [-118.18155060553065, 34.1860401817291], [-118.288924502045, 34.14869468013582], [-118.22665430870512, 34.113364983599105], [-118.226748730256, 34.14563998531815], [-118.18779776106528, 34.15350667581767], [-118.17682534975295, 34.015768266002354], [-118.13467111452114, 33.986875538957186], [-118.1607640291064, 33.94553279926954], [-118.1972452824216, 33.965596345460334], [-118.18235693259648, 34.01375482768221], [-118.22431098398845, 34.01512687669729], [-118.20383375319295, 34.08288965134433], [-118.2260685362392, 34.097246558507], [-118.35770455951427, 34.08854140498772], [-118.3638095328386, 34.05637156451024], [-118.45251088341342, 34.09380936412396], [-118.4723699960927, 34.066390711308685], [-118.3623989307663, 34.04696646440338], [-118.42908541178207, 34.0494652857497], [-118.48850100948145, 33.996780928494154], [-118.60357188956155, 34.039048438534834], [-118.7449521957231, 34.03210263629536], [-118.80511450314175, 34.00123915842705], [-119.10978421802952, 34.09456581437304], [-119.22774317722298, 34.161728003678924], [-119.27014434926592, 34.252902933972614], [-119.46103562984524, 34.37406366269923], [-119.61686229234121, 34.420995061131535], [-119.70906675177478, 34.395396959177866], [-119.87397091190704, 34.40879518097014], [-120.14116528695659, 34.473405271906444], [-120.45142498751696, 34.4470939890186], [-120.51142107755516, 34.52295278612555], [-120.62257442064968, 34.5540166928314], [-120.64573875391702, 34.58103462800666], [-120.60196967623718, 34.69209463009387], [-120.62631977507523, 34.7380717426006], [-120.6102663016958, 34.858180079141256], [-120.6708349888425, 34.90411516295577], [-120.63578705123439, 35.12380511628883], [-120.8967899113314, 35.24787671868649], [-120.86213260107735, 35.36076330866491], [-120.88475660675502, 35.43019562441188], [-121.00335888795581, 35.46070958814157], [-121.16671206509686, 35.63539896678946], [-121.27232241410866, 35.66671050377847], [-121.3324492398317, 35.78310631646025], [-121.46226391613058, 35.885617862532754], [-121.4861998829285, 35.970347827534546], [-121.57460226776932, 36.025156189199556], [-121.680145303611, 36.16581813214179], [-121.88849073103374, 36.30281039199737], [-121.97042730752624, 36.582754343353905], [-121.92386584654678, 36.63455935463501], [-121.86060420355987, 36.61113611821729]]], [[[-123.14147809041957, 48.50529082765374], [-123.23714836802266, 48.68346623300676], [-123.0704264303535, 48.69997102749397], [-122.93792469428499, 48.790315504046674], [-122.81843675748019, 48.744629279989155], [-122.74304862069643, 48.661990878651295], [-122.79901059602109, 48.60468303483375], [-122.77120581327618, 48.562426451431705], [-122.80352087264934, 48.42874837644496], [-122.87413502319212, 48.418196024518636], [-123.03915638113546, 48.460002926089565], [-123.14147809041957, 48.50529082765374]]], [[[-120.05510679674563, 34.03772910647951], [-119.97369057520731, 33.94248116430255], [-120.12181725502157, 33.89571199860489], [-120.20008517701558, 33.956903807605975], [-120.45413398252886, 34.02808117362689], [-120.36827799640376, 34.076464584691706], [-120.13585330280165, 34.02608696516692], [-120.05510679674563, 34.03772910647951]]], [[[-119.71957238983788, 33.96031961476647], [-119.87335778274198, 33.98037540365129], [-119.91621555067634, 34.058351059497504], [-119.36421365485037, 34.05079366056028], [-119.36306480297303, 34.000548334118804], [-119.66282505930847, 33.98588875748897], [-119.71957238983788, 33.96031961476647]]], [[[-119.54587232272458, 33.23340550473645], [-119.57894177537251, 33.2786279535539], [-119.51048924221534, 33.307268816959436], [-119.42717064414717, 33.26602345237528], [-119.42955885126173, 33.22816705925621], [-119.4647250587159, 33.215431590786906], [-119.54587232272458, 33.23340550473645]]]]}, "properties": {"scenario_id": "51_13_11_24_3", "bundle": "WH", "bundle_title": "WH only", "district_raw": "WH_04", "district": "WH_04", "wholesaler": "R0017", "mass": 414.69828049, "color": "#afaa1d"}}, {"type": "Feature", "geometry": {"type": "Polygon", "coordinates": [[[-98.65422054745478, 26.235960035916218], [-98.80734762143764, 26.36942132344958], [-98.89096452442656, 26.357569417952487], [-99.03231559319659, 26.412082165816564], [-99.08200214091887, 26.39651022888013], [-99.11085536387564, 26.42627814322389], [-99.09163521819336, 26.47697710074409], [-99.17140414286428, 26.549847871635944], [-99.26861266978483, 26.84321270449465], [-99.44697047018751, 27.026026375799162], [-99.44523837430165, 27.223341218110683], [-99.48793652895645, 27.294940858674497], [-99.52965385990386, 27.30605141427025], [-99.48752086639587, 27.41239597112711], [-99.53013776714053, 27.5802066625346], [-99.55681212889863, 27.614336278349196], [-99.7046012700976, 27.654953939696387], [-99.84473700121472, 27.77880875122164], [-99.93216052690792, 27.96770991026809], [-99.98492335434668, 27.990728627359868], [-100.07547439732564, 28.124881798211987], [-100.26760433860893, 28.25026875947953], [-100.39727003542501, 28.57563672552017], [-100.50035357227438, 28.661960090471545], [-100.53583029471687, 28.805888054964345], [-100.62720597576129, 28.903734240230804], [-100.67465553136104, 29.099777313006197], [-100.77264923181403, 29.16849182249457], [-100.79568092141498, 29.227730427881237], [-100.88684185669236, 29.30784785780871], [-100.99560675216742, 29.363403299001682], [-101.0601514408178, 29.458660805255747], [-101.13750340192173, 29.47354226312074], [-101.19271972498495, 29.520284951232856], [-101.25489540402913, 29.520342432453354], [-101.30553328997473, 29.57792464865786], [-101.3073316458309, 29.640716427643408], [-101.36719787394168, 29.66404060641539], [-101.40063551794113, 29.738078658600497], [-101.5615692867149, 29.794658115016276], [-101.65457814051823, 29.76516325915593], [-101.96616660051916, 29.807342822475672], [-102.11568179069766, 29.792390096710637], [-102.3013805287816, 29.877673631914064], [-102.34986117684824, 29.862316644014644], [-102.39290605747736, 29.765569191569398], [-102.51268680735262, 29.780302761835696], [-102.67719172475526, 29.738260874638566], [-102.80869159979595, 29.522319314399127], [-102.82456421803731, 29.3995584127125], [-102.89102227294177, 29.287112563907495], [-102.871347272496, 29.241625214565175], [-103.07635531177316, 29.085721743855085], [-103.12674833355939, 28.982123848662013], [-103.2811903668111, 28.982138051823306], [-103.52461252639112, 29.120997733198823], [-103.72474305884671, 29.191470415721653], [-103.78903369805936, 29.257501675410342], [-104.05559648667185, 29.330910140781153], [-104.22908143882297, 29.48105030869683], [-104.37117495018624, 29.543062667249924], [-104.5397605149002, 29.676073843341758], [-104.56568824989486, 29.77046240973948], [-104.67232680715293, 29.91111163945684], [-104.70278817740783, 30.211735895738133], [-104.8595209297387, 30.390413079177826], [-104.92479560130113, 30.604831993590096], [-104.97207128044968, 30.610259996150734], [-105.00123973604946, 30.672582680908526], [-105.06233424664507, 30.686303154040832], [-105.2186597767494, 30.801566575730373], [-105.3942415019949, 30.8529787454387], [-105.39960851456865, 30.88894063912705], [-105.55743043568769, 30.99022857337305], [-105.62734944742272, 31.098544647147236], [-105.7732566037582, 31.16689704967904], [-105.95394288331612, 31.364749070843246], [-106.1756752470532, 31.456278872461905], [-106.41794008667212, 31.752009174892482], [-106.48464201518902, 31.747808810054238], [-106.63587990787998, 31.871513682695298], [-106.61848633418309, 32.0004952075233], [-103.06442322835277, 32.00051844195038], [-103.04192413413236, 36.50043864993422], [-103.00243359171037, 36.500397180949044], [-103.00219896807396, 37.000104008239], [-102.0422400726963, 36.99308263685467], [-102.0517436036864, 40.00307821493882], [-98.72637256143332, 40.00233593732564], [-95.30828997730872, 39.99999821628843], [-95.08153374835005, 39.86171754719197], [-94.95154008003048, 39.90053295340045], [-94.87867691548892, 39.82652219012565], [-94.86037135022205, 39.74952990671761], [-94.9710780888923, 39.7231458398166], [-95.047165140481, 39.59511710597814], [-95.11355738505446, 39.55394106310075], [-94.946661598412, 39.39971664528423], [-94.88897235748519, 39.39243242415914], [-94.90806532048566, 39.32366319748918], [-94.79966303530495, 39.20601805988534], [-94.7419376256671, 39.17020311831867], [-94.68033588537266, 39.18430256861195], [-94.59193346164122, 39.15500344079293], [-94.60735358599939, 39.11344405306921], [-94.61446546346109, 37.987799143496986], [-94.4205771708748, 37.994798564898666], [-93.93059601417762, 37.356963553599456], [-93.21052440150457, 37.41569331602531], [-92.82249301824339, 36.908648555941305], [-93.85677736572818, 36.84588998795473], [-93.84920811960313, 36.49890667632812], [-90.15387120423422, 36.495343712848396], [-90.13103834784002, 36.41506869367398], [-90.06613599517296, 36.38627202211952], [-90.06398042266818, 36.30303817937004], [-90.29449218152392, 36.11294922287727], [-90.36871824935717, 35.99581159359661], [-89.7330951871491, 36.00060817057157], [-89.64726993839155, 35.89491974898849], [-89.72263361789793, 35.8737178421331], [-89.72342555119485, 35.809382265514905], [-89.86387408717223, 35.74759199450128], [-89.91549045872449, 35.75491712041382], [-89.95658909004227, 35.695486139334406], [-89.87654764759381, 35.626652811849766], [-89.9325000758837, 35.607864626172095], [-89.95849811544763, 35.54170293977132], [-90.03761469546895, 35.5503286283097], [-90.02206364360475, 35.45737479493341], [-90.04530575259398, 35.41543473936029], [-90.11250352367772, 35.41015283038876], [-90.08790354844979, 35.36326999834372], [-90.16659429352659, 35.27458837845726], [-90.097946911511, 35.24998341196143], [-90.09060948233306, 35.11828677598148], [-90.16005758148432, 35.1288297112714], [-90.19714563641898, 35.050731005715356], [-90.3006969949641, 35.028793323317345], [-90.25009460406322, 34.90731986171606], [-90.40163299468605, 34.835305162452336], [-90.46379504572509, 34.83492263862255], [-90.58722346676821, 34.615732310452685], [-90.54924349718131, 34.56810120366948], [-90.57533623453008, 34.4151524418058], [-90.64139802371048, 34.383868589487925], [-90.66040445130503, 34.3357603499632], [-90.72913106169717, 34.36420582296232], [-90.76517373182931, 34.342818337372066], [-90.75268101141778, 34.28926607067426], [-90.89456030019353, 34.22438016243488], [-90.88270094655823, 34.184363822822995], [-90.946323218961, 34.10937361284637], [-90.87454068337425, 34.0720410225697], [-90.89242016826279, 34.026860467727225], [-91.08869628438424, 33.96133398298237], [-91.03596095109683, 33.943758007379046], [-91.02638232364006, 33.90798010416552], [-91.06124694044928, 33.87750486617123], [-91.0267817269463, 33.76364194975693], [-91.11149371554802, 33.774567984868746], [-91.14328734066072, 33.74714090809744], [-91.07538951481594, 33.714402790038264], [-91.10098010011184, 33.660551010476986], [-91.17831141492154, 33.651109408427004], [-91.13090160144723, 33.61091890215163], [-91.21567053681275, 33.529422964079636], [-91.11376437820809, 33.39312403229535], [-91.14221910484856, 33.348988777713764], [-91.1255391979335, 33.28025512946333], [-91.08613720784525, 33.27365164300638], [-91.06870841496747, 33.23293638701876], [-91.10431699942606, 33.131598133477596], [-91.15301537383239, 33.13509282526881], [-91.1808362165845, 33.09836366385187], [-91.12037872438229, 33.054529821421944], [-91.16607269707741, 33.00410583181775], [-91.07207480438332, 32.93783231599341], [-91.07060248713377, 32.88865917717712], [-91.16166952191652, 32.812464928894954], [-91.15761376655416, 32.77603259833567], [-91.05699864336063, 32.725580036970854], [-91.09876243042623, 32.68529115118964], [-91.07950649183773, 32.60068024484585], [-91.01127491484057, 32.51659591718836], [-91.06051625008524, 32.51236109827021], [-91.05290659123733, 32.438441909954584], [-90.96598634449691, 32.424806037785395], [-90.98667164704503, 32.35176024563654], [-90.92116971918661, 32.342072762154174], [-90.99122709886328, 32.214662459768036], [-91.10850928879336, 32.208149724849896], [-91.0347075651764, 32.101052643788854], [-91.0808082761783, 32.02345599165516], [-91.1774098730448, 31.973257299370804], [-91.18110965749936, 31.92005898585908], [-91.29013469845816, 31.833657821189416], [-91.34571427339714, 31.842861344042344], [-91.35951391474357, 31.79936191264621], [-91.31857595671254, 31.745315144692874], [-91.38091455064925, 31.732464188619], [-91.39571535370239, 31.64416508099169], [-91.46381653706226, 31.62036496490978], [-91.43761554868509, 31.54616560071129], [-91.5171400884833, 31.498393791781748], [-91.53606094540149, 31.338355243628033], [-91.50885816122278, 31.291644020796557], [-91.6213582355233, 31.267810849419625], [-91.64435557934833, 31.234414289268717], [-91.59005140972883, 31.193693218855977], [-91.6216708798823, 31.136869690866746], [-91.56036506237035, 31.049508136806665], [-91.63694184423703, 30.99941563865], [-89.728146561686, 31.00243062274346], [-89.83633094372476, 30.727196930029198], [-89.82186779014852, 30.644024010227117], [-89.79166353355303, 30.551523973028008], [-89.67851383391528, 30.414011626690947], [-89.60765496948459, 30.217096058865245], [-89.52450414249414, 30.180753420247783], [-89.65698563988637, 30.118380521520006], [-89.68371247863539, 30.07601786950441], [-89.84506465442024, 30.018409748403457], [-89.85258340639234, 29.95272077391134], [-89.6470640031808, 29.863602064886457], [-89.59812892558385, 29.88140904730763], [-89.57442533770993, 29.98373810724707], [-89.49406360735156, 30.040971607026442], [-89.3421629830108, 30.05917197099715], [-89.1832562123078, 30.149344328783553], [-89.23629776376744, 29.877080892998446], [-89.29325108746518, 29.80305265086766], [-89.27103377886478, 29.75635524753067], [-89.39916219957094, 29.770591820826123], [-89.40395609522656, 29.681808129783665], [-89.60210885872183, 29.61029463593424], [-89.53215021523057, 29.434567408846725], [-89.31208551669131, 29.388037803629647], [-89.25785197414166, 29.336871723895644], [-89.20038876410203, 29.34441798359567], [-89.11665270051358, 29.219531879203437], [-89.0259736709439, 29.215152664005004], [-89.01428032969693, 29.166912933416995], [-89.06661671374044, 29.090713975095724], [-89.11653013859444, 29.074096617547394], [-89.14286624122384, 28.991623472616833], [-89.25935446892858, 29.058357615645463], [-89.40096601396986, 28.933811688690078], [-89.40353014597538, 29.01696414643999], [-89.36109767674517, 29.07184818573055], [-89.48284379759693, 29.215052746281824], [-89.60665076922005, 29.25202295372837], [-89.63966348149029, 29.29053100559636], [-89.84264118436495, 29.318823077305943], [-90.22358663624782, 29.085075306173135], [-90.74837727906558, 29.040059649278056], [-90.86785286968141, 29.056063794934882], [-90.87758335448262, 29.10489080304555], [-90.9418774112622, 29.162372743965392], [-91.2787921932932, 29.247776463948462], [-91.33488464308078, 29.298775073702938], [-91.26545204553959, 29.360976264503698], [-91.36396664569911, 29.42066379609574], [-91.34751384793285, 29.444437836951714], [-91.3943071911444, 29.497114757604052], [-91.46096322261128, 29.46996091079531], [-91.53102074316618, 29.531543402330723], [-91.54197414708997, 29.594353257607217], [-91.64383167215504, 29.630624735762964], [-91.62382895155503, 29.699239799447035], [-91.66712829649244, 29.745821780786198], [-91.73725265843808, 29.749370384131755], [-91.85306964600906, 29.702935819773028], [-91.87326588300067, 29.627277140845603], [-91.71108066840006, 29.56932827083219], [-91.76826290106612, 29.49036176216175], [-91.82157906161149, 29.47392467518839], [-92.06451257539165, 29.585665210991937], [-92.32346513886405, 29.531496604326566], [-92.56803754803302, 29.577397197810672], [-93.17693046087258, 29.770486899864974], [-93.53846235930853, 29.763298900297464], [-93.74194832649313, 29.736343392627415], [-93.86129078159792, 29.67900690605943], [-94.05650624287259, 29.671162997215653], [-94.67038859638991, 29.430780362042043], [-94.73104680916374, 29.369140574704186], [-94.7225302901447, 29.331446411226885], [-95.02621857004307, 29.14806356115264], [-95.38238956648738, 28.866348369419853], [-96.32881744134002, 28.423658845724695], [-96.44284868644472, 28.317666020342916], [-96.79215763101361, 28.110496912149078], [-97.00332494780287, 27.90830663079568], [-97.29605668521911, 27.42717541250995], [-97.37869687799721, 27.06004429213691], [-97.3227500841718, 26.701746308929778], [-97.1969346969892, 26.305865189545244], [-97.15660802826915, 25.949021842054254], [-97.20694466620488, 25.96089887612601], [-97.33834566636575, 25.92312476735212], [-97.37286403029137, 25.84011662067495], [-97.4226360289543, 25.840377836811722], [-97.64401122885263, 26.006614437496935], [-97.79529120801821, 26.055217918538478], [-98.19704558302399, 26.05615302688213], [-98.44253577091133, 26.199150599755754], [-98.6134653577619, 26.25202772565963], [-98.65422054745478, 26.235960035916218]]]}, "properties": {"scenario_id": "51_13_11_24_3", "bundle": "WH", "bundle_title": "WH only", "district_raw": "WH_05", "district": "WH_05", "wholesaler": "R0018", "mass": 526.17381421, "color": "#28af1d"}}, {"type": "Feature", "geometry": {"type": "MultiPolygon", "coordinates": [[[[-77.24658433043453, 38.53834098697425], [-77.12908383183691, 38.61436408740808], [-77.13250118314113, 38.67381570247657], [-77.05319920040598, 38.70991525653265], [-77.03900641095687, 38.79164543202012], [-76.90939350952324, 38.89285197223116], [-77.04101811864163, 38.99554812241317], [-77.11975938991091, 38.93434277287224], [-77.2498031670971, 38.98590942381984], [-77.24840308930834, 39.02690920941772], [-77.46261687468315, 39.07624760110678], [-77.51992940646414, 39.12092519090149], [-77.5212215663208, 39.16105655875151], [-77.45988339516012, 39.218682117499185], [-77.58823487595981, 39.30195499046096], [-77.71951901446813, 39.321314053071596], [-77.82981406913586, 39.58728756266952], [-78.0067343757108, 39.60133747471549], [-78.08226006752601, 39.671166400478576], [-78.38295954154523, 39.62224584672735], [-78.46095145580081, 39.52598730621008], [-78.59065449556886, 39.53019222564147], [-78.7070977891237, 39.55585685567669], [-78.77113963274374, 39.638386643093895], [-78.95675131008447, 39.44026391526239], [-79.09132899943762, 39.4724069952237], [-79.28372257473222, 39.30963983295165], [-79.48687339054297, 39.205960853186546], [-79.47666239989555, 39.72107853105007], [-75.77378578071777, 39.7222002439869], [-75.6628462240136, 39.821425284438185], [-75.57043334668289, 39.83918550304972], [-75.41506217400892, 39.80191933271169], [-75.13341980156689, 39.896212684006734], [-75.11922030492632, 39.965412238993544], [-74.7216036942008, 40.15381036734157], [-74.9695974785706, 40.39977000530614], [-75.05610220907924, 40.41606594478387], [-75.07629777689301, 40.539234778838], [-74.81012771727293, 40.60506495248574], [-74.79966824745601, 40.630987638367735], [-74.65522555535067, 40.620899081770254], [-74.60690993665274, 40.645680465758964], [-74.62140920078481, 40.68149592743374], [-74.47259698010298, 40.73974882103698], [-74.454340721975, 40.78704454944777], [-74.50168068817682, 40.814293223646125], [-74.44246555173103, 40.85250246006556], [-74.47120288114591, 40.920555234900746], [-74.43322273527235, 40.97160029897569], [-74.59521640438182, 41.31164920166708], [-73.89397904127303, 40.99719669665809], [-74.04731237580978, 40.690466259610645], [-74.08680570116327, 40.65159581827149], [-74.2022472095269, 40.630902768440095], [-74.26061157513436, 40.502435992993156], [-74.26188864688802, 40.46470606913196], [-74.20618787423504, 40.44070742178354], [-74.0478841285427, 40.4189077869926], [-73.99794305515941, 40.47666829203776], [-73.97698183762651, 40.408508009678634], [-74.10144300930104, 39.756173466536275], [-74.36698982538036, 39.40201706170194], [-74.64659543183062, 39.212001883202994], [-74.807917175655, 38.9859480257452], [-74.86445731326582, 38.94041023587421], [-74.96727406197596, 38.93341266546762], [-74.88591365785493, 39.1436272157999], [-74.90518074165158, 39.17494477772981], [-75.04848724739, 39.2152217322966], [-75.13666731066407, 39.18188351326557], [-75.24435712233158, 39.285700327981125], [-75.53643060589812, 39.460558745749665], [-75.52808765644545, 39.49811416402806], [-75.59306809066025, 39.4791855759145], [-75.40837586754806, 39.26469751473069], [-75.39627695396132, 39.05788359443711], [-75.34089056981436, 39.01995979531853], [-75.30407737162986, 38.913160243587875], [-75.15902152135267, 38.790192833172924], [-75.08947335163417, 38.797198238542606], [-75.04893871003047, 38.4512628352078], [-75.24226597356196, 38.027209327147894], [-75.62434120048356, 37.994211013769636], [-75.6697114067337, 37.95079621462334], [-75.78381523166439, 37.9725944255645], [-75.89268591451182, 37.916847546322764], [-75.86380979741861, 38.10096822472856], [-75.93708942257557, 38.12420907933211], [-75.94237510669713, 38.187066190044284], [-75.86410427407685, 38.20085822989242], [-75.8885130205316, 38.241422620069734], [-76.03893475186896, 38.25493165975872], [-76.00590463865716, 38.0771697886209], [-76.04869152839538, 38.086727725439616], [-76.0955483460383, 38.12512324508685], [-76.08863928194673, 38.19264911042513], [-76.25766688167641, 38.324854666043144], [-76.25000028535281, 38.362303881900694], [-76.33636038618762, 38.49223544291919], [-76.2774614296354, 38.54185094227041], [-76.27958912572025, 38.60952021730908], [-76.16543506281103, 38.61020039744421], [-76.17515943465695, 38.67323622134572], [-76.23872435359316, 38.7128452210276], [-76.34799838616996, 38.686233826368905], [-76.3405431159563, 38.73033803020401], [-76.3903494781629, 38.75700391138224], [-76.27157504135565, 38.851770864356965], [-76.21932786479233, 38.81237121471742], [-76.19108996647701, 38.829660296821], [-76.20363823970017, 38.92838244099844], [-76.31794656051723, 38.911312278975934], [-76.33401879617959, 38.86023826235695], [-76.37620204111049, 38.85046056706123], [-76.361727306789, 38.939175069947815], [-76.30184744174733, 39.03965145137312], [-76.23176519435324, 39.01851788077694], [-76.23345709800597, 39.0913848039094], [-76.27852655504195, 39.14576434339261], [-76.1596736910111, 39.33590870126149], [-76.00687941689668, 39.41452700409982], [-76.01231159991957, 39.4531153535977], [-76.14637309551593, 39.40530982822887], [-76.42528059322088, 39.20570794073062], [-76.49838433396971, 39.20480803211612], [-76.52578470854063, 39.17790758796487], [-76.42868087089536, 39.13170875126327], [-76.39408033405422, 39.01131153550309], [-76.47128120929179, 38.95651215291523], [-76.45027987664413, 38.941113242686264], [-76.5169442758978, 38.851157267885846], [-76.48987799474082, 38.83871498589612], [-76.55874328129738, 38.75635190662618], [-76.52665465261991, 38.724430299438254], [-76.49269859868856, 38.48284934140304], [-76.3933783186243, 38.38947665834683], [-76.39266813886674, 38.239662605980364], [-76.32013540718533, 38.13833904812646], [-76.32209352153643, 38.03650288022015], [-76.43042500469201, 38.119383428030446], [-76.54038013872366, 38.15299147086453], [-76.59063727104711, 38.21421199810447], [-76.8642916023529, 38.26894483814521], [-76.97549227226155, 38.34732720352459], [-77.01637143183899, 38.44557226781543], [-77.21118772739976, 38.38066200708609], [-77.25996226942975, 38.435820629830545], [-77.24658433043453, 38.53834098697425]]], [[[-76.04627262387967, 38.012499405161435], [-76.00733664258783, 38.03670549013149], [-75.98008864180476, 38.00489079754649], [-75.98464818680262, 37.93812082477547], [-76.04653033887051, 37.95358596514434], [-76.04627262387967, 38.012499405161435]]]]}, "properties": {"scenario_id": "51_13_11_24_3", "bundle": "WH", "bundle_title": "WH only", "district_raw": "WH_06", "district": "WH_06", "wholesaler": "R0019", "mass": 518.85303816, "color": "#1daf7b"}}, {"type": "Feature", "geometry": {"type": "MultiPolygon", "coordinates": [[[[-73.98552295925302, 40.761523804656434], [-73.903281105364, 40.84170014851227], [-73.93035047376586, 40.88803516872026], [-73.87491890311892, 40.899196235836264], [-73.86929365418673, 40.97283243491759], [-73.81360981008542, 41.00156448725736], [-73.85106026641768, 41.04668438489949], [-73.81741699822403, 41.104305168585576], [-73.72052011158655, 41.16399232563948], [-73.76680338097015, 41.238186169489595], [-73.70439223121255, 41.38988180564146], [-73.67352145681345, 41.391949998565295], [-73.61265265567418, 41.4979404956749], [-73.70002364811339, 41.64945400352205], [-73.8078574423958, 41.62402733942582], [-74.1727733436142, 41.64535092040726], [-74.70336436465546, 41.87959762789165], [-74.53151958093576, 41.97051955287239], [-74.32159831633096, 42.179446923554224], [-74.25396027840804, 42.45225389004265], [-74.38325695003148, 42.62222854007271], [-74.52338765784528, 42.682803936063564], [-74.26345081432001, 43.03300542962567], [-74.0821859924577, 43.10988230061612], [-74.01496837395787, 43.241447020159924], [-74.09480811342699, 43.36908182020385], [-74.74701950955836, 43.54391764985287], [-74.80798061973432, 43.607350396216695], [-74.7799670219304, 43.94954076313151], [-74.92871974849797, 44.17684949016586], [-74.79661271538231, 44.387300524079585], [-75.25227404628099, 44.85888007976774], [-74.9927560459247, 44.9774489175443], [-74.83466950470076, 45.01468304079443], [-74.74464064456957, 44.99057686689329], [-74.23413641750341, 44.99214848975177], [-71.5010874515763, 45.01337690155666], [-71.40563664911559, 45.198139033725546], [-71.43854633724808, 45.23900429589755], [-71.2836843303051, 45.30197679882576], [-71.1394302096342, 45.24295841391934], [-71.0127565915411, 45.344759913486634], [-70.9493648899032, 45.33153606732997], [-70.89282208353035, 45.23917207777144], [-70.84443037930406, 45.234513162576306], [-70.80861342820677, 45.31160633985653], [-70.82561181914134, 45.40030518821772], [-70.78147104252525, 45.431158975384854], [-70.63466070362976, 45.38360809456311], [-70.63549726701456, 45.4278170884067], [-70.72339626980786, 45.51039392980149], [-70.68821396070385, 45.56398060215447], [-70.55279256328602, 45.66783613158845], [-70.38355218529372, 45.734868738865515], [-70.41568346144565, 45.786157771050945], [-70.25911673184291, 45.890754973633875], [-70.3176284177531, 46.019080068465584], [-70.2395660835471, 46.1427620596767], [-70.29089579487686, 46.18583747249325], [-70.20741501181543, 46.33131623911858], [-70.05374789668261, 46.42923591914373], [-69.9970854979249, 46.69522987348059], [-69.21999632921495, 47.45715888258203], [-69.0393003512708, 47.42217005436858], [-69.04020028297829, 47.245100131575875], [-68.9009852244517, 47.17851926264405], [-68.60481897229906, 47.24941787092238], [-68.58872537549507, 47.281721373808594], [-68.37561532766787, 47.2922680784662], [-68.36155920712297, 47.355605503428556], [-68.2042636176274, 47.3397300018336], [-67.78976102220409, 47.06574432580254], [-67.77998393841143, 45.9381625805667], [-67.75042205487752, 45.91789828579217], [-67.80367780731324, 45.869378739232864], [-67.76395506683669, 45.82998291309542], [-67.8036262475217, 45.78162443876776], [-67.80331315873097, 45.67788607140527], [-67.71046475199175, 45.67937194058879], [-67.67541703452355, 45.630958817767024], [-67.5349187959001, 45.59542811232177], [-67.45540662879732, 45.604664738418464], [-67.41741709562993, 45.50198518400298], [-67.4768544316796, 45.497240019802696], [-67.42724292360575, 45.37368990523248], [-67.48025639957888, 45.268185012363055], [-67.33986860423651, 45.12559430425399], [-67.27107570953069, 45.19108051291013], [-67.16124653948538, 45.16287915030718], [-66.94989481154697, 44.8174192998303], [-67.29340301380296, 44.599264770686894], [-67.36826860861504, 44.62467157136959], [-67.4485131483565, 44.60032157166973], [-67.52116766459207, 44.509909863215256], [-67.50320788731342, 44.47691810425983], [-67.57972586969132, 44.42913074895144], [-67.65312254297754, 44.525823082979144], [-67.79358930576828, 44.494779299065975], [-67.89957093813058, 44.394078119684174], [-67.93653042771643, 44.411187075931416], [-68.01399024982483, 44.39025500193872], [-68.04933451657512, 44.33073015545169], [-68.12562447047155, 44.3871267616067], [-68.18915443529916, 44.37383307324217], [-68.17360784553878, 44.32839697120391], [-68.22948963579137, 44.26691774099524], [-68.17433015591517, 44.2259078169829], [-68.30651852194019, 44.234828886031785], [-68.33103225782638, 44.10757981494016], [-68.50294170872041, 44.09972234099797], [-68.58410080653682, 44.07158891190199], [-68.61708465150775, 44.01009698301731], [-68.65703107855425, 44.00382316468342], [-68.66938311019098, 44.076359059887565], [-68.87413918442694, 44.02535949026802], [-68.93532646050147, 44.13038003502944], [-68.88859660694325, 44.15954962685542], [-68.95188997369377, 44.21871933347321], [-69.04019294422486, 44.23367294112166], [-69.07566709832648, 44.12999146201547], [-69.03187802325428, 44.07903601399317], [-69.07702856152595, 43.973653748219256], [-69.17497960148843, 43.97694890060798], [-69.32103104122965, 43.85670813874186], [-69.39328768691074, 43.95641968363122], [-69.50328987901173, 43.83767286827295], [-69.71707421449455, 43.79240278889793], [-69.83347046847398, 43.701280794626385], [-69.86215462768318, 43.758961980279835], [-69.91559266296873, 43.77511203600137], [-70.00127303448966, 43.71038804263138], [-70.07130384671466, 43.713772301817926], [-70.09603939152092, 43.67227613846781], [-70.16822668796819, 43.675135460004505], [-70.20612279479246, 43.5576264974338], [-70.36121412840362, 43.529190227661], [-70.38561521253887, 43.48703146863453], [-70.32730334229262, 43.45852155761813], [-70.41631135698455, 43.36105944753131], [-70.55385379010576, 43.32188637197265], [-70.59618562468873, 43.16346570870751], [-70.81729621952681, 42.872289743066624], [-70.77226693100039, 42.71106389337578], [-70.72982027166042, 42.669601824995084], [-70.60250632053729, 42.677702017881586], [-70.59401404126608, 42.63503032479791], [-70.65472681352945, 42.582233524078134], [-70.84849225309594, 42.550195335119874], [-70.83599080047678, 42.49049573767277], [-70.9131918535728, 42.42769726300991], [-70.98299378873776, 42.423995634662475], [-70.99783767409731, 42.32120496140504], [-70.96735073951348, 42.26816783264599], [-70.8812423848281, 42.30066293100491], [-70.73055942531235, 42.21093988542917], [-70.63848000729004, 42.081579002445494], [-70.6787983423486, 42.00551027196056], [-70.66247561368863, 41.96059153983459], [-70.54638604992756, 41.91675124725284], [-70.54102996975055, 41.81575392781714], [-70.44171840980744, 41.75289786941226], [-70.27228938612706, 41.72134593878699], [-70.02473374539682, 41.78736409303893], [-70.00611071608888, 41.85239562926468], [-70.06901023032911, 41.88492393813446], [-70.08377554288458, 42.01204108525299], [-70.19083387480738, 42.020028205851], [-70.24538473153808, 42.063732776101446], [-70.13894204369821, 42.09290675069511], [-70.04938217013566, 42.064688895116134], [-69.99413597761965, 41.9992579583828], [-69.93595184776241, 41.809421757876216], [-69.93112931778114, 41.622659278254204], [-69.96498215684936, 41.55111015242113], [-70.01122890035283, 41.54393122372405], [-70.00701093270565, 41.671578770260645], [-70.26968698071278, 41.61777511409488], [-70.32158808717446, 41.6305078903345], [-70.94843080299272, 41.409193099146634], [-70.93498607261762, 41.45469904181405], [-70.69819713115506, 41.55900224255039], [-70.69539164041807, 41.602545888109915], [-70.76546345752165, 41.64157527087421], [-70.82190996268791, 41.58284057947316], [-70.91016512751467, 41.577072942469286], [-70.9817077952723, 41.51007029190474], [-71.08566303222564, 41.5092915830401], [-71.19302043652677, 41.45793108518853], [-71.28563915177268, 41.48780485551357], [-71.31269398482105, 41.45140157653108], [-71.42865185009532, 41.454157637748295], [-71.48329511448458, 41.37172230098312], [-71.86277248789445, 41.309791053125295], [-71.8863023046364, 41.33641038369996], [-72.13422101919433, 41.299397679992914], [-72.20142238739483, 41.315697320748725], [-72.3866295148187, 41.261797725003305], [-72.65383846770615, 41.265896926318014], [-72.76034127247338, 41.241234887637575], [-72.78614178094756, 41.26479613521826], [-72.8814451295654, 41.24259718426632], [-72.93564606928446, 41.25849707141934], [-73.10835254819084, 41.15371804738708], [-73.20265656455328, 41.158096013898366], [-73.26235734778817, 41.117496135790745], [-73.37229645729869, 41.104020343722745], [-73.3872274690442, 41.05824674440064], [-73.59569826134121, 41.015995268341335], [-73.7662757339558, 40.88109913583443], [-73.65437151639203, 40.87819889705649], [-73.49994031356788, 40.918166236966705], [-73.48536511531562, 40.94639726675389], [-73.39286151504407, 40.955296781314765], [-73.22928521661859, 40.905121025044934], [-73.11036829210717, 40.97193790163628], [-72.85983108396776, 40.96608837375163], [-72.58532662631829, 40.99758665713555], [-72.35412257854067, 41.1399523269544], [-72.18916338579879, 41.19354946430061], [-72.28309335742273, 41.067873796843145], [-72.21747613333717, 41.04061136432596], [-72.16289844212402, 41.05318700998249], [-72.1267043660308, 41.115138855533786], [-72.08420691927316, 41.10152414343373], [-72.09571121262955, 41.05402018428929], [-72.05192787373915, 41.020506228728735], [-71.95959505434388, 41.071236639386], [-71.8562135764123, 41.070597929342185], [-71.93697734919071, 41.00613708099074], [-73.20843995602999, 40.630883537690835], [-73.78261636294162, 40.58853977939218], [-73.70364287371481, 40.61931384777686], [-73.65317148911701, 40.71143797884741], [-73.60903338975771, 40.729021403480836], [-73.7762016065566, 40.74567530825638], [-73.80375373282446, 40.72708869248168], [-73.98552295925302, 40.761523804656434]]], [[[-70.60355526496384, 41.482384090829804], [-70.46383293353391, 41.41914488828595], [-70.44826149745917, 41.353651276039606], [-70.69363476684414, 41.34283250008207], [-70.82128451374645, 41.25101413909067], [-70.83380245567737, 41.35338599854373], [-70.75779718918335, 41.36570175818933], [-70.6868807159132, 41.441333973996066], [-70.60355526496384, 41.482384090829804]]], [[[-69.9601804052688, 41.26454621582462], [-70.0152249112023, 41.23796402133315], [-70.21147836332275, 41.24876507405626], [-70.27552655547503, 41.310463952971695], [-70.07913285327466, 41.31950367225089], [-70.04905349528664, 41.39170184383227], [-69.98486907165334, 41.35881814549075], [-69.9601804052688, 41.26454621582462]]], [[[-71.54541024313073, 41.242730408455905], [-71.51921019469184, 41.149624257192414], [-71.59369959250358, 41.14633881942201], [-71.63147140881578, 41.16667830504723], [-71.59334169886635, 41.23742758038694], [-71.54541024313073, 41.242730408455905]]], [[[-68.94443335856664, 43.83532571411541], [-68.924010571271, 43.88540709055237], [-68.87478354517229, 43.90471461429554], [-68.84900962736333, 43.84984110053727], [-68.88848249516022, 43.80378086961195], [-68.94443335856664, 43.83532571411541]]], [[[-71.91728164199426, 41.25133285408292], [-72.03475373849359, 41.23481812125082], [-72.01892618181365, 41.274113866004136], [-71.92680212037234, 41.2901223596181], [-71.91728164199426, 41.25133285408292]]]]}, "properties": {"scenario_id": "51_13_11_24_3", "bundle": "WH", "bundle_title": "WH only", "district_raw": "WH_07", "district": "WH_07", "wholesaler": "R0020", "mass": 495.65723318, "color": "#921daf"}}, {"type": "Feature", "geometry": {"type": "MultiPolygon", "coordinates": [[[[-118.23286874306524, 33.71488883070354], [-118.39660639567222, 33.73591682405366], [-118.42840695769023, 33.77471514167643], [-118.39430700634024, 33.80431465194056], [-118.41270782388234, 33.88391297777391], [-118.48850100948145, 33.996780928494154], [-118.42908541178207, 34.0494652857497], [-118.37640372486553, 34.0339915517204], [-118.36190522858587, 34.05327959380012], [-118.4723699960927, 34.066390711308685], [-118.45251088341342, 34.09380936412396], [-118.3638095328386, 34.05637156451024], [-118.35770455951427, 34.08854140498772], [-118.2260685362392, 34.097246558507], [-118.20383375319295, 34.08288965134433], [-118.22431098398845, 34.01512687669729], [-118.18235693259648, 34.01375482768221], [-118.1972452824216, 33.965596345460334], [-118.14647387511954, 33.95924688538665], [-118.18779776106528, 34.15350667581767], [-118.226748730256, 34.14563998531815], [-118.22665430870512, 34.113364983599105], [-118.288924502045, 34.14869468013582], [-118.18155060553065, 34.1860401817291], [-118.10354690363205, 34.325171836453336], [-118.01078106160854, 34.371104222695365], [-117.89903372327359, 34.5423963990805], [-117.71154125180192, 34.64628624271052], [-117.56150568954271, 35.02567067517732], [-115.56937695520419, 35.74779675479164], [-114.63348740214605, 35.00185712645514], [-114.61990544409545, 35.12163184954324], [-114.57274738445906, 35.1387248160834], [-114.62713711314113, 35.409503869238556], [-114.66449989165537, 35.44949707404628], [-114.65340564714278, 35.61078892669286], [-114.68940680431051, 35.65141245603508], [-114.70370968302244, 35.814585408087495], [-114.66968731291432, 35.865083709692655], [-114.73115945220299, 35.94391621545902], [-114.73616537425596, 36.10436678891369], [-114.57203059093551, 36.151610284383906], [-114.44865354019853, 36.126410089208946], [-114.37210570605504, 36.14311400186685], [-114.27064549422387, 36.03571987788912], [-114.15172509134307, 36.024563378853365], [-114.04683770318397, 36.19406908689745], [-114.05059960224133, 37.00039570545789], [-111.27828610776847, 37.00046499039503], [-109.04522288399224, 36.99908358775837], [-109.05004407717621, 31.332502307114957], [-111.07482461338998, 31.33223909014771], [-114.81361290326561, 32.494276720606344], [-114.80939351119109, 32.61711934317877], [-114.71963339793865, 32.71876323529525], [-117.12486187554302, 32.53415618622659], [-117.16886546141485, 32.67195166018527], [-117.24606924613505, 32.66935241231992], [-117.28076992889005, 33.01234328775026], [-117.44558323046857, 33.268517102987964], [-117.64558194292665, 33.44072819664616], [-117.71534893345276, 33.4605561668263], [-118.08889559351626, 33.72981724573345], [-118.13269848186845, 33.7532171138622], [-118.23286874306524, 33.71488883070354]]], [[[-118.46536844585546, 33.32605625760987], [-118.59396921891587, 33.4671976561883], [-118.48478538894568, 33.48748322132737], [-118.28626075133438, 33.35146273015807], [-118.32524435721106, 33.299074781976714], [-118.46536844585546, 33.32605625760987]]], [[[-118.64157748337172, 33.017128791137885], [-118.59403320650866, 33.03595083054221], [-118.3535044511439, 32.82196187255982], [-118.42563352703651, 32.80059486630279], [-118.64157748337172, 33.017128791137885]]]]}, "properties": {"scenario_id": "51_13_11_24_3", "bundle": "WH", "bundle_title": "WH only", "district_raw": "WH_08", "district": "WH_08", "wholesaler": "R0021", "mass": 342.22370897, "color": "#af1d86"}}, {"type": "Feature", "geometry": {"type": "Polygon", "coordinates": [[[-89.67851383391528, 30.414011626690947], [-89.79166353355303, 30.551523973028008], [-89.83633094372476, 30.727196930029198], [-89.728146561686, 31.00243062274346], [-91.63694184423703, 30.99941563865], [-91.56036506237035, 31.049508136806665], [-91.6216708798823, 31.136869690866746], [-91.59005140972883, 31.193693218855977], [-91.64435557934833, 31.234414289268717], [-91.6213582355233, 31.267810849419625], [-91.50885816122278, 31.291644020796557], [-91.53606094540149, 31.338355243628033], [-91.5171400884833, 31.498393791781748], [-91.43761554868509, 31.54616560071129], [-91.46381653706226, 31.62036496490978], [-91.39571535370239, 31.64416508099169], [-91.38091455064925, 31.732464188619], [-91.31857595671254, 31.745315144692874], [-91.35951391474357, 31.79936191264621], [-91.34571427339714, 31.842861344042344], [-91.29013469845816, 31.833657821189416], [-91.18110965749936, 31.92005898585908], [-91.1774098730448, 31.973257299370804], [-91.0808082761783, 32.02345599165516], [-91.0347075651764, 32.101052643788854], [-91.10850928879336, 32.208149724849896], [-90.99122709886328, 32.214662459768036], [-90.92116971918661, 32.342072762154174], [-90.98667164704503, 32.35176024563654], [-90.96598634449691, 32.424806037785395], [-91.05290659123733, 32.438441909954584], [-91.06051625008524, 32.51236109827021], [-91.01127491484057, 32.51659591718836], [-91.07950649183773, 32.60068024484585], [-91.09876243042623, 32.68529115118964], [-91.05699864336063, 32.725580036970854], [-91.15761376655416, 32.77603259833567], [-91.16166952191652, 32.812464928894954], [-91.07060248713377, 32.88865917717712], [-91.07207480438332, 32.93783231599341], [-91.16607269707741, 33.00410583181775], [-91.12037872438229, 33.054529821421944], [-91.1808362165845, 33.09836366385187], [-91.15301537383239, 33.13509282526881], [-91.10431699942606, 33.131598133477596], [-91.06870841496747, 33.23293638701876], [-91.08613720784525, 33.27365164300638], [-91.1255391979335, 33.28025512946333], [-91.14221910484856, 33.348988777713764], [-91.11376437820809, 33.39312403229535], [-91.21567053681275, 33.529422964079636], [-91.13090160144723, 33.61091890215163], [-91.17831141492154, 33.651109408427004], [-91.10098010011184, 33.660551010476986], [-91.07538951481594, 33.714402790038264], [-91.14328734066072, 33.74714090809744], [-91.11149371554802, 33.774567984868746], [-91.0267817269463, 33.76364194975693], [-91.06124694044928, 33.87750486617123], [-91.02638232364006, 33.90798010416552], [-91.03596095109683, 33.943758007379046], [-91.08869628438424, 33.96133398298237], [-90.89242016826279, 34.026860467727225], [-90.87454068337425, 34.0720410225697], [-90.946323218961, 34.10937361284637], [-90.88270094655823, 34.184363822822995], [-90.89456030019353, 34.22438016243488], [-90.75268101141778, 34.28926607067426], [-90.76517373182931, 34.342818337372066], [-90.72913106169717, 34.36420582296232], [-90.66040445130503, 34.3357603499632], [-90.64139802371048, 34.383868589487925], [-90.57533623453008, 34.4151524418058], [-90.54924349718131, 34.56810120366948], [-90.58722346676821, 34.615732310452685], [-90.46379504572509, 34.83492263862255], [-90.40163299468605, 34.835305162452336], [-90.25009460406322, 34.90731986171606], [-90.24447611969059, 34.93759560105106], [-90.30929700986734, 34.99569384338051], [-90.3006969949641, 35.028793323317345], [-90.19714563641898, 35.050731005715356], [-90.16005758148432, 35.1288297112714], [-90.09060948233306, 35.11828677598148], [-90.097946911511, 35.24998341196143], [-90.16659429352659, 35.27458837845726], [-90.08790354844979, 35.36326999834372], [-90.11250352367772, 35.41015283038876], [-90.04530575259398, 35.41543473936029], [-90.02206364360475, 35.45737479493341], [-90.03761469546895, 35.5503286283097], [-89.95849811544763, 35.54170293977132], [-89.9325000758837, 35.607864626172095], [-89.87654764759381, 35.626652811849766], [-89.95658909004227, 35.695486139334406], [-89.91549045872449, 35.75491712041382], [-89.86387408717223, 35.74759199450128], [-89.72342555119485, 35.809382265514905], [-89.72263361789793, 35.8737178421331], [-89.64726993839155, 35.89491974898849], [-89.7330951871491, 36.00060817057157], [-89.69243687594069, 36.02050742220106], [-89.68002857785368, 36.08249356191859], [-89.59210230177894, 36.13563723475368], [-89.69262993734046, 36.22495907808757], [-89.6780461489098, 36.24828424206183], [-89.60237397291968, 36.23810601572362], [-89.55428867229665, 36.27775091234956], [-89.6118193191109, 36.30908772150919], [-89.60054416473399, 36.342984814968105], [-89.52269479335521, 36.34478940973205], [-89.51038007351076, 36.37835568417968], [-89.57148056659055, 36.53808702172728], [-89.5444338949787, 36.574510005617256], [-89.40790657843246, 36.562344794092944], [-89.37869370638718, 36.62229221368357], [-89.32465812307478, 36.624032330196925], [-89.22731913950464, 36.569374693514725], [-89.16548835374421, 36.66242584252419], [-89.2025112919953, 36.716618140056255], [-89.1569902984352, 36.75596759080017], [-89.09884273023341, 36.95785009665361], [-89.16808652414164, 37.07421805424257], [-89.05803598965846, 37.18876667688483], [-88.93174479839146, 37.22759308716901], [-88.5315756271794, 37.06719238681427], [-88.47612747947815, 37.068222893643146], [-88.42477577403024, 37.149900978638605], [-88.51466084138532, 37.290948335780236], [-88.46586099818853, 37.40054732219276], [-88.41859381594679, 37.421986704092106], [-88.35843628302996, 37.40486043743752], [-88.28166648470872, 37.45259594674194], [-88.06229395924458, 37.48783655601954], [-88.16006206847351, 37.65433171200732], [-88.02802962772984, 37.79922408242116], [-88.0673645119444, 37.85605108533011], [-88.01631096372088, 37.96157384665257], [-88.03088408840439, 38.03071332204531], [-87.92746756289368, 38.151946071354274], [-87.97581862784232, 38.19783429115387], [-87.96896759501877, 38.237388957855075], [-87.83197168303388, 38.30724089396429], [-87.7140474582315, 38.479880224522425], [-87.65416552094898, 38.51191066347716], [-87.6201195424932, 38.63948880874329], [-87.54553833077243, 38.67761270716457], [-87.49894799969032, 38.757773717233796], [-87.54737018688209, 38.875614009674834], [-87.52949622328421, 38.971924725952654], [-87.57911710523376, 39.00160720521748], [-87.5725875547954, 39.0572860873333], [-87.6404345480573, 39.166726798511995], [-87.57702897494686, 39.21112257821281], [-87.6003964511799, 39.3129041381057], [-87.53164597446155, 39.347887610636064], [-87.52404422892529, 41.70833465117631], [-87.47074142903574, 41.672834842119876], [-87.41581655382984, 41.688182961697656], [-87.36543858085794, 41.629535752481786], [-87.26153569070492, 41.62033603838612], [-87.02788811649322, 41.674660722241214], [-86.82482776647603, 41.76024002640987], [-86.67762223832608, 41.75981153697619], [-86.88649560831779, 41.557939601689505], [-86.68054066532828, 41.34355321392428], [-86.5004053601636, 41.50154974220285], [-86.50913848102373, 41.7254648578995], [-86.20622719827608, 41.69821363554845], [-86.18368846307219, 41.72809600980598], [-86.0578758086402, 41.69887042280563], [-85.91023809198609, 41.61951394677958], [-85.87362801092769, 41.63136363439484], [-85.70406978643233, 41.426300171661204], [-85.58926637081203, 41.412292597845486], [-85.55800602600294, 41.471584373352506], [-85.18772509687624, 41.58339323718392], [-85.07045651456473, 41.50031503631587], [-85.21095310284457, 41.32321992513359], [-85.03331529371707, 41.26437192071606], [-85.02712429314205, 41.17160677599088], [-85.09096189352509, 41.13170800500999], [-85.03200174713999, 40.95874194899051], [-85.13113965386981, 40.86638263899006], [-84.80298398849452, 40.4605337544003], [-84.80391492270532, 40.37252474726994], [-85.32980468920277, 40.51081708927004], [-85.53958140838286, 40.41977475570474], [-85.40398131144657, 40.234359512751645], [-84.90417070808815, 40.199613784888484], [-85.0650949462645, 40.071755213005346], [-85.2188757925964, 39.61871455195174], [-84.86468884364086, 39.49367554822951], [-85.09642535767145, 39.137496000408206], [-84.86560133515846, 38.93143657292649], [-84.83261683805237, 38.9614603560286], [-84.89717052746913, 39.05240665174785], [-84.75074874299254, 39.14735796628251], [-84.60792826392726, 39.073238183192565], [-84.4620424197043, 39.121760190183366], [-84.40093961059387, 39.04636224759083], [-84.32653854583553, 39.027462648975664], [-84.21290415424204, 38.805707101897326], [-83.85208484258163, 38.75143332309032], [-83.77216005076154, 38.658150243911166], [-83.67948378213718, 38.63003603020398], [-83.62692147396615, 38.67938723940532], [-83.53333909491738, 38.702104966849944], [-83.37630243460869, 38.66147281301444], [-83.28651443928185, 38.599241325888926], [-83.23951484717448, 38.628588206205684], [-83.17264659023769, 38.62025179750805], [-83.01181576225049, 38.730057040097776], [-82.88919334170811, 38.75607585155351], [-82.85131436071185, 38.6043340078237], [-82.80011186113158, 38.56318294273056], [-82.7248454141132, 38.55760026509619], [-82.6184735578031, 38.47708883030289], [-82.57187702988197, 38.31578119774447], [-82.62618169109498, 38.134834667821984], [-82.46498690559235, 37.97685932630404], [-82.48755640276079, 37.916975014169864], [-82.32735643056431, 37.76223285207468], [-82.29611778534026, 37.686173780868415], [-82.064417807583, 37.5445159129735], [-81.96829747701086, 37.53779797296821], [-82.3553429245016, 37.265220065045774], [-82.72629453055025, 37.11185208005722], [-82.72225411113062, 37.05794787676099], [-82.86918283003905, 36.97418187291632], [-82.89544464534728, 36.882144582892266], [-83.0755894950651, 36.85058918983238], [-83.13639524370154, 36.7430880065909], [-83.5271125357105, 36.665985032440055], [-83.67541279735892, 36.60081366805367], [-81.93414358937328, 36.594212638627454], [-81.92264362505318, 36.616212674647535], [-81.64690010956188, 36.61191782005666], [-81.73431200540685, 36.413341642359406], [-81.7059661217501, 36.338495568538534], [-81.83320193550291, 36.347338737646865], [-81.90813657683852, 36.302013238079], [-82.0287394305469, 36.12432234005667], [-82.12714558627817, 36.10441685642482], [-82.14084721706502, 36.13621604519189], [-82.21125134471144, 36.159012270310185], [-82.29765470039412, 36.13351030196061], [-82.40945844065129, 36.08340872541441], [-82.4645581485049, 36.00650828708784], [-82.55787405881557, 35.95390105907037], [-82.61088472771259, 35.974441543768954], [-82.59552548673055, 36.026012267691655], [-82.62836531135106, 36.06210520800363], [-82.77939695490983, 35.99251127545193], [-82.81613028975556, 35.92398568291629], [-82.86072375627144, 35.94742989755485], [-82.91060758723577, 35.92692989183986], [-82.89971796120872, 35.87460191240396], [-82.97841342262043, 35.78261031759809], [-83.16153692028387, 35.76336327234115], [-83.2553509501532, 35.716230141214396], [-83.2971536620623, 35.6577498310608], [-83.34726183185799, 35.66047401454259], [-83.49833480651711, 35.562980953154195], [-83.77173641385032, 35.5621178022966], [-84.02178219434687, 35.40741795675617], [-84.02350958861958, 35.29578294212636], [-84.0975084724753, 35.247382295581794], [-84.17851600173681, 35.2406785467477], [-84.22371799237784, 35.26907829265414], [-84.28321970353936, 35.22657674465461], [-84.3218685857209, 34.988407992902715], [-83.10860646229948, 35.000658692893914], [-82.74643103736825, 35.07913107393943], [-82.68603940404856, 35.12454515310769], [-82.41130095532515, 35.2024828705575], [-81.04287041109083, 35.14924821295998], [-81.04148858514779, 35.044703002092675], [-80.93494968395338, 35.10740886396844], [-80.78204155564981, 34.93578230919645], [-80.79699727407784, 34.823873705663786], [-79.67529903794964, 34.80474426877432], [-78.5410865393076, 33.85111184866077], [-78.77273728456794, 33.76851109522402], [-78.93807656534861, 33.63982583973548], [-79.13544064486653, 33.40386711396694], [-79.1723936112247, 33.20657720046621], [-79.32990856860297, 33.089985699066546], [-79.35996121260233, 33.00667172172341], [-79.48349897695427, 33.001264989277495], [-79.5224494385187, 33.035350256463104], [-79.58072532434326, 33.006446707038116], [-79.60661539464114, 32.97224824941999], [-79.56976221105685, 32.926691933904436], [-79.86835236643437, 32.734848932913934], [-79.8849607736317, 32.684402400405], [-80.00080087343225, 32.60589225010256], [-80.14840613198946, 32.57847908854575], [-80.33835405485829, 32.47873000813325], [-80.46571037344509, 32.49530003298082], [-80.48461709736995, 32.46097614959061], [-80.43430342995673, 32.375193018877994], [-80.4551923067955, 32.32645829050326], [-80.59639405369528, 32.27354867298308], [-80.71460119925821, 32.325656310893606], [-80.76603839697852, 32.292608369336286], [-80.66916628896726, 32.21678318768035], [-80.72146266543817, 32.1604267383561], [-80.85873500438177, 32.09958123271882], [-80.88551650228277, 32.034600030200814], [-80.84312992288054, 32.02422598519721], [-80.8484413139591, 31.988279455678555], [-81.1306339293934, 31.72269183086033], [-81.13349332177222, 31.62334819798169], [-81.27933811486017, 31.351126568428423], [-81.28284176163638, 31.244330024494356], [-81.40209607847247, 31.125383116100263], [-81.40515285099107, 30.908202658144987], [-81.46006107028106, 30.7699119003741], [-81.44412350324217, 30.70971398958776], [-81.73223814382808, 30.74963538953099], [-81.94318708823614, 30.82743710368053], [-82.03266682512846, 30.750673776605023], [-82.04076601192396, 30.370144458451236], [-82.1800429204619, 30.368609654201602], [-82.21860717044433, 30.564395461278206], [-84.86469287938368, 30.71154184467723], [-84.91814964794193, 30.772081619795014], [-85.00249911205198, 31.000681578769157], [-87.59893739351126, 30.997422446760986], [-87.63494319603387, 30.86585707640404], [-87.52362121922468, 30.738285408550247], [-87.4001886331612, 30.657201197346417], [-87.44472201209432, 30.507484223668722], [-87.36660136112575, 30.436642606386012], [-87.43178417747244, 30.40319270567551], [-87.51832352329454, 30.280435123860986], [-87.81886680437992, 30.228314020488817], [-87.89320146097567, 30.239236767860202], [-87.80646642514365, 30.279798502894074], [-87.796717498425, 30.3241977789583], [-87.93335466216412, 30.487356807141293], [-87.90171064140408, 30.55087865792353], [-87.93106990412691, 30.65269432077934], [-88.0083959646316, 30.684956449428196], [-88.06199788108508, 30.644890659353184], [-88.13617282901889, 30.320729183538678], [-88.25776396572007, 30.318933121035442], [-88.36402199581993, 30.388006112597807], [-88.47187529333327, 30.320019636558264], [-88.97123312163934, 30.390797882777214], [-89.34474586294616, 30.293195570307162], [-89.44746551391765, 30.205097947157753], [-89.52450414249414, 30.180753420247783], [-89.60765496948459, 30.217096058865245], [-89.67851383391528, 30.414011626690947]]]}, "properties": {"scenario_id": "51_13_11_24_3", "bundle": "WH", "bundle_title": "WH only", "district_raw": "WH_09", "district": "WH_09", "wholesaler": "R0022", "mass": 474.02813945, "color": "#af1d1d"}}, {"type": "Feature", "geometry": {"type": "MultiPolygon", "coordinates": [[[[-84.0975084724753, 35.247382295581794], [-84.02350958861958, 35.29578294212636], [-84.02178219434687, 35.40741795675617], [-83.77173641385032, 35.5621178022966], [-83.49833480651711, 35.562980953154195], [-83.34726183185799, 35.66047401454259], [-83.2971536620623, 35.6577498310608], [-83.2553509501532, 35.716230141214396], [-83.16153692028387, 35.76336327234115], [-82.97841342262043, 35.78261031759809], [-82.89971796120872, 35.87460191240396], [-82.91060758723577, 35.92692989183986], [-82.86072375627144, 35.94742989755485], [-82.81613028975556, 35.92398568291629], [-82.77939695490983, 35.99251127545193], [-82.62836531135106, 36.06210520800363], [-82.59552548673055, 36.026012267691655], [-82.61088472771259, 35.974441543768954], [-82.55787405881557, 35.95390105907037], [-82.4645581485049, 36.00650828708784], [-82.40945844065129, 36.08340872541441], [-82.29765470039412, 36.13351030196061], [-82.21125134471144, 36.159012270310185], [-82.14084721706502, 36.13621604519189], [-82.12714558627817, 36.10441685642482], [-82.0287394305469, 36.12432234005667], [-81.90813657683852, 36.302013238079], [-81.83320193550291, 36.347338737646865], [-81.7059661217501, 36.338495568538534], [-81.73431200540685, 36.413341642359406], [-81.64690010956188, 36.61191782005666], [-81.92264362505318, 36.616212674647535], [-81.93414358937328, 36.594212638627454], [-83.67541279735892, 36.60081366805367], [-83.5271125357105, 36.665985032440055], [-83.13639524370154, 36.7430880065909], [-83.0755894950651, 36.85058918983238], [-82.89544464534728, 36.882144582892266], [-82.86918283003905, 36.97418187291632], [-82.72225411113062, 37.05794787676099], [-82.72629453055025, 37.11185208005722], [-82.3553429245016, 37.265220065045774], [-81.96829747701086, 37.53779797296821], [-82.064417807583, 37.5445159129735], [-82.29611778534026, 37.686173780868415], [-82.32735643056431, 37.76223285207468], [-82.48755640276079, 37.916975014169864], [-82.46498690559235, 37.97685932630404], [-82.62618169109498, 38.134834667821984], [-82.57187702988197, 38.31578119774447], [-82.593673245671, 38.42180863065246], [-82.56066465013477, 38.4043376862228], [-82.32399931139662, 38.44926824660096], [-82.27426963745557, 38.59368276054623], [-82.17516709573103, 38.60848443013456], [-82.20929023307254, 38.80267167787553], [-82.16157055912153, 38.82463205977471], [-82.04156346657817, 39.01787825201999], [-82.00706222382337, 39.029577985155996], [-81.94182878263089, 38.99329494587988], [-81.89846996643914, 38.92960322416286], [-81.82735395160948, 38.945897971143445], [-81.77573447431035, 38.98073676698608], [-81.80785482550372, 39.08397768709125], [-81.74295287650867, 39.10657839182438], [-81.75275436090685, 39.18467623823722], [-81.67833069179768, 39.273754646960334], [-81.56524686820303, 39.27617522543799], [-81.55964698360681, 39.33077394318093], [-81.45614330594576, 39.409274185399134], [-81.34756690482874, 39.345770404734886], [-81.2490874659158, 39.389992111723444], [-81.12853237411998, 39.44937509538893], [-80.86557449317914, 39.66275073554211], [-80.82976417543944, 39.71183869633109], [-80.86993330665405, 39.76355532887622], [-80.82496959425349, 39.801092021914656], [-80.8033942756489, 39.918762356934], [-80.74012639005035, 39.970792855975404], [-80.736804133131, 40.080071972599704], [-80.6065954801892, 40.303868812561355], [-80.63159631290966, 40.38546782185946], [-80.604895474423, 40.44666666500855], [-80.667957365718, 40.58249636072164], [-80.62717126696685, 40.61993607741613], [-80.5189910523099, 40.638800885381094], [-80.5193417446976, 39.721403179863415], [-79.47666239989555, 39.72107853105007], [-79.48687339054297, 39.205960853186546], [-79.28372257473222, 39.30963983295165], [-79.09132899943762, 39.4724069952237], [-78.95675131008447, 39.44026391526239], [-78.77113963274374, 39.638386643093895], [-78.7070977891237, 39.55585685567669], [-78.46095145580081, 39.52598730621008], [-78.38295954154523, 39.62224584672735], [-78.08226006752601, 39.671166400478576], [-78.0067343757108, 39.60133747471549], [-77.82981406913586, 39.58728756266952], [-77.71951901446813, 39.321314053071596], [-77.58823487595981, 39.30195499046096], [-77.45988339516012, 39.218682117499185], [-77.5212215663208, 39.16105655875151], [-77.51992940646414, 39.12092519090149], [-77.46261687468315, 39.07624760110678], [-77.24840308930834, 39.02690920941772], [-77.2498031670971, 38.98590942381984], [-77.14660080202216, 38.96420956436143], [-77.11975938991091, 38.93434277287224], [-77.09020027387977, 38.904211103638524], [-77.0390986953705, 38.86811156596816], [-77.05319920040598, 38.70991525653265], [-77.13250118314113, 38.67381570247657], [-77.1301997647523, 38.63501688537431], [-77.24670441061193, 38.635216987847926], [-77.2952735623688, 38.56212524041088], [-77.31728752343052, 38.38357570762103], [-77.26529480075205, 38.3331649316706], [-77.04813652151627, 38.36014525912717], [-76.96231147206154, 38.21407464840381], [-76.83879494681572, 38.16347591597905], [-76.61393941893768, 38.14858674128373], [-76.49199860642771, 38.01722194362938], [-76.23672467372002, 37.88917393912398], [-76.25135800969757, 37.83307161153553], [-76.31030673253139, 37.794849378128355], [-76.32911961474899, 37.670975673067005], [-76.27944689523102, 37.61822494156526], [-76.29795935992722, 37.55763616347695], [-76.24846041624154, 37.37513490912792], [-76.27555246108507, 37.30996395925999], [-76.39395819708409, 37.39593995072285], [-76.43752517964644, 37.37975011184408], [-76.36229018733358, 37.27022617248123], [-76.3941323392717, 37.22514991248712], [-76.27126197930951, 37.08454424089883], [-76.30427150658397, 37.00137790136535], [-76.26796183894979, 36.96454740706242], [-76.08795450893172, 36.90864705001176], [-75.99625237803748, 36.92204675516895], [-75.79640970878431, 36.29035124212221], [-75.49608655404187, 35.728514838039324], [-75.45865855863939, 35.59659676444123], [-75.53362745520967, 35.225824866198906], [-75.75791558483934, 35.18307892125929], [-76.137269104129, 34.98785797579993], [-76.38680416132335, 34.784579327740396], [-76.53594647222941, 34.58857705486304], [-76.6187193122673, 34.67255043205255], [-76.72696895743775, 34.69669032899202], [-76.90625674837062, 34.68281987659323], [-77.13684270254106, 34.632925846070975], [-77.46292200129263, 34.47135385612936], [-77.76402237834569, 34.24564097117946], [-77.96017203214878, 33.853315204307066], [-78.13695165268288, 33.91217836132052], [-78.27614669279436, 33.91236432326898], [-78.5410865393076, 33.85111184866077], [-79.67529903794964, 34.80474426877432], [-80.79699727407784, 34.823873705663786], [-80.78204155564981, 34.93578230919645], [-80.93494968395338, 35.10740886396844], [-81.04148858514779, 35.044703002092675], [-81.04287041109083, 35.14924821295998], [-82.41130095532515, 35.2024828705575], [-82.68603940404856, 35.12454515310769], [-82.74643103736825, 35.07913107393943], [-83.10860646229948, 35.000658692893914], [-84.3218685857209, 34.988407992902715], [-84.28321970353936, 35.22657674465461], [-84.22371799237784, 35.26907829265414], [-84.17851600173681, 35.2406785467477], [-84.0975084724753, 35.247382295581794]]], [[[-75.65837865989842, 37.451814953626005], [-75.94239925698349, 37.08960702715843], [-75.9796076188689, 37.10044812017051], [-76.02347539281796, 37.28906682142251], [-75.9411819970873, 37.56383893426352], [-75.81215515600717, 37.74950228125579], [-75.81812508256961, 37.79169783675698], [-75.70291366311419, 37.84965889924521], [-75.75769336846994, 37.90391228465121], [-75.62434120048356, 37.994211013769636], [-75.24226597356196, 38.027209327147894], [-75.38063742895615, 37.85170224966274], [-75.43900138632964, 37.86933543879887], [-75.55189815032233, 37.74812240915273], [-75.60782376230014, 37.56070589911817], [-75.672877454338, 37.48369588693122], [-75.65837865989842, 37.451814953626005]]], [[[-77.11975938991091, 38.93434277287224], [-77.04101811864163, 38.99554812241317], [-76.90939350952324, 38.89285197223116], [-77.03900641095687, 38.79164543202012], [-77.0390986953705, 38.86811156596816], [-77.11975938991091, 38.93434277287224]]]]}, "properties": {"scenario_id": "51_13_11_24_3", "bundle": "WH", "bundle_title": "WH only", "district_raw": "WH_10", "district": "WH_10", "wholesaler": "R0023", "mass": 458.01560038, "color": "#4c1daf"}}, {"type": "Feature", "geometry": {"type": "Polygon", "coordinates": [[[-80.5193417446976, 39.721403179863415], [-80.51942452061814, 41.97752312910773], [-80.15408432322353, 42.11475731906904], [-80.0885120198002, 42.173183923821654], [-80.02032354121607, 42.16311610925789], [-79.6274836829858, 42.32468574243119], [-79.13856898708643, 42.56446213634513], [-79.04886065712068, 42.6891578646806], [-78.85135554374796, 42.79175787779895], [-78.90915929280924, 42.93325717176504], [-79.01996364988811, 42.99475587485216], [-79.00544983085263, 43.057231289914526], [-79.0744667561129, 43.07785487376065], [-79.04456642891695, 43.15325535176174], [-79.0704688706976, 43.26245416872906], [-78.54739556936694, 43.369541078045124], [-78.14519494676955, 43.37550962498731], [-77.76023090837083, 43.34116065205622], [-77.5510222116153, 43.23576298697161], [-77.34109162303007, 43.28066100190692], [-76.95217363542916, 43.27069209620073], [-76.68485622326968, 43.35269080000367], [-76.63077370101946, 43.41335568021759], [-76.41758158823275, 43.52128486957028], [-76.2358332796742, 43.529256221796686], [-76.19659597370101, 43.649761310754464], [-76.22926818986748, 43.80413543814376], [-76.29675860431286, 43.857079096075445], [-76.44184845288031, 43.88286402271075], [-76.41213803673772, 43.92567623121464], [-76.27931418301807, 43.97246230173528], [-76.30767410603089, 44.025276631654705], [-76.37556015246305, 44.03153589444056], [-76.33458433523231, 44.16494462603718], [-76.16426518087911, 44.23960293174118], [-76.16183272833263, 44.28077705944043], [-75.94954054957044, 44.34912883250312], [-75.83412672503881, 44.42243279549275], [-75.76622987030316, 44.51585093621701], [-75.25227404628099, 44.85888007976774], [-74.79661271538231, 44.387300524079585], [-74.92871974849797, 44.17684949016586], [-74.7799670219304, 43.94954076313151], [-74.80798061973432, 43.607350396216695], [-74.74701950955836, 43.54391764985287], [-74.09480811342699, 43.36908182020385], [-74.01496837395787, 43.241447020159924], [-74.0821859924577, 43.10988230061612], [-74.26345081432001, 43.03300542962567], [-74.52338765784528, 42.682803936063564], [-74.38325695003148, 42.62222854007271], [-74.25396027840804, 42.45225389004265], [-74.32159831633096, 42.179446923554224], [-74.53151958093576, 41.97051955287239], [-74.70336436465546, 41.87959762789165], [-74.1727733436142, 41.64535092040726], [-73.8078574423958, 41.62402733942582], [-73.70002364811339, 41.64945400352205], [-73.61265265567418, 41.4979404956749], [-73.67352145681345, 41.391949998565295], [-73.70439223121255, 41.38988180564146], [-73.76680338097015, 41.238186169489595], [-73.72052011158655, 41.16399232563948], [-73.81741699822403, 41.104305168585576], [-73.85106026641768, 41.04668438489949], [-73.81360981008542, 41.00156448725736], [-73.86929365418673, 40.97283243491759], [-73.87491890311892, 40.899196235836264], [-73.93035047376586, 40.88803516872026], [-73.903281105364, 40.84170014851227], [-73.98599517230149, 40.756075887292944], [-73.72363420127246, 40.72256657713394], [-73.62318968265295, 40.73728248265869], [-73.70364287371481, 40.61931384777686], [-73.94059041000976, 40.54289600507606], [-74.05731536407825, 40.59754611592308], [-74.11258448406929, 40.547603186248054], [-74.26061157513436, 40.502435992993156], [-74.2022472095269, 40.630902768440095], [-74.08680570116327, 40.65159581827149], [-74.04731237580978, 40.690466259610645], [-73.89397904127303, 40.99719669665809], [-74.69491443766863, 41.357423413192876], [-74.59521640438182, 41.31164920166708], [-74.47316197389307, 41.090242334055546], [-74.43322273527235, 40.97160029897569], [-74.47120288114591, 40.920555234900746], [-74.44246555173103, 40.85250246006556], [-74.50168068817682, 40.814293223646125], [-74.454340721975, 40.78704454944777], [-74.47259698010298, 40.73974882103698], [-74.62140920078481, 40.68149592743374], [-74.60690993665274, 40.645680465758964], [-74.65522555535067, 40.620899081770254], [-74.79966824745601, 40.630987638367735], [-74.81012771727293, 40.60506495248574], [-75.07629777689301, 40.539234778838], [-75.05610220907924, 40.41606594478387], [-74.9695974785706, 40.39977000530614], [-74.7216036942008, 40.15381036734157], [-75.11922030492632, 39.965412238993544], [-75.13341980156689, 39.896212684006734], [-75.41506217400892, 39.80191933271169], [-75.57043334668289, 39.83918550304972], [-75.6628462240136, 39.821425284438185], [-75.77378578071777, 39.7222002439869], [-77.76864434587547, 39.721537886094616], [-80.5193417446976, 39.721403179863415]]]}, "properties": {"scenario_id": "51_13_11_24_3", "bundle": "WH", "bundle_title": "WH only", "district_raw": "WH_11", "district": "WH_11", "wholesaler": "R0024", "mass": 573.29339883, "color": "#af631d"}}, {"type": "Feature", "geometry": {"type": "Polygon", "coordinates": [[[-84.8201571397456, 39.10548004914923], [-84.80435899965812, 40.34000578259955], [-84.6409838865858, 40.32838173567743], [-84.47470854646757, 40.25828757572932], [-84.37833401993493, 40.28836717528086], [-84.2855718114109, 40.36008035900672], [-84.29153933431408, 40.54064225050948], [-84.36343614167798, 40.63402692690848], [-84.11421457888635, 40.71127836809762], [-84.0053071924813, 40.60381589986357], [-83.73978766747298, 40.51509460803004], [-83.65140426406731, 40.64524105524135], [-83.66671674320426, 40.74947029722345], [-83.28858595603856, 41.10957253199721], [-83.1263707327127, 41.06553427218656], [-82.92457682155538, 40.938947356356685], [-82.75688839600868, 40.99108506865254], [-82.69955764822797, 41.29824848234872], [-82.44946237216597, 41.286459895878565], [-82.29216679430743, 41.143598239315025], [-82.19117225235051, 41.26713856341494], [-82.06755592793952, 41.32877038654175], [-81.94942722775976, 41.316151735436115], [-81.96500495529736, 41.42540959401015], [-81.82490709525756, 41.45822341573245], [-81.83450361036176, 41.494868389064614], [-81.73875482946018, 41.488549992227725], [-81.63365172372953, 41.54045824584336], [-81.28692486154121, 41.76024294112653], [-80.51942452061814, 41.97752312910773], [-80.5189910523099, 40.638800885381094], [-80.62717126696685, 40.61993607741613], [-80.667957365718, 40.58249636072164], [-80.604895474423, 40.44666666500855], [-80.63159631290966, 40.38546782185946], [-80.6065954801892, 40.303868812561355], [-80.736804133131, 40.080071972599704], [-80.74012639005035, 39.970792855975404], [-80.8033942756489, 39.918762356934], [-80.82496959425349, 39.801092021914656], [-80.86993330665405, 39.76355532887622], [-80.82976417543944, 39.71183869633109], [-81.12853237411998, 39.44937509538893], [-81.34756690482874, 39.345770404734886], [-81.45614330594576, 39.409274185399134], [-81.55964698360681, 39.33077394318093], [-81.56524686820303, 39.27617522543799], [-81.67833069179768, 39.273754646960334], [-81.75275436090685, 39.18467623823722], [-81.74295287650867, 39.10657839182438], [-81.80785482550372, 39.08397768709125], [-81.77573447431035, 38.98073676698608], [-81.82735395160948, 38.945897971143445], [-81.89846996643914, 38.92960322416286], [-81.94182878263089, 38.99329494587988], [-82.00706222382337, 39.029577985155996], [-82.04156346657817, 39.01787825201999], [-82.16157055912153, 38.82463205977471], [-82.20929023307254, 38.80267167787553], [-82.17516709573103, 38.60848443013456], [-82.27426963745557, 38.59368276054623], [-82.32399931139662, 38.44926824660096], [-82.56066465013477, 38.4043376862228], [-82.593673245671, 38.42180863065246], [-82.7248454141132, 38.55760026509619], [-82.80011186113158, 38.56318294273056], [-82.85131436071185, 38.6043340078237], [-82.88919334170811, 38.75607585155351], [-83.01181576225049, 38.730057040097776], [-83.17264659023769, 38.62025179750805], [-83.23951484717448, 38.628588206205684], [-83.28651443928185, 38.599241325888926], [-83.37630243460869, 38.66147281301444], [-83.53333909491738, 38.702104966849944], [-83.62692147396615, 38.67938723940532], [-83.67948378213718, 38.63003603020398], [-83.77216005076154, 38.658150243911166], [-83.85208484258163, 38.75143332309032], [-84.21290415424204, 38.805707101897326], [-84.29725511345875, 38.98969366549652], [-84.40093961059387, 39.04636224759083], [-84.44524151776358, 39.11446133737233], [-84.60792826392726, 39.073238183192565], [-84.75074874299254, 39.14735796628251], [-84.8201571397456, 39.10548004914923]]]}, "properties": {"scenario_id": "51_13_11_24_3", "bundle": "FI", "bundle_title": "FI only", "district_raw": "FI_01", "district": "FI_01", "wholesaler": "R0025", "mass": 426.7965383, "color": "#281daf"}}, {"type": "Feature", "geometry": {"type": "Polygon", "coordinates": [[[-95.81070914473725, 40.88668081138611], [-95.85678802626717, 41.18709819012476], [-95.90969006156831, 41.18439782157384], [-95.89015180520492, 41.27830806434721], [-95.92569021110829, 41.322197398362135], [-95.9225285511312, 41.45576591979076], [-95.98296209900812, 41.46977801559862], [-96.00507928136116, 41.54400380790064], [-96.08049284898678, 41.528198979479065], [-96.11810558147421, 41.61349507075315], [-96.06453701406046, 41.793001832962325], [-96.15909806624185, 41.91005735779599], [-96.13253753024573, 41.97462500798049], [-96.27287684145229, 42.04723813673821], [-96.2688997295733, 42.113589615398205], [-96.34775181450408, 42.16680634327015], [-96.33600329318071, 42.2648056394604], [-96.40799748004994, 42.33740838171988], [-96.38130723692043, 42.4616940420792], [-96.4929702175531, 42.5172816298434], [-96.47695176106137, 42.55607925419285], [-96.52676579843877, 42.641184167849964], [-96.6247040795354, 42.72549734374318], [-96.50030834597044, 42.95939076763246], [-96.51160485289745, 43.03992700255587], [-96.4393348785495, 43.11391596037827], [-96.47557081618066, 43.22105365913009], [-96.52208345296289, 43.2209599060035], [-96.57882290937086, 43.29109496655693], [-96.5303921277593, 43.30003363059116], [-96.52157156732639, 43.38563994371248], [-96.59425355344716, 43.43415266612853], [-96.59892862891331, 43.5004566338849], [-93.97075941302053, 43.49960483876072], [-91.21770581364564, 43.5005500275125], [-91.20736704388358, 43.37365894898858], [-91.05791008438833, 43.253967751258884], [-91.17525326047274, 43.13466501849869], [-91.1380001628291, 42.90377210687058], [-91.07071586625872, 42.7755017402014], [-90.9415665370762, 42.68384380266671], [-90.70085617160827, 42.626444633353906], [-90.64284272858116, 42.50848096122147], [-87.8004772562784, 42.49191996143442], [-87.8347692385322, 42.30152212877089], [-87.80006602545023, 42.20802399884855], [-87.6823593720752, 42.07572872463416], [-87.60945001778308, 41.84523262942605], [-87.52414096549066, 41.72398983306882], [-87.53164597446155, 39.347887610636064], [-87.6003964511799, 39.3129041381057], [-87.57702897494686, 39.21112257821281], [-87.6404345480573, 39.166726798511995], [-87.5725875547954, 39.0572860873333], [-87.57911710523376, 39.00160720521748], [-87.52949622328421, 38.971924725952654], [-87.54737018688209, 38.875614009674834], [-87.49894799969032, 38.757773717233796], [-87.54553833077243, 38.67761270716457], [-87.6201195424932, 38.63948880874329], [-87.65416552094898, 38.51191066347716], [-87.7140474582315, 38.479880224522425], [-87.83197168303388, 38.30724089396429], [-87.96896759501877, 38.237388957855075], [-87.97581862784232, 38.19783429115387], [-87.92746756289368, 38.151946071354274], [-88.03088408840439, 38.03071332204531], [-88.01631096372088, 37.96157384665257], [-88.0673645119444, 37.85605108533011], [-88.02802962772984, 37.79922408242116], [-88.16006206847351, 37.65433171200732], [-88.06229395924458, 37.48783655601954], [-88.28166648470872, 37.45259594674194], [-88.35843628302996, 37.40486043743752], [-88.41859381594679, 37.421986704092106], [-88.46586099818853, 37.40054732219276], [-88.51466084138532, 37.290948335780236], [-88.42477577403024, 37.149900978638605], [-88.47612747947815, 37.068222893643146], [-88.5315756271794, 37.06719238681427], [-88.93174479839146, 37.22759308716901], [-89.05803598965846, 37.18876667688483], [-89.16808652414164, 37.07421805424257], [-89.13291493102562, 36.98205663443093], [-89.35945606074418, 37.04260606616208], [-89.47052524296278, 37.253356974332235], [-89.51703205493355, 37.281920311668166], [-89.42818525665513, 37.35615790286679], [-89.42594021363183, 37.40747100918337], [-89.51240029326048, 37.529810340053345], [-89.52194828056402, 37.696475169521186], [-89.66799257789854, 37.75948408026967], [-89.6965595219513, 37.814336685779544], [-89.85104838427556, 37.90398027504511], [-89.92318503742462, 37.870671662622854], [-89.97422088841587, 37.91921726921453], [-89.95490959928382, 37.96664701027012], [-90.00835311280507, 37.97017901810449], [-90.21870802238791, 38.09436539248809], [-90.36392603720786, 38.236354764986565], [-90.37251954474283, 38.32335389698452], [-90.26684591667507, 38.50576848919258], [-90.42099280274712, 38.504858907524856], [-90.4608244596913, 38.536736891168616], [-90.5369020109361, 38.49351684376206], [-90.64585207819742, 38.56585049650867], [-90.8278017728792, 38.54071475576058], [-90.86525655091954, 38.61791766379632], [-90.65700154892978, 38.757206114442376], [-90.68961114401526, 38.8036392063402], [-90.61758578507148, 38.89130188830057], [-90.59535350762565, 38.87504981879941], [-90.66158276369441, 38.93470369561386], [-90.82399317355758, 38.8701897300339], [-91.0468474028298, 38.98615991374384], [-91.20045120252455, 39.27039528953385], [-90.93741860467246, 39.400802777875754], [-91.03827004207095, 39.448436253257185], [-91.10030724027999, 39.5386951644967], [-91.14827462989312, 39.545797689608676], [-91.36775342025378, 39.729028812857045], [-91.36157051915804, 39.78754773604115], [-91.43605099782867, 39.84551034500609], [-91.51195629537055, 40.17044091493241], [-91.46965549975893, 40.32240888697949], [-91.4194218659599, 40.37826434210245], [-91.49809254314154, 40.40192622356849], [-91.72911558040953, 40.61363964975111], [-94.09108444270483, 40.57289713240715], [-95.76564470345129, 40.5852084025767], [-95.78190928556079, 40.653272187576675], [-95.8886965652919, 40.73629220346507], [-95.83415550808327, 40.78301572545902], [-95.81070914473725, 40.88668081138611]]]}, "properties": {"scenario_id": "51_13_11_24_3", "bundle": "FI", "bundle_title": "FI only", "district_raw": "FI_02", "district": "FI_02", "wholesaler": "R0026", "mass": 381.57693802, "color": "#9658e4"}}, {"type": "Feature", "geometry": {"type": "Polygon", "coordinates": [[[-82.32447971080909, 33.82003279027151], [-82.55683463727816, 33.94535291321715], [-82.71537259367138, 34.14816523331772], [-82.87383154718385, 34.47150788202145], [-83.04828914469668, 34.49325415025318], [-83.15457684018524, 34.58819783286449], [-83.33868956008602, 34.682001940026716], [-83.32386596516811, 34.789711912844325], [-83.14062082844137, 34.92491465985521], [-83.10860646229948, 35.000658692893914], [-84.3218685857209, 34.988407992902715], [-84.28321970353936, 35.22657674465461], [-84.22371799237784, 35.26907829265414], [-84.17851600173681, 35.2406785467477], [-84.0975084724753, 35.247382295581794], [-84.02350958861958, 35.29578294212636], [-84.02178219434687, 35.40741795675617], [-83.77173641385032, 35.5621178022966], [-83.49833480651711, 35.562980953154195], [-83.34726183185799, 35.66047401454259], [-83.2971536620623, 35.6577498310608], [-83.2553509501532, 35.716230141214396], [-83.16153692028387, 35.76336327234115], [-82.97841342262043, 35.78261031759809], [-82.89971796120872, 35.87460191240396], [-82.91060758723577, 35.92692989183986], [-82.86072375627144, 35.94742989755485], [-82.81613028975556, 35.92398568291629], [-82.77939695490983, 35.99251127545193], [-82.62836531135106, 36.06210520800363], [-82.59552548673055, 36.026012267691655], [-82.61088472771259, 35.974441543768954], [-82.55787405881557, 35.95390105907037], [-82.4645581485049, 36.00650828708784], [-82.40945844065129, 36.08340872541441], [-82.29765470039412, 36.13351030196061], [-82.21125134471144, 36.159012270310185], [-82.14084721706502, 36.13621604519189], [-82.12714558627817, 36.10441685642482], [-82.0287394305469, 36.12432234005667], [-81.90813657683852, 36.302013238079], [-81.83320193550291, 36.347338737646865], [-81.7059661217501, 36.338495568538534], [-81.73431200540685, 36.413341642359406], [-81.67753445183806, 36.5881169587497], [-81.06917630764416, 36.56733567126377], [-80.6443584158444, 36.35248276045811], [-80.54979333663543, 36.33661859706491], [-80.50475751434337, 36.24070262142871], [-80.45370880314978, 36.22471627501768], [-80.30625950247739, 36.23380743728752], [-80.14453408365985, 36.30401625516878], [-79.99422146200118, 36.23797983834237], [-79.99007731327625, 36.15259906621298], [-80.03799748827532, 36.06808120710047], [-80.13412451035792, 36.040864301343696], [-80.15659385378922, 36.00377804235445], [-80.00910128423037, 35.98204880536419], [-79.94988726145091, 36.00934042742066], [-79.69045176997588, 35.68714226873883], [-79.61522678737344, 35.657297917493004], [-79.57446150640973, 35.495291488141895], [-79.39048481487745, 35.392125344827896], [-79.11915459987831, 35.28582874259447], [-78.97738621679767, 35.33167201363747], [-78.8598146456308, 35.30758126605014], [-78.61949851983097, 35.0431698541218], [-78.62811034111778, 34.94968116252849], [-78.57514144975951, 34.746934310874146], [-78.46172711258201, 34.6337376433835], [-78.36238478867801, 34.59820281347897], [-78.25512253179478, 34.6159837370977], [-77.90909042150695, 34.73033732009471], [-77.58618583959283, 34.39132797567338], [-77.82920909442208, 34.16261820878487], [-77.96017203214878, 33.853315204307066], [-78.13695165268288, 33.91217836132052], [-78.38396439245793, 33.901946538357016], [-78.77273728456794, 33.76851109522402], [-79.08458764499173, 33.48366919658828], [-79.16233173841032, 33.32724571463139], [-79.1723936112247, 33.20657720046621], [-79.32990856860297, 33.089985699066546], [-79.35996121260233, 33.00667172172341], [-79.48349897695427, 33.001264989277495], [-79.5224494385187, 33.035350256463104], [-79.58072532434326, 33.006446707038116], [-79.60661539464114, 32.97224824941999], [-79.56976221105685, 32.926691933904436], [-79.86835236643437, 32.734848932913934], [-79.8849607736317, 32.684402400405], [-80.00080087343225, 32.60589225010256], [-80.14840613198946, 32.57847908854575], [-80.33835405485829, 32.47873000813325], [-80.46571037344509, 32.49530003298082], [-80.48461709736995, 32.46097614959061], [-80.43430342995673, 32.375193018877994], [-80.4551923067955, 32.32645829050326], [-80.59639405369528, 32.27354867298308], [-80.71460119925821, 32.325656310893606], [-80.76603839697852, 32.292608369336286], [-80.66916628896726, 32.21678318768035], [-80.72146266543817, 32.1604267383561], [-80.85873500438177, 32.09958123271882], [-80.88551650228277, 32.034600030200814], [-81.0067447282642, 32.10115173916524], [-81.03826532374237, 32.08446936183156], [-81.11333392452835, 32.113205230759185], [-81.15353102707527, 32.237687267138234], [-81.13303169493919, 32.33479436883081], [-81.19493112887149, 32.411488779666755], [-81.19482855483318, 32.46508605331792], [-81.27492682596163, 32.54415799567997], [-81.39710607605232, 32.605586945714556], [-81.42061979207362, 32.8312228165008], [-81.49956627377114, 32.94372178370269], [-81.50203000261097, 33.0151128597253], [-81.75513541623572, 33.151550126951356], [-81.76353490426328, 33.203647852545146], [-81.84653612807759, 33.241746456326595], [-81.84613589593681, 33.303842831409355], [-81.93273675327069, 33.343540688384], [-81.92633574979467, 33.4629367809144], [-82.16190740847577, 33.610643282391266], [-82.32447971080909, 33.82003279027151]]]}, "properties": {"scenario_id": "51_13_11_24_3", "bundle": "FI", "bundle_title": "FI only", "district_raw": "FI_03", "district": "FI_03", "wholesaler": "R0027", "mass": 393.78841504, "color": "#6faf1d"}}, {"type": "Feature", "geometry": {"type": "MultiPolygon", "coordinates": [[[[-72.77475952940921, 42.00212927805387], [-72.84714174434698, 42.036893470873125], [-73.48731356664887, 42.049638182904566], [-73.50814185591678, 42.086257083679634], [-73.26495735078299, 42.74593966973731], [-73.29094367668979, 42.801919693134295], [-73.24204159166068, 43.53492501886875], [-73.32770181229813, 43.625913131645895], [-73.39576667825925, 43.568086507240444], [-73.42497652433325, 43.598775009854], [-73.35070736618071, 43.77046337592979], [-73.43688017274476, 44.042577715148184], [-73.39539885564884, 44.16690343242693], [-73.31661864149591, 44.257768983297865], [-73.33463678418602, 44.356877177366975], [-73.2936133020786, 44.44055941395282], [-73.3899657473054, 44.619620177060206], [-73.33443044121411, 44.80218802881612], [-73.37982199839156, 44.857037377142], [-73.33897926408761, 44.91768150036679], [-73.34312385278649, 45.01084021678223], [-71.5010874515763, 45.01337690155666], [-71.40563664911559, 45.198139033725546], [-71.43854633724808, 45.23900429589755], [-71.2836843303051, 45.30197679882576], [-71.1394302096342, 45.24295841391934], [-71.0127565915411, 45.344759913486634], [-70.9493648899032, 45.33153606732997], [-70.89282208353035, 45.23917207777144], [-70.84443037930406, 45.234513162576306], [-70.80861342820677, 45.31160633985653], [-70.82561181914134, 45.40030518821772], [-70.78147104252525, 45.431158975384854], [-70.63466070362976, 45.38360809456311], [-70.63549726701456, 45.4278170884067], [-70.72339626980786, 45.51039392980149], [-70.68821396070385, 45.56398060215447], [-70.55279256328602, 45.66783613158845], [-70.38355218529372, 45.734868738865515], [-70.41568346144565, 45.786157771050945], [-70.25911673184291, 45.890754973633875], [-70.3176284177531, 46.019080068465584], [-70.2395660835471, 46.1427620596767], [-70.29089579487686, 46.18583747249325], [-70.20741501181543, 46.33131623911858], [-70.05374789668261, 46.42923591914373], [-69.9970854979249, 46.69522987348059], [-69.21999632921495, 47.45715888258203], [-69.0393003512708, 47.42217005436858], [-69.04020028297829, 47.245100131575875], [-68.9009852244517, 47.17851926264405], [-68.60481897229906, 47.24941787092238], [-68.58872537549507, 47.281721373808594], [-68.37561532766787, 47.2922680784662], [-68.36155920712297, 47.355605503428556], [-68.2042636176274, 47.3397300018336], [-67.78976102220409, 47.06574432580254], [-67.77998393841143, 45.9381625805667], [-67.75042205487752, 45.91789828579217], [-67.80367780731324, 45.869378739232864], [-67.76395506683669, 45.82998291309542], [-67.8036262475217, 45.78162443876776], [-67.80331315873097, 45.67788607140527], [-67.71046475199175, 45.67937194058879], [-67.67541703452355, 45.630958817767024], [-67.5349187959001, 45.59542811232177], [-67.45540662879732, 45.604664738418464], [-67.41741709562993, 45.50198518400298], [-67.4768544316796, 45.497240019802696], [-67.42724292360575, 45.37368990523248], [-67.48025639957888, 45.268185012363055], [-67.33986860423651, 45.12559430425399], [-67.27107570953069, 45.19108051291013], [-67.16124653948538, 45.16287915030718], [-66.94989481154697, 44.8174192998303], [-67.29340301380296, 44.599264770686894], [-67.36826860861504, 44.62467157136959], [-67.4485131483565, 44.60032157166973], [-67.52116766459207, 44.509909863215256], [-67.50320788731342, 44.47691810425983], [-67.57972586969132, 44.42913074895144], [-67.65312254297754, 44.525823082979144], [-67.79358930576828, 44.494779299065975], [-67.89957093813058, 44.394078119684174], [-67.93653042771643, 44.411187075931416], [-68.01399024982483, 44.39025500193872], [-68.04933451657512, 44.33073015545169], [-68.12562447047155, 44.3871267616067], [-68.18915443529916, 44.37383307324217], [-68.17360784553878, 44.32839697120391], [-68.22948963579137, 44.26691774099524], [-68.17433015591517, 44.2259078169829], [-68.30651852194019, 44.234828886031785], [-68.33103225782638, 44.10757981494016], [-68.50294170872041, 44.09972234099797], [-68.58410080653682, 44.07158891190199], [-68.61708465150775, 44.01009698301731], [-68.65703107855425, 44.00382316468342], [-68.66938311019098, 44.076359059887565], [-68.87413918442694, 44.02535949026802], [-68.93532646050147, 44.13038003502944], [-68.88859660694325, 44.15954962685542], [-68.95188997369377, 44.21871933347321], [-69.04019294422486, 44.23367294112166], [-69.07566709832648, 44.12999146201547], [-69.03187802325428, 44.07903601399317], [-69.07702856152595, 43.973653748219256], [-69.17497960148843, 43.97694890060798], [-69.32103104122965, 43.85670813874186], [-69.39328768691074, 43.95641968363122], [-69.50328987901173, 43.83767286827295], [-69.71707421449455, 43.79240278889793], [-69.83347046847398, 43.701280794626385], [-69.86215462768318, 43.758961980279835], [-69.91559266296873, 43.77511203600137], [-70.00127303448966, 43.71038804263138], [-70.07130384671466, 43.713772301817926], [-70.09603939152092, 43.67227613846781], [-70.16822668796819, 43.675135460004505], [-70.20612279479246, 43.5576264974338], [-70.36121412840362, 43.529190227661], [-70.38561521253887, 43.48703146863453], [-70.32730334229262, 43.45852155761813], [-70.41631135698455, 43.36105944753131], [-70.55385379010576, 43.32188637197265], [-70.59618562468873, 43.16346570870751], [-70.81729621952681, 42.872289743066624], [-70.77226693100039, 42.71106389337578], [-70.72982027166042, 42.669601824995084], [-70.60250632053729, 42.677702017881586], [-70.59401404126608, 42.63503032479791], [-70.65472681352945, 42.582233524078134], [-70.84849225309594, 42.550195335119874], [-70.83599080047678, 42.49049573767277], [-70.9131918535728, 42.42769726300991], [-70.98299378873776, 42.423995634662475], [-70.99783767409731, 42.32120496140504], [-70.96735073951348, 42.26816783264599], [-70.8812423848281, 42.30066293100491], [-70.73055942531235, 42.21093988542917], [-70.63848000729004, 42.081579002445494], [-70.6787983423486, 42.00551027196056], [-70.66247561368863, 41.96059153983459], [-70.54638604992756, 41.91675124725284], [-70.54102996975055, 41.81575392781714], [-70.44171840980744, 41.75289786941226], [-70.27228938612706, 41.72134593878699], [-70.02473374539682, 41.78736409303893], [-70.00611071608888, 41.85239562926468], [-70.06901023032911, 41.88492393813446], [-70.08377554288458, 42.01204108525299], [-70.19083387480738, 42.020028205851], [-70.24538473153808, 42.063732776101446], [-70.13894204369821, 42.09290675069511], [-70.04938217013566, 42.064688895116134], [-69.99413597761965, 41.9992579583828], [-69.93595184776241, 41.809421757876216], [-69.93112931778114, 41.622659278254204], [-69.96498215684936, 41.55111015242113], [-70.01122890035283, 41.54393122372405], [-70.00701093270565, 41.671578770260645], [-70.26968698071278, 41.61777511409488], [-70.32158808717446, 41.6305078903345], [-70.94843080299272, 41.409193099146634], [-70.93498607261762, 41.45469904181405], [-70.69819713115506, 41.55900224255039], [-70.69539164041807, 41.602545888109915], [-70.76546345752165, 41.64157527087421], [-70.82190996268791, 41.58284057947316], [-70.91016512751467, 41.577072942469286], [-70.9817077952723, 41.51007029190474], [-71.08566303222564, 41.5092915830401], [-71.19302043652677, 41.45793108518853], [-71.28563915177268, 41.48780485551357], [-71.31269398482105, 41.45140157653108], [-71.42865185009532, 41.454157637748295], [-71.48329511448458, 41.37172230098312], [-71.86277248789445, 41.309791053125295], [-71.83964906988132, 41.4121185625861], [-71.7976834134786, 41.416709389164986], [-71.80064980979506, 42.0235689903786], [-72.73549603217059, 42.03639916531713], [-72.77475952940921, 42.00212927805387]]], [[[-70.60355526496384, 41.482384090829804], [-70.46383293353391, 41.41914488828595], [-70.44826149745917, 41.353651276039606], [-70.69363476684414, 41.34283250008207], [-70.82128451374645, 41.25101413909067], [-70.83380245567737, 41.35338599854373], [-70.75779718918335, 41.36570175818933], [-70.60355526496384, 41.482384090829804]]], [[[-70.04905349528664, 41.39170184383227], [-69.98486907165334, 41.35881814549075], [-69.9601804052688, 41.26454621582462], [-70.0152249112023, 41.23796402133315], [-70.21147836332275, 41.24876507405626], [-70.27552655547503, 41.310463952971695], [-70.07913285327466, 41.31950367225089], [-70.04905349528664, 41.39170184383227]]], [[[-71.51921019469184, 41.149624257192414], [-71.63147140881578, 41.16667830504723], [-71.59334169886635, 41.23742758038694], [-71.54541024313073, 41.242730408455905], [-71.51921019469184, 41.149624257192414]]], [[[-68.88848249516022, 43.80378086961195], [-68.94443335856664, 43.83532571411541], [-68.87478354517229, 43.90471461429554], [-68.84900962736333, 43.84984110053727], [-68.88848249516022, 43.80378086961195]]]]}, "properties": {"scenario_id": "51_13_11_24_3", "bundle": "FI", "bundle_title": "FI only", "district_raw": "FI_04", "district": "FI_04", "wholesaler": "R0028", "mass": 380.59175825, "color": "#d958e4"}}, {"type": "Feature", "geometry": {"type": "Polygon", "coordinates": [[[-98.44253577091133, 26.199150599755754], [-98.65422054745478, 26.235960035916218], [-98.80734762143764, 26.36942132344958], [-98.89096452442656, 26.357569417952487], [-99.03231559319659, 26.412082165816564], [-99.08200214091887, 26.39651022888013], [-99.11085536387564, 26.42627814322389], [-99.09163521819336, 26.47697710074409], [-99.17140414286428, 26.549847871635944], [-99.26861266978483, 26.84321270449465], [-99.44697047018751, 27.026026375799162], [-99.44523837430165, 27.223341218110683], [-99.48793652895645, 27.294940858674497], [-99.52965385990386, 27.30605141427025], [-99.48752086639587, 27.41239597112711], [-99.53013776714053, 27.5802066625346], [-99.55681212889863, 27.614336278349196], [-99.7046012700976, 27.654953939696387], [-99.84473700121472, 27.77880875122164], [-99.93216052690792, 27.96770991026809], [-99.98492335434668, 27.990728627359868], [-100.07547439732564, 28.124881798211987], [-100.26760433860893, 28.25026875947953], [-100.39727003542501, 28.57563672552017], [-100.50035357227438, 28.661960090471545], [-100.53583029471687, 28.805888054964345], [-100.62720597576129, 28.903734240230804], [-100.67465553136104, 29.099777313006197], [-100.77264923181403, 29.16849182249457], [-100.79568092141498, 29.227730427881237], [-100.88684185669236, 29.30784785780871], [-100.99560675216742, 29.363403299001682], [-101.0601514408178, 29.458660805255747], [-101.13750340192173, 29.47354226312074], [-101.19271972498495, 29.520284951232856], [-101.25489540402913, 29.520342432453354], [-101.30553328997473, 29.57792464865786], [-101.3073316458309, 29.640716427643408], [-101.36719787394168, 29.66404060641539], [-101.40063551794113, 29.738078658600497], [-101.5615692867149, 29.794658115016276], [-101.65457814051823, 29.76516325915593], [-101.96616660051916, 29.807342822475672], [-102.11568179069766, 29.792390096710637], [-102.3013805287816, 29.877673631914064], [-102.34986117684824, 29.862316644014644], [-102.39290605747736, 29.765569191569398], [-102.51268680735262, 29.780302761835696], [-102.67719172475526, 29.738260874638566], [-102.80869159979595, 29.522319314399127], [-102.82456421803731, 29.3995584127125], [-102.89102227294177, 29.287112563907495], [-102.871347272496, 29.241625214565175], [-103.07635531177316, 29.085721743855085], [-103.12674833355939, 28.982123848662013], [-103.2811903668111, 28.982138051823306], [-103.52461252639112, 29.120997733198823], [-103.72474305884671, 29.191470415721653], [-103.78903369805936, 29.257501675410342], [-104.05559648667185, 29.330910140781153], [-104.22908143882297, 29.48105030869683], [-104.37117495018624, 29.543062667249924], [-104.5397605149002, 29.676073843341758], [-104.56568824989486, 29.77046240973948], [-104.67232680715293, 29.91111163945684], [-104.70278817740783, 30.211735895738133], [-104.8595209297387, 30.390413079177826], [-104.92479560130113, 30.604831993590096], [-104.97207128044968, 30.610259996150734], [-105.00123973604946, 30.672582680908526], [-105.06233424664507, 30.686303154040832], [-105.2186597767494, 30.801566575730373], [-105.3942415019949, 30.8529787454387], [-105.39960851456865, 30.88894063912705], [-105.55743043568769, 30.99022857337305], [-105.62734944742272, 31.098544647147236], [-105.7732566037582, 31.16689704967904], [-105.95394288331612, 31.364749070843246], [-106.1756752470532, 31.456278872461905], [-106.41794008667212, 31.752009174892482], [-106.48464201518902, 31.747808810054238], [-106.63587990787998, 31.871513682695298], [-106.61848633418309, 32.0004952075233], [-103.06442322835277, 32.00051844195038], [-103.04192413413236, 36.50043864993422], [-100.00040610680057, 36.499701840221306], [-100.00038062772903, 34.56050943985479], [-99.92933427662743, 34.576713936125955], [-99.69646191115399, 34.38103577424286], [-99.60002566500403, 34.37468812632253], [-99.58448047497907, 34.40767307333523], [-99.42043249930016, 34.380464129987445], [-99.39495627664549, 34.44209891423304], [-99.35040661245387, 34.43708275047862], [-99.21160022452659, 34.31396980592721], [-99.18951133282485, 34.214311898096156], [-98.94022006753842, 34.20368581216115], [-98.73723239687622, 34.130991584946834], [-98.64807351615414, 34.1644405994278], [-98.5771357563243, 34.148961774584656], [-98.4750659031499, 34.06426857762843], [-98.41442645017031, 34.08507428403823], [-98.36402250959901, 34.15710858526069], [-98.1691194797877, 34.11417086201042], [-98.12337740876973, 34.154539831320115], [-98.08283945529983, 34.00241177287174], [-97.9475723376537, 33.991053390731444], [-97.95121471238195, 33.878424409725525], [-97.86576488532735, 33.84939324202647], [-97.67177193780836, 33.991370315248396], [-97.60909130944842, 33.96809275782749], [-97.558270383496, 33.897098944613], [-97.4865051272699, 33.916993852644204], [-97.44419338278941, 33.823773459345524], [-97.37294062229466, 33.81945433039226], [-97.20614130874672, 33.91427965257526], [-97.16662871571732, 33.84731094405639], [-97.20565193483975, 33.8098239929314], [-97.14939370274054, 33.721966695592975], [-97.09107158560201, 33.73511506562574], [-97.05583808328376, 33.85574081274301], [-96.9855665998802, 33.88652211780482], [-96.95231261094247, 33.944582042475275], [-96.9052527955593, 33.947218632105326], [-96.85059253499867, 33.84721067927985], [-96.79427644276186, 33.86888561398708], [-96.71242175046062, 33.83163271859861], [-96.65989601675335, 33.91666565887241], [-96.59011164586497, 33.88066525357463], [-96.59292636853014, 33.830915772037905], [-96.52386256400565, 33.81811440776487], [-96.50228561747394, 33.773460075021006], [-96.43645458454363, 33.780050114235934], [-96.36313489723379, 33.69421527218008], [-96.27726868680016, 33.76973503423459], [-96.22902277324741, 33.74802143405515], [-96.15163011473642, 33.831946154917446], [-95.9353249193809, 33.87509884028944], [-95.82059611044167, 33.858464749192734], [-95.60365677051108, 33.9271946774087], [-95.55691520766251, 33.927019730922005], [-95.52532170624728, 33.88548678262099], [-95.35233849108214, 33.86778945202107], [-95.28344541738282, 33.87774613214715], [-95.22639265029669, 33.96195404283912], [-94.98165017393862, 33.85228407449102], [-94.84163442608956, 33.73943138262145], [-94.76614646962628, 33.748030591914436], [-94.71486487567118, 33.70726098021259], [-94.5728714683443, 33.66988589250735], [-94.52892825890395, 33.62183963502023], [-94.48587473991257, 33.63786705357462], [-94.38805187762763, 33.56551096202441], [-94.18339458518018, 33.59221192374846], [-94.04342744896259, 33.55142523881242], [-94.04183350803324, 31.99240224424856], [-93.90955665862296, 31.893144191616475], [-93.8533895799145, 31.805466975851832], [-93.80341853897639, 31.700686212675354], [-93.83492346442775, 31.586211154282392], [-93.72592554535184, 31.504091707200132], [-93.74947585936238, 31.468690001230765], [-93.66814592533338, 31.37510272379445], [-93.67543975346294, 31.301039731684803], [-93.61394215185494, 31.25937526613094], [-93.602443000675, 31.1825408971204], [-93.53509691296073, 31.185613918847338], [-93.53093642989657, 30.924534367648185], [-93.6299041155444, 30.679940185990503], [-93.72919482984715, 30.54484158425942], [-93.70266478318621, 30.429946567974824], [-93.74533322353757, 30.39702212556522], [-93.76032758462746, 30.329924350363875], [-93.70718998409022, 30.275513444846652], [-93.70393957693507, 30.05429097446955], [-93.92920814994291, 29.80295175901665], [-93.83797129498035, 29.69061880926965], [-94.05650624287259, 29.671162997215653], [-94.67038859638991, 29.430780362042043], [-94.73104680916374, 29.369140574704186], [-94.7225302901447, 29.331446411226885], [-95.02621857004307, 29.14806356115264], [-95.38238956648738, 28.866348369419853], [-96.32881744134002, 28.423658845724695], [-96.44284868644472, 28.317666020342916], [-96.79215763101361, 28.110496912149078], [-97.00332494780287, 27.90830663079568], [-97.29605668521911, 27.42717541250995], [-97.37869687799721, 27.06004429213691], [-97.3227500841718, 26.701746308929778], [-97.1969346969892, 26.305865189545244], [-97.15660802826915, 25.949021842054254], [-97.20694466620488, 25.96089887612601], [-97.33834566636575, 25.92312476735212], [-97.37286403029137, 25.84011662067495], [-97.4226360289543, 25.840377836811722], [-97.64401122885263, 26.006614437496935], [-97.79529120801821, 26.055217918538478], [-98.19704558302399, 26.05615302688213], [-98.44253577091133, 26.199150599755754]]]}, "properties": {"scenario_id": "51_13_11_24_3", "bundle": "FI", "bundle_title": "FI only", "district_raw": "FI_05", "district": "FI_05", "wholesaler": "R0029", "mass": 367.06184078, "color": "#af1d86"}}, {"type": "Feature", "geometry": {"type": "Polygon", "coordinates": [[[-74.76316771537363, 40.53711915226466], [-74.81012771727293, 40.60506495248574], [-75.07629777689301, 40.539234778838], [-75.13674738063489, 40.57573118331149], [-75.18673693482232, 40.5694059999954], [-75.17747737091939, 40.76422495974928], [-75.10850443875108, 40.7910941710919], [-75.06543783478428, 40.88568226589571], [-75.13308621458921, 40.980179467906034], [-74.9052560859958, 41.15566812883809], [-74.8157028348815, 41.29615083347029], [-74.69491443766863, 41.357423413192876], [-74.30199423850657, 41.17259421809141], [-74.23447284514897, 41.14288268116955], [-74.21161773088775, 41.132981499386425], [-74.04105369009689, 41.059088273573614], [-74.10605886509666, 41.087297371723565], [-73.98816358946219, 41.2666863242612], [-74.0454951161118, 41.35029092570089], [-73.84616758618859, 41.43013694996331], [-73.67352145681345, 41.391949998565295], [-73.54975067672402, 41.308060459770594], [-73.48731356664887, 42.049638182904566], [-72.84714174434698, 42.036893470873125], [-72.81007791609254, 41.998316161170386], [-72.73549603217059, 42.03639916531713], [-71.80064980979506, 42.0235689903786], [-71.7976834134786, 41.416709389164986], [-71.83964906988132, 41.4121185625861], [-71.86051261065705, 41.32024773124591], [-72.20142238739483, 41.315697320748725], [-72.3866295148187, 41.261797725003305], [-72.40592987642155, 41.27839760787444], [-72.54723451936333, 41.25049890204023], [-72.93564606928446, 41.25849707141934], [-73.10835254819084, 41.15371804738708], [-73.20265656455328, 41.158096013898366], [-73.26235734778817, 41.117496135790745], [-73.37229645729869, 41.104020343722745], [-73.3872274690442, 41.05824674440064], [-73.59569826134121, 41.015995268341335], [-73.75319169623991, 40.91424668826729], [-73.89927465550431, 40.97901629883336], [-74.04731237580978, 40.690466259610645], [-74.08680570116327, 40.65159581827149], [-74.2022472095269, 40.630902768440095], [-74.26061157513436, 40.502435992993156], [-74.26188864688802, 40.46470606913196], [-74.20618787423504, 40.44070742178354], [-74.0478841285427, 40.4189077869926], [-73.99794305515941, 40.47666829203776], [-73.97138072779707, 40.34800975483468], [-74.05084537115401, 40.03548886675775], [-74.15008983988777, 40.06428069515813], [-74.1474853345015, 40.1897096942497], [-74.2371637685907, 40.26826631842753], [-74.2760331056684, 40.275769715009794], [-74.42026167189921, 40.20215529741192], [-74.43709077887762, 40.257542108725296], [-74.35844490914884, 40.341375726969126], [-74.4621194906526, 40.40451420875008], [-74.60820023038141, 40.396066418975195], [-74.64109706519588, 40.44483215467393], [-74.77483711772408, 40.47815048532858], [-74.76316771537363, 40.53711915226466]]]}, "properties": {"scenario_id": "51_13_11_24_3", "bundle": "FI", "bundle_title": "FI only", "district_raw": "FI_06", "district": "FI_06", "wholesaler": "R0030", "mass": 407.85704188, "color": "#af631d"}}, {"type": "Feature", "geometry": {"type": "Polygon", "coordinates": [[[-79.7619509101818, 42.26986025337381], [-79.13856898708643, 42.56446213634513], [-79.04886065712068, 42.6891578646806], [-78.85135554374796, 42.79175787779895], [-78.90915929280924, 42.93325717176504], [-79.01996364988811, 42.99475587485216], [-79.00544983085263, 43.057231289914526], [-79.0744667561129, 43.07785487376065], [-79.04456642891695, 43.15325535176174], [-79.0704688706976, 43.26245416872906], [-78.54739556936694, 43.369541078045124], [-78.14519494676955, 43.37550962498731], [-77.76023090837083, 43.34116065205622], [-77.5510222116153, 43.23576298697161], [-77.34109162303007, 43.28066100190692], [-76.95217363542916, 43.27069209620073], [-76.76902481704805, 43.31845221382092], [-76.41758158823275, 43.52128486957028], [-76.2358332796742, 43.529256221796686], [-76.20347275707269, 43.57497749707231], [-76.22926818986748, 43.80413543814376], [-76.29675860431286, 43.857079096075445], [-76.44184845288031, 43.88286402271075], [-76.41213803673772, 43.92567623121464], [-76.27931418301807, 43.97246230173528], [-76.30767410603089, 44.025276631654705], [-76.37556015246305, 44.03153589444056], [-76.33458433523231, 44.16494462603718], [-76.16426518087911, 44.23960293174118], [-76.16183272833263, 44.28077705944043], [-75.94954054957044, 44.34912883250312], [-75.83412672503881, 44.42243279549275], [-75.76622987030316, 44.51585093621701], [-75.2555166836914, 44.85765054721569], [-74.9927560459247, 44.9774489175443], [-74.83466950470076, 45.01468304079443], [-74.74464064456957, 44.99057686689329], [-73.34312385278649, 45.01084021678223], [-73.33897926408761, 44.91768150036679], [-73.37982199839156, 44.857037377142], [-73.33443044121411, 44.80218802881612], [-73.3899657473054, 44.619620177060206], [-73.2936133020786, 44.44055941395282], [-73.33463678418602, 44.356877177366975], [-73.31661864149591, 44.257768983297865], [-73.39539885564884, 44.16690343242693], [-73.43688017274476, 44.042577715148184], [-73.35070736618071, 43.77046337592979], [-73.42497652433325, 43.598775009854], [-73.39576667825925, 43.568086507240444], [-73.32770181229813, 43.625913131645895], [-73.24204159166068, 43.53492501886875], [-73.29094367668979, 42.801919693134295], [-73.26495735078299, 42.74593966973731], [-73.50814185591678, 42.086257083679634], [-73.54975067672402, 41.308060459770594], [-73.67352145681345, 41.391949998565295], [-73.84616758618859, 41.43013694996331], [-73.9619975346387, 41.390517375100444], [-74.0454951161118, 41.35029092570089], [-73.98816358946219, 41.2666863242612], [-74.10605886509666, 41.087297371723565], [-74.69491443766863, 41.357423413192876], [-74.73489271058504, 41.425818050145516], [-74.98246314765792, 41.49646737728779], [-75.04387942625941, 41.57509390543952], [-75.07441221503683, 41.80219077974704], [-75.11336928332663, 41.840697650656566], [-75.2630053790805, 41.885108873289184], [-75.34112512577602, 41.99277164764067], [-77.83202954648144, 41.99852393302739], [-79.76131345883029, 41.99880767899212], [-79.7619509101818, 42.26986025337381]]]}, "properties": {"scenario_id": "51_13_11_24_3", "bundle": "FI", "bundle_title": "FI only", "district_raw": "FI_07", "district": "FI_07", "wholesaler": "R0031", "mass": 350.63950257, "color": "#1d9eaf"}}, {"type": "Feature", "geometry": {"type": "MultiPolygon", "coordinates": [[[[-74.2022472095269, 40.630902768440095], [-74.08680570116327, 40.65159581827149], [-74.04731237580978, 40.690466259610645], [-73.89927465550431, 40.97901629883336], [-73.77714607351845, 40.932632805886314], [-73.7662757339558, 40.88109913583443], [-73.71367355497694, 40.87009922195078], [-73.39286151504407, 40.955296781314765], [-73.22928521661859, 40.905121025044934], [-73.11036829210717, 40.97193790163628], [-72.85983108396776, 40.96608837375163], [-72.58532662631829, 40.99758665713555], [-72.35412257854067, 41.1399523269544], [-72.18916338579879, 41.19354946430061], [-72.28309335742273, 41.067873796843145], [-72.21747613333717, 41.04061136432596], [-72.16289844212402, 41.05318700998249], [-72.1267043660308, 41.115138855533786], [-72.08420691927316, 41.10152414343373], [-72.09571121262955, 41.05402018428929], [-72.05192787373915, 41.020506228728735], [-71.95959505434388, 41.071236639386], [-71.8562135764123, 41.070597929342185], [-71.93697734919071, 41.00613708099074], [-73.20843995602999, 40.630883537690835], [-73.77492767522564, 40.59075879266046], [-73.94059041000976, 40.54289600507606], [-74.05731536407825, 40.59754611592308], [-74.11258448406929, 40.547603186248054], [-74.26061157513436, 40.502435992993156], [-74.2022472095269, 40.630902768440095]]], [[[-71.91728164199426, 41.25133285408292], [-72.03475373849359, 41.23481812125082], [-72.01892618181365, 41.274113866004136], [-71.92680212037234, 41.2901223596181], [-71.91728164199426, 41.25133285408292]]]]}, "properties": {"scenario_id": "51_13_11_24_3", "bundle": "FI", "bundle_title": "FI only", "district_raw": "FI_08", "district": "FI_08", "wholesaler": "R0032", "mass": 390.81585474, "color": "#1d57af"}}, {"type": "Feature", "geometry": {"type": "Polygon", "coordinates": [[[-97.95190639755785, 33.89122595554603], [-97.9475723376537, 33.991053390731444], [-98.08283945529983, 34.00241177287174], [-98.12337740876973, 34.154539831320115], [-98.1691194797877, 34.11417086201042], [-98.36402250959901, 34.15710858526069], [-98.41442645017031, 34.08507428403823], [-98.4750659031499, 34.06426857762843], [-98.5771357563243, 34.148961774584656], [-98.64807351615414, 34.1644405994278], [-98.73723239687622, 34.130991584946834], [-98.94022006753842, 34.20368581216115], [-99.18951133282485, 34.214311898096156], [-99.21160022452659, 34.31396980592721], [-99.35040661245387, 34.43708275047862], [-99.39495627664549, 34.44209891423304], [-99.42043249930016, 34.380464129987445], [-99.58448047497907, 34.40767307333523], [-99.60002566500403, 34.37468812632253], [-99.69646191115399, 34.38103577424286], [-99.92933427662743, 34.576713936125955], [-100.00038062772903, 34.56050943985479], [-100.00040610680057, 36.499701840221306], [-103.00243359171037, 36.500397180949044], [-103.00219896807396, 37.000104008239], [-102.0422400726963, 36.99308263685467], [-102.0517436036864, 40.00307821493882], [-98.72637256143332, 40.00233593732564], [-95.30828997730872, 39.99999821628843], [-95.41473383003273, 40.06982028624232], [-95.39421624462936, 40.10826282960768], [-95.48101969670167, 40.18852391433088], [-95.4725480255246, 40.23607823256503], [-95.65372864041075, 40.32258216410822], [-95.64941828811469, 40.39614890310167], [-95.71429125529163, 40.527207787347955], [-95.75710994864976, 40.52599030042615], [-95.76564470345129, 40.5852084025767], [-94.09108444270483, 40.57289713240715], [-91.72911558040953, 40.61363964975111], [-91.49809254314154, 40.40192622356849], [-91.4194218659599, 40.37826434210245], [-91.46965549975893, 40.32240888697949], [-91.51195629537055, 40.17044091493241], [-91.43605099782867, 39.84551034500609], [-91.36157051915804, 39.78754773604115], [-91.36775342025378, 39.729028812857045], [-91.14827462989312, 39.545797689608676], [-91.10030724027999, 39.5386951644967], [-91.03827004207095, 39.448436253257185], [-90.95040412315598, 39.4069442337136], [-91.20045120252455, 39.27039528953385], [-91.0468474028298, 38.98615991374384], [-90.82399317355758, 38.8701897300339], [-90.6607680076576, 38.931987038057436], [-90.61758578507148, 38.89130188830057], [-90.68961114401526, 38.8036392063402], [-90.65700154892978, 38.757206114442376], [-90.86525655091954, 38.61791766379632], [-90.8278017728792, 38.54071475576058], [-90.64585207819742, 38.56585049650867], [-90.5369020109361, 38.49351684376206], [-90.4608244596913, 38.536736891168616], [-90.42099280274712, 38.504858907524856], [-90.26684591667507, 38.50576848919258], [-90.37251954474283, 38.32335389698452], [-90.3223535767972, 38.18159273532448], [-90.00835311280507, 37.97017901810449], [-89.95490959928382, 37.96664701027012], [-89.97422088841587, 37.91921726921453], [-89.92318503742462, 37.870671662622854], [-89.85104838427556, 37.90398027504511], [-89.6965595219513, 37.814336685779544], [-89.66799257789854, 37.75948408026967], [-89.52194828056402, 37.696475169521186], [-89.51240029326048, 37.529810340053345], [-89.42594021363183, 37.40747100918337], [-89.42818525665513, 37.35615790286679], [-89.51703205493355, 37.281920311668166], [-89.47052524296278, 37.253356974332235], [-89.35945606074418, 37.04260606616208], [-89.09884273023341, 36.95785009665361], [-89.1569902984352, 36.75596759080017], [-89.2025112919953, 36.716618140056255], [-89.16548835374421, 36.66242584252419], [-89.22731913950464, 36.569374693514725], [-89.32465812307478, 36.624032330196925], [-89.37869370638718, 36.62229221368357], [-89.40790657843246, 36.562344794092944], [-89.5444338949787, 36.574510005617256], [-89.57148056659055, 36.53808702172728], [-89.51038007351076, 36.37835568417968], [-89.52269479335521, 36.34478940973205], [-89.60054416473399, 36.342984814968105], [-89.6118193191109, 36.30908772150919], [-89.55428867229665, 36.27775091234956], [-89.60237397291968, 36.23810601572362], [-89.6780461489098, 36.24828424206183], [-89.69262993734046, 36.22495907808757], [-89.59210230177894, 36.13563723475368], [-89.68002857785368, 36.08249356191859], [-89.69243687594069, 36.02050742220106], [-89.7330951871491, 36.00060817057157], [-89.64726993839155, 35.89491974898849], [-89.72263361789793, 35.8737178421331], [-89.72342555119485, 35.809382265514905], [-89.86387408717223, 35.74759199450128], [-89.91549045872449, 35.75491712041382], [-89.95658909004227, 35.695486139334406], [-89.87654764759381, 35.626652811849766], [-89.9325000758837, 35.607864626172095], [-89.95849811544763, 35.54170293977132], [-90.03761469546895, 35.5503286283097], [-90.02206364360475, 35.45737479493341], [-90.04530575259398, 35.41543473936029], [-90.11250352367772, 35.41015283038876], [-90.08790354844979, 35.36326999834372], [-90.16659429352659, 35.27458837845726], [-90.097946911511, 35.24998341196143], [-90.09060948233306, 35.11828677598148], [-90.16005758148432, 35.1288297112714], [-90.19714563641898, 35.050731005715356], [-90.3006969949641, 35.028793323317345], [-90.25009460406322, 34.90731986171606], [-90.40163299468605, 34.835305162452336], [-90.46379504572509, 34.83492263862255], [-90.58722346676821, 34.615732310452685], [-90.54924349718131, 34.56810120366948], [-90.57533623453008, 34.4151524418058], [-90.64139802371048, 34.383868589487925], [-90.66040445130503, 34.3357603499632], [-90.72913106169717, 34.36420582296232], [-90.76517373182931, 34.342818337372066], [-90.75268101141778, 34.28926607067426], [-90.89456030019353, 34.22438016243488], [-90.88270094655823, 34.184363822822995], [-90.946323218961, 34.10937361284637], [-90.87454068337425, 34.0720410225697], [-90.89242016826279, 34.026860467727225], [-91.08869628438424, 33.96133398298237], [-91.03596095109683, 33.943758007379046], [-91.02638232364006, 33.90798010416552], [-91.06124694044928, 33.87750486617123], [-91.0267817269463, 33.76364194975693], [-91.11149371554802, 33.774567984868746], [-91.14328734066072, 33.74714090809744], [-91.07538951481594, 33.714402790038264], [-91.10098010011184, 33.660551010476986], [-91.17831141492154, 33.651109408427004], [-91.13090160144723, 33.61091890215163], [-91.21567053681275, 33.529422964079636], [-91.11376437820809, 33.39312403229535], [-91.14221910484856, 33.348988777713764], [-91.1255391979335, 33.28025512946333], [-91.08613720784525, 33.27365164300638], [-91.06870841496747, 33.23293638701876], [-91.10431699942606, 33.131598133477596], [-91.15301537383239, 33.13509282526881], [-91.1808362165845, 33.09836366385187], [-91.12037872438229, 33.054529821421944], [-91.16607269707741, 33.00410583181775], [-94.04296393842874, 33.019218863922774], [-94.04342744896259, 33.55142523881242], [-94.18339458518018, 33.59221192374846], [-94.38805187762763, 33.56551096202441], [-94.48587473991257, 33.63786705357462], [-94.52892825890395, 33.62183963502023], [-94.5728714683443, 33.66988589250735], [-94.71486487567118, 33.70726098021259], [-94.76614646962628, 33.748030591914436], [-94.84163442608956, 33.73943138262145], [-94.98165017393862, 33.85228407449102], [-95.22639265029669, 33.96195404283912], [-95.28344541738282, 33.87774613214715], [-95.35233849108214, 33.86778945202107], [-95.52532170624728, 33.88548678262099], [-95.55691520766251, 33.927019730922005], [-95.60365677051108, 33.9271946774087], [-95.82059611044167, 33.858464749192734], [-95.9353249193809, 33.87509884028944], [-96.15163011473642, 33.831946154917446], [-96.22902277324741, 33.74802143405515], [-96.27726868680016, 33.76973503423459], [-96.36313489723379, 33.69421527218008], [-96.43645458454363, 33.780050114235934], [-96.50228561747394, 33.773460075021006], [-96.52386256400565, 33.81811440776487], [-96.59292636853014, 33.830915772037905], [-96.59011164586497, 33.88066525357463], [-96.65989601675335, 33.91666565887241], [-96.71242175046062, 33.83163271859861], [-96.79427644276186, 33.86888561398708], [-96.85059253499867, 33.84721067927985], [-96.9052527955593, 33.947218632105326], [-96.95231261094247, 33.944582042475275], [-96.9855665998802, 33.88652211780482], [-97.05583808328376, 33.85574081274301], [-97.09107158560201, 33.73511506562574], [-97.14939370274054, 33.721966695592975], [-97.20565193483975, 33.8098239929314], [-97.16662871571732, 33.84731094405639], [-97.20614130874672, 33.91427965257526], [-97.37294062229466, 33.81945433039226], [-97.44419338278941, 33.823773459345524], [-97.4865051272699, 33.916993852644204], [-97.558270383496, 33.897098944613], [-97.60909130944842, 33.96809275782749], [-97.67177193780836, 33.991370315248396], [-97.86576488532735, 33.84939324202647], [-97.95190639755785, 33.89122595554603]]]}, "properties": {"scenario_id": "51_13_11_24_3", "bundle": "FI", "bundle_title": "FI only", "district_raw": "FI_09", "district": "FI_09", "wholesaler": "R0033", "mass": 328.20378543, "color": "#1daf7b"}}, {"type": "Feature", "geometry": {"type": "MultiPolygon", "coordinates": [[[[-79.48687339054297, 39.205960853186546], [-79.47666239989555, 39.72107853105007], [-75.77378578071777, 39.7222002439869], [-75.6628462240136, 39.821425284438185], [-75.57043334668289, 39.83918550304972], [-75.41506217400892, 39.80191933271169], [-75.13341980156689, 39.896212684006734], [-75.11922030492632, 39.965412238993544], [-74.7216036942008, 40.15381036734157], [-74.9695974785706, 40.39977000530614], [-75.05610220907924, 40.41606594478387], [-75.07056829083297, 40.455165140306576], [-75.07629777689301, 40.539234778838], [-74.81012771727293, 40.60506495248574], [-74.76316771537363, 40.53711915226466], [-74.7689381000327, 40.47454670928192], [-74.64109706519588, 40.44483215467393], [-74.60820023038141, 40.396066418975195], [-74.4621194906526, 40.40451420875008], [-74.35844490914884, 40.341375726969126], [-74.43709077887762, 40.257542108725296], [-74.42026167189921, 40.20215529741192], [-74.2760331056684, 40.275769715009794], [-74.2371637685907, 40.26826631842753], [-74.1474853345015, 40.1897096942497], [-74.15008983988777, 40.06428069515813], [-74.05084537115401, 40.03548886675775], [-74.10144300930104, 39.756173466536275], [-74.30434320277604, 39.47144463264586], [-74.41269150843539, 39.36081604987091], [-74.64659543183062, 39.212001883202994], [-74.70587632508132, 39.10293752175462], [-74.86445731326582, 38.94041023587421], [-74.96727406197596, 38.93341266546762], [-74.88591365785493, 39.1436272157999], [-74.90518074165158, 39.17494477772981], [-75.04848724739, 39.2152217322966], [-75.13666731066407, 39.18188351326557], [-75.24435712233158, 39.285700327981125], [-75.53643060589812, 39.460558745749665], [-75.52808765644545, 39.49811416402806], [-75.59306809066025, 39.4791855759145], [-75.40837586754806, 39.26469751473069], [-75.39627695396132, 39.05788359443711], [-75.34089056981436, 39.01995979531853], [-75.30407737162986, 38.913160243587875], [-75.15902152135267, 38.790192833172924], [-75.08947335163417, 38.797198238542606], [-75.04893871003047, 38.4512628352078], [-75.24226597356196, 38.027209327147894], [-75.62434120048356, 37.994211013769636], [-75.6697114067337, 37.95079621462334], [-75.78381523166439, 37.9725944255645], [-75.86072701669225, 37.91830969976422], [-75.89268591451182, 37.916847546322764], [-75.89895571989977, 37.97451419406228], [-75.86380979741861, 38.10096822472856], [-75.93708942257557, 38.12420907933211], [-75.94237510669713, 38.187066190044284], [-75.86410427407685, 38.20085822989242], [-75.8885130205316, 38.241422620069734], [-76.03893475186896, 38.25493165975872], [-76.00590463865716, 38.0771697886209], [-76.04869152839538, 38.086727725439616], [-76.0955483460383, 38.12512324508685], [-76.08863928194673, 38.19264911042513], [-76.25766688167641, 38.324854666043144], [-76.25000028535281, 38.362303881900694], [-76.33636038618762, 38.49223544291919], [-76.2774614296354, 38.54185094227041], [-76.27958912572025, 38.60952021730908], [-76.16543506281103, 38.61020039744421], [-76.17515943465695, 38.67323622134572], [-76.23872435359316, 38.7128452210276], [-76.34799838616996, 38.686233826368905], [-76.3405431159563, 38.73033803020401], [-76.3903494781629, 38.75700391138224], [-76.27157504135565, 38.851770864356965], [-76.21932786479233, 38.81237121471742], [-76.19108996647701, 38.829660296821], [-76.20363823970017, 38.92838244099844], [-76.31794656051723, 38.911312278975934], [-76.33401879617959, 38.86023826235695], [-76.37620204111049, 38.85046056706123], [-76.361727306789, 38.939175069947815], [-76.30184744174733, 39.03965145137312], [-76.23176519435324, 39.01851788077694], [-76.23345709800597, 39.0913848039094], [-76.27852655504195, 39.14576434339261], [-76.1596736910111, 39.33590870126149], [-76.00687941689668, 39.41452700409982], [-76.01231159991957, 39.4531153535977], [-76.14637309551593, 39.40530982822887], [-76.42528059322088, 39.20570794073062], [-76.49838433396971, 39.20480803211612], [-76.52578470854063, 39.17790758796487], [-76.42868087089536, 39.13170875126327], [-76.39408033405422, 39.01131153550309], [-76.47128120929179, 38.95651215291523], [-76.45027987664413, 38.941113242686264], [-76.5169442758978, 38.851157267885846], [-76.48987799474082, 38.83871498589612], [-76.55874328129738, 38.75635190662618], [-76.52665465261991, 38.724430299438254], [-76.49269859868856, 38.48284934140304], [-76.3933783186243, 38.38947665834683], [-76.39266813886674, 38.239662605980364], [-76.32013540718533, 38.13833904812646], [-76.32209352153643, 38.03650288022015], [-76.43042500469201, 38.119383428030446], [-76.54038013872366, 38.15299147086453], [-76.59063727104711, 38.21421199810447], [-76.8642916023529, 38.26894483814521], [-76.97549227226155, 38.34732720352459], [-77.01637143183899, 38.44557226781543], [-77.21118772739976, 38.38066200708609], [-77.25996226942975, 38.435820629830545], [-77.24658433043453, 38.53834098697425], [-77.12908383183691, 38.61436408740808], [-77.13250118314113, 38.67381570247657], [-77.05319920040598, 38.70991525653265], [-77.0390986953705, 38.86811156596816], [-77.09020027387977, 38.904211103638524], [-77.11975938991091, 38.93434277287224], [-77.14660080202216, 38.96420956436143], [-77.2498031670971, 38.98590942381984], [-77.24840308930834, 39.02690920941772], [-77.46261687468315, 39.07624760110678], [-77.51992940646414, 39.12092519090149], [-77.45988339516012, 39.218682117499185], [-77.58823487595981, 39.30195499046096], [-77.71951901446813, 39.321314053071596], [-77.82981406913586, 39.58728756266952], [-78.0067343757108, 39.60133747471549], [-78.08226006752601, 39.671166400478576], [-78.38295954154523, 39.62224584672735], [-78.46095145580081, 39.52598730621008], [-78.59065449556886, 39.53019222564147], [-78.7070977891237, 39.55585685567669], [-78.77113963274374, 39.638386643093895], [-78.95675131008447, 39.44026391526239], [-79.09132899943762, 39.4724069952237], [-79.28372257473222, 39.30963983295165], [-79.48687339054297, 39.205960853186546]]], [[[-76.04653033887051, 37.95358596514434], [-76.04621290947794, 38.02553343016463], [-76.00733664258783, 38.03670549013149], [-75.98464818680262, 37.93812082477547], [-76.04653033887051, 37.95358596514434]]]]}, "properties": {"scenario_id": "51_13_11_24_3", "bundle": "FI", "bundle_title": "FI only", "district_raw": "FI_10", "district": "FI_10", "wholesaler": "R0034", "mass": 328.3068332, "color": "#921daf"}}, {"type": "Feature", "geometry": {"type": "MultiPolygon", "coordinates": [[[[-86.04509776242153, 41.75963444391349], [-86.82482776647603, 41.76024002640987], [-86.59789909954708, 41.918290956398806], [-86.35621824463665, 42.25416583847996], [-86.24064245881844, 42.54000034237233], [-86.20830867979933, 42.76278935308014], [-86.22630528249219, 42.98828435473577], [-86.54078712864253, 43.644592845482876], [-86.43119776017183, 43.84072041126073], [-86.51470232709697, 44.0581194584778], [-86.42987037928475, 44.11978197722411], [-86.26871029295243, 44.345324425632924], [-86.22069668445212, 44.566741873193614], [-86.24847435836799, 44.699045635261456], [-86.08918564955962, 44.74149607462906], [-86.05886204066493, 44.91101210645416], [-85.98021943632779, 44.90613560287081], [-85.93159990154794, 44.96878808677465], [-85.85430447564579, 44.93814691441158], [-85.78043939703608, 44.97793231063051], [-85.63312412159856, 45.17089885341776], [-85.55107133446472, 45.210742172823814], [-85.56612970801591, 45.043632830849646], [-85.52003387232769, 44.973995530695674], [-85.38065857532946, 45.0463193309163], [-85.37159314780384, 45.27083402101129], [-85.19670387631601, 45.36064140499278], [-84.95911954544462, 45.37597334053165], [-84.91295666203143, 45.409775807017915], [-85.04093622962833, 45.436700743213834], [-85.10925137692271, 45.52162626389477], [-85.1197367978164, 45.569025746978376], [-85.06148744325041, 45.63950521239066], [-84.97095064763151, 45.6863338868749], [-85.01450888568301, 45.76032899185904], [-84.71890371612896, 45.77759929103636], [-84.46168020673308, 45.65240447860382], [-84.32953653330883, 45.66438032532382], [-84.1960423771648, 45.6214561490556], [-84.09590485912797, 45.49729783099133], [-83.90947184260587, 45.48578388040971], [-83.84154320560265, 45.435287056820776], [-83.59927260730845, 45.352560981330015], [-83.48882567909781, 45.3558719230802], [-83.38510380669024, 45.274195020862415], [-83.40591360944066, 45.22715649441501], [-83.31592392226833, 45.13999209107235], [-83.26589534668133, 45.02684425521631], [-83.39925543467362, 45.07036370293086], [-83.44205156248472, 45.05105622512747], [-83.43885606025846, 44.94084318279593], [-83.32050315294227, 44.88057087483887], [-83.27683622322938, 44.689354148001115], [-83.33698833613518, 44.33291931704107], [-83.44273097910883, 44.26536120646545], [-83.52481734974407, 44.2615583345674], [-83.5840899570601, 44.05674770527592], [-83.67965464394939, 44.036364808211715], [-83.69321368593236, 43.988769836822584], [-83.86940579209238, 43.960719345337885], [-83.94773999205661, 43.73516507955761], [-83.90947871692536, 43.67262228519692], [-83.81789385578891, 43.67378859404933], [-83.68335142371664, 43.59058378439096], [-83.51234027875881, 43.73372597673943], [-83.4071458178555, 43.91980719829033], [-83.28231049761402, 43.93803093983682], [-83.26153055800204, 43.97352485599433], [-83.04657708448306, 44.01571021325435], [-82.92888343823533, 44.069388850094136], [-82.79320470641284, 44.02324658212849], [-82.63364140157293, 43.83122406537299], [-82.52308628637527, 43.22536096460317], [-82.415936608166, 43.005554599876724], [-82.50993520707576, 42.637294279362514], [-82.5839959282184, 42.554041008556744], [-82.67905887097828, 42.52221030940113], [-82.7063714181508, 42.62110736342435], [-82.63970140052496, 42.66123344046994], [-82.70788466580576, 42.67549656671729], [-82.80102239255949, 42.62954465500759], [-82.7559263756109, 42.564415124148894], [-82.85931589045123, 42.54193484399574], [-82.92397017002754, 42.352068105257025], [-83.09652148445448, 42.29013841303464], [-83.1335105946829, 42.08814308404467], [-83.44166822468182, 41.80864573519202], [-83.42407645155616, 41.740738326958805], [-83.45383263638479, 41.732646726376345], [-83.40953101569207, 41.691246946339426], [-83.32682440130489, 41.701562319685856], [-83.06659304000675, 41.59534019223659], [-82.9343691145122, 41.51435333520062], [-82.83410045721648, 41.58758710980774], [-82.71787833547134, 41.54193024759705], [-82.61695208318541, 41.42842525087306], [-82.53320788146036, 41.391157246990566], [-82.46059963364408, 41.386315920455296], [-81.99456535784957, 41.51443990552318], [-81.83450361036176, 41.494868389064614], [-81.82490709525756, 41.45822341573245], [-81.96500495529736, 41.42540959401015], [-81.94942722775976, 41.316151735436115], [-82.06755592793952, 41.32877038654175], [-82.19117225235051, 41.26713856341494], [-82.29216679430743, 41.143598239315025], [-82.44946237216597, 41.286459895878565], [-82.69955764822797, 41.29824848234872], [-82.75688839600868, 40.99108506865254], [-82.92457682155538, 40.938947356356685], [-83.1263707327127, 41.06553427218656], [-83.28858595603856, 41.10957253199721], [-83.66671674320426, 40.74947029722345], [-83.65140426406731, 40.64524105524135], [-83.73978766747298, 40.51509460803004], [-84.0053071924813, 40.60381589986357], [-84.11421457888635, 40.71127836809762], [-84.36343614167798, 40.63402692690848], [-84.29153933431408, 40.54064225050948], [-84.2855718114109, 40.36008035900672], [-84.47470854646757, 40.25828757572932], [-84.6409838865858, 40.32838173567743], [-84.80435899965812, 40.34000578259955], [-84.80304611220593, 41.052641788470616], [-85.02712429314205, 41.17160677599088], [-85.03331529371707, 41.26437192071606], [-85.21095310284457, 41.32321992513359], [-85.07045651456473, 41.50031503631587], [-85.18772509687624, 41.58339323718392], [-85.55800602600294, 41.471584373352506], [-85.6038618445741, 41.759395366541824], [-85.29217934579381, 41.75975525099078], [-85.79133492623453, 41.759051243913575], [-86.02321250731706, 41.68000052693914], [-86.0578758086402, 41.69887042280563], [-86.04509776242153, 41.75963444391349]]], [[[-86.54142958452522, 45.70810988691797], [-86.63689450496777, 45.542052816943965], [-86.71232785204577, 45.610939154001315], [-86.70518338595959, 45.69090115709758], [-86.64731889801176, 45.73261789370925], [-86.77327922825307, 45.81138483016117], [-86.83874667514512, 45.72230682797865], [-86.964274502225, 45.672761052471145], [-87.07044210871423, 45.718778571413], [-87.17224116186883, 45.66178761047001], [-87.54896415088609, 45.191591004899564], [-87.59020849248586, 45.09526374614294], [-87.64819047558254, 45.10636825981793], [-87.74180469592544, 45.197051292197294], [-87.65734870387878, 45.36875224176236], [-87.70676763433019, 45.38382704870845], [-87.75092747945126, 45.35503650078444], [-87.86348863566866, 45.353019899935056], [-87.77767115670852, 45.60920446988628], [-87.8246762639152, 45.65321115749372], [-87.78100720264497, 45.67393357880219], [-87.87981154914726, 45.75484307889239], [-88.10551865499909, 45.798838854455006], [-88.13506659875544, 45.821694299521425], [-88.07394375731339, 45.87559259868184], [-88.11534633047143, 45.922210975736846], [-88.52667292405248, 46.020821965336644], [-88.65775973674153, 45.98928734671639], [-88.73999356049391, 46.02730765420115], [-88.81194784398475, 46.02160938605291], [-89.09163023230103, 46.13850544427476], [-90.12048935798823, 46.33685196098427], [-90.21486591060406, 46.49994696065461], [-90.33188750865932, 46.553278298121], [-90.38722829985508, 46.533662686493045], [-90.41813611929614, 46.56609402657125], [-90.04541944756474, 46.66827222048586], [-89.83195604083893, 46.80405304107887], [-89.4151545318706, 46.843983087458476], [-89.22791373923417, 46.91295416286419], [-89.1425949472427, 46.98485905469711], [-88.95940944385922, 47.008496324864865], [-88.8891398704454, 47.10057498551998], [-88.58491197195912, 47.24236071542018], [-88.41867271176694, 47.37118792262875], [-88.21782190316226, 47.448737864748026], [-87.80118416891263, 47.47330072790907], [-87.59149838979017, 47.42411287013374], [-87.6047037475047, 47.38862518613719], [-87.94161358303637, 47.39007282273837], [-87.9433595968016, 47.335899252302866], [-88.194217519241, 47.20924211775264], [-88.2398953823274, 47.13943638401071], [-88.34005233809651, 47.08049431407403], [-88.47793453826391, 46.850559608704934], [-88.1436886338348, 46.96666476012998], [-88.06519171317093, 46.91856276457471], [-87.90033914948805, 46.90968615713781], [-87.5953072491862, 46.782949959668365], [-87.50302512700183, 46.64749698343797], [-87.38164949836741, 46.58005925883515], [-87.36676766412484, 46.50730270692738], [-87.17506495763729, 46.49754828725606], [-86.97695861855841, 46.52658109244618], [-86.90374162094713, 46.466138318933176], [-86.81096651688564, 46.44966261248893], [-86.69564532170052, 46.555026427462245], [-86.55773139947192, 46.487434008842946], [-86.13829555571148, 46.67293465014456], [-85.4820958344354, 46.680432409666736], [-85.25686040757569, 46.75338035153375], [-84.96465186214876, 46.77284487275463], [-85.02829043773089, 46.67512470455184], [-85.02737398656478, 46.55375639217163], [-84.9694646134141, 46.47628977257739], [-84.84976674054252, 46.460244848481985], [-84.67842311634786, 46.487694133518346], [-84.49340112764055, 46.440312754110636], [-84.42027457562774, 46.50107691928588], [-84.29301649245285, 46.4928026303757], [-84.19372929012466, 46.53992007586674], [-84.11792483221338, 46.51761886747407], [-84.11494130632082, 46.17411428640721], [-83.88230314596586, 46.04206525603631], [-83.81582665115036, 46.10852867529433], [-83.59861223533098, 46.09008513595508], [-83.48063961733465, 45.996163882405114], [-83.52634683056489, 45.91863634660001], [-83.58305241145084, 45.915918911564674], [-83.65765968080333, 45.945463406904125], [-84.0800707296356, 45.97082174894627], [-84.37642891321342, 45.931961944588856], [-84.48043578450326, 45.977763802654266], [-84.73400148926915, 45.90702628726825], [-84.70638271135591, 45.848658137180884], [-84.79276296909433, 45.85869084646058], [-85.0035977012321, 46.0061297910409], [-85.1520273464963, 46.05072463843976], [-85.54085835517402, 46.079581331452594], [-85.69720235282495, 45.96015820836653], [-85.81044258305128, 45.98008667598026], [-85.91376942891506, 45.91943939009627], [-86.07206688527845, 45.965312644977985], [-86.2780071535236, 45.942057152564374], [-86.34913366377572, 45.83415961598295], [-86.54142958452522, 45.70810988691797]]], [[[-88.89898582168158, 47.90068499578925], [-89.15773761924606, 47.82401474874618], [-89.25520172110014, 47.87610154956995], [-89.17915385833753, 47.93502976364081], [-88.42516194454414, 48.21065030737269], [-88.42737274320412, 48.16676359801457], [-88.55044065665943, 48.102110786312814], [-88.57917221643126, 48.040757841143005], [-88.85292315406448, 47.965322357857886], [-88.89898582168158, 47.90068499578925]]], [[[-85.62274095148561, 45.58602796896238], [-85.7018096294208, 45.73612879089269], [-85.52444834726835, 45.829794352660926], [-85.36095156395665, 45.81755411069417], [-85.50927554482627, 45.59647477826804], [-85.56163357569403, 45.572212734807565], [-85.62274095148561, 45.58602796896238]]], [[[-84.61622030493557, 45.89447023891858], [-84.35601999535227, 45.771895344148135], [-84.39403857031193, 45.727623114231676], [-84.48412798109975, 45.73071005214413], [-84.58757139386859, 45.80670002674171], [-84.650783503317, 45.85920999675958], [-84.61622030493557, 45.89447023891858]]], [[[-85.95402148851777, 45.11928147912906], [-85.97688303358534, 45.06265964012809], [-86.08148734159971, 44.990095644035364], [-86.15482449331728, 45.002393766460244], [-86.04443058528886, 45.15958163658383], [-85.95402148851777, 45.11928147912906]]], [[[-82.8257199861631, 41.722809674018954], [-82.78271920761034, 41.69400291101654], [-82.78887664355872, 41.64304689251669], [-82.84209852036305, 41.62832325470956], [-82.86334161150992, 41.693692640706416], [-82.8257199861631, 41.722809674018954]]]]}, "properties": {"scenario_id": "51_13_11_24_3", "bundle": "FI", "bundle_title": "FI only", "district_raw": "FI_11", "district": "FI_11", "wholesaler": "R0035", "mass": 299.52366922, "color": "#28af1d"}}, {"type": "Feature", "geometry": {"type": "Polygon", "coordinates": [[[-80.5193417446976, 39.721403179863415], [-80.51942452061814, 41.97752312910773], [-80.15408432322353, 42.11475731906904], [-80.0885120198002, 42.173183923821654], [-80.02032354121607, 42.16311610925789], [-79.7619509101818, 42.26986025337381], [-79.76131345883029, 41.99880767899212], [-77.83202954648144, 41.99852393302739], [-75.34112512577602, 41.99277164764067], [-75.2630053790805, 41.885108873289184], [-75.17677272809247, 41.85865324450993], [-75.44433382531103, 41.68709516595186], [-75.41195730682666, 41.56658748767715], [-75.5020569738265, 41.48587379779297], [-75.67005737981138, 41.46724656886069], [-75.79127667064645, 41.60643807782537], [-75.87371966184408, 41.452306664786036], [-75.92326931302152, 41.43250807210161], [-76.42262140235721, 41.46999035280828], [-76.3892313039695, 41.36740576512217], [-76.4502466518633, 41.230703767665524], [-76.57071221347934, 41.12165537302357], [-76.80202579175501, 41.0733895636077], [-76.6459052139726, 40.86702514209055], [-77.07648271367887, 40.75497793599375], [-77.0074445927135, 40.60211692224924], [-77.06986831000704, 40.53054283135664], [-76.92124637612531, 40.29259565018019], [-76.8715549213005, 40.2899294599527], [-76.8258916075363, 40.218550237892444], [-76.89687399174895, 40.160869664788805], [-76.90243859623469, 40.11673848938196], [-76.80788116918771, 40.08011015615034], [-76.82691320459848, 39.97670381574676], [-76.94213494336209, 39.92129278901707], [-76.93436205132066, 39.894557000235785], [-76.79483044715084, 39.79248785526884], [-76.75730576657183, 39.7211984332191], [-80.5193417446976, 39.721403179863415]]]}, "properties": {"scenario_id": "51_13_11_24_3", "bundle": "FI", "bundle_title": "FI only", "district_raw": "FI_12", "district": "FI_12", "wholesaler": "R0036", "mass": 346.24252169, "color": "#e4ac58"}}, {"type": "Feature", "geometry": {"type": "Polygon", "coordinates": [[[-76.94213494336209, 39.92129278901707], [-76.82691320459848, 39.97670381574676], [-76.80788116918771, 40.08011015615034], [-76.90243859623469, 40.11673848938196], [-76.89687399174895, 40.160869664788805], [-76.8258916075363, 40.218550237892444], [-76.8715549213005, 40.2899294599527], [-76.92124637612531, 40.29259565018019], [-77.06986831000704, 40.53054283135664], [-77.0074445927135, 40.60211692224924], [-77.07648271367887, 40.75497793599375], [-76.6459052139726, 40.86702514209055], [-76.80202579175501, 41.0733895636077], [-76.57071221347934, 41.12165537302357], [-76.4502466518633, 41.230703767665524], [-76.3892313039695, 41.36740576512217], [-76.42262140235721, 41.46999035280828], [-75.92326931302152, 41.43250807210161], [-75.87371966184408, 41.452306664786036], [-75.79127667064645, 41.60643807782537], [-75.67005737981138, 41.46724656886069], [-75.5020569738265, 41.48587379779297], [-75.41195730682666, 41.56658748767715], [-75.44433382531103, 41.68709516595186], [-75.17677272809247, 41.85865324450993], [-75.11336928332663, 41.840697650656566], [-75.0534316790936, 41.75253782094105], [-75.04387942625941, 41.57509390543952], [-74.98246314765792, 41.49646737728779], [-74.73489271058504, 41.425818050145516], [-74.69491443766863, 41.357423413192876], [-74.8157028348815, 41.29615083347029], [-74.9052560859958, 41.15566812883809], [-75.13308621458921, 40.980179467906034], [-75.06543783478428, 40.88568226589571], [-75.10850443875108, 40.7910941710919], [-75.17747737091939, 40.76422495974928], [-75.18673693482232, 40.5694059999954], [-75.07850249589758, 40.54829587029551], [-75.05610220907924, 40.41606594478387], [-74.9695974785706, 40.39977000530614], [-74.7216036942008, 40.15381036734157], [-75.11922030492632, 39.965412238993544], [-75.13341980156689, 39.896212684006734], [-75.41506217400892, 39.80191933271169], [-75.57043334668289, 39.83918550304972], [-75.6628462240136, 39.821425284438185], [-75.77378578071777, 39.7222002439869], [-76.75730576657183, 39.7211984332191], [-76.94213494336209, 39.92129278901707]]]}, "properties": {"scenario_id": "51_13_11_24_3", "bundle": "FI", "bundle_title": "FI only", "district_raw": "FI_13", "district": "FI_13", "wholesaler": "R0037", "mass": 349.21762151, "color": "#74e458"}}, {"type": "Feature", "geometry": {"type": "MultiPolygon", "coordinates": [[[[-94.39059671250305, 43.500469075609075], [-96.4532596417287, 43.500390053968786], [-96.45778061978751, 45.30761000597637], [-96.5217872386457, 45.37564475241191], [-96.71078637155999, 45.436930017501915], [-96.8516205697342, 45.61941210558699], [-96.58709313360454, 45.81644480364816], [-96.5545074926221, 46.08397800706388], [-96.60103997703625, 46.319553718343826], [-96.7090951482342, 46.435293848361155], [-96.79052246803327, 46.63687998209999], [-96.76397274135738, 46.91250663725688], [-96.83350431184135, 47.010109740655636], [-96.85407345937647, 47.572009883931855], [-97.14674555095448, 48.16855561690588], [-97.14912239423708, 48.53230540779846], [-97.10000913771589, 48.667925798791885], [-97.22903905880064, 49.00068655995617], [-95.15371100523652, 48.99890276473268], [-95.15331463720997, 49.38435764239449], [-95.05840336430593, 49.353169721361965], [-94.9521110699333, 49.36867871444515], [-94.81622224037473, 49.32098699261172], [-94.68306857321005, 48.88392899364886], [-94.69431208034966, 48.78935183459352], [-94.61900952002027, 48.73737394506194], [-94.44660403216733, 48.69289958932821], [-94.28179686059455, 48.70525531621331], [-94.25019140674435, 48.656323449376224], [-93.84400763518592, 48.62939486500754], [-93.81517804752536, 48.52650802902774], [-93.67456805953583, 48.51629743197166], [-93.46750431912346, 48.545664338315596], [-93.46430737936687, 48.59179187442316], [-93.34752796420362, 48.62662040221297], [-92.95487661106495, 48.631493473973244], [-92.72804595000116, 48.5392897057704], [-92.63493122614983, 48.54287269004386], [-92.65710039073093, 48.46691520546016], [-92.45632561938959, 48.41420432267986], [-92.46994746172913, 48.35183587924847], [-92.36917409355658, 48.22026835332688], [-92.31466490745254, 48.24052706724985], [-92.26228066548977, 48.35493298255547], [-92.0552285207621, 48.35921286779022], [-92.00013302838822, 48.321355279731335], [-91.98077178259098, 48.24780067464951], [-91.71493053782585, 48.19913009667978], [-91.69236555594952, 48.11933024773777], [-91.55927193642094, 48.108267647257264], [-91.54251252246361, 48.05326786879398], [-91.25011179367122, 48.084087190382206], [-91.03554950334953, 48.189458871761886], [-90.84362386594832, 48.24357568213567], [-90.77596148501779, 48.122229199087705], [-90.70370192144205, 48.096008859485366], [-90.56611290878853, 48.12262041486197], [-90.13619166991406, 48.112135899082894], [-90.02962655861215, 48.08758773059663], [-89.97343338103688, 48.02035009727881], [-89.86815318767833, 47.989898021396606], [-89.74931342693246, 48.02332450081231], [-89.4892265784018, 48.01452790888554], [-89.9742955263622, 47.830514311784334], [-90.53710536820785, 47.70305459247166], [-90.86826981160388, 47.556900418747865], [-91.45696503843502, 47.139155760615026], [-92.06208830946218, 46.80403811195084], [-92.01529033264127, 46.70646887374124], [-91.96188935974281, 46.68253899492044], [-91.82002707063695, 46.690176070971496], [-91.36080357311472, 46.79813632237617], [-91.21164714621437, 46.866823577685004], [-91.1676013765478, 46.84475989601379], [-90.98461679064715, 46.92560222429133], [-90.98937508313266, 46.98227417867886], [-90.92412780349989, 47.00188804395289], [-90.74530487683542, 46.89425393938993], [-90.95565056506045, 46.59250263638793], [-90.89830755444414, 46.58305041470768], [-90.79477476917378, 46.62494098744532], [-90.73725940915661, 46.692267371575504], [-90.5655603150848, 46.58489204847215], [-90.41813611929614, 46.56609402657125], [-90.38722829985508, 46.533662686493045], [-90.33188750865932, 46.553278298121], [-90.21486591060406, 46.49994696065461], [-90.12048935798823, 46.33685196098427], [-89.09163023230103, 46.13850544427476], [-88.81194784398475, 46.02160938605291], [-88.73999356049391, 46.02730765420115], [-88.65775973674153, 45.98928734671639], [-88.52667292405248, 46.020821965336644], [-88.11534633047143, 45.922210975736846], [-88.07394375731339, 45.87559259868184], [-88.13506659875544, 45.821694299521425], [-88.10551865499909, 45.798838854455006], [-87.87981154914726, 45.75484307889239], [-87.78100720264497, 45.67393357880219], [-87.8246762639152, 45.65321115749372], [-87.77767115670852, 45.60920446988628], [-87.86348863566866, 45.353019899935056], [-87.75092747945126, 45.35503650078444], [-87.70676763433019, 45.38382704870845], [-87.65734870387878, 45.36875224176236], [-87.74180469592544, 45.197051292197294], [-87.64819047558254, 45.10636825981793], [-87.59020849248586, 45.09526374614294], [-87.63029842479396, 44.97686508021271], [-87.81298952694914, 44.95401279420376], [-87.84343233493934, 44.924355359143206], [-87.83835938812554, 44.87398713293843], [-87.98349439506758, 44.720196084865854], [-87.99871603447025, 44.609287645047644], [-88.04120149033209, 44.572580584685625], [-88.005517820641, 44.53921619236666], [-87.94380143081587, 44.52969265225516], [-87.8668840551834, 44.608434221607205], [-87.77516041593874, 44.63928060923935], [-87.58130626126731, 44.851791426321846], [-87.44647693182138, 44.886109441599345], [-87.39340538474154, 44.93439331811793], [-87.26487731724109, 45.08136138848659], [-87.23822456612311, 45.167258614240076], [-87.12160867842259, 45.20978303459426], [-87.05762676780158, 45.292837557730785], [-86.97778060022749, 45.29068415204817], [-87.0631572625777, 45.07931607825731], [-87.44696348754873, 44.58627370334752], [-87.54538159079002, 44.32138467283803], [-87.50741938747299, 44.21080282977724], [-87.65518255454161, 44.081894230397694], [-87.73601636802778, 43.873721031056554], [-87.7062036536909, 43.67954150970014], [-87.88920681399696, 43.307651784396086], [-87.9004847307397, 43.12590969370992], [-87.83487834498874, 42.85671718734666], [-87.76667517715352, 42.784896008039496], [-87.81467421391741, 42.64402022083367], [-87.8004772562784, 42.49191996143442], [-90.64284272858116, 42.50848096122147], [-90.70085617160827, 42.626444633353906], [-90.9415665370762, 42.68384380266671], [-91.07071586625872, 42.7755017402014], [-91.1380001628291, 42.90377210687058], [-91.17525326047274, 43.13466501849869], [-91.05791008438833, 43.253967751258884], [-91.20736704388358, 43.37365894898858], [-91.21770581364564, 43.5005500275125], [-94.39059671250305, 43.500469075609075]]], [[[-90.54487439836649, 47.01738339724876], [-90.52405651902261, 46.9356639361253], [-90.63712429364011, 46.906723842742004], [-90.77692162205531, 47.02432365770473], [-90.65042256675655, 47.05467800698219], [-90.54487439836649, 47.01738339724876]]], [[[-86.93427586625758, 45.42114901370035], [-86.8357495875165, 45.45018771811725], [-86.80586744365918, 45.41290268843237], [-86.89989059711941, 45.29518460547793], [-86.95619797888354, 45.35200602690145], [-86.93427586625758, 45.42114901370035]]]]}, "properties": {"scenario_id": "51_13_11_24_3", "bundle": "FI", "bundle_title": "FI only", "district_raw": "FI_14", "district": "FI_14", "wholesaler": "R0038", "mass": 386.50883036, "color": "#af401d"}}, {"type": "Feature", "geometry": {"type": "Polygon", "coordinates": [[[-84.97183047390256, 32.44284305573677], [-85.18440033627866, 32.86131661401235], [-85.60516480716748, 34.984678140216694], [-86.32946163047575, 34.991057972890175], [-86.03036207484476, 35.375140474488326], [-85.81386688433092, 35.42157179196167], [-86.02037932775589, 35.753923811295394], [-85.9204156403633, 35.94272996284449], [-85.78034007890311, 35.970592060486226], [-85.42461741666774, 35.88303052077942], [-85.1961105730038, 36.12548253168288], [-84.9587697595407, 36.61353606137639], [-83.69071352209437, 36.582581137069106], [-81.64690010956188, 36.61191782005666], [-81.73431200540685, 36.413341642359406], [-81.7059661217501, 36.338495568538534], [-81.83320193550291, 36.347338737646865], [-81.90813657683852, 36.302013238079], [-82.0287394305469, 36.12432234005667], [-82.12714558627817, 36.10441685642482], [-82.14084721706502, 36.13621604519189], [-82.21125134471144, 36.159012270310185], [-82.29765470039412, 36.13351030196061], [-82.40945844065129, 36.08340872541441], [-82.4645581485049, 36.00650828708784], [-82.55787405881557, 35.95390105907037], [-82.61088472771259, 35.974441543768954], [-82.59552548673055, 36.026012267691655], [-82.62836531135106, 36.06210520800363], [-82.77939695490983, 35.99251127545193], [-82.81613028975556, 35.92398568291629], [-82.86072375627144, 35.94742989755485], [-82.91060758723577, 35.92692989183986], [-82.89971796120872, 35.87460191240396], [-82.97841342262043, 35.78261031759809], [-83.16153692028387, 35.76336327234115], [-83.2553509501532, 35.716230141214396], [-83.2971536620623, 35.6577498310608], [-83.34726183185799, 35.66047401454259], [-83.49833480651711, 35.562980953154195], [-83.77173641385032, 35.5621178022966], [-84.02178219434687, 35.40741795675617], [-84.02350958861958, 35.29578294212636], [-84.0975084724753, 35.247382295581794], [-84.17851600173681, 35.2406785467477], [-84.22371799237784, 35.26907829265414], [-84.28321970353936, 35.22657674465461], [-84.3218685857209, 34.988407992902715], [-83.10860646229948, 35.000658692893914], [-83.14062082844137, 34.92491465985521], [-83.32386596516811, 34.789711912844325], [-83.33868956008602, 34.682001940026716], [-83.15457684018524, 34.58819783286449], [-83.04828914469668, 34.49325415025318], [-82.87383154718385, 34.47150788202145], [-82.71537259367138, 34.14816523331772], [-82.55683463727816, 33.94535291321715], [-82.32447971080909, 33.82003279027151], [-82.16190740847577, 33.610643282391266], [-81.92633574979467, 33.4629367809144], [-81.93273675327069, 33.343540688384], [-81.84613589593681, 33.303842831409355], [-81.84653612807759, 33.241746456326595], [-81.76353490426328, 33.203647852545146], [-81.75513541623572, 33.151550126951356], [-81.50203000261097, 33.0151128597253], [-81.49956627377114, 32.94372178370269], [-81.42061979207362, 32.8312228165008], [-81.39710607605232, 32.605586945714556], [-81.27492682596163, 32.54415799567997], [-81.19482855483318, 32.46508605331792], [-81.19493112887149, 32.411488779666755], [-81.13303169493919, 32.33479436883081], [-81.15353102707527, 32.237687267138234], [-81.11333392452835, 32.113205230759185], [-81.03826532374237, 32.08446936183156], [-81.0067447282642, 32.10115173916524], [-80.84312992288054, 32.02422598519721], [-80.8484413139591, 31.988279455678555], [-81.1306339293934, 31.72269183086033], [-81.13349332177222, 31.62334819798169], [-81.27933811486017, 31.351126568428423], [-81.28284176163638, 31.244330024494356], [-81.40209607847247, 31.125383116100263], [-81.40515285099107, 30.908202658144987], [-81.46006107028106, 30.7699119003741], [-81.44412350324217, 30.70971398958776], [-81.73223814382808, 30.74963538953099], [-81.94318708823614, 30.82743710368053], [-82.03266682512846, 30.750673776605023], [-82.02823227331177, 30.44738468504988], [-82.04076601192396, 30.370144458451236], [-82.09470864351373, 30.360765779932017], [-82.1800429204619, 30.368609654201602], [-82.21860717044433, 30.564395461278206], [-84.86469287938368, 30.71154184467723], [-84.91814964794193, 30.772081619795014], [-85.03561476514902, 31.10819217440907], [-85.10751617505389, 31.18645079582785], [-85.0418814678155, 31.544683832269353], [-85.05816935257486, 31.620226644842298], [-85.12553014919452, 31.694965463579706], [-85.14183065853226, 31.839261390272284], [-85.06782941415382, 31.967358311796335], [-85.05874868987782, 32.136017829052406], [-84.8918414435527, 32.26339829837509], [-85.00809601189202, 32.336677446165616], [-84.97183047390256, 32.44284305573677]]]}, "properties": {"scenario_id": "51_13_11_24_3", "bundle": "FI", "bundle_title": "FI only", "district_raw": "FI_15", "district": "FI_15", "wholesaler": "R0039", "mass": 382.37724856, "color": "#4c1daf"}}, {"type": "Feature", "geometry": {"type": "Polygon", "coordinates": [[[-88.03380195556905, 36.55173325631287], [-88.0504662423379, 36.50005311243949], [-88.12737747261696, 36.49854034796846], [-89.53923239724472, 36.49793441530275], [-89.57148056659055, 36.53808702172728], [-89.5444338949787, 36.574510005617256], [-89.40790657843246, 36.562344794092944], [-89.37869370638718, 36.62229221368357], [-89.32465812307478, 36.624032330196925], [-89.22731913950464, 36.569374693514725], [-89.16548835374421, 36.66242584252419], [-89.2025112919953, 36.716618140056255], [-89.1569902984352, 36.75596759080017], [-89.09884273023341, 36.95785009665361], [-89.16808652414164, 37.07421805424257], [-89.05803598965846, 37.18876667688483], [-88.93174479839146, 37.22759308716901], [-88.5315756271794, 37.06719238681427], [-88.47612747947815, 37.068222893643146], [-88.42477577403024, 37.149900978638605], [-88.51466084138532, 37.290948335780236], [-88.46586099818853, 37.40054732219276], [-88.41859381594679, 37.421986704092106], [-88.35843628302996, 37.40486043743752], [-88.28166648470872, 37.45259594674194], [-88.06229395924458, 37.48783655601954], [-88.16006206847351, 37.65433171200732], [-88.02802962772984, 37.79922408242116], [-88.0673645119444, 37.85605108533011], [-88.01631096372088, 37.96157384665257], [-88.03088408840439, 38.03071332204531], [-87.92746756289368, 38.151946071354274], [-87.97581862784232, 38.19783429115387], [-87.96896759501877, 38.237388957855075], [-87.83197168303388, 38.30724089396429], [-87.7140474582315, 38.479880224522425], [-87.65416552094898, 38.51191066347716], [-87.6201195424932, 38.63948880874329], [-87.54553833077243, 38.67761270716457], [-87.49894799969032, 38.757773717233796], [-87.54737018688209, 38.875614009674834], [-87.52949622328421, 38.971924725952654], [-87.57911710523376, 39.00160720521748], [-87.5725875547954, 39.0572860873333], [-87.6404345480573, 39.166726798511995], [-87.57702897494686, 39.21112257821281], [-87.6003964511799, 39.3129041381057], [-87.53164597446155, 39.347887610636064], [-87.52404422892529, 41.70833465117631], [-87.47074142903574, 41.672834842119876], [-87.41581655382984, 41.688182961697656], [-87.36543858085794, 41.629535752481786], [-87.26153569070492, 41.62033603838612], [-87.02788811649322, 41.674660722241214], [-86.82482776647603, 41.76024002640987], [-86.04509776242153, 41.75963444391349], [-86.0578758086402, 41.69887042280563], [-86.02321250731706, 41.68000052693914], [-85.78767630031169, 41.759058759840855], [-85.6038618445741, 41.759395366541824], [-85.55800602600294, 41.471584373352506], [-85.18772509687624, 41.58339323718392], [-85.07045651456473, 41.50031503631587], [-85.21095310284457, 41.32321992513359], [-85.03331529371707, 41.26437192071606], [-85.02712429314205, 41.17160677599088], [-84.80304611220593, 41.052641788470616], [-84.8201571397456, 39.10548004914923], [-84.75074874299254, 39.14735796628251], [-84.60792826392726, 39.073238183192565], [-84.4620424197043, 39.121760190183366], [-84.40093961059387, 39.04636224759083], [-84.32653854583553, 39.027462648975664], [-84.21290415424204, 38.805707101897326], [-83.85208484258163, 38.75143332309032], [-83.77216005076154, 38.658150243911166], [-83.67948378213718, 38.63003603020398], [-83.62692147396615, 38.67938723940532], [-83.53333909491738, 38.702104966849944], [-83.37630243460869, 38.66147281301444], [-83.28651443928185, 38.599241325888926], [-83.23951484717448, 38.628588206205684], [-83.17264659023769, 38.62025179750805], [-83.01181576225049, 38.730057040097776], [-82.88919334170811, 38.75607585155351], [-82.85131436071185, 38.6043340078237], [-82.80011186113158, 38.56318294273056], [-82.7248454141132, 38.55760026509619], [-82.6184735578031, 38.47708883030289], [-82.57187702988197, 38.31578119774447], [-82.62618169109498, 38.134834667821984], [-82.46498690559235, 37.97685932630404], [-82.48755640276079, 37.916975014169864], [-82.32735643056431, 37.76223285207468], [-82.29611778534026, 37.686173780868415], [-82.064417807583, 37.5445159129735], [-81.96829747701086, 37.53779797296821], [-82.3553429245016, 37.265220065045774], [-82.72629453055025, 37.11185208005722], [-82.72225411113062, 37.05794787676099], [-82.86918283003905, 36.97418187291632], [-82.89544464534728, 36.882144582892266], [-83.0755894950651, 36.85058918983238], [-83.13639524370154, 36.7430880065909], [-83.5271125357105, 36.665985032440055], [-83.69071352209437, 36.582581137069106], [-87.85320432087143, 36.633247413527315], [-87.84956683684058, 36.66370114128847], [-88.07053176339113, 36.67811836762723], [-88.03380195556905, 36.55173325631287]]]}, "properties": {"scenario_id": "51_13_11_24_3", "bundle": "FI", "bundle_title": "FI only", "district_raw": "FI_16", "district": "FI_16", "wholesaler": "R0040", "mass": 351.13887091, "color": "#af1d1d"}}, {"type": "Feature", "geometry": {"type": "Polygon", "coordinates": [[[-82.84652606612184, 27.85430108045799], [-82.85962433504562, 28.17413471070535], [-82.76410292545808, 28.244344564153714], [-82.6650555276709, 28.48443383746057], [-82.66872194189524, 28.695657721693248], [-82.7123729937029, 28.72092123447568], [-82.73024494178958, 28.850155334610264], [-82.68886349281686, 28.90560927641999], [-82.75937802987708, 29.006619337180034], [-82.75970361293018, 29.054191531270554], [-82.82365865318346, 29.09890181847956], [-82.79887573195984, 29.114503601366508], [-82.82707248941021, 29.158425322558706], [-82.99614357567795, 29.178073579725336], [-83.01624794298868, 29.125371422310863], [-83.05320667912784, 29.13083914404548], [-83.07473356290484, 29.247974900718994], [-83.16957606706966, 29.29035535133119], [-83.24050931150911, 29.433177878890213], [-83.2947469069697, 29.4379227209405], [-83.40155238963045, 29.523291447165303], [-83.41470110266474, 29.670536383445395], [-83.53764541048629, 29.723060218096954], [-83.6792187107989, 29.918512597603677], [-84.00071646828404, 30.09620910767121], [-84.2080099071582, 30.084776000287953], [-84.36611456906077, 30.008661611858955], [-84.34906558816483, 29.89681226254589], [-84.47032307815338, 29.92452399914271], [-84.53587281751709, 29.910092099205162], [-84.5774404028146, 29.887828353493074], [-84.5649764429802, 29.810180344854118], [-85.04507431126768, 29.58699092052714], [-85.25971947289848, 29.681295692615453], [-85.3526150393854, 29.659787238663814], [-85.41654809276663, 29.842627927707735], [-85.38473027617555, 29.920949398427883], [-85.48776372107817, 29.961226914040132], [-85.8112193929263, 30.178320479212328], [-86.22256129235964, 30.34358521859685], [-86.63295295887937, 30.396298665418364], [-87.51832352329454, 30.280435123860986], [-87.43178417747244, 30.40319270567551], [-87.36660136112575, 30.436642606386012], [-87.44472201209432, 30.507484223668722], [-87.4001886331612, 30.657201197346417], [-87.52362121922468, 30.738285408550247], [-87.63494319603387, 30.86585707640404], [-87.59893739351126, 30.997422446760986], [-85.00249911205198, 31.000681578769157], [-84.91814964794193, 30.772081619795014], [-84.86469287938368, 30.71154184467723], [-82.21860717044433, 30.564395461278206], [-82.21031783051075, 30.424576568911444], [-82.1800429204619, 30.368609654201602], [-82.14330609459039, 30.363378416595236], [-82.04076601192396, 30.370144458451236], [-82.03266682512846, 30.750673776605023], [-81.94318708823614, 30.82743710368053], [-81.73223814382808, 30.74963538953099], [-81.44412350324217, 30.70971398958776], [-81.43406394596474, 30.52256877967513], [-81.25671082885978, 29.784693223376976], [-81.10701923447299, 29.435582117632183], [-81.16049980194558, 29.392286710992455], [-81.0960645852428, 29.285861221534137], [-81.1446712770557, 29.225618543964544], [-81.09410745989959, 29.15496009694596], [-81.15197618887018, 29.087137745236802], [-81.12619769306198, 29.022626982810504], [-81.15690751936599, 28.93810889682246], [-81.12918698941549, 28.837996923123068], [-80.93614337930117, 28.732110837818702], [-81.16285910309918, 28.623522014845637], [-81.25515557468866, 28.638281358089557], [-81.2942057574618, 28.487387234608367], [-81.38452987576828, 28.417369007479312], [-81.37295789072978, 28.34406517153161], [-81.4453456996471, 28.348247076219845], [-81.50921053352155, 28.31362535318031], [-81.51723531956647, 28.164801538235263], [-81.69569562496876, 28.178062235346594], [-81.61148545121422, 27.995585145024126], [-81.68231518381332, 27.962506121128808], [-81.79460222520765, 27.837090823418144], [-81.80906564145229, 27.77158511799122], [-82.0258104626845, 27.703265594110476], [-82.17243258113385, 27.722380616388524], [-82.40799000615083, 27.597540954937557], [-82.44662091183721, 27.46919951752942], [-82.62630551318988, 27.47543906748789], [-82.69156064852946, 27.436935425019872], [-82.7430173075328, 27.531085913067436], [-82.65071978264601, 27.523115115562284], [-82.43197985255811, 27.76809240355018], [-82.44878557735977, 27.81003608951597], [-82.55394564492329, 27.848461617438797], [-82.7330760061877, 27.612971956838464], [-82.74622332928332, 27.731306189862337], [-82.84652606612184, 27.85430108045799]]]}, "properties": {"scenario_id": "51_13_11_24_3", "bundle": "FI", "bundle_title": "FI only", "district_raw": "FI_17", "district": "FI_17", "wholesaler": "R0041", "mass": 382.99466462, "color": "#58e4c2"}}, {"type": "Feature", "geometry": {"type": "MultiPolygon", "coordinates": [[[[-81.14676534001661, 25.40757692151693], [-81.28990123968165, 25.673554084170608], [-81.35598579773846, 25.703526285167545], [-81.38381030754654, 25.776751071623234], [-81.61473456802273, 25.89397703715763], [-81.6726334189541, 25.856653834595928], [-81.72708583069495, 25.907206575627967], [-81.84455508898846, 26.327711921717], [-81.92361088064388, 26.436658311435423], [-82.01391252043022, 26.452058192525453], [-82.07501541856216, 26.422059076262475], [-82.1807165638977, 26.476256711870573], [-82.24539532233175, 26.601093785187526], [-82.26468241933217, 26.756835815354183], [-82.31427664659557, 26.858383856399712], [-82.53971888461922, 27.254326121835895], [-82.69156064852946, 27.436935425019872], [-82.62630551318988, 27.47543906748789], [-82.44662091183721, 27.46919951752942], [-82.40799000615083, 27.597540954937557], [-82.17243258113385, 27.722380616388524], [-82.0258104626845, 27.703265594110476], [-81.80906564145229, 27.77158511799122], [-81.79460222520765, 27.837090823418144], [-81.68231518381332, 27.962506121128808], [-81.61148545121422, 27.995585145024126], [-81.69569562496876, 28.178062235346594], [-81.51723531956647, 28.164801538235263], [-81.50921053352155, 28.31362535318031], [-81.4453456996471, 28.348247076219845], [-81.37295789072978, 28.34406517153161], [-81.38452987576828, 28.417369007479312], [-81.2942057574618, 28.487387234608367], [-81.25515557468866, 28.638281358089557], [-81.16285910309918, 28.623522014845637], [-80.93614337930117, 28.732110837818702], [-81.12918698941549, 28.837996923123068], [-81.15690751936599, 28.93810889682246], [-81.12619769306198, 29.022626982810504], [-81.15197618887018, 29.087137745236802], [-81.09410745989959, 29.15496009694596], [-81.1446712770557, 29.225618543964544], [-81.0960645852428, 29.285861221534137], [-81.16049980194558, 29.392286710992455], [-81.10701923447299, 29.435582117632183], [-80.96617636646258, 29.147959774091593], [-80.58388411959726, 28.597704814004572], [-80.52509434231082, 28.459454272235288], [-80.58781333827764, 28.410856220504698], [-80.6068742884843, 28.336483939679482], [-80.58997533315086, 28.17799005249225], [-80.1167725524476, 27.07239666772626], [-80.04626327883717, 26.859238041685227], [-80.03536303133225, 26.612346089864822], [-80.12380586669566, 25.762766820344815], [-80.15497203839327, 25.665489668643154], [-80.22910732810882, 25.732508710386764], [-80.30146368454257, 25.613299176641], [-80.33704861735873, 25.465620843654946], [-80.31036013441252, 25.389706613856376], [-80.23484900318131, 25.42195955313424], [-80.17602446014925, 25.521154206960713], [-80.16315581655944, 25.452183622992685], [-80.35818283104999, 25.153227768397976], [-80.6511890288534, 24.86613138381099], [-80.96624470092084, 24.707851714409948], [-81.10337333367578, 24.66946308316761], [-81.14871833057813, 24.710476824216617], [-80.84747141323831, 24.851753063171355], [-80.6108689218338, 25.006995206873786], [-80.51657057432162, 25.095456744857064], [-80.49539394641567, 25.199808130504156], [-80.65053216743424, 25.189096960618855], [-80.74774651202466, 25.147440719375187], [-80.81213319099788, 25.186039069544847], [-81.07985867946759, 25.11879665739069], [-81.17090650861279, 25.24585714047035], [-81.14676534001661, 25.40757692151693]]], [[[-81.7512660096996, 24.653516704115845], [-81.44351004203594, 24.813364247862673], [-81.30505356324721, 24.755185141752765], [-81.24323169135263, 24.673997976748932], [-81.81253571571925, 24.54546859924074], [-81.7512660096996, 24.653516704115845]]], [[[-81.98390799975492, 24.580681629200747], [-81.86871111738517, 24.5841204749743], [-81.91885473868817, 24.49813089139242], [-82.0280910084069, 24.49871571044851], [-81.98390799975492, 24.580681629200747]]], [[[-82.18803147186904, 24.574698875004593], [-82.14409894346838, 24.622480837931267], [-82.08664339447517, 24.590070914347834], [-82.1007571270136, 24.53328813177865], [-82.17945377637592, 24.52946989723918], [-82.18803147186904, 24.574698875004593]]]]}, "properties": {"scenario_id": "51_13_11_24_3", "bundle": "FI", "bundle_title": "FI only", "district_raw": "FI_18", "district": "FI_18", "wholesaler": "R0042", "mass": 284.55570829, "color": "#6f1daf"}}, {"type": "Feature", "geometry": {"type": "Polygon", "coordinates": [[[-91.33488464308078, 29.298775073702938], [-91.26545204553959, 29.360976264503698], [-91.36396664569911, 29.42066379609574], [-91.34751384793285, 29.444437836951714], [-91.3943071911444, 29.497114757604052], [-91.46096322261128, 29.46996091079531], [-91.53102074316618, 29.531543402330723], [-91.54197414708997, 29.594353257607217], [-91.64383167215504, 29.630624735762964], [-91.62382895155503, 29.699239799447035], [-91.66712829649244, 29.745821780786198], [-91.73725265843808, 29.749370384131755], [-91.85306964600906, 29.702935819773028], [-91.87326588300067, 29.627277140845603], [-91.71108066840006, 29.56932827083219], [-91.76826290106612, 29.49036176216175], [-91.82157906161149, 29.47392467518839], [-92.06451257539165, 29.585665210991937], [-92.32346513886405, 29.531496604326566], [-92.56803754803302, 29.577397197810672], [-93.17693046087258, 29.770486899864974], [-93.53846235930853, 29.763298900297464], [-93.74194832649313, 29.736343392627415], [-93.83797129498035, 29.69061880926965], [-93.92920814994291, 29.80295175901665], [-93.70393957693507, 30.05429097446955], [-93.70718998409022, 30.275513444846652], [-93.76032758462746, 30.329924350363875], [-93.74533322353757, 30.39702212556522], [-93.70266478318621, 30.429946567974824], [-93.72919482984715, 30.54484158425942], [-93.6299041155444, 30.679940185990503], [-93.53093642989657, 30.924534367648185], [-93.53509691296073, 31.185613918847338], [-93.602443000675, 31.1825408971204], [-93.61394215185494, 31.25937526613094], [-93.67543975346294, 31.301039731684803], [-93.66814592533338, 31.37510272379445], [-93.74947585936238, 31.468690001230765], [-93.72592554535184, 31.504091707200132], [-93.83492346442775, 31.586211154282392], [-93.80341853897639, 31.700686212675354], [-93.8533895799145, 31.805466975851832], [-93.90955665862296, 31.893144191616475], [-94.04183350803324, 31.99240224424856], [-94.04296393842874, 33.019218863922774], [-91.16607269707741, 33.00410583181775], [-91.12037872438229, 33.054529821421944], [-91.1808362165845, 33.09836366385187], [-91.15301537383239, 33.13509282526881], [-91.10431699942606, 33.131598133477596], [-91.06870841496747, 33.23293638701876], [-91.08613720784525, 33.27365164300638], [-91.1255391979335, 33.28025512946333], [-91.14221910484856, 33.348988777713764], [-91.11376437820809, 33.39312403229535], [-91.21567053681275, 33.529422964079636], [-91.13090160144723, 33.61091890215163], [-91.17831141492154, 33.651109408427004], [-91.10098010011184, 33.660551010476986], [-91.07538951481594, 33.714402790038264], [-91.14328734066072, 33.74714090809744], [-91.11149371554802, 33.774567984868746], [-91.0267817269463, 33.76364194975693], [-91.06124694044928, 33.87750486617123], [-91.02638232364006, 33.90798010416552], [-91.03596095109683, 33.943758007379046], [-91.08869628438424, 33.96133398298237], [-90.89242016826279, 34.026860467727225], [-90.87454068337425, 34.0720410225697], [-90.946323218961, 34.10937361284637], [-90.88270094655823, 34.184363822822995], [-90.89456030019353, 34.22438016243488], [-90.75268101141778, 34.28926607067426], [-90.76517373182931, 34.342818337372066], [-90.72913106169717, 34.36420582296232], [-90.66040445130503, 34.3357603499632], [-90.64139802371048, 34.383868589487925], [-90.57533623453008, 34.4151524418058], [-90.54924349718131, 34.56810120366948], [-90.58722346676821, 34.615732310452685], [-90.46379504572509, 34.83492263862255], [-90.40163299468605, 34.835305162452336], [-90.25009460406322, 34.90731986171606], [-90.24447611969059, 34.93759560105106], [-90.30929700986734, 34.99569384338051], [-88.25811082854642, 34.99546334834735], [-85.60516480716748, 34.984678140216694], [-85.18440033627866, 32.86131661401235], [-85.06984803571709, 32.58314639185107], [-84.97183047390256, 32.44284305573677], [-85.00809601189202, 32.336677446165616], [-84.8918414435527, 32.26339829837509], [-85.05874868987782, 32.136017829052406], [-85.06782941415382, 31.967358311796335], [-85.14183065853226, 31.839261390272284], [-85.12553014919452, 31.694965463579706], [-85.05816935257486, 31.620226644842298], [-85.0418814678155, 31.544683832269353], [-85.10751617505389, 31.18645079582785], [-85.03561476514902, 31.10819217440907], [-85.00249911205198, 31.000681578769157], [-87.59893739351126, 30.997422446760986], [-87.63494319603387, 30.86585707640404], [-87.52362121922468, 30.738285408550247], [-87.4001886331612, 30.657201197346417], [-87.44472201209432, 30.507484223668722], [-87.36660136112575, 30.436642606386012], [-87.43178417747244, 30.40319270567551], [-87.51832352329454, 30.280435123860986], [-87.81886680437992, 30.228314020488817], [-87.89320146097567, 30.239236767860202], [-87.80646642514365, 30.279798502894074], [-87.796717498425, 30.3241977789583], [-87.93335466216412, 30.487356807141293], [-87.90171064140408, 30.55087865792353], [-87.93106990412691, 30.65269432077934], [-88.0083959646316, 30.684956449428196], [-88.06199788108508, 30.644890659353184], [-88.13617282901889, 30.320729183538678], [-88.25776396572007, 30.318933121035442], [-88.36402199581993, 30.388006112597807], [-88.47187529333327, 30.320019636558264], [-88.6638202530626, 30.362099451128095], [-88.7469445874071, 30.347622384471823], [-88.89392955684893, 30.393398319289098], [-89.34474586294616, 30.293195570307162], [-89.44746551391765, 30.205097947157753], [-89.84506465442024, 30.018409748403457], [-89.85258340639234, 29.95272077391134], [-89.6470640031808, 29.863602064886457], [-89.59812892558385, 29.88140904730763], [-89.57442533770993, 29.98373810724707], [-89.49406360735156, 30.040971607026442], [-89.3421629830108, 30.05917197099715], [-89.1832562123078, 30.149344328783553], [-89.23629776376744, 29.877080892998446], [-89.29325108746518, 29.80305265086766], [-89.27103377886478, 29.75635524753067], [-89.39916219957094, 29.770591820826123], [-89.40395609522656, 29.681808129783665], [-89.60210885872183, 29.61029463593424], [-89.53215021523057, 29.434567408846725], [-89.31208551669131, 29.388037803629647], [-89.25785197414166, 29.336871723895644], [-89.20038876410203, 29.34441798359567], [-89.11665270051358, 29.219531879203437], [-89.0259736709439, 29.215152664005004], [-89.01428032969693, 29.166912933416995], [-89.06661671374044, 29.090713975095724], [-89.11653013859444, 29.074096617547394], [-89.14286624122384, 28.991623472616833], [-89.25935446892858, 29.058357615645463], [-89.40096601396986, 28.933811688690078], [-89.40353014597538, 29.01696414643999], [-89.36109767674517, 29.07184818573055], [-89.48284379759693, 29.215052746281824], [-89.60665076922005, 29.25202295372837], [-89.63966348149029, 29.29053100559636], [-89.84264118436495, 29.318823077305943], [-90.22358663624782, 29.085075306173135], [-90.81254997990196, 29.042138162314508], [-90.86785286968141, 29.056063794934882], [-90.87758335448262, 29.10489080304555], [-90.9418774112622, 29.162372743965392], [-91.2787921932932, 29.247776463948462], [-91.33488464308078, 29.298775073702938]]]}, "properties": {"scenario_id": "51_13_11_24_3", "bundle": "FI", "bundle_title": "FI only", "district_raw": "FI_19", "district": "FI_19", "wholesaler": "R0043", "mass": 390.8635329, "color": "#afaa1d"}}, {"type": "Feature", "geometry": {"type": "MultiPolygon", "coordinates": [[[[-122.10597537615254, 36.95595074526403], [-122.3970645689039, 37.18724898773457], [-122.40925753307603, 37.37480497157971], [-122.44598683532055, 37.46154104392465], [-122.51668876981624, 37.52134039328515], [-122.5180886049393, 37.57613825595378], [-122.51198268251218, 37.77112991057276], [-122.39813867981314, 37.80562972363066], [-122.35678347013092, 37.72950496162394], [-122.39319034154352, 37.707530964218286], [-122.36021874988866, 37.592500927337824], [-122.16844935441499, 37.504143251719285], [-122.11199851027247, 37.528851282270004], [-122.16304850670691, 37.66793272091235], [-122.33371095751781, 37.80979673778008], [-122.30393057305534, 37.83008690595658], [-122.33452990469172, 37.90879097759098], [-122.37870958970657, 37.90519124897414], [-122.42525814364346, 37.95567241580049], [-122.26286164033368, 38.051473285868745], [-122.30180368814645, 38.10514210214877], [-122.39358798494729, 38.143449389830934], [-122.49128255863107, 38.10808693790608], [-122.49946512294945, 38.03216458469026], [-122.45299466249577, 37.99616748537357], [-122.48637515073922, 37.92188131808849], [-122.41846974727544, 37.852721015175185], [-122.4834826648279, 37.826727776713625], [-122.67847441737605, 37.906603640990255], [-122.70264009389678, 37.89382041032428], [-122.85657246249176, 38.01671665783835], [-122.93971126095765, 38.031907823229616], [-122.974390120226, 37.99242881647228], [-123.01153246836994, 38.00343809625389], [-122.95362921765995, 38.17567000021], [-122.98631957363703, 38.273164156893266], [-123.05350353680078, 38.29938484156172], [-123.08557246436642, 38.39052511315477], [-123.18519593479401, 38.48308365836879], [-123.00260720576529, 38.49959839791155], [-122.74153950020042, 38.63174428122209], [-122.65699259181855, 38.732161987111425], [-122.56926407307685, 38.7149928590339], [-122.2107936773631, 38.79160258739119], [-122.14284671004773, 38.633036147869596], [-122.00255780150447, 38.58058557650948], [-121.69310360260047, 38.65649651793727], [-121.67273954672169, 38.62683398039377], [-121.46899403003889, 38.64960952838055], [-121.45744590083282, 38.71939112772459], [-121.34449033257066, 38.68987094740549], [-121.30976635944225, 38.725691152897625], [-121.24114901402058, 38.712573786428194], [-121.13639995889399, 38.74915438131793], [-121.0834212801032, 38.79695778841288], [-120.9556280895476, 38.80566156791522], [-120.76036028050359, 38.99511352291641], [-120.5312638904577, 39.05281262887859], [-119.78193252422143, 38.64468676062525], [-119.46505591021352, 38.62954449738729], [-117.46739499408692, 37.195934306592555], [-118.03592166868759, 36.63020274839492], [-118.30421040761289, 36.269622099688156], [-118.32566333877884, 36.1749047670774], [-118.31124580157716, 35.30897946877347], [-118.19029305905482, 35.243698364126836], [-118.27621468720272, 34.686427624771284], [-118.41514985859612, 34.584657158844685], [-118.3415545422027, 34.518159735388984], [-117.917353478372, 34.52533021025969], [-118.01078106160854, 34.371104222695365], [-118.10354690363205, 34.325171836453336], [-118.18155060553065, 34.1860401817291], [-118.288924502045, 34.14869468013582], [-118.22665430870512, 34.113364983599105], [-118.226748730256, 34.14563998531815], [-118.18779776106528, 34.15350667581767], [-118.17682534975295, 34.015768266002354], [-118.13467111452114, 33.986875538957186], [-118.1607640291064, 33.94553279926954], [-118.1972452824216, 33.965596345460334], [-118.18235693259648, 34.01375482768221], [-118.22431098398845, 34.01512687669729], [-118.20383375319295, 34.08288965134433], [-118.2260685362392, 34.097246558507], [-118.35770455951427, 34.08854140498772], [-118.3638095328386, 34.05637156451024], [-118.45251088341342, 34.09380936412396], [-118.4723699960927, 34.066390711308685], [-118.3623989307663, 34.04696646440338], [-118.42908541178207, 34.0494652857497], [-118.48850100948145, 33.996780928494154], [-118.60357188956155, 34.039048438534834], [-118.7449521957231, 34.03210263629536], [-118.80511450314175, 34.00123915842705], [-119.10978421802952, 34.09456581437304], [-119.22774317722298, 34.161728003678924], [-119.27014434926592, 34.252902933972614], [-119.46103562984524, 34.37406366269923], [-119.61686229234121, 34.420995061131535], [-119.70906675177478, 34.395396959177866], [-119.87397091190704, 34.40879518097014], [-120.14116528695659, 34.473405271906444], [-120.45142498751696, 34.4470939890186], [-120.51142107755516, 34.52295278612555], [-120.62257442064968, 34.5540166928314], [-120.64573875391702, 34.58103462800666], [-120.60196967623718, 34.69209463009387], [-120.62631977507523, 34.7380717426006], [-120.6102663016958, 34.858180079141256], [-120.6708349888425, 34.90411516295577], [-120.63578705123439, 35.12380511628883], [-120.8967899113314, 35.24787671868649], [-120.86213260107735, 35.36076330866491], [-120.88475660675502, 35.43019562441188], [-121.00335888795581, 35.46070958814157], [-121.16671206509686, 35.63539896678946], [-121.27232241410866, 35.66671050377847], [-121.3324492398317, 35.78310631646025], [-121.46226391613058, 35.885617862532754], [-121.4861998829285, 35.970347827534546], [-121.57460226776932, 36.025156189199556], [-121.680145303611, 36.16581813214179], [-121.88849073103374, 36.30281039199737], [-121.97042730752624, 36.582754343353905], [-121.92386584654678, 36.63455935463501], [-121.86060420355987, 36.61113611821729], [-121.79154392952125, 36.815186201335884], [-121.90646801372117, 36.96895000467026], [-122.10597537615254, 36.95595074526403]]], [[[-119.36306480297303, 34.000548334118804], [-119.79593750206337, 33.962928767297704], [-119.87335778274198, 33.98037540365129], [-119.91621555067634, 34.058351059497504], [-119.36421365485037, 34.05079366056028], [-119.36306480297303, 34.000548334118804]]], [[[-120.20008517701558, 33.956903807605975], [-120.45413398252886, 34.02808117362689], [-120.36827799640376, 34.076464584691706], [-120.13585330280165, 34.02608696516692], [-120.05510679674563, 34.03772910647951], [-119.97369057520731, 33.94248116430255], [-120.12181725502157, 33.89571199860489], [-120.20008517701558, 33.956903807605975]]], [[[-119.54587232272458, 33.23340550473645], [-119.57894177537251, 33.2786279535539], [-119.51048924221534, 33.307268816959436], [-119.42717064414717, 33.26602345237528], [-119.42955885126173, 33.22816705925621], [-119.4647250587159, 33.215431590786906], [-119.54587232272458, 33.23340550473645]]]]}, "properties": {"scenario_id": "51_13_11_24_3", "bundle": "FI", "bundle_title": "FI only", "district_raw": "FI_20", "district": "FI_20", "wholesaler": "R0044", "mass": 338.18254921, "color": "#af1d40"}}, {"type": "Feature", "geometry": {"type": "MultiPolygon", "coordinates": [[[[-121.4519819209424, 38.6625238260112], [-121.67273954672169, 38.62683398039377], [-121.69310360260047, 38.65649651793727], [-122.00255780150447, 38.58058557650948], [-122.14284671004773, 38.633036147869596], [-122.2107936773631, 38.79160258739119], [-122.56926407307685, 38.7149928590339], [-122.65699259181855, 38.732161987111425], [-122.74153950020042, 38.63174428122209], [-123.00260720576529, 38.49959839791155], [-123.18519593479401, 38.48308365836879], [-123.2497972676997, 38.51104469984656], [-123.73289241272855, 38.954993862184295], [-123.69074040180178, 39.0212927066032], [-123.82533123001603, 39.36081379897235], [-123.76647480437354, 39.55280349280945], [-123.85171454212025, 39.832041288842895], [-124.06890827626856, 40.021306705757766], [-124.08708549134936, 40.07844194859319], [-124.36341336614582, 40.260973837698174], [-124.35312351085103, 40.3314249653421], [-124.40959128819236, 40.43807590975865], [-124.11814737884589, 40.98926255405305], [-124.16398819232468, 41.13867520954456], [-124.06307574102976, 41.43957944242349], [-124.14347896834259, 41.70928437367912], [-124.24502704265791, 41.7923003973218], [-124.21160553065758, 41.998460140431874], [-124.31428849597589, 42.067863802138206], [-124.41098140223804, 42.25054673121575], [-124.41311852105568, 42.657934025691475], [-124.51001713977291, 42.734746114751], [-124.55244118563834, 42.84056756318153], [-124.43619769255893, 43.071312133976996], [-124.40040349373635, 43.30212079012812], [-124.23353367506131, 43.55712996949917], [-124.15026653188718, 43.910850017797706], [-124.07406580753386, 44.798107108514465], [-123.97542465319101, 45.14547576336517], [-123.93900438160215, 45.661922954519966], [-123.99370354834178, 45.94643074409924], [-123.93747102480026, 45.97730586809809], [-123.92933002407234, 46.0419781766722], [-123.95919062608122, 46.14167511286664], [-124.04112772725304, 46.19767196936638], [-123.99805249147059, 46.235326778095924], [-123.91240559524078, 46.1794502482625], [-123.7575885520549, 46.21300102710405], [-123.71814864637048, 46.18898926643465], [-123.54765931193917, 46.25910862530809], [-123.66950066072698, 46.266831754607445], [-123.70076324791386, 46.305277843633796], [-123.8755250801586, 46.23978684456195], [-123.96942674395392, 46.291398380793325], [-124.08067157920384, 46.267238998257575], [-124.06958318202835, 46.63065135199117], [-123.96064207663686, 46.636363805007285], [-123.92326891812846, 46.672707849097364], [-123.97515666666304, 46.713970886534646], [-124.08098310027428, 46.73500326240189], [-124.1382255189277, 46.905533701258996], [-124.18011142537091, 46.926357228946586], [-124.18854395004216, 47.15785902327098], [-124.23634910254688, 47.28728716533908], [-124.31937818532018, 47.355558715885344], [-124.41210542462385, 47.691198915355145], [-124.67242670845411, 47.96441367421593], [-124.7217255687211, 48.15318502599367], [-124.66926436509263, 48.296353152384114], [-124.72583946999846, 48.386011792786455], [-124.65324251992884, 48.39069090706387], [-124.38087403452023, 48.28469885218707], [-124.10177293879171, 48.216883083902104], [-124.05073466336994, 48.177747088463335], [-123.31457821670229, 48.11372540133836], [-123.23912946829063, 48.1182169756636], [-123.14478283021948, 48.175943383451255], [-123.00412735268854, 48.09051574371996], [-122.76044760809853, 48.143239905963846], [-122.69846509052175, 48.103101936092365], [-122.70129367474206, 47.97297868993544], [-122.65106320525784, 47.92098519209758], [-122.54682437849503, 47.96721527644648], [-122.54292440148622, 47.99640411599896], [-122.60734167473608, 48.030992262699726], [-122.63316714979274, 48.163280663103755], [-122.7115080091971, 48.19357345820961], [-122.75256222206394, 48.26006074653939], [-122.66533868927705, 48.41645323989848], [-122.68912085549096, 48.476849238302606], [-122.64259712293648, 48.588339181178874], [-122.73250606289928, 48.83809663274864], [-122.82163139469944, 48.94136938477658], [-122.75802039498338, 49.00235693760869], [-120.00119849308072, 48.99941771221669], [-117.03235131865576, 48.99918782585752], [-117.03554521327634, 46.41001213026576], [-117.06274850177321, 46.353623793286566], [-116.92395817694604, 46.17091967485571], [-116.98196142878739, 46.08491468982116], [-116.85979551138763, 45.907263933857735], [-116.7875199193993, 45.84020389708717], [-116.59300365577406, 45.778540639569094], [-116.46350420827173, 45.61578504155038], [-116.67464775205228, 45.314341591052], [-116.75464338658368, 45.1139719243718], [-116.84131364712617, 45.030906930273325], [-116.86533832589943, 44.87059927192332], [-116.93180048607422, 44.78718066403284], [-117.06227334128654, 44.72714264528993], [-117.14293040403385, 44.55723605045734], [-117.22593253413353, 44.47938901737471], [-117.24302716995562, 44.39097418314454], [-117.19220262011753, 44.32863013206679], [-117.21697389375622, 44.288357173282506], [-117.17034208282283, 44.258889576649096], [-117.12103693838569, 44.277585000411634], [-117.05935182163842, 44.237244036370505], [-116.97195843195928, 44.23567719427853], [-116.9654985831681, 44.194126277813545], [-116.89593068151605, 44.154295408803144], [-116.97735056684009, 44.08536402814177], [-116.93734177767351, 44.02937632671513], [-117.02357704868689, 43.82381053725661], [-117.02619682969944, 41.99988994954561], [-113.8179637317815, 41.98858038127639], [-111.04668911633331, 42.00156664390112], [-111.04672336958477, 40.997958551506365], [-109.05007592023483, 41.00065927548975], [-109.04522288399224, 36.99908358775837], [-111.27828610776847, 37.00046499039503], [-114.05059960224133, 37.00039570545789], [-114.04683770318397, 36.19406908689745], [-114.15172509134307, 36.024563378853365], [-114.27064549422387, 36.03571987788912], [-114.37210570605504, 36.14311400186685], [-114.44865354019853, 36.126410089208946], [-114.57203059093551, 36.151610284383906], [-114.73616537425596, 36.10436678891369], [-114.73115945220299, 35.94391621545902], [-114.66968731291432, 35.865083709692655], [-114.70370968302244, 35.814585408087495], [-114.68940680431051, 35.65141245603508], [-114.65340564714278, 35.61078892669286], [-114.66449989165537, 35.44949707404628], [-114.62713711314113, 35.409503869238556], [-114.57274738445906, 35.1387248160834], [-114.61990544409545, 35.12163184954324], [-114.63348740214605, 35.00185712645514], [-115.56303404231448, 35.74280265343765], [-116.61473671742048, 34.554387952505685], [-116.69379672223147, 34.13131344748899], [-116.8400813269603, 34.092086699040905], [-117.04301373791566, 34.14069675676715], [-117.09099683289288, 34.0560447951702], [-117.20409598004301, 34.03264840237419], [-117.2201369677152, 34.082742441617796], [-117.31556473956259, 34.04485007538962], [-117.5594455951181, 34.065330547097076], [-117.62010391201613, 34.106393430861736], [-117.81002516567955, 33.93991055389419], [-117.9860015654869, 34.03871563614106], [-118.00752847325263, 34.105764045218166], [-118.0661727824059, 34.117614574281774], [-118.08629132814669, 34.202500025121054], [-118.16260697876378, 34.170384077391944], [-118.14802233870044, 34.1275187986491], [-118.18779776106528, 34.15350667581767], [-118.226748730256, 34.14563998531815], [-118.22665430870512, 34.113364983599105], [-118.288924502045, 34.14869468013582], [-118.18155060553065, 34.1860401817291], [-118.10354690363205, 34.325171836453336], [-118.01078106160854, 34.371104222695365], [-117.917353478372, 34.52533021025969], [-118.3415545422027, 34.518159735388984], [-118.41514985859612, 34.584657158844685], [-118.27621468720272, 34.686427624771284], [-118.19029305905482, 35.243698364126836], [-118.31124580157716, 35.30897946877347], [-118.32566333877884, 36.1749047670774], [-118.30421040761289, 36.269622099688156], [-118.03592166868759, 36.63020274839492], [-117.46739499408692, 37.195934306592555], [-119.46505591021352, 38.62954449738729], [-119.78193252422143, 38.64468676062525], [-120.5312638904577, 39.05281262887859], [-120.76036028050359, 38.99511352291641], [-120.9556280895476, 38.80566156791522], [-121.0834212801032, 38.79695778841288], [-121.13639995889399, 38.74915438131793], [-121.24114901402058, 38.712573786428194], [-121.30976635944225, 38.725691152897625], [-121.34449033257066, 38.68987094740549], [-121.45744590083282, 38.71939112772459], [-121.4519819209424, 38.6625238260112]]], [[[-122.87413502319212, 48.418196024518636], [-123.14147809041957, 48.50529082765374], [-123.23714836802266, 48.68346623300676], [-123.0704264303535, 48.69997102749397], [-122.93792469428499, 48.790315504046674], [-122.81843675748019, 48.744629279989155], [-122.74304862069643, 48.661990878651295], [-122.79901059602109, 48.60468303483375], [-122.77120581327618, 48.562426451431705], [-122.80352087264934, 48.42874837644496], [-122.87413502319212, 48.418196024518636]]]]}, "properties": {"scenario_id": "51_13_11_24_3", "bundle": "FI", "bundle_title": "FI only", "district_raw": "FI_21", "district": "FI_21", "wholesaler": "R0045", "mass": 329.29553537, "color": "#1d34af"}}, {"type": "Feature", "geometry": {"type": "Polygon", "coordinates": [[[-90.19714563641898, 35.050731005715356], [-90.16005758148432, 35.1288297112714], [-90.09060948233306, 35.11828677598148], [-90.097946911511, 35.24998341196143], [-90.16659429352659, 35.27458837845726], [-90.08790354844979, 35.36326999834372], [-90.11250352367772, 35.41015283038876], [-90.04530575259398, 35.41543473936029], [-90.02206364360475, 35.45737479493341], [-90.03761469546895, 35.5503286283097], [-89.95849811544763, 35.54170293977132], [-89.9325000758837, 35.607864626172095], [-89.87654764759381, 35.626652811849766], [-89.95658909004227, 35.695486139334406], [-89.91549045872449, 35.75491712041382], [-89.86387408717223, 35.74759199450128], [-89.72342555119485, 35.809382265514905], [-89.72263361789793, 35.8737178421331], [-89.64726993839155, 35.89491974898849], [-89.7330951871491, 36.00060817057157], [-89.69243687594069, 36.02050742220106], [-89.68002857785368, 36.08249356191859], [-89.59210230177894, 36.13563723475368], [-89.69262993734046, 36.22495907808757], [-89.6780461489098, 36.24828424206183], [-89.60237397291968, 36.23810601572362], [-89.55428867229665, 36.27775091234956], [-89.6118193191109, 36.30908772150919], [-89.60054416473399, 36.342984814968105], [-89.52269479335521, 36.34478940973205], [-89.53923239724472, 36.49793441530275], [-88.0504662423379, 36.50005311243949], [-88.03380195556905, 36.55173325631287], [-88.07053176339113, 36.67811836762723], [-87.84956683684058, 36.66370114128847], [-87.85320432087143, 36.633247413527315], [-86.507771478549, 36.65244497082016], [-84.9587697595407, 36.61353606137639], [-85.1961105730038, 36.12548253168288], [-85.42461741666774, 35.88303052077942], [-85.78034007890311, 35.970592060486226], [-85.9204156403633, 35.94272996284449], [-86.02037932775589, 35.753923811295394], [-85.81386688433092, 35.42157179196167], [-86.03036207484476, 35.375140474488326], [-86.32946163047575, 34.991057972890175], [-90.30929700986734, 34.99569384338051], [-90.3006969949641, 35.028793323317345], [-90.19714563641898, 35.050731005715356]]]}, "properties": {"scenario_id": "51_13_11_24_3", "bundle": "FI", "bundle_title": "FI only", "district_raw": "FI_22", "district": "FI_22", "wholesaler": "R0046", "mass": 283.795411, "color": "#e458ce"}}, {"type": "Feature", "geometry": {"type": "MultiPolygon", "coordinates": [[[[-118.23286874306524, 33.71488883070354], [-118.39660639567222, 33.73591682405366], [-118.42840695769023, 33.77471514167643], [-118.39430700634024, 33.80431465194056], [-118.41270782388234, 33.88391297777391], [-118.48850100948145, 33.996780928494154], [-118.42908541178207, 34.0494652857497], [-118.37640372486553, 34.0339915517204], [-118.36190522858587, 34.05327959380012], [-118.4723699960927, 34.066390711308685], [-118.45251088341342, 34.09380936412396], [-118.3638095328386, 34.05637156451024], [-118.35770455951427, 34.08854140498772], [-118.2260685362392, 34.097246558507], [-118.20383375319295, 34.08288965134433], [-118.22431098398845, 34.01512687669729], [-118.18235693259648, 34.01375482768221], [-118.1972452824216, 33.965596345460334], [-118.1607640291064, 33.94553279926954], [-118.13467111452114, 33.986875538957186], [-118.17682534975295, 34.015768266002354], [-118.1878689387726, 34.07980815365382], [-118.14802233870044, 34.1275187986491], [-118.16260697876378, 34.170384077391944], [-118.08629132814669, 34.202500025121054], [-118.0661727824059, 34.117614574281774], [-118.00752847325263, 34.105764045218166], [-117.9860015654869, 34.03871563614106], [-117.81002516567955, 33.93991055389419], [-117.62010391201613, 34.106393430861736], [-117.5594455951181, 34.065330547097076], [-117.31556473956259, 34.04485007538962], [-117.2201369677152, 34.082742441617796], [-117.20409598004301, 34.03264840237419], [-117.09099683289288, 34.0560447951702], [-117.04301373791566, 34.14069675676715], [-116.8400813269603, 34.092086699040905], [-116.69379672223147, 34.13131344748899], [-116.61473671742048, 34.554387952505685], [-115.56303404231448, 35.74280265343765], [-114.63348740214605, 35.00185712645514], [-114.61990544409545, 35.12163184954324], [-114.57274738445906, 35.1387248160834], [-114.62713711314113, 35.409503869238556], [-114.66449989165537, 35.44949707404628], [-114.65340564714278, 35.61078892669286], [-114.68940680431051, 35.65141245603508], [-114.70370968302244, 35.814585408087495], [-114.66968731291432, 35.865083709692655], [-114.73115945220299, 35.94391621545902], [-114.73616537425596, 36.10436678891369], [-114.57203059093551, 36.151610284383906], [-114.44865354019853, 36.126410089208946], [-114.37210570605504, 36.14311400186685], [-114.27064549422387, 36.03571987788912], [-114.15172509134307, 36.024563378853365], [-114.04683770318397, 36.19406908689745], [-114.05059960224133, 37.00039570545789], [-111.27828610776847, 37.00046499039503], [-109.04522288399224, 36.99908358775837], [-109.05004407717621, 31.332502307114957], [-111.07482461338998, 31.33223909014771], [-114.81361290326561, 32.494276720606344], [-114.80939351119109, 32.61711934317877], [-114.71963339793865, 32.71876323529525], [-117.12486187554302, 32.53415618622659], [-117.16886546141485, 32.67195166018527], [-117.24606924613505, 32.66935241231992], [-117.28076992889005, 33.01234328775026], [-117.44558323046857, 33.268517102987964], [-117.64558194292665, 33.44072819664616], [-117.71534893345276, 33.4605561668263], [-118.08889559351626, 33.72981724573345], [-118.13269848186845, 33.7532171138622], [-118.23286874306524, 33.71488883070354]]], [[[-80.88324811922624, 37.383933434350745], [-80.83547908575197, 37.33482431563129], [-81.22510361004294, 37.234873856038206], [-81.36215645234631, 37.33768701774025], [-81.5606254300939, 37.206662836088846], [-81.6786032376006, 37.202467133760095], [-81.89600112469884, 37.331967063456304], [-81.98489119500941, 37.45431530194779], [-81.93227925444988, 37.511961227472334], [-82.064417807583, 37.5445159129735], [-82.29611778534026, 37.686173780868415], [-82.32735643056431, 37.76223285207468], [-82.48755640276079, 37.916975014169864], [-82.46498690559235, 37.97685932630404], [-82.62618169109498, 38.134834667821984], [-82.57187702988197, 38.31578119774447], [-82.593673245671, 38.42180863065246], [-82.56066465013477, 38.4043376862228], [-82.32399931139662, 38.44926824660096], [-82.27426963745557, 38.59368276054623], [-82.17516709573103, 38.60848443013456], [-82.20929023307254, 38.80267167787553], [-82.16157055912153, 38.82463205977471], [-82.04156346657817, 39.01787825201999], [-82.00706222382337, 39.029577985155996], [-81.94182878263089, 38.99329494587988], [-81.89846996643914, 38.92960322416286], [-81.82735395160948, 38.945897971143445], [-81.77573447431035, 38.98073676698608], [-81.80785482550372, 39.08397768709125], [-81.74295287650867, 39.10657839182438], [-81.75275436090685, 39.18467623823722], [-81.67833069179768, 39.273754646960334], [-81.56524686820303, 39.27617522543799], [-81.55964698360681, 39.33077394318093], [-81.45614330594576, 39.409274185399134], [-81.34756690482874, 39.345770404734886], [-81.2490874659158, 39.389992111723444], [-81.12853237411998, 39.44937509538893], [-80.86557449317914, 39.66275073554211], [-80.82976417543944, 39.71183869633109], [-80.86993330665405, 39.76355532887622], [-80.82496959425349, 39.801092021914656], [-80.8033942756489, 39.918762356934], [-80.74012639005035, 39.970792855975404], [-80.736804133131, 40.080071972599704], [-80.6065954801892, 40.303868812561355], [-80.63159631290966, 40.38546782185946], [-80.604895474423, 40.44666666500855], [-80.667957365718, 40.58249636072164], [-80.62717126696685, 40.61993607741613], [-80.5189910523099, 40.638800885381094], [-80.5193417446976, 39.721403179863415], [-79.47666239989555, 39.72107853105007], [-79.48687339054297, 39.205960853186546], [-79.28372257473222, 39.30963983295165], [-79.09132899943762, 39.4724069952237], [-78.95675131008447, 39.44026391526239], [-78.77113963274374, 39.638386643093895], [-78.7070977891237, 39.55585685567669], [-78.46095145580081, 39.52598730621008], [-78.38295954154523, 39.62224584672735], [-78.08226006752601, 39.671166400478576], [-78.0067343757108, 39.60133747471549], [-77.82981406913586, 39.58728756266952], [-77.71951901446813, 39.321314053071596], [-77.82815678891029, 39.13232934723613], [-78.34708685005232, 39.4660122917395], [-78.3404804817383, 39.3534921184693], [-78.40181321593367, 39.27675420148954], [-78.41394295290971, 39.158415347199295], [-78.56171089698182, 39.009007064763274], [-78.77279252874541, 38.893741726409395], [-78.86927555587836, 38.7629912047348], [-78.9990139340238, 38.84007374504114], [-79.0929551124682, 38.65951686231952], [-79.2977583124716, 38.41643830355035], [-79.47663749784502, 38.45722821701416], [-79.54257001229226, 38.553216816998976], [-79.64907511785295, 38.59151508430868], [-79.68967489382702, 38.43143874877644], [-79.80409257543565, 38.313921949958086], [-79.78754179021637, 38.27329837619158], [-79.91617372856795, 38.184385959622645], [-79.97123060921932, 38.0443256263811], [-80.19963302191094, 37.82750685823579], [-80.29225782510731, 37.6837323483842], [-80.22338561049739, 37.623184936380646], [-80.28244029306383, 37.58548135601985], [-80.2916442026184, 37.5365046225819], [-80.46481962058684, 37.426143493995376], [-80.54483559881652, 37.47469509783954], [-80.77008174001729, 37.37236307380246], [-80.83644632574143, 37.42435509592875], [-80.88324811922624, 37.383933434350745]]], [[[-118.46536844585546, 33.32605625760987], [-118.59396921891587, 33.4671976561883], [-118.48478538894568, 33.48748322132737], [-118.28626075133438, 33.35146273015807], [-118.32524435721106, 33.299074781976714], [-118.46536844585546, 33.32605625760987]]], [[[-118.64157748337172, 33.017128791137885], [-118.59403320650866, 33.03595083054221], [-118.3535044511439, 32.82196187255982], [-118.42563352703651, 32.80059486630279], [-118.64157748337172, 33.017128791137885]]]]}, "properties": {"scenario_id": "51_13_11_24_3", "bundle": "FI", "bundle_title": "FI only", "district_raw": "FI_23", "district": "FI_23", "wholesaler": "R0047", "mass": 443.51411384, "color": "#1daf34"}}, {"type": "Feature", "geometry": {"type": "MultiPolygon", "coordinates": [[[[-79.94988726145091, 36.00934042742066], [-80.00910128423037, 35.98204880536419], [-80.15659385378922, 36.00377804235445], [-80.13412451035792, 36.040864301343696], [-80.03799748827532, 36.06808120710047], [-79.99007731327625, 36.15259906621298], [-79.99422146200118, 36.23797983834237], [-80.14453408365985, 36.30401625516878], [-80.30625950247739, 36.23380743728752], [-80.45370880314978, 36.22471627501768], [-80.50475751434337, 36.24070262142871], [-80.54979333663543, 36.33661859706491], [-80.6443584158444, 36.35248276045811], [-81.06917630764416, 36.56733567126377], [-81.67753445183806, 36.5881169587497], [-81.64690010956188, 36.61191782005666], [-81.92264362505318, 36.616212674647535], [-81.93414358937328, 36.594212638627454], [-83.67541279735892, 36.60081366805367], [-83.5271125357105, 36.665985032440055], [-83.13639524370154, 36.7430880065909], [-83.0755894950651, 36.85058918983238], [-82.89544464534728, 36.882144582892266], [-82.86918283003905, 36.97418187291632], [-82.72225411113062, 37.05794787676099], [-82.72629453055025, 37.11185208005722], [-82.3553429245016, 37.265220065045774], [-81.96829747701086, 37.53779797296821], [-81.93227925444988, 37.511961227472334], [-81.98489119500941, 37.45431530194779], [-81.89600112469884, 37.331967063456304], [-81.6786032376006, 37.202467133760095], [-81.5606254300939, 37.206662836088846], [-81.36215645234631, 37.33768701774025], [-81.22510361004294, 37.234873856038206], [-80.83547908575197, 37.33482431563129], [-80.88324811922624, 37.383933434350745], [-80.86514780246117, 37.41992654967073], [-80.77008174001729, 37.37236307380246], [-80.54483559881652, 37.47469509783954], [-80.46481962058684, 37.426143493995376], [-80.2916442026184, 37.5365046225819], [-80.28244029306383, 37.58548135601985], [-80.22338561049739, 37.623184936380646], [-80.29225782510731, 37.6837323483842], [-80.19963302191094, 37.82750685823579], [-79.97123060921932, 38.0443256263811], [-79.91617372856795, 38.184385959622645], [-79.78754179021637, 38.27329837619158], [-79.80409257543565, 38.313921949958086], [-79.68967489382702, 38.43143874877644], [-79.64907511785295, 38.59151508430868], [-79.54257001229226, 38.553216816998976], [-79.47663749784502, 38.45722821701416], [-79.2977583124716, 38.41643830355035], [-79.0929551124682, 38.65951686231952], [-78.9990139340238, 38.84007374504114], [-78.86927555587836, 38.7629912047348], [-78.77279252874541, 38.893741726409395], [-78.56171089698182, 39.009007064763274], [-78.41394295290971, 39.158415347199295], [-78.40181321593367, 39.27675420148954], [-78.3404804817383, 39.3534921184693], [-78.34708685005232, 39.4660122917395], [-77.82815678891029, 39.13232934723613], [-77.71951901446813, 39.321314053071596], [-77.58823487595981, 39.30195499046096], [-77.45988339516012, 39.218682117499185], [-77.51992940646414, 39.12092519090149], [-77.46261687468315, 39.07624760110678], [-77.24840308930834, 39.02690920941772], [-77.2498031670971, 38.98590942381984], [-77.14660080202216, 38.96420956436143], [-77.0390986953705, 38.86811156596816], [-77.05319920040598, 38.70991525653265], [-77.13250118314113, 38.67381570247657], [-77.1301997647523, 38.63501688537431], [-77.24670441061193, 38.635216987847926], [-77.2952735623688, 38.56212524041088], [-77.31728752343052, 38.38357570762103], [-77.26529480075205, 38.3331649316706], [-77.04813652151627, 38.36014525912717], [-76.96231147206154, 38.21407464840381], [-76.83879494681572, 38.16347591597905], [-76.61393941893768, 38.14858674128373], [-76.49199860642771, 38.01722194362938], [-76.23672467372002, 37.88917393912398], [-76.25135800969757, 37.83307161153553], [-76.31030673253139, 37.794849378128355], [-76.32911961474899, 37.670975673067005], [-76.27944689523102, 37.61822494156526], [-76.29795935992722, 37.55763616347695], [-76.24846041624154, 37.37513490912792], [-76.27555246108507, 37.30996395925999], [-76.39395819708409, 37.39593995072285], [-76.43752517964644, 37.37975011184408], [-76.36229018733358, 37.27022617248123], [-76.3941323392717, 37.22514991248712], [-76.27126197930951, 37.08454424089883], [-76.30427150658397, 37.00137790136535], [-76.18995903088242, 36.931447375179005], [-76.08795450893172, 36.90864705001176], [-75.99625237803748, 36.92204675516895], [-75.79640970878431, 36.29035124212221], [-75.49608655404187, 35.728514838039324], [-75.45865855863939, 35.59659676444123], [-75.53362745520967, 35.225824866198906], [-75.75791558483934, 35.18307892125929], [-76.137269104129, 34.98785797579993], [-76.38680416132335, 34.784579327740396], [-76.53594647222941, 34.58857705486304], [-76.6187193122673, 34.67255043205255], [-76.72696895743775, 34.69669032899202], [-76.90625674837062, 34.68281987659323], [-77.13684270254106, 34.632925846070975], [-77.58618583959283, 34.39132797567338], [-77.90909042150695, 34.73033732009471], [-78.25512253179478, 34.6159837370977], [-78.36238478867801, 34.59820281347897], [-78.46172711258201, 34.6337376433835], [-78.57514144975951, 34.746934310874146], [-78.62811034111778, 34.94968116252849], [-78.61949851983097, 35.0431698541218], [-78.8598146456308, 35.30758126605014], [-78.97738621679767, 35.33167201363747], [-79.11915459987831, 35.28582874259447], [-79.57446150640973, 35.495291488141895], [-79.61522678737344, 35.657297917493004], [-79.69045176997588, 35.68714226873883], [-79.94988726145091, 36.00934042742066]]], [[[-76.02347539281796, 37.28906682142251], [-75.9411819970873, 37.56383893426352], [-75.81215515600717, 37.74950228125579], [-75.81812508256961, 37.79169783675698], [-75.70291366311419, 37.84965889924521], [-75.75769336846994, 37.90391228465121], [-75.62434120048356, 37.994211013769636], [-75.24226597356196, 38.027209327147894], [-75.38063742895615, 37.85170224966274], [-75.43900138632964, 37.86933543879887], [-75.48927004986561, 37.832456582160695], [-75.672877454338, 37.48369588693122], [-75.65837865989842, 37.451814953626005], [-75.81738686760546, 37.19343720216628], [-75.94239925698349, 37.08960702715843], [-75.9796076188689, 37.10044812017051], [-76.02347539281796, 37.28906682142251]]]]}, "properties": {"scenario_id": "51_13_11_24_3", "bundle": "FI", "bundle_title": "FI only", "district_raw": "FI_24", "district": "FI_24", "wholesaler": "R0048", "mass": 369.31355528, "color": "#58c2e4"}}]}