scenario,zip_code,current_channel,state,model_channel,district,district_channels,rep,county,cbsa,place,district_name,m_rel,reason
ifa_southatl_merge,19701,ifa,DE,IFA,IFA_06,IFA,,10003,37980,1004130,"IFA Baltimore-Columbia-Towson, MD",2.50638,
ifa_southatl_merge,19702,ifa,DE,IFA,IFA_06,IFA,,10003,37980,1029350,"IFA Baltimore-Columbia-Towson, MD",0.00636361,
ifa_southatl_merge,19703,ifa,DE,IFA,IFA_06,IFA,,10003,37980,1015310,"IFA Baltimore-Columbia-Towson, MD",0.0,no cell in the extract: territory at zero opportunity
ifa_southatl_merge,19706,ifa,DE,IFA,IFA_06,IFA,,10003,37980,1019730,"IFA Baltimore-Columbia-Towson, MD",0.0,no cell in the extract: territory at zero opportunity
ifa_southatl_merge,19707,ifa,DE,IFA,IFA_06,IFA,,10003,37980,1035850,"IFA Baltimore-Columbia-Towson, MD",1.56866,
ifa_southatl_merge,19709,ifa,DE,IFA,IFA_06,IFA,,10003,37980,1047030,"IFA Baltimore-Columbia-Towson, MD",12.7463,
ifa_southatl_merge,19710,ifa,DE,IFA,IFA_06,IFA,,10003,37980,,"IFA Baltimore-Columbia-Towson, MD",1.46972,
ifa_southatl_merge,19711,ifa,DE,IFA,IFA_06,IFA,,10003,37980,1050670,"IFA Baltimore-Columbia-Towson, MD",3.47912,
ifa_southatl_merge,19713,ifa,DE,IFA,IFA_06,IFA,,10003,37980,1009850,"IFA Baltimore-Columbia-Towson, MD",81.6042,
ifa_southatl_merge,19716,ifa,DE,IFA,IFA_06,IFA,,10003,37980,1050670,"IFA Baltimore-Columbia-Towson, MD",0.0,no cell in the extract: territory at zero opportunity
ifa_southatl_merge,19717,ifa,DE,IFA,IFA_06,IFA,,10003,37980,1050670,"IFA Baltimore-Columbia-Towson, MD",0.0,no cell in the extract: territory at zero opportunity
ifa_southatl_merge,19720,ifa,DE,IFA,IFA_06,IFA,,10003,37980,1050800,"IFA Baltimore-Columbia-Towson, MD",19.6613,
ifa_southatl_merge,19730,ifa,DE,IFA,IFA_06,IFA,,10003,37980,1054050,"IFA Baltimore-Columbia-Towson, MD",0.016952,
ifa_southatl_merge,19731,ifa,DE,IFA,IFA_06,IFA,,10003,37980,1058600,"IFA Baltimore-Columbia-Towson, MD",0.0,no cell in the extract: territory at zero opportunity
ifa_southatl_merge,19732,ifa,DE,IFA,IFA_06,IFA,,10003,37980,,"IFA Baltimore-Columbia-Towson, MD",0.0,no cell in the extract: territory at zero opportunity
ifa_southatl_merge,19733,ifa,DE,IFA,IFA_06,IFA,,10003,37980,1063800,"IFA Baltimore-Columbia-Towson, MD",0.0,no cell in the extract: territory at zero opportunity
ifa_southatl_merge,19734,ifa,DE,IFA,IFA_06,IFA,,10003,37980,1047030,"IFA Baltimore-Columbia-Towson, MD",0.0,no cell in the extract: territory at zero opportunity
ifa_southatl_merge,19735,ifa,DE,IFA,IFA_06,IFA,,10003,37980,,"IFA Baltimore-Columbia-Towson, MD",0.0,no cell in the extract: territory at zero opportunity
ifa_southatl_merge,19736,ifa,DE,IFA,IFA_06,IFA,,10003,37980,1035850,"IFA Baltimore-Columbia-Towson, MD",0.0,no cell in the extract: territory at zero opportunity
ifa_southatl_merge,19801,ifa,DE,IFA,IFA_06,IFA,,10003,37980,1077580,"IFA Baltimore-Columbia-Towson, MD",3.99833,
ifa_southatl_merge,19802,ifa,DE,IFA,IFA_06,IFA,,10003,37980,1077580,"IFA Baltimore-Columbia-Towson, MD",3.73809,
ifa_southatl_merge,19803,ifa,DE,IFA,IFA_06,IFA,,10003,37980,1077580,"IFA Baltimore-Columbia-Towson, MD",9.10149,
ifa_southatl_merge,19804,ifa,DE,IFA,IFA_06,IFA,,10003,37980,1051190,"IFA Baltimore-Columbia-Towson, MD",0.723029,
ifa_southatl_merge,19805,ifa,DE,IFA,IFA_06,IFA,,10003,37980,1077580,"IFA Baltimore-Columbia-Towson, MD",5.23112,
ifa_southatl_merge,19806,ifa,DE,IFA,IFA_06,IFA,,10003,37980,1077580,"IFA Baltimore-Columbia-Towson, MD",4.1486,
ifa_southatl_merge,19807,ifa,DE,IFA,IFA_06,IFA,,10003,37980,1031430,"IFA Baltimore-Columbia-Towson, MD",18.5614,
ifa_southatl_merge,19808,ifa,DE,IFA,IFA_06,IFA,,10003,37980,1056490,"IFA Baltimore-Columbia-Towson, MD",8.6452,
ifa_southatl_merge,19809,ifa,DE,IFA,IFA_06,IFA,,10003,37980,1077580,"IFA Baltimore-Columbia-Towson, MD",0.15909,
ifa_southatl_merge,19810,ifa,DE,IFA,IFA_06,IFA,,10003,37980,1001400,"IFA Baltimore-Columbia-Towson, MD",9.63666,
ifa_southatl_merge,19901,ifa,DE,IFA,IFA_06,IFA,,10001,20100,1021200,"IFA Baltimore-Columbia-Towson, MD",2.26034,
ifa_southatl_merge,19902,ifa,DE,IFA,IFA_06,IFA,,10001,20100,1021200,"IFA Baltimore-Columbia-Towson, MD",0.0,no cell in the extract: territory at zero opportunity
ifa_southatl_merge,19904,ifa,DE,IFA,IFA_06,IFA,,10001,20100,1021200,"IFA Baltimore-Columbia-Towson, MD",5.25036,
ifa_southatl_merge,19930,ifa,DE,IFA,IFA_06,IFA,,10005,42580,1005690,"IFA Baltimore-Columbia-Towson, MD",0.901623,
ifa_southatl_merge,19931,ifa,DE,IFA,IFA_06,IFA,,10005,42580,1005820,"IFA Baltimore-Columbia-Towson, MD",0.0,no cell in the extract: territory at zero opportunity
ifa_southatl_merge,19933,ifa,DE,IFA,IFA_06,IFA,,10005,42580,1008680,"IFA Baltimore-Columbia-Towson, MD",0.0,no cell in the extract: territory at zero opportunity
ifa_southatl_merge,19934,ifa,DE,IFA,IFA_06,IFA,,10001,20100,1010760,"IFA Baltimore-Columbia-Towson, MD",0.242612,
ifa_southatl_merge,19936,ifa,DE,IFA,IFA_06,IFA,,10001,20100,1014660,"IFA Baltimore-Columbia-Towson, MD",0.0,no cell in the extract: territory at zero opportunity
ifa_southatl_merge,19938,ifa,DE,IFA,IFA_06,IFA,,10001,20100,1015440,"IFA Baltimore-Columbia-Towson, MD",0.0,no cell in the extract: territory at zero opportunity
ifa_southatl_merge,19939,ifa,DE,IFA,IFA_06,IFA,,10005,42580,1018950,"IFA Baltimore-Columbia-Towson, MD",0.0,no cell in the extract: territory at zero opportunity
ifa_southatl_merge,19940,ifa,DE,IFA,IFA_06,IFA,,10005,42580,1020380,"IFA Baltimore-Columbia-Towson, MD",0.0,no cell in the extract: territory at zero opportunity
ifa_southatl_merge,19941,ifa,DE,IFA,IFA_06,IFA,,10005,42580,1024020,"IFA Baltimore-Columbia-Towson, MD",0.0,no cell in the extract: territory at zero opportunity
ifa_southatl_merge,19943,ifa,DE,IFA,IFA_06,IFA,,10001,20100,1061480,"IFA Baltimore-Columbia-Towson, MD",0.0,no cell in the extract: territory at zero opportunity
ifa_southatl_merge,19944,ifa,DE,IFA,IFA_06,IFA,,10005,42580,1026880,"IFA Baltimore-Columbia-Towson, MD",0.0,no cell in the extract: territory at zero opportunity
ifa_southatl_merge,19945,ifa,DE,IFA,IFA_06,IFA,,10005,42580,1028310,"IFA Baltimore-Columbia-Towson, MD",0.0,no cell in the extract: territory at zero opportunity
ifa_southatl_merge,19946,ifa,DE,IFA,IFA_06,IFA,,10001,20100,1028440,"IFA Baltimore-Columbia-Towson, MD",0.0,no cell in the extract: territory at zero opportunity
ifa_southatl_merge,19947,ifa,DE,IFA,IFA_06,IFA,,10005,42580,1029090,"IFA Baltimore-Columbia-Towson, MD",0.0190908,
ifa_southatl_merge,19950,ifa,DE,IFA,IFA_06,IFA,,10005,42580,1031560,"IFA Baltimore-Columbia-Towson, MD",0.0,no cell in the extract: territory at zero opportunity
ifa_southatl_merge,19951,ifa,DE,IFA,IFA_06,IFA,,10005,42580,,"IFA Baltimore-Columbia-Towson, MD",0.0,no cell in the extract: territory at zero opportunity
ifa_southatl_merge,19952,ifa,DE,IFA,IFA_06,IFA,,10001,20100,1033120,"IFA Baltimore-Columbia-Towson, MD",0.0,no cell in the extract: territory at zero opportunity
ifa_southatl_merge,19953,ifa,DE,IFA,IFA_06,IFA,,10001,20100,1033250,"IFA Baltimore-Columbia-Towson, MD",0.0,no cell in the extract: territory at zero opportunity
ifa_southatl_merge,19954,ifa,DE,IFA,IFA_06,IFA,,10001,20100,1036760,"IFA Baltimore-Columbia-Towson, MD",0.0,no cell in the extract: territory at zero opportunity
ifa_southatl_merge,19955,ifa,DE,IFA,IFA_06,IFA,,10001,20100,1039100,"IFA Baltimore-Columbia-Towson, MD",0.0,no cell in the extract: territory at zero opportunity
ifa_southatl_merge,19956,ifa,DE,IFA,IFA_06,IFA,,10005,42580,1041310,"IFA Baltimore-Columbia-Towson, MD",4.29272,
ifa_southatl_merge,19958,ifa,DE,IFA,IFA_06,IFA,,10005,42580,1041830,"IFA Baltimore-Columbia-Towson, MD",5.15629,
ifa_southatl_merge,19960,ifa,DE,IFA,IFA_06,IFA,,10005,42580,1042480,"IFA Baltimore-Columbia-Towson, MD",0.0,no cell in the extract: territory at zero opportunity
ifa_southatl_merge,19962,ifa,DE,IFA,IFA_06,IFA,,10001,20100,1061265,"IFA Baltimore-Columbia-Towson, MD",0.0,no cell in the extract: territory at zero opportunity
ifa_southatl_merge,19963,ifa,DE,IFA,IFA_06,IFA,,10005,42580,1047420,"IFA Baltimore-Columbia-Towson, MD",0.643369,
ifa_southatl_merge,19964,ifa,DE,IFA,IFA_06,IFA,,10001,20100,,"IFA Baltimore-Columbia-Towson, MD",0.0,no cell in the extract: territory at zero opportunity
ifa_southatl_merge,19966,ifa,DE,IFA,IFA_06,IFA,,10005,42580,1047940,"IFA Baltimore-Columbia-Towson, MD",1.29775,
ifa_southatl_merge,19967,ifa,DE,IFA,IFA_06,IFA,,10005,42580,1048200,"IFA Baltimore-Columbia-Towson, MD",0.278703,
ifa_southatl_merge,19968,ifa,DE,IFA,IFA_06,IFA,,10005,42580,1048330,"IFA Baltimore-Columbia-Towson, MD",0.0,no cell in the extract: territory at zero opportunity
ifa_southatl_merge,19970,ifa,DE,IFA,IFA_06,IFA,,10005,42580,1053920,"IFA Baltimore-Columbia-Towson, MD",1.56648,
ifa_southatl_merge,19971,ifa,DE,IFA,IFA_06,IFA,,10005,42580,1060290,"IFA Baltimore-Columbia-Towson, MD",2.38874,
ifa_southatl_merge,19973,ifa,DE,IFA,IFA_06,IFA,,10005,42580,1064320,"IFA Baltimore-Columbia-Towson, MD",0.0,no cell in the extract: territory at zero opportunity
ifa_southatl_merge,19975,ifa,DE,IFA,IFA_06,IFA,,10005,42580,1064840,"IFA Baltimore-Columbia-Towson, MD",0.0,no cell in the extract: territory at zero opportunity
ifa_southatl_merge,19977,ifa,DE,IFA,IFA_06,IFA,,10001,20100,1067310,"IFA Baltimore-Columbia-Towson, MD",0.0,no cell in the extract: territory at zero opportunity
ifa_southatl_merge,19979,ifa,DE,IFA,IFA_06,IFA,,10001,20100,1074330,"IFA Baltimore-Columbia-Towson, MD",0.0,no cell in the extract: territory at zero opportunity
ifa_southatl_merge,19980,ifa,DE,IFA,IFA_06,IFA,,10001,20100,1080830,"IFA Baltimore-Columbia-Towson, MD",0.0,no cell in the extract: territory at zero opportunity
ifa_southatl_merge,20001,ifa,DC,IFA,IFA_09,IFA,,11001,47900,1150000,"IFA Washington-Arlington-Alexandria, DC-VA-MD-WV",0.291303,
ifa_southatl_merge,20002,ifa,DC,IFA,IFA_09,IFA,,11001,47900,1150000,"IFA Washington-Arlington-Alexandria, DC-VA-MD-WV",2.10714,
ifa_southatl_merge,20003,ifa,DC,IFA,IFA_09,IFA,,11001,47900,1150000,"IFA Washington-Arlington-Alexandria, DC-VA-MD-WV",0.944253,
ifa_southatl_merge,20004,ifa,DC,IFA,IFA_09,IFA,,11001,47900,1150000,"IFA Washington-Arlington-Alexandria, DC-VA-MD-WV",0.0,no cell in the extract: territory at zero opportunity
ifa_southatl_merge,20005,ifa,DC,IFA,IFA_09,IFA,,11001,47900,1150000,"IFA Washington-Arlington-Alexandria, DC-VA-MD-WV",0.0,no cell in the extract: territory at zero opportunity
ifa_southatl_merge,20006,ifa,DC,IFA,IFA_09,IFA,,11001,47900,1150000,"IFA Washington-Arlington-Alexandria, DC-VA-MD-WV",3.52872,
ifa_southatl_merge,20007,ifa,DC,IFA,IFA_09,IFA,,11001,47900,1150000,"IFA Washington-Arlington-Alexandria, DC-VA-MD-WV",0.679105,
ifa_southatl_merge,20008,ifa,DC,IFA,IFA_09,IFA,,11001,47900,1150000,"IFA Washington-Arlington-Alexandria, DC-VA-MD-WV",0.0,no cell in the extract: territory at zero opportunity
ifa_southatl_merge,20009,ifa,DC,IFA,IFA_09,IFA,,11001,47900,1150000,"IFA Washington-Arlington-Alexandria, DC-VA-MD-WV",0.238635,
ifa_southatl_merge,20010,ifa,DC,IFA,IFA_09,IFA,,11001,47900,1150000,"IFA Washington-Arlington-Alexandria, DC-VA-MD-WV",0.0,no cell in the extract: territory at zero opportunity
ifa_southatl_merge,20011,ifa,DC,IFA,IFA_09,IFA,,11001,47900,1150000,"IFA Washington-Arlington-Alexandria, DC-VA-MD-WV",0.198863,
ifa_southatl_merge,20012,ifa,DC,IFA,IFA_09,IFA,,11001,47900,1150000,"IFA Washington-Arlington-Alexandria, DC-VA-MD-WV",0.00815497,
ifa_southatl_merge,20015,ifa,DC,IFA,IFA_09,IFA,,11001,47900,1150000,"IFA Washington-Arlington-Alexandria, DC-VA-MD-WV",0.222686,
ifa_southatl_merge,20016,ifa,DC,IFA,IFA_09,IFA,,11001,47900,1150000,"IFA Washington-Arlington-Alexandria, DC-VA-MD-WV",0.691908,
ifa_southatl_merge,20017,ifa,DC,IFA,IFA_09,IFA,,11001,47900,1150000,"IFA Washington-Arlington-Alexandria, DC-VA-MD-WV",0.0,no cell in the extract: territory at zero opportunity
ifa_southatl_merge,20018,ifa,DC,IFA,IFA_09,IFA,,11001,47900,1150000,"IFA Washington-Arlington-Alexandria, DC-VA-MD-WV",0.0,no cell in the extract: territory at zero opportunity
ifa_southatl_merge,20019,ifa,DC,IFA,IFA_09,IFA,,11001,47900,1150000,"IFA Washington-Arlington-Alexandria, DC-VA-MD-WV",0.611702,
ifa_southatl_merge,20020,ifa,DC,IFA,IFA_09,IFA,,11001,47900,1150000,"IFA Washington-Arlington-Alexandria, DC-VA-MD-WV",0.0,no cell in the extract: territory at zero opportunity
ifa_southatl_merge,20024,ifa,DC,IFA,IFA_09,IFA,,11001,47900,1150000,"IFA Washington-Arlington-Alexandria, DC-VA-MD-WV",3.81632,
ifa_southatl_merge,20032,ifa,DC,IFA,IFA_09,IFA,,11001,47900,1150000,"IFA Washington-Arlington-Alexandria, DC-VA-MD-WV",0.0,no cell in the extract: territory at zero opportunity
ifa_southatl_merge,20036,ifa,DC,IFA,IFA_09,IFA,,11001,47900,1150000,"IFA Washington-Arlington-Alexandria, DC-VA-MD-WV",0.154528,
ifa_southatl_merge,20037,ifa,DC,IFA,IFA_09,IFA,,11001,47900,1150000,"IFA Washington-Arlington-Alexandria, DC-VA-MD-WV",0.31818,
ifa_southatl_merge,20045,ifa,DC,IFA,IFA_09,IFA,,11001,47900,1150000,"IFA Washington-Arlington-Alexandria, DC-VA-MD-WV",0.0,no cell in the extract: territory at zero opportunity
ifa_southatl_merge,20052,ifa,DC,IFA,IFA_09,IFA,,11001,47900,1150000,"IFA Washington-Arlington-Alexandria, DC-VA-MD-WV",0.0,no cell in the extract: territory at zero opportunity
ifa_southatl_merge,20057,ifa,DC,IFA,IFA_09,IFA,,11001,47900,1150000,"IFA Washington-Arlington-Alexandria, DC-VA-MD-WV",0.0,no cell in the extract: territory at zero opportunity
ifa_southatl_merge,20059,ifa,DC,IFA,IFA_09,IFA,,11001,47900,1150000,"IFA Washington-Arlington-Alexandria, DC-VA-MD-WV",0.0,no cell in the extract: territory at zero opportunity
ifa_southatl_merge,20064,ifa,DC,IFA,IFA_09,IFA,,11001,47900,1150000,"IFA Washington-Arlington-Alexandria, DC-VA-MD-WV",0.0,no cell in the extract: territory at zero opportunity
ifa_southatl_merge,20105,ifa,VA,IFA,IFA_09,IFA,,51107,47900,5175702,"IFA Washington-Arlington-Alexandria, DC-VA-MD-WV",3.47087,
ifa_southatl_merge,20106,ifa,VA,IFA,IFA_09,IFA,,51157,47900,,"IFA Washington-Arlington-Alexandria, DC-VA-MD-WV",0.0,no cell in the extract: territory at zero opportunity
ifa_southatl_merge,20109,ifa,VA,IFA,IFA_09,IFA,,51153,47900,5176416,"IFA Washington-Arlington-Alexandria, DC-VA-MD-WV",1.20796,
ifa_southatl_merge,20110,ifa,VA,IFA,IFA_09,IFA,,51683,47900,5148952,"IFA Washington-Arlington-Alexandria, DC-VA-MD-WV",7.79592,
ifa_southatl_merge,20111,ifa,VA,IFA,IFA_09,IFA,,51153,47900,5110776,"IFA Washington-Arlington-Alexandria, DC-VA-MD-WV",0.0,no cell in the extract: territory at zero opportunity
ifa_southatl_merge,20112,ifa,VA,IFA,IFA_09,IFA,,51153,47900,5110776,"IFA Washington-Arlington-Alexandria, DC-VA-MD-WV",0.0,no cell in the extract: territory at zero opportunity
ifa_southatl_merge,20115,ifa,VA,IFA,IFA_09,IFA,,51061,47900,5149656,"IFA Washington-Arlington-Alexandria, DC-VA-MD-WV",0.0,no cell in the extract: territory at zero opportunity
ifa_southatl_merge,20117,ifa,VA,IFA,IFA_09,IFA,,51107,47900,5151448,"IFA Washington-Arlington-Alexandria, DC-VA-MD-WV",0.397725,
ifa_southatl_merge,20119,ifa,VA,IFA,IFA_09,IFA,,51061,47900,5112264,"IFA Washington-Arlington-Alexandria, DC-VA-MD-WV",0.0,no cell in the extract: territory at zero opportunity
ifa_southatl_merge,20120,ifa,VA,IFA,IFA_09,IFA,,51059,47900,5111224,"IFA Washington-Arlington-Alexandria, DC-VA-MD-WV",0.0,no cell in the extract: territory at zero opportunity
ifa_southatl_merge,20121,ifa,VA,IFA,IFA_09,IFA,,51059,47900,5111224,"IFA Washington-Arlington-Alexandria, DC-VA-MD-WV",0.0,no cell in the extract: territory at zero opportunity
ifa_southatl_merge,20124,ifa,VA,IFA,IFA_09,IFA,,51059,47900,5180029,"IFA Washington-Arlington-Alexandria, DC-VA-MD-WV",3.73694,
ifa_southatl_merge,20129,ifa,VA,IFA,IFA_09,IFA,,51107,47900,,"IFA Washington-Arlington-Alexandria, DC-VA-MD-WV",0.0,no cell in the extract: territory at zero opportunity
ifa_southatl_merge,20130,ifa,VA,IFA,IFA_09,IFA,,51043,47900,5160536,"IFA Washington-Arlington-Alexandria, DC-VA-MD-WV",0.0,no cell in the extract: territory at zero opportunity
ifa_southatl_merge,20132,ifa,VA,IFA,IFA_09,IFA,,51107,47900,5165008,"IFA Washington-Arlington-Alexandria, DC-VA-MD-WV",0.536956,
ifa_southatl_merge,20135,ifa,VA,IFA,IFA_09,IFA,,51043,47900,5171825,"IFA Washington-Arlington-Alexandria, DC-VA-MD-WV",0.120871,
ifa_southatl_merge,20136,ifa,VA,IFA,IFA_09,IFA,,51153,47900,5145957,"IFA Washington-Arlington-Alexandria, DC-VA-MD-WV",0.0,no cell in the extract: territory at zero opportunity
ifa_southatl_merge,20137,ifa,VA,IFA,IFA_09,IFA,,51061,47900,5155528,"IFA Washington-Arlington-Alexandria, DC-VA-MD-WV",0.0,no cell in the extract: territory at zero opportunity
ifa_southatl_merge,20141,ifa,VA,IFA,IFA_09,IFA,,51107,47900,5169168,"IFA Washington-Arlington-Alexandria, DC-VA-MD-WV",0.661543,
ifa_southatl_merge,20143,ifa,VA,IFA,IFA_09,IFA,,51153,47900,,"IFA Washington-Arlington-Alexandria, DC-VA-MD-WV",0.0,no cell in the extract: territory at zero opportunity
ifa_southatl_merge,20144,ifa,VA,IFA,IFA_09,IFA,,51061,47900,5166032,"IFA Washington-Arlington-Alexandria, DC-VA-MD-WV",0.0,no cell in the extract: territory at zero opportunity
ifa_southatl_merge,20147,ifa,VA,IFA,IFA_09,IFA,,51107,47900,5103320,"IFA Washington-Arlington-Alexandria, DC-VA-MD-WV",8.05365,
ifa_southatl_merge,20148,ifa,VA,IFA,IFA_09,IFA,,51107,47900,5109188,"IFA Washington-Arlington-Alexandria, DC-VA-MD-WV",2.55244,
ifa_southatl_merge,20151,ifa,VA,IFA,IFA_09,IFA,,51059,47900,5114744,"IFA Washington-Arlington-Alexandria, DC-VA-MD-WV",1.40366,
ifa_southatl_merge,20152,ifa,VA,IFA,IFA_09,IFA,,51107,47900,5174100,"IFA Washington-Arlington-Alexandria, DC-VA-MD-WV",1.95556,
ifa_southatl_merge,20155,ifa,VA,IFA,IFA_09,IFA,,51153,47900,5130176,"IFA Washington-Arlington-Alexandria, DC-VA-MD-WV",0.296838,
ifa_southatl_merge,20158,ifa,VA,IFA,IFA_09,IFA,,51107,47900,5134240,"IFA Washington-Arlington-Alexandria, DC-VA-MD-WV",0.0,no cell in the extract: territory at zero opportunity
ifa_southatl_merge,20164,ifa,VA,IFA,IFA_09,IFA,,51107,47900,5175376,"IFA Washington-Arlington-Alexandria, DC-VA-MD-WV",0.809497,
ifa_southatl_merge,20165,ifa,VA,IFA,IFA_09,IFA,,51107,47900,5113403,"IFA Washington-Arlington-Alexandria, DC-VA-MD-WV",1.29361,
ifa_southatl_merge,20166,ifa,VA,IFA,IFA_09,IFA,,51107,47900,5123732,"IFA Washington-Arlington-Alexandria, DC-VA-MD-WV",0.165916,
ifa_southatl_merge,20169,ifa,VA,IFA,IFA_09,IFA,,51153,47900,5130176,"IFA Washington-Arlington-Alexandria, DC-VA-MD-WV",6.75149,
ifa_southatl_merge,20170,ifa,VA,IFA,IFA_09,IFA,,51059,47900,5136648,"IFA Washington-Arlington-Alexandria, DC-VA-MD-WV",4.95226,
ifa_southatl_merge,20171,ifa,VA,IFA,IFA_09,IFA,,51059,47900,5129628,"IFA Washington-Arlington-Alexandria, DC-VA-MD-WV",7.00657,
ifa_southatl_merge,20175,ifa,VA,IFA,IFA_09,IFA,,51107,47900,5144984,"IFA Washington-Arlington-Alexandria, DC-VA-MD-WV",4.18775,
ifa_southatl_merge,20176,ifa,VA,IFA,IFA_09,IFA,,51107,47900,5144984,"IFA Washington-Arlington-Alexandria, DC-VA-MD-WV",29.0479,
ifa_southatl_merge,20180,ifa,VA,IFA,IFA_09,IFA,,51107,47900,5147208,"IFA Washington-Arlington-Alexandria, DC-VA-MD-WV",0.0,no cell in the extract: territory at zero opportunity
ifa_southatl_merge,20181,ifa,VA,IFA,IFA_09,IFA,,51153,47900,5156464,"IFA Washington-Arlington-Alexandria, DC-VA-MD-WV",0.0,no cell in the extract: territory at zero opportunity
ifa_southatl_merge,20184,ifa,VA,IFA,IFA_09,IFA,,51107,47900,5180224,"IFA Washington-Arlington-Alexandria, DC-VA-MD-WV",0.0,no cell in the extract: territory at zero opportunity
ifa_southatl_merge,20186,ifa,VA,IFA,IFA_09,IFA,,51061,47900,5183136,"IFA Washington-Arlington-Alexandria, DC-VA-MD-WV",4.16971,
ifa_southatl_merge,20187,ifa,VA,IFA,IFA_09,IFA,,51061,47900,5155528,"IFA Washington-Arlington-Alexandria, DC-VA-MD-WV",0.0,no cell in the extract: territory at zero opportunity
ifa_southatl_merge,20190,ifa,VA,IFA,IFA_09,IFA,,51059,47900,5166672,"IFA Washington-Arlington-Alexandria, DC-VA-MD-WV",41.5795,
ifa_southatl_merge,20191,ifa,VA,IFA,IFA_09,IFA,,51059,47900,5166672,"IFA Washington-Arlington-Alexandria, DC-VA-MD-WV",22.6309,
ifa_southatl_merge,20194,ifa,VA,IFA,IFA_09,IFA,,51059,47900,5166672,"IFA Washington-Arlington-Alexandria, DC-VA-MD-WV",0.0,no cell in the extract: territory at zero opportunity
ifa_southatl_merge,20197,ifa,VA,IFA,IFA_09,IFA,,51107,47900,5183440,"IFA Washington-Arlington-Alexandria, DC-VA-MD-WV",0.0,no cell in the extract: territory at zero opportunity
ifa_southatl_merge,20198,ifa,VA,IFA,IFA_09,IFA,,51061,47900,5149656,"IFA Washington-Arlington-Alexandria, DC-VA-MD-WV",0.0,no cell in the extract: territory at zero opportunity
ifa_southatl_merge,20204,ifa,DC,IFA,IFA_09,IFA,,11001,47900,1150000,"IFA Washington-Arlington-Alexandria, DC-VA-MD-WV",0.0,no cell in the extract: territory at zero opportunity
ifa_southatl_merge,20220,ifa,DC,IFA,IFA_09,IFA,,11001,47900,1150000,"IFA Washington-Arlington-Alexandria, DC-VA-MD-WV",0.0,no cell in the extract: territory at zero opportunity
ifa_southatl_merge,20230,ifa,DC,IFA,IFA_09,IFA,,11001,47900,1150000,"IFA Washington-Arlington-Alexandria, DC-VA-MD-WV",0.0,no cell in the extract: territory at zero opportunity
ifa_southatl_merge,20240,ifa,DC,IFA,IFA_09,IFA,,11001,47900,1150000,"IFA Washington-Arlington-Alexandria, DC-VA-MD-WV",0.0,no cell in the extract: territory at zero opportunity
ifa_southatl_merge,20245,ifa,DC,IFA,IFA_09,IFA,,11001,47900,1150000,"IFA Washington-Arlington-Alexandria, DC-VA-MD-WV",0.0,no cell in the extract: territory at zero opportunity
ifa_southatl_merge,20250,ifa,DC,IFA,IFA_09,IFA,,11001,47900,1150000,"IFA Washington-Arlington-Alexandria, DC-VA-MD-WV",0.0,no cell in the extract: territory at zero opportunity
ifa_southatl_merge,20260,ifa,DC,IFA,IFA_09,IFA,,11001,47900,1150000,"IFA Washington-Arlington-Alexandria, DC-VA-MD-WV",0.0,no cell in the extract: territory at zero opportunity
ifa_southatl_merge,20317,ifa,DC,IFA,IFA_09,IFA,,11001,47900,1150000,"IFA Washington-Arlington-Alexandria, DC-VA-MD-WV",0.0,no cell in the extract: territory at zero opportunity
ifa_southatl_merge,20319,ifa,DC,IFA,IFA_09,IFA,,11001,47900,1150000,"IFA Washington-Arlington-Alexandria, DC-VA-MD-WV",0.0,no cell in the extract: territory at zero opportunity
ifa_southatl_merge,20373,ifa,DC,IFA,IFA_09,IFA,,11001,47900,1150000,"IFA Washington-Arlington-Alexandria, DC-VA-MD-WV",0.0,no cell in the extract: territory at zero opportunity
ifa_southatl_merge,20388,ifa,DC,IFA,IFA_09,IFA,,11001,47900,1150000,"IFA Washington-Arlington-Alexandria, DC-VA-MD-WV",0.0,no cell in the extract: territory at zero opportunity
ifa_southatl_merge,20390,ifa,DC,IFA,IFA_09,IFA,,11001,47900,1150000,"IFA Washington-Arlington-Alexandria, DC-VA-MD-WV",0.0,no cell in the extract: territory at zero opportunity
ifa_southatl_merge,20408,ifa,DC,IFA,IFA_09,IFA,,11001,47900,1150000,"IFA Washington-Arlington-Alexandria, DC-VA-MD-WV",0.0,no cell in the extract: territory at zero opportunity
ifa_southatl_merge,20415,ifa,DC,IFA,IFA_09,IFA,,11001,47900,1150000,"IFA Washington-Arlington-Alexandria, DC-VA-MD-WV",0.0,no cell in the extract: territory at zero opportunity
ifa_southatl_merge,20418,ifa,DC,IFA,IFA_09,IFA,,11001,47900,1150000,"IFA Washington-Arlington-Alexandria, DC-VA-MD-WV",0.0,no cell in the extract: territory at zero opportunity
ifa_southatl_merge,20422,ifa,DC,IFA,IFA_09,IFA,,11001,47900,1150000,"IFA Washington-Arlington-Alexandria, DC-VA-MD-WV",0.0,no cell in the extract: territory at zero opportunity
ifa_southatl_merge,20427,ifa,DC,IFA,IFA_09,IFA,,11001,47900,1150000,"IFA Washington-Arlington-Alexandria, DC-VA-MD-WV",0.0,no cell in the extract: territory at zero opportunity
ifa_southatl_merge,20431,ifa,DC,IFA,IFA_09,IFA,,11001,47900,1150000,"IFA Washington-Arlington-Alexandria, DC-VA-MD-WV",0.0,no cell in the extract: territory at zero opportunity
ifa_southatl_merge,20510,ifa,DC,IFA,IFA_09,IFA,,11001,47900,1150000,"IFA Washington-Arlington-Alexandria, DC-VA-MD-WV",0.0,no cell in the extract: territory at zero opportunity
ifa_southatl_merge,20515,ifa,DC,IFA,IFA_09,IFA,,11001,47900,1150000,"IFA Washington-Arlington-Alexandria, DC-VA-MD-WV",0.0,no cell in the extract: territory at zero opportunity
ifa_southatl_merge,20520,ifa,DC,IFA,IFA_09,IFA,,11001,47900,1150000,"IFA Washington-Arlington-Alexandria, DC-VA-MD-WV",0.0,no cell in the extract: territory at zero opportunity
ifa_southatl_merge,20530,ifa,DC,IFA,IFA_09,IFA,,11001,47900,1150000,"IFA Washington-Arlington-Alexandria, DC-VA-MD-WV",0.0,no cell in the extract: territory at zero opportunity
ifa_southatl_merge,20535,ifa,DC,IFA,IFA_09,IFA,,11001,47900,1150000,"IFA Washington-Arlington-Alexandria, DC-VA-MD-WV",0.0,no cell in the extract: territory at zero opportunity
ifa_southatl_merge,20540,ifa,DC,IFA,IFA_09,IFA,,11001,47900,1150000,"IFA Washington-Arlington-Alexandria, DC-VA-MD-WV",0.0,no cell in the extract: territory at zero opportunity
ifa_southatl_merge,20542,ifa,DC,IFA,IFA_09,IFA,,11001,47900,1150000,"IFA Washington-Arlington-Alexandria, DC-VA-MD-WV",0.0,no cell in the extract: territory at zero opportunity
ifa_southatl_merge,20551,ifa,DC,IFA,IFA_09,IFA,,11001,47900,1150000,"IFA Washington-Arlington-Alexandria, DC-VA-MD-WV",0.0,no cell in the extract: territory at zero opportunity
ifa_southatl_merge,20560,ifa,DC,IFA,IFA_09,IFA,,11001,47900,1150000,"IFA Washington-Arlington-Alexandria, DC-VA-MD-WV",0.0,no cell in the extract: territory at zero opportunity
ifa_southatl_merge,20565,ifa,DC,IFA,IFA_09,IFA,,11001,47900,1150000,"IFA Washington-Arlington-Alexandria, DC-VA-MD-WV",0.0,no cell in the extract: territory at zero opportunity
ifa_southatl_merge,20566,ifa,DC,IFA,IFA_09,IFA,,11001,47900,1150000,"IFA Washington-Arlington-Alexandria, DC-VA-MD-WV",0.0,no cell in the extract: territory at zero opportunity
ifa_southatl_merge,20591,ifa,DC,IFA,IFA_09,IFA,,11001,47900,1150000,"IFA Washington-Arlington-Alexandria, DC-VA-MD-WV",0.0,no cell in the extract: territory at zero opportunity
ifa_southatl_merge,20601,ifa,MD,IFA,IFA_06,IFA,,24017,47900,2481175,"IFA Baltimore-Columbia-Towson, MD",0.622018,
ifa_southatl_merge,20602,ifa,MD,IFA,IFA_06,IFA,,24017,47900,2481175,"IFA Baltimore-Columbia-Towson, MD",1.59856,
ifa_southatl_merge,20603,ifa,MD,IFA,IFA_06,IFA,,24017,47900,2406662,"IFA Baltimore-Columbia-Towson, MD",0.0,no cell in the extract: territory at zero opportunity
ifa_southatl_merge,20606,ifa,MD,IFA,IFA_06,IFA,,24037,30500,,"IFA Baltimore-Columbia-Towson, MD",0.0,no cell in the extract: territory at zero opportunity
ifa_southatl_merge,20607,ifa,MD,IFA,IFA_06,IFA,,24033,47900,2400250,"IFA Baltimore-Columbia-Towson, MD",0.0,no cell in the extract: territory at zero opportunity
ifa_southatl_merge,20608,ifa,MD,IFA,IFA_06,IFA,,24033,47900,2401925,"IFA Baltimore-Columbia-Towson, MD",0.0,no cell in the extract: territory at zero opportunity
ifa_southatl_merge,20609,ifa,MD,IFA,IFA_06,IFA,,24037,30500,,"IFA Baltimore-Columbia-Towson, MD",0.0,no cell in the extract: territory at zero opportunity
ifa_southatl_merge,20611,ifa,MD,IFA,IFA_06,IFA,,24017,47900,,"IFA Baltimore-Columbia-Towson, MD",0.0,no cell in the extract: territory at zero opportunity
ifa_southatl_merge,20612,ifa,MD,IFA,IFA_06,IFA,,24017,47900,2406550,"IFA Baltimore-Columbia-Towson, MD",0.0,no cell in the extract: territory at zero opportunity
ifa_southatl_merge,20613,ifa,MD,IFA,IFA_06,IFA,,24033,47900,2403500,"IFA Baltimore-Columbia-Towson, MD",0.0,no cell in the extract: territory at zero opportunity
ifa_southatl_merge,20615,ifa,MD,IFA,IFA_06,IFA,,24009,30500,2410650,"IFA Baltimore-Columbia-Towson, MD",0.0,no cell in the extract: territory at zero opportunity
ifa_southatl_merge,20616,ifa,MD,IFA,IFA_06,IFA,,24017,47900,2410925,"IFA Baltimore-Columbia-Towson, MD",0.0,no cell in the extract: territory at zero opportunity
ifa_southatl_merge,20617,ifa,MD,IFA,IFA_06,IFA,,24017,47900,2410950,"IFA Baltimore-Columbia-Towson, MD",0.0,no cell in the extract: territory at zero opportunity
ifa_southatl_merge,20618,ifa,MD,IFA,IFA_06,IFA,,24037,30500,,"IFA Baltimore-Columbia-Towson, MD",0.0,no cell in the extract: territory at zero opportunity
ifa_southatl_merge,20619,ifa,MD,IFA,IFA_06,IFA,,24037,30500,2412150,"IFA Baltimore-Columbia-Towson, MD",0.0,no cell in the extract: territory at zero opportunity
ifa_southatl_merge,20620,ifa,MD,IFA,IFA_06,IFA,,24037,30500,2412175,"IFA Baltimore-Columbia-Towson, MD",0.0,no cell in the extract: territory at zero opportunity
ifa_southatl_merge,20621,ifa,MD,IFA,IFA_06,IFA,,24037,30500,,"IFA Baltimore-Columbia-Towson, MD",0.0,no cell in the extract: territory at zero opportunity
ifa_southatl_merge,20622,ifa,MD,IFA,IFA_06,IFA,,24017,47900,2415475,"IFA Baltimore-Columbia-Towson, MD",0.0,no cell in the extract: territory at zero opportunity
ifa_southatl_merge,20623,ifa,MD,IFA,IFA_06,IFA,,24033,47900,2468300,"IFA Baltimore-Columbia-Towson, MD",0.0,no cell in the extract: territory at zero opportunity
ifa_southatl_merge,20624,ifa,MD,IFA,IFA_06,IFA,,24037,30500,,"IFA Baltimore-Columbia-Towson, MD",0.0,no cell in the extract: territory at zero opportunity
ifa_southatl_merge,20625,ifa,MD,IFA,IFA_06,IFA,,24017,47900,2418200,"IFA Baltimore-Columbia-Towson, MD",0.0,no cell in the extract: territory at zero opportunity
ifa_southatl_merge,20626,ifa,MD,IFA,IFA_06,IFA,,24037,30500,,"IFA Baltimore-Columbia-Towson, MD",0.0,no cell in the extract: territory at zero opportunity
ifa_southatl_merge,20628,ifa,MD,IFA,IFA_06,IFA,,24037,30500,,"IFA Baltimore-Columbia-Towson, MD",0.0,no cell in the extract: territory at zero opportunity
ifa_southatl_merge,20629,ifa,MD,IFA,IFA_06,IFA,,24009,30500,2473325,"IFA Baltimore-Columbia-Towson, MD",0.0,no cell in the extract: territory at zero opportunity
ifa_southatl_merge,20630,ifa,MD,IFA,IFA_06,IFA,,24037,30500,,"IFA Baltimore-Columbia-Towson, MD",0.0,no cell in the extract: territory at zero opportunity
ifa_southatl_merge,20632,ifa,MD,IFA,IFA_06,IFA,,24017,47900,,"IFA Baltimore-Columbia-Towson, MD",0.0,no cell in the extract: territory at zero opportunity
ifa_southatl_merge,20634,ifa,MD,IFA,IFA_06,IFA,,24037,30500,2412150,"IFA Baltimore-Columbia-Towson, MD",0.0,no cell in the extract: territory at zero opportunity
ifa_southatl_merge,20636,ifa,MD,IFA,IFA_06,IFA,,24037,30500,,"IFA Baltimore-Columbia-Towson, MD",0.0,no cell in the extract: territory at zero opportunity
ifa_southatl_merge,20637,ifa,MD,IFA,IFA_06,IFA,,24017,47900,2440700,"IFA Baltimore-Columbia-Towson, MD",0.0,no cell in the extract: territory at zero opportunity
ifa_southatl_merge,20639,ifa,MD,IFA,IFA_06,IFA,,24009,30500,2441025,"IFA Baltimore-Columbia-Towson, MD",0.0,no cell in the extract: territory at zero opportunity
ifa_southatl_merge,20640,ifa,MD,IFA,IFA_06,IFA,,24017,47900,2410925,"IFA Baltimore-Columbia-Towson, MD",0.0,no cell in the extract: territory at zero opportunity
ifa_southatl_merge,20645,ifa,MD,IFA,IFA_06,IFA,,24017,47900,,"IFA Baltimore-Columbia-Towson, MD",0.0,no cell in the extract: territory at zero opportunity
ifa_southatl_merge,20646,ifa,MD,IFA,IFA_06,IFA,,24017,47900,2445750,"IFA Baltimore-Columbia-Towson, MD",1.62972,
ifa_southatl_merge,20650,ifa,MD,IFA,IFA_06,IFA,,24037,30500,2446475,"IFA Baltimore-Columbia-Towson, MD",3.01131,
ifa_southatl_merge,20653,ifa,MD,IFA,IFA_06,IFA,,24037,30500,2446725,"IFA Baltimore-Columbia-Towson, MD",0.235646,
ifa_southatl_merge,20656,ifa,MD,IFA,IFA_06,IFA,,24037,30500,,"IFA Baltimore-Columbia-Towson, MD",0.0,no cell in the extract: territory at zero opportunity
ifa_southatl_merge,20657,ifa,MD,IFA,IFA_06,IFA,,24009,30500,2416050,"IFA Baltimore-Columbia-Towson, MD",0.0,no cell in the extract: territory at zero opportunity
ifa_southatl_merge,20658,ifa,MD,IFA,IFA_06,IFA,,24017,47900,,"IFA Baltimore-Columbia-Towson, MD",0.0,no cell in the extract: territory at zero opportunity
ifa_southatl_merge,20659,ifa,MD,IFA,IFA_06,IFA,,24037,30500,2451800,"IFA Baltimore-Columbia-Towson, MD",0.0,no cell in the extract: territory at zero opportunity
ifa_southatl_merge,20660,ifa,MD,IFA,IFA_06,IFA,,24037,30500,,"IFA Baltimore-Columbia-Towson, MD",0.0,no cell in the extract: territory at zero opportunity
ifa_southatl_merge,20661,ifa,MD,IFA,IFA_06,IFA,,24017,47900,2418200,"IFA Baltimore-Columbia-Towson, MD",0.0,no cell in the extract: territory at zero opportunity
ifa_southatl_merge,20662,ifa,MD,IFA,IFA_06,IFA,,24017,47900,,"IFA Baltimore-Columbia-Towson, MD",0.0,no cell in the extract: territory at zero opportunity
ifa_southatl_merge,20664,ifa,MD,IFA,IFA_06,IFA,,24017,47900,2467500,"IFA Baltimore-Columbia-Towson, MD",0.0,no cell in the extract: territory at zero opportunity
ifa_southatl_merge,20667,ifa,MD,IFA,IFA_06,IFA,,24037,30500,,"IFA Baltimore-Columbia-Towson, MD",0.0,no cell in the extract: territory at zero opportunity
ifa_southatl_merge,20670,ifa,MD,IFA,IFA_06,IFA,,24037,30500,,"IFA Baltimore-Columbia-Towson, MD",0.0,no cell in the extract: territory at zero opportunity
ifa_southatl_merge,20674,ifa,MD,IFA,IFA_06,IFA,,24037,30500,2461875,"IFA Baltimore-Columbia-Towson, MD",0.0,no cell in the extract: territory at zero opportunity
ifa_southatl_merge,20675,ifa,MD,IFA,IFA_06,IFA,,24017,47900,2462675,"IFA Baltimore-Columbia-Towson, MD",0.0,no cell in the extract: territory at zero opportunity
ifa_southatl_merge,20676,ifa,MD,IFA,IFA_06,IFA,,24009,30500,2469675,"IFA Baltimore-Columbia-Towson, MD",0.0,no cell in the extract: territory at zero opportunity
ifa_southatl_merge,20677,ifa,MD,IFA,IFA_06,IFA,,24017,47900,2463225,"IFA Baltimore-Columbia-Towson, MD",0.0,no cell in the extract: territory at zero opportunity
ifa_southatl_merge,20678,ifa,MD,IFA,IFA_06,IFA,,24009,30500,2463950,"IFA Baltimore-Columbia-Towson, MD",2.85329,
ifa_southatl_merge,20680,ifa,MD,IFA,IFA_06,IFA,,24037,30500,,"IFA Baltimore-Columbia-Towson, MD",0.0,no cell in the extract: territory at zero opportunity
ifa_southatl_merge,20684,ifa,MD,IFA,IFA_06,IFA,,24037,30500,,"IFA Baltimore-Columbia-Towson, MD",0.0,no cell in the extract: territory at zero opportunity
ifa_southatl_merge,20685,ifa,MD,IFA,IFA_06,IFA,,24009,30500,2469675,"IFA Baltimore-Columbia-Towson, MD",0.0,no cell in the extract: territory at zero opportunity
ifa_southatl_merge,20686,ifa,MD,IFA,IFA_06,IFA,,24037,30500,,"IFA Baltimore-Columbia-Towson, MD",0.0,no cell in the extract: territory at zero opportunity
ifa_southatl_merge,20687,ifa,MD,IFA,IFA_06,IFA,,24037,30500,,"IFA Baltimore-Columbia-Towson, MD",0.0,no cell in the extract: territory at zero opportunity
ifa_southatl_merge,20688,ifa,MD,IFA,IFA_06,IFA,,24009,30500,2473325,"IFA Baltimore-Columbia-Towson, MD",0.0,no cell in the extract: territory at zero opportunity
ifa_southatl_merge,20689,ifa,MD,IFA,IFA_06,IFA,,24009,30500,2415925,"IFA Baltimore-Columbia-Towson, MD",0.0,no cell in the extract: territory at zero opportunity
ifa_southatl_merge,20690,ifa,MD,IFA,IFA_06,IFA,,24037,30500,2476675,"IFA Baltimore-Columbia-Towson, MD",0.0,no cell in the extract: territory at zero opportunity
ifa_southatl_merge,20692,ifa,MD,IFA,IFA_06,IFA,,24037,30500,2476675,"IFA Baltimore-Columbia-Towson, MD",0.0,no cell in the extract: territory at zero opportunity
ifa_southatl_merge,20693,ifa,MD,IFA,IFA_06,IFA,,24017,47900,,"IFA Baltimore-Columbia-Towson, MD",0.0,no cell in the extract: territory at zero opportunity
ifa_southatl_merge,20695,ifa,MD,IFA,IFA_06,IFA,,24017,47900,2481175,"IFA Baltimore-Columbia-Towson, MD",0.0,no cell in the extract: territory at zero opportunity
ifa_southatl_merge,20701,ifa,MD,IFA,IFA_06,IFA,,24027,12580,2442550,"IFA Baltimore-Columbia-Towson, MD",0.0,no cell in the extract: territory at zero opportunity
ifa_southatl_merge,20705,ifa,MD,IFA,IFA_06,IFA,,24033,47900,2406400,"IFA Baltimore-Columbia-Towson, MD",0.218741,
ifa_southatl_merge,20706,ifa,MD,IFA,IFA_06,IFA,,24033,47900,2445550,"IFA Baltimore-Columbia-Towson, MD",0.254557,
ifa_southatl_merge,20707,ifa,MD,IFA,IFA_06,IFA,,24033,47900,2445900,"IFA Baltimore-Columbia-Towson, MD",0.0047727,
ifa_southatl_merge,20708,ifa,MD,IFA,IFA_06,IFA,,24033,47900,2473650,"IFA Baltimore-Columbia-Towson, MD",2.95255,
ifa_southatl_merge,20710,ifa,MD,IFA,IFA_06,IFA,,24033,47900,2407850,"IFA Baltimore-Columbia-Towson, MD",0.0,no cell in the extract: territory at zero opportunity
ifa_southatl_merge,20711,ifa,MD,IFA,IFA_06,IFA,,24003,12580,,"IFA Baltimore-Columbia-Towson, MD",0.0,no cell in the extract: territory at zero opportunity
ifa_southatl_merge,20712,ifa,MD,IFA,IFA_06,IFA,,24033,47900,2454275,"IFA Baltimore-Columbia-Towson, MD",0.0,no cell in the extract: territory at zero opportunity
ifa_southatl_merge,20714,ifa,MD,IFA,IFA_06,IFA,,24003,12580,2456300,"IFA Baltimore-Columbia-Towson, MD",0.0,no cell in the extract: territory at zero opportunity
ifa_southatl_merge,20715,ifa,MD,IFA,IFA_06,IFA,,24033,47900,2408775,"IFA Baltimore-Columbia-Towson, MD",0.510559,
ifa_southatl_merge,20716,ifa,MD,IFA,IFA_06,IFA,,24033,47900,2408775,"IFA Baltimore-Columbia-Towson, MD",3.58807,
ifa_southatl_merge,20720,ifa,MD,IFA,IFA_06,IFA,,24033,47900,2427580,"IFA Baltimore-Columbia-Towson, MD",0.0,no cell in the extract: territory at zero opportunity
ifa_southatl_merge,20721,ifa,MD,IFA,IFA_06,IFA,,24033,47900,2486710,"IFA Baltimore-Columbia-Towson, MD",0.721031,
ifa_southatl_merge,20722,ifa,MD,IFA,IFA_06,IFA,,24033,47900,2418850,"IFA Baltimore-Columbia-Towson, MD",0.0,no cell in the extract: territory at zero opportunity
ifa_southatl_merge,20723,ifa,MD,IFA,IFA_06,IFA,,24027,12580,2456725,"IFA Baltimore-Columbia-Towson, MD",1.46856,
ifa_southatl_merge,20724,ifa,MD,IFA,IFA_06,IFA,,24003,12580,2451075,"IFA Baltimore-Columbia-Towson, MD",0.0,no cell in the extract: territory at zero opportunity
ifa_southatl_merge,20732,ifa,MD,IFA,IFA_06,IFA,,24009,30500,2415925,"IFA Baltimore-Columbia-Towson, MD",0.276817,
ifa_southatl_merge,20733,ifa,MD,IFA,IFA_06,IFA,,24003,12580,2422050,"IFA Baltimore-Columbia-Towson, MD",0.0,no cell in the extract: territory at zero opportunity
ifa_southatl_merge,20735,ifa,MD,IFA,IFA_06,IFA,,24033,47900,2417900,"IFA Baltimore-Columbia-Towson, MD",0.278929,
ifa_southatl_merge,20736,ifa,MD,IFA,IFA_06,IFA,,24009,30500,2459375,"IFA Baltimore-Columbia-Towson, MD",0.109034,
ifa_southatl_merge,20737,ifa,MD,IFA,IFA_06,IFA,,24033,47900,2466635,"IFA Baltimore-Columbia-Towson, MD",0.0,no cell in the extract: territory at zero opportunity
ifa_southatl_merge,20740,ifa,MD,IFA,IFA_06,IFA,,24033,47900,2418750,"IFA Baltimore-Columbia-Towson, MD",0.0,no cell in the extract: territory at zero opportunity
ifa_southatl_merge,20742,ifa,MD,IFA,IFA_06,IFA,,24033,47900,2418750,"IFA Baltimore-Columbia-Towson, MD",0.0,no cell in the extract: territory at zero opportunity
ifa_southatl_merge,20743,ifa,MD,IFA,IFA_06,IFA,,24033,47900,2481250,"IFA Baltimore-Columbia-Towson, MD",0.0,no cell in the extract: territory at zero opportunity
ifa_southatl_merge,20744,ifa,MD,IFA,IFA_06,IFA,,24033,47900,2429525,"IFA Baltimore-Columbia-Towson, MD",0.0,no cell in the extract: territory at zero opportunity
ifa_southatl_merge,20745,ifa,MD,IFA,IFA_06,IFA,,24033,47900,2432350,"IFA Baltimore-Columbia-Towson, MD",0.047727,
ifa_southatl_merge,20746,ifa,MD,IFA,IFA_06,IFA,,24033,47900,2475725,"IFA Baltimore-Columbia-Towson, MD",1.92367,
ifa_southatl_merge,20747,ifa,MD,IFA,IFA_06,IFA,,24033,47900,2429000,"IFA Baltimore-Columbia-Towson, MD",0.0,no cell in the extract: territory at zero opportunity
ifa_southatl_merge,20748,ifa,MD,IFA,IFA_06,IFA,,24033,47900,2412600,"IFA Baltimore-Columbia-Towson, MD",0.0,no cell in the extract: territory at zero opportunity
ifa_southatl_merge,20751,ifa,MD,IFA,IFA_06,IFA,,24003,12580,2422050,"IFA Baltimore-Columbia-Towson, MD",0.0,no cell in the extract: territory at zero opportunity
ifa_southatl_merge,20754,ifa,MD,IFA,IFA_06,IFA,,24009,30500,2424050,"IFA Baltimore-Columbia-Towson, MD",0.0892112,
ifa_southatl_merge,20755,ifa,MD,IFA,IFA_06,IFA,,24003,12580,2429400,"IFA Baltimore-Columbia-Towson, MD",0.0,no cell in the extract: territory at zero opportunity
ifa_southatl_merge,20758,ifa,MD,IFA,IFA_06,IFA,,24003,12580,2430650,"IFA Baltimore-Columbia-Towson, MD",0.0,no cell in the extract: territory at zero opportunity
ifa_southatl_merge,20759,ifa,MD,IFA,IFA_06,IFA,,24027,12580,2431025,"IFA Baltimore-Columbia-Towson, MD",7.3186,
ifa_southatl_merge,20762,ifa,MD,IFA,IFA_06,IFA,,24033,47900,2401450,"IFA Baltimore-Columbia-Towson, MD",0.0,no cell in the extract: territory at zero opportunity
ifa_southatl_merge,20763,ifa,MD,IFA,IFA_06,IFA,,24027,12580,2470475,"IFA Baltimore-Columbia-Towson, MD",0.0,no cell in the extract: territory at zero opportunity
ifa_southatl_merge,20764,ifa,MD,IFA,IFA_06,IFA,,24003,12580,2471450,"IFA Baltimore-Columbia-Towson, MD",0.0,no cell in the extract: territory at zero opportunity
ifa_southatl_merge,20765,ifa,MD,IFA,IFA_06,IFA,,24003,12580,2431275,"IFA Baltimore-Columbia-Towson, MD",0.0,no cell in the extract: territory at zero opportunity
ifa_southatl_merge,20769,ifa,MD,IFA,IFA_06,IFA,,24033,47900,2433400,"IFA Baltimore-Columbia-Towson, MD",0.0,no cell in the extract: territory at zero opportunity
ifa_southatl_merge,20770,ifa,MD,IFA,IFA_06,IFA,,24033,47900,2434775,"IFA Baltimore-Columbia-Towson, MD",2.76664,
ifa_southatl_merge,20771,ifa,MD,IFA,IFA_06,IFA,,24033,47900,2434775,"IFA Baltimore-Columbia-Towson, MD",0.0,no cell in the extract: territory at zero opportunity
ifa_southatl_merge,20772,ifa,MD,IFA,IFA_06,IFA,,24033,47900,2420925,"IFA Baltimore-Columbia-Towson, MD",0.0,no cell in the extract: territory at zero opportunity
ifa_southatl_merge,20774,ifa,MD,IFA,IFA_06,IFA,,24033,47900,2410150,"IFA Baltimore-Columbia-Towson, MD",2.96071,
ifa_southatl_merge,20776,ifa,MD,IFA,IFA_06,IFA,,24003,12580,,"IFA Baltimore-Columbia-Towson, MD",0.0,no cell in the extract: territory at zero opportunity
ifa_southatl_merge,20777,ifa,MD,IFA,IFA_06,IFA,,24027,12580,2438475,"IFA Baltimore-Columbia-Towson, MD",0.0,no cell in the extract: territory at zero opportunity
ifa_southatl_merge,20778,ifa,MD,IFA,IFA_06,IFA,,24003,12580,2471450,"IFA Baltimore-Columbia-Towson, MD",0.0,no cell in the extract: territory at zero opportunity
ifa_southatl_merge,20779,ifa,MD,IFA,IFA_06,IFA,,24003,12580,2422050,"IFA Baltimore-Columbia-Towson, MD",0.0,no cell in the extract: territory at zero opportunity
ifa_southatl_merge,20781,ifa,MD,IFA,IFA_06,IFA,,24033,47900,2441250,"IFA Baltimore-Columbia-Towson, MD",0.0,no cell in the extract: territory at zero opportunity
ifa_southatl_merge,20782,ifa,MD,IFA,IFA_06,IFA,,24033,47900,2416875,"IFA Baltimore-Columbia-Towson, MD",0.521046,
ifa_southatl_merge,20783,ifa,MD,IFA,IFA_06,IFA,,24033,47900,2400400,"IFA Baltimore-Columbia-Towson, MD",0.0,no cell in the extract: territory at zero opportunity
ifa_southatl_merge,20784,ifa,MD,IFA,IFA_06,IFA,,24033,47900,2455400,"IFA Baltimore-Columbia-Towson, MD",0.0,no cell in the extract: territory at zero opportunity
ifa_southatl_merge,20785,ifa,MD,IFA,IFA_06,IFA,,24033,47900,2475810,"IFA Baltimore-Columbia-Towson, MD",0.395001,
ifa_southatl_merge,20794,ifa,MD,IFA,IFA_06,IFA,,24027,12580,2442550,"IFA Baltimore-Columbia-Towson, MD",0.0,no cell in the extract: territory at zero opportunity
ifa_southatl_merge,20812,ifa,MD,IFA,IFA_06,IFA,,24031,47900,2432900,"IFA Baltimore-Columbia-Towson, MD",0.0,no cell in the extract: territory at zero opportunity
ifa_southatl_merge,20814,ifa,MD,IFA,IFA_06,IFA,,24031,47900,2407125,"IFA Baltimore-Columbia-Towson, MD",33.9908,
ifa_southatl_merge,20815,ifa,MD,IFA,IFA_06,IFA,,24031,47900,2416625,"IFA Baltimore-Columbia-Towson, MD",7.43754,
ifa_southatl_merge,20816,ifa,MD,IFA,IFA_06,IFA,,24031,47900,2407125,"IFA Baltimore-Columbia-Towson, MD",1.32026,
ifa_southatl_merge,20817,ifa,MD,IFA,IFA_06,IFA,,24031,47900,2407125,"IFA Baltimore-Columbia-Towson, MD",20.5368,
ifa_southatl_merge,20818,ifa,MD,IFA,IFA_06,IFA,,24031,47900,2412075,"IFA Baltimore-Columbia-Towson, MD",0.0,no cell in the extract: territory at zero opportunity
ifa_southatl_merge,20832,ifa,MD,IFA,IFA_06,IFA,,24031,47900,2458900,"IFA Baltimore-Columbia-Towson, MD",6.18185,
ifa_southatl_merge,20833,ifa,MD,IFA,IFA_06,IFA,,24031,47900,2458900,"IFA Baltimore-Columbia-Towson, MD",1.61132,
ifa_southatl_merge,20837,ifa,MD,IFA,IFA_06,IFA,,24031,47900,2462850,"IFA Baltimore-Columbia-Towson, MD",0.0695678,
ifa_southatl_merge,20838,ifa,MD,IFA,IFA_06,IFA,,24031,47900,2404475,"IFA Baltimore-Columbia-Towson, MD",0.0,no cell in the extract: territory at zero opportunity
ifa_southatl_merge,20839,ifa,MD,IFA,IFA_06,IFA,,24031,47900,,"IFA Baltimore-Columbia-Towson, MD",0.0,no cell in the extract: territory at zero opportunity
ifa_southatl_merge,20841,ifa,MD,IFA,IFA_06,IFA,,24031,47900,2477262,"IFA Baltimore-Columbia-Towson, MD",1.38467,
ifa_southatl_merge,20842,ifa,MD,IFA,IFA_06,IFA,,24031,47900,,"IFA Baltimore-Columbia-Towson, MD",0.0,no cell in the extract: territory at zero opportunity
ifa_southatl_merge,20850,ifa,MD,IFA,IFA_06,IFA,,24031,47900,2467675,"IFA Baltimore-Columbia-Towson, MD",77.7798,
ifa_southatl_merge,20851,ifa,MD,IFA,IFA_06,IFA,,24031,47900,2467675,"IFA Baltimore-Columbia-Towson, MD",0.800106,
ifa_southatl_merge,20852,ifa,MD,IFA,IFA_06,IFA,,24031,47900,2456337,"IFA Baltimore-Columbia-Towson, MD",41.3289,
ifa_southatl_merge,20853,ifa,MD,IFA,IFA_06,IFA,,24031,47900,2402825,"IFA Baltimore-Columbia-Towson, MD",0.44645,
ifa_southatl_merge,20854,ifa,MD,IFA,IFA_06,IFA,,24031,47900,2463300,"IFA Baltimore-Columbia-Towson, MD",16.9318,
ifa_southatl_merge,20855,ifa,MD,IFA,IFA_06,IFA,,24031,47900,2465312,"IFA Baltimore-Columbia-Towson, MD",0.419827,
ifa_southatl_merge,20860,ifa,MD,IFA,IFA_06,IFA,,24031,47900,2402762,"IFA Baltimore-Columbia-Towson, MD",0.0,no cell in the extract: territory at zero opportunity
ifa_southatl_merge,20861,ifa,MD,IFA,IFA_06,IFA,,24031,47900,2402762,"IFA Baltimore-Columbia-Towson, MD",0.79395,
ifa_southatl_merge,20862,ifa,MD,IFA,IFA_06,IFA,,24031,47900,2402762,"IFA Baltimore-Columbia-Towson, MD",0.0,no cell in the extract: territory at zero opportunity
ifa_southatl_merge,20866,ifa,MD,IFA,IFA_06,IFA,,24031,47900,2411750,"IFA Baltimore-Columbia-Towson, MD",0.0,no cell in the extract: territory at zero opportunity
ifa_southatl_merge,20868,ifa,MD,IFA,IFA_06,IFA,,24031,47900,2411750,"IFA Baltimore-Columbia-Towson, MD",0.0,no cell in the extract: territory at zero opportunity
ifa_southatl_merge,20871,ifa,MD,IFA,IFA_06,IFA,,24031,47900,2417350,"IFA Baltimore-Columbia-Towson, MD",0.65404,
ifa_southatl_merge,20872,ifa,MD,IFA,IFA_06,IFA,,24031,47900,2421475,"IFA Baltimore-Columbia-Towson, MD",2.12768,
ifa_southatl_merge,20874,ifa,MD,IFA,IFA_06,IFA,,24031,47900,2421825,"IFA Baltimore-Columbia-Towson, MD",15.4752,
ifa_southatl_merge,20876,ifa,MD,IFA,IFA_06,IFA,,24031,47900,2432025,"IFA Baltimore-Columbia-Towson, MD",0.0,no cell in the extract: territory at zero opportunity
ifa_southatl_merge,20877,ifa,MD,IFA,IFA_06,IFA,,24031,47900,2431175,"IFA Baltimore-Columbia-Towson, MD",10.1101,
ifa_southatl_merge,20878,ifa,MD,IFA,IFA_06,IFA,,24031,47900,2431175,"IFA Baltimore-Columbia-Towson, MD",10.4309,
ifa_southatl_merge,20879,ifa,MD,IFA,IFA_06,IFA,,24031,47900,2428512,"IFA Baltimore-Columbia-Towson, MD",0.0,no cell in the extract: territory at zero opportunity
ifa_southatl_merge,20880,ifa,MD,IFA,IFA_06,IFA,,24031,47900,2481675,"IFA Baltimore-Columbia-Towson, MD",0.0,no cell in the extract: territory at zero opportunity
ifa_southatl_merge,20882,ifa,MD,IFA,IFA_06,IFA,,24031,47900,2421475,"IFA Baltimore-Columbia-Towson, MD",0.0,no cell in the extract: territory at zero opportunity
ifa_southatl_merge,20886,ifa,MD,IFA,IFA_06,IFA,,24031,47900,2453325,"IFA Baltimore-Columbia-Towson, MD",1.81249,
ifa_southatl_merge,20889,ifa,MD,IFA,IFA_06,IFA,,24031,47900,2407125,"IFA Baltimore-Columbia-Towson, MD",0.0,no cell in the extract: territory at zero opportunity
ifa_southatl_merge,20892,ifa,MD,IFA,IFA_06,IFA,,24031,47900,2407125,"IFA Baltimore-Columbia-Towson, MD",0.0,no cell in the extract: territory at zero opportunity
ifa_southatl_merge,20894,ifa,MD,IFA,IFA_06,IFA,,24031,47900,2407125,"IFA Baltimore-Columbia-Towson, MD",0.0,no cell in the extract: territory at zero opportunity
ifa_southatl_merge,20895,ifa,MD,IFA,IFA_06,IFA,,24031,47900,2473600,"IFA Baltimore-Columbia-Towson, MD",3.9464,
ifa_southatl_merge,20896,ifa,MD,IFA,IFA_06,IFA,,24031,47900,2431525,"IFA Baltimore-Columbia-Towson, MD",0.0,no cell in the extract: territory at zero opportunity
ifa_southatl_merge,20899,ifa,MD,IFA,IFA_06,IFA,,24031,47900,2431175,"IFA Baltimore-Columbia-Towson, MD",0.0,no cell in the extract: territory at zero opportunity
ifa_southatl_merge,20901,ifa,MD,IFA,IFA_06,IFA,,24031,47900,2472450,"IFA Baltimore-Columbia-Towson, MD",0.964403,
ifa_southatl_merge,20902,ifa,MD,IFA,IFA_06,IFA,,24031,47900,2483775,"IFA Baltimore-Columbia-Towson, MD",1.06483,
ifa_southatl_merge,20903,ifa,MD,IFA,IFA_06,IFA,,24031,47900,2438850,"IFA Baltimore-Columbia-Towson, MD",1.32581,
ifa_southatl_merge,20904,ifa,MD,IFA,IFA_06,IFA,,24031,47900,2418475,"IFA Baltimore-Columbia-Towson, MD",4.64748,
ifa_southatl_merge,20905,ifa,MD,IFA,IFA_06,IFA,,24031,47900,2418150,"IFA Baltimore-Columbia-Towson, MD",0.21874,
ifa_southatl_merge,20906,ifa,MD,IFA,IFA_06,IFA,,24031,47900,2402825,"IFA Baltimore-Columbia-Towson, MD",0.0,no cell in the extract: territory at zero opportunity
ifa_southatl_merge,20910,ifa,MD,IFA,IFA_06,IFA,,24031,47900,2472450,"IFA Baltimore-Columbia-Towson, MD",4.73159,
ifa_southatl_merge,20912,ifa,MD,IFA,IFA_06,IFA,,24031,47900,2476650,"IFA Baltimore-Columbia-Towson, MD",0.0,no cell in the extract: territory at zero opportunity
ifa_southatl_merge,21001,ifa,MD,IFA,IFA_06,IFA,,24025,12580,2400125,"IFA Baltimore-Columbia-Towson, MD",0.0,no cell in the extract: territory at zero opportunity
ifa_southatl_merge,21005,ifa,MD,IFA,IFA_06,IFA,,24025,12580,2400175,"IFA Baltimore-Columbia-Towson, MD",0.0,no cell in the extract: territory at zero opportunity
ifa_southatl_merge,21009,ifa,MD,IFA,IFA_06,IFA,,24025,12580,2405950,"IFA Baltimore-Columbia-Towson, MD",0.0,no cell in the extract: territory at zero opportunity
ifa_southatl_merge,21010,ifa,MD,IFA,IFA_06,IFA,,24025,12580,2425150,"IFA Baltimore-Columbia-Towson, MD",0.0,no cell in the extract: territory at zero opportunity
ifa_southatl_merge,21012,ifa,MD,IFA,IFA_06,IFA,,24003,12580,2402275,"IFA Baltimore-Columbia-Towson, MD",0.251596,
ifa_southatl_merge,21013,ifa,MD,IFA,IFA_06,IFA,,24005,12580,2427700,"IFA Baltimore-Columbia-Towson, MD",0.387453,
ifa_southatl_merge,21014,ifa,MD,IFA,IFA_06,IFA,,24025,12580,2405825,"IFA Baltimore-Columbia-Towson, MD",8.73616,
ifa_southatl_merge,21015,ifa,MD,IFA,IFA_06,IFA,,24025,12580,2405950,"IFA Baltimore-Columbia-Towson, MD",0.0572725,
ifa_southatl_merge,21017,ifa,MD,IFA,IFA_06,IFA,,24025,12580,2466762,"IFA Baltimore-Columbia-Towson, MD",5.79776,
ifa_southatl_merge,21023,ifa,MD,IFA,IFA_06,IFA,,24005,12580,,"IFA Baltimore-Columbia-Towson, MD",0.0,no cell in the extract: territory at zero opportunity
ifa_southatl_merge,21028,ifa,MD,IFA,IFA_06,IFA,,24025,12580,,"IFA Baltimore-Columbia-Towson, MD",0.0,no cell in the extract: territory at zero opportunity
ifa_southatl_merge,21029,ifa,MD,IFA,IFA_06,IFA,,24027,12580,2419125,"IFA Baltimore-Columbia-Towson, MD",1.83939,
ifa_southatl_merge,21030,ifa,MD,IFA,IFA_06,IFA,,24005,12580,2418250,"IFA Baltimore-Columbia-Towson, MD",43.343,
ifa_southatl_merge,21031,ifa,MD,IFA,IFA_06,IFA,,24005,12580,2418250,"IFA Baltimore-Columbia-Towson, MD",94.2124,
ifa_southatl_merge,21032,ifa,MD,IFA,IFA_06,IFA,,24003,12580,2421075,"IFA Baltimore-Columbia-Towson, MD",4.41746,
ifa_southatl_merge,21034,ifa,MD,IFA,IFA_06,IFA,,24025,12580,2421800,"IFA Baltimore-Columbia-Towson, MD",0.0,no cell in the extract: territory at zero opportunity
ifa_southatl_merge,21035,ifa,MD,IFA,IFA_06,IFA,,24003,12580,2466400,"IFA Baltimore-Columbia-Towson, MD",0.00141113,
ifa_southatl_merge,21036,ifa,MD,IFA,IFA_06,IFA,,24027,12580,,"IFA Baltimore-Columbia-Towson, MD",0.0770185,
ifa_southatl_merge,21037,ifa,MD,IFA,IFA_06,IFA,,24003,12580,2451575,"IFA Baltimore-Columbia-Towson, MD",3.88276,
ifa_southatl_merge,21040,ifa,MD,IFA,IFA_06,IFA,,24025,12580,2425150,"IFA Baltimore-Columbia-Towson, MD",0.0,no cell in the extract: territory at zero opportunity
ifa_southatl_merge,21042,ifa,MD,IFA,IFA_06,IFA,,24027,12580,2426000,"IFA Baltimore-Columbia-Towson, MD",17.1998,
ifa_southatl_merge,21043,ifa,MD,IFA,IFA_06,IFA,,24027,12580,2426000,"IFA Baltimore-Columbia-Towson, MD",52.2139,
ifa_southatl_merge,21044,ifa,MD,IFA,IFA_06,IFA,,24027,12580,2419125,"IFA Baltimore-Columbia-Towson, MD",11.4166,
ifa_southatl_merge,21045,ifa,MD,IFA,IFA_06,IFA,,24027,12580,2419125,"IFA Baltimore-Columbia-Towson, MD",20.3853,
ifa_southatl_merge,21046,ifa,MD,IFA,IFA_06,IFA,,24027,12580,2419125,"IFA Baltimore-Columbia-Towson, MD",32.7326,
ifa_southatl_merge,21047,ifa,MD,IFA,IFA_06,IFA,,24025,12580,2427700,"IFA Baltimore-Columbia-Towson, MD",0.119318,
ifa_southatl_merge,21048,ifa,MD,IFA,IFA_06,IFA,,24013,12580,2425575,"IFA Baltimore-Columbia-Towson, MD",2.15869,
ifa_southatl_merge,21050,ifa,MD,IFA,IFA_06,IFA,,24025,12580,2405825,"IFA Baltimore-Columbia-Towson, MD",0.97398,
ifa_southatl_merge,21051,ifa,MD,IFA,IFA_06,IFA,,24005,12580,,"IFA Baltimore-Columbia-Towson, MD",0.0,no cell in the extract: territory at zero opportunity
ifa_southatl_merge,21052,ifa,MD,IFA,IFA_06,IFA,,24005,12580,2424950,"IFA Baltimore-Columbia-Towson, MD",0.0,no cell in the extract: territory at zero opportunity
ifa_southatl_merge,21053,ifa,MD,IFA,IFA_06,IFA,,24005,12580,,"IFA Baltimore-Columbia-Towson, MD",0.0313457,
ifa_southatl_merge,21054,ifa,MD,IFA,IFA_06,IFA,,24003,12580,2458300,"IFA Baltimore-Columbia-Towson, MD",0.0,no cell in the extract: territory at zero opportunity
ifa_southatl_merge,21056,ifa,MD,IFA,IFA_06,IFA,,24003,12580,,"IFA Baltimore-Columbia-Towson, MD",0.0,no cell in the extract: territory at zero opportunity
ifa_southatl_merge,21057,ifa,MD,IFA,IFA_06,IFA,,24005,12580,2413325,"IFA Baltimore-Columbia-Towson, MD",0.0,no cell in the extract: territory at zero opportunity
ifa_southatl_merge,21060,ifa,MD,IFA,IFA_06,IFA,,24003,12580,2432650,"IFA Baltimore-Columbia-Towson, MD",0.0,no cell in the extract: territory at zero opportunity
ifa_southatl_merge,21061,ifa,MD,IFA,IFA_06,IFA,,24003,12580,2432650,"IFA Baltimore-Columbia-Towson, MD",5.42181,
ifa_southatl_merge,21071,ifa,MD,IFA,IFA_06,IFA,,24005,12580,,"IFA Baltimore-Columbia-Towson, MD",0.0,no cell in the extract: territory at zero opportunity
ifa_southatl_merge,21074,ifa,MD,IFA,IFA_06,IFA,,24013,12580,2436500,"IFA Baltimore-Columbia-Towson, MD",0.198863,
ifa_southatl_merge,21075,ifa,MD,IFA,IFA_06,IFA,,24027,12580,2425750,"IFA Baltimore-Columbia-Towson, MD",10.2259,
ifa_southatl_merge,21076,ifa,MD,IFA,IFA_06,IFA,,24003,12580,2471150,"IFA Baltimore-Columbia-Towson, MD",1.22022,
ifa_southatl_merge,21077,ifa,MD,IFA,IFA_06,IFA,,24003,12580,2471150,"IFA Baltimore-Columbia-Towson, MD",0.0,no cell in the extract: territory at zero opportunity
ifa_southatl_merge,21078,ifa,MD,IFA,IFA_06,IFA,,24025,12580,2437600,"IFA Baltimore-Columbia-Towson, MD",0.0,no cell in the extract: territory at zero opportunity
ifa_southatl_merge,21082,ifa,MD,IFA,IFA_06,IFA,,24005,12580,2462175,"IFA Baltimore-Columbia-Towson, MD",0.0,no cell in the extract: territory at zero opportunity
ifa_southatl_merge,21084,ifa,MD,IFA,IFA_06,IFA,,24025,12580,2442325,"IFA Baltimore-Columbia-Towson, MD",2.16209,
ifa_southatl_merge,21085,ifa,MD,IFA,IFA_06,IFA,,24025,12580,2442875,"IFA Baltimore-Columbia-Towson, MD",0.0,no cell in the extract: territory at zero opportunity
ifa_southatl_merge,21087,ifa,MD,IFA,IFA_06,IFA,,24005,12580,2444350,"IFA Baltimore-Columbia-Towson, MD",1.53817,
ifa_southatl_merge,21090,ifa,MD,IFA,IFA_06,IFA,,24003,12580,2447125,"IFA Baltimore-Columbia-Towson, MD",0.198863,
ifa_southatl_merge,21093,ifa,MD,IFA,IFA_06,IFA,,24005,12580,2478050,"IFA Baltimore-Columbia-Towson, MD",72.1647,
ifa_southatl_merge,21102,ifa,MD,IFA,IFA_06,IFA,,24013,12580,2449950,"IFA Baltimore-Columbia-Towson, MD",0.0,no cell in the extract: territory at zero opportunity
ifa_southatl_merge,21104,ifa,MD,IFA,IFA_06,IFA,,24027,12580,2425575,"IFA Baltimore-Columbia-Towson, MD",3.04151,
ifa_southatl_merge,21105,ifa,MD,IFA,IFA_06,IFA,,24005,12580,,"IFA Baltimore-Columbia-Towson, MD",0.0,no cell in the extract: territory at zero opportunity
ifa_southatl_merge,21108,ifa,MD,IFA,IFA_06,IFA,,24003,12580,2471200,"IFA Baltimore-Columbia-Towson, MD",9.30254,
ifa_southatl_merge,21111,ifa,MD,IFA,IFA_06,IFA,,24005,12580,,"IFA Baltimore-Columbia-Towson, MD",2.25238,
ifa_southatl_merge,21113,ifa,MD,IFA,IFA_06,IFA,,24003,12580,2458300,"IFA Baltimore-Columbia-Towson, MD",0.0,no cell in the extract: territory at zero opportunity
ifa_southatl_merge,21114,ifa,MD,IFA,IFA_06,IFA,,24003,12580,2420875,"IFA Baltimore-Columbia-Towson, MD",4.42939,
ifa_southatl_merge,21117,ifa,MD,IFA,IFA_06,IFA,,24005,12580,2459425,"IFA Baltimore-Columbia-Towson, MD",77.9282,
ifa_southatl_merge,21120,ifa,MD,IFA,IFA_06,IFA,,24005,12580,,"IFA Baltimore-Columbia-Towson, MD",2.23361,
ifa_southatl_merge,21122,ifa,MD,IFA,IFA_06,IFA,,24003,12580,2444975,"IFA Baltimore-Columbia-Towson, MD",0.334322,
ifa_southatl_merge,21128,ifa,MD,IFA,IFA_06,IFA,,24005,12580,2440200,"IFA Baltimore-Columbia-Towson, MD",1.19734,
ifa_southatl_merge,21130,ifa,MD,IFA,IFA_06,IFA,,24025,12580,2461075,"IFA Baltimore-Columbia-Towson, MD",0.0,no cell in the extract: territory at zero opportunity
ifa_southatl_merge,21131,ifa,MD,IFA,IFA_06,IFA,,24005,12580,2418250,"IFA Baltimore-Columbia-Towson, MD",0.163042,
ifa_southatl_merge,21132,ifa,MD,IFA,IFA_06,IFA,,24025,12580,2464375,"IFA Baltimore-Columbia-Towson, MD",0.0,no cell in the extract: territory at zero opportunity
ifa_southatl_merge,21133,ifa,MD,IFA,IFA_06,IFA,,24005,12580,2464950,"IFA Baltimore-Columbia-Towson, MD",0.0,no cell in the extract: territory at zero opportunity
ifa_southatl_merge,21136,ifa,MD,IFA,IFA_06,IFA,,24005,12580,2465600,"IFA Baltimore-Columbia-Towson, MD",0.0748211,
ifa_southatl_merge,21140,ifa,MD,IFA,IFA_06,IFA,,24003,12580,2466400,"IFA Baltimore-Columbia-Towson, MD",0.0,no cell in the extract: territory at zero opportunity
ifa_southatl_merge,21144,ifa,MD,IFA,IFA_06,IFA,,24003,12580,2471150,"IFA Baltimore-Columbia-Towson, MD",1.59939,
ifa_southatl_merge,21146,ifa,MD,IFA,IFA_06,IFA,,24003,12580,2471200,"IFA Baltimore-Columbia-Towson, MD",36.6488,
ifa_southatl_merge,21152,ifa,MD,IFA,IFA_06,IFA,,24005,12580,,"IFA Baltimore-Columbia-Towson, MD",3.3363,
ifa_southatl_merge,21153,ifa,MD,IFA,IFA_06,IFA,,24005,12580,2461400,"IFA Baltimore-Columbia-Towson, MD",0.0,no cell in the extract: territory at zero opportunity
ifa_southatl_merge,21154,ifa,MD,IFA,IFA_06,IFA,,24025,12580,2464375,"IFA Baltimore-Columbia-Towson, MD",0.0,no cell in the extract: territory at zero opportunity
ifa_southatl_merge,21155,ifa,MD,IFA,IFA_06,IFA,,24005,12580,,"IFA Baltimore-Columbia-Towson, MD",0.648292,
ifa_southatl_merge,21156,ifa,MD,IFA,IFA_06,IFA,,24005,12580,2444350,"IFA Baltimore-Columbia-Towson, MD",0.0,no cell in the extract: territory at zero opportunity
ifa_southatl_merge,21157,ifa,MD,IFA,IFA_06,IFA,,24013,12580,2483100,"IFA Baltimore-Columbia-Towson, MD",15.7574,
ifa_southatl_merge,21158,ifa,MD,IFA,IFA_06,IFA,,24013,12580,2483100,"IFA Baltimore-Columbia-Towson, MD",0.958674,
ifa_southatl_merge,21160,ifa,MD,IFA,IFA_06,IFA,,24025,12580,2464375,"IFA Baltimore-Columbia-Towson, MD",0.0,no cell in the extract: territory at zero opportunity
ifa_southatl_merge,21161,ifa,MD,IFA,IFA_06,IFA,,24025,12580,,"IFA Baltimore-Columbia-Towson, MD",0.25671,
ifa_southatl_merge,21162,ifa,MD,IFA,IFA_06,IFA,,24005,12580,2440200,"IFA Baltimore-Columbia-Towson, MD",0.0,no cell in the extract: territory at zero opportunity
ifa_southatl_merge,21163,ifa,MD,IFA,IFA_06,IFA,,24005,12580,2464950,"IFA Baltimore-Columbia-Towson, MD",0.0,no cell in the extract: territory at zero opportunity
ifa_southatl_merge,21201,ifa,MD,IFA,IFA_06,IFA,,24510,12580,2404000,"IFA Baltimore-Columbia-Towson, MD",9.34506,
ifa_southatl_merge,21202,ifa,MD,IFA,IFA_06,IFA,,24510,12580,2404000,"IFA Baltimore-Columbia-Towson, MD",1.10108,
ifa_southatl_merge,21204,ifa,MD,IFA,IFA_06,IFA,,24005,12580,2478425,"IFA Baltimore-Columbia-Towson, MD",19.3722,
ifa_southatl_merge,21205,ifa,MD,IFA,IFA_06,IFA,,24510,12580,2404000,"IFA Baltimore-Columbia-Towson, MD",0.0,no cell in the extract: territory at zero opportunity
ifa_southatl_merge,21206,ifa,MD,IFA,IFA_06,IFA,,24510,12580,2404000,"IFA Baltimore-Columbia-Towson, MD",0.0,no cell in the extract: territory at zero opportunity
ifa_southatl_merge,21207,ifa,MD,IFA,IFA_06,IFA,,24005,12580,2447450,"IFA Baltimore-Columbia-Towson, MD",0.0,no cell in the extract: territory at zero opportunity
ifa_southatl_merge,21208,ifa,MD,IFA,IFA_06,IFA,,24005,12580,2461400,"IFA Baltimore-Columbia-Towson, MD",11.5891,
ifa_southatl_merge,21209,ifa,MD,IFA,IFA_06,IFA,,24005,12580,2404000,"IFA Baltimore-Columbia-Towson, MD",5.7626,
ifa_southatl_merge,21210,ifa,MD,IFA,IFA_06,IFA,,24510,12580,2404000,"IFA Baltimore-Columbia-Towson, MD",0.0,no cell in the extract: territory at zero opportunity
ifa_southatl_merge,21211,ifa,MD,IFA,IFA_06,IFA,,24510,12580,2404000,"IFA Baltimore-Columbia-Towson, MD",0.177109,
ifa_southatl_merge,21212,ifa,MD,IFA,IFA_06,IFA,,24510,12580,2404000,"IFA Baltimore-Columbia-Towson, MD",0.0595904,
ifa_southatl_merge,21213,ifa,MD,IFA,IFA_06,IFA,,24510,12580,2404000,"IFA Baltimore-Columbia-Towson, MD",0.0,no cell in the extract: territory at zero opportunity
ifa_southatl_merge,21214,ifa,MD,IFA,IFA_06,IFA,,24510,12580,2404000,"IFA Baltimore-Columbia-Towson, MD",2.55746,
ifa_southatl_merge,21215,ifa,MD,IFA,IFA_06,IFA,,24510,12580,2404000,"IFA Baltimore-Columbia-Towson, MD",0.0,no cell in the extract: territory at zero opportunity
ifa_southatl_merge,21216,ifa,MD,IFA,IFA_06,IFA,,24510,12580,2404000,"IFA Baltimore-Columbia-Towson, MD",0.0,no cell in the extract: territory at zero opportunity
ifa_southatl_merge,21217,ifa,MD,IFA,IFA_06,IFA,,24510,12580,2404000,"IFA Baltimore-Columbia-Towson, MD",0.0,no cell in the extract: territory at zero opportunity
ifa_southatl_merge,21218,ifa,MD,IFA,IFA_06,IFA,,24510,12580,2404000,"IFA Baltimore-Columbia-Towson, MD",0.0,no cell in the extract: territory at zero opportunity
ifa_southatl_merge,21219,ifa,MD,IFA,IFA_06,IFA,,24005,12580,2424950,"IFA Baltimore-Columbia-Towson, MD",0.0,no cell in the extract: territory at zero opportunity
ifa_southatl_merge,21220,ifa,MD,IFA,IFA_06,IFA,,24005,12580,2452300,"IFA Baltimore-Columbia-Towson, MD",0.556816,
ifa_southatl_merge,21221,ifa,MD,IFA,IFA_06,IFA,,24005,12580,2426600,"IFA Baltimore-Columbia-Towson, MD",1.18421,
ifa_southatl_merge,21222,ifa,MD,IFA,IFA_06,IFA,,24005,12580,2423975,"IFA Baltimore-Columbia-Towson, MD",3.55039,
ifa_southatl_merge,21223,ifa,MD,IFA,IFA_06,IFA,,24510,12580,2404000,"IFA Baltimore-Columbia-Towson, MD",0.0,no cell in the extract: territory at zero opportunity
ifa_southatl_merge,21224,ifa,MD,IFA,IFA_06,IFA,,24510,12580,2404000,"IFA Baltimore-Columbia-Towson, MD",0.230856,
ifa_southatl_merge,21225,ifa,MD,IFA,IFA_06,IFA,,24003,12580,2410475,"IFA Baltimore-Columbia-Towson, MD",0.0,no cell in the extract: territory at zero opportunity
ifa_southatl_merge,21226,ifa,MD,IFA,IFA_06,IFA,,24510,12580,2404000,"IFA Baltimore-Columbia-Towson, MD",0.0,no cell in the extract: territory at zero opportunity
ifa_southatl_merge,21227,ifa,MD,IFA,IFA_06,IFA,,24005,12580,2401975,"IFA Baltimore-Columbia-Towson, MD",0.0,no cell in the extract: territory at zero opportunity
ifa_southatl_merge,21228,ifa,MD,IFA,IFA_06,IFA,,24005,12580,2414125,"IFA Baltimore-Columbia-Towson, MD",4.25894,
ifa_southatl_merge,21229,ifa,MD,IFA,IFA_06,IFA,,24510,12580,2404000,"IFA Baltimore-Columbia-Towson, MD",0.0,no cell in the extract: territory at zero opportunity
ifa_southatl_merge,21230,ifa,MD,IFA,IFA_06,IFA,,24510,12580,2404000,"IFA Baltimore-Columbia-Towson, MD",1.5075,
ifa_southatl_merge,21231,ifa,MD,IFA,IFA_06,IFA,,24510,12580,2404000,"IFA Baltimore-Columbia-Towson, MD",0.260654,
ifa_southatl_merge,21233,ifa,MD,IFA,IFA_06,IFA,,24510,12580,2404000,"IFA Baltimore-Columbia-Towson, MD",0.0,no cell in the extract: territory at zero opportunity
ifa_southatl_merge,21234,ifa,MD,IFA,IFA_06,IFA,,24005,12580,2413325,"IFA Baltimore-Columbia-Towson, MD",3.75559,
ifa_southatl_merge,21236,ifa,MD,IFA,IFA_06,IFA,,24005,12580,2460975,"IFA Baltimore-Columbia-Towson, MD",0.000715906,
ifa_southatl_merge,21237,ifa,MD,IFA,IFA_06,IFA,,24005,12580,2468400,"IFA Baltimore-Columbia-Towson, MD",0.0313457,
ifa_southatl_merge,21239,ifa,MD,IFA,IFA_06,IFA,,24510,12580,2404000,"IFA Baltimore-Columbia-Towson, MD",0.0,no cell in the extract: territory at zero opportunity
ifa_southatl_merge,21240,ifa,MD,IFA,IFA_06,IFA,,24003,12580,,"IFA Baltimore-Columbia-Towson, MD",0.0,no cell in the extract: territory at zero opportunity
ifa_southatl_merge,21244,ifa,MD,IFA,IFA_06,IFA,,24005,12580,2452562,"IFA Baltimore-Columbia-Towson, MD",0.795451,
ifa_southatl_merge,21250,ifa,MD,IFA,IFA_06,IFA,,24005,12580,2414125,"IFA Baltimore-Columbia-Towson, MD",0.0,no cell in the extract: territory at zero opportunity
ifa_southatl_merge,21251,ifa,MD,IFA,IFA_06,IFA,,24510,12580,2404000,"IFA Baltimore-Columbia-Towson, MD",0.0,no cell in the extract: territory at zero opportunity
ifa_southatl_merge,21252,ifa,MD,IFA,IFA_06,IFA,,24005,12580,2478425,"IFA Baltimore-Columbia-Towson, MD",0.0,no cell in the extract: territory at zero opportunity
ifa_southatl_merge,21285,ifa,MD,IFA,IFA_06,IFA,,24005,12580,2478425,"IFA Baltimore-Columbia-Towson, MD",0.0,no cell in the extract: territory at zero opportunity
ifa_southatl_merge,21286,ifa,MD,IFA,IFA_06,IFA,,24005,12580,2436512,"IFA Baltimore-Columbia-Towson, MD",14.5329,
ifa_southatl_merge,21287,ifa,MD,IFA,IFA_06,IFA,,24510,12580,2404000,"IFA Baltimore-Columbia-Towson, MD",0.0,no cell in the extract: territory at zero opportunity
ifa_southatl_merge,21401,ifa,MD,IFA,IFA_06,IFA,,24003,12580,2460325,"IFA Baltimore-Columbia-Towson, MD",85.4699,
ifa_southatl_merge,21402,ifa,MD,IFA,IFA_06,IFA,,24003,12580,2455050,"IFA Baltimore-Columbia-Towson, MD",0.0,no cell in the extract: territory at zero opportunity
ifa_southatl_merge,21403,ifa,MD,IFA,IFA_06,IFA,,24003,12580,2401635,"IFA Baltimore-Columbia-Towson, MD",5.33962,
ifa_southatl_merge,21405,ifa,MD,IFA,IFA_06,IFA,,24003,12580,,"IFA Baltimore-Columbia-Towson, MD",0.0,no cell in the extract: territory at zero opportunity
ifa_southatl_merge,21409,ifa,MD,IFA,IFA_06,IFA,,24003,12580,2412912,"IFA Baltimore-Columbia-Towson, MD",4.73714,
ifa_southatl_merge,21502,ifa,MD,IFA,IFA_06,IFA,,24001,19060,2421325,"IFA Baltimore-Columbia-Towson, MD",8.11542,
ifa_southatl_merge,21520,ifa,MD,IFA,IFA_06,IFA,,24023,,2400225,"IFA Baltimore-Columbia-Towson, MD",0.0,no cell in the extract: territory at zero opportunity
ifa_southatl_merge,21521,ifa,MD,IFA,IFA_06,IFA,,24023,,2453700,"IFA Baltimore-Columbia-Towson, MD",0.0,no cell in the extract: territory at zero opportunity
ifa_southatl_merge,21523,ifa,MD,IFA,IFA_06,IFA,,24023,,2408050,"IFA Baltimore-Columbia-Towson, MD",0.0,no cell in the extract: territory at zero opportunity
ifa_southatl_merge,21524,ifa,MD,IFA,IFA_06,IFA,,24001,19060,2419975,"IFA Baltimore-Columbia-Towson, MD",0.0,no cell in the extract: territory at zero opportunity
ifa_southatl_merge,21529,ifa,MD,IFA,IFA_06,IFA,,24001,19060,2425925,"IFA Baltimore-Columbia-Towson, MD",0.0,no cell in the extract: territory at zero opportunity
ifa_southatl_merge,21530,ifa,MD,IFA,IFA_06,IFA,,24001,19060,2428425,"IFA Baltimore-Columbia-Towson, MD",0.0,no cell in the extract: territory at zero opportunity
ifa_southatl_merge,21531,ifa,MD,IFA,IFA_06,IFA,,24023,,2430850,"IFA Baltimore-Columbia-Towson, MD",0.0,no cell in the extract: territory at zero opportunity
ifa_southatl_merge,21532,ifa,MD,IFA,IFA_06,IFA,,24001,19060,2428275,"IFA Baltimore-Columbia-Towson, MD",0.537088,
ifa_southatl_merge,21536,ifa,MD,IFA,IFA_06,IFA,,24023,,2434525,"IFA Baltimore-Columbia-Towson, MD",0.0,no cell in the extract: territory at zero opportunity
ifa_southatl_merge,21538,ifa,MD,IFA,IFA_06,IFA,,24023,,2444450,"IFA Baltimore-Columbia-Towson, MD",0.0,no cell in the extract: territory at zero opportunity
ifa_southatl_merge,21539,ifa,MD,IFA,IFA_06,IFA,,24023,,2447875,"IFA Baltimore-Columbia-Towson, MD",0.0,no cell in the extract: territory at zero opportunity
ifa_southatl_merge,21540,ifa,MD,IFA,IFA_06,IFA,,24001,19060,2448775,"IFA Baltimore-Columbia-Towson, MD",0.0,no cell in the extract: territory at zero opportunity
ifa_southatl_merge,21541,ifa,MD,IFA,IFA_06,IFA,,24023,,,"IFA Baltimore-Columbia-Towson, MD",0.300919,
ifa_southatl_merge,21542,ifa,MD,IFA,IFA_06,IFA,,24001,19060,2452475,"IFA Baltimore-Columbia-Towson, MD",0.0,no cell in the extract: territory at zero opportunity
ifa_southatl_merge,21543,ifa,MD,IFA,IFA_06,IFA,,24001,19060,2452525,"IFA Baltimore-Columbia-Towson, MD",0.0,no cell in the extract: territory at zero opportunity
ifa_southatl_merge,21545,ifa,MD,IFA,IFA_06,IFA,,24001,19060,2454325,"IFA Baltimore-Columbia-Towson, MD",0.0,no cell in the extract: territory at zero opportunity
ifa_southatl_merge,21550,ifa,MD,IFA,IFA_06,IFA,,24023,,2457650,"IFA Baltimore-Columbia-Towson, MD",0.0,no cell in the extract: territory at zero opportunity
ifa_southatl_merge,21555,ifa,MD,IFA,IFA_06,IFA,,24001,19060,2458775,"IFA Baltimore-Columbia-Towson, MD",0.0,no cell in the extract: territory at zero opportunity
ifa_southatl_merge,21557,ifa,MD,IFA,IFA_06,IFA,,24001,19060,2421675,"IFA Baltimore-Columbia-Towson, MD",0.0,no cell in the extract: territory at zero opportunity
ifa_southatl_merge,21560,ifa,MD,IFA,IFA_06,IFA,,24001,19060,2474350,"IFA Baltimore-Columbia-Towson, MD",0.0,no cell in the extract: territory at zero opportunity
ifa_southatl_merge,21561,ifa,MD,IFA,IFA_06,IFA,,24023,,2476450,"IFA Baltimore-Columbia-Towson, MD",0.0,no cell in the extract: territory at zero opportunity
ifa_southatl_merge,21562,ifa,MD,IFA,IFA_06,IFA,,24023,,2482750,"IFA Baltimore-Columbia-Towson, MD",0.0,no cell in the extract: territory at zero opportunity
ifa_southatl_merge,21601,ifa,MD,IFA,IFA_06,IFA,,24041,20660,2424475,"IFA Baltimore-Columbia-Towson, MD",2.8196,
ifa_southatl_merge,21607,ifa,MD,IFA,IFA_06,IFA,,24035,12580,2404250,"IFA Baltimore-Columbia-Towson, MD",0.0,no cell in the extract: territory at zero opportunity
ifa_southatl_merge,21610,ifa,MD,IFA,IFA_06,IFA,,24029,,2407200,"IFA Baltimore-Columbia-Towson, MD",0.0,no cell in the extract: territory at zero opportunity
ifa_southatl_merge,21612,ifa,MD,IFA,IFA_06,IFA,,24041,20660,,"IFA Baltimore-Columbia-Towson, MD",0.0,no cell in the extract: territory at zero opportunity
ifa_southatl_merge,21613,ifa,MD,IFA,IFA_06,IFA,,24019,15700,2412400,"IFA Baltimore-Columbia-Towson, MD",4.3413,
ifa_southatl_merge,21617,ifa,MD,IFA,IFA_06,IFA,,24035,12580,2414950,"IFA Baltimore-Columbia-Towson, MD",0.93883,
ifa_southatl_merge,21619,ifa,MD,IFA,IFA_06,IFA,,24035,12580,2416125,"IFA Baltimore-Columbia-Towson, MD",1.81417,
ifa_southatl_merge,21620,ifa,MD,IFA,IFA_06,IFA,,24029,,2427325,"IFA Baltimore-Columbia-Towson, MD",0.0504485,
ifa_southatl_merge,21622,ifa,MD,IFA,IFA_06,IFA,,24019,15700,2428300,"IFA Baltimore-Columbia-Towson, MD",0.0,no cell in the extract: territory at zero opportunity
ifa_southatl_merge,21623,ifa,MD,IFA,IFA_06,IFA,,24035,12580,2417100,"IFA Baltimore-Columbia-Towson, MD",0.0,no cell in the extract: territory at zero opportunity
ifa_southatl_merge,21624,ifa,MD,IFA,IFA_06,IFA,,24041,20660,,"IFA Baltimore-Columbia-Towson, MD",0.0,no cell in the extract: territory at zero opportunity
ifa_southatl_merge,21625,ifa,MD,IFA,IFA_06,IFA,,24041,20660,2419900,"IFA Baltimore-Columbia-Towson, MD",0.0,no cell in the extract: territory at zero opportunity
ifa_southatl_merge,21626,ifa,MD,IFA,IFA_06,IFA,,24019,15700,,"IFA Baltimore-Columbia-Towson, MD",0.0,no cell in the extract: territory at zero opportunity
ifa_southatl_merge,21627,ifa,MD,IFA,IFA_06,IFA,,24019,15700,,"IFA Baltimore-Columbia-Towson, MD",0.0,no cell in the extract: territory at zero opportunity
ifa_southatl_merge,21628,ifa,MD,IFA,IFA_06,IFA,,24035,12580,2421150,"IFA Baltimore-Columbia-Towson, MD",0.0,no cell in the extract: territory at zero opportunity
ifa_southatl_merge,21629,ifa,MD,IFA,IFA_06,IFA,,24011,,2422725,"IFA Baltimore-Columbia-Towson, MD",0.0,no cell in the extract: territory at zero opportunity
ifa_southatl_merge,21631,ifa,MD,IFA,IFA_06,IFA,,24019,15700,2424450,"IFA Baltimore-Columbia-Towson, MD",0.0,no cell in the extract: territory at zero opportunity
ifa_southatl_merge,21632,ifa,MD,IFA,IFA_06,IFA,,24011,,2427900,"IFA Baltimore-Columbia-Towson, MD",0.673081,
ifa_southatl_merge,21634,ifa,MD,IFA,IFA_06,IFA,,24019,15700,2428300,"IFA Baltimore-Columbia-Towson, MD",0.0,no cell in the extract: territory at zero opportunity
ifa_southatl_merge,21635,ifa,MD,IFA,IFA_06,IFA,,24029,,2431225,"IFA Baltimore-Columbia-Towson, MD",0.0,no cell in the extract: territory at zero opportunity
ifa_southatl_merge,21636,ifa,MD,IFA,IFA_06,IFA,,24011,,2433950,"IFA Baltimore-Columbia-Towson, MD",0.0,no cell in the extract: territory at zero opportunity
ifa_southatl_merge,21638,ifa,MD,IFA,IFA_06,IFA,,24035,12580,2434550,"IFA Baltimore-Columbia-Towson, MD",0.0,no cell in the extract: territory at zero opportunity
ifa_southatl_merge,21639,ifa,MD,IFA,IFA_06,IFA,,24011,,2435200,"IFA Baltimore-Columbia-Towson, MD",0.0,no cell in the extract: territory at zero opportunity
ifa_southatl_merge,21640,ifa,MD,IFA,IFA_06,IFA,,24011,,2437925,"IFA Baltimore-Columbia-Towson, MD",0.0,no cell in the extract: territory at zero opportunity
ifa_southatl_merge,21641,ifa,MD,IFA,IFA_06,IFA,,24011,,2439175,"IFA Baltimore-Columbia-Towson, MD",0.0,no cell in the extract: territory at zero opportunity
ifa_southatl_merge,21643,ifa,MD,IFA,IFA_06,IFA,,24019,15700,2441125,"IFA Baltimore-Columbia-Towson, MD",0.0,no cell in the extract: territory at zero opportunity
ifa_southatl_merge,21644,ifa,MD,IFA,IFA_06,IFA,,24035,12580,,"IFA Baltimore-Columbia-Towson, MD",0.0,no cell in the extract: territory at zero opportunity
ifa_southatl_merge,21645,ifa,MD,IFA,IFA_06,IFA,,24029,,2443475,"IFA Baltimore-Columbia-Towson, MD",0.0,no cell in the extract: territory at zero opportunity
ifa_southatl_merge,21647,ifa,MD,IFA,IFA_06,IFA,,24041,20660,,"IFA Baltimore-Columbia-Towson, MD",0.0,no cell in the extract: territory at zero opportunity
ifa_southatl_merge,21648,ifa,MD,IFA,IFA_06,IFA,,24019,15700,2449700,"IFA Baltimore-Columbia-Towson, MD",0.0,no cell in the extract: territory at zero opportunity
ifa_southatl_merge,21649,ifa,MD,IFA,IFA_06,IFA,,24035,12580,2451025,"IFA Baltimore-Columbia-Towson, MD",0.0,no cell in the extract: territory at zero opportunity
ifa_southatl_merge,21650,ifa,MD,IFA,IFA_06,IFA,,24029,,,"IFA Baltimore-Columbia-Towson, MD",0.0,no cell in the extract: territory at zero opportunity
ifa_southatl_merge,21651,ifa,MD,IFA,IFA_06,IFA,,24029,,2452825,"IFA Baltimore-Columbia-Towson, MD",0.0,no cell in the extract: territory at zero opportunity
ifa_southatl_merge,21652,ifa,MD,IFA,IFA_06,IFA,,24041,20660,,"IFA Baltimore-Columbia-Towson, MD",0.0,no cell in the extract: territory at zero opportunity
ifa_southatl_merge,21653,ifa,MD,IFA,IFA_06,IFA,,24041,20660,,"IFA Baltimore-Columbia-Towson, MD",0.0,no cell in the extract: territory at zero opportunity
ifa_southatl_merge,21654,ifa,MD,IFA,IFA_06,IFA,,24041,20660,2459450,"IFA Baltimore-Columbia-Towson, MD",0.0,no cell in the extract: territory at zero opportunity
ifa_southatl_merge,21655,ifa,MD,IFA,IFA_06,IFA,,24011,,2463825,"IFA Baltimore-Columbia-Towson, MD",5.68751,
ifa_southatl_merge,21657,ifa,MD,IFA,IFA_06,IFA,,24035,12580,2464500,"IFA Baltimore-Columbia-Towson, MD",0.0,no cell in the extract: territory at zero opportunity
ifa_southatl_merge,21658,ifa,MD,IFA,IFA_06,IFA,,24035,12580,2464600,"IFA Baltimore-Columbia-Towson, MD",0.124319,
ifa_southatl_merge,21659,ifa,MD,IFA,IFA_06,IFA,,24019,15700,2431250,"IFA Baltimore-Columbia-Towson, MD",0.0,no cell in the extract: territory at zero opportunity
ifa_southatl_merge,21660,ifa,MD,IFA,IFA_06,IFA,,24011,,2466000,"IFA Baltimore-Columbia-Towson, MD",0.0,no cell in the extract: territory at zero opportunity
ifa_southatl_merge,21661,ifa,MD,IFA,IFA_06,IFA,,24029,,2467400,"IFA Baltimore-Columbia-Towson, MD",0.0,no cell in the extract: territory at zero opportunity
ifa_southatl_merge,21662,ifa,MD,IFA,IFA_06,IFA,,24041,20660,,"IFA Baltimore-Columbia-Towson, MD",0.0,no cell in the extract: territory at zero opportunity
ifa_southatl_merge,21663,ifa,MD,IFA,IFA_06,IFA,,24041,20660,2469825,"IFA Baltimore-Columbia-Towson, MD",0.0,no cell in the extract: territory at zero opportunity
ifa_southatl_merge,21664,ifa,MD,IFA,IFA_06,IFA,,24019,15700,2470900,"IFA Baltimore-Columbia-Towson, MD",0.0,no cell in the extract: territory at zero opportunity
ifa_southatl_merge,21665,ifa,MD,IFA,IFA_06,IFA,,24041,20660,2477912,"IFA Baltimore-Columbia-Towson, MD",0.0,no cell in the extract: territory at zero opportunity
ifa_southatl_merge,21666,ifa,MD,IFA,IFA_06,IFA,,24035,12580,2475025,"IFA Baltimore-Columbia-Towson, MD",10.4952,
ifa_southatl_merge,21667,ifa,MD,IFA,IFA_06,IFA,,24029,,2475150,"IFA Baltimore-Columbia-Towson, MD",0.0,no cell in the extract: territory at zero opportunity
ifa_southatl_merge,21668,ifa,MD,IFA,IFA_06,IFA,,24035,12580,2475650,"IFA Baltimore-Columbia-Towson, MD",0.0,no cell in the extract: territory at zero opportunity
ifa_southatl_merge,21669,ifa,MD,IFA,IFA_06,IFA,,24019,15700,2476925,"IFA Baltimore-Columbia-Towson, MD",0.0,no cell in the extract: territory at zero opportunity
ifa_southatl_merge,21671,ifa,MD,IFA,IFA_06,IFA,,24041,20660,2477912,"IFA Baltimore-Columbia-Towson, MD",0.0,no cell in the extract: territory at zero opportunity
ifa_southatl_merge,21672,ifa,MD,IFA,IFA_06,IFA,,24019,15700,,"IFA Baltimore-Columbia-Towson, MD",0.0,no cell in the extract: territory at zero opportunity
ifa_southatl_merge,21673,ifa,MD,IFA,IFA_06,IFA,,24041,20660,2478575,"IFA Baltimore-Columbia-Towson, MD",0.0,no cell in the extract: territory at zero opportunity
ifa_southatl_merge,21675,ifa,MD,IFA,IFA_06,IFA,,24019,15700,,"IFA Baltimore-Columbia-Towson, MD",0.0,no cell in the extract: territory at zero opportunity
ifa_southatl_merge,21676,ifa,MD,IFA,IFA_06,IFA,,24041,20660,,"IFA Baltimore-Columbia-Towson, MD",0.0,no cell in the extract: territory at zero opportunity
ifa_southatl_merge,21677,ifa,MD,IFA,IFA_06,IFA,,24019,15700,2449700,"IFA Baltimore-Columbia-Towson, MD",0.0,no cell in the extract: territory at zero opportunity
ifa_southatl_merge,21678,ifa,MD,IFA,IFA_06,IFA,,24029,,2487000,"IFA Baltimore-Columbia-Towson, MD",0.0,no cell in the extract: territory at zero opportunity
ifa_southatl_merge,21679,ifa,MD,IFA,IFA_06,IFA,,24041,20660,,"IFA Baltimore-Columbia-Towson, MD",0.0,no cell in the extract: territory at zero opportunity
ifa_southatl_merge,21701,ifa,MD,IFA,IFA_06,IFA,,24021,47900,2430325,"IFA Baltimore-Columbia-Towson, MD",16.8748,
ifa_southatl_merge,21702,ifa,MD,IFA,IFA_06,IFA,,24021,47900,2430325,"IFA Baltimore-Columbia-Towson, MD",1.80658,
ifa_southatl_merge,21703,ifa,MD,IFA,IFA_06,IFA,,24021,47900,2403800,"IFA Baltimore-Columbia-Towson, MD",0.0,no cell in the extract: territory at zero opportunity
ifa_southatl_merge,21704,ifa,MD,IFA,IFA_06,IFA,,24021,47900,2479900,"IFA Baltimore-Columbia-Towson, MD",19.8727,
ifa_southatl_merge,21705,ifa,MD,IFA,IFA_06,IFA,,24021,47900,2430325,"IFA Baltimore-Columbia-Towson, MD",0.0,no cell in the extract: territory at zero opportunity
ifa_southatl_merge,21710,ifa,MD,IFA,IFA_06,IFA,,24021,47900,2400350,"IFA Baltimore-Columbia-Towson, MD",0.56494,
ifa_southatl_merge,21711,ifa,MD,IFA,IFA_06,IFA,,24043,25180,2460770,"IFA Baltimore-Columbia-Towson, MD",0.0,no cell in the extract: territory at zero opportunity
ifa_southatl_merge,21713,ifa,MD,IFA,IFA_06,IFA,,24043,25180,2408625,"IFA Baltimore-Columbia-Towson, MD",0.353943,
ifa_southatl_merge,21714,ifa,MD,IFA,IFA_06,IFA,,24021,47900,2409100,"IFA Baltimore-Columbia-Towson, MD",0.0,no cell in the extract: territory at zero opportunity
ifa_southatl_merge,21715,ifa,MD,IFA,IFA_06,IFA,,24043,25180,2410800,"IFA Baltimore-Columbia-Towson, MD",0.0,no cell in the extract: territory at zero opportunity
ifa_southatl_merge,21716,ifa,MD,IFA,IFA_06,IFA,,24021,47900,2410900,"IFA Baltimore-Columbia-Towson, MD",0.0,no cell in the extract: territory at zero opportunity
ifa_southatl_merge,21717,ifa,MD,IFA,IFA_06,IFA,,24021,47900,2411050,"IFA Baltimore-Columbia-Towson, MD",0.0,no cell in the extract: territory at zero opportunity
ifa_southatl_merge,21718,ifa,MD,IFA,IFA_06,IFA,,24021,47900,2411400,"IFA Baltimore-Columbia-Towson, MD",0.0,no cell in the extract: territory at zero opportunity
ifa_southatl_merge,21719,ifa,MD,IFA,IFA_06,IFA,,24043,25180,2438437,"IFA Baltimore-Columbia-Towson, MD",1.50959,
ifa_southatl_merge,21722,ifa,MD,IFA,IFA_06,IFA,,24043,25180,2485395,"IFA Baltimore-Columbia-Towson, MD",0.0,no cell in the extract: territory at zero opportunity
ifa_southatl_merge,21723,ifa,MD,IFA,IFA_06,IFA,,24027,12580,,"IFA Baltimore-Columbia-Towson, MD",0.0532328,
ifa_southatl_merge,21727,ifa,MD,IFA,IFA_06,IFA,,24021,47900,2426200,"IFA Baltimore-Columbia-Towson, MD",0.0,no cell in the extract: territory at zero opportunity
ifa_southatl_merge,21733,ifa,MD,IFA,IFA_06,IFA,,24043,25180,2469550,"IFA Baltimore-Columbia-Towson, MD",0.0,no cell in the extract: territory at zero opportunity
ifa_southatl_merge,21734,ifa,MD,IFA,IFA_06,IFA,,24043,25180,2431100,"IFA Baltimore-Columbia-Towson, MD",0.0,no cell in the extract: territory at zero opportunity
ifa_southatl_merge,21737,ifa,MD,IFA,IFA_06,IFA,,24027,12580,,"IFA Baltimore-Columbia-Towson, MD",2.03012,
ifa_southatl_merge,21738,ifa,MD,IFA,IFA_06,IFA,,24027,12580,,"IFA Baltimore-Columbia-Towson, MD",0.0,no cell in the extract: territory at zero opportunity
ifa_southatl_merge,21740,ifa,MD,IFA,IFA_06,IFA,,24043,25180,2436075,"IFA Baltimore-Columbia-Towson, MD",8.14271,
ifa_southatl_merge,21742,ifa,MD,IFA,IFA_06,IFA,,24043,25180,2429712,"IFA Baltimore-Columbia-Towson, MD",0.898261,
ifa_southatl_merge,21746,ifa,MD,IFA,IFA_06,IFA,,24043,25180,,"IFA Baltimore-Columbia-Towson, MD",0.0,no cell in the extract: territory at zero opportunity
ifa_southatl_merge,21750,ifa,MD,IFA,IFA_06,IFA,,24043,25180,2436600,"IFA Baltimore-Columbia-Towson, MD",3.10094,
ifa_southatl_merge,21754,ifa,MD,IFA,IFA_06,IFA,,24021,47900,2479900,"IFA Baltimore-Columbia-Towson, MD",0.0,no cell in the extract: territory at zero opportunity
ifa_southatl_merge,21755,ifa,MD,IFA,IFA_06,IFA,,24021,47900,2442350,"IFA Baltimore-Columbia-Towson, MD",0.0,no cell in the extract: territory at zero opportunity
ifa_southatl_merge,21756,ifa,MD,IFA,IFA_06,IFA,,24043,25180,2443100,"IFA Baltimore-Columbia-Towson, MD",0.0,no cell in the extract: territory at zero opportunity
ifa_southatl_merge,21757,ifa,MD,IFA,IFA_06,IFA,,24013,12580,,"IFA Baltimore-Columbia-Towson, MD",0.0,no cell in the extract: territory at zero opportunity
ifa_southatl_merge,21758,ifa,MD,IFA,IFA_06,IFA,,24021,47900,2431575,"IFA Baltimore-Columbia-Towson, MD",0.0,no cell in the extract: territory at zero opportunity
ifa_southatl_merge,21762,ifa,MD,IFA,IFA_06,IFA,,24021,47900,2446800,"IFA Baltimore-Columbia-Towson, MD",0.0,no cell in the extract: territory at zero opportunity
ifa_southatl_merge,21766,ifa,MD,IFA,IFA_06,IFA,,24001,19060,2447275,"IFA Baltimore-Columbia-Towson, MD",0.0,no cell in the extract: territory at zero opportunity
ifa_southatl_merge,21767,ifa,MD,IFA,IFA_06,IFA,,24043,25180,2451425,"IFA Baltimore-Columbia-Towson, MD",0.0,no cell in the extract: territory at zero opportunity
ifa_southatl_merge,21769,ifa,MD,IFA,IFA_06,IFA,,24021,47900,2452425,"IFA Baltimore-Columbia-Towson, MD",0.377839,
ifa_southatl_merge,21770,ifa,MD,IFA,IFA_06,IFA,,24021,47900,2435412,"IFA Baltimore-Columbia-Towson, MD",0.0,no cell in the extract: territory at zero opportunity
ifa_southatl_merge,21771,ifa,MD,IFA,IFA_06,IFA,,24021,47900,2435412,"IFA Baltimore-Columbia-Towson, MD",6.41807,
ifa_southatl_merge,21773,ifa,MD,IFA,IFA_06,IFA,,24021,47900,2454875,"IFA Baltimore-Columbia-Towson, MD",0.957443,
ifa_southatl_merge,21774,ifa,MD,IFA,IFA_06,IFA,,24021,47900,2447040,"IFA Baltimore-Columbia-Towson, MD",0.0795491,
ifa_southatl_merge,21776,ifa,MD,IFA,IFA_06,IFA,,24013,12580,2455925,"IFA Baltimore-Columbia-Towson, MD",0.0,no cell in the extract: territory at zero opportunity
ifa_southatl_merge,21777,ifa,MD,IFA,IFA_06,IFA,,24021,47900,2462575,"IFA Baltimore-Columbia-Towson, MD",0.0,no cell in the extract: territory at zero opportunity
ifa_southatl_merge,21778,ifa,MD,IFA,IFA_06,IFA,,24021,47900,,"IFA Baltimore-Columbia-Towson, MD",0.0,no cell in the extract: territory at zero opportunity
ifa_southatl_merge,21779,ifa,MD,IFA,IFA_06,IFA,,24043,25180,2431400,"IFA Baltimore-Columbia-Towson, MD",0.0,no cell in the extract: territory at zero opportunity
ifa_southatl_merge,21780,ifa,MD,IFA,IFA_06,IFA,,24021,47900,2469200,"IFA Baltimore-Columbia-Towson, MD",0.0,no cell in the extract: territory at zero opportunity
ifa_southatl_merge,21781,ifa,MD,IFA,IFA_06,IFA,,24043,25180,2469550,"IFA Baltimore-Columbia-Towson, MD",0.0,no cell in the extract: territory at zero opportunity
ifa_southatl_merge,21782,ifa,MD,IFA,IFA_06,IFA,,24043,25180,2451945,"IFA Baltimore-Columbia-Towson, MD",0.0,no cell in the extract: territory at zero opportunity
ifa_southatl_merge,21783,ifa,MD,IFA,IFA_06,IFA,,24043,25180,2414225,"IFA Baltimore-Columbia-Towson, MD",0.0,no cell in the extract: territory at zero opportunity
ifa_southatl_merge,21784,ifa,MD,IFA,IFA_06,IFA,,24013,12580,2425575,"IFA Baltimore-Columbia-Towson, MD",13.2542,
ifa_southatl_merge,21787,ifa,MD,IFA,IFA_06,IFA,,24013,12580,2476725,"IFA Baltimore-Columbia-Towson, MD",0.0,no cell in the extract: territory at zero opportunity
ifa_southatl_merge,21788,ifa,MD,IFA,IFA_06,IFA,,24021,47900,2477825,"IFA Baltimore-Columbia-Towson, MD",0.685121,
ifa_southatl_merge,21790,ifa,MD,IFA,IFA_06,IFA,,24021,47900,2462575,"IFA Baltimore-Columbia-Towson, MD",0.0,no cell in the extract: territory at zero opportunity
ifa_southatl_merge,21791,ifa,MD,IFA,IFA_06,IFA,,24021,47900,2479350,"IFA Baltimore-Columbia-Towson, MD",0.0,no cell in the extract: territory at zero opportunity
ifa_southatl_merge,21793,ifa,MD,IFA,IFA_06,IFA,,24021,47900,2481275,"IFA Baltimore-Columbia-Towson, MD",0.364555,
ifa_southatl_merge,21794,ifa,MD,IFA,IFA_06,IFA,,24027,12580,,"IFA Baltimore-Columbia-Towson, MD",0.0,no cell in the extract: territory at zero opportunity
ifa_southatl_merge,21795,ifa,MD,IFA,IFA_06,IFA,,24043,25180,2436125,"IFA Baltimore-Columbia-Towson, MD",1.82715,
ifa_southatl_merge,21797,ifa,MD,IFA,IFA_06,IFA,,24027,12580,2447250,"IFA Baltimore-Columbia-Towson, MD",0.465866,
ifa_southatl_merge,21798,ifa,MD,IFA,IFA_06,IFA,,24021,47900,2486750,"IFA Baltimore-Columbia-Towson, MD",13.3038,
ifa_southatl_merge,21801,ifa,MD,IFA,IFA_06,IFA,,24045,41540,2469925,"IFA Baltimore-Columbia-Towson, MD",4.40313,
ifa_southatl_merge,21804,ifa,MD,IFA,IFA_06,IFA,,24045,41540,2469925,"IFA Baltimore-Columbia-Towson, MD",5.91979,
ifa_southatl_merge,21810,ifa,MD,IFA,IFA_06,IFA,,24045,41540,2400800,"IFA Baltimore-Columbia-Towson, MD",0.0,no cell in the extract: territory at zero opportunity
ifa_southatl_merge,21811,ifa,MD,IFA,IFA_06,IFA,,24047,36180,2458275,"IFA Baltimore-Columbia-Towson, MD",5.60107,
ifa_southatl_merge,21813,ifa,MD,IFA,IFA_06,IFA,,24047,36180,2407625,"IFA Baltimore-Columbia-Towson, MD",0.0,no cell in the extract: territory at zero opportunity
ifa_southatl_merge,21814,ifa,MD,IFA,IFA_06,IFA,,24045,41540,2442575,"IFA Baltimore-Columbia-Towson, MD",0.0,no cell in the extract: territory at zero opportunity
ifa_southatl_merge,21817,ifa,MD,IFA,IFA_06,IFA,,24039,41540,2420775,"IFA Baltimore-Columbia-Towson, MD",0.0,no cell in the extract: territory at zero opportunity
ifa_southatl_merge,21821,ifa,MD,IFA,IFA_06,IFA,,24039,41540,2421550,"IFA Baltimore-Columbia-Towson, MD",0.0,no cell in the extract: territory at zero opportunity
ifa_southatl_merge,21822,ifa,MD,IFA,IFA_06,IFA,,24045,41540,2424850,"IFA Baltimore-Columbia-Towson, MD",0.0,no cell in the extract: territory at zero opportunity
ifa_southatl_merge,21824,ifa,MD,IFA,IFA_06,IFA,,24039,41540,2472887,"IFA Baltimore-Columbia-Towson, MD",0.0,no cell in the extract: territory at zero opportunity
ifa_southatl_merge,21826,ifa,MD,IFA,IFA_06,IFA,,24045,41540,2430950,"IFA Baltimore-Columbia-Towson, MD",0.0,no cell in the extract: territory at zero opportunity
ifa_southatl_merge,21829,ifa,MD,IFA,IFA_06,IFA,,24047,36180,2432250,"IFA Baltimore-Columbia-Towson, MD",0.0,no cell in the extract: territory at zero opportunity
ifa_southatl_merge,21830,ifa,MD,IFA,IFA_06,IFA,,24045,41540,2464475,"IFA Baltimore-Columbia-Towson, MD",0.0,no cell in the extract: territory at zero opportunity
ifa_southatl_merge,21835,ifa,MD,IFA,IFA_06,IFA,,24019,15700,,"IFA Baltimore-Columbia-Towson, MD",0.0,no cell in the extract: territory at zero opportunity
ifa_southatl_merge,21837,ifa,MD,IFA,IFA_06,IFA,,24045,41540,2450525,"IFA Baltimore-Columbia-Towson, MD",0.0,no cell in the extract: territory at zero opportunity
ifa_southatl_merge,21838,ifa,MD,IFA,IFA_06,IFA,,24039,41540,,"IFA Baltimore-Columbia-Towson, MD",0.0,no cell in the extract: territory at zero opportunity
ifa_southatl_merge,21840,ifa,MD,IFA,IFA_06,IFA,,24045,41540,2454925,"IFA Baltimore-Columbia-Towson, MD",0.0,no cell in the extract: territory at zero opportunity
ifa_southatl_merge,21841,ifa,MD,IFA,IFA_06,IFA,,24047,36180,2455325,"IFA Baltimore-Columbia-Towson, MD",0.0,no cell in the extract: territory at zero opportunity
ifa_southatl_merge,21842,ifa,MD,IFA,IFA_06,IFA,,24047,36180,2458225,"IFA Baltimore-Columbia-Towson, MD",20.7449,
ifa_southatl_merge,21849,ifa,MD,IFA,IFA_06,IFA,,24045,41540,2460425,"IFA Baltimore-Columbia-Towson, MD",0.0,no cell in the extract: territory at zero opportunity
ifa_southatl_merge,21850,ifa,MD,IFA,IFA_06,IFA,,24045,41540,2463725,"IFA Baltimore-Columbia-Towson, MD",0.0,no cell in the extract: territory at zero opportunity
ifa_southatl_merge,21851,ifa,MD,IFA,IFA_06,IFA,,24047,36180,2483337,"IFA Baltimore-Columbia-Towson, MD",0.0,no cell in the extract: territory at zero opportunity
ifa_southatl_merge,21853,ifa,MD,IFA,IFA_06,IFA,,24039,41540,2454375,"IFA Baltimore-Columbia-Towson, MD",0.0214772,
ifa_southatl_merge,21856,ifa,MD,IFA,IFA_06,IFA,,24045,41540,2464475,"IFA Baltimore-Columbia-Towson, MD",0.0,no cell in the extract: territory at zero opportunity
ifa_southatl_merge,21861,ifa,MD,IFA,IFA_06,IFA,,24045,41540,2471650,"IFA Baltimore-Columbia-Towson, MD",0.0,no cell in the extract: territory at zero opportunity
ifa_southatl_merge,21862,ifa,MD,IFA,IFA_06,IFA,,24047,36180,,"IFA Baltimore-Columbia-Towson, MD",0.0,no cell in the extract: territory at zero opportunity
ifa_southatl_merge,21863,ifa,MD,IFA,IFA_06,IFA,,24047,36180,2473075,"IFA Baltimore-Columbia-Towson, MD",2.97045,
ifa_southatl_merge,21864,ifa,MD,IFA,IFA_06,IFA,,24047,36180,2475200,"IFA Baltimore-Columbia-Towson, MD",0.0,no cell in the extract: territory at zero opportunity
ifa_southatl_merge,21865,ifa,MD,IFA,IFA_06,IFA,,24045,41540,2479225,"IFA Baltimore-Columbia-Towson, MD",0.0,no cell in the extract: territory at zero opportunity
ifa_southatl_merge,21866,ifa,MD,IFA,IFA_06,IFA,,24039,41540,2472887,"IFA Baltimore-Columbia-Towson, MD",0.0,no cell in the extract: territory at zero opportunity
ifa_southatl_merge,21867,ifa,MD,IFA,IFA_06,IFA,,24039,41540,2427375,"IFA Baltimore-Columbia-Towson, MD",0.0,no cell in the extract: territory at zero opportunity
ifa_southatl_merge,21869,ifa,MD,IFA,IFA_06,IFA,,24019,15700,2480600,"IFA Baltimore-Columbia-Towson, MD",0.0,no cell in the extract: territory at zero opportunity
ifa_southatl_merge,21871,ifa,MD,IFA,IFA_06,IFA,,24039,41540,2427375,"IFA Baltimore-Columbia-Towson, MD",0.0,no cell in the extract: territory at zero opportunity
ifa_southatl_merge,21872,ifa,MD,IFA,IFA_06,IFA,,24047,36180,2483746,"IFA Baltimore-Columbia-Towson, MD",0.0,no cell in the extract: territory at zero opportunity
ifa_southatl_merge,21874,ifa,MD,IFA,IFA_06,IFA,,24045,41540,2484950,"IFA Baltimore-Columbia-Towson, MD",0.0,no cell in the extract: territory at zero opportunity
ifa_southatl_merge,21875,ifa,MD,IFA,IFA_06,IFA,,24045,41540,2422600,"IFA Baltimore-Columbia-Towson, MD",0.0,no cell in the extract: territory at zero opportunity
ifa_southatl_merge,21890,ifa,MD,IFA,IFA_06,IFA,,24039,41540,,"IFA Baltimore-Columbia-Towson, MD",0.0,no cell in the extract: territory at zero opportunity
ifa_southatl_merge,21901,ifa,MD,IFA,IFA_06,IFA,,24015,37980,2456450,"IFA Baltimore-Columbia-Towson, MD",0.0,no cell in the extract: territory at zero opportunity
ifa_southatl_merge,21902,ifa,MD,IFA,IFA_06,IFA,,24015,37980,2461150,"IFA Baltimore-Columbia-Towson, MD",0.0,no cell in the extract: territory at zero opportunity
ifa_southatl_merge,21903,ifa,MD,IFA,IFA_06,IFA,,24015,37980,2461150,"IFA Baltimore-Columbia-Towson, MD",0.0,no cell in the extract: territory at zero opportunity
ifa_southatl_merge,21904,ifa,MD,IFA,IFA_06,IFA,,24015,37980,2463075,"IFA Baltimore-Columbia-Towson, MD",0.31818,
ifa_southatl_merge,21911,ifa,MD,IFA,IFA_06,IFA,,24015,37980,2466275,"IFA Baltimore-Columbia-Towson, MD",0.0,no cell in the extract: territory at zero opportunity
ifa_southatl_merge,21912,ifa,MD,IFA,IFA_06,IFA,,24015,37980,2414325,"IFA Baltimore-Columbia-Towson, MD",0.0,no cell in the extract: territory at zero opportunity
ifa_southatl_merge,21913,ifa,MD,IFA,IFA_06,IFA,,24015,37980,2414325,"IFA Baltimore-Columbia-Towson, MD",0.0,no cell in the extract: territory at zero opportunity
ifa_southatl_merge,21914,ifa,MD,IFA,IFA_06,IFA,,24015,37980,2415400,"IFA Baltimore-Columbia-Towson, MD",0.0,no cell in the extract: territory at zero opportunity
ifa_southatl_merge,21915,ifa,MD,IFA,IFA_06,IFA,,24015,37980,2415950,"IFA Baltimore-Columbia-Towson, MD",0.142987,
ifa_southatl_merge,21917,ifa,MD,IFA,IFA_06,IFA,,24015,37980,,"IFA Baltimore-Columbia-Towson, MD",0.0,no cell in the extract: territory at zero opportunity
ifa_southatl_merge,21918,ifa,MD,IFA,IFA_06,IFA,,24015,37980,,"IFA Baltimore-Columbia-Towson, MD",0.0,no cell in the extract: territory at zero opportunity
ifa_southatl_merge,21919,ifa,MD,IFA,IFA_06,IFA,,24015,37980,,"IFA Baltimore-Columbia-Towson, MD",0.0,no cell in the extract: territory at zero opportunity
ifa_southatl_merge,21920,ifa,MD,IFA,IFA_06,IFA,,24015,37980,,"IFA Baltimore-Columbia-Towson, MD",0.0,no cell in the extract: territory at zero opportunity
ifa_southatl_merge,21921,ifa,MD,IFA,IFA_06,IFA,,24015,37980,2425800,"IFA Baltimore-Columbia-Towson, MD",0.0763935,
ifa_southatl_merge,21930,ifa,MD,IFA,IFA_06,IFA,,24015,37980,,"IFA Baltimore-Columbia-Towson, MD",0.0,no cell in the extract: territory at zero opportunity
ifa_southatl_merge,22003,ifa,VA,IFA,IFA_09,IFA,,51059,47900,5101912,"IFA Washington-Arlington-Alexandria, DC-VA-MD-WV",0.614057,
ifa_southatl_merge,22015,ifa,VA,IFA,IFA_09,IFA,,51059,47900,5111464,"IFA Washington-Arlington-Alexandria, DC-VA-MD-WV",2.74077,
ifa_southatl_merge,22025,ifa,VA,IFA,IFA_09,IFA,,51153,47900,5152658,"IFA Washington-Arlington-Alexandria, DC-VA-MD-WV",0.0,no cell in the extract: territory at zero opportunity
ifa_southatl_merge,22026,ifa,VA,IFA,IFA_09,IFA,,51153,47900,5115176,"IFA Washington-Arlington-Alexandria, DC-VA-MD-WV",0.0,no cell in the extract: territory at zero opportunity
ifa_southatl_merge,22027,ifa,VA,IFA,IFA_09,IFA,,51059,47900,5123984,"IFA Washington-Arlington-Alexandria, DC-VA-MD-WV",0.0,no cell in the extract: territory at zero opportunity
ifa_southatl_merge,22030,ifa,VA,IFA,IFA_09,IFA,,51059,47900,5109072,"IFA Washington-Arlington-Alexandria, DC-VA-MD-WV",5.0119,
ifa_southatl_merge,22031,ifa,VA,IFA,IFA_09,IFA,,51059,47900,5149144,"IFA Washington-Arlington-Alexandria, DC-VA-MD-WV",2.78283,
ifa_southatl_merge,22032,ifa,VA,IFA,IFA_09,IFA,,51059,47900,5142680,"IFA Washington-Arlington-Alexandria, DC-VA-MD-WV",0.0,no cell in the extract: territory at zero opportunity
ifa_southatl_merge,22033,ifa,VA,IFA,IFA_09,IFA,,51059,47900,5126875,"IFA Washington-Arlington-Alexandria, DC-VA-MD-WV",5.35956,
ifa_southatl_merge,22035,ifa,VA,IFA,IFA_09,IFA,,51059,47900,5126875,"IFA Washington-Arlington-Alexandria, DC-VA-MD-WV",0.0,no cell in the extract: territory at zero opportunity
ifa_southatl_merge,22039,ifa,VA,IFA,IFA_09,IFA,,51059,47900,5126592,"IFA Washington-Arlington-Alexandria, DC-VA-MD-WV",0.258522,
ifa_southatl_merge,22041,ifa,VA,IFA,IFA_09,IFA,,51059,47900,5104088,"IFA Washington-Arlington-Alexandria, DC-VA-MD-WV",2.31721,
ifa_southatl_merge,22042,ifa,VA,IFA,IFA_09,IFA,,51059,47900,5184368,"IFA Washington-Arlington-Alexandria, DC-VA-MD-WV",6.71435,
ifa_southatl_merge,22043,ifa,VA,IFA,IFA_09,IFA,,51059,47900,5139448,"IFA Washington-Arlington-Alexandria, DC-VA-MD-WV",0.337253,
ifa_southatl_merge,22044,ifa,VA,IFA,IFA_09,IFA,,51059,47900,5143352,"IFA Washington-Arlington-Alexandria, DC-VA-MD-WV",0.0,no cell in the extract: territory at zero opportunity
ifa_southatl_merge,22046,ifa,VA,IFA,IFA_09,IFA,,51610,47900,5127200,"IFA Washington-Arlington-Alexandria, DC-VA-MD-WV",0.278408,
ifa_southatl_merge,22060,ifa,VA,IFA,IFA_09,IFA,,51059,47900,5129008,"IFA Washington-Arlington-Alexandria, DC-VA-MD-WV",0.0,no cell in the extract: territory at zero opportunity
ifa_southatl_merge,22066,ifa,VA,IFA,IFA_09,IFA,,51059,47900,5132496,"IFA Washington-Arlington-Alexandria, DC-VA-MD-WV",0.808178,
ifa_southatl_merge,22079,ifa,VA,IFA,IFA_09,IFA,,51059,47900,5149998,"IFA Washington-Arlington-Alexandria, DC-VA-MD-WV",0.0,no cell in the extract: territory at zero opportunity
ifa_southatl_merge,22101,ifa,VA,IFA,IFA_09,IFA,,51059,47900,5148376,"IFA Washington-Arlington-Alexandria, DC-VA-MD-WV",4.74031,
ifa_southatl_merge,22102,ifa,VA,IFA,IFA_09,IFA,,51059,47900,5148376,"IFA Washington-Arlington-Alexandria, DC-VA-MD-WV",54.4355,
ifa_southatl_merge,22124,ifa,VA,IFA,IFA_09,IFA,,51059,47900,5122472,"IFA Washington-Arlington-Alexandria, DC-VA-MD-WV",10.4403,
ifa_southatl_merge,22125,ifa,VA,IFA,IFA_09,IFA,,51153,47900,5158696,"IFA Washington-Arlington-Alexandria, DC-VA-MD-WV",0.0,no cell in the extract: territory at zero opportunity
ifa_southatl_merge,22134,ifa,VA,IFA,IFA_09,IFA,,51179,47900,5165128,"IFA Washington-Arlington-Alexandria, DC-VA-MD-WV",0.258534,
ifa_southatl_merge,22150,ifa,VA,IFA,IFA_09,IFA,,51059,47900,5174592,"IFA Washington-Arlington-Alexandria, DC-VA-MD-WV",0.241482,
ifa_southatl_merge,22151,ifa,VA,IFA,IFA_09,IFA,,51059,47900,5157560,"IFA Washington-Arlington-Alexandria, DC-VA-MD-WV",0.0,no cell in the extract: territory at zero opportunity
ifa_southatl_merge,22152,ifa,VA,IFA,IFA_09,IFA,,51059,47900,5184976,"IFA Washington-Arlington-Alexandria, DC-VA-MD-WV",0.635532,
ifa_southatl_merge,22153,ifa,VA,IFA,IFA_09,IFA,,51059,47900,5155758,"IFA Washington-Arlington-Alexandria, DC-VA-MD-WV",0.0,no cell in the extract: territory at zero opportunity
ifa_southatl_merge,22172,ifa,VA,IFA,IFA_09,IFA,,51153,47900,5179360,"IFA Washington-Arlington-Alexandria, DC-VA-MD-WV",0.0,no cell in the extract: territory at zero opportunity
ifa_southatl_merge,22180,ifa,VA,IFA,IFA_09,IFA,,51059,47900,5181072,"IFA Washington-Arlington-Alexandria, DC-VA-MD-WV",0.367058,
ifa_southatl_merge,22181,ifa,VA,IFA,IFA_09,IFA,,51059,47900,5158472,"IFA Washington-Arlington-Alexandria, DC-VA-MD-WV",0.659713,
ifa_southatl_merge,22182,ifa,VA,IFA,IFA_09,IFA,,51059,47900,5187240,"IFA Washington-Arlington-Alexandria, DC-VA-MD-WV",69.4489,
ifa_southatl_merge,22191,ifa,VA,IFA,IFA_09,IFA,,51153,47900,5187312,"IFA Washington-Arlington-Alexandria, DC-VA-MD-WV",0.766973,
ifa_southatl_merge,22192,ifa,VA,IFA,IFA_09,IFA,,51153,47900,5143432,"IFA Washington-Arlington-Alexandria, DC-VA-MD-WV",3.15413,
ifa_southatl_merge,22193,ifa,VA,IFA,IFA_09,IFA,,51153,47900,5121088,"IFA Washington-Arlington-Alexandria, DC-VA-MD-WV",2.54906,
ifa_southatl_merge,22201,ifa,VA,IFA,IFA_09,IFA,,51013,47900,5103000,"IFA Washington-Arlington-Alexandria, DC-VA-MD-WV",1.07608,
ifa_southatl_merge,22202,ifa,VA,IFA,IFA_09,IFA,,51013,47900,5103000,"IFA Washington-Arlington-Alexandria, DC-VA-MD-WV",0.56515,
ifa_southatl_merge,22203,ifa,VA,IFA,IFA_09,IFA,,51013,47900,5103000,"IFA Washington-Arlington-Alexandria, DC-VA-MD-WV",0.309407,
ifa_southatl_merge,22204,ifa,VA,IFA,IFA_09,IFA,,51013,47900,5103000,"IFA Washington-Arlington-Alexandria, DC-VA-MD-WV",0.0,no cell in the extract: territory at zero opportunity
ifa_southatl_merge,22205,ifa,VA,IFA,IFA_09,IFA,,51013,47900,5103000,"IFA Washington-Arlington-Alexandria, DC-VA-MD-WV",0.0,no cell in the extract: territory at zero opportunity
ifa_southatl_merge,22206,ifa,VA,IFA,IFA_09,IFA,,51013,47900,5103000,"IFA Washington-Arlington-Alexandria, DC-VA-MD-WV",0.0,no cell in the extract: territory at zero opportunity
ifa_southatl_merge,22207,ifa,VA,IFA,IFA_09,IFA,,51013,47900,5103000,"IFA Washington-Arlington-Alexandria, DC-VA-MD-WV",0.0,no cell in the extract: territory at zero opportunity
ifa_southatl_merge,22209,ifa,VA,IFA,IFA_09,IFA,,51013,47900,5103000,"IFA Washington-Arlington-Alexandria, DC-VA-MD-WV",17.8391,
ifa_southatl_merge,22211,ifa,VA,IFA,IFA_09,IFA,,51013,47900,5103000,"IFA Washington-Arlington-Alexandria, DC-VA-MD-WV",0.0,no cell in the extract: territory at zero opportunity
ifa_southatl_merge,22213,ifa,VA,IFA,IFA_09,IFA,,51013,47900,5103000,"IFA Washington-Arlington-Alexandria, DC-VA-MD-WV",0.0,no cell in the extract: territory at zero opportunity
ifa_southatl_merge,22214,ifa,VA,IFA,IFA_09,IFA,,51013,47900,5103000,"IFA Washington-Arlington-Alexandria, DC-VA-MD-WV",0.0,no cell in the extract: territory at zero opportunity
ifa_southatl_merge,22301,ifa,VA,IFA,IFA_09,IFA,,51510,47900,5101000,"IFA Washington-Arlington-Alexandria, DC-VA-MD-WV",0.501636,
ifa_southatl_merge,22302,ifa,VA,IFA,IFA_09,IFA,,51510,47900,5101000,"IFA Washington-Arlington-Alexandria, DC-VA-MD-WV",0.0,no cell in the extract: territory at zero opportunity
ifa_southatl_merge,22303,ifa,VA,IFA,IFA_09,IFA,,51059,47900,5139064,"IFA Washington-Arlington-Alexandria, DC-VA-MD-WV",0.0,no cell in the extract: territory at zero opportunity
ifa_southatl_merge,22304,ifa,VA,IFA,IFA_09,IFA,,51510,47900,5101000,"IFA Washington-Arlington-Alexandria, DC-VA-MD-WV",0.876128,
ifa_southatl_merge,22305,ifa,VA,IFA,IFA_09,IFA,,51510,47900,5101000,"IFA Washington-Arlington-Alexandria, DC-VA-MD-WV",0.974802,
ifa_southatl_merge,22306,ifa,VA,IFA,IFA_09,IFA,,51059,47900,5133584,"IFA Washington-Arlington-Alexandria, DC-VA-MD-WV",0.0,no cell in the extract: territory at zero opportunity
ifa_southatl_merge,22307,ifa,VA,IFA,IFA_09,IFA,,51059,47900,5105928,"IFA Washington-Arlington-Alexandria, DC-VA-MD-WV",0.0,no cell in the extract: territory at zero opportunity
ifa_southatl_merge,22308,ifa,VA,IFA,IFA_09,IFA,,51059,47900,5129136,"IFA Washington-Arlington-Alexandria, DC-VA-MD-WV",0.0,no cell in the extract: territory at zero opportunity
ifa_southatl_merge,22309,ifa,VA,IFA,IFA_09,IFA,,51059,47900,5154144,"IFA Washington-Arlington-Alexandria, DC-VA-MD-WV",0.0,no cell in the extract: territory at zero opportunity
ifa_southatl_merge,22310,ifa,VA,IFA,IFA_09,IFA,,51059,47900,5168880,"IFA Washington-Arlington-Alexandria, DC-VA-MD-WV",5.33951,
ifa_southatl_merge,22311,ifa,VA,IFA,IFA_09,IFA,,51510,47900,5101000,"IFA Washington-Arlington-Alexandria, DC-VA-MD-WV",0.0,no cell in the extract: territory at zero opportunity
ifa_southatl_merge,22312,ifa,VA,IFA,IFA_09,IFA,,51059,47900,5145784,"IFA Washington-Arlington-Alexandria, DC-VA-MD-WV",4.88479,
ifa_southatl_merge,22314,ifa,VA,IFA,IFA_09,IFA,,51510,47900,5101000,"IFA Washington-Arlington-Alexandria, DC-VA-MD-WV",17.2695,
ifa_southatl_merge,22315,ifa,VA,IFA,IFA_09,IFA,,51059,47900,5142746,"IFA Washington-Arlington-Alexandria, DC-VA-MD-WV",0.630223,
ifa_southatl_merge,22401,ifa,VA,IFA,IFA_09,IFA,,51630,47900,5129744,"IFA Washington-Arlington-Alexandria, DC-VA-MD-WV",15.7458,
ifa_southatl_merge,22405,ifa,VA,IFA,IFA_09,IFA,,51179,47900,5127264,"IFA Washington-Arlington-Alexandria, DC-VA-MD-WV",0.131051,
ifa_southatl_merge,22406,ifa,VA,IFA,IFA_09,IFA,,51179,47900,5174922,"IFA Washington-Arlington-Alexandria, DC-VA-MD-WV",0.0,no cell in the extract: territory at zero opportunity
ifa_southatl_merge,22407,ifa,VA,IFA,IFA_09,IFA,,51177,47900,5129744,"IFA Washington-Arlington-Alexandria, DC-VA-MD-WV",1.17351,
ifa_southatl_merge,22408,ifa,VA,IFA,IFA_09,IFA,,51177,47900,5129744,"IFA Washington-Arlington-Alexandria, DC-VA-MD-WV",1.27337,
ifa_southatl_merge,22427,ifa,VA,IFA,IFA_09,IFA,,51033,,5108888,"IFA Washington-Arlington-Alexandria, DC-VA-MD-WV",0.0,no cell in the extract: territory at zero opportunity
ifa_southatl_merge,22432,ifa,VA,IFA,IFA_09,IFA,,51133,,,"IFA Washington-Arlington-Alexandria, DC-VA-MD-WV",0.0,no cell in the extract: territory at zero opportunity
ifa_southatl_merge,22433,ifa,VA,IFA,IFA_09,IFA,,51137,29470,,"IFA Washington-Arlington-Alexandria, DC-VA-MD-WV",0.0,no cell in the extract: territory at zero opportunity
ifa_southatl_merge,22435,ifa,VA,IFA,IFA_09,IFA,,51133,,,"IFA Washington-Arlington-Alexandria, DC-VA-MD-WV",0.0,no cell in the extract: territory at zero opportunity
ifa_southatl_merge,22436,ifa,VA,IFA,IFA_09,IFA,,51057,,,"IFA Washington-Arlington-Alexandria, DC-VA-MD-WV",0.0,no cell in the extract: territory at zero opportunity
ifa_southatl_merge,22437,ifa,VA,IFA,IFA_09,IFA,,51097,40060,,"IFA Washington-Arlington-Alexandria, DC-VA-MD-WV",0.0,no cell in the extract: territory at zero opportunity
ifa_southatl_merge,22438,ifa,VA,IFA,IFA_09,IFA,,51057,,,"IFA Washington-Arlington-Alexandria, DC-VA-MD-WV",0.0,no cell in the extract: territory at zero opportunity
ifa_southatl_merge,22443,ifa,VA,IFA,IFA_09,IFA,,51193,,5118400,"IFA Washington-Arlington-Alexandria, DC-VA-MD-WV",0.0,no cell in the extract: territory at zero opportunity
ifa_southatl_merge,22448,ifa,VA,IFA,IFA_09,IFA,,51099,,5121016,"IFA Washington-Arlington-Alexandria, DC-VA-MD-WV",0.0,no cell in the extract: territory at zero opportunity
ifa_southatl_merge,22454,ifa,VA,IFA,IFA_09,IFA,,51057,,,"IFA Washington-Arlington-Alexandria, DC-VA-MD-WV",0.0,no cell in the extract: territory at zero opportunity
ifa_southatl_merge,22460,ifa,VA,IFA,IFA_09,IFA,,51159,,,"IFA Washington-Arlington-Alexandria, DC-VA-MD-WV",0.0252875,
ifa_southatl_merge,22469,ifa,VA,IFA,IFA_09,IFA,,51193,,,"IFA Washington-Arlington-Alexandria, DC-VA-MD-WV",0.0,no cell in the extract: territory at zero opportunity
ifa_southatl_merge,22472,ifa,VA,IFA,IFA_09,IFA,,51159,,,"IFA Washington-Arlington-Alexandria, DC-VA-MD-WV",0.0,no cell in the extract: territory at zero opportunity
ifa_southatl_merge,22473,ifa,VA,IFA,IFA_09,IFA,,51133,,5136216,"IFA Washington-Arlington-Alexandria, DC-VA-MD-WV",0.0,no cell in the extract: territory at zero opportunity
ifa_southatl_merge,22476,ifa,VA,IFA,IFA_09,IFA,,51057,,,"IFA Washington-Arlington-Alexandria, DC-VA-MD-WV",0.0,no cell in the extract: territory at zero opportunity
ifa_southatl_merge,22480,ifa,VA,IFA,IFA_09,IFA,,51103,,5140088,"IFA Washington-Arlington-Alexandria, DC-VA-MD-WV",0.0,no cell in the extract: territory at zero opportunity
ifa_southatl_merge,22482,ifa,VA,IFA,IFA_09,IFA,,51133,,5142424,"IFA Washington-Arlington-Alexandria, DC-VA-MD-WV",2.98812,
ifa_southatl_merge,22485,ifa,VA,IFA,IFA_09,IFA,,51099,,5142568,"IFA Washington-Arlington-Alexandria, DC-VA-MD-WV",0.00139204,
ifa_southatl_merge,22488,ifa,VA,IFA,IFA_09,IFA,,51193,,,"IFA Washington-Arlington-Alexandria, DC-VA-MD-WV",0.0,no cell in the extract: territory at zero opportunity
ifa_southatl_merge,22503,ifa,VA,IFA,IFA_09,IFA,,51103,,5143704,"IFA Washington-Arlington-Alexandria, DC-VA-MD-WV",0.0,no cell in the extract: territory at zero opportunity
ifa_southatl_merge,22504,ifa,VA,IFA,IFA_09,IFA,,51057,,,"IFA Washington-Arlington-Alexandria, DC-VA-MD-WV",0.0,no cell in the extract: territory at zero opportunity
ifa_southatl_merge,22508,ifa,VA,IFA,IFA_09,IFA,,51137,29470,5143430,"IFA Washington-Arlington-Alexandria, DC-VA-MD-WV",0.456954,
ifa_southatl_merge,22509,ifa,VA,IFA,IFA_09,IFA,,51057,,,"IFA Washington-Arlington-Alexandria, DC-VA-MD-WV",0.0,no cell in the extract: territory at zero opportunity
ifa_southatl_merge,22511,ifa,VA,IFA,IFA_09,IFA,,51133,,,"IFA Washington-Arlington-Alexandria, DC-VA-MD-WV",0.0,no cell in the extract: territory at zero opportunity
ifa_southatl_merge,22514,ifa,VA,IFA,IFA_09,IFA,,51033,,,"IFA Washington-Arlington-Alexandria, DC-VA-MD-WV",0.0,no cell in the extract: territory at zero opportunity
ifa_southatl_merge,22520,ifa,VA,IFA,IFA_09,IFA,,51193,,5152952,"IFA Washington-Arlington-Alexandria, DC-VA-MD-WV",0.0,no cell in the extract: territory at zero opportunity
ifa_southatl_merge,22529,ifa,VA,IFA,IFA_09,IFA,,51193,,,"IFA Washington-Arlington-Alexandria, DC-VA-MD-WV",0.0,no cell in the extract: territory at zero opportunity
ifa_southatl_merge,22534,ifa,VA,IFA,IFA_09,IFA,,51177,47900,,"IFA Washington-Arlington-Alexandria, DC-VA-MD-WV",0.0,no cell in the extract: territory at zero opportunity
ifa_southatl_merge,22535,ifa,VA,IFA,IFA_09,IFA,,51033,,5163928,"IFA Washington-Arlington-Alexandria, DC-VA-MD-WV",0.0,no cell in the extract: territory at zero opportunity
ifa_southatl_merge,22538,ifa,VA,IFA,IFA_09,IFA,,51033,,5163928,"IFA Washington-Arlington-Alexandria, DC-VA-MD-WV",0.0,no cell in the extract: territory at zero opportunity
ifa_southatl_merge,22539,ifa,VA,IFA,IFA_09,IFA,,51133,,,"IFA Washington-Arlington-Alexandria, DC-VA-MD-WV",0.0,no cell in the extract: territory at zero opportunity
ifa_southatl_merge,22542,ifa,VA,IFA,IFA_09,IFA,,51137,29470,5166800,"IFA Washington-Arlington-Alexandria, DC-VA-MD-WV",0.0,no cell in the extract: territory at zero opportunity
ifa_southatl_merge,22546,ifa,VA,IFA,IFA_09,IFA,,51033,,5143420,"IFA Washington-Arlington-Alexandria, DC-VA-MD-WV",0.0,no cell in the extract: territory at zero opportunity
ifa_southatl_merge,22548,ifa,VA,IFA,IFA_09,IFA,,51159,,,"IFA Washington-Arlington-Alexandria, DC-VA-MD-WV",0.0,no cell in the extract: territory at zero opportunity
ifa_southatl_merge,22551,ifa,VA,IFA,IFA_09,IFA,,51177,47900,5174470,"IFA Washington-Arlington-Alexandria, DC-VA-MD-WV",0.0,no cell in the extract: territory at zero opportunity
ifa_southatl_merge,22553,ifa,VA,IFA,IFA_09,IFA,,51177,47900,5174470,"IFA Washington-Arlington-Alexandria, DC-VA-MD-WV",0.0,no cell in the extract: territory at zero opportunity
ifa_southatl_merge,22554,ifa,VA,IFA,IFA_09,IFA,,51179,47900,5102112,"IFA Washington-Arlington-Alexandria, DC-VA-MD-WV",0.0,no cell in the extract: territory at zero opportunity
ifa_southatl_merge,22556,ifa,VA,IFA,IFA_09,IFA,,51179,47900,5182232,"IFA Washington-Arlington-Alexandria, DC-VA-MD-WV",0.397493,
ifa_southatl_merge,22560,ifa,VA,IFA,IFA_09,IFA,,51057,,5177568,"IFA Washington-Arlington-Alexandria, DC-VA-MD-WV",0.0,no cell in the extract: territory at zero opportunity
ifa_southatl_merge,22567,ifa,VA,IFA,IFA_09,IFA,,51137,29470,5180048,"IFA Washington-Arlington-Alexandria, DC-VA-MD-WV",0.0,no cell in the extract: territory at zero opportunity
ifa_southatl_merge,22572,ifa,VA,IFA,IFA_09,IFA,,51159,,5183168,"IFA Washington-Arlington-Alexandria, DC-VA-MD-WV",0.0,no cell in the extract: territory at zero opportunity
ifa_southatl_merge,22576,ifa,VA,IFA,IFA_09,IFA,,51103,,5183888,"IFA Washington-Arlington-Alexandria, DC-VA-MD-WV",0.0,no cell in the extract: territory at zero opportunity
ifa_southatl_merge,22578,ifa,VA,IFA,IFA_09,IFA,,51103,,5185600,"IFA Washington-Arlington-Alexandria, DC-VA-MD-WV",0.78133,
ifa_southatl_merge,22580,ifa,VA,IFA,IFA_09,IFA,,51033,,5108888,"IFA Washington-Arlington-Alexandria, DC-VA-MD-WV",2.20364,
ifa_southatl_merge,22601,ifa,VA,IFA,IFA_09,IFA,,51840,49020,5186720,"IFA Washington-Arlington-Alexandria, DC-VA-MD-WV",4.63956,
ifa_southatl_merge,22602,ifa,VA,IFA,IFA_09,IFA,,51069,49020,5171625,"IFA Washington-Arlington-Alexandria, DC-VA-MD-WV",3.13999,
ifa_southatl_merge,22603,ifa,VA,IFA,IFA_09,IFA,,51069,49020,,"IFA Washington-Arlington-Alexandria, DC-VA-MD-WV",0.0,no cell in the extract: territory at zero opportunity
ifa_southatl_merge,22610,ifa,VA,IFA,IFA_09,IFA,,51187,47900,,"IFA Washington-Arlington-Alexandria, DC-VA-MD-WV",0.0,no cell in the extract: territory at zero opportunity
ifa_southatl_merge,22611,ifa,VA,IFA,IFA_09,IFA,,51043,47900,5106968,"IFA Washington-Arlington-Alexandria, DC-VA-MD-WV",1.36417,
ifa_southatl_merge,22620,ifa,VA,IFA,IFA_09,IFA,,51043,47900,5108984,"IFA Washington-Arlington-Alexandria, DC-VA-MD-WV",0.0,no cell in the extract: territory at zero opportunity
ifa_southatl_merge,22623,ifa,VA,IFA,IFA_09,IFA,,51157,47900,5116240,"IFA Washington-Arlington-Alexandria, DC-VA-MD-WV",0.0,no cell in the extract: territory at zero opportunity
ifa_southatl_merge,22624,ifa,VA,IFA,IFA_09,IFA,,51069,49020,5110568,"IFA Washington-Arlington-Alexandria, DC-VA-MD-WV",0.0,no cell in the extract: territory at zero opportunity
ifa_southatl_merge,22625,ifa,VA,IFA,IFA_09,IFA,,51069,49020,5143392,"IFA Washington-Arlington-Alexandria, DC-VA-MD-WV",0.0,no cell in the extract: territory at zero opportunity
ifa_southatl_merge,22627,ifa,VA,IFA,IFA_09,IFA,,51157,47900,5128496,"IFA Washington-Arlington-Alexandria, DC-VA-MD-WV",0.0,no cell in the extract: territory at zero opportunity
ifa_southatl_merge,22630,ifa,VA,IFA,IFA_09,IFA,,51187,47900,5129968,"IFA Washington-Arlington-Alexandria, DC-VA-MD-WV",8.90884,
ifa_southatl_merge,22637,ifa,VA,IFA,IFA_09,IFA,,51069,49020,5131952,"IFA Washington-Arlington-Alexandria, DC-VA-MD-WV",0.0,no cell in the extract: territory at zero opportunity
ifa_southatl_merge,22639,ifa,VA,IFA,IFA_09,IFA,,51061,47900,,"IFA Washington-Arlington-Alexandria, DC-VA-MD-WV",0.0,no cell in the extract: territory at zero opportunity
ifa_southatl_merge,22640,ifa,VA,IFA,IFA_09,IFA,,51157,47900,5116240,"IFA Washington-Arlington-Alexandria, DC-VA-MD-WV",0.0,no cell in the extract: territory at zero opportunity
ifa_southatl_merge,22641,ifa,VA,IFA,IFA_09,IFA,,51171,,5144712,"IFA Washington-Arlington-Alexandria, DC-VA-MD-WV",0.0,no cell in the extract: territory at zero opportunity
ifa_southatl_merge,22642,ifa,VA,IFA,IFA_09,IFA,,51187,47900,5171810,"IFA Washington-Arlington-Alexandria, DC-VA-MD-WV",0.0,no cell in the extract: territory at zero opportunity
ifa_southatl_merge,22643,ifa,VA,IFA,IFA_09,IFA,,51061,47900,,"IFA Washington-Arlington-Alexandria, DC-VA-MD-WV",0.0,no cell in the extract: territory at zero opportunity
ifa_southatl_merge,22644,ifa,VA,IFA,IFA_09,IFA,,51171,,5150200,"IFA Washington-Arlington-Alexandria, DC-VA-MD-WV",0.0,no cell in the extract: territory at zero opportunity
ifa_southatl_merge,22645,ifa,VA,IFA,IFA_09,IFA,,51069,49020,5151512,"IFA Washington-Arlington-Alexandria, DC-VA-MD-WV",0.0,no cell in the extract: territory at zero opportunity
ifa_southatl_merge,22646,ifa,VA,IFA,IFA_09,IFA,,51043,47900,,"IFA Washington-Arlington-Alexandria, DC-VA-MD-WV",0.0,no cell in the extract: territory at zero opportunity
ifa_southatl_merge,22650,ifa,VA,IFA,IFA_09,IFA,,51139,,,"IFA Washington-Arlington-Alexandria, DC-VA-MD-WV",0.0,no cell in the extract: territory at zero opportunity
ifa_southatl_merge,22652,ifa,VA,IFA,IFA_09,IFA,,51171,,,"IFA Washington-Arlington-Alexandria, DC-VA-MD-WV",0.0,no cell in the extract: territory at zero opportunity
ifa_southatl_merge,22654,ifa,VA,IFA,IFA_09,IFA,,51069,49020,,"IFA Washington-Arlington-Alexandria, DC-VA-MD-WV",0.0,no cell in the extract: territory at zero opportunity
ifa_southatl_merge,22655,ifa,VA,IFA,IFA_09,IFA,,51069,49020,5175344,"IFA Washington-Arlington-Alexandria, DC-VA-MD-WV",0.0,no cell in the extract: territory at zero opportunity
ifa_southatl_merge,22656,ifa,VA,IFA,IFA_09,IFA,,51069,49020,,"IFA Washington-Arlington-Alexandria, DC-VA-MD-WV",0.0,no cell in the extract: territory at zero opportunity
ifa_southatl_merge,22657,ifa,VA,IFA,IFA_09,IFA,,51171,,5176000,"IFA Washington-Arlington-Alexandria, DC-VA-MD-WV",0.31818,
ifa_southatl_merge,22660,ifa,VA,IFA,IFA_09,IFA,,51171,,5154056,"IFA Washington-Arlington-Alexandria, DC-VA-MD-WV",0.0,no cell in the extract: territory at zero opportunity
ifa_southatl_merge,22663,ifa,VA,IFA,IFA_09,IFA,,51043,47900,,"IFA Washington-Arlington-Alexandria, DC-VA-MD-WV",0.0,no cell in the extract: territory at zero opportunity
ifa_southatl_merge,22664,ifa,VA,IFA,IFA_09,IFA,,51171,,5187712,"IFA Washington-Arlington-Alexandria, DC-VA-MD-WV",0.0,no cell in the extract: territory at zero opportunity
ifa_southatl_merge,22701,ifa,VA,IFA,IFA_09,IFA,,51047,47900,5120752,"IFA Washington-Arlington-Alexandria, DC-VA-MD-WV",4.18063,
ifa_southatl_merge,22709,ifa,VA,IFA,IFA_09,IFA,,51113,,,"IFA Washington-Arlington-Alexandria, DC-VA-MD-WV",0.0,no cell in the extract: territory at zero opportunity
ifa_southatl_merge,22711,ifa,VA,IFA,IFA_09,IFA,,51113,,,"IFA Washington-Arlington-Alexandria, DC-VA-MD-WV",0.0,no cell in the extract: territory at zero opportunity
ifa_southatl_merge,22712,ifa,VA,IFA,IFA_09,IFA,,51061,47900,5105336,"IFA Washington-Arlington-Alexandria, DC-VA-MD-WV",0.0,no cell in the extract: territory at zero opportunity
ifa_southatl_merge,22713,ifa,VA,IFA,IFA_09,IFA,,51047,47900,,"IFA Washington-Arlington-Alexandria, DC-VA-MD-WV",0.0,no cell in the extract: territory at zero opportunity
ifa_southatl_merge,22714,ifa,VA,IFA,IFA_09,IFA,,51047,47900,5109352,"IFA Washington-Arlington-Alexandria, DC-VA-MD-WV",0.0,no cell in the extract: territory at zero opportunity
ifa_southatl_merge,22715,ifa,VA,IFA,IFA_09,IFA,,51113,,5109752,"IFA Washington-Arlington-Alexandria, DC-VA-MD-WV",0.0,no cell in the extract: territory at zero opportunity
ifa_southatl_merge,22716,ifa,VA,IFA,IFA_09,IFA,,51157,47900,,"IFA Washington-Arlington-Alexandria, DC-VA-MD-WV",0.0,no cell in the extract: territory at zero opportunity
ifa_southatl_merge,22718,ifa,VA,IFA,IFA_09,IFA,,51047,47900,,"IFA Washington-Arlington-Alexandria, DC-VA-MD-WV",0.0,no cell in the extract: territory at zero opportunity
ifa_southatl_merge,22719,ifa,VA,IFA,IFA_09,IFA,,51113,,,"IFA Washington-Arlington-Alexandria, DC-VA-MD-WV",0.0,no cell in the extract: territory at zero opportunity
ifa_southatl_merge,22720,ifa,VA,IFA,IFA_09,IFA,,51061,47900,,"IFA Washington-Arlington-Alexandria, DC-VA-MD-WV",0.0,no cell in the extract: territory at zero opportunity
ifa_southatl_merge,22722,ifa,VA,IFA,IFA_09,IFA,,51113,,,"IFA Washington-Arlington-Alexandria, DC-VA-MD-WV",0.0,no cell in the extract: territory at zero opportunity
ifa_southatl_merge,22723,ifa,VA,IFA,IFA_09,IFA,,51113,,,"IFA Washington-Arlington-Alexandria, DC-VA-MD-WV",0.0,no cell in the extract: territory at zero opportunity
ifa_southatl_merge,22724,ifa,VA,IFA,IFA_09,IFA,,51047,47900,,"IFA Washington-Arlington-Alexandria, DC-VA-MD-WV",0.0,no cell in the extract: territory at zero opportunity
ifa_southatl_merge,22725,ifa,VA,IFA,IFA_09,IFA,,51113,,,"IFA Washington-Arlington-Alexandria, DC-VA-MD-WV",0.0,no cell in the extract: territory at zero opportunity
ifa_southatl_merge,22726,ifa,VA,IFA,IFA_09,IFA,,51047,47900,,"IFA Washington-Arlington-Alexandria, DC-VA-MD-WV",0.0,no cell in the extract: territory at zero opportunity
ifa_southatl_merge,22727,ifa,VA,IFA,IFA_09,IFA,,51113,,5148488,"IFA Washington-Arlington-Alexandria, DC-VA-MD-WV",0.0,no cell in the extract: territory at zero opportunity
ifa_southatl_merge,22728,ifa,VA,IFA,IFA_09,IFA,,51061,47900,5151544,"IFA Washington-Arlington-Alexandria, DC-VA-MD-WV",0.0,no cell in the extract: territory at zero opportunity
ifa_southatl_merge,22729,ifa,VA,IFA,IFA_09,IFA,,51047,47900,,"IFA Washington-Arlington-Alexandria, DC-VA-MD-WV",0.0,no cell in the extract: territory at zero opportunity
ifa_southatl_merge,22730,ifa,VA,IFA,IFA_09,IFA,,51113,,,"IFA Washington-Arlington-Alexandria, DC-VA-MD-WV",0.0,no cell in the extract: territory at zero opportunity
ifa_southatl_merge,22731,ifa,VA,IFA,IFA_09,IFA,,51113,,,"IFA Washington-Arlington-Alexandria, DC-VA-MD-WV",0.0,no cell in the extract: territory at zero opportunity
ifa_southatl_merge,22732,ifa,VA,IFA,IFA_09,IFA,,51113,,,"IFA Washington-Arlington-Alexandria, DC-VA-MD-WV",0.0,no cell in the extract: territory at zero opportunity
ifa_southatl_merge,22733,ifa,VA,IFA,IFA_09,IFA,,51047,47900,,"IFA Washington-Arlington-Alexandria, DC-VA-MD-WV",0.0,no cell in the extract: territory at zero opportunity
ifa_southatl_merge,22734,ifa,VA,IFA,IFA_09,IFA,,51061,47900,5166512,"IFA Washington-Arlington-Alexandria, DC-VA-MD-WV",0.0,no cell in the extract: territory at zero opportunity
ifa_southatl_merge,22735,ifa,VA,IFA,IFA_09,IFA,,51113,,5109752,"IFA Washington-Arlington-Alexandria, DC-VA-MD-WV",0.0,no cell in the extract: territory at zero opportunity
ifa_southatl_merge,22736,ifa,VA,IFA,IFA_09,IFA,,51047,47900,,"IFA Washington-Arlington-Alexandria, DC-VA-MD-WV",0.0,no cell in the extract: territory at zero opportunity
ifa_southatl_merge,22737,ifa,VA,IFA,IFA_09,IFA,,51047,47900,,"IFA Washington-Arlington-Alexandria, DC-VA-MD-WV",0.0,no cell in the extract: territory at zero opportunity
ifa_southatl_merge,22738,ifa,VA,IFA,IFA_09,IFA,,51113,,,"IFA Washington-Arlington-Alexandria, DC-VA-MD-WV",0.0,no cell in the extract: territory at zero opportunity
ifa_southatl_merge,22740,ifa,VA,IFA,IFA_09,IFA,,51157,47900,5174384,"IFA Washington-Arlington-Alexandria, DC-VA-MD-WV",0.0,no cell in the extract: territory at zero opportunity
ifa_southatl_merge,22741,ifa,VA,IFA,IFA_09,IFA,,51047,47900,,"IFA Washington-Arlington-Alexandria, DC-VA-MD-WV",0.0,no cell in the extract: territory at zero opportunity
ifa_southatl_merge,22742,ifa,VA,IFA,IFA_09,IFA,,51061,47900,,"IFA Washington-Arlington-Alexandria, DC-VA-MD-WV",0.0,no cell in the extract: territory at zero opportunity
ifa_southatl_merge,22743,ifa,VA,IFA,IFA_09,IFA,,51113,,,"IFA Washington-Arlington-Alexandria, DC-VA-MD-WV",0.0,no cell in the extract: territory at zero opportunity
ifa_southatl_merge,22746,ifa,VA,IFA,IFA_09,IFA,,51047,47900,,"IFA Washington-Arlington-Alexandria, DC-VA-MD-WV",0.0,no cell in the extract: territory at zero opportunity
ifa_southatl_merge,22747,ifa,VA,IFA,IFA_09,IFA,,51157,47900,5183248,"IFA Washington-Arlington-Alexandria, DC-VA-MD-WV",0.0,no cell in the extract: territory at zero opportunity
ifa_southatl_merge,22749,ifa,VA,IFA,IFA_09,IFA,,51157,47900,,"IFA Washington-Arlington-Alexandria, DC-VA-MD-WV",0.0,no cell in the extract: territory at zero opportunity
ifa_southatl_merge,22801,ifa,VA,IFA,IFA_09,IFA,,51165,25500,5135624,"IFA Washington-Arlington-Alexandria, DC-VA-MD-WV",9.373,
ifa_southatl_merge,22802,ifa,VA,IFA,IFA_09,IFA,,51165,25500,5135624,"IFA Washington-Arlington-Alexandria, DC-VA-MD-WV",0.0,no cell in the extract: territory at zero opportunity
ifa_southatl_merge,22807,ifa,VA,IFA,IFA_09,IFA,,51660,25500,5135624,"IFA Washington-Arlington-Alexandria, DC-VA-MD-WV",0.0,no cell in the extract: territory at zero opportunity
ifa_southatl_merge,22810,ifa,VA,IFA,IFA_09,IFA,,51171,,5104920,"IFA Washington-Arlington-Alexandria, DC-VA-MD-WV",0.0,no cell in the extract: territory at zero opportunity
ifa_southatl_merge,22811,ifa,VA,IFA,IFA_09,IFA,,51165,25500,,"IFA Washington-Arlington-Alexandria, DC-VA-MD-WV",0.0,no cell in the extract: territory at zero opportunity
ifa_southatl_merge,22812,ifa,VA,IFA,IFA_09,IFA,,51165,25500,5109656,"IFA Washington-Arlington-Alexandria, DC-VA-MD-WV",0.0,no cell in the extract: territory at zero opportunity
ifa_southatl_merge,22815,ifa,VA,IFA,IFA_09,IFA,,51165,25500,5110040,"IFA Washington-Arlington-Alexandria, DC-VA-MD-WV",0.515945,
ifa_southatl_merge,22820,ifa,VA,IFA,IFA_09,IFA,,51165,25500,,"IFA Washington-Arlington-Alexandria, DC-VA-MD-WV",0.0,no cell in the extract: territory at zero opportunity
ifa_southatl_merge,22821,ifa,VA,IFA,IFA_09,IFA,,51165,25500,5121648,"IFA Washington-Arlington-Alexandria, DC-VA-MD-WV",0.0,no cell in the extract: territory at zero opportunity
ifa_southatl_merge,22824,ifa,VA,IFA,IFA_09,IFA,,51171,,5108925,"IFA Washington-Arlington-Alexandria, DC-VA-MD-WV",0.0,no cell in the extract: territory at zero opportunity
ifa_southatl_merge,22827,ifa,VA,IFA,IFA_09,IFA,,51165,25500,5125408,"IFA Washington-Arlington-Alexandria, DC-VA-MD-WV",0.268862,
ifa_southatl_merge,22830,ifa,VA,IFA,IFA_09,IFA,,51165,25500,,"IFA Washington-Arlington-Alexandria, DC-VA-MD-WV",0.0,no cell in the extract: territory at zero opportunity
ifa_southatl_merge,22831,ifa,VA,IFA,IFA_09,IFA,,51165,25500,,"IFA Washington-Arlington-Alexandria, DC-VA-MD-WV",0.0,no cell in the extract: territory at zero opportunity
ifa_southatl_merge,22832,ifa,VA,IFA,IFA_09,IFA,,51165,25500,5141624,"IFA Washington-Arlington-Alexandria, DC-VA-MD-WV",0.0,no cell in the extract: territory at zero opportunity
ifa_southatl_merge,22834,ifa,VA,IFA,IFA_09,IFA,,51165,25500,5145960,"IFA Washington-Arlington-Alexandria, DC-VA-MD-WV",0.0,no cell in the extract: territory at zero opportunity
ifa_southatl_merge,22835,ifa,VA,IFA,IFA_09,IFA,,51139,,5147528,"IFA Washington-Arlington-Alexandria, DC-VA-MD-WV",0.0,no cell in the extract: territory at zero opportunity
ifa_southatl_merge,22840,ifa,VA,IFA,IFA_09,IFA,,51165,25500,5150030,"IFA Washington-Arlington-Alexandria, DC-VA-MD-WV",0.0,no cell in the extract: territory at zero opportunity
ifa_southatl_merge,22841,ifa,VA,IFA,IFA_09,IFA,,51165,25500,5153864,"IFA Washington-Arlington-Alexandria, DC-VA-MD-WV",0.0,no cell in the extract: territory at zero opportunity
ifa_southatl_merge,22842,ifa,VA,IFA,IFA_09,IFA,,51171,,5104920,"IFA Washington-Arlington-Alexandria, DC-VA-MD-WV",0.0,no cell in the extract: territory at zero opportunity
ifa_southatl_merge,22843,ifa,VA,IFA,IFA_09,IFA,,51015,44420,,"IFA Washington-Arlington-Alexandria, DC-VA-MD-WV",0.0,no cell in the extract: territory at zero opportunity
ifa_southatl_merge,22844,ifa,VA,IFA,IFA_09,IFA,,51171,,5155848,"IFA Washington-Arlington-Alexandria, DC-VA-MD-WV",0.0,no cell in the extract: territory at zero opportunity
ifa_southatl_merge,22845,ifa,VA,IFA,IFA_09,IFA,,51171,,5159672,"IFA Washington-Arlington-Alexandria, DC-VA-MD-WV",0.0,no cell in the extract: territory at zero opportunity
ifa_southatl_merge,22846,ifa,VA,IFA,IFA_09,IFA,,51165,25500,5150020,"IFA Washington-Arlington-Alexandria, DC-VA-MD-WV",0.0,no cell in the extract: territory at zero opportunity
ifa_southatl_merge,22847,ifa,VA,IFA,IFA_09,IFA,,51171,,5153992,"IFA Washington-Arlington-Alexandria, DC-VA-MD-WV",0.0,no cell in the extract: territory at zero opportunity
ifa_southatl_merge,22849,ifa,VA,IFA,IFA_09,IFA,,51139,,5171776,"IFA Washington-Arlington-Alexandria, DC-VA-MD-WV",0.0,no cell in the extract: territory at zero opportunity
ifa_southatl_merge,22850,ifa,VA,IFA,IFA_09,IFA,,51165,25500,5172736,"IFA Washington-Arlington-Alexandria, DC-VA-MD-WV",0.0,no cell in the extract: territory at zero opportunity
ifa_southatl_merge,22851,ifa,VA,IFA,IFA_09,IFA,,51139,,5175024,"IFA Washington-Arlington-Alexandria, DC-VA-MD-WV",0.0,no cell in the extract: territory at zero opportunity
ifa_southatl_merge,22853,ifa,VA,IFA,IFA_09,IFA,,51165,25500,5178736,"IFA Washington-Arlington-Alexandria, DC-VA-MD-WV",0.0,no cell in the extract: territory at zero opportunity
ifa_southatl_merge,22901,ifa,VA,IFA,IFA_09,IFA,,51003,16820,5114968,"IFA Washington-Arlington-Alexandria, DC-VA-MD-WV",1.51306,
ifa_southatl_merge,22902,ifa,VA,IFA,IFA_09,IFA,,51003,16820,5114968,"IFA Washington-Arlington-Alexandria, DC-VA-MD-WV",10.9378,
ifa_southatl_merge,22903,ifa,VA,IFA,IFA_09,IFA,,51003,16820,5114968,"IFA Washington-Arlington-Alexandria, DC-VA-MD-WV",12.5914,
ifa_southatl_merge,22904,ifa,VA,IFA,IFA_09,IFA,,51003,16820,5180165,"IFA Washington-Arlington-Alexandria, DC-VA-MD-WV",0.0,no cell in the extract: territory at zero opportunity
ifa_southatl_merge,22908,ifa,VA,IFA,IFA_09,IFA,,51540,16820,5114968,"IFA Washington-Arlington-Alexandria, DC-VA-MD-WV",0.0,no cell in the extract: territory at zero opportunity
ifa_southatl_merge,22911,ifa,VA,IFA,IFA_09,IFA,,51003,16820,5138032,"IFA Washington-Arlington-Alexandria, DC-VA-MD-WV",10.5026,
ifa_southatl_merge,22920,ifa,VA,IFA,IFA_09,IFA,,51125,16820,5100484,"IFA Washington-Arlington-Alexandria, DC-VA-MD-WV",0.0,no cell in the extract: territory at zero opportunity
ifa_southatl_merge,22922,ifa,VA,IFA,IFA_09,IFA,,51125,16820,5103208,"IFA Washington-Arlington-Alexandria, DC-VA-MD-WV",0.0,no cell in the extract: territory at zero opportunity
ifa_southatl_merge,22923,ifa,VA,IFA,IFA_09,IFA,,51003,16820,5104392,"IFA Washington-Arlington-Alexandria, DC-VA-MD-WV",0.0,no cell in the extract: territory at zero opportunity
ifa_southatl_merge,22931,ifa,VA,IFA,IFA_09,IFA,,51003,16820,,"IFA Washington-Arlington-Alexandria, DC-VA-MD-WV",0.0,no cell in the extract: territory at zero opportunity
ifa_southatl_merge,22932,ifa,VA,IFA,IFA_09,IFA,,51003,16820,5120560,"IFA Washington-Arlington-Alexandria, DC-VA-MD-WV",0.397725,
ifa_southatl_merge,22935,ifa,VA,IFA,IFA_09,IFA,,51079,16820,,"IFA Washington-Arlington-Alexandria, DC-VA-MD-WV",0.0,no cell in the extract: territory at zero opportunity
ifa_southatl_merge,22936,ifa,VA,IFA,IFA_09,IFA,,51003,16820,5124272,"IFA Washington-Arlington-Alexandria, DC-VA-MD-WV",0.0,no cell in the extract: territory at zero opportunity
ifa_southatl_merge,22937,ifa,VA,IFA,IFA_09,IFA,,51003,16820,5125968,"IFA Washington-Arlington-Alexandria, DC-VA-MD-WV",0.0,no cell in the extract: territory at zero opportunity
ifa_southatl_merge,22938,ifa,VA,IFA,IFA_09,IFA,,51125,16820,,"IFA Washington-Arlington-Alexandria, DC-VA-MD-WV",0.0,no cell in the extract: territory at zero opportunity
ifa_southatl_merge,22939,ifa,VA,IFA,IFA_09,IFA,,51015,44420,5127968,"IFA Washington-Arlington-Alexandria, DC-VA-MD-WV",2.64251,
ifa_southatl_merge,22940,ifa,VA,IFA,IFA_09,IFA,,51003,16820,5129840,"IFA Washington-Arlington-Alexandria, DC-VA-MD-WV",0.0,no cell in the extract: territory at zero opportunity
ifa_southatl_merge,22942,ifa,VA,IFA,IFA_09,IFA,,51109,,5131936,"IFA Washington-Arlington-Alexandria, DC-VA-MD-WV",0.0,no cell in the extract: territory at zero opportunity
ifa_southatl_merge,22943,ifa,VA,IFA,IFA_09,IFA,,51003,16820,5100484,"IFA Washington-Arlington-Alexandria, DC-VA-MD-WV",0.0,no cell in the extract: territory at zero opportunity
ifa_southatl_merge,22946,ifa,VA,IFA,IFA_09,IFA,,51003,16820,,"IFA Washington-Arlington-Alexandria, DC-VA-MD-WV",0.0,no cell in the extract: territory at zero opportunity
ifa_southatl_merge,22947,ifa,VA,IFA,IFA_09,IFA,,51003,16820,5167331,"IFA Washington-Arlington-Alexandria, DC-VA-MD-WV",0.0,no cell in the extract: territory at zero opportunity
ifa_southatl_merge,22948,ifa,VA,IFA,IFA_09,IFA,,51113,,,"IFA Washington-Arlington-Alexandria, DC-VA-MD-WV",0.0,no cell in the extract: territory at zero opportunity
ifa_southatl_merge,22949,ifa,VA,IFA,IFA_09,IFA,,51125,16820,5147224,"IFA Washington-Arlington-Alexandria, DC-VA-MD-WV",0.0,no cell in the extract: territory at zero opportunity
ifa_southatl_merge,22952,ifa,VA,IFA,IFA_09,IFA,,51015,44420,5171904,"IFA Washington-Arlington-Alexandria, DC-VA-MD-WV",0.0,no cell in the extract: territory at zero opportunity
ifa_southatl_merge,22957,ifa,VA,IFA,IFA_09,IFA,,51137,29470,,"IFA Washington-Arlington-Alexandria, DC-VA-MD-WV",0.0,no cell in the extract: territory at zero opportunity
ifa_southatl_merge,22958,ifa,VA,IFA,IFA_09,IFA,,51125,16820,5155400,"IFA Washington-Arlington-Alexandria, DC-VA-MD-WV",0.0,no cell in the extract: territory at zero opportunity
ifa_southatl_merge,22959,ifa,VA,IFA,IFA_09,IFA,,51003,16820,5157368,"IFA Washington-Arlington-Alexandria, DC-VA-MD-WV",0.0,no cell in the extract: territory at zero opportunity
ifa_southatl_merge,22960,ifa,VA,IFA,IFA_09,IFA,,51137,29470,5159496,"IFA Washington-Arlington-Alexandria, DC-VA-MD-WV",0.198489,
ifa_southatl_merge,22963,ifa,VA,IFA,IFA_09,IFA,,51065,16820,5143424,"IFA Washington-Arlington-Alexandria, DC-VA-MD-WV",0.120113,
ifa_southatl_merge,22964,ifa,VA,IFA,IFA_09,IFA,,51125,16820,,"IFA Washington-Arlington-Alexandria, DC-VA-MD-WV",0.0,no cell in the extract: territory at zero opportunity
ifa_southatl_merge,22967,ifa,VA,IFA,IFA_09,IFA,,51125,16820,5187008,"IFA Washington-Arlington-Alexandria, DC-VA-MD-WV",0.0,no cell in the extract: territory at zero opportunity
ifa_southatl_merge,22968,ifa,VA,IFA,IFA_09,IFA,,51079,16820,5169360,"IFA Washington-Arlington-Alexandria, DC-VA-MD-WV",0.0,no cell in the extract: territory at zero opportunity
ifa_southatl_merge,22969,ifa,VA,IFA,IFA_09,IFA,,51125,16820,5170704,"IFA Washington-Arlington-Alexandria, DC-VA-MD-WV",0.0,no cell in the extract: territory at zero opportunity
ifa_southatl_merge,22971,ifa,VA,IFA,IFA_09,IFA,,51125,16820,5172080,"IFA Washington-Arlington-Alexandria, DC-VA-MD-WV",0.0,no cell in the extract: territory at zero opportunity
ifa_southatl_merge,22972,ifa,VA,IFA,IFA_09,IFA,,51137,29470,,"IFA Washington-Arlington-Alexandria, DC-VA-MD-WV",0.0,no cell in the extract: territory at zero opportunity
ifa_southatl_merge,22973,ifa,VA,IFA,IFA_09,IFA,,51079,16820,5175008,"IFA Washington-Arlington-Alexandria, DC-VA-MD-WV",0.0711859,
ifa_southatl_merge,22974,ifa,VA,IFA,IFA_09,IFA,,51065,16820,,"IFA Washington-Arlington-Alexandria, DC-VA-MD-WV",0.0,no cell in the extract: territory at zero opportunity
ifa_southatl_merge,22976,ifa,VA,IFA,IFA_09,IFA,,51125,16820,,"IFA Washington-Arlington-Alexandria, DC-VA-MD-WV",0.0,no cell in the extract: territory at zero opportunity
ifa_southatl_merge,22980,ifa,VA,IFA,IFA_09,IFA,,51015,44420,5183680,"IFA Washington-Arlington-Alexandria, DC-VA-MD-WV",10.0914,
ifa_southatl_merge,22989,ifa,VA,IFA,IFA_09,IFA,,51113,,,"IFA Washington-Arlington-Alexandria, DC-VA-MD-WV",0.0,no cell in the extract: territory at zero opportunity
ifa_southatl_merge,23002,ifa,VA,IFA,IFA_09,IFA,,51007,40060,5101640,"IFA Washington-Arlington-Alexandria, DC-VA-MD-WV",0.0,no cell in the extract: territory at zero opportunity
ifa_southatl_merge,23004,ifa,VA,IFA,IFA_09,IFA,,51029,,,"IFA Washington-Arlington-Alexandria, DC-VA-MD-WV",0.0,no cell in the extract: territory at zero opportunity
ifa_southatl_merge,23005,ifa,VA,IFA,IFA_09,IFA,,51085,40060,5103368,"IFA Washington-Arlington-Alexandria, DC-VA-MD-WV",0.113437,
ifa_southatl_merge,23009,ifa,VA,IFA,IFA_09,IFA,,51101,40060,5114312,"IFA Washington-Arlington-Alexandria, DC-VA-MD-WV",0.0,no cell in the extract: territory at zero opportunity
ifa_southatl_merge,23011,ifa,VA,IFA,IFA_09,IFA,,51127,40060,,"IFA Washington-Arlington-Alexandria, DC-VA-MD-WV",0.0,no cell in the extract: territory at zero opportunity
ifa_southatl_merge,23015,ifa,VA,IFA,IFA_09,IFA,,51085,40060,,"IFA Washington-Arlington-Alexandria, DC-VA-MD-WV",0.546228,
ifa_southatl_merge,23021,ifa,VA,IFA,IFA_09,IFA,,51115,47260,,"IFA Washington-Arlington-Alexandria, DC-VA-MD-WV",0.0,no cell in the extract: territory at zero opportunity
ifa_southatl_merge,23022,ifa,VA,IFA,IFA_09,IFA,,51065,16820,,"IFA Washington-Arlington-Alexandria, DC-VA-MD-WV",0.0,no cell in the extract: territory at zero opportunity
ifa_southatl_merge,23023,ifa,VA,IFA,IFA_09,IFA,,51097,40060,,"IFA Washington-Arlington-Alexandria, DC-VA-MD-WV",0.0,no cell in the extract: territory at zero opportunity
ifa_southatl_merge,23024,ifa,VA,IFA,IFA_09,IFA,,51109,,,"IFA Washington-Arlington-Alexandria, DC-VA-MD-WV",0.0047727,
ifa_southatl_merge,23025,ifa,VA,IFA,IFA_09,IFA,,51115,47260,,"IFA Washington-Arlington-Alexandria, DC-VA-MD-WV",0.0,no cell in the extract: territory at zero opportunity
ifa_southatl_merge,23027,ifa,VA,IFA,IFA_09,IFA,,51049,,,"IFA Washington-Arlington-Alexandria, DC-VA-MD-WV",0.0,no cell in the extract: territory at zero opportunity
ifa_southatl_merge,23030,ifa,VA,IFA,IFA_09,IFA,,51036,40060,5114904,"IFA Washington-Arlington-Alexandria, DC-VA-MD-WV",0.0,no cell in the extract: territory at zero opportunity
ifa_southatl_merge,23032,ifa,VA,IFA,IFA_09,IFA,,51119,,,"IFA Washington-Arlington-Alexandria, DC-VA-MD-WV",0.0,no cell in the extract: territory at zero opportunity
ifa_southatl_merge,23035,ifa,VA,IFA,IFA_09,IFA,,51115,47260,,"IFA Washington-Arlington-Alexandria, DC-VA-MD-WV",0.0,no cell in the extract: territory at zero opportunity
ifa_southatl_merge,23038,ifa,VA,IFA,IFA_09,IFA,,51075,40060,5118624,"IFA Washington-Arlington-Alexandria, DC-VA-MD-WV",0.0,no cell in the extract: territory at zero opportunity
ifa_southatl_merge,23039,ifa,VA,IFA,IFA_09,IFA,,51075,40060,,"IFA Washington-Arlington-Alexandria, DC-VA-MD-WV",0.0,no cell in the extract: territory at zero opportunity
ifa_southatl_merge,23040,ifa,VA,IFA,IFA_09,IFA,,51049,,5120768,"IFA Washington-Arlington-Alexandria, DC-VA-MD-WV",0.0,no cell in the extract: territory at zero opportunity
ifa_southatl_merge,23043,ifa,VA,IFA,IFA_09,IFA,,51119,,5122064,"IFA Washington-Arlington-Alexandria, DC-VA-MD-WV",0.0,no cell in the extract: territory at zero opportunity
ifa_southatl_merge,23045,ifa,VA,IFA,IFA_09,IFA,,51115,47260,,"IFA Washington-Arlington-Alexandria, DC-VA-MD-WV",0.0,no cell in the extract: territory at zero opportunity
ifa_southatl_merge,23047,ifa,VA,IFA,IFA_09,IFA,,51085,40060,,"IFA Washington-Arlington-Alexandria, DC-VA-MD-WV",0.0,no cell in the extract: territory at zero opportunity
ifa_southatl_merge,23050,ifa,VA,IFA,IFA_09,IFA,,51115,47260,,"IFA Washington-Arlington-Alexandria, DC-VA-MD-WV",0.0,no cell in the extract: territory at zero opportunity
ifa_southatl_merge,23055,ifa,VA,IFA,IFA_09,IFA,,51065,16820,,"IFA Washington-Arlington-Alexandria, DC-VA-MD-WV",0.0,no cell in the extract: territory at zero opportunity
ifa_southatl_merge,23056,ifa,VA,IFA,IFA_09,IFA,,51115,47260,,"IFA Washington-Arlington-Alexandria, DC-VA-MD-WV",0.0,no cell in the extract: territory at zero opportunity
ifa_southatl_merge,23059,ifa,VA,IFA,IFA_09,IFA,,51085,40060,5131200,"IFA Washington-Arlington-Alexandria, DC-VA-MD-WV",50.4406,
ifa_southatl_merge,23060,ifa,VA,IFA,IFA_09,IFA,,51087,40060,5131200,"IFA Washington-Arlington-Alexandria, DC-VA-MD-WV",40.0963,
ifa_southatl_merge,23061,ifa,VA,IFA,IFA_09,IFA,,51073,47260,5131608,"IFA Washington-Arlington-Alexandria, DC-VA-MD-WV",0.137177,
ifa_southatl_merge,23062,ifa,VA,IFA,IFA_09,IFA,,51073,47260,5131616,"IFA Washington-Arlington-Alexandria, DC-VA-MD-WV",0.0,no cell in the extract: territory at zero opportunity
ifa_southatl_merge,23063,ifa,VA,IFA,IFA_09,IFA,,51075,40060,5131808,"IFA Washington-Arlington-Alexandria, DC-VA-MD-WV",0.0,no cell in the extract: territory at zero opportunity
ifa_southatl_merge,23065,ifa,VA,IFA,IFA_09,IFA,,51075,40060,,"IFA Washington-Arlington-Alexandria, DC-VA-MD-WV",0.0,no cell in the extract: territory at zero opportunity
ifa_southatl_merge,23066,ifa,VA,IFA,IFA_09,IFA,,51115,47260,5133824,"IFA Washington-Arlington-Alexandria, DC-VA-MD-WV",0.0,no cell in the extract: territory at zero opportunity
ifa_southatl_merge,23068,ifa,VA,IFA,IFA_09,IFA,,51115,47260,,"IFA Washington-Arlington-Alexandria, DC-VA-MD-WV",0.0,no cell in the extract: territory at zero opportunity
ifa_southatl_merge,23069,ifa,VA,IFA,IFA_09,IFA,,51085,40060,5135160,"IFA Washington-Arlington-Alexandria, DC-VA-MD-WV",0.0,no cell in the extract: territory at zero opportunity
ifa_southatl_merge,23070,ifa,VA,IFA,IFA_09,IFA,,51119,,,"IFA Washington-Arlington-Alexandria, DC-VA-MD-WV",0.0,no cell in the extract: territory at zero opportunity
ifa_southatl_merge,23071,ifa,VA,IFA,IFA_09,IFA,,51119,,,"IFA Washington-Arlington-Alexandria, DC-VA-MD-WV",0.0,no cell in the extract: territory at zero opportunity
ifa_southatl_merge,23072,ifa,VA,IFA,IFA_09,IFA,,51073,47260,5131616,"IFA Washington-Arlington-Alexandria, DC-VA-MD-WV",0.0,no cell in the extract: territory at zero opportunity
ifa_southatl_merge,23075,ifa,VA,IFA,IFA_09,IFA,,51087,40060,5137032,"IFA Washington-Arlington-Alexandria, DC-VA-MD-WV",0.0,no cell in the extract: territory at zero opportunity
ifa_southatl_merge,23076,ifa,VA,IFA,IFA_09,IFA,,51115,47260,,"IFA Washington-Arlington-Alexandria, DC-VA-MD-WV",0.0,no cell in the extract: territory at zero opportunity
ifa_southatl_merge,23079,ifa,VA,IFA,IFA_09,IFA,,51119,,,"IFA Washington-Arlington-Alexandria, DC-VA-MD-WV",0.0,no cell in the extract: territory at zero opportunity
ifa_southatl_merge,23081,ifa,VA,IFA,IFA_09,IFA,,51095,47260,,"IFA Washington-Arlington-Alexandria, DC-VA-MD-WV",0.0,no cell in the extract: territory at zero opportunity
ifa_southatl_merge,23083,ifa,VA,IFA,IFA_09,IFA,,51007,40060,,"IFA Washington-Arlington-Alexandria, DC-VA-MD-WV",0.0,no cell in the extract: territory at zero opportunity
ifa_southatl_merge,23084,ifa,VA,IFA,IFA_09,IFA,,51065,16820,,"IFA Washington-Arlington-Alexandria, DC-VA-MD-WV",0.0,no cell in the extract: territory at zero opportunity
ifa_southatl_merge,23085,ifa,VA,IFA,IFA_09,IFA,,51097,40060,5142536,"IFA Washington-Arlington-Alexandria, DC-VA-MD-WV",0.0,no cell in the extract: territory at zero opportunity
ifa_southatl_merge,23086,ifa,VA,IFA,IFA_09,IFA,,51101,40060,5142792,"IFA Washington-Arlington-Alexandria, DC-VA-MD-WV",0.031153,
ifa_southatl_merge,23089,ifa,VA,IFA,IFA_09,IFA,,51127,40060,,"IFA Washington-Arlington-Alexandria, DC-VA-MD-WV",0.403584,
ifa_southatl_merge,23091,ifa,VA,IFA,IFA_09,IFA,,51097,40060,,"IFA Washington-Arlington-Alexandria, DC-VA-MD-WV",0.0,no cell in the extract: territory at zero opportunity
ifa_southatl_merge,23092,ifa,VA,IFA,IFA_09,IFA,,51119,,,"IFA Washington-Arlington-Alexandria, DC-VA-MD-WV",0.0,no cell in the extract: territory at zero opportunity
ifa_southatl_merge,23093,ifa,VA,IFA,IFA_09,IFA,,51109,,5147144,"IFA Washington-Arlington-Alexandria, DC-VA-MD-WV",0.0,no cell in the extract: territory at zero opportunity
ifa_southatl_merge,23102,ifa,VA,IFA,IFA_09,IFA,,51075,40060,5131808,"IFA Washington-Arlington-Alexandria, DC-VA-MD-WV",0.0,no cell in the extract: territory at zero opportunity
ifa_southatl_merge,23103,ifa,VA,IFA,IFA_09,IFA,,51075,40060,,"IFA Washington-Arlington-Alexandria, DC-VA-MD-WV",0.0,no cell in the extract: territory at zero opportunity
ifa_southatl_merge,23106,ifa,VA,IFA,IFA_09,IFA,,51101,40060,,"IFA Washington-Arlington-Alexandria, DC-VA-MD-WV",0.0,no cell in the extract: territory at zero opportunity
ifa_southatl_merge,23108,ifa,VA,IFA,IFA_09,IFA,,51097,40060,,"IFA Washington-Arlington-Alexandria, DC-VA-MD-WV",0.0,no cell in the extract: territory at zero opportunity
ifa_southatl_merge,23109,ifa,VA,IFA,IFA_09,IFA,,51115,47260,5150104,"IFA Washington-Arlington-Alexandria, DC-VA-MD-WV",0.0,no cell in the extract: territory at zero opportunity
ifa_southatl_merge,23110,ifa,VA,IFA,IFA_09,IFA,,51097,40060,,"IFA Washington-Arlington-Alexandria, DC-VA-MD-WV",0.0,no cell in the extract: territory at zero opportunity
ifa_southatl_merge,23111,ifa,VA,IFA,IFA_09,IFA,,51085,40060,5150856,"IFA Washington-Arlington-Alexandria, DC-VA-MD-WV",0.00517043,
ifa_southatl_merge,23112,ifa,VA,IFA,IFA_09,IFA,,51041,40060,5109248,"IFA Washington-Arlington-Alexandria, DC-VA-MD-WV",7.33639,
ifa_southatl_merge,23113,ifa,VA,IFA,IFA_09,IFA,,51041,40060,5151560,"IFA Washington-Arlington-Alexandria, DC-VA-MD-WV",19.4843,
ifa_southatl_merge,23114,ifa,VA,IFA,IFA_09,IFA,,51041,40060,5151560,"IFA Washington-Arlington-Alexandria, DC-VA-MD-WV",9.56532,
ifa_southatl_merge,23116,ifa,VA,IFA,IFA_09,IFA,,51085,40060,5150856,"IFA Washington-Arlington-Alexandria, DC-VA-MD-WV",5.55013,
ifa_southatl_merge,23117,ifa,VA,IFA,IFA_09,IFA,,51109,,5152120,"IFA Washington-Arlington-Alexandria, DC-VA-MD-WV",0.0164833,
ifa_southatl_merge,23119,ifa,VA,IFA,IFA_09,IFA,,51115,47260,,"IFA Washington-Arlington-Alexandria, DC-VA-MD-WV",0.0,no cell in the extract: territory at zero opportunity
ifa_southatl_merge,23120,ifa,VA,IFA,IFA_09,IFA,,51041,40060,,"IFA Washington-Arlington-Alexandria, DC-VA-MD-WV",0.0,no cell in the extract: territory at zero opportunity
ifa_southatl_merge,23123,ifa,VA,IFA,IFA_09,IFA,,51029,,,"IFA Washington-Arlington-Alexandria, DC-VA-MD-WV",0.0,no cell in the extract: territory at zero opportunity
ifa_southatl_merge,23124,ifa,VA,IFA,IFA_09,IFA,,51127,40060,5155800,"IFA Washington-Arlington-Alexandria, DC-VA-MD-WV",0.0,no cell in the extract: territory at zero opportunity
ifa_southatl_merge,23126,ifa,VA,IFA,IFA_09,IFA,,51097,40060,,"IFA Washington-Arlington-Alexandria, DC-VA-MD-WV",0.0,no cell in the extract: territory at zero opportunity
ifa_southatl_merge,23128,ifa,VA,IFA,IFA_09,IFA,,51115,47260,,"IFA Washington-Arlington-Alexandria, DC-VA-MD-WV",0.0,no cell in the extract: territory at zero opportunity
ifa_southatl_merge,23129,ifa,VA,IFA,IFA_09,IFA,,51075,40060,,"IFA Washington-Arlington-Alexandria, DC-VA-MD-WV",0.0,no cell in the extract: territory at zero opportunity
ifa_southatl_merge,23130,ifa,VA,IFA,IFA_09,IFA,,51115,47260,,"IFA Washington-Arlington-Alexandria, DC-VA-MD-WV",0.0,no cell in the extract: territory at zero opportunity
ifa_southatl_merge,23138,ifa,VA,IFA,IFA_09,IFA,,51115,47260,,"IFA Washington-Arlington-Alexandria, DC-VA-MD-WV",0.0,no cell in the extract: territory at zero opportunity
ifa_southatl_merge,23139,ifa,VA,IFA,IFA_09,IFA,,51145,40060,5164384,"IFA Washington-Arlington-Alexandria, DC-VA-MD-WV",0.0,no cell in the extract: territory at zero opportunity
ifa_southatl_merge,23140,ifa,VA,IFA,IFA_09,IFA,,51127,40060,,"IFA Washington-Arlington-Alexandria, DC-VA-MD-WV",0.0,no cell in the extract: territory at zero opportunity
ifa_southatl_merge,23141,ifa,VA,IFA,IFA_09,IFA,,51127,40060,,"IFA Washington-Arlington-Alexandria, DC-VA-MD-WV",0.0,no cell in the extract: territory at zero opportunity
ifa_southatl_merge,23146,ifa,VA,IFA,IFA_09,IFA,,51085,40060,,"IFA Washington-Arlington-Alexandria, DC-VA-MD-WV",0.0,no cell in the extract: territory at zero opportunity
ifa_southatl_merge,23147,ifa,VA,IFA,IFA_09,IFA,,51036,40060,,"IFA Washington-Arlington-Alexandria, DC-VA-MD-WV",0.0,no cell in the extract: territory at zero opportunity
ifa_southatl_merge,23148,ifa,VA,IFA,IFA_09,IFA,,51097,40060,,"IFA Washington-Arlington-Alexandria, DC-VA-MD-WV",0.0,no cell in the extract: territory at zero opportunity
ifa_southatl_merge,23149,ifa,VA,IFA,IFA_09,IFA,,51119,,5170112,"IFA Washington-Arlington-Alexandria, DC-VA-MD-WV",0.0,no cell in the extract: territory at zero opportunity
ifa_southatl_merge,23150,ifa,VA,IFA,IFA_09,IFA,,51087,40060,5170256,"IFA Washington-Arlington-Alexandria, DC-VA-MD-WV",0.0,no cell in the extract: territory at zero opportunity
ifa_southatl_merge,23153,ifa,VA,IFA,IFA_09,IFA,,51075,40060,,"IFA Washington-Arlington-Alexandria, DC-VA-MD-WV",0.0,no cell in the extract: territory at zero opportunity
ifa_southatl_merge,23156,ifa,VA,IFA,IFA_09,IFA,,51097,40060,,"IFA Washington-Arlington-Alexandria, DC-VA-MD-WV",0.0,no cell in the extract: territory at zero opportunity
ifa_southatl_merge,23160,ifa,VA,IFA,IFA_09,IFA,,51145,40060,,"IFA Washington-Arlington-Alexandria, DC-VA-MD-WV",0.0,no cell in the extract: territory at zero opportunity
ifa_southatl_merge,23161,ifa,VA,IFA,IFA_09,IFA,,51097,40060,,"IFA Washington-Arlington-Alexandria, DC-VA-MD-WV",0.0,no cell in the extract: territory at zero opportunity
ifa_southatl_merge,23163,ifa,VA,IFA,IFA_09,IFA,,51115,47260,,"IFA Washington-Arlington-Alexandria, DC-VA-MD-WV",0.0,no cell in the extract: territory at zero opportunity
ifa_southatl_merge,23168,ifa,VA,IFA,IFA_09,IFA,,51095,47260,,"IFA Washington-Arlington-Alexandria, DC-VA-MD-WV",0.0,no cell in the extract: territory at zero opportunity
ifa_southatl_merge,23169,ifa,VA,IFA,IFA_09,IFA,,51119,,,"IFA Washington-Arlington-Alexandria, DC-VA-MD-WV",0.0,no cell in the extract: territory at zero opportunity
ifa_southatl_merge,23173,ifa,VA,IFA,IFA_09,IFA,,51760,40060,5167000,"IFA Washington-Arlington-Alexandria, DC-VA-MD-WV",0.0,no cell in the extract: territory at zero opportunity
ifa_southatl_merge,23175,ifa,VA,IFA,IFA_09,IFA,,51119,,5180272,"IFA Washington-Arlington-Alexandria, DC-VA-MD-WV",0.0,no cell in the extract: territory at zero opportunity
ifa_southatl_merge,23176,ifa,VA,IFA,IFA_09,IFA,,51119,,,"IFA Washington-Arlington-Alexandria, DC-VA-MD-WV",0.0,no cell in the extract: territory at zero opportunity
ifa_southatl_merge,23177,ifa,VA,IFA,IFA_09,IFA,,51097,40060,5142792,"IFA Washington-Arlington-Alexandria, DC-VA-MD-WV",0.0,no cell in the extract: territory at zero opportunity
ifa_southatl_merge,23180,ifa,VA,IFA,IFA_09,IFA,,51119,,,"IFA Washington-Arlington-Alexandria, DC-VA-MD-WV",0.0,no cell in the extract: territory at zero opportunity
ifa_southatl_merge,23181,ifa,VA,IFA,IFA_09,IFA,,51101,40060,5184960,"IFA Washington-Arlington-Alexandria, DC-VA-MD-WV",0.0137024,
ifa_southatl_merge,23185,ifa,VA,IFA,IFA_09,IFA,,51095,47260,5186160,"IFA Washington-Arlington-Alexandria, DC-VA-MD-WV",9.89461,
ifa_southatl_merge,23188,ifa,VA,IFA,IFA_09,IFA,,51095,47260,5186160,"IFA Washington-Arlington-Alexandria, DC-VA-MD-WV",9.08363,
ifa_southatl_merge,23192,ifa,VA,IFA,IFA_09,IFA,,51085,40060,,"IFA Washington-Arlington-Alexandria, DC-VA-MD-WV",4.37871,
ifa_southatl_merge,23219,ifa,VA,IFA,IFA_09,IFA,,51760,40060,5167000,"IFA Washington-Arlington-Alexandria, DC-VA-MD-WV",5.87741,
ifa_southatl_merge,23220,ifa,VA,IFA,IFA_09,IFA,,51760,40060,5167000,"IFA Washington-Arlington-Alexandria, DC-VA-MD-WV",0.127551,
ifa_southatl_merge,23221,ifa,VA,IFA,IFA_09,IFA,,51760,40060,5167000,"IFA Washington-Arlington-Alexandria, DC-VA-MD-WV",2.21002,
ifa_southatl_merge,23222,ifa,VA,IFA,IFA_09,IFA,,51087,40060,5167000,"IFA Washington-Arlington-Alexandria, DC-VA-MD-WV",0.0,no cell in the extract: territory at zero opportunity
ifa_southatl_merge,23223,ifa,VA,IFA,IFA_09,IFA,,51087,40060,5124496,"IFA Washington-Arlington-Alexandria, DC-VA-MD-WV",3.69211,
ifa_southatl_merge,23224,ifa,VA,IFA,IFA_09,IFA,,51760,40060,5167000,"IFA Washington-Arlington-Alexandria, DC-VA-MD-WV",0.0,no cell in the extract: territory at zero opportunity
ifa_southatl_merge,23225,ifa,VA,IFA,IFA_09,IFA,,51760,40060,5167000,"IFA Washington-Arlington-Alexandria, DC-VA-MD-WV",0.000715906,
ifa_southatl_merge,23226,ifa,VA,IFA,IFA_09,IFA,,51760,40060,5167000,"IFA Washington-Arlington-Alexandria, DC-VA-MD-WV",19.2052,
ifa_southatl_merge,23227,ifa,VA,IFA,IFA_09,IFA,,51087,40060,5114544,"IFA Washington-Arlington-Alexandria, DC-VA-MD-WV",1.73043,
ifa_southatl_merge,23228,ifa,VA,IFA,IFA_09,IFA,,51087,40060,5144280,"IFA Washington-Arlington-Alexandria, DC-VA-MD-WV",4.48228,
ifa_southatl_merge,23229,ifa,VA,IFA,IFA_09,IFA,,51087,40060,5179560,"IFA Washington-Arlington-Alexandria, DC-VA-MD-WV",3.7299,
ifa_southatl_merge,23230,ifa,VA,IFA,IFA_09,IFA,,51087,40060,5167000,"IFA Washington-Arlington-Alexandria, DC-VA-MD-WV",7.05852,
ifa_southatl_merge,23231,ifa,VA,IFA,IFA_09,IFA,,51087,40060,5152904,"IFA Washington-Arlington-Alexandria, DC-VA-MD-WV",0.0,no cell in the extract: territory at zero opportunity
ifa_southatl_merge,23233,ifa,VA,IFA,IFA_09,IFA,,51087,40060,5172272,"IFA Washington-Arlington-Alexandria, DC-VA-MD-WV",11.9351,
ifa_southatl_merge,23234,ifa,VA,IFA,IFA_09,IFA,,51041,40060,5167000,"IFA Washington-Arlington-Alexandria, DC-VA-MD-WV",0.0,no cell in the extract: territory at zero opportunity
ifa_southatl_merge,23235,ifa,VA,IFA,IFA_09,IFA,,51041,40060,5108472,"IFA Washington-Arlington-Alexandria, DC-VA-MD-WV",17.1147,
ifa_southatl_merge,23236,ifa,VA,IFA,IFA_09,IFA,,51041,40060,5168470,"IFA Washington-Arlington-Alexandria, DC-VA-MD-WV",16.0016,
ifa_southatl_merge,23237,ifa,VA,IFA,IFA_09,IFA,,51041,40060,5106216,"IFA Washington-Arlington-Alexandria, DC-VA-MD-WV",0.0,no cell in the extract: territory at zero opportunity
ifa_southatl_merge,23238,ifa,VA,IFA,IFA_09,IFA,,51075,40060,5179560,"IFA Washington-Arlington-Alexandria, DC-VA-MD-WV",11.0984,
ifa_southatl_merge,23250,ifa,VA,IFA,IFA_09,IFA,,51087,40060,5170256,"IFA Washington-Arlington-Alexandria, DC-VA-MD-WV",0.0,no cell in the extract: territory at zero opportunity
ifa_southatl_merge,23284,ifa,VA,IFA,IFA_09,IFA,,51760,40060,5167000,"IFA Washington-Arlington-Alexandria, DC-VA-MD-WV",0.0,no cell in the extract: territory at zero opportunity
ifa_southatl_merge,23294,ifa,VA,IFA,IFA_09,IFA,,51087,40060,5144280,"IFA Washington-Arlington-Alexandria, DC-VA-MD-WV",5.33074,
ifa_southatl_merge,23298,ifa,VA,IFA,IFA_09,IFA,,51760,40060,5167000,"IFA Washington-Arlington-Alexandria, DC-VA-MD-WV",0.0,no cell in the extract: territory at zero opportunity
ifa_southatl_merge,23301,ifa,VA,IFA,IFA_09,IFA,,51001,,5177648,"IFA Washington-Arlington-Alexandria, DC-VA-MD-WV",0.0,no cell in the extract: territory at zero opportunity
ifa_southatl_merge,23302,ifa,VA,IFA,IFA_09,IFA,,51001,,,"IFA Washington-Arlington-Alexandria, DC-VA-MD-WV",0.0,no cell in the extract: territory at zero opportunity
ifa_southatl_merge,23303,ifa,VA,IFA,IFA_09,IFA,,51001,,5103528,"IFA Washington-Arlington-Alexandria, DC-VA-MD-WV",0.0,no cell in the extract: territory at zero opportunity
ifa_southatl_merge,23304,ifa,VA,IFA,IFA_09,IFA,,51093,47260,,"IFA Washington-Arlington-Alexandria, DC-VA-MD-WV",0.0,no cell in the extract: territory at zero opportunity
ifa_southatl_merge,23306,ifa,VA,IFA,IFA_09,IFA,,51001,,5105912,"IFA Washington-Arlington-Alexandria, DC-VA-MD-WV",0.0,no cell in the extract: territory at zero opportunity
ifa_southatl_merge,23307,ifa,VA,IFA,IFA_09,IFA,,51131,,,"IFA Washington-Arlington-Alexandria, DC-VA-MD-WV",0.0,no cell in the extract: territory at zero opportunity
ifa_southatl_merge,23308,ifa,VA,IFA,IFA_09,IFA,,51001,,5155448,"IFA Washington-Arlington-Alexandria, DC-VA-MD-WV",0.0,no cell in the extract: territory at zero opportunity
ifa_southatl_merge,23310,ifa,VA,IFA,IFA_09,IFA,,51131,,5112808,"IFA Washington-Arlington-Alexandria, DC-VA-MD-WV",0.0769573,
ifa_southatl_merge,23314,ifa,VA,IFA,IFA_09,IFA,,51093,47260,5113160,"IFA Washington-Arlington-Alexandria, DC-VA-MD-WV",0.0,no cell in the extract: territory at zero opportunity
ifa_southatl_merge,23315,ifa,VA,IFA,IFA_09,IFA,,51093,47260,5113192,"IFA Washington-Arlington-Alexandria, DC-VA-MD-WV",0.0,no cell in the extract: territory at zero opportunity
ifa_southatl_merge,23316,ifa,VA,IFA,IFA_09,IFA,,51131,,5115112,"IFA Washington-Arlington-Alexandria, DC-VA-MD-WV",0.0,no cell in the extract: territory at zero opportunity
ifa_southatl_merge,23320,ifa,VA,IFA,IFA_09,IFA,,51550,47260,5116000,"IFA Washington-Arlington-Alexandria, DC-VA-MD-WV",16.8622,
ifa_southatl_merge,23321,ifa,VA,IFA,IFA_09,IFA,,51550,47260,5116000,"IFA Washington-Arlington-Alexandria, DC-VA-MD-WV",0.670233,
ifa_southatl_merge,23322,ifa,VA,IFA,IFA_09,IFA,,51550,47260,5116000,"IFA Washington-Arlington-Alexandria, DC-VA-MD-WV",1.64989,
ifa_southatl_merge,23323,ifa,VA,IFA,IFA_09,IFA,,51550,47260,5116000,"IFA Washington-Arlington-Alexandria, DC-VA-MD-WV",0.0,no cell in the extract: territory at zero opportunity
ifa_southatl_merge,23324,ifa,VA,IFA,IFA_09,IFA,,51550,47260,5116000,"IFA Washington-Arlington-Alexandria, DC-VA-MD-WV",0.0,no cell in the extract: territory at zero opportunity
ifa_southatl_merge,23325,ifa,VA,IFA,IFA_09,IFA,,51550,47260,5116000,"IFA Washington-Arlington-Alexandria, DC-VA-MD-WV",0.0,no cell in the extract: territory at zero opportunity
ifa_southatl_merge,23336,ifa,VA,IFA,IFA_09,IFA,,51001,,5116512,"IFA Washington-Arlington-Alexandria, DC-VA-MD-WV",0.0,no cell in the extract: territory at zero opportunity
ifa_southatl_merge,23337,ifa,VA,IFA,IFA_09,IFA,,51001,,5183568,"IFA Washington-Arlington-Alexandria, DC-VA-MD-WV",0.0,no cell in the extract: territory at zero opportunity
ifa_southatl_merge,23347,ifa,VA,IFA,IFA_09,IFA,,51131,,5124752,"IFA Washington-Arlington-Alexandria, DC-VA-MD-WV",0.0,no cell in the extract: territory at zero opportunity
ifa_southatl_merge,23350,ifa,VA,IFA,IFA_09,IFA,,51131,,5126416,"IFA Washington-Arlington-Alexandria, DC-VA-MD-WV",0.0,no cell in the extract: territory at zero opportunity
ifa_southatl_merge,23354,ifa,VA,IFA,IFA_09,IFA,,51131,,5129712,"IFA Washington-Arlington-Alexandria, DC-VA-MD-WV",0.0,no cell in the extract: territory at zero opportunity
ifa_southatl_merge,23356,ifa,VA,IFA,IFA_09,IFA,,51001,,5112915,"IFA Washington-Arlington-Alexandria, DC-VA-MD-WV",1.04397,
ifa_southatl_merge,23357,ifa,VA,IFA,IFA_09,IFA,,51001,,5132624,"IFA Washington-Arlington-Alexandria, DC-VA-MD-WV",0.0,no cell in the extract: territory at zero opportunity
ifa_southatl_merge,23358,ifa,VA,IFA,IFA_09,IFA,,51001,,,"IFA Washington-Arlington-Alexandria, DC-VA-MD-WV",0.0,no cell in the extract: territory at zero opportunity
ifa_southatl_merge,23359,ifa,VA,IFA,IFA_09,IFA,,51001,,5134176,"IFA Washington-Arlington-Alexandria, DC-VA-MD-WV",0.0,no cell in the extract: territory at zero opportunity
ifa_southatl_merge,23389,ifa,VA,IFA,IFA_09,IFA,,51001,,5135240,"IFA Washington-Arlington-Alexandria, DC-VA-MD-WV",0.0,no cell in the extract: territory at zero opportunity
ifa_southatl_merge,23395,ifa,VA,IFA,IFA_09,IFA,,51001,,5138504,"IFA Washington-Arlington-Alexandria, DC-VA-MD-WV",0.0,no cell in the extract: territory at zero opportunity
ifa_southatl_merge,23398,ifa,VA,IFA,IFA_09,IFA,,51131,,,"IFA Washington-Arlington-Alexandria, DC-VA-MD-WV",0.0,no cell in the extract: territory at zero opportunity
ifa_southatl_merge,23401,ifa,VA,IFA,IFA_09,IFA,,51001,,5141656,"IFA Washington-Arlington-Alexandria, DC-VA-MD-WV",0.0,no cell in the extract: territory at zero opportunity
ifa_southatl_merge,23405,ifa,VA,IFA,IFA_09,IFA,,51131,,,"IFA Washington-Arlington-Alexandria, DC-VA-MD-WV",0.0,no cell in the extract: territory at zero opportunity
ifa_southatl_merge,23407,ifa,VA,IFA,IFA_09,IFA,,51001,,5149336,"IFA Washington-Arlington-Alexandria, DC-VA-MD-WV",0.0,no cell in the extract: territory at zero opportunity
ifa_southatl_merge,23408,ifa,VA,IFA,IFA_09,IFA,,51131,,,"IFA Washington-Arlington-Alexandria, DC-VA-MD-WV",0.0,no cell in the extract: territory at zero opportunity
ifa_southatl_merge,23409,ifa,VA,IFA,IFA_09,IFA,,51001,,,"IFA Washington-Arlington-Alexandria, DC-VA-MD-WV",0.0,no cell in the extract: territory at zero opportunity
ifa_southatl_merge,23410,ifa,VA,IFA,IFA_09,IFA,,51001,,5108320,"IFA Washington-Arlington-Alexandria, DC-VA-MD-WV",0.0,no cell in the extract: territory at zero opportunity
ifa_southatl_merge,23413,ifa,VA,IFA,IFA_09,IFA,,51131,,5154984,"IFA Washington-Arlington-Alexandria, DC-VA-MD-WV",0.0,no cell in the extract: territory at zero opportunity
ifa_southatl_merge,23414,ifa,VA,IFA,IFA_09,IFA,,51001,,5155448,"IFA Washington-Arlington-Alexandria, DC-VA-MD-WV",0.0,no cell in the extract: territory at zero opportunity
ifa_southatl_merge,23415,ifa,VA,IFA,IFA_09,IFA,,51001,,5183568,"IFA Washington-Arlington-Alexandria, DC-VA-MD-WV",0.0,no cell in the extract: territory at zero opportunity
ifa_southatl_merge,23416,ifa,VA,IFA,IFA_09,IFA,,51001,,5158184,"IFA Washington-Arlington-Alexandria, DC-VA-MD-WV",0.0,no cell in the extract: territory at zero opportunity
ifa_southatl_merge,23417,ifa,VA,IFA,IFA_09,IFA,,51001,,5105200,"IFA Washington-Arlington-Alexandria, DC-VA-MD-WV",0.0,no cell in the extract: territory at zero opportunity
ifa_southatl_merge,23418,ifa,VA,IFA,IFA_09,IFA,,51001,,5159384,"IFA Washington-Arlington-Alexandria, DC-VA-MD-WV",1.26652,
ifa_southatl_merge,23420,ifa,VA,IFA,IFA_09,IFA,,51001,,5113635,"IFA Washington-Arlington-Alexandria, DC-VA-MD-WV",0.0,no cell in the extract: territory at zero opportunity
ifa_southatl_merge,23421,ifa,VA,IFA,IFA_09,IFA,,51001,,5130384,"IFA Washington-Arlington-Alexandria, DC-VA-MD-WV",0.0,no cell in the extract: territory at zero opportunity
ifa_southatl_merge,23422,ifa,VA,IFA,IFA_09,IFA,,51001,,5164976,"IFA Washington-Arlington-Alexandria, DC-VA-MD-WV",0.0,no cell in the extract: territory at zero opportunity
ifa_southatl_merge,23423,ifa,VA,IFA,IFA_09,IFA,,51001,,5165280,"IFA Washington-Arlington-Alexandria, DC-VA-MD-WV",0.0,no cell in the extract: territory at zero opportunity
ifa_southatl_merge,23426,ifa,VA,IFA,IFA_09,IFA,,51001,,5170352,"IFA Washington-Arlington-Alexandria, DC-VA-MD-WV",0.0,no cell in the extract: territory at zero opportunity
ifa_southatl_merge,23427,ifa,VA,IFA,IFA_09,IFA,,51001,,5170576,"IFA Washington-Arlington-Alexandria, DC-VA-MD-WV",0.0,no cell in the extract: territory at zero opportunity
ifa_southatl_merge,23430,ifa,VA,IFA,IFA_09,IFA,,51093,47260,5169472,"IFA Washington-Arlington-Alexandria, DC-VA-MD-WV",3.91971,
ifa_southatl_merge,23432,ifa,VA,IFA,IFA_09,IFA,,51800,47260,5176432,"IFA Washington-Arlington-Alexandria, DC-VA-MD-WV",0.0,no cell in the extract: territory at zero opportunity
ifa_southatl_merge,23433,ifa,VA,IFA,IFA_09,IFA,,51800,47260,5176432,"IFA Washington-Arlington-Alexandria, DC-VA-MD-WV",0.0,no cell in the extract: territory at zero opportunity
ifa_southatl_merge,23434,ifa,VA,IFA,IFA_09,IFA,,51800,47260,5176432,"IFA Washington-Arlington-Alexandria, DC-VA-MD-WV",1.83126,
ifa_southatl_merge,23435,ifa,VA,IFA,IFA_09,IFA,,51800,47260,5176432,"IFA Washington-Arlington-Alexandria, DC-VA-MD-WV",3.24298,
ifa_southatl_merge,23436,ifa,VA,IFA,IFA_09,IFA,,51800,47260,5176432,"IFA Washington-Arlington-Alexandria, DC-VA-MD-WV",0.131735,
ifa_southatl_merge,23437,ifa,VA,IFA,IFA_09,IFA,,51800,47260,5176432,"IFA Washington-Arlington-Alexandria, DC-VA-MD-WV",0.0,no cell in the extract: territory at zero opportunity
ifa_southatl_merge,23438,ifa,VA,IFA,IFA_09,IFA,,51800,47260,5176432,"IFA Washington-Arlington-Alexandria, DC-VA-MD-WV",0.0,no cell in the extract: territory at zero opportunity
ifa_southatl_merge,23440,ifa,VA,IFA,IFA_09,IFA,,51001,,5177520,"IFA Washington-Arlington-Alexandria, DC-VA-MD-WV",0.0,no cell in the extract: territory at zero opportunity
ifa_southatl_merge,23441,ifa,VA,IFA,IFA_09,IFA,,51001,,5177648,"IFA Washington-Arlington-Alexandria, DC-VA-MD-WV",0.0,no cell in the extract: territory at zero opportunity
ifa_southatl_merge,23442,ifa,VA,IFA,IFA_09,IFA,,51001,,5177856,"IFA Washington-Arlington-Alexandria, DC-VA-MD-WV",0.0,no cell in the extract: territory at zero opportunity
ifa_southatl_merge,23451,ifa,VA,IFA,IFA_09,IFA,,51810,47260,5182000,"IFA Washington-Arlington-Alexandria, DC-VA-MD-WV",31.7458,
ifa_southatl_merge,23452,ifa,VA,IFA,IFA_09,IFA,,51810,47260,5182000,"IFA Washington-Arlington-Alexandria, DC-VA-MD-WV",38.0344,
ifa_southatl_merge,23453,ifa,VA,IFA,IFA_09,IFA,,51810,47260,5182000,"IFA Washington-Arlington-Alexandria, DC-VA-MD-WV",0.0,no cell in the extract: territory at zero opportunity
ifa_southatl_merge,23454,ifa,VA,IFA,IFA_09,IFA,,51810,47260,5182000,"IFA Washington-Arlington-Alexandria, DC-VA-MD-WV",1.98229,
ifa_southatl_merge,23455,ifa,VA,IFA,IFA_09,IFA,,51810,47260,5182000,"IFA Washington-Arlington-Alexandria, DC-VA-MD-WV",3.09954,
ifa_southatl_merge,23456,ifa,VA,IFA,IFA_09,IFA,,51810,47260,5182000,"IFA Washington-Arlington-Alexandria, DC-VA-MD-WV",4.91662,
ifa_southatl_merge,23457,ifa,VA,IFA,IFA_09,IFA,,51810,47260,5182000,"IFA Washington-Arlington-Alexandria, DC-VA-MD-WV",0.0,no cell in the extract: territory at zero opportunity
ifa_southatl_merge,23459,ifa,VA,IFA,IFA_09,IFA,,51810,47260,5182000,"IFA Washington-Arlington-Alexandria, DC-VA-MD-WV",0.0,no cell in the extract: territory at zero opportunity
ifa_southatl_merge,23460,ifa,VA,IFA,IFA_09,IFA,,51810,47260,5182000,"IFA Washington-Arlington-Alexandria, DC-VA-MD-WV",0.0,no cell in the extract: territory at zero opportunity
ifa_southatl_merge,23461,ifa,VA,IFA,IFA_09,IFA,,51810,47260,5182000,"IFA Washington-Arlington-Alexandria, DC-VA-MD-WV",0.0,no cell in the extract: territory at zero opportunity
ifa_southatl_merge,23462,ifa,VA,IFA,IFA_09,IFA,,51810,47260,5182000,"IFA Washington-Arlington-Alexandria, DC-VA-MD-WV",39.1752,
ifa_southatl_merge,23464,ifa,VA,IFA,IFA_09,IFA,,51810,47260,5182000,"IFA Washington-Arlington-Alexandria, DC-VA-MD-WV",0.0856424,
ifa_southatl_merge,23480,ifa,VA,IFA,IFA_09,IFA,,51001,,5182320,"IFA Washington-Arlington-Alexandria, DC-VA-MD-WV",0.0,no cell in the extract: territory at zero opportunity
ifa_southatl_merge,23486,ifa,VA,IFA,IFA_09,IFA,,51131,,5186336,"IFA Washington-Arlington-Alexandria, DC-VA-MD-WV",0.0,no cell in the extract: territory at zero opportunity
ifa_southatl_merge,23487,ifa,VA,IFA,IFA_09,IFA,,51093,47260,5186784,"IFA Washington-Arlington-Alexandria, DC-VA-MD-WV",0.0,no cell in the extract: territory at zero opportunity
ifa_southatl_merge,23488,ifa,VA,IFA,IFA_09,IFA,,51001,,,"IFA Washington-Arlington-Alexandria, DC-VA-MD-WV",0.0,no cell in the extract: territory at zero opportunity
ifa_southatl_merge,23502,ifa,VA,IFA,IFA_09,IFA,,51710,47260,5157000,"IFA Washington-Arlington-Alexandria, DC-VA-MD-WV",1.30743,
ifa_southatl_merge,23503,ifa,VA,IFA,IFA_09,IFA,,51710,47260,5157000,"IFA Washington-Arlington-Alexandria, DC-VA-MD-WV",0.0,no cell in the extract: territory at zero opportunity
ifa_southatl_merge,23504,ifa,VA,IFA,IFA_09,IFA,,51710,47260,5157000,"IFA Washington-Arlington-Alexandria, DC-VA-MD-WV",4.1033,
ifa_southatl_merge,23505,ifa,VA,IFA,IFA_09,IFA,,51710,47260,5157000,"IFA Washington-Arlington-Alexandria, DC-VA-MD-WV",0.0,no cell in the extract: territory at zero opportunity
ifa_southatl_merge,23507,ifa,VA,IFA,IFA_09,IFA,,51710,47260,5157000,"IFA Washington-Arlington-Alexandria, DC-VA-MD-WV",0.0,no cell in the extract: territory at zero opportunity
ifa_southatl_merge,23508,ifa,VA,IFA,IFA_09,IFA,,51710,47260,5157000,"IFA Washington-Arlington-Alexandria, DC-VA-MD-WV",0.00795451,
ifa_southatl_merge,23509,ifa,VA,IFA,IFA_09,IFA,,51710,47260,5157000,"IFA Washington-Arlington-Alexandria, DC-VA-MD-WV",0.0,no cell in the extract: territory at zero opportunity
ifa_southatl_merge,23510,ifa,VA,IFA,IFA_09,IFA,,51710,47260,5157000,"IFA Washington-Arlington-Alexandria, DC-VA-MD-WV",1.84261,
ifa_southatl_merge,23511,ifa,VA,IFA,IFA_09,IFA,,51710,47260,5157000,"IFA Washington-Arlington-Alexandria, DC-VA-MD-WV",0.0,no cell in the extract: territory at zero opportunity
ifa_southatl_merge,23513,ifa,VA,IFA,IFA_09,IFA,,51710,47260,5157000,"IFA Washington-Arlington-Alexandria, DC-VA-MD-WV",0.0,no cell in the extract: territory at zero opportunity
ifa_southatl_merge,23517,ifa,VA,IFA,IFA_09,IFA,,51710,47260,5157000,"IFA Washington-Arlington-Alexandria, DC-VA-MD-WV",0.551349,
ifa_southatl_merge,23518,ifa,VA,IFA,IFA_09,IFA,,51710,47260,5157000,"IFA Washington-Arlington-Alexandria, DC-VA-MD-WV",0.243275,
ifa_southatl_merge,23523,ifa,VA,IFA,IFA_09,IFA,,51710,47260,5157000,"IFA Washington-Arlington-Alexandria, DC-VA-MD-WV",0.0,no cell in the extract: territory at zero opportunity
ifa_southatl_merge,23551,ifa,VA,IFA,IFA_09,IFA,,51710,47260,5157000,"IFA Washington-Arlington-Alexandria, DC-VA-MD-WV",0.0,no cell in the extract: territory at zero opportunity
ifa_southatl_merge,23601,ifa,VA,IFA,IFA_09,IFA,,51700,47260,5156000,"IFA Washington-Arlington-Alexandria, DC-VA-MD-WV",0.918199,
ifa_southatl_merge,23602,ifa,VA,IFA,IFA_09,IFA,,51700,47260,5156000,"IFA Washington-Arlington-Alexandria, DC-VA-MD-WV",0.249677,
ifa_southatl_merge,23603,ifa,VA,IFA,IFA_09,IFA,,51700,47260,5156000,"IFA Washington-Arlington-Alexandria, DC-VA-MD-WV",0.0,no cell in the extract: territory at zero opportunity
ifa_southatl_merge,23604,ifa,VA,IFA,IFA_09,IFA,,51700,47260,5156000,"IFA Washington-Arlington-Alexandria, DC-VA-MD-WV",0.0,no cell in the extract: territory at zero opportunity
ifa_southatl_merge,23605,ifa,VA,IFA,IFA_09,IFA,,51700,47260,5156000,"IFA Washington-Arlington-Alexandria, DC-VA-MD-WV",0.0,no cell in the extract: territory at zero opportunity
ifa_southatl_merge,23606,ifa,VA,IFA,IFA_09,IFA,,51700,47260,5156000,"IFA Washington-Arlington-Alexandria, DC-VA-MD-WV",26.011,
ifa_southatl_merge,23607,ifa,VA,IFA,IFA_09,IFA,,51700,47260,5156000,"IFA Washington-Arlington-Alexandria, DC-VA-MD-WV",0.0,no cell in the extract: territory at zero opportunity
ifa_southatl_merge,23608,ifa,VA,IFA,IFA_09,IFA,,51700,47260,5156000,"IFA Washington-Arlington-Alexandria, DC-VA-MD-WV",0.0,no cell in the extract: territory at zero opportunity
ifa_southatl_merge,23651,ifa,VA,IFA,IFA_09,IFA,,51650,47260,5135000,"IFA Washington-Arlington-Alexandria, DC-VA-MD-WV",0.0,no cell in the extract: territory at zero opportunity
ifa_southatl_merge,23661,ifa,VA,IFA,IFA_09,IFA,,51650,47260,5135000,"IFA Washington-Arlington-Alexandria, DC-VA-MD-WV",0.0,no cell in the extract: territory at zero opportunity
ifa_southatl_merge,23662,ifa,VA,IFA,IFA_09,IFA,,51735,47260,5163768,"IFA Washington-Arlington-Alexandria, DC-VA-MD-WV",8.00895,
ifa_southatl_merge,23663,ifa,VA,IFA,IFA_09,IFA,,51650,47260,5135000,"IFA Washington-Arlington-Alexandria, DC-VA-MD-WV",0.0,no cell in the extract: territory at zero opportunity
ifa_southatl_merge,23664,ifa,VA,IFA,IFA_09,IFA,,51650,47260,5135000,"IFA Washington-Arlington-Alexandria, DC-VA-MD-WV",0.0,no cell in the extract: territory at zero opportunity
ifa_southatl_merge,23665,ifa,VA,IFA,IFA_09,IFA,,51650,47260,5135000,"IFA Washington-Arlington-Alexandria, DC-VA-MD-WV",0.0,no cell in the extract: territory at zero opportunity
ifa_southatl_merge,23666,ifa,VA,IFA,IFA_09,IFA,,51650,47260,5135000,"IFA Washington-Arlington-Alexandria, DC-VA-MD-WV",1.0568,
ifa_southatl_merge,23667,ifa,VA,IFA,IFA_09,IFA,,51650,47260,5135000,"IFA Washington-Arlington-Alexandria, DC-VA-MD-WV",0.0,no cell in the extract: territory at zero opportunity
ifa_southatl_merge,23668,ifa,VA,IFA,IFA_09,IFA,,51650,47260,5135000,"IFA Washington-Arlington-Alexandria, DC-VA-MD-WV",0.0,no cell in the extract: territory at zero opportunity
ifa_southatl_merge,23669,ifa,VA,IFA,IFA_09,IFA,,51650,47260,5135000,"IFA Washington-Arlington-Alexandria, DC-VA-MD-WV",0.00437498,
ifa_southatl_merge,23681,ifa,VA,IFA,IFA_09,IFA,,51650,47260,5135000,"IFA Washington-Arlington-Alexandria, DC-VA-MD-WV",0.0,no cell in the extract: territory at zero opportunity
ifa_southatl_merge,23690,ifa,VA,IFA,IFA_09,IFA,,51199,47260,5188240,"IFA Washington-Arlington-Alexandria, DC-VA-MD-WV",0.0,no cell in the extract: territory at zero opportunity
ifa_southatl_merge,23691,ifa,VA,IFA,IFA_09,IFA,,51199,47260,5156000,"IFA Washington-Arlington-Alexandria, DC-VA-MD-WV",0.0,no cell in the extract: territory at zero opportunity
ifa_southatl_merge,23692,ifa,VA,IFA,IFA_09,IFA,,51199,47260,,"IFA Washington-Arlington-Alexandria, DC-VA-MD-WV",0.0,no cell in the extract: territory at zero opportunity
ifa_southatl_merge,23693,ifa,VA,IFA,IFA_09,IFA,,51199,47260,,"IFA Washington-Arlington-Alexandria, DC-VA-MD-WV",0.0214657,
ifa_southatl_merge,23696,ifa,VA,IFA,IFA_09,IFA,,51199,47260,,"IFA Washington-Arlington-Alexandria, DC-VA-MD-WV",0.0,no cell in the extract: territory at zero opportunity
ifa_southatl_merge,23701,ifa,VA,IFA,IFA_09,IFA,,51740,47260,5164000,"IFA Washington-Arlington-Alexandria, DC-VA-MD-WV",0.0,no cell in the extract: territory at zero opportunity
ifa_southatl_merge,23702,ifa,VA,IFA,IFA_09,IFA,,51740,47260,5164000,"IFA Washington-Arlington-Alexandria, DC-VA-MD-WV",0.0,no cell in the extract: territory at zero opportunity
ifa_southatl_merge,23703,ifa,VA,IFA,IFA_09,IFA,,51740,47260,5164000,"IFA Washington-Arlington-Alexandria, DC-VA-MD-WV",0.0,no cell in the extract: territory at zero opportunity
ifa_southatl_merge,23704,ifa,VA,IFA,IFA_09,IFA,,51740,47260,5164000,"IFA Washington-Arlington-Alexandria, DC-VA-MD-WV",0.0,no cell in the extract: territory at zero opportunity
ifa_southatl_merge,23707,ifa,VA,IFA,IFA_09,IFA,,51740,47260,5164000,"IFA Washington-Arlington-Alexandria, DC-VA-MD-WV",0.0,no cell in the extract: territory at zero opportunity
ifa_southatl_merge,23708,ifa,VA,IFA,IFA_09,IFA,,51740,47260,5164000,"IFA Washington-Arlington-Alexandria, DC-VA-MD-WV",0.0,no cell in the extract: territory at zero opportunity
ifa_southatl_merge,23709,ifa,VA,IFA,IFA_09,IFA,,51740,47260,5164000,"IFA Washington-Arlington-Alexandria, DC-VA-MD-WV",0.0,no cell in the extract: territory at zero opportunity
ifa_southatl_merge,23801,ifa,VA,IFA,IFA_09,IFA,,51149,40060,5129098,"IFA Washington-Arlington-Alexandria, DC-VA-MD-WV",0.0,no cell in the extract: territory at zero opportunity
ifa_southatl_merge,23803,ifa,VA,IFA,IFA_09,IFA,,51053,40060,5161832,"IFA Washington-Arlington-Alexandria, DC-VA-MD-WV",0.0136022,
ifa_southatl_merge,23805,ifa,VA,IFA,IFA_09,IFA,,51149,40060,5161832,"IFA Washington-Arlington-Alexandria, DC-VA-MD-WV",0.0,no cell in the extract: territory at zero opportunity
ifa_southatl_merge,23821,ifa,VA,IFA,IFA_09,IFA,,51025,,5100724,"IFA Washington-Arlington-Alexandria, DC-VA-MD-WV",0.0,no cell in the extract: territory at zero opportunity
ifa_southatl_merge,23824,ifa,VA,IFA,IFA_09,IFA,,51135,,5107832,"IFA Washington-Arlington-Alexandria, DC-VA-MD-WV",0.0,no cell in the extract: territory at zero opportunity
ifa_southatl_merge,23827,ifa,VA,IFA,IFA_09,IFA,,51175,,5109032,"IFA Washington-Arlington-Alexandria, DC-VA-MD-WV",0.0,no cell in the extract: territory at zero opportunity
ifa_southatl_merge,23828,ifa,VA,IFA,IFA_09,IFA,,51175,,5109208,"IFA Washington-Arlington-Alexandria, DC-VA-MD-WV",0.0,no cell in the extract: territory at zero opportunity
ifa_southatl_merge,23829,ifa,VA,IFA,IFA_09,IFA,,51175,,5112904,"IFA Washington-Arlington-Alexandria, DC-VA-MD-WV",0.0,no cell in the extract: territory at zero opportunity
ifa_southatl_merge,23830,ifa,VA,IFA,IFA_09,IFA,,51053,40060,,"IFA Washington-Arlington-Alexandria, DC-VA-MD-WV",0.0,no cell in the extract: territory at zero opportunity
ifa_southatl_merge,23831,ifa,VA,IFA,IFA_09,IFA,,51041,40060,5116096,"IFA Washington-Arlington-Alexandria, DC-VA-MD-WV",0.337738,
ifa_southatl_merge,23832,ifa,VA,IFA,IFA_09,IFA,,51041,40060,,"IFA Washington-Arlington-Alexandria, DC-VA-MD-WV",17.5612,
ifa_southatl_merge,23833,ifa,VA,IFA,IFA_09,IFA,,51053,40060,,"IFA Washington-Arlington-Alexandria, DC-VA-MD-WV",0.0,no cell in the extract: territory at zero opportunity
ifa_southatl_merge,23834,ifa,VA,IFA,IFA_09,IFA,,51041,40060,5118448,"IFA Washington-Arlington-Alexandria, DC-VA-MD-WV",16.8899,
ifa_southatl_merge,23836,ifa,VA,IFA,IFA_09,IFA,,51041,40060,5125877,"IFA Washington-Arlington-Alexandria, DC-VA-MD-WV",0.0,no cell in the extract: territory at zero opportunity
ifa_southatl_merge,23837,ifa,VA,IFA,IFA_09,IFA,,51175,,5119600,"IFA Washington-Arlington-Alexandria, DC-VA-MD-WV",0.0,no cell in the extract: territory at zero opportunity
ifa_southatl_merge,23838,ifa,VA,IFA,IFA_09,IFA,,51041,40060,,"IFA Washington-Arlington-Alexandria, DC-VA-MD-WV",0.82144,
ifa_southatl_merge,23839,ifa,VA,IFA,IFA_09,IFA,,51181,47260,5122160,"IFA Washington-Arlington-Alexandria, DC-VA-MD-WV",0.0,no cell in the extract: territory at zero opportunity
ifa_southatl_merge,23840,ifa,VA,IFA,IFA_09,IFA,,51053,40060,,"IFA Washington-Arlington-Alexandria, DC-VA-MD-WV",0.0,no cell in the extract: territory at zero opportunity
ifa_southatl_merge,23841,ifa,VA,IFA,IFA_09,IFA,,51053,40060,5122576,"IFA Washington-Arlington-Alexandria, DC-VA-MD-WV",0.0,no cell in the extract: territory at zero opportunity
ifa_southatl_merge,23842,ifa,VA,IFA,IFA_09,IFA,,51149,40060,5122640,"IFA Washington-Arlington-Alexandria, DC-VA-MD-WV",0.0,no cell in the extract: territory at zero opportunity
ifa_southatl_merge,23843,ifa,VA,IFA,IFA_09,IFA,,51025,,,"IFA Washington-Arlington-Alexandria, DC-VA-MD-WV",0.0,no cell in the extract: territory at zero opportunity
ifa_southatl_merge,23844,ifa,VA,IFA,IFA_09,IFA,,51175,,,"IFA Washington-Arlington-Alexandria, DC-VA-MD-WV",0.0,no cell in the extract: territory at zero opportunity
ifa_southatl_merge,23845,ifa,VA,IFA,IFA_09,IFA,,51025,,5124816,"IFA Washington-Arlington-Alexandria, DC-VA-MD-WV",0.0,no cell in the extract: territory at zero opportunity
ifa_southatl_merge,23846,ifa,VA,IFA,IFA_09,IFA,,51181,47260,5176880,"IFA Washington-Arlington-Alexandria, DC-VA-MD-WV",0.0,no cell in the extract: territory at zero opportunity
ifa_southatl_merge,23847,ifa,VA,IFA,IFA_09,IFA,,51081,,5125808,"IFA Washington-Arlington-Alexandria, DC-VA-MD-WV",0.0836534,
ifa_southatl_merge,23850,ifa,VA,IFA,IFA_09,IFA,,51053,40060,,"IFA Washington-Arlington-Alexandria, DC-VA-MD-WV",0.0,no cell in the extract: territory at zero opportunity
ifa_southatl_merge,23851,ifa,VA,IFA,IFA_09,IFA,,51175,,5129600,"IFA Washington-Arlington-Alexandria, DC-VA-MD-WV",1.07124,
ifa_southatl_merge,23856,ifa,VA,IFA,IFA_09,IFA,,51025,,,"IFA Washington-Arlington-Alexandria, DC-VA-MD-WV",0.0,no cell in the extract: territory at zero opportunity
ifa_southatl_merge,23857,ifa,VA,IFA,IFA_09,IFA,,51025,,5130480,"IFA Washington-Arlington-Alexandria, DC-VA-MD-WV",0.0,no cell in the extract: territory at zero opportunity
ifa_southatl_merge,23860,ifa,VA,IFA,IFA_09,IFA,,51149,40060,5138424,"IFA Washington-Arlington-Alexandria, DC-VA-MD-WV",2.14667,
ifa_southatl_merge,23866,ifa,VA,IFA,IFA_09,IFA,,51175,,5140232,"IFA Washington-Arlington-Alexandria, DC-VA-MD-WV",0.0,no cell in the extract: territory at zero opportunity
ifa_southatl_merge,23867,ifa,VA,IFA,IFA_09,IFA,,51183,40060,5140536,"IFA Washington-Arlington-Alexandria, DC-VA-MD-WV",0.0,no cell in the extract: territory at zero opportunity
ifa_southatl_merge,23868,ifa,VA,IFA,IFA_09,IFA,,51025,,5144520,"IFA Washington-Arlington-Alexandria, DC-VA-MD-WV",0.0,no cell in the extract: territory at zero opportunity
ifa_southatl_merge,23870,ifa,VA,IFA,IFA_09,IFA,,51081,,,"IFA Washington-Arlington-Alexandria, DC-VA-MD-WV",0.0,no cell in the extract: territory at zero opportunity
ifa_southatl_merge,23872,ifa,VA,IFA,IFA_09,IFA,,51053,40060,5148344,"IFA Washington-Arlington-Alexandria, DC-VA-MD-WV",0.0,no cell in the extract: territory at zero opportunity
ifa_southatl_merge,23874,ifa,VA,IFA,IFA_09,IFA,,51175,,5156096,"IFA Washington-Arlington-Alexandria, DC-VA-MD-WV",0.0,no cell in the extract: territory at zero opportunity
ifa_southatl_merge,23875,ifa,VA,IFA,IFA_09,IFA,,51149,40060,5164560,"IFA Washington-Arlington-Alexandria, DC-VA-MD-WV",0.0,no cell in the extract: territory at zero opportunity
ifa_southatl_merge,23876,ifa,VA,IFA,IFA_09,IFA,,51025,,,"IFA Washington-Arlington-Alexandria, DC-VA-MD-WV",0.0,no cell in the extract: territory at zero opportunity
ifa_southatl_merge,23878,ifa,VA,IFA,IFA_09,IFA,,51175,,5171040,"IFA Washington-Arlington-Alexandria, DC-VA-MD-WV",0.0,no cell in the extract: territory at zero opportunity
ifa_southatl_merge,23879,ifa,VA,IFA,IFA_09,IFA,,51081,,,"IFA Washington-Arlington-Alexandria, DC-VA-MD-WV",0.0,no cell in the extract: territory at zero opportunity
ifa_southatl_merge,23881,ifa,VA,IFA,IFA_09,IFA,,51181,47260,5116880,"IFA Washington-Arlington-Alexandria, DC-VA-MD-WV",0.0,no cell in the extract: territory at zero opportunity
ifa_southatl_merge,23882,ifa,VA,IFA,IFA_09,IFA,,51183,40060,5175840,"IFA Washington-Arlington-Alexandria, DC-VA-MD-WV",0.0,no cell in the extract: territory at zero opportunity
ifa_southatl_merge,23883,ifa,VA,IFA,IFA_09,IFA,,51181,47260,5170715,"IFA Washington-Arlington-Alexandria, DC-VA-MD-WV",0.0,no cell in the extract: territory at zero opportunity
ifa_southatl_merge,23884,ifa,VA,IFA,IFA_09,IFA,,51183,40060,5176912,"IFA Washington-Arlington-Alexandria, DC-VA-MD-WV",0.0,no cell in the extract: territory at zero opportunity
ifa_southatl_merge,23885,ifa,VA,IFA,IFA_09,IFA,,51053,40060,,"IFA Washington-Arlington-Alexandria, DC-VA-MD-WV",0.0,no cell in the extract: territory at zero opportunity
ifa_southatl_merge,23887,ifa,VA,IFA,IFA_09,IFA,,51025,,5130480,"IFA Washington-Arlington-Alexandria, DC-VA-MD-WV",0.0,no cell in the extract: territory at zero opportunity
ifa_southatl_merge,23888,ifa,VA,IFA,IFA_09,IFA,,51183,40060,5182384,"IFA Washington-Arlington-Alexandria, DC-VA-MD-WV",0.291778,
ifa_southatl_merge,23889,ifa,VA,IFA,IFA_09,IFA,,51025,,5183056,"IFA Washington-Arlington-Alexandria, DC-VA-MD-WV",0.0,no cell in the extract: territory at zero opportunity
ifa_southatl_merge,23890,ifa,VA,IFA,IFA_09,IFA,,51183,40060,5176912,"IFA Washington-Arlington-Alexandria, DC-VA-MD-WV",0.0,no cell in the extract: territory at zero opportunity
ifa_southatl_merge,23891,ifa,VA,IFA,IFA_09,IFA,,51183,40060,,"IFA Washington-Arlington-Alexandria, DC-VA-MD-WV",0.0,no cell in the extract: territory at zero opportunity
ifa_southatl_merge,23893,ifa,VA,IFA,IFA_09,IFA,,51025,,,"IFA Washington-Arlington-Alexandria, DC-VA-MD-WV",0.0,no cell in the extract: territory at zero opportunity
ifa_southatl_merge,23894,ifa,VA,IFA,IFA_09,IFA,,51053,40060,,"IFA Washington-Arlington-Alexandria, DC-VA-MD-WV",0.0,no cell in the extract: territory at zero opportunity
ifa_southatl_merge,23897,ifa,VA,IFA,IFA_09,IFA,,51183,40060,,"IFA Washington-Arlington-Alexandria, DC-VA-MD-WV",0.0,no cell in the extract: territory at zero opportunity
ifa_southatl_merge,23898,ifa,VA,IFA,IFA_09,IFA,,51093,47260,,"IFA Washington-Arlington-Alexandria, DC-VA-MD-WV",0.0,no cell in the extract: territory at zero opportunity
ifa_southatl_merge,23899,ifa,VA,IFA,IFA_09,IFA,,51181,47260,5116880,"IFA Washington-Arlington-Alexandria, DC-VA-MD-WV",0.0,no cell in the extract: territory at zero opportunity
ifa_southatl_merge,23901,ifa,VA,IFA,IFA_09,IFA,,51049,,5127440,"IFA Washington-Arlington-Alexandria, DC-VA-MD-WV",4.46923,
ifa_southatl_merge,23909,ifa,VA,IFA,IFA_09,IFA,,51147,,5127440,"IFA Washington-Arlington-Alexandria, DC-VA-MD-WV",0.0,no cell in the extract: territory at zero opportunity
ifa_southatl_merge,23915,ifa,VA,IFA,IFA_09,IFA,,51117,,5104856,"IFA Washington-Arlington-Alexandria, DC-VA-MD-WV",0.0,no cell in the extract: territory at zero opportunity
ifa_southatl_merge,23917,ifa,VA,IFA,IFA_09,IFA,,51117,,5109016,"IFA Washington-Arlington-Alexandria, DC-VA-MD-WV",0.0,no cell in the extract: territory at zero opportunity
ifa_southatl_merge,23919,ifa,VA,IFA,IFA_09,IFA,,51117,,5109064,"IFA Washington-Arlington-Alexandria, DC-VA-MD-WV",0.00198863,
ifa_southatl_merge,23920,ifa,VA,IFA,IFA_09,IFA,,51025,,5110072,"IFA Washington-Arlington-Alexandria, DC-VA-MD-WV",0.0,no cell in the extract: territory at zero opportunity
ifa_southatl_merge,23921,ifa,VA,IFA,IFA_09,IFA,,51029,,5188145,"IFA Washington-Arlington-Alexandria, DC-VA-MD-WV",0.0,no cell in the extract: territory at zero opportunity
ifa_southatl_merge,23922,ifa,VA,IFA,IFA_09,IFA,,51135,,5111560,"IFA Washington-Arlington-Alexandria, DC-VA-MD-WV",0.0,no cell in the extract: territory at zero opportunity
ifa_southatl_merge,23923,ifa,VA,IFA,IFA_09,IFA,,51037,,5114952,"IFA Washington-Arlington-Alexandria, DC-VA-MD-WV",0.626612,
ifa_southatl_merge,23924,ifa,VA,IFA,IFA_09,IFA,,51117,,5114984,"IFA Washington-Arlington-Alexandria, DC-VA-MD-WV",0.0,no cell in the extract: territory at zero opportunity
ifa_southatl_merge,23927,ifa,VA,IFA,IFA_09,IFA,,51117,,5116992,"IFA Washington-Arlington-Alexandria, DC-VA-MD-WV",1.32473,
ifa_southatl_merge,23930,ifa,VA,IFA,IFA_09,IFA,,51135,,5120160,"IFA Washington-Arlington-Alexandria, DC-VA-MD-WV",0.0,no cell in the extract: territory at zero opportunity
ifa_southatl_merge,23934,ifa,VA,IFA,IFA_09,IFA,,51147,,,"IFA Washington-Arlington-Alexandria, DC-VA-MD-WV",0.0,no cell in the extract: territory at zero opportunity
ifa_southatl_merge,23936,ifa,VA,IFA,IFA_09,IFA,,51029,,5122560,"IFA Washington-Arlington-Alexandria, DC-VA-MD-WV",0.0,no cell in the extract: territory at zero opportunity
ifa_southatl_merge,23937,ifa,VA,IFA,IFA_09,IFA,,51037,,5123376,"IFA Washington-Arlington-Alexandria, DC-VA-MD-WV",0.0,no cell in the extract: territory at zero opportunity
ifa_southatl_merge,23938,ifa,VA,IFA,IFA_09,IFA,,51025,,,"IFA Washington-Arlington-Alexandria, DC-VA-MD-WV",0.0,no cell in the extract: territory at zero opportunity
ifa_southatl_merge,23942,ifa,VA,IFA,IFA_09,IFA,,51147,,,"IFA Washington-Arlington-Alexandria, DC-VA-MD-WV",0.0,no cell in the extract: territory at zero opportunity
ifa_southatl_merge,23943,ifa,VA,IFA,IFA_09,IFA,,51147,,5134304,"IFA Washington-Arlington-Alexandria, DC-VA-MD-WV",0.0,no cell in the extract: territory at zero opportunity
ifa_southatl_merge,23944,ifa,VA,IFA,IFA_09,IFA,,51111,,5141832,"IFA Washington-Arlington-Alexandria, DC-VA-MD-WV",0.0,no cell in the extract: territory at zero opportunity
ifa_southatl_merge,23947,ifa,VA,IFA,IFA_09,IFA,,51111,,5142264,"IFA Washington-Arlington-Alexandria, DC-VA-MD-WV",0.0,no cell in the extract: territory at zero opportunity
ifa_southatl_merge,23950,ifa,VA,IFA,IFA_09,IFA,,51117,,5109064,"IFA Washington-Arlington-Alexandria, DC-VA-MD-WV",0.0,no cell in the extract: territory at zero opportunity
ifa_southatl_merge,23952,ifa,VA,IFA,IFA_09,IFA,,51111,,5147496,"IFA Washington-Arlington-Alexandria, DC-VA-MD-WV",0.0,no cell in the extract: territory at zero opportunity
ifa_southatl_merge,23954,ifa,VA,IFA,IFA_09,IFA,,51147,,,"IFA Washington-Arlington-Alexandria, DC-VA-MD-WV",0.0,no cell in the extract: territory at zero opportunity
ifa_southatl_merge,23955,ifa,VA,IFA,IFA_09,IFA,,51135,,5157870,"IFA Washington-Arlington-Alexandria, DC-VA-MD-WV",0.0,no cell in the extract: territory at zero opportunity
ifa_southatl_merge,23958,ifa,VA,IFA,IFA_09,IFA,,51011,31340,5160488,"IFA Washington-Arlington-Alexandria, DC-VA-MD-WV",0.0,no cell in the extract: territory at zero opportunity
ifa_southatl_merge,23959,ifa,VA,IFA,IFA_09,IFA,,51037,,5161896,"IFA Washington-Arlington-Alexandria, DC-VA-MD-WV",0.0,no cell in the extract: territory at zero opportunity
ifa_southatl_merge,23960,ifa,VA,IFA,IFA_09,IFA,,51147,,,"IFA Washington-Arlington-Alexandria, DC-VA-MD-WV",0.0,no cell in the extract: territory at zero opportunity
ifa_southatl_merge,23962,ifa,VA,IFA,IFA_09,IFA,,51037,,5117632,"IFA Washington-Arlington-Alexandria, DC-VA-MD-WV",0.0,no cell in the extract: territory at zero opportunity
ifa_southatl_merge,23963,ifa,VA,IFA,IFA_09,IFA,,51037,,,"IFA Washington-Arlington-Alexandria, DC-VA-MD-WV",0.0,no cell in the extract: territory at zero opportunity
ifa_southatl_merge,23964,ifa,VA,IFA,IFA_09,IFA,,51037,,,"IFA Washington-Arlington-Alexandria, DC-VA-MD-WV",0.0,no cell in the extract: territory at zero opportunity
ifa_southatl_merge,23966,ifa,VA,IFA,IFA_09,IFA,,51147,,,"IFA Washington-Arlington-Alexandria, DC-VA-MD-WV",0.0,no cell in the extract: territory at zero opportunity
ifa_southatl_merge,23967,ifa,VA,IFA,IFA_09,IFA,,51037,,,"IFA Washington-Arlington-Alexandria, DC-VA-MD-WV",0.0,no cell in the extract: territory at zero opportunity
ifa_southatl_merge,23968,ifa,VA,IFA,IFA_09,IFA,,51117,,,"IFA Washington-Arlington-Alexandria, DC-VA-MD-WV",0.0,no cell in the extract: territory at zero opportunity
ifa_southatl_merge,23970,ifa,VA,IFA,IFA_09,IFA,,51117,,5173904,"IFA Washington-Arlington-Alexandria, DC-VA-MD-WV",5.02406,
ifa_southatl_merge,23974,ifa,VA,IFA,IFA_09,IFA,,51111,,5181024,"IFA Washington-Arlington-Alexandria, DC-VA-MD-WV",0.0,no cell in the extract: territory at zero opportunity
ifa_southatl_merge,23976,ifa,VA,IFA,IFA_09,IFA,,51037,,,"IFA Washington-Arlington-Alexandria, DC-VA-MD-WV",0.0,no cell in the extract: territory at zero opportunity
ifa_southatl_merge,24011,ifa,VA,IFA,IFA_09,IFA,,51770,40220,5168000,"IFA Washington-Arlington-Alexandria, DC-VA-MD-WV",1.75951,
ifa_southatl_merge,24012,ifa,VA,IFA,IFA_09,IFA,,51770,40220,5168000,"IFA Washington-Arlington-Alexandria, DC-VA-MD-WV",0.0,no cell in the extract: territory at zero opportunity
ifa_southatl_merge,24013,ifa,VA,IFA,IFA_09,IFA,,51770,40220,5168000,"IFA Washington-Arlington-Alexandria, DC-VA-MD-WV",0.0,no cell in the extract: territory at zero opportunity
ifa_southatl_merge,24014,ifa,VA,IFA,IFA_09,IFA,,51161,40220,5168000,"IFA Washington-Arlington-Alexandria, DC-VA-MD-WV",2.3334,
ifa_southatl_merge,24015,ifa,VA,IFA,IFA_09,IFA,,51770,40220,5168000,"IFA Washington-Arlington-Alexandria, DC-VA-MD-WV",2.21264,
ifa_southatl_merge,24016,ifa,VA,IFA,IFA_09,IFA,,51770,40220,5168000,"IFA Washington-Arlington-Alexandria, DC-VA-MD-WV",6.96357,
ifa_southatl_merge,24017,ifa,VA,IFA,IFA_09,IFA,,51770,40220,5168000,"IFA Washington-Arlington-Alexandria, DC-VA-MD-WV",0.0,no cell in the extract: territory at zero opportunity
ifa_southatl_merge,24018,ifa,VA,IFA,IFA_09,IFA,,51161,40220,5113720,"IFA Washington-Arlington-Alexandria, DC-VA-MD-WV",51.7937,
ifa_southatl_merge,24019,ifa,VA,IFA,IFA_09,IFA,,51161,40220,5137880,"IFA Washington-Arlington-Alexandria, DC-VA-MD-WV",2.46404,
ifa_southatl_merge,24020,ifa,VA,IFA,IFA_09,IFA,,51161,40220,5137880,"IFA Washington-Arlington-Alexandria, DC-VA-MD-WV",0.0,no cell in the extract: territory at zero opportunity
ifa_southatl_merge,24022,ifa,VA,IFA,IFA_09,IFA,,51770,40220,5168000,"IFA Washington-Arlington-Alexandria, DC-VA-MD-WV",0.0,no cell in the extract: territory at zero opportunity
ifa_southatl_merge,24053,ifa,VA,IFA,IFA_09,IFA,,51141,,,"IFA Washington-Arlington-Alexandria, DC-VA-MD-WV",0.0,no cell in the extract: territory at zero opportunity
ifa_southatl_merge,24054,ifa,VA,IFA,IFA_09,IFA,,51089,32300,5170296,"IFA Washington-Arlington-Alexandria, DC-VA-MD-WV",0.0,no cell in the extract: territory at zero opportunity
ifa_southatl_merge,24055,ifa,VA,IFA,IFA_09,IFA,,51089,32300,5158312,"IFA Washington-Arlington-Alexandria, DC-VA-MD-WV",0.0,no cell in the extract: territory at zero opportunity
ifa_southatl_merge,24058,ifa,VA,IFA,IFA_09,IFA,,51155,13980,5106424,"IFA Washington-Arlington-Alexandria, DC-VA-MD-WV",0.0,no cell in the extract: territory at zero opportunity
ifa_southatl_merge,24059,ifa,VA,IFA,IFA_09,IFA,,51161,40220,,"IFA Washington-Arlington-Alexandria, DC-VA-MD-WV",0.0,no cell in the extract: territory at zero opportunity
ifa_southatl_merge,24060,ifa,VA,IFA,IFA_09,IFA,,51121,13980,5107784,"IFA Washington-Arlington-Alexandria, DC-VA-MD-WV",1.09659,
ifa_southatl_merge,24061,ifa,VA,IFA,IFA_09,IFA,,51121,13980,5107784,"IFA Washington-Arlington-Alexandria, DC-VA-MD-WV",0.0,no cell in the extract: territory at zero opportunity
ifa_southatl_merge,24064,ifa,VA,IFA,IFA_09,IFA,,51019,31340,5108200,"IFA Washington-Arlington-Alexandria, DC-VA-MD-WV",0.0,no cell in the extract: territory at zero opportunity
ifa_southatl_merge,24065,ifa,VA,IFA,IFA_09,IFA,,51067,40220,5108584,"IFA Washington-Arlington-Alexandria, DC-VA-MD-WV",0.0,no cell in the extract: territory at zero opportunity
ifa_southatl_merge,24066,ifa,VA,IFA,IFA_09,IFA,,51023,40220,5110744,"IFA Washington-Arlington-Alexandria, DC-VA-MD-WV",0.0,no cell in the extract: territory at zero opportunity
ifa_southatl_merge,24067,ifa,VA,IFA,IFA_09,IFA,,51067,40220,,"IFA Washington-Arlington-Alexandria, DC-VA-MD-WV",0.0,no cell in the extract: territory at zero opportunity
ifa_southatl_merge,24069,ifa,VA,IFA,IFA_09,IFA,,51143,19260,,"IFA Washington-Arlington-Alexandria, DC-VA-MD-WV",0.0,no cell in the extract: territory at zero opportunity
ifa_southatl_merge,24070,ifa,VA,IFA,IFA_09,IFA,,51161,40220,,"IFA Washington-Arlington-Alexandria, DC-VA-MD-WV",0.0,no cell in the extract: territory at zero opportunity
ifa_southatl_merge,24072,ifa,VA,IFA,IFA_09,IFA,,51063,13980,,"IFA Washington-Arlington-Alexandria, DC-VA-MD-WV",0.0,no cell in the extract: territory at zero opportunity
ifa_southatl_merge,24073,ifa,VA,IFA,IFA_09,IFA,,51121,13980,5116608,"IFA Washington-Arlington-Alexandria, DC-VA-MD-WV",0.0,no cell in the extract: territory at zero opportunity
ifa_southatl_merge,24076,ifa,VA,IFA,IFA_09,IFA,,51141,,,"IFA Washington-Arlington-Alexandria, DC-VA-MD-WV",0.0,no cell in the extract: territory at zero opportunity
ifa_southatl_merge,24077,ifa,VA,IFA,IFA_09,IFA,,51023,40220,5117680,"IFA Washington-Arlington-Alexandria, DC-VA-MD-WV",0.0,no cell in the extract: territory at zero opportunity
ifa_southatl_merge,24078,ifa,VA,IFA,IFA_09,IFA,,51089,32300,5118352,"IFA Washington-Arlington-Alexandria, DC-VA-MD-WV",0.0,no cell in the extract: territory at zero opportunity
ifa_southatl_merge,24079,ifa,VA,IFA,IFA_09,IFA,,51063,13980,,"IFA Washington-Arlington-Alexandria, DC-VA-MD-WV",0.0,no cell in the extract: territory at zero opportunity
ifa_southatl_merge,24082,ifa,VA,IFA,IFA_09,IFA,,51141,,,"IFA Washington-Arlington-Alexandria, DC-VA-MD-WV",0.0,no cell in the extract: territory at zero opportunity
ifa_southatl_merge,24083,ifa,VA,IFA,IFA_09,IFA,,51023,40220,5121152,"IFA Washington-Arlington-Alexandria, DC-VA-MD-WV",0.65811,
ifa_southatl_merge,24084,ifa,VA,IFA,IFA_09,IFA,,51155,13980,5123648,"IFA Washington-Arlington-Alexandria, DC-VA-MD-WV",0.0,no cell in the extract: territory at zero opportunity
ifa_southatl_merge,24085,ifa,VA,IFA,IFA_09,IFA,,51023,40220,5124208,"IFA Washington-Arlington-Alexandria, DC-VA-MD-WV",0.0,no cell in the extract: territory at zero opportunity
ifa_southatl_merge,24086,ifa,VA,IFA,IFA_09,IFA,,51071,13980,5125136,"IFA Washington-Arlington-Alexandria, DC-VA-MD-WV",0.0,no cell in the extract: territory at zero opportunity
ifa_southatl_merge,24087,ifa,VA,IFA,IFA_09,IFA,,51121,13980,5125488,"IFA Washington-Arlington-Alexandria, DC-VA-MD-WV",0.0,no cell in the extract: territory at zero opportunity
ifa_southatl_merge,24088,ifa,VA,IFA,IFA_09,IFA,,51067,40220,5127712,"IFA Washington-Arlington-Alexandria, DC-VA-MD-WV",0.0,no cell in the extract: territory at zero opportunity
ifa_southatl_merge,24089,ifa,VA,IFA,IFA_09,IFA,,51089,32300,5127744,"IFA Washington-Arlington-Alexandria, DC-VA-MD-WV",0.0,no cell in the extract: territory at zero opportunity
ifa_southatl_merge,24090,ifa,VA,IFA,IFA_09,IFA,,51023,40220,5127824,"IFA Washington-Arlington-Alexandria, DC-VA-MD-WV",1.36395,
ifa_southatl_merge,24091,ifa,VA,IFA,IFA_09,IFA,,51063,13980,5128544,"IFA Washington-Arlington-Alexandria, DC-VA-MD-WV",1.27719,
ifa_southatl_merge,24092,ifa,VA,IFA,IFA_09,IFA,,51067,40220,,"IFA Washington-Arlington-Alexandria, DC-VA-MD-WV",0.0,no cell in the extract: territory at zero opportunity
ifa_southatl_merge,24093,ifa,VA,IFA,IFA_09,IFA,,51071,13980,5131376,"IFA Washington-Arlington-Alexandria, DC-VA-MD-WV",0.0,no cell in the extract: territory at zero opportunity
ifa_southatl_merge,24095,ifa,VA,IFA,IFA_09,IFA,,51019,31340,5175504,"IFA Washington-Arlington-Alexandria, DC-VA-MD-WV",0.0,no cell in the extract: territory at zero opportunity
ifa_southatl_merge,24101,ifa,VA,IFA,IFA_09,IFA,,51067,40220,5184632,"IFA Washington-Arlington-Alexandria, DC-VA-MD-WV",0.0,no cell in the extract: territory at zero opportunity
ifa_southatl_merge,24102,ifa,VA,IFA,IFA_09,IFA,,51067,40220,5158312,"IFA Washington-Arlington-Alexandria, DC-VA-MD-WV",0.0,no cell in the extract: territory at zero opportunity
ifa_southatl_merge,24104,ifa,VA,IFA,IFA_09,IFA,,51019,31340,,"IFA Washington-Arlington-Alexandria, DC-VA-MD-WV",0.0,no cell in the extract: territory at zero opportunity
ifa_southatl_merge,24105,ifa,VA,IFA,IFA_09,IFA,,51063,13980,,"IFA Washington-Arlington-Alexandria, DC-VA-MD-WV",0.0,no cell in the extract: territory at zero opportunity
ifa_southatl_merge,24112,ifa,VA,IFA,IFA_09,IFA,,51089,32300,5149784,"IFA Washington-Arlington-Alexandria, DC-VA-MD-WV",0.0167045,
ifa_southatl_merge,24120,ifa,VA,IFA,IFA_09,IFA,,51141,,5150696,"IFA Washington-Arlington-Alexandria, DC-VA-MD-WV",0.0,no cell in the extract: territory at zero opportunity
ifa_southatl_merge,24121,ifa,VA,IFA,IFA_09,IFA,,51019,31340,5157531,"IFA Washington-Arlington-Alexandria, DC-VA-MD-WV",1.68586,
ifa_southatl_merge,24122,ifa,VA,IFA,IFA_09,IFA,,51019,31340,5152968,"IFA Washington-Arlington-Alexandria, DC-VA-MD-WV",0.0,no cell in the extract: territory at zero opportunity
ifa_southatl_merge,24124,ifa,VA,IFA,IFA_09,IFA,,51071,13980,5154904,"IFA Washington-Arlington-Alexandria, DC-VA-MD-WV",0.0,no cell in the extract: territory at zero opportunity
ifa_southatl_merge,24127,ifa,VA,IFA,IFA_09,IFA,,51045,40220,5155592,"IFA Washington-Arlington-Alexandria, DC-VA-MD-WV",0.0,no cell in the extract: territory at zero opportunity
ifa_southatl_merge,24128,ifa,VA,IFA,IFA_09,IFA,,51071,13980,,"IFA Washington-Arlington-Alexandria, DC-VA-MD-WV",0.0,no cell in the extract: territory at zero opportunity
ifa_southatl_merge,24129,ifa,VA,IFA,IFA_09,IFA,,51155,13980,5156048,"IFA Washington-Arlington-Alexandria, DC-VA-MD-WV",0.0,no cell in the extract: territory at zero opportunity
ifa_southatl_merge,24131,ifa,VA,IFA,IFA_09,IFA,,51045,40220,,"IFA Washington-Arlington-Alexandria, DC-VA-MD-WV",0.0,no cell in the extract: territory at zero opportunity
ifa_southatl_merge,24132,ifa,VA,IFA,IFA_09,IFA,,51155,13980,5160840,"IFA Washington-Arlington-Alexandria, DC-VA-MD-WV",0.0,no cell in the extract: territory at zero opportunity
ifa_southatl_merge,24133,ifa,VA,IFA,IFA_09,IFA,,51141,,5160984,"IFA Washington-Arlington-Alexandria, DC-VA-MD-WV",0.0,no cell in the extract: territory at zero opportunity
ifa_southatl_merge,24134,ifa,VA,IFA,IFA_09,IFA,,51071,13980,5161208,"IFA Washington-Arlington-Alexandria, DC-VA-MD-WV",0.0,no cell in the extract: territory at zero opportunity
ifa_southatl_merge,24136,ifa,VA,IFA,IFA_09,IFA,,51071,13980,5161336,"IFA Washington-Arlington-Alexandria, DC-VA-MD-WV",0.0,no cell in the extract: territory at zero opportunity
ifa_southatl_merge,24137,ifa,VA,IFA,IFA_09,IFA,,51067,40220,5161464,"IFA Washington-Arlington-Alexandria, DC-VA-MD-WV",0.0,no cell in the extract: territory at zero opportunity
ifa_southatl_merge,24138,ifa,VA,IFA,IFA_09,IFA,,51121,13980,,"IFA Washington-Arlington-Alexandria, DC-VA-MD-WV",0.0,no cell in the extract: territory at zero opportunity
ifa_southatl_merge,24139,ifa,VA,IFA,IFA_09,IFA,,51143,19260,,"IFA Washington-Arlington-Alexandria, DC-VA-MD-WV",0.0,no cell in the extract: territory at zero opportunity
ifa_southatl_merge,24141,ifa,VA,IFA,IFA_09,IFA,,51155,13980,5165392,"IFA Washington-Arlington-Alexandria, DC-VA-MD-WV",1.53061,
ifa_southatl_merge,24142,ifa,VA,IFA,IFA_09,IFA,,51750,13980,5165392,"IFA Washington-Arlington-Alexandria, DC-VA-MD-WV",0.0,no cell in the extract: territory at zero opportunity
ifa_southatl_merge,24147,ifa,VA,IFA,IFA_09,IFA,,51071,13980,5166896,"IFA Washington-Arlington-Alexandria, DC-VA-MD-WV",0.0,no cell in the extract: territory at zero opportunity
ifa_southatl_merge,24148,ifa,VA,IFA,IFA_09,IFA,,51089,32300,5170296,"IFA Washington-Arlington-Alexandria, DC-VA-MD-WV",0.0,no cell in the extract: territory at zero opportunity
ifa_southatl_merge,24149,ifa,VA,IFA,IFA_09,IFA,,51121,13980,5167256,"IFA Washington-Arlington-Alexandria, DC-VA-MD-WV",2.26277,
ifa_southatl_merge,24150,ifa,VA,IFA,IFA_09,IFA,,51071,13980,5167304,"IFA Washington-Arlington-Alexandria, DC-VA-MD-WV",0.0,no cell in the extract: territory at zero opportunity
ifa_southatl_merge,24151,ifa,VA,IFA,IFA_09,IFA,,51067,40220,5168496,"IFA Washington-Arlington-Alexandria, DC-VA-MD-WV",0.0,no cell in the extract: territory at zero opportunity
ifa_southatl_merge,24153,ifa,VA,IFA,IFA_09,IFA,,51161,40220,5170000,"IFA Washington-Arlington-Alexandria, DC-VA-MD-WV",0.132472,
ifa_southatl_merge,24161,ifa,VA,IFA,IFA_09,IFA,,51143,19260,,"IFA Washington-Arlington-Alexandria, DC-VA-MD-WV",0.0,no cell in the extract: territory at zero opportunity
ifa_southatl_merge,24162,ifa,VA,IFA,IFA_09,IFA,,51121,13980,5171632,"IFA Washington-Arlington-Alexandria, DC-VA-MD-WV",0.0,no cell in the extract: territory at zero opportunity
ifa_southatl_merge,24165,ifa,VA,IFA,IFA_09,IFA,,51089,32300,5138552,"IFA Washington-Arlington-Alexandria, DC-VA-MD-WV",0.0,no cell in the extract: territory at zero opportunity
ifa_southatl_merge,24167,ifa,VA,IFA,IFA_09,IFA,,51071,13980,,"IFA Washington-Arlington-Alexandria, DC-VA-MD-WV",0.0,no cell in the extract: territory at zero opportunity
ifa_southatl_merge,24168,ifa,VA,IFA,IFA_09,IFA,,51089,32300,5175040,"IFA Washington-Arlington-Alexandria, DC-VA-MD-WV",0.0,no cell in the extract: territory at zero opportunity
ifa_southatl_merge,24171,ifa,VA,IFA,IFA_09,IFA,,51141,,5160984,"IFA Washington-Arlington-Alexandria, DC-VA-MD-WV",0.0,no cell in the extract: territory at zero opportunity
ifa_southatl_merge,24174,ifa,VA,IFA,IFA_09,IFA,,51019,31340,,"IFA Washington-Arlington-Alexandria, DC-VA-MD-WV",0.0,no cell in the extract: territory at zero opportunity
ifa_southatl_merge,24175,ifa,VA,IFA,IFA_09,IFA,,51023,40220,5144620,"IFA Washington-Arlington-Alexandria, DC-VA-MD-WV",0.253947,
ifa_southatl_merge,24176,ifa,VA,IFA,IFA_09,IFA,,51067,40220,5180000,"IFA Washington-Arlington-Alexandria, DC-VA-MD-WV",0.0,no cell in the extract: territory at zero opportunity
ifa_southatl_merge,24179,ifa,VA,IFA,IFA_09,IFA,,51019,31340,5181280,"IFA Washington-Arlington-Alexandria, DC-VA-MD-WV",0.0,no cell in the extract: territory at zero opportunity
ifa_southatl_merge,24184,ifa,VA,IFA,IFA_09,IFA,,51067,40220,5184632,"IFA Washington-Arlington-Alexandria, DC-VA-MD-WV",0.0,no cell in the extract: territory at zero opportunity
ifa_southatl_merge,24185,ifa,VA,IFA,IFA_09,IFA,,51141,,,"IFA Washington-Arlington-Alexandria, DC-VA-MD-WV",0.0,no cell in the extract: territory at zero opportunity
ifa_southatl_merge,24201,ifa,VA,IFA,IFA_09,IFA,,51520,28700,5109816,"IFA Washington-Arlington-Alexandria, DC-VA-MD-WV",0.0,no cell in the extract: territory at zero opportunity
ifa_southatl_merge,24202,ifa,VA,IFA,IFA_09,IFA,,51191,28700,5109816,"IFA Washington-Arlington-Alexandria, DC-VA-MD-WV",0.0523276,
ifa_southatl_merge,24210,ifa,VA,IFA,IFA_09,IFA,,51191,28700,5100148,"IFA Washington-Arlington-Alexandria, DC-VA-MD-WV",5.48551,
ifa_southatl_merge,24211,ifa,VA,IFA,IFA_09,IFA,,51191,28700,5100148,"IFA Washington-Arlington-Alexandria, DC-VA-MD-WV",0.068011,
ifa_southatl_merge,24216,ifa,VA,IFA,IFA_09,IFA,,51195,,5102040,"IFA Washington-Arlington-Alexandria, DC-VA-MD-WV",0.0,no cell in the extract: territory at zero opportunity
ifa_southatl_merge,24217,ifa,VA,IFA,IFA_09,IFA,,51051,,,"IFA Washington-Arlington-Alexandria, DC-VA-MD-WV",0.0,no cell in the extract: territory at zero opportunity
ifa_southatl_merge,24219,ifa,VA,IFA,IFA_09,IFA,,51195,,5107480,"IFA Washington-Arlington-Alexandria, DC-VA-MD-WV",0.0,no cell in the extract: territory at zero opportunity
ifa_southatl_merge,24220,ifa,VA,IFA,IFA_09,IFA,,51051,,5136008,"IFA Washington-Arlington-Alexandria, DC-VA-MD-WV",0.0,no cell in the extract: territory at zero opportunity
ifa_southatl_merge,24221,ifa,VA,IFA,IFA_09,IFA,,51105,,,"IFA Washington-Arlington-Alexandria, DC-VA-MD-WV",0.0,no cell in the extract: territory at zero opportunity
ifa_southatl_merge,24224,ifa,VA,IFA,IFA_09,IFA,,51167,,5113512,"IFA Washington-Arlington-Alexandria, DC-VA-MD-WV",0.0,no cell in the extract: territory at zero opportunity
ifa_southatl_merge,24225,ifa,VA,IFA,IFA_09,IFA,,51167,,5117296,"IFA Washington-Arlington-Alexandria, DC-VA-MD-WV",0.0,no cell in the extract: territory at zero opportunity
ifa_southatl_merge,24226,ifa,VA,IFA,IFA_09,IFA,,51051,,5117504,"IFA Washington-Arlington-Alexandria, DC-VA-MD-WV",0.0,no cell in the extract: territory at zero opportunity
ifa_southatl_merge,24228,ifa,VA,IFA,IFA_09,IFA,,51051,,5117552,"IFA Washington-Arlington-Alexandria, DC-VA-MD-WV",0.0,no cell in the extract: territory at zero opportunity
ifa_southatl_merge,24230,ifa,VA,IFA,IFA_09,IFA,,51195,,5117952,"IFA Washington-Arlington-Alexandria, DC-VA-MD-WV",0.0,no cell in the extract: territory at zero opportunity
ifa_southatl_merge,24236,ifa,VA,IFA,IFA_09,IFA,,51191,28700,5121184,"IFA Washington-Arlington-Alexandria, DC-VA-MD-WV",0.0,no cell in the extract: territory at zero opportunity
ifa_southatl_merge,24237,ifa,VA,IFA,IFA_09,IFA,,51051,,5121312,"IFA Washington-Arlington-Alexandria, DC-VA-MD-WV",0.0,no cell in the extract: territory at zero opportunity
ifa_southatl_merge,24239,ifa,VA,IFA,IFA_09,IFA,,51027,,,"IFA Washington-Arlington-Alexandria, DC-VA-MD-WV",0.0,no cell in the extract: territory at zero opportunity
ifa_southatl_merge,24243,ifa,VA,IFA,IFA_09,IFA,,51105,,5123584,"IFA Washington-Arlington-Alexandria, DC-VA-MD-WV",0.0,no cell in the extract: territory at zero opportunity
ifa_southatl_merge,24244,ifa,VA,IFA,IFA_09,IFA,,51169,28700,5175536,"IFA Washington-Arlington-Alexandria, DC-VA-MD-WV",0.0,no cell in the extract: territory at zero opportunity
ifa_southatl_merge,24245,ifa,VA,IFA,IFA_09,IFA,,51169,28700,5123952,"IFA Washington-Arlington-Alexandria, DC-VA-MD-WV",0.0,no cell in the extract: territory at zero opportunity
ifa_southatl_merge,24246,ifa,VA,IFA,IFA_09,IFA,,51195,,5124720,"IFA Washington-Arlington-Alexandria, DC-VA-MD-WV",0.0,no cell in the extract: territory at zero opportunity
ifa_southatl_merge,24248,ifa,VA,IFA,IFA_09,IFA,,51105,,5126384,"IFA Washington-Arlington-Alexandria, DC-VA-MD-WV",0.0,no cell in the extract: territory at zero opportunity
ifa_southatl_merge,24250,ifa,VA,IFA,IFA_09,IFA,,51169,28700,,"IFA Washington-Arlington-Alexandria, DC-VA-MD-WV",0.0,no cell in the extract: territory at zero opportunity
ifa_southatl_merge,24251,ifa,VA,IFA,IFA_09,IFA,,51169,28700,5130496,"IFA Washington-Arlington-Alexandria, DC-VA-MD-WV",0.321056,
ifa_southatl_merge,24256,ifa,VA,IFA,IFA_09,IFA,,51051,,5136008,"IFA Washington-Arlington-Alexandria, DC-VA-MD-WV",0.0,no cell in the extract: territory at zero opportunity
ifa_southatl_merge,24258,ifa,VA,IFA,IFA_09,IFA,,51169,28700,5137432,"IFA Washington-Arlington-Alexandria, DC-VA-MD-WV",0.0,no cell in the extract: territory at zero opportunity
ifa_southatl_merge,24260,ifa,VA,IFA,IFA_09,IFA,,51167,,5138280,"IFA Washington-Arlington-Alexandria, DC-VA-MD-WV",0.0,no cell in the extract: territory at zero opportunity
ifa_southatl_merge,24263,ifa,VA,IFA,IFA_09,IFA,,51105,,5141272,"IFA Washington-Arlington-Alexandria, DC-VA-MD-WV",0.0,no cell in the extract: territory at zero opportunity
ifa_southatl_merge,24265,ifa,VA,IFA,IFA_09,IFA,,51105,,5142104,"IFA Washington-Arlington-Alexandria, DC-VA-MD-WV",0.0,no cell in the extract: territory at zero opportunity
ifa_southatl_merge,24266,ifa,VA,IFA,IFA_09,IFA,,51167,,5144696,"IFA Washington-Arlington-Alexandria, DC-VA-MD-WV",0.0,no cell in the extract: territory at zero opportunity
ifa_southatl_merge,24269,ifa,VA,IFA,IFA_09,IFA,,51051,,,"IFA Washington-Arlington-Alexandria, DC-VA-MD-WV",0.0,no cell in the extract: territory at zero opportunity
ifa_southatl_merge,24270,ifa,VA,IFA,IFA_09,IFA,,51191,28700,5151096,"IFA Washington-Arlington-Alexandria, DC-VA-MD-WV",0.0,no cell in the extract: territory at zero opportunity
ifa_southatl_merge,24271,ifa,VA,IFA,IFA_09,IFA,,51169,28700,5156304,"IFA Washington-Arlington-Alexandria, DC-VA-MD-WV",0.0,no cell in the extract: territory at zero opportunity
ifa_southatl_merge,24272,ifa,VA,IFA,IFA_09,IFA,,51051,,5121312,"IFA Washington-Arlington-Alexandria, DC-VA-MD-WV",0.0,no cell in the extract: territory at zero opportunity
ifa_southatl_merge,24273,ifa,VA,IFA,IFA_09,IFA,,51195,,5157688,"IFA Washington-Arlington-Alexandria, DC-VA-MD-WV",0.0,no cell in the extract: territory at zero opportunity
ifa_southatl_merge,24277,ifa,VA,IFA,IFA_09,IFA,,51105,,5161560,"IFA Washington-Arlington-Alexandria, DC-VA-MD-WV",0.0,no cell in the extract: territory at zero opportunity
ifa_southatl_merge,24279,ifa,VA,IFA,IFA_09,IFA,,51195,,5164272,"IFA Washington-Arlington-Alexandria, DC-VA-MD-WV",0.0,no cell in the extract: territory at zero opportunity
ifa_southatl_merge,24280,ifa,VA,IFA,IFA_09,IFA,,51167,,,"IFA Washington-Arlington-Alexandria, DC-VA-MD-WV",0.0,no cell in the extract: territory at zero opportunity
ifa_southatl_merge,24281,ifa,VA,IFA,IFA_09,IFA,,51105,,5168885,"IFA Washington-Arlington-Alexandria, DC-VA-MD-WV",0.0,no cell in the extract: territory at zero opportunity
ifa_southatl_merge,24282,ifa,VA,IFA,IFA_09,IFA,,51105,,5169792,"IFA Washington-Arlington-Alexandria, DC-VA-MD-WV",0.0,no cell in the extract: territory at zero opportunity
ifa_southatl_merge,24283,ifa,VA,IFA,IFA_09,IFA,,51195,,5169936,"IFA Washington-Arlington-Alexandria, DC-VA-MD-WV",0.0,no cell in the extract: territory at zero opportunity
ifa_southatl_merge,24290,ifa,VA,IFA,IFA_09,IFA,,51169,28700,5183808,"IFA Washington-Arlington-Alexandria, DC-VA-MD-WV",0.0,no cell in the extract: territory at zero opportunity
ifa_southatl_merge,24292,ifa,VA,IFA,IFA_09,IFA,,51077,,,"IFA Washington-Arlington-Alexandria, DC-VA-MD-WV",0.0,no cell in the extract: territory at zero opportunity
ifa_southatl_merge,24293,ifa,VA,IFA,IFA_09,IFA,,51195,,5187072,"IFA Washington-Arlington-Alexandria, DC-VA-MD-WV",0.0,no cell in the extract: territory at zero opportunity
ifa_southatl_merge,24301,ifa,VA,IFA,IFA_09,IFA,,51155,13980,5164880,"IFA Washington-Arlington-Alexandria, DC-VA-MD-WV",0.0,no cell in the extract: territory at zero opportunity
ifa_southatl_merge,24311,ifa,VA,IFA,IFA_09,IFA,,51173,,5103512,"IFA Washington-Arlington-Alexandria, DC-VA-MD-WV",0.0,no cell in the extract: territory at zero opportunity
ifa_southatl_merge,24312,ifa,VA,IFA,IFA_09,IFA,,51035,,5103656,"IFA Washington-Arlington-Alexandria, DC-VA-MD-WV",0.0,no cell in the extract: territory at zero opportunity
ifa_southatl_merge,24313,ifa,VA,IFA,IFA_09,IFA,,51197,,,"IFA Washington-Arlington-Alexandria, DC-VA-MD-WV",0.0,no cell in the extract: territory at zero opportunity
ifa_southatl_merge,24314,ifa,VA,IFA,IFA_09,IFA,,51021,,5104904,"IFA Washington-Arlington-Alexandria, DC-VA-MD-WV",0.0,no cell in the extract: territory at zero opportunity
ifa_southatl_merge,24315,ifa,VA,IFA,IFA_09,IFA,,51021,,5107976,"IFA Washington-Arlington-Alexandria, DC-VA-MD-WV",0.0,no cell in the extract: territory at zero opportunity
ifa_southatl_merge,24316,ifa,VA,IFA,IFA_09,IFA,,51185,14140,,"IFA Washington-Arlington-Alexandria, DC-VA-MD-WV",0.0,no cell in the extract: territory at zero opportunity
ifa_southatl_merge,24317,ifa,VA,IFA,IFA_09,IFA,,51035,,5112600,"IFA Washington-Arlington-Alexandria, DC-VA-MD-WV",0.0,no cell in the extract: territory at zero opportunity
ifa_southatl_merge,24318,ifa,VA,IFA,IFA_09,IFA,,51021,,,"IFA Washington-Arlington-Alexandria, DC-VA-MD-WV",0.0,no cell in the extract: territory at zero opportunity
ifa_southatl_merge,24319,ifa,VA,IFA,IFA_09,IFA,,51173,,5116480,"IFA Washington-Arlington-Alexandria, DC-VA-MD-WV",0.0,no cell in the extract: territory at zero opportunity
ifa_southatl_merge,24322,ifa,VA,IFA,IFA_09,IFA,,51197,,,"IFA Washington-Arlington-Alexandria, DC-VA-MD-WV",0.0,no cell in the extract: territory at zero opportunity
ifa_southatl_merge,24323,ifa,VA,IFA,IFA_09,IFA,,51197,,,"IFA Washington-Arlington-Alexandria, DC-VA-MD-WV",0.0,no cell in the extract: territory at zero opportunity
ifa_southatl_merge,24324,ifa,VA,IFA,IFA_09,IFA,,51155,13980,5123408,"IFA Washington-Arlington-Alexandria, DC-VA-MD-WV",0.0,no cell in the extract: territory at zero opportunity
ifa_southatl_merge,24325,ifa,VA,IFA,IFA_09,IFA,,51035,,,"IFA Washington-Arlington-Alexandria, DC-VA-MD-WV",0.0,no cell in the extract: territory at zero opportunity
ifa_southatl_merge,24326,ifa,VA,IFA,IFA_09,IFA,,51077,,,"IFA Washington-Arlington-Alexandria, DC-VA-MD-WV",0.0,no cell in the extract: territory at zero opportunity
ifa_southatl_merge,24327,ifa,VA,IFA,IFA_09,IFA,,51191,28700,5125792,"IFA Washington-Arlington-Alexandria, DC-VA-MD-WV",0.0,no cell in the extract: territory at zero opportunity
ifa_southatl_merge,24328,ifa,VA,IFA,IFA_09,IFA,,51035,,5127296,"IFA Washington-Arlington-Alexandria, DC-VA-MD-WV",0.0,no cell in the extract: territory at zero opportunity
ifa_southatl_merge,24330,ifa,VA,IFA,IFA_09,IFA,,51077,,5175440,"IFA Washington-Arlington-Alexandria, DC-VA-MD-WV",0.0,no cell in the extract: territory at zero opportunity
ifa_southatl_merge,24333,ifa,VA,IFA,IFA_09,IFA,,51077,,5130208,"IFA Washington-Arlington-Alexandria, DC-VA-MD-WV",1.68621,
ifa_southatl_merge,24340,ifa,VA,IFA,IFA_09,IFA,,51191,28700,5125792,"IFA Washington-Arlington-Alexandria, DC-VA-MD-WV",0.0,no cell in the extract: territory at zero opportunity
ifa_southatl_merge,24343,ifa,VA,IFA,IFA_09,IFA,,51035,,5137336,"IFA Washington-Arlington-Alexandria, DC-VA-MD-WV",0.0,no cell in the extract: territory at zero opportunity
ifa_southatl_merge,24347,ifa,VA,IFA,IFA_09,IFA,,51155,13980,5137544,"IFA Washington-Arlington-Alexandria, DC-VA-MD-WV",0.0,no cell in the extract: territory at zero opportunity
ifa_southatl_merge,24348,ifa,VA,IFA,IFA_09,IFA,,51077,,5139528,"IFA Washington-Arlington-Alexandria, DC-VA-MD-WV",0.0,no cell in the extract: territory at zero opportunity
ifa_southatl_merge,24350,ifa,VA,IFA,IFA_09,IFA,,51197,,5140216,"IFA Washington-Arlington-Alexandria, DC-VA-MD-WV",0.0,no cell in the extract: territory at zero opportunity
ifa_southatl_merge,24351,ifa,VA,IFA,IFA_09,IFA,,51035,,,"IFA Washington-Arlington-Alexandria, DC-VA-MD-WV",0.0,no cell in the extract: territory at zero opportunity
ifa_southatl_merge,24352,ifa,VA,IFA,IFA_09,IFA,,51035,,,"IFA Washington-Arlington-Alexandria, DC-VA-MD-WV",0.0,no cell in the extract: territory at zero opportunity
ifa_southatl_merge,24354,ifa,VA,IFA,IFA_09,IFA,,51173,,5100468,"IFA Washington-Arlington-Alexandria, DC-VA-MD-WV",0.0,no cell in the extract: territory at zero opportunity
ifa_southatl_merge,24360,ifa,VA,IFA,IFA_09,IFA,,51197,,5129040,"IFA Washington-Arlington-Alexandria, DC-VA-MD-WV",0.0,no cell in the extract: territory at zero opportunity
ifa_southatl_merge,24361,ifa,VA,IFA,IFA_09,IFA,,51191,28700,5150760,"IFA Washington-Arlington-Alexandria, DC-VA-MD-WV",0.0,no cell in the extract: territory at zero opportunity
ifa_southatl_merge,24363,ifa,VA,IFA,IFA_09,IFA,,51077,,,"IFA Washington-Arlington-Alexandria, DC-VA-MD-WV",0.0,no cell in the extract: territory at zero opportunity
ifa_southatl_merge,24366,ifa,VA,IFA,IFA_09,IFA,,51021,,5168480,"IFA Washington-Arlington-Alexandria, DC-VA-MD-WV",0.0,no cell in the extract: territory at zero opportunity
ifa_southatl_merge,24368,ifa,VA,IFA,IFA_09,IFA,,51197,,5169456,"IFA Washington-Arlington-Alexandria, DC-VA-MD-WV",0.0,no cell in the extract: territory at zero opportunity
ifa_southatl_merge,24370,ifa,VA,IFA,IFA_09,IFA,,51173,,5170096,"IFA Washington-Arlington-Alexandria, DC-VA-MD-WV",0.0,no cell in the extract: territory at zero opportunity
ifa_southatl_merge,24374,ifa,VA,IFA,IFA_09,IFA,,51197,,,"IFA Washington-Arlington-Alexandria, DC-VA-MD-WV",0.0,no cell in the extract: territory at zero opportunity
ifa_southatl_merge,24375,ifa,VA,IFA,IFA_09,IFA,,51173,,5176448,"IFA Washington-Arlington-Alexandria, DC-VA-MD-WV",0.0,no cell in the extract: territory at zero opportunity
ifa_southatl_merge,24377,ifa,VA,IFA,IFA_09,IFA,,51185,14140,,"IFA Washington-Arlington-Alexandria, DC-VA-MD-WV",0.0,no cell in the extract: territory at zero opportunity
ifa_southatl_merge,24378,ifa,VA,IFA,IFA_09,IFA,,51077,,5179456,"IFA Washington-Arlington-Alexandria, DC-VA-MD-WV",0.0,no cell in the extract: territory at zero opportunity
ifa_southatl_merge,24380,ifa,VA,IFA,IFA_09,IFA,,51063,13980,,"IFA Washington-Arlington-Alexandria, DC-VA-MD-WV",0.0,no cell in the extract: territory at zero opportunity
ifa_southatl_merge,24381,ifa,VA,IFA,IFA_09,IFA,,51035,,5187408,"IFA Washington-Arlington-Alexandria, DC-VA-MD-WV",0.0,no cell in the extract: territory at zero opportunity
ifa_southatl_merge,24382,ifa,VA,IFA,IFA_09,IFA,,51197,,5188000,"IFA Washington-Arlington-Alexandria, DC-VA-MD-WV",0.917111,
ifa_southatl_merge,24401,ifa,VA,IFA,IFA_09,IFA,,51015,44420,5175216,"IFA Washington-Arlington-Alexandria, DC-VA-MD-WV",0.372428,
ifa_southatl_merge,24411,ifa,VA,IFA,IFA_09,IFA,,51015,44420,5103608,"IFA Washington-Arlington-Alexandria, DC-VA-MD-WV",0.0,no cell in the extract: territory at zero opportunity
ifa_southatl_merge,24412,ifa,VA,IFA,IFA_09,IFA,,51017,,,"IFA Washington-Arlington-Alexandria, DC-VA-MD-WV",0.0,no cell in the extract: territory at zero opportunity
ifa_southatl_merge,24413,ifa,VA,IFA,IFA_09,IFA,,51091,,,"IFA Washington-Arlington-Alexandria, DC-VA-MD-WV",0.0,no cell in the extract: territory at zero opportunity
ifa_southatl_merge,24415,ifa,VA,IFA,IFA_09,IFA,,51163,,,"IFA Washington-Arlington-Alexandria, DC-VA-MD-WV",0.0,no cell in the extract: territory at zero opportunity
ifa_southatl_merge,24416,ifa,VA,IFA,IFA_09,IFA,,51163,,5111032,"IFA Washington-Arlington-Alexandria, DC-VA-MD-WV",2.68399,
ifa_southatl_merge,24421,ifa,VA,IFA,IFA_09,IFA,,51015,44420,5116736,"IFA Washington-Arlington-Alexandria, DC-VA-MD-WV",0.0,no cell in the extract: territory at zero opportunity
ifa_southatl_merge,24422,ifa,VA,IFA,IFA_09,IFA,,51005,,5117440,"IFA Washington-Arlington-Alexandria, DC-VA-MD-WV",0.0,no cell in the extract: territory at zero opportunity
ifa_southatl_merge,24426,ifa,VA,IFA,IFA_09,IFA,,51005,,5119728,"IFA Washington-Arlington-Alexandria, DC-VA-MD-WV",0.0,no cell in the extract: territory at zero opportunity
ifa_southatl_merge,24430,ifa,VA,IFA,IFA_09,IFA,,51015,44420,5119904,"IFA Washington-Arlington-Alexandria, DC-VA-MD-WV",0.0,no cell in the extract: territory at zero opportunity
ifa_southatl_merge,24431,ifa,VA,IFA,IFA_09,IFA,,51015,44420,5120240,"IFA Washington-Arlington-Alexandria, DC-VA-MD-WV",0.0,no cell in the extract: territory at zero opportunity
ifa_southatl_merge,24432,ifa,VA,IFA,IFA_09,IFA,,51015,44420,5121872,"IFA Washington-Arlington-Alexandria, DC-VA-MD-WV",0.0,no cell in the extract: territory at zero opportunity
ifa_southatl_merge,24433,ifa,VA,IFA,IFA_09,IFA,,51091,,,"IFA Washington-Arlington-Alexandria, DC-VA-MD-WV",0.0,no cell in the extract: territory at zero opportunity
ifa_southatl_merge,24435,ifa,VA,IFA,IFA_09,IFA,,51163,,5126656,"IFA Washington-Arlington-Alexandria, DC-VA-MD-WV",0.0,no cell in the extract: territory at zero opportunity
ifa_southatl_merge,24437,ifa,VA,IFA,IFA_09,IFA,,51015,44420,5155720,"IFA Washington-Arlington-Alexandria, DC-VA-MD-WV",0.0,no cell in the extract: territory at zero opportunity
ifa_southatl_merge,24439,ifa,VA,IFA,IFA_09,IFA,,51163,,5131968,"IFA Washington-Arlington-Alexandria, DC-VA-MD-WV",0.0,no cell in the extract: territory at zero opportunity
ifa_southatl_merge,24440,ifa,VA,IFA,IFA_09,IFA,,51015,44420,5132944,"IFA Washington-Arlington-Alexandria, DC-VA-MD-WV",0.0,no cell in the extract: territory at zero opportunity
ifa_southatl_merge,24441,ifa,VA,IFA,IFA_09,IFA,,51015,44420,5133488,"IFA Washington-Arlington-Alexandria, DC-VA-MD-WV",0.0,no cell in the extract: territory at zero opportunity
ifa_southatl_merge,24442,ifa,VA,IFA,IFA_09,IFA,,51091,,,"IFA Washington-Arlington-Alexandria, DC-VA-MD-WV",0.0,no cell in the extract: territory at zero opportunity
ifa_southatl_merge,24445,ifa,VA,IFA,IFA_09,IFA,,51017,,5138632,"IFA Washington-Arlington-Alexandria, DC-VA-MD-WV",0.0,no cell in the extract: territory at zero opportunity
ifa_southatl_merge,24448,ifa,VA,IFA,IFA_09,IFA,,51005,,5140024,"IFA Washington-Arlington-Alexandria, DC-VA-MD-WV",0.0,no cell in the extract: territory at zero opportunity
ifa_southatl_merge,24450,ifa,VA,IFA,IFA_09,IFA,,51163,,5145512,"IFA Washington-Arlington-Alexandria, DC-VA-MD-WV",0.0,no cell in the extract: territory at zero opportunity
ifa_southatl_merge,24457,ifa,VA,IFA,IFA_09,IFA,,51005,,5147352,"IFA Washington-Arlington-Alexandria, DC-VA-MD-WV",0.0,no cell in the extract: territory at zero opportunity
ifa_southatl_merge,24458,ifa,VA,IFA,IFA_09,IFA,,51091,,5148184,"IFA Washington-Arlington-Alexandria, DC-VA-MD-WV",0.0,no cell in the extract: territory at zero opportunity
ifa_southatl_merge,24459,ifa,VA,IFA,IFA_09,IFA,,51015,44420,5151432,"IFA Washington-Arlington-Alexandria, DC-VA-MD-WV",0.0,no cell in the extract: territory at zero opportunity
ifa_southatl_merge,24460,ifa,VA,IFA,IFA_09,IFA,,51017,,5151848,"IFA Washington-Arlington-Alexandria, DC-VA-MD-WV",0.0,no cell in the extract: territory at zero opportunity
ifa_southatl_merge,24464,ifa,VA,IFA,IFA_09,IFA,,51125,16820,,"IFA Washington-Arlington-Alexandria, DC-VA-MD-WV",0.0,no cell in the extract: territory at zero opportunity
ifa_southatl_merge,24465,ifa,VA,IFA,IFA_09,IFA,,51091,,5152680,"IFA Washington-Arlington-Alexandria, DC-VA-MD-WV",0.0,no cell in the extract: territory at zero opportunity
ifa_southatl_merge,24467,ifa,VA,IFA,IFA_09,IFA,,51015,44420,5154120,"IFA Washington-Arlington-Alexandria, DC-VA-MD-WV",0.0,no cell in the extract: territory at zero opportunity
ifa_southatl_merge,24469,ifa,VA,IFA,IFA_09,IFA,,51015,44420,5155720,"IFA Washington-Arlington-Alexandria, DC-VA-MD-WV",0.0,no cell in the extract: territory at zero opportunity
ifa_southatl_merge,24471,ifa,VA,IFA,IFA_09,IFA,,51165,25500,5163896,"IFA Washington-Arlington-Alexandria, DC-VA-MD-WV",0.0,no cell in the extract: territory at zero opportunity
ifa_southatl_merge,24472,ifa,VA,IFA,IFA_09,IFA,,51163,,5126656,"IFA Washington-Arlington-Alexandria, DC-VA-MD-WV",0.0,no cell in the extract: territory at zero opportunity
ifa_southatl_merge,24473,ifa,VA,IFA,IFA_09,IFA,,51163,,,"IFA Washington-Arlington-Alexandria, DC-VA-MD-WV",0.0,no cell in the extract: territory at zero opportunity
ifa_southatl_merge,24474,ifa,VA,IFA,IFA_09,IFA,,51005,,5171072,"IFA Washington-Arlington-Alexandria, DC-VA-MD-WV",0.0,no cell in the extract: territory at zero opportunity
ifa_southatl_merge,24476,ifa,VA,IFA,IFA_09,IFA,,51015,44420,,"IFA Washington-Arlington-Alexandria, DC-VA-MD-WV",0.0,no cell in the extract: territory at zero opportunity
ifa_southatl_merge,24477,ifa,VA,IFA,IFA_09,IFA,,51015,44420,5176272,"IFA Washington-Arlington-Alexandria, DC-VA-MD-WV",0.0,no cell in the extract: territory at zero opportunity
ifa_southatl_merge,24479,ifa,VA,IFA,IFA_09,IFA,,51015,44420,,"IFA Washington-Arlington-Alexandria, DC-VA-MD-WV",0.0,no cell in the extract: territory at zero opportunity
ifa_southatl_merge,24482,ifa,VA,IFA,IFA_09,IFA,,51015,44420,5180864,"IFA Washington-Arlington-Alexandria, DC-VA-MD-WV",0.0,no cell in the extract: territory at zero opportunity
ifa_southatl_merge,24483,ifa,VA,IFA,IFA_09,IFA,,51163,,,"IFA Washington-Arlington-Alexandria, DC-VA-MD-WV",0.0,no cell in the extract: territory at zero opportunity
ifa_southatl_merge,24484,ifa,VA,IFA,IFA_09,IFA,,51017,,5183088,"IFA Washington-Arlington-Alexandria, DC-VA-MD-WV",0.0,no cell in the extract: territory at zero opportunity
ifa_southatl_merge,24485,ifa,VA,IFA,IFA_09,IFA,,51015,44420,,"IFA Washington-Arlington-Alexandria, DC-VA-MD-WV",0.0,no cell in the extract: territory at zero opportunity
ifa_southatl_merge,24486,ifa,VA,IFA,IFA_09,IFA,,51015,44420,5185184,"IFA Washington-Arlington-Alexandria, DC-VA-MD-WV",0.0,no cell in the extract: territory at zero opportunity
ifa_southatl_merge,24487,ifa,VA,IFA,IFA_09,IFA,,51091,,,"IFA Washington-Arlington-Alexandria, DC-VA-MD-WV",0.0,no cell in the extract: territory at zero opportunity
ifa_southatl_merge,24501,ifa,VA,IFA,IFA_09,IFA,,51031,31340,5147672,"IFA Washington-Arlington-Alexandria, DC-VA-MD-WV",5.64989,
ifa_southatl_merge,24502,ifa,VA,IFA,IFA_09,IFA,,51680,31340,5147672,"IFA Washington-Arlington-Alexandria, DC-VA-MD-WV",6.52006,
ifa_southatl_merge,24503,ifa,VA,IFA,IFA_09,IFA,,51019,31340,5147672,"IFA Washington-Arlington-Alexandria, DC-VA-MD-WV",0.42362,
ifa_southatl_merge,24504,ifa,VA,IFA,IFA_09,IFA,,51031,31340,5147672,"IFA Washington-Arlington-Alexandria, DC-VA-MD-WV",3.28958,
ifa_southatl_merge,24515,ifa,VA,IFA,IFA_09,IFA,,51680,31340,5147672,"IFA Washington-Arlington-Alexandria, DC-VA-MD-WV",0.0,no cell in the extract: territory at zero opportunity
ifa_southatl_merge,24517,ifa,VA,IFA,IFA_09,IFA,,51031,31340,5101528,"IFA Washington-Arlington-Alexandria, DC-VA-MD-WV",0.0,no cell in the extract: territory at zero opportunity
ifa_southatl_merge,24520,ifa,VA,IFA,IFA_09,IFA,,51083,,5117776,"IFA Washington-Arlington-Alexandria, DC-VA-MD-WV",0.0,no cell in the extract: territory at zero opportunity
ifa_southatl_merge,24521,ifa,VA,IFA,IFA_09,IFA,,51009,31340,5101672,"IFA Washington-Arlington-Alexandria, DC-VA-MD-WV",0.0,no cell in the extract: territory at zero opportunity
ifa_southatl_merge,24522,ifa,VA,IFA,IFA_09,IFA,,51011,31340,5102072,"IFA Washington-Arlington-Alexandria, DC-VA-MD-WV",0.0,no cell in the extract: territory at zero opportunity
ifa_southatl_merge,24523,ifa,VA,IFA,IFA_09,IFA,,51019,31340,5105544,"IFA Washington-Arlington-Alexandria, DC-VA-MD-WV",4.16906,
ifa_southatl_merge,24526,ifa,VA,IFA,IFA_09,IFA,,51019,31340,5107400,"IFA Washington-Arlington-Alexandria, DC-VA-MD-WV",0.0,no cell in the extract: territory at zero opportunity
ifa_southatl_merge,24527,ifa,VA,IFA,IFA_09,IFA,,51143,19260,5107944,"IFA Washington-Arlington-Alexandria, DC-VA-MD-WV",0.0,no cell in the extract: territory at zero opportunity
ifa_southatl_merge,24528,ifa,VA,IFA,IFA_09,IFA,,51031,31340,5110296,"IFA Washington-Arlington-Alexandria, DC-VA-MD-WV",0.0,no cell in the extract: territory at zero opportunity
ifa_southatl_merge,24529,ifa,VA,IFA,IFA_09,IFA,,51117,,,"IFA Washington-Arlington-Alexandria, DC-VA-MD-WV",0.0,no cell in the extract: territory at zero opportunity
ifa_southatl_merge,24530,ifa,VA,IFA,IFA_09,IFA,,51143,19260,,"IFA Washington-Arlington-Alexandria, DC-VA-MD-WV",0.0,no cell in the extract: territory at zero opportunity
ifa_southatl_merge,24531,ifa,VA,IFA,IFA_09,IFA,,51143,19260,5115000,"IFA Washington-Arlington-Alexandria, DC-VA-MD-WV",0.0,no cell in the extract: territory at zero opportunity
ifa_southatl_merge,24534,ifa,VA,IFA,IFA_09,IFA,,51083,,5117632,"IFA Washington-Arlington-Alexandria, DC-VA-MD-WV",0.0,no cell in the extract: territory at zero opportunity
ifa_southatl_merge,24536,ifa,VA,IFA,IFA_09,IFA,,51019,31340,,"IFA Washington-Arlington-Alexandria, DC-VA-MD-WV",0.0,no cell in the extract: territory at zero opportunity
ifa_southatl_merge,24538,ifa,VA,IFA,IFA_09,IFA,,51031,31340,5118880,"IFA Washington-Arlington-Alexandria, DC-VA-MD-WV",0.0,no cell in the extract: territory at zero opportunity
ifa_southatl_merge,24539,ifa,VA,IFA,IFA_09,IFA,,51083,,,"IFA Washington-Arlington-Alexandria, DC-VA-MD-WV",0.0,no cell in the extract: territory at zero opportunity
ifa_southatl_merge,24540,ifa,VA,IFA,IFA_09,IFA,,51143,19260,5121344,"IFA Washington-Arlington-Alexandria, DC-VA-MD-WV",1.42674,
ifa_southatl_merge,24541,ifa,VA,IFA,IFA_09,IFA,,51143,19260,5121344,"IFA Washington-Arlington-Alexandria, DC-VA-MD-WV",0.340412,
ifa_southatl_merge,24549,ifa,VA,IFA,IFA_09,IFA,,51143,19260,,"IFA Washington-Arlington-Alexandria, DC-VA-MD-WV",0.0,no cell in the extract: territory at zero opportunity
ifa_southatl_merge,24550,ifa,VA,IFA,IFA_09,IFA,,51031,31340,5178688,"IFA Washington-Arlington-Alexandria, DC-VA-MD-WV",0.0,no cell in the extract: territory at zero opportunity
ifa_southatl_merge,24551,ifa,VA,IFA,IFA_09,IFA,,51019,31340,5128688,"IFA Washington-Arlington-Alexandria, DC-VA-MD-WV",1.93595,
ifa_southatl_merge,24553,ifa,VA,IFA,IFA_09,IFA,,51029,,,"IFA Washington-Arlington-Alexandria, DC-VA-MD-WV",0.0,no cell in the extract: territory at zero opportunity
ifa_southatl_merge,24554,ifa,VA,IFA,IFA_09,IFA,,51031,31340,,"IFA Washington-Arlington-Alexandria, DC-VA-MD-WV",0.0,no cell in the extract: territory at zero opportunity
ifa_southatl_merge,24555,ifa,VA,IFA,IFA_09,IFA,,51163,,5131136,"IFA Washington-Arlington-Alexandria, DC-VA-MD-WV",0.0,no cell in the extract: territory at zero opportunity
ifa_southatl_merge,24556,ifa,VA,IFA,IFA_09,IFA,,51019,31340,,"IFA Washington-Arlington-Alexandria, DC-VA-MD-WV",0.0,no cell in the extract: territory at zero opportunity
ifa_southatl_merge,24557,ifa,VA,IFA,IFA_09,IFA,,51143,19260,5133232,"IFA Washington-Arlington-Alexandria, DC-VA-MD-WV",0.0,no cell in the extract: territory at zero opportunity
ifa_southatl_merge,24558,ifa,VA,IFA,IFA_09,IFA,,51083,,5153584,"IFA Washington-Arlington-Alexandria, DC-VA-MD-WV",0.0,no cell in the extract: territory at zero opportunity
ifa_southatl_merge,24562,ifa,VA,IFA,IFA_09,IFA,,51029,,,"IFA Washington-Arlington-Alexandria, DC-VA-MD-WV",0.0,no cell in the extract: territory at zero opportunity
ifa_southatl_merge,24563,ifa,VA,IFA,IFA_09,IFA,,51143,19260,5139224,"IFA Washington-Arlington-Alexandria, DC-VA-MD-WV",0.0,no cell in the extract: territory at zero opportunity
ifa_southatl_merge,24565,ifa,VA,IFA,IFA_09,IFA,,51143,19260,,"IFA Washington-Arlington-Alexandria, DC-VA-MD-WV",0.0,no cell in the extract: territory at zero opportunity
ifa_southatl_merge,24566,ifa,VA,IFA,IFA_09,IFA,,51143,19260,,"IFA Washington-Arlington-Alexandria, DC-VA-MD-WV",0.0,no cell in the extract: territory at zero opportunity
ifa_southatl_merge,24569,ifa,VA,IFA,IFA_09,IFA,,51143,19260,,"IFA Washington-Arlington-Alexandria, DC-VA-MD-WV",0.0,no cell in the extract: territory at zero opportunity
ifa_southatl_merge,24570,ifa,VA,IFA,IFA_09,IFA,,51019,31340,,"IFA Washington-Arlington-Alexandria, DC-VA-MD-WV",0.0,no cell in the extract: territory at zero opportunity
ifa_southatl_merge,24571,ifa,VA,IFA,IFA_09,IFA,,51031,31340,5101528,"IFA Washington-Arlington-Alexandria, DC-VA-MD-WV",0.0,no cell in the extract: territory at zero opportunity
ifa_southatl_merge,24572,ifa,VA,IFA,IFA_09,IFA,,51009,31340,5148520,"IFA Washington-Arlington-Alexandria, DC-VA-MD-WV",0.0,no cell in the extract: territory at zero opportunity
ifa_southatl_merge,24574,ifa,VA,IFA,IFA_09,IFA,,51009,31340,,"IFA Washington-Arlington-Alexandria, DC-VA-MD-WV",0.0,no cell in the extract: territory at zero opportunity
ifa_southatl_merge,24577,ifa,VA,IFA,IFA_09,IFA,,51083,,5155000,"IFA Washington-Arlington-Alexandria, DC-VA-MD-WV",0.0,no cell in the extract: territory at zero opportunity
ifa_southatl_merge,24578,ifa,VA,IFA,IFA_09,IFA,,51163,,,"IFA Washington-Arlington-Alexandria, DC-VA-MD-WV",0.0,no cell in the extract: territory at zero opportunity
ifa_southatl_merge,24579,ifa,VA,IFA,IFA_09,IFA,,51163,,,"IFA Washington-Arlington-Alexandria, DC-VA-MD-WV",0.0,no cell in the extract: territory at zero opportunity
ifa_southatl_merge,24580,ifa,VA,IFA,IFA_09,IFA,,51117,,,"IFA Washington-Arlington-Alexandria, DC-VA-MD-WV",0.0,no cell in the extract: territory at zero opportunity
ifa_southatl_merge,24581,ifa,VA,IFA,IFA_09,IFA,,51125,16820,,"IFA Washington-Arlington-Alexandria, DC-VA-MD-WV",0.0,no cell in the extract: territory at zero opportunity
ifa_southatl_merge,24586,ifa,VA,IFA,IFA_09,IFA,,51143,19260,,"IFA Washington-Arlington-Alexandria, DC-VA-MD-WV",0.0,no cell in the extract: territory at zero opportunity
ifa_southatl_merge,24588,ifa,VA,IFA,IFA_09,IFA,,51031,31340,5169536,"IFA Washington-Arlington-Alexandria, DC-VA-MD-WV",0.0,no cell in the extract: territory at zero opportunity
ifa_southatl_merge,24589,ifa,VA,IFA,IFA_09,IFA,,51083,,5170752,"IFA Washington-Arlington-Alexandria, DC-VA-MD-WV",0.0,no cell in the extract: territory at zero opportunity
ifa_southatl_merge,24590,ifa,VA,IFA,IFA_09,IFA,,51029,,5170800,"IFA Washington-Arlington-Alexandria, DC-VA-MD-WV",0.00119318,
ifa_southatl_merge,24592,ifa,VA,IFA,IFA_09,IFA,,51083,,5173712,"IFA Washington-Arlington-Alexandria, DC-VA-MD-WV",4.19938,
ifa_southatl_merge,24593,ifa,VA,IFA,IFA_09,IFA,,51011,31340,5118880,"IFA Washington-Arlington-Alexandria, DC-VA-MD-WV",0.0,no cell in the extract: territory at zero opportunity
ifa_southatl_merge,24594,ifa,VA,IFA,IFA_09,IFA,,51083,,,"IFA Washington-Arlington-Alexandria, DC-VA-MD-WV",0.0,no cell in the extract: territory at zero opportunity
ifa_southatl_merge,24595,ifa,VA,IFA,IFA_09,IFA,,51009,31340,,"IFA Washington-Arlington-Alexandria, DC-VA-MD-WV",0.0,no cell in the extract: territory at zero opportunity
ifa_southatl_merge,24597,ifa,VA,IFA,IFA_09,IFA,,51083,,,"IFA Washington-Arlington-Alexandria, DC-VA-MD-WV",0.0,no cell in the extract: territory at zero opportunity
ifa_southatl_merge,24598,ifa,VA,IFA,IFA_09,IFA,,51083,,5181312,"IFA Washington-Arlington-Alexandria, DC-VA-MD-WV",0.0,no cell in the extract: territory at zero opportunity
ifa_southatl_merge,24599,ifa,VA,IFA,IFA_09,IFA,,51029,,,"IFA Washington-Arlington-Alexandria, DC-VA-MD-WV",0.0,no cell in the extract: territory at zero opportunity
ifa_southatl_merge,24601,ifa,VA,IFA,IFA_09,IFA,,51185,14140,5101752,"IFA Washington-Arlington-Alexandria, DC-VA-MD-WV",0.0,no cell in the extract: territory at zero opportunity
ifa_southatl_merge,24602,ifa,VA,IFA,IFA_09,IFA,,51185,14140,,"IFA Washington-Arlington-Alexandria, DC-VA-MD-WV",0.0,no cell in the extract: territory at zero opportunity
ifa_southatl_merge,24603,ifa,VA,IFA,IFA_09,IFA,,51027,,5107448,"IFA Washington-Arlington-Alexandria, DC-VA-MD-WV",0.0,no cell in the extract: territory at zero opportunity
ifa_southatl_merge,24604,ifa,VA,IFA,IFA_09,IFA,,51185,14140,,"IFA Washington-Arlington-Alexandria, DC-VA-MD-WV",0.0,no cell in the extract: territory at zero opportunity
ifa_southatl_merge,24605,ifa,VA,IFA,IFA_09,IFA,,51185,14140,5108152,"IFA Washington-Arlington-Alexandria, DC-VA-MD-WV",0.0,no cell in the extract: territory at zero opportunity
ifa_southatl_merge,24606,ifa,VA,IFA,IFA_09,IFA,,51185,14140,5108376,"IFA Washington-Arlington-Alexandria, DC-VA-MD-WV",0.0,no cell in the extract: territory at zero opportunity
ifa_southatl_merge,24607,ifa,VA,IFA,IFA_09,IFA,,51027,,5109400,"IFA Washington-Arlington-Alexandria, DC-VA-MD-WV",0.0,no cell in the extract: territory at zero opportunity
ifa_southatl_merge,24609,ifa,VA,IFA,IFA_09,IFA,,51185,14140,5117120,"IFA Washington-Arlington-Alexandria, DC-VA-MD-WV",4.55963,
ifa_southatl_merge,24612,ifa,VA,IFA,IFA_09,IFA,,51185,14140,5165744,"IFA Washington-Arlington-Alexandria, DC-VA-MD-WV",0.0,no cell in the extract: territory at zero opportunity
ifa_southatl_merge,24613,ifa,VA,IFA,IFA_09,IFA,,51185,14140,5127232,"IFA Washington-Arlington-Alexandria, DC-VA-MD-WV",0.0,no cell in the extract: territory at zero opportunity
ifa_southatl_merge,24614,ifa,VA,IFA,IFA_09,IFA,,51027,,5133648,"IFA Washington-Arlington-Alexandria, DC-VA-MD-WV",0.0570191,
ifa_southatl_merge,24620,ifa,VA,IFA,IFA_09,IFA,,51027,,,"IFA Washington-Arlington-Alexandria, DC-VA-MD-WV",0.0,no cell in the extract: territory at zero opportunity
ifa_southatl_merge,24622,ifa,VA,IFA,IFA_09,IFA,,51027,,5141016,"IFA Washington-Arlington-Alexandria, DC-VA-MD-WV",0.0,no cell in the extract: territory at zero opportunity
ifa_southatl_merge,24630,ifa,VA,IFA,IFA_09,IFA,,51185,14140,5174848,"IFA Washington-Arlington-Alexandria, DC-VA-MD-WV",0.0,no cell in the extract: territory at zero opportunity
ifa_southatl_merge,24631,ifa,VA,IFA,IFA_09,IFA,,51027,,5180608,"IFA Washington-Arlington-Alexandria, DC-VA-MD-WV",0.0,no cell in the extract: territory at zero opportunity
ifa_southatl_merge,24634,ifa,VA,IFA,IFA_09,IFA,,51027,,,"IFA Washington-Arlington-Alexandria, DC-VA-MD-WV",0.0,no cell in the extract: territory at zero opportunity
ifa_southatl_merge,24635,ifa,VA,IFA,IFA_09,IFA,,51185,14140,5163288,"IFA Washington-Arlington-Alexandria, DC-VA-MD-WV",0.0,no cell in the extract: territory at zero opportunity
ifa_southatl_merge,24637,ifa,VA,IFA,IFA_09,IFA,,51185,14140,5117120,"IFA Washington-Arlington-Alexandria, DC-VA-MD-WV",0.0,no cell in the extract: territory at zero opportunity
ifa_southatl_merge,24639,ifa,VA,IFA,IFA_09,IFA,,51027,,5165744,"IFA Washington-Arlington-Alexandria, DC-VA-MD-WV",0.0,no cell in the extract: territory at zero opportunity
ifa_southatl_merge,24641,ifa,VA,IFA,IFA_09,IFA,,51185,14140,5166928,"IFA Washington-Arlington-Alexandria, DC-VA-MD-WV",0.31818,
ifa_southatl_merge,24646,ifa,VA,IFA,IFA_09,IFA,,51027,,,"IFA Washington-Arlington-Alexandria, DC-VA-MD-WV",0.0,no cell in the extract: territory at zero opportunity
ifa_southatl_merge,24649,ifa,VA,IFA,IFA_09,IFA,,51167,,5165744,"IFA Washington-Arlington-Alexandria, DC-VA-MD-WV",0.0,no cell in the extract: territory at zero opportunity
ifa_southatl_merge,24651,ifa,VA,IFA,IFA_09,IFA,,51185,14140,5132320,"IFA Washington-Arlington-Alexandria, DC-VA-MD-WV",0.0,no cell in the extract: territory at zero opportunity
ifa_southatl_merge,24656,ifa,VA,IFA,IFA_09,IFA,,51027,,5180608,"IFA Washington-Arlington-Alexandria, DC-VA-MD-WV",0.0,no cell in the extract: territory at zero opportunity
ifa_southatl_merge,24657,ifa,VA,IFA,IFA_09,IFA,,51027,,,"IFA Washington-Arlington-Alexandria, DC-VA-MD-WV",0.0,no cell in the extract: territory at zero opportunity
ifa_southatl_merge,24701,ifa,WV,IFA,IFA_06,IFA,,54055,14140,5408524,"IFA Baltimore-Columbia-Towson, MD",0.0,no cell in the extract: territory at zero opportunity
ifa_southatl_merge,24712,ifa,WV,IFA,IFA_06,IFA,,54055,14140,5403292,"IFA Baltimore-Columbia-Towson, MD",0.0,no cell in the extract: territory at zero opportunity
ifa_southatl_merge,24714,ifa,WV,IFA,IFA_06,IFA,,54055,14140,,"IFA Baltimore-Columbia-Towson, MD",0.0,no cell in the extract: territory at zero opportunity
ifa_southatl_merge,24715,ifa,WV,IFA,IFA_06,IFA,,54055,14140,5409796,"IFA Baltimore-Columbia-Towson, MD",0.0,no cell in the extract: territory at zero opportunity
ifa_southatl_merge,24716,ifa,WV,IFA,IFA_06,IFA,,54109,,5411212,"IFA Baltimore-Columbia-Towson, MD",0.0,no cell in the extract: territory at zero opportunity
ifa_southatl_merge,24719,ifa,WV,IFA,IFA_06,IFA,,54109,,5418388,"IFA Baltimore-Columbia-Towson, MD",0.0,no cell in the extract: territory at zero opportunity
ifa_southatl_merge,24724,ifa,WV,IFA,IFA_06,IFA,,54055,14140,5409796,"IFA Baltimore-Columbia-Towson, MD",0.0,no cell in the extract: territory at zero opportunity
ifa_southatl_merge,24726,ifa,WV,IFA,IFA_06,IFA,,54109,,5411212,"IFA Baltimore-Columbia-Towson, MD",0.0,no cell in the extract: territory at zero opportunity
ifa_southatl_merge,24729,ifa,WV,IFA,IFA_06,IFA,,54055,14140,,"IFA Baltimore-Columbia-Towson, MD",0.0,no cell in the extract: territory at zero opportunity
ifa_southatl_merge,24731,ifa,WV,IFA,IFA_06,IFA,,54055,14140,,"IFA Baltimore-Columbia-Towson, MD",0.0,no cell in the extract: territory at zero opportunity
ifa_southatl_merge,24733,ifa,WV,IFA,IFA_06,IFA,,54055,14140,,"IFA Baltimore-Columbia-Towson, MD",0.0,no cell in the extract: territory at zero opportunity
ifa_southatl_merge,24736,ifa,WV,IFA,IFA_06,IFA,,54109,,5452420,"IFA Baltimore-Columbia-Towson, MD",0.0,no cell in the extract: territory at zero opportunity
ifa_southatl_merge,24737,ifa,WV,IFA,IFA_06,IFA,,54055,14140,5455372,"IFA Baltimore-Columbia-Towson, MD",0.0,no cell in the extract: territory at zero opportunity
ifa_southatl_merge,24738,ifa,WV,IFA,IFA_06,IFA,,54055,14140,,"IFA Baltimore-Columbia-Towson, MD",0.0,no cell in the extract: territory at zero opportunity
ifa_southatl_merge,24739,ifa,WV,IFA,IFA_06,IFA,,54055,14140,5460196,"IFA Baltimore-Columbia-Towson, MD",0.0,no cell in the extract: territory at zero opportunity
ifa_southatl_merge,24740,ifa,WV,IFA,IFA_06,IFA,,54055,14140,5465692,"IFA Baltimore-Columbia-Towson, MD",0.0,no cell in the extract: territory at zero opportunity
ifa_southatl_merge,24747,ifa,WV,IFA,IFA_06,IFA,,54055,14140,5445292,"IFA Baltimore-Columbia-Towson, MD",0.0,no cell in the extract: territory at zero opportunity
ifa_southatl_merge,24801,ifa,WV,IFA,IFA_06,IFA,,54109,,5485228,"IFA Baltimore-Columbia-Towson, MD",0.0,no cell in the extract: territory at zero opportunity
ifa_southatl_merge,24808,ifa,WV,IFA,IFA_06,IFA,,54047,,5401780,"IFA Baltimore-Columbia-Towson, MD",0.0,no cell in the extract: territory at zero opportunity
ifa_southatl_merge,24811,ifa,WV,IFA,IFA_06,IFA,,54047,,,"IFA Baltimore-Columbia-Towson, MD",0.0,no cell in the extract: territory at zero opportunity
ifa_southatl_merge,24813,ifa,WV,IFA,IFA_06,IFA,,54047,,5404732,"IFA Baltimore-Columbia-Towson, MD",0.0,no cell in the extract: territory at zero opportunity
ifa_southatl_merge,24815,ifa,WV,IFA,IFA_06,IFA,,54047,,5406748,"IFA Baltimore-Columbia-Towson, MD",0.0,no cell in the extract: territory at zero opportunity
ifa_southatl_merge,24816,ifa,WV,IFA,IFA_06,IFA,,54047,,5407516,"IFA Baltimore-Columbia-Towson, MD",0.0,no cell in the extract: territory at zero opportunity
ifa_southatl_merge,24817,ifa,WV,IFA,IFA_06,IFA,,54047,,5409700,"IFA Baltimore-Columbia-Towson, MD",0.0,no cell in the extract: territory at zero opportunity
ifa_southatl_merge,24818,ifa,WV,IFA,IFA_06,IFA,,54109,,5409964,"IFA Baltimore-Columbia-Towson, MD",0.0,no cell in the extract: territory at zero opportunity
ifa_southatl_merge,24822,ifa,WV,IFA,IFA_06,IFA,,54109,,,"IFA Baltimore-Columbia-Towson, MD",0.0,no cell in the extract: territory at zero opportunity
ifa_southatl_merge,24823,ifa,WV,IFA,IFA_06,IFA,,54109,,,"IFA Baltimore-Columbia-Towson, MD",0.0,no cell in the extract: territory at zero opportunity
ifa_southatl_merge,24826,ifa,WV,IFA,IFA_06,IFA,,54047,,5419492,"IFA Baltimore-Columbia-Towson, MD",0.0,no cell in the extract: territory at zero opportunity
ifa_southatl_merge,24827,ifa,WV,IFA,IFA_06,IFA,,54109,,,"IFA Baltimore-Columbia-Towson, MD",0.0,no cell in the extract: territory at zero opportunity
ifa_southatl_merge,24828,ifa,WV,IFA,IFA_06,IFA,,54047,,5420500,"IFA Baltimore-Columbia-Towson, MD",0.0,no cell in the extract: territory at zero opportunity
ifa_southatl_merge,24830,ifa,WV,IFA,IFA_06,IFA,,54047,,5430196,"IFA Baltimore-Columbia-Towson, MD",0.0,no cell in the extract: territory at zero opportunity
ifa_southatl_merge,24831,ifa,WV,IFA,IFA_06,IFA,,54047,,,"IFA Baltimore-Columbia-Towson, MD",0.0,no cell in the extract: territory at zero opportunity
ifa_southatl_merge,24834,ifa,WV,IFA,IFA_06,IFA,,54109,,,"IFA Baltimore-Columbia-Towson, MD",0.0,no cell in the extract: territory at zero opportunity
ifa_southatl_merge,24836,ifa,WV,IFA,IFA_06,IFA,,54047,,5430196,"IFA Baltimore-Columbia-Towson, MD",0.0,no cell in the extract: territory at zero opportunity
ifa_southatl_merge,24839,ifa,WV,IFA,IFA_06,IFA,,54109,,,"IFA Baltimore-Columbia-Towson, MD",0.0,no cell in the extract: territory at zero opportunity
ifa_southatl_merge,24843,ifa,WV,IFA,IFA_06,IFA,,54047,,,"IFA Baltimore-Columbia-Towson, MD",0.0,no cell in the extract: territory at zero opportunity
ifa_southatl_merge,24844,ifa,WV,IFA,IFA_06,IFA,,54047,,5439652,"IFA Baltimore-Columbia-Towson, MD",0.0,no cell in the extract: territory at zero opportunity
ifa_southatl_merge,24845,ifa,WV,IFA,IFA_06,IFA,,54109,,,"IFA Baltimore-Columbia-Towson, MD",0.0,no cell in the extract: territory at zero opportunity
ifa_southatl_merge,24846,ifa,WV,IFA,IFA_06,IFA,,54047,,5430777,"IFA Baltimore-Columbia-Towson, MD",0.0,no cell in the extract: territory at zero opportunity
ifa_southatl_merge,24847,ifa,WV,IFA,IFA_06,IFA,,54109,,5440444,"IFA Baltimore-Columbia-Towson, MD",0.0,no cell in the extract: territory at zero opportunity
ifa_southatl_merge,24848,ifa,WV,IFA,IFA_06,IFA,,54047,,,"IFA Baltimore-Columbia-Towson, MD",0.0,no cell in the extract: territory at zero opportunity
ifa_southatl_merge,24849,ifa,WV,IFA,IFA_06,IFA,,54109,,5452372,"IFA Baltimore-Columbia-Towson, MD",0.0,no cell in the extract: territory at zero opportunity
ifa_southatl_merge,24850,ifa,WV,IFA,IFA_06,IFA,,54047,,,"IFA Baltimore-Columbia-Towson, MD",0.0,no cell in the extract: territory at zero opportunity
ifa_southatl_merge,24851,ifa,WV,IFA,IFA_06,IFA,,54059,,5442292,"IFA Baltimore-Columbia-Towson, MD",0.0,no cell in the extract: territory at zero opportunity
ifa_southatl_merge,24853,ifa,WV,IFA,IFA_06,IFA,,54047,,5443780,"IFA Baltimore-Columbia-Towson, MD",0.0,no cell in the extract: territory at zero opportunity
ifa_southatl_merge,24854,ifa,WV,IFA,IFA_06,IFA,,54109,,5444548,"IFA Baltimore-Columbia-Towson, MD",0.0,no cell in the extract: territory at zero opportunity
ifa_southatl_merge,24855,ifa,WV,IFA,IFA_06,IFA,,54047,,,"IFA Baltimore-Columbia-Towson, MD",0.0,no cell in the extract: territory at zero opportunity
ifa_southatl_merge,24857,ifa,WV,IFA,IFA_06,IFA,,54109,,5460364,"IFA Baltimore-Columbia-Towson, MD",0.0,no cell in the extract: territory at zero opportunity
ifa_southatl_merge,24860,ifa,WV,IFA,IFA_06,IFA,,54109,,5452372,"IFA Baltimore-Columbia-Towson, MD",0.0,no cell in the extract: territory at zero opportunity
ifa_southatl_merge,24861,ifa,WV,IFA,IFA_06,IFA,,54047,,5452588,"IFA Baltimore-Columbia-Towson, MD",0.0,no cell in the extract: territory at zero opportunity
ifa_southatl_merge,24862,ifa,WV,IFA,IFA_06,IFA,,54047,,,"IFA Baltimore-Columbia-Towson, MD",0.0,no cell in the extract: territory at zero opportunity
ifa_southatl_merge,24866,ifa,WV,IFA,IFA_06,IFA,,54047,,5419492,"IFA Baltimore-Columbia-Towson, MD",0.0,no cell in the extract: territory at zero opportunity
ifa_southatl_merge,24867,ifa,WV,IFA,IFA_06,IFA,,54109,,5458756,"IFA Baltimore-Columbia-Towson, MD",0.0,no cell in the extract: territory at zero opportunity
ifa_southatl_merge,24868,ifa,WV,IFA,IFA_06,IFA,,54047,,5419324,"IFA Baltimore-Columbia-Towson, MD",0.0,no cell in the extract: territory at zero opportunity
ifa_southatl_merge,24869,ifa,WV,IFA,IFA_06,IFA,,54109,,,"IFA Baltimore-Columbia-Towson, MD",0.0,no cell in the extract: territory at zero opportunity
ifa_southatl_merge,24870,ifa,WV,IFA,IFA_06,IFA,,54109,,5460364,"IFA Baltimore-Columbia-Towson, MD",0.0,no cell in the extract: territory at zero opportunity
ifa_southatl_merge,24871,ifa,WV,IFA,IFA_06,IFA,,54047,,5461684,"IFA Baltimore-Columbia-Towson, MD",0.0,no cell in the extract: territory at zero opportunity
ifa_southatl_merge,24872,ifa,WV,IFA,IFA_06,IFA,,54047,,,"IFA Baltimore-Columbia-Towson, MD",0.0,no cell in the extract: territory at zero opportunity
ifa_southatl_merge,24873,ifa,WV,IFA,IFA_06,IFA,,54047,,,"IFA Baltimore-Columbia-Towson, MD",0.0,no cell in the extract: territory at zero opportunity
ifa_southatl_merge,24874,ifa,WV,IFA,IFA_06,IFA,,54109,,5463940,"IFA Baltimore-Columbia-Towson, MD",0.0,no cell in the extract: territory at zero opportunity
ifa_southatl_merge,24878,ifa,WV,IFA,IFA_06,IFA,,54047,,5485228,"IFA Baltimore-Columbia-Towson, MD",0.0,no cell in the extract: territory at zero opportunity
ifa_southatl_merge,24879,ifa,WV,IFA,IFA_06,IFA,,54047,,5467228,"IFA Baltimore-Columbia-Towson, MD",0.0,no cell in the extract: territory at zero opportunity
ifa_southatl_merge,24880,ifa,WV,IFA,IFA_06,IFA,,54109,,,"IFA Baltimore-Columbia-Towson, MD",0.0,no cell in the extract: territory at zero opportunity
ifa_southatl_merge,24881,ifa,WV,IFA,IFA_06,IFA,,54047,,5469844,"IFA Baltimore-Columbia-Towson, MD",0.0,no cell in the extract: territory at zero opportunity
ifa_southatl_merge,24882,ifa,WV,IFA,IFA_06,IFA,,54109,,,"IFA Baltimore-Columbia-Towson, MD",0.0,no cell in the extract: territory at zero opportunity
ifa_southatl_merge,24884,ifa,WV,IFA,IFA_06,IFA,,54047,,,"IFA Baltimore-Columbia-Towson, MD",0.0,no cell in the extract: territory at zero opportunity
ifa_southatl_merge,24887,ifa,WV,IFA,IFA_06,IFA,,54047,,,"IFA Baltimore-Columbia-Towson, MD",0.0,no cell in the extract: territory at zero opportunity
ifa_southatl_merge,24888,ifa,WV,IFA,IFA_06,IFA,,54047,,5430196,"IFA Baltimore-Columbia-Towson, MD",0.0,no cell in the extract: territory at zero opportunity
ifa_southatl_merge,24892,ifa,WV,IFA,IFA_06,IFA,,54047,,5484484,"IFA Baltimore-Columbia-Towson, MD",0.0,no cell in the extract: territory at zero opportunity
ifa_southatl_merge,24894,ifa,WV,IFA,IFA_06,IFA,,54047,,5484484,"IFA Baltimore-Columbia-Towson, MD",0.0,no cell in the extract: territory at zero opportunity
ifa_southatl_merge,24895,ifa,WV,IFA,IFA_06,IFA,,54047,,5430196,"IFA Baltimore-Columbia-Towson, MD",0.0,no cell in the extract: territory at zero opportunity
ifa_southatl_merge,24898,ifa,WV,IFA,IFA_06,IFA,,54109,,,"IFA Baltimore-Columbia-Towson, MD",0.0,no cell in the extract: territory at zero opportunity
ifa_southatl_merge,24901,ifa,WV,IFA,IFA_06,IFA,,54025,,5446636,"IFA Baltimore-Columbia-Towson, MD",0.0,no cell in the extract: territory at zero opportunity
ifa_southatl_merge,24910,ifa,WV,IFA,IFA_06,IFA,,54025,,5400772,"IFA Baltimore-Columbia-Towson, MD",0.0,no cell in the extract: territory at zero opportunity
ifa_southatl_merge,24915,ifa,WV,IFA,IFA_06,IFA,,54075,,5433124,"IFA Baltimore-Columbia-Towson, MD",0.0,no cell in the extract: territory at zero opportunity
ifa_southatl_merge,24916,ifa,WV,IFA,IFA_06,IFA,,54025,,,"IFA Baltimore-Columbia-Towson, MD",0.0,no cell in the extract: territory at zero opportunity
ifa_southatl_merge,24918,ifa,WV,IFA,IFA_06,IFA,,54063,,,"IFA Baltimore-Columbia-Towson, MD",0.0,no cell in the extract: territory at zero opportunity
ifa_southatl_merge,24920,ifa,WV,IFA,IFA_06,IFA,,54075,,5404780,"IFA Baltimore-Columbia-Towson, MD",0.0,no cell in the extract: territory at zero opportunity
ifa_southatl_merge,24924,ifa,WV,IFA,IFA_06,IFA,,54075,,5451676,"IFA Baltimore-Columbia-Towson, MD",0.0,no cell in the extract: territory at zero opportunity
ifa_southatl_merge,24925,ifa,WV,IFA,IFA_06,IFA,,54025,,5486812,"IFA Baltimore-Columbia-Towson, MD",0.0,no cell in the extract: territory at zero opportunity
ifa_southatl_merge,24927,ifa,WV,IFA,IFA_06,IFA,,54075,,5413684,"IFA Baltimore-Columbia-Towson, MD",0.0,no cell in the extract: territory at zero opportunity
ifa_southatl_merge,24931,ifa,WV,IFA,IFA_06,IFA,,54025,,,"IFA Baltimore-Columbia-Towson, MD",0.0,no cell in the extract: territory at zero opportunity
ifa_southatl_merge,24934,ifa,WV,IFA,IFA_06,IFA,,54075,,,"IFA Baltimore-Columbia-Towson, MD",0.0,no cell in the extract: territory at zero opportunity
ifa_southatl_merge,24935,ifa,WV,IFA,IFA_06,IFA,,54089,,,"IFA Baltimore-Columbia-Towson, MD",0.0,no cell in the extract: territory at zero opportunity
ifa_southatl_merge,24938,ifa,WV,IFA,IFA_06,IFA,,54025,,,"IFA Baltimore-Columbia-Towson, MD",0.0,no cell in the extract: territory at zero opportunity
ifa_southatl_merge,24941,ifa,WV,IFA,IFA_06,IFA,,54063,,,"IFA Baltimore-Columbia-Towson, MD",0.0,no cell in the extract: territory at zero opportunity
ifa_southatl_merge,24943,ifa,WV,IFA,IFA_06,IFA,,54025,,,"IFA Baltimore-Columbia-Towson, MD",0.0,no cell in the extract: territory at zero opportunity
ifa_southatl_merge,24944,ifa,WV,IFA,IFA_06,IFA,,54075,,5433124,"IFA Baltimore-Columbia-Towson, MD",0.0,no cell in the extract: territory at zero opportunity
ifa_southatl_merge,24945,ifa,WV,IFA,IFA_06,IFA,,54063,,,"IFA Baltimore-Columbia-Towson, MD",0.0,no cell in the extract: territory at zero opportunity
ifa_southatl_merge,24946,ifa,WV,IFA,IFA_06,IFA,,54075,,5437372,"IFA Baltimore-Columbia-Towson, MD",0.0,no cell in the extract: territory at zero opportunity
ifa_southatl_merge,24951,ifa,WV,IFA,IFA_06,IFA,,54063,,,"IFA Baltimore-Columbia-Towson, MD",0.0,no cell in the extract: territory at zero opportunity
ifa_southatl_merge,24954,ifa,WV,IFA,IFA_06,IFA,,54075,,5451676,"IFA Baltimore-Columbia-Towson, MD",0.0,no cell in the extract: territory at zero opportunity
ifa_southatl_merge,24957,ifa,WV,IFA,IFA_06,IFA,,54025,,,"IFA Baltimore-Columbia-Towson, MD",0.0,no cell in the extract: territory at zero opportunity
ifa_southatl_merge,24962,ifa,WV,IFA,IFA_06,IFA,,54089,,,"IFA Baltimore-Columbia-Towson, MD",0.0,no cell in the extract: territory at zero opportunity
ifa_southatl_merge,24963,ifa,WV,IFA,IFA_06,IFA,,54063,,5463052,"IFA Baltimore-Columbia-Towson, MD",0.0,no cell in the extract: territory at zero opportunity
ifa_southatl_merge,24966,ifa,WV,IFA,IFA_06,IFA,,54025,,5426692,"IFA Baltimore-Columbia-Towson, MD",0.0,no cell in the extract: territory at zero opportunity
ifa_southatl_merge,24970,ifa,WV,IFA,IFA_06,IFA,,54025,,5426428,"IFA Baltimore-Columbia-Towson, MD",0.0,no cell in the extract: territory at zero opportunity
ifa_southatl_merge,24974,ifa,WV,IFA,IFA_06,IFA,,54063,,,"IFA Baltimore-Columbia-Towson, MD",0.0,no cell in the extract: territory at zero opportunity
ifa_southatl_merge,24976,ifa,WV,IFA,IFA_06,IFA,,54063,,,"IFA Baltimore-Columbia-Towson, MD",0.0,no cell in the extract: territory at zero opportunity
ifa_southatl_merge,24977,ifa,WV,IFA,IFA_06,IFA,,54025,,,"IFA Baltimore-Columbia-Towson, MD",0.0,no cell in the extract: territory at zero opportunity
ifa_southatl_merge,24981,ifa,WV,IFA,IFA_06,IFA,,54089,,,"IFA Baltimore-Columbia-Towson, MD",0.0,no cell in the extract: territory at zero opportunity
ifa_southatl_merge,24983,ifa,WV,IFA,IFA_06,IFA,,54063,,5481940,"IFA Baltimore-Columbia-Towson, MD",0.0,no cell in the extract: territory at zero opportunity
ifa_southatl_merge,24984,ifa,WV,IFA,IFA_06,IFA,,54063,,,"IFA Baltimore-Columbia-Towson, MD",0.0,no cell in the extract: territory at zero opportunity
ifa_southatl_merge,24985,ifa,WV,IFA,IFA_06,IFA,,54063,,,"IFA Baltimore-Columbia-Towson, MD",0.0,no cell in the extract: territory at zero opportunity
ifa_southatl_merge,24986,ifa,WV,IFA,IFA_06,IFA,,54025,,5486812,"IFA Baltimore-Columbia-Towson, MD",0.0,no cell in the extract: territory at zero opportunity
ifa_southatl_merge,24991,ifa,WV,IFA,IFA_06,IFA,,54025,,,"IFA Baltimore-Columbia-Towson, MD",0.0,no cell in the extract: territory at zero opportunity
ifa_southatl_merge,24993,ifa,WV,IFA,IFA_06,IFA,,54063,,,"IFA Baltimore-Columbia-Towson, MD",0.0,no cell in the extract: territory at zero opportunity
ifa_southatl_merge,25002,ifa,WV,IFA,IFA_06,IFA,,54019,13220,5426812,"IFA Baltimore-Columbia-Towson, MD",0.0,no cell in the extract: territory at zero opportunity
ifa_southatl_merge,25003,ifa,WV,IFA,IFA_06,IFA,,54039,16620,5401396,"IFA Baltimore-Columbia-Towson, MD",0.0,no cell in the extract: territory at zero opportunity
ifa_southatl_merge,25005,ifa,WV,IFA,IFA_06,IFA,,54087,,,"IFA Baltimore-Columbia-Towson, MD",0.0,no cell in the extract: territory at zero opportunity
ifa_southatl_merge,25007,ifa,WV,IFA,IFA_06,IFA,,54081,13220,,"IFA Baltimore-Columbia-Towson, MD",0.0,no cell in the extract: territory at zero opportunity
ifa_southatl_merge,25008,ifa,WV,IFA,IFA_06,IFA,,54081,13220,,"IFA Baltimore-Columbia-Towson, MD",0.0,no cell in the extract: territory at zero opportunity
ifa_southatl_merge,25009,ifa,WV,IFA,IFA_06,IFA,,54005,16620,,"IFA Baltimore-Columbia-Towson, MD",0.0,no cell in the extract: territory at zero opportunity
ifa_southatl_merge,25011,ifa,WV,IFA,IFA_06,IFA,,54079,26580,5404204,"IFA Baltimore-Columbia-Towson, MD",0.0,no cell in the extract: territory at zero opportunity
ifa_southatl_merge,25015,ifa,WV,IFA,IFA_06,IFA,,54039,16620,5405836,"IFA Baltimore-Columbia-Towson, MD",0.0,no cell in the extract: territory at zero opportunity
ifa_southatl_merge,25019,ifa,WV,IFA,IFA_06,IFA,,54015,16620,,"IFA Baltimore-Columbia-Towson, MD",0.0,no cell in the extract: territory at zero opportunity
ifa_southatl_merge,25021,ifa,WV,IFA,IFA_06,IFA,,54005,16620,,"IFA Baltimore-Columbia-Towson, MD",0.0,no cell in the extract: territory at zero opportunity
ifa_southatl_merge,25022,ifa,WV,IFA,IFA_06,IFA,,54045,,,"IFA Baltimore-Columbia-Towson, MD",0.0,no cell in the extract: territory at zero opportunity
ifa_southatl_merge,25024,ifa,WV,IFA,IFA_06,IFA,,54005,16620,,"IFA Baltimore-Columbia-Towson, MD",0.0,no cell in the extract: territory at zero opportunity
ifa_southatl_merge,25025,ifa,WV,IFA,IFA_06,IFA,,54039,16620,,"IFA Baltimore-Columbia-Towson, MD",0.0,no cell in the extract: territory at zero opportunity
ifa_southatl_merge,25028,ifa,WV,IFA,IFA_06,IFA,,54005,16620,,"IFA Baltimore-Columbia-Towson, MD",0.0,no cell in the extract: territory at zero opportunity
ifa_southatl_merge,25030,ifa,WV,IFA,IFA_06,IFA,,54015,16620,,"IFA Baltimore-Columbia-Towson, MD",0.0,no cell in the extract: territory at zero opportunity
ifa_southatl_merge,25031,ifa,WV,IFA,IFA_06,IFA,,54019,13220,5409100,"IFA Baltimore-Columbia-Towson, MD",0.0,no cell in the extract: territory at zero opportunity
ifa_southatl_merge,25033,ifa,WV,IFA,IFA_06,IFA,,54079,26580,5411284,"IFA Baltimore-Columbia-Towson, MD",0.0,no cell in the extract: territory at zero opportunity
ifa_southatl_merge,25035,ifa,WV,IFA,IFA_06,IFA,,54039,16620,5414812,"IFA Baltimore-Columbia-Towson, MD",0.0,no cell in the extract: territory at zero opportunity
ifa_southatl_merge,25036,ifa,WV,IFA,IFA_06,IFA,,54019,13220,5474740,"IFA Baltimore-Columbia-Towson, MD",0.0,no cell in the extract: territory at zero opportunity
ifa_southatl_merge,25039,ifa,WV,IFA,IFA_06,IFA,,54039,16620,5413924,"IFA Baltimore-Columbia-Towson, MD",0.0,no cell in the extract: territory at zero opportunity
ifa_southatl_merge,25040,ifa,WV,IFA,IFA_06,IFA,,54019,13220,5414630,"IFA Baltimore-Columbia-Towson, MD",0.0,no cell in the extract: territory at zero opportunity
ifa_southatl_merge,25043,ifa,WV,IFA,IFA_06,IFA,,54015,16620,5415676,"IFA Baltimore-Columbia-Towson, MD",0.0,no cell in the extract: territory at zero opportunity
ifa_southatl_merge,25044,ifa,WV,IFA,IFA_06,IFA,,54081,13220,,"IFA Baltimore-Columbia-Towson, MD",0.0,no cell in the extract: territory at zero opportunity
ifa_southatl_merge,25045,ifa,WV,IFA,IFA_06,IFA,,54039,16620,5416012,"IFA Baltimore-Columbia-Towson, MD",0.0,no cell in the extract: territory at zero opportunity
ifa_southatl_merge,25047,ifa,WV,IFA,IFA_06,IFA,,54005,16620,,"IFA Baltimore-Columbia-Towson, MD",0.0,no cell in the extract: territory at zero opportunity
ifa_southatl_merge,25048,ifa,WV,IFA,IFA_06,IFA,,54081,13220,5421964,"IFA Baltimore-Columbia-Towson, MD",0.0,no cell in the extract: territory at zero opportunity
ifa_southatl_merge,25049,ifa,WV,IFA,IFA_06,IFA,,54005,16620,5417380,"IFA Baltimore-Columbia-Towson, MD",0.0,no cell in the extract: territory at zero opportunity
ifa_southatl_merge,25051,ifa,WV,IFA,IFA_06,IFA,,54005,16620,,"IFA Baltimore-Columbia-Towson, MD",0.0,no cell in the extract: territory at zero opportunity
ifa_southatl_merge,25053,ifa,WV,IFA,IFA_06,IFA,,54005,16620,5450524,"IFA Baltimore-Columbia-Towson, MD",0.0,no cell in the extract: territory at zero opportunity
ifa_southatl_merge,25054,ifa,WV,IFA,IFA_06,IFA,,54039,16620,,"IFA Baltimore-Columbia-Towson, MD",0.0,no cell in the extract: territory at zero opportunity
ifa_southatl_merge,25057,ifa,WV,IFA,IFA_06,IFA,,54019,13220,5420764,"IFA Baltimore-Columbia-Towson, MD",0.0,no cell in the extract: territory at zero opportunity
ifa_southatl_merge,25059,ifa,WV,IFA,IFA_06,IFA,,54019,13220,5421628,"IFA Baltimore-Columbia-Towson, MD",0.0,no cell in the extract: territory at zero opportunity
ifa_southatl_merge,25060,ifa,WV,IFA,IFA_06,IFA,,54081,13220,5421964,"IFA Baltimore-Columbia-Towson, MD",0.0,no cell in the extract: territory at zero opportunity
ifa_southatl_merge,25061,ifa,WV,IFA,IFA_06,IFA,,54039,16620,,"IFA Baltimore-Columbia-Towson, MD",0.0,no cell in the extract: territory at zero opportunity
ifa_southatl_merge,25062,ifa,WV,IFA,IFA_06,IFA,,54081,13220,,"IFA Baltimore-Columbia-Towson, MD",0.0,no cell in the extract: territory at zero opportunity
ifa_southatl_merge,25063,ifa,WV,IFA,IFA_06,IFA,,54007,,,"IFA Baltimore-Columbia-Towson, MD",0.0,no cell in the extract: territory at zero opportunity
ifa_southatl_merge,25064,ifa,WV,IFA,IFA_06,IFA,,54039,16620,5422564,"IFA Baltimore-Columbia-Towson, MD",0.0,no cell in the extract: territory at zero opportunity
ifa_southatl_merge,25067,ifa,WV,IFA,IFA_06,IFA,,54039,16620,5423092,"IFA Baltimore-Columbia-Towson, MD",0.0,no cell in the extract: territory at zero opportunity
ifa_southatl_merge,25070,ifa,WV,IFA,IFA_06,IFA,,54079,26580,5424292,"IFA Baltimore-Columbia-Towson, MD",0.0,no cell in the extract: territory at zero opportunity
ifa_southatl_merge,25071,ifa,WV,IFA,IFA_06,IFA,,54039,16620,5463772,"IFA Baltimore-Columbia-Towson, MD",0.0,no cell in the extract: territory at zero opportunity
ifa_southatl_merge,25075,ifa,WV,IFA,IFA_06,IFA,,54039,16620,5425732,"IFA Baltimore-Columbia-Towson, MD",0.0,no cell in the extract: territory at zero opportunity
ifa_southatl_merge,25076,ifa,WV,IFA,IFA_06,IFA,,54045,,,"IFA Baltimore-Columbia-Towson, MD",0.0,no cell in the extract: territory at zero opportunity
ifa_southatl_merge,25081,ifa,WV,IFA,IFA_06,IFA,,54005,16620,5450524,"IFA Baltimore-Columbia-Towson, MD",0.0,no cell in the extract: territory at zero opportunity
ifa_southatl_merge,25082,ifa,WV,IFA,IFA_06,IFA,,54079,26580,,"IFA Baltimore-Columbia-Towson, MD",0.0,no cell in the extract: territory at zero opportunity
ifa_southatl_merge,25083,ifa,WV,IFA,IFA_06,IFA,,54039,16620,,"IFA Baltimore-Columbia-Towson, MD",0.0,no cell in the extract: territory at zero opportunity
ifa_southatl_merge,25085,ifa,WV,IFA,IFA_06,IFA,,54019,13220,5430364,"IFA Baltimore-Columbia-Towson, MD",0.0,no cell in the extract: territory at zero opportunity
ifa_southatl_merge,25086,ifa,WV,IFA,IFA_06,IFA,,54039,16620,5431324,"IFA Baltimore-Columbia-Towson, MD",0.0,no cell in the extract: territory at zero opportunity
ifa_southatl_merge,25088,ifa,WV,IFA,IFA_06,IFA,,54015,16620,,"IFA Baltimore-Columbia-Towson, MD",0.0,no cell in the extract: territory at zero opportunity
ifa_southatl_merge,25090,ifa,WV,IFA,IFA_06,IFA,,54019,13220,5431732,"IFA Baltimore-Columbia-Towson, MD",0.0,no cell in the extract: territory at zero opportunity
ifa_southatl_merge,25093,ifa,WV,IFA,IFA_06,IFA,,54005,16620,,"IFA Baltimore-Columbia-Towson, MD",0.0,no cell in the extract: territory at zero opportunity
ifa_southatl_merge,25102,ifa,WV,IFA,IFA_06,IFA,,54039,16620,5434756,"IFA Baltimore-Columbia-Towson, MD",0.0,no cell in the extract: territory at zero opportunity
ifa_southatl_merge,25103,ifa,WV,IFA,IFA_06,IFA,,54039,16620,5438092,"IFA Baltimore-Columbia-Towson, MD",0.0,no cell in the extract: territory at zero opportunity
ifa_southatl_merge,25106,ifa,WV,IFA,IFA_06,IFA,,54053,,5436436,"IFA Baltimore-Columbia-Towson, MD",0.0,no cell in the extract: territory at zero opportunity
ifa_southatl_merge,25107,ifa,WV,IFA,IFA_06,IFA,,54039,16620,,"IFA Baltimore-Columbia-Towson, MD",0.0,no cell in the extract: territory at zero opportunity
ifa_southatl_merge,25108,ifa,WV,IFA,IFA_06,IFA,,54005,16620,,"IFA Baltimore-Columbia-Towson, MD",0.0,no cell in the extract: territory at zero opportunity
ifa_southatl_merge,25109,ifa,WV,IFA,IFA_06,IFA,,54079,26580,5438260,"IFA Baltimore-Columbia-Towson, MD",0.0,no cell in the extract: territory at zero opportunity
ifa_southatl_merge,25110,ifa,WV,IFA,IFA_06,IFA,,54039,16620,5455468,"IFA Baltimore-Columbia-Towson, MD",0.0,no cell in the extract: territory at zero opportunity
ifa_southatl_merge,25111,ifa,WV,IFA,IFA_06,IFA,,54015,16620,,"IFA Baltimore-Columbia-Towson, MD",0.0,no cell in the extract: territory at zero opportunity
ifa_southatl_merge,25112,ifa,WV,IFA,IFA_06,IFA,,54039,16620,5440156,"IFA Baltimore-Columbia-Towson, MD",0.0,no cell in the extract: territory at zero opportunity
ifa_southatl_merge,25113,ifa,WV,IFA,IFA_06,IFA,,54015,16620,,"IFA Baltimore-Columbia-Towson, MD",0.0,no cell in the extract: territory at zero opportunity
ifa_southatl_merge,25114,ifa,WV,IFA,IFA_06,IFA,,54005,16620,5433580,"IFA Baltimore-Columbia-Towson, MD",0.0,no cell in the extract: territory at zero opportunity
ifa_southatl_merge,25115,ifa,WV,IFA,IFA_06,IFA,,54019,13220,,"IFA Baltimore-Columbia-Towson, MD",0.0,no cell in the extract: territory at zero opportunity
ifa_southatl_merge,25118,ifa,WV,IFA,IFA_06,IFA,,54019,13220,5465284,"IFA Baltimore-Columbia-Towson, MD",0.0,no cell in the extract: territory at zero opportunity
ifa_southatl_merge,25119,ifa,WV,IFA,IFA_06,IFA,,54019,13220,5443852,"IFA Baltimore-Columbia-Towson, MD",0.0,no cell in the extract: territory at zero opportunity
ifa_southatl_merge,25121,ifa,WV,IFA,IFA_06,IFA,,54045,,,"IFA Baltimore-Columbia-Towson, MD",0.0,no cell in the extract: territory at zero opportunity
ifa_southatl_merge,25123,ifa,WV,IFA,IFA_06,IFA,,54053,,5446300,"IFA Baltimore-Columbia-Towson, MD",0.0,no cell in the extract: territory at zero opportunity
ifa_southatl_merge,25124,ifa,WV,IFA,IFA_06,IFA,,54079,26580,,"IFA Baltimore-Columbia-Towson, MD",0.0,no cell in the extract: territory at zero opportunity
ifa_southatl_merge,25125,ifa,WV,IFA,IFA_06,IFA,,54015,16620,,"IFA Baltimore-Columbia-Towson, MD",0.0,no cell in the extract: territory at zero opportunity
ifa_southatl_merge,25126,ifa,WV,IFA,IFA_06,IFA,,54039,16620,5455468,"IFA Baltimore-Columbia-Towson, MD",0.0,no cell in the extract: territory at zero opportunity
ifa_southatl_merge,25130,ifa,WV,IFA,IFA_06,IFA,,54005,16620,5450524,"IFA Baltimore-Columbia-Towson, MD",0.0,no cell in the extract: territory at zero opportunity
ifa_southatl_merge,25132,ifa,WV,IFA,IFA_06,IFA,,54039,16620,,"IFA Baltimore-Columbia-Towson, MD",0.0,no cell in the extract: territory at zero opportunity
ifa_southatl_merge,25133,ifa,WV,IFA,IFA_06,IFA,,54015,16620,5415676,"IFA Baltimore-Columbia-Towson, MD",0.0,no cell in the extract: territory at zero opportunity
ifa_southatl_merge,25134,ifa,WV,IFA,IFA_06,IFA,,54039,16620,,"IFA Baltimore-Columbia-Towson, MD",0.0,no cell in the extract: territory at zero opportunity
ifa_southatl_merge,25136,ifa,WV,IFA,IFA_06,IFA,,54019,13220,5455468,"IFA Baltimore-Columbia-Towson, MD",0.0,no cell in the extract: territory at zero opportunity
ifa_southatl_merge,25139,ifa,WV,IFA,IFA_06,IFA,,54019,13220,5443828,"IFA Baltimore-Columbia-Towson, MD",0.0,no cell in the extract: territory at zero opportunity
ifa_southatl_merge,25140,ifa,WV,IFA,IFA_06,IFA,,54081,13220,,"IFA Baltimore-Columbia-Towson, MD",0.0,no cell in the extract: territory at zero opportunity
ifa_southatl_merge,25141,ifa,WV,IFA,IFA_06,IFA,,54015,16620,,"IFA Baltimore-Columbia-Towson, MD",0.0,no cell in the extract: territory at zero opportunity
ifa_southatl_merge,25142,ifa,WV,IFA,IFA_06,IFA,,54005,16620,,"IFA Baltimore-Columbia-Towson, MD",0.0,no cell in the extract: territory at zero opportunity
ifa_southatl_merge,25143,ifa,WV,IFA,IFA_06,IFA,,54039,16620,5459068,"IFA Baltimore-Columbia-Towson, MD",0.047727,
ifa_southatl_merge,25148,ifa,WV,IFA,IFA_06,IFA,,54005,16620,,"IFA Baltimore-Columbia-Towson, MD",0.0,no cell in the extract: territory at zero opportunity
ifa_southatl_merge,25149,ifa,WV,IFA,IFA_06,IFA,,54005,16620,,"IFA Baltimore-Columbia-Towson, MD",0.0,no cell in the extract: territory at zero opportunity
ifa_southatl_merge,25152,ifa,WV,IFA,IFA_06,IFA,,54019,13220,5461660,"IFA Baltimore-Columbia-Towson, MD",0.0,no cell in the extract: territory at zero opportunity
ifa_southatl_merge,25154,ifa,WV,IFA,IFA_06,IFA,,54005,16620,,"IFA Baltimore-Columbia-Towson, MD",0.0,no cell in the extract: territory at zero opportunity
ifa_southatl_merge,25156,ifa,WV,IFA,IFA_06,IFA,,54039,16620,5463772,"IFA Baltimore-Columbia-Towson, MD",0.0,no cell in the extract: territory at zero opportunity
ifa_southatl_merge,25159,ifa,WV,IFA,IFA_06,IFA,,54079,26580,5464516,"IFA Baltimore-Columbia-Towson, MD",0.0,no cell in the extract: territory at zero opportunity
ifa_southatl_merge,25160,ifa,WV,IFA,IFA_06,IFA,,54039,16620,,"IFA Baltimore-Columbia-Towson, MD",0.0,no cell in the extract: territory at zero opportunity
ifa_southatl_merge,25161,ifa,WV,IFA,IFA_06,IFA,,54019,13220,5465284,"IFA Baltimore-Columbia-Towson, MD",0.0,no cell in the extract: territory at zero opportunity
ifa_southatl_merge,25162,ifa,WV,IFA,IFA_06,IFA,,54039,16620,5465356,"IFA Baltimore-Columbia-Towson, MD",0.0,no cell in the extract: territory at zero opportunity
ifa_southatl_merge,25164,ifa,WV,IFA,IFA_06,IFA,,54015,16620,,"IFA Baltimore-Columbia-Towson, MD",0.0,no cell in the extract: territory at zero opportunity
ifa_southatl_merge,25165,ifa,WV,IFA,IFA_06,IFA,,54005,16620,5466484,"IFA Baltimore-Columbia-Towson, MD",0.0,no cell in the extract: territory at zero opportunity
ifa_southatl_merge,25168,ifa,WV,IFA,IFA_06,IFA,,54079,26580,5438260,"IFA Baltimore-Columbia-Towson, MD",0.0,no cell in the extract: territory at zero opportunity
ifa_southatl_merge,25169,ifa,WV,IFA,IFA_06,IFA,,54005,16620,,"IFA Baltimore-Columbia-Towson, MD",0.0,no cell in the extract: territory at zero opportunity
ifa_southatl_merge,25173,ifa,WV,IFA,IFA_06,IFA,,54019,13220,5405068,"IFA Baltimore-Columbia-Towson, MD",0.0,no cell in the extract: territory at zero opportunity
ifa_southatl_merge,25174,ifa,WV,IFA,IFA_06,IFA,,54081,13220,,"IFA Baltimore-Columbia-Towson, MD",0.0,no cell in the extract: territory at zero opportunity
ifa_southatl_merge,25177,ifa,WV,IFA,IFA_06,IFA,,54039,16620,5471212,"IFA Baltimore-Columbia-Towson, MD",0.0,no cell in the extract: territory at zero opportunity
ifa_southatl_merge,25180,ifa,WV,IFA,IFA_06,IFA,,54081,13220,,"IFA Baltimore-Columbia-Towson, MD",0.0,no cell in the extract: territory at zero opportunity
ifa_southatl_merge,25181,ifa,WV,IFA,IFA_06,IFA,,54005,16620,,"IFA Baltimore-Columbia-Towson, MD",0.0,no cell in the extract: territory at zero opportunity
ifa_southatl_merge,25183,ifa,WV,IFA,IFA_06,IFA,,54045,,,"IFA Baltimore-Columbia-Towson, MD",0.0,no cell in the extract: territory at zero opportunity
ifa_southatl_merge,25185,ifa,WV,IFA,IFA_06,IFA,,54019,13220,,"IFA Baltimore-Columbia-Towson, MD",0.0,no cell in the extract: territory at zero opportunity
ifa_southatl_merge,25186,ifa,WV,IFA,IFA_06,IFA,,54019,13220,5474740,"IFA Baltimore-Columbia-Towson, MD",0.0,no cell in the extract: territory at zero opportunity
ifa_southatl_merge,25187,ifa,WV,IFA,IFA_06,IFA,,54053,,,"IFA Baltimore-Columbia-Towson, MD",0.0,no cell in the extract: territory at zero opportunity
ifa_southatl_merge,25193,ifa,WV,IFA,IFA_06,IFA,,54005,16620,5478964,"IFA Baltimore-Columbia-Towson, MD",0.0,no cell in the extract: territory at zero opportunity
ifa_southatl_merge,25201,ifa,WV,IFA,IFA_06,IFA,,54039,16620,,"IFA Baltimore-Columbia-Towson, MD",0.0,no cell in the extract: territory at zero opportunity
ifa_southatl_merge,25202,ifa,WV,IFA,IFA_06,IFA,,54039,16620,5401396,"IFA Baltimore-Columbia-Towson, MD",0.0,no cell in the extract: territory at zero opportunity
ifa_southatl_merge,25203,ifa,WV,IFA,IFA_06,IFA,,54005,16620,,"IFA Baltimore-Columbia-Towson, MD",0.0,no cell in the extract: territory at zero opportunity
ifa_southatl_merge,25204,ifa,WV,IFA,IFA_06,IFA,,54005,16620,5481484,"IFA Baltimore-Columbia-Towson, MD",0.0,no cell in the extract: territory at zero opportunity
ifa_southatl_merge,25205,ifa,WV,IFA,IFA_06,IFA,,54005,16620,5450524,"IFA Baltimore-Columbia-Towson, MD",0.0,no cell in the extract: territory at zero opportunity
ifa_southatl_merge,25206,ifa,WV,IFA,IFA_06,IFA,,54005,16620,5482852,"IFA Baltimore-Columbia-Towson, MD",0.0,no cell in the extract: territory at zero opportunity
ifa_southatl_merge,25208,ifa,WV,IFA,IFA_06,IFA,,54005,16620,,"IFA Baltimore-Columbia-Towson, MD",0.0,no cell in the extract: territory at zero opportunity
ifa_southatl_merge,25209,ifa,WV,IFA,IFA_06,IFA,,54005,16620,5486836,"IFA Baltimore-Columbia-Towson, MD",0.0,no cell in the extract: territory at zero opportunity
ifa_southatl_merge,25211,ifa,WV,IFA,IFA_06,IFA,,54015,16620,,"IFA Baltimore-Columbia-Towson, MD",0.0,no cell in the extract: territory at zero opportunity
ifa_southatl_merge,25213,ifa,WV,IFA,IFA_06,IFA,,54079,26580,5487988,"IFA Baltimore-Columbia-Towson, MD",0.0,no cell in the extract: territory at zero opportunity
ifa_southatl_merge,25214,ifa,WV,IFA,IFA_06,IFA,,54039,16620,5415028,"IFA Baltimore-Columbia-Towson, MD",0.0,no cell in the extract: territory at zero opportunity
ifa_southatl_merge,25231,ifa,WV,IFA,IFA_06,IFA,,54035,,,"IFA Baltimore-Columbia-Towson, MD",0.0,no cell in the extract: territory at zero opportunity
ifa_southatl_merge,25234,ifa,WV,IFA,IFA_06,IFA,,54013,,,"IFA Baltimore-Columbia-Towson, MD",0.0,no cell in the extract: territory at zero opportunity
ifa_southatl_merge,25235,ifa,WV,IFA,IFA_06,IFA,,54013,,,"IFA Baltimore-Columbia-Towson, MD",0.0,no cell in the extract: territory at zero opportunity
ifa_southatl_merge,25239,ifa,WV,IFA,IFA_06,IFA,,54035,,5418124,"IFA Baltimore-Columbia-Towson, MD",0.0,no cell in the extract: territory at zero opportunity
ifa_southatl_merge,25241,ifa,WV,IFA,IFA_06,IFA,,54035,,,"IFA Baltimore-Columbia-Towson, MD",0.0,no cell in the extract: territory at zero opportunity
ifa_southatl_merge,25243,ifa,WV,IFA,IFA_06,IFA,,54087,,,"IFA Baltimore-Columbia-Towson, MD",0.0,no cell in the extract: territory at zero opportunity
ifa_southatl_merge,25244,ifa,WV,IFA,IFA_06,IFA,,54035,,,"IFA Baltimore-Columbia-Towson, MD",0.0,no cell in the extract: territory at zero opportunity
ifa_southatl_merge,25245,ifa,WV,IFA,IFA_06,IFA,,54035,,,"IFA Baltimore-Columbia-Towson, MD",0.0,no cell in the extract: territory at zero opportunity
ifa_southatl_merge,25247,ifa,WV,IFA,IFA_06,IFA,,54053,,5435500,"IFA Baltimore-Columbia-Towson, MD",0.0,no cell in the extract: territory at zero opportunity
ifa_southatl_merge,25248,ifa,WV,IFA,IFA_06,IFA,,54035,,,"IFA Baltimore-Columbia-Towson, MD",0.0,no cell in the extract: territory at zero opportunity
ifa_southatl_merge,25251,ifa,WV,IFA,IFA_06,IFA,,54087,,,"IFA Baltimore-Columbia-Towson, MD",0.0,no cell in the extract: territory at zero opportunity
ifa_southatl_merge,25252,ifa,WV,IFA,IFA_06,IFA,,54035,,,"IFA Baltimore-Columbia-Towson, MD",0.0,no cell in the extract: territory at zero opportunity
ifa_southatl_merge,25253,ifa,WV,IFA,IFA_06,IFA,,54053,,5435500,"IFA Baltimore-Columbia-Towson, MD",0.0,no cell in the extract: territory at zero opportunity
ifa_southatl_merge,25259,ifa,WV,IFA,IFA_06,IFA,,54087,,,"IFA Baltimore-Columbia-Towson, MD",0.0,no cell in the extract: territory at zero opportunity
ifa_southatl_merge,25260,ifa,WV,IFA,IFA_06,IFA,,54053,,5452180,"IFA Baltimore-Columbia-Towson, MD",0.0,no cell in the extract: territory at zero opportunity
ifa_southatl_merge,25261,ifa,WV,IFA,IFA_06,IFA,,54013,,,"IFA Baltimore-Columbia-Towson, MD",0.0,no cell in the extract: territory at zero opportunity
ifa_southatl_merge,25262,ifa,WV,IFA,IFA_06,IFA,,54035,,,"IFA Baltimore-Columbia-Towson, MD",0.0,no cell in the extract: territory at zero opportunity
ifa_southatl_merge,25264,ifa,WV,IFA,IFA_06,IFA,,54053,,,"IFA Baltimore-Columbia-Towson, MD",0.0,no cell in the extract: territory at zero opportunity
ifa_southatl_merge,25265,ifa,WV,IFA,IFA_06,IFA,,54053,,5458564,"IFA Baltimore-Columbia-Towson, MD",0.0,no cell in the extract: territory at zero opportunity
ifa_southatl_merge,25266,ifa,WV,IFA,IFA_06,IFA,,54087,,,"IFA Baltimore-Columbia-Towson, MD",0.0,no cell in the extract: territory at zero opportunity
ifa_southatl_merge,25267,ifa,WV,IFA,IFA_06,IFA,,54021,,,"IFA Baltimore-Columbia-Towson, MD",0.0,no cell in the extract: territory at zero opportunity
ifa_southatl_merge,25268,ifa,WV,IFA,IFA_06,IFA,,54013,,,"IFA Baltimore-Columbia-Towson, MD",0.0,no cell in the extract: territory at zero opportunity
ifa_southatl_merge,25270,ifa,WV,IFA,IFA_06,IFA,,54087,,5467660,"IFA Baltimore-Columbia-Towson, MD",0.0,no cell in the extract: territory at zero opportunity
ifa_southatl_merge,25271,ifa,WV,IFA,IFA_06,IFA,,54035,,5468596,"IFA Baltimore-Columbia-Towson, MD",0.0,no cell in the extract: territory at zero opportunity
ifa_southatl_merge,25275,ifa,WV,IFA,IFA_06,IFA,,54035,,,"IFA Baltimore-Columbia-Towson, MD",0.0,no cell in the extract: territory at zero opportunity
ifa_southatl_merge,25276,ifa,WV,IFA,IFA_06,IFA,,54087,,5475820,"IFA Baltimore-Columbia-Towson, MD",0.0,no cell in the extract: territory at zero opportunity
ifa_southatl_merge,25285,ifa,WV,IFA,IFA_06,IFA,,54015,16620,,"IFA Baltimore-Columbia-Towson, MD",0.0,no cell in the extract: territory at zero opportunity
ifa_southatl_merge,25286,ifa,WV,IFA,IFA_06,IFA,,54087,,,"IFA Baltimore-Columbia-Towson, MD",0.0,no cell in the extract: territory at zero opportunity
ifa_southatl_merge,25287,ifa,WV,IFA,IFA_06,IFA,,54053,,5435500,"IFA Baltimore-Columbia-Towson, MD",0.0,no cell in the extract: territory at zero opportunity
ifa_southatl_merge,25301,ifa,WV,IFA,IFA_06,IFA,,54039,16620,5414600,"IFA Baltimore-Columbia-Towson, MD",0.929694,
ifa_southatl_merge,25302,ifa,WV,IFA,IFA_06,IFA,,54039,16620,5414600,"IFA Baltimore-Columbia-Towson, MD",0.0,no cell in the extract: territory at zero opportunity
ifa_southatl_merge,25303,ifa,WV,IFA,IFA_06,IFA,,54039,16620,5475292,"IFA Baltimore-Columbia-Towson, MD",0.340247,
ifa_southatl_merge,25304,ifa,WV,IFA,IFA_06,IFA,,54039,16620,5414600,"IFA Baltimore-Columbia-Towson, MD",0.0,no cell in the extract: territory at zero opportunity
ifa_southatl_merge,25305,ifa,WV,IFA,IFA_06,IFA,,54039,16620,5414600,"IFA Baltimore-Columbia-Towson, MD",0.0,no cell in the extract: territory at zero opportunity
ifa_southatl_merge,25306,ifa,WV,IFA,IFA_06,IFA,,54039,16620,5416612,"IFA Baltimore-Columbia-Towson, MD",0.0,no cell in the extract: territory at zero opportunity
ifa_southatl_merge,25309,ifa,WV,IFA,IFA_06,IFA,,54039,16620,5475292,"IFA Baltimore-Columbia-Towson, MD",0.0,no cell in the extract: territory at zero opportunity
ifa_southatl_merge,25311,ifa,WV,IFA,IFA_06,IFA,,54039,16620,5414600,"IFA Baltimore-Columbia-Towson, MD",0.288177,
ifa_southatl_merge,25312,ifa,WV,IFA,IFA_06,IFA,,54039,16620,5474356,"IFA Baltimore-Columbia-Towson, MD",0.0,no cell in the extract: territory at zero opportunity
ifa_southatl_merge,25313,ifa,WV,IFA,IFA_06,IFA,,54039,16620,5419108,"IFA Baltimore-Columbia-Towson, MD",0.0,no cell in the extract: territory at zero opportunity
ifa_southatl_merge,25314,ifa,WV,IFA,IFA_06,IFA,,54039,16620,5414600,"IFA Baltimore-Columbia-Towson, MD",0.0,no cell in the extract: territory at zero opportunity
ifa_southatl_merge,25315,ifa,WV,IFA,IFA_06,IFA,,54039,16620,5451724,"IFA Baltimore-Columbia-Towson, MD",0.0199525,
ifa_southatl_merge,25320,ifa,WV,IFA,IFA_06,IFA,,54039,16620,5474356,"IFA Baltimore-Columbia-Towson, MD",0.0,no cell in the extract: territory at zero opportunity
ifa_southatl_merge,25387,ifa,WV,IFA,IFA_06,IFA,,54039,16620,5414600,"IFA Baltimore-Columbia-Towson, MD",0.0,no cell in the extract: territory at zero opportunity
ifa_southatl_merge,25401,ifa,WV,IFA,IFA_06,IFA,,54003,25180,5452060,"IFA Baltimore-Columbia-Towson, MD",2.29518,
ifa_southatl_merge,25403,ifa,WV,IFA,IFA_06,IFA,,54003,25180,5452060,"IFA Baltimore-Columbia-Towson, MD",4.85334,
ifa_southatl_merge,25404,ifa,WV,IFA,IFA_06,IFA,,54003,25180,5452060,"IFA Baltimore-Columbia-Towson, MD",0.123839,
ifa_southatl_merge,25405,ifa,WV,IFA,IFA_06,IFA,,54003,25180,5452060,"IFA Baltimore-Columbia-Towson, MD",0.0,no cell in the extract: territory at zero opportunity
ifa_southatl_merge,25411,ifa,WV,IFA,IFA_06,IFA,,54065,25180,5404876,"IFA Baltimore-Columbia-Towson, MD",0.125681,
ifa_southatl_merge,25413,ifa,WV,IFA,IFA_06,IFA,,54003,25180,5440204,"IFA Baltimore-Columbia-Towson, MD",0.0,no cell in the extract: territory at zero opportunity
ifa_southatl_merge,25414,ifa,WV,IFA,IFA_06,IFA,,54037,47900,5414610,"IFA Baltimore-Columbia-Towson, MD",0.0,no cell in the extract: territory at zero opportunity
ifa_southatl_merge,25419,ifa,WV,IFA,IFA_06,IFA,,54003,25180,5426716,"IFA Baltimore-Columbia-Towson, MD",0.0,no cell in the extract: territory at zero opportunity
ifa_southatl_merge,25420,ifa,WV,IFA,IFA_06,IFA,,54003,25180,5440204,"IFA Baltimore-Columbia-Towson, MD",0.0,no cell in the extract: territory at zero opportunity
ifa_southatl_merge,25421,ifa,WV,IFA,IFA_06,IFA,,54003,25180,,"IFA Baltimore-Columbia-Towson, MD",0.0,no cell in the extract: territory at zero opportunity
ifa_southatl_merge,25422,ifa,WV,IFA,IFA_06,IFA,,54065,25180,5433100,"IFA Baltimore-Columbia-Towson, MD",0.0,no cell in the extract: territory at zero opportunity
ifa_southatl_merge,25425,ifa,WV,IFA,IFA_06,IFA,,54037,47900,5473252,"IFA Baltimore-Columbia-Towson, MD",0.0,no cell in the extract: territory at zero opportunity
ifa_southatl_merge,25427,ifa,WV,IFA,IFA_06,IFA,,54003,25180,5436220,"IFA Baltimore-Columbia-Towson, MD",0.0,no cell in the extract: territory at zero opportunity
ifa_southatl_merge,25428,ifa,WV,IFA,IFA_06,IFA,,54003,25180,5440204,"IFA Baltimore-Columbia-Towson, MD",0.0,no cell in the extract: territory at zero opportunity
ifa_southatl_merge,25430,ifa,WV,IFA,IFA_06,IFA,,54037,47900,5466988,"IFA Baltimore-Columbia-Towson, MD",0.0,no cell in the extract: territory at zero opportunity
ifa_southatl_merge,25431,ifa,WV,IFA,IFA_06,IFA,,54027,49020,,"IFA Baltimore-Columbia-Towson, MD",0.0,no cell in the extract: territory at zero opportunity
ifa_southatl_merge,25432,ifa,WV,IFA,IFA_06,IFA,,54037,47900,,"IFA Baltimore-Columbia-Towson, MD",0.0,no cell in the extract: territory at zero opportunity
ifa_southatl_merge,25434,ifa,WV,IFA,IFA_06,IFA,,54027,49020,5462332,"IFA Baltimore-Columbia-Towson, MD",0.0,no cell in the extract: territory at zero opportunity
ifa_southatl_merge,25437,ifa,WV,IFA,IFA_06,IFA,,54027,49020,,"IFA Baltimore-Columbia-Towson, MD",0.0,no cell in the extract: territory at zero opportunity
ifa_southatl_merge,25438,ifa,WV,IFA,IFA_06,IFA,,54037,47900,5466988,"IFA Baltimore-Columbia-Towson, MD",0.0,no cell in the extract: territory at zero opportunity
ifa_southatl_merge,25442,ifa,WV,IFA,IFA_06,IFA,,54037,47900,5473444,"IFA Baltimore-Columbia-Towson, MD",0.0,no cell in the extract: territory at zero opportunity
ifa_southatl_merge,25443,ifa,WV,IFA,IFA_06,IFA,,54037,47900,5473468,"IFA Baltimore-Columbia-Towson, MD",0.0,no cell in the extract: territory at zero opportunity
ifa_southatl_merge,25444,ifa,WV,IFA,IFA_06,IFA,,54027,49020,,"IFA Baltimore-Columbia-Towson, MD",0.0,no cell in the extract: territory at zero opportunity
ifa_southatl_merge,25446,ifa,WV,IFA,IFA_06,IFA,,54037,47900,,"IFA Baltimore-Columbia-Towson, MD",0.0,no cell in the extract: territory at zero opportunity
ifa_southatl_merge,25501,ifa,WV,IFA,IFA_06,IFA,,54043,,,"IFA Baltimore-Columbia-Towson, MD",0.0,no cell in the extract: territory at zero opportunity
ifa_southatl_merge,25502,ifa,WV,IFA,IFA_06,IFA,,54053,,5402188,"IFA Baltimore-Columbia-Towson, MD",0.0,no cell in the extract: territory at zero opportunity
ifa_southatl_merge,25503,ifa,WV,IFA,IFA_06,IFA,,54053,,,"IFA Baltimore-Columbia-Towson, MD",0.0,no cell in the extract: territory at zero opportunity
ifa_southatl_merge,25504,ifa,WV,IFA,IFA_06,IFA,,54011,26580,5404276,"IFA Baltimore-Columbia-Towson, MD",2.87562,
ifa_southatl_merge,25505,ifa,WV,IFA,IFA_06,IFA,,54043,,5407228,"IFA Baltimore-Columbia-Towson, MD",0.0,no cell in the extract: territory at zero opportunity
ifa_southatl_merge,25506,ifa,WV,IFA,IFA_06,IFA,,54043,,5485804,"IFA Baltimore-Columbia-Towson, MD",0.0,no cell in the extract: territory at zero opportunity
ifa_southatl_merge,25507,ifa,WV,IFA,IFA_06,IFA,,54099,26580,5414308,"IFA Baltimore-Columbia-Towson, MD",0.0,no cell in the extract: territory at zero opportunity
ifa_southatl_merge,25508,ifa,WV,IFA,IFA_06,IFA,,54045,,5414524,"IFA Baltimore-Columbia-Towson, MD",0.139935,
ifa_southatl_merge,25510,ifa,WV,IFA,IFA_06,IFA,,54011,26580,5419516,"IFA Baltimore-Columbia-Towson, MD",0.0,no cell in the extract: territory at zero opportunity
ifa_southatl_merge,25511,ifa,WV,IFA,IFA_06,IFA,,54099,26580,,"IFA Baltimore-Columbia-Towson, MD",0.0,no cell in the extract: territory at zero opportunity
ifa_southatl_merge,25512,ifa,WV,IFA,IFA_06,IFA,,54099,26580,,"IFA Baltimore-Columbia-Towson, MD",0.0,no cell in the extract: territory at zero opportunity
ifa_southatl_merge,25514,ifa,WV,IFA,IFA_06,IFA,,54099,26580,5428516,"IFA Baltimore-Columbia-Towson, MD",0.0,no cell in the extract: territory at zero opportunity
ifa_southatl_merge,25515,ifa,WV,IFA,IFA_06,IFA,,54053,,5429716,"IFA Baltimore-Columbia-Towson, MD",0.0,no cell in the extract: territory at zero opportunity
ifa_southatl_merge,25517,ifa,WV,IFA,IFA_06,IFA,,54099,26580,,"IFA Baltimore-Columbia-Towson, MD",0.0,no cell in the extract: territory at zero opportunity
ifa_southatl_merge,25520,ifa,WV,IFA,IFA_06,IFA,,54011,26580,,"IFA Baltimore-Columbia-Towson, MD",0.0,no cell in the extract: territory at zero opportunity
ifa_southatl_merge,25521,ifa,WV,IFA,IFA_06,IFA,,54043,,,"IFA Baltimore-Columbia-Towson, MD",0.0,no cell in the extract: territory at zero opportunity
ifa_southatl_merge,25523,ifa,WV,IFA,IFA_06,IFA,,54043,,5434516,"IFA Baltimore-Columbia-Towson, MD",0.0,no cell in the extract: territory at zero opportunity
ifa_southatl_merge,25524,ifa,WV,IFA,IFA_06,IFA,,54043,,5435596,"IFA Baltimore-Columbia-Towson, MD",0.0,no cell in the extract: territory at zero opportunity
ifa_southatl_merge,25526,ifa,WV,IFA,IFA_06,IFA,,54079,26580,5439532,"IFA Baltimore-Columbia-Towson, MD",2.6593,
ifa_southatl_merge,25529,ifa,WV,IFA,IFA_06,IFA,,54005,16620,5420212,"IFA Baltimore-Columbia-Towson, MD",0.0,no cell in the extract: territory at zero opportunity
ifa_southatl_merge,25530,ifa,WV,IFA,IFA_06,IFA,,54099,26580,5443180,"IFA Baltimore-Columbia-Towson, MD",0.0,no cell in the extract: territory at zero opportunity
ifa_southatl_merge,25534,ifa,WV,IFA,IFA_06,IFA,,54099,26580,,"IFA Baltimore-Columbia-Towson, MD",0.0,no cell in the extract: territory at zero opportunity
ifa_southatl_merge,25535,ifa,WV,IFA,IFA_06,IFA,,54099,26580,5445580,"IFA Baltimore-Columbia-Towson, MD",0.0,no cell in the extract: territory at zero opportunity
ifa_southatl_merge,25537,ifa,WV,IFA,IFA_06,IFA,,54011,26580,5446420,"IFA Baltimore-Columbia-Towson, MD",0.0,no cell in the extract: territory at zero opportunity
ifa_southatl_merge,25540,ifa,WV,IFA,IFA_06,IFA,,54043,,,"IFA Baltimore-Columbia-Towson, MD",0.0,no cell in the extract: territory at zero opportunity
ifa_southatl_merge,25541,ifa,WV,IFA,IFA_06,IFA,,54011,26580,5454484,"IFA Baltimore-Columbia-Towson, MD",0.0,no cell in the extract: territory at zero opportunity
ifa_southatl_merge,25544,ifa,WV,IFA,IFA_06,IFA,,54043,,,"IFA Baltimore-Columbia-Towson, MD",0.0,no cell in the extract: territory at zero opportunity
ifa_southatl_merge,25545,ifa,WV,IFA,IFA_06,IFA,,54011,26580,5404276,"IFA Baltimore-Columbia-Towson, MD",0.114456,
ifa_southatl_merge,25547,ifa,WV,IFA,IFA_06,IFA,,54045,,,"IFA Baltimore-Columbia-Towson, MD",0.0,no cell in the extract: territory at zero opportunity
ifa_southatl_merge,25550,ifa,WV,IFA,IFA_06,IFA,,54053,,5464708,"IFA Baltimore-Columbia-Towson, MD",0.0,no cell in the extract: territory at zero opportunity
ifa_southatl_merge,25555,ifa,WV,IFA,IFA_06,IFA,,54099,26580,5465596,"IFA Baltimore-Columbia-Towson, MD",0.0,no cell in the extract: territory at zero opportunity
ifa_southatl_merge,25557,ifa,WV,IFA,IFA_06,IFA,,54043,,,"IFA Baltimore-Columbia-Towson, MD",0.0,no cell in the extract: territory at zero opportunity
ifa_southatl_merge,25559,ifa,WV,IFA,IFA_06,IFA,,54011,26580,5471476,"IFA Baltimore-Columbia-Towson, MD",0.0152727,
ifa_southatl_merge,25560,ifa,WV,IFA,IFA_06,IFA,,54079,26580,5479545,"IFA Baltimore-Columbia-Towson, MD",2.32322,
ifa_southatl_merge,25564,ifa,WV,IFA,IFA_06,IFA,,54043,,,"IFA Baltimore-Columbia-Towson, MD",0.0,no cell in the extract: territory at zero opportunity
ifa_southatl_merge,25565,ifa,WV,IFA,IFA_06,IFA,,54043,,,"IFA Baltimore-Columbia-Towson, MD",0.0,no cell in the extract: territory at zero opportunity
ifa_southatl_merge,25567,ifa,WV,IFA,IFA_06,IFA,,54043,,,"IFA Baltimore-Columbia-Towson, MD",0.0,no cell in the extract: territory at zero opportunity
ifa_southatl_merge,25570,ifa,WV,IFA,IFA_06,IFA,,54099,26580,5484940,"IFA Baltimore-Columbia-Towson, MD",0.0,no cell in the extract: territory at zero opportunity
ifa_southatl_merge,25571,ifa,WV,IFA,IFA_06,IFA,,54043,,5485804,"IFA Baltimore-Columbia-Towson, MD",0.0,no cell in the extract: territory at zero opportunity
ifa_southatl_merge,25573,ifa,WV,IFA,IFA_06,IFA,,54043,,,"IFA Baltimore-Columbia-Towson, MD",0.0,no cell in the extract: territory at zero opportunity
ifa_southatl_merge,25601,ifa,WV,IFA,IFA_06,IFA,,54045,,5456342,"IFA Baltimore-Columbia-Towson, MD",0.0,no cell in the extract: territory at zero opportunity
ifa_southatl_merge,25606,ifa,WV,IFA,IFA_06,IFA,,54045,,5400196,"IFA Baltimore-Columbia-Towson, MD",0.0,no cell in the extract: territory at zero opportunity
ifa_southatl_merge,25607,ifa,WV,IFA,IFA_06,IFA,,54045,,5469100,"IFA Baltimore-Columbia-Towson, MD",0.0,no cell in the extract: territory at zero opportunity
ifa_southatl_merge,25608,ifa,WV,IFA,IFA_06,IFA,,54059,,5430777,"IFA Baltimore-Columbia-Towson, MD",0.0,no cell in the extract: territory at zero opportunity
ifa_southatl_merge,25611,ifa,WV,IFA,IFA_06,IFA,,54045,,5410876,"IFA Baltimore-Columbia-Towson, MD",0.0,no cell in the extract: territory at zero opportunity
ifa_southatl_merge,25612,ifa,WV,IFA,IFA_06,IFA,,54045,,5414716,"IFA Baltimore-Columbia-Towson, MD",0.0,no cell in the extract: territory at zero opportunity
ifa_southatl_merge,25617,ifa,WV,IFA,IFA_06,IFA,,54045,,5450932,"IFA Baltimore-Columbia-Towson, MD",0.0,no cell in the extract: territory at zero opportunity
ifa_southatl_merge,25621,ifa,WV,IFA,IFA_06,IFA,,54059,,5430772,"IFA Baltimore-Columbia-Towson, MD",0.0,no cell in the extract: territory at zero opportunity
ifa_southatl_merge,25624,ifa,WV,IFA,IFA_06,IFA,,54045,,5436484,"IFA Baltimore-Columbia-Towson, MD",0.0,no cell in the extract: territory at zero opportunity
ifa_southatl_merge,25625,ifa,WV,IFA,IFA_06,IFA,,54045,,5437948,"IFA Baltimore-Columbia-Towson, MD",0.0,no cell in the extract: territory at zero opportunity
ifa_southatl_merge,25628,ifa,WV,IFA,IFA_06,IFA,,54045,,5444188,"IFA Baltimore-Columbia-Towson, MD",0.0,no cell in the extract: territory at zero opportunity
ifa_southatl_merge,25630,ifa,WV,IFA,IFA_06,IFA,,54045,,,"IFA Baltimore-Columbia-Towson, MD",0.0,no cell in the extract: territory at zero opportunity
ifa_southatl_merge,25632,ifa,WV,IFA,IFA_06,IFA,,54045,,5457916,"IFA Baltimore-Columbia-Towson, MD",0.0,no cell in the extract: territory at zero opportunity
ifa_southatl_merge,25634,ifa,WV,IFA,IFA_06,IFA,,54045,,5450860,"IFA Baltimore-Columbia-Towson, MD",0.0,no cell in the extract: territory at zero opportunity
ifa_southatl_merge,25635,ifa,WV,IFA,IFA_06,IFA,,54045,,5450932,"IFA Baltimore-Columbia-Towson, MD",0.0,no cell in the extract: territory at zero opportunity
ifa_southatl_merge,25637,ifa,WV,IFA,IFA_06,IFA,,54045,,5456342,"IFA Baltimore-Columbia-Towson, MD",0.0,no cell in the extract: territory at zero opportunity
ifa_southatl_merge,25638,ifa,WV,IFA,IFA_06,IFA,,54045,,5460628,"IFA Baltimore-Columbia-Towson, MD",0.0,no cell in the extract: territory at zero opportunity
ifa_southatl_merge,25639,ifa,WV,IFA,IFA_06,IFA,,54045,,5419060,"IFA Baltimore-Columbia-Towson, MD",0.0,no cell in the extract: territory at zero opportunity
ifa_southatl_merge,25644,ifa,WV,IFA,IFA_06,IFA,,54045,,5472004,"IFA Baltimore-Columbia-Towson, MD",0.0,no cell in the extract: territory at zero opportunity
ifa_southatl_merge,25646,ifa,WV,IFA,IFA_06,IFA,,54045,,5449732,"IFA Baltimore-Columbia-Towson, MD",0.0,no cell in the extract: territory at zero opportunity
ifa_southatl_merge,25647,ifa,WV,IFA,IFA_06,IFA,,54045,,5478796,"IFA Baltimore-Columbia-Towson, MD",0.0,no cell in the extract: territory at zero opportunity
ifa_southatl_merge,25649,ifa,WV,IFA,IFA_06,IFA,,54045,,5483332,"IFA Baltimore-Columbia-Towson, MD",0.0,no cell in the extract: territory at zero opportunity
ifa_southatl_merge,25650,ifa,WV,IFA,IFA_06,IFA,,54045,,,"IFA Baltimore-Columbia-Towson, MD",0.0,no cell in the extract: territory at zero opportunity
ifa_southatl_merge,25651,ifa,WV,IFA,IFA_06,IFA,,54059,,,"IFA Baltimore-Columbia-Towson, MD",0.0,no cell in the extract: territory at zero opportunity
ifa_southatl_merge,25652,ifa,WV,IFA,IFA_06,IFA,,54045,,,"IFA Baltimore-Columbia-Towson, MD",0.0,no cell in the extract: territory at zero opportunity
ifa_southatl_merge,25653,ifa,WV,IFA,IFA_06,IFA,,54045,,,"IFA Baltimore-Columbia-Towson, MD",0.0,no cell in the extract: territory at zero opportunity
ifa_southatl_merge,25654,ifa,WV,IFA,IFA_06,IFA,,54045,,,"IFA Baltimore-Columbia-Towson, MD",0.0,no cell in the extract: territory at zero opportunity
ifa_southatl_merge,25661,ifa,WV,IFA,IFA_06,IFA,,54059,,5487508,"IFA Baltimore-Columbia-Towson, MD",0.0,no cell in the extract: territory at zero opportunity
ifa_southatl_merge,25666,ifa,WV,IFA,IFA_06,IFA,,54059,,,"IFA Baltimore-Columbia-Towson, MD",0.0,no cell in the extract: territory at zero opportunity
ifa_southatl_merge,25667,ifa,WV,IFA,IFA_06,IFA,,54059,,5414692,"IFA Baltimore-Columbia-Towson, MD",0.0,no cell in the extract: territory at zero opportunity
ifa_southatl_merge,25669,ifa,WV,IFA,IFA_06,IFA,,54099,26580,5419300,"IFA Baltimore-Columbia-Towson, MD",0.0,no cell in the extract: territory at zero opportunity
ifa_southatl_merge,25670,ifa,WV,IFA,IFA_06,IFA,,54059,,5420980,"IFA Baltimore-Columbia-Towson, MD",0.0,no cell in the extract: territory at zero opportunity
ifa_southatl_merge,25671,ifa,WV,IFA,IFA_06,IFA,,54059,,,"IFA Baltimore-Columbia-Towson, MD",0.0,no cell in the extract: territory at zero opportunity
ifa_southatl_merge,25672,ifa,WV,IFA,IFA_06,IFA,,54059,,,"IFA Baltimore-Columbia-Towson, MD",0.0,no cell in the extract: territory at zero opportunity
ifa_southatl_merge,25674,ifa,WV,IFA,IFA_06,IFA,,54059,,5443300,"IFA Baltimore-Columbia-Towson, MD",0.0,no cell in the extract: territory at zero opportunity
ifa_southatl_merge,25676,ifa,WV,IFA,IFA_06,IFA,,54059,,,"IFA Baltimore-Columbia-Towson, MD",0.0,no cell in the extract: territory at zero opportunity
ifa_southatl_merge,25678,ifa,WV,IFA,IFA_06,IFA,,54059,,5452324,"IFA Baltimore-Columbia-Towson, MD",0.0,no cell in the extract: territory at zero opportunity
ifa_southatl_merge,25685,ifa,WV,IFA,IFA_06,IFA,,54059,,,"IFA Baltimore-Columbia-Towson, MD",0.0,no cell in the extract: territory at zero opportunity
ifa_southatl_merge,25688,ifa,WV,IFA,IFA_06,IFA,,54059,,5467396,"IFA Baltimore-Columbia-Towson, MD",0.0,no cell in the extract: territory at zero opportunity
ifa_southatl_merge,25690,ifa,WV,IFA,IFA_06,IFA,,54059,,5420980,"IFA Baltimore-Columbia-Towson, MD",0.0,no cell in the extract: territory at zero opportunity
ifa_southatl_merge,25692,ifa,WV,IFA,IFA_06,IFA,,54059,,5467396,"IFA Baltimore-Columbia-Towson, MD",0.0,no cell in the extract: territory at zero opportunity
ifa_southatl_merge,25696,ifa,WV,IFA,IFA_06,IFA,,54059,,5467396,"IFA Baltimore-Columbia-Towson, MD",0.0,no cell in the extract: territory at zero opportunity
ifa_southatl_merge,25699,ifa,WV,IFA,IFA_06,IFA,,54099,26580,,"IFA Baltimore-Columbia-Towson, MD",0.0,no cell in the extract: territory at zero opportunity
ifa_southatl_merge,25701,ifa,WV,IFA,IFA_06,IFA,,54011,26580,5439460,"IFA Baltimore-Columbia-Towson, MD",12.2732,
ifa_southatl_merge,25702,ifa,WV,IFA,IFA_06,IFA,,54011,26580,5439460,"IFA Baltimore-Columbia-Towson, MD",2.59004,
ifa_southatl_merge,25703,ifa,WV,IFA,IFA_06,IFA,,54011,26580,5439460,"IFA Baltimore-Columbia-Towson, MD",0.0,no cell in the extract: territory at zero opportunity
ifa_southatl_merge,25704,ifa,WV,IFA,IFA_06,IFA,,54099,26580,5439460,"IFA Baltimore-Columbia-Towson, MD",0.0,no cell in the extract: territory at zero opportunity
ifa_southatl_merge,25705,ifa,WV,IFA,IFA_06,IFA,,54011,26580,5439460,"IFA Baltimore-Columbia-Towson, MD",2.99123,
ifa_southatl_merge,25755,ifa,WV,IFA,IFA_06,IFA,,54011,26580,5439460,"IFA Baltimore-Columbia-Towson, MD",0.0,no cell in the extract: territory at zero opportunity
ifa_southatl_merge,25801,ifa,WV,IFA,IFA_06,IFA,,54081,13220,5405332,"IFA Baltimore-Columbia-Towson, MD",10.2341,
ifa_southatl_merge,25810,ifa,WV,IFA,IFA_06,IFA,,54109,,5417836,"IFA Baltimore-Columbia-Towson, MD",0.0,no cell in the extract: territory at zero opportunity
ifa_southatl_merge,25811,ifa,WV,IFA,IFA_06,IFA,,54081,13220,,"IFA Baltimore-Columbia-Towson, MD",0.0,no cell in the extract: territory at zero opportunity
ifa_southatl_merge,25812,ifa,WV,IFA,IFA_06,IFA,,54019,13220,5401996,"IFA Baltimore-Columbia-Towson, MD",0.0,no cell in the extract: territory at zero opportunity
ifa_southatl_merge,25813,ifa,WV,IFA,IFA_06,IFA,,54081,13220,5405260,"IFA Baltimore-Columbia-Towson, MD",0.0,no cell in the extract: territory at zero opportunity
ifa_southatl_merge,25817,ifa,WV,IFA,IFA_06,IFA,,54081,13220,5408956,"IFA Baltimore-Columbia-Towson, MD",0.0,no cell in the extract: territory at zero opportunity
ifa_southatl_merge,25818,ifa,WV,IFA,IFA_06,IFA,,54081,13220,5409676,"IFA Baltimore-Columbia-Towson, MD",0.0,no cell in the extract: territory at zero opportunity
ifa_southatl_merge,25820,ifa,WV,IFA,IFA_06,IFA,,54055,14140,,"IFA Baltimore-Columbia-Towson, MD",0.0,no cell in the extract: territory at zero opportunity
ifa_southatl_merge,25823,ifa,WV,IFA,IFA_06,IFA,,54081,13220,5416516,"IFA Baltimore-Columbia-Towson, MD",0.0,no cell in the extract: territory at zero opportunity
ifa_southatl_merge,25825,ifa,WV,IFA,IFA_06,IFA,,54081,13220,5473108,"IFA Baltimore-Columbia-Towson, MD",0.0,no cell in the extract: territory at zero opportunity
ifa_southatl_merge,25826,ifa,WV,IFA,IFA_06,IFA,,54109,,5417836,"IFA Baltimore-Columbia-Towson, MD",0.0,no cell in the extract: territory at zero opportunity
ifa_southatl_merge,25827,ifa,WV,IFA,IFA_06,IFA,,54081,13220,5418508,"IFA Baltimore-Columbia-Towson, MD",0.0,no cell in the extract: territory at zero opportunity
ifa_southatl_merge,25831,ifa,WV,IFA,IFA_06,IFA,,54019,13220,,"IFA Baltimore-Columbia-Towson, MD",0.0,no cell in the extract: territory at zero opportunity
ifa_southatl_merge,25832,ifa,WV,IFA,IFA_06,IFA,,54081,13220,5420164,"IFA Baltimore-Columbia-Towson, MD",0.0,no cell in the extract: territory at zero opportunity
ifa_southatl_merge,25836,ifa,WV,IFA,IFA_06,IFA,,54081,13220,5423644,"IFA Baltimore-Columbia-Towson, MD",0.0,no cell in the extract: territory at zero opportunity
ifa_southatl_merge,25837,ifa,WV,IFA,IFA_06,IFA,,54019,13220,,"IFA Baltimore-Columbia-Towson, MD",0.0,no cell in the extract: territory at zero opportunity
ifa_southatl_merge,25839,ifa,WV,IFA,IFA_06,IFA,,54081,13220,5408956,"IFA Baltimore-Columbia-Towson, MD",0.0,no cell in the extract: territory at zero opportunity
ifa_southatl_merge,25840,ifa,WV,IFA,IFA_06,IFA,,54019,13220,5427028,"IFA Baltimore-Columbia-Towson, MD",0.0,no cell in the extract: territory at zero opportunity
ifa_southatl_merge,25841,ifa,WV,IFA,IFA_06,IFA,,54055,14140,,"IFA Baltimore-Columbia-Towson, MD",0.0,no cell in the extract: territory at zero opportunity
ifa_southatl_merge,25843,ifa,WV,IFA,IFA_06,IFA,,54081,13220,5430724,"IFA Baltimore-Columbia-Towson, MD",0.0,no cell in the extract: territory at zero opportunity
ifa_southatl_merge,25844,ifa,WV,IFA,IFA_06,IFA,,54081,13220,,"IFA Baltimore-Columbia-Towson, MD",0.0,no cell in the extract: territory at zero opportunity
ifa_southatl_merge,25845,ifa,WV,IFA,IFA_06,IFA,,54109,,5431756,"IFA Baltimore-Columbia-Towson, MD",0.0,no cell in the extract: territory at zero opportunity
ifa_southatl_merge,25846,ifa,WV,IFA,IFA_06,IFA,,54019,13220,5431876,"IFA Baltimore-Columbia-Towson, MD",0.0,no cell in the extract: territory at zero opportunity
ifa_southatl_merge,25848,ifa,WV,IFA,IFA_06,IFA,,54109,,,"IFA Baltimore-Columbia-Towson, MD",0.0,no cell in the extract: territory at zero opportunity
ifa_southatl_merge,25849,ifa,WV,IFA,IFA_06,IFA,,54081,13220,5432068,"IFA Baltimore-Columbia-Towson, MD",0.0,no cell in the extract: territory at zero opportunity
ifa_southatl_merge,25851,ifa,WV,IFA,IFA_06,IFA,,54081,13220,,"IFA Baltimore-Columbia-Towson, MD",0.0,no cell in the extract: territory at zero opportunity
ifa_southatl_merge,25853,ifa,WV,IFA,IFA_06,IFA,,54081,13220,5436292,"IFA Baltimore-Columbia-Towson, MD",0.0,no cell in the extract: territory at zero opportunity
ifa_southatl_merge,25854,ifa,WV,IFA,IFA_06,IFA,,54019,13220,5437036,"IFA Baltimore-Columbia-Towson, MD",0.0,no cell in the extract: territory at zero opportunity
ifa_southatl_merge,25855,ifa,WV,IFA,IFA_06,IFA,,54019,13220,5437444,"IFA Baltimore-Columbia-Towson, MD",0.0,no cell in the extract: territory at zero opportunity
ifa_southatl_merge,25857,ifa,WV,IFA,IFA_06,IFA,,54081,13220,,"IFA Baltimore-Columbia-Towson, MD",0.0,no cell in the extract: territory at zero opportunity
ifa_southatl_merge,25862,ifa,WV,IFA,IFA_06,IFA,,54019,13220,,"IFA Baltimore-Columbia-Towson, MD",0.0,no cell in the extract: territory at zero opportunity
ifa_southatl_merge,25864,ifa,WV,IFA,IFA_06,IFA,,54019,13220,5463988,"IFA Baltimore-Columbia-Towson, MD",0.0,no cell in the extract: territory at zero opportunity
ifa_southatl_merge,25865,ifa,WV,IFA,IFA_06,IFA,,54081,13220,5446468,"IFA Baltimore-Columbia-Towson, MD",0.0,no cell in the extract: territory at zero opportunity
ifa_southatl_merge,25866,ifa,WV,IFA,IFA_06,IFA,,54019,13220,5460028,"IFA Baltimore-Columbia-Towson, MD",0.0,no cell in the extract: territory at zero opportunity
ifa_southatl_merge,25868,ifa,WV,IFA,IFA_06,IFA,,54019,13220,,"IFA Baltimore-Columbia-Towson, MD",0.0,no cell in the extract: territory at zero opportunity
ifa_southatl_merge,25870,ifa,WV,IFA,IFA_06,IFA,,54109,,,"IFA Baltimore-Columbia-Towson, MD",0.0,no cell in the extract: territory at zero opportunity
ifa_southatl_merge,25871,ifa,WV,IFA,IFA_06,IFA,,54081,13220,5449492,"IFA Baltimore-Columbia-Towson, MD",0.0,no cell in the extract: territory at zero opportunity
ifa_southatl_merge,25873,ifa,WV,IFA,IFA_06,IFA,,54081,13220,5449564,"IFA Baltimore-Columbia-Towson, MD",0.0,no cell in the extract: territory at zero opportunity
ifa_southatl_merge,25875,ifa,WV,IFA,IFA_06,IFA,,54109,,,"IFA Baltimore-Columbia-Towson, MD",0.0,no cell in the extract: territory at zero opportunity
ifa_southatl_merge,25876,ifa,WV,IFA,IFA_06,IFA,,54109,,,"IFA Baltimore-Columbia-Towson, MD",0.0,no cell in the extract: territory at zero opportunity
ifa_southatl_merge,25878,ifa,WV,IFA,IFA_06,IFA,,54081,13220,5475172,"IFA Baltimore-Columbia-Towson, MD",0.0,no cell in the extract: territory at zero opportunity
ifa_southatl_merge,25879,ifa,WV,IFA,IFA_06,IFA,,54019,13220,5460028,"IFA Baltimore-Columbia-Towson, MD",0.0,no cell in the extract: territory at zero opportunity
ifa_southatl_merge,25880,ifa,WV,IFA,IFA_06,IFA,,54081,13220,5409676,"IFA Baltimore-Columbia-Towson, MD",0.0,no cell in the extract: territory at zero opportunity
ifa_southatl_merge,25882,ifa,WV,IFA,IFA_06,IFA,,54109,,5457148,"IFA Baltimore-Columbia-Towson, MD",0.0,no cell in the extract: territory at zero opportunity
ifa_southatl_merge,25901,ifa,WV,IFA,IFA_06,IFA,,54019,13220,5460028,"IFA Baltimore-Columbia-Towson, MD",0.00647918,
ifa_southatl_merge,25902,ifa,WV,IFA,IFA_06,IFA,,54081,13220,,"IFA Baltimore-Columbia-Towson, MD",0.0,no cell in the extract: territory at zero opportunity
ifa_southatl_merge,25904,ifa,WV,IFA,IFA_06,IFA,,54019,13220,5462356,"IFA Baltimore-Columbia-Towson, MD",0.0,no cell in the extract: territory at zero opportunity
ifa_southatl_merge,25907,ifa,WV,IFA,IFA_06,IFA,,54019,13220,5465668,"IFA Baltimore-Columbia-Towson, MD",0.0,no cell in the extract: territory at zero opportunity
ifa_southatl_merge,25908,ifa,WV,IFA,IFA_06,IFA,,54081,13220,5416516,"IFA Baltimore-Columbia-Towson, MD",0.0,no cell in the extract: territory at zero opportunity
ifa_southatl_merge,25909,ifa,WV,IFA,IFA_06,IFA,,54081,13220,5465836,"IFA Baltimore-Columbia-Towson, MD",0.0,no cell in the extract: territory at zero opportunity
ifa_southatl_merge,25911,ifa,WV,IFA,IFA_06,IFA,,54081,13220,5466748,"IFA Baltimore-Columbia-Towson, MD",0.0,no cell in the extract: territory at zero opportunity
ifa_southatl_merge,25913,ifa,WV,IFA,IFA_06,IFA,,54109,,,"IFA Baltimore-Columbia-Towson, MD",0.0,no cell in the extract: territory at zero opportunity
ifa_southatl_merge,25915,ifa,WV,IFA,IFA_06,IFA,,54081,13220,5467996,"IFA Baltimore-Columbia-Towson, MD",0.0,no cell in the extract: territory at zero opportunity
ifa_southatl_merge,25916,ifa,WV,IFA,IFA_06,IFA,,54109,,,"IFA Baltimore-Columbia-Towson, MD",0.0,no cell in the extract: territory at zero opportunity
ifa_southatl_merge,25917,ifa,WV,IFA,IFA_06,IFA,,54019,13220,5472292,"IFA Baltimore-Columbia-Towson, MD",0.0,no cell in the extract: territory at zero opportunity
ifa_southatl_merge,25918,ifa,WV,IFA,IFA_06,IFA,,54081,13220,5473108,"IFA Baltimore-Columbia-Towson, MD",0.0,no cell in the extract: territory at zero opportunity
ifa_southatl_merge,25920,ifa,WV,IFA,IFA_06,IFA,,54081,13220,,"IFA Baltimore-Columbia-Towson, MD",0.0,no cell in the extract: territory at zero opportunity
ifa_southatl_merge,25921,ifa,WV,IFA,IFA_06,IFA,,54081,13220,5416516,"IFA Baltimore-Columbia-Towson, MD",0.0,no cell in the extract: territory at zero opportunity
ifa_southatl_merge,25922,ifa,WV,IFA,IFA_06,IFA,,54055,14140,,"IFA Baltimore-Columbia-Towson, MD",0.0,no cell in the extract: territory at zero opportunity
ifa_southatl_merge,25928,ifa,WV,IFA,IFA_06,IFA,,54109,,5457148,"IFA Baltimore-Columbia-Towson, MD",0.0,no cell in the extract: territory at zero opportunity
ifa_southatl_merge,25932,ifa,WV,IFA,IFA_06,IFA,,54081,13220,,"IFA Baltimore-Columbia-Towson, MD",0.0,no cell in the extract: territory at zero opportunity
ifa_southatl_merge,25936,ifa,WV,IFA,IFA_06,IFA,,54019,13220,5480284,"IFA Baltimore-Columbia-Towson, MD",0.0,no cell in the extract: territory at zero opportunity
ifa_southatl_merge,25938,ifa,WV,IFA,IFA_06,IFA,,54019,13220,5437036,"IFA Baltimore-Columbia-Towson, MD",0.0,no cell in the extract: territory at zero opportunity
ifa_southatl_merge,25942,ifa,WV,IFA,IFA_06,IFA,,54019,13220,,"IFA Baltimore-Columbia-Towson, MD",0.0,no cell in the extract: territory at zero opportunity
ifa_southatl_merge,25943,ifa,WV,IFA,IFA_06,IFA,,54109,,,"IFA Baltimore-Columbia-Towson, MD",0.0,no cell in the extract: territory at zero opportunity
ifa_southatl_merge,25951,ifa,WV,IFA,IFA_06,IFA,,54089,,5437636,"IFA Baltimore-Columbia-Towson, MD",0.0,no cell in the extract: territory at zero opportunity
ifa_southatl_merge,25958,ifa,WV,IFA,IFA_06,IFA,,54025,,,"IFA Baltimore-Columbia-Towson, MD",0.0,no cell in the extract: territory at zero opportunity
ifa_southatl_merge,25962,ifa,WV,IFA,IFA_06,IFA,,54019,13220,5466652,"IFA Baltimore-Columbia-Towson, MD",0.0,no cell in the extract: territory at zero opportunity
ifa_southatl_merge,25966,ifa,WV,IFA,IFA_06,IFA,,54089,,,"IFA Baltimore-Columbia-Towson, MD",0.0,no cell in the extract: territory at zero opportunity
ifa_southatl_merge,25969,ifa,WV,IFA,IFA_06,IFA,,54089,,,"IFA Baltimore-Columbia-Towson, MD",0.0,no cell in the extract: territory at zero opportunity
ifa_southatl_merge,25971,ifa,WV,IFA,IFA_06,IFA,,54055,14140,,"IFA Baltimore-Columbia-Towson, MD",0.0,no cell in the extract: territory at zero opportunity
ifa_southatl_merge,25972,ifa,WV,IFA,IFA_06,IFA,,54025,,5466412,"IFA Baltimore-Columbia-Towson, MD",0.0,no cell in the extract: territory at zero opportunity
ifa_southatl_merge,25976,ifa,WV,IFA,IFA_06,IFA,,54019,13220,5452780,"IFA Baltimore-Columbia-Towson, MD",0.0,no cell in the extract: territory at zero opportunity
ifa_southatl_merge,25977,ifa,WV,IFA,IFA_06,IFA,,54089,,,"IFA Baltimore-Columbia-Towson, MD",0.0,no cell in the extract: territory at zero opportunity
ifa_southatl_merge,25978,ifa,WV,IFA,IFA_06,IFA,,54089,,,"IFA Baltimore-Columbia-Towson, MD",0.0,no cell in the extract: territory at zero opportunity
ifa_southatl_merge,25979,ifa,WV,IFA,IFA_06,IFA,,54089,,,"IFA Baltimore-Columbia-Towson, MD",0.0,no cell in the extract: territory at zero opportunity
ifa_southatl_merge,25981,ifa,WV,IFA,IFA_06,IFA,,54025,,5466412,"IFA Baltimore-Columbia-Towson, MD",0.0,no cell in the extract: territory at zero opportunity
ifa_southatl_merge,25984,ifa,WV,IFA,IFA_06,IFA,,54025,,5470828,"IFA Baltimore-Columbia-Towson, MD",0.0,no cell in the extract: territory at zero opportunity
ifa_southatl_merge,25985,ifa,WV,IFA,IFA_06,IFA,,54089,,,"IFA Baltimore-Columbia-Towson, MD",0.0,no cell in the extract: territory at zero opportunity
ifa_southatl_merge,25986,ifa,WV,IFA,IFA_06,IFA,,54019,13220,,"IFA Baltimore-Columbia-Towson, MD",0.0,no cell in the extract: territory at zero opportunity
ifa_southatl_merge,25989,ifa,WV,IFA,IFA_06,IFA,,54081,13220,,"IFA Baltimore-Columbia-Towson, MD",0.0,no cell in the extract: territory at zero opportunity
ifa_southatl_merge,26003,ifa,WV,IFA,IFA_06,IFA,,54069,48540,5486452,"IFA Baltimore-Columbia-Towson, MD",10.915,
ifa_southatl_merge,26030,ifa,WV,IFA,IFA_06,IFA,,54009,48260,5405452,"IFA Baltimore-Columbia-Towson, MD",0.0,no cell in the extract: territory at zero opportunity
ifa_southatl_merge,26031,ifa,WV,IFA,IFA_06,IFA,,54051,48540,5406340,"IFA Baltimore-Columbia-Towson, MD",0.0,no cell in the extract: territory at zero opportunity
ifa_southatl_merge,26032,ifa,WV,IFA,IFA_06,IFA,,54009,48260,5406844,"IFA Baltimore-Columbia-Towson, MD",0.0,no cell in the extract: territory at zero opportunity
ifa_southatl_merge,26033,ifa,WV,IFA,IFA_06,IFA,,54051,48540,5412484,"IFA Baltimore-Columbia-Towson, MD",0.0,no cell in the extract: territory at zero opportunity
ifa_southatl_merge,26034,ifa,WV,IFA,IFA_06,IFA,,54029,48260,5415076,"IFA Baltimore-Columbia-Towson, MD",0.026216,
ifa_southatl_merge,26035,ifa,WV,IFA,IFA_06,IFA,,54009,48260,5485156,"IFA Baltimore-Columbia-Towson, MD",0.0,no cell in the extract: territory at zero opportunity
ifa_southatl_merge,26036,ifa,WV,IFA,IFA_06,IFA,,54051,48540,,"IFA Baltimore-Columbia-Towson, MD",0.0,no cell in the extract: territory at zero opportunity
ifa_southatl_merge,26037,ifa,WV,IFA,IFA_06,IFA,,54009,48260,5438476,"IFA Baltimore-Columbia-Towson, MD",0.0,no cell in the extract: territory at zero opportunity
ifa_southatl_merge,26038,ifa,WV,IFA,IFA_06,IFA,,54051,48540,5431492,"IFA Baltimore-Columbia-Towson, MD",0.15616,
ifa_southatl_merge,26039,ifa,WV,IFA,IFA_06,IFA,,54051,48540,,"IFA Baltimore-Columbia-Towson, MD",0.0,no cell in the extract: territory at zero opportunity
ifa_southatl_merge,26040,ifa,WV,IFA,IFA_06,IFA,,54051,48540,5450260,"IFA Baltimore-Columbia-Towson, MD",0.0,no cell in the extract: territory at zero opportunity
ifa_southatl_merge,26041,ifa,WV,IFA,IFA_06,IFA,,54051,48540,5456020,"IFA Baltimore-Columbia-Towson, MD",0.00636361,
ifa_southatl_merge,26047,ifa,WV,IFA,IFA_06,IFA,,54029,48260,5458372,"IFA Baltimore-Columbia-Towson, MD",0.0,no cell in the extract: territory at zero opportunity
ifa_southatl_merge,26050,ifa,WV,IFA,IFA_06,IFA,,54029,48260,5458420,"IFA Baltimore-Columbia-Towson, MD",0.0,no cell in the extract: territory at zero opportunity
ifa_southatl_merge,26055,ifa,WV,IFA,IFA_06,IFA,,54051,48540,,"IFA Baltimore-Columbia-Towson, MD",0.0,no cell in the extract: territory at zero opportunity
ifa_southatl_merge,26056,ifa,WV,IFA,IFA_06,IFA,,54029,48260,,"IFA Baltimore-Columbia-Towson, MD",0.0,no cell in the extract: territory at zero opportunity
ifa_southatl_merge,26058,ifa,WV,IFA,IFA_06,IFA,,54009,48260,,"IFA Baltimore-Columbia-Towson, MD",0.0,no cell in the extract: territory at zero opportunity
ifa_southatl_merge,26059,ifa,WV,IFA,IFA_06,IFA,,54069,48540,5480932,"IFA Baltimore-Columbia-Towson, MD",0.0,no cell in the extract: territory at zero opportunity
ifa_southatl_merge,26060,ifa,WV,IFA,IFA_06,IFA,,54069,48540,5482732,"IFA Baltimore-Columbia-Towson, MD",0.0,no cell in the extract: territory at zero opportunity
ifa_southatl_merge,26062,ifa,WV,IFA,IFA_06,IFA,,54029,48260,5485156,"IFA Baltimore-Columbia-Towson, MD",3.1626,
ifa_southatl_merge,26070,ifa,WV,IFA,IFA_06,IFA,,54009,48260,5485324,"IFA Baltimore-Columbia-Towson, MD",0.0,no cell in the extract: territory at zero opportunity
ifa_southatl_merge,26074,ifa,WV,IFA,IFA_06,IFA,,54069,48540,5485876,"IFA Baltimore-Columbia-Towson, MD",0.0,no cell in the extract: territory at zero opportunity
ifa_southatl_merge,26075,ifa,WV,IFA,IFA_06,IFA,,54009,48260,5487892,"IFA Baltimore-Columbia-Towson, MD",0.0,no cell in the extract: territory at zero opportunity
ifa_southatl_merge,26101,ifa,WV,IFA,IFA_06,IFA,,54107,37620,5462140,"IFA Baltimore-Columbia-Towson, MD",2.49728,
ifa_southatl_merge,26104,ifa,WV,IFA,IFA_06,IFA,,54107,37620,5462140,"IFA Baltimore-Columbia-Towson, MD",0.257529,
ifa_southatl_merge,26105,ifa,WV,IFA,IFA_06,IFA,,54107,37620,5483500,"IFA Baltimore-Columbia-Towson, MD",7.96964,
ifa_southatl_merge,26133,ifa,WV,IFA,IFA_06,IFA,,54107,37620,,"IFA Baltimore-Columbia-Towson, MD",0.0,no cell in the extract: territory at zero opportunity
ifa_southatl_merge,26134,ifa,WV,IFA,IFA_06,IFA,,54073,,5406004,"IFA Baltimore-Columbia-Towson, MD",0.0,no cell in the extract: territory at zero opportunity
ifa_southatl_merge,26136,ifa,WV,IFA,IFA_06,IFA,,54013,,,"IFA Baltimore-Columbia-Towson, MD",0.0,no cell in the extract: territory at zero opportunity
ifa_southatl_merge,26137,ifa,WV,IFA,IFA_06,IFA,,54021,,,"IFA Baltimore-Columbia-Towson, MD",0.0,no cell in the extract: territory at zero opportunity
ifa_southatl_merge,26138,ifa,WV,IFA,IFA_06,IFA,,54013,,,"IFA Baltimore-Columbia-Towson, MD",0.0,no cell in the extract: territory at zero opportunity
ifa_southatl_merge,26141,ifa,WV,IFA,IFA_06,IFA,,54013,,,"IFA Baltimore-Columbia-Towson, MD",0.0,no cell in the extract: territory at zero opportunity
ifa_southatl_merge,26142,ifa,WV,IFA,IFA_06,IFA,,54107,37620,5442388,"IFA Baltimore-Columbia-Towson, MD",0.0,no cell in the extract: territory at zero opportunity
ifa_southatl_merge,26143,ifa,WV,IFA,IFA_06,IFA,,54105,37620,5458252,"IFA Baltimore-Columbia-Towson, MD",0.0,no cell in the extract: territory at zero opportunity
ifa_southatl_merge,26146,ifa,WV,IFA,IFA_06,IFA,,54095,,5429404,"IFA Baltimore-Columbia-Towson, MD",0.0,no cell in the extract: territory at zero opportunity
ifa_southatl_merge,26147,ifa,WV,IFA,IFA_06,IFA,,54013,,5432884,"IFA Baltimore-Columbia-Towson, MD",0.0,no cell in the extract: territory at zero opportunity
ifa_southatl_merge,26148,ifa,WV,IFA,IFA_06,IFA,,54085,,,"IFA Baltimore-Columbia-Towson, MD",0.0,no cell in the extract: territory at zero opportunity
ifa_southatl_merge,26149,ifa,WV,IFA,IFA_06,IFA,,54095,,5453572,"IFA Baltimore-Columbia-Towson, MD",0.0,no cell in the extract: territory at zero opportunity
ifa_southatl_merge,26150,ifa,WV,IFA,IFA_06,IFA,,54107,37620,5454580,"IFA Baltimore-Columbia-Towson, MD",0.0,no cell in the extract: territory at zero opportunity
ifa_southatl_merge,26151,ifa,WV,IFA,IFA_06,IFA,,54013,,,"IFA Baltimore-Columbia-Towson, MD",0.0,no cell in the extract: territory at zero opportunity
ifa_southatl_merge,26152,ifa,WV,IFA,IFA_06,IFA,,54013,,,"IFA Baltimore-Columbia-Towson, MD",0.0,no cell in the extract: territory at zero opportunity
ifa_southatl_merge,26155,ifa,WV,IFA,IFA_06,IFA,,54103,,5458684,"IFA Baltimore-Columbia-Towson, MD",0.0,no cell in the extract: territory at zero opportunity
ifa_southatl_merge,26159,ifa,WV,IFA,IFA_06,IFA,,54103,,5461636,"IFA Baltimore-Columbia-Towson, MD",0.0,no cell in the extract: territory at zero opportunity
ifa_southatl_merge,26160,ifa,WV,IFA,IFA_06,IFA,,54105,37620,,"IFA Baltimore-Columbia-Towson, MD",0.0,no cell in the extract: territory at zero opportunity
ifa_southatl_merge,26161,ifa,WV,IFA,IFA_06,IFA,,54085,,,"IFA Baltimore-Columbia-Towson, MD",0.0,no cell in the extract: territory at zero opportunity
ifa_southatl_merge,26162,ifa,WV,IFA,IFA_06,IFA,,54103,,,"IFA Baltimore-Columbia-Towson, MD",0.0,no cell in the extract: territory at zero opportunity
ifa_southatl_merge,26164,ifa,WV,IFA,IFA_06,IFA,,54035,,5467108,"IFA Baltimore-Columbia-Towson, MD",0.0,no cell in the extract: territory at zero opportunity
ifa_southatl_merge,26167,ifa,WV,IFA,IFA_06,IFA,,54103,,5467252,"IFA Baltimore-Columbia-Towson, MD",0.0,no cell in the extract: territory at zero opportunity
ifa_southatl_merge,26169,ifa,WV,IFA,IFA_06,IFA,,54107,37620,,"IFA Baltimore-Columbia-Towson, MD",0.0,no cell in the extract: territory at zero opportunity
ifa_southatl_merge,26170,ifa,WV,IFA,IFA_06,IFA,,54073,,5471356,"IFA Baltimore-Columbia-Towson, MD",0.0,no cell in the extract: territory at zero opportunity
ifa_southatl_merge,26175,ifa,WV,IFA,IFA_06,IFA,,54095,,5474380,"IFA Baltimore-Columbia-Towson, MD",0.0,no cell in the extract: territory at zero opportunity
ifa_southatl_merge,26178,ifa,WV,IFA,IFA_06,IFA,,54085,,,"IFA Baltimore-Columbia-Towson, MD",0.0,no cell in the extract: territory at zero opportunity
ifa_southatl_merge,26180,ifa,WV,IFA,IFA_06,IFA,,54107,37620,,"IFA Baltimore-Columbia-Towson, MD",0.0,no cell in the extract: territory at zero opportunity
ifa_southatl_merge,26181,ifa,WV,IFA,IFA_06,IFA,,54107,37620,5484724,"IFA Baltimore-Columbia-Towson, MD",0.0,no cell in the extract: territory at zero opportunity
ifa_southatl_merge,26184,ifa,WV,IFA,IFA_06,IFA,,54107,37620,5484916,"IFA Baltimore-Columbia-Towson, MD",0.0,no cell in the extract: territory at zero opportunity
ifa_southatl_merge,26187,ifa,WV,IFA,IFA_06,IFA,,54107,37620,5408836,"IFA Baltimore-Columbia-Towson, MD",0.0,no cell in the extract: territory at zero opportunity
ifa_southatl_merge,26201,ifa,WV,IFA,IFA_06,IFA,,54097,,5411188,"IFA Baltimore-Columbia-Towson, MD",0.0,no cell in the extract: territory at zero opportunity
ifa_southatl_merge,26202,ifa,WV,IFA,IFA_06,IFA,,54067,,5427196,"IFA Baltimore-Columbia-Towson, MD",0.0,no cell in the extract: territory at zero opportunity
ifa_southatl_merge,26203,ifa,WV,IFA,IFA_06,IFA,,54101,,,"IFA Baltimore-Columbia-Towson, MD",0.0,no cell in the extract: territory at zero opportunity
ifa_southatl_merge,26205,ifa,WV,IFA,IFA_06,IFA,,54067,,5418604,"IFA Baltimore-Columbia-Towson, MD",0.0,no cell in the extract: territory at zero opportunity
ifa_southatl_merge,26206,ifa,WV,IFA,IFA_06,IFA,,54101,,5418412,"IFA Baltimore-Columbia-Towson, MD",0.0,no cell in the extract: territory at zero opportunity
ifa_southatl_merge,26208,ifa,WV,IFA,IFA_06,IFA,,54101,,5412436,"IFA Baltimore-Columbia-Towson, MD",0.0,no cell in the extract: territory at zero opportunity
ifa_southatl_merge,26209,ifa,WV,IFA,IFA_06,IFA,,54075,,,"IFA Baltimore-Columbia-Towson, MD",0.0,no cell in the extract: territory at zero opportunity
ifa_southatl_merge,26210,ifa,WV,IFA,IFA_06,IFA,,54097,,5400460,"IFA Baltimore-Columbia-Towson, MD",0.0,no cell in the extract: territory at zero opportunity
ifa_southatl_merge,26215,ifa,WV,IFA,IFA_06,IFA,,54101,,,"IFA Baltimore-Columbia-Towson, MD",0.0,no cell in the extract: territory at zero opportunity
ifa_southatl_merge,26217,ifa,WV,IFA,IFA_06,IFA,,54101,,,"IFA Baltimore-Columbia-Towson, MD",0.0,no cell in the extract: territory at zero opportunity
ifa_southatl_merge,26218,ifa,WV,IFA,IFA_06,IFA,,54097,,5469244,"IFA Baltimore-Columbia-Towson, MD",0.0,no cell in the extract: territory at zero opportunity
ifa_southatl_merge,26222,ifa,WV,IFA,IFA_06,IFA,,54101,,,"IFA Baltimore-Columbia-Towson, MD",0.0,no cell in the extract: territory at zero opportunity
ifa_southatl_merge,26224,ifa,WV,IFA,IFA_06,IFA,,54083,21180,5436340,"IFA Baltimore-Columbia-Towson, MD",0.0,no cell in the extract: territory at zero opportunity
ifa_southatl_merge,26228,ifa,WV,IFA,IFA_06,IFA,,54097,,,"IFA Baltimore-Columbia-Towson, MD",0.0,no cell in the extract: territory at zero opportunity
ifa_southatl_merge,26230,ifa,WV,IFA,IFA_06,IFA,,54083,21180,5463484,"IFA Baltimore-Columbia-Towson, MD",0.0,no cell in the extract: territory at zero opportunity
ifa_southatl_merge,26234,ifa,WV,IFA,IFA_06,IFA,,54097,,5469244,"IFA Baltimore-Columbia-Towson, MD",0.0,no cell in the extract: territory at zero opportunity
ifa_southatl_merge,26236,ifa,WV,IFA,IFA_06,IFA,,54083,21180,,"IFA Baltimore-Columbia-Towson, MD",0.0,no cell in the extract: territory at zero opportunity
ifa_southatl_merge,26237,ifa,WV,IFA,IFA_06,IFA,,54097,,,"IFA Baltimore-Columbia-Towson, MD",0.0,no cell in the extract: territory at zero opportunity
ifa_southatl_merge,26238,ifa,WV,IFA,IFA_06,IFA,,54001,,5414212,"IFA Baltimore-Columbia-Towson, MD",0.0,no cell in the extract: territory at zero opportunity
ifa_southatl_merge,26241,ifa,WV,IFA,IFA_06,IFA,,54083,21180,5424580,"IFA Baltimore-Columbia-Towson, MD",5.09213,
ifa_southatl_merge,26250,ifa,WV,IFA,IFA_06,IFA,,54001,,5405788,"IFA Baltimore-Columbia-Towson, MD",0.0,no cell in the extract: territory at zero opportunity
ifa_southatl_merge,26253,ifa,WV,IFA,IFA_06,IFA,,54083,21180,5423140,"IFA Baltimore-Columbia-Towson, MD",0.0,no cell in the extract: territory at zero opportunity
ifa_southatl_merge,26254,ifa,WV,IFA,IFA_06,IFA,,54083,21180,,"IFA Baltimore-Columbia-Towson, MD",0.0,no cell in the extract: territory at zero opportunity
ifa_southatl_merge,26257,ifa,WV,IFA,IFA_06,IFA,,54083,21180,5488324,"IFA Baltimore-Columbia-Towson, MD",0.0,no cell in the extract: territory at zero opportunity
ifa_southatl_merge,26259,ifa,WV,IFA,IFA_06,IFA,,54083,21180,5419948,"IFA Baltimore-Columbia-Towson, MD",0.0,no cell in the extract: territory at zero opportunity
ifa_southatl_merge,26260,ifa,WV,IFA,IFA_06,IFA,,54093,,5420428,"IFA Baltimore-Columbia-Towson, MD",0.0,no cell in the extract: territory at zero opportunity
ifa_southatl_merge,26261,ifa,WV,IFA,IFA_06,IFA,,54025,,5468116,"IFA Baltimore-Columbia-Towson, MD",0.0,no cell in the extract: territory at zero opportunity
ifa_southatl_merge,26263,ifa,WV,IFA,IFA_06,IFA,,54083,21180,,"IFA Baltimore-Columbia-Towson, MD",0.0,no cell in the extract: territory at zero opportunity
ifa_southatl_merge,26264,ifa,WV,IFA,IFA_06,IFA,,54075,,5422852,"IFA Baltimore-Columbia-Towson, MD",0.0,no cell in the extract: territory at zero opportunity
ifa_southatl_merge,26266,ifa,WV,IFA,IFA_06,IFA,,54101,,,"IFA Baltimore-Columbia-Towson, MD",0.0,no cell in the extract: territory at zero opportunity
ifa_southatl_merge,26267,ifa,WV,IFA,IFA_06,IFA,,54083,21180,,"IFA Baltimore-Columbia-Towson, MD",0.0,no cell in the extract: territory at zero opportunity
ifa_southatl_merge,26268,ifa,WV,IFA,IFA_06,IFA,,54083,21180,,"IFA Baltimore-Columbia-Towson, MD",0.0,no cell in the extract: territory at zero opportunity
ifa_southatl_merge,26269,ifa,WV,IFA,IFA_06,IFA,,54093,,5434492,"IFA Baltimore-Columbia-Towson, MD",0.0,no cell in the extract: territory at zero opportunity
ifa_southatl_merge,26270,ifa,WV,IFA,IFA_06,IFA,,54083,21180,5435092,"IFA Baltimore-Columbia-Towson, MD",0.0,no cell in the extract: territory at zero opportunity
ifa_southatl_merge,26271,ifa,WV,IFA,IFA_06,IFA,,54093,,5436460,"IFA Baltimore-Columbia-Towson, MD",0.0,no cell in the extract: territory at zero opportunity
ifa_southatl_merge,26273,ifa,WV,IFA,IFA_06,IFA,,54083,21180,5439628,"IFA Baltimore-Columbia-Towson, MD",0.0,no cell in the extract: territory at zero opportunity
ifa_southatl_merge,26275,ifa,WV,IFA,IFA_06,IFA,,54001,,5442244,"IFA Baltimore-Columbia-Towson, MD",0.0,no cell in the extract: territory at zero opportunity
ifa_southatl_merge,26276,ifa,WV,IFA,IFA_06,IFA,,54083,21180,,"IFA Baltimore-Columbia-Towson, MD",0.0,no cell in the extract: territory at zero opportunity
ifa_southatl_merge,26278,ifa,WV,IFA,IFA_06,IFA,,54083,21180,,"IFA Baltimore-Columbia-Towson, MD",0.0,no cell in the extract: territory at zero opportunity
ifa_southatl_merge,26280,ifa,WV,IFA,IFA_06,IFA,,54083,21180,5454100,"IFA Baltimore-Columbia-Towson, MD",0.0,no cell in the extract: territory at zero opportunity
ifa_southatl_merge,26282,ifa,WV,IFA,IFA_06,IFA,,54083,21180,,"IFA Baltimore-Columbia-Towson, MD",0.0,no cell in the extract: territory at zero opportunity
ifa_southatl_merge,26283,ifa,WV,IFA,IFA_06,IFA,,54083,21180,5455540,"IFA Baltimore-Columbia-Towson, MD",0.0,no cell in the extract: territory at zero opportunity
ifa_southatl_merge,26285,ifa,WV,IFA,IFA_06,IFA,,54083,21180,5459668,"IFA Baltimore-Columbia-Towson, MD",0.0,no cell in the extract: territory at zero opportunity
ifa_southatl_merge,26287,ifa,WV,IFA,IFA_06,IFA,,54093,,5462284,"IFA Baltimore-Columbia-Towson, MD",0.0,no cell in the extract: territory at zero opportunity
ifa_southatl_merge,26288,ifa,WV,IFA,IFA_06,IFA,,54101,,5400364,"IFA Baltimore-Columbia-Towson, MD",0.0,no cell in the extract: territory at zero opportunity
ifa_southatl_merge,26289,ifa,WV,IFA,IFA_06,IFA,,54093,,,"IFA Baltimore-Columbia-Towson, MD",0.0,no cell in the extract: territory at zero opportunity
ifa_southatl_merge,26291,ifa,WV,IFA,IFA_06,IFA,,54075,,,"IFA Baltimore-Columbia-Towson, MD",0.0,no cell in the extract: territory at zero opportunity
ifa_southatl_merge,26292,ifa,WV,IFA,IFA_06,IFA,,54093,,5480020,"IFA Baltimore-Columbia-Towson, MD",0.0,no cell in the extract: territory at zero opportunity
ifa_southatl_merge,26293,ifa,WV,IFA,IFA_06,IFA,,54083,21180,5482564,"IFA Baltimore-Columbia-Towson, MD",0.0,no cell in the extract: territory at zero opportunity
ifa_southatl_merge,26294,ifa,WV,IFA,IFA_06,IFA,,54083,21180,5482756,"IFA Baltimore-Columbia-Towson, MD",0.0,no cell in the extract: territory at zero opportunity
ifa_southatl_merge,26296,ifa,WV,IFA,IFA_06,IFA,,54083,21180,5486932,"IFA Baltimore-Columbia-Towson, MD",0.0,no cell in the extract: territory at zero opportunity
ifa_southatl_merge,26298,ifa,WV,IFA,IFA_06,IFA,,54101,,5406436,"IFA Baltimore-Columbia-Towson, MD",0.0,no cell in the extract: territory at zero opportunity
ifa_southatl_merge,26301,ifa,WV,IFA,IFA_06,IFA,,54033,17220,5415628,"IFA Baltimore-Columbia-Towson, MD",0.967542,
ifa_southatl_merge,26320,ifa,WV,IFA,IFA_06,IFA,,54095,,,"IFA Baltimore-Columbia-Towson, MD",0.0,no cell in the extract: territory at zero opportunity
ifa_southatl_merge,26321,ifa,WV,IFA,IFA_06,IFA,,54041,,,"IFA Baltimore-Columbia-Towson, MD",0.0,no cell in the extract: territory at zero opportunity
ifa_southatl_merge,26323,ifa,WV,IFA,IFA_06,IFA,,54033,17220,5401900,"IFA Baltimore-Columbia-Towson, MD",0.0,no cell in the extract: territory at zero opportunity
ifa_southatl_merge,26325,ifa,WV,IFA,IFA_06,IFA,,54085,,5403364,"IFA Baltimore-Columbia-Towson, MD",0.0,no cell in the extract: territory at zero opportunity
ifa_southatl_merge,26327,ifa,WV,IFA,IFA_06,IFA,,54085,,,"IFA Baltimore-Columbia-Towson, MD",0.0,no cell in the extract: territory at zero opportunity
ifa_southatl_merge,26330,ifa,WV,IFA,IFA_06,IFA,,54033,17220,5410180,"IFA Baltimore-Columbia-Towson, MD",5.64752,
ifa_southatl_merge,26335,ifa,WV,IFA,IFA_06,IFA,,54007,,5411716,"IFA Baltimore-Columbia-Towson, MD",0.0,no cell in the extract: territory at zero opportunity
ifa_southatl_merge,26337,ifa,WV,IFA,IFA_06,IFA,,54085,,5412124,"IFA Baltimore-Columbia-Towson, MD",0.0,no cell in the extract: territory at zero opportunity
ifa_southatl_merge,26338,ifa,WV,IFA,IFA_06,IFA,,54041,,,"IFA Baltimore-Columbia-Towson, MD",0.0,no cell in the extract: territory at zero opportunity
ifa_southatl_merge,26339,ifa,WV,IFA,IFA_06,IFA,,54017,17220,,"IFA Baltimore-Columbia-Towson, MD",0.0,no cell in the extract: territory at zero opportunity
ifa_southatl_merge,26342,ifa,WV,IFA,IFA_06,IFA,,54021,,,"IFA Baltimore-Columbia-Towson, MD",0.0,no cell in the extract: territory at zero opportunity
ifa_southatl_merge,26343,ifa,WV,IFA,IFA_06,IFA,,54041,,5469244,"IFA Baltimore-Columbia-Towson, MD",0.0,no cell in the extract: territory at zero opportunity
ifa_southatl_merge,26346,ifa,WV,IFA,IFA_06,IFA,,54085,,5424844,"IFA Baltimore-Columbia-Towson, MD",0.0,no cell in the extract: territory at zero opportunity
ifa_southatl_merge,26347,ifa,WV,IFA,IFA_06,IFA,,54091,17220,5427940,"IFA Baltimore-Columbia-Towson, MD",0.0,no cell in the extract: territory at zero opportunity
ifa_southatl_merge,26348,ifa,WV,IFA,IFA_06,IFA,,54103,,,"IFA Baltimore-Columbia-Towson, MD",0.0,no cell in the extract: territory at zero opportunity
ifa_southatl_merge,26349,ifa,WV,IFA,IFA_06,IFA,,54001,,5429740,"IFA Baltimore-Columbia-Towson, MD",0.0,no cell in the extract: territory at zero opportunity
ifa_southatl_merge,26351,ifa,WV,IFA,IFA_06,IFA,,54021,,5432044,"IFA Baltimore-Columbia-Towson, MD",0.0,no cell in the extract: territory at zero opportunity
ifa_southatl_merge,26354,ifa,WV,IFA,IFA_06,IFA,,54091,17220,5432716,"IFA Baltimore-Columbia-Towson, MD",0.0,no cell in the extract: territory at zero opportunity
ifa_southatl_merge,26361,ifa,WV,IFA,IFA_06,IFA,,54033,17220,5434180,"IFA Baltimore-Columbia-Towson, MD",0.0,no cell in the extract: territory at zero opportunity
ifa_southatl_merge,26362,ifa,WV,IFA,IFA_06,IFA,,54085,,5435428,"IFA Baltimore-Columbia-Towson, MD",0.0,no cell in the extract: territory at zero opportunity
ifa_southatl_merge,26366,ifa,WV,IFA,IFA_06,IFA,,54033,17220,,"IFA Baltimore-Columbia-Towson, MD",0.0,no cell in the extract: territory at zero opportunity
ifa_southatl_merge,26369,ifa,WV,IFA,IFA_06,IFA,,54033,17220,5436628,"IFA Baltimore-Columbia-Towson, MD",0.0,no cell in the extract: territory at zero opportunity
ifa_southatl_merge,26372,ifa,WV,IFA,IFA_06,IFA,,54041,,,"IFA Baltimore-Columbia-Towson, MD",0.0,no cell in the extract: territory at zero opportunity
ifa_southatl_merge,26374,ifa,WV,IFA,IFA_06,IFA,,54077,34060,,"IFA Baltimore-Columbia-Towson, MD",0.0,no cell in the extract: territory at zero opportunity
ifa_southatl_merge,26376,ifa,WV,IFA,IFA_06,IFA,,54007,,,"IFA Baltimore-Columbia-Towson, MD",0.0,no cell in the extract: territory at zero opportunity
ifa_southatl_merge,26377,ifa,WV,IFA,IFA_06,IFA,,54103,,5440636,"IFA Baltimore-Columbia-Towson, MD",0.0,no cell in the extract: territory at zero opportunity
ifa_southatl_merge,26378,ifa,WV,IFA,IFA_06,IFA,,54041,,5440828,"IFA Baltimore-Columbia-Towson, MD",0.0,no cell in the extract: territory at zero opportunity
ifa_southatl_merge,26384,ifa,WV,IFA,IFA_06,IFA,,54021,,,"IFA Baltimore-Columbia-Towson, MD",0.0,no cell in the extract: territory at zero opportunity
ifa_southatl_merge,26385,ifa,WV,IFA,IFA_06,IFA,,54033,17220,5448748,"IFA Baltimore-Columbia-Towson, MD",0.0,no cell in the extract: territory at zero opportunity
ifa_southatl_merge,26386,ifa,WV,IFA,IFA_06,IFA,,54033,17220,5449252,"IFA Baltimore-Columbia-Towson, MD",0.0,no cell in the extract: territory at zero opportunity
ifa_southatl_merge,26404,ifa,WV,IFA,IFA_06,IFA,,54033,17220,,"IFA Baltimore-Columbia-Towson, MD",0.0,no cell in the extract: territory at zero opportunity
ifa_southatl_merge,26405,ifa,WV,IFA,IFA_06,IFA,,54001,,,"IFA Baltimore-Columbia-Towson, MD",0.0,no cell in the extract: territory at zero opportunity
ifa_southatl_merge,26408,ifa,WV,IFA,IFA_06,IFA,,54033,17220,5448748,"IFA Baltimore-Columbia-Towson, MD",0.0,no cell in the extract: territory at zero opportunity
ifa_southatl_merge,26410,ifa,WV,IFA,IFA_06,IFA,,54077,34060,5458300,"IFA Baltimore-Columbia-Towson, MD",0.0,no cell in the extract: territory at zero opportunity
ifa_southatl_merge,26411,ifa,WV,IFA,IFA_06,IFA,,54017,17220,,"IFA Baltimore-Columbia-Towson, MD",0.0,no cell in the extract: territory at zero opportunity
ifa_southatl_merge,26412,ifa,WV,IFA,IFA_06,IFA,,54041,,5411716,"IFA Baltimore-Columbia-Towson, MD",0.0,no cell in the extract: territory at zero opportunity
ifa_southatl_merge,26415,ifa,WV,IFA,IFA_06,IFA,,54085,,5462764,"IFA Baltimore-Columbia-Towson, MD",0.0,no cell in the extract: territory at zero opportunity
ifa_southatl_merge,26416,ifa,WV,IFA,IFA_06,IFA,,54001,,5463292,"IFA Baltimore-Columbia-Towson, MD",0.0,no cell in the extract: territory at zero opportunity
ifa_southatl_merge,26419,ifa,WV,IFA,IFA_06,IFA,,54103,,5463892,"IFA Baltimore-Columbia-Towson, MD",0.0,no cell in the extract: territory at zero opportunity
ifa_southatl_merge,26421,ifa,WV,IFA,IFA_06,IFA,,54085,,5465956,"IFA Baltimore-Columbia-Towson, MD",0.0,no cell in the extract: territory at zero opportunity
ifa_southatl_merge,26422,ifa,WV,IFA,IFA_06,IFA,,54033,17220,5467972,"IFA Baltimore-Columbia-Towson, MD",0.0,no cell in the extract: territory at zero opportunity
ifa_southatl_merge,26424,ifa,WV,IFA,IFA_06,IFA,,54091,17220,,"IFA Baltimore-Columbia-Towson, MD",0.0,no cell in the extract: territory at zero opportunity
ifa_southatl_merge,26425,ifa,WV,IFA,IFA_06,IFA,,54077,34060,5470588,"IFA Baltimore-Columbia-Towson, MD",0.0,no cell in the extract: territory at zero opportunity
ifa_southatl_merge,26426,ifa,WV,IFA,IFA_06,IFA,,54017,17220,5471380,"IFA Baltimore-Columbia-Towson, MD",0.0,no cell in the extract: territory at zero opportunity
ifa_southatl_merge,26430,ifa,WV,IFA,IFA_06,IFA,,54021,,5471620,"IFA Baltimore-Columbia-Towson, MD",0.0,no cell in the extract: territory at zero opportunity
ifa_southatl_merge,26431,ifa,WV,IFA,IFA_06,IFA,,54033,17220,5473636,"IFA Baltimore-Columbia-Towson, MD",0.0,no cell in the extract: territory at zero opportunity
ifa_southatl_merge,26435,ifa,WV,IFA,IFA_06,IFA,,54091,17220,,"IFA Baltimore-Columbia-Towson, MD",0.0,no cell in the extract: territory at zero opportunity
ifa_southatl_merge,26436,ifa,WV,IFA,IFA_06,IFA,,54017,17220,,"IFA Baltimore-Columbia-Towson, MD",0.0,no cell in the extract: territory at zero opportunity
ifa_southatl_merge,26437,ifa,WV,IFA,IFA_06,IFA,,54103,,5474788,"IFA Baltimore-Columbia-Towson, MD",0.0,no cell in the extract: territory at zero opportunity
ifa_southatl_merge,26438,ifa,WV,IFA,IFA_06,IFA,,54033,17220,5475796,"IFA Baltimore-Columbia-Towson, MD",0.0,no cell in the extract: territory at zero opportunity
ifa_southatl_merge,26440,ifa,WV,IFA,IFA_06,IFA,,54091,17220,,"IFA Baltimore-Columbia-Towson, MD",0.0,no cell in the extract: territory at zero opportunity
ifa_southatl_merge,26443,ifa,WV,IFA,IFA_06,IFA,,54021,,,"IFA Baltimore-Columbia-Towson, MD",0.0,no cell in the extract: territory at zero opportunity
ifa_southatl_merge,26444,ifa,WV,IFA,IFA_06,IFA,,54077,34060,5481268,"IFA Baltimore-Columbia-Towson, MD",0.0,no cell in the extract: territory at zero opportunity
ifa_southatl_merge,26447,ifa,WV,IFA,IFA_06,IFA,,54041,,,"IFA Baltimore-Columbia-Towson, MD",0.0,no cell in the extract: territory at zero opportunity
ifa_southatl_merge,26448,ifa,WV,IFA,IFA_06,IFA,,54033,17220,5484172,"IFA Baltimore-Columbia-Towson, MD",0.0,no cell in the extract: territory at zero opportunity
ifa_southatl_merge,26451,ifa,WV,IFA,IFA_06,IFA,,54033,17220,5485924,"IFA Baltimore-Columbia-Towson, MD",0.0,no cell in the extract: territory at zero opportunity
ifa_southatl_merge,26452,ifa,WV,IFA,IFA_06,IFA,,54041,,5485972,"IFA Baltimore-Columbia-Towson, MD",0.0,no cell in the extract: territory at zero opportunity
ifa_southatl_merge,26456,ifa,WV,IFA,IFA_06,IFA,,54017,17220,5486116,"IFA Baltimore-Columbia-Towson, MD",0.0,no cell in the extract: territory at zero opportunity
ifa_southatl_merge,26463,ifa,WV,IFA,IFA_06,IFA,,54033,17220,,"IFA Baltimore-Columbia-Towson, MD",0.0,no cell in the extract: territory at zero opportunity
ifa_southatl_merge,26501,ifa,WV,IFA,IFA_06,IFA,,54061,34060,5485996,"IFA Baltimore-Columbia-Towson, MD",12.7514,
ifa_southatl_merge,26505,ifa,WV,IFA,IFA_06,IFA,,54061,34060,5455756,"IFA Baltimore-Columbia-Towson, MD",10.049,
ifa_southatl_merge,26506,ifa,WV,IFA,IFA_06,IFA,,54061,34060,5455756,"IFA Baltimore-Columbia-Towson, MD",0.0,no cell in the extract: territory at zero opportunity
ifa_southatl_merge,26508,ifa,WV,IFA,IFA_06,IFA,,54061,34060,5414775,"IFA Baltimore-Columbia-Towson, MD",12.2456,
ifa_southatl_merge,26519,ifa,WV,IFA,IFA_06,IFA,,54077,34060,5400748,"IFA Baltimore-Columbia-Towson, MD",0.0,no cell in the extract: territory at zero opportunity
ifa_southatl_merge,26520,ifa,WV,IFA,IFA_06,IFA,,54077,34060,5402908,"IFA Baltimore-Columbia-Towson, MD",0.0,no cell in the extract: territory at zero opportunity
ifa_southatl_merge,26521,ifa,WV,IFA,IFA_06,IFA,,54061,34060,5408092,"IFA Baltimore-Columbia-Towson, MD",0.0,no cell in the extract: territory at zero opportunity
ifa_southatl_merge,26524,ifa,WV,IFA,IFA_06,IFA,,54077,34060,,"IFA Baltimore-Columbia-Towson, MD",0.0,no cell in the extract: territory at zero opportunity
ifa_southatl_merge,26525,ifa,WV,IFA,IFA_06,IFA,,54077,34060,5409844,"IFA Baltimore-Columbia-Towson, MD",0.0,no cell in the extract: territory at zero opportunity
ifa_southatl_merge,26534,ifa,WV,IFA,IFA_06,IFA,,54061,34060,5432932,"IFA Baltimore-Columbia-Towson, MD",0.0,no cell in the extract: territory at zero opportunity
ifa_southatl_merge,26537,ifa,WV,IFA,IFA_06,IFA,,54077,34060,5444044,"IFA Baltimore-Columbia-Towson, MD",0.0,no cell in the extract: territory at zero opportunity
ifa_southatl_merge,26541,ifa,WV,IFA,IFA_06,IFA,,54061,34060,5413756,"IFA Baltimore-Columbia-Towson, MD",0.0,no cell in the extract: territory at zero opportunity
ifa_southatl_merge,26542,ifa,WV,IFA,IFA_06,IFA,,54077,34060,5452228,"IFA Baltimore-Columbia-Towson, MD",0.0,no cell in the extract: territory at zero opportunity
ifa_southatl_merge,26543,ifa,WV,IFA,IFA_06,IFA,,54061,34060,5461180,"IFA Baltimore-Columbia-Towson, MD",0.0,no cell in the extract: territory at zero opportunity
ifa_southatl_merge,26544,ifa,WV,IFA,IFA_06,IFA,,54061,34060,5462788,"IFA Baltimore-Columbia-Towson, MD",0.0,no cell in the extract: territory at zero opportunity
ifa_southatl_merge,26546,ifa,WV,IFA,IFA_06,IFA,,54061,34060,5485996,"IFA Baltimore-Columbia-Towson, MD",0.0,no cell in the extract: territory at zero opportunity
ifa_southatl_merge,26547,ifa,WV,IFA,IFA_06,IFA,,54077,34060,5402908,"IFA Baltimore-Columbia-Towson, MD",0.0,no cell in the extract: territory at zero opportunity
ifa_southatl_merge,26554,ifa,WV,IFA,IFA_06,IFA,,54049,21900,5426452,"IFA Baltimore-Columbia-Towson, MD",4.43925,
ifa_southatl_merge,26559,ifa,WV,IFA,IFA_06,IFA,,54049,21900,5404612,"IFA Baltimore-Columbia-Towson, MD",0.0,no cell in the extract: territory at zero opportunity
ifa_southatl_merge,26560,ifa,WV,IFA,IFA_06,IFA,,54049,21900,5404900,"IFA Baltimore-Columbia-Towson, MD",0.0,no cell in the extract: territory at zero opportunity
ifa_southatl_merge,26562,ifa,WV,IFA,IFA_06,IFA,,54103,,,"IFA Baltimore-Columbia-Towson, MD",0.0,no cell in the extract: territory at zero opportunity
ifa_southatl_merge,26563,ifa,WV,IFA,IFA_06,IFA,,54049,21900,5413468,"IFA Baltimore-Columbia-Towson, MD",0.0,no cell in the extract: territory at zero opportunity
ifa_southatl_merge,26568,ifa,WV,IFA,IFA_06,IFA,,54033,17220,5425516,"IFA Baltimore-Columbia-Towson, MD",0.0,no cell in the extract: territory at zero opportunity
ifa_southatl_merge,26570,ifa,WV,IFA,IFA_06,IFA,,54061,34060,5426524,"IFA Baltimore-Columbia-Towson, MD",0.0,no cell in the extract: territory at zero opportunity
ifa_southatl_merge,26571,ifa,WV,IFA,IFA_06,IFA,,54049,21900,5426932,"IFA Baltimore-Columbia-Towson, MD",0.0,no cell in the extract: territory at zero opportunity
ifa_southatl_merge,26572,ifa,WV,IFA,IFA_06,IFA,,54049,21900,,"IFA Baltimore-Columbia-Towson, MD",0.0,no cell in the extract: territory at zero opportunity
ifa_southatl_merge,26574,ifa,WV,IFA,IFA_06,IFA,,54049,21900,5432908,"IFA Baltimore-Columbia-Towson, MD",0.0,no cell in the extract: territory at zero opportunity
ifa_southatl_merge,26575,ifa,WV,IFA,IFA_06,IFA,,54103,,5439340,"IFA Baltimore-Columbia-Towson, MD",0.0,no cell in the extract: territory at zero opportunity
ifa_southatl_merge,26576,ifa,WV,IFA,IFA_06,IFA,,54049,21900,5439676,"IFA Baltimore-Columbia-Towson, MD",0.0,no cell in the extract: territory at zero opportunity
ifa_southatl_merge,26581,ifa,WV,IFA,IFA_06,IFA,,54103,,5447788,"IFA Baltimore-Columbia-Towson, MD",0.0,no cell in the extract: territory at zero opportunity
ifa_southatl_merge,26582,ifa,WV,IFA,IFA_06,IFA,,54049,21900,5451100,"IFA Baltimore-Columbia-Towson, MD",0.0,no cell in the extract: territory at zero opportunity
ifa_southatl_merge,26585,ifa,WV,IFA,IFA_06,IFA,,54049,21900,,"IFA Baltimore-Columbia-Towson, MD",0.0,no cell in the extract: territory at zero opportunity
ifa_southatl_merge,26586,ifa,WV,IFA,IFA_06,IFA,,54049,21900,,"IFA Baltimore-Columbia-Towson, MD",0.0,no cell in the extract: territory at zero opportunity
ifa_southatl_merge,26587,ifa,WV,IFA,IFA_06,IFA,,54049,21900,5466460,"IFA Baltimore-Columbia-Towson, MD",0.0,no cell in the extract: territory at zero opportunity
ifa_southatl_merge,26588,ifa,WV,IFA,IFA_06,IFA,,54049,21900,5468908,"IFA Baltimore-Columbia-Towson, MD",0.0,no cell in the extract: territory at zero opportunity
ifa_southatl_merge,26590,ifa,WV,IFA,IFA_06,IFA,,54061,34060,,"IFA Baltimore-Columbia-Towson, MD",0.0,no cell in the extract: territory at zero opportunity
ifa_southatl_merge,26591,ifa,WV,IFA,IFA_06,IFA,,54049,21900,5488708,"IFA Baltimore-Columbia-Towson, MD",0.0,no cell in the extract: territory at zero opportunity
ifa_southatl_merge,26601,ifa,WV,IFA,IFA_06,IFA,,54007,,5478580,"IFA Baltimore-Columbia-Towson, MD",0.0,no cell in the extract: territory at zero opportunity
ifa_southatl_merge,26610,ifa,WV,IFA,IFA_06,IFA,,54067,,5407756,"IFA Baltimore-Columbia-Towson, MD",0.0,no cell in the extract: territory at zero opportunity
ifa_southatl_merge,26611,ifa,WV,IFA,IFA_06,IFA,,54021,,,"IFA Baltimore-Columbia-Towson, MD",0.0,no cell in the extract: territory at zero opportunity
ifa_southatl_merge,26615,ifa,WV,IFA,IFA_06,IFA,,54007,,,"IFA Baltimore-Columbia-Towson, MD",0.0,no cell in the extract: territory at zero opportunity
ifa_southatl_merge,26617,ifa,WV,IFA,IFA_06,IFA,,54067,,,"IFA Baltimore-Columbia-Towson, MD",0.0,no cell in the extract: territory at zero opportunity
ifa_southatl_merge,26619,ifa,WV,IFA,IFA_06,IFA,,54007,,,"IFA Baltimore-Columbia-Towson, MD",0.0,no cell in the extract: territory at zero opportunity
ifa_southatl_merge,26621,ifa,WV,IFA,IFA_06,IFA,,54007,,5427868,"IFA Baltimore-Columbia-Towson, MD",0.0,no cell in the extract: territory at zero opportunity
ifa_southatl_merge,26623,ifa,WV,IFA,IFA_06,IFA,,54007,,,"IFA Baltimore-Columbia-Towson, MD",0.0,no cell in the extract: territory at zero opportunity
ifa_southatl_merge,26624,ifa,WV,IFA,IFA_06,IFA,,54007,,5430220,"IFA Baltimore-Columbia-Towson, MD",0.0,no cell in the extract: territory at zero opportunity
ifa_southatl_merge,26627,ifa,WV,IFA,IFA_06,IFA,,54007,,,"IFA Baltimore-Columbia-Towson, MD",0.0,no cell in the extract: territory at zero opportunity
ifa_southatl_merge,26629,ifa,WV,IFA,IFA_06,IFA,,54007,,,"IFA Baltimore-Columbia-Towson, MD",0.0,no cell in the extract: territory at zero opportunity
ifa_southatl_merge,26631,ifa,WV,IFA,IFA_06,IFA,,54007,,,"IFA Baltimore-Columbia-Towson, MD",0.0,no cell in the extract: territory at zero opportunity
ifa_southatl_merge,26636,ifa,WV,IFA,IFA_06,IFA,,54007,,,"IFA Baltimore-Columbia-Towson, MD",0.0,no cell in the extract: territory at zero opportunity
ifa_southatl_merge,26638,ifa,WV,IFA,IFA_06,IFA,,54021,,,"IFA Baltimore-Columbia-Towson, MD",0.0,no cell in the extract: territory at zero opportunity
ifa_southatl_merge,26651,ifa,WV,IFA,IFA_06,IFA,,54067,,5477980,"IFA Baltimore-Columbia-Towson, MD",0.114958,
ifa_southatl_merge,26656,ifa,WV,IFA,IFA_06,IFA,,54067,,5406052,"IFA Baltimore-Columbia-Towson, MD",0.0,no cell in the extract: territory at zero opportunity
ifa_southatl_merge,26660,ifa,WV,IFA,IFA_06,IFA,,54067,,,"IFA Baltimore-Columbia-Towson, MD",0.0,no cell in the extract: territory at zero opportunity
ifa_southatl_merge,26662,ifa,WV,IFA,IFA_06,IFA,,54067,,,"IFA Baltimore-Columbia-Towson, MD",0.0,no cell in the extract: territory at zero opportunity
ifa_southatl_merge,26667,ifa,WV,IFA,IFA_06,IFA,,54067,,,"IFA Baltimore-Columbia-Towson, MD",0.0,no cell in the extract: territory at zero opportunity
ifa_southatl_merge,26671,ifa,WV,IFA,IFA_06,IFA,,54067,,,"IFA Baltimore-Columbia-Towson, MD",0.0,no cell in the extract: territory at zero opportunity
ifa_southatl_merge,26676,ifa,WV,IFA,IFA_06,IFA,,54067,,,"IFA Baltimore-Columbia-Towson, MD",0.0,no cell in the extract: territory at zero opportunity
ifa_southatl_merge,26678,ifa,WV,IFA,IFA_06,IFA,,54067,,,"IFA Baltimore-Columbia-Towson, MD",0.0,no cell in the extract: territory at zero opportunity
ifa_southatl_merge,26679,ifa,WV,IFA,IFA_06,IFA,,54067,,5477980,"IFA Baltimore-Columbia-Towson, MD",0.0,no cell in the extract: territory at zero opportunity
ifa_southatl_merge,26680,ifa,WV,IFA,IFA_06,IFA,,54019,13220,,"IFA Baltimore-Columbia-Towson, MD",0.0,no cell in the extract: territory at zero opportunity
ifa_southatl_merge,26681,ifa,WV,IFA,IFA_06,IFA,,54067,,5458180,"IFA Baltimore-Columbia-Towson, MD",0.0,no cell in the extract: territory at zero opportunity
ifa_southatl_merge,26684,ifa,WV,IFA,IFA_06,IFA,,54067,,,"IFA Baltimore-Columbia-Towson, MD",0.0,no cell in the extract: territory at zero opportunity
ifa_southatl_merge,26690,ifa,WV,IFA,IFA_06,IFA,,54019,13220,,"IFA Baltimore-Columbia-Towson, MD",0.0,no cell in the extract: territory at zero opportunity
ifa_southatl_merge,26691,ifa,WV,IFA,IFA_06,IFA,,54067,,5480476,"IFA Baltimore-Columbia-Towson, MD",0.0,no cell in the extract: territory at zero opportunity
ifa_southatl_merge,26704,ifa,WV,IFA,IFA_06,IFA,,54027,49020,,"IFA Baltimore-Columbia-Towson, MD",0.12632,
ifa_southatl_merge,26705,ifa,WV,IFA,IFA_06,IFA,,54077,34060,5403460,"IFA Baltimore-Columbia-Towson, MD",0.0,no cell in the extract: territory at zero opportunity
ifa_southatl_merge,26707,ifa,WV,IFA,IFA_06,IFA,,54023,,5404924,"IFA Baltimore-Columbia-Towson, MD",0.0,no cell in the extract: territory at zero opportunity
ifa_southatl_merge,26710,ifa,WV,IFA,IFA_06,IFA,,54057,19060,5411620,"IFA Baltimore-Columbia-Towson, MD",0.0,no cell in the extract: territory at zero opportunity
ifa_southatl_merge,26711,ifa,WV,IFA,IFA_06,IFA,,54027,49020,5413108,"IFA Baltimore-Columbia-Towson, MD",0.0,no cell in the extract: territory at zero opportunity
ifa_southatl_merge,26714,ifa,WV,IFA,IFA_06,IFA,,54027,49020,,"IFA Baltimore-Columbia-Towson, MD",0.0,no cell in the extract: territory at zero opportunity
ifa_southatl_merge,26716,ifa,WV,IFA,IFA_06,IFA,,54077,34060,,"IFA Baltimore-Columbia-Towson, MD",0.0,no cell in the extract: territory at zero opportunity
ifa_southatl_merge,26717,ifa,WV,IFA,IFA_06,IFA,,54057,19060,5424484,"IFA Baltimore-Columbia-Towson, MD",0.0,no cell in the extract: territory at zero opportunity
ifa_southatl_merge,26719,ifa,WV,IFA,IFA_06,IFA,,54057,19060,5428444,"IFA Baltimore-Columbia-Towson, MD",0.0,no cell in the extract: territory at zero opportunity
ifa_southatl_merge,26720,ifa,WV,IFA,IFA_06,IFA,,54023,,,"IFA Baltimore-Columbia-Towson, MD",0.0,no cell in the extract: territory at zero opportunity
ifa_southatl_merge,26722,ifa,WV,IFA,IFA_06,IFA,,54027,49020,5433436,"IFA Baltimore-Columbia-Towson, MD",0.0,no cell in the extract: territory at zero opportunity
ifa_southatl_merge,26726,ifa,WV,IFA,IFA_06,IFA,,54057,19060,5443492,"IFA Baltimore-Columbia-Towson, MD",0.0,no cell in the extract: territory at zero opportunity
ifa_southatl_merge,26731,ifa,WV,IFA,IFA_06,IFA,,54023,,,"IFA Baltimore-Columbia-Towson, MD",0.0,no cell in the extract: territory at zero opportunity
ifa_southatl_merge,26739,ifa,WV,IFA,IFA_06,IFA,,54023,,,"IFA Baltimore-Columbia-Towson, MD",0.0,no cell in the extract: territory at zero opportunity
ifa_southatl_merge,26743,ifa,WV,IFA,IFA_06,IFA,,54057,19060,,"IFA Baltimore-Columbia-Towson, MD",0.0,no cell in the extract: territory at zero opportunity
ifa_southatl_merge,26750,ifa,WV,IFA,IFA_06,IFA,,54057,19060,5463604,"IFA Baltimore-Columbia-Towson, MD",0.0,no cell in the extract: territory at zero opportunity
ifa_southatl_merge,26753,ifa,WV,IFA,IFA_06,IFA,,54057,19060,5413525,"IFA Baltimore-Columbia-Towson, MD",0.0,no cell in the extract: territory at zero opportunity
ifa_southatl_merge,26755,ifa,WV,IFA,IFA_06,IFA,,54027,49020,,"IFA Baltimore-Columbia-Towson, MD",0.0,no cell in the extract: territory at zero opportunity
ifa_southatl_merge,26757,ifa,WV,IFA,IFA_06,IFA,,54027,49020,5470084,"IFA Baltimore-Columbia-Towson, MD",0.0,no cell in the extract: territory at zero opportunity
ifa_southatl_merge,26761,ifa,WV,IFA,IFA_06,IFA,,54027,49020,,"IFA Baltimore-Columbia-Towson, MD",0.0,no cell in the extract: territory at zero opportunity
ifa_southatl_merge,26763,ifa,WV,IFA,IFA_06,IFA,,54027,49020,5476084,"IFA Baltimore-Columbia-Towson, MD",0.0,no cell in the extract: territory at zero opportunity
ifa_southatl_merge,26764,ifa,WV,IFA,IFA_06,IFA,,54077,34060,5479708,"IFA Baltimore-Columbia-Towson, MD",0.0,no cell in the extract: territory at zero opportunity
ifa_southatl_merge,26767,ifa,WV,IFA,IFA_06,IFA,,54057,19060,5487316,"IFA Baltimore-Columbia-Towson, MD",0.0,no cell in the extract: territory at zero opportunity
ifa_southatl_merge,26801,ifa,WV,IFA,IFA_06,IFA,,54031,,,"IFA Baltimore-Columbia-Towson, MD",0.0,no cell in the extract: territory at zero opportunity
ifa_southatl_merge,26802,ifa,WV,IFA,IFA_06,IFA,,54071,,5409868,"IFA Baltimore-Columbia-Towson, MD",0.0,no cell in the extract: territory at zero opportunity
ifa_southatl_merge,26804,ifa,WV,IFA,IFA_06,IFA,,54071,,,"IFA Baltimore-Columbia-Towson, MD",0.0,no cell in the extract: territory at zero opportunity
ifa_southatl_merge,26807,ifa,WV,IFA,IFA_06,IFA,,54071,,5429044,"IFA Baltimore-Columbia-Towson, MD",0.0,no cell in the extract: territory at zero opportunity
ifa_southatl_merge,26808,ifa,WV,IFA,IFA_06,IFA,,54027,49020,,"IFA Baltimore-Columbia-Towson, MD",0.0,no cell in the extract: territory at zero opportunity
ifa_southatl_merge,26810,ifa,WV,IFA,IFA_06,IFA,,54031,,,"IFA Baltimore-Columbia-Towson, MD",0.0,no cell in the extract: territory at zero opportunity
ifa_southatl_merge,26812,ifa,WV,IFA,IFA_06,IFA,,54031,,,"IFA Baltimore-Columbia-Towson, MD",0.0,no cell in the extract: territory at zero opportunity
ifa_southatl_merge,26814,ifa,WV,IFA,IFA_06,IFA,,54071,,,"IFA Baltimore-Columbia-Towson, MD",0.0,no cell in the extract: territory at zero opportunity
ifa_southatl_merge,26815,ifa,WV,IFA,IFA_06,IFA,,54071,,,"IFA Baltimore-Columbia-Towson, MD",0.0,no cell in the extract: territory at zero opportunity
ifa_southatl_merge,26817,ifa,WV,IFA,IFA_06,IFA,,54027,49020,,"IFA Baltimore-Columbia-Towson, MD",0.0,no cell in the extract: territory at zero opportunity
ifa_southatl_merge,26818,ifa,WV,IFA,IFA_06,IFA,,54031,,5455588,"IFA Baltimore-Columbia-Towson, MD",0.0,no cell in the extract: territory at zero opportunity
ifa_southatl_merge,26823,ifa,WV,IFA,IFA_06,IFA,,54027,49020,,"IFA Baltimore-Columbia-Towson, MD",0.0,no cell in the extract: territory at zero opportunity
ifa_southatl_merge,26833,ifa,WV,IFA,IFA_06,IFA,,54023,,,"IFA Baltimore-Columbia-Towson, MD",0.0,no cell in the extract: territory at zero opportunity
ifa_southatl_merge,26836,ifa,WV,IFA,IFA_06,IFA,,54031,,5455588,"IFA Baltimore-Columbia-Towson, MD",0.0,no cell in the extract: territory at zero opportunity
ifa_southatl_merge,26838,ifa,WV,IFA,IFA_06,IFA,,54031,,,"IFA Baltimore-Columbia-Towson, MD",0.0,no cell in the extract: territory at zero opportunity
ifa_southatl_merge,26845,ifa,WV,IFA,IFA_06,IFA,,54031,,,"IFA Baltimore-Columbia-Towson, MD",0.0,no cell in the extract: territory at zero opportunity
ifa_southatl_merge,26847,ifa,WV,IFA,IFA_06,IFA,,54023,,5462956,"IFA Baltimore-Columbia-Towson, MD",0.0,no cell in the extract: territory at zero opportunity
ifa_southatl_merge,26851,ifa,WV,IFA,IFA_06,IFA,,54031,,5484580,"IFA Baltimore-Columbia-Towson, MD",0.0,no cell in the extract: territory at zero opportunity
ifa_southatl_merge,26852,ifa,WV,IFA,IFA_06,IFA,,54027,49020,,"IFA Baltimore-Columbia-Towson, MD",0.0,no cell in the extract: territory at zero opportunity
ifa_southatl_merge,26855,ifa,WV,IFA,IFA_06,IFA,,54023,,,"IFA Baltimore-Columbia-Towson, MD",0.0,no cell in the extract: territory at zero opportunity
ifa_southatl_merge,26865,ifa,WV,IFA,IFA_06,IFA,,54027,49020,,"IFA Baltimore-Columbia-Towson, MD",0.0,no cell in the extract: territory at zero opportunity
ifa_southatl_merge,26866,ifa,WV,IFA,IFA_06,IFA,,54071,,,"IFA Baltimore-Columbia-Towson, MD",0.0,no cell in the extract: territory at zero opportunity
ifa_southatl_merge,26884,ifa,WV,IFA,IFA_06,IFA,,54071,,,"IFA Baltimore-Columbia-Towson, MD",0.0,no cell in the extract: territory at zero opportunity
ifa_southatl_merge,26886,ifa,WV,IFA,IFA_06,IFA,,54071,,,"IFA Baltimore-Columbia-Towson, MD",0.0,no cell in the extract: territory at zero opportunity
ifa_southatl_merge,27006,ifa,NC,IFA,IFA_07,IFA,,37059,49180,3700440,"IFA Charlotte-Concord-Gastonia, NC-SC / Raleigh-Cary, NC",0.11137,
ifa_southatl_merge,27007,ifa,NC,IFA,IFA_07,IFA,,37171,34340,,"IFA Charlotte-Concord-Gastonia, NC-SC / Raleigh-Cary, NC",0.0,no cell in the extract: territory at zero opportunity
ifa_southatl_merge,27009,ifa,NC,IFA,IFA_07,IFA,,37067,49180,,"IFA Charlotte-Concord-Gastonia, NC-SC / Raleigh-Cary, NC",0.0,no cell in the extract: territory at zero opportunity
ifa_southatl_merge,27011,ifa,NC,IFA,IFA_07,IFA,,37197,49180,3707140,"IFA Charlotte-Concord-Gastonia, NC-SC / Raleigh-Cary, NC",0.0,no cell in the extract: territory at zero opportunity
ifa_southatl_merge,27012,ifa,NC,IFA,IFA_07,IFA,,37067,49180,3712960,"IFA Charlotte-Concord-Gastonia, NC-SC / Raleigh-Cary, NC",1.62635,
ifa_southatl_merge,27013,ifa,NC,IFA,IFA_07,IFA,,37159,16740,3713000,"IFA Charlotte-Concord-Gastonia, NC-SC / Raleigh-Cary, NC",0.0670485,
ifa_southatl_merge,27014,ifa,NC,IFA,IFA_07,IFA,,37059,49180,3714460,"IFA Charlotte-Concord-Gastonia, NC-SC / Raleigh-Cary, NC",0.0,no cell in the extract: territory at zero opportunity
ifa_southatl_merge,27016,ifa,NC,IFA,IFA_07,IFA,,37169,49180,3716240,"IFA Charlotte-Concord-Gastonia, NC-SC / Raleigh-Cary, NC",0.0,no cell in the extract: territory at zero opportunity
ifa_southatl_merge,27017,ifa,NC,IFA,IFA_07,IFA,,37171,34340,3717340,"IFA Charlotte-Concord-Gastonia, NC-SC / Raleigh-Cary, NC",0.0,no cell in the extract: territory at zero opportunity
ifa_southatl_merge,27018,ifa,NC,IFA,IFA_07,IFA,,37197,49180,3762580,"IFA Charlotte-Concord-Gastonia, NC-SC / Raleigh-Cary, NC",0.0,no cell in the extract: territory at zero opportunity
ifa_southatl_merge,27019,ifa,NC,IFA,IFA_07,IFA,,37169,49180,3725880,"IFA Charlotte-Concord-Gastonia, NC-SC / Raleigh-Cary, NC",0.0,no cell in the extract: territory at zero opportunity
ifa_southatl_merge,27020,ifa,NC,IFA,IFA_07,IFA,,37197,49180,,"IFA Charlotte-Concord-Gastonia, NC-SC / Raleigh-Cary, NC",0.0,no cell in the extract: territory at zero opportunity
ifa_southatl_merge,27021,ifa,NC,IFA,IFA_07,IFA,,37169,49180,3735760,"IFA Charlotte-Concord-Gastonia, NC-SC / Raleigh-Cary, NC",0.00119318,
ifa_southatl_merge,27022,ifa,NC,IFA,IFA_07,IFA,,37169,49180,,"IFA Charlotte-Concord-Gastonia, NC-SC / Raleigh-Cary, NC",0.0,no cell in the extract: territory at zero opportunity
ifa_southatl_merge,27023,ifa,NC,IFA,IFA_07,IFA,,37067,49180,3738040,"IFA Charlotte-Concord-Gastonia, NC-SC / Raleigh-Cary, NC",1.81468,
ifa_southatl_merge,27024,ifa,NC,IFA,IFA_07,IFA,,37171,34340,3739540,"IFA Charlotte-Concord-Gastonia, NC-SC / Raleigh-Cary, NC",0.0,no cell in the extract: territory at zero opportunity
ifa_southatl_merge,27025,ifa,NC,IFA,IFA_07,IFA,,37157,24660,3740560,"IFA Charlotte-Concord-Gastonia, NC-SC / Raleigh-Cary, NC",8.16633,
ifa_southatl_merge,27027,ifa,NC,IFA,IFA_07,IFA,,37157,24660,3742060,"IFA Charlotte-Concord-Gastonia, NC-SC / Raleigh-Cary, NC",0.0,no cell in the extract: territory at zero opportunity
ifa_southatl_merge,27028,ifa,NC,IFA,IFA_07,IFA,,37059,49180,3743720,"IFA Charlotte-Concord-Gastonia, NC-SC / Raleigh-Cary, NC",0.0,no cell in the extract: territory at zero opportunity
ifa_southatl_merge,27030,ifa,NC,IFA,IFA_07,IFA,,37171,34340,3744800,"IFA Charlotte-Concord-Gastonia, NC-SC / Raleigh-Cary, NC",0.211829,
ifa_southatl_merge,27040,ifa,NC,IFA,IFA_07,IFA,,37067,49180,3775000,"IFA Charlotte-Concord-Gastonia, NC-SC / Raleigh-Cary, NC",0.0,no cell in the extract: territory at zero opportunity
ifa_southatl_merge,27041,ifa,NC,IFA,IFA_07,IFA,,37171,34340,3751820,"IFA Charlotte-Concord-Gastonia, NC-SC / Raleigh-Cary, NC",0.0,no cell in the extract: territory at zero opportunity
ifa_southatl_merge,27042,ifa,NC,IFA,IFA_07,IFA,,37169,49180,,"IFA Charlotte-Concord-Gastonia, NC-SC / Raleigh-Cary, NC",0.0,no cell in the extract: territory at zero opportunity
ifa_southatl_merge,27043,ifa,NC,IFA,IFA_07,IFA,,37169,49180,3752500,"IFA Charlotte-Concord-Gastonia, NC-SC / Raleigh-Cary, NC",0.0,no cell in the extract: territory at zero opportunity
ifa_southatl_merge,27045,ifa,NC,IFA,IFA_07,IFA,,37067,49180,3758360,"IFA Charlotte-Concord-Gastonia, NC-SC / Raleigh-Cary, NC",5.68588e-05,
ifa_southatl_merge,27046,ifa,NC,IFA,IFA_07,IFA,,37169,49180,,"IFA Charlotte-Concord-Gastonia, NC-SC / Raleigh-Cary, NC",0.0,no cell in the extract: territory at zero opportunity
ifa_southatl_merge,27047,ifa,NC,IFA,IFA_07,IFA,,37171,34340,,"IFA Charlotte-Concord-Gastonia, NC-SC / Raleigh-Cary, NC",0.0,no cell in the extract: territory at zero opportunity
ifa_southatl_merge,27048,ifa,NC,IFA,IFA_07,IFA,,37157,24660,3765100,"IFA Charlotte-Concord-Gastonia, NC-SC / Raleigh-Cary, NC",0.0,no cell in the extract: territory at zero opportunity
ifa_southatl_merge,27050,ifa,NC,IFA,IFA_07,IFA,,37067,49180,3767720,"IFA Charlotte-Concord-Gastonia, NC-SC / Raleigh-Cary, NC",0.0,no cell in the extract: territory at zero opportunity
ifa_southatl_merge,27051,ifa,NC,IFA,IFA_07,IFA,,37067,49180,3770660,"IFA Charlotte-Concord-Gastonia, NC-SC / Raleigh-Cary, NC",0.0,no cell in the extract: territory at zero opportunity
ifa_southatl_merge,27052,ifa,NC,IFA,IFA_07,IFA,,37169,49180,3770780,"IFA Charlotte-Concord-Gastonia, NC-SC / Raleigh-Cary, NC",0.0,no cell in the extract: territory at zero opportunity
ifa_southatl_merge,27053,ifa,NC,IFA,IFA_07,IFA,,37169,49180,,"IFA Charlotte-Concord-Gastonia, NC-SC / Raleigh-Cary, NC",0.0,no cell in the extract: territory at zero opportunity
ifa_southatl_merge,27054,ifa,NC,IFA,IFA_07,IFA,,37159,16740,,"IFA Charlotte-Concord-Gastonia, NC-SC / Raleigh-Cary, NC",0.0,no cell in the extract: territory at zero opportunity
ifa_southatl_merge,27055,ifa,NC,IFA,IFA_07,IFA,,37197,49180,3775960,"IFA Charlotte-Concord-Gastonia, NC-SC / Raleigh-Cary, NC",0.0,no cell in the extract: territory at zero opportunity
ifa_southatl_merge,27101,ifa,NC,IFA,IFA_07,IFA,,37067,49180,3775000,"IFA Charlotte-Concord-Gastonia, NC-SC / Raleigh-Cary, NC",8.89706,
ifa_southatl_merge,27103,ifa,NC,IFA,IFA_07,IFA,,37067,49180,3775000,"IFA Charlotte-Concord-Gastonia, NC-SC / Raleigh-Cary, NC",29.9255,
ifa_southatl_merge,27104,ifa,NC,IFA,IFA_07,IFA,,37067,49180,3775000,"IFA Charlotte-Concord-Gastonia, NC-SC / Raleigh-Cary, NC",12.7957,
ifa_southatl_merge,27105,ifa,NC,IFA,IFA_07,IFA,,37067,49180,3775000,"IFA Charlotte-Concord-Gastonia, NC-SC / Raleigh-Cary, NC",0.0,no cell in the extract: territory at zero opportunity
ifa_southatl_merge,27106,ifa,NC,IFA,IFA_07,IFA,,37067,49180,3775000,"IFA Charlotte-Concord-Gastonia, NC-SC / Raleigh-Cary, NC",1.48845,
ifa_southatl_merge,27107,ifa,NC,IFA,IFA_07,IFA,,37057,49180,3775000,"IFA Charlotte-Concord-Gastonia, NC-SC / Raleigh-Cary, NC",0.934587,
ifa_southatl_merge,27109,ifa,NC,IFA,IFA_07,IFA,,37067,49180,3775000,"IFA Charlotte-Concord-Gastonia, NC-SC / Raleigh-Cary, NC",0.0,no cell in the extract: territory at zero opportunity
ifa_southatl_merge,27110,ifa,NC,IFA,IFA_07,IFA,,37067,49180,3775000,"IFA Charlotte-Concord-Gastonia, NC-SC / Raleigh-Cary, NC",0.0,no cell in the extract: territory at zero opportunity
ifa_southatl_merge,27127,ifa,NC,IFA,IFA_07,IFA,,37067,49180,3775000,"IFA Charlotte-Concord-Gastonia, NC-SC / Raleigh-Cary, NC",0.335131,
ifa_southatl_merge,27201,ifa,NC,IFA,IFA_07,IFA,,37001,15500,3700640,"IFA Charlotte-Concord-Gastonia, NC-SC / Raleigh-Cary, NC",0.0,no cell in the extract: territory at zero opportunity
ifa_southatl_merge,27202,ifa,NC,IFA,IFA_07,IFA,,37001,15500,3701140,"IFA Charlotte-Concord-Gastonia, NC-SC / Raleigh-Cary, NC",0.0,no cell in the extract: territory at zero opportunity
ifa_southatl_merge,27203,ifa,NC,IFA,IFA_07,IFA,,37151,24660,3702080,"IFA Charlotte-Concord-Gastonia, NC-SC / Raleigh-Cary, NC",4.05266,
ifa_southatl_merge,27205,ifa,NC,IFA,IFA_07,IFA,,37151,24660,3702080,"IFA Charlotte-Concord-Gastonia, NC-SC / Raleigh-Cary, NC",0.0,no cell in the extract: territory at zero opportunity
ifa_southatl_merge,27207,ifa,NC,IFA,IFA_07,IFA,,37037,20500,3726920,"IFA Charlotte-Concord-Gastonia, NC-SC / Raleigh-Cary, NC",0.0,no cell in the extract: territory at zero opportunity
ifa_southatl_merge,27208,ifa,NC,IFA,IFA_07,IFA,,37037,20500,3705020,"IFA Charlotte-Concord-Gastonia, NC-SC / Raleigh-Cary, NC",0.0,no cell in the extract: territory at zero opportunity
ifa_southatl_merge,27209,ifa,NC,IFA,IFA_07,IFA,,37123,,3706000,"IFA Charlotte-Concord-Gastonia, NC-SC / Raleigh-Cary, NC",0.0,no cell in the extract: territory at zero opportunity
ifa_southatl_merge,27212,ifa,NC,IFA,IFA_07,IFA,,37033,,3776000,"IFA Charlotte-Concord-Gastonia, NC-SC / Raleigh-Cary, NC",0.0,no cell in the extract: territory at zero opportunity
ifa_southatl_merge,27213,ifa,NC,IFA,IFA_07,IFA,,37037,20500,,"IFA Charlotte-Concord-Gastonia, NC-SC / Raleigh-Cary, NC",0.0,no cell in the extract: territory at zero opportunity
ifa_southatl_merge,27214,ifa,NC,IFA,IFA_07,IFA,,37081,24660,3728000,"IFA Charlotte-Concord-Gastonia, NC-SC / Raleigh-Cary, NC",0.0,no cell in the extract: territory at zero opportunity
ifa_southatl_merge,27215,ifa,NC,IFA,IFA_07,IFA,,37001,15500,3709060,"IFA Charlotte-Concord-Gastonia, NC-SC / Raleigh-Cary, NC",13.2985,
ifa_southatl_merge,27217,ifa,NC,IFA,IFA_07,IFA,,37001,15500,3709060,"IFA Charlotte-Concord-Gastonia, NC-SC / Raleigh-Cary, NC",0.0,no cell in the extract: territory at zero opportunity
ifa_southatl_merge,27229,ifa,NC,IFA,IFA_07,IFA,,37123,,3710120,"IFA Charlotte-Concord-Gastonia, NC-SC / Raleigh-Cary, NC",0.0,no cell in the extract: territory at zero opportunity
ifa_southatl_merge,27231,ifa,NC,IFA,IFA_07,IFA,,37135,20500,,"IFA Charlotte-Concord-Gastonia, NC-SC / Raleigh-Cary, NC",0.0,no cell in the extract: territory at zero opportunity
ifa_southatl_merge,27233,ifa,NC,IFA,IFA_07,IFA,,37151,24660,,"IFA Charlotte-Concord-Gastonia, NC-SC / Raleigh-Cary, NC",0.0,no cell in the extract: territory at zero opportunity
ifa_southatl_merge,27235,ifa,NC,IFA,IFA_07,IFA,,37081,24660,3731400,"IFA Charlotte-Concord-Gastonia, NC-SC / Raleigh-Cary, NC",0.0,no cell in the extract: territory at zero opportunity
ifa_southatl_merge,27239,ifa,NC,IFA,IFA_07,IFA,,37057,49180,3716980,"IFA Charlotte-Concord-Gastonia, NC-SC / Raleigh-Cary, NC",0.0,no cell in the extract: territory at zero opportunity
ifa_southatl_merge,27242,ifa,NC,IFA,IFA_07,IFA,,37125,38240,3757000,"IFA Charlotte-Concord-Gastonia, NC-SC / Raleigh-Cary, NC",0.0,no cell in the extract: territory at zero opportunity
ifa_southatl_merge,27243,ifa,NC,IFA,IFA_07,IFA,,37135,20500,3720420,"IFA Charlotte-Concord-Gastonia, NC-SC / Raleigh-Cary, NC",0.0,no cell in the extract: territory at zero opportunity
ifa_southatl_merge,27244,ifa,NC,IFA,IFA_07,IFA,,37001,15500,3721095,"IFA Charlotte-Concord-Gastonia, NC-SC / Raleigh-Cary, NC",0.0,no cell in the extract: territory at zero opportunity
ifa_southatl_merge,27247,ifa,NC,IFA,IFA_07,IFA,,37123,,,"IFA Charlotte-Concord-Gastonia, NC-SC / Raleigh-Cary, NC",0.0,no cell in the extract: territory at zero opportunity
ifa_southatl_merge,27248,ifa,NC,IFA,IFA_07,IFA,,37151,24660,3724740,"IFA Charlotte-Concord-Gastonia, NC-SC / Raleigh-Cary, NC",0.0,no cell in the extract: territory at zero opportunity
ifa_southatl_merge,27249,ifa,NC,IFA,IFA_07,IFA,,37081,24660,3725980,"IFA Charlotte-Concord-Gastonia, NC-SC / Raleigh-Cary, NC",0.0,no cell in the extract: territory at zero opportunity
ifa_southatl_merge,27252,ifa,NC,IFA,IFA_07,IFA,,37037,20500,3726920,"IFA Charlotte-Concord-Gastonia, NC-SC / Raleigh-Cary, NC",0.0,no cell in the extract: territory at zero opportunity
ifa_southatl_merge,27253,ifa,NC,IFA,IFA_07,IFA,,37001,15500,3727280,"IFA Charlotte-Concord-Gastonia, NC-SC / Raleigh-Cary, NC",4.21444,
ifa_southatl_merge,27256,ifa,NC,IFA,IFA_07,IFA,,37037,20500,3728600,"IFA Charlotte-Concord-Gastonia, NC-SC / Raleigh-Cary, NC",0.0,no cell in the extract: territory at zero opportunity
ifa_southatl_merge,27258,ifa,NC,IFA,IFA_07,IFA,,37001,15500,3730260,"IFA Charlotte-Concord-Gastonia, NC-SC / Raleigh-Cary, NC",0.0,no cell in the extract: territory at zero opportunity
ifa_southatl_merge,27259,ifa,NC,IFA,IFA_07,IFA,,37125,38240,,"IFA Charlotte-Concord-Gastonia, NC-SC / Raleigh-Cary, NC",0.0,no cell in the extract: territory at zero opportunity
ifa_southatl_merge,27260,ifa,NC,IFA,IFA_07,IFA,,37081,24660,3731400,"IFA Charlotte-Concord-Gastonia, NC-SC / Raleigh-Cary, NC",0.0,no cell in the extract: territory at zero opportunity
ifa_southatl_merge,27262,ifa,NC,IFA,IFA_07,IFA,,37081,24660,3731400,"IFA Charlotte-Concord-Gastonia, NC-SC / Raleigh-Cary, NC",2.52522,
ifa_southatl_merge,27263,ifa,NC,IFA,IFA_07,IFA,,37151,24660,3701720,"IFA Charlotte-Concord-Gastonia, NC-SC / Raleigh-Cary, NC",0.0,no cell in the extract: territory at zero opportunity
ifa_southatl_merge,27265,ifa,NC,IFA,IFA_07,IFA,,37081,24660,3731400,"IFA Charlotte-Concord-Gastonia, NC-SC / Raleigh-Cary, NC",9.90503,
ifa_southatl_merge,27268,ifa,NC,IFA,IFA_07,IFA,,37081,24660,3731400,"IFA Charlotte-Concord-Gastonia, NC-SC / Raleigh-Cary, NC",0.0,no cell in the extract: territory at zero opportunity
ifa_southatl_merge,27278,ifa,NC,IFA,IFA_07,IFA,,37135,20500,3731620,"IFA Charlotte-Concord-Gastonia, NC-SC / Raleigh-Cary, NC",0.740362,
ifa_southatl_merge,27281,ifa,NC,IFA,IFA_07,IFA,,37125,38240,3724570,"IFA Charlotte-Concord-Gastonia, NC-SC / Raleigh-Cary, NC",0.0,no cell in the extract: territory at zero opportunity
ifa_southatl_merge,27282,ifa,NC,IFA,IFA_07,IFA,,37081,24660,3731400,"IFA Charlotte-Concord-Gastonia, NC-SC / Raleigh-Cary, NC",0.0,no cell in the extract: territory at zero opportunity
ifa_southatl_merge,27283,ifa,NC,IFA,IFA_07,IFA,,37081,24660,,"IFA Charlotte-Concord-Gastonia, NC-SC / Raleigh-Cary, NC",0.0,no cell in the extract: territory at zero opportunity
ifa_southatl_merge,27284,ifa,NC,IFA,IFA_07,IFA,,37067,49180,3735600,"IFA Charlotte-Concord-Gastonia, NC-SC / Raleigh-Cary, NC",8.454,
ifa_southatl_merge,27288,ifa,NC,IFA,IFA_07,IFA,,37157,24660,3720080,"IFA Charlotte-Concord-Gastonia, NC-SC / Raleigh-Cary, NC",0.0,no cell in the extract: territory at zero opportunity
ifa_southatl_merge,27291,ifa,NC,IFA,IFA_07,IFA,,37033,,,"IFA Charlotte-Concord-Gastonia, NC-SC / Raleigh-Cary, NC",0.0,no cell in the extract: territory at zero opportunity
ifa_southatl_merge,27292,ifa,NC,IFA,IFA_07,IFA,,37057,49180,3738060,"IFA Charlotte-Concord-Gastonia, NC-SC / Raleigh-Cary, NC",0.158531,
ifa_southatl_merge,27295,ifa,NC,IFA,IFA_07,IFA,,37057,49180,3769020,"IFA Charlotte-Concord-Gastonia, NC-SC / Raleigh-Cary, NC",0.0,no cell in the extract: territory at zero opportunity
ifa_southatl_merge,27298,ifa,NC,IFA,IFA_07,IFA,,37151,24660,3738100,"IFA Charlotte-Concord-Gastonia, NC-SC / Raleigh-Cary, NC",1.03502,
ifa_southatl_merge,27299,ifa,NC,IFA,IFA_07,IFA,,37057,49180,3769020,"IFA Charlotte-Concord-Gastonia, NC-SC / Raleigh-Cary, NC",0.0,no cell in the extract: territory at zero opportunity
ifa_southatl_merge,27301,ifa,NC,IFA,IFA_07,IFA,,37081,24660,3740460,"IFA Charlotte-Concord-Gastonia, NC-SC / Raleigh-Cary, NC",0.0,no cell in the extract: territory at zero opportunity
ifa_southatl_merge,27302,ifa,NC,IFA,IFA_07,IFA,,37001,15500,3742240,"IFA Charlotte-Concord-Gastonia, NC-SC / Raleigh-Cary, NC",0.262539,
ifa_southatl_merge,27305,ifa,NC,IFA,IFA_07,IFA,,37033,,3743300,"IFA Charlotte-Concord-Gastonia, NC-SC / Raleigh-Cary, NC",0.0,no cell in the extract: territory at zero opportunity
ifa_southatl_merge,27306,ifa,NC,IFA,IFA_07,IFA,,37123,,3744900,"IFA Charlotte-Concord-Gastonia, NC-SC / Raleigh-Cary, NC",0.0,no cell in the extract: territory at zero opportunity
ifa_southatl_merge,27310,ifa,NC,IFA,IFA_07,IFA,,37081,24660,3748480,"IFA Charlotte-Concord-Gastonia, NC-SC / Raleigh-Cary, NC",0.0,no cell in the extract: territory at zero opportunity
ifa_southatl_merge,27311,ifa,NC,IFA,IFA_07,IFA,,37033,,3758340,"IFA Charlotte-Concord-Gastonia, NC-SC / Raleigh-Cary, NC",0.0,no cell in the extract: territory at zero opportunity
ifa_southatl_merge,27312,ifa,NC,IFA,IFA_07,IFA,,37037,20500,3752660,"IFA Charlotte-Concord-Gastonia, NC-SC / Raleigh-Cary, NC",0.213348,
ifa_southatl_merge,27313,ifa,NC,IFA,IFA_07,IFA,,37081,24660,3752760,"IFA Charlotte-Concord-Gastonia, NC-SC / Raleigh-Cary, NC",0.368874,
ifa_southatl_merge,27314,ifa,NC,IFA,IFA_07,IFA,,37033,,,"IFA Charlotte-Concord-Gastonia, NC-SC / Raleigh-Cary, NC",0.0,no cell in the extract: territory at zero opportunity
ifa_southatl_merge,27315,ifa,NC,IFA,IFA_07,IFA,,37033,,,"IFA Charlotte-Concord-Gastonia, NC-SC / Raleigh-Cary, NC",0.0,no cell in the extract: territory at zero opportunity
ifa_southatl_merge,27316,ifa,NC,IFA,IFA_07,IFA,,37151,24660,3755040,"IFA Charlotte-Concord-Gastonia, NC-SC / Raleigh-Cary, NC",0.0,no cell in the extract: territory at zero opportunity
ifa_southatl_merge,27317,ifa,NC,IFA,IFA_07,IFA,,37151,24660,3755080,"IFA Charlotte-Concord-Gastonia, NC-SC / Raleigh-Cary, NC",0.0,no cell in the extract: territory at zero opportunity
ifa_southatl_merge,27320,ifa,NC,IFA,IFA_07,IFA,,37157,24660,3755900,"IFA Charlotte-Concord-Gastonia, NC-SC / Raleigh-Cary, NC",0.146501,
ifa_southatl_merge,27325,ifa,NC,IFA,IFA_07,IFA,,37125,38240,3757000,"IFA Charlotte-Concord-Gastonia, NC-SC / Raleigh-Cary, NC",0.0,no cell in the extract: territory at zero opportunity
ifa_southatl_merge,27326,ifa,NC,IFA,IFA_07,IFA,,37157,24660,3758340,"IFA Charlotte-Concord-Gastonia, NC-SC / Raleigh-Cary, NC",0.0,no cell in the extract: territory at zero opportunity
ifa_southatl_merge,27330,ifa,NC,IFA,IFA_07,IFA,,37105,41820,3759280,"IFA Charlotte-Concord-Gastonia, NC-SC / Raleigh-Cary, NC",2.05963,
ifa_southatl_merge,27332,ifa,NC,IFA,IFA_07,IFA,,37105,41820,3759280,"IFA Charlotte-Concord-Gastonia, NC-SC / Raleigh-Cary, NC",0.0,no cell in the extract: territory at zero opportunity
ifa_southatl_merge,27340,ifa,NC,IFA,IFA_07,IFA,,37001,15500,3759580,"IFA Charlotte-Concord-Gastonia, NC-SC / Raleigh-Cary, NC",0.0,no cell in the extract: territory at zero opportunity
ifa_southatl_merge,27341,ifa,NC,IFA,IFA_07,IFA,,37151,24660,3760080,"IFA Charlotte-Concord-Gastonia, NC-SC / Raleigh-Cary, NC",0.0,no cell in the extract: territory at zero opportunity
ifa_southatl_merge,27342,ifa,NC,IFA,IFA_07,IFA,,37081,24660,3760180,"IFA Charlotte-Concord-Gastonia, NC-SC / Raleigh-Cary, NC",0.0,no cell in the extract: territory at zero opportunity
ifa_southatl_merge,27343,ifa,NC,IFA,IFA_07,IFA,,37145,20500,,"IFA Charlotte-Concord-Gastonia, NC-SC / Raleigh-Cary, NC",0.0,no cell in the extract: territory at zero opportunity
ifa_southatl_merge,27344,ifa,NC,IFA,IFA_07,IFA,,37037,20500,3761860,"IFA Charlotte-Concord-Gastonia, NC-SC / Raleigh-Cary, NC",0.0,no cell in the extract: territory at zero opportunity
ifa_southatl_merge,27349,ifa,NC,IFA,IFA_07,IFA,,37001,15500,,"IFA Charlotte-Concord-Gastonia, NC-SC / Raleigh-Cary, NC",0.0,no cell in the extract: territory at zero opportunity
ifa_southatl_merge,27350,ifa,NC,IFA,IFA_07,IFA,,37151,24660,3755080,"IFA Charlotte-Concord-Gastonia, NC-SC / Raleigh-Cary, NC",0.0,no cell in the extract: territory at zero opportunity
ifa_southatl_merge,27351,ifa,NC,IFA,IFA_07,IFA,,37057,49180,3763360,"IFA Charlotte-Concord-Gastonia, NC-SC / Raleigh-Cary, NC",0.0,no cell in the extract: territory at zero opportunity
ifa_southatl_merge,27355,ifa,NC,IFA,IFA_07,IFA,,37151,24660,3764380,"IFA Charlotte-Concord-Gastonia, NC-SC / Raleigh-Cary, NC",0.0,no cell in the extract: territory at zero opportunity
ifa_southatl_merge,27356,ifa,NC,IFA,IFA_07,IFA,,37123,,3764580,"IFA Charlotte-Concord-Gastonia, NC-SC / Raleigh-Cary, NC",0.0,no cell in the extract: territory at zero opportunity
ifa_southatl_merge,27357,ifa,NC,IFA,IFA_07,IFA,,37157,24660,3765040,"IFA Charlotte-Concord-Gastonia, NC-SC / Raleigh-Cary, NC",0.0,no cell in the extract: territory at zero opportunity
ifa_southatl_merge,27358,ifa,NC,IFA,IFA_07,IFA,,37081,24660,3765580,"IFA Charlotte-Concord-Gastonia, NC-SC / Raleigh-Cary, NC",0.0,no cell in the extract: territory at zero opportunity
ifa_southatl_merge,27360,ifa,NC,IFA,IFA_07,IFA,,37057,49180,3767420,"IFA Charlotte-Concord-Gastonia, NC-SC / Raleigh-Cary, NC",0.0,no cell in the extract: territory at zero opportunity
ifa_southatl_merge,27370,ifa,NC,IFA,IFA_07,IFA,,37151,24660,3768400,"IFA Charlotte-Concord-Gastonia, NC-SC / Raleigh-Cary, NC",0.0,no cell in the extract: territory at zero opportunity
ifa_southatl_merge,27371,ifa,NC,IFA,IFA_07,IFA,,37123,,3768520,"IFA Charlotte-Concord-Gastonia, NC-SC / Raleigh-Cary, NC",0.0,no cell in the extract: territory at zero opportunity
ifa_southatl_merge,27374,ifa,NC,IFA,IFA_07,IFA,,37057,49180,3771760,"IFA Charlotte-Concord-Gastonia, NC-SC / Raleigh-Cary, NC",0.0,no cell in the extract: territory at zero opportunity
ifa_southatl_merge,27376,ifa,NC,IFA,IFA_07,IFA,,37125,38240,3760515,"IFA Charlotte-Concord-Gastonia, NC-SC / Raleigh-Cary, NC",2.84935,
ifa_southatl_merge,27377,ifa,NC,IFA,IFA_07,IFA,,37081,24660,3773760,"IFA Charlotte-Concord-Gastonia, NC-SC / Raleigh-Cary, NC",0.0,no cell in the extract: territory at zero opportunity
ifa_southatl_merge,27379,ifa,NC,IFA,IFA_07,IFA,,37033,,3776000,"IFA Charlotte-Concord-Gastonia, NC-SC / Raleigh-Cary, NC",0.370736,
ifa_southatl_merge,27401,ifa,NC,IFA,IFA_07,IFA,,37081,24660,3728000,"IFA Charlotte-Concord-Gastonia, NC-SC / Raleigh-Cary, NC",4.91145,
ifa_southatl_merge,27403,ifa,NC,IFA,IFA_07,IFA,,37081,24660,3728000,"IFA Charlotte-Concord-Gastonia, NC-SC / Raleigh-Cary, NC",0.198863,
ifa_southatl_merge,27405,ifa,NC,IFA,IFA_07,IFA,,37081,24660,3728000,"IFA Charlotte-Concord-Gastonia, NC-SC / Raleigh-Cary, NC",0.852503,
ifa_southatl_merge,27406,ifa,NC,IFA,IFA_07,IFA,,37081,24660,3728000,"IFA Charlotte-Concord-Gastonia, NC-SC / Raleigh-Cary, NC",0.0,no cell in the extract: territory at zero opportunity
ifa_southatl_merge,27407,ifa,NC,IFA,IFA_07,IFA,,37081,24660,3728000,"IFA Charlotte-Concord-Gastonia, NC-SC / Raleigh-Cary, NC",0.0,no cell in the extract: territory at zero opportunity
ifa_southatl_merge,27408,ifa,NC,IFA,IFA_07,IFA,,37081,24660,3728000,"IFA Charlotte-Concord-Gastonia, NC-SC / Raleigh-Cary, NC",29.0234,
ifa_southatl_merge,27409,ifa,NC,IFA,IFA_07,IFA,,37081,24660,3728000,"IFA Charlotte-Concord-Gastonia, NC-SC / Raleigh-Cary, NC",1.14381,
ifa_southatl_merge,27410,ifa,NC,IFA,IFA_07,IFA,,37081,24660,3728000,"IFA Charlotte-Concord-Gastonia, NC-SC / Raleigh-Cary, NC",11.912,
ifa_southatl_merge,27411,ifa,NC,IFA,IFA_07,IFA,,37081,24660,3728000,"IFA Charlotte-Concord-Gastonia, NC-SC / Raleigh-Cary, NC",0.0,no cell in the extract: territory at zero opportunity
ifa_southatl_merge,27412,ifa,NC,IFA,IFA_07,IFA,,37081,24660,3728000,"IFA Charlotte-Concord-Gastonia, NC-SC / Raleigh-Cary, NC",0.0,no cell in the extract: territory at zero opportunity
ifa_southatl_merge,27455,ifa,NC,IFA,IFA_07,IFA,,37081,24660,3728000,"IFA Charlotte-Concord-Gastonia, NC-SC / Raleigh-Cary, NC",2.74673,
ifa_southatl_merge,27501,ifa,NC,IFA,IFA_07,IFA,,37085,11360,3701400,"IFA Charlotte-Concord-Gastonia, NC-SC / Raleigh-Cary, NC",0.0,no cell in the extract: territory at zero opportunity
ifa_southatl_merge,27502,ifa,NC,IFA,IFA_07,IFA,,37183,39580,3701520,"IFA Charlotte-Concord-Gastonia, NC-SC / Raleigh-Cary, NC",10.615,
ifa_southatl_merge,27503,ifa,NC,IFA,IFA_07,IFA,,37063,20500,3719000,"IFA Charlotte-Concord-Gastonia, NC-SC / Raleigh-Cary, NC",0.0,no cell in the extract: territory at zero opportunity
ifa_southatl_merge,27504,ifa,NC,IFA,IFA_07,IFA,,37101,39580,3705040,"IFA Charlotte-Concord-Gastonia, NC-SC / Raleigh-Cary, NC",0.0,no cell in the extract: territory at zero opportunity
ifa_southatl_merge,27505,ifa,NC,IFA,IFA_07,IFA,,37085,11360,3708080,"IFA Charlotte-Concord-Gastonia, NC-SC / Raleigh-Cary, NC",0.0,no cell in the extract: territory at zero opportunity
ifa_southatl_merge,27506,ifa,NC,IFA,IFA_07,IFA,,37085,11360,3708760,"IFA Charlotte-Concord-Gastonia, NC-SC / Raleigh-Cary, NC",0.0,no cell in the extract: territory at zero opportunity
ifa_southatl_merge,27507,ifa,NC,IFA,IFA_07,IFA,,37077,,,"IFA Charlotte-Concord-Gastonia, NC-SC / Raleigh-Cary, NC",0.0,no cell in the extract: territory at zero opportunity
ifa_southatl_merge,27508,ifa,NC,IFA,IFA_07,IFA,,37069,39580,3708860,"IFA Charlotte-Concord-Gastonia, NC-SC / Raleigh-Cary, NC",0.0,no cell in the extract: territory at zero opportunity
ifa_southatl_merge,27509,ifa,NC,IFA,IFA_07,IFA,,37077,,3709360,"IFA Charlotte-Concord-Gastonia, NC-SC / Raleigh-Cary, NC",0.0,no cell in the extract: territory at zero opportunity
ifa_southatl_merge,27510,ifa,NC,IFA,IFA_07,IFA,,37135,20500,3710620,"IFA Charlotte-Concord-Gastonia, NC-SC / Raleigh-Cary, NC",0.0,no cell in the extract: territory at zero opportunity
ifa_southatl_merge,27511,ifa,NC,IFA,IFA_07,IFA,,37183,39580,3710740,"IFA Charlotte-Concord-Gastonia, NC-SC / Raleigh-Cary, NC",21.0748,
ifa_southatl_merge,27513,ifa,NC,IFA,IFA_07,IFA,,37183,39580,3710740,"IFA Charlotte-Concord-Gastonia, NC-SC / Raleigh-Cary, NC",3.38219,
ifa_southatl_merge,27514,ifa,NC,IFA,IFA_07,IFA,,37135,20500,3711800,"IFA Charlotte-Concord-Gastonia, NC-SC / Raleigh-Cary, NC",0.0,no cell in the extract: territory at zero opportunity
ifa_southatl_merge,27516,ifa,NC,IFA,IFA_07,IFA,,37135,20500,3711800,"IFA Charlotte-Concord-Gastonia, NC-SC / Raleigh-Cary, NC",1.95402,
ifa_southatl_merge,27517,ifa,NC,IFA,IFA_07,IFA,,37037,20500,3711800,"IFA Charlotte-Concord-Gastonia, NC-SC / Raleigh-Cary, NC",5.10455,
ifa_southatl_merge,27518,ifa,NC,IFA,IFA_07,IFA,,37183,39580,3710740,"IFA Charlotte-Concord-Gastonia, NC-SC / Raleigh-Cary, NC",12.7562,
ifa_southatl_merge,27519,ifa,NC,IFA,IFA_07,IFA,,37183,39580,3710740,"IFA Charlotte-Concord-Gastonia, NC-SC / Raleigh-Cary, NC",4.18749,
ifa_southatl_merge,27520,ifa,NC,IFA,IFA_07,IFA,,37101,39580,3712860,"IFA Charlotte-Concord-Gastonia, NC-SC / Raleigh-Cary, NC",4.32502,
ifa_southatl_merge,27521,ifa,NC,IFA,IFA_07,IFA,,37085,11360,3713360,"IFA Charlotte-Concord-Gastonia, NC-SC / Raleigh-Cary, NC",0.0,no cell in the extract: territory at zero opportunity
ifa_southatl_merge,27522,ifa,NC,IFA,IFA_07,IFA,,37077,,3709360,"IFA Charlotte-Concord-Gastonia, NC-SC / Raleigh-Cary, NC",0.19643,
ifa_southatl_merge,27523,ifa,NC,IFA,IFA_07,IFA,,37037,20500,3701520,"IFA Charlotte-Concord-Gastonia, NC-SC / Raleigh-Cary, NC",0.203069,
ifa_southatl_merge,27524,ifa,NC,IFA,IFA_07,IFA,,37101,39580,3724520,"IFA Charlotte-Concord-Gastonia, NC-SC / Raleigh-Cary, NC",3.17438,
ifa_southatl_merge,27525,ifa,NC,IFA,IFA_07,IFA,,37069,39580,3724720,"IFA Charlotte-Concord-Gastonia, NC-SC / Raleigh-Cary, NC",0.0,no cell in the extract: territory at zero opportunity
ifa_southatl_merge,27526,ifa,NC,IFA,IFA_07,IFA,,37085,11360,3725300,"IFA Charlotte-Concord-Gastonia, NC-SC / Raleigh-Cary, NC",2.71316,
ifa_southatl_merge,27527,ifa,NC,IFA,IFA_07,IFA,,37101,39580,3701760,"IFA Charlotte-Concord-Gastonia, NC-SC / Raleigh-Cary, NC",0.29448,
ifa_southatl_merge,27529,ifa,NC,IFA,IFA_07,IFA,,37183,39580,3725480,"IFA Charlotte-Concord-Gastonia, NC-SC / Raleigh-Cary, NC",0.484869,
ifa_southatl_merge,27530,ifa,NC,IFA,IFA_07,IFA,,37191,24140,3726880,"IFA Charlotte-Concord-Gastonia, NC-SC / Raleigh-Cary, NC",0.0736587,
ifa_southatl_merge,27531,ifa,NC,IFA,IFA_07,IFA,,37191,24140,3726880,"IFA Charlotte-Concord-Gastonia, NC-SC / Raleigh-Cary, NC",0.0,no cell in the extract: territory at zero opportunity
ifa_southatl_merge,27533,ifa,NC,IFA,IFA_07,IFA,,37191,24140,3726880,"IFA Charlotte-Concord-Gastonia, NC-SC / Raleigh-Cary, NC",0.0,no cell in the extract: territory at zero opportunity
ifa_southatl_merge,27534,ifa,NC,IFA,IFA_07,IFA,,37191,24140,3726880,"IFA Charlotte-Concord-Gastonia, NC-SC / Raleigh-Cary, NC",3.21355,
ifa_southatl_merge,27536,ifa,NC,IFA,IFA_07,IFA,,37181,25780,3730660,"IFA Charlotte-Concord-Gastonia, NC-SC / Raleigh-Cary, NC",0.0,no cell in the extract: territory at zero opportunity
ifa_southatl_merge,27537,ifa,NC,IFA,IFA_07,IFA,,37181,25780,3730660,"IFA Charlotte-Concord-Gastonia, NC-SC / Raleigh-Cary, NC",0.0,no cell in the extract: territory at zero opportunity
ifa_southatl_merge,27539,ifa,NC,IFA,IFA_07,IFA,,37183,39580,3701520,"IFA Charlotte-Concord-Gastonia, NC-SC / Raleigh-Cary, NC",0.0,no cell in the extract: territory at zero opportunity
ifa_southatl_merge,27540,ifa,NC,IFA,IFA_07,IFA,,37183,39580,3732260,"IFA Charlotte-Concord-Gastonia, NC-SC / Raleigh-Cary, NC",2.11005,
ifa_southatl_merge,27541,ifa,NC,IFA,IFA_07,IFA,,37145,20500,,"IFA Charlotte-Concord-Gastonia, NC-SC / Raleigh-Cary, NC",0.0,no cell in the extract: territory at zero opportunity
ifa_southatl_merge,27542,ifa,NC,IFA,IFA_07,IFA,,37101,39580,3735540,"IFA Charlotte-Concord-Gastonia, NC-SC / Raleigh-Cary, NC",0.0,no cell in the extract: territory at zero opportunity
ifa_southatl_merge,27544,ifa,NC,IFA,IFA_07,IFA,,37181,25780,3736020,"IFA Charlotte-Concord-Gastonia, NC-SC / Raleigh-Cary, NC",0.0,no cell in the extract: territory at zero opportunity
ifa_southatl_merge,27545,ifa,NC,IFA,IFA_07,IFA,,37183,39580,3736080,"IFA Charlotte-Concord-Gastonia, NC-SC / Raleigh-Cary, NC",1.57671,
ifa_southatl_merge,27546,ifa,NC,IFA,IFA_07,IFA,,37085,11360,3738220,"IFA Charlotte-Concord-Gastonia, NC-SC / Raleigh-Cary, NC",0.0,no cell in the extract: territory at zero opportunity
ifa_southatl_merge,27549,ifa,NC,IFA,IFA_07,IFA,,37069,39580,3736513,"IFA Charlotte-Concord-Gastonia, NC-SC / Raleigh-Cary, NC",0.0,no cell in the extract: territory at zero opportunity
ifa_southatl_merge,27551,ifa,NC,IFA,IFA_07,IFA,,37185,,3740540,"IFA Charlotte-Concord-Gastonia, NC-SC / Raleigh-Cary, NC",0.0,no cell in the extract: territory at zero opportunity
ifa_southatl_merge,27553,ifa,NC,IFA,IFA_07,IFA,,37185,,,"IFA Charlotte-Concord-Gastonia, NC-SC / Raleigh-Cary, NC",0.0,no cell in the extract: territory at zero opportunity
ifa_southatl_merge,27555,ifa,NC,IFA,IFA_07,IFA,,37101,39580,3742620,"IFA Charlotte-Concord-Gastonia, NC-SC / Raleigh-Cary, NC",0.0,no cell in the extract: territory at zero opportunity
ifa_southatl_merge,27556,ifa,NC,IFA,IFA_07,IFA,,37181,25780,3742640,"IFA Charlotte-Concord-Gastonia, NC-SC / Raleigh-Cary, NC",0.0,no cell in the extract: territory at zero opportunity
ifa_southatl_merge,27557,ifa,NC,IFA,IFA_07,IFA,,37127,40580,3742700,"IFA Charlotte-Concord-Gastonia, NC-SC / Raleigh-Cary, NC",0.0,no cell in the extract: territory at zero opportunity
ifa_southatl_merge,27559,ifa,NC,IFA,IFA_07,IFA,,37037,20500,3743880,"IFA Charlotte-Concord-Gastonia, NC-SC / Raleigh-Cary, NC",0.0,no cell in the extract: territory at zero opportunity
ifa_southatl_merge,27560,ifa,NC,IFA,IFA_07,IFA,,37183,39580,3744520,"IFA Charlotte-Concord-Gastonia, NC-SC / Raleigh-Cary, NC",5.16203,
ifa_southatl_merge,27562,ifa,NC,IFA,IFA_07,IFA,,37037,20500,3701520,"IFA Charlotte-Concord-Gastonia, NC-SC / Raleigh-Cary, NC",0.0,no cell in the extract: territory at zero opportunity
ifa_southatl_merge,27563,ifa,NC,IFA,IFA_07,IFA,,37185,,3747240,"IFA Charlotte-Concord-Gastonia, NC-SC / Raleigh-Cary, NC",0.0,no cell in the extract: territory at zero opportunity
ifa_southatl_merge,27565,ifa,NC,IFA,IFA_07,IFA,,37077,,3749800,"IFA Charlotte-Concord-Gastonia, NC-SC / Raleigh-Cary, NC",0.0,no cell in the extract: territory at zero opportunity
ifa_southatl_merge,27568,ifa,NC,IFA,IFA_07,IFA,,37101,39580,3752020,"IFA Charlotte-Concord-Gastonia, NC-SC / Raleigh-Cary, NC",0.0,no cell in the extract: territory at zero opportunity
ifa_southatl_merge,27569,ifa,NC,IFA,IFA_07,IFA,,37101,39580,3753820,"IFA Charlotte-Concord-Gastonia, NC-SC / Raleigh-Cary, NC",0.0,no cell in the extract: territory at zero opportunity
ifa_southatl_merge,27570,ifa,NC,IFA,IFA_07,IFA,,37185,,,"IFA Charlotte-Concord-Gastonia, NC-SC / Raleigh-Cary, NC",0.0,no cell in the extract: territory at zero opportunity
ifa_southatl_merge,27571,ifa,NC,IFA,IFA_07,IFA,,37183,39580,3757640,"IFA Charlotte-Concord-Gastonia, NC-SC / Raleigh-Cary, NC",0.0,no cell in the extract: territory at zero opportunity
ifa_southatl_merge,27572,ifa,NC,IFA,IFA_07,IFA,,37145,20500,3758040,"IFA Charlotte-Concord-Gastonia, NC-SC / Raleigh-Cary, NC",0.0,no cell in the extract: territory at zero opportunity
ifa_southatl_merge,27573,ifa,NC,IFA,IFA_07,IFA,,37145,20500,3758160,"IFA Charlotte-Concord-Gastonia, NC-SC / Raleigh-Cary, NC",1.15876,
ifa_southatl_merge,27574,ifa,NC,IFA,IFA_07,IFA,,37145,20500,3758160,"IFA Charlotte-Concord-Gastonia, NC-SC / Raleigh-Cary, NC",0.0,no cell in the extract: territory at zero opportunity
ifa_southatl_merge,27576,ifa,NC,IFA,IFA_07,IFA,,37101,39580,3760320,"IFA Charlotte-Concord-Gastonia, NC-SC / Raleigh-Cary, NC",0.514821,
ifa_southatl_merge,27577,ifa,NC,IFA,IFA_07,IFA,,37101,39580,3762520,"IFA Charlotte-Concord-Gastonia, NC-SC / Raleigh-Cary, NC",1.63455,
ifa_southatl_merge,27581,ifa,NC,IFA,IFA_07,IFA,,37077,,3764940,"IFA Charlotte-Concord-Gastonia, NC-SC / Raleigh-Cary, NC",0.0,no cell in the extract: territory at zero opportunity
ifa_southatl_merge,27582,ifa,NC,IFA,IFA_07,IFA,,37077,,3765320,"IFA Charlotte-Concord-Gastonia, NC-SC / Raleigh-Cary, NC",0.0,no cell in the extract: territory at zero opportunity
ifa_southatl_merge,27583,ifa,NC,IFA,IFA_07,IFA,,37145,20500,3758040,"IFA Charlotte-Concord-Gastonia, NC-SC / Raleigh-Cary, NC",3.46344,
ifa_southatl_merge,27584,ifa,NC,IFA,IFA_07,IFA,,37181,25780,,"IFA Charlotte-Concord-Gastonia, NC-SC / Raleigh-Cary, NC",0.0,no cell in the extract: territory at zero opportunity
ifa_southatl_merge,27587,ifa,NC,IFA,IFA_07,IFA,,37183,39580,3770540,"IFA Charlotte-Concord-Gastonia, NC-SC / Raleigh-Cary, NC",6.10996,
ifa_southatl_merge,27589,ifa,NC,IFA,IFA_07,IFA,,37185,,3771100,"IFA Charlotte-Concord-Gastonia, NC-SC / Raleigh-Cary, NC",0.0,no cell in the extract: territory at zero opportunity
ifa_southatl_merge,27591,ifa,NC,IFA,IFA_07,IFA,,37183,39580,3771860,"IFA Charlotte-Concord-Gastonia, NC-SC / Raleigh-Cary, NC",4.07775,
ifa_southatl_merge,27592,ifa,NC,IFA,IFA_07,IFA,,37183,39580,3725300,"IFA Charlotte-Concord-Gastonia, NC-SC / Raleigh-Cary, NC",0.0,no cell in the extract: territory at zero opportunity
ifa_southatl_merge,27593,ifa,NC,IFA,IFA_07,IFA,,37101,39580,3774580,"IFA Charlotte-Concord-Gastonia, NC-SC / Raleigh-Cary, NC",0.0,no cell in the extract: territory at zero opportunity
ifa_southatl_merge,27594,ifa,NC,IFA,IFA_07,IFA,,37185,,,"IFA Charlotte-Concord-Gastonia, NC-SC / Raleigh-Cary, NC",0.0,no cell in the extract: territory at zero opportunity
ifa_southatl_merge,27596,ifa,NC,IFA,IFA_07,IFA,,37069,39580,3776200,"IFA Charlotte-Concord-Gastonia, NC-SC / Raleigh-Cary, NC",0.0,no cell in the extract: territory at zero opportunity
ifa_southatl_merge,27597,ifa,NC,IFA,IFA_07,IFA,,37183,39580,3776220,"IFA Charlotte-Concord-Gastonia, NC-SC / Raleigh-Cary, NC",0.0,no cell in the extract: territory at zero opportunity
ifa_southatl_merge,27599,ifa,NC,IFA,IFA_07,IFA,,37135,20500,3711800,"IFA Charlotte-Concord-Gastonia, NC-SC / Raleigh-Cary, NC",0.0,no cell in the extract: territory at zero opportunity
ifa_southatl_merge,27601,ifa,NC,IFA,IFA_07,IFA,,37183,39580,3755000,"IFA Charlotte-Concord-Gastonia, NC-SC / Raleigh-Cary, NC",2.45174,
ifa_southatl_merge,27603,ifa,NC,IFA,IFA_07,IFA,,37183,39580,3755000,"IFA Charlotte-Concord-Gastonia, NC-SC / Raleigh-Cary, NC",0.31845,
ifa_southatl_merge,27604,ifa,NC,IFA,IFA_07,IFA,,37183,39580,3755000,"IFA Charlotte-Concord-Gastonia, NC-SC / Raleigh-Cary, NC",4.08379,
ifa_southatl_merge,27605,ifa,NC,IFA,IFA_07,IFA,,37183,39580,3755000,"IFA Charlotte-Concord-Gastonia, NC-SC / Raleigh-Cary, NC",0.0140309,
ifa_southatl_merge,27606,ifa,NC,IFA,IFA_07,IFA,,37183,39580,3755000,"IFA Charlotte-Concord-Gastonia, NC-SC / Raleigh-Cary, NC",2.03237,
ifa_southatl_merge,27607,ifa,NC,IFA,IFA_07,IFA,,37183,39580,3755000,"IFA Charlotte-Concord-Gastonia, NC-SC / Raleigh-Cary, NC",18.4222,
ifa_southatl_merge,27608,ifa,NC,IFA,IFA_07,IFA,,37183,39580,3755000,"IFA Charlotte-Concord-Gastonia, NC-SC / Raleigh-Cary, NC",3.32654,
ifa_southatl_merge,27609,ifa,NC,IFA,IFA_07,IFA,,37183,39580,3755000,"IFA Charlotte-Concord-Gastonia, NC-SC / Raleigh-Cary, NC",29.6079,
ifa_southatl_merge,27610,ifa,NC,IFA,IFA_07,IFA,,37183,39580,3755000,"IFA Charlotte-Concord-Gastonia, NC-SC / Raleigh-Cary, NC",0.0699886,
ifa_southatl_merge,27612,ifa,NC,IFA,IFA_07,IFA,,37183,39580,3755000,"IFA Charlotte-Concord-Gastonia, NC-SC / Raleigh-Cary, NC",45.6989,
ifa_southatl_merge,27613,ifa,NC,IFA,IFA_07,IFA,,37183,39580,3755000,"IFA Charlotte-Concord-Gastonia, NC-SC / Raleigh-Cary, NC",3.56087,
ifa_southatl_merge,27614,ifa,NC,IFA,IFA_07,IFA,,37183,39580,3755000,"IFA Charlotte-Concord-Gastonia, NC-SC / Raleigh-Cary, NC",0.0211656,
ifa_southatl_merge,27615,ifa,NC,IFA,IFA_07,IFA,,37183,39580,3755000,"IFA Charlotte-Concord-Gastonia, NC-SC / Raleigh-Cary, NC",36.2643,
ifa_southatl_merge,27616,ifa,NC,IFA,IFA_07,IFA,,37183,39580,3755000,"IFA Charlotte-Concord-Gastonia, NC-SC / Raleigh-Cary, NC",0.0,no cell in the extract: territory at zero opportunity
ifa_southatl_merge,27617,ifa,NC,IFA,IFA_07,IFA,,37183,39580,3755000,"IFA Charlotte-Concord-Gastonia, NC-SC / Raleigh-Cary, NC",2.83109,
ifa_southatl_merge,27695,ifa,NC,IFA,IFA_07,IFA,,37183,39580,3755000,"IFA Charlotte-Concord-Gastonia, NC-SC / Raleigh-Cary, NC",0.0,no cell in the extract: territory at zero opportunity
ifa_southatl_merge,27697,ifa,NC,IFA,IFA_07,IFA,,37183,39580,3755000,"IFA Charlotte-Concord-Gastonia, NC-SC / Raleigh-Cary, NC",0.0,no cell in the extract: territory at zero opportunity
ifa_southatl_merge,27701,ifa,NC,IFA,IFA_07,IFA,,37063,20500,3719000,"IFA Charlotte-Concord-Gastonia, NC-SC / Raleigh-Cary, NC",1.21908,
ifa_southatl_merge,27703,ifa,NC,IFA,IFA_07,IFA,,37063,20500,3719000,"IFA Charlotte-Concord-Gastonia, NC-SC / Raleigh-Cary, NC",3.81054,
ifa_southatl_merge,27704,ifa,NC,IFA,IFA_07,IFA,,37063,20500,3719000,"IFA Charlotte-Concord-Gastonia, NC-SC / Raleigh-Cary, NC",0.0,no cell in the extract: territory at zero opportunity
ifa_southatl_merge,27705,ifa,NC,IFA,IFA_07,IFA,,37063,20500,3719000,"IFA Charlotte-Concord-Gastonia, NC-SC / Raleigh-Cary, NC",4.86265,
ifa_southatl_merge,27707,ifa,NC,IFA,IFA_07,IFA,,37063,20500,3719000,"IFA Charlotte-Concord-Gastonia, NC-SC / Raleigh-Cary, NC",1.55222,
ifa_southatl_merge,27708,ifa,NC,IFA,IFA_07,IFA,,37063,20500,3719000,"IFA Charlotte-Concord-Gastonia, NC-SC / Raleigh-Cary, NC",0.0,no cell in the extract: territory at zero opportunity
ifa_southatl_merge,27709,ifa,NC,IFA,IFA_07,IFA,,37063,20500,3719000,"IFA Charlotte-Concord-Gastonia, NC-SC / Raleigh-Cary, NC",0.0,no cell in the extract: territory at zero opportunity
ifa_southatl_merge,27712,ifa,NC,IFA,IFA_07,IFA,,37063,20500,3719000,"IFA Charlotte-Concord-Gastonia, NC-SC / Raleigh-Cary, NC",0.0,no cell in the extract: territory at zero opportunity
ifa_southatl_merge,27713,ifa,NC,IFA,IFA_07,IFA,,37063,20500,3719000,"IFA Charlotte-Concord-Gastonia, NC-SC / Raleigh-Cary, NC",18.7308,
ifa_southatl_merge,27801,ifa,NC,IFA,IFA_07,IFA,,37065,40580,3757500,"IFA Charlotte-Concord-Gastonia, NC-SC / Raleigh-Cary, NC",0.0,no cell in the extract: territory at zero opportunity
ifa_southatl_merge,27803,ifa,NC,IFA,IFA_07,IFA,,37127,40580,3757500,"IFA Charlotte-Concord-Gastonia, NC-SC / Raleigh-Cary, NC",0.0,no cell in the extract: territory at zero opportunity
ifa_southatl_merge,27804,ifa,NC,IFA,IFA_07,IFA,,37127,40580,3757500,"IFA Charlotte-Concord-Gastonia, NC-SC / Raleigh-Cary, NC",0.679498,
ifa_southatl_merge,27805,ifa,NC,IFA,IFA_07,IFA,,37015,,3702580,"IFA Charlotte-Concord-Gastonia, NC-SC / Raleigh-Cary, NC",0.0,no cell in the extract: territory at zero opportunity
ifa_southatl_merge,27806,ifa,NC,IFA,IFA_07,IFA,,37013,47820,3702620,"IFA Charlotte-Concord-Gastonia, NC-SC / Raleigh-Cary, NC",0.0,no cell in the extract: territory at zero opportunity
ifa_southatl_merge,27807,ifa,NC,IFA,IFA_07,IFA,,37127,40580,3703020,"IFA Charlotte-Concord-Gastonia, NC-SC / Raleigh-Cary, NC",0.0,no cell in the extract: territory at zero opportunity
ifa_southatl_merge,27808,ifa,NC,IFA,IFA_07,IFA,,37013,47820,3704040,"IFA Charlotte-Concord-Gastonia, NC-SC / Raleigh-Cary, NC",2.96763,
ifa_southatl_merge,27809,ifa,NC,IFA,IFA_07,IFA,,37065,40580,3755640,"IFA Charlotte-Concord-Gastonia, NC-SC / Raleigh-Cary, NC",0.0,no cell in the extract: territory at zero opportunity
ifa_southatl_merge,27810,ifa,NC,IFA,IFA_07,IFA,,37095,,3704640,"IFA Charlotte-Concord-Gastonia, NC-SC / Raleigh-Cary, NC",0.0,no cell in the extract: territory at zero opportunity
ifa_southatl_merge,27812,ifa,NC,IFA,IFA_07,IFA,,37147,24780,3705460,"IFA Charlotte-Concord-Gastonia, NC-SC / Raleigh-Cary, NC",0.0,no cell in the extract: territory at zero opportunity
ifa_southatl_merge,27813,ifa,NC,IFA,IFA_07,IFA,,37195,48980,3706080,"IFA Charlotte-Concord-Gastonia, NC-SC / Raleigh-Cary, NC",0.0,no cell in the extract: territory at zero opportunity
ifa_southatl_merge,27814,ifa,NC,IFA,IFA_07,IFA,,37013,47820,,"IFA Charlotte-Concord-Gastonia, NC-SC / Raleigh-Cary, NC",0.0,no cell in the extract: territory at zero opportunity
ifa_southatl_merge,27815,ifa,NC,IFA,IFA_07,IFA,,37065,40580,,"IFA Charlotte-Concord-Gastonia, NC-SC / Raleigh-Cary, NC",0.0,no cell in the extract: territory at zero opportunity
ifa_southatl_merge,27816,ifa,NC,IFA,IFA_07,IFA,,37069,39580,3710860,"IFA Charlotte-Concord-Gastonia, NC-SC / Raleigh-Cary, NC",0.0,no cell in the extract: territory at zero opportunity
ifa_southatl_merge,27817,ifa,NC,IFA,IFA_07,IFA,,37013,47820,3716084,"IFA Charlotte-Concord-Gastonia, NC-SC / Raleigh-Cary, NC",0.0,no cell in the extract: territory at zero opportunity
ifa_southatl_merge,27818,ifa,NC,IFA,IFA_07,IFA,,37091,,3714060,"IFA Charlotte-Concord-Gastonia, NC-SC / Raleigh-Cary, NC",0.0,no cell in the extract: territory at zero opportunity
ifa_southatl_merge,27819,ifa,NC,IFA,IFA_07,IFA,,37065,40580,3714200,"IFA Charlotte-Concord-Gastonia, NC-SC / Raleigh-Cary, NC",0.0,no cell in the extract: territory at zero opportunity
ifa_southatl_merge,27820,ifa,NC,IFA,IFA_07,IFA,,37131,40260,3714400,"IFA Charlotte-Concord-Gastonia, NC-SC / Raleigh-Cary, NC",0.0,no cell in the extract: territory at zero opportunity
ifa_southatl_merge,27821,ifa,NC,IFA,IFA_07,IFA,,37013,47820,,"IFA Charlotte-Concord-Gastonia, NC-SC / Raleigh-Cary, NC",0.0,no cell in the extract: territory at zero opportunity
ifa_southatl_merge,27822,ifa,NC,IFA,IFA_07,IFA,,37195,48980,3720980,"IFA Charlotte-Concord-Gastonia, NC-SC / Raleigh-Cary, NC",0.0,no cell in the extract: territory at zero opportunity
ifa_southatl_merge,27823,ifa,NC,IFA,IFA_07,IFA,,37083,40260,3721360,"IFA Charlotte-Concord-Gastonia, NC-SC / Raleigh-Cary, NC",0.0,no cell in the extract: territory at zero opportunity
ifa_southatl_merge,27824,ifa,NC,IFA,IFA_07,IFA,,37095,,3721380,"IFA Charlotte-Concord-Gastonia, NC-SC / Raleigh-Cary, NC",0.0,no cell in the extract: territory at zero opportunity
ifa_southatl_merge,27825,ifa,NC,IFA,IFA_07,IFA,,37117,,3722040,"IFA Charlotte-Concord-Gastonia, NC-SC / Raleigh-Cary, NC",0.0,no cell in the extract: territory at zero opportunity
ifa_southatl_merge,27826,ifa,NC,IFA,IFA_07,IFA,,37095,,3722280,"IFA Charlotte-Concord-Gastonia, NC-SC / Raleigh-Cary, NC",0.0,no cell in the extract: territory at zero opportunity
ifa_southatl_merge,27827,ifa,NC,IFA,IFA_07,IFA,,37147,24780,3722640,"IFA Charlotte-Concord-Gastonia, NC-SC / Raleigh-Cary, NC",0.0,no cell in the extract: territory at zero opportunity
ifa_southatl_merge,27828,ifa,NC,IFA,IFA_07,IFA,,37147,24780,3722820,"IFA Charlotte-Concord-Gastonia, NC-SC / Raleigh-Cary, NC",0.11688,
ifa_southatl_merge,27829,ifa,NC,IFA,IFA_07,IFA,,37147,24780,3724440,"IFA Charlotte-Concord-Gastonia, NC-SC / Raleigh-Cary, NC",0.0,no cell in the extract: territory at zero opportunity
ifa_southatl_merge,27830,ifa,NC,IFA,IFA_07,IFA,,37191,24140,3724900,"IFA Charlotte-Concord-Gastonia, NC-SC / Raleigh-Cary, NC",0.0,no cell in the extract: territory at zero opportunity
ifa_southatl_merge,27831,ifa,NC,IFA,IFA_07,IFA,,37131,40260,3725540,"IFA Charlotte-Concord-Gastonia, NC-SC / Raleigh-Cary, NC",0.0,no cell in the extract: territory at zero opportunity
ifa_southatl_merge,27832,ifa,NC,IFA,IFA_07,IFA,,37131,40260,3725560,"IFA Charlotte-Concord-Gastonia, NC-SC / Raleigh-Cary, NC",0.0,no cell in the extract: territory at zero opportunity
ifa_southatl_merge,27834,ifa,NC,IFA,IFA_07,IFA,,37147,24780,3728080,"IFA Charlotte-Concord-Gastonia, NC-SC / Raleigh-Cary, NC",2.10866,
ifa_southatl_merge,27837,ifa,NC,IFA,IFA_07,IFA,,37147,24780,3728240,"IFA Charlotte-Concord-Gastonia, NC-SC / Raleigh-Cary, NC",0.0,no cell in the extract: territory at zero opportunity
ifa_southatl_merge,27839,ifa,NC,IFA,IFA_07,IFA,,37083,40260,3728920,"IFA Charlotte-Concord-Gastonia, NC-SC / Raleigh-Cary, NC",0.0,no cell in the extract: territory at zero opportunity
ifa_southatl_merge,27840,ifa,NC,IFA,IFA_07,IFA,,37117,,3729120,"IFA Charlotte-Concord-Gastonia, NC-SC / Raleigh-Cary, NC",0.0,no cell in the extract: territory at zero opportunity
ifa_southatl_merge,27841,ifa,NC,IFA,IFA_07,IFA,,37117,,3730040,"IFA Charlotte-Concord-Gastonia, NC-SC / Raleigh-Cary, NC",0.0,no cell in the extract: territory at zero opportunity
ifa_southatl_merge,27842,ifa,NC,IFA,IFA_07,IFA,,37131,40260,,"IFA Charlotte-Concord-Gastonia, NC-SC / Raleigh-Cary, NC",0.0,no cell in the extract: territory at zero opportunity
ifa_southatl_merge,27843,ifa,NC,IFA,IFA_07,IFA,,37065,40580,3731860,"IFA Charlotte-Concord-Gastonia, NC-SC / Raleigh-Cary, NC",0.0,no cell in the extract: territory at zero opportunity
ifa_southatl_merge,27844,ifa,NC,IFA,IFA_07,IFA,,37083,40260,3732100,"IFA Charlotte-Concord-Gastonia, NC-SC / Raleigh-Cary, NC",0.0,no cell in the extract: territory at zero opportunity
ifa_southatl_merge,27845,ifa,NC,IFA,IFA_07,IFA,,37131,40260,3737000,"IFA Charlotte-Concord-Gastonia, NC-SC / Raleigh-Cary, NC",0.0,no cell in the extract: territory at zero opportunity
ifa_southatl_merge,27846,ifa,NC,IFA,IFA_07,IFA,,37117,,3734320,"IFA Charlotte-Concord-Gastonia, NC-SC / Raleigh-Cary, NC",0.0,no cell in the extract: territory at zero opportunity
ifa_southatl_merge,27847,ifa,NC,IFA,IFA_07,IFA,,37015,,3735360,"IFA Charlotte-Concord-Gastonia, NC-SC / Raleigh-Cary, NC",0.0,no cell in the extract: territory at zero opportunity
ifa_southatl_merge,27849,ifa,NC,IFA,IFA_07,IFA,,37015,,3738030,"IFA Charlotte-Concord-Gastonia, NC-SC / Raleigh-Cary, NC",0.0,no cell in the extract: territory at zero opportunity
ifa_southatl_merge,27850,ifa,NC,IFA,IFA_07,IFA,,37083,40260,3738680,"IFA Charlotte-Concord-Gastonia, NC-SC / Raleigh-Cary, NC",0.0,no cell in the extract: territory at zero opportunity
ifa_southatl_merge,27851,ifa,NC,IFA,IFA_07,IFA,,37195,48980,3739600,"IFA Charlotte-Concord-Gastonia, NC-SC / Raleigh-Cary, NC",0.0,no cell in the extract: territory at zero opportunity
ifa_southatl_merge,27852,ifa,NC,IFA,IFA_07,IFA,,37065,40580,3739960,"IFA Charlotte-Concord-Gastonia, NC-SC / Raleigh-Cary, NC",0.0,no cell in the extract: territory at zero opportunity
ifa_southatl_merge,27853,ifa,NC,IFA,IFA_07,IFA,,37131,40260,3760560,"IFA Charlotte-Concord-Gastonia, NC-SC / Raleigh-Cary, NC",0.0,no cell in the extract: territory at zero opportunity
ifa_southatl_merge,27855,ifa,NC,IFA,IFA_07,IFA,,37091,,3745640,"IFA Charlotte-Concord-Gastonia, NC-SC / Raleigh-Cary, NC",0.0,no cell in the extract: territory at zero opportunity
ifa_southatl_merge,27856,ifa,NC,IFA,IFA_07,IFA,,37127,40580,3755640,"IFA Charlotte-Concord-Gastonia, NC-SC / Raleigh-Cary, NC",0.0,no cell in the extract: territory at zero opportunity
ifa_southatl_merge,27857,ifa,NC,IFA,IFA_07,IFA,,37117,,3748060,"IFA Charlotte-Concord-Gastonia, NC-SC / Raleigh-Cary, NC",0.0,no cell in the extract: territory at zero opportunity
ifa_southatl_merge,27858,ifa,NC,IFA,IFA_07,IFA,,37147,24780,3728080,"IFA Charlotte-Concord-Gastonia, NC-SC / Raleigh-Cary, NC",20.7928,
ifa_southatl_merge,27860,ifa,NC,IFA,IFA_07,IFA,,37013,47820,3750080,"IFA Charlotte-Concord-Gastonia, NC-SC / Raleigh-Cary, NC",0.0,no cell in the extract: territory at zero opportunity
ifa_southatl_merge,27861,ifa,NC,IFA,IFA_07,IFA,,37117,,3750540,"IFA Charlotte-Concord-Gastonia, NC-SC / Raleigh-Cary, NC",0.0,no cell in the extract: territory at zero opportunity
ifa_southatl_merge,27862,ifa,NC,IFA,IFA_07,IFA,,37131,40260,3760560,"IFA Charlotte-Concord-Gastonia, NC-SC / Raleigh-Cary, NC",0.0,no cell in the extract: territory at zero opportunity
ifa_southatl_merge,27863,ifa,NC,IFA,IFA_07,IFA,,37191,24140,3751780,"IFA Charlotte-Concord-Gastonia, NC-SC / Raleigh-Cary, NC",0.0,no cell in the extract: territory at zero opportunity
ifa_southatl_merge,27864,ifa,NC,IFA,IFA_07,IFA,,37065,40580,3752140,"IFA Charlotte-Concord-Gastonia, NC-SC / Raleigh-Cary, NC",0.0,no cell in the extract: territory at zero opportunity
ifa_southatl_merge,27865,ifa,NC,IFA,IFA_07,IFA,,37013,47820,3752160,"IFA Charlotte-Concord-Gastonia, NC-SC / Raleigh-Cary, NC",0.0,no cell in the extract: territory at zero opportunity
ifa_southatl_merge,27866,ifa,NC,IFA,IFA_07,IFA,,37131,40260,,"IFA Charlotte-Concord-Gastonia, NC-SC / Raleigh-Cary, NC",0.0,no cell in the extract: territory at zero opportunity
ifa_southatl_merge,27869,ifa,NC,IFA,IFA_07,IFA,,37131,40260,3756440,"IFA Charlotte-Concord-Gastonia, NC-SC / Raleigh-Cary, NC",0.0,no cell in the extract: territory at zero opportunity
ifa_southatl_merge,27870,ifa,NC,IFA,IFA_07,IFA,,37083,40260,3756900,"IFA Charlotte-Concord-Gastonia, NC-SC / Raleigh-Cary, NC",0.0,no cell in the extract: territory at zero opportunity
ifa_southatl_merge,27871,ifa,NC,IFA,IFA_07,IFA,,37117,,3757100,"IFA Charlotte-Concord-Gastonia, NC-SC / Raleigh-Cary, NC",0.0,no cell in the extract: territory at zero opportunity
ifa_southatl_merge,27872,ifa,NC,IFA,IFA_07,IFA,,37015,,3758180,"IFA Charlotte-Concord-Gastonia, NC-SC / Raleigh-Cary, NC",0.0,no cell in the extract: territory at zero opportunity
ifa_southatl_merge,27873,ifa,NC,IFA,IFA_07,IFA,,37195,48980,3759340,"IFA Charlotte-Concord-Gastonia, NC-SC / Raleigh-Cary, NC",0.0,no cell in the extract: territory at zero opportunity
ifa_southatl_merge,27874,ifa,NC,IFA,IFA_07,IFA,,37083,40260,3759780,"IFA Charlotte-Concord-Gastonia, NC-SC / Raleigh-Cary, NC",0.0,no cell in the extract: territory at zero opportunity
ifa_southatl_merge,27875,ifa,NC,IFA,IFA_07,IFA,,37095,,,"IFA Charlotte-Concord-Gastonia, NC-SC / Raleigh-Cary, NC",0.0,no cell in the extract: territory at zero opportunity
ifa_southatl_merge,27876,ifa,NC,IFA,IFA_07,IFA,,37131,40260,3759980,"IFA Charlotte-Concord-Gastonia, NC-SC / Raleigh-Cary, NC",0.0,no cell in the extract: territory at zero opportunity
ifa_southatl_merge,27877,ifa,NC,IFA,IFA_07,IFA,,37131,40260,3760560,"IFA Charlotte-Concord-Gastonia, NC-SC / Raleigh-Cary, NC",0.0,no cell in the extract: territory at zero opportunity
ifa_southatl_merge,27878,ifa,NC,IFA,IFA_07,IFA,,37127,40580,3761060,"IFA Charlotte-Concord-Gastonia, NC-SC / Raleigh-Cary, NC",0.0,no cell in the extract: territory at zero opportunity
ifa_southatl_merge,27879,ifa,NC,IFA,IFA_07,IFA,,37147,24780,3762040,"IFA Charlotte-Concord-Gastonia, NC-SC / Raleigh-Cary, NC",0.0,no cell in the extract: territory at zero opportunity
ifa_southatl_merge,27880,ifa,NC,IFA,IFA_07,IFA,,37195,48980,3762060,"IFA Charlotte-Concord-Gastonia, NC-SC / Raleigh-Cary, NC",0.0,no cell in the extract: territory at zero opportunity
ifa_southatl_merge,27881,ifa,NC,IFA,IFA_07,IFA,,37065,40580,3763720,"IFA Charlotte-Concord-Gastonia, NC-SC / Raleigh-Cary, NC",0.0,no cell in the extract: territory at zero opportunity
ifa_southatl_merge,27882,ifa,NC,IFA,IFA_07,IFA,,37127,40580,3736513,"IFA Charlotte-Concord-Gastonia, NC-SC / Raleigh-Cary, NC",0.0,no cell in the extract: territory at zero opportunity
ifa_southatl_merge,27883,ifa,NC,IFA,IFA_07,IFA,,37195,48980,3764560,"IFA Charlotte-Concord-Gastonia, NC-SC / Raleigh-Cary, NC",0.0,no cell in the extract: territory at zero opportunity
ifa_southatl_merge,27884,ifa,NC,IFA,IFA_07,IFA,,37147,24780,3765020,"IFA Charlotte-Concord-Gastonia, NC-SC / Raleigh-Cary, NC",0.0,no cell in the extract: territory at zero opportunity
ifa_southatl_merge,27885,ifa,NC,IFA,IFA_07,IFA,,37095,,3766340,"IFA Charlotte-Concord-Gastonia, NC-SC / Raleigh-Cary, NC",0.0,no cell in the extract: territory at zero opportunity
ifa_southatl_merge,27886,ifa,NC,IFA,IFA_07,IFA,,37065,40580,3766700,"IFA Charlotte-Concord-Gastonia, NC-SC / Raleigh-Cary, NC",0.0,no cell in the extract: territory at zero opportunity
ifa_southatl_merge,27888,ifa,NC,IFA,IFA_07,IFA,,37079,,3770860,"IFA Charlotte-Concord-Gastonia, NC-SC / Raleigh-Cary, NC",0.0,no cell in the extract: territory at zero opportunity
ifa_southatl_merge,27889,ifa,NC,IFA,IFA_07,IFA,,37013,47820,3771220,"IFA Charlotte-Concord-Gastonia, NC-SC / Raleigh-Cary, NC",2.77517,
ifa_southatl_merge,27890,ifa,NC,IFA,IFA_07,IFA,,37083,40260,3771780,"IFA Charlotte-Concord-Gastonia, NC-SC / Raleigh-Cary, NC",0.0,no cell in the extract: territory at zero opportunity
ifa_southatl_merge,27891,ifa,NC,IFA,IFA_07,IFA,,37127,40580,3773160,"IFA Charlotte-Concord-Gastonia, NC-SC / Raleigh-Cary, NC",0.0,no cell in the extract: territory at zero opportunity
ifa_southatl_merge,27892,ifa,NC,IFA,IFA_07,IFA,,37117,,3774220,"IFA Charlotte-Concord-Gastonia, NC-SC / Raleigh-Cary, NC",0.0,no cell in the extract: territory at zero opportunity
ifa_southatl_merge,27893,ifa,NC,IFA,IFA_07,IFA,,37195,48980,3774540,"IFA Charlotte-Concord-Gastonia, NC-SC / Raleigh-Cary, NC",0.0,no cell in the extract: territory at zero opportunity
ifa_southatl_merge,27896,ifa,NC,IFA,IFA_07,IFA,,37195,48980,3774540,"IFA Charlotte-Concord-Gastonia, NC-SC / Raleigh-Cary, NC",0.220788,
ifa_southatl_merge,27897,ifa,NC,IFA,IFA_07,IFA,,37131,40260,3775340,"IFA Charlotte-Concord-Gastonia, NC-SC / Raleigh-Cary, NC",0.0,no cell in the extract: territory at zero opportunity
ifa_southatl_merge,27909,ifa,NC,IFA,IFA_07,IFA,,37139,21020,3720580,"IFA Charlotte-Concord-Gastonia, NC-SC / Raleigh-Cary, NC",13.0968,
ifa_southatl_merge,27910,ifa,NC,IFA,IFA_07,IFA,,37091,,3700500,"IFA Charlotte-Concord-Gastonia, NC-SC / Raleigh-Cary, NC",0.0,no cell in the extract: territory at zero opportunity
ifa_southatl_merge,27915,ifa,NC,IFA,IFA_07,IFA,,37055,28620,3702780,"IFA Charlotte-Concord-Gastonia, NC-SC / Raleigh-Cary, NC",0.0,no cell in the extract: territory at zero opportunity
ifa_southatl_merge,27916,ifa,NC,IFA,IFA_07,IFA,,37053,47260,,"IFA Charlotte-Concord-Gastonia, NC-SC / Raleigh-Cary, NC",0.0,no cell in the extract: territory at zero opportunity
ifa_southatl_merge,27917,ifa,NC,IFA,IFA_07,IFA,,37053,47260,3713500,"IFA Charlotte-Concord-Gastonia, NC-SC / Raleigh-Cary, NC",0.0,no cell in the extract: territory at zero opportunity
ifa_southatl_merge,27919,ifa,NC,IFA,IFA_07,IFA,,37143,,,"IFA Charlotte-Concord-Gastonia, NC-SC / Raleigh-Cary, NC",0.0,no cell in the extract: territory at zero opportunity
ifa_southatl_merge,27920,ifa,NC,IFA,IFA_07,IFA,,37055,28620,3709400,"IFA Charlotte-Concord-Gastonia, NC-SC / Raleigh-Cary, NC",0.0,no cell in the extract: territory at zero opportunity
ifa_southatl_merge,27921,ifa,NC,IFA,IFA_07,IFA,,37029,47260,3709780,"IFA Charlotte-Concord-Gastonia, NC-SC / Raleigh-Cary, NC",0.0,no cell in the extract: territory at zero opportunity
ifa_southatl_merge,27922,ifa,NC,IFA,IFA_07,IFA,,37091,,3713460,"IFA Charlotte-Concord-Gastonia, NC-SC / Raleigh-Cary, NC",0.0,no cell in the extract: territory at zero opportunity
ifa_southatl_merge,27923,ifa,NC,IFA,IFA_07,IFA,,37053,47260,3713500,"IFA Charlotte-Concord-Gastonia, NC-SC / Raleigh-Cary, NC",0.0,no cell in the extract: territory at zero opportunity
ifa_southatl_merge,27924,ifa,NC,IFA,IFA_07,IFA,,37015,,3713560,"IFA Charlotte-Concord-Gastonia, NC-SC / Raleigh-Cary, NC",0.0,no cell in the extract: territory at zero opportunity
ifa_southatl_merge,27925,ifa,NC,IFA,IFA_07,IFA,,37177,,3713940,"IFA Charlotte-Concord-Gastonia, NC-SC / Raleigh-Cary, NC",0.0,no cell in the extract: territory at zero opportunity
ifa_southatl_merge,27926,ifa,NC,IFA,IFA_07,IFA,,37073,47260,,"IFA Charlotte-Concord-Gastonia, NC-SC / Raleigh-Cary, NC",0.0,no cell in the extract: territory at zero opportunity
ifa_southatl_merge,27927,ifa,NC,IFA,IFA_07,IFA,,37053,47260,,"IFA Charlotte-Concord-Gastonia, NC-SC / Raleigh-Cary, NC",0.0,no cell in the extract: territory at zero opportunity
ifa_southatl_merge,27928,ifa,NC,IFA,IFA_07,IFA,,37187,,3715420,"IFA Charlotte-Concord-Gastonia, NC-SC / Raleigh-Cary, NC",0.0,no cell in the extract: territory at zero opportunity
ifa_southatl_merge,27929,ifa,NC,IFA,IFA_07,IFA,,37053,47260,,"IFA Charlotte-Concord-Gastonia, NC-SC / Raleigh-Cary, NC",0.0,no cell in the extract: territory at zero opportunity
ifa_southatl_merge,27932,ifa,NC,IFA,IFA_07,IFA,,37041,,3720120,"IFA Charlotte-Concord-Gastonia, NC-SC / Raleigh-Cary, NC",0.0,no cell in the extract: territory at zero opportunity
ifa_southatl_merge,27935,ifa,NC,IFA,IFA_07,IFA,,37073,47260,,"IFA Charlotte-Concord-Gastonia, NC-SC / Raleigh-Cary, NC",0.0,no cell in the extract: territory at zero opportunity
ifa_southatl_merge,27936,ifa,NC,IFA,IFA_07,IFA,,37055,28620,3725020,"IFA Charlotte-Concord-Gastonia, NC-SC / Raleigh-Cary, NC",0.0,no cell in the extract: territory at zero opportunity
ifa_southatl_merge,27937,ifa,NC,IFA,IFA_07,IFA,,37073,47260,,"IFA Charlotte-Concord-Gastonia, NC-SC / Raleigh-Cary, NC",0.0,no cell in the extract: territory at zero opportunity
ifa_southatl_merge,27938,ifa,NC,IFA,IFA_07,IFA,,37073,47260,3725680,"IFA Charlotte-Concord-Gastonia, NC-SC / Raleigh-Cary, NC",0.0,no cell in the extract: territory at zero opportunity
ifa_southatl_merge,27939,ifa,NC,IFA,IFA_07,IFA,,37053,47260,3727400,"IFA Charlotte-Concord-Gastonia, NC-SC / Raleigh-Cary, NC",0.0,no cell in the extract: territory at zero opportunity
ifa_southatl_merge,27941,ifa,NC,IFA,IFA_07,IFA,,37053,47260,,"IFA Charlotte-Concord-Gastonia, NC-SC / Raleigh-Cary, NC",0.0,no cell in the extract: territory at zero opportunity
ifa_southatl_merge,27942,ifa,NC,IFA,IFA_07,IFA,,37091,,3729720,"IFA Charlotte-Concord-Gastonia, NC-SC / Raleigh-Cary, NC",0.0,no cell in the extract: territory at zero opportunity
ifa_southatl_merge,27943,ifa,NC,IFA,IFA_07,IFA,,37055,28620,3730100,"IFA Charlotte-Concord-Gastonia, NC-SC / Raleigh-Cary, NC",0.0,no cell in the extract: territory at zero opportunity
ifa_southatl_merge,27944,ifa,NC,IFA,IFA_07,IFA,,37143,,3730900,"IFA Charlotte-Concord-Gastonia, NC-SC / Raleigh-Cary, NC",0.0,no cell in the extract: territory at zero opportunity
ifa_southatl_merge,27946,ifa,NC,IFA,IFA_07,IFA,,37073,47260,,"IFA Charlotte-Concord-Gastonia, NC-SC / Raleigh-Cary, NC",0.0,no cell in the extract: territory at zero opportunity
ifa_southatl_merge,27947,ifa,NC,IFA,IFA_07,IFA,,37053,47260,,"IFA Charlotte-Concord-Gastonia, NC-SC / Raleigh-Cary, NC",0.0,no cell in the extract: territory at zero opportunity
ifa_southatl_merge,27948,ifa,NC,IFA,IFA_07,IFA,,37055,28620,3735720,"IFA Charlotte-Concord-Gastonia, NC-SC / Raleigh-Cary, NC",0.0727956,
ifa_southatl_merge,27949,ifa,NC,IFA,IFA_07,IFA,,37055,28620,3736060,"IFA Charlotte-Concord-Gastonia, NC-SC / Raleigh-Cary, NC",0.165891,
ifa_southatl_merge,27950,ifa,NC,IFA,IFA_07,IFA,,37053,47260,,"IFA Charlotte-Concord-Gastonia, NC-SC / Raleigh-Cary, NC",0.0,no cell in the extract: territory at zero opportunity
ifa_southatl_merge,27953,ifa,NC,IFA,IFA_07,IFA,,37055,28620,3740980,"IFA Charlotte-Concord-Gastonia, NC-SC / Raleigh-Cary, NC",0.0,no cell in the extract: territory at zero opportunity
ifa_southatl_merge,27954,ifa,NC,IFA,IFA_07,IFA,,37055,28620,3741060,"IFA Charlotte-Concord-Gastonia, NC-SC / Raleigh-Cary, NC",1.09683,
ifa_southatl_merge,27956,ifa,NC,IFA,IFA_07,IFA,,37053,47260,,"IFA Charlotte-Concord-Gastonia, NC-SC / Raleigh-Cary, NC",0.0,no cell in the extract: territory at zero opportunity
ifa_southatl_merge,27957,ifa,NC,IFA,IFA_07,IFA,,37015,,,"IFA Charlotte-Concord-Gastonia, NC-SC / Raleigh-Cary, NC",0.0,no cell in the extract: territory at zero opportunity
ifa_southatl_merge,27958,ifa,NC,IFA,IFA_07,IFA,,37053,47260,3745460,"IFA Charlotte-Concord-Gastonia, NC-SC / Raleigh-Cary, NC",0.0,no cell in the extract: territory at zero opportunity
ifa_southatl_merge,27959,ifa,NC,IFA,IFA_07,IFA,,37055,28620,3745880,"IFA Charlotte-Concord-Gastonia, NC-SC / Raleigh-Cary, NC",0.0,no cell in the extract: territory at zero opportunity
ifa_southatl_merge,27960,ifa,NC,IFA,IFA_07,IFA,,37095,,3748740,"IFA Charlotte-Concord-Gastonia, NC-SC / Raleigh-Cary, NC",0.0,no cell in the extract: territory at zero opportunity
ifa_southatl_merge,27962,ifa,NC,IFA,IFA_07,IFA,,37187,,3753040,"IFA Charlotte-Concord-Gastonia, NC-SC / Raleigh-Cary, NC",0.0,no cell in the extract: territory at zero opportunity
ifa_southatl_merge,27964,ifa,NC,IFA,IFA_07,IFA,,37053,47260,,"IFA Charlotte-Concord-Gastonia, NC-SC / Raleigh-Cary, NC",0.0,no cell in the extract: territory at zero opportunity
ifa_southatl_merge,27965,ifa,NC,IFA,IFA_07,IFA,,37053,47260,3727400,"IFA Charlotte-Concord-Gastonia, NC-SC / Raleigh-Cary, NC",0.0,no cell in the extract: territory at zero opportunity
ifa_southatl_merge,27966,ifa,NC,IFA,IFA_07,IFA,,37053,47260,,"IFA Charlotte-Concord-Gastonia, NC-SC / Raleigh-Cary, NC",0.0,no cell in the extract: territory at zero opportunity
ifa_southatl_merge,27967,ifa,NC,IFA,IFA_07,IFA,,37015,,3753680,"IFA Charlotte-Concord-Gastonia, NC-SC / Raleigh-Cary, NC",0.0,no cell in the extract: territory at zero opportunity
ifa_southatl_merge,27968,ifa,NC,IFA,IFA_07,IFA,,37055,28620,3757580,"IFA Charlotte-Concord-Gastonia, NC-SC / Raleigh-Cary, NC",0.0,no cell in the extract: territory at zero opportunity
ifa_southatl_merge,27969,ifa,NC,IFA,IFA_07,IFA,,37073,47260,,"IFA Charlotte-Concord-Gastonia, NC-SC / Raleigh-Cary, NC",0.0,no cell in the extract: territory at zero opportunity
ifa_southatl_merge,27970,ifa,NC,IFA,IFA_07,IFA,,37187,,3757740,"IFA Charlotte-Concord-Gastonia, NC-SC / Raleigh-Cary, NC",0.0,no cell in the extract: territory at zero opportunity
ifa_southatl_merge,27972,ifa,NC,IFA,IFA_07,IFA,,37055,28620,3758940,"IFA Charlotte-Concord-Gastonia, NC-SC / Raleigh-Cary, NC",0.0,no cell in the extract: territory at zero opportunity
ifa_southatl_merge,27973,ifa,NC,IFA,IFA_07,IFA,,37053,47260,,"IFA Charlotte-Concord-Gastonia, NC-SC / Raleigh-Cary, NC",0.0,no cell in the extract: territory at zero opportunity
ifa_southatl_merge,27974,ifa,NC,IFA,IFA_07,IFA,,37029,47260,,"IFA Charlotte-Concord-Gastonia, NC-SC / Raleigh-Cary, NC",0.0,no cell in the extract: territory at zero opportunity
ifa_southatl_merge,27976,ifa,NC,IFA,IFA_07,IFA,,37029,47260,3763340,"IFA Charlotte-Concord-Gastonia, NC-SC / Raleigh-Cary, NC",0.0,no cell in the extract: territory at zero opportunity
ifa_southatl_merge,27978,ifa,NC,IFA,IFA_07,IFA,,37055,28620,,"IFA Charlotte-Concord-Gastonia, NC-SC / Raleigh-Cary, NC",0.0,no cell in the extract: territory at zero opportunity
ifa_southatl_merge,27979,ifa,NC,IFA,IFA_07,IFA,,37073,47260,3765700,"IFA Charlotte-Concord-Gastonia, NC-SC / Raleigh-Cary, NC",0.0,no cell in the extract: territory at zero opportunity
ifa_southatl_merge,27980,ifa,NC,IFA,IFA_07,IFA,,37041,,,"IFA Charlotte-Concord-Gastonia, NC-SC / Raleigh-Cary, NC",0.0,no cell in the extract: territory at zero opportunity
ifa_southatl_merge,27981,ifa,NC,IFA,IFA_07,IFA,,37055,28620,3770920,"IFA Charlotte-Concord-Gastonia, NC-SC / Raleigh-Cary, NC",0.0,no cell in the extract: territory at zero opportunity
ifa_southatl_merge,27982,ifa,NC,IFA,IFA_07,IFA,,37055,28620,3771440,"IFA Charlotte-Concord-Gastonia, NC-SC / Raleigh-Cary, NC",0.0,no cell in the extract: territory at zero opportunity
ifa_southatl_merge,27983,ifa,NC,IFA,IFA_07,IFA,,37015,,3774680,"IFA Charlotte-Concord-Gastonia, NC-SC / Raleigh-Cary, NC",0.0,no cell in the extract: territory at zero opportunity
ifa_southatl_merge,27985,ifa,NC,IFA,IFA_07,IFA,,37143,,3774720,"IFA Charlotte-Concord-Gastonia, NC-SC / Raleigh-Cary, NC",0.0,no cell in the extract: territory at zero opportunity
ifa_southatl_merge,27986,ifa,NC,IFA,IFA_07,IFA,,37091,,3775080,"IFA Charlotte-Concord-Gastonia, NC-SC / Raleigh-Cary, NC",0.0,no cell in the extract: territory at zero opportunity
ifa_southatl_merge,28001,ifa,NC,IFA,IFA_07,IFA,,37167,10620,3700680,"IFA Charlotte-Concord-Gastonia, NC-SC / Raleigh-Cary, NC",10.6819,
ifa_southatl_merge,28006,ifa,NC,IFA,IFA_08,IFA,,37071,16740,3700880,"IFA Charlotte-Concord-Gastonia, NC-SC / Charleston-North Charleston, SC",0.0,no cell in the extract: territory at zero opportunity
ifa_southatl_merge,28007,ifa,NC,IFA,IFA_07,IFA,,37007,16740,3701420,"IFA Charlotte-Concord-Gastonia, NC-SC / Raleigh-Cary, NC",0.0,no cell in the extract: territory at zero opportunity
ifa_southatl_merge,28009,ifa,NC,IFA,IFA_07,IFA,,37167,10620,3702960,"IFA Charlotte-Concord-Gastonia, NC-SC / Raleigh-Cary, NC",0.0,no cell in the extract: territory at zero opportunity
ifa_southatl_merge,28012,ifa,NC,IFA,IFA_08,IFA,,37071,16740,3704840,"IFA Charlotte-Concord-Gastonia, NC-SC / Charleston-North Charleston, SC",3.30271,
ifa_southatl_merge,28016,ifa,NC,IFA,IFA_08,IFA,,37071,16740,3705220,"IFA Charlotte-Concord-Gastonia, NC-SC / Charleston-North Charleston, SC",0.0,no cell in the extract: territory at zero opportunity
ifa_southatl_merge,28017,ifa,NC,IFA,IFA_08,IFA,,37045,43140,3706800,"IFA Charlotte-Concord-Gastonia, NC-SC / Charleston-North Charleston, SC",0.199115,
ifa_southatl_merge,28018,ifa,NC,IFA,IFA_08,IFA,,37161,22580,3707220,"IFA Charlotte-Concord-Gastonia, NC-SC / Charleston-North Charleston, SC",0.0,no cell in the extract: territory at zero opportunity
ifa_southatl_merge,28019,ifa,NC,IFA,IFA_08,IFA,,37161,22580,3710460,"IFA Charlotte-Concord-Gastonia, NC-SC / Charleston-North Charleston, SC",0.0,no cell in the extract: territory at zero opportunity
ifa_southatl_merge,28020,ifa,NC,IFA,IFA_08,IFA,,37045,43140,3710760,"IFA Charlotte-Concord-Gastonia, NC-SC / Charleston-North Charleston, SC",0.0,no cell in the extract: territory at zero opportunity
ifa_southatl_merge,28021,ifa,NC,IFA,IFA_08,IFA,,37071,16740,3712340,"IFA Charlotte-Concord-Gastonia, NC-SC / Charleston-North Charleston, SC",1.79152,
ifa_southatl_merge,28023,ifa,NC,IFA,IFA_07,IFA,,37159,16740,3712480,"IFA Charlotte-Concord-Gastonia, NC-SC / Raleigh-Cary, NC",2.81784,
ifa_southatl_merge,28024,ifa,NC,IFA,IFA_08,IFA,,37161,22580,3713100,"IFA Charlotte-Concord-Gastonia, NC-SC / Charleston-North Charleston, SC",0.0,no cell in the extract: territory at zero opportunity
ifa_southatl_merge,28025,ifa,NC,IFA,IFA_07,IFA,,37025,16740,3714100,"IFA Charlotte-Concord-Gastonia, NC-SC / Raleigh-Cary, NC",2.69088,
ifa_southatl_merge,28027,ifa,NC,IFA,IFA_07,IFA,,37025,16740,3714100,"IFA Charlotte-Concord-Gastonia, NC-SC / Raleigh-Cary, NC",5.92041,
ifa_southatl_merge,28031,ifa,NC,IFA,IFA_07,IFA,,37119,16740,3714700,"IFA Charlotte-Concord-Gastonia, NC-SC / Raleigh-Cary, NC",9.85422,
ifa_southatl_merge,28032,ifa,NC,IFA,IFA_08,IFA,,37071,16740,3715260,"IFA Charlotte-Concord-Gastonia, NC-SC / Charleston-North Charleston, SC",0.238647,
ifa_southatl_merge,28033,ifa,NC,IFA,IFA_08,IFA,,37109,16740,3715640,"IFA Charlotte-Concord-Gastonia, NC-SC / Charleston-North Charleston, SC",0.0,no cell in the extract: territory at zero opportunity
ifa_southatl_merge,28034,ifa,NC,IFA,IFA_08,IFA,,37071,16740,3716180,"IFA Charlotte-Concord-Gastonia, NC-SC / Charleston-North Charleston, SC",0.0,no cell in the extract: territory at zero opportunity
ifa_southatl_merge,28036,ifa,NC,IFA,IFA_07,IFA,,37119,16740,3716400,"IFA Charlotte-Concord-Gastonia, NC-SC / Raleigh-Cary, NC",7.52008,
ifa_southatl_merge,28037,ifa,NC,IFA,IFA_08,IFA,,37109,16740,3717000,"IFA Charlotte-Concord-Gastonia, NC-SC / Charleston-North Charleston, SC",2.14014,
ifa_southatl_merge,28039,ifa,NC,IFA,IFA_07,IFA,,37159,16740,3719860,"IFA Charlotte-Concord-Gastonia, NC-SC / Raleigh-Cary, NC",0.0,no cell in the extract: territory at zero opportunity
ifa_southatl_merge,28040,ifa,NC,IFA,IFA_08,IFA,,37161,22580,3720780,"IFA Charlotte-Concord-Gastonia, NC-SC / Charleston-North Charleston, SC",0.0,no cell in the extract: territory at zero opportunity
ifa_southatl_merge,28041,ifa,NC,IFA,IFA_07,IFA,,37159,16740,3722600,"IFA Charlotte-Concord-Gastonia, NC-SC / Raleigh-Cary, NC",0.0,no cell in the extract: territory at zero opportunity
ifa_southatl_merge,28042,ifa,NC,IFA,IFA_08,IFA,,37045,43140,3722720,"IFA Charlotte-Concord-Gastonia, NC-SC / Charleston-North Charleston, SC",0.0,no cell in the extract: territory at zero opportunity
ifa_southatl_merge,28043,ifa,NC,IFA,IFA_08,IFA,,37161,22580,3724080,"IFA Charlotte-Concord-Gastonia, NC-SC / Charleston-North Charleston, SC",2.53227,
ifa_southatl_merge,28052,ifa,NC,IFA,IFA_08,IFA,,37071,16740,3725580,"IFA Charlotte-Concord-Gastonia, NC-SC / Charleston-North Charleston, SC",0.0,no cell in the extract: territory at zero opportunity
ifa_southatl_merge,28054,ifa,NC,IFA,IFA_08,IFA,,37071,16740,3725580,"IFA Charlotte-Concord-Gastonia, NC-SC / Charleston-North Charleston, SC",8.31081,
ifa_southatl_merge,28056,ifa,NC,IFA,IFA_08,IFA,,37071,16740,3725580,"IFA Charlotte-Concord-Gastonia, NC-SC / Charleston-North Charleston, SC",0.358531,
ifa_southatl_merge,28071,ifa,NC,IFA,IFA_07,IFA,,37159,16740,3726800,"IFA Charlotte-Concord-Gastonia, NC-SC / Raleigh-Cary, NC",0.0,no cell in the extract: territory at zero opportunity
ifa_southatl_merge,28072,ifa,NC,IFA,IFA_07,IFA,,37159,16740,3727440,"IFA Charlotte-Concord-Gastonia, NC-SC / Raleigh-Cary, NC",0.0,no cell in the extract: territory at zero opportunity
ifa_southatl_merge,28073,ifa,NC,IFA,IFA_08,IFA,,37045,43140,3728400,"IFA Charlotte-Concord-Gastonia, NC-SC / Charleston-North Charleston, SC",0.0,no cell in the extract: territory at zero opportunity
ifa_southatl_merge,28074,ifa,NC,IFA,IFA_08,IFA,,37161,22580,,"IFA Charlotte-Concord-Gastonia, NC-SC / Charleston-North Charleston, SC",0.0,no cell in the extract: territory at zero opportunity
ifa_southatl_merge,28075,ifa,NC,IFA,IFA_07,IFA,,37025,16740,3729800,"IFA Charlotte-Concord-Gastonia, NC-SC / Raleigh-Cary, NC",1.8791,
ifa_southatl_merge,28076,ifa,NC,IFA,IFA_08,IFA,,37161,22580,3730800,"IFA Charlotte-Concord-Gastonia, NC-SC / Charleston-North Charleston, SC",0.0,no cell in the extract: territory at zero opportunity
ifa_southatl_merge,28077,ifa,NC,IFA,IFA_08,IFA,,37071,16740,3731440,"IFA Charlotte-Concord-Gastonia, NC-SC / Charleston-North Charleston, SC",0.0,no cell in the extract: territory at zero opportunity
ifa_southatl_merge,28078,ifa,NC,IFA,IFA_07,IFA,,37119,16740,3733120,"IFA Charlotte-Concord-Gastonia, NC-SC / Raleigh-Cary, NC",25.3005,
ifa_southatl_merge,28079,ifa,NC,IFA,IFA_07,IFA,,37179,16740,3722500,"IFA Charlotte-Concord-Gastonia, NC-SC / Raleigh-Cary, NC",0.0,no cell in the extract: territory at zero opportunity
ifa_southatl_merge,28080,ifa,NC,IFA,IFA_08,IFA,,37109,16740,3733820,"IFA Charlotte-Concord-Gastonia, NC-SC / Charleston-North Charleston, SC",5.36547,
ifa_southatl_merge,28081,ifa,NC,IFA,IFA_07,IFA,,37025,16740,3735200,"IFA Charlotte-Concord-Gastonia, NC-SC / Raleigh-Cary, NC",0.173979,
ifa_southatl_merge,28083,ifa,NC,IFA,IFA_07,IFA,,37025,16740,3735200,"IFA Charlotte-Concord-Gastonia, NC-SC / Raleigh-Cary, NC",0.7159,
ifa_southatl_merge,28086,ifa,NC,IFA,IFA_08,IFA,,37045,43140,3735880,"IFA Charlotte-Concord-Gastonia, NC-SC / Charleston-North Charleston, SC",0.180801,
ifa_southatl_merge,28088,ifa,NC,IFA,IFA_07,IFA,,37159,16740,3736860,"IFA Charlotte-Concord-Gastonia, NC-SC / Raleigh-Cary, NC",0.0,no cell in the extract: territory at zero opportunity
ifa_southatl_merge,28089,ifa,NC,IFA,IFA_08,IFA,,37045,43140,3737040,"IFA Charlotte-Concord-Gastonia, NC-SC / Charleston-North Charleston, SC",0.0,no cell in the extract: territory at zero opportunity
ifa_southatl_merge,28090,ifa,NC,IFA,IFA_08,IFA,,37045,43140,3704960,"IFA Charlotte-Concord-Gastonia, NC-SC / Charleston-North Charleston, SC",0.0,no cell in the extract: territory at zero opportunity
ifa_southatl_merge,28091,ifa,NC,IFA,IFA_07,IFA,,37007,16740,3738200,"IFA Charlotte-Concord-Gastonia, NC-SC / Raleigh-Cary, NC",0.0,no cell in the extract: territory at zero opportunity
ifa_southatl_merge,28092,ifa,NC,IFA,IFA_08,IFA,,37109,16740,3738320,"IFA Charlotte-Concord-Gastonia, NC-SC / Charleston-North Charleston, SC",0.291779,
ifa_southatl_merge,28097,ifa,NC,IFA,IFA_07,IFA,,37167,10620,3738860,"IFA Charlotte-Concord-Gastonia, NC-SC / Raleigh-Cary, NC",0.969909,
ifa_southatl_merge,28098,ifa,NC,IFA,IFA_08,IFA,,37071,16740,3739480,"IFA Charlotte-Concord-Gastonia, NC-SC / Charleston-North Charleston, SC",0.0,no cell in the extract: territory at zero opportunity
ifa_southatl_merge,28101,ifa,NC,IFA,IFA_08,IFA,,37071,16740,3739880,"IFA Charlotte-Concord-Gastonia, NC-SC / Charleston-North Charleston, SC",0.0,no cell in the extract: territory at zero opportunity
ifa_southatl_merge,28102,ifa,NC,IFA,IFA_07,IFA,,37007,16740,3740240,"IFA Charlotte-Concord-Gastonia, NC-SC / Raleigh-Cary, NC",0.0,no cell in the extract: territory at zero opportunity
ifa_southatl_merge,28103,ifa,NC,IFA,IFA_07,IFA,,37179,16740,3741640,"IFA Charlotte-Concord-Gastonia, NC-SC / Raleigh-Cary, NC",0.0,no cell in the extract: territory at zero opportunity
ifa_southatl_merge,28104,ifa,NC,IFA,IFA_07,IFA,,37179,16740,3771680,"IFA Charlotte-Concord-Gastonia, NC-SC / Raleigh-Cary, NC",8.44876,
ifa_southatl_merge,28105,ifa,NC,IFA,IFA_07,IFA,,37119,16740,3741960,"IFA Charlotte-Concord-Gastonia, NC-SC / Raleigh-Cary, NC",4.22263,
ifa_southatl_merge,28107,ifa,NC,IFA,IFA_07,IFA,,37025,16740,3742760,"IFA Charlotte-Concord-Gastonia, NC-SC / Raleigh-Cary, NC",0.0,no cell in the extract: territory at zero opportunity
ifa_southatl_merge,28108,ifa,NC,IFA,IFA_07,IFA,,37179,16740,3743360,"IFA Charlotte-Concord-Gastonia, NC-SC / Raleigh-Cary, NC",0.0,no cell in the extract: territory at zero opportunity
ifa_southatl_merge,28109,ifa,NC,IFA,IFA_07,IFA,,37167,10620,3743580,"IFA Charlotte-Concord-Gastonia, NC-SC / Raleigh-Cary, NC",0.0,no cell in the extract: territory at zero opportunity
ifa_southatl_merge,28110,ifa,NC,IFA,IFA_07,IFA,,37179,16740,3769260,"IFA Charlotte-Concord-Gastonia, NC-SC / Raleigh-Cary, NC",4.17837,
ifa_southatl_merge,28112,ifa,NC,IFA,IFA_07,IFA,,37179,16740,3743920,"IFA Charlotte-Concord-Gastonia, NC-SC / Raleigh-Cary, NC",0.385422,
ifa_southatl_merge,28114,ifa,NC,IFA,IFA_08,IFA,,37045,43140,3713100,"IFA Charlotte-Concord-Gastonia, NC-SC / Charleston-North Charleston, SC",0.0,no cell in the extract: territory at zero opportunity
ifa_southatl_merge,28115,ifa,NC,IFA,IFA_07,IFA,,37097,16740,3744220,"IFA Charlotte-Concord-Gastonia, NC-SC / Raleigh-Cary, NC",7.09161,
ifa_southatl_merge,28117,ifa,NC,IFA,IFA_07,IFA,,37097,16740,3744220,"IFA Charlotte-Concord-Gastonia, NC-SC / Raleigh-Cary, NC",36.1657,
ifa_southatl_merge,28119,ifa,NC,IFA,IFA_07,IFA,,37007,16740,3744560,"IFA Charlotte-Concord-Gastonia, NC-SC / Raleigh-Cary, NC",0.0,no cell in the extract: territory at zero opportunity
ifa_southatl_merge,28120,ifa,NC,IFA,IFA_08,IFA,,37071,16740,3744960,"IFA Charlotte-Concord-Gastonia, NC-SC / Charleston-North Charleston, SC",0.0116613,
ifa_southatl_merge,28124,ifa,NC,IFA,IFA_07,IFA,,37025,16740,3745140,"IFA Charlotte-Concord-Gastonia, NC-SC / Raleigh-Cary, NC",0.0,no cell in the extract: territory at zero opportunity
ifa_southatl_merge,28125,ifa,NC,IFA,IFA_07,IFA,,37159,16740,,"IFA Charlotte-Concord-Gastonia, NC-SC / Raleigh-Cary, NC",0.0,no cell in the extract: territory at zero opportunity
ifa_southatl_merge,28127,ifa,NC,IFA,IFA_07,IFA,,37167,10620,3746820,"IFA Charlotte-Concord-Gastonia, NC-SC / Raleigh-Cary, NC",0.0,no cell in the extract: territory at zero opportunity
ifa_southatl_merge,28128,ifa,NC,IFA,IFA_07,IFA,,37167,10620,3747980,"IFA Charlotte-Concord-Gastonia, NC-SC / Raleigh-Cary, NC",0.0,no cell in the extract: territory at zero opportunity
ifa_southatl_merge,28129,ifa,NC,IFA,IFA_07,IFA,,37167,10620,3755460,"IFA Charlotte-Concord-Gastonia, NC-SC / Raleigh-Cary, NC",0.0,no cell in the extract: territory at zero opportunity
ifa_southatl_merge,28133,ifa,NC,IFA,IFA_07,IFA,,37007,16740,3750820,"IFA Charlotte-Concord-Gastonia, NC-SC / Raleigh-Cary, NC",0.0,no cell in the extract: territory at zero opportunity
ifa_southatl_merge,28134,ifa,NC,IFA,IFA_08,IFA,,37119,16740,3752220,"IFA Charlotte-Concord-Gastonia, NC-SC / Charleston-North Charleston, SC",0.453972,
ifa_southatl_merge,28135,ifa,NC,IFA,IFA_07,IFA,,37007,16740,3753140,"IFA Charlotte-Concord-Gastonia, NC-SC / Raleigh-Cary, NC",0.0,no cell in the extract: territory at zero opportunity
ifa_southatl_merge,28136,ifa,NC,IFA,IFA_08,IFA,,37045,43140,3753160,"IFA Charlotte-Concord-Gastonia, NC-SC / Charleston-North Charleston, SC",0.0,no cell in the extract: territory at zero opportunity
ifa_southatl_merge,28137,ifa,NC,IFA,IFA_07,IFA,,37167,10620,3756340,"IFA Charlotte-Concord-Gastonia, NC-SC / Raleigh-Cary, NC",0.0,no cell in the extract: territory at zero opportunity
ifa_southatl_merge,28138,ifa,NC,IFA,IFA_07,IFA,,37159,16740,3757340,"IFA Charlotte-Concord-Gastonia, NC-SC / Raleigh-Cary, NC",0.0,no cell in the extract: territory at zero opportunity
ifa_southatl_merge,28139,ifa,NC,IFA,IFA_08,IFA,,37161,22580,3758460,"IFA Charlotte-Concord-Gastonia, NC-SC / Charleston-North Charleston, SC",0.0,no cell in the extract: territory at zero opportunity
ifa_southatl_merge,28144,ifa,NC,IFA,IFA_07,IFA,,37159,16740,3758860,"IFA Charlotte-Concord-Gastonia, NC-SC / Raleigh-Cary, NC",14.1759,
ifa_southatl_merge,28146,ifa,NC,IFA,IFA_07,IFA,,37159,16740,3758860,"IFA Charlotte-Concord-Gastonia, NC-SC / Raleigh-Cary, NC",4.59073,
ifa_southatl_merge,28147,ifa,NC,IFA,IFA_07,IFA,,37159,16740,3758860,"IFA Charlotte-Concord-Gastonia, NC-SC / Raleigh-Cary, NC",1.71802,
ifa_southatl_merge,28150,ifa,NC,IFA,IFA_08,IFA,,37045,43140,3761200,"IFA Charlotte-Concord-Gastonia, NC-SC / Charleston-North Charleston, SC",3.47403,
ifa_southatl_merge,28152,ifa,NC,IFA,IFA_08,IFA,,37045,43140,3761200,"IFA Charlotte-Concord-Gastonia, NC-SC / Charleston-North Charleston, SC",0.0,no cell in the extract: territory at zero opportunity
ifa_southatl_merge,28159,ifa,NC,IFA,IFA_07,IFA,,37159,16740,3763760,"IFA Charlotte-Concord-Gastonia, NC-SC / Raleigh-Cary, NC",0.0,no cell in the extract: territory at zero opportunity
ifa_southatl_merge,28160,ifa,NC,IFA,IFA_08,IFA,,37161,22580,3763880,"IFA Charlotte-Concord-Gastonia, NC-SC / Charleston-North Charleston, SC",0.0,no cell in the extract: territory at zero opportunity
ifa_southatl_merge,28163,ifa,NC,IFA,IFA_07,IFA,,37167,10620,3764460,"IFA Charlotte-Concord-Gastonia, NC-SC / Raleigh-Cary, NC",0.0,no cell in the extract: territory at zero opportunity
ifa_southatl_merge,28164,ifa,NC,IFA,IFA_08,IFA,,37071,16740,3739520,"IFA Charlotte-Concord-Gastonia, NC-SC / Charleston-North Charleston, SC",2.3582,
ifa_southatl_merge,28166,ifa,NC,IFA,IFA_07,IFA,,37097,16740,3768500,"IFA Charlotte-Concord-Gastonia, NC-SC / Raleigh-Cary, NC",0.0,no cell in the extract: territory at zero opportunity
ifa_southatl_merge,28167,ifa,NC,IFA,IFA_08,IFA,,37161,22580,,"IFA Charlotte-Concord-Gastonia, NC-SC / Charleston-North Charleston, SC",0.0,no cell in the extract: territory at zero opportunity
ifa_southatl_merge,28168,ifa,NC,IFA,IFA_08,IFA,,37109,16740,3704960,"IFA Charlotte-Concord-Gastonia, NC-SC / Charleston-North Charleston, SC",0.0,no cell in the extract: territory at zero opportunity
ifa_southatl_merge,28169,ifa,NC,IFA,IFA_08,IFA,,37045,43140,3770320,"IFA Charlotte-Concord-Gastonia, NC-SC / Charleston-North Charleston, SC",0.0,no cell in the extract: territory at zero opportunity
ifa_southatl_merge,28170,ifa,NC,IFA,IFA_07,IFA,,37007,16740,3770380,"IFA Charlotte-Concord-Gastonia, NC-SC / Raleigh-Cary, NC",0.0,no cell in the extract: territory at zero opportunity
ifa_southatl_merge,28173,ifa,NC,IFA,IFA_07,IFA,,37179,16740,3771460,"IFA Charlotte-Concord-Gastonia, NC-SC / Raleigh-Cary, NC",1.9566,
ifa_southatl_merge,28174,ifa,NC,IFA,IFA_07,IFA,,37179,16740,3774760,"IFA Charlotte-Concord-Gastonia, NC-SC / Raleigh-Cary, NC",0.0,no cell in the extract: territory at zero opportunity
ifa_southatl_merge,28202,ifa,NC,IFA,IFA_08,IFA,,37119,16740,3712000,"IFA Charlotte-Concord-Gastonia, NC-SC / Charleston-North Charleston, SC",1.5901,
ifa_southatl_merge,28203,ifa,NC,IFA,IFA_08,IFA,,37119,16740,3712000,"IFA Charlotte-Concord-Gastonia, NC-SC / Charleston-North Charleston, SC",4.30976,
ifa_southatl_merge,28204,ifa,NC,IFA,IFA_08,IFA,,37119,16740,3712000,"IFA Charlotte-Concord-Gastonia, NC-SC / Charleston-North Charleston, SC",4.4048,
ifa_southatl_merge,28205,ifa,NC,IFA,IFA_07,IFA,,37119,16740,3712000,"IFA Charlotte-Concord-Gastonia, NC-SC / Raleigh-Cary, NC",4.73855,
ifa_southatl_merge,28206,ifa,NC,IFA,IFA_07,IFA,,37119,16740,3712000,"IFA Charlotte-Concord-Gastonia, NC-SC / Raleigh-Cary, NC",0.0,no cell in the extract: territory at zero opportunity
ifa_southatl_merge,28207,ifa,NC,IFA,IFA_08,IFA,,37119,16740,3712000,"IFA Charlotte-Concord-Gastonia, NC-SC / Charleston-North Charleston, SC",1.1829,
ifa_southatl_merge,28208,ifa,NC,IFA,IFA_08,IFA,,37119,16740,3712000,"IFA Charlotte-Concord-Gastonia, NC-SC / Charleston-North Charleston, SC",0.93759,
ifa_southatl_merge,28209,ifa,NC,IFA,IFA_08,IFA,,37119,16740,3712000,"IFA Charlotte-Concord-Gastonia, NC-SC / Charleston-North Charleston, SC",23.3961,
ifa_southatl_merge,28210,ifa,NC,IFA,IFA_08,IFA,,37119,16740,3712000,"IFA Charlotte-Concord-Gastonia, NC-SC / Charleston-North Charleston, SC",69.2728,
ifa_southatl_merge,28211,ifa,NC,IFA,IFA_07,IFA,,37119,16740,3712000,"IFA Charlotte-Concord-Gastonia, NC-SC / Raleigh-Cary, NC",11.7081,
ifa_southatl_merge,28212,ifa,NC,IFA,IFA_07,IFA,,37119,16740,3712000,"IFA Charlotte-Concord-Gastonia, NC-SC / Raleigh-Cary, NC",0.708063,
ifa_southatl_merge,28213,ifa,NC,IFA,IFA_07,IFA,,37119,16740,3712000,"IFA Charlotte-Concord-Gastonia, NC-SC / Raleigh-Cary, NC",0.0,no cell in the extract: territory at zero opportunity
ifa_southatl_merge,28214,ifa,NC,IFA,IFA_08,IFA,,37119,16740,3712000,"IFA Charlotte-Concord-Gastonia, NC-SC / Charleston-North Charleston, SC",0.0,no cell in the extract: territory at zero opportunity
ifa_southatl_merge,28215,ifa,NC,IFA,IFA_07,IFA,,37119,16740,3712000,"IFA Charlotte-Concord-Gastonia, NC-SC / Raleigh-Cary, NC",0.0,no cell in the extract: territory at zero opportunity
ifa_southatl_merge,28216,ifa,NC,IFA,IFA_08,IFA,,37119,16740,3712000,"IFA Charlotte-Concord-Gastonia, NC-SC / Charleston-North Charleston, SC",0.0,no cell in the extract: territory at zero opportunity
ifa_southatl_merge,28217,ifa,NC,IFA,IFA_08,IFA,,37119,16740,3712000,"IFA Charlotte-Concord-Gastonia, NC-SC / Charleston-North Charleston, SC",18.124,
ifa_southatl_merge,28223,ifa,NC,IFA,IFA_07,IFA,,37119,16740,3712000,"IFA Charlotte-Concord-Gastonia, NC-SC / Raleigh-Cary, NC",0.0,no cell in the extract: territory at zero opportunity
ifa_southatl_merge,28226,ifa,NC,IFA,IFA_07,IFA,,37119,16740,3712000,"IFA Charlotte-Concord-Gastonia, NC-SC / Raleigh-Cary, NC",19.9345,
ifa_southatl_merge,28227,ifa,NC,IFA,IFA_07,IFA,,37119,16740,3743480,"IFA Charlotte-Concord-Gastonia, NC-SC / Raleigh-Cary, NC",8.46306,
ifa_southatl_merge,28244,ifa,NC,IFA,IFA_08,IFA,,37119,16740,3712000,"IFA Charlotte-Concord-Gastonia, NC-SC / Charleston-North Charleston, SC",0.0,no cell in the extract: territory at zero opportunity
ifa_southatl_merge,28262,ifa,NC,IFA,IFA_07,IFA,,37119,16740,3712000,"IFA Charlotte-Concord-Gastonia, NC-SC / Raleigh-Cary, NC",1.08376,
ifa_southatl_merge,28269,ifa,NC,IFA,IFA_07,IFA,,37119,16740,3712000,"IFA Charlotte-Concord-Gastonia, NC-SC / Raleigh-Cary, NC",1.19576,
ifa_southatl_merge,28270,ifa,NC,IFA,IFA_07,IFA,,37119,16740,3712000,"IFA Charlotte-Concord-Gastonia, NC-SC / Raleigh-Cary, NC",1.41227,
ifa_southatl_merge,28273,ifa,NC,IFA,IFA_08,IFA,,37119,16740,3712000,"IFA Charlotte-Concord-Gastonia, NC-SC / Charleston-North Charleston, SC",0.0929763,
ifa_southatl_merge,28274,ifa,NC,IFA,IFA_08,IFA,,37119,16740,3712000,"IFA Charlotte-Concord-Gastonia, NC-SC / Charleston-North Charleston, SC",0.0,no cell in the extract: territory at zero opportunity
ifa_southatl_merge,28277,ifa,NC,IFA,IFA_07,IFA,,37119,16740,3712000,"IFA Charlotte-Concord-Gastonia, NC-SC / Raleigh-Cary, NC",34.7225,
ifa_southatl_merge,28278,ifa,NC,IFA,IFA_08,IFA,,37119,16740,3712000,"IFA Charlotte-Concord-Gastonia, NC-SC / Charleston-North Charleston, SC",0.0,no cell in the extract: territory at zero opportunity
ifa_southatl_merge,28280,ifa,NC,IFA,IFA_08,IFA,,37119,16740,3712000,"IFA Charlotte-Concord-Gastonia, NC-SC / Charleston-North Charleston, SC",0.0,no cell in the extract: territory at zero opportunity
ifa_southatl_merge,28282,ifa,NC,IFA,IFA_08,IFA,,37119,16740,3712000,"IFA Charlotte-Concord-Gastonia, NC-SC / Charleston-North Charleston, SC",0.0,no cell in the extract: territory at zero opportunity
ifa_southatl_merge,28301,ifa,NC,IFA,IFA_07,IFA,,37051,22180,3722920,"IFA Charlotte-Concord-Gastonia, NC-SC / Raleigh-Cary, NC",0.227384,
ifa_southatl_merge,28303,ifa,NC,IFA,IFA_07,IFA,,37051,22180,3722920,"IFA Charlotte-Concord-Gastonia, NC-SC / Raleigh-Cary, NC",10.7817,
ifa_southatl_merge,28304,ifa,NC,IFA,IFA_07,IFA,,37051,22180,3722920,"IFA Charlotte-Concord-Gastonia, NC-SC / Raleigh-Cary, NC",0.468734,
ifa_southatl_merge,28305,ifa,NC,IFA,IFA_07,IFA,,37051,22180,3722920,"IFA Charlotte-Concord-Gastonia, NC-SC / Raleigh-Cary, NC",9.67782,
ifa_southatl_merge,28306,ifa,NC,IFA,IFA_07,IFA,,37051,22180,3722920,"IFA Charlotte-Concord-Gastonia, NC-SC / Raleigh-Cary, NC",0.0,no cell in the extract: territory at zero opportunity
ifa_southatl_merge,28307,ifa,NC,IFA,IFA_07,IFA,,37051,22180,3722920,"IFA Charlotte-Concord-Gastonia, NC-SC / Raleigh-Cary, NC",0.0,no cell in the extract: territory at zero opportunity
ifa_southatl_merge,28308,ifa,NC,IFA,IFA_07,IFA,,37051,22180,3764180,"IFA Charlotte-Concord-Gastonia, NC-SC / Raleigh-Cary, NC",0.0,no cell in the extract: territory at zero opportunity
ifa_southatl_merge,28310,ifa,NC,IFA,IFA_07,IFA,,37051,22180,3722920,"IFA Charlotte-Concord-Gastonia, NC-SC / Raleigh-Cary, NC",0.0,no cell in the extract: territory at zero opportunity
ifa_southatl_merge,28311,ifa,NC,IFA,IFA_07,IFA,,37051,22180,3722920,"IFA Charlotte-Concord-Gastonia, NC-SC / Raleigh-Cary, NC",0.0,no cell in the extract: territory at zero opportunity
ifa_southatl_merge,28312,ifa,NC,IFA,IFA_07,IFA,,37051,22180,3719740,"IFA Charlotte-Concord-Gastonia, NC-SC / Raleigh-Cary, NC",0.0,no cell in the extract: territory at zero opportunity
ifa_southatl_merge,28314,ifa,NC,IFA,IFA_07,IFA,,37051,22180,3722920,"IFA Charlotte-Concord-Gastonia, NC-SC / Raleigh-Cary, NC",0.0,no cell in the extract: territory at zero opportunity
ifa_southatl_merge,28315,ifa,NC,IFA,IFA_07,IFA,,37125,38240,3700160,"IFA Charlotte-Concord-Gastonia, NC-SC / Raleigh-Cary, NC",1.56245,
ifa_southatl_merge,28318,ifa,NC,IFA,IFA_07,IFA,,37163,,3702700,"IFA Charlotte-Concord-Gastonia, NC-SC / Raleigh-Cary, NC",0.0,no cell in the extract: territory at zero opportunity
ifa_southatl_merge,28320,ifa,NC,IFA,IFA_07,IFA,,37017,,3706240,"IFA Charlotte-Concord-Gastonia, NC-SC / Raleigh-Cary, NC",0.0,no cell in the extract: territory at zero opportunity
ifa_southatl_merge,28323,ifa,NC,IFA,IFA_07,IFA,,37085,11360,3708880,"IFA Charlotte-Concord-Gastonia, NC-SC / Raleigh-Cary, NC",0.0,no cell in the extract: territory at zero opportunity
ifa_southatl_merge,28325,ifa,NC,IFA,IFA_07,IFA,,37061,,3709760,"IFA Charlotte-Concord-Gastonia, NC-SC / Raleigh-Cary, NC",0.0,no cell in the extract: territory at zero opportunity
ifa_southatl_merge,28326,ifa,NC,IFA,IFA_07,IFA,,37085,11360,3764000,"IFA Charlotte-Concord-Gastonia, NC-SC / Raleigh-Cary, NC",0.0,no cell in the extract: territory at zero opportunity
ifa_southatl_merge,28327,ifa,NC,IFA,IFA_07,IFA,,37125,38240,3710680,"IFA Charlotte-Concord-Gastonia, NC-SC / Raleigh-Cary, NC",0.0,no cell in the extract: territory at zero opportunity
ifa_southatl_merge,28328,ifa,NC,IFA,IFA_07,IFA,,37163,,3735340,"IFA Charlotte-Concord-Gastonia, NC-SC / Raleigh-Cary, NC",1.77798,
ifa_southatl_merge,28330,ifa,NC,IFA,IFA_07,IFA,,37153,40460,3714600,"IFA Charlotte-Concord-Gastonia, NC-SC / Raleigh-Cary, NC",0.0,no cell in the extract: territory at zero opportunity
ifa_southatl_merge,28331,ifa,NC,IFA,IFA_07,IFA,,37051,22180,3722620,"IFA Charlotte-Concord-Gastonia, NC-SC / Raleigh-Cary, NC",0.0,no cell in the extract: territory at zero opportunity
ifa_southatl_merge,28332,ifa,NC,IFA,IFA_07,IFA,,37017,,3718040,"IFA Charlotte-Concord-Gastonia, NC-SC / Raleigh-Cary, NC",0.0,no cell in the extract: territory at zero opportunity
ifa_southatl_merge,28333,ifa,NC,IFA,IFA_07,IFA,,37191,24140,3718080,"IFA Charlotte-Concord-Gastonia, NC-SC / Raleigh-Cary, NC",0.0,no cell in the extract: territory at zero opportunity
ifa_southatl_merge,28334,ifa,NC,IFA,IFA_07,IFA,,37163,,3752685,"IFA Charlotte-Concord-Gastonia, NC-SC / Raleigh-Cary, NC",1.30267,
ifa_southatl_merge,28337,ifa,NC,IFA,IFA_07,IFA,,37017,,3720600,"IFA Charlotte-Concord-Gastonia, NC-SC / Raleigh-Cary, NC",0.604047,
ifa_southatl_merge,28338,ifa,NC,IFA,IFA_07,IFA,,37153,40460,3720840,"IFA Charlotte-Concord-Gastonia, NC-SC / Raleigh-Cary, NC",0.0732835,
ifa_southatl_merge,28339,ifa,NC,IFA,IFA_07,IFA,,37085,11360,3721740,"IFA Charlotte-Concord-Gastonia, NC-SC / Raleigh-Cary, NC",0.0,no cell in the extract: territory at zero opportunity
ifa_southatl_merge,28340,ifa,NC,IFA,IFA_07,IFA,,37155,31300,3722360,"IFA Charlotte-Concord-Gastonia, NC-SC / Raleigh-Cary, NC",0.0,no cell in the extract: territory at zero opportunity
ifa_southatl_merge,28341,ifa,NC,IFA,IFA_07,IFA,,37163,,3722560,"IFA Charlotte-Concord-Gastonia, NC-SC / Raleigh-Cary, NC",0.0,no cell in the extract: territory at zero opportunity
ifa_southatl_merge,28342,ifa,NC,IFA,IFA_07,IFA,,37051,22180,3722620,"IFA Charlotte-Concord-Gastonia, NC-SC / Raleigh-Cary, NC",0.0,no cell in the extract: territory at zero opportunity
ifa_southatl_merge,28343,ifa,NC,IFA,IFA_07,IFA,,37165,29900,3725940,"IFA Charlotte-Concord-Gastonia, NC-SC / Raleigh-Cary, NC",0.0,no cell in the extract: territory at zero opportunity
ifa_southatl_merge,28344,ifa,NC,IFA,IFA_07,IFA,,37163,,3726740,"IFA Charlotte-Concord-Gastonia, NC-SC / Raleigh-Cary, NC",0.0,no cell in the extract: territory at zero opportunity
ifa_southatl_merge,28345,ifa,NC,IFA,IFA_07,IFA,,37153,40460,3729160,"IFA Charlotte-Concord-Gastonia, NC-SC / Raleigh-Cary, NC",0.0,no cell in the extract: territory at zero opportunity
ifa_southatl_merge,28347,ifa,NC,IFA,IFA_07,IFA,,37153,40460,3731920,"IFA Charlotte-Concord-Gastonia, NC-SC / Raleigh-Cary, NC",0.0,no cell in the extract: territory at zero opportunity
ifa_southatl_merge,28348,ifa,NC,IFA,IFA_07,IFA,,37051,22180,3732640,"IFA Charlotte-Concord-Gastonia, NC-SC / Raleigh-Cary, NC",0.0,no cell in the extract: territory at zero opportunity
ifa_southatl_merge,28349,ifa,NC,IFA,IFA_07,IFA,,37061,,3735460,"IFA Charlotte-Concord-Gastonia, NC-SC / Raleigh-Cary, NC",0.0,no cell in the extract: territory at zero opportunity
ifa_southatl_merge,28350,ifa,NC,IFA,IFA_07,IFA,,37125,38240,,"IFA Charlotte-Concord-Gastonia, NC-SC / Raleigh-Cary, NC",0.0,no cell in the extract: territory at zero opportunity
ifa_southatl_merge,28351,ifa,NC,IFA,IFA_07,IFA,,37165,29900,3737120,"IFA Charlotte-Concord-Gastonia, NC-SC / Raleigh-Cary, NC",0.0,no cell in the extract: territory at zero opportunity
ifa_southatl_merge,28352,ifa,NC,IFA,IFA_07,IFA,,37165,29900,3737220,"IFA Charlotte-Concord-Gastonia, NC-SC / Raleigh-Cary, NC",0.0,no cell in the extract: territory at zero opportunity
ifa_southatl_merge,28355,ifa,NC,IFA,IFA_07,IFA,,37105,41820,,"IFA Charlotte-Concord-Gastonia, NC-SC / Raleigh-Cary, NC",0.0,no cell in the extract: territory at zero opportunity
ifa_southatl_merge,28356,ifa,NC,IFA,IFA_07,IFA,,37051,22180,3738360,"IFA Charlotte-Concord-Gastonia, NC-SC / Raleigh-Cary, NC",0.0,no cell in the extract: territory at zero opportunity
ifa_southatl_merge,28357,ifa,NC,IFA,IFA_07,IFA,,37155,31300,3739680,"IFA Charlotte-Concord-Gastonia, NC-SC / Raleigh-Cary, NC",0.0,no cell in the extract: territory at zero opportunity
ifa_southatl_merge,28358,ifa,NC,IFA,IFA_07,IFA,,37155,31300,3739700,"IFA Charlotte-Concord-Gastonia, NC-SC / Raleigh-Cary, NC",6.31527,
ifa_southatl_merge,28359,ifa,NC,IFA,IFA_07,IFA,,37155,31300,3739700,"IFA Charlotte-Concord-Gastonia, NC-SC / Raleigh-Cary, NC",0.0,no cell in the extract: territory at zero opportunity
ifa_southatl_merge,28360,ifa,NC,IFA,IFA_07,IFA,,37155,31300,3739700,"IFA Charlotte-Concord-Gastonia, NC-SC / Raleigh-Cary, NC",0.0,no cell in the extract: territory at zero opportunity
ifa_southatl_merge,28362,ifa,NC,IFA,IFA_07,IFA,,37155,31300,3741380,"IFA Charlotte-Concord-Gastonia, NC-SC / Raleigh-Cary, NC",0.0,no cell in the extract: territory at zero opportunity
ifa_southatl_merge,28363,ifa,NC,IFA,IFA_07,IFA,,37165,29900,,"IFA Charlotte-Concord-Gastonia, NC-SC / Raleigh-Cary, NC",0.0,no cell in the extract: territory at zero opportunity
ifa_southatl_merge,28364,ifa,NC,IFA,IFA_07,IFA,,37155,31300,3754600,"IFA Charlotte-Concord-Gastonia, NC-SC / Raleigh-Cary, NC",0.0,no cell in the extract: territory at zero opportunity
ifa_southatl_merge,28365,ifa,NC,IFA,IFA_07,IFA,,37061,,3745100,"IFA Charlotte-Concord-Gastonia, NC-SC / Raleigh-Cary, NC",0.0411751,
ifa_southatl_merge,28366,ifa,NC,IFA,IFA_07,IFA,,37163,,3747020,"IFA Charlotte-Concord-Gastonia, NC-SC / Raleigh-Cary, NC",0.0,no cell in the extract: territory at zero opportunity
ifa_southatl_merge,28367,ifa,NC,IFA,IFA_07,IFA,,37153,40460,3747260,"IFA Charlotte-Concord-Gastonia, NC-SC / Raleigh-Cary, NC",0.0,no cell in the extract: territory at zero opportunity
ifa_southatl_merge,28368,ifa,NC,IFA,IFA_07,IFA,,37085,11360,,"IFA Charlotte-Concord-Gastonia, NC-SC / Raleigh-Cary, NC",0.0,no cell in the extract: territory at zero opportunity
ifa_southatl_merge,28369,ifa,NC,IFA,IFA_07,IFA,,37155,31300,3749460,"IFA Charlotte-Concord-Gastonia, NC-SC / Raleigh-Cary, NC",0.0,no cell in the extract: territory at zero opportunity
ifa_southatl_merge,28371,ifa,NC,IFA,IFA_07,IFA,,37155,31300,3750340,"IFA Charlotte-Concord-Gastonia, NC-SC / Raleigh-Cary, NC",0.0,no cell in the extract: territory at zero opportunity
ifa_southatl_merge,28372,ifa,NC,IFA,IFA_07,IFA,,37155,31300,3751080,"IFA Charlotte-Concord-Gastonia, NC-SC / Raleigh-Cary, NC",0.0,no cell in the extract: territory at zero opportunity
ifa_southatl_merge,28373,ifa,NC,IFA,IFA_07,IFA,,37125,38240,3751840,"IFA Charlotte-Concord-Gastonia, NC-SC / Raleigh-Cary, NC",0.0,no cell in the extract: territory at zero opportunity
ifa_southatl_merge,28374,ifa,NC,IFA,IFA_07,IFA,,37125,38240,3751940,"IFA Charlotte-Concord-Gastonia, NC-SC / Raleigh-Cary, NC",2.7691,
ifa_southatl_merge,28375,ifa,NC,IFA,IFA_07,IFA,,37155,31300,3753900,"IFA Charlotte-Concord-Gastonia, NC-SC / Raleigh-Cary, NC",0.0,no cell in the extract: territory at zero opportunity
ifa_southatl_merge,28376,ifa,NC,IFA,IFA_07,IFA,,37093,22180,3723520,"IFA Charlotte-Concord-Gastonia, NC-SC / Raleigh-Cary, NC",0.0,no cell in the extract: territory at zero opportunity
ifa_southatl_merge,28377,ifa,NC,IFA,IFA_07,IFA,,37093,22180,3755660,"IFA Charlotte-Concord-Gastonia, NC-SC / Raleigh-Cary, NC",0.856797,
ifa_southatl_merge,28378,ifa,NC,IFA,IFA_07,IFA,,37155,31300,3756100,"IFA Charlotte-Concord-Gastonia, NC-SC / Raleigh-Cary, NC",0.0,no cell in the extract: territory at zero opportunity
ifa_southatl_merge,28379,ifa,NC,IFA,IFA_07,IFA,,37153,40460,3757260,"IFA Charlotte-Concord-Gastonia, NC-SC / Raleigh-Cary, NC",0.0,no cell in the extract: territory at zero opportunity
ifa_southatl_merge,28382,ifa,NC,IFA,IFA_07,IFA,,37163,,3757800,"IFA Charlotte-Concord-Gastonia, NC-SC / Raleigh-Cary, NC",0.0,no cell in the extract: territory at zero opportunity
ifa_southatl_merge,28383,ifa,NC,IFA,IFA_07,IFA,,37155,31300,3721120,"IFA Charlotte-Concord-Gastonia, NC-SC / Raleigh-Cary, NC",0.0,no cell in the extract: territory at zero opportunity
ifa_southatl_merge,28384,ifa,NC,IFA,IFA_07,IFA,,37155,31300,3758720,"IFA Charlotte-Concord-Gastonia, NC-SC / Raleigh-Cary, NC",0.0,no cell in the extract: territory at zero opportunity
ifa_southatl_merge,28385,ifa,NC,IFA,IFA_07,IFA,,37163,,3758840,"IFA Charlotte-Concord-Gastonia, NC-SC / Raleigh-Cary, NC",0.0,no cell in the extract: territory at zero opportunity
ifa_southatl_merge,28386,ifa,NC,IFA,IFA_07,IFA,,37155,31300,3755940,"IFA Charlotte-Concord-Gastonia, NC-SC / Raleigh-Cary, NC",0.0,no cell in the extract: territory at zero opportunity
ifa_southatl_merge,28387,ifa,NC,IFA,IFA_07,IFA,,37125,38240,3763120,"IFA Charlotte-Concord-Gastonia, NC-SC / Raleigh-Cary, NC",1.00053,
ifa_southatl_merge,28390,ifa,NC,IFA,IFA_07,IFA,,37085,11360,3701340,"IFA Charlotte-Concord-Gastonia, NC-SC / Raleigh-Cary, NC",0.0,no cell in the extract: territory at zero opportunity
ifa_southatl_merge,28391,ifa,NC,IFA,IFA_07,IFA,,37051,22180,3764840,"IFA Charlotte-Concord-Gastonia, NC-SC / Raleigh-Cary, NC",0.0,no cell in the extract: territory at zero opportunity
ifa_southatl_merge,28392,ifa,NC,IFA,IFA_07,IFA,,37017,,3766740,"IFA Charlotte-Concord-Gastonia, NC-SC / Raleigh-Cary, NC",0.0,no cell in the extract: territory at zero opportunity
ifa_southatl_merge,28393,ifa,NC,IFA,IFA_07,IFA,,37163,,3768740,"IFA Charlotte-Concord-Gastonia, NC-SC / Raleigh-Cary, NC",0.0,no cell in the extract: territory at zero opportunity
ifa_southatl_merge,28394,ifa,NC,IFA,IFA_07,IFA,,37125,38240,3769840,"IFA Charlotte-Concord-Gastonia, NC-SC / Raleigh-Cary, NC",0.0,no cell in the extract: territory at zero opportunity
ifa_southatl_merge,28395,ifa,NC,IFA,IFA_07,IFA,,37051,22180,3770340,"IFA Charlotte-Concord-Gastonia, NC-SC / Raleigh-Cary, NC",0.0,no cell in the extract: territory at zero opportunity
ifa_southatl_merge,28396,ifa,NC,IFA,IFA_07,IFA,,37165,29900,3770480,"IFA Charlotte-Concord-Gastonia, NC-SC / Raleigh-Cary, NC",0.0,no cell in the extract: territory at zero opportunity
ifa_southatl_merge,28398,ifa,NC,IFA,IFA_07,IFA,,37061,,3771160,"IFA Charlotte-Concord-Gastonia, NC-SC / Raleigh-Cary, NC",0.629291,
ifa_southatl_merge,28399,ifa,NC,IFA,IFA_07,IFA,,37017,,3773320,"IFA Charlotte-Concord-Gastonia, NC-SC / Raleigh-Cary, NC",0.0,no cell in the extract: territory at zero opportunity
ifa_southatl_merge,28401,ifa,NC,IFA,IFA_07,IFA,,37129,48900,3774440,"IFA Charlotte-Concord-Gastonia, NC-SC / Raleigh-Cary, NC",7.12446,
ifa_southatl_merge,28403,ifa,NC,IFA,IFA_07,IFA,,37129,48900,3774440,"IFA Charlotte-Concord-Gastonia, NC-SC / Raleigh-Cary, NC",6.88686,
ifa_southatl_merge,28405,ifa,NC,IFA,IFA_07,IFA,,37129,48900,3774440,"IFA Charlotte-Concord-Gastonia, NC-SC / Raleigh-Cary, NC",15.3898,
ifa_southatl_merge,28409,ifa,NC,IFA,IFA_07,IFA,,37129,48900,3774440,"IFA Charlotte-Concord-Gastonia, NC-SC / Raleigh-Cary, NC",0.0135227,
ifa_southatl_merge,28411,ifa,NC,IFA,IFA_07,IFA,,37129,48900,3745720,"IFA Charlotte-Concord-Gastonia, NC-SC / Raleigh-Cary, NC",0.0,no cell in the extract: territory at zero opportunity
ifa_southatl_merge,28412,ifa,NC,IFA,IFA_07,IFA,,37129,48900,3774440,"IFA Charlotte-Concord-Gastonia, NC-SC / Raleigh-Cary, NC",0.303141,
ifa_southatl_merge,28420,ifa,NC,IFA,IFA_07,IFA,,37019,48900,3760800,"IFA Charlotte-Concord-Gastonia, NC-SC / Raleigh-Cary, NC",0.0,no cell in the extract: territory at zero opportunity
ifa_southatl_merge,28421,ifa,NC,IFA,IFA_07,IFA,,37141,48900,3702460,"IFA Charlotte-Concord-Gastonia, NC-SC / Raleigh-Cary, NC",0.0,no cell in the extract: territory at zero opportunity
ifa_southatl_merge,28422,ifa,NC,IFA,IFA_07,IFA,,37019,48900,3748345,"IFA Charlotte-Concord-Gastonia, NC-SC / Raleigh-Cary, NC",0.0,no cell in the extract: territory at zero opportunity
ifa_southatl_merge,28423,ifa,NC,IFA,IFA_07,IFA,,37047,,3706860,"IFA Charlotte-Concord-Gastonia, NC-SC / Raleigh-Cary, NC",0.0,no cell in the extract: territory at zero opportunity
ifa_southatl_merge,28424,ifa,NC,IFA,IFA_07,IFA,,37047,,3708420,"IFA Charlotte-Concord-Gastonia, NC-SC / Raleigh-Cary, NC",0.0,no cell in the extract: territory at zero opportunity
ifa_southatl_merge,28425,ifa,NC,IFA,IFA_07,IFA,,37141,48900,3758620,"IFA Charlotte-Concord-Gastonia, NC-SC / Raleigh-Cary, NC",0.0,no cell in the extract: territory at zero opportunity
ifa_southatl_merge,28428,ifa,NC,IFA,IFA_07,IFA,,37129,48900,3710500,"IFA Charlotte-Concord-Gastonia, NC-SC / Raleigh-Cary, NC",0.0810582,
ifa_southatl_merge,28429,ifa,NC,IFA,IFA_07,IFA,,37129,48900,3762190,"IFA Charlotte-Concord-Gastonia, NC-SC / Raleigh-Cary, NC",0.0,no cell in the extract: territory at zero opportunity
ifa_southatl_merge,28430,ifa,NC,IFA,IFA_07,IFA,,37047,,3711620,"IFA Charlotte-Concord-Gastonia, NC-SC / Raleigh-Cary, NC",0.0,no cell in the extract: territory at zero opportunity
ifa_southatl_merge,28431,ifa,NC,IFA,IFA_07,IFA,,37047,,3711640,"IFA Charlotte-Concord-Gastonia, NC-SC / Raleigh-Cary, NC",0.0,no cell in the extract: territory at zero opportunity
ifa_southatl_merge,28432,ifa,NC,IFA,IFA_07,IFA,,37047,,,"IFA Charlotte-Concord-Gastonia, NC-SC / Raleigh-Cary, NC",0.0,no cell in the extract: territory at zero opportunity
ifa_southatl_merge,28433,ifa,NC,IFA,IFA_07,IFA,,37017,,3712780,"IFA Charlotte-Concord-Gastonia, NC-SC / Raleigh-Cary, NC",0.0,no cell in the extract: territory at zero opportunity
ifa_southatl_merge,28434,ifa,NC,IFA,IFA_07,IFA,,37017,,,"IFA Charlotte-Concord-Gastonia, NC-SC / Raleigh-Cary, NC",0.0,no cell in the extract: territory at zero opportunity
ifa_southatl_merge,28435,ifa,NC,IFA,IFA_07,IFA,,37141,48900,,"IFA Charlotte-Concord-Gastonia, NC-SC / Raleigh-Cary, NC",0.0,no cell in the extract: territory at zero opportunity
ifa_southatl_merge,28436,ifa,NC,IFA,IFA_07,IFA,,37047,,3716780,"IFA Charlotte-Concord-Gastonia, NC-SC / Raleigh-Cary, NC",0.0,no cell in the extract: territory at zero opportunity
ifa_southatl_merge,28438,ifa,NC,IFA,IFA_07,IFA,,37047,,3722080,"IFA Charlotte-Concord-Gastonia, NC-SC / Raleigh-Cary, NC",0.0,no cell in the extract: territory at zero opportunity
ifa_southatl_merge,28439,ifa,NC,IFA,IFA_07,IFA,,37047,,3722240,"IFA Charlotte-Concord-Gastonia, NC-SC / Raleigh-Cary, NC",0.0,no cell in the extract: territory at zero opportunity
ifa_southatl_merge,28441,ifa,NC,IFA,IFA_07,IFA,,37163,,3733640,"IFA Charlotte-Concord-Gastonia, NC-SC / Raleigh-Cary, NC",0.0,no cell in the extract: territory at zero opportunity
ifa_southatl_merge,28442,ifa,NC,IFA,IFA_07,IFA,,37047,,3729000,"IFA Charlotte-Concord-Gastonia, NC-SC / Raleigh-Cary, NC",0.0,no cell in the extract: territory at zero opportunity
ifa_southatl_merge,28443,ifa,NC,IFA,IFA_07,IFA,,37141,48900,3729180,"IFA Charlotte-Concord-Gastonia, NC-SC / Raleigh-Cary, NC",0.387926,
ifa_southatl_merge,28444,ifa,NC,IFA,IFA_07,IFA,,37163,,3729680,"IFA Charlotte-Concord-Gastonia, NC-SC / Raleigh-Cary, NC",0.0,no cell in the extract: territory at zero opportunity
ifa_southatl_merge,28445,ifa,NC,IFA,IFA_07,IFA,,37133,27340,3766040,"IFA Charlotte-Concord-Gastonia, NC-SC / Raleigh-Cary, NC",0.0,no cell in the extract: territory at zero opportunity
ifa_southatl_merge,28447,ifa,NC,IFA,IFA_07,IFA,,37017,,3733940,"IFA Charlotte-Concord-Gastonia, NC-SC / Raleigh-Cary, NC",0.0,no cell in the extract: territory at zero opportunity
ifa_southatl_merge,28448,ifa,NC,IFA,IFA_07,IFA,,37017,,3735440,"IFA Charlotte-Concord-Gastonia, NC-SC / Raleigh-Cary, NC",0.0,no cell in the extract: territory at zero opportunity
ifa_southatl_merge,28449,ifa,NC,IFA,IFA_07,IFA,,37129,48900,3736220,"IFA Charlotte-Concord-Gastonia, NC-SC / Raleigh-Cary, NC",0.0,no cell in the extract: territory at zero opportunity
ifa_southatl_merge,28450,ifa,NC,IFA,IFA_07,IFA,,37047,,3736640,"IFA Charlotte-Concord-Gastonia, NC-SC / Raleigh-Cary, NC",0.0,no cell in the extract: territory at zero opportunity
ifa_southatl_merge,28451,ifa,NC,IFA,IFA_07,IFA,,37019,48900,3737680,"IFA Charlotte-Concord-Gastonia, NC-SC / Raleigh-Cary, NC",1.69085,
ifa_southatl_merge,28452,ifa,NC,IFA,IFA_07,IFA,,37019,48900,,"IFA Charlotte-Concord-Gastonia, NC-SC / Raleigh-Cary, NC",0.0,no cell in the extract: territory at zero opportunity
ifa_southatl_merge,28453,ifa,NC,IFA,IFA_07,IFA,,37061,,3716860,"IFA Charlotte-Concord-Gastonia, NC-SC / Raleigh-Cary, NC",0.0,no cell in the extract: territory at zero opportunity
ifa_southatl_merge,28454,ifa,NC,IFA,IFA_07,IFA,,37133,27340,,"IFA Charlotte-Concord-Gastonia, NC-SC / Raleigh-Cary, NC",0.157934,
ifa_southatl_merge,28455,ifa,NC,IFA,IFA_07,IFA,,37047,,,"IFA Charlotte-Concord-Gastonia, NC-SC / Raleigh-Cary, NC",0.0,no cell in the extract: territory at zero opportunity
ifa_southatl_merge,28456,ifa,NC,IFA,IFA_07,IFA,,37047,,3759135,"IFA Charlotte-Concord-Gastonia, NC-SC / Raleigh-Cary, NC",0.0,no cell in the extract: territory at zero opportunity
ifa_southatl_merge,28457,ifa,NC,IFA,IFA_07,IFA,,37141,48900,3757540,"IFA Charlotte-Concord-Gastonia, NC-SC / Raleigh-Cary, NC",0.0,no cell in the extract: territory at zero opportunity
ifa_southatl_merge,28458,ifa,NC,IFA,IFA_07,IFA,,37061,,3716860,"IFA Charlotte-Concord-Gastonia, NC-SC / Raleigh-Cary, NC",0.0,no cell in the extract: territory at zero opportunity
ifa_southatl_merge,28460,ifa,NC,IFA,IFA_07,IFA,,37133,27340,3747845,"IFA Charlotte-Concord-Gastonia, NC-SC / Raleigh-Cary, NC",1.44836,
ifa_southatl_merge,28461,ifa,NC,IFA,IFA_07,IFA,,37019,48900,3706760,"IFA Charlotte-Concord-Gastonia, NC-SC / Raleigh-Cary, NC",0.770362,
ifa_southatl_merge,28462,ifa,NC,IFA,IFA_07,IFA,,37019,48900,3731960,"IFA Charlotte-Concord-Gastonia, NC-SC / Raleigh-Cary, NC",0.0,no cell in the extract: territory at zero opportunity
ifa_southatl_merge,28463,ifa,NC,IFA,IFA_07,IFA,,37047,,3766520,"IFA Charlotte-Concord-Gastonia, NC-SC / Raleigh-Cary, NC",0.0,no cell in the extract: territory at zero opportunity
ifa_southatl_merge,28464,ifa,NC,IFA,IFA_07,IFA,,37061,,3767000,"IFA Charlotte-Concord-Gastonia, NC-SC / Raleigh-Cary, NC",0.0,no cell in the extract: territory at zero opportunity
ifa_southatl_merge,28465,ifa,NC,IFA,IFA_07,IFA,,37019,48900,3748345,"IFA Charlotte-Concord-Gastonia, NC-SC / Raleigh-Cary, NC",0.0,no cell in the extract: territory at zero opportunity
ifa_southatl_merge,28466,ifa,NC,IFA,IFA_07,IFA,,37061,,3770720,"IFA Charlotte-Concord-Gastonia, NC-SC / Raleigh-Cary, NC",0.0,no cell in the extract: territory at zero opportunity
ifa_southatl_merge,28467,ifa,NC,IFA,IFA_07,IFA,,37019,48900,3710550,"IFA Charlotte-Concord-Gastonia, NC-SC / Raleigh-Cary, NC",0.980003,
ifa_southatl_merge,28468,ifa,NC,IFA,IFA_07,IFA,,37019,48900,3765900,"IFA Charlotte-Concord-Gastonia, NC-SC / Raleigh-Cary, NC",0.0,no cell in the extract: territory at zero opportunity
ifa_southatl_merge,28469,ifa,NC,IFA,IFA_07,IFA,,37019,48900,3748700,"IFA Charlotte-Concord-Gastonia, NC-SC / Raleigh-Cary, NC",0.0,no cell in the extract: territory at zero opportunity
ifa_southatl_merge,28470,ifa,NC,IFA,IFA_07,IFA,,37019,48900,3760800,"IFA Charlotte-Concord-Gastonia, NC-SC / Raleigh-Cary, NC",0.0743099,
ifa_southatl_merge,28472,ifa,NC,IFA,IFA_07,IFA,,37047,,3773660,"IFA Charlotte-Concord-Gastonia, NC-SC / Raleigh-Cary, NC",0.0,no cell in the extract: territory at zero opportunity
ifa_southatl_merge,28478,ifa,NC,IFA,IFA_07,IFA,,37141,48900,3771320,"IFA Charlotte-Concord-Gastonia, NC-SC / Raleigh-Cary, NC",0.0,no cell in the extract: territory at zero opportunity
ifa_southatl_merge,28479,ifa,NC,IFA,IFA_07,IFA,,37019,48900,3737680,"IFA Charlotte-Concord-Gastonia, NC-SC / Raleigh-Cary, NC",0.0,no cell in the extract: territory at zero opportunity
ifa_southatl_merge,28480,ifa,NC,IFA,IFA_07,IFA,,37129,48900,3775820,"IFA Charlotte-Concord-Gastonia, NC-SC / Raleigh-Cary, NC",0.0,no cell in the extract: territory at zero opportunity
ifa_southatl_merge,28501,ifa,NC,IFA,IFA_07,IFA,,37107,28820,3735920,"IFA Charlotte-Concord-Gastonia, NC-SC / Raleigh-Cary, NC",1.2872,
ifa_southatl_merge,28504,ifa,NC,IFA,IFA_07,IFA,,37107,28820,3735920,"IFA Charlotte-Concord-Gastonia, NC-SC / Raleigh-Cary, NC",0.0,no cell in the extract: territory at zero opportunity
ifa_southatl_merge,28508,ifa,NC,IFA,IFA_07,IFA,,37061,,,"IFA Charlotte-Concord-Gastonia, NC-SC / Raleigh-Cary, NC",0.0,no cell in the extract: territory at zero opportunity
ifa_southatl_merge,28509,ifa,NC,IFA,IFA_07,IFA,,37137,35100,3701000,"IFA Charlotte-Concord-Gastonia, NC-SC / Raleigh-Cary, NC",0.0,no cell in the extract: territory at zero opportunity
ifa_southatl_merge,28510,ifa,NC,IFA,IFA_07,IFA,,37137,35100,3743440,"IFA Charlotte-Concord-Gastonia, NC-SC / Raleigh-Cary, NC",0.0,no cell in the extract: territory at zero opportunity
ifa_southatl_merge,28511,ifa,NC,IFA,IFA_07,IFA,,37031,33980,3702480,"IFA Charlotte-Concord-Gastonia, NC-SC / Raleigh-Cary, NC",0.0,no cell in the extract: territory at zero opportunity
ifa_southatl_merge,28512,ifa,NC,IFA,IFA_07,IFA,,37031,33980,3702500,"IFA Charlotte-Concord-Gastonia, NC-SC / Raleigh-Cary, NC",0.0,no cell in the extract: territory at zero opportunity
ifa_southatl_merge,28513,ifa,NC,IFA,IFA_07,IFA,,37147,24780,3702840,"IFA Charlotte-Concord-Gastonia, NC-SC / Raleigh-Cary, NC",0.0,no cell in the extract: territory at zero opportunity
ifa_southatl_merge,28515,ifa,NC,IFA,IFA_07,IFA,,37137,35100,3703960,"IFA Charlotte-Concord-Gastonia, NC-SC / Raleigh-Cary, NC",0.0,no cell in the extract: territory at zero opportunity
ifa_southatl_merge,28516,ifa,NC,IFA,IFA_07,IFA,,37031,33980,3704260,"IFA Charlotte-Concord-Gastonia, NC-SC / Raleigh-Cary, NC",0.0,no cell in the extract: territory at zero opportunity
ifa_southatl_merge,28518,ifa,NC,IFA,IFA_07,IFA,,37061,,3705660,"IFA Charlotte-Concord-Gastonia, NC-SC / Raleigh-Cary, NC",0.0,no cell in the extract: territory at zero opportunity
ifa_southatl_merge,28519,ifa,NC,IFA,IFA_07,IFA,,37049,35100,3707860,"IFA Charlotte-Concord-Gastonia, NC-SC / Raleigh-Cary, NC",0.0,no cell in the extract: territory at zero opportunity
ifa_southatl_merge,28520,ifa,NC,IFA,IFA_07,IFA,,37031,33980,,"IFA Charlotte-Concord-Gastonia, NC-SC / Raleigh-Cary, NC",0.0,no cell in the extract: territory at zero opportunity
ifa_southatl_merge,28521,ifa,NC,IFA,IFA_07,IFA,,37061,,3712520,"IFA Charlotte-Concord-Gastonia, NC-SC / Raleigh-Cary, NC",0.0,no cell in the extract: territory at zero opportunity
ifa_southatl_merge,28523,ifa,NC,IFA,IFA_07,IFA,,37049,35100,3715020,"IFA Charlotte-Concord-Gastonia, NC-SC / Raleigh-Cary, NC",0.0,no cell in the extract: territory at zero opportunity
ifa_southatl_merge,28524,ifa,NC,IFA,IFA_07,IFA,,37031,33980,3716480,"IFA Charlotte-Concord-Gastonia, NC-SC / Raleigh-Cary, NC",0.0,no cell in the extract: territory at zero opportunity
ifa_southatl_merge,28525,ifa,NC,IFA,IFA_07,IFA,,37107,28820,3716720,"IFA Charlotte-Concord-Gastonia, NC-SC / Raleigh-Cary, NC",0.0,no cell in the extract: territory at zero opportunity
ifa_southatl_merge,28526,ifa,NC,IFA,IFA_07,IFA,,37049,35100,3717660,"IFA Charlotte-Concord-Gastonia, NC-SC / Raleigh-Cary, NC",0.0,no cell in the extract: territory at zero opportunity
ifa_southatl_merge,28527,ifa,NC,IFA,IFA_07,IFA,,37049,35100,,"IFA Charlotte-Concord-Gastonia, NC-SC / Raleigh-Cary, NC",0.0,no cell in the extract: territory at zero opportunity
ifa_southatl_merge,28528,ifa,NC,IFA,IFA_07,IFA,,37031,33980,3726680,"IFA Charlotte-Concord-Gastonia, NC-SC / Raleigh-Cary, NC",0.0,no cell in the extract: territory at zero opportunity
ifa_southatl_merge,28529,ifa,NC,IFA,IFA_07,IFA,,37137,35100,3727520,"IFA Charlotte-Concord-Gastonia, NC-SC / Raleigh-Cary, NC",0.0,no cell in the extract: territory at zero opportunity
ifa_southatl_merge,28530,ifa,NC,IFA,IFA_07,IFA,,37147,24780,3728200,"IFA Charlotte-Concord-Gastonia, NC-SC / Raleigh-Cary, NC",0.0,no cell in the extract: territory at zero opportunity
ifa_southatl_merge,28531,ifa,NC,IFA,IFA_07,IFA,,37031,33980,3729560,"IFA Charlotte-Concord-Gastonia, NC-SC / Raleigh-Cary, NC",0.0,no cell in the extract: territory at zero opportunity
ifa_southatl_merge,28532,ifa,NC,IFA,IFA_07,IFA,,37049,35100,3730120,"IFA Charlotte-Concord-Gastonia, NC-SC / Raleigh-Cary, NC",0.0,no cell in the extract: territory at zero opportunity
ifa_southatl_merge,28533,ifa,NC,IFA,IFA_07,IFA,,37049,35100,3730120,"IFA Charlotte-Concord-Gastonia, NC-SC / Raleigh-Cary, NC",0.0,no cell in the extract: territory at zero opportunity
ifa_southatl_merge,28537,ifa,NC,IFA,IFA_07,IFA,,37137,35100,3731880,"IFA Charlotte-Concord-Gastonia, NC-SC / Raleigh-Cary, NC",0.0,no cell in the extract: territory at zero opportunity
ifa_southatl_merge,28538,ifa,NC,IFA,IFA_07,IFA,,37079,,3732540,"IFA Charlotte-Concord-Gastonia, NC-SC / Raleigh-Cary, NC",0.0,no cell in the extract: territory at zero opportunity
ifa_southatl_merge,28539,ifa,NC,IFA,IFA_07,IFA,,37133,27340,3734200,"IFA Charlotte-Concord-Gastonia, NC-SC / Raleigh-Cary, NC",0.0,no cell in the extract: territory at zero opportunity
ifa_southatl_merge,28540,ifa,NC,IFA,IFA_07,IFA,,37133,27340,3734200,"IFA Charlotte-Concord-Gastonia, NC-SC / Raleigh-Cary, NC",6.52191,
ifa_southatl_merge,28542,ifa,NC,IFA,IFA_07,IFA,,37133,27340,3734200,"IFA Charlotte-Concord-Gastonia, NC-SC / Raleigh-Cary, NC",0.0,no cell in the extract: territory at zero opportunity
ifa_southatl_merge,28543,ifa,NC,IFA,IFA_07,IFA,,37133,27340,3734200,"IFA Charlotte-Concord-Gastonia, NC-SC / Raleigh-Cary, NC",0.0,no cell in the extract: territory at zero opportunity
ifa_southatl_merge,28544,ifa,NC,IFA,IFA_07,IFA,,37133,27340,3752260,"IFA Charlotte-Concord-Gastonia, NC-SC / Raleigh-Cary, NC",0.0,no cell in the extract: territory at zero opportunity
ifa_southatl_merge,28546,ifa,NC,IFA,IFA_07,IFA,,37133,27340,3734200,"IFA Charlotte-Concord-Gastonia, NC-SC / Raleigh-Cary, NC",0.424414,
ifa_southatl_merge,28547,ifa,NC,IFA,IFA_07,IFA,,37133,27340,3734200,"IFA Charlotte-Concord-Gastonia, NC-SC / Raleigh-Cary, NC",0.0,no cell in the extract: territory at zero opportunity
ifa_southatl_merge,28551,ifa,NC,IFA,IFA_07,IFA,,37107,28820,3736400,"IFA Charlotte-Concord-Gastonia, NC-SC / Raleigh-Cary, NC",0.0,no cell in the extract: territory at zero opportunity
ifa_southatl_merge,28552,ifa,NC,IFA,IFA_07,IFA,,37137,35100,,"IFA Charlotte-Concord-Gastonia, NC-SC / Raleigh-Cary, NC",0.0,no cell in the extract: territory at zero opportunity
ifa_southatl_merge,28553,ifa,NC,IFA,IFA_07,IFA,,37031,33980,3741600,"IFA Charlotte-Concord-Gastonia, NC-SC / Raleigh-Cary, NC",0.0,no cell in the extract: territory at zero opportunity
ifa_southatl_merge,28554,ifa,NC,IFA,IFA_07,IFA,,37079,,3742000,"IFA Charlotte-Concord-Gastonia, NC-SC / Raleigh-Cary, NC",0.0,no cell in the extract: territory at zero opportunity
ifa_southatl_merge,28555,ifa,NC,IFA,IFA_07,IFA,,37133,27340,3742100,"IFA Charlotte-Concord-Gastonia, NC-SC / Raleigh-Cary, NC",0.0,no cell in the extract: territory at zero opportunity
ifa_southatl_merge,28556,ifa,NC,IFA,IFA_07,IFA,,37137,35100,3765120,"IFA Charlotte-Concord-Gastonia, NC-SC / Raleigh-Cary, NC",0.0,no cell in the extract: territory at zero opportunity
ifa_southatl_merge,28557,ifa,NC,IFA,IFA_07,IFA,,37031,33980,3744320,"IFA Charlotte-Concord-Gastonia, NC-SC / Raleigh-Cary, NC",5.07484,
ifa_southatl_merge,28560,ifa,NC,IFA,IFA_07,IFA,,37049,35100,3746340,"IFA Charlotte-Concord-Gastonia, NC-SC / Raleigh-Cary, NC",1.78022,
ifa_southatl_merge,28562,ifa,NC,IFA,IFA_07,IFA,,37049,35100,3746340,"IFA Charlotte-Concord-Gastonia, NC-SC / Raleigh-Cary, NC",1.80813,
ifa_southatl_merge,28570,ifa,NC,IFA,IFA_07,IFA,,37031,33980,3746860,"IFA Charlotte-Concord-Gastonia, NC-SC / Raleigh-Cary, NC",0.739287,
ifa_southatl_merge,28571,ifa,NC,IFA,IFA_07,IFA,,37137,35100,3749380,"IFA Charlotte-Concord-Gastonia, NC-SC / Raleigh-Cary, NC",0.0,no cell in the extract: territory at zero opportunity
ifa_southatl_merge,28572,ifa,NC,IFA,IFA_07,IFA,,37061,,3753580,"IFA Charlotte-Concord-Gastonia, NC-SC / Raleigh-Cary, NC",0.0,no cell in the extract: territory at zero opportunity
ifa_southatl_merge,28573,ifa,NC,IFA,IFA_07,IFA,,37103,35100,3707765,"IFA Charlotte-Concord-Gastonia, NC-SC / Raleigh-Cary, NC",0.0,no cell in the extract: territory at zero opportunity
ifa_southatl_merge,28574,ifa,NC,IFA,IFA_07,IFA,,37133,27340,3756360,"IFA Charlotte-Concord-Gastonia, NC-SC / Raleigh-Cary, NC",0.0,no cell in the extract: territory at zero opportunity
ifa_southatl_merge,28575,ifa,NC,IFA,IFA_07,IFA,,37031,33980,3733460,"IFA Charlotte-Concord-Gastonia, NC-SC / Raleigh-Cary, NC",0.0,no cell in the extract: territory at zero opportunity
ifa_southatl_merge,28577,ifa,NC,IFA,IFA_07,IFA,,37031,33980,,"IFA Charlotte-Concord-Gastonia, NC-SC / Raleigh-Cary, NC",0.0,no cell in the extract: territory at zero opportunity
ifa_southatl_merge,28578,ifa,NC,IFA,IFA_07,IFA,,37191,24140,3760540,"IFA Charlotte-Concord-Gastonia, NC-SC / Raleigh-Cary, NC",0.0,no cell in the extract: territory at zero opportunity
ifa_southatl_merge,28579,ifa,NC,IFA,IFA_07,IFA,,37031,33980,,"IFA Charlotte-Concord-Gastonia, NC-SC / Raleigh-Cary, NC",0.0,no cell in the extract: territory at zero opportunity
ifa_southatl_merge,28580,ifa,NC,IFA,IFA_07,IFA,,37079,,3762760,"IFA Charlotte-Concord-Gastonia, NC-SC / Raleigh-Cary, NC",0.0,no cell in the extract: territory at zero opportunity
ifa_southatl_merge,28581,ifa,NC,IFA,IFA_07,IFA,,37031,33980,,"IFA Charlotte-Concord-Gastonia, NC-SC / Raleigh-Cary, NC",0.0,no cell in the extract: territory at zero opportunity
ifa_southatl_merge,28582,ifa,NC,IFA,IFA_07,IFA,,37133,27340,,"IFA Charlotte-Concord-Gastonia, NC-SC / Raleigh-Cary, NC",0.0,no cell in the extract: territory at zero opportunity
ifa_southatl_merge,28584,ifa,NC,IFA,IFA_07,IFA,,37031,33980,3751040,"IFA Charlotte-Concord-Gastonia, NC-SC / Raleigh-Cary, NC",0.0,no cell in the extract: territory at zero opportunity
ifa_southatl_merge,28585,ifa,NC,IFA,IFA_07,IFA,,37103,35100,3768320,"IFA Charlotte-Concord-Gastonia, NC-SC / Raleigh-Cary, NC",0.0,no cell in the extract: territory at zero opportunity
ifa_southatl_merge,28586,ifa,NC,IFA,IFA_07,IFA,,37049,35100,3769680,"IFA Charlotte-Concord-Gastonia, NC-SC / Raleigh-Cary, NC",0.0,no cell in the extract: territory at zero opportunity
ifa_southatl_merge,28587,ifa,NC,IFA,IFA_07,IFA,,37137,35100,3769720,"IFA Charlotte-Concord-Gastonia, NC-SC / Raleigh-Cary, NC",0.0,no cell in the extract: territory at zero opportunity
ifa_southatl_merge,28589,ifa,NC,IFA,IFA_07,IFA,,37031,33980,,"IFA Charlotte-Concord-Gastonia, NC-SC / Raleigh-Cary, NC",0.0,no cell in the extract: territory at zero opportunity
ifa_southatl_merge,28590,ifa,NC,IFA,IFA_07,IFA,,37147,24780,3775060,"IFA Charlotte-Concord-Gastonia, NC-SC / Raleigh-Cary, NC",0.0,no cell in the extract: territory at zero opportunity
ifa_southatl_merge,28594,ifa,NC,IFA,IFA_07,IFA,,37031,33980,3721160,"IFA Charlotte-Concord-Gastonia, NC-SC / Raleigh-Cary, NC",0.0,no cell in the extract: territory at zero opportunity
ifa_southatl_merge,28601,ifa,NC,IFA,IFA_08,IFA,,37035,25860,3731060,"IFA Charlotte-Concord-Gastonia, NC-SC / Charleston-North Charleston, SC",7.53437,
ifa_southatl_merge,28602,ifa,NC,IFA,IFA_08,IFA,,37035,25860,3731060,"IFA Charlotte-Concord-Gastonia, NC-SC / Charleston-North Charleston, SC",15.3339,
ifa_southatl_merge,28604,ifa,NC,IFA,IFA_08,IFA,,37189,14380,3704510,"IFA Charlotte-Concord-Gastonia, NC-SC / Charleston-North Charleston, SC",0.913746,
ifa_southatl_merge,28605,ifa,NC,IFA,IFA_08,IFA,,37189,14380,3706500,"IFA Charlotte-Concord-Gastonia, NC-SC / Charleston-North Charleston, SC",0.0,no cell in the extract: territory at zero opportunity
ifa_southatl_merge,28606,ifa,NC,IFA,IFA_08,IFA,,37193,35900,,"IFA Charlotte-Concord-Gastonia, NC-SC / Charleston-North Charleston, SC",0.0,no cell in the extract: territory at zero opportunity
ifa_southatl_merge,28607,ifa,NC,IFA,IFA_08,IFA,,37189,14380,3707080,"IFA Charlotte-Concord-Gastonia, NC-SC / Charleston-North Charleston, SC",1.80245,
ifa_southatl_merge,28609,ifa,NC,IFA,IFA_08,IFA,,37035,25860,3710980,"IFA Charlotte-Concord-Gastonia, NC-SC / Charleston-North Charleston, SC",0.0,no cell in the extract: territory at zero opportunity
ifa_southatl_merge,28610,ifa,NC,IFA,IFA_08,IFA,,37035,25860,3712720,"IFA Charlotte-Concord-Gastonia, NC-SC / Charleston-North Charleston, SC",0.0,no cell in the extract: territory at zero opportunity
ifa_southatl_merge,28611,ifa,NC,IFA,IFA_08,IFA,,37027,25860,,"IFA Charlotte-Concord-Gastonia, NC-SC / Charleston-North Charleston, SC",0.0,no cell in the extract: territory at zero opportunity
ifa_southatl_merge,28612,ifa,NC,IFA,IFA_08,IFA,,37023,25860,3714280,"IFA Charlotte-Concord-Gastonia, NC-SC / Charleston-North Charleston, SC",0.0,no cell in the extract: territory at zero opportunity
ifa_southatl_merge,28613,ifa,NC,IFA,IFA_08,IFA,,37035,25860,3714340,"IFA Charlotte-Concord-Gastonia, NC-SC / Charleston-North Charleston, SC",0.0,no cell in the extract: territory at zero opportunity
ifa_southatl_merge,28615,ifa,NC,IFA,IFA_08,IFA,,37009,,,"IFA Charlotte-Concord-Gastonia, NC-SC / Charleston-North Charleston, SC",0.0,no cell in the extract: territory at zero opportunity
ifa_southatl_merge,28616,ifa,NC,IFA,IFA_08,IFA,,37011,,3715580,"IFA Charlotte-Concord-Gastonia, NC-SC / Charleston-North Charleston, SC",0.0,no cell in the extract: territory at zero opportunity
ifa_southatl_merge,28617,ifa,NC,IFA,IFA_08,IFA,,37009,,,"IFA Charlotte-Concord-Gastonia, NC-SC / Charleston-North Charleston, SC",0.0,no cell in the extract: territory at zero opportunity
ifa_southatl_merge,28618,ifa,NC,IFA,IFA_08,IFA,,37189,14380,,"IFA Charlotte-Concord-Gastonia, NC-SC / Charleston-North Charleston, SC",0.0,no cell in the extract: territory at zero opportunity
ifa_southatl_merge,28619,ifa,NC,IFA,IFA_08,IFA,,37023,25860,3717860,"IFA Charlotte-Concord-Gastonia, NC-SC / Charleston-North Charleston, SC",0.0,no cell in the extract: territory at zero opportunity
ifa_southatl_merge,28621,ifa,NC,IFA,IFA_07,IFA,,37171,34340,3720620,"IFA Charlotte-Concord-Gastonia, NC-SC / Raleigh-Cary, NC",1.46038,
ifa_southatl_merge,28622,ifa,NC,IFA,IFA_08,IFA,,37011,,3720700,"IFA Charlotte-Concord-Gastonia, NC-SC / Charleston-North Charleston, SC",0.0,no cell in the extract: territory at zero opportunity
ifa_southatl_merge,28623,ifa,NC,IFA,IFA_08,IFA,,37005,,,"IFA Charlotte-Concord-Gastonia, NC-SC / Charleston-North Charleston, SC",0.0,no cell in the extract: territory at zero opportunity
ifa_southatl_merge,28624,ifa,NC,IFA,IFA_08,IFA,,37193,35900,,"IFA Charlotte-Concord-Gastonia, NC-SC / Charleston-North Charleston, SC",0.0,no cell in the extract: territory at zero opportunity
ifa_southatl_merge,28625,ifa,NC,IFA,IFA_07,IFA,,37097,16740,3764740,"IFA Charlotte-Concord-Gastonia, NC-SC / Raleigh-Cary, NC",5.83348,
ifa_southatl_merge,28626,ifa,NC,IFA,IFA_08,IFA,,37009,,,"IFA Charlotte-Concord-Gastonia, NC-SC / Charleston-North Charleston, SC",0.0,no cell in the extract: territory at zero opportunity
ifa_southatl_merge,28627,ifa,NC,IFA,IFA_08,IFA,,37005,,,"IFA Charlotte-Concord-Gastonia, NC-SC / Charleston-North Charleston, SC",0.0,no cell in the extract: territory at zero opportunity
ifa_southatl_merge,28628,ifa,NC,IFA,IFA_08,IFA,,37023,25860,3726200,"IFA Charlotte-Concord-Gastonia, NC-SC / Charleston-North Charleston, SC",0.0,no cell in the extract: territory at zero opportunity
ifa_southatl_merge,28629,ifa,NC,IFA,IFA_08,IFA,,37009,,,"IFA Charlotte-Concord-Gastonia, NC-SC / Charleston-North Charleston, SC",0.0,no cell in the extract: territory at zero opportunity
ifa_southatl_merge,28630,ifa,NC,IFA,IFA_08,IFA,,37027,25860,3727420,"IFA Charlotte-Concord-Gastonia, NC-SC / Charleston-North Charleston, SC",0.0,no cell in the extract: territory at zero opportunity
ifa_southatl_merge,28631,ifa,NC,IFA,IFA_08,IFA,,37009,,,"IFA Charlotte-Concord-Gastonia, NC-SC / Charleston-North Charleston, SC",0.0,no cell in the extract: territory at zero opportunity
ifa_southatl_merge,28634,ifa,NC,IFA,IFA_07,IFA,,37097,16740,3729640,"IFA Charlotte-Concord-Gastonia, NC-SC / Raleigh-Cary, NC",0.0,no cell in the extract: territory at zero opportunity
ifa_southatl_merge,28635,ifa,NC,IFA,IFA_08,IFA,,37193,35900,3730340,"IFA Charlotte-Concord-Gastonia, NC-SC / Charleston-North Charleston, SC",0.0,no cell in the extract: territory at zero opportunity
ifa_southatl_merge,28636,ifa,NC,IFA,IFA_07,IFA,,37003,25860,3731260,"IFA Charlotte-Concord-Gastonia, NC-SC / Raleigh-Cary, NC",0.0,no cell in the extract: territory at zero opportunity
ifa_southatl_merge,28637,ifa,NC,IFA,IFA_08,IFA,,37023,25860,3731500,"IFA Charlotte-Concord-Gastonia, NC-SC / Charleston-North Charleston, SC",0.0,no cell in the extract: territory at zero opportunity
ifa_southatl_merge,28638,ifa,NC,IFA,IFA_08,IFA,,37027,25860,3732980,"IFA Charlotte-Concord-Gastonia, NC-SC / Charleston-North Charleston, SC",0.0,no cell in the extract: territory at zero opportunity
ifa_southatl_merge,28640,ifa,NC,IFA,IFA_08,IFA,,37009,,3734440,"IFA Charlotte-Concord-Gastonia, NC-SC / Charleston-North Charleston, SC",0.0,no cell in the extract: territory at zero opportunity
ifa_southatl_merge,28641,ifa,NC,IFA,IFA_08,IFA,,37023,25860,,"IFA Charlotte-Concord-Gastonia, NC-SC / Charleston-North Charleston, SC",0.0,no cell in the extract: territory at zero opportunity
ifa_southatl_merge,28642,ifa,NC,IFA,IFA_07,IFA,,37197,49180,3734840,"IFA Charlotte-Concord-Gastonia, NC-SC / Raleigh-Cary, NC",0.0,no cell in the extract: territory at zero opportunity
ifa_southatl_merge,28643,ifa,NC,IFA,IFA_08,IFA,,37009,,3736960,"IFA Charlotte-Concord-Gastonia, NC-SC / Charleston-North Charleston, SC",0.0,no cell in the extract: territory at zero opportunity
ifa_southatl_merge,28644,ifa,NC,IFA,IFA_08,IFA,,37005,,,"IFA Charlotte-Concord-Gastonia, NC-SC / Charleston-North Charleston, SC",0.0,no cell in the extract: territory at zero opportunity
ifa_southatl_merge,28645,ifa,NC,IFA,IFA_08,IFA,,37027,25860,3737760,"IFA Charlotte-Concord-Gastonia, NC-SC / Charleston-North Charleston, SC",5.36026,
ifa_southatl_merge,28646,ifa,NC,IFA,IFA_08,IFA,,37011,,3738420,"IFA Charlotte-Concord-Gastonia, NC-SC / Charleston-North Charleston, SC",0.0,no cell in the extract: territory at zero opportunity
ifa_southatl_merge,28649,ifa,NC,IFA,IFA_08,IFA,,37193,35900,,"IFA Charlotte-Concord-Gastonia, NC-SC / Charleston-North Charleston, SC",0.0,no cell in the extract: territory at zero opportunity
ifa_southatl_merge,28650,ifa,NC,IFA,IFA_08,IFA,,37035,25860,3740660,"IFA Charlotte-Concord-Gastonia, NC-SC / Charleston-North Charleston, SC",0.29786,
ifa_southatl_merge,28651,ifa,NC,IFA,IFA_08,IFA,,37193,35900,3743160,"IFA Charlotte-Concord-Gastonia, NC-SC / Charleston-North Charleston, SC",0.0,no cell in the extract: territory at zero opportunity
ifa_southatl_merge,28652,ifa,NC,IFA,IFA_08,IFA,,37011,,,"IFA Charlotte-Concord-Gastonia, NC-SC / Charleston-North Charleston, SC",0.0,no cell in the extract: territory at zero opportunity
ifa_southatl_merge,28653,ifa,NC,IFA,IFA_08,IFA,,37011,,,"IFA Charlotte-Concord-Gastonia, NC-SC / Charleston-North Charleston, SC",0.0,no cell in the extract: territory at zero opportunity
ifa_southatl_merge,28654,ifa,NC,IFA,IFA_08,IFA,,37193,35900,3744280,"IFA Charlotte-Concord-Gastonia, NC-SC / Charleston-North Charleston, SC",0.0,no cell in the extract: territory at zero opportunity
ifa_southatl_merge,28655,ifa,NC,IFA,IFA_08,IFA,,37023,25860,3744400,"IFA Charlotte-Concord-Gastonia, NC-SC / Charleston-North Charleston, SC",6.64874,
ifa_southatl_merge,28657,ifa,NC,IFA,IFA_08,IFA,,37011,,3746740,"IFA Charlotte-Concord-Gastonia, NC-SC / Charleston-North Charleston, SC",0.0,no cell in the extract: territory at zero opportunity
ifa_southatl_merge,28658,ifa,NC,IFA,IFA_08,IFA,,37035,25860,3747000,"IFA Charlotte-Concord-Gastonia, NC-SC / Charleston-North Charleston, SC",0.00971882,
ifa_southatl_merge,28659,ifa,NC,IFA,IFA_08,IFA,,37193,35900,3747880,"IFA Charlotte-Concord-Gastonia, NC-SC / Charleston-North Charleston, SC",2.63806,
ifa_southatl_merge,28660,ifa,NC,IFA,IFA_07,IFA,,37097,16740,,"IFA Charlotte-Concord-Gastonia, NC-SC / Raleigh-Cary, NC",0.0,no cell in the extract: territory at zero opportunity
ifa_southatl_merge,28662,ifa,NC,IFA,IFA_08,IFA,,37011,,,"IFA Charlotte-Concord-Gastonia, NC-SC / Charleston-North Charleston, SC",0.0,no cell in the extract: territory at zero opportunity
ifa_southatl_merge,28663,ifa,NC,IFA,IFA_08,IFA,,37005,,,"IFA Charlotte-Concord-Gastonia, NC-SC / Charleston-North Charleston, SC",0.0,no cell in the extract: territory at zero opportunity
ifa_southatl_merge,28664,ifa,NC,IFA,IFA_08,IFA,,37011,,,"IFA Charlotte-Concord-Gastonia, NC-SC / Charleston-North Charleston, SC",0.0,no cell in the extract: territory at zero opportunity
ifa_southatl_merge,28665,ifa,NC,IFA,IFA_08,IFA,,37193,35900,,"IFA Charlotte-Concord-Gastonia, NC-SC / Charleston-North Charleston, SC",0.0,no cell in the extract: territory at zero opportunity
ifa_southatl_merge,28666,ifa,NC,IFA,IFA_08,IFA,,37023,25860,3733320,"IFA Charlotte-Concord-Gastonia, NC-SC / Charleston-North Charleston, SC",0.0,no cell in the extract: territory at zero opportunity
ifa_southatl_merge,28667,ifa,NC,IFA,IFA_08,IFA,,37027,25860,3756240,"IFA Charlotte-Concord-Gastonia, NC-SC / Charleston-North Charleston, SC",0.0,no cell in the extract: territory at zero opportunity
ifa_southatl_merge,28668,ifa,NC,IFA,IFA_08,IFA,,37005,,,"IFA Charlotte-Concord-Gastonia, NC-SC / Charleston-North Charleston, SC",0.0,no cell in the extract: territory at zero opportunity
ifa_southatl_merge,28669,ifa,NC,IFA,IFA_08,IFA,,37193,35900,,"IFA Charlotte-Concord-Gastonia, NC-SC / Charleston-North Charleston, SC",0.481927,
ifa_southatl_merge,28670,ifa,NC,IFA,IFA_08,IFA,,37193,35900,3757700,"IFA Charlotte-Concord-Gastonia, NC-SC / Charleston-North Charleston, SC",0.0,no cell in the extract: territory at zero opportunity
ifa_southatl_merge,28671,ifa,NC,IFA,IFA_08,IFA,,37023,25860,3758440,"IFA Charlotte-Concord-Gastonia, NC-SC / Charleston-North Charleston, SC",0.0,no cell in the extract: territory at zero opportunity
ifa_southatl_merge,28672,ifa,NC,IFA,IFA_08,IFA,,37009,,,"IFA Charlotte-Concord-Gastonia, NC-SC / Charleston-North Charleston, SC",0.0,no cell in the extract: territory at zero opportunity
ifa_southatl_merge,28673,ifa,NC,IFA,IFA_08,IFA,,37035,25860,3736510,"IFA Charlotte-Concord-Gastonia, NC-SC / Charleston-North Charleston, SC",0.208651,
ifa_southatl_merge,28675,ifa,NC,IFA,IFA_08,IFA,,37005,,3763680,"IFA Charlotte-Concord-Gastonia, NC-SC / Charleston-North Charleston, SC",0.0,no cell in the extract: territory at zero opportunity
ifa_southatl_merge,28676,ifa,NC,IFA,IFA_07,IFA,,37171,34340,,"IFA Charlotte-Concord-Gastonia, NC-SC / Raleigh-Cary, NC",0.0,no cell in the extract: territory at zero opportunity
ifa_southatl_merge,28677,ifa,NC,IFA,IFA_07,IFA,,37097,16740,3764740,"IFA Charlotte-Concord-Gastonia, NC-SC / Raleigh-Cary, NC",11.682,
ifa_southatl_merge,28678,ifa,NC,IFA,IFA_07,IFA,,37097,16740,3765260,"IFA Charlotte-Concord-Gastonia, NC-SC / Raleigh-Cary, NC",0.0898064,
ifa_southatl_merge,28679,ifa,NC,IFA,IFA_08,IFA,,37189,14380,3769600,"IFA Charlotte-Concord-Gastonia, NC-SC / Charleston-North Charleston, SC",0.0,no cell in the extract: territory at zero opportunity
ifa_southatl_merge,28681,ifa,NC,IFA,IFA_08,IFA,,37003,25860,3705530,"IFA Charlotte-Concord-Gastonia, NC-SC / Charleston-North Charleston, SC",0.0,no cell in the extract: territory at zero opportunity
ifa_southatl_merge,28682,ifa,NC,IFA,IFA_08,IFA,,37035,25860,3736510,"IFA Charlotte-Concord-Gastonia, NC-SC / Charleston-North Charleston, SC",0.0,no cell in the extract: territory at zero opportunity
ifa_southatl_merge,28683,ifa,NC,IFA,IFA_07,IFA,,37171,34340,,"IFA Charlotte-Concord-Gastonia, NC-SC / Raleigh-Cary, NC",0.0,no cell in the extract: territory at zero opportunity
ifa_southatl_merge,28684,ifa,NC,IFA,IFA_08,IFA,,37009,,,"IFA Charlotte-Concord-Gastonia, NC-SC / Charleston-North Charleston, SC",0.0,no cell in the extract: territory at zero opportunity
ifa_southatl_merge,28685,ifa,NC,IFA,IFA_08,IFA,,37193,35900,,"IFA Charlotte-Concord-Gastonia, NC-SC / Charleston-North Charleston, SC",0.0,no cell in the extract: territory at zero opportunity
ifa_southatl_merge,28689,ifa,NC,IFA,IFA_07,IFA,,37097,16740,,"IFA Charlotte-Concord-Gastonia, NC-SC / Raleigh-Cary, NC",0.0,no cell in the extract: territory at zero opportunity
ifa_southatl_merge,28690,ifa,NC,IFA,IFA_08,IFA,,37023,25860,3769520,"IFA Charlotte-Concord-Gastonia, NC-SC / Charleston-North Charleston, SC",0.610393,
ifa_southatl_merge,28692,ifa,NC,IFA,IFA_08,IFA,,37189,14380,3715040,"IFA Charlotte-Concord-Gastonia, NC-SC / Charleston-North Charleston, SC",0.0,no cell in the extract: territory at zero opportunity
ifa_southatl_merge,28693,ifa,NC,IFA,IFA_08,IFA,,37009,,,"IFA Charlotte-Concord-Gastonia, NC-SC / Charleston-North Charleston, SC",0.0,no cell in the extract: territory at zero opportunity
ifa_southatl_merge,28694,ifa,NC,IFA,IFA_08,IFA,,37009,,3772540,"IFA Charlotte-Concord-Gastonia, NC-SC / Charleston-North Charleston, SC",0.0,no cell in the extract: territory at zero opportunity
ifa_southatl_merge,28697,ifa,NC,IFA,IFA_08,IFA,,37193,35900,3774020,"IFA Charlotte-Concord-Gastonia, NC-SC / Charleston-North Charleston, SC",0.0,no cell in the extract: territory at zero opportunity
ifa_southatl_merge,28698,ifa,NC,IFA,IFA_08,IFA,,37189,14380,3715040,"IFA Charlotte-Concord-Gastonia, NC-SC / Charleston-North Charleston, SC",0.0,no cell in the extract: territory at zero opportunity
ifa_southatl_merge,28701,ifa,NC,IFA,IFA_08,IFA,,37021,11700,3775280,"IFA Charlotte-Concord-Gastonia, NC-SC / Charleston-North Charleston, SC",0.0,no cell in the extract: territory at zero opportunity
ifa_southatl_merge,28702,ifa,NC,IFA,IFA_08,IFA,,37075,,,"IFA Charlotte-Concord-Gastonia, NC-SC / Charleston-North Charleston, SC",0.0,no cell in the extract: territory at zero opportunity
ifa_southatl_merge,28704,ifa,NC,IFA,IFA_08,IFA,,37021,11700,3758260,"IFA Charlotte-Concord-Gastonia, NC-SC / Charleston-North Charleston, SC",0.0273506,
ifa_southatl_merge,28705,ifa,NC,IFA,IFA_08,IFA,,37121,,3703100,"IFA Charlotte-Concord-Gastonia, NC-SC / Charleston-North Charleston, SC",0.0,no cell in the extract: territory at zero opportunity
ifa_southatl_merge,28707,ifa,NC,IFA,IFA_08,IFA,,37099,,,"IFA Charlotte-Concord-Gastonia, NC-SC / Charleston-North Charleston, SC",0.0,no cell in the extract: territory at zero opportunity
ifa_southatl_merge,28708,ifa,NC,IFA,IFA_08,IFA,,37175,14820,,"IFA Charlotte-Concord-Gastonia, NC-SC / Charleston-North Charleston, SC",0.0,no cell in the extract: territory at zero opportunity
ifa_southatl_merge,28709,ifa,NC,IFA,IFA_08,IFA,,37021,11700,3703720,"IFA Charlotte-Concord-Gastonia, NC-SC / Charleston-North Charleston, SC",0.0,no cell in the extract: territory at zero opportunity
ifa_southatl_merge,28710,ifa,NC,IFA,IFA_08,IFA,,37089,11700,,"IFA Charlotte-Concord-Gastonia, NC-SC / Charleston-North Charleston, SC",0.0,no cell in the extract: territory at zero opportunity
ifa_southatl_merge,28711,ifa,NC,IFA,IFA_08,IFA,,37021,11700,3706140,"IFA Charlotte-Concord-Gastonia, NC-SC / Charleston-North Charleston, SC",0.0,no cell in the extract: territory at zero opportunity
ifa_southatl_merge,28712,ifa,NC,IFA,IFA_08,IFA,,37175,14820,3707720,"IFA Charlotte-Concord-Gastonia, NC-SC / Charleston-North Charleston, SC",1.89165,
ifa_southatl_merge,28713,ifa,NC,IFA,IFA_08,IFA,,37173,,3708480,"IFA Charlotte-Concord-Gastonia, NC-SC / Charleston-North Charleston, SC",0.0,no cell in the extract: territory at zero opportunity
ifa_southatl_merge,28714,ifa,NC,IFA,IFA_08,IFA,,37199,,3709140,"IFA Charlotte-Concord-Gastonia, NC-SC / Charleston-North Charleston, SC",0.384328,
ifa_southatl_merge,28715,ifa,NC,IFA,IFA_08,IFA,,37021,11700,3702140,"IFA Charlotte-Concord-Gastonia, NC-SC / Charleston-North Charleston, SC",0.0,no cell in the extract: territory at zero opportunity
ifa_southatl_merge,28716,ifa,NC,IFA,IFA_08,IFA,,37087,48200,3710240,"IFA Charlotte-Concord-Gastonia, NC-SC / Charleston-North Charleston, SC",0.0,no cell in the extract: territory at zero opportunity
ifa_southatl_merge,28717,ifa,NC,IFA,IFA_08,IFA,,37099,,3710800,"IFA Charlotte-Concord-Gastonia, NC-SC / Charleston-North Charleston, SC",0.0,no cell in the extract: territory at zero opportunity
ifa_southatl_merge,28718,ifa,NC,IFA,IFA_08,IFA,,37175,14820,,"IFA Charlotte-Concord-Gastonia, NC-SC / Charleston-North Charleston, SC",0.0,no cell in the extract: territory at zero opportunity
ifa_southatl_merge,28719,ifa,NC,IFA,IFA_08,IFA,,37173,,3712140,"IFA Charlotte-Concord-Gastonia, NC-SC / Charleston-North Charleston, SC",0.0,no cell in the extract: territory at zero opportunity
ifa_southatl_merge,28720,ifa,NC,IFA,IFA_08,IFA,,37161,22580,3712460,"IFA Charlotte-Concord-Gastonia, NC-SC / Charleston-North Charleston, SC",0.0,no cell in the extract: territory at zero opportunity
ifa_southatl_merge,28721,ifa,NC,IFA,IFA_08,IFA,,37087,48200,3713280,"IFA Charlotte-Concord-Gastonia, NC-SC / Charleston-North Charleston, SC",0.0,no cell in the extract: territory at zero opportunity
ifa_southatl_merge,28722,ifa,NC,IFA,IFA_08,IFA,,37149,,3713980,"IFA Charlotte-Concord-Gastonia, NC-SC / Charleston-North Charleston, SC",0.0,no cell in the extract: territory at zero opportunity
ifa_southatl_merge,28723,ifa,NC,IFA,IFA_08,IFA,,37099,,3715880,"IFA Charlotte-Concord-Gastonia, NC-SC / Charleston-North Charleston, SC",0.0,no cell in the extract: territory at zero opportunity
ifa_southatl_merge,28725,ifa,NC,IFA,IFA_08,IFA,,37099,,3717180,"IFA Charlotte-Concord-Gastonia, NC-SC / Charleston-North Charleston, SC",0.0,no cell in the extract: territory at zero opportunity
ifa_southatl_merge,28726,ifa,NC,IFA,IFA_08,IFA,,37089,11700,3719420,"IFA Charlotte-Concord-Gastonia, NC-SC / Charleston-North Charleston, SC",0.0,no cell in the extract: territory at zero opportunity
ifa_southatl_merge,28729,ifa,NC,IFA,IFA_08,IFA,,37089,11700,3721880,"IFA Charlotte-Concord-Gastonia, NC-SC / Charleston-North Charleston, SC",0.0,no cell in the extract: territory at zero opportunity
ifa_southatl_merge,28730,ifa,NC,IFA,IFA_08,IFA,,37021,11700,3722440,"IFA Charlotte-Concord-Gastonia, NC-SC / Charleston-North Charleston, SC",0.0,no cell in the extract: territory at zero opportunity
ifa_southatl_merge,28731,ifa,NC,IFA,IFA_08,IFA,,37089,11700,3723600,"IFA Charlotte-Concord-Gastonia, NC-SC / Charleston-North Charleston, SC",0.0,no cell in the extract: territory at zero opportunity
ifa_southatl_merge,28732,ifa,NC,IFA,IFA_08,IFA,,37089,11700,3732580,"IFA Charlotte-Concord-Gastonia, NC-SC / Charleston-North Charleston, SC",0.0,no cell in the extract: territory at zero opportunity
ifa_southatl_merge,28733,ifa,NC,IFA,IFA_08,IFA,,37075,,3723980,"IFA Charlotte-Concord-Gastonia, NC-SC / Charleston-North Charleston, SC",0.0,no cell in the extract: territory at zero opportunity
ifa_southatl_merge,28734,ifa,NC,IFA,IFA_08,IFA,,37113,,3724640,"IFA Charlotte-Concord-Gastonia, NC-SC / Charleston-North Charleston, SC",1.03448,
ifa_southatl_merge,28735,ifa,NC,IFA,IFA_08,IFA,,37089,11700,3725900,"IFA Charlotte-Concord-Gastonia, NC-SC / Charleston-North Charleston, SC",0.0,no cell in the extract: territory at zero opportunity
ifa_southatl_merge,28736,ifa,NC,IFA,IFA_08,IFA,,37099,,3726520,"IFA Charlotte-Concord-Gastonia, NC-SC / Charleston-North Charleston, SC",0.0,no cell in the extract: territory at zero opportunity
ifa_southatl_merge,28739,ifa,NC,IFA,IFA_08,IFA,,37089,11700,3721880,"IFA Charlotte-Concord-Gastonia, NC-SC / Charleston-North Charleston, SC",1.93998,
ifa_southatl_merge,28740,ifa,NC,IFA,IFA_08,IFA,,37199,,,"IFA Charlotte-Concord-Gastonia, NC-SC / Charleston-North Charleston, SC",0.0,no cell in the extract: territory at zero opportunity
ifa_southatl_merge,28741,ifa,NC,IFA,IFA_08,IFA,,37113,,3731360,"IFA Charlotte-Concord-Gastonia, NC-SC / Charleston-North Charleston, SC",0.745429,
ifa_southatl_merge,28742,ifa,NC,IFA,IFA_08,IFA,,37089,11700,3732740,"IFA Charlotte-Concord-Gastonia, NC-SC / Charleston-North Charleston, SC",0.0,no cell in the extract: territory at zero opportunity
ifa_southatl_merge,28743,ifa,NC,IFA,IFA_08,IFA,,37115,11700,3732840,"IFA Charlotte-Concord-Gastonia, NC-SC / Charleston-North Charleston, SC",0.0,no cell in the extract: territory at zero opportunity
ifa_southatl_merge,28745,ifa,NC,IFA,IFA_08,IFA,,37087,48200,3736480,"IFA Charlotte-Concord-Gastonia, NC-SC / Charleston-North Charleston, SC",0.0,no cell in the extract: territory at zero opportunity
ifa_southatl_merge,28746,ifa,NC,IFA,IFA_08,IFA,,37161,22580,3736500,"IFA Charlotte-Concord-Gastonia, NC-SC / Charleston-North Charleston, SC",0.0,no cell in the extract: territory at zero opportunity
ifa_southatl_merge,28747,ifa,NC,IFA,IFA_08,IFA,,37175,14820,,"IFA Charlotte-Concord-Gastonia, NC-SC / Charleston-North Charleston, SC",0.0,no cell in the extract: territory at zero opportunity
ifa_southatl_merge,28748,ifa,NC,IFA,IFA_08,IFA,,37021,11700,,"IFA Charlotte-Concord-Gastonia, NC-SC / Charleston-North Charleston, SC",0.0,no cell in the extract: territory at zero opportunity
ifa_southatl_merge,28749,ifa,NC,IFA,IFA_08,IFA,,37111,32000,,"IFA Charlotte-Concord-Gastonia, NC-SC / Charleston-North Charleston, SC",0.0,no cell in the extract: territory at zero opportunity
ifa_southatl_merge,28751,ifa,NC,IFA,IFA_08,IFA,,37087,48200,3740600,"IFA Charlotte-Concord-Gastonia, NC-SC / Charleston-North Charleston, SC",0.0,no cell in the extract: territory at zero opportunity
ifa_southatl_merge,28752,ifa,NC,IFA,IFA_08,IFA,,37111,32000,3741420,"IFA Charlotte-Concord-Gastonia, NC-SC / Charleston-North Charleston, SC",2.32432,
ifa_southatl_merge,28753,ifa,NC,IFA,IFA_08,IFA,,37115,11700,3741580,"IFA Charlotte-Concord-Gastonia, NC-SC / Charleston-North Charleston, SC",0.0,no cell in the extract: territory at zero opportunity
ifa_southatl_merge,28754,ifa,NC,IFA,IFA_08,IFA,,37115,11700,3741620,"IFA Charlotte-Concord-Gastonia, NC-SC / Charleston-North Charleston, SC",0.0,no cell in the extract: territory at zero opportunity
ifa_southatl_merge,28755,ifa,NC,IFA,IFA_08,IFA,,37199,,,"IFA Charlotte-Concord-Gastonia, NC-SC / Charleston-North Charleston, SC",0.0,no cell in the extract: territory at zero opportunity
ifa_southatl_merge,28756,ifa,NC,IFA,IFA_08,IFA,,37149,,3713980,"IFA Charlotte-Concord-Gastonia, NC-SC / Charleston-North Charleston, SC",0.0,no cell in the extract: territory at zero opportunity
ifa_southatl_merge,28757,ifa,NC,IFA,IFA_08,IFA,,37021,11700,3744100,"IFA Charlotte-Concord-Gastonia, NC-SC / Charleston-North Charleston, SC",0.0,no cell in the extract: territory at zero opportunity
ifa_southatl_merge,28758,ifa,NC,IFA,IFA_08,IFA,,37089,11700,3744700,"IFA Charlotte-Concord-Gastonia, NC-SC / Charleston-North Charleston, SC",0.0,no cell in the extract: territory at zero opportunity
ifa_southatl_merge,28759,ifa,NC,IFA,IFA_08,IFA,,37089,11700,3743260,"IFA Charlotte-Concord-Gastonia, NC-SC / Charleston-North Charleston, SC",2.90035,
ifa_southatl_merge,28761,ifa,NC,IFA,IFA_08,IFA,,37111,32000,3746100,"IFA Charlotte-Concord-Gastonia, NC-SC / Charleston-North Charleston, SC",0.0,no cell in the extract: territory at zero opportunity
ifa_southatl_merge,28762,ifa,NC,IFA,IFA_08,IFA,,37111,32000,3748920,"IFA Charlotte-Concord-Gastonia, NC-SC / Charleston-North Charleston, SC",0.0,no cell in the extract: territory at zero opportunity
ifa_southatl_merge,28763,ifa,NC,IFA,IFA_08,IFA,,37113,,,"IFA Charlotte-Concord-Gastonia, NC-SC / Charleston-North Charleston, SC",0.0,no cell in the extract: territory at zero opportunity
ifa_southatl_merge,28766,ifa,NC,IFA,IFA_08,IFA,,37175,14820,,"IFA Charlotte-Concord-Gastonia, NC-SC / Charleston-North Charleston, SC",0.0,no cell in the extract: territory at zero opportunity
ifa_southatl_merge,28768,ifa,NC,IFA,IFA_08,IFA,,37175,14820,3707720,"IFA Charlotte-Concord-Gastonia, NC-SC / Charleston-North Charleston, SC",0.0,no cell in the extract: territory at zero opportunity
ifa_southatl_merge,28770,ifa,NC,IFA,IFA_08,IFA,,37021,11700,,"IFA Charlotte-Concord-Gastonia, NC-SC / Charleston-North Charleston, SC",0.0,no cell in the extract: territory at zero opportunity
ifa_southatl_merge,28771,ifa,NC,IFA,IFA_08,IFA,,37075,,3757020,"IFA Charlotte-Concord-Gastonia, NC-SC / Charleston-North Charleston, SC",0.0,no cell in the extract: territory at zero opportunity
ifa_southatl_merge,28772,ifa,NC,IFA,IFA_08,IFA,,37175,14820,3758020,"IFA Charlotte-Concord-Gastonia, NC-SC / Charleston-North Charleston, SC",0.0,no cell in the extract: territory at zero opportunity
ifa_southatl_merge,28773,ifa,NC,IFA,IFA_08,IFA,,37149,,3758920,"IFA Charlotte-Concord-Gastonia, NC-SC / Charleston-North Charleston, SC",0.0,no cell in the extract: territory at zero opportunity
ifa_southatl_merge,28774,ifa,NC,IFA,IFA_08,IFA,,37175,14820,,"IFA Charlotte-Concord-Gastonia, NC-SC / Charleston-North Charleston, SC",0.646315,
ifa_southatl_merge,28775,ifa,NC,IFA,IFA_08,IFA,,37113,,,"IFA Charlotte-Concord-Gastonia, NC-SC / Charleston-North Charleston, SC",0.0,no cell in the extract: territory at zero opportunity
ifa_southatl_merge,28777,ifa,NC,IFA,IFA_08,IFA,,37121,,3764260,"IFA Charlotte-Concord-Gastonia, NC-SC / Charleston-North Charleston, SC",0.0,no cell in the extract: territory at zero opportunity
ifa_southatl_merge,28778,ifa,NC,IFA,IFA_08,IFA,,37021,11700,3766280,"IFA Charlotte-Concord-Gastonia, NC-SC / Charleston-North Charleston, SC",0.0,no cell in the extract: territory at zero opportunity
ifa_southatl_merge,28779,ifa,NC,IFA,IFA_08,IFA,,37099,,3766500,"IFA Charlotte-Concord-Gastonia, NC-SC / Charleston-North Charleston, SC",0.00636361,
ifa_southatl_merge,28781,ifa,NC,IFA,IFA_08,IFA,,37113,,,"IFA Charlotte-Concord-Gastonia, NC-SC / Charleston-North Charleston, SC",0.0,no cell in the extract: territory at zero opportunity
ifa_southatl_merge,28782,ifa,NC,IFA,IFA_08,IFA,,37149,,3768580,"IFA Charlotte-Concord-Gastonia, NC-SC / Charleston-North Charleston, SC",0.0,no cell in the extract: territory at zero opportunity
ifa_southatl_merge,28783,ifa,NC,IFA,IFA_08,IFA,,37099,,,"IFA Charlotte-Concord-Gastonia, NC-SC / Charleston-North Charleston, SC",0.0,no cell in the extract: territory at zero opportunity
ifa_southatl_merge,28785,ifa,NC,IFA,IFA_08,IFA,,37087,48200,3736480,"IFA Charlotte-Concord-Gastonia, NC-SC / Charleston-North Charleston, SC",0.0,no cell in the extract: territory at zero opportunity
ifa_southatl_merge,28786,ifa,NC,IFA,IFA_08,IFA,,37087,48200,3771500,"IFA Charlotte-Concord-Gastonia, NC-SC / Charleston-North Charleston, SC",4.27369,
ifa_southatl_merge,28787,ifa,NC,IFA,IFA_08,IFA,,37021,11700,3771560,"IFA Charlotte-Concord-Gastonia, NC-SC / Charleston-North Charleston, SC",0.0,no cell in the extract: territory at zero opportunity
ifa_southatl_merge,28788,ifa,NC,IFA,IFA_08,IFA,,37099,,3771600,"IFA Charlotte-Concord-Gastonia, NC-SC / Charleston-North Charleston, SC",0.0,no cell in the extract: territory at zero opportunity
ifa_southatl_merge,28789,ifa,NC,IFA,IFA_08,IFA,,37099,,3712140,"IFA Charlotte-Concord-Gastonia, NC-SC / Charleston-North Charleston, SC",0.0,no cell in the extract: territory at zero opportunity
ifa_southatl_merge,28790,ifa,NC,IFA,IFA_08,IFA,,37089,11700,3719420,"IFA Charlotte-Concord-Gastonia, NC-SC / Charleston-North Charleston, SC",0.0,no cell in the extract: territory at zero opportunity
ifa_southatl_merge,28791,ifa,NC,IFA,IFA_08,IFA,,37089,11700,3744700,"IFA Charlotte-Concord-Gastonia, NC-SC / Charleston-North Charleston, SC",0.821881,
ifa_southatl_merge,28792,ifa,NC,IFA,IFA_08,IFA,,37089,11700,3720280,"IFA Charlotte-Concord-Gastonia, NC-SC / Charleston-North Charleston, SC",2.64828,
ifa_southatl_merge,28801,ifa,NC,IFA,IFA_08,IFA,,37021,11700,3702140,"IFA Charlotte-Concord-Gastonia, NC-SC / Charleston-North Charleston, SC",5.4003,
ifa_southatl_merge,28803,ifa,NC,IFA,IFA_08,IFA,,37021,11700,3702140,"IFA Charlotte-Concord-Gastonia, NC-SC / Charleston-North Charleston, SC",2.9778,
ifa_southatl_merge,28804,ifa,NC,IFA,IFA_08,IFA,,37021,11700,3775280,"IFA Charlotte-Concord-Gastonia, NC-SC / Charleston-North Charleston, SC",2.41471,
ifa_southatl_merge,28805,ifa,NC,IFA,IFA_08,IFA,,37021,11700,3702140,"IFA Charlotte-Concord-Gastonia, NC-SC / Charleston-North Charleston, SC",0.198863,
ifa_southatl_merge,28806,ifa,NC,IFA,IFA_08,IFA,,37021,11700,3702140,"IFA Charlotte-Concord-Gastonia, NC-SC / Charleston-North Charleston, SC",3.4191,
ifa_southatl_merge,28901,ifa,NC,IFA,IFA_08,IFA,,37039,,3701380,"IFA Charlotte-Concord-Gastonia, NC-SC / Charleston-North Charleston, SC",0.106549,
ifa_southatl_merge,28902,ifa,NC,IFA,IFA_08,IFA,,37043,,,"IFA Charlotte-Concord-Gastonia, NC-SC / Charleston-North Charleston, SC",0.0,no cell in the extract: territory at zero opportunity
ifa_southatl_merge,28904,ifa,NC,IFA,IFA_08,IFA,,37043,,3730280,"IFA Charlotte-Concord-Gastonia, NC-SC / Charleston-North Charleston, SC",0.0824449,
ifa_southatl_merge,28905,ifa,NC,IFA,IFA_08,IFA,,37039,,3741220,"IFA Charlotte-Concord-Gastonia, NC-SC / Charleston-North Charleston, SC",0.0,no cell in the extract: territory at zero opportunity
ifa_southatl_merge,28906,ifa,NC,IFA,IFA_08,IFA,,37039,,3745660,"IFA Charlotte-Concord-Gastonia, NC-SC / Charleston-North Charleston, SC",0.0,no cell in the extract: territory at zero opportunity
ifa_southatl_merge,28909,ifa,NC,IFA,IFA_08,IFA,,37043,,,"IFA Charlotte-Concord-Gastonia, NC-SC / Charleston-North Charleston, SC",0.0,no cell in the extract: territory at zero opportunity
ifa_southatl_merge,29001,ifa,SC,IFA,IFA_08,IFA,,45027,,4500775,"IFA Charlotte-Concord-Gastonia, NC-SC / Charleston-North Charleston, SC",0.0,no cell in the extract: territory at zero opportunity
ifa_southatl_merge,29003,ifa,SC,IFA,IFA_08,IFA,,45009,,4503790,"IFA Charlotte-Concord-Gastonia, NC-SC / Charleston-North Charleston, SC",0.0,no cell in the extract: territory at zero opportunity
ifa_southatl_merge,29006,ifa,SC,IFA,IFA_08,IFA,,45081,17900,4504300,"IFA Charlotte-Concord-Gastonia, NC-SC / Charleston-North Charleston, SC",0.803009,
ifa_southatl_merge,29009,ifa,SC,IFA,IFA_08,IFA,,45055,17900,4506040,"IFA Charlotte-Concord-Gastonia, NC-SC / Charleston-North Charleston, SC",0.0,no cell in the extract: territory at zero opportunity
ifa_southatl_merge,29010,ifa,SC,IFA,IFA_08,IFA,,45061,,4578640,"IFA Charlotte-Concord-Gastonia, NC-SC / Charleston-North Charleston, SC",0.0,no cell in the extract: territory at zero opportunity
ifa_southatl_merge,29014,ifa,SC,IFA,IFA_08,IFA,,45039,17900,,"IFA Charlotte-Concord-Gastonia, NC-SC / Charleston-North Charleston, SC",0.0,no cell in the extract: territory at zero opportunity
ifa_southatl_merge,29015,ifa,SC,IFA,IFA_08,IFA,,45039,17900,,"IFA Charlotte-Concord-Gastonia, NC-SC / Charleston-North Charleston, SC",0.0,no cell in the extract: territory at zero opportunity
ifa_southatl_merge,29016,ifa,SC,IFA,IFA_08,IFA,,45079,17900,4507255,"IFA Charlotte-Concord-Gastonia, NC-SC / Charleston-North Charleston, SC",0.655337,
ifa_southatl_merge,29018,ifa,SC,IFA,IFA_08,IFA,,45075,36700,4507840,"IFA Charlotte-Concord-Gastonia, NC-SC / Charleston-North Charleston, SC",0.0,no cell in the extract: territory at zero opportunity
ifa_southatl_merge,29020,ifa,SC,IFA,IFA_08,IFA,,45055,17900,4510855,"IFA Charlotte-Concord-Gastonia, NC-SC / Charleston-North Charleston, SC",11.8317,
ifa_southatl_merge,29030,ifa,SC,IFA,IFA_08,IFA,,45017,17900,4510900,"IFA Charlotte-Concord-Gastonia, NC-SC / Charleston-North Charleston, SC",0.0,no cell in the extract: territory at zero opportunity
ifa_southatl_merge,29031,ifa,SC,IFA,IFA_08,IFA,,45023,16740,4511755,"IFA Charlotte-Concord-Gastonia, NC-SC / Charleston-North Charleston, SC",0.0,no cell in the extract: territory at zero opportunity
ifa_southatl_merge,29032,ifa,SC,IFA,IFA_08,IFA,,45055,17900,,"IFA Charlotte-Concord-Gastonia, NC-SC / Charleston-North Charleston, SC",0.0,no cell in the extract: territory at zero opportunity
ifa_southatl_merge,29033,ifa,SC,IFA,IFA_08,IFA,,45063,17900,4512655,"IFA Charlotte-Concord-Gastonia, NC-SC / Charleston-North Charleston, SC",0.61931,
ifa_southatl_merge,29036,ifa,SC,IFA,IFA_08,IFA,,45063,17900,4539475,"IFA Charlotte-Concord-Gastonia, NC-SC / Charleston-North Charleston, SC",10.8274,
ifa_southatl_merge,29037,ifa,SC,IFA,IFA_08,IFA,,45071,35140,,"IFA Charlotte-Concord-Gastonia, NC-SC / Charleston-North Charleston, SC",0.0,no cell in the extract: territory at zero opportunity
ifa_southatl_merge,29038,ifa,SC,IFA,IFA_08,IFA,,45075,36700,4516720,"IFA Charlotte-Concord-Gastonia, NC-SC / Charleston-North Charleston, SC",0.0,no cell in the extract: territory at zero opportunity
ifa_southatl_merge,29039,ifa,SC,IFA,IFA_08,IFA,,45075,36700,4516855,"IFA Charlotte-Concord-Gastonia, NC-SC / Charleston-North Charleston, SC",0.0,no cell in the extract: territory at zero opportunity
ifa_southatl_merge,29040,ifa,SC,IFA,IFA_08,IFA,,45085,44940,4518430,"IFA Charlotte-Concord-Gastonia, NC-SC / Charleston-North Charleston, SC",0.0,no cell in the extract: territory at zero opportunity
ifa_southatl_merge,29042,ifa,SC,IFA,IFA_08,IFA,,45009,,4519105,"IFA Charlotte-Concord-Gastonia, NC-SC / Charleston-North Charleston, SC",0.0,no cell in the extract: territory at zero opportunity
ifa_southatl_merge,29044,ifa,SC,IFA,IFA_08,IFA,,45079,17900,4516000,"IFA Charlotte-Concord-Gastonia, NC-SC / Charleston-North Charleston, SC",0.0,no cell in the extract: territory at zero opportunity
ifa_southatl_merge,29045,ifa,SC,IFA,IFA_08,IFA,,45055,17900,4516000,"IFA Charlotte-Concord-Gastonia, NC-SC / Charleston-North Charleston, SC",0.0,no cell in the extract: territory at zero opportunity
ifa_southatl_merge,29046,ifa,SC,IFA,IFA_08,IFA,,45061,,4523425,"IFA Charlotte-Concord-Gastonia, NC-SC / Charleston-North Charleston, SC",0.0,no cell in the extract: territory at zero opportunity
ifa_southatl_merge,29047,ifa,SC,IFA,IFA_08,IFA,,45075,36700,4523470,"IFA Charlotte-Concord-Gastonia, NC-SC / Charleston-North Charleston, SC",0.0,no cell in the extract: territory at zero opportunity
ifa_southatl_merge,29048,ifa,SC,IFA,IFA_08,IFA,,45075,36700,4524100,"IFA Charlotte-Concord-Gastonia, NC-SC / Charleston-North Charleston, SC",0.0,no cell in the extract: territory at zero opportunity
ifa_southatl_merge,29051,ifa,SC,IFA,IFA_08,IFA,,45027,,,"IFA Charlotte-Concord-Gastonia, NC-SC / Charleston-North Charleston, SC",0.0,no cell in the extract: territory at zero opportunity
ifa_southatl_merge,29052,ifa,SC,IFA,IFA_08,IFA,,45079,17900,4527970,"IFA Charlotte-Concord-Gastonia, NC-SC / Charleston-North Charleston, SC",0.0,no cell in the extract: territory at zero opportunity
ifa_southatl_merge,29053,ifa,SC,IFA,IFA_08,IFA,,45063,17900,4528780,"IFA Charlotte-Concord-Gastonia, NC-SC / Charleston-North Charleston, SC",0.0,no cell in the extract: territory at zero opportunity
ifa_southatl_merge,29054,ifa,SC,IFA,IFA_08,IFA,,45063,17900,4529050,"IFA Charlotte-Concord-Gastonia, NC-SC / Charleston-North Charleston, SC",0.0,no cell in the extract: territory at zero opportunity
ifa_southatl_merge,29055,ifa,SC,IFA,IFA_08,IFA,,45023,16740,4530490,"IFA Charlotte-Concord-Gastonia, NC-SC / Charleston-North Charleston, SC",0.0,no cell in the extract: territory at zero opportunity
ifa_southatl_merge,29056,ifa,SC,IFA,IFA_08,IFA,,45089,,4530535,"IFA Charlotte-Concord-Gastonia, NC-SC / Charleston-North Charleston, SC",0.0,no cell in the extract: territory at zero opportunity
ifa_southatl_merge,29058,ifa,SC,IFA,IFA_08,IFA,,45057,16740,4532965,"IFA Charlotte-Concord-Gastonia, NC-SC / Charleston-North Charleston, SC",0.0,no cell in the extract: territory at zero opportunity
ifa_southatl_merge,29059,ifa,SC,IFA,IFA_08,IFA,,45075,36700,4534360,"IFA Charlotte-Concord-Gastonia, NC-SC / Charleston-North Charleston, SC",0.284184,
ifa_southatl_merge,29061,ifa,SC,IFA,IFA_08,IFA,,45079,17900,4534990,"IFA Charlotte-Concord-Gastonia, NC-SC / Charleston-North Charleston, SC",0.0,no cell in the extract: territory at zero opportunity
ifa_southatl_merge,29062,ifa,SC,IFA,IFA_08,IFA,,45085,44940,,"IFA Charlotte-Concord-Gastonia, NC-SC / Charleston-North Charleston, SC",0.0,no cell in the extract: territory at zero opportunity
ifa_southatl_merge,29063,ifa,SC,IFA,IFA_08,IFA,,45079,17900,4535890,"IFA Charlotte-Concord-Gastonia, NC-SC / Charleston-North Charleston, SC",11.3933,
ifa_southatl_merge,29065,ifa,SC,IFA,IFA_08,IFA,,45039,17900,4536655,"IFA Charlotte-Concord-Gastonia, NC-SC / Charleston-North Charleston, SC",0.0,no cell in the extract: territory at zero opportunity
ifa_southatl_merge,29067,ifa,SC,IFA,IFA_08,IFA,,45057,16740,4538095,"IFA Charlotte-Concord-Gastonia, NC-SC / Charleston-North Charleston, SC",0.0,no cell in the extract: territory at zero opportunity
ifa_southatl_merge,29069,ifa,SC,IFA,IFA_08,IFA,,45031,22500,4539805,"IFA Charlotte-Concord-Gastonia, NC-SC / Charleston-North Charleston, SC",0.0,no cell in the extract: territory at zero opportunity
ifa_southatl_merge,29070,ifa,SC,IFA,IFA_08,IFA,,45063,17900,4524865,"IFA Charlotte-Concord-Gastonia, NC-SC / Charleston-North Charleston, SC",1.18424,
ifa_southatl_merge,29072,ifa,SC,IFA,IFA_08,IFA,,45063,17900,4541335,"IFA Charlotte-Concord-Gastonia, NC-SC / Charleston-North Charleston, SC",37.2327,
ifa_southatl_merge,29073,ifa,SC,IFA,IFA_08,IFA,,45063,17900,4559110,"IFA Charlotte-Concord-Gastonia, NC-SC / Charleston-North Charleston, SC",1.88363,
ifa_southatl_merge,29074,ifa,SC,IFA,IFA_08,IFA,,45055,17900,,"IFA Charlotte-Concord-Gastonia, NC-SC / Charleston-North Charleston, SC",0.0,no cell in the extract: territory at zero opportunity
ifa_southatl_merge,29075,ifa,SC,IFA,IFA_08,IFA,,45071,35140,4541965,"IFA Charlotte-Concord-Gastonia, NC-SC / Charleston-North Charleston, SC",0.0,no cell in the extract: territory at zero opportunity
ifa_southatl_merge,29078,ifa,SC,IFA,IFA_08,IFA,,45055,17900,4543000,"IFA Charlotte-Concord-Gastonia, NC-SC / Charleston-North Charleston, SC",0.0,no cell in the extract: territory at zero opportunity
ifa_southatl_merge,29079,ifa,SC,IFA,IFA_08,IFA,,45031,22500,4543135,"IFA Charlotte-Concord-Gastonia, NC-SC / Charleston-North Charleston, SC",0.0,no cell in the extract: territory at zero opportunity
ifa_southatl_merge,29080,ifa,SC,IFA,IFA_08,IFA,,45061,,4565950,"IFA Charlotte-Concord-Gastonia, NC-SC / Charleston-North Charleston, SC",0.0,no cell in the extract: territory at zero opportunity
ifa_southatl_merge,29081,ifa,SC,IFA,IFA_08,IFA,,45009,,4523200,"IFA Charlotte-Concord-Gastonia, NC-SC / Charleston-North Charleston, SC",0.0,no cell in the extract: territory at zero opportunity
ifa_southatl_merge,29082,ifa,SC,IFA,IFA_08,IFA,,45029,,4542280,"IFA Charlotte-Concord-Gastonia, NC-SC / Charleston-North Charleston, SC",0.0,no cell in the extract: territory at zero opportunity
ifa_southatl_merge,29101,ifa,SC,IFA,IFA_08,IFA,,45025,,4543495,"IFA Charlotte-Concord-Gastonia, NC-SC / Charleston-North Charleston, SC",0.0,no cell in the extract: territory at zero opportunity
ifa_southatl_merge,29102,ifa,SC,IFA,IFA_08,IFA,,45027,,4579341,"IFA Charlotte-Concord-Gastonia, NC-SC / Charleston-North Charleston, SC",1.18329,
ifa_southatl_merge,29104,ifa,SC,IFA,IFA_08,IFA,,45061,,4562485,"IFA Charlotte-Concord-Gastonia, NC-SC / Charleston-North Charleston, SC",0.0,no cell in the extract: territory at zero opportunity
ifa_southatl_merge,29105,ifa,SC,IFA,IFA_08,IFA,,45003,12260,4547320,"IFA Charlotte-Concord-Gastonia, NC-SC / Charleston-North Charleston, SC",0.0,no cell in the extract: territory at zero opportunity
ifa_southatl_merge,29107,ifa,SC,IFA,IFA_08,IFA,,45075,36700,4549390,"IFA Charlotte-Concord-Gastonia, NC-SC / Charleston-North Charleston, SC",0.0,no cell in the extract: territory at zero opportunity
ifa_southatl_merge,29108,ifa,SC,IFA,IFA_08,IFA,,45071,35140,4549570,"IFA Charlotte-Concord-Gastonia, NC-SC / Charleston-North Charleston, SC",0.0,no cell in the extract: territory at zero opportunity
ifa_southatl_merge,29111,ifa,SC,IFA,IFA_08,IFA,,45027,,,"IFA Charlotte-Concord-Gastonia, NC-SC / Charleston-North Charleston, SC",0.0,no cell in the extract: territory at zero opportunity
ifa_southatl_merge,29112,ifa,SC,IFA,IFA_08,IFA,,45075,36700,4550560,"IFA Charlotte-Concord-Gastonia, NC-SC / Charleston-North Charleston, SC",0.0,no cell in the extract: territory at zero opportunity
ifa_southatl_merge,29113,ifa,SC,IFA,IFA_08,IFA,,45075,36700,4551550,"IFA Charlotte-Concord-Gastonia, NC-SC / Charleston-North Charleston, SC",0.0,no cell in the extract: territory at zero opportunity
ifa_southatl_merge,29114,ifa,SC,IFA,IFA_08,IFA,,45041,22500,4552540,"IFA Charlotte-Concord-Gastonia, NC-SC / Charleston-North Charleston, SC",0.0,no cell in the extract: territory at zero opportunity
ifa_southatl_merge,29115,ifa,SC,IFA,IFA_08,IFA,,45075,36700,4553080,"IFA Charlotte-Concord-Gastonia, NC-SC / Charleston-North Charleston, SC",2.39716,
ifa_southatl_merge,29117,ifa,SC,IFA,IFA_08,IFA,,45075,36700,4553080,"IFA Charlotte-Concord-Gastonia, NC-SC / Charleston-North Charleston, SC",0.0,no cell in the extract: territory at zero opportunity
ifa_southatl_merge,29118,ifa,SC,IFA,IFA_08,IFA,,45075,36700,4553080,"IFA Charlotte-Concord-Gastonia, NC-SC / Charleston-North Charleston, SC",0.33079,
ifa_southatl_merge,29122,ifa,SC,IFA,IFA_08,IFA,,45071,35140,4555150,"IFA Charlotte-Concord-Gastonia, NC-SC / Charleston-North Charleston, SC",0.0,no cell in the extract: territory at zero opportunity
ifa_southatl_merge,29123,ifa,SC,IFA,IFA_08,IFA,,45063,17900,4555420,"IFA Charlotte-Concord-Gastonia, NC-SC / Charleston-North Charleston, SC",0.0,no cell in the extract: territory at zero opportunity
ifa_southatl_merge,29125,ifa,SC,IFA,IFA_08,IFA,,45085,44940,4557085,"IFA Charlotte-Concord-Gastonia, NC-SC / Charleston-North Charleston, SC",0.0,no cell in the extract: territory at zero opportunity
ifa_southatl_merge,29126,ifa,SC,IFA,IFA_08,IFA,,45071,35140,4557850,"IFA Charlotte-Concord-Gastonia, NC-SC / Charleston-North Charleston, SC",0.0,no cell in the extract: territory at zero opportunity
ifa_southatl_merge,29127,ifa,SC,IFA,IFA_08,IFA,,45071,35140,4558705,"IFA Charlotte-Concord-Gastonia, NC-SC / Charleston-North Charleston, SC",0.0,no cell in the extract: territory at zero opportunity
ifa_southatl_merge,29128,ifa,SC,IFA,IFA_08,IFA,,45085,44940,4508110,"IFA Charlotte-Concord-Gastonia, NC-SC / Charleston-North Charleston, SC",0.0,no cell in the extract: territory at zero opportunity
ifa_southatl_merge,29129,ifa,SC,IFA,IFA_08,IFA,,45003,12260,4560325,"IFA Charlotte-Concord-Gastonia, NC-SC / Charleston-North Charleston, SC",0.0,no cell in the extract: territory at zero opportunity
ifa_southatl_merge,29130,ifa,SC,IFA,IFA_08,IFA,,45039,17900,4578460,"IFA Charlotte-Concord-Gastonia, NC-SC / Charleston-North Charleston, SC",0.559762,
ifa_southatl_merge,29133,ifa,SC,IFA,IFA_08,IFA,,45075,36700,4562035,"IFA Charlotte-Concord-Gastonia, NC-SC / Charleston-North Charleston, SC",0.0,no cell in the extract: territory at zero opportunity
ifa_southatl_merge,29135,ifa,SC,IFA,IFA_08,IFA,,45017,17900,4562620,"IFA Charlotte-Concord-Gastonia, NC-SC / Charleston-North Charleston, SC",0.0,no cell in the extract: territory at zero opportunity
ifa_southatl_merge,29137,ifa,SC,IFA,IFA_08,IFA,,45003,12260,4555960,"IFA Charlotte-Concord-Gastonia, NC-SC / Charleston-North Charleston, SC",0.0,no cell in the extract: territory at zero opportunity
ifa_southatl_merge,29138,ifa,SC,IFA,IFA_08,IFA,,45081,17900,4563250,"IFA Charlotte-Concord-Gastonia, NC-SC / Charleston-North Charleston, SC",0.0,no cell in the extract: territory at zero opportunity
ifa_southatl_merge,29142,ifa,SC,IFA,IFA_08,IFA,,45075,36700,4563790,"IFA Charlotte-Concord-Gastonia, NC-SC / Charleston-North Charleston, SC",0.0,no cell in the extract: territory at zero opportunity
ifa_southatl_merge,29145,ifa,SC,IFA,IFA_08,IFA,,45071,35140,4566400,"IFA Charlotte-Concord-Gastonia, NC-SC / Charleston-North Charleston, SC",0.0,no cell in the extract: territory at zero opportunity
ifa_southatl_merge,29146,ifa,SC,IFA,IFA_08,IFA,,45075,36700,4568470,"IFA Charlotte-Concord-Gastonia, NC-SC / Charleston-North Charleston, SC",0.0,no cell in the extract: territory at zero opportunity
ifa_southatl_merge,29148,ifa,SC,IFA,IFA_08,IFA,,45027,,4551367,"IFA Charlotte-Concord-Gastonia, NC-SC / Charleston-North Charleston, SC",0.0,no cell in the extract: territory at zero opportunity
ifa_southatl_merge,29150,ifa,SC,IFA,IFA_08,IFA,,45085,44940,4570405,"IFA Charlotte-Concord-Gastonia, NC-SC / Charleston-North Charleston, SC",7.1638,
ifa_southatl_merge,29152,ifa,SC,IFA,IFA_08,IFA,,45085,44940,4570405,"IFA Charlotte-Concord-Gastonia, NC-SC / Charleston-North Charleston, SC",0.0,no cell in the extract: territory at zero opportunity
ifa_southatl_merge,29153,ifa,SC,IFA,IFA_08,IFA,,45085,44940,4570405,"IFA Charlotte-Concord-Gastonia, NC-SC / Charleston-North Charleston, SC",0.0,no cell in the extract: territory at zero opportunity
ifa_southatl_merge,29154,ifa,SC,IFA,IFA_08,IFA,,45085,44940,4558570,"IFA Charlotte-Concord-Gastonia, NC-SC / Charleston-North Charleston, SC",0.0,no cell in the extract: territory at zero opportunity
ifa_southatl_merge,29160,ifa,SC,IFA,IFA_08,IFA,,45063,17900,4570675,"IFA Charlotte-Concord-Gastonia, NC-SC / Charleston-North Charleston, SC",0.0,no cell in the extract: territory at zero opportunity
ifa_southatl_merge,29161,ifa,SC,IFA,IFA_08,IFA,,45041,22500,4571980,"IFA Charlotte-Concord-Gastonia, NC-SC / Charleston-North Charleston, SC",0.0,no cell in the extract: territory at zero opportunity
ifa_southatl_merge,29162,ifa,SC,IFA,IFA_08,IFA,,45027,,4572745,"IFA Charlotte-Concord-Gastonia, NC-SC / Charleston-North Charleston, SC",0.0,no cell in the extract: territory at zero opportunity
ifa_southatl_merge,29163,ifa,SC,IFA,IFA_08,IFA,,45075,36700,4573510,"IFA Charlotte-Concord-Gastonia, NC-SC / Charleston-North Charleston, SC",0.0,no cell in the extract: territory at zero opportunity
ifa_southatl_merge,29164,ifa,SC,IFA,IFA_08,IFA,,45003,12260,4574050,"IFA Charlotte-Concord-Gastonia, NC-SC / Charleston-North Charleston, SC",0.0,no cell in the extract: territory at zero opportunity
ifa_southatl_merge,29166,ifa,SC,IFA,IFA_08,IFA,,45081,17900,4574590,"IFA Charlotte-Concord-Gastonia, NC-SC / Charleston-North Charleston, SC",0.0,no cell in the extract: territory at zero opportunity
ifa_southatl_merge,29168,ifa,SC,IFA,IFA_08,IFA,,45085,44940,4575445,"IFA Charlotte-Concord-Gastonia, NC-SC / Charleston-North Charleston, SC",0.0,no cell in the extract: territory at zero opportunity
ifa_southatl_merge,29169,ifa,SC,IFA,IFA_08,IFA,,45063,17900,4575850,"IFA Charlotte-Concord-Gastonia, NC-SC / Charleston-North Charleston, SC",2.04565,
ifa_southatl_merge,29170,ifa,SC,IFA,IFA_08,IFA,,45063,17900,4551720,"IFA Charlotte-Concord-Gastonia, NC-SC / Charleston-North Charleston, SC",0.000226715,
ifa_southatl_merge,29172,ifa,SC,IFA,IFA_08,IFA,,45063,17900,4556950,"IFA Charlotte-Concord-Gastonia, NC-SC / Charleston-North Charleston, SC",0.0,no cell in the extract: territory at zero opportunity
ifa_southatl_merge,29175,ifa,SC,IFA,IFA_08,IFA,,45055,17900,,"IFA Charlotte-Concord-Gastonia, NC-SC / Charleston-North Charleston, SC",0.0,no cell in the extract: territory at zero opportunity
ifa_southatl_merge,29177,ifa,SC,IFA,IFA_08,IFA,,45079,17900,4539475,"IFA Charlotte-Concord-Gastonia, NC-SC / Charleston-North Charleston, SC",0.0,no cell in the extract: territory at zero opportunity
ifa_southatl_merge,29178,ifa,SC,IFA,IFA_08,IFA,,45071,35140,4577380,"IFA Charlotte-Concord-Gastonia, NC-SC / Charleston-North Charleston, SC",0.0,no cell in the extract: territory at zero opportunity
ifa_southatl_merge,29180,ifa,SC,IFA,IFA_08,IFA,,45039,17900,4578460,"IFA Charlotte-Concord-Gastonia, NC-SC / Charleston-North Charleston, SC",0.0,no cell in the extract: territory at zero opportunity
ifa_southatl_merge,29201,ifa,SC,IFA,IFA_08,IFA,,45079,17900,4516000,"IFA Charlotte-Concord-Gastonia, NC-SC / Charleston-North Charleston, SC",21.5967,
ifa_southatl_merge,29203,ifa,SC,IFA,IFA_08,IFA,,45079,17900,4516000,"IFA Charlotte-Concord-Gastonia, NC-SC / Charleston-North Charleston, SC",0.0,no cell in the extract: territory at zero opportunity
ifa_southatl_merge,29204,ifa,SC,IFA,IFA_08,IFA,,45079,17900,4516000,"IFA Charlotte-Concord-Gastonia, NC-SC / Charleston-North Charleston, SC",5.09373,
ifa_southatl_merge,29205,ifa,SC,IFA,IFA_08,IFA,,45079,17900,4516000,"IFA Charlotte-Concord-Gastonia, NC-SC / Charleston-North Charleston, SC",21.3218,
ifa_southatl_merge,29206,ifa,SC,IFA,IFA_08,IFA,,45079,17900,4526305,"IFA Charlotte-Concord-Gastonia, NC-SC / Charleston-North Charleston, SC",1.3837,
ifa_southatl_merge,29207,ifa,SC,IFA,IFA_08,IFA,,45079,17900,4516000,"IFA Charlotte-Concord-Gastonia, NC-SC / Charleston-North Charleston, SC",0.0,no cell in the extract: territory at zero opportunity
ifa_southatl_merge,29208,ifa,SC,IFA,IFA_08,IFA,,45079,17900,4516000,"IFA Charlotte-Concord-Gastonia, NC-SC / Charleston-North Charleston, SC",0.0,no cell in the extract: territory at zero opportunity
ifa_southatl_merge,29209,ifa,SC,IFA,IFA_08,IFA,,45079,17900,4516000,"IFA Charlotte-Concord-Gastonia, NC-SC / Charleston-North Charleston, SC",6.9477,
ifa_southatl_merge,29210,ifa,SC,IFA,IFA_08,IFA,,45079,17900,4516000,"IFA Charlotte-Concord-Gastonia, NC-SC / Charleston-North Charleston, SC",13.7381,
ifa_southatl_merge,29212,ifa,SC,IFA,IFA_08,IFA,,45063,17900,4516000,"IFA Charlotte-Concord-Gastonia, NC-SC / Charleston-North Charleston, SC",15.5357,
ifa_southatl_merge,29223,ifa,SC,IFA,IFA_08,IFA,,45079,17900,4519285,"IFA Charlotte-Concord-Gastonia, NC-SC / Charleston-North Charleston, SC",2.12872,
ifa_southatl_merge,29225,ifa,SC,IFA,IFA_08,IFA,,45079,17900,4516000,"IFA Charlotte-Concord-Gastonia, NC-SC / Charleston-North Charleston, SC",0.0,no cell in the extract: territory at zero opportunity
ifa_southatl_merge,29229,ifa,SC,IFA,IFA_08,IFA,,45079,17900,4516000,"IFA Charlotte-Concord-Gastonia, NC-SC / Charleston-North Charleston, SC",0.14159,
ifa_southatl_merge,29301,ifa,SC,IFA,IFA_08,IFA,,45083,43900,4568290,"IFA Charlotte-Concord-Gastonia, NC-SC / Charleston-North Charleston, SC",4.04271,
ifa_southatl_merge,29302,ifa,SC,IFA,IFA_08,IFA,,45083,43900,4568290,"IFA Charlotte-Concord-Gastonia, NC-SC / Charleston-North Charleston, SC",14.6778,
ifa_southatl_merge,29303,ifa,SC,IFA,IFA_08,IFA,,45083,43900,4567750,"IFA Charlotte-Concord-Gastonia, NC-SC / Charleston-North Charleston, SC",0.0,no cell in the extract: territory at zero opportunity
ifa_southatl_merge,29306,ifa,SC,IFA,IFA_08,IFA,,45083,43900,4568290,"IFA Charlotte-Concord-Gastonia, NC-SC / Charleston-North Charleston, SC",3.04306,
ifa_southatl_merge,29307,ifa,SC,IFA,IFA_08,IFA,,45083,43900,4568290,"IFA Charlotte-Concord-Gastonia, NC-SC / Charleston-North Charleston, SC",0.0,no cell in the extract: territory at zero opportunity
ifa_southatl_merge,29316,ifa,SC,IFA,IFA_08,IFA,,45083,43900,4507345,"IFA Charlotte-Concord-Gastonia, NC-SC / Charleston-North Charleston, SC",0.0,no cell in the extract: territory at zero opportunity
ifa_southatl_merge,29320,ifa,SC,IFA,IFA_08,IFA,,45083,43900,4502080,"IFA Charlotte-Concord-Gastonia, NC-SC / Charleston-North Charleston, SC",0.0,no cell in the extract: territory at zero opportunity
ifa_southatl_merge,29321,ifa,SC,IFA,IFA_08,IFA,,45087,43900,4510090,"IFA Charlotte-Concord-Gastonia, NC-SC / Charleston-North Charleston, SC",0.0,no cell in the extract: territory at zero opportunity
ifa_southatl_merge,29322,ifa,SC,IFA,IFA_08,IFA,,45083,43900,4511125,"IFA Charlotte-Concord-Gastonia, NC-SC / Charleston-North Charleston, SC",0.0799978,
ifa_southatl_merge,29323,ifa,SC,IFA,IFA_08,IFA,,45083,43900,4514050,"IFA Charlotte-Concord-Gastonia, NC-SC / Charleston-North Charleston, SC",0.0,no cell in the extract: territory at zero opportunity
ifa_southatl_merge,29324,ifa,SC,IFA,IFA_08,IFA,,45083,43900,4515220,"IFA Charlotte-Concord-Gastonia, NC-SC / Charleston-North Charleston, SC",0.0,no cell in the extract: territory at zero opportunity
ifa_southatl_merge,29325,ifa,SC,IFA,IFA_08,IFA,,45059,24860,4515295,"IFA Charlotte-Concord-Gastonia, NC-SC / Charleston-North Charleston, SC",0.0,no cell in the extract: territory at zero opportunity
ifa_southatl_merge,29329,ifa,SC,IFA,IFA_08,IFA,,45083,43900,4516360,"IFA Charlotte-Concord-Gastonia, NC-SC / Charleston-North Charleston, SC",0.0,no cell in the extract: territory at zero opportunity
ifa_southatl_merge,29330,ifa,SC,IFA,IFA_08,IFA,,45021,23500,4517260,"IFA Charlotte-Concord-Gastonia, NC-SC / Charleston-North Charleston, SC",0.0,no cell in the extract: territory at zero opportunity
ifa_southatl_merge,29331,ifa,SC,IFA,IFA_08,IFA,,45083,43900,4517845,"IFA Charlotte-Concord-Gastonia, NC-SC / Charleston-North Charleston, SC",0.0,no cell in the extract: territory at zero opportunity
ifa_southatl_merge,29332,ifa,SC,IFA,IFA_08,IFA,,45059,24860,4517890,"IFA Charlotte-Concord-Gastonia, NC-SC / Charleston-North Charleston, SC",0.0,no cell in the extract: territory at zero opportunity
ifa_southatl_merge,29333,ifa,SC,IFA,IFA_08,IFA,,45083,43900,4520590,"IFA Charlotte-Concord-Gastonia, NC-SC / Charleston-North Charleston, SC",0.491441,
ifa_southatl_merge,29334,ifa,SC,IFA,IFA_08,IFA,,45083,43900,4521265,"IFA Charlotte-Concord-Gastonia, NC-SC / Charleston-North Charleston, SC",0.0,no cell in the extract: territory at zero opportunity
ifa_southatl_merge,29335,ifa,SC,IFA,IFA_08,IFA,,45083,43900,4523605,"IFA Charlotte-Concord-Gastonia, NC-SC / Charleston-North Charleston, SC",0.0,no cell in the extract: territory at zero opportunity
ifa_southatl_merge,29338,ifa,SC,IFA,IFA_08,IFA,,45083,43900,4525360,"IFA Charlotte-Concord-Gastonia, NC-SC / Charleston-North Charleston, SC",0.0,no cell in the extract: territory at zero opportunity
ifa_southatl_merge,29340,ifa,SC,IFA,IFA_08,IFA,,45021,23500,4528060,"IFA Charlotte-Concord-Gastonia, NC-SC / Charleston-North Charleston, SC",0.0493179,
ifa_southatl_merge,29341,ifa,SC,IFA,IFA_08,IFA,,45021,23500,4528060,"IFA Charlotte-Concord-Gastonia, NC-SC / Charleston-North Charleston, SC",0.0,no cell in the extract: territory at zero opportunity
ifa_southatl_merge,29346,ifa,SC,IFA,IFA_08,IFA,,45083,43900,4529275,"IFA Charlotte-Concord-Gastonia, NC-SC / Charleston-North Charleston, SC",0.0,no cell in the extract: territory at zero opportunity
ifa_southatl_merge,29349,ifa,SC,IFA,IFA_08,IFA,,45083,43900,4535755,"IFA Charlotte-Concord-Gastonia, NC-SC / Charleston-North Charleston, SC",0.581741,
ifa_southatl_merge,29351,ifa,SC,IFA,IFA_08,IFA,,45059,24860,4536790,"IFA Charlotte-Concord-Gastonia, NC-SC / Charleston-North Charleston, SC",0.0,no cell in the extract: territory at zero opportunity
ifa_southatl_merge,29353,ifa,SC,IFA,IFA_08,IFA,,45087,43900,4537330,"IFA Charlotte-Concord-Gastonia, NC-SC / Charleston-North Charleston, SC",0.0,no cell in the extract: territory at zero opportunity
ifa_southatl_merge,29355,ifa,SC,IFA,IFA_08,IFA,,45071,35140,4536790,"IFA Charlotte-Concord-Gastonia, NC-SC / Charleston-North Charleston, SC",0.0,no cell in the extract: territory at zero opportunity
ifa_southatl_merge,29356,ifa,SC,IFA,IFA_08,IFA,,45045,24860,4540075,"IFA Charlotte-Concord-Gastonia, NC-SC / Charleston-North Charleston, SC",0.0,no cell in the extract: territory at zero opportunity
ifa_southatl_merge,29360,ifa,SC,IFA,IFA_08,IFA,,45059,24860,4540615,"IFA Charlotte-Concord-Gastonia, NC-SC / Charleston-North Charleston, SC",0.0,no cell in the extract: territory at zero opportunity
ifa_southatl_merge,29364,ifa,SC,IFA,IFA_08,IFA,,45087,43900,4542190,"IFA Charlotte-Concord-Gastonia, NC-SC / Charleston-North Charleston, SC",0.0,no cell in the extract: territory at zero opportunity
ifa_southatl_merge,29365,ifa,SC,IFA,IFA_08,IFA,,45083,43900,4543315,"IFA Charlotte-Concord-Gastonia, NC-SC / Charleston-North Charleston, SC",0.0,no cell in the extract: territory at zero opportunity
ifa_southatl_merge,29368,ifa,SC,IFA,IFA_08,IFA,,45083,43900,4545430,"IFA Charlotte-Concord-Gastonia, NC-SC / Charleston-North Charleston, SC",0.0,no cell in the extract: territory at zero opportunity
ifa_southatl_merge,29369,ifa,SC,IFA,IFA_08,IFA,,45083,43900,4561720,"IFA Charlotte-Concord-Gastonia, NC-SC / Charleston-North Charleston, SC",0.00870541,
ifa_southatl_merge,29370,ifa,SC,IFA,IFA_08,IFA,,45059,24860,4548670,"IFA Charlotte-Concord-Gastonia, NC-SC / Charleston-North Charleston, SC",0.0,no cell in the extract: territory at zero opportunity
ifa_southatl_merge,29372,ifa,SC,IFA,IFA_08,IFA,,45021,23500,4553845,"IFA Charlotte-Concord-Gastonia, NC-SC / Charleston-North Charleston, SC",0.0,no cell in the extract: territory at zero opportunity
ifa_southatl_merge,29373,ifa,SC,IFA,IFA_08,IFA,,45083,43900,4553845,"IFA Charlotte-Concord-Gastonia, NC-SC / Charleston-North Charleston, SC",0.0,no cell in the extract: territory at zero opportunity
ifa_southatl_merge,29374,ifa,SC,IFA,IFA_08,IFA,,45083,43900,4529320,"IFA Charlotte-Concord-Gastonia, NC-SC / Charleston-North Charleston, SC",0.0,no cell in the extract: territory at zero opportunity
ifa_southatl_merge,29375,ifa,SC,IFA,IFA_08,IFA,,45083,43900,4559425,"IFA Charlotte-Concord-Gastonia, NC-SC / Charleston-North Charleston, SC",0.0,no cell in the extract: territory at zero opportunity
ifa_southatl_merge,29376,ifa,SC,IFA,IFA_08,IFA,,45083,43900,4561720,"IFA Charlotte-Concord-Gastonia, NC-SC / Charleston-North Charleston, SC",0.0,no cell in the extract: territory at zero opportunity
ifa_southatl_merge,29377,ifa,SC,IFA,IFA_08,IFA,,45083,43900,4568920,"IFA Charlotte-Concord-Gastonia, NC-SC / Charleston-North Charleston, SC",0.0,no cell in the extract: territory at zero opportunity
ifa_southatl_merge,29378,ifa,SC,IFA,IFA_08,IFA,,45083,43900,4564240,"IFA Charlotte-Concord-Gastonia, NC-SC / Charleston-North Charleston, SC",0.0,no cell in the extract: territory at zero opportunity
ifa_southatl_merge,29379,ifa,SC,IFA,IFA_08,IFA,,45087,43900,4573105,"IFA Charlotte-Concord-Gastonia, NC-SC / Charleston-North Charleston, SC",0.0,no cell in the extract: territory at zero opportunity
ifa_southatl_merge,29384,ifa,SC,IFA,IFA_08,IFA,,45059,24860,4574995,"IFA Charlotte-Concord-Gastonia, NC-SC / Charleston-North Charleston, SC",0.0,no cell in the extract: territory at zero opportunity
ifa_southatl_merge,29385,ifa,SC,IFA,IFA_08,IFA,,45083,43900,4575580,"IFA Charlotte-Concord-Gastonia, NC-SC / Charleston-North Charleston, SC",0.0,no cell in the extract: territory at zero opportunity
ifa_southatl_merge,29388,ifa,SC,IFA,IFA_08,IFA,,45083,43900,4579090,"IFA Charlotte-Concord-Gastonia, NC-SC / Charleston-North Charleston, SC",0.0,no cell in the extract: territory at zero opportunity
ifa_southatl_merge,29401,ifa,SC,IFA,IFA_08,IFA,,45019,16700,4513330,"IFA Charlotte-Concord-Gastonia, NC-SC / Charleston-North Charleston, SC",15.6616,
ifa_southatl_merge,29403,ifa,SC,IFA,IFA_08,IFA,,45019,16700,4513330,"IFA Charlotte-Concord-Gastonia, NC-SC / Charleston-North Charleston, SC",5.4917,
ifa_southatl_merge,29404,ifa,SC,IFA,IFA_08,IFA,,45019,16700,4550875,"IFA Charlotte-Concord-Gastonia, NC-SC / Charleston-North Charleston, SC",0.0,no cell in the extract: territory at zero opportunity
ifa_southatl_merge,29405,ifa,SC,IFA,IFA_08,IFA,,45019,16700,4550875,"IFA Charlotte-Concord-Gastonia, NC-SC / Charleston-North Charleston, SC",3.53399,
ifa_southatl_merge,29406,ifa,SC,IFA,IFA_08,IFA,,45019,16700,4550875,"IFA Charlotte-Concord-Gastonia, NC-SC / Charleston-North Charleston, SC",0.318196,
ifa_southatl_merge,29407,ifa,SC,IFA,IFA_08,IFA,,45019,16700,4513330,"IFA Charlotte-Concord-Gastonia, NC-SC / Charleston-North Charleston, SC",9.88705,
ifa_southatl_merge,29409,ifa,SC,IFA,IFA_08,IFA,,45019,16700,4513330,"IFA Charlotte-Concord-Gastonia, NC-SC / Charleston-North Charleston, SC",0.0,no cell in the extract: territory at zero opportunity
ifa_southatl_merge,29410,ifa,SC,IFA,IFA_08,IFA,,45015,16700,4532065,"IFA Charlotte-Concord-Gastonia, NC-SC / Charleston-North Charleston, SC",0.0,no cell in the extract: territory at zero opportunity
ifa_southatl_merge,29412,ifa,SC,IFA,IFA_08,IFA,,45019,16700,4513330,"IFA Charlotte-Concord-Gastonia, NC-SC / Charleston-North Charleston, SC",0.154603,
ifa_southatl_merge,29414,ifa,SC,IFA,IFA_08,IFA,,45019,16700,4513330,"IFA Charlotte-Concord-Gastonia, NC-SC / Charleston-North Charleston, SC",0.0,no cell in the extract: territory at zero opportunity
ifa_southatl_merge,29418,ifa,SC,IFA,IFA_08,IFA,,45019,16700,4550875,"IFA Charlotte-Concord-Gastonia, NC-SC / Charleston-North Charleston, SC",2.47245,
ifa_southatl_merge,29420,ifa,SC,IFA,IFA_08,IFA,,45035,16700,4550875,"IFA Charlotte-Concord-Gastonia, NC-SC / Charleston-North Charleston, SC",0.0,no cell in the extract: territory at zero opportunity
ifa_southatl_merge,29424,ifa,SC,IFA,IFA_08,IFA,,45019,16700,4513330,"IFA Charlotte-Concord-Gastonia, NC-SC / Charleston-North Charleston, SC",0.0,no cell in the extract: territory at zero opportunity
ifa_southatl_merge,29425,ifa,SC,IFA,IFA_08,IFA,,45019,16700,4513330,"IFA Charlotte-Concord-Gastonia, NC-SC / Charleston-North Charleston, SC",0.0,no cell in the extract: territory at zero opportunity
ifa_southatl_merge,29426,ifa,SC,IFA,IFA_08,IFA,,45019,16700,4500370,"IFA Charlotte-Concord-Gastonia, NC-SC / Charleston-North Charleston, SC",0.0,no cell in the extract: territory at zero opportunity
ifa_southatl_merge,29429,ifa,SC,IFA,IFA_08,IFA,,45019,16700,4503385,"IFA Charlotte-Concord-Gastonia, NC-SC / Charleston-North Charleston, SC",1.58002,
ifa_southatl_merge,29431,ifa,SC,IFA,IFA_08,IFA,,45015,16700,4507525,"IFA Charlotte-Concord-Gastonia, NC-SC / Charleston-North Charleston, SC",0.0,no cell in the extract: territory at zero opportunity
ifa_southatl_merge,29432,ifa,SC,IFA,IFA_08,IFA,,45075,36700,4508245,"IFA Charlotte-Concord-Gastonia, NC-SC / Charleston-North Charleston, SC",0.0,no cell in the extract: territory at zero opportunity
ifa_southatl_merge,29434,ifa,SC,IFA,IFA_08,IFA,,45015,16700,,"IFA Charlotte-Concord-Gastonia, NC-SC / Charleston-North Charleston, SC",0.0,no cell in the extract: territory at zero opportunity
ifa_southatl_merge,29435,ifa,SC,IFA,IFA_08,IFA,,45029,,4516990,"IFA Charlotte-Concord-Gastonia, NC-SC / Charleston-North Charleston, SC",0.0,no cell in the extract: territory at zero opportunity
ifa_southatl_merge,29436,ifa,SC,IFA,IFA_08,IFA,,45015,16700,,"IFA Charlotte-Concord-Gastonia, NC-SC / Charleston-North Charleston, SC",0.0,no cell in the extract: territory at zero opportunity
ifa_southatl_merge,29437,ifa,SC,IFA,IFA_08,IFA,,45035,16700,4532335,"IFA Charlotte-Concord-Gastonia, NC-SC / Charleston-North Charleston, SC",0.0,no cell in the extract: territory at zero opportunity
ifa_southatl_merge,29438,ifa,SC,IFA,IFA_08,IFA,,45019,16700,4523020,"IFA Charlotte-Concord-Gastonia, NC-SC / Charleston-North Charleston, SC",0.0,no cell in the extract: territory at zero opportunity
ifa_southatl_merge,29439,ifa,SC,IFA,IFA_08,IFA,,45019,16700,4526035,"IFA Charlotte-Concord-Gastonia, NC-SC / Charleston-North Charleston, SC",0.875358,
ifa_southatl_merge,29440,ifa,SC,IFA,IFA_08,IFA,,45043,34680,4528870,"IFA Charlotte-Concord-Gastonia, NC-SC / Charleston-North Charleston, SC",0.0,no cell in the extract: territory at zero opportunity
ifa_southatl_merge,29445,ifa,SC,IFA,IFA_08,IFA,,45015,16700,4529815,"IFA Charlotte-Concord-Gastonia, NC-SC / Charleston-North Charleston, SC",1.02871,
ifa_southatl_merge,29446,ifa,SC,IFA,IFA_08,IFA,,45029,,,"IFA Charlotte-Concord-Gastonia, NC-SC / Charleston-North Charleston, SC",0.0,no cell in the extract: territory at zero opportunity
ifa_southatl_merge,29448,ifa,SC,IFA,IFA_08,IFA,,45035,16700,4532335,"IFA Charlotte-Concord-Gastonia, NC-SC / Charleston-North Charleston, SC",0.0,no cell in the extract: territory at zero opportunity
ifa_southatl_merge,29449,ifa,SC,IFA,IFA_08,IFA,,45019,16700,4534495,"IFA Charlotte-Concord-Gastonia, NC-SC / Charleston-North Charleston, SC",0.0,no cell in the extract: territory at zero opportunity
ifa_southatl_merge,29450,ifa,SC,IFA,IFA_08,IFA,,45015,16700,,"IFA Charlotte-Concord-Gastonia, NC-SC / Charleston-North Charleston, SC",0.0,no cell in the extract: territory at zero opportunity
ifa_southatl_merge,29451,ifa,SC,IFA,IFA_08,IFA,,45019,16700,4536115,"IFA Charlotte-Concord-Gastonia, NC-SC / Charleston-North Charleston, SC",0.0,no cell in the extract: territory at zero opportunity
ifa_southatl_merge,29452,ifa,SC,IFA,IFA_08,IFA,,45029,,4536250,"IFA Charlotte-Concord-Gastonia, NC-SC / Charleston-North Charleston, SC",0.0,no cell in the extract: territory at zero opportunity
ifa_southatl_merge,29453,ifa,SC,IFA,IFA_08,IFA,,45015,16700,4536475,"IFA Charlotte-Concord-Gastonia, NC-SC / Charleston-North Charleston, SC",0.0,no cell in the extract: territory at zero opportunity
ifa_southatl_merge,29455,ifa,SC,IFA,IFA_08,IFA,,45019,16700,4513330,"IFA Charlotte-Concord-Gastonia, NC-SC / Charleston-North Charleston, SC",1.81802,
ifa_southatl_merge,29456,ifa,SC,IFA,IFA_08,IFA,,45019,16700,4550875,"IFA Charlotte-Concord-Gastonia, NC-SC / Charleston-North Charleston, SC",0.0,no cell in the extract: territory at zero opportunity
ifa_southatl_merge,29458,ifa,SC,IFA,IFA_08,IFA,,45019,16700,4543585,"IFA Charlotte-Concord-Gastonia, NC-SC / Charleston-North Charleston, SC",0.0,no cell in the extract: territory at zero opportunity
ifa_southatl_merge,29461,ifa,SC,IFA,IFA_08,IFA,,45015,16700,4547275,"IFA Charlotte-Concord-Gastonia, NC-SC / Charleston-North Charleston, SC",1.06607,
ifa_southatl_merge,29464,ifa,SC,IFA,IFA_08,IFA,,45019,16700,4548535,"IFA Charlotte-Concord-Gastonia, NC-SC / Charleston-North Charleston, SC",57.4032,
ifa_southatl_merge,29466,ifa,SC,IFA,IFA_08,IFA,,45019,16700,4548535,"IFA Charlotte-Concord-Gastonia, NC-SC / Charleston-North Charleston, SC",6.46869,
ifa_southatl_merge,29468,ifa,SC,IFA,IFA_08,IFA,,45015,16700,,"IFA Charlotte-Concord-Gastonia, NC-SC / Charleston-North Charleston, SC",0.0,no cell in the extract: territory at zero opportunity
ifa_southatl_merge,29469,ifa,SC,IFA,IFA_08,IFA,,45015,16700,4557175,"IFA Charlotte-Concord-Gastonia, NC-SC / Charleston-North Charleston, SC",0.0,no cell in the extract: territory at zero opportunity
ifa_southatl_merge,29470,ifa,SC,IFA,IFA_08,IFA,,45019,16700,4559020,"IFA Charlotte-Concord-Gastonia, NC-SC / Charleston-North Charleston, SC",0.0,no cell in the extract: territory at zero opportunity
ifa_southatl_merge,29471,ifa,SC,IFA,IFA_08,IFA,,45035,16700,4559380,"IFA Charlotte-Concord-Gastonia, NC-SC / Charleston-North Charleston, SC",0.0,no cell in the extract: territory at zero opportunity
ifa_southatl_merge,29472,ifa,SC,IFA,IFA_08,IFA,,45035,16700,4560370,"IFA Charlotte-Concord-Gastonia, NC-SC / Charleston-North Charleston, SC",0.0,no cell in the extract: territory at zero opportunity
ifa_southatl_merge,29474,ifa,SC,IFA,IFA_08,IFA,,45029,,4536250,"IFA Charlotte-Concord-Gastonia, NC-SC / Charleston-North Charleston, SC",0.0,no cell in the extract: territory at zero opportunity
ifa_southatl_merge,29475,ifa,SC,IFA,IFA_08,IFA,,45029,,4577785,"IFA Charlotte-Concord-Gastonia, NC-SC / Charleston-North Charleston, SC",0.0,no cell in the extract: territory at zero opportunity
ifa_southatl_merge,29477,ifa,SC,IFA,IFA_08,IFA,,45035,16700,4562530,"IFA Charlotte-Concord-Gastonia, NC-SC / Charleston-North Charleston, SC",0.0,no cell in the extract: territory at zero opportunity
ifa_southatl_merge,29479,ifa,SC,IFA,IFA_08,IFA,,45015,16700,4562305,"IFA Charlotte-Concord-Gastonia, NC-SC / Charleston-North Charleston, SC",0.0,no cell in the extract: territory at zero opportunity
ifa_southatl_merge,29481,ifa,SC,IFA,IFA_08,IFA,,45029,,4567165,"IFA Charlotte-Concord-Gastonia, NC-SC / Charleston-North Charleston, SC",0.0,no cell in the extract: territory at zero opportunity
ifa_southatl_merge,29482,ifa,SC,IFA,IFA_08,IFA,,45019,16700,4570090,"IFA Charlotte-Concord-Gastonia, NC-SC / Charleston-North Charleston, SC",0.0,no cell in the extract: territory at zero opportunity
ifa_southatl_merge,29483,ifa,SC,IFA,IFA_08,IFA,,45035,16700,4570270,"IFA Charlotte-Concord-Gastonia, NC-SC / Charleston-North Charleston, SC",5.02794,
ifa_southatl_merge,29485,ifa,SC,IFA,IFA_08,IFA,,45035,16700,4550875,"IFA Charlotte-Concord-Gastonia, NC-SC / Charleston-North Charleston, SC",6.40713,
ifa_southatl_merge,29486,ifa,SC,IFA,IFA_08,IFA,,45015,16700,4529815,"IFA Charlotte-Concord-Gastonia, NC-SC / Charleston-North Charleston, SC",3.30588,
ifa_southatl_merge,29487,ifa,SC,IFA,IFA_08,IFA,,45019,16700,4561495,"IFA Charlotte-Concord-Gastonia, NC-SC / Charleston-North Charleston, SC",0.0,no cell in the extract: territory at zero opportunity
ifa_southatl_merge,29488,ifa,SC,IFA,IFA_08,IFA,,45029,,4574275,"IFA Charlotte-Concord-Gastonia, NC-SC / Charleston-North Charleston, SC",0.0,no cell in the extract: territory at zero opportunity
ifa_southatl_merge,29492,ifa,SC,IFA,IFA_08,IFA,,45015,16700,4513330,"IFA Charlotte-Concord-Gastonia, NC-SC / Charleston-North Charleston, SC",46.2581,
ifa_southatl_merge,29493,ifa,SC,IFA,IFA_08,IFA,,45029,,4577785,"IFA Charlotte-Concord-Gastonia, NC-SC / Charleston-North Charleston, SC",0.0,no cell in the extract: territory at zero opportunity
ifa_southatl_merge,29501,ifa,SC,IFA,IFA_08,IFA,,45041,22500,4525810,"IFA Charlotte-Concord-Gastonia, NC-SC / Charleston-North Charleston, SC",8.229,
ifa_southatl_merge,29505,ifa,SC,IFA,IFA_08,IFA,,45041,22500,4525810,"IFA Charlotte-Concord-Gastonia, NC-SC / Charleston-North Charleston, SC",0.0,no cell in the extract: territory at zero opportunity
ifa_southatl_merge,29506,ifa,SC,IFA,IFA_08,IFA,,45041,22500,4525810,"IFA Charlotte-Concord-Gastonia, NC-SC / Charleston-North Charleston, SC",1.70967,
ifa_southatl_merge,29510,ifa,SC,IFA,IFA_08,IFA,,45089,,4501450,"IFA Charlotte-Concord-Gastonia, NC-SC / Charleston-North Charleston, SC",0.0,no cell in the extract: territory at zero opportunity
ifa_southatl_merge,29511,ifa,SC,IFA,IFA_08,IFA,,45051,34820,4503430,"IFA Charlotte-Concord-Gastonia, NC-SC / Charleston-North Charleston, SC",0.0,no cell in the extract: territory at zero opportunity
ifa_southatl_merge,29512,ifa,SC,IFA,IFA_08,IFA,,45069,,4505680,"IFA Charlotte-Concord-Gastonia, NC-SC / Charleston-North Charleston, SC",0.0,no cell in the extract: territory at zero opportunity
ifa_southatl_merge,29516,ifa,SC,IFA,IFA_08,IFA,,45069,,4506850,"IFA Charlotte-Concord-Gastonia, NC-SC / Charleston-North Charleston, SC",0.0,no cell in the extract: territory at zero opportunity
ifa_southatl_merge,29518,ifa,SC,IFA,IFA_08,IFA,,45089,,,"IFA Charlotte-Concord-Gastonia, NC-SC / Charleston-North Charleston, SC",0.0,no cell in the extract: territory at zero opportunity
ifa_southatl_merge,29519,ifa,SC,IFA,IFA_08,IFA,,45067,,4512925,"IFA Charlotte-Concord-Gastonia, NC-SC / Charleston-North Charleston, SC",0.0,no cell in the extract: territory at zero opportunity
ifa_southatl_merge,29520,ifa,SC,IFA,IFA_08,IFA,,45025,,4513600,"IFA Charlotte-Concord-Gastonia, NC-SC / Charleston-North Charleston, SC",0.0,no cell in the extract: territory at zero opportunity
ifa_southatl_merge,29525,ifa,SC,IFA,IFA_08,IFA,,45069,,4515310,"IFA Charlotte-Concord-Gastonia, NC-SC / Charleston-North Charleston, SC",0.0,no cell in the extract: territory at zero opportunity
ifa_southatl_merge,29526,ifa,SC,IFA,IFA_08,IFA,,45051,34820,4516405,"IFA Charlotte-Concord-Gastonia, NC-SC / Charleston-North Charleston, SC",0.00397725,
ifa_southatl_merge,29527,ifa,SC,IFA,IFA_08,IFA,,45051,34820,4516405,"IFA Charlotte-Concord-Gastonia, NC-SC / Charleston-North Charleston, SC",0.0,no cell in the extract: territory at zero opportunity
ifa_southatl_merge,29530,ifa,SC,IFA,IFA_08,IFA,,45041,22500,4517215,"IFA Charlotte-Concord-Gastonia, NC-SC / Charleston-North Charleston, SC",0.0,no cell in the extract: territory at zero opportunity
ifa_southatl_merge,29532,ifa,SC,IFA,IFA_08,IFA,,45031,22500,4518565,"IFA Charlotte-Concord-Gastonia, NC-SC / Charleston-North Charleston, SC",0.0,no cell in the extract: territory at zero opportunity
ifa_southatl_merge,29536,ifa,SC,IFA,IFA_08,IFA,,45033,,4519420,"IFA Charlotte-Concord-Gastonia, NC-SC / Charleston-North Charleston, SC",0.0,no cell in the extract: territory at zero opportunity
ifa_southatl_merge,29540,ifa,SC,IFA,IFA_08,IFA,,45031,22500,4520365,"IFA Charlotte-Concord-Gastonia, NC-SC / Charleston-North Charleston, SC",0.0,no cell in the extract: territory at zero opportunity
ifa_southatl_merge,29541,ifa,SC,IFA,IFA_08,IFA,,45041,22500,4518475,"IFA Charlotte-Concord-Gastonia, NC-SC / Charleston-North Charleston, SC",0.0,no cell in the extract: territory at zero opportunity
ifa_southatl_merge,29543,ifa,SC,IFA,IFA_08,IFA,,45033,,,"IFA Charlotte-Concord-Gastonia, NC-SC / Charleston-North Charleston, SC",0.0,no cell in the extract: territory at zero opportunity
ifa_southatl_merge,29544,ifa,SC,IFA,IFA_08,IFA,,45051,34820,4503430,"IFA Charlotte-Concord-Gastonia, NC-SC / Charleston-North Charleston, SC",0.0,no cell in the extract: territory at zero opportunity
ifa_southatl_merge,29545,ifa,SC,IFA,IFA_08,IFA,,45051,34820,4530760,"IFA Charlotte-Concord-Gastonia, NC-SC / Charleston-North Charleston, SC",0.0,no cell in the extract: territory at zero opportunity
ifa_southatl_merge,29546,ifa,SC,IFA,IFA_08,IFA,,45067,,4518706,"IFA Charlotte-Concord-Gastonia, NC-SC / Charleston-North Charleston, SC",0.0,no cell in the extract: territory at zero opportunity
ifa_southatl_merge,29547,ifa,SC,IFA,IFA_08,IFA,,45033,,4531660,"IFA Charlotte-Concord-Gastonia, NC-SC / Charleston-North Charleston, SC",0.0,no cell in the extract: territory at zero opportunity
ifa_southatl_merge,29550,ifa,SC,IFA,IFA_08,IFA,,45031,22500,4532560,"IFA Charlotte-Concord-Gastonia, NC-SC / Charleston-North Charleston, SC",3.22324,
ifa_southatl_merge,29554,ifa,SC,IFA,IFA_08,IFA,,45043,34680,4570045,"IFA Charlotte-Concord-Gastonia, NC-SC / Charleston-North Charleston, SC",0.0,no cell in the extract: territory at zero opportunity
ifa_southatl_merge,29555,ifa,SC,IFA,IFA_08,IFA,,45041,22500,4537105,"IFA Charlotte-Concord-Gastonia, NC-SC / Charleston-North Charleston, SC",0.0,no cell in the extract: territory at zero opportunity
ifa_southatl_merge,29556,ifa,SC,IFA,IFA_08,IFA,,45089,,4538590,"IFA Charlotte-Concord-Gastonia, NC-SC / Charleston-North Charleston, SC",0.0,no cell in the extract: territory at zero opportunity
ifa_southatl_merge,29560,ifa,SC,IFA,IFA_08,IFA,,45041,22500,4539310,"IFA Charlotte-Concord-Gastonia, NC-SC / Charleston-North Charleston, SC",0.0,no cell in the extract: territory at zero opportunity
ifa_southatl_merge,29563,ifa,SC,IFA,IFA_08,IFA,,45033,,4539715,"IFA Charlotte-Concord-Gastonia, NC-SC / Charleston-North Charleston, SC",0.0,no cell in the extract: territory at zero opportunity
ifa_southatl_merge,29564,ifa,SC,IFA,IFA_08,IFA,,45089,,4540210,"IFA Charlotte-Concord-Gastonia, NC-SC / Charleston-North Charleston, SC",0.0,no cell in the extract: territory at zero opportunity
ifa_southatl_merge,29565,ifa,SC,IFA,IFA_08,IFA,,45033,,4540480,"IFA Charlotte-Concord-Gastonia, NC-SC / Charleston-North Charleston, SC",0.0,no cell in the extract: territory at zero opportunity
ifa_southatl_merge,29566,ifa,SC,IFA,IFA_08,IFA,,45051,34820,4542010,"IFA Charlotte-Concord-Gastonia, NC-SC / Charleston-North Charleston, SC",0.229485,
ifa_southatl_merge,29567,ifa,SC,IFA,IFA_08,IFA,,45033,,4542055,"IFA Charlotte-Concord-Gastonia, NC-SC / Charleston-North Charleston, SC",1.67872,
ifa_southatl_merge,29568,ifa,SC,IFA,IFA_08,IFA,,45051,34820,4551280,"IFA Charlotte-Concord-Gastonia, NC-SC / Charleston-North Charleston, SC",0.015909,
ifa_southatl_merge,29569,ifa,SC,IFA,IFA_08,IFA,,45051,34820,4542730,"IFA Charlotte-Concord-Gastonia, NC-SC / Charleston-North Charleston, SC",0.0,no cell in the extract: territory at zero opportunity
ifa_southatl_merge,29570,ifa,SC,IFA,IFA_08,IFA,,45069,,4543630,"IFA Charlotte-Concord-Gastonia, NC-SC / Charleston-North Charleston, SC",0.0,no cell in the extract: territory at zero opportunity
ifa_southatl_merge,29571,ifa,SC,IFA,IFA_08,IFA,,45067,,4544575,"IFA Charlotte-Concord-Gastonia, NC-SC / Charleston-North Charleston, SC",0.0,no cell in the extract: territory at zero opportunity
ifa_southatl_merge,29572,ifa,SC,IFA,IFA_08,IFA,,45051,34820,4549075,"IFA Charlotte-Concord-Gastonia, NC-SC / Charleston-North Charleston, SC",3.7964,
ifa_southatl_merge,29574,ifa,SC,IFA,IFA_08,IFA,,45067,,4548805,"IFA Charlotte-Concord-Gastonia, NC-SC / Charleston-North Charleston, SC",0.0,no cell in the extract: territory at zero opportunity
ifa_southatl_merge,29575,ifa,SC,IFA,IFA_08,IFA,,45051,34820,4570585,"IFA Charlotte-Concord-Gastonia, NC-SC / Charleston-North Charleston, SC",0.683571,
ifa_southatl_merge,29576,ifa,SC,IFA,IFA_08,IFA,,45051,34820,4548985,"IFA Charlotte-Concord-Gastonia, NC-SC / Charleston-North Charleston, SC",5.08643,
ifa_southatl_merge,29577,ifa,SC,IFA,IFA_08,IFA,,45051,34820,4549075,"IFA Charlotte-Concord-Gastonia, NC-SC / Charleston-North Charleston, SC",21.2975,
ifa_southatl_merge,29579,ifa,SC,IFA,IFA_08,IFA,,45051,34820,4511833,"IFA Charlotte-Concord-Gastonia, NC-SC / Charleston-North Charleston, SC",0.817049,
ifa_southatl_merge,29580,ifa,SC,IFA,IFA_08,IFA,,45089,,,"IFA Charlotte-Concord-Gastonia, NC-SC / Charleston-North Charleston, SC",0.0,no cell in the extract: territory at zero opportunity
ifa_southatl_merge,29581,ifa,SC,IFA,IFA_08,IFA,,45051,34820,4538110,"IFA Charlotte-Concord-Gastonia, NC-SC / Charleston-North Charleston, SC",0.0,no cell in the extract: territory at zero opportunity
ifa_southatl_merge,29582,ifa,SC,IFA,IFA_08,IFA,,45051,34820,4551280,"IFA Charlotte-Concord-Gastonia, NC-SC / Charleston-North Charleston, SC",1.05405,
ifa_southatl_merge,29583,ifa,SC,IFA,IFA_08,IFA,,45041,22500,4554340,"IFA Charlotte-Concord-Gastonia, NC-SC / Charleston-North Charleston, SC",0.0,no cell in the extract: territory at zero opportunity
ifa_southatl_merge,29584,ifa,SC,IFA,IFA_08,IFA,,45025,,4554925,"IFA Charlotte-Concord-Gastonia, NC-SC / Charleston-North Charleston, SC",0.0,no cell in the extract: territory at zero opportunity
ifa_southatl_merge,29585,ifa,SC,IFA,IFA_08,IFA,,45043,34680,4541830,"IFA Charlotte-Concord-Gastonia, NC-SC / Charleston-North Charleston, SC",0.803599,
ifa_southatl_merge,29588,ifa,SC,IFA,IFA_08,IFA,,45051,34820,4567390,"IFA Charlotte-Concord-Gastonia, NC-SC / Charleston-North Charleston, SC",1.78904,
ifa_southatl_merge,29589,ifa,SC,IFA,IFA_08,IFA,,45067,,4558930,"IFA Charlotte-Concord-Gastonia, NC-SC / Charleston-North Charleston, SC",0.0,no cell in the extract: territory at zero opportunity
ifa_southatl_merge,29590,ifa,SC,IFA,IFA_08,IFA,,45089,,4540210,"IFA Charlotte-Concord-Gastonia, NC-SC / Charleston-North Charleston, SC",0.0,no cell in the extract: territory at zero opportunity
ifa_southatl_merge,29591,ifa,SC,IFA,IFA_08,IFA,,45041,22500,4564600,"IFA Charlotte-Concord-Gastonia, NC-SC / Charleston-North Charleston, SC",0.0,no cell in the extract: territory at zero opportunity
ifa_southatl_merge,29592,ifa,SC,IFA,IFA_08,IFA,,45067,,4565005,"IFA Charlotte-Concord-Gastonia, NC-SC / Charleston-North Charleston, SC",0.0,no cell in the extract: territory at zero opportunity
ifa_southatl_merge,29593,ifa,SC,IFA,IFA_08,IFA,,45031,22500,4567435,"IFA Charlotte-Concord-Gastonia, NC-SC / Charleston-North Charleston, SC",0.0,no cell in the extract: territory at zero opportunity
ifa_southatl_merge,29594,ifa,SC,IFA,IFA_08,IFA,,45069,,4571305,"IFA Charlotte-Concord-Gastonia, NC-SC / Charleston-North Charleston, SC",0.0,no cell in the extract: territory at zero opportunity
ifa_southatl_merge,29596,ifa,SC,IFA,IFA_08,IFA,,45069,,4574140,"IFA Charlotte-Concord-Gastonia, NC-SC / Charleston-North Charleston, SC",0.0,no cell in the extract: territory at zero opportunity
ifa_southatl_merge,29601,ifa,SC,IFA,IFA_08,IFA,,45045,24860,4530850,"IFA Charlotte-Concord-Gastonia, NC-SC / Charleston-North Charleston, SC",35.7885,
ifa_southatl_merge,29605,ifa,SC,IFA,IFA_08,IFA,,45045,24860,4528375,"IFA Charlotte-Concord-Gastonia, NC-SC / Charleston-North Charleston, SC",7.3771,
ifa_southatl_merge,29607,ifa,SC,IFA,IFA_08,IFA,,45045,24860,4530850,"IFA Charlotte-Concord-Gastonia, NC-SC / Charleston-North Charleston, SC",11.803,
ifa_southatl_merge,29609,ifa,SC,IFA,IFA_08,IFA,,45045,24860,4530850,"IFA Charlotte-Concord-Gastonia, NC-SC / Charleston-North Charleston, SC",2.83685,
ifa_southatl_merge,29611,ifa,SC,IFA,IFA_08,IFA,,45045,24860,4554535,"IFA Charlotte-Concord-Gastonia, NC-SC / Charleston-North Charleston, SC",0.0,no cell in the extract: territory at zero opportunity
ifa_southatl_merge,29613,ifa,SC,IFA,IFA_08,IFA,,45045,24860,4572430,"IFA Charlotte-Concord-Gastonia, NC-SC / Charleston-North Charleston, SC",0.0,no cell in the extract: territory at zero opportunity
ifa_southatl_merge,29614,ifa,SC,IFA,IFA_08,IFA,,45045,24860,4530850,"IFA Charlotte-Concord-Gastonia, NC-SC / Charleston-North Charleston, SC",0.0,no cell in the extract: territory at zero opportunity
ifa_southatl_merge,29615,ifa,SC,IFA,IFA_08,IFA,,45045,24860,4573870,"IFA Charlotte-Concord-Gastonia, NC-SC / Charleston-North Charleston, SC",6.38682,
ifa_southatl_merge,29617,ifa,SC,IFA,IFA_08,IFA,,45045,24860,4505770,"IFA Charlotte-Concord-Gastonia, NC-SC / Charleston-North Charleston, SC",0.0,no cell in the extract: territory at zero opportunity
ifa_southatl_merge,29620,ifa,SC,IFA,IFA_08,IFA,,45001,24940,4500100,"IFA Charlotte-Concord-Gastonia, NC-SC / Charleston-North Charleston, SC",0.0,no cell in the extract: territory at zero opportunity
ifa_southatl_merge,29621,ifa,SC,IFA,IFA_08,IFA,,45007,24860,4501360,"IFA Charlotte-Concord-Gastonia, NC-SC / Charleston-North Charleston, SC",4.97747,
ifa_southatl_merge,29624,ifa,SC,IFA,IFA_08,IFA,,45007,24860,4501360,"IFA Charlotte-Concord-Gastonia, NC-SC / Charleston-North Charleston, SC",1.35503,
ifa_southatl_merge,29625,ifa,SC,IFA,IFA_08,IFA,,45007,24860,4512965,"IFA Charlotte-Concord-Gastonia, NC-SC / Charleston-North Charleston, SC",0.0,no cell in the extract: territory at zero opportunity
ifa_southatl_merge,29626,ifa,SC,IFA,IFA_08,IFA,,45007,24860,4534720,"IFA Charlotte-Concord-Gastonia, NC-SC / Charleston-North Charleston, SC",0.0,no cell in the extract: territory at zero opportunity
ifa_southatl_merge,29627,ifa,SC,IFA,IFA_08,IFA,,45007,24860,4505365,"IFA Charlotte-Concord-Gastonia, NC-SC / Charleston-North Charleston, SC",0.0198863,
ifa_southatl_merge,29628,ifa,SC,IFA,IFA_08,IFA,,45001,24940,4510720,"IFA Charlotte-Concord-Gastonia, NC-SC / Charleston-North Charleston, SC",0.0,no cell in the extract: territory at zero opportunity
ifa_southatl_merge,29630,ifa,SC,IFA,IFA_08,IFA,,45077,24860,4513015,"IFA Charlotte-Concord-Gastonia, NC-SC / Charleston-North Charleston, SC",0.0,no cell in the extract: territory at zero opportunity
ifa_southatl_merge,29631,ifa,SC,IFA,IFA_08,IFA,,45077,24860,4514950,"IFA Charlotte-Concord-Gastonia, NC-SC / Charleston-North Charleston, SC",8.24379,
ifa_southatl_merge,29634,ifa,SC,IFA,IFA_08,IFA,,45077,24860,4515040,"IFA Charlotte-Concord-Gastonia, NC-SC / Charleston-North Charleston, SC",0.0,no cell in the extract: territory at zero opportunity
ifa_southatl_merge,29635,ifa,SC,IFA,IFA_08,IFA,,45045,24860,4510585,"IFA Charlotte-Concord-Gastonia, NC-SC / Charleston-North Charleston, SC",0.0,no cell in the extract: territory at zero opportunity
ifa_southatl_merge,29638,ifa,SC,IFA,IFA_08,IFA,,45001,24940,4519870,"IFA Charlotte-Concord-Gastonia, NC-SC / Charleston-North Charleston, SC",0.0,no cell in the extract: territory at zero opportunity
ifa_southatl_merge,29639,ifa,SC,IFA,IFA_08,IFA,,45001,24940,4521040,"IFA Charlotte-Concord-Gastonia, NC-SC / Charleston-North Charleston, SC",0.0,no cell in the extract: territory at zero opportunity
ifa_southatl_merge,29640,ifa,SC,IFA,IFA_08,IFA,,45077,24860,4521985,"IFA Charlotte-Concord-Gastonia, NC-SC / Charleston-North Charleston, SC",0.0,no cell in the extract: territory at zero opportunity
ifa_southatl_merge,29642,ifa,SC,IFA,IFA_08,IFA,,45007,24860,4558170,"IFA Charlotte-Concord-Gastonia, NC-SC / Charleston-North Charleston, SC",5.40256,
ifa_southatl_merge,29643,ifa,SC,IFA,IFA_08,IFA,,45073,42860,4524730,"IFA Charlotte-Concord-Gastonia, NC-SC / Charleston-North Charleston, SC",0.0,no cell in the extract: territory at zero opportunity
ifa_southatl_merge,29644,ifa,SC,IFA,IFA_08,IFA,,45045,24860,4527070,"IFA Charlotte-Concord-Gastonia, NC-SC / Charleston-North Charleston, SC",0.401546,
ifa_southatl_merge,29645,ifa,SC,IFA,IFA_08,IFA,,45059,24860,4530355,"IFA Charlotte-Concord-Gastonia, NC-SC / Charleston-North Charleston, SC",0.0,no cell in the extract: territory at zero opportunity
ifa_southatl_merge,29646,ifa,SC,IFA,IFA_08,IFA,,45047,24940,4530895,"IFA Charlotte-Concord-Gastonia, NC-SC / Charleston-North Charleston, SC",0.0,no cell in the extract: territory at zero opportunity
ifa_southatl_merge,29649,ifa,SC,IFA,IFA_08,IFA,,45047,24940,4530895,"IFA Charlotte-Concord-Gastonia, NC-SC / Charleston-North Charleston, SC",5.39491,
ifa_southatl_merge,29650,ifa,SC,IFA,IFA_08,IFA,,45045,24860,4530985,"IFA Charlotte-Concord-Gastonia, NC-SC / Charleston-North Charleston, SC",8.62891,
ifa_southatl_merge,29651,ifa,SC,IFA,IFA_08,IFA,,45045,24860,4530985,"IFA Charlotte-Concord-Gastonia, NC-SC / Charleston-North Charleston, SC",1.09749,
ifa_southatl_merge,29653,ifa,SC,IFA,IFA_08,IFA,,45047,24940,4534225,"IFA Charlotte-Concord-Gastonia, NC-SC / Charleston-North Charleston, SC",0.0,no cell in the extract: territory at zero opportunity
ifa_southatl_merge,29654,ifa,SC,IFA,IFA_08,IFA,,45007,24860,4534810,"IFA Charlotte-Concord-Gastonia, NC-SC / Charleston-North Charleston, SC",0.0,no cell in the extract: territory at zero opportunity
ifa_southatl_merge,29655,ifa,SC,IFA,IFA_08,IFA,,45001,24940,4539512,"IFA Charlotte-Concord-Gastonia, NC-SC / Charleston-North Charleston, SC",0.0,no cell in the extract: territory at zero opportunity
ifa_southatl_merge,29657,ifa,SC,IFA,IFA_08,IFA,,45077,24860,4541380,"IFA Charlotte-Concord-Gastonia, NC-SC / Charleston-North Charleston, SC",0.0,no cell in the extract: territory at zero opportunity
ifa_southatl_merge,29658,ifa,SC,IFA,IFA_08,IFA,,45073,42860,4542460,"IFA Charlotte-Concord-Gastonia, NC-SC / Charleston-North Charleston, SC",0.0,no cell in the extract: territory at zero opportunity
ifa_southatl_merge,29659,ifa,SC,IFA,IFA_08,IFA,,45001,24940,4542820,"IFA Charlotte-Concord-Gastonia, NC-SC / Charleston-North Charleston, SC",0.0,no cell in the extract: territory at zero opportunity
ifa_southatl_merge,29661,ifa,SC,IFA,IFA_08,IFA,,45045,24860,4566917,"IFA Charlotte-Concord-Gastonia, NC-SC / Charleston-North Charleston, SC",0.0,no cell in the extract: territory at zero opportunity
ifa_southatl_merge,29662,ifa,SC,IFA,IFA_08,IFA,,45045,24860,4545115,"IFA Charlotte-Concord-Gastonia, NC-SC / Charleston-North Charleston, SC",5.5746,
ifa_southatl_merge,29664,ifa,SC,IFA,IFA_08,IFA,,45073,42860,,"IFA Charlotte-Concord-Gastonia, NC-SC / Charleston-North Charleston, SC",0.0,no cell in the extract: territory at zero opportunity
ifa_southatl_merge,29665,ifa,SC,IFA,IFA_08,IFA,,45073,42860,4549975,"IFA Charlotte-Concord-Gastonia, NC-SC / Charleston-North Charleston, SC",0.0,no cell in the extract: territory at zero opportunity
ifa_southatl_merge,29666,ifa,SC,IFA,IFA_08,IFA,,45047,24940,4550290,"IFA Charlotte-Concord-Gastonia, NC-SC / Charleston-North Charleston, SC",0.0,no cell in the extract: territory at zero opportunity
ifa_southatl_merge,29667,ifa,SC,IFA,IFA_08,IFA,,45077,24860,4550515,"IFA Charlotte-Concord-Gastonia, NC-SC / Charleston-North Charleston, SC",0.0,no cell in the extract: territory at zero opportunity
ifa_southatl_merge,29669,ifa,SC,IFA,IFA_08,IFA,,45045,24860,4555465,"IFA Charlotte-Concord-Gastonia, NC-SC / Charleston-North Charleston, SC",0.0,no cell in the extract: territory at zero opportunity
ifa_southatl_merge,29670,ifa,SC,IFA,IFA_08,IFA,,45007,24860,4555645,"IFA Charlotte-Concord-Gastonia, NC-SC / Charleston-North Charleston, SC",1.89297,
ifa_southatl_merge,29671,ifa,SC,IFA,IFA_08,IFA,,45077,24860,4556140,"IFA Charlotte-Concord-Gastonia, NC-SC / Charleston-North Charleston, SC",0.0,no cell in the extract: territory at zero opportunity
ifa_southatl_merge,29672,ifa,SC,IFA,IFA_08,IFA,,45073,42860,4565095,"IFA Charlotte-Concord-Gastonia, NC-SC / Charleston-North Charleston, SC",0.0,no cell in the extract: territory at zero opportunity
ifa_southatl_merge,29673,ifa,SC,IFA,IFA_08,IFA,,45045,24860,4556365,"IFA Charlotte-Concord-Gastonia, NC-SC / Charleston-North Charleston, SC",0.120113,
ifa_southatl_merge,29676,ifa,SC,IFA,IFA_08,IFA,,45073,42860,4538058,"IFA Charlotte-Concord-Gastonia, NC-SC / Charleston-North Charleston, SC",0.626561,
ifa_southatl_merge,29678,ifa,SC,IFA,IFA_08,IFA,,45073,42860,4565095,"IFA Charlotte-Concord-Gastonia, NC-SC / Charleston-North Charleston, SC",12.44,
ifa_southatl_merge,29680,ifa,SC,IFA,IFA_08,IFA,,45045,24860,4566580,"IFA Charlotte-Concord-Gastonia, NC-SC / Charleston-North Charleston, SC",0.198863,
ifa_southatl_merge,29681,ifa,SC,IFA,IFA_08,IFA,,45045,24860,4525540,"IFA Charlotte-Concord-Gastonia, NC-SC / Charleston-North Charleston, SC",5.095,
ifa_southatl_merge,29682,ifa,SC,IFA,IFA_08,IFA,,45077,24860,4566760,"IFA Charlotte-Concord-Gastonia, NC-SC / Charleston-North Charleston, SC",0.0,no cell in the extract: territory at zero opportunity
ifa_southatl_merge,29683,ifa,SC,IFA,IFA_08,IFA,,45045,24860,4566917,"IFA Charlotte-Concord-Gastonia, NC-SC / Charleston-North Charleston, SC",0.0,no cell in the extract: territory at zero opportunity
ifa_southatl_merge,29684,ifa,SC,IFA,IFA_08,IFA,,45007,24860,4568875,"IFA Charlotte-Concord-Gastonia, NC-SC / Charleston-North Charleston, SC",0.0,no cell in the extract: territory at zero opportunity
ifa_southatl_merge,29685,ifa,SC,IFA,IFA_08,IFA,,45077,24860,,"IFA Charlotte-Concord-Gastonia, NC-SC / Charleston-North Charleston, SC",3.60059,
ifa_southatl_merge,29686,ifa,SC,IFA,IFA_08,IFA,,45073,42860,4571170,"IFA Charlotte-Concord-Gastonia, NC-SC / Charleston-North Charleston, SC",0.0,no cell in the extract: territory at zero opportunity
ifa_southatl_merge,29687,ifa,SC,IFA,IFA_08,IFA,,45045,24860,4571395,"IFA Charlotte-Concord-Gastonia, NC-SC / Charleston-North Charleston, SC",5.27971,
ifa_southatl_merge,29689,ifa,SC,IFA,IFA_08,IFA,,45007,24860,,"IFA Charlotte-Concord-Gastonia, NC-SC / Charleston-North Charleston, SC",0.0,no cell in the extract: territory at zero opportunity
ifa_southatl_merge,29690,ifa,SC,IFA,IFA_08,IFA,,45045,24860,4571658,"IFA Charlotte-Concord-Gastonia, NC-SC / Charleston-North Charleston, SC",1.51223,
ifa_southatl_merge,29691,ifa,SC,IFA,IFA_08,IFA,,45073,42860,4574095,"IFA Charlotte-Concord-Gastonia, NC-SC / Charleston-North Charleston, SC",0.0,no cell in the extract: territory at zero opportunity
ifa_southatl_merge,29692,ifa,SC,IFA,IFA_08,IFA,,45059,24860,4574680,"IFA Charlotte-Concord-Gastonia, NC-SC / Charleston-North Charleston, SC",0.0,no cell in the extract: territory at zero opportunity
ifa_southatl_merge,29693,ifa,SC,IFA,IFA_08,IFA,,45073,42860,4576165,"IFA Charlotte-Concord-Gastonia, NC-SC / Charleston-North Charleston, SC",0.0,no cell in the extract: territory at zero opportunity
ifa_southatl_merge,29696,ifa,SC,IFA,IFA_08,IFA,,45073,42860,4576435,"IFA Charlotte-Concord-Gastonia, NC-SC / Charleston-North Charleston, SC",0.0,no cell in the extract: territory at zero opportunity
ifa_southatl_merge,29697,ifa,SC,IFA,IFA_08,IFA,,45007,24860,4577875,"IFA Charlotte-Concord-Gastonia, NC-SC / Charleston-North Charleston, SC",0.0,no cell in the extract: territory at zero opportunity
ifa_southatl_merge,29702,ifa,SC,IFA,IFA_08,IFA,,45021,23500,4506400,"IFA Charlotte-Concord-Gastonia, NC-SC / Charleston-North Charleston, SC",0.0,no cell in the extract: territory at zero opportunity
ifa_southatl_merge,29704,ifa,SC,IFA,IFA_08,IFA,,45091,16740,4512430,"IFA Charlotte-Concord-Gastonia, NC-SC / Charleston-North Charleston, SC",0.0,no cell in the extract: territory at zero opportunity
ifa_southatl_merge,29706,ifa,SC,IFA,IFA_08,IFA,,45023,16740,4514095,"IFA Charlotte-Concord-Gastonia, NC-SC / Charleston-North Charleston, SC",0.0,no cell in the extract: territory at zero opportunity
ifa_southatl_merge,29707,ifa,SC,IFA,IFA_08,IFA,,45057,16740,,"IFA Charlotte-Concord-Gastonia, NC-SC / Charleston-North Charleston, SC",6.82907,
ifa_southatl_merge,29708,ifa,SC,IFA,IFA_08,IFA,,45091,16740,4571417,"IFA Charlotte-Concord-Gastonia, NC-SC / Charleston-North Charleston, SC",3.47315,
ifa_southatl_merge,29709,ifa,SC,IFA,IFA_08,IFA,,45025,,4514140,"IFA Charlotte-Concord-Gastonia, NC-SC / Charleston-North Charleston, SC",0.0,no cell in the extract: territory at zero opportunity
ifa_southatl_merge,29710,ifa,SC,IFA,IFA_08,IFA,,45091,16740,4539785,"IFA Charlotte-Concord-Gastonia, NC-SC / Charleston-North Charleston, SC",0.299453,
ifa_southatl_merge,29712,ifa,SC,IFA,IFA_08,IFA,,45023,16740,,"IFA Charlotte-Concord-Gastonia, NC-SC / Charleston-North Charleston, SC",0.0,no cell in the extract: territory at zero opportunity
ifa_southatl_merge,29714,ifa,SC,IFA,IFA_08,IFA,,45023,16740,4526845,"IFA Charlotte-Concord-Gastonia, NC-SC / Charleston-North Charleston, SC",0.0,no cell in the extract: territory at zero opportunity
ifa_southatl_merge,29715,ifa,SC,IFA,IFA_08,IFA,,45091,16740,4526890,"IFA Charlotte-Concord-Gastonia, NC-SC / Charleston-North Charleston, SC",12.4058,
ifa_southatl_merge,29717,ifa,SC,IFA,IFA_08,IFA,,45091,16740,4533640,"IFA Charlotte-Concord-Gastonia, NC-SC / Charleston-North Charleston, SC",0.0,no cell in the extract: territory at zero opportunity
ifa_southatl_merge,29718,ifa,SC,IFA,IFA_08,IFA,,45025,,4536610,"IFA Charlotte-Concord-Gastonia, NC-SC / Charleston-North Charleston, SC",0.0,no cell in the extract: territory at zero opportunity
ifa_southatl_merge,29720,ifa,SC,IFA,IFA_08,IFA,,45057,16740,4573555,"IFA Charlotte-Concord-Gastonia, NC-SC / Charleston-North Charleston, SC",2.9913,
ifa_southatl_merge,29724,ifa,SC,IFA,IFA_08,IFA,,45023,16740,,"IFA Charlotte-Concord-Gastonia, NC-SC / Charleston-North Charleston, SC",0.0,no cell in the extract: territory at zero opportunity
ifa_southatl_merge,29726,ifa,SC,IFA,IFA_08,IFA,,45091,16740,4543675,"IFA Charlotte-Concord-Gastonia, NC-SC / Charleston-North Charleston, SC",0.0,no cell in the extract: territory at zero opportunity
ifa_southatl_merge,29727,ifa,SC,IFA,IFA_08,IFA,,45025,,4548355,"IFA Charlotte-Concord-Gastonia, NC-SC / Charleston-North Charleston, SC",0.0,no cell in the extract: territory at zero opportunity
ifa_southatl_merge,29728,ifa,SC,IFA,IFA_08,IFA,,45025,,4554025,"IFA Charlotte-Concord-Gastonia, NC-SC / Charleston-North Charleston, SC",0.31818,
ifa_southatl_merge,29729,ifa,SC,IFA,IFA_08,IFA,,45023,16740,4559920,"IFA Charlotte-Concord-Gastonia, NC-SC / Charleston-North Charleston, SC",0.0,no cell in the extract: territory at zero opportunity
ifa_southatl_merge,29730,ifa,SC,IFA,IFA_08,IFA,,45091,16740,4561405,"IFA Charlotte-Concord-Gastonia, NC-SC / Charleston-North Charleston, SC",8.57183,
ifa_southatl_merge,29732,ifa,SC,IFA,IFA_08,IFA,,45091,16740,4561405,"IFA Charlotte-Concord-Gastonia, NC-SC / Charleston-North Charleston, SC",3.99712,
ifa_southatl_merge,29733,ifa,SC,IFA,IFA_08,IFA,,45091,16740,4561405,"IFA Charlotte-Concord-Gastonia, NC-SC / Charleston-North Charleston, SC",0.0,no cell in the extract: territory at zero opportunity
ifa_southatl_merge,29741,ifa,SC,IFA,IFA_08,IFA,,45025,,4562080,"IFA Charlotte-Concord-Gastonia, NC-SC / Charleston-North Charleston, SC",0.0,no cell in the extract: territory at zero opportunity
ifa_southatl_merge,29742,ifa,SC,IFA,IFA_08,IFA,,45091,16740,4565410,"IFA Charlotte-Concord-Gastonia, NC-SC / Charleston-North Charleston, SC",0.0,no cell in the extract: territory at zero opportunity
ifa_southatl_merge,29743,ifa,SC,IFA,IFA_08,IFA,,45091,16740,4567210,"IFA Charlotte-Concord-Gastonia, NC-SC / Charleston-North Charleston, SC",0.0,no cell in the extract: territory at zero opportunity
ifa_southatl_merge,29745,ifa,SC,IFA,IFA_08,IFA,,45091,16740,4579630,"IFA Charlotte-Concord-Gastonia, NC-SC / Charleston-North Charleston, SC",0.0,no cell in the extract: territory at zero opportunity
ifa_southatl_merge,29801,ifa,SC,IFA,IFA_08,IFA,,45003,12260,4500550,"IFA Charlotte-Concord-Gastonia, NC-SC / Charleston-North Charleston, SC",0.111889,
ifa_southatl_merge,29803,ifa,SC,IFA,IFA_08,IFA,,45003,12260,4500550,"IFA Charlotte-Concord-Gastonia, NC-SC / Charleston-North Charleston, SC",2.21675,
ifa_southatl_merge,29805,ifa,SC,IFA,IFA_08,IFA,,45003,12260,,"IFA Charlotte-Concord-Gastonia, NC-SC / Charleston-North Charleston, SC",0.0,no cell in the extract: territory at zero opportunity
ifa_southatl_merge,29809,ifa,SC,IFA,IFA_08,IFA,,45003,12260,4549705,"IFA Charlotte-Concord-Gastonia, NC-SC / Charleston-North Charleston, SC",0.0,no cell in the extract: territory at zero opportunity
ifa_southatl_merge,29810,ifa,SC,IFA,IFA_08,IFA,,45005,,4500955,"IFA Charlotte-Concord-Gastonia, NC-SC / Charleston-North Charleston, SC",0.0,no cell in the extract: territory at zero opportunity
ifa_southatl_merge,29812,ifa,SC,IFA,IFA_08,IFA,,45011,,4504060,"IFA Charlotte-Concord-Gastonia, NC-SC / Charleston-North Charleston, SC",0.0,no cell in the extract: territory at zero opportunity
ifa_southatl_merge,29816,ifa,SC,IFA,IFA_08,IFA,,45003,12260,4510270,"IFA Charlotte-Concord-Gastonia, NC-SC / Charleston-North Charleston, SC",0.0,no cell in the extract: territory at zero opportunity
ifa_southatl_merge,29817,ifa,SC,IFA,IFA_08,IFA,,45011,,4506490,"IFA Charlotte-Concord-Gastonia, NC-SC / Charleston-North Charleston, SC",0.0,no cell in the extract: territory at zero opportunity
ifa_southatl_merge,29819,ifa,SC,IFA,IFA_08,IFA,,45047,24940,4508155,"IFA Charlotte-Concord-Gastonia, NC-SC / Charleston-North Charleston, SC",0.0,no cell in the extract: territory at zero opportunity
ifa_southatl_merge,29821,ifa,SC,IFA,IFA_08,IFA,,45037,12260,4514590,"IFA Charlotte-Concord-Gastonia, NC-SC / Charleston-North Charleston, SC",0.0,no cell in the extract: territory at zero opportunity
ifa_southatl_merge,29824,ifa,SC,IFA,IFA_08,IFA,,45037,12260,4522795,"IFA Charlotte-Concord-Gastonia, NC-SC / Charleston-North Charleston, SC",0.0,no cell in the extract: territory at zero opportunity
ifa_southatl_merge,29826,ifa,SC,IFA,IFA_08,IFA,,45011,,4523335,"IFA Charlotte-Concord-Gastonia, NC-SC / Charleston-North Charleston, SC",0.0,no cell in the extract: territory at zero opportunity
ifa_southatl_merge,29827,ifa,SC,IFA,IFA_08,IFA,,45005,,4524370,"IFA Charlotte-Concord-Gastonia, NC-SC / Charleston-North Charleston, SC",0.0,no cell in the extract: territory at zero opportunity
ifa_southatl_merge,29828,ifa,SC,IFA,IFA_08,IFA,,45003,12260,4529410,"IFA Charlotte-Concord-Gastonia, NC-SC / Charleston-North Charleston, SC",0.0,no cell in the extract: territory at zero opportunity
ifa_southatl_merge,29829,ifa,SC,IFA,IFA_08,IFA,,45003,12260,4530265,"IFA Charlotte-Concord-Gastonia, NC-SC / Charleston-North Charleston, SC",0.0,no cell in the extract: territory at zero opportunity
ifa_southatl_merge,29831,ifa,SC,IFA,IFA_08,IFA,,45003,12260,4536205,"IFA Charlotte-Concord-Gastonia, NC-SC / Charleston-North Charleston, SC",0.0,no cell in the extract: territory at zero opportunity
ifa_southatl_merge,29832,ifa,SC,IFA,IFA_08,IFA,,45037,12260,4537150,"IFA Charlotte-Concord-Gastonia, NC-SC / Charleston-North Charleston, SC",0.0,no cell in the extract: territory at zero opportunity
ifa_southatl_merge,29834,ifa,SC,IFA,IFA_08,IFA,,45003,12260,4540390,"IFA Charlotte-Concord-Gastonia, NC-SC / Charleston-North Charleston, SC",0.0,no cell in the extract: territory at zero opportunity
ifa_southatl_merge,29835,ifa,SC,IFA,IFA_08,IFA,,45065,,4577920,"IFA Charlotte-Concord-Gastonia, NC-SC / Charleston-North Charleston, SC",0.992511,
ifa_southatl_merge,29836,ifa,SC,IFA,IFA_08,IFA,,45005,,,"IFA Charlotte-Concord-Gastonia, NC-SC / Charleston-North Charleston, SC",0.0,no cell in the extract: territory at zero opportunity
ifa_southatl_merge,29838,ifa,SC,IFA,IFA_08,IFA,,45037,12260,4547050,"IFA Charlotte-Concord-Gastonia, NC-SC / Charleston-North Charleston, SC",0.0,no cell in the extract: territory at zero opportunity
ifa_southatl_merge,29840,ifa,SC,IFA,IFA_08,IFA,,45065,,4548310,"IFA Charlotte-Concord-Gastonia, NC-SC / Charleston-North Charleston, SC",0.0,no cell in the extract: territory at zero opportunity
ifa_southatl_merge,29841,ifa,SC,IFA,IFA_08,IFA,,45003,12260,4550695,"IFA Charlotte-Concord-Gastonia, NC-SC / Charleston-North Charleston, SC",1.65204,
ifa_southatl_merge,29842,ifa,SC,IFA,IFA_08,IFA,,45003,12260,4504915,"IFA Charlotte-Concord-Gastonia, NC-SC / Charleston-North Charleston, SC",0.449205,
ifa_southatl_merge,29843,ifa,SC,IFA,IFA_08,IFA,,45009,,4552585,"IFA Charlotte-Concord-Gastonia, NC-SC / Charleston-North Charleston, SC",0.0,no cell in the extract: territory at zero opportunity
ifa_southatl_merge,29844,ifa,SC,IFA,IFA_08,IFA,,45065,,4554700,"IFA Charlotte-Concord-Gastonia, NC-SC / Charleston-North Charleston, SC",0.0,no cell in the extract: territory at zero opportunity
ifa_southatl_merge,29845,ifa,SC,IFA,IFA_08,IFA,,45065,,4557670,"IFA Charlotte-Concord-Gastonia, NC-SC / Charleston-North Charleston, SC",0.0,no cell in the extract: territory at zero opportunity
ifa_southatl_merge,29847,ifa,SC,IFA,IFA_08,IFA,,45037,12260,4572520,"IFA Charlotte-Concord-Gastonia, NC-SC / Charleston-North Charleston, SC",0.0,no cell in the extract: territory at zero opportunity
ifa_southatl_merge,29848,ifa,SC,IFA,IFA_08,IFA,,45065,,4572655,"IFA Charlotte-Concord-Gastonia, NC-SC / Charleston-North Charleston, SC",0.0,no cell in the extract: territory at zero opportunity
ifa_southatl_merge,29849,ifa,SC,IFA,IFA_08,IFA,,45005,,4572880,"IFA Charlotte-Concord-Gastonia, NC-SC / Charleston-North Charleston, SC",0.0,no cell in the extract: territory at zero opportunity
ifa_southatl_merge,29851,ifa,SC,IFA,IFA_08,IFA,,45003,12260,4529410,"IFA Charlotte-Concord-Gastonia, NC-SC / Charleston-North Charleston, SC",0.0,no cell in the extract: territory at zero opportunity
ifa_southatl_merge,29853,ifa,SC,IFA,IFA_08,IFA,,45011,,4577965,"IFA Charlotte-Concord-Gastonia, NC-SC / Charleston-North Charleston, SC",0.0,no cell in the extract: territory at zero opportunity
ifa_southatl_merge,29856,ifa,SC,IFA,IFA_08,IFA,,45003,12260,4578190,"IFA Charlotte-Concord-Gastonia, NC-SC / Charleston-North Charleston, SC",0.0,no cell in the extract: territory at zero opportunity
ifa_southatl_merge,29860,ifa,SC,IFA,IFA_08,IFA,,45037,12260,4550695,"IFA Charlotte-Concord-Gastonia, NC-SC / Charleston-North Charleston, SC",1.97118,
ifa_southatl_merge,29899,ifa,SC,IFA,IFA_08,IFA,,45065,,4543720,"IFA Charlotte-Concord-Gastonia, NC-SC / Charleston-North Charleston, SC",0.0,no cell in the extract: territory at zero opportunity
ifa_southatl_merge,29902,ifa,SC,IFA,IFA_08,IFA,,45013,25940,4558030,"IFA Charlotte-Concord-Gastonia, NC-SC / Charleston-North Charleston, SC",0.0851132,
ifa_southatl_merge,29904,ifa,SC,IFA,IFA_08,IFA,,45013,25940,4504690,"IFA Charlotte-Concord-Gastonia, NC-SC / Charleston-North Charleston, SC",0.0,no cell in the extract: territory at zero opportunity
ifa_southatl_merge,29905,ifa,SC,IFA,IFA_08,IFA,,45013,25940,4558030,"IFA Charlotte-Concord-Gastonia, NC-SC / Charleston-North Charleston, SC",0.0,no cell in the extract: territory at zero opportunity
ifa_southatl_merge,29906,ifa,SC,IFA,IFA_08,IFA,,45013,25940,4504690,"IFA Charlotte-Concord-Gastonia, NC-SC / Charleston-North Charleston, SC",0.0,no cell in the extract: territory at zero opportunity
ifa_southatl_merge,29907,ifa,SC,IFA,IFA_08,IFA,,45013,25940,4504690,"IFA Charlotte-Concord-Gastonia, NC-SC / Charleston-North Charleston, SC",1.26744,
ifa_southatl_merge,29909,ifa,SC,IFA,IFA_08,IFA,,45013,25940,4560280,"IFA Charlotte-Concord-Gastonia, NC-SC / Charleston-North Charleston, SC",3.04667,
ifa_southatl_merge,29910,ifa,SC,IFA,IFA_08,IFA,,45013,25940,4507210,"IFA Charlotte-Concord-Gastonia, NC-SC / Charleston-North Charleston, SC",40.4362,
ifa_southatl_merge,29911,ifa,SC,IFA,IFA_08,IFA,,45049,,4509865,"IFA Charlotte-Concord-Gastonia, NC-SC / Charleston-North Charleston, SC",0.0,no cell in the extract: territory at zero opportunity
ifa_southatl_merge,29912,ifa,SC,IFA,IFA_08,IFA,,45053,25940,4516675,"IFA Charlotte-Concord-Gastonia, NC-SC / Charleston-North Charleston, SC",0.0,no cell in the extract: territory at zero opportunity
ifa_southatl_merge,29915,ifa,SC,IFA,IFA_08,IFA,,45013,25940,4518610,"IFA Charlotte-Concord-Gastonia, NC-SC / Charleston-North Charleston, SC",0.0,no cell in the extract: territory at zero opportunity
ifa_southatl_merge,29916,ifa,SC,IFA,IFA_08,IFA,,45049,,4579450,"IFA Charlotte-Concord-Gastonia, NC-SC / Charleston-North Charleston, SC",0.0,no cell in the extract: territory at zero opportunity
ifa_southatl_merge,29918,ifa,SC,IFA,IFA_08,IFA,,45049,,4523830,"IFA Charlotte-Concord-Gastonia, NC-SC / Charleston-North Charleston, SC",0.9592,
ifa_southatl_merge,29920,ifa,SC,IFA,IFA_08,IFA,,45013,25940,4527565,"IFA Charlotte-Concord-Gastonia, NC-SC / Charleston-North Charleston, SC",0.0,no cell in the extract: territory at zero opportunity
ifa_southatl_merge,29921,ifa,SC,IFA,IFA_08,IFA,,45049,,4527835,"IFA Charlotte-Concord-Gastonia, NC-SC / Charleston-North Charleston, SC",0.0,no cell in the extract: territory at zero opportunity
ifa_southatl_merge,29922,ifa,SC,IFA,IFA_08,IFA,,45049,,,"IFA Charlotte-Concord-Gastonia, NC-SC / Charleston-North Charleston, SC",0.0,no cell in the extract: territory at zero opportunity
ifa_southatl_merge,29923,ifa,SC,IFA,IFA_08,IFA,,45049,,4529005,"IFA Charlotte-Concord-Gastonia, NC-SC / Charleston-North Charleston, SC",0.0,no cell in the extract: territory at zero opportunity
ifa_southatl_merge,29924,ifa,SC,IFA,IFA_08,IFA,,45049,,4531885,"IFA Charlotte-Concord-Gastonia, NC-SC / Charleston-North Charleston, SC",0.0,no cell in the extract: territory at zero opportunity
ifa_southatl_merge,29926,ifa,SC,IFA,IFA_08,IFA,,45013,25940,4534045,"IFA Charlotte-Concord-Gastonia, NC-SC / Charleston-North Charleston, SC",4.08022,
ifa_southatl_merge,29927,ifa,SC,IFA,IFA_08,IFA,,45053,25940,4532245,"IFA Charlotte-Concord-Gastonia, NC-SC / Charleston-North Charleston, SC",0.0,no cell in the extract: territory at zero opportunity
ifa_southatl_merge,29928,ifa,SC,IFA,IFA_08,IFA,,45013,25940,4534045,"IFA Charlotte-Concord-Gastonia, NC-SC / Charleston-North Charleston, SC",1.54261,
ifa_southatl_merge,29929,ifa,SC,IFA,IFA_08,IFA,,45029,,4536070,"IFA Charlotte-Concord-Gastonia, NC-SC / Charleston-North Charleston, SC",0.0,no cell in the extract: territory at zero opportunity
ifa_southatl_merge,29932,ifa,SC,IFA,IFA_08,IFA,,45005,,4543090,"IFA Charlotte-Concord-Gastonia, NC-SC / Charleston-North Charleston, SC",0.0,no cell in the extract: territory at zero opportunity
ifa_southatl_merge,29934,ifa,SC,IFA,IFA_08,IFA,,45053,25940,,"IFA Charlotte-Concord-Gastonia, NC-SC / Charleston-North Charleston, SC",0.0,no cell in the extract: territory at zero opportunity
ifa_southatl_merge,29935,ifa,SC,IFA,IFA_08,IFA,,45013,25940,4558030,"IFA Charlotte-Concord-Gastonia, NC-SC / Charleston-North Charleston, SC",0.0,no cell in the extract: territory at zero opportunity
ifa_southatl_merge,29936,ifa,SC,IFA,IFA_08,IFA,,45053,25940,4560280,"IFA Charlotte-Concord-Gastonia, NC-SC / Charleston-North Charleston, SC",2.44053,
ifa_southatl_merge,29939,ifa,SC,IFA,IFA_08,IFA,,45049,,4564465,"IFA Charlotte-Concord-Gastonia, NC-SC / Charleston-North Charleston, SC",0.0,no cell in the extract: territory at zero opportunity
ifa_southatl_merge,29940,ifa,SC,IFA,IFA_08,IFA,,45013,25940,4564690,"IFA Charlotte-Concord-Gastonia, NC-SC / Charleston-North Charleston, SC",0.0,no cell in the extract: territory at zero opportunity
ifa_southatl_merge,29941,ifa,SC,IFA,IFA_08,IFA,,45013,25940,4504690,"IFA Charlotte-Concord-Gastonia, NC-SC / Charleston-North Charleston, SC",0.0,no cell in the extract: territory at zero opportunity
ifa_southatl_merge,29943,ifa,SC,IFA,IFA_08,IFA,,45053,25940,,"IFA Charlotte-Concord-Gastonia, NC-SC / Charleston-North Charleston, SC",0.0,no cell in the extract: territory at zero opportunity
ifa_southatl_merge,29944,ifa,SC,IFA,IFA_08,IFA,,45049,,4573600,"IFA Charlotte-Concord-Gastonia, NC-SC / Charleston-North Charleston, SC",0.0,no cell in the extract: territory at zero opportunity
ifa_southatl_merge,29945,ifa,SC,IFA,IFA_08,IFA,,45029,,4579450,"IFA Charlotte-Concord-Gastonia, NC-SC / Charleston-North Charleston, SC",0.0,no cell in the extract: territory at zero opportunity
ifa_southatl_merge,30002,ifa,GA,IFA,IFA_05,IFA,,13089,12060,1304644,"IFA Atlanta-Sandy Springs-Roswell, GA",0.0,no cell in the extract: territory at zero opportunity
ifa_southatl_merge,30004,ifa,GA,IFA,IFA_05,IFA,,13121,12060,1351670,"IFA Atlanta-Sandy Springs-Roswell, GA",2.48945,
ifa_southatl_merge,30005,ifa,GA,IFA,IFA_05,IFA,,13121,12060,1301696,"IFA Atlanta-Sandy Springs-Roswell, GA",10.3925,
ifa_southatl_merge,30008,ifa,GA,IFA,IFA_05,IFA,,13067,12060,1349756,"IFA Atlanta-Sandy Springs-Roswell, GA",0.0,no cell in the extract: territory at zero opportunity
ifa_southatl_merge,30009,ifa,GA,IFA,IFA_05,IFA,,13121,12060,1301696,"IFA Atlanta-Sandy Springs-Roswell, GA",29.5984,
ifa_southatl_merge,30011,ifa,GA,IFA,IFA_05,IFA,,13013,12060,1304140,"IFA Atlanta-Sandy Springs-Roswell, GA",0.0624625,
ifa_southatl_merge,30012,ifa,GA,IFA,IFA_05,IFA,,13247,12060,1319336,"IFA Atlanta-Sandy Springs-Roswell, GA",0.0,no cell in the extract: territory at zero opportunity
ifa_southatl_merge,30013,ifa,GA,IFA,IFA_05,IFA,,13247,12060,1319336,"IFA Atlanta-Sandy Springs-Roswell, GA",0.0,no cell in the extract: territory at zero opportunity
ifa_southatl_merge,30014,ifa,GA,IFA,IFA_05,IFA,,13217,12060,1320064,"IFA Atlanta-Sandy Springs-Roswell, GA",0.0,no cell in the extract: territory at zero opportunity
ifa_southatl_merge,30016,ifa,GA,IFA,IFA_05,IFA,,13217,12060,1362244,"IFA Atlanta-Sandy Springs-Roswell, GA",0.0,no cell in the extract: territory at zero opportunity
ifa_southatl_merge,30017,ifa,GA,IFA,IFA_05,IFA,,13135,12060,1334596,"IFA Atlanta-Sandy Springs-Roswell, GA",0.137526,
ifa_southatl_merge,30018,ifa,GA,IFA,IFA_05,IFA,,13297,12060,1342184,"IFA Atlanta-Sandy Springs-Roswell, GA",0.0,no cell in the extract: territory at zero opportunity
ifa_southatl_merge,30019,ifa,GA,IFA,IFA_05,IFA,,13135,12060,1353706,"IFA Atlanta-Sandy Springs-Roswell, GA",0.904491,
ifa_southatl_merge,30021,ifa,GA,IFA,IFA_05,IFA,,13089,12060,1316544,"IFA Atlanta-Sandy Springs-Roswell, GA",0.0,no cell in the extract: territory at zero opportunity
ifa_southatl_merge,30022,ifa,GA,IFA,IFA_05,IFA,,13121,12060,1342425,"IFA Atlanta-Sandy Springs-Roswell, GA",19.5863,
ifa_southatl_merge,30024,ifa,GA,IFA,IFA_05,IFA,,13135,12060,1374936,"IFA Atlanta-Sandy Springs-Roswell, GA",4.49952,
ifa_southatl_merge,30025,ifa,GA,IFA,IFA_05,IFA,,13297,12060,1371660,"IFA Atlanta-Sandy Springs-Roswell, GA",0.0,no cell in the extract: territory at zero opportunity
ifa_southatl_merge,30028,ifa,GA,IFA,IFA_05,IFA,,13117,12060,,"IFA Atlanta-Sandy Springs-Roswell, GA",2.73381,
ifa_southatl_merge,30030,ifa,GA,IFA,IFA_05,IFA,,13089,12060,1322052,"IFA Atlanta-Sandy Springs-Roswell, GA",0.660088,
ifa_southatl_merge,30032,ifa,GA,IFA,IFA_05,IFA,,13089,12060,1312834,"IFA Atlanta-Sandy Springs-Roswell, GA",0.0,no cell in the extract: territory at zero opportunity
ifa_southatl_merge,30033,ifa,GA,IFA,IFA_05,IFA,,13089,12060,1356112,"IFA Atlanta-Sandy Springs-Roswell, GA",0.0,no cell in the extract: territory at zero opportunity
ifa_southatl_merge,30034,ifa,GA,IFA,IFA_05,IFA,,13089,12060,1359080,"IFA Atlanta-Sandy Springs-Roswell, GA",1.99728,
ifa_southatl_merge,30035,ifa,GA,IFA,IFA_05,IFA,,13089,12060,1373784,"IFA Atlanta-Sandy Springs-Roswell, GA",0.0,no cell in the extract: territory at zero opportunity
ifa_southatl_merge,30038,ifa,GA,IFA,IFA_05,IFA,,13089,12060,1373784,"IFA Atlanta-Sandy Springs-Roswell, GA",0.0,no cell in the extract: territory at zero opportunity
ifa_southatl_merge,30039,ifa,GA,IFA,IFA_05,IFA,,13135,12060,1371604,"IFA Atlanta-Sandy Springs-Roswell, GA",0.0,no cell in the extract: territory at zero opportunity
ifa_southatl_merge,30040,ifa,GA,IFA,IFA_05,IFA,,13117,12060,1320932,"IFA Atlanta-Sandy Springs-Roswell, GA",21.982,
ifa_southatl_merge,30041,ifa,GA,IFA,IFA_05,IFA,,13117,12060,1320932,"IFA Atlanta-Sandy Springs-Roswell, GA",1.73028,
ifa_southatl_merge,30043,ifa,GA,IFA,IFA_05,IFA,,13135,12060,1345488,"IFA Atlanta-Sandy Springs-Roswell, GA",0.565165,
ifa_southatl_merge,30044,ifa,GA,IFA,IFA_05,IFA,,13135,12060,1345488,"IFA Atlanta-Sandy Springs-Roswell, GA",0.0733256,
ifa_southatl_merge,30045,ifa,GA,IFA,IFA_05,IFA,,13135,12060,1321184,"IFA Atlanta-Sandy Springs-Roswell, GA",0.668949,
ifa_southatl_merge,30046,ifa,GA,IFA,IFA_05,IFA,,13135,12060,1345488,"IFA Atlanta-Sandy Springs-Roswell, GA",0.227448,
ifa_southatl_merge,30047,ifa,GA,IFA,IFA_05,IFA,,13135,12060,1346356,"IFA Atlanta-Sandy Springs-Roswell, GA",0.0456589,
ifa_southatl_merge,30052,ifa,GA,IFA,IFA_05,IFA,,13297,12060,1347196,"IFA Atlanta-Sandy Springs-Roswell, GA",0.647107,
ifa_southatl_merge,30054,ifa,GA,IFA,IFA_05,IFA,,13217,12060,1358744,"IFA Atlanta-Sandy Springs-Roswell, GA",0.0,no cell in the extract: territory at zero opportunity
ifa_southatl_merge,30055,ifa,GA,IFA,IFA_05,IFA,,13217,12060,1349616,"IFA Atlanta-Sandy Springs-Roswell, GA",0.0,no cell in the extract: territory at zero opportunity
ifa_southatl_merge,30056,ifa,GA,IFA,IFA_05,IFA,,13159,12060,1354656,"IFA Atlanta-Sandy Springs-Roswell, GA",0.0,no cell in the extract: territory at zero opportunity
ifa_southatl_merge,30058,ifa,GA,IFA,IFA_05,IFA,,13089,12060,1373784,"IFA Atlanta-Sandy Springs-Roswell, GA",0.0,no cell in the extract: territory at zero opportunity
ifa_southatl_merge,30060,ifa,GA,IFA,IFA_05,IFA,,13067,12060,1349756,"IFA Atlanta-Sandy Springs-Roswell, GA",10.2141,
ifa_southatl_merge,30062,ifa,GA,IFA,IFA_05,IFA,,13067,12060,1349756,"IFA Atlanta-Sandy Springs-Roswell, GA",11.091,
ifa_southatl_merge,30064,ifa,GA,IFA,IFA_05,IFA,,13067,12060,1349756,"IFA Atlanta-Sandy Springs-Roswell, GA",10.2204,
ifa_southatl_merge,30066,ifa,GA,IFA,IFA_05,IFA,,13067,12060,1349756,"IFA Atlanta-Sandy Springs-Roswell, GA",3.33014,
ifa_southatl_merge,30067,ifa,GA,IFA,IFA_05,IFA,,13067,12060,1349756,"IFA Atlanta-Sandy Springs-Roswell, GA",4.19755,
ifa_southatl_merge,30068,ifa,GA,IFA,IFA_05,IFA,,13067,12060,1349756,"IFA Atlanta-Sandy Springs-Roswell, GA",9.78433,
ifa_southatl_merge,30070,ifa,GA,IFA,IFA_05,IFA,,13217,12060,1362244,"IFA Atlanta-Sandy Springs-Roswell, GA",0.0,no cell in the extract: territory at zero opportunity
ifa_southatl_merge,30071,ifa,GA,IFA,IFA_05,IFA,,13135,12060,1355776,"IFA Atlanta-Sandy Springs-Roswell, GA",0.482663,
ifa_southatl_merge,30072,ifa,GA,IFA,IFA_05,IFA,,13089,12060,1361040,"IFA Atlanta-Sandy Springs-Roswell, GA",0.0,no cell in the extract: territory at zero opportunity
ifa_southatl_merge,30075,ifa,GA,IFA,IFA_05,IFA,,13121,12060,1367284,"IFA Atlanta-Sandy Springs-Roswell, GA",6.62131,
ifa_southatl_merge,30076,ifa,GA,IFA,IFA_05,IFA,,13121,12060,1367284,"IFA Atlanta-Sandy Springs-Roswell, GA",17.5063,
ifa_southatl_merge,30078,ifa,GA,IFA,IFA_05,IFA,,13135,12060,1371604,"IFA Atlanta-Sandy Springs-Roswell, GA",0.764381,
ifa_southatl_merge,30079,ifa,GA,IFA,IFA_05,IFA,,13089,12060,1369392,"IFA Atlanta-Sandy Springs-Roswell, GA",0.0,no cell in the extract: territory at zero opportunity
ifa_southatl_merge,30080,ifa,GA,IFA,IFA_05,IFA,,13067,12060,1371492,"IFA Atlanta-Sandy Springs-Roswell, GA",5.88452,
ifa_southatl_merge,30082,ifa,GA,IFA,IFA_05,IFA,,13067,12060,1371492,"IFA Atlanta-Sandy Springs-Roswell, GA",1.19532,
ifa_southatl_merge,30083,ifa,GA,IFA,IFA_05,IFA,,13089,12060,1377652,"IFA Atlanta-Sandy Springs-Roswell, GA",0.0,no cell in the extract: territory at zero opportunity
ifa_southatl_merge,30084,ifa,GA,IFA,IFA_05,IFA,,13089,12060,1377652,"IFA Atlanta-Sandy Springs-Roswell, GA",2.30245,
ifa_southatl_merge,30087,ifa,GA,IFA,IFA_05,IFA,,13089,12060,1377652,"IFA Atlanta-Sandy Springs-Roswell, GA",0.917976,
ifa_southatl_merge,30088,ifa,GA,IFA,IFA_05,IFA,,13089,12060,1363952,"IFA Atlanta-Sandy Springs-Roswell, GA",0.0,no cell in the extract: territory at zero opportunity
ifa_southatl_merge,30090,ifa,GA,IFA,IFA_05,IFA,,13067,12060,1349756,"IFA Atlanta-Sandy Springs-Roswell, GA",0.0,no cell in the extract: territory at zero opportunity
ifa_southatl_merge,30092,ifa,GA,IFA,IFA_05,IFA,,13135,12060,1359735,"IFA Atlanta-Sandy Springs-Roswell, GA",29.8523,
ifa_southatl_merge,30093,ifa,GA,IFA,IFA_05,IFA,,13135,12060,1355776,"IFA Atlanta-Sandy Springs-Roswell, GA",1.51469,
ifa_southatl_merge,30094,ifa,GA,IFA,IFA_05,IFA,,13247,12060,1319336,"IFA Atlanta-Sandy Springs-Roswell, GA",0.164899,
ifa_southatl_merge,30096,ifa,GA,IFA,IFA_05,IFA,,13135,12060,1324600,"IFA Atlanta-Sandy Springs-Roswell, GA",16.0737,
ifa_southatl_merge,30097,ifa,GA,IFA,IFA_05,IFA,,13121,12060,1342425,"IFA Atlanta-Sandy Springs-Roswell, GA",20.8608,
ifa_southatl_merge,30101,ifa,GA,IFA,IFA_05,IFA,,13067,12060,1300408,"IFA Atlanta-Sandy Springs-Roswell, GA",4.22673,
ifa_southatl_merge,30102,ifa,GA,IFA,IFA_05,IFA,,13057,12060,,"IFA Atlanta-Sandy Springs-Roswell, GA",0.539772,
ifa_southatl_merge,30103,ifa,GA,IFA,IFA_05,IFA,,13015,12060,1300436,"IFA Atlanta-Sandy Springs-Roswell, GA",0.0,no cell in the extract: territory at zero opportunity
ifa_southatl_merge,30104,ifa,GA,IFA,IFA_05,IFA,,13233,16340,1302592,"IFA Atlanta-Sandy Springs-Roswell, GA",0.0,no cell in the extract: territory at zero opportunity
ifa_southatl_merge,30105,ifa,GA,IFA,IFA_05,IFA,,13115,40660,,"IFA Atlanta-Sandy Springs-Roswell, GA",0.0,no cell in the extract: territory at zero opportunity
ifa_southatl_merge,30106,ifa,GA,IFA,IFA_05,IFA,,13067,12060,1348288,"IFA Atlanta-Sandy Springs-Roswell, GA",0.0,no cell in the extract: territory at zero opportunity
ifa_southatl_merge,30107,ifa,GA,IFA,IFA_05,IFA,,13057,12060,1305036,"IFA Atlanta-Sandy Springs-Roswell, GA",0.0710167,
ifa_southatl_merge,30108,ifa,GA,IFA,IFA_05,IFA,,13045,12060,1309544,"IFA Atlanta-Sandy Springs-Roswell, GA",0.0,no cell in the extract: territory at zero opportunity
ifa_southatl_merge,30110,ifa,GA,IFA,IFA_05,IFA,,13143,12060,1310132,"IFA Atlanta-Sandy Springs-Roswell, GA",0.0,no cell in the extract: territory at zero opportunity
ifa_southatl_merge,30111,ifa,GA,IFA,IFA_05,IFA,,13067,12060,1304252,"IFA Atlanta-Sandy Springs-Roswell, GA",0.0,no cell in the extract: territory at zero opportunity
ifa_southatl_merge,30113,ifa,GA,IFA,IFA_05,IFA,,13143,12060,1311616,"IFA Atlanta-Sandy Springs-Roswell, GA",0.0,no cell in the extract: territory at zero opportunity
ifa_southatl_merge,30114,ifa,GA,IFA,IFA_05,IFA,,13057,12060,1312988,"IFA Atlanta-Sandy Springs-Roswell, GA",0.706912,
ifa_southatl_merge,30115,ifa,GA,IFA,IFA_05,IFA,,13057,12060,1339524,"IFA Atlanta-Sandy Springs-Roswell, GA",6.54507,
ifa_southatl_merge,30116,ifa,GA,IFA,IFA_05,IFA,,13045,12060,1313492,"IFA Atlanta-Sandy Springs-Roswell, GA",0.736402,
ifa_southatl_merge,30117,ifa,GA,IFA,IFA_05,IFA,,13045,12060,1313492,"IFA Atlanta-Sandy Springs-Roswell, GA",1.8413,
ifa_southatl_merge,30118,ifa,GA,IFA,IFA_05,IFA,,13045,12060,1313492,"IFA Atlanta-Sandy Springs-Roswell, GA",0.0,no cell in the extract: territory at zero opportunity
ifa_southatl_merge,30120,ifa,GA,IFA,IFA_05,IFA,,13015,12060,1313688,"IFA Atlanta-Sandy Springs-Roswell, GA",10.8012,
ifa_southatl_merge,30121,ifa,GA,IFA,IFA_05,IFA,,13015,12060,1313688,"IFA Atlanta-Sandy Springs-Roswell, GA",0.0,no cell in the extract: territory at zero opportunity
ifa_southatl_merge,30122,ifa,GA,IFA,IFA_05,IFA,,13097,12060,1346832,"IFA Atlanta-Sandy Springs-Roswell, GA",0.0,no cell in the extract: territory at zero opportunity
ifa_southatl_merge,30124,ifa,GA,IFA,IFA_05,IFA,,13115,40660,1314108,"IFA Atlanta-Sandy Springs-Roswell, GA",0.0,no cell in the extract: territory at zero opportunity
ifa_southatl_merge,30125,ifa,GA,IFA,IFA_05,IFA,,13233,16340,1314500,"IFA Atlanta-Sandy Springs-Roswell, GA",4.02201,
ifa_southatl_merge,30126,ifa,GA,IFA,IFA_05,IFA,,13067,12060,1348288,"IFA Atlanta-Sandy Springs-Roswell, GA",0.0119318,
ifa_southatl_merge,30127,ifa,GA,IFA,IFA_05,IFA,,13067,12060,1362524,"IFA Atlanta-Sandy Springs-Roswell, GA",0.517069,
ifa_southatl_merge,30132,ifa,GA,IFA,IFA_05,IFA,,13223,12060,1321324,"IFA Atlanta-Sandy Springs-Roswell, GA",0.334758,
ifa_southatl_merge,30134,ifa,GA,IFA,IFA_05,IFA,,13097,12060,1323900,"IFA Atlanta-Sandy Springs-Roswell, GA",0.0,no cell in the extract: territory at zero opportunity
ifa_southatl_merge,30135,ifa,GA,IFA,IFA_05,IFA,,13097,12060,1323900,"IFA Atlanta-Sandy Springs-Roswell, GA",0.0,no cell in the extract: territory at zero opportunity
ifa_southatl_merge,30137,ifa,GA,IFA,IFA_05,IFA,,13015,12060,1327344,"IFA Atlanta-Sandy Springs-Roswell, GA",0.0,no cell in the extract: territory at zero opportunity
ifa_southatl_merge,30139,ifa,GA,IFA,IFA_05,IFA,,13129,15660,1328492,"IFA Atlanta-Sandy Springs-Roswell, GA",0.0,no cell in the extract: territory at zero opportunity
ifa_southatl_merge,30141,ifa,GA,IFA,IFA_05,IFA,,13223,12060,1339076,"IFA Atlanta-Sandy Springs-Roswell, GA",0.0,no cell in the extract: territory at zero opportunity
ifa_southatl_merge,30143,ifa,GA,IFA,IFA_05,IFA,,13227,12060,1341932,"IFA Atlanta-Sandy Springs-Roswell, GA",0.00238635,
ifa_southatl_merge,30144,ifa,GA,IFA,IFA_05,IFA,,13067,12060,1343192,"IFA Atlanta-Sandy Springs-Roswell, GA",17.3865,
ifa_southatl_merge,30145,ifa,GA,IFA,IFA_05,IFA,,13015,12060,1327988,"IFA Atlanta-Sandy Springs-Roswell, GA",0.0,no cell in the extract: territory at zero opportunity
ifa_southatl_merge,30147,ifa,GA,IFA,IFA_05,IFA,,13115,40660,1346580,"IFA Atlanta-Sandy Springs-Roswell, GA",0.0,no cell in the extract: territory at zero opportunity
ifa_southatl_merge,30148,ifa,GA,IFA,IFA_05,IFA,,13085,12060,,"IFA Atlanta-Sandy Springs-Roswell, GA",0.0,no cell in the extract: territory at zero opportunity
ifa_southatl_merge,30149,ifa,GA,IFA,IFA_05,IFA,,13115,40660,1307380,"IFA Atlanta-Sandy Springs-Roswell, GA",0.0,no cell in the extract: territory at zero opportunity
ifa_southatl_merge,30152,ifa,GA,IFA,IFA_05,IFA,,13067,12060,1343192,"IFA Atlanta-Sandy Springs-Roswell, GA",2.97836,
ifa_southatl_merge,30153,ifa,GA,IFA,IFA_05,IFA,,13233,16340,1366276,"IFA Atlanta-Sandy Springs-Roswell, GA",0.0,no cell in the extract: territory at zero opportunity
ifa_southatl_merge,30157,ifa,GA,IFA,IFA_05,IFA,,13223,12060,1321324,"IFA Atlanta-Sandy Springs-Roswell, GA",0.0,no cell in the extract: territory at zero opportunity
ifa_southatl_merge,30161,ifa,GA,IFA,IFA_05,IFA,,13115,40660,1366668,"IFA Atlanta-Sandy Springs-Roswell, GA",3.68435,
ifa_southatl_merge,30165,ifa,GA,IFA,IFA_05,IFA,,13115,40660,1366668,"IFA Atlanta-Sandy Springs-Roswell, GA",2.29186,
ifa_southatl_merge,30168,ifa,GA,IFA,IFA_05,IFA,,13067,12060,1348288,"IFA Atlanta-Sandy Springs-Roswell, GA",0.0,no cell in the extract: territory at zero opportunity
ifa_southatl_merge,30170,ifa,GA,IFA,IFA_05,IFA,,13045,12060,1327708,"IFA Atlanta-Sandy Springs-Roswell, GA",0.0,no cell in the extract: territory at zero opportunity
ifa_southatl_merge,30171,ifa,GA,IFA,IFA_05,IFA,,13015,12060,,"IFA Atlanta-Sandy Springs-Roswell, GA",0.0,no cell in the extract: territory at zero opportunity
ifa_southatl_merge,30173,ifa,GA,IFA,IFA_05,IFA,,13115,40660,1346580,"IFA Atlanta-Sandy Springs-Roswell, GA",0.0,no cell in the extract: territory at zero opportunity
ifa_southatl_merge,30175,ifa,GA,IFA,IFA_05,IFA,,13227,12060,1375272,"IFA Atlanta-Sandy Springs-Roswell, GA",0.0,no cell in the extract: territory at zero opportunity
ifa_southatl_merge,30176,ifa,GA,IFA,IFA_05,IFA,,13143,12060,1375300,"IFA Atlanta-Sandy Springs-Roswell, GA",0.0,no cell in the extract: territory at zero opportunity
ifa_southatl_merge,30177,ifa,GA,IFA,IFA_05,IFA,,13227,12060,1354572,"IFA Atlanta-Sandy Springs-Roswell, GA",0.0,no cell in the extract: territory at zero opportunity
ifa_southatl_merge,30178,ifa,GA,IFA,IFA_05,IFA,,13015,12060,1375664,"IFA Atlanta-Sandy Springs-Roswell, GA",0.0,no cell in the extract: territory at zero opportunity
ifa_southatl_merge,30179,ifa,GA,IFA,IFA_05,IFA,,13045,12060,1375832,"IFA Atlanta-Sandy Springs-Roswell, GA",0.0,no cell in the extract: territory at zero opportunity
ifa_southatl_merge,30180,ifa,GA,IFA,IFA_05,IFA,,13045,12060,1379528,"IFA Atlanta-Sandy Springs-Roswell, GA",0.0,no cell in the extract: territory at zero opportunity
ifa_southatl_merge,30182,ifa,GA,IFA,IFA_05,IFA,,13045,12060,1353620,"IFA Atlanta-Sandy Springs-Roswell, GA",0.0,no cell in the extract: territory at zero opportunity
ifa_southatl_merge,30183,ifa,GA,IFA,IFA_05,IFA,,13057,12060,1379948,"IFA Atlanta-Sandy Springs-Roswell, GA",0.343635,
ifa_southatl_merge,30184,ifa,GA,IFA,IFA_05,IFA,,13015,12060,1313688,"IFA Atlanta-Sandy Springs-Roswell, GA",0.0,no cell in the extract: territory at zero opportunity
ifa_southatl_merge,30185,ifa,GA,IFA,IFA_05,IFA,,13045,12060,1382720,"IFA Atlanta-Sandy Springs-Roswell, GA",0.0,no cell in the extract: territory at zero opportunity
ifa_southatl_merge,30187,ifa,GA,IFA,IFA_05,IFA,,13097,12060,1328548,"IFA Atlanta-Sandy Springs-Roswell, GA",0.146974,
ifa_southatl_merge,30188,ifa,GA,IFA,IFA_05,IFA,,13057,12060,1384176,"IFA Atlanta-Sandy Springs-Roswell, GA",10.4898,
ifa_southatl_merge,30189,ifa,GA,IFA,IFA_05,IFA,,13057,12060,1384176,"IFA Atlanta-Sandy Springs-Roswell, GA",0.546151,
ifa_southatl_merge,30204,ifa,GA,IFA,IFA_05,IFA,,13171,,1305344,"IFA Atlanta-Sandy Springs-Roswell, GA",0.0,no cell in the extract: territory at zero opportunity
ifa_southatl_merge,30205,ifa,GA,IFA,IFA_05,IFA,,13113,12060,1311056,"IFA Atlanta-Sandy Springs-Roswell, GA",0.0,no cell in the extract: territory at zero opportunity
ifa_southatl_merge,30206,ifa,GA,IFA,IFA_05,IFA,,13231,12060,1338866,"IFA Atlanta-Sandy Springs-Roswell, GA",0.0,no cell in the extract: territory at zero opportunity
ifa_southatl_merge,30213,ifa,GA,IFA,IFA_05,IFA,,13121,12060,1372122,"IFA Atlanta-Sandy Springs-Roswell, GA",2.81941,
ifa_southatl_merge,30214,ifa,GA,IFA,IFA_05,IFA,,13113,12060,1328968,"IFA Atlanta-Sandy Springs-Roswell, GA",2.5341,
ifa_southatl_merge,30215,ifa,GA,IFA,IFA_05,IFA,,13113,12060,1328968,"IFA Atlanta-Sandy Springs-Roswell, GA",0.0,no cell in the extract: territory at zero opportunity
ifa_southatl_merge,30216,ifa,GA,IFA,IFA_05,IFA,,13035,12060,1330312,"IFA Atlanta-Sandy Springs-Roswell, GA",0.0,no cell in the extract: territory at zero opportunity
ifa_southatl_merge,30217,ifa,GA,IFA,IFA_05,IFA,,13149,12060,1315026,"IFA Atlanta-Sandy Springs-Roswell, GA",0.0,no cell in the extract: territory at zero opportunity
ifa_southatl_merge,30218,ifa,GA,IFA,IFA_05,IFA,,13199,12060,1332384,"IFA Atlanta-Sandy Springs-Roswell, GA",0.0,no cell in the extract: territory at zero opportunity
ifa_southatl_merge,30220,ifa,GA,IFA,IFA_05,IFA,,13077,12060,1334428,"IFA Atlanta-Sandy Springs-Roswell, GA",0.0,no cell in the extract: territory at zero opportunity
ifa_southatl_merge,30222,ifa,GA,IFA,IFA_05,IFA,,13199,12060,1335016,"IFA Atlanta-Sandy Springs-Roswell, GA",0.0,no cell in the extract: territory at zero opportunity
ifa_southatl_merge,30223,ifa,GA,IFA,IFA_05,IFA,,13255,12060,1335324,"IFA Atlanta-Sandy Springs-Roswell, GA",0.0,no cell in the extract: territory at zero opportunity
ifa_southatl_merge,30224,ifa,GA,IFA,IFA_05,IFA,,13255,12060,1335324,"IFA Atlanta-Sandy Springs-Roswell, GA",3.88996,
ifa_southatl_merge,30228,ifa,GA,IFA,IFA_05,IFA,,13151,12060,1336276,"IFA Atlanta-Sandy Springs-Roswell, GA",0.0,no cell in the extract: territory at zero opportunity
ifa_southatl_merge,30229,ifa,GA,IFA,IFA_05,IFA,,13077,12060,1336528,"IFA Atlanta-Sandy Springs-Roswell, GA",0.0,no cell in the extract: territory at zero opportunity
ifa_southatl_merge,30230,ifa,GA,IFA,IFA_05,IFA,,13285,29300,1339244,"IFA Atlanta-Sandy Springs-Roswell, GA",0.0,no cell in the extract: territory at zero opportunity
ifa_southatl_merge,30233,ifa,GA,IFA,IFA_05,IFA,,13035,12060,1341596,"IFA Atlanta-Sandy Springs-Roswell, GA",0.0,no cell in the extract: territory at zero opportunity
ifa_southatl_merge,30234,ifa,GA,IFA,IFA_05,IFA,,13035,12060,1342156,"IFA Atlanta-Sandy Springs-Roswell, GA",0.0,no cell in the extract: territory at zero opportunity
ifa_southatl_merge,30236,ifa,GA,IFA,IFA_05,IFA,,13063,12060,1342604,"IFA Atlanta-Sandy Springs-Roswell, GA",0.00721633,
ifa_southatl_merge,30238,ifa,GA,IFA,IFA_05,IFA,,13063,12060,1341347,"IFA Atlanta-Sandy Springs-Roswell, GA",0.0,no cell in the extract: territory at zero opportunity
ifa_southatl_merge,30240,ifa,GA,IFA,IFA_05,IFA,,13285,29300,1344340,"IFA Atlanta-Sandy Springs-Roswell, GA",2.59471,
ifa_southatl_merge,30241,ifa,GA,IFA,IFA_05,IFA,,13285,29300,1344340,"IFA Atlanta-Sandy Springs-Roswell, GA",6.66658,
ifa_southatl_merge,30248,ifa,GA,IFA,IFA_05,IFA,,13151,12060,1347140,"IFA Atlanta-Sandy Springs-Roswell, GA",0.151136,
ifa_southatl_merge,30250,ifa,GA,IFA,IFA_05,IFA,,13063,12060,1347616,"IFA Atlanta-Sandy Springs-Roswell, GA",0.0,no cell in the extract: territory at zero opportunity
ifa_southatl_merge,30251,ifa,GA,IFA,IFA_05,IFA,,13199,12060,1348008,"IFA Atlanta-Sandy Springs-Roswell, GA",0.0,no cell in the extract: territory at zero opportunity
ifa_southatl_merge,30252,ifa,GA,IFA,IFA_05,IFA,,13151,12060,1348624,"IFA Atlanta-Sandy Springs-Roswell, GA",0.0,no cell in the extract: territory at zero opportunity
ifa_southatl_merge,30253,ifa,GA,IFA,IFA_05,IFA,,13151,12060,1348624,"IFA Atlanta-Sandy Springs-Roswell, GA",6.17487,
ifa_southatl_merge,30256,ifa,GA,IFA,IFA_05,IFA,,13231,12060,1350596,"IFA Atlanta-Sandy Springs-Roswell, GA",0.0,no cell in the extract: territory at zero opportunity
ifa_southatl_merge,30257,ifa,GA,IFA,IFA_05,IFA,,13171,,1351604,"IFA Atlanta-Sandy Springs-Roswell, GA",0.0,no cell in the extract: territory at zero opportunity
ifa_southatl_merge,30258,ifa,GA,IFA,IFA_05,IFA,,13231,12060,1352108,"IFA Atlanta-Sandy Springs-Roswell, GA",0.0,no cell in the extract: territory at zero opportunity
ifa_southatl_merge,30259,ifa,GA,IFA,IFA_05,IFA,,13077,12060,1352668,"IFA Atlanta-Sandy Springs-Roswell, GA",0.0,no cell in the extract: territory at zero opportunity
ifa_southatl_merge,30260,ifa,GA,IFA,IFA_05,IFA,,13063,12060,1353004,"IFA Atlanta-Sandy Springs-Roswell, GA",0.0,no cell in the extract: territory at zero opportunity
ifa_southatl_merge,30263,ifa,GA,IFA,IFA_05,IFA,,13077,12060,1355020,"IFA Atlanta-Sandy Springs-Roswell, GA",10.2534,
ifa_southatl_merge,30265,ifa,GA,IFA,IFA_05,IFA,,13077,12060,1355020,"IFA Atlanta-Sandy Springs-Roswell, GA",3.4608,
ifa_southatl_merge,30268,ifa,GA,IFA,IFA_05,IFA,,13121,12060,1315552,"IFA Atlanta-Sandy Springs-Roswell, GA",0.956736,
ifa_southatl_merge,30269,ifa,GA,IFA,IFA_05,IFA,,13113,12060,1359724,"IFA Atlanta-Sandy Springs-Roswell, GA",11.0523,
ifa_southatl_merge,30272,ifa,GA,IFA,IFA_05,IFA,,13121,12060,1372122,"IFA Atlanta-Sandy Springs-Roswell, GA",0.0,no cell in the extract: territory at zero opportunity
ifa_southatl_merge,30273,ifa,GA,IFA,IFA_05,IFA,,13063,12060,1373704,"IFA Atlanta-Sandy Springs-Roswell, GA",0.490661,
ifa_southatl_merge,30274,ifa,GA,IFA,IFA_05,IFA,,13063,12060,1365464,"IFA Atlanta-Sandy Springs-Roswell, GA",0.0,no cell in the extract: territory at zero opportunity
ifa_southatl_merge,30275,ifa,GA,IFA,IFA_05,IFA,,13077,12060,,"IFA Atlanta-Sandy Springs-Roswell, GA",0.0,no cell in the extract: territory at zero opportunity
ifa_southatl_merge,30276,ifa,GA,IFA,IFA_05,IFA,,13077,12060,1369672,"IFA Atlanta-Sandy Springs-Roswell, GA",2.58104,
ifa_southatl_merge,30277,ifa,GA,IFA,IFA_05,IFA,,13077,12060,1369980,"IFA Atlanta-Sandy Springs-Roswell, GA",3.75757,
ifa_southatl_merge,30281,ifa,GA,IFA,IFA_05,IFA,,13151,12060,1373704,"IFA Atlanta-Sandy Springs-Roswell, GA",3.68773,
ifa_southatl_merge,30284,ifa,GA,IFA,IFA_05,IFA,,13255,12060,1374572,"IFA Atlanta-Sandy Springs-Roswell, GA",0.0,no cell in the extract: territory at zero opportunity
ifa_southatl_merge,30285,ifa,GA,IFA,IFA_05,IFA,,13293,45580,1376112,"IFA Atlanta-Sandy Springs-Roswell, GA",0.0,no cell in the extract: territory at zero opportunity
ifa_southatl_merge,30286,ifa,GA,IFA,IFA_05,IFA,,13293,45580,1376168,"IFA Atlanta-Sandy Springs-Roswell, GA",0.975198,
ifa_southatl_merge,30288,ifa,GA,IFA,IFA_05,IFA,,13089,12060,1319280,"IFA Atlanta-Sandy Springs-Roswell, GA",0.0,no cell in the extract: territory at zero opportunity
ifa_southatl_merge,30289,ifa,GA,IFA,IFA_05,IFA,,13077,12060,1377764,"IFA Atlanta-Sandy Springs-Roswell, GA",0.0,no cell in the extract: territory at zero opportunity
ifa_southatl_merge,30290,ifa,GA,IFA,IFA_05,IFA,,13113,12060,1378044,"IFA Atlanta-Sandy Springs-Roswell, GA",11.0963,
ifa_southatl_merge,30291,ifa,GA,IFA,IFA_05,IFA,,13121,12060,1378324,"IFA Atlanta-Sandy Springs-Roswell, GA",0.0,no cell in the extract: territory at zero opportunity
ifa_southatl_merge,30292,ifa,GA,IFA,IFA_05,IFA,,13231,12060,1383084,"IFA Atlanta-Sandy Springs-Roswell, GA",0.0,no cell in the extract: territory at zero opportunity
ifa_southatl_merge,30293,ifa,GA,IFA,IFA_05,IFA,,13199,12060,1383896,"IFA Atlanta-Sandy Springs-Roswell, GA",0.0,no cell in the extract: territory at zero opportunity
ifa_southatl_merge,30294,ifa,GA,IFA,IFA_05,IFA,,13089,12060,1330536,"IFA Atlanta-Sandy Springs-Roswell, GA",0.0,no cell in the extract: territory at zero opportunity
ifa_southatl_merge,30295,ifa,GA,IFA,IFA_05,IFA,,13231,12060,1385128,"IFA Atlanta-Sandy Springs-Roswell, GA",0.0,no cell in the extract: territory at zero opportunity
ifa_southatl_merge,30296,ifa,GA,IFA,IFA_05,IFA,,13063,12060,1372122,"IFA Atlanta-Sandy Springs-Roswell, GA",0.0,no cell in the extract: territory at zero opportunity
ifa_southatl_merge,30297,ifa,GA,IFA,IFA_05,IFA,,13063,12060,1330536,"IFA Atlanta-Sandy Springs-Roswell, GA",0.0,no cell in the extract: territory at zero opportunity
ifa_southatl_merge,30303,ifa,GA,IFA,IFA_05,IFA,,13121,12060,1304000,"IFA Atlanta-Sandy Springs-Roswell, GA",0.0,no cell in the extract: territory at zero opportunity
ifa_southatl_merge,30305,ifa,GA,IFA,IFA_05,IFA,,13121,12060,1304000,"IFA Atlanta-Sandy Springs-Roswell, GA",22.9624,
ifa_southatl_merge,30306,ifa,GA,IFA,IFA_05,IFA,,13121,12060,1304000,"IFA Atlanta-Sandy Springs-Roswell, GA",1.17493,
ifa_southatl_merge,30307,ifa,GA,IFA,IFA_05,IFA,,13089,12060,1304000,"IFA Atlanta-Sandy Springs-Roswell, GA",0.138915,
ifa_southatl_merge,30308,ifa,GA,IFA,IFA_05,IFA,,13121,12060,1304000,"IFA Atlanta-Sandy Springs-Roswell, GA",0.0,no cell in the extract: territory at zero opportunity
ifa_southatl_merge,30309,ifa,GA,IFA,IFA_05,IFA,,13121,12060,1304000,"IFA Atlanta-Sandy Springs-Roswell, GA",1.7093,
ifa_southatl_merge,30310,ifa,GA,IFA,IFA_05,IFA,,13121,12060,1304000,"IFA Atlanta-Sandy Springs-Roswell, GA",0.0,no cell in the extract: territory at zero opportunity
ifa_southatl_merge,30311,ifa,GA,IFA,IFA_05,IFA,,13121,12060,1304000,"IFA Atlanta-Sandy Springs-Roswell, GA",0.0,no cell in the extract: territory at zero opportunity
ifa_southatl_merge,30312,ifa,GA,IFA,IFA_05,IFA,,13121,12060,1304000,"IFA Atlanta-Sandy Springs-Roswell, GA",0.0302271,
ifa_southatl_merge,30313,ifa,GA,IFA,IFA_05,IFA,,13121,12060,1304000,"IFA Atlanta-Sandy Springs-Roswell, GA",0.0,no cell in the extract: territory at zero opportunity
ifa_southatl_merge,30314,ifa,GA,IFA,IFA_05,IFA,,13121,12060,1304000,"IFA Atlanta-Sandy Springs-Roswell, GA",0.0,no cell in the extract: territory at zero opportunity
ifa_southatl_merge,30315,ifa,GA,IFA,IFA_05,IFA,,13121,12060,1304000,"IFA Atlanta-Sandy Springs-Roswell, GA",0.0,no cell in the extract: territory at zero opportunity
ifa_southatl_merge,30316,ifa,GA,IFA,IFA_05,IFA,,13089,12060,1304000,"IFA Atlanta-Sandy Springs-Roswell, GA",0.0,no cell in the extract: territory at zero opportunity
ifa_southatl_merge,30317,ifa,GA,IFA,IFA_05,IFA,,13089,12060,1304000,"IFA Atlanta-Sandy Springs-Roswell, GA",0.0,no cell in the extract: territory at zero opportunity
ifa_southatl_merge,30318,ifa,GA,IFA,IFA_05,IFA,,13121,12060,1304000,"IFA Atlanta-Sandy Springs-Roswell, GA",0.0,no cell in the extract: territory at zero opportunity
ifa_southatl_merge,30319,ifa,GA,IFA,IFA_05,IFA,,13089,12060,1310944,"IFA Atlanta-Sandy Springs-Roswell, GA",0.283609,
ifa_southatl_merge,30322,ifa,GA,IFA,IFA_05,IFA,,13089,12060,1304000,"IFA Atlanta-Sandy Springs-Roswell, GA",0.0,no cell in the extract: territory at zero opportunity
ifa_southatl_merge,30324,ifa,GA,IFA,IFA_05,IFA,,13121,12060,1304000,"IFA Atlanta-Sandy Springs-Roswell, GA",0.0,no cell in the extract: territory at zero opportunity
ifa_southatl_merge,30326,ifa,GA,IFA,IFA_05,IFA,,13121,12060,1304000,"IFA Atlanta-Sandy Springs-Roswell, GA",11.7085,
ifa_southatl_merge,30327,ifa,GA,IFA,IFA_05,IFA,,13121,12060,1304000,"IFA Atlanta-Sandy Springs-Roswell, GA",15.8849,
ifa_southatl_merge,30328,ifa,GA,IFA,IFA_05,IFA,,13121,12060,1368516,"IFA Atlanta-Sandy Springs-Roswell, GA",60.7206,
ifa_southatl_merge,30329,ifa,GA,IFA,IFA_05,IFA,,13089,12060,1356168,"IFA Atlanta-Sandy Springs-Roswell, GA",1.17589,
ifa_southatl_merge,30331,ifa,GA,IFA,IFA_05,IFA,,13121,12060,1372122,"IFA Atlanta-Sandy Springs-Roswell, GA",0.0,no cell in the extract: territory at zero opportunity
ifa_southatl_merge,30332,ifa,GA,IFA,IFA_05,IFA,,13121,12060,1304000,"IFA Atlanta-Sandy Springs-Roswell, GA",0.0,no cell in the extract: territory at zero opportunity
ifa_southatl_merge,30334,ifa,GA,IFA,IFA_05,IFA,,13121,12060,1304000,"IFA Atlanta-Sandy Springs-Roswell, GA",0.0,no cell in the extract: territory at zero opportunity
ifa_southatl_merge,30336,ifa,GA,IFA,IFA_05,IFA,,13121,12060,1372122,"IFA Atlanta-Sandy Springs-Roswell, GA",0.0,no cell in the extract: territory at zero opportunity
ifa_southatl_merge,30337,ifa,GA,IFA,IFA_05,IFA,,13121,12060,1317776,"IFA Atlanta-Sandy Springs-Roswell, GA",0.251724,
ifa_southatl_merge,30338,ifa,GA,IFA,IFA_05,IFA,,13089,12060,1324768,"IFA Atlanta-Sandy Springs-Roswell, GA",57.022,
ifa_southatl_merge,30339,ifa,GA,IFA,IFA_05,IFA,,13067,12060,1379612,"IFA Atlanta-Sandy Springs-Roswell, GA",40.1206,
ifa_southatl_merge,30340,ifa,GA,IFA,IFA_05,IFA,,13089,12060,1323536,"IFA Atlanta-Sandy Springs-Roswell, GA",0.0,no cell in the extract: territory at zero opportunity
ifa_southatl_merge,30341,ifa,GA,IFA,IFA_05,IFA,,13089,12060,1315172,"IFA Atlanta-Sandy Springs-Roswell, GA",3.90403,
ifa_southatl_merge,30342,ifa,GA,IFA,IFA_05,IFA,,13121,12060,1368516,"IFA Atlanta-Sandy Springs-Roswell, GA",16.7432,
ifa_southatl_merge,30344,ifa,GA,IFA,IFA_05,IFA,,13121,12060,1325720,"IFA Atlanta-Sandy Springs-Roswell, GA",0.0,no cell in the extract: territory at zero opportunity
ifa_southatl_merge,30345,ifa,GA,IFA,IFA_05,IFA,,13089,12060,1315172,"IFA Atlanta-Sandy Springs-Roswell, GA",0.177646,
ifa_southatl_merge,30346,ifa,GA,IFA,IFA_05,IFA,,13089,12060,1324768,"IFA Atlanta-Sandy Springs-Roswell, GA",10.633,
ifa_southatl_merge,30349,ifa,GA,IFA,IFA_05,IFA,,13121,12060,1372122,"IFA Atlanta-Sandy Springs-Roswell, GA",1.79173,
ifa_southatl_merge,30350,ifa,GA,IFA,IFA_05,IFA,,13121,12060,1368516,"IFA Atlanta-Sandy Springs-Roswell, GA",5.29197,
ifa_southatl_merge,30354,ifa,GA,IFA,IFA_05,IFA,,13121,12060,1304000,"IFA Atlanta-Sandy Springs-Roswell, GA",0.583702,
ifa_southatl_merge,30360,ifa,GA,IFA,IFA_05,IFA,,13089,12060,1323536,"IFA Atlanta-Sandy Springs-Roswell, GA",0.0,no cell in the extract: territory at zero opportunity
ifa_southatl_merge,30363,ifa,GA,IFA,IFA_05,IFA,,13121,12060,1304000,"IFA Atlanta-Sandy Springs-Roswell, GA",0.255748,
ifa_southatl_merge,30401,ifa,GA,IFA,IFA_05,IFA,,13107,,1374964,"IFA Atlanta-Sandy Springs-Roswell, GA",0.0,no cell in the extract: territory at zero opportunity
ifa_southatl_merge,30410,ifa,GA,IFA,IFA_05,IFA,,13209,47080,1338348,"IFA Atlanta-Sandy Springs-Roswell, GA",0.0,no cell in the extract: territory at zero opportunity
ifa_southatl_merge,30411,ifa,GA,IFA,IFA_05,IFA,,13309,,1300996,"IFA Atlanta-Sandy Springs-Roswell, GA",0.0,no cell in the extract: territory at zero opportunity
ifa_southatl_merge,30412,ifa,GA,IFA,IFA_05,IFA,,13209,47080,1301808,"IFA Atlanta-Sandy Springs-Roswell, GA",0.0,no cell in the extract: territory at zero opportunity
ifa_southatl_merge,30413,ifa,GA,IFA,IFA_05,IFA,,13163,,1305680,"IFA Atlanta-Sandy Springs-Roswell, GA",0.0,no cell in the extract: territory at zero opportunity
ifa_southatl_merge,30414,ifa,GA,IFA,IFA_05,IFA,,13109,44340,1306688,"IFA Atlanta-Sandy Springs-Roswell, GA",0.0,no cell in the extract: territory at zero opportunity
ifa_southatl_merge,30415,ifa,GA,IFA,IFA_05,IFA,,13031,44340,1311000,"IFA Atlanta-Sandy Springs-Roswell, GA",0.0,no cell in the extract: territory at zero opportunity
ifa_southatl_merge,30417,ifa,GA,IFA,IFA_05,IFA,,13109,44340,1336024,"IFA Atlanta-Sandy Springs-Roswell, GA",0.0,no cell in the extract: territory at zero opportunity
ifa_southatl_merge,30420,ifa,GA,IFA,IFA_05,IFA,,13043,,1317272,"IFA Atlanta-Sandy Springs-Roswell, GA",0.0,no cell in the extract: territory at zero opportunity
ifa_southatl_merge,30421,ifa,GA,IFA,IFA_05,IFA,,13267,,1317832,"IFA Atlanta-Sandy Springs-Roswell, GA",0.0,no cell in the extract: territory at zero opportunity
ifa_southatl_merge,30423,ifa,GA,IFA,IFA_05,IFA,,13109,44340,1321268,"IFA Atlanta-Sandy Springs-Roswell, GA",0.0,no cell in the extract: territory at zero opportunity
ifa_southatl_merge,30425,ifa,GA,IFA,IFA_05,IFA,,13107,,1332188,"IFA Atlanta-Sandy Springs-Roswell, GA",0.0,no cell in the extract: territory at zero opportunity
ifa_southatl_merge,30426,ifa,GA,IFA,IFA_05,IFA,,13033,12260,1332916,"IFA Atlanta-Sandy Springs-Roswell, GA",0.0,no cell in the extract: territory at zero opportunity
ifa_southatl_merge,30427,ifa,GA,IFA,IFA_05,IFA,,13267,,1333336,"IFA Atlanta-Sandy Springs-Roswell, GA",0.0,no cell in the extract: territory at zero opportunity
ifa_southatl_merge,30428,ifa,GA,IFA,IFA_05,IFA,,13309,,1333392,"IFA Atlanta-Sandy Springs-Roswell, GA",0.0,no cell in the extract: territory at zero opportunity
ifa_southatl_merge,30429,ifa,GA,IFA,IFA_05,IFA,,13109,44340,1336024,"IFA Atlanta-Sandy Springs-Roswell, GA",0.0,no cell in the extract: territory at zero opportunity
ifa_southatl_merge,30434,ifa,GA,IFA,IFA_05,IFA,,13163,,1347560,"IFA Atlanta-Sandy Springs-Roswell, GA",0.0,no cell in the extract: territory at zero opportunity
ifa_southatl_merge,30436,ifa,GA,IFA,IFA_05,IFA,,13279,47080,1348232,"IFA Atlanta-Sandy Springs-Roswell, GA",0.0,no cell in the extract: territory at zero opportunity
ifa_southatl_merge,30439,ifa,GA,IFA,IFA_05,IFA,,13043,,1351072,"IFA Atlanta-Sandy Springs-Roswell, GA",0.0,no cell in the extract: territory at zero opportunity
ifa_southatl_merge,30441,ifa,GA,IFA,IFA_05,IFA,,13107,,1351240,"IFA Atlanta-Sandy Springs-Roswell, GA",0.0,no cell in the extract: territory at zero opportunity
ifa_southatl_merge,30442,ifa,GA,IFA,IFA_05,IFA,,13165,,1351520,"IFA Atlanta-Sandy Springs-Roswell, GA",0.0,no cell in the extract: territory at zero opportunity
ifa_southatl_merge,30445,ifa,GA,IFA,IFA_05,IFA,,13209,47080,1353508,"IFA Atlanta-Sandy Springs-Roswell, GA",0.0,no cell in the extract: territory at zero opportunity
ifa_southatl_merge,30446,ifa,GA,IFA,IFA_05,IFA,,13251,,1354992,"IFA Atlanta-Sandy Springs-Roswell, GA",0.0,no cell in the extract: territory at zero opportunity
ifa_southatl_merge,30448,ifa,GA,IFA,IFA_05,IFA,,13107,,1356644,"IFA Atlanta-Sandy Springs-Roswell, GA",0.0,no cell in the extract: territory at zero opportunity
ifa_southatl_merge,30449,ifa,GA,IFA,IFA_05,IFA,,13251,,1358100,"IFA Atlanta-Sandy Springs-Roswell, GA",0.0,no cell in the extract: territory at zero opportunity
ifa_southatl_merge,30450,ifa,GA,IFA,IFA_05,IFA,,13031,44340,1362216,"IFA Atlanta-Sandy Springs-Roswell, GA",0.0,no cell in the extract: territory at zero opportunity
ifa_southatl_merge,30451,ifa,GA,IFA,IFA_05,IFA,,13043,,1363000,"IFA Atlanta-Sandy Springs-Roswell, GA",0.0,no cell in the extract: territory at zero opportunity
ifa_southatl_merge,30452,ifa,GA,IFA,IFA_05,IFA,,13031,44340,1364372,"IFA Atlanta-Sandy Springs-Roswell, GA",0.0,no cell in the extract: territory at zero opportunity
ifa_southatl_merge,30453,ifa,GA,IFA,IFA_05,IFA,,13267,,1364512,"IFA Atlanta-Sandy Springs-Roswell, GA",0.0,no cell in the extract: territory at zero opportunity
ifa_southatl_merge,30454,ifa,GA,IFA,IFA_05,IFA,,13175,20140,,"IFA Atlanta-Sandy Springs-Roswell, GA",0.0,no cell in the extract: territory at zero opportunity
ifa_southatl_merge,30455,ifa,GA,IFA,IFA_05,IFA,,13251,,1366444,"IFA Atlanta-Sandy Springs-Roswell, GA",0.0,no cell in the extract: territory at zero opportunity
ifa_southatl_merge,30456,ifa,GA,IFA,IFA_05,IFA,,13033,12260,1368740,"IFA Atlanta-Sandy Springs-Roswell, GA",0.0,no cell in the extract: territory at zero opportunity
ifa_southatl_merge,30457,ifa,GA,IFA,IFA_05,IFA,,13283,,1371772,"IFA Atlanta-Sandy Springs-Roswell, GA",0.0,no cell in the extract: territory at zero opportunity
ifa_southatl_merge,30458,ifa,GA,IFA,IFA_05,IFA,,13031,44340,1373256,"IFA Atlanta-Sandy Springs-Roswell, GA",1.81503,
ifa_southatl_merge,30460,ifa,GA,IFA,IFA_05,IFA,,13031,44340,1373256,"IFA Atlanta-Sandy Springs-Roswell, GA",0.0,no cell in the extract: territory at zero opportunity
ifa_southatl_merge,30461,ifa,GA,IFA,IFA_05,IFA,,13031,44340,1373256,"IFA Atlanta-Sandy Springs-Roswell, GA",0.0,no cell in the extract: territory at zero opportunity
ifa_southatl_merge,30464,ifa,GA,IFA,IFA_05,IFA,,13107,,1373620,"IFA Atlanta-Sandy Springs-Roswell, GA",0.0,no cell in the extract: territory at zero opportunity
ifa_southatl_merge,30467,ifa,GA,IFA,IFA_05,IFA,,13251,,1375160,"IFA Atlanta-Sandy Springs-Roswell, GA",0.230681,
ifa_southatl_merge,30470,ifa,GA,IFA,IFA_05,IFA,,13209,47080,1375496,"IFA Atlanta-Sandy Springs-Roswell, GA",0.0,no cell in the extract: territory at zero opportunity
ifa_southatl_merge,30471,ifa,GA,IFA,IFA_05,IFA,,13107,,1377988,"IFA Atlanta-Sandy Springs-Roswell, GA",0.0,no cell in the extract: territory at zero opportunity
ifa_southatl_merge,30473,ifa,GA,IFA,IFA_05,IFA,,13279,47080,1378744,"IFA Atlanta-Sandy Springs-Roswell, GA",0.0,no cell in the extract: territory at zero opportunity
ifa_southatl_merge,30474,ifa,GA,IFA,IFA_05,IFA,,13279,47080,1379388,"IFA Atlanta-Sandy Springs-Roswell, GA",0.511553,
ifa_southatl_merge,30477,ifa,GA,IFA,IFA_05,IFA,,13163,,1379864,"IFA Atlanta-Sandy Springs-Roswell, GA",0.0,no cell in the extract: territory at zero opportunity
ifa_southatl_merge,30501,ifa,GA,IFA,IFA_05,IFA,,13139,23580,1331908,"IFA Atlanta-Sandy Springs-Roswell, GA",7.16651,
ifa_southatl_merge,30504,ifa,GA,IFA,IFA_05,IFA,,13139,23580,1331908,"IFA Atlanta-Sandy Springs-Roswell, GA",0.0,no cell in the extract: territory at zero opportunity
ifa_southatl_merge,30506,ifa,GA,IFA,IFA_05,IFA,,13139,23580,1331908,"IFA Atlanta-Sandy Springs-Roswell, GA",0.0,no cell in the extract: territory at zero opportunity
ifa_southatl_merge,30507,ifa,GA,IFA,IFA_05,IFA,,13139,23580,1331908,"IFA Atlanta-Sandy Springs-Roswell, GA",0.0,no cell in the extract: territory at zero opportunity
ifa_southatl_merge,30510,ifa,GA,IFA,IFA_05,IFA,,13011,,1363588,"IFA Atlanta-Sandy Springs-Roswell, GA",0.0,no cell in the extract: territory at zero opportunity
ifa_southatl_merge,30511,ifa,GA,IFA,IFA_05,IFA,,13011,,1304980,"IFA Atlanta-Sandy Springs-Roswell, GA",0.0,no cell in the extract: territory at zero opportunity
ifa_southatl_merge,30512,ifa,GA,IFA,IFA_05,IFA,,13291,,1308480,"IFA Atlanta-Sandy Springs-Roswell, GA",1.31268,
ifa_southatl_merge,30513,ifa,GA,IFA,IFA_05,IFA,,13111,,1308928,"IFA Atlanta-Sandy Springs-Roswell, GA",2.8766,
ifa_southatl_merge,30516,ifa,GA,IFA,IFA_05,IFA,,13147,,1309656,"IFA Atlanta-Sandy Springs-Roswell, GA",0.0,no cell in the extract: territory at zero opportunity
ifa_southatl_merge,30517,ifa,GA,IFA,IFA_05,IFA,,13157,27600,1310076,"IFA Atlanta-Sandy Springs-Roswell, GA",0.091723,
ifa_southatl_merge,30518,ifa,GA,IFA,IFA_05,IFA,,13135,12060,1311784,"IFA Atlanta-Sandy Springs-Roswell, GA",0.489337,
ifa_southatl_merge,30519,ifa,GA,IFA,IFA_05,IFA,,13135,12060,1353706,"IFA Atlanta-Sandy Springs-Roswell, GA",2.1515,
ifa_southatl_merge,30520,ifa,GA,IFA,IFA_05,IFA,,13147,,1312932,"IFA Atlanta-Sandy Springs-Roswell, GA",0.0,no cell in the extract: territory at zero opportunity
ifa_southatl_merge,30521,ifa,GA,IFA,IFA_05,IFA,,13119,,1313352,"IFA Atlanta-Sandy Springs-Roswell, GA",0.0,no cell in the extract: territory at zero opportunity
ifa_southatl_merge,30522,ifa,GA,IFA,IFA_05,IFA,,13123,,1315844,"IFA Atlanta-Sandy Springs-Roswell, GA",0.0,no cell in the extract: territory at zero opportunity
ifa_southatl_merge,30523,ifa,GA,IFA,IFA_05,IFA,,13137,18460,1375328,"IFA Atlanta-Sandy Springs-Roswell, GA",0.270948,
ifa_southatl_merge,30525,ifa,GA,IFA,IFA_05,IFA,,13241,,1316656,"IFA Atlanta-Sandy Springs-Roswell, GA",0.250917,
ifa_southatl_merge,30527,ifa,GA,IFA,IFA_05,IFA,,13139,23580,1316796,"IFA Atlanta-Sandy Springs-Roswell, GA",0.0,no cell in the extract: territory at zero opportunity
ifa_southatl_merge,30528,ifa,GA,IFA,IFA_05,IFA,,13311,,1316824,"IFA Atlanta-Sandy Springs-Roswell, GA",0.0,no cell in the extract: territory at zero opportunity
ifa_southatl_merge,30529,ifa,GA,IFA,IFA_05,IFA,,13157,27600,1319112,"IFA Atlanta-Sandy Springs-Roswell, GA",0.0,no cell in the extract: territory at zero opportunity
ifa_southatl_merge,30530,ifa,GA,IFA,IFA_05,IFA,,13011,,1319112,"IFA Atlanta-Sandy Springs-Roswell, GA",0.0,no cell in the extract: territory at zero opportunity
ifa_southatl_merge,30531,ifa,GA,IFA,IFA_05,IFA,,13137,18460,1319728,"IFA Atlanta-Sandy Springs-Roswell, GA",0.0,no cell in the extract: territory at zero opportunity
ifa_southatl_merge,30533,ifa,GA,IFA,IFA_05,IFA,,13187,12060,1321240,"IFA Atlanta-Sandy Springs-Roswell, GA",0.279044,
ifa_southatl_merge,30534,ifa,GA,IFA,IFA_05,IFA,,13085,12060,1321940,"IFA Atlanta-Sandy Springs-Roswell, GA",2.07507,
ifa_southatl_merge,30535,ifa,GA,IFA,IFA_05,IFA,,13137,18460,1322304,"IFA Atlanta-Sandy Springs-Roswell, GA",0.0,no cell in the extract: territory at zero opportunity
ifa_southatl_merge,30536,ifa,GA,IFA,IFA_05,IFA,,13123,,1325356,"IFA Atlanta-Sandy Springs-Roswell, GA",0.0,no cell in the extract: territory at zero opportunity
ifa_southatl_merge,30537,ifa,GA,IFA,IFA_05,IFA,,13241,,1371282,"IFA Atlanta-Sandy Springs-Roswell, GA",0.0,no cell in the extract: territory at zero opportunity
ifa_southatl_merge,30538,ifa,GA,IFA,IFA_05,IFA,,13257,45740,1376756,"IFA Atlanta-Sandy Springs-Roswell, GA",0.0,no cell in the extract: territory at zero opportunity
ifa_southatl_merge,30539,ifa,GA,IFA,IFA_05,IFA,,13123,,1325356,"IFA Atlanta-Sandy Springs-Roswell, GA",0.0,no cell in the extract: territory at zero opportunity
ifa_southatl_merge,30540,ifa,GA,IFA,IFA_05,IFA,,13123,,1327092,"IFA Atlanta-Sandy Springs-Roswell, GA",0.0,no cell in the extract: territory at zero opportunity
ifa_southatl_merge,30541,ifa,GA,IFA,IFA_05,IFA,,13111,,1327736,"IFA Atlanta-Sandy Springs-Roswell, GA",0.0,no cell in the extract: territory at zero opportunity
ifa_southatl_merge,30542,ifa,GA,IFA,IFA_05,IFA,,13139,23580,1330340,"IFA Atlanta-Sandy Springs-Roswell, GA",0.0,no cell in the extract: territory at zero opportunity
ifa_southatl_merge,30543,ifa,GA,IFA,IFA_05,IFA,,13139,23580,1332860,"IFA Atlanta-Sandy Springs-Roswell, GA",0.0,no cell in the extract: territory at zero opportunity
ifa_southatl_merge,30545,ifa,GA,IFA,IFA_05,IFA,,13311,,1337788,"IFA Atlanta-Sandy Springs-Roswell, GA",0.0,no cell in the extract: territory at zero opportunity
ifa_southatl_merge,30546,ifa,GA,IFA,IFA_05,IFA,,13281,,1338124,"IFA Atlanta-Sandy Springs-Roswell, GA",2.69094,
ifa_southatl_merge,30547,ifa,GA,IFA,IFA_05,IFA,,13011,,1339720,"IFA Atlanta-Sandy Springs-Roswell, GA",0.0,no cell in the extract: territory at zero opportunity
ifa_southatl_merge,30548,ifa,GA,IFA,IFA_05,IFA,,13157,27600,1340056,"IFA Atlanta-Sandy Springs-Roswell, GA",0.0182412,
ifa_southatl_merge,30549,ifa,GA,IFA,IFA_05,IFA,,13157,27600,1341988,"IFA Atlanta-Sandy Springs-Roswell, GA",0.0,no cell in the extract: territory at zero opportunity
ifa_southatl_merge,30552,ifa,GA,IFA,IFA_05,IFA,,13241,,1375328,"IFA Atlanta-Sandy Springs-Roswell, GA",0.0,no cell in the extract: territory at zero opportunity
ifa_southatl_merge,30553,ifa,GA,IFA,IFA_05,IFA,,13119,,1335814,"IFA Atlanta-Sandy Springs-Roswell, GA",2.28925,
ifa_southatl_merge,30554,ifa,GA,IFA,IFA_05,IFA,,13139,23580,1347896,"IFA Atlanta-Sandy Springs-Roswell, GA",0.0,no cell in the extract: territory at zero opportunity
ifa_southatl_merge,30555,ifa,GA,IFA,IFA_05,IFA,,13111,,1348428,"IFA Atlanta-Sandy Springs-Roswell, GA",0.0,no cell in the extract: territory at zero opportunity
ifa_southatl_merge,30557,ifa,GA,IFA,IFA_05,IFA,,13119,,1350008,"IFA Atlanta-Sandy Springs-Roswell, GA",0.0,no cell in the extract: territory at zero opportunity
ifa_southatl_merge,30558,ifa,GA,IFA,IFA_05,IFA,,13157,27600,1350484,"IFA Atlanta-Sandy Springs-Roswell, GA",0.0,no cell in the extract: territory at zero opportunity
ifa_southatl_merge,30559,ifa,GA,IFA,IFA_05,IFA,,13111,,1351744,"IFA Atlanta-Sandy Springs-Roswell, GA",0.0,no cell in the extract: territory at zero opportunity
ifa_southatl_merge,30560,ifa,GA,IFA,IFA_05,IFA,,13111,,1352724,"IFA Atlanta-Sandy Springs-Roswell, GA",0.0,no cell in the extract: territory at zero opportunity
ifa_southatl_merge,30562,ifa,GA,IFA,IFA_05,IFA,,13241,,1353116,"IFA Atlanta-Sandy Springs-Roswell, GA",0.0,no cell in the extract: territory at zero opportunity
ifa_southatl_merge,30563,ifa,GA,IFA,IFA_05,IFA,,13137,18460,1353284,"IFA Atlanta-Sandy Springs-Roswell, GA",0.0,no cell in the extract: territory at zero opportunity
ifa_southatl_merge,30564,ifa,GA,IFA,IFA_05,IFA,,13139,23580,,"IFA Atlanta-Sandy Springs-Roswell, GA",0.0,no cell in the extract: territory at zero opportunity
ifa_southatl_merge,30565,ifa,GA,IFA,IFA_05,IFA,,13157,27600,1355468,"IFA Atlanta-Sandy Springs-Roswell, GA",0.0,no cell in the extract: territory at zero opportunity
ifa_southatl_merge,30566,ifa,GA,IFA,IFA_05,IFA,,13139,23580,1357260,"IFA Atlanta-Sandy Springs-Roswell, GA",0.0,no cell in the extract: territory at zero opportunity
ifa_southatl_merge,30567,ifa,GA,IFA,IFA_05,IFA,,13157,27600,1360032,"IFA Atlanta-Sandy Springs-Roswell, GA",0.0,no cell in the extract: territory at zero opportunity
ifa_southatl_merge,30568,ifa,GA,IFA,IFA_05,IFA,,13241,,1353116,"IFA Atlanta-Sandy Springs-Roswell, GA",0.0,no cell in the extract: territory at zero opportunity
ifa_southatl_merge,30571,ifa,GA,IFA,IFA_05,IFA,,13311,,1368880,"IFA Atlanta-Sandy Springs-Roswell, GA",0.0,no cell in the extract: territory at zero opportunity
ifa_southatl_merge,30572,ifa,GA,IFA,IFA_05,IFA,,13291,,,"IFA Atlanta-Sandy Springs-Roswell, GA",0.0,no cell in the extract: territory at zero opportunity
ifa_southatl_merge,30573,ifa,GA,IFA,IFA_05,IFA,,13241,,1375328,"IFA Atlanta-Sandy Springs-Roswell, GA",0.0,no cell in the extract: territory at zero opportunity
ifa_southatl_merge,30575,ifa,GA,IFA,IFA_05,IFA,,13157,27600,1375412,"IFA Atlanta-Sandy Springs-Roswell, GA",0.0,no cell in the extract: territory at zero opportunity
ifa_southatl_merge,30576,ifa,GA,IFA,IFA_05,IFA,,13241,,1376504,"IFA Atlanta-Sandy Springs-Roswell, GA",0.0,no cell in the extract: territory at zero opportunity
ifa_southatl_merge,30577,ifa,GA,IFA,IFA_05,IFA,,13257,45740,1376756,"IFA Atlanta-Sandy Springs-Roswell, GA",0.0598131,
ifa_southatl_merge,30581,ifa,GA,IFA,IFA_05,IFA,,13241,,,"IFA Atlanta-Sandy Springs-Roswell, GA",0.0,no cell in the extract: territory at zero opportunity
ifa_southatl_merge,30582,ifa,GA,IFA,IFA_05,IFA,,13281,,1384960,"IFA Atlanta-Sandy Springs-Roswell, GA",0.0,no cell in the extract: territory at zero opportunity
ifa_southatl_merge,30597,ifa,GA,IFA,IFA_05,IFA,,13187,12060,1321240,"IFA Atlanta-Sandy Springs-Roswell, GA",0.0,no cell in the extract: territory at zero opportunity
ifa_southatl_merge,30598,ifa,GA,IFA,IFA_05,IFA,,13257,45740,,"IFA Atlanta-Sandy Springs-Roswell, GA",0.0,no cell in the extract: territory at zero opportunity
ifa_southatl_merge,30601,ifa,GA,IFA,IFA_05,IFA,,13059,12020,1303440,"IFA Atlanta-Sandy Springs-Roswell, GA",0.199619,
ifa_southatl_merge,30602,ifa,GA,IFA,IFA_05,IFA,,13059,12020,1303440,"IFA Atlanta-Sandy Springs-Roswell, GA",0.0,no cell in the extract: territory at zero opportunity
ifa_southatl_merge,30605,ifa,GA,IFA,IFA_05,IFA,,13059,12020,1303440,"IFA Atlanta-Sandy Springs-Roswell, GA",5.05876,
ifa_southatl_merge,30606,ifa,GA,IFA,IFA_05,IFA,,13059,12020,1303440,"IFA Atlanta-Sandy Springs-Roswell, GA",4.17834,
ifa_southatl_merge,30607,ifa,GA,IFA,IFA_05,IFA,,13157,27600,1303440,"IFA Atlanta-Sandy Springs-Roswell, GA",0.0,no cell in the extract: territory at zero opportunity
ifa_southatl_merge,30609,ifa,GA,IFA,IFA_05,IFA,,13059,12020,1303440,"IFA Atlanta-Sandy Springs-Roswell, GA",0.0,no cell in the extract: territory at zero opportunity
ifa_southatl_merge,30619,ifa,GA,IFA,IFA_05,IFA,,13221,12020,1303124,"IFA Atlanta-Sandy Springs-Roswell, GA",0.0,no cell in the extract: territory at zero opportunity
ifa_southatl_merge,30620,ifa,GA,IFA,IFA_05,IFA,,13013,12060,1307612,"IFA Atlanta-Sandy Springs-Roswell, GA",0.0,no cell in the extract: territory at zero opportunity
ifa_southatl_merge,30621,ifa,GA,IFA,IFA_05,IFA,,13219,12020,1356308,"IFA Atlanta-Sandy Springs-Roswell, GA",0.0,no cell in the extract: territory at zero opportunity
ifa_southatl_merge,30622,ifa,GA,IFA,IFA_05,IFA,,13219,12020,1303440,"IFA Atlanta-Sandy Springs-Roswell, GA",1.34789,
ifa_southatl_merge,30623,ifa,GA,IFA,IFA_05,IFA,,13211,12060,1309488,"IFA Atlanta-Sandy Springs-Roswell, GA",0.0,no cell in the extract: territory at zero opportunity
ifa_southatl_merge,30624,ifa,GA,IFA,IFA_05,IFA,,13105,,1309712,"IFA Atlanta-Sandy Springs-Roswell, GA",0.0,no cell in the extract: territory at zero opportunity
ifa_southatl_merge,30625,ifa,GA,IFA,IFA_05,IFA,,13211,12060,1311672,"IFA Atlanta-Sandy Springs-Roswell, GA",0.0,no cell in the extract: territory at zero opportunity
ifa_southatl_merge,30627,ifa,GA,IFA,IFA_05,IFA,,13221,12020,1313212,"IFA Atlanta-Sandy Springs-Roswell, GA",0.0,no cell in the extract: territory at zero opportunity
ifa_southatl_merge,30628,ifa,GA,IFA,IFA_05,IFA,,13195,12020,1317552,"IFA Atlanta-Sandy Springs-Roswell, GA",0.0,no cell in the extract: territory at zero opportunity
ifa_southatl_merge,30629,ifa,GA,IFA,IFA_05,IFA,,13195,12020,1319084,"IFA Atlanta-Sandy Springs-Roswell, GA",0.0,no cell in the extract: territory at zero opportunity
ifa_southatl_merge,30630,ifa,GA,IFA,IFA_05,IFA,,13221,12020,1320288,"IFA Atlanta-Sandy Springs-Roswell, GA",0.0,no cell in the extract: territory at zero opportunity
ifa_southatl_merge,30631,ifa,GA,IFA,IFA_05,IFA,,13265,,1320316,"IFA Atlanta-Sandy Springs-Roswell, GA",0.0,no cell in the extract: territory at zero opportunity
ifa_southatl_merge,30633,ifa,GA,IFA,IFA_05,IFA,,13195,12020,1321632,"IFA Atlanta-Sandy Springs-Roswell, GA",0.0,no cell in the extract: territory at zero opportunity
ifa_southatl_merge,30634,ifa,GA,IFA,IFA_05,IFA,,13105,,1322724,"IFA Atlanta-Sandy Springs-Roswell, GA",0.0,no cell in the extract: territory at zero opportunity
ifa_southatl_merge,30635,ifa,GA,IFA,IFA_05,IFA,,13105,,1326616,"IFA Atlanta-Sandy Springs-Roswell, GA",0.567382,
ifa_southatl_merge,30639,ifa,GA,IFA,IFA_05,IFA,,13119,,1331320,"IFA Atlanta-Sandy Springs-Roswell, GA",0.0,no cell in the extract: territory at zero opportunity
ifa_southatl_merge,30641,ifa,GA,IFA,IFA_05,IFA,,13297,12060,1333896,"IFA Atlanta-Sandy Springs-Roswell, GA",0.0,no cell in the extract: territory at zero opportunity
ifa_southatl_merge,30642,ifa,GA,IFA,IFA_05,IFA,,13133,,1334876,"IFA Atlanta-Sandy Springs-Roswell, GA",6.21554,
ifa_southatl_merge,30643,ifa,GA,IFA,IFA_05,IFA,,13147,,1364288,"IFA Atlanta-Sandy Springs-Roswell, GA",1.40243,
ifa_southatl_merge,30646,ifa,GA,IFA,IFA_05,IFA,,13195,12020,1340532,"IFA Atlanta-Sandy Springs-Roswell, GA",0.0,no cell in the extract: territory at zero opportunity
ifa_southatl_merge,30648,ifa,GA,IFA,IFA_05,IFA,,13221,12020,1346188,"IFA Atlanta-Sandy Springs-Roswell, GA",0.0,no cell in the extract: territory at zero opportunity
ifa_southatl_merge,30650,ifa,GA,IFA,IFA_05,IFA,,13211,12060,1349196,"IFA Atlanta-Sandy Springs-Roswell, GA",1.03644,
ifa_southatl_merge,30655,ifa,GA,IFA,IFA_05,IFA,,13297,12060,1352192,"IFA Atlanta-Sandy Springs-Roswell, GA",1.82137,
ifa_southatl_merge,30656,ifa,GA,IFA,IFA_05,IFA,,13297,12060,1352192,"IFA Atlanta-Sandy Springs-Roswell, GA",3.30366,
ifa_southatl_merge,30660,ifa,GA,IFA,IFA_05,IFA,,13317,,1363756,"IFA Atlanta-Sandy Springs-Roswell, GA",0.0,no cell in the extract: territory at zero opportunity
ifa_southatl_merge,30662,ifa,GA,IFA,IFA_05,IFA,,13119,,1367452,"IFA Atlanta-Sandy Springs-Roswell, GA",0.0,no cell in the extract: territory at zero opportunity
ifa_southatl_merge,30663,ifa,GA,IFA,IFA_05,IFA,,13211,12060,1367760,"IFA Atlanta-Sandy Springs-Roswell, GA",0.0,no cell in the extract: territory at zero opportunity
ifa_southatl_merge,30664,ifa,GA,IFA,IFA_05,IFA,,13265,,1369896,"IFA Atlanta-Sandy Springs-Roswell, GA",0.0,no cell in the extract: territory at zero opportunity
ifa_southatl_merge,30665,ifa,GA,IFA,IFA_05,IFA,,13133,,1370932,"IFA Atlanta-Sandy Springs-Roswell, GA",0.0,no cell in the extract: territory at zero opportunity
ifa_southatl_merge,30666,ifa,GA,IFA,IFA_05,IFA,,13013,12060,1373312,"IFA Atlanta-Sandy Springs-Roswell, GA",0.0780392,
ifa_southatl_merge,30667,ifa,GA,IFA,IFA_05,IFA,,13221,12020,1350260,"IFA Atlanta-Sandy Springs-Roswell, GA",0.0,no cell in the extract: territory at zero opportunity
ifa_southatl_merge,30668,ifa,GA,IFA,IFA_05,IFA,,13317,,1376532,"IFA Atlanta-Sandy Springs-Roswell, GA",0.0,no cell in the extract: territory at zero opportunity
ifa_southatl_merge,30669,ifa,GA,IFA,IFA_05,IFA,,13133,,1384260,"IFA Atlanta-Sandy Springs-Roswell, GA",0.0335841,
ifa_southatl_merge,30673,ifa,GA,IFA,IFA_05,IFA,,13317,,1380704,"IFA Atlanta-Sandy Springs-Roswell, GA",0.0,no cell in the extract: territory at zero opportunity
ifa_southatl_merge,30677,ifa,GA,IFA,IFA_05,IFA,,13219,12020,1380788,"IFA Atlanta-Sandy Springs-Roswell, GA",22.3625,
ifa_southatl_merge,30678,ifa,GA,IFA,IFA_05,IFA,,13133,,1382692,"IFA Atlanta-Sandy Springs-Roswell, GA",0.0,no cell in the extract: territory at zero opportunity
ifa_southatl_merge,30680,ifa,GA,IFA,IFA_05,IFA,,13013,12060,1383420,"IFA Atlanta-Sandy Springs-Roswell, GA",3.50099,
ifa_southatl_merge,30683,ifa,GA,IFA,IFA_05,IFA,,13221,12020,1303440,"IFA Atlanta-Sandy Springs-Roswell, GA",0.0,no cell in the extract: territory at zero opportunity
ifa_southatl_merge,30701,ifa,GA,IFA,IFA_05,IFA,,13129,15660,1312456,"IFA Atlanta-Sandy Springs-Roswell, GA",0.586767,
ifa_southatl_merge,30705,ifa,GA,IFA,IFA_05,IFA,,13213,19140,1315508,"IFA Atlanta-Sandy Springs-Roswell, GA",0.0,no cell in the extract: territory at zero opportunity
ifa_southatl_merge,30707,ifa,GA,IFA,IFA_05,IFA,,13295,16860,1315984,"IFA Atlanta-Sandy Springs-Roswell, GA",0.0,no cell in the extract: territory at zero opportunity
ifa_southatl_merge,30708,ifa,GA,IFA,IFA_05,IFA,,13213,19140,,"IFA Atlanta-Sandy Springs-Roswell, GA",0.0,no cell in the extract: territory at zero opportunity
ifa_southatl_merge,30710,ifa,GA,IFA,IFA_05,IFA,,13313,19140,1317496,"IFA Atlanta-Sandy Springs-Roswell, GA",0.0,no cell in the extract: territory at zero opportunity
ifa_southatl_merge,30711,ifa,GA,IFA,IFA_05,IFA,,13213,19140,,"IFA Atlanta-Sandy Springs-Roswell, GA",0.0,no cell in the extract: territory at zero opportunity
ifa_southatl_merge,30720,ifa,GA,IFA,IFA_05,IFA,,13313,19140,1321380,"IFA Atlanta-Sandy Springs-Roswell, GA",8.60395,
ifa_southatl_merge,30721,ifa,GA,IFA,IFA_05,IFA,,13313,19140,1321380,"IFA Atlanta-Sandy Springs-Roswell, GA",0.785703,
ifa_southatl_merge,30724,ifa,GA,IFA,IFA_05,IFA,,13213,19140,1327932,"IFA Atlanta-Sandy Springs-Roswell, GA",0.0,no cell in the extract: territory at zero opportunity
ifa_southatl_merge,30725,ifa,GA,IFA,IFA_05,IFA,,13295,16860,1315585,"IFA Atlanta-Sandy Springs-Roswell, GA",0.0,no cell in the extract: territory at zero opportunity
ifa_southatl_merge,30726,ifa,GA,IFA,IFA_05,IFA,,13047,16860,,"IFA Atlanta-Sandy Springs-Roswell, GA",0.0,no cell in the extract: territory at zero opportunity
ifa_southatl_merge,30728,ifa,GA,IFA,IFA_05,IFA,,13295,16860,1344312,"IFA Atlanta-Sandy Springs-Roswell, GA",0.0,no cell in the extract: territory at zero opportunity
ifa_southatl_merge,30730,ifa,GA,IFA,IFA_05,IFA,,13055,44900,1348092,"IFA Atlanta-Sandy Springs-Roswell, GA",0.0,no cell in the extract: territory at zero opportunity
ifa_southatl_merge,30731,ifa,GA,IFA,IFA_05,IFA,,13055,44900,1350848,"IFA Atlanta-Sandy Springs-Roswell, GA",0.0,no cell in the extract: territory at zero opportunity
ifa_southatl_merge,30733,ifa,GA,IFA,IFA_05,IFA,,13129,15660,1361684,"IFA Atlanta-Sandy Springs-Roswell, GA",0.0,no cell in the extract: territory at zero opportunity
ifa_southatl_merge,30734,ifa,GA,IFA,IFA_05,IFA,,13129,15660,1363560,"IFA Atlanta-Sandy Springs-Roswell, GA",0.0,no cell in the extract: territory at zero opportunity
ifa_southatl_merge,30735,ifa,GA,IFA,IFA_05,IFA,,13129,15660,1364736,"IFA Atlanta-Sandy Springs-Roswell, GA",0.0,no cell in the extract: territory at zero opportunity
ifa_southatl_merge,30736,ifa,GA,IFA,IFA_05,IFA,,13047,16860,1365324,"IFA Atlanta-Sandy Springs-Roswell, GA",0.0,no cell in the extract: territory at zero opportunity
ifa_southatl_merge,30738,ifa,GA,IFA,IFA_05,IFA,,13083,16860,1381488,"IFA Atlanta-Sandy Springs-Roswell, GA",0.0,no cell in the extract: territory at zero opportunity
ifa_southatl_merge,30739,ifa,GA,IFA,IFA_05,IFA,,13295,16860,1366304,"IFA Atlanta-Sandy Springs-Roswell, GA",0.0,no cell in the extract: territory at zero opportunity
ifa_southatl_merge,30740,ifa,GA,IFA,IFA_05,IFA,,13313,19140,1321380,"IFA Atlanta-Sandy Springs-Roswell, GA",0.0,no cell in the extract: territory at zero opportunity
ifa_southatl_merge,30741,ifa,GA,IFA,IFA_05,IFA,,13295,16860,1328632,"IFA Atlanta-Sandy Springs-Roswell, GA",0.0,no cell in the extract: territory at zero opportunity
ifa_southatl_merge,30742,ifa,GA,IFA,IFA_05,IFA,,13047,16860,1330956,"IFA Atlanta-Sandy Springs-Roswell, GA",0.0,no cell in the extract: territory at zero opportunity
ifa_southatl_merge,30746,ifa,GA,IFA,IFA_05,IFA,,13129,15660,,"IFA Atlanta-Sandy Springs-Roswell, GA",0.0,no cell in the extract: territory at zero opportunity
ifa_southatl_merge,30747,ifa,GA,IFA,IFA_05,IFA,,13055,44900,1374376,"IFA Atlanta-Sandy Springs-Roswell, GA",0.0,no cell in the extract: territory at zero opportunity
ifa_southatl_merge,30750,ifa,GA,IFA,IFA_05,IFA,,13295,16860,1347336,"IFA Atlanta-Sandy Springs-Roswell, GA",0.0,no cell in the extract: territory at zero opportunity
ifa_southatl_merge,30751,ifa,GA,IFA,IFA_05,IFA,,13213,19140,,"IFA Atlanta-Sandy Springs-Roswell, GA",0.0,no cell in the extract: territory at zero opportunity
ifa_southatl_merge,30752,ifa,GA,IFA,IFA_05,IFA,,13083,16860,1377372,"IFA Atlanta-Sandy Springs-Roswell, GA",0.0,no cell in the extract: territory at zero opportunity
ifa_southatl_merge,30753,ifa,GA,IFA,IFA_05,IFA,,13055,44900,1377540,"IFA Atlanta-Sandy Springs-Roswell, GA",0.0,no cell in the extract: territory at zero opportunity
ifa_southatl_merge,30755,ifa,GA,IFA,IFA_05,IFA,,13313,19140,1377736,"IFA Atlanta-Sandy Springs-Roswell, GA",0.0,no cell in the extract: territory at zero opportunity
ifa_southatl_merge,30756,ifa,GA,IFA,IFA_05,IFA,,13313,19140,1378996,"IFA Atlanta-Sandy Springs-Roswell, GA",0.0,no cell in the extract: territory at zero opportunity
ifa_southatl_merge,30757,ifa,GA,IFA,IFA_05,IFA,,13083,16860,1382916,"IFA Atlanta-Sandy Springs-Roswell, GA",0.0,no cell in the extract: territory at zero opportunity
ifa_southatl_merge,30802,ifa,GA,IFA,IFA_05,IFA,,13073,12260,1302536,"IFA Atlanta-Sandy Springs-Roswell, GA",0.0,no cell in the extract: territory at zero opportunity
ifa_southatl_merge,30803,ifa,GA,IFA,IFA_05,IFA,,13163,,1304448,"IFA Atlanta-Sandy Springs-Roswell, GA",0.0,no cell in the extract: territory at zero opportunity
ifa_southatl_merge,30805,ifa,GA,IFA,IFA_05,IFA,,13245,12260,1304204,"IFA Atlanta-Sandy Springs-Roswell, GA",0.0,no cell in the extract: territory at zero opportunity
ifa_southatl_merge,30807,ifa,GA,IFA,IFA_05,IFA,,13301,,1312512,"IFA Atlanta-Sandy Springs-Roswell, GA",0.0,no cell in the extract: territory at zero opportunity
ifa_southatl_merge,30808,ifa,GA,IFA,IFA_05,IFA,,13189,12260,1322024,"IFA Atlanta-Sandy Springs-Roswell, GA",0.0,no cell in the extract: territory at zero opportunity
ifa_southatl_merge,30809,ifa,GA,IFA,IFA_05,IFA,,13073,12260,1328044,"IFA Atlanta-Sandy Springs-Roswell, GA",1.37777,
ifa_southatl_merge,30810,ifa,GA,IFA,IFA_05,IFA,,13125,,1332748,"IFA Atlanta-Sandy Springs-Roswell, GA",0.0,no cell in the extract: territory at zero opportunity
ifa_southatl_merge,30812,ifa,GA,IFA,IFA_05,IFA,,13245,12260,1304204,"IFA Atlanta-Sandy Springs-Roswell, GA",0.0,no cell in the extract: territory at zero opportunity
ifa_southatl_merge,30813,ifa,GA,IFA,IFA_05,IFA,,13073,12260,1335716,"IFA Atlanta-Sandy Springs-Roswell, GA",1.56042,
ifa_southatl_merge,30814,ifa,GA,IFA,IFA_05,IFA,,13073,12260,1336696,"IFA Atlanta-Sandy Springs-Roswell, GA",0.0,no cell in the extract: territory at zero opportunity
ifa_southatl_merge,30815,ifa,GA,IFA,IFA_05,IFA,,13245,12260,1304204,"IFA Atlanta-Sandy Springs-Roswell, GA",0.0,no cell in the extract: territory at zero opportunity
ifa_southatl_merge,30816,ifa,GA,IFA,IFA_05,IFA,,13033,12260,1343360,"IFA Atlanta-Sandy Springs-Roswell, GA",0.0,no cell in the extract: territory at zero opportunity
ifa_southatl_merge,30817,ifa,GA,IFA,IFA_05,IFA,,13181,12260,1346552,"IFA Atlanta-Sandy Springs-Roswell, GA",0.0974853,
ifa_southatl_merge,30818,ifa,GA,IFA,IFA_05,IFA,,13163,,1350176,"IFA Atlanta-Sandy Springs-Roswell, GA",0.0,no cell in the extract: territory at zero opportunity
ifa_southatl_merge,30820,ifa,GA,IFA,IFA_05,IFA,,13125,,1351968,"IFA Atlanta-Sandy Springs-Roswell, GA",0.0,no cell in the extract: territory at zero opportunity
ifa_southatl_merge,30821,ifa,GA,IFA,IFA_05,IFA,,13301,,1356560,"IFA Atlanta-Sandy Springs-Roswell, GA",0.0,no cell in the extract: territory at zero opportunity
ifa_southatl_merge,30822,ifa,GA,IFA,IFA_05,IFA,,13165,,1360312,"IFA Atlanta-Sandy Springs-Roswell, GA",0.0,no cell in the extract: territory at zero opportunity
ifa_southatl_merge,30823,ifa,GA,IFA,IFA_05,IFA,,13163,,1373004,"IFA Atlanta-Sandy Springs-Roswell, GA",0.0,no cell in the extract: territory at zero opportunity
ifa_southatl_merge,30824,ifa,GA,IFA,IFA_05,IFA,,13189,12260,1376280,"IFA Atlanta-Sandy Springs-Roswell, GA",0.0,no cell in the extract: territory at zero opportunity
ifa_southatl_merge,30828,ifa,GA,IFA,IFA_05,IFA,,13301,,1380592,"IFA Atlanta-Sandy Springs-Roswell, GA",0.0,no cell in the extract: territory at zero opportunity
ifa_southatl_merge,30830,ifa,GA,IFA,IFA_05,IFA,,13033,12260,1380984,"IFA Atlanta-Sandy Springs-Roswell, GA",0.165454,
ifa_southatl_merge,30833,ifa,GA,IFA,IFA_05,IFA,,13163,,1384456,"IFA Atlanta-Sandy Springs-Roswell, GA",0.0,no cell in the extract: territory at zero opportunity
ifa_southatl_merge,30901,ifa,GA,IFA,IFA_05,IFA,,13245,12260,1304204,"IFA Atlanta-Sandy Springs-Roswell, GA",7.28326,
ifa_southatl_merge,30904,ifa,GA,IFA,IFA_05,IFA,,13245,12260,1304204,"IFA Atlanta-Sandy Springs-Roswell, GA",1.55094,
ifa_southatl_merge,30905,ifa,GA,IFA,IFA_05,IFA,,13245,12260,1304204,"IFA Atlanta-Sandy Springs-Roswell, GA",0.0,no cell in the extract: territory at zero opportunity
ifa_southatl_merge,30906,ifa,GA,IFA,IFA_05,IFA,,13245,12260,1304204,"IFA Atlanta-Sandy Springs-Roswell, GA",0.0,no cell in the extract: territory at zero opportunity
ifa_southatl_merge,30907,ifa,GA,IFA,IFA_05,IFA,,13073,12260,1350036,"IFA Atlanta-Sandy Springs-Roswell, GA",11.1497,
ifa_southatl_merge,30909,ifa,GA,IFA,IFA_05,IFA,,13245,12260,1304204,"IFA Atlanta-Sandy Springs-Roswell, GA",2.84575,
ifa_southatl_merge,30912,ifa,GA,IFA,IFA_05,IFA,,13245,12260,1304204,"IFA Atlanta-Sandy Springs-Roswell, GA",0.0,no cell in the extract: territory at zero opportunity
ifa_southatl_merge,31001,ifa,GA,IFA,IFA_05,IFA,,13315,,1300184,"IFA Atlanta-Sandy Springs-Roswell, GA",0.0,no cell in the extract: territory at zero opportunity
ifa_southatl_merge,31002,ifa,GA,IFA,IFA_05,IFA,,13107,,1300660,"IFA Atlanta-Sandy Springs-Roswell, GA",0.0,no cell in the extract: territory at zero opportunity
ifa_southatl_merge,31003,ifa,GA,IFA,IFA_05,IFA,,13319,,1301500,"IFA Atlanta-Sandy Springs-Roswell, GA",0.0,no cell in the extract: territory at zero opportunity
ifa_southatl_merge,31004,ifa,GA,IFA,IFA_05,IFA,,13207,31420,1309152,"IFA Atlanta-Sandy Springs-Roswell, GA",0.0,no cell in the extract: territory at zero opportunity
ifa_southatl_merge,31005,ifa,GA,IFA,IFA_05,IFA,,13153,47580,1380508,"IFA Atlanta-Sandy Springs-Roswell, GA",0.0,no cell in the extract: territory at zero opportunity
ifa_southatl_merge,31006,ifa,GA,IFA,IFA_05,IFA,,13269,,1312120,"IFA Atlanta-Sandy Springs-Roswell, GA",0.0,no cell in the extract: territory at zero opportunity
ifa_southatl_merge,31007,ifa,GA,IFA,IFA_05,IFA,,13093,,1312232,"IFA Atlanta-Sandy Springs-Roswell, GA",0.0,no cell in the extract: territory at zero opportunity
ifa_southatl_merge,31008,ifa,GA,IFA,IFA_05,IFA,,13225,47580,1312260,"IFA Atlanta-Sandy Springs-Roswell, GA",0.0,no cell in the extract: territory at zero opportunity
ifa_southatl_merge,31009,ifa,GA,IFA,IFA_05,IFA,,13175,20140,1312344,"IFA Atlanta-Sandy Springs-Roswell, GA",0.0,no cell in the extract: territory at zero opportunity
ifa_southatl_merge,31011,ifa,GA,IFA,IFA_05,IFA,,13091,,1315648,"IFA Atlanta-Sandy Springs-Roswell, GA",0.0,no cell in the extract: territory at zero opportunity
ifa_southatl_merge,31012,ifa,GA,IFA,IFA_05,IFA,,13091,,1315900,"IFA Atlanta-Sandy Springs-Roswell, GA",0.0,no cell in the extract: territory at zero opportunity
ifa_southatl_merge,31014,ifa,GA,IFA,IFA_05,IFA,,13023,,1317328,"IFA Atlanta-Sandy Springs-Roswell, GA",0.0,no cell in the extract: territory at zero opportunity
ifa_southatl_merge,31015,ifa,GA,IFA,IFA_05,IFA,,13081,18380,1319616,"IFA Atlanta-Sandy Springs-Roswell, GA",1.83714,
ifa_southatl_merge,31016,ifa,GA,IFA,IFA_05,IFA,,13207,31420,1368129,"IFA Atlanta-Sandy Springs-Roswell, GA",0.0,no cell in the extract: territory at zero opportunity
ifa_southatl_merge,31017,ifa,GA,IFA,IFA_05,IFA,,13319,,1301500,"IFA Atlanta-Sandy Springs-Roswell, GA",0.0,no cell in the extract: territory at zero opportunity
ifa_southatl_merge,31018,ifa,GA,IFA,IFA_05,IFA,,13303,,1321800,"IFA Atlanta-Sandy Springs-Roswell, GA",0.0,no cell in the extract: territory at zero opportunity
ifa_southatl_merge,31019,ifa,GA,IFA,IFA_05,IFA,,13175,20140,1322752,"IFA Atlanta-Sandy Springs-Roswell, GA",0.0,no cell in the extract: territory at zero opportunity
ifa_southatl_merge,31020,ifa,GA,IFA,IFA_05,IFA,,13289,31420,1349008,"IFA Atlanta-Sandy Springs-Roswell, GA",0.0,no cell in the extract: territory at zero opportunity
ifa_southatl_merge,31021,ifa,GA,IFA,IFA_05,IFA,,13175,20140,1324376,"IFA Atlanta-Sandy Springs-Roswell, GA",1.29719,
ifa_southatl_merge,31022,ifa,GA,IFA,IFA_05,IFA,,13175,20140,1324488,"IFA Atlanta-Sandy Springs-Roswell, GA",0.0,no cell in the extract: territory at zero opportunity
ifa_southatl_merge,31023,ifa,GA,IFA,IFA_05,IFA,,13091,,1325552,"IFA Atlanta-Sandy Springs-Roswell, GA",0.0,no cell in the extract: territory at zero opportunity
ifa_southatl_merge,31024,ifa,GA,IFA,IFA_05,IFA,,13237,,1326084,"IFA Atlanta-Sandy Springs-Roswell, GA",0.484263,
ifa_southatl_merge,31025,ifa,GA,IFA,IFA_05,IFA,,13153,47580,,"IFA Atlanta-Sandy Springs-Roswell, GA",0.0,no cell in the extract: territory at zero opportunity
ifa_southatl_merge,31027,ifa,GA,IFA,IFA_05,IFA,,13175,20140,1325300,"IFA Atlanta-Sandy Springs-Roswell, GA",0.0,no cell in the extract: territory at zero opportunity
ifa_southatl_merge,31028,ifa,GA,IFA,IFA_05,IFA,,13153,47580,1314920,"IFA Atlanta-Sandy Springs-Roswell, GA",2.57396,
ifa_southatl_merge,31029,ifa,GA,IFA,IFA_05,IFA,,13207,31420,1330732,"IFA Atlanta-Sandy Springs-Roswell, GA",0.0,no cell in the extract: territory at zero opportunity
ifa_southatl_merge,31030,ifa,GA,IFA,IFA_05,IFA,,13225,47580,1331096,"IFA Atlanta-Sandy Springs-Roswell, GA",0.0,no cell in the extract: territory at zero opportunity
ifa_southatl_merge,31031,ifa,GA,IFA,IFA_05,IFA,,13319,,1333980,"IFA Atlanta-Sandy Springs-Roswell, GA",0.0,no cell in the extract: territory at zero opportunity
ifa_southatl_merge,31032,ifa,GA,IFA,IFA_05,IFA,,13169,31420,1334512,"IFA Atlanta-Sandy Springs-Roswell, GA",0.0,no cell in the extract: territory at zero opportunity
ifa_southatl_merge,31033,ifa,GA,IFA,IFA_05,IFA,,13169,31420,,"IFA Atlanta-Sandy Springs-Roswell, GA",0.0,no cell in the extract: territory at zero opportunity
ifa_southatl_merge,31034,ifa,GA,IFA,IFA_05,IFA,,13009,33300,1336668,"IFA Atlanta-Sandy Springs-Roswell, GA",0.0,no cell in the extract: territory at zero opportunity
ifa_southatl_merge,31035,ifa,GA,IFA,IFA_05,IFA,,13303,,1336920,"IFA Atlanta-Sandy Springs-Roswell, GA",0.0,no cell in the extract: territory at zero opportunity
ifa_southatl_merge,31036,ifa,GA,IFA,IFA_05,IFA,,13235,,1337396,"IFA Atlanta-Sandy Springs-Roswell, GA",0.00286362,
ifa_southatl_merge,31037,ifa,GA,IFA,IFA_05,IFA,,13271,,1349100,"IFA Atlanta-Sandy Springs-Roswell, GA",0.0,no cell in the extract: territory at zero opportunity
ifa_southatl_merge,31038,ifa,GA,IFA,IFA_05,IFA,,13169,31420,,"IFA Atlanta-Sandy Springs-Roswell, GA",0.0,no cell in the extract: territory at zero opportunity
ifa_southatl_merge,31039,ifa,GA,IFA,IFA_05,IFA,,13269,,1340196,"IFA Atlanta-Sandy Springs-Roswell, GA",0.0,no cell in the extract: territory at zero opportunity
ifa_southatl_merge,31041,ifa,GA,IFA,IFA_05,IFA,,13193,,1340812,"IFA Atlanta-Sandy Springs-Roswell, GA",0.0,no cell in the extract: territory at zero opportunity
ifa_southatl_merge,31042,ifa,GA,IFA,IFA_05,IFA,,13319,,1341400,"IFA Atlanta-Sandy Springs-Roswell, GA",0.0,no cell in the extract: territory at zero opportunity
ifa_southatl_merge,31044,ifa,GA,IFA,IFA_05,IFA,,13289,31420,1342100,"IFA Atlanta-Sandy Springs-Roswell, GA",0.0,no cell in the extract: territory at zero opportunity
ifa_southatl_merge,31045,ifa,GA,IFA,IFA_05,IFA,,13141,,,"IFA Atlanta-Sandy Springs-Roswell, GA",0.0,no cell in the extract: territory at zero opportunity
ifa_southatl_merge,31046,ifa,GA,IFA,IFA_05,IFA,,13207,31420,1342772,"IFA Atlanta-Sandy Springs-Roswell, GA",0.0,no cell in the extract: territory at zero opportunity
ifa_southatl_merge,31047,ifa,GA,IFA,IFA_05,IFA,,13153,47580,1380508,"IFA Atlanta-Sandy Springs-Roswell, GA",0.0,no cell in the extract: territory at zero opportunity
ifa_southatl_merge,31049,ifa,GA,IFA,IFA_05,IFA,,13167,20140,1343892,"IFA Atlanta-Sandy Springs-Roswell, GA",0.0,no cell in the extract: territory at zero opportunity
ifa_southatl_merge,31050,ifa,GA,IFA,IFA_05,IFA,,13079,31420,1344060,"IFA Atlanta-Sandy Springs-Roswell, GA",0.0,no cell in the extract: territory at zero opportunity
ifa_southatl_merge,31051,ifa,GA,IFA,IFA_05,IFA,,13093,,1346384,"IFA Atlanta-Sandy Springs-Roswell, GA",0.0,no cell in the extract: territory at zero opportunity
ifa_southatl_merge,31052,ifa,GA,IFA,IFA_05,IFA,,13021,31420,1349008,"IFA Atlanta-Sandy Springs-Roswell, GA",0.0,no cell in the extract: territory at zero opportunity
ifa_southatl_merge,31054,ifa,GA,IFA,IFA_05,IFA,,13319,,1348848,"IFA Atlanta-Sandy Springs-Roswell, GA",0.0,no cell in the extract: territory at zero opportunity
ifa_southatl_merge,31055,ifa,GA,IFA,IFA_05,IFA,,13271,,1349100,"IFA Atlanta-Sandy Springs-Roswell, GA",0.0,no cell in the extract: territory at zero opportunity
ifa_southatl_merge,31057,ifa,GA,IFA,IFA_05,IFA,,13193,,1349924,"IFA Atlanta-Sandy Springs-Roswell, GA",0.0,no cell in the extract: territory at zero opportunity
ifa_southatl_merge,31058,ifa,GA,IFA,IFA_05,IFA,,13269,,,"IFA Atlanta-Sandy Springs-Roswell, GA",0.0,no cell in the extract: territory at zero opportunity
ifa_southatl_merge,31060,ifa,GA,IFA,IFA_05,IFA,,13271,,1351408,"IFA Atlanta-Sandy Springs-Roswell, GA",0.0,no cell in the extract: territory at zero opportunity
ifa_southatl_merge,31061,ifa,GA,IFA,IFA_05,IFA,,13009,33300,1351492,"IFA Atlanta-Sandy Springs-Roswell, GA",1.58913,
ifa_southatl_merge,31062,ifa,GA,IFA,IFA_05,IFA,,13009,33300,1351492,"IFA Atlanta-Sandy Springs-Roswell, GA",0.0,no cell in the extract: territory at zero opportunity
ifa_southatl_merge,31063,ifa,GA,IFA,IFA_05,IFA,,13193,,1352304,"IFA Atlanta-Sandy Springs-Roswell, GA",0.0,no cell in the extract: territory at zero opportunity
ifa_southatl_merge,31064,ifa,GA,IFA,IFA_05,IFA,,13159,12060,1352416,"IFA Atlanta-Sandy Springs-Roswell, GA",0.125043,
ifa_southatl_merge,31065,ifa,GA,IFA,IFA_05,IFA,,13175,20140,1352500,"IFA Atlanta-Sandy Springs-Roswell, GA",0.0,no cell in the extract: territory at zero opportunity
ifa_southatl_merge,31066,ifa,GA,IFA,IFA_05,IFA,,13079,31420,1354012,"IFA Atlanta-Sandy Springs-Roswell, GA",0.0,no cell in the extract: territory at zero opportunity
ifa_southatl_merge,31067,ifa,GA,IFA,IFA_05,IFA,,13303,,1357456,"IFA Atlanta-Sandy Springs-Roswell, GA",0.0,no cell in the extract: territory at zero opportunity
ifa_southatl_merge,31068,ifa,GA,IFA,IFA_05,IFA,,13193,,1357736,"IFA Atlanta-Sandy Springs-Roswell, GA",0.0,no cell in the extract: territory at zero opportunity
ifa_southatl_merge,31069,ifa,GA,IFA,IFA_05,IFA,,13153,47580,1360340,"IFA Atlanta-Sandy Springs-Roswell, GA",0.0,no cell in the extract: territory at zero opportunity
ifa_southatl_merge,31070,ifa,GA,IFA,IFA_05,IFA,,13093,,1360984,"IFA Atlanta-Sandy Springs-Roswell, GA",0.0,no cell in the extract: territory at zero opportunity
ifa_southatl_merge,31071,ifa,GA,IFA,IFA_05,IFA,,13235,,1361320,"IFA Atlanta-Sandy Springs-Roswell, GA",0.0,no cell in the extract: territory at zero opportunity
ifa_southatl_merge,31072,ifa,GA,IFA,IFA_05,IFA,,13315,,1369728,"IFA Atlanta-Sandy Springs-Roswell, GA",0.0,no cell in the extract: territory at zero opportunity
ifa_southatl_merge,31075,ifa,GA,IFA,IFA_05,IFA,,13175,20140,1364680,"IFA Atlanta-Sandy Springs-Roswell, GA",0.0,no cell in the extract: territory at zero opportunity
ifa_southatl_merge,31076,ifa,GA,IFA,IFA_05,IFA,,13269,,1364876,"IFA Atlanta-Sandy Springs-Roswell, GA",0.0,no cell in the extract: territory at zero opportunity
ifa_southatl_merge,31077,ifa,GA,IFA,IFA_05,IFA,,13091,,1364932,"IFA Atlanta-Sandy Springs-Roswell, GA",0.0,no cell in the extract: territory at zero opportunity
ifa_southatl_merge,31078,ifa,GA,IFA,IFA_05,IFA,,13079,31420,1365856,"IFA Atlanta-Sandy Springs-Roswell, GA",0.0,no cell in the extract: territory at zero opportunity
ifa_southatl_merge,31079,ifa,GA,IFA,IFA_05,IFA,,13315,,1366024,"IFA Atlanta-Sandy Springs-Roswell, GA",0.0,no cell in the extract: territory at zero opportunity
ifa_southatl_merge,31081,ifa,GA,IFA,IFA_05,IFA,,13269,,,"IFA Atlanta-Sandy Springs-Roswell, GA",0.0,no cell in the extract: territory at zero opportunity
ifa_southatl_merge,31082,ifa,GA,IFA,IFA_05,IFA,,13303,,1368208,"IFA Atlanta-Sandy Springs-Roswell, GA",1.70186,
ifa_southatl_merge,31083,ifa,GA,IFA,IFA_05,IFA,,13271,,1369336,"IFA Atlanta-Sandy Springs-Roswell, GA",0.0,no cell in the extract: territory at zero opportunity
ifa_southatl_merge,31084,ifa,GA,IFA,IFA_05,IFA,,13315,,1369728,"IFA Atlanta-Sandy Springs-Roswell, GA",0.0,no cell in the extract: territory at zero opportunity
ifa_southatl_merge,31085,ifa,GA,IFA,IFA_05,IFA,,13159,12060,1369784,"IFA Atlanta-Sandy Springs-Roswell, GA",0.0,no cell in the extract: territory at zero opportunity
ifa_southatl_merge,31087,ifa,GA,IFA,IFA_05,IFA,,13141,,1372584,"IFA Atlanta-Sandy Springs-Roswell, GA",0.0,no cell in the extract: territory at zero opportunity
ifa_southatl_merge,31088,ifa,GA,IFA,IFA_05,IFA,,13153,47580,1380508,"IFA Atlanta-Sandy Springs-Roswell, GA",2.92623,
ifa_southatl_merge,31089,ifa,GA,IFA,IFA_05,IFA,,13303,,1375888,"IFA Atlanta-Sandy Springs-Roswell, GA",0.0,no cell in the extract: territory at zero opportunity
ifa_southatl_merge,31090,ifa,GA,IFA,IFA_05,IFA,,13319,,1376952,"IFA Atlanta-Sandy Springs-Roswell, GA",0.0,no cell in the extract: territory at zero opportunity
ifa_southatl_merge,31091,ifa,GA,IFA,IFA_05,IFA,,13093,,1378156,"IFA Atlanta-Sandy Springs-Roswell, GA",0.0,no cell in the extract: territory at zero opportunity
ifa_southatl_merge,31092,ifa,GA,IFA,IFA_05,IFA,,13093,,1379444,"IFA Atlanta-Sandy Springs-Roswell, GA",0.0,no cell in the extract: territory at zero opportunity
ifa_southatl_merge,31093,ifa,GA,IFA,IFA_05,IFA,,13153,47580,1380508,"IFA Atlanta-Sandy Springs-Roswell, GA",0.0,no cell in the extract: territory at zero opportunity
ifa_southatl_merge,31094,ifa,GA,IFA,IFA_05,IFA,,13303,,1380648,"IFA Atlanta-Sandy Springs-Roswell, GA",0.0,no cell in the extract: territory at zero opportunity
ifa_southatl_merge,31096,ifa,GA,IFA,IFA_05,IFA,,13167,20140,1384512,"IFA Atlanta-Sandy Springs-Roswell, GA",0.5138,
ifa_southatl_merge,31097,ifa,GA,IFA,IFA_05,IFA,,13293,45580,1384708,"IFA Atlanta-Sandy Springs-Roswell, GA",0.0,no cell in the extract: territory at zero opportunity
ifa_southatl_merge,31098,ifa,GA,IFA,IFA_05,IFA,,13153,47580,1365968,"IFA Atlanta-Sandy Springs-Roswell, GA",0.0,no cell in the extract: territory at zero opportunity
ifa_southatl_merge,31201,ifa,GA,IFA,IFA_05,IFA,,13021,31420,1349008,"IFA Atlanta-Sandy Springs-Roswell, GA",1.76948,
ifa_southatl_merge,31204,ifa,GA,IFA,IFA_05,IFA,,13021,31420,1349008,"IFA Atlanta-Sandy Springs-Roswell, GA",6.3328,
ifa_southatl_merge,31206,ifa,GA,IFA,IFA_05,IFA,,13021,31420,1349008,"IFA Atlanta-Sandy Springs-Roswell, GA",0.0,no cell in the extract: territory at zero opportunity
ifa_southatl_merge,31207,ifa,GA,IFA,IFA_05,IFA,,13021,31420,1349008,"IFA Atlanta-Sandy Springs-Roswell, GA",0.0,no cell in the extract: territory at zero opportunity
ifa_southatl_merge,31210,ifa,GA,IFA,IFA_05,IFA,,13021,31420,1349008,"IFA Atlanta-Sandy Springs-Roswell, GA",23.0994,
ifa_southatl_merge,31211,ifa,GA,IFA,IFA_05,IFA,,13169,31420,1349008,"IFA Atlanta-Sandy Springs-Roswell, GA",0.0,no cell in the extract: territory at zero opportunity
ifa_southatl_merge,31213,ifa,GA,IFA,IFA_05,IFA,,13021,31420,1349008,"IFA Atlanta-Sandy Springs-Roswell, GA",0.0,no cell in the extract: territory at zero opportunity
ifa_southatl_merge,31216,ifa,GA,IFA,IFA_05,IFA,,13021,31420,1349008,"IFA Atlanta-Sandy Springs-Roswell, GA",0.0,no cell in the extract: territory at zero opportunity
ifa_southatl_merge,31217,ifa,GA,IFA,IFA_05,IFA,,13169,31420,1349008,"IFA Atlanta-Sandy Springs-Roswell, GA",0.0,no cell in the extract: territory at zero opportunity
ifa_southatl_merge,31220,ifa,GA,IFA,IFA_05,IFA,,13021,31420,1349008,"IFA Atlanta-Sandy Springs-Roswell, GA",0.0,no cell in the extract: territory at zero opportunity
ifa_southatl_merge,31301,ifa,GA,IFA,IFA_05,IFA,,13179,25980,1380256,"IFA Atlanta-Sandy Springs-Roswell, GA",0.0,no cell in the extract: territory at zero opportunity
ifa_southatl_merge,31302,ifa,GA,IFA,IFA_05,IFA,,13051,42340,1308844,"IFA Atlanta-Sandy Springs-Roswell, GA",0.0,no cell in the extract: territory at zero opportunity
ifa_southatl_merge,31303,ifa,GA,IFA,IFA_05,IFA,,13103,42340,,"IFA Atlanta-Sandy Springs-Roswell, GA",0.0,no cell in the extract: territory at zero opportunity
ifa_southatl_merge,31305,ifa,GA,IFA,IFA_05,IFA,,13191,15260,1321716,"IFA Atlanta-Sandy Springs-Roswell, GA",0.0,no cell in the extract: territory at zero opportunity
ifa_southatl_merge,31307,ifa,GA,IFA,IFA_05,IFA,,13103,42340,,"IFA Atlanta-Sandy Springs-Roswell, GA",0.0,no cell in the extract: territory at zero opportunity
ifa_southatl_merge,31308,ifa,GA,IFA,IFA_05,IFA,,13029,42340,,"IFA Atlanta-Sandy Springs-Roswell, GA",0.0,no cell in the extract: territory at zero opportunity
ifa_southatl_merge,31309,ifa,GA,IFA,IFA_05,IFA,,13179,25980,,"IFA Atlanta-Sandy Springs-Roswell, GA",0.0,no cell in the extract: territory at zero opportunity
ifa_southatl_merge,31312,ifa,GA,IFA,IFA_05,IFA,,13103,42340,1335884,"IFA Atlanta-Sandy Springs-Roswell, GA",1.87521,
ifa_southatl_merge,31313,ifa,GA,IFA,IFA_05,IFA,,13179,25980,1338964,"IFA Atlanta-Sandy Springs-Roswell, GA",4.78518,
ifa_southatl_merge,31314,ifa,GA,IFA,IFA_05,IFA,,13179,25980,1331068,"IFA Atlanta-Sandy Springs-Roswell, GA",0.0,no cell in the extract: territory at zero opportunity
ifa_southatl_merge,31315,ifa,GA,IFA,IFA_05,IFA,,13179,25980,1331068,"IFA Atlanta-Sandy Springs-Roswell, GA",0.0,no cell in the extract: territory at zero opportunity
ifa_southatl_merge,31316,ifa,GA,IFA,IFA_05,IFA,,13183,25980,1347784,"IFA Atlanta-Sandy Springs-Roswell, GA",0.0,no cell in the extract: territory at zero opportunity
ifa_southatl_merge,31318,ifa,GA,IFA,IFA_05,IFA,,13103,42340,,"IFA Atlanta-Sandy Springs-Roswell, GA",0.0,no cell in the extract: territory at zero opportunity
ifa_southatl_merge,31320,ifa,GA,IFA,IFA_05,IFA,,13179,25980,1351352,"IFA Atlanta-Sandy Springs-Roswell, GA",0.0,no cell in the extract: territory at zero opportunity
ifa_southatl_merge,31321,ifa,GA,IFA,IFA_05,IFA,,13029,42340,1360004,"IFA Atlanta-Sandy Springs-Roswell, GA",0.0,no cell in the extract: territory at zero opportunity
ifa_southatl_merge,31322,ifa,GA,IFA,IFA_05,IFA,,13051,42340,1362104,"IFA Atlanta-Sandy Springs-Roswell, GA",1.58109,
ifa_southatl_merge,31323,ifa,GA,IFA,IFA_05,IFA,,13179,25980,1364960,"IFA Atlanta-Sandy Springs-Roswell, GA",0.0,no cell in the extract: territory at zero opportunity
ifa_southatl_merge,31324,ifa,GA,IFA,IFA_05,IFA,,13029,42340,1365044,"IFA Atlanta-Sandy Springs-Roswell, GA",0.0,no cell in the extract: territory at zero opportunity
ifa_southatl_merge,31326,ifa,GA,IFA,IFA_05,IFA,,13103,42340,1365296,"IFA Atlanta-Sandy Springs-Roswell, GA",1.25694,
ifa_southatl_merge,31327,ifa,GA,IFA,IFA_05,IFA,,13191,15260,,"IFA Atlanta-Sandy Springs-Roswell, GA",0.0,no cell in the extract: territory at zero opportunity
ifa_southatl_merge,31328,ifa,GA,IFA,IFA_05,IFA,,13051,42340,1378036,"IFA Atlanta-Sandy Springs-Roswell, GA",0.0,no cell in the extract: territory at zero opportunity
ifa_southatl_merge,31329,ifa,GA,IFA,IFA_05,IFA,,13103,42340,1372780,"IFA Atlanta-Sandy Springs-Roswell, GA",1.25895,
ifa_southatl_merge,31331,ifa,GA,IFA,IFA_05,IFA,,13191,15260,1321716,"IFA Atlanta-Sandy Springs-Roswell, GA",0.0,no cell in the extract: territory at zero opportunity
ifa_southatl_merge,31333,ifa,GA,IFA,IFA_05,IFA,,13179,25980,1380256,"IFA Atlanta-Sandy Springs-Roswell, GA",0.0,no cell in the extract: territory at zero opportunity
ifa_southatl_merge,31401,ifa,GA,IFA,IFA_05,IFA,,13051,42340,1369000,"IFA Atlanta-Sandy Springs-Roswell, GA",4.25856,
ifa_southatl_merge,31404,ifa,GA,IFA,IFA_05,IFA,,13051,42340,1369000,"IFA Atlanta-Sandy Springs-Roswell, GA",1.2476,
ifa_southatl_merge,31405,ifa,GA,IFA,IFA_05,IFA,,13051,42340,1369000,"IFA Atlanta-Sandy Springs-Roswell, GA",3.52289,
ifa_southatl_merge,31406,ifa,GA,IFA,IFA_05,IFA,,13051,42340,1369000,"IFA Atlanta-Sandy Springs-Roswell, GA",6.06974,
ifa_southatl_merge,31407,ifa,GA,IFA,IFA_05,IFA,,13051,42340,1362328,"IFA Atlanta-Sandy Springs-Roswell, GA",0.0,no cell in the extract: territory at zero opportunity
ifa_southatl_merge,31408,ifa,GA,IFA,IFA_05,IFA,,13051,42340,1332048,"IFA Atlanta-Sandy Springs-Roswell, GA",0.0,no cell in the extract: territory at zero opportunity
ifa_southatl_merge,31409,ifa,GA,IFA,IFA_05,IFA,,13051,42340,1369000,"IFA Atlanta-Sandy Springs-Roswell, GA",0.0,no cell in the extract: territory at zero opportunity
ifa_southatl_merge,31410,ifa,GA,IFA,IFA_05,IFA,,13051,42340,1383168,"IFA Atlanta-Sandy Springs-Roswell, GA",0.683744,
ifa_southatl_merge,31411,ifa,GA,IFA,IFA_05,IFA,,13051,42340,1371184,"IFA Atlanta-Sandy Springs-Roswell, GA",3.07006,
ifa_southatl_merge,31415,ifa,GA,IFA,IFA_05,IFA,,13051,42340,1369000,"IFA Atlanta-Sandy Springs-Roswell, GA",0.0,no cell in the extract: territory at zero opportunity
ifa_southatl_merge,31419,ifa,GA,IFA,IFA_05,IFA,,13051,42340,1369000,"IFA Atlanta-Sandy Springs-Roswell, GA",12.7383,
ifa_southatl_merge,31421,ifa,GA,IFA,IFA_05,IFA,,13051,42340,1369000,"IFA Atlanta-Sandy Springs-Roswell, GA",0.0,no cell in the extract: territory at zero opportunity
ifa_southatl_merge,31501,ifa,GA,IFA,IFA_05,IFA,,13299,48180,1380956,"IFA Atlanta-Sandy Springs-Roswell, GA",0.0,no cell in the extract: territory at zero opportunity
ifa_southatl_merge,31503,ifa,GA,IFA,IFA_05,IFA,,13299,48180,1380956,"IFA Atlanta-Sandy Springs-Roswell, GA",0.0,no cell in the extract: territory at zero opportunity
ifa_southatl_merge,31510,ifa,GA,IFA,IFA_05,IFA,,13005,,1301612,"IFA Atlanta-Sandy Springs-Roswell, GA",0.0,no cell in the extract: territory at zero opportunity
ifa_southatl_merge,31512,ifa,GA,IFA,IFA_05,IFA,,13069,20060,1302060,"IFA Atlanta-Sandy Springs-Roswell, GA",0.0,no cell in the extract: territory at zero opportunity
ifa_southatl_merge,31513,ifa,GA,IFA,IFA_05,IFA,,13001,,1306016,"IFA Atlanta-Sandy Springs-Roswell, GA",0.0,no cell in the extract: territory at zero opportunity
ifa_southatl_merge,31516,ifa,GA,IFA,IFA_05,IFA,,13229,48180,1308284,"IFA Atlanta-Sandy Springs-Roswell, GA",1.52797,
ifa_southatl_merge,31518,ifa,GA,IFA,IFA_05,IFA,,13001,,1310664,"IFA Atlanta-Sandy Springs-Roswell, GA",0.0,no cell in the extract: territory at zero opportunity
ifa_southatl_merge,31519,ifa,GA,IFA,IFA_05,IFA,,13069,20060,1311504,"IFA Atlanta-Sandy Springs-Roswell, GA",0.353375,
ifa_southatl_merge,31520,ifa,GA,IFA,IFA_05,IFA,,13127,15260,1311560,"IFA Atlanta-Sandy Springs-Roswell, GA",1.99858,
ifa_southatl_merge,31522,ifa,GA,IFA,IFA_05,IFA,,13127,15260,1368040,"IFA Atlanta-Sandy Springs-Roswell, GA",12.0646,
ifa_southatl_merge,31523,ifa,GA,IFA,IFA_05,IFA,,13127,15260,1373452,"IFA Atlanta-Sandy Springs-Roswell, GA",0.0,no cell in the extract: territory at zero opportunity
ifa_southatl_merge,31524,ifa,GA,IFA,IFA_05,IFA,,13127,15260,,"IFA Atlanta-Sandy Springs-Roswell, GA",0.0,no cell in the extract: territory at zero opportunity
ifa_southatl_merge,31525,ifa,GA,IFA,IFA_05,IFA,,13127,15260,1319830,"IFA Atlanta-Sandy Springs-Roswell, GA",4.56168,
ifa_southatl_merge,31527,ifa,GA,IFA,IFA_05,IFA,,13127,15260,1342128,"IFA Atlanta-Sandy Springs-Roswell, GA",0.0,no cell in the extract: territory at zero opportunity
ifa_southatl_merge,31532,ifa,GA,IFA,IFA_05,IFA,,13161,,1322388,"IFA Atlanta-Sandy Springs-Roswell, GA",0.0,no cell in the extract: territory at zero opportunity
ifa_southatl_merge,31533,ifa,GA,IFA,IFA_05,IFA,,13069,20060,1323872,"IFA Atlanta-Sandy Springs-Roswell, GA",1.9506,
ifa_southatl_merge,31535,ifa,GA,IFA,IFA_05,IFA,,13069,20060,1323872,"IFA Atlanta-Sandy Springs-Roswell, GA",0.0,no cell in the extract: territory at zero opportunity
ifa_southatl_merge,31537,ifa,GA,IFA,IFA_05,IFA,,13049,,1330424,"IFA Atlanta-Sandy Springs-Roswell, GA",0.0,no cell in the extract: territory at zero opportunity
ifa_southatl_merge,31539,ifa,GA,IFA,IFA_05,IFA,,13161,,1337564,"IFA Atlanta-Sandy Springs-Roswell, GA",0.0,no cell in the extract: territory at zero opportunity
ifa_southatl_merge,31542,ifa,GA,IFA,IFA_05,IFA,,13025,15260,1339216,"IFA Atlanta-Sandy Springs-Roswell, GA",0.0,no cell in the extract: territory at zero opportunity
ifa_southatl_merge,31543,ifa,GA,IFA,IFA_05,IFA,,13025,15260,1340028,"IFA Atlanta-Sandy Springs-Roswell, GA",0.0,no cell in the extract: territory at zero opportunity
ifa_southatl_merge,31544,ifa,GA,IFA,IFA_05,IFA,,13271,,1341708,"IFA Atlanta-Sandy Springs-Roswell, GA",0.0,no cell in the extract: territory at zero opportunity
ifa_southatl_merge,31545,ifa,GA,IFA,IFA_05,IFA,,13305,27700,1342268,"IFA Atlanta-Sandy Springs-Roswell, GA",0.0,no cell in the extract: territory at zero opportunity
ifa_southatl_merge,31546,ifa,GA,IFA,IFA_05,IFA,,13305,27700,1342268,"IFA Atlanta-Sandy Springs-Roswell, GA",0.0,no cell in the extract: territory at zero opportunity
ifa_southatl_merge,31547,ifa,GA,IFA,IFA_05,IFA,,13039,28680,1343580,"IFA Atlanta-Sandy Springs-Roswell, GA",0.0,no cell in the extract: territory at zero opportunity
ifa_southatl_merge,31548,ifa,GA,IFA,IFA_05,IFA,,13039,28680,1343640,"IFA Atlanta-Sandy Springs-Roswell, GA",0.0,no cell in the extract: territory at zero opportunity
ifa_southatl_merge,31549,ifa,GA,IFA,IFA_05,IFA,,13271,,1347952,"IFA Atlanta-Sandy Springs-Roswell, GA",0.0,no cell in the extract: territory at zero opportunity
ifa_southatl_merge,31550,ifa,GA,IFA,IFA_05,IFA,,13299,48180,1349588,"IFA Atlanta-Sandy Springs-Roswell, GA",0.0,no cell in the extract: territory at zero opportunity
ifa_southatl_merge,31551,ifa,GA,IFA,IFA_05,IFA,,13229,48180,1350960,"IFA Atlanta-Sandy Springs-Roswell, GA",0.0,no cell in the extract: territory at zero opportunity
ifa_southatl_merge,31552,ifa,GA,IFA,IFA_05,IFA,,13299,48180,1351576,"IFA Atlanta-Sandy Springs-Roswell, GA",0.0,no cell in the extract: territory at zero opportunity
ifa_southatl_merge,31553,ifa,GA,IFA,IFA_05,IFA,,13025,15260,1354124,"IFA Atlanta-Sandy Springs-Roswell, GA",0.0,no cell in the extract: territory at zero opportunity
ifa_southatl_merge,31554,ifa,GA,IFA,IFA_05,IFA,,13069,20060,1355440,"IFA Atlanta-Sandy Springs-Roswell, GA",0.0,no cell in the extract: territory at zero opportunity
ifa_southatl_merge,31555,ifa,GA,IFA,IFA_05,IFA,,13305,27700,1357540,"IFA Atlanta-Sandy Springs-Roswell, GA",0.0,no cell in the extract: territory at zero opportunity
ifa_southatl_merge,31556,ifa,GA,IFA,IFA_05,IFA,,13229,48180,1357568,"IFA Atlanta-Sandy Springs-Roswell, GA",0.0,no cell in the extract: territory at zero opportunity
ifa_southatl_merge,31557,ifa,GA,IFA,IFA_05,IFA,,13229,48180,1357568,"IFA Atlanta-Sandy Springs-Roswell, GA",0.0,no cell in the extract: territory at zero opportunity
ifa_southatl_merge,31558,ifa,GA,IFA,IFA_05,IFA,,13039,28680,1367984,"IFA Atlanta-Sandy Springs-Roswell, GA",0.0,no cell in the extract: territory at zero opportunity
ifa_southatl_merge,31560,ifa,GA,IFA,IFA_05,IFA,,13305,27700,1369448,"IFA Atlanta-Sandy Springs-Roswell, GA",0.0,no cell in the extract: territory at zero opportunity
ifa_southatl_merge,31561,ifa,GA,IFA,IFA_05,IFA,,13127,15260,,"IFA Atlanta-Sandy Springs-Roswell, GA",0.0,no cell in the extract: territory at zero opportunity
ifa_southatl_merge,31562,ifa,GA,IFA,IFA_05,IFA,,13049,,,"IFA Atlanta-Sandy Springs-Roswell, GA",0.0,no cell in the extract: territory at zero opportunity
ifa_southatl_merge,31563,ifa,GA,IFA,IFA_05,IFA,,13001,,1374852,"IFA Atlanta-Sandy Springs-Roswell, GA",0.0,no cell in the extract: territory at zero opportunity
ifa_southatl_merge,31564,ifa,GA,IFA,IFA_05,IFA,,13299,48180,1380368,"IFA Atlanta-Sandy Springs-Roswell, GA",0.0,no cell in the extract: territory at zero opportunity
ifa_southatl_merge,31565,ifa,GA,IFA,IFA_05,IFA,,13039,28680,1380816,"IFA Atlanta-Sandy Springs-Roswell, GA",0.0,no cell in the extract: territory at zero opportunity
ifa_southatl_merge,31566,ifa,GA,IFA,IFA_05,IFA,,13025,15260,1381012,"IFA Atlanta-Sandy Springs-Roswell, GA",0.0,no cell in the extract: territory at zero opportunity
ifa_southatl_merge,31567,ifa,GA,IFA,IFA_05,IFA,,13069,20060,,"IFA Atlanta-Sandy Springs-Roswell, GA",0.0,no cell in the extract: territory at zero opportunity
ifa_southatl_merge,31568,ifa,GA,IFA,IFA_05,IFA,,13039,28680,1383868,"IFA Atlanta-Sandy Springs-Roswell, GA",0.0,no cell in the extract: territory at zero opportunity
ifa_southatl_merge,31569,ifa,GA,IFA,IFA_05,IFA,,13039,28680,1343640,"IFA Atlanta-Sandy Springs-Roswell, GA",0.0,no cell in the extract: territory at zero opportunity
ifa_southatl_merge,31599,ifa,GA,IFA,IFA_05,IFA,,13305,27700,1342268,"IFA Atlanta-Sandy Springs-Roswell, GA",0.0,no cell in the extract: territory at zero opportunity
ifa_southatl_merge,31601,ifa,GA,IFA,IFA_05,IFA,,13185,46660,1378800,"IFA Atlanta-Sandy Springs-Roswell, GA",0.0,no cell in the extract: territory at zero opportunity
ifa_southatl_merge,31602,ifa,GA,IFA,IFA_05,IFA,,13185,46660,1378800,"IFA Atlanta-Sandy Springs-Roswell, GA",14.8614,
ifa_southatl_merge,31605,ifa,GA,IFA,IFA_05,IFA,,13185,46660,1306968,"IFA Atlanta-Sandy Springs-Roswell, GA",13.1879,
ifa_southatl_merge,31606,ifa,GA,IFA,IFA_05,IFA,,13185,46660,1326156,"IFA Atlanta-Sandy Springs-Roswell, GA",0.0,no cell in the extract: territory at zero opportunity
ifa_southatl_merge,31620,ifa,GA,IFA,IFA_05,IFA,,13075,,1300576,"IFA Atlanta-Sandy Springs-Roswell, GA",0.0415434,
ifa_southatl_merge,31622,ifa,GA,IFA,IFA_05,IFA,,13019,,1301024,"IFA Atlanta-Sandy Springs-Roswell, GA",0.0,no cell in the extract: territory at zero opportunity
ifa_southatl_merge,31623,ifa,GA,IFA,IFA_05,IFA,,13065,,1302844,"IFA Atlanta-Sandy Springs-Roswell, GA",0.0,no cell in the extract: territory at zero opportunity
ifa_southatl_merge,31624,ifa,GA,IFA,IFA_05,IFA,,13003,20060,1304700,"IFA Atlanta-Sandy Springs-Roswell, GA",0.0,no cell in the extract: territory at zero opportunity
ifa_southatl_merge,31625,ifa,GA,IFA,IFA_05,IFA,,13027,46660,1353032,"IFA Atlanta-Sandy Springs-Roswell, GA",0.0,no cell in the extract: territory at zero opportunity
ifa_southatl_merge,31626,ifa,GA,IFA,IFA_05,IFA,,13275,45620,1309460,"IFA Atlanta-Sandy Springs-Roswell, GA",0.0,no cell in the extract: territory at zero opportunity
ifa_southatl_merge,31627,ifa,GA,IFA,IFA_05,IFA,,13075,,1314192,"IFA Atlanta-Sandy Springs-Roswell, GA",0.0,no cell in the extract: territory at zero opportunity
ifa_southatl_merge,31629,ifa,GA,IFA,IFA_05,IFA,,13027,46660,1323060,"IFA Atlanta-Sandy Springs-Roswell, GA",0.0,no cell in the extract: territory at zero opportunity
ifa_southatl_merge,31630,ifa,GA,IFA,IFA_05,IFA,,13065,,1326156,"IFA Atlanta-Sandy Springs-Roswell, GA",0.0,no cell in the extract: territory at zero opportunity
ifa_southatl_merge,31631,ifa,GA,IFA,IFA_05,IFA,,13101,46660,1326156,"IFA Atlanta-Sandy Springs-Roswell, GA",0.0,no cell in the extract: territory at zero opportunity
ifa_southatl_merge,31632,ifa,GA,IFA,IFA_05,IFA,,13185,46660,1336052,"IFA Atlanta-Sandy Springs-Roswell, GA",0.123713,
ifa_southatl_merge,31634,ifa,GA,IFA,IFA_05,IFA,,13065,,1339748,"IFA Atlanta-Sandy Springs-Roswell, GA",0.0,no cell in the extract: territory at zero opportunity
ifa_southatl_merge,31635,ifa,GA,IFA,IFA_05,IFA,,13173,46660,1344592,"IFA Atlanta-Sandy Springs-Roswell, GA",0.0,no cell in the extract: territory at zero opportunity
ifa_southatl_merge,31636,ifa,GA,IFA,IFA_05,IFA,,13101,46660,1326156,"IFA Atlanta-Sandy Springs-Roswell, GA",0.0,no cell in the extract: territory at zero opportunity
ifa_southatl_merge,31637,ifa,GA,IFA,IFA_05,IFA,,13075,,1345936,"IFA Atlanta-Sandy Springs-Roswell, GA",0.0,no cell in the extract: territory at zero opportunity
ifa_southatl_merge,31638,ifa,GA,IFA,IFA_05,IFA,,13027,46660,1353032,"IFA Atlanta-Sandy Springs-Roswell, GA",0.0,no cell in the extract: territory at zero opportunity
ifa_southatl_merge,31639,ifa,GA,IFA,IFA_05,IFA,,13019,,1354264,"IFA Atlanta-Sandy Springs-Roswell, GA",0.0,no cell in the extract: territory at zero opportunity
ifa_southatl_merge,31641,ifa,GA,IFA,IFA_05,IFA,,13185,46660,1354404,"IFA Atlanta-Sandy Springs-Roswell, GA",0.0,no cell in the extract: territory at zero opportunity
ifa_southatl_merge,31642,ifa,GA,IFA,IFA_05,IFA,,13003,20060,1359808,"IFA Atlanta-Sandy Springs-Roswell, GA",0.0,no cell in the extract: territory at zero opportunity
ifa_southatl_merge,31643,ifa,GA,IFA,IFA_05,IFA,,13027,46660,1363224,"IFA Atlanta-Sandy Springs-Roswell, GA",0.0,no cell in the extract: territory at zero opportunity
ifa_southatl_merge,31645,ifa,GA,IFA,IFA_05,IFA,,13019,,1363728,"IFA Atlanta-Sandy Springs-Roswell, GA",0.0,no cell in the extract: territory at zero opportunity
ifa_southatl_merge,31647,ifa,GA,IFA,IFA_05,IFA,,13075,,1372556,"IFA Atlanta-Sandy Springs-Roswell, GA",0.0,no cell in the extract: territory at zero opportunity
ifa_southatl_merge,31648,ifa,GA,IFA,IFA_05,IFA,,13101,46660,1326156,"IFA Atlanta-Sandy Springs-Roswell, GA",0.0,no cell in the extract: territory at zero opportunity
ifa_southatl_merge,31649,ifa,GA,IFA,IFA_05,IFA,,13173,46660,1373760,"IFA Atlanta-Sandy Springs-Roswell, GA",0.0,no cell in the extract: territory at zero opportunity
ifa_southatl_merge,31650,ifa,GA,IFA,IFA_05,IFA,,13003,20060,1382972,"IFA Atlanta-Sandy Springs-Roswell, GA",0.0,no cell in the extract: territory at zero opportunity
ifa_southatl_merge,31698,ifa,GA,IFA,IFA_05,IFA,,13185,46660,1378800,"IFA Atlanta-Sandy Springs-Roswell, GA",0.0,no cell in the extract: territory at zero opportunity
ifa_southatl_merge,31699,ifa,GA,IFA,IFA_05,IFA,,13185,46660,1352556,"IFA Atlanta-Sandy Springs-Roswell, GA",0.0,no cell in the extract: territory at zero opportunity
ifa_southatl_merge,31701,ifa,GA,IFA,IFA_05,IFA,,13095,10500,1301052,"IFA Atlanta-Sandy Springs-Roswell, GA",0.0,no cell in the extract: territory at zero opportunity
ifa_southatl_merge,31704,ifa,GA,IFA,IFA_05,IFA,,13095,10500,,"IFA Atlanta-Sandy Springs-Roswell, GA",0.0,no cell in the extract: territory at zero opportunity
ifa_southatl_merge,31705,ifa,GA,IFA,IFA_05,IFA,,13095,10500,1363084,"IFA Atlanta-Sandy Springs-Roswell, GA",0.0,no cell in the extract: territory at zero opportunity
ifa_southatl_merge,31707,ifa,GA,IFA,IFA_05,IFA,,13095,10500,1301052,"IFA Atlanta-Sandy Springs-Roswell, GA",5.14828,
ifa_southatl_merge,31709,ifa,GA,IFA,IFA_05,IFA,,13261,11140,1302116,"IFA Atlanta-Sandy Springs-Roswell, GA",0.0773507,
ifa_southatl_merge,31711,ifa,GA,IFA,IFA_05,IFA,,13261,11140,1302256,"IFA Atlanta-Sandy Springs-Roswell, GA",0.0,no cell in the extract: territory at zero opportunity
ifa_southatl_merge,31712,ifa,GA,IFA,IFA_05,IFA,,13081,18380,1302564,"IFA Atlanta-Sandy Springs-Roswell, GA",0.0,no cell in the extract: territory at zero opportunity
ifa_southatl_merge,31714,ifa,GA,IFA,IFA_05,IFA,,13287,45700,1303236,"IFA Atlanta-Sandy Springs-Roswell, GA",0.0,no cell in the extract: territory at zero opportunity
ifa_southatl_merge,31716,ifa,GA,IFA,IFA_05,IFA,,13205,,1304840,"IFA Atlanta-Sandy Springs-Roswell, GA",0.0,no cell in the extract: territory at zero opportunity
ifa_southatl_merge,31719,ifa,GA,IFA,IFA_05,IFA,,13261,11140,1302116,"IFA Atlanta-Sandy Springs-Roswell, GA",0.0,no cell in the extract: territory at zero opportunity
ifa_southatl_merge,31720,ifa,GA,IFA,IFA_05,IFA,,13027,46660,1305708,"IFA Atlanta-Sandy Springs-Roswell, GA",0.0,no cell in the extract: territory at zero opportunity
ifa_southatl_merge,31721,ifa,GA,IFA,IFA_05,IFA,,13095,10500,1301052,"IFA Atlanta-Sandy Springs-Roswell, GA",0.825749,
ifa_southatl_merge,31722,ifa,GA,IFA,IFA_05,IFA,,13071,34220,1307304,"IFA Atlanta-Sandy Springs-Roswell, GA",0.0,no cell in the extract: territory at zero opportunity
ifa_southatl_merge,31727,ifa,GA,IFA,IFA_05,IFA,,13277,45700,,"IFA Atlanta-Sandy Springs-Roswell, GA",0.0,no cell in the extract: territory at zero opportunity
ifa_southatl_merge,31730,ifa,GA,IFA,IFA_05,IFA,,13205,,1312624,"IFA Atlanta-Sandy Springs-Roswell, GA",0.0,no cell in the extract: territory at zero opportunity
ifa_southatl_merge,31733,ifa,GA,IFA,IFA_05,IFA,,13155,,,"IFA Atlanta-Sandy Springs-Roswell, GA",0.0,no cell in the extract: territory at zero opportunity
ifa_southatl_merge,31735,ifa,GA,IFA,IFA_05,IFA,,13261,11140,,"IFA Atlanta-Sandy Springs-Roswell, GA",0.0,no cell in the extract: territory at zero opportunity
ifa_southatl_merge,31738,ifa,GA,IFA,IFA_05,IFA,,13275,45620,1319392,"IFA Atlanta-Sandy Springs-Roswell, GA",0.0,no cell in the extract: territory at zero opportunity
ifa_southatl_merge,31743,ifa,GA,IFA,IFA_05,IFA,,13177,10500,1322472,"IFA Atlanta-Sandy Springs-Roswell, GA",0.0,no cell in the extract: territory at zero opportunity
ifa_southatl_merge,31744,ifa,GA,IFA,IFA_05,IFA,,13321,10500,1323284,"IFA Atlanta-Sandy Springs-Roswell, GA",0.0,no cell in the extract: territory at zero opportunity
ifa_southatl_merge,31747,ifa,GA,IFA,IFA_05,IFA,,13071,34220,1327008,"IFA Atlanta-Sandy Springs-Roswell, GA",0.0,no cell in the extract: territory at zero opportunity
ifa_southatl_merge,31749,ifa,GA,IFA,IFA_05,IFA,,13019,,1327596,"IFA Atlanta-Sandy Springs-Roswell, GA",0.0,no cell in the extract: territory at zero opportunity
ifa_southatl_merge,31750,ifa,GA,IFA,IFA_05,IFA,,13017,22340,1329528,"IFA Atlanta-Sandy Springs-Roswell, GA",1.39209,
ifa_southatl_merge,31753,ifa,GA,IFA,IFA_05,IFA,,13071,34220,1331684,"IFA Atlanta-Sandy Springs-Roswell, GA",0.0,no cell in the extract: territory at zero opportunity
ifa_southatl_merge,31756,ifa,GA,IFA,IFA_05,IFA,,13071,34220,,"IFA Atlanta-Sandy Springs-Roswell, GA",0.0,no cell in the extract: territory at zero opportunity
ifa_southatl_merge,31757,ifa,GA,IFA,IFA_05,IFA,,13275,45620,1376224,"IFA Atlanta-Sandy Springs-Roswell, GA",0.0,no cell in the extract: territory at zero opportunity
ifa_southatl_merge,31763,ifa,GA,IFA,IFA_05,IFA,,13177,10500,1345768,"IFA Atlanta-Sandy Springs-Roswell, GA",0.769809,
ifa_southatl_merge,31764,ifa,GA,IFA,IFA_05,IFA,,13261,11140,1346020,"IFA Atlanta-Sandy Springs-Roswell, GA",0.0,no cell in the extract: territory at zero opportunity
ifa_southatl_merge,31765,ifa,GA,IFA,IFA_05,IFA,,13205,,1350680,"IFA Atlanta-Sandy Springs-Roswell, GA",0.0,no cell in the extract: territory at zero opportunity
ifa_southatl_merge,31768,ifa,GA,IFA,IFA_05,IFA,,13071,34220,1353060,"IFA Atlanta-Sandy Springs-Roswell, GA",0.0,no cell in the extract: territory at zero opportunity
ifa_southatl_merge,31771,ifa,GA,IFA,IFA_05,IFA,,13071,34220,1355860,"IFA Atlanta-Sandy Springs-Roswell, GA",0.0,no cell in the extract: territory at zero opportunity
ifa_southatl_merge,31772,ifa,GA,IFA,IFA_05,IFA,,13321,10500,,"IFA Atlanta-Sandy Springs-Roswell, GA",0.0,no cell in the extract: territory at zero opportunity
ifa_southatl_merge,31773,ifa,GA,IFA,IFA_05,IFA,,13275,45620,1357372,"IFA Atlanta-Sandy Springs-Roswell, GA",0.0,no cell in the extract: territory at zero opportunity
ifa_southatl_merge,31774,ifa,GA,IFA,IFA_05,IFA,,13155,,1357428,"IFA Atlanta-Sandy Springs-Roswell, GA",0.0,no cell in the extract: territory at zero opportunity
ifa_southatl_merge,31775,ifa,GA,IFA,IFA_05,IFA,,13071,34220,1358184,"IFA Atlanta-Sandy Springs-Roswell, GA",0.0,no cell in the extract: territory at zero opportunity
ifa_southatl_merge,31778,ifa,GA,IFA,IFA_05,IFA,,13027,46660,1359556,"IFA Atlanta-Sandy Springs-Roswell, GA",0.0,no cell in the extract: territory at zero opportunity
ifa_southatl_merge,31779,ifa,GA,IFA,IFA_05,IFA,,13205,,1359976,"IFA Atlanta-Sandy Springs-Roswell, GA",1.89092,
ifa_southatl_merge,31780,ifa,GA,IFA,IFA_05,IFA,,13261,11140,1381128,"IFA Atlanta-Sandy Springs-Roswell, GA",0.0,no cell in the extract: territory at zero opportunity
ifa_southatl_merge,31781,ifa,GA,IFA,IFA_05,IFA,,13321,10500,1362496,"IFA Atlanta-Sandy Springs-Roswell, GA",0.0,no cell in the extract: territory at zero opportunity
ifa_southatl_merge,31783,ifa,GA,IFA,IFA_05,IFA,,13287,45700,1363840,"IFA Atlanta-Sandy Springs-Roswell, GA",0.0,no cell in the extract: territory at zero opportunity
ifa_southatl_merge,31784,ifa,GA,IFA,IFA_05,IFA,,13205,,1368096,"IFA Atlanta-Sandy Springs-Roswell, GA",0.0,no cell in the extract: territory at zero opportunity
ifa_southatl_merge,31787,ifa,GA,IFA,IFA_05,IFA,,13177,10500,1371464,"IFA Atlanta-Sandy Springs-Roswell, GA",0.0,no cell in the extract: territory at zero opportunity
ifa_southatl_merge,31788,ifa,GA,IFA,IFA_05,IFA,,13071,34220,1353060,"IFA Atlanta-Sandy Springs-Roswell, GA",0.0,no cell in the extract: territory at zero opportunity
ifa_southatl_merge,31789,ifa,GA,IFA,IFA_05,IFA,,13321,10500,1374432,"IFA Atlanta-Sandy Springs-Roswell, GA",0.0,no cell in the extract: territory at zero opportunity
ifa_southatl_merge,31790,ifa,GA,IFA,IFA_05,IFA,,13287,45700,1375104,"IFA Atlanta-Sandy Springs-Roswell, GA",0.0,no cell in the extract: territory at zero opportunity
ifa_southatl_merge,31791,ifa,GA,IFA,IFA_05,IFA,,13321,10500,1375188,"IFA Atlanta-Sandy Springs-Roswell, GA",0.0229393,
ifa_southatl_merge,31792,ifa,GA,IFA,IFA_05,IFA,,13275,45620,1376224,"IFA Atlanta-Sandy Springs-Roswell, GA",5.60242,
ifa_southatl_merge,31793,ifa,GA,IFA,IFA_05,IFA,,13277,45700,1376476,"IFA Atlanta-Sandy Springs-Roswell, GA",0.0,no cell in the extract: territory at zero opportunity
ifa_southatl_merge,31794,ifa,GA,IFA,IFA_05,IFA,,13277,45700,1376476,"IFA Atlanta-Sandy Springs-Roswell, GA",6.99129,
ifa_southatl_merge,31795,ifa,GA,IFA,IFA_05,IFA,,13321,10500,1378100,"IFA Atlanta-Sandy Springs-Roswell, GA",0.0,no cell in the extract: territory at zero opportunity
ifa_southatl_merge,31796,ifa,GA,IFA,IFA_05,IFA,,13321,10500,1380676,"IFA Atlanta-Sandy Springs-Roswell, GA",0.0,no cell in the extract: territory at zero opportunity
ifa_southatl_merge,31798,ifa,GA,IFA,IFA_05,IFA,,13155,,,"IFA Atlanta-Sandy Springs-Roswell, GA",0.0,no cell in the extract: territory at zero opportunity
ifa_southatl_merge,31801,ifa,GA,IFA,IFA_05,IFA,,13197,17980,1309768,"IFA Atlanta-Sandy Springs-Roswell, GA",0.0,no cell in the extract: territory at zero opportunity
ifa_southatl_merge,31803,ifa,GA,IFA,IFA_05,IFA,,13197,17980,1311728,"IFA Atlanta-Sandy Springs-Roswell, GA",0.0,no cell in the extract: territory at zero opportunity
ifa_southatl_merge,31804,ifa,GA,IFA,IFA_05,IFA,,13145,17980,1314024,"IFA Atlanta-Sandy Springs-Roswell, GA",0.0,no cell in the extract: territory at zero opportunity
ifa_southatl_merge,31805,ifa,GA,IFA,IFA_05,IFA,,13053,17980,1321017,"IFA Atlanta-Sandy Springs-Roswell, GA",0.0,no cell in the extract: territory at zero opportunity
ifa_southatl_merge,31806,ifa,GA,IFA,IFA_05,IFA,,13249,11140,1326980,"IFA Atlanta-Sandy Springs-Roswell, GA",0.0,no cell in the extract: territory at zero opportunity
ifa_southatl_merge,31807,ifa,GA,IFA,IFA_05,IFA,,13145,17980,1327064,"IFA Atlanta-Sandy Springs-Roswell, GA",0.0,no cell in the extract: territory at zero opportunity
ifa_southatl_merge,31808,ifa,GA,IFA,IFA_05,IFA,,13145,17980,1319000,"IFA Atlanta-Sandy Springs-Roswell, GA",0.0,no cell in the extract: territory at zero opportunity
ifa_southatl_merge,31810,ifa,GA,IFA,IFA_05,IFA,,13263,17980,1332412,"IFA Atlanta-Sandy Springs-Roswell, GA",0.0,no cell in the extract: territory at zero opportunity
ifa_southatl_merge,31811,ifa,GA,IFA,IFA_05,IFA,,13145,17980,1336220,"IFA Atlanta-Sandy Springs-Roswell, GA",0.0,no cell in the extract: territory at zero opportunity
ifa_southatl_merge,31812,ifa,GA,IFA,IFA_05,IFA,,13263,17980,1342800,"IFA Atlanta-Sandy Springs-Roswell, GA",0.0,no cell in the extract: territory at zero opportunity
ifa_southatl_merge,31814,ifa,GA,IFA,IFA_05,IFA,,13259,17980,,"IFA Atlanta-Sandy Springs-Roswell, GA",0.0,no cell in the extract: territory at zero opportunity
ifa_southatl_merge,31815,ifa,GA,IFA,IFA_05,IFA,,13259,17980,1347980,"IFA Atlanta-Sandy Springs-Roswell, GA",0.0,no cell in the extract: territory at zero opportunity
ifa_southatl_merge,31816,ifa,GA,IFA,IFA_05,IFA,,13199,12060,1349532,"IFA Atlanta-Sandy Springs-Roswell, GA",0.0,no cell in the extract: territory at zero opportunity
ifa_southatl_merge,31820,ifa,GA,IFA,IFA_05,IFA,,13215,17980,1319000,"IFA Atlanta-Sandy Springs-Roswell, GA",0.0,no cell in the extract: territory at zero opportunity
ifa_southatl_merge,31821,ifa,GA,IFA,IFA_05,IFA,,13259,17980,,"IFA Atlanta-Sandy Springs-Roswell, GA",0.0,no cell in the extract: territory at zero opportunity
ifa_southatl_merge,31822,ifa,GA,IFA,IFA_05,IFA,,13145,17980,1361124,"IFA Atlanta-Sandy Springs-Roswell, GA",0.0,no cell in the extract: territory at zero opportunity
ifa_southatl_merge,31823,ifa,GA,IFA,IFA_05,IFA,,13145,17980,,"IFA Atlanta-Sandy Springs-Roswell, GA",0.0,no cell in the extract: territory at zero opportunity
ifa_southatl_merge,31824,ifa,GA,IFA,IFA_05,IFA,,13307,,1381128,"IFA Atlanta-Sandy Springs-Roswell, GA",0.0,no cell in the extract: territory at zero opportunity
ifa_southatl_merge,31825,ifa,GA,IFA,IFA_05,IFA,,13259,17980,1381128,"IFA Atlanta-Sandy Springs-Roswell, GA",0.0,no cell in the extract: territory at zero opportunity
ifa_southatl_merge,31826,ifa,GA,IFA,IFA_05,IFA,,13145,17980,1370428,"IFA Atlanta-Sandy Springs-Roswell, GA",0.0,no cell in the extract: territory at zero opportunity
ifa_southatl_merge,31827,ifa,GA,IFA,IFA_05,IFA,,13263,17980,1375244,"IFA Atlanta-Sandy Springs-Roswell, GA",0.0,no cell in the extract: territory at zero opportunity
ifa_southatl_merge,31829,ifa,GA,IFA,IFA_05,IFA,,13215,17980,1319000,"IFA Atlanta-Sandy Springs-Roswell, GA",0.0,no cell in the extract: territory at zero opportunity
ifa_southatl_merge,31830,ifa,GA,IFA,IFA_05,IFA,,13199,12060,1349532,"IFA Atlanta-Sandy Springs-Roswell, GA",0.0,no cell in the extract: territory at zero opportunity
ifa_southatl_merge,31831,ifa,GA,IFA,IFA_05,IFA,,13145,17980,1380844,"IFA Atlanta-Sandy Springs-Roswell, GA",0.530264,
ifa_southatl_merge,31832,ifa,GA,IFA,IFA_05,IFA,,13307,,1381128,"IFA Atlanta-Sandy Springs-Roswell, GA",0.0,no cell in the extract: territory at zero opportunity
ifa_southatl_merge,31833,ifa,GA,IFA,IFA_05,IFA,,13145,17980,1382132,"IFA Atlanta-Sandy Springs-Roswell, GA",0.0,no cell in the extract: territory at zero opportunity
ifa_southatl_merge,31836,ifa,GA,IFA,IFA_05,IFA,,13263,17980,1383952,"IFA Atlanta-Sandy Springs-Roswell, GA",0.0,no cell in the extract: territory at zero opportunity
ifa_southatl_merge,31901,ifa,GA,IFA,IFA_05,IFA,,13215,17980,1319000,"IFA Atlanta-Sandy Springs-Roswell, GA",1.01022,
ifa_southatl_merge,31903,ifa,GA,IFA,IFA_05,IFA,,13215,17980,1319000,"IFA Atlanta-Sandy Springs-Roswell, GA",0.0,no cell in the extract: territory at zero opportunity
ifa_southatl_merge,31904,ifa,GA,IFA,IFA_05,IFA,,13215,17980,1319000,"IFA Atlanta-Sandy Springs-Roswell, GA",4.39156,
ifa_southatl_merge,31905,ifa,GA,IFA,IFA_05,IFA,,13053,17980,1321017,"IFA Atlanta-Sandy Springs-Roswell, GA",0.0,no cell in the extract: territory at zero opportunity
ifa_southatl_merge,31906,ifa,GA,IFA,IFA_05,IFA,,13215,17980,1319000,"IFA Atlanta-Sandy Springs-Roswell, GA",0.0,no cell in the extract: territory at zero opportunity
ifa_southatl_merge,31907,ifa,GA,IFA,IFA_05,IFA,,13215,17980,1319000,"IFA Atlanta-Sandy Springs-Roswell, GA",0.0,no cell in the extract: territory at zero opportunity
ifa_southatl_merge,31909,ifa,GA,IFA,IFA_05,IFA,,13215,17980,1319000,"IFA Atlanta-Sandy Springs-Roswell, GA",0.00636361,
ifa_southatl_merge,32003,ifa,FL,IFA,IFA_04,IFA,,12019,27260,1222660,"IFA Orlando-Kissimmee-Sanford, FL",2.53465,
ifa_southatl_merge,32008,ifa,FL,IFA,IFA_02,IFA,,12067,,1208175,"IFA Tampa-St. Petersburg-Clearwater, FL",0.0,no cell in the extract: territory at zero opportunity
ifa_southatl_merge,32009,ifa,FL,IFA,IFA_02,IFA,,12089,27260,,"IFA Tampa-St. Petersburg-Clearwater, FL",0.0,no cell in the extract: territory at zero opportunity
ifa_southatl_merge,32011,ifa,FL,IFA,IFA_02,IFA,,12089,27260,1247787,"IFA Tampa-St. Petersburg-Clearwater, FL",0.0,no cell in the extract: territory at zero opportunity
ifa_southatl_merge,32013,ifa,FL,IFA,IFA_02,IFA,,12067,,1216500,"IFA Tampa-St. Petersburg-Clearwater, FL",0.0,no cell in the extract: territory at zero opportunity
ifa_southatl_merge,32024,ifa,FL,IFA,IFA_02,IFA,,12023,29380,1237775,"IFA Tampa-St. Petersburg-Clearwater, FL",0.732793,
ifa_southatl_merge,32025,ifa,FL,IFA,IFA_02,IFA,,12023,29380,1237775,"IFA Tampa-St. Petersburg-Clearwater, FL",0.0,no cell in the extract: territory at zero opportunity
ifa_southatl_merge,32026,ifa,FL,IFA,IFA_02,IFA,,12007,,,"IFA Tampa-St. Petersburg-Clearwater, FL",0.0,no cell in the extract: territory at zero opportunity
ifa_southatl_merge,32033,ifa,FL,IFA,IFA_04,IFA,,12109,27260,,"IFA Orlando-Kissimmee-Sanford, FL",0.0,no cell in the extract: territory at zero opportunity
ifa_southatl_merge,32034,ifa,FL,IFA,IFA_04,IFA,,12089,27260,1222175,"IFA Orlando-Kissimmee-Sanford, FL",1.17199,
ifa_southatl_merge,32038,ifa,FL,IFA,IFA_02,IFA,,12023,29380,1224500,"IFA Tampa-St. Petersburg-Clearwater, FL",0.0,no cell in the extract: territory at zero opportunity
ifa_southatl_merge,32040,ifa,FL,IFA,IFA_02,IFA,,12003,27260,1226075,"IFA Tampa-St. Petersburg-Clearwater, FL",0.0,no cell in the extract: territory at zero opportunity
ifa_southatl_merge,32043,ifa,FL,IFA,IFA_04,IFA,,12019,27260,1202187,"IFA Orlando-Kissimmee-Sanford, FL",0.0,no cell in the extract: territory at zero opportunity
ifa_southatl_merge,32044,ifa,FL,IFA,IFA_02,IFA,,12007,,1228575,"IFA Tampa-St. Petersburg-Clearwater, FL",0.0,no cell in the extract: territory at zero opportunity
ifa_southatl_merge,32046,ifa,FL,IFA,IFA_02,IFA,,12089,27260,1230750,"IFA Tampa-St. Petersburg-Clearwater, FL",0.0,no cell in the extract: territory at zero opportunity
ifa_southatl_merge,32052,ifa,FL,IFA,IFA_02,IFA,,12047,,1235375,"IFA Tampa-St. Petersburg-Clearwater, FL",0.0,no cell in the extract: territory at zero opportunity
ifa_southatl_merge,32053,ifa,FL,IFA,IFA_02,IFA,,12047,,1235525,"IFA Tampa-St. Petersburg-Clearwater, FL",0.0,no cell in the extract: territory at zero opportunity
ifa_southatl_merge,32054,ifa,FL,IFA,IFA_02,IFA,,12125,,1237650,"IFA Tampa-St. Petersburg-Clearwater, FL",0.0,no cell in the extract: territory at zero opportunity
ifa_southatl_merge,32055,ifa,FL,IFA,IFA_02,IFA,,12023,29380,1237775,"IFA Tampa-St. Petersburg-Clearwater, FL",3.69809,
ifa_southatl_merge,32058,ifa,FL,IFA,IFA_02,IFA,,12007,,1239700,"IFA Tampa-St. Petersburg-Clearwater, FL",0.0,no cell in the extract: territory at zero opportunity
ifa_southatl_merge,32059,ifa,FL,IFA,IFA_02,IFA,,12079,,1239850,"IFA Tampa-St. Petersburg-Clearwater, FL",0.0,no cell in the extract: territory at zero opportunity
ifa_southatl_merge,32060,ifa,FL,IFA,IFA_02,IFA,,12121,,1240875,"IFA Tampa-St. Petersburg-Clearwater, FL",0.0,no cell in the extract: territory at zero opportunity
ifa_southatl_merge,32061,ifa,FL,IFA,IFA_02,IFA,,12023,29380,,"IFA Tampa-St. Petersburg-Clearwater, FL",0.0,no cell in the extract: territory at zero opportunity
ifa_southatl_merge,32062,ifa,FL,IFA,IFA_02,IFA,,12121,,,"IFA Tampa-St. Petersburg-Clearwater, FL",0.0,no cell in the extract: territory at zero opportunity
ifa_southatl_merge,32063,ifa,FL,IFA,IFA_02,IFA,,12003,27260,1241950,"IFA Tampa-St. Petersburg-Clearwater, FL",0.0,no cell in the extract: territory at zero opportunity
ifa_southatl_merge,32064,ifa,FL,IFA,IFA_02,IFA,,12121,,1240875,"IFA Tampa-St. Petersburg-Clearwater, FL",0.0,no cell in the extract: territory at zero opportunity
ifa_southatl_merge,32065,ifa,FL,IFA,IFA_04,IFA,,12019,27260,1250630,"IFA Orlando-Kissimmee-Sanford, FL",0.0,no cell in the extract: territory at zero opportunity
ifa_southatl_merge,32066,ifa,FL,IFA,IFA_02,IFA,,12067,,1243575,"IFA Tampa-St. Petersburg-Clearwater, FL",0.0,no cell in the extract: territory at zero opportunity
ifa_southatl_merge,32068,ifa,FL,IFA,IFA_04,IFA,,12019,27260,1245350,"IFA Orlando-Kissimmee-Sanford, FL",0.0,no cell in the extract: territory at zero opportunity
ifa_southatl_merge,32071,ifa,FL,IFA,IFA_02,IFA,,12121,,,"IFA Tampa-St. Petersburg-Clearwater, FL",0.0,no cell in the extract: territory at zero opportunity
ifa_southatl_merge,32072,ifa,FL,IFA,IFA_02,IFA,,12003,27260,,"IFA Tampa-St. Petersburg-Clearwater, FL",0.0,no cell in the extract: territory at zero opportunity
ifa_southatl_merge,32073,ifa,FL,IFA,IFA_04,IFA,,12019,27260,1205025,"IFA Orlando-Kissimmee-Sanford, FL",5.06501,
ifa_southatl_merge,32079,ifa,FL,IFA,IFA_04,IFA,,12019,27260,1255875,"IFA Orlando-Kissimmee-Sanford, FL",0.0,no cell in the extract: territory at zero opportunity
ifa_southatl_merge,32080,ifa,FL,IFA,IFA_04,IFA,,12109,27260,1262500,"IFA Orlando-Kissimmee-Sanford, FL",0.0,no cell in the extract: territory at zero opportunity
ifa_southatl_merge,32081,ifa,FL,IFA,IFA_04,IFA,,12109,27260,1248850,"IFA Orlando-Kissimmee-Sanford, FL",4.05628,
ifa_southatl_merge,32082,ifa,FL,IFA,IFA_04,IFA,,12109,27260,1254525,"IFA Orlando-Kissimmee-Sanford, FL",41.7007,
ifa_southatl_merge,32083,ifa,FL,IFA,IFA_02,IFA,,12125,,1259400,"IFA Tampa-St. Petersburg-Clearwater, FL",0.0,no cell in the extract: territory at zero opportunity
ifa_southatl_merge,32084,ifa,FL,IFA,IFA_04,IFA,,12109,27260,1262500,"IFA Orlando-Kissimmee-Sanford, FL",5.69298,
ifa_southatl_merge,32086,ifa,FL,IFA,IFA_04,IFA,,12109,27260,1262550,"IFA Orlando-Kissimmee-Sanford, FL",5.44979,
ifa_southatl_merge,32087,ifa,FL,IFA,IFA_02,IFA,,12003,27260,,"IFA Tampa-St. Petersburg-Clearwater, FL",0.0,no cell in the extract: territory at zero opportunity
ifa_southatl_merge,32091,ifa,FL,IFA,IFA_02,IFA,,12007,,1268525,"IFA Tampa-St. Petersburg-Clearwater, FL",0.0,no cell in the extract: territory at zero opportunity
ifa_southatl_merge,32092,ifa,FL,IFA,IFA_04,IFA,,12109,27260,1278740,"IFA Orlando-Kissimmee-Sanford, FL",8.98502,
ifa_southatl_merge,32094,ifa,FL,IFA,IFA_02,IFA,,12121,,,"IFA Tampa-St. Petersburg-Clearwater, FL",0.0,no cell in the extract: territory at zero opportunity
ifa_southatl_merge,32095,ifa,FL,IFA,IFA_04,IFA,,12109,27260,1248850,"IFA Orlando-Kissimmee-Sanford, FL",7.02104,
ifa_southatl_merge,32096,ifa,FL,IFA,IFA_02,IFA,,12023,29380,1277400,"IFA Tampa-St. Petersburg-Clearwater, FL",0.0,no cell in the extract: territory at zero opportunity
ifa_southatl_merge,32097,ifa,FL,IFA,IFA_02,IFA,,12089,27260,1279175,"IFA Tampa-St. Petersburg-Clearwater, FL",0.679903,
ifa_southatl_merge,32102,ifa,FL,IFA,IFA_04,IFA,,12069,36740,1202275,"IFA Orlando-Kissimmee-Sanford, FL",0.0,no cell in the extract: territory at zero opportunity
ifa_southatl_merge,32110,ifa,FL,IFA,IFA_04,IFA,,12035,19660,1209550,"IFA Orlando-Kissimmee-Sanford, FL",1.73043,
ifa_southatl_merge,32112,ifa,FL,IFA,IFA_04,IFA,,12107,37260,1215375,"IFA Orlando-Kissimmee-Sanford, FL",0.0,no cell in the extract: territory at zero opportunity
ifa_southatl_merge,32113,ifa,FL,IFA,IFA_02,IFA,,12083,36100,,"IFA Tampa-St. Petersburg-Clearwater, FL",0.0,no cell in the extract: territory at zero opportunity
ifa_southatl_merge,32114,ifa,FL,IFA,IFA_04,IFA,,12127,19660,1216525,"IFA Orlando-Kissimmee-Sanford, FL",0.828774,
ifa_southatl_merge,32117,ifa,FL,IFA,IFA_04,IFA,,12127,19660,1216525,"IFA Orlando-Kissimmee-Sanford, FL",6.1217,
ifa_southatl_merge,32118,ifa,FL,IFA,IFA_04,IFA,,12127,19660,1216525,"IFA Orlando-Kissimmee-Sanford, FL",1.50559,
ifa_southatl_merge,32119,ifa,FL,IFA,IFA_04,IFA,,12127,19660,1216525,"IFA Orlando-Kissimmee-Sanford, FL",4.11124,
ifa_southatl_merge,32124,ifa,FL,IFA,IFA_04,IFA,,12127,19660,1216525,"IFA Orlando-Kissimmee-Sanford, FL",0.701525,
ifa_southatl_merge,32127,ifa,FL,IFA,IFA_04,IFA,,12127,19660,1258575,"IFA Orlando-Kissimmee-Sanford, FL",0.695565,
ifa_southatl_merge,32128,ifa,FL,IFA,IFA_04,IFA,,12127,19660,1258575,"IFA Orlando-Kissimmee-Sanford, FL",1.69989,
ifa_southatl_merge,32129,ifa,FL,IFA,IFA_04,IFA,,12127,19660,1258575,"IFA Orlando-Kissimmee-Sanford, FL",1.82201,
ifa_southatl_merge,32130,ifa,FL,IFA,IFA_04,IFA,,12127,19660,1216975,"IFA Orlando-Kissimmee-Sanford, FL",0.0,no cell in the extract: territory at zero opportunity
ifa_southatl_merge,32131,ifa,FL,IFA,IFA_04,IFA,,12107,37260,1219350,"IFA Orlando-Kissimmee-Sanford, FL",0.0,no cell in the extract: territory at zero opportunity
ifa_southatl_merge,32132,ifa,FL,IFA,IFA_04,IFA,,12127,19660,1219825,"IFA Orlando-Kissimmee-Sanford, FL",0.0,no cell in the extract: territory at zero opportunity
ifa_southatl_merge,32133,ifa,FL,IFA,IFA_04,IFA,,12083,36100,,"IFA Orlando-Kissimmee-Sanford, FL",0.0,no cell in the extract: territory at zero opportunity
ifa_southatl_merge,32134,ifa,FL,IFA,IFA_04,IFA,,12083,36100,1238238,"IFA Orlando-Kissimmee-Sanford, FL",0.0,no cell in the extract: territory at zero opportunity
ifa_southatl_merge,32136,ifa,FL,IFA,IFA_04,IFA,,12035,19660,1222550,"IFA Orlando-Kissimmee-Sanford, FL",6.67373,
ifa_southatl_merge,32137,ifa,FL,IFA,IFA_04,IFA,,12035,19660,1254200,"IFA Orlando-Kissimmee-Sanford, FL",17.4452,
ifa_southatl_merge,32139,ifa,FL,IFA,IFA_04,IFA,,12107,37260,,"IFA Orlando-Kissimmee-Sanford, FL",0.0,no cell in the extract: territory at zero opportunity
ifa_southatl_merge,32140,ifa,FL,IFA,IFA_04,IFA,,12107,37260,,"IFA Orlando-Kissimmee-Sanford, FL",0.0,no cell in the extract: territory at zero opportunity
ifa_southatl_merge,32141,ifa,FL,IFA,IFA_04,IFA,,12127,19660,1219825,"IFA Orlando-Kissimmee-Sanford, FL",0.0,no cell in the extract: territory at zero opportunity
ifa_southatl_merge,32145,ifa,FL,IFA,IFA_04,IFA,,12109,27260,1222560,"IFA Orlando-Kissimmee-Sanford, FL",0.0,no cell in the extract: territory at zero opportunity
ifa_southatl_merge,32147,ifa,FL,IFA,IFA_04,IFA,,12107,37260,,"IFA Orlando-Kissimmee-Sanford, FL",0.0,no cell in the extract: territory at zero opportunity
ifa_southatl_merge,32148,ifa,FL,IFA,IFA_04,IFA,,12107,37260,1233900,"IFA Orlando-Kissimmee-Sanford, FL",0.0,no cell in the extract: territory at zero opportunity
ifa_southatl_merge,32157,ifa,FL,IFA,IFA_04,IFA,,12107,37260,,"IFA Orlando-Kissimmee-Sanford, FL",0.0,no cell in the extract: territory at zero opportunity
ifa_southatl_merge,32159,ifa,FL,IFA,IFA_04,IFA,,12069,36740,1237375,"IFA Orlando-Kissimmee-Sanford, FL",4.39872,
ifa_southatl_merge,32162,ifa,FL,IFA,IFA_04,IFA,,12119,48680,1271625,"IFA Orlando-Kissimmee-Sanford, FL",11.2476,
ifa_southatl_merge,32163,ifa,FL,IFA,IFA_04,IFA,,12119,48680,1277675,"IFA Orlando-Kissimmee-Sanford, FL",6.54688,
ifa_southatl_merge,32164,ifa,FL,IFA,IFA_04,IFA,,12035,19660,1254200,"IFA Orlando-Kissimmee-Sanford, FL",3.03116,
ifa_southatl_merge,32168,ifa,FL,IFA,IFA_04,IFA,,12127,19660,1248625,"IFA Orlando-Kissimmee-Sanford, FL",7.26548,
ifa_southatl_merge,32169,ifa,FL,IFA,IFA_04,IFA,,12127,19660,1248625,"IFA Orlando-Kissimmee-Sanford, FL",1.09887,
ifa_southatl_merge,32174,ifa,FL,IFA,IFA_04,IFA,,12127,19660,1253150,"IFA Orlando-Kissimmee-Sanford, FL",5.57852,
ifa_southatl_merge,32176,ifa,FL,IFA,IFA_04,IFA,,12127,19660,1253150,"IFA Orlando-Kissimmee-Sanford, FL",4.68797,
ifa_southatl_merge,32177,ifa,FL,IFA,IFA_04,IFA,,12107,37260,1253875,"IFA Orlando-Kissimmee-Sanford, FL",0.516805,
ifa_southatl_merge,32179,ifa,FL,IFA,IFA_02,IFA,,12083,36100,1266179,"IFA Tampa-St. Petersburg-Clearwater, FL",0.0,no cell in the extract: territory at zero opportunity
ifa_southatl_merge,32180,ifa,FL,IFA,IFA_04,IFA,,12127,19660,1256425,"IFA Orlando-Kissimmee-Sanford, FL",0.0,no cell in the extract: territory at zero opportunity
ifa_southatl_merge,32181,ifa,FL,IFA,IFA_04,IFA,,12107,37260,1258025,"IFA Orlando-Kissimmee-Sanford, FL",0.0,no cell in the extract: territory at zero opportunity
ifa_southatl_merge,32182,ifa,FL,IFA,IFA_04,IFA,,12083,36100,,"IFA Orlando-Kissimmee-Sanford, FL",0.0,no cell in the extract: territory at zero opportunity
ifa_southatl_merge,32187,ifa,FL,IFA,IFA_04,IFA,,12107,37260,,"IFA Orlando-Kissimmee-Sanford, FL",0.158436,
ifa_southatl_merge,32189,ifa,FL,IFA,IFA_04,IFA,,12107,37260,1275750,"IFA Orlando-Kissimmee-Sanford, FL",0.0,no cell in the extract: territory at zero opportunity
ifa_southatl_merge,32190,ifa,FL,IFA,IFA_04,IFA,,12127,19660,1265200,"IFA Orlando-Kissimmee-Sanford, FL",0.0,no cell in the extract: territory at zero opportunity
ifa_southatl_merge,32192,ifa,FL,IFA,IFA_02,IFA,,12083,36100,,"IFA Tampa-St. Petersburg-Clearwater, FL",0.0,no cell in the extract: territory at zero opportunity
ifa_southatl_merge,32193,ifa,FL,IFA,IFA_04,IFA,,12107,37260,1275750,"IFA Orlando-Kissimmee-Sanford, FL",0.0,no cell in the extract: territory at zero opportunity
ifa_southatl_merge,32195,ifa,FL,IFA,IFA_04,IFA,,12083,36100,1237375,"IFA Orlando-Kissimmee-Sanford, FL",0.0,no cell in the extract: territory at zero opportunity
ifa_southatl_merge,32202,ifa,FL,IFA,IFA_04,IFA,,12031,27260,1235000,"IFA Orlando-Kissimmee-Sanford, FL",24.8505,
ifa_southatl_merge,32203,ifa,FL,IFA,IFA_02,IFA,,12031,27260,1235000,"IFA Tampa-St. Petersburg-Clearwater, FL",1.16387,
ifa_southatl_merge,32204,ifa,FL,IFA,IFA_02,IFA,,12031,27260,1235000,"IFA Tampa-St. Petersburg-Clearwater, FL",2.03201,
ifa_southatl_merge,32205,ifa,FL,IFA,IFA_02,IFA,,12031,27260,1235000,"IFA Tampa-St. Petersburg-Clearwater, FL",0.253828,
ifa_southatl_merge,32206,ifa,FL,IFA,IFA_04,IFA,,12031,27260,1235000,"IFA Orlando-Kissimmee-Sanford, FL",0.00392364,
ifa_southatl_merge,32207,ifa,FL,IFA,IFA_04,IFA,,12031,27260,1235000,"IFA Orlando-Kissimmee-Sanford, FL",4.13346,
ifa_southatl_merge,32208,ifa,FL,IFA,IFA_04,IFA,,12031,27260,1235000,"IFA Orlando-Kissimmee-Sanford, FL",0.0,no cell in the extract: territory at zero opportunity
ifa_southatl_merge,32209,ifa,FL,IFA,IFA_04,IFA,,12031,27260,1235000,"IFA Orlando-Kissimmee-Sanford, FL",0.0,no cell in the extract: territory at zero opportunity
ifa_southatl_merge,32210,ifa,FL,IFA,IFA_02,IFA,,12031,27260,1235000,"IFA Tampa-St. Petersburg-Clearwater, FL",1.19181,
ifa_southatl_merge,32211,ifa,FL,IFA,IFA_04,IFA,,12031,27260,1235000,"IFA Orlando-Kissimmee-Sanford, FL",4.46203,
ifa_southatl_merge,32212,ifa,FL,IFA,IFA_02,IFA,,12031,27260,1235000,"IFA Tampa-St. Petersburg-Clearwater, FL",0.0,no cell in the extract: territory at zero opportunity
ifa_southatl_merge,32214,ifa,FL,IFA,IFA_02,IFA,,12031,27260,1235000,"IFA Tampa-St. Petersburg-Clearwater, FL",0.0,no cell in the extract: territory at zero opportunity
ifa_southatl_merge,32216,ifa,FL,IFA,IFA_04,IFA,,12031,27260,1235000,"IFA Orlando-Kissimmee-Sanford, FL",68.2669,
ifa_southatl_merge,32217,ifa,FL,IFA,IFA_04,IFA,,12031,27260,1235000,"IFA Orlando-Kissimmee-Sanford, FL",0.432312,
ifa_southatl_merge,32218,ifa,FL,IFA,IFA_02,IFA,,12031,27260,1235000,"IFA Tampa-St. Petersburg-Clearwater, FL",0.13539,
ifa_southatl_merge,32219,ifa,FL,IFA,IFA_02,IFA,,12031,27260,1235000,"IFA Tampa-St. Petersburg-Clearwater, FL",0.0,no cell in the extract: territory at zero opportunity
ifa_southatl_merge,32220,ifa,FL,IFA,IFA_02,IFA,,12031,27260,1235000,"IFA Tampa-St. Petersburg-Clearwater, FL",0.0,no cell in the extract: territory at zero opportunity
ifa_southatl_merge,32221,ifa,FL,IFA,IFA_02,IFA,,12031,27260,1235000,"IFA Tampa-St. Petersburg-Clearwater, FL",0.846454,
ifa_southatl_merge,32222,ifa,FL,IFA,IFA_02,IFA,,12031,27260,1235000,"IFA Tampa-St. Petersburg-Clearwater, FL",0.312597,
ifa_southatl_merge,32223,ifa,FL,IFA,IFA_04,IFA,,12031,27260,1235000,"IFA Orlando-Kissimmee-Sanford, FL",1.52709,
ifa_southatl_merge,32224,ifa,FL,IFA,IFA_04,IFA,,12031,27260,1235000,"IFA Orlando-Kissimmee-Sanford, FL",10.0479,
ifa_southatl_merge,32225,ifa,FL,IFA,IFA_04,IFA,,12031,27260,1235000,"IFA Orlando-Kissimmee-Sanford, FL",0.635905,
ifa_southatl_merge,32226,ifa,FL,IFA,IFA_04,IFA,,12031,27260,1235000,"IFA Orlando-Kissimmee-Sanford, FL",0.0,no cell in the extract: territory at zero opportunity
ifa_southatl_merge,32227,ifa,FL,IFA,IFA_04,IFA,,12031,27260,1235000,"IFA Orlando-Kissimmee-Sanford, FL",0.0,no cell in the extract: territory at zero opportunity
ifa_southatl_merge,32228,ifa,FL,IFA,IFA_04,IFA,,12031,27260,1235000,"IFA Orlando-Kissimmee-Sanford, FL",0.0,no cell in the extract: territory at zero opportunity
ifa_southatl_merge,32233,ifa,FL,IFA,IFA_04,IFA,,12031,27260,1235000,"IFA Orlando-Kissimmee-Sanford, FL",0.0,no cell in the extract: territory at zero opportunity
ifa_southatl_merge,32234,ifa,FL,IFA,IFA_02,IFA,,12031,27260,1235000,"IFA Tampa-St. Petersburg-Clearwater, FL",0.0,no cell in the extract: territory at zero opportunity
ifa_southatl_merge,32244,ifa,FL,IFA,IFA_02,IFA,,12031,27260,1235000,"IFA Tampa-St. Petersburg-Clearwater, FL",0.107975,
ifa_southatl_merge,32246,ifa,FL,IFA,IFA_04,IFA,,12031,27260,1235000,"IFA Orlando-Kissimmee-Sanford, FL",5.07515,
ifa_southatl_merge,32250,ifa,FL,IFA,IFA_04,IFA,,12031,27260,1235050,"IFA Orlando-Kissimmee-Sanford, FL",4.49223,
ifa_southatl_merge,32254,ifa,FL,IFA,IFA_02,IFA,,12031,27260,1235000,"IFA Tampa-St. Petersburg-Clearwater, FL",0.0,no cell in the extract: territory at zero opportunity
ifa_southatl_merge,32256,ifa,FL,IFA,IFA_04,IFA,,12031,27260,1235000,"IFA Orlando-Kissimmee-Sanford, FL",45.9801,
ifa_southatl_merge,32257,ifa,FL,IFA,IFA_04,IFA,,12031,27260,1235000,"IFA Orlando-Kissimmee-Sanford, FL",0.00879848,
ifa_southatl_merge,32258,ifa,FL,IFA,IFA_04,IFA,,12031,27260,1235000,"IFA Orlando-Kissimmee-Sanford, FL",10.1281,
ifa_southatl_merge,32259,ifa,FL,IFA,IFA_04,IFA,,12109,27260,1224925,"IFA Orlando-Kissimmee-Sanford, FL",3.45603,
ifa_southatl_merge,32266,ifa,FL,IFA,IFA_04,IFA,,12031,27260,1248100,"IFA Orlando-Kissimmee-Sanford, FL",3.60456,
ifa_southatl_merge,32277,ifa,FL,IFA,IFA_04,IFA,,12031,27260,1235000,"IFA Orlando-Kissimmee-Sanford, FL",0.0,no cell in the extract: territory at zero opportunity
ifa_southatl_merge,32301,ifa,FL,IFA,IFA_02,IFA,,12073,45220,1270600,"IFA Tampa-St. Petersburg-Clearwater, FL",10.6272,
ifa_southatl_merge,32303,ifa,FL,IFA,IFA_02,IFA,,12073,45220,1270600,"IFA Tampa-St. Petersburg-Clearwater, FL",14.1677,
ifa_southatl_merge,32304,ifa,FL,IFA,IFA_02,IFA,,12073,45220,1270600,"IFA Tampa-St. Petersburg-Clearwater, FL",0.785315,
ifa_southatl_merge,32305,ifa,FL,IFA,IFA_02,IFA,,12073,45220,1270600,"IFA Tampa-St. Petersburg-Clearwater, FL",0.0,no cell in the extract: territory at zero opportunity
ifa_southatl_merge,32306,ifa,FL,IFA,IFA_02,IFA,,12073,45220,1270600,"IFA Tampa-St. Petersburg-Clearwater, FL",0.0,no cell in the extract: territory at zero opportunity
ifa_southatl_merge,32307,ifa,FL,IFA,IFA_02,IFA,,12073,45220,1270600,"IFA Tampa-St. Petersburg-Clearwater, FL",0.0,no cell in the extract: territory at zero opportunity
ifa_southatl_merge,32308,ifa,FL,IFA,IFA_02,IFA,,12073,45220,1270600,"IFA Tampa-St. Petersburg-Clearwater, FL",106.246,
ifa_southatl_merge,32309,ifa,FL,IFA,IFA_02,IFA,,12073,45220,1270600,"IFA Tampa-St. Petersburg-Clearwater, FL",22.7724,
ifa_southatl_merge,32310,ifa,FL,IFA,IFA_02,IFA,,12073,45220,1270600,"IFA Tampa-St. Petersburg-Clearwater, FL",0.0,no cell in the extract: territory at zero opportunity
ifa_southatl_merge,32311,ifa,FL,IFA,IFA_02,IFA,,12073,45220,1270600,"IFA Tampa-St. Petersburg-Clearwater, FL",3.41937,
ifa_southatl_merge,32312,ifa,FL,IFA,IFA_02,IFA,,12073,45220,1270600,"IFA Tampa-St. Petersburg-Clearwater, FL",0.437498,
ifa_southatl_merge,32313,ifa,FL,IFA,IFA_02,IFA,,12073,45220,1270600,"IFA Tampa-St. Petersburg-Clearwater, FL",0.0,no cell in the extract: territory at zero opportunity
ifa_southatl_merge,32317,ifa,FL,IFA,IFA_02,IFA,,12073,45220,1270600,"IFA Tampa-St. Petersburg-Clearwater, FL",21.452,
ifa_southatl_merge,32320,ifa,FL,IFA,IFA_02,IFA,,12037,,1201625,"IFA Tampa-St. Petersburg-Clearwater, FL",0.0,no cell in the extract: territory at zero opportunity
ifa_southatl_merge,32321,ifa,FL,IFA,IFA_02,IFA,,12077,,1238519,"IFA Tampa-St. Petersburg-Clearwater, FL",0.0,no cell in the extract: territory at zero opportunity
ifa_southatl_merge,32322,ifa,FL,IFA,IFA_02,IFA,,12037,,1210725,"IFA Tampa-St. Petersburg-Clearwater, FL",0.0,no cell in the extract: territory at zero opportunity
ifa_southatl_merge,32323,ifa,FL,IFA,IFA_02,IFA,,12037,,,"IFA Tampa-St. Petersburg-Clearwater, FL",0.0,no cell in the extract: territory at zero opportunity
ifa_southatl_merge,32324,ifa,FL,IFA,IFA_02,IFA,,12039,45220,1211800,"IFA Tampa-St. Petersburg-Clearwater, FL",0.0,no cell in the extract: territory at zero opportunity
ifa_southatl_merge,32327,ifa,FL,IFA,IFA_02,IFA,,12129,45220,1215300,"IFA Tampa-St. Petersburg-Clearwater, FL",4.23569,
ifa_southatl_merge,32328,ifa,FL,IFA,IFA_02,IFA,,12037,,1219400,"IFA Tampa-St. Petersburg-Clearwater, FL",0.0,no cell in the extract: territory at zero opportunity
ifa_southatl_merge,32330,ifa,FL,IFA,IFA_02,IFA,,12039,45220,1227550,"IFA Tampa-St. Petersburg-Clearwater, FL",0.0,no cell in the extract: territory at zero opportunity
ifa_southatl_merge,32331,ifa,FL,IFA,IFA_02,IFA,,12079,,1227575,"IFA Tampa-St. Petersburg-Clearwater, FL",0.0,no cell in the extract: territory at zero opportunity
ifa_southatl_merge,32332,ifa,FL,IFA,IFA_02,IFA,,12039,45220,1227650,"IFA Tampa-St. Petersburg-Clearwater, FL",0.0,no cell in the extract: territory at zero opportunity
ifa_southatl_merge,32333,ifa,FL,IFA,IFA_02,IFA,,12039,45220,1229150,"IFA Tampa-St. Petersburg-Clearwater, FL",0.0,no cell in the extract: territory at zero opportunity
ifa_southatl_merge,32334,ifa,FL,IFA,IFA_02,IFA,,12077,,1232675,"IFA Tampa-St. Petersburg-Clearwater, FL",0.0,no cell in the extract: territory at zero opportunity
ifa_southatl_merge,32336,ifa,FL,IFA,IFA_02,IFA,,12123,,1239100,"IFA Tampa-St. Petersburg-Clearwater, FL",0.0,no cell in the extract: territory at zero opportunity
ifa_southatl_merge,32337,ifa,FL,IFA,IFA_02,IFA,,12065,45220,1240950,"IFA Tampa-St. Petersburg-Clearwater, FL",0.0,no cell in the extract: territory at zero opportunity
ifa_southatl_merge,32340,ifa,FL,IFA,IFA_02,IFA,,12079,,1242425,"IFA Tampa-St. Petersburg-Clearwater, FL",0.501134,
ifa_southatl_merge,32343,ifa,FL,IFA,IFA_02,IFA,,12039,45220,1245425,"IFA Tampa-St. Petersburg-Clearwater, FL",0.0,no cell in the extract: territory at zero opportunity
ifa_southatl_merge,32344,ifa,FL,IFA,IFA_02,IFA,,12065,45220,1246500,"IFA Tampa-St. Petersburg-Clearwater, FL",0.0,no cell in the extract: territory at zero opportunity
ifa_southatl_merge,32346,ifa,FL,IFA,IFA_02,IFA,,12129,45220,1254625,"IFA Tampa-St. Petersburg-Clearwater, FL",0.0,no cell in the extract: territory at zero opportunity
ifa_southatl_merge,32347,ifa,FL,IFA,IFA_02,IFA,,12123,,1256150,"IFA Tampa-St. Petersburg-Clearwater, FL",0.0,no cell in the extract: territory at zero opportunity
ifa_southatl_merge,32348,ifa,FL,IFA,IFA_02,IFA,,12123,,1256150,"IFA Tampa-St. Petersburg-Clearwater, FL",0.0,no cell in the extract: territory at zero opportunity
ifa_southatl_merge,32350,ifa,FL,IFA,IFA_02,IFA,,12079,,,"IFA Tampa-St. Petersburg-Clearwater, FL",0.0,no cell in the extract: territory at zero opportunity
ifa_southatl_merge,32351,ifa,FL,IFA,IFA_02,IFA,,12039,45220,1259325,"IFA Tampa-St. Petersburg-Clearwater, FL",0.0,no cell in the extract: territory at zero opportunity
ifa_southatl_merge,32352,ifa,FL,IFA,IFA_02,IFA,,12039,45220,1259325,"IFA Tampa-St. Petersburg-Clearwater, FL",0.0,no cell in the extract: territory at zero opportunity
ifa_southatl_merge,32355,ifa,FL,IFA,IFA_02,IFA,,12129,45220,1262825,"IFA Tampa-St. Petersburg-Clearwater, FL",0.0,no cell in the extract: territory at zero opportunity
ifa_southatl_merge,32356,ifa,FL,IFA,IFA_02,IFA,,12123,,,"IFA Tampa-St. Petersburg-Clearwater, FL",0.0,no cell in the extract: territory at zero opportunity
ifa_southatl_merge,32358,ifa,FL,IFA,IFA_02,IFA,,12129,45220,1266925,"IFA Tampa-St. Petersburg-Clearwater, FL",0.0,no cell in the extract: territory at zero opportunity
ifa_southatl_merge,32359,ifa,FL,IFA,IFA_02,IFA,,12029,,1268625,"IFA Tampa-St. Petersburg-Clearwater, FL",0.0,no cell in the extract: territory at zero opportunity
ifa_southatl_merge,32360,ifa,FL,IFA,IFA_02,IFA,,12077,,,"IFA Tampa-St. Petersburg-Clearwater, FL",0.0,no cell in the extract: territory at zero opportunity
ifa_southatl_merge,32361,ifa,FL,IFA,IFA_02,IFA,,12065,45220,1274700,"IFA Tampa-St. Petersburg-Clearwater, FL",0.0,no cell in the extract: territory at zero opportunity
ifa_southatl_merge,32399,ifa,FL,IFA,IFA_02,IFA,,12073,45220,1270600,"IFA Tampa-St. Petersburg-Clearwater, FL",0.0,no cell in the extract: territory at zero opportunity
ifa_southatl_merge,32401,ifa,FL,IFA,IFA_02,IFA,,12005,37460,1254700,"IFA Tampa-St. Petersburg-Clearwater, FL",3.83706,
ifa_southatl_merge,32403,ifa,FL,IFA,IFA_02,IFA,,12005,37460,1272875,"IFA Tampa-St. Petersburg-Clearwater, FL",0.0,no cell in the extract: territory at zero opportunity
ifa_southatl_merge,32404,ifa,FL,IFA,IFA_02,IFA,,12005,37460,1254700,"IFA Tampa-St. Petersburg-Clearwater, FL",0.0,no cell in the extract: territory at zero opportunity
ifa_southatl_merge,32405,ifa,FL,IFA,IFA_02,IFA,,12005,37460,1254700,"IFA Tampa-St. Petersburg-Clearwater, FL",3.14136,
ifa_southatl_merge,32407,ifa,FL,IFA,IFA_02,IFA,,12005,37460,1254725,"IFA Tampa-St. Petersburg-Clearwater, FL",0.0,no cell in the extract: territory at zero opportunity
ifa_southatl_merge,32408,ifa,FL,IFA,IFA_02,IFA,,12005,37460,1273312,"IFA Tampa-St. Petersburg-Clearwater, FL",0.0,no cell in the extract: territory at zero opportunity
ifa_southatl_merge,32409,ifa,FL,IFA,IFA_02,IFA,,12005,37460,1267800,"IFA Tampa-St. Petersburg-Clearwater, FL",0.0,no cell in the extract: territory at zero opportunity
ifa_southatl_merge,32410,ifa,FL,IFA,IFA_02,IFA,,12005,37460,1244300,"IFA Tampa-St. Petersburg-Clearwater, FL",0.0,no cell in the extract: territory at zero opportunity
ifa_southatl_merge,32413,ifa,FL,IFA,IFA_02,IFA,,12005,37460,1254725,"IFA Tampa-St. Petersburg-Clearwater, FL",0.0,no cell in the extract: territory at zero opportunity
ifa_southatl_merge,32420,ifa,FL,IFA,IFA_02,IFA,,12063,,1200625,"IFA Tampa-St. Petersburg-Clearwater, FL",0.0,no cell in the extract: territory at zero opportunity
ifa_southatl_merge,32421,ifa,FL,IFA,IFA_02,IFA,,12013,,1201000,"IFA Tampa-St. Petersburg-Clearwater, FL",0.0,no cell in the extract: territory at zero opportunity
ifa_southatl_merge,32423,ifa,FL,IFA,IFA_02,IFA,,12063,,1203725,"IFA Tampa-St. Petersburg-Clearwater, FL",0.0,no cell in the extract: territory at zero opportunity
ifa_southatl_merge,32424,ifa,FL,IFA,IFA_02,IFA,,12013,,1206925,"IFA Tampa-St. Petersburg-Clearwater, FL",0.0,no cell in the extract: territory at zero opportunity
ifa_southatl_merge,32425,ifa,FL,IFA,IFA_02,IFA,,12059,,1207450,"IFA Tampa-St. Petersburg-Clearwater, FL",0.0,no cell in the extract: territory at zero opportunity
ifa_southatl_merge,32426,ifa,FL,IFA,IFA_02,IFA,,12063,,1209900,"IFA Tampa-St. Petersburg-Clearwater, FL",0.0,no cell in the extract: territory at zero opportunity
ifa_southatl_merge,32427,ifa,FL,IFA,IFA_02,IFA,,12133,37460,1210975,"IFA Tampa-St. Petersburg-Clearwater, FL",0.0,no cell in the extract: territory at zero opportunity
ifa_southatl_merge,32428,ifa,FL,IFA,IFA_02,IFA,,12133,37460,1211975,"IFA Tampa-St. Petersburg-Clearwater, FL",21.6662,
ifa_southatl_merge,32430,ifa,FL,IFA,IFA_02,IFA,,12013,,,"IFA Tampa-St. Petersburg-Clearwater, FL",0.0,no cell in the extract: territory at zero opportunity
ifa_southatl_merge,32431,ifa,FL,IFA,IFA_02,IFA,,12063,,1235200,"IFA Tampa-St. Petersburg-Clearwater, FL",0.0,no cell in the extract: territory at zero opportunity
ifa_southatl_merge,32432,ifa,FL,IFA,IFA_02,IFA,,12063,,,"IFA Tampa-St. Petersburg-Clearwater, FL",0.0,no cell in the extract: territory at zero opportunity
ifa_southatl_merge,32433,ifa,FL,IFA,IFA_02,IFA,,12131,18880,1216800,"IFA Tampa-St. Petersburg-Clearwater, FL",0.0,no cell in the extract: territory at zero opportunity
ifa_southatl_merge,32435,ifa,FL,IFA,IFA_02,IFA,,12131,18880,1216800,"IFA Tampa-St. Petersburg-Clearwater, FL",0.331574,
ifa_southatl_merge,32437,ifa,FL,IFA,IFA_02,IFA,,12133,37460,1219725,"IFA Tampa-St. Petersburg-Clearwater, FL",0.0,no cell in the extract: territory at zero opportunity
ifa_southatl_merge,32438,ifa,FL,IFA,IFA_02,IFA,,12005,37460,,"IFA Tampa-St. Petersburg-Clearwater, FL",0.0,no cell in the extract: territory at zero opportunity
ifa_southatl_merge,32439,ifa,FL,IFA,IFA_02,IFA,,12131,18880,1224825,"IFA Tampa-St. Petersburg-Clearwater, FL",2.76104,
ifa_southatl_merge,32440,ifa,FL,IFA,IFA_02,IFA,,12063,,1227000,"IFA Tampa-St. Petersburg-Clearwater, FL",0.0,no cell in the extract: territory at zero opportunity
ifa_southatl_merge,32442,ifa,FL,IFA,IFA_02,IFA,,12063,,1227175,"IFA Tampa-St. Petersburg-Clearwater, FL",0.0,no cell in the extract: territory at zero opportunity
ifa_southatl_merge,32443,ifa,FL,IFA,IFA_02,IFA,,12063,,1227600,"IFA Tampa-St. Petersburg-Clearwater, FL",0.0,no cell in the extract: territory at zero opportunity
ifa_southatl_merge,32444,ifa,FL,IFA,IFA_02,IFA,,12005,37460,1241825,"IFA Tampa-St. Petersburg-Clearwater, FL",0.0805928,
ifa_southatl_merge,32445,ifa,FL,IFA,IFA_02,IFA,,12063,,1242650,"IFA Tampa-St. Petersburg-Clearwater, FL",0.0,no cell in the extract: territory at zero opportunity
ifa_southatl_merge,32446,ifa,FL,IFA,IFA_02,IFA,,12063,,1243175,"IFA Tampa-St. Petersburg-Clearwater, FL",6.49795,
ifa_southatl_merge,32448,ifa,FL,IFA,IFA_02,IFA,,12063,,1243175,"IFA Tampa-St. Petersburg-Clearwater, FL",0.102394,
ifa_southatl_merge,32449,ifa,FL,IFA,IFA_02,IFA,,12013,,,"IFA Tampa-St. Petersburg-Clearwater, FL",0.0,no cell in the extract: territory at zero opportunity
ifa_southatl_merge,32455,ifa,FL,IFA,IFA_02,IFA,,12131,18880,1258175,"IFA Tampa-St. Petersburg-Clearwater, FL",0.0,no cell in the extract: territory at zero opportunity
ifa_southatl_merge,32456,ifa,FL,IFA,IFA_02,IFA,,12045,,1258675,"IFA Tampa-St. Petersburg-Clearwater, FL",0.0662593,
ifa_southatl_merge,32459,ifa,FL,IFA,IFA_02,IFA,,12131,18880,1246000,"IFA Tampa-St. Petersburg-Clearwater, FL",2.65957,
ifa_southatl_merge,32460,ifa,FL,IFA,IFA_02,IFA,,12063,,1266725,"IFA Tampa-St. Petersburg-Clearwater, FL",0.0,no cell in the extract: territory at zero opportunity
ifa_southatl_merge,32461,ifa,FL,IFA,IFA_02,IFA,,12131,18880,,"IFA Tampa-St. Petersburg-Clearwater, FL",0.0,no cell in the extract: territory at zero opportunity
ifa_southatl_merge,32462,ifa,FL,IFA,IFA_02,IFA,,12133,37460,1274125,"IFA Tampa-St. Petersburg-Clearwater, FL",0.0,no cell in the extract: territory at zero opportunity
ifa_southatl_merge,32463,ifa,FL,IFA,IFA_02,IFA,,12133,37460,1275450,"IFA Tampa-St. Petersburg-Clearwater, FL",0.0,no cell in the extract: territory at zero opportunity
ifa_southatl_merge,32464,ifa,FL,IFA,IFA_02,IFA,,12059,,1276975,"IFA Tampa-St. Petersburg-Clearwater, FL",0.0,no cell in the extract: territory at zero opportunity
ifa_southatl_merge,32465,ifa,FL,IFA,IFA_02,IFA,,12045,,1277100,"IFA Tampa-St. Petersburg-Clearwater, FL",0.0,no cell in the extract: territory at zero opportunity
ifa_southatl_merge,32466,ifa,FL,IFA,IFA_02,IFA,,12005,37460,,"IFA Tampa-St. Petersburg-Clearwater, FL",0.0,no cell in the extract: territory at zero opportunity
ifa_southatl_merge,32501,ifa,FL,IFA,IFA_02,IFA,,12033,37860,1255925,"IFA Tampa-St. Petersburg-Clearwater, FL",0.195129,
ifa_southatl_merge,32502,ifa,FL,IFA,IFA_02,IFA,,12033,37860,1255925,"IFA Tampa-St. Petersburg-Clearwater, FL",28.6253,
ifa_southatl_merge,32503,ifa,FL,IFA,IFA_02,IFA,,12033,37860,1255925,"IFA Tampa-St. Petersburg-Clearwater, FL",4.26392,
ifa_southatl_merge,32504,ifa,FL,IFA,IFA_02,IFA,,12033,37860,1255925,"IFA Tampa-St. Petersburg-Clearwater, FL",0.880835,
ifa_southatl_merge,32505,ifa,FL,IFA,IFA_02,IFA,,12033,37860,1208300,"IFA Tampa-St. Petersburg-Clearwater, FL",0.0,no cell in the extract: territory at zero opportunity
ifa_southatl_merge,32506,ifa,FL,IFA,IFA_02,IFA,,12033,37860,1247550,"IFA Tampa-St. Petersburg-Clearwater, FL",0.0,no cell in the extract: territory at zero opportunity
ifa_southatl_merge,32507,ifa,FL,IFA,IFA_02,IFA,,12033,37860,1275200,"IFA Tampa-St. Petersburg-Clearwater, FL",0.0,no cell in the extract: territory at zero opportunity
ifa_southatl_merge,32508,ifa,FL,IFA,IFA_02,IFA,,12033,37860,1256004,"IFA Tampa-St. Petersburg-Clearwater, FL",0.0,no cell in the extract: territory at zero opportunity
ifa_southatl_merge,32509,ifa,FL,IFA,IFA_02,IFA,,12033,37860,,"IFA Tampa-St. Petersburg-Clearwater, FL",0.0,no cell in the extract: territory at zero opportunity
ifa_southatl_merge,32511,ifa,FL,IFA,IFA_02,IFA,,12033,37860,1247550,"IFA Tampa-St. Petersburg-Clearwater, FL",0.0,no cell in the extract: territory at zero opportunity
ifa_southatl_merge,32512,ifa,FL,IFA,IFA_02,IFA,,12033,37860,1247550,"IFA Tampa-St. Petersburg-Clearwater, FL",0.0,no cell in the extract: territory at zero opportunity
ifa_southatl_merge,32514,ifa,FL,IFA,IFA_02,IFA,,12033,37860,1222275,"IFA Tampa-St. Petersburg-Clearwater, FL",1.279,
ifa_southatl_merge,32526,ifa,FL,IFA,IFA_02,IFA,,12033,37860,1205462,"IFA Tampa-St. Petersburg-Clearwater, FL",0.268544,
ifa_southatl_merge,32530,ifa,FL,IFA,IFA_02,IFA,,12113,37860,1202925,"IFA Tampa-St. Petersburg-Clearwater, FL",0.0,no cell in the extract: territory at zero opportunity
ifa_southatl_merge,32531,ifa,FL,IFA,IFA_02,IFA,,12091,18880,1247300,"IFA Tampa-St. Petersburg-Clearwater, FL",0.0,no cell in the extract: territory at zero opportunity
ifa_southatl_merge,32533,ifa,FL,IFA,IFA_02,IFA,,12033,37860,1226700,"IFA Tampa-St. Petersburg-Clearwater, FL",2.3801,
ifa_southatl_merge,32534,ifa,FL,IFA,IFA_02,IFA,,12033,37860,1220925,"IFA Tampa-St. Petersburg-Clearwater, FL",0.0,no cell in the extract: territory at zero opportunity
ifa_southatl_merge,32535,ifa,FL,IFA,IFA_02,IFA,,12033,37860,1211362,"IFA Tampa-St. Petersburg-Clearwater, FL",0.0,no cell in the extract: territory at zero opportunity
ifa_southatl_merge,32536,ifa,FL,IFA,IFA_02,IFA,,12091,18880,1215475,"IFA Tampa-St. Petersburg-Clearwater, FL",10.8828,
ifa_southatl_merge,32539,ifa,FL,IFA,IFA_02,IFA,,12091,18880,1215475,"IFA Tampa-St. Petersburg-Clearwater, FL",0.0168332,
ifa_southatl_merge,32541,ifa,FL,IFA,IFA_02,IFA,,12091,18880,1217325,"IFA Tampa-St. Petersburg-Clearwater, FL",8.16869,
ifa_southatl_merge,32542,ifa,FL,IFA,IFA_02,IFA,,12091,18880,1273675,"IFA Tampa-St. Petersburg-Clearwater, FL",0.0,no cell in the extract: territory at zero opportunity
ifa_southatl_merge,32544,ifa,FL,IFA,IFA_02,IFA,,12091,18880,1232975,"IFA Tampa-St. Petersburg-Clearwater, FL",0.0,no cell in the extract: territory at zero opportunity
ifa_southatl_merge,32547,ifa,FL,IFA,IFA_02,IFA,,12091,18880,1278800,"IFA Tampa-St. Petersburg-Clearwater, FL",0.721818,
ifa_southatl_merge,32548,ifa,FL,IFA,IFA_02,IFA,,12091,18880,1224475,"IFA Tampa-St. Petersburg-Clearwater, FL",2.04221,
ifa_southatl_merge,32550,ifa,FL,IFA,IFA_02,IFA,,12131,18880,1246000,"IFA Tampa-St. Petersburg-Clearwater, FL",0.950396,
ifa_southatl_merge,32561,ifa,FL,IFA,IFA_02,IFA,,12033,37860,1228000,"IFA Tampa-St. Petersburg-Clearwater, FL",0.243882,
ifa_southatl_merge,32563,ifa,FL,IFA,IFA_02,IFA,,12113,37860,1245465,"IFA Tampa-St. Petersburg-Clearwater, FL",0.0,no cell in the extract: territory at zero opportunity
ifa_southatl_merge,32564,ifa,FL,IFA,IFA_02,IFA,,12113,37860,1229000,"IFA Tampa-St. Petersburg-Clearwater, FL",0.0,no cell in the extract: territory at zero opportunity
ifa_southatl_merge,32565,ifa,FL,IFA,IFA_02,IFA,,12113,37860,1212300,"IFA Tampa-St. Petersburg-Clearwater, FL",0.0,no cell in the extract: territory at zero opportunity
ifa_southatl_merge,32566,ifa,FL,IFA,IFA_02,IFA,,12113,37860,1248050,"IFA Tampa-St. Petersburg-Clearwater, FL",0.0,no cell in the extract: territory at zero opportunity
ifa_southatl_merge,32567,ifa,FL,IFA,IFA_02,IFA,,12091,18880,1239650,"IFA Tampa-St. Petersburg-Clearwater, FL",0.0,no cell in the extract: territory at zero opportunity
ifa_southatl_merge,32568,ifa,FL,IFA,IFA_02,IFA,,12033,37860,,"IFA Tampa-St. Petersburg-Clearwater, FL",0.0,no cell in the extract: territory at zero opportunity
ifa_southatl_merge,32569,ifa,FL,IFA,IFA_02,IFA,,12091,18880,1243375,"IFA Tampa-St. Petersburg-Clearwater, FL",0.0,no cell in the extract: territory at zero opportunity
ifa_southatl_merge,32570,ifa,FL,IFA,IFA_02,IFA,,12113,37860,1247300,"IFA Tampa-St. Petersburg-Clearwater, FL",8.35458,
ifa_southatl_merge,32571,ifa,FL,IFA,IFA_02,IFA,,12113,37860,1253725,"IFA Tampa-St. Petersburg-Clearwater, FL",1.06003,
ifa_southatl_merge,32577,ifa,FL,IFA,IFA_02,IFA,,12033,37860,1246225,"IFA Tampa-St. Petersburg-Clearwater, FL",0.0,no cell in the extract: territory at zero opportunity
ifa_southatl_merge,32578,ifa,FL,IFA,IFA_02,IFA,,12091,18880,1248750,"IFA Tampa-St. Petersburg-Clearwater, FL",0.316611,
ifa_southatl_merge,32579,ifa,FL,IFA,IFA_02,IFA,,12091,18880,1238287,"IFA Tampa-St. Petersburg-Clearwater, FL",0.0,no cell in the extract: territory at zero opportunity
ifa_southatl_merge,32580,ifa,FL,IFA,IFA_02,IFA,,12091,18880,1273675,"IFA Tampa-St. Petersburg-Clearwater, FL",0.0,no cell in the extract: territory at zero opportunity
ifa_southatl_merge,32583,ifa,FL,IFA,IFA_02,IFA,,12113,37860,1219275,"IFA Tampa-St. Petersburg-Clearwater, FL",1.71277,
ifa_southatl_merge,32601,ifa,FL,IFA,IFA_02,IFA,,12001,23540,1225175,"IFA Tampa-St. Petersburg-Clearwater, FL",10.0383,
ifa_southatl_merge,32603,ifa,FL,IFA,IFA_02,IFA,,12001,23540,1225175,"IFA Tampa-St. Petersburg-Clearwater, FL",0.0,no cell in the extract: territory at zero opportunity
ifa_southatl_merge,32605,ifa,FL,IFA,IFA_02,IFA,,12001,23540,1225175,"IFA Tampa-St. Petersburg-Clearwater, FL",1.06056,
ifa_southatl_merge,32606,ifa,FL,IFA,IFA_02,IFA,,12001,23540,1225175,"IFA Tampa-St. Petersburg-Clearwater, FL",4.80509,
ifa_southatl_merge,32607,ifa,FL,IFA,IFA_02,IFA,,12001,23540,1225175,"IFA Tampa-St. Petersburg-Clearwater, FL",3.69996,
ifa_southatl_merge,32608,ifa,FL,IFA,IFA_02,IFA,,12001,23540,1225175,"IFA Tampa-St. Petersburg-Clearwater, FL",5.21307,
ifa_southatl_merge,32609,ifa,FL,IFA,IFA_02,IFA,,12001,23540,1225175,"IFA Tampa-St. Petersburg-Clearwater, FL",0.0,no cell in the extract: territory at zero opportunity
ifa_southatl_merge,32610,ifa,FL,IFA,IFA_02,IFA,,12001,23540,1225175,"IFA Tampa-St. Petersburg-Clearwater, FL",0.0,no cell in the extract: territory at zero opportunity
ifa_southatl_merge,32612,ifa,FL,IFA,IFA_02,IFA,,12001,23540,1225175,"IFA Tampa-St. Petersburg-Clearwater, FL",0.0,no cell in the extract: territory at zero opportunity
ifa_southatl_merge,32615,ifa,FL,IFA,IFA_02,IFA,,12001,23540,1200375,"IFA Tampa-St. Petersburg-Clearwater, FL",0.24215,
ifa_southatl_merge,32616,ifa,FL,IFA,IFA_02,IFA,,12001,23540,1200375,"IFA Tampa-St. Petersburg-Clearwater, FL",0.0,no cell in the extract: territory at zero opportunity
ifa_southatl_merge,32617,ifa,FL,IFA,IFA_02,IFA,,12083,36100,,"IFA Tampa-St. Petersburg-Clearwater, FL",0.0,no cell in the extract: territory at zero opportunity
ifa_southatl_merge,32618,ifa,FL,IFA,IFA_02,IFA,,12001,23540,1201775,"IFA Tampa-St. Petersburg-Clearwater, FL",0.0,no cell in the extract: territory at zero opportunity
ifa_southatl_merge,32619,ifa,FL,IFA,IFA_02,IFA,,12041,23540,1204975,"IFA Tampa-St. Petersburg-Clearwater, FL",0.0,no cell in the extract: territory at zero opportunity
ifa_southatl_merge,32621,ifa,FL,IFA,IFA_02,IFA,,12075,23540,1219025,"IFA Tampa-St. Petersburg-Clearwater, FL",0.0,no cell in the extract: territory at zero opportunity
ifa_southatl_merge,32622,ifa,FL,IFA,IFA_02,IFA,,12007,,1237300,"IFA Tampa-St. Petersburg-Clearwater, FL",0.0,no cell in the extract: territory at zero opportunity
ifa_southatl_merge,32625,ifa,FL,IFA,IFA_02,IFA,,12075,23540,1211225,"IFA Tampa-St. Petersburg-Clearwater, FL",0.0,no cell in the extract: territory at zero opportunity
ifa_southatl_merge,32626,ifa,FL,IFA,IFA_02,IFA,,12075,23540,1242787,"IFA Tampa-St. Petersburg-Clearwater, FL",1.79228,
ifa_southatl_merge,32628,ifa,FL,IFA,IFA_02,IFA,,12029,,1215575,"IFA Tampa-St. Petersburg-Clearwater, FL",0.0,no cell in the extract: territory at zero opportunity
ifa_southatl_merge,32631,ifa,FL,IFA,IFA_04,IFA,,12001,23540,,"IFA Orlando-Kissimmee-Sanford, FL",0.0,no cell in the extract: territory at zero opportunity
ifa_southatl_merge,32634,ifa,FL,IFA,IFA_02,IFA,,12083,36100,,"IFA Tampa-St. Petersburg-Clearwater, FL",0.0,no cell in the extract: territory at zero opportunity
ifa_southatl_merge,32639,ifa,FL,IFA,IFA_02,IFA,,12075,23540,,"IFA Tampa-St. Petersburg-Clearwater, FL",0.0,no cell in the extract: territory at zero opportunity
ifa_southatl_merge,32640,ifa,FL,IFA,IFA_04,IFA,,12001,23540,1229275,"IFA Orlando-Kissimmee-Sanford, FL",0.0,no cell in the extract: territory at zero opportunity
ifa_southatl_merge,32641,ifa,FL,IFA,IFA_02,IFA,,12001,23540,1225175,"IFA Tampa-St. Petersburg-Clearwater, FL",0.0,no cell in the extract: territory at zero opportunity
ifa_southatl_merge,32643,ifa,FL,IFA,IFA_02,IFA,,12001,23540,1230525,"IFA Tampa-St. Petersburg-Clearwater, FL",0.978524,
ifa_southatl_merge,32648,ifa,FL,IFA,IFA_02,IFA,,12029,,1232650,"IFA Tampa-St. Petersburg-Clearwater, FL",0.0,no cell in the extract: territory at zero opportunity
ifa_southatl_merge,32653,ifa,FL,IFA,IFA_02,IFA,,12001,23540,1225175,"IFA Tampa-St. Petersburg-Clearwater, FL",0.0,no cell in the extract: territory at zero opportunity
ifa_southatl_merge,32656,ifa,FL,IFA,IFA_04,IFA,,12019,27260,1236475,"IFA Orlando-Kissimmee-Sanford, FL",0.0,no cell in the extract: territory at zero opportunity
ifa_southatl_merge,32658,ifa,FL,IFA,IFA_02,IFA,,12001,23540,1237300,"IFA Tampa-St. Petersburg-Clearwater, FL",0.0,no cell in the extract: territory at zero opportunity
ifa_southatl_merge,32664,ifa,FL,IFA,IFA_02,IFA,,12083,36100,1242150,"IFA Tampa-St. Petersburg-Clearwater, FL",0.0,no cell in the extract: territory at zero opportunity
ifa_southatl_merge,32666,ifa,FL,IFA,IFA_04,IFA,,12107,37260,,"IFA Orlando-Kissimmee-Sanford, FL",0.0,no cell in the extract: territory at zero opportunity
ifa_southatl_merge,32667,ifa,FL,IFA,IFA_02,IFA,,12001,23540,1245225,"IFA Tampa-St. Petersburg-Clearwater, FL",0.0,no cell in the extract: territory at zero opportunity
ifa_southatl_merge,32668,ifa,FL,IFA,IFA_02,IFA,,12075,23540,1277837,"IFA Tampa-St. Petersburg-Clearwater, FL",0.0,no cell in the extract: territory at zero opportunity
ifa_southatl_merge,32669,ifa,FL,IFA,IFA_02,IFA,,12001,23540,1248200,"IFA Tampa-St. Petersburg-Clearwater, FL",3.28573,
ifa_southatl_merge,32680,ifa,FL,IFA,IFA_02,IFA,,12029,,,"IFA Tampa-St. Petersburg-Clearwater, FL",0.0,no cell in the extract: territory at zero opportunity
ifa_southatl_merge,32681,ifa,FL,IFA,IFA_02,IFA,,12083,36100,,"IFA Tampa-St. Petersburg-Clearwater, FL",0.0,no cell in the extract: territory at zero opportunity
ifa_southatl_merge,32683,ifa,FL,IFA,IFA_02,IFA,,12075,23540,1253500,"IFA Tampa-St. Petersburg-Clearwater, FL",0.0,no cell in the extract: territory at zero opportunity
ifa_southatl_merge,32686,ifa,FL,IFA,IFA_02,IFA,,12083,36100,1259675,"IFA Tampa-St. Petersburg-Clearwater, FL",0.0,no cell in the extract: territory at zero opportunity
ifa_southatl_merge,32692,ifa,FL,IFA,IFA_02,IFA,,12029,,,"IFA Tampa-St. Petersburg-Clearwater, FL",0.0,no cell in the extract: territory at zero opportunity
ifa_southatl_merge,32693,ifa,FL,IFA,IFA_02,IFA,,12041,23540,1221850,"IFA Tampa-St. Petersburg-Clearwater, FL",0.979281,
ifa_southatl_merge,32694,ifa,FL,IFA,IFA_02,IFA,,12001,23540,1274925,"IFA Tampa-St. Petersburg-Clearwater, FL",0.0,no cell in the extract: territory at zero opportunity
ifa_southatl_merge,32696,ifa,FL,IFA,IFA_02,IFA,,12075,23540,1277837,"IFA Tampa-St. Petersburg-Clearwater, FL",0.718019,
ifa_southatl_merge,32697,ifa,FL,IFA,IFA_02,IFA,,12125,,1278775,"IFA Tampa-St. Petersburg-Clearwater, FL",0.0,no cell in the extract: territory at zero opportunity
ifa_southatl_merge,32701,ifa,FL,IFA,IFA_04,IFA,,12117,36740,1200950,"IFA Orlando-Kissimmee-Sanford, FL",2.01577,
ifa_southatl_merge,32702,ifa,FL,IFA,IFA_04,IFA,,12069,36740,1257380,"IFA Orlando-Kissimmee-Sanford, FL",0.0,no cell in the extract: territory at zero opportunity
ifa_southatl_merge,32703,ifa,FL,IFA,IFA_04,IFA,,12095,36740,1201700,"IFA Orlando-Kissimmee-Sanford, FL",0.00198863,
ifa_southatl_merge,32707,ifa,FL,IFA,IFA_04,IFA,,12117,36740,1211050,"IFA Orlando-Kissimmee-Sanford, FL",0.0,no cell in the extract: territory at zero opportunity
ifa_southatl_merge,32708,ifa,FL,IFA,IFA_04,IFA,,12117,36740,1278325,"IFA Orlando-Kissimmee-Sanford, FL",19.433,
ifa_southatl_merge,32709,ifa,FL,IFA,IFA_04,IFA,,12095,36740,1212250,"IFA Orlando-Kissimmee-Sanford, FL",0.0,no cell in the extract: territory at zero opportunity
ifa_southatl_merge,32712,ifa,FL,IFA,IFA_04,IFA,,12095,36740,1201700,"IFA Orlando-Kissimmee-Sanford, FL",0.441087,
ifa_southatl_merge,32713,ifa,FL,IFA,IFA_04,IFA,,12127,19660,1216675,"IFA Orlando-Kissimmee-Sanford, FL",0.0,no cell in the extract: territory at zero opportunity
ifa_southatl_merge,32714,ifa,FL,IFA,IFA_04,IFA,,12117,36740,1200950,"IFA Orlando-Kissimmee-Sanford, FL",34.7253,
ifa_southatl_merge,32720,ifa,FL,IFA,IFA_04,IFA,,12127,19660,1216875,"IFA Orlando-Kissimmee-Sanford, FL",1.45727,
ifa_southatl_merge,32723,ifa,FL,IFA,IFA_04,IFA,,12127,19660,1216875,"IFA Orlando-Kissimmee-Sanford, FL",0.0,no cell in the extract: territory at zero opportunity
ifa_southatl_merge,32724,ifa,FL,IFA,IFA_04,IFA,,12127,19660,1216875,"IFA Orlando-Kissimmee-Sanford, FL",3.65744,
ifa_southatl_merge,32725,ifa,FL,IFA,IFA_04,IFA,,12127,19660,1217200,"IFA Orlando-Kissimmee-Sanford, FL",0.0,no cell in the extract: territory at zero opportunity
ifa_southatl_merge,32726,ifa,FL,IFA,IFA_04,IFA,,12069,36740,1221350,"IFA Orlando-Kissimmee-Sanford, FL",0.618209,
ifa_southatl_merge,32730,ifa,FL,IFA,IFA_04,IFA,,12117,36740,1222250,"IFA Orlando-Kissimmee-Sanford, FL",0.0,no cell in the extract: territory at zero opportunity
ifa_southatl_merge,32732,ifa,FL,IFA,IFA_04,IFA,,12117,36740,1225750,"IFA Orlando-Kissimmee-Sanford, FL",0.0,no cell in the extract: territory at zero opportunity
ifa_southatl_merge,32735,ifa,FL,IFA,IFA_04,IFA,,12069,36740,1221350,"IFA Orlando-Kissimmee-Sanford, FL",0.0,no cell in the extract: territory at zero opportunity
ifa_southatl_merge,32736,ifa,FL,IFA,IFA_04,IFA,,12069,36740,1221350,"IFA Orlando-Kissimmee-Sanford, FL",0.0,no cell in the extract: territory at zero opportunity
ifa_southatl_merge,32738,ifa,FL,IFA,IFA_04,IFA,,12127,19660,1217200,"IFA Orlando-Kissimmee-Sanford, FL",0.0,no cell in the extract: territory at zero opportunity
ifa_southatl_merge,32744,ifa,FL,IFA,IFA_04,IFA,,12127,19660,1238025,"IFA Orlando-Kissimmee-Sanford, FL",0.0,no cell in the extract: territory at zero opportunity
ifa_southatl_merge,32746,ifa,FL,IFA,IFA_04,IFA,,12117,36740,1238425,"IFA Orlando-Kissimmee-Sanford, FL",52.6717,
ifa_southatl_merge,32750,ifa,FL,IFA,IFA_04,IFA,,12117,36740,1241250,"IFA Orlando-Kissimmee-Sanford, FL",2.04624,
ifa_southatl_merge,32751,ifa,FL,IFA,IFA_04,IFA,,12095,36740,1242575,"IFA Orlando-Kissimmee-Sanford, FL",61.9288,
ifa_southatl_merge,32754,ifa,FL,IFA,IFA_04,IFA,,12009,37340,1245775,"IFA Orlando-Kissimmee-Sanford, FL",0.0,no cell in the extract: territory at zero opportunity
ifa_southatl_merge,32757,ifa,FL,IFA,IFA_04,IFA,,12069,36740,1247050,"IFA Orlando-Kissimmee-Sanford, FL",2.45655,
ifa_southatl_merge,32759,ifa,FL,IFA,IFA_04,IFA,,12127,19660,1250450,"IFA Orlando-Kissimmee-Sanford, FL",0.0,no cell in the extract: territory at zero opportunity
ifa_southatl_merge,32763,ifa,FL,IFA,IFA_04,IFA,,12127,19660,1251825,"IFA Orlando-Kissimmee-Sanford, FL",0.500912,
ifa_southatl_merge,32764,ifa,FL,IFA,IFA_04,IFA,,12127,19660,1217200,"IFA Orlando-Kissimmee-Sanford, FL",0.0,no cell in the extract: territory at zero opportunity
ifa_southatl_merge,32765,ifa,FL,IFA,IFA_04,IFA,,12117,36740,1253575,"IFA Orlando-Kissimmee-Sanford, FL",9.40782,
ifa_southatl_merge,32766,ifa,FL,IFA,IFA_04,IFA,,12117,36740,1253575,"IFA Orlando-Kissimmee-Sanford, FL",0.0,no cell in the extract: territory at zero opportunity
ifa_southatl_merge,32767,ifa,FL,IFA,IFA_04,IFA,,12069,36740,1253850,"IFA Orlando-Kissimmee-Sanford, FL",0.0,no cell in the extract: territory at zero opportunity
ifa_southatl_merge,32768,ifa,FL,IFA,IFA_04,IFA,,12095,36740,1201700,"IFA Orlando-Kissimmee-Sanford, FL",0.0,no cell in the extract: territory at zero opportunity
ifa_southatl_merge,32771,ifa,FL,IFA,IFA_04,IFA,,12117,36740,1263650,"IFA Orlando-Kissimmee-Sanford, FL",2.48482,
ifa_southatl_merge,32773,ifa,FL,IFA,IFA_04,IFA,,12117,36740,1263650,"IFA Orlando-Kissimmee-Sanford, FL",0.0,no cell in the extract: territory at zero opportunity
ifa_southatl_merge,32775,ifa,FL,IFA,IFA_04,IFA,,12009,37340,1264625,"IFA Orlando-Kissimmee-Sanford, FL",0.0,no cell in the extract: territory at zero opportunity
ifa_southatl_merge,32776,ifa,FL,IFA,IFA_04,IFA,,12069,36740,1247125,"IFA Orlando-Kissimmee-Sanford, FL",0.0,no cell in the extract: territory at zero opportunity
ifa_southatl_merge,32778,ifa,FL,IFA,IFA_04,IFA,,12069,36740,1271225,"IFA Orlando-Kissimmee-Sanford, FL",0.88187,
ifa_southatl_merge,32779,ifa,FL,IFA,IFA_04,IFA,,12117,36740,1275725,"IFA Orlando-Kissimmee-Sanford, FL",0.368158,
ifa_southatl_merge,32780,ifa,FL,IFA,IFA_04,IFA,,12009,37340,1271900,"IFA Orlando-Kissimmee-Sanford, FL",0.0775557,
ifa_southatl_merge,32784,ifa,FL,IFA,IFA_04,IFA,,12083,36100,1273025,"IFA Orlando-Kissimmee-Sanford, FL",0.0,no cell in the extract: territory at zero opportunity
ifa_southatl_merge,32789,ifa,FL,IFA,IFA_04,IFA,,12095,36740,1278300,"IFA Orlando-Kissimmee-Sanford, FL",34.5897,
ifa_southatl_merge,32792,ifa,FL,IFA,IFA_04,IFA,,12117,36740,1226475,"IFA Orlando-Kissimmee-Sanford, FL",11.5329,
ifa_southatl_merge,32796,ifa,FL,IFA,IFA_04,IFA,,12009,37340,1271900,"IFA Orlando-Kissimmee-Sanford, FL",1.50332,
ifa_southatl_merge,32798,ifa,FL,IFA,IFA_04,IFA,,12095,36740,1279200,"IFA Orlando-Kissimmee-Sanford, FL",0.0,no cell in the extract: territory at zero opportunity
ifa_southatl_merge,32801,ifa,FL,IFA,IFA_04,IFA,,12095,36740,1253000,"IFA Orlando-Kissimmee-Sanford, FL",35.1737,
ifa_southatl_merge,32803,ifa,FL,IFA,IFA_04,IFA,,12095,36740,1253000,"IFA Orlando-Kissimmee-Sanford, FL",19.4995,
ifa_southatl_merge,32804,ifa,FL,IFA,IFA_04,IFA,,12095,36740,1253000,"IFA Orlando-Kissimmee-Sanford, FL",13.4765,
ifa_southatl_merge,32805,ifa,FL,IFA,IFA_04,IFA,,12095,36740,1253000,"IFA Orlando-Kissimmee-Sanford, FL",0.0,no cell in the extract: territory at zero opportunity
ifa_southatl_merge,32806,ifa,FL,IFA,IFA_04,IFA,,12095,36740,1253000,"IFA Orlando-Kissimmee-Sanford, FL",1.03116,
ifa_southatl_merge,32807,ifa,FL,IFA,IFA_04,IFA,,12095,36740,1253000,"IFA Orlando-Kissimmee-Sanford, FL",0.0,no cell in the extract: territory at zero opportunity
ifa_southatl_merge,32808,ifa,FL,IFA,IFA_04,IFA,,12095,36740,1256825,"IFA Orlando-Kissimmee-Sanford, FL",0.0,no cell in the extract: territory at zero opportunity
ifa_southatl_merge,32809,ifa,FL,IFA,IFA_04,IFA,,12095,36740,1256500,"IFA Orlando-Kissimmee-Sanford, FL",0.0,no cell in the extract: territory at zero opportunity
ifa_southatl_merge,32810,ifa,FL,IFA,IFA_04,IFA,,12095,36740,1241025,"IFA Orlando-Kissimmee-Sanford, FL",0.0,no cell in the extract: territory at zero opportunity
ifa_southatl_merge,32811,ifa,FL,IFA,IFA_04,IFA,,12095,36740,1253000,"IFA Orlando-Kissimmee-Sanford, FL",0.0,no cell in the extract: territory at zero opportunity
ifa_southatl_merge,32812,ifa,FL,IFA,IFA_04,IFA,,12095,36740,1253000,"IFA Orlando-Kissimmee-Sanford, FL",0.477282,
ifa_southatl_merge,32814,ifa,FL,IFA,IFA_04,IFA,,12095,36740,1253000,"IFA Orlando-Kissimmee-Sanford, FL",11.4374,
ifa_southatl_merge,32816,ifa,FL,IFA,IFA_04,IFA,,12095,36740,1273172,"IFA Orlando-Kissimmee-Sanford, FL",0.0,no cell in the extract: territory at zero opportunity
ifa_southatl_merge,32817,ifa,FL,IFA,IFA_04,IFA,,12095,36740,1273172,"IFA Orlando-Kissimmee-Sanford, FL",1.93506,
ifa_southatl_merge,32818,ifa,FL,IFA,IFA_04,IFA,,12095,36740,1256825,"IFA Orlando-Kissimmee-Sanford, FL",0.0,no cell in the extract: territory at zero opportunity
ifa_southatl_merge,32819,ifa,FL,IFA,IFA_04,IFA,,12095,36740,1253000,"IFA Orlando-Kissimmee-Sanford, FL",18.5576,
ifa_southatl_merge,32820,ifa,FL,IFA,IFA_04,IFA,,12095,36740,1206625,"IFA Orlando-Kissimmee-Sanford, FL",0.0,no cell in the extract: territory at zero opportunity
ifa_southatl_merge,32821,ifa,FL,IFA,IFA_04,IFA,,12095,36740,1277735,"IFA Orlando-Kissimmee-Sanford, FL",0.596588,
ifa_southatl_merge,32822,ifa,FL,IFA,IFA_04,IFA,,12095,36740,1253000,"IFA Orlando-Kissimmee-Sanford, FL",0.0,no cell in the extract: territory at zero opportunity
ifa_southatl_merge,32824,ifa,FL,IFA,IFA_04,IFA,,12095,36740,1243800,"IFA Orlando-Kissimmee-Sanford, FL",0.0,no cell in the extract: territory at zero opportunity
ifa_southatl_merge,32825,ifa,FL,IFA,IFA_04,IFA,,12095,36740,1200410,"IFA Orlando-Kissimmee-Sanford, FL",0.0,no cell in the extract: territory at zero opportunity
ifa_southatl_merge,32826,ifa,FL,IFA,IFA_04,IFA,,12095,36740,1273172,"IFA Orlando-Kissimmee-Sanford, FL",0.928897,
ifa_southatl_merge,32827,ifa,FL,IFA,IFA_04,IFA,,12095,36740,1253000,"IFA Orlando-Kissimmee-Sanford, FL",0.201147,
ifa_southatl_merge,32828,ifa,FL,IFA,IFA_04,IFA,,12095,36740,1200410,"IFA Orlando-Kissimmee-Sanford, FL",13.1422,
ifa_southatl_merge,32829,ifa,FL,IFA,IFA_04,IFA,,12095,36740,1253000,"IFA Orlando-Kissimmee-Sanford, FL",1.98372,
ifa_southatl_merge,32830,ifa,FL,IFA,IFA_04,IFA,,12095,36740,1204150,"IFA Orlando-Kissimmee-Sanford, FL",0.637885,
ifa_southatl_merge,32831,ifa,FL,IFA,IFA_04,IFA,,12095,36740,1253000,"IFA Orlando-Kissimmee-Sanford, FL",0.0,no cell in the extract: territory at zero opportunity
ifa_southatl_merge,32832,ifa,FL,IFA,IFA_04,IFA,,12095,36740,1253000,"IFA Orlando-Kissimmee-Sanford, FL",0.593906,
ifa_southatl_merge,32833,ifa,FL,IFA,IFA_04,IFA,,12095,36740,1275612,"IFA Orlando-Kissimmee-Sanford, FL",0.0,no cell in the extract: territory at zero opportunity
ifa_southatl_merge,32835,ifa,FL,IFA,IFA_04,IFA,,12095,36740,1253000,"IFA Orlando-Kissimmee-Sanford, FL",9.63899,
ifa_southatl_merge,32836,ifa,FL,IFA,IFA_04,IFA,,12095,36740,1217725,"IFA Orlando-Kissimmee-Sanford, FL",0.0,no cell in the extract: territory at zero opportunity
ifa_southatl_merge,32837,ifa,FL,IFA,IFA_04,IFA,,12095,36740,1232967,"IFA Orlando-Kissimmee-Sanford, FL",0.0,no cell in the extract: territory at zero opportunity
ifa_southatl_merge,32839,ifa,FL,IFA,IFA_04,IFA,,12095,36740,1253000,"IFA Orlando-Kissimmee-Sanford, FL",4.41961,
ifa_southatl_merge,32899,ifa,FL,IFA,IFA_04,IFA,,12009,37340,,"IFA Orlando-Kissimmee-Sanford, FL",0.0,no cell in the extract: territory at zero opportunity
ifa_southatl_merge,32901,ifa,FL,IFA,IFA_03,IFA,,12009,37340,1243975,"IFA Miami-Fort Lauderdale-West Palm Beach, FL / Tampa-St. Petersburg-Clearwater, FL",13.7881,
ifa_southatl_merge,32903,ifa,FL,IFA,IFA_03,IFA,,12009,37340,1233375,"IFA Miami-Fort Lauderdale-West Palm Beach, FL / Tampa-St. Petersburg-Clearwater, FL",2.43536,
ifa_southatl_merge,32904,ifa,FL,IFA,IFA_03,IFA,,12009,37340,1276500,"IFA Miami-Fort Lauderdale-West Palm Beach, FL / Tampa-St. Petersburg-Clearwater, FL",0.458413,
ifa_southatl_merge,32905,ifa,FL,IFA,IFA_03,IFA,,12009,37340,1254000,"IFA Miami-Fort Lauderdale-West Palm Beach, FL / Tampa-St. Petersburg-Clearwater, FL",0.0,no cell in the extract: territory at zero opportunity
ifa_southatl_merge,32907,ifa,FL,IFA,IFA_03,IFA,,12009,37340,1254000,"IFA Miami-Fort Lauderdale-West Palm Beach, FL / Tampa-St. Petersburg-Clearwater, FL",1.82797,
ifa_southatl_merge,32908,ifa,FL,IFA,IFA_03,IFA,,12009,37340,1254000,"IFA Miami-Fort Lauderdale-West Palm Beach, FL / Tampa-St. Petersburg-Clearwater, FL",0.0,no cell in the extract: territory at zero opportunity
ifa_southatl_merge,32909,ifa,FL,IFA,IFA_03,IFA,,12009,37340,1254000,"IFA Miami-Fort Lauderdale-West Palm Beach, FL / Tampa-St. Petersburg-Clearwater, FL",0.0,no cell in the extract: territory at zero opportunity
ifa_southatl_merge,32920,ifa,FL,IFA,IFA_03,IFA,,12009,37340,1210250,"IFA Miami-Fort Lauderdale-West Palm Beach, FL / Tampa-St. Petersburg-Clearwater, FL",0.0,no cell in the extract: territory at zero opportunity
ifa_southatl_merge,32922,ifa,FL,IFA,IFA_04,IFA,,12009,37340,1213150,"IFA Orlando-Kissimmee-Sanford, FL",0.0,no cell in the extract: territory at zero opportunity
ifa_southatl_merge,32925,ifa,FL,IFA,IFA_03,IFA,,12009,37340,1255375,"IFA Miami-Fort Lauderdale-West Palm Beach, FL / Tampa-St. Petersburg-Clearwater, FL",0.0,no cell in the extract: territory at zero opportunity
ifa_southatl_merge,32926,ifa,FL,IFA,IFA_04,IFA,,12009,37340,1213150,"IFA Orlando-Kissimmee-Sanford, FL",3.977,
ifa_southatl_merge,32927,ifa,FL,IFA,IFA_04,IFA,,12009,37340,1258700,"IFA Orlando-Kissimmee-Sanford, FL",0.0,no cell in the extract: territory at zero opportunity
ifa_southatl_merge,32931,ifa,FL,IFA,IFA_03,IFA,,12009,37340,1213175,"IFA Miami-Fort Lauderdale-West Palm Beach, FL / Tampa-St. Petersburg-Clearwater, FL",0.000954541,
ifa_southatl_merge,32934,ifa,FL,IFA,IFA_03,IFA,,12009,37340,1243975,"IFA Miami-Fort Lauderdale-West Palm Beach, FL / Tampa-St. Petersburg-Clearwater, FL",0.318268,
ifa_southatl_merge,32935,ifa,FL,IFA,IFA_03,IFA,,12009,37340,1243975,"IFA Miami-Fort Lauderdale-West Palm Beach, FL / Tampa-St. Petersburg-Clearwater, FL",0.394358,
ifa_southatl_merge,32937,ifa,FL,IFA,IFA_03,IFA,,12009,37340,1264400,"IFA Miami-Fort Lauderdale-West Palm Beach, FL / Tampa-St. Petersburg-Clearwater, FL",7.07592,
ifa_southatl_merge,32940,ifa,FL,IFA,IFA_03,IFA,,12009,37340,1274370,"IFA Miami-Fort Lauderdale-West Palm Beach, FL / Tampa-St. Petersburg-Clearwater, FL",13.094,
ifa_southatl_merge,32948,ifa,FL,IFA,IFA_03,IFA,,12061,42680,1222100,"IFA Miami-Fort Lauderdale-West Palm Beach, FL / Tampa-St. Petersburg-Clearwater, FL",0.0,no cell in the extract: territory at zero opportunity
ifa_southatl_merge,32949,ifa,FL,IFA,IFA_03,IFA,,12009,37340,1227256,"IFA Miami-Fort Lauderdale-West Palm Beach, FL / Tampa-St. Petersburg-Clearwater, FL",0.0,no cell in the extract: territory at zero opportunity
ifa_southatl_merge,32950,ifa,FL,IFA,IFA_03,IFA,,12009,37340,1242625,"IFA Miami-Fort Lauderdale-West Palm Beach, FL / Tampa-St. Petersburg-Clearwater, FL",0.0,no cell in the extract: territory at zero opportunity
ifa_southatl_merge,32951,ifa,FL,IFA,IFA_03,IFA,,12009,37340,1244000,"IFA Miami-Fort Lauderdale-West Palm Beach, FL / Tampa-St. Petersburg-Clearwater, FL",1.60887,
ifa_southatl_merge,32952,ifa,FL,IFA,IFA_03,IFA,,12009,37340,1244275,"IFA Miami-Fort Lauderdale-West Palm Beach, FL / Tampa-St. Petersburg-Clearwater, FL",7.17929,
ifa_southatl_merge,32953,ifa,FL,IFA,IFA_04,IFA,,12009,37340,1249435,"IFA Orlando-Kissimmee-Sanford, FL",9.0005,
ifa_southatl_merge,32955,ifa,FL,IFA,IFA_03,IFA,,12009,37340,1261500,"IFA Miami-Fort Lauderdale-West Palm Beach, FL / Tampa-St. Petersburg-Clearwater, FL",35.5684,
ifa_southatl_merge,32958,ifa,FL,IFA,IFA_03,IFA,,12061,42680,1264825,"IFA Miami-Fort Lauderdale-West Palm Beach, FL / Tampa-St. Petersburg-Clearwater, FL",0.0919697,
ifa_southatl_merge,32959,ifa,FL,IFA,IFA_04,IFA,,12009,37340,1265525,"IFA Orlando-Kissimmee-Sanford, FL",0.0,no cell in the extract: territory at zero opportunity
ifa_southatl_merge,32960,ifa,FL,IFA,IFA_03,IFA,,12061,42680,1274150,"IFA Miami-Fort Lauderdale-West Palm Beach, FL / Tampa-St. Petersburg-Clearwater, FL",4.38006,
ifa_southatl_merge,32962,ifa,FL,IFA,IFA_03,IFA,,12061,42680,1223050,"IFA Miami-Fort Lauderdale-West Palm Beach, FL / Tampa-St. Petersburg-Clearwater, FL",0.0,no cell in the extract: territory at zero opportunity
ifa_southatl_merge,32963,ifa,FL,IFA,IFA_03,IFA,,12061,42680,1233600,"IFA Miami-Fort Lauderdale-West Palm Beach, FL / Tampa-St. Petersburg-Clearwater, FL",5.82755,
ifa_southatl_merge,32966,ifa,FL,IFA,IFA_03,IFA,,12061,42680,1222100,"IFA Miami-Fort Lauderdale-West Palm Beach, FL / Tampa-St. Petersburg-Clearwater, FL",0.00159093,
ifa_southatl_merge,32967,ifa,FL,IFA,IFA_03,IFA,,12061,42680,1278225,"IFA Miami-Fort Lauderdale-West Palm Beach, FL / Tampa-St. Petersburg-Clearwater, FL",2.77734,
ifa_southatl_merge,32968,ifa,FL,IFA,IFA_03,IFA,,12061,42680,1274200,"IFA Miami-Fort Lauderdale-West Palm Beach, FL / Tampa-St. Petersburg-Clearwater, FL",0.0,no cell in the extract: territory at zero opportunity
ifa_southatl_merge,32970,ifa,FL,IFA,IFA_03,IFA,,12061,42680,1274625,"IFA Miami-Fort Lauderdale-West Palm Beach, FL / Tampa-St. Petersburg-Clearwater, FL",0.0,no cell in the extract: territory at zero opportunity
ifa_southatl_merge,32976,ifa,FL,IFA,IFA_03,IFA,,12009,37340,1245275,"IFA Miami-Fort Lauderdale-West Palm Beach, FL / Tampa-St. Petersburg-Clearwater, FL",0.0,no cell in the extract: territory at zero opportunity
ifa_southatl_merge,33001,ifa,FL,IFA,IFA_01,IFA,,12087,28580,1239725,"IFA Miami-Fort Lauderdale-West Palm Beach, FL / Key West-Key Largo, FL",0.0,no cell in the extract: territory at zero opportunity
ifa_southatl_merge,33004,ifa,FL,IFA,IFA_01,IFA,,12011,33100,1216335,"IFA Miami-Fort Lauderdale-West Palm Beach, FL / Key West-Key Largo, FL",0.0,no cell in the extract: territory at zero opportunity
ifa_southatl_merge,33009,ifa,FL,IFA,IFA_01,IFA,,12011,33100,1228452,"IFA Miami-Fort Lauderdale-West Palm Beach, FL / Key West-Key Largo, FL",0.242752,
ifa_southatl_merge,33010,ifa,FL,IFA,IFA_01,IFA,,12086,33100,1230000,"IFA Miami-Fort Lauderdale-West Palm Beach, FL / Key West-Key Largo, FL",0.18846,
ifa_southatl_merge,33012,ifa,FL,IFA,IFA_01,IFA,,12086,33100,1230000,"IFA Miami-Fort Lauderdale-West Palm Beach, FL / Key West-Key Largo, FL",0.357971,
ifa_southatl_merge,33013,ifa,FL,IFA,IFA_01,IFA,,12086,33100,1230000,"IFA Miami-Fort Lauderdale-West Palm Beach, FL / Key West-Key Largo, FL",0.0,no cell in the extract: territory at zero opportunity
ifa_southatl_merge,33014,ifa,FL,IFA,IFA_01,IFA,,12086,33100,1245100,"IFA Miami-Fort Lauderdale-West Palm Beach, FL / Key West-Key Largo, FL",16.909,
ifa_southatl_merge,33015,ifa,FL,IFA,IFA_01,IFA,,12086,33100,1214895,"IFA Miami-Fort Lauderdale-West Palm Beach, FL / Key West-Key Largo, FL",0.0148908,
ifa_southatl_merge,33016,ifa,FL,IFA,IFA_01,IFA,,12086,33100,1230000,"IFA Miami-Fort Lauderdale-West Palm Beach, FL / Key West-Key Largo, FL",0.622643,
ifa_southatl_merge,33018,ifa,FL,IFA,IFA_01,IFA,,12086,33100,1230000,"IFA Miami-Fort Lauderdale-West Palm Beach, FL / Key West-Key Largo, FL",0.0,no cell in the extract: territory at zero opportunity
ifa_southatl_merge,33019,ifa,FL,IFA,IFA_01,IFA,,12011,33100,1232000,"IFA Miami-Fort Lauderdale-West Palm Beach, FL / Key West-Key Largo, FL",0.0,no cell in the extract: territory at zero opportunity
ifa_southatl_merge,33020,ifa,FL,IFA,IFA_01,IFA,,12011,33100,1232000,"IFA Miami-Fort Lauderdale-West Palm Beach, FL / Key West-Key Largo, FL",1.53322,
ifa_southatl_merge,33021,ifa,FL,IFA,IFA_01,IFA,,12011,33100,1232000,"IFA Miami-Fort Lauderdale-West Palm Beach, FL / Key West-Key Largo, FL",8.27781,
ifa_southatl_merge,33022,ifa,FL,IFA,IFA_01,IFA,,12011,33100,1232000,"IFA Miami-Fort Lauderdale-West Palm Beach, FL / Key West-Key Largo, FL",0.0,no cell in the extract: territory at zero opportunity
ifa_southatl_merge,33023,ifa,FL,IFA,IFA_01,IFA,,12011,33100,1245975,"IFA Miami-Fort Lauderdale-West Palm Beach, FL / Key West-Key Largo, FL",4.112,
ifa_southatl_merge,33024,ifa,FL,IFA,IFA_01,IFA,,12011,33100,1255775,"IFA Miami-Fort Lauderdale-West Palm Beach, FL / Key West-Key Largo, FL",0.596502,
ifa_southatl_merge,33025,ifa,FL,IFA,IFA_01,IFA,,12011,33100,1245975,"IFA Miami-Fort Lauderdale-West Palm Beach, FL / Key West-Key Largo, FL",0.0,no cell in the extract: territory at zero opportunity
ifa_southatl_merge,33026,ifa,FL,IFA,IFA_01,IFA,,12011,33100,1255775,"IFA Miami-Fort Lauderdale-West Palm Beach, FL / Key West-Key Largo, FL",4.39873,
ifa_southatl_merge,33027,ifa,FL,IFA,IFA_01,IFA,,12011,33100,1245975,"IFA Miami-Fort Lauderdale-West Palm Beach, FL / Key West-Key Largo, FL",2.09023,
ifa_southatl_merge,33028,ifa,FL,IFA,IFA_01,IFA,,12011,33100,1255775,"IFA Miami-Fort Lauderdale-West Palm Beach, FL / Key West-Key Largo, FL",0.0,no cell in the extract: territory at zero opportunity
ifa_southatl_merge,33029,ifa,FL,IFA,IFA_01,IFA,,12011,33100,1245975,"IFA Miami-Fort Lauderdale-West Palm Beach, FL / Key West-Key Largo, FL",0.0,no cell in the extract: territory at zero opportunity
ifa_southatl_merge,33030,ifa,FL,IFA,IFA_01,IFA,,12086,33100,1232275,"IFA Miami-Fort Lauderdale-West Palm Beach, FL / Key West-Key Largo, FL",0.0,no cell in the extract: territory at zero opportunity
ifa_southatl_merge,33031,ifa,FL,IFA,IFA_01,IFA,,12086,33100,,"IFA Miami-Fort Lauderdale-West Palm Beach, FL / Key West-Key Largo, FL",0.0,no cell in the extract: territory at zero opportunity
ifa_southatl_merge,33032,ifa,FL,IFA,IFA_01,IFA,,12086,33100,1258975,"IFA Miami-Fort Lauderdale-West Palm Beach, FL / Key West-Key Largo, FL",0.0,no cell in the extract: territory at zero opportunity
ifa_southatl_merge,33033,ifa,FL,IFA,IFA_01,IFA,,12086,33100,1232275,"IFA Miami-Fort Lauderdale-West Palm Beach, FL / Key West-Key Largo, FL",0.0,no cell in the extract: territory at zero opportunity
ifa_southatl_merge,33034,ifa,FL,IFA,IFA_01,IFA,,12086,33100,1222975,"IFA Miami-Fort Lauderdale-West Palm Beach, FL / Key West-Key Largo, FL",0.0,no cell in the extract: territory at zero opportunity
ifa_southatl_merge,33035,ifa,FL,IFA,IFA_01,IFA,,12086,33100,1232275,"IFA Miami-Fort Lauderdale-West Palm Beach, FL / Key West-Key Largo, FL",0.0,no cell in the extract: territory at zero opportunity
ifa_southatl_merge,33036,ifa,FL,IFA,IFA_01,IFA,,12087,28580,1234132,"IFA Miami-Fort Lauderdale-West Palm Beach, FL / Key West-Key Largo, FL",6.54223,
ifa_southatl_merge,33037,ifa,FL,IFA,IFA_01,IFA,,12087,28580,1249406,"IFA Miami-Fort Lauderdale-West Palm Beach, FL / Key West-Key Largo, FL",0.545513,
ifa_southatl_merge,33039,ifa,FL,IFA,IFA_01,IFA,,12086,33100,1232325,"IFA Miami-Fort Lauderdale-West Palm Beach, FL / Key West-Key Largo, FL",0.0,no cell in the extract: territory at zero opportunity
ifa_southatl_merge,33040,ifa,FL,IFA,IFA_01,IFA,,12087,28580,1236550,"IFA Miami-Fort Lauderdale-West Palm Beach, FL / Key West-Key Largo, FL",4.25128,
ifa_southatl_merge,33042,ifa,FL,IFA,IFA_01,IFA,,12087,28580,1215862,"IFA Miami-Fort Lauderdale-West Palm Beach, FL / Key West-Key Largo, FL",0.0,no cell in the extract: territory at zero opportunity
ifa_southatl_merge,33043,ifa,FL,IFA,IFA_01,IFA,,12087,28580,1206425,"IFA Miami-Fort Lauderdale-West Palm Beach, FL / Key West-Key Largo, FL",0.0,no cell in the extract: territory at zero opportunity
ifa_southatl_merge,33050,ifa,FL,IFA,IFA_01,IFA,,12087,28580,1243000,"IFA Miami-Fort Lauderdale-West Palm Beach, FL / Key West-Key Largo, FL",0.0,no cell in the extract: territory at zero opportunity
ifa_southatl_merge,33051,ifa,FL,IFA,IFA_01,IFA,,12087,28580,1236325,"IFA Miami-Fort Lauderdale-West Palm Beach, FL / Key West-Key Largo, FL",0.0,no cell in the extract: territory at zero opportunity
ifa_southatl_merge,33054,ifa,FL,IFA,IFA_01,IFA,,12086,33100,1251650,"IFA Miami-Fort Lauderdale-West Palm Beach, FL / Key West-Key Largo, FL",0.0,no cell in the extract: territory at zero opportunity
ifa_southatl_merge,33055,ifa,FL,IFA,IFA_01,IFA,,12086,33100,1245060,"IFA Miami-Fort Lauderdale-West Palm Beach, FL / Key West-Key Largo, FL",0.0524998,
ifa_southatl_merge,33056,ifa,FL,IFA,IFA_01,IFA,,12086,33100,1245060,"IFA Miami-Fort Lauderdale-West Palm Beach, FL / Key West-Key Largo, FL",0.0,no cell in the extract: territory at zero opportunity
ifa_southatl_merge,33060,ifa,FL,IFA,IFA_01,IFA,,12011,33100,1258050,"IFA Miami-Fort Lauderdale-West Palm Beach, FL / Key West-Key Largo, FL",0.55008,
ifa_southatl_merge,33062,ifa,FL,IFA,IFA_01,IFA,,12011,33100,1258050,"IFA Miami-Fort Lauderdale-West Palm Beach, FL / Key West-Key Largo, FL",0.615043,
ifa_southatl_merge,33063,ifa,FL,IFA,IFA_01,IFA,,12011,33100,1243125,"IFA Miami-Fort Lauderdale-West Palm Beach, FL / Key West-Key Largo, FL",0.598607,
ifa_southatl_merge,33064,ifa,FL,IFA,IFA_01,IFA,,12011,33100,1258050,"IFA Miami-Fort Lauderdale-West Palm Beach, FL / Key West-Key Largo, FL",6.19551,
ifa_southatl_merge,33065,ifa,FL,IFA,IFA_01,IFA,,12011,33100,1214400,"IFA Miami-Fort Lauderdale-West Palm Beach, FL / Key West-Key Largo, FL",10.6074,
ifa_southatl_merge,33066,ifa,FL,IFA,IFA_01,IFA,,12011,33100,1213275,"IFA Miami-Fort Lauderdale-West Palm Beach, FL / Key West-Key Largo, FL",0.0,no cell in the extract: territory at zero opportunity
ifa_southatl_merge,33067,ifa,FL,IFA,IFA_01,IFA,,12011,33100,1255125,"IFA Miami-Fort Lauderdale-West Palm Beach, FL / Key West-Key Largo, FL",27.1164,
ifa_southatl_merge,33068,ifa,FL,IFA,IFA_01,IFA,,12011,33100,1249425,"IFA Miami-Fort Lauderdale-West Palm Beach, FL / Key West-Key Largo, FL",0.0,no cell in the extract: territory at zero opportunity
ifa_southatl_merge,33069,ifa,FL,IFA,IFA_01,IFA,,12011,33100,1258050,"IFA Miami-Fort Lauderdale-West Palm Beach, FL / Key West-Key Largo, FL",0.572267,
ifa_southatl_merge,33070,ifa,FL,IFA,IFA_01,IFA,,12087,28580,1271250,"IFA Miami-Fort Lauderdale-West Palm Beach, FL / Key West-Key Largo, FL",0.00233863,
ifa_southatl_merge,33071,ifa,FL,IFA,IFA_01,IFA,,12011,33100,1214400,"IFA Miami-Fort Lauderdale-West Palm Beach, FL / Key West-Key Largo, FL",5.78732,
ifa_southatl_merge,33073,ifa,FL,IFA,IFA_01,IFA,,12011,33100,1213275,"IFA Miami-Fort Lauderdale-West Palm Beach, FL / Key West-Key Largo, FL",24.1345,
ifa_southatl_merge,33076,ifa,FL,IFA,IFA_01,IFA,,12011,33100,1255125,"IFA Miami-Fort Lauderdale-West Palm Beach, FL / Key West-Key Largo, FL",7.40142,
ifa_southatl_merge,33101,ifa,FL,IFA,IFA_01,IFA,,12086,33100,1245000,"IFA Miami-Fort Lauderdale-West Palm Beach, FL / Key West-Key Largo, FL",0.0,no cell in the extract: territory at zero opportunity
ifa_southatl_merge,33109,ifa,FL,IFA,IFA_01,IFA,,12086,33100,1222375,"IFA Miami-Fort Lauderdale-West Palm Beach, FL / Key West-Key Largo, FL",0.0,no cell in the extract: territory at zero opportunity
ifa_southatl_merge,33122,ifa,FL,IFA,IFA_01,IFA,,12086,33100,1217935,"IFA Miami-Fort Lauderdale-West Palm Beach, FL / Key West-Key Largo, FL",0.0526531,
ifa_southatl_merge,33125,ifa,FL,IFA,IFA_01,IFA,,12086,33100,1245000,"IFA Miami-Fort Lauderdale-West Palm Beach, FL / Key West-Key Largo, FL",0.0,no cell in the extract: territory at zero opportunity
ifa_southatl_merge,33126,ifa,FL,IFA,IFA_01,IFA,,12086,33100,1245000,"IFA Miami-Fort Lauderdale-West Palm Beach, FL / Key West-Key Largo, FL",7.74275,
ifa_southatl_merge,33127,ifa,FL,IFA,IFA_01,IFA,,12086,33100,1245000,"IFA Miami-Fort Lauderdale-West Palm Beach, FL / Key West-Key Largo, FL",0.0,no cell in the extract: territory at zero opportunity
ifa_southatl_merge,33128,ifa,FL,IFA,IFA_01,IFA,,12086,33100,1245000,"IFA Miami-Fort Lauderdale-West Palm Beach, FL / Key West-Key Largo, FL",0.0,no cell in the extract: territory at zero opportunity
ifa_southatl_merge,33129,ifa,FL,IFA,IFA_01,IFA,,12086,33100,1245000,"IFA Miami-Fort Lauderdale-West Palm Beach, FL / Key West-Key Largo, FL",0.107285,
ifa_southatl_merge,33130,ifa,FL,IFA,IFA_01,IFA,,12086,33100,1245000,"IFA Miami-Fort Lauderdale-West Palm Beach, FL / Key West-Key Largo, FL",0.162277,
ifa_southatl_merge,33131,ifa,FL,IFA,IFA_01,IFA,,12086,33100,1245000,"IFA Miami-Fort Lauderdale-West Palm Beach, FL / Key West-Key Largo, FL",10.5705,
ifa_southatl_merge,33132,ifa,FL,IFA,IFA_01,IFA,,12086,33100,1245000,"IFA Miami-Fort Lauderdale-West Palm Beach, FL / Key West-Key Largo, FL",0.757188,
ifa_southatl_merge,33133,ifa,FL,IFA,IFA_01,IFA,,12086,33100,1245000,"IFA Miami-Fort Lauderdale-West Palm Beach, FL / Key West-Key Largo, FL",9.54201,
ifa_southatl_merge,33134,ifa,FL,IFA,IFA_01,IFA,,12086,33100,1214250,"IFA Miami-Fort Lauderdale-West Palm Beach, FL / Key West-Key Largo, FL",85.5495,
ifa_southatl_merge,33135,ifa,FL,IFA,IFA_01,IFA,,12086,33100,1245000,"IFA Miami-Fort Lauderdale-West Palm Beach, FL / Key West-Key Largo, FL",0.0596588,
ifa_southatl_merge,33136,ifa,FL,IFA,IFA_01,IFA,,12086,33100,1245000,"IFA Miami-Fort Lauderdale-West Palm Beach, FL / Key West-Key Largo, FL",0.0,no cell in the extract: territory at zero opportunity
ifa_southatl_merge,33137,ifa,FL,IFA,IFA_01,IFA,,12086,33100,1245000,"IFA Miami-Fort Lauderdale-West Palm Beach, FL / Key West-Key Largo, FL",3.25751,
ifa_southatl_merge,33138,ifa,FL,IFA,IFA_01,IFA,,12086,33100,1245000,"IFA Miami-Fort Lauderdale-West Palm Beach, FL / Key West-Key Largo, FL",0.0,no cell in the extract: territory at zero opportunity
ifa_southatl_merge,33139,ifa,FL,IFA,IFA_01,IFA,,12086,33100,1245025,"IFA Miami-Fort Lauderdale-West Palm Beach, FL / Key West-Key Largo, FL",0.431394,
ifa_southatl_merge,33140,ifa,FL,IFA,IFA_01,IFA,,12086,33100,1245025,"IFA Miami-Fort Lauderdale-West Palm Beach, FL / Key West-Key Largo, FL",0.0,no cell in the extract: territory at zero opportunity
ifa_southatl_merge,33141,ifa,FL,IFA,IFA_01,IFA,,12086,33100,1245025,"IFA Miami-Fort Lauderdale-West Palm Beach, FL / Key West-Key Largo, FL",0.0,no cell in the extract: territory at zero opportunity
ifa_southatl_merge,33142,ifa,FL,IFA,IFA_01,IFA,,12086,33100,1245000,"IFA Miami-Fort Lauderdale-West Palm Beach, FL / Key West-Key Largo, FL",0.0,no cell in the extract: territory at zero opportunity
ifa_southatl_merge,33143,ifa,FL,IFA,IFA_01,IFA,,12086,33100,1226100,"IFA Miami-Fort Lauderdale-West Palm Beach, FL / Key West-Key Largo, FL",6.33918,
ifa_southatl_merge,33144,ifa,FL,IFA,IFA_01,IFA,,12086,33100,1245000,"IFA Miami-Fort Lauderdale-West Palm Beach, FL / Key West-Key Largo, FL",0.0,no cell in the extract: territory at zero opportunity
ifa_southatl_merge,33145,ifa,FL,IFA,IFA_01,IFA,,12086,33100,1245000,"IFA Miami-Fort Lauderdale-West Palm Beach, FL / Key West-Key Largo, FL",0.0909887,
ifa_southatl_merge,33146,ifa,FL,IFA,IFA_01,IFA,,12086,33100,1214250,"IFA Miami-Fort Lauderdale-West Palm Beach, FL / Key West-Key Largo, FL",0.242463,
ifa_southatl_merge,33147,ifa,FL,IFA,IFA_01,IFA,,12086,33100,1276487,"IFA Miami-Fort Lauderdale-West Palm Beach, FL / Key West-Key Largo, FL",0.0,no cell in the extract: territory at zero opportunity
ifa_southatl_merge,33149,ifa,FL,IFA,IFA_01,IFA,,12086,33100,1245000,"IFA Miami-Fort Lauderdale-West Palm Beach, FL / Key West-Key Largo, FL",0.0,no cell in the extract: territory at zero opportunity
ifa_southatl_merge,33150,ifa,FL,IFA,IFA_01,IFA,,12086,33100,1245000,"IFA Miami-Fort Lauderdale-West Palm Beach, FL / Key West-Key Largo, FL",0.0,no cell in the extract: territory at zero opportunity
ifa_southatl_merge,33154,ifa,FL,IFA,IFA_01,IFA,,12086,33100,1270075,"IFA Miami-Fort Lauderdale-West Palm Beach, FL / Key West-Key Largo, FL",0.000238635,
ifa_southatl_merge,33155,ifa,FL,IFA,IFA_01,IFA,,12086,33100,1214412,"IFA Miami-Fort Lauderdale-West Palm Beach, FL / Key West-Key Largo, FL",7.99976,
ifa_southatl_merge,33156,ifa,FL,IFA,IFA_01,IFA,,12086,33100,1256625,"IFA Miami-Fort Lauderdale-West Palm Beach, FL / Key West-Key Largo, FL",26.4889,
ifa_southatl_merge,33157,ifa,FL,IFA,IFA_01,IFA,,12086,33100,1254275,"IFA Miami-Fort Lauderdale-West Palm Beach, FL / Key West-Key Largo, FL",1.98489,
ifa_southatl_merge,33158,ifa,FL,IFA,IFA_01,IFA,,12086,33100,1254275,"IFA Miami-Fort Lauderdale-West Palm Beach, FL / Key West-Key Largo, FL",0.307469,
ifa_southatl_merge,33160,ifa,FL,IFA,IFA_01,IFA,,12086,33100,1249450,"IFA Miami-Fort Lauderdale-West Palm Beach, FL / Key West-Key Largo, FL",0.289025,
ifa_southatl_merge,33161,ifa,FL,IFA,IFA_01,IFA,,12086,33100,1249450,"IFA Miami-Fort Lauderdale-West Palm Beach, FL / Key West-Key Largo, FL",0.334089,
ifa_southatl_merge,33162,ifa,FL,IFA,IFA_01,IFA,,12086,33100,1249475,"IFA Miami-Fort Lauderdale-West Palm Beach, FL / Key West-Key Largo, FL",0.107359,
ifa_southatl_merge,33165,ifa,FL,IFA,IFA_01,IFA,,12086,33100,1276075,"IFA Miami-Fort Lauderdale-West Palm Beach, FL / Key West-Key Largo, FL",0.0,no cell in the extract: territory at zero opportunity
ifa_southatl_merge,33166,ifa,FL,IFA,IFA_01,IFA,,12086,33100,1245200,"IFA Miami-Fort Lauderdale-West Palm Beach, FL / Key West-Key Largo, FL",0.660072,
ifa_southatl_merge,33167,ifa,FL,IFA,IFA_01,IFA,,12086,33100,1276950,"IFA Miami-Fort Lauderdale-West Palm Beach, FL / Key West-Key Largo, FL",0.0,no cell in the extract: territory at zero opportunity
ifa_southatl_merge,33168,ifa,FL,IFA,IFA_01,IFA,,12086,33100,1249450,"IFA Miami-Fort Lauderdale-West Palm Beach, FL / Key West-Key Largo, FL",0.0,no cell in the extract: territory at zero opportunity
ifa_southatl_merge,33169,ifa,FL,IFA,IFA_01,IFA,,12086,33100,1245060,"IFA Miami-Fort Lauderdale-West Palm Beach, FL / Key West-Key Largo, FL",0.0,no cell in the extract: territory at zero opportunity
ifa_southatl_merge,33170,ifa,FL,IFA,IFA_01,IFA,,12086,33100,1226950,"IFA Miami-Fort Lauderdale-West Palm Beach, FL / Key West-Key Largo, FL",0.0,no cell in the extract: territory at zero opportunity
ifa_southatl_merge,33172,ifa,FL,IFA,IFA_01,IFA,,12086,33100,1217935,"IFA Miami-Fort Lauderdale-West Palm Beach, FL / Key West-Key Largo, FL",3.99543,
ifa_southatl_merge,33173,ifa,FL,IFA,IFA_01,IFA,,12086,33100,1269812,"IFA Miami-Fort Lauderdale-West Palm Beach, FL / Key West-Key Largo, FL",1.50171,
ifa_southatl_merge,33174,ifa,FL,IFA,IFA_01,IFA,,12086,33100,1276075,"IFA Miami-Fort Lauderdale-West Palm Beach, FL / Key West-Key Largo, FL",0.00911373,
ifa_southatl_merge,33175,ifa,FL,IFA,IFA_01,IFA,,12086,33100,1270700,"IFA Miami-Fort Lauderdale-West Palm Beach, FL / Key West-Key Largo, FL",0.0,no cell in the extract: territory at zero opportunity
ifa_southatl_merge,33176,ifa,FL,IFA,IFA_01,IFA,,12086,33100,1236100,"IFA Miami-Fort Lauderdale-West Palm Beach, FL / Key West-Key Largo, FL",2.61376,
ifa_southatl_merge,33177,ifa,FL,IFA,IFA_01,IFA,,12086,33100,1267575,"IFA Miami-Fort Lauderdale-West Palm Beach, FL / Key West-Key Largo, FL",0.0,no cell in the extract: territory at zero opportunity
ifa_southatl_merge,33178,ifa,FL,IFA,IFA_01,IFA,,12086,33100,1217935,"IFA Miami-Fort Lauderdale-West Palm Beach, FL / Key West-Key Largo, FL",0.455182,
ifa_southatl_merge,33179,ifa,FL,IFA,IFA_01,IFA,,12086,33100,1234400,"IFA Miami-Fort Lauderdale-West Palm Beach, FL / Key West-Key Largo, FL",0.0047727,
ifa_southatl_merge,33180,ifa,FL,IFA,IFA_01,IFA,,12086,33100,1202681,"IFA Miami-Fort Lauderdale-West Palm Beach, FL / Key West-Key Largo, FL",3.44768,
ifa_southatl_merge,33181,ifa,FL,IFA,IFA_01,IFA,,12086,33100,1249450,"IFA Miami-Fort Lauderdale-West Palm Beach, FL / Key West-Key Largo, FL",0.0,no cell in the extract: territory at zero opportunity
ifa_southatl_merge,33182,ifa,FL,IFA,IFA_01,IFA,,12086,33100,1270700,"IFA Miami-Fort Lauderdale-West Palm Beach, FL / Key West-Key Largo, FL",0.0,no cell in the extract: territory at zero opportunity
ifa_southatl_merge,33183,ifa,FL,IFA,IFA_01,IFA,,12086,33100,1236062,"IFA Miami-Fort Lauderdale-West Palm Beach, FL / Key West-Key Largo, FL",0.368338,
ifa_southatl_merge,33184,ifa,FL,IFA,IFA_01,IFA,,12086,33100,1270700,"IFA Miami-Fort Lauderdale-West Palm Beach, FL / Key West-Key Largo, FL",0.0,no cell in the extract: territory at zero opportunity
ifa_southatl_merge,33185,ifa,FL,IFA,IFA_01,IFA,,12086,33100,1236121,"IFA Miami-Fort Lauderdale-West Palm Beach, FL / Key West-Key Largo, FL",0.0,no cell in the extract: territory at zero opportunity
ifa_southatl_merge,33186,ifa,FL,IFA,IFA_01,IFA,,12086,33100,1271567,"IFA Miami-Fort Lauderdale-West Palm Beach, FL / Key West-Key Largo, FL",4.32515,
ifa_southatl_merge,33187,ifa,FL,IFA,IFA_01,IFA,,12086,33100,1260230,"IFA Miami-Fort Lauderdale-West Palm Beach, FL / Key West-Key Largo, FL",0.0,no cell in the extract: territory at zero opportunity
ifa_southatl_merge,33189,ifa,FL,IFA,IFA_01,IFA,,12086,33100,1215968,"IFA Miami-Fort Lauderdale-West Palm Beach, FL / Key West-Key Largo, FL",0.0,no cell in the extract: territory at zero opportunity
ifa_southatl_merge,33190,ifa,FL,IFA,IFA_01,IFA,,12086,33100,1215968,"IFA Miami-Fort Lauderdale-West Palm Beach, FL / Key West-Key Largo, FL",0.0,no cell in the extract: territory at zero opportunity
ifa_southatl_merge,33193,ifa,FL,IFA,IFA_01,IFA,,12086,33100,1236121,"IFA Miami-Fort Lauderdale-West Palm Beach, FL / Key West-Key Largo, FL",0.161442,
ifa_southatl_merge,33194,ifa,FL,IFA,IFA_01,IFA,,12086,33100,,"IFA Miami-Fort Lauderdale-West Palm Beach, FL / Key West-Key Largo, FL",0.0,no cell in the extract: territory at zero opportunity
ifa_southatl_merge,33196,ifa,FL,IFA,IFA_01,IFA,,12086,33100,1271569,"IFA Miami-Fort Lauderdale-West Palm Beach, FL / Key West-Key Largo, FL",0.232771,
ifa_southatl_merge,33301,ifa,FL,IFA,IFA_01,IFA,,12011,33100,1224000,"IFA Miami-Fort Lauderdale-West Palm Beach, FL / Key West-Key Largo, FL",22.7543,
ifa_southatl_merge,33304,ifa,FL,IFA,IFA_01,IFA,,12011,33100,1224000,"IFA Miami-Fort Lauderdale-West Palm Beach, FL / Key West-Key Largo, FL",7.13219,
ifa_southatl_merge,33305,ifa,FL,IFA,IFA_01,IFA,,12011,33100,1224000,"IFA Miami-Fort Lauderdale-West Palm Beach, FL / Key West-Key Largo, FL",2.58836,
ifa_southatl_merge,33306,ifa,FL,IFA,IFA_01,IFA,,12011,33100,1224000,"IFA Miami-Fort Lauderdale-West Palm Beach, FL / Key West-Key Largo, FL",0.683924,
ifa_southatl_merge,33308,ifa,FL,IFA,IFA_01,IFA,,12011,33100,1224000,"IFA Miami-Fort Lauderdale-West Palm Beach, FL / Key West-Key Largo, FL",7.63612,
ifa_southatl_merge,33309,ifa,FL,IFA,IFA_01,IFA,,12011,33100,1224000,"IFA Miami-Fort Lauderdale-West Palm Beach, FL / Key West-Key Largo, FL",16.1011,
ifa_southatl_merge,33311,ifa,FL,IFA,IFA_01,IFA,,12011,33100,1224000,"IFA Miami-Fort Lauderdale-West Palm Beach, FL / Key West-Key Largo, FL",0.0,no cell in the extract: territory at zero opportunity
ifa_southatl_merge,33312,ifa,FL,IFA,IFA_01,IFA,,12011,33100,1224000,"IFA Miami-Fort Lauderdale-West Palm Beach, FL / Key West-Key Largo, FL",5.8661,
ifa_southatl_merge,33313,ifa,FL,IFA,IFA_01,IFA,,12011,33100,1239550,"IFA Miami-Fort Lauderdale-West Palm Beach, FL / Key West-Key Largo, FL",0.0,no cell in the extract: territory at zero opportunity
ifa_southatl_merge,33314,ifa,FL,IFA,IFA_01,IFA,,12011,33100,1216475,"IFA Miami-Fort Lauderdale-West Palm Beach, FL / Key West-Key Largo, FL",1.8617,
ifa_southatl_merge,33315,ifa,FL,IFA,IFA_01,IFA,,12011,33100,1224000,"IFA Miami-Fort Lauderdale-West Palm Beach, FL / Key West-Key Largo, FL",0.541729,
ifa_southatl_merge,33316,ifa,FL,IFA,IFA_01,IFA,,12011,33100,1224000,"IFA Miami-Fort Lauderdale-West Palm Beach, FL / Key West-Key Largo, FL",3.12402,
ifa_southatl_merge,33317,ifa,FL,IFA,IFA_01,IFA,,12011,33100,1257425,"IFA Miami-Fort Lauderdale-West Palm Beach, FL / Key West-Key Largo, FL",1.53234,
ifa_southatl_merge,33319,ifa,FL,IFA,IFA_01,IFA,,12011,33100,1270675,"IFA Miami-Fort Lauderdale-West Palm Beach, FL / Key West-Key Largo, FL",2.52025,
ifa_southatl_merge,33321,ifa,FL,IFA,IFA_01,IFA,,12011,33100,1270675,"IFA Miami-Fort Lauderdale-West Palm Beach, FL / Key West-Key Largo, FL",1.72904,
ifa_southatl_merge,33322,ifa,FL,IFA,IFA_01,IFA,,12011,33100,1257425,"IFA Miami-Fort Lauderdale-West Palm Beach, FL / Key West-Key Largo, FL",0.00572725,
ifa_southatl_merge,33323,ifa,FL,IFA,IFA_01,IFA,,12011,33100,1269700,"IFA Miami-Fort Lauderdale-West Palm Beach, FL / Key West-Key Largo, FL",1.94609,
ifa_southatl_merge,33324,ifa,FL,IFA,IFA_01,IFA,,12011,33100,1257425,"IFA Miami-Fort Lauderdale-West Palm Beach, FL / Key West-Key Largo, FL",72.7601,
ifa_southatl_merge,33325,ifa,FL,IFA,IFA_01,IFA,,12011,33100,1216475,"IFA Miami-Fort Lauderdale-West Palm Beach, FL / Key West-Key Largo, FL",0.0,no cell in the extract: territory at zero opportunity
ifa_southatl_merge,33326,ifa,FL,IFA,IFA_01,IFA,,12011,33100,1276582,"IFA Miami-Fort Lauderdale-West Palm Beach, FL / Key West-Key Largo, FL",4.09062,
ifa_southatl_merge,33327,ifa,FL,IFA,IFA_01,IFA,,12011,33100,1276582,"IFA Miami-Fort Lauderdale-West Palm Beach, FL / Key West-Key Largo, FL",0.15209,
ifa_southatl_merge,33328,ifa,FL,IFA,IFA_01,IFA,,12011,33100,1216475,"IFA Miami-Fort Lauderdale-West Palm Beach, FL / Key West-Key Largo, FL",1.542,
ifa_southatl_merge,33330,ifa,FL,IFA,IFA_01,IFA,,12011,33100,1216475,"IFA Miami-Fort Lauderdale-West Palm Beach, FL / Key West-Key Largo, FL",3.18769,
ifa_southatl_merge,33331,ifa,FL,IFA,IFA_01,IFA,,12011,33100,1268135,"IFA Miami-Fort Lauderdale-West Palm Beach, FL / Key West-Key Largo, FL",5.90362,
ifa_southatl_merge,33332,ifa,FL,IFA,IFA_01,IFA,,12011,33100,1276582,"IFA Miami-Fort Lauderdale-West Palm Beach, FL / Key West-Key Largo, FL",0.0,no cell in the extract: territory at zero opportunity
ifa_southatl_merge,33334,ifa,FL,IFA,IFA_01,IFA,,12011,33100,1250575,"IFA Miami-Fort Lauderdale-West Palm Beach, FL / Key West-Key Largo, FL",98.5301,
ifa_southatl_merge,33351,ifa,FL,IFA,IFA_01,IFA,,12011,33100,1269700,"IFA Miami-Fort Lauderdale-West Palm Beach, FL / Key West-Key Largo, FL",0.0,no cell in the extract: territory at zero opportunity
ifa_southatl_merge,33388,ifa,FL,IFA,IFA_01,IFA,,12011,33100,1257425,"IFA Miami-Fort Lauderdale-West Palm Beach, FL / Key West-Key Largo, FL",0.0,no cell in the extract: territory at zero opportunity
ifa_southatl_merge,33401,ifa,FL,IFA,IFA_03,IFA,,12099,33100,1276600,"IFA Miami-Fort Lauderdale-West Palm Beach, FL / Tampa-St. Petersburg-Clearwater, FL",40.2151,
ifa_southatl_merge,33403,ifa,FL,IFA,IFA_03,IFA,,12099,33100,1238600,"IFA Miami-Fort Lauderdale-West Palm Beach, FL / Tampa-St. Petersburg-Clearwater, FL",0.0,no cell in the extract: territory at zero opportunity
ifa_southatl_merge,33404,ifa,FL,IFA,IFA_03,IFA,,12099,33100,1260975,"IFA Miami-Fort Lauderdale-West Palm Beach, FL / Tampa-St. Petersburg-Clearwater, FL",1.53379,
ifa_southatl_merge,33405,ifa,FL,IFA,IFA_03,IFA,,12099,33100,1276600,"IFA Miami-Fort Lauderdale-West Palm Beach, FL / Tampa-St. Petersburg-Clearwater, FL",0.0,no cell in the extract: territory at zero opportunity
ifa_southatl_merge,33406,ifa,FL,IFA,IFA_01,IFA,,12099,33100,1254450,"IFA Miami-Fort Lauderdale-West Palm Beach, FL / Key West-Key Largo, FL",17.9683,
ifa_southatl_merge,33407,ifa,FL,IFA,IFA_03,IFA,,12099,33100,1276600,"IFA Miami-Fort Lauderdale-West Palm Beach, FL / Tampa-St. Petersburg-Clearwater, FL",1.62293,
ifa_southatl_merge,33408,ifa,FL,IFA,IFA_03,IFA,,12099,33100,1249600,"IFA Miami-Fort Lauderdale-West Palm Beach, FL / Tampa-St. Petersburg-Clearwater, FL",22.5025,
ifa_southatl_merge,33409,ifa,FL,IFA,IFA_03,IFA,,12099,33100,1276600,"IFA Miami-Fort Lauderdale-West Palm Beach, FL / Tampa-St. Petersburg-Clearwater, FL",3.63595,
ifa_southatl_merge,33410,ifa,FL,IFA,IFA_03,IFA,,12099,33100,1254075,"IFA Miami-Fort Lauderdale-West Palm Beach, FL / Tampa-St. Petersburg-Clearwater, FL",59.9895,
ifa_southatl_merge,33411,ifa,FL,IFA,IFA_03,IFA,,12099,33100,1262100,"IFA Miami-Fort Lauderdale-West Palm Beach, FL / Tampa-St. Petersburg-Clearwater, FL",9.77922,
ifa_southatl_merge,33412,ifa,FL,IFA,IFA_03,IFA,,12099,33100,1276600,"IFA Miami-Fort Lauderdale-West Palm Beach, FL / Tampa-St. Petersburg-Clearwater, FL",5.5444,
ifa_southatl_merge,33413,ifa,FL,IFA,IFA_03,IFA,,12099,33100,1227322,"IFA Miami-Fort Lauderdale-West Palm Beach, FL / Tampa-St. Petersburg-Clearwater, FL",0.0,no cell in the extract: territory at zero opportunity
ifa_southatl_merge,33414,ifa,FL,IFA,IFA_03,IFA,,12099,33100,1275812,"IFA Miami-Fort Lauderdale-West Palm Beach, FL / Tampa-St. Petersburg-Clearwater, FL",5.51244,
ifa_southatl_merge,33415,ifa,FL,IFA,IFA_01,IFA,,12099,33100,1227322,"IFA Miami-Fort Lauderdale-West Palm Beach, FL / Key West-Key Largo, FL",0.0,no cell in the extract: territory at zero opportunity
ifa_southatl_merge,33417,ifa,FL,IFA,IFA_03,IFA,,12099,33100,1276600,"IFA Miami-Fort Lauderdale-West Palm Beach, FL / Tampa-St. Petersburg-Clearwater, FL",0.635265,
ifa_southatl_merge,33418,ifa,FL,IFA,IFA_03,IFA,,12099,33100,1254075,"IFA Miami-Fort Lauderdale-West Palm Beach, FL / Tampa-St. Petersburg-Clearwater, FL",6.74268,
ifa_southatl_merge,33426,ifa,FL,IFA,IFA_01,IFA,,12099,33100,1207875,"IFA Miami-Fort Lauderdale-West Palm Beach, FL / Key West-Key Largo, FL",8.55938,
ifa_southatl_merge,33428,ifa,FL,IFA,IFA_01,IFA,,12099,33100,1275275,"IFA Miami-Fort Lauderdale-West Palm Beach, FL / Key West-Key Largo, FL",0.928644,
ifa_southatl_merge,33430,ifa,FL,IFA,IFA_03,IFA,,12099,33100,1205200,"IFA Miami-Fort Lauderdale-West Palm Beach, FL / Tampa-St. Petersburg-Clearwater, FL",0.0,no cell in the extract: territory at zero opportunity
ifa_southatl_merge,33431,ifa,FL,IFA,IFA_01,IFA,,12099,33100,1207300,"IFA Miami-Fort Lauderdale-West Palm Beach, FL / Key West-Key Largo, FL",120.122,
ifa_southatl_merge,33432,ifa,FL,IFA,IFA_01,IFA,,12099,33100,1207300,"IFA Miami-Fort Lauderdale-West Palm Beach, FL / Key West-Key Largo, FL",37.1398,
ifa_southatl_merge,33433,ifa,FL,IFA,IFA_01,IFA,,12099,33100,1207300,"IFA Miami-Fort Lauderdale-West Palm Beach, FL / Key West-Key Largo, FL",32.2748,
ifa_southatl_merge,33434,ifa,FL,IFA,IFA_01,IFA,,12099,33100,1207300,"IFA Miami-Fort Lauderdale-West Palm Beach, FL / Key West-Key Largo, FL",1.05173,
ifa_southatl_merge,33435,ifa,FL,IFA,IFA_01,IFA,,12099,33100,1207875,"IFA Miami-Fort Lauderdale-West Palm Beach, FL / Key West-Key Largo, FL",4.73536,
ifa_southatl_merge,33436,ifa,FL,IFA,IFA_01,IFA,,12099,33100,1207875,"IFA Miami-Fort Lauderdale-West Palm Beach, FL / Key West-Key Largo, FL",2.42188,
ifa_southatl_merge,33437,ifa,FL,IFA,IFA_03,IFA,,12099,33100,,"IFA Miami-Fort Lauderdale-West Palm Beach, FL / Tampa-St. Petersburg-Clearwater, FL",1.4413,
ifa_southatl_merge,33438,ifa,FL,IFA,IFA_03,IFA,,12085,38940,1210100,"IFA Miami-Fort Lauderdale-West Palm Beach, FL / Tampa-St. Petersburg-Clearwater, FL",0.0,no cell in the extract: territory at zero opportunity
ifa_southatl_merge,33440,ifa,FL,IFA,IFA_03,IFA,,12051,17500,1246520,"IFA Miami-Fort Lauderdale-West Palm Beach, FL / Tampa-St. Petersburg-Clearwater, FL",0.0,no cell in the extract: territory at zero opportunity
ifa_southatl_merge,33441,ifa,FL,IFA,IFA_01,IFA,,12011,33100,1216725,"IFA Miami-Fort Lauderdale-West Palm Beach, FL / Key West-Key Largo, FL",0.0386414,
ifa_southatl_merge,33442,ifa,FL,IFA,IFA_01,IFA,,12011,33100,1216725,"IFA Miami-Fort Lauderdale-West Palm Beach, FL / Key West-Key Largo, FL",0.723554,
ifa_southatl_merge,33444,ifa,FL,IFA,IFA_01,IFA,,12099,33100,1217100,"IFA Miami-Fort Lauderdale-West Palm Beach, FL / Key West-Key Largo, FL",1.2097,
ifa_southatl_merge,33445,ifa,FL,IFA,IFA_01,IFA,,12099,33100,1217100,"IFA Miami-Fort Lauderdale-West Palm Beach, FL / Key West-Key Largo, FL",0.535857,
ifa_southatl_merge,33446,ifa,FL,IFA,IFA_01,IFA,,12099,33100,,"IFA Miami-Fort Lauderdale-West Palm Beach, FL / Key West-Key Largo, FL",0.597173,
ifa_southatl_merge,33449,ifa,FL,IFA,IFA_03,IFA,,12099,33100,1275812,"IFA Miami-Fort Lauderdale-West Palm Beach, FL / Tampa-St. Petersburg-Clearwater, FL",0.164099,
ifa_southatl_merge,33455,ifa,FL,IFA,IFA_03,IFA,,12085,38940,1230975,"IFA Miami-Fort Lauderdale-West Palm Beach, FL / Tampa-St. Petersburg-Clearwater, FL",3.65506,
ifa_southatl_merge,33458,ifa,FL,IFA,IFA_03,IFA,,12099,33100,1235875,"IFA Miami-Fort Lauderdale-West Palm Beach, FL / Tampa-St. Petersburg-Clearwater, FL",43.938,
ifa_southatl_merge,33460,ifa,FL,IFA,IFA_03,IFA,,12099,33100,1239081,"IFA Miami-Fort Lauderdale-West Palm Beach, FL / Tampa-St. Petersburg-Clearwater, FL",0.206022,
ifa_southatl_merge,33461,ifa,FL,IFA,IFA_01,IFA,,12099,33100,1254450,"IFA Miami-Fort Lauderdale-West Palm Beach, FL / Key West-Key Largo, FL",0.183025,
ifa_southatl_merge,33462,ifa,FL,IFA,IFA_01,IFA,,12099,33100,1239375,"IFA Miami-Fort Lauderdale-West Palm Beach, FL / Key West-Key Largo, FL",0.817259,
ifa_southatl_merge,33463,ifa,FL,IFA,IFA_01,IFA,,12099,33100,1227322,"IFA Miami-Fort Lauderdale-West Palm Beach, FL / Key West-Key Largo, FL",6.05474,
ifa_southatl_merge,33467,ifa,FL,IFA,IFA_01,IFA,,12099,33100,1227322,"IFA Miami-Fort Lauderdale-West Palm Beach, FL / Key West-Key Largo, FL",0.0015909,
ifa_southatl_merge,33469,ifa,FL,IFA,IFA_03,IFA,,12085,38940,1271525,"IFA Miami-Fort Lauderdale-West Palm Beach, FL / Tampa-St. Petersburg-Clearwater, FL",1.51593,
ifa_southatl_merge,33470,ifa,FL,IFA,IFA_03,IFA,,12099,33100,1271564,"IFA Miami-Fort Lauderdale-West Palm Beach, FL / Tampa-St. Petersburg-Clearwater, FL",5.70371,
ifa_southatl_merge,33471,ifa,FL,IFA,IFA_03,IFA,,12043,17500,1246550,"IFA Miami-Fort Lauderdale-West Palm Beach, FL / Tampa-St. Petersburg-Clearwater, FL",0.0,no cell in the extract: territory at zero opportunity
ifa_southatl_merge,33472,ifa,FL,IFA,IFA_03,IFA,,12099,33100,,"IFA Miami-Fort Lauderdale-West Palm Beach, FL / Tampa-St. Petersburg-Clearwater, FL",6.28752,
ifa_southatl_merge,33473,ifa,FL,IFA,IFA_01,IFA,,12099,33100,,"IFA Miami-Fort Lauderdale-West Palm Beach, FL / Key West-Key Largo, FL",0.651152,
ifa_southatl_merge,33476,ifa,FL,IFA,IFA_03,IFA,,12099,33100,1253800,"IFA Miami-Fort Lauderdale-West Palm Beach, FL / Tampa-St. Petersburg-Clearwater, FL",0.0,no cell in the extract: territory at zero opportunity
ifa_southatl_merge,33477,ifa,FL,IFA,IFA_03,IFA,,12099,33100,1235875,"IFA Miami-Fort Lauderdale-West Palm Beach, FL / Tampa-St. Petersburg-Clearwater, FL",8.87052,
ifa_southatl_merge,33478,ifa,FL,IFA,IFA_03,IFA,,12099,33100,1235890,"IFA Miami-Fort Lauderdale-West Palm Beach, FL / Tampa-St. Petersburg-Clearwater, FL",0.81825,
ifa_southatl_merge,33480,ifa,FL,IFA,IFA_01,IFA,,12099,33100,1254025,"IFA Miami-Fort Lauderdale-West Palm Beach, FL / Key West-Key Largo, FL",0.0047727,
ifa_southatl_merge,33483,ifa,FL,IFA,IFA_01,IFA,,12099,33100,1217100,"IFA Miami-Fort Lauderdale-West Palm Beach, FL / Key West-Key Largo, FL",8.02018,
ifa_southatl_merge,33484,ifa,FL,IFA,IFA_01,IFA,,12099,33100,1217100,"IFA Miami-Fort Lauderdale-West Palm Beach, FL / Key West-Key Largo, FL",2.02859,
ifa_southatl_merge,33486,ifa,FL,IFA,IFA_01,IFA,,12099,33100,1207300,"IFA Miami-Fort Lauderdale-West Palm Beach, FL / Key West-Key Largo, FL",20.2407,
ifa_southatl_merge,33487,ifa,FL,IFA,IFA_01,IFA,,12099,33100,1207300,"IFA Miami-Fort Lauderdale-West Palm Beach, FL / Key West-Key Largo, FL",20.6049,
ifa_southatl_merge,33493,ifa,FL,IFA,IFA_03,IFA,,12099,33100,1267175,"IFA Miami-Fort Lauderdale-West Palm Beach, FL / Tampa-St. Petersburg-Clearwater, FL",0.0,no cell in the extract: territory at zero opportunity
ifa_southatl_merge,33496,ifa,FL,IFA,IFA_01,IFA,,12099,33100,1207300,"IFA Miami-Fort Lauderdale-West Palm Beach, FL / Key West-Key Largo, FL",8.02114,
ifa_southatl_merge,33498,ifa,FL,IFA,IFA_01,IFA,,12099,33100,,"IFA Miami-Fort Lauderdale-West Palm Beach, FL / Key West-Key Largo, FL",0.0631028,
ifa_southatl_merge,33503,ifa,FL,IFA,IFA_03,IFA,,12057,45300,1203375,"IFA Miami-Fort Lauderdale-West Palm Beach, FL / Tampa-St. Petersburg-Clearwater, FL",0.0,no cell in the extract: territory at zero opportunity
ifa_southatl_merge,33510,ifa,FL,IFA,IFA_03,IFA,,12057,45300,1208150,"IFA Miami-Fort Lauderdale-West Palm Beach, FL / Tampa-St. Petersburg-Clearwater, FL",10.2068,
ifa_southatl_merge,33511,ifa,FL,IFA,IFA_03,IFA,,12057,45300,1208150,"IFA Miami-Fort Lauderdale-West Palm Beach, FL / Tampa-St. Petersburg-Clearwater, FL",10.1036,
ifa_southatl_merge,33513,ifa,FL,IFA,IFA_04,IFA,,12119,48680,1209625,"IFA Orlando-Kissimmee-Sanford, FL",0.0,no cell in the extract: territory at zero opportunity
ifa_southatl_merge,33514,ifa,FL,IFA,IFA_04,IFA,,12119,48680,1277675,"IFA Orlando-Kissimmee-Sanford, FL",0.0,no cell in the extract: territory at zero opportunity
ifa_southatl_merge,33521,ifa,FL,IFA,IFA_04,IFA,,12119,48680,1213400,"IFA Orlando-Kissimmee-Sanford, FL",0.0,no cell in the extract: territory at zero opportunity
ifa_southatl_merge,33523,ifa,FL,IFA,IFA_02,IFA,,12101,45300,1260325,"IFA Tampa-St. Petersburg-Clearwater, FL",0.00770589,
ifa_southatl_merge,33525,ifa,FL,IFA,IFA_02,IFA,,12101,45300,1255305,"IFA Tampa-St. Petersburg-Clearwater, FL",0.456046,
ifa_southatl_merge,33527,ifa,FL,IFA,IFA_03,IFA,,12057,45300,1218075,"IFA Miami-Fort Lauderdale-West Palm Beach, FL / Tampa-St. Petersburg-Clearwater, FL",0.0,no cell in the extract: territory at zero opportunity
ifa_southatl_merge,33530,ifa,FL,IFA,IFA_03,IFA,,12057,45300,,"IFA Miami-Fort Lauderdale-West Palm Beach, FL / Tampa-St. Petersburg-Clearwater, FL",0.0,no cell in the extract: territory at zero opportunity
ifa_southatl_merge,33534,ifa,FL,IFA,IFA_03,IFA,,12057,45300,1225900,"IFA Miami-Fort Lauderdale-West Palm Beach, FL / Tampa-St. Petersburg-Clearwater, FL",0.622485,
ifa_southatl_merge,33538,ifa,FL,IFA,IFA_04,IFA,,12119,48680,1238575,"IFA Orlando-Kissimmee-Sanford, FL",0.0,no cell in the extract: territory at zero opportunity
ifa_southatl_merge,33540,ifa,FL,IFA,IFA_02,IFA,,12101,45300,1215800,"IFA Tampa-St. Petersburg-Clearwater, FL",0.0,no cell in the extract: territory at zero opportunity
ifa_southatl_merge,33541,ifa,FL,IFA,IFA_02,IFA,,12101,45300,1255305,"IFA Tampa-St. Petersburg-Clearwater, FL",0.0,no cell in the extract: territory at zero opportunity
ifa_southatl_merge,33542,ifa,FL,IFA,IFA_02,IFA,,12101,45300,1279225,"IFA Tampa-St. Petersburg-Clearwater, FL",0.0,no cell in the extract: territory at zero opportunity
ifa_southatl_merge,33543,ifa,FL,IFA,IFA_02,IFA,,12101,45300,1275875,"IFA Tampa-St. Petersburg-Clearwater, FL",3.90761,
ifa_southatl_merge,33544,ifa,FL,IFA,IFA_02,IFA,,12101,45300,1275875,"IFA Tampa-St. Petersburg-Clearwater, FL",17.0508,
ifa_southatl_merge,33545,ifa,FL,IFA,IFA_02,IFA,,12101,45300,1255305,"IFA Tampa-St. Petersburg-Clearwater, FL",2.75848,
ifa_southatl_merge,33547,ifa,FL,IFA,IFA_03,IFA,,12057,45300,1222387,"IFA Miami-Fort Lauderdale-West Palm Beach, FL / Tampa-St. Petersburg-Clearwater, FL",0.151429,
ifa_southatl_merge,33548,ifa,FL,IFA,IFA_02,IFA,,12057,45300,1241775,"IFA Tampa-St. Petersburg-Clearwater, FL",0.40568,
ifa_southatl_merge,33549,ifa,FL,IFA,IFA_02,IFA,,12057,45300,1241775,"IFA Tampa-St. Petersburg-Clearwater, FL",5.55221,
ifa_southatl_merge,33550,ifa,FL,IFA,IFA_03,IFA,,12057,45300,1242850,"IFA Miami-Fort Lauderdale-West Palm Beach, FL / Tampa-St. Petersburg-Clearwater, FL",0.0,no cell in the extract: territory at zero opportunity
ifa_southatl_merge,33556,ifa,FL,IFA,IFA_02,IFA,,12057,45300,1236462,"IFA Tampa-St. Petersburg-Clearwater, FL",2.52032,
ifa_southatl_merge,33558,ifa,FL,IFA,IFA_02,IFA,,12057,45300,1211912,"IFA Tampa-St. Petersburg-Clearwater, FL",4.11294,
ifa_southatl_merge,33559,ifa,FL,IFA,IFA_02,IFA,,12057,45300,1241775,"IFA Tampa-St. Petersburg-Clearwater, FL",1.57457,
ifa_southatl_merge,33563,ifa,FL,IFA,IFA_03,IFA,,12057,45300,1257550,"IFA Miami-Fort Lauderdale-West Palm Beach, FL / Tampa-St. Petersburg-Clearwater, FL",0.563273,
ifa_southatl_merge,33565,ifa,FL,IFA,IFA_03,IFA,,12057,45300,1257550,"IFA Miami-Fort Lauderdale-West Palm Beach, FL / Tampa-St. Petersburg-Clearwater, FL",0.0,no cell in the extract: territory at zero opportunity
ifa_southatl_merge,33566,ifa,FL,IFA,IFA_03,IFA,,12057,45300,1257550,"IFA Miami-Fort Lauderdale-West Palm Beach, FL / Tampa-St. Petersburg-Clearwater, FL",0.352217,
ifa_southatl_merge,33567,ifa,FL,IFA,IFA_03,IFA,,12057,45300,1257550,"IFA Miami-Fort Lauderdale-West Palm Beach, FL / Tampa-St. Petersburg-Clearwater, FL",0.0,no cell in the extract: territory at zero opportunity
ifa_southatl_merge,33569,ifa,FL,IFA,IFA_03,IFA,,12057,45300,1260950,"IFA Miami-Fort Lauderdale-West Palm Beach, FL / Tampa-St. Petersburg-Clearwater, FL",1.14992,
ifa_southatl_merge,33570,ifa,FL,IFA,IFA_03,IFA,,12057,45300,1262275,"IFA Miami-Fort Lauderdale-West Palm Beach, FL / Tampa-St. Petersburg-Clearwater, FL",0.0,no cell in the extract: territory at zero opportunity
ifa_southatl_merge,33572,ifa,FL,IFA,IFA_03,IFA,,12057,45300,1201675,"IFA Miami-Fort Lauderdale-West Palm Beach, FL / Tampa-St. Petersburg-Clearwater, FL",1.6124,
ifa_southatl_merge,33573,ifa,FL,IFA,IFA_03,IFA,,12057,45300,1269250,"IFA Miami-Fort Lauderdale-West Palm Beach, FL / Tampa-St. Petersburg-Clearwater, FL",1.74488,
ifa_southatl_merge,33574,ifa,FL,IFA,IFA_02,IFA,,12101,45300,1262775,"IFA Tampa-St. Petersburg-Clearwater, FL",0.0,no cell in the extract: territory at zero opportunity
ifa_southatl_merge,33576,ifa,FL,IFA,IFA_02,IFA,,12101,45300,1255305,"IFA Tampa-St. Petersburg-Clearwater, FL",0.0670705,
ifa_southatl_merge,33578,ifa,FL,IFA,IFA_03,IFA,,12057,45300,1260950,"IFA Miami-Fort Lauderdale-West Palm Beach, FL / Tampa-St. Petersburg-Clearwater, FL",0.788154,
ifa_southatl_merge,33579,ifa,FL,IFA,IFA_03,IFA,,12057,45300,1260950,"IFA Miami-Fort Lauderdale-West Palm Beach, FL / Tampa-St. Petersburg-Clearwater, FL",0.779049,
ifa_southatl_merge,33584,ifa,FL,IFA,IFA_03,IFA,,12057,45300,1271725,"IFA Miami-Fort Lauderdale-West Palm Beach, FL / Tampa-St. Petersburg-Clearwater, FL",0.0,no cell in the extract: territory at zero opportunity
ifa_southatl_merge,33585,ifa,FL,IFA,IFA_04,IFA,,12119,48680,1277675,"IFA Orlando-Kissimmee-Sanford, FL",0.00334089,
ifa_southatl_merge,33592,ifa,FL,IFA,IFA_02,IFA,,12057,45300,1271725,"IFA Tampa-St. Petersburg-Clearwater, FL",0.0,no cell in the extract: territory at zero opportunity
ifa_southatl_merge,33594,ifa,FL,IFA,IFA_03,IFA,,12057,45300,1273700,"IFA Miami-Fort Lauderdale-West Palm Beach, FL / Tampa-St. Petersburg-Clearwater, FL",0.0,no cell in the extract: territory at zero opportunity
ifa_southatl_merge,33596,ifa,FL,IFA,IFA_03,IFA,,12057,45300,1273700,"IFA Miami-Fort Lauderdale-West Palm Beach, FL / Tampa-St. Petersburg-Clearwater, FL",0.622892,
ifa_southatl_merge,33597,ifa,FL,IFA,IFA_02,IFA,,12119,48680,1275600,"IFA Tampa-St. Petersburg-Clearwater, FL",0.0,no cell in the extract: territory at zero opportunity
ifa_southatl_merge,33598,ifa,FL,IFA,IFA_03,IFA,,12057,45300,1278025,"IFA Miami-Fort Lauderdale-West Palm Beach, FL / Tampa-St. Petersburg-Clearwater, FL",0.142437,
ifa_southatl_merge,33602,ifa,FL,IFA,IFA_03,IFA,,12057,45300,1271000,"IFA Miami-Fort Lauderdale-West Palm Beach, FL / Tampa-St. Petersburg-Clearwater, FL",17.0363,
ifa_southatl_merge,33603,ifa,FL,IFA,IFA_02,IFA,,12057,45300,1271000,"IFA Tampa-St. Petersburg-Clearwater, FL",0.278124,
ifa_southatl_merge,33604,ifa,FL,IFA,IFA_03,IFA,,12057,45300,1271000,"IFA Miami-Fort Lauderdale-West Palm Beach, FL / Tampa-St. Petersburg-Clearwater, FL",11.0869,
ifa_southatl_merge,33605,ifa,FL,IFA,IFA_03,IFA,,12057,45300,1271000,"IFA Miami-Fort Lauderdale-West Palm Beach, FL / Tampa-St. Petersburg-Clearwater, FL",0.0,no cell in the extract: territory at zero opportunity
ifa_southatl_merge,33606,ifa,FL,IFA,IFA_03,IFA,,12057,45300,1271000,"IFA Miami-Fort Lauderdale-West Palm Beach, FL / Tampa-St. Petersburg-Clearwater, FL",12.8694,
ifa_southatl_merge,33607,ifa,FL,IFA,IFA_02,IFA,,12057,45300,1271000,"IFA Tampa-St. Petersburg-Clearwater, FL",84.3622,
ifa_southatl_merge,33609,ifa,FL,IFA,IFA_03,IFA,,12057,45300,1271000,"IFA Miami-Fort Lauderdale-West Palm Beach, FL / Tampa-St. Petersburg-Clearwater, FL",74.4358,
ifa_southatl_merge,33610,ifa,FL,IFA,IFA_03,IFA,,12057,45300,1219212,"IFA Miami-Fort Lauderdale-West Palm Beach, FL / Tampa-St. Petersburg-Clearwater, FL",3.46976,
ifa_southatl_merge,33611,ifa,FL,IFA,IFA_03,IFA,,12057,45300,1271000,"IFA Miami-Fort Lauderdale-West Palm Beach, FL / Tampa-St. Petersburg-Clearwater, FL",1.62988,
ifa_southatl_merge,33612,ifa,FL,IFA,IFA_02,IFA,,12057,45300,1271000,"IFA Tampa-St. Petersburg-Clearwater, FL",0.596694,
ifa_southatl_merge,33613,ifa,FL,IFA,IFA_02,IFA,,12057,45300,1238350,"IFA Tampa-St. Petersburg-Clearwater, FL",0.00047727,
ifa_southatl_merge,33614,ifa,FL,IFA,IFA_02,IFA,,12057,45300,1220108,"IFA Tampa-St. Petersburg-Clearwater, FL",0.286405,
ifa_southatl_merge,33615,ifa,FL,IFA,IFA_02,IFA,,12057,45300,1272145,"IFA Tampa-St. Petersburg-Clearwater, FL",0.0,no cell in the extract: territory at zero opportunity
ifa_southatl_merge,33616,ifa,FL,IFA,IFA_03,IFA,,12057,45300,1271000,"IFA Miami-Fort Lauderdale-West Palm Beach, FL / Tampa-St. Petersburg-Clearwater, FL",0.846843,
ifa_southatl_merge,33617,ifa,FL,IFA,IFA_02,IFA,,12057,45300,1271400,"IFA Tampa-St. Petersburg-Clearwater, FL",0.0420057,
ifa_southatl_merge,33618,ifa,FL,IFA,IFA_02,IFA,,12057,45300,1210825,"IFA Tampa-St. Petersburg-Clearwater, FL",7.03687,
ifa_southatl_merge,33619,ifa,FL,IFA,IFA_03,IFA,,12057,45300,1254387,"IFA Miami-Fort Lauderdale-West Palm Beach, FL / Tampa-St. Petersburg-Clearwater, FL",1.7971,
ifa_southatl_merge,33620,ifa,FL,IFA,IFA_02,IFA,,12057,45300,1271000,"IFA Tampa-St. Petersburg-Clearwater, FL",0.0,no cell in the extract: territory at zero opportunity
ifa_southatl_merge,33621,ifa,FL,IFA,IFA_03,IFA,,12057,45300,1271000,"IFA Miami-Fort Lauderdale-West Palm Beach, FL / Tampa-St. Petersburg-Clearwater, FL",0.0,no cell in the extract: territory at zero opportunity
ifa_southatl_merge,33624,ifa,FL,IFA,IFA_02,IFA,,12057,45300,1210825,"IFA Tampa-St. Petersburg-Clearwater, FL",4.34535,
ifa_southatl_merge,33625,ifa,FL,IFA,IFA_02,IFA,,12057,45300,1212425,"IFA Tampa-St. Petersburg-Clearwater, FL",10.6996,
ifa_southatl_merge,33626,ifa,FL,IFA,IFA_02,IFA,,12057,45300,1276062,"IFA Tampa-St. Petersburg-Clearwater, FL",9.1235,
ifa_southatl_merge,33629,ifa,FL,IFA,IFA_03,IFA,,12057,45300,1271000,"IFA Miami-Fort Lauderdale-West Palm Beach, FL / Tampa-St. Petersburg-Clearwater, FL",3.9146,
ifa_southatl_merge,33634,ifa,FL,IFA,IFA_02,IFA,,12057,45300,1272145,"IFA Tampa-St. Petersburg-Clearwater, FL",27.6161,
ifa_southatl_merge,33635,ifa,FL,IFA,IFA_02,IFA,,12057,45300,1272145,"IFA Tampa-St. Petersburg-Clearwater, FL",0.12686,
ifa_southatl_merge,33637,ifa,FL,IFA,IFA_02,IFA,,12057,45300,1271400,"IFA Tampa-St. Petersburg-Clearwater, FL",2.09138,
ifa_southatl_merge,33647,ifa,FL,IFA,IFA_02,IFA,,12057,45300,1271000,"IFA Tampa-St. Petersburg-Clearwater, FL",4.17583,
ifa_southatl_merge,33701,ifa,FL,IFA,IFA_02,IFA,,12103,45300,1263000,"IFA Tampa-St. Petersburg-Clearwater, FL",20.9622,
ifa_southatl_merge,33702,ifa,FL,IFA,IFA_02,IFA,,12103,45300,1263000,"IFA Tampa-St. Petersburg-Clearwater, FL",7.29781,
ifa_southatl_merge,33703,ifa,FL,IFA,IFA_02,IFA,,12103,45300,1263000,"IFA Tampa-St. Petersburg-Clearwater, FL",3.4463,
ifa_southatl_merge,33704,ifa,FL,IFA,IFA_02,IFA,,12103,45300,1263000,"IFA Tampa-St. Petersburg-Clearwater, FL",1.84091,
ifa_southatl_merge,33705,ifa,FL,IFA,IFA_02,IFA,,12103,45300,1263000,"IFA Tampa-St. Petersburg-Clearwater, FL",0.00556816,
ifa_southatl_merge,33706,ifa,FL,IFA,IFA_02,IFA,,12103,45300,1262885,"IFA Tampa-St. Petersburg-Clearwater, FL",1.42337,
ifa_southatl_merge,33707,ifa,FL,IFA,IFA_02,IFA,,12103,45300,1228175,"IFA Tampa-St. Petersburg-Clearwater, FL",4.05351,
ifa_southatl_merge,33708,ifa,FL,IFA,IFA_02,IFA,,12103,45300,1242400,"IFA Tampa-St. Petersburg-Clearwater, FL",0.0,no cell in the extract: territory at zero opportunity
ifa_southatl_merge,33709,ifa,FL,IFA,IFA_02,IFA,,12103,45300,1276481,"IFA Tampa-St. Petersburg-Clearwater, FL",0.13226,
ifa_southatl_merge,33710,ifa,FL,IFA,IFA_02,IFA,,12103,45300,1263000,"IFA Tampa-St. Petersburg-Clearwater, FL",8.82264,
ifa_southatl_merge,33711,ifa,FL,IFA,IFA_02,IFA,,12103,45300,1263000,"IFA Tampa-St. Petersburg-Clearwater, FL",0.0,no cell in the extract: territory at zero opportunity
ifa_southatl_merge,33712,ifa,FL,IFA,IFA_02,IFA,,12103,45300,1263000,"IFA Tampa-St. Petersburg-Clearwater, FL",0.0,no cell in the extract: territory at zero opportunity
ifa_southatl_merge,33713,ifa,FL,IFA,IFA_02,IFA,,12103,45300,1263000,"IFA Tampa-St. Petersburg-Clearwater, FL",7.15068,
ifa_southatl_merge,33714,ifa,FL,IFA,IFA_02,IFA,,12103,45300,1239775,"IFA Tampa-St. Petersburg-Clearwater, FL",0.0,no cell in the extract: territory at zero opportunity
ifa_southatl_merge,33715,ifa,FL,IFA,IFA_02,IFA,,12103,45300,1271825,"IFA Tampa-St. Petersburg-Clearwater, FL",0.202881,
ifa_southatl_merge,33716,ifa,FL,IFA,IFA_02,IFA,,12103,45300,1263000,"IFA Tampa-St. Petersburg-Clearwater, FL",15.9489,
ifa_southatl_merge,33744,ifa,FL,IFA,IFA_02,IFA,,12103,45300,1204200,"IFA Tampa-St. Petersburg-Clearwater, FL",0.0,no cell in the extract: territory at zero opportunity
ifa_southatl_merge,33755,ifa,FL,IFA,IFA_02,IFA,,12103,45300,1212875,"IFA Tampa-St. Petersburg-Clearwater, FL",0.563105,
ifa_southatl_merge,33756,ifa,FL,IFA,IFA_02,IFA,,12103,45300,1212875,"IFA Tampa-St. Petersburg-Clearwater, FL",6.40864,
ifa_southatl_merge,33759,ifa,FL,IFA,IFA_02,IFA,,12103,45300,1212875,"IFA Tampa-St. Petersburg-Clearwater, FL",14.1643,
ifa_southatl_merge,33760,ifa,FL,IFA,IFA_02,IFA,,12103,45300,1239425,"IFA Tampa-St. Petersburg-Clearwater, FL",2.62392,
ifa_southatl_merge,33761,ifa,FL,IFA,IFA_02,IFA,,12103,45300,1212875,"IFA Tampa-St. Petersburg-Clearwater, FL",11.2577,
ifa_southatl_merge,33762,ifa,FL,IFA,IFA_02,IFA,,12103,45300,1221945,"IFA Tampa-St. Petersburg-Clearwater, FL",1.86064,
ifa_southatl_merge,33763,ifa,FL,IFA,IFA_02,IFA,,12103,45300,1212875,"IFA Tampa-St. Petersburg-Clearwater, FL",2.70024,
ifa_southatl_merge,33764,ifa,FL,IFA,IFA_02,IFA,,12103,45300,1212875,"IFA Tampa-St. Petersburg-Clearwater, FL",8.25825,
ifa_southatl_merge,33765,ifa,FL,IFA,IFA_02,IFA,,12103,45300,1212875,"IFA Tampa-St. Petersburg-Clearwater, FL",4.28325,
ifa_southatl_merge,33767,ifa,FL,IFA,IFA_02,IFA,,12103,45300,1212875,"IFA Tampa-St. Petersburg-Clearwater, FL",0.903316,
ifa_southatl_merge,33770,ifa,FL,IFA,IFA_02,IFA,,12103,45300,1239425,"IFA Tampa-St. Petersburg-Clearwater, FL",3.19554,
ifa_southatl_merge,33771,ifa,FL,IFA,IFA_02,IFA,,12103,45300,1239425,"IFA Tampa-St. Petersburg-Clearwater, FL",0.0,no cell in the extract: territory at zero opportunity
ifa_southatl_merge,33772,ifa,FL,IFA,IFA_02,IFA,,12103,45300,1264975,"IFA Tampa-St. Petersburg-Clearwater, FL",3.09897,
ifa_southatl_merge,33773,ifa,FL,IFA,IFA_02,IFA,,12103,45300,1256975,"IFA Tampa-St. Petersburg-Clearwater, FL",0.0,no cell in the extract: territory at zero opportunity
ifa_southatl_merge,33774,ifa,FL,IFA,IFA_02,IFA,,12103,45300,1239425,"IFA Tampa-St. Petersburg-Clearwater, FL",2.74194,
ifa_southatl_merge,33776,ifa,FL,IFA,IFA_02,IFA,,12103,45300,1264975,"IFA Tampa-St. Petersburg-Clearwater, FL",0.0,no cell in the extract: territory at zero opportunity
ifa_southatl_merge,33777,ifa,FL,IFA,IFA_02,IFA,,12103,45300,1203480,"IFA Tampa-St. Petersburg-Clearwater, FL",1.46688,
ifa_southatl_merge,33778,ifa,FL,IFA,IFA_02,IFA,,12103,45300,1239425,"IFA Tampa-St. Petersburg-Clearwater, FL",0.0,no cell in the extract: territory at zero opportunity
ifa_southatl_merge,33781,ifa,FL,IFA,IFA_02,IFA,,12103,45300,1256975,"IFA Tampa-St. Petersburg-Clearwater, FL",0.0,no cell in the extract: territory at zero opportunity
ifa_southatl_merge,33782,ifa,FL,IFA,IFA_02,IFA,,12103,45300,1256975,"IFA Tampa-St. Petersburg-Clearwater, FL",0.103409,
ifa_southatl_merge,33785,ifa,FL,IFA,IFA_02,IFA,,12103,45300,1233625,"IFA Tampa-St. Petersburg-Clearwater, FL",0.238635,
ifa_southatl_merge,33786,ifa,FL,IFA,IFA_02,IFA,,12103,45300,1205100,"IFA Tampa-St. Petersburg-Clearwater, FL",0.0,no cell in the extract: territory at zero opportunity
ifa_southatl_merge,33801,ifa,FL,IFA,IFA_03,IFA,,12105,29460,1238250,"IFA Miami-Fort Lauderdale-West Palm Beach, FL / Tampa-St. Petersburg-Clearwater, FL",5.60463,
ifa_southatl_merge,33803,ifa,FL,IFA,IFA_03,IFA,,12105,29460,1238250,"IFA Miami-Fort Lauderdale-West Palm Beach, FL / Tampa-St. Petersburg-Clearwater, FL",25.8389,
ifa_southatl_merge,33805,ifa,FL,IFA,IFA_03,IFA,,12105,29460,1238250,"IFA Miami-Fort Lauderdale-West Palm Beach, FL / Tampa-St. Petersburg-Clearwater, FL",0.0,no cell in the extract: territory at zero opportunity
ifa_southatl_merge,33809,ifa,FL,IFA,IFA_03,IFA,,12105,29460,1238250,"IFA Miami-Fort Lauderdale-West Palm Beach, FL / Tampa-St. Petersburg-Clearwater, FL",0.56325,
ifa_southatl_merge,33810,ifa,FL,IFA,IFA_03,IFA,,12105,29460,1235950,"IFA Miami-Fort Lauderdale-West Palm Beach, FL / Tampa-St. Petersburg-Clearwater, FL",1.34629,
ifa_southatl_merge,33811,ifa,FL,IFA,IFA_03,IFA,,12105,29460,1238250,"IFA Miami-Fort Lauderdale-West Palm Beach, FL / Tampa-St. Petersburg-Clearwater, FL",0.0870351,
ifa_southatl_merge,33812,ifa,FL,IFA,IFA_03,IFA,,12105,29460,1230225,"IFA Miami-Fort Lauderdale-West Palm Beach, FL / Tampa-St. Petersburg-Clearwater, FL",0.0,no cell in the extract: territory at zero opportunity
ifa_southatl_merge,33813,ifa,FL,IFA,IFA_03,IFA,,12105,29460,1238262,"IFA Miami-Fort Lauderdale-West Palm Beach, FL / Tampa-St. Petersburg-Clearwater, FL",5.44813,
ifa_southatl_merge,33815,ifa,FL,IFA,IFA_03,IFA,,12105,29460,1238250,"IFA Miami-Fort Lauderdale-West Palm Beach, FL / Tampa-St. Petersburg-Clearwater, FL",0.0,no cell in the extract: territory at zero opportunity
ifa_southatl_merge,33823,ifa,FL,IFA,IFA_03,IFA,,12105,29460,1202550,"IFA Miami-Fort Lauderdale-West Palm Beach, FL / Tampa-St. Petersburg-Clearwater, FL",1.20179,
ifa_southatl_merge,33825,ifa,FL,IFA,IFA_03,IFA,,12055,42700,1202750,"IFA Miami-Fort Lauderdale-West Palm Beach, FL / Tampa-St. Petersburg-Clearwater, FL",0.0,no cell in the extract: territory at zero opportunity
ifa_southatl_merge,33827,ifa,FL,IFA,IFA_03,IFA,,12105,29460,1224900,"IFA Miami-Fort Lauderdale-West Palm Beach, FL / Tampa-St. Petersburg-Clearwater, FL",0.0,no cell in the extract: territory at zero opportunity
ifa_southatl_merge,33830,ifa,FL,IFA,IFA_03,IFA,,12105,29460,1203675,"IFA Miami-Fort Lauderdale-West Palm Beach, FL / Tampa-St. Petersburg-Clearwater, FL",0.0,no cell in the extract: territory at zero opportunity
ifa_southatl_merge,33834,ifa,FL,IFA,IFA_03,IFA,,12049,,1223875,"IFA Miami-Fort Lauderdale-West Palm Beach, FL / Tampa-St. Petersburg-Clearwater, FL",0.0,no cell in the extract: territory at zero opportunity
ifa_southatl_merge,33835,ifa,FL,IFA,IFA_03,IFA,,12105,29460,1208125,"IFA Miami-Fort Lauderdale-West Palm Beach, FL / Tampa-St. Petersburg-Clearwater, FL",0.0,no cell in the extract: territory at zero opportunity
ifa_southatl_merge,33837,ifa,FL,IFA,IFA_03,IFA,,12105,29460,1216450,"IFA Miami-Fort Lauderdale-West Palm Beach, FL / Tampa-St. Petersburg-Clearwater, FL",0.0,no cell in the extract: territory at zero opportunity
ifa_southatl_merge,33838,ifa,FL,IFA,IFA_03,IFA,,12105,29460,1218550,"IFA Miami-Fort Lauderdale-West Palm Beach, FL / Tampa-St. Petersburg-Clearwater, FL",0.0,no cell in the extract: territory at zero opportunity
ifa_southatl_merge,33839,ifa,FL,IFA,IFA_03,IFA,,12105,29460,1218875,"IFA Miami-Fort Lauderdale-West Palm Beach, FL / Tampa-St. Petersburg-Clearwater, FL",0.0,no cell in the extract: territory at zero opportunity
ifa_southatl_merge,33840,ifa,FL,IFA,IFA_03,IFA,,12105,29460,,"IFA Miami-Fort Lauderdale-West Palm Beach, FL / Tampa-St. Petersburg-Clearwater, FL",0.104562,
ifa_southatl_merge,33841,ifa,FL,IFA,IFA_03,IFA,,12105,29460,1201100,"IFA Miami-Fort Lauderdale-West Palm Beach, FL / Tampa-St. Petersburg-Clearwater, FL",0.0,no cell in the extract: territory at zero opportunity
ifa_southatl_merge,33843,ifa,FL,IFA,IFA_03,IFA,,12105,29460,1224900,"IFA Miami-Fort Lauderdale-West Palm Beach, FL / Tampa-St. Petersburg-Clearwater, FL",0.0,no cell in the extract: territory at zero opportunity
ifa_southatl_merge,33844,ifa,FL,IFA,IFA_03,IFA,,12105,29460,1228400,"IFA Miami-Fort Lauderdale-West Palm Beach, FL / Tampa-St. Petersburg-Clearwater, FL",0.0165719,
ifa_southatl_merge,33847,ifa,FL,IFA,IFA_03,IFA,,12105,29460,1232250,"IFA Miami-Fort Lauderdale-West Palm Beach, FL / Tampa-St. Petersburg-Clearwater, FL",0.0,no cell in the extract: territory at zero opportunity
ifa_southatl_merge,33848,ifa,FL,IFA,IFA_03,IFA,,12097,36740,,"IFA Miami-Fort Lauderdale-West Palm Beach, FL / Tampa-St. Petersburg-Clearwater, FL",0.0,no cell in the extract: territory at zero opportunity
ifa_southatl_merge,33849,ifa,FL,IFA,IFA_02,IFA,,12105,29460,,"IFA Tampa-St. Petersburg-Clearwater, FL",0.0,no cell in the extract: territory at zero opportunity
ifa_southatl_merge,33850,ifa,FL,IFA,IFA_03,IFA,,12105,29460,1237525,"IFA Miami-Fort Lauderdale-West Palm Beach, FL / Tampa-St. Petersburg-Clearwater, FL",0.0,no cell in the extract: territory at zero opportunity
ifa_southatl_merge,33851,ifa,FL,IFA,IFA_03,IFA,,12105,29460,1237975,"IFA Miami-Fort Lauderdale-West Palm Beach, FL / Tampa-St. Petersburg-Clearwater, FL",0.0,no cell in the extract: territory at zero opportunity
ifa_southatl_merge,33852,ifa,FL,IFA,IFA_03,IFA,,12055,42700,1238625,"IFA Miami-Fort Lauderdale-West Palm Beach, FL / Tampa-St. Petersburg-Clearwater, FL",0.928317,
ifa_southatl_merge,33853,ifa,FL,IFA,IFA_03,IFA,,12105,29460,1238950,"IFA Miami-Fort Lauderdale-West Palm Beach, FL / Tampa-St. Petersburg-Clearwater, FL",5.28705,
ifa_southatl_merge,33854,ifa,FL,IFA,IFA_03,IFA,,12105,29460,,"IFA Miami-Fort Lauderdale-West Palm Beach, FL / Tampa-St. Petersburg-Clearwater, FL",0.0,no cell in the extract: territory at zero opportunity
ifa_southatl_merge,33855,ifa,FL,IFA,IFA_03,IFA,,12105,29460,1233500,"IFA Miami-Fort Lauderdale-West Palm Beach, FL / Tampa-St. Petersburg-Clearwater, FL",0.0,no cell in the extract: territory at zero opportunity
ifa_southatl_merge,33856,ifa,FL,IFA,IFA_03,IFA,,12105,29460,,"IFA Miami-Fort Lauderdale-West Palm Beach, FL / Tampa-St. Petersburg-Clearwater, FL",0.0,no cell in the extract: territory at zero opportunity
ifa_southatl_merge,33857,ifa,FL,IFA,IFA_03,IFA,,12055,42700,,"IFA Miami-Fort Lauderdale-West Palm Beach, FL / Tampa-St. Petersburg-Clearwater, FL",0.0,no cell in the extract: territory at zero opportunity
ifa_southatl_merge,33858,ifa,FL,IFA,IFA_03,IFA,,12105,29460,1241400,"IFA Miami-Fort Lauderdale-West Palm Beach, FL / Tampa-St. Petersburg-Clearwater, FL",0.0,no cell in the extract: territory at zero opportunity
ifa_southatl_merge,33859,ifa,FL,IFA,IFA_03,IFA,,12105,29460,1201100,"IFA Miami-Fort Lauderdale-West Palm Beach, FL / Tampa-St. Petersburg-Clearwater, FL",0.807326,
ifa_southatl_merge,33860,ifa,FL,IFA,IFA_03,IFA,,12105,29460,1247200,"IFA Miami-Fort Lauderdale-West Palm Beach, FL / Tampa-St. Petersburg-Clearwater, FL",0.0,no cell in the extract: territory at zero opportunity
ifa_southatl_merge,33865,ifa,FL,IFA,IFA_03,IFA,,12049,,1240525,"IFA Miami-Fort Lauderdale-West Palm Beach, FL / Tampa-St. Petersburg-Clearwater, FL",0.0,no cell in the extract: territory at zero opportunity
ifa_southatl_merge,33867,ifa,FL,IFA,IFA_03,IFA,,12105,29460,,"IFA Miami-Fort Lauderdale-West Palm Beach, FL / Tampa-St. Petersburg-Clearwater, FL",0.0,no cell in the extract: territory at zero opportunity
ifa_southatl_merge,33868,ifa,FL,IFA,IFA_03,IFA,,12105,29460,1257950,"IFA Miami-Fort Lauderdale-West Palm Beach, FL / Tampa-St. Petersburg-Clearwater, FL",0.0,no cell in the extract: territory at zero opportunity
ifa_southatl_merge,33870,ifa,FL,IFA,IFA_03,IFA,,12055,42700,1264875,"IFA Miami-Fort Lauderdale-West Palm Beach, FL / Tampa-St. Petersburg-Clearwater, FL",2.57877,
ifa_southatl_merge,33872,ifa,FL,IFA,IFA_03,IFA,,12055,42700,1264875,"IFA Miami-Fort Lauderdale-West Palm Beach, FL / Tampa-St. Petersburg-Clearwater, FL",0.0,no cell in the extract: territory at zero opportunity
ifa_southatl_merge,33873,ifa,FL,IFA,IFA_03,IFA,,12049,,1240100,"IFA Miami-Fort Lauderdale-West Palm Beach, FL / Tampa-St. Petersburg-Clearwater, FL",0.0,no cell in the extract: territory at zero opportunity
ifa_southatl_merge,33875,ifa,FL,IFA,IFA_03,IFA,,12055,42700,1264875,"IFA Miami-Fort Lauderdale-West Palm Beach, FL / Tampa-St. Petersburg-Clearwater, FL",0.0,no cell in the extract: territory at zero opportunity
ifa_southatl_merge,33876,ifa,FL,IFA,IFA_03,IFA,,12055,42700,1264875,"IFA Miami-Fort Lauderdale-West Palm Beach, FL / Tampa-St. Petersburg-Clearwater, FL",0.0893934,
ifa_southatl_merge,33877,ifa,FL,IFA,IFA_03,IFA,,12105,29460,1275475,"IFA Miami-Fort Lauderdale-West Palm Beach, FL / Tampa-St. Petersburg-Clearwater, FL",0.0,no cell in the extract: territory at zero opportunity
ifa_southatl_merge,33880,ifa,FL,IFA,IFA_03,IFA,,12105,29460,1235300,"IFA Miami-Fort Lauderdale-West Palm Beach, FL / Tampa-St. Petersburg-Clearwater, FL",15.5632,
ifa_southatl_merge,33881,ifa,FL,IFA,IFA_03,IFA,,12105,29460,1278275,"IFA Miami-Fort Lauderdale-West Palm Beach, FL / Tampa-St. Petersburg-Clearwater, FL",1.69324,
ifa_southatl_merge,33884,ifa,FL,IFA,IFA_03,IFA,,12105,29460,1278275,"IFA Miami-Fort Lauderdale-West Palm Beach, FL / Tampa-St. Petersburg-Clearwater, FL",0.0238635,
ifa_southatl_merge,33890,ifa,FL,IFA,IFA_03,IFA,,12049,,1240100,"IFA Miami-Fort Lauderdale-West Palm Beach, FL / Tampa-St. Petersburg-Clearwater, FL",0.0,no cell in the extract: territory at zero opportunity
ifa_southatl_merge,33896,ifa,FL,IFA,IFA_03,IFA,,12097,36740,1257900,"IFA Miami-Fort Lauderdale-West Palm Beach, FL / Tampa-St. Petersburg-Clearwater, FL",1.73817,
ifa_southatl_merge,33897,ifa,FL,IFA,IFA_03,IFA,,12105,29460,1224581,"IFA Miami-Fort Lauderdale-West Palm Beach, FL / Tampa-St. Petersburg-Clearwater, FL",0.0,no cell in the extract: territory at zero opportunity
ifa_southatl_merge,33898,ifa,FL,IFA,IFA_03,IFA,,12105,29460,1233500,"IFA Miami-Fort Lauderdale-West Palm Beach, FL / Tampa-St. Petersburg-Clearwater, FL",0.0,no cell in the extract: territory at zero opportunity
ifa_southatl_merge,33901,ifa,FL,IFA,IFA_03,IFA,,12071,15980,1224125,"IFA Miami-Fort Lauderdale-West Palm Beach, FL / Tampa-St. Petersburg-Clearwater, FL",3.69446,
ifa_southatl_merge,33903,ifa,FL,IFA,IFA_03,IFA,,12071,15980,1249350,"IFA Miami-Fort Lauderdale-West Palm Beach, FL / Tampa-St. Petersburg-Clearwater, FL",0.0,no cell in the extract: territory at zero opportunity
ifa_southatl_merge,33904,ifa,FL,IFA,IFA_03,IFA,,12071,15980,1210275,"IFA Miami-Fort Lauderdale-West Palm Beach, FL / Tampa-St. Petersburg-Clearwater, FL",3.9083,
ifa_southatl_merge,33905,ifa,FL,IFA,IFA_03,IFA,,12071,15980,1209350,"IFA Miami-Fort Lauderdale-West Palm Beach, FL / Tampa-St. Petersburg-Clearwater, FL",0.593686,
ifa_southatl_merge,33907,ifa,FL,IFA,IFA_03,IFA,,12071,15980,1274512,"IFA Miami-Fort Lauderdale-West Palm Beach, FL / Tampa-St. Petersburg-Clearwater, FL",39.1804,
ifa_southatl_merge,33908,ifa,FL,IFA,IFA_03,IFA,,12071,15980,1234012,"IFA Miami-Fort Lauderdale-West Palm Beach, FL / Tampa-St. Petersburg-Clearwater, FL",4.57028,
ifa_southatl_merge,33909,ifa,FL,IFA,IFA_03,IFA,,12071,15980,1210275,"IFA Miami-Fort Lauderdale-West Palm Beach, FL / Tampa-St. Petersburg-Clearwater, FL",0.415632,
ifa_southatl_merge,33912,ifa,FL,IFA,IFA_03,IFA,,12071,15980,1224125,"IFA Miami-Fort Lauderdale-West Palm Beach, FL / Tampa-St. Petersburg-Clearwater, FL",23.2265,
ifa_southatl_merge,33913,ifa,FL,IFA,IFA_03,IFA,,12071,15980,1224125,"IFA Miami-Fort Lauderdale-West Palm Beach, FL / Tampa-St. Petersburg-Clearwater, FL",4.49077,
ifa_southatl_merge,33914,ifa,FL,IFA,IFA_03,IFA,,12071,15980,1210275,"IFA Miami-Fort Lauderdale-West Palm Beach, FL / Tampa-St. Petersburg-Clearwater, FL",0.0198864,
ifa_southatl_merge,33916,ifa,FL,IFA,IFA_03,IFA,,12071,15980,1224125,"IFA Miami-Fort Lauderdale-West Palm Beach, FL / Tampa-St. Petersburg-Clearwater, FL",0.995572,
ifa_southatl_merge,33917,ifa,FL,IFA,IFA_03,IFA,,12071,15980,1249350,"IFA Miami-Fort Lauderdale-West Palm Beach, FL / Tampa-St. Petersburg-Clearwater, FL",0.0,no cell in the extract: territory at zero opportunity
ifa_southatl_merge,33919,ifa,FL,IFA,IFA_03,IFA,,12071,15980,1216062,"IFA Miami-Fort Lauderdale-West Palm Beach, FL / Tampa-St. Petersburg-Clearwater, FL",6.42278,
ifa_southatl_merge,33920,ifa,FL,IFA,IFA_03,IFA,,12071,15980,1201125,"IFA Miami-Fort Lauderdale-West Palm Beach, FL / Tampa-St. Petersburg-Clearwater, FL",0.0,no cell in the extract: territory at zero opportunity
ifa_southatl_merge,33921,ifa,FL,IFA,IFA_03,IFA,,12071,15980,,"IFA Miami-Fort Lauderdale-West Palm Beach, FL / Tampa-St. Petersburg-Clearwater, FL",0.0,no cell in the extract: territory at zero opportunity
ifa_southatl_merge,33922,ifa,FL,IFA,IFA_03,IFA,,12071,15980,1207375,"IFA Miami-Fort Lauderdale-West Palm Beach, FL / Tampa-St. Petersburg-Clearwater, FL",1.83337,
ifa_southatl_merge,33924,ifa,FL,IFA,IFA_03,IFA,,12071,15980,1210425,"IFA Miami-Fort Lauderdale-West Palm Beach, FL / Tampa-St. Petersburg-Clearwater, FL",0.0,no cell in the extract: territory at zero opportunity
ifa_southatl_merge,33928,ifa,FL,IFA,IFA_03,IFA,,12071,15980,1221150,"IFA Miami-Fort Lauderdale-West Palm Beach, FL / Tampa-St. Petersburg-Clearwater, FL",1.89183,
ifa_southatl_merge,33930,ifa,FL,IFA,IFA_03,IFA,,12051,17500,,"IFA Miami-Fort Lauderdale-West Palm Beach, FL / Tampa-St. Petersburg-Clearwater, FL",0.0,no cell in the extract: territory at zero opportunity
ifa_southatl_merge,33931,ifa,FL,IFA,IFA_03,IFA,,12071,15980,1224150,"IFA Miami-Fort Lauderdale-West Palm Beach, FL / Tampa-St. Petersburg-Clearwater, FL",0.0,no cell in the extract: territory at zero opportunity
ifa_southatl_merge,33935,ifa,FL,IFA,IFA_03,IFA,,12051,17500,1223730,"IFA Miami-Fort Lauderdale-West Palm Beach, FL / Tampa-St. Petersburg-Clearwater, FL",0.0,no cell in the extract: territory at zero opportunity
ifa_southatl_merge,33936,ifa,FL,IFA,IFA_03,IFA,,12051,17500,1239925,"IFA Miami-Fort Lauderdale-West Palm Beach, FL / Tampa-St. Petersburg-Clearwater, FL",0.0,no cell in the extract: territory at zero opportunity
ifa_southatl_merge,33944,ifa,FL,IFA,IFA_03,IFA,,12043,17500,,"IFA Miami-Fort Lauderdale-West Palm Beach, FL / Tampa-St. Petersburg-Clearwater, FL",0.0,no cell in the extract: territory at zero opportunity
ifa_southatl_merge,33946,ifa,FL,IFA,IFA_03,IFA,,12015,39460,1261937,"IFA Miami-Fort Lauderdale-West Palm Beach, FL / Tampa-St. Petersburg-Clearwater, FL",0.515354,
ifa_southatl_merge,33947,ifa,FL,IFA,IFA_03,IFA,,12015,39460,1261937,"IFA Miami-Fort Lauderdale-West Palm Beach, FL / Tampa-St. Petersburg-Clearwater, FL",0.0,no cell in the extract: territory at zero opportunity
ifa_southatl_merge,33948,ifa,FL,IFA,IFA_03,IFA,,12015,39460,1258350,"IFA Miami-Fort Lauderdale-West Palm Beach, FL / Tampa-St. Petersburg-Clearwater, FL",0.958496,
ifa_southatl_merge,33950,ifa,FL,IFA,IFA_03,IFA,,12015,39460,1259200,"IFA Miami-Fort Lauderdale-West Palm Beach, FL / Tampa-St. Petersburg-Clearwater, FL",1.99174,
ifa_southatl_merge,33952,ifa,FL,IFA,IFA_03,IFA,,12015,39460,1258350,"IFA Miami-Fort Lauderdale-West Palm Beach, FL / Tampa-St. Petersburg-Clearwater, FL",0.424479,
ifa_southatl_merge,33953,ifa,FL,IFA,IFA_03,IFA,,12015,39460,1258350,"IFA Miami-Fort Lauderdale-West Palm Beach, FL / Tampa-St. Petersburg-Clearwater, FL",0.0,no cell in the extract: territory at zero opportunity
ifa_southatl_merge,33954,ifa,FL,IFA,IFA_03,IFA,,12015,39460,1258350,"IFA Miami-Fort Lauderdale-West Palm Beach, FL / Tampa-St. Petersburg-Clearwater, FL",0.0,no cell in the extract: territory at zero opportunity
ifa_southatl_merge,33955,ifa,FL,IFA,IFA_03,IFA,,12015,39460,1259200,"IFA Miami-Fort Lauderdale-West Palm Beach, FL / Tampa-St. Petersburg-Clearwater, FL",0.0,no cell in the extract: territory at zero opportunity
ifa_southatl_merge,33956,ifa,FL,IFA,IFA_03,IFA,,12071,15980,1262675,"IFA Miami-Fort Lauderdale-West Palm Beach, FL / Tampa-St. Petersburg-Clearwater, FL",0.0,no cell in the extract: territory at zero opportunity
ifa_southatl_merge,33957,ifa,FL,IFA,IFA_03,IFA,,12071,15980,1263700,"IFA Miami-Fort Lauderdale-West Palm Beach, FL / Tampa-St. Petersburg-Clearwater, FL",0.0,no cell in the extract: territory at zero opportunity
ifa_southatl_merge,33960,ifa,FL,IFA,IFA_03,IFA,,12055,42700,,"IFA Miami-Fort Lauderdale-West Palm Beach, FL / Tampa-St. Petersburg-Clearwater, FL",0.0,no cell in the extract: territory at zero opportunity
ifa_southatl_merge,33965,ifa,FL,IFA,IFA_03,IFA,,12071,15980,1223005,"IFA Miami-Fort Lauderdale-West Palm Beach, FL / Tampa-St. Petersburg-Clearwater, FL",0.0,no cell in the extract: territory at zero opportunity
ifa_southatl_merge,33966,ifa,FL,IFA,IFA_03,IFA,,12071,15980,1224125,"IFA Miami-Fort Lauderdale-West Palm Beach, FL / Tampa-St. Petersburg-Clearwater, FL",0.781517,
ifa_southatl_merge,33967,ifa,FL,IFA,IFA_03,IFA,,12071,15980,1263425,"IFA Miami-Fort Lauderdale-West Palm Beach, FL / Tampa-St. Petersburg-Clearwater, FL",0.0,no cell in the extract: territory at zero opportunity
ifa_southatl_merge,33971,ifa,FL,IFA,IFA_03,IFA,,12071,15980,1239925,"IFA Miami-Fort Lauderdale-West Palm Beach, FL / Tampa-St. Petersburg-Clearwater, FL",0.0,no cell in the extract: territory at zero opportunity
ifa_southatl_merge,33972,ifa,FL,IFA,IFA_03,IFA,,12071,15980,1239925,"IFA Miami-Fort Lauderdale-West Palm Beach, FL / Tampa-St. Petersburg-Clearwater, FL",0.0,no cell in the extract: territory at zero opportunity
ifa_southatl_merge,33973,ifa,FL,IFA,IFA_03,IFA,,12071,15980,1239925,"IFA Miami-Fort Lauderdale-West Palm Beach, FL / Tampa-St. Petersburg-Clearwater, FL",0.0,no cell in the extract: territory at zero opportunity
ifa_southatl_merge,33974,ifa,FL,IFA,IFA_03,IFA,,12071,15980,1239925,"IFA Miami-Fort Lauderdale-West Palm Beach, FL / Tampa-St. Petersburg-Clearwater, FL",0.0,no cell in the extract: territory at zero opportunity
ifa_southatl_merge,33976,ifa,FL,IFA,IFA_03,IFA,,12071,15980,1239925,"IFA Miami-Fort Lauderdale-West Palm Beach, FL / Tampa-St. Petersburg-Clearwater, FL",0.0,no cell in the extract: territory at zero opportunity
ifa_southatl_merge,33980,ifa,FL,IFA,IFA_03,IFA,,12015,39460,1258350,"IFA Miami-Fort Lauderdale-West Palm Beach, FL / Tampa-St. Petersburg-Clearwater, FL",0.535797,
ifa_southatl_merge,33981,ifa,FL,IFA,IFA_03,IFA,,12015,39460,,"IFA Miami-Fort Lauderdale-West Palm Beach, FL / Tampa-St. Petersburg-Clearwater, FL",0.0331751,
ifa_southatl_merge,33982,ifa,FL,IFA,IFA_03,IFA,,12015,39460,1212950,"IFA Miami-Fort Lauderdale-West Palm Beach, FL / Tampa-St. Petersburg-Clearwater, FL",0.0519829,
ifa_southatl_merge,33983,ifa,FL,IFA,IFA_03,IFA,,12015,39460,1228800,"IFA Miami-Fort Lauderdale-West Palm Beach, FL / Tampa-St. Petersburg-Clearwater, FL",0.163545,
ifa_southatl_merge,33990,ifa,FL,IFA,IFA_03,IFA,,12071,15980,1210275,"IFA Miami-Fort Lauderdale-West Palm Beach, FL / Tampa-St. Petersburg-Clearwater, FL",0.0,no cell in the extract: territory at zero opportunity
ifa_southatl_merge,33991,ifa,FL,IFA,IFA_03,IFA,,12071,15980,1210275,"IFA Miami-Fort Lauderdale-West Palm Beach, FL / Tampa-St. Petersburg-Clearwater, FL",4.77369,
ifa_southatl_merge,33993,ifa,FL,IFA,IFA_03,IFA,,12071,15980,1210275,"IFA Miami-Fort Lauderdale-West Palm Beach, FL / Tampa-St. Petersburg-Clearwater, FL",0.0,no cell in the extract: territory at zero opportunity
ifa_southatl_merge,34101,ifa,FL,IFA,IFA_03,IFA,,12021,34940,1247625,"IFA Miami-Fort Lauderdale-West Palm Beach, FL / Tampa-St. Petersburg-Clearwater, FL",0.187018,
ifa_southatl_merge,34102,ifa,FL,IFA,IFA_03,IFA,,12021,34940,1247625,"IFA Miami-Fort Lauderdale-West Palm Beach, FL / Tampa-St. Petersburg-Clearwater, FL",2.31899,
ifa_southatl_merge,34103,ifa,FL,IFA,IFA_03,IFA,,12021,34940,1247625,"IFA Miami-Fort Lauderdale-West Palm Beach, FL / Tampa-St. Petersburg-Clearwater, FL",1.91038,
ifa_southatl_merge,34104,ifa,FL,IFA,IFA_03,IFA,,12021,34940,1247625,"IFA Miami-Fort Lauderdale-West Palm Beach, FL / Tampa-St. Petersburg-Clearwater, FL",1.63528,
ifa_southatl_merge,34105,ifa,FL,IFA,IFA_03,IFA,,12021,34940,1247625,"IFA Miami-Fort Lauderdale-West Palm Beach, FL / Tampa-St. Petersburg-Clearwater, FL",6.45536,
ifa_southatl_merge,34108,ifa,FL,IFA,IFA_03,IFA,,12021,34940,1255650,"IFA Miami-Fort Lauderdale-West Palm Beach, FL / Tampa-St. Petersburg-Clearwater, FL",18.1794,
ifa_southatl_merge,34109,ifa,FL,IFA,IFA_03,IFA,,12021,34940,1255680,"IFA Miami-Fort Lauderdale-West Palm Beach, FL / Tampa-St. Petersburg-Clearwater, FL",2.92384,
ifa_southatl_merge,34110,ifa,FL,IFA,IFA_03,IFA,,12021,34940,1207525,"IFA Miami-Fort Lauderdale-West Palm Beach, FL / Tampa-St. Petersburg-Clearwater, FL",5.96763,
ifa_southatl_merge,34112,ifa,FL,IFA,IFA_03,IFA,,12021,34940,1247625,"IFA Miami-Fort Lauderdale-West Palm Beach, FL / Tampa-St. Petersburg-Clearwater, FL",2.21744,
ifa_southatl_merge,34113,ifa,FL,IFA,IFA_03,IFA,,12021,34940,1240037,"IFA Miami-Fort Lauderdale-West Palm Beach, FL / Tampa-St. Petersburg-Clearwater, FL",1.75251,
ifa_southatl_merge,34114,ifa,FL,IFA,IFA_03,IFA,,12021,34940,1278063,"IFA Miami-Fort Lauderdale-West Palm Beach, FL / Tampa-St. Petersburg-Clearwater, FL",7.87787,
ifa_southatl_merge,34116,ifa,FL,IFA,IFA_03,IFA,,12021,34940,1226300,"IFA Miami-Fort Lauderdale-West Palm Beach, FL / Tampa-St. Petersburg-Clearwater, FL",0.0,no cell in the extract: territory at zero opportunity
ifa_southatl_merge,34117,ifa,FL,IFA,IFA_03,IFA,,12021,34940,,"IFA Miami-Fort Lauderdale-West Palm Beach, FL / Tampa-St. Petersburg-Clearwater, FL",0.0,no cell in the extract: territory at zero opportunity
ifa_southatl_merge,34119,ifa,FL,IFA,IFA_03,IFA,,12021,34940,1274562,"IFA Miami-Fort Lauderdale-West Palm Beach, FL / Tampa-St. Petersburg-Clearwater, FL",11.8029,
ifa_southatl_merge,34120,ifa,FL,IFA,IFA_03,IFA,,12021,34940,1252162,"IFA Miami-Fort Lauderdale-West Palm Beach, FL / Tampa-St. Petersburg-Clearwater, FL",2.30245,
ifa_southatl_merge,34134,ifa,FL,IFA,IFA_03,IFA,,12071,15980,1207525,"IFA Miami-Fort Lauderdale-West Palm Beach, FL / Tampa-St. Petersburg-Clearwater, FL",4.36687,
ifa_southatl_merge,34135,ifa,FL,IFA,IFA_03,IFA,,12071,15980,1207525,"IFA Miami-Fort Lauderdale-West Palm Beach, FL / Tampa-St. Petersburg-Clearwater, FL",5.60523,
ifa_southatl_merge,34137,ifa,FL,IFA,IFA_03,IFA,,12021,34940,,"IFA Miami-Fort Lauderdale-West Palm Beach, FL / Tampa-St. Petersburg-Clearwater, FL",0.0,no cell in the extract: territory at zero opportunity
ifa_southatl_merge,34138,ifa,FL,IFA,IFA_03,IFA,,12021,34940,1212150,"IFA Miami-Fort Lauderdale-West Palm Beach, FL / Tampa-St. Petersburg-Clearwater, FL",0.0,no cell in the extract: territory at zero opportunity
ifa_southatl_merge,34139,ifa,FL,IFA,IFA_03,IFA,,12021,34940,1221425,"IFA Miami-Fort Lauderdale-West Palm Beach, FL / Tampa-St. Petersburg-Clearwater, FL",0.0,no cell in the extract: territory at zero opportunity
ifa_southatl_merge,34140,ifa,FL,IFA,IFA_03,IFA,,12021,34940,1243083,"IFA Miami-Fort Lauderdale-West Palm Beach, FL / Tampa-St. Petersburg-Clearwater, FL",0.0,no cell in the extract: territory at zero opportunity
ifa_southatl_merge,34141,ifa,FL,IFA,IFA_03,IFA,,12021,34940,1221425,"IFA Miami-Fort Lauderdale-West Palm Beach, FL / Tampa-St. Petersburg-Clearwater, FL",0.0,no cell in the extract: territory at zero opportunity
ifa_southatl_merge,34142,ifa,FL,IFA,IFA_03,IFA,,12021,34940,1233250,"IFA Miami-Fort Lauderdale-West Palm Beach, FL / Tampa-St. Petersburg-Clearwater, FL",2.56989,
ifa_southatl_merge,34145,ifa,FL,IFA,IFA_03,IFA,,12021,34940,1243083,"IFA Miami-Fort Lauderdale-West Palm Beach, FL / Tampa-St. Petersburg-Clearwater, FL",0.798998,
ifa_southatl_merge,34201,ifa,FL,IFA,IFA_03,IFA,,12081,35840,,"IFA Miami-Fort Lauderdale-West Palm Beach, FL / Tampa-St. Petersburg-Clearwater, FL",1.06995,
ifa_southatl_merge,34202,ifa,FL,IFA,IFA_03,IFA,,12081,35840,1239067,"IFA Miami-Fort Lauderdale-West Palm Beach, FL / Tampa-St. Petersburg-Clearwater, FL",25.6423,
ifa_southatl_merge,34203,ifa,FL,IFA,IFA_03,IFA,,12081,35840,1276740,"IFA Miami-Fort Lauderdale-West Palm Beach, FL / Tampa-St. Petersburg-Clearwater, FL",0.0,no cell in the extract: territory at zero opportunity
ifa_southatl_merge,34205,ifa,FL,IFA,IFA_03,IFA,,12081,35840,1207950,"IFA Miami-Fort Lauderdale-West Palm Beach, FL / Tampa-St. Petersburg-Clearwater, FL",5.41102,
ifa_southatl_merge,34207,ifa,FL,IFA,IFA_03,IFA,,12081,35840,1204350,"IFA Miami-Fort Lauderdale-West Palm Beach, FL / Tampa-St. Petersburg-Clearwater, FL",2.14661,
ifa_southatl_merge,34208,ifa,FL,IFA,IFA_03,IFA,,12081,35840,1207950,"IFA Miami-Fort Lauderdale-West Palm Beach, FL / Tampa-St. Petersburg-Clearwater, FL",0.4057,
ifa_southatl_merge,34209,ifa,FL,IFA,IFA_03,IFA,,12081,35840,1207950,"IFA Miami-Fort Lauderdale-West Palm Beach, FL / Tampa-St. Petersburg-Clearwater, FL",3.52756,
ifa_southatl_merge,34210,ifa,FL,IFA,IFA_03,IFA,,12081,35840,1214700,"IFA Miami-Fort Lauderdale-West Palm Beach, FL / Tampa-St. Petersburg-Clearwater, FL",1.03039,
ifa_southatl_merge,34211,ifa,FL,IFA,IFA_03,IFA,,12081,35840,1239067,"IFA Miami-Fort Lauderdale-West Palm Beach, FL / Tampa-St. Petersburg-Clearwater, FL",3.40897,
ifa_southatl_merge,34212,ifa,FL,IFA,IFA_03,IFA,,12081,35840,1239067,"IFA Miami-Fort Lauderdale-West Palm Beach, FL / Tampa-St. Petersburg-Clearwater, FL",0.237918,
ifa_southatl_merge,34215,ifa,FL,IFA,IFA_03,IFA,,12081,35840,1214700,"IFA Miami-Fort Lauderdale-West Palm Beach, FL / Tampa-St. Petersburg-Clearwater, FL",0.0,no cell in the extract: territory at zero opportunity
ifa_southatl_merge,34216,ifa,FL,IFA,IFA_03,IFA,,12081,35840,1201475,"IFA Miami-Fort Lauderdale-West Palm Beach, FL / Tampa-St. Petersburg-Clearwater, FL",0.0,no cell in the extract: territory at zero opportunity
ifa_southatl_merge,34217,ifa,FL,IFA,IFA_03,IFA,,12081,35840,1232150,"IFA Miami-Fort Lauderdale-West Palm Beach, FL / Tampa-St. Petersburg-Clearwater, FL",0.0,no cell in the extract: territory at zero opportunity
ifa_southatl_merge,34219,ifa,FL,IFA,IFA_03,IFA,,12081,35840,,"IFA Miami-Fort Lauderdale-West Palm Beach, FL / Tampa-St. Petersburg-Clearwater, FL",1.35523,
ifa_southatl_merge,34221,ifa,FL,IFA,IFA_03,IFA,,12081,35840,1254250,"IFA Miami-Fort Lauderdale-West Palm Beach, FL / Tampa-St. Petersburg-Clearwater, FL",0.0,no cell in the extract: territory at zero opportunity
ifa_southatl_merge,34222,ifa,FL,IFA,IFA_03,IFA,,12081,35840,1220375,"IFA Miami-Fort Lauderdale-West Palm Beach, FL / Tampa-St. Petersburg-Clearwater, FL",3.12112,
ifa_southatl_merge,34223,ifa,FL,IFA,IFA_03,IFA,,12115,35840,1249675,"IFA Miami-Fort Lauderdale-West Palm Beach, FL / Tampa-St. Petersburg-Clearwater, FL",2.34518,
ifa_southatl_merge,34224,ifa,FL,IFA,IFA_03,IFA,,12015,39460,1220825,"IFA Miami-Fort Lauderdale-West Palm Beach, FL / Tampa-St. Petersburg-Clearwater, FL",1.56046,
ifa_southatl_merge,34228,ifa,FL,IFA,IFA_03,IFA,,12115,35840,1241150,"IFA Miami-Fort Lauderdale-West Palm Beach, FL / Tampa-St. Petersburg-Clearwater, FL",0.0,no cell in the extract: territory at zero opportunity
ifa_southatl_merge,34229,ifa,FL,IFA,IFA_03,IFA,,12115,35840,1253425,"IFA Miami-Fort Lauderdale-West Palm Beach, FL / Tampa-St. Petersburg-Clearwater, FL",2.14397,
ifa_southatl_merge,34231,ifa,FL,IFA,IFA_03,IFA,,12115,35840,1228045,"IFA Miami-Fort Lauderdale-West Palm Beach, FL / Tampa-St. Petersburg-Clearwater, FL",7.16161,
ifa_southatl_merge,34232,ifa,FL,IFA,IFA_03,IFA,,12115,35840,1225000,"IFA Miami-Fort Lauderdale-West Palm Beach, FL / Tampa-St. Petersburg-Clearwater, FL",2.90363,
ifa_southatl_merge,34233,ifa,FL,IFA,IFA_03,IFA,,12115,35840,1204925,"IFA Miami-Fort Lauderdale-West Palm Beach, FL / Tampa-St. Petersburg-Clearwater, FL",2.12197,
ifa_southatl_merge,34234,ifa,FL,IFA,IFA_03,IFA,,12115,35840,1264175,"IFA Miami-Fort Lauderdale-West Palm Beach, FL / Tampa-St. Petersburg-Clearwater, FL",0.449831,
ifa_southatl_merge,34235,ifa,FL,IFA,IFA_03,IFA,,12115,35840,1271580,"IFA Miami-Fort Lauderdale-West Palm Beach, FL / Tampa-St. Petersburg-Clearwater, FL",0.0,no cell in the extract: territory at zero opportunity
ifa_southatl_merge,34236,ifa,FL,IFA,IFA_03,IFA,,12115,35840,1264175,"IFA Miami-Fort Lauderdale-West Palm Beach, FL / Tampa-St. Petersburg-Clearwater, FL",28.3252,
ifa_southatl_merge,34237,ifa,FL,IFA,IFA_03,IFA,,12115,35840,1264175,"IFA Miami-Fort Lauderdale-West Palm Beach, FL / Tampa-St. Petersburg-Clearwater, FL",15.9479,
ifa_southatl_merge,34238,ifa,FL,IFA,IFA_03,IFA,,12115,35840,1254238,"IFA Miami-Fort Lauderdale-West Palm Beach, FL / Tampa-St. Petersburg-Clearwater, FL",1.20627,
ifa_southatl_merge,34239,ifa,FL,IFA,IFA_03,IFA,,12115,35840,1264175,"IFA Miami-Fort Lauderdale-West Palm Beach, FL / Tampa-St. Petersburg-Clearwater, FL",3.92351,
ifa_southatl_merge,34240,ifa,FL,IFA,IFA_03,IFA,,12115,35840,1239067,"IFA Miami-Fort Lauderdale-West Palm Beach, FL / Tampa-St. Petersburg-Clearwater, FL",24.2847,
ifa_southatl_merge,34241,ifa,FL,IFA,IFA_03,IFA,,12115,35840,1238690,"IFA Miami-Fort Lauderdale-West Palm Beach, FL / Tampa-St. Petersburg-Clearwater, FL",0.588623,
ifa_southatl_merge,34242,ifa,FL,IFA,IFA_03,IFA,,12115,35840,1266000,"IFA Miami-Fort Lauderdale-West Palm Beach, FL / Tampa-St. Petersburg-Clearwater, FL",0.0,no cell in the extract: territory at zero opportunity
ifa_southatl_merge,34243,ifa,FL,IFA,IFA_03,IFA,,12081,35840,1277467,"IFA Miami-Fort Lauderdale-West Palm Beach, FL / Tampa-St. Petersburg-Clearwater, FL",2.16625,
ifa_southatl_merge,34250,ifa,FL,IFA,IFA_03,IFA,,12081,35840,,"IFA Miami-Fort Lauderdale-West Palm Beach, FL / Tampa-St. Petersburg-Clearwater, FL",0.386591,
ifa_southatl_merge,34251,ifa,FL,IFA,IFA_03,IFA,,12081,35840,1251342,"IFA Miami-Fort Lauderdale-West Palm Beach, FL / Tampa-St. Petersburg-Clearwater, FL",0.668671,
ifa_southatl_merge,34266,ifa,FL,IFA,IFA_03,IFA,,12027,11580,1267355,"IFA Miami-Fort Lauderdale-West Palm Beach, FL / Tampa-St. Petersburg-Clearwater, FL",0.0,no cell in the extract: territory at zero opportunity
ifa_southatl_merge,34267,ifa,FL,IFA,IFA_03,IFA,,12027,11580,,"IFA Miami-Fort Lauderdale-West Palm Beach, FL / Tampa-St. Petersburg-Clearwater, FL",0.0,no cell in the extract: territory at zero opportunity
ifa_southatl_merge,34268,ifa,FL,IFA,IFA_03,IFA,,12027,11580,,"IFA Miami-Fort Lauderdale-West Palm Beach, FL / Tampa-St. Petersburg-Clearwater, FL",0.0,no cell in the extract: territory at zero opportunity
ifa_southatl_merge,34269,ifa,FL,IFA,IFA_03,IFA,,12027,11580,,"IFA Miami-Fort Lauderdale-West Palm Beach, FL / Tampa-St. Petersburg-Clearwater, FL",0.0,no cell in the extract: territory at zero opportunity
ifa_southatl_merge,34275,ifa,FL,IFA,IFA_03,IFA,,12115,35840,1239600,"IFA Miami-Fort Lauderdale-West Palm Beach, FL / Tampa-St. Petersburg-Clearwater, FL",0.00432725,
ifa_southatl_merge,34285,ifa,FL,IFA,IFA_03,IFA,,12115,35840,1273900,"IFA Miami-Fort Lauderdale-West Palm Beach, FL / Tampa-St. Petersburg-Clearwater, FL",1.87988,
ifa_southatl_merge,34286,ifa,FL,IFA,IFA_03,IFA,,12115,35840,1249675,"IFA Miami-Fort Lauderdale-West Palm Beach, FL / Tampa-St. Petersburg-Clearwater, FL",0.0,no cell in the extract: territory at zero opportunity
ifa_southatl_merge,34287,ifa,FL,IFA,IFA_03,IFA,,12115,35840,1249675,"IFA Miami-Fort Lauderdale-West Palm Beach, FL / Tampa-St. Petersburg-Clearwater, FL",0.0,no cell in the extract: territory at zero opportunity
ifa_southatl_merge,34288,ifa,FL,IFA,IFA_03,IFA,,12115,35840,1249675,"IFA Miami-Fort Lauderdale-West Palm Beach, FL / Tampa-St. Petersburg-Clearwater, FL",0.0,no cell in the extract: territory at zero opportunity
ifa_southatl_merge,34289,ifa,FL,IFA,IFA_03,IFA,,12115,35840,1249675,"IFA Miami-Fort Lauderdale-West Palm Beach, FL / Tampa-St. Petersburg-Clearwater, FL",0.00417373,
ifa_southatl_merge,34291,ifa,FL,IFA,IFA_03,IFA,,12115,35840,1249675,"IFA Miami-Fort Lauderdale-West Palm Beach, FL / Tampa-St. Petersburg-Clearwater, FL",0.0,no cell in the extract: territory at zero opportunity
ifa_southatl_merge,34292,ifa,FL,IFA,IFA_03,IFA,,12115,35840,1273900,"IFA Miami-Fort Lauderdale-West Palm Beach, FL / Tampa-St. Petersburg-Clearwater, FL",0.133485,
ifa_southatl_merge,34293,ifa,FL,IFA,IFA_03,IFA,,12115,35840,1249675,"IFA Miami-Fort Lauderdale-West Palm Beach, FL / Tampa-St. Petersburg-Clearwater, FL",1.20159,
ifa_southatl_merge,34420,ifa,FL,IFA,IFA_02,IFA,,12083,36100,1205375,"IFA Tampa-St. Petersburg-Clearwater, FL",1.16847,
ifa_southatl_merge,34428,ifa,FL,IFA,IFA_02,IFA,,12017,26140,1215775,"IFA Tampa-St. Petersburg-Clearwater, FL",0.0,no cell in the extract: territory at zero opportunity
ifa_southatl_merge,34429,ifa,FL,IFA,IFA_02,IFA,,12017,26140,1215775,"IFA Tampa-St. Petersburg-Clearwater, FL",12.394,
ifa_southatl_merge,34431,ifa,FL,IFA,IFA_02,IFA,,12083,36100,1259450,"IFA Tampa-St. Petersburg-Clearwater, FL",0.309969,
ifa_southatl_merge,34432,ifa,FL,IFA,IFA_02,IFA,,12083,36100,1259470,"IFA Tampa-St. Petersburg-Clearwater, FL",0.31059,
ifa_southatl_merge,34433,ifa,FL,IFA,IFA_02,IFA,,12017,26140,1212450,"IFA Tampa-St. Petersburg-Clearwater, FL",0.0,no cell in the extract: territory at zero opportunity
ifa_southatl_merge,34434,ifa,FL,IFA,IFA_02,IFA,,12017,26140,1212450,"IFA Tampa-St. Petersburg-Clearwater, FL",0.0,no cell in the extract: territory at zero opportunity
ifa_southatl_merge,34436,ifa,FL,IFA,IFA_02,IFA,,12017,26140,1222775,"IFA Tampa-St. Petersburg-Clearwater, FL",0.520352,
ifa_southatl_merge,34442,ifa,FL,IFA,IFA_02,IFA,,12017,26140,1229425,"IFA Tampa-St. Petersburg-Clearwater, FL",0.0397725,
ifa_southatl_merge,34445,ifa,FL,IFA,IFA_02,IFA,,12017,26140,1212450,"IFA Tampa-St. Petersburg-Clearwater, FL",0.0,no cell in the extract: territory at zero opportunity
ifa_southatl_merge,34446,ifa,FL,IFA,IFA_02,IFA,,12017,26140,1268950,"IFA Tampa-St. Petersburg-Clearwater, FL",1.06788,
ifa_southatl_merge,34448,ifa,FL,IFA,IFA_02,IFA,,12017,26140,1232400,"IFA Tampa-St. Petersburg-Clearwater, FL",0.0,no cell in the extract: territory at zero opportunity
ifa_southatl_merge,34449,ifa,FL,IFA,IFA_02,IFA,,12075,23540,1233800,"IFA Tampa-St. Petersburg-Clearwater, FL",0.0,no cell in the extract: territory at zero opportunity
ifa_southatl_merge,34450,ifa,FL,IFA,IFA_02,IFA,,12017,26140,1233950,"IFA Tampa-St. Petersburg-Clearwater, FL",0.342333,
ifa_southatl_merge,34452,ifa,FL,IFA,IFA_02,IFA,,12017,26140,1233966,"IFA Tampa-St. Petersburg-Clearwater, FL",0.0,no cell in the extract: territory at zero opportunity
ifa_southatl_merge,34453,ifa,FL,IFA,IFA_02,IFA,,12017,26140,1233950,"IFA Tampa-St. Petersburg-Clearwater, FL",1.53493,
ifa_southatl_merge,34461,ifa,FL,IFA,IFA_02,IFA,,12017,26140,1239825,"IFA Tampa-St. Petersburg-Clearwater, FL",0.0,no cell in the extract: territory at zero opportunity
ifa_southatl_merge,34465,ifa,FL,IFA,IFA_02,IFA,,12017,26140,1257058,"IFA Tampa-St. Petersburg-Clearwater, FL",0.0,no cell in the extract: territory at zero opportunity
ifa_southatl_merge,34470,ifa,FL,IFA,IFA_02,IFA,,12083,36100,1250750,"IFA Tampa-St. Petersburg-Clearwater, FL",2.21654,
ifa_southatl_merge,34471,ifa,FL,IFA,IFA_02,IFA,,12083,36100,1250750,"IFA Tampa-St. Petersburg-Clearwater, FL",42.2286,
ifa_southatl_merge,34472,ifa,FL,IFA,IFA_02,IFA,,12083,36100,1266175,"IFA Tampa-St. Petersburg-Clearwater, FL",0.0795451,
ifa_southatl_merge,34473,ifa,FL,IFA,IFA_02,IFA,,12083,36100,1243300,"IFA Tampa-St. Petersburg-Clearwater, FL",0.0,no cell in the extract: territory at zero opportunity
ifa_southatl_merge,34474,ifa,FL,IFA,IFA_02,IFA,,12083,36100,1250750,"IFA Tampa-St. Petersburg-Clearwater, FL",2.17622,
ifa_southatl_merge,34475,ifa,FL,IFA,IFA_02,IFA,,12083,36100,1250750,"IFA Tampa-St. Petersburg-Clearwater, FL",6.95881,
ifa_southatl_merge,34476,ifa,FL,IFA,IFA_02,IFA,,12083,36100,1240387,"IFA Tampa-St. Petersburg-Clearwater, FL",0.639576,
ifa_southatl_merge,34479,ifa,FL,IFA,IFA_02,IFA,,12083,36100,1250750,"IFA Tampa-St. Petersburg-Clearwater, FL",0.0,no cell in the extract: territory at zero opportunity
ifa_southatl_merge,34480,ifa,FL,IFA,IFA_02,IFA,,12083,36100,1250750,"IFA Tampa-St. Petersburg-Clearwater, FL",0.13488,
ifa_southatl_merge,34481,ifa,FL,IFA,IFA_02,IFA,,12083,36100,1251587,"IFA Tampa-St. Petersburg-Clearwater, FL",0.293853,
ifa_southatl_merge,34482,ifa,FL,IFA,IFA_02,IFA,,12083,36100,1250750,"IFA Tampa-St. Petersburg-Clearwater, FL",0.0795451,
ifa_southatl_merge,34484,ifa,FL,IFA,IFA_04,IFA,,12119,48680,1277675,"IFA Orlando-Kissimmee-Sanford, FL",0.0,no cell in the extract: territory at zero opportunity
ifa_southatl_merge,34487,ifa,FL,IFA,IFA_02,IFA,,12017,26140,1232375,"IFA Tampa-St. Petersburg-Clearwater, FL",0.0,no cell in the extract: territory at zero opportunity
ifa_southatl_merge,34488,ifa,FL,IFA,IFA_02,IFA,,12083,36100,1266125,"IFA Tampa-St. Petersburg-Clearwater, FL",0.0,no cell in the extract: territory at zero opportunity
ifa_southatl_merge,34491,ifa,FL,IFA,IFA_02,IFA,,12083,36100,1271625,"IFA Tampa-St. Petersburg-Clearwater, FL",0.394168,
ifa_southatl_merge,34498,ifa,FL,IFA,IFA_02,IFA,,12075,23540,1278925,"IFA Tampa-St. Petersburg-Clearwater, FL",0.0,no cell in the extract: territory at zero opportunity
ifa_southatl_merge,34601,ifa,FL,IFA,IFA_02,IFA,,12053,45300,1267266,"IFA Tampa-St. Petersburg-Clearwater, FL",0.397725,
ifa_southatl_merge,34602,ifa,FL,IFA,IFA_02,IFA,,12053,45300,1268375,"IFA Tampa-St. Petersburg-Clearwater, FL",0.0,no cell in the extract: territory at zero opportunity
ifa_southatl_merge,34604,ifa,FL,IFA,IFA_02,IFA,,12053,45300,1268350,"IFA Tampa-St. Petersburg-Clearwater, FL",0.219761,
ifa_southatl_merge,34606,ifa,FL,IFA,IFA_02,IFA,,12053,45300,1268350,"IFA Tampa-St. Petersburg-Clearwater, FL",8.72384,
ifa_southatl_merge,34607,ifa,FL,IFA,IFA_02,IFA,,12053,45300,1229437,"IFA Tampa-St. Petersburg-Clearwater, FL",0.0,no cell in the extract: territory at zero opportunity
ifa_southatl_merge,34608,ifa,FL,IFA,IFA_02,IFA,,12053,45300,1268350,"IFA Tampa-St. Petersburg-Clearwater, FL",1.96645,
ifa_southatl_merge,34609,ifa,FL,IFA,IFA_02,IFA,,12053,45300,1268350,"IFA Tampa-St. Petersburg-Clearwater, FL",30.9389,
ifa_southatl_merge,34610,ifa,FL,IFA,IFA_02,IFA,,12101,45300,1265385,"IFA Tampa-St. Petersburg-Clearwater, FL",0.0,no cell in the extract: territory at zero opportunity
ifa_southatl_merge,34613,ifa,FL,IFA,IFA_02,IFA,,12053,45300,1249905,"IFA Tampa-St. Petersburg-Clearwater, FL",0.0,no cell in the extract: territory at zero opportunity
ifa_southatl_merge,34614,ifa,FL,IFA,IFA_02,IFA,,12053,45300,1249905,"IFA Tampa-St. Petersburg-Clearwater, FL",0.00517043,
ifa_southatl_merge,34637,ifa,FL,IFA,IFA_02,IFA,,12101,45300,1213965,"IFA Tampa-St. Petersburg-Clearwater, FL",0.0,no cell in the extract: territory at zero opportunity
ifa_southatl_merge,34638,ifa,FL,IFA,IFA_02,IFA,,12101,45300,1239200,"IFA Tampa-St. Petersburg-Clearwater, FL",12.6413,
ifa_southatl_merge,34639,ifa,FL,IFA,IFA_02,IFA,,12101,45300,1239200,"IFA Tampa-St. Petersburg-Clearwater, FL",0.0,no cell in the extract: territory at zero opportunity
ifa_southatl_merge,34652,ifa,FL,IFA,IFA_02,IFA,,12101,45300,1248500,"IFA Tampa-St. Petersburg-Clearwater, FL",0.0,no cell in the extract: territory at zero opportunity
ifa_southatl_merge,34653,ifa,FL,IFA,IFA_02,IFA,,12101,45300,1248525,"IFA Tampa-St. Petersburg-Clearwater, FL",1.88958,
ifa_southatl_merge,34654,ifa,FL,IFA,IFA_02,IFA,,12101,45300,1246540,"IFA Tampa-St. Petersburg-Clearwater, FL",0.731249,
ifa_southatl_merge,34655,ifa,FL,IFA,IFA_02,IFA,,12101,45300,1272442,"IFA Tampa-St. Petersburg-Clearwater, FL",15.8431,
ifa_southatl_merge,34661,ifa,FL,IFA,IFA_02,IFA,,12053,45300,1248825,"IFA Tampa-St. Petersburg-Clearwater, FL",0.0,no cell in the extract: territory at zero opportunity
ifa_southatl_merge,34667,ifa,FL,IFA,IFA_02,IFA,,12101,45300,1232825,"IFA Tampa-St. Petersburg-Clearwater, FL",0.0837057,
ifa_southatl_merge,34668,ifa,FL,IFA,IFA_02,IFA,,12101,45300,1235350,"IFA Tampa-St. Petersburg-Clearwater, FL",16.7033,
ifa_southatl_merge,34669,ifa,FL,IFA,IFA_02,IFA,,12101,45300,1265385,"IFA Tampa-St. Petersburg-Clearwater, FL",0.0,no cell in the extract: territory at zero opportunity
ifa_southatl_merge,34677,ifa,FL,IFA,IFA_02,IFA,,12103,45300,1251350,"IFA Tampa-St. Petersburg-Clearwater, FL",9.18094,
ifa_southatl_merge,34679,ifa,FL,IFA,IFA_02,IFA,,12101,45300,1201875,"IFA Tampa-St. Petersburg-Clearwater, FL",0.0,no cell in the extract: territory at zero opportunity
ifa_southatl_merge,34681,ifa,FL,IFA,IFA_02,IFA,,12103,45300,1254350,"IFA Tampa-St. Petersburg-Clearwater, FL",0.564325,
ifa_southatl_merge,34683,ifa,FL,IFA,IFA_02,IFA,,12103,45300,1254350,"IFA Tampa-St. Petersburg-Clearwater, FL",0.332413,
ifa_southatl_merge,34684,ifa,FL,IFA,IFA_02,IFA,,12103,45300,1254350,"IFA Tampa-St. Petersburg-Clearwater, FL",4.71915,
ifa_southatl_merge,34685,ifa,FL,IFA,IFA_02,IFA,,12103,45300,1219206,"IFA Tampa-St. Petersburg-Clearwater, FL",1.23735,
ifa_southatl_merge,34688,ifa,FL,IFA,IFA_02,IFA,,12103,45300,1219206,"IFA Tampa-St. Petersburg-Clearwater, FL",0.0,no cell in the extract: territory at zero opportunity
ifa_southatl_merge,34689,ifa,FL,IFA,IFA_02,IFA,,12103,45300,1271150,"IFA Tampa-St. Petersburg-Clearwater, FL",10.6029,
ifa_southatl_merge,34690,ifa,FL,IFA,IFA_02,IFA,,12101,45300,1231075,"IFA Tampa-St. Petersburg-Clearwater, FL",0.0,no cell in the extract: territory at zero opportunity
ifa_southatl_merge,34691,ifa,FL,IFA,IFA_02,IFA,,12101,45300,1231075,"IFA Tampa-St. Petersburg-Clearwater, FL",0.0,no cell in the extract: territory at zero opportunity
ifa_southatl_merge,34695,ifa,FL,IFA,IFA_02,IFA,,12103,45300,1262425,"IFA Tampa-St. Petersburg-Clearwater, FL",2.45989,
ifa_southatl_merge,34698,ifa,FL,IFA,IFA_02,IFA,,12103,45300,1218575,"IFA Tampa-St. Petersburg-Clearwater, FL",13.1417,
ifa_southatl_merge,34705,ifa,FL,IFA,IFA_04,IFA,,12069,36740,1202250,"IFA Orlando-Kissimmee-Sanford, FL",0.0,no cell in the extract: territory at zero opportunity
ifa_southatl_merge,34711,ifa,FL,IFA,IFA_04,IFA,,12069,36740,1212925,"IFA Orlando-Kissimmee-Sanford, FL",19.7538,
ifa_southatl_merge,34714,ifa,FL,IFA,IFA_04,IFA,,12069,36740,1224581,"IFA Orlando-Kissimmee-Sanford, FL",0.0,no cell in the extract: territory at zero opportunity
ifa_southatl_merge,34715,ifa,FL,IFA,IFA_04,IFA,,12069,36740,1245900,"IFA Orlando-Kissimmee-Sanford, FL",1.59977,
ifa_southatl_merge,34729,ifa,FL,IFA,IFA_04,IFA,,12069,36740,1222225,"IFA Orlando-Kissimmee-Sanford, FL",0.0,no cell in the extract: territory at zero opportunity
ifa_southatl_merge,34731,ifa,FL,IFA,IFA_04,IFA,,12069,36740,1224975,"IFA Orlando-Kissimmee-Sanford, FL",8.23224,
ifa_southatl_merge,34734,ifa,FL,IFA,IFA_04,IFA,,12095,36740,1226900,"IFA Orlando-Kissimmee-Sanford, FL",0.0,no cell in the extract: territory at zero opportunity
ifa_southatl_merge,34736,ifa,FL,IFA,IFA_04,IFA,,12069,36740,1227800,"IFA Orlando-Kissimmee-Sanford, FL",0.0,no cell in the extract: territory at zero opportunity
ifa_southatl_merge,34737,ifa,FL,IFA,IFA_04,IFA,,12069,36740,1227800,"IFA Orlando-Kissimmee-Sanford, FL",0.0,no cell in the extract: territory at zero opportunity
ifa_southatl_merge,34739,ifa,FL,IFA,IFA_03,IFA,,12097,36740,,"IFA Miami-Fort Lauderdale-West Palm Beach, FL / Tampa-St. Petersburg-Clearwater, FL",0.0,no cell in the extract: territory at zero opportunity
ifa_southatl_merge,34741,ifa,FL,IFA,IFA_03,IFA,,12097,36740,1236950,"IFA Miami-Fort Lauderdale-West Palm Beach, FL / Tampa-St. Petersburg-Clearwater, FL",0.0,no cell in the extract: territory at zero opportunity
ifa_southatl_merge,34743,ifa,FL,IFA,IFA_03,IFA,,12097,36740,1209415,"IFA Miami-Fort Lauderdale-West Palm Beach, FL / Tampa-St. Petersburg-Clearwater, FL",0.0,no cell in the extract: territory at zero opportunity
ifa_southatl_merge,34744,ifa,FL,IFA,IFA_03,IFA,,12097,36740,1236950,"IFA Miami-Fort Lauderdale-West Palm Beach, FL / Tampa-St. Petersburg-Clearwater, FL",0.424323,
ifa_southatl_merge,34746,ifa,FL,IFA,IFA_03,IFA,,12097,36740,1236950,"IFA Miami-Fort Lauderdale-West Palm Beach, FL / Tampa-St. Petersburg-Clearwater, FL",0.966219,
ifa_southatl_merge,34747,ifa,FL,IFA,IFA_03,IFA,,12097,36740,1224581,"IFA Miami-Fort Lauderdale-West Palm Beach, FL / Tampa-St. Petersburg-Clearwater, FL",0.609873,
ifa_southatl_merge,34748,ifa,FL,IFA,IFA_04,IFA,,12069,36740,1239875,"IFA Orlando-Kissimmee-Sanford, FL",3.66785,
ifa_southatl_merge,34753,ifa,FL,IFA,IFA_04,IFA,,12069,36740,1243425,"IFA Orlando-Kissimmee-Sanford, FL",0.0,no cell in the extract: territory at zero opportunity
ifa_southatl_merge,34756,ifa,FL,IFA,IFA_04,IFA,,12069,36740,1246525,"IFA Orlando-Kissimmee-Sanford, FL",0.0,no cell in the extract: territory at zero opportunity
ifa_southatl_merge,34758,ifa,FL,IFA,IFA_03,IFA,,12097,36740,1257900,"IFA Miami-Fort Lauderdale-West Palm Beach, FL / Tampa-St. Petersburg-Clearwater, FL",0.309029,
ifa_southatl_merge,34759,ifa,FL,IFA,IFA_03,IFA,,12105,29460,1257900,"IFA Miami-Fort Lauderdale-West Palm Beach, FL / Tampa-St. Petersburg-Clearwater, FL",0.0775537,
ifa_southatl_merge,34760,ifa,FL,IFA,IFA_04,IFA,,12095,36740,1250525,"IFA Orlando-Kissimmee-Sanford, FL",0.556816,
ifa_southatl_merge,34761,ifa,FL,IFA,IFA_04,IFA,,12095,36740,1251075,"IFA Orlando-Kissimmee-Sanford, FL",0.0,no cell in the extract: territory at zero opportunity
ifa_southatl_merge,34762,ifa,FL,IFA,IFA_04,IFA,,12069,36740,1239875,"IFA Orlando-Kissimmee-Sanford, FL",4.60785,
ifa_southatl_merge,34769,ifa,FL,IFA,IFA_03,IFA,,12097,36740,1262625,"IFA Miami-Fort Lauderdale-West Palm Beach, FL / Tampa-St. Petersburg-Clearwater, FL",3.08547,
ifa_southatl_merge,34771,ifa,FL,IFA,IFA_03,IFA,,12097,36740,1262625,"IFA Miami-Fort Lauderdale-West Palm Beach, FL / Tampa-St. Petersburg-Clearwater, FL",0.0728315,
ifa_southatl_merge,34772,ifa,FL,IFA,IFA_03,IFA,,12097,36740,1262625,"IFA Miami-Fort Lauderdale-West Palm Beach, FL / Tampa-St. Petersburg-Clearwater, FL",0.0,no cell in the extract: territory at zero opportunity
ifa_southatl_merge,34773,ifa,FL,IFA,IFA_03,IFA,,12097,36740,,"IFA Miami-Fort Lauderdale-West Palm Beach, FL / Tampa-St. Petersburg-Clearwater, FL",0.0,no cell in the extract: territory at zero opportunity
ifa_southatl_merge,34785,ifa,FL,IFA,IFA_04,IFA,,12119,48680,1277675,"IFA Orlando-Kissimmee-Sanford, FL",1.06901,
ifa_southatl_merge,34786,ifa,FL,IFA,IFA_04,IFA,,12095,36740,1237648,"IFA Orlando-Kissimmee-Sanford, FL",0.469222,
ifa_southatl_merge,34787,ifa,FL,IFA,IFA_04,IFA,,12095,36740,1232610,"IFA Orlando-Kissimmee-Sanford, FL",22.0648,
ifa_southatl_merge,34788,ifa,FL,IFA,IFA_04,IFA,,12069,36740,1239875,"IFA Orlando-Kissimmee-Sanford, FL",0.0,no cell in the extract: territory at zero opportunity
ifa_southatl_merge,34797,ifa,FL,IFA,IFA_04,IFA,,12069,36740,1278900,"IFA Orlando-Kissimmee-Sanford, FL",0.0248181,
ifa_southatl_merge,34945,ifa,FL,IFA,IFA_03,IFA,,12111,38940,1258715,"IFA Miami-Fort Lauderdale-West Palm Beach, FL / Tampa-St. Petersburg-Clearwater, FL",0.0,no cell in the extract: territory at zero opportunity
ifa_southatl_merge,34946,ifa,FL,IFA,IFA_03,IFA,,12111,38940,1224337,"IFA Miami-Fort Lauderdale-West Palm Beach, FL / Tampa-St. Petersburg-Clearwater, FL",0.0,no cell in the extract: territory at zero opportunity
ifa_southatl_merge,34947,ifa,FL,IFA,IFA_03,IFA,,12111,38940,1224300,"IFA Miami-Fort Lauderdale-West Palm Beach, FL / Tampa-St. Petersburg-Clearwater, FL",0.333534,
ifa_southatl_merge,34949,ifa,FL,IFA,IFA_03,IFA,,12111,38940,1224300,"IFA Miami-Fort Lauderdale-West Palm Beach, FL / Tampa-St. Petersburg-Clearwater, FL",0.334007,
ifa_southatl_merge,34950,ifa,FL,IFA,IFA_03,IFA,,12111,38940,1224300,"IFA Miami-Fort Lauderdale-West Palm Beach, FL / Tampa-St. Petersburg-Clearwater, FL",0.0795451,
ifa_southatl_merge,34951,ifa,FL,IFA,IFA_03,IFA,,12111,38940,1239062,"IFA Miami-Fort Lauderdale-West Palm Beach, FL / Tampa-St. Petersburg-Clearwater, FL",0.159886,
ifa_southatl_merge,34952,ifa,FL,IFA,IFA_03,IFA,,12111,38940,1258715,"IFA Miami-Fort Lauderdale-West Palm Beach, FL / Tampa-St. Petersburg-Clearwater, FL",2.10115,
ifa_southatl_merge,34953,ifa,FL,IFA,IFA_03,IFA,,12111,38940,1258715,"IFA Miami-Fort Lauderdale-West Palm Beach, FL / Tampa-St. Petersburg-Clearwater, FL",0.733767,
ifa_southatl_merge,34956,ifa,FL,IFA,IFA_03,IFA,,12085,38940,1233700,"IFA Miami-Fort Lauderdale-West Palm Beach, FL / Tampa-St. Petersburg-Clearwater, FL",0.0,no cell in the extract: territory at zero opportunity
ifa_southatl_merge,34957,ifa,FL,IFA,IFA_03,IFA,,12085,38940,1235550,"IFA Miami-Fort Lauderdale-West Palm Beach, FL / Tampa-St. Petersburg-Clearwater, FL",0.0,no cell in the extract: territory at zero opportunity
ifa_southatl_merge,34972,ifa,FL,IFA,IFA_03,IFA,,12093,36380,1278975,"IFA Miami-Fort Lauderdale-West Palm Beach, FL / Tampa-St. Petersburg-Clearwater, FL",0.0,no cell in the extract: territory at zero opportunity
ifa_southatl_merge,34974,ifa,FL,IFA,IFA_03,IFA,,12043,17500,1271300,"IFA Miami-Fort Lauderdale-West Palm Beach, FL / Tampa-St. Petersburg-Clearwater, FL",0.0,no cell in the extract: territory at zero opportunity
ifa_southatl_merge,34981,ifa,FL,IFA,IFA_03,IFA,,12111,38940,1224300,"IFA Miami-Fort Lauderdale-West Palm Beach, FL / Tampa-St. Petersburg-Clearwater, FL",1.39793,
ifa_southatl_merge,34982,ifa,FL,IFA,IFA_03,IFA,,12111,38940,1224300,"IFA Miami-Fort Lauderdale-West Palm Beach, FL / Tampa-St. Petersburg-Clearwater, FL",0.0991578,
ifa_southatl_merge,34983,ifa,FL,IFA,IFA_03,IFA,,12111,38940,1258715,"IFA Miami-Fort Lauderdale-West Palm Beach, FL / Tampa-St. Petersburg-Clearwater, FL",0.0,no cell in the extract: territory at zero opportunity
ifa_southatl_merge,34984,ifa,FL,IFA,IFA_03,IFA,,12111,38940,1258715,"IFA Miami-Fort Lauderdale-West Palm Beach, FL / Tampa-St. Petersburg-Clearwater, FL",0.785447,
ifa_southatl_merge,34986,ifa,FL,IFA,IFA_03,IFA,,12111,38940,1258715,"IFA Miami-Fort Lauderdale-West Palm Beach, FL / Tampa-St. Petersburg-Clearwater, FL",9.36816,
ifa_southatl_merge,34987,ifa,FL,IFA,IFA_03,IFA,,12111,38940,1258715,"IFA Miami-Fort Lauderdale-West Palm Beach, FL / Tampa-St. Petersburg-Clearwater, FL",3.73004,
ifa_southatl_merge,34990,ifa,FL,IFA,IFA_03,IFA,,12085,38940,1254175,"IFA Miami-Fort Lauderdale-West Palm Beach, FL / Tampa-St. Petersburg-Clearwater, FL",3.33655,
ifa_southatl_merge,34994,ifa,FL,IFA,IFA_03,IFA,,12085,38940,1268875,"IFA Miami-Fort Lauderdale-West Palm Beach, FL / Tampa-St. Petersburg-Clearwater, FL",23.4777,
ifa_southatl_merge,34996,ifa,FL,IFA,IFA_03,IFA,,12085,38940,1268875,"IFA Miami-Fort Lauderdale-West Palm Beach, FL / Tampa-St. Petersburg-Clearwater, FL",3.50701,
ifa_southatl_merge,34997,ifa,FL,IFA,IFA_03,IFA,,12085,38940,1258727,"IFA Miami-Fort Lauderdale-West Palm Beach, FL / Tampa-St. Petersburg-Clearwater, FL",1.22037,
ifa_southatl_merge,39813,ifa,GA,IFA,IFA_05,IFA,,13037,,1302928,"IFA Atlanta-Sandy Springs-Roswell, GA",0.0,no cell in the extract: territory at zero opportunity
ifa_southatl_merge,39815,ifa,GA,IFA,IFA_05,IFA,,13087,12460,1304084,"IFA Atlanta-Sandy Springs-Roswell, GA",0.0,no cell in the extract: territory at zero opportunity
ifa_southatl_merge,39817,ifa,GA,IFA,IFA_05,IFA,,13087,12460,1304896,"IFA Atlanta-Sandy Springs-Roswell, GA",0.423251,
ifa_southatl_merge,39819,ifa,GA,IFA,IFA_05,IFA,,13087,12460,1304896,"IFA Atlanta-Sandy Springs-Roswell, GA",1.10752,
ifa_southatl_merge,39823,ifa,GA,IFA,IFA_05,IFA,,13099,,1308536,"IFA Atlanta-Sandy Springs-Roswell, GA",0.0,no cell in the extract: territory at zero opportunity
ifa_southatl_merge,39824,ifa,GA,IFA,IFA_05,IFA,,13061,,1308956,"IFA Atlanta-Sandy Springs-Roswell, GA",0.0,no cell in the extract: territory at zero opportunity
ifa_southatl_merge,39825,ifa,GA,IFA,IFA_05,IFA,,13087,12460,1310608,"IFA Atlanta-Sandy Springs-Roswell, GA",0.0,no cell in the extract: territory at zero opportunity
ifa_southatl_merge,39826,ifa,GA,IFA,IFA_05,IFA,,13273,10500,1310860,"IFA Atlanta-Sandy Springs-Roswell, GA",0.0,no cell in the extract: territory at zero opportunity
ifa_southatl_merge,39827,ifa,GA,IFA,IFA_05,IFA,,13131,45620,1312400,"IFA Atlanta-Sandy Springs-Roswell, GA",0.0,no cell in the extract: territory at zero opportunity
ifa_southatl_merge,39828,ifa,GA,IFA,IFA_05,IFA,,13131,45620,1312400,"IFA Atlanta-Sandy Springs-Roswell, GA",0.356595,
ifa_southatl_merge,39832,ifa,GA,IFA,IFA_05,IFA,,13099,,1314472,"IFA Atlanta-Sandy Springs-Roswell, GA",0.0,no cell in the extract: territory at zero opportunity
ifa_southatl_merge,39834,ifa,GA,IFA,IFA_05,IFA,,13087,12460,1316908,"IFA Atlanta-Sandy Springs-Roswell, GA",0.0,no cell in the extract: territory at zero opportunity
ifa_southatl_merge,39836,ifa,GA,IFA,IFA_05,IFA,,13243,,1317580,"IFA Atlanta-Sandy Springs-Roswell, GA",0.0,no cell in the extract: territory at zero opportunity
ifa_southatl_merge,39837,ifa,GA,IFA,IFA_05,IFA,,13201,,1318000,"IFA Atlanta-Sandy Springs-Roswell, GA",1.35136,
ifa_southatl_merge,39840,ifa,GA,IFA,IFA_05,IFA,,13243,,1321072,"IFA Atlanta-Sandy Springs-Roswell, GA",0.0,no cell in the extract: territory at zero opportunity
ifa_southatl_merge,39841,ifa,GA,IFA,IFA_05,IFA,,13099,,1321436,"IFA Atlanta-Sandy Springs-Roswell, GA",0.0,no cell in the extract: territory at zero opportunity
ifa_southatl_merge,39842,ifa,GA,IFA,IFA_05,IFA,,13273,10500,1321912,"IFA Atlanta-Sandy Springs-Roswell, GA",0.0,no cell in the extract: territory at zero opportunity
ifa_southatl_merge,39845,ifa,GA,IFA,IFA_05,IFA,,13253,,1323368,"IFA Atlanta-Sandy Springs-Roswell, GA",0.0,no cell in the extract: territory at zero opportunity
ifa_southatl_merge,39846,ifa,GA,IFA,IFA_05,IFA,,13037,,1326448,"IFA Atlanta-Sandy Springs-Roswell, GA",0.0,no cell in the extract: territory at zero opportunity
ifa_southatl_merge,39851,ifa,GA,IFA,IFA_05,IFA,,13061,,1330816,"IFA Atlanta-Sandy Springs-Roswell, GA",0.0,no cell in the extract: territory at zero opportunity
ifa_southatl_merge,39854,ifa,GA,IFA,IFA_05,IFA,,13239,21640,1332528,"IFA Atlanta-Sandy Springs-Roswell, GA",0.0,no cell in the extract: territory at zero opportunity
ifa_southatl_merge,39859,ifa,GA,IFA,IFA_05,IFA,,13253,,1341344,"IFA Atlanta-Sandy Springs-Roswell, GA",0.0,no cell in the extract: territory at zero opportunity
ifa_southatl_merge,39861,ifa,GA,IFA,IFA_05,IFA,,13099,,1314472,"IFA Atlanta-Sandy Springs-Roswell, GA",0.0,no cell in the extract: territory at zero opportunity
ifa_southatl_merge,39862,ifa,GA,IFA,IFA_05,IFA,,13037,,1345600,"IFA Atlanta-Sandy Springs-Roswell, GA",0.0,no cell in the extract: territory at zero opportunity
ifa_southatl_merge,39866,ifa,GA,IFA,IFA_05,IFA,,13037,,1352696,"IFA Atlanta-Sandy Springs-Roswell, GA",0.0,no cell in the extract: territory at zero opportunity
ifa_southatl_merge,39867,ifa,GA,IFA,IFA_05,IFA,,13239,21640,1332528,"IFA Atlanta-Sandy Springs-Roswell, GA",0.0,no cell in the extract: territory at zero opportunity
ifa_southatl_merge,39870,ifa,GA,IFA,IFA_05,IFA,,13007,,1355244,"IFA Atlanta-Sandy Springs-Roswell, GA",0.0,no cell in the extract: territory at zero opportunity
ifa_southatl_merge,39877,ifa,GA,IFA,IFA_05,IFA,,13273,10500,1381128,"IFA Atlanta-Sandy Springs-Roswell, GA",0.0,no cell in the extract: territory at zero opportunity
ifa_southatl_merge,39885,ifa,GA,IFA,IFA_05,IFA,,13273,10500,1368796,"IFA Atlanta-Sandy Springs-Roswell, GA",0.0,no cell in the extract: territory at zero opportunity
ifa_southatl_merge,39886,ifa,GA,IFA,IFA_05,IFA,,13243,,1370120,"IFA Atlanta-Sandy Springs-Roswell, GA",0.0,no cell in the extract: territory at zero opportunity
ifa_southatl_merge,39897,ifa,GA,IFA,IFA_05,IFA,,13131,45620,1382412,"IFA Atlanta-Sandy Springs-Roswell, GA",0.0,no cell in the extract: territory at zero opportunity
