scenario,zip_code,current_channel,state,model_channel,district,district_channels,rep,county,cbsa,place,district_name,m_rel,reason
ifa_ncsc_k2,27006,ifa,NC,IFA,IFA_01,IFA,,37059,49180,3700440,"IFA Charlotte-Concord-Gastonia, NC-SC / Raleigh-Cary, NC",0.11137,
ifa_ncsc_k2,27007,ifa,NC,IFA,IFA_01,IFA,,37171,34340,,"IFA Charlotte-Concord-Gastonia, NC-SC / Raleigh-Cary, NC",0.0,no cell in the extract: territory at zero opportunity
ifa_ncsc_k2,27009,ifa,NC,IFA,IFA_01,IFA,,37067,49180,,"IFA Charlotte-Concord-Gastonia, NC-SC / Raleigh-Cary, NC",0.0,no cell in the extract: territory at zero opportunity
ifa_ncsc_k2,27011,ifa,NC,IFA,IFA_01,IFA,,37197,49180,3707140,"IFA Charlotte-Concord-Gastonia, NC-SC / Raleigh-Cary, NC",0.0,no cell in the extract: territory at zero opportunity
ifa_ncsc_k2,27012,ifa,NC,IFA,IFA_01,IFA,,37067,49180,3712960,"IFA Charlotte-Concord-Gastonia, NC-SC / Raleigh-Cary, NC",1.62635,
ifa_ncsc_k2,27013,ifa,NC,IFA,IFA_01,IFA,,37159,16740,3713000,"IFA Charlotte-Concord-Gastonia, NC-SC / Raleigh-Cary, NC",0.0670485,
ifa_ncsc_k2,27014,ifa,NC,IFA,IFA_01,IFA,,37059,49180,3714460,"IFA Charlotte-Concord-Gastonia, NC-SC / Raleigh-Cary, NC",0.0,no cell in the extract: territory at zero opportunity
ifa_ncsc_k2,27016,ifa,NC,IFA,IFA_01,IFA,,37169,49180,3716240,"IFA Charlotte-Concord-Gastonia, NC-SC / Raleigh-Cary, NC",0.0,no cell in the extract: territory at zero opportunity
ifa_ncsc_k2,27017,ifa,NC,IFA,IFA_01,IFA,,37171,34340,3717340,"IFA Charlotte-Concord-Gastonia, NC-SC / Raleigh-Cary, NC",0.0,no cell in the extract: territory at zero opportunity
ifa_ncsc_k2,27018,ifa,NC,IFA,IFA_01,IFA,,37197,49180,3762580,"IFA Charlotte-Concord-Gastonia, NC-SC / Raleigh-Cary, NC",0.0,no cell in the extract: territory at zero opportunity
ifa_ncsc_k2,27019,ifa,NC,IFA,IFA_01,IFA,,37169,49180,3725880,"IFA Charlotte-Concord-Gastonia, NC-SC / Raleigh-Cary, NC",0.0,no cell in the extract: territory at zero opportunity
ifa_ncsc_k2,27020,ifa,NC,IFA,IFA_01,IFA,,37197,49180,,"IFA Charlotte-Concord-Gastonia, NC-SC / Raleigh-Cary, NC",0.0,no cell in the extract: territory at zero opportunity
ifa_ncsc_k2,27021,ifa,NC,IFA,IFA_01,IFA,,37169,49180,3735760,"IFA Charlotte-Concord-Gastonia, NC-SC / Raleigh-Cary, NC",0.00119318,
ifa_ncsc_k2,27022,ifa,NC,IFA,IFA_01,IFA,,37169,49180,,"IFA Charlotte-Concord-Gastonia, NC-SC / Raleigh-Cary, NC",0.0,no cell in the extract: territory at zero opportunity
ifa_ncsc_k2,27023,ifa,NC,IFA,IFA_01,IFA,,37067,49180,3738040,"IFA Charlotte-Concord-Gastonia, NC-SC / Raleigh-Cary, NC",1.81468,
ifa_ncsc_k2,27024,ifa,NC,IFA,IFA_01,IFA,,37171,34340,3739540,"IFA Charlotte-Concord-Gastonia, NC-SC / Raleigh-Cary, NC",0.0,no cell in the extract: territory at zero opportunity
ifa_ncsc_k2,27025,ifa,NC,IFA,IFA_01,IFA,,37157,24660,3740560,"IFA Charlotte-Concord-Gastonia, NC-SC / Raleigh-Cary, NC",8.16633,
ifa_ncsc_k2,27027,ifa,NC,IFA,IFA_01,IFA,,37157,24660,3742060,"IFA Charlotte-Concord-Gastonia, NC-SC / Raleigh-Cary, NC",0.0,no cell in the extract: territory at zero opportunity
ifa_ncsc_k2,27028,ifa,NC,IFA,IFA_01,IFA,,37059,49180,3743720,"IFA Charlotte-Concord-Gastonia, NC-SC / Raleigh-Cary, NC",0.0,no cell in the extract: territory at zero opportunity
ifa_ncsc_k2,27030,ifa,NC,IFA,IFA_01,IFA,,37171,34340,3744800,"IFA Charlotte-Concord-Gastonia, NC-SC / Raleigh-Cary, NC",0.211829,
ifa_ncsc_k2,27040,ifa,NC,IFA,IFA_01,IFA,,37067,49180,3775000,"IFA Charlotte-Concord-Gastonia, NC-SC / Raleigh-Cary, NC",0.0,no cell in the extract: territory at zero opportunity
ifa_ncsc_k2,27041,ifa,NC,IFA,IFA_01,IFA,,37171,34340,3751820,"IFA Charlotte-Concord-Gastonia, NC-SC / Raleigh-Cary, NC",0.0,no cell in the extract: territory at zero opportunity
ifa_ncsc_k2,27042,ifa,NC,IFA,IFA_01,IFA,,37169,49180,,"IFA Charlotte-Concord-Gastonia, NC-SC / Raleigh-Cary, NC",0.0,no cell in the extract: territory at zero opportunity
ifa_ncsc_k2,27043,ifa,NC,IFA,IFA_01,IFA,,37169,49180,3752500,"IFA Charlotte-Concord-Gastonia, NC-SC / Raleigh-Cary, NC",0.0,no cell in the extract: territory at zero opportunity
ifa_ncsc_k2,27045,ifa,NC,IFA,IFA_01,IFA,,37067,49180,3758360,"IFA Charlotte-Concord-Gastonia, NC-SC / Raleigh-Cary, NC",5.68588e-05,
ifa_ncsc_k2,27046,ifa,NC,IFA,IFA_01,IFA,,37169,49180,,"IFA Charlotte-Concord-Gastonia, NC-SC / Raleigh-Cary, NC",0.0,no cell in the extract: territory at zero opportunity
ifa_ncsc_k2,27047,ifa,NC,IFA,IFA_01,IFA,,37171,34340,,"IFA Charlotte-Concord-Gastonia, NC-SC / Raleigh-Cary, NC",0.0,no cell in the extract: territory at zero opportunity
ifa_ncsc_k2,27048,ifa,NC,IFA,IFA_01,IFA,,37157,24660,3765100,"IFA Charlotte-Concord-Gastonia, NC-SC / Raleigh-Cary, NC",0.0,no cell in the extract: territory at zero opportunity
ifa_ncsc_k2,27050,ifa,NC,IFA,IFA_01,IFA,,37067,49180,3767720,"IFA Charlotte-Concord-Gastonia, NC-SC / Raleigh-Cary, NC",0.0,no cell in the extract: territory at zero opportunity
ifa_ncsc_k2,27051,ifa,NC,IFA,IFA_01,IFA,,37067,49180,3770660,"IFA Charlotte-Concord-Gastonia, NC-SC / Raleigh-Cary, NC",0.0,no cell in the extract: territory at zero opportunity
ifa_ncsc_k2,27052,ifa,NC,IFA,IFA_01,IFA,,37169,49180,3770780,"IFA Charlotte-Concord-Gastonia, NC-SC / Raleigh-Cary, NC",0.0,no cell in the extract: territory at zero opportunity
ifa_ncsc_k2,27053,ifa,NC,IFA,IFA_01,IFA,,37169,49180,,"IFA Charlotte-Concord-Gastonia, NC-SC / Raleigh-Cary, NC",0.0,no cell in the extract: territory at zero opportunity
ifa_ncsc_k2,27054,ifa,NC,IFA,IFA_01,IFA,,37159,16740,,"IFA Charlotte-Concord-Gastonia, NC-SC / Raleigh-Cary, NC",0.0,no cell in the extract: territory at zero opportunity
ifa_ncsc_k2,27055,ifa,NC,IFA,IFA_01,IFA,,37197,49180,3775960,"IFA Charlotte-Concord-Gastonia, NC-SC / Raleigh-Cary, NC",0.0,no cell in the extract: territory at zero opportunity
ifa_ncsc_k2,27101,ifa,NC,IFA,IFA_01,IFA,,37067,49180,3775000,"IFA Charlotte-Concord-Gastonia, NC-SC / Raleigh-Cary, NC",8.89706,
ifa_ncsc_k2,27103,ifa,NC,IFA,IFA_01,IFA,,37067,49180,3775000,"IFA Charlotte-Concord-Gastonia, NC-SC / Raleigh-Cary, NC",29.9255,
ifa_ncsc_k2,27104,ifa,NC,IFA,IFA_01,IFA,,37067,49180,3775000,"IFA Charlotte-Concord-Gastonia, NC-SC / Raleigh-Cary, NC",12.7957,
ifa_ncsc_k2,27105,ifa,NC,IFA,IFA_01,IFA,,37067,49180,3775000,"IFA Charlotte-Concord-Gastonia, NC-SC / Raleigh-Cary, NC",0.0,no cell in the extract: territory at zero opportunity
ifa_ncsc_k2,27106,ifa,NC,IFA,IFA_01,IFA,,37067,49180,3775000,"IFA Charlotte-Concord-Gastonia, NC-SC / Raleigh-Cary, NC",1.48845,
ifa_ncsc_k2,27107,ifa,NC,IFA,IFA_01,IFA,,37057,49180,3775000,"IFA Charlotte-Concord-Gastonia, NC-SC / Raleigh-Cary, NC",0.934587,
ifa_ncsc_k2,27109,ifa,NC,IFA,IFA_01,IFA,,37067,49180,3775000,"IFA Charlotte-Concord-Gastonia, NC-SC / Raleigh-Cary, NC",0.0,no cell in the extract: territory at zero opportunity
ifa_ncsc_k2,27110,ifa,NC,IFA,IFA_01,IFA,,37067,49180,3775000,"IFA Charlotte-Concord-Gastonia, NC-SC / Raleigh-Cary, NC",0.0,no cell in the extract: territory at zero opportunity
ifa_ncsc_k2,27127,ifa,NC,IFA,IFA_01,IFA,,37067,49180,3775000,"IFA Charlotte-Concord-Gastonia, NC-SC / Raleigh-Cary, NC",0.335131,
ifa_ncsc_k2,27201,ifa,NC,IFA,IFA_01,IFA,,37001,15500,3700640,"IFA Charlotte-Concord-Gastonia, NC-SC / Raleigh-Cary, NC",0.0,no cell in the extract: territory at zero opportunity
ifa_ncsc_k2,27202,ifa,NC,IFA,IFA_01,IFA,,37001,15500,3701140,"IFA Charlotte-Concord-Gastonia, NC-SC / Raleigh-Cary, NC",0.0,no cell in the extract: territory at zero opportunity
ifa_ncsc_k2,27203,ifa,NC,IFA,IFA_01,IFA,,37151,24660,3702080,"IFA Charlotte-Concord-Gastonia, NC-SC / Raleigh-Cary, NC",4.05266,
ifa_ncsc_k2,27205,ifa,NC,IFA,IFA_01,IFA,,37151,24660,3702080,"IFA Charlotte-Concord-Gastonia, NC-SC / Raleigh-Cary, NC",0.0,no cell in the extract: territory at zero opportunity
ifa_ncsc_k2,27207,ifa,NC,IFA,IFA_01,IFA,,37037,20500,3726920,"IFA Charlotte-Concord-Gastonia, NC-SC / Raleigh-Cary, NC",0.0,no cell in the extract: territory at zero opportunity
ifa_ncsc_k2,27208,ifa,NC,IFA,IFA_01,IFA,,37037,20500,3705020,"IFA Charlotte-Concord-Gastonia, NC-SC / Raleigh-Cary, NC",0.0,no cell in the extract: territory at zero opportunity
ifa_ncsc_k2,27209,ifa,NC,IFA,IFA_01,IFA,,37123,,3706000,"IFA Charlotte-Concord-Gastonia, NC-SC / Raleigh-Cary, NC",0.0,no cell in the extract: territory at zero opportunity
ifa_ncsc_k2,27212,ifa,NC,IFA,IFA_01,IFA,,37033,,3776000,"IFA Charlotte-Concord-Gastonia, NC-SC / Raleigh-Cary, NC",0.0,no cell in the extract: territory at zero opportunity
ifa_ncsc_k2,27213,ifa,NC,IFA,IFA_01,IFA,,37037,20500,,"IFA Charlotte-Concord-Gastonia, NC-SC / Raleigh-Cary, NC",0.0,no cell in the extract: territory at zero opportunity
ifa_ncsc_k2,27214,ifa,NC,IFA,IFA_01,IFA,,37081,24660,3728000,"IFA Charlotte-Concord-Gastonia, NC-SC / Raleigh-Cary, NC",0.0,no cell in the extract: territory at zero opportunity
ifa_ncsc_k2,27215,ifa,NC,IFA,IFA_01,IFA,,37001,15500,3709060,"IFA Charlotte-Concord-Gastonia, NC-SC / Raleigh-Cary, NC",13.2985,
ifa_ncsc_k2,27217,ifa,NC,IFA,IFA_01,IFA,,37001,15500,3709060,"IFA Charlotte-Concord-Gastonia, NC-SC / Raleigh-Cary, NC",0.0,no cell in the extract: territory at zero opportunity
ifa_ncsc_k2,27229,ifa,NC,IFA,IFA_01,IFA,,37123,,3710120,"IFA Charlotte-Concord-Gastonia, NC-SC / Raleigh-Cary, NC",0.0,no cell in the extract: territory at zero opportunity
ifa_ncsc_k2,27231,ifa,NC,IFA,IFA_01,IFA,,37135,20500,,"IFA Charlotte-Concord-Gastonia, NC-SC / Raleigh-Cary, NC",0.0,no cell in the extract: territory at zero opportunity
ifa_ncsc_k2,27233,ifa,NC,IFA,IFA_01,IFA,,37151,24660,,"IFA Charlotte-Concord-Gastonia, NC-SC / Raleigh-Cary, NC",0.0,no cell in the extract: territory at zero opportunity
ifa_ncsc_k2,27235,ifa,NC,IFA,IFA_01,IFA,,37081,24660,3731400,"IFA Charlotte-Concord-Gastonia, NC-SC / Raleigh-Cary, NC",0.0,no cell in the extract: territory at zero opportunity
ifa_ncsc_k2,27239,ifa,NC,IFA,IFA_01,IFA,,37057,49180,3716980,"IFA Charlotte-Concord-Gastonia, NC-SC / Raleigh-Cary, NC",0.0,no cell in the extract: territory at zero opportunity
ifa_ncsc_k2,27242,ifa,NC,IFA,IFA_01,IFA,,37125,38240,3757000,"IFA Charlotte-Concord-Gastonia, NC-SC / Raleigh-Cary, NC",0.0,no cell in the extract: territory at zero opportunity
ifa_ncsc_k2,27243,ifa,NC,IFA,IFA_01,IFA,,37135,20500,3720420,"IFA Charlotte-Concord-Gastonia, NC-SC / Raleigh-Cary, NC",0.0,no cell in the extract: territory at zero opportunity
ifa_ncsc_k2,27244,ifa,NC,IFA,IFA_01,IFA,,37001,15500,3721095,"IFA Charlotte-Concord-Gastonia, NC-SC / Raleigh-Cary, NC",0.0,no cell in the extract: territory at zero opportunity
ifa_ncsc_k2,27247,ifa,NC,IFA,IFA_01,IFA,,37123,,,"IFA Charlotte-Concord-Gastonia, NC-SC / Raleigh-Cary, NC",0.0,no cell in the extract: territory at zero opportunity
ifa_ncsc_k2,27248,ifa,NC,IFA,IFA_01,IFA,,37151,24660,3724740,"IFA Charlotte-Concord-Gastonia, NC-SC / Raleigh-Cary, NC",0.0,no cell in the extract: territory at zero opportunity
ifa_ncsc_k2,27249,ifa,NC,IFA,IFA_01,IFA,,37081,24660,3725980,"IFA Charlotte-Concord-Gastonia, NC-SC / Raleigh-Cary, NC",0.0,no cell in the extract: territory at zero opportunity
ifa_ncsc_k2,27252,ifa,NC,IFA,IFA_01,IFA,,37037,20500,3726920,"IFA Charlotte-Concord-Gastonia, NC-SC / Raleigh-Cary, NC",0.0,no cell in the extract: territory at zero opportunity
ifa_ncsc_k2,27253,ifa,NC,IFA,IFA_01,IFA,,37001,15500,3727280,"IFA Charlotte-Concord-Gastonia, NC-SC / Raleigh-Cary, NC",4.21444,
ifa_ncsc_k2,27256,ifa,NC,IFA,IFA_01,IFA,,37037,20500,3728600,"IFA Charlotte-Concord-Gastonia, NC-SC / Raleigh-Cary, NC",0.0,no cell in the extract: territory at zero opportunity
ifa_ncsc_k2,27258,ifa,NC,IFA,IFA_01,IFA,,37001,15500,3730260,"IFA Charlotte-Concord-Gastonia, NC-SC / Raleigh-Cary, NC",0.0,no cell in the extract: territory at zero opportunity
ifa_ncsc_k2,27259,ifa,NC,IFA,IFA_01,IFA,,37125,38240,,"IFA Charlotte-Concord-Gastonia, NC-SC / Raleigh-Cary, NC",0.0,no cell in the extract: territory at zero opportunity
ifa_ncsc_k2,27260,ifa,NC,IFA,IFA_01,IFA,,37081,24660,3731400,"IFA Charlotte-Concord-Gastonia, NC-SC / Raleigh-Cary, NC",0.0,no cell in the extract: territory at zero opportunity
ifa_ncsc_k2,27262,ifa,NC,IFA,IFA_01,IFA,,37081,24660,3731400,"IFA Charlotte-Concord-Gastonia, NC-SC / Raleigh-Cary, NC",2.52522,
ifa_ncsc_k2,27263,ifa,NC,IFA,IFA_01,IFA,,37151,24660,3701720,"IFA Charlotte-Concord-Gastonia, NC-SC / Raleigh-Cary, NC",0.0,no cell in the extract: territory at zero opportunity
ifa_ncsc_k2,27265,ifa,NC,IFA,IFA_01,IFA,,37081,24660,3731400,"IFA Charlotte-Concord-Gastonia, NC-SC / Raleigh-Cary, NC",9.90503,
ifa_ncsc_k2,27268,ifa,NC,IFA,IFA_01,IFA,,37081,24660,3731400,"IFA Charlotte-Concord-Gastonia, NC-SC / Raleigh-Cary, NC",0.0,no cell in the extract: territory at zero opportunity
ifa_ncsc_k2,27278,ifa,NC,IFA,IFA_01,IFA,,37135,20500,3731620,"IFA Charlotte-Concord-Gastonia, NC-SC / Raleigh-Cary, NC",0.740362,
ifa_ncsc_k2,27281,ifa,NC,IFA,IFA_01,IFA,,37125,38240,3724570,"IFA Charlotte-Concord-Gastonia, NC-SC / Raleigh-Cary, NC",0.0,no cell in the extract: territory at zero opportunity
ifa_ncsc_k2,27282,ifa,NC,IFA,IFA_01,IFA,,37081,24660,3731400,"IFA Charlotte-Concord-Gastonia, NC-SC / Raleigh-Cary, NC",0.0,no cell in the extract: territory at zero opportunity
ifa_ncsc_k2,27283,ifa,NC,IFA,IFA_01,IFA,,37081,24660,,"IFA Charlotte-Concord-Gastonia, NC-SC / Raleigh-Cary, NC",0.0,no cell in the extract: territory at zero opportunity
ifa_ncsc_k2,27284,ifa,NC,IFA,IFA_01,IFA,,37067,49180,3735600,"IFA Charlotte-Concord-Gastonia, NC-SC / Raleigh-Cary, NC",8.454,
ifa_ncsc_k2,27288,ifa,NC,IFA,IFA_01,IFA,,37157,24660,3720080,"IFA Charlotte-Concord-Gastonia, NC-SC / Raleigh-Cary, NC",0.0,no cell in the extract: territory at zero opportunity
ifa_ncsc_k2,27291,ifa,NC,IFA,IFA_01,IFA,,37033,,,"IFA Charlotte-Concord-Gastonia, NC-SC / Raleigh-Cary, NC",0.0,no cell in the extract: territory at zero opportunity
ifa_ncsc_k2,27292,ifa,NC,IFA,IFA_01,IFA,,37057,49180,3738060,"IFA Charlotte-Concord-Gastonia, NC-SC / Raleigh-Cary, NC",0.158531,
ifa_ncsc_k2,27295,ifa,NC,IFA,IFA_01,IFA,,37057,49180,3769020,"IFA Charlotte-Concord-Gastonia, NC-SC / Raleigh-Cary, NC",0.0,no cell in the extract: territory at zero opportunity
ifa_ncsc_k2,27298,ifa,NC,IFA,IFA_01,IFA,,37151,24660,3738100,"IFA Charlotte-Concord-Gastonia, NC-SC / Raleigh-Cary, NC",1.03502,
ifa_ncsc_k2,27299,ifa,NC,IFA,IFA_01,IFA,,37057,49180,3769020,"IFA Charlotte-Concord-Gastonia, NC-SC / Raleigh-Cary, NC",0.0,no cell in the extract: territory at zero opportunity
ifa_ncsc_k2,27301,ifa,NC,IFA,IFA_01,IFA,,37081,24660,3740460,"IFA Charlotte-Concord-Gastonia, NC-SC / Raleigh-Cary, NC",0.0,no cell in the extract: territory at zero opportunity
ifa_ncsc_k2,27302,ifa,NC,IFA,IFA_01,IFA,,37001,15500,3742240,"IFA Charlotte-Concord-Gastonia, NC-SC / Raleigh-Cary, NC",0.262539,
ifa_ncsc_k2,27305,ifa,NC,IFA,IFA_01,IFA,,37033,,3743300,"IFA Charlotte-Concord-Gastonia, NC-SC / Raleigh-Cary, NC",0.0,no cell in the extract: territory at zero opportunity
ifa_ncsc_k2,27306,ifa,NC,IFA,IFA_01,IFA,,37123,,3744900,"IFA Charlotte-Concord-Gastonia, NC-SC / Raleigh-Cary, NC",0.0,no cell in the extract: territory at zero opportunity
ifa_ncsc_k2,27310,ifa,NC,IFA,IFA_01,IFA,,37081,24660,3748480,"IFA Charlotte-Concord-Gastonia, NC-SC / Raleigh-Cary, NC",0.0,no cell in the extract: territory at zero opportunity
ifa_ncsc_k2,27311,ifa,NC,IFA,IFA_01,IFA,,37033,,3758340,"IFA Charlotte-Concord-Gastonia, NC-SC / Raleigh-Cary, NC",0.0,no cell in the extract: territory at zero opportunity
ifa_ncsc_k2,27312,ifa,NC,IFA,IFA_01,IFA,,37037,20500,3752660,"IFA Charlotte-Concord-Gastonia, NC-SC / Raleigh-Cary, NC",0.213348,
ifa_ncsc_k2,27313,ifa,NC,IFA,IFA_01,IFA,,37081,24660,3752760,"IFA Charlotte-Concord-Gastonia, NC-SC / Raleigh-Cary, NC",0.368874,
ifa_ncsc_k2,27314,ifa,NC,IFA,IFA_01,IFA,,37033,,,"IFA Charlotte-Concord-Gastonia, NC-SC / Raleigh-Cary, NC",0.0,no cell in the extract: territory at zero opportunity
ifa_ncsc_k2,27315,ifa,NC,IFA,IFA_01,IFA,,37033,,,"IFA Charlotte-Concord-Gastonia, NC-SC / Raleigh-Cary, NC",0.0,no cell in the extract: territory at zero opportunity
ifa_ncsc_k2,27316,ifa,NC,IFA,IFA_01,IFA,,37151,24660,3755040,"IFA Charlotte-Concord-Gastonia, NC-SC / Raleigh-Cary, NC",0.0,no cell in the extract: territory at zero opportunity
ifa_ncsc_k2,27317,ifa,NC,IFA,IFA_01,IFA,,37151,24660,3755080,"IFA Charlotte-Concord-Gastonia, NC-SC / Raleigh-Cary, NC",0.0,no cell in the extract: territory at zero opportunity
ifa_ncsc_k2,27320,ifa,NC,IFA,IFA_01,IFA,,37157,24660,3755900,"IFA Charlotte-Concord-Gastonia, NC-SC / Raleigh-Cary, NC",0.146501,
ifa_ncsc_k2,27325,ifa,NC,IFA,IFA_01,IFA,,37125,38240,3757000,"IFA Charlotte-Concord-Gastonia, NC-SC / Raleigh-Cary, NC",0.0,no cell in the extract: territory at zero opportunity
ifa_ncsc_k2,27326,ifa,NC,IFA,IFA_01,IFA,,37157,24660,3758340,"IFA Charlotte-Concord-Gastonia, NC-SC / Raleigh-Cary, NC",0.0,no cell in the extract: territory at zero opportunity
ifa_ncsc_k2,27330,ifa,NC,IFA,IFA_01,IFA,,37105,41820,3759280,"IFA Charlotte-Concord-Gastonia, NC-SC / Raleigh-Cary, NC",2.05963,
ifa_ncsc_k2,27332,ifa,NC,IFA,IFA_01,IFA,,37105,41820,3759280,"IFA Charlotte-Concord-Gastonia, NC-SC / Raleigh-Cary, NC",0.0,no cell in the extract: territory at zero opportunity
ifa_ncsc_k2,27340,ifa,NC,IFA,IFA_01,IFA,,37001,15500,3759580,"IFA Charlotte-Concord-Gastonia, NC-SC / Raleigh-Cary, NC",0.0,no cell in the extract: territory at zero opportunity
ifa_ncsc_k2,27341,ifa,NC,IFA,IFA_01,IFA,,37151,24660,3760080,"IFA Charlotte-Concord-Gastonia, NC-SC / Raleigh-Cary, NC",0.0,no cell in the extract: territory at zero opportunity
ifa_ncsc_k2,27342,ifa,NC,IFA,IFA_01,IFA,,37081,24660,3760180,"IFA Charlotte-Concord-Gastonia, NC-SC / Raleigh-Cary, NC",0.0,no cell in the extract: territory at zero opportunity
ifa_ncsc_k2,27343,ifa,NC,IFA,IFA_01,IFA,,37145,20500,,"IFA Charlotte-Concord-Gastonia, NC-SC / Raleigh-Cary, NC",0.0,no cell in the extract: territory at zero opportunity
ifa_ncsc_k2,27344,ifa,NC,IFA,IFA_01,IFA,,37037,20500,3761860,"IFA Charlotte-Concord-Gastonia, NC-SC / Raleigh-Cary, NC",0.0,no cell in the extract: territory at zero opportunity
ifa_ncsc_k2,27349,ifa,NC,IFA,IFA_01,IFA,,37001,15500,,"IFA Charlotte-Concord-Gastonia, NC-SC / Raleigh-Cary, NC",0.0,no cell in the extract: territory at zero opportunity
ifa_ncsc_k2,27350,ifa,NC,IFA,IFA_01,IFA,,37151,24660,3755080,"IFA Charlotte-Concord-Gastonia, NC-SC / Raleigh-Cary, NC",0.0,no cell in the extract: territory at zero opportunity
ifa_ncsc_k2,27351,ifa,NC,IFA,IFA_01,IFA,,37057,49180,3763360,"IFA Charlotte-Concord-Gastonia, NC-SC / Raleigh-Cary, NC",0.0,no cell in the extract: territory at zero opportunity
ifa_ncsc_k2,27355,ifa,NC,IFA,IFA_01,IFA,,37151,24660,3764380,"IFA Charlotte-Concord-Gastonia, NC-SC / Raleigh-Cary, NC",0.0,no cell in the extract: territory at zero opportunity
ifa_ncsc_k2,27356,ifa,NC,IFA,IFA_01,IFA,,37123,,3764580,"IFA Charlotte-Concord-Gastonia, NC-SC / Raleigh-Cary, NC",0.0,no cell in the extract: territory at zero opportunity
ifa_ncsc_k2,27357,ifa,NC,IFA,IFA_01,IFA,,37157,24660,3765040,"IFA Charlotte-Concord-Gastonia, NC-SC / Raleigh-Cary, NC",0.0,no cell in the extract: territory at zero opportunity
ifa_ncsc_k2,27358,ifa,NC,IFA,IFA_01,IFA,,37081,24660,3765580,"IFA Charlotte-Concord-Gastonia, NC-SC / Raleigh-Cary, NC",0.0,no cell in the extract: territory at zero opportunity
ifa_ncsc_k2,27360,ifa,NC,IFA,IFA_01,IFA,,37057,49180,3767420,"IFA Charlotte-Concord-Gastonia, NC-SC / Raleigh-Cary, NC",0.0,no cell in the extract: territory at zero opportunity
ifa_ncsc_k2,27370,ifa,NC,IFA,IFA_01,IFA,,37151,24660,3768400,"IFA Charlotte-Concord-Gastonia, NC-SC / Raleigh-Cary, NC",0.0,no cell in the extract: territory at zero opportunity
ifa_ncsc_k2,27371,ifa,NC,IFA,IFA_01,IFA,,37123,,3768520,"IFA Charlotte-Concord-Gastonia, NC-SC / Raleigh-Cary, NC",0.0,no cell in the extract: territory at zero opportunity
ifa_ncsc_k2,27374,ifa,NC,IFA,IFA_01,IFA,,37057,49180,3771760,"IFA Charlotte-Concord-Gastonia, NC-SC / Raleigh-Cary, NC",0.0,no cell in the extract: territory at zero opportunity
ifa_ncsc_k2,27376,ifa,NC,IFA,IFA_01,IFA,,37125,38240,3760515,"IFA Charlotte-Concord-Gastonia, NC-SC / Raleigh-Cary, NC",2.84935,
ifa_ncsc_k2,27377,ifa,NC,IFA,IFA_01,IFA,,37081,24660,3773760,"IFA Charlotte-Concord-Gastonia, NC-SC / Raleigh-Cary, NC",0.0,no cell in the extract: territory at zero opportunity
ifa_ncsc_k2,27379,ifa,NC,IFA,IFA_01,IFA,,37033,,3776000,"IFA Charlotte-Concord-Gastonia, NC-SC / Raleigh-Cary, NC",0.370736,
ifa_ncsc_k2,27401,ifa,NC,IFA,IFA_01,IFA,,37081,24660,3728000,"IFA Charlotte-Concord-Gastonia, NC-SC / Raleigh-Cary, NC",4.91145,
ifa_ncsc_k2,27403,ifa,NC,IFA,IFA_01,IFA,,37081,24660,3728000,"IFA Charlotte-Concord-Gastonia, NC-SC / Raleigh-Cary, NC",0.198863,
ifa_ncsc_k2,27405,ifa,NC,IFA,IFA_01,IFA,,37081,24660,3728000,"IFA Charlotte-Concord-Gastonia, NC-SC / Raleigh-Cary, NC",0.852503,
ifa_ncsc_k2,27406,ifa,NC,IFA,IFA_01,IFA,,37081,24660,3728000,"IFA Charlotte-Concord-Gastonia, NC-SC / Raleigh-Cary, NC",0.0,no cell in the extract: territory at zero opportunity
ifa_ncsc_k2,27407,ifa,NC,IFA,IFA_01,IFA,,37081,24660,3728000,"IFA Charlotte-Concord-Gastonia, NC-SC / Raleigh-Cary, NC",0.0,no cell in the extract: territory at zero opportunity
ifa_ncsc_k2,27408,ifa,NC,IFA,IFA_01,IFA,,37081,24660,3728000,"IFA Charlotte-Concord-Gastonia, NC-SC / Raleigh-Cary, NC",29.0234,
ifa_ncsc_k2,27409,ifa,NC,IFA,IFA_01,IFA,,37081,24660,3728000,"IFA Charlotte-Concord-Gastonia, NC-SC / Raleigh-Cary, NC",1.14381,
ifa_ncsc_k2,27410,ifa,NC,IFA,IFA_01,IFA,,37081,24660,3728000,"IFA Charlotte-Concord-Gastonia, NC-SC / Raleigh-Cary, NC",11.912,
ifa_ncsc_k2,27411,ifa,NC,IFA,IFA_01,IFA,,37081,24660,3728000,"IFA Charlotte-Concord-Gastonia, NC-SC / Raleigh-Cary, NC",0.0,no cell in the extract: territory at zero opportunity
ifa_ncsc_k2,27412,ifa,NC,IFA,IFA_01,IFA,,37081,24660,3728000,"IFA Charlotte-Concord-Gastonia, NC-SC / Raleigh-Cary, NC",0.0,no cell in the extract: territory at zero opportunity
ifa_ncsc_k2,27455,ifa,NC,IFA,IFA_01,IFA,,37081,24660,3728000,"IFA Charlotte-Concord-Gastonia, NC-SC / Raleigh-Cary, NC",2.74673,
ifa_ncsc_k2,27501,ifa,NC,IFA,IFA_01,IFA,,37085,11360,3701400,"IFA Charlotte-Concord-Gastonia, NC-SC / Raleigh-Cary, NC",0.0,no cell in the extract: territory at zero opportunity
ifa_ncsc_k2,27502,ifa,NC,IFA,IFA_01,IFA,,37183,39580,3701520,"IFA Charlotte-Concord-Gastonia, NC-SC / Raleigh-Cary, NC",10.615,
ifa_ncsc_k2,27503,ifa,NC,IFA,IFA_01,IFA,,37063,20500,3719000,"IFA Charlotte-Concord-Gastonia, NC-SC / Raleigh-Cary, NC",0.0,no cell in the extract: territory at zero opportunity
ifa_ncsc_k2,27504,ifa,NC,IFA,IFA_01,IFA,,37101,39580,3705040,"IFA Charlotte-Concord-Gastonia, NC-SC / Raleigh-Cary, NC",0.0,no cell in the extract: territory at zero opportunity
ifa_ncsc_k2,27505,ifa,NC,IFA,IFA_01,IFA,,37085,11360,3708080,"IFA Charlotte-Concord-Gastonia, NC-SC / Raleigh-Cary, NC",0.0,no cell in the extract: territory at zero opportunity
ifa_ncsc_k2,27506,ifa,NC,IFA,IFA_01,IFA,,37085,11360,3708760,"IFA Charlotte-Concord-Gastonia, NC-SC / Raleigh-Cary, NC",0.0,no cell in the extract: territory at zero opportunity
ifa_ncsc_k2,27507,ifa,NC,IFA,IFA_01,IFA,,37077,,,"IFA Charlotte-Concord-Gastonia, NC-SC / Raleigh-Cary, NC",0.0,no cell in the extract: territory at zero opportunity
ifa_ncsc_k2,27508,ifa,NC,IFA,IFA_01,IFA,,37069,39580,3708860,"IFA Charlotte-Concord-Gastonia, NC-SC / Raleigh-Cary, NC",0.0,no cell in the extract: territory at zero opportunity
ifa_ncsc_k2,27509,ifa,NC,IFA,IFA_01,IFA,,37077,,3709360,"IFA Charlotte-Concord-Gastonia, NC-SC / Raleigh-Cary, NC",0.0,no cell in the extract: territory at zero opportunity
ifa_ncsc_k2,27510,ifa,NC,IFA,IFA_01,IFA,,37135,20500,3710620,"IFA Charlotte-Concord-Gastonia, NC-SC / Raleigh-Cary, NC",0.0,no cell in the extract: territory at zero opportunity
ifa_ncsc_k2,27511,ifa,NC,IFA,IFA_01,IFA,,37183,39580,3710740,"IFA Charlotte-Concord-Gastonia, NC-SC / Raleigh-Cary, NC",21.0748,
ifa_ncsc_k2,27513,ifa,NC,IFA,IFA_01,IFA,,37183,39580,3710740,"IFA Charlotte-Concord-Gastonia, NC-SC / Raleigh-Cary, NC",3.38219,
ifa_ncsc_k2,27514,ifa,NC,IFA,IFA_01,IFA,,37135,20500,3711800,"IFA Charlotte-Concord-Gastonia, NC-SC / Raleigh-Cary, NC",0.0,no cell in the extract: territory at zero opportunity
ifa_ncsc_k2,27516,ifa,NC,IFA,IFA_01,IFA,,37135,20500,3711800,"IFA Charlotte-Concord-Gastonia, NC-SC / Raleigh-Cary, NC",1.95402,
ifa_ncsc_k2,27517,ifa,NC,IFA,IFA_01,IFA,,37037,20500,3711800,"IFA Charlotte-Concord-Gastonia, NC-SC / Raleigh-Cary, NC",5.10455,
ifa_ncsc_k2,27518,ifa,NC,IFA,IFA_01,IFA,,37183,39580,3710740,"IFA Charlotte-Concord-Gastonia, NC-SC / Raleigh-Cary, NC",12.7562,
ifa_ncsc_k2,27519,ifa,NC,IFA,IFA_01,IFA,,37183,39580,3710740,"IFA Charlotte-Concord-Gastonia, NC-SC / Raleigh-Cary, NC",4.18749,
ifa_ncsc_k2,27520,ifa,NC,IFA,IFA_01,IFA,,37101,39580,3712860,"IFA Charlotte-Concord-Gastonia, NC-SC / Raleigh-Cary, NC",4.32502,
ifa_ncsc_k2,27521,ifa,NC,IFA,IFA_01,IFA,,37085,11360,3713360,"IFA Charlotte-Concord-Gastonia, NC-SC / Raleigh-Cary, NC",0.0,no cell in the extract: territory at zero opportunity
ifa_ncsc_k2,27522,ifa,NC,IFA,IFA_01,IFA,,37077,,3709360,"IFA Charlotte-Concord-Gastonia, NC-SC / Raleigh-Cary, NC",0.19643,
ifa_ncsc_k2,27523,ifa,NC,IFA,IFA_01,IFA,,37037,20500,3701520,"IFA Charlotte-Concord-Gastonia, NC-SC / Raleigh-Cary, NC",0.203069,
ifa_ncsc_k2,27524,ifa,NC,IFA,IFA_01,IFA,,37101,39580,3724520,"IFA Charlotte-Concord-Gastonia, NC-SC / Raleigh-Cary, NC",3.17438,
ifa_ncsc_k2,27525,ifa,NC,IFA,IFA_01,IFA,,37069,39580,3724720,"IFA Charlotte-Concord-Gastonia, NC-SC / Raleigh-Cary, NC",0.0,no cell in the extract: territory at zero opportunity
ifa_ncsc_k2,27526,ifa,NC,IFA,IFA_01,IFA,,37085,11360,3725300,"IFA Charlotte-Concord-Gastonia, NC-SC / Raleigh-Cary, NC",2.71316,
ifa_ncsc_k2,27527,ifa,NC,IFA,IFA_01,IFA,,37101,39580,3701760,"IFA Charlotte-Concord-Gastonia, NC-SC / Raleigh-Cary, NC",0.29448,
ifa_ncsc_k2,27529,ifa,NC,IFA,IFA_01,IFA,,37183,39580,3725480,"IFA Charlotte-Concord-Gastonia, NC-SC / Raleigh-Cary, NC",0.484869,
ifa_ncsc_k2,27530,ifa,NC,IFA,IFA_01,IFA,,37191,24140,3726880,"IFA Charlotte-Concord-Gastonia, NC-SC / Raleigh-Cary, NC",0.0736587,
ifa_ncsc_k2,27531,ifa,NC,IFA,IFA_01,IFA,,37191,24140,3726880,"IFA Charlotte-Concord-Gastonia, NC-SC / Raleigh-Cary, NC",0.0,no cell in the extract: territory at zero opportunity
ifa_ncsc_k2,27533,ifa,NC,IFA,IFA_01,IFA,,37191,24140,3726880,"IFA Charlotte-Concord-Gastonia, NC-SC / Raleigh-Cary, NC",0.0,no cell in the extract: territory at zero opportunity
ifa_ncsc_k2,27534,ifa,NC,IFA,IFA_01,IFA,,37191,24140,3726880,"IFA Charlotte-Concord-Gastonia, NC-SC / Raleigh-Cary, NC",3.21355,
ifa_ncsc_k2,27536,ifa,NC,IFA,IFA_01,IFA,,37181,25780,3730660,"IFA Charlotte-Concord-Gastonia, NC-SC / Raleigh-Cary, NC",0.0,no cell in the extract: territory at zero opportunity
ifa_ncsc_k2,27537,ifa,NC,IFA,IFA_01,IFA,,37181,25780,3730660,"IFA Charlotte-Concord-Gastonia, NC-SC / Raleigh-Cary, NC",0.0,no cell in the extract: territory at zero opportunity
ifa_ncsc_k2,27539,ifa,NC,IFA,IFA_01,IFA,,37183,39580,3701520,"IFA Charlotte-Concord-Gastonia, NC-SC / Raleigh-Cary, NC",0.0,no cell in the extract: territory at zero opportunity
ifa_ncsc_k2,27540,ifa,NC,IFA,IFA_01,IFA,,37183,39580,3732260,"IFA Charlotte-Concord-Gastonia, NC-SC / Raleigh-Cary, NC",2.11005,
ifa_ncsc_k2,27541,ifa,NC,IFA,IFA_01,IFA,,37145,20500,,"IFA Charlotte-Concord-Gastonia, NC-SC / Raleigh-Cary, NC",0.0,no cell in the extract: territory at zero opportunity
ifa_ncsc_k2,27542,ifa,NC,IFA,IFA_01,IFA,,37101,39580,3735540,"IFA Charlotte-Concord-Gastonia, NC-SC / Raleigh-Cary, NC",0.0,no cell in the extract: territory at zero opportunity
ifa_ncsc_k2,27544,ifa,NC,IFA,IFA_01,IFA,,37181,25780,3736020,"IFA Charlotte-Concord-Gastonia, NC-SC / Raleigh-Cary, NC",0.0,no cell in the extract: territory at zero opportunity
ifa_ncsc_k2,27545,ifa,NC,IFA,IFA_01,IFA,,37183,39580,3736080,"IFA Charlotte-Concord-Gastonia, NC-SC / Raleigh-Cary, NC",1.57671,
ifa_ncsc_k2,27546,ifa,NC,IFA,IFA_01,IFA,,37085,11360,3738220,"IFA Charlotte-Concord-Gastonia, NC-SC / Raleigh-Cary, NC",0.0,no cell in the extract: territory at zero opportunity
ifa_ncsc_k2,27549,ifa,NC,IFA,IFA_01,IFA,,37069,39580,3736513,"IFA Charlotte-Concord-Gastonia, NC-SC / Raleigh-Cary, NC",0.0,no cell in the extract: territory at zero opportunity
ifa_ncsc_k2,27551,ifa,NC,IFA,IFA_01,IFA,,37185,,3740540,"IFA Charlotte-Concord-Gastonia, NC-SC / Raleigh-Cary, NC",0.0,no cell in the extract: territory at zero opportunity
ifa_ncsc_k2,27553,ifa,NC,IFA,IFA_01,IFA,,37185,,,"IFA Charlotte-Concord-Gastonia, NC-SC / Raleigh-Cary, NC",0.0,no cell in the extract: territory at zero opportunity
ifa_ncsc_k2,27555,ifa,NC,IFA,IFA_01,IFA,,37101,39580,3742620,"IFA Charlotte-Concord-Gastonia, NC-SC / Raleigh-Cary, NC",0.0,no cell in the extract: territory at zero opportunity
ifa_ncsc_k2,27556,ifa,NC,IFA,IFA_01,IFA,,37181,25780,3742640,"IFA Charlotte-Concord-Gastonia, NC-SC / Raleigh-Cary, NC",0.0,no cell in the extract: territory at zero opportunity
ifa_ncsc_k2,27557,ifa,NC,IFA,IFA_01,IFA,,37127,40580,3742700,"IFA Charlotte-Concord-Gastonia, NC-SC / Raleigh-Cary, NC",0.0,no cell in the extract: territory at zero opportunity
ifa_ncsc_k2,27559,ifa,NC,IFA,IFA_01,IFA,,37037,20500,3743880,"IFA Charlotte-Concord-Gastonia, NC-SC / Raleigh-Cary, NC",0.0,no cell in the extract: territory at zero opportunity
ifa_ncsc_k2,27560,ifa,NC,IFA,IFA_01,IFA,,37183,39580,3744520,"IFA Charlotte-Concord-Gastonia, NC-SC / Raleigh-Cary, NC",5.16203,
ifa_ncsc_k2,27562,ifa,NC,IFA,IFA_01,IFA,,37037,20500,3701520,"IFA Charlotte-Concord-Gastonia, NC-SC / Raleigh-Cary, NC",0.0,no cell in the extract: territory at zero opportunity
ifa_ncsc_k2,27563,ifa,NC,IFA,IFA_01,IFA,,37185,,3747240,"IFA Charlotte-Concord-Gastonia, NC-SC / Raleigh-Cary, NC",0.0,no cell in the extract: territory at zero opportunity
ifa_ncsc_k2,27565,ifa,NC,IFA,IFA_01,IFA,,37077,,3749800,"IFA Charlotte-Concord-Gastonia, NC-SC / Raleigh-Cary, NC",0.0,no cell in the extract: territory at zero opportunity
ifa_ncsc_k2,27568,ifa,NC,IFA,IFA_01,IFA,,37101,39580,3752020,"IFA Charlotte-Concord-Gastonia, NC-SC / Raleigh-Cary, NC",0.0,no cell in the extract: territory at zero opportunity
ifa_ncsc_k2,27569,ifa,NC,IFA,IFA_01,IFA,,37101,39580,3753820,"IFA Charlotte-Concord-Gastonia, NC-SC / Raleigh-Cary, NC",0.0,no cell in the extract: territory at zero opportunity
ifa_ncsc_k2,27570,ifa,NC,IFA,IFA_01,IFA,,37185,,,"IFA Charlotte-Concord-Gastonia, NC-SC / Raleigh-Cary, NC",0.0,no cell in the extract: territory at zero opportunity
ifa_ncsc_k2,27571,ifa,NC,IFA,IFA_01,IFA,,37183,39580,3757640,"IFA Charlotte-Concord-Gastonia, NC-SC / Raleigh-Cary, NC",0.0,no cell in the extract: territory at zero opportunity
ifa_ncsc_k2,27572,ifa,NC,IFA,IFA_01,IFA,,37145,20500,3758040,"IFA Charlotte-Concord-Gastonia, NC-SC / Raleigh-Cary, NC",0.0,no cell in the extract: territory at zero opportunity
ifa_ncsc_k2,27573,ifa,NC,IFA,IFA_01,IFA,,37145,20500,3758160,"IFA Charlotte-Concord-Gastonia, NC-SC / Raleigh-Cary, NC",1.15876,
ifa_ncsc_k2,27574,ifa,NC,IFA,IFA_01,IFA,,37145,20500,3758160,"IFA Charlotte-Concord-Gastonia, NC-SC / Raleigh-Cary, NC",0.0,no cell in the extract: territory at zero opportunity
ifa_ncsc_k2,27576,ifa,NC,IFA,IFA_01,IFA,,37101,39580,3760320,"IFA Charlotte-Concord-Gastonia, NC-SC / Raleigh-Cary, NC",0.514821,
ifa_ncsc_k2,27577,ifa,NC,IFA,IFA_01,IFA,,37101,39580,3762520,"IFA Charlotte-Concord-Gastonia, NC-SC / Raleigh-Cary, NC",1.63455,
ifa_ncsc_k2,27581,ifa,NC,IFA,IFA_01,IFA,,37077,,3764940,"IFA Charlotte-Concord-Gastonia, NC-SC / Raleigh-Cary, NC",0.0,no cell in the extract: territory at zero opportunity
ifa_ncsc_k2,27582,ifa,NC,IFA,IFA_01,IFA,,37077,,3765320,"IFA Charlotte-Concord-Gastonia, NC-SC / Raleigh-Cary, NC",0.0,no cell in the extract: territory at zero opportunity
ifa_ncsc_k2,27583,ifa,NC,IFA,IFA_01,IFA,,37145,20500,3758040,"IFA Charlotte-Concord-Gastonia, NC-SC / Raleigh-Cary, NC",3.46344,
ifa_ncsc_k2,27584,ifa,NC,IFA,IFA_01,IFA,,37181,25780,,"IFA Charlotte-Concord-Gastonia, NC-SC / Raleigh-Cary, NC",0.0,no cell in the extract: territory at zero opportunity
ifa_ncsc_k2,27587,ifa,NC,IFA,IFA_01,IFA,,37183,39580,3770540,"IFA Charlotte-Concord-Gastonia, NC-SC / Raleigh-Cary, NC",6.10996,
ifa_ncsc_k2,27589,ifa,NC,IFA,IFA_01,IFA,,37185,,3771100,"IFA Charlotte-Concord-Gastonia, NC-SC / Raleigh-Cary, NC",0.0,no cell in the extract: territory at zero opportunity
ifa_ncsc_k2,27591,ifa,NC,IFA,IFA_01,IFA,,37183,39580,3771860,"IFA Charlotte-Concord-Gastonia, NC-SC / Raleigh-Cary, NC",4.07775,
ifa_ncsc_k2,27592,ifa,NC,IFA,IFA_01,IFA,,37183,39580,3725300,"IFA Charlotte-Concord-Gastonia, NC-SC / Raleigh-Cary, NC",0.0,no cell in the extract: territory at zero opportunity
ifa_ncsc_k2,27593,ifa,NC,IFA,IFA_01,IFA,,37101,39580,3774580,"IFA Charlotte-Concord-Gastonia, NC-SC / Raleigh-Cary, NC",0.0,no cell in the extract: territory at zero opportunity
ifa_ncsc_k2,27594,ifa,NC,IFA,IFA_01,IFA,,37185,,,"IFA Charlotte-Concord-Gastonia, NC-SC / Raleigh-Cary, NC",0.0,no cell in the extract: territory at zero opportunity
ifa_ncsc_k2,27596,ifa,NC,IFA,IFA_01,IFA,,37069,39580,3776200,"IFA Charlotte-Concord-Gastonia, NC-SC / Raleigh-Cary, NC",0.0,no cell in the extract: territory at zero opportunity
ifa_ncsc_k2,27597,ifa,NC,IFA,IFA_01,IFA,,37183,39580,3776220,"IFA Charlotte-Concord-Gastonia, NC-SC / Raleigh-Cary, NC",0.0,no cell in the extract: territory at zero opportunity
ifa_ncsc_k2,27599,ifa,NC,IFA,IFA_01,IFA,,37135,20500,3711800,"IFA Charlotte-Concord-Gastonia, NC-SC / Raleigh-Cary, NC",0.0,no cell in the extract: territory at zero opportunity
ifa_ncsc_k2,27601,ifa,NC,IFA,IFA_01,IFA,,37183,39580,3755000,"IFA Charlotte-Concord-Gastonia, NC-SC / Raleigh-Cary, NC",2.45174,
ifa_ncsc_k2,27603,ifa,NC,IFA,IFA_01,IFA,,37183,39580,3755000,"IFA Charlotte-Concord-Gastonia, NC-SC / Raleigh-Cary, NC",0.31845,
ifa_ncsc_k2,27604,ifa,NC,IFA,IFA_01,IFA,,37183,39580,3755000,"IFA Charlotte-Concord-Gastonia, NC-SC / Raleigh-Cary, NC",4.08379,
ifa_ncsc_k2,27605,ifa,NC,IFA,IFA_01,IFA,,37183,39580,3755000,"IFA Charlotte-Concord-Gastonia, NC-SC / Raleigh-Cary, NC",0.0140309,
ifa_ncsc_k2,27606,ifa,NC,IFA,IFA_01,IFA,,37183,39580,3755000,"IFA Charlotte-Concord-Gastonia, NC-SC / Raleigh-Cary, NC",2.03237,
ifa_ncsc_k2,27607,ifa,NC,IFA,IFA_01,IFA,,37183,39580,3755000,"IFA Charlotte-Concord-Gastonia, NC-SC / Raleigh-Cary, NC",18.4222,
ifa_ncsc_k2,27608,ifa,NC,IFA,IFA_01,IFA,,37183,39580,3755000,"IFA Charlotte-Concord-Gastonia, NC-SC / Raleigh-Cary, NC",3.32654,
ifa_ncsc_k2,27609,ifa,NC,IFA,IFA_01,IFA,,37183,39580,3755000,"IFA Charlotte-Concord-Gastonia, NC-SC / Raleigh-Cary, NC",29.6079,
ifa_ncsc_k2,27610,ifa,NC,IFA,IFA_01,IFA,,37183,39580,3755000,"IFA Charlotte-Concord-Gastonia, NC-SC / Raleigh-Cary, NC",0.0699886,
ifa_ncsc_k2,27612,ifa,NC,IFA,IFA_01,IFA,,37183,39580,3755000,"IFA Charlotte-Concord-Gastonia, NC-SC / Raleigh-Cary, NC",45.6989,
ifa_ncsc_k2,27613,ifa,NC,IFA,IFA_01,IFA,,37183,39580,3755000,"IFA Charlotte-Concord-Gastonia, NC-SC / Raleigh-Cary, NC",3.56087,
ifa_ncsc_k2,27614,ifa,NC,IFA,IFA_01,IFA,,37183,39580,3755000,"IFA Charlotte-Concord-Gastonia, NC-SC / Raleigh-Cary, NC",0.0211656,
ifa_ncsc_k2,27615,ifa,NC,IFA,IFA_01,IFA,,37183,39580,3755000,"IFA Charlotte-Concord-Gastonia, NC-SC / Raleigh-Cary, NC",36.2643,
ifa_ncsc_k2,27616,ifa,NC,IFA,IFA_01,IFA,,37183,39580,3755000,"IFA Charlotte-Concord-Gastonia, NC-SC / Raleigh-Cary, NC",0.0,no cell in the extract: territory at zero opportunity
ifa_ncsc_k2,27617,ifa,NC,IFA,IFA_01,IFA,,37183,39580,3755000,"IFA Charlotte-Concord-Gastonia, NC-SC / Raleigh-Cary, NC",2.83109,
ifa_ncsc_k2,27695,ifa,NC,IFA,IFA_01,IFA,,37183,39580,3755000,"IFA Charlotte-Concord-Gastonia, NC-SC / Raleigh-Cary, NC",0.0,no cell in the extract: territory at zero opportunity
ifa_ncsc_k2,27697,ifa,NC,IFA,IFA_01,IFA,,37183,39580,3755000,"IFA Charlotte-Concord-Gastonia, NC-SC / Raleigh-Cary, NC",0.0,no cell in the extract: territory at zero opportunity
ifa_ncsc_k2,27701,ifa,NC,IFA,IFA_01,IFA,,37063,20500,3719000,"IFA Charlotte-Concord-Gastonia, NC-SC / Raleigh-Cary, NC",1.21908,
ifa_ncsc_k2,27703,ifa,NC,IFA,IFA_01,IFA,,37063,20500,3719000,"IFA Charlotte-Concord-Gastonia, NC-SC / Raleigh-Cary, NC",3.81054,
ifa_ncsc_k2,27704,ifa,NC,IFA,IFA_01,IFA,,37063,20500,3719000,"IFA Charlotte-Concord-Gastonia, NC-SC / Raleigh-Cary, NC",0.0,no cell in the extract: territory at zero opportunity
ifa_ncsc_k2,27705,ifa,NC,IFA,IFA_01,IFA,,37063,20500,3719000,"IFA Charlotte-Concord-Gastonia, NC-SC / Raleigh-Cary, NC",4.86265,
ifa_ncsc_k2,27707,ifa,NC,IFA,IFA_01,IFA,,37063,20500,3719000,"IFA Charlotte-Concord-Gastonia, NC-SC / Raleigh-Cary, NC",1.55222,
ifa_ncsc_k2,27708,ifa,NC,IFA,IFA_01,IFA,,37063,20500,3719000,"IFA Charlotte-Concord-Gastonia, NC-SC / Raleigh-Cary, NC",0.0,no cell in the extract: territory at zero opportunity
ifa_ncsc_k2,27709,ifa,NC,IFA,IFA_01,IFA,,37063,20500,3719000,"IFA Charlotte-Concord-Gastonia, NC-SC / Raleigh-Cary, NC",0.0,no cell in the extract: territory at zero opportunity
ifa_ncsc_k2,27712,ifa,NC,IFA,IFA_01,IFA,,37063,20500,3719000,"IFA Charlotte-Concord-Gastonia, NC-SC / Raleigh-Cary, NC",0.0,no cell in the extract: territory at zero opportunity
ifa_ncsc_k2,27713,ifa,NC,IFA,IFA_01,IFA,,37063,20500,3719000,"IFA Charlotte-Concord-Gastonia, NC-SC / Raleigh-Cary, NC",18.7308,
ifa_ncsc_k2,27801,ifa,NC,IFA,IFA_01,IFA,,37065,40580,3757500,"IFA Charlotte-Concord-Gastonia, NC-SC / Raleigh-Cary, NC",0.0,no cell in the extract: territory at zero opportunity
ifa_ncsc_k2,27803,ifa,NC,IFA,IFA_01,IFA,,37127,40580,3757500,"IFA Charlotte-Concord-Gastonia, NC-SC / Raleigh-Cary, NC",0.0,no cell in the extract: territory at zero opportunity
ifa_ncsc_k2,27804,ifa,NC,IFA,IFA_01,IFA,,37127,40580,3757500,"IFA Charlotte-Concord-Gastonia, NC-SC / Raleigh-Cary, NC",0.679498,
ifa_ncsc_k2,27805,ifa,NC,IFA,IFA_01,IFA,,37015,,3702580,"IFA Charlotte-Concord-Gastonia, NC-SC / Raleigh-Cary, NC",0.0,no cell in the extract: territory at zero opportunity
ifa_ncsc_k2,27806,ifa,NC,IFA,IFA_01,IFA,,37013,47820,3702620,"IFA Charlotte-Concord-Gastonia, NC-SC / Raleigh-Cary, NC",0.0,no cell in the extract: territory at zero opportunity
ifa_ncsc_k2,27807,ifa,NC,IFA,IFA_01,IFA,,37127,40580,3703020,"IFA Charlotte-Concord-Gastonia, NC-SC / Raleigh-Cary, NC",0.0,no cell in the extract: territory at zero opportunity
ifa_ncsc_k2,27808,ifa,NC,IFA,IFA_01,IFA,,37013,47820,3704040,"IFA Charlotte-Concord-Gastonia, NC-SC / Raleigh-Cary, NC",2.96763,
ifa_ncsc_k2,27809,ifa,NC,IFA,IFA_01,IFA,,37065,40580,3755640,"IFA Charlotte-Concord-Gastonia, NC-SC / Raleigh-Cary, NC",0.0,no cell in the extract: territory at zero opportunity
ifa_ncsc_k2,27810,ifa,NC,IFA,IFA_01,IFA,,37095,,3704640,"IFA Charlotte-Concord-Gastonia, NC-SC / Raleigh-Cary, NC",0.0,no cell in the extract: territory at zero opportunity
ifa_ncsc_k2,27812,ifa,NC,IFA,IFA_01,IFA,,37147,24780,3705460,"IFA Charlotte-Concord-Gastonia, NC-SC / Raleigh-Cary, NC",0.0,no cell in the extract: territory at zero opportunity
ifa_ncsc_k2,27813,ifa,NC,IFA,IFA_01,IFA,,37195,48980,3706080,"IFA Charlotte-Concord-Gastonia, NC-SC / Raleigh-Cary, NC",0.0,no cell in the extract: territory at zero opportunity
ifa_ncsc_k2,27814,ifa,NC,IFA,IFA_01,IFA,,37013,47820,,"IFA Charlotte-Concord-Gastonia, NC-SC / Raleigh-Cary, NC",0.0,no cell in the extract: territory at zero opportunity
ifa_ncsc_k2,27815,ifa,NC,IFA,IFA_01,IFA,,37065,40580,,"IFA Charlotte-Concord-Gastonia, NC-SC / Raleigh-Cary, NC",0.0,no cell in the extract: territory at zero opportunity
ifa_ncsc_k2,27816,ifa,NC,IFA,IFA_01,IFA,,37069,39580,3710860,"IFA Charlotte-Concord-Gastonia, NC-SC / Raleigh-Cary, NC",0.0,no cell in the extract: territory at zero opportunity
ifa_ncsc_k2,27817,ifa,NC,IFA,IFA_01,IFA,,37013,47820,3716084,"IFA Charlotte-Concord-Gastonia, NC-SC / Raleigh-Cary, NC",0.0,no cell in the extract: territory at zero opportunity
ifa_ncsc_k2,27818,ifa,NC,IFA,IFA_01,IFA,,37091,,3714060,"IFA Charlotte-Concord-Gastonia, NC-SC / Raleigh-Cary, NC",0.0,no cell in the extract: territory at zero opportunity
ifa_ncsc_k2,27819,ifa,NC,IFA,IFA_01,IFA,,37065,40580,3714200,"IFA Charlotte-Concord-Gastonia, NC-SC / Raleigh-Cary, NC",0.0,no cell in the extract: territory at zero opportunity
ifa_ncsc_k2,27820,ifa,NC,IFA,IFA_01,IFA,,37131,40260,3714400,"IFA Charlotte-Concord-Gastonia, NC-SC / Raleigh-Cary, NC",0.0,no cell in the extract: territory at zero opportunity
ifa_ncsc_k2,27821,ifa,NC,IFA,IFA_01,IFA,,37013,47820,,"IFA Charlotte-Concord-Gastonia, NC-SC / Raleigh-Cary, NC",0.0,no cell in the extract: territory at zero opportunity
ifa_ncsc_k2,27822,ifa,NC,IFA,IFA_01,IFA,,37195,48980,3720980,"IFA Charlotte-Concord-Gastonia, NC-SC / Raleigh-Cary, NC",0.0,no cell in the extract: territory at zero opportunity
ifa_ncsc_k2,27823,ifa,NC,IFA,IFA_01,IFA,,37083,40260,3721360,"IFA Charlotte-Concord-Gastonia, NC-SC / Raleigh-Cary, NC",0.0,no cell in the extract: territory at zero opportunity
ifa_ncsc_k2,27824,ifa,NC,IFA,IFA_01,IFA,,37095,,3721380,"IFA Charlotte-Concord-Gastonia, NC-SC / Raleigh-Cary, NC",0.0,no cell in the extract: territory at zero opportunity
ifa_ncsc_k2,27825,ifa,NC,IFA,IFA_01,IFA,,37117,,3722040,"IFA Charlotte-Concord-Gastonia, NC-SC / Raleigh-Cary, NC",0.0,no cell in the extract: territory at zero opportunity
ifa_ncsc_k2,27826,ifa,NC,IFA,IFA_01,IFA,,37095,,3722280,"IFA Charlotte-Concord-Gastonia, NC-SC / Raleigh-Cary, NC",0.0,no cell in the extract: territory at zero opportunity
ifa_ncsc_k2,27827,ifa,NC,IFA,IFA_01,IFA,,37147,24780,3722640,"IFA Charlotte-Concord-Gastonia, NC-SC / Raleigh-Cary, NC",0.0,no cell in the extract: territory at zero opportunity
ifa_ncsc_k2,27828,ifa,NC,IFA,IFA_01,IFA,,37147,24780,3722820,"IFA Charlotte-Concord-Gastonia, NC-SC / Raleigh-Cary, NC",0.11688,
ifa_ncsc_k2,27829,ifa,NC,IFA,IFA_01,IFA,,37147,24780,3724440,"IFA Charlotte-Concord-Gastonia, NC-SC / Raleigh-Cary, NC",0.0,no cell in the extract: territory at zero opportunity
ifa_ncsc_k2,27830,ifa,NC,IFA,IFA_01,IFA,,37191,24140,3724900,"IFA Charlotte-Concord-Gastonia, NC-SC / Raleigh-Cary, NC",0.0,no cell in the extract: territory at zero opportunity
ifa_ncsc_k2,27831,ifa,NC,IFA,IFA_01,IFA,,37131,40260,3725540,"IFA Charlotte-Concord-Gastonia, NC-SC / Raleigh-Cary, NC",0.0,no cell in the extract: territory at zero opportunity
ifa_ncsc_k2,27832,ifa,NC,IFA,IFA_01,IFA,,37131,40260,3725560,"IFA Charlotte-Concord-Gastonia, NC-SC / Raleigh-Cary, NC",0.0,no cell in the extract: territory at zero opportunity
ifa_ncsc_k2,27834,ifa,NC,IFA,IFA_01,IFA,,37147,24780,3728080,"IFA Charlotte-Concord-Gastonia, NC-SC / Raleigh-Cary, NC",2.10866,
ifa_ncsc_k2,27837,ifa,NC,IFA,IFA_01,IFA,,37147,24780,3728240,"IFA Charlotte-Concord-Gastonia, NC-SC / Raleigh-Cary, NC",0.0,no cell in the extract: territory at zero opportunity
ifa_ncsc_k2,27839,ifa,NC,IFA,IFA_01,IFA,,37083,40260,3728920,"IFA Charlotte-Concord-Gastonia, NC-SC / Raleigh-Cary, NC",0.0,no cell in the extract: territory at zero opportunity
ifa_ncsc_k2,27840,ifa,NC,IFA,IFA_01,IFA,,37117,,3729120,"IFA Charlotte-Concord-Gastonia, NC-SC / Raleigh-Cary, NC",0.0,no cell in the extract: territory at zero opportunity
ifa_ncsc_k2,27841,ifa,NC,IFA,IFA_01,IFA,,37117,,3730040,"IFA Charlotte-Concord-Gastonia, NC-SC / Raleigh-Cary, NC",0.0,no cell in the extract: territory at zero opportunity
ifa_ncsc_k2,27842,ifa,NC,IFA,IFA_01,IFA,,37131,40260,,"IFA Charlotte-Concord-Gastonia, NC-SC / Raleigh-Cary, NC",0.0,no cell in the extract: territory at zero opportunity
ifa_ncsc_k2,27843,ifa,NC,IFA,IFA_01,IFA,,37065,40580,3731860,"IFA Charlotte-Concord-Gastonia, NC-SC / Raleigh-Cary, NC",0.0,no cell in the extract: territory at zero opportunity
ifa_ncsc_k2,27844,ifa,NC,IFA,IFA_01,IFA,,37083,40260,3732100,"IFA Charlotte-Concord-Gastonia, NC-SC / Raleigh-Cary, NC",0.0,no cell in the extract: territory at zero opportunity
ifa_ncsc_k2,27845,ifa,NC,IFA,IFA_01,IFA,,37131,40260,3737000,"IFA Charlotte-Concord-Gastonia, NC-SC / Raleigh-Cary, NC",0.0,no cell in the extract: territory at zero opportunity
ifa_ncsc_k2,27846,ifa,NC,IFA,IFA_01,IFA,,37117,,3734320,"IFA Charlotte-Concord-Gastonia, NC-SC / Raleigh-Cary, NC",0.0,no cell in the extract: territory at zero opportunity
ifa_ncsc_k2,27847,ifa,NC,IFA,IFA_01,IFA,,37015,,3735360,"IFA Charlotte-Concord-Gastonia, NC-SC / Raleigh-Cary, NC",0.0,no cell in the extract: territory at zero opportunity
ifa_ncsc_k2,27849,ifa,NC,IFA,IFA_01,IFA,,37015,,3738030,"IFA Charlotte-Concord-Gastonia, NC-SC / Raleigh-Cary, NC",0.0,no cell in the extract: territory at zero opportunity
ifa_ncsc_k2,27850,ifa,NC,IFA,IFA_01,IFA,,37083,40260,3738680,"IFA Charlotte-Concord-Gastonia, NC-SC / Raleigh-Cary, NC",0.0,no cell in the extract: territory at zero opportunity
ifa_ncsc_k2,27851,ifa,NC,IFA,IFA_01,IFA,,37195,48980,3739600,"IFA Charlotte-Concord-Gastonia, NC-SC / Raleigh-Cary, NC",0.0,no cell in the extract: territory at zero opportunity
ifa_ncsc_k2,27852,ifa,NC,IFA,IFA_01,IFA,,37065,40580,3739960,"IFA Charlotte-Concord-Gastonia, NC-SC / Raleigh-Cary, NC",0.0,no cell in the extract: territory at zero opportunity
ifa_ncsc_k2,27853,ifa,NC,IFA,IFA_01,IFA,,37131,40260,3760560,"IFA Charlotte-Concord-Gastonia, NC-SC / Raleigh-Cary, NC",0.0,no cell in the extract: territory at zero opportunity
ifa_ncsc_k2,27855,ifa,NC,IFA,IFA_01,IFA,,37091,,3745640,"IFA Charlotte-Concord-Gastonia, NC-SC / Raleigh-Cary, NC",0.0,no cell in the extract: territory at zero opportunity
ifa_ncsc_k2,27856,ifa,NC,IFA,IFA_01,IFA,,37127,40580,3755640,"IFA Charlotte-Concord-Gastonia, NC-SC / Raleigh-Cary, NC",0.0,no cell in the extract: territory at zero opportunity
ifa_ncsc_k2,27857,ifa,NC,IFA,IFA_01,IFA,,37117,,3748060,"IFA Charlotte-Concord-Gastonia, NC-SC / Raleigh-Cary, NC",0.0,no cell in the extract: territory at zero opportunity
ifa_ncsc_k2,27858,ifa,NC,IFA,IFA_01,IFA,,37147,24780,3728080,"IFA Charlotte-Concord-Gastonia, NC-SC / Raleigh-Cary, NC",20.7928,
ifa_ncsc_k2,27860,ifa,NC,IFA,IFA_01,IFA,,37013,47820,3750080,"IFA Charlotte-Concord-Gastonia, NC-SC / Raleigh-Cary, NC",0.0,no cell in the extract: territory at zero opportunity
ifa_ncsc_k2,27861,ifa,NC,IFA,IFA_01,IFA,,37117,,3750540,"IFA Charlotte-Concord-Gastonia, NC-SC / Raleigh-Cary, NC",0.0,no cell in the extract: territory at zero opportunity
ifa_ncsc_k2,27862,ifa,NC,IFA,IFA_01,IFA,,37131,40260,3760560,"IFA Charlotte-Concord-Gastonia, NC-SC / Raleigh-Cary, NC",0.0,no cell in the extract: territory at zero opportunity
ifa_ncsc_k2,27863,ifa,NC,IFA,IFA_01,IFA,,37191,24140,3751780,"IFA Charlotte-Concord-Gastonia, NC-SC / Raleigh-Cary, NC",0.0,no cell in the extract: territory at zero opportunity
ifa_ncsc_k2,27864,ifa,NC,IFA,IFA_01,IFA,,37065,40580,3752140,"IFA Charlotte-Concord-Gastonia, NC-SC / Raleigh-Cary, NC",0.0,no cell in the extract: territory at zero opportunity
ifa_ncsc_k2,27865,ifa,NC,IFA,IFA_01,IFA,,37013,47820,3752160,"IFA Charlotte-Concord-Gastonia, NC-SC / Raleigh-Cary, NC",0.0,no cell in the extract: territory at zero opportunity
ifa_ncsc_k2,27866,ifa,NC,IFA,IFA_01,IFA,,37131,40260,,"IFA Charlotte-Concord-Gastonia, NC-SC / Raleigh-Cary, NC",0.0,no cell in the extract: territory at zero opportunity
ifa_ncsc_k2,27869,ifa,NC,IFA,IFA_01,IFA,,37131,40260,3756440,"IFA Charlotte-Concord-Gastonia, NC-SC / Raleigh-Cary, NC",0.0,no cell in the extract: territory at zero opportunity
ifa_ncsc_k2,27870,ifa,NC,IFA,IFA_01,IFA,,37083,40260,3756900,"IFA Charlotte-Concord-Gastonia, NC-SC / Raleigh-Cary, NC",0.0,no cell in the extract: territory at zero opportunity
ifa_ncsc_k2,27871,ifa,NC,IFA,IFA_01,IFA,,37117,,3757100,"IFA Charlotte-Concord-Gastonia, NC-SC / Raleigh-Cary, NC",0.0,no cell in the extract: territory at zero opportunity
ifa_ncsc_k2,27872,ifa,NC,IFA,IFA_01,IFA,,37015,,3758180,"IFA Charlotte-Concord-Gastonia, NC-SC / Raleigh-Cary, NC",0.0,no cell in the extract: territory at zero opportunity
ifa_ncsc_k2,27873,ifa,NC,IFA,IFA_01,IFA,,37195,48980,3759340,"IFA Charlotte-Concord-Gastonia, NC-SC / Raleigh-Cary, NC",0.0,no cell in the extract: territory at zero opportunity
ifa_ncsc_k2,27874,ifa,NC,IFA,IFA_01,IFA,,37083,40260,3759780,"IFA Charlotte-Concord-Gastonia, NC-SC / Raleigh-Cary, NC",0.0,no cell in the extract: territory at zero opportunity
ifa_ncsc_k2,27875,ifa,NC,IFA,IFA_01,IFA,,37095,,,"IFA Charlotte-Concord-Gastonia, NC-SC / Raleigh-Cary, NC",0.0,no cell in the extract: territory at zero opportunity
ifa_ncsc_k2,27876,ifa,NC,IFA,IFA_01,IFA,,37131,40260,3759980,"IFA Charlotte-Concord-Gastonia, NC-SC / Raleigh-Cary, NC",0.0,no cell in the extract: territory at zero opportunity
ifa_ncsc_k2,27877,ifa,NC,IFA,IFA_01,IFA,,37131,40260,3760560,"IFA Charlotte-Concord-Gastonia, NC-SC / Raleigh-Cary, NC",0.0,no cell in the extract: territory at zero opportunity
ifa_ncsc_k2,27878,ifa,NC,IFA,IFA_01,IFA,,37127,40580,3761060,"IFA Charlotte-Concord-Gastonia, NC-SC / Raleigh-Cary, NC",0.0,no cell in the extract: territory at zero opportunity
ifa_ncsc_k2,27879,ifa,NC,IFA,IFA_01,IFA,,37147,24780,3762040,"IFA Charlotte-Concord-Gastonia, NC-SC / Raleigh-Cary, NC",0.0,no cell in the extract: territory at zero opportunity
ifa_ncsc_k2,27880,ifa,NC,IFA,IFA_01,IFA,,37195,48980,3762060,"IFA Charlotte-Concord-Gastonia, NC-SC / Raleigh-Cary, NC",0.0,no cell in the extract: territory at zero opportunity
ifa_ncsc_k2,27881,ifa,NC,IFA,IFA_01,IFA,,37065,40580,3763720,"IFA Charlotte-Concord-Gastonia, NC-SC / Raleigh-Cary, NC",0.0,no cell in the extract: territory at zero opportunity
ifa_ncsc_k2,27882,ifa,NC,IFA,IFA_01,IFA,,37127,40580,3736513,"IFA Charlotte-Concord-Gastonia, NC-SC / Raleigh-Cary, NC",0.0,no cell in the extract: territory at zero opportunity
ifa_ncsc_k2,27883,ifa,NC,IFA,IFA_01,IFA,,37195,48980,3764560,"IFA Charlotte-Concord-Gastonia, NC-SC / Raleigh-Cary, NC",0.0,no cell in the extract: territory at zero opportunity
ifa_ncsc_k2,27884,ifa,NC,IFA,IFA_01,IFA,,37147,24780,3765020,"IFA Charlotte-Concord-Gastonia, NC-SC / Raleigh-Cary, NC",0.0,no cell in the extract: territory at zero opportunity
ifa_ncsc_k2,27885,ifa,NC,IFA,IFA_01,IFA,,37095,,3766340,"IFA Charlotte-Concord-Gastonia, NC-SC / Raleigh-Cary, NC",0.0,no cell in the extract: territory at zero opportunity
ifa_ncsc_k2,27886,ifa,NC,IFA,IFA_01,IFA,,37065,40580,3766700,"IFA Charlotte-Concord-Gastonia, NC-SC / Raleigh-Cary, NC",0.0,no cell in the extract: territory at zero opportunity
ifa_ncsc_k2,27888,ifa,NC,IFA,IFA_01,IFA,,37079,,3770860,"IFA Charlotte-Concord-Gastonia, NC-SC / Raleigh-Cary, NC",0.0,no cell in the extract: territory at zero opportunity
ifa_ncsc_k2,27889,ifa,NC,IFA,IFA_01,IFA,,37013,47820,3771220,"IFA Charlotte-Concord-Gastonia, NC-SC / Raleigh-Cary, NC",2.77517,
ifa_ncsc_k2,27890,ifa,NC,IFA,IFA_01,IFA,,37083,40260,3771780,"IFA Charlotte-Concord-Gastonia, NC-SC / Raleigh-Cary, NC",0.0,no cell in the extract: territory at zero opportunity
ifa_ncsc_k2,27891,ifa,NC,IFA,IFA_01,IFA,,37127,40580,3773160,"IFA Charlotte-Concord-Gastonia, NC-SC / Raleigh-Cary, NC",0.0,no cell in the extract: territory at zero opportunity
ifa_ncsc_k2,27892,ifa,NC,IFA,IFA_01,IFA,,37117,,3774220,"IFA Charlotte-Concord-Gastonia, NC-SC / Raleigh-Cary, NC",0.0,no cell in the extract: territory at zero opportunity
ifa_ncsc_k2,27893,ifa,NC,IFA,IFA_01,IFA,,37195,48980,3774540,"IFA Charlotte-Concord-Gastonia, NC-SC / Raleigh-Cary, NC",0.0,no cell in the extract: territory at zero opportunity
ifa_ncsc_k2,27896,ifa,NC,IFA,IFA_01,IFA,,37195,48980,3774540,"IFA Charlotte-Concord-Gastonia, NC-SC / Raleigh-Cary, NC",0.220788,
ifa_ncsc_k2,27897,ifa,NC,IFA,IFA_01,IFA,,37131,40260,3775340,"IFA Charlotte-Concord-Gastonia, NC-SC / Raleigh-Cary, NC",0.0,no cell in the extract: territory at zero opportunity
ifa_ncsc_k2,27909,ifa,NC,IFA,IFA_01,IFA,,37139,21020,3720580,"IFA Charlotte-Concord-Gastonia, NC-SC / Raleigh-Cary, NC",13.0968,
ifa_ncsc_k2,27910,ifa,NC,IFA,IFA_01,IFA,,37091,,3700500,"IFA Charlotte-Concord-Gastonia, NC-SC / Raleigh-Cary, NC",0.0,no cell in the extract: territory at zero opportunity
ifa_ncsc_k2,27915,ifa,NC,IFA,IFA_01,IFA,,37055,28620,3702780,"IFA Charlotte-Concord-Gastonia, NC-SC / Raleigh-Cary, NC",0.0,no cell in the extract: territory at zero opportunity
ifa_ncsc_k2,27916,ifa,NC,IFA,IFA_01,IFA,,37053,47260,,"IFA Charlotte-Concord-Gastonia, NC-SC / Raleigh-Cary, NC",0.0,no cell in the extract: territory at zero opportunity
ifa_ncsc_k2,27917,ifa,NC,IFA,IFA_01,IFA,,37053,47260,3713500,"IFA Charlotte-Concord-Gastonia, NC-SC / Raleigh-Cary, NC",0.0,no cell in the extract: territory at zero opportunity
ifa_ncsc_k2,27919,ifa,NC,IFA,IFA_01,IFA,,37143,,,"IFA Charlotte-Concord-Gastonia, NC-SC / Raleigh-Cary, NC",0.0,no cell in the extract: territory at zero opportunity
ifa_ncsc_k2,27920,ifa,NC,IFA,IFA_01,IFA,,37055,28620,3709400,"IFA Charlotte-Concord-Gastonia, NC-SC / Raleigh-Cary, NC",0.0,no cell in the extract: territory at zero opportunity
ifa_ncsc_k2,27921,ifa,NC,IFA,IFA_01,IFA,,37029,47260,3709780,"IFA Charlotte-Concord-Gastonia, NC-SC / Raleigh-Cary, NC",0.0,no cell in the extract: territory at zero opportunity
ifa_ncsc_k2,27922,ifa,NC,IFA,IFA_01,IFA,,37091,,3713460,"IFA Charlotte-Concord-Gastonia, NC-SC / Raleigh-Cary, NC",0.0,no cell in the extract: territory at zero opportunity
ifa_ncsc_k2,27923,ifa,NC,IFA,IFA_01,IFA,,37053,47260,3713500,"IFA Charlotte-Concord-Gastonia, NC-SC / Raleigh-Cary, NC",0.0,no cell in the extract: territory at zero opportunity
ifa_ncsc_k2,27924,ifa,NC,IFA,IFA_01,IFA,,37015,,3713560,"IFA Charlotte-Concord-Gastonia, NC-SC / Raleigh-Cary, NC",0.0,no cell in the extract: territory at zero opportunity
ifa_ncsc_k2,27925,ifa,NC,IFA,IFA_01,IFA,,37177,,3713940,"IFA Charlotte-Concord-Gastonia, NC-SC / Raleigh-Cary, NC",0.0,no cell in the extract: territory at zero opportunity
ifa_ncsc_k2,27926,ifa,NC,IFA,IFA_01,IFA,,37073,47260,,"IFA Charlotte-Concord-Gastonia, NC-SC / Raleigh-Cary, NC",0.0,no cell in the extract: territory at zero opportunity
ifa_ncsc_k2,27927,ifa,NC,IFA,IFA_01,IFA,,37053,47260,,"IFA Charlotte-Concord-Gastonia, NC-SC / Raleigh-Cary, NC",0.0,no cell in the extract: territory at zero opportunity
ifa_ncsc_k2,27928,ifa,NC,IFA,IFA_01,IFA,,37187,,3715420,"IFA Charlotte-Concord-Gastonia, NC-SC / Raleigh-Cary, NC",0.0,no cell in the extract: territory at zero opportunity
ifa_ncsc_k2,27929,ifa,NC,IFA,IFA_01,IFA,,37053,47260,,"IFA Charlotte-Concord-Gastonia, NC-SC / Raleigh-Cary, NC",0.0,no cell in the extract: territory at zero opportunity
ifa_ncsc_k2,27932,ifa,NC,IFA,IFA_01,IFA,,37041,,3720120,"IFA Charlotte-Concord-Gastonia, NC-SC / Raleigh-Cary, NC",0.0,no cell in the extract: territory at zero opportunity
ifa_ncsc_k2,27935,ifa,NC,IFA,IFA_01,IFA,,37073,47260,,"IFA Charlotte-Concord-Gastonia, NC-SC / Raleigh-Cary, NC",0.0,no cell in the extract: territory at zero opportunity
ifa_ncsc_k2,27936,ifa,NC,IFA,IFA_01,IFA,,37055,28620,3725020,"IFA Charlotte-Concord-Gastonia, NC-SC / Raleigh-Cary, NC",0.0,no cell in the extract: territory at zero opportunity
ifa_ncsc_k2,27937,ifa,NC,IFA,IFA_01,IFA,,37073,47260,,"IFA Charlotte-Concord-Gastonia, NC-SC / Raleigh-Cary, NC",0.0,no cell in the extract: territory at zero opportunity
ifa_ncsc_k2,27938,ifa,NC,IFA,IFA_01,IFA,,37073,47260,3725680,"IFA Charlotte-Concord-Gastonia, NC-SC / Raleigh-Cary, NC",0.0,no cell in the extract: territory at zero opportunity
ifa_ncsc_k2,27939,ifa,NC,IFA,IFA_01,IFA,,37053,47260,3727400,"IFA Charlotte-Concord-Gastonia, NC-SC / Raleigh-Cary, NC",0.0,no cell in the extract: territory at zero opportunity
ifa_ncsc_k2,27941,ifa,NC,IFA,IFA_01,IFA,,37053,47260,,"IFA Charlotte-Concord-Gastonia, NC-SC / Raleigh-Cary, NC",0.0,no cell in the extract: territory at zero opportunity
ifa_ncsc_k2,27942,ifa,NC,IFA,IFA_01,IFA,,37091,,3729720,"IFA Charlotte-Concord-Gastonia, NC-SC / Raleigh-Cary, NC",0.0,no cell in the extract: territory at zero opportunity
ifa_ncsc_k2,27943,ifa,NC,IFA,IFA_01,IFA,,37055,28620,3730100,"IFA Charlotte-Concord-Gastonia, NC-SC / Raleigh-Cary, NC",0.0,no cell in the extract: territory at zero opportunity
ifa_ncsc_k2,27944,ifa,NC,IFA,IFA_01,IFA,,37143,,3730900,"IFA Charlotte-Concord-Gastonia, NC-SC / Raleigh-Cary, NC",0.0,no cell in the extract: territory at zero opportunity
ifa_ncsc_k2,27946,ifa,NC,IFA,IFA_01,IFA,,37073,47260,,"IFA Charlotte-Concord-Gastonia, NC-SC / Raleigh-Cary, NC",0.0,no cell in the extract: territory at zero opportunity
ifa_ncsc_k2,27947,ifa,NC,IFA,IFA_01,IFA,,37053,47260,,"IFA Charlotte-Concord-Gastonia, NC-SC / Raleigh-Cary, NC",0.0,no cell in the extract: territory at zero opportunity
ifa_ncsc_k2,27948,ifa,NC,IFA,IFA_01,IFA,,37055,28620,3735720,"IFA Charlotte-Concord-Gastonia, NC-SC / Raleigh-Cary, NC",0.0727956,
ifa_ncsc_k2,27949,ifa,NC,IFA,IFA_01,IFA,,37055,28620,3736060,"IFA Charlotte-Concord-Gastonia, NC-SC / Raleigh-Cary, NC",0.165891,
ifa_ncsc_k2,27950,ifa,NC,IFA,IFA_01,IFA,,37053,47260,,"IFA Charlotte-Concord-Gastonia, NC-SC / Raleigh-Cary, NC",0.0,no cell in the extract: territory at zero opportunity
ifa_ncsc_k2,27953,ifa,NC,IFA,IFA_01,IFA,,37055,28620,3740980,"IFA Charlotte-Concord-Gastonia, NC-SC / Raleigh-Cary, NC",0.0,no cell in the extract: territory at zero opportunity
ifa_ncsc_k2,27954,ifa,NC,IFA,IFA_01,IFA,,37055,28620,3741060,"IFA Charlotte-Concord-Gastonia, NC-SC / Raleigh-Cary, NC",1.09683,
ifa_ncsc_k2,27956,ifa,NC,IFA,IFA_01,IFA,,37053,47260,,"IFA Charlotte-Concord-Gastonia, NC-SC / Raleigh-Cary, NC",0.0,no cell in the extract: territory at zero opportunity
ifa_ncsc_k2,27957,ifa,NC,IFA,IFA_01,IFA,,37015,,,"IFA Charlotte-Concord-Gastonia, NC-SC / Raleigh-Cary, NC",0.0,no cell in the extract: territory at zero opportunity
ifa_ncsc_k2,27958,ifa,NC,IFA,IFA_01,IFA,,37053,47260,3745460,"IFA Charlotte-Concord-Gastonia, NC-SC / Raleigh-Cary, NC",0.0,no cell in the extract: territory at zero opportunity
ifa_ncsc_k2,27959,ifa,NC,IFA,IFA_01,IFA,,37055,28620,3745880,"IFA Charlotte-Concord-Gastonia, NC-SC / Raleigh-Cary, NC",0.0,no cell in the extract: territory at zero opportunity
ifa_ncsc_k2,27960,ifa,NC,IFA,IFA_01,IFA,,37095,,3748740,"IFA Charlotte-Concord-Gastonia, NC-SC / Raleigh-Cary, NC",0.0,no cell in the extract: territory at zero opportunity
ifa_ncsc_k2,27962,ifa,NC,IFA,IFA_01,IFA,,37187,,3753040,"IFA Charlotte-Concord-Gastonia, NC-SC / Raleigh-Cary, NC",0.0,no cell in the extract: territory at zero opportunity
ifa_ncsc_k2,27964,ifa,NC,IFA,IFA_01,IFA,,37053,47260,,"IFA Charlotte-Concord-Gastonia, NC-SC / Raleigh-Cary, NC",0.0,no cell in the extract: territory at zero opportunity
ifa_ncsc_k2,27965,ifa,NC,IFA,IFA_01,IFA,,37053,47260,3727400,"IFA Charlotte-Concord-Gastonia, NC-SC / Raleigh-Cary, NC",0.0,no cell in the extract: territory at zero opportunity
ifa_ncsc_k2,27966,ifa,NC,IFA,IFA_01,IFA,,37053,47260,,"IFA Charlotte-Concord-Gastonia, NC-SC / Raleigh-Cary, NC",0.0,no cell in the extract: territory at zero opportunity
ifa_ncsc_k2,27967,ifa,NC,IFA,IFA_01,IFA,,37015,,3753680,"IFA Charlotte-Concord-Gastonia, NC-SC / Raleigh-Cary, NC",0.0,no cell in the extract: territory at zero opportunity
ifa_ncsc_k2,27968,ifa,NC,IFA,IFA_01,IFA,,37055,28620,3757580,"IFA Charlotte-Concord-Gastonia, NC-SC / Raleigh-Cary, NC",0.0,no cell in the extract: territory at zero opportunity
ifa_ncsc_k2,27969,ifa,NC,IFA,IFA_01,IFA,,37073,47260,,"IFA Charlotte-Concord-Gastonia, NC-SC / Raleigh-Cary, NC",0.0,no cell in the extract: territory at zero opportunity
ifa_ncsc_k2,27970,ifa,NC,IFA,IFA_01,IFA,,37187,,3757740,"IFA Charlotte-Concord-Gastonia, NC-SC / Raleigh-Cary, NC",0.0,no cell in the extract: territory at zero opportunity
ifa_ncsc_k2,27972,ifa,NC,IFA,IFA_01,IFA,,37055,28620,3758940,"IFA Charlotte-Concord-Gastonia, NC-SC / Raleigh-Cary, NC",0.0,no cell in the extract: territory at zero opportunity
ifa_ncsc_k2,27973,ifa,NC,IFA,IFA_01,IFA,,37053,47260,,"IFA Charlotte-Concord-Gastonia, NC-SC / Raleigh-Cary, NC",0.0,no cell in the extract: territory at zero opportunity
ifa_ncsc_k2,27974,ifa,NC,IFA,IFA_01,IFA,,37029,47260,,"IFA Charlotte-Concord-Gastonia, NC-SC / Raleigh-Cary, NC",0.0,no cell in the extract: territory at zero opportunity
ifa_ncsc_k2,27976,ifa,NC,IFA,IFA_01,IFA,,37029,47260,3763340,"IFA Charlotte-Concord-Gastonia, NC-SC / Raleigh-Cary, NC",0.0,no cell in the extract: territory at zero opportunity
ifa_ncsc_k2,27978,ifa,NC,IFA,IFA_01,IFA,,37055,28620,,"IFA Charlotte-Concord-Gastonia, NC-SC / Raleigh-Cary, NC",0.0,no cell in the extract: territory at zero opportunity
ifa_ncsc_k2,27979,ifa,NC,IFA,IFA_01,IFA,,37073,47260,3765700,"IFA Charlotte-Concord-Gastonia, NC-SC / Raleigh-Cary, NC",0.0,no cell in the extract: territory at zero opportunity
ifa_ncsc_k2,27980,ifa,NC,IFA,IFA_01,IFA,,37041,,,"IFA Charlotte-Concord-Gastonia, NC-SC / Raleigh-Cary, NC",0.0,no cell in the extract: territory at zero opportunity
ifa_ncsc_k2,27981,ifa,NC,IFA,IFA_01,IFA,,37055,28620,3770920,"IFA Charlotte-Concord-Gastonia, NC-SC / Raleigh-Cary, NC",0.0,no cell in the extract: territory at zero opportunity
ifa_ncsc_k2,27982,ifa,NC,IFA,IFA_01,IFA,,37055,28620,3771440,"IFA Charlotte-Concord-Gastonia, NC-SC / Raleigh-Cary, NC",0.0,no cell in the extract: territory at zero opportunity
ifa_ncsc_k2,27983,ifa,NC,IFA,IFA_01,IFA,,37015,,3774680,"IFA Charlotte-Concord-Gastonia, NC-SC / Raleigh-Cary, NC",0.0,no cell in the extract: territory at zero opportunity
ifa_ncsc_k2,27985,ifa,NC,IFA,IFA_01,IFA,,37143,,3774720,"IFA Charlotte-Concord-Gastonia, NC-SC / Raleigh-Cary, NC",0.0,no cell in the extract: territory at zero opportunity
ifa_ncsc_k2,27986,ifa,NC,IFA,IFA_01,IFA,,37091,,3775080,"IFA Charlotte-Concord-Gastonia, NC-SC / Raleigh-Cary, NC",0.0,no cell in the extract: territory at zero opportunity
ifa_ncsc_k2,28001,ifa,NC,IFA,IFA_01,IFA,,37167,10620,3700680,"IFA Charlotte-Concord-Gastonia, NC-SC / Raleigh-Cary, NC",10.6819,
ifa_ncsc_k2,28006,ifa,NC,IFA,IFA_02,IFA,,37071,16740,3700880,"IFA Charlotte-Concord-Gastonia, NC-SC / Charleston-North Charleston, SC",0.0,no cell in the extract: territory at zero opportunity
ifa_ncsc_k2,28007,ifa,NC,IFA,IFA_01,IFA,,37007,16740,3701420,"IFA Charlotte-Concord-Gastonia, NC-SC / Raleigh-Cary, NC",0.0,no cell in the extract: territory at zero opportunity
ifa_ncsc_k2,28009,ifa,NC,IFA,IFA_01,IFA,,37167,10620,3702960,"IFA Charlotte-Concord-Gastonia, NC-SC / Raleigh-Cary, NC",0.0,no cell in the extract: territory at zero opportunity
ifa_ncsc_k2,28012,ifa,NC,IFA,IFA_02,IFA,,37071,16740,3704840,"IFA Charlotte-Concord-Gastonia, NC-SC / Charleston-North Charleston, SC",3.30271,
ifa_ncsc_k2,28016,ifa,NC,IFA,IFA_02,IFA,,37071,16740,3705220,"IFA Charlotte-Concord-Gastonia, NC-SC / Charleston-North Charleston, SC",0.0,no cell in the extract: territory at zero opportunity
ifa_ncsc_k2,28017,ifa,NC,IFA,IFA_02,IFA,,37045,43140,3706800,"IFA Charlotte-Concord-Gastonia, NC-SC / Charleston-North Charleston, SC",0.199115,
ifa_ncsc_k2,28018,ifa,NC,IFA,IFA_02,IFA,,37161,22580,3707220,"IFA Charlotte-Concord-Gastonia, NC-SC / Charleston-North Charleston, SC",0.0,no cell in the extract: territory at zero opportunity
ifa_ncsc_k2,28019,ifa,NC,IFA,IFA_02,IFA,,37161,22580,3710460,"IFA Charlotte-Concord-Gastonia, NC-SC / Charleston-North Charleston, SC",0.0,no cell in the extract: territory at zero opportunity
ifa_ncsc_k2,28020,ifa,NC,IFA,IFA_02,IFA,,37045,43140,3710760,"IFA Charlotte-Concord-Gastonia, NC-SC / Charleston-North Charleston, SC",0.0,no cell in the extract: territory at zero opportunity
ifa_ncsc_k2,28021,ifa,NC,IFA,IFA_02,IFA,,37071,16740,3712340,"IFA Charlotte-Concord-Gastonia, NC-SC / Charleston-North Charleston, SC",1.79152,
ifa_ncsc_k2,28023,ifa,NC,IFA,IFA_01,IFA,,37159,16740,3712480,"IFA Charlotte-Concord-Gastonia, NC-SC / Raleigh-Cary, NC",2.81784,
ifa_ncsc_k2,28024,ifa,NC,IFA,IFA_02,IFA,,37161,22580,3713100,"IFA Charlotte-Concord-Gastonia, NC-SC / Charleston-North Charleston, SC",0.0,no cell in the extract: territory at zero opportunity
ifa_ncsc_k2,28025,ifa,NC,IFA,IFA_01,IFA,,37025,16740,3714100,"IFA Charlotte-Concord-Gastonia, NC-SC / Raleigh-Cary, NC",2.69088,
ifa_ncsc_k2,28027,ifa,NC,IFA,IFA_01,IFA,,37025,16740,3714100,"IFA Charlotte-Concord-Gastonia, NC-SC / Raleigh-Cary, NC",5.92041,
ifa_ncsc_k2,28031,ifa,NC,IFA,IFA_01,IFA,,37119,16740,3714700,"IFA Charlotte-Concord-Gastonia, NC-SC / Raleigh-Cary, NC",9.85422,
ifa_ncsc_k2,28032,ifa,NC,IFA,IFA_02,IFA,,37071,16740,3715260,"IFA Charlotte-Concord-Gastonia, NC-SC / Charleston-North Charleston, SC",0.238647,
ifa_ncsc_k2,28033,ifa,NC,IFA,IFA_02,IFA,,37109,16740,3715640,"IFA Charlotte-Concord-Gastonia, NC-SC / Charleston-North Charleston, SC",0.0,no cell in the extract: territory at zero opportunity
ifa_ncsc_k2,28034,ifa,NC,IFA,IFA_02,IFA,,37071,16740,3716180,"IFA Charlotte-Concord-Gastonia, NC-SC / Charleston-North Charleston, SC",0.0,no cell in the extract: territory at zero opportunity
ifa_ncsc_k2,28036,ifa,NC,IFA,IFA_01,IFA,,37119,16740,3716400,"IFA Charlotte-Concord-Gastonia, NC-SC / Raleigh-Cary, NC",7.52008,
ifa_ncsc_k2,28037,ifa,NC,IFA,IFA_02,IFA,,37109,16740,3717000,"IFA Charlotte-Concord-Gastonia, NC-SC / Charleston-North Charleston, SC",2.14014,
ifa_ncsc_k2,28039,ifa,NC,IFA,IFA_01,IFA,,37159,16740,3719860,"IFA Charlotte-Concord-Gastonia, NC-SC / Raleigh-Cary, NC",0.0,no cell in the extract: territory at zero opportunity
ifa_ncsc_k2,28040,ifa,NC,IFA,IFA_02,IFA,,37161,22580,3720780,"IFA Charlotte-Concord-Gastonia, NC-SC / Charleston-North Charleston, SC",0.0,no cell in the extract: territory at zero opportunity
ifa_ncsc_k2,28041,ifa,NC,IFA,IFA_01,IFA,,37159,16740,3722600,"IFA Charlotte-Concord-Gastonia, NC-SC / Raleigh-Cary, NC",0.0,no cell in the extract: territory at zero opportunity
ifa_ncsc_k2,28042,ifa,NC,IFA,IFA_02,IFA,,37045,43140,3722720,"IFA Charlotte-Concord-Gastonia, NC-SC / Charleston-North Charleston, SC",0.0,no cell in the extract: territory at zero opportunity
ifa_ncsc_k2,28043,ifa,NC,IFA,IFA_02,IFA,,37161,22580,3724080,"IFA Charlotte-Concord-Gastonia, NC-SC / Charleston-North Charleston, SC",2.53227,
ifa_ncsc_k2,28052,ifa,NC,IFA,IFA_02,IFA,,37071,16740,3725580,"IFA Charlotte-Concord-Gastonia, NC-SC / Charleston-North Charleston, SC",0.0,no cell in the extract: territory at zero opportunity
ifa_ncsc_k2,28054,ifa,NC,IFA,IFA_02,IFA,,37071,16740,3725580,"IFA Charlotte-Concord-Gastonia, NC-SC / Charleston-North Charleston, SC",8.31081,
ifa_ncsc_k2,28056,ifa,NC,IFA,IFA_02,IFA,,37071,16740,3725580,"IFA Charlotte-Concord-Gastonia, NC-SC / Charleston-North Charleston, SC",0.358531,
ifa_ncsc_k2,28071,ifa,NC,IFA,IFA_01,IFA,,37159,16740,3726800,"IFA Charlotte-Concord-Gastonia, NC-SC / Raleigh-Cary, NC",0.0,no cell in the extract: territory at zero opportunity
ifa_ncsc_k2,28072,ifa,NC,IFA,IFA_01,IFA,,37159,16740,3727440,"IFA Charlotte-Concord-Gastonia, NC-SC / Raleigh-Cary, NC",0.0,no cell in the extract: territory at zero opportunity
ifa_ncsc_k2,28073,ifa,NC,IFA,IFA_02,IFA,,37045,43140,3728400,"IFA Charlotte-Concord-Gastonia, NC-SC / Charleston-North Charleston, SC",0.0,no cell in the extract: territory at zero opportunity
ifa_ncsc_k2,28074,ifa,NC,IFA,IFA_02,IFA,,37161,22580,,"IFA Charlotte-Concord-Gastonia, NC-SC / Charleston-North Charleston, SC",0.0,no cell in the extract: territory at zero opportunity
ifa_ncsc_k2,28075,ifa,NC,IFA,IFA_01,IFA,,37025,16740,3729800,"IFA Charlotte-Concord-Gastonia, NC-SC / Raleigh-Cary, NC",1.8791,
ifa_ncsc_k2,28076,ifa,NC,IFA,IFA_02,IFA,,37161,22580,3730800,"IFA Charlotte-Concord-Gastonia, NC-SC / Charleston-North Charleston, SC",0.0,no cell in the extract: territory at zero opportunity
ifa_ncsc_k2,28077,ifa,NC,IFA,IFA_02,IFA,,37071,16740,3731440,"IFA Charlotte-Concord-Gastonia, NC-SC / Charleston-North Charleston, SC",0.0,no cell in the extract: territory at zero opportunity
ifa_ncsc_k2,28078,ifa,NC,IFA,IFA_01,IFA,,37119,16740,3733120,"IFA Charlotte-Concord-Gastonia, NC-SC / Raleigh-Cary, NC",25.3005,
ifa_ncsc_k2,28079,ifa,NC,IFA,IFA_01,IFA,,37179,16740,3722500,"IFA Charlotte-Concord-Gastonia, NC-SC / Raleigh-Cary, NC",0.0,no cell in the extract: territory at zero opportunity
ifa_ncsc_k2,28080,ifa,NC,IFA,IFA_02,IFA,,37109,16740,3733820,"IFA Charlotte-Concord-Gastonia, NC-SC / Charleston-North Charleston, SC",5.36547,
ifa_ncsc_k2,28081,ifa,NC,IFA,IFA_01,IFA,,37025,16740,3735200,"IFA Charlotte-Concord-Gastonia, NC-SC / Raleigh-Cary, NC",0.173979,
ifa_ncsc_k2,28083,ifa,NC,IFA,IFA_01,IFA,,37025,16740,3735200,"IFA Charlotte-Concord-Gastonia, NC-SC / Raleigh-Cary, NC",0.7159,
ifa_ncsc_k2,28086,ifa,NC,IFA,IFA_02,IFA,,37045,43140,3735880,"IFA Charlotte-Concord-Gastonia, NC-SC / Charleston-North Charleston, SC",0.180801,
ifa_ncsc_k2,28088,ifa,NC,IFA,IFA_01,IFA,,37159,16740,3736860,"IFA Charlotte-Concord-Gastonia, NC-SC / Raleigh-Cary, NC",0.0,no cell in the extract: territory at zero opportunity
ifa_ncsc_k2,28089,ifa,NC,IFA,IFA_02,IFA,,37045,43140,3737040,"IFA Charlotte-Concord-Gastonia, NC-SC / Charleston-North Charleston, SC",0.0,no cell in the extract: territory at zero opportunity
ifa_ncsc_k2,28090,ifa,NC,IFA,IFA_02,IFA,,37045,43140,3704960,"IFA Charlotte-Concord-Gastonia, NC-SC / Charleston-North Charleston, SC",0.0,no cell in the extract: territory at zero opportunity
ifa_ncsc_k2,28091,ifa,NC,IFA,IFA_01,IFA,,37007,16740,3738200,"IFA Charlotte-Concord-Gastonia, NC-SC / Raleigh-Cary, NC",0.0,no cell in the extract: territory at zero opportunity
ifa_ncsc_k2,28092,ifa,NC,IFA,IFA_02,IFA,,37109,16740,3738320,"IFA Charlotte-Concord-Gastonia, NC-SC / Charleston-North Charleston, SC",0.291779,
ifa_ncsc_k2,28097,ifa,NC,IFA,IFA_01,IFA,,37167,10620,3738860,"IFA Charlotte-Concord-Gastonia, NC-SC / Raleigh-Cary, NC",0.969909,
ifa_ncsc_k2,28098,ifa,NC,IFA,IFA_02,IFA,,37071,16740,3739480,"IFA Charlotte-Concord-Gastonia, NC-SC / Charleston-North Charleston, SC",0.0,no cell in the extract: territory at zero opportunity
ifa_ncsc_k2,28101,ifa,NC,IFA,IFA_02,IFA,,37071,16740,3739880,"IFA Charlotte-Concord-Gastonia, NC-SC / Charleston-North Charleston, SC",0.0,no cell in the extract: territory at zero opportunity
ifa_ncsc_k2,28102,ifa,NC,IFA,IFA_01,IFA,,37007,16740,3740240,"IFA Charlotte-Concord-Gastonia, NC-SC / Raleigh-Cary, NC",0.0,no cell in the extract: territory at zero opportunity
ifa_ncsc_k2,28103,ifa,NC,IFA,IFA_01,IFA,,37179,16740,3741640,"IFA Charlotte-Concord-Gastonia, NC-SC / Raleigh-Cary, NC",0.0,no cell in the extract: territory at zero opportunity
ifa_ncsc_k2,28104,ifa,NC,IFA,IFA_01,IFA,,37179,16740,3771680,"IFA Charlotte-Concord-Gastonia, NC-SC / Raleigh-Cary, NC",8.44876,
ifa_ncsc_k2,28105,ifa,NC,IFA,IFA_01,IFA,,37119,16740,3741960,"IFA Charlotte-Concord-Gastonia, NC-SC / Raleigh-Cary, NC",4.22263,
ifa_ncsc_k2,28107,ifa,NC,IFA,IFA_01,IFA,,37025,16740,3742760,"IFA Charlotte-Concord-Gastonia, NC-SC / Raleigh-Cary, NC",0.0,no cell in the extract: territory at zero opportunity
ifa_ncsc_k2,28108,ifa,NC,IFA,IFA_01,IFA,,37179,16740,3743360,"IFA Charlotte-Concord-Gastonia, NC-SC / Raleigh-Cary, NC",0.0,no cell in the extract: territory at zero opportunity
ifa_ncsc_k2,28109,ifa,NC,IFA,IFA_01,IFA,,37167,10620,3743580,"IFA Charlotte-Concord-Gastonia, NC-SC / Raleigh-Cary, NC",0.0,no cell in the extract: territory at zero opportunity
ifa_ncsc_k2,28110,ifa,NC,IFA,IFA_01,IFA,,37179,16740,3769260,"IFA Charlotte-Concord-Gastonia, NC-SC / Raleigh-Cary, NC",4.17837,
ifa_ncsc_k2,28112,ifa,NC,IFA,IFA_01,IFA,,37179,16740,3743920,"IFA Charlotte-Concord-Gastonia, NC-SC / Raleigh-Cary, NC",0.385422,
ifa_ncsc_k2,28114,ifa,NC,IFA,IFA_02,IFA,,37045,43140,3713100,"IFA Charlotte-Concord-Gastonia, NC-SC / Charleston-North Charleston, SC",0.0,no cell in the extract: territory at zero opportunity
ifa_ncsc_k2,28115,ifa,NC,IFA,IFA_01,IFA,,37097,16740,3744220,"IFA Charlotte-Concord-Gastonia, NC-SC / Raleigh-Cary, NC",7.09161,
ifa_ncsc_k2,28117,ifa,NC,IFA,IFA_01,IFA,,37097,16740,3744220,"IFA Charlotte-Concord-Gastonia, NC-SC / Raleigh-Cary, NC",36.1657,
ifa_ncsc_k2,28119,ifa,NC,IFA,IFA_01,IFA,,37007,16740,3744560,"IFA Charlotte-Concord-Gastonia, NC-SC / Raleigh-Cary, NC",0.0,no cell in the extract: territory at zero opportunity
ifa_ncsc_k2,28120,ifa,NC,IFA,IFA_02,IFA,,37071,16740,3744960,"IFA Charlotte-Concord-Gastonia, NC-SC / Charleston-North Charleston, SC",0.0116613,
ifa_ncsc_k2,28124,ifa,NC,IFA,IFA_01,IFA,,37025,16740,3745140,"IFA Charlotte-Concord-Gastonia, NC-SC / Raleigh-Cary, NC",0.0,no cell in the extract: territory at zero opportunity
ifa_ncsc_k2,28125,ifa,NC,IFA,IFA_01,IFA,,37159,16740,,"IFA Charlotte-Concord-Gastonia, NC-SC / Raleigh-Cary, NC",0.0,no cell in the extract: territory at zero opportunity
ifa_ncsc_k2,28127,ifa,NC,IFA,IFA_01,IFA,,37167,10620,3746820,"IFA Charlotte-Concord-Gastonia, NC-SC / Raleigh-Cary, NC",0.0,no cell in the extract: territory at zero opportunity
ifa_ncsc_k2,28128,ifa,NC,IFA,IFA_01,IFA,,37167,10620,3747980,"IFA Charlotte-Concord-Gastonia, NC-SC / Raleigh-Cary, NC",0.0,no cell in the extract: territory at zero opportunity
ifa_ncsc_k2,28129,ifa,NC,IFA,IFA_01,IFA,,37167,10620,3755460,"IFA Charlotte-Concord-Gastonia, NC-SC / Raleigh-Cary, NC",0.0,no cell in the extract: territory at zero opportunity
ifa_ncsc_k2,28133,ifa,NC,IFA,IFA_01,IFA,,37007,16740,3750820,"IFA Charlotte-Concord-Gastonia, NC-SC / Raleigh-Cary, NC",0.0,no cell in the extract: territory at zero opportunity
ifa_ncsc_k2,28134,ifa,NC,IFA,IFA_02,IFA,,37119,16740,3752220,"IFA Charlotte-Concord-Gastonia, NC-SC / Charleston-North Charleston, SC",0.453972,
ifa_ncsc_k2,28135,ifa,NC,IFA,IFA_01,IFA,,37007,16740,3753140,"IFA Charlotte-Concord-Gastonia, NC-SC / Raleigh-Cary, NC",0.0,no cell in the extract: territory at zero opportunity
ifa_ncsc_k2,28136,ifa,NC,IFA,IFA_02,IFA,,37045,43140,3753160,"IFA Charlotte-Concord-Gastonia, NC-SC / Charleston-North Charleston, SC",0.0,no cell in the extract: territory at zero opportunity
ifa_ncsc_k2,28137,ifa,NC,IFA,IFA_01,IFA,,37167,10620,3756340,"IFA Charlotte-Concord-Gastonia, NC-SC / Raleigh-Cary, NC",0.0,no cell in the extract: territory at zero opportunity
ifa_ncsc_k2,28138,ifa,NC,IFA,IFA_01,IFA,,37159,16740,3757340,"IFA Charlotte-Concord-Gastonia, NC-SC / Raleigh-Cary, NC",0.0,no cell in the extract: territory at zero opportunity
ifa_ncsc_k2,28139,ifa,NC,IFA,IFA_02,IFA,,37161,22580,3758460,"IFA Charlotte-Concord-Gastonia, NC-SC / Charleston-North Charleston, SC",0.0,no cell in the extract: territory at zero opportunity
ifa_ncsc_k2,28144,ifa,NC,IFA,IFA_01,IFA,,37159,16740,3758860,"IFA Charlotte-Concord-Gastonia, NC-SC / Raleigh-Cary, NC",14.1759,
ifa_ncsc_k2,28146,ifa,NC,IFA,IFA_01,IFA,,37159,16740,3758860,"IFA Charlotte-Concord-Gastonia, NC-SC / Raleigh-Cary, NC",4.59073,
ifa_ncsc_k2,28147,ifa,NC,IFA,IFA_01,IFA,,37159,16740,3758860,"IFA Charlotte-Concord-Gastonia, NC-SC / Raleigh-Cary, NC",1.71802,
ifa_ncsc_k2,28150,ifa,NC,IFA,IFA_02,IFA,,37045,43140,3761200,"IFA Charlotte-Concord-Gastonia, NC-SC / Charleston-North Charleston, SC",3.47403,
ifa_ncsc_k2,28152,ifa,NC,IFA,IFA_02,IFA,,37045,43140,3761200,"IFA Charlotte-Concord-Gastonia, NC-SC / Charleston-North Charleston, SC",0.0,no cell in the extract: territory at zero opportunity
ifa_ncsc_k2,28159,ifa,NC,IFA,IFA_01,IFA,,37159,16740,3763760,"IFA Charlotte-Concord-Gastonia, NC-SC / Raleigh-Cary, NC",0.0,no cell in the extract: territory at zero opportunity
ifa_ncsc_k2,28160,ifa,NC,IFA,IFA_02,IFA,,37161,22580,3763880,"IFA Charlotte-Concord-Gastonia, NC-SC / Charleston-North Charleston, SC",0.0,no cell in the extract: territory at zero opportunity
ifa_ncsc_k2,28163,ifa,NC,IFA,IFA_01,IFA,,37167,10620,3764460,"IFA Charlotte-Concord-Gastonia, NC-SC / Raleigh-Cary, NC",0.0,no cell in the extract: territory at zero opportunity
ifa_ncsc_k2,28164,ifa,NC,IFA,IFA_02,IFA,,37071,16740,3739520,"IFA Charlotte-Concord-Gastonia, NC-SC / Charleston-North Charleston, SC",2.3582,
ifa_ncsc_k2,28166,ifa,NC,IFA,IFA_01,IFA,,37097,16740,3768500,"IFA Charlotte-Concord-Gastonia, NC-SC / Raleigh-Cary, NC",0.0,no cell in the extract: territory at zero opportunity
ifa_ncsc_k2,28167,ifa,NC,IFA,IFA_02,IFA,,37161,22580,,"IFA Charlotte-Concord-Gastonia, NC-SC / Charleston-North Charleston, SC",0.0,no cell in the extract: territory at zero opportunity
ifa_ncsc_k2,28168,ifa,NC,IFA,IFA_02,IFA,,37109,16740,3704960,"IFA Charlotte-Concord-Gastonia, NC-SC / Charleston-North Charleston, SC",0.0,no cell in the extract: territory at zero opportunity
ifa_ncsc_k2,28169,ifa,NC,IFA,IFA_02,IFA,,37045,43140,3770320,"IFA Charlotte-Concord-Gastonia, NC-SC / Charleston-North Charleston, SC",0.0,no cell in the extract: territory at zero opportunity
ifa_ncsc_k2,28170,ifa,NC,IFA,IFA_01,IFA,,37007,16740,3770380,"IFA Charlotte-Concord-Gastonia, NC-SC / Raleigh-Cary, NC",0.0,no cell in the extract: territory at zero opportunity
ifa_ncsc_k2,28173,ifa,NC,IFA,IFA_01,IFA,,37179,16740,3771460,"IFA Charlotte-Concord-Gastonia, NC-SC / Raleigh-Cary, NC",1.9566,
ifa_ncsc_k2,28174,ifa,NC,IFA,IFA_01,IFA,,37179,16740,3774760,"IFA Charlotte-Concord-Gastonia, NC-SC / Raleigh-Cary, NC",0.0,no cell in the extract: territory at zero opportunity
ifa_ncsc_k2,28202,ifa,NC,IFA,IFA_02,IFA,,37119,16740,3712000,"IFA Charlotte-Concord-Gastonia, NC-SC / Charleston-North Charleston, SC",1.5901,
ifa_ncsc_k2,28203,ifa,NC,IFA,IFA_02,IFA,,37119,16740,3712000,"IFA Charlotte-Concord-Gastonia, NC-SC / Charleston-North Charleston, SC",4.30976,
ifa_ncsc_k2,28204,ifa,NC,IFA,IFA_02,IFA,,37119,16740,3712000,"IFA Charlotte-Concord-Gastonia, NC-SC / Charleston-North Charleston, SC",4.4048,
ifa_ncsc_k2,28205,ifa,NC,IFA,IFA_01,IFA,,37119,16740,3712000,"IFA Charlotte-Concord-Gastonia, NC-SC / Raleigh-Cary, NC",4.73855,
ifa_ncsc_k2,28206,ifa,NC,IFA,IFA_01,IFA,,37119,16740,3712000,"IFA Charlotte-Concord-Gastonia, NC-SC / Raleigh-Cary, NC",0.0,no cell in the extract: territory at zero opportunity
ifa_ncsc_k2,28207,ifa,NC,IFA,IFA_02,IFA,,37119,16740,3712000,"IFA Charlotte-Concord-Gastonia, NC-SC / Charleston-North Charleston, SC",1.1829,
ifa_ncsc_k2,28208,ifa,NC,IFA,IFA_02,IFA,,37119,16740,3712000,"IFA Charlotte-Concord-Gastonia, NC-SC / Charleston-North Charleston, SC",0.93759,
ifa_ncsc_k2,28209,ifa,NC,IFA,IFA_02,IFA,,37119,16740,3712000,"IFA Charlotte-Concord-Gastonia, NC-SC / Charleston-North Charleston, SC",23.3961,
ifa_ncsc_k2,28210,ifa,NC,IFA,IFA_02,IFA,,37119,16740,3712000,"IFA Charlotte-Concord-Gastonia, NC-SC / Charleston-North Charleston, SC",69.2728,
ifa_ncsc_k2,28211,ifa,NC,IFA,IFA_01,IFA,,37119,16740,3712000,"IFA Charlotte-Concord-Gastonia, NC-SC / Raleigh-Cary, NC",11.7081,
ifa_ncsc_k2,28212,ifa,NC,IFA,IFA_01,IFA,,37119,16740,3712000,"IFA Charlotte-Concord-Gastonia, NC-SC / Raleigh-Cary, NC",0.708063,
ifa_ncsc_k2,28213,ifa,NC,IFA,IFA_01,IFA,,37119,16740,3712000,"IFA Charlotte-Concord-Gastonia, NC-SC / Raleigh-Cary, NC",0.0,no cell in the extract: territory at zero opportunity
ifa_ncsc_k2,28214,ifa,NC,IFA,IFA_02,IFA,,37119,16740,3712000,"IFA Charlotte-Concord-Gastonia, NC-SC / Charleston-North Charleston, SC",0.0,no cell in the extract: territory at zero opportunity
ifa_ncsc_k2,28215,ifa,NC,IFA,IFA_01,IFA,,37119,16740,3712000,"IFA Charlotte-Concord-Gastonia, NC-SC / Raleigh-Cary, NC",0.0,no cell in the extract: territory at zero opportunity
ifa_ncsc_k2,28216,ifa,NC,IFA,IFA_02,IFA,,37119,16740,3712000,"IFA Charlotte-Concord-Gastonia, NC-SC / Charleston-North Charleston, SC",0.0,no cell in the extract: territory at zero opportunity
ifa_ncsc_k2,28217,ifa,NC,IFA,IFA_02,IFA,,37119,16740,3712000,"IFA Charlotte-Concord-Gastonia, NC-SC / Charleston-North Charleston, SC",18.124,
ifa_ncsc_k2,28223,ifa,NC,IFA,IFA_01,IFA,,37119,16740,3712000,"IFA Charlotte-Concord-Gastonia, NC-SC / Raleigh-Cary, NC",0.0,no cell in the extract: territory at zero opportunity
ifa_ncsc_k2,28226,ifa,NC,IFA,IFA_01,IFA,,37119,16740,3712000,"IFA Charlotte-Concord-Gastonia, NC-SC / Raleigh-Cary, NC",19.9345,
ifa_ncsc_k2,28227,ifa,NC,IFA,IFA_01,IFA,,37119,16740,3743480,"IFA Charlotte-Concord-Gastonia, NC-SC / Raleigh-Cary, NC",8.46306,
ifa_ncsc_k2,28244,ifa,NC,IFA,IFA_02,IFA,,37119,16740,3712000,"IFA Charlotte-Concord-Gastonia, NC-SC / Charleston-North Charleston, SC",0.0,no cell in the extract: territory at zero opportunity
ifa_ncsc_k2,28262,ifa,NC,IFA,IFA_01,IFA,,37119,16740,3712000,"IFA Charlotte-Concord-Gastonia, NC-SC / Raleigh-Cary, NC",1.08376,
ifa_ncsc_k2,28269,ifa,NC,IFA,IFA_01,IFA,,37119,16740,3712000,"IFA Charlotte-Concord-Gastonia, NC-SC / Raleigh-Cary, NC",1.19576,
ifa_ncsc_k2,28270,ifa,NC,IFA,IFA_01,IFA,,37119,16740,3712000,"IFA Charlotte-Concord-Gastonia, NC-SC / Raleigh-Cary, NC",1.41227,
ifa_ncsc_k2,28273,ifa,NC,IFA,IFA_02,IFA,,37119,16740,3712000,"IFA Charlotte-Concord-Gastonia, NC-SC / Charleston-North Charleston, SC",0.0929763,
ifa_ncsc_k2,28274,ifa,NC,IFA,IFA_02,IFA,,37119,16740,3712000,"IFA Charlotte-Concord-Gastonia, NC-SC / Charleston-North Charleston, SC",0.0,no cell in the extract: territory at zero opportunity
ifa_ncsc_k2,28277,ifa,NC,IFA,IFA_01,IFA,,37119,16740,3712000,"IFA Charlotte-Concord-Gastonia, NC-SC / Raleigh-Cary, NC",34.7225,
ifa_ncsc_k2,28278,ifa,NC,IFA,IFA_02,IFA,,37119,16740,3712000,"IFA Charlotte-Concord-Gastonia, NC-SC / Charleston-North Charleston, SC",0.0,no cell in the extract: territory at zero opportunity
ifa_ncsc_k2,28280,ifa,NC,IFA,IFA_02,IFA,,37119,16740,3712000,"IFA Charlotte-Concord-Gastonia, NC-SC / Charleston-North Charleston, SC",0.0,no cell in the extract: territory at zero opportunity
ifa_ncsc_k2,28282,ifa,NC,IFA,IFA_02,IFA,,37119,16740,3712000,"IFA Charlotte-Concord-Gastonia, NC-SC / Charleston-North Charleston, SC",0.0,no cell in the extract: territory at zero opportunity
ifa_ncsc_k2,28301,ifa,NC,IFA,IFA_01,IFA,,37051,22180,3722920,"IFA Charlotte-Concord-Gastonia, NC-SC / Raleigh-Cary, NC",0.227384,
ifa_ncsc_k2,28303,ifa,NC,IFA,IFA_01,IFA,,37051,22180,3722920,"IFA Charlotte-Concord-Gastonia, NC-SC / Raleigh-Cary, NC",10.7817,
ifa_ncsc_k2,28304,ifa,NC,IFA,IFA_01,IFA,,37051,22180,3722920,"IFA Charlotte-Concord-Gastonia, NC-SC / Raleigh-Cary, NC",0.468734,
ifa_ncsc_k2,28305,ifa,NC,IFA,IFA_01,IFA,,37051,22180,3722920,"IFA Charlotte-Concord-Gastonia, NC-SC / Raleigh-Cary, NC",9.67782,
ifa_ncsc_k2,28306,ifa,NC,IFA,IFA_01,IFA,,37051,22180,3722920,"IFA Charlotte-Concord-Gastonia, NC-SC / Raleigh-Cary, NC",0.0,no cell in the extract: territory at zero opportunity
ifa_ncsc_k2,28307,ifa,NC,IFA,IFA_01,IFA,,37051,22180,3722920,"IFA Charlotte-Concord-Gastonia, NC-SC / Raleigh-Cary, NC",0.0,no cell in the extract: territory at zero opportunity
ifa_ncsc_k2,28308,ifa,NC,IFA,IFA_01,IFA,,37051,22180,3764180,"IFA Charlotte-Concord-Gastonia, NC-SC / Raleigh-Cary, NC",0.0,no cell in the extract: territory at zero opportunity
ifa_ncsc_k2,28310,ifa,NC,IFA,IFA_01,IFA,,37051,22180,3722920,"IFA Charlotte-Concord-Gastonia, NC-SC / Raleigh-Cary, NC",0.0,no cell in the extract: territory at zero opportunity
ifa_ncsc_k2,28311,ifa,NC,IFA,IFA_01,IFA,,37051,22180,3722920,"IFA Charlotte-Concord-Gastonia, NC-SC / Raleigh-Cary, NC",0.0,no cell in the extract: territory at zero opportunity
ifa_ncsc_k2,28312,ifa,NC,IFA,IFA_01,IFA,,37051,22180,3719740,"IFA Charlotte-Concord-Gastonia, NC-SC / Raleigh-Cary, NC",0.0,no cell in the extract: territory at zero opportunity
ifa_ncsc_k2,28314,ifa,NC,IFA,IFA_01,IFA,,37051,22180,3722920,"IFA Charlotte-Concord-Gastonia, NC-SC / Raleigh-Cary, NC",0.0,no cell in the extract: territory at zero opportunity
ifa_ncsc_k2,28315,ifa,NC,IFA,IFA_01,IFA,,37125,38240,3700160,"IFA Charlotte-Concord-Gastonia, NC-SC / Raleigh-Cary, NC",1.56245,
ifa_ncsc_k2,28318,ifa,NC,IFA,IFA_01,IFA,,37163,,3702700,"IFA Charlotte-Concord-Gastonia, NC-SC / Raleigh-Cary, NC",0.0,no cell in the extract: territory at zero opportunity
ifa_ncsc_k2,28320,ifa,NC,IFA,IFA_01,IFA,,37017,,3706240,"IFA Charlotte-Concord-Gastonia, NC-SC / Raleigh-Cary, NC",0.0,no cell in the extract: territory at zero opportunity
ifa_ncsc_k2,28323,ifa,NC,IFA,IFA_01,IFA,,37085,11360,3708880,"IFA Charlotte-Concord-Gastonia, NC-SC / Raleigh-Cary, NC",0.0,no cell in the extract: territory at zero opportunity
ifa_ncsc_k2,28325,ifa,NC,IFA,IFA_01,IFA,,37061,,3709760,"IFA Charlotte-Concord-Gastonia, NC-SC / Raleigh-Cary, NC",0.0,no cell in the extract: territory at zero opportunity
ifa_ncsc_k2,28326,ifa,NC,IFA,IFA_01,IFA,,37085,11360,3764000,"IFA Charlotte-Concord-Gastonia, NC-SC / Raleigh-Cary, NC",0.0,no cell in the extract: territory at zero opportunity
ifa_ncsc_k2,28327,ifa,NC,IFA,IFA_01,IFA,,37125,38240,3710680,"IFA Charlotte-Concord-Gastonia, NC-SC / Raleigh-Cary, NC",0.0,no cell in the extract: territory at zero opportunity
ifa_ncsc_k2,28328,ifa,NC,IFA,IFA_01,IFA,,37163,,3735340,"IFA Charlotte-Concord-Gastonia, NC-SC / Raleigh-Cary, NC",1.77798,
ifa_ncsc_k2,28330,ifa,NC,IFA,IFA_01,IFA,,37153,40460,3714600,"IFA Charlotte-Concord-Gastonia, NC-SC / Raleigh-Cary, NC",0.0,no cell in the extract: territory at zero opportunity
ifa_ncsc_k2,28331,ifa,NC,IFA,IFA_01,IFA,,37051,22180,3722620,"IFA Charlotte-Concord-Gastonia, NC-SC / Raleigh-Cary, NC",0.0,no cell in the extract: territory at zero opportunity
ifa_ncsc_k2,28332,ifa,NC,IFA,IFA_01,IFA,,37017,,3718040,"IFA Charlotte-Concord-Gastonia, NC-SC / Raleigh-Cary, NC",0.0,no cell in the extract: territory at zero opportunity
ifa_ncsc_k2,28333,ifa,NC,IFA,IFA_01,IFA,,37191,24140,3718080,"IFA Charlotte-Concord-Gastonia, NC-SC / Raleigh-Cary, NC",0.0,no cell in the extract: territory at zero opportunity
ifa_ncsc_k2,28334,ifa,NC,IFA,IFA_01,IFA,,37163,,3752685,"IFA Charlotte-Concord-Gastonia, NC-SC / Raleigh-Cary, NC",1.30267,
ifa_ncsc_k2,28337,ifa,NC,IFA,IFA_01,IFA,,37017,,3720600,"IFA Charlotte-Concord-Gastonia, NC-SC / Raleigh-Cary, NC",0.604047,
ifa_ncsc_k2,28338,ifa,NC,IFA,IFA_01,IFA,,37153,40460,3720840,"IFA Charlotte-Concord-Gastonia, NC-SC / Raleigh-Cary, NC",0.0732835,
ifa_ncsc_k2,28339,ifa,NC,IFA,IFA_01,IFA,,37085,11360,3721740,"IFA Charlotte-Concord-Gastonia, NC-SC / Raleigh-Cary, NC",0.0,no cell in the extract: territory at zero opportunity
ifa_ncsc_k2,28340,ifa,NC,IFA,IFA_01,IFA,,37155,31300,3722360,"IFA Charlotte-Concord-Gastonia, NC-SC / Raleigh-Cary, NC",0.0,no cell in the extract: territory at zero opportunity
ifa_ncsc_k2,28341,ifa,NC,IFA,IFA_01,IFA,,37163,,3722560,"IFA Charlotte-Concord-Gastonia, NC-SC / Raleigh-Cary, NC",0.0,no cell in the extract: territory at zero opportunity
ifa_ncsc_k2,28342,ifa,NC,IFA,IFA_01,IFA,,37051,22180,3722620,"IFA Charlotte-Concord-Gastonia, NC-SC / Raleigh-Cary, NC",0.0,no cell in the extract: territory at zero opportunity
ifa_ncsc_k2,28343,ifa,NC,IFA,IFA_01,IFA,,37165,29900,3725940,"IFA Charlotte-Concord-Gastonia, NC-SC / Raleigh-Cary, NC",0.0,no cell in the extract: territory at zero opportunity
ifa_ncsc_k2,28344,ifa,NC,IFA,IFA_01,IFA,,37163,,3726740,"IFA Charlotte-Concord-Gastonia, NC-SC / Raleigh-Cary, NC",0.0,no cell in the extract: territory at zero opportunity
ifa_ncsc_k2,28345,ifa,NC,IFA,IFA_01,IFA,,37153,40460,3729160,"IFA Charlotte-Concord-Gastonia, NC-SC / Raleigh-Cary, NC",0.0,no cell in the extract: territory at zero opportunity
ifa_ncsc_k2,28347,ifa,NC,IFA,IFA_01,IFA,,37153,40460,3731920,"IFA Charlotte-Concord-Gastonia, NC-SC / Raleigh-Cary, NC",0.0,no cell in the extract: territory at zero opportunity
ifa_ncsc_k2,28348,ifa,NC,IFA,IFA_01,IFA,,37051,22180,3732640,"IFA Charlotte-Concord-Gastonia, NC-SC / Raleigh-Cary, NC",0.0,no cell in the extract: territory at zero opportunity
ifa_ncsc_k2,28349,ifa,NC,IFA,IFA_01,IFA,,37061,,3735460,"IFA Charlotte-Concord-Gastonia, NC-SC / Raleigh-Cary, NC",0.0,no cell in the extract: territory at zero opportunity
ifa_ncsc_k2,28350,ifa,NC,IFA,IFA_01,IFA,,37125,38240,,"IFA Charlotte-Concord-Gastonia, NC-SC / Raleigh-Cary, NC",0.0,no cell in the extract: territory at zero opportunity
ifa_ncsc_k2,28351,ifa,NC,IFA,IFA_01,IFA,,37165,29900,3737120,"IFA Charlotte-Concord-Gastonia, NC-SC / Raleigh-Cary, NC",0.0,no cell in the extract: territory at zero opportunity
ifa_ncsc_k2,28352,ifa,NC,IFA,IFA_01,IFA,,37165,29900,3737220,"IFA Charlotte-Concord-Gastonia, NC-SC / Raleigh-Cary, NC",0.0,no cell in the extract: territory at zero opportunity
ifa_ncsc_k2,28355,ifa,NC,IFA,IFA_01,IFA,,37105,41820,,"IFA Charlotte-Concord-Gastonia, NC-SC / Raleigh-Cary, NC",0.0,no cell in the extract: territory at zero opportunity
ifa_ncsc_k2,28356,ifa,NC,IFA,IFA_01,IFA,,37051,22180,3738360,"IFA Charlotte-Concord-Gastonia, NC-SC / Raleigh-Cary, NC",0.0,no cell in the extract: territory at zero opportunity
ifa_ncsc_k2,28357,ifa,NC,IFA,IFA_01,IFA,,37155,31300,3739680,"IFA Charlotte-Concord-Gastonia, NC-SC / Raleigh-Cary, NC",0.0,no cell in the extract: territory at zero opportunity
ifa_ncsc_k2,28358,ifa,NC,IFA,IFA_01,IFA,,37155,31300,3739700,"IFA Charlotte-Concord-Gastonia, NC-SC / Raleigh-Cary, NC",6.31527,
ifa_ncsc_k2,28359,ifa,NC,IFA,IFA_01,IFA,,37155,31300,3739700,"IFA Charlotte-Concord-Gastonia, NC-SC / Raleigh-Cary, NC",0.0,no cell in the extract: territory at zero opportunity
ifa_ncsc_k2,28360,ifa,NC,IFA,IFA_01,IFA,,37155,31300,3739700,"IFA Charlotte-Concord-Gastonia, NC-SC / Raleigh-Cary, NC",0.0,no cell in the extract: territory at zero opportunity
ifa_ncsc_k2,28362,ifa,NC,IFA,IFA_01,IFA,,37155,31300,3741380,"IFA Charlotte-Concord-Gastonia, NC-SC / Raleigh-Cary, NC",0.0,no cell in the extract: territory at zero opportunity
ifa_ncsc_k2,28363,ifa,NC,IFA,IFA_01,IFA,,37165,29900,,"IFA Charlotte-Concord-Gastonia, NC-SC / Raleigh-Cary, NC",0.0,no cell in the extract: territory at zero opportunity
ifa_ncsc_k2,28364,ifa,NC,IFA,IFA_01,IFA,,37155,31300,3754600,"IFA Charlotte-Concord-Gastonia, NC-SC / Raleigh-Cary, NC",0.0,no cell in the extract: territory at zero opportunity
ifa_ncsc_k2,28365,ifa,NC,IFA,IFA_01,IFA,,37061,,3745100,"IFA Charlotte-Concord-Gastonia, NC-SC / Raleigh-Cary, NC",0.0411751,
ifa_ncsc_k2,28366,ifa,NC,IFA,IFA_01,IFA,,37163,,3747020,"IFA Charlotte-Concord-Gastonia, NC-SC / Raleigh-Cary, NC",0.0,no cell in the extract: territory at zero opportunity
ifa_ncsc_k2,28367,ifa,NC,IFA,IFA_01,IFA,,37153,40460,3747260,"IFA Charlotte-Concord-Gastonia, NC-SC / Raleigh-Cary, NC",0.0,no cell in the extract: territory at zero opportunity
ifa_ncsc_k2,28368,ifa,NC,IFA,IFA_01,IFA,,37085,11360,,"IFA Charlotte-Concord-Gastonia, NC-SC / Raleigh-Cary, NC",0.0,no cell in the extract: territory at zero opportunity
ifa_ncsc_k2,28369,ifa,NC,IFA,IFA_01,IFA,,37155,31300,3749460,"IFA Charlotte-Concord-Gastonia, NC-SC / Raleigh-Cary, NC",0.0,no cell in the extract: territory at zero opportunity
ifa_ncsc_k2,28371,ifa,NC,IFA,IFA_01,IFA,,37155,31300,3750340,"IFA Charlotte-Concord-Gastonia, NC-SC / Raleigh-Cary, NC",0.0,no cell in the extract: territory at zero opportunity
ifa_ncsc_k2,28372,ifa,NC,IFA,IFA_01,IFA,,37155,31300,3751080,"IFA Charlotte-Concord-Gastonia, NC-SC / Raleigh-Cary, NC",0.0,no cell in the extract: territory at zero opportunity
ifa_ncsc_k2,28373,ifa,NC,IFA,IFA_01,IFA,,37125,38240,3751840,"IFA Charlotte-Concord-Gastonia, NC-SC / Raleigh-Cary, NC",0.0,no cell in the extract: territory at zero opportunity
ifa_ncsc_k2,28374,ifa,NC,IFA,IFA_01,IFA,,37125,38240,3751940,"IFA Charlotte-Concord-Gastonia, NC-SC / Raleigh-Cary, NC",2.7691,
ifa_ncsc_k2,28375,ifa,NC,IFA,IFA_01,IFA,,37155,31300,3753900,"IFA Charlotte-Concord-Gastonia, NC-SC / Raleigh-Cary, NC",0.0,no cell in the extract: territory at zero opportunity
ifa_ncsc_k2,28376,ifa,NC,IFA,IFA_01,IFA,,37093,22180,3723520,"IFA Charlotte-Concord-Gastonia, NC-SC / Raleigh-Cary, NC",0.0,no cell in the extract: territory at zero opportunity
ifa_ncsc_k2,28377,ifa,NC,IFA,IFA_01,IFA,,37093,22180,3755660,"IFA Charlotte-Concord-Gastonia, NC-SC / Raleigh-Cary, NC",0.856797,
ifa_ncsc_k2,28378,ifa,NC,IFA,IFA_01,IFA,,37155,31300,3756100,"IFA Charlotte-Concord-Gastonia, NC-SC / Raleigh-Cary, NC",0.0,no cell in the extract: territory at zero opportunity
ifa_ncsc_k2,28379,ifa,NC,IFA,IFA_01,IFA,,37153,40460,3757260,"IFA Charlotte-Concord-Gastonia, NC-SC / Raleigh-Cary, NC",0.0,no cell in the extract: territory at zero opportunity
ifa_ncsc_k2,28382,ifa,NC,IFA,IFA_01,IFA,,37163,,3757800,"IFA Charlotte-Concord-Gastonia, NC-SC / Raleigh-Cary, NC",0.0,no cell in the extract: territory at zero opportunity
ifa_ncsc_k2,28383,ifa,NC,IFA,IFA_01,IFA,,37155,31300,3721120,"IFA Charlotte-Concord-Gastonia, NC-SC / Raleigh-Cary, NC",0.0,no cell in the extract: territory at zero opportunity
ifa_ncsc_k2,28384,ifa,NC,IFA,IFA_01,IFA,,37155,31300,3758720,"IFA Charlotte-Concord-Gastonia, NC-SC / Raleigh-Cary, NC",0.0,no cell in the extract: territory at zero opportunity
ifa_ncsc_k2,28385,ifa,NC,IFA,IFA_01,IFA,,37163,,3758840,"IFA Charlotte-Concord-Gastonia, NC-SC / Raleigh-Cary, NC",0.0,no cell in the extract: territory at zero opportunity
ifa_ncsc_k2,28386,ifa,NC,IFA,IFA_01,IFA,,37155,31300,3755940,"IFA Charlotte-Concord-Gastonia, NC-SC / Raleigh-Cary, NC",0.0,no cell in the extract: territory at zero opportunity
ifa_ncsc_k2,28387,ifa,NC,IFA,IFA_01,IFA,,37125,38240,3763120,"IFA Charlotte-Concord-Gastonia, NC-SC / Raleigh-Cary, NC",1.00053,
ifa_ncsc_k2,28390,ifa,NC,IFA,IFA_01,IFA,,37085,11360,3701340,"IFA Charlotte-Concord-Gastonia, NC-SC / Raleigh-Cary, NC",0.0,no cell in the extract: territory at zero opportunity
ifa_ncsc_k2,28391,ifa,NC,IFA,IFA_01,IFA,,37051,22180,3764840,"IFA Charlotte-Concord-Gastonia, NC-SC / Raleigh-Cary, NC",0.0,no cell in the extract: territory at zero opportunity
ifa_ncsc_k2,28392,ifa,NC,IFA,IFA_01,IFA,,37017,,3766740,"IFA Charlotte-Concord-Gastonia, NC-SC / Raleigh-Cary, NC",0.0,no cell in the extract: territory at zero opportunity
ifa_ncsc_k2,28393,ifa,NC,IFA,IFA_01,IFA,,37163,,3768740,"IFA Charlotte-Concord-Gastonia, NC-SC / Raleigh-Cary, NC",0.0,no cell in the extract: territory at zero opportunity
ifa_ncsc_k2,28394,ifa,NC,IFA,IFA_01,IFA,,37125,38240,3769840,"IFA Charlotte-Concord-Gastonia, NC-SC / Raleigh-Cary, NC",0.0,no cell in the extract: territory at zero opportunity
ifa_ncsc_k2,28395,ifa,NC,IFA,IFA_01,IFA,,37051,22180,3770340,"IFA Charlotte-Concord-Gastonia, NC-SC / Raleigh-Cary, NC",0.0,no cell in the extract: territory at zero opportunity
ifa_ncsc_k2,28396,ifa,NC,IFA,IFA_01,IFA,,37165,29900,3770480,"IFA Charlotte-Concord-Gastonia, NC-SC / Raleigh-Cary, NC",0.0,no cell in the extract: territory at zero opportunity
ifa_ncsc_k2,28398,ifa,NC,IFA,IFA_01,IFA,,37061,,3771160,"IFA Charlotte-Concord-Gastonia, NC-SC / Raleigh-Cary, NC",0.629291,
ifa_ncsc_k2,28399,ifa,NC,IFA,IFA_01,IFA,,37017,,3773320,"IFA Charlotte-Concord-Gastonia, NC-SC / Raleigh-Cary, NC",0.0,no cell in the extract: territory at zero opportunity
ifa_ncsc_k2,28401,ifa,NC,IFA,IFA_01,IFA,,37129,48900,3774440,"IFA Charlotte-Concord-Gastonia, NC-SC / Raleigh-Cary, NC",7.12446,
ifa_ncsc_k2,28403,ifa,NC,IFA,IFA_01,IFA,,37129,48900,3774440,"IFA Charlotte-Concord-Gastonia, NC-SC / Raleigh-Cary, NC",6.88686,
ifa_ncsc_k2,28405,ifa,NC,IFA,IFA_01,IFA,,37129,48900,3774440,"IFA Charlotte-Concord-Gastonia, NC-SC / Raleigh-Cary, NC",15.3898,
ifa_ncsc_k2,28409,ifa,NC,IFA,IFA_01,IFA,,37129,48900,3774440,"IFA Charlotte-Concord-Gastonia, NC-SC / Raleigh-Cary, NC",0.0135227,
ifa_ncsc_k2,28411,ifa,NC,IFA,IFA_01,IFA,,37129,48900,3745720,"IFA Charlotte-Concord-Gastonia, NC-SC / Raleigh-Cary, NC",0.0,no cell in the extract: territory at zero opportunity
ifa_ncsc_k2,28412,ifa,NC,IFA,IFA_01,IFA,,37129,48900,3774440,"IFA Charlotte-Concord-Gastonia, NC-SC / Raleigh-Cary, NC",0.303141,
ifa_ncsc_k2,28420,ifa,NC,IFA,IFA_01,IFA,,37019,48900,3760800,"IFA Charlotte-Concord-Gastonia, NC-SC / Raleigh-Cary, NC",0.0,no cell in the extract: territory at zero opportunity
ifa_ncsc_k2,28421,ifa,NC,IFA,IFA_01,IFA,,37141,48900,3702460,"IFA Charlotte-Concord-Gastonia, NC-SC / Raleigh-Cary, NC",0.0,no cell in the extract: territory at zero opportunity
ifa_ncsc_k2,28422,ifa,NC,IFA,IFA_01,IFA,,37019,48900,3748345,"IFA Charlotte-Concord-Gastonia, NC-SC / Raleigh-Cary, NC",0.0,no cell in the extract: territory at zero opportunity
ifa_ncsc_k2,28423,ifa,NC,IFA,IFA_01,IFA,,37047,,3706860,"IFA Charlotte-Concord-Gastonia, NC-SC / Raleigh-Cary, NC",0.0,no cell in the extract: territory at zero opportunity
ifa_ncsc_k2,28424,ifa,NC,IFA,IFA_01,IFA,,37047,,3708420,"IFA Charlotte-Concord-Gastonia, NC-SC / Raleigh-Cary, NC",0.0,no cell in the extract: territory at zero opportunity
ifa_ncsc_k2,28425,ifa,NC,IFA,IFA_01,IFA,,37141,48900,3758620,"IFA Charlotte-Concord-Gastonia, NC-SC / Raleigh-Cary, NC",0.0,no cell in the extract: territory at zero opportunity
ifa_ncsc_k2,28428,ifa,NC,IFA,IFA_01,IFA,,37129,48900,3710500,"IFA Charlotte-Concord-Gastonia, NC-SC / Raleigh-Cary, NC",0.0810582,
ifa_ncsc_k2,28429,ifa,NC,IFA,IFA_01,IFA,,37129,48900,3762190,"IFA Charlotte-Concord-Gastonia, NC-SC / Raleigh-Cary, NC",0.0,no cell in the extract: territory at zero opportunity
ifa_ncsc_k2,28430,ifa,NC,IFA,IFA_01,IFA,,37047,,3711620,"IFA Charlotte-Concord-Gastonia, NC-SC / Raleigh-Cary, NC",0.0,no cell in the extract: territory at zero opportunity
ifa_ncsc_k2,28431,ifa,NC,IFA,IFA_01,IFA,,37047,,3711640,"IFA Charlotte-Concord-Gastonia, NC-SC / Raleigh-Cary, NC",0.0,no cell in the extract: territory at zero opportunity
ifa_ncsc_k2,28432,ifa,NC,IFA,IFA_01,IFA,,37047,,,"IFA Charlotte-Concord-Gastonia, NC-SC / Raleigh-Cary, NC",0.0,no cell in the extract: territory at zero opportunity
ifa_ncsc_k2,28433,ifa,NC,IFA,IFA_01,IFA,,37017,,3712780,"IFA Charlotte-Concord-Gastonia, NC-SC / Raleigh-Cary, NC",0.0,no cell in the extract: territory at zero opportunity
ifa_ncsc_k2,28434,ifa,NC,IFA,IFA_01,IFA,,37017,,,"IFA Charlotte-Concord-Gastonia, NC-SC / Raleigh-Cary, NC",0.0,no cell in the extract: territory at zero opportunity
ifa_ncsc_k2,28435,ifa,NC,IFA,IFA_01,IFA,,37141,48900,,"IFA Charlotte-Concord-Gastonia, NC-SC / Raleigh-Cary, NC",0.0,no cell in the extract: territory at zero opportunity
ifa_ncsc_k2,28436,ifa,NC,IFA,IFA_01,IFA,,37047,,3716780,"IFA Charlotte-Concord-Gastonia, NC-SC / Raleigh-Cary, NC",0.0,no cell in the extract: territory at zero opportunity
ifa_ncsc_k2,28438,ifa,NC,IFA,IFA_01,IFA,,37047,,3722080,"IFA Charlotte-Concord-Gastonia, NC-SC / Raleigh-Cary, NC",0.0,no cell in the extract: territory at zero opportunity
ifa_ncsc_k2,28439,ifa,NC,IFA,IFA_01,IFA,,37047,,3722240,"IFA Charlotte-Concord-Gastonia, NC-SC / Raleigh-Cary, NC",0.0,no cell in the extract: territory at zero opportunity
ifa_ncsc_k2,28441,ifa,NC,IFA,IFA_01,IFA,,37163,,3733640,"IFA Charlotte-Concord-Gastonia, NC-SC / Raleigh-Cary, NC",0.0,no cell in the extract: territory at zero opportunity
ifa_ncsc_k2,28442,ifa,NC,IFA,IFA_01,IFA,,37047,,3729000,"IFA Charlotte-Concord-Gastonia, NC-SC / Raleigh-Cary, NC",0.0,no cell in the extract: territory at zero opportunity
ifa_ncsc_k2,28443,ifa,NC,IFA,IFA_01,IFA,,37141,48900,3729180,"IFA Charlotte-Concord-Gastonia, NC-SC / Raleigh-Cary, NC",0.387926,
ifa_ncsc_k2,28444,ifa,NC,IFA,IFA_01,IFA,,37163,,3729680,"IFA Charlotte-Concord-Gastonia, NC-SC / Raleigh-Cary, NC",0.0,no cell in the extract: territory at zero opportunity
ifa_ncsc_k2,28445,ifa,NC,IFA,IFA_01,IFA,,37133,27340,3766040,"IFA Charlotte-Concord-Gastonia, NC-SC / Raleigh-Cary, NC",0.0,no cell in the extract: territory at zero opportunity
ifa_ncsc_k2,28447,ifa,NC,IFA,IFA_01,IFA,,37017,,3733940,"IFA Charlotte-Concord-Gastonia, NC-SC / Raleigh-Cary, NC",0.0,no cell in the extract: territory at zero opportunity
ifa_ncsc_k2,28448,ifa,NC,IFA,IFA_01,IFA,,37017,,3735440,"IFA Charlotte-Concord-Gastonia, NC-SC / Raleigh-Cary, NC",0.0,no cell in the extract: territory at zero opportunity
ifa_ncsc_k2,28449,ifa,NC,IFA,IFA_01,IFA,,37129,48900,3736220,"IFA Charlotte-Concord-Gastonia, NC-SC / Raleigh-Cary, NC",0.0,no cell in the extract: territory at zero opportunity
ifa_ncsc_k2,28450,ifa,NC,IFA,IFA_01,IFA,,37047,,3736640,"IFA Charlotte-Concord-Gastonia, NC-SC / Raleigh-Cary, NC",0.0,no cell in the extract: territory at zero opportunity
ifa_ncsc_k2,28451,ifa,NC,IFA,IFA_01,IFA,,37019,48900,3737680,"IFA Charlotte-Concord-Gastonia, NC-SC / Raleigh-Cary, NC",1.69085,
ifa_ncsc_k2,28452,ifa,NC,IFA,IFA_01,IFA,,37019,48900,,"IFA Charlotte-Concord-Gastonia, NC-SC / Raleigh-Cary, NC",0.0,no cell in the extract: territory at zero opportunity
ifa_ncsc_k2,28453,ifa,NC,IFA,IFA_01,IFA,,37061,,3716860,"IFA Charlotte-Concord-Gastonia, NC-SC / Raleigh-Cary, NC",0.0,no cell in the extract: territory at zero opportunity
ifa_ncsc_k2,28454,ifa,NC,IFA,IFA_01,IFA,,37133,27340,,"IFA Charlotte-Concord-Gastonia, NC-SC / Raleigh-Cary, NC",0.157934,
ifa_ncsc_k2,28455,ifa,NC,IFA,IFA_01,IFA,,37047,,,"IFA Charlotte-Concord-Gastonia, NC-SC / Raleigh-Cary, NC",0.0,no cell in the extract: territory at zero opportunity
ifa_ncsc_k2,28456,ifa,NC,IFA,IFA_01,IFA,,37047,,3759135,"IFA Charlotte-Concord-Gastonia, NC-SC / Raleigh-Cary, NC",0.0,no cell in the extract: territory at zero opportunity
ifa_ncsc_k2,28457,ifa,NC,IFA,IFA_01,IFA,,37141,48900,3757540,"IFA Charlotte-Concord-Gastonia, NC-SC / Raleigh-Cary, NC",0.0,no cell in the extract: territory at zero opportunity
ifa_ncsc_k2,28458,ifa,NC,IFA,IFA_01,IFA,,37061,,3716860,"IFA Charlotte-Concord-Gastonia, NC-SC / Raleigh-Cary, NC",0.0,no cell in the extract: territory at zero opportunity
ifa_ncsc_k2,28460,ifa,NC,IFA,IFA_01,IFA,,37133,27340,3747845,"IFA Charlotte-Concord-Gastonia, NC-SC / Raleigh-Cary, NC",1.44836,
ifa_ncsc_k2,28461,ifa,NC,IFA,IFA_01,IFA,,37019,48900,3706760,"IFA Charlotte-Concord-Gastonia, NC-SC / Raleigh-Cary, NC",0.770362,
ifa_ncsc_k2,28462,ifa,NC,IFA,IFA_01,IFA,,37019,48900,3731960,"IFA Charlotte-Concord-Gastonia, NC-SC / Raleigh-Cary, NC",0.0,no cell in the extract: territory at zero opportunity
ifa_ncsc_k2,28463,ifa,NC,IFA,IFA_01,IFA,,37047,,3766520,"IFA Charlotte-Concord-Gastonia, NC-SC / Raleigh-Cary, NC",0.0,no cell in the extract: territory at zero opportunity
ifa_ncsc_k2,28464,ifa,NC,IFA,IFA_01,IFA,,37061,,3767000,"IFA Charlotte-Concord-Gastonia, NC-SC / Raleigh-Cary, NC",0.0,no cell in the extract: territory at zero opportunity
ifa_ncsc_k2,28465,ifa,NC,IFA,IFA_01,IFA,,37019,48900,3748345,"IFA Charlotte-Concord-Gastonia, NC-SC / Raleigh-Cary, NC",0.0,no cell in the extract: territory at zero opportunity
ifa_ncsc_k2,28466,ifa,NC,IFA,IFA_01,IFA,,37061,,3770720,"IFA Charlotte-Concord-Gastonia, NC-SC / Raleigh-Cary, NC",0.0,no cell in the extract: territory at zero opportunity
ifa_ncsc_k2,28467,ifa,NC,IFA,IFA_01,IFA,,37019,48900,3710550,"IFA Charlotte-Concord-Gastonia, NC-SC / Raleigh-Cary, NC",0.980003,
ifa_ncsc_k2,28468,ifa,NC,IFA,IFA_01,IFA,,37019,48900,3765900,"IFA Charlotte-Concord-Gastonia, NC-SC / Raleigh-Cary, NC",0.0,no cell in the extract: territory at zero opportunity
ifa_ncsc_k2,28469,ifa,NC,IFA,IFA_01,IFA,,37019,48900,3748700,"IFA Charlotte-Concord-Gastonia, NC-SC / Raleigh-Cary, NC",0.0,no cell in the extract: territory at zero opportunity
ifa_ncsc_k2,28470,ifa,NC,IFA,IFA_01,IFA,,37019,48900,3760800,"IFA Charlotte-Concord-Gastonia, NC-SC / Raleigh-Cary, NC",0.0743099,
ifa_ncsc_k2,28472,ifa,NC,IFA,IFA_01,IFA,,37047,,3773660,"IFA Charlotte-Concord-Gastonia, NC-SC / Raleigh-Cary, NC",0.0,no cell in the extract: territory at zero opportunity
ifa_ncsc_k2,28478,ifa,NC,IFA,IFA_01,IFA,,37141,48900,3771320,"IFA Charlotte-Concord-Gastonia, NC-SC / Raleigh-Cary, NC",0.0,no cell in the extract: territory at zero opportunity
ifa_ncsc_k2,28479,ifa,NC,IFA,IFA_01,IFA,,37019,48900,3737680,"IFA Charlotte-Concord-Gastonia, NC-SC / Raleigh-Cary, NC",0.0,no cell in the extract: territory at zero opportunity
ifa_ncsc_k2,28480,ifa,NC,IFA,IFA_01,IFA,,37129,48900,3775820,"IFA Charlotte-Concord-Gastonia, NC-SC / Raleigh-Cary, NC",0.0,no cell in the extract: territory at zero opportunity
ifa_ncsc_k2,28501,ifa,NC,IFA,IFA_01,IFA,,37107,28820,3735920,"IFA Charlotte-Concord-Gastonia, NC-SC / Raleigh-Cary, NC",1.2872,
ifa_ncsc_k2,28504,ifa,NC,IFA,IFA_01,IFA,,37107,28820,3735920,"IFA Charlotte-Concord-Gastonia, NC-SC / Raleigh-Cary, NC",0.0,no cell in the extract: territory at zero opportunity
ifa_ncsc_k2,28508,ifa,NC,IFA,IFA_01,IFA,,37061,,,"IFA Charlotte-Concord-Gastonia, NC-SC / Raleigh-Cary, NC",0.0,no cell in the extract: territory at zero opportunity
ifa_ncsc_k2,28509,ifa,NC,IFA,IFA_01,IFA,,37137,35100,3701000,"IFA Charlotte-Concord-Gastonia, NC-SC / Raleigh-Cary, NC",0.0,no cell in the extract: territory at zero opportunity
ifa_ncsc_k2,28510,ifa,NC,IFA,IFA_01,IFA,,37137,35100,3743440,"IFA Charlotte-Concord-Gastonia, NC-SC / Raleigh-Cary, NC",0.0,no cell in the extract: territory at zero opportunity
ifa_ncsc_k2,28511,ifa,NC,IFA,IFA_01,IFA,,37031,33980,3702480,"IFA Charlotte-Concord-Gastonia, NC-SC / Raleigh-Cary, NC",0.0,no cell in the extract: territory at zero opportunity
ifa_ncsc_k2,28512,ifa,NC,IFA,IFA_01,IFA,,37031,33980,3702500,"IFA Charlotte-Concord-Gastonia, NC-SC / Raleigh-Cary, NC",0.0,no cell in the extract: territory at zero opportunity
ifa_ncsc_k2,28513,ifa,NC,IFA,IFA_01,IFA,,37147,24780,3702840,"IFA Charlotte-Concord-Gastonia, NC-SC / Raleigh-Cary, NC",0.0,no cell in the extract: territory at zero opportunity
ifa_ncsc_k2,28515,ifa,NC,IFA,IFA_01,IFA,,37137,35100,3703960,"IFA Charlotte-Concord-Gastonia, NC-SC / Raleigh-Cary, NC",0.0,no cell in the extract: territory at zero opportunity
ifa_ncsc_k2,28516,ifa,NC,IFA,IFA_01,IFA,,37031,33980,3704260,"IFA Charlotte-Concord-Gastonia, NC-SC / Raleigh-Cary, NC",0.0,no cell in the extract: territory at zero opportunity
ifa_ncsc_k2,28518,ifa,NC,IFA,IFA_01,IFA,,37061,,3705660,"IFA Charlotte-Concord-Gastonia, NC-SC / Raleigh-Cary, NC",0.0,no cell in the extract: territory at zero opportunity
ifa_ncsc_k2,28519,ifa,NC,IFA,IFA_01,IFA,,37049,35100,3707860,"IFA Charlotte-Concord-Gastonia, NC-SC / Raleigh-Cary, NC",0.0,no cell in the extract: territory at zero opportunity
ifa_ncsc_k2,28520,ifa,NC,IFA,IFA_01,IFA,,37031,33980,,"IFA Charlotte-Concord-Gastonia, NC-SC / Raleigh-Cary, NC",0.0,no cell in the extract: territory at zero opportunity
ifa_ncsc_k2,28521,ifa,NC,IFA,IFA_01,IFA,,37061,,3712520,"IFA Charlotte-Concord-Gastonia, NC-SC / Raleigh-Cary, NC",0.0,no cell in the extract: territory at zero opportunity
ifa_ncsc_k2,28523,ifa,NC,IFA,IFA_01,IFA,,37049,35100,3715020,"IFA Charlotte-Concord-Gastonia, NC-SC / Raleigh-Cary, NC",0.0,no cell in the extract: territory at zero opportunity
ifa_ncsc_k2,28524,ifa,NC,IFA,IFA_01,IFA,,37031,33980,3716480,"IFA Charlotte-Concord-Gastonia, NC-SC / Raleigh-Cary, NC",0.0,no cell in the extract: territory at zero opportunity
ifa_ncsc_k2,28525,ifa,NC,IFA,IFA_01,IFA,,37107,28820,3716720,"IFA Charlotte-Concord-Gastonia, NC-SC / Raleigh-Cary, NC",0.0,no cell in the extract: territory at zero opportunity
ifa_ncsc_k2,28526,ifa,NC,IFA,IFA_01,IFA,,37049,35100,3717660,"IFA Charlotte-Concord-Gastonia, NC-SC / Raleigh-Cary, NC",0.0,no cell in the extract: territory at zero opportunity
ifa_ncsc_k2,28527,ifa,NC,IFA,IFA_01,IFA,,37049,35100,,"IFA Charlotte-Concord-Gastonia, NC-SC / Raleigh-Cary, NC",0.0,no cell in the extract: territory at zero opportunity
ifa_ncsc_k2,28528,ifa,NC,IFA,IFA_01,IFA,,37031,33980,3726680,"IFA Charlotte-Concord-Gastonia, NC-SC / Raleigh-Cary, NC",0.0,no cell in the extract: territory at zero opportunity
ifa_ncsc_k2,28529,ifa,NC,IFA,IFA_01,IFA,,37137,35100,3727520,"IFA Charlotte-Concord-Gastonia, NC-SC / Raleigh-Cary, NC",0.0,no cell in the extract: territory at zero opportunity
ifa_ncsc_k2,28530,ifa,NC,IFA,IFA_01,IFA,,37147,24780,3728200,"IFA Charlotte-Concord-Gastonia, NC-SC / Raleigh-Cary, NC",0.0,no cell in the extract: territory at zero opportunity
ifa_ncsc_k2,28531,ifa,NC,IFA,IFA_01,IFA,,37031,33980,3729560,"IFA Charlotte-Concord-Gastonia, NC-SC / Raleigh-Cary, NC",0.0,no cell in the extract: territory at zero opportunity
ifa_ncsc_k2,28532,ifa,NC,IFA,IFA_01,IFA,,37049,35100,3730120,"IFA Charlotte-Concord-Gastonia, NC-SC / Raleigh-Cary, NC",0.0,no cell in the extract: territory at zero opportunity
ifa_ncsc_k2,28533,ifa,NC,IFA,IFA_01,IFA,,37049,35100,3730120,"IFA Charlotte-Concord-Gastonia, NC-SC / Raleigh-Cary, NC",0.0,no cell in the extract: territory at zero opportunity
ifa_ncsc_k2,28537,ifa,NC,IFA,IFA_01,IFA,,37137,35100,3731880,"IFA Charlotte-Concord-Gastonia, NC-SC / Raleigh-Cary, NC",0.0,no cell in the extract: territory at zero opportunity
ifa_ncsc_k2,28538,ifa,NC,IFA,IFA_01,IFA,,37079,,3732540,"IFA Charlotte-Concord-Gastonia, NC-SC / Raleigh-Cary, NC",0.0,no cell in the extract: territory at zero opportunity
ifa_ncsc_k2,28539,ifa,NC,IFA,IFA_01,IFA,,37133,27340,3734200,"IFA Charlotte-Concord-Gastonia, NC-SC / Raleigh-Cary, NC",0.0,no cell in the extract: territory at zero opportunity
ifa_ncsc_k2,28540,ifa,NC,IFA,IFA_01,IFA,,37133,27340,3734200,"IFA Charlotte-Concord-Gastonia, NC-SC / Raleigh-Cary, NC",6.52191,
ifa_ncsc_k2,28542,ifa,NC,IFA,IFA_01,IFA,,37133,27340,3734200,"IFA Charlotte-Concord-Gastonia, NC-SC / Raleigh-Cary, NC",0.0,no cell in the extract: territory at zero opportunity
ifa_ncsc_k2,28543,ifa,NC,IFA,IFA_01,IFA,,37133,27340,3734200,"IFA Charlotte-Concord-Gastonia, NC-SC / Raleigh-Cary, NC",0.0,no cell in the extract: territory at zero opportunity
ifa_ncsc_k2,28544,ifa,NC,IFA,IFA_01,IFA,,37133,27340,3752260,"IFA Charlotte-Concord-Gastonia, NC-SC / Raleigh-Cary, NC",0.0,no cell in the extract: territory at zero opportunity
ifa_ncsc_k2,28546,ifa,NC,IFA,IFA_01,IFA,,37133,27340,3734200,"IFA Charlotte-Concord-Gastonia, NC-SC / Raleigh-Cary, NC",0.424414,
ifa_ncsc_k2,28547,ifa,NC,IFA,IFA_01,IFA,,37133,27340,3734200,"IFA Charlotte-Concord-Gastonia, NC-SC / Raleigh-Cary, NC",0.0,no cell in the extract: territory at zero opportunity
ifa_ncsc_k2,28551,ifa,NC,IFA,IFA_01,IFA,,37107,28820,3736400,"IFA Charlotte-Concord-Gastonia, NC-SC / Raleigh-Cary, NC",0.0,no cell in the extract: territory at zero opportunity
ifa_ncsc_k2,28552,ifa,NC,IFA,IFA_01,IFA,,37137,35100,,"IFA Charlotte-Concord-Gastonia, NC-SC / Raleigh-Cary, NC",0.0,no cell in the extract: territory at zero opportunity
ifa_ncsc_k2,28553,ifa,NC,IFA,IFA_01,IFA,,37031,33980,3741600,"IFA Charlotte-Concord-Gastonia, NC-SC / Raleigh-Cary, NC",0.0,no cell in the extract: territory at zero opportunity
ifa_ncsc_k2,28554,ifa,NC,IFA,IFA_01,IFA,,37079,,3742000,"IFA Charlotte-Concord-Gastonia, NC-SC / Raleigh-Cary, NC",0.0,no cell in the extract: territory at zero opportunity
ifa_ncsc_k2,28555,ifa,NC,IFA,IFA_01,IFA,,37133,27340,3742100,"IFA Charlotte-Concord-Gastonia, NC-SC / Raleigh-Cary, NC",0.0,no cell in the extract: territory at zero opportunity
ifa_ncsc_k2,28556,ifa,NC,IFA,IFA_01,IFA,,37137,35100,3765120,"IFA Charlotte-Concord-Gastonia, NC-SC / Raleigh-Cary, NC",0.0,no cell in the extract: territory at zero opportunity
ifa_ncsc_k2,28557,ifa,NC,IFA,IFA_01,IFA,,37031,33980,3744320,"IFA Charlotte-Concord-Gastonia, NC-SC / Raleigh-Cary, NC",5.07484,
ifa_ncsc_k2,28560,ifa,NC,IFA,IFA_01,IFA,,37049,35100,3746340,"IFA Charlotte-Concord-Gastonia, NC-SC / Raleigh-Cary, NC",1.78022,
ifa_ncsc_k2,28562,ifa,NC,IFA,IFA_01,IFA,,37049,35100,3746340,"IFA Charlotte-Concord-Gastonia, NC-SC / Raleigh-Cary, NC",1.80813,
ifa_ncsc_k2,28570,ifa,NC,IFA,IFA_01,IFA,,37031,33980,3746860,"IFA Charlotte-Concord-Gastonia, NC-SC / Raleigh-Cary, NC",0.739287,
ifa_ncsc_k2,28571,ifa,NC,IFA,IFA_01,IFA,,37137,35100,3749380,"IFA Charlotte-Concord-Gastonia, NC-SC / Raleigh-Cary, NC",0.0,no cell in the extract: territory at zero opportunity
ifa_ncsc_k2,28572,ifa,NC,IFA,IFA_01,IFA,,37061,,3753580,"IFA Charlotte-Concord-Gastonia, NC-SC / Raleigh-Cary, NC",0.0,no cell in the extract: territory at zero opportunity
ifa_ncsc_k2,28573,ifa,NC,IFA,IFA_01,IFA,,37103,35100,3707765,"IFA Charlotte-Concord-Gastonia, NC-SC / Raleigh-Cary, NC",0.0,no cell in the extract: territory at zero opportunity
ifa_ncsc_k2,28574,ifa,NC,IFA,IFA_01,IFA,,37133,27340,3756360,"IFA Charlotte-Concord-Gastonia, NC-SC / Raleigh-Cary, NC",0.0,no cell in the extract: territory at zero opportunity
ifa_ncsc_k2,28575,ifa,NC,IFA,IFA_01,IFA,,37031,33980,3733460,"IFA Charlotte-Concord-Gastonia, NC-SC / Raleigh-Cary, NC",0.0,no cell in the extract: territory at zero opportunity
ifa_ncsc_k2,28577,ifa,NC,IFA,IFA_01,IFA,,37031,33980,,"IFA Charlotte-Concord-Gastonia, NC-SC / Raleigh-Cary, NC",0.0,no cell in the extract: territory at zero opportunity
ifa_ncsc_k2,28578,ifa,NC,IFA,IFA_01,IFA,,37191,24140,3760540,"IFA Charlotte-Concord-Gastonia, NC-SC / Raleigh-Cary, NC",0.0,no cell in the extract: territory at zero opportunity
ifa_ncsc_k2,28579,ifa,NC,IFA,IFA_01,IFA,,37031,33980,,"IFA Charlotte-Concord-Gastonia, NC-SC / Raleigh-Cary, NC",0.0,no cell in the extract: territory at zero opportunity
ifa_ncsc_k2,28580,ifa,NC,IFA,IFA_01,IFA,,37079,,3762760,"IFA Charlotte-Concord-Gastonia, NC-SC / Raleigh-Cary, NC",0.0,no cell in the extract: territory at zero opportunity
ifa_ncsc_k2,28581,ifa,NC,IFA,IFA_01,IFA,,37031,33980,,"IFA Charlotte-Concord-Gastonia, NC-SC / Raleigh-Cary, NC",0.0,no cell in the extract: territory at zero opportunity
ifa_ncsc_k2,28582,ifa,NC,IFA,IFA_01,IFA,,37133,27340,,"IFA Charlotte-Concord-Gastonia, NC-SC / Raleigh-Cary, NC",0.0,no cell in the extract: territory at zero opportunity
ifa_ncsc_k2,28584,ifa,NC,IFA,IFA_01,IFA,,37031,33980,3751040,"IFA Charlotte-Concord-Gastonia, NC-SC / Raleigh-Cary, NC",0.0,no cell in the extract: territory at zero opportunity
ifa_ncsc_k2,28585,ifa,NC,IFA,IFA_01,IFA,,37103,35100,3768320,"IFA Charlotte-Concord-Gastonia, NC-SC / Raleigh-Cary, NC",0.0,no cell in the extract: territory at zero opportunity
ifa_ncsc_k2,28586,ifa,NC,IFA,IFA_01,IFA,,37049,35100,3769680,"IFA Charlotte-Concord-Gastonia, NC-SC / Raleigh-Cary, NC",0.0,no cell in the extract: territory at zero opportunity
ifa_ncsc_k2,28587,ifa,NC,IFA,IFA_01,IFA,,37137,35100,3769720,"IFA Charlotte-Concord-Gastonia, NC-SC / Raleigh-Cary, NC",0.0,no cell in the extract: territory at zero opportunity
ifa_ncsc_k2,28589,ifa,NC,IFA,IFA_01,IFA,,37031,33980,,"IFA Charlotte-Concord-Gastonia, NC-SC / Raleigh-Cary, NC",0.0,no cell in the extract: territory at zero opportunity
ifa_ncsc_k2,28590,ifa,NC,IFA,IFA_01,IFA,,37147,24780,3775060,"IFA Charlotte-Concord-Gastonia, NC-SC / Raleigh-Cary, NC",0.0,no cell in the extract: territory at zero opportunity
ifa_ncsc_k2,28594,ifa,NC,IFA,IFA_01,IFA,,37031,33980,3721160,"IFA Charlotte-Concord-Gastonia, NC-SC / Raleigh-Cary, NC",0.0,no cell in the extract: territory at zero opportunity
ifa_ncsc_k2,28601,ifa,NC,IFA,IFA_02,IFA,,37035,25860,3731060,"IFA Charlotte-Concord-Gastonia, NC-SC / Charleston-North Charleston, SC",7.53437,
ifa_ncsc_k2,28602,ifa,NC,IFA,IFA_02,IFA,,37035,25860,3731060,"IFA Charlotte-Concord-Gastonia, NC-SC / Charleston-North Charleston, SC",15.3339,
ifa_ncsc_k2,28604,ifa,NC,IFA,IFA_02,IFA,,37189,14380,3704510,"IFA Charlotte-Concord-Gastonia, NC-SC / Charleston-North Charleston, SC",0.913746,
ifa_ncsc_k2,28605,ifa,NC,IFA,IFA_02,IFA,,37189,14380,3706500,"IFA Charlotte-Concord-Gastonia, NC-SC / Charleston-North Charleston, SC",0.0,no cell in the extract: territory at zero opportunity
ifa_ncsc_k2,28606,ifa,NC,IFA,IFA_02,IFA,,37193,35900,,"IFA Charlotte-Concord-Gastonia, NC-SC / Charleston-North Charleston, SC",0.0,no cell in the extract: territory at zero opportunity
ifa_ncsc_k2,28607,ifa,NC,IFA,IFA_02,IFA,,37189,14380,3707080,"IFA Charlotte-Concord-Gastonia, NC-SC / Charleston-North Charleston, SC",1.80245,
ifa_ncsc_k2,28609,ifa,NC,IFA,IFA_02,IFA,,37035,25860,3710980,"IFA Charlotte-Concord-Gastonia, NC-SC / Charleston-North Charleston, SC",0.0,no cell in the extract: territory at zero opportunity
ifa_ncsc_k2,28610,ifa,NC,IFA,IFA_02,IFA,,37035,25860,3712720,"IFA Charlotte-Concord-Gastonia, NC-SC / Charleston-North Charleston, SC",0.0,no cell in the extract: territory at zero opportunity
ifa_ncsc_k2,28611,ifa,NC,IFA,IFA_02,IFA,,37027,25860,,"IFA Charlotte-Concord-Gastonia, NC-SC / Charleston-North Charleston, SC",0.0,no cell in the extract: territory at zero opportunity
ifa_ncsc_k2,28612,ifa,NC,IFA,IFA_02,IFA,,37023,25860,3714280,"IFA Charlotte-Concord-Gastonia, NC-SC / Charleston-North Charleston, SC",0.0,no cell in the extract: territory at zero opportunity
ifa_ncsc_k2,28613,ifa,NC,IFA,IFA_02,IFA,,37035,25860,3714340,"IFA Charlotte-Concord-Gastonia, NC-SC / Charleston-North Charleston, SC",0.0,no cell in the extract: territory at zero opportunity
ifa_ncsc_k2,28615,ifa,NC,IFA,IFA_02,IFA,,37009,,,"IFA Charlotte-Concord-Gastonia, NC-SC / Charleston-North Charleston, SC",0.0,no cell in the extract: territory at zero opportunity
ifa_ncsc_k2,28616,ifa,NC,IFA,IFA_02,IFA,,37011,,3715580,"IFA Charlotte-Concord-Gastonia, NC-SC / Charleston-North Charleston, SC",0.0,no cell in the extract: territory at zero opportunity
ifa_ncsc_k2,28617,ifa,NC,IFA,IFA_02,IFA,,37009,,,"IFA Charlotte-Concord-Gastonia, NC-SC / Charleston-North Charleston, SC",0.0,no cell in the extract: territory at zero opportunity
ifa_ncsc_k2,28618,ifa,NC,IFA,IFA_02,IFA,,37189,14380,,"IFA Charlotte-Concord-Gastonia, NC-SC / Charleston-North Charleston, SC",0.0,no cell in the extract: territory at zero opportunity
ifa_ncsc_k2,28619,ifa,NC,IFA,IFA_02,IFA,,37023,25860,3717860,"IFA Charlotte-Concord-Gastonia, NC-SC / Charleston-North Charleston, SC",0.0,no cell in the extract: territory at zero opportunity
ifa_ncsc_k2,28621,ifa,NC,IFA,IFA_01,IFA,,37171,34340,3720620,"IFA Charlotte-Concord-Gastonia, NC-SC / Raleigh-Cary, NC",1.46038,
ifa_ncsc_k2,28622,ifa,NC,IFA,IFA_02,IFA,,37011,,3720700,"IFA Charlotte-Concord-Gastonia, NC-SC / Charleston-North Charleston, SC",0.0,no cell in the extract: territory at zero opportunity
ifa_ncsc_k2,28623,ifa,NC,IFA,IFA_02,IFA,,37005,,,"IFA Charlotte-Concord-Gastonia, NC-SC / Charleston-North Charleston, SC",0.0,no cell in the extract: territory at zero opportunity
ifa_ncsc_k2,28624,ifa,NC,IFA,IFA_02,IFA,,37193,35900,,"IFA Charlotte-Concord-Gastonia, NC-SC / Charleston-North Charleston, SC",0.0,no cell in the extract: territory at zero opportunity
ifa_ncsc_k2,28625,ifa,NC,IFA,IFA_01,IFA,,37097,16740,3764740,"IFA Charlotte-Concord-Gastonia, NC-SC / Raleigh-Cary, NC",5.83348,
ifa_ncsc_k2,28626,ifa,NC,IFA,IFA_02,IFA,,37009,,,"IFA Charlotte-Concord-Gastonia, NC-SC / Charleston-North Charleston, SC",0.0,no cell in the extract: territory at zero opportunity
ifa_ncsc_k2,28627,ifa,NC,IFA,IFA_02,IFA,,37005,,,"IFA Charlotte-Concord-Gastonia, NC-SC / Charleston-North Charleston, SC",0.0,no cell in the extract: territory at zero opportunity
ifa_ncsc_k2,28628,ifa,NC,IFA,IFA_02,IFA,,37023,25860,3726200,"IFA Charlotte-Concord-Gastonia, NC-SC / Charleston-North Charleston, SC",0.0,no cell in the extract: territory at zero opportunity
ifa_ncsc_k2,28629,ifa,NC,IFA,IFA_02,IFA,,37009,,,"IFA Charlotte-Concord-Gastonia, NC-SC / Charleston-North Charleston, SC",0.0,no cell in the extract: territory at zero opportunity
ifa_ncsc_k2,28630,ifa,NC,IFA,IFA_02,IFA,,37027,25860,3727420,"IFA Charlotte-Concord-Gastonia, NC-SC / Charleston-North Charleston, SC",0.0,no cell in the extract: territory at zero opportunity
ifa_ncsc_k2,28631,ifa,NC,IFA,IFA_02,IFA,,37009,,,"IFA Charlotte-Concord-Gastonia, NC-SC / Charleston-North Charleston, SC",0.0,no cell in the extract: territory at zero opportunity
ifa_ncsc_k2,28634,ifa,NC,IFA,IFA_01,IFA,,37097,16740,3729640,"IFA Charlotte-Concord-Gastonia, NC-SC / Raleigh-Cary, NC",0.0,no cell in the extract: territory at zero opportunity
ifa_ncsc_k2,28635,ifa,NC,IFA,IFA_02,IFA,,37193,35900,3730340,"IFA Charlotte-Concord-Gastonia, NC-SC / Charleston-North Charleston, SC",0.0,no cell in the extract: territory at zero opportunity
ifa_ncsc_k2,28636,ifa,NC,IFA,IFA_01,IFA,,37003,25860,3731260,"IFA Charlotte-Concord-Gastonia, NC-SC / Raleigh-Cary, NC",0.0,no cell in the extract: territory at zero opportunity
ifa_ncsc_k2,28637,ifa,NC,IFA,IFA_02,IFA,,37023,25860,3731500,"IFA Charlotte-Concord-Gastonia, NC-SC / Charleston-North Charleston, SC",0.0,no cell in the extract: territory at zero opportunity
ifa_ncsc_k2,28638,ifa,NC,IFA,IFA_02,IFA,,37027,25860,3732980,"IFA Charlotte-Concord-Gastonia, NC-SC / Charleston-North Charleston, SC",0.0,no cell in the extract: territory at zero opportunity
ifa_ncsc_k2,28640,ifa,NC,IFA,IFA_02,IFA,,37009,,3734440,"IFA Charlotte-Concord-Gastonia, NC-SC / Charleston-North Charleston, SC",0.0,no cell in the extract: territory at zero opportunity
ifa_ncsc_k2,28641,ifa,NC,IFA,IFA_02,IFA,,37023,25860,,"IFA Charlotte-Concord-Gastonia, NC-SC / Charleston-North Charleston, SC",0.0,no cell in the extract: territory at zero opportunity
ifa_ncsc_k2,28642,ifa,NC,IFA,IFA_01,IFA,,37197,49180,3734840,"IFA Charlotte-Concord-Gastonia, NC-SC / Raleigh-Cary, NC",0.0,no cell in the extract: territory at zero opportunity
ifa_ncsc_k2,28643,ifa,NC,IFA,IFA_02,IFA,,37009,,3736960,"IFA Charlotte-Concord-Gastonia, NC-SC / Charleston-North Charleston, SC",0.0,no cell in the extract: territory at zero opportunity
ifa_ncsc_k2,28644,ifa,NC,IFA,IFA_02,IFA,,37005,,,"IFA Charlotte-Concord-Gastonia, NC-SC / Charleston-North Charleston, SC",0.0,no cell in the extract: territory at zero opportunity
ifa_ncsc_k2,28645,ifa,NC,IFA,IFA_02,IFA,,37027,25860,3737760,"IFA Charlotte-Concord-Gastonia, NC-SC / Charleston-North Charleston, SC",5.36026,
ifa_ncsc_k2,28646,ifa,NC,IFA,IFA_02,IFA,,37011,,3738420,"IFA Charlotte-Concord-Gastonia, NC-SC / Charleston-North Charleston, SC",0.0,no cell in the extract: territory at zero opportunity
ifa_ncsc_k2,28649,ifa,NC,IFA,IFA_02,IFA,,37193,35900,,"IFA Charlotte-Concord-Gastonia, NC-SC / Charleston-North Charleston, SC",0.0,no cell in the extract: territory at zero opportunity
ifa_ncsc_k2,28650,ifa,NC,IFA,IFA_02,IFA,,37035,25860,3740660,"IFA Charlotte-Concord-Gastonia, NC-SC / Charleston-North Charleston, SC",0.29786,
ifa_ncsc_k2,28651,ifa,NC,IFA,IFA_02,IFA,,37193,35900,3743160,"IFA Charlotte-Concord-Gastonia, NC-SC / Charleston-North Charleston, SC",0.0,no cell in the extract: territory at zero opportunity
ifa_ncsc_k2,28652,ifa,NC,IFA,IFA_02,IFA,,37011,,,"IFA Charlotte-Concord-Gastonia, NC-SC / Charleston-North Charleston, SC",0.0,no cell in the extract: territory at zero opportunity
ifa_ncsc_k2,28653,ifa,NC,IFA,IFA_02,IFA,,37011,,,"IFA Charlotte-Concord-Gastonia, NC-SC / Charleston-North Charleston, SC",0.0,no cell in the extract: territory at zero opportunity
ifa_ncsc_k2,28654,ifa,NC,IFA,IFA_02,IFA,,37193,35900,3744280,"IFA Charlotte-Concord-Gastonia, NC-SC / Charleston-North Charleston, SC",0.0,no cell in the extract: territory at zero opportunity
ifa_ncsc_k2,28655,ifa,NC,IFA,IFA_02,IFA,,37023,25860,3744400,"IFA Charlotte-Concord-Gastonia, NC-SC / Charleston-North Charleston, SC",6.64874,
ifa_ncsc_k2,28657,ifa,NC,IFA,IFA_02,IFA,,37011,,3746740,"IFA Charlotte-Concord-Gastonia, NC-SC / Charleston-North Charleston, SC",0.0,no cell in the extract: territory at zero opportunity
ifa_ncsc_k2,28658,ifa,NC,IFA,IFA_02,IFA,,37035,25860,3747000,"IFA Charlotte-Concord-Gastonia, NC-SC / Charleston-North Charleston, SC",0.00971882,
ifa_ncsc_k2,28659,ifa,NC,IFA,IFA_02,IFA,,37193,35900,3747880,"IFA Charlotte-Concord-Gastonia, NC-SC / Charleston-North Charleston, SC",2.63806,
ifa_ncsc_k2,28660,ifa,NC,IFA,IFA_01,IFA,,37097,16740,,"IFA Charlotte-Concord-Gastonia, NC-SC / Raleigh-Cary, NC",0.0,no cell in the extract: territory at zero opportunity
ifa_ncsc_k2,28662,ifa,NC,IFA,IFA_02,IFA,,37011,,,"IFA Charlotte-Concord-Gastonia, NC-SC / Charleston-North Charleston, SC",0.0,no cell in the extract: territory at zero opportunity
ifa_ncsc_k2,28663,ifa,NC,IFA,IFA_02,IFA,,37005,,,"IFA Charlotte-Concord-Gastonia, NC-SC / Charleston-North Charleston, SC",0.0,no cell in the extract: territory at zero opportunity
ifa_ncsc_k2,28664,ifa,NC,IFA,IFA_02,IFA,,37011,,,"IFA Charlotte-Concord-Gastonia, NC-SC / Charleston-North Charleston, SC",0.0,no cell in the extract: territory at zero opportunity
ifa_ncsc_k2,28665,ifa,NC,IFA,IFA_02,IFA,,37193,35900,,"IFA Charlotte-Concord-Gastonia, NC-SC / Charleston-North Charleston, SC",0.0,no cell in the extract: territory at zero opportunity
ifa_ncsc_k2,28666,ifa,NC,IFA,IFA_02,IFA,,37023,25860,3733320,"IFA Charlotte-Concord-Gastonia, NC-SC / Charleston-North Charleston, SC",0.0,no cell in the extract: territory at zero opportunity
ifa_ncsc_k2,28667,ifa,NC,IFA,IFA_02,IFA,,37027,25860,3756240,"IFA Charlotte-Concord-Gastonia, NC-SC / Charleston-North Charleston, SC",0.0,no cell in the extract: territory at zero opportunity
ifa_ncsc_k2,28668,ifa,NC,IFA,IFA_02,IFA,,37005,,,"IFA Charlotte-Concord-Gastonia, NC-SC / Charleston-North Charleston, SC",0.0,no cell in the extract: territory at zero opportunity
ifa_ncsc_k2,28669,ifa,NC,IFA,IFA_02,IFA,,37193,35900,,"IFA Charlotte-Concord-Gastonia, NC-SC / Charleston-North Charleston, SC",0.481927,
ifa_ncsc_k2,28670,ifa,NC,IFA,IFA_02,IFA,,37193,35900,3757700,"IFA Charlotte-Concord-Gastonia, NC-SC / Charleston-North Charleston, SC",0.0,no cell in the extract: territory at zero opportunity
ifa_ncsc_k2,28671,ifa,NC,IFA,IFA_02,IFA,,37023,25860,3758440,"IFA Charlotte-Concord-Gastonia, NC-SC / Charleston-North Charleston, SC",0.0,no cell in the extract: territory at zero opportunity
ifa_ncsc_k2,28672,ifa,NC,IFA,IFA_02,IFA,,37009,,,"IFA Charlotte-Concord-Gastonia, NC-SC / Charleston-North Charleston, SC",0.0,no cell in the extract: territory at zero opportunity
ifa_ncsc_k2,28673,ifa,NC,IFA,IFA_02,IFA,,37035,25860,3736510,"IFA Charlotte-Concord-Gastonia, NC-SC / Charleston-North Charleston, SC",0.208651,
ifa_ncsc_k2,28675,ifa,NC,IFA,IFA_02,IFA,,37005,,3763680,"IFA Charlotte-Concord-Gastonia, NC-SC / Charleston-North Charleston, SC",0.0,no cell in the extract: territory at zero opportunity
ifa_ncsc_k2,28676,ifa,NC,IFA,IFA_01,IFA,,37171,34340,,"IFA Charlotte-Concord-Gastonia, NC-SC / Raleigh-Cary, NC",0.0,no cell in the extract: territory at zero opportunity
ifa_ncsc_k2,28677,ifa,NC,IFA,IFA_01,IFA,,37097,16740,3764740,"IFA Charlotte-Concord-Gastonia, NC-SC / Raleigh-Cary, NC",11.682,
ifa_ncsc_k2,28678,ifa,NC,IFA,IFA_01,IFA,,37097,16740,3765260,"IFA Charlotte-Concord-Gastonia, NC-SC / Raleigh-Cary, NC",0.0898064,
ifa_ncsc_k2,28679,ifa,NC,IFA,IFA_02,IFA,,37189,14380,3769600,"IFA Charlotte-Concord-Gastonia, NC-SC / Charleston-North Charleston, SC",0.0,no cell in the extract: territory at zero opportunity
ifa_ncsc_k2,28681,ifa,NC,IFA,IFA_02,IFA,,37003,25860,3705530,"IFA Charlotte-Concord-Gastonia, NC-SC / Charleston-North Charleston, SC",0.0,no cell in the extract: territory at zero opportunity
ifa_ncsc_k2,28682,ifa,NC,IFA,IFA_02,IFA,,37035,25860,3736510,"IFA Charlotte-Concord-Gastonia, NC-SC / Charleston-North Charleston, SC",0.0,no cell in the extract: territory at zero opportunity
ifa_ncsc_k2,28683,ifa,NC,IFA,IFA_01,IFA,,37171,34340,,"IFA Charlotte-Concord-Gastonia, NC-SC / Raleigh-Cary, NC",0.0,no cell in the extract: territory at zero opportunity
ifa_ncsc_k2,28684,ifa,NC,IFA,IFA_02,IFA,,37009,,,"IFA Charlotte-Concord-Gastonia, NC-SC / Charleston-North Charleston, SC",0.0,no cell in the extract: territory at zero opportunity
ifa_ncsc_k2,28685,ifa,NC,IFA,IFA_02,IFA,,37193,35900,,"IFA Charlotte-Concord-Gastonia, NC-SC / Charleston-North Charleston, SC",0.0,no cell in the extract: territory at zero opportunity
ifa_ncsc_k2,28689,ifa,NC,IFA,IFA_01,IFA,,37097,16740,,"IFA Charlotte-Concord-Gastonia, NC-SC / Raleigh-Cary, NC",0.0,no cell in the extract: territory at zero opportunity
ifa_ncsc_k2,28690,ifa,NC,IFA,IFA_02,IFA,,37023,25860,3769520,"IFA Charlotte-Concord-Gastonia, NC-SC / Charleston-North Charleston, SC",0.610393,
ifa_ncsc_k2,28692,ifa,NC,IFA,IFA_02,IFA,,37189,14380,3715040,"IFA Charlotte-Concord-Gastonia, NC-SC / Charleston-North Charleston, SC",0.0,no cell in the extract: territory at zero opportunity
ifa_ncsc_k2,28693,ifa,NC,IFA,IFA_02,IFA,,37009,,,"IFA Charlotte-Concord-Gastonia, NC-SC / Charleston-North Charleston, SC",0.0,no cell in the extract: territory at zero opportunity
ifa_ncsc_k2,28694,ifa,NC,IFA,IFA_02,IFA,,37009,,3772540,"IFA Charlotte-Concord-Gastonia, NC-SC / Charleston-North Charleston, SC",0.0,no cell in the extract: territory at zero opportunity
ifa_ncsc_k2,28697,ifa,NC,IFA,IFA_02,IFA,,37193,35900,3774020,"IFA Charlotte-Concord-Gastonia, NC-SC / Charleston-North Charleston, SC",0.0,no cell in the extract: territory at zero opportunity
ifa_ncsc_k2,28698,ifa,NC,IFA,IFA_02,IFA,,37189,14380,3715040,"IFA Charlotte-Concord-Gastonia, NC-SC / Charleston-North Charleston, SC",0.0,no cell in the extract: territory at zero opportunity
ifa_ncsc_k2,28701,ifa,NC,IFA,IFA_02,IFA,,37021,11700,3775280,"IFA Charlotte-Concord-Gastonia, NC-SC / Charleston-North Charleston, SC",0.0,no cell in the extract: territory at zero opportunity
ifa_ncsc_k2,28702,ifa,NC,IFA,IFA_02,IFA,,37075,,,"IFA Charlotte-Concord-Gastonia, NC-SC / Charleston-North Charleston, SC",0.0,no cell in the extract: territory at zero opportunity
ifa_ncsc_k2,28704,ifa,NC,IFA,IFA_02,IFA,,37021,11700,3758260,"IFA Charlotte-Concord-Gastonia, NC-SC / Charleston-North Charleston, SC",0.0273506,
ifa_ncsc_k2,28705,ifa,NC,IFA,IFA_02,IFA,,37121,,3703100,"IFA Charlotte-Concord-Gastonia, NC-SC / Charleston-North Charleston, SC",0.0,no cell in the extract: territory at zero opportunity
ifa_ncsc_k2,28707,ifa,NC,IFA,IFA_02,IFA,,37099,,,"IFA Charlotte-Concord-Gastonia, NC-SC / Charleston-North Charleston, SC",0.0,no cell in the extract: territory at zero opportunity
ifa_ncsc_k2,28708,ifa,NC,IFA,IFA_02,IFA,,37175,14820,,"IFA Charlotte-Concord-Gastonia, NC-SC / Charleston-North Charleston, SC",0.0,no cell in the extract: territory at zero opportunity
ifa_ncsc_k2,28709,ifa,NC,IFA,IFA_02,IFA,,37021,11700,3703720,"IFA Charlotte-Concord-Gastonia, NC-SC / Charleston-North Charleston, SC",0.0,no cell in the extract: territory at zero opportunity
ifa_ncsc_k2,28710,ifa,NC,IFA,IFA_02,IFA,,37089,11700,,"IFA Charlotte-Concord-Gastonia, NC-SC / Charleston-North Charleston, SC",0.0,no cell in the extract: territory at zero opportunity
ifa_ncsc_k2,28711,ifa,NC,IFA,IFA_02,IFA,,37021,11700,3706140,"IFA Charlotte-Concord-Gastonia, NC-SC / Charleston-North Charleston, SC",0.0,no cell in the extract: territory at zero opportunity
ifa_ncsc_k2,28712,ifa,NC,IFA,IFA_02,IFA,,37175,14820,3707720,"IFA Charlotte-Concord-Gastonia, NC-SC / Charleston-North Charleston, SC",1.89165,
ifa_ncsc_k2,28713,ifa,NC,IFA,IFA_02,IFA,,37173,,3708480,"IFA Charlotte-Concord-Gastonia, NC-SC / Charleston-North Charleston, SC",0.0,no cell in the extract: territory at zero opportunity
ifa_ncsc_k2,28714,ifa,NC,IFA,IFA_02,IFA,,37199,,3709140,"IFA Charlotte-Concord-Gastonia, NC-SC / Charleston-North Charleston, SC",0.384328,
ifa_ncsc_k2,28715,ifa,NC,IFA,IFA_02,IFA,,37021,11700,3702140,"IFA Charlotte-Concord-Gastonia, NC-SC / Charleston-North Charleston, SC",0.0,no cell in the extract: territory at zero opportunity
ifa_ncsc_k2,28716,ifa,NC,IFA,IFA_02,IFA,,37087,48200,3710240,"IFA Charlotte-Concord-Gastonia, NC-SC / Charleston-North Charleston, SC",0.0,no cell in the extract: territory at zero opportunity
ifa_ncsc_k2,28717,ifa,NC,IFA,IFA_02,IFA,,37099,,3710800,"IFA Charlotte-Concord-Gastonia, NC-SC / Charleston-North Charleston, SC",0.0,no cell in the extract: territory at zero opportunity
ifa_ncsc_k2,28718,ifa,NC,IFA,IFA_02,IFA,,37175,14820,,"IFA Charlotte-Concord-Gastonia, NC-SC / Charleston-North Charleston, SC",0.0,no cell in the extract: territory at zero opportunity
ifa_ncsc_k2,28719,ifa,NC,IFA,IFA_02,IFA,,37173,,3712140,"IFA Charlotte-Concord-Gastonia, NC-SC / Charleston-North Charleston, SC",0.0,no cell in the extract: territory at zero opportunity
ifa_ncsc_k2,28720,ifa,NC,IFA,IFA_02,IFA,,37161,22580,3712460,"IFA Charlotte-Concord-Gastonia, NC-SC / Charleston-North Charleston, SC",0.0,no cell in the extract: territory at zero opportunity
ifa_ncsc_k2,28721,ifa,NC,IFA,IFA_02,IFA,,37087,48200,3713280,"IFA Charlotte-Concord-Gastonia, NC-SC / Charleston-North Charleston, SC",0.0,no cell in the extract: territory at zero opportunity
ifa_ncsc_k2,28722,ifa,NC,IFA,IFA_02,IFA,,37149,,3713980,"IFA Charlotte-Concord-Gastonia, NC-SC / Charleston-North Charleston, SC",0.0,no cell in the extract: territory at zero opportunity
ifa_ncsc_k2,28723,ifa,NC,IFA,IFA_02,IFA,,37099,,3715880,"IFA Charlotte-Concord-Gastonia, NC-SC / Charleston-North Charleston, SC",0.0,no cell in the extract: territory at zero opportunity
ifa_ncsc_k2,28725,ifa,NC,IFA,IFA_02,IFA,,37099,,3717180,"IFA Charlotte-Concord-Gastonia, NC-SC / Charleston-North Charleston, SC",0.0,no cell in the extract: territory at zero opportunity
ifa_ncsc_k2,28726,ifa,NC,IFA,IFA_02,IFA,,37089,11700,3719420,"IFA Charlotte-Concord-Gastonia, NC-SC / Charleston-North Charleston, SC",0.0,no cell in the extract: territory at zero opportunity
ifa_ncsc_k2,28729,ifa,NC,IFA,IFA_02,IFA,,37089,11700,3721880,"IFA Charlotte-Concord-Gastonia, NC-SC / Charleston-North Charleston, SC",0.0,no cell in the extract: territory at zero opportunity
ifa_ncsc_k2,28730,ifa,NC,IFA,IFA_02,IFA,,37021,11700,3722440,"IFA Charlotte-Concord-Gastonia, NC-SC / Charleston-North Charleston, SC",0.0,no cell in the extract: territory at zero opportunity
ifa_ncsc_k2,28731,ifa,NC,IFA,IFA_02,IFA,,37089,11700,3723600,"IFA Charlotte-Concord-Gastonia, NC-SC / Charleston-North Charleston, SC",0.0,no cell in the extract: territory at zero opportunity
ifa_ncsc_k2,28732,ifa,NC,IFA,IFA_02,IFA,,37089,11700,3732580,"IFA Charlotte-Concord-Gastonia, NC-SC / Charleston-North Charleston, SC",0.0,no cell in the extract: territory at zero opportunity
ifa_ncsc_k2,28733,ifa,NC,IFA,IFA_02,IFA,,37075,,3723980,"IFA Charlotte-Concord-Gastonia, NC-SC / Charleston-North Charleston, SC",0.0,no cell in the extract: territory at zero opportunity
ifa_ncsc_k2,28734,ifa,NC,IFA,IFA_02,IFA,,37113,,3724640,"IFA Charlotte-Concord-Gastonia, NC-SC / Charleston-North Charleston, SC",1.03448,
ifa_ncsc_k2,28735,ifa,NC,IFA,IFA_02,IFA,,37089,11700,3725900,"IFA Charlotte-Concord-Gastonia, NC-SC / Charleston-North Charleston, SC",0.0,no cell in the extract: territory at zero opportunity
ifa_ncsc_k2,28736,ifa,NC,IFA,IFA_02,IFA,,37099,,3726520,"IFA Charlotte-Concord-Gastonia, NC-SC / Charleston-North Charleston, SC",0.0,no cell in the extract: territory at zero opportunity
ifa_ncsc_k2,28739,ifa,NC,IFA,IFA_02,IFA,,37089,11700,3721880,"IFA Charlotte-Concord-Gastonia, NC-SC / Charleston-North Charleston, SC",1.93998,
ifa_ncsc_k2,28740,ifa,NC,IFA,IFA_02,IFA,,37199,,,"IFA Charlotte-Concord-Gastonia, NC-SC / Charleston-North Charleston, SC",0.0,no cell in the extract: territory at zero opportunity
ifa_ncsc_k2,28741,ifa,NC,IFA,IFA_02,IFA,,37113,,3731360,"IFA Charlotte-Concord-Gastonia, NC-SC / Charleston-North Charleston, SC",0.745429,
ifa_ncsc_k2,28742,ifa,NC,IFA,IFA_02,IFA,,37089,11700,3732740,"IFA Charlotte-Concord-Gastonia, NC-SC / Charleston-North Charleston, SC",0.0,no cell in the extract: territory at zero opportunity
ifa_ncsc_k2,28743,ifa,NC,IFA,IFA_02,IFA,,37115,11700,3732840,"IFA Charlotte-Concord-Gastonia, NC-SC / Charleston-North Charleston, SC",0.0,no cell in the extract: territory at zero opportunity
ifa_ncsc_k2,28745,ifa,NC,IFA,IFA_02,IFA,,37087,48200,3736480,"IFA Charlotte-Concord-Gastonia, NC-SC / Charleston-North Charleston, SC",0.0,no cell in the extract: territory at zero opportunity
ifa_ncsc_k2,28746,ifa,NC,IFA,IFA_02,IFA,,37161,22580,3736500,"IFA Charlotte-Concord-Gastonia, NC-SC / Charleston-North Charleston, SC",0.0,no cell in the extract: territory at zero opportunity
ifa_ncsc_k2,28747,ifa,NC,IFA,IFA_02,IFA,,37175,14820,,"IFA Charlotte-Concord-Gastonia, NC-SC / Charleston-North Charleston, SC",0.0,no cell in the extract: territory at zero opportunity
ifa_ncsc_k2,28748,ifa,NC,IFA,IFA_02,IFA,,37021,11700,,"IFA Charlotte-Concord-Gastonia, NC-SC / Charleston-North Charleston, SC",0.0,no cell in the extract: territory at zero opportunity
ifa_ncsc_k2,28749,ifa,NC,IFA,IFA_02,IFA,,37111,32000,,"IFA Charlotte-Concord-Gastonia, NC-SC / Charleston-North Charleston, SC",0.0,no cell in the extract: territory at zero opportunity
ifa_ncsc_k2,28751,ifa,NC,IFA,IFA_02,IFA,,37087,48200,3740600,"IFA Charlotte-Concord-Gastonia, NC-SC / Charleston-North Charleston, SC",0.0,no cell in the extract: territory at zero opportunity
ifa_ncsc_k2,28752,ifa,NC,IFA,IFA_02,IFA,,37111,32000,3741420,"IFA Charlotte-Concord-Gastonia, NC-SC / Charleston-North Charleston, SC",2.32432,
ifa_ncsc_k2,28753,ifa,NC,IFA,IFA_02,IFA,,37115,11700,3741580,"IFA Charlotte-Concord-Gastonia, NC-SC / Charleston-North Charleston, SC",0.0,no cell in the extract: territory at zero opportunity
ifa_ncsc_k2,28754,ifa,NC,IFA,IFA_02,IFA,,37115,11700,3741620,"IFA Charlotte-Concord-Gastonia, NC-SC / Charleston-North Charleston, SC",0.0,no cell in the extract: territory at zero opportunity
ifa_ncsc_k2,28755,ifa,NC,IFA,IFA_02,IFA,,37199,,,"IFA Charlotte-Concord-Gastonia, NC-SC / Charleston-North Charleston, SC",0.0,no cell in the extract: territory at zero opportunity
ifa_ncsc_k2,28756,ifa,NC,IFA,IFA_02,IFA,,37149,,3713980,"IFA Charlotte-Concord-Gastonia, NC-SC / Charleston-North Charleston, SC",0.0,no cell in the extract: territory at zero opportunity
ifa_ncsc_k2,28757,ifa,NC,IFA,IFA_02,IFA,,37021,11700,3744100,"IFA Charlotte-Concord-Gastonia, NC-SC / Charleston-North Charleston, SC",0.0,no cell in the extract: territory at zero opportunity
ifa_ncsc_k2,28758,ifa,NC,IFA,IFA_02,IFA,,37089,11700,3744700,"IFA Charlotte-Concord-Gastonia, NC-SC / Charleston-North Charleston, SC",0.0,no cell in the extract: territory at zero opportunity
ifa_ncsc_k2,28759,ifa,NC,IFA,IFA_02,IFA,,37089,11700,3743260,"IFA Charlotte-Concord-Gastonia, NC-SC / Charleston-North Charleston, SC",2.90035,
ifa_ncsc_k2,28761,ifa,NC,IFA,IFA_02,IFA,,37111,32000,3746100,"IFA Charlotte-Concord-Gastonia, NC-SC / Charleston-North Charleston, SC",0.0,no cell in the extract: territory at zero opportunity
ifa_ncsc_k2,28762,ifa,NC,IFA,IFA_02,IFA,,37111,32000,3748920,"IFA Charlotte-Concord-Gastonia, NC-SC / Charleston-North Charleston, SC",0.0,no cell in the extract: territory at zero opportunity
ifa_ncsc_k2,28763,ifa,NC,IFA,IFA_02,IFA,,37113,,,"IFA Charlotte-Concord-Gastonia, NC-SC / Charleston-North Charleston, SC",0.0,no cell in the extract: territory at zero opportunity
ifa_ncsc_k2,28766,ifa,NC,IFA,IFA_02,IFA,,37175,14820,,"IFA Charlotte-Concord-Gastonia, NC-SC / Charleston-North Charleston, SC",0.0,no cell in the extract: territory at zero opportunity
ifa_ncsc_k2,28768,ifa,NC,IFA,IFA_02,IFA,,37175,14820,3707720,"IFA Charlotte-Concord-Gastonia, NC-SC / Charleston-North Charleston, SC",0.0,no cell in the extract: territory at zero opportunity
ifa_ncsc_k2,28770,ifa,NC,IFA,IFA_02,IFA,,37021,11700,,"IFA Charlotte-Concord-Gastonia, NC-SC / Charleston-North Charleston, SC",0.0,no cell in the extract: territory at zero opportunity
ifa_ncsc_k2,28771,ifa,NC,IFA,IFA_02,IFA,,37075,,3757020,"IFA Charlotte-Concord-Gastonia, NC-SC / Charleston-North Charleston, SC",0.0,no cell in the extract: territory at zero opportunity
ifa_ncsc_k2,28772,ifa,NC,IFA,IFA_02,IFA,,37175,14820,3758020,"IFA Charlotte-Concord-Gastonia, NC-SC / Charleston-North Charleston, SC",0.0,no cell in the extract: territory at zero opportunity
ifa_ncsc_k2,28773,ifa,NC,IFA,IFA_02,IFA,,37149,,3758920,"IFA Charlotte-Concord-Gastonia, NC-SC / Charleston-North Charleston, SC",0.0,no cell in the extract: territory at zero opportunity
ifa_ncsc_k2,28774,ifa,NC,IFA,IFA_02,IFA,,37175,14820,,"IFA Charlotte-Concord-Gastonia, NC-SC / Charleston-North Charleston, SC",0.646315,
ifa_ncsc_k2,28775,ifa,NC,IFA,IFA_02,IFA,,37113,,,"IFA Charlotte-Concord-Gastonia, NC-SC / Charleston-North Charleston, SC",0.0,no cell in the extract: territory at zero opportunity
ifa_ncsc_k2,28777,ifa,NC,IFA,IFA_02,IFA,,37121,,3764260,"IFA Charlotte-Concord-Gastonia, NC-SC / Charleston-North Charleston, SC",0.0,no cell in the extract: territory at zero opportunity
ifa_ncsc_k2,28778,ifa,NC,IFA,IFA_02,IFA,,37021,11700,3766280,"IFA Charlotte-Concord-Gastonia, NC-SC / Charleston-North Charleston, SC",0.0,no cell in the extract: territory at zero opportunity
ifa_ncsc_k2,28779,ifa,NC,IFA,IFA_02,IFA,,37099,,3766500,"IFA Charlotte-Concord-Gastonia, NC-SC / Charleston-North Charleston, SC",0.00636361,
ifa_ncsc_k2,28781,ifa,NC,IFA,IFA_02,IFA,,37113,,,"IFA Charlotte-Concord-Gastonia, NC-SC / Charleston-North Charleston, SC",0.0,no cell in the extract: territory at zero opportunity
ifa_ncsc_k2,28782,ifa,NC,IFA,IFA_02,IFA,,37149,,3768580,"IFA Charlotte-Concord-Gastonia, NC-SC / Charleston-North Charleston, SC",0.0,no cell in the extract: territory at zero opportunity
ifa_ncsc_k2,28783,ifa,NC,IFA,IFA_02,IFA,,37099,,,"IFA Charlotte-Concord-Gastonia, NC-SC / Charleston-North Charleston, SC",0.0,no cell in the extract: territory at zero opportunity
ifa_ncsc_k2,28785,ifa,NC,IFA,IFA_02,IFA,,37087,48200,3736480,"IFA Charlotte-Concord-Gastonia, NC-SC / Charleston-North Charleston, SC",0.0,no cell in the extract: territory at zero opportunity
ifa_ncsc_k2,28786,ifa,NC,IFA,IFA_02,IFA,,37087,48200,3771500,"IFA Charlotte-Concord-Gastonia, NC-SC / Charleston-North Charleston, SC",4.27369,
ifa_ncsc_k2,28787,ifa,NC,IFA,IFA_02,IFA,,37021,11700,3771560,"IFA Charlotte-Concord-Gastonia, NC-SC / Charleston-North Charleston, SC",0.0,no cell in the extract: territory at zero opportunity
ifa_ncsc_k2,28788,ifa,NC,IFA,IFA_02,IFA,,37099,,3771600,"IFA Charlotte-Concord-Gastonia, NC-SC / Charleston-North Charleston, SC",0.0,no cell in the extract: territory at zero opportunity
ifa_ncsc_k2,28789,ifa,NC,IFA,IFA_02,IFA,,37099,,3712140,"IFA Charlotte-Concord-Gastonia, NC-SC / Charleston-North Charleston, SC",0.0,no cell in the extract: territory at zero opportunity
ifa_ncsc_k2,28790,ifa,NC,IFA,IFA_02,IFA,,37089,11700,3719420,"IFA Charlotte-Concord-Gastonia, NC-SC / Charleston-North Charleston, SC",0.0,no cell in the extract: territory at zero opportunity
ifa_ncsc_k2,28791,ifa,NC,IFA,IFA_02,IFA,,37089,11700,3744700,"IFA Charlotte-Concord-Gastonia, NC-SC / Charleston-North Charleston, SC",0.821881,
ifa_ncsc_k2,28792,ifa,NC,IFA,IFA_02,IFA,,37089,11700,3720280,"IFA Charlotte-Concord-Gastonia, NC-SC / Charleston-North Charleston, SC",2.64828,
ifa_ncsc_k2,28801,ifa,NC,IFA,IFA_02,IFA,,37021,11700,3702140,"IFA Charlotte-Concord-Gastonia, NC-SC / Charleston-North Charleston, SC",5.4003,
ifa_ncsc_k2,28803,ifa,NC,IFA,IFA_02,IFA,,37021,11700,3702140,"IFA Charlotte-Concord-Gastonia, NC-SC / Charleston-North Charleston, SC",2.9778,
ifa_ncsc_k2,28804,ifa,NC,IFA,IFA_02,IFA,,37021,11700,3775280,"IFA Charlotte-Concord-Gastonia, NC-SC / Charleston-North Charleston, SC",2.41471,
ifa_ncsc_k2,28805,ifa,NC,IFA,IFA_02,IFA,,37021,11700,3702140,"IFA Charlotte-Concord-Gastonia, NC-SC / Charleston-North Charleston, SC",0.198863,
ifa_ncsc_k2,28806,ifa,NC,IFA,IFA_02,IFA,,37021,11700,3702140,"IFA Charlotte-Concord-Gastonia, NC-SC / Charleston-North Charleston, SC",3.4191,
ifa_ncsc_k2,28901,ifa,NC,IFA,IFA_02,IFA,,37039,,3701380,"IFA Charlotte-Concord-Gastonia, NC-SC / Charleston-North Charleston, SC",0.106549,
ifa_ncsc_k2,28902,ifa,NC,IFA,IFA_02,IFA,,37043,,,"IFA Charlotte-Concord-Gastonia, NC-SC / Charleston-North Charleston, SC",0.0,no cell in the extract: territory at zero opportunity
ifa_ncsc_k2,28904,ifa,NC,IFA,IFA_02,IFA,,37043,,3730280,"IFA Charlotte-Concord-Gastonia, NC-SC / Charleston-North Charleston, SC",0.0824449,
ifa_ncsc_k2,28905,ifa,NC,IFA,IFA_02,IFA,,37039,,3741220,"IFA Charlotte-Concord-Gastonia, NC-SC / Charleston-North Charleston, SC",0.0,no cell in the extract: territory at zero opportunity
ifa_ncsc_k2,28906,ifa,NC,IFA,IFA_02,IFA,,37039,,3745660,"IFA Charlotte-Concord-Gastonia, NC-SC / Charleston-North Charleston, SC",0.0,no cell in the extract: territory at zero opportunity
ifa_ncsc_k2,28909,ifa,NC,IFA,IFA_02,IFA,,37043,,,"IFA Charlotte-Concord-Gastonia, NC-SC / Charleston-North Charleston, SC",0.0,no cell in the extract: territory at zero opportunity
ifa_ncsc_k2,29001,ifa,SC,IFA,IFA_02,IFA,,45027,,4500775,"IFA Charlotte-Concord-Gastonia, NC-SC / Charleston-North Charleston, SC",0.0,no cell in the extract: territory at zero opportunity
ifa_ncsc_k2,29003,ifa,SC,IFA,IFA_02,IFA,,45009,,4503790,"IFA Charlotte-Concord-Gastonia, NC-SC / Charleston-North Charleston, SC",0.0,no cell in the extract: territory at zero opportunity
ifa_ncsc_k2,29006,ifa,SC,IFA,IFA_02,IFA,,45081,17900,4504300,"IFA Charlotte-Concord-Gastonia, NC-SC / Charleston-North Charleston, SC",0.803009,
ifa_ncsc_k2,29009,ifa,SC,IFA,IFA_02,IFA,,45055,17900,4506040,"IFA Charlotte-Concord-Gastonia, NC-SC / Charleston-North Charleston, SC",0.0,no cell in the extract: territory at zero opportunity
ifa_ncsc_k2,29010,ifa,SC,IFA,IFA_02,IFA,,45061,,4578640,"IFA Charlotte-Concord-Gastonia, NC-SC / Charleston-North Charleston, SC",0.0,no cell in the extract: territory at zero opportunity
ifa_ncsc_k2,29014,ifa,SC,IFA,IFA_02,IFA,,45039,17900,,"IFA Charlotte-Concord-Gastonia, NC-SC / Charleston-North Charleston, SC",0.0,no cell in the extract: territory at zero opportunity
ifa_ncsc_k2,29015,ifa,SC,IFA,IFA_02,IFA,,45039,17900,,"IFA Charlotte-Concord-Gastonia, NC-SC / Charleston-North Charleston, SC",0.0,no cell in the extract: territory at zero opportunity
ifa_ncsc_k2,29016,ifa,SC,IFA,IFA_02,IFA,,45079,17900,4507255,"IFA Charlotte-Concord-Gastonia, NC-SC / Charleston-North Charleston, SC",0.655337,
ifa_ncsc_k2,29018,ifa,SC,IFA,IFA_02,IFA,,45075,36700,4507840,"IFA Charlotte-Concord-Gastonia, NC-SC / Charleston-North Charleston, SC",0.0,no cell in the extract: territory at zero opportunity
ifa_ncsc_k2,29020,ifa,SC,IFA,IFA_02,IFA,,45055,17900,4510855,"IFA Charlotte-Concord-Gastonia, NC-SC / Charleston-North Charleston, SC",11.8317,
ifa_ncsc_k2,29030,ifa,SC,IFA,IFA_02,IFA,,45017,17900,4510900,"IFA Charlotte-Concord-Gastonia, NC-SC / Charleston-North Charleston, SC",0.0,no cell in the extract: territory at zero opportunity
ifa_ncsc_k2,29031,ifa,SC,IFA,IFA_02,IFA,,45023,16740,4511755,"IFA Charlotte-Concord-Gastonia, NC-SC / Charleston-North Charleston, SC",0.0,no cell in the extract: territory at zero opportunity
ifa_ncsc_k2,29032,ifa,SC,IFA,IFA_02,IFA,,45055,17900,,"IFA Charlotte-Concord-Gastonia, NC-SC / Charleston-North Charleston, SC",0.0,no cell in the extract: territory at zero opportunity
ifa_ncsc_k2,29033,ifa,SC,IFA,IFA_02,IFA,,45063,17900,4512655,"IFA Charlotte-Concord-Gastonia, NC-SC / Charleston-North Charleston, SC",0.61931,
ifa_ncsc_k2,29036,ifa,SC,IFA,IFA_02,IFA,,45063,17900,4539475,"IFA Charlotte-Concord-Gastonia, NC-SC / Charleston-North Charleston, SC",10.8274,
ifa_ncsc_k2,29037,ifa,SC,IFA,IFA_02,IFA,,45071,35140,,"IFA Charlotte-Concord-Gastonia, NC-SC / Charleston-North Charleston, SC",0.0,no cell in the extract: territory at zero opportunity
ifa_ncsc_k2,29038,ifa,SC,IFA,IFA_02,IFA,,45075,36700,4516720,"IFA Charlotte-Concord-Gastonia, NC-SC / Charleston-North Charleston, SC",0.0,no cell in the extract: territory at zero opportunity
ifa_ncsc_k2,29039,ifa,SC,IFA,IFA_02,IFA,,45075,36700,4516855,"IFA Charlotte-Concord-Gastonia, NC-SC / Charleston-North Charleston, SC",0.0,no cell in the extract: territory at zero opportunity
ifa_ncsc_k2,29040,ifa,SC,IFA,IFA_02,IFA,,45085,44940,4518430,"IFA Charlotte-Concord-Gastonia, NC-SC / Charleston-North Charleston, SC",0.0,no cell in the extract: territory at zero opportunity
ifa_ncsc_k2,29042,ifa,SC,IFA,IFA_02,IFA,,45009,,4519105,"IFA Charlotte-Concord-Gastonia, NC-SC / Charleston-North Charleston, SC",0.0,no cell in the extract: territory at zero opportunity
ifa_ncsc_k2,29044,ifa,SC,IFA,IFA_02,IFA,,45079,17900,4516000,"IFA Charlotte-Concord-Gastonia, NC-SC / Charleston-North Charleston, SC",0.0,no cell in the extract: territory at zero opportunity
ifa_ncsc_k2,29045,ifa,SC,IFA,IFA_02,IFA,,45055,17900,4516000,"IFA Charlotte-Concord-Gastonia, NC-SC / Charleston-North Charleston, SC",0.0,no cell in the extract: territory at zero opportunity
ifa_ncsc_k2,29046,ifa,SC,IFA,IFA_02,IFA,,45061,,4523425,"IFA Charlotte-Concord-Gastonia, NC-SC / Charleston-North Charleston, SC",0.0,no cell in the extract: territory at zero opportunity
ifa_ncsc_k2,29047,ifa,SC,IFA,IFA_02,IFA,,45075,36700,4523470,"IFA Charlotte-Concord-Gastonia, NC-SC / Charleston-North Charleston, SC",0.0,no cell in the extract: territory at zero opportunity
ifa_ncsc_k2,29048,ifa,SC,IFA,IFA_02,IFA,,45075,36700,4524100,"IFA Charlotte-Concord-Gastonia, NC-SC / Charleston-North Charleston, SC",0.0,no cell in the extract: territory at zero opportunity
ifa_ncsc_k2,29051,ifa,SC,IFA,IFA_02,IFA,,45027,,,"IFA Charlotte-Concord-Gastonia, NC-SC / Charleston-North Charleston, SC",0.0,no cell in the extract: territory at zero opportunity
ifa_ncsc_k2,29052,ifa,SC,IFA,IFA_02,IFA,,45079,17900,4527970,"IFA Charlotte-Concord-Gastonia, NC-SC / Charleston-North Charleston, SC",0.0,no cell in the extract: territory at zero opportunity
ifa_ncsc_k2,29053,ifa,SC,IFA,IFA_02,IFA,,45063,17900,4528780,"IFA Charlotte-Concord-Gastonia, NC-SC / Charleston-North Charleston, SC",0.0,no cell in the extract: territory at zero opportunity
ifa_ncsc_k2,29054,ifa,SC,IFA,IFA_02,IFA,,45063,17900,4529050,"IFA Charlotte-Concord-Gastonia, NC-SC / Charleston-North Charleston, SC",0.0,no cell in the extract: territory at zero opportunity
ifa_ncsc_k2,29055,ifa,SC,IFA,IFA_02,IFA,,45023,16740,4530490,"IFA Charlotte-Concord-Gastonia, NC-SC / Charleston-North Charleston, SC",0.0,no cell in the extract: territory at zero opportunity
ifa_ncsc_k2,29056,ifa,SC,IFA,IFA_02,IFA,,45089,,4530535,"IFA Charlotte-Concord-Gastonia, NC-SC / Charleston-North Charleston, SC",0.0,no cell in the extract: territory at zero opportunity
ifa_ncsc_k2,29058,ifa,SC,IFA,IFA_02,IFA,,45057,16740,4532965,"IFA Charlotte-Concord-Gastonia, NC-SC / Charleston-North Charleston, SC",0.0,no cell in the extract: territory at zero opportunity
ifa_ncsc_k2,29059,ifa,SC,IFA,IFA_02,IFA,,45075,36700,4534360,"IFA Charlotte-Concord-Gastonia, NC-SC / Charleston-North Charleston, SC",0.284184,
ifa_ncsc_k2,29061,ifa,SC,IFA,IFA_02,IFA,,45079,17900,4534990,"IFA Charlotte-Concord-Gastonia, NC-SC / Charleston-North Charleston, SC",0.0,no cell in the extract: territory at zero opportunity
ifa_ncsc_k2,29062,ifa,SC,IFA,IFA_02,IFA,,45085,44940,,"IFA Charlotte-Concord-Gastonia, NC-SC / Charleston-North Charleston, SC",0.0,no cell in the extract: territory at zero opportunity
ifa_ncsc_k2,29063,ifa,SC,IFA,IFA_02,IFA,,45079,17900,4535890,"IFA Charlotte-Concord-Gastonia, NC-SC / Charleston-North Charleston, SC",11.3933,
ifa_ncsc_k2,29065,ifa,SC,IFA,IFA_02,IFA,,45039,17900,4536655,"IFA Charlotte-Concord-Gastonia, NC-SC / Charleston-North Charleston, SC",0.0,no cell in the extract: territory at zero opportunity
ifa_ncsc_k2,29067,ifa,SC,IFA,IFA_02,IFA,,45057,16740,4538095,"IFA Charlotte-Concord-Gastonia, NC-SC / Charleston-North Charleston, SC",0.0,no cell in the extract: territory at zero opportunity
ifa_ncsc_k2,29069,ifa,SC,IFA,IFA_02,IFA,,45031,22500,4539805,"IFA Charlotte-Concord-Gastonia, NC-SC / Charleston-North Charleston, SC",0.0,no cell in the extract: territory at zero opportunity
ifa_ncsc_k2,29070,ifa,SC,IFA,IFA_02,IFA,,45063,17900,4524865,"IFA Charlotte-Concord-Gastonia, NC-SC / Charleston-North Charleston, SC",1.18424,
ifa_ncsc_k2,29072,ifa,SC,IFA,IFA_02,IFA,,45063,17900,4541335,"IFA Charlotte-Concord-Gastonia, NC-SC / Charleston-North Charleston, SC",37.2327,
ifa_ncsc_k2,29073,ifa,SC,IFA,IFA_02,IFA,,45063,17900,4559110,"IFA Charlotte-Concord-Gastonia, NC-SC / Charleston-North Charleston, SC",1.88363,
ifa_ncsc_k2,29074,ifa,SC,IFA,IFA_02,IFA,,45055,17900,,"IFA Charlotte-Concord-Gastonia, NC-SC / Charleston-North Charleston, SC",0.0,no cell in the extract: territory at zero opportunity
ifa_ncsc_k2,29075,ifa,SC,IFA,IFA_02,IFA,,45071,35140,4541965,"IFA Charlotte-Concord-Gastonia, NC-SC / Charleston-North Charleston, SC",0.0,no cell in the extract: territory at zero opportunity
ifa_ncsc_k2,29078,ifa,SC,IFA,IFA_02,IFA,,45055,17900,4543000,"IFA Charlotte-Concord-Gastonia, NC-SC / Charleston-North Charleston, SC",0.0,no cell in the extract: territory at zero opportunity
ifa_ncsc_k2,29079,ifa,SC,IFA,IFA_02,IFA,,45031,22500,4543135,"IFA Charlotte-Concord-Gastonia, NC-SC / Charleston-North Charleston, SC",0.0,no cell in the extract: territory at zero opportunity
ifa_ncsc_k2,29080,ifa,SC,IFA,IFA_02,IFA,,45061,,4565950,"IFA Charlotte-Concord-Gastonia, NC-SC / Charleston-North Charleston, SC",0.0,no cell in the extract: territory at zero opportunity
ifa_ncsc_k2,29081,ifa,SC,IFA,IFA_02,IFA,,45009,,4523200,"IFA Charlotte-Concord-Gastonia, NC-SC / Charleston-North Charleston, SC",0.0,no cell in the extract: territory at zero opportunity
ifa_ncsc_k2,29082,ifa,SC,IFA,IFA_02,IFA,,45029,,4542280,"IFA Charlotte-Concord-Gastonia, NC-SC / Charleston-North Charleston, SC",0.0,no cell in the extract: territory at zero opportunity
ifa_ncsc_k2,29101,ifa,SC,IFA,IFA_02,IFA,,45025,,4543495,"IFA Charlotte-Concord-Gastonia, NC-SC / Charleston-North Charleston, SC",0.0,no cell in the extract: territory at zero opportunity
ifa_ncsc_k2,29102,ifa,SC,IFA,IFA_02,IFA,,45027,,4579341,"IFA Charlotte-Concord-Gastonia, NC-SC / Charleston-North Charleston, SC",1.18329,
ifa_ncsc_k2,29104,ifa,SC,IFA,IFA_02,IFA,,45061,,4562485,"IFA Charlotte-Concord-Gastonia, NC-SC / Charleston-North Charleston, SC",0.0,no cell in the extract: territory at zero opportunity
ifa_ncsc_k2,29105,ifa,SC,IFA,IFA_02,IFA,,45003,12260,4547320,"IFA Charlotte-Concord-Gastonia, NC-SC / Charleston-North Charleston, SC",0.0,no cell in the extract: territory at zero opportunity
ifa_ncsc_k2,29107,ifa,SC,IFA,IFA_02,IFA,,45075,36700,4549390,"IFA Charlotte-Concord-Gastonia, NC-SC / Charleston-North Charleston, SC",0.0,no cell in the extract: territory at zero opportunity
ifa_ncsc_k2,29108,ifa,SC,IFA,IFA_02,IFA,,45071,35140,4549570,"IFA Charlotte-Concord-Gastonia, NC-SC / Charleston-North Charleston, SC",0.0,no cell in the extract: territory at zero opportunity
ifa_ncsc_k2,29111,ifa,SC,IFA,IFA_02,IFA,,45027,,,"IFA Charlotte-Concord-Gastonia, NC-SC / Charleston-North Charleston, SC",0.0,no cell in the extract: territory at zero opportunity
ifa_ncsc_k2,29112,ifa,SC,IFA,IFA_02,IFA,,45075,36700,4550560,"IFA Charlotte-Concord-Gastonia, NC-SC / Charleston-North Charleston, SC",0.0,no cell in the extract: territory at zero opportunity
ifa_ncsc_k2,29113,ifa,SC,IFA,IFA_02,IFA,,45075,36700,4551550,"IFA Charlotte-Concord-Gastonia, NC-SC / Charleston-North Charleston, SC",0.0,no cell in the extract: territory at zero opportunity
ifa_ncsc_k2,29114,ifa,SC,IFA,IFA_02,IFA,,45041,22500,4552540,"IFA Charlotte-Concord-Gastonia, NC-SC / Charleston-North Charleston, SC",0.0,no cell in the extract: territory at zero opportunity
ifa_ncsc_k2,29115,ifa,SC,IFA,IFA_02,IFA,,45075,36700,4553080,"IFA Charlotte-Concord-Gastonia, NC-SC / Charleston-North Charleston, SC",2.39716,
ifa_ncsc_k2,29117,ifa,SC,IFA,IFA_02,IFA,,45075,36700,4553080,"IFA Charlotte-Concord-Gastonia, NC-SC / Charleston-North Charleston, SC",0.0,no cell in the extract: territory at zero opportunity
ifa_ncsc_k2,29118,ifa,SC,IFA,IFA_02,IFA,,45075,36700,4553080,"IFA Charlotte-Concord-Gastonia, NC-SC / Charleston-North Charleston, SC",0.33079,
ifa_ncsc_k2,29122,ifa,SC,IFA,IFA_02,IFA,,45071,35140,4555150,"IFA Charlotte-Concord-Gastonia, NC-SC / Charleston-North Charleston, SC",0.0,no cell in the extract: territory at zero opportunity
ifa_ncsc_k2,29123,ifa,SC,IFA,IFA_02,IFA,,45063,17900,4555420,"IFA Charlotte-Concord-Gastonia, NC-SC / Charleston-North Charleston, SC",0.0,no cell in the extract: territory at zero opportunity
ifa_ncsc_k2,29125,ifa,SC,IFA,IFA_02,IFA,,45085,44940,4557085,"IFA Charlotte-Concord-Gastonia, NC-SC / Charleston-North Charleston, SC",0.0,no cell in the extract: territory at zero opportunity
ifa_ncsc_k2,29126,ifa,SC,IFA,IFA_02,IFA,,45071,35140,4557850,"IFA Charlotte-Concord-Gastonia, NC-SC / Charleston-North Charleston, SC",0.0,no cell in the extract: territory at zero opportunity
ifa_ncsc_k2,29127,ifa,SC,IFA,IFA_02,IFA,,45071,35140,4558705,"IFA Charlotte-Concord-Gastonia, NC-SC / Charleston-North Charleston, SC",0.0,no cell in the extract: territory at zero opportunity
ifa_ncsc_k2,29128,ifa,SC,IFA,IFA_02,IFA,,45085,44940,4508110,"IFA Charlotte-Concord-Gastonia, NC-SC / Charleston-North Charleston, SC",0.0,no cell in the extract: territory at zero opportunity
ifa_ncsc_k2,29129,ifa,SC,IFA,IFA_02,IFA,,45003,12260,4560325,"IFA Charlotte-Concord-Gastonia, NC-SC / Charleston-North Charleston, SC",0.0,no cell in the extract: territory at zero opportunity
ifa_ncsc_k2,29130,ifa,SC,IFA,IFA_02,IFA,,45039,17900,4578460,"IFA Charlotte-Concord-Gastonia, NC-SC / Charleston-North Charleston, SC",0.559762,
ifa_ncsc_k2,29133,ifa,SC,IFA,IFA_02,IFA,,45075,36700,4562035,"IFA Charlotte-Concord-Gastonia, NC-SC / Charleston-North Charleston, SC",0.0,no cell in the extract: territory at zero opportunity
ifa_ncsc_k2,29135,ifa,SC,IFA,IFA_02,IFA,,45017,17900,4562620,"IFA Charlotte-Concord-Gastonia, NC-SC / Charleston-North Charleston, SC",0.0,no cell in the extract: territory at zero opportunity
ifa_ncsc_k2,29137,ifa,SC,IFA,IFA_02,IFA,,45003,12260,4555960,"IFA Charlotte-Concord-Gastonia, NC-SC / Charleston-North Charleston, SC",0.0,no cell in the extract: territory at zero opportunity
ifa_ncsc_k2,29138,ifa,SC,IFA,IFA_02,IFA,,45081,17900,4563250,"IFA Charlotte-Concord-Gastonia, NC-SC / Charleston-North Charleston, SC",0.0,no cell in the extract: territory at zero opportunity
ifa_ncsc_k2,29142,ifa,SC,IFA,IFA_02,IFA,,45075,36700,4563790,"IFA Charlotte-Concord-Gastonia, NC-SC / Charleston-North Charleston, SC",0.0,no cell in the extract: territory at zero opportunity
ifa_ncsc_k2,29145,ifa,SC,IFA,IFA_02,IFA,,45071,35140,4566400,"IFA Charlotte-Concord-Gastonia, NC-SC / Charleston-North Charleston, SC",0.0,no cell in the extract: territory at zero opportunity
ifa_ncsc_k2,29146,ifa,SC,IFA,IFA_02,IFA,,45075,36700,4568470,"IFA Charlotte-Concord-Gastonia, NC-SC / Charleston-North Charleston, SC",0.0,no cell in the extract: territory at zero opportunity
ifa_ncsc_k2,29148,ifa,SC,IFA,IFA_02,IFA,,45027,,4551367,"IFA Charlotte-Concord-Gastonia, NC-SC / Charleston-North Charleston, SC",0.0,no cell in the extract: territory at zero opportunity
ifa_ncsc_k2,29150,ifa,SC,IFA,IFA_02,IFA,,45085,44940,4570405,"IFA Charlotte-Concord-Gastonia, NC-SC / Charleston-North Charleston, SC",7.1638,
ifa_ncsc_k2,29152,ifa,SC,IFA,IFA_02,IFA,,45085,44940,4570405,"IFA Charlotte-Concord-Gastonia, NC-SC / Charleston-North Charleston, SC",0.0,no cell in the extract: territory at zero opportunity
ifa_ncsc_k2,29153,ifa,SC,IFA,IFA_02,IFA,,45085,44940,4570405,"IFA Charlotte-Concord-Gastonia, NC-SC / Charleston-North Charleston, SC",0.0,no cell in the extract: territory at zero opportunity
ifa_ncsc_k2,29154,ifa,SC,IFA,IFA_02,IFA,,45085,44940,4558570,"IFA Charlotte-Concord-Gastonia, NC-SC / Charleston-North Charleston, SC",0.0,no cell in the extract: territory at zero opportunity
ifa_ncsc_k2,29160,ifa,SC,IFA,IFA_02,IFA,,45063,17900,4570675,"IFA Charlotte-Concord-Gastonia, NC-SC / Charleston-North Charleston, SC",0.0,no cell in the extract: territory at zero opportunity
ifa_ncsc_k2,29161,ifa,SC,IFA,IFA_02,IFA,,45041,22500,4571980,"IFA Charlotte-Concord-Gastonia, NC-SC / Charleston-North Charleston, SC",0.0,no cell in the extract: territory at zero opportunity
ifa_ncsc_k2,29162,ifa,SC,IFA,IFA_02,IFA,,45027,,4572745,"IFA Charlotte-Concord-Gastonia, NC-SC / Charleston-North Charleston, SC",0.0,no cell in the extract: territory at zero opportunity
ifa_ncsc_k2,29163,ifa,SC,IFA,IFA_02,IFA,,45075,36700,4573510,"IFA Charlotte-Concord-Gastonia, NC-SC / Charleston-North Charleston, SC",0.0,no cell in the extract: territory at zero opportunity
ifa_ncsc_k2,29164,ifa,SC,IFA,IFA_02,IFA,,45003,12260,4574050,"IFA Charlotte-Concord-Gastonia, NC-SC / Charleston-North Charleston, SC",0.0,no cell in the extract: territory at zero opportunity
ifa_ncsc_k2,29166,ifa,SC,IFA,IFA_02,IFA,,45081,17900,4574590,"IFA Charlotte-Concord-Gastonia, NC-SC / Charleston-North Charleston, SC",0.0,no cell in the extract: territory at zero opportunity
ifa_ncsc_k2,29168,ifa,SC,IFA,IFA_02,IFA,,45085,44940,4575445,"IFA Charlotte-Concord-Gastonia, NC-SC / Charleston-North Charleston, SC",0.0,no cell in the extract: territory at zero opportunity
ifa_ncsc_k2,29169,ifa,SC,IFA,IFA_02,IFA,,45063,17900,4575850,"IFA Charlotte-Concord-Gastonia, NC-SC / Charleston-North Charleston, SC",2.04565,
ifa_ncsc_k2,29170,ifa,SC,IFA,IFA_02,IFA,,45063,17900,4551720,"IFA Charlotte-Concord-Gastonia, NC-SC / Charleston-North Charleston, SC",0.000226715,
ifa_ncsc_k2,29172,ifa,SC,IFA,IFA_02,IFA,,45063,17900,4556950,"IFA Charlotte-Concord-Gastonia, NC-SC / Charleston-North Charleston, SC",0.0,no cell in the extract: territory at zero opportunity
ifa_ncsc_k2,29175,ifa,SC,IFA,IFA_02,IFA,,45055,17900,,"IFA Charlotte-Concord-Gastonia, NC-SC / Charleston-North Charleston, SC",0.0,no cell in the extract: territory at zero opportunity
ifa_ncsc_k2,29177,ifa,SC,IFA,IFA_02,IFA,,45079,17900,4539475,"IFA Charlotte-Concord-Gastonia, NC-SC / Charleston-North Charleston, SC",0.0,no cell in the extract: territory at zero opportunity
ifa_ncsc_k2,29178,ifa,SC,IFA,IFA_02,IFA,,45071,35140,4577380,"IFA Charlotte-Concord-Gastonia, NC-SC / Charleston-North Charleston, SC",0.0,no cell in the extract: territory at zero opportunity
ifa_ncsc_k2,29180,ifa,SC,IFA,IFA_02,IFA,,45039,17900,4578460,"IFA Charlotte-Concord-Gastonia, NC-SC / Charleston-North Charleston, SC",0.0,no cell in the extract: territory at zero opportunity
ifa_ncsc_k2,29201,ifa,SC,IFA,IFA_02,IFA,,45079,17900,4516000,"IFA Charlotte-Concord-Gastonia, NC-SC / Charleston-North Charleston, SC",21.5967,
ifa_ncsc_k2,29203,ifa,SC,IFA,IFA_02,IFA,,45079,17900,4516000,"IFA Charlotte-Concord-Gastonia, NC-SC / Charleston-North Charleston, SC",0.0,no cell in the extract: territory at zero opportunity
ifa_ncsc_k2,29204,ifa,SC,IFA,IFA_02,IFA,,45079,17900,4516000,"IFA Charlotte-Concord-Gastonia, NC-SC / Charleston-North Charleston, SC",5.09373,
ifa_ncsc_k2,29205,ifa,SC,IFA,IFA_02,IFA,,45079,17900,4516000,"IFA Charlotte-Concord-Gastonia, NC-SC / Charleston-North Charleston, SC",21.3218,
ifa_ncsc_k2,29206,ifa,SC,IFA,IFA_02,IFA,,45079,17900,4526305,"IFA Charlotte-Concord-Gastonia, NC-SC / Charleston-North Charleston, SC",1.3837,
ifa_ncsc_k2,29207,ifa,SC,IFA,IFA_02,IFA,,45079,17900,4516000,"IFA Charlotte-Concord-Gastonia, NC-SC / Charleston-North Charleston, SC",0.0,no cell in the extract: territory at zero opportunity
ifa_ncsc_k2,29208,ifa,SC,IFA,IFA_02,IFA,,45079,17900,4516000,"IFA Charlotte-Concord-Gastonia, NC-SC / Charleston-North Charleston, SC",0.0,no cell in the extract: territory at zero opportunity
ifa_ncsc_k2,29209,ifa,SC,IFA,IFA_02,IFA,,45079,17900,4516000,"IFA Charlotte-Concord-Gastonia, NC-SC / Charleston-North Charleston, SC",6.9477,
ifa_ncsc_k2,29210,ifa,SC,IFA,IFA_02,IFA,,45079,17900,4516000,"IFA Charlotte-Concord-Gastonia, NC-SC / Charleston-North Charleston, SC",13.7381,
ifa_ncsc_k2,29212,ifa,SC,IFA,IFA_02,IFA,,45063,17900,4516000,"IFA Charlotte-Concord-Gastonia, NC-SC / Charleston-North Charleston, SC",15.5357,
ifa_ncsc_k2,29223,ifa,SC,IFA,IFA_02,IFA,,45079,17900,4519285,"IFA Charlotte-Concord-Gastonia, NC-SC / Charleston-North Charleston, SC",2.12872,
ifa_ncsc_k2,29225,ifa,SC,IFA,IFA_02,IFA,,45079,17900,4516000,"IFA Charlotte-Concord-Gastonia, NC-SC / Charleston-North Charleston, SC",0.0,no cell in the extract: territory at zero opportunity
ifa_ncsc_k2,29229,ifa,SC,IFA,IFA_02,IFA,,45079,17900,4516000,"IFA Charlotte-Concord-Gastonia, NC-SC / Charleston-North Charleston, SC",0.14159,
ifa_ncsc_k2,29301,ifa,SC,IFA,IFA_02,IFA,,45083,43900,4568290,"IFA Charlotte-Concord-Gastonia, NC-SC / Charleston-North Charleston, SC",4.04271,
ifa_ncsc_k2,29302,ifa,SC,IFA,IFA_02,IFA,,45083,43900,4568290,"IFA Charlotte-Concord-Gastonia, NC-SC / Charleston-North Charleston, SC",14.6778,
ifa_ncsc_k2,29303,ifa,SC,IFA,IFA_02,IFA,,45083,43900,4567750,"IFA Charlotte-Concord-Gastonia, NC-SC / Charleston-North Charleston, SC",0.0,no cell in the extract: territory at zero opportunity
ifa_ncsc_k2,29306,ifa,SC,IFA,IFA_02,IFA,,45083,43900,4568290,"IFA Charlotte-Concord-Gastonia, NC-SC / Charleston-North Charleston, SC",3.04306,
ifa_ncsc_k2,29307,ifa,SC,IFA,IFA_02,IFA,,45083,43900,4568290,"IFA Charlotte-Concord-Gastonia, NC-SC / Charleston-North Charleston, SC",0.0,no cell in the extract: territory at zero opportunity
ifa_ncsc_k2,29316,ifa,SC,IFA,IFA_02,IFA,,45083,43900,4507345,"IFA Charlotte-Concord-Gastonia, NC-SC / Charleston-North Charleston, SC",0.0,no cell in the extract: territory at zero opportunity
ifa_ncsc_k2,29320,ifa,SC,IFA,IFA_02,IFA,,45083,43900,4502080,"IFA Charlotte-Concord-Gastonia, NC-SC / Charleston-North Charleston, SC",0.0,no cell in the extract: territory at zero opportunity
ifa_ncsc_k2,29321,ifa,SC,IFA,IFA_02,IFA,,45087,43900,4510090,"IFA Charlotte-Concord-Gastonia, NC-SC / Charleston-North Charleston, SC",0.0,no cell in the extract: territory at zero opportunity
ifa_ncsc_k2,29322,ifa,SC,IFA,IFA_02,IFA,,45083,43900,4511125,"IFA Charlotte-Concord-Gastonia, NC-SC / Charleston-North Charleston, SC",0.0799978,
ifa_ncsc_k2,29323,ifa,SC,IFA,IFA_02,IFA,,45083,43900,4514050,"IFA Charlotte-Concord-Gastonia, NC-SC / Charleston-North Charleston, SC",0.0,no cell in the extract: territory at zero opportunity
ifa_ncsc_k2,29324,ifa,SC,IFA,IFA_02,IFA,,45083,43900,4515220,"IFA Charlotte-Concord-Gastonia, NC-SC / Charleston-North Charleston, SC",0.0,no cell in the extract: territory at zero opportunity
ifa_ncsc_k2,29325,ifa,SC,IFA,IFA_02,IFA,,45059,24860,4515295,"IFA Charlotte-Concord-Gastonia, NC-SC / Charleston-North Charleston, SC",0.0,no cell in the extract: territory at zero opportunity
ifa_ncsc_k2,29329,ifa,SC,IFA,IFA_02,IFA,,45083,43900,4516360,"IFA Charlotte-Concord-Gastonia, NC-SC / Charleston-North Charleston, SC",0.0,no cell in the extract: territory at zero opportunity
ifa_ncsc_k2,29330,ifa,SC,IFA,IFA_02,IFA,,45021,23500,4517260,"IFA Charlotte-Concord-Gastonia, NC-SC / Charleston-North Charleston, SC",0.0,no cell in the extract: territory at zero opportunity
ifa_ncsc_k2,29331,ifa,SC,IFA,IFA_02,IFA,,45083,43900,4517845,"IFA Charlotte-Concord-Gastonia, NC-SC / Charleston-North Charleston, SC",0.0,no cell in the extract: territory at zero opportunity
ifa_ncsc_k2,29332,ifa,SC,IFA,IFA_02,IFA,,45059,24860,4517890,"IFA Charlotte-Concord-Gastonia, NC-SC / Charleston-North Charleston, SC",0.0,no cell in the extract: territory at zero opportunity
ifa_ncsc_k2,29333,ifa,SC,IFA,IFA_02,IFA,,45083,43900,4520590,"IFA Charlotte-Concord-Gastonia, NC-SC / Charleston-North Charleston, SC",0.491441,
ifa_ncsc_k2,29334,ifa,SC,IFA,IFA_02,IFA,,45083,43900,4521265,"IFA Charlotte-Concord-Gastonia, NC-SC / Charleston-North Charleston, SC",0.0,no cell in the extract: territory at zero opportunity
ifa_ncsc_k2,29335,ifa,SC,IFA,IFA_02,IFA,,45083,43900,4523605,"IFA Charlotte-Concord-Gastonia, NC-SC / Charleston-North Charleston, SC",0.0,no cell in the extract: territory at zero opportunity
ifa_ncsc_k2,29338,ifa,SC,IFA,IFA_02,IFA,,45083,43900,4525360,"IFA Charlotte-Concord-Gastonia, NC-SC / Charleston-North Charleston, SC",0.0,no cell in the extract: territory at zero opportunity
ifa_ncsc_k2,29340,ifa,SC,IFA,IFA_02,IFA,,45021,23500,4528060,"IFA Charlotte-Concord-Gastonia, NC-SC / Charleston-North Charleston, SC",0.0493179,
ifa_ncsc_k2,29341,ifa,SC,IFA,IFA_02,IFA,,45021,23500,4528060,"IFA Charlotte-Concord-Gastonia, NC-SC / Charleston-North Charleston, SC",0.0,no cell in the extract: territory at zero opportunity
ifa_ncsc_k2,29346,ifa,SC,IFA,IFA_02,IFA,,45083,43900,4529275,"IFA Charlotte-Concord-Gastonia, NC-SC / Charleston-North Charleston, SC",0.0,no cell in the extract: territory at zero opportunity
ifa_ncsc_k2,29349,ifa,SC,IFA,IFA_02,IFA,,45083,43900,4535755,"IFA Charlotte-Concord-Gastonia, NC-SC / Charleston-North Charleston, SC",0.581741,
ifa_ncsc_k2,29351,ifa,SC,IFA,IFA_02,IFA,,45059,24860,4536790,"IFA Charlotte-Concord-Gastonia, NC-SC / Charleston-North Charleston, SC",0.0,no cell in the extract: territory at zero opportunity
ifa_ncsc_k2,29353,ifa,SC,IFA,IFA_02,IFA,,45087,43900,4537330,"IFA Charlotte-Concord-Gastonia, NC-SC / Charleston-North Charleston, SC",0.0,no cell in the extract: territory at zero opportunity
ifa_ncsc_k2,29355,ifa,SC,IFA,IFA_02,IFA,,45071,35140,4536790,"IFA Charlotte-Concord-Gastonia, NC-SC / Charleston-North Charleston, SC",0.0,no cell in the extract: territory at zero opportunity
ifa_ncsc_k2,29356,ifa,SC,IFA,IFA_02,IFA,,45045,24860,4540075,"IFA Charlotte-Concord-Gastonia, NC-SC / Charleston-North Charleston, SC",0.0,no cell in the extract: territory at zero opportunity
ifa_ncsc_k2,29360,ifa,SC,IFA,IFA_02,IFA,,45059,24860,4540615,"IFA Charlotte-Concord-Gastonia, NC-SC / Charleston-North Charleston, SC",0.0,no cell in the extract: territory at zero opportunity
ifa_ncsc_k2,29364,ifa,SC,IFA,IFA_02,IFA,,45087,43900,4542190,"IFA Charlotte-Concord-Gastonia, NC-SC / Charleston-North Charleston, SC",0.0,no cell in the extract: territory at zero opportunity
ifa_ncsc_k2,29365,ifa,SC,IFA,IFA_02,IFA,,45083,43900,4543315,"IFA Charlotte-Concord-Gastonia, NC-SC / Charleston-North Charleston, SC",0.0,no cell in the extract: territory at zero opportunity
ifa_ncsc_k2,29368,ifa,SC,IFA,IFA_02,IFA,,45083,43900,4545430,"IFA Charlotte-Concord-Gastonia, NC-SC / Charleston-North Charleston, SC",0.0,no cell in the extract: territory at zero opportunity
ifa_ncsc_k2,29369,ifa,SC,IFA,IFA_02,IFA,,45083,43900,4561720,"IFA Charlotte-Concord-Gastonia, NC-SC / Charleston-North Charleston, SC",0.00870541,
ifa_ncsc_k2,29370,ifa,SC,IFA,IFA_02,IFA,,45059,24860,4548670,"IFA Charlotte-Concord-Gastonia, NC-SC / Charleston-North Charleston, SC",0.0,no cell in the extract: territory at zero opportunity
ifa_ncsc_k2,29372,ifa,SC,IFA,IFA_02,IFA,,45021,23500,4553845,"IFA Charlotte-Concord-Gastonia, NC-SC / Charleston-North Charleston, SC",0.0,no cell in the extract: territory at zero opportunity
ifa_ncsc_k2,29373,ifa,SC,IFA,IFA_02,IFA,,45083,43900,4553845,"IFA Charlotte-Concord-Gastonia, NC-SC / Charleston-North Charleston, SC",0.0,no cell in the extract: territory at zero opportunity
ifa_ncsc_k2,29374,ifa,SC,IFA,IFA_02,IFA,,45083,43900,4529320,"IFA Charlotte-Concord-Gastonia, NC-SC / Charleston-North Charleston, SC",0.0,no cell in the extract: territory at zero opportunity
ifa_ncsc_k2,29375,ifa,SC,IFA,IFA_02,IFA,,45083,43900,4559425,"IFA Charlotte-Concord-Gastonia, NC-SC / Charleston-North Charleston, SC",0.0,no cell in the extract: territory at zero opportunity
ifa_ncsc_k2,29376,ifa,SC,IFA,IFA_02,IFA,,45083,43900,4561720,"IFA Charlotte-Concord-Gastonia, NC-SC / Charleston-North Charleston, SC",0.0,no cell in the extract: territory at zero opportunity
ifa_ncsc_k2,29377,ifa,SC,IFA,IFA_02,IFA,,45083,43900,4568920,"IFA Charlotte-Concord-Gastonia, NC-SC / Charleston-North Charleston, SC",0.0,no cell in the extract: territory at zero opportunity
ifa_ncsc_k2,29378,ifa,SC,IFA,IFA_02,IFA,,45083,43900,4564240,"IFA Charlotte-Concord-Gastonia, NC-SC / Charleston-North Charleston, SC",0.0,no cell in the extract: territory at zero opportunity
ifa_ncsc_k2,29379,ifa,SC,IFA,IFA_02,IFA,,45087,43900,4573105,"IFA Charlotte-Concord-Gastonia, NC-SC / Charleston-North Charleston, SC",0.0,no cell in the extract: territory at zero opportunity
ifa_ncsc_k2,29384,ifa,SC,IFA,IFA_02,IFA,,45059,24860,4574995,"IFA Charlotte-Concord-Gastonia, NC-SC / Charleston-North Charleston, SC",0.0,no cell in the extract: territory at zero opportunity
ifa_ncsc_k2,29385,ifa,SC,IFA,IFA_02,IFA,,45083,43900,4575580,"IFA Charlotte-Concord-Gastonia, NC-SC / Charleston-North Charleston, SC",0.0,no cell in the extract: territory at zero opportunity
ifa_ncsc_k2,29388,ifa,SC,IFA,IFA_02,IFA,,45083,43900,4579090,"IFA Charlotte-Concord-Gastonia, NC-SC / Charleston-North Charleston, SC",0.0,no cell in the extract: territory at zero opportunity
ifa_ncsc_k2,29401,ifa,SC,IFA,IFA_02,IFA,,45019,16700,4513330,"IFA Charlotte-Concord-Gastonia, NC-SC / Charleston-North Charleston, SC",15.6616,
ifa_ncsc_k2,29403,ifa,SC,IFA,IFA_02,IFA,,45019,16700,4513330,"IFA Charlotte-Concord-Gastonia, NC-SC / Charleston-North Charleston, SC",5.4917,
ifa_ncsc_k2,29404,ifa,SC,IFA,IFA_02,IFA,,45019,16700,4550875,"IFA Charlotte-Concord-Gastonia, NC-SC / Charleston-North Charleston, SC",0.0,no cell in the extract: territory at zero opportunity
ifa_ncsc_k2,29405,ifa,SC,IFA,IFA_02,IFA,,45019,16700,4550875,"IFA Charlotte-Concord-Gastonia, NC-SC / Charleston-North Charleston, SC",3.53399,
ifa_ncsc_k2,29406,ifa,SC,IFA,IFA_02,IFA,,45019,16700,4550875,"IFA Charlotte-Concord-Gastonia, NC-SC / Charleston-North Charleston, SC",0.318196,
ifa_ncsc_k2,29407,ifa,SC,IFA,IFA_02,IFA,,45019,16700,4513330,"IFA Charlotte-Concord-Gastonia, NC-SC / Charleston-North Charleston, SC",9.88705,
ifa_ncsc_k2,29409,ifa,SC,IFA,IFA_02,IFA,,45019,16700,4513330,"IFA Charlotte-Concord-Gastonia, NC-SC / Charleston-North Charleston, SC",0.0,no cell in the extract: territory at zero opportunity
ifa_ncsc_k2,29410,ifa,SC,IFA,IFA_02,IFA,,45015,16700,4532065,"IFA Charlotte-Concord-Gastonia, NC-SC / Charleston-North Charleston, SC",0.0,no cell in the extract: territory at zero opportunity
ifa_ncsc_k2,29412,ifa,SC,IFA,IFA_02,IFA,,45019,16700,4513330,"IFA Charlotte-Concord-Gastonia, NC-SC / Charleston-North Charleston, SC",0.154603,
ifa_ncsc_k2,29414,ifa,SC,IFA,IFA_02,IFA,,45019,16700,4513330,"IFA Charlotte-Concord-Gastonia, NC-SC / Charleston-North Charleston, SC",0.0,no cell in the extract: territory at zero opportunity
ifa_ncsc_k2,29418,ifa,SC,IFA,IFA_02,IFA,,45019,16700,4550875,"IFA Charlotte-Concord-Gastonia, NC-SC / Charleston-North Charleston, SC",2.47245,
ifa_ncsc_k2,29420,ifa,SC,IFA,IFA_02,IFA,,45035,16700,4550875,"IFA Charlotte-Concord-Gastonia, NC-SC / Charleston-North Charleston, SC",0.0,no cell in the extract: territory at zero opportunity
ifa_ncsc_k2,29424,ifa,SC,IFA,IFA_02,IFA,,45019,16700,4513330,"IFA Charlotte-Concord-Gastonia, NC-SC / Charleston-North Charleston, SC",0.0,no cell in the extract: territory at zero opportunity
ifa_ncsc_k2,29425,ifa,SC,IFA,IFA_02,IFA,,45019,16700,4513330,"IFA Charlotte-Concord-Gastonia, NC-SC / Charleston-North Charleston, SC",0.0,no cell in the extract: territory at zero opportunity
ifa_ncsc_k2,29426,ifa,SC,IFA,IFA_02,IFA,,45019,16700,4500370,"IFA Charlotte-Concord-Gastonia, NC-SC / Charleston-North Charleston, SC",0.0,no cell in the extract: territory at zero opportunity
ifa_ncsc_k2,29429,ifa,SC,IFA,IFA_02,IFA,,45019,16700,4503385,"IFA Charlotte-Concord-Gastonia, NC-SC / Charleston-North Charleston, SC",1.58002,
ifa_ncsc_k2,29431,ifa,SC,IFA,IFA_02,IFA,,45015,16700,4507525,"IFA Charlotte-Concord-Gastonia, NC-SC / Charleston-North Charleston, SC",0.0,no cell in the extract: territory at zero opportunity
ifa_ncsc_k2,29432,ifa,SC,IFA,IFA_02,IFA,,45075,36700,4508245,"IFA Charlotte-Concord-Gastonia, NC-SC / Charleston-North Charleston, SC",0.0,no cell in the extract: territory at zero opportunity
ifa_ncsc_k2,29434,ifa,SC,IFA,IFA_02,IFA,,45015,16700,,"IFA Charlotte-Concord-Gastonia, NC-SC / Charleston-North Charleston, SC",0.0,no cell in the extract: territory at zero opportunity
ifa_ncsc_k2,29435,ifa,SC,IFA,IFA_02,IFA,,45029,,4516990,"IFA Charlotte-Concord-Gastonia, NC-SC / Charleston-North Charleston, SC",0.0,no cell in the extract: territory at zero opportunity
ifa_ncsc_k2,29436,ifa,SC,IFA,IFA_02,IFA,,45015,16700,,"IFA Charlotte-Concord-Gastonia, NC-SC / Charleston-North Charleston, SC",0.0,no cell in the extract: territory at zero opportunity
ifa_ncsc_k2,29437,ifa,SC,IFA,IFA_02,IFA,,45035,16700,4532335,"IFA Charlotte-Concord-Gastonia, NC-SC / Charleston-North Charleston, SC",0.0,no cell in the extract: territory at zero opportunity
ifa_ncsc_k2,29438,ifa,SC,IFA,IFA_02,IFA,,45019,16700,4523020,"IFA Charlotte-Concord-Gastonia, NC-SC / Charleston-North Charleston, SC",0.0,no cell in the extract: territory at zero opportunity
ifa_ncsc_k2,29439,ifa,SC,IFA,IFA_02,IFA,,45019,16700,4526035,"IFA Charlotte-Concord-Gastonia, NC-SC / Charleston-North Charleston, SC",0.875358,
ifa_ncsc_k2,29440,ifa,SC,IFA,IFA_02,IFA,,45043,34680,4528870,"IFA Charlotte-Concord-Gastonia, NC-SC / Charleston-North Charleston, SC",0.0,no cell in the extract: territory at zero opportunity
ifa_ncsc_k2,29445,ifa,SC,IFA,IFA_02,IFA,,45015,16700,4529815,"IFA Charlotte-Concord-Gastonia, NC-SC / Charleston-North Charleston, SC",1.02871,
ifa_ncsc_k2,29446,ifa,SC,IFA,IFA_02,IFA,,45029,,,"IFA Charlotte-Concord-Gastonia, NC-SC / Charleston-North Charleston, SC",0.0,no cell in the extract: territory at zero opportunity
ifa_ncsc_k2,29448,ifa,SC,IFA,IFA_02,IFA,,45035,16700,4532335,"IFA Charlotte-Concord-Gastonia, NC-SC / Charleston-North Charleston, SC",0.0,no cell in the extract: territory at zero opportunity
ifa_ncsc_k2,29449,ifa,SC,IFA,IFA_02,IFA,,45019,16700,4534495,"IFA Charlotte-Concord-Gastonia, NC-SC / Charleston-North Charleston, SC",0.0,no cell in the extract: territory at zero opportunity
ifa_ncsc_k2,29450,ifa,SC,IFA,IFA_02,IFA,,45015,16700,,"IFA Charlotte-Concord-Gastonia, NC-SC / Charleston-North Charleston, SC",0.0,no cell in the extract: territory at zero opportunity
ifa_ncsc_k2,29451,ifa,SC,IFA,IFA_02,IFA,,45019,16700,4536115,"IFA Charlotte-Concord-Gastonia, NC-SC / Charleston-North Charleston, SC",0.0,no cell in the extract: territory at zero opportunity
ifa_ncsc_k2,29452,ifa,SC,IFA,IFA_02,IFA,,45029,,4536250,"IFA Charlotte-Concord-Gastonia, NC-SC / Charleston-North Charleston, SC",0.0,no cell in the extract: territory at zero opportunity
ifa_ncsc_k2,29453,ifa,SC,IFA,IFA_02,IFA,,45015,16700,4536475,"IFA Charlotte-Concord-Gastonia, NC-SC / Charleston-North Charleston, SC",0.0,no cell in the extract: territory at zero opportunity
ifa_ncsc_k2,29455,ifa,SC,IFA,IFA_02,IFA,,45019,16700,4513330,"IFA Charlotte-Concord-Gastonia, NC-SC / Charleston-North Charleston, SC",1.81802,
ifa_ncsc_k2,29456,ifa,SC,IFA,IFA_02,IFA,,45019,16700,4550875,"IFA Charlotte-Concord-Gastonia, NC-SC / Charleston-North Charleston, SC",0.0,no cell in the extract: territory at zero opportunity
ifa_ncsc_k2,29458,ifa,SC,IFA,IFA_02,IFA,,45019,16700,4543585,"IFA Charlotte-Concord-Gastonia, NC-SC / Charleston-North Charleston, SC",0.0,no cell in the extract: territory at zero opportunity
ifa_ncsc_k2,29461,ifa,SC,IFA,IFA_02,IFA,,45015,16700,4547275,"IFA Charlotte-Concord-Gastonia, NC-SC / Charleston-North Charleston, SC",1.06607,
ifa_ncsc_k2,29464,ifa,SC,IFA,IFA_02,IFA,,45019,16700,4548535,"IFA Charlotte-Concord-Gastonia, NC-SC / Charleston-North Charleston, SC",57.4032,
ifa_ncsc_k2,29466,ifa,SC,IFA,IFA_02,IFA,,45019,16700,4548535,"IFA Charlotte-Concord-Gastonia, NC-SC / Charleston-North Charleston, SC",6.46869,
ifa_ncsc_k2,29468,ifa,SC,IFA,IFA_02,IFA,,45015,16700,,"IFA Charlotte-Concord-Gastonia, NC-SC / Charleston-North Charleston, SC",0.0,no cell in the extract: territory at zero opportunity
ifa_ncsc_k2,29469,ifa,SC,IFA,IFA_02,IFA,,45015,16700,4557175,"IFA Charlotte-Concord-Gastonia, NC-SC / Charleston-North Charleston, SC",0.0,no cell in the extract: territory at zero opportunity
ifa_ncsc_k2,29470,ifa,SC,IFA,IFA_02,IFA,,45019,16700,4559020,"IFA Charlotte-Concord-Gastonia, NC-SC / Charleston-North Charleston, SC",0.0,no cell in the extract: territory at zero opportunity
ifa_ncsc_k2,29471,ifa,SC,IFA,IFA_02,IFA,,45035,16700,4559380,"IFA Charlotte-Concord-Gastonia, NC-SC / Charleston-North Charleston, SC",0.0,no cell in the extract: territory at zero opportunity
ifa_ncsc_k2,29472,ifa,SC,IFA,IFA_02,IFA,,45035,16700,4560370,"IFA Charlotte-Concord-Gastonia, NC-SC / Charleston-North Charleston, SC",0.0,no cell in the extract: territory at zero opportunity
ifa_ncsc_k2,29474,ifa,SC,IFA,IFA_02,IFA,,45029,,4536250,"IFA Charlotte-Concord-Gastonia, NC-SC / Charleston-North Charleston, SC",0.0,no cell in the extract: territory at zero opportunity
ifa_ncsc_k2,29475,ifa,SC,IFA,IFA_02,IFA,,45029,,4577785,"IFA Charlotte-Concord-Gastonia, NC-SC / Charleston-North Charleston, SC",0.0,no cell in the extract: territory at zero opportunity
ifa_ncsc_k2,29477,ifa,SC,IFA,IFA_02,IFA,,45035,16700,4562530,"IFA Charlotte-Concord-Gastonia, NC-SC / Charleston-North Charleston, SC",0.0,no cell in the extract: territory at zero opportunity
ifa_ncsc_k2,29479,ifa,SC,IFA,IFA_02,IFA,,45015,16700,4562305,"IFA Charlotte-Concord-Gastonia, NC-SC / Charleston-North Charleston, SC",0.0,no cell in the extract: territory at zero opportunity
ifa_ncsc_k2,29481,ifa,SC,IFA,IFA_02,IFA,,45029,,4567165,"IFA Charlotte-Concord-Gastonia, NC-SC / Charleston-North Charleston, SC",0.0,no cell in the extract: territory at zero opportunity
ifa_ncsc_k2,29482,ifa,SC,IFA,IFA_02,IFA,,45019,16700,4570090,"IFA Charlotte-Concord-Gastonia, NC-SC / Charleston-North Charleston, SC",0.0,no cell in the extract: territory at zero opportunity
ifa_ncsc_k2,29483,ifa,SC,IFA,IFA_02,IFA,,45035,16700,4570270,"IFA Charlotte-Concord-Gastonia, NC-SC / Charleston-North Charleston, SC",5.02794,
ifa_ncsc_k2,29485,ifa,SC,IFA,IFA_02,IFA,,45035,16700,4550875,"IFA Charlotte-Concord-Gastonia, NC-SC / Charleston-North Charleston, SC",6.40713,
ifa_ncsc_k2,29486,ifa,SC,IFA,IFA_02,IFA,,45015,16700,4529815,"IFA Charlotte-Concord-Gastonia, NC-SC / Charleston-North Charleston, SC",3.30588,
ifa_ncsc_k2,29487,ifa,SC,IFA,IFA_02,IFA,,45019,16700,4561495,"IFA Charlotte-Concord-Gastonia, NC-SC / Charleston-North Charleston, SC",0.0,no cell in the extract: territory at zero opportunity
ifa_ncsc_k2,29488,ifa,SC,IFA,IFA_02,IFA,,45029,,4574275,"IFA Charlotte-Concord-Gastonia, NC-SC / Charleston-North Charleston, SC",0.0,no cell in the extract: territory at zero opportunity
ifa_ncsc_k2,29492,ifa,SC,IFA,IFA_02,IFA,,45015,16700,4513330,"IFA Charlotte-Concord-Gastonia, NC-SC / Charleston-North Charleston, SC",46.2581,
ifa_ncsc_k2,29493,ifa,SC,IFA,IFA_02,IFA,,45029,,4577785,"IFA Charlotte-Concord-Gastonia, NC-SC / Charleston-North Charleston, SC",0.0,no cell in the extract: territory at zero opportunity
ifa_ncsc_k2,29501,ifa,SC,IFA,IFA_02,IFA,,45041,22500,4525810,"IFA Charlotte-Concord-Gastonia, NC-SC / Charleston-North Charleston, SC",8.229,
ifa_ncsc_k2,29505,ifa,SC,IFA,IFA_02,IFA,,45041,22500,4525810,"IFA Charlotte-Concord-Gastonia, NC-SC / Charleston-North Charleston, SC",0.0,no cell in the extract: territory at zero opportunity
ifa_ncsc_k2,29506,ifa,SC,IFA,IFA_02,IFA,,45041,22500,4525810,"IFA Charlotte-Concord-Gastonia, NC-SC / Charleston-North Charleston, SC",1.70967,
ifa_ncsc_k2,29510,ifa,SC,IFA,IFA_02,IFA,,45089,,4501450,"IFA Charlotte-Concord-Gastonia, NC-SC / Charleston-North Charleston, SC",0.0,no cell in the extract: territory at zero opportunity
ifa_ncsc_k2,29511,ifa,SC,IFA,IFA_02,IFA,,45051,34820,4503430,"IFA Charlotte-Concord-Gastonia, NC-SC / Charleston-North Charleston, SC",0.0,no cell in the extract: territory at zero opportunity
ifa_ncsc_k2,29512,ifa,SC,IFA,IFA_02,IFA,,45069,,4505680,"IFA Charlotte-Concord-Gastonia, NC-SC / Charleston-North Charleston, SC",0.0,no cell in the extract: territory at zero opportunity
ifa_ncsc_k2,29516,ifa,SC,IFA,IFA_02,IFA,,45069,,4506850,"IFA Charlotte-Concord-Gastonia, NC-SC / Charleston-North Charleston, SC",0.0,no cell in the extract: territory at zero opportunity
ifa_ncsc_k2,29518,ifa,SC,IFA,IFA_02,IFA,,45089,,,"IFA Charlotte-Concord-Gastonia, NC-SC / Charleston-North Charleston, SC",0.0,no cell in the extract: territory at zero opportunity
ifa_ncsc_k2,29519,ifa,SC,IFA,IFA_02,IFA,,45067,,4512925,"IFA Charlotte-Concord-Gastonia, NC-SC / Charleston-North Charleston, SC",0.0,no cell in the extract: territory at zero opportunity
ifa_ncsc_k2,29520,ifa,SC,IFA,IFA_02,IFA,,45025,,4513600,"IFA Charlotte-Concord-Gastonia, NC-SC / Charleston-North Charleston, SC",0.0,no cell in the extract: territory at zero opportunity
ifa_ncsc_k2,29525,ifa,SC,IFA,IFA_02,IFA,,45069,,4515310,"IFA Charlotte-Concord-Gastonia, NC-SC / Charleston-North Charleston, SC",0.0,no cell in the extract: territory at zero opportunity
ifa_ncsc_k2,29526,ifa,SC,IFA,IFA_02,IFA,,45051,34820,4516405,"IFA Charlotte-Concord-Gastonia, NC-SC / Charleston-North Charleston, SC",0.00397725,
ifa_ncsc_k2,29527,ifa,SC,IFA,IFA_02,IFA,,45051,34820,4516405,"IFA Charlotte-Concord-Gastonia, NC-SC / Charleston-North Charleston, SC",0.0,no cell in the extract: territory at zero opportunity
ifa_ncsc_k2,29530,ifa,SC,IFA,IFA_02,IFA,,45041,22500,4517215,"IFA Charlotte-Concord-Gastonia, NC-SC / Charleston-North Charleston, SC",0.0,no cell in the extract: territory at zero opportunity
ifa_ncsc_k2,29532,ifa,SC,IFA,IFA_02,IFA,,45031,22500,4518565,"IFA Charlotte-Concord-Gastonia, NC-SC / Charleston-North Charleston, SC",0.0,no cell in the extract: territory at zero opportunity
ifa_ncsc_k2,29536,ifa,SC,IFA,IFA_02,IFA,,45033,,4519420,"IFA Charlotte-Concord-Gastonia, NC-SC / Charleston-North Charleston, SC",0.0,no cell in the extract: territory at zero opportunity
ifa_ncsc_k2,29540,ifa,SC,IFA,IFA_02,IFA,,45031,22500,4520365,"IFA Charlotte-Concord-Gastonia, NC-SC / Charleston-North Charleston, SC",0.0,no cell in the extract: territory at zero opportunity
ifa_ncsc_k2,29541,ifa,SC,IFA,IFA_02,IFA,,45041,22500,4518475,"IFA Charlotte-Concord-Gastonia, NC-SC / Charleston-North Charleston, SC",0.0,no cell in the extract: territory at zero opportunity
ifa_ncsc_k2,29543,ifa,SC,IFA,IFA_02,IFA,,45033,,,"IFA Charlotte-Concord-Gastonia, NC-SC / Charleston-North Charleston, SC",0.0,no cell in the extract: territory at zero opportunity
ifa_ncsc_k2,29544,ifa,SC,IFA,IFA_02,IFA,,45051,34820,4503430,"IFA Charlotte-Concord-Gastonia, NC-SC / Charleston-North Charleston, SC",0.0,no cell in the extract: territory at zero opportunity
ifa_ncsc_k2,29545,ifa,SC,IFA,IFA_02,IFA,,45051,34820,4530760,"IFA Charlotte-Concord-Gastonia, NC-SC / Charleston-North Charleston, SC",0.0,no cell in the extract: territory at zero opportunity
ifa_ncsc_k2,29546,ifa,SC,IFA,IFA_02,IFA,,45067,,4518706,"IFA Charlotte-Concord-Gastonia, NC-SC / Charleston-North Charleston, SC",0.0,no cell in the extract: territory at zero opportunity
ifa_ncsc_k2,29547,ifa,SC,IFA,IFA_02,IFA,,45033,,4531660,"IFA Charlotte-Concord-Gastonia, NC-SC / Charleston-North Charleston, SC",0.0,no cell in the extract: territory at zero opportunity
ifa_ncsc_k2,29550,ifa,SC,IFA,IFA_02,IFA,,45031,22500,4532560,"IFA Charlotte-Concord-Gastonia, NC-SC / Charleston-North Charleston, SC",3.22324,
ifa_ncsc_k2,29554,ifa,SC,IFA,IFA_02,IFA,,45043,34680,4570045,"IFA Charlotte-Concord-Gastonia, NC-SC / Charleston-North Charleston, SC",0.0,no cell in the extract: territory at zero opportunity
ifa_ncsc_k2,29555,ifa,SC,IFA,IFA_02,IFA,,45041,22500,4537105,"IFA Charlotte-Concord-Gastonia, NC-SC / Charleston-North Charleston, SC",0.0,no cell in the extract: territory at zero opportunity
ifa_ncsc_k2,29556,ifa,SC,IFA,IFA_02,IFA,,45089,,4538590,"IFA Charlotte-Concord-Gastonia, NC-SC / Charleston-North Charleston, SC",0.0,no cell in the extract: territory at zero opportunity
ifa_ncsc_k2,29560,ifa,SC,IFA,IFA_02,IFA,,45041,22500,4539310,"IFA Charlotte-Concord-Gastonia, NC-SC / Charleston-North Charleston, SC",0.0,no cell in the extract: territory at zero opportunity
ifa_ncsc_k2,29563,ifa,SC,IFA,IFA_02,IFA,,45033,,4539715,"IFA Charlotte-Concord-Gastonia, NC-SC / Charleston-North Charleston, SC",0.0,no cell in the extract: territory at zero opportunity
ifa_ncsc_k2,29564,ifa,SC,IFA,IFA_02,IFA,,45089,,4540210,"IFA Charlotte-Concord-Gastonia, NC-SC / Charleston-North Charleston, SC",0.0,no cell in the extract: territory at zero opportunity
ifa_ncsc_k2,29565,ifa,SC,IFA,IFA_02,IFA,,45033,,4540480,"IFA Charlotte-Concord-Gastonia, NC-SC / Charleston-North Charleston, SC",0.0,no cell in the extract: territory at zero opportunity
ifa_ncsc_k2,29566,ifa,SC,IFA,IFA_02,IFA,,45051,34820,4542010,"IFA Charlotte-Concord-Gastonia, NC-SC / Charleston-North Charleston, SC",0.229485,
ifa_ncsc_k2,29567,ifa,SC,IFA,IFA_02,IFA,,45033,,4542055,"IFA Charlotte-Concord-Gastonia, NC-SC / Charleston-North Charleston, SC",1.67872,
ifa_ncsc_k2,29568,ifa,SC,IFA,IFA_02,IFA,,45051,34820,4551280,"IFA Charlotte-Concord-Gastonia, NC-SC / Charleston-North Charleston, SC",0.015909,
ifa_ncsc_k2,29569,ifa,SC,IFA,IFA_02,IFA,,45051,34820,4542730,"IFA Charlotte-Concord-Gastonia, NC-SC / Charleston-North Charleston, SC",0.0,no cell in the extract: territory at zero opportunity
ifa_ncsc_k2,29570,ifa,SC,IFA,IFA_02,IFA,,45069,,4543630,"IFA Charlotte-Concord-Gastonia, NC-SC / Charleston-North Charleston, SC",0.0,no cell in the extract: territory at zero opportunity
ifa_ncsc_k2,29571,ifa,SC,IFA,IFA_02,IFA,,45067,,4544575,"IFA Charlotte-Concord-Gastonia, NC-SC / Charleston-North Charleston, SC",0.0,no cell in the extract: territory at zero opportunity
ifa_ncsc_k2,29572,ifa,SC,IFA,IFA_02,IFA,,45051,34820,4549075,"IFA Charlotte-Concord-Gastonia, NC-SC / Charleston-North Charleston, SC",3.7964,
ifa_ncsc_k2,29574,ifa,SC,IFA,IFA_02,IFA,,45067,,4548805,"IFA Charlotte-Concord-Gastonia, NC-SC / Charleston-North Charleston, SC",0.0,no cell in the extract: territory at zero opportunity
ifa_ncsc_k2,29575,ifa,SC,IFA,IFA_02,IFA,,45051,34820,4570585,"IFA Charlotte-Concord-Gastonia, NC-SC / Charleston-North Charleston, SC",0.683571,
ifa_ncsc_k2,29576,ifa,SC,IFA,IFA_02,IFA,,45051,34820,4548985,"IFA Charlotte-Concord-Gastonia, NC-SC / Charleston-North Charleston, SC",5.08643,
ifa_ncsc_k2,29577,ifa,SC,IFA,IFA_02,IFA,,45051,34820,4549075,"IFA Charlotte-Concord-Gastonia, NC-SC / Charleston-North Charleston, SC",21.2975,
ifa_ncsc_k2,29579,ifa,SC,IFA,IFA_02,IFA,,45051,34820,4511833,"IFA Charlotte-Concord-Gastonia, NC-SC / Charleston-North Charleston, SC",0.817049,
ifa_ncsc_k2,29580,ifa,SC,IFA,IFA_02,IFA,,45089,,,"IFA Charlotte-Concord-Gastonia, NC-SC / Charleston-North Charleston, SC",0.0,no cell in the extract: territory at zero opportunity
ifa_ncsc_k2,29581,ifa,SC,IFA,IFA_02,IFA,,45051,34820,4538110,"IFA Charlotte-Concord-Gastonia, NC-SC / Charleston-North Charleston, SC",0.0,no cell in the extract: territory at zero opportunity
ifa_ncsc_k2,29582,ifa,SC,IFA,IFA_02,IFA,,45051,34820,4551280,"IFA Charlotte-Concord-Gastonia, NC-SC / Charleston-North Charleston, SC",1.05405,
ifa_ncsc_k2,29583,ifa,SC,IFA,IFA_02,IFA,,45041,22500,4554340,"IFA Charlotte-Concord-Gastonia, NC-SC / Charleston-North Charleston, SC",0.0,no cell in the extract: territory at zero opportunity
ifa_ncsc_k2,29584,ifa,SC,IFA,IFA_02,IFA,,45025,,4554925,"IFA Charlotte-Concord-Gastonia, NC-SC / Charleston-North Charleston, SC",0.0,no cell in the extract: territory at zero opportunity
ifa_ncsc_k2,29585,ifa,SC,IFA,IFA_02,IFA,,45043,34680,4541830,"IFA Charlotte-Concord-Gastonia, NC-SC / Charleston-North Charleston, SC",0.803599,
ifa_ncsc_k2,29588,ifa,SC,IFA,IFA_02,IFA,,45051,34820,4567390,"IFA Charlotte-Concord-Gastonia, NC-SC / Charleston-North Charleston, SC",1.78904,
ifa_ncsc_k2,29589,ifa,SC,IFA,IFA_02,IFA,,45067,,4558930,"IFA Charlotte-Concord-Gastonia, NC-SC / Charleston-North Charleston, SC",0.0,no cell in the extract: territory at zero opportunity
ifa_ncsc_k2,29590,ifa,SC,IFA,IFA_02,IFA,,45089,,4540210,"IFA Charlotte-Concord-Gastonia, NC-SC / Charleston-North Charleston, SC",0.0,no cell in the extract: territory at zero opportunity
ifa_ncsc_k2,29591,ifa,SC,IFA,IFA_02,IFA,,45041,22500,4564600,"IFA Charlotte-Concord-Gastonia, NC-SC / Charleston-North Charleston, SC",0.0,no cell in the extract: territory at zero opportunity
ifa_ncsc_k2,29592,ifa,SC,IFA,IFA_02,IFA,,45067,,4565005,"IFA Charlotte-Concord-Gastonia, NC-SC / Charleston-North Charleston, SC",0.0,no cell in the extract: territory at zero opportunity
ifa_ncsc_k2,29593,ifa,SC,IFA,IFA_02,IFA,,45031,22500,4567435,"IFA Charlotte-Concord-Gastonia, NC-SC / Charleston-North Charleston, SC",0.0,no cell in the extract: territory at zero opportunity
ifa_ncsc_k2,29594,ifa,SC,IFA,IFA_02,IFA,,45069,,4571305,"IFA Charlotte-Concord-Gastonia, NC-SC / Charleston-North Charleston, SC",0.0,no cell in the extract: territory at zero opportunity
ifa_ncsc_k2,29596,ifa,SC,IFA,IFA_02,IFA,,45069,,4574140,"IFA Charlotte-Concord-Gastonia, NC-SC / Charleston-North Charleston, SC",0.0,no cell in the extract: territory at zero opportunity
ifa_ncsc_k2,29601,ifa,SC,IFA,IFA_02,IFA,,45045,24860,4530850,"IFA Charlotte-Concord-Gastonia, NC-SC / Charleston-North Charleston, SC",35.7885,
ifa_ncsc_k2,29605,ifa,SC,IFA,IFA_02,IFA,,45045,24860,4528375,"IFA Charlotte-Concord-Gastonia, NC-SC / Charleston-North Charleston, SC",7.3771,
ifa_ncsc_k2,29607,ifa,SC,IFA,IFA_02,IFA,,45045,24860,4530850,"IFA Charlotte-Concord-Gastonia, NC-SC / Charleston-North Charleston, SC",11.803,
ifa_ncsc_k2,29609,ifa,SC,IFA,IFA_02,IFA,,45045,24860,4530850,"IFA Charlotte-Concord-Gastonia, NC-SC / Charleston-North Charleston, SC",2.83685,
ifa_ncsc_k2,29611,ifa,SC,IFA,IFA_02,IFA,,45045,24860,4554535,"IFA Charlotte-Concord-Gastonia, NC-SC / Charleston-North Charleston, SC",0.0,no cell in the extract: territory at zero opportunity
ifa_ncsc_k2,29613,ifa,SC,IFA,IFA_02,IFA,,45045,24860,4572430,"IFA Charlotte-Concord-Gastonia, NC-SC / Charleston-North Charleston, SC",0.0,no cell in the extract: territory at zero opportunity
ifa_ncsc_k2,29614,ifa,SC,IFA,IFA_02,IFA,,45045,24860,4530850,"IFA Charlotte-Concord-Gastonia, NC-SC / Charleston-North Charleston, SC",0.0,no cell in the extract: territory at zero opportunity
ifa_ncsc_k2,29615,ifa,SC,IFA,IFA_02,IFA,,45045,24860,4573870,"IFA Charlotte-Concord-Gastonia, NC-SC / Charleston-North Charleston, SC",6.38682,
ifa_ncsc_k2,29617,ifa,SC,IFA,IFA_02,IFA,,45045,24860,4505770,"IFA Charlotte-Concord-Gastonia, NC-SC / Charleston-North Charleston, SC",0.0,no cell in the extract: territory at zero opportunity
ifa_ncsc_k2,29620,ifa,SC,IFA,IFA_02,IFA,,45001,24940,4500100,"IFA Charlotte-Concord-Gastonia, NC-SC / Charleston-North Charleston, SC",0.0,no cell in the extract: territory at zero opportunity
ifa_ncsc_k2,29621,ifa,SC,IFA,IFA_02,IFA,,45007,24860,4501360,"IFA Charlotte-Concord-Gastonia, NC-SC / Charleston-North Charleston, SC",4.97747,
ifa_ncsc_k2,29624,ifa,SC,IFA,IFA_02,IFA,,45007,24860,4501360,"IFA Charlotte-Concord-Gastonia, NC-SC / Charleston-North Charleston, SC",1.35503,
ifa_ncsc_k2,29625,ifa,SC,IFA,IFA_02,IFA,,45007,24860,4512965,"IFA Charlotte-Concord-Gastonia, NC-SC / Charleston-North Charleston, SC",0.0,no cell in the extract: territory at zero opportunity
ifa_ncsc_k2,29626,ifa,SC,IFA,IFA_02,IFA,,45007,24860,4534720,"IFA Charlotte-Concord-Gastonia, NC-SC / Charleston-North Charleston, SC",0.0,no cell in the extract: territory at zero opportunity
ifa_ncsc_k2,29627,ifa,SC,IFA,IFA_02,IFA,,45007,24860,4505365,"IFA Charlotte-Concord-Gastonia, NC-SC / Charleston-North Charleston, SC",0.0198863,
ifa_ncsc_k2,29628,ifa,SC,IFA,IFA_02,IFA,,45001,24940,4510720,"IFA Charlotte-Concord-Gastonia, NC-SC / Charleston-North Charleston, SC",0.0,no cell in the extract: territory at zero opportunity
ifa_ncsc_k2,29630,ifa,SC,IFA,IFA_02,IFA,,45077,24860,4513015,"IFA Charlotte-Concord-Gastonia, NC-SC / Charleston-North Charleston, SC",0.0,no cell in the extract: territory at zero opportunity
ifa_ncsc_k2,29631,ifa,SC,IFA,IFA_02,IFA,,45077,24860,4514950,"IFA Charlotte-Concord-Gastonia, NC-SC / Charleston-North Charleston, SC",8.24379,
ifa_ncsc_k2,29634,ifa,SC,IFA,IFA_02,IFA,,45077,24860,4515040,"IFA Charlotte-Concord-Gastonia, NC-SC / Charleston-North Charleston, SC",0.0,no cell in the extract: territory at zero opportunity
ifa_ncsc_k2,29635,ifa,SC,IFA,IFA_02,IFA,,45045,24860,4510585,"IFA Charlotte-Concord-Gastonia, NC-SC / Charleston-North Charleston, SC",0.0,no cell in the extract: territory at zero opportunity
ifa_ncsc_k2,29638,ifa,SC,IFA,IFA_02,IFA,,45001,24940,4519870,"IFA Charlotte-Concord-Gastonia, NC-SC / Charleston-North Charleston, SC",0.0,no cell in the extract: territory at zero opportunity
ifa_ncsc_k2,29639,ifa,SC,IFA,IFA_02,IFA,,45001,24940,4521040,"IFA Charlotte-Concord-Gastonia, NC-SC / Charleston-North Charleston, SC",0.0,no cell in the extract: territory at zero opportunity
ifa_ncsc_k2,29640,ifa,SC,IFA,IFA_02,IFA,,45077,24860,4521985,"IFA Charlotte-Concord-Gastonia, NC-SC / Charleston-North Charleston, SC",0.0,no cell in the extract: territory at zero opportunity
ifa_ncsc_k2,29642,ifa,SC,IFA,IFA_02,IFA,,45007,24860,4558170,"IFA Charlotte-Concord-Gastonia, NC-SC / Charleston-North Charleston, SC",5.40256,
ifa_ncsc_k2,29643,ifa,SC,IFA,IFA_02,IFA,,45073,42860,4524730,"IFA Charlotte-Concord-Gastonia, NC-SC / Charleston-North Charleston, SC",0.0,no cell in the extract: territory at zero opportunity
ifa_ncsc_k2,29644,ifa,SC,IFA,IFA_02,IFA,,45045,24860,4527070,"IFA Charlotte-Concord-Gastonia, NC-SC / Charleston-North Charleston, SC",0.401546,
ifa_ncsc_k2,29645,ifa,SC,IFA,IFA_02,IFA,,45059,24860,4530355,"IFA Charlotte-Concord-Gastonia, NC-SC / Charleston-North Charleston, SC",0.0,no cell in the extract: territory at zero opportunity
ifa_ncsc_k2,29646,ifa,SC,IFA,IFA_02,IFA,,45047,24940,4530895,"IFA Charlotte-Concord-Gastonia, NC-SC / Charleston-North Charleston, SC",0.0,no cell in the extract: territory at zero opportunity
ifa_ncsc_k2,29649,ifa,SC,IFA,IFA_02,IFA,,45047,24940,4530895,"IFA Charlotte-Concord-Gastonia, NC-SC / Charleston-North Charleston, SC",5.39491,
ifa_ncsc_k2,29650,ifa,SC,IFA,IFA_02,IFA,,45045,24860,4530985,"IFA Charlotte-Concord-Gastonia, NC-SC / Charleston-North Charleston, SC",8.62891,
ifa_ncsc_k2,29651,ifa,SC,IFA,IFA_02,IFA,,45045,24860,4530985,"IFA Charlotte-Concord-Gastonia, NC-SC / Charleston-North Charleston, SC",1.09749,
ifa_ncsc_k2,29653,ifa,SC,IFA,IFA_02,IFA,,45047,24940,4534225,"IFA Charlotte-Concord-Gastonia, NC-SC / Charleston-North Charleston, SC",0.0,no cell in the extract: territory at zero opportunity
ifa_ncsc_k2,29654,ifa,SC,IFA,IFA_02,IFA,,45007,24860,4534810,"IFA Charlotte-Concord-Gastonia, NC-SC / Charleston-North Charleston, SC",0.0,no cell in the extract: territory at zero opportunity
ifa_ncsc_k2,29655,ifa,SC,IFA,IFA_02,IFA,,45001,24940,4539512,"IFA Charlotte-Concord-Gastonia, NC-SC / Charleston-North Charleston, SC",0.0,no cell in the extract: territory at zero opportunity
ifa_ncsc_k2,29657,ifa,SC,IFA,IFA_02,IFA,,45077,24860,4541380,"IFA Charlotte-Concord-Gastonia, NC-SC / Charleston-North Charleston, SC",0.0,no cell in the extract: territory at zero opportunity
ifa_ncsc_k2,29658,ifa,SC,IFA,IFA_02,IFA,,45073,42860,4542460,"IFA Charlotte-Concord-Gastonia, NC-SC / Charleston-North Charleston, SC",0.0,no cell in the extract: territory at zero opportunity
ifa_ncsc_k2,29659,ifa,SC,IFA,IFA_02,IFA,,45001,24940,4542820,"IFA Charlotte-Concord-Gastonia, NC-SC / Charleston-North Charleston, SC",0.0,no cell in the extract: territory at zero opportunity
ifa_ncsc_k2,29661,ifa,SC,IFA,IFA_02,IFA,,45045,24860,4566917,"IFA Charlotte-Concord-Gastonia, NC-SC / Charleston-North Charleston, SC",0.0,no cell in the extract: territory at zero opportunity
ifa_ncsc_k2,29662,ifa,SC,IFA,IFA_02,IFA,,45045,24860,4545115,"IFA Charlotte-Concord-Gastonia, NC-SC / Charleston-North Charleston, SC",5.5746,
ifa_ncsc_k2,29664,ifa,SC,IFA,IFA_02,IFA,,45073,42860,,"IFA Charlotte-Concord-Gastonia, NC-SC / Charleston-North Charleston, SC",0.0,no cell in the extract: territory at zero opportunity
ifa_ncsc_k2,29665,ifa,SC,IFA,IFA_02,IFA,,45073,42860,4549975,"IFA Charlotte-Concord-Gastonia, NC-SC / Charleston-North Charleston, SC",0.0,no cell in the extract: territory at zero opportunity
ifa_ncsc_k2,29666,ifa,SC,IFA,IFA_02,IFA,,45047,24940,4550290,"IFA Charlotte-Concord-Gastonia, NC-SC / Charleston-North Charleston, SC",0.0,no cell in the extract: territory at zero opportunity
ifa_ncsc_k2,29667,ifa,SC,IFA,IFA_02,IFA,,45077,24860,4550515,"IFA Charlotte-Concord-Gastonia, NC-SC / Charleston-North Charleston, SC",0.0,no cell in the extract: territory at zero opportunity
ifa_ncsc_k2,29669,ifa,SC,IFA,IFA_02,IFA,,45045,24860,4555465,"IFA Charlotte-Concord-Gastonia, NC-SC / Charleston-North Charleston, SC",0.0,no cell in the extract: territory at zero opportunity
ifa_ncsc_k2,29670,ifa,SC,IFA,IFA_02,IFA,,45007,24860,4555645,"IFA Charlotte-Concord-Gastonia, NC-SC / Charleston-North Charleston, SC",1.89297,
ifa_ncsc_k2,29671,ifa,SC,IFA,IFA_02,IFA,,45077,24860,4556140,"IFA Charlotte-Concord-Gastonia, NC-SC / Charleston-North Charleston, SC",0.0,no cell in the extract: territory at zero opportunity
ifa_ncsc_k2,29672,ifa,SC,IFA,IFA_02,IFA,,45073,42860,4565095,"IFA Charlotte-Concord-Gastonia, NC-SC / Charleston-North Charleston, SC",0.0,no cell in the extract: territory at zero opportunity
ifa_ncsc_k2,29673,ifa,SC,IFA,IFA_02,IFA,,45045,24860,4556365,"IFA Charlotte-Concord-Gastonia, NC-SC / Charleston-North Charleston, SC",0.120113,
ifa_ncsc_k2,29676,ifa,SC,IFA,IFA_02,IFA,,45073,42860,4538058,"IFA Charlotte-Concord-Gastonia, NC-SC / Charleston-North Charleston, SC",0.626561,
ifa_ncsc_k2,29678,ifa,SC,IFA,IFA_02,IFA,,45073,42860,4565095,"IFA Charlotte-Concord-Gastonia, NC-SC / Charleston-North Charleston, SC",12.44,
ifa_ncsc_k2,29680,ifa,SC,IFA,IFA_02,IFA,,45045,24860,4566580,"IFA Charlotte-Concord-Gastonia, NC-SC / Charleston-North Charleston, SC",0.198863,
ifa_ncsc_k2,29681,ifa,SC,IFA,IFA_02,IFA,,45045,24860,4525540,"IFA Charlotte-Concord-Gastonia, NC-SC / Charleston-North Charleston, SC",5.095,
ifa_ncsc_k2,29682,ifa,SC,IFA,IFA_02,IFA,,45077,24860,4566760,"IFA Charlotte-Concord-Gastonia, NC-SC / Charleston-North Charleston, SC",0.0,no cell in the extract: territory at zero opportunity
ifa_ncsc_k2,29683,ifa,SC,IFA,IFA_02,IFA,,45045,24860,4566917,"IFA Charlotte-Concord-Gastonia, NC-SC / Charleston-North Charleston, SC",0.0,no cell in the extract: territory at zero opportunity
ifa_ncsc_k2,29684,ifa,SC,IFA,IFA_02,IFA,,45007,24860,4568875,"IFA Charlotte-Concord-Gastonia, NC-SC / Charleston-North Charleston, SC",0.0,no cell in the extract: territory at zero opportunity
ifa_ncsc_k2,29685,ifa,SC,IFA,IFA_02,IFA,,45077,24860,,"IFA Charlotte-Concord-Gastonia, NC-SC / Charleston-North Charleston, SC",3.60059,
ifa_ncsc_k2,29686,ifa,SC,IFA,IFA_02,IFA,,45073,42860,4571170,"IFA Charlotte-Concord-Gastonia, NC-SC / Charleston-North Charleston, SC",0.0,no cell in the extract: territory at zero opportunity
ifa_ncsc_k2,29687,ifa,SC,IFA,IFA_02,IFA,,45045,24860,4571395,"IFA Charlotte-Concord-Gastonia, NC-SC / Charleston-North Charleston, SC",5.27971,
ifa_ncsc_k2,29689,ifa,SC,IFA,IFA_02,IFA,,45007,24860,,"IFA Charlotte-Concord-Gastonia, NC-SC / Charleston-North Charleston, SC",0.0,no cell in the extract: territory at zero opportunity
ifa_ncsc_k2,29690,ifa,SC,IFA,IFA_02,IFA,,45045,24860,4571658,"IFA Charlotte-Concord-Gastonia, NC-SC / Charleston-North Charleston, SC",1.51223,
ifa_ncsc_k2,29691,ifa,SC,IFA,IFA_02,IFA,,45073,42860,4574095,"IFA Charlotte-Concord-Gastonia, NC-SC / Charleston-North Charleston, SC",0.0,no cell in the extract: territory at zero opportunity
ifa_ncsc_k2,29692,ifa,SC,IFA,IFA_02,IFA,,45059,24860,4574680,"IFA Charlotte-Concord-Gastonia, NC-SC / Charleston-North Charleston, SC",0.0,no cell in the extract: territory at zero opportunity
ifa_ncsc_k2,29693,ifa,SC,IFA,IFA_02,IFA,,45073,42860,4576165,"IFA Charlotte-Concord-Gastonia, NC-SC / Charleston-North Charleston, SC",0.0,no cell in the extract: territory at zero opportunity
ifa_ncsc_k2,29696,ifa,SC,IFA,IFA_02,IFA,,45073,42860,4576435,"IFA Charlotte-Concord-Gastonia, NC-SC / Charleston-North Charleston, SC",0.0,no cell in the extract: territory at zero opportunity
ifa_ncsc_k2,29697,ifa,SC,IFA,IFA_02,IFA,,45007,24860,4577875,"IFA Charlotte-Concord-Gastonia, NC-SC / Charleston-North Charleston, SC",0.0,no cell in the extract: territory at zero opportunity
ifa_ncsc_k2,29702,ifa,SC,IFA,IFA_02,IFA,,45021,23500,4506400,"IFA Charlotte-Concord-Gastonia, NC-SC / Charleston-North Charleston, SC",0.0,no cell in the extract: territory at zero opportunity
ifa_ncsc_k2,29704,ifa,SC,IFA,IFA_02,IFA,,45091,16740,4512430,"IFA Charlotte-Concord-Gastonia, NC-SC / Charleston-North Charleston, SC",0.0,no cell in the extract: territory at zero opportunity
ifa_ncsc_k2,29706,ifa,SC,IFA,IFA_02,IFA,,45023,16740,4514095,"IFA Charlotte-Concord-Gastonia, NC-SC / Charleston-North Charleston, SC",0.0,no cell in the extract: territory at zero opportunity
ifa_ncsc_k2,29707,ifa,SC,IFA,IFA_02,IFA,,45057,16740,,"IFA Charlotte-Concord-Gastonia, NC-SC / Charleston-North Charleston, SC",6.82907,
ifa_ncsc_k2,29708,ifa,SC,IFA,IFA_02,IFA,,45091,16740,4571417,"IFA Charlotte-Concord-Gastonia, NC-SC / Charleston-North Charleston, SC",3.47315,
ifa_ncsc_k2,29709,ifa,SC,IFA,IFA_02,IFA,,45025,,4514140,"IFA Charlotte-Concord-Gastonia, NC-SC / Charleston-North Charleston, SC",0.0,no cell in the extract: territory at zero opportunity
ifa_ncsc_k2,29710,ifa,SC,IFA,IFA_02,IFA,,45091,16740,4539785,"IFA Charlotte-Concord-Gastonia, NC-SC / Charleston-North Charleston, SC",0.299453,
ifa_ncsc_k2,29712,ifa,SC,IFA,IFA_02,IFA,,45023,16740,,"IFA Charlotte-Concord-Gastonia, NC-SC / Charleston-North Charleston, SC",0.0,no cell in the extract: territory at zero opportunity
ifa_ncsc_k2,29714,ifa,SC,IFA,IFA_02,IFA,,45023,16740,4526845,"IFA Charlotte-Concord-Gastonia, NC-SC / Charleston-North Charleston, SC",0.0,no cell in the extract: territory at zero opportunity
ifa_ncsc_k2,29715,ifa,SC,IFA,IFA_02,IFA,,45091,16740,4526890,"IFA Charlotte-Concord-Gastonia, NC-SC / Charleston-North Charleston, SC",12.4058,
ifa_ncsc_k2,29717,ifa,SC,IFA,IFA_02,IFA,,45091,16740,4533640,"IFA Charlotte-Concord-Gastonia, NC-SC / Charleston-North Charleston, SC",0.0,no cell in the extract: territory at zero opportunity
ifa_ncsc_k2,29718,ifa,SC,IFA,IFA_02,IFA,,45025,,4536610,"IFA Charlotte-Concord-Gastonia, NC-SC / Charleston-North Charleston, SC",0.0,no cell in the extract: territory at zero opportunity
ifa_ncsc_k2,29720,ifa,SC,IFA,IFA_02,IFA,,45057,16740,4573555,"IFA Charlotte-Concord-Gastonia, NC-SC / Charleston-North Charleston, SC",2.9913,
ifa_ncsc_k2,29724,ifa,SC,IFA,IFA_02,IFA,,45023,16740,,"IFA Charlotte-Concord-Gastonia, NC-SC / Charleston-North Charleston, SC",0.0,no cell in the extract: territory at zero opportunity
ifa_ncsc_k2,29726,ifa,SC,IFA,IFA_02,IFA,,45091,16740,4543675,"IFA Charlotte-Concord-Gastonia, NC-SC / Charleston-North Charleston, SC",0.0,no cell in the extract: territory at zero opportunity
ifa_ncsc_k2,29727,ifa,SC,IFA,IFA_02,IFA,,45025,,4548355,"IFA Charlotte-Concord-Gastonia, NC-SC / Charleston-North Charleston, SC",0.0,no cell in the extract: territory at zero opportunity
ifa_ncsc_k2,29728,ifa,SC,IFA,IFA_02,IFA,,45025,,4554025,"IFA Charlotte-Concord-Gastonia, NC-SC / Charleston-North Charleston, SC",0.31818,
ifa_ncsc_k2,29729,ifa,SC,IFA,IFA_02,IFA,,45023,16740,4559920,"IFA Charlotte-Concord-Gastonia, NC-SC / Charleston-North Charleston, SC",0.0,no cell in the extract: territory at zero opportunity
ifa_ncsc_k2,29730,ifa,SC,IFA,IFA_02,IFA,,45091,16740,4561405,"IFA Charlotte-Concord-Gastonia, NC-SC / Charleston-North Charleston, SC",8.57183,
ifa_ncsc_k2,29732,ifa,SC,IFA,IFA_02,IFA,,45091,16740,4561405,"IFA Charlotte-Concord-Gastonia, NC-SC / Charleston-North Charleston, SC",3.99712,
ifa_ncsc_k2,29733,ifa,SC,IFA,IFA_02,IFA,,45091,16740,4561405,"IFA Charlotte-Concord-Gastonia, NC-SC / Charleston-North Charleston, SC",0.0,no cell in the extract: territory at zero opportunity
ifa_ncsc_k2,29741,ifa,SC,IFA,IFA_02,IFA,,45025,,4562080,"IFA Charlotte-Concord-Gastonia, NC-SC / Charleston-North Charleston, SC",0.0,no cell in the extract: territory at zero opportunity
ifa_ncsc_k2,29742,ifa,SC,IFA,IFA_02,IFA,,45091,16740,4565410,"IFA Charlotte-Concord-Gastonia, NC-SC / Charleston-North Charleston, SC",0.0,no cell in the extract: territory at zero opportunity
ifa_ncsc_k2,29743,ifa,SC,IFA,IFA_02,IFA,,45091,16740,4567210,"IFA Charlotte-Concord-Gastonia, NC-SC / Charleston-North Charleston, SC",0.0,no cell in the extract: territory at zero opportunity
ifa_ncsc_k2,29745,ifa,SC,IFA,IFA_02,IFA,,45091,16740,4579630,"IFA Charlotte-Concord-Gastonia, NC-SC / Charleston-North Charleston, SC",0.0,no cell in the extract: territory at zero opportunity
ifa_ncsc_k2,29801,ifa,SC,IFA,IFA_02,IFA,,45003,12260,4500550,"IFA Charlotte-Concord-Gastonia, NC-SC / Charleston-North Charleston, SC",0.111889,
ifa_ncsc_k2,29803,ifa,SC,IFA,IFA_02,IFA,,45003,12260,4500550,"IFA Charlotte-Concord-Gastonia, NC-SC / Charleston-North Charleston, SC",2.21675,
ifa_ncsc_k2,29805,ifa,SC,IFA,IFA_02,IFA,,45003,12260,,"IFA Charlotte-Concord-Gastonia, NC-SC / Charleston-North Charleston, SC",0.0,no cell in the extract: territory at zero opportunity
ifa_ncsc_k2,29809,ifa,SC,IFA,IFA_02,IFA,,45003,12260,4549705,"IFA Charlotte-Concord-Gastonia, NC-SC / Charleston-North Charleston, SC",0.0,no cell in the extract: territory at zero opportunity
ifa_ncsc_k2,29810,ifa,SC,IFA,IFA_02,IFA,,45005,,4500955,"IFA Charlotte-Concord-Gastonia, NC-SC / Charleston-North Charleston, SC",0.0,no cell in the extract: territory at zero opportunity
ifa_ncsc_k2,29812,ifa,SC,IFA,IFA_02,IFA,,45011,,4504060,"IFA Charlotte-Concord-Gastonia, NC-SC / Charleston-North Charleston, SC",0.0,no cell in the extract: territory at zero opportunity
ifa_ncsc_k2,29816,ifa,SC,IFA,IFA_02,IFA,,45003,12260,4510270,"IFA Charlotte-Concord-Gastonia, NC-SC / Charleston-North Charleston, SC",0.0,no cell in the extract: territory at zero opportunity
ifa_ncsc_k2,29817,ifa,SC,IFA,IFA_02,IFA,,45011,,4506490,"IFA Charlotte-Concord-Gastonia, NC-SC / Charleston-North Charleston, SC",0.0,no cell in the extract: territory at zero opportunity
ifa_ncsc_k2,29819,ifa,SC,IFA,IFA_02,IFA,,45047,24940,4508155,"IFA Charlotte-Concord-Gastonia, NC-SC / Charleston-North Charleston, SC",0.0,no cell in the extract: territory at zero opportunity
ifa_ncsc_k2,29821,ifa,SC,IFA,IFA_02,IFA,,45037,12260,4514590,"IFA Charlotte-Concord-Gastonia, NC-SC / Charleston-North Charleston, SC",0.0,no cell in the extract: territory at zero opportunity
ifa_ncsc_k2,29824,ifa,SC,IFA,IFA_02,IFA,,45037,12260,4522795,"IFA Charlotte-Concord-Gastonia, NC-SC / Charleston-North Charleston, SC",0.0,no cell in the extract: territory at zero opportunity
ifa_ncsc_k2,29826,ifa,SC,IFA,IFA_02,IFA,,45011,,4523335,"IFA Charlotte-Concord-Gastonia, NC-SC / Charleston-North Charleston, SC",0.0,no cell in the extract: territory at zero opportunity
ifa_ncsc_k2,29827,ifa,SC,IFA,IFA_02,IFA,,45005,,4524370,"IFA Charlotte-Concord-Gastonia, NC-SC / Charleston-North Charleston, SC",0.0,no cell in the extract: territory at zero opportunity
ifa_ncsc_k2,29828,ifa,SC,IFA,IFA_02,IFA,,45003,12260,4529410,"IFA Charlotte-Concord-Gastonia, NC-SC / Charleston-North Charleston, SC",0.0,no cell in the extract: territory at zero opportunity
ifa_ncsc_k2,29829,ifa,SC,IFA,IFA_02,IFA,,45003,12260,4530265,"IFA Charlotte-Concord-Gastonia, NC-SC / Charleston-North Charleston, SC",0.0,no cell in the extract: territory at zero opportunity
ifa_ncsc_k2,29831,ifa,SC,IFA,IFA_02,IFA,,45003,12260,4536205,"IFA Charlotte-Concord-Gastonia, NC-SC / Charleston-North Charleston, SC",0.0,no cell in the extract: territory at zero opportunity
ifa_ncsc_k2,29832,ifa,SC,IFA,IFA_02,IFA,,45037,12260,4537150,"IFA Charlotte-Concord-Gastonia, NC-SC / Charleston-North Charleston, SC",0.0,no cell in the extract: territory at zero opportunity
ifa_ncsc_k2,29834,ifa,SC,IFA,IFA_02,IFA,,45003,12260,4540390,"IFA Charlotte-Concord-Gastonia, NC-SC / Charleston-North Charleston, SC",0.0,no cell in the extract: territory at zero opportunity
ifa_ncsc_k2,29835,ifa,SC,IFA,IFA_02,IFA,,45065,,4577920,"IFA Charlotte-Concord-Gastonia, NC-SC / Charleston-North Charleston, SC",0.992511,
ifa_ncsc_k2,29836,ifa,SC,IFA,IFA_02,IFA,,45005,,,"IFA Charlotte-Concord-Gastonia, NC-SC / Charleston-North Charleston, SC",0.0,no cell in the extract: territory at zero opportunity
ifa_ncsc_k2,29838,ifa,SC,IFA,IFA_02,IFA,,45037,12260,4547050,"IFA Charlotte-Concord-Gastonia, NC-SC / Charleston-North Charleston, SC",0.0,no cell in the extract: territory at zero opportunity
ifa_ncsc_k2,29840,ifa,SC,IFA,IFA_02,IFA,,45065,,4548310,"IFA Charlotte-Concord-Gastonia, NC-SC / Charleston-North Charleston, SC",0.0,no cell in the extract: territory at zero opportunity
ifa_ncsc_k2,29841,ifa,SC,IFA,IFA_02,IFA,,45003,12260,4550695,"IFA Charlotte-Concord-Gastonia, NC-SC / Charleston-North Charleston, SC",1.65204,
ifa_ncsc_k2,29842,ifa,SC,IFA,IFA_02,IFA,,45003,12260,4504915,"IFA Charlotte-Concord-Gastonia, NC-SC / Charleston-North Charleston, SC",0.449205,
ifa_ncsc_k2,29843,ifa,SC,IFA,IFA_02,IFA,,45009,,4552585,"IFA Charlotte-Concord-Gastonia, NC-SC / Charleston-North Charleston, SC",0.0,no cell in the extract: territory at zero opportunity
ifa_ncsc_k2,29844,ifa,SC,IFA,IFA_02,IFA,,45065,,4554700,"IFA Charlotte-Concord-Gastonia, NC-SC / Charleston-North Charleston, SC",0.0,no cell in the extract: territory at zero opportunity
ifa_ncsc_k2,29845,ifa,SC,IFA,IFA_02,IFA,,45065,,4557670,"IFA Charlotte-Concord-Gastonia, NC-SC / Charleston-North Charleston, SC",0.0,no cell in the extract: territory at zero opportunity
ifa_ncsc_k2,29847,ifa,SC,IFA,IFA_02,IFA,,45037,12260,4572520,"IFA Charlotte-Concord-Gastonia, NC-SC / Charleston-North Charleston, SC",0.0,no cell in the extract: territory at zero opportunity
ifa_ncsc_k2,29848,ifa,SC,IFA,IFA_02,IFA,,45065,,4572655,"IFA Charlotte-Concord-Gastonia, NC-SC / Charleston-North Charleston, SC",0.0,no cell in the extract: territory at zero opportunity
ifa_ncsc_k2,29849,ifa,SC,IFA,IFA_02,IFA,,45005,,4572880,"IFA Charlotte-Concord-Gastonia, NC-SC / Charleston-North Charleston, SC",0.0,no cell in the extract: territory at zero opportunity
ifa_ncsc_k2,29851,ifa,SC,IFA,IFA_02,IFA,,45003,12260,4529410,"IFA Charlotte-Concord-Gastonia, NC-SC / Charleston-North Charleston, SC",0.0,no cell in the extract: territory at zero opportunity
ifa_ncsc_k2,29853,ifa,SC,IFA,IFA_02,IFA,,45011,,4577965,"IFA Charlotte-Concord-Gastonia, NC-SC / Charleston-North Charleston, SC",0.0,no cell in the extract: territory at zero opportunity
ifa_ncsc_k2,29856,ifa,SC,IFA,IFA_02,IFA,,45003,12260,4578190,"IFA Charlotte-Concord-Gastonia, NC-SC / Charleston-North Charleston, SC",0.0,no cell in the extract: territory at zero opportunity
ifa_ncsc_k2,29860,ifa,SC,IFA,IFA_02,IFA,,45037,12260,4550695,"IFA Charlotte-Concord-Gastonia, NC-SC / Charleston-North Charleston, SC",1.97118,
ifa_ncsc_k2,29899,ifa,SC,IFA,IFA_02,IFA,,45065,,4543720,"IFA Charlotte-Concord-Gastonia, NC-SC / Charleston-North Charleston, SC",0.0,no cell in the extract: territory at zero opportunity
ifa_ncsc_k2,29902,ifa,SC,IFA,IFA_02,IFA,,45013,25940,4558030,"IFA Charlotte-Concord-Gastonia, NC-SC / Charleston-North Charleston, SC",0.0851132,
ifa_ncsc_k2,29904,ifa,SC,IFA,IFA_02,IFA,,45013,25940,4504690,"IFA Charlotte-Concord-Gastonia, NC-SC / Charleston-North Charleston, SC",0.0,no cell in the extract: territory at zero opportunity
ifa_ncsc_k2,29905,ifa,SC,IFA,IFA_02,IFA,,45013,25940,4558030,"IFA Charlotte-Concord-Gastonia, NC-SC / Charleston-North Charleston, SC",0.0,no cell in the extract: territory at zero opportunity
ifa_ncsc_k2,29906,ifa,SC,IFA,IFA_02,IFA,,45013,25940,4504690,"IFA Charlotte-Concord-Gastonia, NC-SC / Charleston-North Charleston, SC",0.0,no cell in the extract: territory at zero opportunity
ifa_ncsc_k2,29907,ifa,SC,IFA,IFA_02,IFA,,45013,25940,4504690,"IFA Charlotte-Concord-Gastonia, NC-SC / Charleston-North Charleston, SC",1.26744,
ifa_ncsc_k2,29909,ifa,SC,IFA,IFA_02,IFA,,45013,25940,4560280,"IFA Charlotte-Concord-Gastonia, NC-SC / Charleston-North Charleston, SC",3.04667,
ifa_ncsc_k2,29910,ifa,SC,IFA,IFA_02,IFA,,45013,25940,4507210,"IFA Charlotte-Concord-Gastonia, NC-SC / Charleston-North Charleston, SC",40.4362,
ifa_ncsc_k2,29911,ifa,SC,IFA,IFA_02,IFA,,45049,,4509865,"IFA Charlotte-Concord-Gastonia, NC-SC / Charleston-North Charleston, SC",0.0,no cell in the extract: territory at zero opportunity
ifa_ncsc_k2,29912,ifa,SC,IFA,IFA_02,IFA,,45053,25940,4516675,"IFA Charlotte-Concord-Gastonia, NC-SC / Charleston-North Charleston, SC",0.0,no cell in the extract: territory at zero opportunity
ifa_ncsc_k2,29915,ifa,SC,IFA,IFA_02,IFA,,45013,25940,4518610,"IFA Charlotte-Concord-Gastonia, NC-SC / Charleston-North Charleston, SC",0.0,no cell in the extract: territory at zero opportunity
ifa_ncsc_k2,29916,ifa,SC,IFA,IFA_02,IFA,,45049,,4579450,"IFA Charlotte-Concord-Gastonia, NC-SC / Charleston-North Charleston, SC",0.0,no cell in the extract: territory at zero opportunity
ifa_ncsc_k2,29918,ifa,SC,IFA,IFA_02,IFA,,45049,,4523830,"IFA Charlotte-Concord-Gastonia, NC-SC / Charleston-North Charleston, SC",0.9592,
ifa_ncsc_k2,29920,ifa,SC,IFA,IFA_02,IFA,,45013,25940,4527565,"IFA Charlotte-Concord-Gastonia, NC-SC / Charleston-North Charleston, SC",0.0,no cell in the extract: territory at zero opportunity
ifa_ncsc_k2,29921,ifa,SC,IFA,IFA_02,IFA,,45049,,4527835,"IFA Charlotte-Concord-Gastonia, NC-SC / Charleston-North Charleston, SC",0.0,no cell in the extract: territory at zero opportunity
ifa_ncsc_k2,29922,ifa,SC,IFA,IFA_02,IFA,,45049,,,"IFA Charlotte-Concord-Gastonia, NC-SC / Charleston-North Charleston, SC",0.0,no cell in the extract: territory at zero opportunity
ifa_ncsc_k2,29923,ifa,SC,IFA,IFA_02,IFA,,45049,,4529005,"IFA Charlotte-Concord-Gastonia, NC-SC / Charleston-North Charleston, SC",0.0,no cell in the extract: territory at zero opportunity
ifa_ncsc_k2,29924,ifa,SC,IFA,IFA_02,IFA,,45049,,4531885,"IFA Charlotte-Concord-Gastonia, NC-SC / Charleston-North Charleston, SC",0.0,no cell in the extract: territory at zero opportunity
ifa_ncsc_k2,29926,ifa,SC,IFA,IFA_02,IFA,,45013,25940,4534045,"IFA Charlotte-Concord-Gastonia, NC-SC / Charleston-North Charleston, SC",4.08022,
ifa_ncsc_k2,29927,ifa,SC,IFA,IFA_02,IFA,,45053,25940,4532245,"IFA Charlotte-Concord-Gastonia, NC-SC / Charleston-North Charleston, SC",0.0,no cell in the extract: territory at zero opportunity
ifa_ncsc_k2,29928,ifa,SC,IFA,IFA_02,IFA,,45013,25940,4534045,"IFA Charlotte-Concord-Gastonia, NC-SC / Charleston-North Charleston, SC",1.54261,
ifa_ncsc_k2,29929,ifa,SC,IFA,IFA_02,IFA,,45029,,4536070,"IFA Charlotte-Concord-Gastonia, NC-SC / Charleston-North Charleston, SC",0.0,no cell in the extract: territory at zero opportunity
ifa_ncsc_k2,29932,ifa,SC,IFA,IFA_02,IFA,,45005,,4543090,"IFA Charlotte-Concord-Gastonia, NC-SC / Charleston-North Charleston, SC",0.0,no cell in the extract: territory at zero opportunity
ifa_ncsc_k2,29934,ifa,SC,IFA,IFA_02,IFA,,45053,25940,,"IFA Charlotte-Concord-Gastonia, NC-SC / Charleston-North Charleston, SC",0.0,no cell in the extract: territory at zero opportunity
ifa_ncsc_k2,29935,ifa,SC,IFA,IFA_02,IFA,,45013,25940,4558030,"IFA Charlotte-Concord-Gastonia, NC-SC / Charleston-North Charleston, SC",0.0,no cell in the extract: territory at zero opportunity
ifa_ncsc_k2,29936,ifa,SC,IFA,IFA_02,IFA,,45053,25940,4560280,"IFA Charlotte-Concord-Gastonia, NC-SC / Charleston-North Charleston, SC",2.44053,
ifa_ncsc_k2,29939,ifa,SC,IFA,IFA_02,IFA,,45049,,4564465,"IFA Charlotte-Concord-Gastonia, NC-SC / Charleston-North Charleston, SC",0.0,no cell in the extract: territory at zero opportunity
ifa_ncsc_k2,29940,ifa,SC,IFA,IFA_02,IFA,,45013,25940,4564690,"IFA Charlotte-Concord-Gastonia, NC-SC / Charleston-North Charleston, SC",0.0,no cell in the extract: territory at zero opportunity
ifa_ncsc_k2,29941,ifa,SC,IFA,IFA_02,IFA,,45013,25940,4504690,"IFA Charlotte-Concord-Gastonia, NC-SC / Charleston-North Charleston, SC",0.0,no cell in the extract: territory at zero opportunity
ifa_ncsc_k2,29943,ifa,SC,IFA,IFA_02,IFA,,45053,25940,,"IFA Charlotte-Concord-Gastonia, NC-SC / Charleston-North Charleston, SC",0.0,no cell in the extract: territory at zero opportunity
ifa_ncsc_k2,29944,ifa,SC,IFA,IFA_02,IFA,,45049,,4573600,"IFA Charlotte-Concord-Gastonia, NC-SC / Charleston-North Charleston, SC",0.0,no cell in the extract: territory at zero opportunity
ifa_ncsc_k2,29945,ifa,SC,IFA,IFA_02,IFA,,45029,,4579450,"IFA Charlotte-Concord-Gastonia, NC-SC / Charleston-North Charleston, SC",0.0,no cell in the extract: territory at zero opportunity
