{
"type": "FeatureCollection",
"name": "census_regions",
"crs": { "type": "name", "properties": { "name": "urn:ogc:def:crs:OGC:1.3:CRS84" } },
"features": [
{ "type": "Feature", "properties": { "region_name": "Midwest" }, "geometry": { "type": "Polygon", "coordinates": [ [ [ -94.617964, 36.998905 ], [ -98.300465, 36.997684 ], [ -100.107891, 37.002312 ], [ -102.042089, 36.993016 ], [ -102.045351, 38.856897 ], [ -102.051666, 39.847689 ], [ -102.051717, 41.002359 ], [ -104.053249, 41.001406 ], [ -104.052585, 42.650194 ], [ -104.057879, 44.997605 ], [ -104.039694, 44.99807 ], [ -104.042596, 45.749942 ], [ -104.046828, 46.017509 ], [ -104.045746, 47.261648 ], [ -104.041416, 47.862685 ], [ -104.045495, 48.157382 ], [ -104.048692, 48.999899 ], [ -95.153191, 48.99887 ], [ -95.153395, 49.384479 ], [ -95.128713, 49.370452 ], [ -95.058302, 49.353253 ], [ -95.014201, 49.356476 ], [ -94.989, 49.368942 ], [ -94.957394, 49.370198 ], [ -94.854055, 49.324341 ], [ -94.816264, 49.321399 ], [ -94.824352, 49.308952 ], [ -94.825535, 49.294354 ], [ -94.797327, 49.214345 ], [ -94.797976, 49.19786 ], [ -94.772784, 49.120507 ], [ -94.74965, 49.09874 ], [ -94.683457, 48.88412 ], [ -94.684295, 48.872351 ], [ -94.692396, 48.869014 ], [ -94.690213, 48.863554 ], [ -94.693061, 48.853416 ], [ -94.685583, 48.840049 ], [ -94.702009, 48.831824 ], [ -94.704291, 48.824217 ], [ -94.695122, 48.809154 ], [ -94.695983, 48.799644 ], [ -94.690902, 48.777999 ], [ -94.652023, 48.756145 ], [ -94.641288, 48.741217 ], [ -94.619162, 48.737263 ], [ -94.587653, 48.717578 ], [ -94.549035, 48.714743 ], [ -94.538515, 48.702701 ], [ -94.532951, 48.701217 ], [ -94.470664, 48.696583 ], [ -94.452379, 48.692401 ], [ -94.438829, 48.694828 ], [ -94.415832, 48.710971 ], [ -94.384073, 48.711821 ], [ -94.368791, 48.706473 ], [ -94.343139, 48.703404 ], [ -94.308817, 48.710273 ], [ -94.282929, 48.705616 ], [ -94.274569, 48.699868 ], [ -94.261092, 48.696597 ], [ -94.251435, 48.683612 ], [ -94.254668, 48.661441 ], [ -94.246794, 48.654174 ], [ -94.224205, 48.649457 ], [ -94.188644, 48.650378 ], [ -94.12607, 48.644338 ], [ -94.065878, 48.646145 ], [ -94.064279, 48.643718 ], [ -94.035615, 48.64104 ], [ -94.006957, 48.643283 ], [ -93.953017, 48.634127 ], [ -93.916959, 48.632854 ], [ -93.913488, 48.635227 ], [ -93.844351, 48.630222 ], [ -93.833443, 48.625593 ], [ -93.821427, 48.609163 ], [ -93.813086, 48.587968 ], [ -93.806349, 48.579507 ], [ -93.804159, 48.570213 ], [ -93.811995, 48.550289 ], [ -93.810987, 48.540924 ], [ -93.818489, 48.531413 ], [ -93.811124, 48.524648 ], [ -93.787992, 48.515849 ], [ -93.739064, 48.518475 ], [ -93.710851, 48.518548 ], [ -93.693038, 48.515193 ], [ -93.659314, 48.516413 ], [ -93.643361, 48.518956 ], [ -93.635764, 48.528412 ], [ -93.62846, 48.531873 ], [ -93.612257, 48.522397 ], [ -93.590132, 48.530397 ], [ -93.576199, 48.526991 ], [ -93.542504, 48.529981 ], [ -93.517157, 48.534788 ], [ -93.501096, 48.541327 ], [ -93.467378, 48.546451 ], [ -93.457679, 48.559722 ], [ -93.457536, 48.567131 ], [ -93.467171, 48.588404 ], [ -93.465469, 48.591635 ], [ -93.439841, 48.593684 ], [ -93.405664, 48.609826 ], [ -93.395377, 48.603795 ], [ -93.371454, 48.605854 ], [ -93.36199, 48.614026 ], [ -93.35508, 48.611398 ], [ -93.352691, 48.613484 ], [ -93.348665, 48.626454 ], [ -93.254654, 48.642814 ], [ -93.207529, 48.642505 ], [ -93.178376, 48.623258 ], [ -93.090338, 48.627776 ], [ -92.984573, 48.623819 ], [ -92.954788, 48.63154 ], [ -92.949791, 48.63033 ], [ -92.950009, 48.608349 ], [ -92.929556, 48.60693 ], [ -92.910069, 48.596387 ], [ -92.894505, 48.594982 ], [ -92.728412, 48.539372 ], [ -92.657847, 48.546219 ], [ -92.634886, 48.542557 ], [ -92.625524, 48.517891 ], [ -92.625074, 48.512909 ], [ -92.631915, 48.506715 ], [ -92.627011, 48.503273 ], [ -92.637099, 48.499329 ], [ -92.654097, 48.501687 ], [ -92.661467, 48.496308 ], [ -92.685757, 48.497399 ], [ -92.698675, 48.49484 ], [ -92.712682, 48.462982 ], [ -92.688116, 48.443707 ], [ -92.656223, 48.436474 ], [ -92.576542, 48.440595 ], [ -92.536952, 48.447738 ], [ -92.50747, 48.447979 ], [ -92.489352, 48.430259 ], [ -92.482009, 48.428292 ], [ -92.475451, 48.418621 ], [ -92.456431, 48.414083 ], [ -92.456399, 48.401105 ], [ -92.476504, 48.371909 ], [ -92.469771, 48.352092 ], [ -92.436708, 48.308902 ], [ -92.425627, 48.304622 ], [ -92.415634, 48.295087 ], [ -92.389189, 48.253681 ], [ -92.392365, 48.251163 ], [ -92.385895, 48.251335 ], [ -92.387259, 48.244335 ], [ -92.383817, 48.24456 ], [ -92.378378, 48.230331 ], [ -92.369917, 48.220279 ], [ -92.368055, 48.224075 ], [ -92.362198, 48.222671 ], [ -92.353553, 48.230076 ], [ -92.341904, 48.231697 ], [ -92.33657, 48.235656 ], [ -92.332099, 48.233906 ], [ -92.314886, 48.240502 ], [ -92.269578, 48.248185 ], [ -92.273637, 48.256516 ], [ -92.290177, 48.265056 ], [ -92.294562, 48.271214 ], [ -92.293168, 48.275978 ], [ -92.30143, 48.288297 ], [ -92.294549, 48.306225 ], [ -92.306175, 48.316246 ], [ -92.304476, 48.322827 ], [ -92.295443, 48.32385 ], [ -92.288835, 48.342812 ], [ -92.262549, 48.354913 ], [ -92.221612, 48.348855 ], [ -92.216959, 48.344957 ], [ -92.206718, 48.345646 ], [ -92.203896, 48.351838 ], [ -92.19281, 48.348716 ], [ -92.178529, 48.351802 ], [ -92.177407, 48.357137 ], [ -92.162002, 48.363304 ], [ -92.14489, 48.365688 ], [ -92.143702, 48.356022 ], [ -92.083552, 48.353708 ], [ -92.078164, 48.358021 ], [ -92.055221, 48.359364 ], [ -92.045107, 48.345727 ], [ -92.047843, 48.343591 ], [ -92.046944, 48.334772 ], [ -92.037674, 48.333061 ], [ -92.030792, 48.325695 ], [ -92.000115, 48.321096 ], [ -92.012985, 48.297444 ], [ -92.012024, 48.286996 ], [ -92.007263, 48.280555 ], [ -92.006525, 48.265411 ], [ -91.989151, 48.260281 ], [ -91.97564, 48.244324 ], [ -91.970407, 48.247803 ], [ -91.972466, 48.250595 ], [ -91.969978, 48.25377 ], [ -91.954102, 48.252262 ], [ -91.948029, 48.245931 ], [ -91.958289, 48.243836 ], [ -91.958352, 48.233135 ], [ -91.942078, 48.230362 ], [ -91.937584, 48.234207 ], [ -91.914877, 48.238918 ], [ -91.893105, 48.23798 ], [ -91.884323, 48.227425 ], [ -91.867567, 48.219184 ], [ -91.864358, 48.206947 ], [ -91.815452, 48.211814 ], [ -91.809455, 48.206275 ], [ -91.791075, 48.202507 ], [ -91.788649, 48.196343 ], [ -91.78067, 48.200737 ], [ -91.764214, 48.20062 ], [ -91.755914, 48.205998 ], [ -91.753523, 48.200859 ], [ -91.748404, 48.198681 ], [ -91.741538, 48.199334 ], [ -91.74208, 48.204616 ], [ -91.715364, 48.199504 ], [ -91.710374, 48.192543 ], [ -91.721342, 48.180264 ], [ -91.724357, 48.170533 ], [ -91.709394, 48.172902 ], [ -91.704826, 48.170712 ], [ -91.704667, 48.160042 ], [ -91.708115, 48.153 ], [ -91.697776, 48.141598 ], [ -91.699517, 48.131962 ], [ -91.711751, 48.11465 ], [ -91.703351, 48.11372 ], [ -91.682111, 48.122502 ], [ -91.687574, 48.1119 ], [ -91.680894, 48.108306 ], [ -91.665082, 48.107147 ], [ -91.661858, 48.111924 ], [ -91.651807, 48.113956 ], [ -91.653098, 48.109799 ], [ -91.639921, 48.09711 ], [ -91.559112, 48.108593 ], [ -91.552834, 48.103237 ], [ -91.569444, 48.09369 ], [ -91.575384, 48.06671 ], [ -91.572721, 48.057388 ], [ -91.57546, 48.048939 ], [ -91.56751, 48.043789 ], [ -91.488184, 48.068378 ], [ -91.450003, 48.06907 ], [ -91.446219, 48.067748 ], [ -91.44664, 48.063041 ], [ -91.438591, 48.050335 ], [ -91.429571, 48.048653 ], [ -91.390885, 48.057164 ], [ -91.370827, 48.069732 ], [ -91.364982, 48.06712 ], [ -91.33998, 48.073556 ], [ -91.336356, 48.06969 ], [ -91.331275, 48.069618 ], [ -91.324469, 48.07294 ], [ -91.289728, 48.074176 ], [ -91.266775, 48.078831 ], [ -91.249695, 48.084092 ], [ -91.234888, 48.096142 ], [ -91.214904, 48.102859 ], [ -91.190054, 48.125106 ], [ -91.182882, 48.122193 ], [ -91.156301, 48.14051 ], [ -91.137329, 48.149251 ], [ -91.1426, 48.154606 ], [ -91.119859, 48.160682 ], [ -91.114737, 48.166489 ], [ -91.091959, 48.173656 ], [ -91.082473, 48.181152 ], [ -91.065484, 48.181404 ], [ -91.055426, 48.188312 ], [ -91.023695, 48.19043 ], [ -91.012297, 48.198459 ], [ -91.002816, 48.200733 ], [ -91.004103, 48.203025 ], [ -90.976981, 48.219555 ], [ -90.915091, 48.230751 ], [ -90.906853, 48.237491 ], [ -90.885757, 48.245953 ], [ -90.87509, 48.23784 ], [ -90.847678, 48.244529 ], [ -90.839296, 48.239559 ], [ -90.834839, 48.201798 ], [ -90.836402, 48.177028 ], [ -90.832543, 48.173508 ], [ -90.824701, 48.176841 ], [ -90.825773, 48.183574 ], [ -90.82102, 48.18468 ], [ -90.817529, 48.179402 ], [ -90.804083, 48.177818 ], [ -90.801145, 48.164081 ], [ -90.796431, 48.159207 ], [ -90.777931, 48.163838 ], [ -90.777845, 48.148289 ], [ -90.798224, 48.136889 ], [ -90.782217, 48.135861 ], [ -90.789786, 48.130145 ], [ -90.776398, 48.123994 ], [ -90.774122, 48.11864 ], [ -90.768749, 48.116586 ], [ -90.761404, 48.098384 ], [ -90.751577, 48.090987 ], [ -90.741459, 48.094563 ], [ -90.641495, 48.103516 ], [ -90.627058, 48.11177 ], [ -90.591285, 48.11745 ], [ -90.57968, 48.123797 ], [ -90.57576, 48.120624 ], [ -90.559103, 48.12173 ], [ -90.555512, 48.116924 ], [ -90.569737, 48.10683 ], [ -90.56446, 48.098814 ], [ -90.556701, 48.095931 ], [ -90.516935, 48.099314 ], [ -90.510316, 48.097289 ], [ -90.496107, 48.098597 ], [ -90.493599, 48.101359 ], [ -90.486694, 48.099052 ], [ -90.467391, 48.108744 ], [ -90.438452, 48.098677 ], [ -90.403153, 48.105095 ], [ -90.374289, 48.090915 ], [ -90.373428, 48.094021 ], [ -90.367445, 48.094699 ], [ -90.344306, 48.094307 ], [ -90.330062, 48.102285 ], [ -90.310045, 48.105556 ], [ -90.289246, 48.099071 ], [ -90.225168, 48.108224 ], [ -90.188622, 48.108026 ], [ -90.17649, 48.112393 ], [ -90.164269, 48.109707 ], [ -90.135788, 48.112209 ], [ -90.115989, 48.104164 ], [ -90.091606, 48.104605 ], [ -90.074112, 48.10122 ], [ -90.023331, 48.084748 ], [ -90.014845, 48.067136 ], [ -90.008728, 48.068548 ], [ -89.998099, 48.057929 ], [ -89.993842, 48.049304 ], [ -89.997098, 48.035319 ], [ -89.993825, 48.028091 ], [ -89.974705, 48.023117 ], [ -89.968261, 48.014672 ], [ -89.953107, 48.01082 ], [ -89.950612, 48.016233 ], [ -89.934576, 48.015817 ], [ -89.931514, 48.008909 ], [ -89.925856, 48.006306 ], [ -89.928066, 48.002187 ], [ -89.921849, 48.000108 ], [ -89.922131, 47.997167 ], [ -89.897197, 47.987581 ], [ -89.87189, 47.985524 ], [ -89.868206, 47.99019 ], [ -89.84721, 47.992626 ], [ -89.84247, 47.997251 ], [ -89.842092, 48.001668 ], [ -89.844814, 48.003069 ], [ -89.831319, 47.999604 ], [ -89.8196, 48.01563 ], [ -89.807375, 48.017587 ], [ -89.806155, 48.014256 ], [ -89.80158, 48.014176 ], [ -89.792408, 48.018366 ], [ -89.779094, 48.018503 ], [ -89.775356, 48.022863 ], [ -89.773707, 48.02048 ], [ -89.748926, 48.023542 ], [ -89.74267, 48.020014 ], [ -89.721079, 48.020002 ], [ -89.719806, 48.017865 ], [ -89.723949, 48.017161 ], [ -89.724177, 48.013761 ], [ -89.717005, 48.017225 ], [ -89.716583, 48.009706 ], [ -89.708031, 48.010434 ], [ -89.702409, 48.006358 ], [ -89.672908, 48.011567 ], [ -89.666794, 48.007295 ], [ -89.657678, 48.010362 ], [ -89.650871, 48.003617 ], [ -89.645875, 48.006261 ], [ -89.637057, 48.00414 ], [ -89.638033, 48.009119 ], [ -89.618433, 48.010876 ], [ -89.610696, 48.017927 ], [ -89.608148, 48.006932 ], [ -89.585504, 48.001764 ], [ -89.580973, 47.995939 ], [ -89.564288, 48.00293 ], [ -89.489196, 48.014533 ], [ -89.33755, 47.974261 ], [ -88.677442, 48.245397 ], [ -88.369862, 48.306063 ], [ -88.000077, 48.16405 ], [ -88.000078, 48.155883 ], [ -87.875082, 48.114726 ], [ -87.750087, 48.066245 ], [ -87.750087, 48.063878 ], [ -87.625091, 48.021109 ], [ -87.500095, 47.968114 ], [ -87.063101, 47.799991 ], [ -86.940622, 47.749905 ], [ -86.949226, 47.749905 ], [ -86.75012, 47.67196 ], [ -86.75012, 47.674911 ], [ -86.631321, 47.62492 ], [ -86.634344, 47.62492 ], [ -86.625125, 47.617767 ], [ -86.625125, 47.620008 ], [ -86.50013, 47.568324 ], [ -86.250139, 47.477903 ], [ -86.250139, 47.474448 ], [ -86.125141, 47.423468 ], [ -86.125142, 47.416744 ], [ -86.020032, 47.374962 ], [ -86.027345, 47.374961 ], [ -86.000145, 47.361883 ], [ -86.000144, 47.367279 ], [ -85.875144, 47.316261 ], [ -85.875144, 47.314023 ], [ -85.750143, 47.261387 ], [ -85.750143, 47.264283 ], [ -85.722212, 47.249985 ], [ -85.250111, 47.05654 ], [ -85.125524, 47.000018 ], [ -84.859335, 46.888843 ], [ -84.762957, 46.634324 ], [ -84.556962, 46.460639 ], [ -84.475594, 46.452864 ], [ -84.445149, 46.489016 ], [ -84.420274, 46.501077 ], [ -84.394725, 46.499242 ], [ -84.37399, 46.509099 ], [ -84.341959, 46.507505 ], [ -84.325371, 46.500021 ], [ -84.293016, 46.492803 ], [ -84.275814, 46.492821 ], [ -84.265542, 46.494404 ], [ -84.254857, 46.50079 ], [ -84.226131, 46.53392 ], [ -84.19402, 46.540149 ], [ -84.177428, 46.52692 ], [ -84.166027, 46.52622 ], [ -84.139426, 46.532219 ], [ -84.128925, 46.530119 ], [ -84.117925, 46.517619 ], [ -84.111225, 46.504119 ], [ -84.146172, 46.41852 ], [ -84.138906, 46.372221 ], [ -84.119122, 46.337014 ], [ -84.106247, 46.321963 ], [ -84.119629, 46.315013 ], [ -84.115563, 46.268225 ], [ -84.097766, 46.256512 ], [ -84.108089, 46.241238 ], [ -84.085785, 46.209991 ], [ -84.077027, 46.187558 ], [ -84.005685, 46.149551 ], [ -84.005873, 46.118469 ], [ -83.976134, 46.102554 ], [ -83.955424, 46.057188 ], [ -83.903474, 46.06091 ], [ -83.826243, 46.119288 ], [ -83.759529, 46.103173 ], [ -83.654647, 46.122055 ], [ -83.571467, 46.105998 ], [ -83.433558, 45.998895 ], [ -83.636867, 45.773944 ], [ -83.483974, 45.771937 ], [ -82.999963, 45.556378 ], [ -82.52064, 45.335902 ], [ -82.382837, 44.750016 ], [ -82.385504, 44.750016 ], [ -82.374927, 44.716437 ], [ -82.122971, 43.590827 ], [ -82.389971, 43.062238 ], [ -82.410997, 43.011315 ], [ -82.423724, 42.998517 ], [ -82.42305, 42.98844 ], [ -82.413474, 42.976887 ], [ -82.416698, 42.966424 ], [ -82.456027, 42.925812 ], [ -82.469682, 42.887549 ], [ -82.468677, 42.85205 ], [ -82.482574, 42.808644 ], [ -82.470591, 42.783705 ], [ -82.467667, 42.761906 ], [ -82.483385, 42.733462 ], [ -82.483957, 42.717938 ], [ -82.510851, 42.664992 ], [ -82.510039, 42.636793 ], [ -82.523434, 42.607344 ], [ -82.548142, 42.591752 ], [ -82.578813, 42.566027 ], [ -82.584074, 42.55405 ], [ -82.589981, 42.550978 ], [ -82.606967, 42.548282 ], [ -82.62433, 42.557134 ], [ -82.633724, 42.556802 ], [ -82.64307, 42.554321 ], [ -82.661886, 42.541746 ], [ -82.71158, 42.489141 ], [ -82.83025, 42.373492 ], [ -82.945485, 42.347396 ], [ -82.95975, 42.340033 ], [ -82.989197, 42.332481 ], [ -83.026234, 42.32891 ], [ -83.063637, 42.316857 ], [ -83.08002, 42.307172 ], [ -83.097704, 42.289675 ], [ -83.111627, 42.260141 ], [ -83.127999, 42.238695 ], [ -83.133937, 42.174802 ], [ -83.121704, 42.125431 ], [ -83.14945, 42.040264 ], [ -83.069312, 41.864217 ], [ -82.681119, 41.676328 ], [ -82.398348, 41.676524 ], [ -81.709202, 42.000037 ], [ -81.686447, 42.000037 ], [ -81.249833, 42.216415 ], [ -80.519851, 42.327132 ], [ -80.518991, 40.638801 ], [ -80.551126, 40.628847 ], [ -80.576704, 40.614223 ], [ -80.598764, 40.625263 ], [ -80.627171, 40.619936 ], [ -80.66354, 40.590768 ], [ -80.667813, 40.583536 ], [ -80.664372, 40.570016 ], [ -80.652436, 40.562544 ], [ -80.633107, 40.538705 ], [ -80.627507, 40.535793 ], [ -80.618003, 40.502049 ], [ -80.595405, 40.475316 ], [ -80.595953, 40.463354 ], [ -80.612195, 40.434838 ], [ -80.612325, 40.402762 ], [ -80.632196, 40.393667 ], [ -80.632732, 40.390505 ], [ -80.631392, 40.385696 ], [ -80.619102, 40.381862 ], [ -80.609686, 40.37495 ], [ -80.607587, 40.36956 ], [ -80.612795, 40.347669 ], [ -80.599895, 40.317666 ], [ -80.602895, 40.307069 ], [ -80.614886, 40.291971 ], [ -80.619297, 40.26517 ], [ -80.652101, 40.244975 ], [ -80.66154, 40.229812 ], [ -80.668083, 40.199689 ], [ -80.686081, 40.181637 ], [ -80.705611, 40.153476 ], [ -80.710166, 40.138315 ], [ -80.707095, 40.111103 ], [ -80.709545, 40.100302 ], [ -80.7313, 40.08643 ], [ -80.738181, 40.078607 ], [ -80.738165, 40.066534 ], [ -80.733327, 40.058635 ], [ -80.731024, 40.044291 ], [ -80.74217, 40.008575 ], [ -80.738883, 39.985583 ], [ -80.740139, 39.970795 ], [ -80.757922, 39.959707 ], [ -80.764275, 39.949963 ], [ -80.756113, 39.913402 ], [ -80.763399, 39.908619 ], [ -80.787038, 39.918355 ], [ -80.799685, 39.91958 ], [ -80.806776, 39.916308 ], [ -80.809174, 39.903936 ], [ -80.79399, 39.882783 ], [ -80.790761, 39.86728 ], [ -80.799898, 39.858912 ], [ -80.824276, 39.847159 ], [ -80.826964, 39.841656 ], [ -80.822181, 39.811708 ], [ -80.826079, 39.798584 ], [ -80.863048, 39.775197 ], [ -80.870322, 39.763184 ], [ -80.865339, 39.753251 ], [ -80.852738, 39.74104 ], [ -80.84596, 39.738667 ], [ -80.831551, 39.719475 ], [ -80.830829, 39.707827 ], [ -80.833882, 39.703497 ], [ -80.852, 39.69856 ], [ -80.863698, 39.691724 ], [ -80.866646, 39.652616 ], [ -80.88036, 39.620706 ], [ -80.892208, 39.616756 ], [ -80.91762, 39.618703 ], [ -80.928346, 39.616554 ], [ -80.973483, 39.588446 ], [ -81.071025, 39.515608 ], [ -81.100834, 39.487176 ], [ -81.114733, 39.465575 ], [ -81.132534, 39.446275 ], [ -81.167593, 39.440064 ], [ -81.185145, 39.431479 ], [ -81.208231, 39.407147 ], [ -81.211654, 39.392977 ], [ -81.217315, 39.38759 ], [ -81.223581, 39.386062 ], [ -81.244359, 39.39041 ], [ -81.270292, 39.386047 ], [ -81.30177, 39.372228 ], [ -81.344927, 39.346794 ], [ -81.375961, 39.341697 ], [ -81.384556, 39.343449 ], [ -81.393794, 39.351706 ], [ -81.406689, 39.38809 ], [ -81.412706, 39.394618 ], [ -81.435642, 39.408474 ], [ -81.456143, 39.409274 ], [ -81.473187, 39.400169 ], [ -81.503189, 39.373242 ], [ -81.542346, 39.352874 ], [ -81.557547, 39.338774 ], [ -81.565247, 39.276175 ], [ -81.570247, 39.267675 ], [ -81.585559, 39.268747 ], [ -81.605816, 39.275851 ], [ -81.622185, 39.273675 ], [ -81.645338, 39.277339 ], [ -81.670187, 39.275963 ], [ -81.684763, 39.270027 ], [ -81.69662, 39.256139 ], [ -81.691915, 39.227035 ], [ -81.700908, 39.220844 ], [ -81.725622, 39.215905 ], [ -81.736874, 39.192628 ], [ -81.751206, 39.186043 ], [ -81.75618, 39.18046 ], [ -81.742765, 39.142669 ], [ -81.745194, 39.138239 ], [ -81.742353, 39.111277 ], [ -81.746054, 39.096978 ], [ -81.760754, 39.084077 ], [ -81.775555, 39.078377 ], [ -81.806654, 39.084078 ], [ -81.813854, 39.079678 ], [ -81.812354, 39.061279 ], [ -81.808055, 39.053777 ], [ -81.800355, 39.044978 ], [ -81.772854, 39.026179 ], [ -81.764253, 39.015279 ], [ -81.765153, 39.002579 ], [ -81.774062, 38.993682 ], [ -81.78182, 38.964935 ], [ -81.778845, 38.955892 ], [ -81.756975, 38.937154 ], [ -81.757058, 38.931228 ], [ -81.762658, 38.924123 ], [ -81.774105, 38.922964 ], [ -81.785647, 38.926192 ], [ -81.811157, 38.944721 ], [ -81.827354, 38.945898 ], [ -81.844486, 38.928746 ], [ -81.845312, 38.910088 ], [ -81.855971, 38.892734 ], [ -81.889233, 38.874279 ], [ -81.90297, 38.87609 ], [ -81.927999, 38.893492 ], [ -81.92667, 38.901311 ], [ -81.89847, 38.929603 ], [ -81.900595, 38.937671 ], [ -81.933186, 38.98766 ], [ -81.951447, 38.996032 ], [ -81.979371, 38.993193 ], [ -81.991361, 39.018378 ], [ -82.004499, 39.028892 ], [ -82.021884, 39.029491 ], [ -82.037749, 39.023865 ], [ -82.051563, 38.994378 ], [ -82.091565, 38.973778 ], [ -82.094865, 38.964578 ], [ -82.109065, 38.945579 ], [ -82.110866, 38.940379 ], [ -82.110565, 38.935279 ], [ -82.111667, 38.932579 ], [ -82.111166, 38.936579 ], [ -82.129366, 38.907879 ], [ -82.143167, 38.898079 ], [ -82.145367, 38.884179 ], [ -82.139224, 38.86502 ], [ -82.145467, 38.83968 ], [ -82.163598, 38.823424 ], [ -82.191172, 38.815137 ], [ -82.211438, 38.80122 ], [ -82.221566, 38.787187 ], [ -82.219644, 38.772283 ], [ -82.198882, 38.757725 ], [ -82.187968, 38.733082 ], [ -82.186868, 38.722282 ], [ -82.193098, 38.737718 ], [ -82.182467, 38.708782 ], [ -82.190867, 38.680383 ], [ -82.172467, 38.628784 ], [ -82.175267, 38.607084 ], [ -82.188767, 38.594984 ], [ -82.201004, 38.592052 ], [ -82.221468, 38.591284 ], [ -82.246659, 38.598569 ], [ -82.26207, 38.598183 ], [ -82.27427, 38.593683 ], [ -82.291271, 38.578983 ], [ -82.295671, 38.538483 ], [ -82.303971, 38.517683 ], [ -82.304927, 38.49394 ], [ -82.318111, 38.457876 ], [ -82.323999, 38.449268 ], [ -82.332735, 38.44354 ], [ -82.381773, 38.434783 ], [ -82.404882, 38.439347 ], [ -82.538234, 38.404081 ], [ -82.570571, 38.40496 ], [ -82.583378, 38.40997 ], [ -82.593482, 38.418252 ], [ -82.600972, 38.439107 ], [ -82.603646, 38.459223 ], [ -82.610808, 38.471953 ], [ -82.653595, 38.493843 ], [ -82.698285, 38.54377 ], [ -82.727905, 38.558871 ], [ -82.795871, 38.56181 ], [ -82.821214, 38.573393 ], [ -82.842472, 38.58891 ], [ -82.854455, 38.613769 ], [ -82.860383, 38.662882 ], [ -82.877493, 38.689465 ], [ -82.869884, 38.727272 ], [ -82.871769, 38.739427 ], [ -82.87954, 38.751298 ], [ -82.890432, 38.75626 ], [ -82.934678, 38.746664 ], [ -82.971489, 38.7272 ], [ -83.008784, 38.729994 ], [ -83.030495, 38.725839 ], [ -83.054018, 38.695068 ], [ -83.062873, 38.689307 ], [ -83.112384, 38.671623 ], [ -83.122067, 38.660098 ], [ -83.126693, 38.644393 ], [ -83.134754, 38.632013 ], [ -83.153243, 38.618982 ], [ -83.204364, 38.616775 ], [ -83.230887, 38.627104 ], [ -83.245664, 38.628564 ], [ -83.264263, 38.621401 ], [ -83.281876, 38.603209 ], [ -83.293181, 38.596714 ], [ -83.305219, 38.599411 ], [ -83.316587, 38.608004 ], [ -83.322151, 38.63008 ], [ -83.327743, 38.637831 ], [ -83.362775, 38.65722 ], [ -83.384858, 38.663111 ], [ -83.445399, 38.66999 ], [ -83.46771, 38.675348 ], [ -83.493636, 38.694518 ], [ -83.520883, 38.703062 ], [ -83.545224, 38.699928 ], [ -83.601861, 38.683981 ], [ -83.611516, 38.684653 ], [ -83.626023, 38.678611 ], [ -83.636491, 38.667346 ], [ -83.645476, 38.635561 ], [ -83.659485, 38.627384 ], [ -83.668395, 38.626453 ], [ -83.681523, 38.630334 ], [ -83.720862, 38.646674 ], [ -83.764188, 38.652525 ], [ -83.773631, 38.661061 ], [ -83.784463, 38.696723 ], [ -83.792072, 38.702301 ], [ -83.82189, 38.709537 ], [ -83.836759, 38.717718 ], [ -83.841556, 38.723919 ], [ -83.848891, 38.747477 ], [ -83.858316, 38.756325 ], [ -83.869407, 38.761301 ], [ -83.925661, 38.771208 ], [ -83.943207, 38.783176 ], [ -83.962367, 38.787521 ], [ -83.978095, 38.787363 ], [ -84.043753, 38.77067 ], [ -84.070779, 38.770414 ], [ -84.09246, 38.774422 ], [ -84.147212, 38.792861 ], [ -84.213115, 38.805835 ], [ -84.225298, 38.817461 ], [ -84.231864, 38.83272 ], [ -84.23434, 38.893265 ], [ -84.257039, 38.922649 ], [ -84.288777, 38.955644 ], [ -84.295796, 38.969209 ], [ -84.297732, 38.989743 ], [ -84.306074, 39.007753 ], [ -84.32662, 39.027262 ], [ -84.347599, 39.03758 ], [ -84.376913, 39.044163 ], [ -84.408054, 39.045934 ], [ -84.426389, 39.053134 ], [ -84.428564, 39.055579 ], [ -84.423868, 39.05286 ], [ -84.430561, 39.05874 ], [ -84.432732, 39.066834 ], [ -84.43516, 39.100362 ], [ -84.44322, 39.112174 ], [ -84.452534, 39.119239 ], [ -84.464555, 39.122016 ], [ -84.475797, 39.119938 ], [ -84.497025, 39.100358 ], [ -84.510338, 39.093873 ], [ -84.525626, 39.092478 ], [ -84.540663, 39.099101 ], [ -84.550816, 39.099548 ], [ -84.571906, 39.08243 ], [ -84.60385, 39.073727 ], [ -84.618343, 39.073304 ], [ -84.632532, 39.076634 ], [ -84.658517, 39.095812 ], [ -84.687234, 39.10156 ], [ -84.715095, 39.13372 ], [ -84.727462, 39.142727 ], [ -84.743351, 39.147585 ], [ -84.753401, 39.147114 ], [ -84.768281, 39.137306 ], [ -84.787768, 39.115313 ], [ -84.832435, 39.100489 ], [ -84.861019, 39.077986 ], [ -84.889059, 39.066126 ], [ -84.897371, 39.0574 ], [ -84.885774, 39.037661 ], [ -84.871824, 39.027756 ], [ -84.838579, 38.989902 ], [ -84.830049, 38.97256 ], [ -84.834252, 38.958771 ], [ -84.87692, 38.921669 ], [ -84.879309, 38.916102 ], [ -84.877247, 38.909413 ], [ -84.866635, 38.898805 ], [ -84.81216, 38.89498 ], [ -84.793159, 38.887418 ], [ -84.785275, 38.880425 ], [ -84.785735, 38.86996 ], [ -84.791524, 38.859974 ], [ -84.823645, 38.838921 ], [ -84.830045, 38.83014 ], [ -84.82702, 38.818527 ], [ -84.813991, 38.800217 ], [ -84.811599, 38.79196 ], [ -84.813819, 38.785075 ], [ -84.828857, 38.783271 ], [ -84.887421, 38.794831 ], [ -84.941119, 38.775688 ], [ -84.991924, 38.778284 ], [ -85.012247, 38.765976 ], [ -85.102014, 38.726297 ], [ -85.137407, 38.699867 ], [ -85.173161, 38.688007 ], [ -85.188871, 38.687585 ], [ -85.213053, 38.695453 ], [ -85.226418, 38.705993 ], [ -85.246455, 38.731746 ], [ -85.272376, 38.74074 ], [ -85.306101, 38.741528 ], [ -85.364447, 38.730429 ], [ -85.414144, 38.736859 ], [ -85.435947, 38.72871 ], [ -85.451544, 38.707904 ], [ -85.451784, 38.71015 ], [ -85.456723, 38.686357 ], [ -85.438629, 38.65889 ], [ -85.438044, 38.604547 ], [ -85.415653, 38.563209 ], [ -85.415555, 38.544969 ], [ -85.419532, 38.53533 ], [ -85.434234, 38.523264 ], [ -85.469689, 38.508012 ], [ -85.488889, 38.477652 ], [ -85.505707, 38.464717 ], [ -85.534354, 38.455781 ], [ -85.582753, 38.451043 ], [ -85.606954, 38.438574 ], [ -85.62034, 38.423414 ], [ -85.631833, 38.398427 ], [ -85.637454, 38.382219 ], [ -85.639385, 38.361106 ], [ -85.652264, 38.328792 ], [ -85.679962, 38.297585 ], [ -85.743475, 38.267294 ], [ -85.760922, 38.271914 ], [ -85.766911, 38.276591 ], [ -85.766394, 38.280546 ], [ -85.781188, 38.288307 ], [ -85.818402, 38.282169 ], [ -85.829065, 38.276554 ], [ -85.836588, 38.264072 ], [ -85.838921, 38.240331 ], [ -85.843599, 38.232179 ], [ -85.852035, 38.2223 ], [ -85.882666, 38.200847 ], [ -85.90618, 38.167906 ], [ -85.909096, 38.142341 ], [ -85.905052, 38.089957 ], [ -85.913868, 38.071854 ], [ -85.920652, 38.032306 ], [ -85.925654, 38.021784 ], [ -85.946509, 38.005228 ], [ -86.009467, 37.99839 ], [ -86.030358, 37.992057 ], [ -86.034999, 37.98429 ], [ -86.03411, 37.965401 ], [ -86.038906, 37.95899 ], [ -86.051105, 37.961255 ], [ -86.063745, 37.97425 ], [ -86.077279, 37.99739 ], [ -86.073858, 37.995511 ], [ -86.094602, 38.008809 ], [ -86.125329, 38.01624 ], [ -86.148929, 38.014657 ], [ -86.163186, 38.010064 ], [ -86.178178, 38.010561 ], [ -86.220242, 38.027964 ], [ -86.233339, 38.039625 ], [ -86.267805, 38.057148 ], [ -86.272773, 38.064824 ], [ -86.278554, 38.086418 ], [ -86.279116, 38.100938 ], [ -86.270396, 38.128897 ], [ -86.272847, 38.140835 ], [ -86.29282, 38.162479 ], [ -86.31883, 38.173792 ], [ -86.347401, 38.195112 ], [ -86.359772, 38.19884 ], [ -86.370952, 38.195575 ], [ -86.376013, 38.190663 ], [ -86.378471, 38.181599 ], [ -86.376728, 38.169743 ], [ -86.365342, 38.161367 ], [ -86.325874, 38.154029 ], [ -86.321133, 38.146586 ], [ -86.32512, 38.136339 ], [ -86.338671, 38.127882 ], [ -86.380768, 38.129018 ], [ -86.389316, 38.122292 ], [ -86.396463, 38.106891 ], [ -86.401879, 38.104329 ], [ -86.432344, 38.126336 ], [ -86.448991, 38.127321 ], [ -86.461241, 38.120926 ], [ -86.466352, 38.113474 ], [ -86.464682, 38.102508 ], [ -86.457408, 38.095016 ], [ -86.43233, 38.084802 ], [ -86.430518, 38.075563 ], [ -86.433923, 38.065705 ], [ -86.447898, 38.053171 ], [ -86.459773, 38.048129 ], [ -86.515907, 38.043098 ], [ -86.521712, 38.039617 ], [ -86.525138, 38.028734 ], [ -86.524937, 37.966495 ], [ -86.520176, 37.953828 ], [ -86.509318, 37.942297 ], [ -86.507341, 37.929505 ], [ -86.533836, 37.917151 ], [ -86.579416, 37.923175 ], [ -86.588687, 37.92109 ], [ -86.597226, 37.912922 ], [ -86.600126, 37.905171 ], [ -86.598194, 37.867163 ], [ -86.608655, 37.855703 ], [ -86.638279, 37.84269 ], [ -86.655233, 37.842481 ], [ -86.662241, 37.85285 ], [ -86.660653, 37.864247 ], [ -86.644257, 37.896517 ], [ -86.647853, 37.909387 ], [ -86.680788, 37.915035 ], [ -86.717436, 37.893504 ], [ -86.732545, 37.894768 ], [ -86.751121, 37.913356 ], [ -86.777839, 37.951688 ], [ -86.794965, 37.989213 ], [ -86.819689, 37.999422 ], [ -86.860914, 37.984368 ], [ -86.901983, 37.946448 ], [ -86.918922, 37.936837 ], [ -86.97618, 37.931112 ], [ -87.009975, 37.919893 ], [ -87.034166, 37.906265 ], [ -87.045878, 37.892646 ], [ -87.04324, 37.868368 ], [ -87.065414, 37.807614 ], [ -87.071533, 37.799818 ], [ -87.089279, 37.787862 ], [ -87.11073, 37.782418 ], [ -87.130068, 37.786779 ], [ -87.141115, 37.815518 ], [ -87.161704, 37.839764 ], [ -87.22026, 37.848971 ], [ -87.2555, 37.867802 ], [ -87.298655, 37.896134 ], [ -87.319982, 37.905672 ], [ -87.338787, 37.908482 ], [ -87.362085, 37.921205 ], [ -87.371688, 37.931189 ], [ -87.411991, 37.944503 ], [ -87.449131, 37.941854 ], [ -87.497631, 37.910699 ], [ -87.510567, 37.906081 ], [ -87.556045, 37.928168 ], [ -87.567023, 37.938738 ], [ -87.573567, 37.951722 ], [ -87.577511, 37.951661 ], [ -87.574233, 37.961146 ], [ -87.577809, 37.970198 ], [ -87.587408, 37.975276 ], [ -87.597764, 37.973897 ], [ -87.603155, 37.96765 ], [ -87.605813, 37.949611 ], [ -87.622429, 37.936203 ], [ -87.617404, 37.93827 ], [ -87.626411, 37.927928 ], [ -87.627317, 37.920402 ], [ -87.619824, 37.906846 ], [ -87.587141, 37.884858 ], [ -87.583925, 37.872485 ], [ -87.586304, 37.872493 ], [ -87.590267, 37.85859 ], [ -87.597532, 37.848047 ], [ -87.612446, 37.833608 ], [ -87.644161, 37.826189 ], [ -87.670344, 37.827962 ], [ -87.679411, 37.836525 ], [ -87.681684, 37.856273 ], [ -87.664033, 37.887477 ], [ -87.66684, 37.895763 ], [ -87.675011, 37.901643 ], [ -87.684414, 37.903665 ], [ -87.718208, 37.892601 ], [ -87.737351, 37.894732 ], [ -87.759239, 37.891662 ], [ -87.791429, 37.875661 ], [ -87.829773, 37.876425 ], [ -87.839668, 37.88078 ], [ -87.846443, 37.887992 ], [ -87.846489, 37.893534 ], [ -87.856787, 37.900193 ], [ -87.863785, 37.912397 ], [ -87.875025, 37.922864 ], [ -87.898112, 37.927588 ], [ -87.911463, 37.918791 ], [ -87.93731, 37.892071 ], [ -87.940742, 37.8845 ], [ -87.93688, 37.868716 ], [ -87.909967, 37.843028 ], [ -87.903647, 37.816785 ], [ -87.907375, 37.807129 ], [ -87.934129, 37.796414 ], [ -87.944855, 37.77481 ], [ -87.95184, 37.771695 ], [ -87.959833, 37.773133 ], [ -87.972851, 37.785371 ], [ -88.004715, 37.800104 ], [ -88.016289, 37.801971 ], [ -88.02985, 37.798252 ], [ -88.036316, 37.791157 ], [ -88.044585, 37.763122 ], [ -88.059333, 37.742967 ], [ -88.070314, 37.733323 ], [ -88.121522, 37.710243 ], [ -88.134215, 37.69154 ], [ -88.150547, 37.676753 ], [ -88.159157, 37.662611 ], [ -88.157993, 37.636948 ], [ -88.14078, 37.600256 ], [ -88.14059, 37.58483 ], [ -88.134281, 37.574636 ], [ -88.10574, 37.556594 ], [ -88.089444, 37.536366 ], [ -88.069011, 37.525399 ], [ -88.062827, 37.514861 ], [ -88.061114, 37.504122 ], [ -88.067844, 37.485867 ], [ -88.073122, 37.485691 ], [ -88.085457, 37.471564 ], [ -88.093876, 37.473803 ], [ -88.135161, 37.471754 ], [ -88.196539, 37.460703 ], [ -88.281631, 37.452729 ], [ -88.323633, 37.433992 ], [ -88.348398, 37.41096 ], [ -88.364465, 37.401736 ], [ -88.372137, 37.403106 ], [ -88.377147, 37.409644 ], [ -88.395218, 37.420533 ], [ -88.412114, 37.425061 ], [ -88.452813, 37.41094 ], [ -88.475283, 37.389857 ], [ -88.484683, 37.345234 ], [ -88.512435, 37.296616 ], [ -88.515903, 37.284091 ], [ -88.506727, 37.264989 ], [ -88.503942, 37.264787 ], [ -88.509155, 37.262075 ], [ -88.512154, 37.263789 ], [ -88.51141, 37.261477 ], [ -88.487437, 37.244294 ], [ -88.472174, 37.220307 ], [ -88.458517, 37.213354 ], [ -88.448038, 37.203642 ], [ -88.43306, 37.162637 ], [ -88.424657, 37.152291 ], [ -88.442984, 37.111918 ], [ -88.443424, 37.108694 ], [ -88.440626, 37.1086 ], [ -88.445776, 37.099683 ], [ -88.445614, 37.093332 ], [ -88.459941, 37.074628 ], [ -88.482624, 37.067257 ], [ -88.516686, 37.065384 ], [ -88.546925, 37.070819 ], [ -88.565696, 37.077673 ], [ -88.56651, 37.075374 ], [ -88.589865, 37.099785 ], [ -88.618689, 37.116768 ], [ -88.644042, 37.122389 ], [ -88.692608, 37.141105 ], [ -88.704374, 37.14297 ], [ -88.71946, 37.140751 ], [ -88.732499, 37.143945 ], [ -88.7615, 37.159612 ], [ -88.802606, 37.187736 ], [ -88.91618, 37.223991 ], [ -88.941589, 37.228823 ], [ -88.932684, 37.22526 ], [ -88.9545, 37.224917 ], [ -88.972956, 37.228491 ], [ -88.96629, 37.23009 ], [ -88.97737, 37.229444 ], [ -89.000065, 37.22476 ], [ -89.013154, 37.216478 ], [ -89.029866, 37.211065 ], [ -89.086712, 37.165451 ], [ -89.1095, 37.123093 ], [ -89.12585, 37.108476 ], [ -89.148177, 37.098417 ], [ -89.150582, 37.093699 ], [ -89.14607, 37.091004 ], [ -89.152401, 37.090087 ], [ -89.165111, 37.077653 ], [ -89.179385, 37.053248 ], [ -89.182467, 37.039164 ], [ -89.180873, 37.026067 ], [ -89.170173, 37.007067 ], [ -89.136559, 36.983758 ], [ -89.123442, 36.983193 ], [ -89.110946, 36.977797 ], [ -89.100282, 36.965774 ], [ -89.098968, 36.956067 ], [ -89.117115, 36.888685 ], [ -89.138109, 36.847323 ], [ -89.152681, 36.847105 ], [ -89.159005, 36.842729 ], [ -89.170443, 36.84184 ], [ -89.178855, 36.833336 ], [ -89.17925, 36.811366 ], [ -89.170563, 36.797538 ], [ -89.157137, 36.789569 ], [ -89.125042, 36.78621 ], [ -89.117783, 36.777246 ], [ -89.11646, 36.768671 ], [ -89.125967, 36.751809 ], [ -89.169785, 36.759641 ], [ -89.18532, 36.753349 ], [ -89.197856, 36.739772 ], [ -89.2014, 36.725881 ], [ -89.199311, 36.715624 ], [ -89.170462, 36.690048 ], [ -89.167971, 36.679089 ], [ -89.171884, 36.672598 ], [ -89.159118, 36.666354 ], [ -89.197753, 36.628971 ], [ -89.202771, 36.601665 ], [ -89.213874, 36.579911 ], [ -89.229757, 36.568624 ], [ -89.260855, 36.565397 ], [ -89.273329, 36.57267 ], [ -89.287996, 36.586862 ], [ -89.324637, 36.631023 ], [ -89.343902, 36.631888 ], [ -89.365797, 36.625126 ], [ -89.376144, 36.614132 ], [ -89.38271, 36.583722 ], [ -89.395833, 36.559325 ], [ -89.398626, 36.542276 ], [ -89.417275, 36.499011 ], [ -89.443735, 36.469161 ], [ -89.464433, 36.457747 ], [ -89.486193, 36.462114 ], [ -89.493947, 36.473559 ], [ -89.486687, 36.494992 ], [ -89.473256, 36.512416 ], [ -89.465913, 36.530015 ], [ -89.46782, 36.546974 ], [ -89.47993, 36.569087 ], [ -89.528541, 36.581582 ], [ -89.538247, 36.581294 ], [ -89.556316, 36.575129 ], [ -89.56905, 36.561721 ], [ -89.570763, 36.548823 ], [ -89.559874, 36.523467 ], [ -89.519922, 36.477053 ], [ -89.523427, 36.456572 ], [ -89.543406, 36.43877 ], [ -89.545255, 36.427079 ], [ -89.513956, 36.384891 ], [ -89.509722, 36.373626 ], [ -89.519, 36.3486 ], [ -89.531822, 36.339246 ], [ -89.545006, 36.336809 ], [ -89.581636, 36.342357 ], [ -89.605668, 36.342234 ], [ -89.615841, 36.336085 ], [ -89.620255, 36.323006 ], [ -89.611819, 36.309088 ], [ -89.578492, 36.288317 ], [ -89.554296, 36.277753 ], [ -89.544797, 36.280458 ], [ -89.539487, 36.277368 ], [ -89.536441, 36.272827 ], [ -89.534676, 36.252771 ], [ -89.544743, 36.247484 ], [ -89.562206, 36.250909 ], [ -89.577544, 36.242262 ], [ -89.602374, 36.238106 ], [ -89.651407, 36.250683 ], [ -89.678043, 36.248287 ], [ -89.695235, 36.252766 ], [ -89.701821, 36.246004 ], [ -89.70525, 36.236568 ], [ -89.69263, 36.224959 ], [ -89.607004, 36.171179 ], [ -89.593583, 36.154005 ], [ -89.591632, 36.142135 ], [ -89.593549, 36.128138 ], [ -89.601936, 36.11947 ], [ -89.628305, 36.106853 ], [ -89.666598, 36.095802 ], [ -89.678821, 36.084636 ], [ -89.688577, 36.029238 ], [ -89.706932, 36.000981 ], [ -90.3779, 35.995745 ], [ -90.351782, 36.025057 ], [ -90.354284, 36.030325 ], [ -90.348275, 36.035051 ], [ -90.348208, 36.041573 ], [ -90.336874, 36.047238 ], [ -90.333345, 36.067476 ], [ -90.320621, 36.07132 ], [ -90.318238, 36.076134 ], [ -90.319612, 36.08957 ], [ -90.300185, 36.097719 ], [ -90.29306, 36.11443 ], [ -90.272977, 36.116811 ], [ -90.260862, 36.127257 ], [ -90.253267, 36.127312 ], [ -90.245556, 36.136188 ], [ -90.235445, 36.139395 ], [ -90.23123, 36.15359 ], [ -90.235347, 36.15954 ], [ -90.231208, 36.163761 ], [ -90.229613, 36.173156 ], [ -90.220346, 36.18454 ], [ -90.211359, 36.183099 ], [ -90.204415, 36.186855 ], [ -90.200238, 36.196459 ], [ -90.196456, 36.196372 ], [ -90.18813, 36.205461 ], [ -90.177634, 36.207266 ], [ -90.169472, 36.214124 ], [ -90.155716, 36.213822 ], [ -90.149016, 36.221789 ], [ -90.145718, 36.220849 ], [ -90.141852, 36.227654 ], [ -90.13241, 36.226432 ], [ -90.126257, 36.229214 ], [ -90.1248, 36.235263 ], [ -90.130883, 36.241372 ], [ -90.124002, 36.243145 ], [ -90.118374, 36.253273 ], [ -90.117068, 36.263487 ], [ -90.096298, 36.271305 ], [ -90.083529, 36.272122 ], [ -90.07572, 36.281053 ], [ -90.079015, 36.289868 ], [ -90.071502, 36.293206 ], [ -90.064193, 36.302502 ], [ -90.069487, 36.313254 ], [ -90.082382, 36.321997 ], [ -90.075459, 36.334345 ], [ -90.078323, 36.337709 ], [ -90.074188, 36.34337 ], [ -90.078032, 36.349293 ], [ -90.068038, 36.356538 ], [ -90.063467, 36.367082 ], [ -90.062779, 36.377163 ], [ -90.066745, 36.378006 ], [ -90.063504, 36.384081 ], [ -90.068126, 36.385149 ], [ -90.065849, 36.387452 ], [ -90.068998, 36.388234 ], [ -90.070537, 36.39352 ], [ -90.074194, 36.392985 ], [ -90.08152, 36.401096 ], [ -90.098434, 36.404011 ], [ -90.101551, 36.40197 ], [ -90.10434, 36.405429 ], [ -90.110322, 36.404165 ], [ -90.110825, 36.407744 ], [ -90.115597, 36.405816 ], [ -90.113645, 36.409562 ], [ -90.118504, 36.409429 ], [ -90.118886, 36.412513 ], [ -90.128745, 36.411446 ], [ -90.127404, 36.416736 ], [ -90.138503, 36.413726 ], [ -90.134403, 36.422877 ], [ -90.139303, 36.42132 ], [ -90.144312, 36.426018 ], [ -90.143011, 36.430948 ], [ -90.137948, 36.431563 ], [ -90.138896, 36.435107 ], [ -90.13426, 36.436454 ], [ -90.137268, 36.450189 ], [ -90.133953, 36.453781 ], [ -90.140962, 36.458538 ], [ -90.143007, 36.46796 ], [ -90.145032, 36.462851 ], [ -90.150499, 36.465464 ], [ -90.155407, 36.463795 ], [ -90.152985, 36.470771 ], [ -90.145662, 36.469055 ], [ -90.142392, 36.471399 ], [ -90.144181, 36.476196 ], [ -90.159544, 36.480244 ], [ -90.157206, 36.484311 ], [ -90.160099, 36.487504 ], [ -90.156151, 36.489097 ], [ -90.160067, 36.494378 ], [ -90.15345, 36.493048 ], [ -90.152307, 36.497982 ], [ -94.617859, 36.499431 ], [ -94.617964, 36.998905 ] ] ] } },
{ "type": "Feature", "properties": { "region_name": "Northeast" }, "geometry": { "type": "MultiPolygon", "coordinates": [ [ [ [ -74.482818, 39.284135 ], [ -74.490819, 39.27395 ], [ -74.509761, 39.259622 ], [ -74.523958, 39.24026 ], [ -74.565241, 39.210642 ], [ -74.583735, 39.18722 ], [ -74.595346, 39.177752 ], [ -74.603602, 39.162945 ], [ -74.624602, 39.14358 ], [ -74.644279, 39.114824 ], [ -74.639868, 39.094653 ], [ -74.646874, 39.076212 ], [ -74.661615, 39.061284 ], [ -74.682193, 39.049824 ], [ -74.715571, 39.009216 ], [ -74.728402, 38.974249 ], [ -74.733423, 38.967658 ], [ -74.749608, 38.954059 ], [ -74.773938, 38.942794 ], [ -74.800679, 38.920583 ], [ -74.809393, 38.906957 ], [ -74.824329, 38.896262 ], [ -74.840798, 38.890098 ], [ -74.872158, 38.887794 ], [ -74.907986, 38.879316 ], [ -75.015123, 38.788657 ], [ -75.168462, 39.056179 ], [ -75.191671, 39.079 ], [ -75.249017, 39.158945 ], [ -75.321021, 39.251379 ], [ -75.469436, 39.373147 ], [ -75.48136, 39.387555 ], [ -75.560538, 39.455645 ], [ -75.563586, 39.483048 ], [ -75.55909, 39.495806 ], [ -75.526974, 39.499168 ], [ -75.530141, 39.505373 ], [ -75.526787, 39.53144 ], [ -75.534014, 39.540702 ], [ -75.519068, 39.555434 ], [ -75.51196, 39.56729 ], [ -75.514747, 39.580884 ], [ -75.527693, 39.584112 ], [ -75.537503, 39.593627 ], [ -75.553512, 39.601819 ], [ -75.557371, 39.609115 ], [ -75.558773, 39.629987 ], [ -75.541978, 39.645425 ], [ -75.533524, 39.647557 ], [ -75.515533, 39.666326 ], [ -75.510374, 39.677935 ], [ -75.509874, 39.693915 ], [ -75.496312, 39.700956 ], [ -75.488384, 39.714708 ], [ -75.479361, 39.713706 ], [ -75.476438, 39.716199 ], [ -75.475693, 39.733658 ], [ -75.462198, 39.763197 ], [ -75.452339, 39.769013 ], [ -75.450688, 39.775064 ], [ -75.4383, 39.784402 ], [ -75.405414, 39.796396 ], [ -75.454036, 39.820666 ], [ -75.50823, 39.835215 ], [ -75.550206, 39.839369 ], [ -75.59252, 39.837786 ], [ -75.634439, 39.830354 ], [ -75.672024, 39.81773 ], [ -75.705916, 39.799866 ], [ -75.734718, 39.777513 ], [ -75.75769, 39.751231 ], [ -75.773786, 39.7222 ], [ -76.990903, 39.719799 ], [ -78.315139, 39.722877 ], [ -80.519342, 39.721403 ], [ -80.519851, 42.327132 ], [ -80.080222, 42.394162 ], [ -78.99976, 42.804368 ], [ -78.930559, 42.850105 ], [ -78.905758, 42.899957 ], [ -78.905659, 42.923357 ], [ -78.909159, 42.933257 ], [ -78.918859, 42.946857 ], [ -78.93236, 42.955857 ], [ -78.961761, 42.957756 ], [ -78.975062, 42.968756 ], [ -79.011563, 42.985256 ], [ -79.019964, 42.994756 ], [ -79.023256, 43.016356 ], [ -79.011747, 43.028956 ], [ -78.999435, 43.056057 ], [ -79.00713, 43.065757 ], [ -79.074459, 43.077863 ], [ -79.075367, 43.081355 ], [ -79.065961, 43.091052 ], [ -79.057961, 43.106957 ], [ -79.060105, 43.113866 ], [ -79.069649, 43.120322 ], [ -79.054123, 43.129369 ], [ -79.043673, 43.138406 ], [ -79.042299, 43.143663 ], [ -79.04663, 43.162374 ], [ -79.053305, 43.173905 ], [ -79.048694, 43.200158 ], [ -79.056559, 43.210317 ], [ -79.053046, 43.22346 ], [ -79.055932, 43.254674 ], [ -79.070452, 43.262455 ], [ -79.200936, 43.450422 ], [ -78.749761, 43.609258 ], [ -78.688295, 43.634742 ], [ -78.124742, 43.631175 ], [ -76.776233, 43.629529 ], [ -76.753538, 43.684275 ], [ -76.498927, 44.000059 ], [ -76.438287, 44.094172 ], [ -76.352679, 44.134743 ], [ -76.312639, 44.199045 ], [ -76.286546, 44.203767 ], [ -76.245487, 44.203664 ], [ -76.206774, 44.214538 ], [ -76.191324, 44.221239 ], [ -76.164258, 44.239603 ], [ -76.161825, 44.280776 ], [ -76.131167, 44.296373 ], [ -76.11818, 44.294924 ], [ -76.096967, 44.299707 ], [ -76.045506, 44.331788 ], [ -76.001107, 44.347867 ], [ -75.981928, 44.347459 ], [ -75.970179, 44.342533 ], [ -75.929514, 44.359291 ], [ -75.921656, 44.368756 ], [ -75.912827, 44.367805 ], [ -75.821379, 44.432042 ], [ -75.807582, 44.471707 ], [ -75.766936, 44.515272 ], [ -75.662373, 44.591927 ], [ -75.620021, 44.618716 ], [ -75.504928, 44.705354 ], [ -75.476119, 44.720772 ], [ -75.423652, 44.756096 ], [ -75.413734, 44.772178 ], [ -75.396531, 44.773502 ], [ -75.387872, 44.779583 ], [ -75.369953, 44.782883 ], [ -75.369829, 44.788065 ], [ -75.344538, 44.809139 ], [ -75.333743, 44.806375 ], [ -75.301878, 44.826484 ], [ -75.307621, 44.83681 ], [ -75.283128, 44.849148 ], [ -75.256074, 44.857342 ], [ -75.241033, 44.867154 ], [ -75.22824, 44.868329 ], [ -75.218382, 44.877771 ], [ -75.202895, 44.877849 ], [ -75.164975, 44.893548 ], [ -75.139989, 44.896947 ], [ -75.134416, 44.915102 ], [ -75.117575, 44.921342 ], [ -75.105086, 44.919541 ], [ -75.096659, 44.927067 ], [ -75.064826, 44.929449 ], [ -75.059966, 44.93457 ], [ -75.027125, 44.946568 ], [ -75.005151, 44.958406 ], [ -74.999258, 44.966111 ], [ -74.99927, 44.971638 ], [ -74.992727, 44.977469 ], [ -74.972418, 44.983414 ], [ -74.907948, 44.983369 ], [ -74.900725, 44.992761 ], [ -74.887837, 45.000046 ], [ -74.86664, 45.000536 ], [ -74.862643, 45.004591 ], [ -74.826576, 45.015865 ], [ -74.817195, 45.011728 ], [ -74.801638, 45.014569 ], [ -74.793149, 45.004645 ], [ -74.763407, 45.005613 ], [ -74.760217, 44.994945 ], [ -74.731301, 44.990419 ], [ -74.722573, 44.998064 ], [ -74.702019, 45.003322 ], [ -74.683966, 44.99969 ], [ -74.673273, 45.000842 ], [ -74.670527, 45.006286 ], [ -74.663059, 44.998923 ], [ -74.465374, 44.997224 ], [ -74.336547, 44.992017 ], [ -74.150135, 44.99136 ], [ -73.841415, 45.002136 ], [ -73.650248, 45.003001 ], [ -73.06535, 45.015956 ], [ -72.63466, 45.014691 ], [ -72.555384, 45.008023 ], [ -72.450435, 45.008564 ], [ -72.311947, 45.003787 ], [ -71.501019, 45.013443 ], [ -71.500156, 45.023486 ], [ -71.497113, 45.023601 ], [ -71.500137, 45.026079 ], [ -71.492549, 45.033548 ], [ -71.49092, 45.042637 ], [ -71.493276, 45.045773 ], [ -71.506606, 45.047555 ], [ -71.504388, 45.052374 ], [ -71.497202, 45.055801 ], [ -71.501266, 45.058725 ], [ -71.497103, 45.060116 ], [ -71.495667, 45.064754 ], [ -71.498042, 45.070187 ], [ -71.487757, 45.071373 ], [ -71.487286, 45.078674 ], [ -71.48263, 45.078999 ], [ -71.478119, 45.084342 ], [ -71.467878, 45.083651 ], [ -71.464389, 45.09335 ], [ -71.458349, 45.095158 ], [ -71.458452, 45.098826 ], [ -71.449292, 45.104469 ], [ -71.448787, 45.112567 ], [ -71.440334, 45.113689 ], [ -71.428385, 45.123672 ], [ -71.426096, 45.129466 ], [ -71.437604, 45.141876 ], [ -71.426399, 45.152675 ], [ -71.423494, 45.160674 ], [ -71.424931, 45.165837 ], [ -71.418452, 45.17053 ], [ -71.414416, 45.184786 ], [ -71.40694, 45.189948 ], [ -71.404198, 45.194967 ], [ -71.405856, 45.197701 ], [ -71.397342, 45.203518 ], [ -71.403122, 45.215299 ], [ -71.415811, 45.218357 ], [ -71.420738, 45.223847 ], [ -71.443512, 45.234799 ], [ -71.442818, 45.238292 ], [ -71.434222, 45.238415 ], [ -71.421051, 45.232203 ], [ -71.402145, 45.242598 ], [ -71.384137, 45.233509 ], [ -71.378341, 45.243492 ], [ -71.362772, 45.248302 ], [ -71.356539, 45.253897 ], [ -71.363213, 45.266738 ], [ -71.360278, 45.270332 ], [ -71.353455, 45.268605 ], [ -71.336412, 45.272742 ], [ -71.330802, 45.280279 ], [ -71.307588, 45.287485 ], [ -71.296234, 45.299144 ], [ -71.284224, 45.302359 ], [ -71.280517, 45.294588 ], [ -71.272688, 45.296572 ], [ -71.264948, 45.293792 ], [ -71.262975, 45.277432 ], [ -71.259392, 45.272033 ], [ -71.245615, 45.268799 ], [ -71.235591, 45.260907 ], [ -71.230614, 45.249417 ], [ -71.222103, 45.253363 ], [ -71.220628, 45.250735 ], [ -71.212657, 45.250119 ], [ -71.196429, 45.254052 ], [ -71.180101, 45.239937 ], [ -71.173203, 45.246315 ], [ -71.162331, 45.250346 ], [ -71.14857, 45.24287 ], [ -71.14756, 45.239435 ], [ -71.13291, 45.244512 ], [ -71.127944, 45.25369 ], [ -71.124117, 45.255138 ], [ -71.11631, 45.274085 ], [ -71.107189, 45.278347 ], [ -71.105444, 45.282799 ], [ -71.110989, 45.284377 ], [ -71.098201, 45.301673 ], [ -71.0591, 45.313838 ], [ -71.033716, 45.310019 ], [ -71.027092, 45.314686 ], [ -71.008521, 45.319241 ], [ -71.001872, 45.328428 ], [ -71.012116, 45.333869 ], [ -71.013001, 45.344234 ], [ -71.010373, 45.347664 ], [ -70.990847, 45.338096 ], [ -70.984975, 45.331907 ], [ -70.967324, 45.332221 ], [ -70.952379, 45.339117 ], [ -70.94949, 45.331317 ], [ -70.938894, 45.31998 ], [ -70.929966, 45.318811 ], [ -70.927161, 45.314854 ], [ -70.917835, 45.311723 ], [ -70.91961, 45.305263 ], [ -70.912005, 45.296311 ], [ -70.921334, 45.279226 ], [ -70.907499, 45.268443 ], [ -70.905895, 45.260827 ], [ -70.898512, 45.258328 ], [ -70.895146, 45.252257 ], [ -70.898249, 45.24408 ], [ -70.895049, 45.240325 ], [ -70.882844, 45.234255 ], [ -70.858193, 45.229154 ], [ -70.838066, 45.234618 ], [ -70.836636, 45.237304 ], [ -70.84863, 45.245179 ], [ -70.84653, 45.253013 ], [ -70.849615, 45.255907 ], [ -70.848941, 45.26309 ], [ -70.841252, 45.267014 ], [ -70.831896, 45.278911 ], [ -70.829943, 45.29018 ], [ -70.835464, 45.293964 ], [ -70.816291, 45.298181 ], [ -70.81154, 45.303767 ], [ -70.814629, 45.308161 ], [ -70.808426, 45.311817 ], [ -70.806092, 45.321579 ], [ -70.807582, 45.327662 ], [ -70.818084, 45.332593 ], [ -70.819901, 45.340195 ], [ -70.809801, 45.348671 ], [ -70.81447, 45.356681 ], [ -70.802533, 45.365677 ], [ -70.813773, 45.387758 ], [ -70.823927, 45.391019 ], [ -70.825737, 45.400265 ], [ -70.81282, 45.411414 ], [ -70.811334, 45.416166 ], [ -70.802509, 45.417937 ], [ -70.798095, 45.426516 ], [ -70.787579, 45.426473 ], [ -70.781439, 45.43123 ], [ -70.764396, 45.425928 ], [ -70.754579, 45.42831 ], [ -70.744012, 45.421166 ], [ -70.743573, 45.41186 ], [ -70.730379, 45.404375 ], [ -70.729654, 45.399096 ], [ -70.723847, 45.395571 ], [ -70.712014, 45.390483 ], [ -70.699502, 45.394537 ], [ -70.696157, 45.392417 ], [ -70.678171, 45.394274 ], [ -70.661661, 45.38631 ], [ -70.658769, 45.377673 ], [ -70.650436, 45.377193 ], [ -70.634888, 45.383417 ], [ -70.638878, 45.388825 ], [ -70.636322, 45.395233 ], [ -70.621269, 45.402736 ], [ -70.635051, 45.411069 ], [ -70.635502, 45.414888 ], [ -70.631151, 45.415889 ], [ -70.627866, 45.4226 ], [ -70.630485, 45.426768 ], [ -70.640446, 45.430777 ], [ -70.650732, 45.444944 ], [ -70.681114, 45.452183 ], [ -70.681822, 45.461691 ], [ -70.692868, 45.466364 ], [ -70.691721, 45.474266 ], [ -70.716396, 45.486467 ], [ -70.717844, 45.490232 ], [ -70.711596, 45.501808 ], [ -70.722692, 45.506512 ], [ -70.722571, 45.513672 ], [ -70.711119, 45.519534 ], [ -70.706456, 45.527915 ], [ -70.699097, 45.530132 ], [ -70.700918, 45.532489 ], [ -70.696525, 45.539996 ], [ -70.686982, 45.549313 ], [ -70.677099, 45.552211 ], [ -70.689195, 45.562183 ], [ -70.685119, 45.566571 ], [ -70.687692, 45.569422 ], [ -70.678095, 45.570501 ], [ -70.653958, 45.592808 ], [ -70.644573, 45.606985 ], [ -70.619147, 45.612023 ], [ -70.607045, 45.625654 ], [ -70.590871, 45.630459 ], [ -70.583573, 45.642397 ], [ -70.564945, 45.654807 ], [ -70.563709, 45.662742 ], [ -70.558589, 45.666476 ], [ -70.542391, 45.666458 ], [ -70.533911, 45.671006 ], [ -70.526392, 45.666356 ], [ -70.519911, 45.669073 ], [ -70.510779, 45.679155 ], [ -70.476059, 45.696917 ], [ -70.465469, 45.70653 ], [ -70.439162, 45.703874 ], [ -70.42541, 45.707521 ], [ -70.429201, 45.710392 ], [ -70.400346, 45.719717 ], [ -70.396506, 45.729081 ], [ -70.390102, 45.728496 ], [ -70.383836, 45.734554 ], [ -70.393894, 45.740089 ], [ -70.394511, 45.743589 ], [ -70.388425, 45.750206 ], [ -70.407027, 45.762528 ], [ -70.405624, 45.776515 ], [ -70.410183, 45.784237 ], [ -70.415739, 45.785348 ], [ -70.41687, 45.795536 ], [ -70.39616, 45.798659 ], [ -70.396693, 45.808096 ], [ -70.387793, 45.814353 ], [ -70.388027, 45.818803 ], [ -70.372241, 45.828004 ], [ -70.369337, 45.831171 ], [ -70.370824, 45.835198 ], [ -70.359426, 45.83545 ], [ -70.341945, 45.852344 ], [ -70.307806, 45.858847 ], [ -70.284458, 45.871698 ], [ -70.258822, 45.891169 ], [ -70.265718, 45.893749 ], [ -70.253867, 45.90248 ], [ -70.253386, 45.90737 ], [ -70.259532, 45.909764 ], [ -70.257183, 45.917639 ], [ -70.262351, 45.920042 ], [ -70.26309, 45.923987 ], [ -70.239626, 45.939638 ], [ -70.239142, 45.943944 ], [ -70.244275, 45.944678 ], [ -70.242325, 45.946639 ], [ -70.252794, 45.955401 ], [ -70.260526, 45.95229 ], [ -70.258024, 45.958979 ], [ -70.265714, 45.964206 ], [ -70.274476, 45.961383 ], [ -70.272686, 45.964373 ], [ -70.277004, 45.967251 ], [ -70.283386, 45.963777 ], [ -70.315859, 45.962991 ], [ -70.31157, 45.966359 ], [ -70.311934, 45.974518 ], [ -70.307032, 45.978348 ], [ -70.30699, 45.982692 ], [ -70.294671, 45.986163 ], [ -70.283942, 45.995488 ], [ -70.288627, 45.994008 ], [ -70.291922, 45.997361 ], [ -70.302369, 45.99868 ], [ -70.306121, 46.009766 ], [ -70.317996, 46.019075 ], [ -70.301374, 46.02762 ], [ -70.29846, 46.030879 ], [ -70.301853, 46.033338 ], [ -70.297365, 46.04071 ], [ -70.281049, 46.050646 ], [ -70.278321, 46.056286 ], [ -70.278942, 46.060838 ], [ -70.284246, 46.062718 ], [ -70.300384, 46.060585 ], [ -70.310956, 46.064182 ], [ -70.302531, 46.070358 ], [ -70.305025, 46.071803 ], [ -70.299982, 46.078415 ], [ -70.301909, 46.08236 ], [ -70.292022, 46.086793 ], [ -70.289706, 46.094574 ], [ -70.284184, 46.09789 ], [ -70.285937, 46.099826 ], [ -70.272533, 46.102085 ], [ -70.253114, 46.100119 ], [ -70.254531, 46.113703 ], [ -70.236283, 46.145233 ], [ -70.240594, 46.150969 ], [ -70.248233, 46.151806 ], [ -70.266569, 46.169331 ], [ -70.277594, 46.174575 ], [ -70.285939, 46.184628 ], [ -70.290608, 46.185136 ], [ -70.292692, 46.191464 ], [ -70.271075, 46.210825 ], [ -70.273647, 46.216828 ], [ -70.267481, 46.219408 ], [ -70.267336, 46.225017 ], [ -70.260367, 46.230228 ], [ -70.259197, 46.238917 ], [ -70.250892, 46.249108 ], [ -70.254678, 46.254214 ], [ -70.253072, 46.258825 ], [ -70.248661, 46.267081 ], [ -70.240667, 46.27295 ], [ -70.239878, 46.27915 ], [ -70.232531, 46.284708 ], [ -70.231633, 46.291028 ], [ -70.205881, 46.299728 ], [ -70.2061, 46.309856 ], [ -70.202983, 46.314361 ], [ -70.207292, 46.319553 ], [ -70.206047, 46.324742 ], [ -70.208944, 46.329494 ], [ -70.195697, 46.340833 ], [ -70.191189, 46.350217 ], [ -70.181692, 46.352181 ], [ -70.172886, 46.359186 ], [ -70.166564, 46.357361 ], [ -70.156433, 46.36145 ], [ -70.148092, 46.358994 ], [ -70.141094, 46.362522 ], [ -70.136436, 46.369872 ], [ -70.126992, 46.370808 ], [ -70.127025, 46.3804 ], [ -70.116206, 46.385917 ], [ -70.116647, 46.388217 ], [ -70.114211, 46.385203 ], [ -70.110764, 46.386108 ], [ -70.112317, 46.388094 ], [ -70.107761, 46.387719 ], [ -70.109875, 46.390269 ], [ -70.098781, 46.401069 ], [ -70.100419, 46.40315 ], [ -70.097775, 46.404244 ], [ -70.100936, 46.405256 ], [ -70.095175, 46.406417 ], [ -70.096944, 46.409478 ], [ -70.076447, 46.409539 ], [ -70.0565, 46.415578 ], [ -69.997111, 46.69552 ], [ -69.612854, 47.079033 ], [ -69.224461, 47.459833 ], [ -69.205196, 47.451953 ], [ -69.178897, 47.457378 ], [ -69.164928, 47.451515 ], [ -69.162258, 47.447432 ], [ -69.156499, 47.451639 ], [ -69.145611, 47.448588 ], [ -69.141056, 47.444003 ], [ -69.139301, 47.446636 ], [ -69.123609, 47.440687 ], [ -69.122015, 47.442698 ], [ -69.107793, 47.435375 ], [ -69.107741, 47.427684 ], [ -69.098882, 47.431448 ], [ -69.097852, 47.42689 ], [ -69.091267, 47.42683 ], [ -69.090138, 47.424136 ], [ -69.068393, 47.427406 ], [ -69.061907, 47.430586 ], [ -69.063549, 47.434058 ], [ -69.05212, 47.430008 ], [ -69.04855, 47.424194 ], [ -69.05215, 47.422142 ], [ -69.046546, 47.424273 ], [ -69.047435, 47.427741 ], [ -69.043217, 47.426784 ], [ -69.039197, 47.419655 ], [ -69.042249, 47.415713 ], [ -69.034519, 47.414565 ], [ -69.036595, 47.407677 ], [ -69.030599, 47.40742 ], [ -69.032376, 47.402221 ], [ -69.042494, 47.404746 ], [ -69.035239, 47.401801 ], [ -69.042732, 47.40197 ], [ -69.041852, 47.398235 ], [ -69.037565, 47.396843 ], [ -69.043769, 47.397433 ], [ -69.04541, 47.392986 ], [ -69.039642, 47.384208 ], [ -69.047483, 47.383423 ], [ -69.050025, 47.37855 ], [ -69.054883, 47.377716 ], [ -69.054866, 47.315331 ], [ -69.049237, 47.305849 ], [ -69.053465, 47.29718 ], [ -69.049696, 47.289284 ], [ -69.050778, 47.278474 ], [ -69.046842, 47.271585 ], [ -69.050747, 47.256479 ], [ -69.033773, 47.240403 ], [ -68.980399, 47.220113 ], [ -68.965275, 47.212525 ], [ -68.961186, 47.205686 ], [ -68.952854, 47.206894 ], [ -68.95078, 47.202004 ], [ -68.941058, 47.206078 ], [ -68.928445, 47.196599 ], [ -68.92374, 47.197377 ], [ -68.919949, 47.194832 ], [ -68.919779, 47.18993 ], [ -68.908443, 47.186342 ], [ -68.900034, 47.177742 ], [ -68.895519, 47.182434 ], [ -68.882152, 47.182907 ], [ -68.871033, 47.189069 ], [ -68.857438, 47.19034 ], [ -68.811529, 47.215131 ], [ -68.764346, 47.222044 ], [ -68.717024, 47.240541 ], [ -68.705107, 47.237866 ], [ -68.687152, 47.24441 ], [ -68.659847, 47.236124 ], [ -68.617512, 47.243372 ], [ -68.607518, 47.246982 ], [ -68.593546, 47.258769 ], [ -68.597675, 47.270155 ], [ -68.58005, 47.287115 ], [ -68.5498, 47.282142 ], [ -68.516766, 47.296086 ], [ -68.490156, 47.293857 ], [ -68.475025, 47.297139 ], [ -68.465619, 47.294609 ], [ -68.458486, 47.284367 ], [ -68.448767, 47.28201 ], [ -68.429807, 47.281259 ], [ -68.409848, 47.288008 ], [ -68.377858, 47.287375 ], [ -68.374725, 47.291015 ], [ -68.37632, 47.295184 ], [ -68.384787, 47.303661 ], [ -68.380844, 47.308226 ], [ -68.384715, 47.324081 ], [ -68.377723, 47.343551 ], [ -68.36313, 47.354657 ], [ -68.327668, 47.360068 ], [ -68.303262, 47.355238 ], [ -68.284798, 47.360286 ], [ -68.264908, 47.352217 ], [ -68.234469, 47.355301 ], [ -68.228121, 47.353358 ], [ -68.223719, 47.344704 ], [ -68.214533, 47.339606 ], [ -68.202351, 47.339416 ], [ -68.176045, 47.32887 ], [ -68.15468, 47.325185 ], [ -68.152211, 47.30967 ], [ -68.135891, 47.295648 ], [ -68.081944, 47.270993 ], [ -68.073993, 47.259159 ], [ -68.019671, 47.238498 ], [ -67.989703, 47.210022 ], [ -67.957218, 47.199619 ], [ -67.951945, 47.194534 ], [ -67.951464, 47.183464 ], [ -67.928663, 47.156219 ], [ -67.909833, 47.147219 ], [ -67.903491, 47.136485 ], [ -67.890856, 47.126558 ], [ -67.888166, 47.109813 ], [ -67.882916, 47.104403 ], [ -67.82111, 47.083414 ], [ -67.790196, 47.06722 ], [ -67.781248, 45.94345 ], [ -67.777836, 45.934207 ], [ -67.77347, 45.934823 ], [ -67.765938, 45.930536 ], [ -67.766238, 45.928033 ], [ -67.758555, 45.926378 ], [ -67.750628, 45.917636 ], [ -67.755371, 45.91166 ], [ -67.765323, 45.909753 ], [ -67.769526, 45.900808 ], [ -67.768053, 45.898111 ], [ -67.787515, 45.894681 ], [ -67.803911, 45.882898 ], [ -67.804547, 45.869379 ], [ -67.796151, 45.865243 ], [ -67.798504, 45.864046 ], [ -67.797114, 45.860025 ], [ -67.787281, 45.849554 ], [ -67.768803, 45.839003 ], [ -67.763773, 45.828839 ], [ -67.755319, 45.82335 ], [ -67.765642, 45.818533 ], [ -67.780689, 45.817757 ], [ -67.802118, 45.803034 ], [ -67.806483, 45.794405 ], [ -67.803852, 45.781103 ], [ -67.805513, 45.769541 ], [ -67.809313, 45.767358 ], [ -67.80627, 45.755244 ], [ -67.792879, 45.750075 ], [ -67.781796, 45.731117 ], [ -67.809622, 45.729574 ], [ -67.802934, 45.696088 ], [ -67.818008, 45.693819 ], [ -67.80363, 45.677651 ], [ -67.768718, 45.677487 ], [ -67.754303, 45.667575 ], [ -67.74442, 45.672917 ], [ -67.732473, 45.66338 ], [ -67.727229, 45.66264 ], [ -67.720073, 45.662265 ], [ -67.717943, 45.667661 ], [ -67.729954, 45.676675 ], [ -67.734552, 45.68892 ], [ -67.728252, 45.689244 ], [ -67.717814, 45.67941 ], [ -67.709574, 45.681328 ], [ -67.697941, 45.659554 ], [ -67.691313, 45.653534 ], [ -67.6923, 45.650087 ], [ -67.67523, 45.630741 ], [ -67.645566, 45.613339 ], [ -67.639775, 45.616082 ], [ -67.643956, 45.623147 ], [ -67.639102, 45.625115 ], [ -67.608374, 45.606148 ], [ -67.589857, 45.606784 ], [ -67.561689, 45.594693 ], [ -67.547995, 45.597847 ], [ -67.519216, 45.587568 ], [ -67.499022, 45.586654 ], [ -67.487958, 45.595822 ], [ -67.494108, 45.598938 ], [ -67.49329, 45.601343 ], [ -67.477184, 45.603909 ], [ -67.472486, 45.600517 ], [ -67.456702, 45.60434 ], [ -67.450018, 45.602466 ], [ -67.447325, 45.596607 ], [ -67.425528, 45.578432 ], [ -67.423194, 45.571592 ], [ -67.42887, 45.568337 ], [ -67.420666, 45.549676 ], [ -67.425077, 45.540258 ], [ -67.432471, 45.540407 ], [ -67.434864, 45.528137 ], [ -67.432698, 45.519781 ], [ -67.420928, 45.511792 ], [ -67.416211, 45.501295 ], [ -67.422818, 45.505495 ], [ -67.430107, 45.501023 ], [ -67.450141, 45.510267 ], [ -67.453459, 45.508848 ], [ -67.448919, 45.502126 ], [ -67.451589, 45.499071 ], [ -67.463599, 45.50838 ], [ -67.469886, 45.505827 ], [ -67.471236, 45.500851 ], [ -67.463735, 45.497056 ], [ -67.477597, 45.497048 ], [ -67.48169, 45.493805 ], [ -67.485489, 45.4956 ], [ -67.489532, 45.489155 ], [ -67.500065, 45.4909 ], [ -67.503714, 45.486704 ], [ -67.500946, 45.47894 ], [ -67.487227, 45.467729 ], [ -67.482106, 45.459397 ], [ -67.485029, 45.452759 ], [ -67.476469, 45.443322 ], [ -67.480391, 45.440935 ], [ -67.472677, 45.42322 ], [ -67.461242, 45.422228 ], [ -67.452727, 45.409677 ], [ -67.427641, 45.391016 ], [ -67.419235, 45.377104 ], [ -67.421134, 45.373571 ], [ -67.430168, 45.371617 ], [ -67.43453, 45.364964 ], [ -67.433554, 45.360818 ], [ -67.425353, 45.357415 ], [ -67.431456, 45.349763 ], [ -67.428879, 45.344387 ], [ -67.431226, 45.341073 ], [ -67.440605, 45.336037 ], [ -67.443602, 45.330869 ], [ -67.456909, 45.325254 ], [ -67.451837, 45.317682 ], [ -67.460312, 45.300018 ], [ -67.468069, 45.298994 ], [ -67.466125, 45.293859 ], [ -67.474715, 45.291677 ], [ -67.476111, 45.288633 ], [ -67.485078, 45.291153 ], [ -67.489663, 45.282133 ], [ -67.483505, 45.279454 ], [ -67.482031, 45.275365 ], [ -67.476419, 45.275396 ], [ -67.473113, 45.258637 ], [ -67.464197, 45.245115 ], [ -67.453849, 45.241235 ], [ -67.436989, 45.222738 ], [ -67.427969, 45.201791 ], [ -67.429267, 45.193465 ], [ -67.418114, 45.189997 ], [ -67.40654, 45.178904 ], [ -67.40052, 45.177667 ], [ -67.399199, 45.168955 ], [ -67.404769, 45.166777 ], [ -67.405029, 45.160063 ], [ -67.38072, 45.152144 ], [ -67.353445, 45.129165 ], [ -67.340848, 45.125041 ], [ -67.330505, 45.131801 ], [ -67.320822, 45.131335 ], [ -67.317701, 45.138022 ], [ -67.320012, 45.142402 ], [ -67.295973, 45.147837 ], [ -67.294225, 45.153632 ], [ -67.301625, 45.156996 ], [ -67.302686, 45.160712 ], [ -67.299343, 45.16918 ], [ -67.291426, 45.171035 ], [ -67.294047, 45.177166 ], [ -67.290991, 45.187572 ], [ -67.28336, 45.191859 ], [ -67.269216, 45.190508 ], [ -67.247426, 45.180889 ], [ -67.242809, 45.172443 ], [ -67.227284, 45.163429 ], [ -67.205083, 45.171409 ], [ -67.190893, 45.165715 ], [ -67.158871, 45.162035 ], [ -67.112557, 45.112584 ], [ -67.094551, 45.074513 ], [ -67.021665, 44.953914 ], [ -66.996846, 44.928371 ], [ -66.96871, 44.910389 ], [ -66.982134, 44.867259 ], [ -66.974774, 44.850971 ], [ -66.974863, 44.841605 ], [ -66.965299, 44.828903 ], [ -66.932563, 44.825508 ], [ -66.885444, 44.794208 ], [ -66.902555, 44.776561 ], [ -66.952269, 44.760422 ], [ -66.977521, 44.731241 ], [ -67.010765, 44.717322 ], [ -67.023965, 44.705091 ], [ -67.039279, 44.696968 ], [ -67.050213, 44.681048 ], [ -67.088283, 44.652731 ], [ -67.096711, 44.639192 ], [ -67.110593, 44.628798 ], [ -67.127448, 44.621417 ], [ -67.140854, 44.608265 ], [ -67.174319, 44.594704 ], [ -67.19149, 44.579536 ], [ -67.235871, 44.558142 ], [ -67.27923, 44.550317 ], [ -67.30082, 44.549857 ], [ -67.315477, 44.533269 ], [ -67.335983, 44.522697 ], [ -67.356776, 44.518094 ], [ -67.3882, 44.520399 ], [ -67.413878, 44.50964 ], [ -67.443396, 44.505279 ], [ -67.441256, 44.500079 ], [ -67.444227, 44.481126 ], [ -67.455241, 44.464873 ], [ -67.466882, 44.457317 ], [ -67.473027, 44.448339 ], [ -67.499433, 44.427549 ], [ -67.567585, 44.397209 ], [ -67.627413, 44.383473 ], [ -67.654979, 44.386707 ], [ -67.674642, 44.394634 ], [ -67.695819, 44.387696 ], [ -67.715329, 44.386501 ], [ -67.741744, 44.390831 ], [ -67.758567, 44.398262 ], [ -67.77475, 44.411314 ], [ -67.798994, 44.398364 ], [ -67.805569, 44.391015 ], [ -67.796042, 44.379523 ], [ -67.795262, 44.361165 ], [ -67.800796, 44.347485 ], [ -67.80969, 44.33651 ], [ -67.823728, 44.327038 ], [ -67.858336, 44.317024 ], [ -67.874443, 44.316925 ], [ -67.898151, 44.322126 ], [ -67.925178, 44.341434 ], [ -67.942412, 44.326071 ], [ -67.960779, 44.319265 ], [ -67.965575, 44.305998 ], [ -67.973647, 44.295159 ], [ -67.999446, 44.280197 ], [ -68.027844, 44.274214 ], [ -68.060959, 44.278256 ], [ -68.12828, 44.264253 ], [ -68.12066, 44.244315 ], [ -68.122626, 44.226041 ], [ -68.137579, 44.20686 ], [ -68.15649, 44.194844 ], [ -68.17075, 44.190114 ], [ -68.168388, 44.172908 ], [ -68.175858, 44.125083 ], [ -68.185813, 44.111962 ], [ -68.20336, 44.099587 ], [ -68.230237, 44.090501 ], [ -68.263136, 44.090617 ], [ -68.279212, 44.069945 ], [ -68.311393, 44.053429 ], [ -68.368797, 44.04522 ], [ -68.436843, 44.053233 ], [ -68.446559, 44.042583 ], [ -68.463012, 44.032112 ], [ -68.484945, 44.028309 ], [ -68.487415, 44.017783 ], [ -68.493106, 44.010558 ], [ -68.530715, 43.986621 ], [ -68.547277, 43.96862 ], [ -68.568388, 43.95797 ], [ -68.594164, 43.95373 ], [ -68.618726, 43.955894 ], [ -68.641009, 43.949362 ], [ -68.659586, 43.947991 ], [ -68.68968, 43.954199 ], [ -68.707191, 43.963827 ], [ -68.721478, 43.961938 ], [ -68.742649, 43.943147 ], [ -68.726195, 43.943376 ], [ -68.706998, 43.939182 ], [ -68.679258, 43.923455 ], [ -68.668721, 43.908826 ], [ -68.663789, 43.893926 ], [ -68.669433, 43.869576 ], [ -68.68466, 43.854647 ], [ -68.712754, 43.838399 ], [ -68.749473, 43.832531 ], [ -68.785324, 43.804339 ], [ -68.781219, 43.785144 ], [ -68.786139, 43.768364 ], [ -68.800559, 43.750087 ], [ -68.817234, 43.739646 ], [ -68.836166, 43.733584 ], [ -68.86145, 43.732515 ], [ -68.920169, 43.747392 ], [ -68.938169, 43.760338 ], [ -68.949836, 43.78017 ], [ -68.98116, 43.783786 ], [ -69.009922, 43.798436 ], [ -69.024295, 43.819842 ], [ -69.022784, 43.842507 ], [ -69.055894, 43.858911 ], [ -69.064935, 43.841908 ], [ -69.083005, 43.825647 ], [ -69.149825, 43.795735 ], [ -69.171042, 43.793194 ], [ -69.197199, 43.795992 ], [ -69.226563, 43.812203 ], [ -69.236554, 43.825626 ], [ -69.26234, 43.815374 ], [ -69.242535, 43.799761 ], [ -69.233276, 43.780962 ], [ -69.23338, 43.762316 ], [ -69.238097, 43.750084 ], [ -69.262027, 43.725426 ], [ -69.282948, 43.713766 ], [ -69.308953, 43.705012 ], [ -69.335093, 43.704485 ], [ -69.356378, 43.71088 ], [ -69.387588, 43.736105 ], [ -69.39721, 43.763371 ], [ -69.395313, 43.780257 ], [ -69.387279, 43.799016 ], [ -69.40927, 43.810817 ], [ -69.469868, 43.793901 ], [ -69.505785, 43.778456 ], [ -69.515826, 43.760975 ], [ -69.514162, 43.750085 ], [ -69.51909, 43.732122 ], [ -69.535308, 43.714534 ], [ -69.550938, 43.707144 ], [ -69.566618, 43.70283 ], [ -69.596703, 43.70329 ], [ -69.617288, 43.699814 ], [ -69.644048, 43.703575 ], [ -69.664745, 43.711748 ], [ -69.686329, 43.6982 ], [ -69.693393, 43.683381 ], [ -69.708337, 43.668222 ], [ -69.730396, 43.657273 ], [ -69.749488, 43.653985 ], [ -69.786576, 43.658131 ], [ -69.808826, 43.64734 ], [ -69.827523, 43.644959 ], [ -69.855212, 43.646947 ], [ -70.155986, 43.524444 ], [ -70.268433, 43.426351 ], [ -70.280397, 43.408738 ], [ -70.318948, 43.390138 ], [ -70.346185, 43.358183 ], [ -70.351637, 43.339101 ], [ -70.367397, 43.323317 ], [ -70.396707, 43.312465 ], [ -70.421808, 43.297495 ], [ -70.455314, 43.290347 ], [ -70.473272, 43.291001 ], [ -70.49323, 43.286829 ], [ -70.502188, 43.268125 ], [ -70.520831, 43.252104 ], [ -70.512383, 43.242711 ], [ -70.506324, 43.21883 ], [ -70.511185, 43.201207 ], [ -70.519666, 43.191015 ], [ -70.522918, 43.178894 ], [ -70.521675, 43.154883 ], [ -70.499494, 43.166851 ], [ -70.486362, 43.170264 ], [ -70.464941, 43.170802 ], [ -70.440938, 43.16664 ], [ -70.419644, 43.152551 ], [ -70.407227, 43.138439 ], [ -70.403049, 43.119518 ], [ -70.406243, 43.102092 ], [ -70.421077, 43.086653 ], [ -70.439772, 43.076542 ], [ -70.468986, 43.070729 ], [ -70.493014, 43.073043 ], [ -70.510434, 43.080118 ], [ -70.530199, 43.093732 ], [ -70.537423, 43.105852 ], [ -70.540127, 43.130547 ], [ -70.553032, 43.123579 ], [ -70.565389, 43.106587 ], [ -70.582163, 43.095487 ], [ -70.590626, 43.06736 ], [ -70.599658, 43.056939 ], [ -70.57307, 43.052891 ], [ -70.558353, 43.047264 ], [ -70.54218, 43.034039 ], [ -70.532542, 43.019994 ], [ -70.528882, 43.005769 ], [ -70.534749, 42.988479 ], [ -70.535988, 42.956171 ], [ -70.544593, 42.937679 ], [ -70.552983, 42.929253 ], [ -70.573491, 42.91765 ], [ -70.592879, 42.913001 ], [ -70.614086, 42.912862 ], [ -70.650403, 42.920614 ], [ -70.667777, 42.927464 ], [ -70.684423, 42.940271 ], [ -70.694395, 42.956754 ], [ -70.708993, 42.938146 ], [ -70.726024, 42.928524 ], [ -70.727966, 42.890936 ], [ -70.735005, 42.874685 ], [ -70.74883, 42.858831 ], [ -70.745522, 42.844443 ], [ -70.734874, 42.824477 ], [ -70.733655, 42.803659 ], [ -70.737225, 42.787956 ], [ -70.725848, 42.75902 ], [ -70.71927, 42.750095 ], [ -70.714324, 42.731911 ], [ -70.70258, 42.724162 ], [ -70.661314, 42.73661 ], [ -70.625943, 42.739724 ], [ -70.549306, 42.724164 ], [ -70.529655, 42.707048 ], [ -70.513934, 42.680594 ], [ -70.502143, 42.635471 ], [ -70.502143, 42.624579 ], [ -70.521793, 42.593459 ], [ -70.545374, 42.570119 ], [ -70.582709, 42.553004 ], [ -70.60629, 42.53122 ], [ -70.690393, 42.278999 ], [ -70.688704, 42.263468 ], [ -70.684061, 42.253836 ], [ -70.648622, 42.23736 ], [ -70.640113, 42.228372 ], [ -70.63633, 42.202903 ], [ -70.642946, 42.178185 ], [ -70.608381, 42.138479 ], [ -70.27743, 42.114345 ], [ -70.249472, 42.126926 ], [ -70.229175, 42.131189 ], [ -70.172542, 42.134515 ], [ -70.120691, 42.125101 ], [ -70.067098, 42.105327 ], [ -70.011591, 42.073378 ], [ -69.969482, 42.029254 ], [ -69.929109, 41.978476 ], [ -69.909178, 41.942062 ], [ -69.866525, 41.817011 ], [ -69.860058, 41.758503 ], [ -69.85895, 41.706916 ], [ -69.862876, 41.673153 ], [ -69.868125, 41.656791 ], [ -69.898562, 41.606096 ], [ -69.915399, 41.589243 ], [ -69.921517, 41.5709 ], [ -69.924632, 41.544646 ], [ -69.936401, 41.521936 ], [ -69.958172, 41.50466 ], [ -69.971289, 41.498872 ], [ -69.998169, 41.493399 ], [ -70.013862, 41.477439 ], [ -70.040313, 41.46596 ], [ -70.073742, 41.46502 ], [ -70.101508, 41.474444 ], [ -70.114394, 41.484083 ], [ -70.126677, 41.503698 ], [ -70.128554, 41.524732 ], [ -70.122559, 41.537833 ], [ -70.102029, 41.556352 ], [ -70.080316, 41.564454 ], [ -70.063352, 41.590173 ], [ -70.068569, 41.610697 ], [ -70.077934, 41.612528 ], [ -70.126952, 41.600203 ], [ -70.160357, 41.59937 ], [ -70.1815, 41.593547 ], [ -70.20804, 41.58415 ], [ -70.225558, 41.568561 ], [ -70.249463, 41.560146 ], [ -70.278898, 41.559316 ], [ -70.311254, 41.571062 ], [ -70.346337, 41.568453 ], [ -70.395164, 41.556722 ], [ -70.423896, 41.528732 ], [ -70.448567, 41.513093 ], [ -70.466436, 41.50616 ], [ -70.508603, 41.498965 ], [ -70.494942, 41.479632 ], [ -70.489689, 41.462977 ], [ -70.46395, 41.468 ], [ -70.436449, 41.468919 ], [ -70.405928, 41.457013 ], [ -70.392892, 41.44548 ], [ -70.385874, 41.433721 ], [ -70.380807, 41.411996 ], [ -70.383449, 41.369933 ], [ -70.370112, 41.368769 ], [ -70.353085, 41.381455 ], [ -70.323593, 41.391607 ], [ -70.302438, 41.389625 ], [ -70.267283, 41.393426 ], [ -70.238142, 41.386205 ], [ -70.221622, 41.371769 ], [ -70.215115, 41.360275 ], [ -70.174906, 41.35729 ], [ -70.148699, 41.345216 ], [ -70.13794, 41.346371 ], [ -70.119335, 41.352638 ], [ -70.097844, 41.353584 ], [ -70.111328, 41.370389 ], [ -70.116541, 41.395132 ], [ -70.105819, 41.419866 ], [ -70.094412, 41.43081 ], [ -70.065174, 41.442687 ], [ -70.044272, 41.443801 ], [ -70.025902, 41.441079 ], [ -70.006467, 41.433898 ], [ -69.969634, 41.403511 ], [ -69.910093, 41.317263 ], [ -69.894885, 41.290372 ], [ -69.892209, 41.271323 ], [ -69.894472, 41.25924 ], [ -69.910319, 41.226849 ], [ -69.942008, 41.20452 ], [ -69.973182, 41.193545 ], [ -69.999457, 41.188305 ], [ -70.025702, 41.187102 ], [ -70.072666, 41.191634 ], [ -70.109684, 41.189803 ], [ -70.178851, 41.204531 ], [ -70.239982, 41.228463 ], [ -70.285736, 41.242346 ], [ -70.344083, 41.276146 ], [ -70.374466, 41.269458 ], [ -70.408733, 41.277294 ], [ -70.429075, 41.268651 ], [ -70.459851, 41.265253 ], [ -70.493308, 41.279975 ], [ -70.512199, 41.298313 ], [ -70.593135, 41.299844 ], [ -70.655087, 41.296165 ], [ -70.703106, 41.28904 ], [ -70.716499, 41.269452 ], [ -70.734843, 41.259231 ], [ -70.733667, 41.250116 ], [ -70.738908, 41.236427 ], [ -70.754188, 41.216091 ], [ -70.767837, 41.20649 ], [ -70.783582, 41.201219 ], [ -70.80595, 41.198742 ], [ -70.823645, 41.200649 ], [ -70.847746, 41.205814 ], [ -70.866343, 41.215397 ], [ -70.877327, 41.224144 ], [ -70.890541, 41.243091 ], [ -70.894203, 41.259439 ], [ -70.890337, 41.277362 ], [ -70.885683, 41.285066 ], [ -70.870027, 41.297068 ], [ -70.884472, 41.310162 ], [ -70.901005, 41.334613 ], [ -70.903739, 41.35508 ], [ -70.896017, 41.370148 ], [ -70.955752, 41.350161 ], [ -70.979229, 41.349644 ], [ -70.99948, 41.354103 ], [ -71.014799, 41.36202 ], [ -71.032701, 41.380273 ], [ -71.039918, 41.398259 ], [ -71.033604, 41.414085 ], [ -71.053451, 41.416959 ], [ -71.085038, 41.433467 ], [ -71.124594, 41.411474 ], [ -71.24996, 41.377713 ], [ -71.374495, 41.339011 ], [ -71.494805, 41.307355 ], [ -71.526594, 41.308804 ], [ -71.575253, 41.320955 ], [ -71.659565, 41.296653 ], [ -71.672595, 41.289079 ], [ -71.695043, 41.282647 ], [ -71.719994, 41.281149 ], [ -71.73956, 41.275449 ], [ -71.77843, 41.275111 ], [ -71.79148, 41.272165 ], [ -71.790635, 41.101837 ], [ -71.781872, 41.096197 ], [ -71.777491, 41.067292 ], [ -71.794139, 41.036977 ], [ -71.837088, 41.010892 ], [ -71.870139, 40.996971 ], [ -71.931698, 40.982497 ], [ -72.374529, 40.818595 ], [ -72.624539, 40.745567 ], [ -72.749544, 40.713405 ], [ -72.828607, 40.686901 ], [ -72.874542, 40.675019 ], [ -73.014004, 40.625099 ], [ -73.124558, 40.598366 ], [ -73.249642, 40.562565 ], [ -73.274025, 40.551314 ], [ -73.326272, 40.556916 ], [ -73.486496, 40.520505 ], [ -73.624574, 40.534511 ], [ -73.768781, 40.533747 ], [ -73.826158, 40.522874 ], [ -73.854843, 40.512 ], [ -73.876778, 40.501127 ], [ -73.889645, 40.486511 ], [ -73.88506, 40.452776 ], [ -73.887082, 40.345009 ], [ -73.898208, 40.274353 ], [ -73.965275, 40.11295 ], [ -73.966145, 40.090577 ], [ -73.973291, 40.075142 ], [ -73.999577, 39.976798 ], [ -74.019899, 39.875119 ], [ -74.034615, 39.762427 ], [ -74.049489, 39.723785 ], [ -74.096531, 39.649949 ], [ -74.183189, 39.532994 ], [ -74.249585, 39.4526 ], [ -74.265918, 39.422415 ], [ -74.287271, 39.398252 ], [ -74.325415, 39.362339 ], [ -74.350047, 39.345768 ], [ -74.354659, 39.335407 ], [ -74.368754, 39.320681 ], [ -74.392196, 39.312286 ], [ -74.457714, 39.302411 ], [ -74.482818, 39.284135 ] ] ], [ [ [ -71.678807, 41.158912 ], [ -71.667858, 41.200626 ], [ -71.643014, 41.231323 ], [ -71.640844, 41.250101 ], [ -71.634968, 41.263682 ], [ -71.624504, 41.274129 ], [ -71.591591, 41.289317 ], [ -71.557569, 41.294018 ], [ -71.535979, 41.28618 ], [ -71.51635, 41.271549 ], [ -71.492196, 41.240876 ], [ -71.484583, 41.217486 ], [ -71.489844, 41.194698 ], [ -71.478603, 41.175792 ], [ -71.477024, 41.155657 ], [ -71.491432, 41.125104 ], [ -71.517538, 41.107077 ], [ -71.5693, 41.097182 ], [ -71.611673, 41.097413 ], [ -71.649849, 41.114143 ], [ -71.672644, 41.134292 ], [ -71.678807, 41.158912 ] ] ] ] } },
{ "type": "Feature", "properties": { "region_name": "South" }, "geometry": { "type": "MultiPolygon", "coordinates": [ [ [ [ -80.18532, 25.33851 ], [ -80.20232, 25.30918 ], [ -80.22495, 25.28432 ], [ -80.24002, 25.25386 ], [ -80.25966, 25.23055 ], [ -80.29483, 25.17167 ], [ -80.295314, 25.162132 ], [ -80.302899, 25.144923 ], [ -80.333321, 25.099202 ], [ -80.35778, 25.072902 ], [ -80.390435, 25.057189 ], [ -80.391624, 25.039396 ], [ -80.399658, 25.023578 ], [ -80.415021, 25.008625 ], [ -80.439101, 24.997989 ], [ -80.440179, 24.985674 ], [ -80.445522, 24.973422 ], [ -80.462886, 24.955937 ], [ -80.478081, 24.948428 ], [ -80.514343, 24.940628 ], [ -80.525284, 24.923534 ], [ -80.538164, 24.912733 ], [ -80.585451, 24.889329 ], [ -80.596759, 24.874999 ], [ -80.640428, 24.838434 ], [ -80.652342, 24.831403 ], [ -80.674811, 24.825611 ], [ -80.708811, 24.804688 ], [ -80.745115, 24.788878 ], [ -80.756475, 24.776153 ], [ -80.771092, 24.765951 ], [ -80.792971, 24.759702 ], [ -80.812466, 24.761211 ], [ -80.837039, 24.750002 ], [ -80.852228, 24.748931 ], [ -80.886958, 24.719684 ], [ -80.905587, 24.713468 ], [ -80.918911, 24.713066 ], [ -80.933922, 24.702203 ], [ -80.957113, 24.692836 ], [ -80.999792, 24.668912 ], [ -81.022583, 24.665275 ], [ -81.038634, 24.646527 ], [ -81.059736, 24.635864 ], [ -81.087226, 24.632923 ], [ -81.120618, 24.635679 ], [ -81.140851, 24.643064 ], [ -81.147686, 24.649064 ], [ -81.169393, 24.634619 ], [ -81.204259, 24.631186 ], [ -81.22065, 24.621549 ], [ -81.239914, 24.617063 ], [ -81.249798, 24.606556 ], [ -81.264626, 24.599234 ], [ -81.293455, 24.596722 ], [ -81.355843, 24.579653 ], [ -81.374801, 24.571488 ], [ -81.420636, 24.570572 ], [ -81.437166, 24.560934 ], [ -81.465088, 24.552854 ], [ -81.483365, 24.555548 ], [ -81.494648, 24.562526 ], [ -81.514615, 24.564757 ], [ -81.527852, 24.553279 ], [ -81.51937, 24.530612 ], [ -81.519881, 24.512555 ], [ -81.525671, 24.500426 ], [ -81.528558, 24.500426 ], [ -81.539924, 24.486034 ], [ -81.564957, 24.472778 ], [ -81.585826, 24.471094 ], [ -81.596837, 24.461063 ], [ -81.610259, 24.454308 ], [ -81.632422, 24.451146 ], [ -81.697199, 24.432314 ], [ -81.730113, 24.430698 ], [ -81.749811, 24.438454 ], [ -81.76287, 24.449643 ], [ -81.773685, 24.472735 ], [ -81.770807, 24.496872 ], [ -81.792362, 24.495613 ], [ -81.783308, 24.478699 ], [ -81.781807, 24.460927 ], [ -81.788985, 24.439482 ], [ -81.800697, 24.42714 ], [ -81.813522, 24.417639 ], [ -81.841046, 24.407613 ], [ -81.874813, 24.403144 ], [ -81.894262, 24.405744 ], [ -81.920556, 24.396308 ], [ -81.946441, 24.399348 ], [ -81.967318, 24.411959 ], [ -81.974468, 24.420822 ], [ -81.982054, 24.445448 ], [ -81.980925, 24.456967 ], [ -81.974409, 24.471209 ], [ -82.023479, 24.477864 ], [ -82.034272, 24.482496 ], [ -82.051074, 24.496844 ], [ -82.05818, 24.514364 ], [ -82.067171, 24.523715 ], [ -82.079319, 24.511595 ], [ -82.100333, 24.499998 ], [ -82.1541, 24.4961 ], [ -82.16949, 24.4977 ], [ -82.19491, 24.507 ], [ -82.21417, 24.52742 ], [ -82.22229, 24.557 ], [ -82.22089, 24.57088 ], [ -82.21545, 24.58376 ], [ -82.3265, 24.58373 ], [ -82.31146, 24.63007 ], [ -82.28243, 24.67624 ], [ -82.24395, 24.71564 ], [ -82.20073, 24.73817 ], [ -82.15502, 24.74694 ], [ -82.10976, 24.74711 ], [ -82.0653, 24.73938 ], [ -82.02695, 24.72572 ], [ -82.00055, 24.7405 ], [ -81.96754, 24.75278 ], [ -81.92267, 24.7615 ], [ -81.89429, 24.76365 ], [ -81.81421, 24.80639 ], [ -81.77824, 24.81538 ], [ -81.76188, 24.82875 ], [ -81.70079, 24.85783 ], [ -81.66013, 24.88329 ], [ -81.62159, 24.89722 ], [ -81.58131, 24.92376 ], [ -81.51559, 24.95629 ], [ -81.48849, 24.96635 ], [ -81.40548, 24.9785 ], [ -81.37621, 24.9766 ], [ -81.35038, 24.97048 ], [ -81.32347, 24.97338 ], [ -81.28737, 24.98402 ], [ -81.25758, 24.9866 ], [ -81.21719, 24.9817 ], [ -81.17035, 24.96214 ], [ -81.17055, 24.96577 ], [ -81.1738, 24.97488 ], [ -81.18858, 24.9948 ], [ -81.21427, 25.01918 ], [ -81.24358, 25.0355 ], [ -81.26785, 25.05657 ], [ -81.28262, 25.07513 ], [ -81.29506, 25.09793 ], [ -81.3048, 25.13242 ], [ -81.32854, 25.17641 ], [ -81.3423, 25.22483 ], [ -81.34024, 25.26405 ], [ -81.31491, 25.35155 ], [ -81.3252, 25.39062 ], [ -81.34315, 25.40758 ], [ -81.358, 25.42755 ], [ -81.36887, 25.44965 ], [ -81.38477, 25.49701 ], [ -81.40697, 25.52231 ], [ -81.42541, 25.5516 ], [ -81.45983, 25.5683 ], [ -81.4876, 25.59205 ], [ -81.50869, 25.62361 ], [ -81.51902, 25.65694 ], [ -81.54863, 25.66964 ], [ -81.57623, 25.68604 ], [ -81.62016, 25.67364 ], [ -81.68273, 25.67277 ], [ -81.72672, 25.68151 ], [ -81.76672, 25.70025 ], [ -81.78767, 25.71578 ], [ -81.80747, 25.7363 ], [ -81.84202, 25.79451 ], [ -81.87372, 25.83412 ], [ -81.89038, 25.87148 ], [ -81.90773, 25.9004 ], [ -81.91583, 25.92737 ], [ -81.91843, 25.95273 ], [ -81.96444, 26.05361 ], [ -81.97343, 26.12675 ], [ -81.98086, 26.15752 ], [ -81.98529, 26.21318 ], [ -81.99726, 26.26434 ], [ -82.00546, 26.28443 ], [ -82.04611, 26.27395 ], [ -82.08688, 26.27195 ], [ -82.12752, 26.27623 ], [ -82.16932, 26.28846 ], [ -82.2185, 26.31085 ], [ -82.27636, 26.35102 ], [ -82.30141, 26.37274 ], [ -82.32065, 26.39675 ], [ -82.34464, 26.44282 ], [ -82.35922, 26.50157 ], [ -82.37959, 26.53686 ], [ -82.3903, 26.57525 ], [ -82.40873, 26.60118 ], [ -82.42578, 26.63809 ], [ -82.43304, 26.67521 ], [ -82.43157, 26.73615 ], [ -82.44505, 26.76463 ], [ -82.49716, 26.83327 ], [ -82.59439, 26.99023 ], [ -82.62638, 27.05869 ], [ -82.63531, 27.08773 ], [ -82.67054, 27.15444 ], [ -82.69518, 27.17647 ], [ -82.71397, 27.19913 ], [ -82.72602, 27.22081 ], [ -82.73465, 27.24682 ], [ -82.76014, 27.27419 ], [ -82.78629, 27.31066 ], [ -82.81435, 27.33468 ], [ -82.8323, 27.35572 ], [ -82.84661, 27.38091 ], [ -82.86162, 27.42373 ], [ -82.88416, 27.44863 ], [ -82.90265, 27.48104 ], [ -82.90987, 27.50345 ], [ -82.92878, 27.54335 ], [ -82.934925, 27.583699 ], [ -82.93284, 27.61653 ], [ -82.91739, 27.66282 ], [ -82.91522, 27.68413 ], [ -82.9655, 27.73391 ], [ -82.99389, 27.77767 ], [ -83.01181, 27.82055 ], [ -83.02054, 27.87831 ], [ -83.01474, 27.92968 ], [ -82.99845, 27.99026 ], [ -82.99746, 28.01275 ], [ -83.00819, 28.06194 ], [ -83.01251, 28.13374 ], [ -83.02205, 28.19891 ], [ -83.01698, 28.24645 ], [ -83.00099, 28.28334 ], [ -82.97418, 28.31574 ], [ -82.94072, 28.33956 ], [ -82.89736, 28.35701 ], [ -82.87761, 28.41268 ], [ -82.87094, 28.44526 ], [ -82.85543, 28.47721 ], [ -82.85818, 28.49903 ], [ -82.85645, 28.52774 ], [ -82.84955, 28.55294 ], [ -82.83914, 28.57458 ], [ -82.85763, 28.59708 ], [ -82.87086, 28.6216 ], [ -82.89042, 28.7 ], [ -82.90475, 28.72278 ], [ -82.9235, 28.76713 ], [ -82.92743, 28.8107 ], [ -82.9158, 28.8565 ], [ -82.93171, 28.88145 ], [ -82.94177, 28.90683 ], [ -82.94688, 28.93477 ], [ -82.94557, 28.96375 ], [ -82.97255, 28.95345 ], [ -83.00568, 28.9468 ], [ -83.0939, 28.94744 ], [ -83.12217, 28.95325 ], [ -83.15075, 28.964 ], [ -83.19827, 28.99505 ], [ -83.22465, 29.02539 ], [ -83.24273, 29.0538 ], [ -83.25588, 29.08179 ], [ -83.26431, 29.11915 ], [ -83.26208, 29.15572 ], [ -83.29873, 29.17803 ], [ -83.33042, 29.21186 ], [ -83.34747, 29.2454 ], [ -83.35723, 29.2917 ], [ -83.40251, 29.31692 ], [ -83.43566, 29.3497 ], [ -83.50493, 29.38423 ], [ -83.53876, 29.41449 ], [ -83.55426, 29.43679 ], [ -83.56633, 29.46484 ], [ -83.58207, 29.56332 ], [ -83.6144, 29.58842 ], [ -83.67142, 29.61442 ], [ -83.70578, 29.64405 ], [ -83.74168, 29.69817 ], [ -83.75138, 29.72211 ], [ -83.75747, 29.75321 ], [ -83.7809, 29.79004 ], [ -83.79534, 29.80193 ], [ -83.83029, 29.81972 ], [ -83.87878, 29.82624 ], [ -83.919, 29.84194 ], [ -83.94995, 29.86281 ], [ -83.97264, 29.88642 ], [ -84.03015, 29.91312 ], [ -84.06492, 29.94008 ], [ -84.1205, 29.9255 ], [ -84.160797, 29.921266 ], [ -84.17024, 29.87133 ], [ -84.18998, 29.83038 ], [ -84.21794, 29.7966 ], [ -84.25923, 29.76815 ], [ -84.28671, 29.75674 ], [ -84.32327, 29.74809 ], [ -84.38008, 29.74293 ], [ -84.41995, 29.74696 ], [ -84.4428, 29.71515 ], [ -84.47452, 29.68773 ], [ -84.54529, 29.65452 ], [ -84.58868, 29.64074 ], [ -84.65943, 29.58064 ], [ -84.71055, 29.55206 ], [ -84.79732, 29.52205 ], [ -84.87275, 29.48095 ], [ -84.90063, 29.46982 ], [ -85.00583, 29.44064 ], [ -85.03631, 29.4365 ], [ -85.07043, 29.43698 ], [ -85.10414, 29.44367 ], [ -85.12957, 29.45328 ], [ -85.15391, 29.46701 ], [ -85.17712, 29.48516 ], [ -85.21879, 29.50041 ], [ -85.25967, 29.52481 ], [ -85.30839, 29.50889 ], [ -85.35865, 29.50559 ], [ -85.41024, 29.51626 ], [ -85.45624, 29.53991 ], [ -85.48473, 29.56456 ], [ -85.50455, 29.58781 ], [ -85.5262, 29.61869 ], [ -85.54374, 29.65152 ], [ -85.56475, 29.70404 ], [ -85.57777, 29.74837 ], [ -85.58648, 29.79091 ], [ -85.58962, 29.83756 ], [ -85.64587, 29.87591 ], [ -85.70979, 29.93584 ], [ -85.77035, 29.9605 ], [ -85.80356, 29.97816 ], [ -85.8502, 30.0092 ], [ -85.88858, 30.04213 ], [ -85.96596, 30.08582 ], [ -86.03131, 30.11751 ], [ -86.1498, 30.16291 ], [ -86.32823, 30.2147 ], [ -86.41926, 30.22982 ], [ -86.45924, 30.233 ], [ -86.52805, 30.23189 ], [ -86.5913, 30.24282 ], [ -86.63841, 30.24629 ], [ -86.74217, 30.2413 ], [ -86.8556, 30.22792 ], [ -87.12004, 30.18059 ], [ -87.18002, 30.17244 ], [ -87.25829, 30.16542 ], [ -87.30281, 30.1683 ], [ -87.51837, 30.12553 ], [ -87.518346, 30.229506 ], [ -87.647824, 30.199211 ], [ -87.718002, 30.19176 ], [ -87.807153, 30.177378 ], [ -87.987409, 30.17789 ], [ -88.003618, 30.173417 ], [ -88.009797, 30.164172 ], [ -88.028037, 30.150381 ], [ -88.057092, 30.144441 ], [ -88.074869, 30.147149 ], [ -88.09022, 30.154516 ], [ -88.103417, 30.166377 ], [ -88.13161, 30.173621 ], [ -88.162022, 30.200093 ], [ -88.303023, 30.177962 ], [ -88.324934, 30.180242 ], [ -88.347719, 30.190088 ], [ -88.359756, 30.174536 ], [ -88.38517, 30.158144 ], [ -88.419384, 30.149234 ], [ -88.450029, 30.146096 ], [ -88.479934, 30.149921 ], [ -88.509786, 30.157943 ], [ -88.545855, 30.176653 ], [ -88.567875, 30.170453 ], [ -88.58663, 30.169109 ], [ -88.67743, 30.179712 ], [ -88.717386, 30.190875 ], [ -88.740104, 30.188077 ], [ -88.765287, 30.189941 ], [ -88.800636, 30.202385 ], [ -88.821387, 30.21737 ], [ -88.85039, 30.192282 ], [ -88.875027, 30.178997 ], [ -88.90033, 30.16998 ], [ -88.88903, 30.139845 ], [ -88.854913, 30.135532 ], [ -88.834347, 30.090708 ], [ -88.808521, 30.065478 ], [ -88.783666, 30.026685 ], [ -88.767277, 29.982073 ], [ -88.758388, 29.918271 ], [ -88.762723, 29.866988 ], [ -88.767255, 29.840771 ], [ -88.789745, 29.777414 ], [ -88.804735, 29.744754 ], [ -88.82343, 29.714992 ], [ -88.869937, 29.657099 ], [ -88.912657, 29.61178 ], [ -88.960204, 29.577104 ], [ -89.052859, 29.480001 ], [ -89.072295, 29.470838 ], [ -89.119451, 29.458065 ], [ -89.142073, 29.429465 ], [ -89.137612, 29.381429 ], [ -89.12162, 29.366498 ], [ -89.112159, 29.339672 ], [ -89.094528, 29.328932 ], [ -89.085319, 29.318609 ], [ -89.077228, 29.301105 ], [ -89.069426, 29.294297 ], [ -89.022615, 29.274463 ], [ -89.000045, 29.271484 ], [ -88.98242, 29.263214 ], [ -88.967495, 29.262622 ], [ -88.942054, 29.253742 ], [ -88.91831, 29.236276 ], [ -88.910169, 29.220291 ], [ -88.908812, 29.210226 ], [ -88.909151, 29.200161 ], [ -88.917648, 29.17944 ], [ -88.913245, 29.154574 ], [ -88.91731, 29.133556 ], [ -88.927809, 29.117275 ], [ -88.94576, 29.103954 ], [ -88.967436, 29.095073 ], [ -88.985386, 29.094185 ], [ -88.996902, 29.085304 ], [ -89.002914, 29.048797 ], [ -89.012688, 29.02768 ], [ -89.025912, 29.015613 ], [ -89.045638, 29.006942 ], [ -89.088826, 28.961147 ], [ -89.096055, 28.942493 ], [ -89.11485, 28.926368 ], [ -89.133284, 28.919728 ], [ -89.150994, 28.919096 ], [ -89.169067, 28.922574 ], [ -89.185332, 28.930478 ], [ -89.196536, 28.939964 ], [ -89.20485, 28.952927 ], [ -89.209579, 28.970199 ], [ -89.224366, 28.977486 ], [ -89.234903, 28.987152 ], [ -89.279604, 28.977783 ], [ -89.305148, 28.956091 ], [ -89.3241, 28.930711 ], [ -89.384727, 28.871503 ], [ -89.400993, 28.860631 ], [ -89.425697, 28.855127 ], [ -89.449455, 28.858148 ], [ -89.467315, 28.866508 ], [ -89.483497, 28.880973 ], [ -89.49208, 28.901487 ], [ -89.490226, 28.924434 ], [ -89.469406, 28.956176 ], [ -89.465736, 28.974437 ], [ -89.463424, 29.08282 ], [ -89.468673, 29.107461 ], [ -89.481208, 29.122201 ], [ -89.486137, 29.137218 ], [ -89.510322, 29.165313 ], [ -89.553649, 29.185976 ], [ -89.599159, 29.197877 ], [ -89.610427, 29.198635 ], [ -90.032325, 29.135044 ], [ -90.05557, 29.121961 ], [ -90.125136, 29.069859 ], [ -90.162662, 29.051249 ], [ -90.210078, 29.033082 ], [ -90.239062, 29.033104 ], [ -90.344319, 29.003178 ], [ -90.368409, 29.003425 ], [ -90.384935, 28.998072 ], [ -90.40938, 28.99534 ], [ -90.491817, 29.011805 ], [ -90.552547, 29.036806 ], [ -90.707191, 28.995756 ], [ -90.746858, 28.988595 ], [ -90.822648, 28.985911 ], [ -90.864562, 28.991593 ], [ -90.920445, 28.992516 ], [ -90.970287, 29.005027 ], [ -90.993453, 29.01497 ], [ -91.008759, 29.026902 ], [ -91.020756, 29.046065 ], [ -91.023031, 29.067398 ], [ -91.012069, 29.090538 ], [ -90.989396, 29.106446 ], [ -90.960372, 29.111064 ], [ -90.974925, 29.121509 ], [ -91.02001, 29.121771 ], [ -91.103303, 29.138377 ], [ -91.125426, 29.14646 ], [ -91.14594, 29.162975 ], [ -91.159817, 29.168422 ], [ -91.207845, 29.171159 ], [ -91.237255, 29.177743 ], [ -91.292681, 29.196177 ], [ -91.318698, 29.208357 ], [ -91.341698, 29.227449 ], [ -91.376909, 29.262585 ], [ -91.391649, 29.281873 ], [ -91.405024, 29.288065 ], [ -91.421128, 29.302828 ], [ -91.52974, 29.344455 ], [ -91.544703, 29.342885 ], [ -91.560748, 29.345398 ], [ -91.594256, 29.360306 ], [ -91.624696, 29.363849 ], [ -91.644044, 29.375555 ], [ -91.662529, 29.374588 ], [ -91.688901, 29.361593 ], [ -91.712193, 29.360626 ], [ -91.736718, 29.369647 ], [ -91.749042, 29.380708 ], [ -91.762919, 29.385754 ], [ -91.77749, 29.396084 ], [ -91.793183, 29.382544 ], [ -91.832768, 29.362562 ], [ -91.859843, 29.358942 ], [ -91.876912, 29.362689 ], [ -91.896419, 29.374092 ], [ -91.906348, 29.387404 ], [ -91.913011, 29.405685 ], [ -91.913207, 29.420207 ], [ -91.964831, 29.439392 ], [ -91.983867, 29.460713 ], [ -92.007308, 29.463375 ], [ -92.022754, 29.470636 ], [ -92.036529, 29.483342 ], [ -92.045616, 29.505806 ], [ -92.07805, 29.531489 ], [ -92.100083, 29.531672 ], [ -92.114142, 29.535143 ], [ -92.146666, 29.532037 ], [ -92.183325, 29.518334 ], [ -92.231657, 29.491894 ], [ -92.263982, 29.484149 ], [ -92.29367, 29.481496 ], [ -92.353661, 29.488716 ], [ -92.405016, 29.500289 ], [ -92.624974, 29.528328 ], [ -92.686695, 29.544119 ], [ -92.767597, 29.570933 ], [ -92.964517, 29.654541 ], [ -93.029108, 29.677855 ], [ -93.12515, 29.706209 ], [ -93.223168, 29.726396 ], [ -93.268478, 29.727439 ], [ -93.287354, 29.724331 ], [ -93.298257, 29.710341 ], [ -93.310787, 29.702004 ], [ -93.339294, 29.695085 ], [ -93.3655, 29.699416 ], [ -93.387246, 29.713771 ], [ -93.432758, 29.71853 ], [ -93.514594, 29.715118 ], [ -93.711547, 29.690347 ], [ -93.750001, 29.67973 ], [ -93.770147, 29.670825 ], [ -93.765455, 29.64413 ], [ -93.77036, 29.623924 ], [ -93.785928, 29.605942 ], [ -93.806615, 29.596859 ], [ -93.825794, 29.595828 ], [ -93.848588, 29.60026 ], [ -93.866531, 29.611834 ], [ -93.875006, 29.621426 ], [ -93.906043, 29.625001 ], [ -94.033565, 29.625002 ], [ -94.12518, 29.595559 ], [ -94.499452, 29.452337 ], [ -94.625192, 29.397662 ], [ -94.650311, 29.38282 ], [ -94.636046, 29.370636 ], [ -94.628585, 29.358279 ], [ -94.624169, 29.335198 ], [ -94.642421, 29.300136 ], [ -94.659644, 29.285145 ], [ -94.680295, 29.277603 ], [ -94.692309, 29.277051 ], [ -94.713311, 29.282521 ], [ -94.741166, 29.259583 ], [ -94.75074, 29.246928 ], [ -94.772686, 29.231718 ], [ -94.912171, 29.159318 ], [ -95.000202, 29.104452 ], [ -95.086398, 29.06824 ], [ -95.091622, 29.062739 ], [ -95.087257, 29.057996 ], [ -95.093799, 29.033327 ], [ -95.106528, 29.014935 ], [ -95.139469, 28.991697 ], [ -95.180835, 28.948931 ], [ -95.227228, 28.910379 ], [ -95.308121, 28.85883 ], [ -95.315422, 28.842209 ], [ -95.329847, 28.828699 ], [ -95.377987, 28.810279 ], [ -95.420071, 28.805625 ], [ -95.493888, 28.76534 ], [ -95.533784, 28.750256 ], [ -95.777845, 28.625266 ], [ -96.078331, 28.500001 ], [ -96.199375, 28.442278 ], [ -96.258191, 28.407872 ], [ -96.267069, 28.388229 ], [ -96.282307, 28.375002 ], [ -96.303533, 28.36502 ], [ -96.320762, 28.362868 ], [ -96.32874, 28.352053 ], [ -96.341807, 28.342381 ], [ -96.344731, 28.325989 ], [ -96.352686, 28.312923 ], [ -96.375252, 28.29076 ], [ -96.531, 28.221164 ], [ -96.640749, 28.15539 ], [ -96.730685, 28.091268 ], [ -96.844196, 28.000296 ], [ -96.938546, 27.901199 ], [ -96.959495, 27.875302 ], [ -96.984281, 27.803783 ], [ -97.008898, 27.78679 ], [ -97.021855, 27.783364 ], [ -97.050221, 27.750308 ], [ -97.125265, 27.640597 ], [ -97.199816, 27.500319 ], [ -97.250264, 27.392308 ], [ -97.288337, 27.277584 ], [ -97.309363, 27.196109 ], [ -97.319824, 27.110023 ], [ -97.323219, 27.010256 ], [ -97.313879, 26.913126 ], [ -97.300423, 26.834613 ], [ -97.282725, 26.763423 ], [ -97.251705, 26.661866 ], [ -97.214056, 26.576766 ], [ -97.212548, 26.561651 ], [ -97.184566, 26.475852 ], [ -97.156496, 26.375348 ], [ -97.125248, 26.248285 ], [ -97.110699, 26.145367 ], [ -97.108301, 26.10451 ], [ -97.097386, 26.093508 ], [ -97.089989, 26.07534 ], [ -97.091287, 26.051598 ], [ -97.097858, 26.03862 ], [ -97.089684, 25.960839 ], [ -97.146307, 25.956632 ], [ -97.158056, 25.948816 ], [ -97.160433, 25.950818 ], [ -97.158167, 25.961684 ], [ -97.168692, 25.960806 ], [ -97.175395, 25.96598 ], [ -97.17822, 25.961565 ], [ -97.186893, 25.958588 ], [ -97.188374, 25.953923 ], [ -97.205064, 25.958108 ], [ -97.208738, 25.96395 ], [ -97.220713, 25.957138 ], [ -97.226205, 25.959391 ], [ -97.23967, 25.955329 ], [ -97.247193, 25.948158 ], [ -97.276434, 25.952122 ], [ -97.284537, 25.959281 ], [ -97.289555, 25.954376 ], [ -97.278344, 25.947496 ], [ -97.281019, 25.944329 ], [ -97.276657, 25.935292 ], [ -97.291524, 25.936489 ], [ -97.295973, 25.933228 ], [ -97.302909, 25.937306 ], [ -97.305323, 25.927678 ], [ -97.30997, 25.926377 ], [ -97.313593, 25.930998 ], [ -97.317982, 25.931305 ], [ -97.324485, 25.92517 ], [ -97.326102, 25.917557 ], [ -97.331153, 25.918388 ], [ -97.332859, 25.926096 ], [ -97.334392, 25.919995 ], [ -97.337886, 25.920377 ], [ -97.336833, 25.929658 ], [ -97.347903, 25.931328 ], [ -97.354336, 25.919992 ], [ -97.368873, 25.915298 ], [ -97.368245, 25.909835 ], [ -97.374765, 25.908451 ], [ -97.365923, 25.902438 ], [ -97.366374, 25.890608 ], [ -97.356393, 25.888038 ], [ -97.374123, 25.880118 ], [ -97.363783, 25.877728 ], [ -97.359333, 25.879778 ], [ -97.356569, 25.867532 ], [ -97.358833, 25.865608 ], [ -97.36149, 25.86943 ], [ -97.368936, 25.858404 ], [ -97.376013, 25.855958 ], [ -97.363941, 25.850447 ], [ -97.371263, 25.849308 ], [ -97.372879, 25.839954 ], [ -97.38198, 25.839596 ], [ -97.386876, 25.843895 ], [ -97.3939, 25.8371 ], [ -97.406285, 25.837889 ], [ -97.406943, 25.840068 ], [ -97.400543, 25.841468 ], [ -97.398689, 25.850269 ], [ -97.402304, 25.852015 ], [ -97.405585, 25.845286 ], [ -97.408285, 25.845535 ], [ -97.409573, 25.862258 ], [ -97.414061, 25.856553 ], [ -97.412651, 25.840975 ], [ -97.425371, 25.840596 ], [ -97.435993, 25.849898 ], [ -97.44407, 25.848538 ], [ -97.445229, 25.856382 ], [ -97.454021, 25.854094 ], [ -97.444605, 25.867472 ], [ -97.44879, 25.872259 ], [ -97.453475, 25.867382 ], [ -97.456595, 25.868352 ], [ -97.455627, 25.88416 ], [ -97.463989, 25.882033 ], [ -97.470247, 25.875345 ], [ -97.474794, 25.879509 ], [ -97.468708, 25.883412 ], [ -97.468824, 25.888836 ], [ -97.485511, 25.878393 ], [ -97.487833, 25.885426 ], [ -97.496795, 25.879685 ], [ -97.498146, 25.899068 ], [ -97.510435, 25.887712 ], [ -97.521045, 25.886162 ], [ -97.523735, 25.898962 ], [ -97.528687, 25.906914 ], [ -97.533316, 25.90824 ], [ -97.53012, 25.91997 ], [ -97.543033, 25.919979 ], [ -97.537219, 25.930754 ], [ -97.543709, 25.923381 ], [ -97.545999, 25.933813 ], [ -97.55215, 25.93708 ], [ -97.557237, 25.935907 ], [ -97.561541, 25.925656 ], [ -97.567974, 25.927619 ], [ -97.567124, 25.933788 ], [ -97.582928, 25.933013 ], [ -97.58209, 25.93862 ], [ -97.566251, 25.944938 ], [ -97.567874, 25.952432 ], [ -97.574491, 25.953968 ], [ -97.572801, 25.946458 ], [ -97.577997, 25.942096 ], [ -97.583119, 25.954868 ], [ -97.582101, 25.962428 ], [ -97.593821, 25.961738 ], [ -97.598111, 25.956928 ], [ -97.601891, 25.957178 ], [ -97.610611, 25.966193 ], [ -97.607784, 25.976711 ], [ -97.617381, 25.979858 ], [ -97.621641, 25.989188 ], [ -97.631447, 25.988035 ], [ -97.634557, 25.990372 ], [ -97.631057, 25.996459 ], [ -97.623161, 25.991568 ], [ -97.619981, 25.992648 ], [ -97.618602, 26.002663 ], [ -97.627424, 25.996624 ], [ -97.626759, 26.00601 ], [ -97.635008, 25.99999 ], [ -97.649375, 26.010825 ], [ -97.637261, 26.014458 ], [ -97.640351, 26.024448 ], [ -97.646613, 26.027178 ], [ -97.650431, 26.023608 ], [ -97.651541, 26.015858 ], [ -97.65863, 26.020191 ], [ -97.667941, 26.019258 ], [ -97.667131, 26.024774 ], [ -97.660491, 26.031478 ], [ -97.662561, 26.038112 ], [ -97.667537, 26.028831 ], [ -97.670954, 26.034036 ], [ -97.674743, 26.03296 ], [ -97.676232, 26.030048 ], [ -97.673282, 26.027861 ], [ -97.675536, 26.025914 ], [ -97.687376, 26.027277 ], [ -97.693197, 26.032512 ], [ -97.691238, 26.018923 ], [ -97.697668, 26.024029 ], [ -97.697313, 26.031064 ], [ -97.702252, 26.030924 ], [ -97.707245, 26.037839 ], [ -97.709645, 26.02608 ], [ -97.721174, 26.023289 ], [ -97.719393, 26.030887 ], [ -97.734782, 26.032106 ], [ -97.735071, 26.028355 ], [ -97.727702, 26.027985 ], [ -97.725276, 26.02488 ], [ -97.737103, 26.021493 ], [ -97.738275, 26.029059 ], [ -97.742899, 26.029893 ], [ -97.748234, 26.026304 ], [ -97.75212, 26.031648 ], [ -97.759335, 26.026089 ], [ -97.763179, 26.026702 ], [ -97.762532, 26.041009 ], [ -97.767934, 26.047472 ], [ -97.77671, 26.044482 ], [ -97.776261, 26.040295 ], [ -97.769235, 26.036199 ], [ -97.776795, 26.029279 ], [ -97.782295, 26.034059 ], [ -97.792065, 26.034029 ], [ -97.797833, 26.042567 ], [ -97.795293, 26.04726 ], [ -97.788791, 26.049583 ], [ -97.793031, 26.053442 ], [ -97.798822, 26.052828 ], [ -97.801095, 26.060239 ], [ -97.811195, 26.055439 ], [ -97.811019, 26.045514 ], [ -97.813403, 26.044039 ], [ -97.816625, 26.045879 ], [ -97.814675, 26.053077 ], [ -97.818301, 26.056588 ], [ -97.825942, 26.056027 ], [ -97.833826, 26.045686 ], [ -97.839105, 26.053199 ], [ -97.860651, 26.052772 ], [ -97.861386, 26.070144 ], [ -97.868996, 26.056841 ], [ -97.876558, 26.064525 ], [ -97.887172, 26.066657 ], [ -97.891041, 26.060373 ], [ -97.901272, 26.06123 ], [ -97.91075, 26.056457 ], [ -97.919007, 26.058208 ], [ -97.926967, 26.054868 ], [ -97.933431, 26.065626 ], [ -97.937283, 26.06233 ], [ -97.931199, 26.057139 ], [ -97.933273, 26.052978 ], [ -97.951728, 26.062173 ], [ -97.965475, 26.051694 ], [ -97.978545, 26.058627 ], [ -97.980372, 26.067374 ], [ -97.987933, 26.065836 ], [ -97.991875, 26.058249 ], [ -97.997307, 26.064797 ], [ -98.003302, 26.064744 ], [ -98.012012, 26.056083 ], [ -98.012107, 26.066144 ], [ -98.020886, 26.058626 ], [ -98.02802, 26.066957 ], [ -98.032873, 26.062276 ], [ -98.038811, 26.041263 ], [ -98.061083, 26.0464 ], [ -98.070897, 26.037014 ], [ -98.076462, 26.036268 ], [ -98.080127, 26.041734 ], [ -98.072637, 26.043744 ], [ -98.069997, 26.050484 ], [ -98.080352, 26.071098 ], [ -98.085899, 26.069446 ], [ -98.081627, 26.064062 ], [ -98.093528, 26.05859 ], [ -98.105188, 26.067675 ], [ -98.125413, 26.061801 ], [ -98.129967, 26.063134 ], [ -98.128213, 26.072589 ], [ -98.132108, 26.074187 ], [ -98.136628, 26.070748 ], [ -98.137718, 26.06047 ], [ -98.146457, 26.049044 ], [ -98.151289, 26.058152 ], [ -98.161758, 26.053903 ], [ -98.157962, 26.063387 ], [ -98.167932, 26.062981 ], [ -98.176777, 26.075234 ], [ -98.179775, 26.073337 ], [ -98.180627, 26.066258 ], [ -98.176994, 26.060733 ], [ -98.18727, 26.064267 ], [ -98.194319, 26.05319 ], [ -98.199032, 26.055875 ], [ -98.204657, 26.066324 ], [ -98.212853, 26.069003 ], [ -98.220807, 26.076434 ], [ -98.230616, 26.077062 ], [ -98.249349, 26.072142 ], [ -98.251507, 26.078644 ], [ -98.264325, 26.085075 ], [ -98.267357, 26.092295 ], [ -98.288215, 26.104457 ], [ -98.282629, 26.10775 ], [ -98.270387, 26.106524 ], [ -98.271945, 26.113443 ], [ -98.266077, 26.116644 ], [ -98.266039, 26.120757 ], [ -98.274839, 26.115759 ], [ -98.29665, 26.120255 ], [ -98.303603, 26.109994 ], [ -98.297667, 26.103286 ], [ -98.305697, 26.103144 ], [ -98.309739, 26.113975 ], [ -98.322018, 26.11899 ], [ -98.335567, 26.138414 ], [ -98.334337, 26.141344 ], [ -98.326739, 26.142893 ], [ -98.337979, 26.14944 ], [ -98.333228, 26.159373 ], [ -98.335744, 26.165891 ], [ -98.346187, 26.165974 ], [ -98.351759, 26.151154 ], [ -98.358372, 26.158928 ], [ -98.359657, 26.172524 ], [ -98.367227, 26.168611 ], [ -98.364197, 26.162044 ], [ -98.365635, 26.158094 ], [ -98.386858, 26.157894 ], [ -98.392784, 26.167214 ], [ -98.401914, 26.171094 ], [ -98.402627, 26.181389 ], [ -98.416599, 26.183758 ], [ -98.427709, 26.193011 ], [ -98.444018, 26.2006 ], [ -98.438675, 26.212661 ], [ -98.44393, 26.224183 ], [ -98.450004, 26.22301 ], [ -98.454511, 26.216693 ], [ -98.460248, 26.226304 ], [ -98.471577, 26.220604 ], [ -98.481269, 26.219879 ], [ -98.483135, 26.214946 ], [ -98.477515, 26.203495 ], [ -98.481804, 26.200848 ], [ -98.481789, 26.208692 ], [ -98.485377, 26.212712 ], [ -98.507016, 26.209225 ], [ -98.501034, 26.22256 ], [ -98.513702, 26.227236 ], [ -98.524086, 26.220893 ], [ -98.527082, 26.226746 ], [ -98.521816, 26.231913 ], [ -98.522159, 26.235624 ], [ -98.534875, 26.225395 ], [ -98.543802, 26.243822 ], [ -98.556595, 26.248002 ], [ -98.558206, 26.244354 ], [ -98.54709, 26.241801 ], [ -98.545698, 26.237202 ], [ -98.55584, 26.23191 ], [ -98.562056, 26.224177 ], [ -98.565927, 26.241471 ], [ -98.573234, 26.239482 ], [ -98.576749, 26.233759 ], [ -98.58, 26.23523 ], [ -98.585123, 26.244606 ], [ -98.579219, 26.251109 ], [ -98.58309, 26.2567 ], [ -98.599436, 26.257631 ], [ -98.611946, 26.253184 ], [ -98.61665, 26.246431 ], [ -98.622997, 26.259917 ], [ -98.632166, 26.252192 ], [ -98.634554, 26.242339 ], [ -98.655916, 26.235761 ], [ -98.67067, 26.237012 ], [ -98.678602, 26.244575 ], [ -98.677708, 26.256612 ], [ -98.680657, 26.262555 ], [ -98.719875, 26.272594 ], [ -98.717289, 26.278049 ], [ -98.700963, 26.27796 ], [ -98.702536, 26.286956 ], [ -98.709353, 26.289189 ], [ -98.71617, 26.286197 ], [ -98.727765, 26.29877 ], [ -98.742621, 26.294197 ], [ -98.750973, 26.296321 ], [ -98.756123, 26.304249 ], [ -98.754216, 26.307928 ], [ -98.740419, 26.302777 ], [ -98.736161, 26.309199 ], [ -98.738457, 26.313654 ], [ -98.745821, 26.316845 ], [ -98.751127, 26.331584 ], [ -98.771321, 26.325081 ], [ -98.788955, 26.330433 ], [ -98.788313, 26.338337 ], [ -98.796252, 26.349104 ], [ -98.798211, 26.360166 ], [ -98.807348, 26.369421 ], [ -98.814, 26.366292 ], [ -98.824565, 26.370833 ], [ -98.844115, 26.35873 ], [ -98.853415, 26.365023 ], [ -98.86191, 26.36599 ], [ -98.896734, 26.35333 ], [ -98.900893, 26.359404 ], [ -98.901677, 26.371229 ], [ -98.917377, 26.374471 ], [ -98.923402, 26.381371 ], [ -98.925879, 26.394357 ], [ -98.935636, 26.385047 ], [ -98.935134, 26.372971 ], [ -98.942152, 26.369687 ], [ -98.956019, 26.377255 ], [ -98.953077, 26.386343 ], [ -98.954503, 26.394367 ], [ -98.974164, 26.401148 ], [ -98.989085, 26.391667 ], [ -99.01064, 26.392135 ], [ -99.021935, 26.407902 ], [ -99.037058, 26.413603 ], [ -99.062111, 26.397385 ], [ -99.085126, 26.398782 ], [ -99.089413, 26.4081 ], [ -99.110854, 26.426282 ], [ -99.113546, 26.43253 ], [ -99.102376, 26.442726 ], [ -99.100357, 26.458748 ], [ -99.091976, 26.472376 ], [ -99.091956, 26.477912 ], [ -99.104851, 26.500383 ], [ -99.127782, 26.525199 ], [ -99.166742, 26.536079 ], [ -99.17123, 26.541965 ], [ -99.16741, 26.560001 ], [ -99.178064, 26.620547 ], [ -99.200522, 26.656443 ], [ -99.209948, 26.693938 ], [ -99.208907, 26.724761 ], [ -99.240023, 26.745851 ], [ -99.242444, 26.788262 ], [ -99.262208, 26.815668 ], [ -99.268613, 26.843213 ], [ -99.280471, 26.858053 ], [ -99.295146, 26.86544 ], [ -99.316753, 26.865831 ], [ -99.328619, 26.878592 ], [ -99.321819, 26.906846 ], [ -99.324684, 26.915973 ], [ -99.337297, 26.922759 ], [ -99.373374, 26.931256 ], [ -99.388253, 26.944217 ], [ -99.392954, 26.963803 ], [ -99.377312, 26.973819 ], [ -99.378435, 26.980034 ], [ -99.387367, 26.982399 ], [ -99.403694, 26.997356 ], [ -99.408507, 27.00952 ], [ -99.415476, 27.01724 ], [ -99.432155, 27.010699 ], [ -99.445661, 27.021756 ], [ -99.444276, 27.038395 ], [ -99.452316, 27.062669 ], [ -99.450282, 27.067705 ], [ -99.43447, 27.078517 ], [ -99.429209, 27.090982 ], [ -99.442125, 27.106856 ], [ -99.430581, 27.126612 ], [ -99.431355, 27.13758 ], [ -99.439971, 27.151072 ], [ -99.429984, 27.159149 ], [ -99.426348, 27.176262 ], [ -99.432589, 27.209698 ], [ -99.445238, 27.223341 ], [ -99.441545, 27.249915 ], [ -99.452391, 27.264046 ], [ -99.461476, 27.268175 ], [ -99.481192, 27.259835 ], [ -99.489059, 27.261477 ], [ -99.49669, 27.272435 ], [ -99.487592, 27.289602 ], [ -99.49202, 27.300666 ], [ -99.500951, 27.306008 ], [ -99.528473, 27.305417 ], [ -99.538035, 27.316961 ], [ -99.531376, 27.323809 ], [ -99.518912, 27.326305 ], [ -99.504575, 27.338741 ], [ -99.507779, 27.354247 ], [ -99.499076, 27.37314 ], [ -99.492144, 27.380517 ], [ -99.492709, 27.391954 ], [ -99.487521, 27.411572 ], [ -99.495699, 27.438884 ], [ -99.495104, 27.451518 ], [ -99.485404, 27.464067 ], [ -99.479251, 27.478635 ], [ -99.481288, 27.488468 ], [ -99.496826, 27.500106 ], [ -99.51985, 27.496763 ], [ -99.528392, 27.49855 ], [ -99.521919, 27.544094 ], [ -99.518819, 27.553194 ], [ -99.514016, 27.556842 ], [ -99.512132, 27.568288 ], [ -99.529711, 27.579761 ], [ -99.539722, 27.603281 ], [ -99.554945, 27.614456 ], [ -99.561233, 27.607569 ], [ -99.578626, 27.602286 ], [ -99.584843, 27.603903 ], [ -99.577182, 27.6113 ], [ -99.577636, 27.618597 ], [ -99.591372, 27.627464 ], [ -99.596231, 27.639858 ], [ -99.603533, 27.641992 ], [ -99.616069, 27.637681 ], [ -99.624311, 27.644001 ], [ -99.627057, 27.640778 ], [ -99.623246, 27.634644 ], [ -99.625112, 27.63138 ], [ -99.638929, 27.626758 ], [ -99.658853, 27.631138 ], [ -99.666108, 27.636088 ], [ -99.658295, 27.650158 ], [ -99.668942, 27.659974 ], [ -99.685813, 27.661015 ], [ -99.690158, 27.668864 ], [ -99.69706, 27.662481 ], [ -99.699356, 27.655417 ], [ -99.711511, 27.658365 ], [ -99.721519, 27.666155 ], [ -99.732448, 27.685425 ], [ -99.757645, 27.712112 ], [ -99.76162, 27.722063 ], [ -99.77074, 27.732134 ], [ -99.788845, 27.730718 ], [ -99.796342, 27.735586 ], [ -99.801651, 27.741771 ], [ -99.813118, 27.773997 ], [ -99.819092, 27.776019 ], [ -99.826022, 27.764327 ], [ -99.838791, 27.764181 ], [ -99.842967, 27.768518 ], [ -99.850877, 27.793974 ], [ -99.870066, 27.794627 ], [ -99.876761, 27.797845 ], [ -99.873785, 27.813012 ], [ -99.877894, 27.825352 ], [ -99.8772, 27.84218 ], [ -99.882015, 27.850392 ], [ -99.901486, 27.864162 ], [ -99.904385, 27.875284 ], [ -99.894091, 27.89295 ], [ -99.893456, 27.899208 ], [ -99.90008, 27.912142 ], [ -99.917461, 27.917973 ], [ -99.926035, 27.927484 ], [ -99.92413, 27.931379 ], [ -99.926555, 27.935701 ], [ -99.937142, 27.940537 ], [ -99.938541, 27.954059 ], [ -99.932161, 27.96771 ], [ -99.931811, 27.980968 ], [ -99.962768, 27.983537 ], [ -99.991447, 27.99456 ], [ -100.008631, 28.023964 ], [ -100.017913, 28.064788 ], [ -100.053122, 28.084731 ], [ -100.056982, 28.094208 ], [ -100.056492, 28.104187 ], [ -100.075474, 28.124882 ], [ -100.084328, 28.144819 ], [ -100.119627, 28.155588 ], [ -100.141099, 28.168148 ], [ -100.160589, 28.16816 ], [ -100.185694, 28.185781 ], [ -100.196499, 28.190218 ], [ -100.208058, 28.190383 ], [ -100.212104, 28.19651 ], [ -100.220288, 28.23221 ], [ -100.227573, 28.235858 ], [ -100.246205, 28.234091 ], [ -100.251636, 28.23618 ], [ -100.267603, 28.250269 ], [ -100.283177, 28.270634 ], [ -100.291397, 28.275397 ], [ -100.294296, 28.28438 ], [ -100.286476, 28.312295 ], [ -100.314199, 28.345859 ], [ -100.320392, 28.362117 ], [ -100.344402, 28.389662 ], [ -100.349588, 28.402604 ], [ -100.337063, 28.427152 ], [ -100.337798, 28.44296 ], [ -100.368288, 28.477196 ], [ -100.365982, 28.481116 ], [ -100.344181, 28.486249 ], [ -100.33714, 28.491729 ], [ -100.333814, 28.499252 ], [ -100.388262, 28.514863 ], [ -100.394988, 28.528358 ], [ -100.405058, 28.53578 ], [ -100.411269, 28.550705 ], [ -100.397301, 28.575578 ], [ -100.398462, 28.585169 ], [ -100.429856, 28.596441 ], [ -100.433623, 28.606117 ], [ -100.44732, 28.609325 ], [ -100.447091, 28.642197 ], [ -100.462866, 28.641364 ], [ -100.474494, 28.647071 ], [ -100.479636, 28.655225 ], [ -100.500354, 28.66196 ], [ -100.511998, 28.705352 ], [ -100.506701, 28.716745 ], [ -100.507613, 28.740599 ], [ -100.515156, 28.742947 ], [ -100.514399, 28.750252 ], [ -100.519226, 28.756161 ], [ -100.533408, 28.759207 ], [ -100.530046, 28.770423 ], [ -100.537772, 28.780776 ], [ -100.532431, 28.791063 ], [ -100.535438, 28.805195 ], [ -100.5452, 28.812082 ], [ -100.547324, 28.825817 ], [ -100.561443, 28.829174 ], [ -100.570475, 28.826036 ], [ -100.574728, 28.828788 ], [ -100.576846, 28.836168 ], [ -100.572878, 28.848206 ], [ -100.59104, 28.863054 ], [ -100.590768, 28.872697 ], [ -100.598877, 28.875591 ], [ -100.597941, 28.880146 ], [ -100.589499, 28.886358 ], [ -100.592504, 28.889448 ], [ -100.603011, 28.887227 ], [ -100.60109, 28.901288 ], [ -100.614222, 28.901718 ], [ -100.618216, 28.908522 ], [ -100.622436, 28.909773 ], [ -100.625407, 28.904898 ], [ -100.631611, 28.902839 ], [ -100.640568, 28.914212 ], [ -100.631061, 28.916915 ], [ -100.629706, 28.921146 ], [ -100.638857, 28.927622 ], [ -100.64375, 28.937528 ], [ -100.651512, 28.943432 ], [ -100.646993, 28.957079 ], [ -100.650319, 28.962336 ], [ -100.646636, 28.966929 ], [ -100.648654, 28.977422 ], [ -100.64604, 28.987981 ], [ -100.660208, 29.031497 ], [ -100.664021, 29.074164 ], [ -100.6752, 29.100741 ], [ -100.69179, 29.114854 ], [ -100.709966, 29.119684 ], [ -100.727462, 29.129123 ], [ -100.737795, 29.139079 ], [ -100.739681, 29.150486 ], [ -100.759726, 29.15715 ], [ -100.763676, 29.164845 ], [ -100.772604, 29.168369 ], [ -100.775905, 29.173344 ], [ -100.766004, 29.185847 ], [ -100.767059, 29.195287 ], [ -100.776254, 29.200929 ], [ -100.774627, 29.210634 ], [ -100.785521, 29.228137 ], [ -100.795681, 29.22773 ], [ -100.794627, 29.241612 ], [ -100.797619, 29.246776 ], [ -100.816277, 29.253864 ], [ -100.813959, 29.263137 ], [ -100.83404, 29.2614 ], [ -100.855841, 29.275546 ], [ -100.876049, 29.279585 ], [ -100.886842, 29.307848 ], [ -100.904734, 29.312136 ], [ -100.909457, 29.317608 ], [ -100.916628, 29.319204 ], [ -100.919499, 29.325318 ], [ -100.940616, 29.333109 ], [ -100.943198, 29.341985 ], [ -100.948974, 29.347246 ], [ -100.964326, 29.347342 ], [ -100.972917, 29.354514 ], [ -101.009976, 29.368267 ], [ -101.019258, 29.390907 ], [ -101.036604, 29.406108 ], [ -101.043364, 29.42988 ], [ -101.056957, 29.440773 ], [ -101.060151, 29.458661 ], [ -101.087149, 29.469414 ], [ -101.115254, 29.468459 ], [ -101.130038, 29.47842 ], [ -101.137503, 29.473542 ], [ -101.146798, 29.474187 ], [ -101.151877, 29.477005 ], [ -101.171664, 29.503951 ], [ -101.173824, 29.514568 ], [ -101.192716, 29.520285 ], [ -101.235273, 29.524854 ], [ -101.254895, 29.520341 ], [ -101.260838, 29.529932 ], [ -101.261176, 29.536776 ], [ -101.250385, 29.556621 ], [ -101.24103, 29.565028 ], [ -101.252297, 29.604167 ], [ -101.247333, 29.61848 ], [ -101.250383, 29.624171 ], [ -101.262233, 29.630607 ], [ -101.269102, 29.630128 ], [ -101.280494, 29.615181 ], [ -101.277439, 29.606593 ], [ -101.277878, 29.59081 ], [ -101.290962, 29.571537 ], [ -101.305533, 29.577925 ], [ -101.311997, 29.586063 ], [ -101.313373, 29.602259 ], [ -101.311706, 29.615372 ], [ -101.300027, 29.640702 ], [ -101.302516, 29.650425 ], [ -101.314135, 29.659054 ], [ -101.346017, 29.662241 ], [ -101.350327, 29.66066 ], [ -101.35714, 29.649267 ], [ -101.361312, 29.650063 ], [ -101.367105, 29.670898 ], [ -101.372696, 29.678057 ], [ -101.372773, 29.699428 ], [ -101.396948, 29.713947 ], [ -101.397009, 29.733963 ], [ -101.415584, 29.746534 ], [ -101.414588, 29.752418 ], [ -101.398983, 29.762175 ], [ -101.402319, 29.77119 ], [ -101.410933, 29.770152 ], [ -101.438146, 29.75092 ], [ -101.448881, 29.750699 ], [ -101.455224, 29.771874 ], [ -101.452806, 29.783791 ], [ -101.460906, 29.789663 ], [ -101.478864, 29.784085 ], [ -101.487089, 29.773868 ], [ -101.503223, 29.764582 ], [ -101.51758, 29.765005 ], [ -101.535998, 29.75895 ], [ -101.539432, 29.766421 ], [ -101.53501, 29.797679 ], [ -101.544769, 29.811868 ], [ -101.552485, 29.804233 ], [ -101.567749, 29.798727 ], [ -101.574119, 29.788222 ], [ -101.572223, 29.773319 ], [ -101.575807, 29.769319 ], [ -101.603681, 29.774399 ], [ -101.617906, 29.76993 ], [ -101.6269, 29.770762 ], [ -101.635464, 29.75836 ], [ -101.644567, 29.754233 ], [ -101.650758, 29.757093 ], [ -101.654459, 29.765121 ], [ -101.661724, 29.770857 ], [ -101.670623, 29.768928 ], [ -101.677804, 29.760292 ], [ -101.68144, 29.760784 ], [ -101.689634, 29.771035 ], [ -101.708873, 29.761642 ], [ -101.71973, 29.775738 ], [ -101.733352, 29.77118 ], [ -101.738692, 29.772985 ], [ -101.741335, 29.778278 ], [ -101.753881, 29.777327 ], [ -101.773825, 29.788675 ], [ -101.7849, 29.788648 ], [ -101.788531, 29.779272 ], [ -101.805114, 29.78035 ], [ -101.81081, 29.783627 ], [ -101.813977, 29.79233 ], [ -101.803613, 29.803446 ], [ -101.817777, 29.811635 ], [ -101.825608, 29.807053 ], [ -101.818694, 29.7915 ], [ -101.823656, 29.787398 ], [ -101.837595, 29.793364 ], [ -101.85272, 29.807791 ], [ -101.875772, 29.793796 ], [ -101.911595, 29.79804 ], [ -101.92225, 29.786026 ], [ -101.929323, 29.782576 ], [ -101.933528, 29.785193 ], [ -101.935606, 29.799561 ], [ -101.94589, 29.801755 ], [ -101.957515, 29.795766 ], [ -101.963377, 29.800149 ], [ -101.96674, 29.812698 ], [ -101.976264, 29.81604 ], [ -101.981567, 29.81502 ], [ -101.981808, 29.806167 ], [ -101.987305, 29.796842 ], [ -101.997021, 29.806109 ], [ -102.015227, 29.797491 ], [ -102.021906, 29.802467 ], [ -102.035818, 29.804063 ], [ -102.041189, 29.799058 ], [ -102.038626, 29.791619 ], [ -102.046293, 29.78994 ], [ -102.049652, 29.785276 ], [ -102.073187, 29.786524 ], [ -102.077109, 29.792051 ], [ -102.084379, 29.795064 ], [ -102.094678, 29.791245 ], [ -102.101383, 29.793612 ], [ -102.115706, 29.792301 ], [ -102.119754, 29.802479 ], [ -102.128904, 29.79853 ], [ -102.143566, 29.80332 ], [ -102.150893, 29.811592 ], [ -102.159796, 29.814685 ], [ -102.166445, 29.825385 ], [ -102.179964, 29.826375 ], [ -102.178509, 29.839454 ], [ -102.187027, 29.848656 ], [ -102.191655, 29.846638 ], [ -102.196086, 29.836576 ], [ -102.209938, 29.844359 ], [ -102.223528, 29.84053 ], [ -102.231791, 29.848251 ], [ -102.244892, 29.848946 ], [ -102.243225, 29.858413 ], [ -102.246458, 29.864128 ], [ -102.249775, 29.863293 ], [ -102.253178, 29.853068 ], [ -102.261495, 29.853241 ], [ -102.264269, 29.85563 ], [ -102.261882, 29.86357 ], [ -102.264842, 29.867496 ], [ -102.280892, 29.862819 ], [ -102.286875, 29.871202 ], [ -102.300558, 29.877597 ], [ -102.312298, 29.877119 ], [ -102.31594, 29.879993 ], [ -102.321186, 29.878685 ], [ -102.32434, 29.873712 ], [ -102.323463, 29.863917 ], [ -102.331931, 29.862824 ], [ -102.33331, 29.868071 ], [ -102.340921, 29.869373 ], [ -102.349678, 29.862634 ], [ -102.352272, 29.852756 ], [ -102.364557, 29.845335 ], [ -102.362929, 29.831489 ], [ -102.377512, 29.799997 ], [ -102.3772, 29.789889 ], [ -102.390044, 29.781921 ], [ -102.385039, 29.771744 ], [ -102.387227, 29.761392 ], [ -102.394807, 29.769163 ], [ -102.408976, 29.764531 ], [ -102.433666, 29.776853 ], [ -102.439297, 29.773259 ], [ -102.447382, 29.777502 ], [ -102.457692, 29.774585 ], [ -102.465453, 29.78339 ], [ -102.471994, 29.776387 ], [ -102.480665, 29.776069 ], [ -102.481772, 29.782838 ], [ -102.487252, 29.786585 ], [ -102.497987, 29.781448 ], [ -102.517616, 29.78358 ], [ -102.518382, 29.778664 ], [ -102.510727, 29.773882 ], [ -102.513503, 29.765439 ], [ -102.547978, 29.744644 ], [ -102.554669, 29.748728 ], [ -102.555184, 29.755862 ], [ -102.567663, 29.771463 ], [ -102.574077, 29.767358 ], [ -102.573796, 29.754896 ], [ -102.580338, 29.754991 ], [ -102.589207, 29.749069 ], [ -102.597618, 29.751415 ], [ -102.612426, 29.748272 ], [ -102.62279, 29.736339 ], [ -102.63041, 29.734181 ], [ -102.660245, 29.735629 ], [ -102.667148, 29.739129 ], [ -102.668403, 29.74593 ], [ -102.673997, 29.744574 ], [ -102.681763, 29.728073 ], [ -102.691373, 29.721372 ], [ -102.689035, 29.705038 ], [ -102.697027, 29.698776 ], [ -102.699672, 29.686287 ], [ -102.693644, 29.676685 ], [ -102.696723, 29.671958 ], [ -102.704083, 29.67134 ], [ -102.715209, 29.656405 ], [ -102.72574, 29.651417 ], [ -102.725906, 29.643242 ], [ -102.729784, 29.640652 ], [ -102.736574, 29.641825 ], [ -102.741949, 29.633193 ], [ -102.738557, 29.618176 ], [ -102.740543, 29.597499 ], [ -102.746331, 29.592648 ], [ -102.760323, 29.598603 ], [ -102.768302, 29.595209 ], [ -102.762263, 29.579751 ], [ -102.766201, 29.572206 ], [ -102.773866, 29.573124 ], [ -102.773423, 29.566865 ], [ -102.777766, 29.56098 ], [ -102.777339, 29.554749 ], [ -102.771228, 29.548397 ], [ -102.780266, 29.542466 ], [ -102.791452, 29.542824 ], [ -102.792007, 29.533004 ], [ -102.798443, 29.526667 ], [ -102.80832, 29.52293 ], [ -102.807474, 29.503851 ], [ -102.804337, 29.501177 ], [ -102.807268, 29.494295 ], [ -102.800673, 29.486235 ], [ -102.814251, 29.482398 ], [ -102.813997, 29.471401 ], [ -102.825637, 29.457945 ], [ -102.823954, 29.452112 ], [ -102.819528, 29.45072 ], [ -102.831045, 29.444254 ], [ -102.83248, 29.432431 ], [ -102.826925, 29.4177 ], [ -102.833443, 29.410498 ], [ -102.826518, 29.407563 ], [ -102.825855, 29.402544 ], [ -102.819003, 29.403599 ], [ -102.812381, 29.400525 ], [ -102.815859, 29.397016 ], [ -102.825612, 29.396946 ], [ -102.83306, 29.388086 ], [ -102.834023, 29.379056 ], [ -102.845018, 29.374441 ], [ -102.845317, 29.364732 ], [ -102.839375, 29.358922 ], [ -102.862127, 29.351343 ], [ -102.877505, 29.354891 ], [ -102.884365, 29.347946 ], [ -102.879875, 29.339148 ], [ -102.887338, 29.31163 ], [ -102.893041, 29.308907 ], [ -102.888178, 29.293359 ], [ -102.890466, 29.287978 ], [ -102.902978, 29.279225 ], [ -102.899287, 29.269092 ], [ -102.906384, 29.260083 ], [ -102.903066, 29.254335 ], [ -102.896626, 29.254114 ], [ -102.887818, 29.245796 ], [ -102.88028, 29.246066 ], [ -102.871749, 29.241776 ], [ -102.871716, 29.231719 ], [ -102.866762, 29.227744 ], [ -102.867474, 29.223883 ], [ -102.878821, 29.213627 ], [ -102.895101, 29.208521 ], [ -102.899491, 29.20946 ], [ -102.908653, 29.219663 ], [ -102.912324, 29.219418 ], [ -102.916081, 29.215743 ], [ -102.912734, 29.20673 ], [ -102.914195, 29.200143 ], [ -102.918936, 29.19903 ], [ -102.917823, 29.190887 ], [ -102.932511, 29.194735 ], [ -102.938271, 29.188198 ], [ -102.943378, 29.19141 ], [ -102.950886, 29.17362 ], [ -102.975527, 29.186298 ], [ -102.989985, 29.183472 ], [ -102.995618, 29.179291 ], [ -102.998121, 29.173769 ], [ -102.996268, 29.16022 ], [ -103.002506, 29.149959 ], [ -103.008108, 29.148382 ], [ -103.008797, 29.137569 ], [ -103.015651, 29.133995 ], [ -103.012093, 29.126187 ], [ -103.020472, 29.125628 ], [ -103.027592, 29.116021 ], [ -103.037014, 29.112901 ], [ -103.032109, 29.106827 ], [ -103.033879, 29.100972 ], [ -103.045427, 29.095427 ], [ -103.054249, 29.100798 ], [ -103.064179, 29.091476 ], [ -103.069989, 29.093708 ], [ -103.075824, 29.091537 ], [ -103.080183, 29.087437 ], [ -103.077019, 29.076017 ], [ -103.087425, 29.067108 ], [ -103.0859, 29.053736 ], [ -103.090535, 29.054098 ], [ -103.09239, 29.064704 ], [ -103.100626, 29.060323 ], [ -103.100435, 29.051375 ], [ -103.106506, 29.038179 ], [ -103.097993, 29.026264 ], [ -103.101503, 29.018099 ], [ -103.108484, 29.013329 ], [ -103.117191, 29.000484 ], [ -103.113814, 28.988604 ], [ -103.116814, 28.984416 ], [ -103.134552, 28.983755 ], [ -103.153896, 28.971606 ], [ -103.163935, 28.972204 ], [ -103.170321, 28.980422 ], [ -103.176281, 28.977804 ], [ -103.180842, 28.982398 ], [ -103.202412, 28.987195 ], [ -103.214782, 28.987726 ], [ -103.219848, 28.983318 ], [ -103.227888, 28.991857 ], [ -103.237635, 28.981862 ], [ -103.250416, 28.98043 ], [ -103.253393, 28.987019 ], [ -103.267334, 28.996072 ], [ -103.271386, 28.985362 ], [ -103.279338, 28.977002 ], [ -103.286986, 28.978172 ], [ -103.288305, 28.981385 ], [ -103.283009, 28.982971 ], [ -103.281553, 28.987696 ], [ -103.286941, 29.001273 ], [ -103.301662, 29.008426 ], [ -103.308664, 29.003426 ], [ -103.316162, 29.010689 ], [ -103.308628, 29.01786 ], [ -103.307657, 29.024537 ], [ -103.314341, 29.026064 ], [ -103.326359, 29.016315 ], [ -103.338751, 29.020277 ], [ -103.34201, 29.028436 ], [ -103.336108, 29.027396 ], [ -103.327248, 29.032721 ], [ -103.330613, 29.043219 ], [ -103.344334, 29.04595 ], [ -103.353504, 29.022892 ], [ -103.359603, 29.018644 ], [ -103.374597, 29.023703 ], [ -103.382961, 29.024512 ], [ -103.386505, 29.021648 ], [ -103.388644, 29.033974 ], [ -103.40105, 29.031056 ], [ -103.405079, 29.039577 ], [ -103.415414, 29.037881 ], [ -103.418999, 29.042324 ], [ -103.432095, 29.043356 ], [ -103.428894, 29.049455 ], [ -103.433707, 29.052198 ], [ -103.434221, 29.057287 ], [ -103.441077, 29.0579 ], [ -103.449667, 29.065092 ], [ -103.44993, 29.072714 ], [ -103.461694, 29.072604 ], [ -103.459684, 29.067048 ], [ -103.47135, 29.066727 ], [ -103.47393, 29.070315 ], [ -103.469936, 29.085317 ], [ -103.476202, 29.087812 ], [ -103.476495, 29.091671 ], [ -103.483406, 29.093496 ], [ -103.493639, 29.107953 ], [ -103.498762, 29.108539 ], [ -103.500377, 29.116196 ], [ -103.505884, 29.116048 ], [ -103.512852, 29.121255 ], [ -103.523855, 29.121247 ], [ -103.524835, 29.137123 ], [ -103.539806, 29.146224 ], [ -103.550211, 29.143639 ], [ -103.552965, 29.148656 ], [ -103.550372, 29.155512 ], [ -103.553692, 29.157996 ], [ -103.573684, 29.153823 ], [ -103.580009, 29.149524 ], [ -103.592241, 29.150069 ], [ -103.612231, 29.165369 ], [ -103.628384, 29.163067 ], [ -103.633657, 29.15858 ], [ -103.640745, 29.161142 ], [ -103.650586, 29.15648 ], [ -103.651287, 29.161978 ], [ -103.659619, 29.170569 ], [ -103.688568, 29.17857 ], [ -103.698164, 29.177473 ], [ -103.705162, 29.184968 ], [ -103.712958, 29.185222 ], [ -103.718561, 29.180826 ], [ -103.724947, 29.191986 ], [ -103.742545, 29.20901 ], [ -103.742246, 29.221694 ], [ -103.757365, 29.220668 ], [ -103.754261, 29.22689 ], [ -103.758549, 29.232939 ], [ -103.768393, 29.227578 ], [ -103.769706, 29.220224 ], [ -103.777147, 29.220509 ], [ -103.782029, 29.227264 ], [ -103.781681, 29.241278 ], [ -103.776253, 29.243465 ], [ -103.775072, 29.247954 ], [ -103.783626, 29.265324 ], [ -103.788613, 29.265379 ], [ -103.799364, 29.258437 ], [ -103.806369, 29.261089 ], [ -103.809173, 29.265939 ], [ -103.807612, 29.270159 ], [ -103.813517, 29.274032 ], [ -103.826207, 29.269203 ], [ -103.835491, 29.272687 ], [ -103.837638, 29.278252 ], [ -103.854307, 29.281472 ], [ -103.863178, 29.279197 ], [ -103.88012, 29.285149 ], [ -103.884487, 29.284698 ], [ -103.889395, 29.278824 ], [ -103.899292, 29.28741 ], [ -103.918887, 29.284844 ], [ -103.918288, 29.28982 ], [ -103.92572, 29.294372 ], [ -103.937011, 29.292712 ], [ -103.967648, 29.300029 ], [ -103.975808, 29.296249 ], [ -104.037497, 29.319707 ], [ -104.055165, 29.330442 ], [ -104.0561, 29.337727 ], [ -104.073532, 29.346557 ], [ -104.082256, 29.346064 ], [ -104.090909, 29.353528 ], [ -104.090025, 29.359221 ], [ -104.097754, 29.361642 ], [ -104.098201, 29.366547 ], [ -104.106579, 29.373313 ], [ -104.121318, 29.371423 ], [ -104.122941, 29.380306 ], [ -104.129447, 29.378589 ], [ -104.134919, 29.38422 ], [ -104.141158, 29.377823 ], [ -104.143339, 29.388268 ], [ -104.148373, 29.385101 ], [ -104.155195, 29.394569 ], [ -104.160378, 29.389828 ], [ -104.167443, 29.394744 ], [ -104.164771, 29.401517 ], [ -104.170364, 29.402646 ], [ -104.169674, 29.408161 ], [ -104.179438, 29.4104 ], [ -104.183889, 29.4172 ], [ -104.181065, 29.42646 ], [ -104.192924, 29.43527 ], [ -104.194142, 29.441678 ], [ -104.210077, 29.448843 ], [ -104.217705, 29.456559 ], [ -104.212433, 29.464928 ], [ -104.210044, 29.482243 ], [ -104.215529, 29.484763 ], [ -104.230698, 29.478669 ], [ -104.237134, 29.497556 ], [ -104.254295, 29.506711 ], [ -104.260659, 29.506671 ], [ -104.262175, 29.513501 ], [ -104.291929, 29.519455 ], [ -104.296789, 29.524128 ], [ -104.311475, 29.523202 ], [ -104.310946, 29.528792 ], [ -104.315476, 29.532754 ], [ -104.320896, 29.529539 ], [ -104.321486, 29.521862 ], [ -104.338201, 29.520182 ], [ -104.370421, 29.543141 ], [ -104.381563, 29.543369 ], [ -104.394268, 29.55518 ], [ -104.398921, 29.571897 ], [ -104.452025, 29.603525 ], [ -104.456369, 29.608734 ], [ -104.466549, 29.609216 ], [ -104.465397, 29.618209 ], [ -104.473404, 29.617887 ], [ -104.475991, 29.627979 ], [ -104.486141, 29.628658 ], [ -104.487179, 29.633691 ], [ -104.494934, 29.633826 ], [ -104.498003, 29.639695 ], [ -104.506923, 29.637011 ], [ -104.505633, 29.634044 ], [ -104.508462, 29.632697 ], [ -104.515891, 29.640963 ], [ -104.509878, 29.644213 ], [ -104.517597, 29.647391 ], [ -104.516581, 29.65242 ], [ -104.524682, 29.659236 ], [ -104.525397, 29.667843 ], [ -104.531202, 29.670775 ], [ -104.535575, 29.666553 ], [ -104.535864, 29.674354 ], [ -104.544099, 29.680693 ], [ -104.53021, 29.690464 ], [ -104.543832, 29.696299 ], [ -104.54625, 29.708999 ], [ -104.543909, 29.711189 ], [ -104.547535, 29.714252 ], [ -104.544881, 29.716098 ], [ -104.552287, 29.717342 ], [ -104.549159, 29.720175 ], [ -104.552448, 29.723707 ], [ -104.549326, 29.730571 ], [ -104.560435, 29.735188 ], [ -104.558934, 29.73806 ], [ -104.550327, 29.738008 ], [ -104.549848, 29.740895 ], [ -104.569941, 29.752597 ], [ -104.569614, 29.757089 ], [ -104.563883, 29.761283 ], [ -104.568517, 29.766177 ], [ -104.565929, 29.771468 ], [ -104.570473, 29.778342 ], [ -104.578921, 29.782835 ], [ -104.581506, 29.795112 ], [ -104.590915, 29.798115 ], [ -104.586014, 29.802035 ], [ -104.591347, 29.809809 ], [ -104.594928, 29.805331 ], [ -104.601168, 29.816183 ], [ -104.610082, 29.819359 ], [ -104.608486, 29.827949 ], [ -104.619637, 29.830217 ], [ -104.620256, 29.833082 ], [ -104.613939, 29.833935 ], [ -104.609445, 29.839754 ], [ -104.615371, 29.846569 ], [ -104.619488, 29.841722 ], [ -104.62475, 29.842783 ], [ -104.621585, 29.849565 ], [ -104.629271, 29.852201 ], [ -104.633421, 29.870758 ], [ -104.646112, 29.878542 ], [ -104.64652, 29.883537 ], [ -104.652639, 29.888937 ], [ -104.651662, 29.892384 ], [ -104.655852, 29.889211 ], [ -104.658257, 29.890798 ], [ -104.659008, 29.901191 ], [ -104.655086, 29.905398 ], [ -104.662299, 29.905388 ], [ -104.661824, 29.902188 ], [ -104.665589, 29.901708 ], [ -104.665606, 29.908879 ], [ -104.677167, 29.913035 ], [ -104.678501, 29.926622 ], [ -104.683272, 29.929107 ], [ -104.6793, 29.932879 ], [ -104.682628, 29.935381 ], [ -104.682318, 29.939691 ], [ -104.678949, 29.938131 ], [ -104.67779, 29.940432 ], [ -104.680735, 29.947326 ], [ -104.678168, 29.951691 ], [ -104.674288, 29.950795 ], [ -104.67318, 29.954969 ], [ -104.685253, 29.956731 ], [ -104.681853, 29.969067 ], [ -104.685503, 29.970843 ], [ -104.680152, 29.977003 ], [ -104.687638, 29.973922 ], [ -104.693127, 29.97553 ], [ -104.685736, 29.987142 ], [ -104.68567, 29.990451 ], [ -104.693182, 29.993525 ], [ -104.687533, 29.995673 ], [ -104.688798, 30.002229 ], [ -104.694104, 30.002516 ], [ -104.689549, 30.015105 ], [ -104.703818, 30.023417 ], [ -104.7009, 30.035643 ], [ -104.695675, 30.037664 ], [ -104.707264, 30.049867 ], [ -104.702213, 30.06019 ], [ -104.703662, 30.064196 ], [ -104.691027, 30.070496 ], [ -104.693159, 30.074015 ], [ -104.687988, 30.07377 ], [ -104.6866, 30.076581 ], [ -104.690772, 30.078015 ], [ -104.684965, 30.085301 ], [ -104.6873, 30.0875 ], [ -104.689223, 30.085384 ], [ -104.689868, 30.089342 ], [ -104.685535, 30.093209 ], [ -104.685068, 30.099849 ], [ -104.688951, 30.095259 ], [ -104.694404, 30.101979 ], [ -104.691742, 30.108725 ], [ -104.687131, 30.105867 ], [ -104.685468, 30.110032 ], [ -104.691574, 30.111222 ], [ -104.689947, 30.117021 ], [ -104.695078, 30.117811 ], [ -104.696706, 30.134457 ], [ -104.6919, 30.138852 ], [ -104.689069, 30.137724 ], [ -104.689628, 30.14094 ], [ -104.685312, 30.144733 ], [ -104.689326, 30.145635 ], [ -104.690113, 30.149226 ], [ -104.686885, 30.152139 ], [ -104.689563, 30.154269 ], [ -104.686332, 30.173281 ], [ -104.687076, 30.179342 ], [ -104.697138, 30.191568 ], [ -104.700327, 30.205303 ], [ -104.705066, 30.208381 ], [ -104.702475, 30.212779 ], [ -104.711269, 30.223083 ], [ -104.706255, 30.234812 ], [ -104.713195, 30.237632 ], [ -104.733722, 30.261399 ], [ -104.737501, 30.261285 ], [ -104.736645, 30.255905 ], [ -104.750712, 30.262229 ], [ -104.751586, 30.264419 ], [ -104.74958, 30.266972 ], [ -104.747858, 30.273159 ], [ -104.748593, 30.274407 ], [ -104.750768, 30.271543 ], [ -104.751097, 30.273881 ], [ -104.754725, 30.271741 ], [ -104.757184, 30.274343 ], [ -104.758479, 30.271393 ], [ -104.763176, 30.274836 ], [ -104.758139, 30.286412 ], [ -104.761288, 30.300611 ], [ -104.76669, 30.306 ], [ -104.779318, 30.303269 ], [ -104.776807, 30.3103 ], [ -104.788494, 30.317893 ], [ -104.791399, 30.325518 ], [ -104.797444, 30.330437 ], [ -104.811578, 30.332811 ], [ -104.809995, 30.341511 ], [ -104.822581, 30.350624 ], [ -104.814131, 30.353691 ], [ -104.810993, 30.362472 ], [ -104.811355, 30.366701 ], [ -104.819674, 30.368722 ], [ -104.816423, 30.375187 ], [ -104.837438, 30.373847 ], [ -104.859296, 30.390253 ], [ -104.854281, 30.400366 ], [ -104.857182, 30.408871 ], [ -104.847679, 30.413805 ], [ -104.847831, 30.419775 ], [ -104.849422, 30.421549 ], [ -104.852151, 30.418739 ], [ -104.861305, 30.426121 ], [ -104.858333, 30.437636 ], [ -104.868047, 30.441407 ], [ -104.864444, 30.450549 ], [ -104.869636, 30.459195 ], [ -104.86588, 30.46689 ], [ -104.871667, 30.480345 ], [ -104.867174, 30.485071 ], [ -104.866632, 30.494499 ], [ -104.873921, 30.495258 ], [ -104.871955, 30.51109 ], [ -104.873719, 30.513737 ], [ -104.877041, 30.511204 ], [ -104.879258, 30.517813 ], [ -104.885702, 30.51827 ], [ -104.881023, 30.520976 ], [ -104.885884, 30.524523 ], [ -104.881409, 30.523955 ], [ -104.880559, 30.528925 ], [ -104.889271, 30.535378 ], [ -104.890786, 30.54101 ], [ -104.887697, 30.546727 ], [ -104.890254, 30.546037 ], [ -104.892898, 30.552925 ], [ -104.897946, 30.554548 ], [ -104.895838, 30.562272 ], [ -104.898835, 30.570473 ], [ -104.906888, 30.577164 ], [ -104.909552, 30.585143 ], [ -104.919931, 30.587275 ], [ -104.91855, 30.597038 ], [ -104.922677, 30.603693 ], [ -104.926521, 30.605212 ], [ -104.930975, 30.599066 ], [ -104.938415, 30.603633 ], [ -104.950821, 30.604051 ], [ -104.95503, 30.609357 ], [ -104.971664, 30.610014 ], [ -104.980213, 30.621952 ], [ -104.979496, 30.628598 ], [ -104.9839, 30.635025 ], [ -104.98611, 30.662767 ], [ -105.001542, 30.672704 ], [ -105.002043, 30.680878 ], [ -105.006579, 30.68606 ], [ -105.013199, 30.682562 ], [ -105.017878, 30.685086 ], [ -105.027325, 30.678881 ], [ -105.040819, 30.688935 ], [ -105.047161, 30.688074 ], [ -105.045681, 30.679917 ], [ -105.055307, 30.682156 ], [ -105.056698, 30.687864 ], [ -105.061762, 30.685845 ], [ -105.062552, 30.698502 ], [ -105.066885, 30.699256 ], [ -105.068232, 30.703702 ], [ -105.080941, 30.699846 ], [ -105.080227, 30.707724 ], [ -105.087463, 30.709877 ], [ -105.087614, 30.715488 ], [ -105.098179, 30.716479 ], [ -105.099622, 30.721953 ], [ -105.105547, 30.723808 ], [ -105.103371, 30.729129 ], [ -105.111825, 30.733261 ], [ -105.110939, 30.743552 ], [ -105.113933, 30.74598 ], [ -105.120443, 30.743853 ], [ -105.118295, 30.749726 ], [ -105.127659, 30.747845 ], [ -105.143771, 30.755205 ], [ -105.151976, 30.751462 ], [ -105.156846, 30.753972 ], [ -105.16139, 30.752133 ], [ -105.156191, 30.769773 ], [ -105.162815, 30.770719 ], [ -105.167082, 30.776594 ], [ -105.173992, 30.767531 ], [ -105.176601, 30.767975 ], [ -105.184896, 30.77696 ], [ -105.185999, 30.78455 ], [ -105.190738, 30.785697 ], [ -105.195191, 30.792304 ], [ -105.209091, 30.782655 ], [ -105.216744, 30.783385 ], [ -105.220047, 30.788898 ], [ -105.209598, 30.797628 ], [ -105.215017, 30.805893 ], [ -105.227443, 30.799191 ], [ -105.230019, 30.803827 ], [ -105.238178, 30.80366 ], [ -105.25716, 30.794354 ], [ -105.264148, 30.800335 ], [ -105.266835, 30.808481 ], [ -105.275799, 30.807003 ], [ -105.279401, 30.815698 ], [ -105.287953, 30.817877 ], [ -105.291795, 30.826193 ], [ -105.300136, 30.824771 ], [ -105.306147, 30.809838 ], [ -105.309471, 30.817 ], [ -105.316473, 30.810757 ], [ -105.319251, 30.812235 ], [ -105.31613, 30.818552 ], [ -105.31889, 30.828703 ], [ -105.329276, 30.82491 ], [ -105.328011, 30.831345 ], [ -105.337138, 30.833439 ], [ -105.3392, 30.840393 ], [ -105.34579, 30.840553 ], [ -105.35188, 30.835561 ], [ -105.354442, 30.837781 ], [ -105.353184, 30.842021 ], [ -105.361592, 30.850545 ], [ -105.37192, 30.847593 ], [ -105.387461, 30.853735 ], [ -105.395889, 30.849295 ], [ -105.401668, 30.854563 ], [ -105.394946, 30.859757 ], [ -105.394973, 30.871229 ], [ -105.391327, 30.873832 ], [ -105.404269, 30.879581 ], [ -105.399134, 30.884283 ], [ -105.40028, 30.889513 ], [ -105.40383, 30.892113 ], [ -105.412177, 30.888619 ], [ -105.410535, 30.89204 ], [ -105.41369, 30.899503 ], [ -105.4257, 30.900393 ], [ -105.429997, 30.905566 ], [ -105.4414, 30.908573 ], [ -105.44636, 30.919273 ], [ -105.453186, 30.916146 ], [ -105.45157, 30.924803 ], [ -105.466757, 30.924226 ], [ -105.4709, 30.933763 ], [ -105.47599, 30.933923 ], [ -105.48192, 30.940913 ], [ -105.491667, 30.942443 ], [ -105.48811, 30.943663 ], [ -105.498833, 30.950305 ], [ -105.49391, 30.956313 ], [ -105.50204, 30.967803 ], [ -105.515798, 30.96489 ], [ -105.521939, 30.976473 ], [ -105.532586, 30.984673 ], [ -105.543286, 30.984683 ], [ -105.557854, 30.990415 ], [ -105.570063, 31.008131 ], [ -105.569241, 31.016086 ], [ -105.577538, 31.019732 ], [ -105.581232, 31.026702 ], [ -105.579487, 31.035753 ], [ -105.585085, 31.057293 ], [ -105.595711, 31.064885 ], [ -105.604385, 31.083693 ], [ -105.627102, 31.098405 ], [ -105.641829, 31.098333 ], [ -105.648745, 31.115863 ], [ -105.710625, 31.137023 ], [ -105.716936, 31.14129 ], [ -105.719415, 31.149033 ], [ -105.74231, 31.164815 ], [ -105.773005, 31.166793 ], [ -105.783145, 31.198023 ], [ -105.794357, 31.202411 ], [ -105.836623, 31.248063 ], [ -105.869406, 31.289041 ], [ -105.876109, 31.291693 ], [ -105.893915, 31.290623 ], [ -105.907385, 31.312263 ], [ -105.931375, 31.312753 ], [ -105.938129, 31.318215 ], [ -105.94791, 31.339814 ], [ -105.945643, 31.352545 ], [ -105.953925, 31.364883 ], [ -105.970455, 31.366173 ], [ -106.005235, 31.392618 ], [ -106.080562, 31.398652 ], [ -106.107775, 31.422383 ], [ -106.132475, 31.425011 ], [ -106.157418, 31.437712 ], [ -106.175114, 31.455285 ], [ -106.206645, 31.466253 ], [ -106.219396, 31.480958 ], [ -106.225155, 31.501543 ], [ -106.2372, 31.513735 ], [ -106.246477, 31.54161 ], [ -106.280875, 31.562323 ], [ -106.289057, 31.587802 ], [ -106.30237, 31.609916 ], [ -106.303355, 31.622173 ], [ -106.334151, 31.662927 ], [ -106.349095, 31.696033 ], [ -106.372311, 31.71245 ], [ -106.380005, 31.731133 ], [ -106.415325, 31.750753 ], [ -106.435015, 31.755073 ], [ -106.452055, 31.764523 ], [ -106.466895, 31.759613 ], [ -106.473535, 31.750323 ], [ -106.489497, 31.748382 ], [ -106.510173, 31.76135 ], [ -106.513635, 31.770683 ], [ -106.528519, 31.781433 ], [ -106.527402, 31.790011 ], [ -106.54714, 31.807299 ], [ -106.566472, 31.813433 ], [ -106.577244, 31.810406 ], [ -106.588051, 31.822108 ], [ -106.605297, 31.82772 ], [ -106.601695, 31.84437 ], [ -106.614788, 31.846413 ], [ -106.63592, 31.866233 ], [ -106.629191, 31.883699 ], [ -106.645584, 31.895328 ], [ -106.640062, 31.905273 ], [ -106.612865, 31.920372 ], [ -106.623932, 31.925334 ], [ -106.628654, 31.923608 ], [ -106.629742, 31.926567 ], [ -106.622529, 31.934863 ], [ -106.623659, 31.94551 ], [ -106.614321, 31.951615 ], [ -106.614375, 31.955991 ], [ -106.625123, 31.95453 ], [ -106.624298, 31.961056 ], [ -106.619371, 31.964777 ], [ -106.619569, 31.971577 ], [ -106.630102, 31.971258 ], [ -106.639536, 31.980343 ], [ -106.631186, 31.98981 ], [ -106.619449, 31.994735 ], [ -106.618486, 32.000495 ], [ -106.599112, 32.000731 ], [ -106.082896, 32.00265 ], [ -104.84774, 32.000415 ], [ -104.772106, 31.997486 ], [ -104.754787, 31.997773 ], [ -104.754556, 32.000527 ], [ -104.750503, 32.000537 ], [ -103.06451, 32.000424 ], [ -103.064625, 32.999899 ], [ -103.043651, 34.003639 ], [ -103.041717, 36.50036 ], [ -103.00229, 36.500887 ], [ -103.002329, 37.00015 ], [ -102.815074, 36.999774 ], [ -102.698142, 36.995149 ], [ -102.042089, 36.993016 ], [ -100.107891, 37.002312 ], [ -98.300465, 36.997684 ], [ -94.617964, 36.998905 ], [ -94.617859, 36.499431 ], [ -90.152307, 36.497982 ], [ -90.15345, 36.493048 ], [ -90.160067, 36.494378 ], [ -90.156151, 36.489097 ], [ -90.160099, 36.487504 ], [ -90.157206, 36.484311 ], [ -90.159544, 36.480244 ], [ -90.144181, 36.476196 ], [ -90.142392, 36.471399 ], [ -90.145662, 36.469055 ], [ -90.152985, 36.470771 ], [ -90.155407, 36.463795 ], [ -90.150499, 36.465464 ], [ -90.145032, 36.462851 ], [ -90.143007, 36.46796 ], [ -90.140962, 36.458538 ], [ -90.133953, 36.453781 ], [ -90.137268, 36.450189 ], [ -90.13426, 36.436454 ], [ -90.138896, 36.435107 ], [ -90.137948, 36.431563 ], [ -90.143011, 36.430948 ], [ -90.144312, 36.426018 ], [ -90.139303, 36.42132 ], [ -90.134403, 36.422877 ], [ -90.138503, 36.413726 ], [ -90.127404, 36.416736 ], [ -90.128745, 36.411446 ], [ -90.118886, 36.412513 ], [ -90.118504, 36.409429 ], [ -90.113645, 36.409562 ], [ -90.115597, 36.405816 ], [ -90.110825, 36.407744 ], [ -90.110322, 36.404165 ], [ -90.10434, 36.405429 ], [ -90.101551, 36.40197 ], [ -90.098434, 36.404011 ], [ -90.08152, 36.401096 ], [ -90.074194, 36.392985 ], [ -90.070537, 36.39352 ], [ -90.068998, 36.388234 ], [ -90.065849, 36.387452 ], [ -90.068126, 36.385149 ], [ -90.063504, 36.384081 ], [ -90.066745, 36.378006 ], [ -90.062779, 36.377163 ], [ -90.063467, 36.367082 ], [ -90.068038, 36.356538 ], [ -90.078032, 36.349293 ], [ -90.074188, 36.34337 ], [ -90.078323, 36.337709 ], [ -90.075459, 36.334345 ], [ -90.082382, 36.321997 ], [ -90.069487, 36.313254 ], [ -90.064193, 36.302502 ], [ -90.071502, 36.293206 ], [ -90.079015, 36.289868 ], [ -90.07572, 36.281053 ], [ -90.083529, 36.272122 ], [ -90.096298, 36.271305 ], [ -90.117068, 36.263487 ], [ -90.118374, 36.253273 ], [ -90.124002, 36.243145 ], [ -90.130883, 36.241372 ], [ -90.1248, 36.235263 ], [ -90.126257, 36.229214 ], [ -90.13241, 36.226432 ], [ -90.141852, 36.227654 ], [ -90.145718, 36.220849 ], [ -90.149016, 36.221789 ], [ -90.155716, 36.213822 ], [ -90.169472, 36.214124 ], [ -90.177634, 36.207266 ], [ -90.18813, 36.205461 ], [ -90.196456, 36.196372 ], [ -90.200238, 36.196459 ], [ -90.204415, 36.186855 ], [ -90.211359, 36.183099 ], [ -90.220346, 36.18454 ], [ -90.229613, 36.173156 ], [ -90.231208, 36.163761 ], [ -90.235347, 36.15954 ], [ -90.23123, 36.15359 ], [ -90.235445, 36.139395 ], [ -90.245556, 36.136188 ], [ -90.253267, 36.127312 ], [ -90.260862, 36.127257 ], [ -90.272977, 36.116811 ], [ -90.29306, 36.11443 ], [ -90.300185, 36.097719 ], [ -90.319612, 36.08957 ], [ -90.318238, 36.076134 ], [ -90.320621, 36.07132 ], [ -90.333345, 36.067476 ], [ -90.336874, 36.047238 ], [ -90.348208, 36.041573 ], [ -90.348275, 36.035051 ], [ -90.354284, 36.030325 ], [ -90.351782, 36.025057 ], [ -90.3779, 35.995745 ], [ -89.706932, 36.000981 ], [ -89.688577, 36.029238 ], [ -89.678821, 36.084636 ], [ -89.666598, 36.095802 ], [ -89.628305, 36.106853 ], [ -89.601936, 36.11947 ], [ -89.593549, 36.128138 ], [ -89.591632, 36.142135 ], [ -89.593583, 36.154005 ], [ -89.607004, 36.171179 ], [ -89.69263, 36.224959 ], [ -89.70525, 36.236568 ], [ -89.701821, 36.246004 ], [ -89.695235, 36.252766 ], [ -89.678043, 36.248287 ], [ -89.651407, 36.250683 ], [ -89.602374, 36.238106 ], [ -89.577544, 36.242262 ], [ -89.562206, 36.250909 ], [ -89.544743, 36.247484 ], [ -89.534676, 36.252771 ], [ -89.536441, 36.272827 ], [ -89.539487, 36.277368 ], [ -89.544797, 36.280458 ], [ -89.554296, 36.277753 ], [ -89.578492, 36.288317 ], [ -89.611819, 36.309088 ], [ -89.620255, 36.323006 ], [ -89.615841, 36.336085 ], [ -89.605668, 36.342234 ], [ -89.581636, 36.342357 ], [ -89.545006, 36.336809 ], [ -89.531822, 36.339246 ], [ -89.519, 36.3486 ], [ -89.509722, 36.373626 ], [ -89.513956, 36.384891 ], [ -89.545255, 36.427079 ], [ -89.543406, 36.43877 ], [ -89.523427, 36.456572 ], [ -89.519922, 36.477053 ], [ -89.559874, 36.523467 ], [ -89.570763, 36.548823 ], [ -89.56905, 36.561721 ], [ -89.556316, 36.575129 ], [ -89.538247, 36.581294 ], [ -89.528541, 36.581582 ], [ -89.47993, 36.569087 ], [ -89.46782, 36.546974 ], [ -89.465913, 36.530015 ], [ -89.473256, 36.512416 ], [ -89.486687, 36.494992 ], [ -89.493947, 36.473559 ], [ -89.486193, 36.462114 ], [ -89.464433, 36.457747 ], [ -89.443735, 36.469161 ], [ -89.417275, 36.499011 ], [ -89.398626, 36.542276 ], [ -89.395833, 36.559325 ], [ -89.38271, 36.583722 ], [ -89.376144, 36.614132 ], [ -89.365797, 36.625126 ], [ -89.343902, 36.631888 ], [ -89.324637, 36.631023 ], [ -89.287996, 36.586862 ], [ -89.273329, 36.57267 ], [ -89.260855, 36.565397 ], [ -89.229757, 36.568624 ], [ -89.213874, 36.579911 ], [ -89.202771, 36.601665 ], [ -89.197753, 36.628971 ], [ -89.159118, 36.666354 ], [ -89.171884, 36.672598 ], [ -89.167971, 36.679089 ], [ -89.170462, 36.690048 ], [ -89.199311, 36.715624 ], [ -89.2014, 36.725881 ], [ -89.197856, 36.739772 ], [ -89.18532, 36.753349 ], [ -89.169785, 36.759641 ], [ -89.125967, 36.751809 ], [ -89.11646, 36.768671 ], [ -89.117783, 36.777246 ], [ -89.125042, 36.78621 ], [ -89.157137, 36.789569 ], [ -89.170563, 36.797538 ], [ -89.17925, 36.811366 ], [ -89.178855, 36.833336 ], [ -89.170443, 36.84184 ], [ -89.159005, 36.842729 ], [ -89.152681, 36.847105 ], [ -89.138109, 36.847323 ], [ -89.117115, 36.888685 ], [ -89.098968, 36.956067 ], [ -89.100282, 36.965774 ], [ -89.110946, 36.977797 ], [ -89.123442, 36.983193 ], [ -89.136559, 36.983758 ], [ -89.170173, 37.007067 ], [ -89.180873, 37.026067 ], [ -89.182467, 37.039164 ], [ -89.179385, 37.053248 ], [ -89.165111, 37.077653 ], [ -89.152401, 37.090087 ], [ -89.14607, 37.091004 ], [ -89.150582, 37.093699 ], [ -89.148177, 37.098417 ], [ -89.12585, 37.108476 ], [ -89.1095, 37.123093 ], [ -89.086712, 37.165451 ], [ -89.029866, 37.211065 ], [ -89.013154, 37.216478 ], [ -89.000065, 37.22476 ], [ -88.97737, 37.229444 ], [ -88.96629, 37.23009 ], [ -88.972956, 37.228491 ], [ -88.9545, 37.224917 ], [ -88.932684, 37.22526 ], [ -88.941589, 37.228823 ], [ -88.91618, 37.223991 ], [ -88.802606, 37.187736 ], [ -88.7615, 37.159612 ], [ -88.732499, 37.143945 ], [ -88.71946, 37.140751 ], [ -88.704374, 37.14297 ], [ -88.692608, 37.141105 ], [ -88.644042, 37.122389 ], [ -88.618689, 37.116768 ], [ -88.589865, 37.099785 ], [ -88.56651, 37.075374 ], [ -88.565696, 37.077673 ], [ -88.546925, 37.070819 ], [ -88.516686, 37.065384 ], [ -88.482624, 37.067257 ], [ -88.459941, 37.074628 ], [ -88.445614, 37.093332 ], [ -88.445776, 37.099683 ], [ -88.440626, 37.1086 ], [ -88.443424, 37.108694 ], [ -88.442984, 37.111918 ], [ -88.424657, 37.152291 ], [ -88.43306, 37.162637 ], [ -88.448038, 37.203642 ], [ -88.458517, 37.213354 ], [ -88.472174, 37.220307 ], [ -88.487437, 37.244294 ], [ -88.51141, 37.261477 ], [ -88.512154, 37.263789 ], [ -88.509155, 37.262075 ], [ -88.503942, 37.264787 ], [ -88.506727, 37.264989 ], [ -88.515903, 37.284091 ], [ -88.512435, 37.296616 ], [ -88.484683, 37.345234 ], [ -88.475283, 37.389857 ], [ -88.452813, 37.41094 ], [ -88.412114, 37.425061 ], [ -88.395218, 37.420533 ], [ -88.377147, 37.409644 ], [ -88.372137, 37.403106 ], [ -88.364465, 37.401736 ], [ -88.348398, 37.41096 ], [ -88.323633, 37.433992 ], [ -88.281631, 37.452729 ], [ -88.196539, 37.460703 ], [ -88.135161, 37.471754 ], [ -88.093876, 37.473803 ], [ -88.085457, 37.471564 ], [ -88.073122, 37.485691 ], [ -88.067844, 37.485867 ], [ -88.061114, 37.504122 ], [ -88.062827, 37.514861 ], [ -88.069011, 37.525399 ], [ -88.089444, 37.536366 ], [ -88.10574, 37.556594 ], [ -88.134281, 37.574636 ], [ -88.14059, 37.58483 ], [ -88.14078, 37.600256 ], [ -88.157993, 37.636948 ], [ -88.159157, 37.662611 ], [ -88.150547, 37.676753 ], [ -88.134215, 37.69154 ], [ -88.121522, 37.710243 ], [ -88.070314, 37.733323 ], [ -88.059333, 37.742967 ], [ -88.044585, 37.763122 ], [ -88.036316, 37.791157 ], [ -88.02985, 37.798252 ], [ -88.016289, 37.801971 ], [ -88.004715, 37.800104 ], [ -87.972851, 37.785371 ], [ -87.959833, 37.773133 ], [ -87.95184, 37.771695 ], [ -87.944855, 37.77481 ], [ -87.934129, 37.796414 ], [ -87.907375, 37.807129 ], [ -87.903647, 37.816785 ], [ -87.909967, 37.843028 ], [ -87.93688, 37.868716 ], [ -87.940742, 37.8845 ], [ -87.93731, 37.892071 ], [ -87.911463, 37.918791 ], [ -87.898112, 37.927588 ], [ -87.875025, 37.922864 ], [ -87.863785, 37.912397 ], [ -87.856787, 37.900193 ], [ -87.846489, 37.893534 ], [ -87.846443, 37.887992 ], [ -87.839668, 37.88078 ], [ -87.829773, 37.876425 ], [ -87.791429, 37.875661 ], [ -87.759239, 37.891662 ], [ -87.737351, 37.894732 ], [ -87.718208, 37.892601 ], [ -87.684414, 37.903665 ], [ -87.675011, 37.901643 ], [ -87.66684, 37.895763 ], [ -87.664033, 37.887477 ], [ -87.681684, 37.856273 ], [ -87.679411, 37.836525 ], [ -87.670344, 37.827962 ], [ -87.644161, 37.826189 ], [ -87.612446, 37.833608 ], [ -87.597532, 37.848047 ], [ -87.590267, 37.85859 ], [ -87.586304, 37.872493 ], [ -87.583925, 37.872485 ], [ -87.587141, 37.884858 ], [ -87.619824, 37.906846 ], [ -87.627317, 37.920402 ], [ -87.626411, 37.927928 ], [ -87.617404, 37.93827 ], [ -87.622429, 37.936203 ], [ -87.605813, 37.949611 ], [ -87.603155, 37.96765 ], [ -87.597764, 37.973897 ], [ -87.587408, 37.975276 ], [ -87.577809, 37.970198 ], [ -87.574233, 37.961146 ], [ -87.577511, 37.951661 ], [ -87.573567, 37.951722 ], [ -87.567023, 37.938738 ], [ -87.556045, 37.928168 ], [ -87.510567, 37.906081 ], [ -87.497631, 37.910699 ], [ -87.449131, 37.941854 ], [ -87.411991, 37.944503 ], [ -87.371688, 37.931189 ], [ -87.362085, 37.921205 ], [ -87.338787, 37.908482 ], [ -87.319982, 37.905672 ], [ -87.298655, 37.896134 ], [ -87.2555, 37.867802 ], [ -87.22026, 37.848971 ], [ -87.161704, 37.839764 ], [ -87.141115, 37.815518 ], [ -87.130068, 37.786779 ], [ -87.11073, 37.782418 ], [ -87.089279, 37.787862 ], [ -87.071533, 37.799818 ], [ -87.065414, 37.807614 ], [ -87.04324, 37.868368 ], [ -87.045878, 37.892646 ], [ -87.034166, 37.906265 ], [ -87.009975, 37.919893 ], [ -86.97618, 37.931112 ], [ -86.918922, 37.936837 ], [ -86.901983, 37.946448 ], [ -86.860914, 37.984368 ], [ -86.819689, 37.999422 ], [ -86.794965, 37.989213 ], [ -86.777839, 37.951688 ], [ -86.751121, 37.913356 ], [ -86.732545, 37.894768 ], [ -86.717436, 37.893504 ], [ -86.680788, 37.915035 ], [ -86.647853, 37.909387 ], [ -86.644257, 37.896517 ], [ -86.660653, 37.864247 ], [ -86.662241, 37.85285 ], [ -86.655233, 37.842481 ], [ -86.638279, 37.84269 ], [ -86.608655, 37.855703 ], [ -86.598194, 37.867163 ], [ -86.600126, 37.905171 ], [ -86.597226, 37.912922 ], [ -86.588687, 37.92109 ], [ -86.579416, 37.923175 ], [ -86.533836, 37.917151 ], [ -86.507341, 37.929505 ], [ -86.509318, 37.942297 ], [ -86.520176, 37.953828 ], [ -86.524937, 37.966495 ], [ -86.525138, 38.028734 ], [ -86.521712, 38.039617 ], [ -86.515907, 38.043098 ], [ -86.459773, 38.048129 ], [ -86.447898, 38.053171 ], [ -86.433923, 38.065705 ], [ -86.430518, 38.075563 ], [ -86.43233, 38.084802 ], [ -86.457408, 38.095016 ], [ -86.464682, 38.102508 ], [ -86.466352, 38.113474 ], [ -86.461241, 38.120926 ], [ -86.448991, 38.127321 ], [ -86.432344, 38.126336 ], [ -86.401879, 38.104329 ], [ -86.396463, 38.106891 ], [ -86.389316, 38.122292 ], [ -86.380768, 38.129018 ], [ -86.338671, 38.127882 ], [ -86.32512, 38.136339 ], [ -86.321133, 38.146586 ], [ -86.325874, 38.154029 ], [ -86.365342, 38.161367 ], [ -86.376728, 38.169743 ], [ -86.378471, 38.181599 ], [ -86.376013, 38.190663 ], [ -86.370952, 38.195575 ], [ -86.359772, 38.19884 ], [ -86.347401, 38.195112 ], [ -86.31883, 38.173792 ], [ -86.29282, 38.162479 ], [ -86.272847, 38.140835 ], [ -86.270396, 38.128897 ], [ -86.279116, 38.100938 ], [ -86.278554, 38.086418 ], [ -86.272773, 38.064824 ], [ -86.267805, 38.057148 ], [ -86.233339, 38.039625 ], [ -86.220242, 38.027964 ], [ -86.178178, 38.010561 ], [ -86.163186, 38.010064 ], [ -86.148929, 38.014657 ], [ -86.125329, 38.01624 ], [ -86.094602, 38.008809 ], [ -86.073858, 37.995511 ], [ -86.077279, 37.99739 ], [ -86.063745, 37.97425 ], [ -86.051105, 37.961255 ], [ -86.038906, 37.95899 ], [ -86.03411, 37.965401 ], [ -86.034999, 37.98429 ], [ -86.030358, 37.992057 ], [ -86.009467, 37.99839 ], [ -85.946509, 38.005228 ], [ -85.925654, 38.021784 ], [ -85.920652, 38.032306 ], [ -85.913868, 38.071854 ], [ -85.905052, 38.089957 ], [ -85.909096, 38.142341 ], [ -85.90618, 38.167906 ], [ -85.882666, 38.200847 ], [ -85.852035, 38.2223 ], [ -85.843599, 38.232179 ], [ -85.838921, 38.240331 ], [ -85.836588, 38.264072 ], [ -85.829065, 38.276554 ], [ -85.818402, 38.282169 ], [ -85.781188, 38.288307 ], [ -85.766394, 38.280546 ], [ -85.766911, 38.276591 ], [ -85.760922, 38.271914 ], [ -85.743475, 38.267294 ], [ -85.679962, 38.297585 ], [ -85.652264, 38.328792 ], [ -85.639385, 38.361106 ], [ -85.637454, 38.382219 ], [ -85.631833, 38.398427 ], [ -85.62034, 38.423414 ], [ -85.606954, 38.438574 ], [ -85.582753, 38.451043 ], [ -85.534354, 38.455781 ], [ -85.505707, 38.464717 ], [ -85.488889, 38.477652 ], [ -85.469689, 38.508012 ], [ -85.434234, 38.523264 ], [ -85.419532, 38.53533 ], [ -85.415555, 38.544969 ], [ -85.415653, 38.563209 ], [ -85.438044, 38.604547 ], [ -85.438629, 38.65889 ], [ -85.456723, 38.686357 ], [ -85.451784, 38.71015 ], [ -85.451544, 38.707904 ], [ -85.435947, 38.72871 ], [ -85.414144, 38.736859 ], [ -85.364447, 38.730429 ], [ -85.306101, 38.741528 ], [ -85.272376, 38.74074 ], [ -85.246455, 38.731746 ], [ -85.226418, 38.705993 ], [ -85.213053, 38.695453 ], [ -85.188871, 38.687585 ], [ -85.173161, 38.688007 ], [ -85.137407, 38.699867 ], [ -85.102014, 38.726297 ], [ -85.012247, 38.765976 ], [ -84.991924, 38.778284 ], [ -84.941119, 38.775688 ], [ -84.887421, 38.794831 ], [ -84.828857, 38.783271 ], [ -84.813819, 38.785075 ], [ -84.811599, 38.79196 ], [ -84.813991, 38.800217 ], [ -84.82702, 38.818527 ], [ -84.830045, 38.83014 ], [ -84.823645, 38.838921 ], [ -84.791524, 38.859974 ], [ -84.785735, 38.86996 ], [ -84.785275, 38.880425 ], [ -84.793159, 38.887418 ], [ -84.81216, 38.89498 ], [ -84.866635, 38.898805 ], [ -84.877247, 38.909413 ], [ -84.879309, 38.916102 ], [ -84.87692, 38.921669 ], [ -84.834252, 38.958771 ], [ -84.830049, 38.97256 ], [ -84.838579, 38.989902 ], [ -84.871824, 39.027756 ], [ -84.885774, 39.037661 ], [ -84.897371, 39.0574 ], [ -84.889059, 39.066126 ], [ -84.861019, 39.077986 ], [ -84.832435, 39.100489 ], [ -84.787768, 39.115313 ], [ -84.768281, 39.137306 ], [ -84.753401, 39.147114 ], [ -84.743351, 39.147585 ], [ -84.727462, 39.142727 ], [ -84.715095, 39.13372 ], [ -84.687234, 39.10156 ], [ -84.658517, 39.095812 ], [ -84.632532, 39.076634 ], [ -84.618343, 39.073304 ], [ -84.60385, 39.073727 ], [ -84.571906, 39.08243 ], [ -84.550816, 39.099548 ], [ -84.540663, 39.099101 ], [ -84.525626, 39.092478 ], [ -84.510338, 39.093873 ], [ -84.497025, 39.100358 ], [ -84.475797, 39.119938 ], [ -84.464555, 39.122016 ], [ -84.452534, 39.119239 ], [ -84.44322, 39.112174 ], [ -84.43516, 39.100362 ], [ -84.432732, 39.066834 ], [ -84.430561, 39.05874 ], [ -84.423868, 39.05286 ], [ -84.428564, 39.055579 ], [ -84.426389, 39.053134 ], [ -84.408054, 39.045934 ], [ -84.376913, 39.044163 ], [ -84.347599, 39.03758 ], [ -84.32662, 39.027262 ], [ -84.306074, 39.007753 ], [ -84.297732, 38.989743 ], [ -84.295796, 38.969209 ], [ -84.288777, 38.955644 ], [ -84.257039, 38.922649 ], [ -84.23434, 38.893265 ], [ -84.231864, 38.83272 ], [ -84.225298, 38.817461 ], [ -84.213115, 38.805835 ], [ -84.147212, 38.792861 ], [ -84.09246, 38.774422 ], [ -84.070779, 38.770414 ], [ -84.043753, 38.77067 ], [ -83.978095, 38.787363 ], [ -83.962367, 38.787521 ], [ -83.943207, 38.783176 ], [ -83.925661, 38.771208 ], [ -83.869407, 38.761301 ], [ -83.858316, 38.756325 ], [ -83.848891, 38.747477 ], [ -83.841556, 38.723919 ], [ -83.836759, 38.717718 ], [ -83.82189, 38.709537 ], [ -83.792072, 38.702301 ], [ -83.784463, 38.696723 ], [ -83.773631, 38.661061 ], [ -83.764188, 38.652525 ], [ -83.720862, 38.646674 ], [ -83.681523, 38.630334 ], [ -83.668395, 38.626453 ], [ -83.659485, 38.627384 ], [ -83.645476, 38.635561 ], [ -83.636491, 38.667346 ], [ -83.626023, 38.678611 ], [ -83.611516, 38.684653 ], [ -83.601861, 38.683981 ], [ -83.545224, 38.699928 ], [ -83.520883, 38.703062 ], [ -83.493636, 38.694518 ], [ -83.46771, 38.675348 ], [ -83.445399, 38.66999 ], [ -83.384858, 38.663111 ], [ -83.362775, 38.65722 ], [ -83.327743, 38.637831 ], [ -83.322151, 38.63008 ], [ -83.316587, 38.608004 ], [ -83.305219, 38.599411 ], [ -83.293181, 38.596714 ], [ -83.281876, 38.603209 ], [ -83.264263, 38.621401 ], [ -83.245664, 38.628564 ], [ -83.230887, 38.627104 ], [ -83.204364, 38.616775 ], [ -83.153243, 38.618982 ], [ -83.134754, 38.632013 ], [ -83.126693, 38.644393 ], [ -83.122067, 38.660098 ], [ -83.112384, 38.671623 ], [ -83.062873, 38.689307 ], [ -83.054018, 38.695068 ], [ -83.030495, 38.725839 ], [ -83.008784, 38.729994 ], [ -82.971489, 38.7272 ], [ -82.934678, 38.746664 ], [ -82.890432, 38.75626 ], [ -82.87954, 38.751298 ], [ -82.871769, 38.739427 ], [ -82.869884, 38.727272 ], [ -82.877493, 38.689465 ], [ -82.860383, 38.662882 ], [ -82.854455, 38.613769 ], [ -82.842472, 38.58891 ], [ -82.821214, 38.573393 ], [ -82.795871, 38.56181 ], [ -82.727905, 38.558871 ], [ -82.698285, 38.54377 ], [ -82.653595, 38.493843 ], [ -82.610808, 38.471953 ], [ -82.603646, 38.459223 ], [ -82.600972, 38.439107 ], [ -82.593482, 38.418252 ], [ -82.583378, 38.40997 ], [ -82.570571, 38.40496 ], [ -82.538234, 38.404081 ], [ -82.404882, 38.439347 ], [ -82.381773, 38.434783 ], [ -82.330335, 38.4445 ], [ -82.318111, 38.457876 ], [ -82.304223, 38.496308 ], [ -82.303971, 38.517683 ], [ -82.295671, 38.538483 ], [ -82.291271, 38.578983 ], [ -82.27427, 38.593683 ], [ -82.26207, 38.598183 ], [ -82.246659, 38.598569 ], [ -82.221468, 38.591284 ], [ -82.201004, 38.592052 ], [ -82.188767, 38.594984 ], [ -82.175267, 38.607084 ], [ -82.172467, 38.628784 ], [ -82.190867, 38.680383 ], [ -82.182467, 38.708782 ], [ -82.191285, 38.727204 ], [ -82.193098, 38.737718 ], [ -82.186868, 38.722282 ], [ -82.187968, 38.733082 ], [ -82.198882, 38.757725 ], [ -82.219644, 38.772283 ], [ -82.221566, 38.787187 ], [ -82.211438, 38.80122 ], [ -82.191172, 38.815137 ], [ -82.163598, 38.823424 ], [ -82.145467, 38.83968 ], [ -82.139224, 38.86502 ], [ -82.145367, 38.884179 ], [ -82.143167, 38.898079 ], [ -82.129366, 38.907879 ], [ -82.111166, 38.936579 ], [ -82.111667, 38.932579 ], [ -82.109065, 38.945579 ], [ -82.094865, 38.964578 ], [ -82.091565, 38.973778 ], [ -82.051563, 38.994378 ], [ -82.037749, 39.023865 ], [ -82.021884, 39.029491 ], [ -82.004499, 39.028892 ], [ -81.991361, 39.018378 ], [ -81.979371, 38.993193 ], [ -81.951447, 38.996032 ], [ -81.933186, 38.98766 ], [ -81.900595, 38.937671 ], [ -81.89847, 38.929603 ], [ -81.92667, 38.901311 ], [ -81.927999, 38.893492 ], [ -81.90297, 38.87609 ], [ -81.889233, 38.874279 ], [ -81.855971, 38.892734 ], [ -81.845312, 38.910088 ], [ -81.844486, 38.928746 ], [ -81.827354, 38.945898 ], [ -81.811157, 38.944721 ], [ -81.785647, 38.926192 ], [ -81.774105, 38.922964 ], [ -81.762658, 38.924123 ], [ -81.757058, 38.931228 ], [ -81.756975, 38.937154 ], [ -81.778845, 38.955892 ], [ -81.78182, 38.964935 ], [ -81.774062, 38.993682 ], [ -81.765153, 39.002579 ], [ -81.764253, 39.015279 ], [ -81.772854, 39.026179 ], [ -81.800355, 39.044978 ], [ -81.808055, 39.053777 ], [ -81.812354, 39.061279 ], [ -81.813854, 39.079678 ], [ -81.806654, 39.084078 ], [ -81.775555, 39.078377 ], [ -81.760754, 39.084077 ], [ -81.746054, 39.096978 ], [ -81.742353, 39.111277 ], [ -81.745194, 39.138239 ], [ -81.742765, 39.142669 ], [ -81.75618, 39.18046 ], [ -81.751206, 39.186043 ], [ -81.736874, 39.192628 ], [ -81.725622, 39.215905 ], [ -81.700908, 39.220844 ], [ -81.691915, 39.227035 ], [ -81.69662, 39.256139 ], [ -81.683613, 39.270947 ], [ -81.670187, 39.275963 ], [ -81.645338, 39.277339 ], [ -81.622185, 39.273675 ], [ -81.605816, 39.275851 ], [ -81.585559, 39.268747 ], [ -81.570247, 39.267675 ], [ -81.565247, 39.276175 ], [ -81.557547, 39.338774 ], [ -81.542346, 39.352874 ], [ -81.503189, 39.373242 ], [ -81.473187, 39.400169 ], [ -81.456143, 39.409274 ], [ -81.435642, 39.408474 ], [ -81.412706, 39.394618 ], [ -81.406689, 39.38809 ], [ -81.393794, 39.351706 ], [ -81.384556, 39.343449 ], [ -81.375961, 39.341697 ], [ -81.344927, 39.346794 ], [ -81.30177, 39.372228 ], [ -81.270292, 39.386047 ], [ -81.244359, 39.39041 ], [ -81.223581, 39.386062 ], [ -81.217315, 39.38759 ], [ -81.211654, 39.392977 ], [ -81.208231, 39.407147 ], [ -81.185145, 39.431479 ], [ -81.167593, 39.440064 ], [ -81.132534, 39.446275 ], [ -81.114733, 39.465575 ], [ -81.100834, 39.487176 ], [ -81.071025, 39.515608 ], [ -80.973483, 39.588446 ], [ -80.928346, 39.616554 ], [ -80.91762, 39.618703 ], [ -80.892208, 39.616756 ], [ -80.88036, 39.620706 ], [ -80.866646, 39.652616 ], [ -80.863698, 39.691724 ], [ -80.852, 39.69856 ], [ -80.833882, 39.703497 ], [ -80.829764, 39.711839 ], [ -80.831551, 39.719475 ], [ -80.84596, 39.738667 ], [ -80.852738, 39.74104 ], [ -80.865339, 39.753251 ], [ -80.870322, 39.763184 ], [ -80.869092, 39.766364 ], [ -80.863048, 39.775197 ], [ -80.826079, 39.798584 ], [ -80.822181, 39.811708 ], [ -80.826124, 39.844238 ], [ -80.821279, 39.849982 ], [ -80.799898, 39.858912 ], [ -80.790761, 39.86728 ], [ -80.79399, 39.882783 ], [ -80.809174, 39.903936 ], [ -80.806776, 39.916308 ], [ -80.799685, 39.91958 ], [ -80.787038, 39.918355 ], [ -80.763399, 39.908619 ], [ -80.756113, 39.913402 ], [ -80.764275, 39.949963 ], [ -80.757922, 39.959707 ], [ -80.740139, 39.970795 ], [ -80.738883, 39.985583 ], [ -80.74217, 40.008575 ], [ -80.731024, 40.044291 ], [ -80.733327, 40.058635 ], [ -80.738165, 40.066534 ], [ -80.738181, 40.078607 ], [ -80.7313, 40.08643 ], [ -80.709545, 40.100302 ], [ -80.707095, 40.111103 ], [ -80.710166, 40.138315 ], [ -80.705611, 40.153476 ], [ -80.686081, 40.181637 ], [ -80.668083, 40.199689 ], [ -80.66154, 40.229812 ], [ -80.652101, 40.244975 ], [ -80.619297, 40.26517 ], [ -80.614886, 40.291971 ], [ -80.602895, 40.307069 ], [ -80.599895, 40.317666 ], [ -80.612795, 40.347669 ], [ -80.607587, 40.36956 ], [ -80.609686, 40.37495 ], [ -80.619102, 40.381862 ], [ -80.631392, 40.385696 ], [ -80.632732, 40.390505 ], [ -80.632196, 40.393667 ], [ -80.612325, 40.402762 ], [ -80.612195, 40.434838 ], [ -80.595953, 40.463354 ], [ -80.595405, 40.475316 ], [ -80.618003, 40.502049 ], [ -80.627507, 40.535793 ], [ -80.633107, 40.538705 ], [ -80.652436, 40.562544 ], [ -80.664372, 40.570016 ], [ -80.667781, 40.578096 ], [ -80.66354, 40.590768 ], [ -80.62645, 40.620176 ], [ -80.598764, 40.625263 ], [ -80.576704, 40.614223 ], [ -80.551126, 40.628847 ], [ -80.518991, 40.638801 ], [ -80.519342, 39.721403 ], [ -78.315139, 39.722877 ], [ -76.990903, 39.719799 ], [ -75.773786, 39.7222 ], [ -75.755034, 39.754884 ], [ -75.728037, 39.783489 ], [ -75.693153, 39.80746 ], [ -75.652932, 39.824949 ], [ -75.60748, 39.835825 ], [ -75.55977, 39.839516 ], [ -75.511912, 39.835814 ], [ -75.465856, 39.82482 ], [ -75.43467, 39.812488 ], [ -75.405414, 39.796396 ], [ -75.4383, 39.784402 ], [ -75.450688, 39.775064 ], [ -75.452339, 39.769013 ], [ -75.462198, 39.763197 ], [ -75.475693, 39.733658 ], [ -75.476438, 39.716199 ], [ -75.479361, 39.713706 ], [ -75.488384, 39.714708 ], [ -75.496312, 39.700956 ], [ -75.509874, 39.693915 ], [ -75.510374, 39.677935 ], [ -75.515533, 39.666326 ], [ -75.533524, 39.647557 ], [ -75.541978, 39.645425 ], [ -75.558773, 39.629987 ], [ -75.557371, 39.609115 ], [ -75.553512, 39.601819 ], [ -75.537503, 39.593627 ], [ -75.527693, 39.584112 ], [ -75.514747, 39.580884 ], [ -75.51196, 39.56729 ], [ -75.519068, 39.555434 ], [ -75.534014, 39.540702 ], [ -75.526787, 39.53144 ], [ -75.530141, 39.505373 ], [ -75.526974, 39.499168 ], [ -75.55909, 39.495806 ], [ -75.563586, 39.483048 ], [ -75.560538, 39.455645 ], [ -75.48136, 39.387555 ], [ -75.469436, 39.373147 ], [ -75.321021, 39.251379 ], [ -75.249017, 39.158945 ], [ -75.191671, 39.079 ], [ -75.168462, 39.056179 ], [ -75.015123, 38.788657 ], [ -75.017366, 38.786639 ], [ -75.013389, 38.772347 ], [ -75.014212, 38.745036 ], [ -75.003025, 38.685964 ], [ -75.001968, 38.631683 ], [ -74.993519, 38.612501 ], [ -74.984165, 38.500111 ], [ -74.987945, 38.436629 ], [ -74.999625, 38.382971 ], [ -74.999625, 38.371668 ], [ -75.019095, 38.321425 ], [ -75.020805, 38.309756 ], [ -75.031295, 38.294737 ], [ -75.041457, 38.287009 ], [ -75.071403, 38.225932 ], [ -75.124625, 38.093901 ], [ -75.1352, 38.074469 ], [ -75.177078, 38.01342 ], [ -75.241758, 37.931532 ], [ -75.274981, 37.875124 ], [ -75.303132, 37.838169 ], [ -75.337979, 37.815232 ], [ -75.360125, 37.810186 ], [ -75.380174, 37.810404 ], [ -75.409285, 37.820919 ], [ -75.417073, 37.82105 ], [ -75.460933, 37.771356 ], [ -75.474407, 37.739189 ], [ -75.487225, 37.724877 ], [ -75.507746, 37.688654 ], [ -75.515962, 37.671538 ], [ -75.51846, 37.649426 ], [ -75.533183, 37.629884 ], [ -75.541779, 37.606145 ], [ -75.528445, 37.584876 ], [ -75.526913, 37.571084 ], [ -75.529901, 37.556717 ], [ -75.540806, 37.53895 ], [ -75.555061, 37.526677 ], [ -75.579639, 37.494637 ], [ -75.58911, 37.477857 ], [ -75.595642, 37.465584 ], [ -75.604026, 37.422024 ], [ -75.643456, 37.372864 ], [ -75.640318, 37.363865 ], [ -75.644386, 37.34227 ], [ -75.65659, 37.323914 ], [ -75.678964, 37.312577 ], [ -75.715515, 37.275687 ], [ -75.715377, 37.269972 ], [ -75.732284, 37.245694 ], [ -75.728367, 37.235617 ], [ -75.729271, 37.216901 ], [ -75.742831, 37.192907 ], [ -75.744639, 37.182349 ], [ -75.766049, 37.154932 ], [ -75.805907, 37.116061 ], [ -75.824147, 37.110122 ], [ -75.835631, 37.095006 ], [ -75.854547, 37.079349 ], [ -75.869409, 37.073951 ], [ -75.889676, 37.054515 ], [ -75.928307, 36.938179 ], [ -75.874647, 36.744305 ], [ -75.819825, 36.625153 ], [ -75.800435, 36.56274 ], [ -75.790558, 36.500156 ], [ -75.749635, 36.353606 ], [ -75.711319, 36.250163 ], [ -75.666246, 36.148924 ], [ -75.566047, 35.975614 ], [ -75.480501, 35.814207 ], [ -75.466237, 35.801315 ], [ -75.460815, 35.784524 ], [ -75.437617, 35.74696 ], [ -75.41782, 35.686082 ], [ -75.40039, 35.593512 ], [ -75.402422, 35.54421 ], [ -75.415089, 35.50018 ], [ -75.426135, 35.386923 ], [ -75.447751, 35.309794 ], [ -75.459334, 35.246552 ], [ -75.4746, 35.202029 ], [ -75.487685, 35.184994 ], [ -75.519213, 35.169083 ], [ -75.548003, 35.168184 ], [ -75.564713, 35.173298 ], [ -75.581108, 35.183784 ], [ -75.595369, 35.182827 ], [ -75.636215, 35.172205 ], [ -75.70737, 35.146111 ], [ -75.736214, 35.140705 ], [ -75.807724, 35.115906 ], [ -75.908588, 35.071522 ], [ -75.994744, 35.008793 ], [ -76.02443, 35.005364 ], [ -76.032596, 35.000169 ], [ -76.124626, 34.933081 ], [ -76.249632, 34.834631 ], [ -76.315731, 34.77603 ], [ -76.374638, 34.715991 ], [ -76.439001, 34.640288 ], [ -76.466338, 34.595738 ], [ -76.483183, 34.55636 ], [ -76.491991, 34.546532 ], [ -76.514867, 34.535142 ], [ -76.524378, 34.532155 ], [ -76.547874, 34.532839 ], [ -76.572066, 34.542544 ], [ -76.58372, 34.552625 ], [ -76.595485, 34.577843 ], [ -76.612344, 34.600128 ], [ -76.614722, 34.618278 ], [ -76.677227, 34.634304 ], [ -76.6928, 34.64295 ], [ -76.749655, 34.647665 ], [ -76.818937, 34.643253 ], [ -76.904628, 34.632339 ], [ -76.999666, 34.617009 ], [ -77.079208, 34.595974 ], [ -77.094311, 34.588591 ], [ -77.122999, 34.584375 ], [ -77.160576, 34.569026 ], [ -77.219176, 34.53966 ], [ -77.295077, 34.488968 ], [ -77.341271, 34.471663 ], [ -77.418832, 34.435923 ], [ -77.516162, 34.382443 ], [ -77.556732, 34.353651 ], [ -77.608589, 34.310136 ], [ -77.623579, 34.303162 ], [ -77.655829, 34.273999 ], [ -77.668453, 34.258302 ], [ -77.691093, 34.245744 ], [ -77.709288, 34.221813 ], [ -77.722953, 34.209997 ], [ -77.730756, 34.189788 ], [ -77.74742, 34.175594 ], [ -77.749702, 34.161214 ], [ -77.753791, 34.155023 ], [ -77.774966, 34.138665 ], [ -77.785555, 34.125171 ], [ -77.830206, 34.030283 ], [ -77.855252, 33.960095 ], [ -77.862169, 33.948609 ], [ -77.863534, 33.93467 ], [ -77.884519, 33.90367 ], [ -77.886109, 33.891195 ], [ -77.894246, 33.878655 ], [ -77.89897, 33.854639 ], [ -77.893686, 33.804702 ], [ -77.896659, 33.787547 ], [ -77.914695, 33.766032 ], [ -77.929284, 33.757984 ], [ -77.943061, 33.75377 ], [ -77.964052, 33.752899 ], [ -77.99971, 33.76713 ], [ -78.009027, 33.781729 ], [ -78.01286, 33.803863 ], [ -78.052895, 33.827432 ], [ -78.066581, 33.847985 ], [ -78.145353, 33.862734 ], [ -78.270761, 33.862778 ], [ -78.367124, 33.851597 ], [ -78.503694, 33.812064 ], [ -78.522952, 33.80219 ], [ -78.564842, 33.796621 ], [ -78.610549, 33.784899 ], [ -78.691382, 33.755288 ], [ -78.772415, 33.707967 ], [ -78.822059, 33.670239 ], [ -78.910541, 33.589351 ], [ -78.956996, 33.538722 ], [ -78.976259, 33.508679 ], [ -78.993033, 33.488992 ], [ -79.034496, 33.456834 ], [ -79.071235, 33.400969 ], [ -79.087581, 33.369287 ], [ -79.091134, 33.356364 ], [ -79.08918, 33.333638 ], [ -79.093312, 33.304952 ], [ -79.108922, 33.283161 ], [ -79.120217, 33.246932 ], [ -79.108013, 33.238931 ], [ -79.081634, 33.207329 ], [ -79.077605, 33.188653 ], [ -79.082229, 33.171325 ], [ -79.104388, 33.148505 ], [ -79.115866, 33.143273 ], [ -79.140519, 33.13962 ], [ -79.153138, 33.125168 ], [ -79.180871, 33.107528 ], [ -79.185158, 33.092858 ], [ -79.202963, 33.071707 ], [ -79.215538, 33.064248 ], [ -79.241961, 33.06118 ], [ -79.256045, 33.051591 ], [ -79.273373, 33.046559 ], [ -79.278981, 33.028459 ], [ -79.299505, 33.000169 ], [ -79.302311, 32.980045 ], [ -79.313383, 32.963284 ], [ -79.337563, 32.949508 ], [ -79.368359, 32.945818 ], [ -79.409176, 32.949713 ], [ -79.440181, 32.958916 ], [ -79.448359, 32.94894 ], [ -79.466159, 32.936822 ], [ -79.495945, 32.931572 ], [ -79.504451, 32.915166 ], [ -79.516658, 32.903034 ], [ -79.522643, 32.883137 ], [ -79.534689, 32.870012 ], [ -79.560858, 32.856972 ], [ -79.58539, 32.850856 ], [ -79.595649, 32.835308 ], [ -79.607918, 32.825743 ], [ -79.637821, 32.816377 ], [ -79.662251, 32.783119 ], [ -79.691893, 32.75924 ], [ -79.717261, 32.750662 ], [ -79.728161, 32.750176 ], [ -79.760074, 32.738257 ], [ -79.766592, 32.711537 ], [ -79.779627, 32.691498 ], [ -79.798255, 32.675632 ], [ -79.828058, 32.664778 ], [ -79.836438, 32.651418 ], [ -79.855063, 32.636389 ], [ -79.918341, 32.607264 ], [ -79.929828, 32.595302 ], [ -79.947234, 32.585768 ], [ -79.962915, 32.566812 ], [ -79.979002, 32.558074 ], [ -80.005722, 32.554391 ], [ -80.03077, 32.559961 ], [ -80.088877, 32.549029 ], [ -80.094998, 32.523866 ], [ -80.121459, 32.499192 ], [ -80.166951, 32.491086 ], [ -80.198839, 32.496241 ], [ -80.211019, 32.487391 ], [ -80.243074, 32.472449 ], [ -80.245763, 32.454305 ], [ -80.257281, 32.435168 ], [ -80.271984, 32.425043 ], [ -80.294078, 32.418521 ], [ -80.298205, 32.406386 ], [ -80.306163, 32.397097 ], [ -80.321847, 32.386196 ], [ -80.336717, 32.380753 ], [ -80.34205, 32.36612 ], [ -80.350674, 32.355914 ], [ -80.374825, 32.342453 ], [ -80.371325, 32.328581 ], [ -80.374036, 32.309394 ], [ -80.384519, 32.288949 ], [ -80.399006, 32.274935 ], [ -80.431544, 32.261384 ], [ -80.459332, 32.262221 ], [ -80.477951, 32.253358 ], [ -80.496812, 32.250199 ], [ -80.493901, 32.250199 ], [ -80.523824, 32.234592 ], [ -80.527939, 32.226005 ], [ -80.544548, 32.211221 ], [ -80.548933, 32.192053 ], [ -80.566449, 32.172369 ], [ -80.584985, 32.162589 ], [ -80.608451, 32.162294 ], [ -80.616853, 32.153193 ], [ -80.63147, 32.145864 ], [ -80.66472, 32.142607 ], [ -80.679871, 32.125208 ], [ -80.705223, 32.105187 ], [ -80.748202, 32.08449 ], [ -80.741672, 32.064374 ], [ -80.742958, 32.049535 ], [ -80.758034, 32.025982 ], [ -80.780693, 32.01137 ], [ -80.786682, 31.975613 ], [ -80.796272, 31.953459 ], [ -80.829224, 31.926584 ], [ -80.855339, 31.910809 ], [ -80.896988, 31.852806 ], [ -80.916817, 31.838377 ], [ -80.928589, 31.816982 ], [ -80.949631, 31.803049 ], [ -80.970726, 31.798353 ], [ -80.976952, 31.780876 ], [ -80.99617, 31.762133 ], [ -80.9972, 31.748503 ], [ -81.013812, 31.728643 ], [ -81.025824, 31.720227 ], [ -81.056623, 31.714875 ], [ -81.051521, 31.705198 ], [ -81.049789, 31.688633 ], [ -81.059006, 31.666008 ], [ -81.066635, 31.657328 ], [ -81.069633, 31.642405 ], [ -81.065826, 31.625227 ], [ -81.076683, 31.597946 ], [ -81.087067, 31.529158 ], [ -81.099686, 31.518526 ], [ -81.10714, 31.496632 ], [ -81.114998, 31.487011 ], [ -81.125435, 31.477541 ], [ -81.143845, 31.471521 ], [ -81.150146, 31.45804 ], [ -81.163551, 31.442034 ], [ -81.166939, 31.423445 ], [ -81.18219, 31.405323 ], [ -81.190758, 31.399876 ], [ -81.175613, 31.382479 ], [ -81.171089, 31.370323 ], [ -81.177116, 31.339277 ], [ -81.186119, 31.326796 ], [ -81.182564, 31.268991 ], [ -81.187675, 31.246258 ], [ -81.202452, 31.227678 ], [ -81.216263, 31.204651 ], [ -81.22216, 31.187969 ], [ -81.234337, 31.170258 ], [ -81.24791, 31.160812 ], [ -81.292145, 31.155415 ], [ -81.296417, 31.15188 ], [ -81.292725, 31.142826 ], [ -81.29401, 31.135666 ], [ -81.289871, 31.131157 ], [ -81.28653, 31.116686 ], [ -81.286316, 31.103083 ], [ -81.290199, 31.093494 ], [ -81.297874, 31.080952 ], [ -81.313637, 31.067852 ], [ -81.345306, 31.059362 ], [ -81.353416, 31.037121 ], [ -81.344498, 31.01811 ], [ -81.323944, 31.00881 ], [ -81.313026, 31.000235 ], [ -81.306435, 30.990644 ], [ -81.304353, 30.978913 ], [ -81.307304, 30.962227 ], [ -81.312126, 30.954456 ], [ -81.3256, 30.941736 ], [ -81.345207, 30.931503 ], [ -81.350204, 30.889109 ], [ -81.358856, 30.867512 ], [ -81.362682, 30.845926 ], [ -81.374809, 30.817377 ], [ -81.38633, 30.801371 ], [ -81.400482, 30.766426 ], [ -81.374809, 30.757483 ], [ -81.359146, 30.744314 ], [ -81.351395, 30.730879 ], [ -81.346795, 30.711085 ], [ -81.347201, 30.696798 ], [ -81.351553, 30.685666 ], [ -81.373398, 30.662779 ], [ -81.382015, 30.615913 ], [ -81.380278, 30.563225 ], [ -81.375002, 30.532758 ], [ -81.358036, 30.500239 ], [ -81.352445, 30.482119 ], [ -81.353574, 30.44666 ], [ -81.33229, 30.433036 ], [ -81.319799, 30.416465 ], [ -81.316897, 30.407721 ], [ -81.321563, 30.378574 ], [ -81.335381, 30.361292 ], [ -81.330627, 30.299481 ], [ -81.255134, 30.000245 ], [ -81.235168, 29.942272 ], [ -81.223853, 29.92156 ], [ -81.209268, 29.875247 ], [ -81.205177, 29.822433 ], [ -81.192768, 29.778326 ], [ -81.167403, 29.723101 ], [ -81.149144, 29.666143 ], [ -81.122571, 29.602785 ], [ -81.072204, 29.501513 ], [ -81.041923, 29.432893 ], [ -81.045706, 29.432462 ], [ -80.906836, 29.144706 ], [ -80.874815, 29.105968 ], [ -80.635573, 28.750268 ], [ -80.522973, 28.608238 ], [ -80.511346, 28.575233 ], [ -80.503585, 28.540362 ], [ -80.478054, 28.492451 ], [ -80.468605, 28.463078 ], [ -80.472338, 28.44341 ], [ -80.481209, 28.425511 ], [ -80.519428, 28.391084 ], [ -80.53417, 28.335703 ], [ -80.543999, 28.271092 ], [ -80.499773, 28.077233 ], [ -80.332526, 27.761157 ], [ -80.298868, 27.662094 ], [ -80.294927, 27.639278 ], [ -80.281354, 27.621171 ], [ -80.268546, 27.572903 ], [ -80.24977, 27.518985 ], [ -80.229299, 27.485629 ], [ -80.227962, 27.463004 ], [ -80.222395, 27.446957 ], [ -80.127097, 27.239374 ], [ -80.095411, 27.18064 ], [ -80.094089, 27.163736 ], [ -80.080955, 27.125329 ], [ -80.063385, 27.091603 ], [ -80.039102, 27.029853 ], [ -79.993913, 26.875337 ], [ -79.975425, 26.80025 ], [ -79.975557, 26.764989 ], [ -79.97965, 26.750341 ], [ -79.974728, 26.702598 ], [ -79.980879, 26.66363 ], [ -79.982476, 26.569247 ], [ -80.006149, 26.432809 ], [ -80.014362, 26.362236 ], [ -80.015276, 26.320956 ], [ -80.02208, 26.28878 ], [ -80.02505, 26.24787 ], [ -80.03811, 26.19674 ], [ -80.03787, 26.18329 ], [ -80.04721, 26.13295 ], [ -80.04978, 26.08823 ], [ -80.05453, 26.07312 ], [ -80.06335, 25.9744 ], [ -80.06572, 25.88124 ], [ -80.06285, 25.84827 ], [ -80.06696, 25.80239 ], [ -80.07262, 25.77928 ], [ -80.06943, 25.75736 ], [ -80.0761, 25.73733 ], [ -80.09178, 25.72111 ], [ -80.10777, 25.60663 ], [ -80.104, 25.56187 ], [ -80.11557, 25.52666 ], [ -80.09787, 25.50192 ], [ -80.09456, 25.47567 ], [ -80.09838, 25.46309 ], [ -80.10892, 25.44834 ], [ -80.12437, 25.43776 ], [ -80.139104, 25.433101 ], [ -80.15436, 25.39193 ], [ -80.17656, 25.36687 ], [ -80.18532, 25.33851 ] ] ], [ [ [ -83.093687, 24.682678 ], [ -83.078795, 24.706081 ], [ -83.052383, 24.73273 ], [ -83.012855, 24.759854 ], [ -82.979064, 24.776053 ], [ -82.945456, 24.784963 ], [ -82.868886, 24.798089 ], [ -82.789928, 24.799907 ], [ -82.756099, 24.793849 ], [ -82.721895, 24.780202 ], [ -82.696206, 24.763397 ], [ -82.679978, 24.748513 ], [ -82.655082, 24.713315 ], [ -82.645331, 24.688635 ], [ -82.640074, 24.641782 ], [ -82.644147, 24.615807 ], [ -82.656682, 24.583709 ], [ -82.828181, 24.583765 ], [ -82.848495, 24.567602 ], [ -82.872065, 24.562216 ], [ -82.895867, 24.566666 ], [ -82.914122, 24.575973 ], [ -82.943287, 24.568928 ], [ -82.960264, 24.57146 ], [ -82.982005, 24.583765 ], [ -82.999742, 24.583917 ], [ -82.999876, 24.476981 ], [ -83.02926, 24.489739 ], [ -83.064883, 24.516161 ], [ -83.08256, 24.536873 ], [ -83.098193, 24.564952 ], [ -83.107532, 24.597996 ], [ -83.108738, 24.629489 ], [ -83.103521, 24.657986 ], [ -83.093687, 24.682678 ] ] ] ] } },
{ "type": "Feature", "properties": { "region_name": "West" }, "geometry": { "type": "MultiPolygon", "coordinates": [ [ [ [ -168.050607, 25.025868 ], [ -168.042052, 25.035432 ], [ -168.02699, 25.044802 ], [ -168.0, 25.05224 ], [ -167.972527, 25.041224 ], [ -167.952449, 25.023538 ], [ -167.944593, 25.0 ], [ -167.944204, 24.989807 ], [ -167.953685, 24.964386 ], [ -167.966767, 24.954887 ], [ -167.983537, 24.949265 ], [ -168.0, 24.948107 ], [ -168.0, 24.950705 ], [ -168.037751, 24.959715 ], [ -168.058387, 24.987885 ], [ -168.057977, 25.002613 ], [ -168.050607, 25.025868 ] ] ], [ [ [ -170.682449, 25.520645 ], [ -170.672897, 25.537661 ], [ -170.656754, 25.550436 ], [ -170.636002, 25.556742 ], [ -170.61496, 25.555481 ], [ -170.596527, 25.547623 ], [ -170.582016, 25.533682 ], [ -170.574249, 25.51631 ], [ -170.574463, 25.495182 ], [ -170.584381, 25.4758 ], [ -170.600769, 25.462595 ], [ -170.621277, 25.456219 ], [ -170.64209, 25.45719 ], [ -170.662201, 25.465832 ], [ -170.677033, 25.481075 ], [ -170.684128, 25.499939 ], [ -170.682449, 25.520645 ] ] ], [ [ [ -171.76812, 25.833681 ], [ -171.75, 25.837944 ], [ -171.75, 25.833467 ], [ -171.710623, 25.833211 ], [ -171.688276, 25.823768 ], [ -171.676628, 25.810907 ], [ -171.669362, 25.793908 ], [ -171.667922, 25.781217 ], [ -171.67768, 25.75 ], [ -171.674071, 25.75 ], [ -171.68686, 25.727879 ], [ -171.699845, 25.716858 ], [ -171.718432, 25.709495 ], [ -171.737491, 25.706533 ], [ -171.75, 25.709191 ], [ -171.77015, 25.718199 ], [ -171.797027, 25.740539 ], [ -171.809629, 25.78135 ], [ -171.806464, 25.79336 ], [ -171.786978, 25.822301 ], [ -171.76812, 25.833681 ] ] ], [ [ [ -174.04962, 26.116578 ], [ -174.031114, 26.12907 ], [ -174.007114, 26.137053 ], [ -173.981428, 26.133224 ], [ -173.957916, 26.13569 ], [ -173.936105, 26.125 ], [ -173.938901, 26.125 ], [ -173.929088, 26.120139 ], [ -173.91857, 26.109741 ], [ -173.903829, 26.06676 ], [ -173.903358, 26.060056 ], [ -173.913145, 26.035998 ], [ -173.925968, 26.019627 ], [ -173.94276, 26.010714 ], [ -173.964922, 26.006639 ], [ -174.0, 25.992878 ], [ -174.0, 25.990212 ], [ -174.027205, 25.993278 ], [ -174.037538, 26.0 ], [ -174.043109, 26.0 ], [ -174.059183, 26.020719 ], [ -174.065944, 26.039428 ], [ -174.067374, 26.059614 ], [ -174.054791, 26.107737 ], [ -174.04962, 26.116578 ] ] ], [ [ [ -176.025016, 27.821579 ], [ -176.0, 27.835344 ], [ -176.0, 27.83053 ], [ -175.990685, 27.832582 ], [ -175.974562, 27.830245 ], [ -175.924304, 27.81371 ], [ -175.921028, 27.821439 ], [ -175.955759, 27.833055 ], [ -175.978157, 27.847977 ], [ -175.988874, 27.861904 ], [ -175.990656, 27.875 ], [ -175.993754, 27.875 ], [ -175.992144, 27.889499 ], [ -175.981439, 27.913218 ], [ -175.966335, 27.929911 ], [ -175.93565, 27.940581 ], [ -175.875, 27.975913 ], [ -175.875, 27.973301 ], [ -175.806733, 28.007192 ], [ -175.769684, 28.007475 ], [ -175.734928, 28.0 ], [ -175.704354, 27.982737 ], [ -175.681533, 27.958559 ], [ -175.670128, 27.941601 ], [ -175.66479, 27.914418 ], [ -175.665594, 27.875 ], [ -175.676624, 27.846765 ], [ -175.726159, 27.75 ], [ -175.734134, 27.738855 ], [ -175.746115, 27.732717 ], [ -175.802939, 27.723485 ], [ -175.817525, 27.722972 ], [ -175.84505, 27.728457 ], [ -175.875, 27.708412 ], [ -175.895192, 27.699213 ], [ -175.939488, 27.688231 ], [ -175.969598, 27.693402 ], [ -176.0, 27.709306 ], [ -176.0, 27.716093 ], [ -176.024927, 27.73804 ], [ -176.039627, 27.758242 ], [ -176.042592, 27.798068 ], [ -176.025016, 27.821579 ] ] ], [ [ [ -178.393901, 28.5 ], [ -178.386433, 28.5 ], [ -178.375, 28.510084 ], [ -178.360627, 28.513819 ], [ -178.34054, 28.517269 ], [ -178.315121, 28.516334 ], [ -178.291516, 28.507207 ], [ -178.281065, 28.5 ], [ -178.288827, 28.5 ], [ -178.257041, 28.476535 ], [ -178.238469, 28.45615 ], [ -178.232223, 28.427335 ], [ -178.230504, 28.397701 ], [ -178.237071, 28.375 ], [ -178.233018, 28.375 ], [ -178.25, 28.347151 ], [ -178.25, 28.349421 ], [ -178.270263, 28.335888 ], [ -178.288895, 28.32881 ], [ -178.301402, 28.328336 ], [ -178.375, 28.33754 ], [ -178.375, 28.335357 ], [ -178.39561, 28.341901 ], [ -178.411478, 28.360661 ], [ -178.415882, 28.380086 ], [ -178.440486, 28.405172 ], [ -178.443593, 28.418986 ], [ -178.438336, 28.444088 ], [ -178.427578, 28.466102 ], [ -178.393901, 28.5 ] ] ], [ [ [ -179.173746413909157, 51.34304042107393 ], [ -179.130896435474739, 51.353761413859253 ], [ -179.107599447146271, 51.353684413999936 ], [ -179.106725447696192, 51.365177406102291 ], [ -179.09323845471036, 51.390944388439337 ], [ -179.077551462657482, 51.399009382955697 ], [ -179.049873476844397, 51.428448362824859 ], [ -179.005041499606364, 51.452660346362329 ], [ -178.977848513313091, 51.457437343194769 ], [ -178.913908545261876, 51.444223352570162 ], [ -178.863091570456788, 51.419016370144654 ], [ -178.835223584078619, 51.390816389670825 ], [ -178.824020589275108, 51.358076412234958 ], [ -178.832806584434479, 51.32359643589249 ], [ -178.85648857234554, 51.304909448619874 ], [ -178.887893, 51.293851 ], [ -178.899579, 51.293379 ], [ -178.908065, 51.281803 ], [ -178.91951, 51.274684 ], [ -178.957963, 51.259125 ], [ -178.978869, 51.255247 ], [ -178.977381, 51.252972 ], [ -178.995061, 51.235096 ], [ -179.024194, 51.209831 ], [ -179.073599, 51.179041 ], [ -179.136941, 51.175092 ], [ -179.183815, 51.183776 ], [ -179.207885, 51.202723 ], [ -179.220562, 51.227988 ], [ -179.231086, 51.267531 ], [ -179.225686, 51.299272 ], [ -179.216563392191773, 51.31142744265707 ], [ -179.196482402404598, 51.329816430085032 ], [ -179.173746413909157, 51.34304042107393 ] ] ], [ [ [ -178.359982824973372, 51.537483291667485 ], [ -178.332762838678661, 51.538393291234541 ], [ -178.322131843968265, 51.535330293417516 ], [ -178.310607849859991, 51.5405312899234 ], [ -178.2789618658027, 51.541991289150545 ], [ -178.238616885857965, 51.529900297767881 ], [ -178.202265903619661, 51.503907315921872 ], [ -178.187623910545085, 51.482235330938849 ], [ -178.190967908353571, 51.456457348638899 ], [ -178.198412904363664, 51.443661357379845 ], [ -178.218127894232794, 51.431498365591523 ], [ -178.248645878762602, 51.423179371080465 ], [ -178.278948863500148, 51.419880373123469 ], [ -178.30433985079182, 51.421351371926441 ], [ -178.331820837180288, 51.430821365217454 ], [ -178.354082825990702, 51.429687365839243 ], [ -178.387409809396274, 51.43681836070369 ], [ -178.415704795521179, 51.455420347719141 ], [ -178.430875788269987, 51.476592333057631 ], [ -178.431181788332424, 51.489127324435316 ], [ -178.422942792816258, 51.509004310820792 ], [ -178.405150801993329, 51.522388301736626 ], [ -178.359982824973372, 51.537483291667485 ] ] ], [ [ [ -179.08422546176439, 51.642310215579968 ], [ -179.056029476018949, 51.645980213167192 ], [ -179.020046494089826, 51.639298217913726 ], [ -179.000816503700435, 51.631707223218676 ], [ -178.954606526608814, 51.598526246251225 ], [ -178.948608529499523, 51.587312253993282 ], [ -178.944168531837477, 51.596062247993487 ], [ -178.934097537012946, 51.604807242022758 ], [ -178.89076055913543, 51.628538225897231 ], [ -178.844584582524817, 51.637634219863003 ], [ -178.827524591095909, 51.635415221475085 ], [ -178.784976612327, 51.619370232732962 ], [ -178.768295620694801, 51.616621234711943 ], [ -178.752321629010993, 51.635981221476321 ], [ -178.725892642568738, 51.652669210136587 ], [ -178.660122675929131, 51.6658872014102 ], [ -178.634301688961784, 51.666492201143889 ], [ -178.592981709642316, 51.656232208449993 ], [ -178.578111717192058, 51.65949020629845 ], [ -178.559311726648986, 51.65801120743172 ], [ -178.539807736392362, 51.652344211452643 ], [ -178.504470753897266, 51.633535224618718 ], [ -178.489903761241095, 51.633674224617053 ], [ -178.452206780022436, 51.621010233577636 ], [ -178.436118787932514, 51.609717241454625 ], [ -178.42967679102253, 51.600805247629168 ], [ -178.421676794815454, 51.58729125698013 ], [ -178.422376794236925, 51.574319265899078 ], [ -178.426677791854758, 51.561806274477561 ], [ -178.440624784648776, 51.550871281905678 ], [ -178.456158776707042, 51.543401286940522 ], [ -178.501252753849087, 51.532724293990334 ], [ -178.517689745385894, 51.520632302202216 ], [ -178.5501937288509, 51.508492310347613 ], [ -178.574458716639896, 51.507537310854914 ], [ -178.596558705583163, 51.510840308449254 ], [ -178.636421685755494, 51.524802298609927 ], [ -178.665274671147984, 51.518018303109109 ], [ -178.673045667120618, 51.509769308738342 ], [ -178.690807658062511, 51.500750314841 ], [ -178.733078636679323, 51.490753321483119 ], [ -178.774831615696002, 51.490453321466539 ], [ -178.800193602891966, 51.485867324488737 ], [ -178.836422584768769, 51.492045320056455 ], [ -178.855040575526544, 51.501032313783469 ], [ -178.868895568713384, 51.513108305410199 ], [ -178.876069565092962, 51.511989306145175 ], [ -178.88815655906879, 51.516253303154478 ], [ -178.925606540498507, 51.538089287959458 ], [ -178.950306528383521, 51.564810269465816 ], [ -178.961528522528909, 51.546801281804001 ], [ -178.990124507911133, 51.526084295928818 ], [ -179.054123475573363, 51.511409305754349 ], [ -179.086749459159364, 51.510264306411898 ], [ -179.127251438924162, 51.523431297200318 ], [ -179.141108432094001, 51.538042287098641 ], [ -179.148893428329842, 51.554239275928325 ], [ -179.150511427630533, 51.566493267492611 ], [ -179.149873428222975, 51.595366247631183 ], [ -179.141237432707726, 51.609573237888178 ], [ -179.123995441556843, 51.626268226465321 ], [ -179.113344446985366, 51.632395222289752 ], [ -179.08422546176439, 51.642310215579968 ] ] ], [ [ [ -178.915324549532841, 51.858090067775933 ], [ -178.890361562365712, 51.873114057548463 ], [ -178.845100585493611, 51.887948047554168 ], [ -178.786532615180363, 51.887888047894265 ], [ -178.768325624357232, 51.884138050572503 ], [ -178.705650655753345, 51.858730068409244 ], [ -178.690328663379375, 51.849537074825008 ], [ -178.669724673456443, 51.825581091436156 ], [ -178.658607678806248, 51.80713810419747 ], [ -178.646648684739745, 51.79940310959185 ], [ -178.646800684525147, 51.790308115852142 ], [ -178.663490675442659, 51.747366145315183 ], [ -178.70090465609141, 51.716547166315358 ], [ -178.749400631374954, 51.700162177326341 ], [ -178.796186607667693, 51.693403181731242 ], [ -178.815902597719372, 51.693601181493833 ], [ -178.841081585071151, 51.698263178158662 ], [ -178.853168579041238, 51.703847174255749 ], [ -178.880364565531835, 51.721511161966035 ], [ -178.915098548178776, 51.737143151042112 ], [ -178.941743534908596, 51.753355139760181 ], [ -178.954227528775078, 51.768423129331445 ], [ -178.957281527375386, 51.780807120792652 ], [ -178.939554536967194, 51.833613084517694 ], [ -178.915324549532841, 51.858090067775933 ] ] ], [ [ [ -177.542921246661479, 51.935135025193105 ], [ -177.493636272769834, 51.974643998512668 ], [ -177.459547290306375, 51.98289199320326 ], [ -177.422192309078781, 51.976454998048581 ], [ -177.374367332938334, 51.962624008109877 ], [ -177.35620734178471, 51.950356016764204 ], [ -177.339266349680287, 51.927162032928862 ], [ -177.332581352276151, 51.900779051171014 ], [ -177.336334350021531, 51.888990059244492 ], [ -177.3619363363226, 51.864292075955532 ], [ -177.40322631492424, 51.847238087230394 ], [ -177.439543296349285, 51.840362091560671 ], [ -177.468964281449189, 51.839865091580435 ], [ -177.486727272568601, 51.843657088777228 ], [ -177.532570250183909, 51.872999068085782 ], [ -177.549174242394258, 51.895422052471872 ], [ -177.551983241322063, 51.90815504367513 ], [ -177.54966624294002, 51.924231032630217 ], [ -177.542921246661479, 51.935135025193105 ] ] ], [ [ [ -178.298847862658164, 51.903713040058506 ], [ -178.247380889667284, 51.950174008444954 ], [ -178.228439899413274, 51.956880003970227 ], [ -178.107240961343734, 51.976514991404066 ], [ -178.086882971656792, 51.975446992306743 ], [ -178.064958982554259, 51.96477899983622 ], [ -178.05034899009587, 51.970494996021735 ], [ -178.032431999239321, 51.972661994680536 ], [ -178.007435011864288, 51.969785996874812 ], [ -178.002251014403043, 51.96567899974805 ], [ -177.981736024931507, 51.970755996428949 ], [ -177.947004042575031, 51.971319996345379 ], [ -177.913248059545964, 51.964371001432632 ], [ -177.889928071100343, 51.952583009762051 ], [ -177.870669080468076, 51.93577502151318 ], [ -177.865534082831914, 51.925780028443313 ], [ -177.846709092297715, 51.922492030881422 ], [ -177.834500098282604, 51.914077036789656 ], [ -177.826808101749918, 51.896422049018405 ], [ -177.811927109151583, 51.890780053042981 ], [ -177.773429128780435, 51.895715050011034 ], [ -177.735431147847919, 51.888415055404913 ], [ -177.70393616402967, 51.89717504968268 ], [ -177.661668185579373, 51.902228046625353 ], [ -177.637710197686033, 51.900962047739604 ], [ -177.614913209346156, 51.905008045186868 ], [ -177.57706922841939, 51.901195048204187 ], [ -177.557536238060749, 51.89188805481696 ], [ -177.538369247251268, 51.873135067930612 ], [ -177.534859248829804, 51.865956072910308 ], [ -177.533086249073875, 51.84235708917528 ], [ -177.535923247478252, 51.836566093131651 ], [ -177.542006244307515, 51.833191095390511 ], [ -177.538272245858593, 51.820940103863222 ], [ -177.55386423741399, 51.800552117732316 ], [ -177.564303232012065, 51.795988120764122 ], [ -177.548461239928486, 51.792640123235046 ], [ -177.542052243048033, 51.788276126306407 ], [ -177.515317256663053, 51.791978124042565 ], [ -177.488706270475973, 51.804882115446709 ], [ -177.445698292351494, 51.809494112740843 ], [ -177.423642304056614, 51.828666099787561 ], [ -177.406216313091335, 51.836243094765727 ], [ -177.363734334635865, 51.838046094002699 ], [ -177.341638345641599, 51.832255098240715 ], [ -177.324486354312739, 51.832096098547005 ], [ -177.308895362340905, 51.836801095488369 ], [ -177.298304368286978, 51.856215082247189 ], [ -177.282893376295618, 51.863081077700379 ], [ -177.28436237708155, 51.913156043208417 ], [ -177.275606382444664, 51.943316022544352 ], [ -177.267459387079043, 51.959636011402203 ], [ -177.248934396905611, 51.973477002089822 ], [ -177.206210419203046, 51.993117989074548 ], [ -177.168061438771701, 51.999519985128373 ], [ -177.096463474808672, 51.990153992463966 ], [ -177.039879503013282, 51.974889003691281 ], [ -177.016897514340002, 51.965040010767723 ], [ -177.004192520295732, 51.950617020862694 ], [ -176.983691530337893, 51.940275028249168 ], [ -176.970049536714299, 51.924513039279155 ], [ -176.967239536941577, 51.889470063441244 ], [ -176.975235532439854, 51.876141072512638 ], [ -176.970986534079259, 51.861115082911432 ], [ -176.954818542726002, 51.874738073745227 ], [ -176.938704551157741, 51.882757068436888 ], [ -176.918867561178132, 51.882140069123949 ], [ -176.91020056582596, 51.889641064075448 ], [ -176.897412572907029, 51.907021052281202 ], [ -176.875531585844271, 51.959682016317899 ], [ -176.847820601172288, 51.995524992011774 ], [ -176.827007612222587, 52.009136982921923 ], [ -176.802470624950217, 52.016675978067241 ], [ -176.738627657512666, 52.020811976108284 ], [ -176.691488681327741, 52.017725978901403 ], [ -176.681872686617169, 52.02857997156417 ], [ -176.661917697185061, 52.040099963917143 ], [ -176.601281728613742, 52.05656795345697 ], [ -176.541189758917085, 52.050887958257896 ], [ -176.510059774272037, 52.039369966656665 ], [ -176.488480784698623, 52.026049976155207 ], [ -176.481492787932751, 52.018199981666768 ], [ -176.469555792513574, 51.981229007304982 ], [ -176.4729097901091, 51.963573019410134 ], [ -176.452825799506513, 51.944020033177686 ], [ -176.44894880104215, 51.933316040605845 ], [ -176.44784880111402, 51.921193048968114 ], [ -176.452772798091047, 51.907939058016474 ], [ -176.429138810353919, 51.915358053271788 ], [ -176.36566084261915, 51.918435052138655 ], [ -176.339901855572066, 51.916270054033575 ], [ -176.325985862870397, 51.922382050046139 ], [ -176.269311891422802, 51.918974053295777 ], [ -176.242865905140661, 51.926750048369655 ], [ -176.251980901437463, 51.94833303336506 ], [ -176.252957901350982, 51.957992026699905 ], [ -176.247129904615434, 51.965340021735507 ], [ -176.26553689621494, 51.987327006301236 ], [ -176.267476895996623, 52.005448993792825 ], [ -176.279913890444902, 52.023412981223821 ], [ -176.281075890696854, 52.043370967462231 ], [ -176.291421885864992, 52.053364960414306 ], [ -176.293131885504721, 52.065434952074902 ], [ -176.285382890651107, 52.094090932463708 ], [ -176.224435924168176, 52.153133892781575 ], [ -176.169130953031924, 52.169584882358087 ], [ -176.148376963679823, 52.171472881402011 ], [ -176.116146979809088, 52.165220886247397 ], [ -176.093139991489295, 52.164557887091341 ], [ -176.080596997626458, 52.159050891096783 ], [ -176.03989101848336, 52.162210889613021 ], [ -175.991920042321112, 52.14967889907075 ], [ -175.977087049481895, 52.141293905103396 ], [ -175.967199053841881, 52.126744915295923 ], [ -175.966863053768236, 52.121425918965073 ], [ -175.935334069032621, 52.104923930881078 ], [ -175.93008407145345, 52.099590934645917 ], [ -175.927771072234151, 52.091075940550418 ], [ -175.895201089053501, 52.096936937089083 ], [ -175.853664110137174, 52.096533938106305 ], [ -175.830285121486128, 52.085401946191595 ], [ -175.812000128991286, 52.047955972305154 ], [ -175.806459131599468, 52.043676975351467 ], [ -175.795336137306833, 52.045010974634451 ], [ -175.778244145745532, 52.040128978306335 ], [ -175.739330164578661, 52.021307991975725 ], [ -175.71320517806916, 52.026305989016329 ], [ -175.686438191496649, 52.023300991581422 ], [ -175.677587195789499, 52.01931099449304 ], [ -175.647678211094558, 52.022158993091765 ], [ -175.636079216746452, 52.017519996503282 ], [ -175.611481229252121, 52.018222996483452 ], [ -175.598876235359256, 52.012540000634431 ], [ -175.572324248918704, 52.014539999762988 ], [ -175.549137260437817, 52.009887003409759 ], [ -175.517696277312496, 52.028389991278033 ], [ -175.470362302053644, 52.042842982248175 ], [ -175.441216316850102, 52.04313398261904 ], [ -175.412432331075991, 52.035993988101886 ], [ -175.401816337174949, 52.049727978857611 ], [ -175.38433034675478, 52.063302969859642 ], [ -175.364462357295082, 52.07205496423078 ], [ -175.341024369476514, 52.07751096094448 ], [ -175.3266793766673, 52.075840962382976 ], [ -175.29661939261473, 52.088827954049968 ], [ -175.27314940470572, 52.092154952236918 ], [ -175.231626425675501, 52.09020395443077 ], [ -175.221084431372503, 52.096582950256199 ], [ -175.193099446002833, 52.104365945476623 ], [ -175.155133465557157, 52.109463942757493 ], [ -175.1023654922991, 52.10862694444311 ], [ -175.083932502611503, 52.125687933087349 ], [ -175.059427515671103, 52.136621926080601 ], [ -174.993216549287723, 52.136415927644123 ], [ -174.964544564878338, 52.154334915928331 ], [ -174.925235585403897, 52.163917910188268 ], [ -174.86608961555757, 52.165644910302944 ], [ -174.853728621633735, 52.162165912972654 ], [ -174.849853623206769, 52.155435917692408 ], [ -174.827116635015472, 52.159823915178059 ], [ -174.796627650126766, 52.153477920230166 ], [ -174.79470665090912, 52.150222922514295 ], [ -174.759821669638626, 52.167157911641638 ], [ -174.731560684254447, 52.171454909324446 ], [ -174.718560691986625, 52.190132896760645 ], [ -174.696130704554037, 52.209367884029341 ], [ -174.668511719564322, 52.225208873756266 ], [ -174.617758745881503, 52.233381869303393 ], [ -174.589000760221211, 52.228732873175311 ], [ -174.553486780205191, 52.259500852821859 ], [ -174.524585795424542, 52.267634847902897 ], [ -174.494397810644159, 52.26533785020127 ], [ -174.517811799935203, 52.284504836445848 ], [ -174.537651791878659, 52.317043813566421 ], [ -174.536888793012054, 52.328870805438541 ], [ -174.524865800359152, 52.34817379242746 ], [ -174.494714816927228, 52.366958780204513 ], [ -174.468834830511241, 52.372949776695975 ], [ -174.410700860392524, 52.376444775687972 ], [ -174.406393863518133, 52.390797765905262 ], [ -174.390769872732392, 52.409917753112978 ], [ -174.375815881139488, 52.421781745303647 ], [ -174.355734891700308, 52.426474742560728 ], [ -174.328849907023567, 52.450706726525432 ], [ -174.312735915653548, 52.456719722779283 ], [ -174.266195939538733, 52.458299722842554 ], [ -174.245000950137751, 52.454850725746397 ], [ -174.186421981199828, 52.471668715628191 ], [ -174.15785799588906, 52.473027715413451 ], [ -174.110585019724198, 52.468328719852664 ], [ -174.078998034849832, 52.453603730805099 ], [ -174.065752041067896, 52.445661736616337 ], [ -174.065398041041561, 52.442654738696845 ], [ -174.055529046161098, 52.443822738146224 ], [ -174.030870058444691, 52.439390741835567 ], [ -173.99540707549977, 52.424323753133628 ], [ -173.987228079277003, 52.418631757267036 ], [ -173.985946079477799, 52.412123761782944 ], [ -173.964247090206385, 52.407240765712253 ], [ -173.940229101687549, 52.396263773901389 ], [ -173.922923109234262, 52.378074786882621 ], [ -173.918160110596887, 52.362914797447921 ], [ -173.921788107663815, 52.347455807997839 ], [ -173.908331113453414, 52.332297818789662 ], [ -173.902837115333227, 52.31923582792836 ], [ -173.904635112624476, 52.293668845484099 ], [ -173.921784102096353, 52.267842862812998 ], [ -173.95559608297134, 52.239971881114016 ], [ -173.964658077259287, 52.223963891896986 ], [ -173.980496068363351, 52.211625899977442 ], [ -173.990475061338486, 52.183150919317718 ], [ -173.981318065826684, 52.180833921150203 ], [ -173.936395088883245, 52.184566919752562 ], [ -173.898585109079448, 52.199017910799377 ], [ -173.871820122938345, 52.202902908832137 ], [ -173.840600138676365, 52.201332910740973 ], [ -173.785072165740701, 52.185557923081191 ], [ -173.732107192448154, 52.183261926088335 ], [ -173.601675260749772, 52.212539909505765 ], [ -173.587331268006437, 52.212227910117221 ], [ -173.565144278635756, 52.203668916622718 ], [ -173.506306309190506, 52.213145911743148 ], [ -173.478993322599138, 52.207112916662162 ], [ -173.455707333258175, 52.191687927933103 ], [ -173.440767339117855, 52.168771944123399 ], [ -173.342976388507793, 52.166532948452186 ], [ -173.309771404453215, 52.155005957338595 ], [ -173.283159418413163, 52.161270953798081 ], [ -173.257158431591336, 52.161354954495188 ], [ -173.224069447914331, 52.155681959362731 ], [ -173.177820471814357, 52.161816956498733 ], [ -173.151515485120115, 52.161596957425715 ], [ -172.943684589148887, 52.146592973978329 ], [ -172.925176599210545, 52.155218968609255 ], [ -172.894873614571338, 52.155509969335668 ], [ -172.866644628323996, 52.148940974720396 ], [ -172.842504639513294, 52.13636198411541 ], [ -172.828801645390428, 52.123444993421899 ], [ -172.819919648374395, 52.104982006393243 ], [ -172.825777644200201, 52.090097016447658 ], [ -172.839234635894826, 52.071572028770099 ], [ -172.866881620703538, 52.056411038343491 ], [ -172.876525615796623, 52.055953038362318 ], [ -172.884702610652113, 52.043357046772144 ], [ -172.902585600709159, 52.031973054051917 ], [ -172.923061589749125, 52.024168058793293 ], [ -172.949763575873419, 52.01915506142786 ], [ -172.976038562703337, 52.020283059856347 ], [ -173.003275549567178, 52.027991053734645 ], [ -173.04876252616674, 52.022425056195829 ], [ -173.070002515724866, 52.025995053106456 ], [ -173.080274509959253, 52.018588057893119 ], [ -173.078118509082003, 51.993463075231944 ], [ -173.085166504080576, 51.974939087757349 ], [ -173.103232493767706, 51.959480097848136 ], [ -173.129262479950711, 51.950515103240306 ], [ -173.151264468600516, 51.947149104905051 ], [ -173.176069456230806, 51.948885102982217 ], [ -173.203571443243646, 51.960332094306949 ], [ -173.224874433592589, 51.974613083866551 ], [ -173.237172428437276, 51.988346074066143 ], [ -173.23887042913401, 52.008683060033157 ], [ -173.243184427011755, 52.009411059407029 ], [ -173.255818420321134, 52.00531306185772 ], [ -173.304525395741422, 52.005434060365452 ], [ -173.309926392528922, 51.999009064627835 ], [ -173.344227374039917, 51.983398074376908 ], [ -173.356678367564172, 51.980834075783584 ], [ -173.393146349076147, 51.979704075520722 ], [ -173.427868331936367, 51.984875070980237 ], [ -173.447985321287604, 51.978190075008868 ], [ -173.48732130091966, 51.971192078714992 ], [ -173.518601285167335, 51.971656077521274 ], [ -173.530686279421673, 51.976500073853508 ], [ -173.551438268963153, 51.976728073119794 ], [ -173.584916252479246, 51.982471068243612 ], [ -173.607103241993116, 51.992388060811955 ], [ -173.617418237401722, 52.000956054635793 ], [ -173.637867227267066, 52.003665052211566 ], [ -173.64500622347353, 52.001061053807028 ], [ -173.680192205685984, 52.00088405296858 ], [ -173.710037191032399, 52.006848048056376 ], [ -173.734878177916784, 51.998890052858272 ], [ -173.77366615860106, 52.002887049065947 ], [ -173.776534156849067, 51.99858305194936 ], [ -173.815230136684335, 51.989815056946185 ], [ -173.853957117220176, 51.991271054916666 ], [ -173.879364104900702, 51.998754049098672 ], [ -173.935164077091116, 52.004450043716531 ], [ -173.970688059801631, 52.014237036058972 ], [ -174.002166044870648, 52.028748025261066 ], [ -174.026384033870698, 52.047217011930364 ], [ -174.042284026009099, 52.049948009642655 ], [ -174.049868022528415, 52.055246005802971 ], [ -174.076617008567496, 52.048969009437201 ], [ -174.112109990435698, 52.046450010266938 ], [ -174.124255984429197, 52.048563008505234 ], [ -174.150990970542921, 52.043220011505881 ], [ -174.181143955556621, 52.047385007882063 ], [ -174.250328920009139, 52.039325011702978 ], [ -174.277155906824703, 52.045405006856328 ], [ -174.31397688759273, 52.036234012261346 ], [ -174.31576188589338, 52.023873020722611 ], [ -174.323328881183755, 52.010169029966079 ], [ -174.335932874176933, 52.000327036429503 ], [ -174.350396865585395, 51.980344049824858 ], [ -174.378565850593873, 51.968532057267254 ], [ -174.423061827681124, 51.96184706079336 ], [ -174.442502817982586, 51.96388305892669 ], [ -174.480893797868191, 51.952505065838622 ], [ -174.550660763152962, 51.961375058089054 ], [ -174.575564751016856, 51.968790052404565 ], [ -174.594284742138939, 51.978420045342425 ], [ -174.631445722755757, 51.96871905115475 ], [ -174.646063715393609, 51.969215050475974 ], [ -174.687935693517915, 51.957533057551757 ], [ -174.745067664519155, 51.955654057544749 ], [ -174.805804634823744, 51.972993044248014 ], [ -174.832478621313754, 51.972718043842001 ], [ -174.861259607179306, 51.980056038153869 ], [ -174.869305603632966, 51.989110031745632 ], [ -174.933313570446046, 51.975301039842059 ], [ -174.951502560753397, 51.966725045347104 ], [ -175.000330535359893, 51.954501052701929 ], [ -175.029323520524116, 51.951464054169236 ], [ -175.040706514914177, 51.954104052109251 ], [ -175.056362506663532, 51.948167055860694 ], [ -175.100157484560071, 51.949042054330363 ], [ -175.164460452511747, 51.957837046930187 ], [ -175.203890432417865, 51.955203047924932 ], [ -175.237095415956304, 51.961527042889379 ], [ -175.256261406251014, 51.961420042570587 ], [ -175.275885395960614, 51.954690046801893 ], [ -175.30686138016145, 51.952345047787453 ], [ -175.348721359516588, 51.962593039892376 ], [ -175.372843346467192, 51.946515050475206 ], [ -175.409984326828635, 51.930192060971081 ], [ -175.430951316095872, 51.927735062248438 ], [ -175.446241308508348, 51.93059605997928 ], [ -175.469953296064205, 51.921805065565181 ], [ -175.498733281494651, 51.921559065174904 ], [ -175.513078274503926, 51.9268070612858 ], [ -175.525681267551192, 51.915355068923546 ], [ -175.585377236838895, 51.904907074971128 ], [ -175.615254221700411, 51.904303074820881 ], [ -175.635933211580578, 51.91117806970032 ], [ -175.645104206782236, 51.907919071770948 ], [ -175.65560120097345, 51.897694078610833 ], [ -175.692163181911752, 51.885851086079668 ], [ -175.711938171305746, 51.873215094408984 ], [ -175.752559150327471, 51.863837100116058 ], [ -175.79064613101886, 51.862538100316939 ], [ -175.805940123475068, 51.866468097336138 ], [ -175.798641125873672, 51.839092116305011 ], [ -175.814630116681229, 51.815278132401417 ], [ -175.827112109920932, 51.805451138938061 ], [ -175.849756098029758, 51.79550114537831 ], [ -175.881983081693818, 51.793921145892554 ], [ -175.913037066316889, 51.800362140913521 ], [ -175.91472906510927, 51.792622146208828 ], [ -175.926600058363931, 51.77604215740709 ], [ -175.942041050061704, 51.764727164921268 ], [ -175.964715038207373, 51.755433170920476 ], [ -176.002636018773842, 51.748456175065591 ], [ -176.018702010710513, 51.749297174211684 ], [ -176.041837999334092, 51.755855169305683 ], [ -176.058345990518916, 51.744710176692344 ], [ -176.078761979978509, 51.739070180227273 ], [ -176.090603974088822, 51.740917178757535 ], [ -176.115567960888484, 51.726733188096674 ], [ -176.13320695177822, 51.721635191309815 ], [ -176.163022936680591, 51.719986191950838 ], [ -176.189726923402901, 51.72425018857912 ], [ -176.211342912882742, 51.733148182105374 ], [ -176.229980902569906, 51.711324196815369 ], [ -176.255187889203171, 51.695384207373039 ], [ -176.338959846322439, 51.678739217490126 ], [ -176.368745831326208, 51.678867216935835 ], [ -176.403141814204247, 51.683917212928584 ], [ -176.447940791253416, 51.674186218934466 ], [ -176.456545787008082, 51.676434217257153 ], [ -176.477114776306593, 51.667707222947875 ], [ -176.493074767804018, 51.655751230930576 ], [ -176.515260756327109, 51.647808236060854 ], [ -176.539767744015023, 51.648446235256849 ], [ -176.578278723638959, 51.622359252630034 ], [ -176.601532711538738, 51.611722259605259 ], [ -176.624755699602247, 51.604907263954694 ], [ -176.651243686242964, 51.603921264250808 ], [ -176.662964679985578, 51.594110270829837 ], [ -176.698732661426988, 51.578436281099449 ], [ -176.734500643292279, 51.574184283519863 ], [ -176.74731863697653, 51.577738280896781 ], [ -176.80139660914233, 51.559417292747511 ], [ -176.829719594886427, 51.558791292791348 ], [ -176.84876258546322, 51.563024289622483 ], [ -176.862151578989483, 51.570409284363549 ], [ -176.867013576309404, 51.563588288988797 ], [ -176.89399156217516, 51.546832300150271 ], [ -176.917887549884369, 51.538476305579159 ], [ -176.942790537326403, 51.537079306212149 ], [ -176.969616523913459, 51.538993304546104 ], [ -176.998030509852356, 51.545477299720154 ], [ -177.042559488149124, 51.566097284971541 ], [ -177.058856480357804, 51.578472276254949 ], [ -177.068655475894161, 51.5928002662775 ], [ -177.068764476387287, 51.609701254651874 ], [ -177.074334473947431, 51.620915246868691 ], [ -177.072718475458004, 51.642408232104927 ], [ -177.065333479389665, 51.648940227704557 ], [ -177.063748480700269, 51.664664216907816 ], [ -177.045440490779555, 51.690713199218827 ], [ -177.033936497016953, 51.703989190231233 ], [ -177.01266550809396, 51.714543183241858 ], [ -176.990297520028435, 51.734014170132994 ], [ -176.970217530487332, 51.743697163730893 ], [ -176.968374531566724, 51.748111160717642 ], [ -176.994298518956128, 51.762244150656116 ], [ -177.001440515734686, 51.773726142662625 ], [ -177.004158514832852, 51.787788132950432 ], [ -177.001474516689342, 51.80271212271419 ], [ -176.983043526782353, 51.82576910708368 ], [ -176.983684526730229, 51.83381410153811 ], [ -176.997051519591508, 51.822549109118505 ], [ -177.024425505320124, 51.809593117683534 ], [ -177.040283497242456, 51.807710118777067 ], [ -177.034495499802858, 51.796713126419306 ], [ -177.036080498508028, 51.781809136656079 ], [ -177.02832750217533, 51.774312141914265 ], [ -177.027624502289513, 51.767057146915839 ], [ -177.036352497195224, 51.746289161095561 ], [ -177.034091497888539, 51.732745170443884 ], [ -177.046846490801244, 51.712946183904478 ], [ -177.059723483796944, 51.697374194455286 ], [ -177.06527248093812, 51.695505195671146 ], [ -177.067565479523779, 51.687584201091816 ], [ -177.079986472829319, 51.674239210116653 ], [ -177.097990463404727, 51.663336217392256 ], [ -177.126860448541123, 51.653378223884708 ], [ -177.163024430304148, 51.652765223863177 ], [ -177.183655419780735, 51.6485912264842 ], [ -177.22863839661315, 51.632041237329481 ], [ -177.281098370063091, 51.627620239752609 ], [ -177.304354358450979, 51.630900237226165 ], [ -177.317630351918638, 51.63605023353027 ], [ -177.350285335442862, 51.635049233845223 ], [ -177.372289324550991, 51.641579229103911 ], [ -177.402981309921017, 51.67038920893954 ], [ -177.419931301151507, 51.662506214174563 ], [ -177.452034284342147, 51.64020922916059 ], [ -177.480997269527791, 51.632166234378651 ], [ -177.512858253474064, 51.631928234200103 ], [ -177.538647240633509, 51.637374230179745 ], [ -177.541384239358536, 51.641180227532523 ], [ -177.553785233073171, 51.639780228365119 ], [ -177.562725228114374, 51.622930239863067 ], [ -177.58115721857348, 51.613270246316155 ], [ -177.602429207697242, 51.607012250401162 ], [ -177.657687179662446, 51.598672255576197 ], [ -177.699665158625322, 51.602321252648068 ], [ -177.727714144722682, 51.610972246421937 ], [ -177.750270133782607, 51.62771823468303 ], [ -177.751950133176678, 51.637363228031447 ], [ -177.783403117588307, 51.64786722050345 ], [ -177.810395103626263, 51.633055230438586 ], [ -177.824905096268282, 51.63106323167311 ], [ -177.81869609909856, 51.61874924020259 ], [ -177.820493097366068, 51.584430263793763 ], [ -177.830533091968846, 51.570054273588575 ], [ -177.843810085015718, 51.558563281369132 ], [ -177.878265067329153, 51.543332291528863 ], [ -177.89935505665278, 51.540226293474213 ], [ -177.928258042158859, 51.541903292062329 ], [ -177.971293020754786, 51.552400284464298 ], [ -178.002116005573242, 51.566952274188985 ], [ -178.010818001390163, 51.575830268007834 ], [ -178.026902993260279, 51.574196268995117 ], [ -178.050708981404171, 51.57991726485956 ], [ -178.083428965259259, 51.595131254122592 ], [ -178.090227962018389, 51.603751248136874 ], [ -178.131774941224705, 51.60991524355962 ], [ -178.150972931691996, 51.616560238834971 ], [ -178.18936891269496, 51.633681226754298 ], [ -178.195565909726668, 51.641402221393982 ], [ -178.203197906277524, 51.661332207622017 ], [ -178.205976905235332, 51.679347195204492 ], [ -178.20371990663682, 51.692516186159857 ], [ -178.192248912652758, 51.703856178444937 ], [ -178.192339912948995, 51.72085516674565 ], [ -178.184526917123321, 51.732209158992404 ], [ -178.16447692754906, 51.746890149045541 ], [ -178.132047944159467, 51.757863141751258 ], [ -178.160298930317282, 51.778899127046706 ], [ -178.233491893770832, 51.801901110645183 ], [ -178.256047882559812, 51.812025103505377 ], [ -178.297650862145957, 51.845237080331707 ], [ -178.307052857636791, 51.858445071169101 ], [ -178.309480856646871, 51.871067062460625 ], [ -178.307787857705193, 51.881616055209243 ], [ -178.298847862658164, 51.903713040058506 ] ] ], [ [ [ -175.532791280264547, 52.236613847597106 ], [ -175.492049301068562, 52.2375848477188 ], [ -175.45646131867008, 52.227484855372381 ], [ -175.419073336554618, 52.205480871265813 ], [ -175.410710340354285, 52.196783877421595 ], [ -175.403744343121815, 52.182001887740512 ], [ -175.404269342310641, 52.171643894863593 ], [ -175.437013323635057, 52.13281492095539 ], [ -175.472475304599499, 52.113144933804115 ], [ -175.51236328404292, 52.107381936996241 ], [ -175.561257259976088, 52.122578925589593 ], [ -175.598654242183386, 52.146691908270412 ], [ -175.609115237903353, 52.167407893804594 ], [ -175.609758238359348, 52.183011883045218 ], [ -175.604022242066634, 52.198690872354788 ], [ -175.579302255740942, 52.220245857978462 ], [ -175.553300269538653, 52.231157850960265 ], [ -175.532791280264547, 52.236613847597106 ] ] ], [ [ [ -175.112206496835967, 52.279097826840321 ], [ -175.070698517071719, 52.262932838856166 ], [ -175.053575525133624, 52.251312847225321 ], [ -175.036525532546449, 52.229018862945132 ], [ -175.036329531998717, 52.217635870788726 ], [ -175.064192516039867, 52.186108891903885 ], [ -175.102325495636109, 52.168012903555017 ], [ -175.152543469830391, 52.162986905959052 ], [ -175.176532458059597, 52.170661900172966 ], [ -175.205314444554375, 52.191237885405457 ], [ -175.222987437171327, 52.220611864809889 ], [ -175.224819436915482, 52.232972856258399 ], [ -175.204647448624769, 52.259119838665939 ], [ -175.175105464364378, 52.271572830702567 ], [ -175.143580480799073, 52.278226826779097 ], [ -175.112206496835967, 52.279097826840321 ] ] ], [ [ [ -172.680345737950944, 52.332338854366789 ], [ -172.633242766591678, 52.387870817648363 ], [ -172.606082781387215, 52.399406810576345 ], [ -172.547716812240822, 52.413004803092377 ], [ -172.507542, 52.429356 ], [ -172.464878, 52.440924 ], [ -172.448307, 52.443099 ], [ -172.427098, 52.440216 ], [ -172.417607, 52.444122 ], [ -172.399296, 52.444505 ], [ -172.35602, 52.43329 ], [ -172.332367, 52.419925 ], [ -172.296538, 52.413868 ], [ -172.24966, 52.393454 ], [ -172.231287, 52.379927 ], [ -172.224328, 52.369429 ], [ -172.223564, 52.359198 ], [ -172.226303, 52.354908 ], [ -172.21053, 52.327124 ], [ -172.210712, 52.316267 ], [ -172.228442, 52.296193 ], [ -172.25017, 52.284084 ], [ -172.266039, 52.281826 ], [ -172.287706, 52.265651 ], [ -172.334998, 52.252303 ], [ -172.354814, 52.23832 ], [ -172.377915, 52.228363 ], [ -172.407669, 52.224486 ], [ -172.427201, 52.225424 ], [ -172.450057, 52.217335 ], [ -172.474929, 52.215085 ], [ -172.494215, 52.20412 ], [ -172.510603, 52.199946 ], [ -172.544388795508183, 52.198052951081827 ], [ -172.575996779859565, 52.202202947213145 ], [ -172.616166759258903, 52.199095948066912 ], [ -172.652298741566113, 52.206258941991976 ], [ -172.659531738311642, 52.211126938414495 ], [ -172.676011729919168, 52.210583938266559 ], [ -172.688706724002003, 52.216717933646478 ], [ -172.707506715940042, 52.234234921004571 ], [ -172.718341712023488, 52.253110907678618 ], [ -172.720692711771477, 52.264371899857686 ], [ -172.712601716872342, 52.276299891906014 ], [ -172.717275714936648, 52.281506888176558 ], [ -172.714347717531211, 52.294758879151146 ], [ -172.701288725825776, 52.314625865893206 ], [ -172.680345737950944, 52.332338854366789 ] ] ], [ [ [ -171.31242, 52.570745 ], [ -171.280466, 52.579803 ], [ -171.248557, 52.580856 ], [ -171.205941, 52.624928 ], [ -171.179158, 52.638661 ], [ -171.159187, 52.640097 ], [ -171.109837, 52.636315 ], [ -171.069735, 52.627062 ], [ -171.038361, 52.614345 ], [ -171.022429, 52.603717 ], [ -171.018825, 52.585795 ], [ -171.033563, 52.548524 ], [ -171.049523, 52.531035 ], [ -171.064599, 52.521246 ], [ -171.102014, 52.508304 ], [ -171.111845, 52.507559 ], [ -171.114861, 52.482775 ], [ -171.124046, 52.46441 ], [ -171.136496, 52.445671 ], [ -171.158622, 52.425429 ], [ -171.206259, 52.398891 ], [ -171.226616, 52.393702 ], [ -171.264307, 52.391228 ], [ -171.294308, 52.393134 ], [ -171.358353, 52.412545 ], [ -171.377263, 52.431378 ], [ -171.393716, 52.46813 ], [ -171.392955, 52.491202 ], [ -171.387067, 52.514816 ], [ -171.374433, 52.537118 ], [ -171.344067, 52.555972 ], [ -171.31242, 52.570745 ] ] ], [ [ [ -170.865446, 52.669056 ], [ -170.834135, 52.684278 ], [ -170.818748, 52.688477 ], [ -170.804717, 52.701461 ], [ -170.770387, 52.721094 ], [ -170.732051, 52.729781 ], [ -170.680452, 52.749586 ], [ -170.630402, 52.751594 ], [ -170.56411, 52.742205 ], [ -170.543238, 52.731889 ], [ -170.526323, 52.729205 ], [ -170.508314, 52.721165 ], [ -170.480994, 52.69041 ], [ -170.474706, 52.6738 ], [ -170.47278, 52.643487 ], [ -170.475403, 52.636604 ], [ -170.493685, 52.618941 ], [ -170.509186, 52.597737 ], [ -170.536133, 52.573847 ], [ -170.575685, 52.554871 ], [ -170.652014, 52.540625 ], [ -170.674426, 52.539876 ], [ -170.738226, 52.500109 ], [ -170.76383, 52.489808 ], [ -170.793769, 52.487099 ], [ -170.828318, 52.491927 ], [ -170.848431, 52.505169 ], [ -170.887588, 52.513829 ], [ -170.912919, 52.530293 ], [ -170.927388, 52.549886 ], [ -170.923514, 52.574987 ], [ -170.912712, 52.591201 ], [ -170.903193, 52.622406 ], [ -170.888913, 52.649271 ], [ -170.865446, 52.669056 ] ] ], [ [ [ -170.233194, 52.800129 ], [ -170.206764, 52.822763 ], [ -170.186407, 52.830524 ], [ -170.152789, 52.835824 ], [ -170.190133, 52.862832 ], [ -170.199688, 52.880091 ], [ -170.203381, 52.897647 ], [ -170.198591, 52.916433 ], [ -170.17689, 52.935137 ], [ -170.116519, 52.963131 ], [ -170.086579, 52.971206 ], [ -170.046106, 52.973116 ], [ -170.024954, 52.971148 ], [ -170.002275, 52.964751 ], [ -169.995531, 52.966534 ], [ -169.963421, 52.963224 ], [ -169.94175, 52.958784 ], [ -169.929754, 52.951581 ], [ -169.910493, 52.935215 ], [ -169.908158, 52.922549 ], [ -169.885495, 52.932583 ], [ -169.831898, 52.935538 ], [ -169.827746, 52.932792 ], [ -169.817745, 52.937355 ], [ -169.827535, 52.945366 ], [ -169.84289, 52.969516 ], [ -169.843318, 52.978376 ], [ -169.832955, 53.009965 ], [ -169.852112, 53.015856 ], [ -169.865083, 53.024372 ], [ -169.879399, 53.039305 ], [ -169.883429, 53.051452 ], [ -169.880622, 53.067499 ], [ -169.872064, 53.081975 ], [ -169.872962, 53.089186 ], [ -169.860754, 53.105012 ], [ -169.814087, 53.126641 ], [ -169.786159, 53.13261 ], [ -169.759148, 53.134054 ], [ -169.730731, 53.127814 ], [ -169.700635, 53.116452 ], [ -169.685526, 53.109089 ], [ -169.664233, 53.085685 ], [ -169.631042, 53.077498 ], [ -169.61407, 53.069807 ], [ -169.604454, 53.062031 ], [ -169.580644, 53.032165 ], [ -169.580002, 53.01511 ], [ -169.575111, 53.001772 ], [ -169.580366, 52.98239 ], [ -169.587476, 52.96996 ], [ -169.595778, 52.963238 ], [ -169.607102, 52.959567 ], [ -169.612595, 52.944298 ], [ -169.61998, 52.936148 ], [ -169.633615, 52.92906 ], [ -169.627824, 52.92674 ], [ -169.61488, 52.912082 ], [ -169.615642, 52.90333 ], [ -169.607553, 52.901934 ], [ -169.593389, 52.88952 ], [ -169.587861, 52.872885 ], [ -169.588222, 52.839785 ], [ -169.592893, 52.831548 ], [ -169.588861, 52.826797 ], [ -169.586601, 52.814138 ], [ -169.588613, 52.800563 ], [ -169.61879, 52.780639 ], [ -169.617057, 52.775947 ], [ -169.627461, 52.750675 ], [ -169.639088, 52.736756 ], [ -169.65972, 52.726226 ], [ -169.703061, 52.716099 ], [ -169.738039, 52.720987 ], [ -169.784986, 52.736734 ], [ -169.804339, 52.746202 ], [ -169.82032, 52.759427 ], [ -169.826257, 52.758151 ], [ -169.848754, 52.76311 ], [ -169.876315, 52.746726 ], [ -169.903846, 52.740574 ], [ -169.975547, 52.738118 ], [ -169.977374, 52.719001 ], [ -169.981799, 52.71202 ], [ -170.019309, 52.682367 ], [ -170.048398, 52.670624 ], [ -170.086581, 52.662618 ], [ -170.173754, 52.662888 ], [ -170.231871, 52.673918 ], [ -170.250063, 52.681089 ], [ -170.263587, 52.697325 ], [ -170.267404, 52.724763 ], [ -170.274914, 52.737634 ], [ -170.272992, 52.748515 ], [ -170.267285, 52.764249 ], [ -170.257793, 52.773687 ], [ -170.247019, 52.778877 ], [ -170.233194, 52.800129 ] ] ], [ [ [ -168.110973, 53.981564 ], [ -168.082956, 53.992437 ], [ -168.049169, 53.994956 ], [ -168.022585, 53.994118 ], [ -168.002249, 53.988041 ], [ -167.997649, 53.990686 ], [ -167.989561, 53.989305 ], [ -167.969997, 53.977388 ], [ -167.959039, 53.9637 ], [ -167.953117, 53.932022 ], [ -167.956107, 53.912727 ], [ -167.963187, 53.901336 ], [ -167.97628, 53.89118 ], [ -168.008508, 53.877652 ], [ -168.035031, 53.874226 ], [ -168.08304, 53.882959 ], [ -168.11637, 53.905512 ], [ -168.132487, 53.927423 ], [ -168.135846, 53.946733 ], [ -168.133343, 53.956584 ], [ -168.110973, 53.981564 ] ] ], [ [ [ -169.829384, 56.669816 ], [ -169.802528, 56.673969 ], [ -169.74735, 56.675043 ], [ -169.621913, 56.661341 ], [ -169.538687, 56.668437 ], [ -169.509265, 56.667471 ], [ -169.474163, 56.656098 ], [ -169.438667, 56.653698 ], [ -169.422246, 56.648809 ], [ -169.401641, 56.636553 ], [ -169.382254, 56.61475 ], [ -169.377545, 56.587729 ], [ -169.383952, 56.578162 ], [ -169.420474, 56.549259 ], [ -169.479413, 56.526851 ], [ -169.526637, 56.492976 ], [ -169.581263, 56.483228 ], [ -169.676092, 56.496226 ], [ -169.727524, 56.514639 ], [ -169.763735, 56.540724 ], [ -169.804777, 56.547369 ], [ -169.830387, 56.560327 ], [ -169.838172, 56.57119 ], [ -169.86824, 56.587031 ], [ -169.880238, 56.602029 ], [ -169.877592, 56.630537 ], [ -169.871462, 56.643049 ], [ -169.862553, 56.651998 ], [ -169.829384, 56.669816 ] ] ], [ [ [ -170.438185, 57.254879 ], [ -170.395333, 57.25795 ], [ -170.364059, 57.268735 ], [ -170.334457, 57.272368 ], [ -170.290815, 57.270594 ], [ -170.261697, 57.264134 ], [ -170.222929, 57.275164 ], [ -170.206922, 57.290696 ], [ -170.191024, 57.297351 ], [ -170.15889, 57.304372 ], [ -170.109481, 57.305269 ], [ -170.065379, 57.297926 ], [ -170.016511, 57.266581 ], [ -170.012357, 57.254092 ], [ -170.018487, 57.236727 ], [ -170.029775, 57.220856 ], [ -170.063858, 57.19762 ], [ -170.080803, 57.192273 ], [ -170.077249, 57.179354 ], [ -170.078314, 57.169458 ], [ -170.111782, 57.136709 ], [ -170.137076, 57.122126 ], [ -170.14768, 57.121464 ], [ -170.165271, 57.11344 ], [ -170.223246, 57.076596 ], [ -170.258919, 57.062125 ], [ -170.305369, 57.056741 ], [ -170.300971, 57.041755 ], [ -170.306096, 57.029515 ], [ -170.354132, 57.002323 ], [ -170.399462, 56.995772 ], [ -170.444143, 56.996134 ], [ -170.478295, 57.007195 ], [ -170.487284, 57.012518 ], [ -170.508488, 57.046404 ], [ -170.50837, 57.062374 ], [ -170.492045, 57.080177 ], [ -170.469524, 57.092768 ], [ -170.442669, 57.102263 ], [ -170.414797, 57.104734 ], [ -170.470657, 57.113652 ], [ -170.495259, 57.128308 ], [ -170.509881, 57.143818 ], [ -170.519468, 57.162183 ], [ -170.510803, 57.174262 ], [ -170.516296, 57.175978 ], [ -170.520937, 57.182212 ], [ -170.522709, 57.193374 ], [ -170.509924, 57.208307 ], [ -170.49009, 57.225537 ], [ -170.470409, 57.237091 ], [ -170.46023, 57.238742 ], [ -170.449598, 57.249332 ], [ -170.438185, 57.254879 ] ] ], [ [ [ -169.960408, 57.237419 ], [ -169.923115, 57.238415 ], [ -169.883683, 57.228401 ], [ -169.87123, 57.221536 ], [ -169.849311, 57.190013 ], [ -169.849034, 57.176165 ], [ -169.886869, 57.145438 ], [ -169.930262, 57.13212 ], [ -169.95559, 57.128227 ], [ -169.979486, 57.128948 ], [ -170.003719, 57.135041 ], [ -170.022459, 57.144325 ], [ -170.044012, 57.165052 ], [ -170.0505, 57.186876 ], [ -170.049117, 57.195684 ], [ -170.042222, 57.205047 ], [ -170.007985, 57.225299 ], [ -169.960408, 57.237419 ] ] ], [ [ [ -172.773586, 60.25549 ], [ -172.731545, 60.262161 ], [ -172.698574, 60.258374 ], [ -172.67341, 60.249784 ], [ -172.649219, 60.236895 ], [ -172.637485, 60.219294 ], [ -172.634324, 60.200743 ], [ -172.655702, 60.178484 ], [ -172.680662, 60.15991 ], [ -172.694193, 60.15461 ], [ -172.761788, 60.140677 ], [ -172.799541, 60.138804 ], [ -172.829635, 60.142109 ], [ -172.84832, 60.148778 ], [ -172.881018, 60.168785 ], [ -172.890361, 60.182124 ], [ -172.885693, 60.208803 ], [ -172.867009, 60.222142 ], [ -172.773586, 60.25549 ] ] ], [ [ [ -173.158632, 60.72877 ], [ -173.100409, 60.745166 ], [ -173.059068, 60.747748 ], [ -173.012473, 60.740372 ], [ -172.989762, 60.731811 ], [ -172.962253, 60.709805 ], [ -172.953052, 60.694481 ], [ -172.943849, 60.6507 ], [ -172.888646, 60.644135 ], [ -172.861045, 60.637568 ], [ -172.828842, 60.622246 ], [ -172.819641, 60.61349 ], [ -172.815041, 60.602545 ], [ -172.819641, 60.595978 ], [ -172.815327, 60.557852 ], [ -172.795747, 60.538647 ], [ -172.760255, 60.514181 ], [ -172.68784, 60.48012 ], [ -172.530021, 60.435741 ], [ -172.499479, 60.43211 ], [ -172.462603, 60.438694 ], [ -172.39357, 60.436506 ], [ -172.347543, 60.427747 ], [ -172.319929, 60.416798 ], [ -172.278507, 60.388328 ], [ -172.260098, 60.379569 ], [ -172.223279, 60.36424 ], [ -172.145039, 60.340152 ], [ -172.122025, 60.327013 ], [ -172.10909, 60.314012 ], [ -172.108767, 60.303428 ], [ -172.120378, 60.287337 ], [ -172.14352, 60.271452 ], [ -172.189488, 60.250816 ], [ -172.246707, 60.241229 ], [ -172.267533, 60.244498 ], [ -172.295509, 60.23883 ], [ -172.361584, 60.252006 ], [ -172.379188, 60.260714 ], [ -172.388399, 60.275498 ], [ -172.407526, 60.278764 ], [ -172.45384, 60.270613 ], [ -172.49604, 60.274221 ], [ -172.522964, 60.271095 ], [ -172.534227, 60.265262 ], [ -172.565013, 60.258086 ], [ -172.596125, 60.258622 ], [ -172.65248, 60.269751 ], [ -172.679356, 60.278026 ], [ -172.715375, 60.296219 ], [ -172.744421, 60.301031 ], [ -172.802382, 60.31865 ], [ -172.820133, 60.316154 ], [ -172.847945, 60.318383 ], [ -172.87777, 60.326309 ], [ -172.910228, 60.339623 ], [ -172.92536, 60.352581 ], [ -172.930971, 60.370525 ], [ -172.931452, 60.389684 ], [ -173.067391, 60.439905 ], [ -173.095288, 60.441795 ], [ -173.144869, 60.457101 ], [ -173.158271, 60.467492 ], [ -173.167818, 60.48108 ], [ -173.170522, 60.496484 ], [ -173.165263, 60.514292 ], [ -173.156457, 60.52214 ], [ -173.163222, 60.538316 ], [ -173.154023, 60.564586 ], [ -173.140223, 60.575533 ], [ -173.144823, 60.5821 ], [ -173.167825, 60.593045 ], [ -173.181626, 60.606178 ], [ -173.23223, 60.636827 ], [ -173.23683, 60.645583 ], [ -173.218431, 60.676231 ], [ -173.190831, 60.689366 ], [ -173.190832, 60.706878 ], [ -173.177032, 60.720013 ], [ -173.158632, 60.72877 ] ] ], [ [ [ -171.860196, 63.674736 ], [ -171.865168, 63.688933 ], [ -171.865168, 63.705497 ], [ -171.845277, 63.726794 ], [ -171.835333, 63.743361 ], [ -171.840305, 63.752826 ], [ -171.840306, 63.769389 ], [ -171.855926, 63.78567 ], [ -171.845982, 63.799867 ], [ -171.816149, 63.821162 ], [ -171.776372, 63.837724 ], [ -171.714675, 63.836056 ], [ -171.705719, 63.840391 ], [ -171.674734, 63.84368 ], [ -171.647467, 63.84095 ], [ -171.617503, 63.833641 ], [ -171.54883, 63.800461 ], [ -171.527026, 63.776518 ], [ -171.520679, 63.750236 ], [ -171.535603, 63.721875 ], [ -171.251321, 63.667442 ], [ -171.165036, 63.658988 ], [ -170.959155, 63.625888 ], [ -170.910939, 63.637874 ], [ -170.847168, 63.666126 ], [ -170.705152, 63.713083 ], [ -170.656697, 63.723547 ], [ -170.619933, 63.723455 ], [ -170.50403, 63.7534 ], [ -170.296846, 63.755572 ], [ -170.243195, 63.745386 ], [ -170.168075, 63.719891 ], [ -170.103681, 63.684179 ], [ -170.028558, 63.648469 ], [ -169.985628, 63.622959 ], [ -169.964147, 63.582118 ], [ -169.926599, 63.526739 ], [ -169.792993, 63.49074 ], [ -169.602285, 63.480635 ], [ -169.56942, 63.472859 ], [ -169.543882, 63.459438 ], [ -169.4838, 63.435631 ], [ -169.455539, 63.41502 ], [ -169.234552, 63.390727 ], [ -169.035, 63.387453 ], [ -168.704699, 63.354706 ], [ -168.642768, 63.34488 ], [ -168.608363, 63.335055 ], [ -168.587718, 63.325229 ], [ -168.578617, 63.308674 ], [ -168.586695, 63.27247 ], [ -168.604276, 63.251593 ], [ -168.609261, 63.229362 ], [ -168.635967, 63.204638 ], [ -168.666591, 63.185972 ], [ -168.692774, 63.158941 ], [ -168.73346, 63.131553 ], [ -168.696657, 63.10922 ], [ -168.682789, 63.084668 ], [ -168.700727, 63.056925 ], [ -168.764086, 63.027617 ], [ -168.803229, 63.017652 ], [ -168.837331, 63.016175 ], [ -168.868548, 63.019792 ], [ -168.917486, 63.031116 ], [ -168.940357, 63.046329 ], [ -168.948698, 63.062468 ], [ -168.946607, 63.074451 ], [ -168.92278, 63.099567 ], [ -169.027786, 63.124527 ], [ -169.066713, 63.128214 ], [ -169.142552, 63.1278 ], [ -169.230644, 63.123502 ], [ -169.263785, 63.118471 ], [ -169.282326, 63.114405 ], [ -169.32436, 63.08574 ], [ -169.367966, 63.061076 ], [ -169.406523, 63.047509 ], [ -169.451083, 63.038551 ], [ -169.427263, 63.00026 ], [ -169.419861, 62.973856 ], [ -169.436324, 62.947438 ], [ -169.461551, 62.932839 ], [ -169.493235, 62.926609 ], [ -169.525341, 62.924659 ], [ -169.552096, 62.902914 ], [ -169.591036, 62.887867 ], [ -169.638796, 62.884908 ], [ -169.727891, 62.896333 ], [ -169.814814, 62.917395 ], [ -169.838952, 62.925889 ], [ -169.864597, 62.944697 ], [ -169.863264, 62.980144 ], [ -169.877727, 62.997136 ], [ -169.883781, 63.020073 ], [ -169.901408, 63.037365 ], [ -169.95276, 63.064072 ], [ -170.031797, 63.095519 ], [ -170.081157, 63.111304 ], [ -170.115416, 63.127247 ], [ -170.140133, 63.124257 ], [ -170.176725, 63.125336 ], [ -170.201845, 63.131196 ], [ -170.248568, 63.132026 ], [ -170.259834, 63.136662 ], [ -170.290817, 63.135106 ], [ -170.328022, 63.138724 ], [ -170.359422, 63.147737 ], [ -170.394358, 63.171056 ], [ -170.400463, 63.182229 ], [ -170.400883, 63.193675 ], [ -170.383448, 63.210752 ], [ -170.439075, 63.251596 ], [ -170.515276, 63.28791 ], [ -170.596895, 63.311616 ], [ -170.816604, 63.354977 ], [ -170.908249, 63.369945 ], [ -170.993588, 63.37484 ], [ -171.048383, 63.373691 ], [ -171.066836, 63.371108 ], [ -171.100519, 63.356513 ], [ -171.127873, 63.350199 ], [ -171.166047, 63.348158 ], [ -171.173589, 63.336429 ], [ -171.191305, 63.324685 ], [ -171.214119, 63.315784 ], [ -171.227378, 63.304043 ], [ -171.251398, 63.292568 ], [ -171.280546, 63.285648 ], [ -171.326229, 63.282697 ], [ -171.362228, 63.268026 ], [ -171.398887, 63.257642 ], [ -171.435601, 63.25267 ], [ -171.481935, 63.254531 ], [ -171.533561, 63.266643 ], [ -171.560192, 63.265114 ], [ -171.594551, 63.269551 ], [ -171.622014, 63.277154 ], [ -171.651548, 63.29104 ], [ -171.691119, 63.298008 ], [ -171.744268, 63.313178 ], [ -171.772284, 63.315327 ], [ -171.810817, 63.328548 ], [ -171.839244, 63.342682 ], [ -171.855716, 63.361181 ], [ -171.884887, 63.37759 ], [ -171.931109, 63.425629 ], [ -171.94423, 63.454713 ], [ -171.954225, 63.466368 ], [ -171.965319, 63.472874 ], [ -171.944727, 63.570618 ], [ -171.924838, 63.61085 ], [ -171.909922, 63.617947 ], [ -171.90495, 63.639243 ], [ -171.890031, 63.655805 ], [ -171.860196, 63.674736 ] ] ], [ [ [ -168.207906, 65.003291 ], [ -168.156162, 65.029174 ], [ -168.076108, 65.043289 ], [ -168.004872, 65.038897 ], [ -167.953076, 65.023479 ], [ -167.924296, 65.002728 ], [ -167.916447, 64.988618 ], [ -167.913829, 64.969943 ], [ -167.91906, 64.960813 ], [ -167.953094, 64.932994 ], [ -167.976149, 64.922872 ], [ -168.00256, 64.916235 ], [ -168.037032, 64.909284 ], [ -168.090879, 64.911113 ], [ -168.137033, 64.918432 ], [ -168.187035, 64.934902 ], [ -168.210114, 64.951372 ], [ -168.213963, 64.984318 ], [ -168.207906, 65.003291 ] ] ], [ [ [ -168.794617, 65.671216 ], [ -168.710586, 65.673136 ], [ -168.67763, 65.664146 ], [ -168.653304, 65.652103 ], [ -168.63791, 65.639863 ], [ -168.628523, 65.625776 ], [ -168.626815, 65.612373 ], [ -168.633681, 65.601358 ], [ -168.652314, 65.590936 ], [ -168.714337, 65.575535 ], [ -168.748183, 65.571327 ], [ -168.78996, 65.574947 ], [ -168.829139, 65.584614 ], [ -168.846055, 65.592512 ], [ -168.865921, 65.60692 ], [ -168.869538, 65.613129 ], [ -168.869229, 65.620853 ], [ -168.85674, 65.640596 ], [ -168.820067, 65.66519 ], [ -168.794617, 65.671216 ] ] ], [ [ [ -168.97103, 65.814645 ], [ -168.926957, 65.82226 ], [ -168.892775, 65.821353 ], [ -168.861005, 65.817807 ], [ -168.835714, 65.810676 ], [ -168.80098, 65.795173 ], [ -168.78706, 65.784624 ], [ -168.781428, 65.773612 ], [ -168.780883, 65.764467 ], [ -168.762466, 65.751166 ], [ -168.761664, 65.740025 ], [ -168.767354, 65.730747 ], [ -168.785494, 65.716319 ], [ -168.856091, 65.691236 ], [ -168.880929, 65.685786 ], [ -168.91806, 65.684332 ], [ -168.971903, 65.688765 ], [ -168.97103, 65.814645 ] ] ], [ [ [ -155.025527621665958, 19.790141563426346 ], [ -154.994724614812952, 19.788919563915321 ], [ -154.977853610861843, 19.781399562462965 ], [ -154.952434604527468, 19.756779556937612 ], [ -154.928113597648036, 19.704529544447666 ], [ -154.926138596843373, 19.69165954126834 ], [ -154.928939596948055, 19.673600536664857 ], [ -154.91145559274932, 19.66203153420885 ], [ -154.884295585686516, 19.624995525608313 ], [ -154.886788586238168, 19.624995525544811 ], [ -154.875004583380075, 19.616162523628471 ], [ -154.822225571053224, 19.593305519233457 ], [ -154.811509568379165, 19.582589516815776 ], [ -154.797552565094861, 19.575663515430975 ], [ -154.778298560389317, 19.559890511959271 ], [ -154.759337555534529, 19.536457506556935 ], [ -154.755842554321561, 19.520779502710603 ], [ -154.757878554190228, 19.499995497444097 ], [ -154.775755556946621, 19.457108486235459 ], [ -154.786136558775439, 19.440371481776758 ], [ -154.810315563443538, 19.416052475071009 ], [ -154.847917570893287, 19.385147466378726 ], [ -154.889032579287203, 19.360387459140266 ], [ -154.939667589142715, 19.312829445953753 ], [ -155.000004601600665, 19.28203243672451 ], [ -155.00000460166612, 19.284375437311009 ], [ -155.049157612031223, 19.2672464317851 ], [ -155.067535615750842, 19.25531842833691 ], [ -155.079343618320166, 19.254083427729924 ], [ -155.083193619054725, 19.249995426610035 ], [ -155.079035618108918, 19.248961426456301 ], [ -155.10551462353564, 19.234265422111733 ], [ -155.161305635386583, 19.218370416726774 ], [ -155.175621638344865, 19.211381414617204 ], [ -155.196556642909002, 19.209675413660705 ], [ -155.230055650376727, 19.212846413604066 ], [ -155.258019656797444, 19.222166415223146 ], [ -155.26840965900999, 19.219490414290263 ], [ -155.273184659899556, 19.213747412733756 ], [ -155.297860664929175, 19.199448408533556 ], [ -155.301566665548819, 19.192488406700541 ], [ -155.325381670192456, 19.171275400796176 ], [ -155.348159674851843, 19.158768397093311 ], [ -155.39143868396522, 19.144355392392804 ], [ -155.406519686723726, 19.124577387071827 ], [ -155.41883468913835, 19.114188384165335 ], [ -155.439224693301668, 19.102880380824079 ], [ -155.466101698995971, 19.095347378259429 ], [ -155.494882704648887, 19.07158137159723 ], [ -155.501387705774562, 19.060832368750631 ], [ -155.503311705792441, 19.046478365122184 ], [ -155.516558707715745, 19.01147835605849 ], [ -155.537370711653807, 18.989052349938788 ], [ -155.541791712405939, 18.981289347891551 ], [ -155.545355712641651, 18.961845342955471 ], [ -155.557474714784064, 18.943437338060775 ], [ -155.616064726142497, 18.890244323322836 ], [ -155.64904573281882, 18.870498317568345 ], [ -155.678364739102989, 18.865455315567065 ], [ -155.705977745289857, 18.870296316068217 ], [ -155.722899749341735, 18.882518318677786 ], [ -155.739975754053262, 18.916886326793861 ], [ -155.781731763669882, 18.933412329835946 ], [ -155.828237774799049, 18.966537336882283 ], [ -155.85076477981022, 18.969233336972227 ], [ -155.875004785324336, 18.976425338135655 ], [ -155.925935797385137, 19.008149344708908 ], [ -155.940430801361401, 19.036094351284181 ], [ -155.954068804852, 19.053617355288711 ], [ -155.974478811028092, 19.112738369466001 ], [ -155.973886811761929, 19.142565376904056 ], [ -155.95673481057031, 19.230952399357488 ], [ -155.956204811298988, 19.259945406591825 ], [ -155.945108809937949, 19.29667541603305 ], [ -155.943217810914348, 19.344222427929623 ], [ -155.963619816632047, 19.386514437929637 ], [ -155.978109821559059, 19.445804452323451 ], [ -155.99913882677663, 19.466176456842447 ], [ -156.012868830792513, 19.499995464907411 ], [ -156.023001834909735, 19.563627480502955 ], [ -156.030281837219718, 19.58747348625489 ], [ -156.038939839523465, 19.600943489382061 ], [ -156.063214845179289, 19.611818491441937 ], [ -156.078596848951719, 19.624996494314452 ], [ -156.08763285156877, 19.646078499328773 ], [ -156.088824852291282, 19.661403503118958 ], [ -156.115183859565462, 19.710680514697984 ], [ -156.120005861122991, 19.727171518681249 ], [ -156.117924861192193, 19.744566523077538 ], [ -156.109167860023859, 19.769510529539385 ], [ -156.105522860064468, 19.797257536563158 ], [ -156.095676858439447, 19.815008541261694 ], [ -156.079521855377777, 19.831126545724953 ], [ -156.053548850043597, 19.843529549528263 ], [ -156.012395842395563, 19.889748562191691 ], [ -155.986101837001712, 19.902658566132317 ], [ -155.962431831988852, 19.909147568397117 ], [ -155.950385830337154, 19.94207057695365 ], [ -155.938887828396531, 19.961513582127132 ], [ -155.884315818102806, 20.018322597819385 ], [ -155.932279830663703, 20.083440612802018 ], [ -155.937892832536107, 20.104152617830525 ], [ -155.947992835365511, 20.123781622465202 ], [ -155.957723838860289, 20.167609633165661 ], [ -155.960822840473213, 20.197724640617661 ], [ -155.95767184093009, 20.234967650027414 ], [ -155.942385838693355, 20.271623659627405 ], [ -155.917646834104175, 20.299699667342267 ], [ -155.887993827997548, 20.313883671714198 ], [ -155.85163982020228, 20.321404674601354 ], [ -155.829465815257862, 20.319902674835728 ], [ -155.792894806849915, 20.309265673175339 ], [ -155.774822802529314, 20.298640671008123 ], [ -155.755479798166618, 20.295764670817544 ], [ -155.740404794624737, 20.288920669514695 ], [ -155.717972789088606, 20.270075665403702 ], [ -155.702221785347632, 20.261597663708322 ], [ -155.68884978187711, 20.244771659854507 ], [ -155.67773077931156, 20.241234659270674 ], [ -155.658727774627266, 20.22537865581236 ], [ -155.630519768030013, 20.213489653597691 ], [ -155.606403762104662, 20.193943649350416 ], [ -155.582091756346813, 20.181311646840776 ], [ -155.561738751917687, 20.18363864797448 ], [ -155.540754747175129, 20.180244647689854 ], [ -155.441388724288117, 20.150091642799033 ], [ -155.397551714071056, 20.132828639641506 ], [ -155.36970670740422, 20.115948636149483 ], [ -155.298305690575376, 20.081509629407019 ], [ -155.252403679878228, 20.063443626089313 ], [ -155.211772670143574, 20.038461620891823 ], [ -155.1574906569208, 19.99760361206345 ], [ -155.140334652883269, 19.989476610473467 ], [ -155.086053639465604, 19.941738599908323 ], [ -155.070847635418232, 19.918420594450364 ], [ -155.046815629493665, 19.897699589873604 ], [ -155.031624625470613, 19.874995584568044 ], [ -155.034622626134421, 19.8749955844902 ], [ -155.030303624424334, 19.848990578073735 ], [ -155.034711624620741, 19.822062571200185 ], [ -155.033319623484886, 19.793416564046762 ], [ -155.025527621665958, 19.790141563426346 ] ] ], [ [ [ -156.451094973340247, 20.968753819836255 ], [ -156.404912963315553, 20.974176822541786 ], [ -156.377606957796701, 20.989818827258681 ], [ -156.354790952883945, 20.993796828920104 ], [ -156.339222949784414, 21.004190831979699 ], [ -156.320483945707451, 21.006225833034833 ], [ -156.294492939787432, 21.001021832484014 ], [ -156.268582934145343, 21.003746833919102 ], [ -156.237587926826848, 20.989710831294591 ], [ -156.21434592146673, 20.983083830303414 ], [ -156.195300916873038, 20.97149782794552 ], [ -156.136362902067049, 20.917432816072399 ], [ -156.125004899474419, 20.915004815788887 ], [ -156.095929892502852, 20.898476812473415 ], [ -156.081698888778021, 20.88072380842431 ], [ -156.049627881349807, 20.870539806783672 ], [ -156.032293877167689, 20.859853804595225 ], [ -156.000004869769782, 20.852118803572363 ], [ -156.000004870506586, 20.874995809316594 ], [ -155.958995861423944, 20.874995810482972 ], [ -155.939130855790324, 20.83658680140033 ], [ -155.926789851301663, 20.781730787974574 ], [ -155.928105849776983, 20.724787773641953 ], [ -155.949650853019023, 20.676827760998712 ], [ -155.969598856646599, 20.652119754238171 ], [ -156.000004862539782, 20.625971746823733 ], [ -156.00000486272674, 20.631857748299925 ], [ -156.00602186371205, 20.620995745406447 ], [ -156.025919867642301, 20.60625574115015 ], [ -156.05427087362159, 20.59724973809374 ], [ -156.073275877857498, 20.598404737847535 ], [ -156.135274890642137, 20.569838728938883 ], [ -156.177169899975496, 20.572472728414276 ], [ -156.195612904195741, 20.577146729062829 ], [ -156.250004915341265, 20.550332720806033 ], [ -156.250004915462625, 20.554127721756203 ], [ -156.290476923838042, 20.536890716292337 ], [ -156.351103937125288, 20.534403713945981 ], [ -156.375004942219221, 20.52898071190835 ], [ -156.375004942297664, 20.531423712519551 ], [ -156.420499952489507, 20.536604712517583 ], [ -156.437388956446341, 20.543924713865817 ], [ -156.459872961842848, 20.557661716658128 ], [ -156.484514967963747, 20.57907872130804 ], [ -156.488381968151259, 20.558541716061136 ], [ -156.480592965872404, 20.54110571192432 ], [ -156.479555965271658, 20.529568709069196 ], [ -156.483360965580545, 20.513162704858317 ], [ -156.489371966479752, 20.49999570139456 ], [ -156.512204970693801, 20.474775694437536 ], [ -156.533460974991783, 20.462975690880643 ], [ -156.54607397769837, 20.460840689986231 ], [ -156.563897981684079, 20.462827689972308 ], [ -156.583928985940162, 20.45816268823285 ], [ -156.601310989854397, 20.460977688437541 ], [ -156.70512001245686, 20.454137683744662 ], [ -156.750005022326405, 20.454330682498252 ], [ -156.750004023812039, 20.499983693893871 ], [ -156.744269022551919, 20.499994694062526 ], [ -156.75517702560677, 20.520153698779598 ], [ -156.75574702622572, 20.535271702537592 ], [ -156.75001302565741, 20.556451707992451 ], [ -156.750005025569806, 20.553826707337191 ], [ -156.73365002288989, 20.581839714807661 ], [ -156.704447017210953, 20.604586721337348 ], [ -156.691120014507135, 20.611562723466939 ], [ -156.674234010916109, 20.615370724908157 ], [ -156.625005001051846, 20.645091733763355 ], [ -156.597738995465562, 20.65787473774898 ], [ -156.549629984873405, 20.658025739178061 ], [ -156.531663981606016, 20.679215744997535 ], [ -156.495732974089805, 20.691575749127612 ], [ -156.511874979078755, 20.735381759623149 ], [ -156.546824986688563, 20.732481757885147 ], [ -156.577592993823117, 20.743253759687612 ], [ -156.586936996103759, 20.749995761102873 ], [ -156.625005004492266, 20.749995759995691 ], [ -156.625005004922798, 20.763077763267958 ], [ -156.640090008313251, 20.765101763334691 ], [ -156.659864013108859, 20.778414766087735 ], [ -156.72862003068434, 20.851694782402657 ], [ -156.737536033188377, 20.867913786197246 ], [ -156.739424034300299, 20.888803791367 ], [ -156.750005037176237, 20.905120795136977 ], [ -156.752360038330153, 20.924127799822358 ], [ -156.750005039037063, 20.960768809059374 ], [ -156.735022037240782, 21.005724820753109 ], [ -156.728430036176263, 21.017322823851291 ], [ -156.708494032648503, 21.043226830926535 ], [ -156.690901029110904, 21.053474834013439 ], [ -156.670429025372613, 21.076688840433235 ], [ -156.655952022349311, 21.081821842147463 ], [ -156.633588017462557, 21.083336843188491 ], [ -156.618139014291359, 21.090493845438299 ], [ -156.591036008369571, 21.092406846718227 ], [ -156.559518001070074, 21.082333845123443 ], [ -156.490732984308806, 21.03543083538926 ], [ -156.475387980379111, 21.019203831771332 ], [ -156.463438976424413, 20.979549822181703 ], [ -156.451094973340247, 20.968753819836255 ] ] ], [ [ [ -157.088840113561531, 20.958392798378473 ], [ -157.03527310262416, 20.983297806205378 ], [ -156.982343091018805, 20.984575808108307 ], [ -156.913328075600134, 20.977958808513289 ], [ -156.868479065264438, 20.964374806450863 ], [ -156.847566060215769, 20.951233803785527 ], [ -156.823334054191832, 20.930803799394496 ], [ -156.790955045858709, 20.894949791385113 ], [ -156.757464037007679, 20.850766781322665 ], [ -156.750005034564566, 20.826708775525859 ], [ -156.750005033929995, 20.807600770748035 ], [ -156.78230703913124, 20.749995755400974 ], [ -156.795368041517037, 20.735246751332443 ], [ -156.81699804576408, 20.719788746836198 ], [ -156.84542005174697, 20.711672743975257 ], [ -156.87500505756617, 20.690960737934311 ], [ -156.887819060312808, 20.688834737027275 ], [ -156.910595065467874, 20.693307737474939 ], [ -156.935904070994212, 20.69221773645841 ], [ -156.962844076689208, 20.685454733977142 ], [ -156.9859670819352, 20.690438734539551 ], [ -157.000005085234079, 20.69689073573555 ], [ -157.027283092289252, 20.728726742874169 ], [ -157.038150095388374, 20.749995747860282 ], [ -157.045188097620724, 20.770462752759649 ], [ -157.047613098811098, 20.790051757576979 ], [ -157.043954098678142, 20.810021762670647 ], [ -157.048074099937452, 20.820540765174094 ], [ -157.075212106128788, 20.82729476605223 ], [ -157.08568510874656, 20.836677768082236 ], [ -157.110136115227164, 20.869456775534434 ], [ -157.117245117542353, 20.891688780871554 ], [ -157.111232117562082, 20.931225790922745 ], [ -157.099935115668501, 20.948598795599757 ], [ -157.088840113561531, 20.958392798378473 ] ] ], [ [ [ -156.840874067955127, 21.223190872042561 ], [ -156.801527059636101, 21.23391387590878 ], [ -156.771068052875052, 21.232856876556706 ], [ -156.722081041825192, 21.22605787631829 ], [ -156.686512033440607, 21.210509873483279 ], [ -156.675833030806672, 21.202397871768436 ], [ -156.659570026520612, 21.181902867115983 ], [ -156.650530022916655, 21.134272855448756 ], [ -156.657713023850448, 21.114898850381618 ], [ -156.672591026489584, 21.095712845134347 ], [ -156.693998030948222, 21.087787842514832 ], [ -156.708061033527343, 21.072204838195368 ], [ -156.750005041825801, 21.043825829846266 ], [ -156.750005041932212, 21.046986830637547 ], [ -156.785295048958687, 21.024535823971021 ], [ -156.801618052470815, 21.021964822842989 ], [ -156.836959059520069, 20.9999958162966 ], [ -156.875005067903004, 20.999995815165033 ], [ -156.875005067690267, 20.993691813588416 ], [ -156.877928068323001, 20.993359813418397 ], [ -156.914540076529988, 20.997579813383084 ], [ -156.935364081427139, 21.006771815060159 ], [ -156.963136087749234, 21.012865815754019 ], [ -156.973899090422805, 21.021816817669798 ], [ -157.000005096425269, 21.029312818761888 ], [ -157.010560098958678, 21.035477819986497 ], [ -157.038726105262299, 21.038515819900553 ], [ -157.050242107939681, 21.042699820600269 ], [ -157.072154113270585, 21.057592823663189 ], [ -157.077561114486571, 21.058353823690585 ], [ -157.102762120018639, 21.057953822831475 ], [ -157.12500512472559, 21.052491820796178 ], [ -157.129549125590358, 21.048550819674578 ], [ -157.231443147809756, 21.043094815232315 ], [ -157.321249167805746, 21.050671814398054 ], [ -157.349129174675539, 21.072235818930526 ], [ -157.363790178592893, 21.092353823503707 ], [ -157.366554179498166, 21.100951825564973 ], [ -157.363489179659126, 21.124995831659348 ], [ -157.365669180138184, 21.124995831592695 ], [ -157.349897177787, 21.157080840084046 ], [ -157.328820174222614, 21.18781484840278 ], [ -157.311680171021152, 21.204123853000407 ], [ -157.314473172551885, 21.230428859485116 ], [ -157.310526172175031, 21.244517863125512 ], [ -157.292301168902014, 21.265630868959185 ], [ -157.272191164857759, 21.276559872306802 ], [ -157.250005160106241, 21.280342873932184 ], [ -157.23126415581703, 21.275655873334536 ], [ -157.214247152173158, 21.278608874593349 ], [ -157.183948145252373, 21.271461873732591 ], [ -157.158997139286015, 21.257891871101055 ], [ -157.13520913395152, 21.255156871141974 ], [ -157.125005131772383, 21.257139871948521 ], [ -157.057401116428338, 21.244182870762089 ], [ -157.030168110417804, 21.2439458715284 ], [ -157.009091106529638, 21.265943877671337 ], [ -156.990348102658118, 21.273529880137627 ], [ -156.971294098484435, 21.274360880922476 ], [ -156.952172094093157, 21.269323880240009 ], [ -156.927405088191335, 21.256573877796338 ], [ -156.910284083487966, 21.229566871551622 ], [ -156.88611507831942, 21.234339873474291 ], [ -156.874367075684432, 21.233088873514546 ], [ -156.853519070728908, 21.22270087154012 ], [ -156.840874067955127, 21.223190872042561 ] ] ], [ [ [ -158.324252408016235, 21.615670923644338 ], [ -158.311950405549965, 21.621775925563508 ], [ -158.278161398376369, 21.627837928170027 ], [ -158.199609381413609, 21.634469932368159 ], [ -158.175010375931208, 21.632004932550217 ], [ -158.148851370566376, 21.641994935884387 ], [ -158.134158367936095, 21.657984940343034 ], [ -158.122248365609352, 21.665693942648844 ], [ -158.120234364857311, 21.65730094062253 ], [ -158.095548361132472, 21.702990952807379 ], [ -158.071949356553347, 21.719186957607931 ], [ -158.050149352534106, 21.739876963471687 ], [ -158.030949348437019, 21.743079964890978 ], [ -157.991753340564088, 21.762960971116044 ], [ -157.978323337614853, 21.762992971557466 ], [ -157.941790329276728, 21.754574970634593 ], [ -157.924218325004887, 21.74344696842315 ], [ -157.881451314198785, 21.70517896024608 ], [ -157.860216308079572, 21.665539951033459 ], [ -157.844154302952489, 21.621799940631469 ], [ -157.837254301141201, 21.613698938830034 ], [ -157.802054292548263, 21.590094934060385 ], [ -157.780956286262494, 21.544602923378356 ], [ -157.761936281424852, 21.52638491943496 ], [ -157.747256277799352, 21.515302917134008 ], [ -157.727729273670519, 21.519779918868352 ], [ -157.702618268113469, 21.518704919392945 ], [ -157.67778226204797, 21.501848915968672 ], [ -157.660954258167152, 21.496784915234464 ], [ -157.650554255460975, 21.485085912641196 ], [ -157.64075425250374, 21.462690907358798 ], [ -157.652156254164652, 21.439102901113436 ], [ -157.638556250414524, 21.417804896224563 ], [ -157.628457246725702, 21.376611886261006 ], [ -157.622257245224688, 21.372710885481382 ], [ -157.602304239731836, 21.341516878320398 ], [ -157.597293237536007, 21.310657870776925 ], [ -157.600927237351243, 21.2829148637427 ], [ -157.60769823835011, 21.269129860093628 ], [ -157.616136239894587, 21.260424857660144 ], [ -157.64586824571802, 21.240568851784193 ], [ -157.65348124698329, 21.229109848690427 ], [ -157.675782251334368, 21.213796844179598 ], [ -157.689383254154421, 21.209179842605749 ], [ -157.719706260815286, 21.209480841736827 ], [ -157.730914263378196, 21.212450842127698 ], [ -157.745316266862972, 21.221666843975065 ], [ -157.771412272092988, 21.207828839712928 ], [ -157.8102342802961, 21.19923383635944 ], [ -157.829098284490016, 21.200936836193762 ], [ -157.859072291490975, 21.213130838291935 ], [ -157.881334297303283, 21.239345844121384 ], [ -157.898661301477574, 21.249934846213673 ], [ -157.931460308604329, 21.2483348447835 ], [ -157.96356031597071, 21.257733846111865 ], [ -157.983360320033057, 21.250134843595973 ], [ -158.025660329227321, 21.248334841812436 ], [ -158.039053331974714, 21.243231840119481 ], [ -158.072484339241925, 21.241918838735362 ], [ -158.091591343275269, 21.237858837120555 ], [ -158.110082347290927, 21.237066836337732 ], [ -158.134765352880635, 21.242386836877841 ], [ -158.149259356387518, 21.251732838741539 ], [ -158.164359360434474, 21.272330843383141 ], [ -158.183258367239716, 21.345930861083573 ], [ -158.188758368719419, 21.353529862797799 ], [ -158.217757375463179, 21.364527864605353 ], [ -158.228857378296055, 21.375626867009963 ], [ -158.235557380265817, 21.389426870227048 ], [ -158.240057382058779, 21.411526875578929 ], [ -158.257649386419899, 21.425525878495296 ], [ -158.285940394064482, 21.465159887441555 ], [ -158.290270395409237, 21.475957889987491 ], [ -158.29016939615596, 21.496817895179287 ], [ -158.301358398603725, 21.496813894816814 ], [ -158.298658399043092, 21.52471390184413 ], [ -158.328657406394456, 21.545995906166656 ], [ -158.342156410025922, 21.564281910277355 ], [ -158.344655411274033, 21.583172914895535 ], [ -158.342154411023841, 21.591170916966519 ], [ -158.335053409967713, 21.604568920530724 ], [ -158.324252408016235, 21.615670923644338 ] ] ], [ [ [ -160.562733897579875, 21.708887870474811 ], [ -160.539503892744136, 21.712907872288469 ], [ -160.508796885740452, 21.703233871002812 ], [ -160.494150882071381, 21.690532868401931 ], [ -160.484969879352178, 21.672226864229696 ], [ -160.482480877882693, 21.649179858655746 ], [ -160.484929877731844, 21.632425854453484 ], [ -160.496248879618634, 21.618848850718486 ], [ -160.530834886340017, 21.601059845127082 ], [ -160.546221889621876, 21.600379844415745 ], [ -160.570733895147413, 21.60665984508946 ], [ -160.590753900195722, 21.62499584888052 ], [ -160.600370903249569, 21.649264854496391 ], [ -160.599772903868711, 21.667645859030024 ], [ -160.591874902911286, 21.685853863781411 ], [ -160.578270900570971, 21.700245867799545 ], [ -160.562733897579875, 21.708887870474811 ] ] ], [ [ [ -160.297287847128501, 21.87499592075627 ], [ -160.290366846211725, 21.889174924493325 ], [ -160.285902846042546, 21.908666929452075 ], [ -160.272566843981139, 21.928744934871208 ], [ -160.26473084257978, 21.935887936909282 ], [ -160.242666838137524, 21.943864939658535 ], [ -160.222727834672042, 21.964548945463793 ], [ -160.199505830333976, 21.98127395041104 ], [ -160.174016825237686, 21.991474953831105 ], [ -160.151438823174743, 22.060510971658555 ], [ -160.140421821314334, 22.073317975209875 ], [ -160.125007818296979, 22.081130977685934 ], [ -160.10031281300482, 22.082492978900252 ], [ -160.075154807330534, 22.076989978435972 ], [ -160.056727802985421, 22.068340976955227 ], [ -160.042222799075915, 22.04953397282738 ], [ -160.018293793096802, 22.030005968854184 ], [ -159.99721078700631, 21.992505960342722 ], [ -159.995630786243623, 21.982136957839199 ], [ -160.000004786622213, 21.968097954220188 ], [ -160.02750779108419, 21.931209944149259 ], [ -160.022428789190656, 21.911570939483209 ], [ -160.022913788685088, 21.896454935737374 ], [ -160.031037789349995, 21.869359928768962 ], [ -160.059413794530485, 21.845589921910658 ], [ -160.092987801157989, 21.82988791685997 ], [ -160.122020807235515, 21.824955914623406 ], [ -160.141944810495232, 21.799021907532392 ], [ -160.15528081168938, 21.75715089674943 ], [ -160.170315814228104, 21.739546891885954 ], [ -160.177327815581407, 21.735549890655466 ], [ -160.197997819813622, 21.729822888519273 ], [ -160.218306824156031, 21.728792887551858 ], [ -160.258937833490762, 21.742829889576811 ], [ -160.278216838254764, 21.757776892575727 ], [ -160.293458842441652, 21.779965897498496 ], [ -160.301539845165905, 21.804147903164463 ], [ -160.305012847612517, 21.845917913323269 ], [ -160.297287847128501, 21.87499592075627 ] ] ], [ [ [ -159.280922632030268, 22.008714989288528 ], [ -159.280101629780916, 21.956221976304466 ], [ -159.284359630094599, 21.940632972294967 ], [ -159.307983633981223, 21.908668963565475 ], [ -159.339760640023684, 21.886439956970786 ], [ -159.342336640338402, 21.880186955333851 ], [ -159.357784643129662, 21.865687951214188 ], [ -159.403905651952329, 21.834948942024315 ], [ -159.432858657688968, 21.820766937522283 ], [ -159.453744662111347, 21.817795936071064 ], [ -159.493494671196515, 21.829175937521967 ], [ -159.500005672783971, 21.833560938382941 ], [ -159.537659680991453, 21.834273937263827 ], [ -159.587912692346805, 21.845465938299242 ], [ -159.624774700285826, 21.843869936631581 ], [ -159.672946711977318, 21.874995942658156 ], [ -159.687893715856319, 21.890948946082741 ], [ -159.711719721689121, 21.907552949358845 ], [ -159.735849727109041, 21.912161949658444 ], [ -159.762080733417349, 21.927591952557552 ], [ -159.77527573639432, 21.930450952803788 ], [ -159.79360674074448, 21.939775954467883 ], [ -159.808610744525794, 21.952897957185538 ], [ -159.838589752924463, 21.999995967771948 ], [ -159.843614754014425, 21.999995967595673 ], [ -159.847764755258652, 22.008520969556276 ], [ -159.850964756704968, 22.027142974044953 ], [ -159.847128756913037, 22.052865980536016 ], [ -159.848129758069916, 22.076068986235043 ], [ -159.83772875654833, 22.094221991088066 ], [ -159.804899750668852, 22.124995999852437 ], [ -159.801117749847549, 22.124995999985629 ], [ -159.794011748694572, 22.13461800261528 ], [ -159.788831748604025, 22.160101009100174 ], [ -159.76341974428712, 22.189748017329954 ], [ -159.750005741765705, 22.199445020202226 ], [ -159.707997733190211, 22.213177025081041 ], [ -159.677257727069673, 22.227104029611148 ], [ -159.653459722600672, 22.244562034771626 ], [ -159.640007719893759, 22.249996036590773 ], [ -159.612957714908305, 22.27223104305012 ], [ -159.574888707052992, 22.282946047043716 ], [ -159.547447701080443, 22.283072048038996 ], [ -159.524659695808367, 22.275490046959462 ], [ -159.506831692206219, 22.282474049315812 ], [ -159.484048687379726, 22.285912050966601 ], [ -159.439775677564086, 22.281861051511633 ], [ -159.432760675879848, 22.278031050807027 ], [ -159.412418671879919, 22.288842054199328 ], [ -159.402925669875032, 22.290469054934562 ], [ -159.379794664539986, 22.283291053961356 ], [ -159.355692658732835, 22.269650051417283 ], [ -159.334257653928034, 22.266466051373612 ], [ -159.308803647712637, 22.249996048171742 ], [ -159.265522636423924, 22.203911038236249 ], [ -159.245784630637559, 22.166804029710278 ], [ -159.242618627763306, 22.111862016187107 ], [ -159.250005628275147, 22.084142009056198 ], [ -159.259017629795977, 22.072929005964784 ], [ -159.270373631012092, 22.041113997684146 ], [ -159.283716633025648, 22.018496991617663 ], [ -159.280922632030268, 22.008714989288528 ] ] ], [ [ [ -161.887581243384261, 23.110380164642269 ], [ -161.875006240277543, 23.101633162995178 ], [ -161.875006240088624, 23.097543161992469 ], [ -161.863008236939436, 23.085179159435299 ], [ -161.858890235267808, 23.068118155415224 ], [ -161.86077223457869, 23.044374149520497 ], [ -161.875006236480004, 23.019238142798834 ], [ -161.894225240156175, 23.009426139637132 ], [ -161.931903248055846, 23.005309137142827 ], [ -161.955177253228811, 23.009165137168676 ], [ -161.976067258468106, 23.025560140358621 ], [ -161.985451261200922, 23.041127143799944 ], [ -161.98724726230779, 23.056729147550108 ], [ -161.987561262985565, 23.069920150768645 ], [ -161.982530262894471, 23.091271156198275 ], [ -161.96545525986366, 23.104983160234887 ], [ -161.944668255719392, 23.111893162752338 ], [ -161.919446250398011, 23.113984164264274 ], [ -161.887581243384261, 23.110380164642269 ] ] ], [ [ [ -164.761151, 23.593499 ], [ -164.74006, 23.614394 ], [ -164.72463, 23.62107 ], [ -164.709793, 23.623234 ], [ -164.68263, 23.622806 ], [ -164.654083, 23.607069 ], [ -164.644609, 23.59454 ], [ -164.640019, 23.576111 ], [ -164.645348, 23.551514 ], [ -164.654024, 23.535221 ], [ -164.673322, 23.521085 ], [ -164.685218, 23.517149 ], [ -164.7013, 23.517002 ], [ -164.723041, 23.521757 ], [ -164.75, 23.536146 ], [ -164.75, 23.541069 ], [ -164.76261, 23.558509 ], [ -164.764911, 23.574951 ], [ -164.761151, 23.593499 ] ] ], [ [ [ -166.380463, 23.883978 ], [ -166.351371, 23.902858 ], [ -166.330052, 23.908292 ], [ -166.324743, 23.917954 ], [ -166.288366, 23.928977 ], [ -166.28801, 23.924172 ], [ -166.25, 23.92886 ], [ -166.25, 23.93243 ], [ -166.233064, 23.928491 ], [ -166.204276, 23.917214 ], [ -166.182347, 23.902325 ], [ -166.170447, 23.888452 ], [ -166.165936, 23.875 ], [ -166.168303, 23.875 ], [ -166.164839, 23.851018 ], [ -166.169739, 23.837422 ], [ -166.164856, 23.835407 ], [ -166.153478, 23.818941 ], [ -166.148171, 23.785479 ], [ -166.142592, 23.784371 ], [ -166.125, 23.766114 ], [ -166.125, 23.772907 ], [ -166.118499, 23.766669 ], [ -166.116662, 23.754222 ], [ -166.10678, 23.742522 ], [ -166.105881, 23.713536 ], [ -166.113494, 23.697148 ], [ -166.125, 23.686096 ], [ -166.125, 23.690139 ], [ -166.132954, 23.684703 ], [ -166.125, 23.670732 ], [ -166.11769, 23.664596 ], [ -166.113842, 23.652336 ], [ -166.113135, 23.636982 ], [ -166.117136, 23.625 ], [ -166.110682, 23.625 ], [ -166.116781, 23.611254 ], [ -166.125, 23.607113 ], [ -166.125, 23.609281 ], [ -166.151155, 23.590464 ], [ -166.172218, 23.58709 ], [ -166.194409, 23.589531 ], [ -166.211058, 23.59981 ], [ -166.224238, 23.614791 ], [ -166.228861, 23.625 ], [ -166.22484, 23.625 ], [ -166.232285, 23.64158 ], [ -166.223964, 23.672533 ], [ -166.205415, 23.691601 ], [ -166.222827, 23.704878 ], [ -166.226782, 23.727444 ], [ -166.25, 23.718171 ], [ -166.25, 23.713898 ], [ -166.265589, 23.71314 ], [ -166.28599, 23.71812 ], [ -166.315823, 23.74012 ], [ -166.323742, 23.770974 ], [ -166.313574, 23.803736 ], [ -166.322572, 23.799052 ], [ -166.336822, 23.79964 ], [ -166.356342, 23.805945 ], [ -166.369229, 23.815536 ], [ -166.375, 23.824624 ], [ -166.375, 23.821641 ], [ -166.378839, 23.823635 ], [ -166.384476, 23.831992 ], [ -166.386532, 23.846363 ], [ -166.380463, 23.883978 ] ] ], [ [ [ -165.930337, 53.818869 ], [ -165.97636, 53.771061 ], [ -166.002127, 53.757057 ], [ -166.027955, 53.75259 ], [ -166.035798, 53.746778 ], [ -166.046234, 53.745839 ], [ -166.064083, 53.732427 ], [ -166.081516, 53.725458 ], [ -166.089194, 53.709828 ], [ -166.098623, 53.699651 ], [ -166.124742, 53.691008 ], [ -166.131089, 53.683065 ], [ -166.148451, 53.671902 ], [ -166.174938, 53.659778 ], [ -166.21012, 53.654642 ], [ -166.221106, 53.645326 ], [ -166.271607, 53.629661 ], [ -166.295591, 53.626253 ], [ -166.330135, 53.614693 ], [ -166.344447, 53.614623 ], [ -166.360468, 53.605582 ], [ -166.378655, 53.602141 ], [ -166.522294, 53.493288 ], [ -166.542131, 53.482384 ], [ -166.581176, 53.472544 ], [ -166.580794, 53.465048 ], [ -166.589217, 53.457159 ], [ -166.70179, 53.402033 ], [ -166.724799, 53.394204 ], [ -166.741216, 53.391717 ], [ -166.760267, 53.394739 ], [ -166.788669, 53.383888 ], [ -166.803531, 53.381554 ], [ -166.820101, 53.384811 ], [ -166.882904, 53.377568 ], [ -166.927364, 53.385134 ], [ -166.955935, 53.375261 ], [ -166.989565, 53.373246 ], [ -167.016086, 53.375785 ], [ -167.036259, 53.381758 ], [ -167.055029, 53.372418 ], [ -167.072486, 53.372737 ], [ -167.090735, 53.367136 ], [ -167.106758, 53.366991 ], [ -167.219879, 53.325512 ], [ -167.219103, 53.321278 ], [ -167.225725, 53.310833 ], [ -167.255145, 53.28733 ], [ -167.287372, 53.275954 ], [ -167.328174, 53.271589 ], [ -167.364381, 53.276505 ], [ -167.386372, 53.260944 ], [ -167.396809, 53.256762 ], [ -167.404182, 53.258002 ], [ -167.406396, 53.249799 ], [ -167.448576, 53.213919 ], [ -167.522141, 53.186009 ], [ -167.592511, 53.174046 ], [ -167.669278, 53.17205 ], [ -167.76844, 53.182015 ], [ -167.829213, 53.191981 ], [ -167.870794, 53.205933 ], [ -168.01052, 53.220269 ], [ -168.02627, 53.226137 ], [ -168.044049, 53.244187 ], [ -168.068937, 53.229699 ], [ -168.132158, 53.219282 ], [ -168.136816, 53.213833 ], [ -168.15696, 53.20431 ], [ -168.15107, 53.190514 ], [ -168.15522, 53.177244 ], [ -168.169901, 53.158595 ], [ -168.216325, 53.14137 ], [ -168.251243, 53.138691 ], [ -168.257713, 53.141895 ], [ -168.272426, 53.125503 ], [ -168.281674, 53.121413 ], [ -168.291501, 53.10525 ], [ -168.302489, 53.096146 ], [ -168.320008, 53.085904 ], [ -168.333987, 53.083187 ], [ -168.322174, 53.068643 ], [ -168.320494, 53.050071 ], [ -168.329498, 53.037266 ], [ -168.340882, 53.030047 ], [ -168.319271, 53.009241 ], [ -168.312586, 52.988951 ], [ -168.314844, 52.982146 ], [ -168.325342, 52.96654 ], [ -168.337155, 52.956925 ], [ -168.353574, 52.948171 ], [ -168.373084, 52.947028 ], [ -168.376435, 52.941463 ], [ -168.402684, 52.929253 ], [ -168.430917, 52.921842 ], [ -168.455213, 52.923405 ], [ -168.476273, 52.919483 ], [ -168.522027, 52.933733 ], [ -168.544797, 52.946712 ], [ -168.557114, 52.95822 ], [ -168.564697, 52.951465 ], [ -168.585177, 52.946496 ], [ -168.592013, 52.937446 ], [ -168.604419, 52.935414 ], [ -168.602482, 52.923413 ], [ -168.609685, 52.915729 ], [ -168.648294, 52.898687 ], [ -168.675826, 52.894764 ], [ -168.673261, 52.891918 ], [ -168.676496, 52.886416 ], [ -168.689986, 52.87574 ], [ -168.743002, 52.854731 ], [ -168.76922, 52.852676 ], [ -168.82705, 52.85839 ], [ -168.849464, 52.840921 ], [ -168.875164, 52.830619 ], [ -168.90358, 52.827206 ], [ -168.951376, 52.807501 ], [ -168.977656, 52.805631 ], [ -169.006222, 52.785561 ], [ -169.030061, 52.779402 ], [ -169.066077, 52.77602 ], [ -169.079385, 52.777966 ], [ -169.081705, 52.771227 ], [ -169.140733, 52.741015 ], [ -169.188837, 52.724699 ], [ -169.228058, 52.71461 ], [ -169.267617, 52.716279 ], [ -169.291456, 52.722648 ], [ -169.310724, 52.732847 ], [ -169.319661, 52.739541 ], [ -169.326592, 52.753542 ], [ -169.326318, 52.765376 ], [ -169.320551, 52.78372 ], [ -169.312005, 52.796486 ], [ -169.294273, 52.811626 ], [ -169.263506, 52.826011 ], [ -169.188212, 52.85067 ], [ -169.22676, 52.861182 ], [ -169.243152, 52.871398 ], [ -169.255424, 52.884499 ], [ -169.259485, 52.899721 ], [ -169.258846, 52.913281 ], [ -169.254085, 52.924292 ], [ -169.23388, 52.945895 ], [ -169.197133, 52.964882 ], [ -169.129524, 52.962887 ], [ -169.109409, 52.95839 ], [ -169.09485, 52.969306 ], [ -169.065733, 52.981287 ], [ -169.023337, 52.987051 ], [ -169.000092, 52.982799 ], [ -169.003346, 52.996552 ], [ -168.999471, 53.010608 ], [ -168.992147, 53.024091 ], [ -168.965352, 53.050747 ], [ -168.952807, 53.05821 ], [ -168.928176, 53.066011 ], [ -168.90559, 53.065532 ], [ -168.872783, 53.081724 ], [ -168.8907, 53.108547 ], [ -168.890579, 53.123877 ], [ -168.8806, 53.140947 ], [ -168.883072, 53.150172 ], [ -168.859449, 53.188152 ], [ -168.832071, 53.207392 ], [ -168.819434, 53.221677 ], [ -168.806462, 53.230606 ], [ -168.781372, 53.24065 ], [ -168.739798, 53.271481 ], [ -168.717605, 53.279854 ], [ -168.699054, 53.280371 ], [ -168.689337, 53.303273 ], [ -168.66687, 53.315224 ], [ -168.504296, 53.362889 ], [ -168.488454, 53.375425 ], [ -168.477602, 53.378691 ], [ -168.486837, 53.390144 ], [ -168.49636, 53.421076 ], [ -168.476672, 53.450596 ], [ -168.456374, 53.468085 ], [ -168.42524, 53.486313 ], [ -168.415259, 53.509447 ], [ -168.396366, 53.519405 ], [ -168.364011, 53.530331 ], [ -168.35171, 53.530262 ], [ -168.334434, 53.538671 ], [ -168.318174, 53.539505 ], [ -168.309131, 53.555609 ], [ -168.284012, 53.571137 ], [ -168.250285, 53.577699 ], [ -168.185396, 53.598652 ], [ -168.162902, 53.597867 ], [ -168.151517, 53.603932 ], [ -168.080342, 53.620491 ], [ -168.062763, 53.618615 ], [ -168.04033, 53.610276 ], [ -167.992352, 53.614955 ], [ -167.948346, 53.610386 ], [ -167.925641, 53.601948 ], [ -167.901349, 53.587483 ], [ -167.885136, 53.571419 ], [ -167.875044, 53.56905 ], [ -167.804239, 53.571807 ], [ -167.762306, 53.568024 ], [ -167.7309, 53.556427 ], [ -167.718226, 53.548623 ], [ -167.698213, 53.524223 ], [ -167.695985, 53.514609 ], [ -167.701143, 53.487629 ], [ -167.710542, 53.473124 ], [ -167.730625, 53.450867 ], [ -167.761228, 53.431612 ], [ -167.752427, 53.421512 ], [ -167.727724, 53.434027 ], [ -167.648125, 53.442094 ], [ -167.60802, 53.458057 ], [ -167.581771, 53.459233 ], [ -167.555203, 53.465421 ], [ -167.55418, 53.469328 ], [ -167.542094, 53.47853 ], [ -167.50266, 53.495318 ], [ -167.48273, 53.497615 ], [ -167.444153, 53.493328 ], [ -167.42239, 53.498127 ], [ -167.411832, 53.515333 ], [ -167.392666, 53.528259 ], [ -167.360468, 53.54007 ], [ -167.341149, 53.543595 ], [ -167.296282, 53.539731 ], [ -167.23038, 53.566734 ], [ -167.23937, 53.583249 ], [ -167.247031, 53.614692 ], [ -167.244377, 53.629418 ], [ -167.233848, 53.644112 ], [ -167.215232, 53.658204 ], [ -167.155683, 53.67834 ], [ -167.15679, 53.687259 ], [ -167.153922, 53.693622 ], [ -167.138205, 53.709423 ], [ -167.164881, 53.773842 ], [ -167.218079, 53.801776 ], [ -167.234071, 53.814243 ], [ -167.233553, 53.825795 ], [ -167.243503, 53.842619 ], [ -167.242893, 53.854673 ], [ -167.230077, 53.888252 ], [ -167.212073, 53.900581 ], [ -167.176297, 53.911854 ], [ -167.17417, 53.932115 ], [ -167.160743, 53.953897 ], [ -167.14463, 53.963213 ], [ -167.106024, 53.975259 ], [ -167.095698, 53.975854 ], [ -167.091529, 53.98594 ], [ -167.076637, 53.998322 ], [ -167.053993, 54.008613 ], [ -167.024696, 54.014884 ], [ -167.009098, 54.015051 ], [ -167.001806, 54.02107 ], [ -166.988684, 54.023946 ], [ -166.936528, 54.027156 ], [ -166.910406, 54.040017 ], [ -166.880041, 54.04499 ], [ -166.820198, 54.048041 ], [ -166.814856, 54.053454 ], [ -166.785194, 54.065979 ], [ -166.755805, 54.068824 ], [ -166.511146, 54.05779 ], [ -166.354438, 54.06111 ], [ -166.305071, 54.051056 ], [ -166.287282, 54.038216 ], [ -166.286412, 54.033731 ], [ -166.261562, 54.035073 ], [ -166.243221, 54.030232 ], [ -166.225647, 54.041993 ], [ -166.208071, 54.047974 ], [ -166.180793, 54.050882 ], [ -166.140833, 54.046933 ], [ -166.140534, 54.057132 ], [ -166.17225, 54.075187 ], [ -166.182107, 54.090499 ], [ -166.199012, 54.103513 ], [ -166.20243, 54.119824 ], [ -166.199075, 54.135541 ], [ -166.192668, 54.145474 ], [ -166.184134, 54.150927 ], [ -166.183759, 54.16113 ], [ -166.173508, 54.173344 ], [ -166.17183, 54.184872 ], [ -166.165117, 54.195088 ], [ -166.137536, 54.214253 ], [ -166.120662, 54.223141 ], [ -166.068456, 54.239919 ], [ -166.06106, 54.249428 ], [ -166.033944, 54.260954 ], [ -166.002769, 54.264829 ], [ -165.987658, 54.270804 ], [ -165.93722, 54.276985 ], [ -165.908049, 54.274445 ], [ -165.888153, 54.267411 ], [ -165.836642, 54.25822 ], [ -165.789147, 54.239138 ], [ -165.769002, 54.239179 ], [ -165.767307, 54.25523 ], [ -165.743352, 54.288891 ], [ -165.725162, 54.306271 ], [ -165.69617, 54.332234 ], [ -165.68256, 54.339345 ], [ -165.65555, 54.347051 ], [ -165.624026, 54.349356 ], [ -165.594209, 54.346563 ], [ -165.578685, 54.341436 ], [ -165.542023, 54.348715 ], [ -165.498962, 54.349119 ], [ -165.462493, 54.346822 ], [ -165.431334, 54.340687 ], [ -165.406766, 54.326678 ], [ -165.389095, 54.299328 ], [ -165.386348, 54.291462 ], [ -165.388479, 54.288134 ], [ -165.358637, 54.266047 ], [ -165.345177, 54.251033 ], [ -165.263023, 54.236544 ], [ -165.241416, 54.22586 ], [ -165.232074, 54.21652 ], [ -165.232045, 54.1957 ], [ -165.242817, 54.177874 ], [ -165.258899, 54.166831 ], [ -165.279133, 54.15841 ], [ -165.319019, 54.149189 ], [ -165.320971, 54.144534 ], [ -165.271171, 54.144131 ], [ -165.243823, 54.15929 ], [ -165.203937, 54.16596 ], [ -165.186573, 54.174316 ], [ -165.150257, 54.180523 ], [ -165.066871, 54.180086 ], [ -165.063494, 54.186731 ], [ -165.031512, 54.208878 ], [ -164.97497, 54.214884 ], [ -164.966203, 54.226426 ], [ -164.911241, 54.254688 ], [ -164.805369, 54.282392 ], [ -164.758529, 54.278177 ], [ -164.729262, 54.271937 ], [ -164.708906, 54.264018 ], [ -164.687755, 54.250118 ], [ -164.680643, 54.232174 ], [ -164.682382, 54.201862 ], [ -164.692056, 54.182185 ], [ -164.714485, 54.166117 ], [ -164.753962, 54.154892 ], [ -164.762948, 54.143546 ], [ -164.776193, 54.135855 ], [ -164.817363, 54.133388 ], [ -164.82194, 54.130809 ], [ -164.831033, 54.110217 ], [ -164.83674, 54.104647 ], [ -164.841194, 54.090243 ], [ -164.846047, 54.083254 ], [ -164.865561, 54.075286 ], [ -164.868691, 54.071313 ], [ -164.867622, 54.064242 ], [ -164.881048, 54.043429 ], [ -164.922796, 54.028475 ], [ -164.964454, 54.025072 ], [ -165.027259, 54.012943 ], [ -165.05156, 54.01479 ], [ -165.08213, 54.011826 ], [ -165.15995, 54.019162 ], [ -165.184461, 54.01701 ], [ -165.197211, 54.00913 ], [ -165.221059, 54.003019 ], [ -165.269632, 53.980731 ], [ -165.302878, 53.980735 ], [ -165.357363, 54.002834 ], [ -165.380965, 54.016436 ], [ -165.403066, 54.017135 ], [ -165.413251, 54.008306 ], [ -165.468622, 53.9864 ], [ -165.519767, 53.97206 ], [ -165.563239, 53.967282 ], [ -165.606712, 53.976843 ], [ -165.632287, 53.99756 ], [ -165.647175, 54.016966 ], [ -165.657173, 54.036336 ], [ -165.702672, 54.034136 ], [ -165.717517, 54.025091 ], [ -165.750107, 54.016607 ], [ -165.788966, 54.016236 ], [ -165.828073, 53.978227 ], [ -165.886883, 53.97026 ], [ -165.961086, 53.916243 ], [ -165.955916, 53.901738 ], [ -165.938014, 53.884205 ], [ -165.92267, 53.845957 ], [ -165.930337, 53.818869 ] ] ], [ [ [ -162.965723, 54.437275 ], [ -162.964594, 54.446247 ], [ -162.958461, 54.45641 ], [ -162.93558, 54.47772 ], [ -162.940243, 54.484334 ], [ -162.944821, 54.505376 ], [ -162.93884, 54.521145 ], [ -162.924986, 54.533581 ], [ -162.906828, 54.544005 ], [ -162.880706, 54.553213 ], [ -162.844328, 54.553076 ], [ -162.824492, 54.549254 ], [ -162.799581, 54.539522 ], [ -162.770016, 54.537848 ], [ -162.733088, 54.526588 ], [ -162.722529, 54.529807 ], [ -162.691583, 54.526388 ], [ -162.663749, 54.512794 ], [ -162.635947, 54.511824 ], [ -162.610573, 54.500422 ], [ -162.600087, 54.505447 ], [ -162.582692, 54.505767 ], [ -162.545184, 54.497025 ], [ -162.507919, 54.48198 ], [ -162.505723, 54.47802 ], [ -162.47606, 54.479127 ], [ -162.44194, 54.475336 ], [ -162.422835, 54.468484 ], [ -162.411667, 54.459125 ], [ -162.395613, 54.464265 ], [ -162.354352, 54.456691 ], [ -162.277751, 54.419368 ], [ -162.248209, 54.399265 ], [ -162.241464, 54.388583 ], [ -162.238381, 54.369921 ], [ -162.250159, 54.346743 ], [ -162.262092, 54.338426 ], [ -162.282203, 54.330965 ], [ -162.337409, 54.32573 ], [ -162.358961, 54.328523 ], [ -162.404304, 54.305792 ], [ -162.429359, 54.298514 ], [ -162.462624, 54.296468 ], [ -162.477061, 54.298921 ], [ -162.492287, 54.293828 ], [ -162.526588, 54.257984 ], [ -162.546943, 54.24802 ], [ -162.563147, 54.243579 ], [ -162.591835, 54.243998 ], [ -162.623362, 54.252517 ], [ -162.630441, 54.249254 ], [ -162.652109, 54.248255 ], [ -162.659891, 54.242281 ], [ -162.700084, 54.237969 ], [ -162.726483, 54.242065 ], [ -162.746594, 54.252648 ], [ -162.768203, 54.27044 ], [ -162.77997, 54.293215 ], [ -162.798418, 54.298249 ], [ -162.81792, 54.31482 ], [ -162.850729, 54.322503 ], [ -162.875174, 54.339016 ], [ -162.890067, 54.330766 ], [ -162.921987, 54.32602 ], [ -162.952627, 54.32573 ], [ -162.983266, 54.337776 ], [ -163.004751, 54.35158 ], [ -163.013968, 54.367083 ], [ -163.013694, 54.385087 ], [ -163.008446, 54.400172 ], [ -162.99505, 54.41479 ], [ -162.959878, 54.428017 ], [ -162.965723, 54.437275 ] ] ], [ [ [ -159.854642, 54.864402 ], [ -159.761051, 54.891324 ], [ -159.729289, 54.894163 ], [ -159.681326, 54.887434 ], [ -159.636302, 54.871797 ], [ -159.601897, 54.881887 ], [ -159.572628, 54.883734 ], [ -159.556116, 54.880262 ], [ -159.497605, 54.855459 ], [ -159.440646, 54.817541 ], [ -159.416772, 54.792197 ], [ -159.416439, 54.782003 ], [ -159.425227, 54.76 ], [ -159.442866, 54.738401 ], [ -159.469294, 54.720968 ], [ -159.502896, 54.709004 ], [ -159.547872, 54.699296 ], [ -159.566099, 54.703488 ], [ -159.600432, 54.703961 ], [ -159.624756, 54.707921 ], [ -159.652435, 54.717778 ], [ -159.66919, 54.733518 ], [ -159.688578, 54.765596 ], [ -159.74679, 54.742672 ], [ -159.765405, 54.739772 ], [ -159.8135, 54.740418 ], [ -159.835076, 54.74546 ], [ -159.87893, 54.776815 ], [ -159.899621, 54.794308 ], [ -159.91167, 54.809288 ], [ -159.905788, 54.822781 ], [ -159.88583, 54.847189 ], [ -159.854642, 54.864402 ] ] ], [ [ [ -162.763395, 54.855217 ], [ -162.743205, 54.857851 ], [ -162.71528, 54.856677 ], [ -162.682692, 54.848519 ], [ -162.66175, 54.835569 ], [ -162.642431, 54.812926 ], [ -162.637688, 54.801121 ], [ -162.644046, 54.789099 ], [ -162.677799, 54.762716 ], [ -162.70676, 54.754987 ], [ -162.740178, 54.753102 ], [ -162.783454, 54.765285 ], [ -162.807411, 54.779871 ], [ -162.817819, 54.799439 ], [ -162.81901, 54.811158 ], [ -162.806956, 54.829522 ], [ -162.780742, 54.847741 ], [ -162.763395, 54.855217 ] ] ], [ [ [ -161.139789, 55.204028 ], [ -161.09164, 55.208178 ], [ -161.062748, 55.206796 ], [ -161.043863, 55.201088 ], [ -161.007495, 55.170599 ], [ -161.005419, 55.163466 ], [ -161.008562, 55.150907 ], [ -161.019971, 55.129239 ], [ -161.05893, 55.11177 ], [ -161.084405, 55.104767 ], [ -161.112687, 55.105005 ], [ -161.151562, 55.11513 ], [ -161.177013, 55.130647 ], [ -161.188978, 55.145395 ], [ -161.194534, 55.159004 ], [ -161.192704, 55.164688 ], [ -161.175006, 55.184381 ], [ -161.139789, 55.204028 ] ] ], [ [ [ -163.267135, 55.466784 ], [ -163.2715, 55.477015 ], [ -163.265733, 55.499178 ], [ -163.242512, 55.517718 ], [ -163.190419, 55.530558 ], [ -163.156606, 55.531053 ], [ -163.136534, 55.525024 ], [ -163.101369, 55.506074 ], [ -163.094013, 55.497072 ], [ -163.076008, 55.488687 ], [ -163.033158, 55.442765 ], [ -163.027938, 55.42083 ], [ -163.034499, 55.403702 ], [ -163.049207, 55.38195 ], [ -163.070964, 55.361327 ], [ -163.106883, 55.34883 ], [ -163.131999, 55.343793 ], [ -163.153941, 55.343123 ], [ -163.179789, 55.347319 ], [ -163.235362, 55.366112 ], [ -163.247051, 55.374497 ], [ -163.262371, 55.394197 ], [ -163.271924, 55.423852 ], [ -163.270887, 55.431718 ], [ -163.259079, 55.449518 ], [ -163.252129, 55.453824 ], [ -163.267135, 55.466784 ] ] ], [ [ [ -155.606884, 55.93068 ], [ -155.53824, 55.925467 ], [ -155.474353, 55.913594 ], [ -155.453119, 55.883916 ], [ -155.474505, 55.848301 ], [ -155.485224, 55.818623 ], [ -155.474669, 55.777074 ], [ -155.474751, 55.741459 ], [ -155.528092, 55.705848 ], [ -155.581366, 55.699912 ], [ -155.719822, 55.711786 ], [ -155.794349, 55.729594 ], [ -155.826241, 55.759274 ], [ -155.836841, 55.783015 ], [ -155.8368, 55.800824 ], [ -155.826107, 55.81863 ], [ -155.804761, 55.836437 ], [ -155.751457, 55.854242 ], [ -155.676765, 55.907663 ], [ -155.6341, 55.925471 ], [ -155.606884, 55.93068 ] ] ], [ [ [ -156.878042, 56.223304 ], [ -156.880713, 56.232287 ], [ -156.872228, 56.247023 ], [ -156.841994, 56.27008 ], [ -156.819982, 56.276518 ], [ -156.770234, 56.279793 ], [ -156.728907, 56.273984 ], [ -156.707394, 56.267426 ], [ -156.690626, 56.257249 ], [ -156.678005, 56.23988 ], [ -156.673253, 56.224077 ], [ -156.660096, 56.214993 ], [ -156.651112, 56.20096 ], [ -156.649388, 56.184196 ], [ -156.65377, 56.167594 ], [ -156.675867, 56.152499 ], [ -156.671961, 56.148351 ], [ -156.626815, 56.140192 ], [ -156.609848, 56.132149 ], [ -156.602294, 56.126971 ], [ -156.58933, 56.109275 ], [ -156.556048, 56.090162 ], [ -156.550152, 56.076641 ], [ -156.550293, 56.064302 ], [ -156.553427, 56.058411 ], [ -156.547417, 56.048643 ], [ -156.548042, 56.038617 ], [ -156.553324, 56.027075 ], [ -156.611958, 55.982919 ], [ -156.647785, 55.962302 ], [ -156.675427, 55.95677 ], [ -156.764, 55.953001 ], [ -156.793074, 55.955792 ], [ -156.822209, 55.967556 ], [ -156.83339, 55.984214 ], [ -156.83209, 55.996154 ], [ -156.826412, 56.007578 ], [ -156.83812, 56.012684 ], [ -156.844914, 56.022111 ], [ -156.846528, 56.030229 ], [ -156.845373, 56.040272 ], [ -156.835352, 56.060236 ], [ -156.820083, 56.070562 ], [ -156.821064, 56.088184 ], [ -156.81717, 56.104096 ], [ -156.852863, 56.109374 ], [ -156.883602, 56.12284 ], [ -156.897385, 56.137705 ], [ -156.903153, 56.155053 ], [ -156.902033, 56.165445 ], [ -156.89677, 56.173523 ], [ -156.900164, 56.191611 ], [ -156.898003, 56.201661 ], [ -156.891165, 56.212563 ], [ -156.878042, 56.223304 ] ] ], [ [ [ -154.915559, 57.349873 ], [ -154.888628, 57.381918 ], [ -154.815397, 57.412787 ], [ -154.816929, 57.424253 ], [ -154.790158, 57.461417 ], [ -154.765884, 57.480952 ], [ -154.752776, 57.487178 ], [ -154.745672, 57.507105 ], [ -154.722966, 57.527955 ], [ -154.703145, 57.542016 ], [ -154.671568, 57.557147 ], [ -154.625182, 57.572904 ], [ -154.616344, 57.593771 ], [ -154.606884, 57.603253 ], [ -154.572729, 57.62059 ], [ -154.510507, 57.632033 ], [ -154.480937, 57.631856 ], [ -154.439095, 57.668493 ], [ -154.407011, 57.690525 ], [ -154.32974, 57.693178 ], [ -154.266241, 57.715952 ], [ -154.240065, 57.715467 ], [ -154.128419, 57.770665 ], [ -154.105895, 57.788574 ], [ -154.003795, 57.850253 ], [ -153.978253, 57.861473 ], [ -153.968593, 57.874898 ], [ -153.943451, 57.885667 ], [ -153.941497, 57.900429 ], [ -153.932275, 57.909199 ], [ -153.917133, 57.916559 ], [ -153.870567, 57.928779 ], [ -153.824589, 57.92701 ], [ -153.786622, 57.917712 ], [ -153.744876, 57.940008 ], [ -153.634354, 57.971368 ], [ -153.554462, 58.002816 ], [ -153.480194, 58.018844 ], [ -153.496699, 58.027755 ], [ -153.504763, 58.040328 ], [ -153.506579, 58.066226 ], [ -153.500135, 58.079555 ], [ -153.470198, 58.108699 ], [ -153.431014, 58.128194 ], [ -153.406417, 58.151457 ], [ -153.367469, 58.179292 ], [ -153.314674, 58.193012 ], [ -153.288207, 58.225534 ], [ -153.271346, 58.238487 ], [ -153.200035, 58.266252 ], [ -153.185324, 58.282972 ], [ -153.123069, 58.330216 ], [ -152.922284, 58.472185 ], [ -152.900702, 58.483989 ], [ -152.880859, 58.489791 ], [ -152.861747, 58.520049 ], [ -152.846898, 58.531501 ], [ -152.819689, 58.542675 ], [ -152.775121, 58.549412 ], [ -152.773066, 58.574225 ], [ -152.767549, 58.5866 ], [ -152.734629, 58.611092 ], [ -152.732941, 58.622441 ], [ -152.719078, 58.63538 ], [ -152.698413, 58.648644 ], [ -152.61001, 58.692279 ], [ -152.574597, 58.725328 ], [ -152.545567, 58.742446 ], [ -152.497313, 58.755324 ], [ -152.473569, 58.757258 ], [ -152.43454, 58.750777 ], [ -152.409183, 58.741861 ], [ -152.392986, 58.730459 ], [ -152.38077, 58.711269 ], [ -152.384799, 58.690424 ], [ -152.342634, 58.701379 ], [ -152.312588, 58.700448 ], [ -152.247712, 58.680728 ], [ -152.21294, 58.648633 ], [ -152.21163, 58.637227 ], [ -152.18932, 58.620255 ], [ -152.18086, 58.60583 ], [ -152.179034, 58.593441 ], [ -152.182827, 58.573973 ], [ -152.153662, 58.573353 ], [ -152.113481, 58.561664 ], [ -152.092474, 58.549103 ], [ -152.065493, 58.52676 ], [ -152.060881, 58.50083 ], [ -152.067812, 58.48861 ], [ -152.079824, 58.478592 ], [ -152.116252, 58.462706 ], [ -152.144364, 58.457706 ], [ -152.181929, 58.457862 ], [ -152.18205, 58.451952 ], [ -152.103312, 58.447211 ], [ -152.071909, 58.440027 ], [ -152.051984, 58.431258 ], [ -152.024262, 58.412618 ], [ -151.962483, 58.399997 ], [ -151.932291, 58.390667 ], [ -151.895216, 58.371705 ], [ -151.854532, 58.391451 ], [ -151.823971, 58.398881 ], [ -151.794995, 58.400596 ], [ -151.750493, 58.394655 ], [ -151.728693, 58.386212 ], [ -151.712804, 58.37398 ], [ -151.704027, 58.357336 ], [ -151.702267, 58.341499 ], [ -151.707285, 58.331345 ], [ -151.736042, 58.311824 ], [ -151.755183, 58.303397 ], [ -151.725242, 58.287543 ], [ -151.696583, 58.259775 ], [ -151.690505, 58.235134 ], [ -151.701425, 58.222508 ], [ -151.698313, 58.215433 ], [ -151.706604, 58.187821 ], [ -151.734634, 58.156776 ], [ -151.76402, 58.136626 ], [ -151.782174, 58.12876 ], [ -151.841674, 58.113143 ], [ -151.861054, 58.110604 ], [ -151.884181, 58.112956 ], [ -151.933993, 58.125717 ], [ -151.945374, 58.132442 ], [ -151.966392, 58.153742 ], [ -152.033519, 58.111781 ], [ -152.055267, 58.104534 ], [ -152.260737, 58.073357 ], [ -152.292601, 58.055851 ], [ -152.31231, 58.049636 ], [ -152.344954, 58.048003 ], [ -152.382574, 58.052388 ], [ -152.404233, 58.059237 ], [ -152.453348, 58.059287 ], [ -152.474517, 58.045427 ], [ -152.458901, 58.046296 ], [ -152.414453, 58.036577 ], [ -152.380167, 58.018449 ], [ -152.358714, 58.014012 ], [ -152.333417, 58.001871 ], [ -152.311708, 57.976571 ], [ -152.297088, 57.972375 ], [ -152.281643, 57.974924 ], [ -152.265633, 57.971139 ], [ -152.235584, 57.949935 ], [ -152.220211, 57.930223 ], [ -152.228865, 57.904483 ], [ -152.255904, 57.869292 ], [ -152.255231, 57.86627 ], [ -152.226553, 57.857324 ], [ -152.18238, 57.849947 ], [ -152.161118, 57.842956 ], [ -152.137954, 57.829809 ], [ -152.121012, 57.804572 ], [ -152.07979, 57.686297 ], [ -152.046099, 57.665356 ], [ -152.034856, 57.653319 ], [ -152.031006, 57.628631 ], [ -152.053479, 57.603653 ], [ -152.051257, 57.595445 ], [ -152.056418, 57.57951 ], [ -152.063498, 57.571205 ], [ -152.096263, 57.552552 ], [ -152.125116, 57.531357 ], [ -152.152644, 57.518606 ], [ -152.222437, 57.475299 ], [ -152.216486, 57.438229 ], [ -152.182366, 57.424804 ], [ -152.156516, 57.405855 ], [ -152.159698, 57.380412 ], [ -152.186344, 57.353181 ], [ -152.227391, 57.332038 ], [ -152.258481, 57.323429 ], [ -152.314917, 57.318585 ], [ -152.337676, 57.32158 ], [ -152.383147, 57.335407 ], [ -152.395494, 57.345524 ], [ -152.402089, 57.356302 ], [ -152.402089, 57.380344 ], [ -152.415584, 57.38447 ], [ -152.526011, 57.329367 ], [ -152.537667, 57.300752 ], [ -152.642719, 57.235372 ], [ -152.676554, 57.22727 ], [ -152.701815, 57.224888 ], [ -152.835629, 57.217365 ], [ -152.798842, 57.201808 ], [ -152.785206, 57.192457 ], [ -152.779173, 57.182166 ], [ -152.774367, 57.160559 ], [ -152.77738, 57.14145 ], [ -152.792947, 57.122877 ], [ -152.834162, 57.094425 ], [ -152.876864, 57.078842 ], [ -152.904336, 57.07238 ], [ -152.938004, 57.066172 ], [ -153.001222, 57.064401 ], [ -153.098289, 57.040313 ], [ -153.104627, 57.028109 ], [ -153.111419, 57.022506 ], [ -153.110449, 57.011579 ], [ -153.121518, 57.00153 ], [ -153.146831, 56.987484 ], [ -153.169128, 56.967034 ], [ -153.205548, 56.953218 ], [ -153.238783, 56.952319 ], [ -153.274315, 56.94273 ], [ -153.32, 56.940938 ], [ -153.357708, 56.949962 ], [ -153.387966, 56.948279 ], [ -153.404529, 56.950773 ], [ -153.439189, 56.963958 ], [ -153.449095, 56.97081 ], [ -153.45905, 56.963803 ], [ -153.457681, 56.956001 ], [ -153.462845, 56.947741 ], [ -153.476856, 56.941319 ], [ -153.454616, 56.926425 ], [ -153.449427, 56.913399 ], [ -153.450947, 56.90034 ], [ -153.462565, 56.885503 ], [ -153.488701, 56.863668 ], [ -153.501321, 56.856673 ], [ -153.5231, 56.852524 ], [ -153.544543, 56.842366 ], [ -153.599585, 56.833926 ], [ -153.61518, 56.834385 ], [ -153.648649, 56.804181 ], [ -153.666038, 56.794844 ], [ -153.69455, 56.785642 ], [ -153.719091, 56.778713 ], [ -153.760419, 56.776474 ], [ -153.749654, 56.759082 ], [ -153.747553, 56.745044 ], [ -153.769789, 56.711807 ], [ -153.78354, 56.697564 ], [ -153.800432, 56.689928 ], [ -153.834947, 56.688046 ], [ -153.857415, 56.676413 ], [ -153.890075, 56.671708 ], [ -153.902636, 56.653342 ], [ -153.919919, 56.642539 ], [ -153.957047, 56.633318 ], [ -153.99976, 56.634951 ], [ -153.986319, 56.625872 ], [ -153.98212, 56.609011 ], [ -153.905133, 56.611576 ], [ -153.883365, 56.618683 ], [ -153.842106, 56.620565 ], [ -153.790896, 56.610105 ], [ -153.76494, 56.588083 ], [ -153.758232, 56.56849 ], [ -153.762432, 56.556745 ], [ -153.806605, 56.50936 ], [ -153.824715, 56.497126 ], [ -153.848849, 56.486046 ], [ -153.881208, 56.477478 ], [ -153.904671, 56.46198 ], [ -153.91908, 56.456987 ], [ -153.936276, 56.453461 ], [ -153.959641, 56.455147 ], [ -153.981001, 56.45109 ], [ -154.057878, 56.448434 ], [ -154.081452, 56.45196 ], [ -154.105404, 56.450077 ], [ -154.153344, 56.46005 ], [ -154.188188, 56.448956 ], [ -154.233608, 56.443474 ], [ -154.275042, 56.446627 ], [ -154.340563, 56.464402 ], [ -154.356012, 56.453946 ], [ -154.378345, 56.446094 ], [ -154.403176, 56.441668 ], [ -154.429877, 56.441143 ], [ -154.452603, 56.443239 ], [ -154.498209, 56.455784 ], [ -154.58199, 56.426811 ], [ -154.628878, 56.386089 ], [ -154.657101, 56.373231 ], [ -154.689036, 56.362701 ], [ -154.725732, 56.355219 ], [ -154.763299, 56.354692 ], [ -154.794933, 56.359288 ], [ -154.862939, 56.383851 ], [ -154.873007, 56.392559 ], [ -154.881702, 56.401395 ], [ -154.893089, 56.422861 ], [ -154.893847, 56.444724 ], [ -154.886688, 56.455741 ], [ -154.861383, 56.475348 ], [ -154.854569, 56.486991 ], [ -154.820897, 56.511544 ], [ -154.812367, 56.523827 ], [ -154.758106, 56.559815 ], [ -154.668697, 56.597825 ], [ -154.597483, 56.636033 ], [ -154.540498, 56.655844 ], [ -154.50752, 56.658844 ], [ -154.458939, 56.653076 ], [ -154.429981, 56.654631 ], [ -154.352106, 56.63254 ], [ -154.305381, 56.652006 ], [ -154.236672, 56.667573 ], [ -154.239296, 56.692855 ], [ -154.233596, 56.703632 ], [ -154.217826, 56.720467 ], [ -154.385524, 56.830269 ], [ -154.392761, 56.839724 ], [ -154.393198, 56.849032 ], [ -154.387719, 56.895618 ], [ -154.440058, 56.9236 ], [ -154.50244, 56.940788 ], [ -154.577483, 56.952773 ], [ -154.608606, 56.970275 ], [ -154.623967, 56.990886 ], [ -154.628536, 57.002006 ], [ -154.601128, 57.036382 ], [ -154.619782, 57.16236 ], [ -154.650276, 57.177888 ], [ -154.679763, 57.198084 ], [ -154.685766, 57.214222 ], [ -154.767085, 57.214507 ], [ -154.79861, 57.227533 ], [ -154.807025, 57.225651 ], [ -154.831099, 57.230644 ], [ -154.914026, 57.266734 ], [ -154.931222, 57.28237 ], [ -154.933694, 57.294678 ], [ -154.926459, 57.316423 ], [ -154.910334, 57.335058 ], [ -154.915559, 57.349873 ] ] ], [ [ [ -160.04967, 58.651481 ], [ -160.004645, 58.665602 ], [ -159.914198, 58.65023 ], [ -159.894616, 58.63993 ], [ -159.867681, 58.610517 ], [ -159.862878, 58.594237 ], [ -159.863447, 58.578686 ], [ -159.880463, 58.562971 ], [ -159.896532, 58.553718 ], [ -159.921321, 58.543964 ], [ -159.952401, 58.538477 ], [ -160.00456, 58.53726 ], [ -160.008535, 58.534684 ], [ -160.059052, 58.547826 ], [ -160.089374, 58.578964 ], [ -160.09759, 58.599914 ], [ -160.088191, 58.621694 ], [ -160.074876, 58.639886 ], [ -160.04967, 58.651481 ] ] ], [ [ [ -160.525786, 58.730237 ], [ -160.504297, 58.76143 ], [ -160.490372, 58.773631 ], [ -160.472047, 58.783687 ], [ -160.452227, 58.791854 ], [ -160.416039, 58.798445 ], [ -160.392429, 58.797115 ], [ -160.349391, 58.788808 ], [ -160.323241, 58.775058 ], [ -160.282393, 58.774968 ], [ -160.237704, 58.766048 ], [ -160.214084, 58.755477 ], [ -160.187674, 58.756284 ], [ -160.137618, 58.748898 ], [ -160.116555, 58.739022 ], [ -160.101914, 58.724812 ], [ -160.096265, 58.705339 ], [ -160.096973, 58.697283 ], [ -160.110313, 58.6816 ], [ -160.152731, 58.658199 ], [ -160.154086, 58.637109 ], [ -160.161147, 58.62604 ], [ -160.179822, 58.610018 ], [ -160.212158, 58.595046 ], [ -160.215436, 58.578314 ], [ -160.225597, 58.565539 ], [ -160.238712, 58.556152 ], [ -160.258761, 58.544569 ], [ -160.301029, 58.535758 ], [ -160.333606, 58.535678 ], [ -160.367619, 58.541989 ], [ -160.396861, 58.553919 ], [ -160.40777, 58.567314 ], [ -160.41429, 58.586934 ], [ -160.401124, 58.612574 ], [ -160.387627, 58.627646 ], [ -160.433101, 58.622246 ], [ -160.475339, 58.627192 ], [ -160.509115, 58.642378 ], [ -160.539475, 58.664336 ], [ -160.54432, 58.674326 ], [ -160.544058, 58.687838 ], [ -160.537493, 58.700268 ], [ -160.525425, 58.708571 ], [ -160.525786, 58.730237 ] ] ], [ [ [ -152.437486, 58.948424 ], [ -152.4409, 58.966088 ], [ -152.43737, 58.973526 ], [ -152.414022, 58.992239 ], [ -152.393856, 58.993956 ], [ -152.352749, 59.004867 ], [ -152.294711, 59.006626 ], [ -152.272725, 59.003202 ], [ -152.245651, 58.993457 ], [ -152.188222, 59.016144 ], [ -152.12905, 59.016751 ], [ -152.083367, 59.005021 ], [ -152.06567, 59.010844 ], [ -152.040389, 59.01289 ], [ -152.002114, 59.006921 ], [ -151.964916, 58.992343 ], [ -151.937184, 58.9883 ], [ -151.867776, 58.946411 ], [ -151.85759, 58.935957 ], [ -151.851641, 58.917348 ], [ -151.860673, 58.89994 ], [ -151.883201, 58.880683 ], [ -151.912047, 58.87041 ], [ -151.936387, 58.86738 ], [ -151.951574, 58.852188 ], [ -151.964884, 58.844777 ], [ -151.981582, 58.837277 ], [ -152.017165, 58.828518 ], [ -152.036534, 58.827842 ], [ -152.066781, 58.833013 ], [ -152.108585, 58.844614 ], [ -152.134072, 58.858118 ], [ -152.195357, 58.840633 ], [ -152.249644, 58.840674 ], [ -152.275532, 58.827269 ], [ -152.292906, 58.822649 ], [ -152.340715, 58.82039 ], [ -152.383294, 58.82829 ], [ -152.401448, 58.836674 ], [ -152.413751, 58.847607 ], [ -152.425947, 58.873374 ], [ -152.452584, 58.884872 ], [ -152.460704, 58.895449 ], [ -152.46543, 58.906342 ], [ -152.464855, 58.92422 ], [ -152.452072, 58.93948 ], [ -152.437486, 58.948424 ] ] ], [ [ [ -146.50736, 59.396798 ], [ -146.494376, 59.419922 ], [ -146.462204, 59.448833 ], [ -146.44666, 59.459171 ], [ -146.427834, 59.466669 ], [ -146.433923, 59.476837 ], [ -146.435739, 59.487223 ], [ -146.431991, 59.500102 ], [ -146.420644, 59.513565 ], [ -146.429061, 59.523886 ], [ -146.432762, 59.53502 ], [ -146.431437, 59.546291 ], [ -146.425803, 59.556318 ], [ -146.414218, 59.566957 ], [ -146.397896, 59.575856 ], [ -146.355148, 59.586448 ], [ -146.326129, 59.587349 ], [ -146.297863, 59.583903 ], [ -146.274171, 59.576953 ], [ -146.25419, 59.566248 ], [ -146.242972, 59.555507 ], [ -146.237212, 59.543709 ], [ -146.237248, 59.531553 ], [ -146.242924, 59.519954 ], [ -146.206048, 59.509705 ], [ -146.179439, 59.491699 ], [ -146.168852, 59.477974 ], [ -146.166666, 59.462966 ], [ -146.151671, 59.449631 ], [ -146.145344, 59.434364 ], [ -146.149535, 59.417175 ], [ -146.163982, 59.402451 ], [ -146.188437, 59.390432 ], [ -146.21853, 59.383517 ], [ -146.253536, 59.357673 ], [ -146.282316, 59.348506 ], [ -146.322328, 59.34491 ], [ -146.365232, 59.335094 ], [ -146.414069, 59.336182 ], [ -146.473295, 59.351673 ], [ -146.489551, 59.360554 ], [ -146.50175, 59.371988 ], [ -146.507742, 59.384644 ], [ -146.50736, 59.396798 ] ] ], [ [ [ -167.508074, 60.263109 ], [ -167.4377, 60.262848 ], [ -167.411783, 60.271594 ], [ -167.371116, 60.275688 ], [ -167.33672, 60.287426 ], [ -167.30983, 60.290718 ], [ -167.276809, 60.288934 ], [ -167.255106, 60.283817 ], [ -167.205189, 60.288283 ], [ -167.153458, 60.282431 ], [ -167.120546, 60.291225 ], [ -167.102575, 60.290037 ], [ -167.044719, 60.277916 ], [ -167.018065, 60.266235 ], [ -166.967976, 60.277503 ], [ -166.943778, 60.278103 ], [ -166.918723, 60.30453 ], [ -166.885953, 60.317555 ], [ -166.873408, 60.331203 ], [ -166.844681, 60.345031 ], [ -166.812605, 60.350583 ], [ -166.800517, 60.362763 ], [ -166.763296, 60.381276 ], [ -166.739337, 60.387861 ], [ -166.701192, 60.389143 ], [ -166.666308, 60.385785 ], [ -166.640545, 60.403842 ], [ -166.620121, 60.412947 ], [ -166.570194, 60.422919 ], [ -166.528839, 60.44427 ], [ -166.505785, 60.447639 ], [ -166.478006, 60.448758 ], [ -166.443624, 60.444484 ], [ -166.417197, 60.43611 ], [ -166.402869, 60.426195 ], [ -166.387828, 60.426614 ], [ -166.349823, 60.417745 ], [ -166.316449, 60.438966 ], [ -166.297633, 60.447429 ], [ -166.276332, 60.451613 ], [ -166.275818, 60.469119 ], [ -166.270933, 60.478621 ], [ -166.249327, 60.491127 ], [ -166.208589, 60.505186 ], [ -166.152432, 60.510747 ], [ -166.084878, 60.485938 ], [ -166.054192, 60.469491 ], [ -166.030689, 60.43894 ], [ -166.005798, 60.419573 ], [ -165.999768, 60.411285 ], [ -165.99831, 60.400396 ], [ -166.009532, 60.387704 ], [ -165.981366, 60.374087 ], [ -165.96097, 60.389698 ], [ -165.949496, 60.393776 ], [ -165.899385, 60.403202 ], [ -165.847736, 60.398574 ], [ -165.828446, 60.39005 ], [ -165.816424, 60.396122 ], [ -165.782465, 60.404873 ], [ -165.738465, 60.405609 ], [ -165.693076, 60.393147 ], [ -165.671484, 60.383462 ], [ -165.653928, 60.37176 ], [ -165.647395, 60.36231 ], [ -165.649483, 60.348823 ], [ -165.617047, 60.344901 ], [ -165.600197, 60.338927 ], [ -165.586194, 60.329776 ], [ -165.574508, 60.321199 ], [ -165.561519, 60.301726 ], [ -165.561376, 60.292263 ], [ -165.565287, 60.28307 ], [ -165.574375, 60.273297 ], [ -165.570708, 60.258956 ], [ -165.588301, 60.241414 ], [ -165.575489, 60.231693 ], [ -165.5666, 60.21565 ], [ -165.57037, 60.197855 ], [ -165.588498, 60.178876 ], [ -165.576227, 60.165712 ], [ -165.577155, 60.150785 ], [ -165.562061, 60.140209 ], [ -165.559676, 60.133332 ], [ -165.563967, 60.112662 ], [ -165.557461, 60.099194 ], [ -165.560191, 60.08944 ], [ -165.573173, 60.075063 ], [ -165.567357, 60.070203 ], [ -165.566622, 60.058731 ], [ -165.55338, 60.054163 ], [ -165.539365, 60.034979 ], [ -165.497496, 60.027887 ], [ -165.479677, 60.021614 ], [ -165.462359, 60.00959 ], [ -165.453215, 59.999209 ], [ -165.45188, 59.990418 ], [ -165.402458, 59.970448 ], [ -165.402539, 59.967859 ], [ -165.412004, 59.954142 ], [ -165.43913, 59.936036 ], [ -165.445191, 59.916438 ], [ -165.460906, 59.895005 ], [ -165.49547, 59.870184 ], [ -165.560383, 59.852868 ], [ -165.625261, 59.846403 ], [ -165.657822, 59.836263 ], [ -165.69903, 59.835079 ], [ -165.739022, 59.841351 ], [ -165.773273, 59.820465 ], [ -165.803037, 59.809104 ], [ -165.824859, 59.806746 ], [ -165.964817, 59.722971 ], [ -166.012454, 59.705384 ], [ -166.057893, 59.695535 ], [ -166.099717, 59.694051 ], [ -166.176949, 59.699819 ], [ -166.242114, 59.717095 ], [ -166.273867, 59.733847 ], [ -166.291254, 59.747196 ], [ -166.300577, 59.760074 ], [ -166.321854, 59.773141 ], [ -166.366395, 59.779661 ], [ -166.429671, 59.801636 ], [ -166.461707, 59.795933 ], [ -166.507966, 59.798749 ], [ -166.564223, 59.796111 ], [ -166.626126, 59.797061 ], [ -166.654343, 59.802392 ], [ -166.736783, 59.838301 ], [ -166.786514, 59.842657 ], [ -166.828905, 59.85233 ], [ -166.850852, 59.871056 ], [ -166.868128, 59.881258 ], [ -166.940622, 59.911908 ], [ -167.04204, 59.935757 ], [ -167.102912, 59.936949 ], [ -167.137842, 59.944033 ], [ -167.22273, 59.993853 ], [ -167.293405, 59.999186 ], [ -167.310802, 60.007472 ], [ -167.324149, 60.018457 ], [ -167.358482, 60.018486 ], [ -167.38558, 60.021207 ], [ -167.400816, 60.026122 ], [ -167.434834, 60.045658 ], [ -167.440769, 60.056462 ], [ -167.442969, 60.095453 ], [ -167.43645, 60.108761 ], [ -167.464578, 60.124652 ], [ -167.471733, 60.136017 ], [ -167.473241, 60.148905 ], [ -167.505441, 60.156968 ], [ -167.515172, 60.164258 ], [ -167.516965, 60.172839 ], [ -167.536351, 60.178245 ], [ -167.560296, 60.205956 ], [ -167.558228, 60.224357 ], [ -167.550799, 60.240554 ], [ -167.529403, 60.255283 ], [ -167.508074, 60.263109 ] ] ], [ [ [ -136.464091, 57.836729 ], [ -136.55296, 57.851543 ], [ -136.616659, 57.869218 ], [ -136.644621, 57.883768 ], [ -136.658568, 57.901455 ], [ -136.662116, 57.920308 ], [ -136.660499, 57.93887 ], [ -136.648455, 57.958324 ], [ -136.656215, 57.97847 ], [ -136.65113, 57.993777 ], [ -136.66938, 57.99855 ], [ -136.679148, 58.014266 ], [ -136.678891, 58.036293 ], [ -136.668593, 58.048507 ], [ -136.661493, 58.063817 ], [ -136.650241, 58.102629 ], [ -136.615165, 58.120712 ], [ -136.510268, 58.153464 ], [ -136.515428, 58.180583 ], [ -136.544755, 58.164448 ], [ -136.590589, 58.151967 ], [ -136.616339, 58.14723 ], [ -136.658394, 58.145646 ], [ -136.711549, 58.155669 ], [ -136.738938, 58.166064 ], [ -136.761991, 58.179405 ], [ -136.814412, 58.18879 ], [ -136.843978, 58.20676 ], [ -136.853226, 58.21916 ], [ -136.855208, 58.23085 ], [ -136.880738, 58.250781 ], [ -136.897769, 58.259519 ], [ -136.937829, 58.2686 ], [ -136.974838, 58.296044 ], [ -137.008663, 58.333154 ], [ -137.0145, 58.344311 ], [ -137.045135, 58.330143 ], [ -137.072353, 58.32362 ], [ -137.120297, 58.329663 ], [ -137.149586, 58.341307 ], [ -137.247535, 58.392847 ], [ -137.315833, 58.410112 ], [ -137.35915, 58.430378 ], [ -137.374174, 58.440911 ], [ -137.414809, 58.451136 ], [ -137.450459, 58.464324 ], [ -137.533517, 58.509389 ], [ -137.579735, 58.528008 ], [ -137.602565, 58.541748 ], [ -137.675051, 58.554838 ], [ -137.72061, 58.570857 ], [ -137.762218, 58.596502 ], [ -137.76843, 58.627159 ], [ -137.775938, 58.640754 ], [ -137.869552, 58.691561 ], [ -137.99604, 58.749505 ], [ -138.017134, 58.771271 ], [ -138.02161, 58.790023 ], [ -138.029291, 58.805501 ], [ -138.027106, 58.818639 ], [ -138.011522, 58.838679 ], [ -138.021467, 58.861449 ], [ -138.115383, 58.919757 ], [ -138.224081, 58.968851 ], [ -138.252506, 58.98944 ], [ -138.349932, 59.022363 ], [ -138.471406, 59.049105 ], [ -138.637702, 59.079645 ], [ -138.758546, 59.126526 ], [ -138.873903, 59.180166 ], [ -138.967006, 59.211547 ], [ -139.05104, 59.233655 ], [ -139.261946, 59.281632 ], [ -139.390268, 59.317383 ], [ -139.581891, 59.37838 ], [ -139.71637, 59.434313 ], [ -139.902835, 59.497983 ], [ -140.425097, 59.65703 ], [ -140.676111, 59.668943 ], [ -140.912873, 59.698455 ], [ -141.05222, 59.737849 ], [ -141.406096, 59.823812 ], [ -141.755024, 59.918737 ], [ -141.913902, 59.958272 ], [ -142.00184, 59.974604 ], [ -142.138094, 59.987481 ], [ -142.297274, 60.011827 ], [ -142.408468, 60.02032 ], [ -142.45365, 60.020269 ], [ -142.495494, 60.033057 ], [ -142.577987, 60.04352 ], [ -142.757379, 60.052228 ], [ -142.826045, 60.051102 ], [ -143.117041, 60.0195 ], [ -143.539451, 59.999939 ], [ -143.642702, 59.988825 ], [ -143.758948, 59.966056 ], [ -143.841984, 59.945211 ], [ -143.89521, 59.942647 ], [ -143.946679, 59.930834 ], [ -144.033587, 59.919671 ], [ -144.144078, 59.919452 ], [ -144.410509, 59.746274 ], [ -144.542182, 59.719321 ], [ -144.67677, 59.727395 ], [ -144.778103, 59.778563 ], [ -144.777798, 59.829935 ], [ -144.641727, 59.924389 ], [ -144.539684, 60.010149 ], [ -144.607277, 60.078347 ], [ -144.776015, 60.129592 ], [ -145.097975, 60.146112 ], [ -145.317687, 60.179691 ], [ -145.621695, 60.255803 ], [ -145.824323, 60.315117 ], [ -145.976568, 60.314652 ], [ -146.179309, 60.280056 ], [ -146.465707, 60.212501 ], [ -146.734306, 60.154142 ], [ -146.939279, 60.103848 ], [ -147.002566, 60.097545 ], [ -147.10194, 60.081337 ], [ -147.161568, 60.052993 ], [ -147.24174, 59.998317 ], [ -147.271129, 59.963437 ], [ -147.280941, 59.923573 ], [ -147.280964, 59.878726 ], [ -147.334827, 59.833874 ], [ -147.520846, 59.774079 ], [ -147.68724, 59.74168 ], [ -147.819382, 59.73667 ], [ -147.956439, 59.744131 ], [ -148.039657, 59.769047 ], [ -148.100746, 59.815697 ], [ -148.218506, 59.87564 ], [ -148.437224, 59.89281 ], [ -148.605476, 59.884296 ], [ -148.980202, 59.893721 ], [ -149.269625, 59.84542 ], [ -149.467504, 59.733767 ], [ -149.6213, 59.527516 ], [ -150.456456, 59.308688 ], [ -150.801062, 59.231825 ], [ -150.992194, 59.180837 ], [ -151.255287, 59.137764 ], [ -151.374719, 59.110669 ], [ -151.444173, 59.099687 ], [ -151.85538, 59.077617 ], [ -153.02118, 59.002452 ], [ -153.184086, 58.905729 ], [ -153.165141, 58.892714 ], [ -153.15284, 58.869019 ], [ -153.151647, 58.857561 ], [ -153.152349, 58.847582 ], [ -153.167029, 58.823019 ], [ -153.186373, 58.807617 ], [ -153.2025, 58.801333 ], [ -153.176636, 58.784665 ], [ -153.165925, 58.764984 ], [ -153.166846, 58.755175 ], [ -153.186964, 58.729345 ], [ -153.214065, 58.71638 ], [ -153.244798, 58.70747 ], [ -153.278032, 58.706901 ], [ -153.307234, 58.709162 ], [ -153.318021, 58.712962 ], [ -153.371581, 58.673275 ], [ -153.478776, 58.641694 ], [ -153.457904, 58.623456 ], [ -153.44702, 58.598409 ], [ -153.45184, 58.584973 ], [ -153.461482, 58.572608 ], [ -153.491798, 58.555503 ], [ -153.51515, 58.548397 ], [ -153.592668, 58.542253 ], [ -153.609804, 58.519746 ], [ -153.628003, 58.508297 ], [ -153.6541, 58.499598 ], [ -153.692361, 58.493506 ], [ -153.778412, 58.504044 ], [ -153.79948, 58.509223 ], [ -153.810656, 58.515386 ], [ -153.82107, 58.487799 ], [ -153.84442, 58.472263 ], [ -153.881794, 58.456499 ], [ -153.8839, 58.438548 ], [ -153.876719, 58.430756 ], [ -153.872602, 58.415137 ], [ -153.864165, 58.408781 ], [ -153.858522, 58.397601 ], [ -153.858557, 58.374274 ], [ -153.909327, 58.329104 ], [ -153.925988, 58.319795 ], [ -153.970038, 58.312724 ], [ -154.03904, 58.230362 ], [ -154.052463, 58.201183 ], [ -154.052916, 58.189196 ], [ -154.058971, 58.175206 ], [ -154.070087, 58.162357 ], [ -154.082824, 58.154012 ], [ -154.108918, 58.14601 ], [ -154.110409, 58.131391 ], [ -154.119565, 58.113228 ], [ -154.133654, 58.100141 ], [ -154.155186, 58.090983 ], [ -154.211801, 58.080288 ], [ -154.220469, 58.066173 ], [ -154.265523, 58.038228 ], [ -154.28818, 58.030823 ], [ -154.335126, 58.026711 ], [ -154.390744, 57.999301 ], [ -154.539595, 57.988197 ], [ -154.589135, 57.989779 ], [ -154.708989, 57.982295 ], [ -154.747746, 57.969188 ], [ -154.800929, 57.959148 ], [ -154.840368, 57.962219 ], [ -154.865304, 57.967639 ], [ -154.893803, 57.983541 ], [ -154.940742, 57.975071 ], [ -154.969687, 57.927854 ], [ -154.994017, 57.863188 ], [ -155.043525, 57.81239 ], [ -155.078876, 57.79534 ], [ -155.099422, 57.79124 ], [ -155.129023, 57.787953 ], [ -155.160861, 57.790588 ], [ -155.150715, 57.771961 ], [ -155.15006, 57.750022 ], [ -155.209955, 57.716257 ], [ -155.245788, 57.681595 ], [ -155.277003, 57.676112 ], [ -155.276198, 57.669954 ], [ -155.280948, 57.656831 ], [ -155.300397, 57.642894 ], [ -155.360914, 57.625029 ], [ -155.459864, 57.637648 ], [ -155.589109, 57.608276 ], [ -155.601032, 57.610838 ], [ -155.639486, 57.602267 ], [ -155.632567, 57.586813 ], [ -155.645503, 57.522358 ], [ -155.66796, 57.508352 ], [ -155.719259, 57.497419 ], [ -155.844485, 57.497513 ], [ -155.850791, 57.488383 ], [ -155.919809, 57.433028 ], [ -155.939758, 57.41287 ], [ -155.978919, 57.395895 ], [ -156.098355, 57.379848 ], [ -156.141825, 57.353635 ], [ -156.167196, 57.345852 ], [ -156.171046, 57.334075 ], [ -156.184163, 57.317227 ], [ -156.196698, 57.310196 ], [ -156.247041, 57.243776 ], [ -156.241765, 57.232176 ], [ -156.225388, 57.217307 ], [ -156.214506, 57.19518 ], [ -156.227811, 57.162455 ], [ -156.262757, 57.133598 ], [ -156.316483, 57.105502 ], [ -156.31167, 57.067916 ], [ -156.330702, 57.050839 ], [ -156.330713, 56.749278 ], [ -157.129765, 56.268695 ], [ -157.098709, 56.238308 ], [ -158.0, 55.639444 ], [ -159.446868, 55.638531 ], [ -159.469102, 55.619253 ], [ -159.488814, 55.608936 ], [ -159.521517, 55.600894 ], [ -159.510845, 55.586215 ], [ -159.503979, 55.567355 ], [ -159.505046, 55.558108 ], [ -159.511453, 55.549623 ], [ -159.538153, 55.532006 ], [ -159.584658, 55.524259 ], [ -159.633391, 55.523609 ], [ -159.655302, 55.528886 ], [ -159.951138, 55.507583 ], [ -159.951898, 55.502227 ], [ -159.963251, 55.489684 ], [ -159.995145, 55.468466 ], [ -160.002045, 55.459081 ], [ -160.018258, 55.452305 ], [ -160.041162, 55.448879 ], [ -160.059297, 55.416208 ], [ -160.052891, 55.407106 ], [ -160.055282, 55.399478 ], [ -160.050544, 55.395777 ], [ -160.001875, 55.38838 ], [ -159.996367, 55.390194 ], [ -159.961921, 55.368664 ], [ -159.932583, 55.336981 ], [ -159.883555, 55.345198 ], [ -159.843304, 55.340049 ], [ -159.804214, 55.323975 ], [ -159.792496, 55.317154 ], [ -159.766801, 55.293085 ], [ -159.75789, 55.275683 ], [ -159.74843, 55.242632 ], [ -159.737892, 55.222287 ], [ -159.735979, 55.226108 ], [ -159.704272, 55.239865 ], [ -159.68703, 55.243298 ], [ -159.660206, 55.24291 ], [ -159.643421, 55.254667 ], [ -159.609058, 55.26779 ], [ -159.573021, 55.312141 ], [ -159.544335, 55.328407 ], [ -159.521967, 55.334191 ], [ -159.482601, 55.336294 ], [ -159.44781, 55.329098 ], [ -159.415307, 55.315381 ], [ -159.401787, 55.302205 ], [ -159.39739, 55.280415 ], [ -159.399493, 55.259793 ], [ -159.419793, 55.249896 ], [ -159.420274, 55.223042 ], [ -159.426042, 55.212338 ], [ -159.427079, 55.201146 ], [ -159.408095, 55.174397 ], [ -159.404675, 55.159741 ], [ -159.405864, 55.13741 ], [ -159.410886, 55.123496 ], [ -159.376136, 55.123213 ], [ -159.348479, 55.112897 ], [ -159.321993, 55.118247 ], [ -159.303628, 55.116493 ], [ -159.252834, 55.106171 ], [ -159.233423, 55.098642 ], [ -159.216575, 55.087442 ], [ -159.209189, 55.077249 ], [ -159.204305, 55.066011 ], [ -159.203204, 55.043344 ], [ -159.212298, 55.025842 ], [ -159.255064, 55.006199 ], [ -159.25014, 54.9981 ], [ -159.213608, 54.984254 ], [ -159.179425, 54.976762 ], [ -159.141611, 54.960535 ], [ -159.126014, 54.949709 ], [ -159.113256, 54.93033 ], [ -159.111791, 54.91569 ], [ -159.132695, 54.885531 ], [ -159.201515, 54.833672 ], [ -159.226601, 54.820679 ], [ -159.277357, 54.81121 ], [ -159.333699, 54.818618 ], [ -159.362297, 54.828315 ], [ -159.380642, 54.840392 ], [ -159.395386, 54.858214 ], [ -159.416904, 54.872253 ], [ -159.431783, 54.894197 ], [ -159.43928, 54.896002 ], [ -159.45741, 54.892515 ], [ -159.503258, 54.900755 ], [ -159.541443, 54.923955 ], [ -159.546603, 54.933583 ], [ -159.540777, 54.960118 ], [ -159.543252, 54.976369 ], [ -159.564821, 54.991395 ], [ -159.580341, 54.987598 ], [ -159.676556, 54.987239 ], [ -159.707036, 54.997493 ], [ -159.703512, 54.999794 ], [ -159.724503, 55.017793 ], [ -159.728403, 54.999993 ], [ -159.734735, 54.990245 ], [ -159.76088, 54.971835 ], [ -159.773988, 54.968493 ], [ -159.767559, 54.956607 ], [ -159.775735, 54.937838 ], [ -159.788885, 54.925662 ], [ -159.816042, 54.909532 ], [ -159.846099, 54.902435 ], [ -159.875027, 54.904242 ], [ -159.906919, 54.909474 ], [ -159.936981, 54.919046 ], [ -159.952976, 54.929384 ], [ -159.953858, 54.920006 ], [ -159.958802, 54.913216 ], [ -159.971285, 54.900504 ], [ -159.986819, 54.891218 ], [ -160.034488, 54.879604 ], [ -160.06592, 54.881084 ], [ -160.093976, 54.890379 ], [ -160.098023, 54.885416 ], [ -160.101167, 54.869478 ], [ -160.113037, 54.854921 ], [ -160.155422, 54.829019 ], [ -160.207725, 54.807342 ], [ -160.241964, 54.803465 ], [ -160.258106, 54.806889 ], [ -160.302812, 54.829746 ], [ -160.315781, 54.843288 ], [ -160.323715, 54.855571 ], [ -160.32336, 54.859772 ], [ -160.329879, 54.863909 ], [ -160.337202, 54.877276 ], [ -160.343181, 54.894358 ], [ -160.343393, 54.930881 ], [ -160.336069, 54.94991 ], [ -160.326853, 54.959691 ], [ -160.297657, 54.976474 ], [ -160.301801, 54.981474 ], [ -160.301403, 54.986326 ], [ -160.292857, 55.000674 ], [ -160.244364, 55.022575 ], [ -160.256519, 55.028792 ], [ -160.261919, 55.035201 ], [ -160.265, 55.050704 ], [ -160.262712, 55.072852 ], [ -160.277814, 55.088859 ], [ -160.288523, 55.111625 ], [ -160.285318, 55.124556 ], [ -160.270951, 55.138869 ], [ -160.24563, 55.15238 ], [ -160.214594, 55.160117 ], [ -160.206175, 55.172187 ], [ -160.190247, 55.185347 ], [ -160.149679, 55.196376 ], [ -160.149574, 55.210166 ], [ -160.130092, 55.238675 ], [ -160.155994, 55.253813 ], [ -160.167284, 55.272529 ], [ -160.167649, 55.279845 ], [ -160.18199, 55.288604 ], [ -160.190774, 55.315375 ], [ -160.200505, 55.323157 ], [ -160.203577, 55.335775 ], [ -160.225702, 55.346717 ], [ -160.238966, 55.340275 ], [ -160.2193, 55.322463 ], [ -160.215794, 55.30828 ], [ -160.221351, 55.289228 ], [ -160.238229, 55.272519 ], [ -160.234113, 55.256848 ], [ -160.242536, 55.241055 ], [ -160.278369, 55.205074 ], [ -160.292742, 55.198004 ], [ -160.321172, 55.193457 ], [ -160.366832, 55.196475 ], [ -160.367845, 55.184424 ], [ -160.376906, 55.16542 ], [ -160.411524, 55.146275 ], [ -160.417917, 55.132284 ], [ -160.439368, 55.119657 ], [ -160.446923, 55.108174 ], [ -160.431775, 55.09467 ], [ -160.427201, 55.076138 ], [ -160.430926, 55.064862 ], [ -160.460837, 55.035845 ], [ -160.478336, 55.02947 ], [ -160.519469, 55.025123 ], [ -160.57326, 55.036982 ], [ -160.59173, 55.052774 ], [ -160.598416, 55.064019 ], [ -160.602477, 55.083177 ], [ -160.598691, 55.094056 ], [ -160.607676, 55.098361 ], [ -160.612492, 55.095497 ], [ -160.648969, 55.096288 ], [ -160.678268, 55.107388 ], [ -160.699174, 55.107538 ], [ -160.709692, 55.112055 ], [ -160.723375, 55.099824 ], [ -160.786356, 55.070815 ], [ -160.836775, 55.068151 ], [ -160.8677, 55.075558 ], [ -160.899676, 55.09535 ], [ -160.90773, 55.113044 ], [ -160.907212, 55.123915 ], [ -160.901463, 55.135552 ], [ -160.906146, 55.152588 ], [ -160.905064, 55.159454 ], [ -160.935588, 55.178226 ], [ -160.941477, 55.188488 ], [ -160.942697, 55.202328 ], [ -160.933058, 55.224126 ], [ -160.922363, 55.238058 ], [ -160.93864, 55.252647 ], [ -160.943945, 55.263825 ], [ -160.93864, 55.291764 ], [ -160.949448, 55.311216 ], [ -160.953424, 55.325367 ], [ -160.94434, 55.341569 ], [ -160.93109, 55.356524 ], [ -160.899649, 55.378614 ], [ -160.892405, 55.380674 ], [ -160.887656, 55.396643 ], [ -160.859006, 55.419874 ], [ -160.907905, 55.420374 ], [ -160.932822, 55.405652 ], [ -160.995901, 55.381243 ], [ -161.138803, 55.337465 ], [ -161.153738, 55.323787 ], [ -161.192989, 55.308144 ], [ -161.239516, 55.298458 ], [ -161.238709, 55.296047 ], [ -161.18561, 55.285761 ], [ -161.172815, 55.295381 ], [ -161.12859, 55.313389 ], [ -161.089989, 55.316648 ], [ -161.068997, 55.312391 ], [ -161.031102, 55.294743 ], [ -161.019724, 55.284664 ], [ -161.012925, 55.262995 ], [ -161.01604, 55.25142 ], [ -161.026535, 55.239106 ], [ -161.05863, 55.220125 ], [ -161.080383, 55.214364 ], [ -161.106591, 55.21229 ], [ -161.131671, 55.213938 ], [ -161.155505, 55.222462 ], [ -161.167868, 55.210916 ], [ -161.181357, 55.204231 ], [ -161.204978, 55.198318 ], [ -161.248508, 55.193258 ], [ -161.253167, 55.186711 ], [ -161.244435, 55.173048 ], [ -161.243212, 55.163504 ], [ -161.251198, 55.14646 ], [ -161.246501, 55.126975 ], [ -161.254678, 55.113403 ], [ -161.272255, 55.100089 ], [ -161.313573, 55.086621 ], [ -161.345738, 55.08524 ], [ -161.375388, 55.089157 ], [ -161.398715, 55.07204 ], [ -161.417726, 55.066821 ], [ -161.417585, 55.062056 ], [ -161.389923, 55.054553 ], [ -161.373718, 55.045956 ], [ -161.361235, 55.033825 ], [ -161.353147, 55.019596 ], [ -161.352596, 55.009983 ], [ -161.359522, 54.991451 ], [ -161.384881, 54.973964 ], [ -161.394097, 54.968485 ], [ -161.416986, 54.963151 ], [ -161.440777, 54.963754 ], [ -161.451318, 54.954971 ], [ -161.470086, 54.949729 ], [ -161.493005, 54.954543 ], [ -161.525872, 54.951589 ], [ -161.553461, 54.954457 ], [ -161.567561, 54.957493 ], [ -161.58458, 54.967949 ], [ -161.591366, 54.963672 ], [ -161.627773, 54.957491 ], [ -161.659481, 54.956383 ], [ -161.672281, 54.959246 ], [ -161.666928, 54.942925 ], [ -161.666681, 54.928116 ], [ -161.688073, 54.907569 ], [ -161.717277, 54.895744 ], [ -161.710014, 54.891592 ], [ -161.667594, 54.882865 ], [ -161.652403, 54.875039 ], [ -161.641042, 54.863694 ], [ -161.630072, 54.840346 ], [ -161.61571, 54.838921 ], [ -161.576738, 54.81421 ], [ -161.564744, 54.797197 ], [ -161.56633, 54.784753 ], [ -161.576552, 54.760705 ], [ -161.590314, 54.749847 ], [ -161.604932, 54.742424 ], [ -161.639844, 54.736159 ], [ -161.672803, 54.737813 ], [ -161.698367, 54.747442 ], [ -161.710187, 54.739154 ], [ -161.753675, 54.727587 ], [ -161.765767, 54.72774 ], [ -161.765058, 54.724459 ], [ -161.782728, 54.706758 ], [ -161.80937, 54.692925 ], [ -161.841016, 54.684516 ], [ -161.861952, 54.689818 ], [ -161.874617, 54.686461 ], [ -161.889113, 54.686949 ], [ -161.935837, 54.695241 ], [ -161.957048, 54.708249 ], [ -161.96467, 54.716935 ], [ -161.983293, 54.712093 ], [ -162.011859, 54.718417 ], [ -162.045582, 54.705684 ], [ -162.056572, 54.704532 ], [ -162.033252, 54.681056 ], [ -162.02852, 54.65912 ], [ -162.034654, 54.644777 ], [ -162.048021, 54.631914 ], [ -162.062883, 54.625184 ], [ -162.104846, 54.618286 ], [ -162.161091, 54.626509 ], [ -162.187276, 54.639579 ], [ -162.205921, 54.63497 ], [ -162.231403, 54.636816 ], [ -162.240473, 54.640528 ], [ -162.242297, 54.616666 ], [ -162.252734, 54.603368 ], [ -162.279405, 54.582348 ], [ -162.309282, 54.575122 ], [ -162.32187, 54.575826 ], [ -162.317308, 54.572429 ], [ -162.31511, 54.545719 ], [ -162.321792, 54.531932 ], [ -162.337814, 54.517803 ], [ -162.365035, 54.507693 ], [ -162.391921, 54.504885 ], [ -162.428512, 54.507669 ], [ -162.465135, 54.52485 ], [ -162.479815, 54.540932 ], [ -162.483753, 54.558503 ], [ -162.478351, 54.575616 ], [ -162.464173, 54.587524 ], [ -162.477528, 54.595216 ], [ -162.487905, 54.610246 ], [ -162.490348, 54.622377 ], [ -162.483635, 54.640062 ], [ -162.459877, 54.666524 ], [ -162.477227, 54.670259 ], [ -162.507013, 54.682701 ], [ -162.52624, 54.694687 ], [ -162.539364, 54.707207 ], [ -162.549649, 54.725373 ], [ -162.554931, 54.749344 ], [ -162.546967, 54.764565 ], [ -162.533142, 54.776612 ], [ -162.512726, 54.785371 ], [ -162.483085, 54.792724 ], [ -162.512606, 54.811487 ], [ -162.538455, 54.810982 ], [ -162.56937, 54.815132 ], [ -162.59998, 54.826812 ], [ -162.618933, 54.845228 ], [ -162.614602, 54.877898 ], [ -162.606424, 54.890205 ], [ -162.578894, 54.908523 ], [ -162.59138, 54.906945 ], [ -162.613323, 54.913436 ], [ -162.642997, 54.933322 ], [ -162.651105, 54.922157 ], [ -162.693861, 54.908147 ], [ -162.706831, 54.909162 ], [ -162.732588, 54.895763 ], [ -162.761885, 54.889742 ], [ -162.790797, 54.888816 ], [ -162.791455, 54.878343 ], [ -162.804242, 54.866372 ], [ -162.822063, 54.85659 ], [ -162.846813, 54.848427 ], [ -162.893903, 54.844238 ], [ -162.93074, 54.859108 ], [ -162.967801, 54.882516 ], [ -163.0632, 54.879518 ], [ -163.062883, 54.869601 ], [ -163.079392, 54.853838 ], [ -163.097031, 54.846871 ], [ -163.110092, 54.846192 ], [ -163.120529, 54.835503 ], [ -163.137298, 54.829815 ], [ -163.141738, 54.820251 ], [ -163.127199, 54.812713 ], [ -163.115311, 54.813215 ], [ -163.104935, 54.809385 ], [ -163.070847, 54.788739 ], [ -163.057799, 54.773412 ], [ -163.028243, 54.757222 ], [ -163.012219, 54.739096 ], [ -162.984324, 54.72306 ], [ -162.968606, 54.708702 ], [ -162.962041, 54.682061 ], [ -162.951887, 54.666017 ], [ -162.954776, 54.659815 ], [ -162.986023, 54.63769 ], [ -162.999786, 54.623531 ], [ -163.025633, 54.611155 ], [ -163.059141, 54.606203 ], [ -163.109769, 54.611314 ], [ -163.126182, 54.615816 ], [ -163.140775, 54.61332 ], [ -163.225096, 54.617287 ], [ -163.306119, 54.60794 ], [ -163.413938, 54.600378 ], [ -163.435882, 54.602813 ], [ -163.466214, 54.586873 ], [ -163.501081, 54.582011 ], [ -163.504026, 54.574932 ], [ -163.52618, 54.551662 ], [ -163.564053, 54.539592 ], [ -163.593563, 54.54114 ], [ -163.712797, 54.570191 ], [ -163.757872, 54.572029 ], [ -163.952937, 54.56844 ], [ -164.001777, 54.563603 ], [ -164.056175, 54.563649 ], [ -164.122671, 54.556119 ], [ -164.22786, 54.523664 ], [ -164.239568, 54.513704 ], [ -164.236618, 54.499913 ], [ -164.249159, 54.478016 ], [ -164.250013, 54.46793 ], [ -164.276684, 54.437207 ], [ -164.316294, 54.411427 ], [ -164.346873, 54.396565 ], [ -164.386087, 54.384731 ], [ -164.414987, 54.368823 ], [ -164.457224, 54.364001 ], [ -164.487063, 54.369602 ], [ -164.502207, 54.363222 ], [ -164.617109, 54.338874 ], [ -164.663344, 54.337538 ], [ -164.705969, 54.344197 ], [ -164.740617, 54.337261 ], [ -164.776446, 54.339084 ], [ -164.805378, 54.345537 ], [ -164.901297, 54.374651 ], [ -164.924888, 54.391657 ], [ -164.961907, 54.426662 ], [ -164.972577, 54.440895 ], [ -164.982813, 54.444621 ], [ -164.99563, 54.457309 ], [ -165.008267, 54.491376 ], [ -165.026975, 54.520773 ], [ -165.031126, 54.5531 ], [ -165.036772, 54.561889 ], [ -165.036163, 54.576598 ], [ -165.019622, 54.606704 ], [ -164.999482, 54.626249 ], [ -164.876861, 54.67543 ], [ -164.863676, 54.676116 ], [ -164.835172, 54.687341 ], [ -164.78278, 54.691702 ], [ -164.70608, 54.773484 ], [ -164.698512, 54.801539 ], [ -164.651179, 54.844199 ], [ -164.644039, 54.885415 ], [ -164.637539, 54.900759 ], [ -164.627744, 54.911533 ], [ -164.614255, 54.923877 ], [ -164.601255, 54.930638 ], [ -164.582481, 54.93452 ], [ -164.572171, 54.943907 ], [ -164.552823, 54.950454 ], [ -164.521182, 54.969124 ], [ -164.475249, 54.976267 ], [ -164.418151, 54.979558 ], [ -164.360961, 54.969098 ], [ -164.307525, 54.951458 ], [ -164.297882, 54.95264 ], [ -164.267763, 54.964183 ], [ -164.226566, 54.990329 ], [ -164.204087, 55.000625 ], [ -164.157871, 55.015654 ], [ -164.109684, 55.018156 ], [ -164.085594, 55.015654 ], [ -164.047447, 55.020657 ], [ -164.015326, 55.036921 ], [ -163.950176, 55.078812 ], [ -163.912702, 55.090584 ], [ -163.858656, 55.088983 ], [ -163.803909, 55.105792 ], [ -163.770299, 55.108826 ], [ -163.666091, 55.094549 ], [ -163.630692, 55.093229 ], [ -163.567947, 55.100158 ], [ -163.458942, 55.128136 ], [ -163.356378, 55.165684 ], [ -163.29068, 55.193397 ], [ -163.207522, 55.219671 ], [ -163.141331, 55.231961 ], [ -162.982797, 55.335617 ], [ -162.949869, 55.360422 ], [ -162.935161, 55.382051 ], [ -162.905163, 55.39477 ], [ -162.869976, 55.415256 ], [ -162.830183, 55.429425 ], [ -162.726973, 55.45887 ], [ -162.681563, 55.463181 ], [ -162.645035, 55.488497 ], [ -162.608353, 55.497775 ], [ -162.570878, 55.515819 ], [ -162.547228, 55.528745 ], [ -162.500232, 55.572852 ], [ -162.415091, 55.626611 ], [ -162.320491, 55.704716 ], [ -162.289791, 55.724866 ], [ -162.17227, 55.77353 ], [ -162.134185, 55.809061 ], [ -162.103638, 55.819476 ], [ -162.060822, 55.825145 ], [ -162.043579, 55.832035 ], [ -162.032869, 55.844258 ], [ -162.011354, 55.851147 ], [ -162.002246, 55.84875 ], [ -161.981019, 55.859419 ], [ -161.906193, 55.912201 ], [ -161.858251, 55.932504 ], [ -161.82575, 55.942655 ], [ -161.729498, 55.954868 ], [ -161.600409, 55.986716 ], [ -161.428659, 56.011574 ], [ -161.211108, 56.06741 ], [ -161.159915, 56.071399 ], [ -161.044741, 56.071402 ], [ -160.929572, 56.07938 ], [ -160.865585, 56.079381 ], [ -160.750409, 56.071407 ], [ -160.654426, 56.071409 ], [ -160.616035, 56.067421 ], [ -160.584043, 56.079386 ], [ -160.55845, 56.099327 ], [ -160.545655, 56.115279 ], [ -160.532861, 56.15516 ], [ -160.520066, 56.179088 ], [ -160.513669, 56.203017 ], [ -160.478737, 56.23584 ], [ -160.439433, 56.298814 ], [ -160.413157, 56.321734 ], [ -160.386791, 56.334773 ], [ -160.330149, 56.35574 ], [ -160.305584, 56.369214 ], [ -160.261365, 56.408071 ], [ -160.225416, 56.4336 ], [ -160.164198, 56.454956 ], [ -160.111526, 56.465599 ], [ -160.069137, 56.480279 ], [ -159.994064, 56.516406 ], [ -159.960649, 56.543452 ], [ -159.905139, 56.578175 ], [ -159.870166, 56.590856 ], [ -159.580984, 56.672923 ], [ -159.502281, 56.702802 ], [ -159.425744, 56.740187 ], [ -159.376365, 56.753974 ], [ -159.35122, 56.757721 ], [ -159.173914, 56.81445 ], [ -159.08157, 56.852889 ], [ -158.981567, 56.911126 ], [ -158.919404, 56.938219 ], [ -158.893585, 56.945059 ], [ -158.893482, 56.999841 ], [ -158.069822, 58.490317 ], [ -158.147875, 58.54378 ], [ -158.189416, 58.54049 ], [ -158.213032, 58.542604 ], [ -158.605235, 58.455592 ], [ -158.604667, 58.446332 ], [ -158.614355, 58.433707 ], [ -158.624733, 58.422033 ], [ -158.638214, 58.413247 ], [ -158.654489, 58.407288 ], [ -158.689543, 58.401682 ], [ -158.702241, 58.38838 ], [ -158.720112, 58.376062 ], [ -158.744724, 58.363725 ], [ -158.772683, 58.354928 ], [ -158.810329, 58.347151 ], [ -158.876674, 58.341926 ], [ -158.911681, 58.342909 ], [ -158.965513, 58.352805 ], [ -158.991905, 58.340603 ], [ -159.018722, 58.33414 ], [ -159.047672, 58.334336 ], [ -159.07885, 58.339257 ], [ -159.107876, 58.347541 ], [ -159.148388, 58.370302 ], [ -159.159841, 58.385194 ], [ -159.162376, 58.395231 ], [ -159.16218, 58.403562 ], [ -159.151388, 58.415773 ], [ -159.404728, 58.665957 ], [ -159.544685, 58.778419 ], [ -159.646932, 58.786079 ], [ -159.701694, 58.796397 ], [ -159.718862, 58.776667 ], [ -159.748103, 58.760305 ], [ -159.811719, 58.73545 ], [ -159.893861, 58.715036 ], [ -159.939081, 58.717906 ], [ -160.004365, 58.744612 ], [ -160.014428, 58.759786 ], [ -160.028215, 58.764072 ], [ -160.052785, 58.783969 ], [ -160.089153, 58.806303 ], [ -160.113013, 58.786614 ], [ -160.127145, 58.780075 ], [ -160.150765, 58.771996 ], [ -160.172238, 58.769329 ], [ -160.234, 58.773956 ], [ -160.273449, 58.788731 ], [ -160.297601, 58.79915 ], [ -160.310533, 58.812626 ], [ -160.333681, 58.848314 ], [ -160.32693, 58.858421 ], [ -160.343087, 58.880542 ], [ -160.608715, 58.843621 ], [ -160.59809, 58.83424 ], [ -160.5935, 58.821728 ], [ -160.601628, 58.793323 ], [ -160.626581, 58.760807 ], [ -160.689142, 58.690263 ], [ -160.700028, 58.672074 ], [ -160.787268, 58.58157 ], [ -160.789773, 58.564418 ], [ -160.793303, 58.560097 ], [ -160.818411, 58.539553 ], [ -160.87415, 58.510066 ], [ -160.933436, 58.496109 ], [ -160.964827, 58.495688 ], [ -161.015597, 58.503062 ], [ -161.06753, 58.489806 ], [ -161.095794, 58.490027 ], [ -161.140958, 58.50334 ], [ -161.158918, 58.512383 ], [ -161.177342, 58.542567 ], [ -161.186773, 58.573297 ], [ -161.184928, 58.587534 ], [ -161.177037, 58.607068 ], [ -161.233978, 58.643453 ], [ -161.322044, 58.611603 ], [ -161.353457, 58.603585 ], [ -161.418358, 58.595985 ], [ -161.457832, 58.585966 ], [ -161.468858, 58.574348 ], [ -161.489866, 58.561895 ], [ -161.52135, 58.551643 ], [ -161.571499, 58.543755 ], [ -161.572347, 58.53524 ], [ -161.586982, 58.518419 ], [ -161.61702, 58.506774 ], [ -161.704228, 58.496911 ], [ -161.767158, 58.496939 ], [ -161.817568, 58.505726 ], [ -161.844635, 58.523317 ], [ -161.860919, 58.539091 ], [ -161.864294, 58.545844 ], [ -161.863645, 58.568726 ], [ -161.870716, 58.570413 ], [ -161.909046, 58.572739 ], [ -161.930173, 58.566268 ], [ -161.971539, 58.567736 ], [ -161.998613, 58.561078 ], [ -162.017363, 58.561666 ], [ -162.043076, 58.568332 ], [ -162.081765, 58.564899 ], [ -162.132217, 58.571376 ], [ -162.14921, 58.576109 ], [ -162.171742, 58.589944 ], [ -162.198978, 58.589982 ], [ -162.230286, 58.598551 ], [ -162.270411, 58.622126 ], [ -162.277651, 58.632884 ], [ -162.280735, 58.646298 ], [ -162.268985, 58.667557 ], [ -162.259755, 58.672675 ], [ -162.226276, 58.685544 ], [ -162.215422, 58.695032 ], [ -162.168522, 58.710276 ], [ -162.128481, 58.713071 ], [ -162.073144, 58.724409 ], [ -162.038003, 58.722096 ], [ -162.001981, 58.727096 ], [ -161.949166, 58.724329 ], [ -161.948251, 58.73247 ], [ -161.933159, 58.748272 ], [ -161.922982, 58.754561 ], [ -161.897844, 58.762043 ], [ -161.89823, 58.768139 ], [ -161.889159, 58.7843 ], [ -161.851201, 58.807983 ], [ -161.85659, 58.815211 ], [ -161.857527, 58.830434 ], [ -161.881793, 58.857504 ], [ -161.887201, 58.87128 ], [ -161.888107, 58.897729 ], [ -161.881765, 58.944146 ], [ -161.902474, 58.977602 ], [ -161.927072, 59.000801 ], [ -161.953346, 59.032703 ], [ -162.001131, 59.070226 ], [ -162.007676, 59.055286 ], [ -162.016815, 59.060236 ], [ -162.073084, 59.099984 ], [ -162.102198, 59.128752 ], [ -162.163811, 59.224461 ], [ -162.171006, 59.247568 ], [ -162.166604, 59.275075 ], [ -162.132115, 59.306199 ], [ -162.111558, 59.332929 ], [ -162.064755, 59.360032 ], [ -162.061323, 59.397958 ], [ -162.053612, 59.40899 ], [ -162.001948, 59.437447 ], [ -161.958537, 59.447811 ], [ -161.914449, 59.469289 ], [ -161.89478, 59.507565 ], [ -161.871266, 59.524791 ], [ -162.003056, 59.644654 ], [ -162.012699, 59.645645 ], [ -162.042606, 59.670729 ], [ -162.064876, 59.700031 ], [ -162.068325, 59.716426 ], [ -162.07489, 59.717637 ], [ -162.098244, 59.733708 ], [ -162.106857, 59.754206 ], [ -162.114991, 59.756149 ], [ -162.138506, 59.772392 ], [ -162.160655, 59.799796 ], [ -162.178329, 59.814842 ], [ -162.186655, 59.818908 ], [ -162.194433, 59.812191 ], [ -162.227838, 59.8065 ], [ -162.257318, 59.806189 ], [ -162.317619, 59.812489 ], [ -162.364341, 59.810869 ], [ -162.411383, 59.823256 ], [ -162.441661, 59.844078 ], [ -162.451977, 59.876339 ], [ -162.449848, 59.884616 ], [ -162.562638, 59.896826 ], [ -162.606411, 59.888301 ], [ -162.698375, 59.891816 ], [ -162.707559, 59.880175 ], [ -162.76254, 59.857455 ], [ -162.818048, 59.840276 ], [ -162.815887, 59.81283 ], [ -162.82609, 59.80066 ], [ -162.868661, 59.780381 ], [ -162.947224, 59.768288 ], [ -162.974781, 59.772832 ], [ -162.985993, 59.769413 ], [ -163.025586, 59.767542 ], [ -163.105667, 59.778241 ], [ -163.145863, 59.795642 ], [ -163.330029, 59.769662 ], [ -163.582016, 59.751635 ], [ -163.64742, 59.743609 ], [ -163.707703, 59.741126 ], [ -163.784373, 59.740569 ], [ -163.993706, 59.76376 ], [ -163.99974, 59.754965 ], [ -163.966001, 59.747118 ], [ -163.952861, 59.735916 ], [ -163.920349, 59.726316 ], [ -163.896892, 59.714642 ], [ -163.847326, 59.718451 ], [ -163.813675, 59.716942 ], [ -163.787797, 59.709192 ], [ -163.748901, 59.686422 ], [ -163.739949, 59.668649 ], [ -163.744629, 59.654777 ], [ -163.760961, 59.639716 ], [ -163.811949, 59.620834 ], [ -163.847071, 59.617927 ], [ -163.919717, 59.640464 ], [ -163.976245, 59.634327 ], [ -164.0133, 59.637759 ], [ -164.080776, 59.670513 ], [ -164.111068, 59.694079 ], [ -164.124795, 59.716276 ], [ -164.193229, 59.737295 ], [ -164.230963, 59.753062 ], [ -164.274627, 59.778311 ], [ -164.313152, 59.806286 ], [ -164.336675, 59.829603 ], [ -164.346545, 59.848355 ], [ -164.415696, 59.884867 ], [ -164.420801, 59.906974 ], [ -164.449658, 59.953338 ], [ -164.434859, 59.968906 ], [ -164.420269, 59.9781 ], [ -164.364332, 59.999223 ], [ -164.342832, 60.002931 ], [ -164.390075, 60.010853 ], [ -164.428626, 60.027871 ], [ -164.432082, 60.026171 ], [ -164.445735, 60.030511 ], [ -164.488226, 60.054962 ], [ -164.52145, 60.091965 ], [ -164.574744, 60.133009 ], [ -164.597386, 60.158238 ], [ -164.658596, 60.175533 ], [ -164.711119, 60.207939 ], [ -164.74881, 60.240313 ], [ -164.851129, 60.24899 ], [ -164.971916, 60.277019 ], [ -165.001713, 60.293821 ], [ -165.09866, 60.334709 ], [ -165.141447, 60.357979 ], [ -165.235411, 60.42515 ], [ -165.239556, 60.443226 ], [ -165.288232, 60.442645 ], [ -165.333575, 60.459266 ], [ -165.387519, 60.459507 ], [ -165.42653, 60.474383 ], [ -165.443458, 60.484689 ], [ -165.448222, 60.494998 ], [ -165.467462, 60.502717 ], [ -165.501449, 60.52618 ], [ -165.513831, 60.539637 ], [ -165.52039, 60.551966 ], [ -165.518263, 60.566016 ], [ -165.479075, 60.597649 ], [ -165.475097, 60.606552 ], [ -165.464115, 60.613737 ], [ -165.445579, 60.623523 ], [ -165.410696, 60.632173 ], [ -165.340191, 60.638268 ], [ -165.322793, 60.651751 ], [ -165.29137, 60.665542 ], [ -165.245902, 60.675005 ], [ -165.242432, 60.683334 ], [ -165.222048, 60.695373 ], [ -165.164241, 60.707675 ], [ -165.160173, 60.714853 ], [ -165.146753, 60.725453 ], [ -165.123369, 60.736627 ], [ -165.139178, 60.750115 ], [ -165.143877, 60.758729 ], [ -165.140973, 60.766184 ], [ -165.15914, 60.776524 ], [ -165.176175, 60.796326 ], [ -165.175629, 60.807226 ], [ -165.157507, 60.829298 ], [ -165.17749, 60.847966 ], [ -165.177531, 60.858865 ], [ -165.170523, 60.876928 ], [ -165.22348, 60.89645 ], [ -165.237074, 60.910513 ], [ -165.246495, 60.912803 ], [ -165.263026, 60.923133 ], [ -165.276045, 60.937759 ], [ -165.274347, 60.946363 ], [ -165.293229, 60.954394 ], [ -165.30215, 60.96644 ], [ -165.301137, 60.990243 ], [ -165.293536, 60.999713 ], [ -165.261804, 61.021513 ], [ -165.254786, 61.034652 ], [ -165.236558, 61.05009 ], [ -165.24601, 61.053512 ], [ -165.258377, 61.050643 ], [ -165.290151, 61.03406 ], [ -165.346602, 61.015442 ], [ -165.41667, 61.01248 ], [ -165.538782, 61.02678 ], [ -165.606761, 61.040013 ], [ -165.66365, 61.057809 ], [ -165.71685, 61.096455 ], [ -165.743395, 61.125193 ], [ -165.786881, 61.198115 ], [ -165.801801, 61.20319 ], [ -165.822857, 61.217085 ], [ -165.83375, 61.227029 ], [ -165.837561, 61.238721 ], [ -165.923056, 61.264838 ], [ -165.939962, 61.275881 ], [ -165.953514, 61.294093 ], [ -165.990387, 61.316435 ], [ -165.998632, 61.335516 ], [ -166.023759, 61.361069 ], [ -166.032598, 61.378437 ], [ -166.0313, 61.395299 ], [ -166.19449, 61.459867 ], [ -166.254094, 61.522252 ], [ -166.280754, 61.562882 ], [ -166.288613, 61.580809 ], [ -166.286429, 61.603104 ], [ -166.279934, 61.62201 ], [ -166.260245, 61.658725 ], [ -166.262127, 61.693264 ], [ -166.25729, 61.709577 ], [ -166.237946, 61.740862 ], [ -166.235155, 61.764301 ], [ -166.237551, 61.780565 ], [ -166.22973, 61.798331 ], [ -166.197763, 61.834273 ], [ -166.171763, 61.852166 ], [ -166.112514, 61.873144 ], [ -166.106902, 61.905743 ], [ -166.09485, 61.946659 ], [ -166.08203, 61.963594 ], [ -166.075946, 61.98305 ], [ -166.096494, 61.998338 ], [ -166.118314, 62.009699 ], [ -166.129818, 62.025297 ], [ -166.126052, 62.038723 ], [ -166.096216, 62.073453 ], [ -166.049213, 62.108022 ], [ -166.005766, 62.123444 ], [ -165.985685, 62.126138 ], [ -165.948386, 62.124675 ], [ -165.90181, 62.119276 ], [ -165.89259, 62.138152 ], [ -165.874582, 62.150233 ], [ -165.848594, 62.160933 ], [ -165.820598, 62.166228 ], [ -165.813533, 62.176242 ], [ -165.792469, 62.190323 ], [ -165.770639, 62.198425 ], [ -165.739566, 62.204852 ], [ -165.721614, 62.222621 ], [ -165.668903, 62.250811 ], [ -165.659379, 62.264249 ], [ -165.621272, 62.291784 ], [ -165.525885, 62.35344 ], [ -165.44887, 62.391022 ], [ -165.438692, 62.41187 ], [ -165.41873, 62.440431 ], [ -165.37958, 62.469606 ], [ -165.388413, 62.485263 ], [ -165.383615, 62.496962 ], [ -165.346209, 62.526699 ], [ -165.35077, 62.547789 ], [ -165.338687, 62.576038 ], [ -165.311606, 62.59547 ], [ -165.276974, 62.609214 ], [ -165.213091, 62.614431 ], [ -165.239301, 62.634082 ], [ -165.248095, 62.648033 ], [ -165.245716, 62.66229 ], [ -165.255131, 62.672254 ], [ -165.259015, 62.6922 ], [ -165.247324, 62.709894 ], [ -165.221888, 62.722466 ], [ -165.165248, 62.735936 ], [ -165.126, 62.740517 ], [ -165.09046, 62.739395 ], [ -165.063015, 62.733981 ], [ -165.053052, 62.742251 ], [ -165.021888, 62.756215 ], [ -164.986703, 62.76074 ], [ -165.016893, 62.784435 ], [ -165.018759, 62.792414 ], [ -165.015019, 62.800403 ], [ -165.02314, 62.804109 ], [ -165.038144, 62.820647 ], [ -165.033767, 62.836606 ], [ -165.019387, 62.851992 ], [ -164.996533, 62.866583 ], [ -164.939272, 62.877516 ], [ -164.936894, 62.886167 ], [ -164.915884, 62.902607 ], [ -164.922134, 62.912501 ], [ -164.917997, 62.928251 ], [ -164.895533, 62.948636 ], [ -164.902935, 62.956998 ], [ -164.900532, 62.973546 ], [ -164.896626, 62.979504 ], [ -164.907047, 62.984196 ], [ -164.912525, 63.000005 ], [ -164.910614, 63.005155 ], [ -164.892969, 63.019144 ], [ -164.902998, 63.03317 ], [ -164.906736, 63.044895 ], [ -164.880216, 63.065445 ], [ -164.830317, 63.08225 ], [ -164.743802, 63.093231 ], [ -164.746821, 63.110398 ], [ -164.727744, 63.12465 ], [ -164.609283, 63.199523 ], [ -164.495673, 63.251159 ], [ -164.395461, 63.279893 ], [ -164.250047, 63.303452 ], [ -164.128906, 63.315302 ], [ -164.051256, 63.317355 ], [ -163.932943, 63.300173 ], [ -163.870625, 63.284227 ], [ -163.859742, 63.286142 ], [ -163.823624, 63.283838 ], [ -163.771848, 63.276228 ], [ -163.658101, 63.249717 ], [ -163.613403, 63.22868 ], [ -163.58471, 63.205803 ], [ -163.455166, 63.174955 ], [ -163.349816, 63.123687 ], [ -163.252479, 63.092454 ], [ -163.118702, 63.101558 ], [ -163.102792, 63.113062 ], [ -163.026178, 63.153468 ], [ -162.97786, 63.165923 ], [ -162.958127, 63.176791 ], [ -162.954679, 63.189894 ], [ -162.937697, 63.215102 ], [ -162.91691, 63.230799 ], [ -162.870861, 63.253559 ], [ -162.806441, 63.265994 ], [ -162.739517, 63.268925 ], [ -162.700287, 63.291175 ], [ -162.437773, 63.491994 ], [ -162.468317, 63.494261 ], [ -162.552552, 63.482598 ], [ -162.579718, 63.486787 ], [ -162.610749, 63.483027 ], [ -162.641963, 63.48499 ], [ -162.679831, 63.491626 ], [ -162.711111, 63.508731 ], [ -162.747559, 63.517902 ], [ -162.772898, 63.529747 ], [ -162.784653, 63.543666 ], [ -162.826441, 63.57636 ], [ -162.825788, 63.584924 ], [ -162.816031, 63.60337 ], [ -162.786166, 63.624067 ], [ -162.762994, 63.63256 ], [ -162.730634, 63.651205 ], [ -162.680081, 63.671265 ], [ -162.584319, 63.691392 ], [ -162.544043, 63.694697 ], [ -162.514518, 63.693041 ], [ -162.481046, 63.685007 ], [ -162.452957, 63.689087 ], [ -162.394359, 63.688304 ], [ -162.356943, 63.681605 ], [ -162.338829, 63.675254 ], [ -162.304355, 63.672025 ], [ -162.274573, 63.660012 ], [ -162.25462, 63.646467 ], [ -162.249931, 63.628352 ], [ -162.225381, 63.609557 ], [ -162.222744, 63.596914 ], [ -162.172318, 63.587037 ], [ -161.95696, 63.557209 ], [ -161.924935, 63.536389 ], [ -161.896214, 63.50822 ], [ -161.860176, 63.496281 ], [ -161.840405, 63.493288 ], [ -161.745942, 63.503322 ], [ -161.7189, 63.51157 ], [ -161.687774, 63.514617 ], [ -161.641915, 63.512201 ], [ -161.603114, 63.504155 ], [ -161.511954, 63.519746 ], [ -161.366852, 63.516891 ], [ -161.285188, 63.52337 ], [ -161.270082, 63.530191 ], [ -161.248694, 63.552113 ], [ -161.224995, 63.564452 ], [ -161.202071, 63.587368 ], [ -161.142543, 63.604178 ], [ -161.138938, 63.614709 ], [ -161.139971, 63.625226 ], [ -161.098069, 63.656136 ], [ -161.070436, 63.664267 ], [ -161.024205, 63.671793 ], [ -161.008489, 63.677677 ], [ -160.99681, 63.689583 ], [ -160.8862, 63.771397 ], [ -160.87698, 63.796878 ], [ -160.880051, 63.812181 ], [ -160.887727, 63.824559 ], [ -160.898774, 63.833176 ], [ -160.920124, 63.859745 ], [ -160.936482, 63.90848 ], [ -160.944644, 63.921532 ], [ -161.009272, 63.979281 ], [ -161.016889, 63.989419 ], [ -161.018489, 63.998554 ], [ -161.04566, 64.022467 ], [ -161.064424, 64.063921 ], [ -161.0706, 64.084975 ], [ -161.062344, 64.113389 ], [ -161.076476, 64.127471 ], [ -161.075402, 64.206652 ], [ -161.326796, 64.334012 ], [ -161.413899, 64.358587 ], [ -161.443175, 64.34009 ], [ -161.493433, 64.328378 ], [ -161.554656, 64.328741 ], [ -161.59084, 64.335541 ], [ -161.666369, 64.36047 ], [ -162.002127, 64.458789 ], [ -162.027939, 64.461317 ], [ -162.237403, 64.524356 ], [ -162.313491, 64.542789 ], [ -162.441884, 64.504119 ], [ -162.471983, 64.486843 ], [ -162.486691, 64.470897 ], [ -162.491982, 64.440386 ], [ -162.504468, 64.417837 ], [ -162.512552, 64.392573 ], [ -162.517872, 64.384906 ], [ -162.557921, 64.355794 ], [ -162.594768, 64.338437 ], [ -162.632747, 64.331926 ], [ -162.684977, 64.304353 ], [ -162.728062, 64.287467 ], [ -162.795802, 64.275674 ], [ -163.165797, 64.349864 ], [ -163.215381, 64.353277 ], [ -163.241932, 64.360743 ], [ -163.323338, 64.407866 ], [ -163.349687, 64.437667 ], [ -163.363754, 64.445642 ], [ -163.431855, 64.46665 ], [ -163.457729, 64.48211 ], [ -163.536172, 64.503581 ], [ -163.61233, 64.517918 ], [ -163.656951, 64.52194 ], [ -163.75039, 64.51964 ], [ -163.787863, 64.524126 ], [ -163.814064, 64.531186 ], [ -163.850767, 64.519398 ], [ -163.976218, 64.508316 ], [ -164.180902, 64.519569 ], [ -164.266312, 64.518333 ], [ -164.355355, 64.508447 ], [ -164.465135, 64.483867 ], [ -164.754801, 64.407824 ], [ -164.804228, 64.401061 ], [ -165.032205, 64.387987 ], [ -165.335918, 64.444417 ], [ -165.476868, 64.45769 ], [ -165.680679, 64.483641 ], [ -165.850211, 64.493879 ], [ -166.07779, 64.520459 ], [ -166.07314, 64.510262 ], [ -166.070873, 64.490159 ], [ -166.095696, 64.459804 ], [ -166.133535, 64.438212 ], [ -166.153861, 64.432974 ], [ -166.212338, 64.429856 ], [ -166.271959, 64.43778 ], [ -166.31453, 64.45436 ], [ -166.351132, 64.477883 ], [ -166.353875, 64.506444 ], [ -166.33091, 64.525851 ], [ -166.281388, 64.544956 ], [ -166.352029, 64.568137 ], [ -166.440113, 64.603257 ], [ -166.49126, 64.618958 ], [ -166.507841, 64.631373 ], [ -166.590163, 64.738948 ], [ -166.585881, 64.766261 ], [ -166.577566, 64.777999 ], [ -166.586748, 64.801469 ], [ -166.582187, 64.822089 ], [ -166.570203, 64.833417 ], [ -166.517208, 64.857383 ], [ -166.522688, 64.871103 ], [ -166.589185, 64.908291 ], [ -166.761901, 64.963493 ], [ -166.783276, 64.979718 ], [ -166.828999, 64.999315 ], [ -166.824467, 65.017457 ], [ -166.878158, 65.02995 ], [ -166.978964, 65.06941 ], [ -167.04093, 65.109248 ], [ -167.072981, 65.138385 ], [ -167.084339, 65.155695 ], [ -167.072439, 65.199782 ], [ -167.039248, 65.243394 ], [ -167.008529, 65.276652 ], [ -166.97754, 65.297636 ], [ -166.94893, 65.307909 ], [ -167.070331, 65.327491 ], [ -167.191299, 65.337629 ], [ -167.272177, 65.338153 ], [ -167.400891, 65.34727 ], [ -167.488585, 65.360414 ], [ -167.60639, 65.385626 ], [ -167.664684, 65.405378 ], [ -167.756709, 65.447226 ], [ -167.830881, 65.465837 ], [ -167.896866, 65.476685 ], [ -167.938029, 65.499896 ], [ -168.004429, 65.504192 ], [ -168.03105, 65.50943 ], [ -168.065368, 65.522518 ], [ -168.126639, 65.530526 ], [ -168.152967, 65.538889 ], [ -168.167584, 65.546902 ], [ -168.175415, 65.555614 ], [ -168.176204, 65.562742 ], [ -168.218653, 65.596123 ], [ -168.231887, 65.622567 ], [ -168.229243, 65.650266 ], [ -168.221307, 65.675449 ], [ -168.200141, 65.699372 ], [ -168.155129, 65.728351 ], [ -168.077126, 65.756089 ], [ -167.883398, 65.803275 ], [ -167.718856, 65.834922 ], [ -167.520823, 65.878152 ], [ -167.308342, 65.944325 ], [ -167.238601, 65.970859 ], [ -167.178403, 65.999567 ], [ -167.007857, 66.05141 ], [ -166.719474, 66.148046 ], [ -166.480248, 66.211933 ], [ -166.317088, 66.251935 ], [ -166.093966, 66.315998 ], [ -165.777739, 66.397362 ], [ -165.43444, 66.47523 ], [ -165.138819, 66.528458 ], [ -164.751902, 66.592546 ], [ -164.463535, 66.626301 ], [ -164.220991, 66.6385 ], [ -163.900789, 66.642667 ], [ -163.756111, 66.638968 ], [ -163.626215, 66.624174 ], [ -163.403542, 66.710324 ], [ -163.203244, 66.782197 ], [ -162.978418, 66.870952 ], [ -162.893091, 66.899743 ], [ -162.832032, 66.926813 ], [ -162.847943, 66.931607 ], [ -162.876849, 66.947828 ], [ -163.049471, 66.986611 ], [ -163.129898, 66.994838 ], [ -163.149899, 67.0 ], [ -163.340526, 67.025915 ], [ -163.617682, 67.048732 ], [ -163.781524, 67.06976 ], [ -163.911385, 67.104695 ], [ -163.99123, 67.147883 ], [ -164.002718, 67.172554 ], [ -163.962463, 67.196696 ], [ -163.924408, 67.207512 ], [ -163.882534, 67.214976 ], [ -163.905647, 67.253437 ], [ -164.00451, 67.397808 ], [ -164.116656, 67.499967 ], [ -164.175429, 67.547599 ], [ -164.230313, 67.575054 ], [ -164.28127, 67.591666 ], [ -164.655222, 67.692448 ], [ -165.499453, 68.018782 ], [ -165.578109, 68.032999 ], [ -165.68438, 68.034723 ], [ -165.86945, 68.055089 ], [ -165.966042, 68.072492 ], [ -166.03391, 68.091812 ], [ -166.095919, 68.118267 ], [ -166.129248, 68.154629 ], [ -166.177537, 68.18503 ], [ -166.2853, 68.224367 ], [ -166.364776, 68.244265 ], [ -166.471414, 68.264721 ], [ -166.651983, 68.288318 ], [ -166.759633, 68.294564 ], [ -166.86059, 68.287478 ], [ -166.942041, 68.302594 ], [ -166.972107, 68.322448 ], [ -166.971567, 68.35606 ], [ -166.912914, 68.385326 ], [ -166.849981, 68.401644 ], [ -166.502872, 68.456109 ], [ -166.457838, 68.466135 ], [ -166.443925, 68.478486 ], [ -166.434915, 68.530642 ], [ -166.367664, 68.574994 ], [ -166.36147, 68.634586 ], [ -166.371236, 68.651302 ], [ -166.333297, 68.696133 ], [ -166.341285, 68.713051 ], [ -166.327312, 68.781756 ], [ -166.366119, 68.868875 ], [ -166.347428, 68.900386 ], [ -166.278334, 68.92707 ], [ -166.200151, 68.933823 ], [ -165.620856, 68.903708 ], [ -165.357048, 68.908939 ], [ -164.795587, 68.949084 ], [ -164.638672, 68.966439 ], [ -164.480914, 68.968528 ], [ -164.279379, 68.979617 ], [ -164.020365, 69.03315 ], [ -163.933067, 69.069815 ], [ -163.792339, 69.108021 ], [ -163.650798, 69.168692 ], [ -163.571891, 69.223146 ], [ -163.380589, 69.320219 ], [ -163.333191, 69.35932 ], [ -163.289589, 69.430357 ], [ -163.287772, 69.632384 ], [ -163.206275, 69.757031 ], [ -163.133561, 69.838702 ], [ -162.818817, 69.999028 ], [ -162.605901, 70.146847 ], [ -162.465221, 70.217243 ], [ -161.948657, 70.374742 ], [ -161.870216, 70.382785 ], [ -161.504947, 70.350732 ], [ -161.315134, 70.347256 ], [ -161.038098, 70.389898 ], [ -160.907861, 70.415742 ], [ -160.665148, 70.476437 ], [ -160.414217, 70.561298 ], [ -160.303955, 70.603371 ], [ -160.244558, 70.635975 ], [ -160.042375, 70.719861 ], [ -159.879411, 70.777179 ], [ -159.755467, 70.830526 ], [ -159.597545, 70.864719 ], [ -159.23844, 70.920281 ], [ -159.079436, 70.932758 ], [ -158.905014, 70.955372 ], [ -158.733998, 70.963119 ], [ -158.677808, 70.959249 ], [ -158.620767, 70.945568 ], [ -158.552723, 70.902828 ], [ -158.452243, 70.884934 ], [ -158.333536, 70.872034 ], [ -158.171463, 70.871047 ], [ -157.931469, 70.902154 ], [ -157.815236, 70.927274 ], [ -157.532422, 71.007554 ], [ -157.348288, 71.087976 ], [ -157.239584, 71.157098 ], [ -156.94083, 71.311204 ], [ -156.760867, 71.372877 ], [ -156.642261, 71.396139 ], [ -156.582252, 71.427671 ], [ -156.48772, 71.439786 ], [ -156.400626, 71.435407 ], [ -156.294684, 71.408506 ], [ -156.248047, 71.406245 ], [ -155.926428, 71.357685 ], [ -155.827361, 71.328692 ], [ -155.756215, 71.283381 ], [ -155.657935, 71.287043 ], [ -155.458865, 71.26859 ], [ -155.30018, 71.235261 ], [ -155.146466, 71.223477 ], [ -155.003322, 71.200078 ], [ -154.821317, 71.158961 ], [ -154.626275, 71.100724 ], [ -154.498788, 71.055368 ], [ -154.437675, 71.023552 ], [ -153.899175, 70.936218 ], [ -153.74238, 70.945055 ], [ -153.512403, 70.935944 ], [ -153.445078, 70.940861 ], [ -153.27431, 70.970957 ], [ -153.137035, 70.974059 ], [ -153.05275, 70.967715 ], [ -153.000113, 70.969877 ], [ -152.938991, 70.961124 ], [ -152.862493, 70.964182 ], [ -152.816845, 70.960524 ], [ -152.679914, 70.934576 ], [ -152.509757, 70.934726 ], [ -152.396399, 70.910949 ], [ -152.342426, 70.907057 ], [ -152.151851, 70.875131 ], [ -152.080726, 70.844067 ], [ -152.058155, 70.841165 ], [ -152.04636, 70.813156 ], [ -151.61274, 70.593604 ], [ -151.546207, 70.583044 ], [ -151.516778, 70.571355 ], [ -151.503329, 70.536023 ], [ -151.547719, 70.504123 ], [ -151.548891, 70.491085 ], [ -151.369256, 70.473393 ], [ -151.314977, 70.463426 ], [ -151.189837, 70.492924 ], [ -151.044642, 70.497621 ], [ -150.92972, 70.514285 ], [ -150.871147, 70.535535 ], [ -150.795152, 70.548359 ], [ -150.652326, 70.544851 ], [ -150.601516, 70.551292 ], [ -150.500803, 70.548853 ], [ -150.435341, 70.557849 ], [ -150.34524, 70.553232 ], [ -150.323214, 70.57856 ], [ -150.242712, 70.604337 ], [ -150.117869, 70.606181 ], [ -150.033533, 70.587698 ], [ -149.993396, 70.604196 ], [ -149.929511, 70.614763 ], [ -149.795955, 70.61187 ], [ -149.719131, 70.621936 ], [ -149.407348, 70.603825 ], [ -149.295908, 70.587649 ], [ -149.21735, 70.58293 ], [ -149.182465, 70.574543 ], [ -149.090476, 70.56542 ], [ -148.974944, 70.533706 ], [ -148.78726, 70.525377 ], [ -148.711811, 70.50767 ], [ -148.651767, 70.478168 ], [ -148.548867, 70.472972 ], [ -148.487009, 70.453316 ], [ -148.515479, 70.477475 ], [ -148.514939, 70.489716 ], [ -148.502749, 70.504325 ], [ -148.421305, 70.532864 ], [ -148.292512, 70.537459 ], [ -148.23389, 70.528912 ], [ -148.210422, 70.518249 ], [ -148.169068, 70.517744 ], [ -148.126929, 70.501345 ], [ -148.099622, 70.524 ], [ -148.051965, 70.538833 ], [ -148.003502, 70.545579 ], [ -147.899626, 70.542099 ], [ -147.818531, 70.520023 ], [ -147.778474, 70.491661 ], [ -147.775626, 70.484916 ], [ -147.779436, 70.471869 ], [ -147.707475, 70.469639 ], [ -147.652482, 70.459704 ], [ -147.622645, 70.447144 ], [ -147.611266, 70.436478 ], [ -147.562431, 70.446586 ], [ -147.455158, 70.445705 ], [ -147.372518, 70.430539 ], [ -147.328351, 70.407433 ], [ -147.277332, 70.402515 ], [ -147.225937, 70.388986 ], [ -147.182621, 70.369754 ], [ -147.171908, 70.350164 ], [ -147.096413, 70.358608 ], [ -146.926522, 70.350783 ], [ -146.841483, 70.334957 ], [ -146.777882, 70.315744 ], [ -146.746467, 70.291868 ], [ -146.708963, 70.28243 ], [ -146.60897, 70.28727 ], [ -146.456944, 70.280393 ], [ -146.377918, 70.28375 ], [ -146.249175, 70.26734 ], [ -146.206061, 70.254694 ], [ -146.104011, 70.253289 ], [ -145.981781, 70.242307 ], [ -145.741855, 70.199237 ], [ -145.564554, 70.14455 ], [ -145.450117, 70.133163 ], [ -145.366584, 70.112729 ], [ -145.335508, 70.098708 ], [ -145.27936, 70.088959 ], [ -145.064983, 70.087611 ], [ -144.986093, 70.070305 ], [ -144.926553, 70.040021 ], [ -144.843338, 70.039576 ], [ -144.681468, 70.015773 ], [ -144.529104, 70.079061 ], [ -144.433968, 70.09273 ], [ -144.366956, 70.092281 ], [ -144.143083, 70.131866 ], [ -144.056861, 70.138663 ], [ -144.011588, 70.156707 ], [ -143.940585, 70.169685 ], [ -143.830619, 70.170345 ], [ -143.575659, 70.199428 ], [ -143.491418, 70.195931 ], [ -143.444714, 70.185557 ], [ -143.411447, 70.183571 ], [ -143.360787, 70.196324 ], [ -143.296206, 70.201696 ], [ -143.226433, 70.201998 ], [ -143.14145, 70.187597 ], [ -143.104388, 70.169183 ], [ -143.050274, 70.159831 ], [ -143.027932, 70.151191 ], [ -142.890097, 70.123626 ], [ -142.858236, 70.114266 ], [ -142.80291, 70.107052 ], [ -142.760391, 70.095432 ], [ -142.706295, 70.088196 ], [ -142.480273, 70.033905 ], [ -142.425158, 70.011456 ], [ -142.349506, 69.994465 ], [ -142.312375, 69.98032 ], [ -142.307591, 69.975716 ], [ -142.258141, 69.96431 ], [ -142.239794, 69.954742 ], [ -142.057807, 69.90335 ], [ -141.914016, 69.87204 ], [ -141.74611, 69.848242 ], [ -141.676877, 69.835243 ], [ -141.591453, 69.814582 ], [ -141.452863, 69.772776 ], [ -141.383844, 69.749975 ], [ -141.377896, 69.744147 ], [ -141.133589, 69.725351 ], [ -141.002782, 69.703648 ], [ -141.000591, 69.646614 ], [ -141.001833, 60.305894 ], [ -140.768801, 60.26018 ], [ -140.520427, 60.219819 ], [ -140.458209, 60.308086 ], [ -139.981093, 60.181965 ], [ -139.692982, 60.335225 ], [ -139.07482, 60.352504 ], [ -139.072125, 60.319429 ], [ -139.198847, 60.088296 ], [ -139.053673, 59.994836 ], [ -138.79852, 59.924649 ], [ -138.707376, 59.906326 ], [ -138.679457, 59.84537 ], [ -138.668649, 59.809656 ], [ -138.626199, 59.76858 ], [ -138.108029, 59.504744 ], [ -137.607354, 59.243803 ], [ -137.542135, 59.106427 ], [ -137.5, 58.985395 ], [ -137.526115, 58.906371 ], [ -137.451726, 58.908349 ], [ -137.282847, 58.999998 ], [ -137.175647, 59.032142 ], [ -136.969676, 59.101234 ], [ -136.876737, 59.136154 ], [ -136.828727, 59.159959 ], [ -136.584442, 59.165854 ], [ -136.489703, 59.259775 ], [ -136.495756, 59.275133 ], [ -136.469248, 59.284079 ], [ -136.477379, 59.376233 ], [ -136.477156, 59.465824 ], [ -136.368243, 59.44896 ], [ -136.305022, 59.464518 ], [ -136.238506, 59.524326 ], [ -136.23983, 59.559412 ], [ -136.353936, 59.599827 ], [ -136.192904, 59.640027 ], [ -135.952645, 59.662166 ], [ -135.479162, 59.798041 ], [ -135.360108, 59.737612 ], [ -135.252765, 59.698279 ], [ -135.233668, 59.696144 ], [ -135.219844, 59.662776 ], [ -135.15759, 59.62572 ], [ -135.117833, 59.62307 ], [ -135.0289, 59.56366 ], [ -135.02756, 59.474738 ], [ -135.077281, 59.45177 ], [ -135.10102, 59.427531 ], [ -134.989746, 59.387129 ], [ -135.030525, 59.346348 ], [ -134.959904, 59.280927 ], [ -134.700718, 59.24901 ], [ -134.679117, 59.192274 ], [ -134.565568, 59.131123 ], [ -134.483393, 59.131602 ], [ -134.447124, 59.089224 ], [ -134.381879, 59.038763 ], [ -134.407147, 58.97921 ], [ -134.31349, 58.962182 ], [ -134.336466, 58.923413 ], [ -134.258072, 58.861037 ], [ -133.972357, 58.767312 ], [ -133.840504, 58.729444 ], [ -133.707118, 58.612274 ], [ -133.557805, 58.523131 ], [ -133.377305, 58.430549 ], [ -133.461504, 58.387723 ], [ -133.345433, 58.276333 ], [ -133.269982, 58.227105 ], [ -133.172311, 58.153676 ], [ -133.070098, 58.00034 ], [ -132.869367, 57.839713 ], [ -132.751058, 57.695973 ], [ -132.660863, 57.616736 ], [ -132.553685, 57.496514 ], [ -132.36979, 57.349746 ], [ -132.247921, 57.211253 ], [ -132.368982, 57.091513 ], [ -132.04519, 57.045059 ], [ -132.123568, 56.873648 ], [ -131.872878, 56.805994 ], [ -131.901072, 56.753675 ], [ -131.860671, 56.702983 ], [ -131.835327, 56.599203 ], [ -131.581069, 56.612231 ], [ -131.472029, 56.552666 ], [ -131.173469, 56.449524 ], [ -131.087349, 56.406005 ], [ -130.781981, 56.366844 ], [ -130.62331, 56.266878 ], [ -130.540532, 56.247451 ], [ -130.46787, 56.243054 ], [ -130.426006, 56.141561 ], [ -130.35009, 56.128542 ], [ -130.246219, 56.096411 ], [ -130.103799, 56.122798 ], [ -130.003484, 56.008075 ], [ -130.017669, 55.911933 ], [ -130.003787, 55.911931 ], [ -130.003787, 55.907442 ], [ -130.083493, 55.821707 ], [ -130.124764, 55.805642 ], [ -130.152406, 55.766287 ], [ -130.147758, 55.714903 ], [ -130.111657, 55.682901 ], [ -130.127904, 55.581035 ], [ -130.089853, 55.497978 ], [ -130.041216, 55.451725 ], [ -130.021107, 55.337916 ], [ -129.976649, 55.300371 ], [ -129.974167, 55.281919 ], [ -130.102842, 55.192602 ], [ -130.146125, 55.142842 ], [ -130.15243, 55.124616 ], [ -130.180886, 55.091251 ], [ -130.187562, 55.062841 ], [ -130.273328, 54.973964 ], [ -130.344537, 54.918813 ], [ -130.422716, 54.873373 ], [ -130.459388, 54.848465 ], [ -130.568203, 54.792153 ], [ -130.628874, 54.78272 ], [ -130.659038, 54.763058 ], [ -130.625721, 54.738073 ], [ -130.62864, 54.724732 ], [ -130.643107, 54.694681 ], [ -130.641558, 54.680663 ], [ -130.64791, 54.648906 ], [ -130.726595, 54.669923 ], [ -131.053724, 54.687221 ], [ -131.203074, 54.691317 ], [ -132.004808, 54.682448 ], [ -132.925702, 54.65897 ], [ -133.648903, 54.632045 ], [ -133.659634, 54.649152 ], [ -133.724505, 54.794971 ], [ -133.741566, 54.822922 ], [ -133.756058, 54.877279 ], [ -133.776053, 54.937353 ], [ -133.784521, 54.95349 ], [ -133.790528, 55.000581 ], [ -133.766989, 55.025856 ], [ -133.70094, 55.078617 ], [ -133.660216, 55.117188 ], [ -133.61366, 55.170265 ], [ -133.611481, 55.176459 ], [ -133.648168, 55.181492 ], [ -133.670012, 55.187833 ], [ -133.691221, 55.198473 ], [ -133.707609, 55.229371 ], [ -133.761697, 55.265799 ], [ -133.775623, 55.282245 ], [ -133.778449, 55.319616 ], [ -133.761376, 55.346261 ], [ -133.767368, 55.357633 ], [ -133.772156, 55.379141 ], [ -133.769151, 55.388924 ], [ -133.771598, 55.394323 ], [ -133.80733, 55.388031 ], [ -133.833038, 55.388568 ], [ -133.873917, 55.39884 ], [ -133.885698, 55.403941 ], [ -133.89715, 55.414941 ], [ -133.907153, 55.434003 ], [ -133.897856, 55.459075 ], [ -133.861381, 55.480639 ], [ -133.861198, 55.501623 ], [ -133.845737, 55.525233 ], [ -133.834841, 55.53326 ], [ -133.836092, 55.546053 ], [ -133.829339, 55.570917 ], [ -133.810351, 55.586406 ], [ -133.813935, 55.60305 ], [ -133.798246, 55.633231 ], [ -133.807749, 55.638364 ], [ -133.812675, 55.645135 ], [ -133.842234, 55.647228 ], [ -133.867501, 55.657325 ], [ -133.882491, 55.673534 ], [ -133.887681, 55.683639 ], [ -133.886146, 55.700606 ], [ -133.879562, 55.715451 ], [ -133.852228, 55.733319 ], [ -133.831784, 55.74151 ], [ -133.84326, 55.751804 ], [ -133.848518, 55.763395 ], [ -133.848962, 55.778064 ], [ -133.837978, 55.793297 ], [ -133.855726, 55.794808 ], [ -133.896248, 55.778133 ], [ -133.936564, 55.775997 ], [ -133.965255, 55.780699 ], [ -133.995884, 55.795201 ], [ -134.007385, 55.805938 ], [ -134.012768, 55.819705 ], [ -134.011629, 55.830194 ], [ -134.002184, 55.847262 ], [ -134.019227, 55.864937 ], [ -134.026417, 55.882433 ], [ -134.026978, 55.892 ], [ -134.036727, 55.880898 ], [ -134.046609, 55.850477 ], [ -134.192027, 55.693053 ], [ -134.42103, 55.748631 ], [ -134.56937, 55.80401 ], [ -134.618946, 55.834734 ], [ -134.645128, 55.865217 ], [ -134.643437, 55.878928 ], [ -134.631996, 55.898755 ], [ -134.601556, 55.922925 ], [ -134.524971, 55.948566 ], [ -134.512505, 55.955937 ], [ -134.496541, 55.969896 ], [ -134.493042, 55.977473 ], [ -134.490288, 55.992675 ], [ -134.494173, 55.999638 ], [ -134.532787, 56.028267 ], [ -134.666396, 56.147586 ], [ -134.815063, 56.215859 ], [ -134.846008, 56.233955 ], [ -135.1998, 56.5064 ], [ -135.7868, 56.9413 ], [ -135.8599, 56.9924 ], [ -136.0468, 57.2718 ], [ -136.2379, 57.5345 ], [ -136.4075, 57.7499 ], [ -136.454427, 57.830676 ], [ -136.464091, 57.836729 ] ] ], [ [ [ -161.814522, 63.64667 ], [ -161.758495, 63.654517 ], [ -161.696387, 63.648986 ], [ -161.661145, 63.635382 ], [ -161.649477, 63.62764 ], [ -161.639572, 63.617746 ], [ -161.633969, 63.604324 ], [ -161.641536, 63.588497 ], [ -161.651662, 63.579662 ], [ -161.694077, 63.559232 ], [ -161.72105, 63.553739 ], [ -161.751965, 63.552063 ], [ -161.78447, 63.553788 ], [ -161.812403, 63.559943 ], [ -161.849814, 63.577357 ], [ -161.857026, 63.587982 ], [ -161.859289, 63.610911 ], [ -161.855846, 63.621632 ], [ -161.840317, 63.635116 ], [ -161.814522, 63.64667 ] ] ], [ [ [ -161.223548, 64.176433 ], [ -161.197017, 64.163977 ], [ -161.176662, 64.146856 ], [ -161.176784, 64.140283 ], [ -161.185437, 64.126156 ], [ -161.184483, 64.106159 ], [ -161.196381, 64.091974 ], [ -161.22175, 64.075294 ], [ -161.252273, 64.065963 ], [ -161.306032, 64.061969 ], [ -161.37318, 64.069742 ], [ -161.414441, 64.08677 ], [ -161.432417, 64.105336 ], [ -161.436921, 64.133553 ], [ -161.420197, 64.158416 ], [ -161.393287, 64.172014 ], [ -161.355713, 64.183777 ], [ -161.310363, 64.189368 ], [ -161.264813, 64.18466 ], [ -161.223548, 64.176433 ] ] ], [ [ [ -118.625917, 33.085664 ], [ -118.578337, 33.086243 ], [ -118.542103, 33.073788 ], [ -118.523727, 33.059972 ], [ -118.495582, 33.026336 ], [ -118.489497, 33.01063 ], [ -118.448863, 32.96175 ], [ -118.423338, 32.946483 ], [ -118.390787, 32.917841 ], [ -118.328898, 32.875037 ], [ -118.29725, 32.845094 ], [ -118.289894, 32.829383 ], [ -118.288946, 32.81615 ], [ -118.292813, 32.803804 ], [ -118.302848, 32.788846 ], [ -118.323819, 32.773514 ], [ -118.343192, 32.767062 ], [ -118.359102, 32.766156 ], [ -118.378377, 32.770232 ], [ -118.392557, 32.758501 ], [ -118.404143, 32.753301 ], [ -118.436538, 32.75004 ], [ -118.464712, 32.760176 ], [ -118.50091, 32.792026 ], [ -118.542502, 32.816574 ], [ -118.553186, 32.828797 ], [ -118.562528, 32.849438 ], [ -118.59693, 32.890466 ], [ -118.605289, 32.90854 ], [ -118.608802, 32.92769 ], [ -118.622117, 32.941434 ], [ -118.635522, 32.9656 ], [ -118.644732, 33.000033 ], [ -118.670173, 33.000034 ], [ -118.675941, 33.015421 ], [ -118.678204, 33.039726 ], [ -118.670782, 33.057966 ], [ -118.654363, 33.074952 ], [ -118.625917, 33.085664 ] ] ], [ [ [ -119.625944, 33.305036 ], [ -119.59252, 33.325823 ], [ -119.564931, 33.327637 ], [ -119.543545, 33.334159 ], [ -119.525313, 33.334862 ], [ -119.49512, 33.327154 ], [ -119.429996, 33.301031 ], [ -119.375938, 33.264756 ], [ -119.360926, 33.24206 ], [ -119.362442, 33.214821 ], [ -119.375937, 33.192186 ], [ -119.394536, 33.180836 ], [ -119.444967, 33.16527 ], [ -119.476486, 33.163493 ], [ -119.51025, 33.167417 ], [ -119.569323, 33.184615 ], [ -119.611471, 33.212733 ], [ -119.631283, 33.244974 ], [ -119.636068, 33.280713 ], [ -119.625944, 33.305036 ] ] ], [ [ [ -118.652015, 33.514093 ], [ -118.638404, 33.524026 ], [ -118.612158, 33.53185 ], [ -118.589719, 33.531978 ], [ -118.579144, 33.52841 ], [ -118.523236, 33.530153 ], [ -118.506757, 33.524911 ], [ -118.493335, 33.515726 ], [ -118.477276, 33.515434 ], [ -118.462853, 33.510427 ], [ -118.436835, 33.489443 ], [ -118.427095, 33.487161 ], [ -118.420841, 33.481782 ], [ -118.40323, 33.479267 ], [ -118.359393, 33.464922 ], [ -118.316351, 33.434137 ], [ -118.304102, 33.403632 ], [ -118.262748, 33.37044 ], [ -118.251379, 33.353397 ], [ -118.245102, 33.338341 ], [ -118.241051, 33.313029 ], [ -118.250903, 33.280465 ], [ -118.269178, 33.26568 ], [ -118.292458, 33.254078 ], [ -118.327993, 33.248083 ], [ -118.363311, 33.255074 ], [ -118.385589, 33.265358 ], [ -118.455072, 33.269019 ], [ -118.486688, 33.276905 ], [ -118.50368, 33.285314 ], [ -118.518037, 33.29665 ], [ -118.540849, 33.325088 ], [ -118.549606, 33.350647 ], [ -118.551193, 33.369352 ], [ -118.547929, 33.376799 ], [ -118.573197, 33.383479 ], [ -118.607228, 33.398294 ], [ -118.618574, 33.406191 ], [ -118.630734, 33.423203 ], [ -118.655057, 33.44531 ], [ -118.665919, 33.467334 ], [ -118.668203, 33.485937 ], [ -118.66371, 33.500025 ], [ -118.652015, 33.514093 ] ] ], [ [ [ -119.083736, 33.532907 ], [ -119.023943, 33.540003 ], [ -119.000932, 33.535895 ], [ -118.982149, 33.52426 ], [ -118.968307, 33.505563 ], [ -118.962759, 33.485205 ], [ -118.963751, 33.46683 ], [ -118.980512, 33.428593 ], [ -119.000931, 33.418493 ], [ -119.000931, 33.421302 ], [ -119.027044, 33.412874 ], [ -119.053071, 33.411024 ], [ -119.071893, 33.413799 ], [ -119.094128, 33.426872 ], [ -119.108879, 33.451151 ], [ -119.107215, 33.500023 ], [ -119.118949, 33.500022 ], [ -119.108718, 33.519264 ], [ -119.083736, 33.532907 ] ] ], [ [ [ -119.523312, 33.954925 ], [ -119.538949, 33.947656 ], [ -119.581586, 33.93967 ], [ -119.618531, 33.935881 ], [ -119.63673, 33.938277 ], [ -119.687596, 33.915639 ], [ -119.707491, 33.910388 ], [ -119.772829, 33.912414 ], [ -119.823208, 33.89939 ], [ -119.855219, 33.907487 ], [ -119.904762, 33.939674 ], [ -119.911023, 33.923898 ], [ -119.91893, 33.914354 ], [ -119.93919, 33.898643 ], [ -119.962681, 33.89244 ], [ -119.980842, 33.892317 ], [ -120.00096, 33.885248 ], [ -120.02781, 33.866512 ], [ -120.07065, 33.85649 ], [ -120.090455, 33.846319 ], [ -120.104088, 33.842396 ], [ -120.125964, 33.842348 ], [ -120.149551, 33.847962 ], [ -120.221128, 33.884187 ], [ -120.23872, 33.904106 ], [ -120.250969, 33.908436 ], [ -120.264495, 33.918916 ], [ -120.273096, 33.929577 ], [ -120.280033, 33.953939 ], [ -120.298973, 33.968457 ], [ -120.317386, 33.966371 ], [ -120.332253, 33.968425 ], [ -120.367073, 33.961036 ], [ -120.395636, 33.967427 ], [ -120.411766, 33.977045 ], [ -120.466777, 33.976116 ], [ -120.488151, 33.984283 ], [ -120.518784, 34.01408 ], [ -120.525852, 34.032994 ], [ -120.523387, 34.051133 ], [ -120.550051, 34.057286 ], [ -120.566995, 34.068638 ], [ -120.581548, 34.091488 ], [ -120.582264, 34.107517 ], [ -120.575089, 34.126474 ], [ -120.567847, 34.135618 ], [ -120.538118, 34.150344 ], [ -120.516039, 34.152798 ], [ -120.497378, 34.149892 ], [ -120.471654, 34.134102 ], [ -120.449074, 34.150593 ], [ -120.418787, 34.160569 ], [ -120.368746, 34.151041 ], [ -120.355161, 34.145021 ], [ -120.342712, 34.131502 ], [ -120.338562, 34.121687 ], [ -120.321087, 34.11045 ], [ -120.297787, 34.104116 ], [ -120.284651, 34.09475 ], [ -120.271579, 34.074141 ], [ -120.252846, 34.058031 ], [ -120.224878, 34.061312 ], [ -120.197576, 34.05815 ], [ -120.171128, 34.073318 ], [ -120.135006, 34.07881 ], [ -120.120132, 34.078942 ], [ -120.102918, 34.074494 ], [ -120.080285, 34.086401 ], [ -120.045154, 34.090606 ], [ -120.01021, 34.084043 ], [ -120.000963, 34.078671 ], [ -119.991643, 34.064868 ], [ -119.981947, 34.089377 ], [ -119.965471, 34.11256 ], [ -119.947835, 34.124999 ], [ -119.928795, 34.129902 ], [ -119.875985, 34.126234 ], [ -119.82922, 34.118702 ], [ -119.792601, 34.106375 ], [ -119.769032, 34.111943 ], [ -119.750981, 34.112582 ], [ -119.725973, 34.10209 ], [ -119.709463, 34.100663 ], [ -119.693007, 34.094854 ], [ -119.654931, 34.071218 ], [ -119.614268, 34.099432 ], [ -119.590556, 34.105638 ], [ -119.557426, 34.108603 ], [ -119.538419, 34.105413 ], [ -119.512106, 34.09346 ], [ -119.467842, 34.062931 ], [ -119.437318, 34.067716 ], [ -119.397006, 34.063792 ], [ -119.367877, 34.070416 ], [ -119.342462, 34.068964 ], [ -119.312087, 34.054388 ], [ -119.297642, 34.036583 ], [ -119.294398, 34.027503 ], [ -119.296238, 33.99724 ], [ -119.311615, 33.980023 ], [ -119.332794, 33.967721 ], [ -119.351856, 33.964454 ], [ -119.380456, 33.953611 ], [ -119.422891, 33.954112 ], [ -119.465191, 33.967426 ], [ -119.49229, 33.983215 ], [ -119.500952, 33.971484 ], [ -119.523312, 33.954925 ] ] ], [ [ [ -103.064625, 32.999899 ], [ -103.06451, 32.000424 ], [ -104.750503, 32.000537 ], [ -104.754556, 32.000527 ], [ -104.754787, 31.997773 ], [ -104.772106, 31.997486 ], [ -104.84774, 32.000415 ], [ -106.082896, 32.00265 ], [ -106.618486, 32.000495 ], [ -106.619449, 31.994735 ], [ -106.631186, 31.98981 ], [ -106.639536, 31.980343 ], [ -106.630102, 31.971258 ], [ -106.619569, 31.971577 ], [ -106.619371, 31.964777 ], [ -106.624298, 31.961056 ], [ -106.625123, 31.95453 ], [ -106.614375, 31.955991 ], [ -106.614321, 31.951615 ], [ -106.623659, 31.94551 ], [ -106.622529, 31.934863 ], [ -106.629742, 31.926567 ], [ -106.628654, 31.923608 ], [ -106.623932, 31.925334 ], [ -106.612865, 31.920372 ], [ -106.633667, 31.909793 ], [ -106.645478, 31.898669 ], [ -106.645295, 31.894858 ], [ -106.629191, 31.883699 ], [ -106.63592, 31.866233 ], [ -106.614788, 31.846413 ], [ -106.601695, 31.84437 ], [ -106.605297, 31.82772 ], [ -106.602806, 31.825018 ], [ -106.589061, 31.822708 ], [ -106.577244, 31.810406 ], [ -106.566472, 31.813433 ], [ -106.54714, 31.807299 ], [ -106.527402, 31.790011 ], [ -106.52794, 31.78389 ], [ -108.208484, 31.783698 ], [ -108.20847, 31.333373 ], [ -111.07498, 31.332342 ], [ -112.238048, 31.701378 ], [ -113.155326, 31.982507 ], [ -114.086919, 32.273547 ], [ -114.813692, 32.494069 ], [ -114.812386, 32.50034 ], [ -114.816157, 32.508291 ], [ -114.80748, 32.508891 ], [ -114.801995, 32.513624 ], [ -114.810218, 32.518307 ], [ -114.813166, 32.524503 ], [ -114.801982, 32.536321 ], [ -114.805678, 32.546332 ], [ -114.793928, 32.551985 ], [ -114.791408, 32.556461 ], [ -114.792808, 32.569524 ], [ -114.806492, 32.559245 ], [ -114.813934, 32.562213 ], [ -114.812916, 32.568846 ], [ -114.801552, 32.576406 ], [ -114.803951, 32.581993 ], [ -114.799402, 32.592618 ], [ -114.801753, 32.599362 ], [ -114.807826, 32.603221 ], [ -114.80844, 32.619426 ], [ -114.799751, 32.625292 ], [ -114.791715, 32.62197 ], [ -114.782725, 32.624336 ], [ -114.780581, 32.632145 ], [ -114.763784, 32.643403 ], [ -114.764548, 32.649832 ], [ -114.748599, 32.663039 ], [ -114.744497, 32.678467 ], [ -114.719497, 32.718739 ], [ -115.817161, 32.640834 ], [ -117.205051, 32.529508 ], [ -117.214112, 32.594781 ], [ -117.223302, 32.621238 ], [ -117.246786, 32.614854 ], [ -117.268789, 32.619415 ], [ -117.297538, 32.641769 ], [ -117.309239, 32.656401 ], [ -117.320939, 32.689847 ], [ -117.3303, 32.804817 ], [ -117.342, 32.840354 ], [ -117.33966, 32.859167 ], [ -117.323279, 32.903064 ], [ -117.375872, 33.075217 ], [ -117.435563, 33.177512 ], [ -117.467871, 33.212494 ], [ -117.500875, 33.242151 ], [ -117.520999, 33.268872 ], [ -117.571531, 33.312302 ], [ -117.62588, 33.342109 ], [ -117.636201, 33.349128 ], [ -117.64786, 33.363635 ], [ -117.653795, 33.364818 ], [ -117.713571, 33.408777 ], [ -117.735336, 33.407436 ], [ -117.741409, 33.410118 ], [ -117.76514, 33.431539 ], [ -117.790478, 33.461241 ], [ -117.793262, 33.469782 ], [ -117.811277, 33.482019 ], [ -117.816356, 33.490872 ], [ -117.934046, 33.549254 ], [ -118.000879, 33.593165 ], [ -118.049848, 33.620015 ], [ -118.096473, 33.653651 ], [ -118.1259, 33.697151 ], [ -118.16583, 33.691563 ], [ -118.237008, 33.690595 ], [ -118.254528, 33.67507 ], [ -118.274239, 33.663429 ], [ -118.319135, 33.659547 ], [ -118.345415, 33.663427 ], [ -118.377171, 33.678953 ], [ -118.385931, 33.686712 ], [ -118.428637, 33.701266 ], [ -118.466962, 33.725524 ], [ -118.485577, 33.753664 ], [ -118.487768, 33.779865 ], [ -118.484483, 33.803154 ], [ -118.443968, 33.839057 ], [ -118.447254, 33.84876 ], [ -118.500912, 33.918621 ], [ -118.523447, 33.953049 ], [ -118.557356, 33.987673 ], [ -118.648348, 33.986729 ], [ -118.666514, 33.980562 ], [ -118.704574, 33.97784 ], [ -118.727459, 33.980307 ], [ -118.746391, 33.975501 ], [ -118.754411, 33.967792 ], [ -118.786528, 33.95143 ], [ -118.814752, 33.947214 ], [ -118.841116, 33.955371 ], [ -118.856846, 33.96597 ], [ -118.873998, 33.983314 ], [ -118.887301, 33.987223 ], [ -118.952426, 33.992959 ], [ -118.985312, 34.000008 ], [ -119.027407, 34.014919 ], [ -119.116797, 34.029823 ], [ -119.158963, 34.040253 ], [ -119.217993, 34.062491 ], [ -119.250942, 34.106201 ], [ -119.285743, 34.140805 ], [ -119.334887, 34.236865 ], [ -119.375935, 34.24988 ], [ -119.401994, 34.272258 ], [ -119.42862, 34.277781 ], [ -119.466995, 34.29366 ], [ -119.484224, 34.306779 ], [ -119.500953, 34.326922 ], [ -119.519472, 34.336069 ], [ -119.555829, 34.345019 ], [ -119.584795, 34.36166 ], [ -119.617462, 34.36873 ], [ -119.625962, 34.366216 ], [ -119.651357, 34.366708 ], [ -119.66611, 34.354464 ], [ -119.716129, 34.336108 ], [ -119.732023, 34.339696 ], [ -119.797067, 34.365331 ], [ -119.805805, 34.36534 ], [ -119.823148, 34.357047 ], [ -119.837921, 34.354318 ], [ -119.891521, 34.357457 ], [ -119.916529, 34.37261 ], [ -120.009416, 34.401535 ], [ -120.024356, 34.409343 ], [ -120.044814, 34.412454 ], [ -120.09067, 34.409286 ], [ -120.13512, 34.422061 ], [ -120.14728, 34.422916 ], [ -120.287125, 34.417609 ], [ -120.324511, 34.409748 ], [ -120.386922, 34.405653 ], [ -120.408528, 34.398653 ], [ -120.456015, 34.391485 ], [ -120.500999, 34.403136 ], [ -120.523646, 34.419505 ], [ -120.535572, 34.439521 ], [ -120.535664, 34.452695 ], [ -120.553105, 34.47101 ], [ -120.559439, 34.488466 ], [ -120.594334, 34.504072 ], [ -120.609481, 34.50191 ], [ -120.64236, 34.503765 ], [ -120.656058, 34.508598 ], [ -120.682206, 34.525326 ], [ -120.706453, 34.551907 ], [ -120.713329, 34.57496 ], [ -120.707089, 34.597501 ], [ -120.70837, 34.609853 ], [ -120.705315, 34.621408 ], [ -120.701283, 34.630007 ], [ -120.68648, 34.645023 ], [ -120.664691, 34.696344 ], [ -120.693234, 34.730042 ], [ -120.702093, 34.748329 ], [ -120.699795, 34.770861 ], [ -120.68442, 34.803657 ], [ -120.673281, 34.838624 ], [ -120.720319, 34.869241 ], [ -120.730679, 34.886427 ], [ -120.734382, 34.901499 ], [ -120.72723, 34.923316 ], [ -120.726753, 34.943805 ], [ -120.71444, 34.963541 ], [ -120.694715, 35.028839 ], [ -120.687802, 35.077488 ], [ -120.689606, 35.098828 ], [ -120.725503, 35.113576 ], [ -120.752427, 35.109456 ], [ -120.800411, 35.116577 ], [ -120.821991, 35.131441 ], [ -120.83942, 35.134654 ], [ -120.856926, 35.142812 ], [ -120.876014, 35.159718 ], [ -120.917792, 35.187378 ], [ -120.930202, 35.204635 ], [ -120.937349, 35.208047 ], [ -120.949032, 35.22102 ], [ -120.961253, 35.249975 ], [ -120.95333, 35.284847 ], [ -120.928602, 35.330711 ], [ -120.923435, 35.348413 ], [ -120.930797, 35.374974 ], [ -120.928286, 35.386843 ], [ -120.933292, 35.392748 ], [ -120.95967, 35.396494 ], [ -120.989632, 35.411139 ], [ -121.015005, 35.410629 ], [ -121.041635, 35.41999 ], [ -121.069057, 35.447252 ], [ -121.100138, 35.470878 ], [ -121.118171, 35.490604 ], [ -121.128266, 35.495609 ], [ -121.151056, 35.516412 ], [ -121.177756, 35.561255 ], [ -121.201555, 35.58369 ], [ -121.220123, 35.586874 ], [ -121.246589, 35.600363 ], [ -121.286036, 35.608436 ], [ -121.323512, 35.624969 ], [ -121.339645, 35.642428 ], [ -121.347721, 35.664984 ], [ -121.366362, 35.680419 ], [ -121.37896, 35.706026 ], [ -121.379327, 35.726959 ], [ -121.393738, 35.749968 ], [ -121.39346, 35.763401 ], [ -121.428496, 35.785905 ], [ -121.456097, 35.817713 ], [ -121.481606, 35.829354 ], [ -121.501047, 35.842745 ], [ -121.519192, 35.8634 ], [ -121.532011, 35.884798 ], [ -121.561461, 35.943818 ], [ -121.589277, 35.959274 ], [ -121.620365, 35.969109 ], [ -121.631818, 35.978945 ], [ -121.64818, 35.998617 ], [ -121.674359, 36.064661 ], [ -121.708718, 36.1026 ], [ -121.727812, 36.129009 ], [ -121.770693, 36.162014 ], [ -121.787967, 36.168468 ], [ -121.802354, 36.1783 ], [ -121.846404, 36.190342 ], [ -121.880193, 36.210314 ], [ -121.893521, 36.224291 ], [ -121.901164, 36.239653 ], [ -121.944202, 36.269598 ], [ -121.957666, 36.285117 ], [ -121.963177, 36.298766 ], [ -121.962873, 36.322733 ], [ -121.971877, 36.357831 ], [ -121.970391, 36.383368 ], [ -121.975638, 36.39257 ], [ -121.981042, 36.419634 ], [ -121.997118, 36.441001 ], [ -122.000836, 36.455679 ], [ -121.999472, 36.466451 ], [ -122.008971, 36.475332 ], [ -122.021998, 36.508908 ], [ -122.022707, 36.522227 ], [ -122.017455, 36.537405 ], [ -122.037459, 36.560381 ], [ -122.04405, 36.578249 ], [ -122.044148, 36.591354 ], [ -122.040733, 36.60012 ], [ -122.020127, 36.622798 ], [ -122.014173, 36.636682 ], [ -122.001124, 36.647704 ], [ -122.076399, 36.910199 ], [ -122.130569, 36.925338 ], [ -122.172024, 36.942681 ], [ -122.251082, 36.985833 ], [ -122.265654, 37.00012 ], [ -122.276375, 37.024834 ], [ -122.290313, 37.03209 ], [ -122.313899, 37.054764 ], [ -122.348208, 37.055672 ], [ -122.376086, 37.065648 ], [ -122.393127, 37.087164 ], [ -122.396916, 37.109888 ], [ -122.413362, 37.121791 ], [ -122.421347, 37.135077 ], [ -122.445632, 37.150037 ], [ -122.464117, 37.177848 ], [ -122.472235, 37.212214 ], [ -122.481703, 37.229147 ], [ -122.484046, 37.249944 ], [ -122.465869, 37.34124 ], [ -122.467005, 37.349889 ], [ -122.503543, 37.411902 ], [ -122.509889, 37.441554 ], [ -122.527596, 37.446096 ], [ -122.546996, 37.457857 ], [ -122.568095, 37.479214 ], [ -122.574963, 37.499943 ], [ -122.579563, 37.545875 ], [ -122.586454, 37.561913 ], [ -122.588177, 37.579408 ], [ -122.586454, 37.592529 ], [ -122.567497, 37.639185 ], [ -122.581281, 37.760203 ], [ -122.588174, 37.789362 ], [ -122.612285, 37.815224 ], [ -122.632472, 37.827807 ], [ -122.667425, 37.841726 ], [ -122.675654, 37.848517 ], [ -122.691987, 37.845006 ], [ -122.715845, 37.845625 ], [ -122.752466, 37.857699 ], [ -122.766771, 37.865804 ], [ -122.779141, 37.876132 ], [ -122.789027, 37.893763 ], [ -122.814134, 37.901084 ], [ -122.829804, 37.910325 ], [ -122.842134, 37.923317 ], [ -122.85046, 37.945585 ], [ -122.889291, 37.974109 ], [ -122.902284, 37.977386 ], [ -122.909236, 37.964644 ], [ -122.91917, 37.954835 ], [ -122.931927, 37.946672 ], [ -122.953224, 37.941093 ], [ -123.022507, 37.942065 ], [ -123.050084, 37.948016 ], [ -123.067965, 37.958669 ], [ -123.07939, 37.971937 ], [ -123.08388, 37.983366 ], [ -123.08513, 38.008433 ], [ -123.0812, 38.018971 ], [ -123.063797, 38.036487 ], [ -123.014817, 38.149132 ], [ -123.027211, 38.16417 ], [ -123.031336, 38.181462 ], [ -123.049617, 38.214286 ], [ -123.100963, 38.261358 ], [ -123.110969, 38.267263 ], [ -123.134523, 38.296263 ], [ -123.141329, 38.311338 ], [ -123.141001, 38.327454 ], [ -123.134312, 38.345786 ], [ -123.155743, 38.368396 ], [ -123.164757, 38.388337 ], [ -123.196159, 38.410108 ], [ -123.204071, 38.423903 ], [ -123.22022, 38.441954 ], [ -123.236391, 38.450428 ], [ -123.269188, 38.457569 ], [ -123.306742, 38.478681 ], [ -123.32381, 38.498614 ], [ -123.360929, 38.510202 ], [ -123.384567, 38.537022 ], [ -123.394157, 38.553942 ], [ -123.448391, 38.606292 ], [ -123.470521, 38.638578 ], [ -123.488543, 38.651466 ], [ -123.498669, 38.668943 ], [ -123.51058, 38.68089 ], [ -123.566089, 38.709021 ], [ -123.586915, 38.728075 ], [ -123.591962, 38.740227 ], [ -123.626123, 38.754646 ], [ -123.641253, 38.764394 ], [ -123.660036, 38.784258 ], [ -123.682698, 38.797015 ], [ -123.692595, 38.810319 ], [ -123.717807, 38.827921 ], [ -123.7253, 38.844117 ], [ -123.737921, 38.857441 ], [ -123.784676, 38.893728 ], [ -123.806505, 38.940457 ], [ -123.80986, 38.961219 ], [ -123.806068, 38.977042 ], [ -123.797217, 38.989863 ], [ -123.776609, 39.005018 ], [ -123.763148, 39.00869 ], [ -123.761965, 39.041091 ], [ -123.778309, 39.06973 ], [ -123.786106, 39.092141 ], [ -123.807457, 39.127231 ], [ -123.80921, 39.141043 ], [ -123.840771, 39.187335 ], [ -123.846018, 39.1998 ], [ -123.850092, 39.231396 ], [ -123.86341, 39.254763 ], [ -123.880183, 39.304198 ], [ -123.881017, 39.319346 ], [ -123.893085, 39.337494 ], [ -123.894936, 39.348349 ], [ -123.896809, 39.374893 ], [ -123.890446, 39.390098 ], [ -123.892449, 39.407037 ], [ -123.887103, 39.425758 ], [ -123.888895, 39.443939 ], [ -123.874384, 39.482562 ], [ -123.875126, 39.494179 ], [ -123.867826, 39.508305 ], [ -123.852648, 39.514849 ], [ -123.834649, 39.549194 ], [ -123.849387, 39.57829 ], [ -123.852516, 39.592371 ], [ -123.851919, 39.642763 ], [ -123.857183, 39.674693 ], [ -123.880306, 39.689086 ], [ -123.890367, 39.700009 ], [ -123.895741, 39.711406 ], [ -123.904018, 39.757083 ], [ -123.90097, 39.780466 ], [ -123.910529, 39.799575 ], [ -123.938591, 39.814944 ], [ -123.9536, 39.826991 ], [ -123.973477, 39.853562 ], [ -123.982946, 39.876778 ], [ -124.005454, 39.889286 ], [ -124.035355, 39.931073 ], [ -124.078596, 39.972263 ], [ -124.108581, 39.978845 ], [ -124.133255, 39.999865 ], [ -124.144105, 40.018172 ], [ -124.144099, 40.052401 ], [ -124.153762, 40.063544 ], [ -124.231204, 40.093382 ], [ -124.272099, 40.13365 ], [ -124.287833, 40.137683 ], [ -124.333689, 40.167175 ], [ -124.411026, 40.225275 ], [ -124.421287, 40.237102 ], [ -124.428222, 40.258121 ], [ -124.427899, 40.288804 ], [ -124.418276, 40.314289 ], [ -124.427945, 40.338823 ], [ -124.428055, 40.361785 ], [ -124.444708, 40.376412 ], [ -124.472435, 40.41282 ], [ -124.480543, 40.428493 ], [ -124.482003, 40.440318 ], [ -124.479158, 40.452636 ], [ -124.458922, 40.479203 ], [ -124.45256, 40.493084 ], [ -124.451874, 40.51561 ], [ -124.447677, 40.529709 ], [ -124.427191, 40.562085 ], [ -124.403367, 40.61317 ], [ -124.3429, 40.708832 ], [ -124.299333, 40.768481 ], [ -124.292662, 40.788094 ], [ -124.280181, 40.799932 ], [ -124.232622, 40.869286 ], [ -124.197619, 40.950529 ], [ -124.182694, 41.001313 ], [ -124.204984, 41.013638 ], [ -124.227079, 41.046622 ], [ -124.231202, 41.065501 ], [ -124.249588, 41.099025 ], [ -124.249164, 41.120157 ], [ -124.252474, 41.134075 ], [ -124.247236, 41.152817 ], [ -124.237625, 41.165959 ], [ -124.219418, 41.177687 ], [ -124.195532, 41.184582 ], [ -124.176367, 41.237148 ], [ -124.173316, 41.260995 ], [ -124.160704, 41.289293 ], [ -124.163398, 41.293169 ], [ -124.192328, 41.29199 ], [ -124.220032, 41.302994 ], [ -124.23821, 41.321446 ], [ -124.24242, 41.3433 ], [ -124.238191, 41.358705 ], [ -124.231087, 41.368856 ], [ -124.206515, 41.384718 ], [ -124.176556, 41.390352 ], [ -124.154195, 41.387628 ], [ -124.139973, 41.381821 ], [ -124.133231, 41.432311 ], [ -124.136906, 41.446823 ], [ -124.136497, 41.464265 ], [ -124.157943, 41.518962 ], [ -124.160493, 41.543409 ], [ -124.172274, 41.550979 ], [ -124.18499, 41.565769 ], [ -124.188336, 41.573996 ], [ -124.190113, 41.60819 ], [ -124.20134, 41.619404 ], [ -124.209785, 41.635205 ], [ -124.211784, 41.661907 ], [ -124.208546, 41.673816 ], [ -124.211706, 41.681193 ], [ -124.236856, 41.69464 ], [ -124.262421, 41.701857 ], [ -124.300301, 41.724145 ], [ -124.330609, 41.733793 ], [ -124.369188, 41.763412 ], [ -124.392055, 41.772377 ], [ -124.410757, 41.788312 ], [ -124.438909, 41.824504 ], [ -124.440707, 41.83874 ], [ -124.435015, 41.856507 ], [ -124.411317, 41.882056 ], [ -124.388791, 41.886764 ], [ -124.356556, 41.885145 ], [ -124.332984, 41.877 ], [ -124.311936, 41.858788 ], [ -124.285031, 41.859487 ], [ -124.279649, 41.874836 ], [ -124.27612, 41.903052 ], [ -124.285687, 41.912916 ], [ -124.291939, 41.928498 ], [ -124.289926, 41.945432 ], [ -124.284769, 41.956834 ], [ -124.288578, 41.969564 ], [ -124.306995, 41.992906 ], [ -124.338659, 42.003256 ], [ -124.349173, 42.016386 ], [ -124.375047, 42.02923 ], [ -124.39035, 42.050173 ], [ -124.404815, 42.059425 ], [ -124.416273, 42.074854 ], [ -124.425988, 42.117912 ], [ -124.432455, 42.131848 ], [ -124.435326, 42.149865 ], [ -124.433514, 42.164832 ], [ -124.451961, 42.187844 ], [ -124.471356, 42.203723 ], [ -124.483673, 42.229613 ], [ -124.485684, 42.249837 ], [ -124.478258, 42.278002 ], [ -124.490334, 42.290646 ], [ -124.494904, 42.305751 ], [ -124.494071, 42.325875 ], [ -124.486544, 42.338278 ], [ -124.49533, 42.349593 ], [ -124.500007, 42.365101 ], [ -124.500321, 42.380068 ], [ -124.494154, 42.396086 ], [ -124.527094, 42.405552 ], [ -124.5427, 42.415252 ], [ -124.561756, 42.438283 ], [ -124.569509, 42.454586 ], [ -124.567221, 42.477791 ], [ -124.554651, 42.494142 ], [ -124.547516, 42.499833 ], [ -124.518687, 42.511076 ], [ -124.512165, 42.524336 ], [ -124.50122, 42.535388 ], [ -124.465351, 42.553033 ], [ -124.474073, 42.562805 ], [ -124.480838, 42.581577 ], [ -124.473554, 42.614734 ], [ -124.508492, 42.619564 ], [ -124.530312, 42.63228 ], [ -124.54059, 42.644492 ], [ -124.545722, 42.657166 ], [ -124.547427, 42.6724 ], [ -124.544129, 42.683817 ], [ -124.561233, 42.692755 ], [ -124.584689, 42.719302 ], [ -124.64213, 42.716113 ], [ -124.664637, 42.720482 ], [ -124.690712, 42.738254 ], [ -124.700342, 42.752526 ], [ -124.703541, 42.770369 ], [ -124.695814, 42.791125 ], [ -124.680632, 42.804251 ], [ -124.671762, 42.825582 ], [ -124.655124, 42.84002 ], [ -124.652458, 42.850692 ], [ -124.645154, 42.861892 ], [ -124.622126, 42.877198 ], [ -124.615956, 42.892882 ], [ -124.60686, 42.903525 ], [ -124.591834, 42.914715 ], [ -124.572353, 42.922514 ], [ -124.553514, 42.95171 ], [ -124.530606, 42.99983 ], [ -124.532992, 42.99983 ], [ -124.505331, 43.067953 ], [ -124.516361, 43.102542 ], [ -124.51584, 43.12483 ], [ -124.505969, 43.143379 ], [ -124.481613, 43.15944 ], [ -124.465235, 43.200308 ], [ -124.471262, 43.219514 ], [ -124.470326, 43.245496 ], [ -124.465006, 43.257466 ], [ -124.455498, 43.268233 ], [ -124.474849, 43.288566 ], [ -124.478002, 43.303459 ], [ -124.476948, 43.329371 ], [ -124.461424, 43.350117 ], [ -124.446699, 43.358157 ], [ -124.441075, 43.372884 ], [ -124.425643, 43.385886 ], [ -124.380274, 43.402846 ], [ -124.343836, 43.465012 ], [ -124.296769, 43.585958 ], [ -124.280333, 43.648394 ], [ -124.284926, 43.659874 ], [ -124.285296, 43.672726 ], [ -124.279635, 43.687146 ], [ -124.265705, 43.701558 ], [ -124.243659, 43.791664 ], [ -124.207893, 44.002133 ], [ -124.212541, 44.014122 ], [ -124.212721, 44.024567 ], [ -124.205172, 44.040636 ], [ -124.195377, 44.097462 ], [ -124.19932, 44.111254 ], [ -124.200984, 44.139524 ], [ -124.189008, 44.164223 ], [ -124.186756, 44.176481 ], [ -124.188235, 44.191528 ], [ -124.182832, 44.230952 ], [ -124.186793, 44.244658 ], [ -124.184317, 44.257984 ], [ -124.188113, 44.270973 ], [ -124.187649, 44.288559 ], [ -124.16352, 44.374841 ], [ -124.158588, 44.40608 ], [ -124.153428, 44.465036 ], [ -124.163914, 44.488405 ], [ -124.164557, 44.49984 ], [ -124.159672, 44.52341 ], [ -124.146088, 44.54022 ], [ -124.142662, 44.563269 ], [ -124.134313, 44.583182 ], [ -124.148393, 44.598345 ], [ -124.152328, 44.609343 ], [ -124.149078, 44.624838 ], [ -124.13744, 44.641002 ], [ -124.152005, 44.663203 ], [ -124.153962, 44.675332 ], [ -124.151041, 44.690323 ], [ -124.139118, 44.710536 ], [ -124.148303, 44.740395 ], [ -124.145307, 44.757514 ], [ -124.147757, 44.773573 ], [ -124.143715, 44.803222 ], [ -124.139553, 44.811578 ], [ -124.141563, 44.833439 ], [ -124.136209, 44.849241 ], [ -124.116574, 44.866335 ], [ -124.097932, 44.929657 ], [ -124.098482, 44.945424 ], [ -124.090627, 44.965907 ], [ -124.086205, 45.002864 ], [ -124.097475, 45.027358 ], [ -124.093561, 45.054166 ], [ -124.081425, 45.085457 ], [ -124.055808, 45.124826 ], [ -124.044792, 45.165999 ], [ -124.04508, 45.179795 ], [ -124.057042, 45.19884 ], [ -124.059827, 45.215599 ], [ -124.054837, 45.230204 ], [ -124.043322, 45.245174 ], [ -124.040257, 45.268828 ], [ -124.042356, 45.282176 ], [ -124.046552, 45.293168 ], [ -124.073829, 45.317509 ], [ -124.076977, 45.341846 ], [ -124.066488, 45.366973 ], [ -124.058164, 45.376414 ], [ -124.043308, 45.384061 ], [ -124.036498, 45.413336 ], [ -124.035819, 45.422051 ], [ -124.05316, 45.435744 ], [ -124.063953, 45.451512 ], [ -124.064549, 45.467567 ], [ -124.05478, 45.4887 ], [ -124.056434, 45.502146 ], [ -124.053115, 45.514225 ], [ -124.039104, 45.530243 ], [ -124.02666, 45.537877 ], [ -124.026926, 45.546013 ], [ -124.03623, 45.563032 ], [ -124.037112, 45.571724 ], [ -124.030367, 45.592492 ], [ -124.029324, 45.612461 ], [ -124.016648, 45.632119 ], [ -124.010805, 45.708285 ], [ -124.019116, 45.712732 ], [ -124.024805, 45.720233 ], [ -124.043799, 45.727307 ], [ -124.060016, 45.739541 ], [ -124.067968, 45.750315 ], [ -124.068962, 45.772719 ], [ -124.062056, 45.789741 ], [ -124.054118, 45.79753 ], [ -124.055646, 45.816486 ], [ -124.051392, 45.826845 ], [ -124.037704, 45.841614 ], [ -124.041995, 45.848553 ], [ -124.043353, 45.887086 ], [ -124.080158, 45.908264 ], [ -124.090571, 45.925752 ], [ -124.09192, 45.943455 ], [ -124.084898, 45.960137 ], [ -124.070819, 45.973939 ], [ -124.039544, 45.985938 ], [ -124.008125, 46.00994 ], [ -124.002783, 46.027544 ], [ -124.009796, 46.081973 ], [ -124.023064, 46.116272 ], [ -124.050658, 46.163914 ], [ -124.067313, 46.183849 ], [ -124.111281, 46.195898 ], [ -124.133536, 46.211706 ], [ -124.147029, 46.228857 ], [ -124.16234, 46.268099 ], [ -124.159427, 46.286447 ], [ -124.135207, 46.349368 ], [ -124.130532, 46.408316 ], [ -124.135298, 46.542299 ], [ -124.141955, 46.586959 ], [ -124.143287, 46.631164 ], [ -124.149668, 46.650078 ], [ -124.14526, 46.670474 ], [ -124.168515, 46.730421 ], [ -124.175131, 46.793732 ], [ -124.181203, 46.793736 ], [ -124.194581, 46.844092 ], [ -124.209469, 46.874813 ], [ -124.234393, 46.891188 ], [ -124.246642, 46.917813 ], [ -124.249705, 46.956288 ], [ -124.241539, 46.999808 ], [ -124.24413, 47.058648 ], [ -124.251291, 47.096654 ], [ -124.273659, 47.148131 ], [ -124.27366, 47.165071 ], [ -124.295855, 47.212506 ], [ -124.306367, 47.248083 ], [ -124.33605, 47.261605 ], [ -124.351299, 47.27639 ], [ -124.359072, 47.292785 ], [ -124.359644, 47.309336 ], [ -124.391354, 47.329766 ], [ -124.41355, 47.36873 ], [ -124.421728, 47.393293 ], [ -124.421728, 47.406845 ], [ -124.419392, 47.414468 ], [ -124.406542, 47.428021 ], [ -124.42056, 47.455972 ], [ -124.42173, 47.468677 ], [ -124.417057, 47.481538 ], [ -124.440016, 47.569039 ], [ -124.453163, 47.586733 ], [ -124.45512, 47.606613 ], [ -124.461402, 47.62496 ], [ -124.486959, 47.621199 ], [ -124.514922, 47.623708 ], [ -124.537583, 47.631855 ], [ -124.555911, 47.645765 ], [ -124.565539, 47.661853 ], [ -124.566552, 47.680239 ], [ -124.559406, 47.695783 ], [ -124.540302, 47.716445 ], [ -124.556191, 47.729035 ], [ -124.575905, 47.756419 ], [ -124.599054, 47.771643 ], [ -124.608093, 47.784852 ], [ -124.633211, 47.806789 ], [ -124.641839, 47.819424 ], [ -124.690586, 47.844265 ], [ -124.70418, 47.854737 ], [ -124.712156, 47.865667 ], [ -124.717153, 47.879 ], [ -124.714401, 47.879018 ], [ -124.720858, 47.888303 ], [ -124.739659, 47.89755 ], [ -124.753795, 47.910523 ], [ -124.760611, 47.927285 ], [ -124.758185, 47.943978 ], [ -124.791162, 47.961705 ], [ -124.801425, 47.97918 ], [ -124.802764, 47.999789 ], [ -124.796999, 48.017938 ], [ -124.801155, 48.037809 ], [ -124.796639, 48.049466 ], [ -124.786103, 48.061329 ], [ -124.788002, 48.075966 ], [ -124.785187, 48.087115 ], [ -124.794921, 48.096975 ], [ -124.803905, 48.114288 ], [ -124.824046, 48.129308 ], [ -124.832672, 48.147722 ], [ -124.843131, 48.158429 ], [ -124.848974, 48.181373 ], [ -124.845666, 48.194893 ], [ -124.827681, 48.21383 ], [ -124.805015, 48.224316 ], [ -124.780504, 48.22858 ], [ -124.79024, 48.246355 ], [ -124.788742, 48.266372 ], [ -124.776914, 48.283588 ], [ -124.761387, 48.295688 ], [ -124.771233, 48.316038 ], [ -124.770442, 48.323537 ], [ -124.786135, 48.331883 ], [ -124.796636, 48.344126 ], [ -124.817912, 48.391003 ], [ -124.812506, 48.410638 ], [ -124.801175, 48.423242 ], [ -124.773575, 48.438521 ], [ -124.745838, 48.445663 ], [ -124.760329, 48.455428 ], [ -124.769223, 48.466802 ], [ -124.772628, 48.480116 ], [ -124.768371, 48.495403 ], [ -124.763031, 48.499784 ], [ -124.749707, 48.499775 ], [ -124.012056, 48.296671 ], [ -123.679064, 48.239997 ], [ -123.541216, 48.224553 ], [ -123.248435, 48.284016 ], [ -123.115138, 48.42283 ], [ -123.159874, 48.453507 ], [ -123.218929, 48.548708 ], [ -123.267877, 48.693993 ], [ -123.008486, 48.767099 ], [ -123.008485, 48.831219 ], [ -123.32224, 49.002072 ], [ -122.09805, 49.002418 ], [ -121.753225, 48.997297 ], [ -121.334846, 49.000916 ], [ -117.134897, 48.998804 ], [ -114.361924, 49.001109 ], [ -113.694765, 48.997503 ], [ -111.575693, 48.996676 ], [ -109.420623, 49.00043 ], [ -104.048692, 48.999899 ], [ -104.045495, 48.157382 ], [ -104.041416, 47.862685 ], [ -104.045746, 47.261648 ], [ -104.046828, 46.017509 ], [ -104.042596, 45.749942 ], [ -104.039694, 44.99807 ], [ -104.057879, 44.997605 ], [ -104.052585, 42.650194 ], [ -104.053249, 41.001406 ], [ -102.051662, 41.001772 ], [ -102.051666, 39.847689 ], [ -102.045351, 38.856897 ], [ -102.042089, 36.993016 ], [ -102.698142, 36.995149 ], [ -102.815074, 36.999774 ], [ -103.002329, 37.00015 ], [ -103.00229, 36.500887 ], [ -103.041717, 36.50036 ], [ -103.043651, 34.003639 ], [ -103.064625, 32.999899 ] ] ], [ [ [ -123.153335, 37.807444 ], [ -123.126114, 37.821664 ], [ -123.095261, 37.821877 ], [ -123.070494, 37.81383 ], [ -123.048817, 37.799816 ], [ -123.038726, 37.788881 ], [ -123.033841, 37.778375 ], [ -123.00111, 37.772053 ], [ -122.987414, 37.76387 ], [ -122.973256, 37.748652 ], [ -122.949985, 37.732187 ], [ -122.939711, 37.71535 ], [ -122.93571, 37.697618 ], [ -122.941364, 37.67658 ], [ -122.949068, 37.663377 ], [ -122.973012, 37.646581 ], [ -123.00111, 37.63983 ], [ -123.027153, 37.645221 ], [ -123.05358, 37.658648 ], [ -123.068589, 37.673041 ], [ -123.074921, 37.690066 ], [ -123.086057, 37.70075 ], [ -123.09285, 37.713688 ], [ -123.115575, 37.714045 ], [ -123.132597, 37.719393 ], [ -123.162751, 37.743533 ], [ -123.172926, 37.7636 ], [ -123.173825, 37.775727 ], [ -123.169107, 37.792365 ], [ -123.153335, 37.807444 ] ] ], [ [ [ 178.607285703363175, 51.716531166867902 ], [ 178.698784657060855, 51.709574171126299 ], [ 178.737019637551271, 51.694946180982882 ], [ 178.769927620981235, 51.697817178830796 ], [ 178.810064600577306, 51.686906186131083 ], [ 178.827033592015312, 51.68700518597683 ], [ 178.865674572371631, 51.675622193618864 ], [ 178.893474558331206, 51.674441194297792 ], [ 178.922067543835965, 51.668636198158424 ], [ 178.972427518178193, 51.646450213197646 ], [ 178.984164512269871, 51.647316212550244 ], [ 178.999513504476852, 51.642486215807345 ], [ 179.015171496616205, 51.645583213609555 ], [ 179.060620473563802, 51.632518222411797 ], [ 179.077926464723703, 51.621118230186632 ], [ 179.088855459065542, 51.606208240402339 ], [ 179.087443459548126, 51.583541256002711 ], [ 179.094749455794158, 51.576038261136027 ], [ 179.116483444784961, 51.569176265773343 ], [ 179.150548427338322, 51.537304287571715 ], [ 179.170325417259249, 51.523036297314846 ], [ 179.187161408738007, 51.516930301455488 ], [ 179.197426403587286, 51.518138300589044 ], [ 179.226815388765203, 51.512942304063742 ], [ 179.264567369617282, 51.492311318131627 ], [ 179.274671364431356, 51.478755327423265 ], [ 179.287067358133584, 51.469831333522393 ], [ 179.331893335594458, 51.466780335488046 ], [ 179.355569323641191, 51.458135341366727 ], [ 179.371080315900429, 51.465195336469222 ], [ 179.425221288691915, 51.462825337959544 ], [ 179.452140275098913, 51.450688346241414 ], [ 179.477655262175091, 51.431089359660469 ], [ 179.492488254722161, 51.42962436063516 ], [ 179.522519239595084, 51.41915736776923 ], [ 179.535369233083031, 51.406531376424972 ], [ 179.553193224109947, 51.400016380869786 ], [ 179.576908212107924, 51.376822396772567 ], [ 179.578406211253508, 51.354352412217828 ], [ 179.568000216397195, 51.339382422527933 ], [ 179.543678228479735, 51.319155436478326 ], [ 179.510870244848348, 51.308273444024593 ], [ 179.459386270665107, 51.31603443880325 ], [ 179.403075298797319, 51.30685744524807 ], [ 179.371671314517641, 51.307047445199714 ], [ 179.356981321896313, 51.310729442708784 ], [ 179.358243321231015, 51.305924446008056 ], [ 179.338223331245388, 51.305061446656993 ], [ 179.309292345735088, 51.306297445891062 ], [ 179.298080351383135, 51.311027442673264 ], [ 179.296780352000837, 51.306708445645832 ], [ 179.28207, 51.299817 ], [ 179.25552, 51.293675 ], [ 179.218196, 51.294985 ], [ 179.150655425228763, 51.31635243950182 ], [ 179.129993435734121, 51.333409427853084 ], [ 179.122027439913012, 51.35320841427253 ], [ 179.101940450103257, 51.366103405484019 ], [ 179.032734485138064, 51.39943838284195 ], [ 178.99570250395837, 51.422051367450102 ], [ 178.969362517250374, 51.428781362937237 ], [ 178.950224527041541, 51.445064351825785 ], [ 178.945419529633824, 51.46064034113634 ], [ 178.896012554831032, 51.492543319424463 ], [ 178.872669566525843, 51.489706321487198 ], [ 178.862011571936705, 51.494142318488059 ], [ 178.823535591186868, 51.487600323178071 ], [ 178.790241607979766, 51.492466320001725 ], [ 178.762012622370349, 51.507588309749408 ], [ 178.740742633282963, 51.523548298885999 ], [ 178.707997649944929, 51.537402289535891 ], [ 178.667225670530343, 51.542751286086009 ], [ 178.641223683805947, 51.555842277231186 ], [ 178.624560692390531, 51.569048268244565 ], [ 178.593493708169547, 51.578257262094887 ], [ 178.576921716653089, 51.58724425601298 ], [ 178.563209723757041, 51.599838247432935 ], [ 178.551773729516896, 51.599863247486539 ], [ 178.53062474057262, 51.624736230506315 ], [ 178.531813740379874, 51.649700213322205 ], [ 178.543306735113532, 51.68234219078839 ], [ 178.559492727256583, 51.701660177393379 ], [ 178.584609714739798, 51.71189217019743 ], [ 178.607285703363175, 51.716531166867902 ] ] ], [ [ [ 178.220078902289487, 51.8887360509624 ], [ 178.270080876734227, 51.877648058219393 ], [ 178.293447864913276, 51.878590057397822 ], [ 178.332176845145426, 51.870862062437652 ], [ 178.368434826588157, 51.860547069282454 ], [ 178.386350817307232, 51.849141077010628 ], [ 178.408232806091632, 51.841565082075789 ], [ 178.431153794230369, 51.826976091964198 ], [ 178.441348788762241, 51.809329104044686 ], [ 178.479040769363223, 51.789980117115078 ], [ 178.492774762197058, 51.776895126033075 ], [ 178.497993759337731, 51.763742135053178 ], [ 178.496347759847168, 51.744530148287723 ], [ 178.469216773113658, 51.718718166230119 ], [ 178.400459807561219, 51.70361717708527 ], [ 178.37042982272618, 51.70404517699906 ], [ 178.328374844235526, 51.719242166838697 ], [ 178.307469854782511, 51.718829167274052 ], [ 178.297896859706981, 51.723639164033521 ], [ 178.29370586176438, 51.720546166192904 ], [ 178.249881883967646, 51.724482163809562 ], [ 178.227846895254089, 51.732599158389974 ], [ 178.207123906002522, 51.746752148807879 ], [ 178.197291911383672, 51.767339134714 ], [ 178.184812917748474, 51.770198132843184 ], [ 178.140529940677652, 51.796542115059331 ], [ 178.125055948869829, 51.814021103151227 ], [ 178.12093495134431, 51.832524090446455 ], [ 178.123832950118924, 51.84399208252772 ], [ 178.131583946443641, 51.855842074306629 ], [ 178.155506934733495, 51.875328060698742 ], [ 178.17582992462809, 51.884599054154528 ], [ 178.197953913504193, 51.888866051043564 ], [ 178.220078902289487, 51.8887360509624 ] ] ], [ [ [ 177.945541041563615, 51.895625048486046 ], [ 177.974411027367069, 51.914640035138703 ], [ 177.996977016093496, 51.922042029845613 ], [ 178.034347997156118, 51.922614029132149 ], [ 178.068986979414007, 51.914489034436492 ], [ 178.093707966451205, 51.894508047991195 ], [ 178.101382961977322, 51.867141066772035 ], [ 178.097952963363298, 51.850698078121226 ], [ 178.084037970078413, 51.835345088805688 ], [ 178.044883989591682, 51.82150509865982 ], [ 177.997185013736981, 51.822037098699802 ], [ 177.982719021175768, 51.827333095179071 ], [ 177.960225032779903, 51.837045088689393 ], [ 177.935472045864799, 51.861100072346943 ], [ 177.934281046808451, 51.875773062255035 ], [ 177.945541041563615, 51.895625048486046 ] ] ], [ [ [ 179.450323279571933, 52.031326946568861 ], [ 179.508306250128726, 52.039719940655822 ], [ 179.520908243796754, 52.05417093067242 ], [ 179.54086523369358, 52.064173923739467 ], [ 179.65838117393514, 52.078277913817573 ], [ 179.679040163405915, 52.075318915827026 ], [ 179.704034150642116, 52.063707923794531 ], [ 179.718447143273153, 52.053377930894435 ], [ 179.753441125448546, 52.047155935141681 ], [ 179.771020116487989, 52.040837939476852 ], [ 179.782190110787297, 52.03343894456399 ], [ 179.788782107415472, 52.025572949977452 ], [ 179.790278106637544, 52.018377954933229 ], [ 179.819210091909383, 52.010009960674005 ], [ 179.847075077713157, 51.99247897273149 ], [ 179.857055072617527, 51.977616982963397 ], [ 179.859681071256119, 51.960373994839713 ], [ 179.851016075615121, 51.935891011709217 ], [ 179.83585608327536, 51.917482024398872 ], [ 179.835727083327214, 51.910164029439116 ], [ 179.82501708872411, 51.89202904193661 ], [ 179.785070108907888, 51.862647062204161 ], [ 179.757237122989807, 51.854803067633064 ], [ 179.73525813412536, 51.85498006753518 ], [ 179.717476143089669, 51.840963077208066 ], [ 179.671672166231446, 51.825672087796967 ], [ 179.623212190738059, 51.818996092467124 ], [ 179.574874215244677, 51.826829087157293 ], [ 179.548369228710953, 51.836074080841712 ], [ 179.484606261069587, 51.848035072738476 ], [ 179.456803275224956, 51.859897064633735 ], [ 179.442887282375807, 51.87588905365422 ], [ 179.42353729224746, 51.885813046867277 ], [ 179.405499301550435, 51.90951603058879 ], [ 179.389690309667174, 51.92379702079409 ], [ 179.388742310273187, 51.941925008310641 ], [ 179.404562302421112, 51.96836599005654 ], [ 179.401376304071192, 51.973090986809936 ], [ 179.408729300552352, 52.005362964559247 ], [ 179.429602290060444, 52.023590951948847 ], [ 179.450323279571933, 52.031326946568861 ] ] ], [ [ [ 177.224592409141053, 51.969809004905748 ], [ 177.260017391444961, 51.978727998342514 ], [ 177.272019385825558, 51.993988987691139 ], [ 177.287432378353941, 52.005463979607391 ], [ 177.320852361863246, 52.021235968355903 ], [ 177.348291348140663, 52.028393963110126 ], [ 177.382077331001398, 52.029256962131591 ], [ 177.41643231380678, 52.038135955630189 ], [ 177.414245315360148, 52.053192945282895 ], [ 177.418029313828896, 52.066567936027198 ], [ 177.4259953101066, 52.077790928207158 ], [ 177.451510297598219, 52.093982916769981 ], [ 177.46063529297416, 52.094640916216413 ], [ 177.45904929389485, 52.098568913527636 ], [ 177.469181289473056, 52.124028895875256 ], [ 177.498082275545528, 52.15163587653872 ], [ 177.530644259492362, 52.170680863065087 ], [ 177.573249238232478, 52.187162851255778 ], [ 177.607766220693264, 52.189445849322787 ], [ 177.643994202082439, 52.184434852404245 ], [ 177.703782171031861, 52.163033866551288 ], [ 177.745656149136238, 52.141609880902799 ], [ 177.764610138953316, 52.12097889493495 ], [ 177.769555135847298, 52.09785291082143 ], [ 177.767909136143004, 52.076511925540544 ], [ 177.760433139555943, 52.061175936178124 ], [ 177.734615152093113, 52.038125952307908 ], [ 177.726375156227533, 52.036034953828995 ], [ 177.70830916472994, 52.00986397203409 ], [ 177.703158167273102, 52.007042974028145 ], [ 177.741761147370937, 51.995542981569805 ], [ 177.770538132906722, 52.001463977213056 ], [ 177.793397121249427, 51.99957297829684 ], [ 177.845708094296242, 51.983786988677728 ], [ 177.86927008183352, 51.963042002747791 ], [ 177.87400107926598, 51.956106007481218 ], [ 177.874094078927243, 51.943959015845792 ], [ 177.851451089638545, 51.911967038085066 ], [ 177.83707709668883, 51.902277044890944 ], [ 177.819192105583198, 51.895364049818312 ], [ 177.790597119998949, 51.892403052127491 ], [ 177.762610134245307, 51.895035050583274 ], [ 177.735966147926433, 51.902136045952169 ], [ 177.721744155005894, 51.897155049520997 ], [ 177.687263172432466, 51.895434051046927 ], [ 177.669220181207635, 51.88145006085562 ], [ 177.635466198018491, 51.870706068594011 ], [ 177.598597216755223, 51.873208067249763 ], [ 177.570612230673333, 51.863937073923566 ], [ 177.546409242862836, 51.861624075770358 ], [ 177.519252256758335, 51.866927072407989 ], [ 177.504353264187898, 51.862875075357181 ], [ 177.455490288880469, 51.861363076928257 ], [ 177.416241309034262, 51.871225070572166 ], [ 177.410043311082035, 51.833722096458395 ], [ 177.419355306169678, 51.826752101152636 ], [ 177.420302305467089, 51.81901610646711 ], [ 177.41520630723511, 51.79105212577133 ], [ 177.396223316329525, 51.773892137793446 ], [ 177.371624328403698, 51.761866146346584 ], [ 177.345316341568434, 51.757746149480681 ], [ 177.326881350896855, 51.758379149256172 ], [ 177.298619365305342, 51.762903146469355 ], [ 177.261749384522801, 51.782420133468811 ], [ 177.254930388191923, 51.789716128527871 ], [ 177.242338394580429, 51.790546128105632 ], [ 177.230800400654005, 51.798397122839333 ], [ 177.213463410019216, 51.817731109739391 ], [ 177.200322416873178, 51.824418105294647 ], [ 177.177204428644131, 51.826970103817715 ], [ 177.158342438393532, 51.833594099488181 ], [ 177.129011453755965, 51.84998908856344 ], [ 177.119610458795194, 51.858741082655264 ], [ 177.112008463321047, 51.879669068342949 ], [ 177.111977463690124, 51.890550060852554 ], [ 177.121344459832414, 51.917879041920997 ], [ 177.139624451141174, 51.935596029496423 ], [ 177.165963438219592, 51.949040019916225 ], [ 177.224592409141053, 51.969809004905748 ] ] ], [ [ [ 178.162716935891069, 52.106657901300373 ], [ 178.188838922424793, 52.098684906588318 ], [ 178.211557910560032, 52.084058916489411 ], [ 178.225580903348543, 52.08038391891364 ], [ 178.247369892003235, 52.0675369275992 ], [ 178.267159881342195, 52.037458948172507 ], [ 178.378462824590173, 52.028883953274253 ], [ 178.402664812156132, 52.021711958046971 ], [ 178.440416793209778, 52.035483948302094 ], [ 178.468800778876215, 52.041191944180291 ], [ 178.512412756735216, 52.043443942344631 ], [ 178.616580703221246, 52.00938296516459 ], [ 178.643316689452433, 51.997610973116011 ], [ 178.663949678745752, 51.982853983161519 ], [ 178.671306674663896, 51.959887998938427 ], [ 178.666904676452873, 51.93026001937001 ], [ 178.625682696718911, 51.888448048405195 ], [ 178.580728719043094, 51.859560068567603 ], [ 178.531591743720327, 51.846724077711166 ], [ 178.502096758659405, 51.846949077744583 ], [ 178.477297771306667, 51.852216074279369 ], [ 178.412991804284815, 51.875373058765106 ], [ 178.38381481935221, 51.891028048186477 ], [ 178.371085826093747, 51.90685103737934 ], [ 178.330922846300609, 51.898558043375495 ], [ 178.289262867462384, 51.900862042092221 ], [ 178.260541882203654, 51.910164035900067 ], [ 178.250468887497618, 51.919639029450849 ], [ 178.228983898530117, 51.926506024884773 ], [ 178.195870915779409, 51.948851009751046 ], [ 178.142805942506499, 51.939334016724189 ], [ 178.100570963944932, 51.939912016668082 ], [ 178.059675984870751, 51.948122011352332 ], [ 178.038556995857562, 51.960374003091879 ], [ 178.016308007560326, 51.978707990653696 ], [ 178.010568010969138, 52.000673975573015 ], [ 178.015070009005456, 52.015046965633935 ], [ 178.006141013687255, 52.021450961299195 ], [ 178.000403016872696, 52.033329953165584 ], [ 178.003454015690409, 52.049595941933667 ], [ 178.020571007487007, 52.071868926441987 ], [ 178.046234994801807, 52.088609914689741 ], [ 178.076903979441482, 52.100008906578836 ], [ 178.109060963128968, 52.102754904421829 ], [ 178.121977956652159, 52.107426901097448 ], [ 178.162716935891069, 52.106657901300373 ] ] ], [ [ [ 177.329297361995287, 52.166676868061245 ], [ 177.367357342859179, 52.175306861678116 ], [ 177.408836321488934, 52.16763986649304 ], [ 177.437925306055831, 52.146880880473503 ], [ 177.445984301608007, 52.135137888475796 ], [ 177.446564300710492, 52.11446090271594 ], [ 177.443024302244709, 52.105266909089423 ], [ 177.428802309087104, 52.091745918562161 ], [ 177.386806329962241, 52.07520393042816 ], [ 177.345114351072169, 52.072097933041974 ], [ 177.32136736340226, 52.080435927571486 ], [ 177.29060137972013, 52.102157912964906 ], [ 177.283489383710759, 52.114166904774713 ], [ 177.280161385820776, 52.127586895567802 ], [ 177.281808385216266, 52.135133890348619 ], [ 177.288828381921974, 52.144197884021068 ], [ 177.306010373537219, 52.156115875608457 ], [ 177.329297361995287, 52.166676868061245 ] ] ], [ [ [ 175.841911132538485, 52.440295701464805 ], [ 175.87477911568314, 52.439716701273653 ], [ 175.898572103131613, 52.431947706204973 ], [ 175.917902093349994, 52.434345704208916 ], [ 175.955319073708523, 52.423999710681862 ], [ 175.968576066555755, 52.41614771586255 ], [ 175.97860506145571, 52.416843715207719 ], [ 176.004913047651968, 52.409511719804854 ], [ 176.031039033744889, 52.397815727416315 ], [ 176.049183023905869, 52.385647735492455 ], [ 176.064520015047918, 52.363383750576475 ], [ 176.062874015289538, 52.350198759692184 ], [ 176.054024019199943, 52.336755769108322 ], [ 176.037393026988951, 52.321274780062268 ], [ 176.024388033377278, 52.315744784096779 ], [ 176.016916036657619, 52.304084792260767 ], [ 175.997751046060756, 52.295829798280572 ], [ 175.970895059436828, 52.288695803663266 ], [ 175.920082085021505, 52.281362809607735 ], [ 175.896614096989907, 52.281270810086646 ], [ 175.862463114808037, 52.289586804965488 ], [ 175.831394131428198, 52.305584794500277 ], [ 175.801360148418098, 52.339887771405735 ], [ 175.789915154658843, 52.348012766014762 ], [ 175.763484169764411, 52.380750743935614 ], [ 175.774775165309478, 52.407675725170527 ], [ 175.78252516181314, 52.417251718428062 ], [ 175.811333147822296, 52.432671707273784 ], [ 175.841911132538485, 52.440295701464805 ] ] ], [ [ [ 173.298123432447312, 52.441703760349768 ], [ 173.300005432145582, 52.450167754466982 ], [ 173.315943425141484, 52.464645744035302 ], [ 173.336693415447712, 52.476159735506307 ], [ 173.370017398967065, 52.48295872986435 ], [ 173.393666388187825, 52.499759717615078 ], [ 173.431293369656316, 52.508671710402616 ], [ 173.480496344062516, 52.502573713207077 ], [ 173.498704335850022, 52.516929702804944 ], [ 173.534743318296904, 52.528343693929656 ], [ 173.548536312251002, 52.541680684355988 ], [ 173.559034307291711, 52.547105680325274 ], [ 173.608257283075432, 52.559880670154435 ], [ 173.639089267081289, 52.556881671367734 ], [ 173.656716258600966, 52.56411766589671 ], [ 173.692235240228598, 52.561404666791169 ], [ 173.778136196619045, 52.566109661214647 ], [ 173.80416718292625, 52.560983664045281 ], [ 173.825652170856529, 52.546068673745253 ], [ 173.847777158900783, 52.537192679269197 ], [ 173.855590154270004, 52.528337685161681 ], [ 173.854920153575677, 52.513858695154802 ], [ 173.844608157057479, 52.488879712637896 ], [ 173.812446171613004, 52.462793731467258 ], [ 173.792642180994164, 52.45266073897858 ], [ 173.780589187011628, 52.450791740590354 ], [ 173.794597178601293, 52.433282752272845 ], [ 173.798172173845728, 52.3924637802888 ], [ 173.801744170995335, 52.378096790086651 ], [ 173.814075162943965, 52.353354806793625 ], [ 173.794272171002376, 52.32501782683569 ], [ 173.766564183793832, 52.306751840156842 ], [ 173.747706192900125, 52.299975845330792 ], [ 173.713709210056862, 52.298105847539624 ], [ 173.692403221166785, 52.301883845518802 ], [ 173.672602230553451, 52.292480852532705 ], [ 173.638636247954196, 52.294257852240975 ], [ 173.597436269915448, 52.308011843909497 ], [ 173.581078279058431, 52.31915783668989 ], [ 173.548272296172627, 52.324893833654023 ], [ 173.533702304097631, 52.331777829321858 ], [ 173.481593330226218, 52.32667583429717 ], [ 173.462276340129847, 52.327704834134103 ], [ 173.435757354144869, 52.334654830100995 ], [ 173.37954838300513, 52.33814682929961 ], [ 173.349122399328735, 52.349177822579144 ], [ 173.313811417533117, 52.352268821469785 ], [ 173.304048422824394, 52.356460818866594 ], [ 173.283571434604966, 52.374015807375592 ], [ 173.272584442022321, 52.39748379153864 ], [ 173.274413442581761, 52.416640778295942 ], [ 173.298123432447312, 52.441703760349768 ] ] ], [ [ [ 173.826454190881435, 52.82732647985803 ], [ 173.870641168673899, 52.834797473522613 ], [ 173.906132150145623, 52.831341474961391 ], [ 173.964785118520496, 52.811537487069479 ], [ 173.988742106245809, 52.812362485872363 ], [ 174.037875079836255, 52.796616495450188 ], [ 174.050151072987433, 52.789091500320993 ], [ 174.068392064101431, 52.79622849492781 ], [ 174.114442040894431, 52.803355488828601 ], [ 174.183351004163768, 52.785207499588651 ], [ 174.208772990424023, 52.775656505532858 ], [ 174.232729976843217, 52.757301517587628 ], [ 174.238345972696322, 52.738822530188934 ], [ 174.237829970545164, 52.703269554715391 ], [ 174.224007976296775, 52.683424568743817 ], [ 174.21175698195961, 52.67419657541349 ], [ 174.162517006041526, 52.656742588689418 ], [ 174.146739014086307, 52.655987589610589 ], [ 174.108318034390294, 52.664493584727516 ], [ 174.079326049187586, 52.663324586277383 ], [ 174.057159061147502, 52.671692581080485 ], [ 174.017987081262618, 52.67184558198997 ], [ 173.951580116329552, 52.685730574154704 ], [ 173.916149135515667, 52.699683565470636 ], [ 173.857221166464711, 52.709279560421749 ], [ 173.837965176842857, 52.71603055628303 ], [ 173.800246197991555, 52.740344540535553 ], [ 173.788710204607042, 52.749727534378351 ], [ 173.7732072143138, 52.77336351850262 ], [ 173.776075214194094, 52.791757505743028 ], [ 173.789073208876232, 52.810350492571423 ], [ 173.802011202902548, 52.819665485798971 ], [ 173.826454190881435, 52.82732647985803 ] ] ], [ [ [ 172.427779922985792, 52.971543422300932 ], [ 172.445341915070202, 52.98404741310263 ], [ 172.49575289092752, 53.00443339739433 ], [ 172.527733876132174, 53.023325383325258 ], [ 172.56227885896584, 53.030635377161985 ], [ 172.586171847816956, 53.043873367260346 ], [ 172.623157829550507, 53.053159359663915 ], [ 172.68278879891983, 53.054938356525597 ], [ 172.734421773018795, 53.063652348873525 ], [ 172.763626758073713, 53.065263346838364 ], [ 172.787948745313599, 53.06300534762876 ], [ 172.836593719153058, 53.051036354357329 ], [ 172.888350692685094, 53.054136350607337 ], [ 172.913008679659725, 53.050763352169682 ], [ 172.954161657401357, 53.038958359042304 ], [ 172.994305637390312, 53.047547351887886 ], [ 173.061839602019887, 53.041803353794883 ], [ 173.102213581498773, 53.045879349764668 ], [ 173.132211565839953, 53.043965350183768 ], [ 173.215891520674063, 53.020362363971252 ], [ 173.229166513151426, 53.012168369230359 ], [ 173.238359507398371, 52.999767377512143 ], [ 173.278911486617829, 53.001725374969183 ], [ 173.321941463629145, 52.992128380330946 ], [ 173.371412435564594, 52.960352400811303 ], [ 173.38383442763714, 52.941156413691303 ], [ 173.392596420461075, 52.907457436677873 ], [ 173.400366416402477, 52.906769436928741 ], [ 173.418047408018253, 52.916049430021573 ], [ 173.431657401115757, 52.917499428631679 ], [ 173.474079378476745, 52.907628434228492 ], [ 173.489552369918471, 52.900122438965177 ], [ 173.502553362554636, 52.891554444505168 ], [ 173.516165354184153, 52.873984456236009 ], [ 173.53752734262784, 52.866798460588839 ], [ 173.567618325223975, 52.841874476929732 ], [ 173.577079319475757, 52.830361484603145 ], [ 173.580650316505682, 52.815492494755105 ], [ 173.569391321039319, 52.798974506458059 ], [ 173.551357329238073, 52.784889516673587 ], [ 173.526060341445998, 52.774489524554099 ], [ 173.468749370938042, 52.774998525824302 ], [ 173.448272381944946, 52.78124652210002 ], [ 173.403379404729236, 52.777569525918516 ], [ 173.405731403045593, 52.771478530049627 ], [ 173.421693393611378, 52.755618540524523 ], [ 173.414341395252762, 52.728159559660945 ], [ 173.398535401989847, 52.710481572297532 ], [ 173.361976419595408, 52.695763583492145 ], [ 173.330239435641602, 52.692840586423969 ], [ 173.306344448368918, 52.698866582965088 ], [ 173.287423458693553, 52.706731578096253 ], [ 173.267707469856333, 52.719976569544656 ], [ 173.209631501225545, 52.739658557687541 ], [ 173.182501515048756, 52.738421559342441 ], [ 173.132759539908875, 52.730225566469954 ], [ 173.103309554981649, 52.729797567645761 ], [ 173.062720576663168, 52.740324561611864 ], [ 173.045784586052406, 52.748857556243003 ], [ 173.04416558600721, 52.738187563644715 ], [ 173.036018589388192, 52.728467570589046 ], [ 172.943090633752234, 52.688854600713277 ], [ 172.901471654468537, 52.681610606983284 ], [ 172.882977664204958, 52.684768605378537 ], [ 172.857342678257908, 52.695754598603834 ], [ 172.835612690589244, 52.709974589482307 ], [ 172.81438770323328, 52.730850575761046 ], [ 172.787698716595969, 52.727094579183706 ], [ 172.760172730732933, 52.727421579822668 ], [ 172.736948742676844, 52.727894580228515 ], [ 172.71607475376382, 52.732417577772104 ], [ 172.680153773574943, 52.748628567743182 ], [ 172.639593797079044, 52.779786547569678 ], [ 172.58731582647394, 52.809150529016001 ], [ 172.479082886136609, 52.855241500771385 ], [ 172.450445900598055, 52.852452503632207 ], [ 172.427955912480854, 52.856129501838325 ], [ 172.362586, 52.887021 ], [ 172.35392, 52.894994 ], [ 172.347846, 52.906691 ], [ 172.353886, 52.935804 ], [ 172.365816, 52.951742 ], [ 172.376405, 52.959617 ], [ 172.399596, 52.968772 ], [ 172.427779922985792, 52.971543422300932 ] ] ] ] } }
]
}
