{
"type": "FeatureCollection",
"name": "states_region_division",
"crs": { "type": "name", "properties": { "name": "urn:ogc:def:crs:OGC:1.3:CRS84" } },
"features": [
{ "type": "Feature", "properties": { "STUSPS": "NY", "NAME": "New York", "region_name": "Northeast", "division_name": "Middle Atlantic" }, "geometry": { "type": "MultiPolygon", "coordinates": [ [ [ [ -74.726228, 44.994863 ], [ -74.702019, 45.003322 ], [ -74.683966, 44.99969 ], [ -74.673273, 45.000842 ], [ -74.670527, 45.006286 ], [ -74.663059, 44.998923 ], [ -74.465374, 44.997224 ], [ -74.336547, 44.992017 ], [ -74.150135, 44.99136 ], [ -73.841415, 45.002136 ], [ -73.650248, 45.003001 ], [ -73.343178, 45.010713 ], [ -73.354633, 44.987352 ], [ -73.350218, 44.976222 ], [ -73.338244, 44.964751 ], [ -73.338979, 44.917681 ], [ -73.356218, 44.904492 ], [ -73.369104, 44.866681 ], [ -73.379822, 44.857038 ], [ -73.38159, 44.849354 ], [ -73.379452, 44.83801 ], [ -73.335044, 44.804109 ], [ -73.333154, 44.788759 ], [ -73.335713, 44.782086 ], [ -73.347085, 44.77298 ], [ -73.354361, 44.755296 ], [ -73.365562, 44.741786 ], [ -73.365977, 44.697559 ], [ -73.361308, 44.694524 ], [ -73.370142, 44.684855 ], [ -73.367209, 44.678514 ], [ -73.371843, 44.676957 ], [ -73.372719, 44.668739 ], [ -73.369668, 44.663478 ], [ -73.374577, 44.66189 ], [ -73.379073, 44.656772 ], [ -73.378317, 44.652165 ], [ -73.384483, 44.646683 ], [ -73.37856, 44.641476 ], [ -73.386783, 44.63637 ], [ -73.386497, 44.626925 ], [ -73.390231, 44.618354 ], [ -73.382932, 44.612184 ], [ -73.376849, 44.599599 ], [ -73.381849, 44.589316 ], [ -73.375667, 44.582038 ], [ -73.37495, 44.575817 ], [ -73.356789, 44.557919 ], [ -73.338752, 44.548046 ], [ -73.339006, 44.543301 ], [ -73.331608, 44.53592 ], [ -73.329746, 44.529565 ], [ -73.322039, 44.525286 ], [ -73.320846, 44.51363 ], [ -73.306713, 44.500335 ], [ -73.299161, 44.47291 ], [ -73.300125, 44.454711 ], [ -73.293627, 44.438903 ], [ -73.31504, 44.388526 ], [ -73.333613, 44.3723 ], [ -73.33495, 44.36444 ], [ -73.334648, 44.356879 ], [ -73.324021, 44.333835 ], [ -73.324195, 44.310033 ], [ -73.31221, 44.280069 ], [ -73.312741, 44.265411 ], [ -73.323715, 44.24416 ], [ -73.330375, 44.244312 ], [ -73.343376, 44.23819 ], [ -73.342835, 44.234446 ], [ -73.350479, 44.229893 ], [ -73.362266, 44.208518 ], [ -73.390625, 44.191068 ], [ -73.389824, 44.181757 ], [ -73.397171, 44.173838 ], [ -73.395813, 44.166266 ], [ -73.403045, 44.144984 ], [ -73.416138, 44.132355 ], [ -73.411512, 44.111952 ], [ -73.429718, 44.078586 ], [ -73.437905, 44.045125 ], [ -73.422882, 44.032548 ], [ -73.412512, 44.028346 ], [ -73.407645, 44.021111 ], [ -73.406009, 44.011417 ], [ -73.41251, 43.982216 ], [ -73.405736, 43.955932 ], [ -73.408554, 43.931894 ], [ -73.396179, 43.903264 ], [ -73.383694, 43.891284 ], [ -73.374162, 43.876241 ], [ -73.382309, 43.856058 ], [ -73.372589, 43.845354 ], [ -73.376663, 43.839434 ], [ -73.388192, 43.832655 ], [ -73.392517, 43.82134 ], [ -73.380722, 43.810819 ], [ -73.376793, 43.799158 ], [ -73.358154, 43.786475 ], [ -73.350762, 43.771387 ], [ -73.369944, 43.743855 ], [ -73.370612, 43.725329 ], [ -73.385883, 43.711337 ], [ -73.395517, 43.696831 ], [ -73.404739, 43.690214 ], [ -73.404127, 43.68134 ], [ -73.415513, 43.652451 ], [ -73.426463, 43.642599 ], [ -73.428419, 43.635453 ], [ -73.417669, 43.621687 ], [ -73.423709, 43.612357 ], [ -73.421616, 43.603023 ], [ -73.431229, 43.588285 ], [ -73.428637, 43.583994 ], [ -73.395768, 43.568087 ], [ -73.383285, 43.5772 ], [ -73.385251, 43.583263 ], [ -73.382465, 43.586578 ], [ -73.386901, 43.59077 ], [ -73.382138, 43.591824 ], [ -73.38349, 43.597366 ], [ -73.37737, 43.598398 ], [ -73.372469, 43.604848 ], [ -73.376386, 43.608824 ], [ -73.36984, 43.619392 ], [ -73.37189, 43.62449 ], [ -73.35427, 43.62619 ], [ -73.348753, 43.621458 ], [ -73.34451, 43.626277 ], [ -73.340068, 43.624647 ], [ -73.334187, 43.627994 ], [ -73.327702, 43.625914 ], [ -73.31785, 43.628499 ], [ -73.311173, 43.624092 ], [ -73.30644, 43.628333 ], [ -73.302553, 43.625709 ], [ -73.300378, 43.617803 ], [ -73.302772, 43.609777 ], [ -73.29802, 43.610028 ], [ -73.291019, 43.599235 ], [ -73.296944, 43.587314 ], [ -73.292109, 43.584544 ], [ -73.297324, 43.579373 ], [ -73.295292, 43.576782 ], [ -73.284912, 43.579272 ], [ -73.280858, 43.573578 ], [ -73.267932, 43.57225 ], [ -73.268988, 43.569929 ], [ -73.258631, 43.56495 ], [ -73.252602, 43.556852 ], [ -73.25449, 43.555596 ], [ -73.248641, 43.553858 ], [ -73.250408, 43.550426 ], [ -73.247815, 43.545055 ], [ -73.250133, 43.543429 ], [ -73.241579, 43.53496 ], [ -73.241892, 43.529419 ], [ -73.247698, 43.523174 ], [ -73.256475, 43.260093 ], [ -73.278306, 42.837558 ], [ -73.278673, 42.83341 ], [ -73.285388, 42.834093 ], [ -73.287063, 42.82014 ], [ -73.283695, 42.813856 ], [ -73.290944, 42.80192 ], [ -73.276421, 42.746019 ], [ -73.264827, 42.745851 ], [ -73.50821, 42.086134 ], [ -73.497018, 42.049624 ], [ -73.487319, 42.049525 ], [ -73.489615, 42.000092 ], [ -73.550962, 41.295421 ], [ -73.482695, 41.212772 ], [ -73.727775, 41.100696 ], [ -73.655255, 41.012246 ], [ -73.660268, 41.000484 ], [ -73.657228, 40.990914 ], [ -73.659671, 40.987909 ], [ -73.612885, 40.950943 ], [ -73.249557, 41.025866 ], [ -72.999547, 41.087108 ], [ -72.081847, 41.262224 ], [ -72.019214, 41.290594 ], [ -71.929451, 41.310387 ], [ -71.907258, 41.304483 ], [ -71.790972, 41.184101 ], [ -71.790635, 41.101837 ], [ -71.781872, 41.096197 ], [ -71.777491, 41.067292 ], [ -71.794139, 41.036977 ], [ -71.837088, 41.010892 ], [ -71.870139, 40.996971 ], [ -71.931698, 40.982497 ], [ -72.374529, 40.818595 ], [ -72.624539, 40.745567 ], [ -72.749544, 40.713405 ], [ -72.828607, 40.686901 ], [ -72.874542, 40.675019 ], [ -73.014004, 40.625099 ], [ -73.124558, 40.598366 ], [ -73.249642, 40.562565 ], [ -73.274025, 40.551314 ], [ -73.326272, 40.556916 ], [ -73.486496, 40.520505 ], [ -73.624574, 40.534511 ], [ -73.783969, 40.532387 ], [ -73.826158, 40.522874 ], [ -73.854843, 40.512 ], [ -73.876778, 40.501127 ], [ -73.889645, 40.486511 ], [ -73.977874, 40.519095 ], [ -74.225331, 40.476578 ], [ -74.253036, 40.48666 ], [ -74.258843, 40.498875 ], [ -74.258129, 40.508717 ], [ -74.254095, 40.515661 ], [ -74.24602, 40.520958 ], [ -74.250284, 40.5423 ], [ -74.247484, 40.549377 ], [ -74.231415, 40.559182 ], [ -74.218003, 40.557058 ], [ -74.214575, 40.560533 ], [ -74.207242, 40.587915 ], [ -74.199589, 40.597846 ], [ -74.204833, 40.606062 ], [ -74.2024, 40.631592 ], [ -74.185641, 40.646042 ], [ -74.126018, 40.642151 ], [ -74.086986, 40.651506 ], [ -74.055749, 40.651476 ], [ -74.02639, 40.700103 ], [ -74.014029, 40.757551 ], [ -73.963577, 40.826642 ], [ -73.952829, 40.851106 ], [ -73.929821, 40.888682 ], [ -73.896144, 40.981873 ], [ -73.893628, 40.997165 ], [ -73.902715, 40.997327 ], [ -74.330675, 41.185457 ], [ -74.457862, 41.248427 ], [ -74.69558, 41.357607 ], [ -74.689754, 41.361747 ], [ -74.691379, 41.367423 ], [ -74.707996, 41.378679 ], [ -74.716358, 41.39302 ], [ -74.734571, 41.397402 ], [ -74.741383, 41.405689 ], [ -74.734664, 41.422993 ], [ -74.738732, 41.430781 ], [ -74.758587, 41.423287 ], [ -74.772707, 41.426342 ], [ -74.789097, 41.421409 ], [ -74.795091, 41.423713 ], [ -74.801132, 41.438303 ], [ -74.808242, 41.44292 ], [ -74.817995, 41.440505 ], [ -74.826341, 41.431646 ], [ -74.832032, 41.430391 ], [ -74.857653, 41.444156 ], [ -74.892625, 41.438617 ], [ -74.896399, 41.442179 ], [ -74.889156, 41.451072 ], [ -74.890169, 41.455558 ], [ -74.906553, 41.460876 ], [ -74.909181, 41.472436 ], [ -74.913035, 41.476017 ], [ -74.943415, 41.483681 ], [ -74.957433, 41.476644 ], [ -74.982476, 41.480253 ], [ -74.985645, 41.485865 ], [ -74.98227, 41.498685 ], [ -74.98424, 41.506509 ], [ -74.988004, 41.508879 ], [ -75.003578, 41.508277 ], [ -75.000749, 41.518597 ], [ -75.003212, 41.523481 ], [ -75.024543, 41.534593 ], [ -75.0247, 41.540131 ], [ -75.015976, 41.544205 ], [ -75.018804, 41.552436 ], [ -75.028055, 41.564339 ], [ -75.04049, 41.569688 ], [ -75.047246, 41.583682 ], [ -75.060012, 41.590813 ], [ -75.074678, 41.606527 ], [ -75.069721, 41.610114 ], [ -75.059728, 41.610415 ], [ -75.059731, 41.617556 ], [ -75.046745, 41.615621 ], [ -75.044181, 41.618063 ], [ -75.04361, 41.623322 ], [ -75.048617, 41.633013 ], [ -75.049464, 41.660277 ], [ -75.059516, 41.672255 ], [ -75.051252, 41.680018 ], [ -75.052627, 41.68811 ], [ -75.068957, 41.709327 ], [ -75.066222, 41.71276 ], [ -75.049687, 41.713372 ], [ -75.05483, 41.734896 ], [ -75.052969, 41.751793 ], [ -75.061237, 41.76479 ], [ -75.07461, 41.77127 ], [ -75.094633, 41.768364 ], [ -75.101895, 41.769609 ], [ -75.104711, 41.774384 ], [ -75.101726, 41.787504 ], [ -75.092883, 41.796457 ], [ -75.075652, 41.799555 ], [ -75.072248, 41.814131 ], [ -75.08988, 41.811701 ], [ -75.113019, 41.822619 ], [ -75.113405, 41.84214 ], [ -75.116595, 41.845449 ], [ -75.130991, 41.845261 ], [ -75.140561, 41.85222 ], [ -75.15468, 41.848455 ], [ -75.162879, 41.850555 ], [ -75.168326, 41.8587 ], [ -75.168424, 41.869335 ], [ -75.17246, 41.872283 ], [ -75.178032, 41.87091 ], [ -75.185358, 41.860063 ], [ -75.19541, 41.867839 ], [ -75.204637, 41.869928 ], [ -75.215024, 41.86735 ], [ -75.22448, 41.85759 ], [ -75.241147, 41.867252 ], [ -75.250001, 41.862217 ], [ -75.258316, 41.862274 ], [ -75.264295, 41.869523 ], [ -75.257459, 41.876093 ], [ -75.259583, 41.882324 ], [ -75.271685, 41.888447 ], [ -75.272973, 41.896566 ], [ -75.267276, 41.90609 ], [ -75.276633, 41.922236 ], [ -75.278763, 41.938713 ], [ -75.28951, 41.943204 ], [ -75.293316, 41.954347 ], [ -75.300836, 41.953629 ], [ -75.302585, 41.948012 ], [ -75.317799, 41.953739 ], [ -75.319638, 41.960312 ], [ -75.327969, 41.967943 ], [ -75.342068, 41.972743 ], [ -75.337486, 41.984604 ], [ -75.34064, 41.992418 ], [ -75.359645, 41.999554 ], [ -76.344827, 41.998383 ], [ -76.828977, 42.002018 ], [ -77.828396, 41.998259 ], [ -78.121515, 42.000389 ], [ -79.761954, 41.998841 ], [ -79.762418, 42.516072 ], [ -78.99976, 42.804368 ], [ -78.930559, 42.850105 ], [ -78.905758, 42.899957 ], [ -78.905659, 42.923357 ], [ -78.918859, 42.946857 ], [ -78.93236, 42.955857 ], [ -78.961761, 42.957756 ], [ -78.975062, 42.968756 ], [ -79.011563, 42.985256 ], [ -79.019964, 42.994756 ], [ -79.023256, 43.016356 ], [ -79.011747, 43.028956 ], [ -78.999435, 43.056057 ], [ -79.00713, 43.065757 ], [ -79.074459, 43.077863 ], [ -79.075367, 43.081355 ], [ -79.065961, 43.091052 ], [ -79.057961, 43.106957 ], [ -79.060105, 43.113866 ], [ -79.069649, 43.120322 ], [ -79.054123, 43.129369 ], [ -79.043673, 43.138406 ], [ -79.042299, 43.143663 ], [ -79.04663, 43.162374 ], [ -79.053305, 43.173905 ], [ -79.048694, 43.200158 ], [ -79.056559, 43.210317 ], [ -79.053046, 43.22346 ], [ -79.055932, 43.254674 ], [ -79.070452, 43.262455 ], [ -79.200936, 43.450422 ], [ -78.749761, 43.609258 ], [ -78.688295, 43.634742 ], [ -78.124742, 43.631175 ], [ -76.776233, 43.629529 ], [ -76.753538, 43.684275 ], [ -76.498927, 44.000059 ], [ -76.438287, 44.094172 ], [ -76.352679, 44.134743 ], [ -76.312639, 44.199045 ], [ -76.286546, 44.203767 ], [ -76.245487, 44.203664 ], [ -76.206774, 44.214538 ], [ -76.191324, 44.221239 ], [ -76.164258, 44.239603 ], [ -76.161825, 44.280776 ], [ -76.131167, 44.296373 ], [ -76.11818, 44.294924 ], [ -76.096967, 44.299707 ], [ -76.045506, 44.331788 ], [ -76.001107, 44.347867 ], [ -75.981928, 44.347459 ], [ -75.970179, 44.342533 ], [ -75.929514, 44.359291 ], [ -75.921656, 44.368756 ], [ -75.912827, 44.367805 ], [ -75.821379, 44.432042 ], [ -75.807582, 44.471707 ], [ -75.766936, 44.515272 ], [ -75.662373, 44.591927 ], [ -75.620021, 44.618716 ], [ -75.504928, 44.705354 ], [ -75.476119, 44.720772 ], [ -75.423652, 44.756096 ], [ -75.413734, 44.772178 ], [ -75.396531, 44.773502 ], [ -75.387872, 44.779583 ], [ -75.369953, 44.782883 ], [ -75.369829, 44.788065 ], [ -75.344538, 44.809139 ], [ -75.333743, 44.806375 ], [ -75.301878, 44.826484 ], [ -75.307621, 44.83681 ], [ -75.290429, 44.845575 ], [ -75.256074, 44.857342 ], [ -75.241033, 44.867154 ], [ -75.22824, 44.868329 ], [ -75.218382, 44.877771 ], [ -75.202895, 44.877849 ], [ -75.164975, 44.893548 ], [ -75.139989, 44.896947 ], [ -75.133674, 44.915383 ], [ -75.117575, 44.921342 ], [ -75.105086, 44.919541 ], [ -75.096659, 44.927067 ], [ -75.064826, 44.929449 ], [ -75.059966, 44.93457 ], [ -75.027125, 44.946568 ], [ -75.005151, 44.958406 ], [ -74.999258, 44.966111 ], [ -74.99927, 44.971638 ], [ -74.992784, 44.977441 ], [ -74.972491, 44.983405 ], [ -74.907948, 44.983369 ], [ -74.900725, 44.992761 ], [ -74.887837, 45.000046 ], [ -74.86664, 45.000536 ], [ -74.862643, 45.004591 ], [ -74.826576, 45.015865 ], [ -74.817195, 45.011728 ], [ -74.801638, 45.014569 ], [ -74.793149, 45.004645 ], [ -74.763407, 45.005613 ], [ -74.760217, 44.994945 ], [ -74.74464, 44.990562 ], [ -74.731301, 44.990419 ], [ -74.726228, 44.994863 ] ] ], [ [ [ -74.039931, 40.69859 ], [ -74.038936, 40.699655 ], [ -74.038372, 40.698669 ], [ -74.039931, 40.69859 ] ] ], [ [ [ -74.046248, 40.689319 ], [ -74.043885, 40.690185 ], [ -74.043619, 40.68876 ], [ -74.046248, 40.689319 ] ] ] ] } },
{ "type": "Feature", "properties": { "STUSPS": "NV", "NAME": "Nevada", "region_name": "West", "division_name": "Mountain" }, "geometry": { "type": "Polygon", "coordinates": [ [ [ -119.826835, 41.997477 ], [ -118.676499, 41.992154 ], [ -118.223189, 41.997249 ], [ -117.133667, 42.000439 ], [ -116.368477, 41.99628 ], [ -115.069421, 41.996137 ], [ -114.823491, 42.001842 ], [ -114.598281, 41.994594 ], [ -114.041477, 41.993873 ], [ -114.039461, 41.718874 ], [ -114.046099, 40.401848 ], [ -114.050521, 38.496117 ], [ -114.048302, 37.809424 ], [ -114.051654, 37.751498 ], [ -114.052885, 37.560855 ], [ -114.050327, 36.752899 ], [ -114.042843, 36.448175 ], [ -114.045559, 36.288837 ], [ -114.043944, 36.19335 ], [ -114.058662, 36.187835 ], [ -114.066798, 36.179087 ], [ -114.081234, 36.150208 ], [ -114.091701, 36.137303 ], [ -114.096994, 36.120823 ], [ -114.108381, 36.119154 ], [ -114.120865, 36.11085 ], [ -114.121033, 36.103885 ], [ -114.112297, 36.09405 ], [ -114.133389, 36.061665 ], [ -114.137112, 36.038491 ], [ -114.144666, 36.034272 ], [ -114.145907, 36.027229 ], [ -114.15139, 36.023133 ], [ -114.174683, 36.02667 ], [ -114.211932, 36.014834 ], [ -114.233443, 36.012835 ], [ -114.243865, 36.015266 ], [ -114.26438, 36.027911 ], [ -114.270862, 36.045523 ], [ -114.287992, 36.04907 ], [ -114.298593, 36.057263 ], [ -114.313591, 36.059048 ], [ -114.31242, 36.066117 ], [ -114.304384, 36.074019 ], [ -114.306939, 36.082487 ], [ -114.325814, 36.103933 ], [ -114.334632, 36.106784 ], [ -114.373745, 36.143722 ], [ -114.381479, 36.141349 ], [ -114.412491, 36.146511 ], [ -114.445042, 36.125346 ], [ -114.456487, 36.138032 ], [ -114.4626, 36.139644 ], [ -114.483827, 36.12972 ], [ -114.501798, 36.126556 ], [ -114.507201, 36.128484 ], [ -114.50921, 36.133247 ], [ -114.500236, 36.143226 ], [ -114.508104, 36.149713 ], [ -114.531091, 36.147644 ], [ -114.539233, 36.151764 ], [ -114.57109, 36.151099 ], [ -114.596474, 36.141537 ], [ -114.615455, 36.129653 ], [ -114.630474, 36.142218 ], [ -114.635809, 36.13617 ], [ -114.655512, 36.126187 ], [ -114.664343, 36.1163 ], [ -114.671867, 36.115964 ], [ -114.681847, 36.109192 ], [ -114.693655, 36.112482 ], [ -114.703737, 36.108348 ], [ -114.734085, 36.104672 ], [ -114.748913, 36.095183 ], [ -114.753784, 36.087807 ], [ -114.754032, 36.083093 ], [ -114.735285, 36.056648 ], [ -114.742479, 36.045697 ], [ -114.741262, 36.038044 ], [ -114.733417, 36.037913 ], [ -114.722096, 36.028952 ], [ -114.743005, 36.00845 ], [ -114.739318, 35.991804 ], [ -114.743638, 35.985785 ], [ -114.740536, 35.975545 ], [ -114.728666, 35.961757 ], [ -114.713413, 35.9319 ], [ -114.707603, 35.92795 ], [ -114.708112, 35.909933 ], [ -114.696064, 35.896464 ], [ -114.661636, 35.871233 ], [ -114.66968, 35.865036 ], [ -114.687798, 35.860728 ], [ -114.69437, 35.854463 ], [ -114.705856, 35.850508 ], [ -114.706288, 35.846218 ], [ -114.695277, 35.831091 ], [ -114.703665, 35.814614 ], [ -114.712026, 35.805529 ], [ -114.699318, 35.79048 ], [ -114.701027, 35.76968 ], [ -114.694267, 35.756633 ], [ -114.697726, 35.750966 ], [ -114.697859, 35.731657 ], [ -114.705597, 35.708274 ], [ -114.701416, 35.701084 ], [ -114.682657, 35.688571 ], [ -114.680631, 35.684046 ], [ -114.690214, 35.665159 ], [ -114.689507, 35.651429 ], [ -114.677615, 35.641774 ], [ -114.666682, 35.623073 ], [ -114.659461, 35.619552 ], [ -114.653534, 35.609672 ], [ -114.6539, 35.598491 ], [ -114.659238, 35.587477 ], [ -114.675667, 35.580033 ], [ -114.664433, 35.568426 ], [ -114.661457, 35.544062 ], [ -114.65677, 35.534964 ], [ -114.664601, 35.521519 ], [ -114.675685, 35.51563 ], [ -114.678642, 35.497628 ], [ -114.671907, 35.482087 ], [ -114.673164, 35.474814 ], [ -114.665651, 35.466911 ], [ -114.667217, 35.46037 ], [ -114.662896, 35.446449 ], [ -114.65208, 35.430134 ], [ -114.626765, 35.409644 ], [ -114.617698, 35.380131 ], [ -114.604607, 35.355239 ], [ -114.595553, 35.326547 ], [ -114.596682, 35.294557 ], [ -114.586604, 35.262386 ], [ -114.579535, 35.208911 ], [ -114.572084, 35.200794 ], [ -114.569258, 35.183424 ], [ -114.572597, 35.139557 ], [ -114.578263, 35.12881 ], [ -114.597794, 35.121735 ], [ -114.628427, 35.118943 ], [ -114.646764, 35.101868 ], [ -114.642831, 35.096503 ], [ -114.613132, 35.083097 ], [ -114.604736, 35.07483 ], [ -114.602908, 35.068588 ], [ -114.606694, 35.058941 ], [ -114.627124, 35.044721 ], [ -114.634732, 35.033734 ], [ -114.63819, 35.022069 ], [ -114.633487, 35.001857 ], [ -115.25972, 35.503541 ], [ -116.094166, 36.156263 ], [ -116.874254, 36.752081 ], [ -117.500117, 37.22038 ], [ -117.875927, 37.497267 ], [ -118.714201, 38.102105 ], [ -119.453823, 38.622433 ], [ -120.001014, 38.999574 ], [ -120.006473, 39.272878 ], [ -120.00082, 39.606828 ], [ -119.995705, 40.37583 ], [ -119.999875, 40.999894 ], [ -119.999234, 41.994944 ], [ -119.826835, 41.997477 ] ] ] } },
{ "type": "Feature", "properties": { "STUSPS": "AK", "NAME": "Alaska", "region_name": "West", "division_name": "Pacific" }, "geometry": { "type": "MultiPolygon", "coordinates": [ [ [ [ -167.558228, 60.224357 ], [ -167.550799, 60.240554 ], [ -167.540495, 60.249349 ], [ -167.508074, 60.263109 ], [ -167.4377, 60.262848 ], [ -167.411783, 60.271594 ], [ -167.371116, 60.275688 ], [ -167.33672, 60.287426 ], [ -167.30983, 60.290718 ], [ -167.276809, 60.288934 ], [ -167.255106, 60.283817 ], [ -167.205189, 60.288283 ], [ -167.153458, 60.282431 ], [ -167.120546, 60.291225 ], [ -167.102575, 60.290037 ], [ -167.044719, 60.277916 ], [ -167.018065, 60.266235 ], [ -166.967976, 60.277503 ], [ -166.943778, 60.278103 ], [ -166.918723, 60.30453 ], [ -166.885953, 60.317555 ], [ -166.873408, 60.331203 ], [ -166.844681, 60.345031 ], [ -166.812605, 60.350583 ], [ -166.800517, 60.362763 ], [ -166.763296, 60.381276 ], [ -166.739337, 60.387861 ], [ -166.701192, 60.389143 ], [ -166.666308, 60.385785 ], [ -166.640545, 60.403842 ], [ -166.620121, 60.412947 ], [ -166.570194, 60.422919 ], [ -166.528839, 60.44427 ], [ -166.505785, 60.447639 ], [ -166.478006, 60.448758 ], [ -166.443624, 60.444484 ], [ -166.417197, 60.43611 ], [ -166.402869, 60.426195 ], [ -166.387828, 60.426614 ], [ -166.349823, 60.417745 ], [ -166.316449, 60.438966 ], [ -166.297633, 60.447429 ], [ -166.276332, 60.451613 ], [ -166.275818, 60.469119 ], [ -166.270933, 60.478621 ], [ -166.249327, 60.491127 ], [ -166.208589, 60.505186 ], [ -166.152432, 60.510747 ], [ -166.084878, 60.485938 ], [ -166.054192, 60.469491 ], [ -166.030689, 60.43894 ], [ -166.005798, 60.419573 ], [ -165.999768, 60.411285 ], [ -165.99831, 60.400396 ], [ -166.009532, 60.387704 ], [ -165.981366, 60.374087 ], [ -165.96097, 60.389698 ], [ -165.949496, 60.393776 ], [ -165.899385, 60.403202 ], [ -165.847736, 60.398574 ], [ -165.828446, 60.39005 ], [ -165.816424, 60.396122 ], [ -165.782465, 60.404873 ], [ -165.738465, 60.405609 ], [ -165.693076, 60.393147 ], [ -165.671484, 60.383462 ], [ -165.653928, 60.37176 ], [ -165.647395, 60.36231 ], [ -165.649483, 60.348823 ], [ -165.617047, 60.344901 ], [ -165.600197, 60.338927 ], [ -165.586194, 60.329776 ], [ -165.574508, 60.321199 ], [ -165.561519, 60.301726 ], [ -165.561376, 60.292263 ], [ -165.565287, 60.28307 ], [ -165.574375, 60.273297 ], [ -165.570708, 60.258956 ], [ -165.588301, 60.241414 ], [ -165.575489, 60.231693 ], [ -165.5666, 60.21565 ], [ -165.57037, 60.197855 ], [ -165.588498, 60.178876 ], [ -165.576227, 60.165712 ], [ -165.577155, 60.150785 ], [ -165.562061, 60.140209 ], [ -165.559676, 60.133332 ], [ -165.563967, 60.112662 ], [ -165.557461, 60.099194 ], [ -165.560191, 60.08944 ], [ -165.573173, 60.075063 ], [ -165.567357, 60.070203 ], [ -165.566622, 60.058731 ], [ -165.55338, 60.054163 ], [ -165.539365, 60.034979 ], [ -165.497496, 60.027887 ], [ -165.479677, 60.021614 ], [ -165.462359, 60.00959 ], [ -165.453215, 59.999209 ], [ -165.45188, 59.990418 ], [ -165.402458, 59.970448 ], [ -165.402539, 59.967859 ], [ -165.412004, 59.954142 ], [ -165.43913, 59.936036 ], [ -165.445191, 59.916438 ], [ -165.460906, 59.895005 ], [ -165.49547, 59.870184 ], [ -165.560383, 59.852868 ], [ -165.625261, 59.846403 ], [ -165.657822, 59.836263 ], [ -165.69903, 59.835079 ], [ -165.739022, 59.841351 ], [ -165.773273, 59.820465 ], [ -165.803037, 59.809104 ], [ -165.824859, 59.806746 ], [ -165.964817, 59.722971 ], [ -166.012454, 59.705384 ], [ -166.057893, 59.695535 ], [ -166.099717, 59.694051 ], [ -166.176949, 59.699819 ], [ -166.242114, 59.717095 ], [ -166.273867, 59.733847 ], [ -166.291254, 59.747196 ], [ -166.300577, 59.760074 ], [ -166.321854, 59.773141 ], [ -166.366395, 59.779661 ], [ -166.429671, 59.801636 ], [ -166.461707, 59.795933 ], [ -166.507966, 59.798749 ], [ -166.564223, 59.796111 ], [ -166.626126, 59.797061 ], [ -166.654343, 59.802392 ], [ -166.736783, 59.838301 ], [ -166.786514, 59.842657 ], [ -166.828905, 59.85233 ], [ -166.850852, 59.871056 ], [ -166.868128, 59.881258 ], [ -166.940622, 59.911908 ], [ -167.04204, 59.935757 ], [ -167.102912, 59.936949 ], [ -167.137842, 59.944033 ], [ -167.22273, 59.993853 ], [ -167.293405, 59.999186 ], [ -167.310802, 60.007472 ], [ -167.324149, 60.018457 ], [ -167.358482, 60.018486 ], [ -167.38558, 60.021207 ], [ -167.400816, 60.026122 ], [ -167.434834, 60.045658 ], [ -167.440769, 60.056462 ], [ -167.442969, 60.095453 ], [ -167.43645, 60.108761 ], [ -167.464578, 60.124652 ], [ -167.471733, 60.136017 ], [ -167.473241, 60.148905 ], [ -167.505441, 60.156968 ], [ -167.515172, 60.164258 ], [ -167.516965, 60.172839 ], [ -167.536351, 60.178245 ], [ -167.560296, 60.205956 ], [ -167.558228, 60.224357 ] ] ], [ [ [ -172.885693, 60.208803 ], [ -172.867009, 60.222142 ], [ -172.796941, 60.248821 ], [ -172.731545, 60.262161 ], [ -172.698574, 60.258374 ], [ -172.67341, 60.249784 ], [ -172.649219, 60.236895 ], [ -172.637485, 60.219294 ], [ -172.634324, 60.200743 ], [ -172.655702, 60.178484 ], [ -172.680662, 60.15991 ], [ -172.694193, 60.15461 ], [ -172.761788, 60.140677 ], [ -172.799541, 60.138804 ], [ -172.829635, 60.142109 ], [ -172.84832, 60.148778 ], [ -172.881018, 60.168785 ], [ -172.890361, 60.182124 ], [ -172.885693, 60.208803 ] ] ], [ [ [ -173.23683, 60.645583 ], [ -173.218431, 60.676231 ], [ -173.190831, 60.689366 ], [ -173.190832, 60.706878 ], [ -173.177032, 60.720013 ], [ -173.158632, 60.72877 ], [ -173.100409, 60.745166 ], [ -173.059068, 60.747748 ], [ -173.012473, 60.740372 ], [ -172.989762, 60.731811 ], [ -172.962253, 60.709805 ], [ -172.953052, 60.694481 ], [ -172.943849, 60.6507 ], [ -172.888646, 60.644135 ], [ -172.861045, 60.637568 ], [ -172.828842, 60.622246 ], [ -172.819641, 60.61349 ], [ -172.815041, 60.602545 ], [ -172.819641, 60.595978 ], [ -172.815327, 60.557852 ], [ -172.795747, 60.538647 ], [ -172.760255, 60.514181 ], [ -172.68784, 60.48012 ], [ -172.530021, 60.435741 ], [ -172.499479, 60.43211 ], [ -172.462603, 60.438694 ], [ -172.39357, 60.436506 ], [ -172.347543, 60.427747 ], [ -172.319929, 60.416798 ], [ -172.278507, 60.388328 ], [ -172.260098, 60.379569 ], [ -172.223279, 60.36424 ], [ -172.145039, 60.340152 ], [ -172.122025, 60.327013 ], [ -172.10909, 60.314012 ], [ -172.108767, 60.303428 ], [ -172.120378, 60.287337 ], [ -172.14352, 60.271452 ], [ -172.189488, 60.250816 ], [ -172.246707, 60.241229 ], [ -172.267533, 60.244498 ], [ -172.295509, 60.23883 ], [ -172.361584, 60.252006 ], [ -172.379188, 60.260714 ], [ -172.388399, 60.275498 ], [ -172.407526, 60.278764 ], [ -172.45384, 60.270613 ], [ -172.49604, 60.274221 ], [ -172.522964, 60.271095 ], [ -172.534227, 60.265262 ], [ -172.565013, 60.258086 ], [ -172.596125, 60.258622 ], [ -172.65248, 60.269751 ], [ -172.679356, 60.278026 ], [ -172.715375, 60.296219 ], [ -172.744421, 60.301031 ], [ -172.802382, 60.31865 ], [ -172.820133, 60.316154 ], [ -172.847945, 60.318383 ], [ -172.87777, 60.326309 ], [ -172.910228, 60.339623 ], [ -172.92536, 60.352581 ], [ -172.930971, 60.370525 ], [ -172.931452, 60.389684 ], [ -173.067391, 60.439905 ], [ -173.095288, 60.441795 ], [ -173.144869, 60.457101 ], [ -173.158271, 60.467492 ], [ -173.167818, 60.48108 ], [ -173.170522, 60.496484 ], [ -173.165263, 60.514292 ], [ -173.156457, 60.52214 ], [ -173.163222, 60.538316 ], [ -173.154023, 60.564586 ], [ -173.140223, 60.575533 ], [ -173.144823, 60.5821 ], [ -173.167825, 60.593045 ], [ -173.181626, 60.606178 ], [ -173.23223, 60.636827 ], [ -173.23683, 60.645583 ] ] ], [ [ [ -160.09759, 58.599914 ], [ -160.088191, 58.621694 ], [ -160.074876, 58.639886 ], [ -160.063999, 58.646561 ], [ -160.004645, 58.665602 ], [ -159.940581, 58.656322 ], [ -159.905282, 58.646706 ], [ -159.885292, 58.631442 ], [ -159.867681, 58.610517 ], [ -159.862579, 58.585676 ], [ -159.868123, 58.572544 ], [ -159.880463, 58.562971 ], [ -159.921321, 58.543964 ], [ -159.972615, 58.536247 ], [ -160.00456, 58.53726 ], [ -160.008535, 58.534684 ], [ -160.059052, 58.547826 ], [ -160.089374, 58.578964 ], [ -160.09759, 58.599914 ] ] ], [ [ [ -160.544058, 58.687838 ], [ -160.537493, 58.700268 ], [ -160.525425, 58.708571 ], [ -160.525786, 58.730237 ], [ -160.52046, 58.740997 ], [ -160.490372, 58.773631 ], [ -160.452227, 58.791854 ], [ -160.416039, 58.798445 ], [ -160.36764, 58.794097 ], [ -160.349391, 58.788808 ], [ -160.323241, 58.775058 ], [ -160.296788, 58.776279 ], [ -160.263913, 58.771753 ], [ -160.237704, 58.766048 ], [ -160.214084, 58.755477 ], [ -160.187674, 58.756284 ], [ -160.137618, 58.748898 ], [ -160.116555, 58.739022 ], [ -160.101914, 58.724812 ], [ -160.096265, 58.705339 ], [ -160.096973, 58.697283 ], [ -160.110313, 58.6816 ], [ -160.152731, 58.658199 ], [ -160.154086, 58.637109 ], [ -160.168401, 58.618562 ], [ -160.179822, 58.610018 ], [ -160.212158, 58.595046 ], [ -160.215436, 58.578314 ], [ -160.225597, 58.565539 ], [ -160.258761, 58.544569 ], [ -160.301029, 58.535758 ], [ -160.333606, 58.535678 ], [ -160.367619, 58.541989 ], [ -160.396861, 58.553919 ], [ -160.40777, 58.567314 ], [ -160.41429, 58.586934 ], [ -160.401124, 58.612574 ], [ -160.387627, 58.627646 ], [ -160.433101, 58.622246 ], [ -160.475339, 58.627192 ], [ -160.528739, 58.654164 ], [ -160.539475, 58.664336 ], [ -160.54432, 58.674326 ], [ -160.544058, 58.687838 ] ] ], [ [ [ -161.436921, 64.133553 ], [ -161.420197, 64.158416 ], [ -161.393287, 64.172014 ], [ -161.355713, 64.183777 ], [ -161.310363, 64.189368 ], [ -161.264813, 64.18466 ], [ -161.223548, 64.176433 ], [ -161.197017, 64.163977 ], [ -161.176662, 64.146856 ], [ -161.176784, 64.140283 ], [ -161.185437, 64.126156 ], [ -161.184483, 64.106159 ], [ -161.196381, 64.091974 ], [ -161.209918, 64.082046 ], [ -161.22175, 64.075294 ], [ -161.252273, 64.065963 ], [ -161.306032, 64.061969 ], [ -161.37318, 64.069742 ], [ -161.414441, 64.08677 ], [ -161.432417, 64.105336 ], [ -161.436921, 64.133553 ] ] ], [ [ [ -161.859289, 63.610911 ], [ -161.855846, 63.621632 ], [ -161.840317, 63.635116 ], [ -161.826228, 63.642489 ], [ -161.795456, 63.650418 ], [ -161.758495, 63.654517 ], [ -161.714751, 63.652538 ], [ -161.677139, 63.642646 ], [ -161.649477, 63.62764 ], [ -161.639572, 63.617746 ], [ -161.633969, 63.604324 ], [ -161.641536, 63.588497 ], [ -161.675224, 63.566338 ], [ -161.711815, 63.555118 ], [ -161.751965, 63.552063 ], [ -161.78447, 63.553788 ], [ -161.812403, 63.559943 ], [ -161.83922, 63.570355 ], [ -161.849814, 63.577357 ], [ -161.857026, 63.587982 ], [ -161.859289, 63.610911 ] ] ], [ [ [ -168.213963, 64.984318 ], [ -168.207906, 65.003291 ], [ -168.16909, 65.024067 ], [ -168.156162, 65.029174 ], [ -168.076108, 65.043289 ], [ -168.004872, 65.038897 ], [ -167.953076, 65.023479 ], [ -167.924296, 65.002728 ], [ -167.916447, 64.988618 ], [ -167.913829, 64.969943 ], [ -167.91906, 64.960813 ], [ -167.953094, 64.932994 ], [ -167.976149, 64.922872 ], [ -168.037032, 64.909284 ], [ -168.090879, 64.911113 ], [ -168.137033, 64.918432 ], [ -168.187035, 64.934902 ], [ -168.210114, 64.951372 ], [ -168.213963, 64.984318 ] ] ], [ [ [ -168.869229, 65.620853 ], [ -168.85674, 65.640596 ], [ -168.820067, 65.66519 ], [ -168.794617, 65.671216 ], [ -168.734929, 65.674299 ], [ -168.710586, 65.673136 ], [ -168.666029, 65.659831 ], [ -168.63791, 65.639863 ], [ -168.628523, 65.625776 ], [ -168.626815, 65.612373 ], [ -168.633681, 65.601358 ], [ -168.652314, 65.590936 ], [ -168.673468, 65.584169 ], [ -168.733164, 65.572244 ], [ -168.7661, 65.571484 ], [ -168.80835, 65.578526 ], [ -168.846055, 65.592512 ], [ -168.865921, 65.60692 ], [ -168.869538, 65.613129 ], [ -168.869229, 65.620853 ] ] ], [ [ [ -168.971903, 65.688765 ], [ -168.97103, 65.814645 ], [ -168.950782, 65.818829 ], [ -168.926957, 65.82226 ], [ -168.892775, 65.821353 ], [ -168.861005, 65.817807 ], [ -168.835714, 65.810676 ], [ -168.80098, 65.795173 ], [ -168.78706, 65.784624 ], [ -168.781428, 65.773612 ], [ -168.780883, 65.764467 ], [ -168.762466, 65.751166 ], [ -168.761664, 65.740025 ], [ -168.767354, 65.730747 ], [ -168.785494, 65.716319 ], [ -168.856091, 65.691236 ], [ -168.880929, 65.685786 ], [ -168.91806, 65.684332 ], [ -168.971903, 65.688765 ] ] ], [ [ [ -171.965319, 63.472874 ], [ -171.944727, 63.570618 ], [ -171.924838, 63.61085 ], [ -171.909922, 63.617947 ], [ -171.90495, 63.639243 ], [ -171.890031, 63.655805 ], [ -171.860196, 63.674736 ], [ -171.865168, 63.688933 ], [ -171.865168, 63.705497 ], [ -171.845277, 63.726794 ], [ -171.835333, 63.743361 ], [ -171.840305, 63.752826 ], [ -171.840306, 63.769389 ], [ -171.855926, 63.78567 ], [ -171.845982, 63.799867 ], [ -171.816149, 63.821162 ], [ -171.776372, 63.837724 ], [ -171.714675, 63.836056 ], [ -171.705719, 63.840391 ], [ -171.674734, 63.84368 ], [ -171.647467, 63.84095 ], [ -171.617503, 63.833641 ], [ -171.54883, 63.800461 ], [ -171.527026, 63.776518 ], [ -171.520679, 63.750236 ], [ -171.535603, 63.721875 ], [ -171.251321, 63.667442 ], [ -171.165036, 63.658988 ], [ -170.959155, 63.625888 ], [ -170.910939, 63.637874 ], [ -170.847168, 63.666126 ], [ -170.705152, 63.713083 ], [ -170.656697, 63.723547 ], [ -170.619933, 63.723455 ], [ -170.50403, 63.7534 ], [ -170.296846, 63.755572 ], [ -170.243195, 63.745386 ], [ -170.168075, 63.719891 ], [ -170.103681, 63.684179 ], [ -170.028558, 63.648469 ], [ -169.985628, 63.622959 ], [ -169.964147, 63.582118 ], [ -169.926599, 63.526739 ], [ -169.792993, 63.49074 ], [ -169.602285, 63.480635 ], [ -169.56942, 63.472859 ], [ -169.543882, 63.459438 ], [ -169.4838, 63.435631 ], [ -169.455539, 63.41502 ], [ -169.234552, 63.390727 ], [ -169.035, 63.387453 ], [ -168.704699, 63.354706 ], [ -168.642768, 63.34488 ], [ -168.608363, 63.335055 ], [ -168.587718, 63.325229 ], [ -168.578617, 63.308674 ], [ -168.586695, 63.27247 ], [ -168.604276, 63.251593 ], [ -168.609261, 63.229362 ], [ -168.635967, 63.204638 ], [ -168.666591, 63.185972 ], [ -168.692774, 63.158941 ], [ -168.73346, 63.131553 ], [ -168.696657, 63.10922 ], [ -168.682789, 63.084668 ], [ -168.700727, 63.056925 ], [ -168.764086, 63.027617 ], [ -168.803229, 63.017652 ], [ -168.837331, 63.016175 ], [ -168.868548, 63.019792 ], [ -168.917486, 63.031116 ], [ -168.940357, 63.046329 ], [ -168.948698, 63.062468 ], [ -168.946607, 63.074451 ], [ -168.92278, 63.099567 ], [ -169.027786, 63.124527 ], [ -169.066713, 63.128214 ], [ -169.142552, 63.1278 ], [ -169.230644, 63.123502 ], [ -169.263785, 63.118471 ], [ -169.282326, 63.114405 ], [ -169.32436, 63.08574 ], [ -169.367966, 63.061076 ], [ -169.406523, 63.047509 ], [ -169.451083, 63.038551 ], [ -169.427263, 63.00026 ], [ -169.419861, 62.973856 ], [ -169.436324, 62.947438 ], [ -169.461551, 62.932839 ], [ -169.493235, 62.926609 ], [ -169.525341, 62.924659 ], [ -169.552096, 62.902914 ], [ -169.591036, 62.887867 ], [ -169.638796, 62.884908 ], [ -169.727891, 62.896333 ], [ -169.814814, 62.917395 ], [ -169.838952, 62.925889 ], [ -169.864597, 62.944697 ], [ -169.863264, 62.980144 ], [ -169.877727, 62.997136 ], [ -169.883781, 63.020073 ], [ -169.901408, 63.037365 ], [ -169.95276, 63.064072 ], [ -170.031797, 63.095519 ], [ -170.081157, 63.111304 ], [ -170.115416, 63.127247 ], [ -170.140133, 63.124257 ], [ -170.176725, 63.125336 ], [ -170.201845, 63.131196 ], [ -170.248568, 63.132026 ], [ -170.259834, 63.136662 ], [ -170.290817, 63.135106 ], [ -170.328022, 63.138724 ], [ -170.359422, 63.147737 ], [ -170.394358, 63.171056 ], [ -170.400463, 63.182229 ], [ -170.400883, 63.193675 ], [ -170.383448, 63.210752 ], [ -170.439075, 63.251596 ], [ -170.515276, 63.28791 ], [ -170.596895, 63.311616 ], [ -170.816604, 63.354977 ], [ -170.908249, 63.369945 ], [ -170.993588, 63.37484 ], [ -171.048383, 63.373691 ], [ -171.066836, 63.371108 ], [ -171.100519, 63.356513 ], [ -171.127873, 63.350199 ], [ -171.166047, 63.348158 ], [ -171.173589, 63.336429 ], [ -171.191305, 63.324685 ], [ -171.214119, 63.315784 ], [ -171.227378, 63.304043 ], [ -171.251398, 63.292568 ], [ -171.280546, 63.285648 ], [ -171.326229, 63.282697 ], [ -171.362228, 63.268026 ], [ -171.398887, 63.257642 ], [ -171.435601, 63.25267 ], [ -171.481935, 63.254531 ], [ -171.533561, 63.266643 ], [ -171.560192, 63.265114 ], [ -171.594551, 63.269551 ], [ -171.622014, 63.277154 ], [ -171.651548, 63.29104 ], [ -171.691119, 63.298008 ], [ -171.744268, 63.313178 ], [ -171.772284, 63.315327 ], [ -171.810817, 63.328548 ], [ -171.839244, 63.342682 ], [ -171.855716, 63.361181 ], [ -171.884887, 63.37759 ], [ -171.906613, 63.398617 ], [ -171.931109, 63.425629 ], [ -171.94423, 63.454713 ], [ -171.954225, 63.466368 ], [ -171.965319, 63.472874 ] ] ], [ [ [ -146.50828, 59.390727 ], [ -146.502301, 59.408427 ], [ -146.491389, 59.423053 ], [ -146.455616, 59.453915 ], [ -146.427834, 59.466669 ], [ -146.433923, 59.476837 ], [ -146.435739, 59.487223 ], [ -146.431991, 59.500102 ], [ -146.420644, 59.513565 ], [ -146.429061, 59.523886 ], [ -146.432654, 59.534151 ], [ -146.431968, 59.544572 ], [ -146.42643, 59.555507 ], [ -146.400484, 59.574713 ], [ -146.358492, 59.586056 ], [ -146.329554, 59.587471 ], [ -146.301067, 59.584527 ], [ -146.275531, 59.577483 ], [ -146.255184, 59.566957 ], [ -146.243598, 59.556318 ], [ -146.237434, 59.544572 ], [ -146.237051, 59.532417 ], [ -146.242924, 59.519954 ], [ -146.210009, 59.511368 ], [ -146.185478, 59.496991 ], [ -146.171126, 59.482168 ], [ -146.166666, 59.462966 ], [ -146.151671, 59.449631 ], [ -146.145446, 59.435233 ], [ -146.148589, 59.418848 ], [ -146.162989, 59.403159 ], [ -146.18703, 59.390924 ], [ -146.21853, 59.383517 ], [ -146.253536, 59.357673 ], [ -146.282316, 59.348506 ], [ -146.322328, 59.34491 ], [ -146.361912, 59.335485 ], [ -146.410794, 59.335703 ], [ -146.469291, 59.350049 ], [ -146.49834, 59.368001 ], [ -146.505755, 59.378639 ], [ -146.50828, 59.390727 ] ] ], [ [ [ -136.455142, 57.831115 ], [ -136.464663, 57.83729 ], [ -136.537828, 57.84771 ], [ -136.616659, 57.869218 ], [ -136.644621, 57.883768 ], [ -136.658568, 57.901455 ], [ -136.662116, 57.920308 ], [ -136.660499, 57.93887 ], [ -136.648455, 57.958324 ], [ -136.656215, 57.97847 ], [ -136.65113, 57.993777 ], [ -136.66938, 57.99855 ], [ -136.679148, 58.014266 ], [ -136.678891, 58.036293 ], [ -136.668593, 58.048507 ], [ -136.661493, 58.063817 ], [ -136.650241, 58.102629 ], [ -136.615165, 58.120712 ], [ -136.510268, 58.153464 ], [ -136.515428, 58.180583 ], [ -136.544755, 58.164448 ], [ -136.590589, 58.151967 ], [ -136.616339, 58.14723 ], [ -136.658394, 58.145646 ], [ -136.711549, 58.155669 ], [ -136.738938, 58.166064 ], [ -136.761991, 58.179405 ], [ -136.814412, 58.18879 ], [ -136.843978, 58.20676 ], [ -136.853226, 58.21916 ], [ -136.855208, 58.23085 ], [ -136.880738, 58.250781 ], [ -136.897769, 58.259519 ], [ -136.937829, 58.2686 ], [ -136.974838, 58.296044 ], [ -137.008663, 58.333154 ], [ -137.0145, 58.344311 ], [ -137.045135, 58.330143 ], [ -137.072353, 58.32362 ], [ -137.120297, 58.329663 ], [ -137.149586, 58.341307 ], [ -137.247535, 58.392847 ], [ -137.315833, 58.410112 ], [ -137.35915, 58.430378 ], [ -137.374174, 58.440911 ], [ -137.414809, 58.451136 ], [ -137.450459, 58.464324 ], [ -137.533517, 58.509389 ], [ -137.579735, 58.528008 ], [ -137.602565, 58.541748 ], [ -137.675051, 58.554838 ], [ -137.72061, 58.570857 ], [ -137.762218, 58.596502 ], [ -137.76843, 58.627159 ], [ -137.775938, 58.640754 ], [ -137.869552, 58.691561 ], [ -137.99604, 58.749505 ], [ -138.017134, 58.771271 ], [ -138.02161, 58.790023 ], [ -138.029291, 58.805501 ], [ -138.027106, 58.818639 ], [ -138.011522, 58.838679 ], [ -138.021467, 58.861449 ], [ -138.115383, 58.919757 ], [ -138.224081, 58.968851 ], [ -138.252506, 58.98944 ], [ -138.349932, 59.022363 ], [ -138.471406, 59.049105 ], [ -138.637702, 59.079645 ], [ -138.758546, 59.126526 ], [ -138.873903, 59.180166 ], [ -138.967006, 59.211547 ], [ -139.05104, 59.233655 ], [ -139.261946, 59.281632 ], [ -139.390268, 59.317383 ], [ -139.581891, 59.37838 ], [ -139.71637, 59.434313 ], [ -139.902835, 59.497983 ], [ -140.425097, 59.65703 ], [ -140.676111, 59.668943 ], [ -140.912873, 59.698455 ], [ -141.05222, 59.737849 ], [ -141.406096, 59.823812 ], [ -141.755024, 59.918737 ], [ -141.913902, 59.958272 ], [ -142.00184, 59.974604 ], [ -142.138094, 59.987481 ], [ -142.297274, 60.011827 ], [ -142.408468, 60.02032 ], [ -142.45365, 60.020269 ], [ -142.495494, 60.033057 ], [ -142.577987, 60.04352 ], [ -142.757379, 60.052228 ], [ -142.826045, 60.051102 ], [ -143.117041, 60.0195 ], [ -143.539451, 59.999939 ], [ -143.642702, 59.988825 ], [ -143.758948, 59.966056 ], [ -143.841984, 59.945211 ], [ -143.89521, 59.942647 ], [ -143.946679, 59.930834 ], [ -144.033587, 59.919671 ], [ -144.144078, 59.919452 ], [ -144.410509, 59.746274 ], [ -144.542182, 59.719321 ], [ -144.67677, 59.727395 ], [ -144.778103, 59.778563 ], [ -144.777798, 59.829935 ], [ -144.641727, 59.924389 ], [ -144.539684, 60.010149 ], [ -144.607277, 60.078347 ], [ -144.776015, 60.129592 ], [ -145.097975, 60.146112 ], [ -145.317687, 60.179691 ], [ -145.621695, 60.255803 ], [ -145.824323, 60.315117 ], [ -145.976568, 60.314652 ], [ -146.179309, 60.280056 ], [ -146.465707, 60.212501 ], [ -146.734306, 60.154142 ], [ -146.939279, 60.103848 ], [ -147.002566, 60.097545 ], [ -147.10194, 60.081337 ], [ -147.161568, 60.052993 ], [ -147.24174, 59.998317 ], [ -147.271129, 59.963437 ], [ -147.280941, 59.923573 ], [ -147.280964, 59.878726 ], [ -147.334827, 59.833874 ], [ -147.520846, 59.774079 ], [ -147.68724, 59.74168 ], [ -147.819382, 59.73667 ], [ -147.956439, 59.744131 ], [ -148.039657, 59.769047 ], [ -148.100746, 59.815697 ], [ -148.218506, 59.87564 ], [ -148.437224, 59.89281 ], [ -148.605476, 59.884296 ], [ -148.980202, 59.893721 ], [ -149.269625, 59.84542 ], [ -149.467504, 59.733767 ], [ -149.6213, 59.527516 ], [ -150.456456, 59.308688 ], [ -150.801062, 59.231825 ], [ -150.992194, 59.180837 ], [ -151.255287, 59.137764 ], [ -151.374719, 59.110669 ], [ -151.444173, 59.099687 ], [ -151.85538, 59.077617 ], [ -153.02118, 59.002452 ], [ -153.184086, 58.905729 ], [ -153.165141, 58.892714 ], [ -153.15284, 58.869019 ], [ -153.151647, 58.857561 ], [ -153.152349, 58.847582 ], [ -153.167029, 58.823019 ], [ -153.186373, 58.807617 ], [ -153.2025, 58.801333 ], [ -153.176636, 58.784665 ], [ -153.165925, 58.764984 ], [ -153.166846, 58.755175 ], [ -153.186964, 58.729345 ], [ -153.214065, 58.71638 ], [ -153.244798, 58.70747 ], [ -153.278032, 58.706901 ], [ -153.307234, 58.709162 ], [ -153.318021, 58.712962 ], [ -153.371581, 58.673275 ], [ -153.478776, 58.641694 ], [ -153.457904, 58.623456 ], [ -153.44702, 58.598409 ], [ -153.45184, 58.584973 ], [ -153.461482, 58.572608 ], [ -153.491798, 58.555503 ], [ -153.51515, 58.548397 ], [ -153.592668, 58.542253 ], [ -153.609804, 58.519746 ], [ -153.628003, 58.508297 ], [ -153.6541, 58.499598 ], [ -153.692361, 58.493506 ], [ -153.778412, 58.504044 ], [ -153.79948, 58.509223 ], [ -153.810656, 58.515386 ], [ -153.82107, 58.487799 ], [ -153.84442, 58.472263 ], [ -153.881794, 58.456499 ], [ -153.8839, 58.438548 ], [ -153.876719, 58.430756 ], [ -153.872602, 58.415137 ], [ -153.864165, 58.408781 ], [ -153.858522, 58.397601 ], [ -153.858557, 58.374274 ], [ -153.909327, 58.329104 ], [ -153.925988, 58.319795 ], [ -153.970038, 58.312724 ], [ -154.03904, 58.230362 ], [ -154.052463, 58.201183 ], [ -154.052916, 58.189196 ], [ -154.058971, 58.175206 ], [ -154.070087, 58.162357 ], [ -154.082824, 58.154012 ], [ -154.108918, 58.14601 ], [ -154.110409, 58.131391 ], [ -154.119565, 58.113228 ], [ -154.133654, 58.100141 ], [ -154.155186, 58.090983 ], [ -154.211801, 58.080288 ], [ -154.220469, 58.066173 ], [ -154.265523, 58.038228 ], [ -154.28818, 58.030823 ], [ -154.335126, 58.026711 ], [ -154.390744, 57.999301 ], [ -154.539595, 57.988197 ], [ -154.589135, 57.989779 ], [ -154.708989, 57.982295 ], [ -154.747746, 57.969188 ], [ -154.800929, 57.959148 ], [ -154.840368, 57.962219 ], [ -154.865304, 57.967639 ], [ -154.893803, 57.983541 ], [ -154.940742, 57.975071 ], [ -154.969687, 57.927854 ], [ -154.994017, 57.863188 ], [ -155.043525, 57.81239 ], [ -155.078876, 57.79534 ], [ -155.099422, 57.79124 ], [ -155.129023, 57.787953 ], [ -155.160861, 57.790588 ], [ -155.150715, 57.771961 ], [ -155.15006, 57.750022 ], [ -155.209955, 57.716257 ], [ -155.245788, 57.681595 ], [ -155.277003, 57.676112 ], [ -155.276198, 57.669954 ], [ -155.280948, 57.656831 ], [ -155.300397, 57.642894 ], [ -155.360914, 57.625029 ], [ -155.459864, 57.637648 ], [ -155.589109, 57.608276 ], [ -155.601032, 57.610838 ], [ -155.639486, 57.602267 ], [ -155.632567, 57.586813 ], [ -155.645503, 57.522358 ], [ -155.66796, 57.508352 ], [ -155.719259, 57.497419 ], [ -155.844485, 57.497513 ], [ -155.850791, 57.488383 ], [ -155.919809, 57.433028 ], [ -155.939758, 57.41287 ], [ -155.978919, 57.395895 ], [ -156.098355, 57.379848 ], [ -156.141825, 57.353635 ], [ -156.167196, 57.345852 ], [ -156.171046, 57.334075 ], [ -156.184163, 57.317227 ], [ -156.196698, 57.310196 ], [ -156.247041, 57.243776 ], [ -156.241765, 57.232176 ], [ -156.225388, 57.217307 ], [ -156.214506, 57.19518 ], [ -156.227811, 57.162455 ], [ -156.262757, 57.133598 ], [ -156.316483, 57.105502 ], [ -156.31167, 57.067916 ], [ -156.330702, 57.050839 ], [ -156.330713, 56.749278 ], [ -157.129765, 56.268695 ], [ -157.098709, 56.238308 ], [ -158.0, 55.639444 ], [ -159.446868, 55.638531 ], [ -159.469102, 55.619253 ], [ -159.488814, 55.608936 ], [ -159.521517, 55.600894 ], [ -159.510845, 55.586215 ], [ -159.503979, 55.567355 ], [ -159.505046, 55.558108 ], [ -159.511453, 55.549623 ], [ -159.538153, 55.532006 ], [ -159.584658, 55.524259 ], [ -159.633391, 55.523609 ], [ -159.655302, 55.528886 ], [ -159.951138, 55.507583 ], [ -159.951898, 55.502227 ], [ -159.963251, 55.489684 ], [ -159.995145, 55.468466 ], [ -160.002045, 55.459081 ], [ -160.018258, 55.452305 ], [ -160.041162, 55.448879 ], [ -160.059297, 55.416208 ], [ -160.052891, 55.407106 ], [ -160.055282, 55.399478 ], [ -160.050544, 55.395777 ], [ -160.001875, 55.38838 ], [ -159.996367, 55.390194 ], [ -159.961921, 55.368664 ], [ -159.932583, 55.336981 ], [ -159.883555, 55.345198 ], [ -159.843304, 55.340049 ], [ -159.804214, 55.323975 ], [ -159.792496, 55.317154 ], [ -159.766801, 55.293085 ], [ -159.75789, 55.275683 ], [ -159.74843, 55.242632 ], [ -159.737892, 55.222287 ], [ -159.735979, 55.226108 ], [ -159.704272, 55.239865 ], [ -159.68703, 55.243298 ], [ -159.660206, 55.24291 ], [ -159.643421, 55.254667 ], [ -159.609058, 55.26779 ], [ -159.573021, 55.312141 ], [ -159.544335, 55.328407 ], [ -159.521967, 55.334191 ], [ -159.482601, 55.336294 ], [ -159.44781, 55.329098 ], [ -159.415307, 55.315381 ], [ -159.401787, 55.302205 ], [ -159.39739, 55.280415 ], [ -159.399493, 55.259793 ], [ -159.419793, 55.249896 ], [ -159.420274, 55.223042 ], [ -159.426042, 55.212338 ], [ -159.427079, 55.201146 ], [ -159.408095, 55.174397 ], [ -159.404675, 55.159741 ], [ -159.405864, 55.13741 ], [ -159.410886, 55.123496 ], [ -159.376136, 55.123213 ], [ -159.348479, 55.112897 ], [ -159.321993, 55.118247 ], [ -159.303628, 55.116493 ], [ -159.252834, 55.106171 ], [ -159.233423, 55.098642 ], [ -159.216575, 55.087442 ], [ -159.209189, 55.077249 ], [ -159.204305, 55.066011 ], [ -159.203204, 55.043344 ], [ -159.212298, 55.025842 ], [ -159.255064, 55.006199 ], [ -159.25014, 54.9981 ], [ -159.213608, 54.984254 ], [ -159.179425, 54.976762 ], [ -159.141611, 54.960535 ], [ -159.126014, 54.949709 ], [ -159.113256, 54.93033 ], [ -159.111791, 54.91569 ], [ -159.132695, 54.885531 ], [ -159.201515, 54.833672 ], [ -159.226601, 54.820679 ], [ -159.277357, 54.81121 ], [ -159.333699, 54.818618 ], [ -159.362297, 54.828315 ], [ -159.380642, 54.840392 ], [ -159.395386, 54.858214 ], [ -159.416904, 54.872253 ], [ -159.431783, 54.894197 ], [ -159.43928, 54.896002 ], [ -159.45741, 54.892515 ], [ -159.503258, 54.900755 ], [ -159.541443, 54.923955 ], [ -159.546603, 54.933583 ], [ -159.540777, 54.960118 ], [ -159.543252, 54.976369 ], [ -159.564821, 54.991395 ], [ -159.580341, 54.987598 ], [ -159.676556, 54.987239 ], [ -159.707036, 54.997493 ], [ -159.703512, 54.999794 ], [ -159.724503, 55.017793 ], [ -159.728403, 54.999993 ], [ -159.734735, 54.990245 ], [ -159.76088, 54.971835 ], [ -159.773988, 54.968493 ], [ -159.767559, 54.956607 ], [ -159.775735, 54.937838 ], [ -159.788885, 54.925662 ], [ -159.816042, 54.909532 ], [ -159.846099, 54.902435 ], [ -159.875027, 54.904242 ], [ -159.906919, 54.909474 ], [ -159.936981, 54.919046 ], [ -159.952976, 54.929384 ], [ -159.953858, 54.920006 ], [ -159.958802, 54.913216 ], [ -159.971285, 54.900504 ], [ -159.986819, 54.891218 ], [ -160.034488, 54.879604 ], [ -160.06592, 54.881084 ], [ -160.093976, 54.890379 ], [ -160.098023, 54.885416 ], [ -160.101167, 54.869478 ], [ -160.113037, 54.854921 ], [ -160.155422, 54.829019 ], [ -160.207725, 54.807342 ], [ -160.241964, 54.803465 ], [ -160.258106, 54.806889 ], [ -160.302812, 54.829746 ], [ -160.315781, 54.843288 ], [ -160.323715, 54.855571 ], [ -160.32336, 54.859772 ], [ -160.329879, 54.863909 ], [ -160.337202, 54.877276 ], [ -160.343181, 54.894358 ], [ -160.343393, 54.930881 ], [ -160.336069, 54.94991 ], [ -160.326853, 54.959691 ], [ -160.297657, 54.976474 ], [ -160.301801, 54.981474 ], [ -160.301403, 54.986326 ], [ -160.292857, 55.000674 ], [ -160.244364, 55.022575 ], [ -160.256519, 55.028792 ], [ -160.261919, 55.035201 ], [ -160.265, 55.050704 ], [ -160.262712, 55.072852 ], [ -160.277814, 55.088859 ], [ -160.288523, 55.111625 ], [ -160.285318, 55.124556 ], [ -160.270951, 55.138869 ], [ -160.24563, 55.15238 ], [ -160.214594, 55.160117 ], [ -160.206175, 55.172187 ], [ -160.190247, 55.185347 ], [ -160.149679, 55.196376 ], [ -160.149574, 55.210166 ], [ -160.130092, 55.238675 ], [ -160.155994, 55.253813 ], [ -160.167284, 55.272529 ], [ -160.167649, 55.279845 ], [ -160.18199, 55.288604 ], [ -160.190774, 55.315375 ], [ -160.200505, 55.323157 ], [ -160.203577, 55.335775 ], [ -160.225702, 55.346717 ], [ -160.238966, 55.340275 ], [ -160.2193, 55.322463 ], [ -160.215794, 55.30828 ], [ -160.221351, 55.289228 ], [ -160.238229, 55.272519 ], [ -160.234113, 55.256848 ], [ -160.242536, 55.241055 ], [ -160.278369, 55.205074 ], [ -160.292742, 55.198004 ], [ -160.321172, 55.193457 ], [ -160.366832, 55.196475 ], [ -160.367845, 55.184424 ], [ -160.376906, 55.16542 ], [ -160.411524, 55.146275 ], [ -160.417917, 55.132284 ], [ -160.439368, 55.119657 ], [ -160.446923, 55.108174 ], [ -160.431775, 55.09467 ], [ -160.427201, 55.076138 ], [ -160.430926, 55.064862 ], [ -160.460837, 55.035845 ], [ -160.478336, 55.02947 ], [ -160.519469, 55.025123 ], [ -160.57326, 55.036982 ], [ -160.59173, 55.052774 ], [ -160.598416, 55.064019 ], [ -160.602477, 55.083177 ], [ -160.598691, 55.094056 ], [ -160.607676, 55.098361 ], [ -160.612492, 55.095497 ], [ -160.648969, 55.096288 ], [ -160.678268, 55.107388 ], [ -160.699174, 55.107538 ], [ -160.709692, 55.112055 ], [ -160.723375, 55.099824 ], [ -160.786356, 55.070815 ], [ -160.836775, 55.068151 ], [ -160.8677, 55.075558 ], [ -160.899676, 55.09535 ], [ -160.90773, 55.113044 ], [ -160.907212, 55.123915 ], [ -160.901463, 55.135552 ], [ -160.906146, 55.152588 ], [ -160.905064, 55.159454 ], [ -160.935588, 55.178226 ], [ -160.941477, 55.188488 ], [ -160.942697, 55.202328 ], [ -160.933058, 55.224126 ], [ -160.922363, 55.238058 ], [ -160.93864, 55.252647 ], [ -160.943945, 55.263825 ], [ -160.93864, 55.291764 ], [ -160.949448, 55.311216 ], [ -160.953424, 55.325367 ], [ -160.94434, 55.341569 ], [ -160.93109, 55.356524 ], [ -160.899649, 55.378614 ], [ -160.892405, 55.380674 ], [ -160.887656, 55.396643 ], [ -160.859006, 55.419874 ], [ -160.907905, 55.420374 ], [ -160.932822, 55.405652 ], [ -160.995901, 55.381243 ], [ -161.138803, 55.337465 ], [ -161.153738, 55.323787 ], [ -161.192989, 55.308144 ], [ -161.239516, 55.298458 ], [ -161.238709, 55.296047 ], [ -161.18561, 55.285761 ], [ -161.172815, 55.295381 ], [ -161.12859, 55.313389 ], [ -161.089989, 55.316648 ], [ -161.068997, 55.312391 ], [ -161.031102, 55.294743 ], [ -161.019724, 55.284664 ], [ -161.012925, 55.262995 ], [ -161.01604, 55.25142 ], [ -161.026535, 55.239106 ], [ -161.05863, 55.220125 ], [ -161.080383, 55.214364 ], [ -161.106591, 55.21229 ], [ -161.131671, 55.213938 ], [ -161.155505, 55.222462 ], [ -161.167868, 55.210916 ], [ -161.181357, 55.204231 ], [ -161.204978, 55.198318 ], [ -161.248508, 55.193258 ], [ -161.253167, 55.186711 ], [ -161.244435, 55.173048 ], [ -161.243212, 55.163504 ], [ -161.251198, 55.14646 ], [ -161.246501, 55.126975 ], [ -161.254678, 55.113403 ], [ -161.272255, 55.100089 ], [ -161.313573, 55.086621 ], [ -161.345738, 55.08524 ], [ -161.375388, 55.089157 ], [ -161.398715, 55.07204 ], [ -161.417726, 55.066821 ], [ -161.417585, 55.062056 ], [ -161.389923, 55.054553 ], [ -161.373718, 55.045956 ], [ -161.361235, 55.033825 ], [ -161.353147, 55.019596 ], [ -161.352596, 55.009983 ], [ -161.359522, 54.991451 ], [ -161.384881, 54.973964 ], [ -161.394097, 54.968485 ], [ -161.416986, 54.963151 ], [ -161.440777, 54.963754 ], [ -161.451318, 54.954971 ], [ -161.470086, 54.949729 ], [ -161.493005, 54.954543 ], [ -161.525872, 54.951589 ], [ -161.553461, 54.954457 ], [ -161.567561, 54.957493 ], [ -161.58458, 54.967949 ], [ -161.591366, 54.963672 ], [ -161.627773, 54.957491 ], [ -161.659481, 54.956383 ], [ -161.672281, 54.959246 ], [ -161.666928, 54.942925 ], [ -161.666681, 54.928116 ], [ -161.688073, 54.907569 ], [ -161.717277, 54.895744 ], [ -161.710014, 54.891592 ], [ -161.667594, 54.882865 ], [ -161.652403, 54.875039 ], [ -161.641042, 54.863694 ], [ -161.630072, 54.840346 ], [ -161.61571, 54.838921 ], [ -161.576738, 54.81421 ], [ -161.564744, 54.797197 ], [ -161.56633, 54.784753 ], [ -161.576552, 54.760705 ], [ -161.590314, 54.749847 ], [ -161.604932, 54.742424 ], [ -161.639844, 54.736159 ], [ -161.672803, 54.737813 ], [ -161.698367, 54.747442 ], [ -161.710187, 54.739154 ], [ -161.753675, 54.727587 ], [ -161.765767, 54.72774 ], [ -161.765058, 54.724459 ], [ -161.782728, 54.706758 ], [ -161.80937, 54.692925 ], [ -161.841016, 54.684516 ], [ -161.861952, 54.689818 ], [ -161.874617, 54.686461 ], [ -161.889113, 54.686949 ], [ -161.935837, 54.695241 ], [ -161.957048, 54.708249 ], [ -161.96467, 54.716935 ], [ -161.983293, 54.712093 ], [ -162.011859, 54.718417 ], [ -162.045582, 54.705684 ], [ -162.056572, 54.704532 ], [ -162.033252, 54.681056 ], [ -162.02852, 54.65912 ], [ -162.034654, 54.644777 ], [ -162.048021, 54.631914 ], [ -162.062883, 54.625184 ], [ -162.104846, 54.618286 ], [ -162.161091, 54.626509 ], [ -162.187276, 54.639579 ], [ -162.205921, 54.63497 ], [ -162.231403, 54.636816 ], [ -162.240473, 54.640528 ], [ -162.242297, 54.616666 ], [ -162.252734, 54.603368 ], [ -162.279405, 54.582348 ], [ -162.309282, 54.575122 ], [ -162.32187, 54.575826 ], [ -162.317308, 54.572429 ], [ -162.31511, 54.545719 ], [ -162.321792, 54.531932 ], [ -162.337814, 54.517803 ], [ -162.365035, 54.507693 ], [ -162.391921, 54.504885 ], [ -162.428512, 54.507669 ], [ -162.465135, 54.52485 ], [ -162.479815, 54.540932 ], [ -162.483753, 54.558503 ], [ -162.478351, 54.575616 ], [ -162.464173, 54.587524 ], [ -162.477528, 54.595216 ], [ -162.487905, 54.610246 ], [ -162.490348, 54.622377 ], [ -162.483635, 54.640062 ], [ -162.459877, 54.666524 ], [ -162.477227, 54.670259 ], [ -162.507013, 54.682701 ], [ -162.52624, 54.694687 ], [ -162.539364, 54.707207 ], [ -162.549649, 54.725373 ], [ -162.554931, 54.749344 ], [ -162.546967, 54.764565 ], [ -162.533142, 54.776612 ], [ -162.512726, 54.785371 ], [ -162.483085, 54.792724 ], [ -162.512606, 54.811487 ], [ -162.538455, 54.810982 ], [ -162.56937, 54.815132 ], [ -162.59998, 54.826812 ], [ -162.618933, 54.845228 ], [ -162.614602, 54.877898 ], [ -162.606424, 54.890205 ], [ -162.578894, 54.908523 ], [ -162.59138, 54.906945 ], [ -162.613323, 54.913436 ], [ -162.642997, 54.933322 ], [ -162.651105, 54.922157 ], [ -162.693861, 54.908147 ], [ -162.706831, 54.909162 ], [ -162.732588, 54.895763 ], [ -162.761885, 54.889742 ], [ -162.790797, 54.888816 ], [ -162.791455, 54.878343 ], [ -162.804242, 54.866372 ], [ -162.822063, 54.85659 ], [ -162.846813, 54.848427 ], [ -162.893903, 54.844238 ], [ -162.93074, 54.859108 ], [ -162.967801, 54.882516 ], [ -163.0632, 54.879518 ], [ -163.062883, 54.869601 ], [ -163.079392, 54.853838 ], [ -163.097031, 54.846871 ], [ -163.110092, 54.846192 ], [ -163.120529, 54.835503 ], [ -163.137298, 54.829815 ], [ -163.141738, 54.820251 ], [ -163.127199, 54.812713 ], [ -163.115311, 54.813215 ], [ -163.104935, 54.809385 ], [ -163.070847, 54.788739 ], [ -163.057799, 54.773412 ], [ -163.028243, 54.757222 ], [ -163.012219, 54.739096 ], [ -162.984324, 54.72306 ], [ -162.968606, 54.708702 ], [ -162.962041, 54.682061 ], [ -162.951887, 54.666017 ], [ -162.954776, 54.659815 ], [ -162.986023, 54.63769 ], [ -162.999786, 54.623531 ], [ -163.025633, 54.611155 ], [ -163.059141, 54.606203 ], [ -163.109769, 54.611314 ], [ -163.126182, 54.615816 ], [ -163.140775, 54.61332 ], [ -163.225096, 54.617287 ], [ -163.306119, 54.60794 ], [ -163.413938, 54.600378 ], [ -163.435882, 54.602813 ], [ -163.466214, 54.586873 ], [ -163.501081, 54.582011 ], [ -163.504026, 54.574932 ], [ -163.52618, 54.551662 ], [ -163.564053, 54.539592 ], [ -163.593563, 54.54114 ], [ -163.712797, 54.570191 ], [ -163.757872, 54.572029 ], [ -163.952937, 54.56844 ], [ -164.001777, 54.563603 ], [ -164.056175, 54.563649 ], [ -164.122671, 54.556119 ], [ -164.22786, 54.523664 ], [ -164.239568, 54.513704 ], [ -164.236618, 54.499913 ], [ -164.249159, 54.478016 ], [ -164.250013, 54.46793 ], [ -164.276684, 54.437207 ], [ -164.316294, 54.411427 ], [ -164.346873, 54.396565 ], [ -164.386087, 54.384731 ], [ -164.414987, 54.368823 ], [ -164.457224, 54.364001 ], [ -164.487063, 54.369602 ], [ -164.502207, 54.363222 ], [ -164.617109, 54.338874 ], [ -164.663344, 54.337538 ], [ -164.705969, 54.344197 ], [ -164.740617, 54.337261 ], [ -164.776446, 54.339084 ], [ -164.805378, 54.345537 ], [ -164.901297, 54.374651 ], [ -164.924888, 54.391657 ], [ -164.961907, 54.426662 ], [ -164.972577, 54.440895 ], [ -164.982813, 54.444621 ], [ -164.99563, 54.457309 ], [ -165.008267, 54.491376 ], [ -165.026975, 54.520773 ], [ -165.031126, 54.5531 ], [ -165.036772, 54.561889 ], [ -165.036163, 54.576598 ], [ -165.019622, 54.606704 ], [ -164.999482, 54.626249 ], [ -164.876861, 54.67543 ], [ -164.863676, 54.676116 ], [ -164.835172, 54.687341 ], [ -164.78278, 54.691702 ], [ -164.70608, 54.773484 ], [ -164.698512, 54.801539 ], [ -164.651179, 54.844199 ], [ -164.644039, 54.885415 ], [ -164.637539, 54.900759 ], [ -164.627744, 54.911533 ], [ -164.614255, 54.923877 ], [ -164.601255, 54.930638 ], [ -164.582481, 54.93452 ], [ -164.572171, 54.943907 ], [ -164.552823, 54.950454 ], [ -164.521182, 54.969124 ], [ -164.475249, 54.976267 ], [ -164.418151, 54.979558 ], [ -164.360961, 54.969098 ], [ -164.307525, 54.951458 ], [ -164.297882, 54.95264 ], [ -164.267763, 54.964183 ], [ -164.226566, 54.990329 ], [ -164.204087, 55.000625 ], [ -164.157871, 55.015654 ], [ -164.109684, 55.018156 ], [ -164.085594, 55.015654 ], [ -164.047447, 55.020657 ], [ -164.015326, 55.036921 ], [ -163.950176, 55.078812 ], [ -163.912702, 55.090584 ], [ -163.858656, 55.088983 ], [ -163.803909, 55.105792 ], [ -163.770299, 55.108826 ], [ -163.666091, 55.094549 ], [ -163.630692, 55.093229 ], [ -163.567947, 55.100158 ], [ -163.458942, 55.128136 ], [ -163.356378, 55.165684 ], [ -163.29068, 55.193397 ], [ -163.207522, 55.219671 ], [ -163.141331, 55.231961 ], [ -162.982797, 55.335617 ], [ -162.949869, 55.360422 ], [ -162.935161, 55.382051 ], [ -162.905163, 55.39477 ], [ -162.869976, 55.415256 ], [ -162.830183, 55.429425 ], [ -162.726973, 55.45887 ], [ -162.681563, 55.463181 ], [ -162.645035, 55.488497 ], [ -162.608353, 55.497775 ], [ -162.570878, 55.515819 ], [ -162.547228, 55.528745 ], [ -162.500232, 55.572852 ], [ -162.415091, 55.626611 ], [ -162.320491, 55.704716 ], [ -162.289791, 55.724866 ], [ -162.17227, 55.77353 ], [ -162.134185, 55.809061 ], [ -162.103638, 55.819476 ], [ -162.060822, 55.825145 ], [ -162.043579, 55.832035 ], [ -162.032869, 55.844258 ], [ -162.011354, 55.851147 ], [ -162.002246, 55.84875 ], [ -161.981019, 55.859419 ], [ -161.906193, 55.912201 ], [ -161.858251, 55.932504 ], [ -161.82575, 55.942655 ], [ -161.729498, 55.954868 ], [ -161.600409, 55.986716 ], [ -161.428659, 56.011574 ], [ -161.211108, 56.06741 ], [ -161.159915, 56.071399 ], [ -161.044741, 56.071402 ], [ -160.929572, 56.07938 ], [ -160.865585, 56.079381 ], [ -160.750409, 56.071407 ], [ -160.654426, 56.071409 ], [ -160.616035, 56.067421 ], [ -160.584043, 56.079386 ], [ -160.55845, 56.099327 ], [ -160.545655, 56.115279 ], [ -160.532861, 56.15516 ], [ -160.520066, 56.179088 ], [ -160.513669, 56.203017 ], [ -160.478737, 56.23584 ], [ -160.439433, 56.298814 ], [ -160.413157, 56.321734 ], [ -160.386791, 56.334773 ], [ -160.330149, 56.35574 ], [ -160.305584, 56.369214 ], [ -160.261365, 56.408071 ], [ -160.225416, 56.4336 ], [ -160.164198, 56.454956 ], [ -160.111526, 56.465599 ], [ -160.069137, 56.480279 ], [ -159.994064, 56.516406 ], [ -159.960649, 56.543452 ], [ -159.905139, 56.578175 ], [ -159.870166, 56.590856 ], [ -159.580984, 56.672923 ], [ -159.502281, 56.702802 ], [ -159.425744, 56.740187 ], [ -159.376365, 56.753974 ], [ -159.35122, 56.757721 ], [ -159.173914, 56.81445 ], [ -159.08157, 56.852889 ], [ -158.981567, 56.911126 ], [ -158.919404, 56.938219 ], [ -158.893585, 56.945059 ], [ -158.893482, 56.999841 ], [ -158.069822, 58.490317 ], [ -158.147875, 58.54378 ], [ -158.189416, 58.54049 ], [ -158.213032, 58.542604 ], [ -158.605235, 58.455592 ], [ -158.604667, 58.446332 ], [ -158.614355, 58.433707 ], [ -158.624733, 58.422033 ], [ -158.638214, 58.413247 ], [ -158.654489, 58.407288 ], [ -158.689543, 58.401682 ], [ -158.702241, 58.38838 ], [ -158.720112, 58.376062 ], [ -158.744724, 58.363725 ], [ -158.772683, 58.354928 ], [ -158.810329, 58.347151 ], [ -158.876674, 58.341926 ], [ -158.911681, 58.342909 ], [ -158.965513, 58.352805 ], [ -158.991905, 58.340603 ], [ -159.018722, 58.33414 ], [ -159.047672, 58.334336 ], [ -159.07885, 58.339257 ], [ -159.107876, 58.347541 ], [ -159.148388, 58.370302 ], [ -159.159841, 58.385194 ], [ -159.162376, 58.395231 ], [ -159.16218, 58.403562 ], [ -159.151388, 58.415773 ], [ -159.404728, 58.665957 ], [ -159.544685, 58.778419 ], [ -159.646932, 58.786079 ], [ -159.701694, 58.796397 ], [ -159.718862, 58.776667 ], [ -159.748103, 58.760305 ], [ -159.811719, 58.73545 ], [ -159.893861, 58.715036 ], [ -159.939081, 58.717906 ], [ -160.004365, 58.744612 ], [ -160.014428, 58.759786 ], [ -160.028215, 58.764072 ], [ -160.052785, 58.783969 ], [ -160.089153, 58.806303 ], [ -160.113013, 58.786614 ], [ -160.127145, 58.780075 ], [ -160.150765, 58.771996 ], [ -160.172238, 58.769329 ], [ -160.234, 58.773956 ], [ -160.273449, 58.788731 ], [ -160.297601, 58.79915 ], [ -160.310533, 58.812626 ], [ -160.333681, 58.848314 ], [ -160.32693, 58.858421 ], [ -160.343087, 58.880542 ], [ -160.608715, 58.843621 ], [ -160.59809, 58.83424 ], [ -160.5935, 58.821728 ], [ -160.601628, 58.793323 ], [ -160.626581, 58.760807 ], [ -160.689142, 58.690263 ], [ -160.700028, 58.672074 ], [ -160.787268, 58.58157 ], [ -160.789773, 58.564418 ], [ -160.793303, 58.560097 ], [ -160.818411, 58.539553 ], [ -160.87415, 58.510066 ], [ -160.933436, 58.496109 ], [ -160.964827, 58.495688 ], [ -161.015597, 58.503062 ], [ -161.06753, 58.489806 ], [ -161.095794, 58.490027 ], [ -161.140958, 58.50334 ], [ -161.158918, 58.512383 ], [ -161.177342, 58.542567 ], [ -161.186773, 58.573297 ], [ -161.184928, 58.587534 ], [ -161.177037, 58.607068 ], [ -161.233978, 58.643453 ], [ -161.322044, 58.611603 ], [ -161.353457, 58.603585 ], [ -161.418358, 58.595985 ], [ -161.457832, 58.585966 ], [ -161.468858, 58.574348 ], [ -161.489866, 58.561895 ], [ -161.52135, 58.551643 ], [ -161.571499, 58.543755 ], [ -161.572347, 58.53524 ], [ -161.586982, 58.518419 ], [ -161.61702, 58.506774 ], [ -161.704228, 58.496911 ], [ -161.767158, 58.496939 ], [ -161.817568, 58.505726 ], [ -161.844635, 58.523317 ], [ -161.860919, 58.539091 ], [ -161.864294, 58.545844 ], [ -161.863645, 58.568726 ], [ -161.870716, 58.570413 ], [ -161.909046, 58.572739 ], [ -161.930173, 58.566268 ], [ -161.971539, 58.567736 ], [ -161.998613, 58.561078 ], [ -162.017363, 58.561666 ], [ -162.043076, 58.568332 ], [ -162.081765, 58.564899 ], [ -162.132217, 58.571376 ], [ -162.14921, 58.576109 ], [ -162.171742, 58.589944 ], [ -162.198978, 58.589982 ], [ -162.230286, 58.598551 ], [ -162.270411, 58.622126 ], [ -162.277651, 58.632884 ], [ -162.280735, 58.646298 ], [ -162.268985, 58.667557 ], [ -162.259755, 58.672675 ], [ -162.226276, 58.685544 ], [ -162.215422, 58.695032 ], [ -162.168522, 58.710276 ], [ -162.128481, 58.713071 ], [ -162.073144, 58.724409 ], [ -162.038003, 58.722096 ], [ -162.001981, 58.727096 ], [ -161.949166, 58.724329 ], [ -161.948251, 58.73247 ], [ -161.933159, 58.748272 ], [ -161.922982, 58.754561 ], [ -161.897844, 58.762043 ], [ -161.89823, 58.768139 ], [ -161.889159, 58.7843 ], [ -161.851201, 58.807983 ], [ -161.85659, 58.815211 ], [ -161.857527, 58.830434 ], [ -161.881793, 58.857504 ], [ -161.887201, 58.87128 ], [ -161.888107, 58.897729 ], [ -161.881765, 58.944146 ], [ -161.902474, 58.977602 ], [ -161.927072, 59.000801 ], [ -161.953346, 59.032703 ], [ -162.001131, 59.070226 ], [ -162.007676, 59.055286 ], [ -162.016815, 59.060236 ], [ -162.073084, 59.099984 ], [ -162.102198, 59.128752 ], [ -162.163811, 59.224461 ], [ -162.171006, 59.247568 ], [ -162.166604, 59.275075 ], [ -162.132115, 59.306199 ], [ -162.111558, 59.332929 ], [ -162.064755, 59.360032 ], [ -162.061323, 59.397958 ], [ -162.053612, 59.40899 ], [ -162.001948, 59.437447 ], [ -161.958537, 59.447811 ], [ -161.914449, 59.469289 ], [ -161.89478, 59.507565 ], [ -161.871266, 59.524791 ], [ -162.003056, 59.644654 ], [ -162.012699, 59.645645 ], [ -162.042606, 59.670729 ], [ -162.064876, 59.700031 ], [ -162.068325, 59.716426 ], [ -162.07489, 59.717637 ], [ -162.098244, 59.733708 ], [ -162.106857, 59.754206 ], [ -162.114991, 59.756149 ], [ -162.138506, 59.772392 ], [ -162.160655, 59.799796 ], [ -162.178329, 59.814842 ], [ -162.186655, 59.818908 ], [ -162.194433, 59.812191 ], [ -162.227838, 59.8065 ], [ -162.257318, 59.806189 ], [ -162.317619, 59.812489 ], [ -162.364341, 59.810869 ], [ -162.411383, 59.823256 ], [ -162.441661, 59.844078 ], [ -162.451977, 59.876339 ], [ -162.449848, 59.884616 ], [ -162.562638, 59.896826 ], [ -162.606411, 59.888301 ], [ -162.698375, 59.891816 ], [ -162.707559, 59.880175 ], [ -162.76254, 59.857455 ], [ -162.818048, 59.840276 ], [ -162.815887, 59.81283 ], [ -162.82609, 59.80066 ], [ -162.868661, 59.780381 ], [ -162.947224, 59.768288 ], [ -162.974781, 59.772832 ], [ -162.985993, 59.769413 ], [ -163.025586, 59.767542 ], [ -163.105667, 59.778241 ], [ -163.145863, 59.795642 ], [ -163.330029, 59.769662 ], [ -163.582016, 59.751635 ], [ -163.64742, 59.743609 ], [ -163.707703, 59.741126 ], [ -163.784373, 59.740569 ], [ -163.993706, 59.76376 ], [ -163.99974, 59.754965 ], [ -163.966001, 59.747118 ], [ -163.952861, 59.735916 ], [ -163.920349, 59.726316 ], [ -163.896892, 59.714642 ], [ -163.847326, 59.718451 ], [ -163.813675, 59.716942 ], [ -163.787797, 59.709192 ], [ -163.748901, 59.686422 ], [ -163.739949, 59.668649 ], [ -163.744629, 59.654777 ], [ -163.760961, 59.639716 ], [ -163.811949, 59.620834 ], [ -163.847071, 59.617927 ], [ -163.919717, 59.640464 ], [ -163.976245, 59.634327 ], [ -164.0133, 59.637759 ], [ -164.080776, 59.670513 ], [ -164.111068, 59.694079 ], [ -164.124795, 59.716276 ], [ -164.193229, 59.737295 ], [ -164.230963, 59.753062 ], [ -164.274627, 59.778311 ], [ -164.313152, 59.806286 ], [ -164.336675, 59.829603 ], [ -164.346545, 59.848355 ], [ -164.415696, 59.884867 ], [ -164.420801, 59.906974 ], [ -164.449658, 59.953338 ], [ -164.434859, 59.968906 ], [ -164.420269, 59.9781 ], [ -164.364332, 59.999223 ], [ -164.342832, 60.002931 ], [ -164.390075, 60.010853 ], [ -164.428626, 60.027871 ], [ -164.432082, 60.026171 ], [ -164.445735, 60.030511 ], [ -164.488226, 60.054962 ], [ -164.52145, 60.091965 ], [ -164.574744, 60.133009 ], [ -164.597386, 60.158238 ], [ -164.658596, 60.175533 ], [ -164.711119, 60.207939 ], [ -164.74881, 60.240313 ], [ -164.851129, 60.24899 ], [ -164.971916, 60.277019 ], [ -165.001713, 60.293821 ], [ -165.09866, 60.334709 ], [ -165.141447, 60.357979 ], [ -165.235411, 60.42515 ], [ -165.239556, 60.443226 ], [ -165.288232, 60.442645 ], [ -165.333575, 60.459266 ], [ -165.387519, 60.459507 ], [ -165.42653, 60.474383 ], [ -165.443458, 60.484689 ], [ -165.448222, 60.494998 ], [ -165.467462, 60.502717 ], [ -165.501449, 60.52618 ], [ -165.513831, 60.539637 ], [ -165.52039, 60.551966 ], [ -165.518263, 60.566016 ], [ -165.479075, 60.597649 ], [ -165.475097, 60.606552 ], [ -165.464115, 60.613737 ], [ -165.445579, 60.623523 ], [ -165.410696, 60.632173 ], [ -165.340191, 60.638268 ], [ -165.322793, 60.651751 ], [ -165.29137, 60.665542 ], [ -165.245902, 60.675005 ], [ -165.242432, 60.683334 ], [ -165.222048, 60.695373 ], [ -165.164241, 60.707675 ], [ -165.160173, 60.714853 ], [ -165.146753, 60.725453 ], [ -165.123369, 60.736627 ], [ -165.139178, 60.750115 ], [ -165.143877, 60.758729 ], [ -165.140973, 60.766184 ], [ -165.15914, 60.776524 ], [ -165.176175, 60.796326 ], [ -165.175629, 60.807226 ], [ -165.157507, 60.829298 ], [ -165.17749, 60.847966 ], [ -165.177531, 60.858865 ], [ -165.170523, 60.876928 ], [ -165.22348, 60.89645 ], [ -165.237074, 60.910513 ], [ -165.246495, 60.912803 ], [ -165.263026, 60.923133 ], [ -165.276045, 60.937759 ], [ -165.274347, 60.946363 ], [ -165.293229, 60.954394 ], [ -165.30215, 60.96644 ], [ -165.301137, 60.990243 ], [ -165.293536, 60.999713 ], [ -165.261804, 61.021513 ], [ -165.254786, 61.034652 ], [ -165.236558, 61.05009 ], [ -165.24601, 61.053512 ], [ -165.258377, 61.050643 ], [ -165.290151, 61.03406 ], [ -165.346602, 61.015442 ], [ -165.41667, 61.01248 ], [ -165.538782, 61.02678 ], [ -165.606761, 61.040013 ], [ -165.66365, 61.057809 ], [ -165.71685, 61.096455 ], [ -165.743395, 61.125193 ], [ -165.786881, 61.198115 ], [ -165.801801, 61.20319 ], [ -165.822857, 61.217085 ], [ -165.83375, 61.227029 ], [ -165.837561, 61.238721 ], [ -165.923056, 61.264838 ], [ -165.939962, 61.275881 ], [ -165.953514, 61.294093 ], [ -165.990387, 61.316435 ], [ -165.998632, 61.335516 ], [ -166.023759, 61.361069 ], [ -166.032598, 61.378437 ], [ -166.0313, 61.395299 ], [ -166.19449, 61.459867 ], [ -166.254094, 61.522252 ], [ -166.280754, 61.562882 ], [ -166.288613, 61.580809 ], [ -166.286429, 61.603104 ], [ -166.279934, 61.62201 ], [ -166.260245, 61.658725 ], [ -166.262127, 61.693264 ], [ -166.25729, 61.709577 ], [ -166.237946, 61.740862 ], [ -166.235155, 61.764301 ], [ -166.237551, 61.780565 ], [ -166.22973, 61.798331 ], [ -166.197763, 61.834273 ], [ -166.171763, 61.852166 ], [ -166.112514, 61.873144 ], [ -166.106902, 61.905743 ], [ -166.09485, 61.946659 ], [ -166.08203, 61.963594 ], [ -166.075946, 61.98305 ], [ -166.096494, 61.998338 ], [ -166.118314, 62.009699 ], [ -166.129818, 62.025297 ], [ -166.126052, 62.038723 ], [ -166.096216, 62.073453 ], [ -166.049213, 62.108022 ], [ -166.005766, 62.123444 ], [ -165.985685, 62.126138 ], [ -165.948386, 62.124675 ], [ -165.90181, 62.119276 ], [ -165.89259, 62.138152 ], [ -165.874582, 62.150233 ], [ -165.848594, 62.160933 ], [ -165.820598, 62.166228 ], [ -165.813533, 62.176242 ], [ -165.792469, 62.190323 ], [ -165.770639, 62.198425 ], [ -165.739566, 62.204852 ], [ -165.721614, 62.222621 ], [ -165.668903, 62.250811 ], [ -165.659379, 62.264249 ], [ -165.621272, 62.291784 ], [ -165.525885, 62.35344 ], [ -165.44887, 62.391022 ], [ -165.438692, 62.41187 ], [ -165.41873, 62.440431 ], [ -165.37958, 62.469606 ], [ -165.388413, 62.485263 ], [ -165.383615, 62.496962 ], [ -165.346209, 62.526699 ], [ -165.35077, 62.547789 ], [ -165.338687, 62.576038 ], [ -165.311606, 62.59547 ], [ -165.276974, 62.609214 ], [ -165.213091, 62.614431 ], [ -165.239301, 62.634082 ], [ -165.248095, 62.648033 ], [ -165.245716, 62.66229 ], [ -165.255131, 62.672254 ], [ -165.259015, 62.6922 ], [ -165.247324, 62.709894 ], [ -165.221888, 62.722466 ], [ -165.165248, 62.735936 ], [ -165.126, 62.740517 ], [ -165.09046, 62.739395 ], [ -165.063015, 62.733981 ], [ -165.053052, 62.742251 ], [ -165.021888, 62.756215 ], [ -164.986703, 62.76074 ], [ -165.016893, 62.784435 ], [ -165.018759, 62.792414 ], [ -165.015019, 62.800403 ], [ -165.02314, 62.804109 ], [ -165.038144, 62.820647 ], [ -165.033767, 62.836606 ], [ -165.019387, 62.851992 ], [ -164.996533, 62.866583 ], [ -164.939272, 62.877516 ], [ -164.936894, 62.886167 ], [ -164.915884, 62.902607 ], [ -164.922134, 62.912501 ], [ -164.917997, 62.928251 ], [ -164.895533, 62.948636 ], [ -164.902935, 62.956998 ], [ -164.900532, 62.973546 ], [ -164.896626, 62.979504 ], [ -164.907047, 62.984196 ], [ -164.912525, 63.000005 ], [ -164.910614, 63.005155 ], [ -164.892969, 63.019144 ], [ -164.902998, 63.03317 ], [ -164.906736, 63.044895 ], [ -164.880216, 63.065445 ], [ -164.830317, 63.08225 ], [ -164.743802, 63.093231 ], [ -164.746821, 63.110398 ], [ -164.727744, 63.12465 ], [ -164.609283, 63.199523 ], [ -164.495673, 63.251159 ], [ -164.395461, 63.279893 ], [ -164.250047, 63.303452 ], [ -164.128906, 63.315302 ], [ -164.051256, 63.317355 ], [ -163.932943, 63.300173 ], [ -163.870625, 63.284227 ], [ -163.859742, 63.286142 ], [ -163.823624, 63.283838 ], [ -163.771848, 63.276228 ], [ -163.658101, 63.249717 ], [ -163.613403, 63.22868 ], [ -163.58471, 63.205803 ], [ -163.455166, 63.174955 ], [ -163.349816, 63.123687 ], [ -163.252479, 63.092454 ], [ -163.118702, 63.101558 ], [ -163.102792, 63.113062 ], [ -163.026178, 63.153468 ], [ -162.97786, 63.165923 ], [ -162.958127, 63.176791 ], [ -162.954679, 63.189894 ], [ -162.937697, 63.215102 ], [ -162.91691, 63.230799 ], [ -162.870861, 63.253559 ], [ -162.806441, 63.265994 ], [ -162.739517, 63.268925 ], [ -162.700287, 63.291175 ], [ -162.437773, 63.491994 ], [ -162.468317, 63.494261 ], [ -162.552552, 63.482598 ], [ -162.579718, 63.486787 ], [ -162.610749, 63.483027 ], [ -162.641963, 63.48499 ], [ -162.679831, 63.491626 ], [ -162.711111, 63.508731 ], [ -162.747559, 63.517902 ], [ -162.772898, 63.529747 ], [ -162.784653, 63.543666 ], [ -162.826441, 63.57636 ], [ -162.825788, 63.584924 ], [ -162.816031, 63.60337 ], [ -162.786166, 63.624067 ], [ -162.762994, 63.63256 ], [ -162.730634, 63.651205 ], [ -162.680081, 63.671265 ], [ -162.584319, 63.691392 ], [ -162.544043, 63.694697 ], [ -162.514518, 63.693041 ], [ -162.481046, 63.685007 ], [ -162.452957, 63.689087 ], [ -162.394359, 63.688304 ], [ -162.356943, 63.681605 ], [ -162.338829, 63.675254 ], [ -162.304355, 63.672025 ], [ -162.274573, 63.660012 ], [ -162.25462, 63.646467 ], [ -162.249931, 63.628352 ], [ -162.225381, 63.609557 ], [ -162.222744, 63.596914 ], [ -162.172318, 63.587037 ], [ -161.95696, 63.557209 ], [ -161.924935, 63.536389 ], [ -161.896214, 63.50822 ], [ -161.860176, 63.496281 ], [ -161.840405, 63.493288 ], [ -161.745942, 63.503322 ], [ -161.7189, 63.51157 ], [ -161.687774, 63.514617 ], [ -161.641915, 63.512201 ], [ -161.603114, 63.504155 ], [ -161.511954, 63.519746 ], [ -161.366852, 63.516891 ], [ -161.285188, 63.52337 ], [ -161.270082, 63.530191 ], [ -161.248694, 63.552113 ], [ -161.224995, 63.564452 ], [ -161.202071, 63.587368 ], [ -161.142543, 63.604178 ], [ -161.138938, 63.614709 ], [ -161.139971, 63.625226 ], [ -161.098069, 63.656136 ], [ -161.070436, 63.664267 ], [ -161.024205, 63.671793 ], [ -161.008489, 63.677677 ], [ -160.99681, 63.689583 ], [ -160.8862, 63.771397 ], [ -160.87698, 63.796878 ], [ -160.880051, 63.812181 ], [ -160.887727, 63.824559 ], [ -160.898774, 63.833176 ], [ -160.920124, 63.859745 ], [ -160.936482, 63.90848 ], [ -160.944644, 63.921532 ], [ -161.009272, 63.979281 ], [ -161.016889, 63.989419 ], [ -161.018489, 63.998554 ], [ -161.04566, 64.022467 ], [ -161.064424, 64.063921 ], [ -161.0706, 64.084975 ], [ -161.062344, 64.113389 ], [ -161.076476, 64.127471 ], [ -161.075402, 64.206652 ], [ -161.326796, 64.334012 ], [ -161.413899, 64.358587 ], [ -161.443175, 64.34009 ], [ -161.493433, 64.328378 ], [ -161.554656, 64.328741 ], [ -161.59084, 64.335541 ], [ -161.666369, 64.36047 ], [ -162.002127, 64.458789 ], [ -162.027939, 64.461317 ], [ -162.237403, 64.524356 ], [ -162.313491, 64.542789 ], [ -162.441884, 64.504119 ], [ -162.471983, 64.486843 ], [ -162.486691, 64.470897 ], [ -162.491982, 64.440386 ], [ -162.504468, 64.417837 ], [ -162.512552, 64.392573 ], [ -162.517872, 64.384906 ], [ -162.557921, 64.355794 ], [ -162.594768, 64.338437 ], [ -162.632747, 64.331926 ], [ -162.684977, 64.304353 ], [ -162.728062, 64.287467 ], [ -162.795802, 64.275674 ], [ -163.165797, 64.349864 ], [ -163.215381, 64.353277 ], [ -163.241932, 64.360743 ], [ -163.323338, 64.407866 ], [ -163.349687, 64.437667 ], [ -163.363754, 64.445642 ], [ -163.431855, 64.46665 ], [ -163.457729, 64.48211 ], [ -163.536172, 64.503581 ], [ -163.61233, 64.517918 ], [ -163.656951, 64.52194 ], [ -163.75039, 64.51964 ], [ -163.787863, 64.524126 ], [ -163.814064, 64.531186 ], [ -163.850767, 64.519398 ], [ -163.976218, 64.508316 ], [ -164.180902, 64.519569 ], [ -164.266312, 64.518333 ], [ -164.355355, 64.508447 ], [ -164.465135, 64.483867 ], [ -164.754801, 64.407824 ], [ -164.804228, 64.401061 ], [ -165.032205, 64.387987 ], [ -165.335918, 64.444417 ], [ -165.476868, 64.45769 ], [ -165.680679, 64.483641 ], [ -165.850211, 64.493879 ], [ -166.07779, 64.520459 ], [ -166.07314, 64.510262 ], [ -166.070873, 64.490159 ], [ -166.095696, 64.459804 ], [ -166.133535, 64.438212 ], [ -166.153861, 64.432974 ], [ -166.212338, 64.429856 ], [ -166.271959, 64.43778 ], [ -166.31453, 64.45436 ], [ -166.351132, 64.477883 ], [ -166.353875, 64.506444 ], [ -166.33091, 64.525851 ], [ -166.281388, 64.544956 ], [ -166.352029, 64.568137 ], [ -166.440113, 64.603257 ], [ -166.49126, 64.618958 ], [ -166.507841, 64.631373 ], [ -166.590163, 64.738948 ], [ -166.585881, 64.766261 ], [ -166.577566, 64.777999 ], [ -166.586748, 64.801469 ], [ -166.582187, 64.822089 ], [ -166.570203, 64.833417 ], [ -166.517208, 64.857383 ], [ -166.522688, 64.871103 ], [ -166.589185, 64.908291 ], [ -166.761901, 64.963493 ], [ -166.783276, 64.979718 ], [ -166.828999, 64.999315 ], [ -166.824467, 65.017457 ], [ -166.878158, 65.02995 ], [ -166.978964, 65.06941 ], [ -167.04093, 65.109248 ], [ -167.072981, 65.138385 ], [ -167.084339, 65.155695 ], [ -167.072439, 65.199782 ], [ -167.039248, 65.243394 ], [ -167.008529, 65.276652 ], [ -166.97754, 65.297636 ], [ -166.94893, 65.307909 ], [ -167.070331, 65.327491 ], [ -167.191299, 65.337629 ], [ -167.272177, 65.338153 ], [ -167.400891, 65.34727 ], [ -167.488585, 65.360414 ], [ -167.60639, 65.385626 ], [ -167.664684, 65.405378 ], [ -167.756709, 65.447226 ], [ -167.830881, 65.465837 ], [ -167.896866, 65.476685 ], [ -167.938029, 65.499896 ], [ -168.004429, 65.504192 ], [ -168.03105, 65.50943 ], [ -168.065368, 65.522518 ], [ -168.126639, 65.530526 ], [ -168.152967, 65.538889 ], [ -168.167584, 65.546902 ], [ -168.175415, 65.555614 ], [ -168.176204, 65.562742 ], [ -168.218653, 65.596123 ], [ -168.231887, 65.622567 ], [ -168.229243, 65.650266 ], [ -168.221307, 65.675449 ], [ -168.200141, 65.699372 ], [ -168.155129, 65.728351 ], [ -168.077126, 65.756089 ], [ -167.883398, 65.803275 ], [ -167.718856, 65.834922 ], [ -167.520823, 65.878152 ], [ -167.308342, 65.944325 ], [ -167.238601, 65.970859 ], [ -167.178403, 65.999567 ], [ -167.007857, 66.05141 ], [ -166.719474, 66.148046 ], [ -166.480248, 66.211933 ], [ -166.317088, 66.251935 ], [ -166.093966, 66.315998 ], [ -165.777739, 66.397362 ], [ -165.43444, 66.47523 ], [ -165.138819, 66.528458 ], [ -164.751902, 66.592546 ], [ -164.463535, 66.626301 ], [ -164.220991, 66.6385 ], [ -163.900789, 66.642667 ], [ -163.756111, 66.638968 ], [ -163.626215, 66.624174 ], [ -163.403542, 66.710324 ], [ -163.203244, 66.782197 ], [ -162.978418, 66.870952 ], [ -162.893091, 66.899743 ], [ -162.832032, 66.926813 ], [ -162.847943, 66.931607 ], [ -162.876849, 66.947828 ], [ -163.049471, 66.986611 ], [ -163.129898, 66.994838 ], [ -163.149899, 67.0 ], [ -163.340526, 67.025915 ], [ -163.617682, 67.048732 ], [ -163.781524, 67.06976 ], [ -163.911385, 67.104695 ], [ -163.99123, 67.147883 ], [ -164.002718, 67.172554 ], [ -163.962463, 67.196696 ], [ -163.924408, 67.207512 ], [ -163.882534, 67.214976 ], [ -163.905647, 67.253437 ], [ -164.00451, 67.397808 ], [ -164.116656, 67.499967 ], [ -164.175429, 67.547599 ], [ -164.230313, 67.575054 ], [ -164.28127, 67.591666 ], [ -164.655222, 67.692448 ], [ -165.499453, 68.018782 ], [ -165.578109, 68.032999 ], [ -165.68438, 68.034723 ], [ -165.86945, 68.055089 ], [ -165.966042, 68.072492 ], [ -166.03391, 68.091812 ], [ -166.095919, 68.118267 ], [ -166.129248, 68.154629 ], [ -166.177537, 68.18503 ], [ -166.2853, 68.224367 ], [ -166.364776, 68.244265 ], [ -166.471414, 68.264721 ], [ -166.651983, 68.288318 ], [ -166.759633, 68.294564 ], [ -166.86059, 68.287478 ], [ -166.942041, 68.302594 ], [ -166.972107, 68.322448 ], [ -166.971567, 68.35606 ], [ -166.912914, 68.385326 ], [ -166.849981, 68.401644 ], [ -166.502872, 68.456109 ], [ -166.457838, 68.466135 ], [ -166.443925, 68.478486 ], [ -166.434915, 68.530642 ], [ -166.367664, 68.574994 ], [ -166.36147, 68.634586 ], [ -166.371236, 68.651302 ], [ -166.333297, 68.696133 ], [ -166.341285, 68.713051 ], [ -166.327312, 68.781756 ], [ -166.366119, 68.868875 ], [ -166.347428, 68.900386 ], [ -166.278334, 68.92707 ], [ -166.200151, 68.933823 ], [ -165.620856, 68.903708 ], [ -165.357048, 68.908939 ], [ -164.795587, 68.949084 ], [ -164.638672, 68.966439 ], [ -164.480914, 68.968528 ], [ -164.279379, 68.979617 ], [ -164.020365, 69.03315 ], [ -163.933067, 69.069815 ], [ -163.792339, 69.108021 ], [ -163.650798, 69.168692 ], [ -163.571891, 69.223146 ], [ -163.380589, 69.320219 ], [ -163.333191, 69.35932 ], [ -163.289589, 69.430357 ], [ -163.287772, 69.632384 ], [ -163.206275, 69.757031 ], [ -163.133561, 69.838702 ], [ -162.818817, 69.999028 ], [ -162.605901, 70.146847 ], [ -162.465221, 70.217243 ], [ -161.948657, 70.374742 ], [ -161.870216, 70.382785 ], [ -161.504947, 70.350732 ], [ -161.315134, 70.347256 ], [ -161.038098, 70.389898 ], [ -160.907861, 70.415742 ], [ -160.665148, 70.476437 ], [ -160.414217, 70.561298 ], [ -160.303955, 70.603371 ], [ -160.244558, 70.635975 ], [ -160.042375, 70.719861 ], [ -159.879411, 70.777179 ], [ -159.755467, 70.830526 ], [ -159.597545, 70.864719 ], [ -159.23844, 70.920281 ], [ -159.079436, 70.932758 ], [ -158.905014, 70.955372 ], [ -158.733998, 70.963119 ], [ -158.677808, 70.959249 ], [ -158.620767, 70.945568 ], [ -158.552723, 70.902828 ], [ -158.452243, 70.884934 ], [ -158.333536, 70.872034 ], [ -158.171463, 70.871047 ], [ -157.931469, 70.902154 ], [ -157.815236, 70.927274 ], [ -157.532422, 71.007554 ], [ -157.348288, 71.087976 ], [ -157.239584, 71.157098 ], [ -156.94083, 71.311204 ], [ -156.760867, 71.372877 ], [ -156.642261, 71.396139 ], [ -156.582252, 71.427671 ], [ -156.48772, 71.439786 ], [ -156.400626, 71.435407 ], [ -156.294684, 71.408506 ], [ -156.248047, 71.406245 ], [ -155.926428, 71.357685 ], [ -155.827361, 71.328692 ], [ -155.756215, 71.283381 ], [ -155.657935, 71.287043 ], [ -155.458865, 71.26859 ], [ -155.30018, 71.235261 ], [ -155.146466, 71.223477 ], [ -155.003322, 71.200078 ], [ -154.821317, 71.158961 ], [ -154.626275, 71.100724 ], [ -154.498788, 71.055368 ], [ -154.437675, 71.023552 ], [ -153.899175, 70.936218 ], [ -153.74238, 70.945055 ], [ -153.512403, 70.935944 ], [ -153.445078, 70.940861 ], [ -153.27431, 70.970957 ], [ -153.137035, 70.974059 ], [ -153.05275, 70.967715 ], [ -153.000113, 70.969877 ], [ -152.938991, 70.961124 ], [ -152.862493, 70.964182 ], [ -152.816845, 70.960524 ], [ -152.679914, 70.934576 ], [ -152.509757, 70.934726 ], [ -152.396399, 70.910949 ], [ -152.342426, 70.907057 ], [ -152.151851, 70.875131 ], [ -152.080726, 70.844067 ], [ -152.058155, 70.841165 ], [ -152.04636, 70.813156 ], [ -151.61274, 70.593604 ], [ -151.546207, 70.583044 ], [ -151.516778, 70.571355 ], [ -151.503329, 70.536023 ], [ -151.547719, 70.504123 ], [ -151.548891, 70.491085 ], [ -151.369256, 70.473393 ], [ -151.314977, 70.463426 ], [ -151.189837, 70.492924 ], [ -151.044642, 70.497621 ], [ -150.92972, 70.514285 ], [ -150.871147, 70.535535 ], [ -150.795152, 70.548359 ], [ -150.652326, 70.544851 ], [ -150.601516, 70.551292 ], [ -150.500803, 70.548853 ], [ -150.435341, 70.557849 ], [ -150.34524, 70.553232 ], [ -150.323214, 70.57856 ], [ -150.242712, 70.604337 ], [ -150.117869, 70.606181 ], [ -150.033533, 70.587698 ], [ -149.993396, 70.604196 ], [ -149.929511, 70.614763 ], [ -149.795955, 70.61187 ], [ -149.719131, 70.621936 ], [ -149.407348, 70.603825 ], [ -149.295908, 70.587649 ], [ -149.21735, 70.58293 ], [ -149.182465, 70.574543 ], [ -149.090476, 70.56542 ], [ -148.974944, 70.533706 ], [ -148.78726, 70.525377 ], [ -148.711811, 70.50767 ], [ -148.651767, 70.478168 ], [ -148.548867, 70.472972 ], [ -148.487009, 70.453316 ], [ -148.515479, 70.477475 ], [ -148.514939, 70.489716 ], [ -148.502749, 70.504325 ], [ -148.421305, 70.532864 ], [ -148.292512, 70.537459 ], [ -148.23389, 70.528912 ], [ -148.210422, 70.518249 ], [ -148.169068, 70.517744 ], [ -148.126929, 70.501345 ], [ -148.099622, 70.524 ], [ -148.051965, 70.538833 ], [ -148.003502, 70.545579 ], [ -147.899626, 70.542099 ], [ -147.818531, 70.520023 ], [ -147.778474, 70.491661 ], [ -147.775626, 70.484916 ], [ -147.779436, 70.471869 ], [ -147.707475, 70.469639 ], [ -147.652482, 70.459704 ], [ -147.622645, 70.447144 ], [ -147.611266, 70.436478 ], [ -147.562431, 70.446586 ], [ -147.455158, 70.445705 ], [ -147.372518, 70.430539 ], [ -147.328351, 70.407433 ], [ -147.277332, 70.402515 ], [ -147.225937, 70.388986 ], [ -147.182621, 70.369754 ], [ -147.171908, 70.350164 ], [ -147.096413, 70.358608 ], [ -146.926522, 70.350783 ], [ -146.841483, 70.334957 ], [ -146.777882, 70.315744 ], [ -146.746467, 70.291868 ], [ -146.708963, 70.28243 ], [ -146.60897, 70.28727 ], [ -146.456944, 70.280393 ], [ -146.377918, 70.28375 ], [ -146.249175, 70.26734 ], [ -146.206061, 70.254694 ], [ -146.104011, 70.253289 ], [ -145.981781, 70.242307 ], [ -145.741855, 70.199237 ], [ -145.564554, 70.14455 ], [ -145.450117, 70.133163 ], [ -145.366584, 70.112729 ], [ -145.335508, 70.098708 ], [ -145.27936, 70.088959 ], [ -145.064983, 70.087611 ], [ -144.986093, 70.070305 ], [ -144.926553, 70.040021 ], [ -144.843338, 70.039576 ], [ -144.681468, 70.015773 ], [ -144.529104, 70.079061 ], [ -144.433968, 70.09273 ], [ -144.366956, 70.092281 ], [ -144.143083, 70.131866 ], [ -144.056861, 70.138663 ], [ -144.011588, 70.156707 ], [ -143.940585, 70.169685 ], [ -143.830619, 70.170345 ], [ -143.575659, 70.199428 ], [ -143.491418, 70.195931 ], [ -143.444714, 70.185557 ], [ -143.411447, 70.183571 ], [ -143.360787, 70.196324 ], [ -143.296206, 70.201696 ], [ -143.226433, 70.201998 ], [ -143.14145, 70.187597 ], [ -143.104388, 70.169183 ], [ -143.050274, 70.159831 ], [ -143.027932, 70.151191 ], [ -142.890097, 70.123626 ], [ -142.858236, 70.114266 ], [ -142.80291, 70.107052 ], [ -142.760391, 70.095432 ], [ -142.706295, 70.088196 ], [ -142.480273, 70.033905 ], [ -142.425158, 70.011456 ], [ -142.349506, 69.994465 ], [ -142.312375, 69.98032 ], [ -142.307591, 69.975716 ], [ -142.258141, 69.96431 ], [ -142.239794, 69.954742 ], [ -142.057807, 69.90335 ], [ -141.914016, 69.87204 ], [ -141.74611, 69.848242 ], [ -141.676877, 69.835243 ], [ -141.591453, 69.814582 ], [ -141.452863, 69.772776 ], [ -141.383844, 69.749975 ], [ -141.377896, 69.744147 ], [ -141.133589, 69.725351 ], [ -141.002782, 69.703648 ], [ -141.000591, 69.646614 ], [ -141.001833, 60.305894 ], [ -140.768801, 60.26018 ], [ -140.520427, 60.219819 ], [ -140.458209, 60.308086 ], [ -139.981093, 60.181965 ], [ -139.692982, 60.335225 ], [ -139.07482, 60.352504 ], [ -139.072125, 60.319429 ], [ -139.198847, 60.088296 ], [ -139.053673, 59.994836 ], [ -138.79852, 59.924649 ], [ -138.707376, 59.906326 ], [ -138.679457, 59.84537 ], [ -138.668649, 59.809656 ], [ -138.626199, 59.76858 ], [ -138.108029, 59.504744 ], [ -137.607354, 59.243803 ], [ -137.542135, 59.106427 ], [ -137.5, 58.985395 ], [ -137.526115, 58.906371 ], [ -137.451726, 58.908349 ], [ -137.282847, 58.999998 ], [ -137.175647, 59.032142 ], [ -136.969676, 59.101234 ], [ -136.876737, 59.136154 ], [ -136.828727, 59.159959 ], [ -136.584442, 59.165854 ], [ -136.489703, 59.259775 ], [ -136.495756, 59.275133 ], [ -136.469248, 59.284079 ], [ -136.477379, 59.376233 ], [ -136.477156, 59.465824 ], [ -136.368243, 59.44896 ], [ -136.305022, 59.464518 ], [ -136.238506, 59.524326 ], [ -136.23983, 59.559412 ], [ -136.353936, 59.599827 ], [ -136.192904, 59.640027 ], [ -135.952645, 59.662166 ], [ -135.479162, 59.798041 ], [ -135.360108, 59.737612 ], [ -135.252765, 59.698279 ], [ -135.233668, 59.696144 ], [ -135.219844, 59.662776 ], [ -135.15759, 59.62572 ], [ -135.117833, 59.62307 ], [ -135.0289, 59.56366 ], [ -135.02756, 59.474738 ], [ -135.077281, 59.45177 ], [ -135.10102, 59.427531 ], [ -134.989746, 59.387129 ], [ -135.030525, 59.346348 ], [ -134.959904, 59.280927 ], [ -134.700718, 59.24901 ], [ -134.679117, 59.192274 ], [ -134.565568, 59.131123 ], [ -134.483393, 59.131602 ], [ -134.447124, 59.089224 ], [ -134.381879, 59.038763 ], [ -134.407147, 58.97921 ], [ -134.31349, 58.962182 ], [ -134.336466, 58.923413 ], [ -134.258072, 58.861037 ], [ -133.972357, 58.767312 ], [ -133.840504, 58.729444 ], [ -133.707118, 58.612274 ], [ -133.557805, 58.523131 ], [ -133.377305, 58.430549 ], [ -133.461504, 58.387723 ], [ -133.345433, 58.276333 ], [ -133.269982, 58.227105 ], [ -133.172311, 58.153676 ], [ -133.070098, 58.00034 ], [ -132.869367, 57.839713 ], [ -132.751058, 57.695973 ], [ -132.660863, 57.616736 ], [ -132.553685, 57.496514 ], [ -132.36979, 57.349746 ], [ -132.247921, 57.211253 ], [ -132.368982, 57.091513 ], [ -132.04519, 57.045059 ], [ -132.123568, 56.873648 ], [ -131.872878, 56.805994 ], [ -131.901072, 56.753675 ], [ -131.860671, 56.702983 ], [ -131.835327, 56.599203 ], [ -131.581069, 56.612231 ], [ -131.472029, 56.552666 ], [ -131.173469, 56.449524 ], [ -131.087349, 56.406005 ], [ -130.781981, 56.366844 ], [ -130.62331, 56.266878 ], [ -130.540532, 56.247451 ], [ -130.46787, 56.243054 ], [ -130.426006, 56.141561 ], [ -130.35009, 56.128542 ], [ -130.246219, 56.096411 ], [ -130.103799, 56.122798 ], [ -130.003484, 56.008075 ], [ -130.017669, 55.911933 ], [ -130.003787, 55.911931 ], [ -130.003787, 55.907442 ], [ -130.083493, 55.821707 ], [ -130.124764, 55.805642 ], [ -130.152406, 55.766287 ], [ -130.147758, 55.714903 ], [ -130.111657, 55.682901 ], [ -130.127904, 55.581035 ], [ -130.089853, 55.497978 ], [ -130.041216, 55.451725 ], [ -130.021107, 55.337916 ], [ -129.976649, 55.300371 ], [ -129.974167, 55.281919 ], [ -130.102842, 55.192602 ], [ -130.146125, 55.142842 ], [ -130.15243, 55.124616 ], [ -130.180886, 55.091251 ], [ -130.187562, 55.062841 ], [ -130.273328, 54.973964 ], [ -130.344537, 54.918813 ], [ -130.422716, 54.873373 ], [ -130.459388, 54.848465 ], [ -130.568203, 54.792153 ], [ -130.628874, 54.78272 ], [ -130.659038, 54.763058 ], [ -130.625721, 54.738073 ], [ -130.62864, 54.724732 ], [ -130.643107, 54.694681 ], [ -130.641558, 54.680663 ], [ -130.64791, 54.648906 ], [ -130.726595, 54.669923 ], [ -131.053724, 54.687221 ], [ -131.203074, 54.691317 ], [ -132.004808, 54.682448 ], [ -132.925702, 54.65897 ], [ -133.648903, 54.632045 ], [ -133.659634, 54.649152 ], [ -133.724505, 54.794971 ], [ -133.741566, 54.822922 ], [ -133.756058, 54.877279 ], [ -133.776053, 54.937353 ], [ -133.784521, 54.95349 ], [ -133.790528, 55.000581 ], [ -133.766989, 55.025856 ], [ -133.70094, 55.078617 ], [ -133.660216, 55.117188 ], [ -133.61366, 55.170265 ], [ -133.611481, 55.176459 ], [ -133.648168, 55.181492 ], [ -133.670012, 55.187833 ], [ -133.691221, 55.198473 ], [ -133.707609, 55.229371 ], [ -133.761697, 55.265799 ], [ -133.775623, 55.282245 ], [ -133.778449, 55.319616 ], [ -133.761376, 55.346261 ], [ -133.767368, 55.357633 ], [ -133.772156, 55.379141 ], [ -133.769151, 55.388924 ], [ -133.771598, 55.394323 ], [ -133.80733, 55.388031 ], [ -133.833038, 55.388568 ], [ -133.873917, 55.39884 ], [ -133.885698, 55.403941 ], [ -133.89715, 55.414941 ], [ -133.907153, 55.434003 ], [ -133.897856, 55.459075 ], [ -133.861381, 55.480639 ], [ -133.861198, 55.501623 ], [ -133.845737, 55.525233 ], [ -133.834841, 55.53326 ], [ -133.836092, 55.546053 ], [ -133.829339, 55.570917 ], [ -133.810351, 55.586406 ], [ -133.813935, 55.60305 ], [ -133.798246, 55.633231 ], [ -133.807749, 55.638364 ], [ -133.812675, 55.645135 ], [ -133.842234, 55.647228 ], [ -133.867501, 55.657325 ], [ -133.882491, 55.673534 ], [ -133.887681, 55.683639 ], [ -133.886146, 55.700606 ], [ -133.879562, 55.715451 ], [ -133.852228, 55.733319 ], [ -133.831784, 55.74151 ], [ -133.84326, 55.751804 ], [ -133.848518, 55.763395 ], [ -133.848962, 55.778064 ], [ -133.837978, 55.793297 ], [ -133.855726, 55.794808 ], [ -133.896248, 55.778133 ], [ -133.936564, 55.775997 ], [ -133.965255, 55.780699 ], [ -133.995884, 55.795201 ], [ -134.007385, 55.805938 ], [ -134.012768, 55.819705 ], [ -134.011629, 55.830194 ], [ -134.002184, 55.847262 ], [ -134.019227, 55.864937 ], [ -134.026417, 55.882433 ], [ -134.026978, 55.892 ], [ -134.036727, 55.880898 ], [ -134.046609, 55.850477 ], [ -134.192027, 55.693053 ], [ -134.42103, 55.748631 ], [ -134.56937, 55.80401 ], [ -134.618946, 55.834734 ], [ -134.645128, 55.865217 ], [ -134.643437, 55.878928 ], [ -134.631996, 55.898755 ], [ -134.601556, 55.922925 ], [ -134.524971, 55.948566 ], [ -134.512505, 55.955937 ], [ -134.496541, 55.969896 ], [ -134.493042, 55.977473 ], [ -134.490288, 55.992675 ], [ -134.494173, 55.999638 ], [ -134.532787, 56.028267 ], [ -134.666396, 56.147586 ], [ -134.815063, 56.215859 ], [ -134.846008, 56.233955 ], [ -135.1998, 56.5064 ], [ -135.7868, 56.9413 ], [ -135.8599, 56.9924 ], [ -136.0468, 57.2718 ], [ -136.2379, 57.5345 ], [ -136.4075, 57.7499 ], [ -136.455142, 57.831115 ] ] ], [ [ [ 179.388742310273187, 51.941925008310641 ], [ 179.404562302421112, 51.96836599005654 ], [ 179.401376304071192, 51.973090986809936 ], [ 179.408729300552352, 52.005362964559247 ], [ 179.429602290060444, 52.023590951948847 ], [ 179.450323279571933, 52.031326946568861 ], [ 179.485860261512698, 52.033866944737241 ], [ 179.508306250128726, 52.039719940655822 ], [ 179.520908243796754, 52.05417093067242 ], [ 179.54086523369358, 52.064173923739467 ], [ 179.65838117393514, 52.078277913817573 ], [ 179.679040163405915, 52.075318915827026 ], [ 179.704034150642116, 52.063707923794531 ], [ 179.718447143273153, 52.053377930894435 ], [ 179.753441125448546, 52.047155935141681 ], [ 179.771020116487989, 52.040837939476852 ], [ 179.782190110787297, 52.03343894456399 ], [ 179.788782107415472, 52.025572949977452 ], [ 179.790278106637544, 52.018377954933229 ], [ 179.819210091909383, 52.010009960674005 ], [ 179.847075077713157, 51.99247897273149 ], [ 179.857055072617527, 51.977616982963397 ], [ 179.859681071256119, 51.960373994839713 ], [ 179.851016075615121, 51.935891011709217 ], [ 179.83585608327536, 51.917482024398872 ], [ 179.835727083327214, 51.910164029439116 ], [ 179.82501708872411, 51.89202904193661 ], [ 179.785070108907888, 51.862647062204161 ], [ 179.757237122989807, 51.854803067633064 ], [ 179.73525813412536, 51.85498006753518 ], [ 179.717476143089669, 51.840963077208066 ], [ 179.671672166231446, 51.825672087796967 ], [ 179.623212190738059, 51.818996092467124 ], [ 179.574874215244677, 51.826829087157293 ], [ 179.548369228710953, 51.836074080841712 ], [ 179.484606261069587, 51.848035072738476 ], [ 179.456803275224956, 51.859897064633735 ], [ 179.442887282375807, 51.87588905365422 ], [ 179.42353729224746, 51.885813046867277 ], [ 179.405499301550435, 51.90951603058879 ], [ 179.389690309667174, 51.92379702079409 ], [ 179.388742310273187, 51.941925008310641 ] ] ], [ [ [ 178.531813740379874, 51.649700213322205 ], [ 178.543306735113532, 51.68234219078839 ], [ 178.559492727256583, 51.701660177393379 ], [ 178.584609714739798, 51.71189217019743 ], [ 178.607285703363175, 51.716531166867902 ], [ 178.698784657060855, 51.709574171126299 ], [ 178.737019637551271, 51.694946180982882 ], [ 178.769927620981235, 51.697817178830796 ], [ 178.810064600577306, 51.686906186131083 ], [ 178.827033592015312, 51.68700518597683 ], [ 178.865674572371631, 51.675622193618864 ], [ 178.893474558331206, 51.674441194297792 ], [ 178.922067543835965, 51.668636198158424 ], [ 178.972427518178193, 51.646450213197646 ], [ 178.984164512269871, 51.647316212550244 ], [ 178.999513504476852, 51.642486215807345 ], [ 179.015171496616205, 51.645583213609555 ], [ 179.040169483952724, 51.640043217317285 ], [ 179.060620473563802, 51.632518222411797 ], [ 179.077926464723703, 51.621118230186632 ], [ 179.088855459065542, 51.606208240402339 ], [ 179.087443459548126, 51.583541256002711 ], [ 179.094749455794158, 51.576038261136027 ], [ 179.116483444784961, 51.569176265773343 ], [ 179.150548427338322, 51.537304287571715 ], [ 179.170325417259249, 51.523036297314846 ], [ 179.187161408738007, 51.516930301455488 ], [ 179.197426403587286, 51.518138300589044 ], [ 179.226815388765203, 51.512942304063742 ], [ 179.264567369617282, 51.492311318131627 ], [ 179.274671364431356, 51.478755327423265 ], [ 179.287067358133584, 51.469831333522393 ], [ 179.331893335594458, 51.466780335488046 ], [ 179.355569323641191, 51.458135341366727 ], [ 179.371080315900429, 51.465195336469222 ], [ 179.425221288691915, 51.462825337959544 ], [ 179.452140275098913, 51.450688346241414 ], [ 179.477655262175091, 51.431089359660469 ], [ 179.492488254722161, 51.42962436063516 ], [ 179.522519239595084, 51.41915736776923 ], [ 179.535369233083031, 51.406531376424972 ], [ 179.553193224109947, 51.400016380869786 ], [ 179.576908212107924, 51.376822396772567 ], [ 179.578406211253508, 51.354352412217828 ], [ 179.568000216397195, 51.339382422527933 ], [ 179.543678228479735, 51.319155436478326 ], [ 179.510870244848348, 51.308273444024593 ], [ 179.459386270665107, 51.31603443880325 ], [ 179.403075298797319, 51.30685744524807 ], [ 179.371671314517641, 51.307047445199714 ], [ 179.356981321896313, 51.310729442708784 ], [ 179.358243321231015, 51.305924446008056 ], [ 179.338223331245388, 51.305061446656993 ], [ 179.309292345735088, 51.306297445891062 ], [ 179.298080351383135, 51.311027442673264 ], [ 179.296780352000837, 51.306708445645832 ], [ 179.28207, 51.299817 ], [ 179.25552, 51.293675 ], [ 179.218196, 51.294985 ], [ 179.181053409913829, 51.305458446881445 ], [ 179.150655425228763, 51.31635243950182 ], [ 179.129993435734121, 51.333409427853084 ], [ 179.122027439913012, 51.35320841427253 ], [ 179.101940450103257, 51.366103405484019 ], [ 179.032734485138064, 51.39943838284195 ], [ 178.99570250395837, 51.422051367450102 ], [ 178.969362517250374, 51.428781362937237 ], [ 178.950224527041541, 51.445064351825785 ], [ 178.945419529633824, 51.46064034113634 ], [ 178.896012554831032, 51.492543319424463 ], [ 178.872669566525843, 51.489706321487198 ], [ 178.862011571936705, 51.494142318488059 ], [ 178.823535591186868, 51.487600323178071 ], [ 178.790241607979766, 51.492466320001725 ], [ 178.762012622370349, 51.507588309749408 ], [ 178.740742633282963, 51.523548298885999 ], [ 178.707997649944929, 51.537402289535891 ], [ 178.667225670530343, 51.542751286086009 ], [ 178.641223683805947, 51.555842277231186 ], [ 178.624560692390531, 51.569048268244565 ], [ 178.593493708169547, 51.578257262094887 ], [ 178.576921716653089, 51.58724425601298 ], [ 178.563209723757041, 51.599838247432935 ], [ 178.551773729516896, 51.599863247486539 ], [ 178.53062474057262, 51.624736230506315 ], [ 178.531813740379874, 51.649700213322205 ] ] ], [ [ [ 178.123832950118924, 51.84399208252772 ], [ 178.131583946443641, 51.855842074306629 ], [ 178.155506934733495, 51.875328060698742 ], [ 178.17582992462809, 51.884599054154528 ], [ 178.197953913504193, 51.888866051043564 ], [ 178.220078902289487, 51.8887360509624 ], [ 178.270080876734227, 51.877648058219393 ], [ 178.293447864913276, 51.878590057397822 ], [ 178.332176845145426, 51.870862062437652 ], [ 178.368434826588157, 51.860547069282454 ], [ 178.386350817307232, 51.849141077010628 ], [ 178.408232806091632, 51.841565082075789 ], [ 178.431153794230369, 51.826976091964198 ], [ 178.441348788762241, 51.809329104044686 ], [ 178.479040769363223, 51.789980117115078 ], [ 178.492774762197058, 51.776895126033075 ], [ 178.497993759337731, 51.763742135053178 ], [ 178.496347759847168, 51.744530148287723 ], [ 178.469216773113658, 51.718718166230119 ], [ 178.400459807561219, 51.70361717708527 ], [ 178.37042982272618, 51.70404517699906 ], [ 178.328374844235526, 51.719242166838697 ], [ 178.307469854782511, 51.718829167274052 ], [ 178.297896859706981, 51.723639164033521 ], [ 178.29370586176438, 51.720546166192904 ], [ 178.249881883967646, 51.724482163809562 ], [ 178.227846895254089, 51.732599158389974 ], [ 178.207123906002522, 51.746752148807879 ], [ 178.197291911383672, 51.767339134714 ], [ 178.184812917748474, 51.770198132843184 ], [ 178.140529940677652, 51.796542115059331 ], [ 178.125055948869829, 51.814021103151227 ], [ 178.12093495134431, 51.832524090446455 ], [ 178.123832950118924, 51.84399208252772 ] ] ], [ [ [ 178.003454015690409, 52.049595941933667 ], [ 178.020571007487007, 52.071868926441987 ], [ 178.046234994801807, 52.088609914689741 ], [ 178.076903979441482, 52.100008906578836 ], [ 178.109060963128968, 52.102754904421829 ], [ 178.121977956652159, 52.107426901097448 ], [ 178.162716935891069, 52.106657901300373 ], [ 178.188838922424793, 52.098684906588318 ], [ 178.211557910560032, 52.084058916489411 ], [ 178.225580903348543, 52.08038391891364 ], [ 178.247369892003235, 52.0675369275992 ], [ 178.267159881342195, 52.037458948172507 ], [ 178.378462824590173, 52.028883953274253 ], [ 178.402664812156132, 52.021711958046971 ], [ 178.440416793209778, 52.035483948302094 ], [ 178.468800778876215, 52.041191944180291 ], [ 178.512412756735216, 52.043443942344631 ], [ 178.616580703221246, 52.00938296516459 ], [ 178.643316689452433, 51.997610973116011 ], [ 178.663949678745752, 51.982853983161519 ], [ 178.671306674663896, 51.959887998938427 ], [ 178.670207674984795, 51.944102009817598 ], [ 178.666904676452873, 51.93026001937001 ], [ 178.644604687397816, 51.906127036119386 ], [ 178.625682696718911, 51.888448048405195 ], [ 178.580728719043094, 51.859560068567603 ], [ 178.531591743720327, 51.846724077711166 ], [ 178.502096758659405, 51.846949077744583 ], [ 178.477297771306667, 51.852216074279369 ], [ 178.412991804284815, 51.875373058765106 ], [ 178.38381481935221, 51.891028048186477 ], [ 178.371085826093747, 51.90685103737934 ], [ 178.330922846300609, 51.898558043375495 ], [ 178.289262867462384, 51.900862042092221 ], [ 178.260541882203654, 51.910164035900067 ], [ 178.250468887497618, 51.919639029450849 ], [ 178.228983898530117, 51.926506024884773 ], [ 178.195870915779409, 51.948851009751046 ], [ 178.142805942506499, 51.939334016724189 ], [ 178.100570963944932, 51.939912016668082 ], [ 178.059675984870751, 51.948122011352332 ], [ 178.038556995857562, 51.960374003091879 ], [ 178.016308007560326, 51.978707990653696 ], [ 178.010568010969138, 52.000673975573015 ], [ 178.015070009005456, 52.015046965633935 ], [ 178.006141013687255, 52.021450961299195 ], [ 178.000403016872696, 52.033329953165584 ], [ 178.003454015690409, 52.049595941933667 ] ] ], [ [ [ 177.933899046920999, 51.872287064658614 ], [ 177.945541041563615, 51.895625048486046 ], [ 177.974411027367069, 51.914640035138703 ], [ 177.996977016093496, 51.922042029845613 ], [ 178.034347997156118, 51.922614029132149 ], [ 178.068986979414007, 51.914489034436492 ], [ 178.093707966451205, 51.894508047991195 ], [ 178.100452962626832, 51.875502061022786 ], [ 178.101277961941577, 51.862973069642642 ], [ 178.097952963363298, 51.850698078121226 ], [ 178.084037970078413, 51.835345088805688 ], [ 178.066398978829596, 51.82721209455093 ], [ 178.044883989591682, 51.82150509865982 ], [ 177.997185013736981, 51.822037098699802 ], [ 177.964009030815305, 51.834878090148052 ], [ 177.948139039117393, 51.846635082193536 ], [ 177.935472045864799, 51.861100072346943 ], [ 177.933899046920999, 51.872287064658614 ] ] ], [ [ [ 177.280161385820776, 52.127586895567802 ], [ 177.281808385216266, 52.135133890348619 ], [ 177.288828381921974, 52.144197884021068 ], [ 177.315410368897489, 52.16098387214484 ], [ 177.34052935638249, 52.170330865413945 ], [ 177.367357342859179, 52.175306861678116 ], [ 177.38048133614646, 52.174535862060416 ], [ 177.408836321488934, 52.16763986649304 ], [ 177.437925306055831, 52.146880880473503 ], [ 177.445984301608007, 52.135137888475796 ], [ 177.446564300710492, 52.11446090271594 ], [ 177.435578305793427, 52.09701891485426 ], [ 177.414977315916616, 52.084794923504795 ], [ 177.386806329962241, 52.07520393042816 ], [ 177.345114351072169, 52.072097933041974 ], [ 177.32136736340226, 52.080435927571486 ], [ 177.29060137972013, 52.102157912964906 ], [ 177.283489383710759, 52.114166904774713 ], [ 177.280161385820776, 52.127586895567802 ] ] ], [ [ [ 177.111977463690124, 51.890550060852554 ], [ 177.121344459832414, 51.917879041920997 ], [ 177.139624451141174, 51.935596029496423 ], [ 177.165963438219592, 51.949040019916225 ], [ 177.224592409141053, 51.969809004905748 ], [ 177.260017391444961, 51.978727998342514 ], [ 177.272019385825558, 51.993988987691139 ], [ 177.287432378353941, 52.005463979607391 ], [ 177.320852361863246, 52.021235968355903 ], [ 177.348291348140663, 52.028393963110126 ], [ 177.382077331001398, 52.029256962131591 ], [ 177.41643231380678, 52.038135955630189 ], [ 177.414245315360148, 52.053192945282895 ], [ 177.418029313828896, 52.066567936027198 ], [ 177.4259953101066, 52.077790928207158 ], [ 177.451510297598219, 52.093982916769981 ], [ 177.46063529297416, 52.094640916216413 ], [ 177.45904929389485, 52.098568913527636 ], [ 177.469181289473056, 52.124028895875256 ], [ 177.498082275545528, 52.15163587653872 ], [ 177.530644259492362, 52.170680863065087 ], [ 177.573249238232478, 52.187162851255778 ], [ 177.586707231434644, 52.189513849494737 ], [ 177.643994202082439, 52.184434852404245 ], [ 177.703782171031861, 52.163033866551288 ], [ 177.745656149136238, 52.141609880902799 ], [ 177.764610138953316, 52.12097889493495 ], [ 177.769555135847298, 52.09785291082143 ], [ 177.767909136143004, 52.076511925540544 ], [ 177.760433139555943, 52.061175936178124 ], [ 177.734615152093113, 52.038125952307908 ], [ 177.726375156227533, 52.036034953828995 ], [ 177.70830916472994, 52.00986397203409 ], [ 177.703158167273102, 52.007042974028145 ], [ 177.741761147370937, 51.995542981569805 ], [ 177.770538132906722, 52.001463977213056 ], [ 177.811557111920763, 51.995315981056812 ], [ 177.845708094296242, 51.983786988677728 ], [ 177.857428088137226, 51.975180994496476 ], [ 177.87400107926598, 51.956106007481218 ], [ 177.874094078927243, 51.943959015845792 ], [ 177.860819085138587, 51.922290030890032 ], [ 177.83707709668883, 51.902277044890944 ], [ 177.819192105583198, 51.895364049818312 ], [ 177.790597119998949, 51.892403052127491 ], [ 177.762610134245307, 51.895035050583274 ], [ 177.735966147926433, 51.902136045952169 ], [ 177.721744155005894, 51.897155049520997 ], [ 177.687263172432466, 51.895434051046927 ], [ 177.669220181207635, 51.88145006085562 ], [ 177.635466198018491, 51.870706068594011 ], [ 177.598597216755223, 51.873208067249763 ], [ 177.570612230673333, 51.863937073923566 ], [ 177.546409242862836, 51.861624075770358 ], [ 177.519252256758335, 51.866927072407989 ], [ 177.504353264187898, 51.862875075357181 ], [ 177.455490288880469, 51.861363076928257 ], [ 177.416241309034262, 51.871225070572166 ], [ 177.410043311082035, 51.833722096458395 ], [ 177.419355306169678, 51.826752101152636 ], [ 177.420302305467089, 51.81901610646711 ], [ 177.41520630723511, 51.79105212577133 ], [ 177.40379231265527, 51.779049134159614 ], [ 177.38258132299805, 51.766254143203184 ], [ 177.345316341568434, 51.757746149480681 ], [ 177.308721360105352, 51.759638148599159 ], [ 177.298619365305342, 51.762903146469355 ], [ 177.261749384522801, 51.782420133468811 ], [ 177.254930388191923, 51.789716128527871 ], [ 177.242338394580429, 51.790546128105632 ], [ 177.230800400654005, 51.798397122839333 ], [ 177.213463410019216, 51.817731109739391 ], [ 177.200322416873178, 51.824418105294647 ], [ 177.169025432854056, 51.829297102315493 ], [ 177.142471446696277, 51.84220009375904 ], [ 177.119610458795194, 51.858741082655264 ], [ 177.112008463321047, 51.879669068342949 ], [ 177.111977463690124, 51.890550060852554 ] ] ], [ [ [ 175.763484169764411, 52.380750743935614 ], [ 175.774775165309478, 52.407675725170527 ], [ 175.78252516181314, 52.417251718428062 ], [ 175.794793155904102, 52.424797713002548 ], [ 175.811333147822296, 52.432671707273784 ], [ 175.841911132538485, 52.440295701464805 ], [ 175.87477911568314, 52.439716701273653 ], [ 175.898572103131613, 52.431947706204973 ], [ 175.917902093349994, 52.434345704208916 ], [ 175.931819086085426, 52.431385706003553 ], [ 175.955319073708523, 52.423999710681862 ], [ 175.968576066555755, 52.41614771586255 ], [ 175.97860506145571, 52.416843715207719 ], [ 176.004913047651968, 52.409511719804854 ], [ 176.043399027076219, 52.390277732400087 ], [ 176.060491017511424, 52.372248744534886 ], [ 176.064520015047918, 52.363383750576475 ], [ 176.062874015289538, 52.350198759692184 ], [ 176.054024019199943, 52.336755769108322 ], [ 176.037393026988951, 52.321274780062268 ], [ 176.024388033377278, 52.315744784096779 ], [ 176.016916036657619, 52.304084792260767 ], [ 176.009927040017544, 52.29956079549892 ], [ 175.970895059436828, 52.288695803663266 ], [ 175.920082085021505, 52.281362809607735 ], [ 175.896614096989907, 52.281270810086646 ], [ 175.862463114808037, 52.289586804965488 ], [ 175.831394131428198, 52.305584794500277 ], [ 175.774503163389227, 52.365567754197855 ], [ 175.763484169764411, 52.380750743935614 ] ] ], [ [ [ 173.7732072143138, 52.77336351850262 ], [ 173.781597212119635, 52.802156498423493 ], [ 173.802011202902548, 52.819665485798971 ], [ 173.844763181761323, 52.831523476472455 ], [ 173.870641168673899, 52.834797473522613 ], [ 173.906132150145623, 52.831341474961391 ], [ 173.964785118520496, 52.811537487069479 ], [ 173.988742106245809, 52.812362485872363 ], [ 174.037875079836255, 52.796616495450188 ], [ 174.050151072987433, 52.789091500320993 ], [ 174.068392064101431, 52.79622849492781 ], [ 174.095522050461142, 52.800867491029884 ], [ 174.114442040894431, 52.803355488828601 ], [ 174.128632033439942, 52.801219489938504 ], [ 174.147736023061555, 52.793392494848653 ], [ 174.19928199562608, 52.780287502578744 ], [ 174.221437983362392, 52.767698510701777 ], [ 174.232729976843217, 52.757301517587628 ], [ 174.23663697421236, 52.748183523776994 ], [ 174.237829970545164, 52.703269554715391 ], [ 174.224007976296775, 52.683424568743817 ], [ 174.21175698195961, 52.67419657541349 ], [ 174.162517006041526, 52.656742588689418 ], [ 174.146739014086307, 52.655987589610589 ], [ 174.108318034390294, 52.664493584727516 ], [ 174.079326049187586, 52.663324586277383 ], [ 174.057159061147502, 52.671692581080485 ], [ 174.017987081262618, 52.67184558198997 ], [ 173.951580116329552, 52.685730574154704 ], [ 173.916149135515667, 52.699683565470636 ], [ 173.871502158867941, 52.705632562554854 ], [ 173.837965176842857, 52.71603055628303 ], [ 173.788710204607042, 52.749727534378351 ], [ 173.7732072143138, 52.77336351850262 ] ] ], [ [ [ 173.272584442022321, 52.39748379153864 ], [ 173.274413442581761, 52.416640778295942 ], [ 173.298123432447312, 52.441703760349768 ], [ 173.304012430454179, 52.454696751232085 ], [ 173.336693415447712, 52.476159735506307 ], [ 173.370017398967065, 52.48295872986435 ], [ 173.393666388187825, 52.499759717615078 ], [ 173.416523376817366, 52.503681714260495 ], [ 173.421589374506681, 52.507290711630297 ], [ 173.453326358322215, 52.507611710506424 ], [ 173.480496344062516, 52.502573713207077 ], [ 173.498704335850022, 52.516929702804944 ], [ 173.534743318296904, 52.528343693929656 ], [ 173.548536312251002, 52.541680684355988 ], [ 173.559034307291711, 52.547105680325274 ], [ 173.608257283075432, 52.559880670154435 ], [ 173.639089267081289, 52.556881671367734 ], [ 173.656716258600966, 52.56411766589671 ], [ 173.692235240228598, 52.561404666791169 ], [ 173.778136196619045, 52.566109661214647 ], [ 173.80416718292625, 52.560983664045281 ], [ 173.825652170856529, 52.546068673745253 ], [ 173.847777158900783, 52.537192679269197 ], [ 173.855590154270004, 52.528337685161681 ], [ 173.854920153575677, 52.513858695154802 ], [ 173.844608157057479, 52.488879712637896 ], [ 173.812446171613004, 52.462793731467258 ], [ 173.792642180994164, 52.45266073897858 ], [ 173.780589187011628, 52.450791740590354 ], [ 173.794597178601293, 52.433282752272845 ], [ 173.798172173845728, 52.3924637802888 ], [ 173.801744170995335, 52.378096790086651 ], [ 173.814075162943965, 52.353354806793625 ], [ 173.794272171002376, 52.32501782683569 ], [ 173.766564183793832, 52.306751840156842 ], [ 173.747706192900125, 52.299975845330792 ], [ 173.713709210056862, 52.298105847539624 ], [ 173.692403221166785, 52.301883845518802 ], [ 173.672602230553451, 52.292480852532705 ], [ 173.638636247954196, 52.294257852240975 ], [ 173.597436269915448, 52.308011843909497 ], [ 173.581078279058431, 52.31915783668989 ], [ 173.548272296172627, 52.324893833654023 ], [ 173.533702304097631, 52.331777829321858 ], [ 173.481593330226218, 52.32667583429717 ], [ 173.462276340129847, 52.327704834134103 ], [ 173.435757354144869, 52.334654830100995 ], [ 173.37954838300513, 52.33814682929961 ], [ 173.349122399328735, 52.349177822579144 ], [ 173.321535413427057, 52.349984822818826 ], [ 173.304048422824394, 52.356460818866594 ], [ 173.280580436405245, 52.37759480499863 ], [ 173.272584442022321, 52.39748379153864 ] ] ], [ [ [ 172.347846, 52.906691 ], [ 172.353886, 52.935804 ], [ 172.365816, 52.951742 ], [ 172.376405, 52.959617 ], [ 172.399596, 52.968772 ], [ 172.427779922985792, 52.971543422300932 ], [ 172.445341915070202, 52.98404741310263 ], [ 172.49575289092752, 53.00443339739433 ], [ 172.527733876132174, 53.023325383325258 ], [ 172.56227885896584, 53.030635377161985 ], [ 172.586171847816956, 53.043873367260346 ], [ 172.623157829550507, 53.053159359663915 ], [ 172.68278879891983, 53.054938356525597 ], [ 172.734421773018795, 53.063652348873525 ], [ 172.763626758073713, 53.065263346838364 ], [ 172.787948745313599, 53.06300534762876 ], [ 172.836593719153058, 53.051036354357329 ], [ 172.888350692685094, 53.054136350607337 ], [ 172.913008679659725, 53.050763352169682 ], [ 172.954161657401357, 53.038958359042304 ], [ 172.994305637390312, 53.047547351887886 ], [ 173.061839602019887, 53.041803353794883 ], [ 173.102213581498773, 53.045879349764668 ], [ 173.132211565839953, 53.043965350183768 ], [ 173.215891520674063, 53.020362363971252 ], [ 173.229166513151426, 53.012168369230359 ], [ 173.238359507398371, 52.999767377512143 ], [ 173.278911486617829, 53.001725374969183 ], [ 173.321941463629145, 52.992128380330946 ], [ 173.371412435564594, 52.960352400811303 ], [ 173.38383442763714, 52.941156413691303 ], [ 173.392596420461075, 52.907457436677873 ], [ 173.400366416402477, 52.906769436928741 ], [ 173.418047408018253, 52.916049430021573 ], [ 173.431657401115757, 52.917499428631679 ], [ 173.474079378476745, 52.907628434228492 ], [ 173.489552369918471, 52.900122438965177 ], [ 173.502553362554636, 52.891554444505168 ], [ 173.516165354184153, 52.873984456236009 ], [ 173.53752734262784, 52.866798460588839 ], [ 173.567618325223975, 52.841874476929732 ], [ 173.577079319475757, 52.830361484603145 ], [ 173.580650316505682, 52.815492494755105 ], [ 173.569391321039319, 52.798974506458059 ], [ 173.551357329238073, 52.784889516673587 ], [ 173.526060341445998, 52.774489524554099 ], [ 173.468749370938042, 52.774998525824302 ], [ 173.448272381944946, 52.78124652210002 ], [ 173.403379404729236, 52.777569525918516 ], [ 173.405731403045593, 52.771478530049627 ], [ 173.421693393611378, 52.755618540524523 ], [ 173.414341395252762, 52.728159559660945 ], [ 173.398535401989847, 52.710481572297532 ], [ 173.361976419595408, 52.695763583492145 ], [ 173.330239435641602, 52.692840586423969 ], [ 173.306344448368918, 52.698866582965088 ], [ 173.287423458693553, 52.706731578096253 ], [ 173.267707469856333, 52.719976569544656 ], [ 173.209631501225545, 52.739658557687541 ], [ 173.182501515048756, 52.738421559342441 ], [ 173.132759539908875, 52.730225566469954 ], [ 173.103309554981649, 52.729797567645761 ], [ 173.062720576663168, 52.740324561611864 ], [ 173.045784586052406, 52.748857556243003 ], [ 173.04416558600721, 52.738187563644715 ], [ 173.036018589388192, 52.728467570589046 ], [ 172.943090633752234, 52.688854600713277 ], [ 172.901471654468537, 52.681610606983284 ], [ 172.882977664204958, 52.684768605378537 ], [ 172.857342678257908, 52.695754598603834 ], [ 172.835612690589244, 52.709974589482307 ], [ 172.81438770323328, 52.730850575761046 ], [ 172.787698716595969, 52.727094579183706 ], [ 172.760172730732933, 52.727421579822668 ], [ 172.736948742676844, 52.727894580228515 ], [ 172.71607475376382, 52.732417577772104 ], [ 172.680153773574943, 52.748628567743182 ], [ 172.639593797079044, 52.779786547569678 ], [ 172.58731582647394, 52.809150529016001 ], [ 172.479082886136609, 52.855241500771385 ], [ 172.450445900598055, 52.852452503632207 ], [ 172.419377, 52.859746 ], [ 172.362586, 52.887021 ], [ 172.35392, 52.894994 ], [ 172.347846, 52.906691 ] ] ], [ [ [ -168.135022, 53.951464 ], [ -168.129803, 53.962664 ], [ -168.110973, 53.981564 ], [ -168.082956, 53.992437 ], [ -168.049169, 53.994956 ], [ -168.022585, 53.994118 ], [ -168.002249, 53.988041 ], [ -167.99359, 53.990419 ], [ -167.969997, 53.977388 ], [ -167.959039, 53.9637 ], [ -167.953445, 53.936538 ], [ -167.953453, 53.921158 ], [ -167.963187, 53.901336 ], [ -167.984062, 53.886496 ], [ -168.022944, 53.87492 ], [ -168.055327, 53.876338 ], [ -168.08304, 53.882959 ], [ -168.11637, 53.905512 ], [ -168.132487, 53.927423 ], [ -168.135022, 53.951464 ] ] ], [ [ [ -169.880238, 56.602029 ], [ -169.877592, 56.630537 ], [ -169.871462, 56.643049 ], [ -169.862553, 56.651998 ], [ -169.829384, 56.669816 ], [ -169.802528, 56.673969 ], [ -169.74735, 56.675043 ], [ -169.621913, 56.661341 ], [ -169.538687, 56.668437 ], [ -169.509265, 56.667471 ], [ -169.474163, 56.656098 ], [ -169.438667, 56.653698 ], [ -169.422246, 56.648809 ], [ -169.401641, 56.636553 ], [ -169.382254, 56.61475 ], [ -169.377545, 56.587729 ], [ -169.383952, 56.578162 ], [ -169.420474, 56.549259 ], [ -169.479413, 56.526851 ], [ -169.526637, 56.492976 ], [ -169.581263, 56.483228 ], [ -169.676092, 56.496226 ], [ -169.727524, 56.514639 ], [ -169.763735, 56.540724 ], [ -169.804777, 56.547369 ], [ -169.830387, 56.560327 ], [ -169.838172, 56.57119 ], [ -169.86824, 56.587031 ], [ -169.880238, 56.602029 ] ] ], [ [ [ -170.0505, 57.186876 ], [ -170.049117, 57.195684 ], [ -170.042222, 57.205047 ], [ -170.007985, 57.225299 ], [ -169.960408, 57.237419 ], [ -169.939992, 57.23894 ], [ -169.909747, 57.236295 ], [ -169.87123, 57.221536 ], [ -169.847694, 57.184897 ], [ -169.849034, 57.176165 ], [ -169.886869, 57.145438 ], [ -169.930262, 57.13212 ], [ -169.968982, 57.127984 ], [ -169.989069, 57.130412 ], [ -170.022459, 57.144325 ], [ -170.044012, 57.165052 ], [ -170.0505, 57.186876 ] ] ], [ [ [ -170.274914, 52.737634 ], [ -170.267285, 52.764249 ], [ -170.257793, 52.773687 ], [ -170.247019, 52.778877 ], [ -170.233194, 52.800129 ], [ -170.206764, 52.822763 ], [ -170.186407, 52.830524 ], [ -170.152789, 52.835824 ], [ -170.190133, 52.862832 ], [ -170.199688, 52.880091 ], [ -170.203381, 52.897647 ], [ -170.198591, 52.916433 ], [ -170.17689, 52.935137 ], [ -170.116519, 52.963131 ], [ -170.086579, 52.971206 ], [ -170.046106, 52.973116 ], [ -170.024954, 52.971148 ], [ -170.002275, 52.964751 ], [ -169.995531, 52.966534 ], [ -169.963421, 52.963224 ], [ -169.94175, 52.958784 ], [ -169.929754, 52.951581 ], [ -169.910493, 52.935215 ], [ -169.908158, 52.922549 ], [ -169.885495, 52.932583 ], [ -169.831898, 52.935538 ], [ -169.827746, 52.932792 ], [ -169.817745, 52.937355 ], [ -169.827535, 52.945366 ], [ -169.84289, 52.969516 ], [ -169.843318, 52.978376 ], [ -169.832955, 53.009965 ], [ -169.852112, 53.015856 ], [ -169.865083, 53.024372 ], [ -169.879399, 53.039305 ], [ -169.883429, 53.051452 ], [ -169.880622, 53.067499 ], [ -169.872064, 53.081975 ], [ -169.872962, 53.089186 ], [ -169.860754, 53.105012 ], [ -169.814087, 53.126641 ], [ -169.786159, 53.13261 ], [ -169.759148, 53.134054 ], [ -169.730731, 53.127814 ], [ -169.700635, 53.116452 ], [ -169.685526, 53.109089 ], [ -169.664233, 53.085685 ], [ -169.631042, 53.077498 ], [ -169.61407, 53.069807 ], [ -169.604454, 53.062031 ], [ -169.580644, 53.032165 ], [ -169.580002, 53.01511 ], [ -169.575111, 53.001772 ], [ -169.580366, 52.98239 ], [ -169.587476, 52.96996 ], [ -169.595778, 52.963238 ], [ -169.607102, 52.959567 ], [ -169.612595, 52.944298 ], [ -169.61998, 52.936148 ], [ -169.633615, 52.92906 ], [ -169.627824, 52.92674 ], [ -169.61488, 52.912082 ], [ -169.615642, 52.90333 ], [ -169.607553, 52.901934 ], [ -169.593389, 52.88952 ], [ -169.587861, 52.872885 ], [ -169.588222, 52.839785 ], [ -169.592893, 52.831548 ], [ -169.588861, 52.826797 ], [ -169.586601, 52.814138 ], [ -169.588613, 52.800563 ], [ -169.61879, 52.780639 ], [ -169.617057, 52.775947 ], [ -169.627461, 52.750675 ], [ -169.639088, 52.736756 ], [ -169.65972, 52.726226 ], [ -169.703061, 52.716099 ], [ -169.738039, 52.720987 ], [ -169.784986, 52.736734 ], [ -169.804339, 52.746202 ], [ -169.82032, 52.759427 ], [ -169.826257, 52.758151 ], [ -169.848754, 52.76311 ], [ -169.876315, 52.746726 ], [ -169.903846, 52.740574 ], [ -169.975547, 52.738118 ], [ -169.977374, 52.719001 ], [ -169.981799, 52.71202 ], [ -170.019309, 52.682367 ], [ -170.048398, 52.670624 ], [ -170.086581, 52.662618 ], [ -170.173754, 52.662888 ], [ -170.213405, 52.669028 ], [ -170.250063, 52.681089 ], [ -170.263587, 52.697325 ], [ -170.267404, 52.724763 ], [ -170.274914, 52.737634 ] ] ], [ [ [ -170.522709, 57.193374 ], [ -170.49009, 57.225537 ], [ -170.470409, 57.237091 ], [ -170.46023, 57.238742 ], [ -170.449598, 57.249332 ], [ -170.438185, 57.254879 ], [ -170.395333, 57.25795 ], [ -170.364059, 57.268735 ], [ -170.334457, 57.272368 ], [ -170.290815, 57.270594 ], [ -170.261697, 57.264134 ], [ -170.222929, 57.275164 ], [ -170.206922, 57.290696 ], [ -170.191024, 57.297351 ], [ -170.15889, 57.304372 ], [ -170.109481, 57.305269 ], [ -170.065379, 57.297926 ], [ -170.016511, 57.266581 ], [ -170.012357, 57.254092 ], [ -170.018487, 57.236727 ], [ -170.029775, 57.220856 ], [ -170.063858, 57.19762 ], [ -170.080803, 57.192273 ], [ -170.077249, 57.179354 ], [ -170.078314, 57.169458 ], [ -170.111782, 57.136709 ], [ -170.137076, 57.122126 ], [ -170.14768, 57.121464 ], [ -170.165271, 57.11344 ], [ -170.223246, 57.076596 ], [ -170.258919, 57.062125 ], [ -170.305369, 57.056741 ], [ -170.300971, 57.041755 ], [ -170.306096, 57.029515 ], [ -170.354132, 57.002323 ], [ -170.399462, 56.995772 ], [ -170.444143, 56.996134 ], [ -170.478295, 57.007195 ], [ -170.487284, 57.012518 ], [ -170.501985, 57.033181 ], [ -170.508488, 57.046404 ], [ -170.50837, 57.062374 ], [ -170.492045, 57.080177 ], [ -170.469524, 57.092768 ], [ -170.442669, 57.102263 ], [ -170.414797, 57.104734 ], [ -170.470657, 57.113652 ], [ -170.495259, 57.128308 ], [ -170.509881, 57.143818 ], [ -170.519468, 57.162183 ], [ -170.510803, 57.174262 ], [ -170.516296, 57.175978 ], [ -170.520937, 57.182212 ], [ -170.522709, 57.193374 ] ] ], [ [ [ -170.927388, 52.549886 ], [ -170.923514, 52.574987 ], [ -170.912712, 52.591201 ], [ -170.903193, 52.622406 ], [ -170.888913, 52.649271 ], [ -170.865446, 52.669056 ], [ -170.834135, 52.684278 ], [ -170.818748, 52.688477 ], [ -170.804717, 52.701461 ], [ -170.770387, 52.721094 ], [ -170.732051, 52.729781 ], [ -170.680452, 52.749586 ], [ -170.630402, 52.751594 ], [ -170.56411, 52.742205 ], [ -170.543238, 52.731889 ], [ -170.526323, 52.729205 ], [ -170.508314, 52.721165 ], [ -170.480994, 52.69041 ], [ -170.474706, 52.6738 ], [ -170.47402, 52.638387 ], [ -170.493685, 52.618941 ], [ -170.509186, 52.597737 ], [ -170.536133, 52.573847 ], [ -170.575685, 52.554871 ], [ -170.652014, 52.540625 ], [ -170.674426, 52.539876 ], [ -170.738226, 52.500109 ], [ -170.76383, 52.489808 ], [ -170.793769, 52.487099 ], [ -170.828318, 52.491927 ], [ -170.848431, 52.505169 ], [ -170.887588, 52.513829 ], [ -170.912919, 52.530293 ], [ -170.927388, 52.549886 ] ] ], [ [ [ -171.393716, 52.46813 ], [ -171.387067, 52.514816 ], [ -171.374433, 52.537118 ], [ -171.344067, 52.555972 ], [ -171.31242, 52.570745 ], [ -171.280466, 52.579803 ], [ -171.248557, 52.580856 ], [ -171.205941, 52.624928 ], [ -171.179158, 52.638661 ], [ -171.140234, 52.639633 ], [ -171.109837, 52.636315 ], [ -171.069735, 52.627062 ], [ -171.031149, 52.610066 ], [ -171.022429, 52.603717 ], [ -171.020108, 52.596782 ], [ -171.018825, 52.585795 ], [ -171.033563, 52.548524 ], [ -171.049523, 52.531035 ], [ -171.064599, 52.521246 ], [ -171.102014, 52.508304 ], [ -171.111845, 52.507559 ], [ -171.114861, 52.482775 ], [ -171.136496, 52.445671 ], [ -171.173148, 52.415159 ], [ -171.206259, 52.398891 ], [ -171.226616, 52.393702 ], [ -171.264307, 52.391228 ], [ -171.294308, 52.393134 ], [ -171.358353, 52.412545 ], [ -171.377263, 52.431378 ], [ -171.386634, 52.44859 ], [ -171.393716, 52.46813 ] ] ], [ [ [ -172.720692711771477, 52.264371899857686 ], [ -172.712601716872342, 52.276299891906014 ], [ -172.717275714936648, 52.281506888176558 ], [ -172.714347717531211, 52.294758879151146 ], [ -172.701288725825776, 52.314625865893206 ], [ -172.681545737199031, 52.330648855491717 ], [ -172.633242766591678, 52.387870817648363 ], [ -172.606082781387215, 52.399406810576345 ], [ -172.547716812240822, 52.413004803092377 ], [ -172.483982, 52.436651 ], [ -172.448307, 52.443099 ], [ -172.427098, 52.440216 ], [ -172.417607, 52.444122 ], [ -172.399296, 52.444505 ], [ -172.379489, 52.441278 ], [ -172.35602, 52.43329 ], [ -172.332367, 52.419925 ], [ -172.296538, 52.413868 ], [ -172.274534, 52.405759 ], [ -172.24966, 52.393454 ], [ -172.231287, 52.379927 ], [ -172.224328, 52.369429 ], [ -172.223564, 52.359198 ], [ -172.226303, 52.354908 ], [ -172.21053, 52.327124 ], [ -172.210712, 52.316267 ], [ -172.228442, 52.296193 ], [ -172.25017, 52.284084 ], [ -172.266039, 52.281826 ], [ -172.287706, 52.265651 ], [ -172.334998, 52.252303 ], [ -172.354814, 52.23832 ], [ -172.377915, 52.228363 ], [ -172.407669, 52.224486 ], [ -172.427201, 52.225424 ], [ -172.450057, 52.217335 ], [ -172.474929, 52.215085 ], [ -172.494215, 52.20412 ], [ -172.510603, 52.199946 ], [ -172.544388795508183, 52.198052951081827 ], [ -172.575996779859565, 52.202202947213145 ], [ -172.616166759258903, 52.199095948066912 ], [ -172.652298741566113, 52.206258941991976 ], [ -172.659531738311642, 52.211126938414495 ], [ -172.676011729919168, 52.210583938266559 ], [ -172.688706724002003, 52.216717933646478 ], [ -172.707506715940042, 52.234234921004571 ], [ -172.718341712023488, 52.253110907678618 ], [ -172.720692711771477, 52.264371899857686 ] ] ], [ [ [ -175.224819436915482, 52.232972856258399 ], [ -175.204647448624769, 52.259119838665939 ], [ -175.175105464364378, 52.271572830702567 ], [ -175.119805493044908, 52.280547825680983 ], [ -175.09590750487078, 52.274292830495298 ], [ -175.070698517071719, 52.262932838856166 ], [ -175.053575525133624, 52.251312847225321 ], [ -175.036525532546449, 52.229018862945132 ], [ -175.036329531998717, 52.217635870788726 ], [ -175.064192516039867, 52.186108891903885 ], [ -175.078687508166979, 52.177181897742528 ], [ -175.113112490021905, 52.165666904942519 ], [ -175.152543469830391, 52.162986905959052 ], [ -175.176532458059597, 52.170661900172966 ], [ -175.205314444554375, 52.191237885405457 ], [ -175.222987437171327, 52.220611864809889 ], [ -175.224819436915482, 52.232972856258399 ] ] ], [ [ [ -175.609758238359348, 52.183011883045218 ], [ -175.604022242066634, 52.198690872354788 ], [ -175.579302255740942, 52.220245857978462 ], [ -175.532791280264547, 52.236613847597106 ], [ -175.492049301068562, 52.2375848477188 ], [ -175.45646131867008, 52.227484855372381 ], [ -175.436806328133457, 52.217047862948313 ], [ -175.410710340354285, 52.196783877421595 ], [ -175.403744343121815, 52.182001887740512 ], [ -175.404269342310641, 52.171643894863593 ], [ -175.437013323635057, 52.13281492095539 ], [ -175.472475304599499, 52.113144933804115 ], [ -175.51236328404292, 52.107381936996241 ], [ -175.561257259976088, 52.122578925589593 ], [ -175.598654242183386, 52.146691908270412 ], [ -175.609115237903353, 52.167407893804594 ], [ -175.609758238359348, 52.183011883045218 ] ] ], [ [ [ -177.551740241648645, 51.915533038597545 ], [ -177.542921246661479, 51.935135025193105 ], [ -177.50913926465185, 51.965754004467996 ], [ -177.493636272769834, 51.974643998512668 ], [ -177.459547290306375, 51.98289199320326 ], [ -177.422192309078781, 51.976454998048581 ], [ -177.374367332938334, 51.962624008109877 ], [ -177.364692337674114, 51.956833012207476 ], [ -177.35620734178471, 51.950356016764204 ], [ -177.339266349680287, 51.927162032928862 ], [ -177.332581352276151, 51.900779051171014 ], [ -177.336334350021531, 51.888990059244492 ], [ -177.352355341393064, 51.871709070958474 ], [ -177.380857326493441, 51.855746081624631 ], [ -177.429808301296134, 51.841103091158054 ], [ -177.468964281449189, 51.839865091580435 ], [ -177.486727272568601, 51.843657088777228 ], [ -177.532570250183909, 51.872999068085782 ], [ -177.546488243588243, 51.889379056660914 ], [ -177.551740241648645, 51.915533038597545 ] ] ], [ [ [ -178.309480856646871, 51.871067062460625 ], [ -178.298847862658164, 51.903713040058506 ], [ -178.258410883911978, 51.942138013896418 ], [ -178.243699891571566, 51.952005007211746 ], [ -178.228439899413274, 51.956880003970227 ], [ -178.107240961343734, 51.976514991404066 ], [ -178.086882971656792, 51.975446992306743 ], [ -178.064958982554259, 51.96477899983622 ], [ -178.05034899009587, 51.970494996021735 ], [ -178.032431999239321, 51.972661994680536 ], [ -178.007435011864288, 51.969785996874812 ], [ -178.002251014403043, 51.96567899974805 ], [ -177.981736024931507, 51.970755996428949 ], [ -177.947004042575031, 51.971319996345379 ], [ -177.913248059545964, 51.964371001432632 ], [ -177.889928071100343, 51.952583009762051 ], [ -177.870669080468076, 51.93577502151318 ], [ -177.865534082831914, 51.925780028443313 ], [ -177.846709092297715, 51.922492030881422 ], [ -177.834500098282604, 51.914077036789656 ], [ -177.826808101749918, 51.896422049018405 ], [ -177.811927109151583, 51.890780053042981 ], [ -177.773429128780435, 51.895715050011034 ], [ -177.735431147847919, 51.888415055404913 ], [ -177.70393616402967, 51.89717504968268 ], [ -177.661668185579373, 51.902228046625353 ], [ -177.637710197686033, 51.900962047739604 ], [ -177.614913209346156, 51.905008045186868 ], [ -177.587445223216008, 51.903186046725239 ], [ -177.567761233027738, 51.897252051016395 ], [ -177.557536238060749, 51.89188805481696 ], [ -177.538369247251268, 51.873135067930612 ], [ -177.532263249843453, 51.855107080406746 ], [ -177.533086249073875, 51.84235708917528 ], [ -177.535923247478252, 51.836566093131651 ], [ -177.542006244307515, 51.833191095390511 ], [ -177.538272245858593, 51.820940103863222 ], [ -177.55386423741399, 51.800552117732316 ], [ -177.564303232012065, 51.795988120764122 ], [ -177.548461239928486, 51.792640123235046 ], [ -177.542052243048033, 51.788276126306407 ], [ -177.515317256663053, 51.791978124042565 ], [ -177.488706270475973, 51.804882115446709 ], [ -177.445698292351494, 51.809494112740843 ], [ -177.423642304056614, 51.828666099787561 ], [ -177.406216313091335, 51.836243094765727 ], [ -177.363734334635865, 51.838046094002699 ], [ -177.341638345641599, 51.832255098240715 ], [ -177.324486354312739, 51.832096098547005 ], [ -177.308895362340905, 51.836801095488369 ], [ -177.298304368286978, 51.856215082247189 ], [ -177.282893376295618, 51.863081077700379 ], [ -177.28436237708155, 51.913156043208417 ], [ -177.275606382444664, 51.943316022544352 ], [ -177.267459387079043, 51.959636011402203 ], [ -177.248934396905611, 51.973477002089822 ], [ -177.206210419203046, 51.993117989074548 ], [ -177.168061438771701, 51.999519985128373 ], [ -177.148902448461712, 51.998412986125537 ], [ -177.079706483174135, 51.98595799556395 ], [ -177.039879503013282, 51.974889003691281 ], [ -177.016897514340002, 51.965040010767723 ], [ -177.004192520295732, 51.950617020862694 ], [ -176.983691530337893, 51.940275028249168 ], [ -176.970049536714299, 51.924513039279155 ], [ -176.967239536941577, 51.889470063441244 ], [ -176.975235532439854, 51.876141072512638 ], [ -176.970986534079259, 51.861115082911432 ], [ -176.954818542726002, 51.874738073745227 ], [ -176.938704551157741, 51.882757068436888 ], [ -176.918867561178132, 51.882140069123949 ], [ -176.91020056582596, 51.889641064075448 ], [ -176.897412572907029, 51.907021052281202 ], [ -176.875531585844271, 51.959682016317899 ], [ -176.847820601172288, 51.995524992011774 ], [ -176.827007612222587, 52.009136982921923 ], [ -176.802470624950217, 52.016675978067241 ], [ -176.738627657512666, 52.020811976108284 ], [ -176.691488681327741, 52.017725978901403 ], [ -176.681872686617169, 52.02857997156417 ], [ -176.661917697185061, 52.040099963917143 ], [ -176.601281728613742, 52.05656795345697 ], [ -176.541189758917085, 52.050887958257896 ], [ -176.510059774272037, 52.039369966656665 ], [ -176.488480784698623, 52.026049976155207 ], [ -176.481492787932751, 52.018199981666768 ], [ -176.469555792513574, 51.981229007304982 ], [ -176.4729097901091, 51.963573019410134 ], [ -176.452825799506513, 51.944020033177686 ], [ -176.44894880104215, 51.933316040605845 ], [ -176.44784880111402, 51.921193048968114 ], [ -176.452772798091047, 51.907939058016474 ], [ -176.429138810353919, 51.915358053271788 ], [ -176.36566084261915, 51.918435052138655 ], [ -176.339901855572066, 51.916270054033575 ], [ -176.325985862870397, 51.922382050046139 ], [ -176.269311891422802, 51.918974053295777 ], [ -176.242865905140661, 51.926750048369655 ], [ -176.251980901437463, 51.94833303336506 ], [ -176.252957901350982, 51.957992026699905 ], [ -176.247129904615434, 51.965340021735507 ], [ -176.26553689621494, 51.987327006301236 ], [ -176.267476895996623, 52.005448993792825 ], [ -176.279913890444902, 52.023412981223821 ], [ -176.281075890696854, 52.043370967462231 ], [ -176.291421885864992, 52.053364960414306 ], [ -176.293131885504721, 52.065434952074902 ], [ -176.285382890651107, 52.094090932463708 ], [ -176.224435924168176, 52.153133892781575 ], [ -176.169130953031924, 52.169584882358087 ], [ -176.148376963679823, 52.171472881402011 ], [ -176.116146979809088, 52.165220886247397 ], [ -176.093139991489295, 52.164557887091341 ], [ -176.080596997626458, 52.159050891096783 ], [ -176.03989101848336, 52.162210889613021 ], [ -175.991920042321112, 52.14967889907075 ], [ -175.977087049481895, 52.141293905103396 ], [ -175.967199053841881, 52.126744915295923 ], [ -175.966863053768236, 52.121425918965073 ], [ -175.935334069032621, 52.104923930881078 ], [ -175.93008407145345, 52.099590934645917 ], [ -175.927771072234151, 52.091075940550418 ], [ -175.895201089053501, 52.096936937089083 ], [ -175.853664110137174, 52.096533938106305 ], [ -175.830285121486128, 52.085401946191595 ], [ -175.812000128991286, 52.047955972305154 ], [ -175.806459131599468, 52.043676975351467 ], [ -175.795336137306833, 52.045010974634451 ], [ -175.778244145745532, 52.040128978306335 ], [ -175.739330164578661, 52.021307991975725 ], [ -175.71320517806916, 52.026305989016329 ], [ -175.686438191496649, 52.023300991581422 ], [ -175.677587195789499, 52.01931099449304 ], [ -175.647678211094558, 52.022158993091765 ], [ -175.636079216746452, 52.017519996503282 ], [ -175.611481229252121, 52.018222996483452 ], [ -175.598876235359256, 52.012540000634431 ], [ -175.572324248918704, 52.014539999762988 ], [ -175.549137260437817, 52.009887003409759 ], [ -175.517696277312496, 52.028389991278033 ], [ -175.470362302053644, 52.042842982248175 ], [ -175.441216316850102, 52.04313398261904 ], [ -175.412432331075991, 52.035993988101886 ], [ -175.401816337174949, 52.049727978857611 ], [ -175.38433034675478, 52.063302969859642 ], [ -175.364462357295082, 52.07205496423078 ], [ -175.341024369476514, 52.07751096094448 ], [ -175.3266793766673, 52.075840962382976 ], [ -175.29661939261473, 52.088827954049968 ], [ -175.27314940470572, 52.092154952236918 ], [ -175.231626425675501, 52.09020395443077 ], [ -175.221084431372503, 52.096582950256199 ], [ -175.193099446002833, 52.104365945476623 ], [ -175.155133465557157, 52.109463942757493 ], [ -175.1023654922991, 52.10862694444311 ], [ -175.083932502611503, 52.125687933087349 ], [ -175.059427515671103, 52.136621926080601 ], [ -174.993216549287723, 52.136415927644123 ], [ -174.964544564878338, 52.154334915928331 ], [ -174.925235585403897, 52.163917910188268 ], [ -174.86608961555757, 52.165644910302944 ], [ -174.853728621633735, 52.162165912972654 ], [ -174.849853623206769, 52.155435917692408 ], [ -174.827116635015472, 52.159823915178059 ], [ -174.796627650126766, 52.153477920230166 ], [ -174.79470665090912, 52.150222922514295 ], [ -174.759821669638626, 52.167157911641638 ], [ -174.731560684254447, 52.171454909324446 ], [ -174.718560691986625, 52.190132896760645 ], [ -174.696130704554037, 52.209367884029341 ], [ -174.668511719564322, 52.225208873756266 ], [ -174.617758745881503, 52.233381869303393 ], [ -174.589000760221211, 52.228732873175311 ], [ -174.553486780205191, 52.259500852821859 ], [ -174.524585795424542, 52.267634847902897 ], [ -174.494397810644159, 52.26533785020127 ], [ -174.517811799935203, 52.284504836445848 ], [ -174.537651791878659, 52.317043813566421 ], [ -174.536888793012054, 52.328870805438541 ], [ -174.524865800359152, 52.34817379242746 ], [ -174.494714816927228, 52.366958780204513 ], [ -174.468834830511241, 52.372949776695975 ], [ -174.410700860392524, 52.376444775687972 ], [ -174.406393863518133, 52.390797765905262 ], [ -174.390769872732392, 52.409917753112978 ], [ -174.375815881139488, 52.421781745303647 ], [ -174.355734891700308, 52.426474742560728 ], [ -174.328849907023567, 52.450706726525432 ], [ -174.312735915653548, 52.456719722779283 ], [ -174.266195939538733, 52.458299722842554 ], [ -174.245000950137751, 52.454850725746397 ], [ -174.186421981199828, 52.471668715628191 ], [ -174.15785799588906, 52.473027715413451 ], [ -174.110585019724198, 52.468328719852664 ], [ -174.078998034849832, 52.453603730805099 ], [ -174.065752041067896, 52.445661736616337 ], [ -174.065398041041561, 52.442654738696845 ], [ -174.055529046161098, 52.443822738146224 ], [ -174.030870058444691, 52.439390741835567 ], [ -173.99540707549977, 52.424323753133628 ], [ -173.987228079277003, 52.418631757267036 ], [ -173.985946079477799, 52.412123761782944 ], [ -173.964247090206385, 52.407240765712253 ], [ -173.940229101687549, 52.396263773901389 ], [ -173.922923109234262, 52.378074786882621 ], [ -173.918160110596887, 52.362914797447921 ], [ -173.921788107663815, 52.347455807997839 ], [ -173.908331113453414, 52.332297818789662 ], [ -173.902837115333227, 52.31923582792836 ], [ -173.904635112624476, 52.293668845484099 ], [ -173.921784102096353, 52.267842862812998 ], [ -173.95559608297134, 52.239971881114016 ], [ -173.964658077259287, 52.223963891896986 ], [ -173.980496068363351, 52.211625899977442 ], [ -173.990475061338486, 52.183150919317718 ], [ -173.981318065826684, 52.180833921150203 ], [ -173.936395088883245, 52.184566919752562 ], [ -173.898585109079448, 52.199017910799377 ], [ -173.871820122938345, 52.202902908832137 ], [ -173.840600138676365, 52.201332910740973 ], [ -173.785072165740701, 52.185557923081191 ], [ -173.732107192448154, 52.183261926088335 ], [ -173.601675260749772, 52.212539909505765 ], [ -173.587331268006437, 52.212227910117221 ], [ -173.565144278635756, 52.203668916622718 ], [ -173.506306309190506, 52.213145911743148 ], [ -173.478993322599138, 52.207112916662162 ], [ -173.455707333258175, 52.191687927933103 ], [ -173.440767339117855, 52.168771944123399 ], [ -173.342976388507793, 52.166532948452186 ], [ -173.309771404453215, 52.155005957338595 ], [ -173.283159418413163, 52.161270953798081 ], [ -173.257158431591336, 52.161354954495188 ], [ -173.224069447914331, 52.155681959362731 ], [ -173.177820471814357, 52.161816956498733 ], [ -173.151515485120115, 52.161596957425715 ], [ -172.943684589148887, 52.146592973978329 ], [ -172.925176599210545, 52.155218968609255 ], [ -172.894873614571338, 52.155509969335668 ], [ -172.866644628323996, 52.148940974720396 ], [ -172.842504639513294, 52.13636198411541 ], [ -172.828801645390428, 52.123444993421899 ], [ -172.819919648374395, 52.104982006393243 ], [ -172.825777644200201, 52.090097016447658 ], [ -172.839234635894826, 52.071572028770099 ], [ -172.866881620703538, 52.056411038343491 ], [ -172.876525615796623, 52.055953038362318 ], [ -172.884702610652113, 52.043357046772144 ], [ -172.902585600709159, 52.031973054051917 ], [ -172.923061589749125, 52.024168058793293 ], [ -172.949763575873419, 52.01915506142786 ], [ -172.976038562703337, 52.020283059856347 ], [ -173.003275549567178, 52.027991053734645 ], [ -173.04876252616674, 52.022425056195829 ], [ -173.070002515724866, 52.025995053106456 ], [ -173.080274509959253, 52.018588057893119 ], [ -173.078118509082003, 51.993463075231944 ], [ -173.085166504080576, 51.974939087757349 ], [ -173.103232493767706, 51.959480097848136 ], [ -173.129262479950711, 51.950515103240306 ], [ -173.151264468600516, 51.947149104905051 ], [ -173.176069456230806, 51.948885102982217 ], [ -173.203571443243646, 51.960332094306949 ], [ -173.224874433592589, 51.974613083866551 ], [ -173.237172428437276, 51.988346074066143 ], [ -173.23887042913401, 52.008683060033157 ], [ -173.243184427011755, 52.009411059407029 ], [ -173.255818420321134, 52.00531306185772 ], [ -173.304525395741422, 52.005434060365452 ], [ -173.309926392528922, 51.999009064627835 ], [ -173.344227374039917, 51.983398074376908 ], [ -173.356678367564172, 51.980834075783584 ], [ -173.393146349076147, 51.979704075520722 ], [ -173.427868331936367, 51.984875070980237 ], [ -173.447985321287604, 51.978190075008868 ], [ -173.48732130091966, 51.971192078714992 ], [ -173.518601285167335, 51.971656077521274 ], [ -173.530686279421673, 51.976500073853508 ], [ -173.551438268963153, 51.976728073119794 ], [ -173.584916252479246, 51.982471068243612 ], [ -173.607103241993116, 51.992388060811955 ], [ -173.617418237401722, 52.000956054635793 ], [ -173.637867227267066, 52.003665052211566 ], [ -173.64500622347353, 52.001061053807028 ], [ -173.680192205685984, 52.00088405296858 ], [ -173.710037191032399, 52.006848048056376 ], [ -173.734878177916784, 51.998890052858272 ], [ -173.77366615860106, 52.002887049065947 ], [ -173.776534156849067, 51.99858305194936 ], [ -173.815230136684335, 51.989815056946185 ], [ -173.853957117220176, 51.991271054916666 ], [ -173.879364104900702, 51.998754049098672 ], [ -173.935164077091116, 52.004450043716531 ], [ -173.970688059801631, 52.014237036058972 ], [ -174.002166044870648, 52.028748025261066 ], [ -174.026384033870698, 52.047217011930364 ], [ -174.042284026009099, 52.049948009642655 ], [ -174.049868022528415, 52.055246005802971 ], [ -174.076617008567496, 52.048969009437201 ], [ -174.112109990435698, 52.046450010266938 ], [ -174.124255984429197, 52.048563008505234 ], [ -174.150990970542921, 52.043220011505881 ], [ -174.181143955556621, 52.047385007882063 ], [ -174.250328920009139, 52.039325011702978 ], [ -174.277155906824703, 52.045405006856328 ], [ -174.31397688759273, 52.036234012261346 ], [ -174.31576188589338, 52.023873020722611 ], [ -174.323328881183755, 52.010169029966079 ], [ -174.335932874176933, 52.000327036429503 ], [ -174.350396865585395, 51.980344049824858 ], [ -174.378565850593873, 51.968532057267254 ], [ -174.423061827681124, 51.96184706079336 ], [ -174.442502817982586, 51.96388305892669 ], [ -174.480893797868191, 51.952505065838622 ], [ -174.550660763152962, 51.961375058089054 ], [ -174.575564751016856, 51.968790052404565 ], [ -174.594284742138939, 51.978420045342425 ], [ -174.631445722755757, 51.96871905115475 ], [ -174.646063715393609, 51.969215050475974 ], [ -174.687935693517915, 51.957533057551757 ], [ -174.745067664519155, 51.955654057544749 ], [ -174.805804634823744, 51.972993044248014 ], [ -174.832478621313754, 51.972718043842001 ], [ -174.861259607179306, 51.980056038153869 ], [ -174.869305603632966, 51.989110031745632 ], [ -174.933313570446046, 51.975301039842059 ], [ -174.951502560753397, 51.966725045347104 ], [ -175.000330535359893, 51.954501052701929 ], [ -175.029323520524116, 51.951464054169236 ], [ -175.040706514914177, 51.954104052109251 ], [ -175.056362506663532, 51.948167055860694 ], [ -175.100157484560071, 51.949042054330363 ], [ -175.164460452511747, 51.957837046930187 ], [ -175.203890432417865, 51.955203047924932 ], [ -175.237095415956304, 51.961527042889379 ], [ -175.256261406251014, 51.961420042570587 ], [ -175.275885395960614, 51.954690046801893 ], [ -175.30686138016145, 51.952345047787453 ], [ -175.348721359516588, 51.962593039892376 ], [ -175.372843346467192, 51.946515050475206 ], [ -175.409984326828635, 51.930192060971081 ], [ -175.430951316095872, 51.927735062248438 ], [ -175.446241308508348, 51.93059605997928 ], [ -175.469953296064205, 51.921805065565181 ], [ -175.498733281494651, 51.921559065174904 ], [ -175.513078274503926, 51.9268070612858 ], [ -175.525681267551192, 51.915355068923546 ], [ -175.585377236838895, 51.904907074971128 ], [ -175.615254221700411, 51.904303074820881 ], [ -175.635933211580578, 51.91117806970032 ], [ -175.645104206782236, 51.907919071770948 ], [ -175.65560120097345, 51.897694078610833 ], [ -175.692163181911752, 51.885851086079668 ], [ -175.711938171305746, 51.873215094408984 ], [ -175.752559150327471, 51.863837100116058 ], [ -175.79064613101886, 51.862538100316939 ], [ -175.805940123475068, 51.866468097336138 ], [ -175.798641125873672, 51.839092116305011 ], [ -175.814630116681229, 51.815278132401417 ], [ -175.827112109920932, 51.805451138938061 ], [ -175.849756098029758, 51.79550114537831 ], [ -175.881983081693818, 51.793921145892554 ], [ -175.913037066316889, 51.800362140913521 ], [ -175.91472906510927, 51.792622146208828 ], [ -175.926600058363931, 51.77604215740709 ], [ -175.942041050061704, 51.764727164921268 ], [ -175.964715038207373, 51.755433170920476 ], [ -176.002636018773842, 51.748456175065591 ], [ -176.018702010710513, 51.749297174211684 ], [ -176.041837999334092, 51.755855169305683 ], [ -176.058345990518916, 51.744710176692344 ], [ -176.078761979978509, 51.739070180227273 ], [ -176.090603974088822, 51.740917178757535 ], [ -176.115567960888484, 51.726733188096674 ], [ -176.13320695177822, 51.721635191309815 ], [ -176.163022936680591, 51.719986191950838 ], [ -176.189726923402901, 51.72425018857912 ], [ -176.211342912882742, 51.733148182105374 ], [ -176.229980902569906, 51.711324196815369 ], [ -176.255187889203171, 51.695384207373039 ], [ -176.338959846322439, 51.678739217490126 ], [ -176.368745831326208, 51.678867216935835 ], [ -176.403141814204247, 51.683917212928584 ], [ -176.447940791253416, 51.674186218934466 ], [ -176.456545787008082, 51.676434217257153 ], [ -176.477114776306593, 51.667707222947875 ], [ -176.493074767804018, 51.655751230930576 ], [ -176.515260756327109, 51.647808236060854 ], [ -176.539767744015023, 51.648446235256849 ], [ -176.578278723638959, 51.622359252630034 ], [ -176.601532711538738, 51.611722259605259 ], [ -176.624755699602247, 51.604907263954694 ], [ -176.651243686242964, 51.603921264250808 ], [ -176.662964679985578, 51.594110270829837 ], [ -176.698732661426988, 51.578436281099449 ], [ -176.734500643292279, 51.574184283519863 ], [ -176.74731863697653, 51.577738280896781 ], [ -176.80139660914233, 51.559417292747511 ], [ -176.829719594886427, 51.558791292791348 ], [ -176.84876258546322, 51.563024289622483 ], [ -176.862151578989483, 51.570409284363549 ], [ -176.867013576309404, 51.563588288988797 ], [ -176.89399156217516, 51.546832300150271 ], [ -176.917887549884369, 51.538476305579159 ], [ -176.942790537326403, 51.537079306212149 ], [ -176.969616523913459, 51.538993304546104 ], [ -176.998030509852356, 51.545477299720154 ], [ -177.042559488149124, 51.566097284971541 ], [ -177.058856480357804, 51.578472276254949 ], [ -177.068655475894161, 51.5928002662775 ], [ -177.068764476387287, 51.609701254651874 ], [ -177.074334473947431, 51.620915246868691 ], [ -177.072718475458004, 51.642408232104927 ], [ -177.065333479389665, 51.648940227704557 ], [ -177.063748480700269, 51.664664216907816 ], [ -177.045440490779555, 51.690713199218827 ], [ -177.033936497016953, 51.703989190231233 ], [ -177.01266550809396, 51.714543183241858 ], [ -176.990297520028435, 51.734014170132994 ], [ -176.970217530487332, 51.743697163730893 ], [ -176.968374531566724, 51.748111160717642 ], [ -176.994298518956128, 51.762244150656116 ], [ -177.001440515734686, 51.773726142662625 ], [ -177.004158514832852, 51.787788132950432 ], [ -177.001474516689342, 51.80271212271419 ], [ -176.983043526782353, 51.82576910708368 ], [ -176.983684526730229, 51.83381410153811 ], [ -176.997051519591508, 51.822549109118505 ], [ -177.024425505320124, 51.809593117683534 ], [ -177.040283497242456, 51.807710118777067 ], [ -177.034495499802858, 51.796713126419306 ], [ -177.036080498508028, 51.781809136656079 ], [ -177.02832750217533, 51.774312141914265 ], [ -177.027624502289513, 51.767057146915839 ], [ -177.036352497195224, 51.746289161095561 ], [ -177.034091497888539, 51.732745170443884 ], [ -177.046846490801244, 51.712946183904478 ], [ -177.059723483796944, 51.697374194455286 ], [ -177.06527248093812, 51.695505195671146 ], [ -177.067565479523779, 51.687584201091816 ], [ -177.079986472829319, 51.674239210116653 ], [ -177.097990463404727, 51.663336217392256 ], [ -177.126860448541123, 51.653378223884708 ], [ -177.163024430304148, 51.652765223863177 ], [ -177.183655419780735, 51.6485912264842 ], [ -177.22863839661315, 51.632041237329481 ], [ -177.281098370063091, 51.627620239752609 ], [ -177.304354358450979, 51.630900237226165 ], [ -177.317630351918638, 51.63605023353027 ], [ -177.350285335442862, 51.635049233845223 ], [ -177.372289324550991, 51.641579229103911 ], [ -177.402981309921017, 51.67038920893954 ], [ -177.419931301151507, 51.662506214174563 ], [ -177.452034284342147, 51.64020922916059 ], [ -177.480997269527791, 51.632166234378651 ], [ -177.512858253474064, 51.631928234200103 ], [ -177.538647240633509, 51.637374230179745 ], [ -177.541384239358536, 51.641180227532523 ], [ -177.553785233073171, 51.639780228365119 ], [ -177.562725228114374, 51.622930239863067 ], [ -177.58115721857348, 51.613270246316155 ], [ -177.602429207697242, 51.607012250401162 ], [ -177.657687179662446, 51.598672255576197 ], [ -177.699665158625322, 51.602321252648068 ], [ -177.727714144722682, 51.610972246421937 ], [ -177.750270133782607, 51.62771823468303 ], [ -177.751950133176678, 51.637363228031447 ], [ -177.783403117588307, 51.64786722050345 ], [ -177.810395103626263, 51.633055230438586 ], [ -177.824905096268282, 51.63106323167311 ], [ -177.81869609909856, 51.61874924020259 ], [ -177.817870099016318, 51.598118254402671 ], [ -177.820493097366068, 51.584430263793763 ], [ -177.830533091968846, 51.570054273588575 ], [ -177.843810085015718, 51.558563281369132 ], [ -177.860045076673714, 51.551100286352622 ], [ -177.878265067329153, 51.543332291528863 ], [ -177.89935505665278, 51.540226293474213 ], [ -177.928258042158859, 51.541903292062329 ], [ -177.971293020754786, 51.552400284464298 ], [ -178.002116005573242, 51.566952274188985 ], [ -178.010818001390163, 51.575830268007834 ], [ -178.026902993260279, 51.574196268995117 ], [ -178.050708981404171, 51.57991726485956 ], [ -178.083428965259259, 51.595131254122592 ], [ -178.090227962018389, 51.603751248136874 ], [ -178.131774941224705, 51.60991524355962 ], [ -178.18936891269496, 51.633681226754298 ], [ -178.195565909726668, 51.641402221393982 ], [ -178.203197906277524, 51.661332207622017 ], [ -178.205976905235332, 51.679347195204492 ], [ -178.20371990663682, 51.692516186159857 ], [ -178.192248912652758, 51.703856178444937 ], [ -178.192339912948995, 51.72085516674565 ], [ -178.184526917123321, 51.732209158992404 ], [ -178.16447692754906, 51.746890149045541 ], [ -178.132047944159467, 51.757863141751258 ], [ -178.160298930317282, 51.778899127046706 ], [ -178.233491893770832, 51.801901110645183 ], [ -178.272468874467052, 51.82312609574042 ], [ -178.297650862145957, 51.845237080331707 ], [ -178.307052857636791, 51.858445071169101 ], [ -178.309480856646871, 51.871067062460625 ] ] ], [ [ [ -178.431181788332424, 51.489127324435316 ], [ -178.422942792816258, 51.509004310820792 ], [ -178.405150801993329, 51.522388301736626 ], [ -178.39007380969332, 51.529171297174898 ], [ -178.359982824973372, 51.537483291667485 ], [ -178.332762838678661, 51.538393291234541 ], [ -178.322131843968265, 51.535330293417516 ], [ -178.310607849859991, 51.5405312899234 ], [ -178.2789618658027, 51.541991289150545 ], [ -178.238616885857965, 51.529900297767881 ], [ -178.213428898125045, 51.509735311828067 ], [ -178.208918900381633, 51.509232312208574 ], [ -178.187623910545085, 51.482235330938849 ], [ -178.187825910252627, 51.47264033753536 ], [ -178.190967908353571, 51.456457348638899 ], [ -178.198412904363664, 51.443661357379845 ], [ -178.218127894232794, 51.431498365591523 ], [ -178.248645878762602, 51.423179371080465 ], [ -178.278948863500148, 51.419880373123469 ], [ -178.30433985079182, 51.421351371926441 ], [ -178.331820837180288, 51.430821365217454 ], [ -178.354082825990702, 51.429687365839243 ], [ -178.387409809396274, 51.43681836070369 ], [ -178.415704795521179, 51.455420347719141 ], [ -178.430875788269987, 51.476592333057631 ], [ -178.431181788332424, 51.489127324435316 ] ] ], [ [ [ -178.957281527375386, 51.780807120792652 ], [ -178.939554536967194, 51.833613084517694 ], [ -178.915324549532841, 51.858090067775933 ], [ -178.890361562365712, 51.873114057548463 ], [ -178.839363588406627, 51.888329047320404 ], [ -178.772737622137129, 51.885303049746888 ], [ -178.719111649028747, 51.865261063837544 ], [ -178.690328663379375, 51.849537074825008 ], [ -178.669724673456443, 51.825581091436156 ], [ -178.658607678806248, 51.80713810419747 ], [ -178.646648684739745, 51.79940310959185 ], [ -178.646800684525147, 51.790308115852142 ], [ -178.663490675442659, 51.747366145315183 ], [ -178.70090465609141, 51.716547166315358 ], [ -178.749400631374954, 51.700162177326341 ], [ -178.796186607667693, 51.693403181731242 ], [ -178.828019591619153, 51.694784180618356 ], [ -178.868490571405005, 51.711699168776683 ], [ -178.880364565531835, 51.721511161966035 ], [ -178.915098548178776, 51.737143151042112 ], [ -178.941743534908596, 51.753355139760181 ], [ -178.949954530839534, 51.760252134975389 ], [ -178.957281527375386, 51.780807120792652 ] ] ], [ [ [ -179.148893428329842, 51.554239275928325 ], [ -179.149873428222975, 51.595366247631183 ], [ -179.141237432707726, 51.609573237888178 ], [ -179.123995441556843, 51.626268226465321 ], [ -179.103395452038711, 51.636241219681452 ], [ -179.078278464776474, 51.643644214685501 ], [ -179.056029476018949, 51.645980213167192 ], [ -179.038785484687452, 51.643509214938035 ], [ -179.000816503700435, 51.631707223218676 ], [ -178.954606526608814, 51.598526246251225 ], [ -178.948608529499523, 51.587312253993282 ], [ -178.944168531837477, 51.596062247993487 ], [ -178.934097537012946, 51.604807242022758 ], [ -178.89076055913543, 51.628538225897231 ], [ -178.844584582524817, 51.637634219863003 ], [ -178.827524591095909, 51.635415221475085 ], [ -178.784976612327, 51.619370232732962 ], [ -178.768295620694801, 51.616621234711943 ], [ -178.752321629010993, 51.635981221476321 ], [ -178.725892642568738, 51.652669210136587 ], [ -178.660122675929131, 51.6658872014102 ], [ -178.634301688961784, 51.666492201143889 ], [ -178.592981709642316, 51.656232208449993 ], [ -178.578111717192058, 51.65949020629845 ], [ -178.559311726648986, 51.65801120743172 ], [ -178.539807736392362, 51.652344211452643 ], [ -178.504470753897266, 51.633535224618718 ], [ -178.489903761241095, 51.633674224617053 ], [ -178.470398770986549, 51.628677228182433 ], [ -178.452206780022436, 51.621010233577636 ], [ -178.436118787932514, 51.609717241454625 ], [ -178.421676794815454, 51.58729125698013 ], [ -178.426677791854758, 51.561806274477561 ], [ -178.440624784648776, 51.550871281905678 ], [ -178.456158776707042, 51.543401286940522 ], [ -178.501252753849087, 51.532724293990334 ], [ -178.517689745385894, 51.520632302202216 ], [ -178.5501937288509, 51.508492310347613 ], [ -178.574458716639896, 51.507537310854914 ], [ -178.596558705583163, 51.510840308449254 ], [ -178.636421685755494, 51.524802298609927 ], [ -178.665274671147984, 51.518018303109109 ], [ -178.673045667120618, 51.509769308738342 ], [ -178.690807658062511, 51.500750314841 ], [ -178.714796645908592, 51.493821319473092 ], [ -178.755786625241569, 51.488715322762573 ], [ -178.774831615696002, 51.490453321466539 ], [ -178.800193602891966, 51.485867324488737 ], [ -178.836422584768769, 51.492045320056455 ], [ -178.855040575526544, 51.501032313783469 ], [ -178.868895568713384, 51.513108305410199 ], [ -178.876069565092962, 51.511989306145175 ], [ -178.900273553049828, 51.522289298945402 ], [ -178.910010548261567, 51.531269292722953 ], [ -178.925606540498507, 51.538089287959458 ], [ -178.950306528383521, 51.564810269465816 ], [ -178.955182525799273, 51.55353127720285 ], [ -178.971050517636343, 51.537820287939581 ], [ -179.002362501707921, 51.521643298930819 ], [ -179.017805493901022, 51.517812301500349 ], [ -179.028517488527854, 51.519017300626658 ], [ -179.071062467035887, 51.509302307135485 ], [ -179.102529451257823, 51.513459304153123 ], [ -179.127251438924162, 51.523431297200318 ], [ -179.141108432094001, 51.538042287098641 ], [ -179.148893428329842, 51.554239275928325 ] ] ], [ [ [ -179.231086, 51.267531 ], [ -179.225686, 51.299272 ], [ -179.196482402404598, 51.329816430085032 ], [ -179.173746413909157, 51.34304042107393 ], [ -179.150246425750993, 51.35064041593364 ], [ -179.107599447146271, 51.353684413999936 ], [ -179.106725447696192, 51.365177406102291 ], [ -179.09323845471036, 51.390944388439337 ], [ -179.077551462657482, 51.399009382955697 ], [ -179.061775470760693, 51.417650370201507 ], [ -179.033912484964247, 51.438855355734177 ], [ -178.990148507130129, 51.456834343555919 ], [ -178.96942551753898, 51.457117343451856 ], [ -178.922790540836274, 51.447016350608422 ], [ -178.873163565475068, 51.424799366119522 ], [ -178.852194575815702, 51.410417376110388 ], [ -178.835223584078619, 51.390816389670825 ], [ -178.825637588586233, 51.367537405722842 ], [ -178.824020589275108, 51.358076412234958 ], [ -178.82813858691739, 51.335026428059159 ], [ -178.832806584434479, 51.32359643589249 ], [ -178.842359579550191, 51.315538441383715 ], [ -178.85648857234554, 51.304909448619874 ], [ -178.887893, 51.293851 ], [ -178.899579, 51.293379 ], [ -178.908065, 51.281803 ], [ -178.928604, 51.270441 ], [ -178.93721, 51.269342 ], [ -178.957963, 51.259125 ], [ -178.978869, 51.255247 ], [ -178.977381, 51.252972 ], [ -178.995061, 51.235096 ], [ -179.024194, 51.209831 ], [ -179.073599, 51.179041 ], [ -179.136941, 51.175092 ], [ -179.183815, 51.183776 ], [ -179.207885, 51.202723 ], [ -179.220562, 51.227988 ], [ -179.231086, 51.267531 ] ] ], [ [ [ -159.91167, 54.809288 ], [ -159.88583, 54.847189 ], [ -159.854642, 54.864402 ], [ -159.761051, 54.891324 ], [ -159.729289, 54.894163 ], [ -159.681326, 54.887434 ], [ -159.636302, 54.871797 ], [ -159.601897, 54.881887 ], [ -159.572628, 54.883734 ], [ -159.556116, 54.880262 ], [ -159.497605, 54.855459 ], [ -159.440646, 54.817541 ], [ -159.416772, 54.792197 ], [ -159.416439, 54.782003 ], [ -159.425227, 54.76 ], [ -159.442866, 54.738401 ], [ -159.469294, 54.720968 ], [ -159.502896, 54.709004 ], [ -159.547872, 54.699296 ], [ -159.566099, 54.703488 ], [ -159.600432, 54.703961 ], [ -159.624756, 54.707921 ], [ -159.652435, 54.717778 ], [ -159.66919, 54.733518 ], [ -159.688578, 54.765596 ], [ -159.74679, 54.742672 ], [ -159.765405, 54.739772 ], [ -159.8135, 54.740418 ], [ -159.835076, 54.74546 ], [ -159.855217, 54.757704 ], [ -159.899621, 54.794308 ], [ -159.91167, 54.809288 ] ] ], [ [ [ -161.194534, 55.159004 ], [ -161.192704, 55.164688 ], [ -161.175006, 55.184381 ], [ -161.148914, 55.201014 ], [ -161.128954, 55.206546 ], [ -161.109062, 55.208002 ], [ -161.062748, 55.206796 ], [ -161.043863, 55.201088 ], [ -161.019241, 55.182388 ], [ -161.007495, 55.170599 ], [ -161.005419, 55.163466 ], [ -161.008562, 55.150907 ], [ -161.019971, 55.129239 ], [ -161.05893, 55.11177 ], [ -161.095663, 55.103455 ], [ -161.132885, 55.10966 ], [ -161.166058, 55.122126 ], [ -161.188978, 55.145395 ], [ -161.194534, 55.159004 ] ] ], [ [ [ -162.81901, 54.811158 ], [ -162.806956, 54.829522 ], [ -162.76939, 54.853364 ], [ -162.743205, 54.857851 ], [ -162.725169, 54.857394 ], [ -162.692727, 54.852772 ], [ -162.67295, 54.843441 ], [ -162.650213, 54.823415 ], [ -162.637181, 54.804793 ], [ -162.644046, 54.789099 ], [ -162.677799, 54.762716 ], [ -162.70676, 54.754987 ], [ -162.740178, 54.753102 ], [ -162.783454, 54.765285 ], [ -162.802591, 54.775817 ], [ -162.817819, 54.799439 ], [ -162.81901, 54.811158 ] ] ], [ [ [ -163.013694, 54.385087 ], [ -163.008446, 54.400172 ], [ -162.99505, 54.41479 ], [ -162.959878, 54.428017 ], [ -162.965723, 54.437275 ], [ -162.964594, 54.446247 ], [ -162.949367, 54.467372 ], [ -162.93558, 54.47772 ], [ -162.940243, 54.484334 ], [ -162.944821, 54.505376 ], [ -162.93884, 54.521145 ], [ -162.924986, 54.533581 ], [ -162.906828, 54.544005 ], [ -162.880706, 54.553213 ], [ -162.860626, 54.554311 ], [ -162.824492, 54.549254 ], [ -162.799581, 54.539522 ], [ -162.770016, 54.537848 ], [ -162.733088, 54.526588 ], [ -162.722529, 54.529807 ], [ -162.691583, 54.526388 ], [ -162.663749, 54.512794 ], [ -162.635947, 54.511824 ], [ -162.610573, 54.500422 ], [ -162.600087, 54.505447 ], [ -162.582692, 54.505767 ], [ -162.545184, 54.497025 ], [ -162.507919, 54.48198 ], [ -162.505723, 54.47802 ], [ -162.47606, 54.479127 ], [ -162.44194, 54.475336 ], [ -162.422835, 54.468484 ], [ -162.411667, 54.459125 ], [ -162.395613, 54.464265 ], [ -162.354352, 54.456691 ], [ -162.277751, 54.419368 ], [ -162.248209, 54.399265 ], [ -162.241464, 54.388583 ], [ -162.238381, 54.369921 ], [ -162.250159, 54.346743 ], [ -162.262092, 54.338426 ], [ -162.282203, 54.330965 ], [ -162.337409, 54.32573 ], [ -162.358961, 54.328523 ], [ -162.404304, 54.305792 ], [ -162.429359, 54.298514 ], [ -162.462624, 54.296468 ], [ -162.477061, 54.298921 ], [ -162.492287, 54.293828 ], [ -162.526588, 54.257984 ], [ -162.546943, 54.24802 ], [ -162.563147, 54.243579 ], [ -162.591835, 54.243998 ], [ -162.623362, 54.252517 ], [ -162.630441, 54.249254 ], [ -162.652109, 54.248255 ], [ -162.659891, 54.242281 ], [ -162.700084, 54.237969 ], [ -162.726483, 54.242065 ], [ -162.746594, 54.252648 ], [ -162.768203, 54.27044 ], [ -162.77997, 54.293215 ], [ -162.798418, 54.298249 ], [ -162.81792, 54.31482 ], [ -162.850729, 54.322503 ], [ -162.875174, 54.339016 ], [ -162.890067, 54.330766 ], [ -162.921987, 54.32602 ], [ -162.952627, 54.32573 ], [ -162.983266, 54.337776 ], [ -163.004751, 54.35158 ], [ -163.013968, 54.367083 ], [ -163.013694, 54.385087 ] ] ], [ [ [ -163.270887, 55.431718 ], [ -163.259079, 55.449518 ], [ -163.252129, 55.453824 ], [ -163.267135, 55.466784 ], [ -163.2715, 55.477015 ], [ -163.267931, 55.494288 ], [ -163.259997, 55.506228 ], [ -163.232288, 55.521716 ], [ -163.173878, 55.532122 ], [ -163.156606, 55.531053 ], [ -163.136534, 55.525024 ], [ -163.101369, 55.506074 ], [ -163.094013, 55.497072 ], [ -163.076008, 55.488687 ], [ -163.033158, 55.442765 ], [ -163.027938, 55.42083 ], [ -163.034499, 55.403702 ], [ -163.049207, 55.38195 ], [ -163.070964, 55.361327 ], [ -163.106883, 55.34883 ], [ -163.153941, 55.343123 ], [ -163.196268, 55.350784 ], [ -163.235362, 55.366112 ], [ -163.247051, 55.374497 ], [ -163.262371, 55.394197 ], [ -163.271924, 55.423852 ], [ -163.270887, 55.431718 ] ] ], [ [ [ -165.961086, 53.916243 ], [ -165.955916, 53.901738 ], [ -165.938014, 53.884205 ], [ -165.92267, 53.845957 ], [ -165.930337, 53.818869 ], [ -165.97636, 53.771061 ], [ -166.002127, 53.757057 ], [ -166.027955, 53.75259 ], [ -166.035798, 53.746778 ], [ -166.046234, 53.745839 ], [ -166.064083, 53.732427 ], [ -166.081516, 53.725458 ], [ -166.089194, 53.709828 ], [ -166.098623, 53.699651 ], [ -166.124742, 53.691008 ], [ -166.131089, 53.683065 ], [ -166.148451, 53.671902 ], [ -166.174938, 53.659778 ], [ -166.21012, 53.654642 ], [ -166.221106, 53.645326 ], [ -166.271607, 53.629661 ], [ -166.295591, 53.626253 ], [ -166.319974, 53.616966 ], [ -166.344447, 53.614623 ], [ -166.360468, 53.605582 ], [ -166.378655, 53.602141 ], [ -166.522294, 53.493288 ], [ -166.542131, 53.482384 ], [ -166.581176, 53.472544 ], [ -166.580794, 53.465048 ], [ -166.589217, 53.457159 ], [ -166.70179, 53.402033 ], [ -166.741216, 53.391717 ], [ -166.760267, 53.394739 ], [ -166.788669, 53.383888 ], [ -166.803531, 53.381554 ], [ -166.820101, 53.384811 ], [ -166.882904, 53.377568 ], [ -166.927364, 53.385134 ], [ -166.955935, 53.375261 ], [ -166.989565, 53.373246 ], [ -167.016086, 53.375785 ], [ -167.036259, 53.381758 ], [ -167.055029, 53.372418 ], [ -167.072486, 53.372737 ], [ -167.090735, 53.367136 ], [ -167.106758, 53.366991 ], [ -167.219879, 53.325512 ], [ -167.219103, 53.321278 ], [ -167.225725, 53.310833 ], [ -167.255145, 53.28733 ], [ -167.287372, 53.275954 ], [ -167.328174, 53.271589 ], [ -167.364381, 53.276505 ], [ -167.386372, 53.260944 ], [ -167.396809, 53.256762 ], [ -167.404182, 53.258002 ], [ -167.406396, 53.249799 ], [ -167.448576, 53.213919 ], [ -167.522141, 53.186009 ], [ -167.592511, 53.174046 ], [ -167.669278, 53.17205 ], [ -167.76844, 53.182015 ], [ -167.829213, 53.191981 ], [ -167.870794, 53.205933 ], [ -168.01052, 53.220269 ], [ -168.02627, 53.226137 ], [ -168.044049, 53.244187 ], [ -168.068937, 53.229699 ], [ -168.132158, 53.219282 ], [ -168.136816, 53.213833 ], [ -168.15696, 53.20431 ], [ -168.15107, 53.190514 ], [ -168.15522, 53.177244 ], [ -168.169901, 53.158595 ], [ -168.216325, 53.14137 ], [ -168.251243, 53.138691 ], [ -168.257713, 53.141895 ], [ -168.272426, 53.125503 ], [ -168.281674, 53.121413 ], [ -168.291501, 53.10525 ], [ -168.302489, 53.096146 ], [ -168.320008, 53.085904 ], [ -168.333987, 53.083187 ], [ -168.322174, 53.068643 ], [ -168.320494, 53.050071 ], [ -168.329498, 53.037266 ], [ -168.340882, 53.030047 ], [ -168.319271, 53.009241 ], [ -168.312586, 52.988951 ], [ -168.314844, 52.982146 ], [ -168.325342, 52.96654 ], [ -168.337155, 52.956925 ], [ -168.353574, 52.948171 ], [ -168.373084, 52.947028 ], [ -168.376435, 52.941463 ], [ -168.402684, 52.929253 ], [ -168.430917, 52.921842 ], [ -168.455213, 52.923405 ], [ -168.476273, 52.919483 ], [ -168.522027, 52.933733 ], [ -168.544797, 52.946712 ], [ -168.557114, 52.95822 ], [ -168.564697, 52.951465 ], [ -168.585177, 52.946496 ], [ -168.592013, 52.937446 ], [ -168.604419, 52.935414 ], [ -168.602482, 52.923413 ], [ -168.609685, 52.915729 ], [ -168.648294, 52.898687 ], [ -168.675826, 52.894764 ], [ -168.673261, 52.891918 ], [ -168.676496, 52.886416 ], [ -168.689986, 52.87574 ], [ -168.743002, 52.854731 ], [ -168.76922, 52.852676 ], [ -168.82705, 52.85839 ], [ -168.849464, 52.840921 ], [ -168.875164, 52.830619 ], [ -168.90358, 52.827206 ], [ -168.951376, 52.807501 ], [ -168.977656, 52.805631 ], [ -169.006222, 52.785561 ], [ -169.030061, 52.779402 ], [ -169.066077, 52.77602 ], [ -169.079385, 52.777966 ], [ -169.081705, 52.771227 ], [ -169.140733, 52.741015 ], [ -169.188837, 52.724699 ], [ -169.228058, 52.71461 ], [ -169.267617, 52.716279 ], [ -169.291456, 52.722648 ], [ -169.310724, 52.732847 ], [ -169.319661, 52.739541 ], [ -169.326592, 52.753542 ], [ -169.326318, 52.765376 ], [ -169.320551, 52.78372 ], [ -169.312005, 52.796486 ], [ -169.294273, 52.811626 ], [ -169.263506, 52.826011 ], [ -169.188212, 52.85067 ], [ -169.22676, 52.861182 ], [ -169.243152, 52.871398 ], [ -169.255424, 52.884499 ], [ -169.259485, 52.899721 ], [ -169.258846, 52.913281 ], [ -169.254085, 52.924292 ], [ -169.23388, 52.945895 ], [ -169.197133, 52.964882 ], [ -169.129524, 52.962887 ], [ -169.109409, 52.95839 ], [ -169.09485, 52.969306 ], [ -169.065733, 52.981287 ], [ -169.023337, 52.987051 ], [ -169.000092, 52.982799 ], [ -169.003346, 52.996552 ], [ -168.999471, 53.010608 ], [ -168.992147, 53.024091 ], [ -168.965352, 53.050747 ], [ -168.952807, 53.05821 ], [ -168.928176, 53.066011 ], [ -168.90559, 53.065532 ], [ -168.872783, 53.081724 ], [ -168.8907, 53.108547 ], [ -168.890579, 53.123877 ], [ -168.8806, 53.140947 ], [ -168.883072, 53.150172 ], [ -168.859449, 53.188152 ], [ -168.832071, 53.207392 ], [ -168.819434, 53.221677 ], [ -168.806462, 53.230606 ], [ -168.781372, 53.24065 ], [ -168.739798, 53.271481 ], [ -168.717605, 53.279854 ], [ -168.699054, 53.280371 ], [ -168.689337, 53.303273 ], [ -168.66687, 53.315224 ], [ -168.504296, 53.362889 ], [ -168.488454, 53.375425 ], [ -168.477602, 53.378691 ], [ -168.486837, 53.390144 ], [ -168.49636, 53.421076 ], [ -168.476672, 53.450596 ], [ -168.456374, 53.468085 ], [ -168.42524, 53.486313 ], [ -168.415259, 53.509447 ], [ -168.396366, 53.519405 ], [ -168.364011, 53.530331 ], [ -168.35171, 53.530262 ], [ -168.334434, 53.538671 ], [ -168.318174, 53.539505 ], [ -168.309131, 53.555609 ], [ -168.284012, 53.571137 ], [ -168.250285, 53.577699 ], [ -168.185396, 53.598652 ], [ -168.162902, 53.597867 ], [ -168.151517, 53.603932 ], [ -168.080342, 53.620491 ], [ -168.062763, 53.618615 ], [ -168.04033, 53.610276 ], [ -167.992352, 53.614955 ], [ -167.948346, 53.610386 ], [ -167.925641, 53.601948 ], [ -167.901349, 53.587483 ], [ -167.885136, 53.571419 ], [ -167.875044, 53.56905 ], [ -167.804239, 53.571807 ], [ -167.762306, 53.568024 ], [ -167.7309, 53.556427 ], [ -167.718226, 53.548623 ], [ -167.698213, 53.524223 ], [ -167.695985, 53.514609 ], [ -167.701143, 53.487629 ], [ -167.710542, 53.473124 ], [ -167.730625, 53.450867 ], [ -167.761228, 53.431612 ], [ -167.752427, 53.421512 ], [ -167.727724, 53.434027 ], [ -167.648125, 53.442094 ], [ -167.60802, 53.458057 ], [ -167.581771, 53.459233 ], [ -167.555203, 53.465421 ], [ -167.55418, 53.469328 ], [ -167.542094, 53.47853 ], [ -167.50266, 53.495318 ], [ -167.48273, 53.497615 ], [ -167.444153, 53.493328 ], [ -167.42239, 53.498127 ], [ -167.411832, 53.515333 ], [ -167.392666, 53.528259 ], [ -167.360468, 53.54007 ], [ -167.341149, 53.543595 ], [ -167.296282, 53.539731 ], [ -167.23038, 53.566734 ], [ -167.23937, 53.583249 ], [ -167.247031, 53.614692 ], [ -167.244377, 53.629418 ], [ -167.233848, 53.644112 ], [ -167.215232, 53.658204 ], [ -167.155683, 53.67834 ], [ -167.15679, 53.687259 ], [ -167.153922, 53.693622 ], [ -167.138205, 53.709423 ], [ -167.164881, 53.773842 ], [ -167.218079, 53.801776 ], [ -167.234071, 53.814243 ], [ -167.233553, 53.825795 ], [ -167.243503, 53.842619 ], [ -167.242893, 53.854673 ], [ -167.230077, 53.888252 ], [ -167.212073, 53.900581 ], [ -167.176297, 53.911854 ], [ -167.17417, 53.932115 ], [ -167.160743, 53.953897 ], [ -167.14463, 53.963213 ], [ -167.106024, 53.975259 ], [ -167.095698, 53.975854 ], [ -167.091529, 53.98594 ], [ -167.076637, 53.998322 ], [ -167.053993, 54.008613 ], [ -167.024696, 54.014884 ], [ -167.009098, 54.015051 ], [ -167.001806, 54.02107 ], [ -166.988684, 54.023946 ], [ -166.936528, 54.027156 ], [ -166.910406, 54.040017 ], [ -166.880041, 54.04499 ], [ -166.820198, 54.048041 ], [ -166.814856, 54.053454 ], [ -166.785194, 54.065979 ], [ -166.755805, 54.068824 ], [ -166.511146, 54.05779 ], [ -166.354438, 54.06111 ], [ -166.305071, 54.051056 ], [ -166.287282, 54.038216 ], [ -166.286412, 54.033731 ], [ -166.261562, 54.035073 ], [ -166.243221, 54.030232 ], [ -166.225647, 54.041993 ], [ -166.208071, 54.047974 ], [ -166.180793, 54.050882 ], [ -166.140833, 54.046933 ], [ -166.140534, 54.057132 ], [ -166.17225, 54.075187 ], [ -166.182107, 54.090499 ], [ -166.199012, 54.103513 ], [ -166.20243, 54.119824 ], [ -166.199075, 54.135541 ], [ -166.192668, 54.145474 ], [ -166.184134, 54.150927 ], [ -166.183759, 54.16113 ], [ -166.173508, 54.173344 ], [ -166.17183, 54.184872 ], [ -166.165117, 54.195088 ], [ -166.137536, 54.214253 ], [ -166.120662, 54.223141 ], [ -166.068456, 54.239919 ], [ -166.06106, 54.249428 ], [ -166.033944, 54.260954 ], [ -166.002769, 54.264829 ], [ -165.987658, 54.270804 ], [ -165.93722, 54.276985 ], [ -165.908049, 54.274445 ], [ -165.888153, 54.267411 ], [ -165.836642, 54.25822 ], [ -165.789147, 54.239138 ], [ -165.769002, 54.239179 ], [ -165.767307, 54.25523 ], [ -165.743352, 54.288891 ], [ -165.725162, 54.306271 ], [ -165.69617, 54.332234 ], [ -165.68256, 54.339345 ], [ -165.65555, 54.347051 ], [ -165.624026, 54.349356 ], [ -165.594209, 54.346563 ], [ -165.578685, 54.341436 ], [ -165.542023, 54.348715 ], [ -165.498962, 54.349119 ], [ -165.462493, 54.346822 ], [ -165.431334, 54.340687 ], [ -165.406766, 54.326678 ], [ -165.389095, 54.299328 ], [ -165.386348, 54.291462 ], [ -165.388479, 54.288134 ], [ -165.358637, 54.266047 ], [ -165.345177, 54.251033 ], [ -165.263023, 54.236544 ], [ -165.241416, 54.22586 ], [ -165.232074, 54.21652 ], [ -165.232045, 54.1957 ], [ -165.242817, 54.177874 ], [ -165.258899, 54.166831 ], [ -165.279133, 54.15841 ], [ -165.319019, 54.149189 ], [ -165.320971, 54.144534 ], [ -165.271171, 54.144131 ], [ -165.243823, 54.15929 ], [ -165.203937, 54.16596 ], [ -165.186573, 54.174316 ], [ -165.150257, 54.180523 ], [ -165.066871, 54.180086 ], [ -165.063494, 54.186731 ], [ -165.031512, 54.208878 ], [ -164.97497, 54.214884 ], [ -164.966203, 54.226426 ], [ -164.911241, 54.254688 ], [ -164.805369, 54.282392 ], [ -164.758529, 54.278177 ], [ -164.729262, 54.271937 ], [ -164.708906, 54.264018 ], [ -164.687755, 54.250118 ], [ -164.680643, 54.232174 ], [ -164.682382, 54.201862 ], [ -164.692056, 54.182185 ], [ -164.714485, 54.166117 ], [ -164.753962, 54.154892 ], [ -164.762948, 54.143546 ], [ -164.776193, 54.135855 ], [ -164.817363, 54.133388 ], [ -164.82194, 54.130809 ], [ -164.831033, 54.110217 ], [ -164.83674, 54.104647 ], [ -164.841194, 54.090243 ], [ -164.846047, 54.083254 ], [ -164.865561, 54.075286 ], [ -164.868691, 54.071313 ], [ -164.867622, 54.064242 ], [ -164.881048, 54.043429 ], [ -164.922796, 54.028475 ], [ -164.964454, 54.025072 ], [ -165.027259, 54.012943 ], [ -165.05156, 54.01479 ], [ -165.08213, 54.011826 ], [ -165.15995, 54.019162 ], [ -165.184461, 54.01701 ], [ -165.197211, 54.00913 ], [ -165.221059, 54.003019 ], [ -165.269632, 53.980731 ], [ -165.302878, 53.980735 ], [ -165.357363, 54.002834 ], [ -165.380965, 54.016436 ], [ -165.403066, 54.017135 ], [ -165.413251, 54.008306 ], [ -165.468622, 53.9864 ], [ -165.519767, 53.97206 ], [ -165.563239, 53.967282 ], [ -165.606712, 53.976843 ], [ -165.632287, 53.99756 ], [ -165.647175, 54.016966 ], [ -165.657173, 54.036336 ], [ -165.702672, 54.034136 ], [ -165.717517, 54.025091 ], [ -165.750107, 54.016607 ], [ -165.788966, 54.016236 ], [ -165.828073, 53.978227 ], [ -165.886883, 53.97026 ], [ -165.961086, 53.916243 ] ] ], [ [ [ -152.466527, 58.914995 ], [ -152.464855, 58.92422 ], [ -152.45733, 58.934454 ], [ -152.437486, 58.948424 ], [ -152.4409, 58.966088 ], [ -152.43737, 58.973526 ], [ -152.414022, 58.992239 ], [ -152.393856, 58.993956 ], [ -152.352749, 59.004867 ], [ -152.32345, 59.007459 ], [ -152.272725, 59.003202 ], [ -152.245651, 58.993457 ], [ -152.188222, 59.016144 ], [ -152.145403, 59.017887 ], [ -152.12905, 59.016751 ], [ -152.083367, 59.005021 ], [ -152.058934, 59.011995 ], [ -152.019555, 59.010921 ], [ -151.995346, 59.005209 ], [ -151.964916, 58.992343 ], [ -151.937184, 58.9883 ], [ -151.867776, 58.946411 ], [ -151.85759, 58.935957 ], [ -151.851641, 58.917348 ], [ -151.860673, 58.89994 ], [ -151.883201, 58.880683 ], [ -151.912047, 58.87041 ], [ -151.936387, 58.86738 ], [ -151.951574, 58.852188 ], [ -151.964884, 58.844777 ], [ -151.981582, 58.837277 ], [ -152.017165, 58.828518 ], [ -152.036534, 58.827842 ], [ -152.066781, 58.833013 ], [ -152.108585, 58.844614 ], [ -152.134072, 58.858118 ], [ -152.195357, 58.840633 ], [ -152.249644, 58.840674 ], [ -152.275532, 58.827269 ], [ -152.314622, 58.819997 ], [ -152.360885, 58.823046 ], [ -152.383294, 58.82829 ], [ -152.401448, 58.836674 ], [ -152.413751, 58.847607 ], [ -152.425947, 58.873374 ], [ -152.452584, 58.884872 ], [ -152.460704, 58.895449 ], [ -152.466527, 58.914995 ] ] ], [ [ [ -154.933694, 57.294678 ], [ -154.926459, 57.316423 ], [ -154.910334, 57.335058 ], [ -154.915559, 57.349873 ], [ -154.888628, 57.381918 ], [ -154.815397, 57.412787 ], [ -154.816929, 57.424253 ], [ -154.790158, 57.461417 ], [ -154.765884, 57.480952 ], [ -154.752776, 57.487178 ], [ -154.745672, 57.507105 ], [ -154.722966, 57.527955 ], [ -154.703145, 57.542016 ], [ -154.671568, 57.557147 ], [ -154.625182, 57.572904 ], [ -154.616344, 57.593771 ], [ -154.606884, 57.603253 ], [ -154.589023, 57.612885 ], [ -154.572729, 57.62059 ], [ -154.510507, 57.632033 ], [ -154.480937, 57.631856 ], [ -154.439095, 57.668493 ], [ -154.407011, 57.690525 ], [ -154.32974, 57.693178 ], [ -154.266241, 57.715952 ], [ -154.240065, 57.715467 ], [ -154.128419, 57.770665 ], [ -154.105895, 57.788574 ], [ -154.003795, 57.850253 ], [ -153.978253, 57.861473 ], [ -153.968593, 57.874898 ], [ -153.943451, 57.885667 ], [ -153.941497, 57.900429 ], [ -153.932275, 57.909199 ], [ -153.917133, 57.916559 ], [ -153.870567, 57.928779 ], [ -153.824589, 57.92701 ], [ -153.786622, 57.917712 ], [ -153.744876, 57.940008 ], [ -153.634354, 57.971368 ], [ -153.554462, 58.002816 ], [ -153.480194, 58.018844 ], [ -153.496699, 58.027755 ], [ -153.504763, 58.040328 ], [ -153.506579, 58.066226 ], [ -153.500135, 58.079555 ], [ -153.470198, 58.108699 ], [ -153.431014, 58.128194 ], [ -153.406417, 58.151457 ], [ -153.367469, 58.179292 ], [ -153.314674, 58.193012 ], [ -153.288207, 58.225534 ], [ -153.271346, 58.238487 ], [ -153.200035, 58.266252 ], [ -153.185324, 58.282972 ], [ -153.123069, 58.330216 ], [ -152.922284, 58.472185 ], [ -152.900702, 58.483989 ], [ -152.880859, 58.489791 ], [ -152.861747, 58.520049 ], [ -152.846898, 58.531501 ], [ -152.819689, 58.542675 ], [ -152.775121, 58.549412 ], [ -152.773066, 58.574225 ], [ -152.767549, 58.5866 ], [ -152.734629, 58.611092 ], [ -152.732941, 58.622441 ], [ -152.719078, 58.63538 ], [ -152.698413, 58.648644 ], [ -152.61001, 58.692279 ], [ -152.574597, 58.725328 ], [ -152.545567, 58.742446 ], [ -152.497313, 58.755324 ], [ -152.473569, 58.757258 ], [ -152.43454, 58.750777 ], [ -152.409183, 58.741861 ], [ -152.392986, 58.730459 ], [ -152.38077, 58.711269 ], [ -152.384799, 58.690424 ], [ -152.342634, 58.701379 ], [ -152.312588, 58.700448 ], [ -152.247712, 58.680728 ], [ -152.21294, 58.648633 ], [ -152.21163, 58.637227 ], [ -152.18932, 58.620255 ], [ -152.18086, 58.60583 ], [ -152.179034, 58.593441 ], [ -152.182827, 58.573973 ], [ -152.153662, 58.573353 ], [ -152.113481, 58.561664 ], [ -152.092474, 58.549103 ], [ -152.065493, 58.52676 ], [ -152.060881, 58.50083 ], [ -152.067812, 58.48861 ], [ -152.079824, 58.478592 ], [ -152.116252, 58.462706 ], [ -152.144364, 58.457706 ], [ -152.181929, 58.457862 ], [ -152.18205, 58.451952 ], [ -152.103312, 58.447211 ], [ -152.071909, 58.440027 ], [ -152.051984, 58.431258 ], [ -152.024262, 58.412618 ], [ -151.962483, 58.399997 ], [ -151.932291, 58.390667 ], [ -151.895216, 58.371705 ], [ -151.854532, 58.391451 ], [ -151.823971, 58.398881 ], [ -151.794995, 58.400596 ], [ -151.750493, 58.394655 ], [ -151.728693, 58.386212 ], [ -151.712804, 58.37398 ], [ -151.704027, 58.357336 ], [ -151.702267, 58.341499 ], [ -151.707285, 58.331345 ], [ -151.736042, 58.311824 ], [ -151.755183, 58.303397 ], [ -151.725242, 58.287543 ], [ -151.696583, 58.259775 ], [ -151.690505, 58.235134 ], [ -151.701425, 58.222508 ], [ -151.698313, 58.215433 ], [ -151.706604, 58.187821 ], [ -151.734634, 58.156776 ], [ -151.76402, 58.136626 ], [ -151.782174, 58.12876 ], [ -151.841674, 58.113143 ], [ -151.861054, 58.110604 ], [ -151.884181, 58.112956 ], [ -151.933993, 58.125717 ], [ -151.945374, 58.132442 ], [ -151.966392, 58.153742 ], [ -152.033519, 58.111781 ], [ -152.055267, 58.104534 ], [ -152.260737, 58.073357 ], [ -152.292601, 58.055851 ], [ -152.31231, 58.049636 ], [ -152.344954, 58.048003 ], [ -152.382574, 58.052388 ], [ -152.404233, 58.059237 ], [ -152.453348, 58.059287 ], [ -152.474517, 58.045427 ], [ -152.458901, 58.046296 ], [ -152.414453, 58.036577 ], [ -152.380167, 58.018449 ], [ -152.358714, 58.014012 ], [ -152.333417, 58.001871 ], [ -152.311708, 57.976571 ], [ -152.297088, 57.972375 ], [ -152.281643, 57.974924 ], [ -152.265633, 57.971139 ], [ -152.235584, 57.949935 ], [ -152.220211, 57.930223 ], [ -152.228865, 57.904483 ], [ -152.255904, 57.869292 ], [ -152.255231, 57.86627 ], [ -152.226553, 57.857324 ], [ -152.18238, 57.849947 ], [ -152.161118, 57.842956 ], [ -152.137954, 57.829809 ], [ -152.121012, 57.804572 ], [ -152.07979, 57.686297 ], [ -152.046099, 57.665356 ], [ -152.034856, 57.653319 ], [ -152.031006, 57.628631 ], [ -152.053479, 57.603653 ], [ -152.051257, 57.595445 ], [ -152.056418, 57.57951 ], [ -152.063498, 57.571205 ], [ -152.096263, 57.552552 ], [ -152.125116, 57.531357 ], [ -152.152644, 57.518606 ], [ -152.222437, 57.475299 ], [ -152.216486, 57.438229 ], [ -152.182366, 57.424804 ], [ -152.156516, 57.405855 ], [ -152.159698, 57.380412 ], [ -152.186344, 57.353181 ], [ -152.227391, 57.332038 ], [ -152.258481, 57.323429 ], [ -152.314917, 57.318585 ], [ -152.337676, 57.32158 ], [ -152.383147, 57.335407 ], [ -152.395494, 57.345524 ], [ -152.402089, 57.356302 ], [ -152.402089, 57.380344 ], [ -152.415584, 57.38447 ], [ -152.526011, 57.329367 ], [ -152.537667, 57.300752 ], [ -152.642719, 57.235372 ], [ -152.676554, 57.22727 ], [ -152.701815, 57.224888 ], [ -152.835629, 57.217365 ], [ -152.798842, 57.201808 ], [ -152.785206, 57.192457 ], [ -152.779173, 57.182166 ], [ -152.774367, 57.160559 ], [ -152.77738, 57.14145 ], [ -152.792947, 57.122877 ], [ -152.834162, 57.094425 ], [ -152.876864, 57.078842 ], [ -152.904336, 57.07238 ], [ -152.938004, 57.066172 ], [ -153.001222, 57.064401 ], [ -153.098289, 57.040313 ], [ -153.104627, 57.028109 ], [ -153.111419, 57.022506 ], [ -153.110449, 57.011579 ], [ -153.121518, 57.00153 ], [ -153.146831, 56.987484 ], [ -153.169128, 56.967034 ], [ -153.205548, 56.953218 ], [ -153.238783, 56.952319 ], [ -153.274315, 56.94273 ], [ -153.32, 56.940938 ], [ -153.357708, 56.949962 ], [ -153.387966, 56.948279 ], [ -153.404529, 56.950773 ], [ -153.439189, 56.963958 ], [ -153.449095, 56.97081 ], [ -153.45905, 56.963803 ], [ -153.457681, 56.956001 ], [ -153.462845, 56.947741 ], [ -153.476856, 56.941319 ], [ -153.454616, 56.926425 ], [ -153.449427, 56.913399 ], [ -153.450947, 56.90034 ], [ -153.462565, 56.885503 ], [ -153.488701, 56.863668 ], [ -153.501321, 56.856673 ], [ -153.5231, 56.852524 ], [ -153.544543, 56.842366 ], [ -153.599585, 56.833926 ], [ -153.61518, 56.834385 ], [ -153.648649, 56.804181 ], [ -153.666038, 56.794844 ], [ -153.69455, 56.785642 ], [ -153.719091, 56.778713 ], [ -153.760419, 56.776474 ], [ -153.749654, 56.759082 ], [ -153.747553, 56.745044 ], [ -153.769789, 56.711807 ], [ -153.78354, 56.697564 ], [ -153.800432, 56.689928 ], [ -153.834947, 56.688046 ], [ -153.857415, 56.676413 ], [ -153.890075, 56.671708 ], [ -153.902636, 56.653342 ], [ -153.919919, 56.642539 ], [ -153.957047, 56.633318 ], [ -153.99976, 56.634951 ], [ -153.986319, 56.625872 ], [ -153.98212, 56.609011 ], [ -153.905133, 56.611576 ], [ -153.883365, 56.618683 ], [ -153.842106, 56.620565 ], [ -153.790896, 56.610105 ], [ -153.76494, 56.588083 ], [ -153.758232, 56.56849 ], [ -153.762432, 56.556745 ], [ -153.806605, 56.50936 ], [ -153.824715, 56.497126 ], [ -153.848849, 56.486046 ], [ -153.881208, 56.477478 ], [ -153.904671, 56.46198 ], [ -153.91908, 56.456987 ], [ -153.936276, 56.453461 ], [ -153.959641, 56.455147 ], [ -153.981001, 56.45109 ], [ -154.057878, 56.448434 ], [ -154.081452, 56.45196 ], [ -154.105404, 56.450077 ], [ -154.153344, 56.46005 ], [ -154.188188, 56.448956 ], [ -154.233608, 56.443474 ], [ -154.275042, 56.446627 ], [ -154.340563, 56.464402 ], [ -154.356012, 56.453946 ], [ -154.378345, 56.446094 ], [ -154.403176, 56.441668 ], [ -154.429877, 56.441143 ], [ -154.452603, 56.443239 ], [ -154.498209, 56.455784 ], [ -154.58199, 56.426811 ], [ -154.628878, 56.386089 ], [ -154.657101, 56.373231 ], [ -154.689036, 56.362701 ], [ -154.725732, 56.355219 ], [ -154.763299, 56.354692 ], [ -154.794933, 56.359288 ], [ -154.862939, 56.383851 ], [ -154.881702, 56.401395 ], [ -154.889024, 56.412614 ], [ -154.893089, 56.422861 ], [ -154.893847, 56.444724 ], [ -154.886688, 56.455741 ], [ -154.861383, 56.475348 ], [ -154.854569, 56.486991 ], [ -154.820897, 56.511544 ], [ -154.812367, 56.523827 ], [ -154.758106, 56.559815 ], [ -154.668697, 56.597825 ], [ -154.597483, 56.636033 ], [ -154.540498, 56.655844 ], [ -154.50752, 56.658844 ], [ -154.458939, 56.653076 ], [ -154.429981, 56.654631 ], [ -154.352106, 56.63254 ], [ -154.305381, 56.652006 ], [ -154.236672, 56.667573 ], [ -154.239296, 56.692855 ], [ -154.233596, 56.703632 ], [ -154.217826, 56.720467 ], [ -154.385524, 56.830269 ], [ -154.392761, 56.839724 ], [ -154.393198, 56.849032 ], [ -154.387719, 56.895618 ], [ -154.440058, 56.9236 ], [ -154.50244, 56.940788 ], [ -154.577483, 56.952773 ], [ -154.608606, 56.970275 ], [ -154.623967, 56.990886 ], [ -154.628536, 57.002006 ], [ -154.601128, 57.036382 ], [ -154.619782, 57.16236 ], [ -154.650276, 57.177888 ], [ -154.679763, 57.198084 ], [ -154.685766, 57.214222 ], [ -154.767085, 57.214507 ], [ -154.79861, 57.227533 ], [ -154.807025, 57.225651 ], [ -154.831099, 57.230644 ], [ -154.914026, 57.266734 ], [ -154.931222, 57.28237 ], [ -154.933694, 57.294678 ] ] ], [ [ [ -155.8368, 55.800824 ], [ -155.826107, 55.81863 ], [ -155.804761, 55.836437 ], [ -155.751457, 55.854242 ], [ -155.676765, 55.907663 ], [ -155.6341, 55.925471 ], [ -155.606884, 55.93068 ], [ -155.581139, 55.930679 ], [ -155.474353, 55.913594 ], [ -155.453119, 55.883916 ], [ -155.474505, 55.848301 ], [ -155.485224, 55.818623 ], [ -155.474669, 55.777074 ], [ -155.474751, 55.741459 ], [ -155.528092, 55.705848 ], [ -155.581366, 55.699912 ], [ -155.719822, 55.711786 ], [ -155.794349, 55.729594 ], [ -155.826241, 55.759274 ], [ -155.836841, 55.783015 ], [ -155.8368, 55.800824 ] ] ], [ [ [ -156.902033, 56.165445 ], [ -156.89677, 56.173523 ], [ -156.900164, 56.191611 ], [ -156.898003, 56.201661 ], [ -156.891165, 56.212563 ], [ -156.878042, 56.223304 ], [ -156.880713, 56.232287 ], [ -156.872228, 56.247023 ], [ -156.841994, 56.27008 ], [ -156.819982, 56.276518 ], [ -156.770234, 56.279793 ], [ -156.728907, 56.273984 ], [ -156.707394, 56.267426 ], [ -156.690626, 56.257249 ], [ -156.678005, 56.23988 ], [ -156.673253, 56.224077 ], [ -156.660096, 56.214993 ], [ -156.651112, 56.20096 ], [ -156.649388, 56.184196 ], [ -156.65377, 56.167594 ], [ -156.675867, 56.152499 ], [ -156.671961, 56.148351 ], [ -156.626815, 56.140192 ], [ -156.609848, 56.132149 ], [ -156.602294, 56.126971 ], [ -156.58933, 56.109275 ], [ -156.556048, 56.090162 ], [ -156.550152, 56.076641 ], [ -156.550293, 56.064302 ], [ -156.553427, 56.058411 ], [ -156.547417, 56.048643 ], [ -156.548042, 56.038617 ], [ -156.553324, 56.027075 ], [ -156.611958, 55.982919 ], [ -156.647785, 55.962302 ], [ -156.675427, 55.95677 ], [ -156.732163, 55.953497 ], [ -156.793074, 55.955792 ], [ -156.822209, 55.967556 ], [ -156.83339, 55.984214 ], [ -156.83209, 55.996154 ], [ -156.826412, 56.007578 ], [ -156.83812, 56.012684 ], [ -156.844914, 56.022111 ], [ -156.846528, 56.030229 ], [ -156.845373, 56.040272 ], [ -156.835352, 56.060236 ], [ -156.820083, 56.070562 ], [ -156.821064, 56.088184 ], [ -156.81717, 56.104096 ], [ -156.852863, 56.109374 ], [ -156.883602, 56.12284 ], [ -156.897385, 56.137705 ], [ -156.903153, 56.155053 ], [ -156.902033, 56.165445 ] ] ] ] } },
{ "type": "Feature", "properties": { "STUSPS": "VT", "NAME": "Vermont", "region_name": "Northeast", "division_name": "New England" }, "geometry": { "type": "Polygon", "coordinates": [ [ [ -72.041867, 44.156652 ], [ -72.038921, 44.15633 ], [ -72.042827, 44.150967 ], [ -72.041957, 44.136998 ], [ -72.033259, 44.13142 ], [ -72.037303, 44.124913 ], [ -72.045131, 44.124691 ], [ -72.053143, 44.119511 ], [ -72.05537, 44.11076 ], [ -72.052135, 44.100156 ], [ -72.04788, 44.096586 ], [ -72.04391, 44.0966 ], [ -72.039455, 44.10352 ], [ -72.031306, 44.10043 ], [ -72.03326, 44.090474 ], [ -72.045284, 44.087308 ], [ -72.031841, 44.078542 ], [ -72.052868, 44.076306 ], [ -72.048305, 44.069707 ], [ -72.057293, 44.058339 ], [ -72.068096, 44.057378 ], [ -72.068936, 44.054281 ], [ -72.061901, 44.049596 ], [ -72.07832, 44.043378 ], [ -72.074811, 44.032407 ], [ -72.081342, 44.028364 ], [ -72.082669, 44.021803 ], [ -72.091504, 44.024412 ], [ -72.095426, 44.021757 ], [ -72.090527, 44.009924 ], [ -72.093488, 44.009443 ], [ -72.096937, 44.015035 ], [ -72.102765, 44.014578 ], [ -72.105771, 44.012281 ], [ -72.104123, 44.002371 ], [ -72.116987, 43.994207 ], [ -72.112043, 43.985952 ], [ -72.114378, 43.968054 ], [ -72.106, 43.970022 ], [ -72.09094, 43.96578 ], [ -72.100675, 43.963004 ], [ -72.098996, 43.957564 ], [ -72.10574, 43.949829 ], [ -72.118345, 43.946532 ], [ -72.116911, 43.933844 ], [ -72.120451, 43.919555 ], [ -72.150527, 43.902099 ], [ -72.159728, 43.887664 ], [ -72.172103, 43.884986 ], [ -72.173584, 43.879615 ], [ -72.167907, 43.869109 ], [ -72.184616, 43.864143 ], [ -72.188034, 43.855155 ], [ -72.18309, 43.84468 ], [ -72.182449, 43.834121 ], [ -72.18895, 43.82119 ], [ -72.184051, 43.806404 ], [ -72.196182, 43.790917 ], [ -72.205536, 43.784584 ], [ -72.20523, 43.77093 ], [ -72.218537, 43.765465 ], [ -72.234178, 43.745965 ], [ -72.264467, 43.733895 ], [ -72.271105, 43.733918 ], [ -72.299701, 43.706109 ], [ -72.305133, 43.695321 ], [ -72.306018, 43.683351 ], [ -72.301425, 43.67576 ], [ -72.303149, 43.668619 ], [ -72.313633, 43.656938 ], [ -72.314694, 43.641858 ], [ -72.329136, 43.63553 ], [ -72.327381, 43.630663 ], [ -72.334827, 43.617952 ], [ -72.333195, 43.610285 ], [ -72.328419, 43.607058 ], [ -72.328327, 43.601114 ], [ -72.379827, 43.574168 ], [ -72.380147, 43.564974 ], [ -72.382986, 43.563418 ], [ -72.380697, 43.540355 ], [ -72.387655, 43.529635 ], [ -72.394109, 43.527537 ], [ -72.396092, 43.523416 ], [ -72.398187, 43.51042 ], [ -72.385106, 43.500698 ], [ -72.379995, 43.490032 ], [ -72.382543, 43.47591 ], [ -72.392569, 43.466884 ], [ -72.390371, 43.450909 ], [ -72.395816, 43.43749 ], [ -72.403509, 43.391583 ], [ -72.413397, 43.383481 ], [ -72.416037, 43.376454 ], [ -72.412649, 43.362279 ], [ -72.403082, 43.357747 ], [ -72.389868, 43.356572 ], [ -72.410559, 43.331121 ], [ -72.395315, 43.312696 ], [ -72.402792, 43.302442 ], [ -72.408891, 43.281967 ], [ -72.416037, 43.270231 ], [ -72.421561, 43.263373 ], [ -72.436454, 43.256949 ], [ -72.438773, 43.251959 ], [ -72.439475, 43.244139 ], [ -72.434165, 43.231909 ], [ -72.441047, 43.218192 ], [ -72.438224, 43.202918 ], [ -72.450508, 43.192611 ], [ -72.443931, 43.179778 ], [ -72.452781, 43.172767 ], [ -72.45211, 43.153228 ], [ -72.457405, 43.147537 ], [ -72.452095, 43.13858 ], [ -72.440803, 43.136627 ], [ -72.442298, 43.129303 ], [ -72.432822, 43.120232 ], [ -72.433478, 43.110588 ], [ -72.443214, 43.10276 ], [ -72.433982, 43.08445 ], [ -72.444343, 43.071618 ], [ -72.467842, 43.05275 ], [ -72.46038, 43.041383 ], [ -72.462623, 43.025788 ], [ -72.458076, 43.018304 ], [ -72.443259, 43.007577 ], [ -72.449409, 43.000322 ], [ -72.458702, 43.000863 ], [ -72.462516, 42.997445 ], [ -72.465416, 42.989633 ], [ -72.4617, 42.982871 ], [ -72.473717, 42.972124 ], [ -72.481636, 42.973955 ], [ -72.49218, 42.967676 ], [ -72.518365, 42.963137 ], [ -72.533808, 42.952585 ], [ -72.534189, 42.948847 ], [ -72.526941, 42.941378 ], [ -72.524499, 42.915148 ], [ -72.530359, 42.911074 ], [ -72.53338, 42.895312 ], [ -72.552622, 42.885043 ], [ -72.557124, 42.853236 ], [ -72.547358, 42.839549 ], [ -72.541513, 42.807094 ], [ -72.508737, 42.779522 ], [ -72.509286, 42.775013 ], [ -72.516473, 42.769123 ], [ -72.515466, 42.765629 ], [ -72.50837, 42.764401 ], [ -72.499581, 42.768811 ], [ -72.497704, 42.773365 ], [ -72.490547, 42.772747 ], [ -72.476952, 42.760769 ], [ -72.473366, 42.746235 ], [ -72.458412, 42.726933 ], [ -73.276421, 42.746019 ], [ -73.290944, 42.80192 ], [ -73.283695, 42.813856 ], [ -73.287063, 42.82014 ], [ -73.285388, 42.834093 ], [ -73.278673, 42.83341 ], [ -73.278306, 42.837558 ], [ -73.256475, 43.260093 ], [ -73.247698, 43.523174 ], [ -73.241892, 43.529419 ], [ -73.241579, 43.53496 ], [ -73.250133, 43.543429 ], [ -73.247815, 43.545055 ], [ -73.250408, 43.550426 ], [ -73.248641, 43.553858 ], [ -73.25449, 43.555596 ], [ -73.252602, 43.556852 ], [ -73.258631, 43.56495 ], [ -73.268988, 43.569929 ], [ -73.267932, 43.57225 ], [ -73.280858, 43.573578 ], [ -73.284912, 43.579272 ], [ -73.295292, 43.576782 ], [ -73.297324, 43.579373 ], [ -73.292109, 43.584544 ], [ -73.296944, 43.587314 ], [ -73.291019, 43.599235 ], [ -73.29802, 43.610028 ], [ -73.302772, 43.609777 ], [ -73.300378, 43.617803 ], [ -73.302553, 43.625709 ], [ -73.30644, 43.628333 ], [ -73.311173, 43.624092 ], [ -73.31785, 43.628499 ], [ -73.327702, 43.625914 ], [ -73.334187, 43.627994 ], [ -73.340068, 43.624647 ], [ -73.34451, 43.626277 ], [ -73.348753, 43.621458 ], [ -73.35427, 43.62619 ], [ -73.37189, 43.62449 ], [ -73.36984, 43.619392 ], [ -73.376386, 43.608824 ], [ -73.372469, 43.604848 ], [ -73.37737, 43.598398 ], [ -73.38349, 43.597366 ], [ -73.382138, 43.591824 ], [ -73.386901, 43.59077 ], [ -73.382465, 43.586578 ], [ -73.385251, 43.583263 ], [ -73.383285, 43.5772 ], [ -73.395768, 43.568087 ], [ -73.428637, 43.583994 ], [ -73.431229, 43.588285 ], [ -73.421616, 43.603023 ], [ -73.423709, 43.612357 ], [ -73.417669, 43.621687 ], [ -73.428419, 43.635453 ], [ -73.426463, 43.642599 ], [ -73.415513, 43.652451 ], [ -73.404127, 43.68134 ], [ -73.404739, 43.690214 ], [ -73.395517, 43.696831 ], [ -73.385883, 43.711337 ], [ -73.370612, 43.725329 ], [ -73.369944, 43.743855 ], [ -73.350762, 43.771387 ], [ -73.358154, 43.786475 ], [ -73.376793, 43.799158 ], [ -73.380722, 43.810819 ], [ -73.392517, 43.82134 ], [ -73.388192, 43.832655 ], [ -73.376663, 43.839434 ], [ -73.372589, 43.845354 ], [ -73.382309, 43.856058 ], [ -73.374162, 43.876241 ], [ -73.383694, 43.891284 ], [ -73.396179, 43.903264 ], [ -73.408554, 43.931894 ], [ -73.405736, 43.955932 ], [ -73.41251, 43.982216 ], [ -73.406009, 44.011417 ], [ -73.407645, 44.021111 ], [ -73.412512, 44.028346 ], [ -73.422882, 44.032548 ], [ -73.437905, 44.045125 ], [ -73.429718, 44.078586 ], [ -73.411512, 44.111952 ], [ -73.416138, 44.132355 ], [ -73.403045, 44.144984 ], [ -73.395813, 44.166266 ], [ -73.397171, 44.173838 ], [ -73.389824, 44.181757 ], [ -73.390625, 44.191068 ], [ -73.362266, 44.208518 ], [ -73.350479, 44.229893 ], [ -73.342835, 44.234446 ], [ -73.343376, 44.23819 ], [ -73.330375, 44.244312 ], [ -73.323715, 44.24416 ], [ -73.312741, 44.265411 ], [ -73.31221, 44.280069 ], [ -73.324195, 44.310033 ], [ -73.324021, 44.333835 ], [ -73.334648, 44.356879 ], [ -73.33495, 44.36444 ], [ -73.333613, 44.3723 ], [ -73.31504, 44.388526 ], [ -73.293627, 44.438903 ], [ -73.300125, 44.454711 ], [ -73.299161, 44.47291 ], [ -73.306713, 44.500335 ], [ -73.320846, 44.51363 ], [ -73.322039, 44.525286 ], [ -73.329746, 44.529565 ], [ -73.331608, 44.53592 ], [ -73.339006, 44.543301 ], [ -73.338752, 44.548046 ], [ -73.356789, 44.557919 ], [ -73.37495, 44.575817 ], [ -73.375667, 44.582038 ], [ -73.381849, 44.589316 ], [ -73.376849, 44.599599 ], [ -73.382932, 44.612184 ], [ -73.390231, 44.618354 ], [ -73.386497, 44.626925 ], [ -73.386783, 44.63637 ], [ -73.37856, 44.641476 ], [ -73.384483, 44.646683 ], [ -73.378317, 44.652165 ], [ -73.379073, 44.656772 ], [ -73.374577, 44.66189 ], [ -73.369668, 44.663478 ], [ -73.372719, 44.668739 ], [ -73.371843, 44.676957 ], [ -73.367209, 44.678514 ], [ -73.370142, 44.684855 ], [ -73.361308, 44.694524 ], [ -73.365977, 44.697559 ], [ -73.365562, 44.741786 ], [ -73.354361, 44.755296 ], [ -73.347085, 44.77298 ], [ -73.335713, 44.782086 ], [ -73.333154, 44.788759 ], [ -73.335044, 44.804109 ], [ -73.379452, 44.83801 ], [ -73.38159, 44.849354 ], [ -73.379822, 44.857038 ], [ -73.369104, 44.866681 ], [ -73.356218, 44.904492 ], [ -73.338979, 44.917681 ], [ -73.338244, 44.964751 ], [ -73.350218, 44.976222 ], [ -73.354633, 44.987352 ], [ -73.343178, 45.010713 ], [ -72.846985, 45.016658 ], [ -72.63466, 45.014691 ], [ -72.555384, 45.008023 ], [ -72.450435, 45.008564 ], [ -72.311947, 45.003787 ], [ -71.46505, 45.013638 ], [ -71.476348, 45.009426 ], [ -71.480768, 45.00227 ], [ -71.488839, 45.000782 ], [ -71.508538, 45.007891 ], [ -71.530403, 44.999364 ], [ -71.537014, 44.993481 ], [ -71.533138, 44.990857 ], [ -71.538433, 44.989704 ], [ -71.541333, 44.983937 ], [ -71.536755, 44.983899 ], [ -71.537197, 44.980732 ], [ -71.521953, 44.969189 ], [ -71.52292, 44.966156 ], [ -71.517955, 44.967655 ], [ -71.523595, 44.964119 ], [ -71.516299, 44.964404 ], [ -71.515857, 44.952758 ], [ -71.519241, 44.94962 ], [ -71.51479, 44.943695 ], [ -71.517068, 44.939117 ], [ -71.522838, 44.939915 ], [ -71.516228, 44.935158 ], [ -71.513222, 44.929211 ], [ -71.515723, 44.927232 ], [ -71.50438, 44.919183 ], [ -71.499945, 44.911174 ], [ -71.493169, 44.91137 ], [ -71.496017, 44.908898 ], [ -71.49491, 44.904299 ], [ -71.500523, 44.904713 ], [ -71.507372, 44.899489 ], [ -71.513883, 44.894311 ], [ -71.510669, 44.89043 ], [ -71.516085, 44.884523 ], [ -71.528372, 44.877712 ], [ -71.532911, 44.870222 ], [ -71.549451, 44.862084 ], [ -71.547452, 44.855398 ], [ -71.555794, 44.848567 ], [ -71.551114, 44.836965 ], [ -71.557254, 44.833873 ], [ -71.561836, 44.823625 ], [ -71.573151, 44.820823 ], [ -71.576865, 44.815197 ], [ -71.568384, 44.80704 ], [ -71.5728, 44.799206 ], [ -71.572817, 44.790871 ], [ -71.579182, 44.784936 ], [ -71.592486, 44.782669 ], [ -71.595099, 44.775405 ], [ -71.611355, 44.765329 ], [ -71.616669, 44.756299 ], [ -71.63202, 44.752059 ], [ -71.625092, 44.743361 ], [ -71.626093, 44.728543 ], [ -71.617107, 44.728712 ], [ -71.618644, 44.722193 ], [ -71.599392, 44.705315 ], [ -71.60077, 44.699017 ], [ -71.593861, 44.696415 ], [ -71.597937, 44.692222 ], [ -71.593959, 44.683425 ], [ -71.596615, 44.678088 ], [ -71.581463, 44.673204 ], [ -71.587877, 44.669932 ], [ -71.584933, 44.664054 ], [ -71.587365, 44.659715 ], [ -71.582722, 44.655891 ], [ -71.575215, 44.65583 ], [ -71.575259, 44.653102 ], [ -71.580071, 44.652099 ], [ -71.577081, 44.650686 ], [ -71.562806, 44.652356 ], [ -71.55779, 44.64196 ], [ -71.563721, 44.637247 ], [ -71.553756, 44.630426 ], [ -71.546819, 44.629756 ], [ -71.552104, 44.627314 ], [ -71.557019, 44.629486 ], [ -71.546337, 44.622955 ], [ -71.555127, 44.625244 ], [ -71.553631, 44.606132 ], [ -71.562131, 44.601181 ], [ -71.550946, 44.60102 ], [ -71.555188, 44.593346 ], [ -71.545972, 44.59713 ], [ -71.546893, 44.590837 ], [ -71.538494, 44.59417 ], [ -71.540051, 44.588524 ], [ -71.534909, 44.587898 ], [ -71.545788, 44.577934 ], [ -71.549664, 44.578323 ], [ -71.552365, 44.584393 ], [ -71.554806, 44.579369 ], [ -71.547726, 44.571381 ], [ -71.557711, 44.570404 ], [ -71.559717, 44.563975 ], [ -71.589578, 44.565737 ], [ -71.596968, 44.559471 ], [ -71.598586, 44.554795 ], [ -71.571867, 44.537919 ], [ -71.580747, 44.524598 ], [ -71.594114, 44.521554 ], [ -71.577024, 44.502061 ], [ -71.582929, 44.502198 ], [ -71.588133, 44.506585 ], [ -71.58592, 44.49936 ], [ -71.593885, 44.501031 ], [ -71.598601, 44.486825 ], [ -71.609526, 44.4842 ], [ -71.617843, 44.485841 ], [ -71.626205, 44.474466 ], [ -71.634505, 44.475625 ], [ -71.63423, 44.478844 ], [ -71.624663, 44.481744 ], [ -71.632782, 44.483796 ], [ -71.646837, 44.473202 ], [ -71.646977, 44.469945 ], [ -71.638986, 44.464411 ], [ -71.644266, 44.46025 ], [ -71.654217, 44.458823 ], [ -71.660883, 44.439937 ], [ -71.677962, 44.435255 ], [ -71.676967, 44.426848 ], [ -71.682701, 44.42734 ], [ -71.684285, 44.423645 ], [ -71.70258, 44.413542 ], [ -71.714279, 44.409545 ], [ -71.735413, 44.410005 ], [ -71.743726, 44.401027 ], [ -71.761966, 44.407027 ], [ -71.778446, 44.399835 ], [ -71.794483, 44.399004 ], [ -71.803488, 44.39189 ], [ -71.800572, 44.384028 ], [ -71.814427, 44.381922 ], [ -71.815678, 44.375025 ], [ -71.812321, 44.371637 ], [ -71.816289, 44.367403 ], [ -71.812413, 44.357325 ], [ -71.815846, 44.354006 ], [ -71.871588, 44.33668 ], [ -71.900565, 44.347041 ], [ -71.912422, 44.348124 ], [ -71.934044, 44.336001 ], [ -71.981424, 44.337366 ], [ -71.988138, 44.330065 ], [ -72.009089, 44.322222 ], [ -72.032802, 44.32049 ], [ -72.032878, 44.302165 ], [ -72.058636, 44.286502 ], [ -72.068478, 44.270801 ], [ -72.064754, 44.267688 ], [ -72.058331, 44.270083 ], [ -72.06152, 44.261073 ], [ -72.047664, 44.238956 ], [ -72.053631, 44.225345 ], [ -72.052578, 44.21783 ], [ -72.059475, 44.21056 ], [ -72.058743, 44.20203 ], [ -72.064327, 44.197574 ], [ -72.066158, 44.190128 ], [ -72.058331, 44.181324 ], [ -72.05183, 44.1665 ], [ -72.047191, 44.161633 ], [ -72.042293, 44.162045 ], [ -72.041867, 44.156652 ] ] ] } },
{ "type": "Feature", "properties": { "STUSPS": "CT", "NAME": "Connecticut", "region_name": "Northeast", "division_name": "New England" }, "geometry": { "type": "Polygon", "coordinates": [ [ [ -72.081775, 41.26224 ], [ -72.999547, 41.087108 ], [ -73.249557, 41.025866 ], [ -73.612885, 40.950943 ], [ -73.656771, 40.984509 ], [ -73.659671, 40.987909 ], [ -73.657228, 40.990914 ], [ -73.660268, 41.000484 ], [ -73.655255, 41.012246 ], [ -73.727775, 41.100696 ], [ -73.482695, 41.212772 ], [ -73.550962, 41.295421 ], [ -73.521041, 41.619773 ], [ -73.487319, 42.049525 ], [ -73.428515, 42.050476 ], [ -73.036802, 42.039294 ], [ -72.813784, 42.036744 ], [ -72.817053, 41.997685 ], [ -72.766733, 42.003266 ], [ -72.766253, 42.007871 ], [ -72.761501, 42.009302 ], [ -72.762977, 42.013466 ], [ -72.75895, 42.015469 ], [ -72.765806, 42.019568 ], [ -72.765252, 42.022366 ], [ -72.757341, 42.020979 ], [ -72.752062, 42.029025 ], [ -72.757301, 42.033381 ], [ -72.755894, 42.036349 ], [ -72.69933, 42.036957 ], [ -72.607978, 42.031083 ], [ -72.607169, 42.025148 ], [ -72.582163, 42.024741 ], [ -72.572778, 42.030219 ], [ -72.531549, 42.034578 ], [ -71.800671, 42.023514 ], [ -71.787239, 41.656111 ], [ -71.788213, 41.621017 ], [ -71.797745, 41.416727 ], [ -71.82033, 41.419382 ], [ -71.825384, 41.414687 ], [ -71.839697, 41.412222 ], [ -71.843591, 41.405331 ], [ -71.842209, 41.39538 ], [ -71.83313, 41.387839 ], [ -71.830637, 41.378772 ], [ -71.837873, 41.360145 ], [ -71.836044, 41.353988 ], [ -71.831303, 41.351295 ], [ -71.829365, 41.342432 ], [ -71.857458, 41.320789 ], [ -71.866538, 41.319185 ], [ -71.892067, 41.330075 ], [ -71.907258, 41.304483 ], [ -71.929451, 41.310387 ], [ -71.999486, 41.295794 ], [ -72.019214, 41.290594 ], [ -72.081775, 41.26224 ] ] ] } },
{ "type": "Feature", "properties": { "STUSPS": "DE", "NAME": "Delaware", "region_name": "South", "division_name": "South Atlantic" }, "geometry": { "type": "Polygon", "coordinates": [ [ [ -75.509874, 39.693915 ], [ -75.515748, 39.666054 ], [ -75.533524, 39.647557 ], [ -75.541978, 39.645425 ], [ -75.558773, 39.629987 ], [ -75.557371, 39.609115 ], [ -75.553512, 39.601819 ], [ -75.537503, 39.593627 ], [ -75.527693, 39.584112 ], [ -75.514747, 39.580884 ], [ -75.51196, 39.56729 ], [ -75.519068, 39.555434 ], [ -75.534014, 39.540702 ], [ -75.526787, 39.53144 ], [ -75.530141, 39.505373 ], [ -75.526974, 39.499168 ], [ -75.55909, 39.495806 ], [ -75.563586, 39.483048 ], [ -75.560538, 39.455645 ], [ -75.48136, 39.387555 ], [ -75.469436, 39.373147 ], [ -75.321021, 39.251379 ], [ -75.249017, 39.158945 ], [ -75.191671, 39.079 ], [ -75.168462, 39.056179 ], [ -75.016109, 38.79053 ], [ -75.014212, 38.745036 ], [ -75.002751, 38.683274 ], [ -75.001968, 38.631683 ], [ -74.993519, 38.612501 ], [ -74.985171, 38.528171 ], [ -74.986282, 38.451632 ], [ -75.41088, 38.452297 ], [ -75.69367, 38.46008 ], [ -75.788635, 39.649568 ], [ -75.788596, 39.722199 ], [ -75.773786, 39.7222 ], [ -75.747494, 39.764238 ], [ -75.707812, 39.798633 ], [ -75.66579, 39.820284 ], [ -75.618129, 39.833965 ], [ -75.561874, 39.83951 ], [ -75.505903, 39.834814 ], [ -75.452882, 39.820225 ], [ -75.405414, 39.796396 ], [ -75.4383, 39.784402 ], [ -75.450688, 39.775064 ], [ -75.452339, 39.769013 ], [ -75.462198, 39.763197 ], [ -75.475693, 39.733658 ], [ -75.476438, 39.716199 ], [ -75.479361, 39.713706 ], [ -75.488456, 39.714659 ], [ -75.496312, 39.700956 ], [ -75.509874, 39.693915 ] ] ] } },
{ "type": "Feature", "properties": { "STUSPS": "NM", "NAME": "New Mexico", "region_name": "West", "division_name": "Mountain" }, "geometry": { "type": "Polygon", "coordinates": [ [ [ -103.064625, 32.999899 ], [ -103.06451, 32.000424 ], [ -104.750503, 32.000537 ], [ -104.754556, 32.000527 ], [ -104.754787, 31.997773 ], [ -104.772106, 31.997486 ], [ -104.84774, 32.000415 ], [ -106.082896, 32.00265 ], [ -106.618486, 32.000495 ], [ -106.619449, 31.994735 ], [ -106.631186, 31.98981 ], [ -106.639536, 31.980343 ], [ -106.630102, 31.971258 ], [ -106.619569, 31.971577 ], [ -106.619371, 31.964777 ], [ -106.624298, 31.961056 ], [ -106.625123, 31.95453 ], [ -106.614375, 31.955991 ], [ -106.614321, 31.951615 ], [ -106.623659, 31.94551 ], [ -106.622529, 31.934863 ], [ -106.629742, 31.926567 ], [ -106.628654, 31.923608 ], [ -106.623932, 31.925334 ], [ -106.612865, 31.920372 ], [ -106.633667, 31.909793 ], [ -106.645478, 31.898669 ], [ -106.645295, 31.894858 ], [ -106.629191, 31.883699 ], [ -106.63592, 31.866233 ], [ -106.614788, 31.846413 ], [ -106.601695, 31.84437 ], [ -106.605297, 31.82772 ], [ -106.602806, 31.825018 ], [ -106.589061, 31.822708 ], [ -106.577244, 31.810406 ], [ -106.566472, 31.813433 ], [ -106.54714, 31.807299 ], [ -106.527402, 31.790011 ], [ -106.52794, 31.78389 ], [ -108.208484, 31.783698 ], [ -108.20847, 31.333373 ], [ -109.050033, 31.332348 ], [ -109.045172, 36.998977 ], [ -106.878317, 37.000102 ], [ -106.86982, 36.992497 ], [ -105.707852, 36.995919 ], [ -105.1208, 36.995428 ], [ -105.029226, 36.992727 ], [ -103.002329, 37.00015 ], [ -103.00229, 36.500887 ], [ -103.041717, 36.50036 ], [ -103.043651, 34.003639 ], [ -103.064625, 32.999899 ] ] ] } },
{ "type": "Feature", "properties": { "STUSPS": "NC", "NAME": "North Carolina", "region_name": "South", "division_name": "South Atlantic" }, "geometry": { "type": "Polygon", "coordinates": [ [ [ -78.510897, 36.541049 ], [ -77.206536, 36.544367 ], [ -77.170545, 36.54728 ], [ -77.15292, 36.54413 ], [ -76.915977, 36.543884 ], [ -76.915899, 36.552149 ], [ -75.797497, 36.550916 ], [ -75.790558, 36.500156 ], [ -75.749635, 36.353606 ], [ -75.709078, 36.244984 ], [ -75.666246, 36.148924 ], [ -75.566047, 35.975614 ], [ -75.480501, 35.814207 ], [ -75.466237, 35.801315 ], [ -75.460815, 35.784524 ], [ -75.437617, 35.74696 ], [ -75.411353, 35.660061 ], [ -75.40039, 35.593512 ], [ -75.402422, 35.54421 ], [ -75.415089, 35.50018 ], [ -75.426135, 35.386923 ], [ -75.447751, 35.309794 ], [ -75.459334, 35.246552 ], [ -75.470859, 35.208728 ], [ -75.487685, 35.184994 ], [ -75.519213, 35.169083 ], [ -75.548003, 35.168184 ], [ -75.564713, 35.173298 ], [ -75.581108, 35.183784 ], [ -75.595369, 35.182827 ], [ -75.636215, 35.172205 ], [ -75.70737, 35.146111 ], [ -75.736214, 35.140705 ], [ -75.807724, 35.115906 ], [ -75.908588, 35.071522 ], [ -75.994744, 35.008793 ], [ -76.02443, 35.005364 ], [ -76.032596, 35.000169 ], [ -76.124626, 34.933081 ], [ -76.249632, 34.834631 ], [ -76.315731, 34.77603 ], [ -76.374638, 34.715991 ], [ -76.439001, 34.640288 ], [ -76.466338, 34.595738 ], [ -76.483183, 34.55636 ], [ -76.491991, 34.546532 ], [ -76.514867, 34.535142 ], [ -76.524378, 34.532155 ], [ -76.547874, 34.532839 ], [ -76.572066, 34.542544 ], [ -76.58372, 34.552625 ], [ -76.595485, 34.577843 ], [ -76.612344, 34.600128 ], [ -76.614722, 34.618278 ], [ -76.677227, 34.634304 ], [ -76.6928, 34.64295 ], [ -76.749655, 34.647665 ], [ -76.818937, 34.643253 ], [ -76.904628, 34.632339 ], [ -76.999666, 34.617009 ], [ -77.079208, 34.595974 ], [ -77.094311, 34.588591 ], [ -77.122999, 34.584375 ], [ -77.160576, 34.569026 ], [ -77.219176, 34.53966 ], [ -77.295077, 34.488968 ], [ -77.341271, 34.471663 ], [ -77.418832, 34.435923 ], [ -77.516162, 34.382443 ], [ -77.556732, 34.353651 ], [ -77.608589, 34.310136 ], [ -77.623579, 34.303162 ], [ -77.655829, 34.273999 ], [ -77.668453, 34.258302 ], [ -77.691093, 34.245744 ], [ -77.709288, 34.221813 ], [ -77.722953, 34.209997 ], [ -77.730756, 34.189788 ], [ -77.74742, 34.175594 ], [ -77.749702, 34.161214 ], [ -77.753791, 34.155023 ], [ -77.774966, 34.138665 ], [ -77.785555, 34.125171 ], [ -77.830206, 34.030283 ], [ -77.855252, 33.960095 ], [ -77.862169, 33.948609 ], [ -77.863534, 33.93467 ], [ -77.884519, 33.90367 ], [ -77.886109, 33.891195 ], [ -77.894246, 33.878655 ], [ -77.89897, 33.854639 ], [ -77.893686, 33.804702 ], [ -77.896659, 33.787547 ], [ -77.917505, 33.76382 ], [ -77.943061, 33.75377 ], [ -77.953848, 33.752878 ], [ -77.973245, 33.754743 ], [ -77.99971, 33.76713 ], [ -78.009027, 33.781729 ], [ -78.01286, 33.803863 ], [ -78.052895, 33.827432 ], [ -78.066581, 33.847985 ], [ -78.145353, 33.862734 ], [ -78.262335, 33.863163 ], [ -78.341208, 33.855293 ], [ -78.399002, 33.843262 ], [ -78.499301, 33.812852 ], [ -78.625215, 33.92311 ], [ -79.218204, 34.422829 ], [ -79.389846, 34.572453 ], [ -79.676494, 34.805065 ], [ -80.797484, 34.819803 ], [ -80.781921, 34.935848 ], [ -80.934739, 35.107318 ], [ -81.041496, 35.044713 ], [ -81.057672, 35.061867 ], [ -81.057079, 35.085681 ], [ -81.05038, 35.098372 ], [ -81.036716, 35.102735 ], [ -81.032854, 35.107377 ], [ -81.038009, 35.124472 ], [ -81.052074, 35.133486 ], [ -81.046332, 35.146729 ], [ -81.034264, 35.149257 ], [ -81.408382, 35.167219 ], [ -82.29108, 35.200085 ], [ -82.29416, 35.195411 ], [ -82.315077, 35.190713 ], [ -82.323753, 35.185088 ], [ -82.333679, 35.190838 ], [ -82.339023, 35.188558 ], [ -82.344416, 35.193688 ], [ -82.352397, 35.190153 ], [ -82.359644, 35.192489 ], [ -82.364513, 35.18862 ], [ -82.362292, 35.186349 ], [ -82.371234, 35.180649 ], [ -82.383134, 35.190831 ], [ -82.38307, 35.194237 ], [ -82.378119, 35.196568 ], [ -82.383927, 35.210848 ], [ -82.392082, 35.215397 ], [ -82.40012, 35.20519 ], [ -82.416527, 35.201029 ], [ -82.422623, 35.195887 ], [ -82.428282, 35.183779 ], [ -82.425889, 35.179401 ], [ -82.430804, 35.177923 ], [ -82.434609, 35.16798 ], [ -82.43987, 35.165743 ], [ -82.457317, 35.163924 ], [ -82.457925, 35.167007 ], [ -82.45178, 35.172597 ], [ -82.454968, 35.176941 ], [ -82.474945, 35.173887 ], [ -82.478161, 35.17598 ], [ -82.486327, 35.174173 ], [ -82.486999, 35.169802 ], [ -82.492188, 35.168246 ], [ -82.495476, 35.162036 ], [ -82.504199, 35.165879 ], [ -82.507683, 35.162272 ], [ -82.516925, 35.163211 ], [ -82.527382, 35.155795 ], [ -82.535911, 35.154476 ], [ -82.5368, 35.160038 ], [ -82.545886, 35.164222 ], [ -82.555641, 35.159466 ], [ -82.554067, 35.152565 ], [ -82.564225, 35.152358 ], [ -82.568596, 35.145466 ], [ -82.575462, 35.145514 ], [ -82.57853, 35.141049 ], [ -82.588523, 35.142766 ], [ -82.597832, 35.137709 ], [ -82.613095, 35.139654 ], [ -82.61486, 35.136227 ], [ -82.62369, 35.133635 ], [ -82.628756, 35.125777 ], [ -82.636145, 35.125457 ], [ -82.636491, 35.130065 ], [ -82.643348, 35.133782 ], [ -82.644861, 35.126987 ], [ -82.651943, 35.126194 ], [ -82.655708, 35.119941 ], [ -82.66689, 35.118054 ], [ -82.669238, 35.1206 ], [ -82.673563, 35.117262 ], [ -82.674878, 35.127299 ], [ -82.681747, 35.127972 ], [ -82.687278, 35.125294 ], [ -82.687738, 35.11905 ], [ -82.694536, 35.116162 ], [ -82.686765, 35.108025 ], [ -82.697634, 35.09596 ], [ -82.70007, 35.100891 ], [ -82.71576, 35.092854 ], [ -82.726733, 35.094673 ], [ -82.730313, 35.087655 ], [ -82.735283, 35.087158 ], [ -82.738916, 35.078095 ], [ -82.751357, 35.081529 ], [ -82.751113, 35.073893 ], [ -82.756511, 35.06736 ], [ -82.781731, 35.065305 ], [ -82.776228, 35.081164 ], [ -82.783172, 35.085921 ], [ -83.108613, 35.000659 ], [ -83.620051, 34.992032 ], [ -83.61995, 34.986669 ], [ -84.321821, 34.988408 ], [ -84.290214, 35.225432 ], [ -84.283297, 35.226459 ], [ -84.224122, 35.268985 ], [ -84.211395, 35.265621 ], [ -84.202982, 35.255291 ], [ -84.19952, 35.243854 ], [ -84.193375, 35.244779 ], [ -84.188957, 35.240217 ], [ -84.183513, 35.239996 ], [ -84.170026, 35.24646 ], [ -84.161461, 35.243523 ], [ -84.147761, 35.246864 ], [ -84.127111, 35.24077 ], [ -84.12522, 35.249871 ], [ -84.119927, 35.252049 ], [ -84.113554, 35.248981 ], [ -84.106477, 35.251491 ], [ -84.097504, 35.247598 ], [ -84.08253, 35.256288 ], [ -84.080852, 35.261252 ], [ -84.052536, 35.270189 ], [ -84.040817, 35.2796 ], [ -84.036239, 35.288418 ], [ -84.023378, 35.296308 ], [ -84.021419, 35.301401 ], [ -84.026969, 35.309672 ], [ -84.035884, 35.313215 ], [ -84.029257, 35.3331 ], [ -84.036195, 35.337658 ], [ -84.034001, 35.343276 ], [ -84.038881, 35.348208 ], [ -84.038083, 35.35118 ], [ -84.023334, 35.354312 ], [ -84.007394, 35.371649 ], [ -84.011396, 35.384601 ], [ -84.008222, 35.390574 ], [ -84.018712, 35.399996 ], [ -84.023425, 35.411581 ], [ -84.014441, 35.412349 ], [ -84.00128, 35.423391 ], [ -83.997955, 35.430732 ], [ -83.999593, 35.433893 ], [ -83.994712, 35.43518 ], [ -83.992004, 35.440523 ], [ -83.984433, 35.44015 ], [ -83.979757, 35.44826 ], [ -83.972655, 35.447298 ], [ -83.971855, 35.454849 ], [ -83.964624, 35.454112 ], [ -83.96108, 35.464138 ], [ -83.949649, 35.460941 ], [ -83.936723, 35.471553 ], [ -83.911875, 35.476068 ], [ -83.905781, 35.488689 ], [ -83.900365, 35.493031 ], [ -83.901466, 35.496552 ], [ -83.889927, 35.504663 ], [ -83.880215, 35.518842 ], [ -83.857181, 35.521573 ], [ -83.849144, 35.518632 ], [ -83.820467, 35.525652 ], [ -83.802804, 35.541487 ], [ -83.780182, 35.550634 ], [ -83.771889, 35.56139 ], [ -83.754992, 35.564615 ], [ -83.747158, 35.560308 ], [ -83.736137, 35.565521 ], [ -83.722772, 35.562296 ], [ -83.69561, 35.570322 ], [ -83.687697, 35.568197 ], [ -83.656014, 35.570013 ], [ -83.64013, 35.566165 ], [ -83.633862, 35.570672 ], [ -83.629313, 35.568171 ], [ -83.618571, 35.572254 ], [ -83.608336, 35.580015 ], [ -83.596117, 35.574999 ], [ -83.584374, 35.562698 ], [ -83.564979, 35.566091 ], [ -83.498544, 35.562888 ], [ -83.485357, 35.568471 ], [ -83.479072, 35.583218 ], [ -83.456589, 35.597194 ], [ -83.445676, 35.611747 ], [ -83.422038, 35.611049 ], [ -83.396147, 35.622866 ], [ -83.388726, 35.633622 ], [ -83.378087, 35.634562 ], [ -83.371828, 35.639163 ], [ -83.367797, 35.637841 ], [ -83.358273, 35.646998 ], [ -83.350816, 35.660542 ], [ -83.334656, 35.665662 ], [ -83.321616, 35.663054 ], [ -83.312076, 35.654612 ], [ -83.298244, 35.657255 ], [ -83.293545, 35.661879 ], [ -83.290305, 35.673498 ], [ -83.274467, 35.679076 ], [ -83.27068, 35.686827 ], [ -83.259291, 35.690371 ], [ -83.254325, 35.695445 ], [ -83.25743, 35.70512 ], [ -83.251568, 35.708974 ], [ -83.255356, 35.715244 ], [ -83.251507, 35.719752 ], [ -83.243249, 35.72252 ], [ -83.240827, 35.726856 ], [ -83.214196, 35.724113 ], [ -83.197742, 35.725253 ], [ -83.185906, 35.730097 ], [ -83.177792, 35.744383 ], [ -83.170285, 35.74603 ], [ -83.16479, 35.753988 ], [ -83.164971, 35.75968 ], [ -83.159585, 35.764651 ], [ -83.120608, 35.766431 ], [ -83.118239, 35.769784 ], [ -83.09784, 35.775794 ], [ -83.08513, 35.785932 ], [ -83.074336, 35.790148 ], [ -83.063747, 35.786914 ], [ -83.052821, 35.789705 ], [ -83.043062, 35.785407 ], [ -83.036042, 35.787504 ], [ -83.020348, 35.780402 ], [ -83.016025, 35.782049 ], [ -83.005988, 35.778496 ], [ -83.001164, 35.773719 ], [ -82.99211, 35.773915 ], [ -82.970878, 35.788999 ], [ -82.961754, 35.790959 ], [ -82.961811, 35.800366 ], [ -82.945847, 35.824378 ], [ -82.936035, 35.825517 ], [ -82.93407, 35.836662 ], [ -82.916343, 35.841663 ], [ -82.921034, 35.850945 ], [ -82.918213, 35.859272 ], [ -82.921432, 35.863105 ], [ -82.920831, 35.868178 ], [ -82.906555, 35.87018 ], [ -82.896232, 35.879152 ], [ -82.906825, 35.883908 ], [ -82.901043, 35.892791 ], [ -82.908109, 35.904204 ], [ -82.908032, 35.911314 ], [ -82.914387, 35.91515 ], [ -82.911624, 35.916808 ], [ -82.913535, 35.924261 ], [ -82.919241, 35.925892 ], [ -82.919835, 35.928886 ], [ -82.90182, 35.92696 ], [ -82.898886, 35.929876 ], [ -82.901784, 35.937852 ], [ -82.898182, 35.94523 ], [ -82.874293, 35.95283 ], [ -82.860647, 35.947479 ], [ -82.851733, 35.949344 ], [ -82.846037, 35.946169 ], [ -82.838638, 35.937271 ], [ -82.828098, 35.932413 ], [ -82.821948, 35.92183 ], [ -82.805085, 35.927137 ], [ -82.802675, 35.929571 ], [ -82.806168, 35.937758 ], [ -82.78756, 35.952013 ], [ -82.785043, 35.962483 ], [ -82.775086, 35.971829 ], [ -82.78569, 35.977841 ], [ -82.785276, 35.988539 ], [ -82.779214, 35.992289 ], [ -82.775758, 36.001051 ], [ -82.750221, 36.005981 ], [ -82.750787, 36.008871 ], [ -82.739117, 36.014979 ], [ -82.71647, 36.02241 ], [ -82.715141, 36.028642 ], [ -82.689586, 36.038157 ], [ -82.684073, 36.045795 ], [ -82.670562, 36.052976 ], [ -82.651533, 36.057368 ], [ -82.63723, 36.06582 ], [ -82.632608, 36.065911 ], [ -82.618242, 36.05624 ], [ -82.618384, 36.046916 ], [ -82.608659, 36.044411 ], [ -82.601659, 36.036054 ], [ -82.590786, 36.03364 ], [ -82.602923, 36.023371 ], [ -82.602839, 36.017756 ], [ -82.607761, 36.015754 ], [ -82.609445, 36.011038 ], [ -82.606876, 36.01043 ], [ -82.614928, 36.002046 ], [ -82.612897, 35.993606 ], [ -82.607128, 35.99236 ], [ -82.604413, 35.987463 ], [ -82.610939, 35.97438 ], [ -82.610703, 35.967203 ], [ -82.580462, 35.965248 ], [ -82.576169, 35.95872 ], [ -82.557988, 35.953873 ], [ -82.549686, 35.964049 ], [ -82.530693, 35.972226 ], [ -82.525031, 35.971055 ], [ -82.517077, 35.975825 ], [ -82.505184, 35.977547 ], [ -82.503324, 35.982158 ], [ -82.48417, 35.993301 ], [ -82.481591, 35.998029 ], [ -82.47594, 35.998221 ], [ -82.460583, 36.007724 ], [ -82.409798, 36.083019 ], [ -82.389218, 36.097097 ], [ -82.380475, 36.099347 ], [ -82.375217, 36.105862 ], [ -82.364541, 36.107516 ], [ -82.352761, 36.116452 ], [ -82.336139, 36.114673 ], [ -82.28982, 36.135596 ], [ -82.280012, 36.129094 ], [ -82.266777, 36.127001 ], [ -82.254328, 36.136058 ], [ -82.251072, 36.132051 ], [ -82.245097, 36.131249 ], [ -82.241883, 36.137125 ], [ -82.229537, 36.144588 ], [ -82.222145, 36.156922 ], [ -82.213207, 36.159057 ], [ -82.201733, 36.156384 ], [ -82.192746, 36.149038 ], [ -82.187583, 36.150995 ], [ -82.183626, 36.143911 ], [ -82.177217, 36.142373 ], [ -82.172934, 36.1465 ], [ -82.16565, 36.144972 ], [ -82.148581, 36.149859 ], [ -82.140991, 36.138675 ], [ -82.136776, 36.1281 ], [ -82.137856, 36.11951 ], [ -82.129198, 36.1041 ], [ -82.105418, 36.107837 ], [ -82.081079, 36.10317 ], [ -82.080028, 36.106433 ], [ -82.061869, 36.113062 ], [ -82.054141, 36.126663 ], [ -82.033839, 36.120475 ], [ -81.908167, 36.301966 ], [ -81.87952, 36.313789 ], [ -81.854988, 36.337211 ], [ -81.833049, 36.347332 ], [ -81.810276, 36.35185 ], [ -81.793085, 36.362408 ], [ -81.78973, 36.348328 ], [ -81.778889, 36.348566 ], [ -81.764954, 36.338722 ], [ -81.745733, 36.337592 ], [ -81.736029, 36.342972 ], [ -81.718494, 36.336122 ], [ -81.707475, 36.335225 ], [ -81.706112, 36.343724 ], [ -81.721521, 36.351304 ], [ -81.726066, 36.368785 ], [ -81.73466, 36.379442 ], [ -81.729498, 36.385439 ], [ -81.728815, 36.39155 ], [ -81.731958, 36.394929 ], [ -81.739368, 36.395591 ], [ -81.741929, 36.411249 ], [ -81.734518, 36.412497 ], [ -81.720727, 36.422651 ], [ -81.717847, 36.429857 ], [ -81.721317, 36.4339 ], [ -81.714803, 36.437227 ], [ -81.717826, 36.445023 ], [ -81.713787, 36.447173 ], [ -81.716797, 36.456669 ], [ -81.695029, 36.467458 ], [ -81.697924, 36.488949 ], [ -81.695949, 36.491619 ], [ -81.700254, 36.498457 ], [ -81.697091, 36.50592 ], [ -81.70297, 36.521141 ], [ -81.708098, 36.524114 ], [ -81.708075, 36.535687 ], [ -81.699795, 36.536727 ], [ -81.693361, 36.550999 ], [ -81.690221, 36.551686 ], [ -81.691286, 36.567716 ], [ -81.677047, 36.570755 ], [ -81.679214, 36.578668 ], [ -81.676979, 36.581124 ], [ -81.68012, 36.58562 ], [ -81.67749, 36.588137 ], [ -81.600455, 36.586948 ], [ -81.443047, 36.576832 ], [ -81.176933, 36.571885 ], [ -80.837771, 36.559138 ], [ -80.704601, 36.562302 ], [ -80.294085, 36.544038 ], [ -78.510897, 36.541049 ] ] ] } },
{ "type": "Feature", "properties": { "STUSPS": "WI", "NAME": "Wisconsin", "region_name": "Midwest", "division_name": "East North Central" }, "geometry": { "type": "Polygon", "coordinates": [ [ [ -90.120572, 46.337039 ], [ -89.091638, 46.138447 ], [ -88.850822, 46.040312 ], [ -88.839091, 46.029976 ], [ -88.819084, 46.026314 ], [ -88.816026, 46.020586 ], [ -88.79646, 46.023606 ], [ -88.80067, 46.030036 ], [ -88.796497, 46.033658 ], [ -88.789292, 46.028455 ], [ -88.784998, 46.032587 ], [ -88.778739, 46.03169 ], [ -88.78394, 46.023844 ], [ -88.780156, 46.015395 ], [ -88.769801, 46.018944 ], [ -88.770621, 46.025561 ], [ -88.758968, 46.019633 ], [ -88.73898, 46.027459 ], [ -88.721261, 46.022221 ], [ -88.722217, 46.01753 ], [ -88.718314, 46.013182 ], [ -88.712977, 46.012718 ], [ -88.712078, 46.016346 ], [ -88.703711, 46.018293 ], [ -88.678868, 46.013595 ], [ -88.671215, 46.004859 ], [ -88.671006, 45.998832 ], [ -88.663483, 45.992702 ], [ -88.670827, 45.988547 ], [ -88.647602, 45.988641 ], [ -88.638546, 45.985061 ], [ -88.633938, 45.988169 ], [ -88.615957, 45.987896 ], [ -88.613004, 45.990977 ], [ -88.615968, 45.993539 ], [ -88.611849, 45.99839 ], [ -88.612712, 46.004462 ], [ -88.607311, 46.007621 ], [ -88.601178, 46.01777 ], [ -88.593548, 46.01477 ], [ -88.58827, 46.005098 ], [ -88.565663, 46.015679 ], [ -88.549151, 46.012884 ], [ -88.539432, 46.01447 ], [ -88.532522, 46.018371 ], [ -88.533686, 46.02115 ], [ -88.514692, 46.020019 ], [ -88.506364, 46.01761 ], [ -88.506551, 46.011303 ], [ -88.500885, 46.000604 ], [ -88.496852, 45.999234 ], [ -88.497978, 45.995794 ], [ -88.489355, 45.991367 ], [ -88.475206, 45.993129 ], [ -88.474583, 45.998953 ], [ -88.470772, 46.000998 ], [ -88.458672, 45.999514 ], [ -88.454109, 45.997529 ], [ -88.454235, 45.993476 ], [ -88.450037, 45.990112 ], [ -88.434762, 45.98834 ], [ -88.416381, 45.975092 ], [ -88.40991, 45.97967 ], [ -88.388644, 45.982623 ], [ -88.384842, 45.990449 ], [ -88.380503, 45.991765 ], [ -88.345417, 45.973985 ], [ -88.342036, 45.968984 ], [ -88.330278, 45.965835 ], [ -88.327876, 45.958915 ], [ -88.330172, 45.956632 ], [ -88.327276, 45.954957 ], [ -88.320244, 45.960084 ], [ -88.320308, 45.963657 ], [ -88.293849, 45.950941 ], [ -88.285314, 45.955262 ], [ -88.269307, 45.956272 ], [ -88.25498, 45.963512 ], [ -88.246894, 45.963532 ], [ -88.244833, 45.952864 ], [ -88.237106, 45.948278 ], [ -88.222523, 45.948466 ], [ -88.209904, 45.944221 ], [ -88.201947, 45.94563 ], [ -88.202232, 45.949766 ], [ -88.19776, 45.953019 ], [ -88.192058, 45.952651 ], [ -88.178041, 45.947093 ], [ -88.170089, 45.939492 ], [ -88.163858, 45.938381 ], [ -88.161761, 45.940741 ], [ -88.147651, 45.937427 ], [ -88.14125, 45.930844 ], [ -88.126808, 45.925994 ], [ -88.126654, 45.921791 ], [ -88.102461, 45.921546 ], [ -88.094927, 45.915323 ], [ -88.106624, 45.902213 ], [ -88.101264, 45.882282 ], [ -88.08182, 45.880201 ], [ -88.069763, 45.872938 ], [ -88.075838, 45.86963 ], [ -88.074828, 45.864905 ], [ -88.082465, 45.864961 ], [ -88.105196, 45.842413 ], [ -88.134517, 45.822457 ], [ -88.136033, 45.818091 ], [ -88.130129, 45.809708 ], [ -88.107608, 45.80304 ], [ -88.103213, 45.791255 ], [ -88.094754, 45.785755 ], [ -88.079976, 45.785124 ], [ -88.072167, 45.780085 ], [ -88.04996, 45.781193 ], [ -88.040937, 45.784265 ], [ -88.039728, 45.789626 ], [ -87.991447, 45.795393 ], [ -87.98087, 45.776977 ], [ -87.989656, 45.772025 ], [ -87.96697, 45.764021 ], [ -87.963452, 45.75822 ], [ -87.945478, 45.756687 ], [ -87.929127, 45.760368 ], [ -87.911336, 45.756539 ], [ -87.90666, 45.759524 ], [ -87.898363, 45.752503 ], [ -87.876898, 45.754379 ], [ -87.862211, 45.745018 ], [ -87.86432, 45.737139 ], [ -87.85548, 45.726943 ], [ -87.837345, 45.716918 ], [ -87.810144, 45.71023 ], [ -87.805081, 45.704974 ], [ -87.809075, 45.699717 ], [ -87.782226, 45.683053 ], [ -87.781623, 45.67328 ], [ -87.824191, 45.662044 ], [ -87.824392, 45.64771 ], [ -87.810195, 45.638732 ], [ -87.79588, 45.618846 ], [ -87.780845, 45.614599 ], [ -87.774682, 45.602024 ], [ -87.777199, 45.588498 ], [ -87.786766, 45.582828 ], [ -87.788798, 45.565947 ], [ -87.792372, 45.563055 ], [ -87.806104, 45.562863 ], [ -87.829348, 45.568777 ], [ -87.83369, 45.561556 ], [ -87.808366, 45.544662 ], [ -87.80339, 45.538272 ], [ -87.802241, 45.513059 ], [ -87.798794, 45.506287 ], [ -87.793215, 45.505028 ], [ -87.792769, 45.499967 ], [ -87.798173, 45.493666 ], [ -87.79896, 45.485147 ], [ -87.806891, 45.479092 ], [ -87.805773, 45.473139 ], [ -87.812976, 45.46416 ], [ -87.831217, 45.457185 ], [ -87.835562, 45.451102 ], [ -87.844804, 45.448406 ], [ -87.861697, 45.434473 ], [ -87.860432, 45.423504 ], [ -87.850533, 45.411685 ], [ -87.849322, 45.403872 ], [ -87.859131, 45.398967 ], [ -87.85683, 45.393106 ], [ -87.859418, 45.388227 ], [ -87.875424, 45.379373 ], [ -87.871485, 45.371546 ], [ -87.884855, 45.362792 ], [ -87.888052, 45.354697 ], [ -87.881114, 45.351278 ], [ -87.870367, 45.356267 ], [ -87.875845, 45.365017 ], [ -87.869167, 45.366049 ], [ -87.863489, 45.35302 ], [ -87.850418, 45.347492 ], [ -87.850133, 45.340435 ], [ -87.838141, 45.345101 ], [ -87.832612, 45.352249 ], [ -87.790322, 45.353451 ], [ -87.783076, 45.349725 ], [ -87.754104, 45.349442 ], [ -87.750928, 45.355037 ], [ -87.738823, 45.356851 ], [ -87.718891, 45.377462 ], [ -87.693956, 45.389893 ], [ -87.675017, 45.382454 ], [ -87.673513, 45.376946 ], [ -87.65735, 45.368754 ], [ -87.656447, 45.358413 ], [ -87.647729, 45.350721 ], [ -87.648126, 45.339396 ], [ -87.661603, 45.327608 ], [ -87.661711, 45.320736 ], [ -87.671889, 45.308106 ], [ -87.687499, 45.298055 ], [ -87.698248, 45.281512 ], [ -87.69878, 45.26942 ], [ -87.71045, 45.259324 ], [ -87.707758, 45.258637 ], [ -87.711315, 45.252396 ], [ -87.711339, 45.239965 ], [ -87.718264, 45.238333 ], [ -87.724992, 45.23214 ], [ -87.721354, 45.226847 ], [ -87.726952, 45.218949 ], [ -87.726198, 45.209391 ], [ -87.736339, 45.204653 ], [ -87.74181, 45.197469 ], [ -87.73521, 45.177642 ], [ -87.736104, 45.172244 ], [ -87.709539, 45.15869 ], [ -87.703492, 45.152206 ], [ -87.683902, 45.144135 ], [ -87.675816, 45.135059 ], [ -87.678209, 45.130084 ], [ -87.661296, 45.112566 ], [ -87.659952, 45.107512 ], [ -87.631535, 45.106224 ], [ -87.59188, 45.094689 ], [ -87.585388, 45.096925 ], [ -87.442508, 45.076434 ], [ -87.405694, 45.201969 ], [ -87.315422, 45.240657 ], [ -87.17117, 45.35254 ], [ -87.101133, 45.44423 ], [ -86.754236, 45.44361 ], [ -86.249548, 45.236125 ], [ -86.433128, 45.124991 ], [ -86.49993, 45.0808 ], [ -86.686288, 44.881002 ], [ -86.855184, 44.500339 ], [ -86.847694, 44.500339 ], [ -87.00008, 44.154821 ], [ -87.000073, 44.163236 ], [ -87.013234, 44.131905 ], [ -87.046249, 44.0 ], [ -87.048847, 44.0 ], [ -87.114102, 43.734111 ], [ -87.125079, 43.670445 ], [ -87.147166, 43.379859 ], [ -87.108397, 43.12501 ], [ -87.019935, 42.493498 ], [ -87.793371, 42.49172 ], [ -88.138878, 42.495604 ], [ -88.628997, 42.495045 ], [ -88.77659, 42.491913 ], [ -89.66982, 42.505044 ], [ -90.642843, 42.508481 ], [ -90.635829, 42.517928 ], [ -90.644687, 42.541317 ], [ -90.654127, 42.5499 ], [ -90.661527, 42.567999 ], [ -90.677935, 42.580031 ], [ -90.686975, 42.591774 ], [ -90.693999, 42.614509 ], [ -90.702671, 42.630756 ], [ -90.709204, 42.636078 ], [ -90.769495, 42.651443 ], [ -90.88743, 42.67247 ], [ -90.921155, 42.685406 ], [ -90.937045, 42.683399 ], [ -90.94921, 42.685569 ], [ -90.977735, 42.696816 ], [ -91.000128, 42.716189 ], [ -91.026786, 42.724228 ], [ -91.035418, 42.73734 ], [ -91.053733, 42.738238 ], [ -91.056297, 42.747341 ], [ -91.065783, 42.753387 ], [ -91.060261, 42.761847 ], [ -91.069549, 42.769628 ], [ -91.078097, 42.806526 ], [ -91.078665, 42.827678 ], [ -91.09406, 42.830813 ], [ -91.091402, 42.84986 ], [ -91.097656, 42.859871 ], [ -91.100565, 42.883078 ], [ -91.117411, 42.895837 ], [ -91.144794, 42.905997 ], [ -91.144315, 42.926592 ], [ -91.14988, 42.941955 ], [ -91.145935, 42.96077 ], [ -91.156562, 42.978226 ], [ -91.15749, 42.991475 ], [ -91.174692, 43.038713 ], [ -91.179457, 43.067427 ], [ -91.175193, 43.103771 ], [ -91.177932, 43.128875 ], [ -91.175253, 43.134665 ], [ -91.1562, 43.142945 ], [ -91.1462, 43.152405 ], [ -91.138649, 43.169993 ], [ -91.124428, 43.187886 ], [ -91.12217, 43.197255 ], [ -91.066398, 43.239293 ], [ -91.057918, 43.255366 ], [ -91.05975, 43.259074 ], [ -91.072649, 43.262129 ], [ -91.07371, 43.274746 ], [ -91.085652, 43.29187 ], [ -91.107237, 43.313645 ], [ -91.137343, 43.329757 ], [ -91.181115, 43.345926 ], [ -91.203964, 43.349852 ], [ -91.21477, 43.365874 ], [ -91.206072, 43.374976 ], [ -91.19767, 43.395334 ], [ -91.203144, 43.419805 ], [ -91.22875, 43.445537 ], [ -91.233367, 43.455168 ], [ -91.216035, 43.481142 ], [ -91.217353, 43.512474 ], [ -91.232941, 43.523967 ], [ -91.243183, 43.540309 ], [ -91.243214, 43.550722 ], [ -91.232812, 43.564842 ], [ -91.231865, 43.581822 ], [ -91.261631, 43.606175 ], [ -91.268748, 43.615348 ], [ -91.268457, 43.627352 ], [ -91.262397, 43.64176 ], [ -91.263856, 43.647662 ], [ -91.271749, 43.654929 ], [ -91.273252, 43.666623 ], [ -91.267792, 43.695652 ], [ -91.268455, 43.709824 ], [ -91.255932, 43.729849 ], [ -91.255431, 43.744876 ], [ -91.244135, 43.774667 ], [ -91.262433, 43.79217 ], [ -91.272037, 43.813766 ], [ -91.277695, 43.837741 ], [ -91.284138, 43.847065 ], [ -91.310991, 43.867381 ], [ -91.31531, 43.881808 ], [ -91.320605, 43.888491 ], [ -91.338141, 43.897664 ], [ -91.347741, 43.911964 ], [ -91.357425, 43.917231 ], [ -91.366642, 43.937463 ], [ -91.385798, 43.954241 ], [ -91.406011, 43.963929 ], [ -91.424134, 43.982631 ], [ -91.431203, 43.995445 ], [ -91.439265, 44.000988 ], [ -91.463515, 44.009041 ], [ -91.48087, 44.008145 ], [ -91.507121, 44.01898 ], [ -91.580019, 44.026925 ], [ -91.59207, 44.031372 ], [ -91.610487, 44.04931 ], [ -91.627896, 44.055805 ], [ -91.63814, 44.063295 ], [ -91.647873, 44.064109 ], [ -91.659511, 44.074203 ], [ -91.667006, 44.086964 ], [ -91.68153, 44.0974 ], [ -91.69531, 44.09857 ], [ -91.707491, 44.103906 ], [ -91.710597, 44.12048 ], [ -91.721552, 44.130342 ], [ -91.751747, 44.134786 ], [ -91.774486, 44.147539 ], [ -91.808064, 44.159262 ], [ -91.817302, 44.164235 ], [ -91.829167, 44.17835 ], [ -91.875158, 44.200575 ], [ -91.877429, 44.212921 ], [ -91.892698, 44.231105 ], [ -91.88704, 44.251772 ], [ -91.896008, 44.262871 ], [ -91.896388, 44.27469 ], [ -91.905789, 44.281614 ], [ -91.920282, 44.286496 ], [ -91.924613, 44.291815 ], [ -91.924102, 44.297095 ], [ -91.913574, 44.310392 ], [ -91.918625, 44.322671 ], [ -91.92559, 44.333548 ], [ -91.941311, 44.340978 ], [ -91.966809, 44.363986 ], [ -92.038147, 44.388731 ], [ -92.056486, 44.402729 ], [ -92.078605, 44.404869 ], [ -92.112308, 44.414332 ], [ -92.124513, 44.422115 ], [ -92.195378, 44.433792 ], [ -92.230856, 44.444496 ], [ -92.244884, 44.456842 ], [ -92.273979, 44.471882 ], [ -92.291005, 44.485464 ], [ -92.302215, 44.500298 ], [ -92.303046, 44.518646 ], [ -92.314071, 44.538014 ], [ -92.322341, 44.546779 ], [ -92.336114, 44.554004 ], [ -92.361518, 44.558935 ], [ -92.391545, 44.557643 ], [ -92.415675, 44.560506 ], [ -92.438626, 44.552639 ], [ -92.458896, 44.562745 ], [ -92.480986, 44.568449 ], [ -92.493717, 44.566052 ], [ -92.519218, 44.575275 ], [ -92.541016, 44.567127 ], [ -92.548889, 44.568252 ], [ -92.551567, 44.572215 ], [ -92.549827, 44.581098 ], [ -92.568946, 44.603372 ], [ -92.577156, 44.605037 ], [ -92.586216, 44.600088 ], [ -92.590488, 44.605944 ], [ -92.601608, 44.612038 ], [ -92.614713, 44.611658 ], [ -92.621642, 44.614929 ], [ -92.623566, 44.62064 ], [ -92.620215, 44.634194 ], [ -92.632021, 44.649187 ], [ -92.660988, 44.6609 ], [ -92.69432, 44.688615 ], [ -92.732043, 44.714345 ], [ -92.792336, 44.739362 ], [ -92.808242, 44.751083 ], [ -92.804445, 44.77076 ], [ -92.785622, 44.791887 ], [ -92.780754, 44.8123 ], [ -92.765932, 44.835631 ], [ -92.769501, 44.862001 ], [ -92.763411, 44.87414 ], [ -92.773946, 44.889997 ], [ -92.774571, 44.898084 ], [ -92.758701, 44.908979 ], [ -92.750645, 44.937299 ], [ -92.754603, 44.955767 ], [ -92.769445, 44.97215 ], [ -92.771231, 45.001378 ], [ -92.76206, 45.02432 ], [ -92.770362, 45.033803 ], [ -92.795586, 45.049244 ], [ -92.803124, 45.061566 ], [ -92.801522, 45.068623 ], [ -92.792657, 45.078762 ], [ -92.746749, 45.107051 ], [ -92.739583, 45.115598 ], [ -92.745703, 45.123128 ], [ -92.752196, 45.142495 ], [ -92.749055, 45.148666 ], [ -92.752404, 45.173916 ], [ -92.766808, 45.185466 ], [ -92.763908, 45.204866 ], [ -92.754005, 45.212769 ], [ -92.751708, 45.218666 ], [ -92.757456, 45.230526 ], [ -92.760264, 45.251717 ], [ -92.75192, 45.265877 ], [ -92.760612, 45.278828 ], [ -92.762004, 45.288213 ], [ -92.737121, 45.300459 ], [ -92.704794, 45.326526 ], [ -92.698967, 45.336374 ], [ -92.704054, 45.35366 ], [ -92.702723, 45.358468 ], [ -92.679187, 45.37271 ], [ -92.676963, 45.380144 ], [ -92.664104, 45.393308 ], [ -92.650284, 45.398769 ], [ -92.646676, 45.413227 ], [ -92.650269, 45.419168 ], [ -92.646505, 45.440338 ], [ -92.653549, 45.455346 ], [ -92.680234, 45.464344 ], [ -92.712863, 45.504849 ], [ -92.726677, 45.514462 ], [ -92.728023, 45.525652 ], [ -92.724762, 45.538617 ], [ -92.745591, 45.553016 ], [ -92.773412, 45.568235 ], [ -92.823309, 45.560934 ], [ -92.846447, 45.566515 ], [ -92.871082, 45.567581 ], [ -92.883749, 45.575483 ], [ -92.883277, 45.589831 ], [ -92.886442, 45.598679 ], [ -92.882529, 45.610216 ], [ -92.888035, 45.624959 ], [ -92.886857, 45.635723 ], [ -92.889433, 45.641202 ], [ -92.878932, 45.665606 ], [ -92.875488, 45.689014 ], [ -92.870145, 45.696757 ], [ -92.869193, 45.717568 ], [ -92.809837, 45.744172 ], [ -92.784617, 45.764199 ], [ -92.776482, 45.790004 ], [ -92.757815, 45.806574 ], [ -92.765146, 45.830183 ], [ -92.739991, 45.846283 ], [ -92.736117, 45.859129 ], [ -92.73822, 45.862031 ], [ -92.722209, 45.883001 ], [ -92.707702, 45.894901 ], [ -92.677352, 45.905818 ], [ -92.676167, 45.912072 ], [ -92.656125, 45.924442 ], [ -92.63912, 45.924558 ], [ -92.638824, 45.934166 ], [ -92.614314, 45.934529 ], [ -92.60246, 45.940815 ], [ -92.551933, 45.951651 ], [ -92.549806, 45.967986 ], [ -92.525186, 45.983862 ], [ -92.469765, 45.973569 ], [ -92.461584, 45.978894 ], [ -92.464512, 45.985038 ], [ -92.453373, 45.992913 ], [ -92.442259, 46.016177 ], [ -92.428555, 46.024241 ], [ -92.411896, 46.027478 ], [ -92.372717, 46.014198 ], [ -92.35176, 46.015685 ], [ -92.349281, 46.023624 ], [ -92.343745, 46.028525 ], [ -92.343459, 46.04299 ], [ -92.332912, 46.062697 ], [ -92.319329, 46.069289 ], [ -92.294033, 46.074377 ], [ -92.292192, 46.666042 ], [ -92.287392, 46.667343 ], [ -92.286192, 46.660342 ], [ -92.274392, 46.657441 ], [ -92.270592, 46.650741 ], [ -92.265993, 46.651041 ], [ -92.256592, 46.658741 ], [ -92.242493, 46.649241 ], [ -92.228492, 46.652941 ], [ -92.216392, 46.649841 ], [ -92.207092, 46.651941 ], [ -92.201592, 46.656641 ], [ -92.204092, 46.666941 ], [ -92.175875, 46.686466 ], [ -92.176259, 46.690473 ], [ -92.182999, 46.695652 ], [ -92.205192, 46.698341 ], [ -92.204691, 46.704041 ], [ -92.197391, 46.707641 ], [ -92.189091, 46.717541 ], [ -92.167291, 46.719941 ], [ -92.14869, 46.71514 ], [ -92.141522, 46.725285 ], [ -92.14329, 46.73464 ], [ -92.13789, 46.73954 ], [ -92.11659, 46.74864 ], [ -92.089493, 46.749237 ], [ -92.033989, 46.708939 ], [ -92.020294, 46.704041 ], [ -91.981341, 46.723091 ], [ -91.500181, 46.91332 ], [ -90.65466, 47.309822 ], [ -89.957102, 47.291103 ], [ -90.000145, 47.214969 ], [ -90.418392, 46.566099 ], [ -90.415044, 46.557673 ], [ -90.40803, 46.554839 ], [ -90.395538, 46.535946 ], [ -90.392216, 46.536048 ], [ -90.395153, 46.534227 ], [ -90.393262, 46.532433 ], [ -90.377889, 46.535546 ], [ -90.368229, 46.541132 ], [ -90.350684, 46.540325 ], [ -90.345507, 46.545438 ], [ -90.346806, 46.54935 ], [ -90.339404, 46.549288 ], [ -90.343533, 46.552455 ], [ -90.33223, 46.553432 ], [ -90.327379, 46.551409 ], [ -90.326731, 46.546071 ], [ -90.315477, 46.544697 ], [ -90.31616, 46.540504 ], [ -90.309441, 46.537285 ], [ -90.317835, 46.521523 ], [ -90.316554, 46.516896 ], [ -90.295322, 46.51851 ], [ -90.294589, 46.52166 ], [ -90.284464, 46.518715 ], [ -90.27694, 46.524447 ], [ -90.271796, 46.519265 ], [ -90.277623, 46.51481 ], [ -90.270441, 46.511683 ], [ -90.272551, 46.504512 ], [ -90.266567, 46.507855 ], [ -90.261548, 46.502562 ], [ -90.231236, 46.509893 ], [ -90.230918, 46.501529 ], [ -90.216637, 46.501637 ], [ -90.204212, 46.478309 ], [ -90.193148, 46.472316 ], [ -90.192657, 46.468576 ], [ -90.188834, 46.468919 ], [ -90.193614, 46.463379 ], [ -90.190792, 46.459816 ], [ -90.178325, 46.457408 ], [ -90.17835, 46.440465 ], [ -90.16742, 46.441705 ], [ -90.160559, 46.422889 ], [ -90.157298, 46.421122 ], [ -90.158369, 46.409454 ], [ -90.153642, 46.407001 ], [ -90.153168, 46.401217 ], [ -90.146667, 46.399013 ], [ -90.144352, 46.390048 ], [ -90.132177, 46.38112 ], [ -90.133986, 46.371789 ], [ -90.118703, 46.359345 ], [ -90.116852, 46.350651 ], [ -90.123651, 46.346265 ], [ -90.117984, 46.341505 ], [ -90.120572, 46.337039 ] ] ] } },
{ "type": "Feature", "properties": { "STUSPS": "OR", "NAME": "Oregon", "region_name": "West", "division_name": "Pacific" }, "geometry": { "type": "Polygon", "coordinates": [ [ [ -121.462795, 45.701282 ], [ -121.40174, 45.692893 ], [ -121.372573, 45.703033 ], [ -121.337712, 45.704839 ], [ -121.312296, 45.699839 ], [ -121.287296, 45.686867 ], [ -121.215768, 45.671228 ], [ -121.200351, 45.649839 ], [ -121.195184, 45.629561 ], [ -121.196459, 45.61661 ], [ -121.183684, 45.60645 ], [ -121.145583, 45.607945 ], [ -121.139386, 45.612045 ], [ -121.131833, 45.609753 ], [ -121.117177, 45.618201 ], [ -121.12011, 45.623165 ], [ -121.084863, 45.647932 ], [ -121.06446, 45.652491 ], [ -121.00737, 45.653197 ], [ -120.983494, 45.648358 ], [ -120.953115, 45.656742 ], [ -120.944018, 45.656392 ], [ -120.913608, 45.639992 ], [ -120.895822, 45.642923 ], [ -120.855415, 45.671729 ], [ -120.788574, 45.686424 ], [ -120.689535, 45.715727 ], [ -120.66928, 45.729883 ], [ -120.635051, 45.745711 ], [ -120.591144, 45.746509 ], [ -120.559287, 45.738315 ], [ -120.505743, 45.699949 ], [ -120.482615, 45.694407 ], [ -120.403651, 45.699444 ], [ -120.283431, 45.721165 ], [ -120.210774, 45.725915 ], [ -120.170603, 45.76198 ], [ -120.14148, 45.773208 ], [ -120.070236, 45.785156 ], [ -119.965772, 45.824376 ], [ -119.907245, 45.828176 ], [ -119.802705, 45.84763 ], [ -119.772854, 45.845727 ], [ -119.669974, 45.856908 ], [ -119.623628, 45.905602 ], [ -119.600543, 45.919549 ], [ -119.571602, 45.925478 ], [ -119.524519, 45.908567 ], [ -119.488083, 45.906361 ], [ -119.450398, 45.917381 ], [ -119.364498, 45.921547 ], [ -119.322574, 45.933072 ], [ -119.257072, 45.939867 ], [ -119.19552, 45.9279 ], [ -119.169191, 45.927703 ], [ -119.126322, 45.932784 ], [ -119.093294, 45.942723 ], [ -119.061497, 45.958542 ], [ -119.027215, 45.969112 ], [ -119.008651, 45.979223 ], [ -118.987258, 45.999855 ], [ -118.976291, 46.000417 ], [ -117.919176, 46.000421 ], [ -116.916071, 45.995357 ], [ -116.911469, 45.989049 ], [ -116.893606, 45.97758 ], [ -116.894906, 45.968922 ], [ -116.891298, 45.960327 ], [ -116.87598, 45.954775 ], [ -116.869655, 45.923799 ], [ -116.857254, 45.904159 ], [ -116.84355, 45.892273 ], [ -116.815918, 45.878998 ], [ -116.804903, 45.865815 ], [ -116.796459, 45.861224 ], [ -116.787792, 45.844267 ], [ -116.789066, 45.833471 ], [ -116.782139, 45.825116 ], [ -116.759789, 45.816167 ], [ -116.735779, 45.826364 ], [ -116.70975, 45.825728 ], [ -116.697192, 45.820135 ], [ -116.680818, 45.794388 ], [ -116.665268, 45.782059 ], [ -116.646342, 45.779815 ], [ -116.632032, 45.784979 ], [ -116.59421, 45.77908 ], [ -116.559444, 45.755189 ], [ -116.54724, 45.751677 ], [ -116.535698, 45.734231 ], [ -116.538201, 45.716161 ], [ -116.535396, 45.691734 ], [ -116.523961, 45.677639 ], [ -116.488818, 45.650799 ], [ -116.487734, 45.643956 ], [ -116.482495, 45.639916 ], [ -116.482806, 45.633595 ], [ -116.4721, 45.629201 ], [ -116.472877, 45.624877 ], [ -116.463504, 45.615785 ], [ -116.463635, 45.602785 ], [ -116.482163, 45.586682 ], [ -116.48297, 45.577008 ], [ -116.502756, 45.566608 ], [ -116.506967, 45.558427 ], [ -116.52074, 45.556201 ], [ -116.528319, 45.551513 ], [ -116.523439, 45.546556 ], [ -116.531727, 45.536685 ], [ -116.535482, 45.525079 ], [ -116.543837, 45.514193 ], [ -116.557463, 45.504173 ], [ -116.553089, 45.49621 ], [ -116.558807, 45.481189 ], [ -116.55483, 45.46293 ], [ -116.563973, 45.460229 ], [ -116.588195, 45.44292 ], [ -116.597447, 45.41277 ], [ -116.623385, 45.393963 ], [ -116.632344, 45.377415 ], [ -116.673793, 45.321511 ], [ -116.672163, 45.288938 ], [ -116.674493, 45.276349 ], [ -116.691388, 45.263739 ], [ -116.698765, 45.245182 ], [ -116.703697, 45.240099 ], [ -116.704111, 45.228154 ], [ -116.70975, 45.217243 ], [ -116.709536, 45.203015 ], [ -116.724205, 45.171501 ], [ -116.729607, 45.142091 ], [ -116.745535, 45.133038 ], [ -116.74686, 45.124223 ], [ -116.752839, 45.121768 ], [ -116.754643, 45.113972 ], [ -116.774847, 45.105536 ], [ -116.783537, 45.093605 ], [ -116.78371, 45.076972 ], [ -116.797329, 45.060267 ], [ -116.825133, 45.03784 ], [ -116.841314, 45.030907 ], [ -116.847944, 45.022602 ], [ -116.844625, 45.001435 ], [ -116.856754, 44.984298 ], [ -116.857982, 44.97732 ], [ -116.848574, 44.971716 ], [ -116.839744, 44.983063 ], [ -116.826271, 44.982493 ], [ -116.836449, 44.969239 ], [ -116.850984, 44.961556 ], [ -116.83199, 44.933007 ], [ -116.848893, 44.900719 ], [ -116.852427, 44.887578 ], [ -116.865338, 44.870603 ], [ -116.877136, 44.866049 ], [ -116.887748, 44.855799 ], [ -116.89862, 44.853744 ], [ -116.896249, 44.84833 ], [ -116.900146, 44.836672 ], [ -116.905772, 44.834793 ], [ -116.922099, 44.81188 ], [ -116.931099, 44.804781 ], [ -116.933799, 44.796781 ], [ -116.9307, 44.789881 ], [ -116.9347, 44.783881 ], [ -116.970902, 44.773881 ], [ -116.998903, 44.756382 ], [ -117.013802, 44.756841 ], [ -117.02, 44.751019 ], [ -117.03827, 44.748179 ], [ -117.047821, 44.741527 ], [ -117.050205, 44.732565 ], [ -117.062273, 44.727143 ], [ -117.061799, 44.706654 ], [ -117.07912, 44.692175 ], [ -117.080796, 44.673768 ], [ -117.095868, 44.664737 ], [ -117.094968, 44.652011 ], [ -117.098221, 44.640689 ], [ -117.108231, 44.62711 ], [ -117.114754, 44.624883 ], [ -117.120522, 44.614658 ], [ -117.124754, 44.583834 ], [ -117.148255, 44.564371 ], [ -117.14293, 44.557236 ], [ -117.144161, 44.545647 ], [ -117.149242, 44.536151 ], [ -117.161033, 44.525166 ], [ -117.181583, 44.52296 ], [ -117.189759, 44.513385 ], [ -117.200237, 44.492027 ], [ -117.208936, 44.485661 ], [ -117.225076, 44.482346 ], [ -117.225371, 44.475476 ], [ -117.215254, 44.452152 ], [ -117.215072, 44.427162 ], [ -117.227259, 44.405236 ], [ -117.242873, 44.395557 ], [ -117.235117, 44.373853 ], [ -117.197339, 44.347406 ], [ -117.189769, 44.336585 ], [ -117.203323, 44.313024 ], [ -117.216795, 44.308236 ], [ -117.22274, 44.298326 ], [ -117.216974, 44.288357 ], [ -117.198147, 44.273828 ], [ -117.170341, 44.258889 ], [ -117.146218, 44.258027 ], [ -117.136767, 44.260391 ], [ -117.119861, 44.278272 ], [ -117.104207, 44.279942 ], [ -117.094569, 44.270976 ], [ -117.089503, 44.258234 ], [ -117.067284, 44.24401 ], [ -117.051431, 44.228748 ], [ -117.046148, 44.230669 ], [ -117.042283, 44.242775 ], [ -117.031862, 44.248635 ], [ -116.975985, 44.242875 ], [ -116.971958, 44.235677 ], [ -116.973945, 44.225932 ], [ -116.970245, 44.220843 ], [ -116.973701, 44.208017 ], [ -116.971675, 44.197256 ], [ -116.947591, 44.191264 ], [ -116.935443, 44.193962 ], [ -116.925392, 44.191544 ], [ -116.915738, 44.183152 ], [ -116.902752, 44.179467 ], [ -116.895757, 44.171267 ], [ -116.894202, 44.162317 ], [ -116.902407, 44.145168 ], [ -116.911218, 44.139992 ], [ -116.914236, 44.127304 ], [ -116.928562, 44.115159 ], [ -116.928305, 44.107327 ], [ -116.933701, 44.100043 ], [ -116.943127, 44.094063 ], [ -116.967203, 44.090936 ], [ -116.977351, 44.085364 ], [ -116.973185, 44.049425 ], [ -116.956675, 44.044149 ], [ -116.942003, 44.034599 ], [ -116.936134, 44.02714 ], [ -116.936862, 44.010504 ], [ -116.94494, 44.002779 ], [ -116.935301, 43.988616 ], [ -116.940024, 43.984445 ], [ -116.960832, 43.982823 ], [ -116.966415, 43.977296 ], [ -116.976045, 43.975058 ], [ -116.97088, 43.968302 ], [ -116.959206, 43.96636 ], [ -116.972431, 43.957987 ], [ -116.960477, 43.955103 ], [ -116.969139, 43.938865 ], [ -116.959334, 43.929325 ], [ -116.961535, 43.918388 ], [ -116.981145, 43.913693 ], [ -116.976026, 43.895548 ], [ -116.983857, 43.880795 ], [ -116.98294, 43.86771 ], [ -117.020035, 43.858956 ], [ -117.020116, 43.853958 ], [ -117.010701, 43.849754 ], [ -117.011582, 43.841045 ], [ -117.025156, 43.841334 ], [ -117.032578, 43.830181 ], [ -117.02155, 43.819402 ], [ -117.026634, 43.80811 ], [ -117.026833, 43.73367 ], [ -117.026197, 41.99989 ], [ -118.223189, 41.997249 ], [ -118.707888, 41.992082 ], [ -119.826835, 41.997477 ], [ -120.326387, 41.992586 ], [ -120.974135, 41.992988 ], [ -122.378049, 42.009503 ], [ -122.702787, 42.004224 ], [ -123.043997, 42.003084 ], [ -123.145735, 42.008761 ], [ -123.346955, 41.999276 ], [ -123.564204, 42.000706 ], [ -123.624022, 41.99977 ], [ -123.657212, 41.995094 ], [ -123.810908, 41.995164 ], [ -124.328835, 41.998334 ], [ -124.342879, 42.006579 ], [ -124.349173, 42.016386 ], [ -124.375047, 42.02923 ], [ -124.39035, 42.050173 ], [ -124.404815, 42.059425 ], [ -124.416273, 42.074854 ], [ -124.425988, 42.117912 ], [ -124.432455, 42.131848 ], [ -124.435326, 42.149865 ], [ -124.433514, 42.164832 ], [ -124.451961, 42.187844 ], [ -124.471356, 42.203723 ], [ -124.482031, 42.2241 ], [ -124.485882, 42.247471 ], [ -124.478258, 42.278002 ], [ -124.490334, 42.290646 ], [ -124.494118, 42.301768 ], [ -124.494071, 42.325875 ], [ -124.486544, 42.338278 ], [ -124.496624, 42.352193 ], [ -124.500844, 42.374835 ], [ -124.494154, 42.396086 ], [ -124.527094, 42.405552 ], [ -124.5427, 42.415252 ], [ -124.561756, 42.438283 ], [ -124.569509, 42.454586 ], [ -124.567221, 42.477791 ], [ -124.554651, 42.494142 ], [ -124.547516, 42.499833 ], [ -124.518687, 42.511076 ], [ -124.512165, 42.524336 ], [ -124.50122, 42.535388 ], [ -124.465351, 42.553033 ], [ -124.474073, 42.562805 ], [ -124.480838, 42.581577 ], [ -124.473554, 42.614734 ], [ -124.508492, 42.619564 ], [ -124.530312, 42.63228 ], [ -124.54059, 42.644492 ], [ -124.545722, 42.657166 ], [ -124.547427, 42.6724 ], [ -124.544129, 42.683817 ], [ -124.561233, 42.692755 ], [ -124.584689, 42.719302 ], [ -124.64213, 42.716113 ], [ -124.664637, 42.720482 ], [ -124.690712, 42.738254 ], [ -124.700342, 42.752526 ], [ -124.703541, 42.770369 ], [ -124.695814, 42.791125 ], [ -124.680632, 42.804251 ], [ -124.671762, 42.825582 ], [ -124.655124, 42.84002 ], [ -124.652458, 42.850692 ], [ -124.645154, 42.861892 ], [ -124.622126, 42.877198 ], [ -124.615956, 42.892882 ], [ -124.60686, 42.903525 ], [ -124.591834, 42.914715 ], [ -124.572353, 42.922514 ], [ -124.553514, 42.95171 ], [ -124.530606, 42.99983 ], [ -124.532992, 42.99983 ], [ -124.505331, 43.067953 ], [ -124.516361, 43.102542 ], [ -124.51584, 43.12483 ], [ -124.505969, 43.143379 ], [ -124.481613, 43.15944 ], [ -124.465235, 43.200308 ], [ -124.471262, 43.219514 ], [ -124.470326, 43.245496 ], [ -124.465006, 43.257466 ], [ -124.455498, 43.268233 ], [ -124.474849, 43.288566 ], [ -124.478002, 43.303459 ], [ -124.476948, 43.329371 ], [ -124.461424, 43.350117 ], [ -124.446699, 43.358157 ], [ -124.441075, 43.372884 ], [ -124.425643, 43.385886 ], [ -124.380274, 43.402846 ], [ -124.343836, 43.465012 ], [ -124.328714, 43.499835 ], [ -124.296769, 43.585958 ], [ -124.280333, 43.648394 ], [ -124.284926, 43.659874 ], [ -124.285296, 43.672726 ], [ -124.279635, 43.687146 ], [ -124.265705, 43.701558 ], [ -124.239694, 43.811055 ], [ -124.215152, 43.953775 ], [ -124.207893, 44.002133 ], [ -124.212541, 44.014122 ], [ -124.212721, 44.024567 ], [ -124.205172, 44.040636 ], [ -124.195377, 44.097462 ], [ -124.19932, 44.111254 ], [ -124.200984, 44.139524 ], [ -124.189008, 44.164223 ], [ -124.186756, 44.176481 ], [ -124.188235, 44.191528 ], [ -124.182832, 44.230952 ], [ -124.186793, 44.244658 ], [ -124.184317, 44.257984 ], [ -124.188113, 44.270973 ], [ -124.187649, 44.288559 ], [ -124.16352, 44.374841 ], [ -124.157014, 44.421594 ], [ -124.153428, 44.465036 ], [ -124.163914, 44.488405 ], [ -124.164557, 44.49984 ], [ -124.159672, 44.52341 ], [ -124.146088, 44.54022 ], [ -124.142662, 44.563269 ], [ -124.134313, 44.583182 ], [ -124.148393, 44.598345 ], [ -124.152328, 44.609343 ], [ -124.149078, 44.624838 ], [ -124.13744, 44.641002 ], [ -124.152005, 44.663203 ], [ -124.153962, 44.675332 ], [ -124.151041, 44.690323 ], [ -124.139118, 44.710536 ], [ -124.148303, 44.740395 ], [ -124.145307, 44.757514 ], [ -124.147757, 44.773573 ], [ -124.143715, 44.803222 ], [ -124.139553, 44.811578 ], [ -124.141563, 44.833439 ], [ -124.136209, 44.849241 ], [ -124.116574, 44.866335 ], [ -124.097932, 44.929657 ], [ -124.098482, 44.945424 ], [ -124.090627, 44.965907 ], [ -124.086205, 45.002864 ], [ -124.097475, 45.027358 ], [ -124.093561, 45.054166 ], [ -124.081425, 45.085457 ], [ -124.055808, 45.124826 ], [ -124.044792, 45.165999 ], [ -124.04508, 45.179795 ], [ -124.057042, 45.19884 ], [ -124.059827, 45.215599 ], [ -124.054837, 45.230204 ], [ -124.043322, 45.245174 ], [ -124.040257, 45.268828 ], [ -124.042356, 45.282176 ], [ -124.046552, 45.293168 ], [ -124.073829, 45.317509 ], [ -124.076977, 45.341846 ], [ -124.066488, 45.366973 ], [ -124.058164, 45.376414 ], [ -124.043308, 45.384061 ], [ -124.036498, 45.413336 ], [ -124.035819, 45.422051 ], [ -124.05316, 45.435744 ], [ -124.063953, 45.451512 ], [ -124.064549, 45.467567 ], [ -124.05478, 45.4887 ], [ -124.056434, 45.502146 ], [ -124.053115, 45.514225 ], [ -124.039104, 45.530243 ], [ -124.02666, 45.537877 ], [ -124.026926, 45.546013 ], [ -124.03623, 45.563032 ], [ -124.037112, 45.571724 ], [ -124.030367, 45.592492 ], [ -124.029324, 45.612461 ], [ -124.016648, 45.632119 ], [ -124.015868, 45.660964 ], [ -124.011657, 45.676717 ], [ -124.010805, 45.708285 ], [ -124.019116, 45.712732 ], [ -124.024805, 45.720233 ], [ -124.043799, 45.727307 ], [ -124.060016, 45.739541 ], [ -124.067968, 45.750315 ], [ -124.068962, 45.772719 ], [ -124.062056, 45.789741 ], [ -124.054118, 45.79753 ], [ -124.055646, 45.816486 ], [ -124.051392, 45.826845 ], [ -124.037704, 45.841614 ], [ -124.041995, 45.848553 ], [ -124.043353, 45.887086 ], [ -124.080158, 45.908264 ], [ -124.090571, 45.925752 ], [ -124.09192, 45.943455 ], [ -124.084898, 45.960137 ], [ -124.070819, 45.973939 ], [ -124.039544, 45.985938 ], [ -124.008125, 46.00994 ], [ -124.002783, 46.027544 ], [ -124.009796, 46.081973 ], [ -124.023064, 46.116272 ], [ -124.050658, 46.163914 ], [ -124.067313, 46.183849 ], [ -124.103742, 46.193114 ], [ -124.126264, 46.205102 ], [ -124.147029, 46.228857 ], [ -124.159546, 46.261132 ], [ -124.035951, 46.264183 ], [ -124.033551, 46.275911 ], [ -124.038867, 46.28456 ], [ -124.035599, 46.296843 ], [ -124.024877, 46.299099 ], [ -124.014875, 46.293165 ], [ -124.003616, 46.274709 ], [ -123.973346, 46.268501 ], [ -123.957619, 46.260155 ], [ -123.930477, 46.238805 ], [ -123.87263, 46.234987 ], [ -123.815136, 46.249827 ], [ -123.779365, 46.253884 ], [ -123.741449, 46.269155 ], [ -123.688115, 46.250105 ], [ -123.648775, 46.258803 ], [ -123.586954, 46.25589 ], [ -123.55048, 46.258765 ], [ -123.501246, 46.271014 ], [ -123.474844, 46.267831 ], [ -123.447592, 46.249832 ], [ -123.427629, 46.229348 ], [ -123.430987, 46.181571 ], [ -123.390404, 46.154428 ], [ -123.371433, 46.146372 ], [ -123.280166, 46.144843 ], [ -123.166416, 46.188979 ], [ -123.115904, 46.185268 ], [ -123.041297, 46.146351 ], [ -123.004233, 46.133823 ], [ -122.962681, 46.104817 ], [ -122.904119, 46.083734 ], [ -122.884478, 46.06028 ], [ -122.878091, 46.03128 ], [ -122.856158, 46.014469 ], [ -122.837638, 45.980821 ], [ -122.813999, 45.960983 ], [ -122.806187, 45.932416 ], [ -122.8115, 45.912724 ], [ -122.798091, 45.884333 ], [ -122.784964, 45.86817 ], [ -122.785696, 45.844216 ], [ -122.795963, 45.825024 ], [ -122.795605, 45.81 ], [ -122.769532, 45.780583 ], [ -122.761451, 45.759163 ], [ -122.760108, 45.734413 ], [ -122.772511, 45.699637 ], [ -122.774511, 45.680437 ], [ -122.76381, 45.657138 ], [ -122.738109, 45.644138 ], [ -122.713309, 45.637438 ], [ -122.675001, 45.618025 ], [ -122.643907, 45.609739 ], [ -122.602606, 45.607639 ], [ -122.550325, 45.597269 ], [ -122.479315, 45.579761 ], [ -122.453891, 45.567312 ], [ -122.438674, 45.563585 ], [ -122.380302, 45.575941 ], [ -122.352802, 45.569441 ], [ -122.331502, 45.548241 ], [ -122.294901, 45.543541 ], [ -122.262625, 45.544321 ], [ -122.200791, 45.565111 ], [ -122.182864, 45.576781 ], [ -122.141613, 45.584003 ], [ -122.112317, 45.581337 ], [ -122.10175, 45.583169 ], [ -122.044299, 45.609535 ], [ -122.003554, 45.615947 ], [ -121.983007, 45.622888 ], [ -121.96308, 45.632891 ], [ -121.955775, 45.643586 ], [ -121.934987, 45.644231 ], [ -121.908134, 45.654558 ], [ -121.900767, 45.662016 ], [ -121.901745, 45.670669 ], [ -121.867021, 45.693391 ], [ -121.811184, 45.706715 ], [ -121.735073, 45.694002 ], [ -121.707295, 45.694836 ], [ -121.668406, 45.705114 ], [ -121.631323, 45.704697 ], [ -121.532934, 45.726504 ], [ -121.499098, 45.720747 ], [ -121.462795, 45.701282 ] ] ] } },
{ "type": "Feature", "properties": { "STUSPS": "NE", "NAME": "Nebraska", "region_name": "Midwest", "division_name": "West North Central" }, "geometry": { "type": "Polygon", "coordinates": [ [ [ -95.937791, 41.390752 ], [ -95.929486, 41.375326 ], [ -95.929681, 41.367058 ], [ -95.936923, 41.359247 ], [ -95.954271, 41.353508 ], [ -95.957249, 41.348879 ], [ -95.955294, 41.341896 ], [ -95.946532, 41.333139 ], [ -95.925185, 41.321355 ], [ -95.899943, 41.321481 ], [ -95.885554, 41.318097 ], [ -95.87676, 41.311537 ], [ -95.871871, 41.301813 ], [ -95.871589, 41.292735 ], [ -95.876051, 41.285739 ], [ -95.90284, 41.274374 ], [ -95.912581, 41.279527 ], [ -95.906144, 41.287488 ], [ -95.905899, 41.301038 ], [ -95.927642, 41.29844 ], [ -95.928646, 41.281332 ], [ -95.914091, 41.272428 ], [ -95.921497, 41.267604 ], [ -95.922304, 41.26302 ], [ -95.910629, 41.234579 ], [ -95.914272, 41.223858 ], [ -95.926117, 41.211619 ], [ -95.927975, 41.200069 ], [ -95.924152, 41.191474 ], [ -95.916119, 41.185279 ], [ -95.863797, 41.188245 ], [ -95.850374, 41.18509 ], [ -95.842188, 41.177421 ], [ -95.842039, 41.171367 ], [ -95.846957, 41.166604 ], [ -95.87111, 41.167635 ], [ -95.88254, 41.155881 ], [ -95.881478, 41.142149 ], [ -95.867228, 41.121493 ], [ -95.862427, 41.089687 ], [ -95.865835, 41.080079 ], [ -95.881011, 41.066303 ], [ -95.882342, 41.059419 ], [ -95.881588, 41.054378 ], [ -95.859654, 41.035695 ], [ -95.859918, 41.025403 ], [ -95.869502, 41.009429 ], [ -95.866951, 41.001085 ], [ -95.860116, 40.995242 ], [ -95.838908, 40.986484 ], [ -95.829792, 40.977344 ], [ -95.829829, 40.963857 ], [ -95.837951, 40.950618 ], [ -95.839743, 40.93278 ], [ -95.834906, 40.919574 ], [ -95.814302, 40.902936 ], [ -95.809379, 40.893279 ], [ -95.815933, 40.879846 ], [ -95.840788, 40.871236 ], [ -95.847785, 40.864328 ], [ -95.847084, 40.854174 ], [ -95.837186, 40.835347 ], [ -95.845342, 40.811324 ], [ -95.834523, 40.787778 ], [ -95.834881, 40.78021 ], [ -95.84662, 40.768619 ], [ -95.869982, 40.759645 ], [ -95.881529, 40.750611 ], [ -95.888697, 40.736292 ], [ -95.885349, 40.721093 ], [ -95.883178, 40.717579 ], [ -95.854456, 40.704164 ], [ -95.842316, 40.677171 ], [ -95.822913, 40.66724 ], [ -95.795489, 40.662384 ], [ -95.783822, 40.654974 ], [ -95.77147, 40.639788 ], [ -95.768926, 40.621264 ], [ -95.749685, 40.606842 ], [ -95.750274, 40.596317 ], [ -95.768527, 40.583296 ], [ -95.774704, 40.573574 ], [ -95.763833, 40.553873 ], [ -95.769281, 40.536656 ], [ -95.762857, 40.528371 ], [ -95.741828, 40.5239 ], [ -95.717537, 40.527783 ], [ -95.708591, 40.521551 ], [ -95.695495, 40.532021 ], [ -95.697377, 40.541389 ], [ -95.694147, 40.556942 ], [ -95.678715, 40.562561 ], [ -95.671776, 40.562628 ], [ -95.662107, 40.549967 ], [ -95.655848, 40.546609 ], [ -95.652269, 40.538108 ], [ -95.655674, 40.523557 ], [ -95.661681, 40.517312 ], [ -95.699969, 40.505275 ], [ -95.694823, 40.494705 ], [ -95.696756, 40.478849 ], [ -95.694651, 40.471452 ], [ -95.667714, 40.453463 ], [ -95.656575, 40.438701 ], [ -95.660602, 40.412409 ], [ -95.643935, 40.386851 ], [ -95.641027, 40.366399 ], [ -95.627124, 40.3528 ], [ -95.622684, 40.342323 ], [ -95.627648, 40.332412 ], [ -95.653729, 40.322582 ], [ -95.657328, 40.310856 ], [ -95.645329, 40.305693 ], [ -95.610439, 40.31397 ], [ -95.581787, 40.29958 ], [ -95.562157, 40.297359 ], [ -95.55162, 40.288666 ], [ -95.551488, 40.281061 ], [ -95.556275, 40.270761 ], [ -95.552473, 40.261904 ], [ -95.521035, 40.250083 ], [ -95.493405, 40.24956 ], [ -95.478694, 40.243661 ], [ -95.469718, 40.227908 ], [ -95.471393, 40.217333 ], [ -95.482319, 40.200667 ], [ -95.479193, 40.185652 ], [ -95.463831, 40.171201 ], [ -95.436348, 40.15872 ], [ -95.432165, 40.141025 ], [ -95.427409, 40.134608 ], [ -95.400266, 40.127293 ], [ -95.393347, 40.119212 ], [ -95.394216, 40.108263 ], [ -95.4101, 40.093975 ], [ -95.409367, 40.074998 ], [ -95.42134, 40.060746 ], [ -95.415106, 40.040341 ], [ -95.407261, 40.033112 ], [ -95.391527, 40.027058 ], [ -95.363983, 40.031498 ], [ -95.348777, 40.029297 ], [ -95.336242, 40.019104 ], [ -95.315271, 40.01207 ], [ -95.30829, 39.999998 ], [ -102.051744, 40.003078 ], [ -102.051717, 41.002359 ], [ -104.053249, 41.001406 ], [ -104.053152, 42.999968 ], [ -101.875424, 42.999415 ], [ -101.633007, 42.996255 ], [ -100.51558, 42.999332 ], [ -98.49855, 42.998559 ], [ -98.490483, 42.977948 ], [ -98.467356, 42.947556 ], [ -98.448309, 42.936428 ], [ -98.444145, 42.929242 ], [ -98.42074, 42.931924 ], [ -98.34623, 42.902747 ], [ -98.325864, 42.8865 ], [ -98.280007, 42.874996 ], [ -98.25181, 42.872824 ], [ -98.219826, 42.853157 ], [ -98.189811, 42.841643 ], [ -98.167523, 42.836925 ], [ -98.147109, 42.839631 ], [ -98.127674, 42.819956 ], [ -98.067486, 42.784635 ], [ -98.056684, 42.770676 ], [ -98.035071, 42.764114 ], [ -98.013072, 42.762219 ], [ -97.977615, 42.769847 ], [ -97.95017, 42.76955 ], [ -97.934827, 42.776878 ], [ -97.909036, 42.794833 ], [ -97.888647, 42.817177 ], [ -97.876004, 42.847659 ], [ -97.875531, 42.858656 ], [ -97.845393, 42.86772 ], [ -97.828573, 42.868802 ], [ -97.817112, 42.861777 ], [ -97.774381, 42.84974 ], [ -97.720683, 42.847317 ], [ -97.686477, 42.842212 ], [ -97.657903, 42.8444 ], [ -97.611811, 42.858367 ], [ -97.557894, 42.847532 ], [ -97.522371, 42.851979 ], [ -97.504847, 42.858477 ], [ -97.48701, 42.850582 ], [ -97.444905, 42.845932 ], [ -97.433455, 42.850393 ], [ -97.420105, 42.863737 ], [ -97.410847, 42.867984 ], [ -97.393964, 42.86425 ], [ -97.376695, 42.865195 ], [ -97.359569, 42.854816 ], [ -97.336156, 42.856802 ], [ -97.306677, 42.867604 ], [ -97.289859, 42.855499 ], [ -97.267946, 42.852583 ], [ -97.248556, 42.855386 ], [ -97.218825, 42.845848 ], [ -97.218269, 42.829561 ], [ -97.210126, 42.809296 ], [ -97.200431, 42.805485 ], [ -97.166978, 42.802087 ], [ -97.150763, 42.795566 ], [ -97.130257, 42.771541 ], [ -97.112646, 42.769129 ], [ -97.06723, 42.772323 ], [ -97.02485, 42.76243 ], [ -96.97912, 42.76009 ], [ -96.96888, 42.754278 ], [ -96.96123, 42.740623 ], [ -96.965833, 42.727096 ], [ -96.961576, 42.719841 ], [ -96.937589, 42.719597 ], [ -96.918282, 42.731852 ], [ -96.906797, 42.7338 ], [ -96.886845, 42.725222 ], [ -96.860436, 42.720797 ], [ -96.843419, 42.712024 ], [ -96.806213, 42.704154 ], [ -96.800483, 42.692464 ], [ -96.802177, 42.672235 ], [ -96.793235, 42.666021 ], [ -96.764061, 42.661983 ], [ -96.728027, 42.66688 ], [ -96.691268, 42.656198 ], [ -96.68708, 42.652093 ], [ -96.68779, 42.645993 ], [ -96.709487, 42.621931 ], [ -96.709824, 42.6051 ], [ -96.684059, 42.576462 ], [ -96.643585, 42.557607 ], [ -96.63533, 42.54764 ], [ -96.628181, 42.516964 ], [ -96.611488, 42.506086 ], [ -96.591118, 42.505407 ], [ -96.567893, 42.517875 ], [ -96.548789, 42.520547 ], [ -96.528778, 42.513267 ], [ -96.515837, 42.494223 ], [ -96.501319, 42.482749 ], [ -96.478776, 42.479702 ], [ -96.445483, 42.49063 ], [ -96.401962, 42.48644 ], [ -96.386003, 42.474496 ], [ -96.381305, 42.461695 ], [ -96.380705, 42.446393 ], [ -96.387608, 42.432494 ], [ -96.410307, 42.412965 ], [ -96.415186, 42.404203 ], [ -96.41498, 42.393442 ], [ -96.408436, 42.376092 ], [ -96.417093, 42.361443 ], [ -96.417786, 42.351449 ], [ -96.407998, 42.337408 ], [ -96.384169, 42.325874 ], [ -96.375307, 42.318339 ], [ -96.369212, 42.308344 ], [ -96.365751, 42.285814 ], [ -96.35655, 42.276594 ], [ -96.335964, 42.264777 ], [ -96.328897, 42.254723 ], [ -96.330006, 42.240225 ], [ -96.322868, 42.233637 ], [ -96.323723, 42.229887 ], [ -96.336998, 42.217466 ], [ -96.356591, 42.215182 ], [ -96.35987, 42.210553 ], [ -96.347374, 42.193075 ], [ -96.350361, 42.176903 ], [ -96.348602, 42.168027 ], [ -96.340228, 42.158057 ], [ -96.32074, 42.147928 ], [ -96.309758, 42.132101 ], [ -96.283002, 42.125031 ], [ -96.269459, 42.114216 ], [ -96.267739, 42.097055 ], [ -96.279479, 42.07088 ], [ -96.274393, 42.049244 ], [ -96.268063, 42.041705 ], [ -96.258356, 42.038338 ], [ -96.246832, 42.041616 ], [ -96.234356, 42.040712 ], [ -96.230253, 42.039433 ], [ -96.226977, 42.037353 ], [ -96.230156, 42.038871 ], [ -96.235034, 42.040137 ], [ -96.225656, 42.035217 ], [ -96.221901, 42.029558 ], [ -96.223611, 42.022652 ], [ -96.240832, 42.009315 ], [ -96.240713, 41.999351 ], [ -96.227172, 41.994332 ], [ -96.215225, 42.006701 ], [ -96.194556, 42.008662 ], [ -96.184002, 42.003063 ], [ -96.184255, 41.996634 ], [ -96.192141, 41.984461 ], [ -96.187219, 41.977946 ], [ -96.177204, 41.976308 ], [ -96.158049, 41.980275 ], [ -96.142715, 41.978491 ], [ -96.130355, 41.972863 ], [ -96.129978, 41.962642 ], [ -96.144583, 41.941544 ], [ -96.136613, 41.927167 ], [ -96.136743, 41.920826 ], [ -96.142265, 41.915379 ], [ -96.159098, 41.910057 ], [ -96.161756, 41.90182 ], [ -96.148783, 41.888205 ], [ -96.141908, 41.868999 ], [ -96.110548, 41.849199 ], [ -96.107617, 41.8404 ], [ -96.110962, 41.828827 ], [ -96.106565, 41.819613 ], [ -96.09748, 41.813917 ], [ -96.076774, 41.808534 ], [ -96.065327, 41.797173 ], [ -96.066377, 41.788981 ], [ -96.077546, 41.777822 ], [ -96.08089, 41.757526 ], [ -96.100981, 41.747572 ], [ -96.10638, 41.737762 ], [ -96.102212, 41.727641 ], [ -96.076642, 41.715657 ], [ -96.073225, 41.704062 ], [ -96.08464, 41.697709 ], [ -96.113461, 41.697569 ], [ -96.119861, 41.692649 ], [ -96.122604, 41.68304 ], [ -96.117959, 41.673314 ], [ -96.100055, 41.661077 ], [ -96.095221, 41.650114 ], [ -96.097777, 41.639625 ], [ -96.115995, 41.622024 ], [ -96.118277, 41.614967 ], [ -96.109455, 41.596775 ], [ -96.087186, 41.58655 ], [ -96.08139, 41.5779 ], [ -96.082486, 41.571145 ], [ -96.095042, 41.554768 ], [ -96.094437, 41.539463 ], [ -96.082654, 41.525974 ], [ -96.073389, 41.523529 ], [ -96.052765, 41.508436 ], [ -96.040613, 41.506893 ], [ -96.034353, 41.512761 ], [ -96.034441, 41.521051 ], [ -96.031127, 41.523004 ], [ -96.02349, 41.543438 ], [ -96.013876, 41.545315 ], [ -95.999966, 41.53948 ], [ -95.99328, 41.512314 ], [ -96.000649, 41.50254 ], [ -96.019543, 41.491592 ], [ -96.013585, 41.478469 ], [ -96.004936, 41.472413 ], [ -95.984279, 41.470939 ], [ -95.966688, 41.463425 ], [ -95.93634, 41.465304 ], [ -95.92451, 41.458914 ], [ -95.919989, 41.452604 ], [ -95.920857, 41.443428 ], [ -95.932778, 41.430815 ], [ -95.929677, 41.411071 ], [ -95.937791, 41.390752 ] ] ] } },
{ "type": "Feature", "properties": { "STUSPS": "GA", "NAME": "Georgia", "region_name": "South", "division_name": "South Atlantic" }, "geometry": { "type": "Polygon", "coordinates": [ [ [ -81.087067, 31.529158 ], [ -81.099686, 31.518526 ], [ -81.10714, 31.496632 ], [ -81.114998, 31.487011 ], [ -81.125435, 31.477541 ], [ -81.143845, 31.471521 ], [ -81.150146, 31.45804 ], [ -81.163551, 31.442034 ], [ -81.166939, 31.423445 ], [ -81.18219, 31.405323 ], [ -81.190758, 31.399876 ], [ -81.175613, 31.382479 ], [ -81.171089, 31.370323 ], [ -81.177116, 31.339277 ], [ -81.186119, 31.326796 ], [ -81.182564, 31.268991 ], [ -81.187675, 31.246258 ], [ -81.202452, 31.227678 ], [ -81.216263, 31.204651 ], [ -81.22216, 31.187969 ], [ -81.234337, 31.170258 ], [ -81.24791, 31.160812 ], [ -81.292145, 31.155415 ], [ -81.296417, 31.15188 ], [ -81.292725, 31.142826 ], [ -81.29401, 31.135666 ], [ -81.289871, 31.131157 ], [ -81.28653, 31.116686 ], [ -81.286316, 31.103083 ], [ -81.290199, 31.093494 ], [ -81.297874, 31.080952 ], [ -81.313637, 31.067852 ], [ -81.345306, 31.059362 ], [ -81.353416, 31.037121 ], [ -81.344498, 31.01811 ], [ -81.323944, 31.00881 ], [ -81.310709, 30.997329 ], [ -81.304779, 30.985712 ], [ -81.304832, 30.970774 ], [ -81.307304, 30.962227 ], [ -81.317535, 30.9485 ], [ -81.345207, 30.931503 ], [ -81.350204, 30.889109 ], [ -81.358856, 30.867512 ], [ -81.362682, 30.845926 ], [ -81.374809, 30.817377 ], [ -81.38633, 30.801371 ], [ -81.400482, 30.766426 ], [ -81.374809, 30.757483 ], [ -81.359146, 30.744314 ], [ -81.351395, 30.730879 ], [ -81.347015, 30.712444 ], [ -81.451241, 30.709484 ], [ -81.474113, 30.713913 ], [ -81.488464, 30.726309 ], [ -81.509887, 30.722614 ], [ -81.532295, 30.724091 ], [ -81.534011, 30.711447 ], [ -81.538391, 30.708656 ], [ -81.548377, 30.718279 ], [ -81.561424, 30.711672 ], [ -81.563507, 30.71751 ], [ -81.574218, 30.722504 ], [ -81.587684, 30.723635 ], [ -81.596176, 30.718666 ], [ -81.596534, 30.727472 ], [ -81.601882, 30.729586 ], [ -81.605834, 30.727264 ], [ -81.606048, 30.718676 ], [ -81.60987, 30.715933 ], [ -81.614166, 30.722353 ], [ -81.622978, 30.723467 ], [ -81.620681, 30.730959 ], [ -81.624366, 30.73634 ], [ -81.628331, 30.735394 ], [ -81.630432, 30.728088 ], [ -81.636619, 30.733938 ], [ -81.643585, 30.728203 ], [ -81.652153, 30.72887 ], [ -81.65409, 30.733093 ], [ -81.651828, 30.742208 ], [ -81.663009, 30.743492 ], [ -81.659729, 30.749716 ], [ -81.662323, 30.754177 ], [ -81.683096, 30.748492 ], [ -81.679908, 30.744692 ], [ -81.670837, 30.747396 ], [ -81.668838, 30.742514 ], [ -81.672494, 30.73879 ], [ -81.689155, 30.741632 ], [ -81.693893, 30.748472 ], [ -81.72013, 30.744719 ], [ -81.732055, 30.749815 ], [ -81.731857, 30.754995 ], [ -81.742195, 30.759254 ], [ -81.740753, 30.765007 ], [ -81.755943, 30.769344 ], [ -81.76172, 30.775698 ], [ -81.770706, 30.77682 ], [ -81.77359, 30.767708 ], [ -81.771568, 30.764143 ], [ -81.78263, 30.761454 ], [ -81.78276, 30.766613 ], [ -81.786697, 30.769802 ], [ -81.78379, 30.773333 ], [ -81.793075, 30.787251 ], [ -81.797126, 30.78503 ], [ -81.797172, 30.781469 ], [ -81.807449, 30.790119 ], [ -81.839477, 30.786589 ], [ -81.84188, 30.787569 ], [ -81.840271, 30.792591 ], [ -81.845871, 30.79075 ], [ -81.852691, 30.794897 ], [ -81.868515, 30.792906 ], [ -81.871139, 30.79804 ], [ -81.882667, 30.800282 ], [ -81.884719, 30.811422 ], [ -81.891434, 30.816586 ], [ -81.891975, 30.824882 ], [ -81.901245, 30.82988 ], [ -81.906969, 30.82649 ], [ -81.904213, 30.81859 ], [ -81.909111, 30.81568 ], [ -81.928741, 30.817511 ], [ -81.935257, 30.821066 ], [ -81.933517, 30.823376 ], [ -81.938834, 30.829849 ], [ -81.939079, 30.827211 ], [ -81.942815, 30.828504 ], [ -81.942024, 30.825554 ], [ -81.949806, 30.827764 ], [ -81.964485, 30.817297 ], [ -81.961219, 30.814037 ], [ -81.965042, 30.806807 ], [ -81.962173, 30.796978 ], [ -81.969024, 30.791277 ], [ -81.97364, 30.778719 ], [ -81.98102, 30.776976 ], [ -82.007674, 30.793037 ], [ -82.02288, 30.787706 ], [ -82.023643, 30.783082 ], [ -82.011603, 30.761878 ], [ -82.020164, 30.757839 ], [ -82.017589, 30.754991 ], [ -82.027681, 30.750935 ], [ -82.036773, 30.754434 ], [ -82.039795, 30.747297 ], [ -82.038894, 30.736153 ], [ -82.045527, 30.727881 ], [ -82.038513, 30.722637 ], [ -82.035927, 30.706205 ], [ -82.039566, 30.700678 ], [ -82.042946, 30.700886 ], [ -82.041237, 30.691032 ], [ -82.050255, 30.676115 ], [ -82.04599, 30.66637 ], [ -82.046471, 30.660806 ], [ -82.049396, 30.662007 ], [ -82.049023, 30.655295 ], [ -82.041641, 30.648981 ], [ -82.038612, 30.640947 ], [ -82.04049, 30.63605 ], [ -82.03673, 30.629975 ], [ -82.033171, 30.629493 ], [ -82.034959, 30.626837 ], [ -82.031684, 30.625016 ], [ -82.031646, 30.61953 ], [ -82.028259, 30.622011 ], [ -82.027229, 30.606661 ], [ -82.015087, 30.600602 ], [ -82.012158, 30.586262 ], [ -82.006126, 30.577124 ], [ -82.00823, 30.569712 ], [ -82.005821, 30.565133 ], [ -82.008407, 30.563658 ], [ -82.005401, 30.563574 ], [ -82.010711, 30.560736 ], [ -82.008423, 30.554529 ], [ -82.013166, 30.549946 ], [ -82.013412, 30.542444 ], [ -82.01905, 30.533012 ], [ -82.018303, 30.528521 ], [ -82.015434, 30.528501 ], [ -82.018181, 30.52751 ], [ -82.016296, 30.521904 ], [ -82.018585, 30.519489 ], [ -82.015541, 30.520098 ], [ -82.014564, 30.512312 ], [ -82.018017, 30.492075 ], [ -82.015548, 30.483958 ], [ -82.019218, 30.482979 ], [ -82.016906, 30.475111 ], [ -82.023595, 30.467212 ], [ -82.022272, 30.461382 ], [ -82.02832, 30.455391 ], [ -82.028145, 30.447252 ], [ -82.040001, 30.436661 ], [ -82.033783, 30.42765 ], [ -82.036003, 30.424967 ], [ -82.034065, 30.420032 ], [ -82.043762, 30.414869 ], [ -82.040847, 30.414938 ], [ -82.043899, 30.40799 ], [ -82.041288, 30.406669 ], [ -82.044685, 30.403963 ], [ -82.035835, 30.385013 ], [ -82.038156, 30.382209 ], [ -82.037157, 30.372033 ], [ -82.044487, 30.367672 ], [ -82.042139, 30.365409 ], [ -82.058091, 30.359214 ], [ -82.062421, 30.360649 ], [ -82.066184, 30.355757 ], [ -82.072668, 30.36141 ], [ -82.081114, 30.358768 ], [ -82.101075, 30.362791 ], [ -82.105241, 30.368896 ], [ -82.110332, 30.365209 ], [ -82.115775, 30.368053 ], [ -82.118149, 30.364358 ], [ -82.126854, 30.368262 ], [ -82.133864, 30.362237 ], [ -82.139962, 30.364919 ], [ -82.161777, 30.357111 ], [ -82.170197, 30.358972 ], [ -82.173745, 30.365066 ], [ -82.180991, 30.368611 ], [ -82.18024, 30.37258 ], [ -82.183493, 30.373338 ], [ -82.184795, 30.378936 ], [ -82.189915, 30.37617 ], [ -82.192786, 30.379065 ], [ -82.191789, 30.384716 ], [ -82.194208, 30.389204 ], [ -82.199225, 30.389832 ], [ -82.21086, 30.425379 ], [ -82.203786, 30.444984 ], [ -82.2077, 30.460407 ], [ -82.206372, 30.468515 ], [ -82.201035, 30.474665 ], [ -82.203206, 30.482184 ], [ -82.20124, 30.485114 ], [ -82.212632, 30.500549 ], [ -82.225072, 30.50769 ], [ -82.230304, 30.517325 ], [ -82.230759, 30.526576 ], [ -82.240403, 30.53777 ], [ -82.238879, 30.545505 ], [ -82.234435, 30.548755 ], [ -82.234186, 30.55765 ], [ -82.214677, 30.568556 ], [ -83.499925, 30.645674 ], [ -84.250357, 30.684133 ], [ -84.864693, 30.711542 ], [ -84.869752, 30.721897 ], [ -84.883821, 30.732591 ], [ -84.887522, 30.741791 ], [ -84.896122, 30.750591 ], [ -84.913522, 30.752291 ], [ -84.915022, 30.761191 ], [ -84.920123, 30.76599 ], [ -84.918023, 30.77809 ], [ -84.928323, 30.79309 ], [ -84.928323, 30.80509 ], [ -84.937424, 30.820889 ], [ -84.934815, 30.835851 ], [ -84.927084, 30.839024 ], [ -84.925665, 30.842685 ], [ -84.936124, 30.856988 ], [ -84.932324, 30.864288 ], [ -84.939824, 30.872588 ], [ -84.934424, 30.883588 ], [ -84.942525, 30.888488 ], [ -84.966726, 30.917287 ], [ -84.971026, 30.928187 ], [ -84.983127, 30.934786 ], [ -84.979527, 30.955586 ], [ -84.982527, 30.965586 ], [ -85.005734, 30.975908 ], [ -84.999428, 31.013844 ], [ -85.009407, 31.032377 ], [ -85.011391, 31.053547 ], [ -85.028573, 31.074583 ], [ -85.026068, 31.08418 ], [ -85.035615, 31.108192 ], [ -85.054677, 31.120818 ], [ -85.064028, 31.142495 ], [ -85.076628, 31.156927 ], [ -85.092106, 31.160293 ], [ -85.100207, 31.16549 ], [ -85.098507, 31.180153 ], [ -85.107516, 31.186451 ], [ -85.106963, 31.202693 ], [ -85.098704, 31.211286 ], [ -85.096763, 31.225651 ], [ -85.112352, 31.25958 ], [ -85.111905, 31.272477 ], [ -85.114601, 31.277333 ], [ -85.110358, 31.281747 ], [ -85.098713, 31.284455 ], [ -85.089774, 31.295026 ], [ -85.083697, 31.323846 ], [ -85.089423, 31.336028 ], [ -85.085918, 31.353146 ], [ -85.091791, 31.355207 ], [ -85.092327, 31.364049 ], [ -85.077626, 31.39888 ], [ -85.079978, 31.410472 ], [ -85.075893, 31.424928 ], [ -85.073702, 31.428959 ], [ -85.068546, 31.427311 ], [ -85.066012, 31.430529 ], [ -85.071621, 31.468384 ], [ -85.065259, 31.484924 ], [ -85.044986, 31.51823 ], [ -85.048263, 31.526012 ], [ -85.041361, 31.542495 ], [ -85.05796, 31.57084 ], [ -85.055284, 31.577596 ], [ -85.05844, 31.58369 ], [ -85.055976, 31.605175 ], [ -85.060552, 31.608224 ], [ -85.058169, 31.620227 ], [ -85.086229, 31.638567 ], [ -85.082629, 31.650266 ], [ -85.078029, 31.651566 ], [ -85.079129, 31.654766 ], [ -85.092429, 31.659966 ], [ -85.10943, 31.677465 ], [ -85.11393, 31.686865 ], [ -85.12553, 31.694965 ], [ -85.12653, 31.716764 ], [ -85.11893, 31.732664 ], [ -85.129231, 31.758663 ], [ -85.12523, 31.767063 ], [ -85.141931, 31.781963 ], [ -85.132231, 31.795162 ], [ -85.131231, 31.816762 ], [ -85.134531, 31.824962 ], [ -85.131931, 31.827062 ], [ -85.141831, 31.839261 ], [ -85.137731, 31.845861 ], [ -85.140731, 31.857461 ], [ -85.128431, 31.87756 ], [ -85.134131, 31.89216 ], [ -85.11203, 31.89476 ], [ -85.112231, 31.90276 ], [ -85.10803, 31.90516 ], [ -85.113131, 31.911859 ], [ -85.10243, 31.917359 ], [ -85.09953, 31.925259 ], [ -85.07893, 31.940159 ], [ -85.08673, 31.959158 ], [ -85.067829, 31.967358 ], [ -85.065929, 31.972458 ], [ -85.07093, 31.981658 ], [ -85.06733, 31.995557 ], [ -85.063441, 32.00414 ], [ -85.055075, 32.010714 ], [ -85.053669, 32.020662 ], [ -85.048825, 32.021701 ], [ -85.057124, 32.029919 ], [ -85.058034, 32.033606 ], [ -85.053468, 32.037823 ], [ -85.05883, 32.046956 ], [ -85.054179, 32.067985 ], [ -85.055813, 32.074439 ], [ -85.053232, 32.080604 ], [ -85.044761, 32.085836 ], [ -85.061907, 32.132863 ], [ -85.045593, 32.143758 ], [ -85.011267, 32.180493 ], [ -84.963728, 32.195852 ], [ -84.961728, 32.198751 ], [ -84.964628, 32.20355 ], [ -84.974428, 32.20355 ], [ -84.980229, 32.207751 ], [ -84.973328, 32.21765 ], [ -84.928227, 32.219851 ], [ -84.912727, 32.24335 ], [ -84.915427, 32.246049 ], [ -84.923227, 32.24465 ], [ -84.924427, 32.250149 ], [ -84.907227, 32.249049 ], [ -84.901191, 32.258374 ], [ -84.888246, 32.25967 ], [ -84.922872, 32.285333 ], [ -84.934648, 32.298916 ], [ -85.000343, 32.321418 ], [ -85.006402, 32.326757 ], [ -85.008096, 32.336677 ], [ -85.004582, 32.345196 ], [ -84.983866, 32.362386 ], [ -84.985322, 32.372514 ], [ -84.972154, 32.376914 ], [ -84.97481, 32.380257 ], [ -84.986282, 32.380336 ], [ -84.98841, 32.385216 ], [ -84.983002, 32.391953 ], [ -84.96873, 32.391457 ], [ -84.979898, 32.400097 ], [ -84.980954, 32.406064 ], [ -84.979431, 32.412244 ], [ -84.96303, 32.424244 ], [ -84.971831, 32.442843 ], [ -84.983831, 32.445642 ], [ -84.99533, 32.453243 ], [ -84.998531, 32.468742 ], [ -84.994931, 32.480142 ], [ -84.998832, 32.497041 ], [ -84.996532, 32.501641 ], [ -85.0071, 32.523868 ], [ -85.015261, 32.527676 ], [ -85.020877, 32.535852 ], [ -85.020797, 32.542764 ], [ -85.031389, 32.544171 ], [ -85.035726, 32.553963 ], [ -85.043662, 32.556523 ], [ -85.057902, 32.57465 ], [ -85.067535, 32.579546 ], [ -85.078975, 32.600169 ], [ -85.08224, 32.616264 ], [ -85.090886, 32.625135 ], [ -85.083118, 32.636161 ], [ -85.100089, 32.634576 ], [ -85.098899, 32.636935 ], [ -85.104532, 32.641011 ], [ -85.104337, 32.646434 ], [ -85.088483, 32.657758 ], [ -85.093536, 32.669734 ], [ -85.112637, 32.683434 ], [ -85.117037, 32.692033 ], [ -85.120038, 32.706533 ], [ -85.118138, 32.709432 ], [ -85.122738, 32.716032 ], [ -85.113329, 32.735751 ], [ -85.11855, 32.740817 ], [ -85.133138, 32.744631 ], [ -85.142987, 32.759934 ], [ -85.136692, 32.771172 ], [ -85.130884, 32.769562 ], [ -85.122326, 32.774383 ], [ -85.126219, 32.779189 ], [ -85.139665, 32.78515 ], [ -85.142183, 32.792136 ], [ -85.152025, 32.794179 ], [ -85.168048, 32.811841 ], [ -85.164845, 32.819789 ], [ -85.168342, 32.828516 ], [ -85.164108, 32.835295 ], [ -85.154013, 32.840744 ], [ -85.156289, 32.850524 ], [ -85.16231, 32.856479 ], [ -85.168688, 32.852587 ], [ -85.177125, 32.85389 ], [ -85.1844, 32.861317 ], [ -85.184131, 32.870525 ], [ -85.42947, 34.125096 ], [ -85.561416, 34.750079 ], [ -85.605165, 34.984678 ], [ -85.384967, 34.982987 ], [ -84.891515, 34.988243 ], [ -83.624882, 34.986628 ], [ -83.61995, 34.986669 ], [ -83.620051, 34.992032 ], [ -83.11061, 35.001303 ], [ -83.103363, 34.997639 ], [ -83.103516, 34.993675 ], [ -83.098312, 34.990665 ], [ -83.102859, 34.988708 ], [ -83.101799, 34.986126 ], [ -83.107735, 34.979805 ], [ -83.111275, 34.981003 ], [ -83.111183, 34.975719 ], [ -83.116531, 34.975723 ], [ -83.12211, 34.964329 ], [ -83.115791, 34.960167 ], [ -83.120288, 34.957963 ], [ -83.114059, 34.950279 ], [ -83.127052, 34.954239 ], [ -83.124752, 34.951074 ], [ -83.127434, 34.949303 ], [ -83.121078, 34.942154 ], [ -83.116547, 34.942505 ], [ -83.111755, 34.934963 ], [ -83.117905, 34.936043 ], [ -83.120544, 34.932945 ], [ -83.127312, 34.938633 ], [ -83.131737, 34.935719 ], [ -83.129959, 34.931347 ], [ -83.141518, 34.924515 ], [ -83.156891, 34.930767 ], [ -83.159241, 34.928608 ], [ -83.15699, 34.915123 ], [ -83.168607, 34.919355 ], [ -83.174629, 34.910282 ], [ -83.180916, 34.90947 ], [ -83.180695, 34.904579 ], [ -83.188126, 34.898087 ], [ -83.194511, 34.899433 ], [ -83.197182, 34.890594 ], [ -83.203537, 34.893452 ], [ -83.204758, 34.890217 ], [ -83.201034, 34.884407 ], [ -83.205261, 34.880165 ], [ -83.214577, 34.883629 ], [ -83.214027, 34.888569 ], [ -83.220131, 34.878036 ], [ -83.242996, 34.877537 ], [ -83.240585, 34.872791 ], [ -83.234703, 34.870743 ], [ -83.239113, 34.865086 ], [ -83.248092, 34.865577 ], [ -83.246414, 34.855518 ], [ -83.253319, 34.855923 ], [ -83.253905, 34.848769 ], [ -83.248927, 34.845141 ], [ -83.257286, 34.8441 ], [ -83.261725, 34.848637 ], [ -83.267196, 34.848469 ], [ -83.272588, 34.835513 ], [ -83.26718, 34.831325 ], [ -83.270882, 34.818588 ], [ -83.277084, 34.816998 ], [ -83.289032, 34.824646 ], [ -83.289955, 34.818459 ], [ -83.295143, 34.813225 ], [ -83.29985, 34.815037 ], [ -83.300568, 34.818661 ], [ -83.306366, 34.81567 ], [ -83.304405, 34.81115 ], [ -83.299416, 34.809452 ], [ -83.300842, 34.804344 ], [ -83.314163, 34.799561 ], [ -83.314064, 34.796471 ], [ -83.324142, 34.789246 ], [ -83.318977, 34.771309 ], [ -83.322998, 34.766247 ], [ -83.319176, 34.764614 ], [ -83.323296, 34.760738 ], [ -83.318748, 34.757626 ], [ -83.326233, 34.756252 ], [ -83.326385, 34.750748 ], [ -83.332329, 34.749115 ], [ -83.339165, 34.738285 ], [ -83.348625, 34.737041 ], [ -83.353416, 34.728424 ], [ -83.352692, 34.716904 ], [ -83.346649, 34.70422 ], [ -83.35379, 34.698166 ], [ -83.340134, 34.691483 ], [ -83.338246, 34.687033 ], [ -83.342004, 34.68177 ], [ -83.325336, 34.679517 ], [ -83.31944, 34.675974 ], [ -83.316401, 34.669316 ], [ -83.304641, 34.669561 ], [ -83.293183, 34.654296 ], [ -83.271982, 34.641896 ], [ -83.253881, 34.636696 ], [ -83.246481, 34.626897 ], [ -83.240669, 34.624507 ], [ -83.243381, 34.617997 ], [ -83.23258, 34.611597 ], [ -83.203785, 34.609599 ], [ -83.197779, 34.607098 ], [ -83.196879, 34.603098 ], [ -83.172578, 34.607798 ], [ -83.159677, 34.603298 ], [ -83.160577, 34.599498 ], [ -83.170978, 34.598098 ], [ -83.169674, 34.591693 ], [ -83.154577, 34.588198 ], [ -83.158677, 34.578999 ], [ -83.143176, 34.573399 ], [ -83.139876, 34.561799 ], [ -83.122904, 34.560117 ], [ -83.124054, 34.554068 ], [ -83.110674, 34.547858 ], [ -83.109239, 34.542178 ], [ -83.104079, 34.54004 ], [ -83.102692, 34.532402 ], [ -83.087822, 34.532085 ], [ -83.078399, 34.525372 ], [ -83.087242, 34.516182 ], [ -83.079246, 34.514122 ], [ -83.072586, 34.504105 ], [ -83.065796, 34.501041 ], [ -83.054322, 34.502794 ], [ -83.051638, 34.493702 ], [ -83.034565, 34.483571 ], [ -83.028395, 34.483876 ], [ -82.995901, 34.472204 ], [ -82.992737, 34.478947 ], [ -82.979746, 34.482938 ], [ -82.974917, 34.47935 ], [ -82.964241, 34.484571 ], [ -82.955645, 34.478887 ], [ -82.948228, 34.480492 ], [ -82.942858, 34.485911 ], [ -82.930415, 34.485613 ], [ -82.925202, 34.481461 ], [ -82.901551, 34.486764 ], [ -82.887398, 34.480959 ], [ -82.880644, 34.469 ], [ -82.858837, 34.45522 ], [ -82.854011, 34.428818 ], [ -82.846969, 34.419876 ], [ -82.841774, 34.391553 ], [ -82.835975, 34.380909 ], [ -82.834457, 34.365221 ], [ -82.79447, 34.340379 ], [ -82.782128, 34.298278 ], [ -82.771515, 34.286053 ], [ -82.761688, 34.281685 ], [ -82.746811, 34.266588 ], [ -82.748536, 34.263126 ], [ -82.74292, 34.251072 ], [ -82.744873, 34.244919 ], [ -82.742012, 34.229328 ], [ -82.744363, 34.22541 ], [ -82.740257, 34.219448 ], [ -82.741875, 34.210209 ], [ -82.732124, 34.193321 ], [ -82.731453, 34.177086 ], [ -82.717459, 34.150546 ], [ -82.704129, 34.141021 ], [ -82.692152, 34.138986 ], [ -82.676985, 34.131425 ], [ -82.658729, 34.103772 ], [ -82.642416, 34.093264 ], [ -82.640169, 34.087329 ], [ -82.645367, 34.078257 ], [ -82.643661, 34.072105 ], [ -82.638985, 34.066779 ], [ -82.626632, 34.063339 ], [ -82.609421, 34.039906 ], [ -82.594459, 34.029304 ], [ -82.595497, 34.015865 ], [ -82.588959, 34.000512 ], [ -82.575554, 33.992211 ], [ -82.580124, 33.986447 ], [ -82.57998, 33.980519 ], [ -82.56759, 33.96788 ], [ -82.565202, 33.956765 ], [ -82.556765, 33.945324 ], [ -82.543107, 33.94095 ], [ -82.524515, 33.94336 ], [ -82.511422, 33.935613 ], [ -82.492929, 33.909754 ], [ -82.455105, 33.88165 ], [ -82.424888, 33.864133 ], [ -82.403879, 33.865475 ], [ -82.371775, 33.843813 ], [ -82.346933, 33.834298 ], [ -82.32448, 33.820033 ], [ -82.3129, 33.807486 ], [ -82.300213, 33.800627 ], [ -82.298286, 33.783518 ], [ -82.285804, 33.780058 ], [ -82.247472, 33.752591 ], [ -82.239098, 33.730872 ], [ -82.234572, 33.700217 ], [ -82.217883, 33.685539 ], [ -82.210361, 33.669837 ], [ -82.199898, 33.6617 ], [ -82.201186, 33.646898 ], [ -82.196895, 33.63144 ], [ -82.186155, 33.620881 ], [ -82.176172, 33.613775 ], [ -82.156288, 33.60863 ], [ -82.148816, 33.598092 ], [ -82.138028, 33.592236 ], [ -82.12908, 33.589925 ], [ -82.117505, 33.596229 ], [ -82.10784, 33.596277 ], [ -82.094128, 33.582742 ], [ -82.073104, 33.57751 ], [ -82.057727, 33.566774 ], [ -82.046335, 33.56383 ], [ -82.033023, 33.546454 ], [ -82.010965, 33.53134 ], [ -82.007638, 33.523335 ], [ -82.001338, 33.520135 ], [ -81.991938, 33.504435 ], [ -81.990938, 33.494235 ], [ -81.985938, 33.486536 ], [ -81.934136, 33.468337 ], [ -81.926336, 33.462937 ], [ -81.913126, 33.438333 ], [ -81.917324, 33.432346 ], [ -81.929741, 33.429594 ], [ -81.93243, 33.425706 ], [ -81.92455, 33.419109 ], [ -81.910765, 33.415035 ], [ -81.909693, 33.411979 ], [ -81.916406, 33.407349 ], [ -81.924498, 33.412479 ], [ -81.93139, 33.406956 ], [ -81.945181, 33.407531 ], [ -81.944476, 33.403674 ], [ -81.935453, 33.397851 ], [ -81.930861, 33.380076 ], [ -81.924837, 33.37414 ], [ -81.930634, 33.368165 ], [ -81.939637, 33.37254 ], [ -81.946337, 33.37064 ], [ -81.944737, 33.364041 ], [ -81.934832, 33.356044 ], [ -81.939737, 33.344941 ], [ -81.924737, 33.345341 ], [ -81.9188, 33.340209 ], [ -81.913215, 33.346821 ], [ -81.909137, 33.346641 ], [ -81.908437, 33.343842 ], [ -81.915037, 33.341542 ], [ -81.919137, 33.334442 ], [ -81.908137, 33.327142 ], [ -81.913737, 33.320042 ], [ -81.90613, 33.32162 ], [ -81.901384, 33.335774 ], [ -81.896537, 33.329542 ], [ -81.899037, 33.323342 ], [ -81.889137, 33.321043 ], [ -81.892537, 33.315343 ], [ -81.881636, 33.315843 ], [ -81.884637, 33.308943 ], [ -81.880737, 33.302243 ], [ -81.867936, 33.314043 ], [ -81.864936, 33.311843 ], [ -81.863929, 33.302036 ], [ -81.855186, 33.310395 ], [ -81.847336, 33.306843 ], [ -81.848736, 33.296744 ], [ -81.860036, 33.299144 ], [ -81.863236, 33.288844 ], [ -81.857636, 33.284644 ], [ -81.845636, 33.284244 ], [ -81.838836, 33.273745 ], [ -81.832636, 33.275845 ], [ -81.835836, 33.262845 ], [ -81.828336, 33.263045 ], [ -81.834536, 33.258345 ], [ -81.843862, 33.266621 ], [ -81.847336, 33.266345 ], [ -81.846136, 33.258145 ], [ -81.839636, 33.255245 ], [ -81.851137, 33.252545 ], [ -81.853137, 33.250745 ], [ -81.852076, 33.247288 ], [ -81.827936, 33.228746 ], [ -81.809636, 33.222647 ], [ -81.805238, 33.211441 ], [ -81.784535, 33.208146 ], [ -81.777535, 33.211347 ], [ -81.780135, 33.221147 ], [ -81.768935, 33.217447 ], [ -81.763535, 33.203648 ], [ -81.756835, 33.197947 ], [ -81.760635, 33.189248 ], [ -81.767035, 33.186548 ], [ -81.765435, 33.178348 ], [ -81.772435, 33.180449 ], [ -81.763135, 33.159449 ], [ -81.752135, 33.14855 ], [ -81.704634, 33.11645 ], [ -81.679433, 33.111751 ], [ -81.642333, 33.093152 ], [ -81.611657, 33.094259 ], [ -81.608286, 33.089022 ], [ -81.612943, 33.083981 ], [ -81.612072, 33.080019 ], [ -81.60132, 33.087049 ], [ -81.596501, 33.079893 ], [ -81.602212, 33.073473 ], [ -81.593586, 33.069496 ], [ -81.592517, 33.073062 ], [ -81.584361, 33.069902 ], [ -81.583103, 33.06496 ], [ -81.577187, 33.065939 ], [ -81.580994, 33.062697 ], [ -81.574911, 33.061799 ], [ -81.578122, 33.057774 ], [ -81.571798, 33.058079 ], [ -81.57288, 33.05418 ], [ -81.566311, 33.05343 ], [ -81.562769, 33.056123 ], [ -81.56699, 33.060401 ], [ -81.563372, 33.060156 ], [ -81.559173, 33.051765 ], [ -81.566108, 33.048792 ], [ -81.561948, 33.045844 ], [ -81.551786, 33.04339 ], [ -81.54544, 33.048993 ], [ -81.538789, 33.039185 ], [ -81.529124, 33.04081 ], [ -81.528451, 33.035646 ], [ -81.522742, 33.030836 ], [ -81.511245, 33.027786 ], [ -81.51169, 33.024506 ], [ -81.519075, 33.023196 ], [ -81.510282, 33.021233 ], [ -81.50822, 33.01751 ], [ -81.51069, 33.010315 ], [ -81.504053, 33.016253 ], [ -81.491954, 33.009093 ], [ -81.50063, 33.002454 ], [ -81.491197, 32.997824 ], [ -81.496327, 32.990212 ], [ -81.494736, 32.978997 ], [ -81.49983, 32.963816 ], [ -81.506142, 32.964129 ], [ -81.508839, 32.969368 ], [ -81.511347, 32.966721 ], [ -81.508609, 32.952551 ], [ -81.499446, 32.944988 ], [ -81.502427, 32.935353 ], [ -81.483198, 32.921802 ], [ -81.487626, 32.916407 ], [ -81.480008, 32.913444 ], [ -81.480812, 32.898614 ], [ -81.471789, 32.893807 ], [ -81.470761, 32.900902 ], [ -81.464433, 32.898603 ], [ -81.468232, 32.893251 ], [ -81.46619, 32.889128 ], [ -81.476396, 32.887962 ], [ -81.479445, 32.881082 ], [ -81.470376, 32.876267 ], [ -81.465051, 32.880896 ], [ -81.460556, 32.875161 ], [ -81.452883, 32.872964 ], [ -81.451367, 32.867165 ], [ -81.456917, 32.852604 ], [ -81.455559, 32.846508 ], [ -81.460722, 32.846038 ], [ -81.452744, 32.84415 ], [ -81.444866, 32.850966 ], [ -81.438652, 32.840076 ], [ -81.433595, 32.843674 ], [ -81.426475, 32.840773 ], [ -81.42062, 32.831223 ], [ -81.429943, 32.828246 ], [ -81.421952, 32.821466 ], [ -81.428235, 32.818584 ], [ -81.424354, 32.816179 ], [ -81.417984, 32.818196 ], [ -81.421343, 32.812108 ], [ -81.426445, 32.81071 ], [ -81.422444, 32.802477 ], [ -81.428292, 32.800832 ], [ -81.425234, 32.79419 ], [ -81.419879, 32.794857 ], [ -81.427667, 32.787613 ], [ -81.42224, 32.783986 ], [ -81.431235, 32.784141 ], [ -81.424831, 32.778703 ], [ -81.414456, 32.778149 ], [ -81.417353, 32.773336 ], [ -81.429854, 32.772129 ], [ -81.43194, 32.768911 ], [ -81.418943, 32.767629 ], [ -81.417766, 32.760222 ], [ -81.412093, 32.763866 ], [ -81.414038, 32.755423 ], [ -81.408159, 32.755803 ], [ -81.416733, 32.753276 ], [ -81.419698, 32.749167 ], [ -81.405866, 32.749144 ], [ -81.404932, 32.745559 ], [ -81.407043, 32.740662 ], [ -81.413678, 32.737992 ], [ -81.412099, 32.732622 ], [ -81.418542, 32.732585 ], [ -81.417769, 32.725074 ], [ -81.409988, 32.721863 ], [ -81.420338, 32.721051 ], [ -81.41512, 32.713669 ], [ -81.425927, 32.710037 ], [ -81.424079, 32.706294 ], [ -81.427517, 32.701895 ], [ -81.413577, 32.695472 ], [ -81.412403, 32.692095 ], [ -81.409012, 32.696551 ], [ -81.405684, 32.689888 ], [ -81.40701, 32.68555 ], [ -81.401211, 32.679882 ], [ -81.404287, 32.667797 ], [ -81.397154, 32.661378 ], [ -81.400342, 32.658488 ], [ -81.405369, 32.662919 ], [ -81.407193, 32.660519 ], [ -81.405273, 32.656517 ], [ -81.399432, 32.656813 ], [ -81.393033, 32.651542 ], [ -81.403582, 32.643397 ], [ -81.412553, 32.641523 ], [ -81.402735, 32.637031 ], [ -81.407271, 32.631737 ], [ -81.41026, 32.631392 ], [ -81.414761, 32.637439 ], [ -81.418431, 32.634704 ], [ -81.41866, 32.629392 ], [ -81.413087, 32.624803 ], [ -81.411906, 32.618409 ], [ -81.389205, 32.595416 ], [ -81.378883, 32.588912 ], [ -81.373145, 32.592094 ], [ -81.36927, 32.590705 ], [ -81.369819, 32.585048 ], [ -81.363586, 32.582977 ], [ -81.366782, 32.576915 ], [ -81.358031, 32.582211 ], [ -81.353492, 32.57877 ], [ -81.358314, 32.574451 ], [ -81.355926, 32.571606 ], [ -81.328605, 32.561092 ], [ -81.319602, 32.559562 ], [ -81.297652, 32.562931 ], [ -81.296165, 32.553345 ], [ -81.29148, 32.555714 ], [ -81.293456, 32.561584 ], [ -81.290961, 32.562663 ], [ -81.288627, 32.551113 ], [ -81.283858, 32.556538 ], [ -81.28058, 32.55603 ], [ -81.280874, 32.5479 ], [ -81.274801, 32.544416 ], [ -81.279655, 32.536338 ], [ -81.252063, 32.518136 ], [ -81.243937, 32.520904 ], [ -81.240865, 32.516481 ], [ -81.233794, 32.51831 ], [ -81.232322, 32.512082 ], [ -81.238821, 32.508052 ], [ -81.233111, 32.498069 ], [ -81.200408, 32.468314 ], [ -81.187141, 32.464149 ], [ -81.194412, 32.458909 ], [ -81.192013, 32.453786 ], [ -81.197669, 32.454608 ], [ -81.197868, 32.448555 ], [ -81.203286, 32.452993 ], [ -81.205774, 32.450474 ], [ -81.206318, 32.447007 ], [ -81.200755, 32.446086 ], [ -81.199292, 32.442914 ], [ -81.208389, 32.43725 ], [ -81.205405, 32.423339 ], [ -81.178283, 32.392986 ], [ -81.177784, 32.386231 ], [ -81.181845, 32.379348 ], [ -81.167914, 32.368482 ], [ -81.173875, 32.362766 ], [ -81.160998, 32.355905 ], [ -81.160928, 32.349473 ], [ -81.154608, 32.350068 ], [ -81.15561, 32.343314 ], [ -81.159995, 32.340476 ], [ -81.145327, 32.34516 ], [ -81.147318, 32.350127 ], [ -81.143857, 32.351543 ], [ -81.128535, 32.338381 ], [ -81.138013, 32.32824 ], [ -81.135546, 32.324323 ], [ -81.130735, 32.325756 ], [ -81.129777, 32.31329 ], [ -81.133016, 32.308546 ], [ -81.122631, 32.30699 ], [ -81.123917, 32.295194 ], [ -81.119628, 32.286778 ], [ -81.127141, 32.282255 ], [ -81.123505, 32.275143 ], [ -81.129479, 32.276218 ], [ -81.133179, 32.269678 ], [ -81.136033, 32.272663 ], [ -81.142108, 32.271576 ], [ -81.13693, 32.266115 ], [ -81.146317, 32.263323 ], [ -81.144739, 32.25806 ], [ -81.148124, 32.255091 ], [ -81.145905, 32.250724 ], [ -81.156607, 32.243284 ], [ -81.143634, 32.229266 ], [ -81.152064, 32.222042 ], [ -81.138925, 32.219768 ], [ -81.136012, 32.212854 ], [ -81.12742, 32.207554 ], [ -81.121885, 32.195538 ], [ -81.114032, 32.195701 ], [ -81.121795, 32.191794 ], [ -81.118237, 32.189203 ], [ -81.120439, 32.1787 ], [ -81.116933, 32.176198 ], [ -81.111933, 32.178002 ], [ -81.111132, 32.172703 ], [ -81.116946, 32.170914 ], [ -81.121149, 32.174902 ], [ -81.129756, 32.165839 ], [ -81.12203, 32.161796 ], [ -81.120034, 32.153303 ], [ -81.112236, 32.150804 ], [ -81.118331, 32.144408 ], [ -81.119937, 32.1353 ], [ -81.115247, 32.125504 ], [ -81.115367, 32.114705 ], [ -81.106703, 32.109698 ], [ -81.091619, 32.111165 ], [ -81.086974, 32.103968 ], [ -81.08827, 32.099931 ], [ -81.075391, 32.098035 ], [ -81.059732, 32.088651 ], [ -81.038125, 32.083734 ], [ -81.026296, 32.088103 ], [ -81.012444, 32.101742 ], [ -81.004305, 32.102367 ], [ -80.992138, 32.094915 ], [ -80.983509, 32.079549 ], [ -80.954031, 32.07029 ], [ -80.925085, 32.041939 ], [ -80.892128, 32.035425 ], [ -80.886139, 32.038952 ], [ -80.850238, 32.04142 ], [ -80.822762, 32.034244 ], [ -80.78296, 31.995954 ], [ -80.789841, 31.96439 ], [ -80.796272, 31.953459 ], [ -80.829224, 31.926584 ], [ -80.855339, 31.910809 ], [ -80.896988, 31.852806 ], [ -80.916817, 31.838377 ], [ -80.928589, 31.816982 ], [ -80.949631, 31.803049 ], [ -80.970726, 31.798353 ], [ -80.976952, 31.780876 ], [ -80.99617, 31.762133 ], [ -80.9972, 31.748503 ], [ -81.013812, 31.728643 ], [ -81.025824, 31.720227 ], [ -81.056623, 31.714875 ], [ -81.051521, 31.705198 ], [ -81.049789, 31.688633 ], [ -81.059006, 31.666008 ], [ -81.066635, 31.657328 ], [ -81.069633, 31.642405 ], [ -81.065826, 31.625227 ], [ -81.076683, 31.597946 ], [ -81.087067, 31.529158 ] ] ] } },
{ "type": "Feature", "properties": { "STUSPS": "AL", "NAME": "Alabama", "region_name": "South", "division_name": "East South Central" }, "geometry": { "type": "Polygon", "coordinates": [ [ [ -85.12573, 31.768163 ], [ -85.12903, 31.757663 ], [ -85.11893, 31.732664 ], [ -85.12653, 31.716764 ], [ -85.12553, 31.694965 ], [ -85.11393, 31.686865 ], [ -85.10943, 31.677465 ], [ -85.092429, 31.659966 ], [ -85.079129, 31.654766 ], [ -85.078029, 31.651566 ], [ -85.082629, 31.650266 ], [ -85.086229, 31.638567 ], [ -85.058169, 31.620227 ], [ -85.060552, 31.608224 ], [ -85.055976, 31.605175 ], [ -85.05844, 31.58369 ], [ -85.055284, 31.577596 ], [ -85.05796, 31.57084 ], [ -85.041305, 31.540987 ], [ -85.048263, 31.526012 ], [ -85.044986, 31.51823 ], [ -85.065259, 31.484924 ], [ -85.071621, 31.468384 ], [ -85.066012, 31.430529 ], [ -85.068546, 31.427311 ], [ -85.073702, 31.428959 ], [ -85.075893, 31.424928 ], [ -85.079978, 31.410472 ], [ -85.077626, 31.39888 ], [ -85.092327, 31.364049 ], [ -85.091791, 31.355207 ], [ -85.085918, 31.353146 ], [ -85.089423, 31.336028 ], [ -85.083697, 31.323846 ], [ -85.089774, 31.295026 ], [ -85.098713, 31.284455 ], [ -85.110358, 31.281747 ], [ -85.114601, 31.277333 ], [ -85.111905, 31.272477 ], [ -85.112352, 31.25958 ], [ -85.096763, 31.225651 ], [ -85.098704, 31.211286 ], [ -85.106963, 31.202693 ], [ -85.107516, 31.186451 ], [ -85.098507, 31.180153 ], [ -85.100207, 31.16549 ], [ -85.092106, 31.160293 ], [ -85.076628, 31.156927 ], [ -85.064028, 31.142495 ], [ -85.054677, 31.120818 ], [ -85.035615, 31.108192 ], [ -85.026068, 31.08418 ], [ -85.028573, 31.074583 ], [ -85.012642, 31.055401 ], [ -85.00882, 31.045574 ], [ -85.009407, 31.032377 ], [ -84.999428, 31.013844 ], [ -85.002499, 31.000685 ], [ -85.243632, 31.000884 ], [ -85.998611, 30.99287 ], [ -86.520196, 30.993258 ], [ -87.040229, 30.999547 ], [ -87.237685, 30.996393 ], [ -87.598829, 30.997455 ], [ -87.588862, 30.96579 ], [ -87.590933, 30.953513 ], [ -87.607053, 30.925121 ], [ -87.615686, 30.901641 ], [ -87.621807, 30.897723 ], [ -87.62027, 30.887404 ], [ -87.629103, 30.880425 ], [ -87.634744, 30.86561 ], [ -87.626006, 30.857438 ], [ -87.626976, 30.847826 ], [ -87.617072, 30.840328 ], [ -87.615245, 30.83421 ], [ -87.604314, 30.831419 ], [ -87.600102, 30.820508 ], [ -87.579567, 30.810892 ], [ -87.571752, 30.800199 ], [ -87.568252, 30.800113 ], [ -87.545432, 30.779389 ], [ -87.546047, 30.772056 ], [ -87.535985, 30.761192 ], [ -87.53534, 30.749999 ], [ -87.529977, 30.740952 ], [ -87.510633, 30.732907 ], [ -87.501944, 30.721274 ], [ -87.492093, 30.720392 ], [ -87.483623, 30.71531 ], [ -87.481278, 30.717002 ], [ -87.477992, 30.713277 ], [ -87.479312, 30.7096 ], [ -87.475171, 30.70906 ], [ -87.475805, 30.705248 ], [ -87.469806, 30.705021 ], [ -87.468085, 30.700208 ], [ -87.46219, 30.700189 ], [ -87.458013, 30.696398 ], [ -87.449566, 30.69896 ], [ -87.440375, 30.690362 ], [ -87.430136, 30.688259 ], [ -87.419041, 30.678528 ], [ -87.406474, 30.675146 ], [ -87.403103, 30.657479 ], [ -87.396818, 30.65485 ], [ -87.394336, 30.645612 ], [ -87.394913, 30.614266 ], [ -87.39877, 30.605396 ], [ -87.403286, 30.605361 ], [ -87.407587, 30.600865 ], [ -87.405296, 30.598692 ], [ -87.408018, 30.583701 ], [ -87.412191, 30.573716 ], [ -87.418521, 30.570134 ], [ -87.416148, 30.566293 ], [ -87.417917, 30.562254 ], [ -87.425359, 30.560311 ], [ -87.427554, 30.553681 ], [ -87.434883, 30.549434 ], [ -87.435321, 30.542867 ], [ -87.441569, 30.537451 ], [ -87.438958, 30.530291 ], [ -87.443901, 30.531481 ], [ -87.443647, 30.528138 ], [ -87.44798, 30.526607 ], [ -87.443806, 30.523948 ], [ -87.447283, 30.521973 ], [ -87.447268, 30.515044 ], [ -87.444524, 30.514248 ], [ -87.449122, 30.515301 ], [ -87.450371, 30.514462 ], [ -87.430978, 30.498295 ], [ -87.431678, 30.492896 ], [ -87.428378, 30.488496 ], [ -87.433878, 30.487696 ], [ -87.435578, 30.480496 ], [ -87.425078, 30.465596 ], [ -87.399877, 30.450997 ], [ -87.370768, 30.446865 ], [ -87.366939, 30.44048 ], [ -87.369383, 30.431948 ], [ -87.395676, 30.417597 ], [ -87.402977, 30.410398 ], [ -87.422677, 30.410098 ], [ -87.429578, 30.406498 ], [ -87.440678, 30.391498 ], [ -87.438678, 30.380798 ], [ -87.451378, 30.367199 ], [ -87.451078, 30.345599 ], [ -87.461078, 30.3353 ], [ -87.502572, 30.327405 ], [ -87.50578, 30.3125 ], [ -87.49998, 30.306201 ], [ -87.483679, 30.304801 ], [ -87.450078, 30.3111 ], [ -87.452378, 30.300201 ], [ -87.51838, 30.283901 ], [ -87.518346, 30.229506 ], [ -87.647824, 30.199211 ], [ -87.718002, 30.19176 ], [ -87.807153, 30.177378 ], [ -87.987409, 30.17789 ], [ -88.003618, 30.173417 ], [ -88.02077, 30.155218 ], [ -88.046104, 30.144689 ], [ -88.074869, 30.147149 ], [ -88.09022, 30.154516 ], [ -88.103417, 30.166377 ], [ -88.128498, 30.172078 ], [ -88.162022, 30.200093 ], [ -88.303023, 30.177962 ], [ -88.324934, 30.180242 ], [ -88.347719, 30.190088 ], [ -88.359756, 30.174536 ], [ -88.384431, 30.158543 ], [ -88.418632, 30.86657 ], [ -88.473227, 31.893856 ], [ -88.403842, 32.448773 ], [ -88.324569, 33.133246 ], [ -88.243025, 33.795679 ], [ -88.097888, 34.892202 ], [ -88.131963, 34.904958 ], [ -88.152413, 34.919741 ], [ -88.161437, 34.932044 ], [ -88.172539, 34.9569 ], [ -88.198046, 34.990285 ], [ -88.202959, 35.008028 ], [ -87.41886, 35.002668 ], [ -86.862147, 34.991957 ], [ -86.374966, 34.991738 ], [ -85.605165, 34.984678 ], [ -85.561416, 34.750079 ], [ -85.42947, 34.125096 ], [ -85.184131, 32.870525 ], [ -85.1844, 32.861317 ], [ -85.177125, 32.85389 ], [ -85.168688, 32.852587 ], [ -85.16231, 32.856479 ], [ -85.156289, 32.850524 ], [ -85.154013, 32.840744 ], [ -85.164108, 32.835295 ], [ -85.168342, 32.828516 ], [ -85.164845, 32.819789 ], [ -85.168048, 32.811841 ], [ -85.152025, 32.794179 ], [ -85.142183, 32.792136 ], [ -85.139665, 32.78515 ], [ -85.126219, 32.779189 ], [ -85.122326, 32.774383 ], [ -85.130884, 32.769562 ], [ -85.136692, 32.771172 ], [ -85.142987, 32.759934 ], [ -85.133138, 32.744631 ], [ -85.11855, 32.740817 ], [ -85.113329, 32.735751 ], [ -85.122738, 32.716032 ], [ -85.118138, 32.709432 ], [ -85.120038, 32.706533 ], [ -85.117037, 32.692033 ], [ -85.112637, 32.683434 ], [ -85.093536, 32.669734 ], [ -85.088483, 32.657758 ], [ -85.104337, 32.646434 ], [ -85.104532, 32.641011 ], [ -85.098899, 32.636935 ], [ -85.100089, 32.634576 ], [ -85.083118, 32.636161 ], [ -85.090886, 32.625135 ], [ -85.08224, 32.616264 ], [ -85.078975, 32.600169 ], [ -85.067535, 32.579546 ], [ -85.057902, 32.57465 ], [ -85.043662, 32.556523 ], [ -85.035726, 32.553963 ], [ -85.031389, 32.544171 ], [ -85.020797, 32.542764 ], [ -85.020877, 32.535852 ], [ -85.015261, 32.527676 ], [ -85.0071, 32.523868 ], [ -84.996532, 32.501641 ], [ -84.998832, 32.497041 ], [ -84.994931, 32.480142 ], [ -84.998531, 32.468742 ], [ -84.99533, 32.453243 ], [ -84.983831, 32.445642 ], [ -84.971831, 32.442843 ], [ -84.96303, 32.424244 ], [ -84.979431, 32.412244 ], [ -84.980954, 32.406064 ], [ -84.979898, 32.400097 ], [ -84.96873, 32.391457 ], [ -84.983002, 32.391953 ], [ -84.98841, 32.385216 ], [ -84.986282, 32.380336 ], [ -84.97481, 32.380257 ], [ -84.972154, 32.376914 ], [ -84.985322, 32.372514 ], [ -84.983866, 32.362386 ], [ -85.004582, 32.345196 ], [ -85.008096, 32.336677 ], [ -85.006402, 32.326757 ], [ -85.000343, 32.321418 ], [ -84.934648, 32.298916 ], [ -84.922872, 32.285333 ], [ -84.888246, 32.25967 ], [ -84.901191, 32.258374 ], [ -84.907227, 32.249049 ], [ -84.924427, 32.250149 ], [ -84.923227, 32.24465 ], [ -84.915427, 32.246049 ], [ -84.912727, 32.24335 ], [ -84.928227, 32.219851 ], [ -84.973328, 32.21765 ], [ -84.980229, 32.207751 ], [ -84.974428, 32.20355 ], [ -84.964628, 32.20355 ], [ -84.961728, 32.198751 ], [ -84.963728, 32.195852 ], [ -85.011267, 32.180493 ], [ -85.045593, 32.143758 ], [ -85.061907, 32.132863 ], [ -85.044761, 32.085836 ], [ -85.053232, 32.080604 ], [ -85.055813, 32.074439 ], [ -85.054179, 32.067985 ], [ -85.05883, 32.046956 ], [ -85.053468, 32.037823 ], [ -85.058034, 32.033606 ], [ -85.057124, 32.029919 ], [ -85.048825, 32.021701 ], [ -85.053669, 32.020662 ], [ -85.055075, 32.010714 ], [ -85.063441, 32.00414 ], [ -85.06733, 31.995557 ], [ -85.07093, 31.981658 ], [ -85.065929, 31.972458 ], [ -85.067829, 31.967358 ], [ -85.08673, 31.959158 ], [ -85.07893, 31.940159 ], [ -85.09953, 31.925259 ], [ -85.10243, 31.917359 ], [ -85.113131, 31.911859 ], [ -85.10803, 31.90516 ], [ -85.112231, 31.90276 ], [ -85.11203, 31.89476 ], [ -85.134131, 31.89216 ], [ -85.128431, 31.87756 ], [ -85.140731, 31.857461 ], [ -85.137731, 31.845861 ], [ -85.141831, 31.839261 ], [ -85.131931, 31.827062 ], [ -85.134531, 31.824962 ], [ -85.131231, 31.816762 ], [ -85.132231, 31.795162 ], [ -85.141931, 31.781963 ], [ -85.12573, 31.768163 ] ] ] } },
{ "type": "Feature", "properties": { "STUSPS": "UT", "NAME": "Utah", "region_name": "West", "division_name": "Mountain" }, "geometry": { "type": "Polygon", "coordinates": [ [ [ -112.153848, 41.997226 ], [ -111.046714, 42.001702 ], [ -111.046815, 40.997875 ], [ -110.274112, 40.994817 ], [ -109.232505, 41.002107 ], [ -109.050026, 41.000691 ], [ -109.047767, 40.609879 ], [ -109.051245, 40.441599 ], [ -109.051166, 39.142603 ], [ -109.054022, 38.877161 ], [ -109.059824, 38.714746 ], [ -109.060204, 38.278238 ], [ -109.042572, 38.157016 ], [ -109.041572, 37.562138 ], [ -109.04564, 37.359723 ], [ -109.045172, 36.998977 ], [ -110.469733, 36.997657 ], [ -110.490299, 37.003628 ], [ -110.625691, 37.003725 ], [ -111.150576, 37.00095 ], [ -114.050052, 37.000191 ], [ -114.052867, 37.58827 ], [ -114.051651, 37.75165 ], [ -114.048302, 37.809424 ], [ -114.050521, 38.496117 ], [ -114.046099, 40.401848 ], [ -114.039461, 41.718874 ], [ -114.041477, 41.993873 ], [ -113.873349, 41.988182 ], [ -112.705684, 42.000151 ], [ -112.173148, 42.001515 ], [ -112.153848, 41.997226 ] ] ] } },
{ "type": "Feature", "properties": { "STUSPS": "OH", "NAME": "Ohio", "region_name": "Midwest", "division_name": "East North Central" }, "geometry": { "type": "Polygon", "coordinates": [ [ [ -80.519851, 42.327132 ], [ -80.518991, 40.638801 ], [ -80.551126, 40.628847 ], [ -80.576704, 40.614223 ], [ -80.598764, 40.625263 ], [ -80.627171, 40.619936 ], [ -80.66354, 40.590768 ], [ -80.667909, 40.582944 ], [ -80.664372, 40.570016 ], [ -80.652436, 40.562544 ], [ -80.633107, 40.538705 ], [ -80.627507, 40.535793 ], [ -80.618003, 40.502049 ], [ -80.595405, 40.475316 ], [ -80.595953, 40.463354 ], [ -80.612195, 40.434838 ], [ -80.612325, 40.402762 ], [ -80.632196, 40.393667 ], [ -80.632732, 40.390505 ], [ -80.631392, 40.385696 ], [ -80.619102, 40.381862 ], [ -80.609686, 40.37495 ], [ -80.607587, 40.36956 ], [ -80.612795, 40.347669 ], [ -80.599895, 40.317666 ], [ -80.602895, 40.307069 ], [ -80.614886, 40.291971 ], [ -80.619297, 40.26517 ], [ -80.652101, 40.244975 ], [ -80.66154, 40.229812 ], [ -80.668083, 40.199689 ], [ -80.686081, 40.181637 ], [ -80.705611, 40.153476 ], [ -80.710166, 40.138315 ], [ -80.707095, 40.111103 ], [ -80.709545, 40.100302 ], [ -80.7313, 40.08643 ], [ -80.738181, 40.078607 ], [ -80.738165, 40.066534 ], [ -80.733327, 40.058635 ], [ -80.731024, 40.044291 ], [ -80.74217, 40.008575 ], [ -80.738883, 39.985583 ], [ -80.740139, 39.970795 ], [ -80.757922, 39.959707 ], [ -80.764275, 39.949963 ], [ -80.756113, 39.913402 ], [ -80.763399, 39.908619 ], [ -80.787038, 39.918355 ], [ -80.799685, 39.91958 ], [ -80.806776, 39.916308 ], [ -80.809174, 39.903936 ], [ -80.79399, 39.882783 ], [ -80.790761, 39.86728 ], [ -80.799898, 39.858912 ], [ -80.821279, 39.849982 ], [ -80.826124, 39.844238 ], [ -80.822181, 39.811708 ], [ -80.826079, 39.798584 ], [ -80.863048, 39.775197 ], [ -80.869092, 39.766364 ], [ -80.870322, 39.763184 ], [ -80.865339, 39.753251 ], [ -80.852738, 39.74104 ], [ -80.84596, 39.738667 ], [ -80.831551, 39.719475 ], [ -80.829764, 39.711839 ], [ -80.833882, 39.703497 ], [ -80.852, 39.69856 ], [ -80.863698, 39.691724 ], [ -80.866646, 39.652616 ], [ -80.88036, 39.620706 ], [ -80.892208, 39.616756 ], [ -80.91762, 39.618703 ], [ -80.928346, 39.616554 ], [ -80.973483, 39.588446 ], [ -81.071025, 39.515608 ], [ -81.100834, 39.487176 ], [ -81.114733, 39.465575 ], [ -81.132534, 39.446275 ], [ -81.167593, 39.440064 ], [ -81.185145, 39.431479 ], [ -81.208231, 39.407147 ], [ -81.211654, 39.392977 ], [ -81.217315, 39.38759 ], [ -81.223581, 39.386062 ], [ -81.244359, 39.39041 ], [ -81.270292, 39.386047 ], [ -81.30177, 39.372228 ], [ -81.344927, 39.346794 ], [ -81.375961, 39.341697 ], [ -81.384556, 39.343449 ], [ -81.393794, 39.351706 ], [ -81.406689, 39.38809 ], [ -81.412706, 39.394618 ], [ -81.435642, 39.408474 ], [ -81.456143, 39.409274 ], [ -81.473187, 39.400169 ], [ -81.503189, 39.373242 ], [ -81.542346, 39.352874 ], [ -81.557547, 39.338774 ], [ -81.565247, 39.276175 ], [ -81.570247, 39.267675 ], [ -81.585559, 39.268747 ], [ -81.605816, 39.275851 ], [ -81.622185, 39.273675 ], [ -81.645338, 39.277339 ], [ -81.670187, 39.275963 ], [ -81.683613, 39.270947 ], [ -81.69662, 39.256139 ], [ -81.691915, 39.227035 ], [ -81.700908, 39.220844 ], [ -81.725622, 39.215905 ], [ -81.736874, 39.192628 ], [ -81.751206, 39.186043 ], [ -81.75618, 39.18046 ], [ -81.742765, 39.142669 ], [ -81.745194, 39.138239 ], [ -81.742353, 39.111277 ], [ -81.746054, 39.096978 ], [ -81.760754, 39.084077 ], [ -81.775555, 39.078377 ], [ -81.806654, 39.084078 ], [ -81.813854, 39.079678 ], [ -81.812354, 39.061279 ], [ -81.808055, 39.053777 ], [ -81.800355, 39.044978 ], [ -81.772854, 39.026179 ], [ -81.764253, 39.015279 ], [ -81.765153, 39.002579 ], [ -81.774062, 38.993682 ], [ -81.78182, 38.964935 ], [ -81.778845, 38.955892 ], [ -81.756975, 38.937154 ], [ -81.757058, 38.931228 ], [ -81.762658, 38.924123 ], [ -81.774105, 38.922964 ], [ -81.785647, 38.926192 ], [ -81.811157, 38.944721 ], [ -81.827354, 38.945898 ], [ -81.844486, 38.928746 ], [ -81.845312, 38.910088 ], [ -81.855971, 38.892734 ], [ -81.889233, 38.874279 ], [ -81.90297, 38.87609 ], [ -81.927999, 38.893492 ], [ -81.92667, 38.901311 ], [ -81.89847, 38.929603 ], [ -81.900595, 38.937671 ], [ -81.933186, 38.98766 ], [ -81.951447, 38.996032 ], [ -81.979371, 38.993193 ], [ -81.991361, 39.018378 ], [ -82.004499, 39.028892 ], [ -82.021884, 39.029491 ], [ -82.037749, 39.023865 ], [ -82.051563, 38.994378 ], [ -82.091565, 38.973778 ], [ -82.094865, 38.964578 ], [ -82.109065, 38.945579 ], [ -82.110866, 38.940379 ], [ -82.110565, 38.935279 ], [ -82.111667, 38.932579 ], [ -82.111166, 38.936579 ], [ -82.129366, 38.907879 ], [ -82.143167, 38.898079 ], [ -82.145367, 38.884179 ], [ -82.139224, 38.86502 ], [ -82.145467, 38.83968 ], [ -82.163598, 38.823424 ], [ -82.191172, 38.815137 ], [ -82.211438, 38.80122 ], [ -82.221566, 38.787187 ], [ -82.219644, 38.772283 ], [ -82.198882, 38.757725 ], [ -82.187968, 38.733082 ], [ -82.186868, 38.722282 ], [ -82.193098, 38.737718 ], [ -82.182467, 38.708782 ], [ -82.190867, 38.680383 ], [ -82.172467, 38.628784 ], [ -82.175267, 38.607084 ], [ -82.188767, 38.594984 ], [ -82.201004, 38.592052 ], [ -82.221468, 38.591284 ], [ -82.246659, 38.598569 ], [ -82.26207, 38.598183 ], [ -82.27427, 38.593683 ], [ -82.291271, 38.578983 ], [ -82.295671, 38.538483 ], [ -82.303971, 38.517683 ], [ -82.304223, 38.496308 ], [ -82.318111, 38.457876 ], [ -82.330335, 38.4445 ], [ -82.381773, 38.434783 ], [ -82.404882, 38.439347 ], [ -82.538234, 38.404081 ], [ -82.570571, 38.40496 ], [ -82.583378, 38.40997 ], [ -82.593482, 38.418252 ], [ -82.600972, 38.439107 ], [ -82.603646, 38.459223 ], [ -82.610808, 38.471953 ], [ -82.653595, 38.493843 ], [ -82.698285, 38.54377 ], [ -82.727905, 38.558871 ], [ -82.795871, 38.56181 ], [ -82.821214, 38.573393 ], [ -82.842472, 38.58891 ], [ -82.854455, 38.613769 ], [ -82.860383, 38.662882 ], [ -82.877493, 38.689465 ], [ -82.869884, 38.727272 ], [ -82.871769, 38.739427 ], [ -82.87954, 38.751298 ], [ -82.890432, 38.75626 ], [ -82.934678, 38.746664 ], [ -82.971489, 38.7272 ], [ -83.008784, 38.729994 ], [ -83.030495, 38.725839 ], [ -83.054018, 38.695068 ], [ -83.062873, 38.689307 ], [ -83.112384, 38.671623 ], [ -83.122067, 38.660098 ], [ -83.126693, 38.644393 ], [ -83.134754, 38.632013 ], [ -83.153644, 38.618839 ], [ -83.204364, 38.616775 ], [ -83.230887, 38.627104 ], [ -83.245664, 38.628564 ], [ -83.264263, 38.621401 ], [ -83.287589, 38.598537 ], [ -83.299037, 38.597374 ], [ -83.309282, 38.601679 ], [ -83.317853, 38.609756 ], [ -83.322053, 38.629811 ], [ -83.327566, 38.637675 ], [ -83.357836, 38.654879 ], [ -83.377573, 38.661809 ], [ -83.46771, 38.675348 ], [ -83.493636, 38.694518 ], [ -83.521141, 38.703079 ], [ -83.545224, 38.699928 ], [ -83.601861, 38.683981 ], [ -83.611516, 38.684653 ], [ -83.62553, 38.678876 ], [ -83.636212, 38.667928 ], [ -83.641594, 38.644067 ], [ -83.647842, 38.632404 ], [ -83.668893, 38.626562 ], [ -83.720862, 38.646674 ], [ -83.748254, 38.64927 ], [ -83.76912, 38.655075 ], [ -83.775732, 38.666713 ], [ -83.784463, 38.696723 ], [ -83.792072, 38.702301 ], [ -83.82189, 38.709537 ], [ -83.836759, 38.717718 ], [ -83.841556, 38.723919 ], [ -83.848891, 38.747477 ], [ -83.858316, 38.756325 ], [ -83.869407, 38.761301 ], [ -83.925661, 38.771208 ], [ -83.943207, 38.783176 ], [ -83.962367, 38.787521 ], [ -83.978095, 38.787363 ], [ -84.043753, 38.77067 ], [ -84.070779, 38.770414 ], [ -84.09246, 38.774422 ], [ -84.147212, 38.792861 ], [ -84.213115, 38.805835 ], [ -84.225298, 38.817461 ], [ -84.231864, 38.83272 ], [ -84.23434, 38.893265 ], [ -84.257039, 38.922649 ], [ -84.288777, 38.955644 ], [ -84.295796, 38.969209 ], [ -84.297732, 38.989743 ], [ -84.306074, 39.007753 ], [ -84.32662, 39.027262 ], [ -84.347599, 39.03758 ], [ -84.376913, 39.044163 ], [ -84.408054, 39.045934 ], [ -84.426389, 39.053134 ], [ -84.428564, 39.055579 ], [ -84.423868, 39.05286 ], [ -84.430561, 39.05874 ], [ -84.432732, 39.066834 ], [ -84.43516, 39.100362 ], [ -84.44322, 39.112174 ], [ -84.452534, 39.119239 ], [ -84.464555, 39.122016 ], [ -84.475797, 39.119938 ], [ -84.497025, 39.100358 ], [ -84.510857, 39.093743 ], [ -84.525626, 39.092478 ], [ -84.542273, 39.099541 ], [ -84.551658, 39.099306 ], [ -84.571906, 39.08243 ], [ -84.607482, 39.073369 ], [ -84.632532, 39.076634 ], [ -84.65454, 39.094026 ], [ -84.686478, 39.101109 ], [ -84.718524, 39.13686 ], [ -84.743351, 39.147585 ], [ -84.753401, 39.147114 ], [ -84.762276, 39.142186 ], [ -84.787768, 39.115313 ], [ -84.820155, 39.105419 ], [ -84.814187, 39.813687 ], [ -84.803645, 40.312139 ], [ -84.802144, 40.749162 ], [ -84.805972, 41.696118 ], [ -83.415851, 41.733794 ], [ -83.11246, 41.95941 ], [ -83.069312, 41.864217 ], [ -82.681119, 41.676328 ], [ -82.398348, 41.676524 ], [ -81.709202, 42.000037 ], [ -81.686447, 42.000037 ], [ -81.249833, 42.216415 ], [ -80.519851, 42.327132 ] ] ] } },
{ "type": "Feature", "properties": { "STUSPS": "OK", "NAME": "Oklahoma", "region_name": "South", "division_name": "West South Central" }, "geometry": { "type": "Polygon", "coordinates": [ [ [ -98.300465, 36.997684 ], [ -94.617964, 36.998905 ], [ -94.617859, 36.499431 ], [ -94.571806, 36.213748 ], [ -94.431014, 35.393167 ], [ -94.434879, 35.388115 ], [ -94.431504, 35.369263 ], [ -94.457581, 34.635115 ], [ -94.485903, 33.637858 ], [ -94.49167, 33.636454 ], [ -94.487513, 33.629432 ], [ -94.491503, 33.625115 ], [ -94.508375, 33.62129 ], [ -94.517468, 33.633056 ], [ -94.520245, 33.629805 ], [ -94.51792, 33.623734 ], [ -94.519838, 33.618077 ], [ -94.528239, 33.616085 ], [ -94.535425, 33.624217 ], [ -94.518529, 33.63757 ], [ -94.525053, 33.641286 ], [ -94.541858, 33.636299 ], [ -94.553372, 33.627584 ], [ -94.568965, 33.627453 ], [ -94.568386, 33.637203 ], [ -94.545436, 33.646228 ], [ -94.542627, 33.653992 ], [ -94.549636, 33.660676 ], [ -94.570566, 33.652226 ], [ -94.580047, 33.6445 ], [ -94.590478, 33.645075 ], [ -94.576765, 33.658763 ], [ -94.564802, 33.661804 ], [ -94.560339, 33.666591 ], [ -94.563668, 33.669272 ], [ -94.580784, 33.666392 ], [ -94.57962, 33.677623 ], [ -94.58793, 33.686255 ], [ -94.59303, 33.684019 ], [ -94.590027, 33.67585 ], [ -94.59205, 33.667039 ], [ -94.596019, 33.663863 ], [ -94.605823, 33.664189 ], [ -94.616418, 33.680103 ], [ -94.622043, 33.682535 ], [ -94.628711, 33.680532 ], [ -94.639198, 33.663737 ], [ -94.654919, 33.659925 ], [ -94.668646, 33.663846 ], [ -94.67076, 33.6693 ], [ -94.662615, 33.674946 ], [ -94.65185, 33.670453 ], [ -94.645337, 33.673644 ], [ -94.650373, 33.684438 ], [ -94.645492, 33.685932 ], [ -94.638646, 33.695804 ], [ -94.643715, 33.701522 ], [ -94.647902, 33.700516 ], [ -94.647093, 33.690346 ], [ -94.651402, 33.685843 ], [ -94.666885, 33.694583 ], [ -94.684796, 33.684353 ], [ -94.716188, 33.687902 ], [ -94.718338, 33.688664 ], [ -94.714432, 33.697189 ], [ -94.703496, 33.697538 ], [ -94.70156, 33.702878 ], [ -94.725295, 33.714672 ], [ -94.733965, 33.715687 ], [ -94.730691, 33.707355 ], [ -94.718872, 33.703349 ], [ -94.715943, 33.694913 ], [ -94.719531, 33.688857 ], [ -94.735856, 33.691625 ], [ -94.740922, 33.700555 ], [ -94.751942, 33.704862 ], [ -94.753801, 33.708663 ], [ -94.736129, 33.71608 ], [ -94.732786, 33.720035 ], [ -94.733413, 33.725191 ], [ -94.742092, 33.726692 ], [ -94.745855, 33.716158 ], [ -94.751366, 33.71354 ], [ -94.757738, 33.717817 ], [ -94.747668, 33.725148 ], [ -94.751825, 33.734326 ], [ -94.760604, 33.727054 ], [ -94.768695, 33.726989 ], [ -94.782498, 33.730125 ], [ -94.788637, 33.735669 ], [ -94.776815, 33.746437 ], [ -94.758948, 33.748532 ], [ -94.757847, 33.755889 ], [ -94.763035, 33.759764 ], [ -94.772915, 33.759733 ], [ -94.780068, 33.744469 ], [ -94.802833, 33.732699 ], [ -94.817023, 33.740007 ], [ -94.812155, 33.750936 ], [ -94.816831, 33.754216 ], [ -94.816387, 33.763963 ], [ -94.820707, 33.768964 ], [ -94.827275, 33.766885 ], [ -94.830875, 33.759985 ], [ -94.823042, 33.747525 ], [ -94.820155, 33.736984 ], [ -94.821989, 33.732878 ], [ -94.828456, 33.735117 ], [ -94.827948, 33.740882 ], [ -94.849314, 33.739587 ], [ -94.867544, 33.744904 ], [ -94.877125, 33.753123 ], [ -94.866736, 33.76183 ], [ -94.868144, 33.768874 ], [ -94.874564, 33.769618 ], [ -94.873833, 33.758059 ], [ -94.876372, 33.75733 ], [ -94.886934, 33.769067 ], [ -94.901281, 33.77085 ], [ -94.904172, 33.777198 ], [ -94.912868, 33.779476 ], [ -94.921526, 33.790472 ], [ -94.921314, 33.798408 ], [ -94.910882, 33.815915 ], [ -94.91801, 33.826783 ], [ -94.926616, 33.827557 ], [ -94.923289, 33.808742 ], [ -94.940436, 33.805637 ], [ -94.947874, 33.808356 ], [ -94.953518, 33.816475 ], [ -94.943888, 33.830226 ], [ -94.964401, 33.837021 ], [ -94.970205, 33.861817 ], [ -94.975896, 33.860188 ], [ -94.981634, 33.852314 ], [ -94.988487, 33.851 ], [ -95.002187, 33.863713 ], [ -95.015745, 33.857733 ], [ -95.046568, 33.862565 ], [ -95.050704, 33.868179 ], [ -95.050572, 33.878299 ], [ -95.059088, 33.887491 ], [ -95.060105, 33.901873 ], [ -95.072413, 33.902699 ], [ -95.071801, 33.895561 ], [ -95.075876, 33.901846 ], [ -95.074629, 33.907267 ], [ -95.064235, 33.910156 ], [ -95.063459, 33.91404 ], [ -95.06676, 33.917101 ], [ -95.073966, 33.915636 ], [ -95.078696, 33.90504 ], [ -95.082408, 33.879882 ], [ -95.089607, 33.880857 ], [ -95.100378, 33.895595 ], [ -95.079742, 33.908595 ], [ -95.076782, 33.913584 ], [ -95.08006, 33.920989 ], [ -95.110388, 33.905407 ], [ -95.120893, 33.904539 ], [ -95.131644, 33.913926 ], [ -95.121727, 33.925762 ], [ -95.121184, 33.931307 ], [ -95.1247, 33.934675 ], [ -95.156961, 33.936645 ], [ -95.171503, 33.94672 ], [ -95.198104, 33.953352 ], [ -95.216947, 33.962674 ], [ -95.230444, 33.960043 ], [ -95.232879, 33.949736 ], [ -95.240605, 33.947229 ], [ -95.250001, 33.938861 ], [ -95.248501, 33.906974 ], [ -95.257724, 33.890122 ], [ -95.26212, 33.887826 ], [ -95.266656, 33.8939 ], [ -95.264997, 33.904588 ], [ -95.268697, 33.91109 ], [ -95.27596, 33.911279 ], [ -95.284629, 33.905483 ], [ -95.284558, 33.899917 ], [ -95.278163, 33.890343 ], [ -95.278174, 33.878386 ], [ -95.288926, 33.87307 ], [ -95.306397, 33.874906 ], [ -95.314428, 33.881632 ], [ -95.329936, 33.886334 ], [ -95.335696, 33.874252 ], [ -95.362571, 33.866902 ], [ -95.383826, 33.868646 ], [ -95.405209, 33.864575 ], [ -95.427684, 33.870459 ], [ -95.442746, 33.866506 ], [ -95.463336, 33.872396 ], [ -95.46144, 33.887106 ], [ -95.483531, 33.876825 ], [ -95.504999, 33.875922 ], [ -95.505092, 33.893406 ], [ -95.509526, 33.897586 ], [ -95.532622, 33.881521 ], [ -95.544141, 33.880603 ], [ -95.551216, 33.889713 ], [ -95.547832, 33.901856 ], [ -95.55421, 33.926958 ], [ -95.563784, 33.932945 ], [ -95.581854, 33.934152 ], [ -95.594085, 33.943057 ], [ -95.597522, 33.942342 ], [ -95.598416, 33.93438 ], [ -95.603138, 33.9292 ], [ -95.616367, 33.927626 ], [ -95.627318, 33.907806 ], [ -95.632774, 33.904815 ], [ -95.655232, 33.909914 ], [ -95.665478, 33.909004 ], [ -95.684579, 33.890646 ], [ -95.700635, 33.885845 ], [ -95.712183, 33.885519 ], [ -95.733183, 33.896447 ], [ -95.752153, 33.894577 ], [ -95.757941, 33.890752 ], [ -95.762467, 33.881144 ], [ -95.76152, 33.873118 ], [ -95.751342, 33.860287 ], [ -95.752109, 33.854953 ], [ -95.757959, 33.849566 ], [ -95.770239, 33.845202 ], [ -95.797614, 33.86059 ], [ -95.815571, 33.859853 ], [ -95.820911, 33.856172 ], [ -95.819486, 33.841296 ], [ -95.830406, 33.834785 ], [ -95.843935, 33.838198 ], [ -95.856832, 33.850141 ], [ -95.867189, 33.85129 ], [ -95.925089, 33.884936 ], [ -95.932209, 33.883882 ], [ -95.941796, 33.861651 ], [ -95.94414, 33.859998 ], [ -95.948676, 33.858041 ], [ -95.951382, 33.857332 ], [ -95.947327, 33.858915 ], [ -95.984856, 33.852492 ], [ -95.984927, 33.865805 ], [ -96.002925, 33.87359 ], [ -96.002875, 33.86667 ], [ -95.994869, 33.861824 ], [ -95.996833, 33.853898 ], [ -96.00405, 33.845237 ], [ -96.017055, 33.841454 ], [ -96.022736, 33.841092 ], [ -96.019542, 33.853497 ], [ -96.026968, 33.857474 ], [ -96.030501, 33.855261 ], [ -96.034988, 33.842646 ], [ -96.048834, 33.836468 ], [ -96.084626, 33.846656 ], [ -96.100095, 33.847971 ], [ -96.097638, 33.837936 ], [ -96.09936, 33.83047 ], [ -96.109994, 33.832396 ], [ -96.122949, 33.839964 ], [ -96.149227, 33.837091 ], [ -96.15163, 33.831946 ], [ -96.148792, 33.819197 ], [ -96.150765, 33.816987 ], [ -96.166503, 33.817867 ], [ -96.176307, 33.814375 ], [ -96.179122, 33.810224 ], [ -96.175726, 33.802321 ], [ -96.169592, 33.800944 ], [ -96.16995, 33.805131 ], [ -96.163766, 33.813051 ], [ -96.155538, 33.81404 ], [ -96.159822, 33.81155 ], [ -96.162775, 33.786421 ], [ -96.16909, 33.770417 ], [ -96.186627, 33.755021 ], [ -96.220522, 33.74739 ], [ -96.229023, 33.748021 ], [ -96.263593, 33.767467 ], [ -96.287083, 33.771243 ], [ -96.293708, 33.769409 ], [ -96.306163, 33.744032 ], [ -96.306364, 33.723062 ], [ -96.31223, 33.706304 ], [ -96.321098, 33.695102 ], [ -96.332917, 33.693158 ], [ -96.346859, 33.686216 ], [ -96.362197, 33.691818 ], [ -96.369589, 33.716809 ], [ -96.40822, 33.750542 ], [ -96.423532, 33.776432 ], [ -96.448045, 33.781031 ], [ -96.459154, 33.775232 ], [ -96.500984, 33.772801 ], [ -96.516581, 33.788279 ], [ -96.517848, 33.806858 ], [ -96.524865, 33.819526 ], [ -96.531966, 33.823989 ], [ -96.558109, 33.817131 ], [ -96.556213, 33.819142 ], [ -96.572937, 33.819098 ], [ -96.592926, 33.830915 ], [ -96.629274, 33.8455 ], [ -96.629022, 33.852408 ], [ -96.61197, 33.869016 ], [ -96.590112, 33.880665 ], [ -96.58536, 33.888948 ], [ -96.587934, 33.894784 ], [ -96.628294, 33.894477 ], [ -96.658207, 33.915841 ], [ -96.667187, 33.91694 ], [ -96.673449, 33.912278 ], [ -96.680947, 33.896204 ], [ -96.684727, 33.862905 ], [ -96.699574, 33.839049 ], [ -96.712422, 33.831633 ], [ -96.761587, 33.824407 ], [ -96.770675, 33.829621 ], [ -96.780569, 33.860098 ], [ -96.794276, 33.868886 ], [ -96.832157, 33.874835 ], [ -96.839775, 33.868398 ], [ -96.841592, 33.852894 ], [ -96.850593, 33.847211 ], [ -96.860247, 33.849689 ], [ -96.875281, 33.860505 ], [ -96.88301, 33.868019 ], [ -96.895728, 33.896414 ], [ -96.900996, 33.938784 ], [ -96.907387, 33.950025 ], [ -96.9163, 33.957798 ], [ -96.924268, 33.959159 ], [ -96.97287, 33.935698 ], [ -96.979818, 33.941588 ], [ -96.981337, 33.956378 ], [ -96.990835, 33.952701 ], [ -96.996251, 33.942664 ], [ -96.985326, 33.906607 ], [ -96.983835, 33.890949 ], [ -96.997088, 33.871017 ], [ -97.021438, 33.846379 ], [ -97.041832, 33.837756 ], [ -97.046126, 33.83956 ], [ -97.056546, 33.856476 ], [ -97.06704, 33.860514 ], [ -97.088498, 33.851849 ], [ -97.090538, 33.845215 ], [ -97.087204, 33.841368 ], [ -97.062282, 33.83799 ], [ -97.051949, 33.832993 ], [ -97.048315, 33.82787 ], [ -97.048146, 33.817456 ], [ -97.079105, 33.812317 ], [ -97.092646, 33.804198 ], [ -97.095098, 33.792172 ], [ -97.084802, 33.7616 ], [ -97.087365, 33.741139 ], [ -97.096748, 33.728106 ], [ -97.107191, 33.721162 ], [ -97.120685, 33.717211 ], [ -97.133915, 33.718128 ], [ -97.163145, 33.729329 ], [ -97.173287, 33.738988 ], [ -97.180143, 33.754495 ], [ -97.192851, 33.760362 ], [ -97.187724, 33.769831 ], [ -97.190397, 33.781153 ], [ -97.205431, 33.801488 ], [ -97.204995, 33.81887 ], [ -97.195832, 33.830805 ], [ -97.18137, 33.831375 ], [ -97.171627, 33.835335 ], [ -97.166824, 33.840395 ], [ -97.166629, 33.847311 ], [ -97.180845, 33.895204 ], [ -97.210921, 33.916064 ], [ -97.228462, 33.913254 ], [ -97.245049, 33.903216 ], [ -97.249209, 33.875101 ], [ -97.255639, 33.863702 ], [ -97.265087, 33.862413 ], [ -97.270933, 33.858001 ], [ -97.309172, 33.888698 ], [ -97.309946, 33.874449 ], [ -97.314257, 33.865089 ], [ -97.332063, 33.855056 ], [ -97.334178, 33.862888 ], [ -97.32334, 33.87917 ], [ -97.326608, 33.884414 ], [ -97.33188, 33.884483 ], [ -97.347213, 33.845113 ], [ -97.368731, 33.821443 ], [ -97.37469, 33.818552 ], [ -97.426799, 33.818641 ], [ -97.453057, 33.828536 ], [ -97.463242, 33.842004 ], [ -97.451469, 33.87093 ], [ -97.450807, 33.886608 ], [ -97.451058, 33.891676 ], [ -97.46142, 33.90523 ], [ -97.487716, 33.917508 ], [ -97.500271, 33.919635 ], [ -97.525277, 33.911751 ], [ -97.551541, 33.897947 ], [ -97.55827, 33.897099 ], [ -97.566956, 33.901583 ], [ -97.581078, 33.899679 ], [ -97.589254, 33.903922 ], [ -97.59695, 33.916311 ], [ -97.591212, 33.929643 ], [ -97.59542, 33.941436 ], [ -97.589597, 33.953554 ], [ -97.59798, 33.955247 ], [ -97.609091, 33.968093 ], [ -97.633778, 33.981257 ], [ -97.671277, 33.991553 ], [ -97.69311, 33.983699 ], [ -97.712194, 33.951641 ], [ -97.732261, 33.936519 ], [ -97.75295, 33.937102 ], [ -97.762768, 33.934396 ], [ -97.759399, 33.91882 ], [ -97.76377, 33.914241 ], [ -97.772672, 33.914382 ], [ -97.778301, 33.919629 ], [ -97.783522, 33.918302 ], [ -97.786133, 33.913424 ], [ -97.78034, 33.904833 ], [ -97.780839, 33.894447 ], [ -97.785317, 33.890701 ], [ -97.7924, 33.899085 ], [ -97.79891, 33.898537 ], [ -97.805423, 33.877167 ], [ -97.808938, 33.876709 ], [ -97.813853, 33.881931 ], [ -97.817643, 33.880992 ], [ -97.820743, 33.868895 ], [ -97.83432, 33.857634 ], [ -97.864175, 33.849745 ], [ -97.875311, 33.849721 ], [ -97.934169, 33.878109 ], [ -97.957064, 33.878767 ], [ -97.967752, 33.882214 ], [ -97.97786, 33.889825 ], [ -97.98454, 33.900703 ], [ -97.978804, 33.912548 ], [ -97.968747, 33.906023 ], [ -97.957155, 33.914454 ], [ -97.953395, 33.936445 ], [ -97.971175, 33.937129 ], [ -97.974173, 33.942832 ], [ -97.960351, 33.951928 ], [ -97.94573, 33.989839 ], [ -97.958325, 33.990846 ], [ -97.974173, 34.006716 ], [ -97.990861, 33.998873 ], [ -98.027672, 33.993357 ], [ -98.055197, 33.995841 ], [ -98.088203, 34.005481 ], [ -98.082401, 34.009834 ], [ -98.084025, 34.014369 ], [ -98.098442, 34.023918 ], [ -98.106179, 34.034887 ], [ -98.101695, 34.039057 ], [ -98.089037, 34.033838 ], [ -98.082463, 34.039428 ], [ -98.101893, 34.050969 ], [ -98.114587, 34.06228 ], [ -98.120208, 34.072127 ], [ -98.119417, 34.084474 ], [ -98.099328, 34.104295 ], [ -98.089755, 34.128211 ], [ -98.092373, 34.13215 ], [ -98.102895, 34.132605 ], [ -98.100559, 34.143486 ], [ -98.109462, 34.154111 ], [ -98.123377, 34.15454 ], [ -98.130816, 34.150532 ], [ -98.154354, 34.122734 ], [ -98.170827, 34.114171 ], [ -98.201728, 34.117058 ], [ -98.216463, 34.121821 ], [ -98.232474, 34.134641 ], [ -98.256467, 34.129481 ], [ -98.293901, 34.13302 ], [ -98.325445, 34.151025 ], [ -98.365621, 34.156993 ], [ -98.384381, 34.146317 ], [ -98.386865, 34.138873 ], [ -98.380093, 34.130831 ], [ -98.389403, 34.133217 ], [ -98.398441, 34.128456 ], [ -98.400967, 34.122236 ], [ -98.39816, 34.121396 ], [ -98.399777, 34.099973 ], [ -98.411374, 34.100324 ], [ -98.409723, 34.092509 ], [ -98.414426, 34.085074 ], [ -98.420408, 34.082314 ], [ -98.42848, 34.085523 ], [ -98.440092, 34.084311 ], [ -98.449034, 34.073462 ], [ -98.465133, 34.073729 ], [ -98.471465, 34.065665 ], [ -98.486328, 34.062598 ], [ -98.494613, 34.07009 ], [ -98.504149, 34.072287 ], [ -98.5282, 34.094961 ], [ -98.536257, 34.107347 ], [ -98.560977, 34.123922 ], [ -98.558593, 34.128254 ], [ -98.551845, 34.127131 ], [ -98.55088, 34.132583 ], [ -98.560191, 34.133202 ], [ -98.577136, 34.148962 ], [ -98.599789, 34.160571 ], [ -98.616733, 34.156418 ], [ -98.648073, 34.164441 ], [ -98.690072, 34.133155 ], [ -98.703047, 34.135903 ], [ -98.712467, 34.13116 ], [ -98.717537, 34.13645 ], [ -98.734287, 34.135758 ], [ -98.741966, 34.12553 ], [ -98.757037, 34.124633 ], [ -98.76557, 34.136376 ], [ -98.778076, 34.139495 ], [ -98.788405, 34.146668 ], [ -98.796203, 34.142775 ], [ -98.804413, 34.153931 ], [ -98.812954, 34.158444 ], [ -98.831115, 34.162154 ], [ -98.837066, 34.156495 ], [ -98.855585, 34.161621 ], [ -98.860125, 34.149913 ], [ -98.868116, 34.149635 ], [ -98.874872, 34.155657 ], [ -98.871211, 34.163012 ], [ -98.872922, 34.166584 ], [ -98.887112, 34.16826 ], [ -98.918333, 34.181831 ], [ -98.951284, 34.212189 ], [ -98.959984, 34.213272 ], [ -98.962931, 34.203833 ], [ -98.966626, 34.201101 ], [ -98.972609, 34.202591 ], [ -98.980917, 34.217059 ], [ -98.988172, 34.22131 ], [ -99.000592, 34.217672 ], [ -99.004695, 34.214145 ], [ -99.002242, 34.209374 ], [ -99.012957, 34.203194 ], [ -99.017271, 34.206314 ], [ -99.024465, 34.203984 ], [ -99.03615, 34.206901 ], [ -99.044463, 34.198106 ], [ -99.057976, 34.20061 ], [ -99.063105, 34.206851 ], [ -99.079392, 34.21155 ], [ -99.088923, 34.208475 ], [ -99.096211, 34.211705 ], [ -99.108201, 34.203547 ], [ -99.111807, 34.20598 ], [ -99.119254, 34.201809 ], [ -99.12664, 34.203064 ], [ -99.131986, 34.207436 ], [ -99.126495, 34.215396 ], [ -99.130443, 34.219478 ], [ -99.138076, 34.219233 ], [ -99.153653, 34.207328 ], [ -99.189776, 34.214357 ], [ -99.192811, 34.218888 ], [ -99.189986, 34.229756 ], [ -99.196912, 34.244382 ], [ -99.191422, 34.25783 ], [ -99.199254, 34.260791 ], [ -99.194459, 34.271881 ], [ -99.195403, 34.280849 ], [ -99.207352, 34.283525 ], [ -99.211448, 34.292247 ], [ -99.209695, 34.298904 ], [ -99.213302, 34.310673 ], [ -99.205628, 34.319201 ], [ -99.209574, 34.324925 ], [ -99.21082, 34.336826 ], [ -99.206905, 34.338277 ], [ -99.217203, 34.341508 ], [ -99.227117, 34.337767 ], [ -99.232632, 34.338872 ], [ -99.234046, 34.342173 ], [ -99.227977, 34.349464 ], [ -99.234135, 34.353464 ], [ -99.236494, 34.365805 ], [ -99.246393, 34.364397 ], [ -99.247942, 34.368487 ], [ -99.242855, 34.372676 ], [ -99.248884, 34.375995 ], [ -99.258606, 34.37265 ], [ -99.259767, 34.3776 ], [ -99.274415, 34.384349 ], [ -99.273894, 34.387577 ], [ -99.258917, 34.391255 ], [ -99.261822, 34.395036 ], [ -99.261275, 34.403508 ], [ -99.266308, 34.405481 ], [ -99.272303, 34.400812 ], [ -99.280045, 34.400655 ], [ -99.285586, 34.412358 ], [ -99.294632, 34.415381 ], [ -99.319602, 34.408879 ], [ -99.33409, 34.427525 ], [ -99.356903, 34.442082 ], [ -99.355705, 34.453082 ], [ -99.368932, 34.458461 ], [ -99.381204, 34.456879 ], [ -99.395187, 34.44203 ], [ -99.393306, 34.427613 ], [ -99.397267, 34.423924 ], [ -99.397164, 34.418607 ], [ -99.387181, 34.410842 ], [ -99.395676, 34.39769 ], [ -99.397355, 34.377868 ], [ -99.405286, 34.372858 ], [ -99.410195, 34.373402 ], [ -99.424897, 34.385823 ], [ -99.43001, 34.381019 ], [ -99.431043, 34.371117 ], [ -99.438269, 34.371164 ], [ -99.453787, 34.388663 ], [ -99.455085, 34.381264 ], [ -99.461053, 34.380666 ], [ -99.462462, 34.391137 ], [ -99.466383, 34.3959 ], [ -99.487219, 34.397955 ], [ -99.498999, 34.409173 ], [ -99.506903, 34.40952 ], [ -99.51428, 34.414035 ], [ -99.549242, 34.412715 ], [ -99.569696, 34.418418 ], [ -99.58006, 34.416653 ], [ -99.58448, 34.407673 ], [ -99.585442, 34.388914 ], [ -99.600026, 34.374688 ], [ -99.607263, 34.376928 ], [ -99.624197, 34.373577 ], [ -99.646511, 34.382541 ], [ -99.662705, 34.37368 ], [ -99.678283, 34.379799 ], [ -99.69497, 34.378333 ], [ -99.700414, 34.384699 ], [ -99.712682, 34.390928 ], [ -99.715089, 34.400754 ], [ -99.720259, 34.406295 ], [ -99.754248, 34.421289 ], [ -99.767234, 34.430502 ], [ -99.765599, 34.437488 ], [ -99.775743, 34.444225 ], [ -99.782986, 34.444364 ], [ -99.786081, 34.451099 ], [ -99.793684, 34.453894 ], [ -99.814313, 34.476204 ], [ -99.818739, 34.484976 ], [ -99.816803, 34.490199 ], [ -99.821839, 34.497848 ], [ -99.832904, 34.500068 ], [ -99.853053, 34.511585 ], [ -99.876957, 34.540098 ], [ -99.89376, 34.554219 ], [ -99.921801, 34.570253 ], [ -99.923211, 34.574552 ], [ -99.953817, 34.578527 ], [ -99.971606, 34.562169 ], [ -100.000277, 34.56045 ], [ -100.000406, 36.499702 ], [ -103.002366, 36.500398 ], [ -103.002329, 37.00015 ], [ -102.815074, 36.999774 ], [ -102.698142, 36.995149 ], [ -102.042089, 36.993016 ], [ -100.107891, 37.002312 ], [ -98.300465, 36.997684 ] ] ] } },
{ "type": "Feature", "properties": { "STUSPS": "TN", "NAME": "Tennessee", "region_name": "South", "division_name": "East South Central" }, "geometry": { "type": "Polygon", "coordinates": [ [ [ -83.987615, 36.589471 ], [ -83.690789, 36.582596 ], [ -83.675014, 36.60081 ], [ -83.556922, 36.597385 ], [ -83.2763, 36.598187 ], [ -83.248933, 36.593827 ], [ -81.934144, 36.594213 ], [ -81.922644, 36.616213 ], [ -81.6469, 36.611918 ], [ -81.680011, 36.585818 ], [ -81.676979, 36.581124 ], [ -81.679214, 36.578668 ], [ -81.677047, 36.570755 ], [ -81.691286, 36.567716 ], [ -81.690221, 36.551686 ], [ -81.693361, 36.550999 ], [ -81.699795, 36.536727 ], [ -81.708021, 36.53583 ], [ -81.708098, 36.524114 ], [ -81.70297, 36.521141 ], [ -81.697091, 36.50592 ], [ -81.700254, 36.498457 ], [ -81.695949, 36.491619 ], [ -81.697924, 36.488949 ], [ -81.695029, 36.467458 ], [ -81.716797, 36.456669 ], [ -81.713787, 36.447173 ], [ -81.717826, 36.445023 ], [ -81.714803, 36.437227 ], [ -81.721317, 36.4339 ], [ -81.717847, 36.429857 ], [ -81.720727, 36.422651 ], [ -81.734518, 36.412497 ], [ -81.741705, 36.412422 ], [ -81.739368, 36.395591 ], [ -81.731958, 36.394929 ], [ -81.728815, 36.39155 ], [ -81.729498, 36.385439 ], [ -81.73466, 36.379442 ], [ -81.726066, 36.368785 ], [ -81.721521, 36.351304 ], [ -81.706112, 36.343724 ], [ -81.707475, 36.335225 ], [ -81.718494, 36.336122 ], [ -81.736029, 36.342972 ], [ -81.745733, 36.337592 ], [ -81.764954, 36.338722 ], [ -81.778889, 36.348566 ], [ -81.78973, 36.348328 ], [ -81.793085, 36.362408 ], [ -81.810276, 36.35185 ], [ -81.833049, 36.347332 ], [ -81.854988, 36.337211 ], [ -81.87952, 36.313789 ], [ -81.908167, 36.301966 ], [ -82.033839, 36.120475 ], [ -82.054141, 36.126663 ], [ -82.061869, 36.113062 ], [ -82.080028, 36.106433 ], [ -82.081079, 36.10317 ], [ -82.105418, 36.107837 ], [ -82.129198, 36.1041 ], [ -82.137856, 36.11951 ], [ -82.136776, 36.1281 ], [ -82.140991, 36.138675 ], [ -82.148581, 36.149859 ], [ -82.16565, 36.144972 ], [ -82.172934, 36.1465 ], [ -82.177217, 36.142373 ], [ -82.183626, 36.143911 ], [ -82.187583, 36.150995 ], [ -82.192746, 36.149038 ], [ -82.201733, 36.156384 ], [ -82.213207, 36.159057 ], [ -82.222145, 36.156922 ], [ -82.229537, 36.144588 ], [ -82.241883, 36.137125 ], [ -82.245097, 36.131249 ], [ -82.251072, 36.132051 ], [ -82.254328, 36.136058 ], [ -82.266777, 36.127001 ], [ -82.280012, 36.129094 ], [ -82.28982, 36.135596 ], [ -82.336139, 36.114673 ], [ -82.352761, 36.116452 ], [ -82.364541, 36.107516 ], [ -82.375217, 36.105862 ], [ -82.380475, 36.099347 ], [ -82.389218, 36.097097 ], [ -82.409798, 36.083019 ], [ -82.460583, 36.007724 ], [ -82.47594, 35.998221 ], [ -82.481591, 35.998029 ], [ -82.48417, 35.993301 ], [ -82.503324, 35.982158 ], [ -82.505184, 35.977547 ], [ -82.517077, 35.975825 ], [ -82.525031, 35.971055 ], [ -82.530693, 35.972226 ], [ -82.549686, 35.964049 ], [ -82.557988, 35.953873 ], [ -82.576169, 35.95872 ], [ -82.580462, 35.965248 ], [ -82.610703, 35.967203 ], [ -82.610939, 35.97438 ], [ -82.604413, 35.987463 ], [ -82.607128, 35.99236 ], [ -82.612897, 35.993606 ], [ -82.614928, 36.002046 ], [ -82.606876, 36.01043 ], [ -82.609445, 36.011038 ], [ -82.607761, 36.015754 ], [ -82.602839, 36.017756 ], [ -82.602923, 36.023371 ], [ -82.590786, 36.03364 ], [ -82.601659, 36.036054 ], [ -82.608659, 36.044411 ], [ -82.618384, 36.046916 ], [ -82.618242, 36.05624 ], [ -82.632608, 36.065911 ], [ -82.63723, 36.06582 ], [ -82.651533, 36.057368 ], [ -82.670562, 36.052976 ], [ -82.684073, 36.045795 ], [ -82.689586, 36.038157 ], [ -82.715141, 36.028642 ], [ -82.71647, 36.02241 ], [ -82.739117, 36.014979 ], [ -82.750787, 36.008871 ], [ -82.750221, 36.005981 ], [ -82.775758, 36.001051 ], [ -82.779214, 35.992289 ], [ -82.785276, 35.988539 ], [ -82.78569, 35.977841 ], [ -82.775086, 35.971829 ], [ -82.785043, 35.962483 ], [ -82.78756, 35.952013 ], [ -82.806168, 35.937758 ], [ -82.802675, 35.929571 ], [ -82.805085, 35.927137 ], [ -82.821948, 35.92183 ], [ -82.828098, 35.932413 ], [ -82.838638, 35.937271 ], [ -82.846037, 35.946169 ], [ -82.851733, 35.949344 ], [ -82.860647, 35.947479 ], [ -82.874293, 35.95283 ], [ -82.898182, 35.94523 ], [ -82.901784, 35.937852 ], [ -82.898886, 35.929876 ], [ -82.90182, 35.92696 ], [ -82.919835, 35.928886 ], [ -82.919241, 35.925892 ], [ -82.913535, 35.924261 ], [ -82.911624, 35.916808 ], [ -82.914387, 35.91515 ], [ -82.908032, 35.911314 ], [ -82.908109, 35.904204 ], [ -82.901043, 35.892791 ], [ -82.906825, 35.883908 ], [ -82.896232, 35.879152 ], [ -82.906555, 35.87018 ], [ -82.920831, 35.868178 ], [ -82.921432, 35.863105 ], [ -82.918213, 35.859272 ], [ -82.921034, 35.850945 ], [ -82.916343, 35.841663 ], [ -82.93407, 35.836662 ], [ -82.936035, 35.825517 ], [ -82.945847, 35.824378 ], [ -82.961811, 35.800366 ], [ -82.961754, 35.790959 ], [ -82.970878, 35.788999 ], [ -82.99211, 35.773915 ], [ -83.001164, 35.773719 ], [ -83.005988, 35.778496 ], [ -83.016025, 35.782049 ], [ -83.020348, 35.780402 ], [ -83.036042, 35.787504 ], [ -83.043062, 35.785407 ], [ -83.052821, 35.789705 ], [ -83.063747, 35.786914 ], [ -83.074336, 35.790148 ], [ -83.08513, 35.785932 ], [ -83.09784, 35.775794 ], [ -83.118239, 35.769784 ], [ -83.120608, 35.766431 ], [ -83.159585, 35.764651 ], [ -83.164971, 35.75968 ], [ -83.16479, 35.753988 ], [ -83.170285, 35.74603 ], [ -83.177792, 35.744383 ], [ -83.185906, 35.730097 ], [ -83.197742, 35.725253 ], [ -83.214196, 35.724113 ], [ -83.240827, 35.726856 ], [ -83.243249, 35.72252 ], [ -83.251507, 35.719752 ], [ -83.255356, 35.715244 ], [ -83.251568, 35.708974 ], [ -83.25743, 35.70512 ], [ -83.254325, 35.695445 ], [ -83.259291, 35.690371 ], [ -83.27068, 35.686827 ], [ -83.274467, 35.679076 ], [ -83.290305, 35.673498 ], [ -83.293545, 35.661879 ], [ -83.298244, 35.657255 ], [ -83.312076, 35.654612 ], [ -83.321616, 35.663054 ], [ -83.334656, 35.665662 ], [ -83.350816, 35.660542 ], [ -83.358273, 35.646998 ], [ -83.367797, 35.637841 ], [ -83.371828, 35.639163 ], [ -83.378087, 35.634562 ], [ -83.388726, 35.633622 ], [ -83.396147, 35.622866 ], [ -83.422038, 35.611049 ], [ -83.445676, 35.611747 ], [ -83.456589, 35.597194 ], [ -83.479072, 35.583218 ], [ -83.485357, 35.568471 ], [ -83.498544, 35.562888 ], [ -83.564979, 35.566091 ], [ -83.584374, 35.562698 ], [ -83.596117, 35.574999 ], [ -83.608336, 35.580015 ], [ -83.618571, 35.572254 ], [ -83.629313, 35.568171 ], [ -83.633862, 35.570672 ], [ -83.64013, 35.566165 ], [ -83.656014, 35.570013 ], [ -83.687697, 35.568197 ], [ -83.69561, 35.570322 ], [ -83.722772, 35.562296 ], [ -83.736137, 35.565521 ], [ -83.747158, 35.560308 ], [ -83.754992, 35.564615 ], [ -83.771889, 35.56139 ], [ -83.780182, 35.550634 ], [ -83.802804, 35.541487 ], [ -83.820467, 35.525652 ], [ -83.849144, 35.518632 ], [ -83.857181, 35.521573 ], [ -83.880215, 35.518842 ], [ -83.889927, 35.504663 ], [ -83.901466, 35.496552 ], [ -83.900365, 35.493031 ], [ -83.905781, 35.488689 ], [ -83.911875, 35.476068 ], [ -83.936723, 35.471553 ], [ -83.949649, 35.460941 ], [ -83.96108, 35.464138 ], [ -83.964624, 35.454112 ], [ -83.971855, 35.454849 ], [ -83.972655, 35.447298 ], [ -83.979757, 35.44826 ], [ -83.984433, 35.44015 ], [ -83.992004, 35.440523 ], [ -83.994712, 35.43518 ], [ -83.999593, 35.433893 ], [ -83.997955, 35.430732 ], [ -84.00128, 35.423391 ], [ -84.014441, 35.412349 ], [ -84.023425, 35.411581 ], [ -84.018712, 35.399996 ], [ -84.008222, 35.390574 ], [ -84.011396, 35.384601 ], [ -84.007394, 35.371649 ], [ -84.023334, 35.354312 ], [ -84.038083, 35.35118 ], [ -84.038881, 35.348208 ], [ -84.034001, 35.343276 ], [ -84.036195, 35.337658 ], [ -84.029257, 35.3331 ], [ -84.035884, 35.313215 ], [ -84.026969, 35.309672 ], [ -84.021419, 35.301401 ], [ -84.023378, 35.296308 ], [ -84.036239, 35.288418 ], [ -84.040817, 35.2796 ], [ -84.052536, 35.270189 ], [ -84.080852, 35.261252 ], [ -84.08253, 35.256288 ], [ -84.097504, 35.247598 ], [ -84.106477, 35.251491 ], [ -84.113554, 35.248981 ], [ -84.119927, 35.252049 ], [ -84.12522, 35.249871 ], [ -84.127111, 35.24077 ], [ -84.147761, 35.246864 ], [ -84.161461, 35.243523 ], [ -84.170026, 35.24646 ], [ -84.183513, 35.239996 ], [ -84.188957, 35.240217 ], [ -84.193375, 35.244779 ], [ -84.19952, 35.243854 ], [ -84.202982, 35.255291 ], [ -84.211395, 35.265621 ], [ -84.224122, 35.268985 ], [ -84.283297, 35.226459 ], [ -84.290214, 35.225432 ], [ -84.321821, 34.988408 ], [ -84.891515, 34.988243 ], [ -85.466713, 34.982972 ], [ -86.374966, 34.991738 ], [ -86.862147, 34.991957 ], [ -87.41886, 35.002668 ], [ -88.202959, 35.008028 ], [ -88.200064, 34.995634 ], [ -90.137885, 34.994667 ], [ -90.308361, 34.995694 ], [ -90.310124, 35.000705 ], [ -90.305298, 35.020422 ], [ -90.296968, 35.038175 ], [ -90.292348, 35.041356 ], [ -90.265544, 35.040582 ], [ -90.251797, 35.03161 ], [ -90.237834, 35.032296 ], [ -90.206777, 35.026013 ], [ -90.181157, 35.053943 ], [ -90.17931, 35.067803 ], [ -90.187787, 35.073218 ], [ -90.174049, 35.114284 ], [ -90.162563, 35.124804 ], [ -90.13665, 35.131392 ], [ -90.107469, 35.120278 ], [ -90.09555, 35.118915 ], [ -90.084532, 35.12229 ], [ -90.066747, 35.13805 ], [ -90.064516, 35.14897 ], [ -90.068236, 35.15567 ], [ -90.100683, 35.170577 ], [ -90.108138, 35.181571 ], [ -90.117191, 35.188297 ], [ -90.115905, 35.198742 ], [ -90.108072, 35.199164 ], [ -90.096798, 35.194781 ], [ -90.088795, 35.212199 ], [ -90.08026, 35.208508 ], [ -90.075843, 35.213094 ], [ -90.075451, 35.22018 ], [ -90.091092, 35.245004 ], [ -90.108405, 35.255276 ], [ -90.138189, 35.25231 ], [ -90.148858, 35.254273 ], [ -90.159723, 35.263988 ], [ -90.168917, 35.279711 ], [ -90.164098, 35.29551 ], [ -90.157325, 35.301492 ], [ -90.149585, 35.303127 ], [ -90.138648, 35.299013 ], [ -90.123574, 35.304445 ], [ -90.109966, 35.304988 ], [ -90.095356, 35.350686 ], [ -90.078263, 35.37493 ], [ -90.079748, 35.383914 ], [ -90.113115, 35.410595 ], [ -90.129342, 35.41383 ], [ -90.141365, 35.40893 ], [ -90.14614, 35.399788 ], [ -90.143839, 35.388352 ], [ -90.135676, 35.376696 ], [ -90.165282, 35.373982 ], [ -90.179342, 35.385313 ], [ -90.16888, 35.421878 ], [ -90.129435, 35.442119 ], [ -90.120024, 35.4666 ], [ -90.107545, 35.476965 ], [ -90.079007, 35.476874 ], [ -90.068269, 35.467074 ], [ -90.067239, 35.460945 ], [ -90.074098, 35.43414 ], [ -90.070616, 35.423497 ], [ -90.062018, 35.41518 ], [ -90.069528, 35.408132 ], [ -90.054322, 35.389277 ], [ -90.041563, 35.39662 ], [ -90.056782, 35.403863 ], [ -90.048086, 35.411737 ], [ -90.021191, 35.420226 ], [ -90.002668, 35.429985 ], [ -90.0058, 35.450232 ], [ -90.012531, 35.463668 ], [ -90.01981, 35.473282 ], [ -90.036184, 35.483727 ], [ -90.048333, 35.504246 ], [ -90.0491, 35.521808 ], [ -90.039876, 35.547418 ], [ -90.031276, 35.554299 ], [ -90.007866, 35.560144 ], [ -89.989667, 35.560221 ], [ -89.958092, 35.541227 ], [ -89.955641, 35.534076 ], [ -89.958749, 35.523837 ], [ -89.924373, 35.511303 ], [ -89.911923, 35.512841 ], [ -89.904638, 35.519348 ], [ -89.902132, 35.528122 ], [ -89.90414, 35.535577 ], [ -89.908945, 35.537991 ], [ -89.913403, 35.5361 ], [ -89.910681, 35.547451 ], [ -89.942103, 35.556997 ], [ -89.954469, 35.576192 ], [ -89.957568, 35.588531 ], [ -89.947847, 35.600218 ], [ -89.932487, 35.608007 ], [ -89.911275, 35.617594 ], [ -89.891496, 35.615928 ], [ -89.857753, 35.633677 ], [ -89.852231, 35.642562 ], [ -89.851275, 35.657608 ], [ -89.858318, 35.668724 ], [ -89.863115, 35.670519 ], [ -89.876446, 35.666726 ], [ -89.885303, 35.654744 ], [ -89.894236, 35.651605 ], [ -89.908575, 35.651736 ], [ -89.925453, 35.658206 ], [ -89.955841, 35.690399 ], [ -89.957812, 35.727372 ], [ -89.941293, 35.738082 ], [ -89.93792, 35.744172 ], [ -89.907461, 35.759288 ], [ -89.892841, 35.750589 ], [ -89.863064, 35.757134 ], [ -89.852359, 35.755426 ], [ -89.850349, 35.746489 ], [ -89.844189, 35.743095 ], [ -89.825451, 35.745188 ], [ -89.799416, 35.758108 ], [ -89.796917, 35.781373 ], [ -89.799565, 35.788331 ], [ -89.781662, 35.805228 ], [ -89.765391, 35.811207 ], [ -89.728682, 35.802597 ], [ -89.698645, 35.818711 ], [ -89.693978, 35.825213 ], [ -89.695531, 35.835673 ], [ -89.762109, 35.857165 ], [ -89.772904, 35.865632 ], [ -89.773617, 35.875705 ], [ -89.768679, 35.888824 ], [ -89.744547, 35.910699 ], [ -89.730552, 35.9117 ], [ -89.716352, 35.907059 ], [ -89.673103, 35.875365 ], [ -89.660686, 35.875469 ], [ -89.644607, 35.887417 ], [ -89.640997, 35.903553 ], [ -89.644307, 35.920943 ], [ -89.654027, 35.930183 ], [ -89.718497, 35.963123 ], [ -89.723187, 35.974163 ], [ -89.722916, 35.989061 ], [ -89.733056, 36.000809 ], [ -89.706932, 36.000981 ], [ -89.688577, 36.029238 ], [ -89.678821, 36.084636 ], [ -89.666598, 36.095802 ], [ -89.628305, 36.106853 ], [ -89.600501, 36.120515 ], [ -89.59307, 36.129699 ], [ -89.592206, 36.15012 ], [ -89.600871, 36.164558 ], [ -89.612983, 36.175975 ], [ -89.679548, 36.215911 ], [ -89.699677, 36.230821 ], [ -89.705525, 36.238983 ], [ -89.695235, 36.252766 ], [ -89.678043, 36.248287 ], [ -89.642182, 36.249486 ], [ -89.602374, 36.238106 ], [ -89.577544, 36.242262 ], [ -89.562206, 36.250909 ], [ -89.544743, 36.247484 ], [ -89.534745, 36.252573 ], [ -89.536441, 36.272827 ], [ -89.539487, 36.277368 ], [ -89.544797, 36.280458 ], [ -89.554296, 36.277753 ], [ -89.578492, 36.288317 ], [ -89.611819, 36.309088 ], [ -89.620255, 36.323006 ], [ -89.615841, 36.336085 ], [ -89.605668, 36.342234 ], [ -89.581636, 36.342357 ], [ -89.545006, 36.336809 ], [ -89.531822, 36.339246 ], [ -89.519, 36.3486 ], [ -89.513178, 36.359897 ], [ -89.51038, 36.378356 ], [ -89.545255, 36.427079 ], [ -89.543406, 36.43877 ], [ -89.52519, 36.453991 ], [ -89.51972, 36.467002 ], [ -89.520642, 36.478668 ], [ -89.539232, 36.497934 ], [ -89.485427, 36.497491 ], [ -89.493377, 36.478959 ], [ -89.493082, 36.4705 ], [ -89.486193, 36.462114 ], [ -89.471895, 36.45756 ], [ -89.460767, 36.458686 ], [ -89.448964, 36.464882 ], [ -89.430072, 36.482101 ], [ -89.41822, 36.499029 ], [ -89.301022, 36.507233 ], [ -88.959746, 36.502076 ], [ -88.541874, 36.502176 ], [ -88.053293, 36.497058 ], [ -88.039069, 36.510784 ], [ -88.032649, 36.542095 ], [ -88.044862, 36.60307 ], [ -88.057016, 36.640343 ], [ -88.066836, 36.655856 ], [ -88.070541, 36.678255 ], [ -88.012203, 36.67719 ], [ -87.849544, 36.663695 ], [ -87.853319, 36.63316 ], [ -87.474687, 36.640415 ], [ -87.070491, 36.64273 ], [ -86.589906, 36.652443 ], [ -86.563909, 36.633562 ], [ -86.551222, 36.637998 ], [ -86.549943, 36.644759 ], [ -86.543352, 36.643855 ], [ -86.543822, 36.640427 ], [ -86.507781, 36.652379 ], [ -86.493428, 36.65224 ], [ -86.332126, 36.648701 ], [ -86.165435, 36.637764 ], [ -85.832432, 36.6221 ], [ -85.501507, 36.614855 ], [ -85.276867, 36.626827 ], [ -85.026861, 36.619299 ], [ -84.830035, 36.604536 ], [ -84.540474, 36.596304 ], [ -83.987615, 36.589471 ] ] ] } },
{ "type": "Feature", "properties": { "STUSPS": "WY", "NAME": "Wyoming", "region_name": "West", "division_name": "Mountain" }, "geometry": { "type": "Polygon", "coordinates": [ [ [ -106.321165, 40.999123 ], [ -106.455715, 41.002118 ], [ -107.000606, 41.003444 ], [ -108.526029, 40.999592 ], [ -109.232505, 41.002107 ], [ -110.274112, 40.994817 ], [ -111.046815, 40.997875 ], [ -111.047234, 42.469096 ], [ -111.043547, 42.719502 ], [ -111.043925, 43.212919 ], [ -111.048974, 44.474072 ], [ -111.052434, 44.478411 ], [ -111.054556, 45.000955 ], [ -110.790119, 45.000883 ], [ -110.704476, 44.992174 ], [ -110.445743, 44.993682 ], [ -110.407116, 44.999496 ], [ -110.183221, 44.996953 ], [ -110.105776, 45.003533 ], [ -109.761106, 45.001802 ], [ -109.103228, 45.005815 ], [ -109.0807, 44.99944 ], [ -107.47601, 45.001424 ], [ -107.138121, 45.000128 ], [ -107.084886, 44.9966 ], [ -106.126207, 44.993268 ], [ -105.928174, 44.993487 ], [ -105.913149, 45.000238 ], [ -105.856984, 45.000366 ], [ -104.057879, 44.997605 ], [ -104.052585, 42.650194 ], [ -104.053249, 41.001406 ], [ -105.729406, 40.996822 ], [ -106.321165, 40.999123 ] ] ] } },
{ "type": "Feature", "properties": { "STUSPS": "MA", "NAME": "Massachusetts", "region_name": "Northeast", "division_name": "New England" }, "geometry": { "type": "Polygon", "coordinates": [ [ [ -71.255147, 42.736554 ], [ -71.245426, 42.742546 ], [ -71.22383, 42.746484 ], [ -71.181786, 42.737341 ], [ -71.18614, 42.790935 ], [ -71.166647, 42.808881 ], [ -71.132805, 42.821476 ], [ -71.064416, 42.806275 ], [ -71.04492, 42.848667 ], [ -71.031201, 42.859087 ], [ -70.967018, 42.8688 ], [ -70.929594, 42.885032 ], [ -70.903533, 42.886778 ], [ -70.885602, 42.882834 ], [ -70.847718, 42.860867 ], [ -70.820238, 42.871787 ], [ -70.735005, 42.874685 ], [ -70.74883, 42.858831 ], [ -70.745522, 42.844443 ], [ -70.734874, 42.824477 ], [ -70.733655, 42.803659 ], [ -70.737225, 42.787956 ], [ -70.725848, 42.75902 ], [ -70.71927, 42.750095 ], [ -70.714324, 42.731911 ], [ -70.70258, 42.724162 ], [ -70.661314, 42.73661 ], [ -70.625943, 42.739724 ], [ -70.549306, 42.724164 ], [ -70.529655, 42.707048 ], [ -70.513934, 42.680594 ], [ -70.502143, 42.635471 ], [ -70.502143, 42.624579 ], [ -70.521793, 42.593459 ], [ -70.545374, 42.570119 ], [ -70.582709, 42.553004 ], [ -70.60629, 42.53122 ], [ -70.690393, 42.278999 ], [ -70.688704, 42.263468 ], [ -70.684061, 42.253836 ], [ -70.648622, 42.23736 ], [ -70.640113, 42.228372 ], [ -70.63633, 42.202903 ], [ -70.642946, 42.178185 ], [ -70.608381, 42.138479 ], [ -70.27743, 42.114345 ], [ -70.249472, 42.126926 ], [ -70.229175, 42.131189 ], [ -70.172542, 42.134515 ], [ -70.120691, 42.125101 ], [ -70.067098, 42.105327 ], [ -70.040302, 42.091634 ], [ -70.011591, 42.073378 ], [ -69.996279, 42.059687 ], [ -69.929109, 41.978476 ], [ -69.917706, 41.959247 ], [ -69.895305, 41.906753 ], [ -69.866525, 41.817011 ], [ -69.85913, 41.7365 ], [ -69.86054, 41.692326 ], [ -69.868125, 41.656791 ], [ -69.898562, 41.606096 ], [ -69.915399, 41.589243 ], [ -69.928994, 41.532152 ], [ -69.946613, 41.512152 ], [ -69.958172, 41.50466 ], [ -69.971289, 41.498872 ], [ -69.998169, 41.493399 ], [ -70.013862, 41.477439 ], [ -70.023677, 41.471948 ], [ -70.055437, 41.46411 ], [ -70.084904, 41.467493 ], [ -70.101508, 41.474444 ], [ -70.114394, 41.484083 ], [ -70.126677, 41.503698 ], [ -70.128554, 41.524732 ], [ -70.122559, 41.537833 ], [ -70.102029, 41.556352 ], [ -70.080316, 41.564454 ], [ -70.063352, 41.590173 ], [ -70.068569, 41.610697 ], [ -70.077934, 41.612528 ], [ -70.126952, 41.600203 ], [ -70.160357, 41.59937 ], [ -70.1815, 41.593547 ], [ -70.20804, 41.58415 ], [ -70.225558, 41.568561 ], [ -70.249463, 41.560146 ], [ -70.278898, 41.559316 ], [ -70.311254, 41.571062 ], [ -70.346337, 41.568453 ], [ -70.395164, 41.556722 ], [ -70.423896, 41.528732 ], [ -70.448567, 41.513093 ], [ -70.466436, 41.50616 ], [ -70.508603, 41.498965 ], [ -70.494942, 41.479632 ], [ -70.489689, 41.462977 ], [ -70.46395, 41.468 ], [ -70.436449, 41.468919 ], [ -70.405928, 41.457013 ], [ -70.392892, 41.44548 ], [ -70.385874, 41.433721 ], [ -70.380807, 41.411996 ], [ -70.383449, 41.369933 ], [ -70.370112, 41.368769 ], [ -70.353085, 41.381455 ], [ -70.323593, 41.391607 ], [ -70.302438, 41.389625 ], [ -70.267283, 41.393426 ], [ -70.238142, 41.386205 ], [ -70.221622, 41.371769 ], [ -70.215115, 41.360275 ], [ -70.174906, 41.35729 ], [ -70.148699, 41.345216 ], [ -70.13794, 41.346371 ], [ -70.119335, 41.352638 ], [ -70.097844, 41.353584 ], [ -70.111328, 41.370389 ], [ -70.116541, 41.395132 ], [ -70.105819, 41.419866 ], [ -70.094412, 41.43081 ], [ -70.065174, 41.442687 ], [ -70.044272, 41.443801 ], [ -70.025902, 41.441079 ], [ -70.006467, 41.433898 ], [ -69.969634, 41.403511 ], [ -69.910093, 41.317263 ], [ -69.894885, 41.290372 ], [ -69.892209, 41.271323 ], [ -69.894472, 41.25924 ], [ -69.89901, 41.245538 ], [ -69.915842, 41.220939 ], [ -69.953586, 41.199672 ], [ -69.999457, 41.188305 ], [ -70.025702, 41.187102 ], [ -70.072666, 41.191634 ], [ -70.109684, 41.189803 ], [ -70.178851, 41.204531 ], [ -70.239982, 41.228463 ], [ -70.285736, 41.242346 ], [ -70.344083, 41.276146 ], [ -70.374466, 41.269458 ], [ -70.408733, 41.277294 ], [ -70.429075, 41.268651 ], [ -70.459851, 41.265253 ], [ -70.493308, 41.279975 ], [ -70.512199, 41.298313 ], [ -70.571848, 41.300094 ], [ -70.655087, 41.296165 ], [ -70.703106, 41.28904 ], [ -70.716499, 41.269452 ], [ -70.734843, 41.259231 ], [ -70.734753, 41.24626 ], [ -70.749473, 41.220173 ], [ -70.767837, 41.20649 ], [ -70.783582, 41.201219 ], [ -70.80595, 41.198742 ], [ -70.823645, 41.200649 ], [ -70.847746, 41.205814 ], [ -70.866343, 41.215397 ], [ -70.884973, 41.233784 ], [ -70.892457, 41.250112 ], [ -70.893595, 41.267994 ], [ -70.890337, 41.277362 ], [ -70.885683, 41.285066 ], [ -70.870027, 41.297068 ], [ -70.884472, 41.310162 ], [ -70.901005, 41.334613 ], [ -70.903739, 41.35508 ], [ -70.896017, 41.370148 ], [ -70.955752, 41.350161 ], [ -70.990748, 41.351289 ], [ -71.014799, 41.36202 ], [ -71.032701, 41.380273 ], [ -71.039918, 41.398259 ], [ -71.033604, 41.414085 ], [ -71.053451, 41.416959 ], [ -71.085038, 41.433467 ], [ -71.088571, 41.431315 ], [ -71.121116, 41.492787 ], [ -71.13162, 41.593716 ], [ -71.140308, 41.60485 ], [ -71.141958, 41.612533 ], [ -71.140185, 41.623869 ], [ -71.135307, 41.628488 ], [ -71.132557, 41.660363 ], [ -71.17612, 41.668248 ], [ -71.175784, 41.671493 ], [ -71.195479, 41.67509 ], [ -71.261067, 41.752082 ], [ -71.328472, 41.780694 ], [ -71.329457, 41.788327 ], [ -71.340481, 41.797033 ], [ -71.339332, 41.808527 ], [ -71.347545, 41.823246 ], [ -71.335417, 41.835645 ], [ -71.34255, 41.844656 ], [ -71.33404, 41.862604 ], [ -71.34089, 41.881804 ], [ -71.338787, 41.898593 ], [ -71.381463, 41.893546 ], [ -71.381401, 42.018798 ], [ -71.799188, 42.008053 ], [ -71.800671, 42.023514 ], [ -72.531549, 42.034578 ], [ -72.572778, 42.030219 ], [ -72.582163, 42.024741 ], [ -72.607169, 42.025148 ], [ -72.607978, 42.031083 ], [ -72.69933, 42.036957 ], [ -72.755894, 42.036349 ], [ -72.757301, 42.033381 ], [ -72.752062, 42.029025 ], [ -72.757341, 42.020979 ], [ -72.765252, 42.022366 ], [ -72.765806, 42.019568 ], [ -72.75895, 42.015469 ], [ -72.762977, 42.013466 ], [ -72.761501, 42.009302 ], [ -72.766253, 42.007871 ], [ -72.766733, 42.003266 ], [ -72.817053, 41.997685 ], [ -72.813784, 42.036744 ], [ -73.036802, 42.039294 ], [ -73.428515, 42.050476 ], [ -73.497018, 42.049624 ], [ -73.50821, 42.086134 ], [ -73.264827, 42.745851 ], [ -72.809113, 42.736581 ], [ -71.294637, 42.697042 ], [ -71.255147, 42.736554 ] ] ] } },
{ "type": "Feature", "properties": { "STUSPS": "VA", "NAME": "Virginia", "region_name": "South", "division_name": "South Atlantic" }, "geometry": { "type": "Polygon", "coordinates": [ [ [ -76.915899, 36.552149 ], [ -76.91651, 36.543881 ], [ -77.15292, 36.54413 ], [ -77.170545, 36.54728 ], [ -77.206536, 36.544367 ], [ -78.249717, 36.544485 ], [ -78.510897, 36.541049 ], [ -80.122173, 36.54265 ], [ -80.294877, 36.544053 ], [ -80.704601, 36.562302 ], [ -80.837771, 36.559138 ], [ -81.003808, 36.563656 ], [ -81.176933, 36.571885 ], [ -81.443047, 36.576832 ], [ -81.600455, 36.586948 ], [ -81.67749, 36.588137 ], [ -81.6469, 36.611918 ], [ -81.922644, 36.616213 ], [ -81.934144, 36.594213 ], [ -83.248933, 36.593827 ], [ -83.2763, 36.598187 ], [ -83.556922, 36.597385 ], [ -83.675395, 36.600784 ], [ -83.673204, 36.604641 ], [ -83.663548, 36.606928 ], [ -83.649313, 36.616774 ], [ -83.645124, 36.624306 ], [ -83.634714, 36.62289 ], [ -83.624017, 36.625509 ], [ -83.613896, 36.63485 ], [ -83.586449, 36.643863 ], [ -83.577607, 36.64139 ], [ -83.562426, 36.651249 ], [ -83.537054, 36.658934 ], [ -83.530146, 36.666049 ], [ -83.499219, 36.670439 ], [ -83.466611, 36.664709 ], [ -83.424713, 36.66734 ], [ -83.396483, 36.676905 ], [ -83.386809, 36.686614 ], [ -83.309711, 36.710639 ], [ -83.288296, 36.71371 ], [ -83.194839, 36.739448 ], [ -83.13512, 36.742629 ], [ -83.134425, 36.749357 ], [ -83.127985, 36.750645 ], [ -83.128638, 36.759655 ], [ -83.125573, 36.761623 ], [ -83.132545, 36.764395 ], [ -83.129566, 36.770186 ], [ -83.13308, 36.771679 ], [ -83.128987, 36.775784 ], [ -83.133231, 36.784585 ], [ -83.123161, 36.786693 ], [ -83.104331, 36.803997 ], [ -83.102564, 36.81127 ], [ -83.09848, 36.813517 ], [ -83.098508, 36.823799 ], [ -83.101936, 36.828238 ], [ -83.087459, 36.838224 ], [ -83.075172, 36.840728 ], [ -83.075849, 36.850694 ], [ -83.072836, 36.854457 ], [ -83.0478, 36.85168 ], [ -83.041377, 36.854957 ], [ -83.026607, 36.855556 ], [ -83.022079, 36.849935 ], [ -83.006577, 36.847643 ], [ -82.998587, 36.856567 ], [ -82.978577, 36.859813 ], [ -82.970792, 36.857641 ], [ -82.951576, 36.86619 ], [ -82.907823, 36.874764 ], [ -82.907385, 36.879298 ], [ -82.878683, 36.889532 ], [ -82.877412, 36.89551 ], [ -82.867978, 36.900048 ], [ -82.877379, 36.908471 ], [ -82.857665, 36.928669 ], [ -82.8623, 36.941338 ], [ -82.855735, 36.953818 ], [ -82.86594, 36.958336 ], [ -82.870108, 36.964978 ], [ -82.867467, 36.978049 ], [ -82.856981, 36.978848 ], [ -82.853577, 36.985298 ], [ -82.845242, 36.983765 ], [ -82.837275, 36.98728 ], [ -82.830179, 36.994357 ], [ -82.82872, 37.005798 ], [ -82.822525, 37.004106 ], [ -82.816862, 37.007427 ], [ -82.813455, 37.005629 ], [ -82.797885, 37.009562 ], [ -82.793665, 37.005471 ], [ -82.788498, 37.008672 ], [ -82.782863, 37.007821 ], [ -82.777165, 37.016023 ], [ -82.771853, 37.015707 ], [ -82.759479, 37.027255 ], [ -82.747862, 37.024425 ], [ -82.742759, 37.042796 ], [ -82.733506, 37.044521 ], [ -82.725824, 37.042252 ], [ -82.722433, 37.044949 ], [ -82.7222, 37.057936 ], [ -82.726737, 37.073039 ], [ -82.716655, 37.077406 ], [ -82.725017, 37.091822 ], [ -82.721679, 37.101015 ], [ -82.726688, 37.114794 ], [ -82.721413, 37.12083 ], [ -82.682892, 37.136951 ], [ -82.676695, 37.134917 ], [ -82.66766, 37.141894 ], [ -82.656723, 37.14472 ], [ -82.653304, 37.151188 ], [ -82.633381, 37.154418 ], [ -82.623609, 37.164438 ], [ -82.597462, 37.177045 ], [ -82.592256, 37.183039 ], [ -82.550788, 37.204503 ], [ -82.532898, 37.206664 ], [ -82.530409, 37.213242 ], [ -82.524767, 37.214991 ], [ -82.520908, 37.212173 ], [ -82.498755, 37.227029 ], [ -82.491494, 37.225045 ], [ -82.48655, 37.231188 ], [ -82.457403, 37.238291 ], [ -82.439694, 37.247123 ], [ -82.430493, 37.246859 ], [ -82.349, 37.267975 ], [ -82.349035, 37.271945 ], [ -82.342129, 37.27405 ], [ -82.343841, 37.280739 ], [ -82.324725, 37.283042 ], [ -82.31575, 37.295029 ], [ -81.968012, 37.538035 ], [ -81.967173, 37.532937 ], [ -81.957287, 37.535373 ], [ -81.955967, 37.528391 ], [ -81.943964, 37.531282 ], [ -81.947613, 37.525908 ], [ -81.943508, 37.52076 ], [ -81.944259, 37.513277 ], [ -81.937761, 37.51358 ], [ -81.93374, 37.519491 ], [ -81.926243, 37.513574 ], [ -81.94264, 37.508844 ], [ -81.943912, 37.502929 ], [ -81.953147, 37.501314 ], [ -81.953838, 37.491502 ], [ -81.964986, 37.493488 ], [ -81.977593, 37.484603 ], [ -81.990896, 37.484431 ], [ -81.996499, 37.476924 ], [ -81.996075, 37.471526 ], [ -81.987006, 37.454878 ], [ -81.976176, 37.457186 ], [ -81.968795, 37.451496 ], [ -81.970383, 37.447688 ], [ -81.957579, 37.449123 ], [ -81.949124, 37.445575 ], [ -81.945765, 37.440214 ], [ -81.935621, 37.438397 ], [ -81.935647, 37.431999 ], [ -81.940553, 37.429058 ], [ -81.938912, 37.422002 ], [ -81.932468, 37.415217 ], [ -81.922956, 37.411389 ], [ -81.924282, 37.407316 ], [ -81.930042, 37.405291 ], [ -81.928778, 37.393845 ], [ -81.933883, 37.390652 ], [ -81.931811, 37.385479 ], [ -81.936744, 37.38073 ], [ -81.931143, 37.375757 ], [ -81.933382, 37.369341 ], [ -81.926045, 37.365513 ], [ -81.928462, 37.360461 ], [ -81.921762, 37.357073 ], [ -81.91765, 37.349153 ], [ -81.91022, 37.348955 ], [ -81.907161, 37.342636 ], [ -81.899601, 37.341607 ], [ -81.897743, 37.333214 ], [ -81.893884, 37.330016 ], [ -81.879354, 37.332493 ], [ -81.872452, 37.322362 ], [ -81.860489, 37.315942 ], [ -81.865683, 37.309484 ], [ -81.859624, 37.304765 ], [ -81.85446, 37.30657 ], [ -81.854065, 37.290037 ], [ -81.849949, 37.285227 ], [ -81.834432, 37.285417 ], [ -81.83447, 37.281762 ], [ -81.825751, 37.279093 ], [ -81.800676, 37.285676 ], [ -81.793595, 37.284838 ], [ -81.793122, 37.281168 ], [ -81.789294, 37.284416 ], [ -81.782448, 37.28232 ], [ -81.773244, 37.273912 ], [ -81.757137, 37.276147 ], [ -81.757576, 37.268552 ], [ -81.74609, 37.263702 ], [ -81.74566, 37.258094 ], [ -81.740897, 37.254317 ], [ -81.744376, 37.24333 ], [ -81.740124, 37.237752 ], [ -81.723061, 37.240493 ], [ -81.716248, 37.234321 ], [ -81.71573, 37.228771 ], [ -81.699334, 37.219921 ], [ -81.695113, 37.21357 ], [ -81.683618, 37.211625 ], [ -81.683268, 37.205649 ], [ -81.678221, 37.20154 ], [ -81.554705, 37.20799 ], [ -81.545566, 37.220161 ], [ -81.507636, 37.233712 ], [ -81.50652, 37.245246 ], [ -81.499096, 37.257952 ], [ -81.492287, 37.25096 ], [ -81.480144, 37.251121 ], [ -81.47614, 37.255635 ], [ -81.462107, 37.259899 ], [ -81.458873, 37.262872 ], [ -81.460585, 37.265527 ], [ -81.447655, 37.272245 ], [ -81.439507, 37.270909 ], [ -81.435596, 37.274165 ], [ -81.427946, 37.271015 ], [ -81.416029, 37.273626 ], [ -81.415954, 37.278936 ], [ -81.411593, 37.28033 ], [ -81.4023, 37.29581 ], [ -81.40506, 37.298794 ], [ -81.396817, 37.304498 ], [ -81.398678, 37.310248 ], [ -81.394287, 37.316411 ], [ -81.386312, 37.320638 ], [ -81.379413, 37.317566 ], [ -81.372749, 37.320248 ], [ -81.367536, 37.3269 ], [ -81.369379, 37.331828 ], [ -81.365284, 37.337842 ], [ -81.320105, 37.299323 ], [ -81.225104, 37.234874 ], [ -81.167029, 37.262881 ], [ -81.104147, 37.280605 ], [ -81.036133, 37.290252 ], [ -80.979589, 37.302279 ], [ -80.981322, 37.293465 ], [ -80.966556, 37.292158 ], [ -80.944173, 37.296575 ], [ -80.89916, 37.315678 ], [ -80.868986, 37.338573 ], [ -80.849451, 37.346909 ], [ -80.883247, 37.383933 ], [ -80.863003, 37.411514 ], [ -80.865274, 37.420113 ], [ -80.859457, 37.429491 ], [ -80.846325, 37.423395 ], [ -80.837235, 37.425406 ], [ -80.808587, 37.406537 ], [ -80.805743, 37.397954 ], [ -80.784188, 37.394587 ], [ -80.770082, 37.372363 ], [ -80.716298, 37.388694 ], [ -80.645893, 37.422147 ], [ -80.63439, 37.431227 ], [ -80.622664, 37.433307 ], [ -80.616802, 37.439443 ], [ -80.552036, 37.473563 ], [ -80.536889, 37.474008 ], [ -80.511391, 37.481672 ], [ -80.492981, 37.457749 ], [ -80.497279, 37.44478 ], [ -80.49486, 37.435072 ], [ -80.475465, 37.422953 ], [ -80.464816, 37.426145 ], [ -80.425629, 37.449885 ], [ -80.371951, 37.474069 ], [ -80.363171, 37.480001 ], [ -80.366837, 37.484879 ], [ -80.309333, 37.502883 ], [ -80.299789, 37.508271 ], [ -80.282391, 37.533519 ], [ -80.291667, 37.536516 ], [ -80.309347, 37.52738 ], [ -80.330368, 37.536267 ], [ -80.327491, 37.54014 ], [ -80.312201, 37.54622 ], [ -80.328504, 37.564315 ], [ -80.258919, 37.595499 ], [ -80.240272, 37.606961 ], [ -80.220984, 37.627767 ], [ -80.240791, 37.638324 ], [ -80.267504, 37.646156 ], [ -80.279372, 37.657077 ], [ -80.295916, 37.692838 ], [ -80.287107, 37.696404 ], [ -80.264406, 37.718786 ], [ -80.253077, 37.725899 ], [ -80.252024, 37.729825 ], [ -80.260313, 37.733517 ], [ -80.262765, 37.738336 ], [ -80.257411, 37.756084 ], [ -80.250879, 37.755516 ], [ -80.251656, 37.763247 ], [ -80.248389, 37.76825 ], [ -80.241437, 37.768058 ], [ -80.240863, 37.772442 ], [ -80.230458, 37.778305 ], [ -80.216605, 37.775961 ], [ -80.215892, 37.781989 ], [ -80.223485, 37.782444 ], [ -80.22304, 37.786723 ], [ -80.229489, 37.792331 ], [ -80.22769, 37.797892 ], [ -80.218611, 37.809783 ], [ -80.206482, 37.81597 ], [ -80.192966, 37.83475 ], [ -80.179391, 37.839751 ], [ -80.183555, 37.84681 ], [ -80.182755, 37.851365 ], [ -80.176741, 37.852757 ], [ -80.162202, 37.875122 ], [ -80.149848, 37.883364 ], [ -80.148951, 37.886892 ], [ -80.141522, 37.882436 ], [ -80.129768, 37.894159 ], [ -80.117747, 37.89772 ], [ -80.118967, 37.903614 ], [ -80.102931, 37.918911 ], [ -80.096563, 37.918112 ], [ -80.074514, 37.942221 ], [ -80.056056, 37.951959 ], [ -80.013145, 37.984253 ], [ -80.012193, 37.988633 ], [ -79.999383, 37.994908 ], [ -79.995488, 38.007125 ], [ -79.986142, 38.014182 ], [ -79.98029, 38.027596 ], [ -79.971601, 38.035232 ], [ -79.973895, 38.040004 ], [ -79.960162, 38.062547 ], [ -79.961647, 38.067415 ], [ -79.95437, 38.080401 ], [ -79.926397, 38.106543 ], [ -79.938946, 38.111628 ], [ -79.945258, 38.132239 ], [ -79.932749, 38.136159 ], [ -79.926143, 38.149557 ], [ -79.918662, 38.15479 ], [ -79.919515, 38.162649 ], [ -79.916206, 38.163094 ], [ -79.914864, 38.167724 ], [ -79.918823, 38.170117 ], [ -79.916454, 38.176817 ], [ -79.921026, 38.179954 ], [ -79.920075, 38.182529 ], [ -79.91441, 38.188418 ], [ -79.907387, 38.18797 ], [ -79.897335, 38.193381 ], [ -79.890322, 38.205859 ], [ -79.882955, 38.206939 ], [ -79.874594, 38.212976 ], [ -79.856972, 38.231067 ], [ -79.850326, 38.233324 ], [ -79.845212, 38.241074 ], [ -79.835113, 38.241897 ], [ -79.830886, 38.249689 ], [ -79.819625, 38.248232 ], [ -79.814864, 38.251569 ], [ -79.811989, 38.260398 ], [ -79.806336, 38.259193 ], [ -79.798298, 38.265957 ], [ -79.788945, 38.268703 ], [ -79.786467, 38.274649 ], [ -79.791655, 38.284653 ], [ -79.797695, 38.292004 ], [ -79.802778, 38.292073 ], [ -79.810154, 38.306707 ], [ -79.79655, 38.32348 ], [ -79.77309, 38.335529 ], [ -79.767594, 38.344302 ], [ -79.770349, 38.3478 ], [ -79.764432, 38.356514 ], [ -79.75556, 38.357372 ], [ -79.742177, 38.353248 ], [ -79.735309, 38.35524 ], [ -79.725597, 38.363828 ], [ -79.72679, 38.370832 ], [ -79.731698, 38.373376 ], [ -79.729512, 38.381194 ], [ -79.706634, 38.41573 ], [ -79.689667, 38.431462 ], [ -79.691479, 38.446283 ], [ -79.688105, 38.450444 ], [ -79.688366, 38.45687 ], [ -79.691086, 38.463743 ], [ -79.69912, 38.470288 ], [ -79.699473, 38.474527 ], [ -79.693397, 38.480183 ], [ -79.697572, 38.487223 ], [ -79.692273, 38.496474 ], [ -79.688345, 38.496183 ], [ -79.682974, 38.501317 ], [ -79.680374, 38.510617 ], [ -79.670486, 38.507659 ], [ -79.668474, 38.512317 ], [ -79.662174, 38.515217 ], [ -79.666774, 38.524317 ], [ -79.672974, 38.528717 ], [ -79.666873, 38.538317 ], [ -79.670875, 38.541016 ], [ -79.669775, 38.550316 ], [ -79.665075, 38.560916 ], [ -79.659275, 38.562416 ], [ -79.662875, 38.570416 ], [ -79.657975, 38.573316 ], [ -79.649175, 38.591415 ], [ -79.571771, 38.563117 ], [ -79.555471, 38.560217 ], [ -79.53687, 38.550917 ], [ -79.53197, 38.542417 ], [ -79.521469, 38.534118 ], [ -79.476638, 38.457228 ], [ -79.312276, 38.411876 ], [ -79.290695, 38.421038 ], [ -79.28294, 38.4181 ], [ -79.279683, 38.423733 ], [ -79.282754, 38.431694 ], [ -79.267319, 38.438274 ], [ -79.254482, 38.45593 ], [ -79.242668, 38.454181 ], [ -79.239881, 38.470079 ], [ -79.225669, 38.476471 ], [ -79.219067, 38.487441 ], [ -79.210591, 38.492913 ], [ -79.206959, 38.503522 ], [ -79.210959, 38.508022 ], [ -79.205859, 38.524521 ], [ -79.184058, 38.55152 ], [ -79.176658, 38.56552 ], [ -79.170954, 38.568116 ], [ -79.170858, 38.574119 ], [ -79.158257, 38.593119 ], [ -79.159258, 38.600919 ], [ -79.154357, 38.606518 ], [ -79.151457, 38.620218 ], [ -79.137557, 38.638017 ], [ -79.129756, 38.655018 ], [ -79.120453, 38.660208 ], [ -79.106356, 38.656217 ], [ -79.092755, 38.659817 ], [ -79.092246, 38.668114 ], [ -79.084455, 38.685116 ], [ -79.090755, 38.692515 ], [ -79.092955, 38.701715 ], [ -79.085455, 38.724614 ], [ -79.072355, 38.747813 ], [ -79.057254, 38.760713 ], [ -79.055654, 38.770913 ], [ -79.051268, 38.773602 ], [ -79.054954, 38.785713 ], [ -79.046554, 38.792113 ], [ -79.027253, 38.792113 ], [ -79.023041, 38.798611 ], [ -79.024053, 38.809212 ], [ -79.019842, 38.811711 ], [ -79.018552, 38.818812 ], [ -79.006552, 38.823712 ], [ -78.999014, 38.840074 ], [ -78.999752, 38.846162 ], [ -78.993761, 38.850021 ], [ -78.869261, 38.76298 ], [ -78.829056, 38.818625 ], [ -78.79633, 38.875111 ], [ -78.786025, 38.887187 ], [ -78.759085, 38.900529 ], [ -78.750357, 38.911675 ], [ -78.750517, 38.916028 ], [ -78.739147, 38.927134 ], [ -78.722442, 38.931408 ], [ -78.717076, 38.936028 ], [ -78.720832, 38.913633 ], [ -78.719291, 38.90523 ], [ -78.716631, 38.904475 ], [ -78.704323, 38.915231 ], [ -78.697437, 38.914359 ], [ -78.688266, 38.92478 ], [ -78.680456, 38.925313 ], [ -78.670679, 38.9338 ], [ -78.646589, 38.968138 ], [ -78.638423, 38.966819 ], [ -78.627798, 38.98179 ], [ -78.620453, 38.982601 ], [ -78.618676, 38.974082 ], [ -78.611184, 38.976134 ], [ -78.610197, 38.970476 ], [ -78.601655, 38.964603 ], [ -78.570462, 39.001552 ], [ -78.550467, 39.018065 ], [ -78.571901, 39.031995 ], [ -78.540216, 39.060631 ], [ -78.522714, 39.071062 ], [ -78.516479, 39.081802 ], [ -78.49516, 39.100992 ], [ -78.479597, 39.109505 ], [ -78.475376, 39.107469 ], [ -78.459869, 39.113351 ], [ -78.439429, 39.132146 ], [ -78.436658, 39.141691 ], [ -78.427294, 39.152726 ], [ -78.413943, 39.158415 ], [ -78.403697, 39.167451 ], [ -78.414844, 39.177835 ], [ -78.418944, 39.177354 ], [ -78.426315, 39.182762 ], [ -78.428697, 39.187217 ], [ -78.424905, 39.193301 ], [ -78.438695, 39.198093 ], [ -78.405585, 39.231176 ], [ -78.404214, 39.241214 ], [ -78.399669, 39.243874 ], [ -78.419422, 39.257476 ], [ -78.402783, 39.275471 ], [ -78.402886, 39.278624 ], [ -78.393371, 39.282988 ], [ -78.385884, 39.294888 ], [ -78.367242, 39.310148 ], [ -78.364074, 39.31882 ], [ -78.360035, 39.317771 ], [ -78.346301, 39.339108 ], [ -78.347409, 39.343402 ], [ -78.339284, 39.348605 ], [ -78.340415, 39.353628 ], [ -78.366867, 39.35929 ], [ -78.343214, 39.388807 ], [ -78.350924, 39.390985 ], [ -78.349436, 39.397252 ], [ -78.359918, 39.409028 ], [ -78.356938, 39.416929 ], [ -78.346718, 39.427618 ], [ -78.353227, 39.436792 ], [ -78.346546, 39.442616 ], [ -78.345143, 39.459484 ], [ -78.349798, 39.461807 ], [ -78.347087, 39.466012 ], [ -78.262785, 39.414323 ], [ -78.158193, 39.343391 ], [ -77.828299, 39.132426 ], [ -77.822101, 39.140105 ], [ -77.82137, 39.152351 ], [ -77.806049, 39.171737 ], [ -77.792663, 39.211388 ], [ -77.780799, 39.228721 ], [ -77.771365, 39.236493 ], [ -77.767227, 39.249009 ], [ -77.770937, 39.249446 ], [ -77.770102, 39.256369 ], [ -77.762928, 39.258273 ], [ -77.758652, 39.264658 ], [ -77.748295, 39.293696 ], [ -77.730697, 39.315603 ], [ -77.719519, 39.321314 ], [ -77.693008, 39.318437 ], [ -77.67681, 39.324558 ], [ -77.650899, 39.310846 ], [ -77.61591, 39.302548 ], [ -77.59262, 39.301201 ], [ -77.566598, 39.306047 ], [ -77.561828, 39.301469 ], [ -77.56069, 39.28596 ], [ -77.543086, 39.266916 ], [ -77.510668, 39.253256 ], [ -77.486646, 39.247281 ], [ -77.45771, 39.224979 ], [ -77.459859, 39.218887 ], [ -77.474156, 39.207763 ], [ -77.475088, 39.195433 ], [ -77.478672, 39.189671 ], [ -77.507531, 39.181402 ], [ -77.517622, 39.169417 ], [ -77.52768, 39.144658 ], [ -77.525175, 39.129266 ], [ -77.520092, 39.120869 ], [ -77.485401, 39.10931 ], [ -77.46866, 39.089389 ], [ -77.4625, 39.076404 ], [ -77.456971, 39.073399 ], [ -77.385794, 39.062132 ], [ -77.337137, 39.062265 ], [ -77.319829, 39.053419 ], [ -77.294076, 39.046946 ], [ -77.275037, 39.034284 ], [ -77.248419, 39.026554 ], [ -77.24538, 39.017531 ], [ -77.255765, 39.001883 ], [ -77.24503, 38.982684 ], [ -77.235196, 38.97608 ], [ -77.22995, 38.979709 ], [ -77.223749, 38.97212 ], [ -77.200692, 38.967261 ], [ -77.181254, 38.968779 ], [ -77.147197, 38.964439 ], [ -77.103005, 38.912708 ], [ -77.08855, 38.903713 ], [ -77.068692, 38.900322 ], [ -77.0592, 38.880985 ], [ -77.054141, 38.879712 ], [ -77.050552, 38.871982 ], [ -77.046552, 38.872027 ], [ -77.046042, 38.875617 ], [ -77.041672, 38.872533 ], [ -77.037739, 38.864781 ], [ -77.038274, 38.864021 ], [ -77.042452, 38.863945 ], [ -77.042763, 38.863372 ], [ -77.038021, 38.863239 ], [ -77.032143, 38.850287 ], [ -77.034644, 38.840044 ], [ -77.04802, 38.841261 ], [ -77.043207, 38.83143 ], [ -77.041787, 38.833676 ], [ -77.037699, 38.8295 ], [ -77.041107, 38.82294 ], [ -77.037288, 38.810527 ], [ -77.041362, 38.785415 ], [ -77.043478, 38.739241 ], [ -77.041469, 38.725847 ], [ -77.043877, 38.717674 ], [ -77.053522, 38.709804 ], [ -77.071433, 38.709981 ], [ -77.079232, 38.713052 ], [ -77.080037, 38.708924 ], [ -77.122632, 38.685256 ], [ -77.132439, 38.674143 ], [ -77.136423, 38.650226 ], [ -77.129682, 38.634704 ], [ -77.203696, 38.618172 ], [ -77.246362, 38.593441 ], [ -77.256454, 38.560587 ], [ -77.274033, 38.550152 ], [ -77.276339, 38.539445 ], [ -77.287294, 38.521463 ], [ -77.285309, 38.519695 ], [ -77.289738, 38.518056 ], [ -77.295776, 38.507384 ], [ -77.310558, 38.493993 ], [ -77.318542, 38.474437 ], [ -77.3204, 38.435221 ], [ -77.32291, 38.432625 ], [ -77.310445, 38.400101 ], [ -77.304938, 38.375271 ], [ -77.296792, 38.3705 ], [ -77.288195, 38.359385 ], [ -77.286202, 38.347024 ], [ -77.276581, 38.337881 ], [ -77.265295, 38.333164 ], [ -77.240071, 38.331597 ], [ -77.204694, 38.341096 ], [ -77.179339, 38.341914 ], [ -77.163219, 38.345823 ], [ -77.138224, 38.367916 ], [ -77.084238, 38.368739 ], [ -77.07055, 38.378151 ], [ -77.05342, 38.398813 ], [ -77.041505, 38.400692 ], [ -77.011464, 38.374425 ], [ -77.015911, 38.371024 ], [ -77.014527, 38.332634 ], [ -77.030683, 38.311622 ], [ -77.028131, 38.305317 ], [ -77.016449, 38.298837 ], [ -77.000902, 38.280004 ], [ -76.990869, 38.273639 ], [ -76.981346, 38.274542 ], [ -76.962086, 38.256964 ], [ -76.956923, 38.237472 ], [ -76.962251, 38.229888 ], [ -76.94902, 38.208418 ], [ -76.936838, 38.202385 ], [ -76.91113, 38.197357 ], [ -76.876744, 38.173019 ], [ -76.858836, 38.170999 ], [ -76.839368, 38.163609 ], [ -76.799887, 38.168933 ], [ -76.763973, 38.167791 ], [ -76.60543, 38.148933 ], [ -76.610384, 38.148516 ], [ -76.601721, 38.125129 ], [ -76.600467, 38.113088 ], [ -76.596156, 38.106676 ], [ -76.581568, 38.095909 ], [ -76.536457, 38.074903 ], [ -76.534191, 38.063539 ], [ -76.51616, 38.04492 ], [ -76.516609, 38.026783 ], [ -76.491976, 38.017714 ], [ -76.465008, 38.01322 ], [ -76.4339, 37.981847 ], [ -76.412934, 37.966332 ], [ -76.333372, 37.942956 ], [ -76.261812, 37.908786 ], [ -76.247906, 37.894869 ], [ -76.236572, 37.890146 ], [ -76.236458, 37.886605 ], [ -76.052021, 37.953578 ], [ -75.993338, 37.953487 ], [ -75.943693, 37.946133 ], [ -75.952672, 37.906827 ], [ -75.882939, 37.911335 ], [ -75.80124, 37.912174 ], [ -75.761642, 37.941366 ], [ -75.704634, 37.954698 ], [ -75.691321, 37.955496 ], [ -75.655681, 37.945433 ], [ -75.6477, 37.946963 ], [ -75.648228, 37.966771 ], [ -75.638222, 37.979395 ], [ -75.629532, 37.975963 ], [ -75.633832, 37.984517 ], [ -75.625611, 37.989798 ], [ -75.624449, 37.994195 ], [ -75.249609, 38.026715 ], [ -75.166435, 38.027834 ], [ -75.241758, 37.931532 ], [ -75.274981, 37.875124 ], [ -75.303132, 37.838169 ], [ -75.337979, 37.815232 ], [ -75.360125, 37.810186 ], [ -75.380174, 37.810404 ], [ -75.409285, 37.820919 ], [ -75.417073, 37.82105 ], [ -75.460933, 37.771356 ], [ -75.474407, 37.739189 ], [ -75.487225, 37.724877 ], [ -75.507746, 37.688654 ], [ -75.515962, 37.671538 ], [ -75.51846, 37.649426 ], [ -75.533183, 37.629884 ], [ -75.541779, 37.606145 ], [ -75.528445, 37.584876 ], [ -75.526913, 37.571084 ], [ -75.529901, 37.556717 ], [ -75.540806, 37.53895 ], [ -75.555061, 37.526677 ], [ -75.579639, 37.494637 ], [ -75.58911, 37.477857 ], [ -75.595642, 37.465584 ], [ -75.604026, 37.422024 ], [ -75.643456, 37.372864 ], [ -75.640318, 37.363865 ], [ -75.644386, 37.34227 ], [ -75.65659, 37.323914 ], [ -75.678964, 37.312577 ], [ -75.715515, 37.275687 ], [ -75.715377, 37.269972 ], [ -75.732284, 37.245694 ], [ -75.728367, 37.235617 ], [ -75.729271, 37.216901 ], [ -75.742831, 37.192907 ], [ -75.744639, 37.182349 ], [ -75.766049, 37.154932 ], [ -75.805907, 37.116061 ], [ -75.824147, 37.110122 ], [ -75.835631, 37.095006 ], [ -75.854547, 37.079349 ], [ -75.869409, 37.073951 ], [ -75.889676, 37.054515 ], [ -75.928307, 36.938179 ], [ -75.874647, 36.744305 ], [ -75.819825, 36.625153 ], [ -75.797497, 36.550916 ], [ -76.915899, 36.552149 ] ] ] } },
{ "type": "Feature", "properties": { "STUSPS": "DC", "NAME": "District of Columbia", "region_name": "South", "division_name": "South Atlantic" }, "geometry": { "type": "Polygon", "coordinates": [ [ [ -77.119751, 38.93435 ], [ -77.040882, 38.995845 ], [ -76.909393, 38.892852 ], [ -77.039006, 38.791645 ], [ -77.037343, 38.814635 ], [ -77.041107, 38.82294 ], [ -77.037755, 38.830138 ], [ -77.041889, 38.83371 ], [ -77.043207, 38.83143 ], [ -77.04802, 38.841261 ], [ -77.036804, 38.839405 ], [ -77.033066, 38.844549 ], [ -77.03417, 38.85768 ], [ -77.038082, 38.863293 ], [ -77.042763, 38.863372 ], [ -77.037924, 38.864284 ], [ -77.039464, 38.869732 ], [ -77.045869, 38.875613 ], [ -77.046517, 38.872057 ], [ -77.050155, 38.871647 ], [ -77.054141, 38.879712 ], [ -77.059141, 38.880914 ], [ -77.068641, 38.900288 ], [ -77.086575, 38.903013 ], [ -77.102032, 38.911916 ], [ -77.119751, 38.93435 ] ] ] } },
{ "type": "Feature", "properties": { "STUSPS": "IA", "NAME": "Iowa", "region_name": "Midwest", "division_name": "West North Central" }, "geometry": { "type": "Polygon", "coordinates": [ [ [ -96.599191, 43.500456 ], [ -91.217706, 43.50055 ], [ -91.216035, 43.481142 ], [ -91.233367, 43.455168 ], [ -91.22875, 43.445537 ], [ -91.207145, 43.425031 ], [ -91.200359, 43.412701 ], [ -91.198953, 43.389835 ], [ -91.206072, 43.374976 ], [ -91.21499, 43.368006 ], [ -91.20662, 43.352524 ], [ -91.132813, 43.32803 ], [ -91.107237, 43.313645 ], [ -91.085652, 43.29187 ], [ -91.07371, 43.274746 ], [ -91.072649, 43.262129 ], [ -91.05975, 43.259074 ], [ -91.057918, 43.255366 ], [ -91.066398, 43.239293 ], [ -91.12217, 43.197255 ], [ -91.124428, 43.187886 ], [ -91.138649, 43.169993 ], [ -91.1462, 43.152405 ], [ -91.1562, 43.142945 ], [ -91.175253, 43.134665 ], [ -91.178251, 43.124982 ], [ -91.175193, 43.103771 ], [ -91.179457, 43.067427 ], [ -91.174692, 43.038713 ], [ -91.15749, 42.991475 ], [ -91.156562, 42.978226 ], [ -91.145935, 42.96077 ], [ -91.14988, 42.941955 ], [ -91.1438, 42.922877 ], [ -91.145615, 42.908006 ], [ -91.143491, 42.904698 ], [ -91.117411, 42.895837 ], [ -91.100565, 42.883078 ], [ -91.097656, 42.859871 ], [ -91.091402, 42.84986 ], [ -91.09406, 42.830813 ], [ -91.078665, 42.827678 ], [ -91.078097, 42.806526 ], [ -91.069549, 42.769628 ], [ -91.060261, 42.761847 ], [ -91.061432, 42.757974 ], [ -91.065492, 42.757081 ], [ -91.065059, 42.751338 ], [ -91.056297, 42.747341 ], [ -91.053733, 42.738238 ], [ -91.035418, 42.73734 ], [ -91.026786, 42.724228 ], [ -91.000128, 42.716189 ], [ -90.977735, 42.696816 ], [ -90.94921, 42.685569 ], [ -90.937045, 42.683399 ], [ -90.921155, 42.685406 ], [ -90.88743, 42.67247 ], [ -90.731132, 42.643437 ], [ -90.706303, 42.634169 ], [ -90.692031, 42.610366 ], [ -90.686975, 42.591774 ], [ -90.677935, 42.580031 ], [ -90.661527, 42.567999 ], [ -90.654127, 42.5499 ], [ -90.644687, 42.541317 ], [ -90.635983, 42.518712 ], [ -90.656285, 42.491371 ], [ -90.654496, 42.479205 ], [ -90.646073, 42.471087 ], [ -90.624328, 42.458904 ], [ -90.567968, 42.440389 ], [ -90.560439, 42.432897 ], [ -90.555018, 42.416138 ], [ -90.506829, 42.398792 ], [ -90.487154, 42.385141 ], [ -90.477279, 42.383794 ], [ -90.462619, 42.367253 ], [ -90.443874, 42.355218 ], [ -90.415937, 42.322699 ], [ -90.421047, 42.316109 ], [ -90.418915, 42.308328 ], [ -90.430735, 42.284211 ], [ -90.430884, 42.27823 ], [ -90.419326, 42.254467 ], [ -90.400653, 42.239293 ], [ -90.393151, 42.227186 ], [ -90.356964, 42.205445 ], [ -90.328273, 42.201047 ], [ -90.282173, 42.178846 ], [ -90.250129, 42.171469 ], [ -90.216107, 42.15673 ], [ -90.20826, 42.15099 ], [ -90.201404, 42.130937 ], [ -90.190452, 42.125779 ], [ -90.17097, 42.125198 ], [ -90.167533, 42.122475 ], [ -90.162895, 42.116718 ], [ -90.16116, 42.106372 ], [ -90.163405, 42.087613 ], [ -90.168358, 42.075779 ], [ -90.164485, 42.042105 ], [ -90.151579, 42.030633 ], [ -90.140061, 42.003252 ], [ -90.146225, 41.981329 ], [ -90.153828, 41.974121 ], [ -90.164135, 41.956178 ], [ -90.163847, 41.944934 ], [ -90.1516, 41.931002 ], [ -90.153584, 41.906614 ], [ -90.170041, 41.876439 ], [ -90.173009, 41.857393 ], [ -90.181901, 41.843216 ], [ -90.183973, 41.83307 ], [ -90.180954, 41.809354 ], [ -90.187969, 41.803163 ], [ -90.216889, 41.795335 ], [ -90.263286, 41.772112 ], [ -90.278633, 41.767358 ], [ -90.309973, 41.74342 ], [ -90.315549, 41.734426 ], [ -90.317668, 41.722689 ], [ -90.312893, 41.707528 ], [ -90.313435, 41.698082 ], [ -90.317315, 41.69167 ], [ -90.334525, 41.679559 ], [ -90.343452, 41.646959 ], [ -90.339528, 41.598633 ], [ -90.343228, 41.587833 ], [ -90.412825, 41.565329 ], [ -90.42223, 41.554233 ], [ -90.432731, 41.549533 ], [ -90.461432, 41.523533 ], [ -90.500633, 41.518033 ], [ -90.540935, 41.526133 ], [ -90.556235, 41.524232 ], [ -90.567236, 41.517532 ], [ -90.595237, 41.511032 ], [ -90.602137, 41.506032 ], [ -90.605936, 41.494232 ], [ -90.655839, 41.462132 ], [ -90.745946, 41.44973 ], [ -90.846558, 41.455141 ], [ -90.929254, 41.421544 ], [ -90.949791, 41.424163 ], [ -90.974185, 41.433712 ], [ -90.982913, 41.434171 ], [ -91.005846, 41.426135 ], [ -91.027787, 41.423603 ], [ -91.04589, 41.414085 ], [ -91.05158, 41.385283 ], [ -91.066232, 41.366367 ], [ -91.074841, 41.305578 ], [ -91.092034, 41.286911 ], [ -91.101142, 41.267169 ], [ -91.114186, 41.250029 ], [ -91.113657, 41.241401 ], [ -91.072984, 41.207151 ], [ -91.041557, 41.166162 ], [ -91.027231, 41.163383 ], [ -91.007594, 41.166187 ], [ -90.994963, 41.16063 ], [ -90.946625, 41.096628 ], [ -90.94939, 41.072783 ], [ -90.942253, 41.034702 ], [ -90.945949, 41.006495 ], [ -90.958142, 40.979767 ], [ -90.952233, 40.954047 ], [ -90.965344, 40.921633 ], [ -90.9985, 40.90812 ], [ -91.009536, 40.900565 ], [ -91.021562, 40.884021 ], [ -91.044653, 40.868356 ], [ -91.05643, 40.848387 ], [ -91.092993, 40.821079 ], [ -91.097649, 40.805575 ], [ -91.092256, 40.792909 ], [ -91.091703, 40.779708 ], [ -91.098105, 40.763233 ], [ -91.110424, 40.745528 ], [ -91.115735, 40.725168 ], [ -91.111095, 40.708282 ], [ -91.11194, 40.697018 ], [ -91.123928, 40.669152 ], [ -91.18698, 40.637297 ], [ -91.253074, 40.637962 ], [ -91.306568, 40.626219 ], [ -91.339719, 40.613488 ], [ -91.359873, 40.601805 ], [ -91.379752, 40.57445 ], [ -91.405241, 40.554641 ], [ -91.406851, 40.547557 ], [ -91.404125, 40.539127 ], [ -91.381857, 40.528247 ], [ -91.369059, 40.512532 ], [ -91.363879, 40.498062 ], [ -91.366463, 40.478869 ], [ -91.381468, 40.44604 ], [ -91.380965, 40.435395 ], [ -91.372826, 40.414279 ], [ -91.372921, 40.399108 ], [ -91.376911, 40.390776 ], [ -91.391613, 40.384038 ], [ -91.413011, 40.382277 ], [ -91.419422, 40.378264 ], [ -91.441243, 40.386255 ], [ -91.446627, 40.377918 ], [ -91.454535, 40.37544 ], [ -91.465009, 40.376223 ], [ -91.463554, 40.385547 ], [ -91.483153, 40.382492 ], [ -91.490912, 40.39298 ], [ -91.487829, 40.403866 ], [ -91.505272, 40.403512 ], [ -91.526425, 40.413404 ], [ -91.526555, 40.419872 ], [ -91.519134, 40.432822 ], [ -91.529132, 40.434272 ], [ -91.533555, 40.440589 ], [ -91.524053, 40.448437 ], [ -91.52509, 40.457845 ], [ -91.552691, 40.458769 ], [ -91.574734, 40.465655 ], [ -91.581528, 40.472876 ], [ -91.590817, 40.492292 ], [ -91.612821, 40.502377 ], [ -91.621353, 40.510072 ], [ -91.618028, 40.53403 ], [ -91.620071, 40.540817 ], [ -91.681714, 40.553035 ], [ -91.6887, 40.55739 ], [ -91.691561, 40.564867 ], [ -91.686357, 40.580875 ], [ -91.716769, 40.59853 ], [ -91.729115, 40.61364 ], [ -91.947709, 40.605471 ], [ -92.686693, 40.589809 ], [ -93.260429, 40.580814 ], [ -93.547578, 40.580407 ], [ -94.270456, 40.571531 ], [ -94.594196, 40.57096 ], [ -95.765645, 40.585208 ], [ -95.753148, 40.59284 ], [ -95.748626, 40.603355 ], [ -95.751271, 40.609057 ], [ -95.768926, 40.621264 ], [ -95.771325, 40.639393 ], [ -95.776251, 40.647463 ], [ -95.795489, 40.662384 ], [ -95.822913, 40.66724 ], [ -95.842801, 40.677496 ], [ -95.852615, 40.702262 ], [ -95.859378, 40.708055 ], [ -95.883178, 40.717579 ], [ -95.888907, 40.731855 ], [ -95.88669, 40.742101 ], [ -95.879027, 40.753081 ], [ -95.869982, 40.759645 ], [ -95.84662, 40.768619 ], [ -95.835232, 40.779151 ], [ -95.834523, 40.787778 ], [ -95.845342, 40.811324 ], [ -95.837186, 40.835347 ], [ -95.84859, 40.861061 ], [ -95.842521, 40.870266 ], [ -95.815933, 40.879846 ], [ -95.809474, 40.891228 ], [ -95.814302, 40.902936 ], [ -95.836438, 40.921642 ], [ -95.839743, 40.93278 ], [ -95.837951, 40.950618 ], [ -95.829829, 40.963857 ], [ -95.829074, 40.975688 ], [ -95.835434, 40.984184 ], [ -95.866951, 41.001085 ], [ -95.869502, 41.009429 ], [ -95.859918, 41.025403 ], [ -95.859654, 41.035695 ], [ -95.881588, 41.054378 ], [ -95.882342, 41.059419 ], [ -95.881011, 41.066303 ], [ -95.865835, 41.080079 ], [ -95.862427, 41.089687 ], [ -95.867228, 41.121493 ], [ -95.881478, 41.142149 ], [ -95.88254, 41.155881 ], [ -95.873692, 41.166642 ], [ -95.847938, 41.166239 ], [ -95.842731, 41.170031 ], [ -95.841616, 41.175469 ], [ -95.847241, 41.183351 ], [ -95.861659, 41.187965 ], [ -95.916119, 41.185279 ], [ -95.92725, 41.197086 ], [ -95.926736, 41.210314 ], [ -95.914272, 41.223858 ], [ -95.910629, 41.234579 ], [ -95.922304, 41.26302 ], [ -95.921497, 41.267604 ], [ -95.914091, 41.272428 ], [ -95.928646, 41.281332 ], [ -95.927642, 41.29844 ], [ -95.905899, 41.301038 ], [ -95.906144, 41.287488 ], [ -95.912581, 41.279527 ], [ -95.90284, 41.274374 ], [ -95.877481, 41.284583 ], [ -95.871141, 41.29669 ], [ -95.874184, 41.307924 ], [ -95.882916, 41.316647 ], [ -95.897284, 41.321234 ], [ -95.925835, 41.32158 ], [ -95.946532, 41.333139 ], [ -95.957137, 41.345902 ], [ -95.953953, 41.353776 ], [ -95.936923, 41.359247 ], [ -95.929681, 41.367058 ], [ -95.929486, 41.375326 ], [ -95.936411, 41.385876 ], [ -95.937694, 41.39477 ], [ -95.929677, 41.411071 ], [ -95.932778, 41.430815 ], [ -95.920846, 41.443449 ], [ -95.921192, 41.455138 ], [ -95.93634, 41.465304 ], [ -95.966688, 41.463425 ], [ -95.984279, 41.470939 ], [ -96.004936, 41.472413 ], [ -96.013585, 41.478469 ], [ -96.019543, 41.491592 ], [ -96.000649, 41.50254 ], [ -95.992777, 41.514596 ], [ -95.999966, 41.53948 ], [ -96.005112, 41.54325 ], [ -96.01915, 41.54514 ], [ -96.026657, 41.540366 ], [ -96.031127, 41.523004 ], [ -96.034441, 41.521051 ], [ -96.034353, 41.512761 ], [ -96.040613, 41.506893 ], [ -96.052765, 41.508436 ], [ -96.073389, 41.523529 ], [ -96.082654, 41.525974 ], [ -96.090118, 41.531702 ], [ -96.095109, 41.541089 ], [ -96.095042, 41.554768 ], [ -96.082486, 41.571145 ], [ -96.08139, 41.5779 ], [ -96.087186, 41.58655 ], [ -96.109455, 41.596775 ], [ -96.118277, 41.614967 ], [ -96.115995, 41.622024 ], [ -96.097777, 41.639625 ], [ -96.095221, 41.650114 ], [ -96.100055, 41.661077 ], [ -96.117959, 41.673314 ], [ -96.122604, 41.68304 ], [ -96.119861, 41.692649 ], [ -96.113461, 41.697569 ], [ -96.08464, 41.697709 ], [ -96.073225, 41.704062 ], [ -96.076642, 41.715657 ], [ -96.102212, 41.727641 ], [ -96.106354, 41.738046 ], [ -96.100981, 41.747572 ], [ -96.081211, 41.757081 ], [ -96.077546, 41.777822 ], [ -96.066377, 41.788981 ], [ -96.06479, 41.794406 ], [ -96.075353, 41.807716 ], [ -96.09748, 41.813917 ], [ -96.106565, 41.819613 ], [ -96.110962, 41.828827 ], [ -96.107617, 41.8404 ], [ -96.110548, 41.849199 ], [ -96.141908, 41.868999 ], [ -96.148783, 41.888205 ], [ -96.161756, 41.90182 ], [ -96.159098, 41.910057 ], [ -96.142265, 41.915379 ], [ -96.136743, 41.920826 ], [ -96.136613, 41.927167 ], [ -96.144583, 41.941544 ], [ -96.133318, 41.955732 ], [ -96.129505, 41.971673 ], [ -96.141229, 41.978063 ], [ -96.15209, 41.979661 ], [ -96.177204, 41.976308 ], [ -96.187219, 41.977946 ], [ -96.192141, 41.984461 ], [ -96.184255, 41.996634 ], [ -96.184002, 42.003063 ], [ -96.194556, 42.008662 ], [ -96.215225, 42.006701 ], [ -96.225463, 41.994734 ], [ -96.236488, 41.996429 ], [ -96.24202, 42.000911 ], [ -96.24192, 42.006963 ], [ -96.23886, 42.012315 ], [ -96.223611, 42.022652 ], [ -96.223822, 42.033346 ], [ -96.234356, 42.040712 ], [ -96.246832, 42.041616 ], [ -96.258067, 42.038274 ], [ -96.272545, 42.046202 ], [ -96.279479, 42.07088 ], [ -96.267739, 42.097055 ], [ -96.269459, 42.114216 ], [ -96.283002, 42.125031 ], [ -96.309758, 42.132101 ], [ -96.32074, 42.147928 ], [ -96.341571, 42.15908 ], [ -96.349688, 42.170702 ], [ -96.347374, 42.193075 ], [ -96.35987, 42.210553 ], [ -96.356591, 42.215182 ], [ -96.336998, 42.217466 ], [ -96.323723, 42.229887 ], [ -96.322868, 42.233637 ], [ -96.330006, 42.240225 ], [ -96.328897, 42.254723 ], [ -96.335964, 42.264777 ], [ -96.35655, 42.276594 ], [ -96.365751, 42.285814 ], [ -96.369212, 42.308344 ], [ -96.375307, 42.318339 ], [ -96.384169, 42.325874 ], [ -96.407998, 42.337408 ], [ -96.417786, 42.351449 ], [ -96.417093, 42.361443 ], [ -96.408436, 42.376092 ], [ -96.41498, 42.393442 ], [ -96.415186, 42.404203 ], [ -96.410307, 42.412965 ], [ -96.387608, 42.432494 ], [ -96.380705, 42.446393 ], [ -96.381305, 42.461695 ], [ -96.386003, 42.474496 ], [ -96.401962, 42.48644 ], [ -96.455941, 42.492577 ], [ -96.476461, 42.490128 ], [ -96.477908, 42.494668 ], [ -96.473334, 42.503536 ], [ -96.476048, 42.507783 ], [ -96.479023, 42.510843 ], [ -96.488163, 42.511284 ], [ -96.493722, 42.516742 ], [ -96.479007, 42.526394 ], [ -96.47696, 42.555972 ], [ -96.498544, 42.558116 ], [ -96.485797, 42.57502 ], [ -96.495654, 42.579541 ], [ -96.491271, 42.586806 ], [ -96.501082, 42.589311 ], [ -96.500183, 42.594104 ], [ -96.509453, 42.612704 ], [ -96.518747, 42.616448 ], [ -96.527816, 42.608961 ], [ -96.531335, 42.613642 ], [ -96.529914, 42.617859 ], [ -96.518114, 42.619816 ], [ -96.515661, 42.629711 ], [ -96.525143, 42.634746 ], [ -96.52663, 42.64145 ], [ -96.537472, 42.645951 ], [ -96.537818, 42.6556 ], [ -96.542365, 42.660934 ], [ -96.558999, 42.657679 ], [ -96.559808, 42.662868 ], [ -96.55577, 42.664207 ], [ -96.566964, 42.676417 ], [ -96.571567, 42.670896 ], [ -96.578399, 42.67184 ], [ -96.572053, 42.676704 ], [ -96.572623, 42.678926 ], [ -96.578757, 42.678123 ], [ -96.57518, 42.682757 ], [ -96.586186, 42.683177 ], [ -96.586342, 42.689794 ], [ -96.589842, 42.691041 ], [ -96.592295, 42.68716 ], [ -96.599639, 42.686893 ], [ -96.593613, 42.689794 ], [ -96.596539, 42.691932 ], [ -96.593928, 42.694327 ], [ -96.599637, 42.698854 ], [ -96.605643, 42.694683 ], [ -96.612086, 42.69558 ], [ -96.604603, 42.698473 ], [ -96.605596, 42.70202 ], [ -96.615148, 42.698433 ], [ -96.623957, 42.7076 ], [ -96.625529, 42.704181 ], [ -96.630154, 42.705438 ], [ -96.624406, 42.714011 ], [ -96.628011, 42.717798 ], [ -96.624414, 42.725212 ], [ -96.634189, 42.724306 ], [ -96.630522, 42.730234 ], [ -96.639485, 42.736928 ], [ -96.630586, 42.735286 ], [ -96.635612, 42.741894 ], [ -96.629429, 42.743641 ], [ -96.632155, 42.74521 ], [ -96.630019, 42.750696 ], [ -96.619262, 42.754609 ], [ -96.622833, 42.758398 ], [ -96.627243, 42.754413 ], [ -96.6361, 42.763986 ], [ -96.631522, 42.766095 ], [ -96.636382, 42.76974 ], [ -96.626361, 42.771403 ], [ -96.626985, 42.775302 ], [ -96.621985, 42.77683 ], [ -96.619503, 42.784043 ], [ -96.60444, 42.78311 ], [ -96.602345, 42.788113 ], [ -96.605007, 42.791696 ], [ -96.595214, 42.792896 ], [ -96.599683, 42.798435 ], [ -96.594076, 42.798235 ], [ -96.590465, 42.808297 ], [ -96.595626, 42.810343 ], [ -96.595945, 42.814954 ], [ -96.584109, 42.819005 ], [ -96.585808, 42.823776 ], [ -96.577654, 42.827791 ], [ -96.582305, 42.83375 ], [ -96.58147, 42.837726 ], [ -96.57833, 42.837799 ], [ -96.578164, 42.834727 ], [ -96.568382, 42.837781 ], [ -96.569683, 42.8345 ], [ -96.563604, 42.828174 ], [ -96.560944, 42.839134 ], [ -96.550322, 42.837531 ], [ -96.548598, 42.840891 ], [ -96.553805, 42.843182 ], [ -96.556083, 42.849231 ], [ -96.545262, 42.849854 ], [ -96.541455, 42.856868 ], [ -96.54262, 42.859688 ], [ -96.546819, 42.857436 ], [ -96.5461, 42.861161 ], [ -96.550451, 42.863548 ], [ -96.546573, 42.863914 ], [ -96.546174, 42.867552 ], [ -96.549701, 42.86988 ], [ -96.547146, 42.873955 ], [ -96.53767, 42.878462 ], [ -96.543485, 42.883765 ], [ -96.537695, 42.886748 ], [ -96.539838, 42.889803 ], [ -96.525287, 42.89191 ], [ -96.529692, 42.894218 ], [ -96.528873, 42.897926 ], [ -96.539531, 42.899939 ], [ -96.54293, 42.903756 ], [ -96.536467, 42.905643 ], [ -96.541283, 42.923927 ], [ -96.534106, 42.92371 ], [ -96.534061, 42.928166 ], [ -96.525312, 42.935627 ], [ -96.516835, 42.932347 ], [ -96.51987, 42.939969 ], [ -96.509288, 42.945153 ], [ -96.508919, 42.953715 ], [ -96.498963, 42.957802 ], [ -96.50516, 42.971095 ], [ -96.515773, 42.972844 ], [ -96.520838, 42.980314 ], [ -96.516831, 42.98102 ], [ -96.518364, 42.985187 ], [ -96.512382, 42.985658 ], [ -96.512834, 42.991912 ], [ -96.50986, 42.995228 ], [ -96.496995, 42.998478 ], [ -96.491981, 43.010197 ], [ -96.49904, 43.019073 ], [ -96.512032, 43.026212 ], [ -96.513971, 43.030324 ], [ -96.509138, 43.036763 ], [ -96.511048, 43.039727 ], [ -96.521302, 43.03966 ], [ -96.512521, 43.04108 ], [ -96.514812, 43.045174 ], [ -96.510523, 43.049913 ], [ -96.49093, 43.050812 ], [ -96.47674, 43.062697 ], [ -96.460742, 43.064337 ], [ -96.45408, 43.083845 ], [ -96.455467, 43.088283 ], [ -96.463083, 43.089967 ], [ -96.46232, 43.092885 ], [ -96.45238, 43.098193 ], [ -96.436472, 43.120166 ], [ -96.441581, 43.124496 ], [ -96.440191, 43.128317 ], [ -96.445599, 43.136513 ], [ -96.448587, 43.136228 ], [ -96.44708, 43.138338 ], [ -96.45043, 43.14239 ], [ -96.46043, 43.14363 ], [ -96.459248, 43.147488 ], [ -96.465144, 43.147475 ], [ -96.468499, 43.151887 ], [ -96.463981, 43.155489 ], [ -96.469556, 43.158353 ], [ -96.465955, 43.161422 ], [ -96.46913, 43.169421 ], [ -96.46557, 43.171315 ], [ -96.464856, 43.18196 ], [ -96.472525, 43.185601 ], [ -96.474009, 43.189639 ], [ -96.472106, 43.196342 ], [ -96.475007, 43.202569 ], [ -96.47066, 43.207326 ], [ -96.476469, 43.212969 ], [ -96.476654, 43.221941 ], [ -96.496639, 43.223716 ], [ -96.501198, 43.220574 ], [ -96.508551, 43.221117 ], [ -96.50906, 43.21716 ], [ -96.520692, 43.217983 ], [ -96.526524, 43.224052 ], [ -96.535915, 43.227634 ], [ -96.555281, 43.226666 ], [ -96.559326, 43.222934 ], [ -96.568289, 43.231344 ], [ -96.571486, 43.238847 ], [ -96.565191, 43.244454 ], [ -96.549187, 43.246814 ], [ -96.55266, 43.258148 ], [ -96.58566, 43.269352 ], [ -96.586149, 43.27448 ], [ -96.583765, 43.27666 ], [ -96.581196, 43.274669 ], [ -96.57756, 43.279212 ], [ -96.581416, 43.287958 ], [ -96.579473, 43.295689 ], [ -96.588033, 43.292379 ], [ -96.588492, 43.296175 ], [ -96.573706, 43.299026 ], [ -96.56438, 43.294639 ], [ -96.554712, 43.296509 ], [ -96.552056, 43.29285 ], [ -96.530381, 43.299823 ], [ -96.531905, 43.304233 ], [ -96.526962, 43.305229 ], [ -96.529154, 43.309078 ], [ -96.524059, 43.311381 ], [ -96.529011, 43.316395 ], [ -96.525639, 43.318633 ], [ -96.530962, 43.320669 ], [ -96.528848, 43.324337 ], [ -96.535087, 43.336502 ], [ -96.531665, 43.339335 ], [ -96.532759, 43.342744 ], [ -96.528444, 43.342246 ], [ -96.524279, 43.347422 ], [ -96.527716, 43.348295 ], [ -96.525114, 43.353579 ], [ -96.530961, 43.368433 ], [ -96.522059, 43.37219 ], [ -96.524517, 43.379776 ], [ -96.521983, 43.38138 ], [ -96.524606, 43.382271 ], [ -96.521662, 43.385905 ], [ -96.525242, 43.396072 ], [ -96.544429, 43.396189 ], [ -96.548408, 43.403662 ], [ -96.557234, 43.406166 ], [ -96.560439, 43.412462 ], [ -96.573555, 43.418969 ], [ -96.570289, 43.428547 ], [ -96.594141, 43.433824 ], [ -96.603051, 43.450828 ], [ -96.600017, 43.450577 ], [ -96.600949, 43.455943 ], [ -96.593853, 43.458852 ], [ -96.594653, 43.46223 ], [ -96.590551, 43.462903 ], [ -96.589436, 43.466456 ], [ -96.587008, 43.464502 ], [ -96.582419, 43.466706 ], [ -96.586892, 43.477873 ], [ -96.581082, 43.481498 ], [ -96.586787, 43.483833 ], [ -96.584551, 43.489099 ], [ -96.590211, 43.494123 ], [ -96.599013, 43.495348 ], [ -96.599191, 43.500456 ] ] ] } },
{ "type": "Feature", "properties": { "STUSPS": "AZ", "NAME": "Arizona", "region_name": "West", "division_name": "Mountain" }, "geometry": { "type": "Polygon", "coordinates": [ [ [ -114.050616, 37.000167 ], [ -110.490299, 37.003628 ], [ -110.469733, 36.997657 ], [ -109.045172, 36.998977 ], [ -109.050033, 31.332348 ], [ -111.07498, 31.332342 ], [ -112.238048, 31.701378 ], [ -113.155326, 31.982507 ], [ -114.086919, 32.273547 ], [ -114.813692, 32.494069 ], [ -114.812386, 32.50034 ], [ -114.816157, 32.508291 ], [ -114.80748, 32.508891 ], [ -114.801995, 32.513624 ], [ -114.810218, 32.518307 ], [ -114.813166, 32.524503 ], [ -114.801982, 32.536321 ], [ -114.805678, 32.546332 ], [ -114.793928, 32.551985 ], [ -114.791408, 32.556461 ], [ -114.792808, 32.569524 ], [ -114.806492, 32.559245 ], [ -114.813934, 32.562213 ], [ -114.812916, 32.568846 ], [ -114.801552, 32.576406 ], [ -114.803951, 32.581993 ], [ -114.799402, 32.592618 ], [ -114.801753, 32.599362 ], [ -114.807826, 32.603221 ], [ -114.80844, 32.619426 ], [ -114.799751, 32.625292 ], [ -114.791715, 32.62197 ], [ -114.782725, 32.624336 ], [ -114.780581, 32.632145 ], [ -114.763784, 32.643403 ], [ -114.764548, 32.649832 ], [ -114.748599, 32.663039 ], [ -114.744497, 32.678467 ], [ -114.731786, 32.695442 ], [ -114.729755, 32.704708 ], [ -114.722107, 32.713672 ], [ -114.714522, 32.73039 ], [ -114.70294, 32.744793 ], [ -114.68823, 32.73753 ], [ -114.617395, 32.728257 ], [ -114.615112, 32.734515 ], [ -114.581784, 32.734946 ], [ -114.581736, 32.74232 ], [ -114.564508, 32.742274 ], [ -114.564447, 32.749554 ], [ -114.539224, 32.749812 ], [ -114.539092, 32.756949 ], [ -114.526856, 32.757094 ], [ -114.532432, 32.776922 ], [ -114.529633, 32.795477 ], [ -114.510327, 32.816488 ], [ -114.494116, 32.823287 ], [ -114.468971, 32.845155 ], [ -114.462929, 32.907944 ], [ -114.464448, 32.913128 ], [ -114.47664, 32.923628 ], [ -114.480925, 32.936276 ], [ -114.468536, 32.953922 ], [ -114.468379, 32.970745 ], [ -114.475389, 32.975157 ], [ -114.488625, 32.969946 ], [ -114.492938, 32.971781 ], [ -114.499797, 33.003905 ], [ -114.511343, 33.023455 ], [ -114.523578, 33.03096 ], [ -114.571653, 33.036624 ], [ -114.578287, 33.035375 ], [ -114.589778, 33.026228 ], [ -114.618788, 33.027202 ], [ -114.628294, 33.03105 ], [ -114.639552, 33.04529 ], [ -114.645979, 33.048902 ], [ -114.657827, 33.033824 ], [ -114.662317, 33.03267 ], [ -114.673659, 33.041896 ], [ -114.674295, 33.057169 ], [ -114.686991, 33.070968 ], [ -114.68902, 33.084035 ], [ -114.706488, 33.08816 ], [ -114.707896, 33.097431 ], [ -114.703682, 33.113768 ], [ -114.696914, 33.131119 ], [ -114.687405, 33.141983 ], [ -114.679945, 33.159059 ], [ -114.68089, 33.169074 ], [ -114.675359, 33.185488 ], [ -114.678749, 33.203448 ], [ -114.673626, 33.223121 ], [ -114.689541, 33.246428 ], [ -114.672088, 33.258499 ], [ -114.680507, 33.273576 ], [ -114.72167, 33.286982 ], [ -114.731223, 33.302433 ], [ -114.723623, 33.312109 ], [ -114.70787, 33.323316 ], [ -114.700938, 33.337014 ], [ -114.698035, 33.352442 ], [ -114.707309, 33.38254 ], [ -114.72425, 33.40042 ], [ -114.725282, 33.405048 ], [ -114.720065, 33.407891 ], [ -114.701788, 33.408377 ], [ -114.695658, 33.415128 ], [ -114.68795, 33.417934 ], [ -114.673691, 33.419157 ], [ -114.656735, 33.412813 ], [ -114.643302, 33.416746 ], [ -114.62964, 33.428137 ], [ -114.622283, 33.447558 ], [ -114.622918, 33.456561 ], [ -114.601694, 33.481396 ], [ -114.592369, 33.498675 ], [ -114.580468, 33.506465 ], [ -114.569533, 33.509219 ], [ -114.560963, 33.516739 ], [ -114.558898, 33.531819 ], [ -114.524215, 33.553068 ], [ -114.536784, 33.570959 ], [ -114.540617, 33.591412 ], [ -114.521845, 33.612544 ], [ -114.531215, 33.623913 ], [ -114.531034, 33.628213 ], [ -114.523802, 33.6347 ], [ -114.533194, 33.65166 ], [ -114.518337, 33.655927 ], [ -114.514057, 33.660179 ], [ -114.530267, 33.666821 ], [ -114.531523, 33.675108 ], [ -114.523959, 33.685879 ], [ -114.496489, 33.696901 ], [ -114.494197, 33.707922 ], [ -114.496565, 33.719155 ], [ -114.512348, 33.734214 ], [ -114.504483, 33.750998 ], [ -114.504863, 33.760465 ], [ -114.52805, 33.814963 ], [ -114.51997, 33.825381 ], [ -114.529597, 33.848063 ], [ -114.529883, 33.857563 ], [ -114.524292, 33.860133 ], [ -114.514673, 33.858638 ], [ -114.503017, 33.867998 ], [ -114.50434, 33.876882 ], [ -114.522768, 33.892583 ], [ -114.525872, 33.901008 ], [ -114.513715, 33.897959 ], [ -114.50792, 33.903807 ], [ -114.518434, 33.917518 ], [ -114.534951, 33.9257 ], [ -114.535478, 33.934651 ], [ -114.522002, 33.955623 ], [ -114.499883, 33.961789 ], [ -114.467932, 33.992877 ], [ -114.459258, 33.994711 ], [ -114.459184, 34.000016 ], [ -114.46731, 34.00519 ], [ -114.465867, 34.010987 ], [ -114.450206, 34.012574 ], [ -114.438266, 34.022609 ], [ -114.434949, 34.037784 ], [ -114.43934, 34.057893 ], [ -114.434181, 34.087379 ], [ -114.415908, 34.107636 ], [ -114.405916, 34.111468 ], [ -114.390565, 34.110084 ], [ -114.366517, 34.118577 ], [ -114.35303, 34.13312 ], [ -114.320777, 34.138635 ], [ -114.287294, 34.170529 ], [ -114.257034, 34.172837 ], [ -114.229715, 34.186928 ], [ -114.224941, 34.193896 ], [ -114.225194, 34.203642 ], [ -114.17805, 34.239969 ], [ -114.174597, 34.247303 ], [ -114.166124, 34.250015 ], [ -114.164648, 34.259699 ], [ -114.13545, 34.257886 ], [ -114.131211, 34.26273 ], [ -114.136671, 34.274377 ], [ -114.138282, 34.30323 ], [ -114.157206, 34.317862 ], [ -114.176909, 34.349306 ], [ -114.199482, 34.361373 ], [ -114.226107, 34.365916 ], [ -114.234275, 34.376662 ], [ -114.264317, 34.401329 ], [ -114.288663, 34.406623 ], [ -114.294836, 34.421389 ], [ -114.312251, 34.432726 ], [ -114.32613, 34.437251 ], [ -114.335372, 34.450038 ], [ -114.373719, 34.446938 ], [ -114.386699, 34.457911 ], [ -114.381701, 34.47604 ], [ -114.382358, 34.495758 ], [ -114.378124, 34.507288 ], [ -114.380838, 34.529724 ], [ -114.405228, 34.569637 ], [ -114.422382, 34.580711 ], [ -114.43681, 34.596074 ], [ -114.425338, 34.600842 ], [ -114.424202, 34.610453 ], [ -114.438739, 34.621455 ], [ -114.441465, 34.64253 ], [ -114.457985, 34.657113 ], [ -114.450506, 34.666836 ], [ -114.465246, 34.691202 ], [ -114.470477, 34.711368 ], [ -114.487508, 34.716626 ], [ -114.492017, 34.725702 ], [ -114.516619, 34.736745 ], [ -114.529615, 34.750822 ], [ -114.552682, 34.766871 ], [ -114.57101, 34.794294 ], [ -114.576452, 34.8153 ], [ -114.586842, 34.835672 ], [ -114.600653, 34.847361 ], [ -114.623939, 34.859738 ], [ -114.635176, 34.875003 ], [ -114.636725, 34.889107 ], [ -114.630877, 34.907263 ], [ -114.633253, 34.924608 ], [ -114.629753, 34.938684 ], [ -114.635237, 34.965149 ], [ -114.629129, 34.986132 ], [ -114.637071, 35.010371 ], [ -114.637524, 35.027053 ], [ -114.629027, 35.042531 ], [ -114.606694, 35.058941 ], [ -114.602908, 35.068588 ], [ -114.604736, 35.07483 ], [ -114.613132, 35.083097 ], [ -114.642831, 35.096503 ], [ -114.646764, 35.101868 ], [ -114.628427, 35.118943 ], [ -114.597794, 35.121735 ], [ -114.578263, 35.12881 ], [ -114.572597, 35.139557 ], [ -114.569258, 35.183424 ], [ -114.572084, 35.200794 ], [ -114.579535, 35.208911 ], [ -114.586604, 35.262386 ], [ -114.596682, 35.294557 ], [ -114.595553, 35.326547 ], [ -114.604607, 35.355239 ], [ -114.617698, 35.380131 ], [ -114.626765, 35.409644 ], [ -114.65208, 35.430134 ], [ -114.662896, 35.446449 ], [ -114.667217, 35.46037 ], [ -114.665651, 35.466911 ], [ -114.673164, 35.474814 ], [ -114.671907, 35.482087 ], [ -114.678642, 35.497628 ], [ -114.675685, 35.51563 ], [ -114.664601, 35.521519 ], [ -114.65677, 35.534964 ], [ -114.661457, 35.544062 ], [ -114.664433, 35.568426 ], [ -114.675667, 35.580033 ], [ -114.659238, 35.587477 ], [ -114.6539, 35.598491 ], [ -114.653534, 35.609672 ], [ -114.659461, 35.619552 ], [ -114.666682, 35.623073 ], [ -114.677615, 35.641774 ], [ -114.689507, 35.651429 ], [ -114.690214, 35.665159 ], [ -114.680631, 35.684046 ], [ -114.682657, 35.688571 ], [ -114.701416, 35.701084 ], [ -114.705597, 35.708274 ], [ -114.697859, 35.731657 ], [ -114.697726, 35.750966 ], [ -114.694267, 35.756633 ], [ -114.701027, 35.76968 ], [ -114.699318, 35.79048 ], [ -114.712026, 35.805529 ], [ -114.703665, 35.814614 ], [ -114.695277, 35.831091 ], [ -114.706288, 35.846218 ], [ -114.705856, 35.850508 ], [ -114.69437, 35.854463 ], [ -114.687798, 35.860728 ], [ -114.66968, 35.865036 ], [ -114.661636, 35.871233 ], [ -114.696064, 35.896464 ], [ -114.708112, 35.909933 ], [ -114.707603, 35.92795 ], [ -114.713413, 35.9319 ], [ -114.728666, 35.961757 ], [ -114.740536, 35.975545 ], [ -114.743638, 35.985785 ], [ -114.739318, 35.991804 ], [ -114.743005, 36.00845 ], [ -114.722096, 36.028952 ], [ -114.733417, 36.037913 ], [ -114.741262, 36.038044 ], [ -114.742479, 36.045697 ], [ -114.735285, 36.056648 ], [ -114.754508, 36.086171 ], [ -114.748913, 36.095183 ], [ -114.734857, 36.104426 ], [ -114.703737, 36.108348 ], [ -114.693655, 36.112482 ], [ -114.681847, 36.109192 ], [ -114.671867, 36.115964 ], [ -114.664343, 36.1163 ], [ -114.655512, 36.126187 ], [ -114.635809, 36.13617 ], [ -114.630474, 36.142218 ], [ -114.615455, 36.129653 ], [ -114.596474, 36.141537 ], [ -114.57109, 36.151099 ], [ -114.539233, 36.151764 ], [ -114.531091, 36.147644 ], [ -114.511218, 36.150576 ], [ -114.500236, 36.143226 ], [ -114.50921, 36.133247 ], [ -114.504715, 36.127188 ], [ -114.483827, 36.12972 ], [ -114.4626, 36.139644 ], [ -114.456487, 36.138032 ], [ -114.445042, 36.125346 ], [ -114.423114, 36.13735 ], [ -114.415253, 36.145123 ], [ -114.405624, 36.146983 ], [ -114.381479, 36.141349 ], [ -114.370181, 36.142624 ], [ -114.358968, 36.127795 ], [ -114.3451, 36.118556 ], [ -114.334632, 36.106784 ], [ -114.325814, 36.103933 ], [ -114.306939, 36.082487 ], [ -114.304384, 36.074019 ], [ -114.31242, 36.066117 ], [ -114.313591, 36.059048 ], [ -114.298593, 36.057263 ], [ -114.287992, 36.04907 ], [ -114.270862, 36.045523 ], [ -114.26438, 36.027911 ], [ -114.243865, 36.015266 ], [ -114.233443, 36.012835 ], [ -114.211932, 36.014834 ], [ -114.174683, 36.02667 ], [ -114.15139, 36.023133 ], [ -114.145907, 36.027229 ], [ -114.144666, 36.034272 ], [ -114.137112, 36.038491 ], [ -114.133389, 36.061665 ], [ -114.111998, 36.09491 ], [ -114.121033, 36.103885 ], [ -114.120865, 36.11085 ], [ -114.108381, 36.119154 ], [ -114.096994, 36.120823 ], [ -114.091701, 36.137303 ], [ -114.081234, 36.150208 ], [ -114.066798, 36.179087 ], [ -114.058662, 36.187835 ], [ -114.043944, 36.19335 ], [ -114.045559, 36.288837 ], [ -114.042843, 36.448175 ], [ -114.049935, 36.709521 ], [ -114.050616, 37.000167 ] ] ] } },
{ "type": "Feature", "properties": { "STUSPS": "TX", "NAME": "Texas", "region_name": "South", "division_name": "West South Central" }, "geometry": { "type": "Polygon", "coordinates": [ [ [ -98.42848, 34.085523 ], [ -98.417813, 34.083029 ], [ -98.411052, 34.088592 ], [ -98.411374, 34.100324 ], [ -98.399777, 34.099973 ], [ -98.39816, 34.121396 ], [ -98.400967, 34.122236 ], [ -98.398441, 34.128456 ], [ -98.389403, 34.133217 ], [ -98.380093, 34.130831 ], [ -98.386865, 34.138873 ], [ -98.384381, 34.146317 ], [ -98.365621, 34.156993 ], [ -98.325445, 34.151025 ], [ -98.293901, 34.13302 ], [ -98.256467, 34.129481 ], [ -98.232474, 34.134641 ], [ -98.216463, 34.121821 ], [ -98.201728, 34.117058 ], [ -98.170827, 34.114171 ], [ -98.154354, 34.122734 ], [ -98.130816, 34.150532 ], [ -98.122468, 34.154678 ], [ -98.108773, 34.153836 ], [ -98.100559, 34.143486 ], [ -98.102895, 34.132605 ], [ -98.092015, 34.131944 ], [ -98.09055, 34.122484 ], [ -98.100209, 34.103012 ], [ -98.119417, 34.084474 ], [ -98.120208, 34.072127 ], [ -98.114587, 34.06228 ], [ -98.101893, 34.050969 ], [ -98.082463, 34.039428 ], [ -98.089037, 34.033838 ], [ -98.101695, 34.039057 ], [ -98.106179, 34.034887 ], [ -98.098442, 34.023918 ], [ -98.084025, 34.014369 ], [ -98.082401, 34.009834 ], [ -98.088203, 34.005481 ], [ -98.055197, 33.995841 ], [ -98.027672, 33.993357 ], [ -97.990861, 33.998873 ], [ -97.974173, 34.006716 ], [ -97.958325, 33.990846 ], [ -97.946473, 33.990732 ], [ -97.960351, 33.951928 ], [ -97.974173, 33.942832 ], [ -97.971175, 33.937129 ], [ -97.953395, 33.936445 ], [ -97.957155, 33.914454 ], [ -97.968747, 33.906023 ], [ -97.978804, 33.912548 ], [ -97.984373, 33.898024 ], [ -97.96668, 33.881746 ], [ -97.934169, 33.878109 ], [ -97.896738, 33.857985 ], [ -97.871502, 33.849093 ], [ -97.833505, 33.858096 ], [ -97.820743, 33.868895 ], [ -97.816764, 33.881519 ], [ -97.805972, 33.876571 ], [ -97.801578, 33.885138 ], [ -97.80163, 33.89588 ], [ -97.798086, 33.899064 ], [ -97.7924, 33.899085 ], [ -97.784656, 33.890631 ], [ -97.779683, 33.899243 ], [ -97.786133, 33.913424 ], [ -97.783522, 33.918302 ], [ -97.778301, 33.919629 ], [ -97.772672, 33.914382 ], [ -97.76377, 33.914241 ], [ -97.759399, 33.91882 ], [ -97.762768, 33.934396 ], [ -97.75295, 33.937102 ], [ -97.732261, 33.936519 ], [ -97.712194, 33.951641 ], [ -97.69311, 33.983699 ], [ -97.671277, 33.991553 ], [ -97.633778, 33.981257 ], [ -97.609091, 33.968093 ], [ -97.59798, 33.955247 ], [ -97.589597, 33.953554 ], [ -97.59542, 33.941436 ], [ -97.591212, 33.929643 ], [ -97.59695, 33.916311 ], [ -97.589254, 33.903922 ], [ -97.581078, 33.899679 ], [ -97.566956, 33.901583 ], [ -97.55827, 33.897099 ], [ -97.551541, 33.897947 ], [ -97.525277, 33.911751 ], [ -97.500271, 33.919635 ], [ -97.487716, 33.917508 ], [ -97.46142, 33.90523 ], [ -97.451058, 33.891676 ], [ -97.450807, 33.886608 ], [ -97.451469, 33.87093 ], [ -97.463242, 33.842004 ], [ -97.453057, 33.828536 ], [ -97.426799, 33.818641 ], [ -97.37469, 33.818552 ], [ -97.368731, 33.821443 ], [ -97.347213, 33.845113 ], [ -97.33188, 33.884483 ], [ -97.326608, 33.884414 ], [ -97.32334, 33.87917 ], [ -97.334178, 33.862888 ], [ -97.332063, 33.855056 ], [ -97.314257, 33.865089 ], [ -97.309946, 33.874449 ], [ -97.309172, 33.888698 ], [ -97.270933, 33.858001 ], [ -97.265087, 33.862413 ], [ -97.255639, 33.863702 ], [ -97.249209, 33.875101 ], [ -97.245049, 33.903216 ], [ -97.228462, 33.913254 ], [ -97.210316, 33.915927 ], [ -97.180845, 33.895204 ], [ -97.166629, 33.847311 ], [ -97.166824, 33.840395 ], [ -97.171627, 33.835335 ], [ -97.18137, 33.831375 ], [ -97.195832, 33.830805 ], [ -97.204995, 33.81887 ], [ -97.205431, 33.801488 ], [ -97.190397, 33.781153 ], [ -97.187724, 33.769831 ], [ -97.192565, 33.75968 ], [ -97.180143, 33.754495 ], [ -97.173287, 33.738988 ], [ -97.160687, 33.727596 ], [ -97.142227, 33.719918 ], [ -97.125491, 33.717123 ], [ -97.103344, 33.723356 ], [ -97.095644, 33.729222 ], [ -97.086451, 33.743343 ], [ -97.085191, 33.764738 ], [ -97.095098, 33.792172 ], [ -97.092646, 33.804198 ], [ -97.079105, 33.812317 ], [ -97.048146, 33.817456 ], [ -97.048315, 33.82787 ], [ -97.051949, 33.832993 ], [ -97.062282, 33.83799 ], [ -97.087204, 33.841368 ], [ -97.090538, 33.845215 ], [ -97.087964, 33.852591 ], [ -97.075647, 33.858654 ], [ -97.063786, 33.859965 ], [ -97.055838, 33.855741 ], [ -97.046126, 33.83956 ], [ -97.039428, 33.837893 ], [ -97.021438, 33.846379 ], [ -96.997088, 33.871017 ], [ -96.984683, 33.888651 ], [ -96.984939, 33.904866 ], [ -96.996251, 33.942664 ], [ -96.994674, 33.948681 ], [ -96.987892, 33.954671 ], [ -96.979415, 33.956178 ], [ -96.979818, 33.941588 ], [ -96.97287, 33.935698 ], [ -96.924268, 33.959159 ], [ -96.917652, 33.95858 ], [ -96.902434, 33.942018 ], [ -96.895728, 33.896414 ], [ -96.88301, 33.868019 ], [ -96.87068, 33.856549 ], [ -96.85609, 33.84749 ], [ -96.850593, 33.847211 ], [ -96.841592, 33.852894 ], [ -96.839775, 33.868398 ], [ -96.832157, 33.874835 ], [ -96.794276, 33.868886 ], [ -96.780569, 33.860098 ], [ -96.770675, 33.829621 ], [ -96.761587, 33.824407 ], [ -96.713734, 33.831328 ], [ -96.700779, 33.837897 ], [ -96.684727, 33.862905 ], [ -96.681494, 33.894675 ], [ -96.675306, 33.909114 ], [ -96.667187, 33.91694 ], [ -96.659896, 33.916666 ], [ -96.628294, 33.894477 ], [ -96.59217, 33.895513 ], [ -96.585452, 33.891281 ], [ -96.590112, 33.880665 ], [ -96.611634, 33.869253 ], [ -96.625399, 33.856542 ], [ -96.629751, 33.850863 ], [ -96.628059, 33.8446 ], [ -96.592926, 33.830915 ], [ -96.572937, 33.819098 ], [ -96.556213, 33.819142 ], [ -96.558109, 33.817131 ], [ -96.531966, 33.823989 ], [ -96.524865, 33.819526 ], [ -96.517848, 33.806858 ], [ -96.516581, 33.788279 ], [ -96.500984, 33.772801 ], [ -96.459154, 33.775232 ], [ -96.448045, 33.781031 ], [ -96.423532, 33.776432 ], [ -96.40822, 33.750542 ], [ -96.369589, 33.716809 ], [ -96.362197, 33.691818 ], [ -96.346859, 33.686216 ], [ -96.332917, 33.693158 ], [ -96.321098, 33.695102 ], [ -96.31223, 33.706304 ], [ -96.306364, 33.723062 ], [ -96.306163, 33.744032 ], [ -96.293708, 33.769409 ], [ -96.287083, 33.771243 ], [ -96.263593, 33.767467 ], [ -96.229023, 33.748021 ], [ -96.220522, 33.74739 ], [ -96.186627, 33.755021 ], [ -96.16909, 33.770417 ], [ -96.162775, 33.786421 ], [ -96.159822, 33.81155 ], [ -96.155538, 33.81404 ], [ -96.163766, 33.813051 ], [ -96.16995, 33.805131 ], [ -96.169592, 33.800944 ], [ -96.175726, 33.802321 ], [ -96.179122, 33.810224 ], [ -96.176307, 33.814375 ], [ -96.166503, 33.817867 ], [ -96.150765, 33.816987 ], [ -96.148792, 33.819197 ], [ -96.15163, 33.831946 ], [ -96.149227, 33.837091 ], [ -96.122949, 33.839964 ], [ -96.109994, 33.832396 ], [ -96.09936, 33.83047 ], [ -96.097638, 33.837936 ], [ -96.100095, 33.847971 ], [ -96.084626, 33.846656 ], [ -96.048834, 33.836468 ], [ -96.034988, 33.842646 ], [ -96.030501, 33.855261 ], [ -96.026968, 33.857474 ], [ -96.019542, 33.853497 ], [ -96.022736, 33.841092 ], [ -96.017055, 33.841454 ], [ -96.00405, 33.845237 ], [ -95.996833, 33.853898 ], [ -95.994869, 33.861824 ], [ -96.002875, 33.86667 ], [ -96.002925, 33.87359 ], [ -95.984927, 33.865805 ], [ -95.984856, 33.852492 ], [ -95.974629, 33.855464 ], [ -95.947327, 33.858915 ], [ -95.951382, 33.857332 ], [ -95.94414, 33.859998 ], [ -95.941796, 33.861651 ], [ -95.932209, 33.883882 ], [ -95.925089, 33.884936 ], [ -95.867189, 33.85129 ], [ -95.856832, 33.850141 ], [ -95.843935, 33.838198 ], [ -95.830406, 33.834785 ], [ -95.819486, 33.841296 ], [ -95.820911, 33.856172 ], [ -95.815571, 33.859853 ], [ -95.797614, 33.86059 ], [ -95.770239, 33.845202 ], [ -95.757959, 33.849566 ], [ -95.752109, 33.854953 ], [ -95.751342, 33.860287 ], [ -95.76152, 33.873118 ], [ -95.762467, 33.881144 ], [ -95.757941, 33.890752 ], [ -95.752153, 33.894577 ], [ -95.733183, 33.896447 ], [ -95.712183, 33.885519 ], [ -95.700635, 33.885845 ], [ -95.684579, 33.890646 ], [ -95.665478, 33.909004 ], [ -95.655232, 33.909914 ], [ -95.632774, 33.904815 ], [ -95.627318, 33.907806 ], [ -95.616367, 33.927626 ], [ -95.603138, 33.9292 ], [ -95.598416, 33.93438 ], [ -95.597522, 33.942342 ], [ -95.594085, 33.943057 ], [ -95.581854, 33.934152 ], [ -95.563784, 33.932945 ], [ -95.55421, 33.926958 ], [ -95.547832, 33.901856 ], [ -95.551216, 33.889713 ], [ -95.544141, 33.880603 ], [ -95.532622, 33.881521 ], [ -95.509526, 33.897586 ], [ -95.505092, 33.893406 ], [ -95.504999, 33.875922 ], [ -95.483531, 33.876825 ], [ -95.46144, 33.887106 ], [ -95.463336, 33.872396 ], [ -95.442746, 33.866506 ], [ -95.427684, 33.870459 ], [ -95.405209, 33.864575 ], [ -95.383826, 33.868646 ], [ -95.362571, 33.866902 ], [ -95.335696, 33.874252 ], [ -95.329936, 33.886334 ], [ -95.314428, 33.881632 ], [ -95.306397, 33.874906 ], [ -95.288926, 33.87307 ], [ -95.278174, 33.878386 ], [ -95.278163, 33.890343 ], [ -95.284558, 33.899917 ], [ -95.284629, 33.905483 ], [ -95.27596, 33.911279 ], [ -95.268697, 33.91109 ], [ -95.264997, 33.904588 ], [ -95.266656, 33.8939 ], [ -95.26212, 33.887826 ], [ -95.257724, 33.890122 ], [ -95.248501, 33.906974 ], [ -95.250001, 33.938861 ], [ -95.240605, 33.947229 ], [ -95.232879, 33.949736 ], [ -95.230444, 33.960043 ], [ -95.216683, 33.962652 ], [ -95.198104, 33.953352 ], [ -95.171503, 33.94672 ], [ -95.156961, 33.936645 ], [ -95.1247, 33.934675 ], [ -95.121184, 33.931307 ], [ -95.121727, 33.925762 ], [ -95.131644, 33.913926 ], [ -95.120893, 33.904539 ], [ -95.110388, 33.905407 ], [ -95.08006, 33.920989 ], [ -95.076782, 33.913584 ], [ -95.079742, 33.908595 ], [ -95.100378, 33.895595 ], [ -95.089607, 33.880857 ], [ -95.082408, 33.879882 ], [ -95.078696, 33.90504 ], [ -95.073966, 33.915636 ], [ -95.06676, 33.917101 ], [ -95.063459, 33.91404 ], [ -95.064235, 33.910156 ], [ -95.074629, 33.907267 ], [ -95.075876, 33.901846 ], [ -95.071801, 33.895561 ], [ -95.072413, 33.902699 ], [ -95.060105, 33.901873 ], [ -95.059088, 33.887491 ], [ -95.050572, 33.878299 ], [ -95.050704, 33.868179 ], [ -95.046568, 33.862565 ], [ -95.015745, 33.857733 ], [ -95.002187, 33.863713 ], [ -94.988487, 33.851 ], [ -94.981634, 33.852314 ], [ -94.975896, 33.860188 ], [ -94.970205, 33.861817 ], [ -94.964401, 33.837021 ], [ -94.943888, 33.830226 ], [ -94.953518, 33.816475 ], [ -94.947874, 33.808356 ], [ -94.940436, 33.805637 ], [ -94.923289, 33.808742 ], [ -94.926616, 33.827557 ], [ -94.91801, 33.826783 ], [ -94.910882, 33.815915 ], [ -94.921314, 33.798408 ], [ -94.921526, 33.790472 ], [ -94.912868, 33.779476 ], [ -94.904172, 33.777198 ], [ -94.901281, 33.77085 ], [ -94.886934, 33.769067 ], [ -94.876372, 33.75733 ], [ -94.873833, 33.758059 ], [ -94.874564, 33.769618 ], [ -94.868144, 33.768874 ], [ -94.866736, 33.76183 ], [ -94.877083, 33.75222 ], [ -94.860687, 33.741945 ], [ -94.827948, 33.740882 ], [ -94.828321, 33.734947 ], [ -94.820429, 33.733807 ], [ -94.823042, 33.747525 ], [ -94.830844, 33.758079 ], [ -94.829499, 33.764104 ], [ -94.823385, 33.769179 ], [ -94.817335, 33.765842 ], [ -94.816831, 33.754216 ], [ -94.812155, 33.750936 ], [ -94.817023, 33.740007 ], [ -94.803433, 33.732739 ], [ -94.780068, 33.744469 ], [ -94.772915, 33.759733 ], [ -94.763035, 33.759764 ], [ -94.757847, 33.755889 ], [ -94.758948, 33.748532 ], [ -94.776815, 33.746437 ], [ -94.788637, 33.735669 ], [ -94.782498, 33.730125 ], [ -94.768695, 33.726989 ], [ -94.760604, 33.727054 ], [ -94.751825, 33.734326 ], [ -94.747668, 33.725148 ], [ -94.757738, 33.717817 ], [ -94.751366, 33.71354 ], [ -94.745855, 33.716158 ], [ -94.742092, 33.726692 ], [ -94.733413, 33.725191 ], [ -94.732786, 33.720035 ], [ -94.736129, 33.71608 ], [ -94.753801, 33.708663 ], [ -94.751942, 33.704862 ], [ -94.740922, 33.700555 ], [ -94.735856, 33.691625 ], [ -94.719531, 33.688857 ], [ -94.715943, 33.694913 ], [ -94.718872, 33.703349 ], [ -94.730691, 33.707355 ], [ -94.733965, 33.715687 ], [ -94.725295, 33.714672 ], [ -94.70156, 33.702878 ], [ -94.703496, 33.697538 ], [ -94.714432, 33.697189 ], [ -94.718338, 33.688664 ], [ -94.716188, 33.687902 ], [ -94.684796, 33.684353 ], [ -94.666885, 33.694583 ], [ -94.651402, 33.685843 ], [ -94.647093, 33.690346 ], [ -94.647902, 33.700516 ], [ -94.643715, 33.701522 ], [ -94.638646, 33.695804 ], [ -94.645492, 33.685932 ], [ -94.650373, 33.684438 ], [ -94.645337, 33.673644 ], [ -94.65185, 33.670453 ], [ -94.661806, 33.675133 ], [ -94.671048, 33.668388 ], [ -94.666855, 33.662808 ], [ -94.654919, 33.659925 ], [ -94.638679, 33.663988 ], [ -94.628711, 33.680532 ], [ -94.622043, 33.682535 ], [ -94.616418, 33.680103 ], [ -94.605823, 33.664189 ], [ -94.596019, 33.663863 ], [ -94.59205, 33.667039 ], [ -94.590027, 33.67585 ], [ -94.59303, 33.684019 ], [ -94.58793, 33.686255 ], [ -94.57962, 33.677623 ], [ -94.580784, 33.666392 ], [ -94.563668, 33.669272 ], [ -94.560339, 33.666591 ], [ -94.564802, 33.661804 ], [ -94.576765, 33.658763 ], [ -94.590478, 33.645075 ], [ -94.580047, 33.6445 ], [ -94.570566, 33.652226 ], [ -94.548111, 33.66033 ], [ -94.543022, 33.655182 ], [ -94.543033, 33.649322 ], [ -94.568386, 33.637203 ], [ -94.569975, 33.62847 ], [ -94.553372, 33.627584 ], [ -94.53775, 33.638255 ], [ -94.521837, 33.640728 ], [ -94.518529, 33.63757 ], [ -94.535425, 33.624217 ], [ -94.52774, 33.615898 ], [ -94.519838, 33.618077 ], [ -94.51792, 33.623734 ], [ -94.520245, 33.629805 ], [ -94.517468, 33.633056 ], [ -94.511514, 33.623105 ], [ -94.504525, 33.620728 ], [ -94.488363, 33.627406 ], [ -94.49167, 33.636454 ], [ -94.478067, 33.639007 ], [ -94.466033, 33.636189 ], [ -94.459186, 33.644992 ], [ -94.448735, 33.642715 ], [ -94.448501, 33.634435 ], [ -94.46275, 33.630793 ], [ -94.460598, 33.624654 ], [ -94.452699, 33.622507 ], [ -94.452895, 33.617444 ], [ -94.470338, 33.606767 ], [ -94.471246, 33.601893 ], [ -94.46496, 33.598809 ], [ -94.457456, 33.600442 ], [ -94.451111, 33.591242 ], [ -94.441749, 33.591511 ], [ -94.439469, 33.594211 ], [ -94.43065, 33.591574 ], [ -94.409586, 33.568278 ], [ -94.398082, 33.571148 ], [ -94.382596, 33.583257 ], [ -94.378457, 33.578499 ], [ -94.37892, 33.570164 ], [ -94.386689, 33.565733 ], [ -94.395551, 33.566543 ], [ -94.401459, 33.560531 ], [ -94.386786, 33.545123 ], [ -94.353541, 33.543743 ], [ -94.347341, 33.551605 ], [ -94.352489, 33.562227 ], [ -94.343713, 33.567955 ], [ -94.335511, 33.564709 ], [ -94.331503, 33.553087 ], [ -94.320178, 33.548973 ], [ -94.309543, 33.551631 ], [ -94.299827, 33.574689 ], [ -94.287425, 33.582562 ], [ -94.282741, 33.581281 ], [ -94.280744, 33.575104 ], [ -94.290272, 33.567709 ], [ -94.290832, 33.559029 ], [ -94.277324, 33.557329 ], [ -94.259984, 33.580448 ], [ -94.242518, 33.589744 ], [ -94.236718, 33.587091 ], [ -94.236929, 33.580042 ], [ -94.251094, 33.565097 ], [ -94.250695, 33.557108 ], [ -94.228255, 33.552307 ], [ -94.205817, 33.567099 ], [ -94.200758, 33.557332 ], [ -94.195447, 33.555162 ], [ -94.189808, 33.561829 ], [ -94.194478, 33.573669 ], [ -94.201739, 33.5775 ], [ -94.211717, 33.573774 ], [ -94.217304, 33.580245 ], [ -94.212938, 33.583441 ], [ -94.204172, 33.579782 ], [ -94.196692, 33.581223 ], [ -94.183774, 33.594666 ], [ -94.161817, 33.588694 ], [ -94.16182, 33.580302 ], [ -94.156983, 33.575802 ], [ -94.146048, 33.581975 ], [ -94.142028, 33.581128 ], [ -94.151448, 33.568466 ], [ -94.1449, 33.56521 ], [ -94.135144, 33.571033 ], [ -94.131546, 33.553141 ], [ -94.126753, 33.550644 ], [ -94.122533, 33.553516 ], [ -94.120669, 33.566986 ], [ -94.111717, 33.567156 ], [ -94.091852, 33.575102 ], [ -94.072615, 33.57225 ], [ -94.07512, 33.582683 ], [ -94.07262, 33.584429 ], [ -94.068187, 33.570735 ], [ -94.056318, 33.567491 ], [ -94.055615, 33.561577 ], [ -94.071927, 33.559808 ], [ -94.073418, 33.554916 ], [ -94.061767, 33.549482 ], [ -94.05184, 33.552707 ], [ -94.043313, 33.551584 ], [ -94.042241, 31.993609 ], [ -94.028622, 31.996246 ], [ -94.022893, 31.99045 ], [ -94.018514, 31.992432 ], [ -94.016515, 31.981174 ], [ -94.006795, 31.97343 ], [ -93.97171, 31.920386 ], [ -93.959768, 31.923226 ], [ -93.953546, 31.910563 ], [ -93.937537, 31.909222 ], [ -93.928651, 31.912645 ], [ -93.921594, 31.904421 ], [ -93.932135, 31.893672 ], [ -93.93119, 31.891495 ], [ -93.925526, 31.894615 ], [ -93.92621, 31.888683 ], [ -93.920975, 31.885878 ], [ -93.919681, 31.890963 ], [ -93.906539, 31.892509 ], [ -93.906188, 31.889928 ], [ -93.900616, 31.896788 ], [ -93.896458, 31.886286 ], [ -93.901888, 31.880063 ], [ -93.901676, 31.87457 ], [ -93.892115, 31.875917 ], [ -93.893438, 31.871731 ], [ -93.885415, 31.865257 ], [ -93.884879, 31.869372 ], [ -93.881678, 31.868581 ], [ -93.889396, 31.8559 ], [ -93.882878, 31.854672 ], [ -93.884117, 31.847606 ], [ -93.878956, 31.844767 ], [ -93.881914, 31.842216 ], [ -93.874964, 31.840868 ], [ -93.872819, 31.836301 ], [ -93.877358, 31.832528 ], [ -93.874645, 31.829888 ], [ -93.874761, 31.821661 ], [ -93.870937, 31.819383 ], [ -93.873253, 31.814886 ], [ -93.861384, 31.812297 ], [ -93.851481, 31.80015 ], [ -93.839343, 31.80033 ], [ -93.835613, 31.794489 ], [ -93.837693, 31.780817 ], [ -93.831732, 31.780914 ], [ -93.83312, 31.777522 ], [ -93.823443, 31.775098 ], [ -93.825328, 31.76717 ], [ -93.829587, 31.764204 ], [ -93.82681, 31.763777 ], [ -93.826461, 31.759193 ], [ -93.829821, 31.760619 ], [ -93.836884, 31.750171 ], [ -93.824579, 31.734397 ], [ -93.81493, 31.728688 ], [ -93.812477, 31.715246 ], [ -93.816694, 31.707917 ], [ -93.811802, 31.707485 ], [ -93.809798, 31.703082 ], [ -93.797407, 31.705615 ], [ -93.794462, 31.70332 ], [ -93.804462, 31.684089 ], [ -93.816285, 31.67536 ], [ -93.812433, 31.670245 ], [ -93.816651, 31.66801 ], [ -93.817425, 31.672146 ], [ -93.822051, 31.673967 ], [ -93.826462, 31.666919 ], [ -93.819486, 31.65265 ], [ -93.811516, 31.647435 ], [ -93.818037, 31.647892 ], [ -93.815955, 31.632279 ], [ -93.820848, 31.62902 ], [ -93.817155, 31.621872 ], [ -93.82717, 31.620276 ], [ -93.818717, 31.614556 ], [ -93.827083, 31.612857 ], [ -93.827852, 31.616551 ], [ -93.838057, 31.606795 ], [ -93.839416, 31.5992 ], [ -93.834918, 31.586212 ], [ -93.818434, 31.570943 ], [ -93.822958, 31.56813 ], [ -93.821564, 31.563696 ], [ -93.81686, 31.563084 ], [ -93.821107, 31.560471 ], [ -93.818582, 31.554826 ], [ -93.799536, 31.542977 ], [ -93.803359, 31.538787 ], [ -93.787687, 31.527344 ], [ -93.760062, 31.523933 ], [ -93.75386, 31.525331 ], [ -93.758111, 31.529872 ], [ -93.751889, 31.527475 ], [ -93.747437, 31.530682 ], [ -93.742652, 31.52656 ], [ -93.740529, 31.518142 ], [ -93.744448, 31.517853 ], [ -93.742693, 31.515694 ], [ -93.711046, 31.512161 ], [ -93.719567, 31.506921 ], [ -93.717485, 31.501496 ], [ -93.723447, 31.500938 ], [ -93.722596, 31.492769 ], [ -93.731346, 31.487274 ], [ -93.735315, 31.489074 ], [ -93.737168, 31.484622 ], [ -93.752387, 31.48274 ], [ -93.751368, 31.479072 ], [ -93.745542, 31.480396 ], [ -93.749476, 31.46869 ], [ -93.721931, 31.453447 ], [ -93.71675, 31.457548 ], [ -93.70997, 31.45276 ], [ -93.709128, 31.456746 ], [ -93.703934, 31.455493 ], [ -93.709512, 31.442025 ], [ -93.692526, 31.438201 ], [ -93.704678, 31.4189 ], [ -93.704879, 31.410881 ], [ -93.690326, 31.406591 ], [ -93.682097, 31.398332 ], [ -93.674117, 31.397681 ], [ -93.670182, 31.387184 ], [ -93.669017, 31.371379 ], [ -93.673847, 31.370633 ], [ -93.670999, 31.366221 ], [ -93.639222, 31.37202 ], [ -93.645866, 31.359008 ], [ -93.668439, 31.353012 ], [ -93.669024, 31.338829 ], [ -93.677277, 31.330483 ], [ -93.673553, 31.324542 ], [ -93.682941, 31.318999 ], [ -93.687278, 31.306068 ], [ -93.683561, 31.301507 ], [ -93.668928, 31.297975 ], [ -93.658685, 31.281624 ], [ -93.648648, 31.28423 ], [ -93.642516, 31.269508 ], [ -93.620343, 31.271025 ], [ -93.619924, 31.265178 ], [ -93.613942, 31.259375 ], [ -93.614288, 31.251631 ], [ -93.621757, 31.249127 ], [ -93.616308, 31.244595 ], [ -93.618107, 31.232685 ], [ -93.610705, 31.232152 ], [ -93.608158, 31.227835 ], [ -93.596273, 31.22951 ], [ -93.599353, 31.224949 ], [ -93.595255, 31.220314 ], [ -93.603496, 31.21671 ], [ -93.607243, 31.204806 ], [ -93.601857, 31.199393 ], [ -93.600308, 31.176158 ], [ -93.589119, 31.165889 ], [ -93.578166, 31.167855 ], [ -93.569563, 31.177574 ], [ -93.549984, 31.186627 ], [ -93.544365, 31.183478 ], [ -93.535098, 31.185612 ], [ -93.532545, 31.183314 ], [ -93.532807, 31.174265 ], [ -93.543061, 31.170658 ], [ -93.536481, 31.158471 ], [ -93.5487, 31.155839 ], [ -93.544735, 31.136066 ], [ -93.53787, 31.12657 ], [ -93.539366, 31.115207 ], [ -93.545935, 31.111197 ], [ -93.549067, 31.100219 ], [ -93.558179, 31.097983 ], [ -93.558316, 31.096481 ], [ -93.554628, 31.095188 ], [ -93.553722, 31.093869 ], [ -93.557941, 31.095874 ], [ -93.559378, 31.097678 ], [ -93.560342, 31.097744 ], [ -93.563746, 31.094522 ], [ -93.555815, 31.086965 ], [ -93.549262, 31.090412 ], [ -93.552205, 31.078931 ], [ -93.527645, 31.07451 ], [ -93.528732, 31.069214 ], [ -93.520126, 31.065816 ], [ -93.518912, 31.061863 ], [ -93.521145, 31.057275 ], [ -93.530129, 31.056814 ], [ -93.531628, 31.053627 ], [ -93.518899, 31.043736 ], [ -93.52445, 31.041139 ], [ -93.523383, 31.037716 ], [ -93.508039, 31.031532 ], [ -93.522314, 31.020098 ], [ -93.532457, 31.019719 ], [ -93.539184, 31.008212 ], [ -93.549377, 31.010143 ], [ -93.555927, 31.003744 ], [ -93.566561, 31.013057 ], [ -93.578207, 30.999995 ], [ -93.573365, 30.991828 ], [ -93.564299, 30.9897 ], [ -93.566858, 30.979403 ], [ -93.574332, 30.973708 ], [ -93.573537, 30.971206 ], [ -93.567737, 30.968971 ], [ -93.560537, 30.971289 ], [ -93.549841, 30.967118 ], [ -93.546327, 30.957802 ], [ -93.543122, 30.95674 ], [ -93.531758, 30.958217 ], [ -93.532367, 30.948977 ], [ -93.526013, 30.937535 ], [ -93.526474, 30.929464 ], [ -93.532008, 30.923754 ], [ -93.543423, 30.920153 ], [ -93.542073, 30.925849 ], [ -93.545718, 30.9271 ], [ -93.558562, 30.913238 ], [ -93.553026, 30.9081 ], [ -93.553995, 30.902773 ], [ -93.548623, 30.899894 ], [ -93.549202, 30.897439 ], [ -93.566316, 30.894839 ], [ -93.57408, 30.884529 ], [ -93.570604, 30.875193 ], [ -93.563233, 30.874867 ], [ -93.564504, 30.86864 ], [ -93.558616, 30.869424 ], [ -93.562147, 30.859332 ], [ -93.557314, 30.852081 ], [ -93.568717, 30.844182 ], [ -93.553626, 30.83514 ], [ -93.55732, 30.828419 ], [ -93.554433, 30.823524 ], [ -93.564164, 30.817541 ], [ -93.560707, 30.809639 ], [ -93.56298, 30.806009 ], [ -93.574677, 30.801373 ], [ -93.583775, 30.801779 ], [ -93.581921, 30.788979 ], [ -93.589381, 30.786676 ], [ -93.583165, 30.778596 ], [ -93.592714, 30.775095 ], [ -93.592101, 30.763675 ], [ -93.603663, 30.760115 ], [ -93.605941, 30.764593 ], [ -93.609178, 30.75726 ], [ -93.614346, 30.760195 ], [ -93.614777, 30.756064 ], [ -93.608414, 30.746664 ], [ -93.619031, 30.740338 ], [ -93.609134, 30.730039 ], [ -93.617719, 30.728897 ], [ -93.609814, 30.727339 ], [ -93.609544, 30.723139 ], [ -93.613644, 30.722143 ], [ -93.605391, 30.717159 ], [ -93.60872, 30.715235 ], [ -93.610046, 30.718293 ], [ -93.617229, 30.71858 ], [ -93.616437, 30.712388 ], [ -93.624676, 30.699937 ], [ -93.620442, 30.694142 ], [ -93.629887, 30.679935 ], [ -93.638215, 30.67306 ], [ -93.645306, 30.673481 ], [ -93.648584, 30.667647 ], [ -93.654972, 30.670185 ], [ -93.659745, 30.662052 ], [ -93.670358, 30.658007 ], [ -93.670536, 30.652626 ], [ -93.682972, 30.641251 ], [ -93.680415, 30.634877 ], [ -93.684211, 30.631881 ], [ -93.685121, 30.625201 ], [ -93.681983, 30.618584 ], [ -93.689134, 30.611406 ], [ -93.683372, 30.608249 ], [ -93.678949, 30.593637 ], [ -93.685066, 30.592086 ], [ -93.686573, 30.58572 ], [ -93.692222, 30.585706 ], [ -93.687804, 30.590138 ], [ -93.692869, 30.594382 ], [ -93.703908, 30.588441 ], [ -93.713782, 30.587584 ], [ -93.715068, 30.579018 ], [ -93.721493, 30.580553 ], [ -93.727844, 30.57407 ], [ -93.727818, 30.565919 ], [ -93.723945, 30.559224 ], [ -93.731423, 30.552861 ], [ -93.72876, 30.545296 ], [ -93.740253, 30.539569 ], [ -93.732416, 30.536366 ], [ -93.732793, 30.52996 ], [ -93.720484, 30.524328 ], [ -93.716473, 30.519231 ], [ -93.707683, 30.521337 ], [ -93.711762, 30.510915 ], [ -93.707653, 30.511066 ], [ -93.706809, 30.507069 ], [ -93.715145, 30.501268 ], [ -93.708669, 30.499124 ], [ -93.717069, 30.494449 ], [ -93.709763, 30.482649 ], [ -93.717421, 30.483822 ], [ -93.710519, 30.475498 ], [ -93.711854, 30.469437 ], [ -93.699036, 30.458805 ], [ -93.706339, 30.458141 ], [ -93.702103, 30.449759 ], [ -93.707465, 30.445045 ], [ -93.698306, 30.444928 ], [ -93.697578, 30.442233 ], [ -93.698927, 30.437234 ], [ -93.704154, 30.434353 ], [ -93.702329, 30.42984 ], [ -93.712747, 30.433175 ], [ -93.718051, 30.422579 ], [ -93.722767, 30.431983 ], [ -93.726106, 30.43072 ], [ -93.726834, 30.423642 ], [ -93.722749, 30.419557 ], [ -93.727548, 30.41872 ], [ -93.728721, 30.413547 ], [ -93.733917, 30.414935 ], [ -93.736764, 30.405478 ], [ -93.745681, 30.39657 ], [ -93.751016, 30.396484 ], [ -93.757668, 30.390441 ], [ -93.758612, 30.386186 ], [ -93.754822, 30.386313 ], [ -93.758466, 30.384033 ], [ -93.755226, 30.378848 ], [ -93.754857, 30.366091 ], [ -93.758051, 30.369692 ], [ -93.759216, 30.36802 ], [ -93.750979, 30.359899 ], [ -93.755367, 30.359582 ], [ -93.756803, 30.356158 ], [ -93.75893, 30.360965 ], [ -93.760779, 30.35985 ], [ -93.758118, 30.354686 ], [ -93.76248, 30.353039 ], [ -93.757718, 30.349977 ], [ -93.763655, 30.34604 ], [ -93.759533, 30.342323 ], [ -93.765655, 30.343409 ], [ -93.758658, 30.339019 ], [ -93.765829, 30.332745 ], [ -93.762958, 30.329448 ], [ -93.757274, 30.332354 ], [ -93.755244, 30.328387 ], [ -93.751676, 30.329347 ], [ -93.756198, 30.326004 ], [ -93.747815, 30.318756 ], [ -93.750181, 30.31701 ], [ -93.746868, 30.315376 ], [ -93.748609, 30.311945 ], [ -93.740918, 30.30723 ], [ -93.744352, 30.305451 ], [ -93.742424, 30.301139 ], [ -93.73852, 30.303745 ], [ -93.734546, 30.301675 ], [ -93.737556, 30.299369 ], [ -93.725511, 30.298226 ], [ -93.724208, 30.295112 ], [ -93.718982, 30.296246 ], [ -93.715413, 30.292764 ], [ -93.715521, 30.295629 ], [ -93.712269, 30.292331 ], [ -93.712908, 30.287939 ], [ -93.708354, 30.292563 ], [ -93.704584, 30.289949 ], [ -93.709419, 30.281917 ], [ -93.70406, 30.279417 ], [ -93.706526, 30.273501 ], [ -93.710416, 30.273172 ], [ -93.707757, 30.271569 ], [ -93.708666, 30.267428 ], [ -93.705452, 30.267756 ], [ -93.708819, 30.265923 ], [ -93.706218, 30.265477 ], [ -93.707266, 30.261471 ], [ -93.702983, 30.260517 ], [ -93.708928, 30.251653 ], [ -93.70905, 30.248048 ], [ -93.705542, 30.246502 ], [ -93.709531, 30.244932 ], [ -93.703099, 30.238459 ], [ -93.70945, 30.238514 ], [ -93.70449, 30.233787 ], [ -93.711098, 30.235247 ], [ -93.713496, 30.2289 ], [ -93.709509, 30.227834 ], [ -93.713642, 30.224656 ], [ -93.711176, 30.22207 ], [ -93.713058, 30.218641 ], [ -93.718463, 30.219998 ], [ -93.720689, 30.215481 ], [ -93.71702, 30.216131 ], [ -93.719557, 30.214751 ], [ -93.717119, 30.21204 ], [ -93.721259, 30.209611 ], [ -93.717438, 30.206208 ], [ -93.714192, 30.208659 ], [ -93.717523, 30.193085 ], [ -93.709121, 30.197208 ], [ -93.705495, 30.192921 ], [ -93.712552, 30.192456 ], [ -93.712423, 30.187172 ], [ -93.708795, 30.186353 ], [ -93.710684, 30.179862 ], [ -93.705621, 30.180649 ], [ -93.70424, 30.174185 ], [ -93.699953, 30.175529 ], [ -93.703, 30.171695 ], [ -93.700817, 30.166226 ], [ -93.706996, 30.157465 ], [ -93.706154, 30.150596 ], [ -93.709508, 30.146672 ], [ -93.697737, 30.152946 ], [ -93.693303, 30.141899 ], [ -93.688205, 30.141357 ], [ -93.692849, 30.135213 ], [ -93.70121, 30.137458 ], [ -93.700872, 30.123114 ], [ -93.707954, 30.120016 ], [ -93.702436, 30.112721 ], [ -93.712261, 30.109041 ], [ -93.715493, 30.100529 ], [ -93.723765, 30.09413 ], [ -93.724005, 30.082626 ], [ -93.726859, 30.082268 ], [ -93.731079, 30.089518 ], [ -93.734085, 30.08613 ], [ -93.717008, 30.069583 ], [ -93.703105, 30.066261 ], [ -93.699516, 30.058578 ], [ -93.704151, 30.054208 ], [ -93.711074, 30.054391 ], [ -93.713772, 30.065687 ], [ -93.717884, 30.065554 ], [ -93.720805, 30.053043 ], [ -93.737446, 30.037283 ], [ -93.741078, 30.021571 ], [ -93.75663, 30.014163 ], [ -93.770567, 29.996532 ], [ -93.788599, 29.988836 ], [ -93.807815, 29.954549 ], [ -93.817286, 29.918422 ], [ -93.838374, 29.882853 ], [ -93.86357, 29.857177 ], [ -93.913672, 29.827192 ], [ -93.927992, 29.80964 ], [ -93.926504, 29.78956 ], [ -93.893863, 29.767294 ], [ -93.890821, 29.761673 ], [ -93.893829, 29.753033 ], [ -93.891637, 29.744618 ], [ -93.87002, 29.735482 ], [ -93.837412, 29.689885 ], [ -93.814351, 29.596576 ], [ -93.836491, 29.596845 ], [ -93.848588, 29.60026 ], [ -93.866531, 29.611834 ], [ -93.875006, 29.621426 ], [ -93.906043, 29.625001 ], [ -94.033565, 29.625002 ], [ -94.12518, 29.595559 ], [ -94.419249, 29.483452 ], [ -94.499452, 29.452337 ], [ -94.625192, 29.397662 ], [ -94.650311, 29.38282 ], [ -94.636046, 29.370636 ], [ -94.623898, 29.343143 ], [ -94.629026, 29.32164 ], [ -94.65036, 29.29189 ], [ -94.66622, 29.281047 ], [ -94.680295, 29.277603 ], [ -94.692309, 29.277051 ], [ -94.713311, 29.282521 ], [ -94.741166, 29.259583 ], [ -94.75074, 29.246928 ], [ -94.772686, 29.231718 ], [ -94.912171, 29.159318 ], [ -95.000202, 29.104452 ], [ -95.086398, 29.06824 ], [ -95.091622, 29.062739 ], [ -95.087257, 29.057996 ], [ -95.093799, 29.033327 ], [ -95.106528, 29.014935 ], [ -95.139469, 28.991697 ], [ -95.180835, 28.948931 ], [ -95.227228, 28.910379 ], [ -95.308121, 28.85883 ], [ -95.315422, 28.842209 ], [ -95.329847, 28.828699 ], [ -95.377987, 28.810279 ], [ -95.420071, 28.805625 ], [ -95.493888, 28.76534 ], [ -95.533784, 28.750256 ], [ -95.777845, 28.625266 ], [ -96.078331, 28.500001 ], [ -96.182242, 28.452036 ], [ -96.235458, 28.421469 ], [ -96.258191, 28.407872 ], [ -96.267069, 28.388229 ], [ -96.282307, 28.375002 ], [ -96.303533, 28.36502 ], [ -96.320762, 28.362868 ], [ -96.32874, 28.352053 ], [ -96.341807, 28.342381 ], [ -96.344731, 28.325989 ], [ -96.352686, 28.312923 ], [ -96.375252, 28.29076 ], [ -96.531, 28.221164 ], [ -96.640749, 28.15539 ], [ -96.746251, 28.079622 ], [ -96.844196, 28.000296 ], [ -96.908743, 27.934091 ], [ -96.959495, 27.875302 ], [ -96.984281, 27.803783 ], [ -97.008898, 27.78679 ], [ -97.021855, 27.783364 ], [ -97.050221, 27.750308 ], [ -97.125265, 27.640597 ], [ -97.199816, 27.500319 ], [ -97.250264, 27.392308 ], [ -97.288337, 27.277584 ], [ -97.309363, 27.196109 ], [ -97.319824, 27.110023 ], [ -97.323219, 27.010256 ], [ -97.313879, 26.913126 ], [ -97.300423, 26.834613 ], [ -97.282725, 26.763423 ], [ -97.251705, 26.661866 ], [ -97.214056, 26.576766 ], [ -97.212548, 26.561651 ], [ -97.184566, 26.475852 ], [ -97.156496, 26.375348 ], [ -97.125248, 26.248285 ], [ -97.110699, 26.145367 ], [ -97.108301, 26.10451 ], [ -97.097386, 26.093508 ], [ -97.089989, 26.07534 ], [ -97.091287, 26.051598 ], [ -97.097858, 26.03862 ], [ -97.089684, 25.960839 ], [ -97.146307, 25.956632 ], [ -97.158056, 25.948816 ], [ -97.160433, 25.950818 ], [ -97.158167, 25.961684 ], [ -97.168692, 25.960806 ], [ -97.175395, 25.96598 ], [ -97.17822, 25.961565 ], [ -97.186893, 25.958588 ], [ -97.188374, 25.953923 ], [ -97.205064, 25.958108 ], [ -97.208738, 25.96395 ], [ -97.220713, 25.957138 ], [ -97.226205, 25.959391 ], [ -97.23967, 25.955329 ], [ -97.247193, 25.948158 ], [ -97.276434, 25.952122 ], [ -97.285013, 25.959078 ], [ -97.289555, 25.954376 ], [ -97.278344, 25.947496 ], [ -97.281019, 25.944329 ], [ -97.276657, 25.935292 ], [ -97.291524, 25.936489 ], [ -97.295973, 25.933228 ], [ -97.302909, 25.937306 ], [ -97.305323, 25.927678 ], [ -97.30997, 25.926377 ], [ -97.313593, 25.930998 ], [ -97.317982, 25.931305 ], [ -97.324485, 25.92517 ], [ -97.326102, 25.917557 ], [ -97.331153, 25.918388 ], [ -97.332859, 25.926096 ], [ -97.334392, 25.919995 ], [ -97.337886, 25.920377 ], [ -97.336833, 25.929658 ], [ -97.347903, 25.931328 ], [ -97.354336, 25.919992 ], [ -97.368873, 25.915298 ], [ -97.368245, 25.909835 ], [ -97.374765, 25.908451 ], [ -97.365923, 25.902438 ], [ -97.366374, 25.890608 ], [ -97.356393, 25.888038 ], [ -97.374123, 25.880118 ], [ -97.363783, 25.877728 ], [ -97.359333, 25.879778 ], [ -97.356569, 25.867532 ], [ -97.358833, 25.865608 ], [ -97.36149, 25.86943 ], [ -97.368936, 25.858404 ], [ -97.376013, 25.855958 ], [ -97.363941, 25.850447 ], [ -97.371263, 25.849308 ], [ -97.373056, 25.839831 ], [ -97.38198, 25.839596 ], [ -97.386876, 25.843895 ], [ -97.3939, 25.8371 ], [ -97.406285, 25.837889 ], [ -97.406943, 25.840068 ], [ -97.400543, 25.841468 ], [ -97.398689, 25.850269 ], [ -97.402304, 25.852015 ], [ -97.405585, 25.845286 ], [ -97.408285, 25.845535 ], [ -97.410613, 25.849828 ], [ -97.407953, 25.854788 ], [ -97.409023, 25.862248 ], [ -97.414061, 25.856553 ], [ -97.412863, 25.840828 ], [ -97.425772, 25.840702 ], [ -97.435993, 25.849898 ], [ -97.443557, 25.848216 ], [ -97.444755, 25.856112 ], [ -97.454115, 25.854292 ], [ -97.444605, 25.867472 ], [ -97.44879, 25.872259 ], [ -97.453475, 25.867382 ], [ -97.456595, 25.868352 ], [ -97.455365, 25.883992 ], [ -97.463989, 25.882033 ], [ -97.470247, 25.875345 ], [ -97.474794, 25.879509 ], [ -97.468708, 25.883412 ], [ -97.468824, 25.888836 ], [ -97.485511, 25.878393 ], [ -97.487833, 25.885426 ], [ -97.496795, 25.879685 ], [ -97.498146, 25.899068 ], [ -97.510435, 25.887712 ], [ -97.521425, 25.886332 ], [ -97.523735, 25.898962 ], [ -97.528687, 25.906914 ], [ -97.533316, 25.90824 ], [ -97.53012, 25.91997 ], [ -97.543033, 25.919979 ], [ -97.537219, 25.930754 ], [ -97.543709, 25.923381 ], [ -97.545999, 25.933813 ], [ -97.55215, 25.93708 ], [ -97.557237, 25.935907 ], [ -97.561541, 25.925656 ], [ -97.567974, 25.927619 ], [ -97.567124, 25.933788 ], [ -97.582928, 25.933013 ], [ -97.58209, 25.93862 ], [ -97.566251, 25.944938 ], [ -97.567874, 25.952432 ], [ -97.574491, 25.953968 ], [ -97.572801, 25.946458 ], [ -97.577997, 25.942096 ], [ -97.583119, 25.954868 ], [ -97.582101, 25.962428 ], [ -97.593821, 25.961738 ], [ -97.598111, 25.956928 ], [ -97.601891, 25.957178 ], [ -97.610611, 25.966193 ], [ -97.607784, 25.976711 ], [ -97.617381, 25.979858 ], [ -97.621641, 25.989188 ], [ -97.631447, 25.988035 ], [ -97.634557, 25.990372 ], [ -97.631057, 25.996459 ], [ -97.623161, 25.991568 ], [ -97.619981, 25.992648 ], [ -97.618602, 26.002663 ], [ -97.627424, 25.996624 ], [ -97.626759, 26.00601 ], [ -97.635008, 25.99999 ], [ -97.649375, 26.010825 ], [ -97.637261, 26.014458 ], [ -97.640351, 26.024448 ], [ -97.646613, 26.027178 ], [ -97.650431, 26.023608 ], [ -97.651541, 26.015858 ], [ -97.65863, 26.020191 ], [ -97.667941, 26.019258 ], [ -97.667131, 26.024774 ], [ -97.660491, 26.031478 ], [ -97.662561, 26.038112 ], [ -97.667537, 26.028831 ], [ -97.670954, 26.034036 ], [ -97.674743, 26.03296 ], [ -97.676232, 26.030048 ], [ -97.673282, 26.027861 ], [ -97.675536, 26.025914 ], [ -97.687376, 26.027277 ], [ -97.693197, 26.032512 ], [ -97.691238, 26.018923 ], [ -97.697668, 26.024029 ], [ -97.697313, 26.031064 ], [ -97.702252, 26.030924 ], [ -97.707245, 26.037839 ], [ -97.709645, 26.02608 ], [ -97.721174, 26.023289 ], [ -97.719393, 26.030887 ], [ -97.734782, 26.032106 ], [ -97.735071, 26.028355 ], [ -97.727702, 26.027985 ], [ -97.725276, 26.02488 ], [ -97.737103, 26.021493 ], [ -97.738275, 26.029059 ], [ -97.742899, 26.029893 ], [ -97.748234, 26.026304 ], [ -97.75212, 26.031648 ], [ -97.759335, 26.026089 ], [ -97.763179, 26.026702 ], [ -97.762532, 26.041009 ], [ -97.767934, 26.047472 ], [ -97.77671, 26.044482 ], [ -97.776261, 26.040295 ], [ -97.769235, 26.036199 ], [ -97.776795, 26.029279 ], [ -97.782295, 26.034059 ], [ -97.792065, 26.034029 ], [ -97.797833, 26.042567 ], [ -97.795293, 26.04726 ], [ -97.788791, 26.049583 ], [ -97.793031, 26.053442 ], [ -97.798822, 26.052828 ], [ -97.801095, 26.060239 ], [ -97.811195, 26.055439 ], [ -97.811019, 26.045514 ], [ -97.813403, 26.044039 ], [ -97.816625, 26.045879 ], [ -97.814675, 26.053077 ], [ -97.818301, 26.056588 ], [ -97.825942, 26.056027 ], [ -97.833826, 26.045686 ], [ -97.839105, 26.053199 ], [ -97.860651, 26.052772 ], [ -97.861386, 26.070144 ], [ -97.868996, 26.056841 ], [ -97.876558, 26.064525 ], [ -97.887172, 26.066657 ], [ -97.891041, 26.060373 ], [ -97.901272, 26.06123 ], [ -97.91075, 26.056457 ], [ -97.919007, 26.058208 ], [ -97.926967, 26.054868 ], [ -97.933431, 26.065626 ], [ -97.937283, 26.06233 ], [ -97.931199, 26.057139 ], [ -97.933273, 26.052978 ], [ -97.951728, 26.062173 ], [ -97.965475, 26.051694 ], [ -97.978545, 26.058627 ], [ -97.980372, 26.067374 ], [ -97.987933, 26.065836 ], [ -97.991875, 26.058249 ], [ -97.997307, 26.064797 ], [ -98.003302, 26.064744 ], [ -98.012012, 26.056083 ], [ -98.012107, 26.066144 ], [ -98.020886, 26.058626 ], [ -98.02802, 26.066957 ], [ -98.032873, 26.062276 ], [ -98.038811, 26.041263 ], [ -98.061083, 26.0464 ], [ -98.070897, 26.037014 ], [ -98.076462, 26.036268 ], [ -98.080127, 26.041734 ], [ -98.072637, 26.043744 ], [ -98.069997, 26.050484 ], [ -98.080352, 26.071098 ], [ -98.085899, 26.069446 ], [ -98.081627, 26.064062 ], [ -98.093528, 26.05859 ], [ -98.105188, 26.067675 ], [ -98.125413, 26.061801 ], [ -98.129967, 26.063134 ], [ -98.128213, 26.072589 ], [ -98.132108, 26.074187 ], [ -98.136628, 26.070748 ], [ -98.137718, 26.06047 ], [ -98.146457, 26.049044 ], [ -98.151289, 26.058152 ], [ -98.161758, 26.053903 ], [ -98.157962, 26.063387 ], [ -98.167932, 26.062981 ], [ -98.176777, 26.075234 ], [ -98.179775, 26.073337 ], [ -98.180627, 26.066258 ], [ -98.176994, 26.060733 ], [ -98.18727, 26.064267 ], [ -98.194319, 26.05319 ], [ -98.199032, 26.055875 ], [ -98.204657, 26.066324 ], [ -98.212853, 26.069003 ], [ -98.220807, 26.076434 ], [ -98.230616, 26.077062 ], [ -98.249349, 26.072142 ], [ -98.251507, 26.078644 ], [ -98.264325, 26.085075 ], [ -98.267357, 26.092295 ], [ -98.288215, 26.104457 ], [ -98.282629, 26.10775 ], [ -98.270387, 26.106524 ], [ -98.271945, 26.113443 ], [ -98.266077, 26.116644 ], [ -98.266039, 26.120757 ], [ -98.274839, 26.115759 ], [ -98.29665, 26.120255 ], [ -98.303603, 26.109994 ], [ -98.297667, 26.103286 ], [ -98.305697, 26.103144 ], [ -98.309739, 26.113975 ], [ -98.322018, 26.11899 ], [ -98.335567, 26.138414 ], [ -98.334337, 26.141344 ], [ -98.326739, 26.142893 ], [ -98.337979, 26.14944 ], [ -98.333228, 26.159373 ], [ -98.335744, 26.165891 ], [ -98.346187, 26.165974 ], [ -98.351759, 26.151154 ], [ -98.358372, 26.158928 ], [ -98.359657, 26.172524 ], [ -98.367227, 26.168611 ], [ -98.364197, 26.162044 ], [ -98.365635, 26.158094 ], [ -98.386858, 26.157894 ], [ -98.392784, 26.167214 ], [ -98.401914, 26.171094 ], [ -98.402627, 26.181389 ], [ -98.416599, 26.183758 ], [ -98.427709, 26.193011 ], [ -98.444018, 26.2006 ], [ -98.438675, 26.212661 ], [ -98.44393, 26.224183 ], [ -98.450004, 26.22301 ], [ -98.454511, 26.216693 ], [ -98.460248, 26.226304 ], [ -98.471577, 26.220604 ], [ -98.481269, 26.219879 ], [ -98.483135, 26.214946 ], [ -98.477515, 26.203495 ], [ -98.481804, 26.200848 ], [ -98.481789, 26.208692 ], [ -98.485377, 26.212712 ], [ -98.507016, 26.209225 ], [ -98.501034, 26.22256 ], [ -98.513702, 26.227236 ], [ -98.524086, 26.220893 ], [ -98.527082, 26.226746 ], [ -98.521816, 26.231913 ], [ -98.522159, 26.235624 ], [ -98.534875, 26.225395 ], [ -98.543802, 26.243822 ], [ -98.556595, 26.248002 ], [ -98.558206, 26.244354 ], [ -98.54709, 26.241801 ], [ -98.545698, 26.237202 ], [ -98.55584, 26.23191 ], [ -98.562056, 26.224177 ], [ -98.565927, 26.241471 ], [ -98.573234, 26.239482 ], [ -98.576749, 26.233759 ], [ -98.58, 26.23523 ], [ -98.585123, 26.244606 ], [ -98.579219, 26.251109 ], [ -98.58309, 26.2567 ], [ -98.599436, 26.257631 ], [ -98.611946, 26.253184 ], [ -98.61665, 26.246431 ], [ -98.622997, 26.259917 ], [ -98.632166, 26.252192 ], [ -98.634554, 26.242339 ], [ -98.655916, 26.235761 ], [ -98.67067, 26.237012 ], [ -98.678602, 26.244575 ], [ -98.677708, 26.256612 ], [ -98.680657, 26.262555 ], [ -98.719875, 26.272594 ], [ -98.717289, 26.278049 ], [ -98.700963, 26.27796 ], [ -98.702536, 26.286956 ], [ -98.709353, 26.289189 ], [ -98.71617, 26.286197 ], [ -98.727765, 26.29877 ], [ -98.742621, 26.294197 ], [ -98.750973, 26.296321 ], [ -98.756123, 26.304249 ], [ -98.754216, 26.307928 ], [ -98.740419, 26.302777 ], [ -98.736161, 26.309199 ], [ -98.738457, 26.313654 ], [ -98.745821, 26.316845 ], [ -98.751127, 26.331584 ], [ -98.771321, 26.325081 ], [ -98.788955, 26.330433 ], [ -98.788313, 26.338337 ], [ -98.796252, 26.349104 ], [ -98.798211, 26.360166 ], [ -98.807348, 26.369421 ], [ -98.814, 26.366292 ], [ -98.824565, 26.370833 ], [ -98.844115, 26.35873 ], [ -98.853415, 26.365023 ], [ -98.86191, 26.36599 ], [ -98.896734, 26.35333 ], [ -98.900893, 26.359404 ], [ -98.901677, 26.371229 ], [ -98.917377, 26.374471 ], [ -98.923402, 26.381371 ], [ -98.925879, 26.394357 ], [ -98.935636, 26.385047 ], [ -98.935134, 26.372971 ], [ -98.942152, 26.369687 ], [ -98.956019, 26.377255 ], [ -98.953077, 26.386343 ], [ -98.954503, 26.394367 ], [ -98.974164, 26.401148 ], [ -98.989085, 26.391667 ], [ -99.01064, 26.392135 ], [ -99.021935, 26.407902 ], [ -99.037058, 26.413603 ], [ -99.062111, 26.397385 ], [ -99.085126, 26.398782 ], [ -99.089413, 26.4081 ], [ -99.110854, 26.426282 ], [ -99.113546, 26.43253 ], [ -99.102376, 26.442726 ], [ -99.100357, 26.458748 ], [ -99.091976, 26.472376 ], [ -99.091956, 26.477912 ], [ -99.104851, 26.500383 ], [ -99.127782, 26.525199 ], [ -99.166742, 26.536079 ], [ -99.17123, 26.541965 ], [ -99.16741, 26.560001 ], [ -99.178064, 26.620547 ], [ -99.200522, 26.656443 ], [ -99.209948, 26.693938 ], [ -99.208907, 26.724761 ], [ -99.240023, 26.745851 ], [ -99.242444, 26.788262 ], [ -99.262208, 26.815668 ], [ -99.268613, 26.843213 ], [ -99.280471, 26.858053 ], [ -99.295146, 26.86544 ], [ -99.316753, 26.865831 ], [ -99.328619, 26.878592 ], [ -99.321819, 26.906846 ], [ -99.324684, 26.915973 ], [ -99.337297, 26.922759 ], [ -99.373374, 26.931256 ], [ -99.388253, 26.944217 ], [ -99.392954, 26.963803 ], [ -99.377312, 26.973819 ], [ -99.378435, 26.980034 ], [ -99.387367, 26.982399 ], [ -99.403694, 26.997356 ], [ -99.408507, 27.00952 ], [ -99.415476, 27.01724 ], [ -99.432155, 27.010699 ], [ -99.445661, 27.021756 ], [ -99.444276, 27.038395 ], [ -99.452316, 27.062669 ], [ -99.450282, 27.067705 ], [ -99.43447, 27.078517 ], [ -99.429209, 27.090982 ], [ -99.442125, 27.106856 ], [ -99.430581, 27.126612 ], [ -99.431355, 27.13758 ], [ -99.439971, 27.151072 ], [ -99.429984, 27.159149 ], [ -99.426348, 27.176262 ], [ -99.432589, 27.209698 ], [ -99.445238, 27.223341 ], [ -99.441545, 27.249915 ], [ -99.452391, 27.264046 ], [ -99.461476, 27.268175 ], [ -99.481192, 27.259835 ], [ -99.489059, 27.261477 ], [ -99.49669, 27.272435 ], [ -99.487592, 27.289602 ], [ -99.49202, 27.300666 ], [ -99.500951, 27.306008 ], [ -99.528473, 27.305417 ], [ -99.538035, 27.316961 ], [ -99.531376, 27.323809 ], [ -99.518912, 27.326305 ], [ -99.504575, 27.338741 ], [ -99.507779, 27.354247 ], [ -99.499076, 27.37314 ], [ -99.492144, 27.380517 ], [ -99.492709, 27.391954 ], [ -99.487521, 27.411572 ], [ -99.495699, 27.438884 ], [ -99.495104, 27.451518 ], [ -99.485404, 27.464067 ], [ -99.479251, 27.478635 ], [ -99.481288, 27.488468 ], [ -99.496826, 27.500106 ], [ -99.51985, 27.496763 ], [ -99.528392, 27.49855 ], [ -99.521919, 27.544094 ], [ -99.518819, 27.553194 ], [ -99.514016, 27.556842 ], [ -99.512132, 27.568288 ], [ -99.529711, 27.579761 ], [ -99.539722, 27.603281 ], [ -99.554945, 27.614456 ], [ -99.561233, 27.607569 ], [ -99.578626, 27.602286 ], [ -99.584843, 27.603903 ], [ -99.577182, 27.6113 ], [ -99.577636, 27.618597 ], [ -99.591372, 27.627464 ], [ -99.596231, 27.639858 ], [ -99.603533, 27.641992 ], [ -99.616069, 27.637681 ], [ -99.624311, 27.644001 ], [ -99.627057, 27.640778 ], [ -99.623246, 27.634644 ], [ -99.625112, 27.63138 ], [ -99.638929, 27.626758 ], [ -99.658853, 27.631138 ], [ -99.666108, 27.636088 ], [ -99.658295, 27.650158 ], [ -99.668942, 27.659974 ], [ -99.685813, 27.661015 ], [ -99.690158, 27.668864 ], [ -99.69706, 27.662481 ], [ -99.699356, 27.655417 ], [ -99.711511, 27.658365 ], [ -99.721519, 27.666155 ], [ -99.732448, 27.685425 ], [ -99.757645, 27.712112 ], [ -99.76162, 27.722063 ], [ -99.77074, 27.732134 ], [ -99.788845, 27.730718 ], [ -99.796342, 27.735586 ], [ -99.801651, 27.741771 ], [ -99.813118, 27.773997 ], [ -99.819092, 27.776019 ], [ -99.826022, 27.764327 ], [ -99.838791, 27.764181 ], [ -99.842967, 27.768518 ], [ -99.850877, 27.793974 ], [ -99.870066, 27.794627 ], [ -99.876761, 27.797845 ], [ -99.873785, 27.813012 ], [ -99.877894, 27.825352 ], [ -99.8772, 27.84218 ], [ -99.882015, 27.850392 ], [ -99.901486, 27.864162 ], [ -99.904385, 27.875284 ], [ -99.894091, 27.89295 ], [ -99.893456, 27.899208 ], [ -99.90008, 27.912142 ], [ -99.917461, 27.917973 ], [ -99.926035, 27.927484 ], [ -99.92413, 27.931379 ], [ -99.926555, 27.935701 ], [ -99.937142, 27.940537 ], [ -99.938541, 27.954059 ], [ -99.932161, 27.96771 ], [ -99.931811, 27.980968 ], [ -99.962768, 27.983537 ], [ -99.991447, 27.99456 ], [ -100.008631, 28.023964 ], [ -100.017913, 28.064788 ], [ -100.053122, 28.084731 ], [ -100.056982, 28.094208 ], [ -100.056492, 28.104187 ], [ -100.075474, 28.124882 ], [ -100.084328, 28.144819 ], [ -100.119627, 28.155588 ], [ -100.141099, 28.168148 ], [ -100.160589, 28.16816 ], [ -100.185694, 28.185781 ], [ -100.196499, 28.190218 ], [ -100.208058, 28.190383 ], [ -100.212104, 28.19651 ], [ -100.220288, 28.23221 ], [ -100.227573, 28.235858 ], [ -100.246205, 28.234091 ], [ -100.251636, 28.23618 ], [ -100.267603, 28.250269 ], [ -100.283177, 28.270634 ], [ -100.291397, 28.275397 ], [ -100.294296, 28.28438 ], [ -100.286476, 28.312295 ], [ -100.314199, 28.345859 ], [ -100.320392, 28.362117 ], [ -100.344402, 28.389662 ], [ -100.349588, 28.402604 ], [ -100.337063, 28.427152 ], [ -100.337798, 28.44296 ], [ -100.368288, 28.477196 ], [ -100.365982, 28.481116 ], [ -100.344181, 28.486249 ], [ -100.33714, 28.491729 ], [ -100.333814, 28.499252 ], [ -100.388262, 28.514863 ], [ -100.394988, 28.528358 ], [ -100.405058, 28.53578 ], [ -100.411269, 28.550705 ], [ -100.397301, 28.575578 ], [ -100.398462, 28.585169 ], [ -100.429856, 28.596441 ], [ -100.433623, 28.606117 ], [ -100.44732, 28.609325 ], [ -100.447091, 28.642197 ], [ -100.462866, 28.641364 ], [ -100.474494, 28.647071 ], [ -100.479636, 28.655225 ], [ -100.500354, 28.66196 ], [ -100.511998, 28.705352 ], [ -100.506701, 28.716745 ], [ -100.507613, 28.740599 ], [ -100.515156, 28.742947 ], [ -100.514399, 28.750252 ], [ -100.519226, 28.756161 ], [ -100.533408, 28.759207 ], [ -100.530046, 28.770423 ], [ -100.537772, 28.780776 ], [ -100.532431, 28.791063 ], [ -100.535438, 28.805195 ], [ -100.5452, 28.812082 ], [ -100.547324, 28.825817 ], [ -100.561443, 28.829174 ], [ -100.570475, 28.826036 ], [ -100.574728, 28.828788 ], [ -100.576846, 28.836168 ], [ -100.572878, 28.848206 ], [ -100.59104, 28.863054 ], [ -100.590768, 28.872697 ], [ -100.598877, 28.875591 ], [ -100.597941, 28.880146 ], [ -100.589499, 28.886358 ], [ -100.592504, 28.889448 ], [ -100.603011, 28.887227 ], [ -100.60109, 28.901288 ], [ -100.614222, 28.901718 ], [ -100.618216, 28.908522 ], [ -100.622436, 28.909773 ], [ -100.625407, 28.904898 ], [ -100.631611, 28.902839 ], [ -100.640568, 28.914212 ], [ -100.631061, 28.916915 ], [ -100.629706, 28.921146 ], [ -100.638857, 28.927622 ], [ -100.64375, 28.937528 ], [ -100.651512, 28.943432 ], [ -100.646993, 28.957079 ], [ -100.650319, 28.962336 ], [ -100.646636, 28.966929 ], [ -100.648654, 28.977422 ], [ -100.64604, 28.987981 ], [ -100.660208, 29.031497 ], [ -100.664021, 29.074164 ], [ -100.6752, 29.100741 ], [ -100.69179, 29.114854 ], [ -100.709966, 29.119684 ], [ -100.727462, 29.129123 ], [ -100.737795, 29.139079 ], [ -100.739681, 29.150486 ], [ -100.759726, 29.15715 ], [ -100.763676, 29.164845 ], [ -100.772604, 29.168369 ], [ -100.775905, 29.173344 ], [ -100.766004, 29.185847 ], [ -100.767059, 29.195287 ], [ -100.776254, 29.200929 ], [ -100.774627, 29.210634 ], [ -100.785521, 29.228137 ], [ -100.795681, 29.22773 ], [ -100.794627, 29.241612 ], [ -100.797619, 29.246776 ], [ -100.816277, 29.253864 ], [ -100.813959, 29.263137 ], [ -100.83404, 29.2614 ], [ -100.855841, 29.275546 ], [ -100.876049, 29.279585 ], [ -100.886842, 29.307848 ], [ -100.904734, 29.312136 ], [ -100.909457, 29.317608 ], [ -100.916628, 29.319204 ], [ -100.919499, 29.325318 ], [ -100.940616, 29.333109 ], [ -100.943198, 29.341985 ], [ -100.948974, 29.347246 ], [ -100.964326, 29.347342 ], [ -100.972917, 29.354514 ], [ -101.009976, 29.368267 ], [ -101.019258, 29.390907 ], [ -101.036604, 29.406108 ], [ -101.043364, 29.42988 ], [ -101.056957, 29.440773 ], [ -101.060151, 29.458661 ], [ -101.087149, 29.469414 ], [ -101.115254, 29.468459 ], [ -101.130038, 29.47842 ], [ -101.137503, 29.473542 ], [ -101.146798, 29.474187 ], [ -101.151877, 29.477005 ], [ -101.171664, 29.503951 ], [ -101.173824, 29.514568 ], [ -101.192716, 29.520285 ], [ -101.235273, 29.524854 ], [ -101.254895, 29.520341 ], [ -101.260838, 29.529932 ], [ -101.261176, 29.536776 ], [ -101.250385, 29.556621 ], [ -101.24103, 29.565028 ], [ -101.252297, 29.604167 ], [ -101.247333, 29.61848 ], [ -101.250383, 29.624171 ], [ -101.262233, 29.630607 ], [ -101.269102, 29.630128 ], [ -101.280494, 29.615181 ], [ -101.277439, 29.606593 ], [ -101.277878, 29.59081 ], [ -101.290962, 29.571537 ], [ -101.305533, 29.577925 ], [ -101.311997, 29.586063 ], [ -101.313373, 29.602259 ], [ -101.311706, 29.615372 ], [ -101.300027, 29.640702 ], [ -101.302516, 29.650425 ], [ -101.314135, 29.659054 ], [ -101.346017, 29.662241 ], [ -101.350327, 29.66066 ], [ -101.35714, 29.649267 ], [ -101.361312, 29.650063 ], [ -101.367105, 29.670898 ], [ -101.372696, 29.678057 ], [ -101.372773, 29.699428 ], [ -101.396948, 29.713947 ], [ -101.397009, 29.733963 ], [ -101.415584, 29.746534 ], [ -101.414588, 29.752418 ], [ -101.398983, 29.762175 ], [ -101.402319, 29.77119 ], [ -101.410933, 29.770152 ], [ -101.438146, 29.75092 ], [ -101.448881, 29.750699 ], [ -101.455224, 29.771874 ], [ -101.452806, 29.783791 ], [ -101.460906, 29.789663 ], [ -101.478864, 29.784085 ], [ -101.487089, 29.773868 ], [ -101.503223, 29.764582 ], [ -101.51758, 29.765005 ], [ -101.535998, 29.75895 ], [ -101.539432, 29.766421 ], [ -101.53501, 29.797679 ], [ -101.544769, 29.811868 ], [ -101.552485, 29.804233 ], [ -101.567749, 29.798727 ], [ -101.574119, 29.788222 ], [ -101.572223, 29.773319 ], [ -101.575807, 29.769319 ], [ -101.603681, 29.774399 ], [ -101.617906, 29.76993 ], [ -101.6269, 29.770762 ], [ -101.635464, 29.75836 ], [ -101.644567, 29.754233 ], [ -101.650758, 29.757093 ], [ -101.654459, 29.765121 ], [ -101.661724, 29.770857 ], [ -101.670623, 29.768928 ], [ -101.677804, 29.760292 ], [ -101.68144, 29.760784 ], [ -101.689634, 29.771035 ], [ -101.708873, 29.761642 ], [ -101.71973, 29.775738 ], [ -101.733352, 29.77118 ], [ -101.738692, 29.772985 ], [ -101.741335, 29.778278 ], [ -101.753881, 29.777327 ], [ -101.773825, 29.788675 ], [ -101.7849, 29.788648 ], [ -101.788531, 29.779272 ], [ -101.805114, 29.78035 ], [ -101.81081, 29.783627 ], [ -101.813977, 29.79233 ], [ -101.803613, 29.803446 ], [ -101.817777, 29.811635 ], [ -101.825608, 29.807053 ], [ -101.818694, 29.7915 ], [ -101.823656, 29.787398 ], [ -101.837595, 29.793364 ], [ -101.85272, 29.807791 ], [ -101.875772, 29.793796 ], [ -101.911595, 29.79804 ], [ -101.92225, 29.786026 ], [ -101.929323, 29.782576 ], [ -101.933528, 29.785193 ], [ -101.935606, 29.799561 ], [ -101.94589, 29.801755 ], [ -101.957515, 29.795766 ], [ -101.963377, 29.800149 ], [ -101.96674, 29.812698 ], [ -101.976264, 29.81604 ], [ -101.981567, 29.81502 ], [ -101.981808, 29.806167 ], [ -101.987305, 29.796842 ], [ -101.997021, 29.806109 ], [ -102.015227, 29.797491 ], [ -102.021906, 29.802467 ], [ -102.035818, 29.804063 ], [ -102.041189, 29.799058 ], [ -102.038626, 29.791619 ], [ -102.046293, 29.78994 ], [ -102.049652, 29.785276 ], [ -102.073187, 29.786524 ], [ -102.077109, 29.792051 ], [ -102.084379, 29.795064 ], [ -102.094678, 29.791245 ], [ -102.101383, 29.793612 ], [ -102.115706, 29.792301 ], [ -102.119754, 29.802479 ], [ -102.128904, 29.79853 ], [ -102.143566, 29.80332 ], [ -102.150893, 29.811592 ], [ -102.159796, 29.814685 ], [ -102.166445, 29.825385 ], [ -102.179964, 29.826375 ], [ -102.178509, 29.839454 ], [ -102.187027, 29.848656 ], [ -102.191655, 29.846638 ], [ -102.196086, 29.836576 ], [ -102.209938, 29.844359 ], [ -102.223528, 29.84053 ], [ -102.231791, 29.848251 ], [ -102.244892, 29.848946 ], [ -102.243225, 29.858413 ], [ -102.246458, 29.864128 ], [ -102.249775, 29.863293 ], [ -102.253178, 29.853068 ], [ -102.261495, 29.853241 ], [ -102.264269, 29.85563 ], [ -102.261882, 29.86357 ], [ -102.264842, 29.867496 ], [ -102.280892, 29.862819 ], [ -102.286875, 29.871202 ], [ -102.300558, 29.877597 ], [ -102.312298, 29.877119 ], [ -102.31594, 29.879993 ], [ -102.321186, 29.878685 ], [ -102.32434, 29.873712 ], [ -102.323463, 29.863917 ], [ -102.331931, 29.862824 ], [ -102.33331, 29.868071 ], [ -102.340921, 29.869373 ], [ -102.349678, 29.862634 ], [ -102.352272, 29.852756 ], [ -102.364557, 29.845335 ], [ -102.362929, 29.831489 ], [ -102.377512, 29.799997 ], [ -102.3772, 29.789889 ], [ -102.390044, 29.781921 ], [ -102.385039, 29.771744 ], [ -102.387227, 29.761392 ], [ -102.394807, 29.769163 ], [ -102.408976, 29.764531 ], [ -102.433666, 29.776853 ], [ -102.439297, 29.773259 ], [ -102.447382, 29.777502 ], [ -102.457692, 29.774585 ], [ -102.465453, 29.78339 ], [ -102.471994, 29.776387 ], [ -102.480665, 29.776069 ], [ -102.481772, 29.782838 ], [ -102.487252, 29.786585 ], [ -102.497987, 29.781448 ], [ -102.517616, 29.78358 ], [ -102.518382, 29.778664 ], [ -102.510727, 29.773882 ], [ -102.513503, 29.765439 ], [ -102.547978, 29.744644 ], [ -102.554669, 29.748728 ], [ -102.555184, 29.755862 ], [ -102.567663, 29.771463 ], [ -102.574077, 29.767358 ], [ -102.573796, 29.754896 ], [ -102.580338, 29.754991 ], [ -102.589207, 29.749069 ], [ -102.597618, 29.751415 ], [ -102.612426, 29.748272 ], [ -102.62279, 29.736339 ], [ -102.63041, 29.734181 ], [ -102.660245, 29.735629 ], [ -102.667148, 29.739129 ], [ -102.668403, 29.74593 ], [ -102.673997, 29.744574 ], [ -102.681763, 29.728073 ], [ -102.691373, 29.721372 ], [ -102.689035, 29.705038 ], [ -102.697027, 29.698776 ], [ -102.699672, 29.686287 ], [ -102.693644, 29.676685 ], [ -102.696723, 29.671958 ], [ -102.704083, 29.67134 ], [ -102.715209, 29.656405 ], [ -102.72574, 29.651417 ], [ -102.725906, 29.643242 ], [ -102.729784, 29.640652 ], [ -102.736574, 29.641825 ], [ -102.741949, 29.633193 ], [ -102.738557, 29.618176 ], [ -102.740543, 29.597499 ], [ -102.746331, 29.592648 ], [ -102.760323, 29.598603 ], [ -102.768302, 29.595209 ], [ -102.762263, 29.579751 ], [ -102.766201, 29.572206 ], [ -102.773866, 29.573124 ], [ -102.773423, 29.566865 ], [ -102.777766, 29.56098 ], [ -102.777339, 29.554749 ], [ -102.771228, 29.548397 ], [ -102.780266, 29.542466 ], [ -102.791452, 29.542824 ], [ -102.792007, 29.533004 ], [ -102.798443, 29.526667 ], [ -102.80832, 29.52293 ], [ -102.807474, 29.503851 ], [ -102.804337, 29.501177 ], [ -102.807268, 29.494295 ], [ -102.800673, 29.486235 ], [ -102.814251, 29.482398 ], [ -102.813997, 29.471401 ], [ -102.825637, 29.457945 ], [ -102.823954, 29.452112 ], [ -102.819528, 29.45072 ], [ -102.831045, 29.444254 ], [ -102.83248, 29.432431 ], [ -102.826925, 29.4177 ], [ -102.833443, 29.410498 ], [ -102.826518, 29.407563 ], [ -102.825855, 29.402544 ], [ -102.819003, 29.403599 ], [ -102.812381, 29.400525 ], [ -102.815859, 29.397016 ], [ -102.825612, 29.396946 ], [ -102.83306, 29.388086 ], [ -102.834023, 29.379056 ], [ -102.845018, 29.374441 ], [ -102.845317, 29.364732 ], [ -102.839375, 29.358922 ], [ -102.862127, 29.351343 ], [ -102.877505, 29.354891 ], [ -102.884365, 29.347946 ], [ -102.879875, 29.339148 ], [ -102.887338, 29.31163 ], [ -102.893041, 29.308907 ], [ -102.888178, 29.293359 ], [ -102.890466, 29.287978 ], [ -102.902978, 29.279225 ], [ -102.899287, 29.269092 ], [ -102.906384, 29.260083 ], [ -102.903066, 29.254335 ], [ -102.896626, 29.254114 ], [ -102.887818, 29.245796 ], [ -102.88028, 29.246066 ], [ -102.871749, 29.241776 ], [ -102.871716, 29.231719 ], [ -102.866762, 29.227744 ], [ -102.867474, 29.223883 ], [ -102.878821, 29.213627 ], [ -102.895101, 29.208521 ], [ -102.899491, 29.20946 ], [ -102.908653, 29.219663 ], [ -102.912324, 29.219418 ], [ -102.916081, 29.215743 ], [ -102.912734, 29.20673 ], [ -102.914195, 29.200143 ], [ -102.918936, 29.19903 ], [ -102.917823, 29.190887 ], [ -102.932511, 29.194735 ], [ -102.938271, 29.188198 ], [ -102.943378, 29.19141 ], [ -102.950886, 29.17362 ], [ -102.975527, 29.186298 ], [ -102.989985, 29.183472 ], [ -102.995618, 29.179291 ], [ -102.998121, 29.173769 ], [ -102.996268, 29.16022 ], [ -103.002506, 29.149959 ], [ -103.008108, 29.148382 ], [ -103.008797, 29.137569 ], [ -103.015651, 29.133995 ], [ -103.012093, 29.126187 ], [ -103.020472, 29.125628 ], [ -103.027592, 29.116021 ], [ -103.037014, 29.112901 ], [ -103.032109, 29.106827 ], [ -103.033879, 29.100972 ], [ -103.045427, 29.095427 ], [ -103.054249, 29.100798 ], [ -103.064179, 29.091476 ], [ -103.069989, 29.093708 ], [ -103.075824, 29.091537 ], [ -103.080183, 29.087437 ], [ -103.077019, 29.076017 ], [ -103.087425, 29.067108 ], [ -103.0859, 29.053736 ], [ -103.090535, 29.054098 ], [ -103.09239, 29.064704 ], [ -103.100626, 29.060323 ], [ -103.100435, 29.051375 ], [ -103.106506, 29.038179 ], [ -103.097993, 29.026264 ], [ -103.101503, 29.018099 ], [ -103.108484, 29.013329 ], [ -103.117191, 29.000484 ], [ -103.113814, 28.988604 ], [ -103.116814, 28.984416 ], [ -103.134552, 28.983755 ], [ -103.153896, 28.971606 ], [ -103.163935, 28.972204 ], [ -103.170321, 28.980422 ], [ -103.176281, 28.977804 ], [ -103.180842, 28.982398 ], [ -103.202412, 28.987195 ], [ -103.214782, 28.987726 ], [ -103.219848, 28.983318 ], [ -103.227888, 28.991857 ], [ -103.237635, 28.981862 ], [ -103.250416, 28.98043 ], [ -103.253393, 28.987019 ], [ -103.267334, 28.996072 ], [ -103.271386, 28.985362 ], [ -103.279338, 28.977002 ], [ -103.286986, 28.978172 ], [ -103.288305, 28.981385 ], [ -103.283009, 28.982971 ], [ -103.281553, 28.987696 ], [ -103.286941, 29.001273 ], [ -103.301662, 29.008426 ], [ -103.308664, 29.003426 ], [ -103.316162, 29.010689 ], [ -103.308628, 29.01786 ], [ -103.307657, 29.024537 ], [ -103.314341, 29.026064 ], [ -103.326359, 29.016315 ], [ -103.338751, 29.020277 ], [ -103.34201, 29.028436 ], [ -103.336108, 29.027396 ], [ -103.327248, 29.032721 ], [ -103.330613, 29.043219 ], [ -103.344334, 29.04595 ], [ -103.353504, 29.022892 ], [ -103.359603, 29.018644 ], [ -103.374597, 29.023703 ], [ -103.382961, 29.024512 ], [ -103.386505, 29.021648 ], [ -103.388644, 29.033974 ], [ -103.40105, 29.031056 ], [ -103.405079, 29.039577 ], [ -103.415414, 29.037881 ], [ -103.418999, 29.042324 ], [ -103.432095, 29.043356 ], [ -103.428894, 29.049455 ], [ -103.433707, 29.052198 ], [ -103.434221, 29.057287 ], [ -103.441077, 29.0579 ], [ -103.449667, 29.065092 ], [ -103.44993, 29.072714 ], [ -103.461694, 29.072604 ], [ -103.459684, 29.067048 ], [ -103.47135, 29.066727 ], [ -103.47393, 29.070315 ], [ -103.469936, 29.085317 ], [ -103.476202, 29.087812 ], [ -103.476495, 29.091671 ], [ -103.483406, 29.093496 ], [ -103.493639, 29.107953 ], [ -103.498762, 29.108539 ], [ -103.500377, 29.116196 ], [ -103.505884, 29.116048 ], [ -103.512852, 29.121255 ], [ -103.523855, 29.121247 ], [ -103.524835, 29.137123 ], [ -103.539806, 29.146224 ], [ -103.550211, 29.143639 ], [ -103.552965, 29.148656 ], [ -103.550372, 29.155512 ], [ -103.553692, 29.157996 ], [ -103.573684, 29.153823 ], [ -103.580009, 29.149524 ], [ -103.592241, 29.150069 ], [ -103.612231, 29.165369 ], [ -103.628384, 29.163067 ], [ -103.633657, 29.15858 ], [ -103.640745, 29.161142 ], [ -103.650586, 29.15648 ], [ -103.651287, 29.161978 ], [ -103.659619, 29.170569 ], [ -103.688568, 29.17857 ], [ -103.698164, 29.177473 ], [ -103.705162, 29.184968 ], [ -103.712958, 29.185222 ], [ -103.718561, 29.180826 ], [ -103.724947, 29.191986 ], [ -103.742545, 29.20901 ], [ -103.742246, 29.221694 ], [ -103.757365, 29.220668 ], [ -103.754261, 29.22689 ], [ -103.758549, 29.232939 ], [ -103.768393, 29.227578 ], [ -103.769706, 29.220224 ], [ -103.777147, 29.220509 ], [ -103.782029, 29.227264 ], [ -103.781681, 29.241278 ], [ -103.776253, 29.243465 ], [ -103.775072, 29.247954 ], [ -103.783626, 29.265324 ], [ -103.788613, 29.265379 ], [ -103.799364, 29.258437 ], [ -103.806369, 29.261089 ], [ -103.809173, 29.265939 ], [ -103.807612, 29.270159 ], [ -103.813517, 29.274032 ], [ -103.826207, 29.269203 ], [ -103.835491, 29.272687 ], [ -103.837638, 29.278252 ], [ -103.854307, 29.281472 ], [ -103.863178, 29.279197 ], [ -103.88012, 29.285149 ], [ -103.884487, 29.284698 ], [ -103.889395, 29.278824 ], [ -103.899292, 29.28741 ], [ -103.918887, 29.284844 ], [ -103.918288, 29.28982 ], [ -103.92572, 29.294372 ], [ -103.937011, 29.292712 ], [ -103.967648, 29.300029 ], [ -103.975808, 29.296249 ], [ -104.037497, 29.319707 ], [ -104.055165, 29.330442 ], [ -104.0561, 29.337727 ], [ -104.073532, 29.346557 ], [ -104.082256, 29.346064 ], [ -104.090909, 29.353528 ], [ -104.090025, 29.359221 ], [ -104.097754, 29.361642 ], [ -104.098201, 29.366547 ], [ -104.106579, 29.373313 ], [ -104.121318, 29.371423 ], [ -104.122941, 29.380306 ], [ -104.129447, 29.378589 ], [ -104.134919, 29.38422 ], [ -104.141158, 29.377823 ], [ -104.143339, 29.388268 ], [ -104.148373, 29.385101 ], [ -104.155195, 29.394569 ], [ -104.160378, 29.389828 ], [ -104.167443, 29.394744 ], [ -104.164771, 29.401517 ], [ -104.170364, 29.402646 ], [ -104.169674, 29.408161 ], [ -104.179438, 29.4104 ], [ -104.183889, 29.4172 ], [ -104.181065, 29.42646 ], [ -104.192924, 29.43527 ], [ -104.194142, 29.441678 ], [ -104.210077, 29.448843 ], [ -104.217705, 29.456559 ], [ -104.212433, 29.464928 ], [ -104.210044, 29.482243 ], [ -104.215529, 29.484763 ], [ -104.230698, 29.478669 ], [ -104.237134, 29.497556 ], [ -104.254295, 29.506711 ], [ -104.260659, 29.506671 ], [ -104.262175, 29.513501 ], [ -104.291929, 29.519455 ], [ -104.296789, 29.524128 ], [ -104.311475, 29.523202 ], [ -104.310946, 29.528792 ], [ -104.315476, 29.532754 ], [ -104.320896, 29.529539 ], [ -104.321486, 29.521862 ], [ -104.338201, 29.520182 ], [ -104.370421, 29.543141 ], [ -104.381563, 29.543369 ], [ -104.394268, 29.55518 ], [ -104.398921, 29.571897 ], [ -104.452025, 29.603525 ], [ -104.456369, 29.608734 ], [ -104.466549, 29.609216 ], [ -104.465397, 29.618209 ], [ -104.473404, 29.617887 ], [ -104.475991, 29.627979 ], [ -104.486141, 29.628658 ], [ -104.487179, 29.633691 ], [ -104.494934, 29.633826 ], [ -104.498003, 29.639695 ], [ -104.506923, 29.637011 ], [ -104.505633, 29.634044 ], [ -104.508462, 29.632697 ], [ -104.515891, 29.640963 ], [ -104.509878, 29.644213 ], [ -104.517597, 29.647391 ], [ -104.516581, 29.65242 ], [ -104.524682, 29.659236 ], [ -104.525397, 29.667843 ], [ -104.531202, 29.670775 ], [ -104.535575, 29.666553 ], [ -104.535864, 29.674354 ], [ -104.544099, 29.680693 ], [ -104.53021, 29.690464 ], [ -104.543832, 29.696299 ], [ -104.54625, 29.708999 ], [ -104.543909, 29.711189 ], [ -104.547535, 29.714252 ], [ -104.544881, 29.716098 ], [ -104.552287, 29.717342 ], [ -104.549159, 29.720175 ], [ -104.552448, 29.723707 ], [ -104.549326, 29.730571 ], [ -104.560435, 29.735188 ], [ -104.558934, 29.73806 ], [ -104.550327, 29.738008 ], [ -104.549848, 29.740895 ], [ -104.569941, 29.752597 ], [ -104.569614, 29.757089 ], [ -104.563883, 29.761283 ], [ -104.568517, 29.766177 ], [ -104.565929, 29.771468 ], [ -104.570473, 29.778342 ], [ -104.578921, 29.782835 ], [ -104.581506, 29.795112 ], [ -104.590915, 29.798115 ], [ -104.586014, 29.802035 ], [ -104.591347, 29.809809 ], [ -104.594928, 29.805331 ], [ -104.601168, 29.816183 ], [ -104.610082, 29.819359 ], [ -104.608486, 29.827949 ], [ -104.619637, 29.830217 ], [ -104.620256, 29.833082 ], [ -104.613939, 29.833935 ], [ -104.609445, 29.839754 ], [ -104.615371, 29.846569 ], [ -104.619488, 29.841722 ], [ -104.62475, 29.842783 ], [ -104.621585, 29.849565 ], [ -104.629271, 29.852201 ], [ -104.633421, 29.870758 ], [ -104.646112, 29.878542 ], [ -104.64652, 29.883537 ], [ -104.652639, 29.888937 ], [ -104.651662, 29.892384 ], [ -104.655852, 29.889211 ], [ -104.658257, 29.890798 ], [ -104.659008, 29.901191 ], [ -104.655086, 29.905398 ], [ -104.662299, 29.905388 ], [ -104.661824, 29.902188 ], [ -104.665589, 29.901708 ], [ -104.665606, 29.908879 ], [ -104.677167, 29.913035 ], [ -104.678501, 29.926622 ], [ -104.683272, 29.929107 ], [ -104.6793, 29.932879 ], [ -104.682628, 29.935381 ], [ -104.682318, 29.939691 ], [ -104.678949, 29.938131 ], [ -104.67779, 29.940432 ], [ -104.680735, 29.947326 ], [ -104.678168, 29.951691 ], [ -104.674288, 29.950795 ], [ -104.67318, 29.954969 ], [ -104.685253, 29.956731 ], [ -104.681853, 29.969067 ], [ -104.685503, 29.970843 ], [ -104.680152, 29.977003 ], [ -104.687638, 29.973922 ], [ -104.693127, 29.97553 ], [ -104.685736, 29.987142 ], [ -104.68567, 29.990451 ], [ -104.693182, 29.993525 ], [ -104.687533, 29.995673 ], [ -104.688798, 30.002229 ], [ -104.694104, 30.002516 ], [ -104.689549, 30.015105 ], [ -104.703818, 30.023417 ], [ -104.7009, 30.035643 ], [ -104.695675, 30.037664 ], [ -104.707264, 30.049867 ], [ -104.702213, 30.06019 ], [ -104.703662, 30.064196 ], [ -104.691027, 30.070496 ], [ -104.693159, 30.074015 ], [ -104.687988, 30.07377 ], [ -104.6866, 30.076581 ], [ -104.690772, 30.078015 ], [ -104.684965, 30.085301 ], [ -104.6873, 30.0875 ], [ -104.689223, 30.085384 ], [ -104.689868, 30.089342 ], [ -104.685535, 30.093209 ], [ -104.685068, 30.099849 ], [ -104.688951, 30.095259 ], [ -104.694404, 30.101979 ], [ -104.691742, 30.108725 ], [ -104.687131, 30.105867 ], [ -104.685468, 30.110032 ], [ -104.691574, 30.111222 ], [ -104.689947, 30.117021 ], [ -104.695078, 30.117811 ], [ -104.696706, 30.134457 ], [ -104.6919, 30.138852 ], [ -104.689069, 30.137724 ], [ -104.689628, 30.14094 ], [ -104.685312, 30.144733 ], [ -104.689326, 30.145635 ], [ -104.690113, 30.149226 ], [ -104.686885, 30.152139 ], [ -104.689563, 30.154269 ], [ -104.686332, 30.173281 ], [ -104.687076, 30.179342 ], [ -104.697138, 30.191568 ], [ -104.700327, 30.205303 ], [ -104.705066, 30.208381 ], [ -104.702475, 30.212779 ], [ -104.711269, 30.223083 ], [ -104.706255, 30.234812 ], [ -104.713195, 30.237632 ], [ -104.733722, 30.261399 ], [ -104.737501, 30.261285 ], [ -104.736645, 30.255905 ], [ -104.750712, 30.262229 ], [ -104.751586, 30.264419 ], [ -104.74958, 30.266972 ], [ -104.747858, 30.273159 ], [ -104.748593, 30.274407 ], [ -104.750768, 30.271543 ], [ -104.751097, 30.273881 ], [ -104.754725, 30.271741 ], [ -104.757184, 30.274343 ], [ -104.758479, 30.271393 ], [ -104.763176, 30.274836 ], [ -104.758139, 30.286412 ], [ -104.761288, 30.300611 ], [ -104.76669, 30.306 ], [ -104.779318, 30.303269 ], [ -104.776807, 30.3103 ], [ -104.788494, 30.317893 ], [ -104.791399, 30.325518 ], [ -104.797444, 30.330437 ], [ -104.811578, 30.332811 ], [ -104.809995, 30.341511 ], [ -104.822581, 30.350624 ], [ -104.814131, 30.353691 ], [ -104.810993, 30.362472 ], [ -104.811355, 30.366701 ], [ -104.819674, 30.368722 ], [ -104.816423, 30.375187 ], [ -104.837438, 30.373847 ], [ -104.859296, 30.390253 ], [ -104.854281, 30.400366 ], [ -104.857182, 30.408871 ], [ -104.847679, 30.413805 ], [ -104.847831, 30.419775 ], [ -104.849422, 30.421549 ], [ -104.852151, 30.418739 ], [ -104.861305, 30.426121 ], [ -104.858333, 30.437636 ], [ -104.868047, 30.441407 ], [ -104.864444, 30.450549 ], [ -104.869636, 30.459195 ], [ -104.86588, 30.46689 ], [ -104.871667, 30.480345 ], [ -104.867174, 30.485071 ], [ -104.866632, 30.494499 ], [ -104.873921, 30.495258 ], [ -104.871955, 30.51109 ], [ -104.873719, 30.513737 ], [ -104.877041, 30.511204 ], [ -104.879258, 30.517813 ], [ -104.885702, 30.51827 ], [ -104.881023, 30.520976 ], [ -104.885884, 30.524523 ], [ -104.881409, 30.523955 ], [ -104.880559, 30.528925 ], [ -104.889271, 30.535378 ], [ -104.890786, 30.54101 ], [ -104.887697, 30.546727 ], [ -104.890254, 30.546037 ], [ -104.892898, 30.552925 ], [ -104.897946, 30.554548 ], [ -104.895838, 30.562272 ], [ -104.898835, 30.570473 ], [ -104.906888, 30.577164 ], [ -104.909552, 30.585143 ], [ -104.919931, 30.587275 ], [ -104.91855, 30.597038 ], [ -104.922677, 30.603693 ], [ -104.926521, 30.605212 ], [ -104.930975, 30.599066 ], [ -104.938415, 30.603633 ], [ -104.950821, 30.604051 ], [ -104.95503, 30.609357 ], [ -104.971664, 30.610014 ], [ -104.980213, 30.621952 ], [ -104.979496, 30.628598 ], [ -104.9839, 30.635025 ], [ -104.98611, 30.662767 ], [ -105.001542, 30.672704 ], [ -105.002043, 30.680878 ], [ -105.006579, 30.68606 ], [ -105.013199, 30.682562 ], [ -105.017878, 30.685086 ], [ -105.027325, 30.678881 ], [ -105.040819, 30.688935 ], [ -105.047161, 30.688074 ], [ -105.045681, 30.679917 ], [ -105.055307, 30.682156 ], [ -105.056698, 30.687864 ], [ -105.061762, 30.685845 ], [ -105.062552, 30.698502 ], [ -105.066885, 30.699256 ], [ -105.068232, 30.703702 ], [ -105.080941, 30.699846 ], [ -105.080227, 30.707724 ], [ -105.087463, 30.709877 ], [ -105.087614, 30.715488 ], [ -105.098179, 30.716479 ], [ -105.099622, 30.721953 ], [ -105.105547, 30.723808 ], [ -105.103371, 30.729129 ], [ -105.111825, 30.733261 ], [ -105.110939, 30.743552 ], [ -105.113933, 30.74598 ], [ -105.120443, 30.743853 ], [ -105.118295, 30.749726 ], [ -105.127659, 30.747845 ], [ -105.143771, 30.755205 ], [ -105.151976, 30.751462 ], [ -105.156846, 30.753972 ], [ -105.16139, 30.752133 ], [ -105.156191, 30.769773 ], [ -105.162815, 30.770719 ], [ -105.167082, 30.776594 ], [ -105.173992, 30.767531 ], [ -105.176601, 30.767975 ], [ -105.184896, 30.77696 ], [ -105.185999, 30.78455 ], [ -105.190738, 30.785697 ], [ -105.195191, 30.792304 ], [ -105.209091, 30.782655 ], [ -105.216744, 30.783385 ], [ -105.220047, 30.788898 ], [ -105.209598, 30.797628 ], [ -105.215017, 30.805893 ], [ -105.227443, 30.799191 ], [ -105.230019, 30.803827 ], [ -105.238178, 30.80366 ], [ -105.25716, 30.794354 ], [ -105.264148, 30.800335 ], [ -105.266835, 30.808481 ], [ -105.275799, 30.807003 ], [ -105.279401, 30.815698 ], [ -105.287953, 30.817877 ], [ -105.291795, 30.826193 ], [ -105.300136, 30.824771 ], [ -105.306147, 30.809838 ], [ -105.309471, 30.817 ], [ -105.31675, 30.810822 ], [ -105.319251, 30.812235 ], [ -105.31613, 30.818552 ], [ -105.31857, 30.828283 ], [ -105.329503, 30.825043 ], [ -105.328011, 30.831345 ], [ -105.337138, 30.833439 ], [ -105.3392, 30.840393 ], [ -105.34579, 30.840553 ], [ -105.35188, 30.835561 ], [ -105.354442, 30.837781 ], [ -105.353184, 30.842021 ], [ -105.361592, 30.850545 ], [ -105.37021, 30.847493 ], [ -105.377628, 30.848814 ], [ -105.377066, 30.851262 ], [ -105.384696, 30.850497 ], [ -105.387322, 30.853734 ], [ -105.39462, 30.849021 ], [ -105.399837, 30.852077 ], [ -105.401639, 30.854658 ], [ -105.394946, 30.859757 ], [ -105.394973, 30.871229 ], [ -105.391327, 30.873832 ], [ -105.404269, 30.879581 ], [ -105.399134, 30.884283 ], [ -105.40028, 30.889513 ], [ -105.40383, 30.892113 ], [ -105.412177, 30.888619 ], [ -105.410535, 30.89204 ], [ -105.41369, 30.899503 ], [ -105.4257, 30.900393 ], [ -105.429997, 30.905566 ], [ -105.4414, 30.908573 ], [ -105.44636, 30.919273 ], [ -105.453186, 30.916146 ], [ -105.45157, 30.924803 ], [ -105.466757, 30.924226 ], [ -105.4709, 30.933763 ], [ -105.47599, 30.933923 ], [ -105.48192, 30.940913 ], [ -105.491667, 30.942443 ], [ -105.48811, 30.943663 ], [ -105.498833, 30.950305 ], [ -105.49391, 30.956313 ], [ -105.50204, 30.967803 ], [ -105.515798, 30.96489 ], [ -105.521939, 30.976473 ], [ -105.532586, 30.984673 ], [ -105.543286, 30.984683 ], [ -105.557854, 30.990415 ], [ -105.570063, 31.008131 ], [ -105.569241, 31.016086 ], [ -105.577538, 31.019732 ], [ -105.581232, 31.026702 ], [ -105.579487, 31.035753 ], [ -105.585085, 31.057293 ], [ -105.595711, 31.064885 ], [ -105.604385, 31.083693 ], [ -105.627102, 31.098405 ], [ -105.641829, 31.098333 ], [ -105.648745, 31.115863 ], [ -105.710625, 31.137023 ], [ -105.716936, 31.14129 ], [ -105.719415, 31.149033 ], [ -105.74231, 31.164815 ], [ -105.773005, 31.166793 ], [ -105.783145, 31.198023 ], [ -105.794357, 31.202411 ], [ -105.836623, 31.248063 ], [ -105.869406, 31.289041 ], [ -105.876109, 31.291693 ], [ -105.893915, 31.290623 ], [ -105.907385, 31.312263 ], [ -105.931375, 31.312753 ], [ -105.938129, 31.318215 ], [ -105.94791, 31.339814 ], [ -105.945643, 31.352545 ], [ -105.953925, 31.364883 ], [ -105.970455, 31.366173 ], [ -106.005235, 31.392618 ], [ -106.080562, 31.398652 ], [ -106.107775, 31.422383 ], [ -106.132475, 31.425011 ], [ -106.157418, 31.437712 ], [ -106.175114, 31.455285 ], [ -106.206645, 31.466253 ], [ -106.219396, 31.480958 ], [ -106.225155, 31.501543 ], [ -106.2372, 31.513735 ], [ -106.246477, 31.54161 ], [ -106.280875, 31.562323 ], [ -106.289057, 31.587802 ], [ -106.30237, 31.609916 ], [ -106.303355, 31.622173 ], [ -106.334151, 31.662927 ], [ -106.349095, 31.696033 ], [ -106.372311, 31.71245 ], [ -106.380005, 31.731133 ], [ -106.415325, 31.750753 ], [ -106.435015, 31.755073 ], [ -106.452055, 31.764523 ], [ -106.466895, 31.759613 ], [ -106.473535, 31.750323 ], [ -106.491155, 31.749303 ], [ -106.510173, 31.76135 ], [ -106.513635, 31.770683 ], [ -106.528519, 31.781433 ], [ -106.527402, 31.790011 ], [ -106.54714, 31.807299 ], [ -106.566472, 31.813433 ], [ -106.577244, 31.810406 ], [ -106.589061, 31.822708 ], [ -106.602806, 31.825018 ], [ -106.605297, 31.82772 ], [ -106.601695, 31.84437 ], [ -106.614788, 31.846413 ], [ -106.63592, 31.866233 ], [ -106.629191, 31.883699 ], [ -106.645584, 31.895328 ], [ -106.640062, 31.905273 ], [ -106.612865, 31.920372 ], [ -106.623932, 31.925334 ], [ -106.628654, 31.923608 ], [ -106.629742, 31.926567 ], [ -106.622529, 31.934863 ], [ -106.623659, 31.94551 ], [ -106.614321, 31.951615 ], [ -106.614375, 31.955991 ], [ -106.625123, 31.95453 ], [ -106.624298, 31.961056 ], [ -106.619371, 31.964777 ], [ -106.619569, 31.971577 ], [ -106.630102, 31.971258 ], [ -106.639536, 31.980343 ], [ -106.631186, 31.98981 ], [ -106.619449, 31.994735 ], [ -106.618486, 32.000495 ], [ -106.082896, 32.00265 ], [ -104.84774, 32.000415 ], [ -104.772106, 31.997486 ], [ -104.754787, 31.997773 ], [ -104.754556, 32.000527 ], [ -104.750503, 32.000537 ], [ -103.06451, 32.000424 ], [ -103.064625, 32.999899 ], [ -103.043651, 34.003639 ], [ -103.041713, 36.500439 ], [ -100.000406, 36.499702 ], [ -100.000277, 34.56045 ], [ -99.971606, 34.562169 ], [ -99.953817, 34.578527 ], [ -99.923211, 34.574552 ], [ -99.921801, 34.570253 ], [ -99.89376, 34.554219 ], [ -99.876957, 34.540098 ], [ -99.853053, 34.511585 ], [ -99.832904, 34.500068 ], [ -99.821839, 34.497848 ], [ -99.816803, 34.490199 ], [ -99.818739, 34.484976 ], [ -99.814313, 34.476204 ], [ -99.793684, 34.453894 ], [ -99.786081, 34.451099 ], [ -99.782986, 34.444364 ], [ -99.775743, 34.444225 ], [ -99.765599, 34.437488 ], [ -99.767234, 34.430502 ], [ -99.754248, 34.421289 ], [ -99.720259, 34.406295 ], [ -99.715089, 34.400754 ], [ -99.712682, 34.390928 ], [ -99.694528, 34.378218 ], [ -99.678283, 34.379799 ], [ -99.662705, 34.37368 ], [ -99.646511, 34.382541 ], [ -99.624197, 34.373577 ], [ -99.607263, 34.376928 ], [ -99.600026, 34.374688 ], [ -99.585442, 34.388914 ], [ -99.58448, 34.407673 ], [ -99.58006, 34.416653 ], [ -99.569696, 34.418418 ], [ -99.549242, 34.412715 ], [ -99.51428, 34.414035 ], [ -99.506903, 34.40952 ], [ -99.498999, 34.409173 ], [ -99.487219, 34.397955 ], [ -99.466383, 34.3959 ], [ -99.462462, 34.391137 ], [ -99.461053, 34.380666 ], [ -99.455085, 34.381264 ], [ -99.453787, 34.388663 ], [ -99.438269, 34.371164 ], [ -99.431043, 34.371117 ], [ -99.43001, 34.381019 ], [ -99.424897, 34.385823 ], [ -99.410195, 34.373402 ], [ -99.405286, 34.372858 ], [ -99.397355, 34.377868 ], [ -99.395676, 34.39769 ], [ -99.387181, 34.410842 ], [ -99.397164, 34.418607 ], [ -99.397267, 34.423924 ], [ -99.393306, 34.427613 ], [ -99.395187, 34.44203 ], [ -99.378267, 34.458161 ], [ -99.35897, 34.455807 ], [ -99.354848, 34.4518 ], [ -99.356903, 34.442082 ], [ -99.33409, 34.427525 ], [ -99.319602, 34.408879 ], [ -99.294632, 34.415381 ], [ -99.285586, 34.412358 ], [ -99.280045, 34.400655 ], [ -99.272303, 34.400812 ], [ -99.266308, 34.405481 ], [ -99.261275, 34.403508 ], [ -99.261822, 34.395036 ], [ -99.258917, 34.391255 ], [ -99.273894, 34.387577 ], [ -99.274415, 34.384349 ], [ -99.259767, 34.3776 ], [ -99.258606, 34.37265 ], [ -99.248884, 34.375995 ], [ -99.242855, 34.372676 ], [ -99.247942, 34.368487 ], [ -99.246393, 34.364397 ], [ -99.236494, 34.365805 ], [ -99.234135, 34.353464 ], [ -99.227977, 34.349464 ], [ -99.234046, 34.342173 ], [ -99.232632, 34.338872 ], [ -99.227117, 34.337767 ], [ -99.217203, 34.341508 ], [ -99.206905, 34.338277 ], [ -99.21082, 34.336826 ], [ -99.209574, 34.324925 ], [ -99.205628, 34.319201 ], [ -99.213302, 34.310673 ], [ -99.209695, 34.298904 ], [ -99.211448, 34.292247 ], [ -99.207352, 34.283525 ], [ -99.195403, 34.280849 ], [ -99.194459, 34.271881 ], [ -99.199254, 34.260791 ], [ -99.191573, 34.258479 ], [ -99.196912, 34.244382 ], [ -99.189986, 34.229756 ], [ -99.192769, 34.21787 ], [ -99.188311, 34.213899 ], [ -99.153653, 34.207328 ], [ -99.138076, 34.219233 ], [ -99.130443, 34.219478 ], [ -99.126495, 34.215396 ], [ -99.131986, 34.207436 ], [ -99.12664, 34.203064 ], [ -99.119254, 34.201809 ], [ -99.111807, 34.20598 ], [ -99.108201, 34.203547 ], [ -99.096211, 34.211705 ], [ -99.088923, 34.208475 ], [ -99.079392, 34.21155 ], [ -99.063105, 34.206851 ], [ -99.057976, 34.20061 ], [ -99.044463, 34.198106 ], [ -99.03615, 34.206901 ], [ -99.024465, 34.203984 ], [ -99.017271, 34.206314 ], [ -99.012957, 34.203194 ], [ -99.002242, 34.209374 ], [ -99.004695, 34.214145 ], [ -99.000592, 34.217672 ], [ -98.988172, 34.22131 ], [ -98.980917, 34.217059 ], [ -98.972609, 34.202591 ], [ -98.966626, 34.201101 ], [ -98.962931, 34.203833 ], [ -98.959984, 34.213272 ], [ -98.951284, 34.212189 ], [ -98.918333, 34.181831 ], [ -98.887112, 34.16826 ], [ -98.872922, 34.166584 ], [ -98.871211, 34.163012 ], [ -98.874872, 34.155657 ], [ -98.868116, 34.149635 ], [ -98.860125, 34.149913 ], [ -98.855585, 34.161621 ], [ -98.837066, 34.156495 ], [ -98.831115, 34.162154 ], [ -98.812954, 34.158444 ], [ -98.804413, 34.153931 ], [ -98.796203, 34.142775 ], [ -98.788405, 34.146668 ], [ -98.778076, 34.139495 ], [ -98.76557, 34.136376 ], [ -98.757037, 34.124633 ], [ -98.741966, 34.12553 ], [ -98.734287, 34.135758 ], [ -98.717537, 34.13645 ], [ -98.712467, 34.13116 ], [ -98.703047, 34.135903 ], [ -98.690072, 34.133155 ], [ -98.648073, 34.164441 ], [ -98.616733, 34.156418 ], [ -98.599789, 34.160571 ], [ -98.577136, 34.148962 ], [ -98.560191, 34.133202 ], [ -98.55088, 34.132583 ], [ -98.551845, 34.127131 ], [ -98.558593, 34.128254 ], [ -98.560977, 34.123922 ], [ -98.536257, 34.107347 ], [ -98.5282, 34.094961 ], [ -98.504149, 34.072287 ], [ -98.494613, 34.07009 ], [ -98.486999, 34.06288 ], [ -98.471465, 34.065665 ], [ -98.465133, 34.073729 ], [ -98.449034, 34.073462 ], [ -98.440092, 34.084311 ], [ -98.42848, 34.085523 ] ] ] } },
{ "type": "Feature", "properties": { "STUSPS": "HI", "NAME": "Hawaii", "region_name": "West", "division_name": "Pacific" }, "geometry": { "type": "MultiPolygon", "coordinates": [ [ [ [ -178.443593, 28.418986 ], [ -178.438336, 28.444088 ], [ -178.427578, 28.466102 ], [ -178.395769, 28.5 ], [ -178.386433, 28.5 ], [ -178.375, 28.510084 ], [ -178.360627, 28.513819 ], [ -178.34054, 28.517269 ], [ -178.315121, 28.516334 ], [ -178.281065, 28.5 ], [ -178.288827, 28.5 ], [ -178.257041, 28.476535 ], [ -178.238469, 28.45615 ], [ -178.232223, 28.427335 ], [ -178.230504, 28.397701 ], [ -178.237071, 28.375 ], [ -178.233018, 28.375 ], [ -178.25, 28.347151 ], [ -178.25, 28.349421 ], [ -178.270263, 28.335888 ], [ -178.288895, 28.32881 ], [ -178.375, 28.33754 ], [ -178.375, 28.335357 ], [ -178.39561, 28.341901 ], [ -178.411478, 28.360661 ], [ -178.415882, 28.380086 ], [ -178.440486, 28.405172 ], [ -178.443593, 28.418986 ] ] ], [ [ [ -161.987561262985565, 23.069920150768645 ], [ -161.982530262894471, 23.091271156198275 ], [ -161.96545525986366, 23.104983160234887 ], [ -161.944668255719392, 23.111893162752338 ], [ -161.919446250398011, 23.113984164264274 ], [ -161.887581243384261, 23.110380164642269 ], [ -161.875006240277543, 23.101633162995178 ], [ -161.875006240088624, 23.097543161992469 ], [ -161.863008236939436, 23.085179159435299 ], [ -161.858065234753468, 23.060802153654265 ], [ -161.863348234774293, 23.036598147512954 ], [ -161.875006236480004, 23.019238142798834 ], [ -161.894225240156175, 23.009426139637132 ], [ -161.931903248055846, 23.005309137142827 ], [ -161.955177253228811, 23.009165137168676 ], [ -161.976067258468106, 23.025560140358621 ], [ -161.985451261200922, 23.041127143799944 ], [ -161.987561262985565, 23.069920150768645 ] ] ], [ [ [ -164.76481, 23.581721 ], [ -164.758092, 23.598952 ], [ -164.74006, 23.614394 ], [ -164.72463, 23.62107 ], [ -164.688894, 23.623425 ], [ -164.668763, 23.616624 ], [ -164.654083, 23.607069 ], [ -164.644609, 23.59454 ], [ -164.640019, 23.576111 ], [ -164.645348, 23.551514 ], [ -164.654024, 23.535221 ], [ -164.673322, 23.521085 ], [ -164.685218, 23.517149 ], [ -164.7013, 23.517002 ], [ -164.723041, 23.521757 ], [ -164.75, 23.536146 ], [ -164.75, 23.541069 ], [ -164.76261, 23.558509 ], [ -164.76481, 23.581721 ] ] ], [ [ [ -166.386532, 23.846363 ], [ -166.380463, 23.883978 ], [ -166.351371, 23.902858 ], [ -166.330052, 23.908292 ], [ -166.324743, 23.917954 ], [ -166.307072, 23.924883 ], [ -166.288366, 23.928977 ], [ -166.28801, 23.924172 ], [ -166.25, 23.92886 ], [ -166.25, 23.93243 ], [ -166.204276, 23.917214 ], [ -166.182347, 23.902325 ], [ -166.170447, 23.888452 ], [ -166.165936, 23.875 ], [ -166.168303, 23.875 ], [ -166.164839, 23.851018 ], [ -166.169739, 23.837422 ], [ -166.164856, 23.835407 ], [ -166.153478, 23.818941 ], [ -166.148171, 23.785479 ], [ -166.142592, 23.784371 ], [ -166.125, 23.766114 ], [ -166.125, 23.772907 ], [ -166.118499, 23.766669 ], [ -166.116662, 23.754222 ], [ -166.10678, 23.742522 ], [ -166.105881, 23.713536 ], [ -166.113494, 23.697148 ], [ -166.125, 23.686096 ], [ -166.125, 23.690139 ], [ -166.132954, 23.684703 ], [ -166.125, 23.670732 ], [ -166.11769, 23.664596 ], [ -166.113842, 23.652336 ], [ -166.113135, 23.636982 ], [ -166.117136, 23.625 ], [ -166.110682, 23.625 ], [ -166.116781, 23.611254 ], [ -166.125, 23.607113 ], [ -166.125, 23.609281 ], [ -166.151155, 23.590464 ], [ -166.172218, 23.58709 ], [ -166.194409, 23.589531 ], [ -166.211058, 23.59981 ], [ -166.224238, 23.614791 ], [ -166.228861, 23.625 ], [ -166.22484, 23.625 ], [ -166.232285, 23.64158 ], [ -166.223964, 23.672533 ], [ -166.205415, 23.691601 ], [ -166.222827, 23.704878 ], [ -166.226782, 23.727444 ], [ -166.25, 23.718171 ], [ -166.25, 23.713898 ], [ -166.265589, 23.71314 ], [ -166.28599, 23.71812 ], [ -166.302607, 23.728666 ], [ -166.315823, 23.74012 ], [ -166.323742, 23.770974 ], [ -166.313574, 23.803736 ], [ -166.322572, 23.799052 ], [ -166.336822, 23.79964 ], [ -166.356342, 23.805945 ], [ -166.369229, 23.815536 ], [ -166.375, 23.824624 ], [ -166.375, 23.821641 ], [ -166.378839, 23.823635 ], [ -166.384476, 23.831992 ], [ -166.386532, 23.846363 ] ] ], [ [ [ -168.058215, 25.0 ], [ -168.050607, 25.025868 ], [ -168.042052, 25.035432 ], [ -168.02699, 25.044802 ], [ -168.0, 25.05224 ], [ -167.972527, 25.041224 ], [ -167.952449, 25.023538 ], [ -167.944593, 25.0 ], [ -167.944204, 24.989807 ], [ -167.953685, 24.964386 ], [ -167.966767, 24.954887 ], [ -167.983537, 24.949265 ], [ -168.0, 24.948107 ], [ -168.0, 24.950705 ], [ -168.037751, 24.959715 ], [ -168.058387, 24.987885 ], [ -168.058215, 25.0 ] ] ], [ [ [ -170.684631, 25.506313 ], [ -170.680847, 25.524981 ], [ -170.669373, 25.541445 ], [ -170.650482, 25.553217 ], [ -170.630829, 25.557131 ], [ -170.608658, 25.553637 ], [ -170.588516, 25.541218 ], [ -170.577347, 25.525433 ], [ -170.573151, 25.505116 ], [ -170.578171, 25.485119 ], [ -170.591644, 25.468615 ], [ -170.608658, 25.459164 ], [ -170.62973, 25.455732 ], [ -170.649551, 25.459358 ], [ -170.668228, 25.470654 ], [ -170.679565, 25.48554 ], [ -170.684631, 25.506313 ] ] ], [ [ [ -171.809629, 25.78135 ], [ -171.800148, 25.805822 ], [ -171.786978, 25.822301 ], [ -171.76812, 25.833681 ], [ -171.75, 25.837944 ], [ -171.75, 25.833467 ], [ -171.710623, 25.833211 ], [ -171.688276, 25.823768 ], [ -171.676628, 25.810907 ], [ -171.669362, 25.793908 ], [ -171.667922, 25.781217 ], [ -171.67768, 25.75 ], [ -171.674071, 25.75 ], [ -171.68686, 25.727879 ], [ -171.699845, 25.716858 ], [ -171.718432, 25.709495 ], [ -171.737491, 25.706533 ], [ -171.77015, 25.718199 ], [ -171.797027, 25.740539 ], [ -171.809629, 25.78135 ] ] ], [ [ [ -174.067374, 26.059614 ], [ -174.052469, 26.112987 ], [ -174.031114, 26.12907 ], [ -174.007114, 26.137053 ], [ -173.981428, 26.133224 ], [ -173.957916, 26.13569 ], [ -173.929088, 26.120139 ], [ -173.91857, 26.109741 ], [ -173.913424, 26.099399 ], [ -173.903358, 26.060056 ], [ -173.913145, 26.035998 ], [ -173.925968, 26.019627 ], [ -173.94276, 26.010714 ], [ -173.964922, 26.006639 ], [ -174.0, 25.992878 ], [ -174.0, 25.990212 ], [ -174.027205, 25.993278 ], [ -174.046093, 26.002306 ], [ -174.059183, 26.020719 ], [ -174.065944, 26.039428 ], [ -174.067374, 26.059614 ] ] ], [ [ [ -176.043354, 27.795897 ], [ -176.025016, 27.821579 ], [ -176.0, 27.835344 ], [ -176.0, 27.83053 ], [ -175.990685, 27.832582 ], [ -175.974562, 27.830245 ], [ -175.924304, 27.81371 ], [ -175.921028, 27.821439 ], [ -175.955759, 27.833055 ], [ -175.978157, 27.847977 ], [ -175.988874, 27.861904 ], [ -175.990656, 27.875 ], [ -175.993754, 27.875 ], [ -175.992144, 27.889499 ], [ -175.981439, 27.913218 ], [ -175.966335, 27.929911 ], [ -175.93565, 27.940581 ], [ -175.875, 27.975913 ], [ -175.875, 27.973301 ], [ -175.810052, 28.005942 ], [ -175.769684, 28.007475 ], [ -175.734928, 28.0 ], [ -175.704354, 27.982737 ], [ -175.681533, 27.958559 ], [ -175.670128, 27.941601 ], [ -175.66479, 27.914418 ], [ -175.665594, 27.875 ], [ -175.676624, 27.846765 ], [ -175.726159, 27.75 ], [ -175.734134, 27.738855 ], [ -175.746115, 27.732717 ], [ -175.802939, 27.723485 ], [ -175.817525, 27.722972 ], [ -175.84505, 27.728457 ], [ -175.875, 27.708412 ], [ -175.895192, 27.699213 ], [ -175.939488, 27.688231 ], [ -175.969598, 27.693402 ], [ -176.0, 27.709306 ], [ -176.0, 27.716093 ], [ -176.029292, 27.742683 ], [ -176.039627, 27.758242 ], [ -176.043354, 27.795897 ] ] ], [ [ [ -158.344655411274033, 21.583172914895535 ], [ -158.335053409967713, 21.604568920530724 ], [ -158.324252408016235, 21.615670923644338 ], [ -158.311950405549965, 21.621775925563508 ], [ -158.247242391724541, 21.631081929980979 ], [ -158.199609381413609, 21.634469932368159 ], [ -158.175010375931208, 21.632004932550217 ], [ -158.148851370566376, 21.641994935884387 ], [ -158.134158367936095, 21.657984940343034 ], [ -158.122248365609352, 21.665693942648844 ], [ -158.120234364857311, 21.65730094062253 ], [ -158.095548361132472, 21.702990952807379 ], [ -158.071949356553347, 21.719186957607931 ], [ -158.050149352534106, 21.739876963471687 ], [ -158.030949348437019, 21.743079964890978 ], [ -157.991753340564088, 21.762960971116044 ], [ -157.978323337614853, 21.762992971557466 ], [ -157.941790329276728, 21.754574970634593 ], [ -157.924218325004887, 21.74344696842315 ], [ -157.881451314198785, 21.70517896024608 ], [ -157.860216308079572, 21.665539951033459 ], [ -157.844154302952489, 21.621799940631469 ], [ -157.837254301141201, 21.613698938830034 ], [ -157.802054292548263, 21.590094934060385 ], [ -157.780956286262494, 21.544602923378356 ], [ -157.761936281424852, 21.52638491943496 ], [ -157.747256277799352, 21.515302917134008 ], [ -157.727729273670519, 21.519779918868352 ], [ -157.702618268113469, 21.518704919392945 ], [ -157.67778226204797, 21.501848915968672 ], [ -157.660954258167152, 21.496784915234464 ], [ -157.650554255460975, 21.485085912641196 ], [ -157.64075425250374, 21.462690907358798 ], [ -157.652156254164652, 21.439102901113436 ], [ -157.638556250414524, 21.417804896224563 ], [ -157.628457246725702, 21.376611886261006 ], [ -157.622257245224688, 21.372710885481382 ], [ -157.602304239731836, 21.341516878320398 ], [ -157.597293237536007, 21.310657870776925 ], [ -157.600927237351243, 21.2829148637427 ], [ -157.60769823835011, 21.269129860093628 ], [ -157.616136239894587, 21.260424857660144 ], [ -157.64586824571802, 21.240568851784193 ], [ -157.65348124698329, 21.229109848690427 ], [ -157.675782251334368, 21.213796844179598 ], [ -157.689383254154421, 21.209179842605749 ], [ -157.719706260815286, 21.209480841736827 ], [ -157.730914263378196, 21.212450842127698 ], [ -157.745316266862972, 21.221666843975065 ], [ -157.771412272092988, 21.207828839712928 ], [ -157.8102342802961, 21.19923383635944 ], [ -157.829098284490016, 21.200936836193762 ], [ -157.859072291490975, 21.213130838291935 ], [ -157.881334297303283, 21.239345844121384 ], [ -157.898661301477574, 21.249934846213673 ], [ -157.931460308604329, 21.2483348447835 ], [ -157.96356031597071, 21.257733846111865 ], [ -157.983360320033057, 21.250134843595973 ], [ -158.025660329227321, 21.248334841812436 ], [ -158.039053331974714, 21.243231840119481 ], [ -158.072484339241925, 21.241918838735362 ], [ -158.091591343275269, 21.237858837120555 ], [ -158.110082347290927, 21.237066836337732 ], [ -158.134765352880635, 21.242386836877841 ], [ -158.149259356387518, 21.251732838741539 ], [ -158.164359360434474, 21.272330843383141 ], [ -158.183258367239716, 21.345930861083573 ], [ -158.188758368719419, 21.353529862797799 ], [ -158.217757375463179, 21.364527864605353 ], [ -158.228857378296055, 21.375626867009963 ], [ -158.235557380265817, 21.389426870227048 ], [ -158.240057382058779, 21.411526875578929 ], [ -158.257649386419899, 21.425525878495296 ], [ -158.285940394064482, 21.465159887441555 ], [ -158.290270395409237, 21.475957889987491 ], [ -158.29016939615596, 21.496817895179287 ], [ -158.301358398603725, 21.496813894816814 ], [ -158.298658399043092, 21.52471390184413 ], [ -158.328657406394456, 21.545995906166656 ], [ -158.335057408090961, 21.553989907947603 ], [ -158.344056410645635, 21.569778911583068 ], [ -158.344655411274033, 21.583172914895535 ] ] ], [ [ [ -156.871200074944369, 21.231882873307836 ], [ -156.853519070728908, 21.22270087154012 ], [ -156.840874067955127, 21.223190872042561 ], [ -156.801527059636101, 21.23391387590878 ], [ -156.771068052875052, 21.232856876556706 ], [ -156.722081041825192, 21.22605787631829 ], [ -156.686512033440607, 21.210509873483279 ], [ -156.675833030806672, 21.202397871768436 ], [ -156.659570026520612, 21.181902867115983 ], [ -156.650530022916655, 21.134272855448756 ], [ -156.657713023850448, 21.114898850381618 ], [ -156.672591026489584, 21.095712845134347 ], [ -156.693998030948222, 21.087787842514832 ], [ -156.708061033527343, 21.072204838195368 ], [ -156.750005041825801, 21.043825829846266 ], [ -156.750005041932212, 21.046986830637547 ], [ -156.785295048958687, 21.024535823971021 ], [ -156.801618052470815, 21.021964822842989 ], [ -156.829994058061288, 21.002254817068664 ], [ -156.875005067903004, 20.999995815165033 ], [ -156.875005067690267, 20.993691813588416 ], [ -156.877928068323001, 20.993359813418397 ], [ -156.914540076529988, 20.997579813383084 ], [ -156.935364081427139, 21.006771815060159 ], [ -156.963136087749234, 21.012865815754019 ], [ -156.973899090422805, 21.021816817669798 ], [ -157.000005096425269, 21.029312818761888 ], [ -157.010560098958678, 21.035477819986497 ], [ -157.038726105262299, 21.038515819900553 ], [ -157.050242107939681, 21.042699820600269 ], [ -157.072154113270585, 21.057592823663189 ], [ -157.077561114486571, 21.058353823690585 ], [ -157.102762120018639, 21.057953822831475 ], [ -157.12500512472559, 21.052491820796178 ], [ -157.129549125590358, 21.048550819674578 ], [ -157.231443147809756, 21.043094815232315 ], [ -157.321249167805746, 21.050671814398054 ], [ -157.349129174675539, 21.072235818930526 ], [ -157.363790178592893, 21.092353823503707 ], [ -157.366554179498166, 21.100951825564973 ], [ -157.363489179659126, 21.124995831659348 ], [ -157.365669180138184, 21.124995831592695 ], [ -157.349897177787, 21.157080840084046 ], [ -157.328820174222614, 21.18781484840278 ], [ -157.311680171021152, 21.204123853000407 ], [ -157.314473172551885, 21.230428859485116 ], [ -157.310526172175031, 21.244517863125512 ], [ -157.292301168902014, 21.265630868959185 ], [ -157.272191164857759, 21.276559872306802 ], [ -157.250005160106241, 21.280342873932184 ], [ -157.23126415581703, 21.275655873334536 ], [ -157.214247152173158, 21.278608874593349 ], [ -157.183948145252373, 21.271461873732591 ], [ -157.158997139286015, 21.257891871101055 ], [ -157.13520913395152, 21.255156871141974 ], [ -157.125005131772383, 21.257139871948521 ], [ -157.057401116428338, 21.244182870762089 ], [ -157.030168110417804, 21.2439458715284 ], [ -157.009091106529638, 21.265943877671337 ], [ -156.990348102658118, 21.273529880137627 ], [ -156.971294098484435, 21.274360880922476 ], [ -156.952172094093157, 21.269323880240009 ], [ -156.927405088191335, 21.256573877796338 ], [ -156.910284083487966, 21.229566871551622 ], [ -156.893953080037164, 21.234001873153726 ], [ -156.871200074944369, 21.231882873307836 ] ] ], [ [ [ -157.117245117542353, 20.891688780871554 ], [ -157.111232117562082, 20.931225790922745 ], [ -157.099935115668501, 20.948598795599757 ], [ -157.088840113561531, 20.958392798378473 ], [ -157.049495105608372, 20.979030804713208 ], [ -157.03527310262416, 20.983297806205378 ], [ -156.989827092682361, 20.985053808004078 ], [ -156.905105073720364, 20.97591880824811 ], [ -156.868479065264438, 20.964374806450863 ], [ -156.823334054191832, 20.930803799394496 ], [ -156.790955045858709, 20.894949791385113 ], [ -156.757464037007679, 20.850766781322665 ], [ -156.750005034564566, 20.826708775525859 ], [ -156.750005033929995, 20.807600770748035 ], [ -156.78230703913124, 20.749995755400974 ], [ -156.795368041517037, 20.735246751332443 ], [ -156.81699804576408, 20.719788746836198 ], [ -156.84542005174697, 20.711672743975257 ], [ -156.87500505756617, 20.690960737934311 ], [ -156.887819060312808, 20.688834737027275 ], [ -156.910595065467874, 20.693307737474939 ], [ -156.935904070994212, 20.69221773645841 ], [ -156.962844076689208, 20.685454733977142 ], [ -156.973812079143045, 20.6867797339847 ], [ -157.000005085234079, 20.69689073573555 ], [ -157.027283092289252, 20.728726742874169 ], [ -157.045188097620724, 20.770462752759649 ], [ -157.047613098811098, 20.790051757576979 ], [ -157.043954098678142, 20.810021762670647 ], [ -157.048074099937452, 20.820540765174094 ], [ -157.075212106128788, 20.82729476605223 ], [ -157.095187111188039, 20.847149770412731 ], [ -157.112683115974335, 20.87499577684094 ], [ -157.117245117542353, 20.891688780871554 ] ] ], [ [ [ -156.46755097761087, 20.987945824165866 ], [ -156.451094973340247, 20.968753819836255 ], [ -156.404912963315553, 20.974176822541786 ], [ -156.377606957796701, 20.989818827258681 ], [ -156.354790952883945, 20.993796828920104 ], [ -156.339222949784414, 21.004190831979699 ], [ -156.320483945707451, 21.006225833034833 ], [ -156.294492939787432, 21.001021832484014 ], [ -156.268582934145343, 21.003746833919102 ], [ -156.237587926826848, 20.989710831294591 ], [ -156.21434592146673, 20.983083830303414 ], [ -156.195300916873038, 20.97149782794552 ], [ -156.136362902067049, 20.917432816072399 ], [ -156.125004899474419, 20.915004815788887 ], [ -156.095929892502852, 20.898476812473415 ], [ -156.081698888778021, 20.88072380842431 ], [ -156.049627881349807, 20.870539806783672 ], [ -156.032293877167689, 20.859853804595225 ], [ -156.000004869769782, 20.852118803572363 ], [ -156.000004870506586, 20.874995809316594 ], [ -155.958995861423944, 20.874995810482972 ], [ -155.939130855790324, 20.83658680140033 ], [ -155.926789851301663, 20.781730787974574 ], [ -155.928105849776983, 20.724787773641953 ], [ -155.949650853019023, 20.676827760998712 ], [ -155.969598856646599, 20.652119754238171 ], [ -156.000004862539782, 20.625971746823733 ], [ -156.00000486272674, 20.631857748299925 ], [ -156.00602186371205, 20.620995745406447 ], [ -156.025919867642301, 20.60625574115015 ], [ -156.05427087362159, 20.59724973809374 ], [ -156.073275877857498, 20.598404737847535 ], [ -156.135274890642137, 20.569838728938883 ], [ -156.177169899975496, 20.572472728414276 ], [ -156.195612904195741, 20.577146729062829 ], [ -156.250004915341265, 20.550332720806033 ], [ -156.250004915462625, 20.554127721756203 ], [ -156.290476923838042, 20.536890716292337 ], [ -156.351103937125288, 20.534403713945981 ], [ -156.375004942219221, 20.52898071190835 ], [ -156.375004942297664, 20.531423712519551 ], [ -156.420499952489507, 20.536604712517583 ], [ -156.437388956446341, 20.543924713865817 ], [ -156.459872961842848, 20.557661716658128 ], [ -156.484514967963747, 20.57907872130804 ], [ -156.488381968151259, 20.558541716061136 ], [ -156.480592965872404, 20.54110571192432 ], [ -156.479555965271658, 20.529568709069196 ], [ -156.483360965580545, 20.513162704858317 ], [ -156.489371966479752, 20.49999570139456 ], [ -156.512204970693801, 20.474775694437536 ], [ -156.533460974991783, 20.462975690880643 ], [ -156.54607397769837, 20.460840689986231 ], [ -156.563897981684079, 20.462827689972308 ], [ -156.583928985940162, 20.45816268823285 ], [ -156.601310989854397, 20.460977688437541 ], [ -156.70512001245686, 20.454137683744662 ], [ -156.750005022326405, 20.454330682498252 ], [ -156.750004023812039, 20.499983693893871 ], [ -156.744269022551919, 20.499994694062526 ], [ -156.75517702560677, 20.520153698779598 ], [ -156.75574702622572, 20.535271702537592 ], [ -156.75001302565741, 20.556451707992451 ], [ -156.750005025569806, 20.553826707337191 ], [ -156.73365002288989, 20.581839714807661 ], [ -156.704447017210953, 20.604586721337348 ], [ -156.691120014507135, 20.611562723466939 ], [ -156.674234010916109, 20.615370724908157 ], [ -156.625005001051846, 20.645091733763355 ], [ -156.597738995465562, 20.65787473774898 ], [ -156.549629984873405, 20.658025739178061 ], [ -156.531663981606016, 20.679215744997535 ], [ -156.495732974089805, 20.691575749127612 ], [ -156.511874979078755, 20.735381759623149 ], [ -156.546824986688563, 20.732481757885147 ], [ -156.577592993823117, 20.743253759687612 ], [ -156.586936996103759, 20.749995761102873 ], [ -156.625005004492266, 20.749995759995691 ], [ -156.625005004922798, 20.763077763267958 ], [ -156.640090008313251, 20.765101763334691 ], [ -156.659864013108859, 20.778414766087735 ], [ -156.72862003068434, 20.851694782402657 ], [ -156.737536033188377, 20.867913786197246 ], [ -156.739424034300299, 20.888803791367 ], [ -156.750005037176237, 20.905120795136977 ], [ -156.752360038330153, 20.924127799822358 ], [ -156.750005039037063, 20.960768809059374 ], [ -156.732171036786696, 21.010928822140063 ], [ -156.708494032648503, 21.043226830926535 ], [ -156.690901029110904, 21.053474834013439 ], [ -156.670429025372613, 21.076688840433235 ], [ -156.655952022349311, 21.081821842147463 ], [ -156.633588017462557, 21.083336843188491 ], [ -156.618139014291359, 21.090493845438299 ], [ -156.591036008369571, 21.092406846718227 ], [ -156.559518001070074, 21.082333845123443 ], [ -156.490732984308806, 21.03543083538926 ], [ -156.475387980379111, 21.019203831771332 ], [ -156.468149978142606, 20.999995827168551 ], [ -156.470304978618714, 20.99999582710554 ], [ -156.46755097761087, 20.987945824165866 ] ] ], [ [ [ -159.272859631373905, 22.036562996470177 ], [ -159.283716633025648, 22.018496991617663 ], [ -159.279892631508147, 22.001176987455143 ], [ -159.281591631112178, 21.981763982584436 ], [ -159.279227629947854, 21.965291978582517 ], [ -159.284359630094599, 21.940632972294967 ], [ -159.307983633981223, 21.908668963565475 ], [ -159.339760640023684, 21.886439956970786 ], [ -159.342336640338402, 21.880186955333851 ], [ -159.357784643129662, 21.865687951214188 ], [ -159.403905651952329, 21.834948942024315 ], [ -159.432858657688968, 21.820766937522283 ], [ -159.449530661181257, 21.817431936125505 ], [ -159.476667667327291, 21.823763936761065 ], [ -159.500005672783971, 21.833560938382941 ], [ -159.537659680991453, 21.834273937263827 ], [ -159.587912692346805, 21.845465938299242 ], [ -159.612410697562353, 21.842868936811303 ], [ -159.631264701806089, 21.846683937102885 ], [ -159.672946711977318, 21.874995942658156 ], [ -159.687893715856319, 21.890948946082741 ], [ -159.711719721689121, 21.907552949358845 ], [ -159.735849727109041, 21.912161949658444 ], [ -159.762080733417349, 21.927591952557552 ], [ -159.77527573639432, 21.930450952803788 ], [ -159.79360674074448, 21.939775954467883 ], [ -159.808610744525794, 21.952897957185538 ], [ -159.838589752924463, 21.999995967771948 ], [ -159.843614754014425, 21.999995967595673 ], [ -159.850964756704968, 22.027142974044953 ], [ -159.847128756913037, 22.052865980536016 ], [ -159.848129758069916, 22.076068986235043 ], [ -159.83772875654833, 22.094221991088066 ], [ -159.804899750668852, 22.124995999852437 ], [ -159.801117749847549, 22.124995999985629 ], [ -159.794011748694572, 22.13461800261528 ], [ -159.788831748604025, 22.160101009100174 ], [ -159.7728057459735, 22.181056014848618 ], [ -159.750005741765705, 22.199445020202226 ], [ -159.707997733190211, 22.213177025081041 ], [ -159.677257727069673, 22.227104029611148 ], [ -159.653459722600672, 22.244562034771626 ], [ -159.640007719893759, 22.249996036590773 ], [ -159.612957714908305, 22.27223104305012 ], [ -159.596394711535794, 22.277995045060788 ], [ -159.574888707052992, 22.282946047043716 ], [ -159.547447701080443, 22.283072048038996 ], [ -159.524659695808367, 22.275490046959462 ], [ -159.506831692206219, 22.282474049315812 ], [ -159.484048687379726, 22.285912050966601 ], [ -159.439775677564086, 22.281861051511633 ], [ -159.432760675879848, 22.278031050807027 ], [ -159.412418671879919, 22.288842054199328 ], [ -159.402925669875032, 22.290469054934562 ], [ -159.379794664539986, 22.283291053961356 ], [ -159.355692658732835, 22.269650051417283 ], [ -159.334257653928034, 22.266466051373612 ], [ -159.308803647712637, 22.249996048171742 ], [ -159.265522636423924, 22.203911038236249 ], [ -159.250005631915656, 22.175771031789665 ], [ -159.245784630637559, 22.166804029710278 ], [ -159.242618627763306, 22.111862016187107 ], [ -159.250005628275147, 22.084142009056198 ], [ -159.259017629795977, 22.072929005964784 ], [ -159.272859631373905, 22.036562996470177 ] ] ], [ [ [ -160.304365847793235, 21.853790915284396 ], [ -160.279952845245646, 21.920633932610865 ], [ -160.26473084257978, 21.935887936909282 ], [ -160.242666838137524, 21.943864939658535 ], [ -160.222727834672042, 21.964548945463793 ], [ -160.199505830333976, 21.98127395041104 ], [ -160.174016825237686, 21.991474953831105 ], [ -160.151438823174743, 22.060510971658555 ], [ -160.140421821314334, 22.073317975209875 ], [ -160.125007818296979, 22.081130977685934 ], [ -160.10031281300482, 22.082492978900252 ], [ -160.075154807330534, 22.076989978435972 ], [ -160.056727802985421, 22.068340976955227 ], [ -160.042222799075915, 22.04953397282738 ], [ -160.018293793096802, 22.030005968854184 ], [ -159.99721078700631, 21.992505960342722 ], [ -159.995630786243623, 21.982136957839199 ], [ -160.000004786622213, 21.968097954220188 ], [ -160.02750779108419, 21.931209944149259 ], [ -160.022428789190656, 21.911570939483209 ], [ -160.022913788685088, 21.896454935737374 ], [ -160.031037789349995, 21.869359928768962 ], [ -160.059413794530485, 21.845589921910658 ], [ -160.092987801157989, 21.82988791685997 ], [ -160.122020807235515, 21.824955914623406 ], [ -160.141944810495232, 21.799021907532392 ], [ -160.15528081168938, 21.75715089674943 ], [ -160.170315814228104, 21.739546891885954 ], [ -160.177327815581407, 21.735549890655466 ], [ -160.197997819813622, 21.729822888519273 ], [ -160.218306824156031, 21.728792887551858 ], [ -160.26578383510315, 21.746175890159051 ], [ -160.278216838254764, 21.757776892575727 ], [ -160.298531843963048, 21.790495899910773 ], [ -160.303826846285688, 21.819573906880432 ], [ -160.304365847793235, 21.853790915284396 ] ] ], [ [ [ -160.600880903720963, 21.658158856661601 ], [ -160.591874902911286, 21.685853863781411 ], [ -160.578270900570971, 21.700245867799545 ], [ -160.550314895036479, 21.712059871695711 ], [ -160.531745891037019, 21.711993872339736 ], [ -160.508796885740452, 21.703233871002812 ], [ -160.494150882071381, 21.690532868401931 ], [ -160.483201878686003, 21.665181862561461 ], [ -160.48291287761657, 21.640306856460739 ], [ -160.484929877731844, 21.632425854453484 ], [ -160.496248879618634, 21.618848850718486 ], [ -160.520371884245691, 21.604925846446374 ], [ -160.546221889621876, 21.600379844415745 ], [ -160.570733895147413, 21.60665984508946 ], [ -160.590753900195722, 21.62499584888052 ], [ -160.600370903249569, 21.649264854496391 ], [ -160.600880903720963, 21.658158856661601 ] ] ], [ [ [ -155.033319623484886, 19.793416564046762 ], [ -154.994724614812952, 19.788919563915321 ], [ -154.977853610861843, 19.781399562462965 ], [ -154.963847607410145, 19.769184559757718 ], [ -154.948326603423425, 19.749994555340152 ], [ -154.931857598789179, 19.715463547095879 ], [ -154.926138596843373, 19.69165954126834 ], [ -154.928939596948055, 19.673600536664857 ], [ -154.91145559274932, 19.66203153420885 ], [ -154.884295585686516, 19.624995525608313 ], [ -154.886788586238168, 19.624995525544811 ], [ -154.875004583380075, 19.616162523628471 ], [ -154.822225571053224, 19.593305519233457 ], [ -154.811509568379165, 19.582589516815776 ], [ -154.797552565094861, 19.575663515430975 ], [ -154.778298560389317, 19.559890511959271 ], [ -154.759337555534529, 19.536457506556935 ], [ -154.755842554321561, 19.520779502710603 ], [ -154.757878554190228, 19.499995497444097 ], [ -154.775755556946621, 19.457108486235459 ], [ -154.786136558775439, 19.440371481776758 ], [ -154.810315563443538, 19.416052475071009 ], [ -154.847917570893287, 19.385147466378726 ], [ -154.889032579287203, 19.360387459140266 ], [ -154.939667589142715, 19.312829445953753 ], [ -155.000004601600665, 19.28203243672451 ], [ -155.00000460166612, 19.284375437311009 ], [ -155.049157612031223, 19.2672464317851 ], [ -155.067535615750842, 19.25531842833691 ], [ -155.079343618320166, 19.254083427729924 ], [ -155.083193619054725, 19.249995426610035 ], [ -155.079035618108918, 19.248961426456301 ], [ -155.10551462353564, 19.234265422111733 ], [ -155.161305635386583, 19.218370416726774 ], [ -155.175621638344865, 19.211381414617204 ], [ -155.196556642909002, 19.209675413660705 ], [ -155.230055650376727, 19.212846413604066 ], [ -155.258019656797444, 19.222166415223146 ], [ -155.26840965900999, 19.219490414290263 ], [ -155.273184659899556, 19.213747412733756 ], [ -155.297860664929175, 19.199448408533556 ], [ -155.301566665548819, 19.192488406700541 ], [ -155.325381670192456, 19.171275400796176 ], [ -155.348159674851843, 19.158768397093311 ], [ -155.39143868396522, 19.144355392392804 ], [ -155.406519686723726, 19.124577387071827 ], [ -155.41883468913835, 19.114188384165335 ], [ -155.439224693301668, 19.102880380824079 ], [ -155.466101698995971, 19.095347378259429 ], [ -155.494882704648887, 19.07158137159723 ], [ -155.501387705774562, 19.060832368750631 ], [ -155.503311705792441, 19.046478365122184 ], [ -155.516558707715745, 19.01147835605849 ], [ -155.537370711653807, 18.989052349938788 ], [ -155.541791712405939, 18.981289347891551 ], [ -155.545355712641651, 18.961845342955471 ], [ -155.557474714784064, 18.943437338060775 ], [ -155.616064726142497, 18.890244323322836 ], [ -155.64904573281882, 18.870498317568345 ], [ -155.678364739102989, 18.865455315567065 ], [ -155.705977745289857, 18.870296316068217 ], [ -155.722899749341735, 18.882518318677786 ], [ -155.739975754053262, 18.916886326793861 ], [ -155.781731763669882, 18.933412329835946 ], [ -155.828237774799049, 18.966537336882283 ], [ -155.85076477981022, 18.969233336972227 ], [ -155.875004785324336, 18.976425338135655 ], [ -155.925935797385137, 19.008149344708908 ], [ -155.940430801361401, 19.036094351284181 ], [ -155.954068804852, 19.053617355288711 ], [ -155.974478811028092, 19.112738369466001 ], [ -155.973886811761929, 19.142565376904056 ], [ -155.95673481057031, 19.230952399357488 ], [ -155.956204811298988, 19.259945406591825 ], [ -155.945108809937949, 19.29667541603305 ], [ -155.943217810914348, 19.344222427929623 ], [ -155.963619816632047, 19.386514437929637 ], [ -155.978109821559059, 19.445804452323451 ], [ -155.99913882677663, 19.466176456842447 ], [ -156.012868830792513, 19.499995464907411 ], [ -156.023001834909735, 19.563627480502955 ], [ -156.030281837219718, 19.58747348625489 ], [ -156.038939839523465, 19.600943489382061 ], [ -156.063214845179289, 19.611818491441937 ], [ -156.078596848951719, 19.624996494314452 ], [ -156.08763285156877, 19.646078499328773 ], [ -156.088824852291282, 19.661403503118958 ], [ -156.115183859565462, 19.710680514697984 ], [ -156.120005861122991, 19.727171518681249 ], [ -156.117924861192193, 19.744566523077538 ], [ -156.109167860023859, 19.769510529539385 ], [ -156.105522860064468, 19.797257536563158 ], [ -156.095676858439447, 19.815008541261694 ], [ -156.079521855377777, 19.831126545724953 ], [ -156.053548850043597, 19.843529549528263 ], [ -156.012395842395563, 19.889748562191691 ], [ -155.986101837001712, 19.902658566132317 ], [ -155.962431831988852, 19.909147568397117 ], [ -155.950385830337154, 19.94207057695365 ], [ -155.938887828396531, 19.961513582127132 ], [ -155.884315818102806, 20.018322597819385 ], [ -155.932279830663703, 20.083440612802018 ], [ -155.937892832536107, 20.104152617830525 ], [ -155.947992835365511, 20.123781622465202 ], [ -155.957723838860289, 20.167609633165661 ], [ -155.960822840473213, 20.197724640617661 ], [ -155.95767184093009, 20.234967650027414 ], [ -155.942385838693355, 20.271623659627405 ], [ -155.917646834104175, 20.299699667342267 ], [ -155.887993827997548, 20.313883671714198 ], [ -155.85163982020228, 20.321404674601354 ], [ -155.829465815257862, 20.319902674835728 ], [ -155.792894806849915, 20.309265673175339 ], [ -155.774822802529314, 20.298640671008123 ], [ -155.755479798166618, 20.295764670817544 ], [ -155.740404794624737, 20.288920669514695 ], [ -155.717972789088606, 20.270075665403702 ], [ -155.702221785347632, 20.261597663708322 ], [ -155.68884978187711, 20.244771659854507 ], [ -155.67773077931156, 20.241234659270674 ], [ -155.658727774627266, 20.22537865581236 ], [ -155.630519768030013, 20.213489653597691 ], [ -155.606403762104662, 20.193943649350416 ], [ -155.582091756346813, 20.181311646840776 ], [ -155.561738751917687, 20.18363864797448 ], [ -155.540754747175129, 20.180244647689854 ], [ -155.441388724288117, 20.150091642799033 ], [ -155.397551714071056, 20.132828639641506 ], [ -155.36970670740422, 20.115948636149483 ], [ -155.298305690575376, 20.081509629407019 ], [ -155.252403679878228, 20.063443626089313 ], [ -155.211772670143574, 20.038461620891823 ], [ -155.1574906569208, 19.99760361206345 ], [ -155.140334652883269, 19.989476610473467 ], [ -155.086053639465604, 19.941738599908323 ], [ -155.070847635418232, 19.918420594450364 ], [ -155.046815629493665, 19.897699589873604 ], [ -155.031624625470613, 19.874995584568044 ], [ -155.034622626134421, 19.8749955844902 ], [ -155.030282624143666, 19.83945857568148 ], [ -155.034752624583462, 19.820458570796529 ], [ -155.033319623484886, 19.793416564046762 ] ] ] ] } },
{ "type": "Feature", "properties": { "STUSPS": "ND", "NAME": "North Dakota", "region_name": "Midwest", "division_name": "West North Central" }, "geometry": { "type": "Polygon", "coordinates": [ [ [ -104.048692, 48.999899 ], [ -97.228961, 49.000454 ], [ -97.234201, 48.996286 ], [ -97.226646, 48.99299 ], [ -97.238261, 48.98265 ], [ -97.238612, 48.9665 ], [ -97.227498, 48.962342 ], [ -97.233996, 48.947434 ], [ -97.226624, 48.945826 ], [ -97.224614, 48.933798 ], [ -97.214406, 48.931641 ], [ -97.219806, 48.922146 ], [ -97.210776, 48.916027 ], [ -97.211399, 48.905602 ], [ -97.190018, 48.895516 ], [ -97.191966, 48.891751 ], [ -97.201627, 48.891932 ], [ -97.197328, 48.887348 ], [ -97.199394, 48.881113 ], [ -97.190259, 48.876725 ], [ -97.177814, 48.875639 ], [ -97.190573, 48.864279 ], [ -97.179166, 48.862844 ], [ -97.178834, 48.856661 ], [ -97.173099, 48.850625 ], [ -97.182923, 48.846912 ], [ -97.175786, 48.844832 ], [ -97.173884, 48.837993 ], [ -97.184164, 48.833902 ], [ -97.177993, 48.822835 ], [ -97.190274, 48.815135 ], [ -97.158118, 48.810319 ], [ -97.159238, 48.806165 ], [ -97.18164, 48.798517 ], [ -97.163261, 48.800579 ], [ -97.162467, 48.796657 ], [ -97.174041, 48.793879 ], [ -97.158243, 48.791205 ], [ -97.158924, 48.783257 ], [ -97.147469, 48.781441 ], [ -97.158983, 48.775711 ], [ -97.145456, 48.76479 ], [ -97.154439, 48.758212 ], [ -97.153795, 48.753993 ], [ -97.14915, 48.750355 ], [ -97.137538, 48.749644 ], [ -97.136665, 48.742515 ], [ -97.142133, 48.736172 ], [ -97.12834, 48.732136 ], [ -97.137424, 48.726566 ], [ -97.125518, 48.720451 ], [ -97.1194, 48.711625 ], [ -97.110112, 48.707978 ], [ -97.120292, 48.703999 ], [ -97.119904, 48.701248 ], [ -97.108677, 48.690991 ], [ -97.090313, 48.684404 ], [ -97.101276, 48.682299 ], [ -97.100562, 48.668406 ], [ -97.109229, 48.66425 ], [ -97.098691, 48.660995 ], [ -97.107924, 48.647922 ], [ -97.115692, 48.644561 ], [ -97.109858, 48.638477 ], [ -97.10945, 48.632469 ], [ -97.114684, 48.630342 ], [ -97.125992, 48.63412 ], [ -97.13114, 48.631473 ], [ -97.119495, 48.61856 ], [ -97.133859, 48.622778 ], [ -97.135315, 48.62091 ], [ -97.129576, 48.613693 ], [ -97.143794, 48.614766 ], [ -97.150649, 48.611676 ], [ -97.147676, 48.608182 ], [ -97.134291, 48.6074 ], [ -97.143822, 48.598359 ], [ -97.154027, 48.595406 ], [ -97.142279, 48.592613 ], [ -97.143891, 48.582112 ], [ -97.160631, 48.580936 ], [ -97.148709, 48.576367 ], [ -97.14917, 48.570014 ], [ -97.175423, 48.561957 ], [ -97.166199, 48.557244 ], [ -97.138951, 48.55512 ], [ -97.141585, 48.551271 ], [ -97.163937, 48.553983 ], [ -97.165984, 48.548932 ], [ -97.161025, 48.542009 ], [ -97.141358, 48.535452 ], [ -97.142176, 48.53224 ], [ -97.153597, 48.529508 ], [ -97.152423, 48.520364 ], [ -97.145406, 48.518735 ], [ -97.130777, 48.522668 ], [ -97.126758, 48.520157 ], [ -97.136619, 48.512183 ], [ -97.150267, 48.5116 ], [ -97.14919, 48.50084 ], [ -97.134588, 48.494238 ], [ -97.1315, 48.489006 ], [ -97.135105, 48.487729 ], [ -97.143017, 48.492334 ], [ -97.140291, 48.484722 ], [ -97.159205, 48.481107 ], [ -97.162668, 48.477783 ], [ -97.154916, 48.474911 ], [ -97.134601, 48.477536 ], [ -97.128163, 48.474362 ], [ -97.130604, 48.471215 ], [ -97.14073, 48.474691 ], [ -97.147418, 48.472753 ], [ -97.143017, 48.463823 ], [ -97.130632, 48.46342 ], [ -97.128544, 48.460301 ], [ -97.130692, 48.452207 ], [ -97.150633, 48.440816 ], [ -97.145171, 48.438078 ], [ -97.132823, 48.4438 ], [ -97.124824, 48.441896 ], [ -97.123667, 48.436034 ], [ -97.127818, 48.431256 ], [ -97.141242, 48.433771 ], [ -97.145873, 48.431148 ], [ -97.124664, 48.422216 ], [ -97.122583, 48.417921 ], [ -97.126044, 48.41612 ], [ -97.138396, 48.421647 ], [ -97.153994, 48.418121 ], [ -97.155084, 48.41429 ], [ -97.15053, 48.412742 ], [ -97.13988, 48.418487 ], [ -97.131175, 48.407281 ], [ -97.145693, 48.397431 ], [ -97.158648, 48.396344 ], [ -97.163376, 48.392857 ], [ -97.15676, 48.390887 ], [ -97.157692, 48.386486 ], [ -97.151993, 48.38288 ], [ -97.133341, 48.382196 ], [ -97.141351, 48.378458 ], [ -97.137853, 48.371224 ], [ -97.152456, 48.370974 ], [ -97.156261, 48.365578 ], [ -97.143534, 48.35427 ], [ -97.136203, 48.352184 ], [ -97.140084, 48.344591 ], [ -97.12592, 48.340579 ], [ -97.129041, 48.33289 ], [ -97.14003, 48.329847 ], [ -97.141715, 48.325729 ], [ -97.129206, 48.328131 ], [ -97.115581, 48.323928 ], [ -97.132599, 48.319145 ], [ -97.137749, 48.309729 ], [ -97.124166, 48.311142 ], [ -97.122202, 48.308702 ], [ -97.126687, 48.304004 ], [ -97.112231, 48.296472 ], [ -97.11919, 48.294242 ], [ -97.127622, 48.298993 ], [ -97.137334, 48.291757 ], [ -97.138383, 48.288655 ], [ -97.135546, 48.287059 ], [ -97.128042, 48.291519 ], [ -97.123143, 48.290809 ], [ -97.11657, 48.279661 ], [ -97.125123, 48.276674 ], [ -97.125345, 48.270421 ], [ -97.145032, 48.268766 ], [ -97.143864, 48.265749 ], [ -97.126273, 48.26437 ], [ -97.122954, 48.261666 ], [ -97.130602, 48.258982 ], [ -97.125108, 48.249983 ], [ -97.135575, 48.249488 ], [ -97.146744, 48.244484 ], [ -97.14593, 48.24162 ], [ -97.133735, 48.239075 ], [ -97.144645, 48.233562 ], [ -97.124447, 48.228387 ], [ -97.12069, 48.224754 ], [ -97.124508, 48.223174 ], [ -97.137191, 48.226951 ], [ -97.149657, 48.223149 ], [ -97.15219, 48.219636 ], [ -97.139055, 48.221952 ], [ -97.122884, 48.216494 ], [ -97.117838, 48.209764 ], [ -97.123689, 48.207602 ], [ -97.131363, 48.217182 ], [ -97.139296, 48.216755 ], [ -97.138257, 48.213061 ], [ -97.129277, 48.208377 ], [ -97.14091, 48.20452 ], [ -97.135672, 48.197126 ], [ -97.14981, 48.183498 ], [ -97.138386, 48.182304 ], [ -97.13601, 48.17674 ], [ -97.14751, 48.170572 ], [ -97.14195, 48.160202 ], [ -97.125351, 48.16282 ], [ -97.120968, 48.159552 ], [ -97.140295, 48.150894 ], [ -97.146505, 48.14222 ], [ -97.136768, 48.143292 ], [ -97.122876, 48.13975 ], [ -97.125267, 48.136099 ], [ -97.133468, 48.137101 ], [ -97.120702, 48.114987 ], [ -97.123202, 48.10665 ], [ -97.11147, 48.105913 ], [ -97.101876, 48.095896 ], [ -97.109857, 48.091395 ], [ -97.099798, 48.085884 ], [ -97.100155, 48.078757 ], [ -97.104483, 48.072428 ], [ -97.097772, 48.07108 ], [ -97.086986, 48.058222 ], [ -97.072257, 48.048068 ], [ -97.068713, 48.027694 ], [ -97.072239, 48.019107 ], [ -97.063289, 48.014989 ], [ -97.066762, 48.009558 ], [ -97.063937, 47.99766 ], [ -97.053089, 47.990444 ], [ -97.059255, 47.975324 ], [ -97.057358, 47.969664 ], [ -97.061831, 47.964731 ], [ -97.052451, 47.957422 ], [ -97.055341, 47.947515 ], [ -97.048222, 47.942036 ], [ -97.036473, 47.939631 ], [ -97.036428, 47.930781 ], [ -97.017854, 47.919911 ], [ -97.023763, 47.915614 ], [ -97.016835, 47.912616 ], [ -97.015332, 47.906709 ], [ -97.025229, 47.907728 ], [ -97.019846, 47.901336 ], [ -97.025014, 47.895203 ], [ -97.018782, 47.890542 ], [ -97.025422, 47.884926 ], [ -97.018014, 47.878651 ], [ -97.023142, 47.874063 ], [ -97.001828, 47.868134 ], [ -97.005907, 47.864496 ], [ -96.998328, 47.859191 ], [ -96.997433, 47.848817 ], [ -96.993974, 47.845974 ], [ -96.998337, 47.841932 ], [ -96.992721, 47.842791 ], [ -96.993965, 47.838408 ], [ -96.986276, 47.837113 ], [ -96.98155, 47.829558 ], [ -96.987105, 47.82555 ], [ -96.974128, 47.823474 ], [ -96.9805, 47.821856 ], [ -96.9787, 47.809892 ], [ -96.991578, 47.808187 ], [ -96.972261, 47.802787 ], [ -96.97647, 47.801366 ], [ -96.976254, 47.797768 ], [ -96.966459, 47.799569 ], [ -96.957051, 47.791007 ], [ -96.965103, 47.783512 ], [ -96.957976, 47.785658 ], [ -96.959094, 47.780585 ], [ -96.952377, 47.779441 ], [ -96.956345, 47.775092 ], [ -96.946773, 47.775091 ], [ -96.934883, 47.767209 ], [ -96.938253, 47.760813 ], [ -96.928854, 47.755296 ], [ -96.939685, 47.754788 ], [ -96.929152, 47.750376 ], [ -96.928673, 47.743812 ], [ -96.93283, 47.737523 ], [ -96.924105, 47.726242 ], [ -96.918413, 47.724041 ], [ -96.930973, 47.715547 ], [ -96.919799, 47.716928 ], [ -96.919927, 47.710377 ], [ -96.911868, 47.706817 ], [ -96.920875, 47.699976 ], [ -96.912017, 47.701465 ], [ -96.907019, 47.694426 ], [ -96.909527, 47.689218 ], [ -96.902042, 47.691714 ], [ -96.899237, 47.689579 ], [ -96.896246, 47.674194 ], [ -96.885116, 47.673808 ], [ -96.889937, 47.669735 ], [ -96.885419, 47.663884 ], [ -96.887518, 47.657935 ], [ -96.882212, 47.649389 ], [ -96.882351, 47.642656 ], [ -96.88821, 47.638911 ], [ -96.880902, 47.629459 ], [ -96.874373, 47.627824 ], [ -96.880487, 47.626016 ], [ -96.87586, 47.623449 ], [ -96.879726, 47.619336 ], [ -96.87101, 47.618074 ], [ -96.873641, 47.613546 ], [ -96.869061, 47.614848 ], [ -96.857082, 47.610745 ], [ -96.854821, 47.606862 ], [ -96.856812, 47.601832 ], [ -96.851021, 47.598544 ], [ -96.858937, 47.595742 ], [ -96.849897, 47.590826 ], [ -96.853739, 47.57885 ], [ -96.860476, 47.575022 ], [ -96.851568, 47.568655 ], [ -96.865818, 47.569661 ], [ -96.868934, 47.567002 ], [ -96.863088, 47.562486 ], [ -96.847499, 47.566226 ], [ -96.853987, 47.560459 ], [ -96.861749, 47.559279 ], [ -96.849835, 47.553163 ], [ -96.860428, 47.545947 ], [ -96.848592, 47.542577 ], [ -96.845323, 47.538752 ], [ -96.848824, 47.537202 ], [ -96.855398, 47.542085 ], [ -96.862306, 47.541195 ], [ -96.86201, 47.537819 ], [ -96.853534, 47.536213 ], [ -96.860925, 47.529365 ], [ -96.871172, 47.527268 ], [ -96.86672, 47.525351 ], [ -96.860892, 47.515465 ], [ -96.842368, 47.516116 ], [ -96.8439, 47.512601 ], [ -96.853625, 47.511506 ], [ -96.84228, 47.508636 ], [ -96.852536, 47.507491 ], [ -96.853495, 47.501571 ], [ -96.848793, 47.498051 ], [ -96.86504, 47.491651 ], [ -96.852158, 47.486351 ], [ -96.855181, 47.483206 ], [ -96.862975, 47.483988 ], [ -96.868519, 47.478473 ], [ -96.865158, 47.476822 ], [ -96.856915, 47.481243 ], [ -96.851946, 47.479055 ], [ -96.861002, 47.472588 ], [ -96.853908, 47.460403 ], [ -96.863619, 47.45701 ], [ -96.854298, 47.454575 ], [ -96.859258, 47.451728 ], [ -96.855867, 47.439221 ], [ -96.862859, 47.436403 ], [ -96.852816, 47.43203 ], [ -96.864715, 47.428094 ], [ -96.855571, 47.426719 ], [ -96.85528, 47.424328 ], [ -96.871763, 47.419006 ], [ -96.861011, 47.41769 ], [ -96.861678, 47.414394 ], [ -96.856818, 47.409669 ], [ -96.842073, 47.411738 ], [ -96.852714, 47.406094 ], [ -96.839133, 47.399379 ], [ -96.848981, 47.393622 ], [ -96.840451, 47.393249 ], [ -96.837465, 47.389527 ], [ -96.84217, 47.386169 ], [ -96.838149, 47.38329 ], [ -96.839244, 47.381165 ], [ -96.850046, 47.381608 ], [ -96.843688, 47.375751 ], [ -96.854622, 47.37378 ], [ -96.847276, 47.370288 ], [ -96.839661, 47.373532 ], [ -96.837141, 47.371291 ], [ -96.844016, 47.368021 ], [ -96.852829, 47.369728 ], [ -96.858206, 47.36753 ], [ -96.848362, 47.36462 ], [ -96.852314, 47.359525 ], [ -96.85054, 47.357091 ], [ -96.837362, 47.355536 ], [ -96.844588, 47.354271 ], [ -96.842915, 47.350778 ], [ -96.847114, 47.347711 ], [ -96.840375, 47.340935 ], [ -96.830643, 47.338786 ], [ -96.834471, 47.332702 ], [ -96.843978, 47.331693 ], [ -96.845786, 47.328037 ], [ -96.840758, 47.326659 ], [ -96.834584, 47.330953 ], [ -96.828764, 47.327995 ], [ -96.8369, 47.324822 ], [ -96.835451, 47.31906 ], [ -96.846976, 47.315834 ], [ -96.842363, 47.313401 ], [ -96.843045, 47.308827 ], [ -96.836526, 47.311464 ], [ -96.83066, 47.306066 ], [ -96.843788, 47.293113 ], [ -96.84009, 47.275576 ], [ -96.847678, 47.271247 ], [ -96.834705, 47.266155 ], [ -96.844771, 47.265362 ], [ -96.847448, 47.261933 ], [ -96.835763, 47.262231 ], [ -96.837268, 47.258482 ], [ -96.84525, 47.258471 ], [ -96.838542, 47.256225 ], [ -96.844413, 47.251155 ], [ -96.841218, 47.249496 ], [ -96.837306, 47.253022 ], [ -96.832193, 47.24683 ], [ -96.843721, 47.239788 ], [ -96.836535, 47.242387 ], [ -96.828672, 47.233286 ], [ -96.841469, 47.233208 ], [ -96.841441, 47.229508 ], [ -96.831454, 47.226711 ], [ -96.845788, 47.22011 ], [ -96.842393, 47.217749 ], [ -96.838973, 47.222713 ], [ -96.83364, 47.221577 ], [ -96.837198, 47.215949 ], [ -96.83031, 47.210283 ], [ -96.837164, 47.207324 ], [ -96.827167, 47.201316 ], [ -96.833972, 47.203548 ], [ -96.844847, 47.19358 ], [ -96.840249, 47.191014 ], [ -96.838039, 47.196481 ], [ -96.826422, 47.191481 ], [ -96.826639, 47.188803 ], [ -96.83548, 47.18626 ], [ -96.834561, 47.183678 ], [ -96.821555, 47.184314 ], [ -96.827499, 47.182005 ], [ -96.825014, 47.177859 ], [ -96.833484, 47.176644 ], [ -96.822484, 47.173079 ], [ -96.825152, 47.167451 ], [ -96.819297, 47.163792 ], [ -96.83199, 47.159431 ], [ -96.822359, 47.156341 ], [ -96.836205, 47.156648 ], [ -96.836331, 47.15326 ], [ -96.841247, 47.151856 ], [ -96.828648, 47.146419 ], [ -96.834636, 47.143886 ], [ -96.82633, 47.134941 ], [ -96.830417, 47.129224 ], [ -96.820723, 47.130369 ], [ -96.825809, 47.123101 ], [ -96.837564, 47.12198 ], [ -96.828387, 47.120769 ], [ -96.821192, 47.115754 ], [ -96.822095, 47.108892 ], [ -96.816191, 47.108481 ], [ -96.815934, 47.104139 ], [ -96.82102, 47.100894 ], [ -96.81729, 47.09806 ], [ -96.817251, 47.092088 ], [ -96.826363, 47.08892 ], [ -96.815973, 47.088466 ], [ -96.820386, 47.083041 ], [ -96.815751, 47.078987 ], [ -96.829276, 47.07462 ], [ -96.826778, 47.072598 ], [ -96.823691, 47.075947 ], [ -96.81963, 47.075342 ], [ -96.824546, 47.071534 ], [ -96.819739, 47.061729 ], [ -96.830386, 47.060823 ], [ -96.822238, 47.05954 ], [ -96.825063, 47.055564 ], [ -96.817708, 47.052309 ], [ -96.827559, 47.046332 ], [ -96.817865, 47.047077 ], [ -96.822716, 47.036937 ], [ -96.812659, 47.038634 ], [ -96.817142, 47.033325 ], [ -96.827268, 47.032095 ], [ -96.820462, 47.030347 ], [ -96.814793, 47.024401 ], [ -96.829516, 47.02155 ], [ -96.834776, 47.017446 ], [ -96.832303, 47.015184 ], [ -96.833504, 47.01011 ], [ -96.839548, 47.006728 ], [ -96.828792, 47.005061 ], [ -96.827489, 47.001611 ], [ -96.820976, 47.003326 ], [ -96.823313, 47.00033 ], [ -96.819478, 46.997373 ], [ -96.823926, 46.997437 ], [ -96.822345, 46.990591 ], [ -96.82638, 46.987918 ], [ -96.820113, 46.979378 ], [ -96.822664, 46.97002 ], [ -96.809786, 46.963835 ], [ -96.806524, 46.967636 ], [ -96.801981, 46.964128 ], [ -96.80159, 46.968287 ], [ -96.795045, 46.965838 ], [ -96.80375, 46.958172 ], [ -96.798965, 46.951148 ], [ -96.80414, 46.946911 ], [ -96.798805, 46.944206 ], [ -96.792134, 46.945933 ], [ -96.791503, 46.927689 ], [ -96.786805, 46.930164 ], [ -96.785177, 46.9244 ], [ -96.779711, 46.928327 ], [ -96.776681, 46.925721 ], [ -96.774893, 46.930546 ], [ -96.762192, 46.934897 ], [ -96.756323, 46.928589 ], [ -96.763764, 46.92927 ], [ -96.764853, 46.926938 ], [ -96.752654, 46.923543 ], [ -96.762922, 46.92354 ], [ -96.754538, 46.91442 ], [ -96.75971, 46.916383 ], [ -96.764082, 46.9126 ], [ -96.765086, 46.905377 ], [ -96.771225, 46.906278 ], [ -96.773826, 46.903631 ], [ -96.770277, 46.900729 ], [ -96.776034, 46.897977 ], [ -96.77571, 46.894162 ], [ -96.769444, 46.89259 ], [ -96.774656, 46.889435 ], [ -96.773558, 46.884722 ], [ -96.767363, 46.883952 ], [ -96.769202, 46.878159 ], [ -96.771795, 46.877816 ], [ -96.772176, 46.881492 ], [ -96.781331, 46.879687 ], [ -96.776096, 46.874182 ], [ -96.781718, 46.871418 ], [ -96.783959, 46.861663 ], [ -96.775854, 46.854601 ], [ -96.784374, 46.855707 ], [ -96.785469, 46.853414 ], [ -96.773534, 46.851688 ], [ -96.781827, 46.845641 ], [ -96.774648, 46.839647 ], [ -96.786801, 46.841198 ], [ -96.782887, 46.836283 ], [ -96.784455, 46.833299 ], [ -96.793959, 46.833064 ], [ -96.780136, 46.825429 ], [ -96.792395, 46.827292 ], [ -96.792395, 46.823037 ], [ -96.799751, 46.820606 ], [ -96.80275, 46.81169 ], [ -96.79573, 46.807733 ], [ -96.80292, 46.805589 ], [ -96.795585, 46.801194 ], [ -96.80207, 46.796722 ], [ -96.794928, 46.795776 ], [ -96.796195, 46.789881 ], [ -96.789568, 46.789562 ], [ -96.787136, 46.785651 ], [ -96.796756, 46.776999 ], [ -96.783793, 46.778247 ], [ -96.784294, 46.774312 ], [ -96.790079, 46.774569 ], [ -96.789217, 46.77121 ], [ -96.775453, 46.766751 ], [ -96.778396, 46.764506 ], [ -96.789519, 46.766024 ], [ -96.77785, 46.761588 ], [ -96.786395, 46.761864 ], [ -96.78294, 46.756745 ], [ -96.789789, 46.756701 ], [ -96.782852, 46.754242 ], [ -96.789377, 46.751999 ], [ -96.783289, 46.750909 ], [ -96.787668, 46.748239 ], [ -96.780363, 46.745464 ], [ -96.787353, 46.74314 ], [ -96.780451, 46.741769 ], [ -96.783156, 46.736138 ], [ -96.780768, 46.733807 ], [ -96.784551, 46.731878 ], [ -96.783016, 46.728994 ], [ -96.779616, 46.729951 ], [ -96.779136, 46.726642 ], [ -96.78203, 46.725193 ], [ -96.7811, 46.722048 ], [ -96.791197, 46.718874 ], [ -96.78212, 46.716888 ], [ -96.787468, 46.713998 ], [ -96.783574, 46.711423 ], [ -96.789553, 46.709557 ], [ -96.783827, 46.705977 ], [ -96.791204, 46.703747 ], [ -96.784215, 46.701448 ], [ -96.788012, 46.700629 ], [ -96.784925, 46.694372 ], [ -96.790626, 46.689133 ], [ -96.784066, 46.68527 ], [ -96.787607, 46.685203 ], [ -96.788434, 46.681691 ], [ -96.794799, 46.683297 ], [ -96.78753, 46.677103 ], [ -96.79911, 46.678518 ], [ -96.798879, 46.674032 ], [ -96.791324, 46.67239 ], [ -96.795034, 46.667228 ], [ -96.802165, 46.667897 ], [ -96.795237, 46.666203 ], [ -96.800023, 46.661104 ], [ -96.796917, 46.659562 ], [ -96.79895, 46.654112 ], [ -96.790653, 46.649066 ], [ -96.794158, 46.646447 ], [ -96.785815, 46.640523 ], [ -96.798195, 46.629573 ], [ -96.782179, 46.631412 ], [ -96.791306, 46.624971 ], [ -96.778332, 46.625428 ], [ -96.786298, 46.622421 ], [ -96.787259, 46.619439 ], [ -96.783561, 46.622153 ], [ -96.779878, 46.619485 ], [ -96.775532, 46.621201 ], [ -96.774998, 46.617523 ], [ -96.781238, 46.615382 ], [ -96.770843, 46.61527 ], [ -96.774623, 46.612028 ], [ -96.772511, 46.609293 ], [ -96.778832, 46.60746 ], [ -96.768246, 46.606324 ], [ -96.772236, 46.60383 ], [ -96.771579, 46.596213 ], [ -96.767054, 46.598887 ], [ -96.763027, 46.594123 ], [ -96.755984, 46.595379 ], [ -96.756191, 46.592288 ], [ -96.762214, 46.591967 ], [ -96.762608, 46.589324 ], [ -96.75254, 46.588293 ], [ -96.750787, 46.585185 ], [ -96.760901, 46.581843 ], [ -96.750404, 46.583808 ], [ -96.747266, 46.582022 ], [ -96.7575, 46.57783 ], [ -96.75584, 46.574313 ], [ -96.746615, 46.575546 ], [ -96.752759, 46.571384 ], [ -96.74539, 46.570833 ], [ -96.747447, 46.567452 ], [ -96.74175, 46.563997 ], [ -96.751968, 46.56261 ], [ -96.746785, 46.558849 ], [ -96.754397, 46.556818 ], [ -96.746043, 46.556084 ], [ -96.749212, 46.549585 ], [ -96.745214, 46.550598 ], [ -96.740569, 46.546838 ], [ -96.74495, 46.548225 ], [ -96.750544, 46.544131 ], [ -96.738715, 46.543228 ], [ -96.750116, 46.540759 ], [ -96.73826, 46.539294 ], [ -96.742655, 46.538104 ], [ -96.738011, 46.534602 ], [ -96.746165, 46.534881 ], [ -96.74205, 46.529291 ], [ -96.745335, 46.524982 ], [ -96.736741, 46.52413 ], [ -96.745217, 46.520175 ], [ -96.739981, 46.520047 ], [ -96.734216, 46.512125 ], [ -96.740445, 46.511104 ], [ -96.734379, 46.506983 ], [ -96.733482, 46.503467 ], [ -96.735959, 46.505096 ], [ -96.742415, 46.499976 ], [ -96.737006, 46.501212 ], [ -96.738577, 46.498039 ], [ -96.733393, 46.496983 ], [ -96.733205, 46.492686 ], [ -96.736976, 46.491561 ], [ -96.73415, 46.488591 ], [ -96.739679, 46.486747 ], [ -96.732463, 46.482936 ], [ -96.738875, 46.478706 ], [ -96.736001, 46.477497 ], [ -96.733554, 46.480472 ], [ -96.723555, 46.470868 ], [ -96.714606, 46.472261 ], [ -96.723083, 46.466717 ], [ -96.713184, 46.466486 ], [ -96.718714, 46.46186 ], [ -96.711611, 46.459783 ], [ -96.71222, 46.455446 ], [ -96.717593, 46.454365 ], [ -96.713102, 46.450199 ], [ -96.721706, 46.448822 ], [ -96.717816, 46.446033 ], [ -96.713347, 46.448761 ], [ -96.711388, 46.446464 ], [ -96.716362, 46.444627 ], [ -96.712303, 46.441288 ], [ -96.721853, 46.439829 ], [ -96.717927, 46.439374 ], [ -96.715418, 46.433977 ], [ -96.71573, 46.437318 ], [ -96.703269, 46.437295 ], [ -96.707655, 46.429787 ], [ -96.701231, 46.430236 ], [ -96.704705, 46.426406 ], [ -96.698855, 46.426383 ], [ -96.704581, 46.417995 ], [ -96.693313, 46.422085 ], [ -96.692248, 46.416111 ], [ -96.70155, 46.415063 ], [ -96.697197, 46.412576 ], [ -96.685355, 46.414212 ], [ -96.689113, 46.406834 ], [ -96.680505, 46.407108 ], [ -96.672486, 46.39528 ], [ -96.675078, 46.390962 ], [ -96.667709, 46.391244 ], [ -96.671027, 46.389494 ], [ -96.668178, 46.387618 ], [ -96.667135, 46.375579 ], [ -96.657804, 46.374419 ], [ -96.660379, 46.371563 ], [ -96.654977, 46.365937 ], [ -96.643185, 46.361935 ], [ -96.64845, 46.358081 ], [ -96.645194, 46.350669 ], [ -96.629403, 46.354319 ], [ -96.627844, 46.349417 ], [ -96.616674, 46.347388 ], [ -96.620245, 46.340243 ], [ -96.599379, 46.329984 ], [ -96.606138, 46.326604 ], [ -96.600027, 46.326817 ], [ -96.601204, 46.319498 ], [ -96.596767, 46.317004 ], [ -96.603586, 46.30253 ], [ -96.597286, 46.29776 ], [ -96.605833, 46.293867 ], [ -96.596219, 46.290962 ], [ -96.596287, 46.288019 ], [ -96.601968, 46.285904 ], [ -96.594864, 46.286344 ], [ -96.600451, 46.281095 ], [ -96.595264, 46.274247 ], [ -96.600402, 46.26175 ], [ -96.592928, 46.257313 ], [ -96.595375, 46.253398 ], [ -96.5923, 46.250338 ], [ -96.583715, 46.249807 ], [ -96.598729, 46.242317 ], [ -96.595777, 46.219788 ], [ -96.591742, 46.218115 ], [ -96.592792, 46.213914 ], [ -96.58844, 46.212879 ], [ -96.591114, 46.20869 ], [ -96.583761, 46.208059 ], [ -96.589027, 46.204946 ], [ -96.584258, 46.204094 ], [ -96.587349, 46.201625 ], [ -96.583674, 46.201163 ], [ -96.584629, 46.197511 ], [ -96.591226, 46.195747 ], [ -96.585077, 46.194624 ], [ -96.590538, 46.190474 ], [ -96.587428, 46.185801 ], [ -96.591572, 46.184682 ], [ -96.586151, 46.181812 ], [ -96.592682, 46.175211 ], [ -96.580632, 46.177317 ], [ -96.583522, 46.172663 ], [ -96.576636, 46.173944 ], [ -96.577011, 46.171546 ], [ -96.583862, 46.170599 ], [ -96.575281, 46.169011 ], [ -96.580608, 46.167648 ], [ -96.57702, 46.166036 ], [ -96.579913, 46.161151 ], [ -96.576265, 46.159582 ], [ -96.580273, 46.151076 ], [ -96.568705, 46.133157 ], [ -96.571999, 46.124567 ], [ -96.560234, 46.116568 ], [ -96.56692, 46.11475 ], [ -96.557934, 46.102521 ], [ -96.557351, 46.087741 ], [ -96.554411, 46.084079 ], [ -96.559108, 46.058523 ], [ -96.566321, 46.051503 ], [ -96.577882, 46.027177 ], [ -96.574243, 46.016536 ], [ -96.575869, 46.007999 ], [ -96.57035, 45.963595 ], [ -96.561334, 45.945655 ], [ -96.563672, 45.935245 ], [ -98.311488, 45.93612 ], [ -100.721111, 45.944044 ], [ -104.045547, 45.945308 ], [ -104.045746, 47.261648 ], [ -104.041416, 47.862685 ], [ -104.045495, 48.157382 ], [ -104.048692, 48.999899 ] ] ] } },
{ "type": "Feature", "properties": { "STUSPS": "KY", "NAME": "Kentucky", "region_name": "South", "division_name": "East South Central" }, "geometry": { "type": "MultiPolygon", "coordinates": [ [ [ [ -89.571203, 36.552142 ], [ -89.568614, 36.562465 ], [ -89.557574, 36.574297 ], [ -89.544675, 36.580188 ], [ -89.528541, 36.581582 ], [ -89.47993, 36.569087 ], [ -89.46782, 36.546974 ], [ -89.465913, 36.530015 ], [ -89.473256, 36.512416 ], [ -89.485427, 36.497491 ], [ -89.539232, 36.497934 ], [ -89.559874, 36.523467 ], [ -89.571203, 36.552142 ] ] ], [ [ [ -82.550677, 37.204542 ], [ -82.620646, 37.166438 ], [ -82.633381, 37.154418 ], [ -82.653304, 37.151188 ], [ -82.656723, 37.14472 ], [ -82.66766, 37.141894 ], [ -82.676695, 37.134917 ], [ -82.682892, 37.136951 ], [ -82.721413, 37.12083 ], [ -82.726688, 37.114794 ], [ -82.721679, 37.101015 ], [ -82.725017, 37.091822 ], [ -82.716655, 37.077406 ], [ -82.726737, 37.073039 ], [ -82.7222, 37.057936 ], [ -82.722368, 37.045068 ], [ -82.725824, 37.042252 ], [ -82.733506, 37.044521 ], [ -82.742759, 37.042796 ], [ -82.747862, 37.024425 ], [ -82.759479, 37.027255 ], [ -82.771853, 37.015707 ], [ -82.777165, 37.016023 ], [ -82.782863, 37.007821 ], [ -82.788498, 37.008672 ], [ -82.793665, 37.005471 ], [ -82.797885, 37.009562 ], [ -82.813455, 37.005629 ], [ -82.816862, 37.007427 ], [ -82.822525, 37.004106 ], [ -82.82872, 37.005798 ], [ -82.830179, 36.994357 ], [ -82.837275, 36.98728 ], [ -82.845242, 36.983765 ], [ -82.853577, 36.985298 ], [ -82.856981, 36.978848 ], [ -82.867467, 36.978049 ], [ -82.870108, 36.964978 ], [ -82.86594, 36.958336 ], [ -82.855735, 36.953818 ], [ -82.8623, 36.941338 ], [ -82.857665, 36.928669 ], [ -82.877379, 36.908471 ], [ -82.867978, 36.900048 ], [ -82.877412, 36.89551 ], [ -82.87908, 36.889255 ], [ -82.907385, 36.879298 ], [ -82.907823, 36.874764 ], [ -82.951576, 36.86619 ], [ -82.970792, 36.857641 ], [ -82.978577, 36.859813 ], [ -82.998587, 36.856567 ], [ -83.007463, 36.847483 ], [ -83.022079, 36.849935 ], [ -83.026607, 36.855556 ], [ -83.041377, 36.854957 ], [ -83.0478, 36.85168 ], [ -83.072836, 36.854457 ], [ -83.075849, 36.850694 ], [ -83.075172, 36.840728 ], [ -83.087459, 36.838224 ], [ -83.101936, 36.828238 ], [ -83.098508, 36.823799 ], [ -83.09848, 36.813517 ], [ -83.102564, 36.81127 ], [ -83.104331, 36.803997 ], [ -83.123161, 36.786693 ], [ -83.133231, 36.784585 ], [ -83.128987, 36.775784 ], [ -83.13308, 36.771679 ], [ -83.129566, 36.770186 ], [ -83.132545, 36.764395 ], [ -83.125573, 36.761623 ], [ -83.128638, 36.759655 ], [ -83.127985, 36.750645 ], [ -83.134425, 36.749357 ], [ -83.13512, 36.742629 ], [ -83.194839, 36.739448 ], [ -83.288296, 36.71371 ], [ -83.309711, 36.710639 ], [ -83.386809, 36.686614 ], [ -83.396483, 36.676905 ], [ -83.424713, 36.66734 ], [ -83.466611, 36.664709 ], [ -83.499219, 36.670439 ], [ -83.530146, 36.666049 ], [ -83.537054, 36.658934 ], [ -83.562426, 36.651249 ], [ -83.577316, 36.641496 ], [ -83.586449, 36.643863 ], [ -83.613896, 36.63485 ], [ -83.624017, 36.625509 ], [ -83.647703, 36.623083 ], [ -83.649313, 36.616774 ], [ -83.663548, 36.606928 ], [ -83.674436, 36.603621 ], [ -83.676218, 36.597933 ], [ -83.690789, 36.582596 ], [ -83.999943, 36.589857 ], [ -84.540474, 36.596304 ], [ -84.830035, 36.604536 ], [ -85.026861, 36.619299 ], [ -85.18627, 36.625208 ], [ -85.293904, 36.626355 ], [ -85.501507, 36.614855 ], [ -85.67653, 36.618223 ], [ -86.024819, 36.630293 ], [ -86.332126, 36.648701 ], [ -86.493428, 36.65224 ], [ -86.507781, 36.652379 ], [ -86.543822, 36.640427 ], [ -86.543352, 36.643855 ], [ -86.549943, 36.644759 ], [ -86.551222, 36.637998 ], [ -86.563909, 36.633562 ], [ -86.589906, 36.652443 ], [ -87.070491, 36.64273 ], [ -87.474687, 36.640415 ], [ -87.853319, 36.63316 ], [ -87.849544, 36.663695 ], [ -88.012203, 36.67719 ], [ -88.070541, 36.678255 ], [ -88.066836, 36.655856 ], [ -88.057016, 36.640343 ], [ -88.044862, 36.60307 ], [ -88.032649, 36.542095 ], [ -88.039069, 36.510784 ], [ -88.053293, 36.497058 ], [ -88.541874, 36.502176 ], [ -88.959746, 36.502076 ], [ -89.301022, 36.507233 ], [ -89.417275, 36.499011 ], [ -89.398626, 36.542276 ], [ -89.395833, 36.559325 ], [ -89.38271, 36.583722 ], [ -89.376144, 36.614132 ], [ -89.365797, 36.625126 ], [ -89.343902, 36.631888 ], [ -89.326264, 36.63184 ], [ -89.31645, 36.624044 ], [ -89.294675, 36.593779 ], [ -89.269546, 36.569716 ], [ -89.258377, 36.564946 ], [ -89.236308, 36.566881 ], [ -89.227046, 36.569537 ], [ -89.213874, 36.579911 ], [ -89.202771, 36.601665 ], [ -89.197753, 36.628971 ], [ -89.159118, 36.666354 ], [ -89.171884, 36.672598 ], [ -89.167971, 36.679089 ], [ -89.170462, 36.690048 ], [ -89.199311, 36.715624 ], [ -89.200552, 36.732567 ], [ -89.188167, 36.750744 ], [ -89.172887, 36.758771 ], [ -89.125967, 36.751809 ], [ -89.118202, 36.762326 ], [ -89.116243, 36.773292 ], [ -89.12438, 36.785826 ], [ -89.157137, 36.789569 ], [ -89.170563, 36.797538 ], [ -89.179133, 36.810893 ], [ -89.179201, 36.829896 ], [ -89.176544, 36.837121 ], [ -89.170443, 36.84184 ], [ -89.159005, 36.842729 ], [ -89.152681, 36.847105 ], [ -89.138109, 36.847323 ], [ -89.117115, 36.888685 ], [ -89.098983, 36.958222 ], [ -89.101038, 36.967085 ], [ -89.110946, 36.977797 ], [ -89.123442, 36.983193 ], [ -89.136559, 36.983758 ], [ -89.170173, 37.007067 ], [ -89.180151, 37.023715 ], [ -89.182467, 37.039164 ], [ -89.177857, 37.057796 ], [ -89.167079, 37.075409 ], [ -89.155655, 37.087729 ], [ -89.14607, 37.091004 ], [ -89.150582, 37.093699 ], [ -89.148177, 37.098417 ], [ -89.12585, 37.108476 ], [ -89.1095, 37.123093 ], [ -89.086712, 37.165451 ], [ -89.029866, 37.211065 ], [ -89.013154, 37.216478 ], [ -89.000065, 37.22476 ], [ -88.970008, 37.230004 ], [ -88.965978, 37.22967 ], [ -88.972948, 37.228466 ], [ -88.953154, 37.224811 ], [ -88.932684, 37.22526 ], [ -88.941922, 37.228824 ], [ -88.931513, 37.227427 ], [ -88.802606, 37.187736 ], [ -88.7615, 37.159612 ], [ -88.732499, 37.143945 ], [ -88.71946, 37.140751 ], [ -88.704374, 37.14297 ], [ -88.692608, 37.141105 ], [ -88.644042, 37.122389 ], [ -88.618689, 37.116768 ], [ -88.589865, 37.099785 ], [ -88.56651, 37.075374 ], [ -88.565696, 37.077673 ], [ -88.546925, 37.070819 ], [ -88.516686, 37.065384 ], [ -88.482624, 37.067257 ], [ -88.459941, 37.074628 ], [ -88.445614, 37.093332 ], [ -88.445776, 37.099683 ], [ -88.440626, 37.1086 ], [ -88.443424, 37.108694 ], [ -88.442984, 37.111918 ], [ -88.424657, 37.152291 ], [ -88.43306, 37.162637 ], [ -88.448038, 37.203642 ], [ -88.458517, 37.213354 ], [ -88.472174, 37.220307 ], [ -88.487437, 37.244294 ], [ -88.51141, 37.261477 ], [ -88.512154, 37.263789 ], [ -88.509155, 37.262075 ], [ -88.503942, 37.264787 ], [ -88.506727, 37.264989 ], [ -88.515903, 37.284091 ], [ -88.512435, 37.296616 ], [ -88.484683, 37.345234 ], [ -88.475283, 37.389857 ], [ -88.452813, 37.41094 ], [ -88.412114, 37.425061 ], [ -88.395218, 37.420533 ], [ -88.377147, 37.409644 ], [ -88.372137, 37.403106 ], [ -88.364465, 37.401736 ], [ -88.348398, 37.41096 ], [ -88.323633, 37.433992 ], [ -88.281631, 37.452729 ], [ -88.196539, 37.460703 ], [ -88.135161, 37.471754 ], [ -88.093876, 37.473803 ], [ -88.085457, 37.471564 ], [ -88.073122, 37.485691 ], [ -88.067844, 37.485867 ], [ -88.061114, 37.504122 ], [ -88.062827, 37.514861 ], [ -88.069011, 37.525399 ], [ -88.089444, 37.536366 ], [ -88.10574, 37.556594 ], [ -88.134281, 37.574636 ], [ -88.14059, 37.58483 ], [ -88.14078, 37.600256 ], [ -88.157993, 37.636948 ], [ -88.159157, 37.662611 ], [ -88.150547, 37.676753 ], [ -88.134215, 37.69154 ], [ -88.121522, 37.710243 ], [ -88.070314, 37.733323 ], [ -88.059333, 37.742967 ], [ -88.044585, 37.763122 ], [ -88.036316, 37.791157 ], [ -88.02985, 37.798252 ], [ -88.016289, 37.801971 ], [ -88.004715, 37.800104 ], [ -87.972851, 37.785371 ], [ -87.959833, 37.773133 ], [ -87.95184, 37.771695 ], [ -87.944855, 37.77481 ], [ -87.934129, 37.796414 ], [ -87.907375, 37.807129 ], [ -87.903647, 37.816785 ], [ -87.909967, 37.843028 ], [ -87.935562, 37.867106 ], [ -87.940977, 37.879473 ], [ -87.938163, 37.89106 ], [ -87.903864, 37.925537 ], [ -87.893637, 37.928049 ], [ -87.875025, 37.922864 ], [ -87.863785, 37.912397 ], [ -87.856787, 37.900193 ], [ -87.846489, 37.893534 ], [ -87.846443, 37.887992 ], [ -87.839668, 37.88078 ], [ -87.829773, 37.876425 ], [ -87.791429, 37.875661 ], [ -87.759239, 37.891662 ], [ -87.737351, 37.894732 ], [ -87.718208, 37.892601 ], [ -87.684414, 37.903665 ], [ -87.675011, 37.901643 ], [ -87.66684, 37.895763 ], [ -87.664033, 37.887477 ], [ -87.681684, 37.856273 ], [ -87.679411, 37.836525 ], [ -87.670344, 37.827962 ], [ -87.644161, 37.826189 ], [ -87.612446, 37.833608 ], [ -87.597532, 37.848047 ], [ -87.590267, 37.85859 ], [ -87.586304, 37.872493 ], [ -87.583925, 37.872485 ], [ -87.587141, 37.884858 ], [ -87.619824, 37.906846 ], [ -87.627317, 37.920402 ], [ -87.626411, 37.927928 ], [ -87.617404, 37.93827 ], [ -87.622429, 37.936203 ], [ -87.605813, 37.949611 ], [ -87.603155, 37.96765 ], [ -87.597764, 37.973897 ], [ -87.587408, 37.975276 ], [ -87.577809, 37.970198 ], [ -87.574233, 37.961146 ], [ -87.577511, 37.951661 ], [ -87.573567, 37.951722 ], [ -87.567023, 37.938738 ], [ -87.556045, 37.928168 ], [ -87.510567, 37.906081 ], [ -87.497631, 37.910699 ], [ -87.449131, 37.941854 ], [ -87.411991, 37.944503 ], [ -87.371688, 37.931189 ], [ -87.362085, 37.921205 ], [ -87.338787, 37.908482 ], [ -87.319982, 37.905672 ], [ -87.298655, 37.896134 ], [ -87.2555, 37.867802 ], [ -87.22026, 37.848971 ], [ -87.161704, 37.839764 ], [ -87.141115, 37.815518 ], [ -87.130068, 37.786779 ], [ -87.11073, 37.782418 ], [ -87.089279, 37.787862 ], [ -87.071533, 37.799818 ], [ -87.065414, 37.807614 ], [ -87.04324, 37.868368 ], [ -87.045878, 37.892646 ], [ -87.034166, 37.906265 ], [ -87.009975, 37.919893 ], [ -86.97618, 37.931112 ], [ -86.918922, 37.936837 ], [ -86.901983, 37.946448 ], [ -86.860914, 37.984368 ], [ -86.819689, 37.999422 ], [ -86.794965, 37.989213 ], [ -86.777839, 37.951688 ], [ -86.751121, 37.913356 ], [ -86.732545, 37.894768 ], [ -86.717436, 37.893504 ], [ -86.680788, 37.915035 ], [ -86.647853, 37.909387 ], [ -86.644257, 37.896517 ], [ -86.660653, 37.864247 ], [ -86.662241, 37.85285 ], [ -86.655233, 37.842481 ], [ -86.638279, 37.84269 ], [ -86.608655, 37.855703 ], [ -86.598194, 37.867163 ], [ -86.600126, 37.905171 ], [ -86.597226, 37.912922 ], [ -86.588687, 37.92109 ], [ -86.579416, 37.923175 ], [ -86.533836, 37.917151 ], [ -86.507341, 37.929505 ], [ -86.509318, 37.942297 ], [ -86.520176, 37.953828 ], [ -86.524937, 37.966495 ], [ -86.525138, 38.028734 ], [ -86.521712, 38.039617 ], [ -86.515907, 38.043098 ], [ -86.459773, 38.048129 ], [ -86.447898, 38.053171 ], [ -86.433923, 38.065705 ], [ -86.430518, 38.075563 ], [ -86.43233, 38.084802 ], [ -86.457408, 38.095016 ], [ -86.464682, 38.102508 ], [ -86.466352, 38.113474 ], [ -86.461241, 38.120926 ], [ -86.448991, 38.127321 ], [ -86.432344, 38.126336 ], [ -86.401879, 38.104329 ], [ -86.396463, 38.106891 ], [ -86.389316, 38.122292 ], [ -86.380768, 38.129018 ], [ -86.338671, 38.127882 ], [ -86.32512, 38.136339 ], [ -86.321133, 38.146586 ], [ -86.325874, 38.154029 ], [ -86.365342, 38.161367 ], [ -86.376728, 38.169743 ], [ -86.378471, 38.181599 ], [ -86.376013, 38.190663 ], [ -86.370952, 38.195575 ], [ -86.359772, 38.19884 ], [ -86.347401, 38.195112 ], [ -86.31883, 38.173792 ], [ -86.29282, 38.162479 ], [ -86.272847, 38.140835 ], [ -86.270396, 38.128897 ], [ -86.279116, 38.100938 ], [ -86.278554, 38.086418 ], [ -86.272773, 38.064824 ], [ -86.267805, 38.057148 ], [ -86.233339, 38.039625 ], [ -86.220242, 38.027964 ], [ -86.178178, 38.010561 ], [ -86.163186, 38.010064 ], [ -86.148929, 38.014657 ], [ -86.125329, 38.01624 ], [ -86.094602, 38.008809 ], [ -86.073858, 37.995511 ], [ -86.077279, 37.99739 ], [ -86.063745, 37.97425 ], [ -86.051105, 37.961255 ], [ -86.038906, 37.95899 ], [ -86.03411, 37.965401 ], [ -86.034999, 37.98429 ], [ -86.030358, 37.992057 ], [ -86.009467, 37.99839 ], [ -85.946509, 38.005228 ], [ -85.925654, 38.021784 ], [ -85.920652, 38.032306 ], [ -85.913868, 38.071854 ], [ -85.905052, 38.089957 ], [ -85.909096, 38.142341 ], [ -85.90618, 38.167906 ], [ -85.882666, 38.200847 ], [ -85.852035, 38.2223 ], [ -85.843599, 38.232179 ], [ -85.838921, 38.240331 ], [ -85.836588, 38.264072 ], [ -85.829065, 38.276554 ], [ -85.818402, 38.282169 ], [ -85.781188, 38.288307 ], [ -85.766394, 38.280546 ], [ -85.766911, 38.276591 ], [ -85.760922, 38.271914 ], [ -85.743475, 38.267294 ], [ -85.679962, 38.297585 ], [ -85.652264, 38.328792 ], [ -85.639385, 38.361106 ], [ -85.637454, 38.382219 ], [ -85.631833, 38.398427 ], [ -85.62034, 38.423414 ], [ -85.606954, 38.438574 ], [ -85.582753, 38.451043 ], [ -85.534354, 38.455781 ], [ -85.505707, 38.464717 ], [ -85.488889, 38.477652 ], [ -85.469689, 38.508012 ], [ -85.434234, 38.523264 ], [ -85.419532, 38.53533 ], [ -85.415555, 38.544969 ], [ -85.415653, 38.563209 ], [ -85.438044, 38.604547 ], [ -85.438629, 38.65889 ], [ -85.456723, 38.686357 ], [ -85.451784, 38.71015 ], [ -85.451544, 38.707904 ], [ -85.435947, 38.72871 ], [ -85.414144, 38.736859 ], [ -85.364447, 38.730429 ], [ -85.306101, 38.741528 ], [ -85.272376, 38.74074 ], [ -85.246455, 38.731746 ], [ -85.226418, 38.705993 ], [ -85.213053, 38.695453 ], [ -85.188871, 38.687585 ], [ -85.173161, 38.688007 ], [ -85.137407, 38.699867 ], [ -85.102014, 38.726297 ], [ -85.012247, 38.765976 ], [ -84.991924, 38.778284 ], [ -84.941119, 38.775688 ], [ -84.887421, 38.794831 ], [ -84.828857, 38.783271 ], [ -84.813819, 38.785075 ], [ -84.811599, 38.79196 ], [ -84.813991, 38.800217 ], [ -84.82702, 38.818527 ], [ -84.830045, 38.83014 ], [ -84.823645, 38.838921 ], [ -84.791524, 38.859974 ], [ -84.785735, 38.86996 ], [ -84.785275, 38.880425 ], [ -84.793159, 38.887418 ], [ -84.81216, 38.89498 ], [ -84.866635, 38.898805 ], [ -84.877247, 38.909413 ], [ -84.879309, 38.916102 ], [ -84.87692, 38.921669 ], [ -84.834252, 38.958771 ], [ -84.830049, 38.97256 ], [ -84.838579, 38.989902 ], [ -84.871824, 39.027756 ], [ -84.885774, 39.037661 ], [ -84.897371, 39.0574 ], [ -84.889059, 39.066126 ], [ -84.861019, 39.077986 ], [ -84.832435, 39.100489 ], [ -84.787768, 39.115313 ], [ -84.766178, 39.13915 ], [ -84.749969, 39.147732 ], [ -84.732081, 39.144547 ], [ -84.719896, 39.13789 ], [ -84.686478, 39.101109 ], [ -84.658517, 39.095812 ], [ -84.632532, 39.076634 ], [ -84.618343, 39.073304 ], [ -84.60385, 39.073727 ], [ -84.571906, 39.08243 ], [ -84.550816, 39.099548 ], [ -84.540663, 39.099101 ], [ -84.525626, 39.092478 ], [ -84.510338, 39.093873 ], [ -84.497025, 39.100358 ], [ -84.475797, 39.119938 ], [ -84.464555, 39.122016 ], [ -84.452534, 39.119239 ], [ -84.44322, 39.112174 ], [ -84.43516, 39.100362 ], [ -84.432732, 39.066834 ], [ -84.430561, 39.05874 ], [ -84.423868, 39.05286 ], [ -84.428564, 39.055579 ], [ -84.426389, 39.053134 ], [ -84.408054, 39.045934 ], [ -84.376913, 39.044163 ], [ -84.347599, 39.03758 ], [ -84.32662, 39.027262 ], [ -84.306074, 39.007753 ], [ -84.297732, 38.989743 ], [ -84.295796, 38.969209 ], [ -84.288777, 38.955644 ], [ -84.257039, 38.922649 ], [ -84.23434, 38.893265 ], [ -84.231864, 38.83272 ], [ -84.225298, 38.817461 ], [ -84.213115, 38.805835 ], [ -84.147212, 38.792861 ], [ -84.09246, 38.774422 ], [ -84.070779, 38.770414 ], [ -84.043753, 38.77067 ], [ -83.978095, 38.787363 ], [ -83.962367, 38.787521 ], [ -83.943207, 38.783176 ], [ -83.925661, 38.771208 ], [ -83.869407, 38.761301 ], [ -83.858316, 38.756325 ], [ -83.848891, 38.747477 ], [ -83.841556, 38.723919 ], [ -83.836759, 38.717718 ], [ -83.82189, 38.709537 ], [ -83.792072, 38.702301 ], [ -83.784463, 38.696723 ], [ -83.775732, 38.666713 ], [ -83.76912, 38.655075 ], [ -83.748254, 38.64927 ], [ -83.720862, 38.646674 ], [ -83.668395, 38.626453 ], [ -83.647842, 38.632404 ], [ -83.641594, 38.644067 ], [ -83.636212, 38.667928 ], [ -83.62553, 38.678876 ], [ -83.611516, 38.684653 ], [ -83.601861, 38.683981 ], [ -83.545224, 38.699928 ], [ -83.520883, 38.703062 ], [ -83.493636, 38.694518 ], [ -83.46771, 38.675348 ], [ -83.445399, 38.66999 ], [ -83.384858, 38.663111 ], [ -83.362775, 38.65722 ], [ -83.327743, 38.637831 ], [ -83.322151, 38.63008 ], [ -83.316587, 38.608004 ], [ -83.305219, 38.599411 ], [ -83.293181, 38.596714 ], [ -83.281876, 38.603209 ], [ -83.264263, 38.621401 ], [ -83.245664, 38.628564 ], [ -83.230887, 38.627104 ], [ -83.204364, 38.616775 ], [ -83.150979, 38.61998 ], [ -83.134754, 38.632013 ], [ -83.126693, 38.644393 ], [ -83.122067, 38.660098 ], [ -83.112384, 38.671623 ], [ -83.06218, 38.689669 ], [ -83.052491, 38.696341 ], [ -83.02771, 38.727156 ], [ -83.007851, 38.730005 ], [ -82.977371, 38.726192 ], [ -82.920919, 38.750917 ], [ -82.894682, 38.756532 ], [ -82.87954, 38.751298 ], [ -82.873001, 38.74315 ], [ -82.869873, 38.727774 ], [ -82.877493, 38.689465 ], [ -82.860383, 38.662882 ], [ -82.854455, 38.613769 ], [ -82.842472, 38.58891 ], [ -82.821214, 38.573393 ], [ -82.795871, 38.56181 ], [ -82.727905, 38.558871 ], [ -82.698285, 38.54377 ], [ -82.657694, 38.497426 ], [ -82.639222, 38.485344 ], [ -82.612604, 38.473556 ], [ -82.603646, 38.459223 ], [ -82.600543, 38.43746 ], [ -82.593409, 38.42188 ], [ -82.597048, 38.411215 ], [ -82.594554, 38.398269 ], [ -82.599458, 38.390781 ], [ -82.592738, 38.376807 ], [ -82.597594, 38.364912 ], [ -82.598121, 38.345933 ], [ -82.57672, 38.328515 ], [ -82.571756, 38.317195 ], [ -82.583035, 38.296807 ], [ -82.574098, 38.274635 ], [ -82.574518, 38.264505 ], [ -82.583317, 38.246793 ], [ -82.604625, 38.247662 ], [ -82.612216, 38.236297 ], [ -82.608615, 38.223499 ], [ -82.598295, 38.217361 ], [ -82.599137, 38.197205 ], [ -82.611601, 38.171339 ], [ -82.619365, 38.168877 ], [ -82.638855, 38.171149 ], [ -82.644539, 38.165249 ], [ -82.638628, 38.155915 ], [ -82.636573, 38.13802 ], [ -82.621835, 38.133291 ], [ -82.619228, 38.12054 ], [ -82.606161, 38.120785 ], [ -82.587006, 38.108664 ], [ -82.583357, 38.090032 ], [ -82.573853, 38.081919 ], [ -82.565989, 38.080997 ], [ -82.559632, 38.072781 ], [ -82.549849, 38.069452 ], [ -82.544155, 38.052592 ], [ -82.537099, 38.044651 ], [ -82.538718, 38.0374 ], [ -82.526318, 38.026971 ], [ -82.525069, 38.017503 ], [ -82.519755, 38.008375 ], [ -82.515547, 38.006607 ], [ -82.519193, 38.001131 ], [ -82.488655, 37.998912 ], [ -82.483594, 37.983844 ], [ -82.47219, 37.98671 ], [ -82.464566, 37.983876 ], [ -82.464557, 37.977441 ], [ -82.468851, 37.97323 ], [ -82.484431, 37.970921 ], [ -82.484459, 37.963578 ], [ -82.471775, 37.958739 ], [ -82.485559, 37.945806 ], [ -82.497571, 37.945952 ], [ -82.496969, 37.94202 ], [ -82.489277, 37.938217 ], [ -82.49134, 37.935743 ], [ -82.499954, 37.936821 ], [ -82.502198, 37.933052 ], [ -82.495941, 37.926954 ], [ -82.480657, 37.926169 ], [ -82.488346, 37.917724 ], [ -82.475574, 37.911843 ], [ -82.474407, 37.899955 ], [ -82.47139, 37.899086 ], [ -82.468382, 37.903207 ], [ -82.467965, 37.913927 ], [ -82.462991, 37.91482 ], [ -82.459994, 37.909536 ], [ -82.451896, 37.908551 ], [ -82.437565, 37.899786 ], [ -82.432032, 37.889876 ], [ -82.419929, 37.88487 ], [ -82.41756, 37.870279 ], [ -82.407513, 37.867297 ], [ -82.424623, 37.861449 ], [ -82.414709, 37.85597 ], [ -82.420493, 37.846433 ], [ -82.412937, 37.844801 ], [ -82.408657, 37.836069 ], [ -82.399346, 37.829523 ], [ -82.401322, 37.809512 ], [ -82.396622, 37.808932 ], [ -82.386725, 37.818225 ], [ -82.376641, 37.802207 ], [ -82.369037, 37.801259 ], [ -82.363889, 37.795002 ], [ -82.355053, 37.793354 ], [ -82.349026, 37.786933 ], [ -82.340086, 37.785625 ], [ -82.337465, 37.774914 ], [ -82.323886, 37.774995 ], [ -82.323058, 37.772678 ], [ -82.333605, 37.76715 ], [ -82.33338, 37.764414 ], [ -82.32852, 37.762118 ], [ -82.311545, 37.764579 ], [ -82.310982, 37.76124 ], [ -82.319647, 37.75829 ], [ -82.321288, 37.751563 ], [ -82.334174, 37.742771 ], [ -82.318854, 37.733695 ], [ -82.316105, 37.721081 ], [ -82.311423, 37.718474 ], [ -82.307678, 37.708006 ], [ -82.296375, 37.702185 ], [ -82.30294, 37.693611 ], [ -82.295924, 37.686182 ], [ -82.304314, 37.676093 ], [ -82.295032, 37.678053 ], [ -82.294561, 37.670433 ], [ -82.288119, 37.668108 ], [ -82.282486, 37.675925 ], [ -82.271312, 37.663617 ], [ -82.258068, 37.656883 ], [ -82.240894, 37.661531 ], [ -82.236066, 37.659634 ], [ -82.226156, 37.652913 ], [ -82.224155, 37.644713 ], [ -82.216848, 37.641598 ], [ -82.220503, 37.634769 ], [ -82.214499, 37.6254 ], [ -82.187228, 37.626984 ], [ -82.186699, 37.635142 ], [ -82.191116, 37.644586 ], [ -82.185806, 37.648595 ], [ -82.175075, 37.647832 ], [ -82.177636, 37.640849 ], [ -82.172412, 37.632634 ], [ -82.181691, 37.627147 ], [ -82.181198, 37.62151 ], [ -82.176726, 37.618152 ], [ -82.168975, 37.621907 ], [ -82.164246, 37.62029 ], [ -82.169614, 37.613027 ], [ -82.168775, 37.60908 ], [ -82.156683, 37.608969 ], [ -82.156851, 37.592723 ], [ -82.148382, 37.59072 ], [ -82.139885, 37.594967 ], [ -82.131288, 37.592707 ], [ -82.12734, 37.586545 ], [ -82.124422, 37.577358 ], [ -82.12624, 37.573738 ], [ -82.141764, 37.571086 ], [ -82.144914, 37.567655 ], [ -82.134424, 37.562928 ], [ -82.135324, 37.557351 ], [ -82.132085, 37.552366 ], [ -82.123414, 37.55153 ], [ -82.117997, 37.558987 ], [ -82.104808, 37.560191 ], [ -82.10196, 37.55842 ], [ -82.104026, 37.552872 ], [ -82.075179, 37.555853 ], [ -82.06391, 37.543125 ], [ -82.064835, 37.537196 ], [ -82.050299, 37.535436 ], [ -82.046155, 37.52794 ], [ -82.041998, 37.534193 ], [ -82.045051, 37.545675 ], [ -82.042321, 37.548225 ], [ -82.029638, 37.537849 ], [ -82.018546, 37.540358 ], [ -82.016006, 37.533954 ], [ -82.011169, 37.532881 ], [ -81.998213, 37.543317 ], [ -81.994149, 37.537745 ], [ -81.989106, 37.54278 ], [ -81.981244, 37.542245 ], [ -81.973239, 37.546577 ], [ -81.964872, 37.542937 ], [ -81.967984, 37.538054 ], [ -82.31575, 37.295029 ], [ -82.324725, 37.283042 ], [ -82.343841, 37.280739 ], [ -82.342129, 37.27405 ], [ -82.349035, 37.271945 ], [ -82.349, 37.267975 ], [ -82.430493, 37.246859 ], [ -82.439694, 37.247123 ], [ -82.457403, 37.238291 ], [ -82.48655, 37.231188 ], [ -82.49141, 37.225071 ], [ -82.498755, 37.227029 ], [ -82.520908, 37.212173 ], [ -82.528683, 37.213882 ], [ -82.532091, 37.212198 ], [ -82.532898, 37.206664 ], [ -82.541382, 37.20661 ], [ -82.546004, 37.203076 ], [ -82.550677, 37.204542 ] ] ] ] } },
{ "type": "Feature", "properties": { "STUSPS": "WV", "NAME": "West Virginia", "region_name": "South", "division_name": "South Atlantic" }, "geometry": { "type": "Polygon", "coordinates": [ [ [ -77.759655, 39.337529 ], [ -77.719519, 39.321314 ], [ -77.73841, 39.308191 ], [ -77.748295, 39.293696 ], [ -77.75838, 39.265086 ], [ -77.762928, 39.258273 ], [ -77.770102, 39.256369 ], [ -77.770937, 39.249446 ], [ -77.767227, 39.249009 ], [ -77.771365, 39.236493 ], [ -77.780799, 39.228721 ], [ -77.792663, 39.211388 ], [ -77.806049, 39.171737 ], [ -77.82137, 39.152351 ], [ -77.822101, 39.140105 ], [ -77.828299, 39.132426 ], [ -78.158193, 39.343391 ], [ -78.262785, 39.414323 ], [ -78.347087, 39.466012 ], [ -78.349798, 39.461807 ], [ -78.345143, 39.459484 ], [ -78.346546, 39.442616 ], [ -78.353227, 39.436792 ], [ -78.346718, 39.427618 ], [ -78.356938, 39.416929 ], [ -78.359918, 39.409028 ], [ -78.349436, 39.397252 ], [ -78.350924, 39.390985 ], [ -78.343214, 39.388807 ], [ -78.366867, 39.35929 ], [ -78.340415, 39.353628 ], [ -78.339284, 39.348605 ], [ -78.347409, 39.343402 ], [ -78.346301, 39.339108 ], [ -78.360035, 39.317771 ], [ -78.364074, 39.31882 ], [ -78.367242, 39.310148 ], [ -78.385884, 39.294888 ], [ -78.393371, 39.282988 ], [ -78.402886, 39.278624 ], [ -78.402783, 39.275471 ], [ -78.419422, 39.257476 ], [ -78.399669, 39.243874 ], [ -78.404214, 39.241214 ], [ -78.405585, 39.231176 ], [ -78.438695, 39.198093 ], [ -78.424905, 39.193301 ], [ -78.428697, 39.187217 ], [ -78.426315, 39.182762 ], [ -78.418944, 39.177354 ], [ -78.414844, 39.177835 ], [ -78.403697, 39.167451 ], [ -78.413943, 39.158415 ], [ -78.427294, 39.152726 ], [ -78.436658, 39.141691 ], [ -78.439429, 39.132146 ], [ -78.459869, 39.113351 ], [ -78.475376, 39.107469 ], [ -78.479597, 39.109505 ], [ -78.49516, 39.100992 ], [ -78.516479, 39.081802 ], [ -78.522714, 39.071062 ], [ -78.540216, 39.060631 ], [ -78.571901, 39.031995 ], [ -78.550467, 39.018065 ], [ -78.570462, 39.001552 ], [ -78.601655, 38.964603 ], [ -78.610197, 38.970476 ], [ -78.611184, 38.976134 ], [ -78.618676, 38.974082 ], [ -78.620453, 38.982601 ], [ -78.627798, 38.98179 ], [ -78.638423, 38.966819 ], [ -78.646589, 38.968138 ], [ -78.670679, 38.9338 ], [ -78.680456, 38.925313 ], [ -78.688266, 38.92478 ], [ -78.697437, 38.914359 ], [ -78.704323, 38.915231 ], [ -78.716631, 38.904475 ], [ -78.719291, 38.90523 ], [ -78.720832, 38.913633 ], [ -78.717076, 38.936028 ], [ -78.722442, 38.931408 ], [ -78.739147, 38.927134 ], [ -78.750517, 38.916028 ], [ -78.750357, 38.911675 ], [ -78.759085, 38.900529 ], [ -78.786025, 38.887187 ], [ -78.79633, 38.875111 ], [ -78.829056, 38.818625 ], [ -78.869261, 38.76298 ], [ -78.993761, 38.850021 ], [ -78.999752, 38.846162 ], [ -78.999014, 38.840074 ], [ -79.006552, 38.823712 ], [ -79.018552, 38.818812 ], [ -79.019842, 38.811711 ], [ -79.024053, 38.809212 ], [ -79.023041, 38.798611 ], [ -79.027253, 38.792113 ], [ -79.046554, 38.792113 ], [ -79.054954, 38.785713 ], [ -79.051268, 38.773602 ], [ -79.055654, 38.770913 ], [ -79.057254, 38.760713 ], [ -79.072355, 38.747813 ], [ -79.085455, 38.724614 ], [ -79.092955, 38.701715 ], [ -79.090755, 38.692515 ], [ -79.084455, 38.685116 ], [ -79.092246, 38.668114 ], [ -79.092755, 38.659817 ], [ -79.106356, 38.656217 ], [ -79.120453, 38.660208 ], [ -79.129756, 38.655018 ], [ -79.137557, 38.638017 ], [ -79.151457, 38.620218 ], [ -79.154357, 38.606518 ], [ -79.159258, 38.600919 ], [ -79.158257, 38.593119 ], [ -79.170858, 38.574119 ], [ -79.170954, 38.568116 ], [ -79.176658, 38.56552 ], [ -79.184058, 38.55152 ], [ -79.205859, 38.524521 ], [ -79.210959, 38.508022 ], [ -79.206959, 38.503522 ], [ -79.210591, 38.492913 ], [ -79.219067, 38.487441 ], [ -79.225669, 38.476471 ], [ -79.239881, 38.470079 ], [ -79.242668, 38.454181 ], [ -79.254482, 38.45593 ], [ -79.267319, 38.438274 ], [ -79.282754, 38.431694 ], [ -79.279683, 38.423733 ], [ -79.28294, 38.4181 ], [ -79.290695, 38.421038 ], [ -79.312276, 38.411876 ], [ -79.476638, 38.457228 ], [ -79.521469, 38.534118 ], [ -79.53197, 38.542417 ], [ -79.53687, 38.550917 ], [ -79.555471, 38.560217 ], [ -79.571771, 38.563117 ], [ -79.649175, 38.591415 ], [ -79.657975, 38.573316 ], [ -79.662875, 38.570416 ], [ -79.659275, 38.562416 ], [ -79.665075, 38.560916 ], [ -79.669775, 38.550316 ], [ -79.670875, 38.541016 ], [ -79.666873, 38.538317 ], [ -79.672974, 38.528717 ], [ -79.666774, 38.524317 ], [ -79.662174, 38.515217 ], [ -79.668474, 38.512317 ], [ -79.670486, 38.507659 ], [ -79.680374, 38.510617 ], [ -79.682974, 38.501317 ], [ -79.688345, 38.496183 ], [ -79.692273, 38.496474 ], [ -79.697572, 38.487223 ], [ -79.693397, 38.480183 ], [ -79.699473, 38.474527 ], [ -79.69912, 38.470288 ], [ -79.691086, 38.463743 ], [ -79.688366, 38.45687 ], [ -79.688105, 38.450444 ], [ -79.691479, 38.446283 ], [ -79.689667, 38.431462 ], [ -79.706634, 38.41573 ], [ -79.729512, 38.381194 ], [ -79.731698, 38.373376 ], [ -79.72679, 38.370832 ], [ -79.725597, 38.363828 ], [ -79.735309, 38.35524 ], [ -79.742177, 38.353248 ], [ -79.75556, 38.357372 ], [ -79.764432, 38.356514 ], [ -79.770349, 38.3478 ], [ -79.767594, 38.344302 ], [ -79.77309, 38.335529 ], [ -79.79655, 38.32348 ], [ -79.810154, 38.306707 ], [ -79.802778, 38.292073 ], [ -79.797695, 38.292004 ], [ -79.791655, 38.284653 ], [ -79.786467, 38.274649 ], [ -79.788945, 38.268703 ], [ -79.798298, 38.265957 ], [ -79.806336, 38.259193 ], [ -79.811989, 38.260398 ], [ -79.814864, 38.251569 ], [ -79.819625, 38.248232 ], [ -79.830886, 38.249689 ], [ -79.835113, 38.241897 ], [ -79.845212, 38.241074 ], [ -79.850326, 38.233324 ], [ -79.856972, 38.231067 ], [ -79.874594, 38.212976 ], [ -79.882955, 38.206939 ], [ -79.890322, 38.205859 ], [ -79.897335, 38.193381 ], [ -79.907387, 38.18797 ], [ -79.91441, 38.188418 ], [ -79.920075, 38.182529 ], [ -79.921026, 38.179954 ], [ -79.916454, 38.176817 ], [ -79.918823, 38.170117 ], [ -79.914864, 38.167724 ], [ -79.916206, 38.163094 ], [ -79.919515, 38.162649 ], [ -79.918662, 38.15479 ], [ -79.926143, 38.149557 ], [ -79.932749, 38.136159 ], [ -79.945258, 38.132239 ], [ -79.938946, 38.111628 ], [ -79.926397, 38.106543 ], [ -79.95437, 38.080401 ], [ -79.961647, 38.067415 ], [ -79.960162, 38.062547 ], [ -79.973895, 38.040004 ], [ -79.971601, 38.035232 ], [ -79.98029, 38.027596 ], [ -79.986142, 38.014182 ], [ -79.995488, 38.007125 ], [ -79.999383, 37.994908 ], [ -80.012193, 37.988633 ], [ -80.013145, 37.984253 ], [ -80.056056, 37.951959 ], [ -80.074514, 37.942221 ], [ -80.096563, 37.918112 ], [ -80.102931, 37.918911 ], [ -80.118967, 37.903614 ], [ -80.117747, 37.89772 ], [ -80.129768, 37.894159 ], [ -80.141522, 37.882436 ], [ -80.148951, 37.886892 ], [ -80.149848, 37.883364 ], [ -80.162202, 37.875122 ], [ -80.176741, 37.852757 ], [ -80.182755, 37.851365 ], [ -80.183555, 37.84681 ], [ -80.179391, 37.839751 ], [ -80.192966, 37.83475 ], [ -80.206482, 37.81597 ], [ -80.218611, 37.809783 ], [ -80.22769, 37.797892 ], [ -80.229489, 37.792331 ], [ -80.22304, 37.786723 ], [ -80.223485, 37.782444 ], [ -80.215892, 37.781989 ], [ -80.216605, 37.775961 ], [ -80.230458, 37.778305 ], [ -80.240863, 37.772442 ], [ -80.241437, 37.768058 ], [ -80.248389, 37.76825 ], [ -80.251656, 37.763247 ], [ -80.250879, 37.755516 ], [ -80.257411, 37.756084 ], [ -80.262765, 37.738336 ], [ -80.260313, 37.733517 ], [ -80.252024, 37.729825 ], [ -80.253077, 37.725899 ], [ -80.264406, 37.718786 ], [ -80.287107, 37.696404 ], [ -80.295916, 37.692838 ], [ -80.279372, 37.657077 ], [ -80.267504, 37.646156 ], [ -80.240791, 37.638324 ], [ -80.220984, 37.627767 ], [ -80.240272, 37.606961 ], [ -80.258919, 37.595499 ], [ -80.328504, 37.564315 ], [ -80.312201, 37.54622 ], [ -80.327491, 37.54014 ], [ -80.330368, 37.536267 ], [ -80.309347, 37.52738 ], [ -80.291667, 37.536516 ], [ -80.282391, 37.533519 ], [ -80.299789, 37.508271 ], [ -80.3271, 37.495377 ], [ -80.366837, 37.484879 ], [ -80.363171, 37.480001 ], [ -80.371951, 37.474069 ], [ -80.425629, 37.449885 ], [ -80.464816, 37.426145 ], [ -80.475465, 37.422953 ], [ -80.49486, 37.435072 ], [ -80.497279, 37.44478 ], [ -80.492981, 37.457749 ], [ -80.511391, 37.481672 ], [ -80.536889, 37.474008 ], [ -80.552036, 37.473563 ], [ -80.616802, 37.439443 ], [ -80.622664, 37.433307 ], [ -80.63439, 37.431227 ], [ -80.645893, 37.422147 ], [ -80.716298, 37.388694 ], [ -80.770082, 37.372363 ], [ -80.784188, 37.394587 ], [ -80.805743, 37.397954 ], [ -80.808587, 37.406537 ], [ -80.837235, 37.425406 ], [ -80.846325, 37.423395 ], [ -80.859457, 37.429491 ], [ -80.865274, 37.420113 ], [ -80.863003, 37.411514 ], [ -80.883247, 37.383933 ], [ -80.849451, 37.346909 ], [ -80.868986, 37.338573 ], [ -80.89916, 37.315678 ], [ -80.944173, 37.296575 ], [ -80.977008, 37.291807 ], [ -80.982173, 37.296023 ], [ -80.979589, 37.302279 ], [ -81.036133, 37.290252 ], [ -81.104147, 37.280605 ], [ -81.167029, 37.262881 ], [ -81.225104, 37.234874 ], [ -81.320105, 37.299323 ], [ -81.364492, 37.337996 ], [ -81.372749, 37.320248 ], [ -81.379413, 37.317566 ], [ -81.386312, 37.320638 ], [ -81.394287, 37.316411 ], [ -81.398678, 37.310248 ], [ -81.396817, 37.304498 ], [ -81.40506, 37.298794 ], [ -81.4023, 37.29581 ], [ -81.411593, 37.28033 ], [ -81.415954, 37.278936 ], [ -81.416029, 37.273626 ], [ -81.427946, 37.271015 ], [ -81.435596, 37.274165 ], [ -81.439507, 37.270909 ], [ -81.447655, 37.272245 ], [ -81.460585, 37.265527 ], [ -81.458873, 37.262872 ], [ -81.462107, 37.259899 ], [ -81.47614, 37.255635 ], [ -81.480144, 37.251121 ], [ -81.492287, 37.25096 ], [ -81.499096, 37.257952 ], [ -81.50652, 37.245246 ], [ -81.507636, 37.233712 ], [ -81.545566, 37.220161 ], [ -81.554705, 37.20799 ], [ -81.678221, 37.20154 ], [ -81.683268, 37.205649 ], [ -81.683618, 37.211625 ], [ -81.695113, 37.21357 ], [ -81.699334, 37.219921 ], [ -81.71573, 37.228771 ], [ -81.716248, 37.234321 ], [ -81.723061, 37.240493 ], [ -81.740124, 37.237752 ], [ -81.744376, 37.24333 ], [ -81.740897, 37.254317 ], [ -81.74566, 37.258094 ], [ -81.74609, 37.263702 ], [ -81.757576, 37.268552 ], [ -81.757137, 37.276147 ], [ -81.773244, 37.273912 ], [ -81.782448, 37.28232 ], [ -81.789294, 37.284416 ], [ -81.793122, 37.281168 ], [ -81.793595, 37.284838 ], [ -81.800676, 37.285676 ], [ -81.825751, 37.279093 ], [ -81.83447, 37.281762 ], [ -81.834432, 37.285417 ], [ -81.849949, 37.285227 ], [ -81.854065, 37.290037 ], [ -81.85446, 37.30657 ], [ -81.859624, 37.304765 ], [ -81.865683, 37.309484 ], [ -81.860489, 37.315942 ], [ -81.872452, 37.322362 ], [ -81.879354, 37.332493 ], [ -81.893884, 37.330016 ], [ -81.897743, 37.333214 ], [ -81.899601, 37.341607 ], [ -81.907161, 37.342636 ], [ -81.91022, 37.348955 ], [ -81.91765, 37.349153 ], [ -81.921762, 37.357073 ], [ -81.928462, 37.360461 ], [ -81.926045, 37.365513 ], [ -81.933382, 37.369341 ], [ -81.931143, 37.375757 ], [ -81.936744, 37.38073 ], [ -81.931811, 37.385479 ], [ -81.933883, 37.390652 ], [ -81.928778, 37.393845 ], [ -81.930042, 37.405291 ], [ -81.924282, 37.407316 ], [ -81.922956, 37.411389 ], [ -81.932468, 37.415217 ], [ -81.938912, 37.422002 ], [ -81.940553, 37.429058 ], [ -81.935647, 37.431999 ], [ -81.935621, 37.438397 ], [ -81.945765, 37.440214 ], [ -81.949124, 37.445575 ], [ -81.957579, 37.449123 ], [ -81.970383, 37.447688 ], [ -81.968795, 37.451496 ], [ -81.976176, 37.457186 ], [ -81.987006, 37.454878 ], [ -81.995649, 37.469833 ], [ -81.996578, 37.476705 ], [ -81.990896, 37.484431 ], [ -81.977593, 37.484603 ], [ -81.964986, 37.493488 ], [ -81.953264, 37.491763 ], [ -81.953147, 37.501314 ], [ -81.945957, 37.501901 ], [ -81.943045, 37.508609 ], [ -81.927681, 37.512113 ], [ -81.926463, 37.514705 ], [ -81.934057, 37.519469 ], [ -81.937761, 37.51358 ], [ -81.944259, 37.513277 ], [ -81.943508, 37.52076 ], [ -81.947613, 37.525908 ], [ -81.943853, 37.531161 ], [ -81.95418, 37.528144 ], [ -81.957389, 37.529605 ], [ -81.957528, 37.535505 ], [ -81.967718, 37.533097 ], [ -81.964872, 37.542937 ], [ -81.970092, 37.546724 ], [ -81.98173, 37.542144 ], [ -81.989106, 37.54278 ], [ -81.994149, 37.537745 ], [ -81.998289, 37.543298 ], [ -82.010808, 37.532865 ], [ -82.016006, 37.533954 ], [ -82.019617, 37.540645 ], [ -82.029638, 37.537849 ], [ -82.037017, 37.542459 ], [ -82.039241, 37.547798 ], [ -82.042983, 37.548064 ], [ -82.045023, 37.544723 ], [ -82.041998, 37.534193 ], [ -82.046155, 37.52794 ], [ -82.050299, 37.535436 ], [ -82.064835, 37.537196 ], [ -82.06391, 37.543125 ], [ -82.075179, 37.555853 ], [ -82.104026, 37.552872 ], [ -82.10196, 37.55842 ], [ -82.104808, 37.560191 ], [ -82.117997, 37.558987 ], [ -82.123414, 37.55153 ], [ -82.133247, 37.552832 ], [ -82.134424, 37.562928 ], [ -82.144914, 37.567655 ], [ -82.141764, 37.571086 ], [ -82.12624, 37.573738 ], [ -82.124422, 37.577358 ], [ -82.12734, 37.586545 ], [ -82.131288, 37.592707 ], [ -82.139885, 37.594967 ], [ -82.148382, 37.59072 ], [ -82.156851, 37.592723 ], [ -82.156683, 37.608969 ], [ -82.168775, 37.60908 ], [ -82.169614, 37.613027 ], [ -82.164246, 37.62029 ], [ -82.168975, 37.621907 ], [ -82.176726, 37.618152 ], [ -82.181198, 37.62151 ], [ -82.181691, 37.627147 ], [ -82.172412, 37.632634 ], [ -82.177636, 37.640849 ], [ -82.175075, 37.647832 ], [ -82.185806, 37.648595 ], [ -82.191116, 37.644586 ], [ -82.186699, 37.635142 ], [ -82.187228, 37.626984 ], [ -82.214499, 37.6254 ], [ -82.220503, 37.634769 ], [ -82.216848, 37.641598 ], [ -82.224155, 37.644713 ], [ -82.226156, 37.652913 ], [ -82.236066, 37.659634 ], [ -82.240894, 37.661531 ], [ -82.258068, 37.656883 ], [ -82.271312, 37.663617 ], [ -82.282486, 37.675925 ], [ -82.288119, 37.668108 ], [ -82.294561, 37.670433 ], [ -82.295032, 37.678053 ], [ -82.304314, 37.676093 ], [ -82.295924, 37.686182 ], [ -82.30294, 37.693611 ], [ -82.296375, 37.702185 ], [ -82.307678, 37.708006 ], [ -82.311423, 37.718474 ], [ -82.316105, 37.721081 ], [ -82.318854, 37.733695 ], [ -82.334174, 37.742771 ], [ -82.321288, 37.751563 ], [ -82.319647, 37.75829 ], [ -82.310982, 37.76124 ], [ -82.311545, 37.764579 ], [ -82.32852, 37.762118 ], [ -82.33338, 37.764414 ], [ -82.333605, 37.76715 ], [ -82.323058, 37.772678 ], [ -82.323886, 37.774995 ], [ -82.337465, 37.774914 ], [ -82.340086, 37.785625 ], [ -82.349026, 37.786933 ], [ -82.355053, 37.793354 ], [ -82.363889, 37.795002 ], [ -82.369037, 37.801259 ], [ -82.376641, 37.802207 ], [ -82.386725, 37.818225 ], [ -82.396622, 37.808932 ], [ -82.401459, 37.809666 ], [ -82.399346, 37.829523 ], [ -82.408657, 37.836069 ], [ -82.412937, 37.844801 ], [ -82.420493, 37.846433 ], [ -82.414709, 37.85597 ], [ -82.424623, 37.861449 ], [ -82.407513, 37.867297 ], [ -82.41756, 37.870279 ], [ -82.419929, 37.88487 ], [ -82.432032, 37.889876 ], [ -82.437565, 37.899786 ], [ -82.451896, 37.908551 ], [ -82.459994, 37.909536 ], [ -82.462991, 37.91482 ], [ -82.467965, 37.913927 ], [ -82.468382, 37.903207 ], [ -82.47139, 37.899086 ], [ -82.474407, 37.899955 ], [ -82.475574, 37.911843 ], [ -82.488346, 37.917724 ], [ -82.480657, 37.926169 ], [ -82.495941, 37.926954 ], [ -82.502434, 37.933453 ], [ -82.499954, 37.936821 ], [ -82.49134, 37.935743 ], [ -82.489277, 37.938217 ], [ -82.496969, 37.94202 ], [ -82.49722, 37.946245 ], [ -82.485559, 37.945806 ], [ -82.471775, 37.958739 ], [ -82.484459, 37.963578 ], [ -82.484431, 37.970921 ], [ -82.468851, 37.97323 ], [ -82.464557, 37.977441 ], [ -82.464566, 37.983876 ], [ -82.47219, 37.98671 ], [ -82.483594, 37.983844 ], [ -82.488655, 37.998912 ], [ -82.519193, 38.001131 ], [ -82.515547, 38.006607 ], [ -82.519755, 38.008375 ], [ -82.525069, 38.017503 ], [ -82.526318, 38.026971 ], [ -82.538718, 38.0374 ], [ -82.537099, 38.044651 ], [ -82.544155, 38.052592 ], [ -82.549849, 38.069452 ], [ -82.559632, 38.072781 ], [ -82.565989, 38.080997 ], [ -82.573853, 38.081919 ], [ -82.583357, 38.090032 ], [ -82.587006, 38.108664 ], [ -82.606161, 38.120785 ], [ -82.619228, 38.12054 ], [ -82.621835, 38.133291 ], [ -82.636573, 38.13802 ], [ -82.638628, 38.155915 ], [ -82.644539, 38.165249 ], [ -82.638855, 38.171149 ], [ -82.619365, 38.168877 ], [ -82.611601, 38.171339 ], [ -82.599137, 38.197205 ], [ -82.598295, 38.217361 ], [ -82.608615, 38.223499 ], [ -82.612216, 38.236297 ], [ -82.604625, 38.247662 ], [ -82.583317, 38.246793 ], [ -82.574624, 38.263937 ], [ -82.574098, 38.274635 ], [ -82.583035, 38.296807 ], [ -82.571756, 38.317195 ], [ -82.57672, 38.328515 ], [ -82.598121, 38.345933 ], [ -82.597594, 38.364912 ], [ -82.592738, 38.376807 ], [ -82.599458, 38.390781 ], [ -82.594554, 38.398269 ], [ -82.597067, 38.410815 ], [ -82.59348, 38.421821 ], [ -82.588803, 38.413634 ], [ -82.573425, 38.405689 ], [ -82.541006, 38.4038 ], [ -82.404882, 38.439347 ], [ -82.381773, 38.434783 ], [ -82.330335, 38.4445 ], [ -82.318111, 38.457876 ], [ -82.304223, 38.496308 ], [ -82.303971, 38.517683 ], [ -82.295671, 38.538483 ], [ -82.291271, 38.578983 ], [ -82.27427, 38.593683 ], [ -82.26207, 38.598183 ], [ -82.246659, 38.598569 ], [ -82.221468, 38.591284 ], [ -82.205171, 38.591719 ], [ -82.188767, 38.594984 ], [ -82.177267, 38.603784 ], [ -82.173166, 38.612384 ], [ -82.172167, 38.627184 ], [ -82.190867, 38.680383 ], [ -82.182467, 38.708782 ], [ -82.191285, 38.727204 ], [ -82.193098, 38.737718 ], [ -82.186868, 38.722282 ], [ -82.187968, 38.733082 ], [ -82.198882, 38.757725 ], [ -82.219644, 38.772283 ], [ -82.221566, 38.787187 ], [ -82.211438, 38.80122 ], [ -82.191172, 38.815137 ], [ -82.163598, 38.823424 ], [ -82.145467, 38.83968 ], [ -82.139224, 38.86502 ], [ -82.145367, 38.884179 ], [ -82.143167, 38.898079 ], [ -82.129366, 38.907879 ], [ -82.111166, 38.936579 ], [ -82.111667, 38.932579 ], [ -82.109065, 38.945579 ], [ -82.094865, 38.964578 ], [ -82.091565, 38.973778 ], [ -82.051563, 38.994378 ], [ -82.037749, 39.023865 ], [ -82.021884, 39.029491 ], [ -82.004499, 39.028892 ], [ -81.991361, 39.018378 ], [ -81.979371, 38.993193 ], [ -81.951447, 38.996032 ], [ -81.933186, 38.98766 ], [ -81.900595, 38.937671 ], [ -81.89847, 38.929603 ], [ -81.92667, 38.901311 ], [ -81.927999, 38.893492 ], [ -81.90297, 38.87609 ], [ -81.889233, 38.874279 ], [ -81.855971, 38.892734 ], [ -81.845312, 38.910088 ], [ -81.844486, 38.928746 ], [ -81.827354, 38.945898 ], [ -81.811157, 38.944721 ], [ -81.785647, 38.926192 ], [ -81.774105, 38.922964 ], [ -81.762658, 38.924123 ], [ -81.757058, 38.931228 ], [ -81.756975, 38.937154 ], [ -81.778845, 38.955892 ], [ -81.78182, 38.964935 ], [ -81.774062, 38.993682 ], [ -81.765153, 39.002579 ], [ -81.764253, 39.015279 ], [ -81.772854, 39.026179 ], [ -81.800355, 39.044978 ], [ -81.808055, 39.053777 ], [ -81.812354, 39.061279 ], [ -81.813854, 39.079678 ], [ -81.806654, 39.084078 ], [ -81.775555, 39.078377 ], [ -81.760754, 39.084077 ], [ -81.746054, 39.096978 ], [ -81.742353, 39.111277 ], [ -81.745194, 39.138239 ], [ -81.742765, 39.142669 ], [ -81.75618, 39.18046 ], [ -81.751206, 39.186043 ], [ -81.736874, 39.192628 ], [ -81.725622, 39.215905 ], [ -81.700908, 39.220844 ], [ -81.691915, 39.227035 ], [ -81.69662, 39.256139 ], [ -81.683613, 39.270947 ], [ -81.670187, 39.275963 ], [ -81.645338, 39.277339 ], [ -81.622185, 39.273675 ], [ -81.605816, 39.275851 ], [ -81.585559, 39.268747 ], [ -81.570247, 39.267675 ], [ -81.565247, 39.276175 ], [ -81.557547, 39.338774 ], [ -81.542346, 39.352874 ], [ -81.503189, 39.373242 ], [ -81.473187, 39.400169 ], [ -81.456143, 39.409274 ], [ -81.435642, 39.408474 ], [ -81.412706, 39.394618 ], [ -81.406689, 39.38809 ], [ -81.393794, 39.351706 ], [ -81.384556, 39.343449 ], [ -81.375961, 39.341697 ], [ -81.344927, 39.346794 ], [ -81.30177, 39.372228 ], [ -81.270292, 39.386047 ], [ -81.244359, 39.39041 ], [ -81.223581, 39.386062 ], [ -81.217315, 39.38759 ], [ -81.211654, 39.392977 ], [ -81.208231, 39.407147 ], [ -81.185145, 39.431479 ], [ -81.167593, 39.440064 ], [ -81.132534, 39.446275 ], [ -81.114733, 39.465575 ], [ -81.100834, 39.487176 ], [ -81.071025, 39.515608 ], [ -80.973483, 39.588446 ], [ -80.928346, 39.616554 ], [ -80.91762, 39.618703 ], [ -80.892208, 39.616756 ], [ -80.88036, 39.620706 ], [ -80.866646, 39.652616 ], [ -80.863698, 39.691724 ], [ -80.852, 39.69856 ], [ -80.833882, 39.703497 ], [ -80.829764, 39.711839 ], [ -80.831551, 39.719475 ], [ -80.84596, 39.738667 ], [ -80.852738, 39.74104 ], [ -80.865339, 39.753251 ], [ -80.870322, 39.763184 ], [ -80.869092, 39.766364 ], [ -80.863048, 39.775197 ], [ -80.826079, 39.798584 ], [ -80.822181, 39.811708 ], [ -80.826124, 39.844238 ], [ -80.821279, 39.849982 ], [ -80.799898, 39.858912 ], [ -80.790761, 39.86728 ], [ -80.79399, 39.882783 ], [ -80.809174, 39.903936 ], [ -80.806776, 39.916308 ], [ -80.799685, 39.91958 ], [ -80.787038, 39.918355 ], [ -80.763399, 39.908619 ], [ -80.756113, 39.913402 ], [ -80.764275, 39.949963 ], [ -80.757922, 39.959707 ], [ -80.740139, 39.970795 ], [ -80.738883, 39.985583 ], [ -80.74217, 40.008575 ], [ -80.731024, 40.044291 ], [ -80.733327, 40.058635 ], [ -80.738165, 40.066534 ], [ -80.738181, 40.078607 ], [ -80.7313, 40.08643 ], [ -80.709545, 40.100302 ], [ -80.707095, 40.111103 ], [ -80.710166, 40.138315 ], [ -80.705611, 40.153476 ], [ -80.686081, 40.181637 ], [ -80.668083, 40.199689 ], [ -80.66154, 40.229812 ], [ -80.652101, 40.244975 ], [ -80.619297, 40.26517 ], [ -80.614886, 40.291971 ], [ -80.602895, 40.307069 ], [ -80.599895, 40.317666 ], [ -80.612795, 40.347669 ], [ -80.607587, 40.36956 ], [ -80.609686, 40.37495 ], [ -80.619102, 40.381862 ], [ -80.631392, 40.385696 ], [ -80.632732, 40.390505 ], [ -80.632196, 40.393667 ], [ -80.612325, 40.402762 ], [ -80.612195, 40.434838 ], [ -80.595953, 40.463354 ], [ -80.595405, 40.475316 ], [ -80.618003, 40.502049 ], [ -80.627507, 40.535793 ], [ -80.633107, 40.538705 ], [ -80.652436, 40.562544 ], [ -80.664372, 40.570016 ], [ -80.667781, 40.578096 ], [ -80.66354, 40.590768 ], [ -80.62645, 40.620176 ], [ -80.598764, 40.625263 ], [ -80.576704, 40.614223 ], [ -80.551126, 40.628847 ], [ -80.518991, 40.638801 ], [ -80.519342, 39.721403 ], [ -79.476662, 39.721078 ], [ -79.478866, 39.531689 ], [ -79.482366, 39.531689 ], [ -79.487651, 39.279933 ], [ -79.486875, 39.205896 ], [ -79.472949, 39.202138 ], [ -79.467387, 39.208765 ], [ -79.453304, 39.21047 ], [ -79.432984, 39.223887 ], [ -79.425713, 39.225314 ], [ -79.425221, 39.234477 ], [ -79.42068, 39.235424 ], [ -79.420261, 39.238883 ], [ -79.412217, 39.240193 ], [ -79.393285, 39.261627 ], [ -79.387376, 39.263549 ], [ -79.387338, 39.26782 ], [ -79.381857, 39.266865 ], [ -79.376014, 39.273217 ], [ -79.357525, 39.276305 ], [ -79.352296, 39.280202 ], [ -79.351308, 39.285071 ], [ -79.344915, 39.284969 ], [ -79.346011, 39.29396 ], [ -79.340375, 39.293671 ], [ -79.332647, 39.30013 ], [ -79.321265, 39.300005 ], [ -79.313944, 39.304706 ], [ -79.303431, 39.299623 ], [ -79.290395, 39.299452 ], [ -79.283884, 39.309844 ], [ -79.282132, 39.323273 ], [ -79.270425, 39.328882 ], [ -79.26868, 39.336163 ], [ -79.260174, 39.334297 ], [ -79.25385, 39.337144 ], [ -79.257354, 39.341907 ], [ -79.25348, 39.347896 ], [ -79.256308, 39.357227 ], [ -79.250601, 39.355472 ], [ -79.24261, 39.359415 ], [ -79.234963, 39.358677 ], [ -79.230955, 39.364905 ], [ -79.21428, 39.363482 ], [ -79.212585, 39.370248 ], [ -79.202444, 39.378802 ], [ -79.197691, 39.388373 ], [ -79.185569, 39.385208 ], [ -79.176959, 39.389028 ], [ -79.181128, 39.394394 ], [ -79.179184, 39.396495 ], [ -79.166065, 39.387443 ], [ -79.162271, 39.388129 ], [ -79.166705, 39.400943 ], [ -79.159416, 39.409543 ], [ -79.159466, 39.417036 ], [ -79.151241, 39.416968 ], [ -79.149979, 39.406077 ], [ -79.143751, 39.405202 ], [ -79.141138, 39.408682 ], [ -79.141843, 39.417098 ], [ -79.127442, 39.418177 ], [ -79.129047, 39.429542 ], [ -79.124036, 39.433204 ], [ -79.110821, 39.431854 ], [ -79.11686, 39.438858 ], [ -79.102816, 39.450482 ], [ -79.101806, 39.457165 ], [ -79.10833, 39.457124 ], [ -79.107879, 39.461221 ], [ -79.094542, 39.464849 ], [ -79.10442, 39.470765 ], [ -79.105492, 39.473944 ], [ -79.102383, 39.476394 ], [ -79.083017, 39.471473 ], [ -79.069315, 39.473967 ], [ -79.066342, 39.479971 ], [ -79.060977, 39.471877 ], [ -79.056904, 39.470672 ], [ -79.052748, 39.481678 ], [ -79.047025, 39.483346 ], [ -79.037023, 39.476653 ], [ -79.030876, 39.465254 ], [ -79.018031, 39.467656 ], [ -79.010924, 39.461121 ], [ -78.977735, 39.448333 ], [ -78.965681, 39.43847 ], [ -78.956573, 39.440331 ], [ -78.955953, 39.447839 ], [ -78.960545, 39.451036 ], [ -78.954293, 39.454703 ], [ -78.95891, 39.462838 ], [ -78.942492, 39.46895 ], [ -78.93852, 39.474572 ], [ -78.942539, 39.48063 ], [ -78.934298, 39.486284 ], [ -78.91672, 39.48632 ], [ -78.904081, 39.504072 ], [ -78.905513, 39.511545 ], [ -78.892391, 39.513279 ], [ -78.893102, 39.523996 ], [ -78.875149, 39.522665 ], [ -78.869357, 39.531793 ], [ -78.870687, 39.538767 ], [ -78.861431, 39.540965 ], [ -78.852055, 39.550972 ], [ -78.850976, 39.56011 ], [ -78.839242, 39.567008 ], [ -78.821933, 39.560621 ], [ -78.815846, 39.562881 ], [ -78.813222, 39.567208 ], [ -78.814853, 39.571287 ], [ -78.819905, 39.576333 ], [ -78.826205, 39.577335 ], [ -78.825722, 39.589177 ], [ -78.819332, 39.589889 ], [ -78.818399, 39.594059 ], [ -78.811871, 39.597994 ], [ -78.809028, 39.608182 ], [ -78.796462, 39.605902 ], [ -78.795785, 39.613402 ], [ -78.801402, 39.628385 ], [ -78.797483, 39.629312 ], [ -78.794883, 39.637115 ], [ -78.781195, 39.636846 ], [ -78.775279, 39.645657 ], [ -78.766108, 39.648454 ], [ -78.764658, 39.645892 ], [ -78.772635, 39.636885 ], [ -78.777622, 39.622 ], [ -78.763437, 39.618827 ], [ -78.746767, 39.626722 ], [ -78.736796, 39.622187 ], [ -78.733187, 39.615295 ], [ -78.746833, 39.605661 ], [ -78.751217, 39.609961 ], [ -78.760764, 39.610085 ], [ -78.776805, 39.604132 ], [ -78.778146, 39.601451 ], [ -78.77031, 39.595001 ], [ -78.767061, 39.587511 ], [ -78.756986, 39.580849 ], [ -78.746332, 39.579778 ], [ -78.740241, 39.586406 ], [ -78.73339, 39.586458 ], [ -78.731594, 39.57461 ], [ -78.724589, 39.563919 ], [ -78.714578, 39.562817 ], [ -78.70746, 39.555839 ], [ -78.695024, 39.553835 ], [ -78.689558, 39.545824 ], [ -78.654697, 39.534605 ], [ -78.623101, 39.539695 ], [ -78.60257, 39.532029 ], [ -78.590938, 39.536748 ], [ -78.592198, 39.531697 ], [ -78.587606, 39.527721 ], [ -78.578599, 39.526731 ], [ -78.566115, 39.519371 ], [ -78.523086, 39.524854 ], [ -78.503279, 39.518582 ], [ -78.483639, 39.519541 ], [ -78.471942, 39.515938 ], [ -78.461788, 39.522254 ], [ -78.462367, 39.536362 ], [ -78.448642, 39.53996 ], [ -78.449919, 39.543385 ], [ -78.460534, 39.546189 ], [ -78.461117, 39.550833 ], [ -78.45036, 39.54983 ], [ -78.437858, 39.538516 ], [ -78.434625, 39.542189 ], [ -78.439114, 39.550791 ], [ -78.437717, 39.553366 ], [ -78.431512, 39.552284 ], [ -78.424529, 39.54518 ], [ -78.417019, 39.54856 ], [ -78.42632, 39.559222 ], [ -78.454279, 39.574082 ], [ -78.45804, 39.579708 ], [ -78.456772, 39.587608 ], [ -78.443498, 39.591331 ], [ -78.407383, 39.578607 ], [ -78.394844, 39.585152 ], [ -78.398884, 39.591592 ], [ -78.425486, 39.607672 ], [ -78.433547, 39.618207 ], [ -78.430139, 39.623416 ], [ -78.420507, 39.624073 ], [ -78.396455, 39.616436 ], [ -78.383941, 39.608981 ], [ -78.375611, 39.608307 ], [ -78.372042, 39.611869 ], [ -78.383355, 39.622913 ], [ -78.382363, 39.627793 ], [ -78.373781, 39.630373 ], [ -78.355506, 39.626111 ], [ -78.353457, 39.630569 ], [ -78.359254, 39.637208 ], [ -78.355323, 39.640663 ], [ -78.310857, 39.630609 ], [ -78.28603, 39.621192 ], [ -78.266088, 39.619055 ], [ -78.262338, 39.630495 ], [ -78.254067, 39.640184 ], [ -78.223825, 39.660539 ], [ -78.232568, 39.673583 ], [ -78.227079, 39.676247 ], [ -78.202204, 39.676856 ], [ -78.191008, 39.6903 ], [ -78.176542, 39.695979 ], [ -78.105314, 39.681682 ], [ -78.08952, 39.671445 ], [ -78.080556, 39.670502 ], [ -78.037321, 39.636983 ], [ -78.010109, 39.603044 ], [ -77.977612, 39.599608 ], [ -77.967158, 39.607109 ], [ -77.95504, 39.608078 ], [ -77.950569, 39.603836 ], [ -77.951033, 39.589528 ], [ -77.946102, 39.584792 ], [ -77.939114, 39.587001 ], [ -77.936371, 39.594508 ], [ -77.935605, 39.608783 ], [ -77.944789, 39.615566 ], [ -77.940886, 39.619068 ], [ -77.931767, 39.616829 ], [ -77.92272, 39.604711 ], [ -77.891973, 39.597756 ], [ -77.881151, 39.600979 ], [ -77.881176, 39.606369 ], [ -77.886997, 39.6136 ], [ -77.884916, 39.615833 ], [ -77.863929, 39.608799 ], [ -77.840603, 39.606778 ], [ -77.833442, 39.60279 ], [ -77.829769, 39.587757 ], [ -77.836087, 39.566662 ], [ -77.878548, 39.563408 ], [ -77.886918, 39.55997 ], [ -77.888736, 39.55541 ], [ -77.865275, 39.538412 ], [ -77.866138, 39.518399 ], [ -77.861176, 39.514293 ], [ -77.841945, 39.518428 ], [ -77.84056, 39.529142 ], [ -77.836961, 39.532112 ], [ -77.824739, 39.528484 ], [ -77.825793, 39.51671 ], [ -77.8466, 39.504559 ], [ -77.845378, 39.498109 ], [ -77.802891, 39.48946 ], [ -77.79157, 39.490958 ], [ -77.782153, 39.499036 ], [ -77.76634, 39.496238 ], [ -77.767278, 39.491271 ], [ -77.797196, 39.480139 ], [ -77.795384, 39.471247 ], [ -77.777605, 39.462253 ], [ -77.780601, 39.459844 ], [ -77.798006, 39.460769 ], [ -77.798269, 39.456131 ], [ -77.785265, 39.445403 ], [ -77.800911, 39.440674 ], [ -77.803233, 39.43732 ], [ -77.787748, 39.429151 ], [ -77.757852, 39.426424 ], [ -77.752943, 39.423041 ], [ -77.738407, 39.398976 ], [ -77.736609, 39.387148 ], [ -77.752977, 39.381679 ], [ -77.743278, 39.362083 ], [ -77.747596, 39.351327 ], [ -77.760755, 39.34275 ], [ -77.759655, 39.337529 ] ] ] } },
{ "type": "Feature", "properties": { "STUSPS": "FL", "NAME": "Florida", "region_name": "South", "division_name": "South Atlantic" }, "geometry": { "type": "MultiPolygon", "coordinates": [ [ [ [ -80.17656, 25.36687 ], [ -80.19104, 25.32529 ], [ -80.22495, 25.28432 ], [ -80.23894, 25.25547 ], [ -80.25966, 25.23055 ], [ -80.29483, 25.17167 ], [ -80.295314, 25.162132 ], [ -80.302899, 25.144923 ], [ -80.333321, 25.099202 ], [ -80.35778, 25.072902 ], [ -80.390435, 25.057189 ], [ -80.391624, 25.039396 ], [ -80.399658, 25.023578 ], [ -80.415021, 25.008625 ], [ -80.439101, 24.997989 ], [ -80.440179, 24.985674 ], [ -80.445522, 24.973422 ], [ -80.462886, 24.955937 ], [ -80.478081, 24.948428 ], [ -80.514343, 24.940628 ], [ -80.525284, 24.923534 ], [ -80.538164, 24.912733 ], [ -80.585451, 24.889329 ], [ -80.596759, 24.874999 ], [ -80.640428, 24.838434 ], [ -80.652342, 24.831403 ], [ -80.674811, 24.825611 ], [ -80.708811, 24.804688 ], [ -80.745115, 24.788878 ], [ -80.756475, 24.776153 ], [ -80.771092, 24.765951 ], [ -80.792971, 24.759702 ], [ -80.812466, 24.761211 ], [ -80.837039, 24.750002 ], [ -80.852228, 24.748931 ], [ -80.886958, 24.719684 ], [ -80.905587, 24.713468 ], [ -80.918911, 24.713066 ], [ -80.933922, 24.702203 ], [ -80.957113, 24.692836 ], [ -80.999792, 24.668912 ], [ -81.022583, 24.665275 ], [ -81.038634, 24.646527 ], [ -81.059736, 24.635864 ], [ -81.087226, 24.632923 ], [ -81.120618, 24.635679 ], [ -81.140851, 24.643064 ], [ -81.147686, 24.649064 ], [ -81.169393, 24.634619 ], [ -81.204259, 24.631186 ], [ -81.22065, 24.621549 ], [ -81.239914, 24.617063 ], [ -81.249798, 24.606556 ], [ -81.264626, 24.599234 ], [ -81.293455, 24.596722 ], [ -81.355843, 24.579653 ], [ -81.374801, 24.571488 ], [ -81.420636, 24.570572 ], [ -81.437166, 24.560934 ], [ -81.465088, 24.552854 ], [ -81.483365, 24.555548 ], [ -81.494648, 24.562526 ], [ -81.514615, 24.564757 ], [ -81.527852, 24.553279 ], [ -81.51937, 24.530612 ], [ -81.519881, 24.512555 ], [ -81.525671, 24.500426 ], [ -81.528558, 24.500426 ], [ -81.539924, 24.486034 ], [ -81.564957, 24.472778 ], [ -81.585826, 24.471094 ], [ -81.596837, 24.461063 ], [ -81.610259, 24.454308 ], [ -81.632422, 24.451146 ], [ -81.697199, 24.432314 ], [ -81.730113, 24.430698 ], [ -81.749811, 24.438454 ], [ -81.76287, 24.449643 ], [ -81.773685, 24.472735 ], [ -81.770807, 24.496872 ], [ -81.792362, 24.495613 ], [ -81.783308, 24.478699 ], [ -81.781807, 24.460927 ], [ -81.788985, 24.439482 ], [ -81.800697, 24.42714 ], [ -81.813522, 24.417639 ], [ -81.841046, 24.407613 ], [ -81.874813, 24.403144 ], [ -81.894262, 24.405744 ], [ -81.920556, 24.396308 ], [ -81.946441, 24.399348 ], [ -81.967318, 24.411959 ], [ -81.974468, 24.420822 ], [ -81.982054, 24.445448 ], [ -81.980925, 24.456967 ], [ -81.974409, 24.471209 ], [ -82.023479, 24.477864 ], [ -82.034272, 24.482496 ], [ -82.051074, 24.496844 ], [ -82.05818, 24.514364 ], [ -82.067171, 24.523715 ], [ -82.079319, 24.511595 ], [ -82.100333, 24.499998 ], [ -82.1541, 24.4961 ], [ -82.16949, 24.4977 ], [ -82.19491, 24.507 ], [ -82.21417, 24.52742 ], [ -82.22229, 24.557 ], [ -82.22089, 24.57088 ], [ -82.21545, 24.58376 ], [ -82.3265, 24.58373 ], [ -82.31146, 24.63007 ], [ -82.28243, 24.67624 ], [ -82.24395, 24.71564 ], [ -82.20073, 24.73817 ], [ -82.15502, 24.74694 ], [ -82.10976, 24.74711 ], [ -82.0653, 24.73938 ], [ -82.02695, 24.72572 ], [ -82.00055, 24.7405 ], [ -81.96754, 24.75278 ], [ -81.92267, 24.7615 ], [ -81.89429, 24.76365 ], [ -81.81421, 24.80639 ], [ -81.77824, 24.81538 ], [ -81.76188, 24.82875 ], [ -81.70079, 24.85783 ], [ -81.66013, 24.88329 ], [ -81.62159, 24.89722 ], [ -81.58131, 24.92376 ], [ -81.51559, 24.95629 ], [ -81.48849, 24.96635 ], [ -81.40548, 24.9785 ], [ -81.37621, 24.9766 ], [ -81.35038, 24.97048 ], [ -81.32347, 24.97338 ], [ -81.28737, 24.98402 ], [ -81.25758, 24.9866 ], [ -81.21719, 24.9817 ], [ -81.17035, 24.96214 ], [ -81.17055, 24.96577 ], [ -81.1738, 24.97488 ], [ -81.18858, 24.9948 ], [ -81.21427, 25.01918 ], [ -81.24358, 25.0355 ], [ -81.26785, 25.05657 ], [ -81.28262, 25.07513 ], [ -81.29506, 25.09793 ], [ -81.3048, 25.13242 ], [ -81.32854, 25.17641 ], [ -81.3423, 25.22483 ], [ -81.34024, 25.26405 ], [ -81.31491, 25.35155 ], [ -81.3252, 25.39062 ], [ -81.34315, 25.40758 ], [ -81.358, 25.42755 ], [ -81.36887, 25.44965 ], [ -81.38477, 25.49701 ], [ -81.40697, 25.52231 ], [ -81.42541, 25.5516 ], [ -81.45983, 25.5683 ], [ -81.4876, 25.59205 ], [ -81.50869, 25.62361 ], [ -81.51902, 25.65694 ], [ -81.54863, 25.66964 ], [ -81.57623, 25.68604 ], [ -81.62016, 25.67364 ], [ -81.68273, 25.67277 ], [ -81.72672, 25.68151 ], [ -81.76672, 25.70025 ], [ -81.78767, 25.71578 ], [ -81.80747, 25.7363 ], [ -81.84202, 25.79451 ], [ -81.87372, 25.83412 ], [ -81.89038, 25.87148 ], [ -81.90773, 25.9004 ], [ -81.91583, 25.92737 ], [ -81.91843, 25.95273 ], [ -81.96444, 26.05361 ], [ -81.97343, 26.12675 ], [ -81.98086, 26.15752 ], [ -81.98529, 26.21318 ], [ -81.99726, 26.26434 ], [ -82.00546, 26.28443 ], [ -82.04611, 26.27395 ], [ -82.08688, 26.27195 ], [ -82.12752, 26.27623 ], [ -82.16932, 26.28846 ], [ -82.2185, 26.31085 ], [ -82.27636, 26.35102 ], [ -82.30141, 26.37274 ], [ -82.32065, 26.39675 ], [ -82.34464, 26.44282 ], [ -82.35922, 26.50157 ], [ -82.37959, 26.53686 ], [ -82.3903, 26.57525 ], [ -82.40873, 26.60118 ], [ -82.42578, 26.63809 ], [ -82.43304, 26.67521 ], [ -82.43157, 26.73615 ], [ -82.44505, 26.76463 ], [ -82.49716, 26.83327 ], [ -82.59439, 26.99023 ], [ -82.62638, 27.05869 ], [ -82.63531, 27.08773 ], [ -82.67054, 27.15444 ], [ -82.69518, 27.17647 ], [ -82.71397, 27.19913 ], [ -82.72602, 27.22081 ], [ -82.73465, 27.24682 ], [ -82.76014, 27.27419 ], [ -82.78629, 27.31066 ], [ -82.81435, 27.33468 ], [ -82.8323, 27.35572 ], [ -82.84661, 27.38091 ], [ -82.86162, 27.42373 ], [ -82.88416, 27.44863 ], [ -82.90265, 27.48104 ], [ -82.90987, 27.50345 ], [ -82.92878, 27.54335 ], [ -82.934925, 27.583699 ], [ -82.93284, 27.61653 ], [ -82.91739, 27.66282 ], [ -82.91522, 27.68413 ], [ -82.9655, 27.73391 ], [ -82.99389, 27.77767 ], [ -83.01181, 27.82055 ], [ -83.02054, 27.87831 ], [ -83.01474, 27.92968 ], [ -82.99845, 27.99026 ], [ -82.99746, 28.01275 ], [ -83.00819, 28.06194 ], [ -83.01251, 28.13374 ], [ -83.02205, 28.19891 ], [ -83.01698, 28.24645 ], [ -83.00099, 28.28334 ], [ -82.97418, 28.31574 ], [ -82.94072, 28.33956 ], [ -82.89736, 28.35701 ], [ -82.87761, 28.41268 ], [ -82.87094, 28.44526 ], [ -82.85543, 28.47721 ], [ -82.85818, 28.49903 ], [ -82.85645, 28.52774 ], [ -82.84955, 28.55294 ], [ -82.83914, 28.57458 ], [ -82.85763, 28.59708 ], [ -82.87086, 28.6216 ], [ -82.89042, 28.7 ], [ -82.90475, 28.72278 ], [ -82.9235, 28.76713 ], [ -82.92743, 28.8107 ], [ -82.9158, 28.8565 ], [ -82.93171, 28.88145 ], [ -82.94177, 28.90683 ], [ -82.94688, 28.93477 ], [ -82.94557, 28.96375 ], [ -82.97255, 28.95345 ], [ -83.00568, 28.9468 ], [ -83.0939, 28.94744 ], [ -83.12217, 28.95325 ], [ -83.15075, 28.964 ], [ -83.19827, 28.99505 ], [ -83.22465, 29.02539 ], [ -83.24273, 29.0538 ], [ -83.25588, 29.08179 ], [ -83.26431, 29.11915 ], [ -83.26208, 29.15572 ], [ -83.29873, 29.17803 ], [ -83.33042, 29.21186 ], [ -83.34747, 29.2454 ], [ -83.35723, 29.2917 ], [ -83.40251, 29.31692 ], [ -83.43566, 29.3497 ], [ -83.50493, 29.38423 ], [ -83.53876, 29.41449 ], [ -83.55426, 29.43679 ], [ -83.56633, 29.46484 ], [ -83.58207, 29.56332 ], [ -83.6144, 29.58842 ], [ -83.67142, 29.61442 ], [ -83.70578, 29.64405 ], [ -83.74168, 29.69817 ], [ -83.75138, 29.72211 ], [ -83.75747, 29.75321 ], [ -83.7809, 29.79004 ], [ -83.79534, 29.80193 ], [ -83.83029, 29.81972 ], [ -83.87878, 29.82624 ], [ -83.919, 29.84194 ], [ -83.94995, 29.86281 ], [ -83.97264, 29.88642 ], [ -84.03015, 29.91312 ], [ -84.06492, 29.94008 ], [ -84.1205, 29.9255 ], [ -84.160797, 29.921266 ], [ -84.17024, 29.87133 ], [ -84.18998, 29.83038 ], [ -84.21794, 29.7966 ], [ -84.25923, 29.76815 ], [ -84.28671, 29.75674 ], [ -84.32327, 29.74809 ], [ -84.38008, 29.74293 ], [ -84.41995, 29.74696 ], [ -84.4428, 29.71515 ], [ -84.47452, 29.68773 ], [ -84.54529, 29.65452 ], [ -84.58868, 29.64074 ], [ -84.65943, 29.58064 ], [ -84.71055, 29.55206 ], [ -84.79732, 29.52205 ], [ -84.87275, 29.48095 ], [ -84.89636, 29.47121 ], [ -85.00078, 29.44168 ], [ -85.06032, 29.43622 ], [ -85.09684, 29.44166 ], [ -85.12957, 29.45328 ], [ -85.15391, 29.46701 ], [ -85.17712, 29.48516 ], [ -85.21879, 29.50041 ], [ -85.25967, 29.52481 ], [ -85.30839, 29.50889 ], [ -85.35451, 29.50537 ], [ -85.40346, 29.51399 ], [ -85.44822, 29.53443 ], [ -85.47088, 29.55141 ], [ -85.49361, 29.57431 ], [ -85.52265, 29.61313 ], [ -85.54274, 29.64934 ], [ -85.56475, 29.70404 ], [ -85.57717, 29.74594 ], [ -85.58648, 29.79091 ], [ -85.58962, 29.83756 ], [ -85.64587, 29.87591 ], [ -85.70979, 29.93584 ], [ -85.77035, 29.9605 ], [ -85.80356, 29.97816 ], [ -85.8502, 30.0092 ], [ -85.87394, 30.0317 ], [ -85.8935, 30.04529 ], [ -86.0055, 30.10606 ], [ -86.1498, 30.16291 ], [ -86.30638, 30.2094 ], [ -86.37392, 30.22341 ], [ -86.4456, 30.23231 ], [ -86.52389, 30.23158 ], [ -86.5913, 30.24282 ], [ -86.63841, 30.24629 ], [ -86.71348, 30.24363 ], [ -86.8556, 30.22792 ], [ -87.17692, 30.17281 ], [ -87.25829, 30.16542 ], [ -87.30281, 30.1683 ], [ -87.51837, 30.12553 ], [ -87.51838, 30.283901 ], [ -87.452378, 30.300201 ], [ -87.450078, 30.3111 ], [ -87.483679, 30.304801 ], [ -87.49998, 30.306201 ], [ -87.50558, 30.3111 ], [ -87.504701, 30.324039 ], [ -87.49818, 30.3295 ], [ -87.461078, 30.3353 ], [ -87.451078, 30.345599 ], [ -87.451378, 30.367199 ], [ -87.438678, 30.380798 ], [ -87.440678, 30.391498 ], [ -87.429578, 30.406498 ], [ -87.422677, 30.410098 ], [ -87.402977, 30.410398 ], [ -87.395676, 30.417597 ], [ -87.369383, 30.431948 ], [ -87.366939, 30.44048 ], [ -87.370768, 30.446865 ], [ -87.399877, 30.450997 ], [ -87.425078, 30.465596 ], [ -87.435578, 30.480496 ], [ -87.433878, 30.487696 ], [ -87.428378, 30.488496 ], [ -87.431678, 30.492896 ], [ -87.430978, 30.498295 ], [ -87.450371, 30.514462 ], [ -87.444524, 30.514248 ], [ -87.447268, 30.515044 ], [ -87.447283, 30.521973 ], [ -87.443806, 30.523948 ], [ -87.44798, 30.526607 ], [ -87.443647, 30.528138 ], [ -87.443901, 30.531481 ], [ -87.438958, 30.530291 ], [ -87.441569, 30.537451 ], [ -87.435321, 30.542867 ], [ -87.434883, 30.549434 ], [ -87.427554, 30.553681 ], [ -87.425359, 30.560311 ], [ -87.417917, 30.562254 ], [ -87.416148, 30.566293 ], [ -87.418521, 30.570134 ], [ -87.412191, 30.573716 ], [ -87.408018, 30.583701 ], [ -87.405296, 30.598692 ], [ -87.407587, 30.600865 ], [ -87.403286, 30.605361 ], [ -87.39877, 30.605396 ], [ -87.394913, 30.614266 ], [ -87.394336, 30.645612 ], [ -87.396818, 30.65485 ], [ -87.403103, 30.657479 ], [ -87.406474, 30.675146 ], [ -87.419041, 30.678528 ], [ -87.430136, 30.688259 ], [ -87.440375, 30.690362 ], [ -87.449566, 30.69896 ], [ -87.458013, 30.696398 ], [ -87.46219, 30.700189 ], [ -87.468085, 30.700208 ], [ -87.469806, 30.705021 ], [ -87.475805, 30.705248 ], [ -87.475171, 30.70906 ], [ -87.479312, 30.7096 ], [ -87.477992, 30.713277 ], [ -87.481278, 30.717002 ], [ -87.483623, 30.71531 ], [ -87.492093, 30.720392 ], [ -87.501944, 30.721274 ], [ -87.510633, 30.732907 ], [ -87.529977, 30.740952 ], [ -87.53534, 30.749999 ], [ -87.535985, 30.761192 ], [ -87.546047, 30.772056 ], [ -87.545432, 30.779389 ], [ -87.568252, 30.800113 ], [ -87.571752, 30.800199 ], [ -87.579567, 30.810892 ], [ -87.600102, 30.820508 ], [ -87.604314, 30.831419 ], [ -87.615245, 30.83421 ], [ -87.617072, 30.840328 ], [ -87.626976, 30.847826 ], [ -87.626006, 30.857438 ], [ -87.634744, 30.86561 ], [ -87.629103, 30.880425 ], [ -87.62027, 30.887404 ], [ -87.621807, 30.897723 ], [ -87.615686, 30.901641 ], [ -87.607053, 30.925121 ], [ -87.590933, 30.953513 ], [ -87.588862, 30.96579 ], [ -87.598829, 30.997455 ], [ -87.237685, 30.996393 ], [ -87.040229, 30.999547 ], [ -86.520196, 30.993258 ], [ -85.998611, 30.99287 ], [ -85.243632, 31.000884 ], [ -85.0019, 31.000681 ], [ -85.005734, 30.975908 ], [ -84.981127, 30.963386 ], [ -84.979527, 30.955586 ], [ -84.983127, 30.934786 ], [ -84.971026, 30.928187 ], [ -84.966726, 30.917287 ], [ -84.942525, 30.888488 ], [ -84.934424, 30.883588 ], [ -84.939824, 30.872588 ], [ -84.932324, 30.864288 ], [ -84.936124, 30.856988 ], [ -84.925665, 30.842685 ], [ -84.927084, 30.839024 ], [ -84.934815, 30.835851 ], [ -84.937424, 30.820889 ], [ -84.928323, 30.80509 ], [ -84.928323, 30.79309 ], [ -84.918023, 30.77809 ], [ -84.920123, 30.76599 ], [ -84.915022, 30.761191 ], [ -84.914322, 30.753591 ], [ -84.896122, 30.750591 ], [ -84.887522, 30.741791 ], [ -84.883821, 30.732591 ], [ -84.869752, 30.721897 ], [ -84.864693, 30.711542 ], [ -84.250357, 30.684133 ], [ -83.499925, 30.645674 ], [ -82.214677, 30.568556 ], [ -82.234186, 30.55765 ], [ -82.234435, 30.548755 ], [ -82.238879, 30.545505 ], [ -82.240403, 30.53777 ], [ -82.230759, 30.526576 ], [ -82.230304, 30.517325 ], [ -82.225072, 30.50769 ], [ -82.212632, 30.500549 ], [ -82.20124, 30.485114 ], [ -82.203206, 30.482184 ], [ -82.201035, 30.474665 ], [ -82.206372, 30.468515 ], [ -82.2077, 30.460407 ], [ -82.203786, 30.444984 ], [ -82.21086, 30.425379 ], [ -82.206433, 30.417156 ], [ -82.206728, 30.406775 ], [ -82.20376, 30.405311 ], [ -82.199109, 30.389642 ], [ -82.193354, 30.388026 ], [ -82.190298, 30.376275 ], [ -82.184795, 30.378936 ], [ -82.183493, 30.373338 ], [ -82.18024, 30.37258 ], [ -82.180991, 30.368611 ], [ -82.173745, 30.365066 ], [ -82.170197, 30.358972 ], [ -82.161777, 30.357111 ], [ -82.139962, 30.364919 ], [ -82.133864, 30.362237 ], [ -82.126854, 30.368262 ], [ -82.118149, 30.364358 ], [ -82.115775, 30.368053 ], [ -82.110332, 30.365209 ], [ -82.105241, 30.368896 ], [ -82.101075, 30.362791 ], [ -82.081114, 30.358768 ], [ -82.072668, 30.36141 ], [ -82.066184, 30.355757 ], [ -82.062421, 30.360649 ], [ -82.058091, 30.359214 ], [ -82.042139, 30.365409 ], [ -82.044487, 30.367672 ], [ -82.037218, 30.371848 ], [ -82.038156, 30.382209 ], [ -82.035835, 30.385013 ], [ -82.044685, 30.403963 ], [ -82.041288, 30.406669 ], [ -82.043899, 30.40799 ], [ -82.040847, 30.414938 ], [ -82.043762, 30.414869 ], [ -82.034065, 30.420032 ], [ -82.036003, 30.424967 ], [ -82.033783, 30.42765 ], [ -82.040001, 30.436661 ], [ -82.028145, 30.447252 ], [ -82.02832, 30.455391 ], [ -82.022272, 30.461382 ], [ -82.023595, 30.467212 ], [ -82.016906, 30.475111 ], [ -82.019218, 30.482979 ], [ -82.015548, 30.483958 ], [ -82.018017, 30.492075 ], [ -82.014564, 30.512312 ], [ -82.015541, 30.520098 ], [ -82.018585, 30.519489 ], [ -82.016296, 30.521904 ], [ -82.018181, 30.52751 ], [ -82.015434, 30.528501 ], [ -82.018303, 30.528521 ], [ -82.01905, 30.533012 ], [ -82.013412, 30.542444 ], [ -82.013166, 30.549946 ], [ -82.008423, 30.554529 ], [ -82.010711, 30.560736 ], [ -82.005401, 30.563698 ], [ -82.008407, 30.563658 ], [ -82.005821, 30.565133 ], [ -82.00823, 30.569712 ], [ -82.006126, 30.577124 ], [ -82.012158, 30.586262 ], [ -82.015087, 30.600602 ], [ -82.027229, 30.606661 ], [ -82.028259, 30.622011 ], [ -82.031646, 30.61953 ], [ -82.031684, 30.625016 ], [ -82.034959, 30.626837 ], [ -82.033171, 30.629493 ], [ -82.03673, 30.629975 ], [ -82.04049, 30.63605 ], [ -82.038612, 30.640947 ], [ -82.041641, 30.648981 ], [ -82.049023, 30.655295 ], [ -82.049396, 30.662007 ], [ -82.046471, 30.660806 ], [ -82.04599, 30.66637 ], [ -82.050255, 30.676115 ], [ -82.041237, 30.691032 ], [ -82.042946, 30.700886 ], [ -82.039566, 30.700678 ], [ -82.035927, 30.706205 ], [ -82.038513, 30.722637 ], [ -82.045608, 30.727552 ], [ -82.038894, 30.736153 ], [ -82.039795, 30.747297 ], [ -82.036773, 30.754434 ], [ -82.027681, 30.750935 ], [ -82.017589, 30.754991 ], [ -82.020164, 30.757839 ], [ -82.011603, 30.761878 ], [ -82.023643, 30.783082 ], [ -82.02288, 30.787706 ], [ -82.007674, 30.793037 ], [ -81.98102, 30.776976 ], [ -81.97364, 30.778719 ], [ -81.969024, 30.791277 ], [ -81.962173, 30.796978 ], [ -81.965042, 30.806807 ], [ -81.961219, 30.814037 ], [ -81.964485, 30.817297 ], [ -81.949638, 30.827845 ], [ -81.942024, 30.825554 ], [ -81.942815, 30.828504 ], [ -81.939079, 30.827211 ], [ -81.938834, 30.829849 ], [ -81.933517, 30.823376 ], [ -81.935257, 30.821066 ], [ -81.928741, 30.817511 ], [ -81.909111, 30.81568 ], [ -81.904213, 30.81859 ], [ -81.906969, 30.82649 ], [ -81.901245, 30.82988 ], [ -81.891975, 30.824882 ], [ -81.891434, 30.816586 ], [ -81.884719, 30.811422 ], [ -81.882667, 30.800282 ], [ -81.871139, 30.79804 ], [ -81.868515, 30.792906 ], [ -81.852691, 30.794897 ], [ -81.845871, 30.79075 ], [ -81.840271, 30.792591 ], [ -81.84188, 30.787569 ], [ -81.839477, 30.786589 ], [ -81.807449, 30.790119 ], [ -81.797172, 30.781469 ], [ -81.797126, 30.78503 ], [ -81.793075, 30.787251 ], [ -81.78379, 30.773333 ], [ -81.786697, 30.769802 ], [ -81.78276, 30.766613 ], [ -81.78263, 30.761454 ], [ -81.771568, 30.764143 ], [ -81.77359, 30.767708 ], [ -81.770706, 30.77682 ], [ -81.76172, 30.775698 ], [ -81.755943, 30.769344 ], [ -81.740753, 30.765007 ], [ -81.742195, 30.759254 ], [ -81.731857, 30.754995 ], [ -81.732055, 30.749815 ], [ -81.72013, 30.744719 ], [ -81.693893, 30.748472 ], [ -81.689155, 30.741632 ], [ -81.672494, 30.73879 ], [ -81.668838, 30.742514 ], [ -81.670837, 30.747396 ], [ -81.679908, 30.744692 ], [ -81.683096, 30.748492 ], [ -81.662323, 30.754177 ], [ -81.659729, 30.749716 ], [ -81.663009, 30.743492 ], [ -81.651828, 30.742208 ], [ -81.65409, 30.733093 ], [ -81.652153, 30.72887 ], [ -81.643585, 30.728203 ], [ -81.636619, 30.733938 ], [ -81.630432, 30.728088 ], [ -81.628331, 30.735394 ], [ -81.624366, 30.73634 ], [ -81.620681, 30.730959 ], [ -81.622978, 30.723467 ], [ -81.614166, 30.722353 ], [ -81.60987, 30.715933 ], [ -81.606048, 30.718676 ], [ -81.605834, 30.727264 ], [ -81.601882, 30.729586 ], [ -81.596534, 30.727472 ], [ -81.596176, 30.718666 ], [ -81.587684, 30.723635 ], [ -81.574218, 30.722504 ], [ -81.563507, 30.71751 ], [ -81.561424, 30.711672 ], [ -81.548377, 30.718279 ], [ -81.538391, 30.708656 ], [ -81.534011, 30.711447 ], [ -81.532295, 30.724091 ], [ -81.509887, 30.722614 ], [ -81.488464, 30.726309 ], [ -81.474113, 30.713913 ], [ -81.451241, 30.709484 ], [ -81.347015, 30.712444 ], [ -81.346389, 30.701438 ], [ -81.351553, 30.685666 ], [ -81.373398, 30.662779 ], [ -81.380867, 30.627345 ], [ -81.382015, 30.583579 ], [ -81.377674, 30.54446 ], [ -81.375002, 30.532758 ], [ -81.354883, 30.492754 ], [ -81.351794, 30.473407 ], [ -81.353574, 30.44666 ], [ -81.33229, 30.433036 ], [ -81.319799, 30.416465 ], [ -81.316897, 30.407721 ], [ -81.321563, 30.378574 ], [ -81.335381, 30.361292 ], [ -81.330627, 30.299481 ], [ -81.255134, 30.000245 ], [ -81.235168, 29.942272 ], [ -81.223853, 29.92156 ], [ -81.209268, 29.875247 ], [ -81.205177, 29.822433 ], [ -81.186399, 29.76008 ], [ -81.167403, 29.723101 ], [ -81.149144, 29.666143 ], [ -81.123775, 29.60551 ], [ -81.080186, 29.518367 ], [ -81.041923, 29.432893 ], [ -81.045706, 29.432462 ], [ -80.906836, 29.144706 ], [ -80.874815, 29.105968 ], [ -80.635573, 28.750268 ], [ -80.522973, 28.608238 ], [ -80.511346, 28.575233 ], [ -80.503585, 28.540362 ], [ -80.478054, 28.492451 ], [ -80.468605, 28.463078 ], [ -80.472338, 28.44341 ], [ -80.481209, 28.425511 ], [ -80.519428, 28.391084 ], [ -80.53417, 28.335703 ], [ -80.543999, 28.271092 ], [ -80.499773, 28.077233 ], [ -80.332526, 27.761157 ], [ -80.298868, 27.662094 ], [ -80.294927, 27.639278 ], [ -80.281354, 27.621171 ], [ -80.268546, 27.572903 ], [ -80.24977, 27.518985 ], [ -80.229299, 27.485629 ], [ -80.227962, 27.463004 ], [ -80.222395, 27.446957 ], [ -80.127097, 27.239374 ], [ -80.095411, 27.18064 ], [ -80.094089, 27.163736 ], [ -80.080955, 27.125329 ], [ -80.063385, 27.091603 ], [ -80.039102, 27.029853 ], [ -79.993913, 26.875337 ], [ -79.975425, 26.80025 ], [ -79.975557, 26.764989 ], [ -79.97965, 26.750341 ], [ -79.974728, 26.702598 ], [ -79.980879, 26.66363 ], [ -79.982476, 26.569247 ], [ -80.006149, 26.432809 ], [ -80.014362, 26.362236 ], [ -80.015276, 26.320956 ], [ -80.02208, 26.28878 ], [ -80.02505, 26.24787 ], [ -80.03811, 26.19674 ], [ -80.03787, 26.18329 ], [ -80.04721, 26.13295 ], [ -80.04978, 26.08823 ], [ -80.05453, 26.07312 ], [ -80.06335, 25.9744 ], [ -80.06572, 25.88124 ], [ -80.06285, 25.84827 ], [ -80.06696, 25.80239 ], [ -80.07262, 25.77928 ], [ -80.06943, 25.75736 ], [ -80.0761, 25.73733 ], [ -80.09178, 25.72111 ], [ -80.10777, 25.60663 ], [ -80.104, 25.56187 ], [ -80.11557, 25.52666 ], [ -80.09787, 25.50192 ], [ -80.09456, 25.47567 ], [ -80.09838, 25.46309 ], [ -80.10892, 25.44834 ], [ -80.12437, 25.43776 ], [ -80.139104, 25.433101 ], [ -80.15291, 25.39466 ], [ -80.16241, 25.37994 ], [ -80.17656, 25.36687 ] ] ], [ [ [ -83.108914, 24.611086 ], [ -83.103521, 24.657986 ], [ -83.088453, 24.692051 ], [ -83.066756, 24.719834 ], [ -83.041107, 24.74091 ], [ -83.004768, 24.764506 ], [ -82.979064, 24.776053 ], [ -82.945456, 24.784963 ], [ -82.868886, 24.798089 ], [ -82.801426, 24.800469 ], [ -82.775669, 24.798173 ], [ -82.739893, 24.788434 ], [ -82.709779, 24.773122 ], [ -82.679978, 24.748513 ], [ -82.655082, 24.713315 ], [ -82.645331, 24.688635 ], [ -82.639914, 24.654914 ], [ -82.644147, 24.615807 ], [ -82.656682, 24.583709 ], [ -82.828181, 24.583765 ], [ -82.848495, 24.567602 ], [ -82.872065, 24.562216 ], [ -82.895867, 24.566666 ], [ -82.914122, 24.575973 ], [ -82.943287, 24.568928 ], [ -82.960264, 24.57146 ], [ -82.982005, 24.583765 ], [ -82.999742, 24.583917 ], [ -82.999876, 24.476981 ], [ -83.043551, 24.498572 ], [ -83.064883, 24.516161 ], [ -83.08256, 24.536873 ], [ -83.103527, 24.579963 ], [ -83.108914, 24.611086 ] ] ] ] } },
{ "type": "Feature", "properties": { "STUSPS": "IL", "NAME": "Illinois", "region_name": "Midwest", "division_name": "East North Central" }, "geometry": { "type": "Polygon", "coordinates": [ [ [ -87.886452, 38.287009 ], [ -87.906841, 38.269634 ], [ -87.914081, 38.268309 ], [ -87.919292, 38.275908 ], [ -87.908529, 38.290957 ], [ -87.909536, 38.296061 ], [ -87.921423, 38.299343 ], [ -87.934844, 38.295145 ], [ -87.940285, 38.281064 ], [ -87.952125, 38.273763 ], [ -87.950651, 38.266819 ], [ -87.942067, 38.260301 ], [ -87.94303, 38.25779 ], [ -87.95761, 38.250046 ], [ -87.95826, 38.239022 ], [ -87.960968, 38.236807 ], [ -87.968968, 38.237389 ], [ -87.972259, 38.247039 ], [ -87.981868, 38.256444 ], [ -87.988078, 38.256717 ], [ -87.979789, 38.241661 ], [ -87.985627, 38.217993 ], [ -87.983973, 38.209107 ], [ -87.977494, 38.199783 ], [ -87.9595, 38.184376 ], [ -87.937162, 38.172189 ], [ -87.934299, 38.156459 ], [ -87.925963, 38.159342 ], [ -87.92523, 38.170634 ], [ -87.92172, 38.17381 ], [ -87.913088, 38.17153 ], [ -87.910924, 38.162557 ], [ -87.927899, 38.151646 ], [ -87.925811, 38.143633 ], [ -87.935135, 38.139428 ], [ -87.945472, 38.126616 ], [ -87.954858, 38.132622 ], [ -87.966393, 38.132506 ], [ -87.974272, 38.121981 ], [ -87.975299, 38.110053 ], [ -87.983068, 38.107139 ], [ -87.998224, 38.108557 ], [ -88.013118, 38.103527 ], [ -88.015916, 38.099818 ], [ -88.016153, 38.093931 ], [ -88.010143, 38.084381 ], [ -88.002635, 38.08449 ], [ -87.960677, 38.100191 ], [ -87.956664, 38.086202 ], [ -87.967226, 38.067105 ], [ -87.978735, 38.059815 ], [ -88.00133, 38.051545 ], [ -88.030032, 38.052145 ], [ -88.042132, 38.046345 ], [ -88.041532, 38.037345 ], [ -88.034132, 38.032045 ], [ -88.017631, 38.034745 ], [ -88.007931, 38.030845 ], [ -88.008631, 38.027545 ], [ -88.021031, 38.019345 ], [ -88.025831, 38.007245 ], [ -88.012574, 37.977062 ], [ -88.012929, 37.966544 ], [ -88.020868, 37.959351 ], [ -88.036793, 37.956793 ], [ -88.036125, 37.942745 ], [ -88.03034, 37.931045 ], [ -88.034065, 37.926159 ], [ -88.044989, 37.925099 ], [ -88.057127, 37.934151 ], [ -88.067561, 37.930214 ], [ -88.069468, 37.925704 ], [ -88.059209, 37.917189 ], [ -88.022513, 37.914756 ], [ -88.013451, 37.893951 ], [ -88.021117, 37.888057 ], [ -88.031277, 37.892966 ], [ -88.055373, 37.891238 ], [ -88.071449, 37.895813 ], [ -88.086237, 37.905713 ], [ -88.095662, 37.905808 ], [ -88.097892, 37.901517 ], [ -88.093521, 37.891952 ], [ -88.078529, 37.879118 ], [ -88.065036, 37.853172 ], [ -88.053481, 37.846316 ], [ -88.031419, 37.841203 ], [ -88.025921, 37.832694 ], [ -88.031533, 37.825092 ], [ -88.043831, 37.821525 ], [ -88.061012, 37.823015 ], [ -88.081932, 37.830682 ], [ -88.090884, 37.824468 ], [ -88.090039, 37.816771 ], [ -88.068922, 37.800983 ], [ -88.059662, 37.801196 ], [ -88.037623, 37.809864 ], [ -88.029818, 37.806274 ], [ -88.02802, 37.799197 ], [ -88.036316, 37.791157 ], [ -88.042465, 37.767318 ], [ -88.059333, 37.742967 ], [ -88.070314, 37.733323 ], [ -88.121522, 37.710243 ], [ -88.134215, 37.69154 ], [ -88.150547, 37.676753 ], [ -88.159823, 37.660551 ], [ -88.157068, 37.633275 ], [ -88.141865, 37.603251 ], [ -88.142383, 37.592432 ], [ -88.136489, 37.577307 ], [ -88.10574, 37.556594 ], [ -88.089444, 37.536366 ], [ -88.069537, 37.526088 ], [ -88.062827, 37.514861 ], [ -88.06114, 37.504588 ], [ -88.06543, 37.48876 ], [ -88.073122, 37.485691 ], [ -88.085457, 37.471564 ], [ -88.093876, 37.473803 ], [ -88.135161, 37.471754 ], [ -88.196539, 37.460703 ], [ -88.281631, 37.452729 ], [ -88.323633, 37.433992 ], [ -88.348398, 37.41096 ], [ -88.364465, 37.401736 ], [ -88.37167, 37.402844 ], [ -88.384337, 37.414586 ], [ -88.409229, 37.425315 ], [ -88.450162, 37.412213 ], [ -88.469408, 37.397411 ], [ -88.476477, 37.387142 ], [ -88.486607, 37.340458 ], [ -88.511252, 37.298898 ], [ -88.515903, 37.284091 ], [ -88.506727, 37.264989 ], [ -88.503942, 37.264787 ], [ -88.509155, 37.262075 ], [ -88.512154, 37.263789 ], [ -88.51141, 37.261477 ], [ -88.487437, 37.244294 ], [ -88.472174, 37.220307 ], [ -88.458517, 37.213354 ], [ -88.448038, 37.203642 ], [ -88.43306, 37.162637 ], [ -88.424657, 37.152291 ], [ -88.442984, 37.111918 ], [ -88.443424, 37.108694 ], [ -88.440626, 37.1086 ], [ -88.445776, 37.099683 ], [ -88.445614, 37.093332 ], [ -88.459268, 37.075248 ], [ -88.482624, 37.067257 ], [ -88.511203, 37.06535 ], [ -88.535581, 37.068184 ], [ -88.565896, 37.077694 ], [ -88.565923, 37.075195 ], [ -88.589865, 37.099785 ], [ -88.615525, 37.115366 ], [ -88.644042, 37.122389 ], [ -88.692608, 37.141105 ], [ -88.704374, 37.14297 ], [ -88.71946, 37.140751 ], [ -88.733019, 37.144142 ], [ -88.80363, 37.188159 ], [ -88.91618, 37.223991 ], [ -88.941589, 37.228823 ], [ -88.932684, 37.22526 ], [ -88.9545, 37.224917 ], [ -88.972956, 37.228491 ], [ -88.96629, 37.23009 ], [ -88.97737, 37.229444 ], [ -89.000065, 37.22476 ], [ -89.013154, 37.216478 ], [ -89.029465, 37.211303 ], [ -89.076458, 37.174737 ], [ -89.092755, 37.156763 ], [ -89.1095, 37.123093 ], [ -89.12585, 37.108476 ], [ -89.148177, 37.098417 ], [ -89.150582, 37.093699 ], [ -89.14607, 37.091004 ], [ -89.155655, 37.087729 ], [ -89.173825, 37.066308 ], [ -89.182467, 37.039164 ], [ -89.17935, 37.021807 ], [ -89.170173, 37.007067 ], [ -89.132915, 36.982057 ], [ -89.170009, 36.970298 ], [ -89.185491, 36.973518 ], [ -89.192097, 36.979995 ], [ -89.200793, 37.016164 ], [ -89.234053, 37.037277 ], [ -89.25493, 37.072014 ], [ -89.259935, 37.06407 ], [ -89.307726, 37.069654 ], [ -89.310819, 37.057897 ], [ -89.304752, 37.047565 ], [ -89.266286, 37.028683 ], [ -89.260003, 37.023288 ], [ -89.257608, 37.015496 ], [ -89.263527, 37.00005 ], [ -89.269564, 36.993401 ], [ -89.278628, 36.98867 ], [ -89.29213, 36.992189 ], [ -89.322982, 37.01609 ], [ -89.362397, 37.030156 ], [ -89.381644, 37.04301 ], [ -89.385373, 37.056186 ], [ -89.375712, 37.080505 ], [ -89.377113, 37.090765 ], [ -89.38805, 37.107481 ], [ -89.41173, 37.122507 ], [ -89.42558, 37.138235 ], [ -89.456105, 37.18812 ], [ -89.467631, 37.2182 ], [ -89.458302, 37.240368 ], [ -89.458827, 37.248661 ], [ -89.470525, 37.253357 ], [ -89.489915, 37.251315 ], [ -89.51802, 37.28419 ], [ -89.51076, 37.312744 ], [ -89.489005, 37.333368 ], [ -89.474569, 37.338165 ], [ -89.447556, 37.340475 ], [ -89.432836, 37.347056 ], [ -89.420542, 37.388007 ], [ -89.426522, 37.408998 ], [ -89.439769, 37.4372 ], [ -89.475525, 37.471388 ], [ -89.517051, 37.537278 ], [ -89.521925, 37.560735 ], [ -89.519808, 37.582747 ], [ -89.513943, 37.584815 ], [ -89.486062, 37.580853 ], [ -89.477548, 37.585885 ], [ -89.475932, 37.592998 ], [ -89.485792, 37.607157 ], [ -89.506563, 37.62505 ], [ -89.517718, 37.641217 ], [ -89.516146, 37.667975 ], [ -89.51204, 37.680985 ], [ -89.516469, 37.692539 ], [ -89.531427, 37.700334 ], [ -89.583316, 37.713261 ], [ -89.597481, 37.733477 ], [ -89.615744, 37.742725 ], [ -89.617278, 37.74972 ], [ -89.64953, 37.745496 ], [ -89.663352, 37.750052 ], [ -89.667993, 37.759484 ], [ -89.66119, 37.775732 ], [ -89.66038, 37.786296 ], [ -89.669644, 37.799922 ], [ -89.717442, 37.825723 ], [ -89.739875, 37.846921 ], [ -89.754099, 37.846353 ], [ -89.781991, 37.855053 ], [ -89.786326, 37.851689 ], [ -89.797542, 37.862128 ], [ -89.800353, 37.868626 ], [ -89.797696, 37.874392 ], [ -89.799329, 37.881516 ], [ -89.842638, 37.905197 ], [ -89.861877, 37.897684 ], [ -89.879688, 37.880736 ], [ -89.902377, 37.86974 ], [ -89.923375, 37.870697 ], [ -89.947758, 37.879847 ], [ -89.965285, 37.902303 ], [ -89.973762, 37.918016 ], [ -89.974654, 37.927074 ], [ -89.962057, 37.933918 ], [ -89.959772, 37.940083 ], [ -89.947322, 37.940283 ], [ -89.931267, 37.948277 ], [ -89.924853, 37.954906 ], [ -89.924597, 37.959849 ], [ -89.935885, 37.959581 ], [ -89.940687, 37.970874 ], [ -89.965046, 37.964393 ], [ -89.996848, 37.963219 ], [ -90.007936, 37.97011 ], [ -90.031795, 37.995126 ], [ -90.051941, 38.005432 ], [ -90.059367, 38.015543 ], [ -90.08826, 38.015772 ], [ -90.110521, 38.026549 ], [ -90.126196, 38.040706 ], [ -90.126302, 38.054432 ], [ -90.1296, 38.061436 ], [ -90.158273, 38.07495 ], [ -90.17604, 38.07066 ], [ -90.223288, 38.097799 ], [ -90.242574, 38.112125 ], [ -90.274843, 38.157559 ], [ -90.290629, 38.170363 ], [ -90.33017, 38.186523 ], [ -90.358628, 38.221981 ], [ -90.366948, 38.248344 ], [ -90.372422, 38.283725 ], [ -90.370819, 38.333554 ], [ -90.341521, 38.388343 ], [ -90.291084, 38.43089 ], [ -90.277841, 38.479908 ], [ -90.257782, 38.532012 ], [ -90.224204, 38.57508 ], [ -90.196003, 38.59448 ], [ -90.184502, 38.61158 ], [ -90.178002, 38.633779 ], [ -90.181102, 38.659579 ], [ -90.186402, 38.674779 ], [ -90.209202, 38.702779 ], [ -90.21141, 38.72135 ], [ -90.205177, 38.7322 ], [ -90.176301, 38.754478 ], [ -90.166364, 38.772675 ], [ -90.136266, 38.788318 ], [ -90.119424, 38.801811 ], [ -90.109107, 38.837448 ], [ -90.113327, 38.849306 ], [ -90.166409, 38.876348 ], [ -90.19761, 38.887648 ], [ -90.223041, 38.907389 ], [ -90.250248, 38.919344 ], [ -90.277471, 38.923716 ], [ -90.309454, 38.92412 ], [ -90.392721, 38.959071 ], [ -90.439938, 38.967383 ], [ -90.451279, 38.967731 ], [ -90.471729, 38.959186 ], [ -90.483071, 38.94307 ], [ -90.482725, 38.934712 ], [ -90.487058, 38.925862 ], [ -90.499672, 38.910605 ], [ -90.548917, 38.872937 ], [ -90.582259, 38.868794 ], [ -90.623356, 38.887149 ], [ -90.636994, 38.905123 ], [ -90.663018, 38.926283 ], [ -90.663424, 38.935551 ], [ -90.675949, 38.96214 ], [ -90.678193, 38.991851 ], [ -90.712726, 39.049736 ], [ -90.712541, 39.057064 ], [ -90.682744, 39.088348 ], [ -90.681086, 39.10059 ], [ -90.686051, 39.117785 ], [ -90.702923, 39.138749 ], [ -90.707902, 39.15086 ], [ -90.71048, 39.176366 ], [ -90.717404, 39.197414 ], [ -90.717113, 39.213912 ], [ -90.72996, 39.255894 ], [ -90.751599, 39.265432 ], [ -90.767648, 39.280025 ], [ -90.775673, 39.292811 ], [ -90.790675, 39.302908 ], [ -90.793461, 39.309498 ], [ -90.816851, 39.320496 ], [ -90.8475, 39.345272 ], [ -90.893777, 39.367343 ], [ -90.904862, 39.379403 ], [ -90.928745, 39.387544 ], [ -90.940766, 39.403984 ], [ -90.993789, 39.422959 ], [ -91.03827, 39.448435 ], [ -91.059439, 39.46886 ], [ -91.064305, 39.494643 ], [ -91.079769, 39.507728 ], [ -91.100307, 39.538695 ], [ -91.153628, 39.548248 ], [ -91.168419, 39.564928 ], [ -91.174651, 39.593313 ], [ -91.181936, 39.602677 ], [ -91.229317, 39.620853 ], [ -91.27614, 39.665759 ], [ -91.301603, 39.679068 ], [ -91.347253, 39.71048 ], [ -91.369395, 39.731163 ], [ -91.369953, 39.745042 ], [ -91.36528, 39.757722 ], [ -91.362388, 39.790482 ], [ -91.376488, 39.810033 ], [ -91.428469, 39.837626 ], [ -91.435541, 39.845074 ], [ -91.446685, 39.871642 ], [ -91.446922, 39.883034 ], [ -91.443513, 39.893583 ], [ -91.420878, 39.914865 ], [ -91.41936, 39.927717 ], [ -91.425782, 39.937765 ], [ -91.44156, 39.951299 ], [ -91.458852, 39.979015 ], [ -91.465315, 39.983995 ], [ -91.469247, 39.995327 ], [ -91.494878, 40.036453 ], [ -91.489606, 40.057435 ], [ -91.510604, 40.125045 ], [ -91.511676, 40.139227 ], [ -91.508224, 40.157665 ], [ -91.512974, 40.181062 ], [ -91.504477, 40.198262 ], [ -91.507269, 40.209338 ], [ -91.504282, 40.224299 ], [ -91.506501, 40.236304 ], [ -91.490524, 40.259498 ], [ -91.493061, 40.275262 ], [ -91.489868, 40.286048 ], [ -91.471826, 40.31734 ], [ -91.46397, 40.339597 ], [ -91.446308, 40.361823 ], [ -91.426632, 40.371988 ], [ -91.415051, 40.381747 ], [ -91.384201, 40.38643 ], [ -91.375712, 40.391925 ], [ -91.372921, 40.399108 ], [ -91.372826, 40.414279 ], [ -91.381769, 40.442555 ], [ -91.378144, 40.456394 ], [ -91.366463, 40.478869 ], [ -91.364211, 40.500043 ], [ -91.369059, 40.512532 ], [ -91.384531, 40.530948 ], [ -91.404125, 40.539127 ], [ -91.406373, 40.551831 ], [ -91.401482, 40.559458 ], [ -91.379752, 40.57445 ], [ -91.359873, 40.601805 ], [ -91.339719, 40.613488 ], [ -91.306568, 40.626219 ], [ -91.253074, 40.637962 ], [ -91.18698, 40.637297 ], [ -91.123928, 40.669152 ], [ -91.11194, 40.697018 ], [ -91.111095, 40.708282 ], [ -91.115735, 40.725168 ], [ -91.110424, 40.745528 ], [ -91.098105, 40.763233 ], [ -91.091703, 40.779708 ], [ -91.092256, 40.792909 ], [ -91.097649, 40.805575 ], [ -91.092993, 40.821079 ], [ -91.05643, 40.848387 ], [ -91.044653, 40.868356 ], [ -91.021562, 40.884021 ], [ -91.009536, 40.900565 ], [ -90.9985, 40.90812 ], [ -90.968995, 40.919127 ], [ -90.96256, 40.925831 ], [ -90.952233, 40.954047 ], [ -90.958142, 40.979767 ], [ -90.945949, 41.006495 ], [ -90.942253, 41.034702 ], [ -90.94939, 41.072783 ], [ -90.946625, 41.096628 ], [ -90.994963, 41.16063 ], [ -91.007594, 41.166187 ], [ -91.027231, 41.163383 ], [ -91.041557, 41.166162 ], [ -91.072984, 41.207151 ], [ -91.113657, 41.241401 ], [ -91.114186, 41.250029 ], [ -91.101142, 41.267169 ], [ -91.092034, 41.286911 ], [ -91.074841, 41.305578 ], [ -91.066232, 41.366367 ], [ -91.05158, 41.385283 ], [ -91.047642, 41.41131 ], [ -91.039872, 41.418523 ], [ -91.027787, 41.423603 ], [ -91.005846, 41.426135 ], [ -90.982913, 41.434171 ], [ -90.974185, 41.433712 ], [ -90.949791, 41.424163 ], [ -90.929254, 41.421544 ], [ -90.846558, 41.455141 ], [ -90.745946, 41.44973 ], [ -90.655839, 41.462132 ], [ -90.605936, 41.494232 ], [ -90.602137, 41.506032 ], [ -90.591037, 41.512832 ], [ -90.567236, 41.517532 ], [ -90.556235, 41.524232 ], [ -90.540935, 41.526133 ], [ -90.500633, 41.518033 ], [ -90.461432, 41.523533 ], [ -90.432731, 41.549533 ], [ -90.42223, 41.554233 ], [ -90.412825, 41.565329 ], [ -90.343228, 41.587833 ], [ -90.339528, 41.598633 ], [ -90.343452, 41.646959 ], [ -90.334525, 41.679559 ], [ -90.317315, 41.69167 ], [ -90.313435, 41.698082 ], [ -90.312893, 41.707528 ], [ -90.317668, 41.722689 ], [ -90.312609, 41.739939 ], [ -90.278633, 41.767358 ], [ -90.263286, 41.772112 ], [ -90.222161, 41.793175 ], [ -90.181973, 41.80707 ], [ -90.183973, 41.83307 ], [ -90.181901, 41.843216 ], [ -90.173009, 41.857393 ], [ -90.170041, 41.876439 ], [ -90.153584, 41.906614 ], [ -90.1516, 41.931002 ], [ -90.163847, 41.944934 ], [ -90.164135, 41.956178 ], [ -90.153828, 41.974121 ], [ -90.146225, 41.981329 ], [ -90.140061, 42.003252 ], [ -90.151579, 42.030633 ], [ -90.164485, 42.042105 ], [ -90.168358, 42.075779 ], [ -90.161504, 42.098912 ], [ -90.163992, 42.118303 ], [ -90.17041, 42.125021 ], [ -90.190452, 42.125779 ], [ -90.201404, 42.130937 ], [ -90.20826, 42.15099 ], [ -90.216107, 42.15673 ], [ -90.250129, 42.171469 ], [ -90.282173, 42.178846 ], [ -90.328273, 42.201047 ], [ -90.356964, 42.205445 ], [ -90.391108, 42.225473 ], [ -90.400653, 42.239293 ], [ -90.419326, 42.254467 ], [ -90.430884, 42.27823 ], [ -90.430735, 42.284211 ], [ -90.418915, 42.308328 ], [ -90.421047, 42.316109 ], [ -90.415937, 42.322699 ], [ -90.419027, 42.328505 ], [ -90.430546, 42.33686 ], [ -90.443874, 42.355218 ], [ -90.462619, 42.367253 ], [ -90.477279, 42.383794 ], [ -90.487154, 42.385141 ], [ -90.506829, 42.398792 ], [ -90.555018, 42.416138 ], [ -90.560439, 42.432897 ], [ -90.567968, 42.440389 ], [ -90.606328, 42.451505 ], [ -90.646419, 42.471328 ], [ -90.65485, 42.479757 ], [ -90.65671, 42.488835 ], [ -90.642843, 42.508481 ], [ -89.66982, 42.505044 ], [ -88.77659, 42.491913 ], [ -88.628997, 42.495045 ], [ -88.138878, 42.495604 ], [ -87.793371, 42.49172 ], [ -87.019935, 42.493498 ], [ -87.150009, 42.000033 ], [ -87.207774, 41.760956 ], [ -87.523661, 41.759907 ], [ -87.526757, 41.308325 ], [ -87.526168, 40.505761 ], [ -87.533269, 39.875036 ], [ -87.531646, 39.347888 ], [ -87.544013, 39.352907 ], [ -87.5544, 39.340488 ], [ -87.578331, 39.340343 ], [ -87.589084, 39.333831 ], [ -87.60592, 39.311076 ], [ -87.620589, 39.307046 ], [ -87.617786, 39.301257 ], [ -87.605348, 39.303217 ], [ -87.597946, 39.299479 ], [ -87.597545, 39.296388 ], [ -87.61005, 39.282232 ], [ -87.608543, 39.277187 ], [ -87.601393, 39.27439 ], [ -87.605543, 39.261122 ], [ -87.594684, 39.248742 ], [ -87.590315, 39.247566 ], [ -87.580652, 39.255237 ], [ -87.571586, 39.252287 ], [ -87.573074, 39.246693 ], [ -87.579319, 39.243552 ], [ -87.574558, 39.218404 ], [ -87.577029, 39.211123 ], [ -87.584977, 39.205276 ], [ -87.588614, 39.197824 ], [ -87.601631, 39.192493 ], [ -87.607879, 39.184463 ], [ -87.6204, 39.185195 ], [ -87.619618, 39.170975 ], [ -87.640434, 39.166727 ], [ -87.641549, 39.160472 ], [ -87.629377, 39.158023 ], [ -87.627713, 39.154906 ], [ -87.633348, 39.153068 ], [ -87.642175, 39.157097 ], [ -87.652782, 39.149435 ], [ -87.658745, 39.135997 ], [ -87.643145, 39.128562 ], [ -87.64217, 39.123212 ], [ -87.635019, 39.122124 ], [ -87.640761, 39.114372 ], [ -87.652083, 39.115543 ], [ -87.655042, 39.110921 ], [ -87.652796, 39.106839 ], [ -87.64707, 39.104268 ], [ -87.615684, 39.103316 ], [ -87.614309, 39.097778 ], [ -87.620387, 39.091522 ], [ -87.620258, 39.086572 ], [ -87.614171, 39.081784 ], [ -87.596373, 39.079639 ], [ -87.572588, 39.057286 ], [ -87.57229, 39.050587 ], [ -87.580373, 39.040707 ], [ -87.569696, 39.019413 ], [ -87.579117, 39.001607 ], [ -87.576565, 38.997027 ], [ -87.560427, 38.992425 ], [ -87.563966, 38.988802 ], [ -87.574535, 38.991518 ], [ -87.578319, 38.988786 ], [ -87.529496, 38.971925 ], [ -87.524335, 38.962964 ], [ -87.512187, 38.954417 ], [ -87.513598, 38.948795 ], [ -87.521765, 38.941117 ], [ -87.516658, 38.93348 ], [ -87.518826, 38.923205 ], [ -87.527715, 38.919232 ], [ -87.527645, 38.907688 ], [ -87.516831, 38.903697 ], [ -87.533695, 38.900957 ], [ -87.535955, 38.886993 ], [ -87.539122, 38.896119 ], [ -87.544089, 38.895093 ], [ -87.544292, 38.888953 ], [ -87.53828, 38.885799 ], [ -87.534919, 38.878874 ], [ -87.547064, 38.875957 ], [ -87.542642, 38.865281 ], [ -87.553394, 38.86241 ], [ -87.526729, 38.850362 ], [ -87.526695, 38.838578 ], [ -87.521681, 38.826576 ], [ -87.527342, 38.818121 ], [ -87.495509, 38.784626 ], [ -87.498587, 38.77648 ], [ -87.514861, 38.770503 ], [ -87.51033, 38.767181 ], [ -87.500494, 38.769176 ], [ -87.496906, 38.766818 ], [ -87.504046, 38.748507 ], [ -87.495799, 38.740699 ], [ -87.506172, 38.733725 ], [ -87.519519, 38.710455 ], [ -87.51961, 38.697198 ], [ -87.531231, 38.684036 ], [ -87.545538, 38.677613 ], [ -87.593678, 38.667402 ], [ -87.60018, 38.662462 ], [ -87.605817, 38.646518 ], [ -87.62012, 38.639489 ], [ -87.615585, 38.625047 ], [ -87.622375, 38.618873 ], [ -87.620532, 38.612165 ], [ -87.627348, 38.60544 ], [ -87.624143, 38.596955 ], [ -87.612439, 38.594642 ], [ -87.61196, 38.589248 ], [ -87.622897, 38.586198 ], [ -87.638393, 38.5922 ], [ -87.638247, 38.576273 ], [ -87.651107, 38.569026 ], [ -87.650704, 38.55624 ], [ -87.670071, 38.545237 ], [ -87.656144, 38.521668 ], [ -87.645371, 38.513835 ], [ -87.646719, 38.507767 ], [ -87.658178, 38.501669 ], [ -87.671898, 38.507611 ], [ -87.682324, 38.494618 ], [ -87.693188, 38.488038 ], [ -87.714047, 38.47988 ], [ -87.740024, 38.479223 ], [ -87.750028, 38.471427 ], [ -87.756179, 38.462538 ], [ -87.755931, 38.455876 ], [ -87.735729, 38.452986 ], [ -87.730134, 38.446518 ], [ -87.730699, 38.442908 ], [ -87.74104, 38.435576 ], [ -87.745254, 38.408996 ], [ -87.779996, 38.370842 ], [ -87.806075, 38.363143 ], [ -87.822721, 38.346912 ], [ -87.832723, 38.324853 ], [ -87.830953, 38.299365 ], [ -87.838979, 38.282327 ], [ -87.85113, 38.27512 ], [ -87.861774, 38.278637 ], [ -87.866248, 38.28998 ], [ -87.860453, 38.305372 ], [ -87.868886, 38.312277 ], [ -87.879389, 38.306507 ], [ -87.886452, 38.287009 ] ] ] } },
{ "type": "Feature", "properties": { "STUSPS": "MN", "NAME": "Minnesota", "region_name": "Midwest", "division_name": "West North Central" }, "geometry": { "type": "Polygon", "coordinates": [ [ [ -97.228961, 49.000454 ], [ -95.153191, 48.99887 ], [ -95.153395, 49.384479 ], [ -95.128713, 49.370452 ], [ -95.058302, 49.353253 ], [ -95.014201, 49.356476 ], [ -94.989, 49.368942 ], [ -94.957394, 49.370198 ], [ -94.854055, 49.324341 ], [ -94.816264, 49.321399 ], [ -94.824352, 49.308952 ], [ -94.825535, 49.294354 ], [ -94.797327, 49.214345 ], [ -94.797976, 49.19786 ], [ -94.772784, 49.120507 ], [ -94.74965, 49.09874 ], [ -94.683457, 48.88412 ], [ -94.684295, 48.872351 ], [ -94.692396, 48.869014 ], [ -94.690213, 48.863554 ], [ -94.693061, 48.853416 ], [ -94.685583, 48.840049 ], [ -94.702009, 48.831824 ], [ -94.704291, 48.824217 ], [ -94.695122, 48.809154 ], [ -94.694402, 48.789444 ], [ -94.690902, 48.777999 ], [ -94.652023, 48.756145 ], [ -94.645377, 48.749066 ], [ -94.645365, 48.744017 ], [ -94.619162, 48.737263 ], [ -94.587653, 48.717578 ], [ -94.549035, 48.714743 ], [ -94.538515, 48.702701 ], [ -94.452379, 48.692401 ], [ -94.438829, 48.694828 ], [ -94.415832, 48.710971 ], [ -94.384073, 48.711821 ], [ -94.368791, 48.706473 ], [ -94.343139, 48.703404 ], [ -94.308817, 48.710273 ], [ -94.291194, 48.707812 ], [ -94.274569, 48.699868 ], [ -94.264495, 48.69899 ], [ -94.252969, 48.686343 ], [ -94.250741, 48.67812 ], [ -94.254668, 48.661441 ], [ -94.250948, 48.656899 ], [ -94.224205, 48.649457 ], [ -94.188644, 48.650378 ], [ -94.12607, 48.644338 ], [ -94.065878, 48.646145 ], [ -94.064279, 48.643718 ], [ -94.035615, 48.64104 ], [ -94.006957, 48.643283 ], [ -93.953017, 48.634127 ], [ -93.916959, 48.632854 ], [ -93.913488, 48.635227 ], [ -93.844351, 48.630222 ], [ -93.833443, 48.625593 ], [ -93.821427, 48.609163 ], [ -93.813086, 48.587968 ], [ -93.806349, 48.579507 ], [ -93.804159, 48.570213 ], [ -93.811995, 48.550289 ], [ -93.810987, 48.540924 ], [ -93.818489, 48.531413 ], [ -93.811124, 48.524648 ], [ -93.793369, 48.516311 ], [ -93.710851, 48.518548 ], [ -93.693038, 48.515193 ], [ -93.659314, 48.516413 ], [ -93.643361, 48.518956 ], [ -93.635764, 48.528412 ], [ -93.62846, 48.531873 ], [ -93.612257, 48.522397 ], [ -93.590132, 48.530397 ], [ -93.576199, 48.526991 ], [ -93.542504, 48.529981 ], [ -93.517157, 48.534788 ], [ -93.501096, 48.541327 ], [ -93.467378, 48.546451 ], [ -93.457679, 48.559722 ], [ -93.457536, 48.567131 ], [ -93.467171, 48.588404 ], [ -93.465469, 48.591635 ], [ -93.439841, 48.593684 ], [ -93.405664, 48.609826 ], [ -93.395377, 48.603795 ], [ -93.371454, 48.605854 ], [ -93.36199, 48.614026 ], [ -93.35508, 48.611398 ], [ -93.352691, 48.613484 ], [ -93.348665, 48.626454 ], [ -93.254654, 48.642814 ], [ -93.207529, 48.642505 ], [ -93.178376, 48.623258 ], [ -93.090338, 48.627776 ], [ -92.984573, 48.623819 ], [ -92.954788, 48.63154 ], [ -92.949791, 48.63033 ], [ -92.950009, 48.608349 ], [ -92.929556, 48.60693 ], [ -92.910069, 48.596387 ], [ -92.894505, 48.594982 ], [ -92.728412, 48.539372 ], [ -92.657847, 48.546219 ], [ -92.634886, 48.542557 ], [ -92.625524, 48.517891 ], [ -92.625074, 48.512909 ], [ -92.631915, 48.506715 ], [ -92.627011, 48.503273 ], [ -92.637099, 48.499329 ], [ -92.654097, 48.501687 ], [ -92.661467, 48.496308 ], [ -92.685757, 48.497399 ], [ -92.698675, 48.49484 ], [ -92.712682, 48.462982 ], [ -92.688116, 48.443707 ], [ -92.656223, 48.436474 ], [ -92.576542, 48.440595 ], [ -92.536952, 48.447738 ], [ -92.50747, 48.447979 ], [ -92.489352, 48.430259 ], [ -92.482009, 48.428292 ], [ -92.475451, 48.418621 ], [ -92.456431, 48.414083 ], [ -92.456399, 48.401105 ], [ -92.476504, 48.371909 ], [ -92.469771, 48.352092 ], [ -92.436708, 48.308902 ], [ -92.425627, 48.304622 ], [ -92.415634, 48.295087 ], [ -92.389189, 48.253681 ], [ -92.392365, 48.251163 ], [ -92.385895, 48.251335 ], [ -92.387259, 48.244335 ], [ -92.383817, 48.24456 ], [ -92.378378, 48.230331 ], [ -92.369917, 48.220279 ], [ -92.368055, 48.224075 ], [ -92.362198, 48.222671 ], [ -92.353553, 48.230076 ], [ -92.341904, 48.231697 ], [ -92.33657, 48.235656 ], [ -92.332099, 48.233906 ], [ -92.314886, 48.240502 ], [ -92.269578, 48.248185 ], [ -92.273637, 48.256516 ], [ -92.290177, 48.265056 ], [ -92.294562, 48.271214 ], [ -92.293168, 48.275978 ], [ -92.30143, 48.288297 ], [ -92.294549, 48.306225 ], [ -92.306175, 48.316246 ], [ -92.304476, 48.322827 ], [ -92.295443, 48.32385 ], [ -92.288835, 48.342812 ], [ -92.262549, 48.354913 ], [ -92.221612, 48.348855 ], [ -92.216959, 48.344957 ], [ -92.206718, 48.345646 ], [ -92.203896, 48.351838 ], [ -92.19281, 48.348716 ], [ -92.178529, 48.351802 ], [ -92.177407, 48.357137 ], [ -92.162002, 48.363304 ], [ -92.14489, 48.365688 ], [ -92.143702, 48.356022 ], [ -92.083552, 48.353708 ], [ -92.078164, 48.358021 ], [ -92.055221, 48.359364 ], [ -92.045107, 48.345727 ], [ -92.047843, 48.343591 ], [ -92.046944, 48.334772 ], [ -92.037674, 48.333061 ], [ -92.030792, 48.325695 ], [ -92.000115, 48.321096 ], [ -92.012985, 48.297444 ], [ -92.012024, 48.286996 ], [ -92.007263, 48.280555 ], [ -92.006525, 48.265411 ], [ -91.989151, 48.260281 ], [ -91.97564, 48.244324 ], [ -91.970407, 48.247803 ], [ -91.972466, 48.250595 ], [ -91.969978, 48.25377 ], [ -91.954102, 48.252262 ], [ -91.948029, 48.245931 ], [ -91.958289, 48.243836 ], [ -91.958352, 48.233135 ], [ -91.942078, 48.230362 ], [ -91.937584, 48.234207 ], [ -91.914877, 48.238918 ], [ -91.893105, 48.23798 ], [ -91.884323, 48.227425 ], [ -91.867567, 48.219184 ], [ -91.864358, 48.206947 ], [ -91.815452, 48.211814 ], [ -91.809455, 48.206275 ], [ -91.791075, 48.202507 ], [ -91.788649, 48.196343 ], [ -91.78067, 48.200737 ], [ -91.764214, 48.20062 ], [ -91.755914, 48.205998 ], [ -91.753523, 48.200859 ], [ -91.748404, 48.198681 ], [ -91.741538, 48.199334 ], [ -91.74208, 48.204616 ], [ -91.715364, 48.199504 ], [ -91.710374, 48.192543 ], [ -91.721342, 48.180264 ], [ -91.724357, 48.170533 ], [ -91.709394, 48.172902 ], [ -91.704826, 48.170712 ], [ -91.704667, 48.160042 ], [ -91.708115, 48.153 ], [ -91.697776, 48.141598 ], [ -91.699517, 48.131962 ], [ -91.711751, 48.11465 ], [ -91.703351, 48.11372 ], [ -91.682111, 48.122502 ], [ -91.687574, 48.1119 ], [ -91.680894, 48.108306 ], [ -91.665082, 48.107147 ], [ -91.661858, 48.111924 ], [ -91.651807, 48.113956 ], [ -91.653098, 48.109799 ], [ -91.639921, 48.09711 ], [ -91.559112, 48.108593 ], [ -91.552834, 48.103237 ], [ -91.569444, 48.09369 ], [ -91.575384, 48.06671 ], [ -91.572721, 48.057388 ], [ -91.57546, 48.048939 ], [ -91.56751, 48.043789 ], [ -91.488184, 48.068378 ], [ -91.450003, 48.06907 ], [ -91.446219, 48.067748 ], [ -91.44664, 48.063041 ], [ -91.438591, 48.050335 ], [ -91.429571, 48.048653 ], [ -91.390885, 48.057164 ], [ -91.370827, 48.069732 ], [ -91.364982, 48.06712 ], [ -91.33998, 48.073556 ], [ -91.336356, 48.06969 ], [ -91.331275, 48.069618 ], [ -91.324469, 48.07294 ], [ -91.289728, 48.074176 ], [ -91.266775, 48.078831 ], [ -91.249695, 48.084092 ], [ -91.234888, 48.096142 ], [ -91.214904, 48.102859 ], [ -91.190054, 48.125106 ], [ -91.182882, 48.122193 ], [ -91.156301, 48.14051 ], [ -91.137329, 48.149251 ], [ -91.1426, 48.154606 ], [ -91.119859, 48.160682 ], [ -91.114737, 48.166489 ], [ -91.091959, 48.173656 ], [ -91.082473, 48.181152 ], [ -91.065484, 48.181404 ], [ -91.055426, 48.188312 ], [ -91.023695, 48.19043 ], [ -91.012297, 48.198459 ], [ -91.002816, 48.200733 ], [ -91.004103, 48.203025 ], [ -90.976981, 48.219555 ], [ -90.915091, 48.230751 ], [ -90.906853, 48.237491 ], [ -90.885757, 48.245953 ], [ -90.87509, 48.23784 ], [ -90.847678, 48.244529 ], [ -90.839296, 48.239559 ], [ -90.834839, 48.201798 ], [ -90.836402, 48.177028 ], [ -90.832543, 48.173508 ], [ -90.824701, 48.176841 ], [ -90.825773, 48.183574 ], [ -90.82102, 48.18468 ], [ -90.817529, 48.179402 ], [ -90.804083, 48.177818 ], [ -90.801145, 48.164081 ], [ -90.796431, 48.159207 ], [ -90.777931, 48.163838 ], [ -90.777845, 48.148289 ], [ -90.798224, 48.136889 ], [ -90.782217, 48.135861 ], [ -90.789786, 48.130145 ], [ -90.776398, 48.123994 ], [ -90.774122, 48.11864 ], [ -90.768749, 48.116586 ], [ -90.761404, 48.098384 ], [ -90.751577, 48.090987 ], [ -90.741459, 48.094563 ], [ -90.641495, 48.103516 ], [ -90.627058, 48.11177 ], [ -90.591285, 48.11745 ], [ -90.57968, 48.123797 ], [ -90.57576, 48.120624 ], [ -90.559103, 48.12173 ], [ -90.555512, 48.116924 ], [ -90.569737, 48.10683 ], [ -90.56446, 48.098814 ], [ -90.556701, 48.095931 ], [ -90.516935, 48.099314 ], [ -90.510316, 48.097289 ], [ -90.496107, 48.098597 ], [ -90.493599, 48.101359 ], [ -90.486694, 48.099052 ], [ -90.467391, 48.108744 ], [ -90.438452, 48.098677 ], [ -90.403153, 48.105095 ], [ -90.374289, 48.090915 ], [ -90.373428, 48.094021 ], [ -90.367445, 48.094699 ], [ -90.344306, 48.094307 ], [ -90.330062, 48.102285 ], [ -90.310045, 48.105556 ], [ -90.289246, 48.099071 ], [ -90.225168, 48.108224 ], [ -90.210679, 48.106347 ], [ -90.188622, 48.108026 ], [ -90.17649, 48.112393 ], [ -90.164269, 48.109707 ], [ -90.140825, 48.112555 ], [ -90.115989, 48.104164 ], [ -90.091606, 48.104605 ], [ -90.074112, 48.10122 ], [ -90.023331, 48.084748 ], [ -90.014845, 48.067136 ], [ -90.008728, 48.068548 ], [ -89.998099, 48.057929 ], [ -89.993842, 48.049304 ], [ -89.997098, 48.035319 ], [ -89.993825, 48.028091 ], [ -89.974705, 48.023117 ], [ -89.968261, 48.014672 ], [ -89.953107, 48.01082 ], [ -89.950612, 48.016233 ], [ -89.934576, 48.015817 ], [ -89.931514, 48.008909 ], [ -89.925856, 48.006306 ], [ -89.928066, 48.002187 ], [ -89.921849, 48.000108 ], [ -89.922131, 47.997167 ], [ -89.895496, 47.987325 ], [ -89.87189, 47.985524 ], [ -89.868206, 47.99019 ], [ -89.84721, 47.992626 ], [ -89.84247, 47.997251 ], [ -89.842092, 48.001668 ], [ -89.844814, 48.003069 ], [ -89.831319, 47.999604 ], [ -89.819936, 48.015515 ], [ -89.807375, 48.017587 ], [ -89.806155, 48.014256 ], [ -89.796846, 48.014859 ], [ -89.792408, 48.018366 ], [ -89.779094, 48.018503 ], [ -89.775356, 48.022863 ], [ -89.773707, 48.02048 ], [ -89.750065, 48.023564 ], [ -89.74267, 48.020014 ], [ -89.723704, 48.020792 ], [ -89.7195, 48.018484 ], [ -89.723949, 48.017161 ], [ -89.724177, 48.013761 ], [ -89.716243, 48.016866 ], [ -89.716126, 48.009447 ], [ -89.708031, 48.010434 ], [ -89.702409, 48.006358 ], [ -89.688112, 48.0109 ], [ -89.672908, 48.011567 ], [ -89.666794, 48.007295 ], [ -89.661952, 48.010767 ], [ -89.656807, 48.009874 ], [ -89.650871, 48.003617 ], [ -89.645875, 48.006261 ], [ -89.637057, 48.00414 ], [ -89.638033, 48.009119 ], [ -89.618433, 48.010876 ], [ -89.610696, 48.017927 ], [ -89.608148, 48.006932 ], [ -89.585504, 48.001764 ], [ -89.580973, 47.995939 ], [ -89.564288, 48.00293 ], [ -89.483385, 48.013716 ], [ -89.957102, 47.291103 ], [ -90.65466, 47.309822 ], [ -91.500181, 46.91332 ], [ -91.981341, 46.723091 ], [ -92.020294, 46.704041 ], [ -92.033989, 46.708939 ], [ -92.089493, 46.749237 ], [ -92.11659, 46.74864 ], [ -92.14329, 46.73464 ], [ -92.141522, 46.725285 ], [ -92.14673, 46.715794 ], [ -92.167291, 46.719941 ], [ -92.189091, 46.717541 ], [ -92.197391, 46.707641 ], [ -92.204691, 46.704041 ], [ -92.205192, 46.698341 ], [ -92.182999, 46.695652 ], [ -92.176259, 46.690473 ], [ -92.175875, 46.686466 ], [ -92.204092, 46.666941 ], [ -92.201592, 46.656641 ], [ -92.207092, 46.651941 ], [ -92.216392, 46.649841 ], [ -92.228492, 46.652941 ], [ -92.242493, 46.649241 ], [ -92.256592, 46.658741 ], [ -92.265993, 46.651041 ], [ -92.270592, 46.650741 ], [ -92.274392, 46.657441 ], [ -92.286192, 46.660342 ], [ -92.287392, 46.667343 ], [ -92.291289, 46.668137 ], [ -92.294033, 46.074377 ], [ -92.319329, 46.069289 ], [ -92.332912, 46.062697 ], [ -92.343459, 46.04299 ], [ -92.343745, 46.028525 ], [ -92.349281, 46.023624 ], [ -92.35176, 46.015685 ], [ -92.372717, 46.014198 ], [ -92.411896, 46.027478 ], [ -92.428555, 46.024241 ], [ -92.442259, 46.016177 ], [ -92.453373, 45.992913 ], [ -92.464512, 45.985038 ], [ -92.461584, 45.978894 ], [ -92.469765, 45.973569 ], [ -92.525186, 45.983862 ], [ -92.549806, 45.967986 ], [ -92.551933, 45.951651 ], [ -92.60246, 45.940815 ], [ -92.614314, 45.934529 ], [ -92.638824, 45.934166 ], [ -92.63912, 45.924558 ], [ -92.656125, 45.924442 ], [ -92.676167, 45.912072 ], [ -92.677352, 45.905818 ], [ -92.707702, 45.894901 ], [ -92.722209, 45.883001 ], [ -92.73822, 45.862031 ], [ -92.736117, 45.859129 ], [ -92.739991, 45.846283 ], [ -92.765146, 45.830183 ], [ -92.757815, 45.806574 ], [ -92.776482, 45.790004 ], [ -92.784617, 45.764199 ], [ -92.809837, 45.744172 ], [ -92.869193, 45.717568 ], [ -92.870145, 45.696757 ], [ -92.875488, 45.689014 ], [ -92.878932, 45.665606 ], [ -92.889433, 45.641202 ], [ -92.886857, 45.635723 ], [ -92.888035, 45.624959 ], [ -92.882529, 45.610216 ], [ -92.886442, 45.598679 ], [ -92.883277, 45.589831 ], [ -92.883749, 45.575483 ], [ -92.871082, 45.567581 ], [ -92.846447, 45.566515 ], [ -92.823309, 45.560934 ], [ -92.773412, 45.568235 ], [ -92.745591, 45.553016 ], [ -92.724762, 45.538617 ], [ -92.728023, 45.525652 ], [ -92.726677, 45.514462 ], [ -92.712863, 45.504849 ], [ -92.680234, 45.464344 ], [ -92.653549, 45.455346 ], [ -92.646505, 45.440338 ], [ -92.650269, 45.419168 ], [ -92.646676, 45.413227 ], [ -92.650284, 45.398769 ], [ -92.664104, 45.393308 ], [ -92.676963, 45.380144 ], [ -92.679187, 45.37271 ], [ -92.702723, 45.358468 ], [ -92.704054, 45.35366 ], [ -92.698967, 45.336374 ], [ -92.704794, 45.326526 ], [ -92.737121, 45.300459 ], [ -92.762004, 45.288213 ], [ -92.760612, 45.278828 ], [ -92.75192, 45.265877 ], [ -92.760264, 45.251717 ], [ -92.757456, 45.230526 ], [ -92.751708, 45.218666 ], [ -92.754005, 45.212769 ], [ -92.763908, 45.204866 ], [ -92.766808, 45.185466 ], [ -92.752404, 45.173916 ], [ -92.749055, 45.148666 ], [ -92.752196, 45.142495 ], [ -92.745703, 45.123128 ], [ -92.739583, 45.115598 ], [ -92.746749, 45.107051 ], [ -92.792657, 45.078762 ], [ -92.801522, 45.068623 ], [ -92.803124, 45.061566 ], [ -92.795586, 45.049244 ], [ -92.770362, 45.033803 ], [ -92.76206, 45.02432 ], [ -92.771231, 45.001378 ], [ -92.769445, 44.97215 ], [ -92.754603, 44.955767 ], [ -92.750645, 44.937299 ], [ -92.758701, 44.908979 ], [ -92.774571, 44.898084 ], [ -92.773946, 44.889997 ], [ -92.763411, 44.87414 ], [ -92.769501, 44.862001 ], [ -92.765932, 44.835631 ], [ -92.780754, 44.8123 ], [ -92.785622, 44.791887 ], [ -92.804445, 44.77076 ], [ -92.808242, 44.751083 ], [ -92.792336, 44.739362 ], [ -92.732043, 44.714345 ], [ -92.69432, 44.688615 ], [ -92.660988, 44.6609 ], [ -92.632021, 44.649187 ], [ -92.620215, 44.634194 ], [ -92.623566, 44.62064 ], [ -92.621642, 44.614929 ], [ -92.614713, 44.611658 ], [ -92.601608, 44.612038 ], [ -92.590488, 44.605944 ], [ -92.586216, 44.600088 ], [ -92.577156, 44.605037 ], [ -92.568946, 44.603372 ], [ -92.549827, 44.581098 ], [ -92.551567, 44.572215 ], [ -92.548889, 44.568252 ], [ -92.541016, 44.567127 ], [ -92.519218, 44.575275 ], [ -92.493717, 44.566052 ], [ -92.480986, 44.568449 ], [ -92.458896, 44.562745 ], [ -92.438626, 44.552639 ], [ -92.415675, 44.560506 ], [ -92.391545, 44.557643 ], [ -92.361518, 44.558935 ], [ -92.336114, 44.554004 ], [ -92.322341, 44.546779 ], [ -92.314071, 44.538014 ], [ -92.303046, 44.518646 ], [ -92.302215, 44.500298 ], [ -92.291005, 44.485464 ], [ -92.273979, 44.471882 ], [ -92.244884, 44.456842 ], [ -92.230856, 44.444496 ], [ -92.195378, 44.433792 ], [ -92.124513, 44.422115 ], [ -92.112308, 44.414332 ], [ -92.078605, 44.404869 ], [ -92.056486, 44.402729 ], [ -92.038147, 44.388731 ], [ -91.966809, 44.363986 ], [ -91.941311, 44.340978 ], [ -91.92559, 44.333548 ], [ -91.918625, 44.322671 ], [ -91.913574, 44.310392 ], [ -91.924102, 44.297095 ], [ -91.924613, 44.291815 ], [ -91.920282, 44.286496 ], [ -91.905789, 44.281614 ], [ -91.896388, 44.27469 ], [ -91.896008, 44.262871 ], [ -91.88704, 44.251772 ], [ -91.892698, 44.231105 ], [ -91.877429, 44.212921 ], [ -91.875158, 44.200575 ], [ -91.829167, 44.17835 ], [ -91.817302, 44.164235 ], [ -91.808064, 44.159262 ], [ -91.774486, 44.147539 ], [ -91.751747, 44.134786 ], [ -91.721552, 44.130342 ], [ -91.710597, 44.12048 ], [ -91.707491, 44.103906 ], [ -91.69531, 44.09857 ], [ -91.68153, 44.0974 ], [ -91.667006, 44.086964 ], [ -91.659511, 44.074203 ], [ -91.647873, 44.064109 ], [ -91.63814, 44.063295 ], [ -91.627896, 44.055805 ], [ -91.610487, 44.04931 ], [ -91.59207, 44.031372 ], [ -91.580019, 44.026925 ], [ -91.507121, 44.01898 ], [ -91.490917, 44.011089 ], [ -91.479756, 44.007978 ], [ -91.463515, 44.009041 ], [ -91.432347, 43.99669 ], [ -91.424134, 43.982631 ], [ -91.412491, 43.973411 ], [ -91.407395, 43.965148 ], [ -91.385798, 43.954241 ], [ -91.366642, 43.937463 ], [ -91.357425, 43.917231 ], [ -91.347741, 43.911964 ], [ -91.338141, 43.897664 ], [ -91.320605, 43.888491 ], [ -91.31531, 43.881808 ], [ -91.310991, 43.867381 ], [ -91.284138, 43.847065 ], [ -91.277695, 43.837741 ], [ -91.272037, 43.813766 ], [ -91.262433, 43.79217 ], [ -91.244135, 43.774667 ], [ -91.255431, 43.744876 ], [ -91.255932, 43.729849 ], [ -91.268455, 43.709824 ], [ -91.267792, 43.695652 ], [ -91.273252, 43.666623 ], [ -91.271749, 43.654929 ], [ -91.263856, 43.647662 ], [ -91.262397, 43.64176 ], [ -91.268457, 43.627352 ], [ -91.268979, 43.616578 ], [ -91.261631, 43.606175 ], [ -91.231865, 43.581822 ], [ -91.232812, 43.564842 ], [ -91.243214, 43.550722 ], [ -91.243183, 43.540309 ], [ -91.232941, 43.523967 ], [ -91.218292, 43.514434 ], [ -91.217706, 43.50055 ], [ -96.45326, 43.50039 ], [ -96.453097, 45.300751 ], [ -96.468027, 45.318619 ], [ -96.489065, 45.357071 ], [ -96.521787, 45.375645 ], [ -96.562142, 45.38609 ], [ -96.619752, 45.408884 ], [ -96.680454, 45.410499 ], [ -96.692541, 45.417338 ], [ -96.732739, 45.458737 ], [ -96.745487, 45.488712 ], [ -96.763432, 45.520007 ], [ -96.79384, 45.550724 ], [ -96.856834, 45.605378 ], [ -96.838648, 45.647509 ], [ -96.760866, 45.687518 ], [ -96.745086, 45.701576 ], [ -96.662595, 45.738682 ], [ -96.641941, 45.759871 ], [ -96.639533, 45.771592 ], [ -96.630144, 45.779431 ], [ -96.627778, 45.786239 ], [ -96.612512, 45.794442 ], [ -96.596704, 45.811801 ], [ -96.58117, 45.823015 ], [ -96.574517, 45.844044 ], [ -96.574667, 45.866816 ], [ -96.571354, 45.886674 ], [ -96.568866, 45.888023 ], [ -96.568184, 45.903451 ], [ -96.564451, 45.909513 ], [ -96.569996, 45.913524 ], [ -96.564002, 45.919561 ], [ -96.564961, 45.930076 ], [ -96.561334, 45.945655 ], [ -96.57035, 45.963595 ], [ -96.575869, 46.007999 ], [ -96.574243, 46.016536 ], [ -96.577866, 46.027357 ], [ -96.566321, 46.051503 ], [ -96.559108, 46.058523 ], [ -96.554411, 46.084079 ], [ -96.557351, 46.087741 ], [ -96.557934, 46.102521 ], [ -96.56692, 46.11475 ], [ -96.560234, 46.116568 ], [ -96.571999, 46.124567 ], [ -96.568705, 46.133157 ], [ -96.580273, 46.151076 ], [ -96.576265, 46.159582 ], [ -96.579913, 46.161151 ], [ -96.57702, 46.166036 ], [ -96.580608, 46.167648 ], [ -96.575281, 46.169011 ], [ -96.583862, 46.170599 ], [ -96.577011, 46.171546 ], [ -96.576636, 46.173944 ], [ -96.583522, 46.172663 ], [ -96.580632, 46.177317 ], [ -96.592682, 46.175211 ], [ -96.586151, 46.181812 ], [ -96.591572, 46.184682 ], [ -96.587428, 46.185801 ], [ -96.590538, 46.190474 ], [ -96.585077, 46.194624 ], [ -96.591226, 46.195747 ], [ -96.584629, 46.197511 ], [ -96.583674, 46.201163 ], [ -96.587349, 46.201625 ], [ -96.584258, 46.204094 ], [ -96.589027, 46.204946 ], [ -96.583761, 46.208059 ], [ -96.591114, 46.20869 ], [ -96.58844, 46.212879 ], [ -96.592792, 46.213914 ], [ -96.591742, 46.218115 ], [ -96.595777, 46.219788 ], [ -96.598729, 46.242317 ], [ -96.583715, 46.249807 ], [ -96.5923, 46.250338 ], [ -96.595375, 46.253398 ], [ -96.592928, 46.257313 ], [ -96.600402, 46.26175 ], [ -96.595264, 46.274247 ], [ -96.600451, 46.281095 ], [ -96.594864, 46.286344 ], [ -96.601968, 46.285904 ], [ -96.596287, 46.288019 ], [ -96.596219, 46.290962 ], [ -96.605833, 46.293867 ], [ -96.597286, 46.29776 ], [ -96.603586, 46.30253 ], [ -96.596767, 46.317004 ], [ -96.601204, 46.319498 ], [ -96.600027, 46.326817 ], [ -96.606138, 46.326604 ], [ -96.599379, 46.329984 ], [ -96.620245, 46.340243 ], [ -96.616674, 46.347388 ], [ -96.627844, 46.349417 ], [ -96.629403, 46.354319 ], [ -96.645194, 46.350669 ], [ -96.64845, 46.358081 ], [ -96.643185, 46.361935 ], [ -96.654977, 46.365937 ], [ -96.660379, 46.371563 ], [ -96.657804, 46.374419 ], [ -96.667135, 46.375579 ], [ -96.668178, 46.387618 ], [ -96.671027, 46.389494 ], [ -96.667709, 46.391244 ], [ -96.675078, 46.390962 ], [ -96.672486, 46.39528 ], [ -96.680505, 46.407108 ], [ -96.689113, 46.406834 ], [ -96.685355, 46.414212 ], [ -96.697197, 46.412576 ], [ -96.70155, 46.415063 ], [ -96.692248, 46.416111 ], [ -96.693313, 46.422085 ], [ -96.704581, 46.417995 ], [ -96.698855, 46.426383 ], [ -96.704705, 46.426406 ], [ -96.701231, 46.430236 ], [ -96.707655, 46.429787 ], [ -96.703269, 46.437295 ], [ -96.71573, 46.437318 ], [ -96.715418, 46.433977 ], [ -96.717927, 46.439374 ], [ -96.721853, 46.439829 ], [ -96.712303, 46.441288 ], [ -96.716362, 46.444627 ], [ -96.711388, 46.446464 ], [ -96.713347, 46.448761 ], [ -96.717816, 46.446033 ], [ -96.721706, 46.448822 ], [ -96.713102, 46.450199 ], [ -96.717593, 46.454365 ], [ -96.71222, 46.455446 ], [ -96.711611, 46.459783 ], [ -96.718714, 46.46186 ], [ -96.713184, 46.466486 ], [ -96.723083, 46.466717 ], [ -96.714606, 46.472261 ], [ -96.723555, 46.470868 ], [ -96.733554, 46.480472 ], [ -96.736001, 46.477497 ], [ -96.738875, 46.478706 ], [ -96.732463, 46.482936 ], [ -96.739679, 46.486747 ], [ -96.73415, 46.488591 ], [ -96.736976, 46.491561 ], [ -96.733205, 46.492686 ], [ -96.733393, 46.496983 ], [ -96.738577, 46.498039 ], [ -96.737006, 46.501212 ], [ -96.742415, 46.499976 ], [ -96.735959, 46.505096 ], [ -96.733482, 46.503467 ], [ -96.740445, 46.511104 ], [ -96.734216, 46.512125 ], [ -96.739981, 46.520047 ], [ -96.745217, 46.520175 ], [ -96.736741, 46.52413 ], [ -96.745335, 46.524982 ], [ -96.74205, 46.529291 ], [ -96.746165, 46.534881 ], [ -96.738011, 46.534602 ], [ -96.742655, 46.538104 ], [ -96.73826, 46.539294 ], [ -96.750116, 46.540759 ], [ -96.738715, 46.543228 ], [ -96.750544, 46.544131 ], [ -96.74495, 46.548225 ], [ -96.740569, 46.546838 ], [ -96.745214, 46.550598 ], [ -96.749212, 46.549585 ], [ -96.746043, 46.556084 ], [ -96.754397, 46.556818 ], [ -96.746785, 46.558849 ], [ -96.751968, 46.56261 ], [ -96.74175, 46.563997 ], [ -96.747447, 46.567452 ], [ -96.74539, 46.570833 ], [ -96.752759, 46.571384 ], [ -96.746615, 46.575546 ], [ -96.75584, 46.574313 ], [ -96.7575, 46.57783 ], [ -96.747266, 46.582022 ], [ -96.760901, 46.581843 ], [ -96.750787, 46.585185 ], [ -96.75254, 46.588293 ], [ -96.762608, 46.589324 ], [ -96.762214, 46.591967 ], [ -96.756191, 46.592288 ], [ -96.755984, 46.595379 ], [ -96.763027, 46.594123 ], [ -96.767054, 46.598887 ], [ -96.771579, 46.596213 ], [ -96.772236, 46.60383 ], [ -96.768246, 46.606324 ], [ -96.778832, 46.60746 ], [ -96.772511, 46.609293 ], [ -96.774623, 46.612028 ], [ -96.770843, 46.61527 ], [ -96.781238, 46.615382 ], [ -96.774998, 46.617523 ], [ -96.775532, 46.621201 ], [ -96.779878, 46.619485 ], [ -96.783561, 46.622153 ], [ -96.787259, 46.619439 ], [ -96.786298, 46.622421 ], [ -96.778332, 46.625428 ], [ -96.791306, 46.624971 ], [ -96.782179, 46.631412 ], [ -96.798175, 46.629466 ], [ -96.785815, 46.640523 ], [ -96.794158, 46.646447 ], [ -96.790653, 46.649066 ], [ -96.79895, 46.654112 ], [ -96.796917, 46.659562 ], [ -96.800023, 46.661104 ], [ -96.795237, 46.666203 ], [ -96.802165, 46.667897 ], [ -96.795034, 46.667228 ], [ -96.791324, 46.67239 ], [ -96.798879, 46.674032 ], [ -96.79911, 46.678518 ], [ -96.78753, 46.677103 ], [ -96.794799, 46.683297 ], [ -96.788434, 46.681691 ], [ -96.787607, 46.685203 ], [ -96.784066, 46.68527 ], [ -96.790626, 46.689133 ], [ -96.784925, 46.694372 ], [ -96.788012, 46.700629 ], [ -96.784215, 46.701448 ], [ -96.791204, 46.703747 ], [ -96.783827, 46.705977 ], [ -96.789553, 46.709557 ], [ -96.783574, 46.711423 ], [ -96.787468, 46.713998 ], [ -96.78212, 46.716888 ], [ -96.791197, 46.718874 ], [ -96.7811, 46.722048 ], [ -96.78203, 46.725193 ], [ -96.779136, 46.726642 ], [ -96.779616, 46.729951 ], [ -96.783016, 46.728994 ], [ -96.784551, 46.731878 ], [ -96.780768, 46.733807 ], [ -96.783156, 46.736138 ], [ -96.780451, 46.741769 ], [ -96.787353, 46.74314 ], [ -96.780363, 46.745464 ], [ -96.787668, 46.748239 ], [ -96.783289, 46.750909 ], [ -96.789377, 46.751999 ], [ -96.782852, 46.754242 ], [ -96.789789, 46.756701 ], [ -96.78294, 46.756745 ], [ -96.786395, 46.761864 ], [ -96.77785, 46.761588 ], [ -96.789519, 46.766024 ], [ -96.778396, 46.764506 ], [ -96.775453, 46.766751 ], [ -96.789217, 46.77121 ], [ -96.790079, 46.774569 ], [ -96.784294, 46.774312 ], [ -96.783793, 46.778247 ], [ -96.796756, 46.776999 ], [ -96.787136, 46.785651 ], [ -96.789568, 46.789562 ], [ -96.796195, 46.789881 ], [ -96.794928, 46.795776 ], [ -96.80207, 46.796722 ], [ -96.795585, 46.801194 ], [ -96.80292, 46.805589 ], [ -96.79573, 46.807733 ], [ -96.80275, 46.81169 ], [ -96.799751, 46.820606 ], [ -96.792395, 46.823037 ], [ -96.792395, 46.827292 ], [ -96.780136, 46.825429 ], [ -96.793959, 46.833064 ], [ -96.784455, 46.833299 ], [ -96.782887, 46.836283 ], [ -96.786801, 46.841198 ], [ -96.774648, 46.839647 ], [ -96.781827, 46.845641 ], [ -96.773534, 46.851688 ], [ -96.785469, 46.853414 ], [ -96.784374, 46.855707 ], [ -96.775854, 46.854601 ], [ -96.783959, 46.861663 ], [ -96.781718, 46.871418 ], [ -96.776096, 46.874182 ], [ -96.781331, 46.879687 ], [ -96.772176, 46.881492 ], [ -96.771795, 46.877816 ], [ -96.769202, 46.878159 ], [ -96.767363, 46.883952 ], [ -96.773558, 46.884722 ], [ -96.774656, 46.889435 ], [ -96.769444, 46.89259 ], [ -96.77571, 46.894162 ], [ -96.776034, 46.897977 ], [ -96.770277, 46.900729 ], [ -96.773826, 46.903631 ], [ -96.771225, 46.906278 ], [ -96.765086, 46.905377 ], [ -96.764082, 46.9126 ], [ -96.75971, 46.916383 ], [ -96.754538, 46.91442 ], [ -96.762922, 46.92354 ], [ -96.752654, 46.923543 ], [ -96.764853, 46.926938 ], [ -96.763764, 46.92927 ], [ -96.756323, 46.928589 ], [ -96.762192, 46.934897 ], [ -96.774893, 46.930546 ], [ -96.776681, 46.925721 ], [ -96.779711, 46.928327 ], [ -96.785177, 46.9244 ], [ -96.786805, 46.930164 ], [ -96.791503, 46.927689 ], [ -96.792134, 46.945933 ], [ -96.798805, 46.944206 ], [ -96.80414, 46.946911 ], [ -96.798965, 46.951148 ], [ -96.80375, 46.958172 ], [ -96.795045, 46.965838 ], [ -96.80159, 46.968287 ], [ -96.801981, 46.964128 ], [ -96.806524, 46.967636 ], [ -96.809786, 46.963835 ], [ -96.822664, 46.97002 ], [ -96.820113, 46.979378 ], [ -96.82638, 46.987918 ], [ -96.822345, 46.990591 ], [ -96.823926, 46.997437 ], [ -96.819478, 46.997373 ], [ -96.823313, 47.00033 ], [ -96.820976, 47.003326 ], [ -96.827489, 47.001611 ], [ -96.828792, 47.005061 ], [ -96.839548, 47.006728 ], [ -96.833504, 47.01011 ], [ -96.832303, 47.015184 ], [ -96.834776, 47.017446 ], [ -96.829516, 47.02155 ], [ -96.814793, 47.024401 ], [ -96.820462, 47.030347 ], [ -96.827268, 47.032095 ], [ -96.817142, 47.033325 ], [ -96.812659, 47.038634 ], [ -96.822716, 47.036937 ], [ -96.817865, 47.047077 ], [ -96.827559, 47.046332 ], [ -96.817708, 47.052309 ], [ -96.825063, 47.055564 ], [ -96.822238, 47.05954 ], [ -96.830386, 47.060823 ], [ -96.819739, 47.061729 ], [ -96.824546, 47.071534 ], [ -96.81963, 47.075342 ], [ -96.823691, 47.075947 ], [ -96.826778, 47.072598 ], [ -96.829276, 47.07462 ], [ -96.815751, 47.078987 ], [ -96.820386, 47.083041 ], [ -96.815973, 47.088466 ], [ -96.826363, 47.08892 ], [ -96.817251, 47.092088 ], [ -96.81729, 47.09806 ], [ -96.82102, 47.100894 ], [ -96.815934, 47.104139 ], [ -96.816191, 47.108481 ], [ -96.822095, 47.108892 ], [ -96.821192, 47.115754 ], [ -96.828387, 47.120769 ], [ -96.837564, 47.12198 ], [ -96.825809, 47.123101 ], [ -96.820723, 47.130369 ], [ -96.830417, 47.129224 ], [ -96.82633, 47.134941 ], [ -96.834636, 47.143886 ], [ -96.828648, 47.146419 ], [ -96.841247, 47.151856 ], [ -96.836331, 47.15326 ], [ -96.836205, 47.156648 ], [ -96.822359, 47.156341 ], [ -96.83199, 47.159431 ], [ -96.819297, 47.163792 ], [ -96.825152, 47.167451 ], [ -96.822484, 47.173079 ], [ -96.833484, 47.176644 ], [ -96.825014, 47.177859 ], [ -96.827499, 47.182005 ], [ -96.821555, 47.184314 ], [ -96.834561, 47.183678 ], [ -96.83548, 47.18626 ], [ -96.826639, 47.188803 ], [ -96.826422, 47.191481 ], [ -96.838039, 47.196481 ], [ -96.840249, 47.191014 ], [ -96.844847, 47.19358 ], [ -96.833972, 47.203548 ], [ -96.827167, 47.201316 ], [ -96.837164, 47.207324 ], [ -96.83031, 47.210283 ], [ -96.837198, 47.215949 ], [ -96.83364, 47.221577 ], [ -96.838973, 47.222713 ], [ -96.842393, 47.217749 ], [ -96.845788, 47.22011 ], [ -96.831454, 47.226711 ], [ -96.841441, 47.229508 ], [ -96.841469, 47.233208 ], [ -96.828672, 47.233286 ], [ -96.836535, 47.242387 ], [ -96.843721, 47.239788 ], [ -96.832193, 47.24683 ], [ -96.837306, 47.253022 ], [ -96.841218, 47.249496 ], [ -96.844413, 47.251155 ], [ -96.838542, 47.256225 ], [ -96.84525, 47.258471 ], [ -96.837268, 47.258482 ], [ -96.835763, 47.262231 ], [ -96.847448, 47.261933 ], [ -96.844771, 47.265362 ], [ -96.834705, 47.266155 ], [ -96.847678, 47.271247 ], [ -96.84009, 47.275576 ], [ -96.843788, 47.293113 ], [ -96.83066, 47.306066 ], [ -96.836526, 47.311464 ], [ -96.843045, 47.308827 ], [ -96.842363, 47.313401 ], [ -96.846976, 47.315834 ], [ -96.835451, 47.31906 ], [ -96.8369, 47.324822 ], [ -96.828764, 47.327995 ], [ -96.834584, 47.330953 ], [ -96.840758, 47.326659 ], [ -96.845786, 47.328037 ], [ -96.843978, 47.331693 ], [ -96.834471, 47.332702 ], [ -96.830643, 47.338786 ], [ -96.840375, 47.340935 ], [ -96.847114, 47.347711 ], [ -96.842915, 47.350778 ], [ -96.844588, 47.354271 ], [ -96.837362, 47.355536 ], [ -96.85054, 47.357091 ], [ -96.852314, 47.359525 ], [ -96.848362, 47.36462 ], [ -96.858206, 47.36753 ], [ -96.852829, 47.369728 ], [ -96.844016, 47.368021 ], [ -96.837141, 47.371291 ], [ -96.839661, 47.373532 ], [ -96.847276, 47.370288 ], [ -96.854622, 47.37378 ], [ -96.843688, 47.375751 ], [ -96.850046, 47.381608 ], [ -96.839244, 47.381165 ], [ -96.838149, 47.38329 ], [ -96.84217, 47.386169 ], [ -96.837465, 47.389527 ], [ -96.840451, 47.393249 ], [ -96.848981, 47.393622 ], [ -96.839133, 47.399379 ], [ -96.852714, 47.406094 ], [ -96.842073, 47.411738 ], [ -96.856818, 47.409669 ], [ -96.861678, 47.414394 ], [ -96.861011, 47.41769 ], [ -96.871763, 47.419006 ], [ -96.85528, 47.424328 ], [ -96.855571, 47.426719 ], [ -96.864715, 47.428094 ], [ -96.852816, 47.43203 ], [ -96.862859, 47.436403 ], [ -96.855867, 47.439221 ], [ -96.859258, 47.451728 ], [ -96.854298, 47.454575 ], [ -96.863619, 47.45701 ], [ -96.853908, 47.460403 ], [ -96.861002, 47.472588 ], [ -96.851946, 47.479055 ], [ -96.856915, 47.481243 ], [ -96.865158, 47.476822 ], [ -96.868519, 47.478473 ], [ -96.862975, 47.483988 ], [ -96.855181, 47.483206 ], [ -96.852158, 47.486351 ], [ -96.86504, 47.491651 ], [ -96.848793, 47.498051 ], [ -96.853495, 47.501571 ], [ -96.852536, 47.507491 ], [ -96.84228, 47.508636 ], [ -96.853625, 47.511506 ], [ -96.8439, 47.512601 ], [ -96.842368, 47.516116 ], [ -96.860892, 47.515465 ], [ -96.86672, 47.525351 ], [ -96.871172, 47.527268 ], [ -96.860925, 47.529365 ], [ -96.853534, 47.536213 ], [ -96.86201, 47.537819 ], [ -96.862306, 47.541195 ], [ -96.855398, 47.542085 ], [ -96.848824, 47.537202 ], [ -96.845323, 47.538752 ], [ -96.848592, 47.542577 ], [ -96.860428, 47.545947 ], [ -96.849835, 47.553163 ], [ -96.861749, 47.559279 ], [ -96.853987, 47.560459 ], [ -96.847499, 47.566226 ], [ -96.863088, 47.562486 ], [ -96.868934, 47.567002 ], [ -96.865818, 47.569661 ], [ -96.851568, 47.568655 ], [ -96.860476, 47.575022 ], [ -96.853739, 47.57885 ], [ -96.849897, 47.590826 ], [ -96.858937, 47.595742 ], [ -96.851012, 47.598508 ], [ -96.856812, 47.601832 ], [ -96.854821, 47.606862 ], [ -96.857082, 47.610745 ], [ -96.869061, 47.614848 ], [ -96.873641, 47.613546 ], [ -96.87101, 47.618074 ], [ -96.879726, 47.619336 ], [ -96.87586, 47.623449 ], [ -96.880487, 47.626016 ], [ -96.874373, 47.627824 ], [ -96.880902, 47.629459 ], [ -96.88821, 47.638911 ], [ -96.882351, 47.642656 ], [ -96.882212, 47.649389 ], [ -96.887518, 47.657935 ], [ -96.885419, 47.663884 ], [ -96.889937, 47.669735 ], [ -96.885116, 47.673808 ], [ -96.896246, 47.674194 ], [ -96.899237, 47.689579 ], [ -96.902042, 47.691714 ], [ -96.909527, 47.689218 ], [ -96.907019, 47.694426 ], [ -96.912017, 47.701465 ], [ -96.920875, 47.699976 ], [ -96.911868, 47.706817 ], [ -96.919927, 47.710377 ], [ -96.919799, 47.716928 ], [ -96.930973, 47.715547 ], [ -96.918413, 47.724041 ], [ -96.924105, 47.726242 ], [ -96.93283, 47.737523 ], [ -96.928673, 47.743812 ], [ -96.929152, 47.750376 ], [ -96.939685, 47.754788 ], [ -96.928854, 47.755296 ], [ -96.938253, 47.760813 ], [ -96.934883, 47.767209 ], [ -96.946773, 47.775091 ], [ -96.956345, 47.775092 ], [ -96.952377, 47.779441 ], [ -96.959094, 47.780585 ], [ -96.957976, 47.785658 ], [ -96.965103, 47.783512 ], [ -96.957051, 47.791007 ], [ -96.966459, 47.799569 ], [ -96.976254, 47.797768 ], [ -96.97647, 47.801366 ], [ -96.972261, 47.802787 ], [ -96.991578, 47.808187 ], [ -96.9787, 47.809892 ], [ -96.9805, 47.821856 ], [ -96.974128, 47.823474 ], [ -96.987105, 47.82555 ], [ -96.98155, 47.829558 ], [ -96.986276, 47.837113 ], [ -96.993965, 47.838408 ], [ -96.992721, 47.842791 ], [ -96.998337, 47.841932 ], [ -96.993974, 47.845974 ], [ -96.997433, 47.848817 ], [ -96.998328, 47.859191 ], [ -97.005907, 47.864496 ], [ -97.001828, 47.868134 ], [ -97.023142, 47.874063 ], [ -97.018014, 47.878651 ], [ -97.025422, 47.884926 ], [ -97.018782, 47.890542 ], [ -97.025014, 47.895203 ], [ -97.019846, 47.901336 ], [ -97.025229, 47.907728 ], [ -97.015332, 47.906709 ], [ -97.016835, 47.912616 ], [ -97.023763, 47.915614 ], [ -97.017854, 47.919911 ], [ -97.036428, 47.930781 ], [ -97.036473, 47.939631 ], [ -97.048222, 47.942036 ], [ -97.055341, 47.947515 ], [ -97.052451, 47.957422 ], [ -97.061831, 47.964731 ], [ -97.057358, 47.969664 ], [ -97.059255, 47.975324 ], [ -97.053089, 47.990444 ], [ -97.063937, 47.99766 ], [ -97.066762, 48.009558 ], [ -97.063289, 48.014989 ], [ -97.072239, 48.019107 ], [ -97.068713, 48.027694 ], [ -97.072257, 48.048068 ], [ -97.086986, 48.058222 ], [ -97.097772, 48.07108 ], [ -97.104483, 48.072428 ], [ -97.100155, 48.078757 ], [ -97.099798, 48.085884 ], [ -97.109857, 48.091395 ], [ -97.101876, 48.095896 ], [ -97.11147, 48.105913 ], [ -97.123202, 48.10665 ], [ -97.120702, 48.114987 ], [ -97.133468, 48.137101 ], [ -97.125267, 48.136099 ], [ -97.122876, 48.13975 ], [ -97.136768, 48.143292 ], [ -97.146505, 48.14222 ], [ -97.140295, 48.150894 ], [ -97.120968, 48.159552 ], [ -97.125351, 48.16282 ], [ -97.14195, 48.160202 ], [ -97.14751, 48.170572 ], [ -97.13601, 48.17674 ], [ -97.138386, 48.182304 ], [ -97.14981, 48.183498 ], [ -97.135672, 48.197126 ], [ -97.14091, 48.20452 ], [ -97.129277, 48.208377 ], [ -97.138257, 48.213061 ], [ -97.139296, 48.216755 ], [ -97.131363, 48.217182 ], [ -97.123689, 48.207602 ], [ -97.117838, 48.209764 ], [ -97.122884, 48.216494 ], [ -97.139055, 48.221952 ], [ -97.15219, 48.219636 ], [ -97.149657, 48.223149 ], [ -97.137191, 48.226951 ], [ -97.124508, 48.223174 ], [ -97.12069, 48.224754 ], [ -97.124447, 48.228387 ], [ -97.144645, 48.233562 ], [ -97.133735, 48.239075 ], [ -97.14593, 48.24162 ], [ -97.146744, 48.244484 ], [ -97.135575, 48.249488 ], [ -97.125108, 48.249983 ], [ -97.130602, 48.258982 ], [ -97.122954, 48.261666 ], [ -97.126273, 48.26437 ], [ -97.143864, 48.265749 ], [ -97.145032, 48.268766 ], [ -97.125345, 48.270421 ], [ -97.125123, 48.276674 ], [ -97.11657, 48.279661 ], [ -97.123143, 48.290809 ], [ -97.128042, 48.291519 ], [ -97.135546, 48.287059 ], [ -97.138383, 48.288655 ], [ -97.137334, 48.291757 ], [ -97.127622, 48.298993 ], [ -97.11919, 48.294242 ], [ -97.112231, 48.296472 ], [ -97.126687, 48.304004 ], [ -97.122202, 48.308702 ], [ -97.124166, 48.311142 ], [ -97.137749, 48.309729 ], [ -97.132599, 48.319145 ], [ -97.115581, 48.323928 ], [ -97.129206, 48.328131 ], [ -97.141715, 48.325729 ], [ -97.14003, 48.329847 ], [ -97.129041, 48.33289 ], [ -97.12592, 48.340579 ], [ -97.140084, 48.344591 ], [ -97.136203, 48.352184 ], [ -97.143534, 48.35427 ], [ -97.156261, 48.365578 ], [ -97.152456, 48.370974 ], [ -97.137853, 48.371224 ], [ -97.141351, 48.378458 ], [ -97.133341, 48.382196 ], [ -97.151993, 48.38288 ], [ -97.157692, 48.386486 ], [ -97.15676, 48.390887 ], [ -97.163376, 48.392857 ], [ -97.158648, 48.396344 ], [ -97.145693, 48.397431 ], [ -97.131175, 48.407281 ], [ -97.13988, 48.418487 ], [ -97.15053, 48.412742 ], [ -97.155084, 48.41429 ], [ -97.153994, 48.418121 ], [ -97.138396, 48.421647 ], [ -97.126044, 48.41612 ], [ -97.122583, 48.417921 ], [ -97.124664, 48.422216 ], [ -97.145873, 48.431148 ], [ -97.141242, 48.433771 ], [ -97.127818, 48.431256 ], [ -97.123667, 48.436034 ], [ -97.124824, 48.441896 ], [ -97.132823, 48.4438 ], [ -97.145171, 48.438078 ], [ -97.150633, 48.440816 ], [ -97.130692, 48.452207 ], [ -97.128544, 48.460301 ], [ -97.130632, 48.46342 ], [ -97.143017, 48.463823 ], [ -97.147418, 48.472753 ], [ -97.14073, 48.474691 ], [ -97.130604, 48.471215 ], [ -97.128163, 48.474362 ], [ -97.134601, 48.477536 ], [ -97.154916, 48.474911 ], [ -97.162668, 48.477783 ], [ -97.159205, 48.481107 ], [ -97.140291, 48.484722 ], [ -97.143017, 48.492334 ], [ -97.135105, 48.487729 ], [ -97.1315, 48.489006 ], [ -97.134588, 48.494238 ], [ -97.14919, 48.50084 ], [ -97.150267, 48.5116 ], [ -97.136619, 48.512183 ], [ -97.126758, 48.520157 ], [ -97.130777, 48.522668 ], [ -97.145406, 48.518735 ], [ -97.152423, 48.520364 ], [ -97.153597, 48.529508 ], [ -97.142176, 48.53224 ], [ -97.141358, 48.535452 ], [ -97.161025, 48.542009 ], [ -97.165984, 48.548932 ], [ -97.163937, 48.553983 ], [ -97.141585, 48.551271 ], [ -97.138951, 48.55512 ], [ -97.166199, 48.557244 ], [ -97.175423, 48.561957 ], [ -97.14917, 48.570014 ], [ -97.148709, 48.576367 ], [ -97.160631, 48.580936 ], [ -97.143891, 48.582112 ], [ -97.142279, 48.592613 ], [ -97.154027, 48.595406 ], [ -97.143822, 48.598359 ], [ -97.134291, 48.6074 ], [ -97.147676, 48.608182 ], [ -97.150649, 48.611676 ], [ -97.143794, 48.614766 ], [ -97.129576, 48.613693 ], [ -97.135315, 48.62091 ], [ -97.133859, 48.622778 ], [ -97.119495, 48.61856 ], [ -97.13114, 48.631473 ], [ -97.125992, 48.63412 ], [ -97.114684, 48.630342 ], [ -97.10945, 48.632469 ], [ -97.109858, 48.638477 ], [ -97.115692, 48.644561 ], [ -97.107924, 48.647922 ], [ -97.098691, 48.660995 ], [ -97.109229, 48.66425 ], [ -97.100562, 48.668406 ], [ -97.101276, 48.682299 ], [ -97.090313, 48.684404 ], [ -97.108677, 48.690991 ], [ -97.119904, 48.701248 ], [ -97.120292, 48.703999 ], [ -97.110112, 48.707978 ], [ -97.1194, 48.711625 ], [ -97.125518, 48.720451 ], [ -97.137424, 48.726566 ], [ -97.12834, 48.732136 ], [ -97.142133, 48.736172 ], [ -97.136665, 48.742515 ], [ -97.137538, 48.749644 ], [ -97.14915, 48.750355 ], [ -97.153795, 48.753993 ], [ -97.154439, 48.758212 ], [ -97.145456, 48.76479 ], [ -97.158983, 48.775711 ], [ -97.147469, 48.781441 ], [ -97.158924, 48.783257 ], [ -97.158243, 48.791205 ], [ -97.174041, 48.793879 ], [ -97.162467, 48.796657 ], [ -97.163261, 48.800579 ], [ -97.18164, 48.798517 ], [ -97.159238, 48.806165 ], [ -97.158118, 48.810319 ], [ -97.190274, 48.815135 ], [ -97.177993, 48.822835 ], [ -97.184164, 48.833902 ], [ -97.173884, 48.837993 ], [ -97.175786, 48.844832 ], [ -97.182923, 48.846912 ], [ -97.173099, 48.850625 ], [ -97.178834, 48.856661 ], [ -97.179166, 48.862844 ], [ -97.190573, 48.864279 ], [ -97.177814, 48.875639 ], [ -97.190259, 48.876725 ], [ -97.199545, 48.881346 ], [ -97.197328, 48.887348 ], [ -97.201627, 48.891932 ], [ -97.192163, 48.891693 ], [ -97.189873, 48.895203 ], [ -97.212096, 48.906665 ], [ -97.210776, 48.916027 ], [ -97.219806, 48.922146 ], [ -97.214406, 48.931641 ], [ -97.224614, 48.933798 ], [ -97.226624, 48.945826 ], [ -97.233996, 48.947434 ], [ -97.227498, 48.962342 ], [ -97.238881, 48.967035 ], [ -97.238138, 48.983629 ], [ -97.226646, 48.99299 ], [ -97.234201, 48.996286 ], [ -97.228961, 49.000454 ] ] ] } },
{ "type": "Feature", "properties": { "STUSPS": "MD", "NAME": "Maryland", "region_name": "South", "division_name": "South Atlantic" }, "geometry": { "type": "Polygon", "coordinates": [ [ [ -75.788702, 39.650486 ], [ -75.69367, 38.46008 ], [ -75.41088, 38.452297 ], [ -74.986282, 38.451632 ], [ -74.999625, 38.371668 ], [ -75.019095, 38.321425 ], [ -75.020805, 38.309756 ], [ -75.031295, 38.294737 ], [ -75.041457, 38.287009 ], [ -75.087813, 38.189356 ], [ -75.124625, 38.093901 ], [ -75.166435, 38.027834 ], [ -75.249609, 38.026715 ], [ -75.624449, 37.994195 ], [ -75.625611, 37.989798 ], [ -75.633832, 37.984517 ], [ -75.629532, 37.975963 ], [ -75.638222, 37.979395 ], [ -75.648228, 37.966771 ], [ -75.6477, 37.946963 ], [ -75.655681, 37.945433 ], [ -75.691321, 37.955496 ], [ -75.704634, 37.954698 ], [ -75.761642, 37.941366 ], [ -75.80124, 37.912174 ], [ -75.882939, 37.911335 ], [ -75.952672, 37.906827 ], [ -75.943693, 37.946133 ], [ -75.993338, 37.953487 ], [ -76.052021, 37.953578 ], [ -76.236458, 37.886605 ], [ -76.236572, 37.890146 ], [ -76.247906, 37.894869 ], [ -76.261812, 37.908786 ], [ -76.333372, 37.942956 ], [ -76.412934, 37.966332 ], [ -76.4339, 37.981847 ], [ -76.465008, 38.01322 ], [ -76.491976, 38.017714 ], [ -76.516609, 38.026783 ], [ -76.51616, 38.04492 ], [ -76.534191, 38.063539 ], [ -76.536457, 38.074903 ], [ -76.581568, 38.095909 ], [ -76.596156, 38.106676 ], [ -76.600467, 38.113088 ], [ -76.601721, 38.125129 ], [ -76.610384, 38.148516 ], [ -76.60543, 38.148933 ], [ -76.763973, 38.167791 ], [ -76.799887, 38.168933 ], [ -76.839368, 38.163609 ], [ -76.858836, 38.170999 ], [ -76.876744, 38.173019 ], [ -76.91113, 38.197357 ], [ -76.936838, 38.202385 ], [ -76.94902, 38.208418 ], [ -76.962251, 38.229888 ], [ -76.956923, 38.237472 ], [ -76.962086, 38.256964 ], [ -76.981346, 38.274542 ], [ -76.990869, 38.273639 ], [ -77.000902, 38.280004 ], [ -77.016449, 38.298837 ], [ -77.028131, 38.305317 ], [ -77.030683, 38.311622 ], [ -77.014527, 38.332634 ], [ -77.015911, 38.371024 ], [ -77.011464, 38.374425 ], [ -77.041505, 38.400692 ], [ -77.05342, 38.398813 ], [ -77.07055, 38.378151 ], [ -77.084238, 38.368739 ], [ -77.138224, 38.367916 ], [ -77.158367, 38.348502 ], [ -77.179339, 38.341914 ], [ -77.204694, 38.341096 ], [ -77.247149, 38.331523 ], [ -77.265295, 38.333164 ], [ -77.283796, 38.342855 ], [ -77.288407, 38.351401 ], [ -77.288195, 38.359385 ], [ -77.296792, 38.3705 ], [ -77.304938, 38.375271 ], [ -77.310445, 38.400101 ], [ -77.322106, 38.428944 ], [ -77.318542, 38.474437 ], [ -77.309638, 38.495636 ], [ -77.303084, 38.499188 ], [ -77.289738, 38.518056 ], [ -77.285309, 38.519695 ], [ -77.287294, 38.521463 ], [ -77.276339, 38.539445 ], [ -77.276122, 38.54742 ], [ -77.256454, 38.560587 ], [ -77.246362, 38.593441 ], [ -77.203696, 38.618172 ], [ -77.129682, 38.634704 ], [ -77.136423, 38.650226 ], [ -77.132439, 38.674143 ], [ -77.122632, 38.685256 ], [ -77.080037, 38.708924 ], [ -77.079232, 38.713052 ], [ -77.071433, 38.709981 ], [ -77.053522, 38.709804 ], [ -77.043344, 38.71844 ], [ -77.040465, 38.790405 ], [ -76.909393, 38.892852 ], [ -77.040882, 38.995845 ], [ -77.119759, 38.934343 ], [ -77.148773, 38.965036 ], [ -77.181447, 38.968788 ], [ -77.197774, 38.96674 ], [ -77.223749, 38.97212 ], [ -77.22995, 38.979709 ], [ -77.235196, 38.97608 ], [ -77.24503, 38.982684 ], [ -77.255751, 39.001749 ], [ -77.24538, 39.017531 ], [ -77.246568, 39.02496 ], [ -77.275037, 39.034284 ], [ -77.304662, 39.05137 ], [ -77.31973, 39.053384 ], [ -77.340144, 39.062909 ], [ -77.385794, 39.062132 ], [ -77.461473, 39.075426 ], [ -77.46866, 39.089389 ], [ -77.485401, 39.10931 ], [ -77.520668, 39.121435 ], [ -77.525175, 39.129266 ], [ -77.52768, 39.144658 ], [ -77.518604, 39.16774 ], [ -77.510306, 39.179274 ], [ -77.485079, 39.186256 ], [ -77.476916, 39.191492 ], [ -77.474943, 39.206254 ], [ -77.458898, 39.220134 ], [ -77.459497, 39.227724 ], [ -77.490538, 39.249112 ], [ -77.510668, 39.253256 ], [ -77.54084, 39.265269 ], [ -77.56069, 39.28596 ], [ -77.561828, 39.301469 ], [ -77.567093, 39.306234 ], [ -77.59262, 39.301201 ], [ -77.61591, 39.302548 ], [ -77.650899, 39.310846 ], [ -77.675467, 39.32436 ], [ -77.693008, 39.318437 ], [ -77.72484, 39.321432 ], [ -77.759239, 39.336936 ], [ -77.759629, 39.344775 ], [ -77.747596, 39.351327 ], [ -77.74351, 39.360035 ], [ -77.752977, 39.381679 ], [ -77.736609, 39.387148 ], [ -77.738407, 39.398976 ], [ -77.754188, 39.424243 ], [ -77.763683, 39.428348 ], [ -77.794316, 39.430925 ], [ -77.803269, 39.43799 ], [ -77.785265, 39.445403 ], [ -77.798269, 39.456131 ], [ -77.798006, 39.460769 ], [ -77.780601, 39.459844 ], [ -77.777605, 39.462253 ], [ -77.795384, 39.471247 ], [ -77.797196, 39.480139 ], [ -77.767278, 39.491271 ], [ -77.76634, 39.496238 ], [ -77.782153, 39.499036 ], [ -77.79157, 39.490958 ], [ -77.802891, 39.48946 ], [ -77.845378, 39.498109 ], [ -77.8466, 39.504559 ], [ -77.825793, 39.51671 ], [ -77.824739, 39.528484 ], [ -77.836961, 39.532112 ], [ -77.84056, 39.529142 ], [ -77.841945, 39.518428 ], [ -77.861176, 39.514293 ], [ -77.866138, 39.518399 ], [ -77.865275, 39.538412 ], [ -77.888736, 39.55541 ], [ -77.886918, 39.55997 ], [ -77.878548, 39.563408 ], [ -77.836087, 39.566662 ], [ -77.829685, 39.591083 ], [ -77.832207, 39.601445 ], [ -77.837402, 39.605687 ], [ -77.863929, 39.608799 ], [ -77.884916, 39.615833 ], [ -77.886997, 39.6136 ], [ -77.881176, 39.606369 ], [ -77.881151, 39.600979 ], [ -77.891973, 39.597756 ], [ -77.92272, 39.604711 ], [ -77.93276, 39.617609 ], [ -77.941085, 39.619035 ], [ -77.944789, 39.615566 ], [ -77.935861, 39.609365 ], [ -77.936037, 39.596747 ], [ -77.939114, 39.587001 ], [ -77.946102, 39.584792 ], [ -77.951033, 39.589528 ], [ -77.950569, 39.603836 ], [ -77.95504, 39.608078 ], [ -77.967158, 39.607109 ], [ -77.977612, 39.599608 ], [ -78.010109, 39.603044 ], [ -78.037321, 39.636983 ], [ -78.080556, 39.670502 ], [ -78.08952, 39.671445 ], [ -78.105314, 39.681682 ], [ -78.176542, 39.695979 ], [ -78.191008, 39.6903 ], [ -78.202204, 39.676856 ], [ -78.227079, 39.676247 ], [ -78.232568, 39.673583 ], [ -78.223825, 39.660539 ], [ -78.254067, 39.640184 ], [ -78.262338, 39.630495 ], [ -78.266088, 39.619055 ], [ -78.28603, 39.621192 ], [ -78.310857, 39.630609 ], [ -78.355323, 39.640663 ], [ -78.359254, 39.637208 ], [ -78.353457, 39.630569 ], [ -78.355506, 39.626111 ], [ -78.373781, 39.630373 ], [ -78.382363, 39.627793 ], [ -78.383355, 39.622913 ], [ -78.372042, 39.611869 ], [ -78.375611, 39.608307 ], [ -78.383941, 39.608981 ], [ -78.396455, 39.616436 ], [ -78.420507, 39.624073 ], [ -78.430139, 39.623416 ], [ -78.433547, 39.618207 ], [ -78.425486, 39.607672 ], [ -78.398884, 39.591592 ], [ -78.394844, 39.585152 ], [ -78.407383, 39.578607 ], [ -78.443498, 39.591331 ], [ -78.456772, 39.587608 ], [ -78.45804, 39.579708 ], [ -78.454279, 39.574082 ], [ -78.42632, 39.559222 ], [ -78.417019, 39.54856 ], [ -78.424529, 39.54518 ], [ -78.431512, 39.552284 ], [ -78.437717, 39.553366 ], [ -78.439114, 39.550791 ], [ -78.434625, 39.542189 ], [ -78.437858, 39.538516 ], [ -78.45036, 39.54983 ], [ -78.461117, 39.550833 ], [ -78.460534, 39.546189 ], [ -78.449919, 39.543385 ], [ -78.448522, 39.540366 ], [ -78.462367, 39.536362 ], [ -78.461172, 39.523912 ], [ -78.46725, 39.517221 ], [ -78.503279, 39.518582 ], [ -78.523086, 39.524854 ], [ -78.565392, 39.519327 ], [ -78.578599, 39.526731 ], [ -78.587606, 39.527721 ], [ -78.592198, 39.531697 ], [ -78.591633, 39.536891 ], [ -78.603421, 39.532007 ], [ -78.623101, 39.539695 ], [ -78.653486, 39.534571 ], [ -78.675581, 39.540207 ], [ -78.689803, 39.545956 ], [ -78.695024, 39.553835 ], [ -78.70746, 39.555839 ], [ -78.714578, 39.562817 ], [ -78.724589, 39.563919 ], [ -78.731594, 39.57461 ], [ -78.733534, 39.58653 ], [ -78.740241, 39.586406 ], [ -78.746332, 39.579778 ], [ -78.760767, 39.582702 ], [ -78.778022, 39.601285 ], [ -78.777084, 39.603895 ], [ -78.760764, 39.610085 ], [ -78.751217, 39.609961 ], [ -78.747031, 39.605612 ], [ -78.733134, 39.614715 ], [ -78.736796, 39.622187 ], [ -78.746767, 39.626722 ], [ -78.763437, 39.618827 ], [ -78.777977, 39.622319 ], [ -78.772635, 39.636885 ], [ -78.764753, 39.644707 ], [ -78.766407, 39.648432 ], [ -78.776003, 39.645262 ], [ -78.781195, 39.636846 ], [ -78.795282, 39.636766 ], [ -78.797483, 39.629312 ], [ -78.801644, 39.627677 ], [ -78.795785, 39.613402 ], [ -78.796462, 39.605902 ], [ -78.809028, 39.608182 ], [ -78.811871, 39.597994 ], [ -78.818399, 39.594059 ], [ -78.819332, 39.589889 ], [ -78.825722, 39.589177 ], [ -78.826205, 39.577335 ], [ -78.819905, 39.576333 ], [ -78.814853, 39.571287 ], [ -78.813222, 39.567208 ], [ -78.815846, 39.562881 ], [ -78.821933, 39.560621 ], [ -78.839242, 39.567008 ], [ -78.850976, 39.56011 ], [ -78.852055, 39.550972 ], [ -78.861431, 39.540965 ], [ -78.870687, 39.538767 ], [ -78.869357, 39.531793 ], [ -78.875149, 39.522665 ], [ -78.893102, 39.523996 ], [ -78.892391, 39.513279 ], [ -78.905513, 39.511545 ], [ -78.904081, 39.504072 ], [ -78.91672, 39.48632 ], [ -78.934298, 39.486284 ], [ -78.942539, 39.48063 ], [ -78.93852, 39.474572 ], [ -78.942492, 39.46895 ], [ -78.95891, 39.462838 ], [ -78.954293, 39.454703 ], [ -78.960545, 39.451036 ], [ -78.955953, 39.447839 ], [ -78.956573, 39.440331 ], [ -78.965681, 39.43847 ], [ -78.977735, 39.448333 ], [ -79.010924, 39.461121 ], [ -79.018031, 39.467656 ], [ -79.030876, 39.465254 ], [ -79.037023, 39.476653 ], [ -79.047025, 39.483346 ], [ -79.052748, 39.481678 ], [ -79.056904, 39.470672 ], [ -79.060977, 39.471877 ], [ -79.066342, 39.479971 ], [ -79.069315, 39.473967 ], [ -79.083017, 39.471473 ], [ -79.102383, 39.476394 ], [ -79.105492, 39.473944 ], [ -79.10442, 39.470765 ], [ -79.094542, 39.464849 ], [ -79.107879, 39.461221 ], [ -79.10833, 39.457124 ], [ -79.101806, 39.457165 ], [ -79.102816, 39.450482 ], [ -79.11686, 39.438858 ], [ -79.110821, 39.431854 ], [ -79.124036, 39.433204 ], [ -79.129047, 39.429542 ], [ -79.127442, 39.418177 ], [ -79.141843, 39.417098 ], [ -79.141138, 39.408682 ], [ -79.143751, 39.405202 ], [ -79.149979, 39.406077 ], [ -79.151241, 39.416968 ], [ -79.159466, 39.417036 ], [ -79.159416, 39.409543 ], [ -79.166705, 39.400943 ], [ -79.162271, 39.388129 ], [ -79.166065, 39.387443 ], [ -79.179184, 39.396495 ], [ -79.181128, 39.394394 ], [ -79.176959, 39.389028 ], [ -79.185569, 39.385208 ], [ -79.197691, 39.388373 ], [ -79.202444, 39.378802 ], [ -79.212585, 39.370248 ], [ -79.21428, 39.363482 ], [ -79.230955, 39.364905 ], [ -79.234963, 39.358677 ], [ -79.24261, 39.359415 ], [ -79.250601, 39.355472 ], [ -79.256308, 39.357227 ], [ -79.25348, 39.347896 ], [ -79.257354, 39.341907 ], [ -79.25385, 39.337144 ], [ -79.260174, 39.334297 ], [ -79.26868, 39.336163 ], [ -79.270425, 39.328882 ], [ -79.282132, 39.323273 ], [ -79.283884, 39.309844 ], [ -79.290395, 39.299452 ], [ -79.303431, 39.299623 ], [ -79.313944, 39.304706 ], [ -79.321265, 39.300005 ], [ -79.332647, 39.30013 ], [ -79.340375, 39.293671 ], [ -79.346011, 39.29396 ], [ -79.344915, 39.284969 ], [ -79.351308, 39.285071 ], [ -79.352296, 39.280202 ], [ -79.357525, 39.276305 ], [ -79.376014, 39.273217 ], [ -79.381857, 39.266865 ], [ -79.387338, 39.26782 ], [ -79.387376, 39.263549 ], [ -79.393285, 39.261627 ], [ -79.412217, 39.240193 ], [ -79.420261, 39.238883 ], [ -79.42068, 39.235424 ], [ -79.425221, 39.234477 ], [ -79.425713, 39.225314 ], [ -79.432984, 39.223887 ], [ -79.453304, 39.21047 ], [ -79.467387, 39.208765 ], [ -79.473215, 39.202107 ], [ -79.486875, 39.205896 ], [ -79.487651, 39.279933 ], [ -79.482366, 39.531689 ], [ -79.478866, 39.531689 ], [ -79.476662, 39.721078 ], [ -78.315139, 39.722877 ], [ -76.990903, 39.719799 ], [ -75.788596, 39.722199 ], [ -75.788702, 39.650486 ] ] ] } },
{ "type": "Feature", "properties": { "STUSPS": "RI", "NAME": "Rhode Island", "region_name": "Northeast", "division_name": "New England" }, "geometry": { "type": "MultiPolygon", "coordinates": [ [ [ [ -71.261067, 41.752082 ], [ -71.195479, 41.67509 ], [ -71.175784, 41.671493 ], [ -71.17612, 41.668248 ], [ -71.132557, 41.660363 ], [ -71.135307, 41.628488 ], [ -71.140185, 41.623869 ], [ -71.141958, 41.612533 ], [ -71.140308, 41.60485 ], [ -71.13162, 41.593716 ], [ -71.121116, 41.492787 ], [ -71.088571, 41.431315 ], [ -71.119322, 41.413321 ], [ -71.24996, 41.377713 ], [ -71.374495, 41.339011 ], [ -71.494805, 41.307355 ], [ -71.526594, 41.308804 ], [ -71.575253, 41.320955 ], [ -71.659565, 41.296653 ], [ -71.672595, 41.289079 ], [ -71.695043, 41.282647 ], [ -71.719994, 41.281149 ], [ -71.73956, 41.275449 ], [ -71.77843, 41.275111 ], [ -71.79148, 41.272165 ], [ -71.790972, 41.184101 ], [ -71.907258, 41.304483 ], [ -71.892067, 41.330075 ], [ -71.866538, 41.319185 ], [ -71.857458, 41.320789 ], [ -71.829365, 41.342432 ], [ -71.831303, 41.351295 ], [ -71.836044, 41.353988 ], [ -71.837873, 41.360145 ], [ -71.830637, 41.378772 ], [ -71.83313, 41.387839 ], [ -71.842209, 41.39538 ], [ -71.842426, 41.41026 ], [ -71.825384, 41.414687 ], [ -71.818088, 41.419852 ], [ -71.797745, 41.416727 ], [ -71.787239, 41.656111 ], [ -71.799188, 42.008053 ], [ -71.381401, 42.018798 ], [ -71.381463, 41.893546 ], [ -71.338787, 41.898593 ], [ -71.34089, 41.881804 ], [ -71.33404, 41.862604 ], [ -71.34255, 41.844656 ], [ -71.335417, 41.835645 ], [ -71.347545, 41.823246 ], [ -71.339332, 41.808527 ], [ -71.340481, 41.797033 ], [ -71.329457, 41.788327 ], [ -71.328472, 41.780694 ], [ -71.261067, 41.752082 ] ] ], [ [ [ -71.678807, 41.158912 ], [ -71.670491, 41.194503 ], [ -71.643014, 41.231323 ], [ -71.640844, 41.250101 ], [ -71.634968, 41.263682 ], [ -71.624504, 41.274129 ], [ -71.591591, 41.289317 ], [ -71.557569, 41.294018 ], [ -71.535979, 41.28618 ], [ -71.51635, 41.271549 ], [ -71.489322, 41.235171 ], [ -71.484583, 41.217486 ], [ -71.489844, 41.194698 ], [ -71.478603, 41.175792 ], [ -71.477024, 41.155657 ], [ -71.491432, 41.125104 ], [ -71.517538, 41.107077 ], [ -71.5693, 41.097182 ], [ -71.593513, 41.095834 ], [ -71.618861, 41.099091 ], [ -71.640344, 41.108433 ], [ -71.668345, 41.12825 ], [ -71.676092, 41.141502 ], [ -71.678807, 41.158912 ] ] ] ] } },
{ "type": "Feature", "properties": { "STUSPS": "ID", "NAME": "Idaho", "region_name": "West", "division_name": "Mountain" }, "geometry": { "type": "Polygon", "coordinates": [ [ [ -117.032345, 48.999201 ], [ -116.049086, 49.000846 ], [ -116.049108, 47.976842 ], [ -116.038505, 47.971345 ], [ -116.030387, 47.972619 ], [ -116.018771, 47.962895 ], [ -116.007484, 47.950783 ], [ -116.006659, 47.943341 ], [ -115.998128, 47.938477 ], [ -115.993375, 47.925977 ], [ -115.984651, 47.922559 ], [ -115.982444, 47.915637 ], [ -115.966869, 47.912598 ], [ -115.968389, 47.89925 ], [ -115.954086, 47.89452 ], [ -115.938009, 47.881093 ], [ -115.935481, 47.874153 ], [ -115.925234, 47.866853 ], [ -115.918885, 47.85362 ], [ -115.909317, 47.852631 ], [ -115.906821, 47.846383 ], [ -115.901401, 47.843097 ], [ -115.881496, 47.849612 ], [ -115.870741, 47.834962 ], [ -115.852312, 47.827857 ], [ -115.845066, 47.814999 ], [ -115.848771, 47.810091 ], [ -115.845796, 47.794058 ], [ -115.847353, 47.785094 ], [ -115.837438, 47.774846 ], [ -115.835424, 47.761482 ], [ -115.83091, 47.755036 ], [ -115.824993, 47.752373 ], [ -115.804609, 47.758142 ], [ -115.797498, 47.757334 ], [ -115.781002, 47.743184 ], [ -115.784258, 47.729963 ], [ -115.777151, 47.720376 ], [ -115.773442, 47.717568 ], [ -115.759475, 47.719209 ], [ -115.753026, 47.71695 ], [ -115.731354, 47.704942 ], [ -115.722648, 47.695118 ], [ -115.728282, 47.681708 ], [ -115.726589, 47.672864 ], [ -115.732173, 47.66821 ], [ -115.731403, 47.661689 ], [ -115.736508, 47.653811 ], [ -115.729864, 47.64192 ], [ -115.707672, 47.634715 ], [ -115.694444, 47.623761 ], [ -115.691899, 47.61723 ], [ -115.698746, 47.611975 ], [ -115.698443, 47.606579 ], [ -115.687758, 47.5953 ], [ -115.704782, 47.585043 ], [ -115.706036, 47.577626 ], [ -115.721195, 47.576254 ], [ -115.723746, 47.570596 ], [ -115.740953, 47.563447 ], [ -115.754514, 47.552454 ], [ -115.75562, 47.547933 ], [ -115.751793, 47.541987 ], [ -115.742327, 47.538325 ], [ -115.736436, 47.539793 ], [ -115.725118, 47.534119 ], [ -115.711368, 47.532371 ], [ -115.706437, 47.535006 ], [ -115.698314, 47.531375 ], [ -115.6954, 47.527713 ], [ -115.711124, 47.523419 ], [ -115.711398, 47.516771 ], [ -115.698633, 47.502273 ], [ -115.690026, 47.500762 ], [ -115.686264, 47.48494 ], [ -115.667918, 47.48882 ], [ -115.661025, 47.477848 ], [ -115.634603, 47.481616 ], [ -115.629488, 47.47961 ], [ -115.63759, 47.462822 ], [ -115.646461, 47.45683 ], [ -115.675618, 47.453217 ], [ -115.691209, 47.457206 ], [ -115.702113, 47.452501 ], [ -115.716094, 47.45288 ], [ -115.731075, 47.444863 ], [ -115.747439, 47.442042 ], [ -115.758914, 47.4234 ], [ -115.721112, 47.425698 ], [ -115.720834, 47.421076 ], [ -115.712261, 47.415442 ], [ -115.692044, 47.415342 ], [ -115.675245, 47.409393 ], [ -115.677563, 47.401786 ], [ -115.663361, 47.402882 ], [ -115.657491, 47.400455 ], [ -115.655596, 47.394205 ], [ -115.646294, 47.387769 ], [ -115.648413, 47.382432 ], [ -115.643411, 47.37734 ], [ -115.617247, 47.38252 ], [ -115.601915, 47.377489 ], [ -115.59578, 47.371719 ], [ -115.577639, 47.367404 ], [ -115.57833, 47.360737 ], [ -115.575127, 47.355903 ], [ -115.564152, 47.352243 ], [ -115.556845, 47.353927 ], [ -115.550763, 47.349686 ], [ -115.550473, 47.334263 ], [ -115.538835, 47.329059 ], [ -115.540876, 47.324589 ], [ -115.527903, 47.309021 ], [ -115.528509, 47.299244 ], [ -115.490838, 47.289482 ], [ -115.482264, 47.281444 ], [ -115.465818, 47.287477 ], [ -115.457726, 47.2824 ], [ -115.455908, 47.277618 ], [ -115.425967, 47.280278 ], [ -115.420474, 47.277474 ], [ -115.421388, 47.27201 ], [ -115.411585, 47.264369 ], [ -115.384666, 47.267803 ], [ -115.359219, 47.259643 ], [ -115.340441, 47.26287 ], [ -115.319786, 47.256684 ], [ -115.318382, 47.251892 ], [ -115.324369, 47.244724 ], [ -115.315818, 47.232804 ], [ -115.298784, 47.225504 ], [ -115.291529, 47.210854 ], [ -115.2991, 47.198835 ], [ -115.300577, 47.188334 ], [ -115.286849, 47.183485 ], [ -115.261822, 47.181431 ], [ -115.256196, 47.174977 ], [ -115.255462, 47.163692 ], [ -115.244619, 47.151312 ], [ -115.221893, 47.148995 ], [ -115.21253, 47.141998 ], [ -115.19904, 47.139887 ], [ -115.185987, 47.129402 ], [ -115.186263, 47.124368 ], [ -115.179296, 47.120375 ], [ -115.171652, 47.106782 ], [ -115.160126, 47.102099 ], [ -115.14413, 47.101911 ], [ -115.140162, 47.096613 ], [ -115.142672, 47.091466 ], [ -115.139619, 47.080019 ], [ -115.131134, 47.068956 ], [ -115.122483, 47.065887 ], [ -115.105791, 47.048413 ], [ -115.087426, 47.045716 ], [ -115.088363, 47.041121 ], [ -115.081856, 47.038186 ], [ -115.079799, 47.02824 ], [ -115.071679, 47.026361 ], [ -115.069417, 47.015007 ], [ -115.07277, 47.012906 ], [ -115.065137, 47.000165 ], [ -115.067775, 46.995212 ], [ -115.049944, 46.981057 ], [ -115.051956, 46.974903 ], [ -115.048789, 46.970036 ], [ -115.031356, 46.971724 ], [ -115.028599, 46.975675 ], [ -115.001274, 46.971901 ], [ -115.00091, 46.967703 ], [ -114.985686, 46.953941 ], [ -114.98612, 46.949736 ], [ -114.971062, 46.938986 ], [ -114.964543, 46.938076 ], [ -114.958793, 46.933626 ], [ -114.960597, 46.93001 ], [ -114.935657, 46.919841 ], [ -114.925143, 46.918681 ], [ -114.921828, 46.912703 ], [ -114.929333, 46.909889 ], [ -114.936741, 46.897279 ], [ -114.931421, 46.876998 ], [ -114.944571, 46.867858 ], [ -114.948261, 46.860009 ], [ -114.928683, 46.854767 ], [ -114.92399, 46.848154 ], [ -114.928666, 46.843635 ], [ -114.928739, 46.83521 ], [ -114.920731, 46.827083 ], [ -114.898448, 46.822354 ], [ -114.894804, 46.817317 ], [ -114.898571, 46.808954 ], [ -114.895189, 46.80163 ], [ -114.890731, 46.802958 ], [ -114.886946, 46.809545 ], [ -114.865779, 46.814529 ], [ -114.861142, 46.811638 ], [ -114.856906, 46.801647 ], [ -114.836649, 46.792489 ], [ -114.829104, 46.782626 ], [ -114.808387, 46.782369 ], [ -114.798748, 46.775832 ], [ -114.78955, 46.779114 ], [ -114.7875, 46.782776 ], [ -114.783634, 46.768666 ], [ -114.774306, 46.765806 ], [ -114.773535, 46.762087 ], [ -114.76509, 46.75815 ], [ -114.768284, 46.748152 ], [ -114.765239, 46.745391 ], [ -114.769959, 46.735042 ], [ -114.782755, 46.72635 ], [ -114.782081, 46.719499 ], [ -114.78843, 46.71277 ], [ -114.781865, 46.706833 ], [ -114.768548, 46.704763 ], [ -114.769515, 46.699909 ], [ -114.766786, 46.696902 ], [ -114.74848, 46.698555 ], [ -114.739773, 46.711941 ], [ -114.713044, 46.715426 ], [ -114.7078, 46.723892 ], [ -114.708942, 46.726872 ], [ -114.700037, 46.733668 ], [ -114.698594, 46.740451 ], [ -114.688619, 46.736454 ], [ -114.665376, 46.739234 ], [ -114.648413, 46.732315 ], [ -114.644627, 46.722832 ], [ -114.639272, 46.721786 ], [ -114.620787, 46.707262 ], [ -114.623543, 46.690933 ], [ -114.641443, 46.679492 ], [ -114.642563, 46.672912 ], [ -114.63314, 46.671818 ], [ -114.639892, 46.665614 ], [ -114.635779, 46.659476 ], [ -114.614564, 46.655075 ], [ -114.611656, 46.647453 ], [ -114.616271, 46.643733 ], [ -114.614975, 46.639975 ], [ -114.605732, 46.6359 ], [ -114.582867, 46.633367 ], [ -114.570565, 46.643299 ], [ -114.563182, 46.640823 ], [ -114.547033, 46.64468 ], [ -114.541822, 46.649992 ], [ -114.523847, 46.640588 ], [ -114.501055, 46.641354 ], [ -114.487521, 46.633163 ], [ -114.466834, 46.631801 ], [ -114.452639, 46.641561 ], [ -114.453477, 46.649209 ], [ -114.424596, 46.66066 ], [ -114.412116, 46.656825 ], [ -114.409577, 46.662244 ], [ -114.403856, 46.659487 ], [ -114.39452, 46.664917 ], [ -114.383724, 46.662458 ], [ -114.378055, 46.667131 ], [ -114.358224, 46.671138 ], [ -114.353, 46.663557 ], [ -114.333125, 46.660939 ], [ -114.321623, 46.648956 ], [ -114.322149, 46.625848 ], [ -114.328061, 46.619755 ], [ -114.322532, 46.610889 ], [ -114.329946, 46.604213 ], [ -114.332552, 46.596732 ], [ -114.344197, 46.589969 ], [ -114.329639, 46.576199 ], [ -114.347888, 46.551471 ], [ -114.343896, 46.54151 ], [ -114.349227, 46.529944 ], [ -114.342641, 46.518431 ], [ -114.348337, 46.510334 ], [ -114.35834, 46.505212 ], [ -114.375594, 46.501754 ], [ -114.383997, 46.505073 ], [ -114.399919, 46.502193 ], [ -114.403184, 46.498811 ], [ -114.400672, 46.477813 ], [ -114.394655, 46.469426 ], [ -114.383136, 46.466258 ], [ -114.379431, 46.46029 ], [ -114.3844, 46.447012 ], [ -114.37234, 46.44281 ], [ -114.368414, 46.437115 ], [ -114.382961, 46.432172 ], [ -114.384843, 46.411359 ], [ -114.393495, 46.409216 ], [ -114.401337, 46.40158 ], [ -114.40855, 46.400696 ], [ -114.410039, 46.396394 ], [ -114.422447, 46.387046 ], [ -114.41025, 46.361054 ], [ -114.414022, 46.335564 ], [ -114.42193, 46.330087 ], [ -114.422514, 46.324052 ], [ -114.433434, 46.305549 ], [ -114.425441, 46.287856 ], [ -114.432733, 46.278598 ], [ -114.441117, 46.273865 ], [ -114.453657, 46.270947 ], [ -114.464921, 46.273219 ], [ -114.47072, 46.266041 ], [ -114.464832, 46.252242 ], [ -114.468267, 46.248663 ], [ -114.45209, 46.241291 ], [ -114.447985, 46.231565 ], [ -114.445635, 46.219748 ], [ -114.451829, 46.214849 ], [ -114.443304, 46.203049 ], [ -114.444091, 46.169273 ], [ -114.457702, 46.170191 ], [ -114.475953, 46.160606 ], [ -114.489206, 46.167659 ], [ -114.507484, 46.164635 ], [ -114.514858, 46.16768 ], [ -114.514368, 46.153972 ], [ -114.527359, 46.145411 ], [ -114.521382, 46.13645 ], [ -114.517696, 46.135585 ], [ -114.520996, 46.125112 ], [ -114.488456, 46.112986 ], [ -114.474454, 46.113108 ], [ -114.470882, 46.105614 ], [ -114.460475, 46.09779 ], [ -114.462011, 46.07858 ], [ -114.472352, 46.076806 ], [ -114.472122, 46.069208 ], [ -114.466988, 46.065781 ], [ -114.468286, 46.06279 ], [ -114.479139, 46.055722 ], [ -114.493349, 46.05258 ], [ -114.497511, 46.042351 ], [ -114.506648, 46.038519 ], [ -114.507504, 46.031464 ], [ -114.497234, 46.027886 ], [ -114.480347, 46.030349 ], [ -114.47307, 46.01415 ], [ -114.484932, 46.008248 ], [ -114.487783, 46.003646 ], [ -114.479992, 45.992902 ], [ -114.457826, 45.997478 ], [ -114.4485, 45.987603 ], [ -114.428849, 45.986559 ], [ -114.411755, 45.97787 ], [ -114.410774, 45.973 ], [ -114.401428, 45.963544 ], [ -114.402524, 45.957944 ], [ -114.424902, 45.943981 ], [ -114.431396, 45.93604 ], [ -114.414864, 45.922133 ], [ -114.413563, 45.911631 ], [ -114.404095, 45.90347 ], [ -114.395143, 45.901433 ], [ -114.39371, 45.892969 ], [ -114.387603, 45.890162 ], [ -114.387868, 45.883926 ], [ -114.396057, 45.871228 ], [ -114.405917, 45.8704 ], [ -114.409654, 45.851573 ], [ -114.437715, 45.862608 ], [ -114.470325, 45.851465 ], [ -114.474891, 45.846585 ], [ -114.487097, 45.851671 ], [ -114.498995, 45.850692 ], [ -114.5036, 45.846003 ], [ -114.509644, 45.845357 ], [ -114.517379, 45.834947 ], [ -114.511483, 45.829436 ], [ -114.531018, 45.818898 ], [ -114.531029, 45.809868 ], [ -114.544967, 45.797898 ], [ -114.544091, 45.790361 ], [ -114.555619, 45.78654 ], [ -114.566465, 45.77331 ], [ -114.558283, 45.764781 ], [ -114.544511, 45.759178 ], [ -114.54785, 45.743264 ], [ -114.535634, 45.739095 ], [ -114.526654, 45.727634 ], [ -114.515367, 45.727454 ], [ -114.504182, 45.721814 ], [ -114.495148, 45.70397 ], [ -114.501386, 45.693706 ], [ -114.515086, 45.684911 ], [ -114.501189, 45.682436 ], [ -114.49903, 45.678874 ], [ -114.502281, 45.673939 ], [ -114.499533, 45.668785 ], [ -114.507646, 45.657535 ], [ -114.521928, 45.649463 ], [ -114.52888, 45.65243 ], [ -114.539495, 45.650567 ], [ -114.541674, 45.641399 ], [ -114.551713, 45.642411 ], [ -114.563987, 45.637621 ], [ -114.56323, 45.631669 ], [ -114.554599, 45.619882 ], [ -114.544688, 45.616976 ], [ -114.537944, 45.606592 ], [ -114.547644, 45.599679 ], [ -114.558498, 45.584463 ], [ -114.552956, 45.576603 ], [ -114.558522, 45.566049 ], [ -114.565491, 45.562601 ], [ -114.564936, 45.55771 ], [ -114.552638, 45.55702 ], [ -114.52726, 45.570855 ], [ -114.516342, 45.567995 ], [ -114.49808, 45.555461 ], [ -114.471946, 45.565223 ], [ -114.465732, 45.560507 ], [ -114.456077, 45.56224 ], [ -114.462763, 45.55395 ], [ -114.463912, 45.545029 ], [ -114.450525, 45.542346 ], [ -114.448802, 45.53888 ], [ -114.439942, 45.536983 ], [ -114.437123, 45.530811 ], [ -114.430574, 45.52951 ], [ -114.425707, 45.510719 ], [ -114.38887, 45.503003 ], [ -114.367201, 45.491854 ], [ -114.360289, 45.478229 ], [ -114.361098, 45.474409 ], [ -114.351624, 45.471036 ], [ -114.345662, 45.460657 ], [ -114.330047, 45.459722 ], [ -114.324358, 45.46589 ], [ -114.303786, 45.471563 ], [ -114.29506, 45.479373 ], [ -114.279996, 45.479875 ], [ -114.269892, 45.484552 ], [ -114.270022, 45.490868 ], [ -114.261475, 45.494931 ], [ -114.258502, 45.511233 ], [ -114.24721, 45.524719 ], [ -114.25159, 45.537504 ], [ -114.24845, 45.545813 ], [ -114.227873, 45.546129 ], [ -114.205262, 45.535923 ], [ -114.193608, 45.536372 ], [ -114.180273, 45.551238 ], [ -114.154212, 45.552618 ], [ -114.150244, 45.557831 ], [ -114.135821, 45.557098 ], [ -114.128987, 45.565385 ], [ -114.132125, 45.572095 ], [ -114.130694, 45.575833 ], [ -114.121262, 45.584592 ], [ -114.100504, 45.586204 ], [ -114.086102, 45.591464 ], [ -114.082263, 45.596699 ], [ -114.081858, 45.610568 ], [ -114.073561, 45.615082 ], [ -114.066738, 45.628166 ], [ -114.051838, 45.632705 ], [ -114.034556, 45.647616 ], [ -114.019069, 45.648403 ], [ -114.01527, 45.652766 ], [ -114.015659, 45.66425 ], [ -114.02831, 45.675237 ], [ -114.014366, 45.683769 ], [ -114.019168, 45.692631 ], [ -114.015482, 45.695901 ], [ -114.008279, 45.693831 ], [ -113.996841, 45.696858 ], [ -113.993904, 45.703381 ], [ -113.988526, 45.705977 ], [ -113.980008, 45.70237 ], [ -113.970767, 45.702929 ], [ -113.969187, 45.692728 ], [ -113.964816, 45.690019 ], [ -113.93526, 45.694341 ], [ -113.931425, 45.673036 ], [ -113.920618, 45.664065 ], [ -113.919856, 45.658117 ], [ -113.903375, 45.651128 ], [ -113.895278, 45.643847 ], [ -113.902392, 45.637547 ], [ -113.899429, 45.628504 ], [ -113.904691, 45.622007 ], [ -113.885963, 45.617382 ], [ -113.861589, 45.62382 ], [ -113.848639, 45.620109 ], [ -113.83888, 45.610691 ], [ -113.824096, 45.612803 ], [ -113.806431, 45.60163 ], [ -113.796746, 45.581573 ], [ -113.806929, 45.57819 ], [ -113.821469, 45.565948 ], [ -113.817408, 45.557033 ], [ -113.829065, 45.538156 ], [ -113.82743, 45.533284 ], [ -113.834778, 45.520657 ], [ -113.820168, 45.5231 ], [ -113.809659, 45.519795 ], [ -113.796856, 45.523408 ], [ -113.766022, 45.520621 ], [ -113.772843, 45.513307 ], [ -113.764786, 45.49921 ], [ -113.759914, 45.4804 ], [ -113.776222, 45.470905 ], [ -113.774641, 45.46301 ], [ -113.784264, 45.454886 ], [ -113.774427, 45.44651 ], [ -113.776034, 45.433746 ], [ -113.759733, 45.42711 ], [ -113.77716, 45.416563 ], [ -113.776043, 45.408477 ], [ -113.749192, 45.4029 ], [ -113.733475, 45.390811 ], [ -113.73292, 45.373141 ], [ -113.738879, 45.36813 ], [ -113.72903, 45.356086 ], [ -113.740342, 45.345439 ], [ -113.738661, 45.329409 ], [ -113.728575, 45.319908 ], [ -113.718582, 45.316805 ], [ -113.710035, 45.301015 ], [ -113.703753, 45.299178 ], [ -113.70057, 45.292518 ], [ -113.680279, 45.278886 ], [ -113.680321, 45.27444 ], [ -113.691908, 45.272356 ], [ -113.691887, 45.262503 ], [ -113.679611, 45.249746 ], [ -113.666873, 45.246977 ], [ -113.655425, 45.240006 ], [ -113.649132, 45.233999 ], [ -113.647288, 45.225642 ], [ -113.636915, 45.216761 ], [ -113.636352, 45.211847 ], [ -113.60433, 45.192085 ], [ -113.599685, 45.192161 ], [ -113.597231, 45.186475 ], [ -113.592133, 45.184779 ], [ -113.589449, 45.177301 ], [ -113.594241, 45.166059 ], [ -113.590707, 45.155886 ], [ -113.583221, 45.153575 ], [ -113.579956, 45.148354 ], [ -113.565694, 45.149602 ], [ -113.567043, 45.14312 ], [ -113.576725, 45.131237 ], [ -113.569884, 45.123851 ], [ -113.554038, 45.11856 ], [ -113.549663, 45.112879 ], [ -113.511249, 45.116129 ], [ -113.506049, 45.107784 ], [ -113.522187, 45.091388 ], [ -113.514123, 45.08481 ], [ -113.489406, 45.076526 ], [ -113.485531, 45.063624 ], [ -113.474352, 45.061756 ], [ -113.460325, 45.064869 ], [ -113.452044, 45.059174 ], [ -113.449312, 45.046177 ], [ -113.455803, 45.039712 ], [ -113.446291, 45.033892 ], [ -113.448689, 45.020016 ], [ -113.437882, 45.007343 ], [ -113.446861, 44.998276 ], [ -113.444923, 44.973264 ], [ -113.449791, 44.970636 ], [ -113.443939, 44.95938 ], [ -113.44876, 44.95373 ], [ -113.461054, 44.952095 ], [ -113.465837, 44.947609 ], [ -113.480836, 44.95031 ], [ -113.486846, 44.946778 ], [ -113.49465, 44.948515 ], [ -113.498818, 44.942203 ], [ -113.490745, 44.922852 ], [ -113.471787, 44.909837 ], [ -113.478595, 44.895595 ], [ -113.4612, 44.886754 ], [ -113.462556, 44.881858 ], [ -113.457267, 44.875408 ], [ -113.455071, 44.865424 ], [ -113.443666, 44.861756 ], [ -113.439575, 44.855689 ], [ -113.42908, 44.854858 ], [ -113.421952, 44.837599 ], [ -113.409413, 44.840757 ], [ -113.377567, 44.835239 ], [ -113.376563, 44.830483 ], [ -113.356062, 44.819798 ], [ -113.3461, 44.800611 ], [ -113.354689, 44.795437 ], [ -113.354083, 44.791798 ], [ -113.341276, 44.784664 ], [ -113.301506, 44.799031 ], [ -113.298978, 44.803031 ], [ -113.279315, 44.812439 ], [ -113.246894, 44.822973 ], [ -113.238729, 44.814144 ], [ -113.209355, 44.809125 ], [ -113.203604, 44.803982 ], [ -113.193117, 44.801653 ], [ -113.179538, 44.787165 ], [ -113.163688, 44.778819 ], [ -113.157945, 44.780966 ], [ -113.131459, 44.772758 ], [ -113.131348, 44.76491 ], [ -113.137725, 44.760116 ], [ -113.134824, 44.752763 ], [ -113.120261, 44.745951 ], [ -113.116466, 44.740052 ], [ -113.116836, 44.732517 ], [ -113.101618, 44.729465 ], [ -113.099405, 44.717773 ], [ -113.101814, 44.707124 ], [ -113.097833, 44.698868 ], [ -113.082112, 44.691657 ], [ -113.079552, 44.687831 ], [ -113.080943, 44.683051 ], [ -113.067761, 44.678786 ], [ -113.069734, 44.668683 ], [ -113.068003, 44.657671 ], [ -113.064038, 44.652735 ], [ -113.065589, 44.649253 ], [ -113.050722, 44.634542 ], [ -113.049838, 44.628799 ], [ -113.053654, 44.621657 ], [ -113.058149, 44.617988 ], [ -113.071888, 44.615871 ], [ -113.088292, 44.599663 ], [ -113.062266, 44.586236 ], [ -113.067168, 44.579062 ], [ -113.037285, 44.564769 ], [ -113.036827, 44.560362 ], [ -113.046767, 44.553599 ], [ -113.045358, 44.544323 ], [ -113.033293, 44.5375 ], [ -113.026341, 44.538552 ], [ -113.00653, 44.525776 ], [ -113.005518, 44.519845 ], [ -113.015945, 44.515987 ], [ -113.015878, 44.505934 ], [ -113.026824, 44.495512 ], [ -113.019987, 44.483696 ], [ -113.006117, 44.47098 ], [ -113.008788, 44.463997 ], [ -113.004506, 44.452827 ], [ -112.971516, 44.427567 ], [ -112.963048, 44.423255 ], [ -112.952048, 44.42502 ], [ -112.950997, 44.41726 ], [ -112.945416, 44.414632 ], [ -112.921147, 44.41092 ], [ -112.914616, 44.402663 ], [ -112.901873, 44.398861 ], [ -112.889557, 44.405938 ], [ -112.883531, 44.400621 ], [ -112.885564, 44.396263 ], [ -112.881581, 44.379256 ], [ -112.87571, 44.377232 ], [ -112.872925, 44.372134 ], [ -112.863899, 44.369802 ], [ -112.854267, 44.359588 ], [ -112.844565, 44.357969 ], [ -112.812208, 44.377142 ], [ -112.812571, 44.392405 ], [ -112.815097, 44.395098 ], [ -112.810056, 44.39876 ], [ -112.819944, 44.400198 ], [ -112.821793, 44.407165 ], [ -112.83989, 44.424714 ], [ -112.826879, 44.432056 ], [ -112.826962, 44.443127 ], [ -112.818189, 44.447052 ], [ -112.813895, 44.453983 ], [ -112.807706, 44.453122 ], [ -112.798039, 44.460914 ], [ -112.798042, 44.466341 ], [ -112.787831, 44.473733 ], [ -112.78081, 44.48466 ], [ -112.772152, 44.483605 ], [ -112.749759, 44.490134 ], [ -112.743062, 44.488338 ], [ -112.734542, 44.499489 ], [ -112.71793, 44.504273 ], [ -112.692735, 44.499992 ], [ -112.684959, 44.492847 ], [ -112.671972, 44.491367 ], [ -112.661734, 44.48599 ], [ -112.63334, 44.491096 ], [ -112.629873, 44.488805 ], [ -112.629123, 44.48281 ], [ -112.625014, 44.483027 ], [ -112.601955, 44.490705 ], [ -112.577953, 44.480092 ], [ -112.541712, 44.483771 ], [ -112.53584, 44.478383 ], [ -112.513891, 44.475117 ], [ -112.51129, 44.466382 ], [ -112.500642, 44.462766 ], [ -112.497132, 44.468069 ], [ -112.48503, 44.470867 ], [ -112.48365, 44.47435 ], [ -112.472687, 44.479297 ], [ -112.46035, 44.475115 ], [ -112.455536, 44.471141 ], [ -112.455232, 44.466254 ], [ -112.441509, 44.466575 ], [ -112.433539, 44.459834 ], [ -112.43408, 44.454348 ], [ -112.416062, 44.453001 ], [ -112.407236, 44.457465 ], [ -112.386524, 44.447308 ], [ -112.366065, 44.46698 ], [ -112.36449, 44.480305 ], [ -112.358366, 44.485261 ], [ -112.356396, 44.505226 ], [ -112.358823, 44.529411 ], [ -112.352509, 44.538021 ], [ -112.319494, 44.538904 ], [ -112.315008, 44.5419 ], [ -112.313741, 44.553041 ], [ -112.304635, 44.559069 ], [ -112.292691, 44.561656 ], [ -112.286568, 44.568559 ], [ -112.267805, 44.565461 ], [ -112.256701, 44.571678 ], [ -112.251139, 44.56772 ], [ -112.229225, 44.564089 ], [ -112.231066, 44.558993 ], [ -112.227073, 44.554678 ], [ -112.22963, 44.549519 ], [ -112.222333, 44.543943 ], [ -112.183657, 44.532953 ], [ -112.164648, 44.541533 ], [ -112.148886, 44.536756 ], [ -112.136672, 44.53986 ], [ -112.129162, 44.53616 ], [ -112.127046, 44.52889 ], [ -112.109521, 44.52423 ], [ -112.1064, 44.520569 ], [ -112.096484, 44.522992 ], [ -112.093093, 44.530017 ], [ -112.069068, 44.537151 ], [ -112.037857, 44.532685 ], [ -112.032799, 44.528403 ], [ -112.035069, 44.54198 ], [ -112.032707, 44.546642 ], [ -112.0167, 44.542018 ], [ -112.011473, 44.543451 ], [ -111.995516, 44.535013 ], [ -111.992039, 44.537529 ], [ -111.977724, 44.535744 ], [ -111.971542, 44.537646 ], [ -111.967303, 44.544943 ], [ -111.962422, 44.544478 ], [ -111.961155, 44.54917 ], [ -111.95168, 44.549454 ], [ -111.947782, 44.557013 ], [ -111.902934, 44.556673 ], [ -111.895178, 44.559401 ], [ -111.892303, 44.563952 ], [ -111.879459, 44.560409 ], [ -111.870704, 44.563258 ], [ -111.869319, 44.566621 ], [ -111.863914, 44.55146 ], [ -111.856907, 44.549092 ], [ -111.842295, 44.526173 ], [ -111.829936, 44.519986 ], [ -111.831249, 44.517327 ], [ -111.82153, 44.508941 ], [ -111.807971, 44.510161 ], [ -111.809388, 44.512889 ], [ -111.806082, 44.516121 ], [ -111.80816, 44.519748 ], [ -111.801119, 44.525985 ], [ -111.779796, 44.523843 ], [ -111.77151, 44.530868 ], [ -111.762724, 44.5258 ], [ -111.758943, 44.533234 ], [ -111.749914, 44.53958 ], [ -111.737536, 44.543068 ], [ -111.715648, 44.543369 ], [ -111.703164, 44.560148 ], [ -111.689995, 44.5562 ], [ -111.682997, 44.561657 ], [ -111.659265, 44.552663 ], [ -111.646827, 44.554797 ], [ -111.613897, 44.54868 ], [ -111.585687, 44.562628 ], [ -111.562814, 44.555209 ], [ -111.547052, 44.557176 ], [ -111.539167, 44.551313 ], [ -111.523594, 44.547864 ], [ -111.512891, 44.536041 ], [ -111.499371, 44.542029 ], [ -111.479665, 44.542135 ], [ -111.468002, 44.538951 ], [ -111.463535, 44.541356 ], [ -111.467649, 44.544623 ], [ -111.469355, 44.557674 ], [ -111.478653, 44.553395 ], [ -111.492123, 44.560804 ], [ -111.507769, 44.562298 ], [ -111.509586, 44.566244 ], [ -111.502577, 44.568717 ], [ -111.50134, 44.57249 ], [ -111.517814, 44.582166 ], [ -111.523611, 44.592215 ], [ -111.524477, 44.597628 ], [ -111.519337, 44.601768 ], [ -111.525633, 44.60434 ], [ -111.519647, 44.611972 ], [ -111.522613, 44.614084 ], [ -111.502499, 44.626508 ], [ -111.511395, 44.638609 ], [ -111.516461, 44.640896 ], [ -111.51631, 44.643997 ], [ -111.504884, 44.644341 ], [ -111.500956, 44.649639 ], [ -111.490114, 44.642471 ], [ -111.490612, 44.649652 ], [ -111.472483, 44.66619 ], [ -111.476511, 44.673724 ], [ -111.468509, 44.679178 ], [ -111.484603, 44.687574 ], [ -111.482706, 44.692589 ], [ -111.489716, 44.699657 ], [ -111.488784, 44.705643 ], [ -111.438798, 44.720545 ], [ -111.429602, 44.720148 ], [ -111.424213, 44.714023 ], [ -111.414273, 44.710739 ], [ -111.397958, 44.723644 ], [ -111.399383, 44.734267 ], [ -111.39443, 44.744115 ], [ -111.397844, 44.746383 ], [ -111.392969, 44.75231 ], [ -111.384824, 44.754954 ], [ -111.374489, 44.750189 ], [ -111.366261, 44.742245 ], [ -111.366491, 44.738137 ], [ -111.352977, 44.726178 ], [ -111.348067, 44.725314 ], [ -111.337113, 44.733204 ], [ -111.323626, 44.729072 ], [ -111.322484, 44.718776 ], [ -111.29626, 44.702271 ], [ -111.296879, 44.691444 ], [ -111.27925, 44.682232 ], [ -111.275667, 44.674324 ], [ -111.266804, 44.667512 ], [ -111.275613, 44.656672 ], [ -111.280575, 44.655201 ], [ -111.278477, 44.651265 ], [ -111.270129, 44.64682 ], [ -111.252597, 44.65125 ], [ -111.249236, 44.644104 ], [ -111.242644, 44.6434 ], [ -111.219319, 44.622521 ], [ -111.240889, 44.614525 ], [ -111.23186, 44.597137 ], [ -111.232145, 44.585231 ], [ -111.227631, 44.576687 ], [ -111.201491, 44.575896 ], [ -111.18103, 44.569231 ], [ -111.17864, 44.552477 ], [ -111.158894, 44.546264 ], [ -111.150571, 44.534971 ], [ -111.140806, 44.535844 ], [ -111.131382, 44.532429 ], [ -111.138618, 44.516854 ], [ -111.127383, 44.49762 ], [ -111.115061, 44.493848 ], [ -111.107213, 44.486929 ], [ -111.074787, 44.483448 ], [ -111.05997, 44.47735 ], [ -111.052434, 44.478411 ], [ -111.048974, 44.474072 ], [ -111.043495, 42.747552 ], [ -111.047234, 42.469096 ], [ -111.046714, 42.001702 ], [ -112.153848, 41.997226 ], [ -112.173148, 42.001515 ], [ -112.705684, 42.000151 ], [ -113.873349, 41.988182 ], [ -114.041477, 41.993873 ], [ -114.598281, 41.994594 ], [ -114.823491, 42.001842 ], [ -115.092428, 41.996115 ], [ -116.368477, 41.99628 ], [ -117.0262, 42.000195 ], [ -117.026833, 43.73367 ], [ -117.026634, 43.80811 ], [ -117.02155, 43.819402 ], [ -117.032578, 43.830181 ], [ -117.025156, 43.841334 ], [ -117.011582, 43.841045 ], [ -117.010701, 43.849754 ], [ -117.020116, 43.853958 ], [ -117.020035, 43.858956 ], [ -116.98294, 43.86771 ], [ -116.983857, 43.880795 ], [ -116.976026, 43.895548 ], [ -116.981145, 43.913693 ], [ -116.961535, 43.918388 ], [ -116.959334, 43.929325 ], [ -116.969139, 43.938865 ], [ -116.960477, 43.955103 ], [ -116.972431, 43.957987 ], [ -116.959206, 43.96636 ], [ -116.97088, 43.968302 ], [ -116.976045, 43.975058 ], [ -116.966415, 43.977296 ], [ -116.960832, 43.982823 ], [ -116.940024, 43.984445 ], [ -116.935301, 43.988616 ], [ -116.94494, 44.002779 ], [ -116.936862, 44.010504 ], [ -116.936134, 44.02714 ], [ -116.942003, 44.034599 ], [ -116.956675, 44.044149 ], [ -116.973185, 44.049425 ], [ -116.977351, 44.085364 ], [ -116.967203, 44.090936 ], [ -116.943127, 44.094063 ], [ -116.933701, 44.100043 ], [ -116.928305, 44.107327 ], [ -116.928562, 44.115159 ], [ -116.914236, 44.127304 ], [ -116.911218, 44.139992 ], [ -116.902407, 44.145168 ], [ -116.894202, 44.162317 ], [ -116.895757, 44.171267 ], [ -116.902752, 44.179467 ], [ -116.915738, 44.183152 ], [ -116.925392, 44.191544 ], [ -116.935443, 44.193962 ], [ -116.947591, 44.191264 ], [ -116.971675, 44.197256 ], [ -116.973701, 44.208017 ], [ -116.970245, 44.220843 ], [ -116.973945, 44.225932 ], [ -116.971958, 44.235677 ], [ -116.975985, 44.242875 ], [ -117.031862, 44.248635 ], [ -117.042283, 44.242775 ], [ -117.046148, 44.230669 ], [ -117.051431, 44.228748 ], [ -117.067284, 44.24401 ], [ -117.089503, 44.258234 ], [ -117.094569, 44.270976 ], [ -117.104207, 44.279942 ], [ -117.119861, 44.278272 ], [ -117.136767, 44.260391 ], [ -117.146218, 44.258027 ], [ -117.170341, 44.258889 ], [ -117.198147, 44.273828 ], [ -117.216974, 44.288357 ], [ -117.22274, 44.298326 ], [ -117.216795, 44.308236 ], [ -117.203323, 44.313024 ], [ -117.189769, 44.336585 ], [ -117.197339, 44.347406 ], [ -117.235117, 44.373853 ], [ -117.242873, 44.395557 ], [ -117.227259, 44.405236 ], [ -117.215072, 44.427162 ], [ -117.215254, 44.452152 ], [ -117.225371, 44.475476 ], [ -117.225076, 44.482346 ], [ -117.208936, 44.485661 ], [ -117.200237, 44.492027 ], [ -117.189759, 44.513385 ], [ -117.181583, 44.52296 ], [ -117.161033, 44.525166 ], [ -117.149242, 44.536151 ], [ -117.144161, 44.545647 ], [ -117.14293, 44.557236 ], [ -117.148255, 44.564371 ], [ -117.124754, 44.583834 ], [ -117.120522, 44.614658 ], [ -117.114754, 44.624883 ], [ -117.108231, 44.62711 ], [ -117.098221, 44.640689 ], [ -117.094968, 44.652011 ], [ -117.095868, 44.664737 ], [ -117.080796, 44.673768 ], [ -117.07912, 44.692175 ], [ -117.061799, 44.706654 ], [ -117.062273, 44.727143 ], [ -117.050205, 44.732565 ], [ -117.047821, 44.741527 ], [ -117.03827, 44.748179 ], [ -117.02, 44.751019 ], [ -117.013802, 44.756841 ], [ -116.998903, 44.756382 ], [ -116.970902, 44.773881 ], [ -116.9347, 44.783881 ], [ -116.9307, 44.789881 ], [ -116.933799, 44.796781 ], [ -116.931099, 44.804781 ], [ -116.922099, 44.81188 ], [ -116.905772, 44.834793 ], [ -116.900146, 44.836672 ], [ -116.896249, 44.84833 ], [ -116.89862, 44.853744 ], [ -116.887748, 44.855799 ], [ -116.877136, 44.866049 ], [ -116.865338, 44.870603 ], [ -116.852427, 44.887578 ], [ -116.848893, 44.900719 ], [ -116.83199, 44.933007 ], [ -116.850984, 44.961556 ], [ -116.836449, 44.969239 ], [ -116.826271, 44.982493 ], [ -116.839744, 44.983063 ], [ -116.848574, 44.971716 ], [ -116.857982, 44.97732 ], [ -116.856754, 44.984298 ], [ -116.844625, 45.001435 ], [ -116.847944, 45.022602 ], [ -116.841314, 45.030907 ], [ -116.825133, 45.03784 ], [ -116.797329, 45.060267 ], [ -116.78371, 45.076972 ], [ -116.783537, 45.093605 ], [ -116.774847, 45.105536 ], [ -116.754643, 45.113972 ], [ -116.752839, 45.121768 ], [ -116.74686, 45.124223 ], [ -116.745535, 45.133038 ], [ -116.729607, 45.142091 ], [ -116.724205, 45.171501 ], [ -116.709536, 45.203015 ], [ -116.70975, 45.217243 ], [ -116.704111, 45.228154 ], [ -116.703697, 45.240099 ], [ -116.698765, 45.245182 ], [ -116.691388, 45.263739 ], [ -116.674493, 45.276349 ], [ -116.672163, 45.288938 ], [ -116.673793, 45.321511 ], [ -116.632344, 45.377415 ], [ -116.623385, 45.393963 ], [ -116.597447, 45.41277 ], [ -116.588195, 45.44292 ], [ -116.563973, 45.460229 ], [ -116.55483, 45.46293 ], [ -116.558807, 45.481189 ], [ -116.553089, 45.49621 ], [ -116.557463, 45.504173 ], [ -116.543837, 45.514193 ], [ -116.535482, 45.525079 ], [ -116.531727, 45.536685 ], [ -116.523439, 45.546556 ], [ -116.528319, 45.551513 ], [ -116.52074, 45.556201 ], [ -116.506967, 45.558427 ], [ -116.502756, 45.566608 ], [ -116.482416, 45.577449 ], [ -116.482674, 45.585958 ], [ -116.464717, 45.60096 ], [ -116.463262, 45.610929 ], [ -116.464238, 45.617055 ], [ -116.472877, 45.624877 ], [ -116.4721, 45.629201 ], [ -116.482806, 45.633595 ], [ -116.482495, 45.639916 ], [ -116.487734, 45.643956 ], [ -116.488818, 45.650799 ], [ -116.523961, 45.677639 ], [ -116.535396, 45.691734 ], [ -116.538201, 45.716161 ], [ -116.535698, 45.734231 ], [ -116.54809, 45.752364 ], [ -116.559444, 45.755189 ], [ -116.59421, 45.77908 ], [ -116.632032, 45.784979 ], [ -116.646342, 45.779815 ], [ -116.665268, 45.782059 ], [ -116.680818, 45.794388 ], [ -116.697192, 45.820135 ], [ -116.70975, 45.825728 ], [ -116.735779, 45.826364 ], [ -116.759789, 45.816167 ], [ -116.782139, 45.825116 ], [ -116.789066, 45.833471 ], [ -116.787792, 45.844267 ], [ -116.796459, 45.861224 ], [ -116.804903, 45.865815 ], [ -116.815918, 45.878998 ], [ -116.84355, 45.892273 ], [ -116.859795, 45.907264 ], [ -116.869655, 45.923799 ], [ -116.87598, 45.954775 ], [ -116.891298, 45.960327 ], [ -116.894906, 45.968922 ], [ -116.893606, 45.97758 ], [ -116.911469, 45.989049 ], [ -116.918924, 45.998713 ], [ -116.921719, 46.015942 ], [ -116.929944, 46.023648 ], [ -116.929815, 46.03568 ], [ -116.94028, 46.046687 ], [ -116.942793, 46.061115 ], [ -116.957866, 46.075457 ], [ -116.976822, 46.07904 ], [ -116.981952, 46.084847 ], [ -116.982465, 46.091935 ], [ -116.978845, 46.095849 ], [ -116.955424, 46.101861 ], [ -116.949851, 46.124486 ], [ -116.934729, 46.137294 ], [ -116.934987, 46.153528 ], [ -116.923157, 46.16036 ], [ -116.922341, 46.168774 ], [ -116.935957, 46.175227 ], [ -116.94143, 46.184682 ], [ -116.965384, 46.203122 ], [ -116.966306, 46.209195 ], [ -116.95548, 46.230984 ], [ -116.967805, 46.258475 ], [ -116.991195, 46.27696 ], [ -116.985301, 46.289186 ], [ -116.986216, 46.29595 ], [ -116.990849, 46.300233 ], [ -117.00738, 46.305244 ], [ -117.020581, 46.314789 ], [ -117.024305, 46.336276 ], [ -117.033484, 46.341237 ], [ -117.056647, 46.345811 ], [ -117.062788, 46.353605 ], [ -117.062778, 46.365175 ], [ -117.046894, 46.379615 ], [ -117.034626, 46.417845 ], [ -117.039766, 46.425887 ], [ -117.042309, 47.962289 ], [ -117.035178, 48.370878 ], [ -117.032345, 48.999201 ] ] ] } },
{ "type": "Feature", "properties": { "STUSPS": "NH", "NAME": "New Hampshire", "region_name": "Northeast", "division_name": "New England" }, "geometry": { "type": "Polygon", "coordinates": [ [ [ -70.842827, 43.254225 ], [ -70.83744, 43.242308 ], [ -70.827216, 43.24333 ], [ -70.817826, 43.238156 ], [ -70.815482, 43.233519 ], [ -70.817207, 43.229346 ], [ -70.809516, 43.225165 ], [ -70.816917, 43.21453 ], [ -70.820671, 43.199492 ], [ -70.819282, 43.192992 ], [ -70.828255, 43.187789 ], [ -70.823569, 43.174239 ], [ -70.827782, 43.170432 ], [ -70.83361, 43.146106 ], [ -70.82708, 43.127395 ], [ -70.779688, 43.096248 ], [ -70.765892, 43.092495 ], [ -70.756412, 43.080177 ], [ -70.743033, 43.077973 ], [ -70.737969, 43.073728 ], [ -70.70631, 43.075339 ], [ -70.701197, 43.04524 ], [ -70.630714, 42.985286 ], [ -70.611152, 42.97899 ], [ -70.587593, 42.949188 ], [ -70.575094, 42.917126 ], [ -70.610659, 42.912529 ], [ -70.655109, 42.922099 ], [ -70.680933, 42.936874 ], [ -70.694395, 42.956754 ], [ -70.708993, 42.938146 ], [ -70.726024, 42.928524 ], [ -70.727303, 42.893617 ], [ -70.735005, 42.874685 ], [ -70.820238, 42.871787 ], [ -70.847718, 42.860867 ], [ -70.885602, 42.882834 ], [ -70.914631, 42.886648 ], [ -70.929594, 42.885032 ], [ -70.967018, 42.8688 ], [ -71.031201, 42.859087 ], [ -71.04492, 42.848667 ], [ -71.064416, 42.806275 ], [ -71.132805, 42.821476 ], [ -71.166647, 42.808881 ], [ -71.18614, 42.790935 ], [ -71.181786, 42.737341 ], [ -71.22383, 42.746484 ], [ -71.245426, 42.742546 ], [ -71.267873, 42.726026 ], [ -71.294637, 42.697042 ], [ -72.458412, 42.726933 ], [ -72.473366, 42.746235 ], [ -72.476952, 42.760769 ], [ -72.490547, 42.772747 ], [ -72.497704, 42.773365 ], [ -72.499581, 42.768811 ], [ -72.50837, 42.764401 ], [ -72.515466, 42.765629 ], [ -72.516473, 42.769123 ], [ -72.509286, 42.775013 ], [ -72.508737, 42.779522 ], [ -72.541513, 42.807094 ], [ -72.547358, 42.839549 ], [ -72.557078, 42.852863 ], [ -72.552622, 42.885043 ], [ -72.53338, 42.895312 ], [ -72.530359, 42.911074 ], [ -72.524499, 42.915148 ], [ -72.526941, 42.941378 ], [ -72.534189, 42.948847 ], [ -72.533808, 42.952585 ], [ -72.518365, 42.963137 ], [ -72.49218, 42.967676 ], [ -72.481636, 42.973955 ], [ -72.473717, 42.972124 ], [ -72.4617, 42.982871 ], [ -72.465416, 42.989633 ], [ -72.462516, 42.997445 ], [ -72.458702, 43.000863 ], [ -72.449409, 43.000322 ], [ -72.443259, 43.007577 ], [ -72.458076, 43.018304 ], [ -72.462623, 43.025788 ], [ -72.46038, 43.041383 ], [ -72.467842, 43.05275 ], [ -72.435264, 43.08149 ], [ -72.434516, 43.086617 ], [ -72.443198, 43.10302 ], [ -72.433478, 43.110588 ], [ -72.432502, 43.118896 ], [ -72.442298, 43.129303 ], [ -72.440803, 43.136627 ], [ -72.452095, 43.13858 ], [ -72.457405, 43.147537 ], [ -72.45211, 43.153228 ], [ -72.452781, 43.172767 ], [ -72.443931, 43.179778 ], [ -72.450508, 43.192611 ], [ -72.438224, 43.202918 ], [ -72.441047, 43.218192 ], [ -72.434165, 43.231909 ], [ -72.439475, 43.244139 ], [ -72.438605, 43.252424 ], [ -72.435477, 43.257727 ], [ -72.421561, 43.263373 ], [ -72.416037, 43.270231 ], [ -72.408891, 43.281967 ], [ -72.402792, 43.302442 ], [ -72.395315, 43.312696 ], [ -72.410559, 43.331121 ], [ -72.389868, 43.356572 ], [ -72.403082, 43.357747 ], [ -72.412649, 43.362279 ], [ -72.416022, 43.377164 ], [ -72.413397, 43.383481 ], [ -72.403509, 43.391583 ], [ -72.395816, 43.43749 ], [ -72.390371, 43.450909 ], [ -72.392569, 43.466884 ], [ -72.381475, 43.48003 ], [ -72.381063, 43.494037 ], [ -72.398871, 43.512653 ], [ -72.394262, 43.5274 ], [ -72.387655, 43.529635 ], [ -72.380697, 43.540355 ], [ -72.382986, 43.563418 ], [ -72.380147, 43.564974 ], [ -72.380237, 43.573435 ], [ -72.372488, 43.579951 ], [ -72.349644, 43.587817 ], [ -72.328327, 43.601114 ], [ -72.328419, 43.607058 ], [ -72.333195, 43.610285 ], [ -72.334827, 43.617952 ], [ -72.327381, 43.630663 ], [ -72.329136, 43.63553 ], [ -72.314694, 43.641858 ], [ -72.313633, 43.656938 ], [ -72.303149, 43.668619 ], [ -72.301425, 43.67576 ], [ -72.306018, 43.683351 ], [ -72.305133, 43.695321 ], [ -72.299564, 43.706277 ], [ -72.271105, 43.733918 ], [ -72.264467, 43.733895 ], [ -72.234178, 43.745965 ], [ -72.218537, 43.765465 ], [ -72.20523, 43.77093 ], [ -72.205536, 43.784584 ], [ -72.196182, 43.790917 ], [ -72.184051, 43.806404 ], [ -72.18895, 43.82119 ], [ -72.182449, 43.834121 ], [ -72.18309, 43.84468 ], [ -72.188034, 43.855155 ], [ -72.184616, 43.864143 ], [ -72.167907, 43.869109 ], [ -72.173584, 43.879615 ], [ -72.172103, 43.884986 ], [ -72.159728, 43.887664 ], [ -72.150527, 43.902099 ], [ -72.120451, 43.919555 ], [ -72.116911, 43.933844 ], [ -72.118345, 43.946532 ], [ -72.10574, 43.949829 ], [ -72.098996, 43.957564 ], [ -72.100675, 43.963004 ], [ -72.09094, 43.96578 ], [ -72.106, 43.970022 ], [ -72.114378, 43.968054 ], [ -72.112043, 43.985952 ], [ -72.116865, 43.994467 ], [ -72.104123, 44.002371 ], [ -72.105771, 44.012281 ], [ -72.102765, 44.014578 ], [ -72.096937, 44.015035 ], [ -72.093488, 44.009443 ], [ -72.090527, 44.009924 ], [ -72.095426, 44.021757 ], [ -72.091504, 44.024412 ], [ -72.082669, 44.021803 ], [ -72.081342, 44.028364 ], [ -72.074811, 44.032407 ], [ -72.07832, 44.043378 ], [ -72.061901, 44.049596 ], [ -72.068936, 44.054281 ], [ -72.068096, 44.057378 ], [ -72.057293, 44.058339 ], [ -72.048305, 44.069707 ], [ -72.052868, 44.076306 ], [ -72.031673, 44.078969 ], [ -72.045284, 44.087308 ], [ -72.03326, 44.090474 ], [ -72.031306, 44.10043 ], [ -72.039455, 44.10352 ], [ -72.04391, 44.0966 ], [ -72.04788, 44.096586 ], [ -72.052135, 44.100156 ], [ -72.05537, 44.11076 ], [ -72.053143, 44.119511 ], [ -72.045131, 44.124691 ], [ -72.037303, 44.124913 ], [ -72.03326, 44.13168 ], [ -72.041957, 44.136998 ], [ -72.042827, 44.150967 ], [ -72.038997, 44.156796 ], [ -72.043087, 44.156552 ], [ -72.042293, 44.162045 ], [ -72.047191, 44.161633 ], [ -72.05183, 44.1665 ], [ -72.058331, 44.181324 ], [ -72.066158, 44.190128 ], [ -72.064327, 44.197574 ], [ -72.058743, 44.20203 ], [ -72.059475, 44.21056 ], [ -72.052578, 44.21783 ], [ -72.053631, 44.225345 ], [ -72.047664, 44.238956 ], [ -72.06152, 44.261073 ], [ -72.058331, 44.270083 ], [ -72.066891, 44.268092 ], [ -72.067852, 44.273402 ], [ -72.058636, 44.286502 ], [ -72.032878, 44.302165 ], [ -72.031413, 44.315249 ], [ -72.033626, 44.318057 ], [ -72.029307, 44.322345 ], [ -72.019252, 44.320193 ], [ -72.009089, 44.322222 ], [ -71.988138, 44.330065 ], [ -71.981424, 44.337366 ], [ -71.934044, 44.336001 ], [ -71.910621, 44.348376 ], [ -71.871451, 44.336695 ], [ -71.814747, 44.354494 ], [ -71.812413, 44.357325 ], [ -71.816289, 44.367403 ], [ -71.812321, 44.371637 ], [ -71.815678, 44.375025 ], [ -71.814427, 44.381922 ], [ -71.800572, 44.384028 ], [ -71.803488, 44.39189 ], [ -71.794483, 44.399004 ], [ -71.778446, 44.399835 ], [ -71.761966, 44.407027 ], [ -71.743726, 44.401027 ], [ -71.735413, 44.410005 ], [ -71.714279, 44.409545 ], [ -71.70258, 44.413542 ], [ -71.684285, 44.423645 ], [ -71.682701, 44.42734 ], [ -71.676967, 44.426848 ], [ -71.677962, 44.435255 ], [ -71.660883, 44.439937 ], [ -71.654217, 44.458823 ], [ -71.644266, 44.46025 ], [ -71.638986, 44.464411 ], [ -71.646977, 44.469945 ], [ -71.646837, 44.473202 ], [ -71.632782, 44.483796 ], [ -71.624663, 44.481744 ], [ -71.63423, 44.478844 ], [ -71.634505, 44.475625 ], [ -71.626205, 44.474466 ], [ -71.617843, 44.485841 ], [ -71.609526, 44.4842 ], [ -71.598601, 44.486825 ], [ -71.593885, 44.501031 ], [ -71.58592, 44.49936 ], [ -71.588133, 44.506585 ], [ -71.582929, 44.502198 ], [ -71.577024, 44.502061 ], [ -71.594114, 44.521554 ], [ -71.580747, 44.524598 ], [ -71.571867, 44.537919 ], [ -71.598586, 44.554795 ], [ -71.596968, 44.559471 ], [ -71.589578, 44.565737 ], [ -71.559717, 44.563975 ], [ -71.557711, 44.570404 ], [ -71.547726, 44.571381 ], [ -71.554806, 44.579369 ], [ -71.552365, 44.584393 ], [ -71.549664, 44.578323 ], [ -71.545788, 44.577934 ], [ -71.534909, 44.587898 ], [ -71.540051, 44.588524 ], [ -71.538494, 44.59417 ], [ -71.546893, 44.590837 ], [ -71.545972, 44.59713 ], [ -71.555188, 44.593346 ], [ -71.550946, 44.60102 ], [ -71.562131, 44.601181 ], [ -71.553631, 44.606132 ], [ -71.555127, 44.625244 ], [ -71.546337, 44.622955 ], [ -71.557019, 44.629486 ], [ -71.552104, 44.627314 ], [ -71.546819, 44.629756 ], [ -71.553756, 44.630426 ], [ -71.563721, 44.637247 ], [ -71.55779, 44.64196 ], [ -71.562806, 44.652356 ], [ -71.577081, 44.650686 ], [ -71.580071, 44.652099 ], [ -71.575259, 44.653102 ], [ -71.575215, 44.65583 ], [ -71.582722, 44.655891 ], [ -71.587365, 44.659715 ], [ -71.584933, 44.664054 ], [ -71.587877, 44.669932 ], [ -71.581463, 44.673204 ], [ -71.596615, 44.678088 ], [ -71.593959, 44.683425 ], [ -71.597937, 44.692222 ], [ -71.593861, 44.696415 ], [ -71.60077, 44.699017 ], [ -71.599392, 44.705315 ], [ -71.618644, 44.722193 ], [ -71.617107, 44.728712 ], [ -71.626093, 44.728543 ], [ -71.625092, 44.743361 ], [ -71.63202, 44.752059 ], [ -71.616669, 44.756299 ], [ -71.611355, 44.765329 ], [ -71.595099, 44.775405 ], [ -71.592486, 44.782669 ], [ -71.579182, 44.784936 ], [ -71.572817, 44.790871 ], [ -71.5728, 44.799206 ], [ -71.568384, 44.80704 ], [ -71.576865, 44.815197 ], [ -71.573151, 44.820823 ], [ -71.561836, 44.823625 ], [ -71.557254, 44.833873 ], [ -71.551114, 44.836965 ], [ -71.555794, 44.848567 ], [ -71.547452, 44.855398 ], [ -71.549451, 44.862084 ], [ -71.532911, 44.870222 ], [ -71.528372, 44.877712 ], [ -71.516085, 44.884523 ], [ -71.510669, 44.89043 ], [ -71.513883, 44.894311 ], [ -71.507372, 44.899489 ], [ -71.500523, 44.904713 ], [ -71.49491, 44.904299 ], [ -71.496017, 44.908898 ], [ -71.493169, 44.91137 ], [ -71.499945, 44.911174 ], [ -71.50438, 44.919183 ], [ -71.515723, 44.927232 ], [ -71.513222, 44.929211 ], [ -71.516228, 44.935158 ], [ -71.522838, 44.939915 ], [ -71.517068, 44.939117 ], [ -71.51479, 44.943695 ], [ -71.519241, 44.94962 ], [ -71.515857, 44.952758 ], [ -71.516321, 44.964478 ], [ -71.523709, 44.964277 ], [ -71.517955, 44.967655 ], [ -71.52292, 44.966156 ], [ -71.522197, 44.969456 ], [ -71.537197, 44.980732 ], [ -71.536755, 44.983899 ], [ -71.541516, 44.984768 ], [ -71.538433, 44.989704 ], [ -71.533138, 44.990857 ], [ -71.537152, 44.993252 ], [ -71.530403, 44.999364 ], [ -71.508784, 45.007844 ], [ -71.488281, 45.000739 ], [ -71.480552, 45.002334 ], [ -71.476348, 45.009426 ], [ -71.465065, 45.012918 ], [ -71.501082, 45.013347 ], [ -71.500156, 45.023486 ], [ -71.497113, 45.023601 ], [ -71.500137, 45.026079 ], [ -71.492549, 45.033548 ], [ -71.490954, 45.043167 ], [ -71.493276, 45.045773 ], [ -71.503119, 45.045204 ], [ -71.503163, 45.04811 ], [ -71.50645, 45.048482 ], [ -71.497202, 45.055801 ], [ -71.501266, 45.058725 ], [ -71.497103, 45.060116 ], [ -71.495667, 45.064754 ], [ -71.498042, 45.070187 ], [ -71.487757, 45.071373 ], [ -71.487286, 45.078674 ], [ -71.48263, 45.078999 ], [ -71.478119, 45.084342 ], [ -71.467878, 45.083651 ], [ -71.464389, 45.09335 ], [ -71.458349, 45.095158 ], [ -71.458452, 45.098826 ], [ -71.449292, 45.104469 ], [ -71.448787, 45.112567 ], [ -71.440334, 45.113689 ], [ -71.428385, 45.123672 ], [ -71.426096, 45.129466 ], [ -71.437604, 45.141876 ], [ -71.426399, 45.152675 ], [ -71.423494, 45.160674 ], [ -71.424931, 45.165837 ], [ -71.418452, 45.17053 ], [ -71.414416, 45.184786 ], [ -71.40694, 45.189948 ], [ -71.404198, 45.194967 ], [ -71.405856, 45.197701 ], [ -71.397342, 45.203518 ], [ -71.403122, 45.215299 ], [ -71.415811, 45.218357 ], [ -71.420738, 45.223847 ], [ -71.443512, 45.234799 ], [ -71.442818, 45.238292 ], [ -71.434222, 45.238415 ], [ -71.421051, 45.232203 ], [ -71.402145, 45.242598 ], [ -71.384137, 45.233509 ], [ -71.378341, 45.243492 ], [ -71.362772, 45.248302 ], [ -71.356539, 45.253897 ], [ -71.363213, 45.266738 ], [ -71.360278, 45.270332 ], [ -71.353455, 45.268605 ], [ -71.336412, 45.272742 ], [ -71.330802, 45.280279 ], [ -71.307588, 45.287485 ], [ -71.30053, 45.296649 ], [ -71.284224, 45.302359 ], [ -71.280517, 45.294588 ], [ -71.272688, 45.296572 ], [ -71.264948, 45.293792 ], [ -71.262975, 45.277432 ], [ -71.259392, 45.272033 ], [ -71.245615, 45.268799 ], [ -71.235591, 45.260907 ], [ -71.230614, 45.249417 ], [ -71.222103, 45.253363 ], [ -71.220628, 45.250735 ], [ -71.212657, 45.250119 ], [ -71.196429, 45.254052 ], [ -71.180101, 45.239937 ], [ -71.173203, 45.246315 ], [ -71.162331, 45.250346 ], [ -71.14857, 45.24287 ], [ -71.14756, 45.239435 ], [ -71.13291, 45.244512 ], [ -71.127944, 45.25369 ], [ -71.124117, 45.255138 ], [ -71.11631, 45.274085 ], [ -71.106365, 45.280009 ], [ -71.105444, 45.282799 ], [ -71.110989, 45.284377 ], [ -71.104189, 45.291517 ], [ -71.10528, 45.294875 ], [ -71.098201, 45.301673 ], [ -71.083928, 45.305484 ], [ -71.077173, 45.250048 ], [ -71.033524, 44.697637 ], [ -71.005746, 44.202675 ], [ -70.98904, 43.790138 ], [ -70.972774, 43.570512 ], [ -70.966712, 43.569437 ], [ -70.96283, 43.563394 ], [ -70.957253, 43.561338 ], [ -70.954903, 43.554045 ], [ -70.950632, 43.551313 ], [ -70.953504, 43.540603 ], [ -70.963802, 43.539371 ], [ -70.953944, 43.522273 ], [ -70.956798, 43.512782 ], [ -70.954661, 43.509303 ], [ -70.957973, 43.508037 ], [ -70.958843, 43.49937 ], [ -70.964336, 43.497142 ], [ -70.968289, 43.489452 ], [ -70.967526, 43.480945 ], [ -70.97604, 43.478428 ], [ -70.961116, 43.469188 ], [ -70.966626, 43.451274 ], [ -70.960979, 43.438389 ], [ -70.968792, 43.434597 ], [ -70.969707, 43.426907 ], [ -70.981273, 43.420872 ], [ -70.986843, 43.413784 ], [ -70.986508, 43.403981 ], [ -70.982297, 43.398282 ], [ -70.987881, 43.389935 ], [ -70.985668, 43.379178 ], [ -70.97459, 43.363576 ], [ -70.978161, 43.358663 ], [ -70.972027, 43.354634 ], [ -70.973049, 43.348813 ], [ -70.967449, 43.34924 ], [ -70.967953, 43.344579 ], [ -70.959499, 43.340978 ], [ -70.955852, 43.333997 ], [ -70.931178, 43.336545 ], [ -70.933955, 43.335363 ], [ -70.931651, 43.330861 ], [ -70.922923, 43.326162 ], [ -70.924387, 43.32385 ], [ -70.919154, 43.324445 ], [ -70.920359, 43.32121 ], [ -70.911417, 43.319723 ], [ -70.911798, 43.315733 ], [ -70.9154, 43.315412 ], [ -70.911295, 43.310438 ], [ -70.912607, 43.307584 ], [ -70.907037, 43.304662 ], [ -70.903726, 43.306287 ], [ -70.902048, 43.301359 ], [ -70.896341, 43.298551 ], [ -70.90394, 43.296781 ], [ -70.906564, 43.292036 ], [ -70.897318, 43.292722 ], [ -70.899317, 43.287887 ], [ -70.896738, 43.285345 ], [ -70.883615, 43.283438 ], [ -70.885843, 43.280813 ], [ -70.882654, 43.278913 ], [ -70.883341, 43.27323 ], [ -70.874291, 43.271856 ], [ -70.870065, 43.266134 ], [ -70.862893, 43.264799 ], [ -70.85746, 43.255812 ], [ -70.842827, 43.254225 ] ] ] } },
{ "type": "Feature", "properties": { "STUSPS": "CA", "NAME": "California", "region_name": "West", "division_name": "Pacific" }, "geometry": { "type": "MultiPolygon", "coordinates": [ [ [ [ -119.999866, 41.183974 ], [ -119.995705, 40.37583 ], [ -120.00082, 39.606828 ], [ -120.006473, 39.272878 ], [ -120.001014, 38.999574 ], [ -119.453823, 38.622433 ], [ -118.714201, 38.102105 ], [ -117.875927, 37.497267 ], [ -117.500117, 37.22038 ], [ -116.874254, 36.752081 ], [ -116.094166, 36.156263 ], [ -115.25972, 35.503541 ], [ -114.633487, 35.001857 ], [ -114.629129, 34.986132 ], [ -114.635237, 34.965149 ], [ -114.629769, 34.94304 ], [ -114.633253, 34.924608 ], [ -114.630877, 34.907263 ], [ -114.636725, 34.889107 ], [ -114.634382, 34.87289 ], [ -114.623939, 34.859738 ], [ -114.600653, 34.847361 ], [ -114.586842, 34.835672 ], [ -114.576452, 34.8153 ], [ -114.57101, 34.794294 ], [ -114.552682, 34.766871 ], [ -114.529615, 34.750822 ], [ -114.516619, 34.736745 ], [ -114.492017, 34.725702 ], [ -114.487508, 34.716626 ], [ -114.470477, 34.711368 ], [ -114.465246, 34.691202 ], [ -114.450506, 34.666836 ], [ -114.457985, 34.657113 ], [ -114.441465, 34.64253 ], [ -114.438739, 34.621455 ], [ -114.424202, 34.610453 ], [ -114.425338, 34.600842 ], [ -114.43681, 34.596074 ], [ -114.422382, 34.580711 ], [ -114.405228, 34.569637 ], [ -114.380838, 34.529724 ], [ -114.378124, 34.507288 ], [ -114.382358, 34.495758 ], [ -114.381701, 34.47604 ], [ -114.386699, 34.457911 ], [ -114.373719, 34.446938 ], [ -114.335372, 34.450038 ], [ -114.32613, 34.437251 ], [ -114.312251, 34.432726 ], [ -114.294836, 34.421389 ], [ -114.288663, 34.406623 ], [ -114.264317, 34.401329 ], [ -114.234275, 34.376662 ], [ -114.226107, 34.365916 ], [ -114.199482, 34.361373 ], [ -114.176909, 34.349306 ], [ -114.157206, 34.317862 ], [ -114.138282, 34.30323 ], [ -114.136671, 34.274377 ], [ -114.131211, 34.26273 ], [ -114.13545, 34.257886 ], [ -114.164648, 34.259699 ], [ -114.166124, 34.250015 ], [ -114.174597, 34.247303 ], [ -114.17805, 34.239969 ], [ -114.225194, 34.203642 ], [ -114.224941, 34.193896 ], [ -114.229715, 34.186928 ], [ -114.257034, 34.172837 ], [ -114.287294, 34.170529 ], [ -114.320777, 34.138635 ], [ -114.35303, 34.13312 ], [ -114.366517, 34.118577 ], [ -114.390565, 34.110084 ], [ -114.41168, 34.110031 ], [ -114.434181, 34.087379 ], [ -114.43934, 34.057893 ], [ -114.434949, 34.037784 ], [ -114.438266, 34.022609 ], [ -114.450206, 34.012574 ], [ -114.465867, 34.010987 ], [ -114.46731, 34.00519 ], [ -114.459184, 34.000016 ], [ -114.459258, 33.994711 ], [ -114.467932, 33.992877 ], [ -114.499883, 33.961789 ], [ -114.522734, 33.955039 ], [ -114.535676, 33.933552 ], [ -114.534951, 33.9257 ], [ -114.518434, 33.917518 ], [ -114.50792, 33.903807 ], [ -114.513715, 33.897959 ], [ -114.525872, 33.901008 ], [ -114.522768, 33.892583 ], [ -114.50434, 33.876882 ], [ -114.503017, 33.867998 ], [ -114.514673, 33.858638 ], [ -114.524292, 33.860133 ], [ -114.529883, 33.857563 ], [ -114.529597, 33.848063 ], [ -114.51997, 33.825381 ], [ -114.52805, 33.814963 ], [ -114.504863, 33.760465 ], [ -114.504483, 33.750998 ], [ -114.512348, 33.734214 ], [ -114.496565, 33.719155 ], [ -114.494197, 33.707922 ], [ -114.496489, 33.696901 ], [ -114.523959, 33.685879 ], [ -114.531523, 33.675108 ], [ -114.530267, 33.666821 ], [ -114.514057, 33.660179 ], [ -114.518337, 33.655927 ], [ -114.533194, 33.65166 ], [ -114.523802, 33.6347 ], [ -114.531034, 33.628213 ], [ -114.531215, 33.623913 ], [ -114.521845, 33.612544 ], [ -114.540617, 33.591412 ], [ -114.536784, 33.570959 ], [ -114.524215, 33.553068 ], [ -114.558898, 33.531819 ], [ -114.560963, 33.516739 ], [ -114.569533, 33.509219 ], [ -114.580468, 33.506465 ], [ -114.592369, 33.498675 ], [ -114.601694, 33.481396 ], [ -114.622918, 33.456561 ], [ -114.622283, 33.447558 ], [ -114.62964, 33.428137 ], [ -114.643302, 33.416746 ], [ -114.656735, 33.412813 ], [ -114.673691, 33.419157 ], [ -114.68795, 33.417934 ], [ -114.695658, 33.415128 ], [ -114.701788, 33.408377 ], [ -114.720065, 33.407891 ], [ -114.725282, 33.405048 ], [ -114.72425, 33.40042 ], [ -114.707309, 33.38254 ], [ -114.698035, 33.352442 ], [ -114.700938, 33.337014 ], [ -114.70787, 33.323316 ], [ -114.723623, 33.312109 ], [ -114.731223, 33.302433 ], [ -114.72167, 33.286982 ], [ -114.680507, 33.273576 ], [ -114.672088, 33.258499 ], [ -114.689541, 33.246428 ], [ -114.673626, 33.223121 ], [ -114.678749, 33.203448 ], [ -114.675359, 33.185488 ], [ -114.68089, 33.169074 ], [ -114.679945, 33.159059 ], [ -114.687405, 33.141983 ], [ -114.696914, 33.131119 ], [ -114.703682, 33.113768 ], [ -114.707896, 33.097431 ], [ -114.706488, 33.08816 ], [ -114.68902, 33.084035 ], [ -114.686991, 33.070968 ], [ -114.674295, 33.057169 ], [ -114.673659, 33.041896 ], [ -114.66506, 33.033906 ], [ -114.657827, 33.033824 ], [ -114.645979, 33.048902 ], [ -114.639552, 33.04529 ], [ -114.628294, 33.03105 ], [ -114.618788, 33.027202 ], [ -114.589778, 33.026228 ], [ -114.575161, 33.036541 ], [ -114.52013, 33.029984 ], [ -114.511343, 33.023455 ], [ -114.50287, 33.011154 ], [ -114.492938, 32.971781 ], [ -114.488625, 32.969946 ], [ -114.475389, 32.975157 ], [ -114.468605, 32.971649 ], [ -114.468061, 32.95526 ], [ -114.480925, 32.936276 ], [ -114.47664, 32.923628 ], [ -114.464448, 32.913128 ], [ -114.462929, 32.907944 ], [ -114.468971, 32.845155 ], [ -114.494116, 32.823287 ], [ -114.510327, 32.816488 ], [ -114.529633, 32.795477 ], [ -114.532432, 32.776922 ], [ -114.526856, 32.757094 ], [ -114.539092, 32.756949 ], [ -114.539224, 32.749812 ], [ -114.564447, 32.749554 ], [ -114.564508, 32.742274 ], [ -114.581736, 32.74232 ], [ -114.581784, 32.734946 ], [ -114.615112, 32.734515 ], [ -114.617395, 32.728257 ], [ -114.68823, 32.73753 ], [ -114.701582, 32.745632 ], [ -114.714522, 32.73039 ], [ -114.719497, 32.718739 ], [ -115.817161, 32.640834 ], [ -117.205051, 32.529508 ], [ -117.214112, 32.594781 ], [ -117.223302, 32.621238 ], [ -117.246786, 32.614854 ], [ -117.268789, 32.619415 ], [ -117.297538, 32.641769 ], [ -117.309239, 32.656401 ], [ -117.320939, 32.689847 ], [ -117.3303, 32.804817 ], [ -117.342, 32.840354 ], [ -117.33966, 32.859167 ], [ -117.323279, 32.903064 ], [ -117.375872, 33.075217 ], [ -117.435563, 33.177512 ], [ -117.467871, 33.212494 ], [ -117.500875, 33.242151 ], [ -117.520999, 33.268872 ], [ -117.571531, 33.312302 ], [ -117.62588, 33.342109 ], [ -117.636201, 33.349128 ], [ -117.64786, 33.363635 ], [ -117.653795, 33.364818 ], [ -117.713571, 33.408777 ], [ -117.735336, 33.407436 ], [ -117.741409, 33.410118 ], [ -117.76514, 33.431539 ], [ -117.790478, 33.461241 ], [ -117.793262, 33.469782 ], [ -117.811277, 33.482019 ], [ -117.816356, 33.490872 ], [ -117.934046, 33.549254 ], [ -118.000879, 33.593165 ], [ -118.049848, 33.620015 ], [ -118.096473, 33.653651 ], [ -118.1259, 33.697151 ], [ -118.16583, 33.691563 ], [ -118.237008, 33.690595 ], [ -118.254528, 33.67507 ], [ -118.274239, 33.663429 ], [ -118.319135, 33.659547 ], [ -118.345415, 33.663427 ], [ -118.377171, 33.678953 ], [ -118.385931, 33.686712 ], [ -118.428637, 33.701266 ], [ -118.466962, 33.725524 ], [ -118.485577, 33.753664 ], [ -118.487768, 33.779865 ], [ -118.484483, 33.803154 ], [ -118.443968, 33.839057 ], [ -118.447254, 33.84876 ], [ -118.500912, 33.918621 ], [ -118.523447, 33.953049 ], [ -118.557356, 33.987673 ], [ -118.648348, 33.986729 ], [ -118.666514, 33.980562 ], [ -118.704574, 33.97784 ], [ -118.727459, 33.980307 ], [ -118.746391, 33.975501 ], [ -118.754411, 33.967792 ], [ -118.786528, 33.95143 ], [ -118.814752, 33.947214 ], [ -118.841116, 33.955371 ], [ -118.856846, 33.96597 ], [ -118.873998, 33.983314 ], [ -118.887301, 33.987223 ], [ -118.952426, 33.992959 ], [ -118.985312, 34.000008 ], [ -119.027407, 34.014919 ], [ -119.116797, 34.029823 ], [ -119.158963, 34.040253 ], [ -119.217993, 34.062491 ], [ -119.250942, 34.106201 ], [ -119.285743, 34.140805 ], [ -119.334887, 34.236865 ], [ -119.375935, 34.24988 ], [ -119.401994, 34.272258 ], [ -119.42862, 34.277781 ], [ -119.466995, 34.29366 ], [ -119.484224, 34.306779 ], [ -119.500953, 34.326922 ], [ -119.519472, 34.336069 ], [ -119.555829, 34.345019 ], [ -119.584795, 34.36166 ], [ -119.617462, 34.36873 ], [ -119.625962, 34.366216 ], [ -119.651357, 34.366708 ], [ -119.66611, 34.354464 ], [ -119.716129, 34.336108 ], [ -119.732023, 34.339696 ], [ -119.797067, 34.365331 ], [ -119.805805, 34.36534 ], [ -119.823148, 34.357047 ], [ -119.837921, 34.354318 ], [ -119.891521, 34.357457 ], [ -119.916529, 34.37261 ], [ -120.009416, 34.401535 ], [ -120.024356, 34.409343 ], [ -120.044814, 34.412454 ], [ -120.09067, 34.409286 ], [ -120.13512, 34.422061 ], [ -120.14728, 34.422916 ], [ -120.287125, 34.417609 ], [ -120.324511, 34.409748 ], [ -120.386922, 34.405653 ], [ -120.408528, 34.398653 ], [ -120.456015, 34.391485 ], [ -120.500999, 34.403136 ], [ -120.523646, 34.419505 ], [ -120.535572, 34.439521 ], [ -120.535664, 34.452695 ], [ -120.553105, 34.47101 ], [ -120.559439, 34.488466 ], [ -120.594334, 34.504072 ], [ -120.609481, 34.50191 ], [ -120.64236, 34.503765 ], [ -120.656058, 34.508598 ], [ -120.682206, 34.525326 ], [ -120.706453, 34.551907 ], [ -120.713329, 34.57496 ], [ -120.707089, 34.597501 ], [ -120.70837, 34.609853 ], [ -120.705315, 34.621408 ], [ -120.701283, 34.630007 ], [ -120.68648, 34.645023 ], [ -120.664691, 34.696344 ], [ -120.693234, 34.730042 ], [ -120.702093, 34.748329 ], [ -120.699795, 34.770861 ], [ -120.68442, 34.803657 ], [ -120.673281, 34.838624 ], [ -120.720319, 34.869241 ], [ -120.730679, 34.886427 ], [ -120.734382, 34.901499 ], [ -120.72723, 34.923316 ], [ -120.726753, 34.943805 ], [ -120.71444, 34.963541 ], [ -120.694715, 35.028839 ], [ -120.687802, 35.077488 ], [ -120.689606, 35.098828 ], [ -120.725503, 35.113576 ], [ -120.752427, 35.109456 ], [ -120.800411, 35.116577 ], [ -120.821991, 35.131441 ], [ -120.83942, 35.134654 ], [ -120.856926, 35.142812 ], [ -120.876014, 35.159718 ], [ -120.917792, 35.187378 ], [ -120.930202, 35.204635 ], [ -120.937349, 35.208047 ], [ -120.949032, 35.22102 ], [ -120.961253, 35.249975 ], [ -120.95333, 35.284847 ], [ -120.928602, 35.330711 ], [ -120.923435, 35.348413 ], [ -120.930797, 35.374974 ], [ -120.928286, 35.386843 ], [ -120.933292, 35.392748 ], [ -120.95967, 35.396494 ], [ -120.989632, 35.411139 ], [ -121.015005, 35.410629 ], [ -121.041635, 35.41999 ], [ -121.069057, 35.447252 ], [ -121.100138, 35.470878 ], [ -121.118171, 35.490604 ], [ -121.128266, 35.495609 ], [ -121.151056, 35.516412 ], [ -121.177756, 35.561255 ], [ -121.201555, 35.58369 ], [ -121.220123, 35.586874 ], [ -121.246589, 35.600363 ], [ -121.286036, 35.608436 ], [ -121.323512, 35.624969 ], [ -121.339645, 35.642428 ], [ -121.347721, 35.664984 ], [ -121.366362, 35.680419 ], [ -121.37896, 35.706026 ], [ -121.379327, 35.726959 ], [ -121.393738, 35.749968 ], [ -121.39346, 35.763401 ], [ -121.428496, 35.785905 ], [ -121.456097, 35.817713 ], [ -121.481606, 35.829354 ], [ -121.501047, 35.842745 ], [ -121.519192, 35.8634 ], [ -121.532011, 35.884798 ], [ -121.561461, 35.943818 ], [ -121.589277, 35.959274 ], [ -121.620365, 35.969109 ], [ -121.631818, 35.978945 ], [ -121.64818, 35.998617 ], [ -121.674359, 36.064661 ], [ -121.708718, 36.1026 ], [ -121.727812, 36.129009 ], [ -121.770693, 36.162014 ], [ -121.787967, 36.168468 ], [ -121.802354, 36.1783 ], [ -121.846404, 36.190342 ], [ -121.880193, 36.210314 ], [ -121.893521, 36.224291 ], [ -121.901164, 36.239653 ], [ -121.944202, 36.269598 ], [ -121.957666, 36.285117 ], [ -121.963177, 36.298766 ], [ -121.962873, 36.322733 ], [ -121.971877, 36.357831 ], [ -121.970391, 36.383368 ], [ -121.975638, 36.39257 ], [ -121.981042, 36.419634 ], [ -121.997118, 36.441001 ], [ -122.000836, 36.455679 ], [ -121.999472, 36.466451 ], [ -122.008971, 36.475332 ], [ -122.021998, 36.508908 ], [ -122.022707, 36.522227 ], [ -122.017455, 36.537405 ], [ -122.037459, 36.560381 ], [ -122.04405, 36.578249 ], [ -122.044148, 36.591354 ], [ -122.040733, 36.60012 ], [ -122.020127, 36.622798 ], [ -122.014173, 36.636682 ], [ -122.001124, 36.647704 ], [ -122.076399, 36.910199 ], [ -122.130569, 36.925338 ], [ -122.172024, 36.942681 ], [ -122.251082, 36.985833 ], [ -122.265654, 37.00012 ], [ -122.276375, 37.024834 ], [ -122.290313, 37.03209 ], [ -122.313899, 37.054764 ], [ -122.348208, 37.055672 ], [ -122.376086, 37.065648 ], [ -122.393127, 37.087164 ], [ -122.396916, 37.109888 ], [ -122.413362, 37.121791 ], [ -122.421347, 37.135077 ], [ -122.445632, 37.150037 ], [ -122.464117, 37.177848 ], [ -122.472235, 37.212214 ], [ -122.481703, 37.229147 ], [ -122.484046, 37.249944 ], [ -122.465869, 37.34124 ], [ -122.467005, 37.349889 ], [ -122.503543, 37.411902 ], [ -122.509889, 37.441554 ], [ -122.527596, 37.446096 ], [ -122.546996, 37.457857 ], [ -122.568095, 37.479214 ], [ -122.574963, 37.499943 ], [ -122.579563, 37.545875 ], [ -122.586454, 37.561913 ], [ -122.588177, 37.579408 ], [ -122.586454, 37.592529 ], [ -122.567497, 37.639185 ], [ -122.581281, 37.760203 ], [ -122.588174, 37.789362 ], [ -122.612285, 37.815224 ], [ -122.632472, 37.827807 ], [ -122.667425, 37.841726 ], [ -122.675654, 37.848517 ], [ -122.691987, 37.845006 ], [ -122.715845, 37.845625 ], [ -122.752466, 37.857699 ], [ -122.766771, 37.865804 ], [ -122.779141, 37.876132 ], [ -122.789027, 37.893763 ], [ -122.814134, 37.901084 ], [ -122.829804, 37.910325 ], [ -122.842134, 37.923317 ], [ -122.85046, 37.945585 ], [ -122.889291, 37.974109 ], [ -122.902284, 37.977386 ], [ -122.909236, 37.964644 ], [ -122.91917, 37.954835 ], [ -122.931927, 37.946672 ], [ -122.953224, 37.941093 ], [ -123.022507, 37.942065 ], [ -123.050084, 37.948016 ], [ -123.067965, 37.958669 ], [ -123.07939, 37.971937 ], [ -123.08388, 37.983366 ], [ -123.08513, 38.008433 ], [ -123.0812, 38.018971 ], [ -123.063797, 38.036487 ], [ -123.014817, 38.149132 ], [ -123.027211, 38.16417 ], [ -123.031336, 38.181462 ], [ -123.049617, 38.214286 ], [ -123.100963, 38.261358 ], [ -123.110969, 38.267263 ], [ -123.134523, 38.296263 ], [ -123.141329, 38.311338 ], [ -123.141001, 38.327454 ], [ -123.134312, 38.345786 ], [ -123.155743, 38.368396 ], [ -123.164757, 38.388337 ], [ -123.196159, 38.410108 ], [ -123.204071, 38.423903 ], [ -123.22022, 38.441954 ], [ -123.236391, 38.450428 ], [ -123.269188, 38.457569 ], [ -123.306742, 38.478681 ], [ -123.32381, 38.498614 ], [ -123.360929, 38.510202 ], [ -123.384567, 38.537022 ], [ -123.394157, 38.553942 ], [ -123.448391, 38.606292 ], [ -123.470521, 38.638578 ], [ -123.488543, 38.651466 ], [ -123.498669, 38.668943 ], [ -123.51058, 38.68089 ], [ -123.566089, 38.709021 ], [ -123.586915, 38.728075 ], [ -123.591962, 38.740227 ], [ -123.626123, 38.754646 ], [ -123.641253, 38.764394 ], [ -123.660036, 38.784258 ], [ -123.682698, 38.797015 ], [ -123.692595, 38.810319 ], [ -123.717807, 38.827921 ], [ -123.7253, 38.844117 ], [ -123.737921, 38.857441 ], [ -123.784676, 38.893728 ], [ -123.806505, 38.940457 ], [ -123.80986, 38.961219 ], [ -123.806068, 38.977042 ], [ -123.797217, 38.989863 ], [ -123.776609, 39.005018 ], [ -123.763148, 39.00869 ], [ -123.761965, 39.041091 ], [ -123.778309, 39.06973 ], [ -123.786106, 39.092141 ], [ -123.807457, 39.127231 ], [ -123.80921, 39.141043 ], [ -123.840771, 39.187335 ], [ -123.846018, 39.1998 ], [ -123.850092, 39.231396 ], [ -123.86341, 39.254763 ], [ -123.880183, 39.304198 ], [ -123.881017, 39.319346 ], [ -123.893085, 39.337494 ], [ -123.894936, 39.348349 ], [ -123.896809, 39.374893 ], [ -123.890446, 39.390098 ], [ -123.892449, 39.407037 ], [ -123.887103, 39.425758 ], [ -123.888895, 39.443939 ], [ -123.874384, 39.482562 ], [ -123.875126, 39.494179 ], [ -123.867826, 39.508305 ], [ -123.852648, 39.514849 ], [ -123.834649, 39.549194 ], [ -123.849387, 39.57829 ], [ -123.852516, 39.592371 ], [ -123.851919, 39.642763 ], [ -123.857183, 39.674693 ], [ -123.880306, 39.689086 ], [ -123.890367, 39.700009 ], [ -123.895741, 39.711406 ], [ -123.904018, 39.757083 ], [ -123.90097, 39.780466 ], [ -123.910529, 39.799575 ], [ -123.938591, 39.814944 ], [ -123.9536, 39.826991 ], [ -123.973477, 39.853562 ], [ -123.982946, 39.876778 ], [ -124.005454, 39.889286 ], [ -124.035355, 39.931073 ], [ -124.078596, 39.972263 ], [ -124.108581, 39.978845 ], [ -124.133255, 39.999865 ], [ -124.144105, 40.018172 ], [ -124.144099, 40.052401 ], [ -124.153762, 40.063544 ], [ -124.231204, 40.093382 ], [ -124.272099, 40.13365 ], [ -124.287833, 40.137683 ], [ -124.333689, 40.167175 ], [ -124.411026, 40.225275 ], [ -124.421287, 40.237102 ], [ -124.428222, 40.258121 ], [ -124.427899, 40.288804 ], [ -124.418276, 40.314289 ], [ -124.427945, 40.338823 ], [ -124.428055, 40.361785 ], [ -124.444708, 40.376412 ], [ -124.472435, 40.41282 ], [ -124.480543, 40.428493 ], [ -124.482003, 40.440318 ], [ -124.479158, 40.452636 ], [ -124.458922, 40.479203 ], [ -124.45256, 40.493084 ], [ -124.451874, 40.51561 ], [ -124.447677, 40.529709 ], [ -124.427191, 40.562085 ], [ -124.403367, 40.61317 ], [ -124.3429, 40.708832 ], [ -124.299333, 40.768481 ], [ -124.292662, 40.788094 ], [ -124.280181, 40.799932 ], [ -124.232622, 40.869286 ], [ -124.197619, 40.950529 ], [ -124.182694, 41.001313 ], [ -124.204984, 41.013638 ], [ -124.227079, 41.046622 ], [ -124.231202, 41.065501 ], [ -124.249588, 41.099025 ], [ -124.249164, 41.120157 ], [ -124.252474, 41.134075 ], [ -124.247236, 41.152817 ], [ -124.237625, 41.165959 ], [ -124.219418, 41.177687 ], [ -124.195532, 41.184582 ], [ -124.176367, 41.237148 ], [ -124.173316, 41.260995 ], [ -124.160704, 41.289293 ], [ -124.163398, 41.293169 ], [ -124.192328, 41.29199 ], [ -124.220032, 41.302994 ], [ -124.23821, 41.321446 ], [ -124.24242, 41.3433 ], [ -124.238191, 41.358705 ], [ -124.231087, 41.368856 ], [ -124.206515, 41.384718 ], [ -124.176556, 41.390352 ], [ -124.154195, 41.387628 ], [ -124.139973, 41.381821 ], [ -124.133231, 41.432311 ], [ -124.136906, 41.446823 ], [ -124.136497, 41.464265 ], [ -124.157943, 41.518962 ], [ -124.160493, 41.543409 ], [ -124.172274, 41.550979 ], [ -124.18499, 41.565769 ], [ -124.188336, 41.573996 ], [ -124.190113, 41.60819 ], [ -124.20134, 41.619404 ], [ -124.209785, 41.635205 ], [ -124.211784, 41.661907 ], [ -124.208546, 41.673816 ], [ -124.211706, 41.681193 ], [ -124.236856, 41.69464 ], [ -124.262421, 41.701857 ], [ -124.300301, 41.724145 ], [ -124.330609, 41.733793 ], [ -124.369188, 41.763412 ], [ -124.392055, 41.772377 ], [ -124.410757, 41.788312 ], [ -124.438909, 41.824504 ], [ -124.440707, 41.83874 ], [ -124.435015, 41.856507 ], [ -124.411317, 41.882056 ], [ -124.401242, 41.885588 ], [ -124.365199, 41.886568 ], [ -124.347647, 41.883154 ], [ -124.332984, 41.877 ], [ -124.311936, 41.858788 ], [ -124.285031, 41.859487 ], [ -124.279649, 41.874836 ], [ -124.27612, 41.903052 ], [ -124.285687, 41.912916 ], [ -124.291939, 41.928498 ], [ -124.289926, 41.945432 ], [ -124.284769, 41.956834 ], [ -124.288578, 41.969564 ], [ -124.306995, 41.992906 ], [ -124.328835, 41.998334 ], [ -123.657212, 41.995094 ], [ -123.624022, 41.99977 ], [ -123.564204, 42.000706 ], [ -123.346955, 41.999276 ], [ -123.145735, 42.008761 ], [ -123.043997, 42.003084 ], [ -122.702787, 42.004224 ], [ -122.378049, 42.009503 ], [ -121.344911, 41.996214 ], [ -121.168477, 41.997178 ], [ -120.990083, 41.993056 ], [ -119.999234, 41.994944 ], [ -119.999866, 41.183974 ] ] ], [ [ [ -123.173825, 37.775727 ], [ -123.166012, 37.796885 ], [ -123.132272, 37.819676 ], [ -123.118289, 37.823058 ], [ -123.095261, 37.821877 ], [ -123.070494, 37.81383 ], [ -123.048817, 37.799816 ], [ -123.038726, 37.788881 ], [ -123.033841, 37.778375 ], [ -122.997538, 37.770784 ], [ -122.949985, 37.732187 ], [ -122.942294, 37.721057 ], [ -122.935865, 37.702459 ], [ -122.941364, 37.67658 ], [ -122.949068, 37.663377 ], [ -122.963006, 37.651984 ], [ -122.986747, 37.641783 ], [ -123.00111, 37.63983 ], [ -123.040696, 37.650328 ], [ -123.068589, 37.673041 ], [ -123.074921, 37.690066 ], [ -123.086057, 37.70075 ], [ -123.09285, 37.713688 ], [ -123.104921, 37.712648 ], [ -123.126114, 37.71673 ], [ -123.156757, 37.73784 ], [ -123.169985, 37.75593 ], [ -123.173825, 37.775727 ] ] ], [ [ [ -119.118949, 33.500022 ], [ -119.104211, 33.522888 ], [ -119.076497, 33.535148 ], [ -119.030737, 33.540116 ], [ -119.000932, 33.535895 ], [ -118.982149, 33.52426 ], [ -118.971007, 33.510655 ], [ -118.962759, 33.485205 ], [ -118.963751, 33.46683 ], [ -118.978481, 33.431106 ], [ -118.988726, 33.423441 ], [ -119.027044, 33.412874 ], [ -119.053071, 33.411024 ], [ -119.071893, 33.413799 ], [ -119.094128, 33.426872 ], [ -119.106154, 33.445012 ], [ -119.109654, 33.462287 ], [ -119.107215, 33.500023 ], [ -119.118949, 33.500022 ] ] ], [ [ [ -118.668203, 33.485937 ], [ -118.66371, 33.500025 ], [ -118.655735, 33.510818 ], [ -118.644058, 33.521284 ], [ -118.625916, 33.528978 ], [ -118.605014, 33.532206 ], [ -118.579144, 33.52841 ], [ -118.529382, 33.531182 ], [ -118.506757, 33.524911 ], [ -118.493335, 33.515726 ], [ -118.477276, 33.515434 ], [ -118.462853, 33.510427 ], [ -118.436835, 33.489443 ], [ -118.427095, 33.487161 ], [ -118.420841, 33.481782 ], [ -118.40323, 33.479267 ], [ -118.359393, 33.464922 ], [ -118.316351, 33.434137 ], [ -118.304102, 33.403632 ], [ -118.257714, 33.364131 ], [ -118.245102, 33.338341 ], [ -118.241286, 33.323023 ], [ -118.242701, 33.303113 ], [ -118.249075, 33.284142 ], [ -118.259178, 33.272505 ], [ -118.280703, 33.259092 ], [ -118.302837, 33.251005 ], [ -118.327993, 33.248083 ], [ -118.363311, 33.255074 ], [ -118.385589, 33.265358 ], [ -118.402557, 33.267937 ], [ -118.437654, 33.267018 ], [ -118.486688, 33.276905 ], [ -118.510386, 33.289659 ], [ -118.534885, 33.315176 ], [ -118.547476, 33.34048 ], [ -118.551193, 33.369352 ], [ -118.547929, 33.376799 ], [ -118.59108, 33.390872 ], [ -118.618574, 33.406191 ], [ -118.630734, 33.423203 ], [ -118.655057, 33.44531 ], [ -118.665919, 33.467334 ], [ -118.668203, 33.485937 ] ] ], [ [ [ -118.678551, 33.026356 ], [ -118.675605, 33.049349 ], [ -118.663846, 33.066846 ], [ -118.654363, 33.074952 ], [ -118.632642, 33.084539 ], [ -118.578337, 33.086243 ], [ -118.542103, 33.073788 ], [ -118.514966, 33.049889 ], [ -118.495582, 33.026336 ], [ -118.489497, 33.01063 ], [ -118.448863, 32.96175 ], [ -118.423338, 32.946483 ], [ -118.390787, 32.917841 ], [ -118.328898, 32.875037 ], [ -118.29725, 32.845094 ], [ -118.288784, 32.820829 ], [ -118.289905, 32.81053 ], [ -118.295841, 32.798256 ], [ -118.302848, 32.788846 ], [ -118.323819, 32.773514 ], [ -118.353494, 32.765807 ], [ -118.378377, 32.770232 ], [ -118.392557, 32.758501 ], [ -118.408322, 32.751914 ], [ -118.436538, 32.75004 ], [ -118.464712, 32.760176 ], [ -118.50765, 32.796877 ], [ -118.538197, 32.81277 ], [ -118.553186, 32.828797 ], [ -118.562528, 32.849438 ], [ -118.59693, 32.890466 ], [ -118.605289, 32.90854 ], [ -118.608802, 32.92769 ], [ -118.622117, 32.941434 ], [ -118.635522, 32.9656 ], [ -118.644732, 33.000033 ], [ -118.670173, 33.000034 ], [ -118.678551, 33.026356 ] ] ], [ [ [ -119.49229, 33.983215 ], [ -119.512244, 33.962199 ], [ -119.538949, 33.947656 ], [ -119.602085, 33.936768 ], [ -119.63673, 33.938277 ], [ -119.687596, 33.915639 ], [ -119.707491, 33.910388 ], [ -119.772829, 33.912414 ], [ -119.789372, 33.910131 ], [ -119.810224, 33.901324 ], [ -119.83442, 33.900788 ], [ -119.861952, 33.910836 ], [ -119.904762, 33.939674 ], [ -119.911023, 33.923898 ], [ -119.91893, 33.914354 ], [ -119.93919, 33.898643 ], [ -119.962681, 33.89244 ], [ -119.980842, 33.892317 ], [ -120.00096, 33.885248 ], [ -120.02781, 33.866512 ], [ -120.07065, 33.85649 ], [ -120.090455, 33.846319 ], [ -120.104088, 33.842396 ], [ -120.125964, 33.842348 ], [ -120.149551, 33.847962 ], [ -120.221128, 33.884187 ], [ -120.23872, 33.904106 ], [ -120.250969, 33.908436 ], [ -120.264495, 33.918916 ], [ -120.273096, 33.929577 ], [ -120.280033, 33.953939 ], [ -120.298973, 33.968457 ], [ -120.317386, 33.966371 ], [ -120.332253, 33.968425 ], [ -120.367073, 33.961036 ], [ -120.395636, 33.967427 ], [ -120.411766, 33.977045 ], [ -120.466777, 33.976116 ], [ -120.488151, 33.984283 ], [ -120.518784, 34.01408 ], [ -120.525852, 34.032994 ], [ -120.523387, 34.051133 ], [ -120.550051, 34.057286 ], [ -120.566995, 34.068638 ], [ -120.581548, 34.091488 ], [ -120.582264, 34.107517 ], [ -120.575089, 34.126474 ], [ -120.567847, 34.135618 ], [ -120.538118, 34.150344 ], [ -120.516039, 34.152798 ], [ -120.497378, 34.149892 ], [ -120.471654, 34.134102 ], [ -120.449074, 34.150593 ], [ -120.418787, 34.160569 ], [ -120.368746, 34.151041 ], [ -120.355161, 34.145021 ], [ -120.342712, 34.131502 ], [ -120.338562, 34.121687 ], [ -120.321087, 34.11045 ], [ -120.297787, 34.104116 ], [ -120.284651, 34.09475 ], [ -120.271579, 34.074141 ], [ -120.252846, 34.058031 ], [ -120.224878, 34.061312 ], [ -120.197576, 34.05815 ], [ -120.171128, 34.073318 ], [ -120.135006, 34.07881 ], [ -120.120132, 34.078942 ], [ -120.102918, 34.074494 ], [ -120.080285, 34.086401 ], [ -120.045154, 34.090606 ], [ -120.01021, 34.084043 ], [ -120.000963, 34.078671 ], [ -119.991643, 34.064868 ], [ -119.981947, 34.089377 ], [ -119.965471, 34.11256 ], [ -119.947835, 34.124999 ], [ -119.928795, 34.129902 ], [ -119.875985, 34.126234 ], [ -119.82922, 34.118702 ], [ -119.792601, 34.106375 ], [ -119.769032, 34.111943 ], [ -119.750981, 34.112582 ], [ -119.725973, 34.10209 ], [ -119.709463, 34.100663 ], [ -119.693007, 34.094854 ], [ -119.654931, 34.071218 ], [ -119.614268, 34.099432 ], [ -119.590556, 34.105638 ], [ -119.557426, 34.108603 ], [ -119.538419, 34.105413 ], [ -119.512106, 34.09346 ], [ -119.467842, 34.062931 ], [ -119.437318, 34.067716 ], [ -119.397006, 34.063792 ], [ -119.367877, 34.070416 ], [ -119.342462, 34.068964 ], [ -119.312087, 34.054388 ], [ -119.297642, 34.036583 ], [ -119.294398, 34.027503 ], [ -119.296238, 33.99724 ], [ -119.311615, 33.980023 ], [ -119.332794, 33.967721 ], [ -119.351856, 33.964454 ], [ -119.380456, 33.953611 ], [ -119.432961, 33.955905 ], [ -119.472647, 33.970647 ], [ -119.49229, 33.983215 ] ] ], [ [ [ -119.636068, 33.280713 ], [ -119.625944, 33.305036 ], [ -119.599222, 33.323276 ], [ -119.582684, 33.327793 ], [ -119.564931, 33.327637 ], [ -119.543545, 33.334159 ], [ -119.519138, 33.3337 ], [ -119.49512, 33.327154 ], [ -119.429996, 33.301031 ], [ -119.37973, 33.267632 ], [ -119.362125, 33.245221 ], [ -119.360702, 33.221452 ], [ -119.375937, 33.192186 ], [ -119.394536, 33.180836 ], [ -119.444967, 33.16527 ], [ -119.476486, 33.163493 ], [ -119.512001, 33.167755 ], [ -119.574192, 33.186484 ], [ -119.605282, 33.206919 ], [ -119.614814, 33.217253 ], [ -119.631283, 33.244974 ], [ -119.636068, 33.280713 ] ] ] ] } },
{ "type": "Feature", "properties": { "STUSPS": "NJ", "NAME": "New Jersey", "region_name": "Northeast", "division_name": "Middle Atlantic" }, "geometry": { "type": "Polygon", "coordinates": [ [ [ -74.46493, 39.29823 ], [ -74.508471, 39.260971 ], [ -74.523958, 39.24026 ], [ -74.565241, 39.210642 ], [ -74.583735, 39.18722 ], [ -74.595346, 39.177752 ], [ -74.603602, 39.162945 ], [ -74.624602, 39.14358 ], [ -74.644279, 39.114824 ], [ -74.639868, 39.094653 ], [ -74.646874, 39.076212 ], [ -74.661615, 39.061284 ], [ -74.682193, 39.049824 ], [ -74.715571, 39.009216 ], [ -74.728402, 38.974249 ], [ -74.733423, 38.967658 ], [ -74.749608, 38.954059 ], [ -74.773938, 38.942794 ], [ -74.800679, 38.920583 ], [ -74.809393, 38.906957 ], [ -74.824329, 38.896262 ], [ -74.840798, 38.890098 ], [ -74.872158, 38.887794 ], [ -74.907986, 38.879316 ], [ -75.015123, 38.788657 ], [ -75.168462, 39.056179 ], [ -75.191671, 39.079 ], [ -75.249017, 39.158945 ], [ -75.321021, 39.251379 ], [ -75.469436, 39.373147 ], [ -75.48136, 39.387555 ], [ -75.560538, 39.455645 ], [ -75.563586, 39.483048 ], [ -75.55909, 39.495806 ], [ -75.526974, 39.499168 ], [ -75.530141, 39.505373 ], [ -75.526787, 39.53144 ], [ -75.534014, 39.540702 ], [ -75.519068, 39.555434 ], [ -75.51196, 39.56729 ], [ -75.514747, 39.580884 ], [ -75.527693, 39.584112 ], [ -75.537503, 39.593627 ], [ -75.553512, 39.601819 ], [ -75.557371, 39.609115 ], [ -75.558773, 39.629987 ], [ -75.541978, 39.645425 ], [ -75.533524, 39.647557 ], [ -75.515533, 39.666326 ], [ -75.510374, 39.677935 ], [ -75.509874, 39.693915 ], [ -75.496312, 39.700956 ], [ -75.488384, 39.714708 ], [ -75.479361, 39.713706 ], [ -75.476438, 39.716199 ], [ -75.475693, 39.733658 ], [ -75.468017, 39.745811 ], [ -75.463921, 39.760763 ], [ -75.452339, 39.769013 ], [ -75.450688, 39.775064 ], [ -75.4383, 39.784402 ], [ -75.405414, 39.796396 ], [ -75.415022, 39.802004 ], [ -75.341766, 39.846082 ], [ -75.323231, 39.849813 ], [ -75.272202, 39.849076 ], [ -75.246149, 39.853982 ], [ -75.221371, 39.861543 ], [ -75.187661, 39.880458 ], [ -75.142343, 39.88521 ], [ -75.135853, 39.891266 ], [ -75.129396, 39.906629 ], [ -75.136316, 39.945841 ], [ -75.129088, 39.960709 ], [ -75.105077, 39.971596 ], [ -75.073231, 39.979559 ], [ -75.062614, 39.988156 ], [ -75.048024, 40.00972 ], [ -75.014864, 40.019895 ], [ -74.980591, 40.045944 ], [ -74.938897, 40.066099 ], [ -74.924073, 40.071235 ], [ -74.907318, 40.0708 ], [ -74.861756, 40.083462 ], [ -74.854609, 40.09327 ], [ -74.835868, 40.103466 ], [ -74.829403, 40.119192 ], [ -74.822531, 40.126844 ], [ -74.784168, 40.120477 ], [ -74.759721, 40.133804 ], [ -74.741184, 40.135165 ], [ -74.72255, 40.149082 ], [ -74.722325, 40.160727 ], [ -74.737205, 40.177609 ], [ -74.754305, 40.185209 ], [ -74.771437, 40.215176 ], [ -74.795306, 40.229408 ], [ -74.842308, 40.250508 ], [ -74.868208, 40.295206 ], [ -74.891609, 40.313007 ], [ -74.90831, 40.316907 ], [ -74.939711, 40.338006 ], [ -74.944517, 40.345063 ], [ -74.948901, 40.365055 ], [ -74.966552, 40.398154 ], [ -74.99586, 40.410384 ], [ -75.028633, 40.403971 ], [ -75.058575, 40.418193 ], [ -75.070678, 40.456794 ], [ -75.067016, 40.465308 ], [ -75.067715, 40.473669 ], [ -75.062664, 40.480439 ], [ -75.0681, 40.541488 ], [ -75.099827, 40.567398 ], [ -75.115536, 40.57286 ], [ -75.140172, 40.57537 ], [ -75.159041, 40.564846 ], [ -75.170452, 40.564165 ], [ -75.184907, 40.568308 ], [ -75.194105, 40.576079 ], [ -75.195222, 40.580303 ], [ -75.189398, 40.590999 ], [ -75.192291, 40.602676 ], [ -75.201812, 40.617188 ], [ -75.190688, 40.619957 ], [ -75.188579, 40.624628 ], [ -75.190691, 40.635891 ], [ -75.200452, 40.649219 ], [ -75.190852, 40.661938 ], [ -75.182752, 40.665974 ], [ -75.176803, 40.675715 ], [ -75.180564, 40.679363 ], [ -75.196921, 40.681297 ], [ -75.203921, 40.691498 ], [ -75.19442, 40.714018 ], [ -75.18674, 40.71949 ], [ -75.182084, 40.731522 ], [ -75.195349, 40.745473 ], [ -75.196535, 40.751631 ], [ -75.17904, 40.761897 ], [ -75.171587, 40.777745 ], [ -75.1344, 40.77377 ], [ -75.123088, 40.786746 ], [ -75.108505, 40.791094 ], [ -75.1008, 40.799797 ], [ -75.100214, 40.807664 ], [ -75.083929, 40.824471 ], [ -75.085517, 40.830085 ], [ -75.097006, 40.839336 ], [ -75.095784, 40.847082 ], [ -75.076684, 40.849875 ], [ -75.066008, 40.847594 ], [ -75.063802, 40.855593 ], [ -75.051029, 40.865662 ], [ -75.053664, 40.87366 ], [ -75.075345, 40.894166 ], [ -75.079295, 40.91388 ], [ -75.095528, 40.924148 ], [ -75.117767, 40.953013 ], [ -75.120232, 40.968702 ], [ -75.134701, 40.972038 ], [ -75.131096, 40.990464 ], [ -75.084495, 41.01592 ], [ -75.070532, 41.01862 ], [ -75.027102, 41.039529 ], [ -75.027146, 41.045254 ], [ -75.017572, 41.055853 ], [ -75.01241, 41.067264 ], [ -74.969123, 41.086803 ], [ -74.966759, 41.093425 ], [ -74.969434, 41.096074 ], [ -74.983321, 41.088996 ], [ -74.991815, 41.089132 ], [ -74.982, 41.10849 ], [ -74.963233, 41.114676 ], [ -74.947411, 41.123733 ], [ -74.944498, 41.129974 ], [ -74.923779, 41.138011 ], [ -74.905256, 41.155668 ], [ -74.899943, 41.16631 ], [ -74.883353, 41.179561 ], [ -74.859473, 41.218773 ], [ -74.867634, 41.22862 ], [ -74.861117, 41.243645 ], [ -74.856358, 41.249749 ], [ -74.847093, 41.252841 ], [ -74.846084, 41.263419 ], [ -74.830027, 41.287441 ], [ -74.792171, 41.310841 ], [ -74.795572, 41.320342 ], [ -74.767282, 41.327744 ], [ -74.754282, 41.3462 ], [ -74.725951, 41.346192 ], [ -74.69558, 41.357607 ], [ -74.457862, 41.248427 ], [ -74.330675, 41.185457 ], [ -73.902715, 40.997327 ], [ -73.893628, 40.997165 ], [ -73.896144, 40.981873 ], [ -73.929821, 40.888682 ], [ -73.952829, 40.851106 ], [ -73.963577, 40.826642 ], [ -74.014029, 40.757551 ], [ -74.02639, 40.700103 ], [ -74.055749, 40.651476 ], [ -74.086986, 40.651506 ], [ -74.126018, 40.642151 ], [ -74.18165, 40.646528 ], [ -74.19143, 40.642025 ], [ -74.2024, 40.631592 ], [ -74.204833, 40.606062 ], [ -74.199589, 40.597846 ], [ -74.207242, 40.587915 ], [ -74.214575, 40.560533 ], [ -74.218003, 40.557058 ], [ -74.231415, 40.559182 ], [ -74.247484, 40.549377 ], [ -74.250284, 40.5423 ], [ -74.24602, 40.520958 ], [ -74.254095, 40.515661 ], [ -74.258129, 40.508717 ], [ -74.258843, 40.498875 ], [ -74.253036, 40.48666 ], [ -74.225331, 40.476578 ], [ -73.977874, 40.519095 ], [ -73.90214, 40.492121 ], [ -73.888434, 40.484049 ], [ -73.88506, 40.452776 ], [ -73.887082, 40.345009 ], [ -73.890791, 40.31069 ], [ -73.898208, 40.274353 ], [ -73.906863, 40.250111 ], [ -73.965275, 40.11295 ], [ -73.966145, 40.090577 ], [ -73.973291, 40.075142 ], [ -73.999577, 39.976798 ], [ -74.019899, 39.875119 ], [ -74.030482, 39.786682 ], [ -74.038158, 39.75012 ], [ -74.049489, 39.723785 ], [ -74.096531, 39.649949 ], [ -74.183189, 39.532994 ], [ -74.249585, 39.4526 ], [ -74.265918, 39.422415 ], [ -74.287271, 39.398252 ], [ -74.325415, 39.362339 ], [ -74.350047, 39.345768 ], [ -74.354659, 39.335407 ], [ -74.368754, 39.320681 ], [ -74.392196, 39.312286 ], [ -74.430601, 39.308356 ], [ -74.46493, 39.29823 ] ], [ [ -74.043885, 40.690185 ], [ -74.046248, 40.689319 ], [ -74.043619, 40.68876 ], [ -74.043885, 40.690185 ] ], [ [ -74.038936, 40.699655 ], [ -74.039931, 40.69859 ], [ -74.038372, 40.698669 ], [ -74.038936, 40.699655 ] ] ] } },
{ "type": "Feature", "properties": { "STUSPS": "SC", "NAME": "South Carolina", "region_name": "South", "division_name": "South Atlantic" }, "geometry": { "type": "Polygon", "coordinates": [ [ [ -81.3666, 35.164883 ], [ -81.034264, 35.149257 ], [ -81.046332, 35.146729 ], [ -81.052074, 35.133486 ], [ -81.038009, 35.124472 ], [ -81.032854, 35.107377 ], [ -81.036716, 35.102735 ], [ -81.05038, 35.098372 ], [ -81.057079, 35.085681 ], [ -81.057672, 35.061867 ], [ -81.041496, 35.044713 ], [ -80.934739, 35.107318 ], [ -80.781921, 34.935848 ], [ -80.797484, 34.819803 ], [ -79.676494, 34.805065 ], [ -79.389846, 34.572453 ], [ -79.218204, 34.422829 ], [ -78.625215, 33.92311 ], [ -78.499301, 33.812852 ], [ -78.533198, 33.799483 ], [ -78.564842, 33.796621 ], [ -78.610549, 33.784899 ], [ -78.695853, 33.75286 ], [ -78.760978, 33.715386 ], [ -78.808554, 33.680838 ], [ -78.910541, 33.589351 ], [ -78.956996, 33.538722 ], [ -78.976259, 33.508679 ], [ -78.993033, 33.488992 ], [ -79.034496, 33.456834 ], [ -79.071235, 33.400969 ], [ -79.087581, 33.369287 ], [ -79.091134, 33.356364 ], [ -79.08918, 33.333638 ], [ -79.093312, 33.304952 ], [ -79.108922, 33.283161 ], [ -79.120217, 33.246932 ], [ -79.108013, 33.238931 ], [ -79.081634, 33.207329 ], [ -79.077605, 33.188653 ], [ -79.082229, 33.171325 ], [ -79.104388, 33.148505 ], [ -79.115866, 33.143273 ], [ -79.140519, 33.13962 ], [ -79.153138, 33.125168 ], [ -79.180871, 33.107528 ], [ -79.185158, 33.092858 ], [ -79.202963, 33.071707 ], [ -79.215538, 33.064248 ], [ -79.241961, 33.06118 ], [ -79.256045, 33.051591 ], [ -79.273373, 33.046559 ], [ -79.278981, 33.028459 ], [ -79.299505, 33.000169 ], [ -79.300383, 32.986784 ], [ -79.305471, 32.973978 ], [ -79.322257, 32.956078 ], [ -79.34522, 32.947865 ], [ -79.371297, 32.945717 ], [ -79.415248, 32.950858 ], [ -79.440181, 32.958916 ], [ -79.448359, 32.94894 ], [ -79.466159, 32.936822 ], [ -79.495945, 32.931572 ], [ -79.504451, 32.915166 ], [ -79.516658, 32.903034 ], [ -79.522643, 32.883137 ], [ -79.534689, 32.870012 ], [ -79.560858, 32.856972 ], [ -79.58539, 32.850856 ], [ -79.595649, 32.835308 ], [ -79.607918, 32.825743 ], [ -79.637821, 32.816377 ], [ -79.662251, 32.783119 ], [ -79.691893, 32.75924 ], [ -79.717261, 32.750662 ], [ -79.728161, 32.750176 ], [ -79.760074, 32.738257 ], [ -79.766592, 32.711537 ], [ -79.779627, 32.691498 ], [ -79.798255, 32.675632 ], [ -79.828058, 32.664778 ], [ -79.836438, 32.651418 ], [ -79.855063, 32.636389 ], [ -79.918341, 32.607264 ], [ -79.929828, 32.595302 ], [ -79.947234, 32.585768 ], [ -79.958296, 32.570988 ], [ -79.967923, 32.563709 ], [ -79.992599, 32.554622 ], [ -80.013779, 32.555013 ], [ -80.03077, 32.559961 ], [ -80.088877, 32.549029 ], [ -80.094998, 32.523866 ], [ -80.121459, 32.499192 ], [ -80.166951, 32.491086 ], [ -80.198839, 32.496241 ], [ -80.211019, 32.487391 ], [ -80.243074, 32.472449 ], [ -80.245763, 32.454305 ], [ -80.257281, 32.435168 ], [ -80.271984, 32.425043 ], [ -80.294078, 32.418521 ], [ -80.298205, 32.406386 ], [ -80.306163, 32.397097 ], [ -80.321847, 32.386196 ], [ -80.336717, 32.380753 ], [ -80.34205, 32.36612 ], [ -80.350674, 32.355914 ], [ -80.374825, 32.342453 ], [ -80.371325, 32.328581 ], [ -80.37283, 32.313408 ], [ -80.379542, 32.296558 ], [ -80.392327, 32.280317 ], [ -80.420103, 32.264643 ], [ -80.443267, 32.259977 ], [ -80.459332, 32.262221 ], [ -80.477951, 32.253358 ], [ -80.496812, 32.250199 ], [ -80.493901, 32.250199 ], [ -80.523824, 32.234592 ], [ -80.527939, 32.226005 ], [ -80.544548, 32.211221 ], [ -80.548933, 32.192053 ], [ -80.566449, 32.172369 ], [ -80.584985, 32.162589 ], [ -80.608451, 32.162294 ], [ -80.616853, 32.153193 ], [ -80.63147, 32.145864 ], [ -80.66472, 32.142607 ], [ -80.679871, 32.125208 ], [ -80.705223, 32.105187 ], [ -80.748202, 32.08449 ], [ -80.741672, 32.064374 ], [ -80.742958, 32.049535 ], [ -80.758034, 32.025982 ], [ -80.780693, 32.01137 ], [ -80.78296, 31.995954 ], [ -80.822762, 32.034244 ], [ -80.850238, 32.04142 ], [ -80.886139, 32.038952 ], [ -80.892128, 32.035425 ], [ -80.925085, 32.041939 ], [ -80.954031, 32.07029 ], [ -80.983509, 32.079549 ], [ -80.992138, 32.094915 ], [ -81.004305, 32.102367 ], [ -81.012444, 32.101742 ], [ -81.026296, 32.088103 ], [ -81.038125, 32.083734 ], [ -81.059732, 32.088651 ], [ -81.075391, 32.098035 ], [ -81.08827, 32.099931 ], [ -81.086974, 32.103968 ], [ -81.091619, 32.111165 ], [ -81.106703, 32.109698 ], [ -81.115367, 32.114705 ], [ -81.115247, 32.125504 ], [ -81.119937, 32.1353 ], [ -81.118331, 32.144408 ], [ -81.112236, 32.150804 ], [ -81.120034, 32.153303 ], [ -81.12203, 32.161796 ], [ -81.129756, 32.165839 ], [ -81.121149, 32.174902 ], [ -81.116946, 32.170914 ], [ -81.111132, 32.172703 ], [ -81.111933, 32.178002 ], [ -81.116933, 32.176198 ], [ -81.120439, 32.1787 ], [ -81.118237, 32.189203 ], [ -81.121795, 32.191794 ], [ -81.114032, 32.195701 ], [ -81.121885, 32.195538 ], [ -81.12742, 32.207554 ], [ -81.136012, 32.212854 ], [ -81.138925, 32.219768 ], [ -81.152064, 32.222042 ], [ -81.143634, 32.229266 ], [ -81.156607, 32.243284 ], [ -81.145905, 32.250724 ], [ -81.148124, 32.255091 ], [ -81.144739, 32.25806 ], [ -81.146317, 32.263323 ], [ -81.13693, 32.266115 ], [ -81.142108, 32.271576 ], [ -81.136033, 32.272663 ], [ -81.133179, 32.269678 ], [ -81.129479, 32.276218 ], [ -81.123505, 32.275143 ], [ -81.127141, 32.282255 ], [ -81.119628, 32.286778 ], [ -81.123917, 32.295194 ], [ -81.122631, 32.30699 ], [ -81.133016, 32.308546 ], [ -81.129777, 32.31329 ], [ -81.130735, 32.325756 ], [ -81.135546, 32.324323 ], [ -81.138013, 32.32824 ], [ -81.128535, 32.338381 ], [ -81.143857, 32.351543 ], [ -81.147318, 32.350127 ], [ -81.145327, 32.34516 ], [ -81.159995, 32.340476 ], [ -81.15561, 32.343314 ], [ -81.154608, 32.350068 ], [ -81.160928, 32.349473 ], [ -81.160998, 32.355905 ], [ -81.173875, 32.362766 ], [ -81.167914, 32.368482 ], [ -81.181845, 32.379348 ], [ -81.177784, 32.386231 ], [ -81.178283, 32.392986 ], [ -81.205405, 32.423339 ], [ -81.208389, 32.43725 ], [ -81.199292, 32.442914 ], [ -81.200755, 32.446086 ], [ -81.206318, 32.447007 ], [ -81.205774, 32.450474 ], [ -81.203286, 32.452993 ], [ -81.197868, 32.448555 ], [ -81.197669, 32.454608 ], [ -81.192013, 32.453786 ], [ -81.194412, 32.458909 ], [ -81.187141, 32.464149 ], [ -81.200408, 32.468314 ], [ -81.233111, 32.498069 ], [ -81.238821, 32.508052 ], [ -81.232322, 32.512082 ], [ -81.233794, 32.51831 ], [ -81.240865, 32.516481 ], [ -81.243937, 32.520904 ], [ -81.252063, 32.518136 ], [ -81.279655, 32.536338 ], [ -81.274801, 32.544416 ], [ -81.280874, 32.5479 ], [ -81.28058, 32.55603 ], [ -81.283858, 32.556538 ], [ -81.288627, 32.551113 ], [ -81.290961, 32.562663 ], [ -81.293456, 32.561584 ], [ -81.29148, 32.555714 ], [ -81.296165, 32.553345 ], [ -81.297652, 32.562931 ], [ -81.319602, 32.559562 ], [ -81.328605, 32.561092 ], [ -81.355926, 32.571606 ], [ -81.358314, 32.574451 ], [ -81.353492, 32.57877 ], [ -81.358031, 32.582211 ], [ -81.366782, 32.576915 ], [ -81.363586, 32.582977 ], [ -81.369819, 32.585048 ], [ -81.36927, 32.590705 ], [ -81.373145, 32.592094 ], [ -81.378883, 32.588912 ], [ -81.389205, 32.595416 ], [ -81.411906, 32.618409 ], [ -81.413087, 32.624803 ], [ -81.41866, 32.629392 ], [ -81.418431, 32.634704 ], [ -81.414761, 32.637439 ], [ -81.41026, 32.631392 ], [ -81.407271, 32.631737 ], [ -81.402735, 32.637031 ], [ -81.412553, 32.641523 ], [ -81.403582, 32.643397 ], [ -81.393033, 32.651542 ], [ -81.399432, 32.656813 ], [ -81.405273, 32.656517 ], [ -81.407193, 32.660519 ], [ -81.405369, 32.662919 ], [ -81.400342, 32.658488 ], [ -81.397154, 32.661378 ], [ -81.404287, 32.667797 ], [ -81.401211, 32.679882 ], [ -81.40701, 32.68555 ], [ -81.405684, 32.689888 ], [ -81.409012, 32.696551 ], [ -81.412403, 32.692095 ], [ -81.413577, 32.695472 ], [ -81.427517, 32.701895 ], [ -81.424079, 32.706294 ], [ -81.425927, 32.710037 ], [ -81.41512, 32.713669 ], [ -81.420338, 32.721051 ], [ -81.409988, 32.721863 ], [ -81.417769, 32.725074 ], [ -81.418542, 32.732585 ], [ -81.412099, 32.732622 ], [ -81.413678, 32.737992 ], [ -81.407043, 32.740662 ], [ -81.404932, 32.745559 ], [ -81.405866, 32.749144 ], [ -81.419698, 32.749167 ], [ -81.416733, 32.753276 ], [ -81.411568, 32.753117 ], [ -81.408159, 32.755803 ], [ -81.414038, 32.755423 ], [ -81.412093, 32.763866 ], [ -81.417766, 32.760222 ], [ -81.418943, 32.767629 ], [ -81.43194, 32.768911 ], [ -81.429854, 32.772129 ], [ -81.417353, 32.773336 ], [ -81.414456, 32.778149 ], [ -81.424831, 32.778703 ], [ -81.431235, 32.784141 ], [ -81.42224, 32.783986 ], [ -81.427667, 32.787613 ], [ -81.419879, 32.794857 ], [ -81.425234, 32.79419 ], [ -81.428292, 32.800832 ], [ -81.422444, 32.802477 ], [ -81.426445, 32.81071 ], [ -81.421343, 32.812108 ], [ -81.417984, 32.818196 ], [ -81.424354, 32.816179 ], [ -81.428235, 32.818584 ], [ -81.421952, 32.821466 ], [ -81.429943, 32.828246 ], [ -81.42062, 32.831223 ], [ -81.426475, 32.840773 ], [ -81.433595, 32.843674 ], [ -81.438652, 32.840076 ], [ -81.444866, 32.850966 ], [ -81.452744, 32.84415 ], [ -81.460722, 32.846038 ], [ -81.455559, 32.846508 ], [ -81.456917, 32.852604 ], [ -81.451367, 32.867165 ], [ -81.452883, 32.872964 ], [ -81.460556, 32.875161 ], [ -81.465051, 32.880896 ], [ -81.470376, 32.876267 ], [ -81.479445, 32.881082 ], [ -81.476396, 32.887962 ], [ -81.46619, 32.889128 ], [ -81.468232, 32.893251 ], [ -81.464433, 32.898603 ], [ -81.470761, 32.900902 ], [ -81.471789, 32.893807 ], [ -81.480812, 32.898614 ], [ -81.480008, 32.913444 ], [ -81.487626, 32.916407 ], [ -81.483198, 32.921802 ], [ -81.502427, 32.935353 ], [ -81.499446, 32.944988 ], [ -81.508609, 32.952551 ], [ -81.511347, 32.966721 ], [ -81.508839, 32.969368 ], [ -81.506142, 32.964129 ], [ -81.49983, 32.963816 ], [ -81.494736, 32.978997 ], [ -81.496327, 32.990212 ], [ -81.491197, 32.997824 ], [ -81.50063, 33.002454 ], [ -81.491954, 33.009093 ], [ -81.504053, 33.016253 ], [ -81.51069, 33.010315 ], [ -81.50822, 33.01751 ], [ -81.510282, 33.021233 ], [ -81.519075, 33.023196 ], [ -81.51169, 33.024506 ], [ -81.511245, 33.027786 ], [ -81.522742, 33.030836 ], [ -81.528451, 33.035646 ], [ -81.529124, 33.04081 ], [ -81.538789, 33.039185 ], [ -81.54544, 33.048993 ], [ -81.551786, 33.04339 ], [ -81.561948, 33.045844 ], [ -81.566108, 33.048792 ], [ -81.559173, 33.051765 ], [ -81.563372, 33.060156 ], [ -81.56699, 33.060401 ], [ -81.562769, 33.056123 ], [ -81.566311, 33.05343 ], [ -81.57288, 33.05418 ], [ -81.571798, 33.058079 ], [ -81.578122, 33.057774 ], [ -81.574911, 33.061799 ], [ -81.580994, 33.062697 ], [ -81.577187, 33.065939 ], [ -81.583103, 33.06496 ], [ -81.584361, 33.069902 ], [ -81.592517, 33.073062 ], [ -81.593586, 33.069496 ], [ -81.602212, 33.073473 ], [ -81.596501, 33.079893 ], [ -81.60132, 33.087049 ], [ -81.612072, 33.080019 ], [ -81.612943, 33.083981 ], [ -81.608286, 33.089022 ], [ -81.611657, 33.094259 ], [ -81.642333, 33.093152 ], [ -81.679433, 33.111751 ], [ -81.704634, 33.11645 ], [ -81.752135, 33.14855 ], [ -81.763135, 33.159449 ], [ -81.772435, 33.180449 ], [ -81.765435, 33.178348 ], [ -81.767035, 33.186548 ], [ -81.760635, 33.189248 ], [ -81.756835, 33.197947 ], [ -81.763535, 33.203648 ], [ -81.768935, 33.217447 ], [ -81.780135, 33.221147 ], [ -81.777535, 33.211347 ], [ -81.784535, 33.208146 ], [ -81.805238, 33.211441 ], [ -81.809636, 33.222647 ], [ -81.827936, 33.228746 ], [ -81.852076, 33.247288 ], [ -81.851137, 33.252545 ], [ -81.839636, 33.255245 ], [ -81.846136, 33.258145 ], [ -81.847336, 33.266345 ], [ -81.843862, 33.266621 ], [ -81.834536, 33.258345 ], [ -81.828336, 33.263045 ], [ -81.835836, 33.262845 ], [ -81.832636, 33.275845 ], [ -81.838836, 33.273745 ], [ -81.845636, 33.284244 ], [ -81.857636, 33.284644 ], [ -81.863236, 33.288844 ], [ -81.860036, 33.299144 ], [ -81.848736, 33.296744 ], [ -81.847336, 33.306843 ], [ -81.855186, 33.310395 ], [ -81.863929, 33.302036 ], [ -81.864936, 33.311843 ], [ -81.867936, 33.314043 ], [ -81.880737, 33.302243 ], [ -81.884637, 33.308943 ], [ -81.881636, 33.315843 ], [ -81.892537, 33.315343 ], [ -81.889137, 33.321043 ], [ -81.899037, 33.323342 ], [ -81.896537, 33.329542 ], [ -81.901384, 33.335774 ], [ -81.90613, 33.32162 ], [ -81.913737, 33.320042 ], [ -81.908137, 33.327142 ], [ -81.919137, 33.334442 ], [ -81.915037, 33.341542 ], [ -81.908437, 33.343842 ], [ -81.909137, 33.346641 ], [ -81.913215, 33.346821 ], [ -81.9188, 33.340209 ], [ -81.924737, 33.345341 ], [ -81.939737, 33.344941 ], [ -81.934832, 33.356044 ], [ -81.944737, 33.364041 ], [ -81.946337, 33.37064 ], [ -81.939637, 33.37254 ], [ -81.930634, 33.368165 ], [ -81.924837, 33.37414 ], [ -81.930861, 33.380076 ], [ -81.935453, 33.397851 ], [ -81.944476, 33.403674 ], [ -81.945181, 33.407531 ], [ -81.93139, 33.406956 ], [ -81.924498, 33.412479 ], [ -81.916406, 33.407349 ], [ -81.909693, 33.411979 ], [ -81.910765, 33.415035 ], [ -81.92455, 33.419109 ], [ -81.93243, 33.425706 ], [ -81.929741, 33.429594 ], [ -81.917324, 33.432346 ], [ -81.913126, 33.438333 ], [ -81.926336, 33.462937 ], [ -81.934136, 33.468337 ], [ -81.985938, 33.486536 ], [ -81.990938, 33.494235 ], [ -81.991938, 33.504435 ], [ -82.001338, 33.520135 ], [ -82.007638, 33.523335 ], [ -82.010965, 33.53134 ], [ -82.033023, 33.546454 ], [ -82.046335, 33.56383 ], [ -82.057727, 33.566774 ], [ -82.073104, 33.57751 ], [ -82.094128, 33.582742 ], [ -82.10784, 33.596277 ], [ -82.117505, 33.596229 ], [ -82.12908, 33.589925 ], [ -82.138028, 33.592236 ], [ -82.148816, 33.598092 ], [ -82.156288, 33.60863 ], [ -82.176172, 33.613775 ], [ -82.186155, 33.620881 ], [ -82.196895, 33.63144 ], [ -82.201186, 33.646898 ], [ -82.199898, 33.6617 ], [ -82.210361, 33.669837 ], [ -82.217883, 33.685539 ], [ -82.234572, 33.700217 ], [ -82.239098, 33.730872 ], [ -82.247472, 33.752591 ], [ -82.285804, 33.780058 ], [ -82.298286, 33.783518 ], [ -82.300213, 33.800627 ], [ -82.3129, 33.807486 ], [ -82.32448, 33.820033 ], [ -82.346933, 33.834298 ], [ -82.371775, 33.843813 ], [ -82.403879, 33.865475 ], [ -82.424888, 33.864133 ], [ -82.455105, 33.88165 ], [ -82.492929, 33.909754 ], [ -82.511422, 33.935613 ], [ -82.524515, 33.94336 ], [ -82.543107, 33.94095 ], [ -82.556765, 33.945324 ], [ -82.565202, 33.956765 ], [ -82.56759, 33.96788 ], [ -82.57998, 33.980519 ], [ -82.580124, 33.986447 ], [ -82.575554, 33.992211 ], [ -82.588959, 34.000512 ], [ -82.595497, 34.015865 ], [ -82.594459, 34.029304 ], [ -82.609421, 34.039906 ], [ -82.626632, 34.063339 ], [ -82.638985, 34.066779 ], [ -82.643661, 34.072105 ], [ -82.645367, 34.078257 ], [ -82.640169, 34.087329 ], [ -82.642416, 34.093264 ], [ -82.658729, 34.103772 ], [ -82.676985, 34.131425 ], [ -82.692152, 34.138986 ], [ -82.704129, 34.141021 ], [ -82.717459, 34.150546 ], [ -82.731453, 34.177086 ], [ -82.732124, 34.193321 ], [ -82.741875, 34.210209 ], [ -82.740257, 34.219448 ], [ -82.744363, 34.22541 ], [ -82.742012, 34.229328 ], [ -82.744873, 34.244919 ], [ -82.74292, 34.251072 ], [ -82.748536, 34.263126 ], [ -82.746811, 34.266588 ], [ -82.761688, 34.281685 ], [ -82.771515, 34.286053 ], [ -82.782128, 34.298278 ], [ -82.79447, 34.340379 ], [ -82.834457, 34.365221 ], [ -82.835975, 34.380909 ], [ -82.841774, 34.391553 ], [ -82.846969, 34.419876 ], [ -82.854011, 34.428818 ], [ -82.858837, 34.45522 ], [ -82.880644, 34.469 ], [ -82.887398, 34.480959 ], [ -82.901551, 34.486764 ], [ -82.925202, 34.481461 ], [ -82.930415, 34.485613 ], [ -82.942858, 34.485911 ], [ -82.948228, 34.480492 ], [ -82.955645, 34.478887 ], [ -82.964241, 34.484571 ], [ -82.974917, 34.47935 ], [ -82.979746, 34.482938 ], [ -82.992737, 34.478947 ], [ -82.995901, 34.472204 ], [ -83.028395, 34.483876 ], [ -83.034565, 34.483571 ], [ -83.051638, 34.493702 ], [ -83.054322, 34.502794 ], [ -83.065796, 34.501041 ], [ -83.072586, 34.504105 ], [ -83.079246, 34.514122 ], [ -83.087242, 34.516182 ], [ -83.078399, 34.525372 ], [ -83.087822, 34.532085 ], [ -83.102692, 34.532402 ], [ -83.104079, 34.54004 ], [ -83.109239, 34.542178 ], [ -83.110674, 34.547858 ], [ -83.124054, 34.554068 ], [ -83.122904, 34.560117 ], [ -83.139876, 34.561799 ], [ -83.143176, 34.573399 ], [ -83.158677, 34.578999 ], [ -83.154577, 34.588198 ], [ -83.169674, 34.591693 ], [ -83.170978, 34.598098 ], [ -83.160577, 34.599498 ], [ -83.159677, 34.603298 ], [ -83.172578, 34.607798 ], [ -83.196879, 34.603098 ], [ -83.197779, 34.607098 ], [ -83.203785, 34.609599 ], [ -83.23258, 34.611597 ], [ -83.243381, 34.617997 ], [ -83.240669, 34.624507 ], [ -83.246481, 34.626897 ], [ -83.253881, 34.636696 ], [ -83.271982, 34.641896 ], [ -83.293183, 34.654296 ], [ -83.304641, 34.669561 ], [ -83.316401, 34.669316 ], [ -83.31944, 34.675974 ], [ -83.329002, 34.681137 ], [ -83.340527, 34.680736 ], [ -83.342617, 34.682991 ], [ -83.338246, 34.687033 ], [ -83.340134, 34.691483 ], [ -83.353897, 34.698612 ], [ -83.346649, 34.70422 ], [ -83.352692, 34.716904 ], [ -83.353325, 34.728691 ], [ -83.348625, 34.737041 ], [ -83.339165, 34.738285 ], [ -83.332329, 34.749115 ], [ -83.326385, 34.750748 ], [ -83.326233, 34.756252 ], [ -83.318748, 34.757626 ], [ -83.323296, 34.760738 ], [ -83.319176, 34.764614 ], [ -83.322998, 34.766247 ], [ -83.318977, 34.771309 ], [ -83.324142, 34.789246 ], [ -83.314064, 34.796471 ], [ -83.314163, 34.799561 ], [ -83.300842, 34.804344 ], [ -83.299416, 34.809452 ], [ -83.304405, 34.81115 ], [ -83.305618, 34.816517 ], [ -83.300186, 34.818554 ], [ -83.29985, 34.815037 ], [ -83.295143, 34.813225 ], [ -83.28865, 34.824673 ], [ -83.277084, 34.816998 ], [ -83.270882, 34.818588 ], [ -83.26718, 34.831325 ], [ -83.272588, 34.835513 ], [ -83.267196, 34.848469 ], [ -83.261725, 34.848637 ], [ -83.257286, 34.8441 ], [ -83.248927, 34.845141 ], [ -83.253905, 34.848769 ], [ -83.253319, 34.855923 ], [ -83.246414, 34.855518 ], [ -83.248092, 34.865577 ], [ -83.239113, 34.865086 ], [ -83.234703, 34.870743 ], [ -83.240585, 34.872791 ], [ -83.242996, 34.877537 ], [ -83.220131, 34.878036 ], [ -83.214027, 34.888569 ], [ -83.214577, 34.883629 ], [ -83.205261, 34.880165 ], [ -83.201034, 34.884407 ], [ -83.204758, 34.890217 ], [ -83.203537, 34.893452 ], [ -83.197182, 34.890594 ], [ -83.194511, 34.899433 ], [ -83.188126, 34.898087 ], [ -83.180695, 34.904579 ], [ -83.180916, 34.90947 ], [ -83.174629, 34.910282 ], [ -83.168607, 34.919355 ], [ -83.15699, 34.915123 ], [ -83.159241, 34.928608 ], [ -83.156891, 34.930767 ], [ -83.141518, 34.924515 ], [ -83.129959, 34.931347 ], [ -83.131737, 34.935719 ], [ -83.127312, 34.938633 ], [ -83.120544, 34.932945 ], [ -83.117905, 34.936043 ], [ -83.111755, 34.934963 ], [ -83.116547, 34.942505 ], [ -83.121078, 34.942154 ], [ -83.127624, 34.949829 ], [ -83.124752, 34.951074 ], [ -83.125427, 34.95509 ], [ -83.11412, 34.950184 ], [ -83.120288, 34.957963 ], [ -83.115791, 34.960167 ], [ -83.121979, 34.964757 ], [ -83.115621, 34.97305 ], [ -83.116531, 34.975723 ], [ -83.111183, 34.975719 ], [ -83.111275, 34.981003 ], [ -83.107735, 34.979805 ], [ -83.101799, 34.986126 ], [ -83.102859, 34.988708 ], [ -83.098244, 34.990822 ], [ -83.109085, 35.00134 ], [ -82.783172, 35.085921 ], [ -82.776228, 35.081164 ], [ -82.781731, 35.065305 ], [ -82.756511, 35.06736 ], [ -82.751113, 35.073893 ], [ -82.751357, 35.081529 ], [ -82.738916, 35.078095 ], [ -82.735283, 35.087158 ], [ -82.730313, 35.087655 ], [ -82.726733, 35.094673 ], [ -82.71576, 35.092854 ], [ -82.70007, 35.100891 ], [ -82.697634, 35.09596 ], [ -82.686765, 35.108025 ], [ -82.694536, 35.116162 ], [ -82.687738, 35.11905 ], [ -82.687278, 35.125294 ], [ -82.681747, 35.127972 ], [ -82.674878, 35.127299 ], [ -82.673563, 35.117262 ], [ -82.669238, 35.1206 ], [ -82.66689, 35.118054 ], [ -82.655708, 35.119941 ], [ -82.651943, 35.126194 ], [ -82.644861, 35.126987 ], [ -82.643348, 35.133782 ], [ -82.636491, 35.130065 ], [ -82.636145, 35.125457 ], [ -82.628756, 35.125777 ], [ -82.62369, 35.133635 ], [ -82.61486, 35.136227 ], [ -82.613095, 35.139654 ], [ -82.597832, 35.137709 ], [ -82.588523, 35.142766 ], [ -82.57853, 35.141049 ], [ -82.575462, 35.145514 ], [ -82.568596, 35.145466 ], [ -82.564225, 35.152358 ], [ -82.554067, 35.152565 ], [ -82.555641, 35.159466 ], [ -82.545886, 35.164222 ], [ -82.5368, 35.160038 ], [ -82.535911, 35.154476 ], [ -82.527382, 35.155795 ], [ -82.516925, 35.163211 ], [ -82.507683, 35.162272 ], [ -82.504199, 35.165879 ], [ -82.495476, 35.162036 ], [ -82.492188, 35.168246 ], [ -82.486999, 35.169802 ], [ -82.486327, 35.174173 ], [ -82.478161, 35.17598 ], [ -82.474945, 35.173887 ], [ -82.454968, 35.176941 ], [ -82.45178, 35.172597 ], [ -82.457925, 35.167007 ], [ -82.457317, 35.163924 ], [ -82.43987, 35.165743 ], [ -82.434609, 35.16798 ], [ -82.430804, 35.177923 ], [ -82.425889, 35.179401 ], [ -82.428282, 35.183779 ], [ -82.422623, 35.195887 ], [ -82.416527, 35.201029 ], [ -82.40012, 35.20519 ], [ -82.393791, 35.215224 ], [ -82.383927, 35.210848 ], [ -82.377886, 35.195775 ], [ -82.38307, 35.194237 ], [ -82.383134, 35.190831 ], [ -82.371234, 35.180649 ], [ -82.362292, 35.186349 ], [ -82.364513, 35.18862 ], [ -82.359644, 35.192489 ], [ -82.352397, 35.190153 ], [ -82.344416, 35.193688 ], [ -82.339023, 35.188558 ], [ -82.333679, 35.190838 ], [ -82.323753, 35.185088 ], [ -82.315077, 35.190713 ], [ -82.29416, 35.195411 ], [ -82.29108, 35.200085 ], [ -81.3666, 35.164883 ] ] ] } },
{ "type": "Feature", "properties": { "STUSPS": "MI", "NAME": "Michigan", "region_name": "Midwest", "division_name": "East North Central" }, "geometry": { "type": "Polygon", "coordinates": [ [ [ -87.500095, 47.968114 ], [ -86.940622, 47.749905 ], [ -86.949226, 47.749905 ], [ -86.75012, 47.67196 ], [ -86.75012, 47.674911 ], [ -86.631321, 47.62492 ], [ -86.634344, 47.62492 ], [ -86.625125, 47.617767 ], [ -86.625125, 47.620008 ], [ -86.50013, 47.568324 ], [ -86.250139, 47.477903 ], [ -86.250139, 47.474448 ], [ -86.125141, 47.423468 ], [ -86.125142, 47.416744 ], [ -86.020032, 47.374962 ], [ -86.027345, 47.374961 ], [ -86.000145, 47.361883 ], [ -86.000144, 47.367279 ], [ -85.875144, 47.316261 ], [ -85.875144, 47.314023 ], [ -85.750143, 47.261387 ], [ -85.750143, 47.264283 ], [ -85.722212, 47.249985 ], [ -85.250111, 47.05654 ], [ -85.125524, 47.000018 ], [ -84.859335, 46.888843 ], [ -84.762957, 46.634324 ], [ -84.556962, 46.460639 ], [ -84.475594, 46.452864 ], [ -84.445149, 46.489016 ], [ -84.420274, 46.501077 ], [ -84.394725, 46.499242 ], [ -84.37399, 46.509099 ], [ -84.341959, 46.507505 ], [ -84.325371, 46.500021 ], [ -84.293016, 46.492803 ], [ -84.275814, 46.492821 ], [ -84.265542, 46.494404 ], [ -84.254857, 46.50079 ], [ -84.226131, 46.53392 ], [ -84.19402, 46.540149 ], [ -84.177428, 46.52692 ], [ -84.166027, 46.52622 ], [ -84.139426, 46.532219 ], [ -84.128925, 46.530119 ], [ -84.117925, 46.517619 ], [ -84.111225, 46.504119 ], [ -84.146172, 46.41852 ], [ -84.138906, 46.372221 ], [ -84.119122, 46.337014 ], [ -84.106247, 46.321963 ], [ -84.119629, 46.315013 ], [ -84.115563, 46.268225 ], [ -84.097766, 46.256512 ], [ -84.108089, 46.241238 ], [ -84.085785, 46.209991 ], [ -84.077027, 46.187558 ], [ -84.005685, 46.149551 ], [ -84.005873, 46.118469 ], [ -83.976134, 46.102554 ], [ -83.955424, 46.057188 ], [ -83.903474, 46.06091 ], [ -83.826243, 46.119288 ], [ -83.759529, 46.103173 ], [ -83.654647, 46.122055 ], [ -83.571467, 46.105998 ], [ -83.433558, 45.998895 ], [ -83.636867, 45.773944 ], [ -83.483974, 45.771937 ], [ -82.999963, 45.556378 ], [ -82.52064, 45.335902 ], [ -82.382837, 44.750016 ], [ -82.385504, 44.750016 ], [ -82.374927, 44.716437 ], [ -82.122971, 43.590827 ], [ -82.389971, 43.062238 ], [ -82.410997, 43.011315 ], [ -82.423724, 42.998517 ], [ -82.42305, 42.98844 ], [ -82.413474, 42.976887 ], [ -82.416698, 42.966424 ], [ -82.456027, 42.925812 ], [ -82.469682, 42.887549 ], [ -82.468677, 42.85205 ], [ -82.482574, 42.808644 ], [ -82.470591, 42.783705 ], [ -82.467667, 42.761906 ], [ -82.483385, 42.733462 ], [ -82.483957, 42.717938 ], [ -82.510851, 42.664992 ], [ -82.510039, 42.636793 ], [ -82.518933, 42.613737 ], [ -82.523434, 42.607344 ], [ -82.548142, 42.591752 ], [ -82.578813, 42.566027 ], [ -82.585476, 42.553181 ], [ -82.605742, 42.548167 ], [ -82.62433, 42.557134 ], [ -82.633724, 42.556802 ], [ -82.64307, 42.554321 ], [ -82.661886, 42.541746 ], [ -82.71158, 42.489141 ], [ -82.83025, 42.373492 ], [ -82.945485, 42.347396 ], [ -82.95975, 42.340033 ], [ -82.989197, 42.332481 ], [ -83.026234, 42.32891 ], [ -83.063637, 42.316857 ], [ -83.08002, 42.307172 ], [ -83.097704, 42.289675 ], [ -83.111627, 42.260141 ], [ -83.127999, 42.238695 ], [ -83.133937, 42.174802 ], [ -83.121704, 42.125431 ], [ -83.14945, 42.040264 ], [ -83.11246, 41.95941 ], [ -83.415851, 41.733794 ], [ -84.805996, 41.696118 ], [ -84.805885, 41.760171 ], [ -87.207774, 41.760956 ], [ -87.150009, 42.000033 ], [ -87.019863, 42.493763 ], [ -87.108397, 43.12501 ], [ -87.147166, 43.379859 ], [ -87.125079, 43.670445 ], [ -87.114102, 43.734111 ], [ -87.048847, 44.0 ], [ -87.046249, 44.0 ], [ -87.013234, 44.131905 ], [ -87.000073, 44.163236 ], [ -87.00008, 44.154821 ], [ -86.847694, 44.500339 ], [ -86.855184, 44.500339 ], [ -86.686288, 44.881002 ], [ -86.49993, 45.0808 ], [ -86.433128, 45.124991 ], [ -86.249548, 45.236125 ], [ -86.754236, 45.44361 ], [ -87.101133, 45.44423 ], [ -87.17117, 45.35254 ], [ -87.315422, 45.240657 ], [ -87.405694, 45.201969 ], [ -87.442508, 45.076434 ], [ -87.585388, 45.096925 ], [ -87.59188, 45.094689 ], [ -87.631535, 45.106224 ], [ -87.659952, 45.107512 ], [ -87.661296, 45.112566 ], [ -87.678209, 45.130084 ], [ -87.675816, 45.135059 ], [ -87.683902, 45.144135 ], [ -87.703492, 45.152206 ], [ -87.709539, 45.15869 ], [ -87.736104, 45.172244 ], [ -87.73521, 45.177642 ], [ -87.74181, 45.197469 ], [ -87.736339, 45.204653 ], [ -87.726198, 45.209391 ], [ -87.726952, 45.218949 ], [ -87.721354, 45.226847 ], [ -87.724992, 45.23214 ], [ -87.718264, 45.238333 ], [ -87.711339, 45.239965 ], [ -87.711315, 45.252396 ], [ -87.707758, 45.258637 ], [ -87.71045, 45.259324 ], [ -87.69878, 45.26942 ], [ -87.698248, 45.281512 ], [ -87.687499, 45.298055 ], [ -87.671889, 45.308106 ], [ -87.661711, 45.320736 ], [ -87.661603, 45.327608 ], [ -87.648126, 45.339396 ], [ -87.647729, 45.350721 ], [ -87.656447, 45.358413 ], [ -87.65735, 45.368754 ], [ -87.673513, 45.376946 ], [ -87.675017, 45.382454 ], [ -87.693956, 45.389893 ], [ -87.718891, 45.377462 ], [ -87.738823, 45.356851 ], [ -87.750928, 45.355037 ], [ -87.754104, 45.349442 ], [ -87.783076, 45.349725 ], [ -87.790322, 45.353451 ], [ -87.832612, 45.352249 ], [ -87.838141, 45.345101 ], [ -87.850133, 45.340435 ], [ -87.850418, 45.347492 ], [ -87.863489, 45.35302 ], [ -87.869167, 45.366049 ], [ -87.875845, 45.365017 ], [ -87.870367, 45.356267 ], [ -87.881114, 45.351278 ], [ -87.888052, 45.354697 ], [ -87.884855, 45.362792 ], [ -87.871485, 45.371546 ], [ -87.875424, 45.379373 ], [ -87.859418, 45.388227 ], [ -87.85683, 45.393106 ], [ -87.859131, 45.398967 ], [ -87.849322, 45.403872 ], [ -87.850533, 45.411685 ], [ -87.860432, 45.423504 ], [ -87.861697, 45.434473 ], [ -87.844804, 45.448406 ], [ -87.835562, 45.451102 ], [ -87.831217, 45.457185 ], [ -87.812976, 45.46416 ], [ -87.805773, 45.473139 ], [ -87.806891, 45.479092 ], [ -87.79896, 45.485147 ], [ -87.798173, 45.493666 ], [ -87.792769, 45.499967 ], [ -87.793215, 45.505028 ], [ -87.798794, 45.506287 ], [ -87.802241, 45.513059 ], [ -87.80339, 45.538272 ], [ -87.808366, 45.544662 ], [ -87.83369, 45.561556 ], [ -87.829348, 45.568777 ], [ -87.806104, 45.562863 ], [ -87.792372, 45.563055 ], [ -87.788798, 45.565947 ], [ -87.786766, 45.582828 ], [ -87.777199, 45.588498 ], [ -87.774682, 45.602024 ], [ -87.780845, 45.614599 ], [ -87.79588, 45.618846 ], [ -87.810195, 45.638732 ], [ -87.824392, 45.64771 ], [ -87.824191, 45.662044 ], [ -87.781623, 45.67328 ], [ -87.782226, 45.683053 ], [ -87.809075, 45.699717 ], [ -87.805081, 45.704974 ], [ -87.810144, 45.71023 ], [ -87.837345, 45.716918 ], [ -87.85548, 45.726943 ], [ -87.86432, 45.737139 ], [ -87.862211, 45.745018 ], [ -87.876898, 45.754379 ], [ -87.898363, 45.752503 ], [ -87.90666, 45.759524 ], [ -87.911336, 45.756539 ], [ -87.929127, 45.760368 ], [ -87.945478, 45.756687 ], [ -87.963452, 45.75822 ], [ -87.96697, 45.764021 ], [ -87.989656, 45.772025 ], [ -87.98087, 45.776977 ], [ -87.991447, 45.795393 ], [ -88.039728, 45.789626 ], [ -88.040937, 45.784265 ], [ -88.04996, 45.781193 ], [ -88.072167, 45.780085 ], [ -88.079976, 45.785124 ], [ -88.094754, 45.785755 ], [ -88.103213, 45.791255 ], [ -88.107608, 45.80304 ], [ -88.130129, 45.809708 ], [ -88.136033, 45.818091 ], [ -88.134517, 45.822457 ], [ -88.105196, 45.842413 ], [ -88.082465, 45.864961 ], [ -88.074828, 45.864905 ], [ -88.075838, 45.86963 ], [ -88.069763, 45.872938 ], [ -88.08182, 45.880201 ], [ -88.101264, 45.882282 ], [ -88.106624, 45.902213 ], [ -88.094927, 45.915323 ], [ -88.102461, 45.921546 ], [ -88.126654, 45.921791 ], [ -88.126808, 45.925994 ], [ -88.14125, 45.930844 ], [ -88.147651, 45.937427 ], [ -88.161761, 45.940741 ], [ -88.163858, 45.938381 ], [ -88.170089, 45.939492 ], [ -88.178041, 45.947093 ], [ -88.192058, 45.952651 ], [ -88.19776, 45.953019 ], [ -88.202232, 45.949766 ], [ -88.201947, 45.94563 ], [ -88.209904, 45.944221 ], [ -88.222523, 45.948466 ], [ -88.237106, 45.948278 ], [ -88.244833, 45.952864 ], [ -88.246894, 45.963532 ], [ -88.25498, 45.963512 ], [ -88.269307, 45.956272 ], [ -88.285314, 45.955262 ], [ -88.293849, 45.950941 ], [ -88.320308, 45.963657 ], [ -88.320244, 45.960084 ], [ -88.327276, 45.954957 ], [ -88.330172, 45.956632 ], [ -88.327876, 45.958915 ], [ -88.330278, 45.965835 ], [ -88.342036, 45.968984 ], [ -88.345417, 45.973985 ], [ -88.380503, 45.991765 ], [ -88.384842, 45.990449 ], [ -88.388644, 45.982623 ], [ -88.40991, 45.97967 ], [ -88.416381, 45.975092 ], [ -88.434762, 45.98834 ], [ -88.450037, 45.990112 ], [ -88.454235, 45.993476 ], [ -88.454109, 45.997529 ], [ -88.458672, 45.999514 ], [ -88.470772, 46.000998 ], [ -88.474583, 45.998953 ], [ -88.475206, 45.993129 ], [ -88.489355, 45.991367 ], [ -88.497978, 45.995794 ], [ -88.496852, 45.999234 ], [ -88.500885, 46.000604 ], [ -88.506551, 46.011303 ], [ -88.506364, 46.01761 ], [ -88.514692, 46.020019 ], [ -88.533686, 46.02115 ], [ -88.532522, 46.018371 ], [ -88.539432, 46.01447 ], [ -88.549151, 46.012884 ], [ -88.565663, 46.015679 ], [ -88.58827, 46.005098 ], [ -88.593548, 46.01477 ], [ -88.601178, 46.01777 ], [ -88.607311, 46.007621 ], [ -88.612712, 46.004462 ], [ -88.611849, 45.99839 ], [ -88.615968, 45.993539 ], [ -88.613004, 45.990977 ], [ -88.615957, 45.987896 ], [ -88.633938, 45.988169 ], [ -88.638546, 45.985061 ], [ -88.647602, 45.988641 ], [ -88.670827, 45.988547 ], [ -88.663483, 45.992702 ], [ -88.671006, 45.998832 ], [ -88.671215, 46.004859 ], [ -88.678868, 46.013595 ], [ -88.703711, 46.018293 ], [ -88.712078, 46.016346 ], [ -88.712977, 46.012718 ], [ -88.718314, 46.013182 ], [ -88.722217, 46.01753 ], [ -88.721261, 46.022221 ], [ -88.73898, 46.027459 ], [ -88.758968, 46.019633 ], [ -88.770621, 46.025561 ], [ -88.769801, 46.018944 ], [ -88.780156, 46.015395 ], [ -88.78394, 46.023844 ], [ -88.778739, 46.03169 ], [ -88.784998, 46.032587 ], [ -88.789292, 46.028455 ], [ -88.796497, 46.033658 ], [ -88.80067, 46.030036 ], [ -88.79646, 46.023606 ], [ -88.816026, 46.020586 ], [ -88.819084, 46.026314 ], [ -88.839091, 46.029976 ], [ -88.850822, 46.040312 ], [ -89.091638, 46.138447 ], [ -90.120572, 46.337039 ], [ -90.117984, 46.341505 ], [ -90.123651, 46.346265 ], [ -90.116852, 46.350651 ], [ -90.118703, 46.359345 ], [ -90.133986, 46.371789 ], [ -90.132177, 46.38112 ], [ -90.144352, 46.390048 ], [ -90.146667, 46.399013 ], [ -90.153168, 46.401217 ], [ -90.153642, 46.407001 ], [ -90.158369, 46.409454 ], [ -90.157298, 46.421122 ], [ -90.160559, 46.422889 ], [ -90.16742, 46.441705 ], [ -90.17835, 46.440465 ], [ -90.178325, 46.457408 ], [ -90.190792, 46.459816 ], [ -90.193614, 46.463379 ], [ -90.188834, 46.468919 ], [ -90.192657, 46.468576 ], [ -90.193148, 46.472316 ], [ -90.204212, 46.478309 ], [ -90.216637, 46.501637 ], [ -90.230918, 46.501529 ], [ -90.231236, 46.509893 ], [ -90.261548, 46.502562 ], [ -90.266567, 46.507855 ], [ -90.272551, 46.504512 ], [ -90.270441, 46.511683 ], [ -90.277623, 46.51481 ], [ -90.271796, 46.519265 ], [ -90.27694, 46.524447 ], [ -90.284464, 46.518715 ], [ -90.294589, 46.52166 ], [ -90.295322, 46.51851 ], [ -90.316554, 46.516896 ], [ -90.317835, 46.521523 ], [ -90.309441, 46.537285 ], [ -90.31616, 46.540504 ], [ -90.315477, 46.544697 ], [ -90.326731, 46.546071 ], [ -90.327379, 46.551409 ], [ -90.33223, 46.553432 ], [ -90.343533, 46.552455 ], [ -90.339404, 46.549288 ], [ -90.346806, 46.54935 ], [ -90.345507, 46.545438 ], [ -90.350684, 46.540325 ], [ -90.368229, 46.541132 ], [ -90.377889, 46.535546 ], [ -90.393262, 46.532433 ], [ -90.395153, 46.534227 ], [ -90.392216, 46.536048 ], [ -90.395538, 46.535946 ], [ -90.40803, 46.554839 ], [ -90.415044, 46.557673 ], [ -90.418392, 46.566099 ], [ -90.000145, 47.214969 ], [ -89.957102, 47.291103 ], [ -89.483385, 48.013716 ], [ -89.33755, 47.974261 ], [ -88.677442, 48.245397 ], [ -88.369862, 48.306063 ], [ -88.000077, 48.16405 ], [ -88.000078, 48.155883 ], [ -87.875082, 48.114726 ], [ -87.750087, 48.066245 ], [ -87.750087, 48.063878 ], [ -87.625091, 48.021109 ], [ -87.500095, 47.968114 ] ] ] } },
{ "type": "Feature", "properties": { "STUSPS": "AR", "NAME": "Arkansas", "region_name": "South", "division_name": "West South Central" }, "geometry": { "type": "Polygon", "coordinates": [ [ [ -90.960794, 34.128614 ], [ -90.94564, 34.107965 ], [ -90.921294, 34.093514 ], [ -90.888189, 34.097819 ], [ -90.879443, 34.09487 ], [ -90.872818, 34.087897 ], [ -90.872661, 34.075354 ], [ -90.888003, 34.054942 ], [ -90.886252, 34.039208 ], [ -90.890599, 34.028508 ], [ -90.918553, 34.02135 ], [ -90.965557, 34.026714 ], [ -90.988184, 34.019211 ], [ -90.97989, 33.997896 ], [ -90.970905, 33.991784 ], [ -90.961324, 33.979003 ], [ -90.965263, 33.965567 ], [ -90.976012, 33.960783 ], [ -90.987611, 33.960714 ], [ -91.000449, 33.96683 ], [ -91.018948, 34.003225 ], [ -91.036329, 33.99405 ], [ -91.047903, 33.992518 ], [ -91.071844, 34.008093 ], [ -91.082418, 34.009133 ], [ -91.086967, 34.004961 ], [ -91.090484, 33.991418 ], [ -91.08969, 33.964498 ], [ -91.08509, 33.956711 ], [ -91.020874, 33.942625 ], [ -91.011132, 33.935283 ], [ -91.012577, 33.92402 ], [ -91.030498, 33.902436 ], [ -91.070662, 33.8717 ], [ -91.073005, 33.858843 ], [ -91.067928, 33.840405 ], [ -91.049083, 33.816026 ], [ -91.031934, 33.807789 ], [ -91.000082, 33.799247 ], [ -90.989557, 33.788654 ], [ -90.990911, 33.777402 ], [ -91.000749, 33.768828 ], [ -91.02012, 33.764124 ], [ -91.053386, 33.778283 ], [ -91.108663, 33.771668 ], [ -91.120418, 33.780414 ], [ -91.131857, 33.783656 ], [ -91.144963, 33.768075 ], [ -91.141008, 33.758101 ], [ -91.148807, 33.73136 ], [ -91.129771, 33.712044 ], [ -91.117645, 33.705299 ], [ -91.102448, 33.704817 ], [ -91.069191, 33.716024 ], [ -91.06112, 33.715374 ], [ -91.047135, 33.706674 ], [ -91.036124, 33.689483 ], [ -91.030236, 33.687577 ], [ -91.033707, 33.673844 ], [ -91.079447, 33.658122 ], [ -91.093053, 33.658177 ], [ -91.130898, 33.674926 ], [ -91.160367, 33.706602 ], [ -91.173099, 33.702081 ], [ -91.214875, 33.699266 ], [ -91.225548, 33.69209 ], [ -91.23041, 33.682238 ], [ -91.228728, 33.670814 ], [ -91.217631, 33.659334 ], [ -91.176202, 33.651519 ], [ -91.14124, 33.630061 ], [ -91.133333, 33.62089 ], [ -91.128666, 33.606779 ], [ -91.136191, 33.590871 ], [ -91.164064, 33.570496 ], [ -91.181375, 33.56716 ], [ -91.220111, 33.568816 ], [ -91.233392, 33.562747 ], [ -91.23341, 33.553457 ], [ -91.218843, 33.529382 ], [ -91.185417, 33.507531 ], [ -91.182492, 33.49983 ], [ -91.196756, 33.486892 ], [ -91.207479, 33.46951 ], [ -91.231689, 33.456858 ], [ -91.235704, 33.439426 ], [ -91.20647, 33.433924 ], [ -91.177165, 33.443942 ], [ -91.169472, 33.452574 ], [ -91.177527, 33.482986 ], [ -91.170307, 33.497851 ], [ -91.161614, 33.497478 ], [ -91.134401, 33.483164 ], [ -91.122899, 33.470639 ], [ -91.116916, 33.453737 ], [ -91.118946, 33.446211 ], [ -91.131878, 33.430257 ], [ -91.175296, 33.417128 ], [ -91.199597, 33.418195 ], [ -91.20932, 33.406497 ], [ -91.204146, 33.398326 ], [ -91.179946, 33.384015 ], [ -91.16851, 33.380063 ], [ -91.148109, 33.378787 ], [ -91.120133, 33.388999 ], [ -91.100025, 33.406582 ], [ -91.095248, 33.417862 ], [ -91.096461, 33.437938 ], [ -91.086902, 33.451394 ], [ -91.069126, 33.455666 ], [ -91.058109, 33.446907 ], [ -91.058142, 33.429013 ], [ -91.0647, 33.418162 ], [ -91.078706, 33.403447 ], [ -91.103174, 33.385578 ], [ -91.120763, 33.363349 ], [ -91.142219, 33.348989 ], [ -91.141376, 33.298822 ], [ -91.125507, 33.280149 ], [ -91.128058, 33.268563 ], [ -91.117661, 33.261189 ], [ -91.105787, 33.241526 ], [ -91.098517, 33.238694 ], [ -91.085587, 33.275031 ], [ -91.078045, 33.283627 ], [ -91.066482, 33.287222 ], [ -91.055182, 33.286314 ], [ -91.047544, 33.282151 ], [ -91.043864, 33.275778 ], [ -91.050506, 33.251235 ], [ -91.065629, 33.233158 ], [ -91.069477, 33.232529 ], [ -91.070803, 33.227396 ], [ -91.078419, 33.227255 ], [ -91.082592, 33.221826 ], [ -91.10026, 33.219428 ], [ -91.080405, 33.180091 ], [ -91.081044, 33.157825 ], [ -91.086017, 33.136281 ], [ -91.102702, 33.130374 ], [ -91.133941, 33.129128 ], [ -91.150468, 33.130882 ], [ -91.163111, 33.142186 ], [ -91.183216, 33.141805 ], [ -91.19239, 33.137275 ], [ -91.201812, 33.124036 ], [ -91.199917, 33.106751 ], [ -91.181623, 33.098822 ], [ -91.172921, 33.088553 ], [ -91.150217, 33.082129 ], [ -91.125034, 33.064637 ], [ -91.120669, 33.057695 ], [ -91.127631, 33.034956 ], [ -91.160756, 33.020806 ], [ -91.16618, 33.011315 ], [ -91.165892, 33.004298 ], [ -92.044963, 33.007751 ], [ -92.988775, 33.017566 ], [ -94.043015, 33.019262 ], [ -94.043313, 33.551584 ], [ -94.05184, 33.552707 ], [ -94.061767, 33.549482 ], [ -94.073418, 33.554916 ], [ -94.071927, 33.559808 ], [ -94.055615, 33.561577 ], [ -94.056922, 33.567926 ], [ -94.067579, 33.569919 ], [ -94.070387, 33.582211 ], [ -94.073821, 33.584749 ], [ -94.072499, 33.572315 ], [ -94.091852, 33.575102 ], [ -94.111717, 33.567156 ], [ -94.120669, 33.566986 ], [ -94.122533, 33.553516 ], [ -94.128738, 33.55092 ], [ -94.132214, 33.555016 ], [ -94.135144, 33.571033 ], [ -94.1449, 33.56521 ], [ -94.151448, 33.568466 ], [ -94.142028, 33.581128 ], [ -94.146048, 33.581975 ], [ -94.156983, 33.575802 ], [ -94.16182, 33.580302 ], [ -94.161817, 33.588694 ], [ -94.183774, 33.594666 ], [ -94.196692, 33.581223 ], [ -94.204172, 33.579782 ], [ -94.212938, 33.583441 ], [ -94.217304, 33.580245 ], [ -94.211717, 33.573774 ], [ -94.201739, 33.5775 ], [ -94.194478, 33.573669 ], [ -94.189808, 33.561829 ], [ -94.195447, 33.555162 ], [ -94.200758, 33.557332 ], [ -94.205817, 33.567099 ], [ -94.228255, 33.552307 ], [ -94.250695, 33.557108 ], [ -94.251094, 33.565097 ], [ -94.236929, 33.580042 ], [ -94.236718, 33.587091 ], [ -94.242518, 33.589744 ], [ -94.259984, 33.580448 ], [ -94.277324, 33.557329 ], [ -94.290832, 33.559029 ], [ -94.290272, 33.567709 ], [ -94.280744, 33.575104 ], [ -94.282741, 33.581281 ], [ -94.287873, 33.582511 ], [ -94.299827, 33.574689 ], [ -94.309543, 33.551631 ], [ -94.320178, 33.548973 ], [ -94.331503, 33.553087 ], [ -94.335511, 33.564709 ], [ -94.343713, 33.567955 ], [ -94.352629, 33.561867 ], [ -94.347341, 33.551605 ], [ -94.352712, 33.544235 ], [ -94.381664, 33.544035 ], [ -94.388999, 33.546458 ], [ -94.401459, 33.560531 ], [ -94.395551, 33.566543 ], [ -94.387432, 33.565602 ], [ -94.380147, 33.568825 ], [ -94.377779, 33.575161 ], [ -94.380649, 33.581864 ], [ -94.386128, 33.581839 ], [ -94.403472, 33.568472 ], [ -94.412451, 33.569019 ], [ -94.43065, 33.591574 ], [ -94.439469, 33.594211 ], [ -94.441749, 33.591511 ], [ -94.451111, 33.591242 ], [ -94.457456, 33.600442 ], [ -94.46496, 33.598809 ], [ -94.471706, 33.602621 ], [ -94.469666, 33.607294 ], [ -94.453042, 33.617179 ], [ -94.452699, 33.622507 ], [ -94.460598, 33.624654 ], [ -94.46275, 33.630793 ], [ -94.448501, 33.634435 ], [ -94.44834, 33.642449 ], [ -94.459186, 33.644992 ], [ -94.466033, 33.636189 ], [ -94.485905, 33.637798 ], [ -94.457581, 34.635115 ], [ -94.431504, 35.369263 ], [ -94.434879, 35.388115 ], [ -94.431014, 35.393167 ], [ -94.571806, 36.213748 ], [ -94.617857, 36.499532 ], [ -90.152307, 36.497982 ], [ -90.15345, 36.493048 ], [ -90.160067, 36.494378 ], [ -90.156151, 36.489097 ], [ -90.160099, 36.487504 ], [ -90.157206, 36.484311 ], [ -90.159544, 36.480244 ], [ -90.144181, 36.476196 ], [ -90.142392, 36.471399 ], [ -90.145662, 36.469055 ], [ -90.152985, 36.470771 ], [ -90.155407, 36.463795 ], [ -90.150499, 36.465464 ], [ -90.145032, 36.462851 ], [ -90.143007, 36.46796 ], [ -90.140962, 36.458538 ], [ -90.133953, 36.453781 ], [ -90.137268, 36.450189 ], [ -90.13426, 36.436454 ], [ -90.138896, 36.435107 ], [ -90.137948, 36.431563 ], [ -90.143011, 36.430948 ], [ -90.144312, 36.426018 ], [ -90.139303, 36.42132 ], [ -90.134403, 36.422877 ], [ -90.138503, 36.413726 ], [ -90.127404, 36.416736 ], [ -90.128745, 36.411446 ], [ -90.118886, 36.412513 ], [ -90.118504, 36.409429 ], [ -90.113645, 36.409562 ], [ -90.115597, 36.405816 ], [ -90.110825, 36.407744 ], [ -90.110322, 36.404165 ], [ -90.10434, 36.405429 ], [ -90.101551, 36.40197 ], [ -90.098434, 36.404011 ], [ -90.08152, 36.401096 ], [ -90.074194, 36.392985 ], [ -90.070537, 36.39352 ], [ -90.068998, 36.388234 ], [ -90.065849, 36.387452 ], [ -90.068126, 36.385149 ], [ -90.063504, 36.384081 ], [ -90.066745, 36.378006 ], [ -90.062779, 36.377163 ], [ -90.063467, 36.367082 ], [ -90.068038, 36.356538 ], [ -90.078032, 36.349293 ], [ -90.074188, 36.34337 ], [ -90.078323, 36.337709 ], [ -90.075459, 36.334345 ], [ -90.082382, 36.321997 ], [ -90.069487, 36.313254 ], [ -90.064193, 36.302502 ], [ -90.071502, 36.293206 ], [ -90.079015, 36.289868 ], [ -90.07572, 36.281053 ], [ -90.083529, 36.272122 ], [ -90.096298, 36.271305 ], [ -90.117068, 36.263487 ], [ -90.118374, 36.253273 ], [ -90.124002, 36.243145 ], [ -90.130883, 36.241372 ], [ -90.1248, 36.235263 ], [ -90.126257, 36.229214 ], [ -90.13241, 36.226432 ], [ -90.141852, 36.227654 ], [ -90.145718, 36.220849 ], [ -90.149016, 36.221789 ], [ -90.155716, 36.213822 ], [ -90.169472, 36.214124 ], [ -90.177634, 36.207266 ], [ -90.18813, 36.205461 ], [ -90.196456, 36.196372 ], [ -90.200238, 36.196459 ], [ -90.204415, 36.186855 ], [ -90.211359, 36.183099 ], [ -90.220346, 36.18454 ], [ -90.229613, 36.173156 ], [ -90.231208, 36.163761 ], [ -90.235347, 36.15954 ], [ -90.23123, 36.15359 ], [ -90.235445, 36.139395 ], [ -90.245556, 36.136188 ], [ -90.253267, 36.127312 ], [ -90.260862, 36.127257 ], [ -90.272977, 36.116811 ], [ -90.29306, 36.11443 ], [ -90.300185, 36.097719 ], [ -90.319612, 36.08957 ], [ -90.318238, 36.076134 ], [ -90.320621, 36.07132 ], [ -90.333345, 36.067476 ], [ -90.336874, 36.047238 ], [ -90.348208, 36.041573 ], [ -90.348275, 36.035051 ], [ -90.354284, 36.030325 ], [ -90.351782, 36.025057 ], [ -90.3779, 35.995745 ], [ -89.733056, 36.000809 ], [ -89.722916, 35.989061 ], [ -89.723187, 35.974163 ], [ -89.718497, 35.963123 ], [ -89.654027, 35.930183 ], [ -89.646503, 35.923743 ], [ -89.641003, 35.906989 ], [ -89.643585, 35.889742 ], [ -89.654008, 35.878865 ], [ -89.669079, 35.87451 ], [ -89.676378, 35.876698 ], [ -89.716352, 35.907059 ], [ -89.730552, 35.9117 ], [ -89.744547, 35.910699 ], [ -89.768679, 35.888824 ], [ -89.773617, 35.875705 ], [ -89.772904, 35.865632 ], [ -89.762109, 35.857165 ], [ -89.695531, 35.835673 ], [ -89.693978, 35.825213 ], [ -89.698645, 35.818711 ], [ -89.728682, 35.802597 ], [ -89.765391, 35.811207 ], [ -89.781662, 35.805228 ], [ -89.799565, 35.788331 ], [ -89.796917, 35.781373 ], [ -89.799416, 35.758108 ], [ -89.825451, 35.745188 ], [ -89.844189, 35.743095 ], [ -89.850349, 35.746489 ], [ -89.852359, 35.755426 ], [ -89.863064, 35.757134 ], [ -89.892841, 35.750589 ], [ -89.907461, 35.759288 ], [ -89.93792, 35.744172 ], [ -89.941293, 35.738082 ], [ -89.957812, 35.727372 ], [ -89.955841, 35.690399 ], [ -89.925453, 35.658206 ], [ -89.908575, 35.651736 ], [ -89.894236, 35.651605 ], [ -89.885303, 35.654744 ], [ -89.876446, 35.666726 ], [ -89.863115, 35.670519 ], [ -89.858318, 35.668724 ], [ -89.851275, 35.657608 ], [ -89.852231, 35.642562 ], [ -89.857753, 35.633677 ], [ -89.891496, 35.615928 ], [ -89.911275, 35.617594 ], [ -89.932487, 35.608007 ], [ -89.947847, 35.600218 ], [ -89.957568, 35.588531 ], [ -89.954469, 35.576192 ], [ -89.942103, 35.556997 ], [ -89.910681, 35.547451 ], [ -89.913403, 35.5361 ], [ -89.908945, 35.537991 ], [ -89.90414, 35.535577 ], [ -89.902132, 35.528122 ], [ -89.904638, 35.519348 ], [ -89.911923, 35.512841 ], [ -89.924373, 35.511303 ], [ -89.958749, 35.523837 ], [ -89.955641, 35.534076 ], [ -89.958092, 35.541227 ], [ -89.989667, 35.560221 ], [ -90.007866, 35.560144 ], [ -90.031276, 35.554299 ], [ -90.039876, 35.547418 ], [ -90.0491, 35.521808 ], [ -90.048333, 35.504246 ], [ -90.036184, 35.483727 ], [ -90.01981, 35.473282 ], [ -90.012531, 35.463668 ], [ -90.0058, 35.450232 ], [ -90.002668, 35.429985 ], [ -90.021191, 35.420226 ], [ -90.048086, 35.411737 ], [ -90.056782, 35.403863 ], [ -90.041563, 35.39662 ], [ -90.054322, 35.389277 ], [ -90.069528, 35.408132 ], [ -90.062018, 35.41518 ], [ -90.070616, 35.423497 ], [ -90.074098, 35.43414 ], [ -90.067239, 35.460945 ], [ -90.068269, 35.467074 ], [ -90.079007, 35.476874 ], [ -90.107545, 35.476965 ], [ -90.120024, 35.4666 ], [ -90.129435, 35.442119 ], [ -90.16888, 35.421878 ], [ -90.179342, 35.385313 ], [ -90.165282, 35.373982 ], [ -90.135676, 35.376696 ], [ -90.143839, 35.388352 ], [ -90.14614, 35.399788 ], [ -90.141365, 35.40893 ], [ -90.129342, 35.41383 ], [ -90.113115, 35.410595 ], [ -90.079748, 35.383914 ], [ -90.078263, 35.37493 ], [ -90.095356, 35.350686 ], [ -90.109966, 35.304988 ], [ -90.123574, 35.304445 ], [ -90.138648, 35.299013 ], [ -90.149585, 35.303127 ], [ -90.157325, 35.301492 ], [ -90.164098, 35.29551 ], [ -90.168917, 35.279711 ], [ -90.159723, 35.263988 ], [ -90.148858, 35.254273 ], [ -90.138189, 35.25231 ], [ -90.108405, 35.255276 ], [ -90.091092, 35.245004 ], [ -90.075451, 35.22018 ], [ -90.075843, 35.213094 ], [ -90.08026, 35.208508 ], [ -90.088795, 35.212199 ], [ -90.096798, 35.194781 ], [ -90.108072, 35.199164 ], [ -90.115905, 35.198742 ], [ -90.117191, 35.188297 ], [ -90.108138, 35.181571 ], [ -90.100683, 35.170577 ], [ -90.068236, 35.15567 ], [ -90.064516, 35.14897 ], [ -90.066747, 35.13805 ], [ -90.075659, 35.128544 ], [ -90.091906, 35.119459 ], [ -90.105308, 35.119645 ], [ -90.138669, 35.131519 ], [ -90.155988, 35.127624 ], [ -90.1679, 35.121132 ], [ -90.174049, 35.114284 ], [ -90.187787, 35.073218 ], [ -90.17931, 35.067803 ], [ -90.181157, 35.053943 ], [ -90.206997, 35.025849 ], [ -90.237834, 35.032296 ], [ -90.251797, 35.03161 ], [ -90.265544, 35.040582 ], [ -90.290335, 35.041623 ], [ -90.296607, 35.038672 ], [ -90.310179, 35.006964 ], [ -90.307824, 34.992904 ], [ -90.295159, 34.975634 ], [ -90.268314, 34.957383 ], [ -90.24518, 34.947899 ], [ -90.241334, 34.919033 ], [ -90.246473, 34.90339 ], [ -90.257858, 34.893385 ], [ -90.317741, 34.871058 ], [ -90.315052, 34.864059 ], [ -90.305778, 34.861665 ], [ -90.302879, 34.857535 ], [ -90.308493, 34.845486 ], [ -90.322415, 34.846116 ], [ -90.338449, 34.858517 ], [ -90.362258, 34.842765 ], [ -90.389393, 34.830665 ], [ -90.411638, 34.826064 ], [ -90.438729, 34.825248 ], [ -90.449691, 34.83992 ], [ -90.429408, 34.866406 ], [ -90.43656, 34.882732 ], [ -90.449662, 34.889764 ], [ -90.462272, 34.891738 ], [ -90.480323, 34.882356 ], [ -90.484689, 34.872851 ], [ -90.483498, 34.86046 ], [ -90.455379, 34.820785 ], [ -90.470374, 34.811554 ], [ -90.476584, 34.794004 ], [ -90.451791, 34.754228 ], [ -90.448168, 34.740103 ], [ -90.460198, 34.729514 ], [ -90.483333, 34.722222 ], [ -90.499999, 34.721666 ], [ -90.516666, 34.727222 ], [ -90.524166, 34.731388 ], [ -90.509722, 34.747777 ], [ -90.494148, 34.757568 ], [ -90.492777, 34.772499 ], [ -90.511388, 34.789999 ], [ -90.511111, 34.798288 ], [ -90.513889, 34.8 ], [ -90.533333, 34.8 ], [ -90.544167, 34.791667 ], [ -90.547778, 34.783333 ], [ -90.539786, 34.754304 ], [ -90.545556, 34.738889 ], [ -90.558333, 34.739167 ], [ -90.566667, 34.735 ], [ -90.571944, 34.712777 ], [ -90.559444, 34.710833 ], [ -90.542499, 34.7 ], [ -90.529562, 34.695834 ], [ -90.516666, 34.695555 ], [ -90.474166, 34.705277 ], [ -90.46618, 34.699115 ], [ -90.462883, 34.683805 ], [ -90.470856, 34.667676 ], [ -90.506041, 34.638237 ], [ -90.519439, 34.629918 ], [ -90.534207, 34.627462 ], [ -90.546541, 34.631018 ], [ -90.554885, 34.645168 ], [ -90.552632, 34.659332 ], [ -90.540087, 34.676432 ], [ -90.541928, 34.683862 ], [ -90.556234, 34.693576 ], [ -90.570102, 34.693432 ], [ -90.568407, 34.668878 ], [ -90.583173, 34.651963 ], [ -90.591595, 34.621012 ], [ -90.573762, 34.592133 ], [ -90.549358, 34.569255 ], [ -90.539623, 34.553925 ], [ -90.544082, 34.537742 ], [ -90.579324, 34.518035 ], [ -90.592662, 34.490579 ], [ -90.593708, 34.481348 ], [ -90.587377, 34.454832 ], [ -90.577694, 34.432445 ], [ -90.584313, 34.412194 ], [ -90.606039, 34.393257 ], [ -90.616109, 34.389788 ], [ -90.640909, 34.388863 ], [ -90.657142, 34.377397 ], [ -90.65535, 34.37184 ], [ -90.666853, 34.355773 ], [ -90.657488, 34.322231 ], [ -90.661505, 34.315208 ], [ -90.669343, 34.313088 ], [ -90.686003, 34.315771 ], [ -90.693129, 34.32257 ], [ -90.691501, 34.338636 ], [ -90.681498, 34.352603 ], [ -90.676305, 34.371261 ], [ -90.715803, 34.360335 ], [ -90.749641, 34.368148 ], [ -90.764393, 34.363675 ], [ -90.769774, 34.356909 ], [ -90.768691, 34.347782 ], [ -90.736399, 34.312067 ], [ -90.738025, 34.289279 ], [ -90.752929, 34.274605 ], [ -90.765623, 34.269513 ], [ -90.816736, 34.280649 ], [ -90.831773, 34.276936 ], [ -90.840537, 34.23803 ], [ -90.83813, 34.219997 ], [ -90.847149, 34.20613 ], [ -90.856407, 34.211316 ], [ -90.876796, 34.214389 ], [ -90.892279, 34.222891 ], [ -90.899581, 34.228952 ], [ -90.906334, 34.244382 ], [ -90.928675, 34.244707 ], [ -90.937148, 34.23261 ], [ -90.934544, 34.217854 ], [ -90.914425, 34.195726 ], [ -90.886746, 34.182501 ], [ -90.854406, 34.186833 ], [ -90.817488, 34.183198 ], [ -90.809457, 34.177738 ], [ -90.807564, 34.161821 ], [ -90.822593, 34.144054 ], [ -90.845283, 34.136886 ], [ -90.86458, 34.140555 ], [ -90.894449, 34.161064 ], [ -90.909957, 34.165511 ], [ -90.958644, 34.135484 ], [ -90.960794, 34.128614 ] ] ] } },
{ "type": "Feature", "properties": { "STUSPS": "MS", "NAME": "Mississippi", "region_name": "South", "division_name": "East South Central" }, "geometry": { "type": "Polygon", "coordinates": [ [ [ -88.243025, 33.795679 ], [ -88.473227, 31.893856 ], [ -88.418632, 30.86657 ], [ -88.38517, 30.158144 ], [ -88.419384, 30.149234 ], [ -88.461283, 30.146686 ], [ -88.509786, 30.157943 ], [ -88.545855, 30.176653 ], [ -88.567875, 30.170453 ], [ -88.58663, 30.169109 ], [ -88.67743, 30.179712 ], [ -88.717386, 30.190875 ], [ -88.740104, 30.188077 ], [ -88.765287, 30.189941 ], [ -88.800636, 30.202385 ], [ -88.821387, 30.21737 ], [ -88.85039, 30.192282 ], [ -88.875027, 30.178997 ], [ -88.90033, 30.16998 ], [ -88.88903, 30.139845 ], [ -89.096476, 30.165829 ], [ -89.183669, 30.212155 ], [ -89.260977, 30.181998 ], [ -89.306135, 30.177941 ], [ -89.416711, 30.177639 ], [ -89.453954, 30.166228 ], [ -89.494973, 30.16075 ], [ -89.51477, 30.161762 ], [ -89.527939, 30.18877 ], [ -89.534835, 30.195383 ], [ -89.544837, 30.194299 ], [ -89.554626, 30.185911 ], [ -89.566108, 30.181217 ], [ -89.576805, 30.183225 ], [ -89.585693, 30.192241 ], [ -89.596572, 30.211965 ], [ -89.615737, 30.223371 ], [ -89.614044, 30.244773 ], [ -89.631614, 30.257013 ], [ -89.63105, 30.261796 ], [ -89.625305, 30.263532 ], [ -89.632316, 30.268604 ], [ -89.631294, 30.279769 ], [ -89.638504, 30.288122 ], [ -89.647178, 30.289367 ], [ -89.640434, 30.295503 ], [ -89.640342, 30.306781 ], [ -89.62619, 30.314291 ], [ -89.633964, 30.3213 ], [ -89.6296, 30.321563 ], [ -89.628814, 30.326423 ], [ -89.632698, 30.32796 ], [ -89.629592, 30.33896 ], [ -89.636932, 30.347618 ], [ -89.641296, 30.346155 ], [ -89.651519, 30.35613 ], [ -89.657249, 30.356632 ], [ -89.661125, 30.364225 ], [ -89.658798, 30.369583 ], [ -89.662612, 30.37144 ], [ -89.660179, 30.373418 ], [ -89.670059, 30.382202 ], [ -89.679145, 30.402364 ], [ -89.683837, 30.40582 ], [ -89.684455, 30.412288 ], [ -89.679992, 30.411649 ], [ -89.677482, 30.417961 ], [ -89.681045, 30.423391 ], [ -89.680313, 30.433374 ], [ -89.683982, 30.43394 ], [ -89.685035, 30.439451 ], [ -89.683403, 30.451536 ], [ -89.68634, 30.454751 ], [ -89.690078, 30.453235 ], [ -89.690035, 30.459333 ], [ -89.695284, 30.46287 ], [ -89.705848, 30.464952 ], [ -89.705013, 30.470867 ], [ -89.709907, 30.478216 ], [ -89.715545, 30.477685 ], [ -89.7192, 30.483068 ], [ -89.723579, 30.482303 ], [ -89.720832, 30.487016 ], [ -89.724822, 30.492129 ], [ -89.729652, 30.490021 ], [ -89.733102, 30.496004 ], [ -89.74733, 30.492722 ], [ -89.742148, 30.497314 ], [ -89.745525, 30.498236 ], [ -89.746696, 30.50295 ], [ -89.757484, 30.499553 ], [ -89.752639, 30.502433 ], [ -89.752807, 30.507696 ], [ -89.75856, 30.505996 ], [ -89.754451, 30.509773 ], [ -89.760673, 30.51202 ], [ -89.757459, 30.518599 ], [ -89.767814, 30.513185 ], [ -89.768798, 30.518373 ], [ -89.773094, 30.52079 ], [ -89.770195, 30.521482 ], [ -89.771682, 30.526376 ], [ -89.76905, 30.529178 ], [ -89.777366, 30.532995 ], [ -89.774085, 30.537792 ], [ -89.779159, 30.544029 ], [ -89.78968, 30.544656 ], [ -89.803919, 30.549349 ], [ -89.792205, 30.548345 ], [ -89.794456, 30.556552 ], [ -89.803031, 30.557893 ], [ -89.803977, 30.560522 ], [ -89.801666, 30.563739 ], [ -89.791656, 30.562612 ], [ -89.786865, 30.569053 ], [ -89.79123, 30.569947 ], [ -89.793014, 30.564147 ], [ -89.795326, 30.570095 ], [ -89.807952, 30.567653 ], [ -89.809341, 30.580043 ], [ -89.815696, 30.58554 ], [ -89.807022, 30.587099 ], [ -89.811431, 30.586641 ], [ -89.812347, 30.592166 ], [ -89.818771, 30.59288 ], [ -89.819801, 30.596784 ], [ -89.814041, 30.598587 ], [ -89.822563, 30.605243 ], [ -89.813919, 30.607717 ], [ -89.823257, 30.607711 ], [ -89.821426, 30.619794 ], [ -89.830711, 30.617221 ], [ -89.830184, 30.622081 ], [ -89.823669, 30.62222 ], [ -89.820068, 30.632808 ], [ -89.814002, 30.638246 ], [ -89.822952, 30.639078 ], [ -89.820655, 30.646093 ], [ -89.825744, 30.645273 ], [ -89.824707, 30.649026 ], [ -89.830314, 30.650766 ], [ -89.833206, 30.657505 ], [ -89.840721, 30.65217 ], [ -89.840843, 30.660816 ], [ -89.852203, 30.661684 ], [ -89.849319, 30.665401 ], [ -89.843246, 30.663736 ], [ -89.837835, 30.671917 ], [ -89.839592, 30.673956 ], [ -89.843218, 30.668982 ], [ -89.847201, 30.670038 ], [ -89.837122, 30.677905 ], [ -89.842265, 30.680284 ], [ -89.837356, 30.687798 ], [ -89.844887, 30.687031 ], [ -89.845019, 30.690625 ], [ -89.835294, 30.691793 ], [ -89.838324, 30.695121 ], [ -89.835853, 30.699072 ], [ -89.838065, 30.704036 ], [ -89.843605, 30.702511 ], [ -89.846655, 30.705726 ], [ -89.840111, 30.711818 ], [ -89.842529, 30.720418 ], [ -89.830981, 30.715529 ], [ -89.831272, 30.722588 ], [ -89.825634, 30.727374 ], [ -89.836331, 30.727197 ], [ -89.827463, 30.732121 ], [ -89.836192, 30.732515 ], [ -89.836939, 30.734913 ], [ -89.834012, 30.736906 ], [ -89.820634, 30.736663 ], [ -89.816075, 30.738908 ], [ -89.82029, 30.740694 ], [ -89.828623, 30.737351 ], [ -89.822459, 30.754628 ], [ -89.829349, 30.751318 ], [ -89.833167, 30.753314 ], [ -89.825636, 30.758385 ], [ -89.835124, 30.771092 ], [ -89.831537, 30.76761 ], [ -89.828756, 30.768736 ], [ -89.830113, 30.781363 ], [ -89.827388, 30.78334 ], [ -89.824384, 30.77962 ], [ -89.820087, 30.782391 ], [ -89.821485, 30.79116 ], [ -89.819154, 30.795233 ], [ -89.81289, 30.793649 ], [ -89.81157, 30.787491 ], [ -89.803466, 30.791141 ], [ -89.803544, 30.794555 ], [ -89.808447, 30.791837 ], [ -89.808144, 30.79643 ], [ -89.815738, 30.803353 ], [ -89.810308, 30.80018 ], [ -89.804632, 30.802511 ], [ -89.80405, 30.807444 ], [ -89.797156, 30.811753 ], [ -89.79999, 30.816196 ], [ -89.798654, 30.820855 ], [ -89.795707, 30.821089 ], [ -89.795327, 30.817227 ], [ -89.791745, 30.820387 ], [ -89.786211, 30.815986 ], [ -89.781502, 30.818945 ], [ -89.787641, 30.823474 ], [ -89.78235, 30.832552 ], [ -89.790749, 30.831768 ], [ -89.7875, 30.844112 ], [ -89.79247, 30.850386 ], [ -89.789509, 30.851382 ], [ -89.781634, 30.845273 ], [ -89.783384, 30.856022 ], [ -89.771722, 30.854677 ], [ -89.772582, 30.85964 ], [ -89.767789, 30.865577 ], [ -89.779247, 30.876007 ], [ -89.77711, 30.881088 ], [ -89.769584, 30.881148 ], [ -89.773555, 30.886369 ], [ -89.77341, 30.897693 ], [ -89.758719, 30.897319 ], [ -89.756671, 30.901069 ], [ -89.764202, 30.911906 ], [ -89.759403, 30.915134 ], [ -89.750073, 30.91293 ], [ -89.744789, 30.918933 ], [ -89.745161, 30.922416 ], [ -89.752812, 30.925413 ], [ -89.748897, 30.933888 ], [ -89.756513, 30.942861 ], [ -89.735686, 30.966573 ], [ -89.727072, 30.967395 ], [ -89.737149, 30.976081 ], [ -89.730501, 30.979707 ], [ -89.727698, 30.993329 ], [ -89.734818, 30.996504 ], [ -89.73554, 30.999715 ], [ -89.728126, 31.000956 ], [ -89.731673, 31.004817 ], [ -89.736067, 31.001227 ], [ -89.740995, 31.003593 ], [ -89.750481, 30.99942 ], [ -89.752642, 31.001853 ], [ -89.815831, 31.002077 ], [ -91.636942, 30.999416 ], [ -91.578413, 31.02403 ], [ -91.564397, 31.038965 ], [ -91.559907, 31.054119 ], [ -91.56415, 31.06683 ], [ -91.613208, 31.103521 ], [ -91.626862, 31.118771 ], [ -91.628298, 31.124609 ], [ -91.624217, 31.133729 ], [ -91.599732, 31.159592 ], [ -91.591502, 31.173118 ], [ -91.588939, 31.188959 ], [ -91.601616, 31.208573 ], [ -91.625119, 31.226071 ], [ -91.644356, 31.234414 ], [ -91.652019, 31.242691 ], [ -91.654027, 31.255753 ], [ -91.648669, 31.262238 ], [ -91.637672, 31.26768 ], [ -91.564192, 31.261633 ], [ -91.537734, 31.267369 ], [ -91.515614, 31.27821 ], [ -91.508858, 31.291644 ], [ -91.50866, 31.315131 ], [ -91.548213, 31.346084 ], [ -91.551001, 31.363649 ], [ -91.550052, 31.37538 ], [ -91.546059, 31.382221 ], [ -91.55568, 31.386413 ], [ -91.568953, 31.377629 ], [ -91.578334, 31.399067 ], [ -91.576265, 31.410498 ], [ -91.565179, 31.423447 ], [ -91.548465, 31.432668 ], [ -91.543366, 31.432608 ], [ -91.537137, 31.424161 ], [ -91.539458, 31.414021 ], [ -91.532336, 31.390275 ], [ -91.521836, 31.37517 ], [ -91.504756, 31.36498 ], [ -91.478848, 31.364946 ], [ -91.474809, 31.368646 ], [ -91.470983, 31.376244 ], [ -91.472067, 31.397076 ], [ -91.477652, 31.397904 ], [ -91.48002, 31.404204 ], [ -91.499812, 31.4201 ], [ -91.51513, 31.449206 ], [ -91.518148, 31.483483 ], [ -91.514917, 31.510113 ], [ -91.520697, 31.513388 ], [ -91.522536, 31.522078 ], [ -91.513446, 31.532031 ], [ -91.489618, 31.534266 ], [ -91.479718, 31.530366 ], [ -91.447616, 31.540666 ], [ -91.414915, 31.562166 ], [ -91.405415, 31.576466 ], [ -91.403915, 31.589766 ], [ -91.418816, 31.596565 ], [ -91.432616, 31.596065 ], [ -91.466317, 31.586066 ], [ -91.483218, 31.585766 ], [ -91.492918, 31.589565 ], [ -91.502783, 31.595727 ], [ -91.516567, 31.611818 ], [ -91.515462, 31.630372 ], [ -91.49613, 31.64531 ], [ -91.474318, 31.625365 ], [ -91.436216, 31.612465 ], [ -91.421116, 31.611565 ], [ -91.401015, 31.620365 ], [ -91.395715, 31.644165 ], [ -91.400115, 31.687264 ], [ -91.397915, 31.709364 ], [ -91.369375, 31.746903 ], [ -91.320913, 31.750064 ], [ -91.277111, 31.744883 ], [ -91.263111, 31.754764 ], [ -91.259511, 31.760163 ], [ -91.262511, 31.766563 ], [ -91.281212, 31.772263 ], [ -91.345614, 31.758463 ], [ -91.365614, 31.760763 ], [ -91.360514, 31.795762 ], [ -91.345214, 31.843861 ], [ -91.333814, 31.853261 ], [ -91.294013, 31.86046 ], [ -91.289312, 31.846861 ], [ -91.289412, 31.828661 ], [ -91.283212, 31.815762 ], [ -91.269212, 31.809162 ], [ -91.254311, 31.813662 ], [ -91.246618, 31.823428 ], [ -91.244995, 31.832188 ], [ -91.267612, 31.852361 ], [ -91.267712, 31.86266 ], [ -91.234899, 31.876863 ], [ -91.20281, 31.907959 ], [ -91.182277, 31.915814 ], [ -91.18041, 31.918559 ], [ -91.18491, 31.923759 ], [ -91.18381, 31.933558 ], [ -91.19321, 31.935658 ], [ -91.18881, 31.959358 ], [ -91.18481, 31.965557 ], [ -91.16441, 31.982557 ], [ -91.102808, 31.990957 ], [ -91.090105, 32.000157 ], [ -91.075908, 32.016827 ], [ -91.079928, 32.018316 ], [ -91.084408, 32.031456 ], [ -91.091408, 32.036054 ], [ -91.14511, 32.046554 ], [ -91.15381, 32.050655 ], [ -91.16201, 32.061855 ], [ -91.15851, 32.072854 ], [ -91.14881, 32.080154 ], [ -91.135709, 32.080654 ], [ -91.103708, 32.050255 ], [ -91.080908, 32.047855 ], [ -91.081108, 32.078353 ], [ -91.035207, 32.100453 ], [ -91.030507, 32.108153 ], [ -91.030891, 32.120558 ], [ -91.015806, 32.126753 ], [ -91.004106, 32.146152 ], [ -91.002906, 32.162052 ], [ -91.025007, 32.162551 ], [ -91.041807, 32.174551 ], [ -91.058307, 32.180951 ], [ -91.058907, 32.17125 ], [ -91.049707, 32.157352 ], [ -91.048507, 32.150152 ], [ -91.053555, 32.124412 ], [ -91.08163, 32.133992 ], [ -91.101181, 32.131135 ], [ -91.11099, 32.124644 ], [ -91.162822, 32.132694 ], [ -91.171702, 32.14425 ], [ -91.174552, 32.154978 ], [ -91.164171, 32.196888 ], [ -91.133587, 32.213431 ], [ -91.11727, 32.206668 ], [ -91.108509, 32.20815 ], [ -91.100409, 32.21785 ], [ -91.083708, 32.22645 ], [ -91.071108, 32.22605 ], [ -91.061408, 32.21865 ], [ -91.053107, 32.22795 ], [ -91.050307, 32.237949 ], [ -91.039007, 32.242348 ], [ -91.021537, 32.236156 ], [ -91.002906, 32.22305 ], [ -91.003206, 32.19805 ], [ -90.999697, 32.191103 ], [ -90.994944, 32.193141 ], [ -90.983381, 32.211767 ], [ -90.98029, 32.243601 ], [ -90.969403, 32.25252 ], [ -90.982985, 32.270294 ], [ -90.984077, 32.279953 ], [ -90.979475, 32.293702 ], [ -90.974602, 32.297122 ], [ -90.964149, 32.296872 ], [ -90.949781, 32.283056 ], [ -90.922231, 32.298639 ], [ -90.902854, 32.319122 ], [ -90.900722, 32.330379 ], [ -90.885721, 32.350867 ], [ -90.875638, 32.371729 ], [ -90.878604, 32.374636 ], [ -90.890712, 32.372246 ], [ -90.897179, 32.355178 ], [ -90.912363, 32.339454 ], [ -90.993625, 32.354047 ], [ -91.004506, 32.364744 ], [ -91.001406, 32.379444 ], [ -90.994686, 32.392277 ], [ -90.99408, 32.403861 ], [ -90.975342, 32.410951 ], [ -90.965987, 32.420654 ], [ -90.966441, 32.433874 ], [ -90.969587, 32.439492 ], [ -90.980007, 32.447842 ], [ -90.995487, 32.450885 ], [ -91.028206, 32.433742 ], [ -91.051407, 32.437842 ], [ -91.093508, 32.457441 ], [ -91.116008, 32.48314 ], [ -91.116708, 32.500138 ], [ -91.101304, 32.525599 ], [ -91.097878, 32.544751 ], [ -91.093742, 32.549127 ], [ -91.074844, 32.533489 ], [ -91.050907, 32.500138 ], [ -91.038106, 32.49044 ], [ -91.020906, 32.48454 ], [ -91.000506, 32.482239 ], [ -90.990089, 32.488561 ], [ -90.987202, 32.495663 ], [ -90.994867, 32.508611 ], [ -91.001129, 32.512945 ], [ -91.057706, 32.533777 ], [ -91.0754, 32.546743 ], [ -91.080411, 32.556468 ], [ -91.03617, 32.579555 ], [ -91.008245, 32.604239 ], [ -91.003545, 32.612271 ], [ -91.002962, 32.622555 ], [ -91.0158, 32.641644 ], [ -91.025769, 32.646572 ], [ -91.037182, 32.637861 ], [ -91.049802, 32.607185 ], [ -91.079507, 32.600676 ], [ -91.107235, 32.590255 ], [ -91.115655, 32.591003 ], [ -91.119854, 32.584795 ], [ -91.127912, 32.586492 ], [ -91.142782, 32.598899 ], [ -91.152486, 32.620319 ], [ -91.153744, 32.635227 ], [ -91.149753, 32.644041 ], [ -91.137638, 32.650621 ], [ -91.118258, 32.674075 ], [ -91.068843, 32.69892 ], [ -91.054749, 32.719229 ], [ -91.054481, 32.722259 ], [ -91.060766, 32.727494 ], [ -91.090573, 32.7361 ], [ -91.124645, 32.743164 ], [ -91.15861, 32.743449 ], [ -91.165696, 32.753399 ], [ -91.164397, 32.763491 ], [ -91.155476, 32.779909 ], [ -91.164397, 32.785821 ], [ -91.161669, 32.812465 ], [ -91.145002, 32.842869 ], [ -91.127886, 32.855058 ], [ -91.105631, 32.858396 ], [ -91.070602, 32.888658 ], [ -91.064449, 32.901063 ], [ -91.063974, 32.924113 ], [ -91.070547, 32.936036 ], [ -91.082623, 32.946229 ], [ -91.079124, 32.95507 ], [ -91.086802, 32.976266 ], [ -91.09693, 32.986412 ], [ -91.106581, 32.988937 ], [ -91.135517, 32.979657 ], [ -91.138585, 32.971352 ], [ -91.130721, 32.962257 ], [ -91.137863, 32.952756 ], [ -91.131618, 32.925226 ], [ -91.137047, 32.913975 ], [ -91.15169, 32.901935 ], [ -91.170235, 32.899391 ], [ -91.196785, 32.906784 ], [ -91.208263, 32.915354 ], [ -91.213972, 32.927197 ], [ -91.210705, 32.939845 ], [ -91.202298, 32.949703 ], [ -91.198343, 32.950206 ], [ -91.201842, 32.961212 ], [ -91.168973, 32.992131 ], [ -91.162889, 33.018456 ], [ -91.128326, 33.034282 ], [ -91.12029, 33.054922 ], [ -91.125034, 33.064637 ], [ -91.149945, 33.08196 ], [ -91.172921, 33.088553 ], [ -91.181623, 33.098822 ], [ -91.199917, 33.106751 ], [ -91.200749, 33.126472 ], [ -91.19239, 33.137275 ], [ -91.182662, 33.141853 ], [ -91.163111, 33.142186 ], [ -91.150468, 33.130882 ], [ -91.133941, 33.129128 ], [ -91.102702, 33.130374 ], [ -91.086017, 33.136281 ], [ -91.081044, 33.157825 ], [ -91.080405, 33.180091 ], [ -91.10026, 33.219428 ], [ -91.082592, 33.221826 ], [ -91.078419, 33.227255 ], [ -91.070803, 33.227396 ], [ -91.069477, 33.232529 ], [ -91.065629, 33.233158 ], [ -91.051103, 33.250176 ], [ -91.044628, 33.26722 ], [ -91.044273, 33.27693 ], [ -91.051347, 33.284978 ], [ -91.065408, 33.287293 ], [ -91.077335, 33.284 ], [ -91.08495, 33.276384 ], [ -91.09066, 33.256242 ], [ -91.100818, 33.238273 ], [ -91.11074, 33.24614 ], [ -91.117855, 33.261412 ], [ -91.128058, 33.268563 ], [ -91.125507, 33.280149 ], [ -91.14164, 33.300066 ], [ -91.141957, 33.349733 ], [ -91.120763, 33.363349 ], [ -91.103174, 33.385578 ], [ -91.066253, 33.416357 ], [ -91.058172, 33.428895 ], [ -91.058109, 33.446907 ], [ -91.069126, 33.455666 ], [ -91.086902, 33.451394 ], [ -91.096461, 33.437938 ], [ -91.095248, 33.417862 ], [ -91.100025, 33.406582 ], [ -91.120133, 33.388999 ], [ -91.148109, 33.378787 ], [ -91.16851, 33.380063 ], [ -91.179946, 33.384015 ], [ -91.204146, 33.398326 ], [ -91.20932, 33.406497 ], [ -91.199597, 33.418195 ], [ -91.175296, 33.417128 ], [ -91.131878, 33.430257 ], [ -91.118946, 33.446211 ], [ -91.116916, 33.453737 ], [ -91.122899, 33.470639 ], [ -91.134401, 33.483164 ], [ -91.161614, 33.497478 ], [ -91.170307, 33.497851 ], [ -91.177527, 33.482986 ], [ -91.169472, 33.452574 ], [ -91.177165, 33.443942 ], [ -91.20647, 33.433924 ], [ -91.235704, 33.439426 ], [ -91.231689, 33.456858 ], [ -91.207479, 33.46951 ], [ -91.196756, 33.486892 ], [ -91.182492, 33.49983 ], [ -91.185417, 33.507531 ], [ -91.218843, 33.529382 ], [ -91.23341, 33.553457 ], [ -91.233392, 33.562747 ], [ -91.220111, 33.568816 ], [ -91.181375, 33.56716 ], [ -91.164064, 33.570496 ], [ -91.136191, 33.590871 ], [ -91.128666, 33.606779 ], [ -91.136852, 33.626234 ], [ -91.162203, 33.644273 ], [ -91.180661, 33.653001 ], [ -91.208807, 33.656102 ], [ -91.220057, 33.661009 ], [ -91.229612, 33.672741 ], [ -91.229599, 33.685332 ], [ -91.223477, 33.694135 ], [ -91.21374, 33.699638 ], [ -91.173099, 33.702081 ], [ -91.160367, 33.706602 ], [ -91.130898, 33.674926 ], [ -91.093053, 33.658177 ], [ -91.079447, 33.658122 ], [ -91.033707, 33.673844 ], [ -91.030236, 33.687577 ], [ -91.03606, 33.689413 ], [ -91.04516, 33.70466 ], [ -91.059169, 33.71452 ], [ -91.068769, 33.716111 ], [ -91.096406, 33.705797 ], [ -91.117645, 33.705299 ], [ -91.129771, 33.712044 ], [ -91.148807, 33.73136 ], [ -91.141008, 33.758101 ], [ -91.144891, 33.76834 ], [ -91.133063, 33.783324 ], [ -91.123435, 33.781949 ], [ -91.108663, 33.771668 ], [ -91.053386, 33.778283 ], [ -91.029023, 33.765753 ], [ -91.019367, 33.76412 ], [ -90.99981, 33.769326 ], [ -90.992274, 33.775447 ], [ -90.988806, 33.783079 ], [ -90.991574, 33.792304 ], [ -91.000474, 33.799483 ], [ -91.031934, 33.807789 ], [ -91.049083, 33.816026 ], [ -91.069385, 33.843312 ], [ -91.073208, 33.860944 ], [ -91.071311, 33.870813 ], [ -91.033021, 33.899821 ], [ -91.013169, 33.923106 ], [ -91.010246, 33.932172 ], [ -91.01913, 33.942081 ], [ -91.08646, 33.957804 ], [ -91.08969, 33.964498 ], [ -91.090658, 33.98873 ], [ -91.086386, 34.006129 ], [ -91.082418, 34.009133 ], [ -91.0731, 34.00862 ], [ -91.04667, 33.992434 ], [ -91.036329, 33.99405 ], [ -91.018948, 34.003225 ], [ -90.998951, 33.965604 ], [ -90.983205, 33.960169 ], [ -90.966173, 33.964663 ], [ -90.961412, 33.979249 ], [ -90.970905, 33.991784 ], [ -90.97989, 33.997896 ], [ -90.988184, 34.019211 ], [ -90.964625, 34.026798 ], [ -90.919508, 34.021348 ], [ -90.893999, 34.026207 ], [ -90.886515, 34.037733 ], [ -90.888003, 34.054942 ], [ -90.871122, 34.080249 ], [ -90.872818, 34.087897 ], [ -90.883126, 34.096729 ], [ -90.892731, 34.09787 ], [ -90.918861, 34.092843 ], [ -90.94564, 34.107965 ], [ -90.958604, 34.122444 ], [ -90.961044, 34.130514 ], [ -90.958644, 34.135484 ], [ -90.909957, 34.165511 ], [ -90.894449, 34.161064 ], [ -90.86458, 34.140555 ], [ -90.845283, 34.136886 ], [ -90.822593, 34.144054 ], [ -90.807219, 34.163713 ], [ -90.809457, 34.177738 ], [ -90.817488, 34.183198 ], [ -90.854406, 34.186833 ], [ -90.886746, 34.182501 ], [ -90.908215, 34.192071 ], [ -90.934544, 34.217854 ], [ -90.935548, 34.237847 ], [ -90.922922, 34.246535 ], [ -90.906334, 34.244382 ], [ -90.899581, 34.228952 ], [ -90.892279, 34.222891 ], [ -90.876796, 34.214389 ], [ -90.856407, 34.211316 ], [ -90.847149, 34.20613 ], [ -90.83813, 34.219997 ], [ -90.840537, 34.23803 ], [ -90.831773, 34.276936 ], [ -90.816736, 34.280649 ], [ -90.765623, 34.269513 ], [ -90.752929, 34.274605 ], [ -90.738025, 34.289279 ], [ -90.736399, 34.312067 ], [ -90.768691, 34.347782 ], [ -90.769774, 34.356909 ], [ -90.764393, 34.363675 ], [ -90.749641, 34.368148 ], [ -90.715803, 34.360335 ], [ -90.676305, 34.371261 ], [ -90.681498, 34.352603 ], [ -90.691501, 34.338636 ], [ -90.693129, 34.32257 ], [ -90.686003, 34.315771 ], [ -90.669343, 34.313088 ], [ -90.661505, 34.315208 ], [ -90.657488, 34.322231 ], [ -90.666853, 34.355773 ], [ -90.65535, 34.37184 ], [ -90.657142, 34.377397 ], [ -90.640909, 34.388863 ], [ -90.609597, 34.391586 ], [ -90.586232, 34.409172 ], [ -90.577694, 34.432445 ], [ -90.587377, 34.454832 ], [ -90.593708, 34.481348 ], [ -90.592662, 34.490579 ], [ -90.579324, 34.518035 ], [ -90.544082, 34.537742 ], [ -90.539623, 34.553925 ], [ -90.549358, 34.569255 ], [ -90.573762, 34.592133 ], [ -90.591595, 34.621012 ], [ -90.583173, 34.651963 ], [ -90.568407, 34.668878 ], [ -90.570102, 34.693432 ], [ -90.556234, 34.693576 ], [ -90.541928, 34.683862 ], [ -90.540087, 34.676432 ], [ -90.552632, 34.659332 ], [ -90.554885, 34.645168 ], [ -90.546541, 34.631018 ], [ -90.534207, 34.627462 ], [ -90.519439, 34.629918 ], [ -90.506041, 34.638237 ], [ -90.470856, 34.667676 ], [ -90.462883, 34.683805 ], [ -90.46618, 34.699115 ], [ -90.474166, 34.705277 ], [ -90.516666, 34.695555 ], [ -90.529562, 34.695834 ], [ -90.542499, 34.7 ], [ -90.559444, 34.710833 ], [ -90.571944, 34.712777 ], [ -90.566667, 34.735 ], [ -90.558333, 34.739167 ], [ -90.545556, 34.738889 ], [ -90.539786, 34.754304 ], [ -90.547778, 34.783333 ], [ -90.544167, 34.791667 ], [ -90.533333, 34.8 ], [ -90.513889, 34.8 ], [ -90.511111, 34.798288 ], [ -90.511388, 34.789999 ], [ -90.492777, 34.772499 ], [ -90.494148, 34.757568 ], [ -90.509722, 34.747777 ], [ -90.524166, 34.731388 ], [ -90.499999, 34.721666 ], [ -90.474999, 34.723888 ], [ -90.457261, 34.731348 ], [ -90.447994, 34.741988 ], [ -90.451791, 34.754228 ], [ -90.476584, 34.794004 ], [ -90.470374, 34.811554 ], [ -90.455379, 34.820785 ], [ -90.48372, 34.861018 ], [ -90.484276, 34.875258 ], [ -90.477059, 34.885221 ], [ -90.458178, 34.891567 ], [ -90.435958, 34.881848 ], [ -90.429408, 34.866406 ], [ -90.449691, 34.83992 ], [ -90.438729, 34.825248 ], [ -90.411638, 34.826064 ], [ -90.389393, 34.830665 ], [ -90.362258, 34.842765 ], [ -90.338449, 34.858517 ], [ -90.32027, 34.845301 ], [ -90.306903, 34.846704 ], [ -90.302884, 34.853335 ], [ -90.30355, 34.859187 ], [ -90.315052, 34.864059 ], [ -90.317741, 34.871058 ], [ -90.290816, 34.883007 ], [ -90.271342, 34.886865 ], [ -90.254163, 34.895847 ], [ -90.243208, 34.9091 ], [ -90.241284, 34.926063 ], [ -90.245935, 34.948721 ], [ -90.268314, 34.957383 ], [ -90.295159, 34.975634 ], [ -90.308361, 34.995694 ], [ -88.20003, 34.99564 ], [ -88.172539, 34.9569 ], [ -88.161437, 34.932044 ], [ -88.152413, 34.919741 ], [ -88.131963, 34.904958 ], [ -88.098219, 34.892715 ], [ -88.118407, 34.724292 ], [ -88.151437, 34.500096 ], [ -88.187621, 34.204766 ], [ -88.243025, 33.795679 ] ] ] } },
{ "type": "Feature", "properties": { "STUSPS": "MO", "NAME": "Missouri", "region_name": "Midwest", "division_name": "West North Central" }, "geometry": { "type": "Polygon", "coordinates": [ [ [ -93.374386, 40.580333 ], [ -92.659409, 40.590341 ], [ -91.947709, 40.605471 ], [ -91.729115, 40.61364 ], [ -91.716769, 40.59853 ], [ -91.686357, 40.580875 ], [ -91.691561, 40.564867 ], [ -91.6887, 40.55739 ], [ -91.681714, 40.553035 ], [ -91.620071, 40.540817 ], [ -91.618028, 40.53403 ], [ -91.621353, 40.510072 ], [ -91.612821, 40.502377 ], [ -91.590817, 40.492292 ], [ -91.581528, 40.472876 ], [ -91.574734, 40.465655 ], [ -91.552691, 40.458769 ], [ -91.52509, 40.457845 ], [ -91.523271, 40.450061 ], [ -91.533623, 40.43832 ], [ -91.529132, 40.434272 ], [ -91.519134, 40.432822 ], [ -91.527043, 40.418214 ], [ -91.524612, 40.410765 ], [ -91.498093, 40.401926 ], [ -91.488481, 40.404317 ], [ -91.490912, 40.39298 ], [ -91.485255, 40.384657 ], [ -91.480251, 40.381783 ], [ -91.463554, 40.385547 ], [ -91.465891, 40.378365 ], [ -91.463895, 40.375659 ], [ -91.448742, 40.376804 ], [ -91.441243, 40.386255 ], [ -91.419422, 40.378264 ], [ -91.444862, 40.363143 ], [ -91.46214, 40.342414 ], [ -91.471826, 40.31734 ], [ -91.490971, 40.283364 ], [ -91.493061, 40.275262 ], [ -91.490524, 40.259498 ], [ -91.506501, 40.236304 ], [ -91.504282, 40.224299 ], [ -91.507269, 40.209338 ], [ -91.504477, 40.198262 ], [ -91.511073, 40.188794 ], [ -91.513079, 40.178537 ], [ -91.508224, 40.157665 ], [ -91.51159, 40.149269 ], [ -91.510839, 40.126137 ], [ -91.489606, 40.057435 ], [ -91.494878, 40.036453 ], [ -91.469247, 39.995327 ], [ -91.465315, 39.983995 ], [ -91.458852, 39.979015 ], [ -91.44156, 39.951299 ], [ -91.425782, 39.937765 ], [ -91.41936, 39.927717 ], [ -91.420878, 39.914865 ], [ -91.443513, 39.893583 ], [ -91.446922, 39.883034 ], [ -91.446685, 39.871642 ], [ -91.436529, 39.847078 ], [ -91.428469, 39.837626 ], [ -91.376488, 39.810033 ], [ -91.362388, 39.790482 ], [ -91.36528, 39.757722 ], [ -91.369953, 39.745042 ], [ -91.369395, 39.731163 ], [ -91.347253, 39.71048 ], [ -91.301603, 39.679068 ], [ -91.27614, 39.665759 ], [ -91.229317, 39.620853 ], [ -91.181936, 39.602677 ], [ -91.174651, 39.593313 ], [ -91.168419, 39.564928 ], [ -91.153628, 39.548248 ], [ -91.100307, 39.538695 ], [ -91.079769, 39.507728 ], [ -91.064305, 39.494643 ], [ -91.059439, 39.46886 ], [ -91.03827, 39.448435 ], [ -90.993789, 39.422959 ], [ -90.940766, 39.403984 ], [ -90.928745, 39.387544 ], [ -90.904862, 39.379403 ], [ -90.893777, 39.367343 ], [ -90.8475, 39.345272 ], [ -90.816851, 39.320496 ], [ -90.793461, 39.309498 ], [ -90.790675, 39.302908 ], [ -90.775673, 39.292811 ], [ -90.767648, 39.280025 ], [ -90.751599, 39.265432 ], [ -90.72996, 39.255894 ], [ -90.717113, 39.213912 ], [ -90.717404, 39.197414 ], [ -90.71048, 39.176366 ], [ -90.707902, 39.15086 ], [ -90.702923, 39.138749 ], [ -90.686051, 39.117785 ], [ -90.681086, 39.10059 ], [ -90.682744, 39.088348 ], [ -90.698282, 39.074649 ], [ -90.702136, 39.065568 ], [ -90.713629, 39.053977 ], [ -90.678193, 38.991851 ], [ -90.675949, 38.96214 ], [ -90.663424, 38.935551 ], [ -90.663018, 38.926283 ], [ -90.636994, 38.905123 ], [ -90.623356, 38.887149 ], [ -90.583388, 38.86903 ], [ -90.561021, 38.869476 ], [ -90.546831, 38.874009 ], [ -90.516963, 38.898818 ], [ -90.507451, 38.902767 ], [ -90.487058, 38.925862 ], [ -90.482725, 38.934712 ], [ -90.483071, 38.94307 ], [ -90.471729, 38.959186 ], [ -90.451279, 38.967731 ], [ -90.439203, 38.967287 ], [ -90.392721, 38.959071 ], [ -90.309454, 38.92412 ], [ -90.277471, 38.923716 ], [ -90.250248, 38.919344 ], [ -90.223041, 38.907389 ], [ -90.19761, 38.887648 ], [ -90.166409, 38.876348 ], [ -90.113327, 38.849306 ], [ -90.109107, 38.837448 ], [ -90.119424, 38.801811 ], [ -90.136266, 38.788318 ], [ -90.166364, 38.772675 ], [ -90.176301, 38.754478 ], [ -90.205177, 38.7322 ], [ -90.21141, 38.72135 ], [ -90.209202, 38.702779 ], [ -90.186402, 38.674779 ], [ -90.181102, 38.659579 ], [ -90.178002, 38.633779 ], [ -90.184502, 38.61158 ], [ -90.196003, 38.59448 ], [ -90.224204, 38.57508 ], [ -90.257782, 38.532012 ], [ -90.277841, 38.479908 ], [ -90.291084, 38.43089 ], [ -90.341521, 38.388343 ], [ -90.370819, 38.333554 ], [ -90.372422, 38.283725 ], [ -90.366948, 38.248344 ], [ -90.358628, 38.221981 ], [ -90.33017, 38.186523 ], [ -90.290629, 38.170363 ], [ -90.274843, 38.157559 ], [ -90.242574, 38.112125 ], [ -90.223288, 38.097799 ], [ -90.17604, 38.07066 ], [ -90.158273, 38.07495 ], [ -90.1296, 38.061436 ], [ -90.126302, 38.054432 ], [ -90.126196, 38.040706 ], [ -90.110521, 38.026549 ], [ -90.08826, 38.015772 ], [ -90.059367, 38.015543 ], [ -90.051941, 38.005432 ], [ -90.031795, 37.995126 ], [ -90.007936, 37.97011 ], [ -89.996848, 37.963219 ], [ -89.965046, 37.964393 ], [ -89.940687, 37.970874 ], [ -89.935885, 37.959581 ], [ -89.924597, 37.959849 ], [ -89.924853, 37.954906 ], [ -89.931267, 37.948277 ], [ -89.947322, 37.940283 ], [ -89.959772, 37.940083 ], [ -89.962057, 37.933918 ], [ -89.974654, 37.927074 ], [ -89.973762, 37.918016 ], [ -89.965285, 37.902303 ], [ -89.947758, 37.879847 ], [ -89.923375, 37.870697 ], [ -89.902377, 37.86974 ], [ -89.879688, 37.880736 ], [ -89.861877, 37.897684 ], [ -89.842638, 37.905197 ], [ -89.799329, 37.881516 ], [ -89.797696, 37.874392 ], [ -89.800353, 37.868626 ], [ -89.797542, 37.862128 ], [ -89.786326, 37.851689 ], [ -89.781991, 37.855053 ], [ -89.754099, 37.846353 ], [ -89.739875, 37.846921 ], [ -89.717442, 37.825723 ], [ -89.669644, 37.799922 ], [ -89.66038, 37.786296 ], [ -89.66119, 37.775732 ], [ -89.667993, 37.759484 ], [ -89.663352, 37.750052 ], [ -89.64953, 37.745496 ], [ -89.617278, 37.74972 ], [ -89.615744, 37.742725 ], [ -89.597481, 37.733477 ], [ -89.583316, 37.713261 ], [ -89.531427, 37.700334 ], [ -89.516685, 37.692762 ], [ -89.51204, 37.680985 ], [ -89.516146, 37.667975 ], [ -89.517718, 37.641217 ], [ -89.506563, 37.62505 ], [ -89.485792, 37.607157 ], [ -89.475932, 37.592998 ], [ -89.477548, 37.585885 ], [ -89.486062, 37.580853 ], [ -89.513943, 37.584815 ], [ -89.519808, 37.582747 ], [ -89.521925, 37.560735 ], [ -89.517051, 37.537278 ], [ -89.475525, 37.471388 ], [ -89.439769, 37.4372 ], [ -89.426522, 37.408998 ], [ -89.420542, 37.388007 ], [ -89.432836, 37.347056 ], [ -89.447556, 37.340475 ], [ -89.474569, 37.338165 ], [ -89.489005, 37.333368 ], [ -89.51076, 37.312744 ], [ -89.51834, 37.285497 ], [ -89.509262, 37.271371 ], [ -89.489915, 37.251315 ], [ -89.470525, 37.253357 ], [ -89.458827, 37.248661 ], [ -89.458302, 37.240368 ], [ -89.467631, 37.2182 ], [ -89.456105, 37.18812 ], [ -89.42558, 37.138235 ], [ -89.41173, 37.122507 ], [ -89.38805, 37.107481 ], [ -89.377113, 37.090765 ], [ -89.375712, 37.080505 ], [ -89.385186, 37.057748 ], [ -89.383937, 37.046441 ], [ -89.378277, 37.039605 ], [ -89.362397, 37.030156 ], [ -89.322982, 37.01609 ], [ -89.29213, 36.992189 ], [ -89.278628, 36.98867 ], [ -89.263527, 37.00005 ], [ -89.257608, 37.015496 ], [ -89.260003, 37.023288 ], [ -89.277715, 37.03614 ], [ -89.304752, 37.047565 ], [ -89.310819, 37.057897 ], [ -89.30829, 37.068371 ], [ -89.259935, 37.06407 ], [ -89.25493, 37.072014 ], [ -89.234053, 37.037277 ], [ -89.200793, 37.016164 ], [ -89.192097, 36.979995 ], [ -89.185491, 36.973518 ], [ -89.170009, 36.970298 ], [ -89.125352, 36.983529 ], [ -89.1092, 36.976451 ], [ -89.099331, 36.962575 ], [ -89.101644, 36.940728 ], [ -89.117115, 36.888685 ], [ -89.138109, 36.847323 ], [ -89.152681, 36.847105 ], [ -89.159005, 36.842729 ], [ -89.170443, 36.84184 ], [ -89.176544, 36.837121 ], [ -89.179201, 36.829896 ], [ -89.179133, 36.810893 ], [ -89.170563, 36.797538 ], [ -89.157137, 36.789569 ], [ -89.12438, 36.785826 ], [ -89.116569, 36.77451 ], [ -89.117076, 36.765769 ], [ -89.125967, 36.751809 ], [ -89.169785, 36.759641 ], [ -89.18532, 36.753349 ], [ -89.197856, 36.739772 ], [ -89.2014, 36.725881 ], [ -89.199311, 36.715624 ], [ -89.170462, 36.690048 ], [ -89.167971, 36.679089 ], [ -89.171884, 36.672598 ], [ -89.159118, 36.666354 ], [ -89.197753, 36.628971 ], [ -89.202771, 36.601665 ], [ -89.211184, 36.584058 ], [ -89.219035, 36.575057 ], [ -89.236308, 36.566881 ], [ -89.26349, 36.566269 ], [ -89.294675, 36.593779 ], [ -89.314657, 36.621844 ], [ -89.324637, 36.631023 ], [ -89.343902, 36.631888 ], [ -89.365797, 36.625126 ], [ -89.376144, 36.614132 ], [ -89.38271, 36.583722 ], [ -89.395833, 36.559325 ], [ -89.398626, 36.542276 ], [ -89.417275, 36.499011 ], [ -89.443735, 36.469161 ], [ -89.464433, 36.457747 ], [ -89.486193, 36.462114 ], [ -89.493947, 36.473559 ], [ -89.486687, 36.494992 ], [ -89.473256, 36.512416 ], [ -89.465913, 36.530015 ], [ -89.46782, 36.546974 ], [ -89.47993, 36.569087 ], [ -89.530638, 36.58171 ], [ -89.551119, 36.578074 ], [ -89.567004, 36.565048 ], [ -89.571025, 36.550201 ], [ -89.560412, 36.524406 ], [ -89.519922, 36.477053 ], [ -89.523427, 36.456572 ], [ -89.543406, 36.43877 ], [ -89.545255, 36.427079 ], [ -89.513956, 36.384891 ], [ -89.509722, 36.373626 ], [ -89.519, 36.3486 ], [ -89.531822, 36.339246 ], [ -89.545006, 36.336809 ], [ -89.581636, 36.342357 ], [ -89.605668, 36.342234 ], [ -89.615841, 36.336085 ], [ -89.620255, 36.323006 ], [ -89.611819, 36.309088 ], [ -89.578492, 36.288317 ], [ -89.554296, 36.277753 ], [ -89.544797, 36.280458 ], [ -89.539487, 36.277368 ], [ -89.536441, 36.272827 ], [ -89.534676, 36.252771 ], [ -89.544743, 36.247484 ], [ -89.562206, 36.250909 ], [ -89.577544, 36.242262 ], [ -89.602374, 36.238106 ], [ -89.651407, 36.250683 ], [ -89.678043, 36.248287 ], [ -89.695235, 36.252766 ], [ -89.701821, 36.246004 ], [ -89.70525, 36.236568 ], [ -89.69263, 36.224959 ], [ -89.607004, 36.171179 ], [ -89.593583, 36.154005 ], [ -89.591632, 36.142135 ], [ -89.593549, 36.128138 ], [ -89.601936, 36.11947 ], [ -89.628305, 36.106853 ], [ -89.666598, 36.095802 ], [ -89.678821, 36.084636 ], [ -89.688577, 36.029238 ], [ -89.706932, 36.000981 ], [ -90.3779, 35.995745 ], [ -90.351782, 36.025057 ], [ -90.354284, 36.030325 ], [ -90.348275, 36.035051 ], [ -90.348208, 36.041573 ], [ -90.336874, 36.047238 ], [ -90.333345, 36.067476 ], [ -90.320621, 36.07132 ], [ -90.318238, 36.076134 ], [ -90.319612, 36.08957 ], [ -90.300185, 36.097719 ], [ -90.29306, 36.11443 ], [ -90.272977, 36.116811 ], [ -90.260862, 36.127257 ], [ -90.253267, 36.127312 ], [ -90.245556, 36.136188 ], [ -90.235445, 36.139395 ], [ -90.23123, 36.15359 ], [ -90.235347, 36.15954 ], [ -90.231208, 36.163761 ], [ -90.229613, 36.173156 ], [ -90.220346, 36.18454 ], [ -90.211359, 36.183099 ], [ -90.204415, 36.186855 ], [ -90.200238, 36.196459 ], [ -90.196456, 36.196372 ], [ -90.18813, 36.205461 ], [ -90.177634, 36.207266 ], [ -90.169472, 36.214124 ], [ -90.155716, 36.213822 ], [ -90.149016, 36.221789 ], [ -90.145718, 36.220849 ], [ -90.141852, 36.227654 ], [ -90.13241, 36.226432 ], [ -90.126257, 36.229214 ], [ -90.1248, 36.235263 ], [ -90.130883, 36.241372 ], [ -90.124002, 36.243145 ], [ -90.118374, 36.253273 ], [ -90.117068, 36.263487 ], [ -90.096298, 36.271305 ], [ -90.083529, 36.272122 ], [ -90.07572, 36.281053 ], [ -90.079015, 36.289868 ], [ -90.071502, 36.293206 ], [ -90.064193, 36.302502 ], [ -90.069487, 36.313254 ], [ -90.082382, 36.321997 ], [ -90.075459, 36.334345 ], [ -90.078323, 36.337709 ], [ -90.074188, 36.34337 ], [ -90.078032, 36.349293 ], [ -90.068038, 36.356538 ], [ -90.063467, 36.367082 ], [ -90.062779, 36.377163 ], [ -90.066745, 36.378006 ], [ -90.063504, 36.384081 ], [ -90.068126, 36.385149 ], [ -90.065849, 36.387452 ], [ -90.068998, 36.388234 ], [ -90.070537, 36.39352 ], [ -90.074194, 36.392985 ], [ -90.08152, 36.401096 ], [ -90.098434, 36.404011 ], [ -90.101551, 36.40197 ], [ -90.10434, 36.405429 ], [ -90.110322, 36.404165 ], [ -90.110825, 36.407744 ], [ -90.115597, 36.405816 ], [ -90.113645, 36.409562 ], [ -90.118504, 36.409429 ], [ -90.118886, 36.412513 ], [ -90.128745, 36.411446 ], [ -90.127404, 36.416736 ], [ -90.138503, 36.413726 ], [ -90.134403, 36.422877 ], [ -90.139303, 36.42132 ], [ -90.144312, 36.426018 ], [ -90.143011, 36.430948 ], [ -90.137948, 36.431563 ], [ -90.138896, 36.435107 ], [ -90.13426, 36.436454 ], [ -90.137268, 36.450189 ], [ -90.133953, 36.453781 ], [ -90.140962, 36.458538 ], [ -90.143007, 36.46796 ], [ -90.145032, 36.462851 ], [ -90.150499, 36.465464 ], [ -90.155407, 36.463795 ], [ -90.152985, 36.470771 ], [ -90.145662, 36.469055 ], [ -90.142392, 36.471399 ], [ -90.144181, 36.476196 ], [ -90.159544, 36.480244 ], [ -90.157206, 36.484311 ], [ -90.160099, 36.487504 ], [ -90.156151, 36.489097 ], [ -90.160067, 36.494378 ], [ -90.15345, 36.493048 ], [ -90.152307, 36.497982 ], [ -94.617859, 36.499431 ], [ -94.617896, 37.720297 ], [ -94.612474, 38.22104 ], [ -94.613356, 38.457967 ], [ -94.607625, 38.82756 ], [ -94.608519, 39.116244 ], [ -94.590288, 39.138121 ], [ -94.588658, 39.151163 ], [ -94.593846, 39.156828 ], [ -94.608657, 39.161044 ], [ -94.635552, 39.154082 ], [ -94.655787, 39.15568 ], [ -94.661397, 39.162742 ], [ -94.659162, 39.174126 ], [ -94.661577, 39.177359 ], [ -94.67824, 39.184169 ], [ -94.688788, 39.183228 ], [ -94.714137, 39.170403 ], [ -94.740777, 39.169987 ], [ -94.762858, 39.179991 ], [ -94.776398, 39.20181 ], [ -94.782951, 39.207162 ], [ -94.811543, 39.206906 ], [ -94.831679, 39.215938 ], [ -94.834896, 39.223842 ], [ -94.825663, 39.241729 ], [ -94.830553, 39.255135 ], [ -94.84632, 39.268481 ], [ -94.884093, 39.284512 ], [ -94.898516, 39.29845 ], [ -94.906126, 39.314721 ], [ -94.910017, 39.352543 ], [ -94.902497, 39.360383 ], [ -94.887145, 39.365431 ], [ -94.88136, 39.370383 ], [ -94.879281, 39.37978 ], [ -94.885026, 39.389801 ], [ -94.900132, 39.393333 ], [ -94.922994, 39.384883 ], [ -94.942039, 39.389499 ], [ -94.946227, 39.395648 ], [ -94.947864, 39.408604 ], [ -94.972952, 39.421705 ], [ -94.982144, 39.440552 ], [ -94.990172, 39.446192 ], [ -95.015763, 39.453099 ], [ -95.0375, 39.463689 ], [ -95.047671, 39.477536 ], [ -95.050552, 39.497514 ], [ -95.054459, 39.502653 ], [ -95.08759, 39.520355 ], [ -95.104587, 39.535144 ], [ -95.110368, 39.544562 ], [ -95.113284, 39.558152 ], [ -95.104948, 39.576604 ], [ -95.09215, 39.581116 ], [ -95.067095, 39.576502 ], [ -95.056897, 39.580567 ], [ -95.05059, 39.587563 ], [ -95.046445, 39.601606 ], [ -95.054236, 39.617291 ], [ -95.054267, 39.627745 ], [ -95.027644, 39.665454 ], [ -95.01531, 39.674262 ], [ -94.981565, 39.678636 ], [ -94.970677, 39.687239 ], [ -94.968453, 39.707402 ], [ -94.971206, 39.729305 ], [ -94.963958, 39.740361 ], [ -94.955286, 39.745689 ], [ -94.947541, 39.745337 ], [ -94.918342, 39.728797 ], [ -94.899316, 39.724042 ], [ -94.875634, 39.730492 ], [ -94.862735, 39.742195 ], [ -94.859035, 39.754116 ], [ -94.860639, 39.762983 ], [ -94.869655, 39.772899 ], [ -94.882161, 39.771043 ], [ -94.898263, 39.761622 ], [ -94.910949, 39.759178 ], [ -94.934573, 39.772961 ], [ -94.934997, 39.783692 ], [ -94.92823, 39.788938 ], [ -94.89318, 39.790915 ], [ -94.884652, 39.793997 ], [ -94.877644, 39.803594 ], [ -94.875944, 39.813294 ], [ -94.877333, 39.824474 ], [ -94.884826, 39.832418 ], [ -94.916766, 39.835807 ], [ -94.940599, 39.853018 ], [ -94.941797, 39.863417 ], [ -94.927826, 39.877817 ], [ -94.93016, 39.889934 ], [ -94.955178, 39.901288 ], [ -94.987059, 39.89632 ], [ -95.009936, 39.900636 ], [ -95.017606, 39.898254 ], [ -95.023723, 39.892035 ], [ -95.026747, 39.872273 ], [ -95.039403, 39.864832 ], [ -95.08156, 39.861539 ], [ -95.124529, 39.872857 ], [ -95.140601, 39.881688 ], [ -95.142838, 39.900402 ], [ -95.149657, 39.905948 ], [ -95.159834, 39.906984 ], [ -95.181222, 39.899996 ], [ -95.202745, 39.905076 ], [ -95.206063, 39.912061 ], [ -95.200382, 39.931031 ], [ -95.205266, 39.93975 ], [ -95.21644, 39.943953 ], [ -95.236761, 39.943931 ], [ -95.250254, 39.948644 ], [ -95.269886, 39.969396 ], [ -95.305803, 39.987899 ], [ -95.309332, 40.004473 ], [ -95.315271, 40.01207 ], [ -95.333731, 40.017832 ], [ -95.353722, 40.030789 ], [ -95.389436, 40.026858 ], [ -95.410548, 40.035628 ], [ -95.418608, 40.046751 ], [ -95.42134, 40.060746 ], [ -95.409367, 40.074998 ], [ -95.4101, 40.093975 ], [ -95.394216, 40.108263 ], [ -95.393347, 40.119212 ], [ -95.400266, 40.127293 ], [ -95.427409, 40.134608 ], [ -95.432165, 40.141025 ], [ -95.436348, 40.15872 ], [ -95.463831, 40.171201 ], [ -95.479193, 40.185652 ], [ -95.482319, 40.200667 ], [ -95.4699, 40.2227 ], [ -95.470349, 40.230819 ], [ -95.476241, 40.241257 ], [ -95.488999, 40.248739 ], [ -95.521035, 40.250083 ], [ -95.552473, 40.261904 ], [ -95.556275, 40.270761 ], [ -95.551488, 40.281061 ], [ -95.55162, 40.288666 ], [ -95.562157, 40.297359 ], [ -95.581787, 40.29958 ], [ -95.610439, 40.31397 ], [ -95.645329, 40.305693 ], [ -95.657328, 40.310856 ], [ -95.653729, 40.322582 ], [ -95.627648, 40.332412 ], [ -95.622684, 40.342323 ], [ -95.627124, 40.3528 ], [ -95.641027, 40.366399 ], [ -95.643935, 40.386851 ], [ -95.660602, 40.412409 ], [ -95.656575, 40.438701 ], [ -95.667714, 40.453463 ], [ -95.694651, 40.471452 ], [ -95.696756, 40.478849 ], [ -95.694823, 40.494705 ], [ -95.699969, 40.505275 ], [ -95.661681, 40.517312 ], [ -95.655674, 40.523557 ], [ -95.652269, 40.538108 ], [ -95.655848, 40.546609 ], [ -95.662107, 40.549967 ], [ -95.671776, 40.562628 ], [ -95.678715, 40.562561 ], [ -95.694147, 40.556942 ], [ -95.697377, 40.541389 ], [ -95.695495, 40.532021 ], [ -95.708591, 40.521551 ], [ -95.717537, 40.527783 ], [ -95.73725, 40.52393 ], [ -95.75711, 40.52599 ], [ -95.768693, 40.534106 ], [ -95.763366, 40.550797 ], [ -95.773749, 40.570493 ], [ -95.773549, 40.578205 ], [ -95.763855, 40.585207 ], [ -94.489109, 40.570706 ], [ -93.374386, 40.580333 ] ] ] } },
{ "type": "Feature", "properties": { "STUSPS": "MT", "NAME": "Montana", "region_name": "West", "division_name": "Mountain" }, "geometry": { "type": "Polygon", "coordinates": [ [ [ -109.420623, 49.00043 ], [ -104.048692, 48.999899 ], [ -104.045495, 48.157382 ], [ -104.041416, 47.862685 ], [ -104.045746, 47.261648 ], [ -104.046828, 46.017509 ], [ -104.042596, 45.749942 ], [ -104.039694, 44.99807 ], [ -105.913149, 45.000238 ], [ -105.928174, 44.993487 ], [ -106.126207, 44.993268 ], [ -107.084886, 44.9966 ], [ -107.138121, 45.000128 ], [ -107.47601, 45.001424 ], [ -109.0807, 44.99944 ], [ -109.103228, 45.005815 ], [ -109.761106, 45.001802 ], [ -110.105776, 45.003533 ], [ -110.183221, 44.996953 ], [ -110.407116, 44.999496 ], [ -110.445743, 44.993682 ], [ -110.704476, 44.992174 ], [ -110.790119, 45.000883 ], [ -111.054556, 45.000955 ], [ -111.052434, 44.478411 ], [ -111.055782, 44.476798 ], [ -111.074787, 44.483448 ], [ -111.107213, 44.486929 ], [ -111.115061, 44.493848 ], [ -111.127383, 44.49762 ], [ -111.138618, 44.516854 ], [ -111.131382, 44.532429 ], [ -111.140806, 44.535844 ], [ -111.150571, 44.534971 ], [ -111.158894, 44.546264 ], [ -111.17864, 44.552477 ], [ -111.18103, 44.569231 ], [ -111.201491, 44.575896 ], [ -111.227631, 44.576687 ], [ -111.232145, 44.585231 ], [ -111.23186, 44.597137 ], [ -111.240889, 44.614525 ], [ -111.219319, 44.622521 ], [ -111.242644, 44.6434 ], [ -111.249236, 44.644104 ], [ -111.252597, 44.65125 ], [ -111.270129, 44.64682 ], [ -111.278477, 44.651265 ], [ -111.280575, 44.655201 ], [ -111.275613, 44.656672 ], [ -111.266804, 44.667512 ], [ -111.275667, 44.674324 ], [ -111.27925, 44.682232 ], [ -111.296879, 44.691444 ], [ -111.29626, 44.702271 ], [ -111.322484, 44.718776 ], [ -111.323626, 44.729072 ], [ -111.337113, 44.733204 ], [ -111.348067, 44.725314 ], [ -111.352977, 44.726178 ], [ -111.366491, 44.738137 ], [ -111.366261, 44.742245 ], [ -111.374489, 44.750189 ], [ -111.384824, 44.754954 ], [ -111.392969, 44.75231 ], [ -111.397844, 44.746383 ], [ -111.39443, 44.744115 ], [ -111.399383, 44.734267 ], [ -111.397958, 44.723644 ], [ -111.414273, 44.710739 ], [ -111.424213, 44.714023 ], [ -111.429602, 44.720148 ], [ -111.438798, 44.720545 ], [ -111.488784, 44.705643 ], [ -111.489716, 44.699657 ], [ -111.482706, 44.692589 ], [ -111.484603, 44.687574 ], [ -111.468509, 44.679178 ], [ -111.476511, 44.673724 ], [ -111.472483, 44.66619 ], [ -111.490612, 44.649652 ], [ -111.490114, 44.642471 ], [ -111.500956, 44.649639 ], [ -111.504884, 44.644341 ], [ -111.51631, 44.643997 ], [ -111.516461, 44.640896 ], [ -111.511395, 44.638609 ], [ -111.502499, 44.626508 ], [ -111.522613, 44.614084 ], [ -111.519647, 44.611972 ], [ -111.525633, 44.60434 ], [ -111.519337, 44.601768 ], [ -111.524477, 44.597628 ], [ -111.523611, 44.592215 ], [ -111.517814, 44.582166 ], [ -111.50134, 44.57249 ], [ -111.502577, 44.568717 ], [ -111.509586, 44.566244 ], [ -111.507769, 44.562298 ], [ -111.492123, 44.560804 ], [ -111.478653, 44.553395 ], [ -111.469355, 44.557674 ], [ -111.467649, 44.544623 ], [ -111.463535, 44.541356 ], [ -111.468002, 44.538951 ], [ -111.479665, 44.542135 ], [ -111.499371, 44.542029 ], [ -111.512891, 44.536041 ], [ -111.523594, 44.547864 ], [ -111.539167, 44.551313 ], [ -111.547052, 44.557176 ], [ -111.562814, 44.555209 ], [ -111.585687, 44.562628 ], [ -111.613897, 44.54868 ], [ -111.646827, 44.554797 ], [ -111.659265, 44.552663 ], [ -111.682997, 44.561657 ], [ -111.689995, 44.5562 ], [ -111.703164, 44.560148 ], [ -111.715648, 44.543369 ], [ -111.737536, 44.543068 ], [ -111.749914, 44.53958 ], [ -111.758943, 44.533234 ], [ -111.762724, 44.5258 ], [ -111.77151, 44.530868 ], [ -111.779796, 44.523843 ], [ -111.801119, 44.525985 ], [ -111.80816, 44.519748 ], [ -111.806082, 44.516121 ], [ -111.809388, 44.512889 ], [ -111.807971, 44.510161 ], [ -111.82153, 44.508941 ], [ -111.831249, 44.517327 ], [ -111.829936, 44.519986 ], [ -111.842295, 44.526173 ], [ -111.856907, 44.549092 ], [ -111.863914, 44.55146 ], [ -111.869319, 44.566621 ], [ -111.870704, 44.563258 ], [ -111.879459, 44.560409 ], [ -111.892303, 44.563952 ], [ -111.895178, 44.559401 ], [ -111.902934, 44.556673 ], [ -111.947782, 44.557013 ], [ -111.95168, 44.549454 ], [ -111.961155, 44.54917 ], [ -111.962422, 44.544478 ], [ -111.967303, 44.544943 ], [ -111.971542, 44.537646 ], [ -111.977724, 44.535744 ], [ -111.992039, 44.537529 ], [ -111.995516, 44.535013 ], [ -112.011473, 44.543451 ], [ -112.0167, 44.542018 ], [ -112.032707, 44.546642 ], [ -112.035069, 44.54198 ], [ -112.032799, 44.528403 ], [ -112.037857, 44.532685 ], [ -112.069068, 44.537151 ], [ -112.093093, 44.530017 ], [ -112.096484, 44.522992 ], [ -112.1064, 44.520569 ], [ -112.109521, 44.52423 ], [ -112.127046, 44.52889 ], [ -112.129162, 44.53616 ], [ -112.136672, 44.53986 ], [ -112.148886, 44.536756 ], [ -112.164648, 44.541533 ], [ -112.183657, 44.532953 ], [ -112.222333, 44.543943 ], [ -112.22963, 44.549519 ], [ -112.227073, 44.554678 ], [ -112.231066, 44.558993 ], [ -112.229225, 44.564089 ], [ -112.251139, 44.56772 ], [ -112.256701, 44.571678 ], [ -112.267805, 44.565461 ], [ -112.286568, 44.568559 ], [ -112.292691, 44.561656 ], [ -112.304635, 44.559069 ], [ -112.313741, 44.553041 ], [ -112.315008, 44.5419 ], [ -112.319494, 44.538904 ], [ -112.352509, 44.538021 ], [ -112.358823, 44.529411 ], [ -112.356396, 44.505226 ], [ -112.358366, 44.485261 ], [ -112.36449, 44.480305 ], [ -112.366065, 44.46698 ], [ -112.386524, 44.447308 ], [ -112.407236, 44.457465 ], [ -112.416062, 44.453001 ], [ -112.43408, 44.454348 ], [ -112.433539, 44.459834 ], [ -112.441509, 44.466575 ], [ -112.455232, 44.466254 ], [ -112.455536, 44.471141 ], [ -112.46035, 44.475115 ], [ -112.472687, 44.479297 ], [ -112.48365, 44.47435 ], [ -112.48503, 44.470867 ], [ -112.497132, 44.468069 ], [ -112.500642, 44.462766 ], [ -112.51129, 44.466382 ], [ -112.513891, 44.475117 ], [ -112.53584, 44.478383 ], [ -112.541712, 44.483771 ], [ -112.577953, 44.480092 ], [ -112.601955, 44.490705 ], [ -112.625014, 44.483027 ], [ -112.629123, 44.48281 ], [ -112.629873, 44.488805 ], [ -112.63334, 44.491096 ], [ -112.661734, 44.48599 ], [ -112.671972, 44.491367 ], [ -112.684959, 44.492847 ], [ -112.692735, 44.499992 ], [ -112.71793, 44.504273 ], [ -112.734542, 44.499489 ], [ -112.743062, 44.488338 ], [ -112.749759, 44.490134 ], [ -112.772152, 44.483605 ], [ -112.78081, 44.48466 ], [ -112.787831, 44.473733 ], [ -112.798042, 44.466341 ], [ -112.798039, 44.460914 ], [ -112.807706, 44.453122 ], [ -112.813895, 44.453983 ], [ -112.818189, 44.447052 ], [ -112.826962, 44.443127 ], [ -112.826879, 44.432056 ], [ -112.83989, 44.424714 ], [ -112.821793, 44.407165 ], [ -112.819944, 44.400198 ], [ -112.810056, 44.39876 ], [ -112.815097, 44.395098 ], [ -112.812571, 44.392405 ], [ -112.812208, 44.377142 ], [ -112.844565, 44.357969 ], [ -112.853921, 44.359497 ], [ -112.863899, 44.369802 ], [ -112.872925, 44.372134 ], [ -112.87571, 44.377232 ], [ -112.881581, 44.379256 ], [ -112.885564, 44.396263 ], [ -112.883531, 44.400621 ], [ -112.889557, 44.405938 ], [ -112.901873, 44.398861 ], [ -112.914616, 44.402663 ], [ -112.921147, 44.41092 ], [ -112.945416, 44.414632 ], [ -112.950997, 44.41726 ], [ -112.952048, 44.42502 ], [ -112.963048, 44.423255 ], [ -112.971516, 44.427567 ], [ -113.004506, 44.452827 ], [ -113.008788, 44.463997 ], [ -113.006117, 44.47098 ], [ -113.019987, 44.483696 ], [ -113.026824, 44.495512 ], [ -113.015878, 44.505934 ], [ -113.015945, 44.515987 ], [ -113.005518, 44.519845 ], [ -113.00653, 44.525776 ], [ -113.026341, 44.538552 ], [ -113.033293, 44.5375 ], [ -113.045358, 44.544323 ], [ -113.046767, 44.553599 ], [ -113.036827, 44.560362 ], [ -113.037285, 44.564769 ], [ -113.067168, 44.579062 ], [ -113.062266, 44.586236 ], [ -113.088292, 44.599663 ], [ -113.071888, 44.615871 ], [ -113.058149, 44.617988 ], [ -113.053654, 44.621657 ], [ -113.049838, 44.628799 ], [ -113.050722, 44.634542 ], [ -113.065589, 44.649253 ], [ -113.064038, 44.652735 ], [ -113.068003, 44.657671 ], [ -113.069734, 44.668683 ], [ -113.067761, 44.678786 ], [ -113.080943, 44.683051 ], [ -113.079552, 44.687831 ], [ -113.082112, 44.691657 ], [ -113.097833, 44.698868 ], [ -113.101814, 44.707124 ], [ -113.099405, 44.717773 ], [ -113.101618, 44.729465 ], [ -113.116836, 44.732517 ], [ -113.116466, 44.740052 ], [ -113.120261, 44.745951 ], [ -113.134824, 44.752763 ], [ -113.137725, 44.760116 ], [ -113.131348, 44.76491 ], [ -113.131459, 44.772758 ], [ -113.157945, 44.780966 ], [ -113.163688, 44.778819 ], [ -113.179538, 44.787165 ], [ -113.193117, 44.801653 ], [ -113.203604, 44.803982 ], [ -113.209355, 44.809125 ], [ -113.238729, 44.814144 ], [ -113.246894, 44.822973 ], [ -113.279315, 44.812439 ], [ -113.298978, 44.803031 ], [ -113.301506, 44.799031 ], [ -113.341276, 44.784664 ], [ -113.354083, 44.791798 ], [ -113.354689, 44.795437 ], [ -113.3461, 44.800611 ], [ -113.356062, 44.819798 ], [ -113.376563, 44.830483 ], [ -113.377567, 44.835239 ], [ -113.409413, 44.840757 ], [ -113.421952, 44.837599 ], [ -113.42908, 44.854858 ], [ -113.439575, 44.855689 ], [ -113.443666, 44.861756 ], [ -113.455071, 44.865424 ], [ -113.457267, 44.875408 ], [ -113.462556, 44.881858 ], [ -113.4612, 44.886754 ], [ -113.478595, 44.895595 ], [ -113.471787, 44.909837 ], [ -113.490745, 44.922852 ], [ -113.498818, 44.942203 ], [ -113.49465, 44.948515 ], [ -113.486846, 44.946778 ], [ -113.480836, 44.95031 ], [ -113.465837, 44.947609 ], [ -113.461054, 44.952095 ], [ -113.44876, 44.95373 ], [ -113.443939, 44.95938 ], [ -113.449791, 44.970636 ], [ -113.444923, 44.973264 ], [ -113.446861, 44.998276 ], [ -113.437882, 45.007343 ], [ -113.448689, 45.020016 ], [ -113.446291, 45.033892 ], [ -113.455803, 45.039712 ], [ -113.449312, 45.046177 ], [ -113.452044, 45.059174 ], [ -113.460325, 45.064869 ], [ -113.474352, 45.061756 ], [ -113.485531, 45.063624 ], [ -113.489406, 45.076526 ], [ -113.514123, 45.08481 ], [ -113.522187, 45.091388 ], [ -113.506049, 45.107784 ], [ -113.511249, 45.116129 ], [ -113.549663, 45.112879 ], [ -113.554038, 45.11856 ], [ -113.569884, 45.123851 ], [ -113.576725, 45.131237 ], [ -113.567043, 45.14312 ], [ -113.565694, 45.149602 ], [ -113.579956, 45.148354 ], [ -113.583221, 45.153575 ], [ -113.590707, 45.155886 ], [ -113.594241, 45.166059 ], [ -113.589449, 45.177301 ], [ -113.592133, 45.184779 ], [ -113.597231, 45.186475 ], [ -113.599685, 45.192161 ], [ -113.60433, 45.192085 ], [ -113.636352, 45.211847 ], [ -113.636915, 45.216761 ], [ -113.647288, 45.225642 ], [ -113.649132, 45.233999 ], [ -113.655425, 45.240006 ], [ -113.666873, 45.246977 ], [ -113.679611, 45.249746 ], [ -113.691887, 45.262503 ], [ -113.691908, 45.272356 ], [ -113.680321, 45.27444 ], [ -113.680279, 45.278886 ], [ -113.70057, 45.292518 ], [ -113.703753, 45.299178 ], [ -113.710035, 45.301015 ], [ -113.718582, 45.316805 ], [ -113.728575, 45.319908 ], [ -113.738661, 45.329409 ], [ -113.740342, 45.345439 ], [ -113.72903, 45.356086 ], [ -113.738879, 45.36813 ], [ -113.73292, 45.373141 ], [ -113.733475, 45.390811 ], [ -113.749192, 45.4029 ], [ -113.776043, 45.408477 ], [ -113.77716, 45.416563 ], [ -113.759733, 45.42711 ], [ -113.776034, 45.433746 ], [ -113.774427, 45.44651 ], [ -113.784264, 45.454886 ], [ -113.774641, 45.46301 ], [ -113.776222, 45.470905 ], [ -113.759914, 45.4804 ], [ -113.764786, 45.49921 ], [ -113.772843, 45.513307 ], [ -113.766022, 45.520621 ], [ -113.796856, 45.523408 ], [ -113.809659, 45.519795 ], [ -113.820168, 45.5231 ], [ -113.834778, 45.520657 ], [ -113.82743, 45.533284 ], [ -113.829065, 45.538156 ], [ -113.817408, 45.557033 ], [ -113.821469, 45.565948 ], [ -113.806929, 45.57819 ], [ -113.796746, 45.581573 ], [ -113.806431, 45.60163 ], [ -113.824096, 45.612803 ], [ -113.83888, 45.610691 ], [ -113.848639, 45.620109 ], [ -113.861589, 45.62382 ], [ -113.885963, 45.617382 ], [ -113.904691, 45.622007 ], [ -113.899429, 45.628504 ], [ -113.902392, 45.637547 ], [ -113.895278, 45.643847 ], [ -113.903375, 45.651128 ], [ -113.919856, 45.658117 ], [ -113.920618, 45.664065 ], [ -113.931425, 45.673036 ], [ -113.93526, 45.694341 ], [ -113.964816, 45.690019 ], [ -113.969187, 45.692728 ], [ -113.970767, 45.702929 ], [ -113.980008, 45.70237 ], [ -113.988526, 45.705977 ], [ -113.993904, 45.703381 ], [ -113.996841, 45.696858 ], [ -114.008279, 45.693831 ], [ -114.015482, 45.695901 ], [ -114.019168, 45.692631 ], [ -114.014366, 45.683769 ], [ -114.02831, 45.675237 ], [ -114.015659, 45.66425 ], [ -114.01527, 45.652766 ], [ -114.019069, 45.648403 ], [ -114.034556, 45.647616 ], [ -114.051838, 45.632705 ], [ -114.066738, 45.628166 ], [ -114.073561, 45.615082 ], [ -114.081858, 45.610568 ], [ -114.082263, 45.596699 ], [ -114.086102, 45.591464 ], [ -114.100504, 45.586204 ], [ -114.121262, 45.584592 ], [ -114.130694, 45.575833 ], [ -114.132125, 45.572095 ], [ -114.128987, 45.565385 ], [ -114.135821, 45.557098 ], [ -114.150244, 45.557831 ], [ -114.154212, 45.552618 ], [ -114.180273, 45.551238 ], [ -114.193608, 45.536372 ], [ -114.205262, 45.535923 ], [ -114.227873, 45.546129 ], [ -114.24845, 45.545813 ], [ -114.25159, 45.537504 ], [ -114.24721, 45.524719 ], [ -114.258502, 45.511233 ], [ -114.261475, 45.494931 ], [ -114.270022, 45.490868 ], [ -114.269892, 45.484552 ], [ -114.279996, 45.479875 ], [ -114.29506, 45.479373 ], [ -114.303786, 45.471563 ], [ -114.324358, 45.46589 ], [ -114.330047, 45.459722 ], [ -114.345662, 45.460657 ], [ -114.351624, 45.471036 ], [ -114.361098, 45.474409 ], [ -114.360289, 45.478229 ], [ -114.367201, 45.491854 ], [ -114.38887, 45.503003 ], [ -114.425707, 45.510719 ], [ -114.430574, 45.52951 ], [ -114.437123, 45.530811 ], [ -114.439942, 45.536983 ], [ -114.448802, 45.53888 ], [ -114.450525, 45.542346 ], [ -114.463912, 45.545029 ], [ -114.462763, 45.55395 ], [ -114.456077, 45.56224 ], [ -114.465732, 45.560507 ], [ -114.471946, 45.565223 ], [ -114.49808, 45.555461 ], [ -114.516342, 45.567995 ], [ -114.52726, 45.570855 ], [ -114.552638, 45.55702 ], [ -114.564936, 45.55771 ], [ -114.565491, 45.562601 ], [ -114.558522, 45.566049 ], [ -114.552956, 45.576603 ], [ -114.558498, 45.584463 ], [ -114.547644, 45.599679 ], [ -114.537944, 45.606592 ], [ -114.544688, 45.616976 ], [ -114.554599, 45.619882 ], [ -114.56323, 45.631669 ], [ -114.563987, 45.637621 ], [ -114.551713, 45.642411 ], [ -114.541674, 45.641399 ], [ -114.539495, 45.650567 ], [ -114.52888, 45.65243 ], [ -114.521928, 45.649463 ], [ -114.507646, 45.657535 ], [ -114.499533, 45.668785 ], [ -114.502281, 45.673939 ], [ -114.49903, 45.678874 ], [ -114.501189, 45.682436 ], [ -114.515086, 45.684911 ], [ -114.501386, 45.693706 ], [ -114.495148, 45.70397 ], [ -114.504182, 45.721814 ], [ -114.515367, 45.727454 ], [ -114.526654, 45.727634 ], [ -114.535634, 45.739095 ], [ -114.54785, 45.743264 ], [ -114.544511, 45.759178 ], [ -114.558283, 45.764781 ], [ -114.566465, 45.77331 ], [ -114.555619, 45.78654 ], [ -114.544091, 45.790361 ], [ -114.544967, 45.797898 ], [ -114.531029, 45.809868 ], [ -114.531018, 45.818898 ], [ -114.511483, 45.829436 ], [ -114.517379, 45.834947 ], [ -114.509644, 45.845357 ], [ -114.5036, 45.846003 ], [ -114.498995, 45.850692 ], [ -114.487097, 45.851671 ], [ -114.474891, 45.846585 ], [ -114.470325, 45.851465 ], [ -114.437715, 45.862608 ], [ -114.409654, 45.851573 ], [ -114.405917, 45.8704 ], [ -114.396057, 45.871228 ], [ -114.387868, 45.883926 ], [ -114.387603, 45.890162 ], [ -114.39371, 45.892969 ], [ -114.395143, 45.901433 ], [ -114.404095, 45.90347 ], [ -114.413563, 45.911631 ], [ -114.414864, 45.922133 ], [ -114.431396, 45.93604 ], [ -114.424902, 45.943981 ], [ -114.402524, 45.957944 ], [ -114.401428, 45.963544 ], [ -114.410774, 45.973 ], [ -114.411755, 45.97787 ], [ -114.428849, 45.986559 ], [ -114.4485, 45.987603 ], [ -114.457826, 45.997478 ], [ -114.479992, 45.992902 ], [ -114.487783, 46.003646 ], [ -114.484932, 46.008248 ], [ -114.47307, 46.01415 ], [ -114.480347, 46.030349 ], [ -114.497234, 46.027886 ], [ -114.507504, 46.031464 ], [ -114.506648, 46.038519 ], [ -114.497511, 46.042351 ], [ -114.493349, 46.05258 ], [ -114.479139, 46.055722 ], [ -114.468286, 46.06279 ], [ -114.466988, 46.065781 ], [ -114.472122, 46.069208 ], [ -114.472352, 46.076806 ], [ -114.462011, 46.07858 ], [ -114.460475, 46.09779 ], [ -114.470882, 46.105614 ], [ -114.474454, 46.113108 ], [ -114.488456, 46.112986 ], [ -114.520996, 46.125112 ], [ -114.517696, 46.135585 ], [ -114.521382, 46.13645 ], [ -114.527359, 46.145411 ], [ -114.514368, 46.153972 ], [ -114.514858, 46.16768 ], [ -114.507484, 46.164635 ], [ -114.489206, 46.167659 ], [ -114.475953, 46.160606 ], [ -114.457702, 46.170191 ], [ -114.444091, 46.169273 ], [ -114.443304, 46.203049 ], [ -114.451829, 46.214849 ], [ -114.445635, 46.219748 ], [ -114.447985, 46.231565 ], [ -114.45209, 46.241291 ], [ -114.468267, 46.248663 ], [ -114.464832, 46.252242 ], [ -114.47072, 46.266041 ], [ -114.464921, 46.273219 ], [ -114.453657, 46.270947 ], [ -114.441117, 46.273865 ], [ -114.432733, 46.278598 ], [ -114.425441, 46.287856 ], [ -114.433434, 46.305549 ], [ -114.422514, 46.324052 ], [ -114.42193, 46.330087 ], [ -114.414022, 46.335564 ], [ -114.41025, 46.361054 ], [ -114.422447, 46.387046 ], [ -114.410039, 46.396394 ], [ -114.40855, 46.400696 ], [ -114.401337, 46.40158 ], [ -114.393495, 46.409216 ], [ -114.384843, 46.411359 ], [ -114.382961, 46.432172 ], [ -114.368414, 46.437115 ], [ -114.37234, 46.44281 ], [ -114.3844, 46.447012 ], [ -114.379431, 46.46029 ], [ -114.383136, 46.466258 ], [ -114.394655, 46.469426 ], [ -114.400672, 46.477813 ], [ -114.403184, 46.498811 ], [ -114.399919, 46.502193 ], [ -114.383997, 46.505073 ], [ -114.375594, 46.501754 ], [ -114.35834, 46.505212 ], [ -114.348337, 46.510334 ], [ -114.342641, 46.518431 ], [ -114.349227, 46.529944 ], [ -114.343896, 46.54151 ], [ -114.347888, 46.551471 ], [ -114.329639, 46.576199 ], [ -114.344197, 46.589969 ], [ -114.332552, 46.596732 ], [ -114.329946, 46.604213 ], [ -114.322532, 46.610889 ], [ -114.328061, 46.619755 ], [ -114.322149, 46.625848 ], [ -114.321623, 46.648956 ], [ -114.333125, 46.660939 ], [ -114.353, 46.663557 ], [ -114.358224, 46.671138 ], [ -114.378055, 46.667131 ], [ -114.383724, 46.662458 ], [ -114.39452, 46.664917 ], [ -114.403856, 46.659487 ], [ -114.409577, 46.662244 ], [ -114.412116, 46.656825 ], [ -114.424596, 46.66066 ], [ -114.453477, 46.649209 ], [ -114.452639, 46.641561 ], [ -114.466834, 46.631801 ], [ -114.487521, 46.633163 ], [ -114.501055, 46.641354 ], [ -114.523847, 46.640588 ], [ -114.541822, 46.649992 ], [ -114.547033, 46.64468 ], [ -114.563182, 46.640823 ], [ -114.570565, 46.643299 ], [ -114.582867, 46.633367 ], [ -114.605732, 46.6359 ], [ -114.614975, 46.639975 ], [ -114.616271, 46.643733 ], [ -114.611656, 46.647453 ], [ -114.614564, 46.655075 ], [ -114.635779, 46.659476 ], [ -114.639892, 46.665614 ], [ -114.63314, 46.671818 ], [ -114.642563, 46.672912 ], [ -114.641443, 46.679492 ], [ -114.623543, 46.690933 ], [ -114.620787, 46.707262 ], [ -114.639272, 46.721786 ], [ -114.644627, 46.722832 ], [ -114.648413, 46.732315 ], [ -114.665376, 46.739234 ], [ -114.688619, 46.736454 ], [ -114.698594, 46.740451 ], [ -114.700037, 46.733668 ], [ -114.708942, 46.726872 ], [ -114.7078, 46.723892 ], [ -114.713044, 46.715426 ], [ -114.739773, 46.711941 ], [ -114.74848, 46.698555 ], [ -114.766786, 46.696902 ], [ -114.769515, 46.699909 ], [ -114.768548, 46.704763 ], [ -114.781865, 46.706833 ], [ -114.78843, 46.71277 ], [ -114.782081, 46.719499 ], [ -114.782755, 46.72635 ], [ -114.769959, 46.735042 ], [ -114.765239, 46.745391 ], [ -114.768284, 46.748152 ], [ -114.76509, 46.75815 ], [ -114.773535, 46.762087 ], [ -114.774306, 46.765806 ], [ -114.783634, 46.768666 ], [ -114.7875, 46.782776 ], [ -114.78955, 46.779114 ], [ -114.798748, 46.775832 ], [ -114.808387, 46.782369 ], [ -114.829104, 46.782626 ], [ -114.836649, 46.792489 ], [ -114.856906, 46.801647 ], [ -114.861142, 46.811638 ], [ -114.865779, 46.814529 ], [ -114.886946, 46.809545 ], [ -114.890731, 46.802958 ], [ -114.895189, 46.80163 ], [ -114.898571, 46.808954 ], [ -114.894804, 46.817317 ], [ -114.898448, 46.822354 ], [ -114.920731, 46.827083 ], [ -114.928739, 46.83521 ], [ -114.928666, 46.843635 ], [ -114.92399, 46.848154 ], [ -114.928683, 46.854767 ], [ -114.948261, 46.860009 ], [ -114.944571, 46.867858 ], [ -114.931421, 46.876998 ], [ -114.936741, 46.897279 ], [ -114.929333, 46.909889 ], [ -114.921828, 46.912703 ], [ -114.925143, 46.918681 ], [ -114.935657, 46.919841 ], [ -114.960597, 46.93001 ], [ -114.958793, 46.933626 ], [ -114.964543, 46.938076 ], [ -114.971062, 46.938986 ], [ -114.98612, 46.949736 ], [ -114.985686, 46.953941 ], [ -115.00091, 46.967703 ], [ -115.001274, 46.971901 ], [ -115.028599, 46.975675 ], [ -115.031356, 46.971724 ], [ -115.048789, 46.970036 ], [ -115.051956, 46.974903 ], [ -115.049944, 46.981057 ], [ -115.067775, 46.995212 ], [ -115.065137, 47.000165 ], [ -115.07277, 47.012906 ], [ -115.069417, 47.015007 ], [ -115.071679, 47.026361 ], [ -115.079799, 47.02824 ], [ -115.081856, 47.038186 ], [ -115.088363, 47.041121 ], [ -115.087426, 47.045716 ], [ -115.105791, 47.048413 ], [ -115.122483, 47.065887 ], [ -115.131134, 47.068956 ], [ -115.139619, 47.080019 ], [ -115.142672, 47.091466 ], [ -115.140162, 47.096613 ], [ -115.14413, 47.101911 ], [ -115.160126, 47.102099 ], [ -115.171652, 47.106782 ], [ -115.179296, 47.120375 ], [ -115.186263, 47.124368 ], [ -115.185987, 47.129402 ], [ -115.19904, 47.139887 ], [ -115.21253, 47.141998 ], [ -115.221893, 47.148995 ], [ -115.244619, 47.151312 ], [ -115.255462, 47.163692 ], [ -115.256196, 47.174977 ], [ -115.261822, 47.181431 ], [ -115.286849, 47.183485 ], [ -115.300577, 47.188334 ], [ -115.2991, 47.198835 ], [ -115.291529, 47.210854 ], [ -115.298784, 47.225504 ], [ -115.315818, 47.232804 ], [ -115.324369, 47.244724 ], [ -115.318382, 47.251892 ], [ -115.319786, 47.256684 ], [ -115.340441, 47.26287 ], [ -115.359219, 47.259643 ], [ -115.384666, 47.267803 ], [ -115.411585, 47.264369 ], [ -115.421388, 47.27201 ], [ -115.420474, 47.277474 ], [ -115.425967, 47.280278 ], [ -115.455908, 47.277618 ], [ -115.457726, 47.2824 ], [ -115.465818, 47.287477 ], [ -115.482264, 47.281444 ], [ -115.490838, 47.289482 ], [ -115.528509, 47.299244 ], [ -115.527903, 47.309021 ], [ -115.540876, 47.324589 ], [ -115.538835, 47.329059 ], [ -115.550473, 47.334263 ], [ -115.550763, 47.349686 ], [ -115.556845, 47.353927 ], [ -115.564152, 47.352243 ], [ -115.575127, 47.355903 ], [ -115.57833, 47.360737 ], [ -115.577639, 47.367404 ], [ -115.59578, 47.371719 ], [ -115.601915, 47.377489 ], [ -115.617247, 47.38252 ], [ -115.643411, 47.37734 ], [ -115.648413, 47.382432 ], [ -115.646294, 47.387769 ], [ -115.655596, 47.394205 ], [ -115.657491, 47.400455 ], [ -115.663361, 47.402882 ], [ -115.677563, 47.401786 ], [ -115.675245, 47.409393 ], [ -115.692044, 47.415342 ], [ -115.712261, 47.415442 ], [ -115.720834, 47.421076 ], [ -115.721112, 47.425698 ], [ -115.758914, 47.4234 ], [ -115.747439, 47.442042 ], [ -115.731075, 47.444863 ], [ -115.716094, 47.45288 ], [ -115.702113, 47.452501 ], [ -115.691209, 47.457206 ], [ -115.675618, 47.453217 ], [ -115.646461, 47.45683 ], [ -115.63759, 47.462822 ], [ -115.629488, 47.47961 ], [ -115.634603, 47.481616 ], [ -115.661025, 47.477848 ], [ -115.667918, 47.48882 ], [ -115.686264, 47.48494 ], [ -115.690026, 47.500762 ], [ -115.698633, 47.502273 ], [ -115.711398, 47.516771 ], [ -115.711124, 47.523419 ], [ -115.6954, 47.527713 ], [ -115.698314, 47.531375 ], [ -115.706437, 47.535006 ], [ -115.711368, 47.532371 ], [ -115.725118, 47.534119 ], [ -115.736436, 47.539793 ], [ -115.742327, 47.538325 ], [ -115.751793, 47.541987 ], [ -115.75562, 47.547933 ], [ -115.754514, 47.552454 ], [ -115.740953, 47.563447 ], [ -115.723746, 47.570596 ], [ -115.721195, 47.576254 ], [ -115.706036, 47.577626 ], [ -115.704782, 47.585043 ], [ -115.687758, 47.5953 ], [ -115.698443, 47.606579 ], [ -115.698746, 47.611975 ], [ -115.691899, 47.61723 ], [ -115.694444, 47.623761 ], [ -115.707672, 47.634715 ], [ -115.729864, 47.64192 ], [ -115.736508, 47.653811 ], [ -115.731403, 47.661689 ], [ -115.732173, 47.66821 ], [ -115.726589, 47.672864 ], [ -115.728282, 47.681708 ], [ -115.722648, 47.695118 ], [ -115.731354, 47.704942 ], [ -115.753026, 47.71695 ], [ -115.759475, 47.719209 ], [ -115.773442, 47.717568 ], [ -115.777151, 47.720376 ], [ -115.784258, 47.729963 ], [ -115.781002, 47.743184 ], [ -115.797498, 47.757334 ], [ -115.804609, 47.758142 ], [ -115.824993, 47.752373 ], [ -115.83091, 47.755036 ], [ -115.835424, 47.761482 ], [ -115.837438, 47.774846 ], [ -115.847353, 47.785094 ], [ -115.845796, 47.794058 ], [ -115.848771, 47.810091 ], [ -115.845066, 47.814999 ], [ -115.852312, 47.827857 ], [ -115.870741, 47.834962 ], [ -115.881496, 47.849612 ], [ -115.901401, 47.843097 ], [ -115.906821, 47.846383 ], [ -115.909317, 47.852631 ], [ -115.918885, 47.85362 ], [ -115.925234, 47.866853 ], [ -115.935481, 47.874153 ], [ -115.938009, 47.881093 ], [ -115.954086, 47.89452 ], [ -115.968389, 47.89925 ], [ -115.966869, 47.912598 ], [ -115.982444, 47.915637 ], [ -115.984651, 47.922559 ], [ -115.993375, 47.925977 ], [ -115.998128, 47.938477 ], [ -116.006659, 47.943341 ], [ -116.007484, 47.950783 ], [ -116.018771, 47.962895 ], [ -116.030387, 47.972619 ], [ -116.038505, 47.971345 ], [ -116.049108, 47.976842 ], [ -116.049086, 49.000846 ], [ -111.575693, 48.996676 ], [ -109.420623, 49.00043 ] ] ] } },
{ "type": "Feature", "properties": { "STUSPS": "KS", "NAME": "Kansas", "region_name": "Midwest", "division_name": "West North Central" }, "geometry": { "type": "Polygon", "coordinates": [ [ [ -94.617645, 37.761243 ], [ -94.617964, 36.998905 ], [ -98.300465, 36.997684 ], [ -100.107891, 37.002312 ], [ -102.042089, 36.993016 ], [ -102.041626, 37.696699 ], [ -102.051744, 40.003078 ], [ -95.30829, 39.999998 ], [ -95.307661, 39.99069 ], [ -95.30234, 39.984555 ], [ -95.269886, 39.969396 ], [ -95.250254, 39.948644 ], [ -95.236761, 39.943931 ], [ -95.21644, 39.943953 ], [ -95.205266, 39.93975 ], [ -95.200382, 39.931031 ], [ -95.206063, 39.912061 ], [ -95.20175, 39.904377 ], [ -95.181222, 39.899996 ], [ -95.159834, 39.906984 ], [ -95.149657, 39.905948 ], [ -95.142838, 39.900402 ], [ -95.143254, 39.887775 ], [ -95.137092, 39.878351 ], [ -95.090158, 39.86314 ], [ -95.075046, 39.861562 ], [ -95.035246, 39.865921 ], [ -95.026747, 39.872273 ], [ -95.024389, 39.891202 ], [ -95.013125, 39.900192 ], [ -94.987059, 39.89632 ], [ -94.95154, 39.900533 ], [ -94.934907, 39.893784 ], [ -94.927359, 39.883966 ], [ -94.928466, 39.876344 ], [ -94.942378, 39.862254 ], [ -94.939854, 39.852044 ], [ -94.916766, 39.835807 ], [ -94.886504, 39.833336 ], [ -94.87666, 39.822522 ], [ -94.876344, 39.806894 ], [ -94.882289, 39.795804 ], [ -94.892052, 39.791083 ], [ -94.92823, 39.788938 ], [ -94.934997, 39.783692 ], [ -94.934573, 39.772961 ], [ -94.910949, 39.759178 ], [ -94.898263, 39.761622 ], [ -94.882161, 39.771043 ], [ -94.869655, 39.772899 ], [ -94.860639, 39.762983 ], [ -94.859035, 39.754116 ], [ -94.862735, 39.742195 ], [ -94.875634, 39.730492 ], [ -94.899316, 39.724042 ], [ -94.918342, 39.728797 ], [ -94.947541, 39.745337 ], [ -94.955286, 39.745689 ], [ -94.963958, 39.740361 ], [ -94.971206, 39.729305 ], [ -94.968453, 39.707402 ], [ -94.970677, 39.687239 ], [ -94.981565, 39.678636 ], [ -95.01531, 39.674262 ], [ -95.027644, 39.665454 ], [ -95.054267, 39.627745 ], [ -95.054236, 39.617291 ], [ -95.046445, 39.601606 ], [ -95.05059, 39.587563 ], [ -95.056897, 39.580567 ], [ -95.067095, 39.576502 ], [ -95.09215, 39.581116 ], [ -95.104948, 39.576604 ], [ -95.113489, 39.556832 ], [ -95.109304, 39.542285 ], [ -95.101302, 39.531668 ], [ -95.082714, 39.516712 ], [ -95.054459, 39.502653 ], [ -95.050552, 39.497514 ], [ -95.047671, 39.477536 ], [ -95.0375, 39.463689 ], [ -95.015763, 39.453099 ], [ -94.990172, 39.446192 ], [ -94.982144, 39.440552 ], [ -94.972952, 39.421705 ], [ -94.947864, 39.408604 ], [ -94.946227, 39.395648 ], [ -94.942039, 39.389499 ], [ -94.922994, 39.384883 ], [ -94.900132, 39.393333 ], [ -94.885026, 39.389801 ], [ -94.879281, 39.37978 ], [ -94.88136, 39.370383 ], [ -94.887145, 39.365431 ], [ -94.902497, 39.360383 ], [ -94.910017, 39.352543 ], [ -94.906126, 39.314721 ], [ -94.898516, 39.29845 ], [ -94.884093, 39.284512 ], [ -94.84632, 39.268481 ], [ -94.830553, 39.255135 ], [ -94.825663, 39.241729 ], [ -94.834896, 39.223842 ], [ -94.831679, 39.215938 ], [ -94.811543, 39.206906 ], [ -94.782951, 39.207162 ], [ -94.776398, 39.20181 ], [ -94.762858, 39.179991 ], [ -94.740777, 39.169987 ], [ -94.714137, 39.170403 ], [ -94.688788, 39.183228 ], [ -94.67824, 39.184169 ], [ -94.661577, 39.177359 ], [ -94.659162, 39.174126 ], [ -94.661397, 39.162742 ], [ -94.655787, 39.15568 ], [ -94.635552, 39.154082 ], [ -94.608657, 39.161044 ], [ -94.593846, 39.156828 ], [ -94.588413, 39.149869 ], [ -94.590288, 39.138121 ], [ -94.608519, 39.116244 ], [ -94.607625, 38.82756 ], [ -94.613356, 38.457967 ], [ -94.612474, 38.22104 ], [ -94.617645, 37.761243 ] ] ] } },
{ "type": "Feature", "properties": { "STUSPS": "IN", "NAME": "Indiana", "region_name": "Midwest", "division_name": "East North Central" }, "geometry": { "type": "Polygon", "coordinates": [ [ [ -86.31883, 38.173792 ], [ -86.347401, 38.195112 ], [ -86.359772, 38.19884 ], [ -86.373033, 38.194241 ], [ -86.378471, 38.181599 ], [ -86.377061, 38.17055 ], [ -86.37119, 38.163789 ], [ -86.331406, 38.156221 ], [ -86.322892, 38.15119 ], [ -86.321133, 38.146586 ], [ -86.323889, 38.138312 ], [ -86.332817, 38.129566 ], [ -86.380613, 38.129078 ], [ -86.389316, 38.122292 ], [ -86.396463, 38.106891 ], [ -86.401879, 38.104329 ], [ -86.432738, 38.126429 ], [ -86.451415, 38.126766 ], [ -86.46468, 38.117375 ], [ -86.466464, 38.109164 ], [ -86.462816, 38.099431 ], [ -86.434011, 38.086413 ], [ -86.430575, 38.075283 ], [ -86.436093, 38.062911 ], [ -86.453903, 38.050081 ], [ -86.470018, 38.046335 ], [ -86.50882, 38.045046 ], [ -86.521712, 38.039617 ], [ -86.525171, 38.028491 ], [ -86.524937, 37.966495 ], [ -86.520176, 37.953828 ], [ -86.509318, 37.942297 ], [ -86.507341, 37.929505 ], [ -86.533836, 37.917151 ], [ -86.579416, 37.923175 ], [ -86.588687, 37.92109 ], [ -86.597226, 37.912922 ], [ -86.600126, 37.905171 ], [ -86.598194, 37.867163 ], [ -86.608655, 37.855703 ], [ -86.638279, 37.84269 ], [ -86.655233, 37.842481 ], [ -86.662241, 37.85285 ], [ -86.660653, 37.864247 ], [ -86.644257, 37.896517 ], [ -86.647853, 37.909387 ], [ -86.680788, 37.915035 ], [ -86.717436, 37.893504 ], [ -86.732545, 37.894768 ], [ -86.751121, 37.913356 ], [ -86.777839, 37.951688 ], [ -86.794965, 37.989213 ], [ -86.819689, 37.999422 ], [ -86.860914, 37.984368 ], [ -86.901983, 37.946448 ], [ -86.918922, 37.936837 ], [ -86.97618, 37.931112 ], [ -87.009975, 37.919893 ], [ -87.034166, 37.906265 ], [ -87.045878, 37.892646 ], [ -87.04324, 37.868368 ], [ -87.065414, 37.807614 ], [ -87.071533, 37.799818 ], [ -87.089279, 37.787862 ], [ -87.108333, 37.782729 ], [ -87.129363, 37.785991 ], [ -87.141115, 37.815518 ], [ -87.161704, 37.839764 ], [ -87.22026, 37.848971 ], [ -87.2555, 37.867802 ], [ -87.297613, 37.895595 ], [ -87.319982, 37.905672 ], [ -87.344362, 37.910986 ], [ -87.363173, 37.921968 ], [ -87.371688, 37.931189 ], [ -87.386179, 37.937804 ], [ -87.414134, 37.944772 ], [ -87.449131, 37.941854 ], [ -87.497631, 37.910699 ], [ -87.510567, 37.906081 ], [ -87.560896, 37.932113 ], [ -87.573567, 37.951722 ], [ -87.577511, 37.951661 ], [ -87.574513, 37.958296 ], [ -87.57552, 37.966996 ], [ -87.587408, 37.975276 ], [ -87.601391, 37.971306 ], [ -87.605813, 37.949611 ], [ -87.622349, 37.936302 ], [ -87.617404, 37.93827 ], [ -87.627118, 37.925706 ], [ -87.627317, 37.920402 ], [ -87.620366, 37.907365 ], [ -87.592943, 37.889837 ], [ -87.583737, 37.87808 ], [ -87.590267, 37.85859 ], [ -87.597532, 37.848047 ], [ -87.617259, 37.831184 ], [ -87.653099, 37.826038 ], [ -87.670344, 37.827962 ], [ -87.67772, 37.834157 ], [ -87.682098, 37.846783 ], [ -87.681684, 37.856273 ], [ -87.664033, 37.887477 ], [ -87.66684, 37.895763 ], [ -87.675011, 37.901643 ], [ -87.684414, 37.903665 ], [ -87.718208, 37.892601 ], [ -87.737351, 37.894732 ], [ -87.759239, 37.891662 ], [ -87.791429, 37.875661 ], [ -87.829773, 37.876425 ], [ -87.839668, 37.88078 ], [ -87.846443, 37.887992 ], [ -87.846489, 37.893534 ], [ -87.856787, 37.900193 ], [ -87.863785, 37.912397 ], [ -87.875025, 37.922864 ], [ -87.894383, 37.928059 ], [ -87.908586, 37.921691 ], [ -87.94006, 37.887599 ], [ -87.937986, 37.870287 ], [ -87.909967, 37.843028 ], [ -87.903647, 37.816785 ], [ -87.907375, 37.807129 ], [ -87.934496, 37.796079 ], [ -87.946213, 37.77342 ], [ -87.959495, 37.772957 ], [ -87.972851, 37.785371 ], [ -88.004715, 37.800104 ], [ -88.016289, 37.801971 ], [ -88.02802, 37.799197 ], [ -88.028686, 37.80479 ], [ -88.035456, 37.80952 ], [ -88.045753, 37.808129 ], [ -88.059662, 37.801196 ], [ -88.068922, 37.800983 ], [ -88.077029, 37.804993 ], [ -88.091235, 37.819151 ], [ -88.090092, 37.825642 ], [ -88.081932, 37.830682 ], [ -88.061012, 37.823015 ], [ -88.043831, 37.821525 ], [ -88.031533, 37.825092 ], [ -88.025921, 37.832694 ], [ -88.031419, 37.841203 ], [ -88.053481, 37.846316 ], [ -88.065036, 37.853172 ], [ -88.078529, 37.879118 ], [ -88.093521, 37.891952 ], [ -88.097892, 37.901517 ], [ -88.095662, 37.905808 ], [ -88.086237, 37.905713 ], [ -88.071449, 37.895813 ], [ -88.055373, 37.891238 ], [ -88.031277, 37.892966 ], [ -88.021117, 37.888057 ], [ -88.013451, 37.893951 ], [ -88.022513, 37.914756 ], [ -88.059209, 37.917189 ], [ -88.069468, 37.925704 ], [ -88.067561, 37.930214 ], [ -88.057127, 37.934151 ], [ -88.044989, 37.925099 ], [ -88.034065, 37.926159 ], [ -88.03034, 37.931045 ], [ -88.036125, 37.942745 ], [ -88.036793, 37.956793 ], [ -88.020868, 37.959351 ], [ -88.012929, 37.966544 ], [ -88.012574, 37.977062 ], [ -88.025831, 38.007245 ], [ -88.021031, 38.019345 ], [ -88.008631, 38.027545 ], [ -88.007931, 38.030845 ], [ -88.017631, 38.034745 ], [ -88.034132, 38.032045 ], [ -88.041532, 38.037345 ], [ -88.042132, 38.046345 ], [ -88.030032, 38.052145 ], [ -88.00133, 38.051545 ], [ -87.978735, 38.059815 ], [ -87.967226, 38.067105 ], [ -87.956664, 38.086202 ], [ -87.960677, 38.100191 ], [ -88.002635, 38.08449 ], [ -88.01139, 38.084691 ], [ -88.016806, 38.095717 ], [ -88.015114, 38.101411 ], [ -87.998224, 38.108557 ], [ -87.983068, 38.107139 ], [ -87.976058, 38.109562 ], [ -87.972998, 38.125046 ], [ -87.966393, 38.132506 ], [ -87.954858, 38.132622 ], [ -87.945472, 38.126616 ], [ -87.935135, 38.139428 ], [ -87.925811, 38.143633 ], [ -87.927899, 38.151646 ], [ -87.910924, 38.162557 ], [ -87.913088, 38.17153 ], [ -87.92172, 38.17381 ], [ -87.92523, 38.170634 ], [ -87.925963, 38.159342 ], [ -87.934299, 38.156459 ], [ -87.937162, 38.172189 ], [ -87.9595, 38.184376 ], [ -87.977494, 38.199783 ], [ -87.983973, 38.209107 ], [ -87.985627, 38.217993 ], [ -87.979789, 38.241661 ], [ -87.988078, 38.256717 ], [ -87.981868, 38.256444 ], [ -87.972259, 38.247039 ], [ -87.968968, 38.237389 ], [ -87.960225, 38.237118 ], [ -87.95761, 38.250046 ], [ -87.94303, 38.25779 ], [ -87.942067, 38.260301 ], [ -87.950651, 38.266819 ], [ -87.952125, 38.273763 ], [ -87.940285, 38.281064 ], [ -87.934844, 38.295145 ], [ -87.921423, 38.299343 ], [ -87.909536, 38.296061 ], [ -87.908529, 38.290957 ], [ -87.91947, 38.274547 ], [ -87.917092, 38.269701 ], [ -87.91012, 38.268108 ], [ -87.887849, 38.285299 ], [ -87.879389, 38.306507 ], [ -87.870537, 38.31222 ], [ -87.864271, 38.310703 ], [ -87.860453, 38.305372 ], [ -87.866248, 38.28998 ], [ -87.861774, 38.278637 ], [ -87.85113, 38.27512 ], [ -87.840984, 38.280105 ], [ -87.831523, 38.296727 ], [ -87.832723, 38.324853 ], [ -87.822721, 38.346912 ], [ -87.806075, 38.363143 ], [ -87.779996, 38.370842 ], [ -87.745254, 38.408996 ], [ -87.74104, 38.435576 ], [ -87.730699, 38.442908 ], [ -87.730134, 38.446518 ], [ -87.735729, 38.452986 ], [ -87.755931, 38.455876 ], [ -87.756179, 38.462538 ], [ -87.750028, 38.471427 ], [ -87.740024, 38.479223 ], [ -87.714047, 38.47988 ], [ -87.693188, 38.488038 ], [ -87.682324, 38.494618 ], [ -87.671898, 38.507611 ], [ -87.658178, 38.501669 ], [ -87.646719, 38.507767 ], [ -87.645371, 38.513835 ], [ -87.656144, 38.521668 ], [ -87.670071, 38.545237 ], [ -87.650704, 38.55624 ], [ -87.651107, 38.569026 ], [ -87.638247, 38.576273 ], [ -87.638393, 38.5922 ], [ -87.622897, 38.586198 ], [ -87.61196, 38.589248 ], [ -87.612439, 38.594642 ], [ -87.624143, 38.596955 ], [ -87.627348, 38.60544 ], [ -87.620532, 38.612165 ], [ -87.622375, 38.618873 ], [ -87.615585, 38.625047 ], [ -87.62012, 38.639489 ], [ -87.605817, 38.646518 ], [ -87.60018, 38.662462 ], [ -87.593678, 38.667402 ], [ -87.545538, 38.677613 ], [ -87.531231, 38.684036 ], [ -87.51961, 38.697198 ], [ -87.519519, 38.710455 ], [ -87.506172, 38.733725 ], [ -87.495799, 38.740699 ], [ -87.504046, 38.748507 ], [ -87.496906, 38.766818 ], [ -87.500494, 38.769176 ], [ -87.51033, 38.767181 ], [ -87.514861, 38.770503 ], [ -87.498587, 38.77648 ], [ -87.495509, 38.784626 ], [ -87.527342, 38.818121 ], [ -87.521681, 38.826576 ], [ -87.526695, 38.838578 ], [ -87.526729, 38.850362 ], [ -87.553394, 38.86241 ], [ -87.542642, 38.865281 ], [ -87.547064, 38.875957 ], [ -87.534919, 38.878874 ], [ -87.53828, 38.885799 ], [ -87.544292, 38.888953 ], [ -87.544089, 38.895093 ], [ -87.539122, 38.896119 ], [ -87.535955, 38.886993 ], [ -87.533695, 38.900957 ], [ -87.516831, 38.903697 ], [ -87.527645, 38.907688 ], [ -87.527715, 38.919232 ], [ -87.518826, 38.923205 ], [ -87.516658, 38.93348 ], [ -87.521765, 38.941117 ], [ -87.513598, 38.948795 ], [ -87.512187, 38.954417 ], [ -87.524335, 38.962964 ], [ -87.529496, 38.971925 ], [ -87.578319, 38.988786 ], [ -87.574535, 38.991518 ], [ -87.563966, 38.988802 ], [ -87.560427, 38.992425 ], [ -87.576565, 38.997027 ], [ -87.579117, 39.001607 ], [ -87.569696, 39.019413 ], [ -87.580373, 39.040707 ], [ -87.57229, 39.050587 ], [ -87.572588, 39.057286 ], [ -87.596373, 39.079639 ], [ -87.614171, 39.081784 ], [ -87.620258, 39.086572 ], [ -87.620387, 39.091522 ], [ -87.614309, 39.097778 ], [ -87.615684, 39.103316 ], [ -87.64707, 39.104268 ], [ -87.652796, 39.106839 ], [ -87.655042, 39.110921 ], [ -87.652083, 39.115543 ], [ -87.640761, 39.114372 ], [ -87.635019, 39.122124 ], [ -87.64217, 39.123212 ], [ -87.643145, 39.128562 ], [ -87.658745, 39.135997 ], [ -87.652782, 39.149435 ], [ -87.642175, 39.157097 ], [ -87.633348, 39.153068 ], [ -87.627713, 39.154906 ], [ -87.629377, 39.158023 ], [ -87.641549, 39.160472 ], [ -87.640434, 39.166727 ], [ -87.619618, 39.170975 ], [ -87.6204, 39.185195 ], [ -87.607879, 39.184463 ], [ -87.601631, 39.192493 ], [ -87.588614, 39.197824 ], [ -87.584977, 39.205276 ], [ -87.577029, 39.211123 ], [ -87.574558, 39.218404 ], [ -87.579319, 39.243552 ], [ -87.573074, 39.246693 ], [ -87.571586, 39.252287 ], [ -87.580652, 39.255237 ], [ -87.590315, 39.247566 ], [ -87.594684, 39.248742 ], [ -87.605543, 39.261122 ], [ -87.601393, 39.27439 ], [ -87.608543, 39.277187 ], [ -87.61005, 39.282232 ], [ -87.597545, 39.296388 ], [ -87.597946, 39.299479 ], [ -87.605348, 39.303217 ], [ -87.617786, 39.301257 ], [ -87.620589, 39.307046 ], [ -87.60592, 39.311076 ], [ -87.589084, 39.333831 ], [ -87.578331, 39.340343 ], [ -87.5544, 39.340488 ], [ -87.544013, 39.352907 ], [ -87.531646, 39.347888 ], [ -87.533269, 39.875036 ], [ -87.526168, 40.505761 ], [ -87.526757, 41.308325 ], [ -87.523661, 41.759907 ], [ -84.805885, 41.760171 ], [ -84.802144, 40.749162 ], [ -84.803645, 40.312139 ], [ -84.814187, 39.813687 ], [ -84.820155, 39.105419 ], [ -84.833409, 39.099861 ], [ -84.862388, 39.077084 ], [ -84.889059, 39.066126 ], [ -84.897371, 39.0574 ], [ -84.885774, 39.037661 ], [ -84.871824, 39.027756 ], [ -84.838579, 38.989902 ], [ -84.830049, 38.97256 ], [ -84.834252, 38.958771 ], [ -84.87692, 38.921669 ], [ -84.879309, 38.916102 ], [ -84.877247, 38.909413 ], [ -84.866635, 38.898805 ], [ -84.81216, 38.89498 ], [ -84.793159, 38.887418 ], [ -84.785275, 38.880425 ], [ -84.785735, 38.86996 ], [ -84.791524, 38.859974 ], [ -84.823645, 38.838921 ], [ -84.830045, 38.83014 ], [ -84.82702, 38.818527 ], [ -84.813991, 38.800217 ], [ -84.812534, 38.786729 ], [ -84.828857, 38.783271 ], [ -84.887559, 38.794825 ], [ -84.941119, 38.775688 ], [ -84.991924, 38.778284 ], [ -85.012247, 38.765976 ], [ -85.102014, 38.726297 ], [ -85.137407, 38.699867 ], [ -85.173161, 38.688007 ], [ -85.188871, 38.687585 ], [ -85.213053, 38.695453 ], [ -85.226418, 38.705993 ], [ -85.246455, 38.731746 ], [ -85.272376, 38.74074 ], [ -85.306101, 38.741528 ], [ -85.364447, 38.730429 ], [ -85.414144, 38.736859 ], [ -85.435947, 38.72871 ], [ -85.451544, 38.707904 ], [ -85.451784, 38.71015 ], [ -85.456723, 38.686357 ], [ -85.438629, 38.65889 ], [ -85.438044, 38.604547 ], [ -85.415653, 38.563209 ], [ -85.415555, 38.544969 ], [ -85.419532, 38.53533 ], [ -85.434234, 38.523264 ], [ -85.469689, 38.508012 ], [ -85.488889, 38.477652 ], [ -85.505707, 38.464717 ], [ -85.534354, 38.455781 ], [ -85.582753, 38.451043 ], [ -85.606954, 38.438574 ], [ -85.62034, 38.423414 ], [ -85.631833, 38.398427 ], [ -85.637454, 38.382219 ], [ -85.639385, 38.361106 ], [ -85.652264, 38.328792 ], [ -85.679962, 38.297585 ], [ -85.743475, 38.267294 ], [ -85.760922, 38.271914 ], [ -85.766911, 38.276591 ], [ -85.766394, 38.280546 ], [ -85.781188, 38.288307 ], [ -85.818402, 38.282169 ], [ -85.829065, 38.276554 ], [ -85.836588, 38.264072 ], [ -85.838921, 38.240331 ], [ -85.843599, 38.232179 ], [ -85.852035, 38.2223 ], [ -85.882666, 38.200847 ], [ -85.90618, 38.167906 ], [ -85.909096, 38.142341 ], [ -85.905052, 38.089957 ], [ -85.913868, 38.071854 ], [ -85.920652, 38.032306 ], [ -85.925654, 38.021784 ], [ -85.946509, 38.005228 ], [ -86.009467, 37.99839 ], [ -86.030358, 37.992057 ], [ -86.034999, 37.98429 ], [ -86.03411, 37.965401 ], [ -86.038906, 37.95899 ], [ -86.051105, 37.961255 ], [ -86.063745, 37.97425 ], [ -86.077279, 37.99739 ], [ -86.073858, 37.995511 ], [ -86.094602, 38.008809 ], [ -86.125329, 38.01624 ], [ -86.148929, 38.014657 ], [ -86.163186, 38.010064 ], [ -86.178178, 38.010561 ], [ -86.220242, 38.027964 ], [ -86.233339, 38.039625 ], [ -86.267805, 38.057148 ], [ -86.272773, 38.064824 ], [ -86.278554, 38.086418 ], [ -86.279116, 38.100938 ], [ -86.270436, 38.128545 ], [ -86.271801, 38.138872 ], [ -86.291402, 38.161501 ], [ -86.31883, 38.173792 ] ] ] } },
{ "type": "Feature", "properties": { "STUSPS": "SD", "NAME": "South Dakota", "region_name": "Midwest", "division_name": "West North Central" }, "geometry": { "type": "Polygon", "coordinates": [ [ [ -100.721111, 45.944044 ], [ -96.563672, 45.935245 ], [ -96.564002, 45.919561 ], [ -96.569099, 45.917037 ], [ -96.570186, 45.912039 ], [ -96.564451, 45.909513 ], [ -96.568184, 45.903451 ], [ -96.568866, 45.888023 ], [ -96.571354, 45.886674 ], [ -96.574667, 45.866816 ], [ -96.574412, 45.844649 ], [ -96.583684, 45.819307 ], [ -96.596704, 45.811801 ], [ -96.612512, 45.794442 ], [ -96.627778, 45.786239 ], [ -96.630144, 45.779431 ], [ -96.639533, 45.771592 ], [ -96.641941, 45.759871 ], [ -96.662595, 45.738682 ], [ -96.745086, 45.701576 ], [ -96.760866, 45.687518 ], [ -96.838648, 45.647509 ], [ -96.856834, 45.605378 ], [ -96.79384, 45.550724 ], [ -96.763432, 45.520007 ], [ -96.745487, 45.488712 ], [ -96.732739, 45.458737 ], [ -96.692541, 45.417338 ], [ -96.680454, 45.410499 ], [ -96.619752, 45.408884 ], [ -96.562142, 45.38609 ], [ -96.521787, 45.375645 ], [ -96.489065, 45.357071 ], [ -96.468027, 45.318619 ], [ -96.453097, 45.300751 ], [ -96.45326, 43.50039 ], [ -96.599191, 43.500456 ], [ -96.599013, 43.495348 ], [ -96.590211, 43.494123 ], [ -96.584551, 43.489099 ], [ -96.586787, 43.483833 ], [ -96.581084, 43.481462 ], [ -96.586892, 43.477873 ], [ -96.582419, 43.466706 ], [ -96.587008, 43.464502 ], [ -96.589436, 43.466456 ], [ -96.590551, 43.462903 ], [ -96.594653, 43.46223 ], [ -96.593853, 43.458852 ], [ -96.600949, 43.455943 ], [ -96.600017, 43.450577 ], [ -96.603056, 43.450793 ], [ -96.593444, 43.433227 ], [ -96.576103, 43.431874 ], [ -96.570289, 43.428547 ], [ -96.573555, 43.418969 ], [ -96.560439, 43.412462 ], [ -96.557234, 43.406166 ], [ -96.548408, 43.403662 ], [ -96.544429, 43.396189 ], [ -96.525242, 43.396072 ], [ -96.521734, 43.386862 ], [ -96.524606, 43.382271 ], [ -96.521983, 43.38138 ], [ -96.524517, 43.379776 ], [ -96.522059, 43.37219 ], [ -96.530961, 43.368433 ], [ -96.525114, 43.353579 ], [ -96.527716, 43.348295 ], [ -96.524279, 43.347422 ], [ -96.528444, 43.342246 ], [ -96.532759, 43.342744 ], [ -96.531665, 43.339335 ], [ -96.535087, 43.336502 ], [ -96.528848, 43.324337 ], [ -96.530962, 43.320669 ], [ -96.525639, 43.318633 ], [ -96.528441, 43.314028 ], [ -96.524059, 43.311381 ], [ -96.529154, 43.309078 ], [ -96.527055, 43.305104 ], [ -96.531905, 43.304233 ], [ -96.530145, 43.3 ], [ -96.552203, 43.292834 ], [ -96.554712, 43.296509 ], [ -96.56438, 43.294639 ], [ -96.573706, 43.299026 ], [ -96.589274, 43.295265 ], [ -96.588033, 43.292379 ], [ -96.580405, 43.29582 ], [ -96.579145, 43.293757 ], [ -96.581416, 43.287958 ], [ -96.577597, 43.278964 ], [ -96.581196, 43.274669 ], [ -96.583765, 43.27666 ], [ -96.586149, 43.27448 ], [ -96.585341, 43.268869 ], [ -96.576515, 43.268071 ], [ -96.564823, 43.260227 ], [ -96.553688, 43.259601 ], [ -96.549195, 43.247626 ], [ -96.56567, 43.244201 ], [ -96.571438, 43.239022 ], [ -96.569178, 43.2327 ], [ -96.559326, 43.222934 ], [ -96.555281, 43.226666 ], [ -96.535915, 43.227634 ], [ -96.519748, 43.217785 ], [ -96.508906, 43.217162 ], [ -96.508551, 43.221117 ], [ -96.501198, 43.220574 ], [ -96.496639, 43.223716 ], [ -96.476654, 43.221941 ], [ -96.476469, 43.212969 ], [ -96.47066, 43.207326 ], [ -96.475007, 43.202569 ], [ -96.472106, 43.196342 ], [ -96.474009, 43.189639 ], [ -96.472525, 43.185601 ], [ -96.464856, 43.18196 ], [ -96.46557, 43.171315 ], [ -96.46913, 43.169421 ], [ -96.465955, 43.161422 ], [ -96.469556, 43.158353 ], [ -96.463981, 43.155489 ], [ -96.468499, 43.151887 ], [ -96.465144, 43.147475 ], [ -96.459248, 43.147488 ], [ -96.46043, 43.14363 ], [ -96.45043, 43.14239 ], [ -96.44708, 43.138338 ], [ -96.448587, 43.136228 ], [ -96.445599, 43.136513 ], [ -96.440191, 43.128317 ], [ -96.441581, 43.124496 ], [ -96.436472, 43.120166 ], [ -96.45238, 43.098193 ], [ -96.46232, 43.092885 ], [ -96.463083, 43.089967 ], [ -96.455467, 43.088283 ], [ -96.45408, 43.083845 ], [ -96.460742, 43.064337 ], [ -96.47674, 43.062697 ], [ -96.49093, 43.050812 ], [ -96.510523, 43.049913 ], [ -96.514812, 43.045174 ], [ -96.512521, 43.04108 ], [ -96.521302, 43.03966 ], [ -96.511048, 43.039727 ], [ -96.509138, 43.036763 ], [ -96.513971, 43.030324 ], [ -96.512032, 43.026212 ], [ -96.49904, 43.019073 ], [ -96.491981, 43.010197 ], [ -96.496995, 42.998478 ], [ -96.50986, 42.995228 ], [ -96.512834, 42.991912 ], [ -96.512382, 42.985658 ], [ -96.518364, 42.985187 ], [ -96.516831, 42.98102 ], [ -96.520838, 42.980314 ], [ -96.515773, 42.972844 ], [ -96.50516, 42.971095 ], [ -96.498963, 42.957802 ], [ -96.508919, 42.953715 ], [ -96.509288, 42.945153 ], [ -96.51987, 42.939969 ], [ -96.516835, 42.932347 ], [ -96.525312, 42.935627 ], [ -96.534061, 42.928166 ], [ -96.534106, 42.92371 ], [ -96.541283, 42.923927 ], [ -96.536467, 42.905643 ], [ -96.54293, 42.903756 ], [ -96.539531, 42.899939 ], [ -96.528873, 42.897926 ], [ -96.529692, 42.894218 ], [ -96.525287, 42.89191 ], [ -96.539838, 42.889803 ], [ -96.537695, 42.886748 ], [ -96.543485, 42.883765 ], [ -96.53767, 42.878462 ], [ -96.547146, 42.873955 ], [ -96.549701, 42.86988 ], [ -96.546174, 42.867552 ], [ -96.546573, 42.863914 ], [ -96.550451, 42.863548 ], [ -96.5461, 42.861161 ], [ -96.546819, 42.857436 ], [ -96.54262, 42.859688 ], [ -96.541455, 42.856868 ], [ -96.545262, 42.849854 ], [ -96.556083, 42.849231 ], [ -96.553805, 42.843182 ], [ -96.548598, 42.840891 ], [ -96.550322, 42.837531 ], [ -96.560944, 42.839134 ], [ -96.563604, 42.828174 ], [ -96.569683, 42.8345 ], [ -96.568382, 42.837781 ], [ -96.578164, 42.834727 ], [ -96.57833, 42.837799 ], [ -96.58147, 42.837726 ], [ -96.582305, 42.83375 ], [ -96.577654, 42.827791 ], [ -96.585808, 42.823776 ], [ -96.584109, 42.819005 ], [ -96.595945, 42.814954 ], [ -96.595626, 42.810343 ], [ -96.590465, 42.808297 ], [ -96.594076, 42.798235 ], [ -96.599683, 42.798435 ], [ -96.595214, 42.792896 ], [ -96.605007, 42.791696 ], [ -96.602345, 42.788113 ], [ -96.60444, 42.78311 ], [ -96.619503, 42.784043 ], [ -96.621985, 42.77683 ], [ -96.626985, 42.775302 ], [ -96.626361, 42.771403 ], [ -96.636382, 42.76974 ], [ -96.631522, 42.766095 ], [ -96.6361, 42.763986 ], [ -96.627243, 42.754413 ], [ -96.622833, 42.758398 ], [ -96.619262, 42.754609 ], [ -96.630019, 42.750696 ], [ -96.632155, 42.74521 ], [ -96.629429, 42.743641 ], [ -96.635612, 42.741894 ], [ -96.630586, 42.735286 ], [ -96.639485, 42.736928 ], [ -96.630522, 42.730234 ], [ -96.634189, 42.724306 ], [ -96.624414, 42.725212 ], [ -96.628011, 42.717798 ], [ -96.624406, 42.714011 ], [ -96.630154, 42.705438 ], [ -96.625529, 42.704181 ], [ -96.623957, 42.7076 ], [ -96.615148, 42.698433 ], [ -96.605596, 42.70202 ], [ -96.604603, 42.698473 ], [ -96.612086, 42.69558 ], [ -96.605643, 42.694683 ], [ -96.599637, 42.698854 ], [ -96.593928, 42.694327 ], [ -96.596539, 42.691932 ], [ -96.593613, 42.689794 ], [ -96.599639, 42.686893 ], [ -96.592295, 42.68716 ], [ -96.589842, 42.691041 ], [ -96.586342, 42.689794 ], [ -96.586186, 42.683177 ], [ -96.57518, 42.682757 ], [ -96.578757, 42.678123 ], [ -96.572623, 42.678926 ], [ -96.572053, 42.676704 ], [ -96.578399, 42.67184 ], [ -96.571567, 42.670896 ], [ -96.566964, 42.676417 ], [ -96.55577, 42.664207 ], [ -96.559808, 42.662868 ], [ -96.558999, 42.657679 ], [ -96.542365, 42.660934 ], [ -96.537818, 42.6556 ], [ -96.537472, 42.645951 ], [ -96.52663, 42.64145 ], [ -96.525143, 42.634746 ], [ -96.516084, 42.630275 ], [ -96.519039, 42.618986 ], [ -96.531312, 42.616647 ], [ -96.529937, 42.610471 ], [ -96.525718, 42.609276 ], [ -96.517663, 42.616647 ], [ -96.509453, 42.612704 ], [ -96.500183, 42.594104 ], [ -96.501082, 42.589311 ], [ -96.491271, 42.586806 ], [ -96.495654, 42.579541 ], [ -96.485797, 42.57502 ], [ -96.498544, 42.558116 ], [ -96.47696, 42.555972 ], [ -96.479007, 42.526394 ], [ -96.492869, 42.51906 ], [ -96.49357, 42.515626 ], [ -96.476048, 42.507783 ], [ -96.473334, 42.503536 ], [ -96.477908, 42.494668 ], [ -96.476262, 42.489969 ], [ -96.456185, 42.492576 ], [ -96.445483, 42.49063 ], [ -96.478776, 42.479702 ], [ -96.501319, 42.482749 ], [ -96.515837, 42.494223 ], [ -96.528778, 42.513267 ], [ -96.548789, 42.520547 ], [ -96.567893, 42.517875 ], [ -96.591118, 42.505407 ], [ -96.611488, 42.506086 ], [ -96.628181, 42.516964 ], [ -96.63533, 42.54764 ], [ -96.643585, 42.557607 ], [ -96.684059, 42.576462 ], [ -96.709824, 42.6051 ], [ -96.709487, 42.621931 ], [ -96.68779, 42.645993 ], [ -96.68708, 42.652093 ], [ -96.691268, 42.656198 ], [ -96.728027, 42.66688 ], [ -96.764061, 42.661983 ], [ -96.793235, 42.666021 ], [ -96.802177, 42.672235 ], [ -96.800483, 42.692464 ], [ -96.806213, 42.704154 ], [ -96.843419, 42.712024 ], [ -96.860436, 42.720797 ], [ -96.886845, 42.725222 ], [ -96.906797, 42.7338 ], [ -96.918282, 42.731852 ], [ -96.937589, 42.719597 ], [ -96.961576, 42.719841 ], [ -96.965833, 42.727096 ], [ -96.96123, 42.740623 ], [ -96.96888, 42.754278 ], [ -96.97912, 42.76009 ], [ -97.02485, 42.76243 ], [ -97.06723, 42.772323 ], [ -97.112646, 42.769129 ], [ -97.130257, 42.771541 ], [ -97.150763, 42.795566 ], [ -97.166978, 42.802087 ], [ -97.200431, 42.805485 ], [ -97.210126, 42.809296 ], [ -97.218269, 42.829561 ], [ -97.218046, 42.845113 ], [ -97.237868, 42.853139 ], [ -97.289859, 42.855499 ], [ -97.306677, 42.867604 ], [ -97.336156, 42.856802 ], [ -97.359569, 42.854816 ], [ -97.376695, 42.865195 ], [ -97.393964, 42.86425 ], [ -97.407409, 42.868391 ], [ -97.417066, 42.865918 ], [ -97.433455, 42.850393 ], [ -97.443756, 42.846018 ], [ -97.48701, 42.850582 ], [ -97.504847, 42.858477 ], [ -97.522371, 42.851979 ], [ -97.557894, 42.847532 ], [ -97.611811, 42.858367 ], [ -97.657903, 42.8444 ], [ -97.686477, 42.842212 ], [ -97.720683, 42.847317 ], [ -97.774381, 42.84974 ], [ -97.817112, 42.861777 ], [ -97.828573, 42.868802 ], [ -97.841966, 42.868166 ], [ -97.875531, 42.858656 ], [ -97.876004, 42.847659 ], [ -97.888647, 42.817177 ], [ -97.909036, 42.794833 ], [ -97.936746, 42.775683 ], [ -97.95017, 42.76955 ], [ -97.977615, 42.769847 ], [ -98.000371, 42.763179 ], [ -98.035071, 42.764114 ], [ -98.059903, 42.772663 ], [ -98.067486, 42.784635 ], [ -98.127674, 42.819956 ], [ -98.147109, 42.839631 ], [ -98.167523, 42.836925 ], [ -98.189811, 42.841643 ], [ -98.219826, 42.853157 ], [ -98.25181, 42.872824 ], [ -98.280007, 42.874996 ], [ -98.325864, 42.8865 ], [ -98.34623, 42.902747 ], [ -98.42074, 42.931924 ], [ -98.444145, 42.929242 ], [ -98.448309, 42.936428 ], [ -98.467356, 42.947556 ], [ -98.490483, 42.977948 ], [ -98.49855, 42.998559 ], [ -100.51558, 42.999332 ], [ -101.633007, 42.996255 ], [ -101.875424, 42.999415 ], [ -104.053028, 43.000585 ], [ -104.057879, 44.997605 ], [ -104.039694, 44.99807 ], [ -104.045547, 45.945308 ], [ -100.721111, 45.944044 ] ] ] } },
{ "type": "Feature", "properties": { "STUSPS": "CO", "NAME": "Colorado", "region_name": "West", "division_name": "Mountain" }, "geometry": { "type": "Polygon", "coordinates": [ [ [ -105.155042, 36.995262 ], [ -106.831972, 36.992449 ], [ -106.86982, 36.992497 ], [ -106.877232, 37.0001 ], [ -109.045172, 36.998977 ], [ -109.04564, 37.359723 ], [ -109.041572, 37.562138 ], [ -109.042572, 38.157016 ], [ -109.060204, 38.278238 ], [ -109.059824, 38.714746 ], [ -109.054022, 38.877161 ], [ -109.051166, 39.142603 ], [ -109.051245, 40.441599 ], [ -109.047767, 40.609879 ], [ -109.050026, 41.000691 ], [ -107.000606, 41.003444 ], [ -105.729406, 40.996822 ], [ -104.855273, 40.998048 ], [ -104.505712, 41.001694 ], [ -102.051717, 41.002359 ], [ -102.051666, 39.847689 ], [ -102.045351, 38.856897 ], [ -102.042089, 36.993016 ], [ -102.698142, 36.995149 ], [ -102.815074, 36.999774 ], [ -103.002329, 37.00015 ], [ -104.368881, 36.993445 ], [ -105.029226, 36.992727 ], [ -105.155042, 36.995262 ] ] ] } },
{ "type": "Feature", "properties": { "STUSPS": "PA", "NAME": "Pennsylvania", "region_name": "Northeast", "division_name": "Middle Atlantic" }, "geometry": { "type": "Polygon", "coordinates": [ [ [ -75.593099, 39.837723 ], [ -75.653704, 39.824691 ], [ -75.705916, 39.799866 ], [ -75.746707, 39.765141 ], [ -75.76265, 39.743764 ], [ -75.773786, 39.7222 ], [ -76.990903, 39.719799 ], [ -78.315139, 39.722877 ], [ -80.519342, 39.721403 ], [ -80.519851, 42.327132 ], [ -80.080222, 42.394162 ], [ -79.762418, 42.516072 ], [ -79.761954, 41.998841 ], [ -78.121515, 42.000389 ], [ -77.828396, 41.998259 ], [ -76.828977, 42.002018 ], [ -76.344827, 41.998383 ], [ -75.359645, 41.999554 ], [ -75.342167, 41.993497 ], [ -75.337516, 41.986822 ], [ -75.341591, 41.972216 ], [ -75.327969, 41.967943 ], [ -75.310941, 41.949103 ], [ -75.301326, 41.948105 ], [ -75.301148, 41.953386 ], [ -75.293316, 41.954347 ], [ -75.28951, 41.943204 ], [ -75.278763, 41.938713 ], [ -75.276633, 41.922236 ], [ -75.267276, 41.90609 ], [ -75.272973, 41.896566 ], [ -75.271685, 41.888447 ], [ -75.259583, 41.882324 ], [ -75.257459, 41.876093 ], [ -75.264295, 41.869523 ], [ -75.258316, 41.862274 ], [ -75.250001, 41.862217 ], [ -75.241147, 41.867252 ], [ -75.22448, 41.85759 ], [ -75.215024, 41.86735 ], [ -75.204637, 41.869928 ], [ -75.19541, 41.867839 ], [ -75.185358, 41.860063 ], [ -75.178032, 41.87091 ], [ -75.17246, 41.872283 ], [ -75.168424, 41.869335 ], [ -75.168326, 41.8587 ], [ -75.162879, 41.850555 ], [ -75.15468, 41.848455 ], [ -75.140561, 41.85222 ], [ -75.130991, 41.845261 ], [ -75.116595, 41.845449 ], [ -75.113405, 41.84214 ], [ -75.113019, 41.822619 ], [ -75.08988, 41.811701 ], [ -75.072248, 41.814131 ], [ -75.075652, 41.799555 ], [ -75.092883, 41.796457 ], [ -75.101726, 41.787504 ], [ -75.104711, 41.774384 ], [ -75.101895, 41.769609 ], [ -75.094633, 41.768364 ], [ -75.07461, 41.77127 ], [ -75.061237, 41.76479 ], [ -75.052969, 41.751793 ], [ -75.05483, 41.734896 ], [ -75.049687, 41.713372 ], [ -75.066222, 41.71276 ], [ -75.068957, 41.709327 ], [ -75.052627, 41.68811 ], [ -75.051252, 41.680018 ], [ -75.059516, 41.672255 ], [ -75.049464, 41.660277 ], [ -75.048617, 41.633013 ], [ -75.04361, 41.623322 ], [ -75.044181, 41.618063 ], [ -75.046745, 41.615621 ], [ -75.059731, 41.617556 ], [ -75.059728, 41.610415 ], [ -75.069721, 41.610114 ], [ -75.074678, 41.606527 ], [ -75.060012, 41.590813 ], [ -75.047246, 41.583682 ], [ -75.04049, 41.569688 ], [ -75.028055, 41.564339 ], [ -75.018804, 41.552436 ], [ -75.015976, 41.544205 ], [ -75.0247, 41.540131 ], [ -75.024543, 41.534593 ], [ -75.003212, 41.523481 ], [ -75.000749, 41.518597 ], [ -75.003578, 41.508277 ], [ -74.988004, 41.508879 ], [ -74.98424, 41.506509 ], [ -74.98227, 41.498685 ], [ -74.985645, 41.485865 ], [ -74.982821, 41.480508 ], [ -74.95823, 41.476581 ], [ -74.942869, 41.483647 ], [ -74.913035, 41.476017 ], [ -74.909181, 41.472436 ], [ -74.906553, 41.460876 ], [ -74.890169, 41.455558 ], [ -74.889156, 41.451072 ], [ -74.896399, 41.442179 ], [ -74.892625, 41.438617 ], [ -74.857653, 41.444156 ], [ -74.832032, 41.430391 ], [ -74.826341, 41.431646 ], [ -74.817995, 41.440505 ], [ -74.808242, 41.44292 ], [ -74.801132, 41.438303 ], [ -74.795091, 41.423713 ], [ -74.789097, 41.421409 ], [ -74.772707, 41.426342 ], [ -74.758587, 41.423287 ], [ -74.738732, 41.430781 ], [ -74.734664, 41.422993 ], [ -74.741763, 41.406954 ], [ -74.736812, 41.399319 ], [ -74.716358, 41.39302 ], [ -74.707996, 41.378679 ], [ -74.69003, 41.365229 ], [ -74.689952, 41.361493 ], [ -74.697746, 41.355748 ], [ -74.720741, 41.347438 ], [ -74.755097, 41.345872 ], [ -74.767282, 41.327744 ], [ -74.795572, 41.320342 ], [ -74.792171, 41.310841 ], [ -74.830027, 41.287441 ], [ -74.846084, 41.263419 ], [ -74.847093, 41.252841 ], [ -74.856358, 41.249749 ], [ -74.861117, 41.243645 ], [ -74.867634, 41.22862 ], [ -74.859473, 41.218773 ], [ -74.883353, 41.179561 ], [ -74.899943, 41.16631 ], [ -74.905256, 41.155668 ], [ -74.923779, 41.138011 ], [ -74.944498, 41.129974 ], [ -74.947411, 41.123733 ], [ -74.963233, 41.114676 ], [ -74.982, 41.10849 ], [ -74.991815, 41.089132 ], [ -74.983321, 41.088996 ], [ -74.969434, 41.096074 ], [ -74.966759, 41.093425 ], [ -74.969123, 41.086803 ], [ -75.01241, 41.067264 ], [ -75.017572, 41.055853 ], [ -75.027146, 41.045254 ], [ -75.027102, 41.039529 ], [ -75.070532, 41.01862 ], [ -75.084495, 41.01592 ], [ -75.131096, 40.990464 ], [ -75.134701, 40.972038 ], [ -75.120232, 40.968702 ], [ -75.117767, 40.953013 ], [ -75.095528, 40.924148 ], [ -75.079295, 40.91388 ], [ -75.075345, 40.894166 ], [ -75.053664, 40.87366 ], [ -75.051029, 40.865662 ], [ -75.063802, 40.855593 ], [ -75.066008, 40.847594 ], [ -75.076684, 40.849875 ], [ -75.095784, 40.847082 ], [ -75.097006, 40.839336 ], [ -75.085517, 40.830085 ], [ -75.083929, 40.824471 ], [ -75.100214, 40.807664 ], [ -75.1008, 40.799797 ], [ -75.108505, 40.791094 ], [ -75.123088, 40.786746 ], [ -75.1344, 40.77377 ], [ -75.171587, 40.777745 ], [ -75.17904, 40.761897 ], [ -75.196535, 40.751631 ], [ -75.195349, 40.745473 ], [ -75.182084, 40.731522 ], [ -75.18674, 40.71949 ], [ -75.19442, 40.714018 ], [ -75.203921, 40.691498 ], [ -75.196921, 40.681297 ], [ -75.180564, 40.679363 ], [ -75.176803, 40.675715 ], [ -75.182752, 40.665974 ], [ -75.190852, 40.661938 ], [ -75.200452, 40.649219 ], [ -75.190691, 40.635891 ], [ -75.188579, 40.624628 ], [ -75.190688, 40.619957 ], [ -75.201812, 40.617188 ], [ -75.192291, 40.602676 ], [ -75.189398, 40.590999 ], [ -75.195222, 40.580303 ], [ -75.194105, 40.576079 ], [ -75.184907, 40.568308 ], [ -75.170452, 40.564165 ], [ -75.159041, 40.564846 ], [ -75.140172, 40.57537 ], [ -75.115536, 40.57286 ], [ -75.099827, 40.567398 ], [ -75.0681, 40.541488 ], [ -75.062664, 40.480439 ], [ -75.067715, 40.473669 ], [ -75.067016, 40.465308 ], [ -75.070678, 40.456794 ], [ -75.058575, 40.418193 ], [ -75.028633, 40.403971 ], [ -74.99586, 40.410384 ], [ -74.966552, 40.398154 ], [ -74.948901, 40.365055 ], [ -74.944517, 40.345063 ], [ -74.939711, 40.338006 ], [ -74.90831, 40.316907 ], [ -74.891609, 40.313007 ], [ -74.868208, 40.295206 ], [ -74.842308, 40.250508 ], [ -74.795306, 40.229408 ], [ -74.771437, 40.215176 ], [ -74.755605, 40.186709 ], [ -74.733804, 40.174509 ], [ -74.722325, 40.160727 ], [ -74.721576, 40.15404 ], [ -74.724369, 40.146412 ], [ -74.740555, 40.135492 ], [ -74.759721, 40.133804 ], [ -74.784168, 40.120477 ], [ -74.822531, 40.126844 ], [ -74.829403, 40.119192 ], [ -74.835868, 40.103466 ], [ -74.854609, 40.09327 ], [ -74.861756, 40.083462 ], [ -74.907318, 40.0708 ], [ -74.924073, 40.071235 ], [ -74.938897, 40.066099 ], [ -74.980591, 40.045944 ], [ -75.014864, 40.019895 ], [ -75.048024, 40.00972 ], [ -75.062614, 39.988156 ], [ -75.073231, 39.979559 ], [ -75.105077, 39.971596 ], [ -75.129088, 39.960709 ], [ -75.136316, 39.945841 ], [ -75.129396, 39.906629 ], [ -75.135853, 39.891266 ], [ -75.144367, 39.884424 ], [ -75.187661, 39.880458 ], [ -75.221371, 39.861543 ], [ -75.257146, 39.851829 ], [ -75.274762, 39.848978 ], [ -75.323231, 39.849813 ], [ -75.341766, 39.846082 ], [ -75.415062, 39.801919 ], [ -75.454036, 39.820666 ], [ -75.499023, 39.833517 ], [ -75.545883, 39.839207 ], [ -75.593099, 39.837723 ] ] ] } },
{ "type": "Feature", "properties": { "STUSPS": "WA", "NAME": "Washington", "region_name": "West", "division_name": "Pacific" }, "geometry": { "type": "Polygon", "coordinates": [ [ [ -118.403817, 46.000773 ], [ -118.987258, 45.999855 ], [ -119.008651, 45.979223 ], [ -119.027215, 45.969112 ], [ -119.061497, 45.958542 ], [ -119.093294, 45.942723 ], [ -119.126322, 45.932784 ], [ -119.169191, 45.927703 ], [ -119.19552, 45.9279 ], [ -119.257072, 45.939867 ], [ -119.322574, 45.933072 ], [ -119.364498, 45.921547 ], [ -119.450398, 45.917381 ], [ -119.488083, 45.906361 ], [ -119.524519, 45.908567 ], [ -119.571602, 45.925478 ], [ -119.600665, 45.919511 ], [ -119.623628, 45.905602 ], [ -119.669974, 45.856908 ], [ -119.772854, 45.845727 ], [ -119.802705, 45.84763 ], [ -119.907245, 45.828176 ], [ -119.965772, 45.824376 ], [ -120.070236, 45.785156 ], [ -120.14148, 45.773208 ], [ -120.170603, 45.76198 ], [ -120.210774, 45.725915 ], [ -120.283431, 45.721165 ], [ -120.403651, 45.699444 ], [ -120.482615, 45.694407 ], [ -120.505743, 45.699949 ], [ -120.559287, 45.738315 ], [ -120.591144, 45.746509 ], [ -120.635051, 45.745711 ], [ -120.66928, 45.729883 ], [ -120.689535, 45.715727 ], [ -120.788574, 45.686424 ], [ -120.855415, 45.671729 ], [ -120.895822, 45.642923 ], [ -120.913608, 45.639992 ], [ -120.944018, 45.656392 ], [ -120.953115, 45.656742 ], [ -120.983494, 45.648358 ], [ -121.00737, 45.653197 ], [ -121.06446, 45.652491 ], [ -121.084863, 45.647932 ], [ -121.12011, 45.623165 ], [ -121.117177, 45.618201 ], [ -121.131833, 45.609753 ], [ -121.139386, 45.612045 ], [ -121.145583, 45.607945 ], [ -121.183684, 45.60645 ], [ -121.196459, 45.61661 ], [ -121.195184, 45.629561 ], [ -121.200351, 45.649839 ], [ -121.215768, 45.671228 ], [ -121.287296, 45.686867 ], [ -121.312296, 45.699839 ], [ -121.337712, 45.704839 ], [ -121.372573, 45.703033 ], [ -121.40174, 45.692893 ], [ -121.423962, 45.694074 ], [ -121.462795, 45.701282 ], [ -121.499098, 45.720747 ], [ -121.532934, 45.726504 ], [ -121.631323, 45.704697 ], [ -121.668406, 45.705114 ], [ -121.707295, 45.694836 ], [ -121.735073, 45.694002 ], [ -121.811184, 45.706715 ], [ -121.867021, 45.693391 ], [ -121.901745, 45.670669 ], [ -121.900767, 45.662016 ], [ -121.908134, 45.654558 ], [ -121.934987, 45.644231 ], [ -121.955775, 45.643586 ], [ -121.96308, 45.632891 ], [ -121.983007, 45.622888 ], [ -122.003554, 45.615947 ], [ -122.044299, 45.609535 ], [ -122.10175, 45.583169 ], [ -122.112317, 45.581337 ], [ -122.141613, 45.584003 ], [ -122.182864, 45.576781 ], [ -122.200791, 45.565111 ], [ -122.266701, 45.543841 ], [ -122.296601, 45.543641 ], [ -122.331502, 45.548241 ], [ -122.352802, 45.569441 ], [ -122.380302, 45.575941 ], [ -122.438674, 45.563585 ], [ -122.453891, 45.567312 ], [ -122.479315, 45.579761 ], [ -122.550325, 45.597269 ], [ -122.602606, 45.607639 ], [ -122.643907, 45.609739 ], [ -122.675001, 45.618025 ], [ -122.713309, 45.637438 ], [ -122.738109, 45.644138 ], [ -122.76381, 45.657138 ], [ -122.774511, 45.680437 ], [ -122.772511, 45.699637 ], [ -122.760108, 45.734413 ], [ -122.761451, 45.759163 ], [ -122.769532, 45.780583 ], [ -122.795605, 45.81 ], [ -122.795963, 45.825024 ], [ -122.785696, 45.844216 ], [ -122.784964, 45.86817 ], [ -122.798091, 45.884333 ], [ -122.8115, 45.912724 ], [ -122.806187, 45.932416 ], [ -122.813999, 45.960983 ], [ -122.837638, 45.980821 ], [ -122.856158, 46.014469 ], [ -122.878091, 46.03128 ], [ -122.884478, 46.06028 ], [ -122.904119, 46.083734 ], [ -122.962681, 46.104817 ], [ -123.004233, 46.133823 ], [ -123.041297, 46.146351 ], [ -123.115904, 46.185268 ], [ -123.166416, 46.188979 ], [ -123.280166, 46.144843 ], [ -123.371433, 46.146372 ], [ -123.390404, 46.154428 ], [ -123.430987, 46.181571 ], [ -123.427629, 46.229348 ], [ -123.447592, 46.249832 ], [ -123.474844, 46.267831 ], [ -123.501246, 46.271014 ], [ -123.55048, 46.258765 ], [ -123.586954, 46.25589 ], [ -123.648775, 46.258803 ], [ -123.688115, 46.250105 ], [ -123.741449, 46.269155 ], [ -123.779365, 46.253884 ], [ -123.815136, 46.249827 ], [ -123.87263, 46.234987 ], [ -123.930477, 46.238805 ], [ -123.957619, 46.260155 ], [ -123.973346, 46.268501 ], [ -124.003616, 46.274709 ], [ -124.014875, 46.293165 ], [ -124.024877, 46.299099 ], [ -124.035599, 46.296843 ], [ -124.038867, 46.28456 ], [ -124.033551, 46.275911 ], [ -124.035951, 46.264183 ], [ -124.159546, 46.261132 ], [ -124.162552, 46.271727 ], [ -124.160714, 46.28201 ], [ -124.135207, 46.349368 ], [ -124.130532, 46.408316 ], [ -124.135298, 46.542299 ], [ -124.141955, 46.586959 ], [ -124.143287, 46.631164 ], [ -124.149668, 46.650078 ], [ -124.14526, 46.670474 ], [ -124.168515, 46.730421 ], [ -124.175131, 46.793732 ], [ -124.181203, 46.793736 ], [ -124.194581, 46.844092 ], [ -124.209469, 46.874813 ], [ -124.234393, 46.891188 ], [ -124.246642, 46.917813 ], [ -124.249705, 46.956288 ], [ -124.241539, 46.999808 ], [ -124.24413, 47.058648 ], [ -124.251291, 47.096654 ], [ -124.273659, 47.148131 ], [ -124.27366, 47.165071 ], [ -124.295855, 47.212506 ], [ -124.306367, 47.248083 ], [ -124.33605, 47.261605 ], [ -124.351299, 47.27639 ], [ -124.359072, 47.292785 ], [ -124.359644, 47.309336 ], [ -124.391354, 47.329766 ], [ -124.41355, 47.36873 ], [ -124.421728, 47.393293 ], [ -124.421728, 47.406845 ], [ -124.419392, 47.414468 ], [ -124.406542, 47.428021 ], [ -124.42056, 47.455972 ], [ -124.42173, 47.468677 ], [ -124.417057, 47.481538 ], [ -124.440016, 47.569039 ], [ -124.453163, 47.586733 ], [ -124.45512, 47.606613 ], [ -124.461402, 47.62496 ], [ -124.486959, 47.621199 ], [ -124.514922, 47.623708 ], [ -124.537583, 47.631855 ], [ -124.554626, 47.644427 ], [ -124.565539, 47.661853 ], [ -124.566552, 47.680239 ], [ -124.559406, 47.695783 ], [ -124.540302, 47.716445 ], [ -124.556191, 47.729035 ], [ -124.575905, 47.756419 ], [ -124.599054, 47.771643 ], [ -124.608093, 47.784852 ], [ -124.633211, 47.806789 ], [ -124.641839, 47.819424 ], [ -124.690586, 47.844265 ], [ -124.70418, 47.854737 ], [ -124.712156, 47.865667 ], [ -124.717153, 47.879 ], [ -124.714401, 47.879018 ], [ -124.720858, 47.888303 ], [ -124.739659, 47.89755 ], [ -124.753795, 47.910523 ], [ -124.760611, 47.927285 ], [ -124.758185, 47.943978 ], [ -124.787553, 47.958881 ], [ -124.799038, 47.972544 ], [ -124.803394, 47.988658 ], [ -124.796999, 48.017938 ], [ -124.801155, 48.037809 ], [ -124.796639, 48.049466 ], [ -124.786103, 48.061329 ], [ -124.788002, 48.075966 ], [ -124.785187, 48.087115 ], [ -124.794921, 48.096975 ], [ -124.803905, 48.114288 ], [ -124.824046, 48.129308 ], [ -124.832672, 48.147722 ], [ -124.843131, 48.158429 ], [ -124.848537, 48.174005 ], [ -124.848252, 48.1882 ], [ -124.83821, 48.204023 ], [ -124.821453, 48.217585 ], [ -124.805015, 48.224316 ], [ -124.780504, 48.22858 ], [ -124.79024, 48.246355 ], [ -124.788742, 48.266372 ], [ -124.776914, 48.283588 ], [ -124.761387, 48.295688 ], [ -124.771233, 48.316038 ], [ -124.770442, 48.323537 ], [ -124.786135, 48.331883 ], [ -124.800532, 48.349978 ], [ -124.803394, 48.362993 ], [ -124.810104, 48.369988 ], [ -124.816993, 48.385475 ], [ -124.814815, 48.405923 ], [ -124.807732, 48.417554 ], [ -124.788558, 48.432165 ], [ -124.745838, 48.445663 ], [ -124.765279, 48.460562 ], [ -124.772262, 48.473812 ], [ -124.772085, 48.486117 ], [ -124.768371, 48.495403 ], [ -124.763031, 48.499784 ], [ -124.74974, 48.499783 ], [ -124.012056, 48.296671 ], [ -123.679064, 48.239997 ], [ -123.541216, 48.224553 ], [ -123.248435, 48.284016 ], [ -123.115138, 48.42283 ], [ -123.159874, 48.453507 ], [ -123.218929, 48.548708 ], [ -123.267877, 48.693993 ], [ -123.008486, 48.767099 ], [ -123.008485, 48.831219 ], [ -123.32224, 49.002072 ], [ -122.09805, 49.002418 ], [ -121.759572, 48.997299 ], [ -121.334846, 49.000916 ], [ -117.032345, 48.999201 ], [ -117.035178, 48.370878 ], [ -117.042309, 47.962289 ], [ -117.039766, 46.425887 ], [ -117.034626, 46.417845 ], [ -117.046894, 46.379615 ], [ -117.062778, 46.365175 ], [ -117.062788, 46.353605 ], [ -117.056647, 46.345811 ], [ -117.033484, 46.341237 ], [ -117.024305, 46.336276 ], [ -117.020581, 46.314789 ], [ -117.00738, 46.305244 ], [ -116.990849, 46.300233 ], [ -116.986216, 46.29595 ], [ -116.985301, 46.289186 ], [ -116.991195, 46.27696 ], [ -116.967805, 46.258475 ], [ -116.95548, 46.230984 ], [ -116.966306, 46.209195 ], [ -116.965384, 46.203122 ], [ -116.94143, 46.184682 ], [ -116.935957, 46.175227 ], [ -116.922341, 46.168774 ], [ -116.923157, 46.16036 ], [ -116.934987, 46.153528 ], [ -116.934729, 46.137294 ], [ -116.949851, 46.124486 ], [ -116.955424, 46.101861 ], [ -116.978065, 46.096313 ], [ -116.982589, 46.090075 ], [ -116.978429, 46.079725 ], [ -116.957866, 46.075457 ], [ -116.942793, 46.061115 ], [ -116.94229, 46.050974 ], [ -116.931633, 46.039628 ], [ -116.929944, 46.023648 ], [ -116.922262, 46.017242 ], [ -116.916071, 45.995357 ], [ -118.403817, 46.000773 ] ] ] } },
{ "type": "Feature", "properties": { "STUSPS": "LA", "NAME": "Louisiana", "region_name": "South", "division_name": "West South Central" }, "geometry": { "type": "Polygon", "coordinates": [ [ [ -93.215756, 33.018446 ], [ -92.044963, 33.007751 ], [ -91.166095, 33.004291 ], [ -91.173308, 32.986088 ], [ -91.201842, 32.961212 ], [ -91.198343, 32.950206 ], [ -91.20744, 32.944392 ], [ -91.214027, 32.93032 ], [ -91.211597, 32.919624 ], [ -91.199775, 32.908512 ], [ -91.170235, 32.899391 ], [ -91.147383, 32.904091 ], [ -91.133269, 32.919351 ], [ -91.131289, 32.930048 ], [ -91.137778, 32.954456 ], [ -91.130721, 32.962257 ], [ -91.138585, 32.971352 ], [ -91.135095, 32.980108 ], [ -91.106581, 32.988937 ], [ -91.09693, 32.986412 ], [ -91.090887, 32.981174 ], [ -91.080355, 32.962794 ], [ -91.078904, 32.951818 ], [ -91.082623, 32.946229 ], [ -91.070547, 32.936036 ], [ -91.063974, 32.924113 ], [ -91.064449, 32.901063 ], [ -91.070602, 32.888658 ], [ -91.105631, 32.858396 ], [ -91.127886, 32.855058 ], [ -91.145002, 32.842869 ], [ -91.161669, 32.812465 ], [ -91.164397, 32.785821 ], [ -91.155476, 32.779909 ], [ -91.164397, 32.763491 ], [ -91.165696, 32.753399 ], [ -91.15861, 32.743449 ], [ -91.124645, 32.743164 ], [ -91.090573, 32.7361 ], [ -91.060766, 32.727494 ], [ -91.054481, 32.722259 ], [ -91.054749, 32.719229 ], [ -91.068843, 32.69892 ], [ -91.118258, 32.674075 ], [ -91.137638, 32.650621 ], [ -91.149753, 32.644041 ], [ -91.153744, 32.635227 ], [ -91.152486, 32.620319 ], [ -91.142782, 32.598899 ], [ -91.127912, 32.586492 ], [ -91.119854, 32.584795 ], [ -91.115655, 32.591003 ], [ -91.107235, 32.590255 ], [ -91.079507, 32.600676 ], [ -91.049802, 32.607185 ], [ -91.037182, 32.637861 ], [ -91.025769, 32.646572 ], [ -91.0158, 32.641644 ], [ -91.002962, 32.622555 ], [ -91.003545, 32.612271 ], [ -91.008245, 32.604239 ], [ -91.03617, 32.579555 ], [ -91.080411, 32.556468 ], [ -91.0754, 32.546743 ], [ -91.057706, 32.533777 ], [ -91.001129, 32.512945 ], [ -90.994867, 32.508611 ], [ -90.987202, 32.495663 ], [ -90.990089, 32.488561 ], [ -91.000506, 32.482239 ], [ -91.020906, 32.48454 ], [ -91.038106, 32.49044 ], [ -91.050907, 32.500138 ], [ -91.074844, 32.533489 ], [ -91.093742, 32.549127 ], [ -91.097878, 32.544751 ], [ -91.101304, 32.525599 ], [ -91.116708, 32.500138 ], [ -91.116008, 32.48314 ], [ -91.093508, 32.457441 ], [ -91.051407, 32.437842 ], [ -91.028206, 32.433742 ], [ -90.995487, 32.450885 ], [ -90.980007, 32.447842 ], [ -90.969587, 32.439492 ], [ -90.966441, 32.433874 ], [ -90.965987, 32.420654 ], [ -90.975342, 32.410951 ], [ -90.99408, 32.403861 ], [ -90.994686, 32.392277 ], [ -91.001406, 32.379444 ], [ -91.004506, 32.364744 ], [ -90.993625, 32.354047 ], [ -90.912363, 32.339454 ], [ -90.897179, 32.355178 ], [ -90.890712, 32.372246 ], [ -90.878604, 32.374636 ], [ -90.875638, 32.371729 ], [ -90.885721, 32.350867 ], [ -90.900722, 32.330379 ], [ -90.902854, 32.319122 ], [ -90.922231, 32.298639 ], [ -90.949781, 32.283056 ], [ -90.964149, 32.296872 ], [ -90.974602, 32.297122 ], [ -90.979475, 32.293702 ], [ -90.984077, 32.279953 ], [ -90.982985, 32.270294 ], [ -90.969403, 32.25252 ], [ -90.98029, 32.243601 ], [ -90.983381, 32.211767 ], [ -90.994944, 32.193141 ], [ -90.999697, 32.191103 ], [ -91.003206, 32.19805 ], [ -91.002906, 32.22305 ], [ -91.021537, 32.236156 ], [ -91.039007, 32.242348 ], [ -91.050307, 32.237949 ], [ -91.053107, 32.22795 ], [ -91.061408, 32.21865 ], [ -91.071108, 32.22605 ], [ -91.083708, 32.22645 ], [ -91.100409, 32.21785 ], [ -91.108509, 32.20815 ], [ -91.11727, 32.206668 ], [ -91.133587, 32.213431 ], [ -91.164171, 32.196888 ], [ -91.174552, 32.154978 ], [ -91.171702, 32.14425 ], [ -91.162822, 32.132694 ], [ -91.11099, 32.124644 ], [ -91.101181, 32.131135 ], [ -91.08163, 32.133992 ], [ -91.053555, 32.124412 ], [ -91.048507, 32.150152 ], [ -91.049707, 32.157352 ], [ -91.058907, 32.17125 ], [ -91.058307, 32.180951 ], [ -91.041807, 32.174551 ], [ -91.025007, 32.162551 ], [ -91.002906, 32.162052 ], [ -91.004106, 32.146152 ], [ -91.015806, 32.126753 ], [ -91.030891, 32.120558 ], [ -91.030507, 32.108153 ], [ -91.035207, 32.100453 ], [ -91.081108, 32.078353 ], [ -91.080908, 32.047855 ], [ -91.103708, 32.050255 ], [ -91.135709, 32.080654 ], [ -91.14881, 32.080154 ], [ -91.15851, 32.072854 ], [ -91.16201, 32.061855 ], [ -91.15381, 32.050655 ], [ -91.14511, 32.046554 ], [ -91.091408, 32.036054 ], [ -91.084408, 32.031456 ], [ -91.079928, 32.018316 ], [ -91.075908, 32.016827 ], [ -91.090105, 32.000157 ], [ -91.102808, 31.990957 ], [ -91.16441, 31.982557 ], [ -91.18481, 31.965557 ], [ -91.18881, 31.959358 ], [ -91.19321, 31.935658 ], [ -91.18381, 31.933558 ], [ -91.18491, 31.923759 ], [ -91.18041, 31.918559 ], [ -91.182277, 31.915814 ], [ -91.20281, 31.907959 ], [ -91.234899, 31.876863 ], [ -91.267712, 31.86266 ], [ -91.267612, 31.852361 ], [ -91.244995, 31.832188 ], [ -91.246618, 31.823428 ], [ -91.254311, 31.813662 ], [ -91.269212, 31.809162 ], [ -91.283212, 31.815762 ], [ -91.289412, 31.828661 ], [ -91.289312, 31.846861 ], [ -91.294013, 31.86046 ], [ -91.333814, 31.853261 ], [ -91.345214, 31.843861 ], [ -91.360514, 31.795762 ], [ -91.365614, 31.760763 ], [ -91.345614, 31.758463 ], [ -91.281212, 31.772263 ], [ -91.262511, 31.766563 ], [ -91.259511, 31.760163 ], [ -91.263111, 31.754764 ], [ -91.277111, 31.744883 ], [ -91.320913, 31.750064 ], [ -91.369375, 31.746903 ], [ -91.397915, 31.709364 ], [ -91.400115, 31.687264 ], [ -91.395715, 31.644165 ], [ -91.401015, 31.620365 ], [ -91.421116, 31.611565 ], [ -91.436216, 31.612465 ], [ -91.474318, 31.625365 ], [ -91.49613, 31.64531 ], [ -91.515462, 31.630372 ], [ -91.516567, 31.611818 ], [ -91.502783, 31.595727 ], [ -91.492918, 31.589565 ], [ -91.483218, 31.585766 ], [ -91.466317, 31.586066 ], [ -91.432616, 31.596065 ], [ -91.418816, 31.596565 ], [ -91.403915, 31.589766 ], [ -91.405415, 31.576466 ], [ -91.414915, 31.562166 ], [ -91.447616, 31.540666 ], [ -91.479718, 31.530366 ], [ -91.489618, 31.534266 ], [ -91.513446, 31.532031 ], [ -91.522536, 31.522078 ], [ -91.520697, 31.513388 ], [ -91.514917, 31.510113 ], [ -91.518148, 31.483483 ], [ -91.51513, 31.449206 ], [ -91.499812, 31.4201 ], [ -91.48002, 31.404204 ], [ -91.477652, 31.397904 ], [ -91.472067, 31.397076 ], [ -91.470983, 31.376244 ], [ -91.474809, 31.368646 ], [ -91.478848, 31.364946 ], [ -91.504756, 31.36498 ], [ -91.521836, 31.37517 ], [ -91.532336, 31.390275 ], [ -91.539458, 31.414021 ], [ -91.537137, 31.424161 ], [ -91.543366, 31.432608 ], [ -91.548465, 31.432668 ], [ -91.565179, 31.423447 ], [ -91.576265, 31.410498 ], [ -91.578334, 31.399067 ], [ -91.568953, 31.377629 ], [ -91.55568, 31.386413 ], [ -91.546059, 31.382221 ], [ -91.550052, 31.37538 ], [ -91.551001, 31.363649 ], [ -91.548213, 31.346084 ], [ -91.50866, 31.315131 ], [ -91.508858, 31.291644 ], [ -91.515614, 31.27821 ], [ -91.537734, 31.267369 ], [ -91.564192, 31.261633 ], [ -91.637672, 31.26768 ], [ -91.648669, 31.262238 ], [ -91.654027, 31.255753 ], [ -91.652019, 31.242691 ], [ -91.644356, 31.234414 ], [ -91.625119, 31.226071 ], [ -91.601616, 31.208573 ], [ -91.588939, 31.188959 ], [ -91.591502, 31.173118 ], [ -91.599732, 31.159592 ], [ -91.624217, 31.133729 ], [ -91.628298, 31.124609 ], [ -91.626862, 31.118771 ], [ -91.613208, 31.103521 ], [ -91.56415, 31.06683 ], [ -91.559907, 31.054119 ], [ -91.564397, 31.038965 ], [ -91.578413, 31.02403 ], [ -91.636942, 30.999416 ], [ -89.815831, 31.002077 ], [ -89.752642, 31.001853 ], [ -89.750481, 30.99942 ], [ -89.741821, 31.003441 ], [ -89.736067, 31.001227 ], [ -89.733569, 31.004538 ], [ -89.729616, 31.003927 ], [ -89.728667, 31.000399 ], [ -89.73554, 30.999715 ], [ -89.734227, 30.995602 ], [ -89.72778, 30.993898 ], [ -89.730079, 30.980849 ], [ -89.737149, 30.976081 ], [ -89.727072, 30.967395 ], [ -89.735686, 30.966573 ], [ -89.756513, 30.942861 ], [ -89.748897, 30.933888 ], [ -89.752812, 30.925413 ], [ -89.745161, 30.922416 ], [ -89.744789, 30.918933 ], [ -89.750073, 30.91293 ], [ -89.759403, 30.915134 ], [ -89.764202, 30.911906 ], [ -89.756671, 30.901069 ], [ -89.758719, 30.897319 ], [ -89.77341, 30.897693 ], [ -89.773555, 30.886369 ], [ -89.769584, 30.881148 ], [ -89.77711, 30.881088 ], [ -89.779247, 30.876007 ], [ -89.767789, 30.865577 ], [ -89.772582, 30.85964 ], [ -89.771722, 30.854677 ], [ -89.783384, 30.856022 ], [ -89.781634, 30.845273 ], [ -89.789509, 30.851382 ], [ -89.79247, 30.850386 ], [ -89.7875, 30.844112 ], [ -89.790749, 30.831768 ], [ -89.78235, 30.832552 ], [ -89.787641, 30.823474 ], [ -89.781502, 30.818945 ], [ -89.786211, 30.815986 ], [ -89.791745, 30.820387 ], [ -89.795327, 30.817227 ], [ -89.795707, 30.821089 ], [ -89.798654, 30.820855 ], [ -89.79999, 30.816196 ], [ -89.797156, 30.811753 ], [ -89.80405, 30.807444 ], [ -89.804632, 30.802511 ], [ -89.810308, 30.80018 ], [ -89.815738, 30.803353 ], [ -89.808144, 30.79643 ], [ -89.808447, 30.791837 ], [ -89.803544, 30.794555 ], [ -89.803466, 30.791141 ], [ -89.81157, 30.787491 ], [ -89.81289, 30.793649 ], [ -89.819154, 30.795233 ], [ -89.821485, 30.79116 ], [ -89.820087, 30.782391 ], [ -89.824384, 30.77962 ], [ -89.827388, 30.78334 ], [ -89.830113, 30.781363 ], [ -89.828756, 30.768736 ], [ -89.831537, 30.76761 ], [ -89.835124, 30.771092 ], [ -89.825636, 30.758385 ], [ -89.833167, 30.753314 ], [ -89.829349, 30.751318 ], [ -89.822459, 30.754628 ], [ -89.828623, 30.737351 ], [ -89.82029, 30.740694 ], [ -89.816075, 30.738908 ], [ -89.836939, 30.734913 ], [ -89.836192, 30.732515 ], [ -89.827463, 30.732121 ], [ -89.836331, 30.727197 ], [ -89.825634, 30.727374 ], [ -89.831272, 30.722588 ], [ -89.830981, 30.715529 ], [ -89.842529, 30.720418 ], [ -89.840111, 30.711818 ], [ -89.846655, 30.705726 ], [ -89.843605, 30.702511 ], [ -89.838065, 30.704036 ], [ -89.835853, 30.699072 ], [ -89.838324, 30.695121 ], [ -89.835294, 30.691793 ], [ -89.845019, 30.690625 ], [ -89.844887, 30.687031 ], [ -89.837356, 30.687798 ], [ -89.842265, 30.680284 ], [ -89.837122, 30.677905 ], [ -89.847201, 30.670038 ], [ -89.843218, 30.668982 ], [ -89.839592, 30.673956 ], [ -89.837835, 30.671917 ], [ -89.843246, 30.663736 ], [ -89.849319, 30.665401 ], [ -89.852305, 30.662371 ], [ -89.840843, 30.660816 ], [ -89.840721, 30.65217 ], [ -89.833206, 30.657505 ], [ -89.830314, 30.650766 ], [ -89.824707, 30.649026 ], [ -89.825744, 30.645273 ], [ -89.820655, 30.646093 ], [ -89.822952, 30.639078 ], [ -89.814002, 30.638246 ], [ -89.820068, 30.632808 ], [ -89.823669, 30.62222 ], [ -89.830184, 30.622081 ], [ -89.830711, 30.617221 ], [ -89.821426, 30.619794 ], [ -89.823257, 30.607711 ], [ -89.813919, 30.607717 ], [ -89.822563, 30.605243 ], [ -89.814041, 30.598587 ], [ -89.819801, 30.596784 ], [ -89.818771, 30.59288 ], [ -89.812347, 30.592166 ], [ -89.811431, 30.586641 ], [ -89.807022, 30.587099 ], [ -89.815696, 30.58554 ], [ -89.809341, 30.580043 ], [ -89.807952, 30.567653 ], [ -89.795326, 30.570095 ], [ -89.793014, 30.564147 ], [ -89.79123, 30.569947 ], [ -89.786865, 30.569053 ], [ -89.791656, 30.562612 ], [ -89.801666, 30.563739 ], [ -89.803977, 30.560522 ], [ -89.803031, 30.557893 ], [ -89.794456, 30.556552 ], [ -89.792205, 30.548345 ], [ -89.803919, 30.549349 ], [ -89.779159, 30.544029 ], [ -89.774085, 30.537792 ], [ -89.777366, 30.532995 ], [ -89.76905, 30.529178 ], [ -89.771682, 30.526376 ], [ -89.770195, 30.521482 ], [ -89.773094, 30.52079 ], [ -89.768798, 30.518373 ], [ -89.767814, 30.513185 ], [ -89.757459, 30.518599 ], [ -89.760673, 30.51202 ], [ -89.754451, 30.509773 ], [ -89.75856, 30.505996 ], [ -89.752807, 30.507696 ], [ -89.752639, 30.502433 ], [ -89.757484, 30.499553 ], [ -89.746696, 30.50295 ], [ -89.745525, 30.498236 ], [ -89.742148, 30.497314 ], [ -89.74733, 30.492722 ], [ -89.733102, 30.496004 ], [ -89.729652, 30.490021 ], [ -89.724822, 30.492129 ], [ -89.720832, 30.487016 ], [ -89.723579, 30.482303 ], [ -89.7192, 30.483068 ], [ -89.715545, 30.477685 ], [ -89.709907, 30.478216 ], [ -89.705013, 30.470867 ], [ -89.705848, 30.464952 ], [ -89.695284, 30.46287 ], [ -89.690035, 30.459333 ], [ -89.690078, 30.453235 ], [ -89.68634, 30.454751 ], [ -89.683403, 30.451536 ], [ -89.685035, 30.439451 ], [ -89.683982, 30.43394 ], [ -89.680313, 30.433374 ], [ -89.681045, 30.423391 ], [ -89.677482, 30.417961 ], [ -89.679992, 30.411649 ], [ -89.684455, 30.412288 ], [ -89.683837, 30.40582 ], [ -89.679145, 30.402364 ], [ -89.670059, 30.382202 ], [ -89.660179, 30.373418 ], [ -89.662612, 30.37144 ], [ -89.658798, 30.369583 ], [ -89.661125, 30.364225 ], [ -89.657249, 30.356632 ], [ -89.651519, 30.35613 ], [ -89.641296, 30.346155 ], [ -89.636932, 30.347618 ], [ -89.629592, 30.33896 ], [ -89.632698, 30.32796 ], [ -89.628814, 30.326423 ], [ -89.6296, 30.321563 ], [ -89.633964, 30.3213 ], [ -89.62619, 30.314291 ], [ -89.640342, 30.306781 ], [ -89.640434, 30.295503 ], [ -89.647514, 30.290534 ], [ -89.638504, 30.288122 ], [ -89.631294, 30.279769 ], [ -89.632316, 30.268604 ], [ -89.625305, 30.263532 ], [ -89.63105, 30.261796 ], [ -89.631614, 30.257013 ], [ -89.614044, 30.244773 ], [ -89.616928, 30.227672 ], [ -89.614234, 30.221471 ], [ -89.596969, 30.212366 ], [ -89.584991, 30.191341 ], [ -89.571907, 30.180721 ], [ -89.554626, 30.185911 ], [ -89.544837, 30.194299 ], [ -89.53334, 30.194881 ], [ -89.516891, 30.16459 ], [ -89.511197, 30.160617 ], [ -89.453954, 30.166228 ], [ -89.416711, 30.177639 ], [ -89.306135, 30.177941 ], [ -89.260977, 30.181998 ], [ -89.183669, 30.212155 ], [ -89.096476, 30.165829 ], [ -88.854913, 30.135532 ], [ -88.834347, 30.090708 ], [ -88.808521, 30.065478 ], [ -88.783666, 30.026685 ], [ -88.767277, 29.982073 ], [ -88.758388, 29.918271 ], [ -88.767255, 29.840771 ], [ -88.797293, 29.759667 ], [ -88.82343, 29.714992 ], [ -88.869937, 29.657099 ], [ -88.912657, 29.61178 ], [ -88.960204, 29.577104 ], [ -89.000038, 29.53248 ], [ -89.017356, 29.519033 ], [ -89.038874, 29.492229 ], [ -89.06178, 29.475003 ], [ -89.119451, 29.458065 ], [ -89.142073, 29.429465 ], [ -89.137612, 29.381429 ], [ -89.12162, 29.366498 ], [ -89.112159, 29.339672 ], [ -89.094528, 29.328932 ], [ -89.085319, 29.318609 ], [ -89.077228, 29.301105 ], [ -89.069426, 29.294297 ], [ -89.022615, 29.274463 ], [ -89.000045, 29.271484 ], [ -88.98242, 29.263214 ], [ -88.967495, 29.262622 ], [ -88.942054, 29.253742 ], [ -88.91831, 29.236276 ], [ -88.910169, 29.220291 ], [ -88.908812, 29.210226 ], [ -88.909151, 29.200161 ], [ -88.917648, 29.17944 ], [ -88.913923, 29.165527 ], [ -88.9146, 29.143621 ], [ -88.921713, 29.124971 ], [ -88.94576, 29.103954 ], [ -88.967436, 29.095073 ], [ -88.985386, 29.094185 ], [ -88.996902, 29.085304 ], [ -89.002914, 29.048797 ], [ -89.012688, 29.02768 ], [ -89.025912, 29.015613 ], [ -89.045638, 29.006942 ], [ -89.088826, 28.961147 ], [ -89.096055, 28.942493 ], [ -89.105091, 28.933008 ], [ -89.133284, 28.919728 ], [ -89.150994, 28.919096 ], [ -89.169067, 28.922574 ], [ -89.185332, 28.930478 ], [ -89.196536, 28.939964 ], [ -89.20485, 28.952927 ], [ -89.209579, 28.970199 ], [ -89.224366, 28.977486 ], [ -89.234903, 28.987152 ], [ -89.279604, 28.977783 ], [ -89.305148, 28.956091 ], [ -89.320668, 28.934395 ], [ -89.344535, 28.90997 ], [ -89.384727, 28.871503 ], [ -89.400993, 28.860631 ], [ -89.433799, 28.855266 ], [ -89.462478, 28.863649 ], [ -89.483497, 28.880973 ], [ -89.492858, 28.90796 ], [ -89.490226, 28.924434 ], [ -89.469406, 28.956176 ], [ -89.465736, 28.974437 ], [ -89.463424, 29.08282 ], [ -89.468673, 29.107461 ], [ -89.481208, 29.122201 ], [ -89.486137, 29.137218 ], [ -89.502319, 29.158376 ], [ -89.520469, 29.172187 ], [ -89.553649, 29.185976 ], [ -89.610427, 29.198635 ], [ -90.032325, 29.135044 ], [ -90.05557, 29.121961 ], [ -90.125136, 29.069859 ], [ -90.162662, 29.051249 ], [ -90.210078, 29.033082 ], [ -90.239062, 29.033104 ], [ -90.344319, 29.003178 ], [ -90.368409, 29.003425 ], [ -90.384935, 28.998072 ], [ -90.40938, 28.99534 ], [ -90.491817, 29.011805 ], [ -90.552547, 29.036806 ], [ -90.707191, 28.995756 ], [ -90.746858, 28.988595 ], [ -90.822648, 28.985911 ], [ -90.864562, 28.991593 ], [ -90.90708, 28.991132 ], [ -90.932105, 28.994319 ], [ -90.970287, 29.005027 ], [ -90.993453, 29.01497 ], [ -91.008759, 29.026902 ], [ -91.020756, 29.046065 ], [ -91.023031, 29.067398 ], [ -91.012069, 29.090538 ], [ -90.989396, 29.106446 ], [ -90.960372, 29.111064 ], [ -90.974925, 29.121509 ], [ -91.02001, 29.121771 ], [ -91.103303, 29.138377 ], [ -91.125426, 29.14646 ], [ -91.14594, 29.162975 ], [ -91.159817, 29.168422 ], [ -91.207845, 29.171159 ], [ -91.237255, 29.177743 ], [ -91.292681, 29.196177 ], [ -91.318698, 29.208357 ], [ -91.341698, 29.227449 ], [ -91.376909, 29.262585 ], [ -91.391649, 29.281873 ], [ -91.405024, 29.288065 ], [ -91.421128, 29.302828 ], [ -91.52974, 29.344455 ], [ -91.544703, 29.342885 ], [ -91.560748, 29.345398 ], [ -91.594256, 29.360306 ], [ -91.624696, 29.363849 ], [ -91.644044, 29.375555 ], [ -91.662529, 29.374588 ], [ -91.688901, 29.361593 ], [ -91.712193, 29.360626 ], [ -91.736718, 29.369647 ], [ -91.749042, 29.380708 ], [ -91.762919, 29.385754 ], [ -91.77749, 29.396084 ], [ -91.793183, 29.382544 ], [ -91.832768, 29.362562 ], [ -91.859843, 29.358942 ], [ -91.876912, 29.362689 ], [ -91.896419, 29.374092 ], [ -91.906348, 29.387404 ], [ -91.913011, 29.405685 ], [ -91.913207, 29.420207 ], [ -91.964831, 29.439392 ], [ -91.983867, 29.460713 ], [ -92.007308, 29.463375 ], [ -92.022754, 29.470636 ], [ -92.036529, 29.483342 ], [ -92.045616, 29.505806 ], [ -92.07805, 29.531489 ], [ -92.100083, 29.531672 ], [ -92.114142, 29.535143 ], [ -92.146666, 29.532037 ], [ -92.183325, 29.518334 ], [ -92.231657, 29.491894 ], [ -92.263982, 29.484149 ], [ -92.29367, 29.481496 ], [ -92.353661, 29.488716 ], [ -92.405016, 29.500289 ], [ -92.624974, 29.528328 ], [ -92.686695, 29.544119 ], [ -92.767597, 29.570933 ], [ -92.964517, 29.654541 ], [ -93.029108, 29.677855 ], [ -93.12515, 29.706209 ], [ -93.223168, 29.726396 ], [ -93.268478, 29.727439 ], [ -93.287354, 29.724331 ], [ -93.298257, 29.710341 ], [ -93.310787, 29.702004 ], [ -93.339294, 29.695085 ], [ -93.3655, 29.699416 ], [ -93.387246, 29.713771 ], [ -93.432758, 29.71853 ], [ -93.514594, 29.715118 ], [ -93.711547, 29.690347 ], [ -93.750001, 29.67973 ], [ -93.770147, 29.670825 ], [ -93.765455, 29.64413 ], [ -93.77036, 29.623924 ], [ -93.785928, 29.605942 ], [ -93.800644, 29.598342 ], [ -93.814351, 29.596576 ], [ -93.837412, 29.689885 ], [ -93.87002, 29.735482 ], [ -93.891637, 29.744618 ], [ -93.893829, 29.753033 ], [ -93.890821, 29.761673 ], [ -93.893863, 29.767294 ], [ -93.926504, 29.78956 ], [ -93.927992, 29.80964 ], [ -93.913672, 29.827192 ], [ -93.86357, 29.857177 ], [ -93.838374, 29.882853 ], [ -93.817286, 29.918422 ], [ -93.807815, 29.954549 ], [ -93.788599, 29.988836 ], [ -93.770567, 29.996532 ], [ -93.75663, 30.014163 ], [ -93.741078, 30.021571 ], [ -93.737446, 30.037283 ], [ -93.720805, 30.053043 ], [ -93.717884, 30.065554 ], [ -93.713772, 30.065687 ], [ -93.711074, 30.054391 ], [ -93.704151, 30.054208 ], [ -93.699516, 30.058578 ], [ -93.703105, 30.066261 ], [ -93.717008, 30.069583 ], [ -93.734085, 30.08613 ], [ -93.733127, 30.088374 ], [ -93.731079, 30.089518 ], [ -93.726859, 30.082268 ], [ -93.724005, 30.082626 ], [ -93.723765, 30.09413 ], [ -93.715493, 30.100529 ], [ -93.712261, 30.109041 ], [ -93.702436, 30.112721 ], [ -93.707954, 30.120016 ], [ -93.700872, 30.123114 ], [ -93.70121, 30.137458 ], [ -93.692849, 30.135213 ], [ -93.688205, 30.141357 ], [ -93.693303, 30.141899 ], [ -93.697737, 30.152946 ], [ -93.709508, 30.146672 ], [ -93.706154, 30.150596 ], [ -93.706996, 30.157465 ], [ -93.700817, 30.166226 ], [ -93.703, 30.171695 ], [ -93.699953, 30.175529 ], [ -93.70424, 30.174185 ], [ -93.705621, 30.180649 ], [ -93.710684, 30.179862 ], [ -93.708795, 30.186353 ], [ -93.712423, 30.187172 ], [ -93.712552, 30.192456 ], [ -93.705495, 30.192921 ], [ -93.709121, 30.197208 ], [ -93.717523, 30.193085 ], [ -93.714192, 30.208659 ], [ -93.717438, 30.206208 ], [ -93.721259, 30.209611 ], [ -93.717119, 30.21204 ], [ -93.719557, 30.214751 ], [ -93.71702, 30.216131 ], [ -93.720689, 30.215481 ], [ -93.718463, 30.219998 ], [ -93.713058, 30.218641 ], [ -93.711176, 30.22207 ], [ -93.713642, 30.224656 ], [ -93.709509, 30.227834 ], [ -93.713496, 30.2289 ], [ -93.711098, 30.235247 ], [ -93.70449, 30.233787 ], [ -93.70945, 30.238514 ], [ -93.703099, 30.238459 ], [ -93.709531, 30.244932 ], [ -93.705542, 30.246502 ], [ -93.70905, 30.248048 ], [ -93.708928, 30.251653 ], [ -93.702983, 30.260517 ], [ -93.707266, 30.261471 ], [ -93.706218, 30.265477 ], [ -93.708819, 30.265923 ], [ -93.705452, 30.267756 ], [ -93.708666, 30.267428 ], [ -93.707757, 30.271569 ], [ -93.710416, 30.273172 ], [ -93.706526, 30.273501 ], [ -93.70406, 30.279417 ], [ -93.709419, 30.281917 ], [ -93.704584, 30.289949 ], [ -93.708354, 30.292563 ], [ -93.712908, 30.287939 ], [ -93.712269, 30.292331 ], [ -93.715521, 30.295629 ], [ -93.715413, 30.292764 ], [ -93.718982, 30.296246 ], [ -93.724208, 30.295112 ], [ -93.725511, 30.298226 ], [ -93.737556, 30.299369 ], [ -93.734546, 30.301675 ], [ -93.73852, 30.303745 ], [ -93.742424, 30.301139 ], [ -93.744352, 30.305451 ], [ -93.740918, 30.30723 ], [ -93.748609, 30.311945 ], [ -93.746868, 30.315376 ], [ -93.750181, 30.31701 ], [ -93.747815, 30.318756 ], [ -93.756198, 30.326004 ], [ -93.751676, 30.329347 ], [ -93.755244, 30.328387 ], [ -93.757274, 30.332354 ], [ -93.762958, 30.329448 ], [ -93.765829, 30.332745 ], [ -93.758658, 30.339019 ], [ -93.765655, 30.343409 ], [ -93.759533, 30.342323 ], [ -93.763655, 30.34604 ], [ -93.757718, 30.349977 ], [ -93.76248, 30.353039 ], [ -93.758118, 30.354686 ], [ -93.760779, 30.35985 ], [ -93.75893, 30.360965 ], [ -93.756803, 30.356158 ], [ -93.755367, 30.359582 ], [ -93.750979, 30.359899 ], [ -93.759216, 30.36802 ], [ -93.758051, 30.369692 ], [ -93.754857, 30.366091 ], [ -93.755226, 30.378848 ], [ -93.758466, 30.384033 ], [ -93.754822, 30.386313 ], [ -93.758612, 30.386186 ], [ -93.757668, 30.390441 ], [ -93.751016, 30.396484 ], [ -93.745681, 30.39657 ], [ -93.736764, 30.405478 ], [ -93.733917, 30.414935 ], [ -93.728721, 30.413547 ], [ -93.727548, 30.41872 ], [ -93.722749, 30.419557 ], [ -93.726834, 30.423642 ], [ -93.726106, 30.43072 ], [ -93.722767, 30.431983 ], [ -93.718051, 30.422579 ], [ -93.712747, 30.433175 ], [ -93.702329, 30.42984 ], [ -93.704154, 30.434353 ], [ -93.698927, 30.437234 ], [ -93.697578, 30.442233 ], [ -93.698306, 30.444928 ], [ -93.707465, 30.445045 ], [ -93.702103, 30.449759 ], [ -93.706339, 30.458141 ], [ -93.699036, 30.458805 ], [ -93.711854, 30.469437 ], [ -93.710519, 30.475498 ], [ -93.717421, 30.483822 ], [ -93.709763, 30.482649 ], [ -93.717069, 30.494449 ], [ -93.708669, 30.499124 ], [ -93.715145, 30.501268 ], [ -93.706809, 30.507069 ], [ -93.707653, 30.511066 ], [ -93.711762, 30.510915 ], [ -93.707683, 30.521337 ], [ -93.716473, 30.519231 ], [ -93.720484, 30.524328 ], [ -93.732793, 30.52996 ], [ -93.732416, 30.536366 ], [ -93.740253, 30.539569 ], [ -93.72876, 30.545296 ], [ -93.731423, 30.552861 ], [ -93.723945, 30.559224 ], [ -93.727818, 30.565919 ], [ -93.727844, 30.57407 ], [ -93.721493, 30.580553 ], [ -93.715068, 30.579018 ], [ -93.713782, 30.587584 ], [ -93.703908, 30.588441 ], [ -93.692869, 30.594382 ], [ -93.687804, 30.590138 ], [ -93.692222, 30.585706 ], [ -93.686573, 30.58572 ], [ -93.685066, 30.592086 ], [ -93.678949, 30.593637 ], [ -93.683372, 30.608249 ], [ -93.689134, 30.611406 ], [ -93.681983, 30.618584 ], [ -93.685121, 30.625201 ], [ -93.684211, 30.631881 ], [ -93.680415, 30.634877 ], [ -93.682972, 30.641251 ], [ -93.670536, 30.652626 ], [ -93.670358, 30.658007 ], [ -93.659745, 30.662052 ], [ -93.654972, 30.670185 ], [ -93.648584, 30.667647 ], [ -93.645306, 30.673481 ], [ -93.638215, 30.67306 ], [ -93.629887, 30.679935 ], [ -93.620442, 30.694142 ], [ -93.624676, 30.699937 ], [ -93.616437, 30.712388 ], [ -93.617229, 30.71858 ], [ -93.610046, 30.718293 ], [ -93.60872, 30.715235 ], [ -93.605391, 30.717159 ], [ -93.613644, 30.722143 ], [ -93.609544, 30.723139 ], [ -93.609814, 30.727339 ], [ -93.617719, 30.728897 ], [ -93.609134, 30.730039 ], [ -93.619031, 30.740338 ], [ -93.608414, 30.746664 ], [ -93.614777, 30.756064 ], [ -93.614346, 30.760195 ], [ -93.609178, 30.75726 ], [ -93.605941, 30.764593 ], [ -93.603663, 30.760115 ], [ -93.592101, 30.763675 ], [ -93.592714, 30.775095 ], [ -93.583165, 30.778596 ], [ -93.589381, 30.786676 ], [ -93.581921, 30.788979 ], [ -93.583775, 30.801779 ], [ -93.574677, 30.801373 ], [ -93.56298, 30.806009 ], [ -93.560707, 30.809639 ], [ -93.564164, 30.817541 ], [ -93.554433, 30.823524 ], [ -93.55732, 30.828419 ], [ -93.553626, 30.83514 ], [ -93.568717, 30.844182 ], [ -93.557314, 30.852081 ], [ -93.562147, 30.859332 ], [ -93.558616, 30.869424 ], [ -93.564504, 30.86864 ], [ -93.563233, 30.874867 ], [ -93.570604, 30.875193 ], [ -93.57408, 30.884529 ], [ -93.566316, 30.894839 ], [ -93.549202, 30.897439 ], [ -93.548623, 30.899894 ], [ -93.553995, 30.902773 ], [ -93.553026, 30.9081 ], [ -93.558562, 30.913238 ], [ -93.545718, 30.9271 ], [ -93.542073, 30.925849 ], [ -93.543423, 30.920153 ], [ -93.532008, 30.923754 ], [ -93.526474, 30.929464 ], [ -93.526013, 30.937535 ], [ -93.532367, 30.948977 ], [ -93.531758, 30.958217 ], [ -93.543122, 30.95674 ], [ -93.546327, 30.957802 ], [ -93.549841, 30.967118 ], [ -93.560537, 30.971289 ], [ -93.567737, 30.968971 ], [ -93.573537, 30.971206 ], [ -93.574332, 30.973708 ], [ -93.566858, 30.979403 ], [ -93.564299, 30.9897 ], [ -93.573365, 30.991828 ], [ -93.578207, 30.999995 ], [ -93.566561, 31.013057 ], [ -93.555927, 31.003744 ], [ -93.549377, 31.010143 ], [ -93.539184, 31.008212 ], [ -93.532457, 31.019719 ], [ -93.522314, 31.020098 ], [ -93.508039, 31.031532 ], [ -93.523383, 31.037716 ], [ -93.52445, 31.041139 ], [ -93.518899, 31.043736 ], [ -93.531628, 31.053627 ], [ -93.530129, 31.056814 ], [ -93.521145, 31.057275 ], [ -93.518912, 31.061863 ], [ -93.520126, 31.065816 ], [ -93.528732, 31.069214 ], [ -93.527645, 31.07451 ], [ -93.552205, 31.078931 ], [ -93.549262, 31.090412 ], [ -93.555815, 31.086965 ], [ -93.563746, 31.094522 ], [ -93.560342, 31.097744 ], [ -93.559378, 31.097678 ], [ -93.557941, 31.095874 ], [ -93.553722, 31.093869 ], [ -93.558179, 31.097983 ], [ -93.549067, 31.100219 ], [ -93.545935, 31.111197 ], [ -93.539366, 31.115207 ], [ -93.53787, 31.12657 ], [ -93.544735, 31.136066 ], [ -93.5487, 31.155839 ], [ -93.536481, 31.158471 ], [ -93.543061, 31.170658 ], [ -93.532807, 31.174265 ], [ -93.532545, 31.183314 ], [ -93.535098, 31.185612 ], [ -93.544365, 31.183478 ], [ -93.549984, 31.186627 ], [ -93.569563, 31.177574 ], [ -93.578166, 31.167855 ], [ -93.589119, 31.165889 ], [ -93.600308, 31.176158 ], [ -93.601857, 31.199393 ], [ -93.607243, 31.204806 ], [ -93.603496, 31.21671 ], [ -93.595255, 31.220314 ], [ -93.599353, 31.224949 ], [ -93.596273, 31.22951 ], [ -93.608158, 31.227835 ], [ -93.610705, 31.232152 ], [ -93.618107, 31.232685 ], [ -93.616308, 31.244595 ], [ -93.621757, 31.249127 ], [ -93.614288, 31.251631 ], [ -93.613942, 31.259375 ], [ -93.619924, 31.265178 ], [ -93.620343, 31.271025 ], [ -93.642516, 31.269508 ], [ -93.648648, 31.28423 ], [ -93.658685, 31.281624 ], [ -93.668928, 31.297975 ], [ -93.683561, 31.301507 ], [ -93.687278, 31.306068 ], [ -93.682941, 31.318999 ], [ -93.673553, 31.324542 ], [ -93.677277, 31.330483 ], [ -93.669024, 31.338829 ], [ -93.668439, 31.353012 ], [ -93.645866, 31.359008 ], [ -93.639222, 31.37202 ], [ -93.670999, 31.366221 ], [ -93.673847, 31.370633 ], [ -93.669017, 31.371379 ], [ -93.670182, 31.387184 ], [ -93.674117, 31.397681 ], [ -93.682097, 31.398332 ], [ -93.690326, 31.406591 ], [ -93.704879, 31.410881 ], [ -93.704678, 31.4189 ], [ -93.692526, 31.438201 ], [ -93.709512, 31.442025 ], [ -93.703934, 31.455493 ], [ -93.709128, 31.456746 ], [ -93.70997, 31.45276 ], [ -93.71675, 31.457548 ], [ -93.721931, 31.453447 ], [ -93.749476, 31.46869 ], [ -93.745542, 31.480396 ], [ -93.751368, 31.479072 ], [ -93.752387, 31.48274 ], [ -93.737168, 31.484622 ], [ -93.735315, 31.489074 ], [ -93.731346, 31.487274 ], [ -93.722596, 31.492769 ], [ -93.723447, 31.500938 ], [ -93.717485, 31.501496 ], [ -93.719567, 31.506921 ], [ -93.711046, 31.512161 ], [ -93.742693, 31.515694 ], [ -93.744448, 31.517853 ], [ -93.740529, 31.518142 ], [ -93.742652, 31.52656 ], [ -93.747437, 31.530682 ], [ -93.751889, 31.527475 ], [ -93.758111, 31.529872 ], [ -93.75386, 31.525331 ], [ -93.760062, 31.523933 ], [ -93.787687, 31.527344 ], [ -93.803359, 31.538787 ], [ -93.799536, 31.542977 ], [ -93.818582, 31.554826 ], [ -93.821107, 31.560471 ], [ -93.81686, 31.563084 ], [ -93.821564, 31.563696 ], [ -93.822958, 31.56813 ], [ -93.818434, 31.570943 ], [ -93.834918, 31.586212 ], [ -93.839416, 31.5992 ], [ -93.838057, 31.606795 ], [ -93.827852, 31.616551 ], [ -93.827083, 31.612857 ], [ -93.818717, 31.614556 ], [ -93.82717, 31.620276 ], [ -93.817155, 31.621872 ], [ -93.820848, 31.62902 ], [ -93.815955, 31.632279 ], [ -93.818037, 31.647892 ], [ -93.811516, 31.647435 ], [ -93.819486, 31.65265 ], [ -93.826462, 31.666919 ], [ -93.822051, 31.673967 ], [ -93.817425, 31.672146 ], [ -93.816651, 31.66801 ], [ -93.812433, 31.670245 ], [ -93.816285, 31.67536 ], [ -93.804462, 31.684089 ], [ -93.794462, 31.70332 ], [ -93.797407, 31.705615 ], [ -93.809798, 31.703082 ], [ -93.811802, 31.707485 ], [ -93.816694, 31.707917 ], [ -93.812477, 31.715246 ], [ -93.81493, 31.728688 ], [ -93.824579, 31.734397 ], [ -93.836884, 31.750171 ], [ -93.829821, 31.760619 ], [ -93.826461, 31.759193 ], [ -93.82681, 31.763777 ], [ -93.829587, 31.764204 ], [ -93.825328, 31.76717 ], [ -93.823443, 31.775098 ], [ -93.83312, 31.777522 ], [ -93.831732, 31.780914 ], [ -93.837693, 31.780817 ], [ -93.835613, 31.794489 ], [ -93.839343, 31.80033 ], [ -93.851481, 31.80015 ], [ -93.861384, 31.812297 ], [ -93.873253, 31.814886 ], [ -93.870937, 31.819383 ], [ -93.874761, 31.821661 ], [ -93.874645, 31.829888 ], [ -93.877358, 31.832528 ], [ -93.872819, 31.836301 ], [ -93.874964, 31.840868 ], [ -93.881914, 31.842216 ], [ -93.878956, 31.844767 ], [ -93.884117, 31.847606 ], [ -93.882878, 31.854672 ], [ -93.889396, 31.8559 ], [ -93.881678, 31.868581 ], [ -93.884879, 31.869372 ], [ -93.885415, 31.865257 ], [ -93.893438, 31.871731 ], [ -93.892115, 31.875917 ], [ -93.901676, 31.87457 ], [ -93.901888, 31.880063 ], [ -93.896458, 31.886286 ], [ -93.900616, 31.896788 ], [ -93.906188, 31.889928 ], [ -93.906539, 31.892509 ], [ -93.919681, 31.890963 ], [ -93.920975, 31.885878 ], [ -93.92621, 31.888683 ], [ -93.925526, 31.894615 ], [ -93.93119, 31.891495 ], [ -93.932135, 31.893672 ], [ -93.921594, 31.904421 ], [ -93.928651, 31.912645 ], [ -93.937537, 31.909222 ], [ -93.953546, 31.910563 ], [ -93.959768, 31.923226 ], [ -93.97171, 31.920386 ], [ -94.006795, 31.97343 ], [ -94.016515, 31.981174 ], [ -94.018514, 31.992432 ], [ -94.022893, 31.99045 ], [ -94.028622, 31.996246 ], [ -94.042241, 31.993609 ], [ -94.043015, 33.019262 ], [ -93.215756, 33.018446 ] ] ] } },
{ "type": "Feature", "properties": { "STUSPS": "ME", "NAME": "Maine", "region_name": "Northeast", "division_name": "New England" }, "geometry": { "type": "Polygon", "coordinates": [ [ [ -67.818008, 45.693819 ], [ -67.80363, 45.677651 ], [ -67.768718, 45.677487 ], [ -67.754303, 45.667575 ], [ -67.74442, 45.672917 ], [ -67.732473, 45.66338 ], [ -67.720073, 45.662265 ], [ -67.717943, 45.667661 ], [ -67.729954, 45.676675 ], [ -67.733499, 45.684034 ], [ -67.734552, 45.68892 ], [ -67.728252, 45.689244 ], [ -67.717814, 45.67941 ], [ -67.709574, 45.681328 ], [ -67.697941, 45.659554 ], [ -67.691313, 45.653534 ], [ -67.6923, 45.650087 ], [ -67.67523, 45.630741 ], [ -67.645566, 45.613339 ], [ -67.639775, 45.616082 ], [ -67.643956, 45.623147 ], [ -67.639102, 45.625115 ], [ -67.608374, 45.606148 ], [ -67.589857, 45.606784 ], [ -67.561689, 45.594693 ], [ -67.547995, 45.597847 ], [ -67.519216, 45.587568 ], [ -67.499022, 45.586654 ], [ -67.487958, 45.595822 ], [ -67.494108, 45.598938 ], [ -67.49329, 45.601343 ], [ -67.477184, 45.603909 ], [ -67.468489, 45.600681 ], [ -67.456702, 45.60434 ], [ -67.450018, 45.602466 ], [ -67.447325, 45.596607 ], [ -67.431055, 45.584114 ], [ -67.423194, 45.571592 ], [ -67.42887, 45.568337 ], [ -67.420666, 45.549676 ], [ -67.425077, 45.540258 ], [ -67.432471, 45.540407 ], [ -67.434864, 45.528137 ], [ -67.432698, 45.519781 ], [ -67.420928, 45.511792 ], [ -67.416211, 45.501295 ], [ -67.422818, 45.505495 ], [ -67.430107, 45.501023 ], [ -67.450141, 45.510267 ], [ -67.453459, 45.508848 ], [ -67.449714, 45.499087 ], [ -67.463599, 45.50838 ], [ -67.47113, 45.504174 ], [ -67.470467, 45.499517 ], [ -67.463735, 45.497056 ], [ -67.467543, 45.495175 ], [ -67.477597, 45.497048 ], [ -67.48169, 45.493805 ], [ -67.485489, 45.4956 ], [ -67.489532, 45.489155 ], [ -67.503455, 45.489568 ], [ -67.500946, 45.47894 ], [ -67.487227, 45.467729 ], [ -67.482106, 45.459397 ], [ -67.485029, 45.452759 ], [ -67.476469, 45.443322 ], [ -67.480391, 45.440935 ], [ -67.474112, 45.425089 ], [ -67.461242, 45.422228 ], [ -67.452727, 45.409677 ], [ -67.427641, 45.391016 ], [ -67.419235, 45.377104 ], [ -67.421134, 45.373571 ], [ -67.430168, 45.371617 ], [ -67.43453, 45.364964 ], [ -67.433554, 45.360818 ], [ -67.425353, 45.357415 ], [ -67.431456, 45.349763 ], [ -67.428879, 45.344387 ], [ -67.431226, 45.341073 ], [ -67.440605, 45.336037 ], [ -67.443602, 45.330869 ], [ -67.456909, 45.325254 ], [ -67.451837, 45.317682 ], [ -67.460312, 45.300018 ], [ -67.468069, 45.298994 ], [ -67.466125, 45.293859 ], [ -67.474715, 45.291677 ], [ -67.476111, 45.288633 ], [ -67.485078, 45.291153 ], [ -67.489044, 45.280575 ], [ -67.483505, 45.279454 ], [ -67.482031, 45.275365 ], [ -67.476419, 45.275396 ], [ -67.474784, 45.263277 ], [ -67.46852, 45.250653 ], [ -67.461914, 45.242701 ], [ -67.453849, 45.241235 ], [ -67.439302, 45.226126 ], [ -67.427969, 45.201791 ], [ -67.429267, 45.193465 ], [ -67.418114, 45.189997 ], [ -67.40654, 45.178904 ], [ -67.40052, 45.177667 ], [ -67.399199, 45.168955 ], [ -67.404769, 45.166777 ], [ -67.405029, 45.160063 ], [ -67.38072, 45.152144 ], [ -67.353445, 45.129165 ], [ -67.345993, 45.126452 ], [ -67.340848, 45.125041 ], [ -67.330505, 45.131801 ], [ -67.320822, 45.131335 ], [ -67.317701, 45.138022 ], [ -67.320012, 45.142402 ], [ -67.295973, 45.147837 ], [ -67.294225, 45.153632 ], [ -67.301625, 45.156996 ], [ -67.302686, 45.160712 ], [ -67.299343, 45.16918 ], [ -67.291426, 45.171035 ], [ -67.294047, 45.177166 ], [ -67.290991, 45.187572 ], [ -67.28336, 45.191859 ], [ -67.269216, 45.190508 ], [ -67.247426, 45.180889 ], [ -67.242809, 45.172443 ], [ -67.227284, 45.163429 ], [ -67.205083, 45.171409 ], [ -67.190893, 45.165715 ], [ -67.158871, 45.162035 ], [ -67.112557, 45.112584 ], [ -67.094551, 45.074513 ], [ -67.021665, 44.953914 ], [ -66.996846, 44.928371 ], [ -66.96871, 44.910389 ], [ -66.982134, 44.867259 ], [ -66.974774, 44.850971 ], [ -66.974863, 44.841605 ], [ -66.965299, 44.828903 ], [ -66.932563, 44.825508 ], [ -66.885444, 44.794208 ], [ -66.902555, 44.776561 ], [ -66.952269, 44.760422 ], [ -66.977521, 44.731241 ], [ -67.010765, 44.717322 ], [ -67.023965, 44.705091 ], [ -67.039279, 44.696968 ], [ -67.050213, 44.681048 ], [ -67.087518, 44.653461 ], [ -67.093212, 44.643081 ], [ -67.103758, 44.633426 ], [ -67.127448, 44.621417 ], [ -67.140854, 44.608265 ], [ -67.174319, 44.594704 ], [ -67.187845, 44.581782 ], [ -67.223285, 44.563226 ], [ -67.248052, 44.554898 ], [ -67.30082, 44.549857 ], [ -67.317841, 44.531544 ], [ -67.340448, 44.521289 ], [ -67.365998, 44.517827 ], [ -67.3882, 44.520399 ], [ -67.413878, 44.50964 ], [ -67.443396, 44.505279 ], [ -67.441256, 44.500079 ], [ -67.444227, 44.481126 ], [ -67.455241, 44.464873 ], [ -67.466882, 44.457317 ], [ -67.473027, 44.448339 ], [ -67.499433, 44.427549 ], [ -67.567585, 44.397209 ], [ -67.627413, 44.383473 ], [ -67.654979, 44.386707 ], [ -67.674642, 44.394634 ], [ -67.695819, 44.387696 ], [ -67.715329, 44.386501 ], [ -67.741744, 44.390831 ], [ -67.758567, 44.398262 ], [ -67.77475, 44.411314 ], [ -67.798994, 44.398364 ], [ -67.805569, 44.391015 ], [ -67.796042, 44.379523 ], [ -67.795262, 44.361165 ], [ -67.800796, 44.347485 ], [ -67.80969, 44.33651 ], [ -67.823728, 44.327038 ], [ -67.858336, 44.317024 ], [ -67.874443, 44.316925 ], [ -67.898151, 44.322126 ], [ -67.925178, 44.341434 ], [ -67.942412, 44.326071 ], [ -67.960779, 44.319265 ], [ -67.965575, 44.305998 ], [ -67.973647, 44.295159 ], [ -67.999446, 44.280197 ], [ -68.027844, 44.274214 ], [ -68.060959, 44.278256 ], [ -68.12828, 44.264253 ], [ -68.12066, 44.244315 ], [ -68.122626, 44.226041 ], [ -68.137579, 44.20686 ], [ -68.15649, 44.194844 ], [ -68.17075, 44.190114 ], [ -68.168388, 44.172908 ], [ -68.175858, 44.125083 ], [ -68.185813, 44.111962 ], [ -68.20336, 44.099587 ], [ -68.230237, 44.090501 ], [ -68.263136, 44.090617 ], [ -68.279212, 44.069945 ], [ -68.311393, 44.053429 ], [ -68.368797, 44.04522 ], [ -68.436843, 44.053233 ], [ -68.446559, 44.042583 ], [ -68.463012, 44.032112 ], [ -68.484945, 44.028309 ], [ -68.487415, 44.017783 ], [ -68.493106, 44.010558 ], [ -68.530715, 43.986621 ], [ -68.547277, 43.96862 ], [ -68.568388, 43.95797 ], [ -68.594164, 43.95373 ], [ -68.618726, 43.955894 ], [ -68.641009, 43.949362 ], [ -68.659586, 43.947991 ], [ -68.68968, 43.954199 ], [ -68.707191, 43.963827 ], [ -68.721478, 43.961938 ], [ -68.742649, 43.943147 ], [ -68.726195, 43.943376 ], [ -68.706998, 43.939182 ], [ -68.679258, 43.923455 ], [ -68.668721, 43.908826 ], [ -68.663789, 43.893926 ], [ -68.669433, 43.869576 ], [ -68.68466, 43.854647 ], [ -68.712754, 43.838399 ], [ -68.749473, 43.832531 ], [ -68.785324, 43.804339 ], [ -68.781219, 43.785144 ], [ -68.786139, 43.768364 ], [ -68.805361, 43.745983 ], [ -68.826916, 43.735711 ], [ -68.849101, 43.732384 ], [ -68.870646, 43.733565 ], [ -68.925518, 43.750088 ], [ -68.944436, 43.76787 ], [ -68.949836, 43.78017 ], [ -68.98116, 43.783786 ], [ -69.009922, 43.798436 ], [ -69.024295, 43.819842 ], [ -69.022784, 43.842507 ], [ -69.055894, 43.858911 ], [ -69.064935, 43.841908 ], [ -69.083005, 43.825647 ], [ -69.149825, 43.795735 ], [ -69.171042, 43.793194 ], [ -69.197199, 43.795992 ], [ -69.226563, 43.812203 ], [ -69.236554, 43.825626 ], [ -69.26234, 43.815374 ], [ -69.242535, 43.799761 ], [ -69.233276, 43.780962 ], [ -69.23338, 43.762316 ], [ -69.238097, 43.750084 ], [ -69.262027, 43.725426 ], [ -69.282948, 43.713766 ], [ -69.308953, 43.705012 ], [ -69.335093, 43.704485 ], [ -69.356378, 43.71088 ], [ -69.387588, 43.736105 ], [ -69.39721, 43.763371 ], [ -69.395313, 43.780257 ], [ -69.387279, 43.799016 ], [ -69.40927, 43.810817 ], [ -69.469868, 43.793901 ], [ -69.505785, 43.778456 ], [ -69.515826, 43.760975 ], [ -69.514162, 43.750085 ], [ -69.51909, 43.732122 ], [ -69.535308, 43.714534 ], [ -69.550938, 43.707144 ], [ -69.566618, 43.70283 ], [ -69.596703, 43.70329 ], [ -69.617288, 43.699814 ], [ -69.644048, 43.703575 ], [ -69.664745, 43.711748 ], [ -69.686329, 43.6982 ], [ -69.693393, 43.683381 ], [ -69.708337, 43.668222 ], [ -69.730396, 43.657273 ], [ -69.749488, 43.653985 ], [ -69.786576, 43.658131 ], [ -69.808826, 43.64734 ], [ -69.827523, 43.644959 ], [ -69.855212, 43.646947 ], [ -70.155986, 43.524444 ], [ -70.268433, 43.426351 ], [ -70.280397, 43.408738 ], [ -70.318948, 43.390138 ], [ -70.346185, 43.358183 ], [ -70.351637, 43.339101 ], [ -70.367397, 43.323317 ], [ -70.396707, 43.312465 ], [ -70.421808, 43.297495 ], [ -70.455314, 43.290347 ], [ -70.473272, 43.291001 ], [ -70.49323, 43.286829 ], [ -70.502188, 43.268125 ], [ -70.520831, 43.252104 ], [ -70.512383, 43.242711 ], [ -70.506324, 43.21883 ], [ -70.511185, 43.201207 ], [ -70.519666, 43.191015 ], [ -70.522918, 43.178894 ], [ -70.521675, 43.154883 ], [ -70.499494, 43.166851 ], [ -70.486362, 43.170264 ], [ -70.464941, 43.170802 ], [ -70.440938, 43.16664 ], [ -70.419644, 43.152551 ], [ -70.407227, 43.138439 ], [ -70.403216, 43.115244 ], [ -70.406243, 43.102092 ], [ -70.421077, 43.086653 ], [ -70.439772, 43.076542 ], [ -70.459072, 43.071478 ], [ -70.493014, 43.073043 ], [ -70.52508, 43.089278 ], [ -70.537423, 43.105852 ], [ -70.540127, 43.130547 ], [ -70.555762, 43.121505 ], [ -70.561962, 43.109901 ], [ -70.582163, 43.095487 ], [ -70.590626, 43.06736 ], [ -70.599658, 43.056939 ], [ -70.57307, 43.052891 ], [ -70.552133, 43.043044 ], [ -70.532542, 43.019994 ], [ -70.528882, 43.005769 ], [ -70.534749, 42.988479 ], [ -70.535988, 42.956171 ], [ -70.540231, 42.944032 ], [ -70.552983, 42.929253 ], [ -70.569968, 42.919088 ], [ -70.575094, 42.917126 ], [ -70.587593, 42.949188 ], [ -70.611152, 42.97899 ], [ -70.630714, 42.985286 ], [ -70.701197, 43.04524 ], [ -70.70631, 43.075339 ], [ -70.737969, 43.073728 ], [ -70.743033, 43.077973 ], [ -70.756412, 43.080177 ], [ -70.765892, 43.092495 ], [ -70.779688, 43.096248 ], [ -70.82708, 43.127395 ], [ -70.83361, 43.146106 ], [ -70.827782, 43.170432 ], [ -70.823569, 43.174239 ], [ -70.828255, 43.187789 ], [ -70.819282, 43.192992 ], [ -70.820671, 43.199492 ], [ -70.816917, 43.21453 ], [ -70.809821, 43.225882 ], [ -70.817207, 43.229346 ], [ -70.815482, 43.233519 ], [ -70.817826, 43.238156 ], [ -70.827431, 43.243384 ], [ -70.837929, 43.242438 ], [ -70.842827, 43.254225 ], [ -70.85746, 43.255812 ], [ -70.862893, 43.264799 ], [ -70.870065, 43.266134 ], [ -70.874291, 43.271856 ], [ -70.883096, 43.273031 ], [ -70.882654, 43.278913 ], [ -70.885843, 43.280813 ], [ -70.883554, 43.283377 ], [ -70.896951, 43.28549 ], [ -70.899317, 43.287887 ], [ -70.896372, 43.292318 ], [ -70.906564, 43.292036 ], [ -70.90394, 43.296781 ], [ -70.896341, 43.298551 ], [ -70.902048, 43.301359 ], [ -70.903726, 43.306287 ], [ -70.907037, 43.304662 ], [ -70.912607, 43.307584 ], [ -70.911295, 43.310438 ], [ -70.9154, 43.315412 ], [ -70.911798, 43.315733 ], [ -70.911417, 43.319723 ], [ -70.920359, 43.32121 ], [ -70.919154, 43.324445 ], [ -70.924387, 43.32385 ], [ -70.922923, 43.326162 ], [ -70.931651, 43.330861 ], [ -70.933955, 43.335363 ], [ -70.931178, 43.336545 ], [ -70.955852, 43.333997 ], [ -70.959499, 43.340978 ], [ -70.967953, 43.344579 ], [ -70.967449, 43.34924 ], [ -70.972591, 43.348378 ], [ -70.972027, 43.354634 ], [ -70.978161, 43.358663 ], [ -70.97459, 43.363576 ], [ -70.985668, 43.379178 ], [ -70.987881, 43.389935 ], [ -70.982297, 43.398282 ], [ -70.986508, 43.403981 ], [ -70.986843, 43.413784 ], [ -70.981273, 43.420872 ], [ -70.969707, 43.426907 ], [ -70.968792, 43.434597 ], [ -70.960979, 43.438389 ], [ -70.966626, 43.451274 ], [ -70.961116, 43.469188 ], [ -70.97604, 43.478428 ], [ -70.967526, 43.480945 ], [ -70.968289, 43.489452 ], [ -70.964336, 43.497142 ], [ -70.958843, 43.49937 ], [ -70.957973, 43.508037 ], [ -70.954661, 43.509303 ], [ -70.956798, 43.512782 ], [ -70.953944, 43.522273 ], [ -70.963802, 43.539371 ], [ -70.953504, 43.540603 ], [ -70.950632, 43.551313 ], [ -70.954903, 43.554045 ], [ -70.957253, 43.561338 ], [ -70.96283, 43.563394 ], [ -70.966712, 43.569437 ], [ -70.972774, 43.570512 ], [ -70.98904, 43.790138 ], [ -71.005746, 44.202675 ], [ -71.033524, 44.697637 ], [ -71.077173, 45.250048 ], [ -71.083928, 45.305484 ], [ -71.0591, 45.313838 ], [ -71.032671, 45.310192 ], [ -71.027092, 45.314686 ], [ -71.008521, 45.319241 ], [ -71.001872, 45.328428 ], [ -71.012116, 45.333869 ], [ -71.010652, 45.347675 ], [ -70.990847, 45.338096 ], [ -70.984975, 45.331907 ], [ -70.967324, 45.332221 ], [ -70.952379, 45.339117 ], [ -70.94949, 45.331317 ], [ -70.938894, 45.31998 ], [ -70.929966, 45.318811 ], [ -70.927161, 45.314854 ], [ -70.917835, 45.311723 ], [ -70.91961, 45.305263 ], [ -70.912005, 45.296311 ], [ -70.921334, 45.279226 ], [ -70.907499, 45.268443 ], [ -70.905895, 45.260827 ], [ -70.898512, 45.258328 ], [ -70.895146, 45.252257 ], [ -70.896943, 45.241864 ], [ -70.884734, 45.234859 ], [ -70.857533, 45.229134 ], [ -70.837584, 45.234989 ], [ -70.836636, 45.237304 ], [ -70.84863, 45.245179 ], [ -70.84653, 45.253013 ], [ -70.849615, 45.255907 ], [ -70.848941, 45.26309 ], [ -70.841252, 45.267014 ], [ -70.831896, 45.278911 ], [ -70.829943, 45.29018 ], [ -70.835464, 45.293964 ], [ -70.816291, 45.298181 ], [ -70.81154, 45.303767 ], [ -70.814629, 45.308161 ], [ -70.808426, 45.311817 ], [ -70.807582, 45.327662 ], [ -70.816401, 45.330773 ], [ -70.819901, 45.340195 ], [ -70.809801, 45.348671 ], [ -70.81447, 45.356681 ], [ -70.809836, 45.35797 ], [ -70.802755, 45.367521 ], [ -70.813773, 45.387758 ], [ -70.823927, 45.391019 ], [ -70.82595, 45.398381 ], [ -70.811334, 45.416166 ], [ -70.802509, 45.417937 ], [ -70.798095, 45.426516 ], [ -70.787579, 45.426473 ], [ -70.781439, 45.43123 ], [ -70.764396, 45.425928 ], [ -70.754579, 45.42831 ], [ -70.744012, 45.421166 ], [ -70.743573, 45.41186 ], [ -70.730379, 45.404375 ], [ -70.729654, 45.399096 ], [ -70.712014, 45.390483 ], [ -70.699502, 45.394537 ], [ -70.696157, 45.392417 ], [ -70.678171, 45.394274 ], [ -70.661661, 45.38631 ], [ -70.660782, 45.378133 ], [ -70.651784, 45.376958 ], [ -70.634888, 45.383417 ], [ -70.638878, 45.388825 ], [ -70.636322, 45.395233 ], [ -70.621269, 45.402736 ], [ -70.635051, 45.411069 ], [ -70.635502, 45.414888 ], [ -70.627774, 45.420703 ], [ -70.629821, 45.426314 ], [ -70.640446, 45.430777 ], [ -70.650732, 45.444944 ], [ -70.681114, 45.452183 ], [ -70.681822, 45.461691 ], [ -70.692868, 45.466364 ], [ -70.691721, 45.474266 ], [ -70.716396, 45.486467 ], [ -70.717844, 45.490232 ], [ -70.711596, 45.501808 ], [ -70.722692, 45.506512 ], [ -70.722571, 45.513672 ], [ -70.711119, 45.519534 ], [ -70.706456, 45.527915 ], [ -70.699097, 45.530132 ], [ -70.700918, 45.532489 ], [ -70.696525, 45.539996 ], [ -70.686982, 45.549313 ], [ -70.677099, 45.552211 ], [ -70.689195, 45.562183 ], [ -70.685119, 45.566571 ], [ -70.687692, 45.569422 ], [ -70.678095, 45.570501 ], [ -70.653958, 45.592808 ], [ -70.644573, 45.606985 ], [ -70.619147, 45.612023 ], [ -70.607045, 45.625654 ], [ -70.590871, 45.630459 ], [ -70.583573, 45.642397 ], [ -70.564945, 45.654807 ], [ -70.563709, 45.662742 ], [ -70.558589, 45.666476 ], [ -70.542391, 45.666458 ], [ -70.533911, 45.671006 ], [ -70.526392, 45.666356 ], [ -70.519911, 45.669073 ], [ -70.510779, 45.679155 ], [ -70.476059, 45.696917 ], [ -70.465469, 45.70653 ], [ -70.439162, 45.703874 ], [ -70.42541, 45.707521 ], [ -70.429201, 45.710392 ], [ -70.400346, 45.719717 ], [ -70.396506, 45.729081 ], [ -70.390102, 45.728496 ], [ -70.383836, 45.734554 ], [ -70.393894, 45.740089 ], [ -70.394511, 45.743589 ], [ -70.388425, 45.750206 ], [ -70.407027, 45.762528 ], [ -70.405624, 45.776515 ], [ -70.410183, 45.784237 ], [ -70.415739, 45.785348 ], [ -70.41687, 45.795536 ], [ -70.39616, 45.798659 ], [ -70.396693, 45.808096 ], [ -70.387793, 45.814353 ], [ -70.388027, 45.818803 ], [ -70.372241, 45.828004 ], [ -70.369337, 45.831171 ], [ -70.370824, 45.835198 ], [ -70.359426, 45.83545 ], [ -70.341945, 45.852344 ], [ -70.307806, 45.858847 ], [ -70.284458, 45.871698 ], [ -70.258822, 45.891169 ], [ -70.265718, 45.893749 ], [ -70.253867, 45.90248 ], [ -70.253386, 45.90737 ], [ -70.259532, 45.909764 ], [ -70.257183, 45.917639 ], [ -70.262351, 45.920042 ], [ -70.26309, 45.923987 ], [ -70.239626, 45.939638 ], [ -70.239142, 45.943944 ], [ -70.244275, 45.944678 ], [ -70.242325, 45.946639 ], [ -70.252794, 45.955401 ], [ -70.260526, 45.95229 ], [ -70.258024, 45.958979 ], [ -70.265714, 45.964206 ], [ -70.274476, 45.961383 ], [ -70.272686, 45.964373 ], [ -70.277004, 45.967251 ], [ -70.283386, 45.963777 ], [ -70.315859, 45.962991 ], [ -70.31157, 45.966359 ], [ -70.311934, 45.974518 ], [ -70.307032, 45.978348 ], [ -70.30699, 45.982692 ], [ -70.294671, 45.986163 ], [ -70.283942, 45.995488 ], [ -70.288627, 45.994008 ], [ -70.291922, 45.997361 ], [ -70.302369, 45.99868 ], [ -70.306121, 46.009766 ], [ -70.317996, 46.019075 ], [ -70.301374, 46.02762 ], [ -70.29846, 46.030879 ], [ -70.301853, 46.033338 ], [ -70.297365, 46.04071 ], [ -70.281049, 46.050646 ], [ -70.278321, 46.056286 ], [ -70.278942, 46.060838 ], [ -70.284246, 46.062718 ], [ -70.300384, 46.060585 ], [ -70.310956, 46.064182 ], [ -70.302531, 46.070358 ], [ -70.305025, 46.071803 ], [ -70.299982, 46.078415 ], [ -70.301909, 46.08236 ], [ -70.292022, 46.086793 ], [ -70.289706, 46.094574 ], [ -70.284184, 46.09789 ], [ -70.285937, 46.099826 ], [ -70.272533, 46.102085 ], [ -70.253114, 46.100119 ], [ -70.254531, 46.113703 ], [ -70.236283, 46.145233 ], [ -70.240594, 46.150969 ], [ -70.248233, 46.151806 ], [ -70.266569, 46.169331 ], [ -70.277594, 46.174575 ], [ -70.285939, 46.184628 ], [ -70.290608, 46.185136 ], [ -70.292692, 46.191464 ], [ -70.271075, 46.210825 ], [ -70.273647, 46.216828 ], [ -70.267481, 46.219408 ], [ -70.267336, 46.225017 ], [ -70.260367, 46.230228 ], [ -70.259197, 46.238917 ], [ -70.250892, 46.249108 ], [ -70.254678, 46.254214 ], [ -70.253072, 46.258825 ], [ -70.248661, 46.267081 ], [ -70.240667, 46.27295 ], [ -70.239878, 46.27915 ], [ -70.232531, 46.284708 ], [ -70.231633, 46.291028 ], [ -70.205881, 46.299728 ], [ -70.2061, 46.309856 ], [ -70.202983, 46.314361 ], [ -70.207292, 46.319553 ], [ -70.206047, 46.324742 ], [ -70.208944, 46.329494 ], [ -70.195697, 46.340833 ], [ -70.191189, 46.350217 ], [ -70.181692, 46.352181 ], [ -70.172886, 46.359186 ], [ -70.166564, 46.357361 ], [ -70.156433, 46.36145 ], [ -70.148092, 46.358994 ], [ -70.141094, 46.362522 ], [ -70.136436, 46.369872 ], [ -70.126992, 46.370808 ], [ -70.127025, 46.3804 ], [ -70.116206, 46.385917 ], [ -70.116647, 46.388217 ], [ -70.114211, 46.385203 ], [ -70.110764, 46.386108 ], [ -70.112317, 46.388094 ], [ -70.107761, 46.387719 ], [ -70.109875, 46.390269 ], [ -70.098781, 46.401069 ], [ -70.100419, 46.40315 ], [ -70.097775, 46.404244 ], [ -70.100936, 46.405256 ], [ -70.095175, 46.406417 ], [ -70.096944, 46.409478 ], [ -70.076447, 46.409539 ], [ -70.0565, 46.415578 ], [ -69.997111, 46.69552 ], [ -69.612854, 47.079033 ], [ -69.224461, 47.459833 ], [ -69.205196, 47.451953 ], [ -69.178897, 47.457378 ], [ -69.164928, 47.451515 ], [ -69.162258, 47.447432 ], [ -69.156499, 47.451639 ], [ -69.145611, 47.448588 ], [ -69.141056, 47.444003 ], [ -69.139301, 47.446636 ], [ -69.123609, 47.440687 ], [ -69.122015, 47.442698 ], [ -69.107793, 47.435375 ], [ -69.107741, 47.427684 ], [ -69.098882, 47.431448 ], [ -69.097852, 47.42689 ], [ -69.091267, 47.42683 ], [ -69.090138, 47.424136 ], [ -69.068393, 47.427406 ], [ -69.061907, 47.430586 ], [ -69.063549, 47.434058 ], [ -69.05212, 47.430008 ], [ -69.04855, 47.424194 ], [ -69.05215, 47.422142 ], [ -69.046546, 47.424273 ], [ -69.047435, 47.427741 ], [ -69.043217, 47.426784 ], [ -69.039197, 47.419655 ], [ -69.042249, 47.415713 ], [ -69.034519, 47.414565 ], [ -69.036595, 47.407677 ], [ -69.030599, 47.40742 ], [ -69.032376, 47.402221 ], [ -69.042494, 47.404746 ], [ -69.035239, 47.401801 ], [ -69.042732, 47.40197 ], [ -69.041852, 47.398235 ], [ -69.037565, 47.396843 ], [ -69.043769, 47.397433 ], [ -69.04541, 47.392986 ], [ -69.039642, 47.384208 ], [ -69.047483, 47.383423 ], [ -69.050025, 47.37855 ], [ -69.054883, 47.377716 ], [ -69.054866, 47.315331 ], [ -69.049237, 47.305849 ], [ -69.053465, 47.29718 ], [ -69.049696, 47.289284 ], [ -69.050778, 47.278474 ], [ -69.046842, 47.271585 ], [ -69.050747, 47.256479 ], [ -69.033773, 47.240403 ], [ -68.980399, 47.220113 ], [ -68.965275, 47.212525 ], [ -68.961186, 47.205686 ], [ -68.952854, 47.206894 ], [ -68.95078, 47.202004 ], [ -68.941058, 47.206078 ], [ -68.928445, 47.196599 ], [ -68.92374, 47.197377 ], [ -68.919949, 47.194832 ], [ -68.919779, 47.18993 ], [ -68.908443, 47.186342 ], [ -68.900034, 47.177742 ], [ -68.895519, 47.182434 ], [ -68.882152, 47.182907 ], [ -68.871033, 47.189069 ], [ -68.857438, 47.19034 ], [ -68.811529, 47.215131 ], [ -68.764346, 47.222044 ], [ -68.717024, 47.240541 ], [ -68.705107, 47.237866 ], [ -68.687152, 47.24441 ], [ -68.659847, 47.236124 ], [ -68.617512, 47.243372 ], [ -68.607518, 47.246982 ], [ -68.593546, 47.258769 ], [ -68.597675, 47.270155 ], [ -68.58005, 47.287115 ], [ -68.5498, 47.282142 ], [ -68.516766, 47.296086 ], [ -68.490156, 47.293857 ], [ -68.475025, 47.297139 ], [ -68.465619, 47.294609 ], [ -68.458486, 47.284367 ], [ -68.448767, 47.28201 ], [ -68.429807, 47.281259 ], [ -68.409848, 47.288008 ], [ -68.377858, 47.287375 ], [ -68.374725, 47.291015 ], [ -68.37632, 47.295184 ], [ -68.384787, 47.303661 ], [ -68.380844, 47.308226 ], [ -68.384715, 47.324081 ], [ -68.377723, 47.343551 ], [ -68.36313, 47.354657 ], [ -68.327668, 47.360068 ], [ -68.303262, 47.355238 ], [ -68.284798, 47.360286 ], [ -68.264908, 47.352217 ], [ -68.234469, 47.355301 ], [ -68.228121, 47.353358 ], [ -68.223719, 47.344704 ], [ -68.214533, 47.339606 ], [ -68.202351, 47.339416 ], [ -68.176045, 47.32887 ], [ -68.15468, 47.325185 ], [ -68.152211, 47.30967 ], [ -68.135891, 47.295648 ], [ -68.081944, 47.270993 ], [ -68.073993, 47.259159 ], [ -68.019671, 47.238498 ], [ -67.989703, 47.210022 ], [ -67.957218, 47.199619 ], [ -67.951945, 47.194534 ], [ -67.951464, 47.183464 ], [ -67.928663, 47.156219 ], [ -67.909833, 47.147219 ], [ -67.903491, 47.136485 ], [ -67.890856, 47.126558 ], [ -67.888166, 47.109813 ], [ -67.882916, 47.104403 ], [ -67.82111, 47.083414 ], [ -67.790196, 47.06722 ], [ -67.781248, 45.94345 ], [ -67.777836, 45.934207 ], [ -67.77347, 45.934823 ], [ -67.765938, 45.930536 ], [ -67.766238, 45.928033 ], [ -67.758555, 45.926378 ], [ -67.750628, 45.917636 ], [ -67.755371, 45.91166 ], [ -67.765323, 45.909753 ], [ -67.769526, 45.900808 ], [ -67.768053, 45.898111 ], [ -67.787515, 45.894681 ], [ -67.803911, 45.882898 ], [ -67.804547, 45.869379 ], [ -67.796151, 45.865243 ], [ -67.798504, 45.864046 ], [ -67.797114, 45.860025 ], [ -67.787281, 45.849554 ], [ -67.768803, 45.839003 ], [ -67.763773, 45.828839 ], [ -67.755319, 45.82335 ], [ -67.765642, 45.818533 ], [ -67.780689, 45.817757 ], [ -67.802118, 45.803034 ], [ -67.806483, 45.794405 ], [ -67.803852, 45.781103 ], [ -67.805513, 45.769541 ], [ -67.809313, 45.767358 ], [ -67.80627, 45.755244 ], [ -67.792879, 45.750075 ], [ -67.781796, 45.731117 ], [ -67.809622, 45.729574 ], [ -67.802934, 45.696088 ], [ -67.818008, 45.693819 ] ] ] } }
]
}
