scenario,zip_code,current_channel,state,model_channel,district,district_channels,rep,county,cbsa,place,district_name,m_rel,reason
ifa_pa_k4t,15001,ifa,PA,IFA,IFA_02,IFA,,42007,38300,4200820,"IFA Pittsburgh, PA",2.37901,
ifa_pa_k4t,15003,ifa,PA,IFA,IFA_02,IFA,,42007,38300,4222264,"IFA Pittsburgh, PA",0.0,no cell in the extract: territory at zero opportunity
ifa_pa_k4t,15004,ifa,PA,IFA,IFA_02,IFA,,42125,38300,4203472,"IFA Pittsburgh, PA",0.0,no cell in the extract: territory at zero opportunity
ifa_pa_k4t,15005,ifa,PA,IFA,IFA_02,IFA,,42007,38300,4222264,"IFA Pittsburgh, PA",0.0910034,
ifa_pa_k4t,15006,ifa,PA,IFA,IFA_02,IFA,,42003,38300,4203816,"IFA Pittsburgh, PA",0.0,no cell in the extract: territory at zero opportunity
ifa_pa_k4t,15007,ifa,PA,IFA,IFA_02,IFA,,42003,38300,4203864,"IFA Pittsburgh, PA",0.0,no cell in the extract: territory at zero opportunity
ifa_pa_k4t,15009,ifa,PA,IFA,IFA_02,IFA,,42007,38300,4256432,"IFA Pittsburgh, PA",8.5366,
ifa_pa_k4t,15010,ifa,PA,IFA,IFA_02,IFA,,42007,38300,4206240,"IFA Pittsburgh, PA",11.2517,
ifa_pa_k4t,15012,ifa,PA,IFA,IFA_02,IFA,,42129,38300,4225568,"IFA Pittsburgh, PA",0.135952,
ifa_pa_k4t,15014,ifa,PA,IFA,IFA_02,IFA,,42003,38300,4207976,"IFA Pittsburgh, PA",0.0,no cell in the extract: territory at zero opportunity
ifa_pa_k4t,15015,ifa,PA,IFA,IFA_02,IFA,,42003,38300,4208064,"IFA Pittsburgh, PA",0.0,no cell in the extract: territory at zero opportunity
ifa_pa_k4t,15017,ifa,PA,IFA,IFA_02,IFA,,42003,38300,4208624,"IFA Pittsburgh, PA",24.4376,
ifa_pa_k4t,15018,ifa,PA,IFA,IFA_02,IFA,,42003,38300,4236940,"IFA Pittsburgh, PA",0.0,no cell in the extract: territory at zero opportunity
ifa_pa_k4t,15019,ifa,PA,IFA,IFA_02,IFA,,42125,38300,4210128,"IFA Pittsburgh, PA",0.0,no cell in the extract: territory at zero opportunity
ifa_pa_k4t,15020,ifa,PA,IFA,IFA_02,IFA,,42003,38300,4210208,"IFA Pittsburgh, PA",0.0,no cell in the extract: territory at zero opportunity
ifa_pa_k4t,15021,ifa,PA,IFA,IFA_02,IFA,,42125,38300,4257928,"IFA Pittsburgh, PA",0.0,no cell in the extract: territory at zero opportunity
ifa_pa_k4t,15022,ifa,PA,IFA,IFA_02,IFA,,42125,38300,4278008,"IFA Pittsburgh, PA",0.326017,
ifa_pa_k4t,15024,ifa,PA,IFA,IFA_02,IFA,,42003,38300,4213392,"IFA Pittsburgh, PA",0.0,no cell in the extract: territory at zero opportunity
ifa_pa_k4t,15025,ifa,PA,IFA,IFA_02,IFA,,42003,38300,4237955,"IFA Pittsburgh, PA",0.0,no cell in the extract: territory at zero opportunity
ifa_pa_k4t,15026,ifa,PA,IFA,IFA_02,IFA,,42007,38300,4214296,"IFA Pittsburgh, PA",4.22453,
ifa_pa_k4t,15027,ifa,PA,IFA,IFA_02,IFA,,42007,38300,4215872,"IFA Pittsburgh, PA",0.0,no cell in the extract: territory at zero opportunity
ifa_pa_k4t,15028,ifa,PA,IFA,IFA_02,IFA,,42003,38300,4216456,"IFA Pittsburgh, PA",0.0,no cell in the extract: territory at zero opportunity
ifa_pa_k4t,15030,ifa,PA,IFA,IFA_02,IFA,,42003,38300,,"IFA Pittsburgh, PA",0.0,no cell in the extract: territory at zero opportunity
ifa_pa_k4t,15031,ifa,PA,IFA,IFA_02,IFA,,42003,38300,,"IFA Pittsburgh, PA",0.0,no cell in the extract: territory at zero opportunity
ifa_pa_k4t,15033,ifa,PA,IFA,IFA_02,IFA,,42125,38300,4219536,"IFA Pittsburgh, PA",0.0,no cell in the extract: territory at zero opportunity
ifa_pa_k4t,15034,ifa,PA,IFA,IFA_02,IFA,,42003,38300,4219856,"IFA Pittsburgh, PA",0.0,no cell in the extract: territory at zero opportunity
ifa_pa_k4t,15035,ifa,PA,IFA,IFA_02,IFA,,42003,38300,4221444,"IFA Pittsburgh, PA",0.0,no cell in the extract: territory at zero opportunity
ifa_pa_k4t,15037,ifa,PA,IFA,IFA_02,IFA,,42003,38300,4243408,"IFA Pittsburgh, PA",0.0,no cell in the extract: territory at zero opportunity
ifa_pa_k4t,15038,ifa,PA,IFA,IFA_02,IFA,,42125,38300,4223392,"IFA Pittsburgh, PA",0.0,no cell in the extract: territory at zero opportunity
ifa_pa_k4t,15042,ifa,PA,IFA,IFA_02,IFA,,42007,38300,4222264,"IFA Pittsburgh, PA",1.56702,
ifa_pa_k4t,15043,ifa,PA,IFA,IFA_02,IFA,,42007,38300,4228824,"IFA Pittsburgh, PA",0.0,no cell in the extract: territory at zero opportunity
ifa_pa_k4t,15044,ifa,PA,IFA,IFA_02,IFA,,42003,38300,4229040,"IFA Pittsburgh, PA",0.127501,
ifa_pa_k4t,15045,ifa,PA,IFA,IFA_02,IFA,,42003,38300,4229432,"IFA Pittsburgh, PA",0.0,no cell in the extract: territory at zero opportunity
ifa_pa_k4t,15046,ifa,PA,IFA,IFA_02,IFA,,42003,38300,,"IFA Pittsburgh, PA",0.0,no cell in the extract: territory at zero opportunity
ifa_pa_k4t,15047,ifa,PA,IFA,IFA_02,IFA,,42003,38300,4231120,"IFA Pittsburgh, PA",0.0,no cell in the extract: territory at zero opportunity
ifa_pa_k4t,15049,ifa,PA,IFA,IFA_02,IFA,,42003,38300,4233024,"IFA Pittsburgh, PA",0.0,no cell in the extract: territory at zero opportunity
ifa_pa_k4t,15050,ifa,PA,IFA,IFA_02,IFA,,42007,38300,4270376,"IFA Pittsburgh, PA",0.0,no cell in the extract: territory at zero opportunity
ifa_pa_k4t,15051,ifa,PA,IFA,IFA_02,IFA,,42003,38300,,"IFA Pittsburgh, PA",0.0,no cell in the extract: territory at zero opportunity
ifa_pa_k4t,15052,ifa,PA,IFA,IFA_02,IFA,,42007,38300,4236944,"IFA Pittsburgh, PA",0.0,no cell in the extract: territory at zero opportunity
ifa_pa_k4t,15053,ifa,PA,IFA,IFA_02,IFA,,42125,38300,4238240,"IFA Pittsburgh, PA",0.0,no cell in the extract: territory at zero opportunity
ifa_pa_k4t,15054,ifa,PA,IFA,IFA_02,IFA,,42125,38300,4241376,"IFA Pittsburgh, PA",0.0,no cell in the extract: territory at zero opportunity
ifa_pa_k4t,15055,ifa,PA,IFA,IFA_02,IFA,,42125,38300,4241968,"IFA Pittsburgh, PA",0.0,no cell in the extract: territory at zero opportunity
ifa_pa_k4t,15056,ifa,PA,IFA,IFA_02,IFA,,42003,38300,4242392,"IFA Pittsburgh, PA",0.0,no cell in the extract: territory at zero opportunity
ifa_pa_k4t,15057,ifa,PA,IFA,IFA_02,IFA,,42125,38300,4274944,"IFA Pittsburgh, PA",0.179338,
ifa_pa_k4t,15059,ifa,PA,IFA,IFA_02,IFA,,42007,38300,4256432,"IFA Pittsburgh, PA",0.0,no cell in the extract: territory at zero opportunity
ifa_pa_k4t,15060,ifa,PA,IFA,IFA_02,IFA,,42125,38300,4249240,"IFA Pittsburgh, PA",0.0,no cell in the extract: territory at zero opportunity
ifa_pa_k4t,15061,ifa,PA,IFA,IFA_02,IFA,,42007,38300,4250320,"IFA Pittsburgh, PA",0.805891,
ifa_pa_k4t,15062,ifa,PA,IFA,IFA_02,IFA,,42129,38300,4250344,"IFA Pittsburgh, PA",0.0,no cell in the extract: territory at zero opportunity
ifa_pa_k4t,15063,ifa,PA,IFA,IFA_02,IFA,,42125,38300,4203768,"IFA Pittsburgh, PA",2.91134,
ifa_pa_k4t,15064,ifa,PA,IFA,IFA_02,IFA,,42003,38300,,"IFA Pittsburgh, PA",1.54847,
ifa_pa_k4t,15065,ifa,PA,IFA,IFA_02,IFA,,42003,38300,4252768,"IFA Pittsburgh, PA",0.0,no cell in the extract: territory at zero opportunity
ifa_pa_k4t,15066,ifa,PA,IFA,IFA_02,IFA,,42007,38300,4253288,"IFA Pittsburgh, PA",5.57841,
ifa_pa_k4t,15067,ifa,PA,IFA,IFA_02,IFA,,42125,38300,4253496,"IFA Pittsburgh, PA",0.0,no cell in the extract: territory at zero opportunity
ifa_pa_k4t,15068,ifa,PA,IFA,IFA_02,IFA,,42129,38300,4244864,"IFA Pittsburgh, PA",0.00413793,
ifa_pa_k4t,15071,ifa,PA,IFA,IFA_02,IFA,,42003,38300,4254568,"IFA Pittsburgh, PA",1.67513,
ifa_pa_k4t,15072,ifa,PA,IFA,IFA_02,IFA,,42129,38300,4245732,"IFA Pittsburgh, PA",0.0,no cell in the extract: territory at zero opportunity
ifa_pa_k4t,15074,ifa,PA,IFA,IFA_02,IFA,,42007,38300,4265392,"IFA Pittsburgh, PA",0.0,no cell in the extract: territory at zero opportunity
ifa_pa_k4t,15075,ifa,PA,IFA,IFA_02,IFA,,42003,38300,,"IFA Pittsburgh, PA",0.0,no cell in the extract: territory at zero opportunity
ifa_pa_k4t,15076,ifa,PA,IFA,IFA_02,IFA,,42003,38300,4266832,"IFA Pittsburgh, PA",0.0,no cell in the extract: territory at zero opportunity
ifa_pa_k4t,15077,ifa,PA,IFA,IFA_02,IFA,,42007,38300,4270376,"IFA Pittsburgh, PA",0.0,no cell in the extract: territory at zero opportunity
ifa_pa_k4t,15078,ifa,PA,IFA,IFA_02,IFA,,42125,38300,4271232,"IFA Pittsburgh, PA",0.0,no cell in the extract: territory at zero opportunity
ifa_pa_k4t,15081,ifa,PA,IFA,IFA_02,IFA,,42007,38300,4272216,"IFA Pittsburgh, PA",0.0,no cell in the extract: territory at zero opportunity
ifa_pa_k4t,15082,ifa,PA,IFA,IFA_02,IFA,,42003,38300,4274944,"IFA Pittsburgh, PA",0.0,no cell in the extract: territory at zero opportunity
ifa_pa_k4t,15083,ifa,PA,IFA,IFA_02,IFA,,42129,38300,4275584,"IFA Pittsburgh, PA",0.0,no cell in the extract: territory at zero opportunity
ifa_pa_k4t,15084,ifa,PA,IFA,IFA_02,IFA,,42003,38300,4217832,"IFA Pittsburgh, PA",0.0758872,
ifa_pa_k4t,15085,ifa,PA,IFA,IFA_02,IFA,,42129,38300,4242912,"IFA Pittsburgh, PA",0.0,no cell in the extract: territory at zero opportunity
ifa_pa_k4t,15086,ifa,PA,IFA,IFA_02,IFA,,42003,38300,,"IFA Pittsburgh, PA",1.78749,
ifa_pa_k4t,15087,ifa,PA,IFA,IFA_02,IFA,,42129,38300,4281936,"IFA Pittsburgh, PA",0.0,no cell in the extract: territory at zero opportunity
ifa_pa_k4t,15088,ifa,PA,IFA,IFA_02,IFA,,42003,38300,4282848,"IFA Pittsburgh, PA",0.0,no cell in the extract: territory at zero opportunity
ifa_pa_k4t,15089,ifa,PA,IFA,IFA_02,IFA,,42129,38300,4283680,"IFA Pittsburgh, PA",0.0,no cell in the extract: territory at zero opportunity
ifa_pa_k4t,15090,ifa,PA,IFA,IFA_02,IFA,,42003,38300,4227552,"IFA Pittsburgh, PA",35.3126,
ifa_pa_k4t,15101,ifa,PA,IFA,IFA_02,IFA,,42003,38300,4202056,"IFA Pittsburgh, PA",5.7694,
ifa_pa_k4t,15102,ifa,PA,IFA,IFA_02,IFA,,42003,38300,4206064,"IFA Pittsburgh, PA",2.69935,
ifa_pa_k4t,15104,ifa,PA,IFA,IFA_02,IFA,,42003,38300,4254816,"IFA Pittsburgh, PA",0.0,no cell in the extract: territory at zero opportunity
ifa_pa_k4t,15106,ifa,PA,IFA,IFA_02,IFA,,42003,38300,4211336,"IFA Pittsburgh, PA",3.45884,
ifa_pa_k4t,15108,ifa,PA,IFA,IFA_02,IFA,,42003,38300,4211348,"IFA Pittsburgh, PA",6.81879,
ifa_pa_k4t,15110,ifa,PA,IFA,IFA_02,IFA,,42003,38300,4220432,"IFA Pittsburgh, PA",0.0,no cell in the extract: territory at zero opportunity
ifa_pa_k4t,15112,ifa,PA,IFA,IFA_02,IFA,,42003,38300,4221712,"IFA Pittsburgh, PA",0.0,no cell in the extract: territory at zero opportunity
ifa_pa_k4t,15116,ifa,PA,IFA,IFA_02,IFA,,42003,38300,4229800,"IFA Pittsburgh, PA",0.268756,
ifa_pa_k4t,15120,ifa,PA,IFA,IFA_02,IFA,,42003,38300,4252320,"IFA Pittsburgh, PA",0.0,no cell in the extract: territory at zero opportunity
ifa_pa_k4t,15122,ifa,PA,IFA,IFA_02,IFA,,42003,38300,4283512,"IFA Pittsburgh, PA",0.0,no cell in the extract: territory at zero opportunity
ifa_pa_k4t,15123,ifa,PA,IFA,IFA_02,IFA,,42003,38300,4283512,"IFA Pittsburgh, PA",0.0,no cell in the extract: territory at zero opportunity
ifa_pa_k4t,15126,ifa,PA,IFA,IFA_02,IFA,,42003,38300,4236768,"IFA Pittsburgh, PA",0.904727,
ifa_pa_k4t,15129,ifa,PA,IFA,IFA_02,IFA,,42003,38300,4206064,"IFA Pittsburgh, PA",0.0,no cell in the extract: territory at zero opportunity
ifa_pa_k4t,15131,ifa,PA,IFA,IFA_02,IFA,,42003,38300,4284704,"IFA Pittsburgh, PA",24.9672,
ifa_pa_k4t,15132,ifa,PA,IFA,IFA_02,IFA,,42003,38300,4246256,"IFA Pittsburgh, PA",0.0,no cell in the extract: territory at zero opportunity
ifa_pa_k4t,15133,ifa,PA,IFA,IFA_02,IFA,,42003,38300,4243064,"IFA Pittsburgh, PA",0.0,no cell in the extract: territory at zero opportunity
ifa_pa_k4t,15135,ifa,PA,IFA,IFA_02,IFA,,42003,38300,4231120,"IFA Pittsburgh, PA",0.0047727,
ifa_pa_k4t,15136,ifa,PA,IFA,IFA_02,IFA,,42003,38300,4246264,"IFA Pittsburgh, PA",2.40768,
ifa_pa_k4t,15137,ifa,PA,IFA,IFA_02,IFA,,42003,38300,4284216,"IFA Pittsburgh, PA",0.0,no cell in the extract: territory at zero opportunity
ifa_pa_k4t,15139,ifa,PA,IFA,IFA_02,IFA,,42003,38300,4256088,"IFA Pittsburgh, PA",7.04896,
ifa_pa_k4t,15140,ifa,PA,IFA,IFA_02,IFA,,42003,38300,4260712,"IFA Pittsburgh, PA",0.0,no cell in the extract: territory at zero opportunity
ifa_pa_k4t,15142,ifa,PA,IFA,IFA_02,IFA,,42003,38300,,"IFA Pittsburgh, PA",0.0,no cell in the extract: territory at zero opportunity
ifa_pa_k4t,15143,ifa,PA,IFA,IFA_02,IFA,,42003,38300,4227552,"IFA Pittsburgh, PA",25.4529,
ifa_pa_k4t,15144,ifa,PA,IFA,IFA_02,IFA,,42003,38300,4272960,"IFA Pittsburgh, PA",0.0,no cell in the extract: territory at zero opportunity
ifa_pa_k4t,15145,ifa,PA,IFA,IFA_02,IFA,,42003,38300,4277912,"IFA Pittsburgh, PA",0.0,no cell in the extract: territory at zero opportunity
ifa_pa_k4t,15146,ifa,PA,IFA,IFA_02,IFA,,42003,38300,4250528,"IFA Pittsburgh, PA",13.1028,
ifa_pa_k4t,15147,ifa,PA,IFA,IFA_02,IFA,,42003,38300,4259040,"IFA Pittsburgh, PA",1.13558,
ifa_pa_k4t,15148,ifa,PA,IFA,IFA_02,IFA,,42003,38300,4280600,"IFA Pittsburgh, PA",0.0,no cell in the extract: territory at zero opportunity
ifa_pa_k4t,15201,ifa,PA,IFA,IFA_02,IFA,,42003,38300,4261000,"IFA Pittsburgh, PA",0.0,no cell in the extract: territory at zero opportunity
ifa_pa_k4t,15202,ifa,PA,IFA,IFA_02,IFA,,42003,38300,4205312,"IFA Pittsburgh, PA",1.23778,
ifa_pa_k4t,15203,ifa,PA,IFA,IFA_02,IFA,,42003,38300,4261000,"IFA Pittsburgh, PA",0.0,no cell in the extract: territory at zero opportunity
ifa_pa_k4t,15204,ifa,PA,IFA,IFA_02,IFA,,42003,38300,4261000,"IFA Pittsburgh, PA",0.0,no cell in the extract: territory at zero opportunity
ifa_pa_k4t,15205,ifa,PA,IFA,IFA_02,IFA,,42003,38300,4261000,"IFA Pittsburgh, PA",1.79016,
ifa_pa_k4t,15206,ifa,PA,IFA,IFA_02,IFA,,42003,38300,4261000,"IFA Pittsburgh, PA",0.564107,
ifa_pa_k4t,15207,ifa,PA,IFA,IFA_02,IFA,,42003,38300,4261000,"IFA Pittsburgh, PA",0.0,no cell in the extract: territory at zero opportunity
ifa_pa_k4t,15208,ifa,PA,IFA,IFA_02,IFA,,42003,38300,4261000,"IFA Pittsburgh, PA",0.0,no cell in the extract: territory at zero opportunity
ifa_pa_k4t,15209,ifa,PA,IFA,IFA_02,IFA,,42003,38300,4249920,"IFA Pittsburgh, PA",0.0,no cell in the extract: territory at zero opportunity
ifa_pa_k4t,15210,ifa,PA,IFA,IFA_02,IFA,,42003,38300,4261000,"IFA Pittsburgh, PA",0.0,no cell in the extract: territory at zero opportunity
ifa_pa_k4t,15211,ifa,PA,IFA,IFA_02,IFA,,42003,38300,4261000,"IFA Pittsburgh, PA",0.0,no cell in the extract: territory at zero opportunity
ifa_pa_k4t,15212,ifa,PA,IFA,IFA_02,IFA,,42003,38300,4261000,"IFA Pittsburgh, PA",0.127739,
ifa_pa_k4t,15213,ifa,PA,IFA,IFA_02,IFA,,42003,38300,4261000,"IFA Pittsburgh, PA",0.0,no cell in the extract: territory at zero opportunity
ifa_pa_k4t,15214,ifa,PA,IFA,IFA_02,IFA,,42003,38300,4261000,"IFA Pittsburgh, PA",0.0,no cell in the extract: territory at zero opportunity
ifa_pa_k4t,15215,ifa,PA,IFA,IFA_02,IFA,,42003,38300,4227120,"IFA Pittsburgh, PA",1.85286,
ifa_pa_k4t,15216,ifa,PA,IFA,IFA_02,IFA,,42003,38300,4261000,"IFA Pittsburgh, PA",17.8848,
ifa_pa_k4t,15217,ifa,PA,IFA,IFA_02,IFA,,42003,38300,4261000,"IFA Pittsburgh, PA",2.31784,
ifa_pa_k4t,15218,ifa,PA,IFA,IFA_02,IFA,,42003,38300,4275816,"IFA Pittsburgh, PA",0.0,no cell in the extract: territory at zero opportunity
ifa_pa_k4t,15219,ifa,PA,IFA,IFA_02,IFA,,42003,38300,4261000,"IFA Pittsburgh, PA",2.18872,
ifa_pa_k4t,15220,ifa,PA,IFA,IFA_02,IFA,,42003,38300,4261000,"IFA Pittsburgh, PA",30.7878,
ifa_pa_k4t,15221,ifa,PA,IFA,IFA_02,IFA,,42003,38300,4285188,"IFA Pittsburgh, PA",1.19693,
ifa_pa_k4t,15222,ifa,PA,IFA,IFA_02,IFA,,42003,38300,4261000,"IFA Pittsburgh, PA",86.9282,
ifa_pa_k4t,15223,ifa,PA,IFA,IFA_02,IFA,,42003,38300,4224160,"IFA Pittsburgh, PA",2.27926,
ifa_pa_k4t,15224,ifa,PA,IFA,IFA_02,IFA,,42003,38300,4261000,"IFA Pittsburgh, PA",0.00143181,
ifa_pa_k4t,15225,ifa,PA,IFA,IFA_02,IFA,,42003,38300,,"IFA Pittsburgh, PA",0.0,no cell in the extract: territory at zero opportunity
ifa_pa_k4t,15226,ifa,PA,IFA,IFA_02,IFA,,42003,38300,4261000,"IFA Pittsburgh, PA",0.395405,
ifa_pa_k4t,15227,ifa,PA,IFA,IFA_02,IFA,,42003,38300,4203928,"IFA Pittsburgh, PA",0.5281,
ifa_pa_k4t,15228,ifa,PA,IFA,IFA_02,IFA,,42003,38300,4251794,"IFA Pittsburgh, PA",2.30508,
ifa_pa_k4t,15229,ifa,PA,IFA,IFA_02,IFA,,42003,38300,4284144,"IFA Pittsburgh, PA",0.0,no cell in the extract: territory at zero opportunity
ifa_pa_k4t,15232,ifa,PA,IFA,IFA_02,IFA,,42003,38300,4261000,"IFA Pittsburgh, PA",0.0,no cell in the extract: territory at zero opportunity
ifa_pa_k4t,15233,ifa,PA,IFA,IFA_02,IFA,,42003,38300,4261000,"IFA Pittsburgh, PA",0.816697,
ifa_pa_k4t,15234,ifa,PA,IFA,IFA_02,IFA,,42003,38300,4211680,"IFA Pittsburgh, PA",0.439211,
ifa_pa_k4t,15235,ifa,PA,IFA,IFA_02,IFA,,42003,38300,4259040,"IFA Pittsburgh, PA",13.0726,
ifa_pa_k4t,15236,ifa,PA,IFA,IFA_02,IFA,,42003,38300,4203928,"IFA Pittsburgh, PA",11.2408,
ifa_pa_k4t,15237,ifa,PA,IFA,IFA_02,IFA,,42003,38300,4227552,"IFA Pittsburgh, PA",16.2386,
ifa_pa_k4t,15238,ifa,PA,IFA,IFA_02,IFA,,42003,38300,4227120,"IFA Pittsburgh, PA",10.6139,
ifa_pa_k4t,15239,ifa,PA,IFA,IFA_02,IFA,,42003,38300,4261536,"IFA Pittsburgh, PA",0.777406,
ifa_pa_k4t,15241,ifa,PA,IFA,IFA_02,IFA,,42003,38300,4206064,"IFA Pittsburgh, PA",10.9507,
ifa_pa_k4t,15243,ifa,PA,IFA,IFA_02,IFA,,42003,38300,4251794,"IFA Pittsburgh, PA",0.0,no cell in the extract: territory at zero opportunity
ifa_pa_k4t,15260,ifa,PA,IFA,IFA_02,IFA,,42003,38300,4261000,"IFA Pittsburgh, PA",0.0,no cell in the extract: territory at zero opportunity
ifa_pa_k4t,15275,ifa,PA,IFA,IFA_02,IFA,,42003,38300,,"IFA Pittsburgh, PA",0.301571,
ifa_pa_k4t,15282,ifa,PA,IFA,IFA_02,IFA,,42003,38300,4261000,"IFA Pittsburgh, PA",0.0,no cell in the extract: territory at zero opportunity
ifa_pa_k4t,15290,ifa,PA,IFA,IFA_02,IFA,,42003,38300,4261000,"IFA Pittsburgh, PA",0.0,no cell in the extract: territory at zero opportunity
ifa_pa_k4t,15301,ifa,PA,IFA,IFA_02,IFA,,42125,38300,4281328,"IFA Pittsburgh, PA",9.84775,
ifa_pa_k4t,15310,ifa,PA,IFA,IFA_02,IFA,,42059,,,"IFA Pittsburgh, PA",0.0,no cell in the extract: territory at zero opportunity
ifa_pa_k4t,15311,ifa,PA,IFA,IFA_02,IFA,,42125,38300,,"IFA Pittsburgh, PA",0.0,no cell in the extract: territory at zero opportunity
ifa_pa_k4t,15312,ifa,PA,IFA,IFA_02,IFA,,42125,38300,4203616,"IFA Pittsburgh, PA",0.0,no cell in the extract: territory at zero opportunity
ifa_pa_k4t,15313,ifa,PA,IFA,IFA_02,IFA,,42125,38300,4204568,"IFA Pittsburgh, PA",0.0,no cell in the extract: territory at zero opportunity
ifa_pa_k4t,15314,ifa,PA,IFA,IFA_02,IFA,,42125,38300,4205672,"IFA Pittsburgh, PA",0.887055,
ifa_pa_k4t,15315,ifa,PA,IFA,IFA_02,IFA,,42059,,4207384,"IFA Pittsburgh, PA",0.0,no cell in the extract: territory at zero opportunity
ifa_pa_k4t,15316,ifa,PA,IFA,IFA_02,IFA,,42059,,4208312,"IFA Pittsburgh, PA",0.0,no cell in the extract: territory at zero opportunity
ifa_pa_k4t,15317,ifa,PA,IFA,IFA_02,IFA,,42125,38300,4272424,"IFA Pittsburgh, PA",51.5411,
ifa_pa_k4t,15320,ifa,PA,IFA,IFA_02,IFA,,42059,,4224544,"IFA Pittsburgh, PA",0.0,no cell in the extract: territory at zero opportunity
ifa_pa_k4t,15321,ifa,PA,IFA,IFA_02,IFA,,42125,38300,4211804,"IFA Pittsburgh, PA",0.0,no cell in the extract: territory at zero opportunity
ifa_pa_k4t,15322,ifa,PA,IFA,IFA_02,IFA,,42059,,4218496,"IFA Pittsburgh, PA",0.0,no cell in the extract: territory at zero opportunity
ifa_pa_k4t,15323,ifa,PA,IFA,IFA_02,IFA,,42125,38300,4214000,"IFA Pittsburgh, PA",0.0,no cell in the extract: territory at zero opportunity
ifa_pa_k4t,15324,ifa,PA,IFA,IFA_02,IFA,,42125,38300,4214896,"IFA Pittsburgh, PA",0.0,no cell in the extract: territory at zero opportunity
ifa_pa_k4t,15325,ifa,PA,IFA,IFA_02,IFA,,42059,,4217528,"IFA Pittsburgh, PA",0.0,no cell in the extract: territory at zero opportunity
ifa_pa_k4t,15327,ifa,PA,IFA,IFA_02,IFA,,42059,,,"IFA Pittsburgh, PA",0.0,no cell in the extract: territory at zero opportunity
ifa_pa_k4t,15329,ifa,PA,IFA,IFA_02,IFA,,42125,38300,,"IFA Pittsburgh, PA",0.0,no cell in the extract: territory at zero opportunity
ifa_pa_k4t,15330,ifa,PA,IFA,IFA_02,IFA,,42125,38300,4222736,"IFA Pittsburgh, PA",0.248181,
ifa_pa_k4t,15331,ifa,PA,IFA,IFA_02,IFA,,42125,38300,4223296,"IFA Pittsburgh, PA",0.0,no cell in the extract: territory at zero opportunity
ifa_pa_k4t,15332,ifa,PA,IFA,IFA_02,IFA,,42125,38300,4237955,"IFA Pittsburgh, PA",1.36698,
ifa_pa_k4t,15333,ifa,PA,IFA,IFA_02,IFA,,42125,38300,4218496,"IFA Pittsburgh, PA",0.0,no cell in the extract: territory at zero opportunity
ifa_pa_k4t,15334,ifa,PA,IFA,IFA_02,IFA,,42059,,,"IFA Pittsburgh, PA",0.0,no cell in the extract: territory at zero opportunity
ifa_pa_k4t,15337,ifa,PA,IFA,IFA_02,IFA,,42059,,4285712,"IFA Pittsburgh, PA",0.0,no cell in the extract: territory at zero opportunity
ifa_pa_k4t,15338,ifa,PA,IFA,IFA_02,IFA,,42059,,4247264,"IFA Pittsburgh, PA",0.0,no cell in the extract: territory at zero opportunity
ifa_pa_k4t,15340,ifa,PA,IFA,IFA_02,IFA,,42125,38300,4234256,"IFA Pittsburgh, PA",0.0,no cell in the extract: territory at zero opportunity
ifa_pa_k4t,15341,ifa,PA,IFA,IFA_02,IFA,,42059,,,"IFA Pittsburgh, PA",0.0,no cell in the extract: territory at zero opportunity
ifa_pa_k4t,15342,ifa,PA,IFA,IFA_02,IFA,,42125,38300,4246160,"IFA Pittsburgh, PA",0.0927002,
ifa_pa_k4t,15344,ifa,PA,IFA,IFA_02,IFA,,42059,,4237880,"IFA Pittsburgh, PA",0.0,no cell in the extract: territory at zero opportunity
ifa_pa_k4t,15345,ifa,PA,IFA,IFA_02,IFA,,42125,38300,4247400,"IFA Pittsburgh, PA",0.0,no cell in the extract: territory at zero opportunity
ifa_pa_k4t,15346,ifa,PA,IFA,IFA_02,IFA,,42059,,4248064,"IFA Pittsburgh, PA",0.0,no cell in the extract: territory at zero opportunity
ifa_pa_k4t,15347,ifa,PA,IFA,IFA_02,IFA,,42125,38300,4248320,"IFA Pittsburgh, PA",0.618779,
ifa_pa_k4t,15348,ifa,PA,IFA,IFA_02,IFA,,42125,38300,4249880,"IFA Pittsburgh, PA",0.0,no cell in the extract: territory at zero opportunity
ifa_pa_k4t,15349,ifa,PA,IFA,IFA_02,IFA,,42059,,4251720,"IFA Pittsburgh, PA",0.0,no cell in the extract: territory at zero opportunity
ifa_pa_k4t,15350,ifa,PA,IFA,IFA_02,IFA,,42125,38300,4252440,"IFA Pittsburgh, PA",0.0,no cell in the extract: territory at zero opportunity
ifa_pa_k4t,15351,ifa,PA,IFA,IFA_02,IFA,,42059,,4252968,"IFA Pittsburgh, PA",0.0,no cell in the extract: territory at zero opportunity
ifa_pa_k4t,15352,ifa,PA,IFA,IFA_02,IFA,,42059,,4253576,"IFA Pittsburgh, PA",0.0,no cell in the extract: territory at zero opportunity
ifa_pa_k4t,15353,ifa,PA,IFA,IFA_02,IFA,,42059,,,"IFA Pittsburgh, PA",0.0,no cell in the extract: territory at zero opportunity
ifa_pa_k4t,15357,ifa,PA,IFA,IFA_02,IFA,,42059,,4220080,"IFA Pittsburgh, PA",0.0,no cell in the extract: territory at zero opportunity
ifa_pa_k4t,15358,ifa,PA,IFA,IFA_02,IFA,,42125,38300,4212224,"IFA Pittsburgh, PA",0.0,no cell in the extract: territory at zero opportunity
ifa_pa_k4t,15359,ifa,PA,IFA,IFA_02,IFA,,42059,,4265848,"IFA Pittsburgh, PA",0.0,no cell in the extract: territory at zero opportunity
ifa_pa_k4t,15360,ifa,PA,IFA,IFA_02,IFA,,42125,38300,4218496,"IFA Pittsburgh, PA",0.0,no cell in the extract: territory at zero opportunity
ifa_pa_k4t,15361,ifa,PA,IFA,IFA_02,IFA,,42125,38300,4272576,"IFA Pittsburgh, PA",0.0,no cell in the extract: territory at zero opportunity
ifa_pa_k4t,15362,ifa,PA,IFA,IFA_02,IFA,,42059,,4208312,"IFA Pittsburgh, PA",0.0,no cell in the extract: territory at zero opportunity
ifa_pa_k4t,15363,ifa,PA,IFA,IFA_02,IFA,,42125,38300,4274688,"IFA Pittsburgh, PA",0.0,no cell in the extract: territory at zero opportunity
ifa_pa_k4t,15364,ifa,PA,IFA,IFA_02,IFA,,42059,,4265848,"IFA Pittsburgh, PA",0.0,no cell in the extract: territory at zero opportunity
ifa_pa_k4t,15365,ifa,PA,IFA,IFA_02,IFA,,42125,38300,4276232,"IFA Pittsburgh, PA",0.0,no cell in the extract: territory at zero opportunity
ifa_pa_k4t,15366,ifa,PA,IFA,IFA_02,IFA,,42125,38300,4279872,"IFA Pittsburgh, PA",0.0,no cell in the extract: territory at zero opportunity
ifa_pa_k4t,15367,ifa,PA,IFA,IFA_02,IFA,,42125,38300,4246344,"IFA Pittsburgh, PA",2.88216,
ifa_pa_k4t,15368,ifa,PA,IFA,IFA_02,IFA,,42125,38300,4212224,"IFA Pittsburgh, PA",0.0,no cell in the extract: territory at zero opportunity
ifa_pa_k4t,15370,ifa,PA,IFA,IFA_02,IFA,,42059,,4251152,"IFA Pittsburgh, PA",0.850337,
ifa_pa_k4t,15376,ifa,PA,IFA,IFA_02,IFA,,42125,38300,4282376,"IFA Pittsburgh, PA",0.0,no cell in the extract: territory at zero opportunity
ifa_pa_k4t,15377,ifa,PA,IFA,IFA_02,IFA,,42125,38300,4285712,"IFA Pittsburgh, PA",0.0,no cell in the extract: territory at zero opportunity
ifa_pa_k4t,15378,ifa,PA,IFA,IFA_02,IFA,,42125,38300,4283272,"IFA Pittsburgh, PA",0.0,no cell in the extract: territory at zero opportunity
ifa_pa_k4t,15379,ifa,PA,IFA,IFA_02,IFA,,42125,38300,4283504,"IFA Pittsburgh, PA",0.0,no cell in the extract: territory at zero opportunity
ifa_pa_k4t,15380,ifa,PA,IFA,IFA_02,IFA,,42059,,4285712,"IFA Pittsburgh, PA",0.0,no cell in the extract: territory at zero opportunity
ifa_pa_k4t,15401,ifa,PA,IFA,IFA_02,IFA,,42051,38300,4278528,"IFA Pittsburgh, PA",0.0,no cell in the extract: territory at zero opportunity
ifa_pa_k4t,15410,ifa,PA,IFA,IFA_02,IFA,,42051,38300,,"IFA Pittsburgh, PA",0.0,no cell in the extract: territory at zero opportunity
ifa_pa_k4t,15411,ifa,PA,IFA,IFA_02,IFA,,42111,43740,4200396,"IFA Pittsburgh, PA",0.0,no cell in the extract: territory at zero opportunity
ifa_pa_k4t,15412,ifa,PA,IFA,IFA_02,IFA,,42125,38300,4200988,"IFA Pittsburgh, PA",0.0,no cell in the extract: territory at zero opportunity
ifa_pa_k4t,15413,ifa,PA,IFA,IFA_02,IFA,,42051,38300,4202040,"IFA Pittsburgh, PA",0.0,no cell in the extract: territory at zero opportunity
ifa_pa_k4t,15416,ifa,PA,IFA,IFA_02,IFA,,42051,38300,,"IFA Pittsburgh, PA",0.0,no cell in the extract: territory at zero opportunity
ifa_pa_k4t,15417,ifa,PA,IFA,IFA_02,IFA,,42125,38300,4212224,"IFA Pittsburgh, PA",0.0,no cell in the extract: territory at zero opportunity
ifa_pa_k4t,15419,ifa,PA,IFA,IFA_02,IFA,,42125,38300,4210768,"IFA Pittsburgh, PA",0.0,no cell in the extract: territory at zero opportunity
ifa_pa_k4t,15420,ifa,PA,IFA,IFA_02,IFA,,42051,38300,,"IFA Pittsburgh, PA",0.0,no cell in the extract: territory at zero opportunity
ifa_pa_k4t,15421,ifa,PA,IFA,IFA_02,IFA,,42051,38300,4218568,"IFA Pittsburgh, PA",0.0,no cell in the extract: territory at zero opportunity
ifa_pa_k4t,15422,ifa,PA,IFA,IFA_02,IFA,,42051,38300,,"IFA Pittsburgh, PA",0.0,no cell in the extract: territory at zero opportunity
ifa_pa_k4t,15423,ifa,PA,IFA,IFA_02,IFA,,42125,38300,4210768,"IFA Pittsburgh, PA",0.0,no cell in the extract: territory at zero opportunity
ifa_pa_k4t,15424,ifa,PA,IFA,IFA_02,IFA,,42111,43740,4215680,"IFA Pittsburgh, PA",0.238635,
ifa_pa_k4t,15425,ifa,PA,IFA,IFA_02,IFA,,42051,38300,4215776,"IFA Pittsburgh, PA",10.0392,
ifa_pa_k4t,15427,ifa,PA,IFA,IFA_02,IFA,,42125,38300,4210768,"IFA Pittsburgh, PA",0.0,no cell in the extract: territory at zero opportunity
ifa_pa_k4t,15428,ifa,PA,IFA,IFA_02,IFA,,42051,38300,4218360,"IFA Pittsburgh, PA",0.0,no cell in the extract: territory at zero opportunity
ifa_pa_k4t,15429,ifa,PA,IFA,IFA_02,IFA,,42125,38300,4212224,"IFA Pittsburgh, PA",0.0,no cell in the extract: territory at zero opportunity
ifa_pa_k4t,15430,ifa,PA,IFA,IFA_02,IFA,,42051,38300,,"IFA Pittsburgh, PA",0.0,no cell in the extract: territory at zero opportunity
ifa_pa_k4t,15431,ifa,PA,IFA,IFA_02,IFA,,42051,38300,4220216,"IFA Pittsburgh, PA",0.0,no cell in the extract: territory at zero opportunity
ifa_pa_k4t,15432,ifa,PA,IFA,IFA_02,IFA,,42125,38300,4220328,"IFA Pittsburgh, PA",0.0,no cell in the extract: territory at zero opportunity
ifa_pa_k4t,15433,ifa,PA,IFA,IFA_02,IFA,,42051,38300,,"IFA Pittsburgh, PA",0.0,no cell in the extract: territory at zero opportunity
ifa_pa_k4t,15434,ifa,PA,IFA,IFA_02,IFA,,42125,38300,4222800,"IFA Pittsburgh, PA",0.0,no cell in the extract: territory at zero opportunity
ifa_pa_k4t,15435,ifa,PA,IFA,IFA_02,IFA,,42051,38300,,"IFA Pittsburgh, PA",0.0,no cell in the extract: territory at zero opportunity
ifa_pa_k4t,15436,ifa,PA,IFA,IFA_02,IFA,,42051,38300,4224536,"IFA Pittsburgh, PA",0.0,no cell in the extract: territory at zero opportunity
ifa_pa_k4t,15437,ifa,PA,IFA,IFA_02,IFA,,42051,38300,4225280,"IFA Pittsburgh, PA",0.0,no cell in the extract: territory at zero opportunity
ifa_pa_k4t,15438,ifa,PA,IFA,IFA_02,IFA,,42051,38300,4253504,"IFA Pittsburgh, PA",0.0,no cell in the extract: territory at zero opportunity
ifa_pa_k4t,15440,ifa,PA,IFA,IFA_02,IFA,,42051,38300,,"IFA Pittsburgh, PA",0.0,no cell in the extract: territory at zero opportunity
ifa_pa_k4t,15442,ifa,PA,IFA,IFA_02,IFA,,42051,38300,4231592,"IFA Pittsburgh, PA",0.0,no cell in the extract: territory at zero opportunity
ifa_pa_k4t,15443,ifa,PA,IFA,IFA_02,IFA,,42051,38300,,"IFA Pittsburgh, PA",0.0,no cell in the extract: territory at zero opportunity
ifa_pa_k4t,15444,ifa,PA,IFA,IFA_02,IFA,,42051,38300,4234784,"IFA Pittsburgh, PA",0.0,no cell in the extract: territory at zero opportunity
ifa_pa_k4t,15445,ifa,PA,IFA,IFA_02,IFA,,42051,38300,4235728,"IFA Pittsburgh, PA",3.73149,
ifa_pa_k4t,15446,ifa,PA,IFA,IFA_02,IFA,,42051,38300,,"IFA Pittsburgh, PA",0.0,no cell in the extract: territory at zero opportunity
ifa_pa_k4t,15447,ifa,PA,IFA,IFA_02,IFA,,42051,38300,,"IFA Pittsburgh, PA",0.0,no cell in the extract: territory at zero opportunity
ifa_pa_k4t,15448,ifa,PA,IFA,IFA_02,IFA,,42129,38300,,"IFA Pittsburgh, PA",0.0,no cell in the extract: territory at zero opportunity
ifa_pa_k4t,15449,ifa,PA,IFA,IFA_02,IFA,,42051,38300,,"IFA Pittsburgh, PA",0.0,no cell in the extract: territory at zero opportunity
ifa_pa_k4t,15450,ifa,PA,IFA,IFA_02,IFA,,42051,38300,,"IFA Pittsburgh, PA",0.0,no cell in the extract: territory at zero opportunity
ifa_pa_k4t,15451,ifa,PA,IFA,IFA_02,IFA,,42051,38300,,"IFA Pittsburgh, PA",0.0,no cell in the extract: territory at zero opportunity
ifa_pa_k4t,15454,ifa,PA,IFA,IFA_02,IFA,,42051,38300,,"IFA Pittsburgh, PA",0.0,no cell in the extract: territory at zero opportunity
ifa_pa_k4t,15455,ifa,PA,IFA,IFA_02,IFA,,42051,38300,,"IFA Pittsburgh, PA",0.0,no cell in the extract: territory at zero opportunity
ifa_pa_k4t,15456,ifa,PA,IFA,IFA_02,IFA,,42051,38300,4242640,"IFA Pittsburgh, PA",2.40037,
ifa_pa_k4t,15458,ifa,PA,IFA,IFA_02,IFA,,42051,38300,4222344,"IFA Pittsburgh, PA",0.0,no cell in the extract: territory at zero opportunity
ifa_pa_k4t,15459,ifa,PA,IFA,IFA_02,IFA,,42051,38300,4247560,"IFA Pittsburgh, PA",0.0,no cell in the extract: territory at zero opportunity
ifa_pa_k4t,15460,ifa,PA,IFA,IFA_02,IFA,,42051,38300,,"IFA Pittsburgh, PA",0.0,no cell in the extract: territory at zero opportunity
ifa_pa_k4t,15461,ifa,PA,IFA,IFA_02,IFA,,42051,38300,4248000,"IFA Pittsburgh, PA",0.0,no cell in the extract: territory at zero opportunity
ifa_pa_k4t,15462,ifa,PA,IFA,IFA_02,IFA,,42051,38300,,"IFA Pittsburgh, PA",0.0,no cell in the extract: territory at zero opportunity
ifa_pa_k4t,15463,ifa,PA,IFA,IFA_02,IFA,,42051,38300,,"IFA Pittsburgh, PA",0.0,no cell in the extract: territory at zero opportunity
ifa_pa_k4t,15464,ifa,PA,IFA,IFA_02,IFA,,42051,38300,4256408,"IFA Pittsburgh, PA",0.0,no cell in the extract: territory at zero opportunity
ifa_pa_k4t,15465,ifa,PA,IFA,IFA_02,IFA,,42051,38300,,"IFA Pittsburgh, PA",0.0,no cell in the extract: territory at zero opportunity
ifa_pa_k4t,15466,ifa,PA,IFA,IFA_02,IFA,,42051,38300,4253504,"IFA Pittsburgh, PA",0.0,no cell in the extract: territory at zero opportunity
ifa_pa_k4t,15467,ifa,PA,IFA,IFA_02,IFA,,42051,38300,,"IFA Pittsburgh, PA",0.0,no cell in the extract: territory at zero opportunity
ifa_pa_k4t,15468,ifa,PA,IFA,IFA_02,IFA,,42051,38300,4254040,"IFA Pittsburgh, PA",0.0,no cell in the extract: territory at zero opportunity
ifa_pa_k4t,15469,ifa,PA,IFA,IFA_02,IFA,,42051,38300,,"IFA Pittsburgh, PA",0.0,no cell in the extract: territory at zero opportunity
ifa_pa_k4t,15470,ifa,PA,IFA,IFA_02,IFA,,42051,38300,4218568,"IFA Pittsburgh, PA",0.0,no cell in the extract: territory at zero opportunity
ifa_pa_k4t,15472,ifa,PA,IFA,IFA_02,IFA,,42051,38300,4256704,"IFA Pittsburgh, PA",0.0,no cell in the extract: territory at zero opportunity
ifa_pa_k4t,15473,ifa,PA,IFA,IFA_02,IFA,,42051,38300,4259520,"IFA Pittsburgh, PA",0.943196,
ifa_pa_k4t,15474,ifa,PA,IFA,IFA_02,IFA,,42051,38300,4261864,"IFA Pittsburgh, PA",0.0,no cell in the extract: territory at zero opportunity
ifa_pa_k4t,15475,ifa,PA,IFA,IFA_02,IFA,,42051,38300,4264224,"IFA Pittsburgh, PA",0.0,no cell in the extract: territory at zero opportunity
ifa_pa_k4t,15476,ifa,PA,IFA,IFA_02,IFA,,42051,38300,4265976,"IFA Pittsburgh, PA",0.0,no cell in the extract: territory at zero opportunity
ifa_pa_k4t,15477,ifa,PA,IFA,IFA_02,IFA,,42125,38300,4266016,"IFA Pittsburgh, PA",0.0,no cell in the extract: territory at zero opportunity
ifa_pa_k4t,15478,ifa,PA,IFA,IFA_02,IFA,,42051,38300,4271320,"IFA Pittsburgh, PA",0.0,no cell in the extract: territory at zero opportunity
ifa_pa_k4t,15479,ifa,PA,IFA,IFA_02,IFA,,42129,38300,4271424,"IFA Pittsburgh, PA",0.0,no cell in the extract: territory at zero opportunity
ifa_pa_k4t,15480,ifa,PA,IFA,IFA_02,IFA,,42051,38300,4271456,"IFA Pittsburgh, PA",0.0,no cell in the extract: territory at zero opportunity
ifa_pa_k4t,15482,ifa,PA,IFA,IFA_02,IFA,,42051,38300,4273720,"IFA Pittsburgh, PA",0.0,no cell in the extract: territory at zero opportunity
ifa_pa_k4t,15483,ifa,PA,IFA,IFA_02,IFA,,42125,38300,4274224,"IFA Pittsburgh, PA",0.0,no cell in the extract: territory at zero opportunity
ifa_pa_k4t,15484,ifa,PA,IFA,IFA_02,IFA,,42051,38300,,"IFA Pittsburgh, PA",0.0,no cell in the extract: territory at zero opportunity
ifa_pa_k4t,15486,ifa,PA,IFA,IFA_02,IFA,,42051,38300,4279768,"IFA Pittsburgh, PA",0.0,no cell in the extract: territory at zero opportunity
ifa_pa_k4t,15488,ifa,PA,IFA,IFA_02,IFA,,42051,38300,,"IFA Pittsburgh, PA",0.0,no cell in the extract: territory at zero opportunity
ifa_pa_k4t,15489,ifa,PA,IFA,IFA_02,IFA,,42051,38300,,"IFA Pittsburgh, PA",0.0,no cell in the extract: territory at zero opportunity
ifa_pa_k4t,15490,ifa,PA,IFA,IFA_02,IFA,,42051,38300,,"IFA Pittsburgh, PA",0.0,no cell in the extract: territory at zero opportunity
ifa_pa_k4t,15492,ifa,PA,IFA,IFA_02,IFA,,42051,38300,,"IFA Pittsburgh, PA",0.0,no cell in the extract: territory at zero opportunity
ifa_pa_k4t,15501,ifa,PA,IFA,IFA_02,IFA,,42111,43740,4271776,"IFA Pittsburgh, PA",5.52346,
ifa_pa_k4t,15502,ifa,PA,IFA,IFA_02,IFA,,42111,43740,,"IFA Pittsburgh, PA",0.0,no cell in the extract: territory at zero opportunity
ifa_pa_k4t,15510,ifa,PA,IFA,IFA_02,IFA,,42111,43740,,"IFA Pittsburgh, PA",0.0,no cell in the extract: territory at zero opportunity
ifa_pa_k4t,15520,ifa,PA,IFA,IFA_02,IFA,,42111,43740,4200276,"IFA Pittsburgh, PA",0.0,no cell in the extract: territory at zero opportunity
ifa_pa_k4t,15521,ifa,PA,IFA,IFA_02,IFA,,42009,,4261496,"IFA Pittsburgh, PA",0.0,no cell in the extract: territory at zero opportunity
ifa_pa_k4t,15522,ifa,PA,IFA,IFA_02,IFA,,42009,,4204944,"IFA Pittsburgh, PA",0.223897,
ifa_pa_k4t,15530,ifa,PA,IFA,IFA_02,IFA,,42111,43740,4205776,"IFA Pittsburgh, PA",0.0,no cell in the extract: territory at zero opportunity
ifa_pa_k4t,15531,ifa,PA,IFA,IFA_02,IFA,,42111,43740,4238048,"IFA Pittsburgh, PA",0.0,no cell in the extract: territory at zero opportunity
ifa_pa_k4t,15532,ifa,PA,IFA,IFA_02,IFA,,42111,43740,,"IFA Pittsburgh, PA",0.0,no cell in the extract: territory at zero opportunity
ifa_pa_k4t,15533,ifa,PA,IFA,IFA_03,IFA,,42009,,4279644,"IFA Philadelphia-Camden-Wilmington, PA-NJ-DE-MD / Harrisburg-Carlisle, PA",0.0,no cell in the extract: territory at zero opportunity
ifa_pa_k4t,15534,ifa,PA,IFA,IFA_02,IFA,,42009,,,"IFA Pittsburgh, PA",0.0,no cell in the extract: territory at zero opportunity
ifa_pa_k4t,15535,ifa,PA,IFA,IFA_02,IFA,,42009,,4214152,"IFA Pittsburgh, PA",0.0,no cell in the extract: territory at zero opportunity
ifa_pa_k4t,15536,ifa,PA,IFA,IFA_02,IFA,,42057,,,"IFA Pittsburgh, PA",0.0,no cell in the extract: territory at zero opportunity
ifa_pa_k4t,15537,ifa,PA,IFA,IFA_03,IFA,,42009,,4220704,"IFA Philadelphia-Camden-Wilmington, PA-NJ-DE-MD / Harrisburg-Carlisle, PA",1.47137,
ifa_pa_k4t,15538,ifa,PA,IFA,IFA_02,IFA,,42111,43740,,"IFA Pittsburgh, PA",0.0,no cell in the extract: territory at zero opportunity
ifa_pa_k4t,15539,ifa,PA,IFA,IFA_02,IFA,,42009,,,"IFA Pittsburgh, PA",0.0,no cell in the extract: territory at zero opportunity
ifa_pa_k4t,15540,ifa,PA,IFA,IFA_02,IFA,,42111,43740,,"IFA Pittsburgh, PA",0.0,no cell in the extract: territory at zero opportunity
ifa_pa_k4t,15541,ifa,PA,IFA,IFA_02,IFA,,42111,43740,4227928,"IFA Pittsburgh, PA",0.0,no cell in the extract: territory at zero opportunity
ifa_pa_k4t,15542,ifa,PA,IFA,IFA_02,IFA,,42111,43740,4228520,"IFA Pittsburgh, PA",0.0,no cell in the extract: territory at zero opportunity
ifa_pa_k4t,15544,ifa,PA,IFA,IFA_02,IFA,,42111,43740,4230648,"IFA Pittsburgh, PA",0.0,no cell in the extract: territory at zero opportunity
ifa_pa_k4t,15545,ifa,PA,IFA,IFA_02,IFA,,42009,,4236640,"IFA Pittsburgh, PA",0.0,no cell in the extract: territory at zero opportunity
ifa_pa_k4t,15546,ifa,PA,IFA,IFA_02,IFA,,42111,43740,,"IFA Pittsburgh, PA",0.0,no cell in the extract: territory at zero opportunity
ifa_pa_k4t,15547,ifa,PA,IFA,IFA_02,IFA,,42111,43740,4238048,"IFA Pittsburgh, PA",0.0,no cell in the extract: territory at zero opportunity
ifa_pa_k4t,15550,ifa,PA,IFA,IFA_02,IFA,,42009,,4246944,"IFA Pittsburgh, PA",0.0,no cell in the extract: territory at zero opportunity
ifa_pa_k4t,15551,ifa,PA,IFA,IFA_02,IFA,,42111,43740,,"IFA Pittsburgh, PA",0.0,no cell in the extract: territory at zero opportunity
ifa_pa_k4t,15552,ifa,PA,IFA,IFA_02,IFA,,42111,43740,4210808,"IFA Pittsburgh, PA",0.0,no cell in the extract: territory at zero opportunity
ifa_pa_k4t,15554,ifa,PA,IFA,IFA_02,IFA,,42009,,4253928,"IFA Pittsburgh, PA",0.0,no cell in the extract: territory at zero opportunity
ifa_pa_k4t,15555,ifa,PA,IFA,IFA_02,IFA,,42111,43740,,"IFA Pittsburgh, PA",0.0,no cell in the extract: territory at zero opportunity
ifa_pa_k4t,15557,ifa,PA,IFA,IFA_02,IFA,,42111,43740,4265736,"IFA Pittsburgh, PA",0.0847178,
ifa_pa_k4t,15558,ifa,PA,IFA,IFA_02,IFA,,42111,43740,4267584,"IFA Pittsburgh, PA",0.0,no cell in the extract: territory at zero opportunity
ifa_pa_k4t,15559,ifa,PA,IFA,IFA_02,IFA,,42009,,4268152,"IFA Pittsburgh, PA",0.0,no cell in the extract: territory at zero opportunity
ifa_pa_k4t,15560,ifa,PA,IFA,IFA_02,IFA,,42111,43740,4269680,"IFA Pittsburgh, PA",0.0,no cell in the extract: territory at zero opportunity
ifa_pa_k4t,15561,ifa,PA,IFA,IFA_02,IFA,,42111,43740,,"IFA Pittsburgh, PA",0.0,no cell in the extract: territory at zero opportunity
ifa_pa_k4t,15562,ifa,PA,IFA,IFA_02,IFA,,42111,43740,,"IFA Pittsburgh, PA",0.0,no cell in the extract: territory at zero opportunity
ifa_pa_k4t,15563,ifa,PA,IFA,IFA_02,IFA,,42111,43740,4236888,"IFA Pittsburgh, PA",0.0,no cell in the extract: territory at zero opportunity
ifa_pa_k4t,15564,ifa,PA,IFA,IFA_02,IFA,,42111,43740,4282128,"IFA Pittsburgh, PA",0.0,no cell in the extract: territory at zero opportunity
ifa_pa_k4t,15565,ifa,PA,IFA,IFA_02,IFA,,42111,43740,,"IFA Pittsburgh, PA",0.0,no cell in the extract: territory at zero opportunity
ifa_pa_k4t,15601,ifa,PA,IFA,IFA_02,IFA,,42129,38300,4231200,"IFA Pittsburgh, PA",21.1504,
ifa_pa_k4t,15610,ifa,PA,IFA,IFA_02,IFA,,42129,38300,4204616,"IFA Pittsburgh, PA",0.0,no cell in the extract: territory at zero opportunity
ifa_pa_k4t,15611,ifa,PA,IFA,IFA_02,IFA,,42129,38300,4200332,"IFA Pittsburgh, PA",0.0,no cell in the extract: territory at zero opportunity
ifa_pa_k4t,15612,ifa,PA,IFA,IFA_02,IFA,,42129,38300,,"IFA Pittsburgh, PA",0.0,no cell in the extract: territory at zero opportunity
ifa_pa_k4t,15613,ifa,PA,IFA,IFA_02,IFA,,42129,38300,4256960,"IFA Pittsburgh, PA",0.0,no cell in the extract: territory at zero opportunity
ifa_pa_k4t,15615,ifa,PA,IFA,IFA_02,IFA,,42129,38300,,"IFA Pittsburgh, PA",0.0,no cell in the extract: territory at zero opportunity
ifa_pa_k4t,15616,ifa,PA,IFA,IFA_02,IFA,,42129,38300,,"IFA Pittsburgh, PA",0.0,no cell in the extract: territory at zero opportunity
ifa_pa_k4t,15617,ifa,PA,IFA,IFA_02,IFA,,42129,38300,4203120,"IFA Pittsburgh, PA",0.0,no cell in the extract: territory at zero opportunity
ifa_pa_k4t,15618,ifa,PA,IFA,IFA_02,IFA,,42005,38300,4203688,"IFA Pittsburgh, PA",0.0,no cell in the extract: territory at zero opportunity
ifa_pa_k4t,15619,ifa,PA,IFA,IFA_02,IFA,,42129,38300,,"IFA Pittsburgh, PA",0.0,no cell in the extract: territory at zero opportunity
ifa_pa_k4t,15620,ifa,PA,IFA,IFA_02,IFA,,42129,38300,4208024,"IFA Pittsburgh, PA",0.0,no cell in the extract: territory at zero opportunity
ifa_pa_k4t,15622,ifa,PA,IFA,IFA_02,IFA,,42051,38300,4269336,"IFA Pittsburgh, PA",0.0,no cell in the extract: territory at zero opportunity
ifa_pa_k4t,15623,ifa,PA,IFA,IFA_02,IFA,,42129,38300,,"IFA Pittsburgh, PA",0.0,no cell in the extract: territory at zero opportunity
ifa_pa_k4t,15624,ifa,PA,IFA,IFA_02,IFA,,42129,38300,4216816,"IFA Pittsburgh, PA",0.0,no cell in the extract: territory at zero opportunity
ifa_pa_k4t,15625,ifa,PA,IFA,IFA_02,IFA,,42129,38300,,"IFA Pittsburgh, PA",0.0,no cell in the extract: territory at zero opportunity
ifa_pa_k4t,15626,ifa,PA,IFA,IFA_02,IFA,,42129,38300,4218768,"IFA Pittsburgh, PA",0.0,no cell in the extract: territory at zero opportunity
ifa_pa_k4t,15627,ifa,PA,IFA,IFA_02,IFA,,42129,38300,4218960,"IFA Pittsburgh, PA",0.0,no cell in the extract: territory at zero opportunity
ifa_pa_k4t,15628,ifa,PA,IFA,IFA_02,IFA,,42129,38300,4219472,"IFA Pittsburgh, PA",0.0,no cell in the extract: territory at zero opportunity
ifa_pa_k4t,15629,ifa,PA,IFA,IFA_02,IFA,,42129,38300,4221976,"IFA Pittsburgh, PA",0.221238,
ifa_pa_k4t,15631,ifa,PA,IFA,IFA_02,IFA,,42051,38300,4224336,"IFA Pittsburgh, PA",0.0,no cell in the extract: territory at zero opportunity
ifa_pa_k4t,15632,ifa,PA,IFA,IFA_02,IFA,,42129,38300,4252432,"IFA Pittsburgh, PA",28.3407,
ifa_pa_k4t,15633,ifa,PA,IFA,IFA_02,IFA,,42129,38300,,"IFA Pittsburgh, PA",0.0,no cell in the extract: territory at zero opportunity
ifa_pa_k4t,15634,ifa,PA,IFA,IFA_02,IFA,,42129,38300,4230512,"IFA Pittsburgh, PA",0.0,no cell in the extract: territory at zero opportunity
ifa_pa_k4t,15635,ifa,PA,IFA,IFA_02,IFA,,42129,38300,,"IFA Pittsburgh, PA",0.0,no cell in the extract: territory at zero opportunity
ifa_pa_k4t,15636,ifa,PA,IFA,IFA_02,IFA,,42129,38300,4247000,"IFA Pittsburgh, PA",0.0,no cell in the extract: territory at zero opportunity
ifa_pa_k4t,15637,ifa,PA,IFA,IFA_02,IFA,,42129,38300,4234048,"IFA Pittsburgh, PA",0.0,no cell in the extract: territory at zero opportunity
ifa_pa_k4t,15638,ifa,PA,IFA,IFA_02,IFA,,42129,38300,4235872,"IFA Pittsburgh, PA",0.0,no cell in the extract: territory at zero opportunity
ifa_pa_k4t,15639,ifa,PA,IFA,IFA_02,IFA,,42129,38300,4254104,"IFA Pittsburgh, PA",0.0,no cell in the extract: territory at zero opportunity
ifa_pa_k4t,15640,ifa,PA,IFA,IFA_02,IFA,,42129,38300,,"IFA Pittsburgh, PA",0.0,no cell in the extract: territory at zero opportunity
ifa_pa_k4t,15641,ifa,PA,IFA,IFA_02,IFA,,42129,38300,4236592,"IFA Pittsburgh, PA",0.0,no cell in the extract: territory at zero opportunity
ifa_pa_k4t,15642,ifa,PA,IFA,IFA_02,IFA,,42129,38300,4284704,"IFA Pittsburgh, PA",6.8138,
ifa_pa_k4t,15644,ifa,PA,IFA,IFA_02,IFA,,42129,38300,4237784,"IFA Pittsburgh, PA",1.22084,
ifa_pa_k4t,15646,ifa,PA,IFA,IFA_02,IFA,,42129,38300,,"IFA Pittsburgh, PA",0.0,no cell in the extract: territory at zero opportunity
ifa_pa_k4t,15647,ifa,PA,IFA,IFA_02,IFA,,42129,38300,,"IFA Pittsburgh, PA",0.0,no cell in the extract: territory at zero opportunity
ifa_pa_k4t,15650,ifa,PA,IFA,IFA_02,IFA,,42129,38300,4241680,"IFA Pittsburgh, PA",0.0342203,
ifa_pa_k4t,15655,ifa,PA,IFA,IFA_02,IFA,,42129,38300,4241834,"IFA Pittsburgh, PA",0.0,no cell in the extract: territory at zero opportunity
ifa_pa_k4t,15656,ifa,PA,IFA,IFA_02,IFA,,42129,38300,4283328,"IFA Pittsburgh, PA",0.386101,
ifa_pa_k4t,15658,ifa,PA,IFA,IFA_02,IFA,,42129,38300,4243232,"IFA Pittsburgh, PA",7.3106,
ifa_pa_k4t,15660,ifa,PA,IFA,IFA_02,IFA,,42129,38300,,"IFA Pittsburgh, PA",0.0,no cell in the extract: territory at zero opportunity
ifa_pa_k4t,15661,ifa,PA,IFA,IFA_02,IFA,,42129,38300,4245192,"IFA Pittsburgh, PA",0.0,no cell in the extract: territory at zero opportunity
ifa_pa_k4t,15662,ifa,PA,IFA,IFA_02,IFA,,42129,38300,,"IFA Pittsburgh, PA",0.0,no cell in the extract: territory at zero opportunity
ifa_pa_k4t,15663,ifa,PA,IFA,IFA_02,IFA,,42129,38300,4246488,"IFA Pittsburgh, PA",0.0,no cell in the extract: territory at zero opportunity
ifa_pa_k4t,15665,ifa,PA,IFA,IFA_02,IFA,,42129,38300,4247000,"IFA Pittsburgh, PA",0.0,no cell in the extract: territory at zero opportunity
ifa_pa_k4t,15666,ifa,PA,IFA,IFA_02,IFA,,42129,38300,4246800,"IFA Pittsburgh, PA",0.230957,
ifa_pa_k4t,15668,ifa,PA,IFA,IFA_02,IFA,,42129,38300,4252432,"IFA Pittsburgh, PA",19.1861,
ifa_pa_k4t,15670,ifa,PA,IFA,IFA_02,IFA,,42129,38300,4253160,"IFA Pittsburgh, PA",4.03851,
ifa_pa_k4t,15671,ifa,PA,IFA,IFA_02,IFA,,42129,38300,,"IFA Pittsburgh, PA",0.0,no cell in the extract: territory at zero opportunity
ifa_pa_k4t,15672,ifa,PA,IFA,IFA_02,IFA,,42129,38300,4254104,"IFA Pittsburgh, PA",0.0,no cell in the extract: territory at zero opportunity
ifa_pa_k4t,15673,ifa,PA,IFA,IFA_02,IFA,,42005,38300,4254728,"IFA Pittsburgh, PA",0.0,no cell in the extract: territory at zero opportunity
ifa_pa_k4t,15674,ifa,PA,IFA,IFA_02,IFA,,42129,38300,4255616,"IFA Pittsburgh, PA",0.0,no cell in the extract: territory at zero opportunity
ifa_pa_k4t,15675,ifa,PA,IFA,IFA_02,IFA,,42129,38300,4258872,"IFA Pittsburgh, PA",0.0,no cell in the extract: territory at zero opportunity
ifa_pa_k4t,15676,ifa,PA,IFA,IFA_02,IFA,,42129,38300,,"IFA Pittsburgh, PA",0.0,no cell in the extract: territory at zero opportunity
ifa_pa_k4t,15677,ifa,PA,IFA,IFA_02,IFA,,42129,38300,,"IFA Pittsburgh, PA",0.0,no cell in the extract: territory at zero opportunity
ifa_pa_k4t,15678,ifa,PA,IFA,IFA_02,IFA,,42129,38300,,"IFA Pittsburgh, PA",0.0,no cell in the extract: territory at zero opportunity
ifa_pa_k4t,15679,ifa,PA,IFA,IFA_02,IFA,,42129,38300,4286672,"IFA Pittsburgh, PA",0.0,no cell in the extract: territory at zero opportunity
ifa_pa_k4t,15680,ifa,PA,IFA,IFA_02,IFA,,42129,38300,,"IFA Pittsburgh, PA",0.0,no cell in the extract: territory at zero opportunity
ifa_pa_k4t,15681,ifa,PA,IFA,IFA_02,IFA,,42063,26860,4267648,"IFA Pittsburgh, PA",0.0,no cell in the extract: territory at zero opportunity
ifa_pa_k4t,15682,ifa,PA,IFA,IFA_02,IFA,,42005,38300,4268160,"IFA Pittsburgh, PA",0.0,no cell in the extract: territory at zero opportunity
ifa_pa_k4t,15683,ifa,PA,IFA,IFA_02,IFA,,42129,38300,4268432,"IFA Pittsburgh, PA",0.0,no cell in the extract: territory at zero opportunity
ifa_pa_k4t,15684,ifa,PA,IFA,IFA_02,IFA,,42129,38300,4271160,"IFA Pittsburgh, PA",0.0,no cell in the extract: territory at zero opportunity
ifa_pa_k4t,15686,ifa,PA,IFA,IFA_02,IFA,,42005,38300,4272912,"IFA Pittsburgh, PA",0.0,no cell in the extract: territory at zero opportunity
ifa_pa_k4t,15687,ifa,PA,IFA,IFA_02,IFA,,42129,38300,,"IFA Pittsburgh, PA",0.0,no cell in the extract: territory at zero opportunity
ifa_pa_k4t,15688,ifa,PA,IFA,IFA_02,IFA,,42129,38300,,"IFA Pittsburgh, PA",0.0,no cell in the extract: territory at zero opportunity
ifa_pa_k4t,15689,ifa,PA,IFA,IFA_02,IFA,,42129,38300,4210832,"IFA Pittsburgh, PA",0.0,no cell in the extract: territory at zero opportunity
ifa_pa_k4t,15690,ifa,PA,IFA,IFA_02,IFA,,42005,38300,4279776,"IFA Pittsburgh, PA",0.0,no cell in the extract: territory at zero opportunity
ifa_pa_k4t,15691,ifa,PA,IFA,IFA_02,IFA,,42129,38300,,"IFA Pittsburgh, PA",0.0,no cell in the extract: territory at zero opportunity
ifa_pa_k4t,15692,ifa,PA,IFA,IFA_02,IFA,,42129,38300,4247000,"IFA Pittsburgh, PA",0.0,no cell in the extract: territory at zero opportunity
ifa_pa_k4t,15693,ifa,PA,IFA,IFA_02,IFA,,42129,38300,,"IFA Pittsburgh, PA",0.0,no cell in the extract: territory at zero opportunity
ifa_pa_k4t,15695,ifa,PA,IFA,IFA_02,IFA,,42129,38300,4286672,"IFA Pittsburgh, PA",0.0,no cell in the extract: territory at zero opportunity
ifa_pa_k4t,15696,ifa,PA,IFA,IFA_02,IFA,,42129,38300,4287208,"IFA Pittsburgh, PA",0.0,no cell in the extract: territory at zero opportunity
ifa_pa_k4t,15697,ifa,PA,IFA,IFA_02,IFA,,42129,38300,4287232,"IFA Pittsburgh, PA",3.08638,
ifa_pa_k4t,15698,ifa,PA,IFA,IFA_02,IFA,,42129,38300,4287240,"IFA Pittsburgh, PA",0.0,no cell in the extract: territory at zero opportunity
ifa_pa_k4t,15701,ifa,PA,IFA,IFA_02,IFA,,42063,26860,4236816,"IFA Pittsburgh, PA",9.19035,
ifa_pa_k4t,15705,ifa,PA,IFA,IFA_02,IFA,,42063,26860,4236816,"IFA Pittsburgh, PA",0.0,no cell in the extract: territory at zero opportunity
ifa_pa_k4t,15710,ifa,PA,IFA,IFA_02,IFA,,42063,26860,4202216,"IFA Pittsburgh, PA",0.0,no cell in the extract: territory at zero opportunity
ifa_pa_k4t,15711,ifa,PA,IFA,IFA_02,IFA,,42065,,,"IFA Pittsburgh, PA",0.0,no cell in the extract: territory at zero opportunity
ifa_pa_k4t,15712,ifa,PA,IFA,IFA_02,IFA,,42063,26860,,"IFA Pittsburgh, PA",0.0,no cell in the extract: territory at zero opportunity
ifa_pa_k4t,15713,ifa,PA,IFA,IFA_02,IFA,,42063,26860,,"IFA Pittsburgh, PA",0.0,no cell in the extract: territory at zero opportunity
ifa_pa_k4t,15714,ifa,PA,IFA,IFA_02,IFA,,42021,27780,4255000,"IFA Pittsburgh, PA",0.0,no cell in the extract: territory at zero opportunity
ifa_pa_k4t,15715,ifa,PA,IFA,IFA_02,IFA,,42065,,4206344,"IFA Pittsburgh, PA",0.0,no cell in the extract: territory at zero opportunity
ifa_pa_k4t,15716,ifa,PA,IFA,IFA_02,IFA,,42063,26860,4206744,"IFA Pittsburgh, PA",0.0,no cell in the extract: territory at zero opportunity
ifa_pa_k4t,15717,ifa,PA,IFA,IFA_02,IFA,,42063,26860,4206904,"IFA Pittsburgh, PA",6.11831,
ifa_pa_k4t,15720,ifa,PA,IFA,IFA_02,IFA,,42063,26860,,"IFA Pittsburgh, PA",0.0,no cell in the extract: territory at zero opportunity
ifa_pa_k4t,15721,ifa,PA,IFA,IFA_02,IFA,,42033,20180,4210280,"IFA Pittsburgh, PA",0.0,no cell in the extract: territory at zero opportunity
ifa_pa_k4t,15722,ifa,PA,IFA,IFA_02,IFA,,42021,27780,4211456,"IFA Pittsburgh, PA",0.0,no cell in the extract: territory at zero opportunity
ifa_pa_k4t,15723,ifa,PA,IFA,IFA_02,IFA,,42063,26860,,"IFA Pittsburgh, PA",0.0,no cell in the extract: territory at zero opportunity
ifa_pa_k4t,15724,ifa,PA,IFA,IFA_02,IFA,,42063,26860,4213120,"IFA Pittsburgh, PA",0.0,no cell in the extract: territory at zero opportunity
ifa_pa_k4t,15725,ifa,PA,IFA,IFA_02,IFA,,42063,26860,,"IFA Pittsburgh, PA",0.0,no cell in the extract: territory at zero opportunity
ifa_pa_k4t,15727,ifa,PA,IFA,IFA_02,IFA,,42063,26860,4237552,"IFA Pittsburgh, PA",0.0,no cell in the extract: territory at zero opportunity
ifa_pa_k4t,15728,ifa,PA,IFA,IFA_02,IFA,,42063,26860,4214520,"IFA Pittsburgh, PA",0.0,no cell in the extract: territory at zero opportunity
ifa_pa_k4t,15729,ifa,PA,IFA,IFA_02,IFA,,42063,26860,4215464,"IFA Pittsburgh, PA",0.0,no cell in the extract: territory at zero opportunity
ifa_pa_k4t,15730,ifa,PA,IFA,IFA_02,IFA,,42065,,,"IFA Pittsburgh, PA",0.0,no cell in the extract: territory at zero opportunity
ifa_pa_k4t,15731,ifa,PA,IFA,IFA_02,IFA,,42063,26860,4216136,"IFA Pittsburgh, PA",0.0,no cell in the extract: territory at zero opportunity
ifa_pa_k4t,15732,ifa,PA,IFA,IFA_02,IFA,,42063,26860,4203480,"IFA Pittsburgh, PA",0.0,no cell in the extract: territory at zero opportunity
ifa_pa_k4t,15733,ifa,PA,IFA,IFA_02,IFA,,42065,,,"IFA Pittsburgh, PA",0.0,no cell in the extract: territory at zero opportunity
ifa_pa_k4t,15734,ifa,PA,IFA,IFA_02,IFA,,42063,26860,4219344,"IFA Pittsburgh, PA",0.0,no cell in the extract: territory at zero opportunity
ifa_pa_k4t,15736,ifa,PA,IFA,IFA_02,IFA,,42005,38300,4222832,"IFA Pittsburgh, PA",0.0,no cell in the extract: territory at zero opportunity
ifa_pa_k4t,15737,ifa,PA,IFA,IFA_02,IFA,,42021,27780,4223360,"IFA Pittsburgh, PA",0.0,no cell in the extract: territory at zero opportunity
ifa_pa_k4t,15738,ifa,PA,IFA,IFA_02,IFA,,42021,27780,4223520,"IFA Pittsburgh, PA",0.0,no cell in the extract: territory at zero opportunity
ifa_pa_k4t,15739,ifa,PA,IFA,IFA_02,IFA,,42063,26860,4224040,"IFA Pittsburgh, PA",0.0,no cell in the extract: territory at zero opportunity
ifa_pa_k4t,15741,ifa,PA,IFA,IFA_02,IFA,,42063,26860,,"IFA Pittsburgh, PA",0.0,no cell in the extract: territory at zero opportunity
ifa_pa_k4t,15742,ifa,PA,IFA,IFA_02,IFA,,42063,26860,4229512,"IFA Pittsburgh, PA",0.0,no cell in the extract: territory at zero opportunity
ifa_pa_k4t,15744,ifa,PA,IFA,IFA_02,IFA,,42065,,,"IFA Pittsburgh, PA",0.0,no cell in the extract: territory at zero opportunity
ifa_pa_k4t,15745,ifa,PA,IFA,IFA_02,IFA,,42063,26860,4233672,"IFA Pittsburgh, PA",0.0,no cell in the extract: territory at zero opportunity
ifa_pa_k4t,15746,ifa,PA,IFA,IFA_02,IFA,,42063,26860,,"IFA Pittsburgh, PA",0.0,no cell in the extract: territory at zero opportunity
ifa_pa_k4t,15747,ifa,PA,IFA,IFA_02,IFA,,42063,26860,4261632,"IFA Pittsburgh, PA",0.0,no cell in the extract: territory at zero opportunity
ifa_pa_k4t,15748,ifa,PA,IFA,IFA_02,IFA,,42063,26860,4237552,"IFA Pittsburgh, PA",0.0463055,
ifa_pa_k4t,15750,ifa,PA,IFA,IFA_02,IFA,,42063,26860,4206744,"IFA Pittsburgh, PA",0.0,no cell in the extract: territory at zero opportunity
ifa_pa_k4t,15752,ifa,PA,IFA,IFA_02,IFA,,42063,26860,4237552,"IFA Pittsburgh, PA",0.0,no cell in the extract: territory at zero opportunity
ifa_pa_k4t,15753,ifa,PA,IFA,IFA_02,IFA,,42033,20180,4253336,"IFA Pittsburgh, PA",0.0,no cell in the extract: territory at zero opportunity
ifa_pa_k4t,15754,ifa,PA,IFA,IFA_02,IFA,,42063,26860,4245312,"IFA Pittsburgh, PA",0.0,no cell in the extract: territory at zero opportunity
ifa_pa_k4t,15756,ifa,PA,IFA,IFA_02,IFA,,42063,26860,4237552,"IFA Pittsburgh, PA",0.0,no cell in the extract: territory at zero opportunity
ifa_pa_k4t,15757,ifa,PA,IFA,IFA_02,IFA,,42033,20180,4254344,"IFA Pittsburgh, PA",0.0,no cell in the extract: territory at zero opportunity
ifa_pa_k4t,15759,ifa,PA,IFA,IFA_02,IFA,,42063,26860,4247472,"IFA Pittsburgh, PA",0.0,no cell in the extract: territory at zero opportunity
ifa_pa_k4t,15760,ifa,PA,IFA,IFA_02,IFA,,42021,27780,,"IFA Pittsburgh, PA",0.0,no cell in the extract: territory at zero opportunity
ifa_pa_k4t,15761,ifa,PA,IFA,IFA_02,IFA,,42063,26860,,"IFA Pittsburgh, PA",0.0,no cell in the extract: territory at zero opportunity
ifa_pa_k4t,15762,ifa,PA,IFA,IFA_02,IFA,,42021,27780,4254440,"IFA Pittsburgh, PA",0.0,no cell in the extract: territory at zero opportunity
ifa_pa_k4t,15763,ifa,PA,IFA,IFA_02,IFA,,42063,26860,,"IFA Pittsburgh, PA",0.0,no cell in the extract: territory at zero opportunity
ifa_pa_k4t,15764,ifa,PA,IFA,IFA_02,IFA,,42065,,,"IFA Pittsburgh, PA",0.0,no cell in the extract: territory at zero opportunity
ifa_pa_k4t,15765,ifa,PA,IFA,IFA_02,IFA,,42063,26860,4233672,"IFA Pittsburgh, PA",0.0,no cell in the extract: territory at zero opportunity
ifa_pa_k4t,15767,ifa,PA,IFA,IFA_02,IFA,,42065,,4262920,"IFA Pittsburgh, PA",0.806109,
ifa_pa_k4t,15770,ifa,PA,IFA,IFA_02,IFA,,42065,,4276744,"IFA Pittsburgh, PA",0.0,no cell in the extract: territory at zero opportunity
ifa_pa_k4t,15771,ifa,PA,IFA,IFA_02,IFA,,42063,26860,,"IFA Pittsburgh, PA",0.0,no cell in the extract: territory at zero opportunity
ifa_pa_k4t,15772,ifa,PA,IFA,IFA_02,IFA,,42063,26860,4266304,"IFA Pittsburgh, PA",0.0,no cell in the extract: territory at zero opportunity
ifa_pa_k4t,15773,ifa,PA,IFA,IFA_02,IFA,,42021,27780,4267192,"IFA Pittsburgh, PA",0.0,no cell in the extract: territory at zero opportunity
ifa_pa_k4t,15774,ifa,PA,IFA,IFA_02,IFA,,42005,38300,4237552,"IFA Pittsburgh, PA",0.0,no cell in the extract: territory at zero opportunity
ifa_pa_k4t,15775,ifa,PA,IFA,IFA_02,IFA,,42021,27780,4255000,"IFA Pittsburgh, PA",0.0,no cell in the extract: territory at zero opportunity
ifa_pa_k4t,15776,ifa,PA,IFA,IFA_02,IFA,,42065,,,"IFA Pittsburgh, PA",0.0,no cell in the extract: territory at zero opportunity
ifa_pa_k4t,15777,ifa,PA,IFA,IFA_02,IFA,,42063,26860,4215464,"IFA Pittsburgh, PA",0.0,no cell in the extract: territory at zero opportunity
ifa_pa_k4t,15778,ifa,PA,IFA,IFA_02,IFA,,42065,,4276744,"IFA Pittsburgh, PA",0.0,no cell in the extract: territory at zero opportunity
ifa_pa_k4t,15779,ifa,PA,IFA,IFA_02,IFA,,42129,38300,,"IFA Pittsburgh, PA",0.0,no cell in the extract: territory at zero opportunity
ifa_pa_k4t,15780,ifa,PA,IFA,IFA_02,IFA,,42065,,,"IFA Pittsburgh, PA",0.0,no cell in the extract: territory at zero opportunity
ifa_pa_k4t,15781,ifa,PA,IFA,IFA_02,IFA,,42065,,,"IFA Pittsburgh, PA",0.0,no cell in the extract: territory at zero opportunity
ifa_pa_k4t,15783,ifa,PA,IFA,IFA_02,IFA,,42063,26860,,"IFA Pittsburgh, PA",0.0,no cell in the extract: territory at zero opportunity
ifa_pa_k4t,15784,ifa,PA,IFA,IFA_02,IFA,,42065,,4286568,"IFA Pittsburgh, PA",0.0,no cell in the extract: territory at zero opportunity
ifa_pa_k4t,15801,ifa,PA,IFA,IFA_02,IFA,,42033,20180,4277335,"IFA Pittsburgh, PA",23.5669,
ifa_pa_k4t,15821,ifa,PA,IFA,IFA_02,IFA,,42047,41260,,"IFA Pittsburgh, PA",0.0,no cell in the extract: territory at zero opportunity
ifa_pa_k4t,15823,ifa,PA,IFA,IFA_02,IFA,,42047,41260,4217040,"IFA Pittsburgh, PA",0.0,no cell in the extract: territory at zero opportunity
ifa_pa_k4t,15824,ifa,PA,IFA,IFA_02,IFA,,42065,,4208960,"IFA Pittsburgh, PA",0.0129658,
ifa_pa_k4t,15825,ifa,PA,IFA,IFA_02,IFA,,42065,,4209224,"IFA Pittsburgh, PA",0.0952059,
ifa_pa_k4t,15827,ifa,PA,IFA,IFA_02,IFA,,42047,41260,4210600,"IFA Pittsburgh, PA",0.0,no cell in the extract: territory at zero opportunity
ifa_pa_k4t,15828,ifa,PA,IFA,IFA_02,IFA,,42053,,,"IFA Pittsburgh, PA",0.0,no cell in the extract: territory at zero opportunity
ifa_pa_k4t,15829,ifa,PA,IFA,IFA_02,IFA,,42065,,4216304,"IFA Pittsburgh, PA",0.0,no cell in the extract: territory at zero opportunity
ifa_pa_k4t,15831,ifa,PA,IFA,IFA_02,IFA,,42047,41260,,"IFA Pittsburgh, PA",0.0,no cell in the extract: territory at zero opportunity
ifa_pa_k4t,15832,ifa,PA,IFA,IFA_02,IFA,,42023,,4219976,"IFA Pittsburgh, PA",0.0,no cell in the extract: territory at zero opportunity
ifa_pa_k4t,15834,ifa,PA,IFA,IFA_02,IFA,,42023,,4223600,"IFA Pittsburgh, PA",0.0,no cell in the extract: territory at zero opportunity
ifa_pa_k4t,15840,ifa,PA,IFA,IFA_02,IFA,,42065,,4225136,"IFA Pittsburgh, PA",0.0,no cell in the extract: territory at zero opportunity
ifa_pa_k4t,15841,ifa,PA,IFA,IFA_02,IFA,,42047,41260,4226504,"IFA Pittsburgh, PA",0.0,no cell in the extract: territory at zero opportunity
ifa_pa_k4t,15845,ifa,PA,IFA,IFA_02,IFA,,42047,41260,4238248,"IFA Pittsburgh, PA",0.0,no cell in the extract: territory at zero opportunity
ifa_pa_k4t,15846,ifa,PA,IFA,IFA_02,IFA,,42047,41260,4239512,"IFA Pittsburgh, PA",0.0,no cell in the extract: territory at zero opportunity
ifa_pa_k4t,15847,ifa,PA,IFA,IFA_02,IFA,,42065,,,"IFA Pittsburgh, PA",0.0,no cell in the extract: territory at zero opportunity
ifa_pa_k4t,15848,ifa,PA,IFA,IFA_02,IFA,,42033,20180,4245512,"IFA Pittsburgh, PA",0.0,no cell in the extract: territory at zero opportunity
ifa_pa_k4t,15849,ifa,PA,IFA,IFA_02,IFA,,42033,20180,4258744,"IFA Pittsburgh, PA",0.0,no cell in the extract: territory at zero opportunity
ifa_pa_k4t,15851,ifa,PA,IFA,IFA_02,IFA,,42065,,4264376,"IFA Pittsburgh, PA",0.0,no cell in the extract: territory at zero opportunity
ifa_pa_k4t,15853,ifa,PA,IFA,IFA_02,IFA,,42047,41260,4264784,"IFA Pittsburgh, PA",0.0,no cell in the extract: territory at zero opportunity
ifa_pa_k4t,15856,ifa,PA,IFA,IFA_02,IFA,,42033,20180,,"IFA Pittsburgh, PA",0.0,no cell in the extract: territory at zero opportunity
ifa_pa_k4t,15857,ifa,PA,IFA,IFA_02,IFA,,42047,41260,4267344,"IFA Pittsburgh, PA",0.0878973,
ifa_pa_k4t,15860,ifa,PA,IFA,IFA_02,IFA,,42065,,,"IFA Pittsburgh, PA",0.0,no cell in the extract: territory at zero opportunity
ifa_pa_k4t,15861,ifa,PA,IFA,IFA_04,IFA,,42023,,4270896,"IFA Philadelphia-Camden-Wilmington, PA-NJ-DE-MD / Allentown-Bethlehem-Easton, PA-NJ",0.0,no cell in the extract: territory at zero opportunity
ifa_pa_k4t,15863,ifa,PA,IFA,IFA_02,IFA,,42065,,,"IFA Pittsburgh, PA",0.0,no cell in the extract: territory at zero opportunity
ifa_pa_k4t,15864,ifa,PA,IFA,IFA_02,IFA,,42065,,4275168,"IFA Pittsburgh, PA",0.0,no cell in the extract: territory at zero opportunity
ifa_pa_k4t,15865,ifa,PA,IFA,IFA_02,IFA,,42065,,4275888,"IFA Pittsburgh, PA",0.0,no cell in the extract: territory at zero opportunity
ifa_pa_k4t,15866,ifa,PA,IFA,IFA_02,IFA,,42033,20180,4277568,"IFA Pittsburgh, PA",0.0,no cell in the extract: territory at zero opportunity
ifa_pa_k4t,15868,ifa,PA,IFA,IFA_02,IFA,,42047,41260,4281960,"IFA Pittsburgh, PA",0.0,no cell in the extract: territory at zero opportunity
ifa_pa_k4t,15870,ifa,PA,IFA,IFA_02,IFA,,42047,41260,4285088,"IFA Pittsburgh, PA",0.0,no cell in the extract: territory at zero opportunity
ifa_pa_k4t,15901,ifa,PA,IFA,IFA_02,IFA,,42021,27780,4238288,"IFA Pittsburgh, PA",22.5853,
ifa_pa_k4t,15902,ifa,PA,IFA,IFA_02,IFA,,42021,27780,4238288,"IFA Pittsburgh, PA",0.0,no cell in the extract: territory at zero opportunity
ifa_pa_k4t,15904,ifa,PA,IFA,IFA_02,IFA,,42021,27780,4205400,"IFA Pittsburgh, PA",12.5071,
ifa_pa_k4t,15905,ifa,PA,IFA,IFA_02,IFA,,42021,27780,4283584,"IFA Pittsburgh, PA",0.259432,
ifa_pa_k4t,15906,ifa,PA,IFA,IFA_02,IFA,,42021,27780,4238288,"IFA Pittsburgh, PA",0.644375,
ifa_pa_k4t,15909,ifa,PA,IFA,IFA_02,IFA,,42021,27780,4280264,"IFA Pittsburgh, PA",0.0,no cell in the extract: territory at zero opportunity
ifa_pa_k4t,15920,ifa,PA,IFA,IFA_02,IFA,,42063,26860,4203032,"IFA Pittsburgh, PA",0.0,no cell in the extract: territory at zero opportunity
ifa_pa_k4t,15921,ifa,PA,IFA,IFA_02,IFA,,42021,27780,4204768,"IFA Pittsburgh, PA",0.0,no cell in the extract: territory at zero opportunity
ifa_pa_k4t,15922,ifa,PA,IFA,IFA_02,IFA,,42021,27780,4205464,"IFA Pittsburgh, PA",0.0,no cell in the extract: territory at zero opportunity
ifa_pa_k4t,15923,ifa,PA,IFA,IFA_02,IFA,,42129,38300,4207480,"IFA Pittsburgh, PA",0.0397725,
ifa_pa_k4t,15924,ifa,PA,IFA,IFA_02,IFA,,42111,43740,4210720,"IFA Pittsburgh, PA",0.0,no cell in the extract: territory at zero opportunity
ifa_pa_k4t,15925,ifa,PA,IFA,IFA_02,IFA,,42021,27780,4211616,"IFA Pittsburgh, PA",0.0,no cell in the extract: territory at zero opportunity
ifa_pa_k4t,15926,ifa,PA,IFA,IFA_02,IFA,,42111,43740,4236888,"IFA Pittsburgh, PA",0.0,no cell in the extract: territory at zero opportunity
ifa_pa_k4t,15927,ifa,PA,IFA,IFA_02,IFA,,42021,27780,4215416,"IFA Pittsburgh, PA",0.0,no cell in the extract: territory at zero opportunity
ifa_pa_k4t,15928,ifa,PA,IFA,IFA_02,IFA,,42111,43740,4218312,"IFA Pittsburgh, PA",0.0,no cell in the extract: territory at zero opportunity
ifa_pa_k4t,15929,ifa,PA,IFA,IFA_02,IFA,,42063,26860,,"IFA Pittsburgh, PA",0.0,no cell in the extract: territory at zero opportunity
ifa_pa_k4t,15930,ifa,PA,IFA,IFA_02,IFA,,42021,27780,4220336,"IFA Pittsburgh, PA",0.0,no cell in the extract: territory at zero opportunity
ifa_pa_k4t,15931,ifa,PA,IFA,IFA_02,IFA,,42021,27780,4222144,"IFA Pittsburgh, PA",0.0913042,
ifa_pa_k4t,15934,ifa,PA,IFA,IFA_02,IFA,,42021,27780,,"IFA Pittsburgh, PA",0.0,no cell in the extract: territory at zero opportunity
ifa_pa_k4t,15935,ifa,PA,IFA,IFA_02,IFA,,42111,43740,4205648,"IFA Pittsburgh, PA",1.13892,
ifa_pa_k4t,15936,ifa,PA,IFA,IFA_02,IFA,,42111,43740,4235608,"IFA Pittsburgh, PA",0.0,no cell in the extract: territory at zero opportunity
ifa_pa_k4t,15937,ifa,PA,IFA,IFA_02,IFA,,42111,43740,4238104,"IFA Pittsburgh, PA",0.122091,
ifa_pa_k4t,15938,ifa,PA,IFA,IFA_02,IFA,,42021,27780,4243248,"IFA Pittsburgh, PA",0.0,no cell in the extract: territory at zero opportunity
ifa_pa_k4t,15940,ifa,PA,IFA,IFA_02,IFA,,42021,27780,4244704,"IFA Pittsburgh, PA",0.0,no cell in the extract: territory at zero opportunity
ifa_pa_k4t,15942,ifa,PA,IFA,IFA_02,IFA,,42021,27780,4252312,"IFA Pittsburgh, PA",0.0,no cell in the extract: territory at zero opportunity
ifa_pa_k4t,15943,ifa,PA,IFA,IFA_02,IFA,,42021,27780,4252616,"IFA Pittsburgh, PA",0.0,no cell in the extract: territory at zero opportunity
ifa_pa_k4t,15944,ifa,PA,IFA,IFA_02,IFA,,42129,38300,4253544,"IFA Pittsburgh, PA",0.0,no cell in the extract: territory at zero opportunity
ifa_pa_k4t,15945,ifa,PA,IFA,IFA_02,IFA,,42021,27780,4258056,"IFA Pittsburgh, PA",0.0,no cell in the extract: territory at zero opportunity
ifa_pa_k4t,15946,ifa,PA,IFA,IFA_02,IFA,,42021,27780,4273224,"IFA Pittsburgh, PA",0.0,no cell in the extract: territory at zero opportunity
ifa_pa_k4t,15948,ifa,PA,IFA,IFA_02,IFA,,42021,27780,4264288,"IFA Pittsburgh, PA",0.0,no cell in the extract: territory at zero opportunity
ifa_pa_k4t,15949,ifa,PA,IFA,IFA_02,IFA,,42063,26860,4265360,"IFA Pittsburgh, PA",0.0,no cell in the extract: territory at zero opportunity
ifa_pa_k4t,15951,ifa,PA,IFA,IFA_02,IFA,,42021,27780,4267352,"IFA Pittsburgh, PA",0.0,no cell in the extract: territory at zero opportunity
ifa_pa_k4t,15952,ifa,PA,IFA,IFA_02,IFA,,42021,27780,4267608,"IFA Pittsburgh, PA",0.0,no cell in the extract: territory at zero opportunity
ifa_pa_k4t,15953,ifa,PA,IFA,IFA_02,IFA,,42111,43740,,"IFA Pittsburgh, PA",0.0,no cell in the extract: territory at zero opportunity
ifa_pa_k4t,15954,ifa,PA,IFA,IFA_02,IFA,,42063,26860,4269368,"IFA Pittsburgh, PA",0.0,no cell in the extract: territory at zero opportunity
ifa_pa_k4t,15955,ifa,PA,IFA,IFA_02,IFA,,42021,27780,4204768,"IFA Pittsburgh, PA",0.0,no cell in the extract: territory at zero opportunity
ifa_pa_k4t,15956,ifa,PA,IFA,IFA_02,IFA,,42021,27780,4272168,"IFA Pittsburgh, PA",0.0,no cell in the extract: territory at zero opportunity
ifa_pa_k4t,15957,ifa,PA,IFA,IFA_02,IFA,,42063,26860,,"IFA Pittsburgh, PA",0.0,no cell in the extract: territory at zero opportunity
ifa_pa_k4t,15958,ifa,PA,IFA,IFA_02,IFA,,42021,27780,4275136,"IFA Pittsburgh, PA",0.000238635,
ifa_pa_k4t,15960,ifa,PA,IFA,IFA_02,IFA,,42021,27780,4278072,"IFA Pittsburgh, PA",0.0,no cell in the extract: territory at zero opportunity
ifa_pa_k4t,15961,ifa,PA,IFA,IFA_02,IFA,,42063,26860,4280288,"IFA Pittsburgh, PA",0.0,no cell in the extract: territory at zero opportunity
ifa_pa_k4t,15962,ifa,PA,IFA,IFA_02,IFA,,42021,27780,4285528,"IFA Pittsburgh, PA",0.0,no cell in the extract: territory at zero opportunity
ifa_pa_k4t,15963,ifa,PA,IFA,IFA_02,IFA,,42111,43740,4285632,"IFA Pittsburgh, PA",0.0,no cell in the extract: territory at zero opportunity
ifa_pa_k4t,16001,ifa,PA,IFA,IFA_02,IFA,,42019,38300,4269715,"IFA Pittsburgh, PA",10.722,
ifa_pa_k4t,16002,ifa,PA,IFA,IFA_02,IFA,,42019,38300,4254552,"IFA Pittsburgh, PA",0.918235,
ifa_pa_k4t,16020,ifa,PA,IFA,IFA_02,IFA,,42019,38300,4207944,"IFA Pittsburgh, PA",0.0,no cell in the extract: territory at zero opportunity
ifa_pa_k4t,16022,ifa,PA,IFA,IFA_02,IFA,,42019,38300,4209528,"IFA Pittsburgh, PA",0.0,no cell in the extract: territory at zero opportunity
ifa_pa_k4t,16023,ifa,PA,IFA,IFA_02,IFA,,42019,38300,,"IFA Pittsburgh, PA",0.0,no cell in the extract: territory at zero opportunity
ifa_pa_k4t,16024,ifa,PA,IFA,IFA_02,IFA,,42019,38300,4210800,"IFA Pittsburgh, PA",0.0,no cell in the extract: territory at zero opportunity
ifa_pa_k4t,16025,ifa,PA,IFA,IFA_02,IFA,,42019,38300,4213440,"IFA Pittsburgh, PA",0.0,no cell in the extract: territory at zero opportunity
ifa_pa_k4t,16027,ifa,PA,IFA,IFA_02,IFA,,42019,38300,4215808,"IFA Pittsburgh, PA",0.0,no cell in the extract: territory at zero opportunity
ifa_pa_k4t,16028,ifa,PA,IFA,IFA_02,IFA,,42005,38300,4220840,"IFA Pittsburgh, PA",0.0,no cell in the extract: territory at zero opportunity
ifa_pa_k4t,16029,ifa,PA,IFA,IFA_02,IFA,,42019,38300,4220904,"IFA Pittsburgh, PA",0.0,no cell in the extract: territory at zero opportunity
ifa_pa_k4t,16030,ifa,PA,IFA,IFA_02,IFA,,42019,38300,4222128,"IFA Pittsburgh, PA",0.0,no cell in the extract: territory at zero opportunity
ifa_pa_k4t,16033,ifa,PA,IFA,IFA_02,IFA,,42019,38300,4224248,"IFA Pittsburgh, PA",8.2,
ifa_pa_k4t,16034,ifa,PA,IFA,IFA_02,IFA,,42019,38300,4225608,"IFA Pittsburgh, PA",0.0,no cell in the extract: territory at zero opportunity
ifa_pa_k4t,16035,ifa,PA,IFA,IFA_02,IFA,,42019,38300,4226688,"IFA Pittsburgh, PA",0.0,no cell in the extract: territory at zero opportunity
ifa_pa_k4t,16036,ifa,PA,IFA,IFA_02,IFA,,42031,,4227112,"IFA Pittsburgh, PA",0.0,no cell in the extract: territory at zero opportunity
ifa_pa_k4t,16037,ifa,PA,IFA,IFA_02,IFA,,42019,38300,4232688,"IFA Pittsburgh, PA",0.0,no cell in the extract: territory at zero opportunity
ifa_pa_k4t,16038,ifa,PA,IFA,IFA_02,IFA,,42019,38300,4204136,"IFA Pittsburgh, PA",0.0,no cell in the extract: territory at zero opportunity
ifa_pa_k4t,16040,ifa,PA,IFA,IFA_02,IFA,,42019,38300,4207944,"IFA Pittsburgh, PA",0.0,no cell in the extract: territory at zero opportunity
ifa_pa_k4t,16041,ifa,PA,IFA,IFA_02,IFA,,42019,38300,4238768,"IFA Pittsburgh, PA",0.0,no cell in the extract: territory at zero opportunity
ifa_pa_k4t,16045,ifa,PA,IFA,IFA_02,IFA,,42019,38300,4235364,"IFA Pittsburgh, PA",0.0,no cell in the extract: territory at zero opportunity
ifa_pa_k4t,16046,ifa,PA,IFA,IFA_02,IFA,,42019,38300,4269309,"IFA Pittsburgh, PA",31.1042,
ifa_pa_k4t,16048,ifa,PA,IFA,IFA_02,IFA,,42019,38300,4255528,"IFA Pittsburgh, PA",0.0,no cell in the extract: territory at zero opportunity
ifa_pa_k4t,16049,ifa,PA,IFA,IFA_02,IFA,,42031,,4213152,"IFA Pittsburgh, PA",0.0,no cell in the extract: territory at zero opportunity
ifa_pa_k4t,16050,ifa,PA,IFA,IFA_02,IFA,,42019,38300,4209528,"IFA Pittsburgh, PA",0.0,no cell in the extract: territory at zero opportunity
ifa_pa_k4t,16051,ifa,PA,IFA,IFA_02,IFA,,42019,38300,4262224,"IFA Pittsburgh, PA",0.0,no cell in the extract: territory at zero opportunity
ifa_pa_k4t,16052,ifa,PA,IFA,IFA_02,IFA,,42019,38300,4262752,"IFA Pittsburgh, PA",0.0,no cell in the extract: territory at zero opportunity
ifa_pa_k4t,16053,ifa,PA,IFA,IFA_02,IFA,,42019,38300,4255969,"IFA Pittsburgh, PA",0.0,no cell in the extract: territory at zero opportunity
ifa_pa_k4t,16054,ifa,PA,IFA,IFA_02,IFA,,42031,,4267384,"IFA Pittsburgh, PA",0.0,no cell in the extract: territory at zero opportunity
ifa_pa_k4t,16055,ifa,PA,IFA,IFA_02,IFA,,42019,38300,,"IFA Pittsburgh, PA",0.129,
ifa_pa_k4t,16056,ifa,PA,IFA,IFA_02,IFA,,42019,38300,4268056,"IFA Pittsburgh, PA",0.0,no cell in the extract: territory at zero opportunity
ifa_pa_k4t,16057,ifa,PA,IFA,IFA_02,IFA,,42019,38300,4283376,"IFA Pittsburgh, PA",0.0,no cell in the extract: territory at zero opportunity
ifa_pa_k4t,16059,ifa,PA,IFA,IFA_02,IFA,,42019,38300,4279504,"IFA Pittsburgh, PA",0.0,no cell in the extract: territory at zero opportunity
ifa_pa_k4t,16061,ifa,PA,IFA,IFA_02,IFA,,42019,38300,4284064,"IFA Pittsburgh, PA",0.0,no cell in the extract: territory at zero opportunity
ifa_pa_k4t,16063,ifa,PA,IFA,IFA_02,IFA,,42019,38300,4287272,"IFA Pittsburgh, PA",4.59851,
ifa_pa_k4t,16066,ifa,PA,IFA,IFA_02,IFA,,42019,38300,,"IFA Pittsburgh, PA",9.91492,
ifa_pa_k4t,16101,ifa,PA,IFA,IFA_02,IFA,,42073,38300,4253368,"IFA Pittsburgh, PA",7.05442,
ifa_pa_k4t,16102,ifa,PA,IFA,IFA_02,IFA,,42073,38300,4253368,"IFA Pittsburgh, PA",0.0,no cell in the extract: territory at zero opportunity
ifa_pa_k4t,16105,ifa,PA,IFA,IFA_02,IFA,,42073,38300,4253368,"IFA Pittsburgh, PA",1.8045,
ifa_pa_k4t,16110,ifa,PA,IFA,IFA_02,IFA,,42039,32740,4200372,"IFA Pittsburgh, PA",0.0,no cell in the extract: territory at zero opportunity
ifa_pa_k4t,16111,ifa,PA,IFA,IFA_02,IFA,,42039,32740,4203440,"IFA Pittsburgh, PA",0.0,no cell in the extract: territory at zero opportunity
ifa_pa_k4t,16112,ifa,PA,IFA,IFA_02,IFA,,42073,38300,4205936,"IFA Pittsburgh, PA",0.0,no cell in the extract: territory at zero opportunity
ifa_pa_k4t,16113,ifa,PA,IFA,IFA_02,IFA,,42085,25850,4213832,"IFA Pittsburgh, PA",0.0,no cell in the extract: territory at zero opportunity
ifa_pa_k4t,16114,ifa,PA,IFA,IFA_02,IFA,,42085,25850,,"IFA Pittsburgh, PA",0.0,no cell in the extract: territory at zero opportunity
ifa_pa_k4t,16115,ifa,PA,IFA,IFA_02,IFA,,42007,38300,4206240,"IFA Pittsburgh, PA",0.0,no cell in the extract: territory at zero opportunity
ifa_pa_k4t,16116,ifa,PA,IFA,IFA_02,IFA,,42073,38300,4222616,"IFA Pittsburgh, PA",0.0,no cell in the extract: territory at zero opportunity
ifa_pa_k4t,16117,ifa,PA,IFA,IFA_02,IFA,,42073,38300,4223304,"IFA Pittsburgh, PA",0.0,no cell in the extract: territory at zero opportunity
ifa_pa_k4t,16120,ifa,PA,IFA,IFA_02,IFA,,42073,38300,4271620,"IFA Pittsburgh, PA",0.0,no cell in the extract: territory at zero opportunity
ifa_pa_k4t,16121,ifa,PA,IFA,IFA_02,IFA,,42085,25850,4225360,"IFA Pittsburgh, PA",0.0,no cell in the extract: territory at zero opportunity
ifa_pa_k4t,16123,ifa,PA,IFA,IFA_02,IFA,,42007,38300,,"IFA Pittsburgh, PA",0.0,no cell in the extract: territory at zero opportunity
ifa_pa_k4t,16124,ifa,PA,IFA,IFA_02,IFA,,42085,25850,4227688,"IFA Pittsburgh, PA",0.0,no cell in the extract: territory at zero opportunity
ifa_pa_k4t,16125,ifa,PA,IFA,IFA_02,IFA,,42085,25850,4231328,"IFA Pittsburgh, PA",1.47726,
ifa_pa_k4t,16127,ifa,PA,IFA,IFA_02,IFA,,42085,25850,4231656,"IFA Pittsburgh, PA",0.0851819,
ifa_pa_k4t,16130,ifa,PA,IFA,IFA_02,IFA,,42085,25850,4269936,"IFA Pittsburgh, PA",0.0,no cell in the extract: territory at zero opportunity
ifa_pa_k4t,16131,ifa,PA,IFA,IFA_02,IFA,,42039,32740,4232976,"IFA Pittsburgh, PA",0.0,no cell in the extract: territory at zero opportunity
ifa_pa_k4t,16132,ifa,PA,IFA,IFA_02,IFA,,42073,38300,4234912,"IFA Pittsburgh, PA",0.0,no cell in the extract: territory at zero opportunity
ifa_pa_k4t,16133,ifa,PA,IFA,IFA_02,IFA,,42085,25850,4237496,"IFA Pittsburgh, PA",0.0,no cell in the extract: territory at zero opportunity
ifa_pa_k4t,16134,ifa,PA,IFA,IFA_02,IFA,,42039,32740,4263009,"IFA Pittsburgh, PA",0.0,no cell in the extract: territory at zero opportunity
ifa_pa_k4t,16136,ifa,PA,IFA,IFA_02,IFA,,42007,38300,4240400,"IFA Pittsburgh, PA",0.0,no cell in the extract: territory at zero opportunity
ifa_pa_k4t,16137,ifa,PA,IFA,IFA_02,IFA,,42085,25850,4240982,"IFA Pittsburgh, PA",2.24752,
ifa_pa_k4t,16140,ifa,PA,IFA,IFA_02,IFA,,42073,38300,4253192,"IFA Pittsburgh, PA",0.0,no cell in the extract: territory at zero opportunity
ifa_pa_k4t,16141,ifa,PA,IFA,IFA_02,IFA,,42073,38300,4253184,"IFA Pittsburgh, PA",0.0,no cell in the extract: territory at zero opportunity
ifa_pa_k4t,16142,ifa,PA,IFA,IFA_02,IFA,,42085,25850,4254352,"IFA Pittsburgh, PA",0.0,no cell in the extract: territory at zero opportunity
ifa_pa_k4t,16143,ifa,PA,IFA,IFA_02,IFA,,42073,38300,4228014,"IFA Pittsburgh, PA",0.0,no cell in the extract: territory at zero opportunity
ifa_pa_k4t,16145,ifa,PA,IFA,IFA_02,IFA,,42085,25850,4253768,"IFA Pittsburgh, PA",0.0,no cell in the extract: territory at zero opportunity
ifa_pa_k4t,16146,ifa,PA,IFA,IFA_02,IFA,,42085,25850,4269720,"IFA Pittsburgh, PA",0.205755,
ifa_pa_k4t,16148,ifa,PA,IFA,IFA_02,IFA,,42085,25850,4234064,"IFA Pittsburgh, PA",6.07557,
ifa_pa_k4t,16150,ifa,PA,IFA,IFA_02,IFA,,42085,25850,4213832,"IFA Pittsburgh, PA",0.0,no cell in the extract: territory at zero opportunity
ifa_pa_k4t,16151,ifa,PA,IFA,IFA_02,IFA,,42085,25850,4269936,"IFA Pittsburgh, PA",0.0,no cell in the extract: territory at zero opportunity
ifa_pa_k4t,16153,ifa,PA,IFA,IFA_02,IFA,,42085,25850,4274288,"IFA Pittsburgh, PA",0.0,no cell in the extract: territory at zero opportunity
ifa_pa_k4t,16154,ifa,PA,IFA,IFA_02,IFA,,42085,25850,4264368,"IFA Pittsburgh, PA",0.0,no cell in the extract: territory at zero opportunity
ifa_pa_k4t,16155,ifa,PA,IFA,IFA_02,IFA,,42073,38300,,"IFA Pittsburgh, PA",0.0,no cell in the extract: territory at zero opportunity
ifa_pa_k4t,16156,ifa,PA,IFA,IFA_02,IFA,,42073,38300,4280368,"IFA Pittsburgh, PA",0.0,no cell in the extract: territory at zero opportunity
ifa_pa_k4t,16157,ifa,PA,IFA,IFA_02,IFA,,42073,38300,4253184,"IFA Pittsburgh, PA",0.0,no cell in the extract: territory at zero opportunity
ifa_pa_k4t,16159,ifa,PA,IFA,IFA_02,IFA,,42085,25850,4234064,"IFA Pittsburgh, PA",0.0,no cell in the extract: territory at zero opportunity
ifa_pa_k4t,16160,ifa,PA,IFA,IFA_02,IFA,,42073,38300,4283848,"IFA Pittsburgh, PA",0.0,no cell in the extract: territory at zero opportunity
ifa_pa_k4t,16161,ifa,PA,IFA,IFA_02,IFA,,42085,25850,4234064,"IFA Pittsburgh, PA",0.0,no cell in the extract: territory at zero opportunity
ifa_pa_k4t,16172,ifa,PA,IFA,IFA_02,IFA,,42073,38300,4254352,"IFA Pittsburgh, PA",0.0,no cell in the extract: territory at zero opportunity
ifa_pa_k4t,16201,ifa,PA,IFA,IFA_02,IFA,,42005,38300,4283172,"IFA Pittsburgh, PA",0.84825,
ifa_pa_k4t,16210,ifa,PA,IFA,IFA_02,IFA,,42005,38300,,"IFA Pittsburgh, PA",0.0,no cell in the extract: territory at zero opportunity
ifa_pa_k4t,16211,ifa,PA,IFA,IFA_02,IFA,,42063,26860,,"IFA Pittsburgh, PA",0.0,no cell in the extract: territory at zero opportunity
ifa_pa_k4t,16212,ifa,PA,IFA,IFA_02,IFA,,42005,38300,,"IFA Pittsburgh, PA",0.0,no cell in the extract: territory at zero opportunity
ifa_pa_k4t,16213,ifa,PA,IFA,IFA_02,IFA,,42031,,4210792,"IFA Pittsburgh, PA",0.0,no cell in the extract: territory at zero opportunity
ifa_pa_k4t,16214,ifa,PA,IFA,IFA_02,IFA,,42031,,4213800,"IFA Pittsburgh, PA",0.519387,
ifa_pa_k4t,16217,ifa,PA,IFA,IFA_02,IFA,,42053,,,"IFA Pittsburgh, PA",0.0,no cell in the extract: territory at zero opportunity
ifa_pa_k4t,16218,ifa,PA,IFA,IFA_02,IFA,,42005,38300,,"IFA Pittsburgh, PA",0.0,no cell in the extract: territory at zero opportunity
ifa_pa_k4t,16220,ifa,PA,IFA,IFA_02,IFA,,42031,,4217440,"IFA Pittsburgh, PA",0.0,no cell in the extract: territory at zero opportunity
ifa_pa_k4t,16222,ifa,PA,IFA,IFA_02,IFA,,42005,38300,4218400,"IFA Pittsburgh, PA",0.0,no cell in the extract: territory at zero opportunity
ifa_pa_k4t,16223,ifa,PA,IFA,IFA_02,IFA,,42005,38300,4219304,"IFA Pittsburgh, PA",0.0,no cell in the extract: territory at zero opportunity
ifa_pa_k4t,16224,ifa,PA,IFA,IFA_02,IFA,,42031,,,"IFA Pittsburgh, PA",0.0,no cell in the extract: territory at zero opportunity
ifa_pa_k4t,16226,ifa,PA,IFA,IFA_02,IFA,,42005,38300,4242672,"IFA Pittsburgh, PA",0.0,no cell in the extract: territory at zero opportunity
ifa_pa_k4t,16228,ifa,PA,IFA,IFA_02,IFA,,42005,38300,4226520,"IFA Pittsburgh, PA",0.0,no cell in the extract: territory at zero opportunity
ifa_pa_k4t,16229,ifa,PA,IFA,IFA_02,IFA,,42005,38300,4227784,"IFA Pittsburgh, PA",0.0446892,
ifa_pa_k4t,16230,ifa,PA,IFA,IFA_02,IFA,,42031,,4233216,"IFA Pittsburgh, PA",0.0,no cell in the extract: territory at zero opportunity
ifa_pa_k4t,16232,ifa,PA,IFA,IFA_02,IFA,,42031,,4240272,"IFA Pittsburgh, PA",0.0,no cell in the extract: territory at zero opportunity
ifa_pa_k4t,16233,ifa,PA,IFA,IFA_02,IFA,,42031,,4217440,"IFA Pittsburgh, PA",0.0,no cell in the extract: territory at zero opportunity
ifa_pa_k4t,16235,ifa,PA,IFA,IFA_02,IFA,,42031,,,"IFA Pittsburgh, PA",0.0,no cell in the extract: territory at zero opportunity
ifa_pa_k4t,16236,ifa,PA,IFA,IFA_02,IFA,,42005,38300,,"IFA Pittsburgh, PA",0.0,no cell in the extract: territory at zero opportunity
ifa_pa_k4t,16238,ifa,PA,IFA,IFA_02,IFA,,42005,38300,4247064,"IFA Pittsburgh, PA",0.0,no cell in the extract: territory at zero opportunity
ifa_pa_k4t,16239,ifa,PA,IFA,IFA_02,IFA,,42053,,4247416,"IFA Pittsburgh, PA",0.0,no cell in the extract: territory at zero opportunity
ifa_pa_k4t,16240,ifa,PA,IFA,IFA_02,IFA,,42065,,4276744,"IFA Pittsburgh, PA",0.0,no cell in the extract: territory at zero opportunity
ifa_pa_k4t,16242,ifa,PA,IFA,IFA_02,IFA,,42031,,4219304,"IFA Pittsburgh, PA",0.0,no cell in the extract: territory at zero opportunity
ifa_pa_k4t,16244,ifa,PA,IFA,IFA_02,IFA,,42005,38300,,"IFA Pittsburgh, PA",0.0,no cell in the extract: territory at zero opportunity
ifa_pa_k4t,16245,ifa,PA,IFA,IFA_02,IFA,,42005,38300,,"IFA Pittsburgh, PA",0.0,no cell in the extract: territory at zero opportunity
ifa_pa_k4t,16246,ifa,PA,IFA,IFA_02,IFA,,42063,26860,4261632,"IFA Pittsburgh, PA",0.0,no cell in the extract: territory at zero opportunity
ifa_pa_k4t,16248,ifa,PA,IFA,IFA_02,IFA,,42031,,4264904,"IFA Pittsburgh, PA",0.0,no cell in the extract: territory at zero opportunity
ifa_pa_k4t,16249,ifa,PA,IFA,IFA_02,IFA,,42005,38300,4266720,"IFA Pittsburgh, PA",0.0,no cell in the extract: territory at zero opportunity
ifa_pa_k4t,16250,ifa,PA,IFA,IFA_02,IFA,,42005,38300,4267136,"IFA Pittsburgh, PA",0.0,no cell in the extract: territory at zero opportunity
ifa_pa_k4t,16253,ifa,PA,IFA,IFA_02,IFA,,42005,38300,,"IFA Pittsburgh, PA",0.0,no cell in the extract: territory at zero opportunity
ifa_pa_k4t,16254,ifa,PA,IFA,IFA_02,IFA,,42031,,4247404,"IFA Pittsburgh, PA",1.43929,
ifa_pa_k4t,16255,ifa,PA,IFA,IFA_02,IFA,,42031,,4271176,"IFA Pittsburgh, PA",0.0,no cell in the extract: territory at zero opportunity
ifa_pa_k4t,16256,ifa,PA,IFA,IFA_02,IFA,,42063,26860,4271256,"IFA Pittsburgh, PA",0.0,no cell in the extract: territory at zero opportunity
ifa_pa_k4t,16258,ifa,PA,IFA,IFA_02,IFA,,42031,,4274728,"IFA Pittsburgh, PA",0.0,no cell in the extract: territory at zero opportunity
ifa_pa_k4t,16259,ifa,PA,IFA,IFA_02,IFA,,42005,38300,4276336,"IFA Pittsburgh, PA",0.0,no cell in the extract: territory at zero opportunity
ifa_pa_k4t,16260,ifa,PA,IFA,IFA_02,IFA,,42031,,4280384,"IFA Pittsburgh, PA",0.0,no cell in the extract: territory at zero opportunity
ifa_pa_k4t,16262,ifa,PA,IFA,IFA_02,IFA,,42005,38300,4286560,"IFA Pittsburgh, PA",0.0,no cell in the extract: territory at zero opportunity
ifa_pa_k4t,16263,ifa,PA,IFA,IFA_02,IFA,,42005,38300,4286944,"IFA Pittsburgh, PA",0.0,no cell in the extract: territory at zero opportunity
ifa_pa_k4t,16301,ifa,PA,IFA,IFA_02,IFA,,42121,36340,4275000,"IFA Pittsburgh, PA",0.525212,
ifa_pa_k4t,16311,ifa,PA,IFA,IFA_02,IFA,,42085,25850,,"IFA Pittsburgh, PA",0.0,no cell in the extract: territory at zero opportunity
ifa_pa_k4t,16312,ifa,PA,IFA,IFA_02,IFA,,42123,47620,,"IFA Pittsburgh, PA",0.0,no cell in the extract: territory at zero opportunity
ifa_pa_k4t,16313,ifa,PA,IFA,IFA_02,IFA,,42123,47620,4213776,"IFA Pittsburgh, PA",0.0,no cell in the extract: territory at zero opportunity
ifa_pa_k4t,16314,ifa,PA,IFA,IFA_02,IFA,,42039,32740,4214800,"IFA Pittsburgh, PA",0.0,no cell in the extract: territory at zero opportunity
ifa_pa_k4t,16316,ifa,PA,IFA,IFA_02,IFA,,42039,32740,4215755,"IFA Pittsburgh, PA",0.0,no cell in the extract: territory at zero opportunity
ifa_pa_k4t,16317,ifa,PA,IFA,IFA_02,IFA,,42121,36340,4216080,"IFA Pittsburgh, PA",0.0,no cell in the extract: territory at zero opportunity
ifa_pa_k4t,16319,ifa,PA,IFA,IFA_02,IFA,,42121,36340,,"IFA Pittsburgh, PA",0.0,no cell in the extract: territory at zero opportunity
ifa_pa_k4t,16321,ifa,PA,IFA,IFA_02,IFA,,42053,,,"IFA Pittsburgh, PA",0.0,no cell in the extract: territory at zero opportunity
ifa_pa_k4t,16322,ifa,PA,IFA,IFA_02,IFA,,42053,,,"IFA Pittsburgh, PA",0.0,no cell in the extract: territory at zero opportunity
ifa_pa_k4t,16323,ifa,PA,IFA,IFA_02,IFA,,42121,36340,4275000,"IFA Pittsburgh, PA",2.71624,
ifa_pa_k4t,16326,ifa,PA,IFA,IFA_02,IFA,,42031,,,"IFA Pittsburgh, PA",0.0,no cell in the extract: territory at zero opportunity
ifa_pa_k4t,16327,ifa,PA,IFA,IFA_02,IFA,,42039,32740,4207120,"IFA Pittsburgh, PA",0.0,no cell in the extract: territory at zero opportunity
ifa_pa_k4t,16328,ifa,PA,IFA,IFA_02,IFA,,42039,32740,4236616,"IFA Pittsburgh, PA",0.0,no cell in the extract: territory at zero opportunity
ifa_pa_k4t,16329,ifa,PA,IFA,IFA_02,IFA,,42123,47620,,"IFA Pittsburgh, PA",0.0,no cell in the extract: territory at zero opportunity
ifa_pa_k4t,16331,ifa,PA,IFA,IFA_02,IFA,,42031,,,"IFA Pittsburgh, PA",0.0,no cell in the extract: territory at zero opportunity
ifa_pa_k4t,16332,ifa,PA,IFA,IFA_02,IFA,,42031,,,"IFA Pittsburgh, PA",0.0,no cell in the extract: territory at zero opportunity
ifa_pa_k4t,16333,ifa,PA,IFA,IFA_02,IFA,,42083,14620,,"IFA Pittsburgh, PA",0.0,no cell in the extract: territory at zero opportunity
ifa_pa_k4t,16334,ifa,PA,IFA,IFA_02,IFA,,42031,,,"IFA Pittsburgh, PA",0.0,no cell in the extract: territory at zero opportunity
ifa_pa_k4t,16335,ifa,PA,IFA,IFA_02,IFA,,42039,32740,4248360,"IFA Pittsburgh, PA",1.62248,
ifa_pa_k4t,16340,ifa,PA,IFA,IFA_02,IFA,,42123,47620,,"IFA Pittsburgh, PA",0.0,no cell in the extract: territory at zero opportunity
ifa_pa_k4t,16341,ifa,PA,IFA,IFA_02,IFA,,42121,36340,4261512,"IFA Pittsburgh, PA",0.0,no cell in the extract: territory at zero opportunity
ifa_pa_k4t,16342,ifa,PA,IFA,IFA_02,IFA,,42121,36340,4261936,"IFA Pittsburgh, PA",0.0,no cell in the extract: territory at zero opportunity
ifa_pa_k4t,16343,ifa,PA,IFA,IFA_02,IFA,,42121,36340,4275000,"IFA Pittsburgh, PA",0.0,no cell in the extract: territory at zero opportunity
ifa_pa_k4t,16344,ifa,PA,IFA,IFA_02,IFA,,42121,36340,4266440,"IFA Pittsburgh, PA",0.0,no cell in the extract: territory at zero opportunity
ifa_pa_k4t,16345,ifa,PA,IFA,IFA_02,IFA,,42123,47620,4266808,"IFA Pittsburgh, PA",0.0,no cell in the extract: territory at zero opportunity
ifa_pa_k4t,16346,ifa,PA,IFA,IFA_02,IFA,,42121,36340,4269272,"IFA Pittsburgh, PA",0.480898,
ifa_pa_k4t,16347,ifa,PA,IFA,IFA_02,IFA,,42123,47620,4269984,"IFA Pittsburgh, PA",0.0,no cell in the extract: territory at zero opportunity
ifa_pa_k4t,16350,ifa,PA,IFA,IFA_02,IFA,,42123,47620,4275024,"IFA Pittsburgh, PA",0.0,no cell in the extract: territory at zero opportunity
ifa_pa_k4t,16351,ifa,PA,IFA,IFA_02,IFA,,42123,47620,4276696,"IFA Pittsburgh, PA",0.0,no cell in the extract: territory at zero opportunity
ifa_pa_k4t,16352,ifa,PA,IFA,IFA_02,IFA,,42123,47620,,"IFA Pittsburgh, PA",0.0,no cell in the extract: territory at zero opportunity
ifa_pa_k4t,16353,ifa,PA,IFA,IFA_02,IFA,,42053,,4276848,"IFA Pittsburgh, PA",0.0,no cell in the extract: territory at zero opportunity
ifa_pa_k4t,16354,ifa,PA,IFA,IFA_02,IFA,,42121,36340,4276904,"IFA Pittsburgh, PA",0.32689,
ifa_pa_k4t,16360,ifa,PA,IFA,IFA_02,IFA,,42039,32740,4277232,"IFA Pittsburgh, PA",0.0,no cell in the extract: territory at zero opportunity
ifa_pa_k4t,16361,ifa,PA,IFA,IFA_02,IFA,,42031,,4278120,"IFA Pittsburgh, PA",0.0,no cell in the extract: territory at zero opportunity
ifa_pa_k4t,16362,ifa,PA,IFA,IFA_02,IFA,,42121,36340,4279472,"IFA Pittsburgh, PA",0.0,no cell in the extract: territory at zero opportunity
ifa_pa_k4t,16364,ifa,PA,IFA,IFA_02,IFA,,42121,36340,,"IFA Pittsburgh, PA",0.0,no cell in the extract: territory at zero opportunity
ifa_pa_k4t,16365,ifa,PA,IFA,IFA_02,IFA,,42123,47620,4255520,"IFA Pittsburgh, PA",0.758902,
ifa_pa_k4t,16370,ifa,PA,IFA,IFA_02,IFA,,42053,,,"IFA Pittsburgh, PA",0.0,no cell in the extract: territory at zero opportunity
ifa_pa_k4t,16371,ifa,PA,IFA,IFA_02,IFA,,42123,47620,4287224,"IFA Pittsburgh, PA",0.0,no cell in the extract: territory at zero opportunity
ifa_pa_k4t,16372,ifa,PA,IFA,IFA_02,IFA,,42121,36340,4214376,"IFA Pittsburgh, PA",0.0,no cell in the extract: territory at zero opportunity
ifa_pa_k4t,16373,ifa,PA,IFA,IFA_02,IFA,,42121,36340,4213152,"IFA Pittsburgh, PA",0.0,no cell in the extract: territory at zero opportunity
ifa_pa_k4t,16374,ifa,PA,IFA,IFA_02,IFA,,42121,36340,4239336,"IFA Pittsburgh, PA",0.0,no cell in the extract: territory at zero opportunity
ifa_pa_k4t,16401,ifa,PA,IFA,IFA_02,IFA,,42049,21500,4200628,"IFA Pittsburgh, PA",0.0,no cell in the extract: territory at zero opportunity
ifa_pa_k4t,16402,ifa,PA,IFA,IFA_02,IFA,,42123,47620,4204608,"IFA Pittsburgh, PA",0.0,no cell in the extract: territory at zero opportunity
ifa_pa_k4t,16403,ifa,PA,IFA,IFA_02,IFA,,42039,32740,4210912,"IFA Pittsburgh, PA",0.0,no cell in the extract: territory at zero opportunity
ifa_pa_k4t,16404,ifa,PA,IFA,IFA_02,IFA,,42039,32740,4212184,"IFA Pittsburgh, PA",0.0,no cell in the extract: territory at zero opportunity
ifa_pa_k4t,16405,ifa,PA,IFA,IFA_02,IFA,,42123,47620,4215400,"IFA Pittsburgh, PA",0.0,no cell in the extract: territory at zero opportunity
ifa_pa_k4t,16406,ifa,PA,IFA,IFA_02,IFA,,42039,32740,4215760,"IFA Pittsburgh, PA",0.0,no cell in the extract: territory at zero opportunity
ifa_pa_k4t,16407,ifa,PA,IFA,IFA_02,IFA,,42049,21500,4216296,"IFA Pittsburgh, PA",0.0,no cell in the extract: territory at zero opportunity
ifa_pa_k4t,16410,ifa,PA,IFA,IFA_02,IFA,,42049,21500,4261168,"IFA Pittsburgh, PA",0.0,no cell in the extract: territory at zero opportunity
ifa_pa_k4t,16411,ifa,PA,IFA,IFA_02,IFA,,42049,21500,,"IFA Pittsburgh, PA",0.0,no cell in the extract: territory at zero opportunity
ifa_pa_k4t,16412,ifa,PA,IFA,IFA_02,IFA,,42049,21500,4222608,"IFA Pittsburgh, PA",2.9935,
ifa_pa_k4t,16415,ifa,PA,IFA,IFA_02,IFA,,42049,21500,4224856,"IFA Pittsburgh, PA",0.0,no cell in the extract: territory at zero opportunity
ifa_pa_k4t,16416,ifa,PA,IFA,IFA_02,IFA,,42123,47620,,"IFA Pittsburgh, PA",0.0,no cell in the extract: territory at zero opportunity
ifa_pa_k4t,16417,ifa,PA,IFA,IFA_02,IFA,,42049,21500,4229232,"IFA Pittsburgh, PA",0.0,no cell in the extract: territory at zero opportunity
ifa_pa_k4t,16420,ifa,PA,IFA,IFA_02,IFA,,42123,47620,,"IFA Pittsburgh, PA",0.0,no cell in the extract: territory at zero opportunity
ifa_pa_k4t,16421,ifa,PA,IFA,IFA_02,IFA,,42049,21500,,"IFA Pittsburgh, PA",0.0,no cell in the extract: territory at zero opportunity
ifa_pa_k4t,16422,ifa,PA,IFA,IFA_02,IFA,,42039,32740,4232656,"IFA Pittsburgh, PA",0.0,no cell in the extract: territory at zero opportunity
ifa_pa_k4t,16423,ifa,PA,IFA,IFA_02,IFA,,42049,21500,4240960,"IFA Pittsburgh, PA",0.0,no cell in the extract: territory at zero opportunity
ifa_pa_k4t,16424,ifa,PA,IFA,IFA_02,IFA,,42039,32740,4263009,"IFA Pittsburgh, PA",0.0,no cell in the extract: territory at zero opportunity
ifa_pa_k4t,16426,ifa,PA,IFA,IFA_02,IFA,,42049,21500,4246216,"IFA Pittsburgh, PA",0.0,no cell in the extract: territory at zero opportunity
ifa_pa_k4t,16427,ifa,PA,IFA,IFA_02,IFA,,42049,21500,4249936,"IFA Pittsburgh, PA",0.0,no cell in the extract: territory at zero opportunity
ifa_pa_k4t,16428,ifa,PA,IFA,IFA_02,IFA,,42049,21500,4254952,"IFA Pittsburgh, PA",0.457306,
ifa_pa_k4t,16430,ifa,PA,IFA,IFA_02,IFA,,42049,21500,,"IFA Pittsburgh, PA",0.0,no cell in the extract: territory at zero opportunity
ifa_pa_k4t,16433,ifa,PA,IFA,IFA_02,IFA,,42039,32740,4267120,"IFA Pittsburgh, PA",0.0,no cell in the extract: territory at zero opportunity
ifa_pa_k4t,16434,ifa,PA,IFA,IFA_02,IFA,,42039,32740,4272704,"IFA Pittsburgh, PA",0.0,no cell in the extract: territory at zero opportunity
ifa_pa_k4t,16435,ifa,PA,IFA,IFA_02,IFA,,42039,32740,4272872,"IFA Pittsburgh, PA",0.0,no cell in the extract: territory at zero opportunity
ifa_pa_k4t,16436,ifa,PA,IFA,IFA_02,IFA,,42123,47620,,"IFA Pittsburgh, PA",0.0,no cell in the extract: territory at zero opportunity
ifa_pa_k4t,16438,ifa,PA,IFA,IFA_02,IFA,,42049,21500,4278448,"IFA Pittsburgh, PA",0.0,no cell in the extract: territory at zero opportunity
ifa_pa_k4t,16440,ifa,PA,IFA,IFA_02,IFA,,42039,32740,4279912,"IFA Pittsburgh, PA",0.0,no cell in the extract: territory at zero opportunity
ifa_pa_k4t,16441,ifa,PA,IFA,IFA_02,IFA,,42049,21500,4281456,"IFA Pittsburgh, PA",0.0,no cell in the extract: territory at zero opportunity
ifa_pa_k4t,16442,ifa,PA,IFA,IFA_02,IFA,,42049,21500,4281648,"IFA Pittsburgh, PA",0.0,no cell in the extract: territory at zero opportunity
ifa_pa_k4t,16443,ifa,PA,IFA,IFA_02,IFA,,42049,21500,,"IFA Pittsburgh, PA",0.0,no cell in the extract: territory at zero opportunity
ifa_pa_k4t,16444,ifa,PA,IFA,IFA_02,IFA,,42049,21500,4222608,"IFA Pittsburgh, PA",0.0,no cell in the extract: territory at zero opportunity
ifa_pa_k4t,16475,ifa,PA,IFA,IFA_02,IFA,,42049,21500,,"IFA Pittsburgh, PA",0.0,no cell in the extract: territory at zero opportunity
ifa_pa_k4t,16501,ifa,PA,IFA,IFA_02,IFA,,42049,21500,4224000,"IFA Pittsburgh, PA",1.75241,
ifa_pa_k4t,16502,ifa,PA,IFA,IFA_02,IFA,,42049,21500,4224000,"IFA Pittsburgh, PA",0.0,no cell in the extract: territory at zero opportunity
ifa_pa_k4t,16503,ifa,PA,IFA,IFA_02,IFA,,42049,21500,4224000,"IFA Pittsburgh, PA",0.0,no cell in the extract: territory at zero opportunity
ifa_pa_k4t,16504,ifa,PA,IFA,IFA_02,IFA,,42049,21500,4224000,"IFA Pittsburgh, PA",0.0,no cell in the extract: territory at zero opportunity
ifa_pa_k4t,16505,ifa,PA,IFA,IFA_02,IFA,,42049,21500,4224000,"IFA Pittsburgh, PA",3.49959,
ifa_pa_k4t,16506,ifa,PA,IFA,IFA_02,IFA,,42049,21500,4224000,"IFA Pittsburgh, PA",11.1618,
ifa_pa_k4t,16507,ifa,PA,IFA,IFA_02,IFA,,42049,21500,4224000,"IFA Pittsburgh, PA",2.74351,
ifa_pa_k4t,16508,ifa,PA,IFA,IFA_02,IFA,,42049,21500,4224000,"IFA Pittsburgh, PA",5.60338,
ifa_pa_k4t,16509,ifa,PA,IFA,IFA_02,IFA,,42049,21500,4224000,"IFA Pittsburgh, PA",9.78244,
ifa_pa_k4t,16510,ifa,PA,IFA,IFA_02,IFA,,42049,21500,4224000,"IFA Pittsburgh, PA",0.392802,
ifa_pa_k4t,16511,ifa,PA,IFA,IFA_02,IFA,,42049,21500,4255572,"IFA Pittsburgh, PA",0.913931,
ifa_pa_k4t,16546,ifa,PA,IFA,IFA_02,IFA,,42049,21500,4224000,"IFA Pittsburgh, PA",0.0,no cell in the extract: territory at zero opportunity
ifa_pa_k4t,16550,ifa,PA,IFA,IFA_02,IFA,,42049,21500,4224000,"IFA Pittsburgh, PA",0.0,no cell in the extract: territory at zero opportunity
ifa_pa_k4t,16563,ifa,PA,IFA,IFA_02,IFA,,42049,21500,4259212,"IFA Pittsburgh, PA",0.0,no cell in the extract: territory at zero opportunity
ifa_pa_k4t,16601,ifa,PA,IFA,IFA_03,IFA,,42013,11020,4202184,"IFA Philadelphia-Camden-Wilmington, PA-NJ-DE-MD / Harrisburg-Carlisle, PA",8.62831,
ifa_pa_k4t,16602,ifa,PA,IFA,IFA_03,IFA,,42013,11020,4202184,"IFA Philadelphia-Camden-Wilmington, PA-NJ-DE-MD / Harrisburg-Carlisle, PA",12.8334,
ifa_pa_k4t,16611,ifa,PA,IFA,IFA_03,IFA,,42061,26500,4200756,"IFA Philadelphia-Camden-Wilmington, PA-NJ-DE-MD / Harrisburg-Carlisle, PA",0.0,no cell in the extract: territory at zero opportunity
ifa_pa_k4t,16613,ifa,PA,IFA,IFA_03,IFA,,42021,27780,4203296,"IFA Philadelphia-Camden-Wilmington, PA-NJ-DE-MD / Harrisburg-Carlisle, PA",0.0,no cell in the extract: territory at zero opportunity
ifa_pa_k4t,16616,ifa,PA,IFA,IFA_02,IFA,,42033,20180,,"IFA Pittsburgh, PA",0.0,no cell in the extract: territory at zero opportunity
ifa_pa_k4t,16617,ifa,PA,IFA,IFA_03,IFA,,42013,11020,4205384,"IFA Philadelphia-Camden-Wilmington, PA-NJ-DE-MD / Harrisburg-Carlisle, PA",0.0,no cell in the extract: territory at zero opportunity
ifa_pa_k4t,16619,ifa,PA,IFA,IFA_03,IFA,,42021,27780,4206976,"IFA Philadelphia-Camden-Wilmington, PA-NJ-DE-MD / Harrisburg-Carlisle, PA",0.0,no cell in the extract: territory at zero opportunity
ifa_pa_k4t,16620,ifa,PA,IFA,IFA_02,IFA,,42033,20180,4208744,"IFA Pittsburgh, PA",0.0,no cell in the extract: territory at zero opportunity
ifa_pa_k4t,16621,ifa,PA,IFA,IFA_03,IFA,,42061,26500,4208896,"IFA Philadelphia-Camden-Wilmington, PA-NJ-DE-MD / Harrisburg-Carlisle, PA",0.0,no cell in the extract: territory at zero opportunity
ifa_pa_k4t,16622,ifa,PA,IFA,IFA_03,IFA,,42061,26500,,"IFA Philadelphia-Camden-Wilmington, PA-NJ-DE-MD / Harrisburg-Carlisle, PA",0.0,no cell in the extract: territory at zero opportunity
ifa_pa_k4t,16623,ifa,PA,IFA,IFA_03,IFA,,42061,26500,4211632,"IFA Philadelphia-Camden-Wilmington, PA-NJ-DE-MD / Harrisburg-Carlisle, PA",0.0,no cell in the extract: territory at zero opportunity
ifa_pa_k4t,16624,ifa,PA,IFA,IFA_02,IFA,,42021,27780,4213384,"IFA Pittsburgh, PA",0.0,no cell in the extract: territory at zero opportunity
ifa_pa_k4t,16625,ifa,PA,IFA,IFA_02,IFA,,42013,11020,4213992,"IFA Pittsburgh, PA",0.00190918,
ifa_pa_k4t,16627,ifa,PA,IFA,IFA_02,IFA,,42033,20180,4266048,"IFA Pittsburgh, PA",3.25269,
ifa_pa_k4t,16630,ifa,PA,IFA,IFA_02,IFA,,42021,27780,4217136,"IFA Pittsburgh, PA",0.0,no cell in the extract: territory at zero opportunity
ifa_pa_k4t,16631,ifa,PA,IFA,IFA_02,IFA,,42013,11020,4217784,"IFA Pittsburgh, PA",0.0,no cell in the extract: territory at zero opportunity
ifa_pa_k4t,16633,ifa,PA,IFA,IFA_03,IFA,,42009,,4218608,"IFA Philadelphia-Camden-Wilmington, PA-NJ-DE-MD / Harrisburg-Carlisle, PA",0.0,no cell in the extract: territory at zero opportunity
ifa_pa_k4t,16634,ifa,PA,IFA,IFA_03,IFA,,42061,26500,4220152,"IFA Philadelphia-Camden-Wilmington, PA-NJ-DE-MD / Harrisburg-Carlisle, PA",0.0,no cell in the extract: territory at zero opportunity
ifa_pa_k4t,16635,ifa,PA,IFA,IFA_02,IFA,,42013,11020,4258950,"IFA Pittsburgh, PA",1.08414,
ifa_pa_k4t,16636,ifa,PA,IFA,IFA_03,IFA,,42021,27780,4286480,"IFA Philadelphia-Camden-Wilmington, PA-NJ-DE-MD / Harrisburg-Carlisle, PA",0.0,no cell in the extract: territory at zero opportunity
ifa_pa_k4t,16637,ifa,PA,IFA,IFA_02,IFA,,42013,11020,4221176,"IFA Pittsburgh, PA",1.9864,
ifa_pa_k4t,16638,ifa,PA,IFA,IFA_02,IFA,,42061,26500,,"IFA Pittsburgh, PA",0.0,no cell in the extract: territory at zero opportunity
ifa_pa_k4t,16639,ifa,PA,IFA,IFA_03,IFA,,42021,27780,4206976,"IFA Philadelphia-Camden-Wilmington, PA-NJ-DE-MD / Harrisburg-Carlisle, PA",0.0,no cell in the extract: territory at zero opportunity
ifa_pa_k4t,16640,ifa,PA,IFA,IFA_02,IFA,,42021,27780,4226312,"IFA Pittsburgh, PA",0.0,no cell in the extract: territory at zero opportunity
ifa_pa_k4t,16641,ifa,PA,IFA,IFA_02,IFA,,42021,27780,4228328,"IFA Pittsburgh, PA",0.0,no cell in the extract: territory at zero opportunity
ifa_pa_k4t,16645,ifa,PA,IFA,IFA_02,IFA,,42033,20180,4229632,"IFA Pittsburgh, PA",0.0,no cell in the extract: territory at zero opportunity
ifa_pa_k4t,16646,ifa,PA,IFA,IFA_02,IFA,,42021,27780,4233080,"IFA Pittsburgh, PA",0.0,no cell in the extract: territory at zero opportunity
ifa_pa_k4t,16647,ifa,PA,IFA,IFA_03,IFA,,42061,26500,,"IFA Philadelphia-Camden-Wilmington, PA-NJ-DE-MD / Harrisburg-Carlisle, PA",0.0,no cell in the extract: territory at zero opportunity
ifa_pa_k4t,16648,ifa,PA,IFA,IFA_02,IFA,,42013,11020,4235224,"IFA Pittsburgh, PA",4.43335,
ifa_pa_k4t,16650,ifa,PA,IFA,IFA_03,IFA,,42009,,4235648,"IFA Philadelphia-Camden-Wilmington, PA-NJ-DE-MD / Harrisburg-Carlisle, PA",0.0,no cell in the extract: territory at zero opportunity
ifa_pa_k4t,16651,ifa,PA,IFA,IFA_02,IFA,,42033,20180,4235928,"IFA Pittsburgh, PA",0.864519,
ifa_pa_k4t,16652,ifa,PA,IFA,IFA_03,IFA,,42061,26500,4236368,"IFA Philadelphia-Camden-Wilmington, PA-NJ-DE-MD / Harrisburg-Carlisle, PA",15.4,
ifa_pa_k4t,16654,ifa,PA,IFA,IFA_03,IFA,,42061,26500,,"IFA Philadelphia-Camden-Wilmington, PA-NJ-DE-MD / Harrisburg-Carlisle, PA",0.0,no cell in the extract: territory at zero opportunity
ifa_pa_k4t,16655,ifa,PA,IFA,IFA_02,IFA,,42009,,,"IFA Pittsburgh, PA",0.0,no cell in the extract: territory at zero opportunity
ifa_pa_k4t,16656,ifa,PA,IFA,IFA_02,IFA,,42033,20180,4237192,"IFA Pittsburgh, PA",0.0,no cell in the extract: territory at zero opportunity
ifa_pa_k4t,16657,ifa,PA,IFA,IFA_02,IFA,,42061,26500,4247544,"IFA Pittsburgh, PA",0.0,no cell in the extract: territory at zero opportunity
ifa_pa_k4t,16659,ifa,PA,IFA,IFA_02,IFA,,42009,,,"IFA Pittsburgh, PA",0.0,no cell in the extract: territory at zero opportunity
ifa_pa_k4t,16661,ifa,PA,IFA,IFA_02,IFA,,42033,20180,4246440,"IFA Pittsburgh, PA",0.030059,
ifa_pa_k4t,16662,ifa,PA,IFA,IFA_02,IFA,,42013,11020,4247872,"IFA Pittsburgh, PA",0.0,no cell in the extract: territory at zero opportunity
ifa_pa_k4t,16664,ifa,PA,IFA,IFA_02,IFA,,42009,,,"IFA Pittsburgh, PA",0.0,no cell in the extract: territory at zero opportunity
ifa_pa_k4t,16665,ifa,PA,IFA,IFA_02,IFA,,42013,11020,4254024,"IFA Pittsburgh, PA",0.0,no cell in the extract: territory at zero opportunity
ifa_pa_k4t,16666,ifa,PA,IFA,IFA_02,IFA,,42033,20180,4257232,"IFA Pittsburgh, PA",0.0,no cell in the extract: territory at zero opportunity
ifa_pa_k4t,16667,ifa,PA,IFA,IFA_02,IFA,,42009,,4267256,"IFA Pittsburgh, PA",0.0,no cell in the extract: territory at zero opportunity
ifa_pa_k4t,16668,ifa,PA,IFA,IFA_02,IFA,,42021,27780,4258432,"IFA Pittsburgh, PA",1.2834,
ifa_pa_k4t,16669,ifa,PA,IFA,IFA_03,IFA,,42061,26500,4259616,"IFA Philadelphia-Camden-Wilmington, PA-NJ-DE-MD / Harrisburg-Carlisle, PA",0.0,no cell in the extract: territory at zero opportunity
ifa_pa_k4t,16670,ifa,PA,IFA,IFA_02,IFA,,42009,,,"IFA Pittsburgh, PA",0.0,no cell in the extract: territory at zero opportunity
ifa_pa_k4t,16671,ifa,PA,IFA,IFA_02,IFA,,42033,20180,4263360,"IFA Pittsburgh, PA",0.0,no cell in the extract: territory at zero opportunity
ifa_pa_k4t,16672,ifa,PA,IFA,IFA_03,IFA,,42009,,4264656,"IFA Philadelphia-Camden-Wilmington, PA-NJ-DE-MD / Harrisburg-Carlisle, PA",0.0,no cell in the extract: territory at zero opportunity
ifa_pa_k4t,16673,ifa,PA,IFA,IFA_02,IFA,,42013,11020,4265256,"IFA Pittsburgh, PA",0.0,no cell in the extract: territory at zero opportunity
ifa_pa_k4t,16674,ifa,PA,IFA,IFA_03,IFA,,42061,26500,4265296,"IFA Philadelphia-Camden-Wilmington, PA-NJ-DE-MD / Harrisburg-Carlisle, PA",0.0,no cell in the extract: territory at zero opportunity
ifa_pa_k4t,16675,ifa,PA,IFA,IFA_02,IFA,,42021,27780,,"IFA Pittsburgh, PA",0.0,no cell in the extract: territory at zero opportunity
ifa_pa_k4t,16677,ifa,PA,IFA,IFA_02,IFA,,42027,44300,4267872,"IFA Pittsburgh, PA",0.0,no cell in the extract: territory at zero opportunity
ifa_pa_k4t,16678,ifa,PA,IFA,IFA_03,IFA,,42009,,4268072,"IFA Philadelphia-Camden-Wilmington, PA-NJ-DE-MD / Harrisburg-Carlisle, PA",0.0,no cell in the extract: territory at zero opportunity
ifa_pa_k4t,16679,ifa,PA,IFA,IFA_03,IFA,,42009,,4214584,"IFA Philadelphia-Camden-Wilmington, PA-NJ-DE-MD / Harrisburg-Carlisle, PA",0.0,no cell in the extract: territory at zero opportunity
ifa_pa_k4t,16680,ifa,PA,IFA,IFA_02,IFA,,42033,20180,,"IFA Pittsburgh, PA",0.806836,
ifa_pa_k4t,16682,ifa,PA,IFA,IFA_02,IFA,,42013,11020,4213992,"IFA Pittsburgh, PA",0.0,no cell in the extract: territory at zero opportunity
ifa_pa_k4t,16683,ifa,PA,IFA,IFA_03,IFA,,42061,26500,,"IFA Philadelphia-Camden-Wilmington, PA-NJ-DE-MD / Harrisburg-Carlisle, PA",0.0,no cell in the extract: territory at zero opportunity
ifa_pa_k4t,16684,ifa,PA,IFA,IFA_03,IFA,,42013,11020,4276880,"IFA Philadelphia-Camden-Wilmington, PA-NJ-DE-MD / Harrisburg-Carlisle, PA",0.0,no cell in the extract: territory at zero opportunity
ifa_pa_k4t,16685,ifa,PA,IFA,IFA_03,IFA,,42061,26500,,"IFA Philadelphia-Camden-Wilmington, PA-NJ-DE-MD / Harrisburg-Carlisle, PA",0.0,no cell in the extract: territory at zero opportunity
ifa_pa_k4t,16686,ifa,PA,IFA,IFA_03,IFA,,42013,11020,4278168,"IFA Philadelphia-Camden-Wilmington, PA-NJ-DE-MD / Harrisburg-Carlisle, PA",0.0,no cell in the extract: territory at zero opportunity
ifa_pa_k4t,16689,ifa,PA,IFA,IFA_03,IFA,,42057,,,"IFA Philadelphia-Camden-Wilmington, PA-NJ-DE-MD / Harrisburg-Carlisle, PA",0.0,no cell in the extract: territory at zero opportunity
ifa_pa_k4t,16691,ifa,PA,IFA,IFA_03,IFA,,42057,,4282192,"IFA Philadelphia-Camden-Wilmington, PA-NJ-DE-MD / Harrisburg-Carlisle, PA",0.0,no cell in the extract: territory at zero opportunity
ifa_pa_k4t,16692,ifa,PA,IFA,IFA_02,IFA,,42033,20180,4283736,"IFA Pittsburgh, PA",0.0,no cell in the extract: territory at zero opportunity
ifa_pa_k4t,16693,ifa,PA,IFA,IFA_02,IFA,,42013,11020,4287006,"IFA Pittsburgh, PA",0.0,no cell in the extract: territory at zero opportunity
ifa_pa_k4t,16694,ifa,PA,IFA,IFA_03,IFA,,42061,26500,4286078,"IFA Philadelphia-Camden-Wilmington, PA-NJ-DE-MD / Harrisburg-Carlisle, PA",0.0,no cell in the extract: territory at zero opportunity
ifa_pa_k4t,16695,ifa,PA,IFA,IFA_02,IFA,,42009,,4286128,"IFA Pittsburgh, PA",0.0,no cell in the extract: territory at zero opportunity
ifa_pa_k4t,16699,ifa,PA,IFA,IFA_02,IFA,,42021,27780,,"IFA Pittsburgh, PA",0.0,no cell in the extract: territory at zero opportunity
ifa_pa_k4t,16701,ifa,PA,IFA,IFA_02,IFA,,42083,14620,4208040,"IFA Pittsburgh, PA",0.559533,
ifa_pa_k4t,16720,ifa,PA,IFA,IFA_04,IFA,,42105,,4203576,"IFA Philadelphia-Camden-Wilmington, PA-NJ-DE-MD / Allentown-Bethlehem-Easton, PA-NJ",0.0,no cell in the extract: territory at zero opportunity
ifa_pa_k4t,16724,ifa,PA,IFA,IFA_02,IFA,,42083,14620,,"IFA Pittsburgh, PA",0.0,no cell in the extract: territory at zero opportunity
ifa_pa_k4t,16725,ifa,PA,IFA,IFA_02,IFA,,42083,14620,,"IFA Pittsburgh, PA",0.0,no cell in the extract: territory at zero opportunity
ifa_pa_k4t,16726,ifa,PA,IFA,IFA_02,IFA,,42083,14620,,"IFA Pittsburgh, PA",0.0,no cell in the extract: territory at zero opportunity
ifa_pa_k4t,16727,ifa,PA,IFA,IFA_02,IFA,,42083,14620,,"IFA Pittsburgh, PA",0.0,no cell in the extract: territory at zero opportunity
ifa_pa_k4t,16729,ifa,PA,IFA,IFA_02,IFA,,42083,14620,,"IFA Pittsburgh, PA",0.0,no cell in the extract: territory at zero opportunity
ifa_pa_k4t,16730,ifa,PA,IFA,IFA_02,IFA,,42083,14620,,"IFA Pittsburgh, PA",0.0,no cell in the extract: territory at zero opportunity
ifa_pa_k4t,16731,ifa,PA,IFA,IFA_02,IFA,,42083,14620,4222888,"IFA Pittsburgh, PA",0.0,no cell in the extract: territory at zero opportunity
ifa_pa_k4t,16732,ifa,PA,IFA,IFA_02,IFA,,42083,14620,,"IFA Pittsburgh, PA",0.0,no cell in the extract: territory at zero opportunity
ifa_pa_k4t,16733,ifa,PA,IFA,IFA_02,IFA,,42083,14620,,"IFA Pittsburgh, PA",0.0,no cell in the extract: territory at zero opportunity
ifa_pa_k4t,16734,ifa,PA,IFA,IFA_02,IFA,,42047,41260,4237656,"IFA Pittsburgh, PA",0.0,no cell in the extract: territory at zero opportunity
ifa_pa_k4t,16735,ifa,PA,IFA,IFA_02,IFA,,42083,14620,4238688,"IFA Pittsburgh, PA",0.0,no cell in the extract: territory at zero opportunity
ifa_pa_k4t,16738,ifa,PA,IFA,IFA_02,IFA,,42083,14620,4242984,"IFA Pittsburgh, PA",0.0,no cell in the extract: territory at zero opportunity
ifa_pa_k4t,16740,ifa,PA,IFA,IFA_02,IFA,,42083,14620,4251632,"IFA Pittsburgh, PA",0.0,no cell in the extract: territory at zero opportunity
ifa_pa_k4t,16743,ifa,PA,IFA,IFA_04,IFA,,42083,14620,4262088,"IFA Philadelphia-Camden-Wilmington, PA-NJ-DE-MD / Allentown-Bethlehem-Easton, PA-NJ",0.238883,
ifa_pa_k4t,16744,ifa,PA,IFA,IFA_02,IFA,,42083,14620,4264296,"IFA Pittsburgh, PA",0.0,no cell in the extract: territory at zero opportunity
ifa_pa_k4t,16745,ifa,PA,IFA,IFA_02,IFA,,42083,14620,,"IFA Pittsburgh, PA",0.0,no cell in the extract: territory at zero opportunity
ifa_pa_k4t,16746,ifa,PA,IFA,IFA_04,IFA,,42105,,4266408,"IFA Philadelphia-Camden-Wilmington, PA-NJ-DE-MD / Allentown-Bethlehem-Easton, PA-NJ",0.0,no cell in the extract: territory at zero opportunity
ifa_pa_k4t,16748,ifa,PA,IFA,IFA_04,IFA,,42105,,4270304,"IFA Philadelphia-Camden-Wilmington, PA-NJ-DE-MD / Allentown-Bethlehem-Easton, PA-NJ",0.0,no cell in the extract: territory at zero opportunity
ifa_pa_k4t,16749,ifa,PA,IFA,IFA_02,IFA,,42083,14620,4271248,"IFA Pittsburgh, PA",0.0,no cell in the extract: territory at zero opportunity
ifa_pa_k4t,16750,ifa,PA,IFA,IFA_04,IFA,,42083,14620,,"IFA Philadelphia-Camden-Wilmington, PA-NJ-DE-MD / Allentown-Bethlehem-Easton, PA-NJ",0.0,no cell in the extract: territory at zero opportunity
ifa_pa_k4t,16801,ifa,PA,IFA,IFA_03,IFA,,42027,44300,4273808,"IFA Philadelphia-Camden-Wilmington, PA-NJ-DE-MD / Harrisburg-Carlisle, PA",30.9333,
ifa_pa_k4t,16802,ifa,PA,IFA,IFA_03,IFA,,42027,44300,4273808,"IFA Philadelphia-Camden-Wilmington, PA-NJ-DE-MD / Harrisburg-Carlisle, PA",0.0,no cell in the extract: territory at zero opportunity
ifa_pa_k4t,16803,ifa,PA,IFA,IFA_03,IFA,,42027,44300,4258036,"IFA Philadelphia-Camden-Wilmington, PA-NJ-DE-MD / Harrisburg-Carlisle, PA",0.853128,
ifa_pa_k4t,16820,ifa,PA,IFA,IFA_03,IFA,,42027,44300,4200100,"IFA Philadelphia-Camden-Wilmington, PA-NJ-DE-MD / Harrisburg-Carlisle, PA",0.0,no cell in the extract: territory at zero opportunity
ifa_pa_k4t,16821,ifa,PA,IFA,IFA_02,IFA,,42033,20180,4202072,"IFA Pittsburgh, PA",0.0,no cell in the extract: territory at zero opportunity
ifa_pa_k4t,16822,ifa,PA,IFA,IFA_04,IFA,,42035,30820,4204984,"IFA Philadelphia-Camden-Wilmington, PA-NJ-DE-MD / Allentown-Bethlehem-Easton, PA-NJ",0.0,no cell in the extract: territory at zero opportunity
ifa_pa_k4t,16823,ifa,PA,IFA,IFA_03,IFA,,42027,44300,4287320,"IFA Philadelphia-Camden-Wilmington, PA-NJ-DE-MD / Harrisburg-Carlisle, PA",0.0,no cell in the extract: territory at zero opportunity
ifa_pa_k4t,16825,ifa,PA,IFA,IFA_02,IFA,,42033,20180,4206280,"IFA Pittsburgh, PA",0.0,no cell in the extract: territory at zero opportunity
ifa_pa_k4t,16826,ifa,PA,IFA,IFA_04,IFA,,42027,44300,4220664,"IFA Philadelphia-Camden-Wilmington, PA-NJ-DE-MD / Allentown-Bethlehem-Easton, PA-NJ",0.0,no cell in the extract: territory at zero opportunity
ifa_pa_k4t,16827,ifa,PA,IFA,IFA_03,IFA,,42027,44300,4207368,"IFA Philadelphia-Camden-Wilmington, PA-NJ-DE-MD / Harrisburg-Carlisle, PA",1.09536,
ifa_pa_k4t,16828,ifa,PA,IFA,IFA_03,IFA,,42027,44300,4212376,"IFA Philadelphia-Camden-Wilmington, PA-NJ-DE-MD / Harrisburg-Carlisle, PA",0.0,no cell in the extract: territory at zero opportunity
ifa_pa_k4t,16829,ifa,PA,IFA,IFA_03,IFA,,42027,44300,4213768,"IFA Philadelphia-Camden-Wilmington, PA-NJ-DE-MD / Harrisburg-Carlisle, PA",0.0,no cell in the extract: territory at zero opportunity
ifa_pa_k4t,16830,ifa,PA,IFA,IFA_02,IFA,,42033,20180,4214064,"IFA Pittsburgh, PA",0.0,no cell in the extract: territory at zero opportunity
ifa_pa_k4t,16832,ifa,PA,IFA,IFA_03,IFA,,42027,44300,4214760,"IFA Philadelphia-Camden-Wilmington, PA-NJ-DE-MD / Harrisburg-Carlisle, PA",0.0,no cell in the extract: territory at zero opportunity
ifa_pa_k4t,16833,ifa,PA,IFA,IFA_02,IFA,,42033,20180,4217840,"IFA Pittsburgh, PA",0.0,no cell in the extract: territory at zero opportunity
ifa_pa_k4t,16834,ifa,PA,IFA,IFA_02,IFA,,42033,20180,4219960,"IFA Pittsburgh, PA",0.0,no cell in the extract: territory at zero opportunity
ifa_pa_k4t,16835,ifa,PA,IFA,IFA_03,IFA,,42027,44300,4278616,"IFA Philadelphia-Camden-Wilmington, PA-NJ-DE-MD / Harrisburg-Carlisle, PA",0.0,no cell in the extract: territory at zero opportunity
ifa_pa_k4t,16836,ifa,PA,IFA,IFA_02,IFA,,42033,20180,4227872,"IFA Pittsburgh, PA",0.0,no cell in the extract: territory at zero opportunity
ifa_pa_k4t,16837,ifa,PA,IFA,IFA_02,IFA,,42033,20180,4229736,"IFA Pittsburgh, PA",0.0,no cell in the extract: territory at zero opportunity
ifa_pa_k4t,16838,ifa,PA,IFA,IFA_02,IFA,,42033,20180,4230280,"IFA Pittsburgh, PA",0.0,no cell in the extract: territory at zero opportunity
ifa_pa_k4t,16839,ifa,PA,IFA,IFA_02,IFA,,42033,20180,4230528,"IFA Pittsburgh, PA",0.0,no cell in the extract: territory at zero opportunity
ifa_pa_k4t,16840,ifa,PA,IFA,IFA_02,IFA,,42033,20180,4233184,"IFA Pittsburgh, PA",0.0,no cell in the extract: territory at zero opportunity
ifa_pa_k4t,16841,ifa,PA,IFA,IFA_03,IFA,,42027,44300,4271672,"IFA Philadelphia-Camden-Wilmington, PA-NJ-DE-MD / Harrisburg-Carlisle, PA",0.0,no cell in the extract: territory at zero opportunity
ifa_pa_k4t,16843,ifa,PA,IFA,IFA_02,IFA,,42033,20180,4236568,"IFA Pittsburgh, PA",0.0,no cell in the extract: territory at zero opportunity
ifa_pa_k4t,16844,ifa,PA,IFA,IFA_03,IFA,,42027,44300,4220604,"IFA Philadelphia-Camden-Wilmington, PA-NJ-DE-MD / Harrisburg-Carlisle, PA",0.0,no cell in the extract: territory at zero opportunity
ifa_pa_k4t,16845,ifa,PA,IFA,IFA_02,IFA,,42027,44300,4238776,"IFA Pittsburgh, PA",0.0,no cell in the extract: territory at zero opportunity
ifa_pa_k4t,16847,ifa,PA,IFA,IFA_02,IFA,,42033,20180,4240680,"IFA Pittsburgh, PA",0.0,no cell in the extract: territory at zero opportunity
ifa_pa_k4t,16848,ifa,PA,IFA,IFA_04,IFA,,42035,30820,4241104,"IFA Philadelphia-Camden-Wilmington, PA-NJ-DE-MD / Allentown-Bethlehem-Easton, PA-NJ",0.0,no cell in the extract: territory at zero opportunity
ifa_pa_k4t,16849,ifa,PA,IFA,IFA_02,IFA,,42033,20180,4241456,"IFA Pittsburgh, PA",0.0,no cell in the extract: territory at zero opportunity
ifa_pa_k4t,16851,ifa,PA,IFA,IFA_03,IFA,,42027,44300,4242632,"IFA Philadelphia-Camden-Wilmington, PA-NJ-DE-MD / Harrisburg-Carlisle, PA",0.0,no cell in the extract: territory at zero opportunity
ifa_pa_k4t,16852,ifa,PA,IFA,IFA_03,IFA,,42027,44300,4246504,"IFA Philadelphia-Camden-Wilmington, PA-NJ-DE-MD / Harrisburg-Carlisle, PA",0.0,no cell in the extract: territory at zero opportunity
ifa_pa_k4t,16853,ifa,PA,IFA,IFA_03,IFA,,42027,44300,4249368,"IFA Philadelphia-Camden-Wilmington, PA-NJ-DE-MD / Harrisburg-Carlisle, PA",0.0,no cell in the extract: territory at zero opportunity
ifa_pa_k4t,16854,ifa,PA,IFA,IFA_03,IFA,,42027,44300,4249768,"IFA Philadelphia-Camden-Wilmington, PA-NJ-DE-MD / Harrisburg-Carlisle, PA",0.0,no cell in the extract: territory at zero opportunity
ifa_pa_k4t,16855,ifa,PA,IFA,IFA_02,IFA,,42033,20180,4250064,"IFA Pittsburgh, PA",0.0,no cell in the extract: territory at zero opportunity
ifa_pa_k4t,16856,ifa,PA,IFA,IFA_03,IFA,,42027,44300,4250104,"IFA Philadelphia-Camden-Wilmington, PA-NJ-DE-MD / Harrisburg-Carlisle, PA",0.0,no cell in the extract: territory at zero opportunity
ifa_pa_k4t,16858,ifa,PA,IFA,IFA_02,IFA,,42033,20180,4251120,"IFA Pittsburgh, PA",0.0,no cell in the extract: territory at zero opportunity
ifa_pa_k4t,16859,ifa,PA,IFA,IFA_02,IFA,,42027,44300,4251240,"IFA Pittsburgh, PA",0.0,no cell in the extract: territory at zero opportunity
ifa_pa_k4t,16860,ifa,PA,IFA,IFA_02,IFA,,42033,20180,4211544,"IFA Pittsburgh, PA",0.0,no cell in the extract: territory at zero opportunity
ifa_pa_k4t,16861,ifa,PA,IFA,IFA_02,IFA,,42033,20180,,"IFA Pittsburgh, PA",0.0,no cell in the extract: territory at zero opportunity
ifa_pa_k4t,16863,ifa,PA,IFA,IFA_02,IFA,,42033,20180,,"IFA Pittsburgh, PA",0.0,no cell in the extract: territory at zero opportunity
ifa_pa_k4t,16864,ifa,PA,IFA,IFA_03,IFA,,42027,44300,4257160,"IFA Philadelphia-Camden-Wilmington, PA-NJ-DE-MD / Harrisburg-Carlisle, PA",0.0,no cell in the extract: territory at zero opportunity
ifa_pa_k4t,16865,ifa,PA,IFA,IFA_03,IFA,,42027,44300,4263349,"IFA Philadelphia-Camden-Wilmington, PA-NJ-DE-MD / Harrisburg-Carlisle, PA",0.0,no cell in the extract: territory at zero opportunity
ifa_pa_k4t,16866,ifa,PA,IFA,IFA_02,IFA,,42027,44300,4260008,"IFA Pittsburgh, PA",0.0,no cell in the extract: territory at zero opportunity
ifa_pa_k4t,16868,ifa,PA,IFA,IFA_03,IFA,,42027,44300,4260496,"IFA Philadelphia-Camden-Wilmington, PA-NJ-DE-MD / Harrisburg-Carlisle, PA",0.0,no cell in the extract: territory at zero opportunity
ifa_pa_k4t,16870,ifa,PA,IFA,IFA_03,IFA,,42027,44300,4274544,"IFA Philadelphia-Camden-Wilmington, PA-NJ-DE-MD / Harrisburg-Carlisle, PA",0.000238635,
ifa_pa_k4t,16871,ifa,PA,IFA,IFA_02,IFA,,42035,30820,,"IFA Pittsburgh, PA",0.0,no cell in the extract: territory at zero opportunity
ifa_pa_k4t,16872,ifa,PA,IFA,IFA_03,IFA,,42027,44300,4263688,"IFA Philadelphia-Camden-Wilmington, PA-NJ-DE-MD / Harrisburg-Carlisle, PA",0.0,no cell in the extract: territory at zero opportunity
ifa_pa_k4t,16874,ifa,PA,IFA,IFA_02,IFA,,42027,44300,4213768,"IFA Pittsburgh, PA",0.0,no cell in the extract: territory at zero opportunity
ifa_pa_k4t,16875,ifa,PA,IFA,IFA_03,IFA,,42027,44300,4262384,"IFA Philadelphia-Camden-Wilmington, PA-NJ-DE-MD / Harrisburg-Carlisle, PA",0.0,no cell in the extract: territory at zero opportunity
ifa_pa_k4t,16876,ifa,PA,IFA,IFA_02,IFA,,42033,20180,4280640,"IFA Pittsburgh, PA",0.0,no cell in the extract: territory at zero opportunity
ifa_pa_k4t,16877,ifa,PA,IFA,IFA_03,IFA,,42027,44300,4281096,"IFA Philadelphia-Camden-Wilmington, PA-NJ-DE-MD / Harrisburg-Carlisle, PA",0.0,no cell in the extract: territory at zero opportunity
ifa_pa_k4t,16878,ifa,PA,IFA,IFA_02,IFA,,42033,20180,4282792,"IFA Pittsburgh, PA",0.0,no cell in the extract: territory at zero opportunity
ifa_pa_k4t,16879,ifa,PA,IFA,IFA_02,IFA,,42033,20180,4285624,"IFA Pittsburgh, PA",0.0,no cell in the extract: territory at zero opportunity
ifa_pa_k4t,16881,ifa,PA,IFA,IFA_02,IFA,,42033,20180,4286208,"IFA Pittsburgh, PA",0.719162,
ifa_pa_k4t,16882,ifa,PA,IFA,IFA_03,IFA,,42027,44300,4286432,"IFA Philadelphia-Camden-Wilmington, PA-NJ-DE-MD / Harrisburg-Carlisle, PA",0.0,no cell in the extract: territory at zero opportunity
ifa_pa_k4t,16901,ifa,PA,IFA,IFA_04,IFA,,42117,,4282160,"IFA Philadelphia-Camden-Wilmington, PA-NJ-DE-MD / Allentown-Bethlehem-Easton, PA-NJ",2.20094,
ifa_pa_k4t,16910,ifa,PA,IFA,IFA_04,IFA,,42015,42380,4200572,"IFA Philadelphia-Camden-Wilmington, PA-NJ-DE-MD / Allentown-Bethlehem-Easton, PA-NJ",0.0,no cell in the extract: territory at zero opportunity
ifa_pa_k4t,16911,ifa,PA,IFA,IFA_04,IFA,,42117,,4203104,"IFA Philadelphia-Camden-Wilmington, PA-NJ-DE-MD / Allentown-Bethlehem-Easton, PA-NJ",0.0,no cell in the extract: territory at zero opportunity
ifa_pa_k4t,16912,ifa,PA,IFA,IFA_04,IFA,,42117,,4207160,"IFA Philadelphia-Camden-Wilmington, PA-NJ-DE-MD / Allentown-Bethlehem-Easton, PA-NJ",0.0,no cell in the extract: territory at zero opportunity
ifa_pa_k4t,16914,ifa,PA,IFA,IFA_04,IFA,,42015,42380,,"IFA Philadelphia-Camden-Wilmington, PA-NJ-DE-MD / Allentown-Bethlehem-Easton, PA-NJ",0.0,no cell in the extract: territory at zero opportunity
ifa_pa_k4t,16915,ifa,PA,IFA,IFA_04,IFA,,42105,,4216448,"IFA Philadelphia-Camden-Wilmington, PA-NJ-DE-MD / Allentown-Bethlehem-Easton, PA-NJ",0.0445452,
ifa_pa_k4t,16917,ifa,PA,IFA,IFA_04,IFA,,42117,,,"IFA Philadelphia-Camden-Wilmington, PA-NJ-DE-MD / Allentown-Bethlehem-Easton, PA-NJ",0.0,no cell in the extract: territory at zero opportunity
ifa_pa_k4t,16920,ifa,PA,IFA,IFA_04,IFA,,42117,,4223152,"IFA Philadelphia-Camden-Wilmington, PA-NJ-DE-MD / Allentown-Bethlehem-Easton, PA-NJ",0.0,no cell in the extract: territory at zero opportunity
ifa_pa_k4t,16921,ifa,PA,IFA,IFA_04,IFA,,42117,,,"IFA Philadelphia-Camden-Wilmington, PA-NJ-DE-MD / Allentown-Bethlehem-Easton, PA-NJ",0.0,no cell in the extract: territory at zero opportunity
ifa_pa_k4t,16922,ifa,PA,IFA,IFA_04,IFA,,42105,,4228280,"IFA Philadelphia-Camden-Wilmington, PA-NJ-DE-MD / Allentown-Bethlehem-Easton, PA-NJ",0.0,no cell in the extract: territory at zero opportunity
ifa_pa_k4t,16923,ifa,PA,IFA,IFA_04,IFA,,42105,,4228752,"IFA Philadelphia-Camden-Wilmington, PA-NJ-DE-MD / Allentown-Bethlehem-Easton, PA-NJ",0.0,no cell in the extract: territory at zero opportunity
ifa_pa_k4t,16925,ifa,PA,IFA,IFA_04,IFA,,42015,42380,,"IFA Philadelphia-Camden-Wilmington, PA-NJ-DE-MD / Allentown-Bethlehem-Easton, PA-NJ",0.0,no cell in the extract: territory at zero opportunity
ifa_pa_k4t,16926,ifa,PA,IFA,IFA_04,IFA,,42015,42380,,"IFA Philadelphia-Camden-Wilmington, PA-NJ-DE-MD / Allentown-Bethlehem-Easton, PA-NJ",0.0,no cell in the extract: territory at zero opportunity
ifa_pa_k4t,16927,ifa,PA,IFA,IFA_04,IFA,,42105,,,"IFA Philadelphia-Camden-Wilmington, PA-NJ-DE-MD / Allentown-Bethlehem-Easton, PA-NJ",0.0,no cell in the extract: territory at zero opportunity
ifa_pa_k4t,16928,ifa,PA,IFA,IFA_04,IFA,,42117,,4240360,"IFA Philadelphia-Camden-Wilmington, PA-NJ-DE-MD / Allentown-Bethlehem-Easton, PA-NJ",0.0,no cell in the extract: territory at zero opportunity
ifa_pa_k4t,16929,ifa,PA,IFA,IFA_04,IFA,,42117,,4242016,"IFA Philadelphia-Camden-Wilmington, PA-NJ-DE-MD / Allentown-Bethlehem-Easton, PA-NJ",0.0,no cell in the extract: territory at zero opportunity
ifa_pa_k4t,16930,ifa,PA,IFA,IFA_04,IFA,,42117,,4243128,"IFA Philadelphia-Camden-Wilmington, PA-NJ-DE-MD / Allentown-Bethlehem-Easton, PA-NJ",0.0,no cell in the extract: territory at zero opportunity
ifa_pa_k4t,16932,ifa,PA,IFA,IFA_04,IFA,,42117,,4246696,"IFA Philadelphia-Camden-Wilmington, PA-NJ-DE-MD / Allentown-Bethlehem-Easton, PA-NJ",0.0,no cell in the extract: territory at zero opportunity
ifa_pa_k4t,16933,ifa,PA,IFA,IFA_04,IFA,,42117,,4247080,"IFA Philadelphia-Camden-Wilmington, PA-NJ-DE-MD / Allentown-Bethlehem-Easton, PA-NJ",0.0814542,
ifa_pa_k4t,16935,ifa,PA,IFA,IFA_04,IFA,,42117,,,"IFA Philadelphia-Camden-Wilmington, PA-NJ-DE-MD / Allentown-Bethlehem-Easton, PA-NJ",0.0,no cell in the extract: territory at zero opportunity
ifa_pa_k4t,16936,ifa,PA,IFA,IFA_04,IFA,,42117,,4249736,"IFA Philadelphia-Camden-Wilmington, PA-NJ-DE-MD / Allentown-Bethlehem-Easton, PA-NJ",0.0,no cell in the extract: territory at zero opportunity
ifa_pa_k4t,16937,ifa,PA,IFA,IFA_04,IFA,,42105,,,"IFA Philadelphia-Camden-Wilmington, PA-NJ-DE-MD / Allentown-Bethlehem-Easton, PA-NJ",0.0,no cell in the extract: territory at zero opportunity
ifa_pa_k4t,16938,ifa,PA,IFA,IFA_04,IFA,,42117,,,"IFA Philadelphia-Camden-Wilmington, PA-NJ-DE-MD / Allentown-Bethlehem-Easton, PA-NJ",0.0,no cell in the extract: territory at zero opportunity
ifa_pa_k4t,16939,ifa,PA,IFA,IFA_04,IFA,,42117,,4251136,"IFA Philadelphia-Camden-Wilmington, PA-NJ-DE-MD / Allentown-Bethlehem-Easton, PA-NJ",0.0,no cell in the extract: territory at zero opportunity
ifa_pa_k4t,16940,ifa,PA,IFA,IFA_04,IFA,,42117,,,"IFA Philadelphia-Camden-Wilmington, PA-NJ-DE-MD / Allentown-Bethlehem-Easton, PA-NJ",0.0,no cell in the extract: territory at zero opportunity
ifa_pa_k4t,16941,ifa,PA,IFA,IFA_04,IFA,,42105,,,"IFA Philadelphia-Camden-Wilmington, PA-NJ-DE-MD / Allentown-Bethlehem-Easton, PA-NJ",0.0,no cell in the extract: territory at zero opportunity
ifa_pa_k4t,16942,ifa,PA,IFA,IFA_04,IFA,,42117,,,"IFA Philadelphia-Camden-Wilmington, PA-NJ-DE-MD / Allentown-Bethlehem-Easton, PA-NJ",0.0,no cell in the extract: territory at zero opportunity
ifa_pa_k4t,16943,ifa,PA,IFA,IFA_04,IFA,,42105,,4267040,"IFA Philadelphia-Camden-Wilmington, PA-NJ-DE-MD / Allentown-Bethlehem-Easton, PA-NJ",0.0,no cell in the extract: territory at zero opportunity
ifa_pa_k4t,16946,ifa,PA,IFA,IFA_04,IFA,,42117,,4276808,"IFA Philadelphia-Camden-Wilmington, PA-NJ-DE-MD / Allentown-Bethlehem-Easton, PA-NJ",0.0,no cell in the extract: territory at zero opportunity
ifa_pa_k4t,16947,ifa,PA,IFA,IFA_04,IFA,,42015,42380,4275944,"IFA Philadelphia-Camden-Wilmington, PA-NJ-DE-MD / Allentown-Bethlehem-Easton, PA-NJ",3.37074,
ifa_pa_k4t,16948,ifa,PA,IFA,IFA_04,IFA,,42105,,4278240,"IFA Philadelphia-Camden-Wilmington, PA-NJ-DE-MD / Allentown-Bethlehem-Easton, PA-NJ",0.0,no cell in the extract: territory at zero opportunity
ifa_pa_k4t,16950,ifa,PA,IFA,IFA_04,IFA,,42117,,4282968,"IFA Philadelphia-Camden-Wilmington, PA-NJ-DE-MD / Allentown-Bethlehem-Easton, PA-NJ",0.0,no cell in the extract: territory at zero opportunity
ifa_pa_k4t,17002,ifa,PA,IFA,IFA_03,IFA,,42061,26500,4201004,"IFA Philadelphia-Camden-Wilmington, PA-NJ-DE-MD / Harrisburg-Carlisle, PA",0.0,no cell in the extract: territory at zero opportunity
ifa_pa_k4t,17003,ifa,PA,IFA,IFA_03,IFA,,42075,30140,4226812,"IFA Philadelphia-Camden-Wilmington, PA-NJ-DE-MD / Harrisburg-Carlisle, PA",1.75859,
ifa_pa_k4t,17004,ifa,PA,IFA,IFA_03,IFA,,42087,30380,4205304,"IFA Philadelphia-Camden-Wilmington, PA-NJ-DE-MD / Harrisburg-Carlisle, PA",0.0,no cell in the extract: territory at zero opportunity
ifa_pa_k4t,17005,ifa,PA,IFA,IFA_03,IFA,,42043,25420,4205856,"IFA Philadelphia-Camden-Wilmington, PA-NJ-DE-MD / Harrisburg-Carlisle, PA",0.0,no cell in the extract: territory at zero opportunity
ifa_pa_k4t,17006,ifa,PA,IFA,IFA_03,IFA,,42099,25420,4206824,"IFA Philadelphia-Camden-Wilmington, PA-NJ-DE-MD / Harrisburg-Carlisle, PA",0.0,no cell in the extract: territory at zero opportunity
ifa_pa_k4t,17007,ifa,PA,IFA,IFA_03,IFA,,42041,25420,4207472,"IFA Philadelphia-Camden-Wilmington, PA-NJ-DE-MD / Harrisburg-Carlisle, PA",0.196723,
ifa_pa_k4t,17009,ifa,PA,IFA,IFA_03,IFA,,42087,30380,4210256,"IFA Philadelphia-Camden-Wilmington, PA-NJ-DE-MD / Harrisburg-Carlisle, PA",0.0,no cell in the extract: territory at zero opportunity
ifa_pa_k4t,17010,ifa,PA,IFA,IFA_03,IFA,,42075,30140,4210960,"IFA Philadelphia-Camden-Wilmington, PA-NJ-DE-MD / Harrisburg-Carlisle, PA",0.0,no cell in the extract: territory at zero opportunity
ifa_pa_k4t,17011,ifa,PA,IFA,IFA_03,IFA,,42041,25420,4211000,"IFA Philadelphia-Camden-Wilmington, PA-NJ-DE-MD / Harrisburg-Carlisle, PA",25.0997,
ifa_pa_k4t,17013,ifa,PA,IFA,IFA_03,IFA,,42041,25420,4211272,"IFA Philadelphia-Camden-Wilmington, PA-NJ-DE-MD / Harrisburg-Carlisle, PA",4.61088,
ifa_pa_k4t,17014,ifa,PA,IFA,IFA_03,IFA,,42067,,,"IFA Philadelphia-Camden-Wilmington, PA-NJ-DE-MD / Harrisburg-Carlisle, PA",0.0,no cell in the extract: territory at zero opportunity
ifa_pa_k4t,17015,ifa,PA,IFA,IFA_03,IFA,,42041,25420,4211272,"IFA Philadelphia-Camden-Wilmington, PA-NJ-DE-MD / Harrisburg-Carlisle, PA",1.43678,
ifa_pa_k4t,17016,ifa,PA,IFA,IFA_03,IFA,,42075,30140,4216256,"IFA Philadelphia-Camden-Wilmington, PA-NJ-DE-MD / Harrisburg-Carlisle, PA",0.0,no cell in the extract: territory at zero opportunity
ifa_pa_k4t,17017,ifa,PA,IFA,IFA_03,IFA,,42097,44980,4218080,"IFA Philadelphia-Camden-Wilmington, PA-NJ-DE-MD / Harrisburg-Carlisle, PA",0.0,no cell in the extract: territory at zero opportunity
ifa_pa_k4t,17018,ifa,PA,IFA,IFA_03,IFA,,42043,25420,4218272,"IFA Philadelphia-Camden-Wilmington, PA-NJ-DE-MD / Harrisburg-Carlisle, PA",0.0,no cell in the extract: territory at zero opportunity
ifa_pa_k4t,17019,ifa,PA,IFA,IFA_03,IFA,,42133,49620,4219208,"IFA Philadelphia-Camden-Wilmington, PA-NJ-DE-MD / Harrisburg-Carlisle, PA",0.0,no cell in the extract: territory at zero opportunity
ifa_pa_k4t,17020,ifa,PA,IFA,IFA_03,IFA,,42099,25420,4220240,"IFA Philadelphia-Camden-Wilmington, PA-NJ-DE-MD / Harrisburg-Carlisle, PA",0.0,no cell in the extract: territory at zero opportunity
ifa_pa_k4t,17021,ifa,PA,IFA,IFA_03,IFA,,42067,,4222024,"IFA Philadelphia-Camden-Wilmington, PA-NJ-DE-MD / Harrisburg-Carlisle, PA",0.0,no cell in the extract: territory at zero opportunity
ifa_pa_k4t,17022,ifa,PA,IFA,IFA_03,IFA,,42071,29540,4223016,"IFA Philadelphia-Camden-Wilmington, PA-NJ-DE-MD / Harrisburg-Carlisle, PA",0.323445,
ifa_pa_k4t,17023,ifa,PA,IFA,IFA_03,IFA,,42043,25420,4223024,"IFA Philadelphia-Camden-Wilmington, PA-NJ-DE-MD / Harrisburg-Carlisle, PA",0.0,no cell in the extract: territory at zero opportunity
ifa_pa_k4t,17024,ifa,PA,IFA,IFA_03,IFA,,42099,25420,,"IFA Philadelphia-Camden-Wilmington, PA-NJ-DE-MD / Harrisburg-Carlisle, PA",0.0,no cell in the extract: territory at zero opportunity
ifa_pa_k4t,17025,ifa,PA,IFA,IFA_03,IFA,,42041,25420,4223744,"IFA Philadelphia-Camden-Wilmington, PA-NJ-DE-MD / Harrisburg-Carlisle, PA",2.98776,
ifa_pa_k4t,17026,ifa,PA,IFA,IFA_03,IFA,,42075,30140,4227656,"IFA Philadelphia-Camden-Wilmington, PA-NJ-DE-MD / Harrisburg-Carlisle, PA",0.0,no cell in the extract: territory at zero opportunity
ifa_pa_k4t,17027,ifa,PA,IFA,IFA_03,IFA,,42041,25420,4248868,"IFA Philadelphia-Camden-Wilmington, PA-NJ-DE-MD / Harrisburg-Carlisle, PA",0.0,no cell in the extract: territory at zero opportunity
ifa_pa_k4t,17028,ifa,PA,IFA,IFA_03,IFA,,42075,30140,4226812,"IFA Philadelphia-Camden-Wilmington, PA-NJ-DE-MD / Harrisburg-Carlisle, PA",0.0,no cell in the extract: territory at zero opportunity
ifa_pa_k4t,17029,ifa,PA,IFA,IFA_03,IFA,,42087,30380,4230472,"IFA Philadelphia-Camden-Wilmington, PA-NJ-DE-MD / Harrisburg-Carlisle, PA",0.0,no cell in the extract: territory at zero opportunity
ifa_pa_k4t,17030,ifa,PA,IFA,IFA_03,IFA,,42043,25420,4230600,"IFA Philadelphia-Camden-Wilmington, PA-NJ-DE-MD / Harrisburg-Carlisle, PA",0.0,no cell in the extract: territory at zero opportunity
ifa_pa_k4t,17032,ifa,PA,IFA,IFA_03,IFA,,42043,25420,4232032,"IFA Philadelphia-Camden-Wilmington, PA-NJ-DE-MD / Harrisburg-Carlisle, PA",0.0,no cell in the extract: territory at zero opportunity
ifa_pa_k4t,17033,ifa,PA,IFA,IFA_03,IFA,,42043,25420,4234144,"IFA Philadelphia-Camden-Wilmington, PA-NJ-DE-MD / Harrisburg-Carlisle, PA",0.349261,
ifa_pa_k4t,17034,ifa,PA,IFA,IFA_03,IFA,,42043,25420,4234664,"IFA Philadelphia-Camden-Wilmington, PA-NJ-DE-MD / Harrisburg-Carlisle, PA",0.0,no cell in the extract: territory at zero opportunity
ifa_pa_k4t,17035,ifa,PA,IFA,IFA_03,IFA,,42067,,4222024,"IFA Philadelphia-Camden-Wilmington, PA-NJ-DE-MD / Harrisburg-Carlisle, PA",0.0,no cell in the extract: territory at zero opportunity
ifa_pa_k4t,17036,ifa,PA,IFA,IFA_03,IFA,,42043,25420,4234144,"IFA Philadelphia-Camden-Wilmington, PA-NJ-DE-MD / Harrisburg-Carlisle, PA",0.927712,
ifa_pa_k4t,17037,ifa,PA,IFA,IFA_03,IFA,,42099,25420,4236688,"IFA Philadelphia-Camden-Wilmington, PA-NJ-DE-MD / Harrisburg-Carlisle, PA",0.0,no cell in the extract: territory at zero opportunity
ifa_pa_k4t,17038,ifa,PA,IFA,IFA_03,IFA,,42075,30140,4226812,"IFA Philadelphia-Camden-Wilmington, PA-NJ-DE-MD / Harrisburg-Carlisle, PA",0.0,no cell in the extract: territory at zero opportunity
ifa_pa_k4t,17039,ifa,PA,IFA,IFA_03,IFA,,42075,30140,,"IFA Philadelphia-Camden-Wilmington, PA-NJ-DE-MD / Harrisburg-Carlisle, PA",0.0,no cell in the extract: territory at zero opportunity
ifa_pa_k4t,17040,ifa,PA,IFA,IFA_03,IFA,,42099,25420,4241272,"IFA Philadelphia-Camden-Wilmington, PA-NJ-DE-MD / Harrisburg-Carlisle, PA",0.0,no cell in the extract: territory at zero opportunity
ifa_pa_k4t,17041,ifa,PA,IFA,IFA_03,IFA,,42075,30140,,"IFA Philadelphia-Camden-Wilmington, PA-NJ-DE-MD / Harrisburg-Carlisle, PA",0.0,no cell in the extract: territory at zero opportunity
ifa_pa_k4t,17042,ifa,PA,IFA,IFA_03,IFA,,42075,30140,4216256,"IFA Philadelphia-Camden-Wilmington, PA-NJ-DE-MD / Harrisburg-Carlisle, PA",11.2318,
ifa_pa_k4t,17043,ifa,PA,IFA,IFA_03,IFA,,42041,25420,4242648,"IFA Philadelphia-Camden-Wilmington, PA-NJ-DE-MD / Harrisburg-Carlisle, PA",2.89655,
ifa_pa_k4t,17044,ifa,PA,IFA,IFA_03,IFA,,42087,30380,4243000,"IFA Philadelphia-Camden-Wilmington, PA-NJ-DE-MD / Harrisburg-Carlisle, PA",1.65848,
ifa_pa_k4t,17045,ifa,PA,IFA,IFA_03,IFA,,42099,25420,4243968,"IFA Philadelphia-Camden-Wilmington, PA-NJ-DE-MD / Harrisburg-Carlisle, PA",0.0,no cell in the extract: territory at zero opportunity
ifa_pa_k4t,17046,ifa,PA,IFA,IFA_03,IFA,,42075,30140,4242168,"IFA Philadelphia-Camden-Wilmington, PA-NJ-DE-MD / Harrisburg-Carlisle, PA",0.0645973,
ifa_pa_k4t,17047,ifa,PA,IFA,IFA_03,IFA,,42099,25420,4245264,"IFA Philadelphia-Camden-Wilmington, PA-NJ-DE-MD / Harrisburg-Carlisle, PA",0.0,no cell in the extract: territory at zero opportunity
ifa_pa_k4t,17048,ifa,PA,IFA,IFA_03,IFA,,42043,25420,4230600,"IFA Philadelphia-Camden-Wilmington, PA-NJ-DE-MD / Harrisburg-Carlisle, PA",0.0,no cell in the extract: territory at zero opportunity
ifa_pa_k4t,17049,ifa,PA,IFA,IFA_03,IFA,,42067,,4245848,"IFA Philadelphia-Camden-Wilmington, PA-NJ-DE-MD / Harrisburg-Carlisle, PA",0.0,no cell in the extract: territory at zero opportunity
ifa_pa_k4t,17050,ifa,PA,IFA,IFA_03,IFA,,42041,25420,4253752,"IFA Philadelphia-Camden-Wilmington, PA-NJ-DE-MD / Harrisburg-Carlisle, PA",132.261,
ifa_pa_k4t,17051,ifa,PA,IFA,IFA_03,IFA,,42087,30380,4274848,"IFA Philadelphia-Camden-Wilmington, PA-NJ-DE-MD / Harrisburg-Carlisle, PA",0.0,no cell in the extract: territory at zero opportunity
ifa_pa_k4t,17052,ifa,PA,IFA,IFA_03,IFA,,42061,26500,4247248,"IFA Philadelphia-Camden-Wilmington, PA-NJ-DE-MD / Harrisburg-Carlisle, PA",0.0,no cell in the extract: territory at zero opportunity
ifa_pa_k4t,17053,ifa,PA,IFA,IFA_03,IFA,,42099,25420,4247968,"IFA Philadelphia-Camden-Wilmington, PA-NJ-DE-MD / Harrisburg-Carlisle, PA",0.0,no cell in the extract: territory at zero opportunity
ifa_pa_k4t,17054,ifa,PA,IFA,IFA_03,IFA,,42087,30380,4248072,"IFA Philadelphia-Camden-Wilmington, PA-NJ-DE-MD / Harrisburg-Carlisle, PA",0.0,no cell in the extract: territory at zero opportunity
ifa_pa_k4t,17055,ifa,PA,IFA,IFA_03,IFA,,42041,25420,4248376,"IFA Philadelphia-Camden-Wilmington, PA-NJ-DE-MD / Harrisburg-Carlisle, PA",7.85076,
ifa_pa_k4t,17056,ifa,PA,IFA,IFA_03,IFA,,42067,,4248904,"IFA Philadelphia-Camden-Wilmington, PA-NJ-DE-MD / Harrisburg-Carlisle, PA",0.0,no cell in the extract: territory at zero opportunity
ifa_pa_k4t,17057,ifa,PA,IFA,IFA_03,IFA,,42043,25420,4249128,"IFA Philadelphia-Camden-Wilmington, PA-NJ-DE-MD / Harrisburg-Carlisle, PA",1.24415,
ifa_pa_k4t,17058,ifa,PA,IFA,IFA_03,IFA,,42067,,4249272,"IFA Philadelphia-Camden-Wilmington, PA-NJ-DE-MD / Harrisburg-Carlisle, PA",0.0,no cell in the extract: territory at zero opportunity
ifa_pa_k4t,17059,ifa,PA,IFA,IFA_03,IFA,,42067,,4248904,"IFA Philadelphia-Camden-Wilmington, PA-NJ-DE-MD / Harrisburg-Carlisle, PA",0.199361,
ifa_pa_k4t,17060,ifa,PA,IFA,IFA_03,IFA,,42061,26500,4249552,"IFA Philadelphia-Camden-Wilmington, PA-NJ-DE-MD / Harrisburg-Carlisle, PA",0.0,no cell in the extract: territory at zero opportunity
ifa_pa_k4t,17061,ifa,PA,IFA,IFA_03,IFA,,42043,25420,4249680,"IFA Philadelphia-Camden-Wilmington, PA-NJ-DE-MD / Harrisburg-Carlisle, PA",0.0,no cell in the extract: territory at zero opportunity
ifa_pa_k4t,17062,ifa,PA,IFA,IFA_03,IFA,,42099,25420,4249720,"IFA Philadelphia-Camden-Wilmington, PA-NJ-DE-MD / Harrisburg-Carlisle, PA",0.0,no cell in the extract: territory at zero opportunity
ifa_pa_k4t,17063,ifa,PA,IFA,IFA_03,IFA,,42087,30380,4250000,"IFA Philadelphia-Camden-Wilmington, PA-NJ-DE-MD / Harrisburg-Carlisle, PA",0.0,no cell in the extract: territory at zero opportunity
ifa_pa_k4t,17064,ifa,PA,IFA,IFA_03,IFA,,42075,30140,4276724,"IFA Philadelphia-Camden-Wilmington, PA-NJ-DE-MD / Harrisburg-Carlisle, PA",0.0,no cell in the extract: territory at zero opportunity
ifa_pa_k4t,17065,ifa,PA,IFA,IFA_03,IFA,,42041,25420,4251592,"IFA Philadelphia-Camden-Wilmington, PA-NJ-DE-MD / Harrisburg-Carlisle, PA",0.0,no cell in the extract: territory at zero opportunity
ifa_pa_k4t,17066,ifa,PA,IFA,IFA_03,IFA,,42061,26500,4251984,"IFA Philadelphia-Camden-Wilmington, PA-NJ-DE-MD / Harrisburg-Carlisle, PA",0.0,no cell in the extract: territory at zero opportunity
ifa_pa_k4t,17067,ifa,PA,IFA,IFA_03,IFA,,42075,30140,4228128,"IFA Philadelphia-Camden-Wilmington, PA-NJ-DE-MD / Harrisburg-Carlisle, PA",2.14825,
ifa_pa_k4t,17068,ifa,PA,IFA,IFA_03,IFA,,42099,25420,4207040,"IFA Philadelphia-Camden-Wilmington, PA-NJ-DE-MD / Harrisburg-Carlisle, PA",0.0,no cell in the extract: territory at zero opportunity
ifa_pa_k4t,17069,ifa,PA,IFA,IFA_03,IFA,,42099,25420,4253320,"IFA Philadelphia-Camden-Wilmington, PA-NJ-DE-MD / Harrisburg-Carlisle, PA",0.0,no cell in the extract: territory at zero opportunity
ifa_pa_k4t,17070,ifa,PA,IFA,IFA_03,IFA,,42133,49620,4253464,"IFA Philadelphia-Camden-Wilmington, PA-NJ-DE-MD / Harrisburg-Carlisle, PA",3.13481,
ifa_pa_k4t,17071,ifa,PA,IFA,IFA_03,IFA,,42099,25420,,"IFA Philadelphia-Camden-Wilmington, PA-NJ-DE-MD / Harrisburg-Carlisle, PA",0.0,no cell in the extract: territory at zero opportunity
ifa_pa_k4t,17073,ifa,PA,IFA,IFA_03,IFA,,42075,30140,4253856,"IFA Philadelphia-Camden-Wilmington, PA-NJ-DE-MD / Harrisburg-Carlisle, PA",0.0,no cell in the extract: territory at zero opportunity
ifa_pa_k4t,17074,ifa,PA,IFA,IFA_03,IFA,,42099,25420,4253968,"IFA Philadelphia-Camden-Wilmington, PA-NJ-DE-MD / Harrisburg-Carlisle, PA",0.031029,
ifa_pa_k4t,17075,ifa,PA,IFA,IFA_03,IFA,,42087,30380,4254160,"IFA Philadelphia-Camden-Wilmington, PA-NJ-DE-MD / Harrisburg-Carlisle, PA",0.0,no cell in the extract: territory at zero opportunity
ifa_pa_k4t,17076,ifa,PA,IFA,IFA_03,IFA,,42067,,,"IFA Philadelphia-Camden-Wilmington, PA-NJ-DE-MD / Harrisburg-Carlisle, PA",0.0,no cell in the extract: territory at zero opportunity
ifa_pa_k4t,17077,ifa,PA,IFA,IFA_03,IFA,,42075,30140,,"IFA Philadelphia-Camden-Wilmington, PA-NJ-DE-MD / Harrisburg-Carlisle, PA",0.0,no cell in the extract: territory at zero opportunity
ifa_pa_k4t,17078,ifa,PA,IFA,IFA_03,IFA,,42075,30140,4210960,"IFA Philadelphia-Camden-Wilmington, PA-NJ-DE-MD / Harrisburg-Carlisle, PA",13.9064,
ifa_pa_k4t,17080,ifa,PA,IFA,IFA_03,IFA,,42043,25420,4260264,"IFA Philadelphia-Camden-Wilmington, PA-NJ-DE-MD / Harrisburg-Carlisle, PA",0.0,no cell in the extract: territory at zero opportunity
ifa_pa_k4t,17081,ifa,PA,IFA,IFA_03,IFA,,42041,25420,4261080,"IFA Philadelphia-Camden-Wilmington, PA-NJ-DE-MD / Harrisburg-Carlisle, PA",0.0,no cell in the extract: territory at zero opportunity
ifa_pa_k4t,17082,ifa,PA,IFA,IFA_03,IFA,,42067,,4262304,"IFA Philadelphia-Camden-Wilmington, PA-NJ-DE-MD / Harrisburg-Carlisle, PA",0.0,no cell in the extract: territory at zero opportunity
ifa_pa_k4t,17084,ifa,PA,IFA,IFA_03,IFA,,42087,30380,4213596,"IFA Philadelphia-Camden-Wilmington, PA-NJ-DE-MD / Harrisburg-Carlisle, PA",0.0,no cell in the extract: territory at zero opportunity
ifa_pa_k4t,17086,ifa,PA,IFA,IFA_03,IFA,,42109,42780,4264488,"IFA Philadelphia-Camden-Wilmington, PA-NJ-DE-MD / Harrisburg-Carlisle, PA",0.0,no cell in the extract: territory at zero opportunity
ifa_pa_k4t,17087,ifa,PA,IFA,IFA_03,IFA,,42011,39740,4264560,"IFA Philadelphia-Camden-Wilmington, PA-NJ-DE-MD / Harrisburg-Carlisle, PA",0.599331,
ifa_pa_k4t,17088,ifa,PA,IFA,IFA_03,IFA,,42075,30140,4268144,"IFA Philadelphia-Camden-Wilmington, PA-NJ-DE-MD / Harrisburg-Carlisle, PA",0.0,no cell in the extract: territory at zero opportunity
ifa_pa_k4t,17090,ifa,PA,IFA,IFA_03,IFA,,42099,25420,,"IFA Philadelphia-Camden-Wilmington, PA-NJ-DE-MD / Harrisburg-Carlisle, PA",0.0,no cell in the extract: territory at zero opportunity
ifa_pa_k4t,17093,ifa,PA,IFA,IFA_03,IFA,,42041,25420,4223744,"IFA Philadelphia-Camden-Wilmington, PA-NJ-DE-MD / Harrisburg-Carlisle, PA",0.0,no cell in the extract: territory at zero opportunity
ifa_pa_k4t,17094,ifa,PA,IFA,IFA_03,IFA,,42067,,4276536,"IFA Philadelphia-Camden-Wilmington, PA-NJ-DE-MD / Harrisburg-Carlisle, PA",0.0,no cell in the extract: territory at zero opportunity
ifa_pa_k4t,17097,ifa,PA,IFA,IFA_03,IFA,,42043,25420,4284968,"IFA Philadelphia-Camden-Wilmington, PA-NJ-DE-MD / Harrisburg-Carlisle, PA",0.0,no cell in the extract: territory at zero opportunity
ifa_pa_k4t,17098,ifa,PA,IFA,IFA_03,IFA,,42043,25420,4285320,"IFA Philadelphia-Camden-Wilmington, PA-NJ-DE-MD / Harrisburg-Carlisle, PA",0.0,no cell in the extract: territory at zero opportunity
ifa_pa_k4t,17099,ifa,PA,IFA,IFA_03,IFA,,42087,30380,4286976,"IFA Philadelphia-Camden-Wilmington, PA-NJ-DE-MD / Harrisburg-Carlisle, PA",0.0,no cell in the extract: territory at zero opportunity
ifa_pa_k4t,17101,ifa,PA,IFA,IFA_03,IFA,,42043,25420,4232800,"IFA Philadelphia-Camden-Wilmington, PA-NJ-DE-MD / Harrisburg-Carlisle, PA",0.198608,
ifa_pa_k4t,17102,ifa,PA,IFA,IFA_03,IFA,,42043,25420,4232800,"IFA Philadelphia-Camden-Wilmington, PA-NJ-DE-MD / Harrisburg-Carlisle, PA",0.0,no cell in the extract: territory at zero opportunity
ifa_pa_k4t,17103,ifa,PA,IFA,IFA_03,IFA,,42043,25420,4232800,"IFA Philadelphia-Camden-Wilmington, PA-NJ-DE-MD / Harrisburg-Carlisle, PA",0.0,no cell in the extract: territory at zero opportunity
ifa_pa_k4t,17104,ifa,PA,IFA,IFA_03,IFA,,42043,25420,4232800,"IFA Philadelphia-Camden-Wilmington, PA-NJ-DE-MD / Harrisburg-Carlisle, PA",0.0,no cell in the extract: territory at zero opportunity
ifa_pa_k4t,17109,ifa,PA,IFA,IFA_03,IFA,,42043,25420,4215328,"IFA Philadelphia-Camden-Wilmington, PA-NJ-DE-MD / Harrisburg-Carlisle, PA",0.885204,
ifa_pa_k4t,17110,ifa,PA,IFA,IFA_03,IFA,,42043,25420,4232800,"IFA Philadelphia-Camden-Wilmington, PA-NJ-DE-MD / Harrisburg-Carlisle, PA",7.76943,
ifa_pa_k4t,17111,ifa,PA,IFA,IFA_03,IFA,,42043,25420,4241944,"IFA Philadelphia-Camden-Wilmington, PA-NJ-DE-MD / Harrisburg-Carlisle, PA",0.466463,
ifa_pa_k4t,17112,ifa,PA,IFA,IFA_03,IFA,,42043,25420,4243672,"IFA Philadelphia-Camden-Wilmington, PA-NJ-DE-MD / Harrisburg-Carlisle, PA",25.227,
ifa_pa_k4t,17113,ifa,PA,IFA,IFA_03,IFA,,42043,25420,4273888,"IFA Philadelphia-Camden-Wilmington, PA-NJ-DE-MD / Harrisburg-Carlisle, PA",0.0,no cell in the extract: territory at zero opportunity
ifa_pa_k4t,17120,ifa,PA,IFA,IFA_03,IFA,,42043,25420,4232800,"IFA Philadelphia-Camden-Wilmington, PA-NJ-DE-MD / Harrisburg-Carlisle, PA",0.0,no cell in the extract: territory at zero opportunity
ifa_pa_k4t,17201,ifa,PA,IFA,IFA_03,IFA,,42055,16540,4212536,"IFA Philadelphia-Camden-Wilmington, PA-NJ-DE-MD / Harrisburg-Carlisle, PA",9.54274,
ifa_pa_k4t,17202,ifa,PA,IFA,IFA_03,IFA,,42055,16540,4231716,"IFA Philadelphia-Camden-Wilmington, PA-NJ-DE-MD / Harrisburg-Carlisle, PA",0.0,no cell in the extract: territory at zero opportunity
ifa_pa_k4t,17210,ifa,PA,IFA,IFA_03,IFA,,42055,16540,,"IFA Philadelphia-Camden-Wilmington, PA-NJ-DE-MD / Harrisburg-Carlisle, PA",0.0,no cell in the extract: territory at zero opportunity
ifa_pa_k4t,17211,ifa,PA,IFA,IFA_02,IFA,,42009,,,"IFA Pittsburgh, PA",0.0,no cell in the extract: territory at zero opportunity
ifa_pa_k4t,17212,ifa,PA,IFA,IFA_03,IFA,,42057,,,"IFA Philadelphia-Camden-Wilmington, PA-NJ-DE-MD / Harrisburg-Carlisle, PA",0.0,no cell in the extract: territory at zero opportunity
ifa_pa_k4t,17213,ifa,PA,IFA,IFA_03,IFA,,42061,26500,,"IFA Philadelphia-Camden-Wilmington, PA-NJ-DE-MD / Harrisburg-Carlisle, PA",0.0,no cell in the extract: territory at zero opportunity
ifa_pa_k4t,17214,ifa,PA,IFA,IFA_03,IFA,,42055,16540,4207312,"IFA Philadelphia-Camden-Wilmington, PA-NJ-DE-MD / Harrisburg-Carlisle, PA",1.33193,
ifa_pa_k4t,17215,ifa,PA,IFA,IFA_03,IFA,,42061,26500,4210328,"IFA Philadelphia-Camden-Wilmington, PA-NJ-DE-MD / Harrisburg-Carlisle, PA",0.0,no cell in the extract: territory at zero opportunity
ifa_pa_k4t,17217,ifa,PA,IFA,IFA_03,IFA,,42055,16540,,"IFA Philadelphia-Camden-Wilmington, PA-NJ-DE-MD / Harrisburg-Carlisle, PA",0.0,no cell in the extract: territory at zero opportunity
ifa_pa_k4t,17219,ifa,PA,IFA,IFA_03,IFA,,42055,16540,,"IFA Philadelphia-Camden-Wilmington, PA-NJ-DE-MD / Harrisburg-Carlisle, PA",0.0,no cell in the extract: territory at zero opportunity
ifa_pa_k4t,17220,ifa,PA,IFA,IFA_03,IFA,,42055,16540,,"IFA Philadelphia-Camden-Wilmington, PA-NJ-DE-MD / Harrisburg-Carlisle, PA",0.0,no cell in the extract: territory at zero opportunity
ifa_pa_k4t,17221,ifa,PA,IFA,IFA_03,IFA,,42055,16540,,"IFA Philadelphia-Camden-Wilmington, PA-NJ-DE-MD / Harrisburg-Carlisle, PA",0.0,no cell in the extract: territory at zero opportunity
ifa_pa_k4t,17222,ifa,PA,IFA,IFA_03,IFA,,42055,16540,4225464,"IFA Philadelphia-Camden-Wilmington, PA-NJ-DE-MD / Harrisburg-Carlisle, PA",0.0,no cell in the extract: territory at zero opportunity
ifa_pa_k4t,17223,ifa,PA,IFA,IFA_03,IFA,,42057,,,"IFA Philadelphia-Camden-Wilmington, PA-NJ-DE-MD / Harrisburg-Carlisle, PA",0.0,no cell in the extract: territory at zero opportunity
ifa_pa_k4t,17224,ifa,PA,IFA,IFA_03,IFA,,42055,16540,4226824,"IFA Philadelphia-Camden-Wilmington, PA-NJ-DE-MD / Harrisburg-Carlisle, PA",3.51639,
ifa_pa_k4t,17225,ifa,PA,IFA,IFA_03,IFA,,42055,16540,4273848,"IFA Philadelphia-Camden-Wilmington, PA-NJ-DE-MD / Harrisburg-Carlisle, PA",0.761464,
ifa_pa_k4t,17228,ifa,PA,IFA,IFA_03,IFA,,42057,,,"IFA Philadelphia-Camden-Wilmington, PA-NJ-DE-MD / Harrisburg-Carlisle, PA",0.0,no cell in the extract: territory at zero opportunity
ifa_pa_k4t,17229,ifa,PA,IFA,IFA_03,IFA,,42057,,4236536,"IFA Philadelphia-Camden-Wilmington, PA-NJ-DE-MD / Harrisburg-Carlisle, PA",0.0,no cell in the extract: territory at zero opportunity
ifa_pa_k4t,17232,ifa,PA,IFA,IFA_03,IFA,,42055,16540,,"IFA Philadelphia-Camden-Wilmington, PA-NJ-DE-MD / Harrisburg-Carlisle, PA",0.0,no cell in the extract: territory at zero opportunity
ifa_pa_k4t,17233,ifa,PA,IFA,IFA_03,IFA,,42057,,4246000,"IFA Philadelphia-Camden-Wilmington, PA-NJ-DE-MD / Harrisburg-Carlisle, PA",0.0,no cell in the extract: territory at zero opportunity
ifa_pa_k4t,17235,ifa,PA,IFA,IFA_03,IFA,,42055,16540,4247464,"IFA Philadelphia-Camden-Wilmington, PA-NJ-DE-MD / Harrisburg-Carlisle, PA",0.0,no cell in the extract: territory at zero opportunity
ifa_pa_k4t,17236,ifa,PA,IFA,IFA_03,IFA,,42055,16540,4248704,"IFA Philadelphia-Camden-Wilmington, PA-NJ-DE-MD / Harrisburg-Carlisle, PA",0.0,no cell in the extract: territory at zero opportunity
ifa_pa_k4t,17237,ifa,PA,IFA,IFA_03,IFA,,42055,16540,4250544,"IFA Philadelphia-Camden-Wilmington, PA-NJ-DE-MD / Harrisburg-Carlisle, PA",0.0,no cell in the extract: territory at zero opportunity
ifa_pa_k4t,17238,ifa,PA,IFA,IFA_03,IFA,,42057,,4252872,"IFA Philadelphia-Camden-Wilmington, PA-NJ-DE-MD / Harrisburg-Carlisle, PA",0.0,no cell in the extract: territory at zero opportunity
ifa_pa_k4t,17239,ifa,PA,IFA,IFA_03,IFA,,42061,26500,,"IFA Philadelphia-Camden-Wilmington, PA-NJ-DE-MD / Harrisburg-Carlisle, PA",0.0,no cell in the extract: territory at zero opportunity
ifa_pa_k4t,17240,ifa,PA,IFA,IFA_03,IFA,,42041,25420,4253344,"IFA Philadelphia-Camden-Wilmington, PA-NJ-DE-MD / Harrisburg-Carlisle, PA",0.0,no cell in the extract: territory at zero opportunity
ifa_pa_k4t,17241,ifa,PA,IFA,IFA_03,IFA,,42041,25420,4254320,"IFA Philadelphia-Camden-Wilmington, PA-NJ-DE-MD / Harrisburg-Carlisle, PA",0.0,no cell in the extract: territory at zero opportunity
ifa_pa_k4t,17243,ifa,PA,IFA,IFA_03,IFA,,42061,26500,4256928,"IFA Philadelphia-Camden-Wilmington, PA-NJ-DE-MD / Harrisburg-Carlisle, PA",0.0,no cell in the extract: territory at zero opportunity
ifa_pa_k4t,17244,ifa,PA,IFA,IFA_03,IFA,,42055,16540,4257112,"IFA Philadelphia-Camden-Wilmington, PA-NJ-DE-MD / Harrisburg-Carlisle, PA",0.0,no cell in the extract: territory at zero opportunity
ifa_pa_k4t,17246,ifa,PA,IFA,IFA_03,IFA,,42055,16540,,"IFA Philadelphia-Camden-Wilmington, PA-NJ-DE-MD / Harrisburg-Carlisle, PA",0.0,no cell in the extract: territory at zero opportunity
ifa_pa_k4t,17247,ifa,PA,IFA,IFA_03,IFA,,42055,16540,,"IFA Philadelphia-Camden-Wilmington, PA-NJ-DE-MD / Harrisburg-Carlisle, PA",0.0,no cell in the extract: territory at zero opportunity
ifa_pa_k4t,17249,ifa,PA,IFA,IFA_03,IFA,,42061,26500,4265496,"IFA Philadelphia-Camden-Wilmington, PA-NJ-DE-MD / Harrisburg-Carlisle, PA",0.0,no cell in the extract: territory at zero opportunity
ifa_pa_k4t,17250,ifa,PA,IFA,IFA_03,IFA,,42055,16540,4266448,"IFA Philadelphia-Camden-Wilmington, PA-NJ-DE-MD / Harrisburg-Carlisle, PA",0.0,no cell in the extract: territory at zero opportunity
ifa_pa_k4t,17251,ifa,PA,IFA,IFA_03,IFA,,42055,16540,,"IFA Philadelphia-Camden-Wilmington, PA-NJ-DE-MD / Harrisburg-Carlisle, PA",0.0,no cell in the extract: territory at zero opportunity
ifa_pa_k4t,17252,ifa,PA,IFA,IFA_03,IFA,,42055,16540,,"IFA Philadelphia-Camden-Wilmington, PA-NJ-DE-MD / Harrisburg-Carlisle, PA",0.0,no cell in the extract: territory at zero opportunity
ifa_pa_k4t,17253,ifa,PA,IFA,IFA_03,IFA,,42061,26500,4267632,"IFA Philadelphia-Camden-Wilmington, PA-NJ-DE-MD / Harrisburg-Carlisle, PA",0.0,no cell in the extract: territory at zero opportunity
ifa_pa_k4t,17254,ifa,PA,IFA,IFA_03,IFA,,42055,16540,4268376,"IFA Philadelphia-Camden-Wilmington, PA-NJ-DE-MD / Harrisburg-Carlisle, PA",0.0,no cell in the extract: territory at zero opportunity
ifa_pa_k4t,17255,ifa,PA,IFA,IFA_03,IFA,,42061,26500,4269456,"IFA Philadelphia-Camden-Wilmington, PA-NJ-DE-MD / Harrisburg-Carlisle, PA",0.0,no cell in the extract: territory at zero opportunity
ifa_pa_k4t,17257,ifa,PA,IFA,IFA_03,IFA,,42041,25420,4270352,"IFA Philadelphia-Camden-Wilmington, PA-NJ-DE-MD / Harrisburg-Carlisle, PA",0.124094,
ifa_pa_k4t,17260,ifa,PA,IFA,IFA_03,IFA,,42061,26500,4270408,"IFA Philadelphia-Camden-Wilmington, PA-NJ-DE-MD / Harrisburg-Carlisle, PA",0.0,no cell in the extract: territory at zero opportunity
ifa_pa_k4t,17261,ifa,PA,IFA,IFA_03,IFA,,42055,16540,,"IFA Philadelphia-Camden-Wilmington, PA-NJ-DE-MD / Harrisburg-Carlisle, PA",0.0,no cell in the extract: territory at zero opportunity
ifa_pa_k4t,17262,ifa,PA,IFA,IFA_03,IFA,,42055,16540,,"IFA Philadelphia-Camden-Wilmington, PA-NJ-DE-MD / Harrisburg-Carlisle, PA",0.0,no cell in the extract: territory at zero opportunity
ifa_pa_k4t,17263,ifa,PA,IFA,IFA_03,IFA,,42055,16540,4273848,"IFA Philadelphia-Camden-Wilmington, PA-NJ-DE-MD / Harrisburg-Carlisle, PA",0.0,no cell in the extract: territory at zero opportunity
ifa_pa_k4t,17264,ifa,PA,IFA,IFA_03,IFA,,42061,26500,4276632,"IFA Philadelphia-Camden-Wilmington, PA-NJ-DE-MD / Harrisburg-Carlisle, PA",0.0,no cell in the extract: territory at zero opportunity
ifa_pa_k4t,17265,ifa,PA,IFA,IFA_03,IFA,,42055,16540,,"IFA Philadelphia-Camden-Wilmington, PA-NJ-DE-MD / Harrisburg-Carlisle, PA",0.0,no cell in the extract: territory at zero opportunity
ifa_pa_k4t,17266,ifa,PA,IFA,IFA_03,IFA,,42041,25420,,"IFA Philadelphia-Camden-Wilmington, PA-NJ-DE-MD / Harrisburg-Carlisle, PA",0.0,no cell in the extract: territory at zero opportunity
ifa_pa_k4t,17267,ifa,PA,IFA,IFA_02,IFA,,42057,,4280944,"IFA Pittsburgh, PA",0.0,no cell in the extract: territory at zero opportunity
ifa_pa_k4t,17268,ifa,PA,IFA,IFA_03,IFA,,42055,16540,4281824,"IFA Philadelphia-Camden-Wilmington, PA-NJ-DE-MD / Harrisburg-Carlisle, PA",1.22684,
ifa_pa_k4t,17271,ifa,PA,IFA,IFA_03,IFA,,42055,16540,,"IFA Philadelphia-Camden-Wilmington, PA-NJ-DE-MD / Harrisburg-Carlisle, PA",0.0,no cell in the extract: territory at zero opportunity
ifa_pa_k4t,17301,ifa,PA,IFA,IFA_03,IFA,,42001,23900,4200116,"IFA Philadelphia-Camden-Wilmington, PA-NJ-DE-MD / Harrisburg-Carlisle, PA",0.0,no cell in the extract: territory at zero opportunity
ifa_pa_k4t,17302,ifa,PA,IFA,IFA_03,IFA,,42133,49620,4275574,"IFA Philadelphia-Camden-Wilmington, PA-NJ-DE-MD / Harrisburg-Carlisle, PA",0.0,no cell in the extract: territory at zero opportunity
ifa_pa_k4t,17303,ifa,PA,IFA,IFA_03,IFA,,42001,23900,4202928,"IFA Philadelphia-Camden-Wilmington, PA-NJ-DE-MD / Harrisburg-Carlisle, PA",0.0,no cell in the extract: territory at zero opportunity
ifa_pa_k4t,17304,ifa,PA,IFA,IFA_03,IFA,,42001,23900,4203312,"IFA Philadelphia-Camden-Wilmington, PA-NJ-DE-MD / Harrisburg-Carlisle, PA",0.0,no cell in the extract: territory at zero opportunity
ifa_pa_k4t,17306,ifa,PA,IFA,IFA_03,IFA,,42001,23900,4205536,"IFA Philadelphia-Camden-Wilmington, PA-NJ-DE-MD / Harrisburg-Carlisle, PA",0.0,no cell in the extract: territory at zero opportunity
ifa_pa_k4t,17307,ifa,PA,IFA,IFA_03,IFA,,42001,23900,4246312,"IFA Philadelphia-Camden-Wilmington, PA-NJ-DE-MD / Harrisburg-Carlisle, PA",0.0,no cell in the extract: territory at zero opportunity
ifa_pa_k4t,17309,ifa,PA,IFA,IFA_03,IFA,,42133,49620,,"IFA Philadelphia-Camden-Wilmington, PA-NJ-DE-MD / Harrisburg-Carlisle, PA",0.0,no cell in the extract: territory at zero opportunity
ifa_pa_k4t,17311,ifa,PA,IFA,IFA_03,IFA,,42133,49620,4237944,"IFA Philadelphia-Camden-Wilmington, PA-NJ-DE-MD / Harrisburg-Carlisle, PA",0.0,no cell in the extract: territory at zero opportunity
ifa_pa_k4t,17313,ifa,PA,IFA,IFA_03,IFA,,42133,49620,4218072,"IFA Philadelphia-Camden-Wilmington, PA-NJ-DE-MD / Harrisburg-Carlisle, PA",1.08082,
ifa_pa_k4t,17314,ifa,PA,IFA,IFA_03,IFA,,42133,49620,4275574,"IFA Philadelphia-Camden-Wilmington, PA-NJ-DE-MD / Harrisburg-Carlisle, PA",0.0,no cell in the extract: territory at zero opportunity
ifa_pa_k4t,17315,ifa,PA,IFA,IFA_03,IFA,,42133,49620,4282008,"IFA Philadelphia-Camden-Wilmington, PA-NJ-DE-MD / Harrisburg-Carlisle, PA",3.31464,
ifa_pa_k4t,17316,ifa,PA,IFA,IFA_03,IFA,,42001,23900,4240988,"IFA Philadelphia-Camden-Wilmington, PA-NJ-DE-MD / Harrisburg-Carlisle, PA",0.321024,
ifa_pa_k4t,17317,ifa,PA,IFA,IFA_03,IFA,,42133,49620,4221728,"IFA Philadelphia-Camden-Wilmington, PA-NJ-DE-MD / Harrisburg-Carlisle, PA",0.0,no cell in the extract: territory at zero opportunity
ifa_pa_k4t,17318,ifa,PA,IFA,IFA_03,IFA,,42133,49620,4223560,"IFA Philadelphia-Camden-Wilmington, PA-NJ-DE-MD / Harrisburg-Carlisle, PA",0.0,no cell in the extract: territory at zero opportunity
ifa_pa_k4t,17319,ifa,PA,IFA,IFA_03,IFA,,42133,49620,4279640,"IFA Philadelphia-Camden-Wilmington, PA-NJ-DE-MD / Harrisburg-Carlisle, PA",0.0,no cell in the extract: territory at zero opportunity
ifa_pa_k4t,17320,ifa,PA,IFA,IFA_03,IFA,,42001,23900,4211472,"IFA Philadelphia-Camden-Wilmington, PA-NJ-DE-MD / Harrisburg-Carlisle, PA",0.0,no cell in the extract: territory at zero opportunity
ifa_pa_k4t,17321,ifa,PA,IFA,IFA_03,IFA,,42133,49620,4225416,"IFA Philadelphia-Camden-Wilmington, PA-NJ-DE-MD / Harrisburg-Carlisle, PA",0.0,no cell in the extract: territory at zero opportunity
ifa_pa_k4t,17322,ifa,PA,IFA,IFA_03,IFA,,42133,49620,4217416,"IFA Philadelphia-Camden-Wilmington, PA-NJ-DE-MD / Harrisburg-Carlisle, PA",0.0,no cell in the extract: territory at zero opportunity
ifa_pa_k4t,17323,ifa,PA,IFA,IFA_03,IFA,,42133,49620,4227576,"IFA Philadelphia-Camden-Wilmington, PA-NJ-DE-MD / Harrisburg-Carlisle, PA",0.0,no cell in the extract: territory at zero opportunity
ifa_pa_k4t,17324,ifa,PA,IFA,IFA_03,IFA,,42041,25420,4236712,"IFA Philadelphia-Camden-Wilmington, PA-NJ-DE-MD / Harrisburg-Carlisle, PA",0.0,no cell in the extract: territory at zero opportunity
ifa_pa_k4t,17325,ifa,PA,IFA,IFA_03,IFA,,42001,23900,4240981,"IFA Philadelphia-Camden-Wilmington, PA-NJ-DE-MD / Harrisburg-Carlisle, PA",1.08573,
ifa_pa_k4t,17327,ifa,PA,IFA,IFA_03,IFA,,42133,49620,4229760,"IFA Philadelphia-Camden-Wilmington, PA-NJ-DE-MD / Harrisburg-Carlisle, PA",2.82288,
ifa_pa_k4t,17329,ifa,PA,IFA,IFA_03,IFA,,42133,49620,,"IFA Philadelphia-Camden-Wilmington, PA-NJ-DE-MD / Harrisburg-Carlisle, PA",0.0,no cell in the extract: territory at zero opportunity
ifa_pa_k4t,17331,ifa,PA,IFA,IFA_03,IFA,,42133,49620,4232448,"IFA Philadelphia-Camden-Wilmington, PA-NJ-DE-MD / Harrisburg-Carlisle, PA",4.89865,
ifa_pa_k4t,17339,ifa,PA,IFA,IFA_03,IFA,,42133,49620,4242968,"IFA Philadelphia-Camden-Wilmington, PA-NJ-DE-MD / Harrisburg-Carlisle, PA",0.0,no cell in the extract: territory at zero opportunity
ifa_pa_k4t,17340,ifa,PA,IFA,IFA_03,IFA,,42001,23900,4243944,"IFA Philadelphia-Camden-Wilmington, PA-NJ-DE-MD / Harrisburg-Carlisle, PA",0.0,no cell in the extract: territory at zero opportunity
ifa_pa_k4t,17342,ifa,PA,IFA,IFA_03,IFA,,42133,49620,4244416,"IFA Philadelphia-Camden-Wilmington, PA-NJ-DE-MD / Harrisburg-Carlisle, PA",0.000343635,
ifa_pa_k4t,17343,ifa,PA,IFA,IFA_03,IFA,,42001,23900,4246312,"IFA Philadelphia-Camden-Wilmington, PA-NJ-DE-MD / Harrisburg-Carlisle, PA",0.0,no cell in the extract: territory at zero opportunity
ifa_pa_k4t,17344,ifa,PA,IFA,IFA_03,IFA,,42001,23900,4246376,"IFA Philadelphia-Camden-Wilmington, PA-NJ-DE-MD / Harrisburg-Carlisle, PA",0.0,no cell in the extract: territory at zero opportunity
ifa_pa_k4t,17345,ifa,PA,IFA,IFA_03,IFA,,42133,49620,4246864,"IFA Philadelphia-Camden-Wilmington, PA-NJ-DE-MD / Harrisburg-Carlisle, PA",0.0,no cell in the extract: territory at zero opportunity
ifa_pa_k4t,17347,ifa,PA,IFA,IFA_03,IFA,,42133,49620,4252056,"IFA Philadelphia-Camden-Wilmington, PA-NJ-DE-MD / Harrisburg-Carlisle, PA",0.0,no cell in the extract: territory at zero opportunity
ifa_pa_k4t,17349,ifa,PA,IFA,IFA_03,IFA,,42133,49620,4253568,"IFA Philadelphia-Camden-Wilmington, PA-NJ-DE-MD / Harrisburg-Carlisle, PA",0.178215,
ifa_pa_k4t,17350,ifa,PA,IFA,IFA_03,IFA,,42001,23900,4232320,"IFA Philadelphia-Camden-Wilmington, PA-NJ-DE-MD / Harrisburg-Carlisle, PA",0.0,no cell in the extract: territory at zero opportunity
ifa_pa_k4t,17352,ifa,PA,IFA,IFA_03,IFA,,42133,49620,,"IFA Philadelphia-Camden-Wilmington, PA-NJ-DE-MD / Harrisburg-Carlisle, PA",0.0,no cell in the extract: territory at zero opportunity
ifa_pa_k4t,17353,ifa,PA,IFA,IFA_03,IFA,,42001,23900,4211576,"IFA Philadelphia-Camden-Wilmington, PA-NJ-DE-MD / Harrisburg-Carlisle, PA",0.0,no cell in the extract: territory at zero opportunity
ifa_pa_k4t,17355,ifa,PA,IFA,IFA_03,IFA,,42133,49620,4263288,"IFA Philadelphia-Camden-Wilmington, PA-NJ-DE-MD / Harrisburg-Carlisle, PA",0.0,no cell in the extract: territory at zero opportunity
ifa_pa_k4t,17356,ifa,PA,IFA,IFA_03,IFA,,42133,49620,4263840,"IFA Philadelphia-Camden-Wilmington, PA-NJ-DE-MD / Harrisburg-Carlisle, PA",0.00457384,
ifa_pa_k4t,17360,ifa,PA,IFA,IFA_03,IFA,,42133,49620,4269360,"IFA Philadelphia-Camden-Wilmington, PA-NJ-DE-MD / Harrisburg-Carlisle, PA",0.0,no cell in the extract: territory at zero opportunity
ifa_pa_k4t,17361,ifa,PA,IFA,IFA_03,IFA,,42133,49620,4270568,"IFA Philadelphia-Camden-Wilmington, PA-NJ-DE-MD / Harrisburg-Carlisle, PA",3.62896,
ifa_pa_k4t,17362,ifa,PA,IFA,IFA_03,IFA,,42133,49620,4273192,"IFA Philadelphia-Camden-Wilmington, PA-NJ-DE-MD / Harrisburg-Carlisle, PA",0.355691,
ifa_pa_k4t,17363,ifa,PA,IFA,IFA_03,IFA,,42133,49620,4274104,"IFA Philadelphia-Camden-Wilmington, PA-NJ-DE-MD / Harrisburg-Carlisle, PA",0.0,no cell in the extract: territory at zero opportunity
ifa_pa_k4t,17364,ifa,PA,IFA,IFA_03,IFA,,42133,49620,,"IFA Philadelphia-Camden-Wilmington, PA-NJ-DE-MD / Harrisburg-Carlisle, PA",0.0,no cell in the extract: territory at zero opportunity
ifa_pa_k4t,17365,ifa,PA,IFA,IFA_03,IFA,,42133,49620,4282200,"IFA Philadelphia-Camden-Wilmington, PA-NJ-DE-MD / Harrisburg-Carlisle, PA",0.0,no cell in the extract: territory at zero opportunity
ifa_pa_k4t,17366,ifa,PA,IFA,IFA_03,IFA,,42133,49620,4285728,"IFA Philadelphia-Camden-Wilmington, PA-NJ-DE-MD / Harrisburg-Carlisle, PA",0.0,no cell in the extract: territory at zero opportunity
ifa_pa_k4t,17368,ifa,PA,IFA,IFA_03,IFA,,42133,49620,4286640,"IFA Philadelphia-Camden-Wilmington, PA-NJ-DE-MD / Harrisburg-Carlisle, PA",0.0,no cell in the extract: territory at zero opportunity
ifa_pa_k4t,17370,ifa,PA,IFA,IFA_03,IFA,,42133,49620,4287080,"IFA Philadelphia-Camden-Wilmington, PA-NJ-DE-MD / Harrisburg-Carlisle, PA",0.0,no cell in the extract: territory at zero opportunity
ifa_pa_k4t,17371,ifa,PA,IFA,IFA_03,IFA,,42133,49620,4254056,"IFA Philadelphia-Camden-Wilmington, PA-NJ-DE-MD / Harrisburg-Carlisle, PA",0.0,no cell in the extract: territory at zero opportunity
ifa_pa_k4t,17372,ifa,PA,IFA,IFA_03,IFA,,42001,23900,4287136,"IFA Philadelphia-Camden-Wilmington, PA-NJ-DE-MD / Harrisburg-Carlisle, PA",0.0,no cell in the extract: territory at zero opportunity
ifa_pa_k4t,17401,ifa,PA,IFA,IFA_03,IFA,,42133,49620,4287048,"IFA Philadelphia-Camden-Wilmington, PA-NJ-DE-MD / Harrisburg-Carlisle, PA",0.701404,
ifa_pa_k4t,17402,ifa,PA,IFA,IFA_03,IFA,,42133,49620,4222104,"IFA Philadelphia-Camden-Wilmington, PA-NJ-DE-MD / Harrisburg-Carlisle, PA",16.3693,
ifa_pa_k4t,17403,ifa,PA,IFA,IFA_03,IFA,,42133,49620,4230435,"IFA Philadelphia-Camden-Wilmington, PA-NJ-DE-MD / Harrisburg-Carlisle, PA",15.4287,
ifa_pa_k4t,17404,ifa,PA,IFA,IFA_03,IFA,,42133,49620,4287048,"IFA Philadelphia-Camden-Wilmington, PA-NJ-DE-MD / Harrisburg-Carlisle, PA",8.83957,
ifa_pa_k4t,17406,ifa,PA,IFA,IFA_03,IFA,,42133,49620,4261520,"IFA Philadelphia-Camden-Wilmington, PA-NJ-DE-MD / Harrisburg-Carlisle, PA",1.41402,
ifa_pa_k4t,17407,ifa,PA,IFA,IFA_03,IFA,,42133,49620,4237640,"IFA Philadelphia-Camden-Wilmington, PA-NJ-DE-MD / Harrisburg-Carlisle, PA",0.0,no cell in the extract: territory at zero opportunity
ifa_pa_k4t,17408,ifa,PA,IFA,IFA_03,IFA,,42133,49620,4270256,"IFA Philadelphia-Camden-Wilmington, PA-NJ-DE-MD / Harrisburg-Carlisle, PA",0.0,no cell in the extract: territory at zero opportunity
ifa_pa_k4t,17501,ifa,PA,IFA,IFA_03,IFA,,42071,29540,4200540,"IFA Philadelphia-Camden-Wilmington, PA-NJ-DE-MD / Harrisburg-Carlisle, PA",0.0,no cell in the extract: territory at zero opportunity
ifa_pa_k4t,17502,ifa,PA,IFA,IFA_03,IFA,,42071,29540,4203800,"IFA Philadelphia-Camden-Wilmington, PA-NJ-DE-MD / Harrisburg-Carlisle, PA",0.0,no cell in the extract: territory at zero opportunity
ifa_pa_k4t,17504,ifa,PA,IFA,IFA_03,IFA,,42071,29540,,"IFA Philadelphia-Camden-Wilmington, PA-NJ-DE-MD / Harrisburg-Carlisle, PA",0.0,no cell in the extract: territory at zero opportunity
ifa_pa_k4t,17505,ifa,PA,IFA,IFA_03,IFA,,42071,29540,4206496,"IFA Philadelphia-Camden-Wilmington, PA-NJ-DE-MD / Harrisburg-Carlisle, PA",0.0,no cell in the extract: territory at zero opportunity
ifa_pa_k4t,17506,ifa,PA,IFA,IFA_03,IFA,,42071,29540,4207208,"IFA Philadelphia-Camden-Wilmington, PA-NJ-DE-MD / Harrisburg-Carlisle, PA",0.0,no cell in the extract: territory at zero opportunity
ifa_pa_k4t,17507,ifa,PA,IFA,IFA_03,IFA,,42071,29540,4207896,"IFA Philadelphia-Camden-Wilmington, PA-NJ-DE-MD / Harrisburg-Carlisle, PA",0.0,no cell in the extract: territory at zero opportunity
ifa_pa_k4t,17508,ifa,PA,IFA,IFA_03,IFA,,42071,29540,4209416,"IFA Philadelphia-Camden-Wilmington, PA-NJ-DE-MD / Harrisburg-Carlisle, PA",0.0,no cell in the extract: territory at zero opportunity
ifa_pa_k4t,17509,ifa,PA,IFA,IFA_03,IFA,,42071,29540,4228828,"IFA Philadelphia-Camden-Wilmington, PA-NJ-DE-MD / Harrisburg-Carlisle, PA",0.0,no cell in the extract: territory at zero opportunity
ifa_pa_k4t,17512,ifa,PA,IFA,IFA_03,IFA,,42071,29540,4215384,"IFA Philadelphia-Camden-Wilmington, PA-NJ-DE-MD / Harrisburg-Carlisle, PA",0.717795,
ifa_pa_k4t,17516,ifa,PA,IFA,IFA_03,IFA,,42071,29540,4215584,"IFA Philadelphia-Camden-Wilmington, PA-NJ-DE-MD / Harrisburg-Carlisle, PA",0.0,no cell in the extract: territory at zero opportunity
ifa_pa_k4t,17517,ifa,PA,IFA,IFA_03,IFA,,42071,29540,4268200,"IFA Philadelphia-Camden-Wilmington, PA-NJ-DE-MD / Harrisburg-Carlisle, PA",0.351294,
ifa_pa_k4t,17518,ifa,PA,IFA,IFA_03,IFA,,42071,29540,,"IFA Philadelphia-Camden-Wilmington, PA-NJ-DE-MD / Harrisburg-Carlisle, PA",0.0,no cell in the extract: territory at zero opportunity
ifa_pa_k4t,17519,ifa,PA,IFA,IFA_03,IFA,,42071,29540,4230096,"IFA Philadelphia-Camden-Wilmington, PA-NJ-DE-MD / Harrisburg-Carlisle, PA",0.0,no cell in the extract: territory at zero opportunity
ifa_pa_k4t,17520,ifa,PA,IFA,IFA_03,IFA,,42071,29540,4221688,"IFA Philadelphia-Camden-Wilmington, PA-NJ-DE-MD / Harrisburg-Carlisle, PA",0.00381544,
ifa_pa_k4t,17522,ifa,PA,IFA,IFA_03,IFA,,42071,29540,4223832,"IFA Philadelphia-Camden-Wilmington, PA-NJ-DE-MD / Harrisburg-Carlisle, PA",1.29285,
ifa_pa_k4t,17527,ifa,PA,IFA,IFA_03,IFA,,42071,29540,4228376,"IFA Philadelphia-Camden-Wilmington, PA-NJ-DE-MD / Harrisburg-Carlisle, PA",0.00114545,
ifa_pa_k4t,17529,ifa,PA,IFA,IFA_03,IFA,,42071,29540,4237016,"IFA Philadelphia-Camden-Wilmington, PA-NJ-DE-MD / Harrisburg-Carlisle, PA",0.0,no cell in the extract: territory at zero opportunity
ifa_pa_k4t,17532,ifa,PA,IFA,IFA_03,IFA,,42071,29540,,"IFA Philadelphia-Camden-Wilmington, PA-NJ-DE-MD / Harrisburg-Carlisle, PA",0.0,no cell in the extract: territory at zero opportunity
ifa_pa_k4t,17534,ifa,PA,IFA,IFA_03,IFA,,42071,29540,4237016,"IFA Philadelphia-Camden-Wilmington, PA-NJ-DE-MD / Harrisburg-Carlisle, PA",0.0,no cell in the extract: territory at zero opportunity
ifa_pa_k4t,17535,ifa,PA,IFA,IFA_03,IFA,,42071,29540,4228376,"IFA Philadelphia-Camden-Wilmington, PA-NJ-DE-MD / Harrisburg-Carlisle, PA",0.0,no cell in the extract: territory at zero opportunity
ifa_pa_k4t,17536,ifa,PA,IFA,IFA_03,IFA,,42071,29540,4239944,"IFA Philadelphia-Camden-Wilmington, PA-NJ-DE-MD / Harrisburg-Carlisle, PA",0.0,no cell in the extract: territory at zero opportunity
ifa_pa_k4t,17538,ifa,PA,IFA,IFA_03,IFA,,42071,29540,4267656,"IFA Philadelphia-Camden-Wilmington, PA-NJ-DE-MD / Harrisburg-Carlisle, PA",0.0,no cell in the extract: territory at zero opportunity
ifa_pa_k4t,17540,ifa,PA,IFA,IFA_03,IFA,,42071,29540,4242776,"IFA Philadelphia-Camden-Wilmington, PA-NJ-DE-MD / Harrisburg-Carlisle, PA",0.0,no cell in the extract: territory at zero opportunity
ifa_pa_k4t,17543,ifa,PA,IFA,IFA_03,IFA,,42071,29540,4266392,"IFA Philadelphia-Camden-Wilmington, PA-NJ-DE-MD / Harrisburg-Carlisle, PA",2.48532,
ifa_pa_k4t,17545,ifa,PA,IFA,IFA_03,IFA,,42071,29540,4259344,"IFA Philadelphia-Camden-Wilmington, PA-NJ-DE-MD / Harrisburg-Carlisle, PA",0.0966922,
ifa_pa_k4t,17547,ifa,PA,IFA,IFA_03,IFA,,42071,29540,4248224,"IFA Philadelphia-Camden-Wilmington, PA-NJ-DE-MD / Harrisburg-Carlisle, PA",0.0,no cell in the extract: territory at zero opportunity
ifa_pa_k4t,17550,ifa,PA,IFA,IFA_03,IFA,,42071,29540,4248224,"IFA Philadelphia-Camden-Wilmington, PA-NJ-DE-MD / Harrisburg-Carlisle, PA",0.0,no cell in the extract: territory at zero opportunity
ifa_pa_k4t,17551,ifa,PA,IFA,IFA_03,IFA,,42071,29540,4249728,"IFA Philadelphia-Camden-Wilmington, PA-NJ-DE-MD / Harrisburg-Carlisle, PA",0.0,no cell in the extract: territory at zero opportunity
ifa_pa_k4t,17552,ifa,PA,IFA,IFA_03,IFA,,42071,29540,4251656,"IFA Philadelphia-Camden-Wilmington, PA-NJ-DE-MD / Harrisburg-Carlisle, PA",0.752479,
ifa_pa_k4t,17554,ifa,PA,IFA,IFA_03,IFA,,42071,29540,4252016,"IFA Philadelphia-Camden-Wilmington, PA-NJ-DE-MD / Harrisburg-Carlisle, PA",0.790454,
ifa_pa_k4t,17555,ifa,PA,IFA,IFA_03,IFA,,42071,29540,4213632,"IFA Philadelphia-Camden-Wilmington, PA-NJ-DE-MD / Harrisburg-Carlisle, PA",0.0,no cell in the extract: territory at zero opportunity
ifa_pa_k4t,17557,ifa,PA,IFA,IFA_03,IFA,,42071,29540,4253696,"IFA Philadelphia-Camden-Wilmington, PA-NJ-DE-MD / Harrisburg-Carlisle, PA",0.0,no cell in the extract: territory at zero opportunity
ifa_pa_k4t,17560,ifa,PA,IFA,IFA_03,IFA,,42071,29540,4264032,"IFA Philadelphia-Camden-Wilmington, PA-NJ-DE-MD / Harrisburg-Carlisle, PA",0.0,no cell in the extract: territory at zero opportunity
ifa_pa_k4t,17562,ifa,PA,IFA,IFA_03,IFA,,42071,29540,4228828,"IFA Philadelphia-Camden-Wilmington, PA-NJ-DE-MD / Harrisburg-Carlisle, PA",0.0,no cell in the extract: territory at zero opportunity
ifa_pa_k4t,17563,ifa,PA,IFA,IFA_03,IFA,,42071,29540,4280480,"IFA Philadelphia-Camden-Wilmington, PA-NJ-DE-MD / Harrisburg-Carlisle, PA",0.0,no cell in the extract: territory at zero opportunity
ifa_pa_k4t,17565,ifa,PA,IFA,IFA_03,IFA,,42071,29540,4215584,"IFA Philadelphia-Camden-Wilmington, PA-NJ-DE-MD / Harrisburg-Carlisle, PA",0.0,no cell in the extract: territory at zero opportunity
ifa_pa_k4t,17566,ifa,PA,IFA,IFA_03,IFA,,42071,29540,4263064,"IFA Philadelphia-Camden-Wilmington, PA-NJ-DE-MD / Harrisburg-Carlisle, PA",4.03073,
ifa_pa_k4t,17568,ifa,PA,IFA,IFA_03,IFA,,42071,29540,4264032,"IFA Philadelphia-Camden-Wilmington, PA-NJ-DE-MD / Harrisburg-Carlisle, PA",0.0,no cell in the extract: territory at zero opportunity
ifa_pa_k4t,17569,ifa,PA,IFA,IFA_03,IFA,,42071,29540,4264112,"IFA Philadelphia-Camden-Wilmington, PA-NJ-DE-MD / Harrisburg-Carlisle, PA",0.86569,
ifa_pa_k4t,17570,ifa,PA,IFA,IFA_03,IFA,,42071,29540,4264392,"IFA Philadelphia-Camden-Wilmington, PA-NJ-DE-MD / Harrisburg-Carlisle, PA",0.0,no cell in the extract: territory at zero opportunity
ifa_pa_k4t,17572,ifa,PA,IFA,IFA_03,IFA,,42071,29540,4265984,"IFA Philadelphia-Camden-Wilmington, PA-NJ-DE-MD / Harrisburg-Carlisle, PA",0.0,no cell in the extract: territory at zero opportunity
ifa_pa_k4t,17576,ifa,PA,IFA,IFA_03,IFA,,42071,29540,4271504,"IFA Philadelphia-Camden-Wilmington, PA-NJ-DE-MD / Harrisburg-Carlisle, PA",0.0,no cell in the extract: territory at zero opportunity
ifa_pa_k4t,17578,ifa,PA,IFA,IFA_03,IFA,,42071,29540,4263664,"IFA Philadelphia-Camden-Wilmington, PA-NJ-DE-MD / Harrisburg-Carlisle, PA",0.0,no cell in the extract: territory at zero opportunity
ifa_pa_k4t,17579,ifa,PA,IFA,IFA_03,IFA,,42071,29540,4274712,"IFA Philadelphia-Camden-Wilmington, PA-NJ-DE-MD / Harrisburg-Carlisle, PA",0.0,no cell in the extract: territory at zero opportunity
ifa_pa_k4t,17581,ifa,PA,IFA,IFA_03,IFA,,42071,29540,4276400,"IFA Philadelphia-Camden-Wilmington, PA-NJ-DE-MD / Harrisburg-Carlisle, PA",0.0,no cell in the extract: territory at zero opportunity
ifa_pa_k4t,17582,ifa,PA,IFA,IFA_03,IFA,,42071,29540,4281360,"IFA Philadelphia-Camden-Wilmington, PA-NJ-DE-MD / Harrisburg-Carlisle, PA",0.0,no cell in the extract: territory at zero opportunity
ifa_pa_k4t,17584,ifa,PA,IFA,IFA_03,IFA,,42071,29540,4285464,"IFA Philadelphia-Camden-Wilmington, PA-NJ-DE-MD / Harrisburg-Carlisle, PA",0.0,no cell in the extract: territory at zero opportunity
ifa_pa_k4t,17601,ifa,PA,IFA,IFA_03,IFA,,42071,29540,4241216,"IFA Philadelphia-Camden-Wilmington, PA-NJ-DE-MD / Harrisburg-Carlisle, PA",44.6768,
ifa_pa_k4t,17602,ifa,PA,IFA,IFA_03,IFA,,42071,29540,4241216,"IFA Philadelphia-Camden-Wilmington, PA-NJ-DE-MD / Harrisburg-Carlisle, PA",3.93162,
ifa_pa_k4t,17603,ifa,PA,IFA,IFA_03,IFA,,42071,29540,4241216,"IFA Philadelphia-Camden-Wilmington, PA-NJ-DE-MD / Harrisburg-Carlisle, PA",24.0717,
ifa_pa_k4t,17606,ifa,PA,IFA,IFA_03,IFA,,42071,29540,,"IFA Philadelphia-Camden-Wilmington, PA-NJ-DE-MD / Harrisburg-Carlisle, PA",0.0,no cell in the extract: territory at zero opportunity
ifa_pa_k4t,17701,ifa,PA,IFA,IFA_04,IFA,,42081,48700,4285312,"IFA Philadelphia-Camden-Wilmington, PA-NJ-DE-MD / Allentown-Bethlehem-Easton, PA-NJ",41.8322,
ifa_pa_k4t,17702,ifa,PA,IFA,IFA_04,IFA,,42081,48700,4272648,"IFA Philadelphia-Camden-Wilmington, PA-NJ-DE-MD / Allentown-Bethlehem-Easton, PA-NJ",0.426741,
ifa_pa_k4t,17720,ifa,PA,IFA,IFA_04,IFA,,42081,48700,,"IFA Philadelphia-Camden-Wilmington, PA-NJ-DE-MD / Allentown-Bethlehem-Easton, PA-NJ",0.0,no cell in the extract: territory at zero opportunity
ifa_pa_k4t,17721,ifa,PA,IFA,IFA_04,IFA,,42035,30820,4203632,"IFA Philadelphia-Camden-Wilmington, PA-NJ-DE-MD / Allentown-Bethlehem-Easton, PA-NJ",0.0,no cell in the extract: territory at zero opportunity
ifa_pa_k4t,17723,ifa,PA,IFA,IFA_04,IFA,,42081,48700,,"IFA Philadelphia-Camden-Wilmington, PA-NJ-DE-MD / Allentown-Bethlehem-Easton, PA-NJ",0.0,no cell in the extract: territory at zero opportunity
ifa_pa_k4t,17724,ifa,PA,IFA,IFA_04,IFA,,42015,42380,4211160,"IFA Philadelphia-Camden-Wilmington, PA-NJ-DE-MD / Allentown-Bethlehem-Easton, PA-NJ",0.0,no cell in the extract: territory at zero opportunity
ifa_pa_k4t,17727,ifa,PA,IFA,IFA_04,IFA,,42117,,,"IFA Philadelphia-Camden-Wilmington, PA-NJ-DE-MD / Allentown-Bethlehem-Easton, PA-NJ",0.0,no cell in the extract: territory at zero opportunity
ifa_pa_k4t,17728,ifa,PA,IFA,IFA_04,IFA,,42081,48700,,"IFA Philadelphia-Camden-Wilmington, PA-NJ-DE-MD / Allentown-Bethlehem-Easton, PA-NJ",0.0,no cell in the extract: territory at zero opportunity
ifa_pa_k4t,17729,ifa,PA,IFA,IFA_04,IFA,,42105,,,"IFA Philadelphia-Camden-Wilmington, PA-NJ-DE-MD / Allentown-Bethlehem-Easton, PA-NJ",0.0,no cell in the extract: territory at zero opportunity
ifa_pa_k4t,17730,ifa,PA,IFA,IFA_04,IFA,,42097,44980,4219048,"IFA Philadelphia-Camden-Wilmington, PA-NJ-DE-MD / Allentown-Bethlehem-Easton, PA-NJ",0.0,no cell in the extract: territory at zero opportunity
ifa_pa_k4t,17731,ifa,PA,IFA,IFA_04,IFA,,42113,,4220648,"IFA Philadelphia-Camden-Wilmington, PA-NJ-DE-MD / Allentown-Bethlehem-Easton, PA-NJ",0.0,no cell in the extract: territory at zero opportunity
ifa_pa_k4t,17737,ifa,PA,IFA,IFA_04,IFA,,42081,48700,4236160,"IFA Philadelphia-Camden-Wilmington, PA-NJ-DE-MD / Allentown-Bethlehem-Easton, PA-NJ",0.0,no cell in the extract: territory at zero opportunity
ifa_pa_k4t,17739,ifa,PA,IFA,IFA_04,IFA,,42081,48700,,"IFA Philadelphia-Camden-Wilmington, PA-NJ-DE-MD / Allentown-Bethlehem-Easton, PA-NJ",0.0,no cell in the extract: territory at zero opportunity
ifa_pa_k4t,17740,ifa,PA,IFA,IFA_04,IFA,,42081,48700,4263496,"IFA Philadelphia-Camden-Wilmington, PA-NJ-DE-MD / Allentown-Bethlehem-Easton, PA-NJ",0.0,no cell in the extract: territory at zero opportunity
ifa_pa_k4t,17742,ifa,PA,IFA,IFA_04,IFA,,42081,48700,,"IFA Philadelphia-Camden-Wilmington, PA-NJ-DE-MD / Allentown-Bethlehem-Easton, PA-NJ",0.0,no cell in the extract: territory at zero opportunity
ifa_pa_k4t,17744,ifa,PA,IFA,IFA_04,IFA,,42081,48700,,"IFA Philadelphia-Camden-Wilmington, PA-NJ-DE-MD / Allentown-Bethlehem-Easton, PA-NJ",0.0,no cell in the extract: territory at zero opportunity
ifa_pa_k4t,17745,ifa,PA,IFA,IFA_04,IFA,,42035,30820,4246112,"IFA Philadelphia-Camden-Wilmington, PA-NJ-DE-MD / Allentown-Bethlehem-Easton, PA-NJ",0.329476,
ifa_pa_k4t,17747,ifa,PA,IFA,IFA_04,IFA,,42035,30820,4278144,"IFA Philadelphia-Camden-Wilmington, PA-NJ-DE-MD / Allentown-Bethlehem-Easton, PA-NJ",0.0,no cell in the extract: territory at zero opportunity
ifa_pa_k4t,17748,ifa,PA,IFA,IFA_04,IFA,,42035,30820,4246112,"IFA Philadelphia-Camden-Wilmington, PA-NJ-DE-MD / Allentown-Bethlehem-Easton, PA-NJ",0.0,no cell in the extract: territory at zero opportunity
ifa_pa_k4t,17749,ifa,PA,IFA,IFA_04,IFA,,42097,44980,4246120,"IFA Philadelphia-Camden-Wilmington, PA-NJ-DE-MD / Allentown-Bethlehem-Easton, PA-NJ",0.0,no cell in the extract: territory at zero opportunity
ifa_pa_k4t,17750,ifa,PA,IFA,IFA_04,IFA,,42035,30820,4246272,"IFA Philadelphia-Camden-Wilmington, PA-NJ-DE-MD / Allentown-Bethlehem-Easton, PA-NJ",0.0,no cell in the extract: territory at zero opportunity
ifa_pa_k4t,17751,ifa,PA,IFA,IFA_04,IFA,,42035,30820,4246272,"IFA Philadelphia-Camden-Wilmington, PA-NJ-DE-MD / Allentown-Bethlehem-Easton, PA-NJ",0.0,no cell in the extract: territory at zero opportunity
ifa_pa_k4t,17752,ifa,PA,IFA,IFA_04,IFA,,42081,48700,4250632,"IFA Philadelphia-Camden-Wilmington, PA-NJ-DE-MD / Allentown-Bethlehem-Easton, PA-NJ",0.0,no cell in the extract: territory at zero opportunity
ifa_pa_k4t,17754,ifa,PA,IFA,IFA_04,IFA,,42081,48700,4250720,"IFA Philadelphia-Camden-Wilmington, PA-NJ-DE-MD / Allentown-Bethlehem-Easton, PA-NJ",2.23056,
ifa_pa_k4t,17756,ifa,PA,IFA,IFA_04,IFA,,42081,48700,4252264,"IFA Philadelphia-Camden-Wilmington, PA-NJ-DE-MD / Allentown-Bethlehem-Easton, PA-NJ",4.48665,
ifa_pa_k4t,17758,ifa,PA,IFA,IFA_04,IFA,,42113,,,"IFA Philadelphia-Camden-Wilmington, PA-NJ-DE-MD / Allentown-Bethlehem-Easton, PA-NJ",0.0,no cell in the extract: territory at zero opportunity
ifa_pa_k4t,17760,ifa,PA,IFA,IFA_04,IFA,,42035,30820,4236656,"IFA Philadelphia-Camden-Wilmington, PA-NJ-DE-MD / Allentown-Bethlehem-Easton, PA-NJ",0.0,no cell in the extract: territory at zero opportunity
ifa_pa_k4t,17762,ifa,PA,IFA,IFA_04,IFA,,42081,48700,4260136,"IFA Philadelphia-Camden-Wilmington, PA-NJ-DE-MD / Allentown-Bethlehem-Easton, PA-NJ",0.0,no cell in the extract: territory at zero opportunity
ifa_pa_k4t,17763,ifa,PA,IFA,IFA_04,IFA,,42081,48700,,"IFA Philadelphia-Camden-Wilmington, PA-NJ-DE-MD / Allentown-Bethlehem-Easton, PA-NJ",0.0,no cell in the extract: territory at zero opportunity
ifa_pa_k4t,17764,ifa,PA,IFA,IFA_04,IFA,,42035,30820,4264200,"IFA Philadelphia-Camden-Wilmington, PA-NJ-DE-MD / Allentown-Bethlehem-Easton, PA-NJ",0.0,no cell in the extract: territory at zero opportunity
ifa_pa_k4t,17765,ifa,PA,IFA,IFA_04,IFA,,42117,,,"IFA Philadelphia-Camden-Wilmington, PA-NJ-DE-MD / Allentown-Bethlehem-Easton, PA-NJ",0.0,no cell in the extract: territory at zero opportunity
ifa_pa_k4t,17768,ifa,PA,IFA,IFA_04,IFA,,42113,,,"IFA Philadelphia-Camden-Wilmington, PA-NJ-DE-MD / Allentown-Bethlehem-Easton, PA-NJ",0.0,no cell in the extract: territory at zero opportunity
ifa_pa_k4t,17769,ifa,PA,IFA,IFA_04,IFA,,42081,48700,,"IFA Philadelphia-Camden-Wilmington, PA-NJ-DE-MD / Allentown-Bethlehem-Easton, PA-NJ",0.0,no cell in the extract: territory at zero opportunity
ifa_pa_k4t,17771,ifa,PA,IFA,IFA_04,IFA,,42081,48700,,"IFA Philadelphia-Camden-Wilmington, PA-NJ-DE-MD / Allentown-Bethlehem-Easton, PA-NJ",0.0,no cell in the extract: territory at zero opportunity
ifa_pa_k4t,17772,ifa,PA,IFA,IFA_04,IFA,,42093,44980,4277832,"IFA Philadelphia-Camden-Wilmington, PA-NJ-DE-MD / Allentown-Bethlehem-Easton, PA-NJ",0.0,no cell in the extract: territory at zero opportunity
ifa_pa_k4t,17774,ifa,PA,IFA,IFA_04,IFA,,42081,48700,,"IFA Philadelphia-Camden-Wilmington, PA-NJ-DE-MD / Allentown-Bethlehem-Easton, PA-NJ",0.0,no cell in the extract: territory at zero opportunity
ifa_pa_k4t,17776,ifa,PA,IFA,IFA_04,IFA,,42081,48700,,"IFA Philadelphia-Camden-Wilmington, PA-NJ-DE-MD / Allentown-Bethlehem-Easton, PA-NJ",0.0,no cell in the extract: territory at zero opportunity
ifa_pa_k4t,17777,ifa,PA,IFA,IFA_04,IFA,,42097,44980,4219048,"IFA Philadelphia-Camden-Wilmington, PA-NJ-DE-MD / Allentown-Bethlehem-Easton, PA-NJ",0.0,no cell in the extract: territory at zero opportunity
ifa_pa_k4t,17778,ifa,PA,IFA,IFA_04,IFA,,42035,30820,,"IFA Philadelphia-Camden-Wilmington, PA-NJ-DE-MD / Allentown-Bethlehem-Easton, PA-NJ",0.0,no cell in the extract: territory at zero opportunity
ifa_pa_k4t,17779,ifa,PA,IFA,IFA_04,IFA,,42035,30820,4286472,"IFA Philadelphia-Camden-Wilmington, PA-NJ-DE-MD / Allentown-Bethlehem-Easton, PA-NJ",0.0,no cell in the extract: territory at zero opportunity
ifa_pa_k4t,17801,ifa,PA,IFA,IFA_04,IFA,,42097,44980,4271688,"IFA Philadelphia-Camden-Wilmington, PA-NJ-DE-MD / Allentown-Bethlehem-Easton, PA-NJ",0.399307,
ifa_pa_k4t,17810,ifa,PA,IFA,IFA_04,IFA,,42081,48700,4202016,"IFA Philadelphia-Camden-Wilmington, PA-NJ-DE-MD / Allentown-Bethlehem-Easton, PA-NJ",0.0,no cell in the extract: territory at zero opportunity
ifa_pa_k4t,17812,ifa,PA,IFA,IFA_03,IFA,,42109,42780,4204824,"IFA Philadelphia-Camden-Wilmington, PA-NJ-DE-MD / Harrisburg-Carlisle, PA",0.0,no cell in the extract: territory at zero opportunity
ifa_pa_k4t,17813,ifa,PA,IFA,IFA_03,IFA,,42109,42780,4277576,"IFA Philadelphia-Camden-Wilmington, PA-NJ-DE-MD / Harrisburg-Carlisle, PA",0.0,no cell in the extract: territory at zero opportunity
ifa_pa_k4t,17814,ifa,PA,IFA,IFA_04,IFA,,42037,14100,4280656,"IFA Philadelphia-Camden-Wilmington, PA-NJ-DE-MD / Allentown-Bethlehem-Easton, PA-NJ",0.0,no cell in the extract: territory at zero opportunity
ifa_pa_k4t,17815,ifa,PA,IFA,IFA_04,IFA,,42037,14100,4207128,"IFA Philadelphia-Camden-Wilmington, PA-NJ-DE-MD / Allentown-Bethlehem-Easton, PA-NJ",5.01954,
ifa_pa_k4t,17820,ifa,PA,IFA,IFA_04,IFA,,42037,14100,4255792,"IFA Philadelphia-Camden-Wilmington, PA-NJ-DE-MD / Allentown-Bethlehem-Easton, PA-NJ",0.000218789,
ifa_pa_k4t,17821,ifa,PA,IFA,IFA_04,IFA,,42093,44980,4265112,"IFA Philadelphia-Camden-Wilmington, PA-NJ-DE-MD / Allentown-Bethlehem-Easton, PA-NJ",3.20486,
ifa_pa_k4t,17822,ifa,PA,IFA,IFA_04,IFA,,42093,44980,,"IFA Philadelphia-Camden-Wilmington, PA-NJ-DE-MD / Allentown-Bethlehem-Easton, PA-NJ",0.0,no cell in the extract: territory at zero opportunity
ifa_pa_k4t,17823,ifa,PA,IFA,IFA_04,IFA,,42097,44980,,"IFA Philadelphia-Camden-Wilmington, PA-NJ-DE-MD / Allentown-Bethlehem-Easton, PA-NJ",0.0,no cell in the extract: territory at zero opportunity
ifa_pa_k4t,17824,ifa,PA,IFA,IFA_04,IFA,,42037,14100,4223472,"IFA Philadelphia-Camden-Wilmington, PA-NJ-DE-MD / Allentown-Bethlehem-Easton, PA-NJ",0.110038,
ifa_pa_k4t,17827,ifa,PA,IFA,IFA_04,IFA,,42109,42780,4227696,"IFA Philadelphia-Camden-Wilmington, PA-NJ-DE-MD / Allentown-Bethlehem-Easton, PA-NJ",0.0,no cell in the extract: territory at zero opportunity
ifa_pa_k4t,17829,ifa,PA,IFA,IFA_03,IFA,,42119,30260,4232936,"IFA Philadelphia-Camden-Wilmington, PA-NJ-DE-MD / Harrisburg-Carlisle, PA",0.0,no cell in the extract: territory at zero opportunity
ifa_pa_k4t,17830,ifa,PA,IFA,IFA_04,IFA,,42097,44980,4234080,"IFA Philadelphia-Camden-Wilmington, PA-NJ-DE-MD / Allentown-Bethlehem-Easton, PA-NJ",0.0,no cell in the extract: territory at zero opportunity
ifa_pa_k4t,17832,ifa,PA,IFA,IFA_04,IFA,,42097,44980,4247480,"IFA Philadelphia-Camden-Wilmington, PA-NJ-DE-MD / Allentown-Bethlehem-Easton, PA-NJ",0.0,no cell in the extract: territory at zero opportunity
ifa_pa_k4t,17834,ifa,PA,IFA,IFA_04,IFA,,42097,44980,4240584,"IFA Philadelphia-Camden-Wilmington, PA-NJ-DE-MD / Allentown-Bethlehem-Easton, PA-NJ",1.17793,
ifa_pa_k4t,17835,ifa,PA,IFA,IFA_03,IFA,,42119,30260,4241856,"IFA Philadelphia-Camden-Wilmington, PA-NJ-DE-MD / Harrisburg-Carlisle, PA",0.0,no cell in the extract: territory at zero opportunity
ifa_pa_k4t,17836,ifa,PA,IFA,IFA_04,IFA,,42097,44980,,"IFA Philadelphia-Camden-Wilmington, PA-NJ-DE-MD / Allentown-Bethlehem-Easton, PA-NJ",0.0,no cell in the extract: territory at zero opportunity
ifa_pa_k4t,17837,ifa,PA,IFA,IFA_04,IFA,,42119,30260,4242976,"IFA Philadelphia-Camden-Wilmington, PA-NJ-DE-MD / Allentown-Bethlehem-Easton, PA-NJ",4.29778,
ifa_pa_k4t,17840,ifa,PA,IFA,IFA_04,IFA,,42097,44980,4244240,"IFA Philadelphia-Camden-Wilmington, PA-NJ-DE-MD / Allentown-Bethlehem-Easton, PA-NJ",0.0,no cell in the extract: territory at zero opportunity
ifa_pa_k4t,17841,ifa,PA,IFA,IFA_03,IFA,,42087,30380,4245992,"IFA Philadelphia-Camden-Wilmington, PA-NJ-DE-MD / Harrisburg-Carlisle, PA",0.0,no cell in the extract: territory at zero opportunity
ifa_pa_k4t,17842,ifa,PA,IFA,IFA_03,IFA,,42109,42780,4240464,"IFA Philadelphia-Camden-Wilmington, PA-NJ-DE-MD / Harrisburg-Carlisle, PA",0.0,no cell in the extract: territory at zero opportunity
ifa_pa_k4t,17844,ifa,PA,IFA,IFA_03,IFA,,42119,30260,4249288,"IFA Philadelphia-Camden-Wilmington, PA-NJ-DE-MD / Harrisburg-Carlisle, PA",0.417612,
ifa_pa_k4t,17845,ifa,PA,IFA,IFA_03,IFA,,42119,30260,4241856,"IFA Philadelphia-Camden-Wilmington, PA-NJ-DE-MD / Harrisburg-Carlisle, PA",0.0,no cell in the extract: territory at zero opportunity
ifa_pa_k4t,17846,ifa,PA,IFA,IFA_04,IFA,,42037,14100,4249944,"IFA Philadelphia-Camden-Wilmington, PA-NJ-DE-MD / Allentown-Bethlehem-Easton, PA-NJ",0.0,no cell in the extract: territory at zero opportunity
ifa_pa_k4t,17847,ifa,PA,IFA,IFA_04,IFA,,42097,44980,4250016,"IFA Philadelphia-Camden-Wilmington, PA-NJ-DE-MD / Allentown-Bethlehem-Easton, PA-NJ",2.98712,
ifa_pa_k4t,17850,ifa,PA,IFA,IFA_04,IFA,,42097,44980,4250552,"IFA Philadelphia-Camden-Wilmington, PA-NJ-DE-MD / Allentown-Bethlehem-Easton, PA-NJ",0.0,no cell in the extract: territory at zero opportunity
ifa_pa_k4t,17851,ifa,PA,IFA,IFA_04,IFA,,42097,44980,4251496,"IFA Philadelphia-Camden-Wilmington, PA-NJ-DE-MD / Allentown-Bethlehem-Easton, PA-NJ",0.0,no cell in the extract: territory at zero opportunity
ifa_pa_k4t,17853,ifa,PA,IFA,IFA_04,IFA,,42109,42780,4251904,"IFA Philadelphia-Camden-Wilmington, PA-NJ-DE-MD / Allentown-Bethlehem-Easton, PA-NJ",0.0,no cell in the extract: territory at zero opportunity
ifa_pa_k4t,17855,ifa,PA,IFA,IFA_03,IFA,,42119,30260,4253200,"IFA Philadelphia-Camden-Wilmington, PA-NJ-DE-MD / Harrisburg-Carlisle, PA",0.0,no cell in the extract: territory at zero opportunity
ifa_pa_k4t,17856,ifa,PA,IFA,IFA_04,IFA,,42119,30260,4253432,"IFA Philadelphia-Camden-Wilmington, PA-NJ-DE-MD / Allentown-Bethlehem-Easton, PA-NJ",0.0,no cell in the extract: territory at zero opportunity
ifa_pa_k4t,17857,ifa,PA,IFA,IFA_04,IFA,,42097,44980,4255456,"IFA Philadelphia-Camden-Wilmington, PA-NJ-DE-MD / Allentown-Bethlehem-Easton, PA-NJ",0.0,no cell in the extract: territory at zero opportunity
ifa_pa_k4t,17858,ifa,PA,IFA,IFA_04,IFA,,42037,14100,,"IFA Philadelphia-Camden-Wilmington, PA-NJ-DE-MD / Allentown-Bethlehem-Easton, PA-NJ",0.0,no cell in the extract: territory at zero opportunity
ifa_pa_k4t,17859,ifa,PA,IFA,IFA_04,IFA,,42037,14100,4265872,"IFA Philadelphia-Camden-Wilmington, PA-NJ-DE-MD / Allentown-Bethlehem-Easton, PA-NJ",0.0,no cell in the extract: territory at zero opportunity
ifa_pa_k4t,17860,ifa,PA,IFA,IFA_04,IFA,,42097,44980,,"IFA Philadelphia-Camden-Wilmington, PA-NJ-DE-MD / Allentown-Bethlehem-Easton, PA-NJ",0.0,no cell in the extract: territory at zero opportunity
ifa_pa_k4t,17861,ifa,PA,IFA,IFA_03,IFA,,42109,42780,4258536,"IFA Philadelphia-Camden-Wilmington, PA-NJ-DE-MD / Harrisburg-Carlisle, PA",0.0,no cell in the extract: territory at zero opportunity
ifa_pa_k4t,17862,ifa,PA,IFA,IFA_03,IFA,,42109,42780,4259160,"IFA Philadelphia-Camden-Wilmington, PA-NJ-DE-MD / Harrisburg-Carlisle, PA",0.0,no cell in the extract: territory at zero opportunity
ifa_pa_k4t,17864,ifa,PA,IFA,IFA_04,IFA,,42109,42780,4262312,"IFA Philadelphia-Camden-Wilmington, PA-NJ-DE-MD / Allentown-Bethlehem-Easton, PA-NJ",0.0,no cell in the extract: territory at zero opportunity
ifa_pa_k4t,17865,ifa,PA,IFA,IFA_04,IFA,,42097,44980,,"IFA Philadelphia-Camden-Wilmington, PA-NJ-DE-MD / Allentown-Bethlehem-Easton, PA-NJ",0.0,no cell in the extract: territory at zero opportunity
ifa_pa_k4t,17866,ifa,PA,IFA,IFA_04,IFA,,42097,44980,4224948,"IFA Philadelphia-Camden-Wilmington, PA-NJ-DE-MD / Allentown-Bethlehem-Easton, PA-NJ",0.0,no cell in the extract: territory at zero opportunity
ifa_pa_k4t,17867,ifa,PA,IFA,IFA_04,IFA,,42097,44980,,"IFA Philadelphia-Camden-Wilmington, PA-NJ-DE-MD / Allentown-Bethlehem-Easton, PA-NJ",0.0,no cell in the extract: territory at zero opportunity
ifa_pa_k4t,17868,ifa,PA,IFA,IFA_04,IFA,,42097,44980,4265112,"IFA Philadelphia-Camden-Wilmington, PA-NJ-DE-MD / Allentown-Bethlehem-Easton, PA-NJ",0.0,no cell in the extract: territory at zero opportunity
ifa_pa_k4t,17870,ifa,PA,IFA,IFA_04,IFA,,42109,42780,4269216,"IFA Philadelphia-Camden-Wilmington, PA-NJ-DE-MD / Allentown-Bethlehem-Easton, PA-NJ",1.63842,
ifa_pa_k4t,17872,ifa,PA,IFA,IFA_04,IFA,,42097,44980,4277448,"IFA Philadelphia-Camden-Wilmington, PA-NJ-DE-MD / Allentown-Bethlehem-Easton, PA-NJ",0.0,no cell in the extract: territory at zero opportunity
ifa_pa_k4t,17876,ifa,PA,IFA,IFA_04,IFA,,42109,42780,4269616,"IFA Philadelphia-Camden-Wilmington, PA-NJ-DE-MD / Allentown-Bethlehem-Easton, PA-NJ",5.14783,
ifa_pa_k4t,17878,ifa,PA,IFA,IFA_04,IFA,,42037,14100,4274184,"IFA Philadelphia-Camden-Wilmington, PA-NJ-DE-MD / Allentown-Bethlehem-Easton, PA-NJ",0.0015909,
ifa_pa_k4t,17880,ifa,PA,IFA,IFA_03,IFA,,42119,30260,,"IFA Philadelphia-Camden-Wilmington, PA-NJ-DE-MD / Harrisburg-Carlisle, PA",0.0,no cell in the extract: territory at zero opportunity
ifa_pa_k4t,17881,ifa,PA,IFA,IFA_04,IFA,,42097,44980,4277448,"IFA Philadelphia-Camden-Wilmington, PA-NJ-DE-MD / Allentown-Bethlehem-Easton, PA-NJ",0.0,no cell in the extract: territory at zero opportunity
ifa_pa_k4t,17884,ifa,PA,IFA,IFA_04,IFA,,42093,44980,4281424,"IFA Philadelphia-Camden-Wilmington, PA-NJ-DE-MD / Allentown-Bethlehem-Easton, PA-NJ",0.0,no cell in the extract: territory at zero opportunity
ifa_pa_k4t,17885,ifa,PA,IFA,IFA_03,IFA,,42119,30260,,"IFA Philadelphia-Camden-Wilmington, PA-NJ-DE-MD / Harrisburg-Carlisle, PA",0.0,no cell in the extract: territory at zero opportunity
ifa_pa_k4t,17886,ifa,PA,IFA,IFA_04,IFA,,42119,30260,4283520,"IFA Philadelphia-Camden-Wilmington, PA-NJ-DE-MD / Allentown-Bethlehem-Easton, PA-NJ",0.0,no cell in the extract: territory at zero opportunity
ifa_pa_k4t,17887,ifa,PA,IFA,IFA_04,IFA,,42119,30260,,"IFA Philadelphia-Camden-Wilmington, PA-NJ-DE-MD / Allentown-Bethlehem-Easton, PA-NJ",0.0,no cell in the extract: territory at zero opportunity
ifa_pa_k4t,17888,ifa,PA,IFA,IFA_04,IFA,,42037,14100,4285076,"IFA Philadelphia-Camden-Wilmington, PA-NJ-DE-MD / Allentown-Bethlehem-Easton, PA-NJ",0.0,no cell in the extract: territory at zero opportunity
ifa_pa_k4t,17889,ifa,PA,IFA,IFA_04,IFA,,42109,42780,4285792,"IFA Philadelphia-Camden-Wilmington, PA-NJ-DE-MD / Allentown-Bethlehem-Easton, PA-NJ",0.0,no cell in the extract: territory at zero opportunity
ifa_pa_k4t,17901,ifa,PA,IFA,IFA_04,IFA,,42107,39060,4262432,"IFA Philadelphia-Camden-Wilmington, PA-NJ-DE-MD / Allentown-Bethlehem-Easton, PA-NJ",0.0,no cell in the extract: territory at zero opportunity
ifa_pa_k4t,17920,ifa,PA,IFA,IFA_04,IFA,,42037,14100,4202968,"IFA Philadelphia-Camden-Wilmington, PA-NJ-DE-MD / Allentown-Bethlehem-Easton, PA-NJ",0.0,no cell in the extract: territory at zero opportunity
ifa_pa_k4t,17921,ifa,PA,IFA,IFA_04,IFA,,42107,39060,4203264,"IFA Philadelphia-Camden-Wilmington, PA-NJ-DE-MD / Allentown-Bethlehem-Easton, PA-NJ",0.0,no cell in the extract: territory at zero opportunity
ifa_pa_k4t,17922,ifa,PA,IFA,IFA_04,IFA,,42107,39060,4241099,"IFA Philadelphia-Camden-Wilmington, PA-NJ-DE-MD / Allentown-Bethlehem-Easton, PA-NJ",0.0,no cell in the extract: territory at zero opportunity
ifa_pa_k4t,17923,ifa,PA,IFA,IFA_04,IFA,,42107,39060,4208208,"IFA Philadelphia-Camden-Wilmington, PA-NJ-DE-MD / Allentown-Bethlehem-Easton, PA-NJ",0.0,no cell in the extract: territory at zero opportunity
ifa_pa_k4t,17925,ifa,PA,IFA,IFA_04,IFA,,42107,39060,4208952,"IFA Philadelphia-Camden-Wilmington, PA-NJ-DE-MD / Allentown-Bethlehem-Easton, PA-NJ",0.0,no cell in the extract: territory at zero opportunity
ifa_pa_k4t,17929,ifa,PA,IFA,IFA_04,IFA,,42107,39060,4217152,"IFA Philadelphia-Camden-Wilmington, PA-NJ-DE-MD / Allentown-Bethlehem-Easton, PA-NJ",0.856191,
ifa_pa_k4t,17930,ifa,PA,IFA,IFA_04,IFA,,42107,39060,4217680,"IFA Philadelphia-Camden-Wilmington, PA-NJ-DE-MD / Allentown-Bethlehem-Easton, PA-NJ",0.0,no cell in the extract: territory at zero opportunity
ifa_pa_k4t,17931,ifa,PA,IFA,IFA_04,IFA,,42107,39060,4202144,"IFA Philadelphia-Camden-Wilmington, PA-NJ-DE-MD / Allentown-Bethlehem-Easton, PA-NJ",0.0,no cell in the extract: territory at zero opportunity
ifa_pa_k4t,17933,ifa,PA,IFA,IFA_04,IFA,,42107,39060,4227936,"IFA Philadelphia-Camden-Wilmington, PA-NJ-DE-MD / Allentown-Bethlehem-Easton, PA-NJ",0.0,no cell in the extract: territory at zero opportunity
ifa_pa_k4t,17934,ifa,PA,IFA,IFA_04,IFA,,42107,39060,4229088,"IFA Philadelphia-Camden-Wilmington, PA-NJ-DE-MD / Allentown-Bethlehem-Easton, PA-NJ",0.0,no cell in the extract: territory at zero opportunity
ifa_pa_k4t,17935,ifa,PA,IFA,IFA_04,IFA,,42107,39060,4229264,"IFA Philadelphia-Camden-Wilmington, PA-NJ-DE-MD / Allentown-Bethlehem-Easton, PA-NJ",0.0,no cell in the extract: territory at zero opportunity
ifa_pa_k4t,17936,ifa,PA,IFA,IFA_04,IFA,,42107,39060,4230128,"IFA Philadelphia-Camden-Wilmington, PA-NJ-DE-MD / Allentown-Bethlehem-Easton, PA-NJ",0.0,no cell in the extract: territory at zero opportunity
ifa_pa_k4t,17938,ifa,PA,IFA,IFA_03,IFA,,42107,39060,4233576,"IFA Philadelphia-Camden-Wilmington, PA-NJ-DE-MD / Harrisburg-Carlisle, PA",0.0,no cell in the extract: territory at zero opportunity
ifa_pa_k4t,17941,ifa,PA,IFA,IFA_04,IFA,,42107,39060,4240136,"IFA Philadelphia-Camden-Wilmington, PA-NJ-DE-MD / Allentown-Bethlehem-Easton, PA-NJ",0.0,no cell in the extract: territory at zero opportunity
ifa_pa_k4t,17943,ifa,PA,IFA,IFA_04,IFA,,42107,39060,4241904,"IFA Philadelphia-Camden-Wilmington, PA-NJ-DE-MD / Allentown-Bethlehem-Easton, PA-NJ",0.0,no cell in the extract: territory at zero opportunity
ifa_pa_k4t,17944,ifa,PA,IFA,IFA_04,IFA,,42107,39060,4244048,"IFA Philadelphia-Camden-Wilmington, PA-NJ-DE-MD / Allentown-Bethlehem-Easton, PA-NJ",0.0,no cell in the extract: territory at zero opportunity
ifa_pa_k4t,17945,ifa,PA,IFA,IFA_04,IFA,,42037,14100,4244224,"IFA Philadelphia-Camden-Wilmington, PA-NJ-DE-MD / Allentown-Bethlehem-Easton, PA-NJ",0.0,no cell in the extract: territory at zero opportunity
ifa_pa_k4t,17946,ifa,PA,IFA,IFA_04,IFA,,42107,39060,,"IFA Philadelphia-Camden-Wilmington, PA-NJ-DE-MD / Allentown-Bethlehem-Easton, PA-NJ",0.0,no cell in the extract: territory at zero opportunity
ifa_pa_k4t,17948,ifa,PA,IFA,IFA_04,IFA,,42107,39060,4246592,"IFA Philadelphia-Camden-Wilmington, PA-NJ-DE-MD / Allentown-Bethlehem-Easton, PA-NJ",0.0,no cell in the extract: territory at zero opportunity
ifa_pa_k4t,17949,ifa,PA,IFA,IFA_04,IFA,,42107,39060,4229088,"IFA Philadelphia-Camden-Wilmington, PA-NJ-DE-MD / Allentown-Bethlehem-Easton, PA-NJ",0.0,no cell in the extract: territory at zero opportunity
ifa_pa_k4t,17951,ifa,PA,IFA,IFA_04,IFA,,42107,39060,4247600,"IFA Philadelphia-Camden-Wilmington, PA-NJ-DE-MD / Allentown-Bethlehem-Easton, PA-NJ",0.0,no cell in the extract: territory at zero opportunity
ifa_pa_k4t,17952,ifa,PA,IFA,IFA_04,IFA,,42107,39060,4247960,"IFA Philadelphia-Camden-Wilmington, PA-NJ-DE-MD / Allentown-Bethlehem-Easton, PA-NJ",0.0,no cell in the extract: territory at zero opportunity
ifa_pa_k4t,17953,ifa,PA,IFA,IFA_04,IFA,,42107,39060,4249048,"IFA Philadelphia-Camden-Wilmington, PA-NJ-DE-MD / Allentown-Bethlehem-Easton, PA-NJ",0.0,no cell in the extract: territory at zero opportunity
ifa_pa_k4t,17954,ifa,PA,IFA,IFA_04,IFA,,42107,39060,4250088,"IFA Philadelphia-Camden-Wilmington, PA-NJ-DE-MD / Allentown-Bethlehem-Easton, PA-NJ",0.0,no cell in the extract: territory at zero opportunity
ifa_pa_k4t,17957,ifa,PA,IFA,IFA_03,IFA,,42107,39060,4252224,"IFA Philadelphia-Camden-Wilmington, PA-NJ-DE-MD / Harrisburg-Carlisle, PA",0.0,no cell in the extract: territory at zero opportunity
ifa_pa_k4t,17959,ifa,PA,IFA,IFA_04,IFA,,42107,39060,4253944,"IFA Philadelphia-Camden-Wilmington, PA-NJ-DE-MD / Allentown-Bethlehem-Easton, PA-NJ",0.0,no cell in the extract: territory at zero opportunity
ifa_pa_k4t,17960,ifa,PA,IFA,IFA_04,IFA,,42107,39060,4254016,"IFA Philadelphia-Camden-Wilmington, PA-NJ-DE-MD / Allentown-Bethlehem-Easton, PA-NJ",0.0,no cell in the extract: territory at zero opportunity
ifa_pa_k4t,17961,ifa,PA,IFA,IFA_04,IFA,,42107,39060,4257184,"IFA Philadelphia-Camden-Wilmington, PA-NJ-DE-MD / Allentown-Bethlehem-Easton, PA-NJ",3.25464,
ifa_pa_k4t,17963,ifa,PA,IFA,IFA_04,IFA,,42107,39060,4263536,"IFA Philadelphia-Camden-Wilmington, PA-NJ-DE-MD / Allentown-Bethlehem-Easton, PA-NJ",0.0,no cell in the extract: territory at zero opportunity
ifa_pa_k4t,17964,ifa,PA,IFA,IFA_04,IFA,,42107,39060,,"IFA Philadelphia-Camden-Wilmington, PA-NJ-DE-MD / Allentown-Bethlehem-Easton, PA-NJ",0.0,no cell in the extract: territory at zero opportunity
ifa_pa_k4t,17965,ifa,PA,IFA,IFA_04,IFA,,42107,39060,4262128,"IFA Philadelphia-Camden-Wilmington, PA-NJ-DE-MD / Allentown-Bethlehem-Easton, PA-NJ",0.0,no cell in the extract: territory at zero opportunity
ifa_pa_k4t,17967,ifa,PA,IFA,IFA_04,IFA,,42107,39060,4208240,"IFA Philadelphia-Camden-Wilmington, PA-NJ-DE-MD / Allentown-Bethlehem-Easton, PA-NJ",0.0,no cell in the extract: territory at zero opportunity
ifa_pa_k4t,17968,ifa,PA,IFA,IFA_03,IFA,,42107,39060,,"IFA Philadelphia-Camden-Wilmington, PA-NJ-DE-MD / Harrisburg-Carlisle, PA",0.0,no cell in the extract: territory at zero opportunity
ifa_pa_k4t,17970,ifa,PA,IFA,IFA_04,IFA,,42107,39060,4267224,"IFA Philadelphia-Camden-Wilmington, PA-NJ-DE-MD / Allentown-Bethlehem-Easton, PA-NJ",0.0,no cell in the extract: territory at zero opportunity
ifa_pa_k4t,17972,ifa,PA,IFA,IFA_04,IFA,,42107,39060,4227936,"IFA Philadelphia-Camden-Wilmington, PA-NJ-DE-MD / Allentown-Bethlehem-Easton, PA-NJ",0.000906814,
ifa_pa_k4t,17974,ifa,PA,IFA,IFA_04,IFA,,42107,39060,4269256,"IFA Philadelphia-Camden-Wilmington, PA-NJ-DE-MD / Allentown-Bethlehem-Easton, PA-NJ",0.0,no cell in the extract: territory at zero opportunity
ifa_pa_k4t,17976,ifa,PA,IFA,IFA_04,IFA,,42107,39060,4270056,"IFA Philadelphia-Camden-Wilmington, PA-NJ-DE-MD / Allentown-Bethlehem-Easton, PA-NJ",0.0,no cell in the extract: territory at zero opportunity
ifa_pa_k4t,17978,ifa,PA,IFA,IFA_03,IFA,,42043,25420,,"IFA Philadelphia-Camden-Wilmington, PA-NJ-DE-MD / Harrisburg-Carlisle, PA",0.0,no cell in the extract: territory at zero opportunity
ifa_pa_k4t,17979,ifa,PA,IFA,IFA_04,IFA,,42107,39060,4275272,"IFA Philadelphia-Camden-Wilmington, PA-NJ-DE-MD / Allentown-Bethlehem-Easton, PA-NJ",0.0,no cell in the extract: territory at zero opportunity
ifa_pa_k4t,17980,ifa,PA,IFA,IFA_03,IFA,,42043,25420,4257192,"IFA Philadelphia-Camden-Wilmington, PA-NJ-DE-MD / Harrisburg-Carlisle, PA",0.0,no cell in the extract: territory at zero opportunity
ifa_pa_k4t,17981,ifa,PA,IFA,IFA_03,IFA,,42107,39060,4277392,"IFA Philadelphia-Camden-Wilmington, PA-NJ-DE-MD / Harrisburg-Carlisle, PA",0.0,no cell in the extract: territory at zero opportunity
ifa_pa_k4t,17982,ifa,PA,IFA,IFA_04,IFA,,42107,39060,4277968,"IFA Philadelphia-Camden-Wilmington, PA-NJ-DE-MD / Allentown-Bethlehem-Easton, PA-NJ",0.0,no cell in the extract: territory at zero opportunity
ifa_pa_k4t,17983,ifa,PA,IFA,IFA_03,IFA,,42107,39060,4279680,"IFA Philadelphia-Camden-Wilmington, PA-NJ-DE-MD / Harrisburg-Carlisle, PA",0.0,no cell in the extract: territory at zero opportunity
ifa_pa_k4t,17985,ifa,PA,IFA,IFA_04,IFA,,42107,39060,4255808,"IFA Philadelphia-Camden-Wilmington, PA-NJ-DE-MD / Allentown-Bethlehem-Easton, PA-NJ",0.0,no cell in the extract: territory at zero opportunity
ifa_pa_k4t,18011,ifa,PA,IFA,IFA_04,IFA,,42011,39740,4200660,"IFA Philadelphia-Camden-Wilmington, PA-NJ-DE-MD / Allentown-Bethlehem-Easton, PA-NJ",1.17723,
ifa_pa_k4t,18012,ifa,PA,IFA,IFA_04,IFA,,42025,10900,,"IFA Philadelphia-Camden-Wilmington, PA-NJ-DE-MD / Allentown-Bethlehem-Easton, PA-NJ",0.0,no cell in the extract: territory at zero opportunity
ifa_pa_k4t,18013,ifa,PA,IFA,IFA_04,IFA,,42095,10900,4204032,"IFA Philadelphia-Camden-Wilmington, PA-NJ-DE-MD / Allentown-Bethlehem-Easton, PA-NJ",0.0,no cell in the extract: territory at zero opportunity
ifa_pa_k4t,18014,ifa,PA,IFA,IFA_04,IFA,,42095,10900,4204432,"IFA Philadelphia-Camden-Wilmington, PA-NJ-DE-MD / Allentown-Bethlehem-Easton, PA-NJ",0.0,no cell in the extract: territory at zero opportunity
ifa_pa_k4t,18015,ifa,PA,IFA,IFA_04,IFA,,42095,10900,4206088,"IFA Philadelphia-Camden-Wilmington, PA-NJ-DE-MD / Allentown-Bethlehem-Easton, PA-NJ",0.126473,
ifa_pa_k4t,18017,ifa,PA,IFA,IFA_04,IFA,,42095,10900,4206088,"IFA Philadelphia-Camden-Wilmington, PA-NJ-DE-MD / Allentown-Bethlehem-Easton, PA-NJ",5.29503,
ifa_pa_k4t,18018,ifa,PA,IFA,IFA_04,IFA,,42077,10900,4206088,"IFA Philadelphia-Camden-Wilmington, PA-NJ-DE-MD / Allentown-Bethlehem-Easton, PA-NJ",37.8811,
ifa_pa_k4t,18020,ifa,PA,IFA,IFA_04,IFA,,42095,10900,4249144,"IFA Philadelphia-Camden-Wilmington, PA-NJ-DE-MD / Allentown-Bethlehem-Easton, PA-NJ",4.29052,
ifa_pa_k4t,18030,ifa,PA,IFA,IFA_04,IFA,,42025,10900,4207880,"IFA Philadelphia-Camden-Wilmington, PA-NJ-DE-MD / Allentown-Bethlehem-Easton, PA-NJ",0.0,no cell in the extract: territory at zero opportunity
ifa_pa_k4t,18031,ifa,PA,IFA,IFA_04,IFA,,42077,10900,4208392,"IFA Philadelphia-Camden-Wilmington, PA-NJ-DE-MD / Allentown-Bethlehem-Easton, PA-NJ",0.0,no cell in the extract: territory at zero opportunity
ifa_pa_k4t,18032,ifa,PA,IFA,IFA_04,IFA,,42077,10900,4211720,"IFA Philadelphia-Camden-Wilmington, PA-NJ-DE-MD / Allentown-Bethlehem-Easton, PA-NJ",0.0,no cell in the extract: territory at zero opportunity
ifa_pa_k4t,18034,ifa,PA,IFA,IFA_04,IFA,,42077,10900,4218998,"IFA Philadelphia-Camden-Wilmington, PA-NJ-DE-MD / Allentown-Bethlehem-Easton, PA-NJ",13.1,
ifa_pa_k4t,18035,ifa,PA,IFA,IFA_04,IFA,,42095,10900,4213168,"IFA Philadelphia-Camden-Wilmington, PA-NJ-DE-MD / Allentown-Bethlehem-Easton, PA-NJ",0.0,no cell in the extract: territory at zero opportunity
ifa_pa_k4t,18036,ifa,PA,IFA,IFA_04,IFA,,42077,10900,4216056,"IFA Philadelphia-Camden-Wilmington, PA-NJ-DE-MD / Allentown-Bethlehem-Easton, PA-NJ",0.216595,
ifa_pa_k4t,18037,ifa,PA,IFA,IFA_04,IFA,,42077,10900,4216128,"IFA Philadelphia-Camden-Wilmington, PA-NJ-DE-MD / Allentown-Bethlehem-Easton, PA-NJ",1.09916,
ifa_pa_k4t,18038,ifa,PA,IFA,IFA_04,IFA,,42095,10900,,"IFA Philadelphia-Camden-Wilmington, PA-NJ-DE-MD / Allentown-Bethlehem-Easton, PA-NJ",0.0,no cell in the extract: territory at zero opportunity
ifa_pa_k4t,18040,ifa,PA,IFA,IFA_04,IFA,,42095,10900,4213336,"IFA Philadelphia-Camden-Wilmington, PA-NJ-DE-MD / Allentown-Bethlehem-Easton, PA-NJ",0.0,no cell in the extract: territory at zero opportunity
ifa_pa_k4t,18041,ifa,PA,IFA,IFA_04,IFA,,42091,37980,4221200,"IFA Philadelphia-Camden-Wilmington, PA-NJ-DE-MD / Allentown-Bethlehem-Easton, PA-NJ",0.0,no cell in the extract: territory at zero opportunity
ifa_pa_k4t,18042,ifa,PA,IFA,IFA_04,IFA,,42095,10900,4221648,"IFA Philadelphia-Camden-Wilmington, PA-NJ-DE-MD / Allentown-Bethlehem-Easton, PA-NJ",0.00190908,
ifa_pa_k4t,18045,ifa,PA,IFA,IFA_04,IFA,,42095,10900,4257680,"IFA Philadelphia-Camden-Wilmington, PA-NJ-DE-MD / Allentown-Bethlehem-Easton, PA-NJ",7.19249,
ifa_pa_k4t,18046,ifa,PA,IFA,IFA_04,IFA,,42077,10900,,"IFA Philadelphia-Camden-Wilmington, PA-NJ-DE-MD / Allentown-Bethlehem-Easton, PA-NJ",0.0,no cell in the extract: territory at zero opportunity
ifa_pa_k4t,18049,ifa,PA,IFA,IFA_04,IFA,,42077,10900,4223584,"IFA Philadelphia-Camden-Wilmington, PA-NJ-DE-MD / Allentown-Bethlehem-Easton, PA-NJ",6.40369,
ifa_pa_k4t,18051,ifa,PA,IFA,IFA_04,IFA,,42077,10900,,"IFA Philadelphia-Camden-Wilmington, PA-NJ-DE-MD / Allentown-Bethlehem-Easton, PA-NJ",0.846769,
ifa_pa_k4t,18052,ifa,PA,IFA,IFA_04,IFA,,42077,10900,4228144,"IFA Philadelphia-Camden-Wilmington, PA-NJ-DE-MD / Allentown-Bethlehem-Easton, PA-NJ",4.99705,
ifa_pa_k4t,18053,ifa,PA,IFA,IFA_04,IFA,,42077,10900,,"IFA Philadelphia-Camden-Wilmington, PA-NJ-DE-MD / Allentown-Bethlehem-Easton, PA-NJ",0.0,no cell in the extract: territory at zero opportunity
ifa_pa_k4t,18054,ifa,PA,IFA,IFA_04,IFA,,42091,37980,4231088,"IFA Philadelphia-Camden-Wilmington, PA-NJ-DE-MD / Allentown-Bethlehem-Easton, PA-NJ",0.0,no cell in the extract: territory at zero opportunity
ifa_pa_k4t,18055,ifa,PA,IFA,IFA_04,IFA,,42095,10900,4233744,"IFA Philadelphia-Camden-Wilmington, PA-NJ-DE-MD / Allentown-Bethlehem-Easton, PA-NJ",0.0,no cell in the extract: territory at zero opportunity
ifa_pa_k4t,18056,ifa,PA,IFA,IFA_04,IFA,,42011,39740,4234008,"IFA Philadelphia-Camden-Wilmington, PA-NJ-DE-MD / Allentown-Bethlehem-Easton, PA-NJ",0.0,no cell in the extract: territory at zero opportunity
ifa_pa_k4t,18058,ifa,PA,IFA,IFA_04,IFA,,42089,20700,4209000,"IFA Philadelphia-Camden-Wilmington, PA-NJ-DE-MD / Allentown-Bethlehem-Easton, PA-NJ",0.0,no cell in the extract: territory at zero opportunity
ifa_pa_k4t,18059,ifa,PA,IFA,IFA_04,IFA,,42077,10900,4241880,"IFA Philadelphia-Camden-Wilmington, PA-NJ-DE-MD / Allentown-Bethlehem-Easton, PA-NJ",0.0,no cell in the extract: territory at zero opportunity
ifa_pa_k4t,18062,ifa,PA,IFA,IFA_04,IFA,,42077,10900,4202416,"IFA Philadelphia-Camden-Wilmington, PA-NJ-DE-MD / Allentown-Bethlehem-Easton, PA-NJ",1.5209,
ifa_pa_k4t,18063,ifa,PA,IFA,IFA_04,IFA,,42095,10900,4247896,"IFA Philadelphia-Camden-Wilmington, PA-NJ-DE-MD / Allentown-Bethlehem-Easton, PA-NJ",0.0,no cell in the extract: territory at zero opportunity
ifa_pa_k4t,18064,ifa,PA,IFA,IFA_04,IFA,,42095,10900,4221400,"IFA Philadelphia-Camden-Wilmington, PA-NJ-DE-MD / Allentown-Bethlehem-Easton, PA-NJ",3.79994,
ifa_pa_k4t,18065,ifa,PA,IFA,IFA_04,IFA,,42077,10900,,"IFA Philadelphia-Camden-Wilmington, PA-NJ-DE-MD / Allentown-Bethlehem-Easton, PA-NJ",0.0,no cell in the extract: territory at zero opportunity
ifa_pa_k4t,18066,ifa,PA,IFA,IFA_04,IFA,,42077,10900,4254288,"IFA Philadelphia-Camden-Wilmington, PA-NJ-DE-MD / Allentown-Bethlehem-Easton, PA-NJ",0.0646304,
ifa_pa_k4t,18067,ifa,PA,IFA,IFA_04,IFA,,42095,10900,4254696,"IFA Philadelphia-Camden-Wilmington, PA-NJ-DE-MD / Allentown-Bethlehem-Easton, PA-NJ",0.0,no cell in the extract: territory at zero opportunity
ifa_pa_k4t,18069,ifa,PA,IFA,IFA_04,IFA,,42077,10900,,"IFA Philadelphia-Camden-Wilmington, PA-NJ-DE-MD / Allentown-Bethlehem-Easton, PA-NJ",0.0742476,
ifa_pa_k4t,18070,ifa,PA,IFA,IFA_04,IFA,,42091,37980,4234008,"IFA Philadelphia-Camden-Wilmington, PA-NJ-DE-MD / Allentown-Bethlehem-Easton, PA-NJ",1.19103,
ifa_pa_k4t,18071,ifa,PA,IFA,IFA_04,IFA,,42025,10900,4257696,"IFA Philadelphia-Camden-Wilmington, PA-NJ-DE-MD / Allentown-Bethlehem-Easton, PA-NJ",3.26043,
ifa_pa_k4t,18072,ifa,PA,IFA,IFA_04,IFA,,42095,10900,4258696,"IFA Philadelphia-Camden-Wilmington, PA-NJ-DE-MD / Allentown-Bethlehem-Easton, PA-NJ",0.00262499,
ifa_pa_k4t,18073,ifa,PA,IFA,IFA_04,IFA,,42091,37980,4259120,"IFA Philadelphia-Camden-Wilmington, PA-NJ-DE-MD / Allentown-Bethlehem-Easton, PA-NJ",0.0,no cell in the extract: territory at zero opportunity
ifa_pa_k4t,18074,ifa,PA,IFA,IFA_04,IFA,,42091,37980,4273312,"IFA Philadelphia-Camden-Wilmington, PA-NJ-DE-MD / Allentown-Bethlehem-Easton, PA-NJ",0.27274,
ifa_pa_k4t,18076,ifa,PA,IFA,IFA_04,IFA,,42091,37980,4263808,"IFA Philadelphia-Camden-Wilmington, PA-NJ-DE-MD / Allentown-Bethlehem-Easton, PA-NJ",0.0,no cell in the extract: territory at zero opportunity
ifa_pa_k4t,18077,ifa,PA,IFA,IFA_04,IFA,,42017,37980,4264856,"IFA Philadelphia-Camden-Wilmington, PA-NJ-DE-MD / Allentown-Bethlehem-Easton, PA-NJ",0.0,no cell in the extract: territory at zero opportunity
ifa_pa_k4t,18078,ifa,PA,IFA,IFA_04,IFA,,42077,10900,4268192,"IFA Philadelphia-Camden-Wilmington, PA-NJ-DE-MD / Allentown-Bethlehem-Easton, PA-NJ",3.68843,
ifa_pa_k4t,18079,ifa,PA,IFA,IFA_04,IFA,,42077,10900,4271080,"IFA Philadelphia-Camden-Wilmington, PA-NJ-DE-MD / Allentown-Bethlehem-Easton, PA-NJ",0.0,no cell in the extract: territory at zero opportunity
ifa_pa_k4t,18080,ifa,PA,IFA,IFA_04,IFA,,42077,10900,4271144,"IFA Philadelphia-Camden-Wilmington, PA-NJ-DE-MD / Allentown-Bethlehem-Easton, PA-NJ",0.0,no cell in the extract: territory at zero opportunity
ifa_pa_k4t,18081,ifa,PA,IFA,IFA_04,IFA,,42017,37980,,"IFA Philadelphia-Camden-Wilmington, PA-NJ-DE-MD / Allentown-Bethlehem-Easton, PA-NJ",0.0,no cell in the extract: territory at zero opportunity
ifa_pa_k4t,18083,ifa,PA,IFA,IFA_04,IFA,,42095,10900,4274232,"IFA Philadelphia-Camden-Wilmington, PA-NJ-DE-MD / Allentown-Bethlehem-Easton, PA-NJ",0.0,no cell in the extract: territory at zero opportunity
ifa_pa_k4t,18085,ifa,PA,IFA,IFA_04,IFA,,42095,10900,4276144,"IFA Philadelphia-Camden-Wilmington, PA-NJ-DE-MD / Allentown-Bethlehem-Easton, PA-NJ",0.0,no cell in the extract: territory at zero opportunity
ifa_pa_k4t,18086,ifa,PA,IFA,IFA_04,IFA,,42095,10900,,"IFA Philadelphia-Camden-Wilmington, PA-NJ-DE-MD / Allentown-Bethlehem-Easton, PA-NJ",0.0,no cell in the extract: territory at zero opportunity
ifa_pa_k4t,18087,ifa,PA,IFA,IFA_04,IFA,,42077,10900,4277488,"IFA Philadelphia-Camden-Wilmington, PA-NJ-DE-MD / Allentown-Bethlehem-Easton, PA-NJ",0.0,no cell in the extract: territory at zero opportunity
ifa_pa_k4t,18088,ifa,PA,IFA,IFA_04,IFA,,42095,10900,4213168,"IFA Philadelphia-Camden-Wilmington, PA-NJ-DE-MD / Allentown-Bethlehem-Easton, PA-NJ",0.0,no cell in the extract: territory at zero opportunity
ifa_pa_k4t,18091,ifa,PA,IFA,IFA_04,IFA,,42095,10900,4285664,"IFA Philadelphia-Camden-Wilmington, PA-NJ-DE-MD / Allentown-Bethlehem-Easton, PA-NJ",0.0,no cell in the extract: territory at zero opportunity
ifa_pa_k4t,18092,ifa,PA,IFA,IFA_04,IFA,,42077,10900,,"IFA Philadelphia-Camden-Wilmington, PA-NJ-DE-MD / Allentown-Bethlehem-Easton, PA-NJ",0.0,no cell in the extract: territory at zero opportunity
ifa_pa_k4t,18101,ifa,PA,IFA,IFA_04,IFA,,42077,10900,4202000,"IFA Philadelphia-Camden-Wilmington, PA-NJ-DE-MD / Allentown-Bethlehem-Easton, PA-NJ",3.46521,
ifa_pa_k4t,18102,ifa,PA,IFA,IFA_04,IFA,,42077,10900,4202000,"IFA Philadelphia-Camden-Wilmington, PA-NJ-DE-MD / Allentown-Bethlehem-Easton, PA-NJ",5.21317,
ifa_pa_k4t,18103,ifa,PA,IFA,IFA_04,IFA,,42077,10900,4202000,"IFA Philadelphia-Camden-Wilmington, PA-NJ-DE-MD / Allentown-Bethlehem-Easton, PA-NJ",31.4286,
ifa_pa_k4t,18104,ifa,PA,IFA,IFA_04,IFA,,42077,10900,4202000,"IFA Philadelphia-Camden-Wilmington, PA-NJ-DE-MD / Allentown-Bethlehem-Easton, PA-NJ",34.1269,
ifa_pa_k4t,18106,ifa,PA,IFA,IFA_04,IFA,,42077,10900,4282320,"IFA Philadelphia-Camden-Wilmington, PA-NJ-DE-MD / Allentown-Bethlehem-Easton, PA-NJ",13.5918,
ifa_pa_k4t,18109,ifa,PA,IFA,IFA_04,IFA,,42077,10900,4202000,"IFA Philadelphia-Camden-Wilmington, PA-NJ-DE-MD / Allentown-Bethlehem-Easton, PA-NJ",3.04301,
ifa_pa_k4t,18195,ifa,PA,IFA,IFA_04,IFA,,42077,10900,,"IFA Philadelphia-Camden-Wilmington, PA-NJ-DE-MD / Allentown-Bethlehem-Easton, PA-NJ",3.37408,
ifa_pa_k4t,18201,ifa,PA,IFA,IFA_04,IFA,,42079,42540,4233408,"IFA Philadelphia-Camden-Wilmington, PA-NJ-DE-MD / Allentown-Bethlehem-Easton, PA-NJ",0.616864,
ifa_pa_k4t,18202,ifa,PA,IFA,IFA_04,IFA,,42079,42540,4283136,"IFA Philadelphia-Camden-Wilmington, PA-NJ-DE-MD / Allentown-Bethlehem-Easton, PA-NJ",0.0,no cell in the extract: territory at zero opportunity
ifa_pa_k4t,18210,ifa,PA,IFA,IFA_04,IFA,,42025,10900,4277163,"IFA Philadelphia-Camden-Wilmington, PA-NJ-DE-MD / Allentown-Bethlehem-Easton, PA-NJ",2.67477,
ifa_pa_k4t,18211,ifa,PA,IFA,IFA_04,IFA,,42107,39060,,"IFA Philadelphia-Camden-Wilmington, PA-NJ-DE-MD / Allentown-Bethlehem-Easton, PA-NJ",0.0,no cell in the extract: territory at zero opportunity
ifa_pa_k4t,18212,ifa,PA,IFA,IFA_04,IFA,,42025,10900,,"IFA Philadelphia-Camden-Wilmington, PA-NJ-DE-MD / Allentown-Bethlehem-Easton, PA-NJ",0.0,no cell in the extract: territory at zero opportunity
ifa_pa_k4t,18214,ifa,PA,IFA,IFA_04,IFA,,42107,39060,4257968,"IFA Philadelphia-Camden-Wilmington, PA-NJ-DE-MD / Allentown-Bethlehem-Easton, PA-NJ",0.0,no cell in the extract: territory at zero opportunity
ifa_pa_k4t,18216,ifa,PA,IFA,IFA_04,IFA,,42025,10900,4204816,"IFA Philadelphia-Camden-Wilmington, PA-NJ-DE-MD / Allentown-Bethlehem-Easton, PA-NJ",0.0,no cell in the extract: territory at zero opportunity
ifa_pa_k4t,18218,ifa,PA,IFA,IFA_04,IFA,,42107,39060,4214600,"IFA Philadelphia-Camden-Wilmington, PA-NJ-DE-MD / Allentown-Bethlehem-Easton, PA-NJ",0.0,no cell in the extract: territory at zero opportunity
ifa_pa_k4t,18219,ifa,PA,IFA,IFA_04,IFA,,42079,42540,4215888,"IFA Philadelphia-Camden-Wilmington, PA-NJ-DE-MD / Allentown-Bethlehem-Easton, PA-NJ",0.0,no cell in the extract: territory at zero opportunity
ifa_pa_k4t,18220,ifa,PA,IFA,IFA_04,IFA,,42107,39060,4218664,"IFA Philadelphia-Camden-Wilmington, PA-NJ-DE-MD / Allentown-Bethlehem-Easton, PA-NJ",0.0,no cell in the extract: territory at zero opportunity
ifa_pa_k4t,18221,ifa,PA,IFA,IFA_04,IFA,,42079,42540,,"IFA Philadelphia-Camden-Wilmington, PA-NJ-DE-MD / Allentown-Bethlehem-Easton, PA-NJ",0.0,no cell in the extract: territory at zero opportunity
ifa_pa_k4t,18222,ifa,PA,IFA,IFA_04,IFA,,42079,42540,4205028,"IFA Philadelphia-Camden-Wilmington, PA-NJ-DE-MD / Allentown-Bethlehem-Easton, PA-NJ",0.915294,
ifa_pa_k4t,18223,ifa,PA,IFA,IFA_04,IFA,,42079,42540,,"IFA Philadelphia-Camden-Wilmington, PA-NJ-DE-MD / Allentown-Bethlehem-Easton, PA-NJ",0.0,no cell in the extract: territory at zero opportunity
ifa_pa_k4t,18224,ifa,PA,IFA,IFA_04,IFA,,42079,42540,4227744,"IFA Philadelphia-Camden-Wilmington, PA-NJ-DE-MD / Allentown-Bethlehem-Easton, PA-NJ",0.0,no cell in the extract: territory at zero opportunity
ifa_pa_k4t,18225,ifa,PA,IFA,IFA_04,IFA,,42079,42540,4232600,"IFA Philadelphia-Camden-Wilmington, PA-NJ-DE-MD / Allentown-Bethlehem-Easton, PA-NJ",0.0,no cell in the extract: territory at zero opportunity
ifa_pa_k4t,18229,ifa,PA,IFA,IFA_04,IFA,,42025,10900,4238200,"IFA Philadelphia-Camden-Wilmington, PA-NJ-DE-MD / Allentown-Bethlehem-Easton, PA-NJ",1.35412,
ifa_pa_k4t,18230,ifa,PA,IFA,IFA_04,IFA,,42025,10900,,"IFA Philadelphia-Camden-Wilmington, PA-NJ-DE-MD / Allentown-Bethlehem-Easton, PA-NJ",0.0,no cell in the extract: territory at zero opportunity
ifa_pa_k4t,18231,ifa,PA,IFA,IFA_04,IFA,,42107,39060,4239056,"IFA Philadelphia-Camden-Wilmington, PA-NJ-DE-MD / Allentown-Bethlehem-Easton, PA-NJ",0.0,no cell in the extract: territory at zero opportunity
ifa_pa_k4t,18232,ifa,PA,IFA,IFA_04,IFA,,42025,10900,4241464,"IFA Philadelphia-Camden-Wilmington, PA-NJ-DE-MD / Allentown-Bethlehem-Easton, PA-NJ",0.0,no cell in the extract: territory at zero opportunity
ifa_pa_k4t,18234,ifa,PA,IFA,IFA_04,IFA,,42079,42540,4241700,"IFA Philadelphia-Camden-Wilmington, PA-NJ-DE-MD / Allentown-Bethlehem-Easton, PA-NJ",0.0,no cell in the extract: territory at zero opportunity
ifa_pa_k4t,18235,ifa,PA,IFA,IFA_04,IFA,,42025,10900,4238200,"IFA Philadelphia-Camden-Wilmington, PA-NJ-DE-MD / Allentown-Bethlehem-Easton, PA-NJ",2.35602,
ifa_pa_k4t,18237,ifa,PA,IFA,IFA_04,IFA,,42107,39060,4245824,"IFA Philadelphia-Camden-Wilmington, PA-NJ-DE-MD / Allentown-Bethlehem-Easton, PA-NJ",0.0,no cell in the extract: territory at zero opportunity
ifa_pa_k4t,18239,ifa,PA,IFA,IFA_04,IFA,,42079,42540,,"IFA Philadelphia-Camden-Wilmington, PA-NJ-DE-MD / Allentown-Bethlehem-Easton, PA-NJ",0.0,no cell in the extract: territory at zero opportunity
ifa_pa_k4t,18240,ifa,PA,IFA,IFA_04,IFA,,42025,10900,4253088,"IFA Philadelphia-Camden-Wilmington, PA-NJ-DE-MD / Allentown-Bethlehem-Easton, PA-NJ",0.0,no cell in the extract: territory at zero opportunity
ifa_pa_k4t,18241,ifa,PA,IFA,IFA_04,IFA,,42079,42540,4255808,"IFA Philadelphia-Camden-Wilmington, PA-NJ-DE-MD / Allentown-Bethlehem-Easton, PA-NJ",0.0,no cell in the extract: territory at zero opportunity
ifa_pa_k4t,18242,ifa,PA,IFA,IFA_04,IFA,,42107,39060,4256816,"IFA Philadelphia-Camden-Wilmington, PA-NJ-DE-MD / Allentown-Bethlehem-Easton, PA-NJ",0.0,no cell in the extract: territory at zero opportunity
ifa_pa_k4t,18244,ifa,PA,IFA,IFA_04,IFA,,42025,10900,4258304,"IFA Philadelphia-Camden-Wilmington, PA-NJ-DE-MD / Allentown-Bethlehem-Easton, PA-NJ",0.0,no cell in the extract: territory at zero opportunity
ifa_pa_k4t,18245,ifa,PA,IFA,IFA_04,IFA,,42107,39060,,"IFA Philadelphia-Camden-Wilmington, PA-NJ-DE-MD / Allentown-Bethlehem-Easton, PA-NJ",0.0,no cell in the extract: territory at zero opportunity
ifa_pa_k4t,18246,ifa,PA,IFA,IFA_04,IFA,,42079,42540,,"IFA Philadelphia-Camden-Wilmington, PA-NJ-DE-MD / Allentown-Bethlehem-Easton, PA-NJ",0.0,no cell in the extract: territory at zero opportunity
ifa_pa_k4t,18248,ifa,PA,IFA,IFA_04,IFA,,42107,39060,4270128,"IFA Philadelphia-Camden-Wilmington, PA-NJ-DE-MD / Allentown-Bethlehem-Easton, PA-NJ",0.0,no cell in the extract: territory at zero opportunity
ifa_pa_k4t,18249,ifa,PA,IFA,IFA_04,IFA,,42079,42540,4215888,"IFA Philadelphia-Camden-Wilmington, PA-NJ-DE-MD / Allentown-Bethlehem-Easton, PA-NJ",0.0,no cell in the extract: territory at zero opportunity
ifa_pa_k4t,18250,ifa,PA,IFA,IFA_04,IFA,,42025,10900,4275248,"IFA Philadelphia-Camden-Wilmington, PA-NJ-DE-MD / Allentown-Bethlehem-Easton, PA-NJ",0.0,no cell in the extract: territory at zero opportunity
ifa_pa_k4t,18252,ifa,PA,IFA,IFA_04,IFA,,42107,39060,4276032,"IFA Philadelphia-Camden-Wilmington, PA-NJ-DE-MD / Allentown-Bethlehem-Easton, PA-NJ",4.30447,
ifa_pa_k4t,18254,ifa,PA,IFA,IFA_04,IFA,,42025,10900,4277424,"IFA Philadelphia-Camden-Wilmington, PA-NJ-DE-MD / Allentown-Bethlehem-Easton, PA-NJ",0.0,no cell in the extract: territory at zero opportunity
ifa_pa_k4t,18255,ifa,PA,IFA,IFA_04,IFA,,42025,10900,4281856,"IFA Philadelphia-Camden-Wilmington, PA-NJ-DE-MD / Allentown-Bethlehem-Easton, PA-NJ",0.0,no cell in the extract: territory at zero opportunity
ifa_pa_k4t,18256,ifa,PA,IFA,IFA_04,IFA,,42079,42540,4283720,"IFA Philadelphia-Camden-Wilmington, PA-NJ-DE-MD / Allentown-Bethlehem-Easton, PA-NJ",0.0,no cell in the extract: territory at zero opportunity
ifa_pa_k4t,18301,ifa,PA,IFA,IFA_04,IFA,,42089,20700,4221872,"IFA Philadelphia-Camden-Wilmington, PA-NJ-DE-MD / Allentown-Bethlehem-Easton, PA-NJ",0.0,no cell in the extract: territory at zero opportunity
ifa_pa_k4t,18302,ifa,PA,IFA,IFA_04,IFA,,42089,20700,4268036,"IFA Philadelphia-Camden-Wilmington, PA-NJ-DE-MD / Allentown-Bethlehem-Easton, PA-NJ",0.0,no cell in the extract: territory at zero opportunity
ifa_pa_k4t,18321,ifa,PA,IFA,IFA_04,IFA,,42089,20700,,"IFA Philadelphia-Camden-Wilmington, PA-NJ-DE-MD / Allentown-Bethlehem-Easton, PA-NJ",0.0,no cell in the extract: territory at zero opportunity
ifa_pa_k4t,18322,ifa,PA,IFA,IFA_04,IFA,,42089,20700,4209000,"IFA Philadelphia-Camden-Wilmington, PA-NJ-DE-MD / Allentown-Bethlehem-Easton, PA-NJ",0.0,no cell in the extract: territory at zero opportunity
ifa_pa_k4t,18323,ifa,PA,IFA,IFA_04,IFA,,42089,20700,4251344,"IFA Philadelphia-Camden-Wilmington, PA-NJ-DE-MD / Allentown-Bethlehem-Easton, PA-NJ",0.0,no cell in the extract: territory at zero opportunity
ifa_pa_k4t,18324,ifa,PA,IFA,IFA_04,IFA,,42103,25770,4268036,"IFA Philadelphia-Camden-Wilmington, PA-NJ-DE-MD / Allentown-Bethlehem-Easton, PA-NJ",0.0,no cell in the extract: territory at zero opportunity
ifa_pa_k4t,18325,ifa,PA,IFA,IFA_04,IFA,,42089,20700,4251344,"IFA Philadelphia-Camden-Wilmington, PA-NJ-DE-MD / Allentown-Bethlehem-Easton, PA-NJ",0.0,no cell in the extract: territory at zero opportunity
ifa_pa_k4t,18326,ifa,PA,IFA,IFA_04,IFA,,42089,20700,4251344,"IFA Philadelphia-Camden-Wilmington, PA-NJ-DE-MD / Allentown-Bethlehem-Easton, PA-NJ",0.15909,
ifa_pa_k4t,18327,ifa,PA,IFA,IFA_04,IFA,,42089,20700,4218736,"IFA Philadelphia-Camden-Wilmington, PA-NJ-DE-MD / Allentown-Bethlehem-Easton, PA-NJ",0.0,no cell in the extract: territory at zero opportunity
ifa_pa_k4t,18328,ifa,PA,IFA,IFA_04,IFA,,42103,25770,4206490,"IFA Philadelphia-Camden-Wilmington, PA-NJ-DE-MD / Allentown-Bethlehem-Easton, PA-NJ",0.0,no cell in the extract: territory at zero opportunity
ifa_pa_k4t,18330,ifa,PA,IFA,IFA_04,IFA,,42089,20700,4222680,"IFA Philadelphia-Camden-Wilmington, PA-NJ-DE-MD / Allentown-Bethlehem-Easton, PA-NJ",0.0,no cell in the extract: territory at zero opportunity
ifa_pa_k4t,18331,ifa,PA,IFA,IFA_04,IFA,,42089,20700,,"IFA Philadelphia-Camden-Wilmington, PA-NJ-DE-MD / Allentown-Bethlehem-Easton, PA-NJ",0.0,no cell in the extract: territory at zero opportunity
ifa_pa_k4t,18332,ifa,PA,IFA,IFA_04,IFA,,42089,20700,,"IFA Philadelphia-Camden-Wilmington, PA-NJ-DE-MD / Allentown-Bethlehem-Easton, PA-NJ",0.0,no cell in the extract: territory at zero opportunity
ifa_pa_k4t,18333,ifa,PA,IFA,IFA_04,IFA,,42089,20700,,"IFA Philadelphia-Camden-Wilmington, PA-NJ-DE-MD / Allentown-Bethlehem-Easton, PA-NJ",0.0,no cell in the extract: territory at zero opportunity
ifa_pa_k4t,18334,ifa,PA,IFA,IFA_04,IFA,,42089,20700,4223540,"IFA Philadelphia-Camden-Wilmington, PA-NJ-DE-MD / Allentown-Bethlehem-Easton, PA-NJ",0.0,no cell in the extract: territory at zero opportunity
ifa_pa_k4t,18335,ifa,PA,IFA,IFA_04,IFA,,42089,20700,,"IFA Philadelphia-Camden-Wilmington, PA-NJ-DE-MD / Allentown-Bethlehem-Easton, PA-NJ",0.0,no cell in the extract: territory at zero opportunity
ifa_pa_k4t,18336,ifa,PA,IFA,IFA_04,IFA,,42103,25770,4248048,"IFA Philadelphia-Camden-Wilmington, PA-NJ-DE-MD / Allentown-Bethlehem-Easton, PA-NJ",0.0,no cell in the extract: territory at zero opportunity
ifa_pa_k4t,18337,ifa,PA,IFA,IFA_04,IFA,,42103,25770,4261788,"IFA Philadelphia-Camden-Wilmington, PA-NJ-DE-MD / Allentown-Bethlehem-Easton, PA-NJ",3.53281,
ifa_pa_k4t,18340,ifa,PA,IFA,IFA_04,IFA,,42103,25770,,"IFA Philadelphia-Camden-Wilmington, PA-NJ-DE-MD / Allentown-Bethlehem-Easton, PA-NJ",0.0,no cell in the extract: territory at zero opportunity
ifa_pa_k4t,18342,ifa,PA,IFA,IFA_04,IFA,,42089,20700,4251344,"IFA Philadelphia-Camden-Wilmington, PA-NJ-DE-MD / Allentown-Bethlehem-Easton, PA-NJ",0.0,no cell in the extract: territory at zero opportunity
ifa_pa_k4t,18343,ifa,PA,IFA,IFA_04,IFA,,42095,10900,4251472,"IFA Philadelphia-Camden-Wilmington, PA-NJ-DE-MD / Allentown-Bethlehem-Easton, PA-NJ",0.0,no cell in the extract: territory at zero opportunity
ifa_pa_k4t,18344,ifa,PA,IFA,IFA_04,IFA,,42089,20700,4251912,"IFA Philadelphia-Camden-Wilmington, PA-NJ-DE-MD / Allentown-Bethlehem-Easton, PA-NJ",0.0,no cell in the extract: territory at zero opportunity
ifa_pa_k4t,18346,ifa,PA,IFA,IFA_04,IFA,,42089,20700,4261768,"IFA Philadelphia-Camden-Wilmington, PA-NJ-DE-MD / Allentown-Bethlehem-Easton, PA-NJ",0.0,no cell in the extract: territory at zero opportunity
ifa_pa_k4t,18347,ifa,PA,IFA,IFA_04,IFA,,42089,20700,4261768,"IFA Philadelphia-Camden-Wilmington, PA-NJ-DE-MD / Allentown-Bethlehem-Easton, PA-NJ",0.0,no cell in the extract: territory at zero opportunity
ifa_pa_k4t,18349,ifa,PA,IFA,IFA_04,IFA,,42089,20700,,"IFA Philadelphia-Camden-Wilmington, PA-NJ-DE-MD / Allentown-Bethlehem-Easton, PA-NJ",0.0,no cell in the extract: territory at zero opportunity
ifa_pa_k4t,18350,ifa,PA,IFA,IFA_04,IFA,,42089,20700,4261768,"IFA Philadelphia-Camden-Wilmington, PA-NJ-DE-MD / Allentown-Bethlehem-Easton, PA-NJ",0.0,no cell in the extract: territory at zero opportunity
ifa_pa_k4t,18351,ifa,PA,IFA,IFA_04,IFA,,42095,10900,4262264,"IFA Philadelphia-Camden-Wilmington, PA-NJ-DE-MD / Allentown-Bethlehem-Easton, PA-NJ",0.0,no cell in the extract: territory at zero opportunity
ifa_pa_k4t,18353,ifa,PA,IFA,IFA_04,IFA,,42089,20700,4268088,"IFA Philadelphia-Camden-Wilmington, PA-NJ-DE-MD / Allentown-Bethlehem-Easton, PA-NJ",0.487387,
ifa_pa_k4t,18354,ifa,PA,IFA,IFA_04,IFA,,42089,20700,,"IFA Philadelphia-Camden-Wilmington, PA-NJ-DE-MD / Allentown-Bethlehem-Easton, PA-NJ",14.5349,
ifa_pa_k4t,18355,ifa,PA,IFA,IFA_04,IFA,,42089,20700,,"IFA Philadelphia-Camden-Wilmington, PA-NJ-DE-MD / Allentown-Bethlehem-Easton, PA-NJ",0.0,no cell in the extract: territory at zero opportunity
ifa_pa_k4t,18356,ifa,PA,IFA,IFA_04,IFA,,42089,20700,,"IFA Philadelphia-Camden-Wilmington, PA-NJ-DE-MD / Allentown-Bethlehem-Easton, PA-NJ",0.0,no cell in the extract: territory at zero opportunity
ifa_pa_k4t,18357,ifa,PA,IFA,IFA_04,IFA,,42089,20700,,"IFA Philadelphia-Camden-Wilmington, PA-NJ-DE-MD / Allentown-Bethlehem-Easton, PA-NJ",0.0,no cell in the extract: territory at zero opportunity
ifa_pa_k4t,18360,ifa,PA,IFA,IFA_04,IFA,,42089,20700,4203008,"IFA Philadelphia-Camden-Wilmington, PA-NJ-DE-MD / Allentown-Bethlehem-Easton, PA-NJ",4.86165,
ifa_pa_k4t,18370,ifa,PA,IFA,IFA_04,IFA,,42089,20700,,"IFA Philadelphia-Camden-Wilmington, PA-NJ-DE-MD / Allentown-Bethlehem-Easton, PA-NJ",0.0,no cell in the extract: territory at zero opportunity
ifa_pa_k4t,18371,ifa,PA,IFA,IFA_04,IFA,,42103,25770,,"IFA Philadelphia-Camden-Wilmington, PA-NJ-DE-MD / Allentown-Bethlehem-Easton, PA-NJ",0.0,no cell in the extract: territory at zero opportunity
ifa_pa_k4t,18372,ifa,PA,IFA,IFA_04,IFA,,42089,20700,,"IFA Philadelphia-Camden-Wilmington, PA-NJ-DE-MD / Allentown-Bethlehem-Easton, PA-NJ",0.0,no cell in the extract: territory at zero opportunity
ifa_pa_k4t,18403,ifa,PA,IFA,IFA_04,IFA,,42069,42540,4202832,"IFA Philadelphia-Camden-Wilmington, PA-NJ-DE-MD / Allentown-Bethlehem-Easton, PA-NJ",0.790555,
ifa_pa_k4t,18405,ifa,PA,IFA,IFA_04,IFA,,42127,,4248032,"IFA Philadelphia-Camden-Wilmington, PA-NJ-DE-MD / Allentown-Bethlehem-Easton, PA-NJ",0.0,no cell in the extract: territory at zero opportunity
ifa_pa_k4t,18407,ifa,PA,IFA,IFA_04,IFA,,42069,42540,4211232,"IFA Philadelphia-Camden-Wilmington, PA-NJ-DE-MD / Allentown-Bethlehem-Easton, PA-NJ",0.0,no cell in the extract: territory at zero opportunity
ifa_pa_k4t,18411,ifa,PA,IFA,IFA_04,IFA,,42069,42540,4213480,"IFA Philadelphia-Camden-Wilmington, PA-NJ-DE-MD / Allentown-Bethlehem-Easton, PA-NJ",5.138,
ifa_pa_k4t,18413,ifa,PA,IFA,IFA_04,IFA,,42115,,,"IFA Philadelphia-Camden-Wilmington, PA-NJ-DE-MD / Allentown-Bethlehem-Easton, PA-NJ",0.0,no cell in the extract: territory at zero opportunity
ifa_pa_k4t,18414,ifa,PA,IFA,IFA_04,IFA,,42069,42540,4218088,"IFA Philadelphia-Camden-Wilmington, PA-NJ-DE-MD / Allentown-Bethlehem-Easton, PA-NJ",0.0,no cell in the extract: territory at zero opportunity
ifa_pa_k4t,18415,ifa,PA,IFA,IFA_04,IFA,,42127,,,"IFA Philadelphia-Camden-Wilmington, PA-NJ-DE-MD / Allentown-Bethlehem-Easton, PA-NJ",0.0,no cell in the extract: territory at zero opportunity
ifa_pa_k4t,18417,ifa,PA,IFA,IFA_04,IFA,,42127,,,"IFA Philadelphia-Camden-Wilmington, PA-NJ-DE-MD / Allentown-Bethlehem-Easton, PA-NJ",0.0,no cell in the extract: territory at zero opportunity
ifa_pa_k4t,18419,ifa,PA,IFA,IFA_04,IFA,,42131,42540,4241080,"IFA Philadelphia-Camden-Wilmington, PA-NJ-DE-MD / Allentown-Bethlehem-Easton, PA-NJ",0.0015909,
ifa_pa_k4t,18420,ifa,PA,IFA,IFA_04,IFA,,42069,42540,,"IFA Philadelphia-Camden-Wilmington, PA-NJ-DE-MD / Allentown-Bethlehem-Easton, PA-NJ",0.0,no cell in the extract: territory at zero opportunity
ifa_pa_k4t,18421,ifa,PA,IFA,IFA_04,IFA,,42115,,4279792,"IFA Philadelphia-Camden-Wilmington, PA-NJ-DE-MD / Allentown-Bethlehem-Easton, PA-NJ",0.0,no cell in the extract: territory at zero opportunity
ifa_pa_k4t,18424,ifa,PA,IFA,IFA_04,IFA,,42069,42540,4206236,"IFA Philadelphia-Camden-Wilmington, PA-NJ-DE-MD / Allentown-Bethlehem-Easton, PA-NJ",0.0,no cell in the extract: territory at zero opportunity
ifa_pa_k4t,18425,ifa,PA,IFA,IFA_04,IFA,,42103,25770,,"IFA Philadelphia-Camden-Wilmington, PA-NJ-DE-MD / Allentown-Bethlehem-Easton, PA-NJ",0.0,no cell in the extract: territory at zero opportunity
ifa_pa_k4t,18426,ifa,PA,IFA,IFA_04,IFA,,42103,25770,4241076,"IFA Philadelphia-Camden-Wilmington, PA-NJ-DE-MD / Allentown-Bethlehem-Easton, PA-NJ",0.0,no cell in the extract: territory at zero opportunity
ifa_pa_k4t,18428,ifa,PA,IFA,IFA_04,IFA,,42103,25770,4233772,"IFA Philadelphia-Camden-Wilmington, PA-NJ-DE-MD / Allentown-Bethlehem-Easton, PA-NJ",6.92055,
ifa_pa_k4t,18430,ifa,PA,IFA,IFA_04,IFA,,42115,,,"IFA Philadelphia-Camden-Wilmington, PA-NJ-DE-MD / Allentown-Bethlehem-Easton, PA-NJ",0.0,no cell in the extract: territory at zero opportunity
ifa_pa_k4t,18431,ifa,PA,IFA,IFA_04,IFA,,42127,,4235520,"IFA Philadelphia-Camden-Wilmington, PA-NJ-DE-MD / Allentown-Bethlehem-Easton, PA-NJ",10.4977,
ifa_pa_k4t,18433,ifa,PA,IFA,IFA_04,IFA,,42069,42540,4248176,"IFA Philadelphia-Camden-Wilmington, PA-NJ-DE-MD / Allentown-Bethlehem-Easton, PA-NJ",0.30096,
ifa_pa_k4t,18434,ifa,PA,IFA,IFA_04,IFA,,42069,42540,4238160,"IFA Philadelphia-Camden-Wilmington, PA-NJ-DE-MD / Allentown-Bethlehem-Easton, PA-NJ",0.0,no cell in the extract: territory at zero opportunity
ifa_pa_k4t,18435,ifa,PA,IFA,IFA_04,IFA,,42103,25770,4248032,"IFA Philadelphia-Camden-Wilmington, PA-NJ-DE-MD / Allentown-Bethlehem-Easton, PA-NJ",0.959457,
ifa_pa_k4t,18436,ifa,PA,IFA,IFA_04,IFA,,42127,,4251536,"IFA Philadelphia-Camden-Wilmington, PA-NJ-DE-MD / Allentown-Bethlehem-Easton, PA-NJ",1.62928,
ifa_pa_k4t,18437,ifa,PA,IFA,IFA_04,IFA,,42127,,,"IFA Philadelphia-Camden-Wilmington, PA-NJ-DE-MD / Allentown-Bethlehem-Easton, PA-NJ",0.0,no cell in the extract: territory at zero opportunity
ifa_pa_k4t,18438,ifa,PA,IFA,IFA_04,IFA,,42127,,,"IFA Philadelphia-Camden-Wilmington, PA-NJ-DE-MD / Allentown-Bethlehem-Easton, PA-NJ",0.0,no cell in the extract: territory at zero opportunity
ifa_pa_k4t,18439,ifa,PA,IFA,IFA_04,IFA,,42127,,,"IFA Philadelphia-Camden-Wilmington, PA-NJ-DE-MD / Allentown-Bethlehem-Easton, PA-NJ",0.687241,
ifa_pa_k4t,18440,ifa,PA,IFA,IFA_04,IFA,,42069,42540,,"IFA Philadelphia-Camden-Wilmington, PA-NJ-DE-MD / Allentown-Bethlehem-Easton, PA-NJ",0.0,no cell in the extract: territory at zero opportunity
ifa_pa_k4t,18441,ifa,PA,IFA,IFA_04,IFA,,42115,,,"IFA Philadelphia-Camden-Wilmington, PA-NJ-DE-MD / Allentown-Bethlehem-Easton, PA-NJ",0.0,no cell in the extract: territory at zero opportunity
ifa_pa_k4t,18443,ifa,PA,IFA,IFA_04,IFA,,42127,,,"IFA Philadelphia-Camden-Wilmington, PA-NJ-DE-MD / Allentown-Bethlehem-Easton, PA-NJ",0.00397725,
ifa_pa_k4t,18444,ifa,PA,IFA,IFA_04,IFA,,42069,42540,4251208,"IFA Philadelphia-Camden-Wilmington, PA-NJ-DE-MD / Allentown-Bethlehem-Easton, PA-NJ",1.01805,
ifa_pa_k4t,18445,ifa,PA,IFA,IFA_04,IFA,,42127,,4261774,"IFA Philadelphia-Camden-Wilmington, PA-NJ-DE-MD / Allentown-Bethlehem-Easton, PA-NJ",0.0,no cell in the extract: territory at zero opportunity
ifa_pa_k4t,18446,ifa,PA,IFA,IFA_04,IFA,,42115,,4254400,"IFA Philadelphia-Camden-Wilmington, PA-NJ-DE-MD / Allentown-Bethlehem-Easton, PA-NJ",0.0,no cell in the extract: territory at zero opportunity
ifa_pa_k4t,18447,ifa,PA,IFA,IFA_04,IFA,,42069,42540,4256792,"IFA Philadelphia-Camden-Wilmington, PA-NJ-DE-MD / Allentown-Bethlehem-Easton, PA-NJ",0.0238635,
ifa_pa_k4t,18451,ifa,PA,IFA,IFA_04,IFA,,42103,25770,,"IFA Philadelphia-Camden-Wilmington, PA-NJ-DE-MD / Allentown-Bethlehem-Easton, PA-NJ",0.0,no cell in the extract: territory at zero opportunity
ifa_pa_k4t,18452,ifa,PA,IFA,IFA_04,IFA,,42069,42540,4206928,"IFA Philadelphia-Camden-Wilmington, PA-NJ-DE-MD / Allentown-Bethlehem-Easton, PA-NJ",4.21248,
ifa_pa_k4t,18453,ifa,PA,IFA,IFA_04,IFA,,42127,,,"IFA Philadelphia-Camden-Wilmington, PA-NJ-DE-MD / Allentown-Bethlehem-Easton, PA-NJ",0.0,no cell in the extract: territory at zero opportunity
ifa_pa_k4t,18454,ifa,PA,IFA,IFA_04,IFA,,42127,,,"IFA Philadelphia-Camden-Wilmington, PA-NJ-DE-MD / Allentown-Bethlehem-Easton, PA-NJ",0.0,no cell in the extract: territory at zero opportunity
ifa_pa_k4t,18455,ifa,PA,IFA,IFA_04,IFA,,42127,,,"IFA Philadelphia-Camden-Wilmington, PA-NJ-DE-MD / Allentown-Bethlehem-Easton, PA-NJ",0.0,no cell in the extract: territory at zero opportunity
ifa_pa_k4t,18456,ifa,PA,IFA,IFA_04,IFA,,42127,,4262744,"IFA Philadelphia-Camden-Wilmington, PA-NJ-DE-MD / Allentown-Bethlehem-Easton, PA-NJ",0.0,no cell in the extract: territory at zero opportunity
ifa_pa_k4t,18457,ifa,PA,IFA,IFA_04,IFA,,42103,25770,,"IFA Philadelphia-Camden-Wilmington, PA-NJ-DE-MD / Allentown-Bethlehem-Easton, PA-NJ",0.0,no cell in the extract: territory at zero opportunity
ifa_pa_k4t,18458,ifa,PA,IFA,IFA_04,IFA,,42103,25770,,"IFA Philadelphia-Camden-Wilmington, PA-NJ-DE-MD / Allentown-Bethlehem-Easton, PA-NJ",0.0,no cell in the extract: territory at zero opportunity
ifa_pa_k4t,18460,ifa,PA,IFA,IFA_04,IFA,,42127,,,"IFA Philadelphia-Camden-Wilmington, PA-NJ-DE-MD / Allentown-Bethlehem-Easton, PA-NJ",0.0,no cell in the extract: territory at zero opportunity
ifa_pa_k4t,18461,ifa,PA,IFA,IFA_04,IFA,,42127,,,"IFA Philadelphia-Camden-Wilmington, PA-NJ-DE-MD / Allentown-Bethlehem-Easton, PA-NJ",0.0,no cell in the extract: territory at zero opportunity
ifa_pa_k4t,18462,ifa,PA,IFA,IFA_04,IFA,,42127,,4273784,"IFA Philadelphia-Camden-Wilmington, PA-NJ-DE-MD / Allentown-Bethlehem-Easton, PA-NJ",0.0,no cell in the extract: territory at zero opportunity
ifa_pa_k4t,18463,ifa,PA,IFA,IFA_04,IFA,,42127,,,"IFA Philadelphia-Camden-Wilmington, PA-NJ-DE-MD / Allentown-Bethlehem-Easton, PA-NJ",0.0,no cell in the extract: territory at zero opportunity
ifa_pa_k4t,18464,ifa,PA,IFA,IFA_04,IFA,,42103,25770,,"IFA Philadelphia-Camden-Wilmington, PA-NJ-DE-MD / Allentown-Bethlehem-Easton, PA-NJ",0.0,no cell in the extract: territory at zero opportunity
ifa_pa_k4t,18465,ifa,PA,IFA,IFA_04,IFA,,42115,,4276496,"IFA Philadelphia-Camden-Wilmington, PA-NJ-DE-MD / Allentown-Bethlehem-Easton, PA-NJ",0.0,no cell in the extract: territory at zero opportunity
ifa_pa_k4t,18466,ifa,PA,IFA,IFA_04,IFA,,42089,20700,,"IFA Philadelphia-Camden-Wilmington, PA-NJ-DE-MD / Allentown-Bethlehem-Easton, PA-NJ",0.0,no cell in the extract: territory at zero opportunity
ifa_pa_k4t,18469,ifa,PA,IFA,IFA_04,IFA,,42127,,,"IFA Philadelphia-Camden-Wilmington, PA-NJ-DE-MD / Allentown-Bethlehem-Easton, PA-NJ",0.0,no cell in the extract: territory at zero opportunity
ifa_pa_k4t,18470,ifa,PA,IFA,IFA_04,IFA,,42115,,4278456,"IFA Philadelphia-Camden-Wilmington, PA-NJ-DE-MD / Allentown-Bethlehem-Easton, PA-NJ",0.606047,
ifa_pa_k4t,18471,ifa,PA,IFA,IFA_04,IFA,,42069,42540,4281664,"IFA Philadelphia-Camden-Wilmington, PA-NJ-DE-MD / Allentown-Bethlehem-Easton, PA-NJ",0.0,no cell in the extract: territory at zero opportunity
ifa_pa_k4t,18472,ifa,PA,IFA,IFA_04,IFA,,42127,,4281712,"IFA Philadelphia-Camden-Wilmington, PA-NJ-DE-MD / Allentown-Bethlehem-Easton, PA-NJ",0.0,no cell in the extract: territory at zero opportunity
ifa_pa_k4t,18473,ifa,PA,IFA,IFA_04,IFA,,42127,,4284696,"IFA Philadelphia-Camden-Wilmington, PA-NJ-DE-MD / Allentown-Bethlehem-Easton, PA-NJ",0.0,no cell in the extract: territory at zero opportunity
ifa_pa_k4t,18503,ifa,PA,IFA,IFA_04,IFA,,42069,42540,4269000,"IFA Philadelphia-Camden-Wilmington, PA-NJ-DE-MD / Allentown-Bethlehem-Easton, PA-NJ",1.25911,
ifa_pa_k4t,18504,ifa,PA,IFA,IFA_04,IFA,,42069,42540,4269000,"IFA Philadelphia-Camden-Wilmington, PA-NJ-DE-MD / Allentown-Bethlehem-Easton, PA-NJ",0.263466,
ifa_pa_k4t,18505,ifa,PA,IFA,IFA_04,IFA,,42069,42540,4269000,"IFA Philadelphia-Camden-Wilmington, PA-NJ-DE-MD / Allentown-Bethlehem-Easton, PA-NJ",0.0,no cell in the extract: territory at zero opportunity
ifa_pa_k4t,18507,ifa,PA,IFA,IFA_04,IFA,,42069,42540,4250880,"IFA Philadelphia-Camden-Wilmington, PA-NJ-DE-MD / Allentown-Bethlehem-Easton, PA-NJ",29.0653,
ifa_pa_k4t,18508,ifa,PA,IFA,IFA_04,IFA,,42069,42540,4269000,"IFA Philadelphia-Camden-Wilmington, PA-NJ-DE-MD / Allentown-Bethlehem-Easton, PA-NJ",0.0,no cell in the extract: territory at zero opportunity
ifa_pa_k4t,18509,ifa,PA,IFA,IFA_04,IFA,,42069,42540,4269000,"IFA Philadelphia-Camden-Wilmington, PA-NJ-DE-MD / Allentown-Bethlehem-Easton, PA-NJ",0.0966189,
ifa_pa_k4t,18510,ifa,PA,IFA,IFA_04,IFA,,42069,42540,4269000,"IFA Philadelphia-Camden-Wilmington, PA-NJ-DE-MD / Allentown-Bethlehem-Easton, PA-NJ",0.0,no cell in the extract: territory at zero opportunity
ifa_pa_k4t,18512,ifa,PA,IFA,IFA_04,IFA,,42069,42540,4220352,"IFA Philadelphia-Camden-Wilmington, PA-NJ-DE-MD / Allentown-Bethlehem-Easton, PA-NJ",0.409053,
ifa_pa_k4t,18517,ifa,PA,IFA,IFA_04,IFA,,42069,42540,4276184,"IFA Philadelphia-Camden-Wilmington, PA-NJ-DE-MD / Allentown-Bethlehem-Easton, PA-NJ",0.0,no cell in the extract: territory at zero opportunity
ifa_pa_k4t,18518,ifa,PA,IFA,IFA_04,IFA,,42069,42540,4256576,"IFA Philadelphia-Camden-Wilmington, PA-NJ-DE-MD / Allentown-Bethlehem-Easton, PA-NJ",0.0,no cell in the extract: territory at zero opportunity
ifa_pa_k4t,18519,ifa,PA,IFA,IFA_04,IFA,,42069,42540,4219160,"IFA Philadelphia-Camden-Wilmington, PA-NJ-DE-MD / Allentown-Bethlehem-Easton, PA-NJ",0.0,no cell in the extract: territory at zero opportunity
ifa_pa_k4t,18602,ifa,PA,IFA,IFA_04,IFA,,42079,42540,4204599,"IFA Philadelphia-Camden-Wilmington, PA-NJ-DE-MD / Allentown-Bethlehem-Easton, PA-NJ",0.0,no cell in the extract: territory at zero opportunity
ifa_pa_k4t,18603,ifa,PA,IFA,IFA_04,IFA,,42037,14100,4205888,"IFA Philadelphia-Camden-Wilmington, PA-NJ-DE-MD / Allentown-Bethlehem-Easton, PA-NJ",5.11974,
ifa_pa_k4t,18610,ifa,PA,IFA,IFA_04,IFA,,42089,20700,4270652,"IFA Philadelphia-Camden-Wilmington, PA-NJ-DE-MD / Allentown-Bethlehem-Easton, PA-NJ",0.0,no cell in the extract: territory at zero opportunity
ifa_pa_k4t,18612,ifa,PA,IFA,IFA_04,IFA,,42079,42540,4218048,"IFA Philadelphia-Camden-Wilmington, PA-NJ-DE-MD / Allentown-Bethlehem-Easton, PA-NJ",0.00516884,
ifa_pa_k4t,18614,ifa,PA,IFA,IFA_04,IFA,,42113,,4220528,"IFA Philadelphia-Camden-Wilmington, PA-NJ-DE-MD / Allentown-Bethlehem-Easton, PA-NJ",1.03281,
ifa_pa_k4t,18615,ifa,PA,IFA,IFA_04,IFA,,42131,42540,4282952,"IFA Philadelphia-Camden-Wilmington, PA-NJ-DE-MD / Allentown-Bethlehem-Easton, PA-NJ",0.0,no cell in the extract: territory at zero opportunity
ifa_pa_k4t,18616,ifa,PA,IFA,IFA_04,IFA,,42113,,4226760,"IFA Philadelphia-Camden-Wilmington, PA-NJ-DE-MD / Allentown-Bethlehem-Easton, PA-NJ",0.0,no cell in the extract: territory at zero opportunity
ifa_pa_k4t,18617,ifa,PA,IFA,IFA_04,IFA,,42079,42540,4229680,"IFA Philadelphia-Camden-Wilmington, PA-NJ-DE-MD / Allentown-Bethlehem-Easton, PA-NJ",0.0,no cell in the extract: territory at zero opportunity
ifa_pa_k4t,18618,ifa,PA,IFA,IFA_04,IFA,,42079,42540,4233000,"IFA Philadelphia-Camden-Wilmington, PA-NJ-DE-MD / Allentown-Bethlehem-Easton, PA-NJ",0.0,no cell in the extract: territory at zero opportunity
ifa_pa_k4t,18619,ifa,PA,IFA,IFA_04,IFA,,42113,,,"IFA Philadelphia-Camden-Wilmington, PA-NJ-DE-MD / Allentown-Bethlehem-Easton, PA-NJ",0.0,no cell in the extract: territory at zero opportunity
ifa_pa_k4t,18621,ifa,PA,IFA,IFA_04,IFA,,42079,42540,4270704,"IFA Philadelphia-Camden-Wilmington, PA-NJ-DE-MD / Allentown-Bethlehem-Easton, PA-NJ",0.0,no cell in the extract: territory at zero opportunity
ifa_pa_k4t,18622,ifa,PA,IFA,IFA_04,IFA,,42079,42540,,"IFA Philadelphia-Camden-Wilmington, PA-NJ-DE-MD / Allentown-Bethlehem-Easton, PA-NJ",0.0,no cell in the extract: territory at zero opportunity
ifa_pa_k4t,18623,ifa,PA,IFA,IFA_04,IFA,,42015,42380,4240744,"IFA Philadelphia-Camden-Wilmington, PA-NJ-DE-MD / Allentown-Bethlehem-Easton, PA-NJ",0.0,no cell in the extract: territory at zero opportunity
ifa_pa_k4t,18624,ifa,PA,IFA,IFA_04,IFA,,42025,10900,,"IFA Philadelphia-Camden-Wilmington, PA-NJ-DE-MD / Allentown-Bethlehem-Easton, PA-NJ",0.0,no cell in the extract: territory at zero opportunity
ifa_pa_k4t,18625,ifa,PA,IFA,IFA_04,IFA,,42131,42540,4241080,"IFA Philadelphia-Camden-Wilmington, PA-NJ-DE-MD / Allentown-Bethlehem-Easton, PA-NJ",0.0,no cell in the extract: territory at zero opportunity
ifa_pa_k4t,18626,ifa,PA,IFA,IFA_04,IFA,,42113,,4241512,"IFA Philadelphia-Camden-Wilmington, PA-NJ-DE-MD / Allentown-Bethlehem-Easton, PA-NJ",0.0,no cell in the extract: territory at zero opportunity
ifa_pa_k4t,18627,ifa,PA,IFA,IFA_04,IFA,,42079,42540,,"IFA Philadelphia-Camden-Wilmington, PA-NJ-DE-MD / Allentown-Bethlehem-Easton, PA-NJ",0.0,no cell in the extract: territory at zero opportunity
ifa_pa_k4t,18628,ifa,PA,IFA,IFA_04,IFA,,42113,,,"IFA Philadelphia-Camden-Wilmington, PA-NJ-DE-MD / Allentown-Bethlehem-Easton, PA-NJ",0.0,no cell in the extract: territory at zero opportunity
ifa_pa_k4t,18629,ifa,PA,IFA,IFA_04,IFA,,42131,42540,4248520,"IFA Philadelphia-Camden-Wilmington, PA-NJ-DE-MD / Allentown-Bethlehem-Easton, PA-NJ",0.0,no cell in the extract: territory at zero opportunity
ifa_pa_k4t,18630,ifa,PA,IFA,IFA_04,IFA,,42115,,4248856,"IFA Philadelphia-Camden-Wilmington, PA-NJ-DE-MD / Allentown-Bethlehem-Easton, PA-NJ",0.0,no cell in the extract: territory at zero opportunity
ifa_pa_k4t,18631,ifa,PA,IFA,IFA_04,IFA,,42037,14100,4249312,"IFA Philadelphia-Camden-Wilmington, PA-NJ-DE-MD / Allentown-Bethlehem-Easton, PA-NJ",0.0690691,
ifa_pa_k4t,18632,ifa,PA,IFA,IFA_04,IFA,,42113,,4249344,"IFA Philadelphia-Camden-Wilmington, PA-NJ-DE-MD / Allentown-Bethlehem-Easton, PA-NJ",0.0,no cell in the extract: territory at zero opportunity
ifa_pa_k4t,18634,ifa,PA,IFA,IFA_04,IFA,,42079,42540,4252584,"IFA Philadelphia-Camden-Wilmington, PA-NJ-DE-MD / Allentown-Bethlehem-Easton, PA-NJ",0.0,no cell in the extract: territory at zero opportunity
ifa_pa_k4t,18635,ifa,PA,IFA,IFA_04,IFA,,42079,42540,4252984,"IFA Philadelphia-Camden-Wilmington, PA-NJ-DE-MD / Allentown-Bethlehem-Easton, PA-NJ",0.0,no cell in the extract: territory at zero opportunity
ifa_pa_k4t,18636,ifa,PA,IFA,IFA_04,IFA,,42131,42540,4255728,"IFA Philadelphia-Camden-Wilmington, PA-NJ-DE-MD / Allentown-Bethlehem-Easton, PA-NJ",0.0,no cell in the extract: territory at zero opportunity
ifa_pa_k4t,18640,ifa,PA,IFA,IFA_04,IFA,,42079,42540,4261048,"IFA Philadelphia-Camden-Wilmington, PA-NJ-DE-MD / Allentown-Bethlehem-Easton, PA-NJ",1.3013,
ifa_pa_k4t,18641,ifa,PA,IFA,IFA_04,IFA,,42079,42540,4220424,"IFA Philadelphia-Camden-Wilmington, PA-NJ-DE-MD / Allentown-Bethlehem-Easton, PA-NJ",0.0,no cell in the extract: territory at zero opportunity
ifa_pa_k4t,18642,ifa,PA,IFA,IFA_04,IFA,,42079,42540,4220512,"IFA Philadelphia-Camden-Wilmington, PA-NJ-DE-MD / Allentown-Bethlehem-Easton, PA-NJ",0.0,no cell in the extract: territory at zero opportunity
ifa_pa_k4t,18643,ifa,PA,IFA,IFA_04,IFA,,42079,42540,4224392,"IFA Philadelphia-Camden-Wilmington, PA-NJ-DE-MD / Allentown-Bethlehem-Easton, PA-NJ",0.0,no cell in the extract: territory at zero opportunity
ifa_pa_k4t,18644,ifa,PA,IFA,IFA_04,IFA,,42079,42540,4284272,"IFA Philadelphia-Camden-Wilmington, PA-NJ-DE-MD / Allentown-Bethlehem-Easton, PA-NJ",0.0,no cell in the extract: territory at zero opportunity
ifa_pa_k4t,18651,ifa,PA,IFA,IFA_04,IFA,,42079,42540,4241608,"IFA Philadelphia-Camden-Wilmington, PA-NJ-DE-MD / Allentown-Bethlehem-Easton, PA-NJ",0.0,no cell in the extract: territory at zero opportunity
ifa_pa_k4t,18655,ifa,PA,IFA,IFA_04,IFA,,42079,42540,4250208,"IFA Philadelphia-Camden-Wilmington, PA-NJ-DE-MD / Allentown-Bethlehem-Easton, PA-NJ",0.0,no cell in the extract: territory at zero opportunity
ifa_pa_k4t,18656,ifa,PA,IFA,IFA_04,IFA,,42079,42540,,"IFA Philadelphia-Camden-Wilmington, PA-NJ-DE-MD / Allentown-Bethlehem-Easton, PA-NJ",0.0,no cell in the extract: territory at zero opportunity
ifa_pa_k4t,18657,ifa,PA,IFA,IFA_04,IFA,,42131,42540,4277784,"IFA Philadelphia-Camden-Wilmington, PA-NJ-DE-MD / Allentown-Bethlehem-Easton, PA-NJ",0.384966,
ifa_pa_k4t,18660,ifa,PA,IFA,IFA_04,IFA,,42079,42540,4252984,"IFA Philadelphia-Camden-Wilmington, PA-NJ-DE-MD / Allentown-Bethlehem-Easton, PA-NJ",1.60626,
ifa_pa_k4t,18661,ifa,PA,IFA,IFA_04,IFA,,42079,42540,4259054,"IFA Philadelphia-Camden-Wilmington, PA-NJ-DE-MD / Allentown-Bethlehem-Easton, PA-NJ",0.0,no cell in the extract: territory at zero opportunity
ifa_pa_k4t,18701,ifa,PA,IFA,IFA_04,IFA,,42079,42540,4285152,"IFA Philadelphia-Camden-Wilmington, PA-NJ-DE-MD / Allentown-Bethlehem-Easton, PA-NJ",0.0,no cell in the extract: territory at zero opportunity
ifa_pa_k4t,18702,ifa,PA,IFA,IFA_04,IFA,,42079,42540,4285152,"IFA Philadelphia-Camden-Wilmington, PA-NJ-DE-MD / Allentown-Bethlehem-Easton, PA-NJ",2.14566,
ifa_pa_k4t,18704,ifa,PA,IFA,IFA_04,IFA,,42079,42540,4275832,"IFA Philadelphia-Camden-Wilmington, PA-NJ-DE-MD / Allentown-Bethlehem-Easton, PA-NJ",7.47262,
ifa_pa_k4t,18705,ifa,PA,IFA,IFA_04,IFA,,42079,42540,4285152,"IFA Philadelphia-Camden-Wilmington, PA-NJ-DE-MD / Allentown-Bethlehem-Easton, PA-NJ",2.46144,
ifa_pa_k4t,18706,ifa,PA,IFA,IFA_04,IFA,,42079,42540,4241848,"IFA Philadelphia-Camden-Wilmington, PA-NJ-DE-MD / Allentown-Bethlehem-Easton, PA-NJ",0.0,no cell in the extract: territory at zero opportunity
ifa_pa_k4t,18707,ifa,PA,IFA,IFA_04,IFA,,42079,42540,4251384,"IFA Philadelphia-Camden-Wilmington, PA-NJ-DE-MD / Allentown-Bethlehem-Easton, PA-NJ",0.867506,
ifa_pa_k4t,18708,ifa,PA,IFA,IFA_04,IFA,,42079,42540,4212864,"IFA Philadelphia-Camden-Wilmington, PA-NJ-DE-MD / Allentown-Bethlehem-Easton, PA-NJ",0.0397725,
ifa_pa_k4t,18709,ifa,PA,IFA,IFA_04,IFA,,42079,42540,4245568,"IFA Philadelphia-Camden-Wilmington, PA-NJ-DE-MD / Allentown-Bethlehem-Easton, PA-NJ",0.938466,
ifa_pa_k4t,18801,ifa,PA,IFA,IFA_04,IFA,,42115,,4250736,"IFA Philadelphia-Camden-Wilmington, PA-NJ-DE-MD / Allentown-Bethlehem-Easton, PA-NJ",0.0,no cell in the extract: territory at zero opportunity
ifa_pa_k4t,18810,ifa,PA,IFA,IFA_04,IFA,,42015,42380,4231208,"IFA Philadelphia-Camden-Wilmington, PA-NJ-DE-MD / Allentown-Bethlehem-Easton, PA-NJ",0.0,no cell in the extract: territory at zero opportunity
ifa_pa_k4t,18812,ifa,PA,IFA,IFA_04,IFA,,42115,,4241832,"IFA Philadelphia-Camden-Wilmington, PA-NJ-DE-MD / Allentown-Bethlehem-Easton, PA-NJ",0.0,no cell in the extract: territory at zero opportunity
ifa_pa_k4t,18814,ifa,PA,IFA,IFA_04,IFA,,42015,42380,4210240,"IFA Philadelphia-Camden-Wilmington, PA-NJ-DE-MD / Allentown-Bethlehem-Easton, PA-NJ",0.0,no cell in the extract: territory at zero opportunity
ifa_pa_k4t,18816,ifa,PA,IFA,IFA_04,IFA,,42115,,,"IFA Philadelphia-Camden-Wilmington, PA-NJ-DE-MD / Allentown-Bethlehem-Easton, PA-NJ",0.0,no cell in the extract: territory at zero opportunity
ifa_pa_k4t,18817,ifa,PA,IFA,IFA_04,IFA,,42015,42380,4221848,"IFA Philadelphia-Camden-Wilmington, PA-NJ-DE-MD / Allentown-Bethlehem-Easton, PA-NJ",0.0,no cell in the extract: territory at zero opportunity
ifa_pa_k4t,18818,ifa,PA,IFA,IFA_04,IFA,,42115,,4227968,"IFA Philadelphia-Camden-Wilmington, PA-NJ-DE-MD / Allentown-Bethlehem-Easton, PA-NJ",0.0,no cell in the extract: territory at zero opportunity
ifa_pa_k4t,18820,ifa,PA,IFA,IFA_04,IFA,,42115,,,"IFA Philadelphia-Camden-Wilmington, PA-NJ-DE-MD / Allentown-Bethlehem-Easton, PA-NJ",0.0,no cell in the extract: territory at zero opportunity
ifa_pa_k4t,18821,ifa,PA,IFA,IFA_04,IFA,,42115,,4230728,"IFA Philadelphia-Camden-Wilmington, PA-NJ-DE-MD / Allentown-Bethlehem-Easton, PA-NJ",0.0,no cell in the extract: territory at zero opportunity
ifa_pa_k4t,18822,ifa,PA,IFA,IFA_04,IFA,,42115,,4232080,"IFA Philadelphia-Camden-Wilmington, PA-NJ-DE-MD / Allentown-Bethlehem-Easton, PA-NJ",0.0660565,
ifa_pa_k4t,18823,ifa,PA,IFA,IFA_04,IFA,,42115,,4232560,"IFA Philadelphia-Camden-Wilmington, PA-NJ-DE-MD / Allentown-Bethlehem-Easton, PA-NJ",0.0,no cell in the extract: territory at zero opportunity
ifa_pa_k4t,18824,ifa,PA,IFA,IFA_04,IFA,,42115,,4235624,"IFA Philadelphia-Camden-Wilmington, PA-NJ-DE-MD / Allentown-Bethlehem-Easton, PA-NJ",0.0,no cell in the extract: territory at zero opportunity
ifa_pa_k4t,18825,ifa,PA,IFA,IFA_04,IFA,,42115,,,"IFA Philadelphia-Camden-Wilmington, PA-NJ-DE-MD / Allentown-Bethlehem-Easton, PA-NJ",0.0,no cell in the extract: territory at zero opportunity
ifa_pa_k4t,18826,ifa,PA,IFA,IFA_04,IFA,,42115,,4232560,"IFA Philadelphia-Camden-Wilmington, PA-NJ-DE-MD / Allentown-Bethlehem-Easton, PA-NJ",0.0,no cell in the extract: territory at zero opportunity
ifa_pa_k4t,18828,ifa,PA,IFA,IFA_04,IFA,,42115,,,"IFA Philadelphia-Camden-Wilmington, PA-NJ-DE-MD / Allentown-Bethlehem-Easton, PA-NJ",0.0,no cell in the extract: territory at zero opportunity
ifa_pa_k4t,18829,ifa,PA,IFA,IFA_04,IFA,,42015,42380,4242824,"IFA Philadelphia-Camden-Wilmington, PA-NJ-DE-MD / Allentown-Bethlehem-Easton, PA-NJ",0.0,no cell in the extract: territory at zero opportunity
ifa_pa_k4t,18830,ifa,PA,IFA,IFA_04,IFA,,42115,,4243928,"IFA Philadelphia-Camden-Wilmington, PA-NJ-DE-MD / Allentown-Bethlehem-Easton, PA-NJ",0.0,no cell in the extract: territory at zero opportunity
ifa_pa_k4t,18831,ifa,PA,IFA,IFA_04,IFA,,42015,42380,4221848,"IFA Philadelphia-Camden-Wilmington, PA-NJ-DE-MD / Allentown-Bethlehem-Easton, PA-NJ",0.0,no cell in the extract: territory at zero opportunity
ifa_pa_k4t,18832,ifa,PA,IFA,IFA_04,IFA,,42015,42380,4250432,"IFA Philadelphia-Camden-Wilmington, PA-NJ-DE-MD / Allentown-Bethlehem-Easton, PA-NJ",0.0,no cell in the extract: territory at zero opportunity
ifa_pa_k4t,18833,ifa,PA,IFA,IFA_04,IFA,,42015,42380,4253152,"IFA Philadelphia-Camden-Wilmington, PA-NJ-DE-MD / Allentown-Bethlehem-Easton, PA-NJ",0.0,no cell in the extract: territory at zero opportunity
ifa_pa_k4t,18834,ifa,PA,IFA,IFA_04,IFA,,42115,,4253880,"IFA Philadelphia-Camden-Wilmington, PA-NJ-DE-MD / Allentown-Bethlehem-Easton, PA-NJ",0.0,no cell in the extract: territory at zero opportunity
ifa_pa_k4t,18837,ifa,PA,IFA,IFA_04,IFA,,42015,42380,4265944,"IFA Philadelphia-Camden-Wilmington, PA-NJ-DE-MD / Allentown-Bethlehem-Easton, PA-NJ",0.0,no cell in the extract: territory at zero opportunity
ifa_pa_k4t,18840,ifa,PA,IFA,IFA_04,IFA,,42015,42380,4268096,"IFA Philadelphia-Camden-Wilmington, PA-NJ-DE-MD / Allentown-Bethlehem-Easton, PA-NJ",2.83271,
ifa_pa_k4t,18842,ifa,PA,IFA,IFA_04,IFA,,42115,,,"IFA Philadelphia-Camden-Wilmington, PA-NJ-DE-MD / Allentown-Bethlehem-Easton, PA-NJ",0.0,no cell in the extract: territory at zero opportunity
ifa_pa_k4t,18843,ifa,PA,IFA,IFA_04,IFA,,42115,,4272352,"IFA Philadelphia-Camden-Wilmington, PA-NJ-DE-MD / Allentown-Bethlehem-Easton, PA-NJ",0.0,no cell in the extract: territory at zero opportunity
ifa_pa_k4t,18844,ifa,PA,IFA,IFA_04,IFA,,42115,,4273432,"IFA Philadelphia-Camden-Wilmington, PA-NJ-DE-MD / Allentown-Bethlehem-Easton, PA-NJ",0.0,no cell in the extract: territory at zero opportunity
ifa_pa_k4t,18845,ifa,PA,IFA,IFA_04,IFA,,42015,42380,,"IFA Philadelphia-Camden-Wilmington, PA-NJ-DE-MD / Allentown-Bethlehem-Easton, PA-NJ",0.0,no cell in the extract: territory at zero opportunity
ifa_pa_k4t,18846,ifa,PA,IFA,IFA_04,IFA,,42015,42380,,"IFA Philadelphia-Camden-Wilmington, PA-NJ-DE-MD / Allentown-Bethlehem-Easton, PA-NJ",0.0,no cell in the extract: territory at zero opportunity
ifa_pa_k4t,18847,ifa,PA,IFA,IFA_04,IFA,,42115,,4241336,"IFA Philadelphia-Camden-Wilmington, PA-NJ-DE-MD / Allentown-Bethlehem-Easton, PA-NJ",0.0,no cell in the extract: territory at zero opportunity
ifa_pa_k4t,18848,ifa,PA,IFA,IFA_04,IFA,,42015,42380,4277168,"IFA Philadelphia-Camden-Wilmington, PA-NJ-DE-MD / Allentown-Bethlehem-Easton, PA-NJ",1.09764,
ifa_pa_k4t,18850,ifa,PA,IFA,IFA_04,IFA,,42015,42380,4278224,"IFA Philadelphia-Camden-Wilmington, PA-NJ-DE-MD / Allentown-Bethlehem-Easton, PA-NJ",0.0,no cell in the extract: territory at zero opportunity
ifa_pa_k4t,18851,ifa,PA,IFA,IFA_04,IFA,,42015,42380,,"IFA Philadelphia-Camden-Wilmington, PA-NJ-DE-MD / Allentown-Bethlehem-Easton, PA-NJ",0.0,no cell in the extract: territory at zero opportunity
ifa_pa_k4t,18853,ifa,PA,IFA,IFA_04,IFA,,42015,42380,4286656,"IFA Philadelphia-Camden-Wilmington, PA-NJ-DE-MD / Allentown-Bethlehem-Easton, PA-NJ",0.0,no cell in the extract: territory at zero opportunity
ifa_pa_k4t,18854,ifa,PA,IFA,IFA_04,IFA,,42015,42380,4265944,"IFA Philadelphia-Camden-Wilmington, PA-NJ-DE-MD / Allentown-Bethlehem-Easton, PA-NJ",0.0,no cell in the extract: territory at zero opportunity
ifa_pa_k4t,18901,ifa,PA,IFA,IFA_04,IFA,,42017,37980,4219784,"IFA Philadelphia-Camden-Wilmington, PA-NJ-DE-MD / Allentown-Bethlehem-Easton, PA-NJ",44.5614,
ifa_pa_k4t,18902,ifa,PA,IFA,IFA_04,IFA,,42017,37980,4261624,"IFA Philadelphia-Camden-Wilmington, PA-NJ-DE-MD / Allentown-Bethlehem-Easton, PA-NJ",5.60034,
ifa_pa_k4t,18912,ifa,PA,IFA,IFA_04,IFA,,42017,37980,,"IFA Philadelphia-Camden-Wilmington, PA-NJ-DE-MD / Allentown-Bethlehem-Easton, PA-NJ",0.0,no cell in the extract: territory at zero opportunity
ifa_pa_k4t,18913,ifa,PA,IFA,IFA_04,IFA,,42017,37980,,"IFA Philadelphia-Camden-Wilmington, PA-NJ-DE-MD / Allentown-Bethlehem-Easton, PA-NJ",0.0,no cell in the extract: territory at zero opportunity
ifa_pa_k4t,18914,ifa,PA,IFA,IFA_04,IFA,,42017,37980,4212504,"IFA Philadelphia-Camden-Wilmington, PA-NJ-DE-MD / Allentown-Bethlehem-Easton, PA-NJ",2.86742,
ifa_pa_k4t,18915,ifa,PA,IFA,IFA_04,IFA,,42091,37980,4250672,"IFA Philadelphia-Camden-Wilmington, PA-NJ-DE-MD / Allentown-Bethlehem-Easton, PA-NJ",3.29603,
ifa_pa_k4t,18917,ifa,PA,IFA,IFA_04,IFA,,42017,37980,4220104,"IFA Philadelphia-Camden-Wilmington, PA-NJ-DE-MD / Allentown-Bethlehem-Easton, PA-NJ",0.131671,
ifa_pa_k4t,18920,ifa,PA,IFA,IFA_04,IFA,,42017,37980,,"IFA Philadelphia-Camden-Wilmington, PA-NJ-DE-MD / Allentown-Bethlehem-Easton, PA-NJ",0.0,no cell in the extract: territory at zero opportunity
ifa_pa_k4t,18921,ifa,PA,IFA,IFA_04,IFA,,42017,37980,,"IFA Philadelphia-Camden-Wilmington, PA-NJ-DE-MD / Allentown-Bethlehem-Easton, PA-NJ",0.0,no cell in the extract: territory at zero opportunity
ifa_pa_k4t,18923,ifa,PA,IFA,IFA_04,IFA,,42017,37980,,"IFA Philadelphia-Camden-Wilmington, PA-NJ-DE-MD / Allentown-Bethlehem-Easton, PA-NJ",0.0,no cell in the extract: territory at zero opportunity
ifa_pa_k4t,18925,ifa,PA,IFA,IFA_04,IFA,,42017,37980,,"IFA Philadelphia-Camden-Wilmington, PA-NJ-DE-MD / Allentown-Bethlehem-Easton, PA-NJ",0.715906,
ifa_pa_k4t,18927,ifa,PA,IFA,IFA_04,IFA,,42017,37980,,"IFA Philadelphia-Camden-Wilmington, PA-NJ-DE-MD / Allentown-Bethlehem-Easton, PA-NJ",0.0,no cell in the extract: territory at zero opportunity
ifa_pa_k4t,18929,ifa,PA,IFA,IFA_04,IFA,,42017,37980,,"IFA Philadelphia-Camden-Wilmington, PA-NJ-DE-MD / Allentown-Bethlehem-Easton, PA-NJ",0.9995,
ifa_pa_k4t,18930,ifa,PA,IFA,IFA_04,IFA,,42017,37980,,"IFA Philadelphia-Camden-Wilmington, PA-NJ-DE-MD / Allentown-Bethlehem-Easton, PA-NJ",0.0,no cell in the extract: territory at zero opportunity
ifa_pa_k4t,18932,ifa,PA,IFA,IFA_04,IFA,,42017,37980,,"IFA Philadelphia-Camden-Wilmington, PA-NJ-DE-MD / Allentown-Bethlehem-Easton, PA-NJ",2.04899,
ifa_pa_k4t,18933,ifa,PA,IFA,IFA_04,IFA,,42017,37980,,"IFA Philadelphia-Camden-Wilmington, PA-NJ-DE-MD / Allentown-Bethlehem-Easton, PA-NJ",0.0,no cell in the extract: territory at zero opportunity
ifa_pa_k4t,18935,ifa,PA,IFA,IFA_04,IFA,,42017,37980,4249440,"IFA Philadelphia-Camden-Wilmington, PA-NJ-DE-MD / Allentown-Bethlehem-Easton, PA-NJ",0.0,no cell in the extract: territory at zero opportunity
ifa_pa_k4t,18936,ifa,PA,IFA,IFA_04,IFA,,42091,37980,4250672,"IFA Philadelphia-Camden-Wilmington, PA-NJ-DE-MD / Allentown-Bethlehem-Easton, PA-NJ",0.0,no cell in the extract: territory at zero opportunity
ifa_pa_k4t,18938,ifa,PA,IFA,IFA_04,IFA,,42017,37980,4253712,"IFA Philadelphia-Camden-Wilmington, PA-NJ-DE-MD / Allentown-Bethlehem-Easton, PA-NJ",1.4509,
ifa_pa_k4t,18940,ifa,PA,IFA,IFA_04,IFA,,42017,37980,4254268,"IFA Philadelphia-Camden-Wilmington, PA-NJ-DE-MD / Allentown-Bethlehem-Easton, PA-NJ",31.7268,
ifa_pa_k4t,18942,ifa,PA,IFA,IFA_04,IFA,,42017,37980,,"IFA Philadelphia-Camden-Wilmington, PA-NJ-DE-MD / Allentown-Bethlehem-Easton, PA-NJ",0.0,no cell in the extract: territory at zero opportunity
ifa_pa_k4t,18944,ifa,PA,IFA,IFA_04,IFA,,42017,37980,4259384,"IFA Philadelphia-Camden-Wilmington, PA-NJ-DE-MD / Allentown-Bethlehem-Easton, PA-NJ",1.11119,
ifa_pa_k4t,18946,ifa,PA,IFA,IFA_04,IFA,,42017,37980,,"IFA Philadelphia-Camden-Wilmington, PA-NJ-DE-MD / Allentown-Bethlehem-Easton, PA-NJ",0.0,no cell in the extract: territory at zero opportunity
ifa_pa_k4t,18947,ifa,PA,IFA,IFA_04,IFA,,42017,37980,4261624,"IFA Philadelphia-Camden-Wilmington, PA-NJ-DE-MD / Allentown-Bethlehem-Easton, PA-NJ",3.76395,
ifa_pa_k4t,18950,ifa,PA,IFA,IFA_04,IFA,,42017,37980,,"IFA Philadelphia-Camden-Wilmington, PA-NJ-DE-MD / Allentown-Bethlehem-Easton, PA-NJ",0.0,no cell in the extract: territory at zero opportunity
ifa_pa_k4t,18951,ifa,PA,IFA,IFA_04,IFA,,42017,37980,4263048,"IFA Philadelphia-Camden-Wilmington, PA-NJ-DE-MD / Allentown-Bethlehem-Easton, PA-NJ",0.373085,
ifa_pa_k4t,18954,ifa,PA,IFA,IFA_04,IFA,,42017,37980,4264464,"IFA Philadelphia-Camden-Wilmington, PA-NJ-DE-MD / Allentown-Bethlehem-Easton, PA-NJ",0.606061,
ifa_pa_k4t,18955,ifa,PA,IFA,IFA_04,IFA,,42017,37980,4264584,"IFA Philadelphia-Camden-Wilmington, PA-NJ-DE-MD / Allentown-Bethlehem-Easton, PA-NJ",0.0,no cell in the extract: territory at zero opportunity
ifa_pa_k4t,18960,ifa,PA,IFA,IFA_04,IFA,,42017,37980,4269248,"IFA Philadelphia-Camden-Wilmington, PA-NJ-DE-MD / Allentown-Bethlehem-Easton, PA-NJ",0.0,no cell in the extract: territory at zero opportunity
ifa_pa_k4t,18962,ifa,PA,IFA,IFA_04,IFA,,42017,37980,4270744,"IFA Philadelphia-Camden-Wilmington, PA-NJ-DE-MD / Allentown-Bethlehem-Easton, PA-NJ",0.0,no cell in the extract: territory at zero opportunity
ifa_pa_k4t,18964,ifa,PA,IFA,IFA_04,IFA,,42091,37980,4271856,"IFA Philadelphia-Camden-Wilmington, PA-NJ-DE-MD / Allentown-Bethlehem-Easton, PA-NJ",1.03994,
ifa_pa_k4t,18966,ifa,PA,IFA,IFA_01,IFA,,42017,37980,4213648,"IFA Philadelphia-Camden-Wilmington, PA-NJ-DE-MD",10.7457,
ifa_pa_k4t,18969,ifa,PA,IFA,IFA_04,IFA,,42091,37980,4276304,"IFA Philadelphia-Camden-Wilmington, PA-NJ-DE-MD / Allentown-Bethlehem-Easton, PA-NJ",0.0,no cell in the extract: territory at zero opportunity
ifa_pa_k4t,18970,ifa,PA,IFA,IFA_04,IFA,,42017,37980,4277704,"IFA Philadelphia-Camden-Wilmington, PA-NJ-DE-MD / Allentown-Bethlehem-Easton, PA-NJ",0.0,no cell in the extract: territory at zero opportunity
ifa_pa_k4t,18972,ifa,PA,IFA,IFA_04,IFA,,42017,37980,,"IFA Philadelphia-Camden-Wilmington, PA-NJ-DE-MD / Allentown-Bethlehem-Easton, PA-NJ",0.0,no cell in the extract: territory at zero opportunity
ifa_pa_k4t,18974,ifa,PA,IFA,IFA_04,IFA,,42017,37980,4280962,"IFA Philadelphia-Camden-Wilmington, PA-NJ-DE-MD / Allentown-Bethlehem-Easton, PA-NJ",10.4766,
ifa_pa_k4t,18976,ifa,PA,IFA,IFA_04,IFA,,42017,37980,,"IFA Philadelphia-Camden-Wilmington, PA-NJ-DE-MD / Allentown-Bethlehem-Easton, PA-NJ",7.36058,
ifa_pa_k4t,18977,ifa,PA,IFA,IFA_04,IFA,,42017,37980,,"IFA Philadelphia-Camden-Wilmington, PA-NJ-DE-MD / Allentown-Bethlehem-Easton, PA-NJ",0.316748,
ifa_pa_k4t,18980,ifa,PA,IFA,IFA_04,IFA,,42017,37980,,"IFA Philadelphia-Camden-Wilmington, PA-NJ-DE-MD / Allentown-Bethlehem-Easton, PA-NJ",0.0,no cell in the extract: territory at zero opportunity
ifa_pa_k4t,19001,ifa,PA,IFA,IFA_01,IFA,,42091,37980,4266256,"IFA Philadelphia-Camden-Wilmington, PA-NJ-DE-MD",0.0,no cell in the extract: territory at zero opportunity
ifa_pa_k4t,19002,ifa,PA,IFA,IFA_04,IFA,,42091,37980,4273264,"IFA Philadelphia-Camden-Wilmington, PA-NJ-DE-MD / Allentown-Bethlehem-Easton, PA-NJ",20.6884,
ifa_pa_k4t,19003,ifa,PA,IFA,IFA_01,IFA,,42045,37980,4202896,"IFA Philadelphia-Camden-Wilmington, PA-NJ-DE-MD",8.90029,
ifa_pa_k4t,19004,ifa,PA,IFA,IFA_01,IFA,,42091,37980,4203895,"IFA Philadelphia-Camden-Wilmington, PA-NJ-DE-MD",39.6798,
ifa_pa_k4t,19006,ifa,PA,IFA,IFA_01,IFA,,42091,37980,4209696,"IFA Philadelphia-Camden-Wilmington, PA-NJ-DE-MD",1.61621,
ifa_pa_k4t,19007,ifa,PA,IFA,IFA_01,IFA,,42017,37980,4208760,"IFA Philadelphia-Camden-Wilmington, PA-NJ-DE-MD",0.0,no cell in the extract: territory at zero opportunity
ifa_pa_k4t,19008,ifa,PA,IFA,IFA_01,IFA,,42045,37980,4209248,"IFA Philadelphia-Camden-Wilmington, PA-NJ-DE-MD",20.891,
ifa_pa_k4t,19009,ifa,PA,IFA,IFA_01,IFA,,42091,37980,4209696,"IFA Philadelphia-Camden-Wilmington, PA-NJ-DE-MD",0.0,no cell in the extract: territory at zero opportunity
ifa_pa_k4t,19010,ifa,PA,IFA,IFA_01,IFA,,42045,37980,4209728,"IFA Philadelphia-Camden-Wilmington, PA-NJ-DE-MD",2.50652,
ifa_pa_k4t,19012,ifa,PA,IFA,IFA_01,IFA,,42091,37980,4256048,"IFA Philadelphia-Camden-Wilmington, PA-NJ-DE-MD",0.0,no cell in the extract: territory at zero opportunity
ifa_pa_k4t,19013,ifa,PA,IFA,IFA_01,IFA,,42045,37980,4213208,"IFA Philadelphia-Camden-Wilmington, PA-NJ-DE-MD",0.0,no cell in the extract: territory at zero opportunity
ifa_pa_k4t,19014,ifa,PA,IFA,IFA_01,IFA,,42045,37980,4280218,"IFA Philadelphia-Camden-Wilmington, PA-NJ-DE-MD",0.0804646,
ifa_pa_k4t,19015,ifa,PA,IFA,IFA_01,IFA,,42045,37980,4209080,"IFA Philadelphia-Camden-Wilmington, PA-NJ-DE-MD",0.0,no cell in the extract: territory at zero opportunity
ifa_pa_k4t,19017,ifa,PA,IFA,IFA_01,IFA,,42045,37980,4213232,"IFA Philadelphia-Camden-Wilmington, PA-NJ-DE-MD",0.0,no cell in the extract: territory at zero opportunity
ifa_pa_k4t,19018,ifa,PA,IFA,IFA_01,IFA,,42045,37980,4214264,"IFA Philadelphia-Camden-Wilmington, PA-NJ-DE-MD",0.0,no cell in the extract: territory at zero opportunity
ifa_pa_k4t,19020,ifa,PA,IFA,IFA_01,IFA,,42017,37980,4202424,"IFA Philadelphia-Camden-Wilmington, PA-NJ-DE-MD",1.47853,
ifa_pa_k4t,19021,ifa,PA,IFA,IFA_01,IFA,,42017,37980,4217448,"IFA Philadelphia-Camden-Wilmington, PA-NJ-DE-MD",0.0334089,
ifa_pa_k4t,19022,ifa,PA,IFA,IFA_01,IFA,,42045,37980,4222296,"IFA Philadelphia-Camden-Wilmington, PA-NJ-DE-MD",6.70008e-05,
ifa_pa_k4t,19023,ifa,PA,IFA,IFA_01,IFA,,42045,37980,4215232,"IFA Philadelphia-Camden-Wilmington, PA-NJ-DE-MD",0.0,no cell in the extract: territory at zero opportunity
ifa_pa_k4t,19025,ifa,PA,IFA,IFA_04,IFA,,42091,37980,4226872,"IFA Philadelphia-Camden-Wilmington, PA-NJ-DE-MD / Allentown-Bethlehem-Easton, PA-NJ",0.0,no cell in the extract: territory at zero opportunity
ifa_pa_k4t,19026,ifa,PA,IFA,IFA_01,IFA,,42045,37980,4219920,"IFA Philadelphia-Camden-Wilmington, PA-NJ-DE-MD",0.0,no cell in the extract: territory at zero opportunity
ifa_pa_k4t,19027,ifa,PA,IFA,IFA_01,IFA,,42091,37980,4223128,"IFA Philadelphia-Camden-Wilmington, PA-NJ-DE-MD",0.0,no cell in the extract: territory at zero opportunity
ifa_pa_k4t,19029,ifa,PA,IFA,IFA_01,IFA,,42045,37980,,"IFA Philadelphia-Camden-Wilmington, PA-NJ-DE-MD",0.0,no cell in the extract: territory at zero opportunity
ifa_pa_k4t,19030,ifa,PA,IFA,IFA_01,IFA,,42017,37980,4224712,"IFA Philadelphia-Camden-Wilmington, PA-NJ-DE-MD",0.0,no cell in the extract: territory at zero opportunity
ifa_pa_k4t,19031,ifa,PA,IFA,IFA_01,IFA,,42091,37980,4226376,"IFA Philadelphia-Camden-Wilmington, PA-NJ-DE-MD",0.0795451,
ifa_pa_k4t,19032,ifa,PA,IFA,IFA_01,IFA,,42045,37980,4226408,"IFA Philadelphia-Camden-Wilmington, PA-NJ-DE-MD",0.0,no cell in the extract: territory at zero opportunity
ifa_pa_k4t,19033,ifa,PA,IFA,IFA_01,IFA,,42045,37980,4226432,"IFA Philadelphia-Camden-Wilmington, PA-NJ-DE-MD",6.95791,
ifa_pa_k4t,19034,ifa,PA,IFA,IFA_01,IFA,,42091,37980,4226872,"IFA Philadelphia-Camden-Wilmington, PA-NJ-DE-MD",3.83608,
ifa_pa_k4t,19035,ifa,PA,IFA,IFA_01,IFA,,42091,37980,,"IFA Philadelphia-Camden-Wilmington, PA-NJ-DE-MD",0.0,no cell in the extract: territory at zero opportunity
ifa_pa_k4t,19036,ifa,PA,IFA,IFA_01,IFA,,42045,37980,4229720,"IFA Philadelphia-Camden-Wilmington, PA-NJ-DE-MD",0.0,no cell in the extract: territory at zero opportunity
ifa_pa_k4t,19038,ifa,PA,IFA,IFA_01,IFA,,42091,37980,4286776,"IFA Philadelphia-Camden-Wilmington, PA-NJ-DE-MD",4.63972,
ifa_pa_k4t,19040,ifa,PA,IFA,IFA_04,IFA,,42091,37980,4235800,"IFA Philadelphia-Camden-Wilmington, PA-NJ-DE-MD / Allentown-Bethlehem-Easton, PA-NJ",0.429993,
ifa_pa_k4t,19041,ifa,PA,IFA,IFA_01,IFA,,42045,37980,4233154,"IFA Philadelphia-Camden-Wilmington, PA-NJ-DE-MD",0.000381816,
ifa_pa_k4t,19043,ifa,PA,IFA,IFA_01,IFA,,42045,37980,,"IFA Philadelphia-Camden-Wilmington, PA-NJ-DE-MD",0.0,no cell in the extract: territory at zero opportunity
ifa_pa_k4t,19044,ifa,PA,IFA,IFA_04,IFA,,42091,37980,4235800,"IFA Philadelphia-Camden-Wilmington, PA-NJ-DE-MD / Allentown-Bethlehem-Easton, PA-NJ",107.306,
ifa_pa_k4t,19046,ifa,PA,IFA,IFA_01,IFA,,42091,37980,4238000,"IFA Philadelphia-Camden-Wilmington, PA-NJ-DE-MD",7.79772,
ifa_pa_k4t,19047,ifa,PA,IFA,IFA_01,IFA,,42017,37980,4286112,"IFA Philadelphia-Camden-Wilmington, PA-NJ-DE-MD",18.0,
ifa_pa_k4t,19050,ifa,PA,IFA,IFA_01,IFA,,42045,37980,4286968,"IFA Philadelphia-Camden-Wilmington, PA-NJ-DE-MD",0.0,no cell in the extract: territory at zero opportunity
ifa_pa_k4t,19052,ifa,PA,IFA,IFA_01,IFA,,42045,37980,,"IFA Philadelphia-Camden-Wilmington, PA-NJ-DE-MD",0.0,no cell in the extract: territory at zero opportunity
ifa_pa_k4t,19053,ifa,PA,IFA,IFA_01,IFA,,42017,37980,4277456,"IFA Philadelphia-Camden-Wilmington, PA-NJ-DE-MD",3.87285,
ifa_pa_k4t,19054,ifa,PA,IFA,IFA_01,IFA,,42017,37980,4242928,"IFA Philadelphia-Camden-Wilmington, PA-NJ-DE-MD",0.0,no cell in the extract: territory at zero opportunity
ifa_pa_k4t,19055,ifa,PA,IFA,IFA_01,IFA,,42017,37980,4242928,"IFA Philadelphia-Camden-Wilmington, PA-NJ-DE-MD",0.0,no cell in the extract: territory at zero opportunity
ifa_pa_k4t,19056,ifa,PA,IFA,IFA_01,IFA,,42017,37980,4242928,"IFA Philadelphia-Camden-Wilmington, PA-NJ-DE-MD",0.017677,
ifa_pa_k4t,19057,ifa,PA,IFA,IFA_01,IFA,,42017,37980,4242928,"IFA Philadelphia-Camden-Wilmington, PA-NJ-DE-MD",0.0,no cell in the extract: territory at zero opportunity
ifa_pa_k4t,19060,ifa,PA,IFA,IFA_01,IFA,,42045,37980,4213232,"IFA Philadelphia-Camden-Wilmington, PA-NJ-DE-MD",0.0757681,
ifa_pa_k4t,19061,ifa,PA,IFA,IFA_01,IFA,,42045,37980,4207616,"IFA Philadelphia-Camden-Wilmington, PA-NJ-DE-MD",0.0,no cell in the extract: territory at zero opportunity
ifa_pa_k4t,19063,ifa,PA,IFA,IFA_01,IFA,,42045,37980,4243272,"IFA Philadelphia-Camden-Wilmington, PA-NJ-DE-MD",25.671,
ifa_pa_k4t,19064,ifa,PA,IFA,IFA_01,IFA,,42045,37980,,"IFA Philadelphia-Camden-Wilmington, PA-NJ-DE-MD",0.278826,
ifa_pa_k4t,19066,ifa,PA,IFA,IFA_01,IFA,,42091,37980,4248768,"IFA Philadelphia-Camden-Wilmington, PA-NJ-DE-MD",0.0,no cell in the extract: territory at zero opportunity
ifa_pa_k4t,19067,ifa,PA,IFA,IFA_01,IFA,,42017,37980,4251144,"IFA Philadelphia-Camden-Wilmington, PA-NJ-DE-MD",76.1343,
ifa_pa_k4t,19070,ifa,PA,IFA,IFA_01,IFA,,42045,37980,4251176,"IFA Philadelphia-Camden-Wilmington, PA-NJ-DE-MD",0.0,no cell in the extract: territory at zero opportunity
ifa_pa_k4t,19072,ifa,PA,IFA,IFA_01,IFA,,42091,37980,4252664,"IFA Philadelphia-Camden-Wilmington, PA-NJ-DE-MD",1.45969,
ifa_pa_k4t,19073,ifa,PA,IFA,IFA_01,IFA,,42045,37980,,"IFA Philadelphia-Camden-Wilmington, PA-NJ-DE-MD",349.461,
ifa_pa_k4t,19074,ifa,PA,IFA,IFA_01,IFA,,42045,37980,4255664,"IFA Philadelphia-Camden-Wilmington, PA-NJ-DE-MD",0.123164,
ifa_pa_k4t,19075,ifa,PA,IFA,IFA_01,IFA,,42091,37980,4257024,"IFA Philadelphia-Camden-Wilmington, PA-NJ-DE-MD",0.0,no cell in the extract: territory at zero opportunity
ifa_pa_k4t,19076,ifa,PA,IFA,IFA_01,IFA,,42045,37980,4262792,"IFA Philadelphia-Camden-Wilmington, PA-NJ-DE-MD",0.0,no cell in the extract: territory at zero opportunity
ifa_pa_k4t,19078,ifa,PA,IFA,IFA_01,IFA,,42045,37980,4264832,"IFA Philadelphia-Camden-Wilmington, PA-NJ-DE-MD",0.0,no cell in the extract: territory at zero opportunity
ifa_pa_k4t,19079,ifa,PA,IFA,IFA_01,IFA,,42045,37980,4269752,"IFA Philadelphia-Camden-Wilmington, PA-NJ-DE-MD",0.0,no cell in the extract: territory at zero opportunity
ifa_pa_k4t,19081,ifa,PA,IFA,IFA_01,IFA,,42045,37980,4275648,"IFA Philadelphia-Camden-Wilmington, PA-NJ-DE-MD",0.0,no cell in the extract: territory at zero opportunity
ifa_pa_k4t,19082,ifa,PA,IFA,IFA_01,IFA,,42045,37980,4249504,"IFA Philadelphia-Camden-Wilmington, PA-NJ-DE-MD",0.0,no cell in the extract: territory at zero opportunity
ifa_pa_k4t,19083,ifa,PA,IFA,IFA_01,IFA,,42045,37980,4259312,"IFA Philadelphia-Camden-Wilmington, PA-NJ-DE-MD",2.3133,
ifa_pa_k4t,19085,ifa,PA,IFA,IFA_01,IFA,,42045,37980,4280248,"IFA Philadelphia-Camden-Wilmington, PA-NJ-DE-MD",0.0,no cell in the extract: territory at zero opportunity
ifa_pa_k4t,19086,ifa,PA,IFA,IFA_01,IFA,,42045,37980,4266192,"IFA Philadelphia-Camden-Wilmington, PA-NJ-DE-MD",0.185969,
ifa_pa_k4t,19087,ifa,PA,IFA,IFA_01,IFA,,42029,37980,4281752,"IFA Philadelphia-Camden-Wilmington, PA-NJ-DE-MD",79.2402,
ifa_pa_k4t,19090,ifa,PA,IFA,IFA_01,IFA,,42091,37980,4285408,"IFA Philadelphia-Camden-Wilmington, PA-NJ-DE-MD",0.0,no cell in the extract: territory at zero opportunity
ifa_pa_k4t,19094,ifa,PA,IFA,IFA_01,IFA,,42045,37980,4286288,"IFA Philadelphia-Camden-Wilmington, PA-NJ-DE-MD",0.0207354,
ifa_pa_k4t,19095,ifa,PA,IFA,IFA_01,IFA,,42091,37980,4286744,"IFA Philadelphia-Camden-Wilmington, PA-NJ-DE-MD",0.000954541,
ifa_pa_k4t,19096,ifa,PA,IFA,IFA_01,IFA,,42091,37980,4259312,"IFA Philadelphia-Camden-Wilmington, PA-NJ-DE-MD",2.33387,
ifa_pa_k4t,19102,ifa,PA,IFA,IFA_01,IFA,,42101,37980,4260000,"IFA Philadelphia-Camden-Wilmington, PA-NJ-DE-MD",0.302519,
ifa_pa_k4t,19103,ifa,PA,IFA,IFA_01,IFA,,42101,37980,4260000,"IFA Philadelphia-Camden-Wilmington, PA-NJ-DE-MD",44.751,
ifa_pa_k4t,19104,ifa,PA,IFA,IFA_01,IFA,,42101,37980,4260000,"IFA Philadelphia-Camden-Wilmington, PA-NJ-DE-MD",0.0,no cell in the extract: territory at zero opportunity
ifa_pa_k4t,19106,ifa,PA,IFA,IFA_01,IFA,,42101,37980,4260000,"IFA Philadelphia-Camden-Wilmington, PA-NJ-DE-MD",9.32251,
ifa_pa_k4t,19107,ifa,PA,IFA,IFA_01,IFA,,42101,37980,4260000,"IFA Philadelphia-Camden-Wilmington, PA-NJ-DE-MD",0.0,no cell in the extract: territory at zero opportunity
ifa_pa_k4t,19108,ifa,PA,IFA,IFA_01,IFA,,42101,37980,4260000,"IFA Philadelphia-Camden-Wilmington, PA-NJ-DE-MD",0.0,no cell in the extract: territory at zero opportunity
ifa_pa_k4t,19109,ifa,PA,IFA,IFA_01,IFA,,42101,37980,4260000,"IFA Philadelphia-Camden-Wilmington, PA-NJ-DE-MD",8.6884,
ifa_pa_k4t,19111,ifa,PA,IFA,IFA_01,IFA,,42101,37980,4260000,"IFA Philadelphia-Camden-Wilmington, PA-NJ-DE-MD",0.0,no cell in the extract: territory at zero opportunity
ifa_pa_k4t,19112,ifa,PA,IFA,IFA_01,IFA,,42101,37980,4260000,"IFA Philadelphia-Camden-Wilmington, PA-NJ-DE-MD",0.0,no cell in the extract: territory at zero opportunity
ifa_pa_k4t,19113,ifa,PA,IFA,IFA_01,IFA,,42045,37980,,"IFA Philadelphia-Camden-Wilmington, PA-NJ-DE-MD",0.0,no cell in the extract: territory at zero opportunity
ifa_pa_k4t,19114,ifa,PA,IFA,IFA_01,IFA,,42101,37980,4260000,"IFA Philadelphia-Camden-Wilmington, PA-NJ-DE-MD",0.0,no cell in the extract: territory at zero opportunity
ifa_pa_k4t,19115,ifa,PA,IFA,IFA_01,IFA,,42101,37980,4260000,"IFA Philadelphia-Camden-Wilmington, PA-NJ-DE-MD",0.577336,
ifa_pa_k4t,19116,ifa,PA,IFA,IFA_01,IFA,,42101,37980,4260000,"IFA Philadelphia-Camden-Wilmington, PA-NJ-DE-MD",0.0,no cell in the extract: territory at zero opportunity
ifa_pa_k4t,19118,ifa,PA,IFA,IFA_01,IFA,,42101,37980,4260000,"IFA Philadelphia-Camden-Wilmington, PA-NJ-DE-MD",0.0,no cell in the extract: territory at zero opportunity
ifa_pa_k4t,19119,ifa,PA,IFA,IFA_01,IFA,,42101,37980,4260000,"IFA Philadelphia-Camden-Wilmington, PA-NJ-DE-MD",0.0,no cell in the extract: territory at zero opportunity
ifa_pa_k4t,19120,ifa,PA,IFA,IFA_01,IFA,,42101,37980,4260000,"IFA Philadelphia-Camden-Wilmington, PA-NJ-DE-MD",0.0,no cell in the extract: territory at zero opportunity
ifa_pa_k4t,19121,ifa,PA,IFA,IFA_01,IFA,,42101,37980,4260000,"IFA Philadelphia-Camden-Wilmington, PA-NJ-DE-MD",0.0,no cell in the extract: territory at zero opportunity
ifa_pa_k4t,19122,ifa,PA,IFA,IFA_01,IFA,,42101,37980,4260000,"IFA Philadelphia-Camden-Wilmington, PA-NJ-DE-MD",0.505604,
ifa_pa_k4t,19123,ifa,PA,IFA,IFA_01,IFA,,42101,37980,4260000,"IFA Philadelphia-Camden-Wilmington, PA-NJ-DE-MD",0.690103,
ifa_pa_k4t,19124,ifa,PA,IFA,IFA_01,IFA,,42101,37980,4260000,"IFA Philadelphia-Camden-Wilmington, PA-NJ-DE-MD",0.0,no cell in the extract: territory at zero opportunity
ifa_pa_k4t,19125,ifa,PA,IFA,IFA_01,IFA,,42101,37980,4260000,"IFA Philadelphia-Camden-Wilmington, PA-NJ-DE-MD",0.985434,
ifa_pa_k4t,19126,ifa,PA,IFA,IFA_01,IFA,,42101,37980,4260000,"IFA Philadelphia-Camden-Wilmington, PA-NJ-DE-MD",0.0,no cell in the extract: territory at zero opportunity
ifa_pa_k4t,19127,ifa,PA,IFA,IFA_01,IFA,,42101,37980,4260000,"IFA Philadelphia-Camden-Wilmington, PA-NJ-DE-MD",0.0,no cell in the extract: territory at zero opportunity
ifa_pa_k4t,19128,ifa,PA,IFA,IFA_01,IFA,,42101,37980,4260000,"IFA Philadelphia-Camden-Wilmington, PA-NJ-DE-MD",0.0,no cell in the extract: territory at zero opportunity
ifa_pa_k4t,19129,ifa,PA,IFA,IFA_01,IFA,,42101,37980,4260000,"IFA Philadelphia-Camden-Wilmington, PA-NJ-DE-MD",0.0,no cell in the extract: territory at zero opportunity
ifa_pa_k4t,19130,ifa,PA,IFA,IFA_01,IFA,,42101,37980,4260000,"IFA Philadelphia-Camden-Wilmington, PA-NJ-DE-MD",0.0,no cell in the extract: territory at zero opportunity
ifa_pa_k4t,19131,ifa,PA,IFA,IFA_01,IFA,,42101,37980,4260000,"IFA Philadelphia-Camden-Wilmington, PA-NJ-DE-MD",0.0,no cell in the extract: territory at zero opportunity
ifa_pa_k4t,19132,ifa,PA,IFA,IFA_01,IFA,,42101,37980,4260000,"IFA Philadelphia-Camden-Wilmington, PA-NJ-DE-MD",0.0,no cell in the extract: territory at zero opportunity
ifa_pa_k4t,19133,ifa,PA,IFA,IFA_01,IFA,,42101,37980,4260000,"IFA Philadelphia-Camden-Wilmington, PA-NJ-DE-MD",0.0,no cell in the extract: territory at zero opportunity
ifa_pa_k4t,19134,ifa,PA,IFA,IFA_01,IFA,,42101,37980,4260000,"IFA Philadelphia-Camden-Wilmington, PA-NJ-DE-MD",0.0,no cell in the extract: territory at zero opportunity
ifa_pa_k4t,19135,ifa,PA,IFA,IFA_01,IFA,,42101,37980,4260000,"IFA Philadelphia-Camden-Wilmington, PA-NJ-DE-MD",0.0,no cell in the extract: territory at zero opportunity
ifa_pa_k4t,19136,ifa,PA,IFA,IFA_01,IFA,,42101,37980,4260000,"IFA Philadelphia-Camden-Wilmington, PA-NJ-DE-MD",0.0,no cell in the extract: territory at zero opportunity
ifa_pa_k4t,19137,ifa,PA,IFA,IFA_01,IFA,,42101,37980,4260000,"IFA Philadelphia-Camden-Wilmington, PA-NJ-DE-MD",0.0,no cell in the extract: territory at zero opportunity
ifa_pa_k4t,19138,ifa,PA,IFA,IFA_01,IFA,,42101,37980,4260000,"IFA Philadelphia-Camden-Wilmington, PA-NJ-DE-MD",0.0,no cell in the extract: territory at zero opportunity
ifa_pa_k4t,19139,ifa,PA,IFA,IFA_01,IFA,,42101,37980,4260000,"IFA Philadelphia-Camden-Wilmington, PA-NJ-DE-MD",0.0,no cell in the extract: territory at zero opportunity
ifa_pa_k4t,19140,ifa,PA,IFA,IFA_01,IFA,,42101,37980,4260000,"IFA Philadelphia-Camden-Wilmington, PA-NJ-DE-MD",0.0,no cell in the extract: territory at zero opportunity
ifa_pa_k4t,19141,ifa,PA,IFA,IFA_01,IFA,,42101,37980,4260000,"IFA Philadelphia-Camden-Wilmington, PA-NJ-DE-MD",0.0,no cell in the extract: territory at zero opportunity
ifa_pa_k4t,19142,ifa,PA,IFA,IFA_01,IFA,,42101,37980,4260000,"IFA Philadelphia-Camden-Wilmington, PA-NJ-DE-MD",0.0,no cell in the extract: territory at zero opportunity
ifa_pa_k4t,19143,ifa,PA,IFA,IFA_01,IFA,,42101,37980,4260000,"IFA Philadelphia-Camden-Wilmington, PA-NJ-DE-MD",0.0,no cell in the extract: territory at zero opportunity
ifa_pa_k4t,19144,ifa,PA,IFA,IFA_01,IFA,,42101,37980,4260000,"IFA Philadelphia-Camden-Wilmington, PA-NJ-DE-MD",0.0,no cell in the extract: territory at zero opportunity
ifa_pa_k4t,19145,ifa,PA,IFA,IFA_01,IFA,,42101,37980,4260000,"IFA Philadelphia-Camden-Wilmington, PA-NJ-DE-MD",1.50273,
ifa_pa_k4t,19146,ifa,PA,IFA,IFA_01,IFA,,42101,37980,4260000,"IFA Philadelphia-Camden-Wilmington, PA-NJ-DE-MD",0.12104,
ifa_pa_k4t,19147,ifa,PA,IFA,IFA_01,IFA,,42101,37980,4260000,"IFA Philadelphia-Camden-Wilmington, PA-NJ-DE-MD",0.210778,
ifa_pa_k4t,19148,ifa,PA,IFA,IFA_01,IFA,,42101,37980,4260000,"IFA Philadelphia-Camden-Wilmington, PA-NJ-DE-MD",0.0,no cell in the extract: territory at zero opportunity
ifa_pa_k4t,19149,ifa,PA,IFA,IFA_01,IFA,,42101,37980,4260000,"IFA Philadelphia-Camden-Wilmington, PA-NJ-DE-MD",0.0,no cell in the extract: territory at zero opportunity
ifa_pa_k4t,19150,ifa,PA,IFA,IFA_01,IFA,,42101,37980,4260000,"IFA Philadelphia-Camden-Wilmington, PA-NJ-DE-MD",0.0,no cell in the extract: territory at zero opportunity
ifa_pa_k4t,19151,ifa,PA,IFA,IFA_01,IFA,,42101,37980,4260000,"IFA Philadelphia-Camden-Wilmington, PA-NJ-DE-MD",0.0,no cell in the extract: territory at zero opportunity
ifa_pa_k4t,19152,ifa,PA,IFA,IFA_01,IFA,,42101,37980,4260000,"IFA Philadelphia-Camden-Wilmington, PA-NJ-DE-MD",0.0,no cell in the extract: territory at zero opportunity
ifa_pa_k4t,19153,ifa,PA,IFA,IFA_01,IFA,,42101,37980,4260000,"IFA Philadelphia-Camden-Wilmington, PA-NJ-DE-MD",0.0,no cell in the extract: territory at zero opportunity
ifa_pa_k4t,19154,ifa,PA,IFA,IFA_01,IFA,,42101,37980,4260000,"IFA Philadelphia-Camden-Wilmington, PA-NJ-DE-MD",0.0,no cell in the extract: territory at zero opportunity
ifa_pa_k4t,19301,ifa,PA,IFA,IFA_03,IFA,,42029,37980,4257816,"IFA Philadelphia-Camden-Wilmington, PA-NJ-DE-MD / Harrisburg-Carlisle, PA",3.35327,
ifa_pa_k4t,19310,ifa,PA,IFA,IFA_03,IFA,,42029,37980,4203384,"IFA Philadelphia-Camden-Wilmington, PA-NJ-DE-MD / Harrisburg-Carlisle, PA",0.0,no cell in the extract: territory at zero opportunity
ifa_pa_k4t,19311,ifa,PA,IFA,IFA_03,IFA,,42029,37980,4277144,"IFA Philadelphia-Camden-Wilmington, PA-NJ-DE-MD / Harrisburg-Carlisle, PA",0.0,no cell in the extract: territory at zero opportunity
ifa_pa_k4t,19312,ifa,PA,IFA,IFA_03,IFA,,42029,37980,4205904,"IFA Philadelphia-Camden-Wilmington, PA-NJ-DE-MD / Harrisburg-Carlisle, PA",28.0429,
ifa_pa_k4t,19316,ifa,PA,IFA,IFA_03,IFA,,42029,37980,,"IFA Philadelphia-Camden-Wilmington, PA-NJ-DE-MD / Harrisburg-Carlisle, PA",0.0,no cell in the extract: territory at zero opportunity
ifa_pa_k4t,19317,ifa,PA,IFA,IFA_03,IFA,,42029,37980,4212440,"IFA Philadelphia-Camden-Wilmington, PA-NJ-DE-MD / Harrisburg-Carlisle, PA",4.1891,
ifa_pa_k4t,19319,ifa,PA,IFA,IFA_03,IFA,,42045,37980,4213418,"IFA Philadelphia-Camden-Wilmington, PA-NJ-DE-MD / Harrisburg-Carlisle, PA",0.0,no cell in the extract: territory at zero opportunity
ifa_pa_k4t,19320,ifa,PA,IFA,IFA_03,IFA,,42029,37980,4214712,"IFA Philadelphia-Camden-Wilmington, PA-NJ-DE-MD / Harrisburg-Carlisle, PA",7.49572,
ifa_pa_k4t,19330,ifa,PA,IFA,IFA_03,IFA,,42029,37980,4214808,"IFA Philadelphia-Camden-Wilmington, PA-NJ-DE-MD / Harrisburg-Carlisle, PA",0.0,no cell in the extract: territory at zero opportunity
ifa_pa_k4t,19333,ifa,PA,IFA,IFA_03,IFA,,42029,37980,4219040,"IFA Philadelphia-Camden-Wilmington, PA-NJ-DE-MD / Harrisburg-Carlisle, PA",17.4189,
ifa_pa_k4t,19335,ifa,PA,IFA,IFA_03,IFA,,42029,37980,4219752,"IFA Philadelphia-Camden-Wilmington, PA-NJ-DE-MD / Harrisburg-Carlisle, PA",16.6257,
ifa_pa_k4t,19341,ifa,PA,IFA,IFA_03,IFA,,42029,37980,4224440,"IFA Philadelphia-Camden-Wilmington, PA-NJ-DE-MD / Harrisburg-Carlisle, PA",56.0513,
ifa_pa_k4t,19342,ifa,PA,IFA,IFA_03,IFA,,42045,37980,4213232,"IFA Philadelphia-Camden-Wilmington, PA-NJ-DE-MD / Harrisburg-Carlisle, PA",1.47228,
ifa_pa_k4t,19343,ifa,PA,IFA,IFA_03,IFA,,42029,37980,4229704,"IFA Philadelphia-Camden-Wilmington, PA-NJ-DE-MD / Harrisburg-Carlisle, PA",0.600366,
ifa_pa_k4t,19344,ifa,PA,IFA,IFA_03,IFA,,42029,37980,4235528,"IFA Philadelphia-Camden-Wilmington, PA-NJ-DE-MD / Harrisburg-Carlisle, PA",0.0,no cell in the extract: territory at zero opportunity
ifa_pa_k4t,19345,ifa,PA,IFA,IFA_03,IFA,,42029,37980,,"IFA Philadelphia-Camden-Wilmington, PA-NJ-DE-MD / Harrisburg-Carlisle, PA",0.0,no cell in the extract: territory at zero opportunity
ifa_pa_k4t,19348,ifa,PA,IFA,IFA_03,IFA,,42029,37980,4239352,"IFA Philadelphia-Camden-Wilmington, PA-NJ-DE-MD / Harrisburg-Carlisle, PA",4.4939,
ifa_pa_k4t,19350,ifa,PA,IFA,IFA_03,IFA,,42029,37980,,"IFA Philadelphia-Camden-Wilmington, PA-NJ-DE-MD / Harrisburg-Carlisle, PA",0.0,no cell in the extract: territory at zero opportunity
ifa_pa_k4t,19352,ifa,PA,IFA,IFA_03,IFA,,42029,37980,4243544,"IFA Philadelphia-Camden-Wilmington, PA-NJ-DE-MD / Harrisburg-Carlisle, PA",0.0851132,
ifa_pa_k4t,19355,ifa,PA,IFA,IFA_03,IFA,,42029,37980,4227616,"IFA Philadelphia-Camden-Wilmington, PA-NJ-DE-MD / Harrisburg-Carlisle, PA",7.44286,
ifa_pa_k4t,19358,ifa,PA,IFA,IFA_03,IFA,,42029,37980,4250232,"IFA Philadelphia-Camden-Wilmington, PA-NJ-DE-MD / Harrisburg-Carlisle, PA",0.0,no cell in the extract: territory at zero opportunity
ifa_pa_k4t,19362,ifa,PA,IFA,IFA_03,IFA,,42029,37980,4255704,"IFA Philadelphia-Camden-Wilmington, PA-NJ-DE-MD / Harrisburg-Carlisle, PA",0.0,no cell in the extract: territory at zero opportunity
ifa_pa_k4t,19363,ifa,PA,IFA,IFA_03,IFA,,42029,37980,4257480,"IFA Philadelphia-Camden-Wilmington, PA-NJ-DE-MD / Harrisburg-Carlisle, PA",0.0,no cell in the extract: territory at zero opportunity
ifa_pa_k4t,19365,ifa,PA,IFA,IFA_03,IFA,,42029,37980,4258032,"IFA Philadelphia-Camden-Wilmington, PA-NJ-DE-MD / Harrisburg-Carlisle, PA",0.121032,
ifa_pa_k4t,19367,ifa,PA,IFA,IFA_03,IFA,,42029,37980,4261968,"IFA Philadelphia-Camden-Wilmington, PA-NJ-DE-MD / Harrisburg-Carlisle, PA",0.0,no cell in the extract: territory at zero opportunity
ifa_pa_k4t,19369,ifa,PA,IFA,IFA_03,IFA,,42029,37980,4267104,"IFA Philadelphia-Camden-Wilmington, PA-NJ-DE-MD / Harrisburg-Carlisle, PA",0.0,no cell in the extract: territory at zero opportunity
ifa_pa_k4t,19372,ifa,PA,IFA,IFA_03,IFA,,42029,37980,4276584,"IFA Philadelphia-Camden-Wilmington, PA-NJ-DE-MD / Harrisburg-Carlisle, PA",0.0,no cell in the extract: territory at zero opportunity
ifa_pa_k4t,19373,ifa,PA,IFA,IFA_03,IFA,,42045,37980,4213418,"IFA Philadelphia-Camden-Wilmington, PA-NJ-DE-MD / Harrisburg-Carlisle, PA",0.0,no cell in the extract: territory at zero opportunity
ifa_pa_k4t,19374,ifa,PA,IFA,IFA_03,IFA,,42029,37980,4277144,"IFA Philadelphia-Camden-Wilmington, PA-NJ-DE-MD / Harrisburg-Carlisle, PA",0.0,no cell in the extract: territory at zero opportunity
ifa_pa_k4t,19375,ifa,PA,IFA,IFA_03,IFA,,42029,37980,4278624,"IFA Philadelphia-Camden-Wilmington, PA-NJ-DE-MD / Harrisburg-Carlisle, PA",0.0,no cell in the extract: territory at zero opportunity
ifa_pa_k4t,19380,ifa,PA,IFA,IFA_03,IFA,,42029,37980,4282704,"IFA Philadelphia-Camden-Wilmington, PA-NJ-DE-MD / Harrisburg-Carlisle, PA",37.1597,
ifa_pa_k4t,19382,ifa,PA,IFA,IFA_03,IFA,,42029,37980,4282704,"IFA Philadelphia-Camden-Wilmington, PA-NJ-DE-MD / Harrisburg-Carlisle, PA",30.2145,
ifa_pa_k4t,19383,ifa,PA,IFA,IFA_03,IFA,,42029,37980,4282704,"IFA Philadelphia-Camden-Wilmington, PA-NJ-DE-MD / Harrisburg-Carlisle, PA",0.0,no cell in the extract: territory at zero opportunity
ifa_pa_k4t,19390,ifa,PA,IFA,IFA_03,IFA,,42029,37980,4283104,"IFA Philadelphia-Camden-Wilmington, PA-NJ-DE-MD / Harrisburg-Carlisle, PA",0.0,no cell in the extract: territory at zero opportunity
ifa_pa_k4t,19401,ifa,PA,IFA,IFA_04,IFA,,42091,37980,4254656,"IFA Philadelphia-Camden-Wilmington, PA-NJ-DE-MD / Allentown-Bethlehem-Easton, PA-NJ",0.0861147,
ifa_pa_k4t,19403,ifa,PA,IFA,IFA_04,IFA,,42091,37980,4203544,"IFA Philadelphia-Camden-Wilmington, PA-NJ-DE-MD / Allentown-Bethlehem-Easton, PA-NJ",8.86475,
ifa_pa_k4t,19405,ifa,PA,IFA,IFA_04,IFA,,42091,37980,4208568,"IFA Philadelphia-Camden-Wilmington, PA-NJ-DE-MD / Allentown-Bethlehem-Easton, PA-NJ",0.0,no cell in the extract: territory at zero opportunity
ifa_pa_k4t,19406,ifa,PA,IFA,IFA_03,IFA,,42091,37980,4239736,"IFA Philadelphia-Camden-Wilmington, PA-NJ-DE-MD / Harrisburg-Carlisle, PA",68.6769,
ifa_pa_k4t,19422,ifa,PA,IFA,IFA_04,IFA,,42091,37980,4207224,"IFA Philadelphia-Camden-Wilmington, PA-NJ-DE-MD / Allentown-Bethlehem-Easton, PA-NJ",34.1469,
ifa_pa_k4t,19425,ifa,PA,IFA,IFA_03,IFA,,42029,37980,4220600,"IFA Philadelphia-Camden-Wilmington, PA-NJ-DE-MD / Harrisburg-Carlisle, PA",1.63339,
ifa_pa_k4t,19426,ifa,PA,IFA,IFA_04,IFA,,42091,37980,4277304,"IFA Philadelphia-Camden-Wilmington, PA-NJ-DE-MD / Allentown-Bethlehem-Easton, PA-NJ",8.25074,
ifa_pa_k4t,19428,ifa,PA,IFA,IFA_01,IFA,,42091,37980,4215848,"IFA Philadelphia-Camden-Wilmington, PA-NJ-DE-MD",48.2601,
ifa_pa_k4t,19435,ifa,PA,IFA,IFA_04,IFA,,42091,37980,,"IFA Philadelphia-Camden-Wilmington, PA-NJ-DE-MD / Allentown-Bethlehem-Easton, PA-NJ",0.0,no cell in the extract: territory at zero opportunity
ifa_pa_k4t,19436,ifa,PA,IFA,IFA_04,IFA,,42091,37980,,"IFA Philadelphia-Camden-Wilmington, PA-NJ-DE-MD / Allentown-Bethlehem-Easton, PA-NJ",0.0,no cell in the extract: territory at zero opportunity
ifa_pa_k4t,19437,ifa,PA,IFA,IFA_04,IFA,,42091,37980,,"IFA Philadelphia-Camden-Wilmington, PA-NJ-DE-MD / Allentown-Bethlehem-Easton, PA-NJ",0.0,no cell in the extract: territory at zero opportunity
ifa_pa_k4t,19438,ifa,PA,IFA,IFA_04,IFA,,42091,37980,4232616,"IFA Philadelphia-Camden-Wilmington, PA-NJ-DE-MD / Allentown-Bethlehem-Easton, PA-NJ",25.096,
ifa_pa_k4t,19440,ifa,PA,IFA,IFA_04,IFA,,42091,37980,4233112,"IFA Philadelphia-Camden-Wilmington, PA-NJ-DE-MD / Allentown-Bethlehem-Easton, PA-NJ",0.960628,
ifa_pa_k4t,19442,ifa,PA,IFA,IFA_03,IFA,,42029,37980,4239648,"IFA Philadelphia-Camden-Wilmington, PA-NJ-DE-MD / Harrisburg-Carlisle, PA",0.0,no cell in the extract: territory at zero opportunity
ifa_pa_k4t,19444,ifa,PA,IFA,IFA_01,IFA,,42091,37980,4260000,"IFA Philadelphia-Camden-Wilmington, PA-NJ-DE-MD",1.5909,
ifa_pa_k4t,19446,ifa,PA,IFA,IFA_04,IFA,,42091,37980,4241432,"IFA Philadelphia-Camden-Wilmington, PA-NJ-DE-MD / Allentown-Bethlehem-Easton, PA-NJ",16.285,
ifa_pa_k4t,19453,ifa,PA,IFA,IFA_03,IFA,,42091,37980,4250560,"IFA Philadelphia-Camden-Wilmington, PA-NJ-DE-MD / Harrisburg-Carlisle, PA",0.0,no cell in the extract: territory at zero opportunity
ifa_pa_k4t,19454,ifa,PA,IFA,IFA_04,IFA,,42091,37980,4250672,"IFA Philadelphia-Camden-Wilmington, PA-NJ-DE-MD / Allentown-Bethlehem-Easton, PA-NJ",6.79916,
ifa_pa_k4t,19456,ifa,PA,IFA,IFA_04,IFA,,42091,37980,4256160,"IFA Philadelphia-Camden-Wilmington, PA-NJ-DE-MD / Allentown-Bethlehem-Easton, PA-NJ",0.0,no cell in the extract: territory at zero opportunity
ifa_pa_k4t,19457,ifa,PA,IFA,IFA_04,IFA,,42029,37980,,"IFA Philadelphia-Camden-Wilmington, PA-NJ-DE-MD / Allentown-Bethlehem-Easton, PA-NJ",0.0,no cell in the extract: territory at zero opportunity
ifa_pa_k4t,19460,ifa,PA,IFA,IFA_03,IFA,,42029,37980,4260120,"IFA Philadelphia-Camden-Wilmington, PA-NJ-DE-MD / Harrisburg-Carlisle, PA",9.43119,
ifa_pa_k4t,19462,ifa,PA,IFA,IFA_01,IFA,,42091,37980,4261688,"IFA Philadelphia-Camden-Wilmington, PA-NJ-DE-MD",46.4636,
ifa_pa_k4t,19464,ifa,PA,IFA,IFA_04,IFA,,42091,37980,4262416,"IFA Philadelphia-Camden-Wilmington, PA-NJ-DE-MD / Allentown-Bethlehem-Easton, PA-NJ",15.3664,
ifa_pa_k4t,19465,ifa,PA,IFA,IFA_04,IFA,,42029,37980,4239272,"IFA Philadelphia-Camden-Wilmington, PA-NJ-DE-MD / Allentown-Bethlehem-Easton, PA-NJ",0.0359169,
ifa_pa_k4t,19468,ifa,PA,IFA,IFA_04,IFA,,42091,37980,4266576,"IFA Philadelphia-Camden-Wilmington, PA-NJ-DE-MD / Allentown-Bethlehem-Easton, PA-NJ",13.4045,
ifa_pa_k4t,19472,ifa,PA,IFA,IFA_04,IFA,,42091,37980,,"IFA Philadelphia-Camden-Wilmington, PA-NJ-DE-MD / Allentown-Bethlehem-Easton, PA-NJ",0.0,no cell in the extract: territory at zero opportunity
ifa_pa_k4t,19473,ifa,PA,IFA,IFA_04,IFA,,42091,37980,4271008,"IFA Philadelphia-Camden-Wilmington, PA-NJ-DE-MD / Allentown-Bethlehem-Easton, PA-NJ",0.0,no cell in the extract: territory at zero opportunity
ifa_pa_k4t,19474,ifa,PA,IFA,IFA_04,IFA,,42091,37980,4271008,"IFA Philadelphia-Camden-Wilmington, PA-NJ-DE-MD / Allentown-Bethlehem-Easton, PA-NJ",0.280372,
ifa_pa_k4t,19475,ifa,PA,IFA,IFA_03,IFA,,42029,37980,4272920,"IFA Philadelphia-Camden-Wilmington, PA-NJ-DE-MD / Harrisburg-Carlisle, PA",0.0,no cell in the extract: territory at zero opportunity
ifa_pa_k4t,19477,ifa,PA,IFA,IFA_04,IFA,,42091,37980,4273264,"IFA Philadelphia-Camden-Wilmington, PA-NJ-DE-MD / Allentown-Bethlehem-Easton, PA-NJ",0.0,no cell in the extract: territory at zero opportunity
ifa_pa_k4t,19490,ifa,PA,IFA,IFA_04,IFA,,42091,37980,,"IFA Philadelphia-Camden-Wilmington, PA-NJ-DE-MD / Allentown-Bethlehem-Easton, PA-NJ",0.0,no cell in the extract: territory at zero opportunity
ifa_pa_k4t,19492,ifa,PA,IFA,IFA_04,IFA,,42091,37980,,"IFA Philadelphia-Camden-Wilmington, PA-NJ-DE-MD / Allentown-Bethlehem-Easton, PA-NJ",0.0,no cell in the extract: territory at zero opportunity
ifa_pa_k4t,19501,ifa,PA,IFA,IFA_03,IFA,,42071,29540,4200364,"IFA Philadelphia-Camden-Wilmington, PA-NJ-DE-MD / Harrisburg-Carlisle, PA",0.0,no cell in the extract: territory at zero opportunity
ifa_pa_k4t,19503,ifa,PA,IFA,IFA_04,IFA,,42011,39740,4203984,"IFA Philadelphia-Camden-Wilmington, PA-NJ-DE-MD / Allentown-Bethlehem-Easton, PA-NJ",0.0,no cell in the extract: territory at zero opportunity
ifa_pa_k4t,19504,ifa,PA,IFA,IFA_04,IFA,,42011,39740,4234008,"IFA Philadelphia-Camden-Wilmington, PA-NJ-DE-MD / Allentown-Bethlehem-Easton, PA-NJ",0.0,no cell in the extract: territory at zero opportunity
ifa_pa_k4t,19505,ifa,PA,IFA,IFA_04,IFA,,42011,39740,4204896,"IFA Philadelphia-Camden-Wilmington, PA-NJ-DE-MD / Allentown-Bethlehem-Easton, PA-NJ",0.0,no cell in the extract: territory at zero opportunity
ifa_pa_k4t,19506,ifa,PA,IFA,IFA_04,IFA,,42011,39740,4254064,"IFA Philadelphia-Camden-Wilmington, PA-NJ-DE-MD / Allentown-Bethlehem-Easton, PA-NJ",0.0,no cell in the extract: territory at zero opportunity
ifa_pa_k4t,19507,ifa,PA,IFA,IFA_03,IFA,,42011,39740,4206000,"IFA Philadelphia-Camden-Wilmington, PA-NJ-DE-MD / Harrisburg-Carlisle, PA",0.0,no cell in the extract: territory at zero opportunity
ifa_pa_k4t,19508,ifa,PA,IFA,IFA_03,IFA,,42011,39740,4206504,"IFA Philadelphia-Camden-Wilmington, PA-NJ-DE-MD / Harrisburg-Carlisle, PA",0.0577926,
ifa_pa_k4t,19510,ifa,PA,IFA,IFA_04,IFA,,42011,39740,4206984,"IFA Philadelphia-Camden-Wilmington, PA-NJ-DE-MD / Allentown-Bethlehem-Easton, PA-NJ",1.51599,
ifa_pa_k4t,19511,ifa,PA,IFA,IFA_04,IFA,,42011,39740,4207800,"IFA Philadelphia-Camden-Wilmington, PA-NJ-DE-MD / Allentown-Bethlehem-Easton, PA-NJ",0.0,no cell in the extract: territory at zero opportunity
ifa_pa_k4t,19512,ifa,PA,IFA,IFA_04,IFA,,42011,39740,4253208,"IFA Philadelphia-Camden-Wilmington, PA-NJ-DE-MD / Allentown-Bethlehem-Easton, PA-NJ",0.654122,
ifa_pa_k4t,19516,ifa,PA,IFA,IFA_04,IFA,,42011,39740,4212104,"IFA Philadelphia-Camden-Wilmington, PA-NJ-DE-MD / Allentown-Bethlehem-Easton, PA-NJ",0.0,no cell in the extract: territory at zero opportunity
ifa_pa_k4t,19518,ifa,PA,IFA,IFA_04,IFA,,42011,39740,4202349,"IFA Philadelphia-Camden-Wilmington, PA-NJ-DE-MD / Allentown-Bethlehem-Easton, PA-NJ",0.64678,
ifa_pa_k4t,19520,ifa,PA,IFA,IFA_03,IFA,,42029,37980,4223440,"IFA Philadelphia-Camden-Wilmington, PA-NJ-DE-MD / Harrisburg-Carlisle, PA",0.0,no cell in the extract: territory at zero opportunity
ifa_pa_k4t,19522,ifa,PA,IFA,IFA_04,IFA,,42011,39740,4253728,"IFA Philadelphia-Camden-Wilmington, PA-NJ-DE-MD / Allentown-Bethlehem-Easton, PA-NJ",0.199433,
ifa_pa_k4t,19523,ifa,PA,IFA,IFA_03,IFA,,42011,39740,,"IFA Philadelphia-Camden-Wilmington, PA-NJ-DE-MD / Harrisburg-Carlisle, PA",0.0,no cell in the extract: territory at zero opportunity
ifa_pa_k4t,19525,ifa,PA,IFA,IFA_04,IFA,,42091,37980,4229096,"IFA Philadelphia-Camden-Wilmington, PA-NJ-DE-MD / Allentown-Bethlehem-Easton, PA-NJ",0.45122,
ifa_pa_k4t,19526,ifa,PA,IFA,IFA_04,IFA,,42011,39740,4283120,"IFA Philadelphia-Camden-Wilmington, PA-NJ-DE-MD / Allentown-Bethlehem-Easton, PA-NJ",0.0,no cell in the extract: territory at zero opportunity
ifa_pa_k4t,19529,ifa,PA,IFA,IFA_04,IFA,,42011,39740,4239224,"IFA Philadelphia-Camden-Wilmington, PA-NJ-DE-MD / Allentown-Bethlehem-Easton, PA-NJ",0.0,no cell in the extract: territory at zero opportunity
ifa_pa_k4t,19530,ifa,PA,IFA,IFA_04,IFA,,42011,39740,4240656,"IFA Philadelphia-Camden-Wilmington, PA-NJ-DE-MD / Allentown-Bethlehem-Easton, PA-NJ",0.000795451,
ifa_pa_k4t,19533,ifa,PA,IFA,IFA_04,IFA,,42011,39740,4242352,"IFA Philadelphia-Camden-Wilmington, PA-NJ-DE-MD / Allentown-Bethlehem-Easton, PA-NJ",2.45512,
ifa_pa_k4t,19534,ifa,PA,IFA,IFA_04,IFA,,42011,39740,4242688,"IFA Philadelphia-Camden-Wilmington, PA-NJ-DE-MD / Allentown-Bethlehem-Easton, PA-NJ",0.0,no cell in the extract: territory at zero opportunity
ifa_pa_k4t,19535,ifa,PA,IFA,IFA_04,IFA,,42011,39740,,"IFA Philadelphia-Camden-Wilmington, PA-NJ-DE-MD / Allentown-Bethlehem-Easton, PA-NJ",0.0,no cell in the extract: territory at zero opportunity
ifa_pa_k4t,19536,ifa,PA,IFA,IFA_04,IFA,,42011,39740,4245752,"IFA Philadelphia-Camden-Wilmington, PA-NJ-DE-MD / Allentown-Bethlehem-Easton, PA-NJ",0.0,no cell in the extract: territory at zero opportunity
ifa_pa_k4t,19538,ifa,PA,IFA,IFA_04,IFA,,42011,39740,4248120,"IFA Philadelphia-Camden-Wilmington, PA-NJ-DE-MD / Allentown-Bethlehem-Easton, PA-NJ",0.0,no cell in the extract: territory at zero opportunity
ifa_pa_k4t,19539,ifa,PA,IFA,IFA_04,IFA,,42011,39740,4248824,"IFA Philadelphia-Camden-Wilmington, PA-NJ-DE-MD / Allentown-Bethlehem-Easton, PA-NJ",0.0,no cell in the extract: territory at zero opportunity
ifa_pa_k4t,19540,ifa,PA,IFA,IFA_03,IFA,,42011,39740,4200924,"IFA Philadelphia-Camden-Wilmington, PA-NJ-DE-MD / Harrisburg-Carlisle, PA",0.0,no cell in the extract: territory at zero opportunity
ifa_pa_k4t,19541,ifa,PA,IFA,IFA_04,IFA,,42011,39740,4218256,"IFA Philadelphia-Camden-Wilmington, PA-NJ-DE-MD / Allentown-Bethlehem-Easton, PA-NJ",0.0795451,
ifa_pa_k4t,19543,ifa,PA,IFA,IFA_03,IFA,,42011,39740,4253916,"IFA Philadelphia-Camden-Wilmington, PA-NJ-DE-MD / Harrisburg-Carlisle, PA",0.0,no cell in the extract: territory at zero opportunity
ifa_pa_k4t,19544,ifa,PA,IFA,IFA_03,IFA,,42011,39740,4251320,"IFA Philadelphia-Camden-Wilmington, PA-NJ-DE-MD / Harrisburg-Carlisle, PA",0.0,no cell in the extract: territory at zero opportunity
ifa_pa_k4t,19545,ifa,PA,IFA,IFA_04,IFA,,42011,39740,4253208,"IFA Philadelphia-Camden-Wilmington, PA-NJ-DE-MD / Allentown-Bethlehem-Easton, PA-NJ",0.0,no cell in the extract: territory at zero opportunity
ifa_pa_k4t,19547,ifa,PA,IFA,IFA_04,IFA,,42011,39740,4256664,"IFA Philadelphia-Camden-Wilmington, PA-NJ-DE-MD / Allentown-Bethlehem-Easton, PA-NJ",0.0,no cell in the extract: territory at zero opportunity
ifa_pa_k4t,19549,ifa,PA,IFA,IFA_04,IFA,,42107,39060,4262136,"IFA Philadelphia-Camden-Wilmington, PA-NJ-DE-MD / Allentown-Bethlehem-Easton, PA-NJ",0.0,no cell in the extract: territory at zero opportunity
ifa_pa_k4t,19550,ifa,PA,IFA,IFA_03,IFA,,42011,39740,4264056,"IFA Philadelphia-Camden-Wilmington, PA-NJ-DE-MD / Harrisburg-Carlisle, PA",0.0,no cell in the extract: territory at zero opportunity
ifa_pa_k4t,19551,ifa,PA,IFA,IFA_03,IFA,,42011,39740,4265336,"IFA Philadelphia-Camden-Wilmington, PA-NJ-DE-MD / Harrisburg-Carlisle, PA",0.0,no cell in the extract: territory at zero opportunity
ifa_pa_k4t,19554,ifa,PA,IFA,IFA_04,IFA,,42011,39740,4269816,"IFA Philadelphia-Camden-Wilmington, PA-NJ-DE-MD / Allentown-Bethlehem-Easton, PA-NJ",0.0,no cell in the extract: territory at zero opportunity
ifa_pa_k4t,19555,ifa,PA,IFA,IFA_04,IFA,,42011,39740,4270464,"IFA Philadelphia-Camden-Wilmington, PA-NJ-DE-MD / Allentown-Bethlehem-Easton, PA-NJ",0.0,no cell in the extract: territory at zero opportunity
ifa_pa_k4t,19559,ifa,PA,IFA,IFA_03,IFA,,42011,39740,4274744,"IFA Philadelphia-Camden-Wilmington, PA-NJ-DE-MD / Harrisburg-Carlisle, PA",0.0,no cell in the extract: territory at zero opportunity
ifa_pa_k4t,19560,ifa,PA,IFA,IFA_04,IFA,,42011,39740,4276320,"IFA Philadelphia-Camden-Wilmington, PA-NJ-DE-MD / Allentown-Bethlehem-Easton, PA-NJ",1.4392,
ifa_pa_k4t,19562,ifa,PA,IFA,IFA_04,IFA,,42011,39740,4277104,"IFA Philadelphia-Camden-Wilmington, PA-NJ-DE-MD / Allentown-Bethlehem-Easton, PA-NJ",0.0,no cell in the extract: territory at zero opportunity
ifa_pa_k4t,19564,ifa,PA,IFA,IFA_04,IFA,,42011,39740,4280336,"IFA Philadelphia-Camden-Wilmington, PA-NJ-DE-MD / Allentown-Bethlehem-Easton, PA-NJ",0.0,no cell in the extract: territory at zero opportunity
ifa_pa_k4t,19565,ifa,PA,IFA,IFA_04,IFA,,42011,39740,4282296,"IFA Philadelphia-Camden-Wilmington, PA-NJ-DE-MD / Allentown-Bethlehem-Easton, PA-NJ",0.0047727,
ifa_pa_k4t,19567,ifa,PA,IFA,IFA_03,IFA,,42011,39740,4274568,"IFA Philadelphia-Camden-Wilmington, PA-NJ-DE-MD / Harrisburg-Carlisle, PA",0.241613,
ifa_pa_k4t,19601,ifa,PA,IFA,IFA_04,IFA,,42011,39740,4263624,"IFA Philadelphia-Camden-Wilmington, PA-NJ-DE-MD / Allentown-Bethlehem-Easton, PA-NJ",0.0,no cell in the extract: territory at zero opportunity
ifa_pa_k4t,19602,ifa,PA,IFA,IFA_03,IFA,,42011,39740,4263624,"IFA Philadelphia-Camden-Wilmington, PA-NJ-DE-MD / Harrisburg-Carlisle, PA",0.0,no cell in the extract: territory at zero opportunity
ifa_pa_k4t,19604,ifa,PA,IFA,IFA_04,IFA,,42011,39740,4263624,"IFA Philadelphia-Camden-Wilmington, PA-NJ-DE-MD / Allentown-Bethlehem-Easton, PA-NJ",0.367477,
ifa_pa_k4t,19605,ifa,PA,IFA,IFA_04,IFA,,42011,39740,4265192,"IFA Philadelphia-Camden-Wilmington, PA-NJ-DE-MD / Allentown-Bethlehem-Easton, PA-NJ",0.0,no cell in the extract: territory at zero opportunity
ifa_pa_k4t,19606,ifa,PA,IFA,IFA_04,IFA,,42011,39740,4264072,"IFA Philadelphia-Camden-Wilmington, PA-NJ-DE-MD / Allentown-Bethlehem-Easton, PA-NJ",11.6496,
ifa_pa_k4t,19607,ifa,PA,IFA,IFA_03,IFA,,42011,39740,4270248,"IFA Philadelphia-Camden-Wilmington, PA-NJ-DE-MD / Harrisburg-Carlisle, PA",5.41207,
ifa_pa_k4t,19608,ifa,PA,IFA,IFA_03,IFA,,42011,39740,4230192,"IFA Philadelphia-Camden-Wilmington, PA-NJ-DE-MD / Harrisburg-Carlisle, PA",4.01142,
ifa_pa_k4t,19609,ifa,PA,IFA,IFA_03,IFA,,42011,39740,4284280,"IFA Philadelphia-Camden-Wilmington, PA-NJ-DE-MD / Harrisburg-Carlisle, PA",1.49766,
ifa_pa_k4t,19610,ifa,PA,IFA,IFA_03,IFA,,42011,39740,4286880,"IFA Philadelphia-Camden-Wilmington, PA-NJ-DE-MD / Harrisburg-Carlisle, PA",34.7773,
ifa_pa_k4t,19611,ifa,PA,IFA,IFA_04,IFA,,42011,39740,4263624,"IFA Philadelphia-Camden-Wilmington, PA-NJ-DE-MD / Allentown-Bethlehem-Easton, PA-NJ",15.5082,
